2026-03-24 09:37:35 | INFO | ============================================================
2026-03-24 09:37:35 | INFO | FAST BASELINE EXPERIMENT (NO TUNING, PARALLEL)
2026-03-24 09:37:35 | INFO | ============================================================
2026-03-24 09:37:35 | INFO | 
Processing Dataset: data_ToNIoT.csv | Scaler: StandardScaler
2026-03-24 09:37:35 | INFO | --- Noise: 0% ---
2026-03-24 09:38:23 | INFO |   CBLOF: AUCROC=89.09754741229317%  Train=3.8460536003112793s
2026-03-24 09:38:23 | INFO |   KNN: AUCROC=98.38408910278882%  Train=2.112515687942505s
2026-03-24 09:38:23 | INFO |   LOF: AUCROC=96.77698429465774%  Train=1.911076545715332s
2026-03-24 09:38:23 | INFO |   HBOS: AUCROC=84.36688798293547%  Train=9.626290082931519s
2026-03-24 09:38:23 | INFO |   IForest: AUCROC=75.76761624102075%  Train=1.217045545578003s
2026-03-24 09:38:23 | INFO |   PCA: AUCROC=35.59766710545561%  Train=0.026038408279418945s
2026-03-24 09:38:23 | INFO |   OCSVM: AUCROC=20.561369960472884%  Train=15.325937509536743s
2026-03-24 09:38:23 | ERROR | Error with AutoEncoder on data_ToNIoT.csv: AutoEncoder.__init__() got an unexpected keyword argument 'epochs'
2026-03-24 09:38:23 | ERROR | Error with DIF on data_ToNIoT.csv: Cannot re-initialize CUDA in forked subprocess. To use CUDA with multiprocessing, you must use the 'spawn' start method
2026-03-24 09:38:23 | ERROR | Error with NeuTraLAD on data_ToNIoT.csv: Cannot re-initialize CUDA in forked subprocess. To use CUDA with multiprocessing, you must use the 'spawn' start method
2026-03-24 09:38:23 | ERROR | Error with DASVDD on data_ToNIoT.csv: Cannot re-initialize CUDA in forked subprocess. To use CUDA with multiprocessing, you must use the 'spawn' start method
2026-03-24 09:38:23 | INFO |   LODA: AUCROC=32.16442254885041%  Train=0.6627528667449951s
2026-03-24 09:38:23 | INFO |   COPOD: AUCROC=55.20805522085324%  Train=0.8216192722320557s
2026-03-24 09:38:23 | INFO |   ECOD: AUCROC=44.70543486924941%  Train=0.16785573959350586s
2026-03-24 09:38:23 | ERROR | Error with VAE on data_ToNIoT.csv: VAE.__init__() got an unexpected keyword argument 'epochs'
2026-03-24 09:38:23 | ERROR | Error with DeepSVDD on data_ToNIoT.csv: DeepSVDD.__init__() got an unexpected keyword argument 'device'
2026-03-24 09:38:23 | ERROR | Error with LUNAR on data_ToNIoT.csv: LUNAR.__init__() got an unexpected keyword argument 'n_neighbors'
2026-03-24 09:38:23 | ERROR | Error with AE1SVM on data_ToNIoT.csv: AE1SVM.__init__() got an unexpected keyword argument 'device'
2026-03-24 09:38:23 | ERROR | Error with DevNet on data_ToNIoT.csv: CUDA error: initialization error
CUDA kernel errors might be asynchronously reported at some other API call, so the stacktrace below might be incorrect.
For debugging consider passing CUDA_LAUNCH_BLOCKING=1
Compile with `TORCH_USE_CUDA_DSA` to enable device-side assertions.

2026-03-24 09:38:23 | ERROR | Error with ALAD on data_ToNIoT.csv: CUDA error: initialization error
CUDA kernel errors might be asynchronously reported at some other API call, so the stacktrace below might be incorrect.
For debugging consider passing CUDA_LAUNCH_BLOCKING=1
Compile with `TORCH_USE_CUDA_DSA` to enable device-side assertions.

2026-03-24 09:38:23 | INFO | --- Noise: 1% ---
2026-03-24 09:39:11 | INFO |   CBLOF: AUCROC=87.72525095580409%  Train=3.8185598850250244s
2026-03-24 09:39:11 | INFO |   KNN: AUCROC=95.73974888684069%  Train=2.1240270137786865s
2026-03-24 09:39:11 | INFO |   LOF: AUCROC=59.67828286873556%  Train=2.0034263134002686s
2026-03-24 09:39:11 | INFO |   HBOS: AUCROC=83.24036154042004%  Train=9.243813037872314s
2026-03-24 09:39:11 | INFO |   IForest: AUCROC=75.97058675961459%  Train=1.2333993911743164s
2026-03-24 09:39:11 | INFO |   PCA: AUCROC=35.391833237501416%  Train=0.026806354522705078s
2026-03-24 09:39:11 | INFO |   OCSVM: AUCROC=20.09951138619902%  Train=15.951993942260742s
2026-03-24 09:39:11 | ERROR | Error with AutoEncoder on data_ToNIoT.csv: AutoEncoder.__init__() got an unexpected keyword argument 'epochs'
2026-03-24 09:39:11 | ERROR | Error with DIF on data_ToNIoT.csv: Cannot re-initialize CUDA in forked subprocess. To use CUDA with multiprocessing, you must use the 'spawn' start method
2026-03-24 09:39:11 | ERROR | Error with NeuTraLAD on data_ToNIoT.csv: Cannot re-initialize CUDA in forked subprocess. To use CUDA with multiprocessing, you must use the 'spawn' start method
2026-03-24 09:39:11 | ERROR | Error with DASVDD on data_ToNIoT.csv: Cannot re-initialize CUDA in forked subprocess. To use CUDA with multiprocessing, you must use the 'spawn' start method
2026-03-24 09:39:11 | INFO |   LODA: AUCROC=30.9808999764999%  Train=0.967869758605957s
2026-03-24 09:39:11 | INFO |   COPOD: AUCROC=54.956955926862314%  Train=0.8184487819671631s
2026-03-24 09:39:11 | INFO |   ECOD: AUCROC=44.41264933592221%  Train=0.18113017082214355s
2026-03-24 09:39:11 | ERROR | Error with VAE on data_ToNIoT.csv: VAE.__init__() got an unexpected keyword argument 'epochs'
2026-03-24 09:39:11 | ERROR | Error with DeepSVDD on data_ToNIoT.csv: DeepSVDD.__init__() got an unexpected keyword argument 'device'
2026-03-24 09:39:11 | ERROR | Error with LUNAR on data_ToNIoT.csv: LUNAR.__init__() got an unexpected keyword argument 'n_neighbors'
2026-03-24 09:39:11 | ERROR | Error with AE1SVM on data_ToNIoT.csv: AE1SVM.__init__() got an unexpected keyword argument 'device'
2026-03-24 09:39:11 | ERROR | Error with DevNet on data_ToNIoT.csv: CUDA error: initialization error
CUDA kernel errors might be asynchronously reported at some other API call, so the stacktrace below might be incorrect.
For debugging consider passing CUDA_LAUNCH_BLOCKING=1
Compile with `TORCH_USE_CUDA_DSA` to enable device-side assertions.

2026-03-24 09:39:11 | ERROR | Error with ALAD on data_ToNIoT.csv: CUDA error: initialization error
CUDA kernel errors might be asynchronously reported at some other API call, so the stacktrace below might be incorrect.
For debugging consider passing CUDA_LAUNCH_BLOCKING=1
Compile with `TORCH_USE_CUDA_DSA` to enable device-side assertions.

2026-03-24 09:39:11 | INFO | --- Noise: 3% ---
2026-03-24 09:40:00 | INFO |   CBLOF: AUCROC=87.72803046835884%  Train=3.7890732288360596s
2026-03-24 09:40:00 | INFO |   KNN: AUCROC=90.0959841138282%  Train=2.2631123065948486s
2026-03-24 09:40:00 | INFO |   LOF: AUCROC=55.89584431273037%  Train=2.027533769607544s
2026-03-24 09:40:00 | INFO |   HBOS: AUCROC=81.82068358467606%  Train=9.384548664093018s
2026-03-24 09:40:00 | INFO |   IForest: AUCROC=74.19020900902574%  Train=1.245253086090088s
2026-03-24 09:40:00 | INFO |   PCA: AUCROC=34.98014293014537%  Train=0.026888608932495117s
2026-03-24 09:40:00 | INFO |   OCSVM: AUCROC=19.67121010561116%  Train=16.761165857315063s
2026-03-24 09:40:00 | ERROR | Error with AutoEncoder on data_ToNIoT.csv: AutoEncoder.__init__() got an unexpected keyword argument 'epochs'
2026-03-24 09:40:00 | ERROR | Error with DIF on data_ToNIoT.csv: Cannot re-initialize CUDA in forked subprocess. To use CUDA with multiprocessing, you must use the 'spawn' start method
2026-03-24 09:40:00 | ERROR | Error with NeuTraLAD on data_ToNIoT.csv: Cannot re-initialize CUDA in forked subprocess. To use CUDA with multiprocessing, you must use the 'spawn' start method
2026-03-24 09:40:00 | ERROR | Error with DASVDD on data_ToNIoT.csv: Cannot re-initialize CUDA in forked subprocess. To use CUDA with multiprocessing, you must use the 'spawn' start method
2026-03-24 09:40:00 | INFO |   LODA: AUCROC=30.775290210776053%  Train=0.936039924621582s
2026-03-24 09:40:00 | INFO |   COPOD: AUCROC=54.48647344733592%  Train=0.8174238204956055s
2026-03-24 09:40:00 | INFO |   ECOD: AUCROC=43.84497259052376%  Train=0.18397212028503418s
2026-03-24 09:40:00 | ERROR | Error with VAE on data_ToNIoT.csv: VAE.__init__() got an unexpected keyword argument 'epochs'
2026-03-24 09:40:00 | ERROR | Error with DeepSVDD on data_ToNIoT.csv: DeepSVDD.__init__() got an unexpected keyword argument 'device'
2026-03-24 09:40:00 | ERROR | Error with LUNAR on data_ToNIoT.csv: LUNAR.__init__() got an unexpected keyword argument 'n_neighbors'
2026-03-24 09:40:00 | ERROR | Error with AE1SVM on data_ToNIoT.csv: AE1SVM.__init__() got an unexpected keyword argument 'device'
2026-03-24 09:40:00 | ERROR | Error with DevNet on data_ToNIoT.csv: CUDA error: initialization error
CUDA kernel errors might be asynchronously reported at some other API call, so the stacktrace below might be incorrect.
For debugging consider passing CUDA_LAUNCH_BLOCKING=1
Compile with `TORCH_USE_CUDA_DSA` to enable device-side assertions.

2026-03-24 09:40:00 | ERROR | Error with ALAD on data_ToNIoT.csv: CUDA error: initialization error
CUDA kernel errors might be asynchronously reported at some other API call, so the stacktrace below might be incorrect.
For debugging consider passing CUDA_LAUNCH_BLOCKING=1
Compile with `TORCH_USE_CUDA_DSA` to enable device-side assertions.

2026-03-24 09:40:00 | INFO | --- Noise: 5% ---
2026-03-24 09:40:51 | INFO |   CBLOF: AUCROC=74.91999872826017%  Train=3.879964590072632s
2026-03-24 09:40:51 | INFO |   KNN: AUCROC=87.09299810477229%  Train=2.315857172012329s
2026-03-24 09:40:51 | INFO |   LOF: AUCROC=53.1376440413055%  Train=2.0070583820343018s
2026-03-24 09:40:51 | INFO |   HBOS: AUCROC=80.82248388334148%  Train=9.373697280883789s
2026-03-24 09:40:51 | INFO |   IForest: AUCROC=75.4481818892379%  Train=1.2397527694702148s
2026-03-24 09:40:51 | INFO |   PCA: AUCROC=34.70310581830011%  Train=0.028760194778442383s
2026-03-24 09:40:51 | INFO |   OCSVM: AUCROC=19.100374969786504%  Train=16.85635471343994s
2026-03-24 09:40:51 | ERROR | Error with AutoEncoder on data_ToNIoT.csv: AutoEncoder.__init__() got an unexpected keyword argument 'epochs'
2026-03-24 09:40:51 | ERROR | Error with DIF on data_ToNIoT.csv: Cannot re-initialize CUDA in forked subprocess. To use CUDA with multiprocessing, you must use the 'spawn' start method
2026-03-24 09:40:51 | ERROR | Error with NeuTraLAD on data_ToNIoT.csv: Cannot re-initialize CUDA in forked subprocess. To use CUDA with multiprocessing, you must use the 'spawn' start method
2026-03-24 09:40:51 | ERROR | Error with DASVDD on data_ToNIoT.csv: Cannot re-initialize CUDA in forked subprocess. To use CUDA with multiprocessing, you must use the 'spawn' start method
2026-03-24 09:40:51 | INFO |   LODA: AUCROC=30.389365210924375%  Train=0.977792501449585s
2026-03-24 09:40:51 | INFO |   COPOD: AUCROC=54.03385143189394%  Train=0.8509042263031006s
2026-03-24 09:40:51 | INFO |   ECOD: AUCROC=43.29870969997%  Train=0.2082839012145996s
2026-03-24 09:40:51 | ERROR | Error with VAE on data_ToNIoT.csv: VAE.__init__() got an unexpected keyword argument 'epochs'
2026-03-24 09:40:51 | ERROR | Error with DeepSVDD on data_ToNIoT.csv: DeepSVDD.__init__() got an unexpected keyword argument 'device'
2026-03-24 09:40:51 | ERROR | Error with LUNAR on data_ToNIoT.csv: LUNAR.__init__() got an unexpected keyword argument 'n_neighbors'
2026-03-24 09:40:51 | ERROR | Error with AE1SVM on data_ToNIoT.csv: AE1SVM.__init__() got an unexpected keyword argument 'device'
2026-03-24 09:40:51 | ERROR | Error with DevNet on data_ToNIoT.csv: CUDA error: initialization error
CUDA kernel errors might be asynchronously reported at some other API call, so the stacktrace below might be incorrect.
For debugging consider passing CUDA_LAUNCH_BLOCKING=1
Compile with `TORCH_USE_CUDA_DSA` to enable device-side assertions.

2026-03-24 09:40:51 | ERROR | Error with ALAD on data_ToNIoT.csv: CUDA error: initialization error
CUDA kernel errors might be asynchronously reported at some other API call, so the stacktrace below might be incorrect.
For debugging consider passing CUDA_LAUNCH_BLOCKING=1
Compile with `TORCH_USE_CUDA_DSA` to enable device-side assertions.

2026-03-24 09:40:51 | INFO | 
Processing Dataset: data_ToNIoT.csv | Scaler: MinMaxScaler
2026-03-24 09:40:51 | INFO | --- Noise: 0% ---
2026-03-24 09:41:24 | INFO |   CBLOF: AUCROC=89.47563689531414%  Train=3.707181453704834s
2026-03-24 09:41:24 | INFO |   KNN: AUCROC=98.44647658412224%  Train=2.1115756034851074s
2026-03-24 09:41:24 | INFO |   LOF: AUCROC=96.66164016649732%  Train=1.8864552974700928s
2026-03-24 09:41:24 | INFO |   HBOS: AUCROC=88.0832574932692%  Train=9.215944528579712s
2026-03-24 09:41:24 | INFO |   IForest: AUCROC=74.9902152774392%  Train=1.2163097858428955s
2026-03-24 09:41:24 | INFO |   PCA: AUCROC=35.59766710545561%  Train=0.03018355369567871s
2026-03-24 09:41:24 | INFO |   OCSVM: AUCROC=18.943203530741926%  Train=16.124897241592407s
2026-03-24 09:41:24 | ERROR | Error with AutoEncoder on data_ToNIoT.csv: AutoEncoder.__init__() got an unexpected keyword argument 'epochs'
2026-03-24 09:41:24 | ERROR | Error with DIF on data_ToNIoT.csv: Cannot re-initialize CUDA in forked subprocess. To use CUDA with multiprocessing, you must use the 'spawn' start method
2026-03-24 09:41:24 | ERROR | Error with NeuTraLAD on data_ToNIoT.csv: Cannot re-initialize CUDA in forked subprocess. To use CUDA with multiprocessing, you must use the 'spawn' start method
2026-03-24 09:41:24 | ERROR | Error with DASVDD on data_ToNIoT.csv: Cannot re-initialize CUDA in forked subprocess. To use CUDA with multiprocessing, you must use the 'spawn' start method
2026-03-24 09:41:24 | INFO |   LODA: AUCROC=40.90653124829908%  Train=0.8113594055175781s
2026-03-24 09:41:24 | INFO |   COPOD: AUCROC=55.2080568330995%  Train=0.8457503318786621s
2026-03-24 09:41:24 | INFO |   ECOD: AUCROC=44.7054268080181%  Train=0.19089555740356445s
2026-03-24 09:41:24 | ERROR | Error with VAE on data_ToNIoT.csv: VAE.__init__() got an unexpected keyword argument 'epochs'
2026-03-24 09:41:24 | ERROR | Error with DeepSVDD on data_ToNIoT.csv: DeepSVDD.__init__() got an unexpected keyword argument 'device'
2026-03-24 09:41:24 | ERROR | Error with LUNAR on data_ToNIoT.csv: LUNAR.__init__() got an unexpected keyword argument 'n_neighbors'
2026-03-24 09:41:24 | ERROR | Error with AE1SVM on data_ToNIoT.csv: AE1SVM.__init__() got an unexpected keyword argument 'device'
2026-03-24 09:41:24 | ERROR | Error with DevNet on data_ToNIoT.csv: CUDA error: initialization error
CUDA kernel errors might be asynchronously reported at some other API call, so the stacktrace below might be incorrect.
For debugging consider passing CUDA_LAUNCH_BLOCKING=1
Compile with `TORCH_USE_CUDA_DSA` to enable device-side assertions.

2026-03-24 09:41:24 | ERROR | Error with ALAD on data_ToNIoT.csv: CUDA error: initialization error
CUDA kernel errors might be asynchronously reported at some other API call, so the stacktrace below might be incorrect.
For debugging consider passing CUDA_LAUNCH_BLOCKING=1
Compile with `TORCH_USE_CUDA_DSA` to enable device-side assertions.

2026-03-24 09:41:24 | INFO | --- Noise: 1% ---
2026-03-24 09:41:54 | INFO |   CBLOF: AUCROC=88.72418503531078%  Train=3.8601338863372803s
2026-03-24 09:41:54 | INFO |   KNN: AUCROC=95.74026803013689%  Train=2.165802478790283s
2026-03-24 09:41:54 | INFO |   LOF: AUCROC=60.411527631708275%  Train=1.921910285949707s
2026-03-24 09:41:54 | INFO |   HBOS: AUCROC=86.13147378139334%  Train=9.221952676773071s
2026-03-24 09:41:54 | INFO |   IForest: AUCROC=77.24537214384127%  Train=1.2271320819854736s
2026-03-24 09:41:54 | INFO |   PCA: AUCROC=35.38970990917507%  Train=0.028243541717529297s
2026-03-24 09:41:54 | INFO |   OCSVM: AUCROC=18.88061613087209%  Train=16.200479745864868s
2026-03-24 09:41:54 | ERROR | Error with AutoEncoder on data_ToNIoT.csv: AutoEncoder.__init__() got an unexpected keyword argument 'epochs'
2026-03-24 09:41:54 | ERROR | Error with DIF on data_ToNIoT.csv: Cannot re-initialize CUDA in forked subprocess. To use CUDA with multiprocessing, you must use the 'spawn' start method
2026-03-24 09:41:54 | ERROR | Error with NeuTraLAD on data_ToNIoT.csv: Cannot re-initialize CUDA in forked subprocess. To use CUDA with multiprocessing, you must use the 'spawn' start method
2026-03-24 09:41:54 | ERROR | Error with DASVDD on data_ToNIoT.csv: Cannot re-initialize CUDA in forked subprocess. To use CUDA with multiprocessing, you must use the 'spawn' start method
2026-03-24 09:41:54 | INFO |   LODA: AUCROC=39.11638489761204%  Train=1.161492109298706s
2026-03-24 09:41:54 | INFO |   COPOD: AUCROC=54.96912032490502%  Train=0.8317313194274902s
2026-03-24 09:41:54 | INFO |   ECOD: AUCROC=44.42392216178233%  Train=0.17393159866333008s
2026-03-24 09:41:54 | ERROR | Error with VAE on data_ToNIoT.csv: VAE.__init__() got an unexpected keyword argument 'epochs'
2026-03-24 09:41:54 | ERROR | Error with DeepSVDD on data_ToNIoT.csv: DeepSVDD.__init__() got an unexpected keyword argument 'device'
2026-03-24 09:41:54 | ERROR | Error with LUNAR on data_ToNIoT.csv: LUNAR.__init__() got an unexpected keyword argument 'n_neighbors'
2026-03-24 09:41:54 | ERROR | Error with AE1SVM on data_ToNIoT.csv: AE1SVM.__init__() got an unexpected keyword argument 'device'
2026-03-24 09:41:54 | ERROR | Error with DevNet on data_ToNIoT.csv: CUDA error: initialization error
CUDA kernel errors might be asynchronously reported at some other API call, so the stacktrace below might be incorrect.
For debugging consider passing CUDA_LAUNCH_BLOCKING=1
Compile with `TORCH_USE_CUDA_DSA` to enable device-side assertions.

2026-03-24 09:41:54 | ERROR | Error with ALAD on data_ToNIoT.csv: CUDA error: initialization error
CUDA kernel errors might be asynchronously reported at some other API call, so the stacktrace below might be incorrect.
For debugging consider passing CUDA_LAUNCH_BLOCKING=1
Compile with `TORCH_USE_CUDA_DSA` to enable device-side assertions.

2026-03-24 09:41:54 | INFO | --- Noise: 3% ---
2026-03-24 09:42:26 | INFO |   CBLOF: AUCROC=84.67595639738028%  Train=4.1372270584106445s
2026-03-24 09:42:26 | INFO |   KNN: AUCROC=89.65875098895187%  Train=2.199572801589966s
2026-03-24 09:42:26 | INFO |   LOF: AUCROC=54.515256879841736%  Train=1.9930551052093506s
2026-03-24 09:42:26 | INFO |   HBOS: AUCROC=83.47019530622232%  Train=9.311392307281494s
2026-03-24 09:42:26 | INFO |   IForest: AUCROC=78.13507250851845%  Train=1.180309772491455s
2026-03-24 09:42:26 | INFO |   PCA: AUCROC=35.0451567606387%  Train=0.03230476379394531s
2026-03-24 09:42:26 | INFO |   OCSVM: AUCROC=18.755223677887127%  Train=16.445387840270996s
2026-03-24 09:42:26 | ERROR | Error with AutoEncoder on data_ToNIoT.csv: AutoEncoder.__init__() got an unexpected keyword argument 'epochs'
2026-03-24 09:42:26 | ERROR | Error with DIF on data_ToNIoT.csv: Cannot re-initialize CUDA in forked subprocess. To use CUDA with multiprocessing, you must use the 'spawn' start method
2026-03-24 09:42:26 | ERROR | Error with NeuTraLAD on data_ToNIoT.csv: Cannot re-initialize CUDA in forked subprocess. To use CUDA with multiprocessing, you must use the 'spawn' start method
2026-03-24 09:42:26 | ERROR | Error with DASVDD on data_ToNIoT.csv: Cannot re-initialize CUDA in forked subprocess. To use CUDA with multiprocessing, you must use the 'spawn' start method
2026-03-24 09:42:26 | INFO |   LODA: AUCROC=38.131742575090044%  Train=0.8400399684906006s
2026-03-24 09:42:26 | INFO |   COPOD: AUCROC=54.50264911407713%  Train=0.8252956867218018s
2026-03-24 09:42:26 | INFO |   ECOD: AUCROC=43.868762896357836%  Train=0.18258023262023926s
2026-03-24 09:42:26 | ERROR | Error with VAE on data_ToNIoT.csv: VAE.__init__() got an unexpected keyword argument 'epochs'
2026-03-24 09:42:26 | ERROR | Error with DeepSVDD on data_ToNIoT.csv: DeepSVDD.__init__() got an unexpected keyword argument 'device'
2026-03-24 09:42:26 | ERROR | Error with LUNAR on data_ToNIoT.csv: LUNAR.__init__() got an unexpected keyword argument 'n_neighbors'
2026-03-24 09:42:26 | ERROR | Error with AE1SVM on data_ToNIoT.csv: AE1SVM.__init__() got an unexpected keyword argument 'device'
2026-03-24 09:42:26 | ERROR | Error with DevNet on data_ToNIoT.csv: CUDA error: initialization error
CUDA kernel errors might be asynchronously reported at some other API call, so the stacktrace below might be incorrect.
For debugging consider passing CUDA_LAUNCH_BLOCKING=1
Compile with `TORCH_USE_CUDA_DSA` to enable device-side assertions.

2026-03-24 09:42:26 | ERROR | Error with ALAD on data_ToNIoT.csv: CUDA error: initialization error
CUDA kernel errors might be asynchronously reported at some other API call, so the stacktrace below might be incorrect.
For debugging consider passing CUDA_LAUNCH_BLOCKING=1
Compile with `TORCH_USE_CUDA_DSA` to enable device-side assertions.

2026-03-24 09:42:26 | INFO | --- Noise: 5% ---
2026-03-24 09:43:01 | INFO |   CBLOF: AUCROC=77.73182714707994%  Train=4.034560203552246s
2026-03-24 09:43:01 | INFO |   KNN: AUCROC=86.96662056932156%  Train=2.2268574237823486s
2026-03-24 09:43:01 | INFO |   LOF: AUCROC=55.226985410332155%  Train=2.1129987239837646s
2026-03-24 09:43:01 | INFO |   HBOS: AUCROC=82.22652466259555%  Train=9.071893453598022s
2026-03-24 09:43:01 | INFO |   IForest: AUCROC=75.79982247233966%  Train=1.199631929397583s
2026-03-24 09:43:01 | INFO |   PCA: AUCROC=34.62334154676069%  Train=0.029995203018188477s
2026-03-24 09:43:01 | INFO |   OCSVM: AUCROC=18.677963224791757%  Train=17.307663917541504s
2026-03-24 09:43:01 | ERROR | Error with AutoEncoder on data_ToNIoT.csv: AutoEncoder.__init__() got an unexpected keyword argument 'epochs'
2026-03-24 09:43:01 | ERROR | Error with DIF on data_ToNIoT.csv: Cannot re-initialize CUDA in forked subprocess. To use CUDA with multiprocessing, you must use the 'spawn' start method
2026-03-24 09:43:01 | ERROR | Error with NeuTraLAD on data_ToNIoT.csv: Cannot re-initialize CUDA in forked subprocess. To use CUDA with multiprocessing, you must use the 'spawn' start method
2026-03-24 09:43:01 | ERROR | Error with DASVDD on data_ToNIoT.csv: Cannot re-initialize CUDA in forked subprocess. To use CUDA with multiprocessing, you must use the 'spawn' start method
2026-03-24 09:43:01 | INFO |   LODA: AUCROC=37.856124239954866%  Train=0.8746731281280518s
2026-03-24 09:43:01 | INFO |   COPOD: AUCROC=54.0317071443662%  Train=0.7840273380279541s
2026-03-24 09:43:01 | INFO |   ECOD: AUCROC=43.30822356515887%  Train=0.1660935878753662s
2026-03-24 09:43:01 | ERROR | Error with VAE on data_ToNIoT.csv: VAE.__init__() got an unexpected keyword argument 'epochs'
2026-03-24 09:43:01 | ERROR | Error with DeepSVDD on data_ToNIoT.csv: DeepSVDD.__init__() got an unexpected keyword argument 'device'
2026-03-24 09:43:01 | ERROR | Error with LUNAR on data_ToNIoT.csv: LUNAR.__init__() got an unexpected keyword argument 'n_neighbors'
2026-03-24 09:43:01 | ERROR | Error with AE1SVM on data_ToNIoT.csv: AE1SVM.__init__() got an unexpected keyword argument 'device'
2026-03-24 09:43:01 | ERROR | Error with DevNet on data_ToNIoT.csv: CUDA error: initialization error
CUDA kernel errors might be asynchronously reported at some other API call, so the stacktrace below might be incorrect.
For debugging consider passing CUDA_LAUNCH_BLOCKING=1
Compile with `TORCH_USE_CUDA_DSA` to enable device-side assertions.

2026-03-24 09:43:01 | ERROR | Error with ALAD on data_ToNIoT.csv: CUDA error: initialization error
CUDA kernel errors might be asynchronously reported at some other API call, so the stacktrace below might be incorrect.
For debugging consider passing CUDA_LAUNCH_BLOCKING=1
Compile with `TORCH_USE_CUDA_DSA` to enable device-side assertions.

2026-03-24 09:43:01 | INFO | 
Processing Dataset: data_ToNIoT.csv | Scaler: Normalizer
2026-03-24 09:43:01 | INFO | --- Noise: 0% ---
2026-03-24 09:43:26 | INFO |   CBLOF: AUCROC=89.95506169872974%  Train=3.755850315093994s
2026-03-24 09:43:26 | INFO |   KNN: AUCROC=98.42374552408192%  Train=2.0233266353607178s
2026-03-24 09:43:26 | INFO |   LOF: AUCROC=96.37754060990373%  Train=1.935535192489624s
2026-03-24 09:43:26 | INFO |   HBOS: AUCROC=75.85251551690291%  Train=8.908272981643677s
2026-03-24 09:43:26 | INFO |   IForest: AUCROC=68.53147614172185%  Train=1.2049005031585693s
2026-03-24 09:43:26 | INFO |   PCA: AUCROC=32.2616990392818%  Train=0.02923750877380371s
2026-03-24 09:43:26 | INFO |   OCSVM: AUCROC=12.282018662588845%  Train=15.38213562965393s
2026-03-24 09:43:26 | ERROR | Error with AutoEncoder on data_ToNIoT.csv: AutoEncoder.__init__() got an unexpected keyword argument 'epochs'
2026-03-24 09:43:26 | ERROR | Error with DIF on data_ToNIoT.csv: Cannot re-initialize CUDA in forked subprocess. To use CUDA with multiprocessing, you must use the 'spawn' start method
2026-03-24 09:43:26 | ERROR | Error with NeuTraLAD on data_ToNIoT.csv: Cannot re-initialize CUDA in forked subprocess. To use CUDA with multiprocessing, you must use the 'spawn' start method
2026-03-24 09:43:26 | ERROR | Error with DASVDD on data_ToNIoT.csv: Cannot re-initialize CUDA in forked subprocess. To use CUDA with multiprocessing, you must use the 'spawn' start method
2026-03-24 09:43:26 | INFO |   LODA: AUCROC=36.02969267490744%  Train=0.8755307197570801s
2026-03-24 09:43:26 | INFO |   COPOD: AUCROC=40.44924016768393%  Train=0.8172073364257812s
2026-03-24 09:43:26 | INFO |   ECOD: AUCROC=37.33048842807021%  Train=0.1798567771911621s
2026-03-24 09:43:26 | ERROR | Error with VAE on data_ToNIoT.csv: VAE.__init__() got an unexpected keyword argument 'epochs'
2026-03-24 09:43:26 | ERROR | Error with DeepSVDD on data_ToNIoT.csv: DeepSVDD.__init__() got an unexpected keyword argument 'device'
2026-03-24 09:43:26 | ERROR | Error with LUNAR on data_ToNIoT.csv: LUNAR.__init__() got an unexpected keyword argument 'n_neighbors'
2026-03-24 09:43:26 | ERROR | Error with AE1SVM on data_ToNIoT.csv: AE1SVM.__init__() got an unexpected keyword argument 'device'
2026-03-24 09:43:26 | ERROR | Error with DevNet on data_ToNIoT.csv: CUDA error: initialization error
CUDA kernel errors might be asynchronously reported at some other API call, so the stacktrace below might be incorrect.
For debugging consider passing CUDA_LAUNCH_BLOCKING=1
Compile with `TORCH_USE_CUDA_DSA` to enable device-side assertions.

2026-03-24 09:43:26 | ERROR | Error with ALAD on data_ToNIoT.csv: CUDA error: initialization error
CUDA kernel errors might be asynchronously reported at some other API call, so the stacktrace below might be incorrect.
For debugging consider passing CUDA_LAUNCH_BLOCKING=1
Compile with `TORCH_USE_CUDA_DSA` to enable device-side assertions.

2026-03-24 09:43:26 | INFO | --- Noise: 1% ---
2026-03-24 09:43:52 | INFO |   CBLOF: AUCROC=89.50554245121793%  Train=3.88265323638916s
2026-03-24 09:43:52 | INFO |   KNN: AUCROC=95.6133955350839%  Train=1.9940314292907715s
2026-03-24 09:43:52 | INFO |   LOF: AUCROC=65.00888492792227%  Train=1.9817683696746826s
2026-03-24 09:43:52 | INFO |   HBOS: AUCROC=74.88282194171717%  Train=9.27373194694519s
2026-03-24 09:43:52 | INFO |   IForest: AUCROC=74.677204114762%  Train=1.2093095779418945s
2026-03-24 09:43:52 | INFO |   PCA: AUCROC=31.82289719879306%  Train=0.029854536056518555s
2026-03-24 09:43:52 | INFO |   OCSVM: AUCROC=12.33315830787919%  Train=15.658348083496094s
2026-03-24 09:43:52 | ERROR | Error with AutoEncoder on data_ToNIoT.csv: AutoEncoder.__init__() got an unexpected keyword argument 'epochs'
2026-03-24 09:43:52 | ERROR | Error with DIF on data_ToNIoT.csv: Cannot re-initialize CUDA in forked subprocess. To use CUDA with multiprocessing, you must use the 'spawn' start method
2026-03-24 09:43:52 | ERROR | Error with NeuTraLAD on data_ToNIoT.csv: Cannot re-initialize CUDA in forked subprocess. To use CUDA with multiprocessing, you must use the 'spawn' start method
2026-03-24 09:43:52 | ERROR | Error with DASVDD on data_ToNIoT.csv: Cannot re-initialize CUDA in forked subprocess. To use CUDA with multiprocessing, you must use the 'spawn' start method
2026-03-24 09:43:52 | INFO |   LODA: AUCROC=33.06672261806092%  Train=0.7794530391693115s
2026-03-24 09:43:52 | INFO |   COPOD: AUCROC=40.18016916461653%  Train=0.8173880577087402s
2026-03-24 09:43:52 | INFO |   ECOD: AUCROC=37.06708124611933%  Train=0.18293046951293945s
2026-03-24 09:43:52 | ERROR | Error with VAE on data_ToNIoT.csv: VAE.__init__() got an unexpected keyword argument 'epochs'
2026-03-24 09:43:52 | ERROR | Error with DeepSVDD on data_ToNIoT.csv: DeepSVDD.__init__() got an unexpected keyword argument 'device'
2026-03-24 09:43:52 | ERROR | Error with LUNAR on data_ToNIoT.csv: LUNAR.__init__() got an unexpected keyword argument 'n_neighbors'
2026-03-24 09:43:52 | ERROR | Error with AE1SVM on data_ToNIoT.csv: AE1SVM.__init__() got an unexpected keyword argument 'device'
2026-03-24 09:43:52 | ERROR | Error with DevNet on data_ToNIoT.csv: CUDA error: initialization error
CUDA kernel errors might be asynchronously reported at some other API call, so the stacktrace below might be incorrect.
For debugging consider passing CUDA_LAUNCH_BLOCKING=1
Compile with `TORCH_USE_CUDA_DSA` to enable device-side assertions.

2026-03-24 09:43:52 | ERROR | Error with ALAD on data_ToNIoT.csv: CUDA error: initialization error
CUDA kernel errors might be asynchronously reported at some other API call, so the stacktrace below might be incorrect.
For debugging consider passing CUDA_LAUNCH_BLOCKING=1
Compile with `TORCH_USE_CUDA_DSA` to enable device-side assertions.

2026-03-24 09:43:52 | INFO | --- Noise: 3% ---
2026-03-24 09:44:18 | INFO |   CBLOF: AUCROC=83.5333163596047%  Train=4.075454235076904s
2026-03-24 09:44:18 | INFO |   KNN: AUCROC=91.11104629881139%  Train=2.207399368286133s
2026-03-24 09:44:18 | INFO |   LOF: AUCROC=53.27339678876659%  Train=1.9357984066009521s
2026-03-24 09:44:18 | INFO |   HBOS: AUCROC=73.52582812061871%  Train=8.92025637626648s
2026-03-24 09:44:18 | INFO |   IForest: AUCROC=71.32676452614535%  Train=1.1566336154937744s
2026-03-24 09:44:18 | INFO |   PCA: AUCROC=31.07991446840114%  Train=0.02927255630493164s
2026-03-24 09:44:18 | INFO |   OCSVM: AUCROC=12.469359259800974%  Train=16.155872583389282s
2026-03-24 09:44:18 | ERROR | Error with AutoEncoder on data_ToNIoT.csv: AutoEncoder.__init__() got an unexpected keyword argument 'epochs'
2026-03-24 09:44:18 | ERROR | Error with DIF on data_ToNIoT.csv: Cannot re-initialize CUDA in forked subprocess. To use CUDA with multiprocessing, you must use the 'spawn' start method
2026-03-24 09:44:18 | ERROR | Error with NeuTraLAD on data_ToNIoT.csv: Cannot re-initialize CUDA in forked subprocess. To use CUDA with multiprocessing, you must use the 'spawn' start method
2026-03-24 09:44:18 | ERROR | Error with DASVDD on data_ToNIoT.csv: Cannot re-initialize CUDA in forked subprocess. To use CUDA with multiprocessing, you must use the 'spawn' start method
2026-03-24 09:44:18 | INFO |   LODA: AUCROC=33.267413420441066%  Train=0.7281384468078613s
2026-03-24 09:44:18 | INFO |   COPOD: AUCROC=39.6944106517628%  Train=0.7841811180114746s
2026-03-24 09:44:18 | INFO |   ECOD: AUCROC=36.59416427473811%  Train=0.17890667915344238s
2026-03-24 09:44:18 | ERROR | Error with VAE on data_ToNIoT.csv: VAE.__init__() got an unexpected keyword argument 'epochs'
2026-03-24 09:44:18 | ERROR | Error with DeepSVDD on data_ToNIoT.csv: DeepSVDD.__init__() got an unexpected keyword argument 'device'
2026-03-24 09:44:18 | ERROR | Error with LUNAR on data_ToNIoT.csv: LUNAR.__init__() got an unexpected keyword argument 'n_neighbors'
2026-03-24 09:44:18 | ERROR | Error with AE1SVM on data_ToNIoT.csv: AE1SVM.__init__() got an unexpected keyword argument 'device'
2026-03-24 09:44:18 | ERROR | Error with DevNet on data_ToNIoT.csv: CUDA error: initialization error
CUDA kernel errors might be asynchronously reported at some other API call, so the stacktrace below might be incorrect.
For debugging consider passing CUDA_LAUNCH_BLOCKING=1
Compile with `TORCH_USE_CUDA_DSA` to enable device-side assertions.

2026-03-24 09:44:18 | ERROR | Error with ALAD on data_ToNIoT.csv: CUDA error: initialization error
CUDA kernel errors might be asynchronously reported at some other API call, so the stacktrace below might be incorrect.
For debugging consider passing CUDA_LAUNCH_BLOCKING=1
Compile with `TORCH_USE_CUDA_DSA` to enable device-side assertions.

2026-03-24 09:44:18 | INFO | --- Noise: 5% ---
2026-03-24 09:44:45 | INFO |   CBLOF: AUCROC=80.08480302478036%  Train=4.020003080368042s
2026-03-24 09:44:45 | INFO |   KNN: AUCROC=88.42364459746597%  Train=2.241115093231201s
2026-03-24 09:44:45 | INFO |   LOF: AUCROC=53.89402050751448%  Train=2.0087924003601074s
2026-03-24 09:44:45 | INFO |   HBOS: AUCROC=72.25217130877508%  Train=8.958187580108643s
2026-03-24 09:44:45 | INFO |   IForest: AUCROC=61.11560121694928%  Train=1.211059808731079s
2026-03-24 09:44:45 | INFO |   PCA: AUCROC=30.01205121835515%  Train=0.02842426300048828s
2026-03-24 09:44:45 | INFO |   OCSVM: AUCROC=12.504543309964793%  Train=16.256130695343018s
2026-03-24 09:44:45 | ERROR | Error with AutoEncoder on data_ToNIoT.csv: AutoEncoder.__init__() got an unexpected keyword argument 'epochs'
2026-03-24 09:44:45 | ERROR | Error with DIF on data_ToNIoT.csv: Cannot re-initialize CUDA in forked subprocess. To use CUDA with multiprocessing, you must use the 'spawn' start method
2026-03-24 09:44:45 | ERROR | Error with NeuTraLAD on data_ToNIoT.csv: Cannot re-initialize CUDA in forked subprocess. To use CUDA with multiprocessing, you must use the 'spawn' start method
2026-03-24 09:44:45 | ERROR | Error with DASVDD on data_ToNIoT.csv: Cannot re-initialize CUDA in forked subprocess. To use CUDA with multiprocessing, you must use the 'spawn' start method
2026-03-24 09:44:45 | INFO |   LODA: AUCROC=31.6923423332789%  Train=0.8671572208404541s
2026-03-24 09:44:45 | INFO |   COPOD: AUCROC=39.15660882958918%  Train=0.8290524482727051s
2026-03-24 09:44:45 | INFO |   ECOD: AUCROC=36.054685716452575%  Train=0.20035958290100098s
2026-03-24 09:44:45 | ERROR | Error with VAE on data_ToNIoT.csv: VAE.__init__() got an unexpected keyword argument 'epochs'
2026-03-24 09:44:45 | ERROR | Error with DeepSVDD on data_ToNIoT.csv: DeepSVDD.__init__() got an unexpected keyword argument 'device'
2026-03-24 09:44:45 | ERROR | Error with LUNAR on data_ToNIoT.csv: LUNAR.__init__() got an unexpected keyword argument 'n_neighbors'
2026-03-24 09:44:45 | ERROR | Error with AE1SVM on data_ToNIoT.csv: AE1SVM.__init__() got an unexpected keyword argument 'device'
2026-03-24 09:44:45 | ERROR | Error with DevNet on data_ToNIoT.csv: CUDA error: initialization error
CUDA kernel errors might be asynchronously reported at some other API call, so the stacktrace below might be incorrect.
For debugging consider passing CUDA_LAUNCH_BLOCKING=1
Compile with `TORCH_USE_CUDA_DSA` to enable device-side assertions.

2026-03-24 09:44:45 | ERROR | Error with ALAD on data_ToNIoT.csv: CUDA error: initialization error
CUDA kernel errors might be asynchronously reported at some other API call, so the stacktrace below might be incorrect.
For debugging consider passing CUDA_LAUNCH_BLOCKING=1
Compile with `TORCH_USE_CUDA_DSA` to enable device-side assertions.

2026-03-24 09:44:45 | INFO | 
Processing Dataset: data_ToNIoT.csv | Scaler: QuantileTransformer
2026-03-24 09:44:45 | INFO | --- Noise: 0% ---
2026-03-24 09:45:11 | INFO |   CBLOF: AUCROC=89.89012525605695%  Train=4.0140604972839355s
2026-03-24 09:45:11 | INFO |   KNN: AUCROC=97.26500962575508%  Train=1.9945132732391357s
2026-03-24 09:45:11 | INFO |   LOF: AUCROC=89.80283743733843%  Train=1.8595457077026367s
2026-03-24 09:45:11 | INFO |   HBOS: AUCROC=74.26816756475233%  Train=9.155987739562988s
2026-03-24 09:45:11 | INFO |   IForest: AUCROC=68.48787777831949%  Train=1.2338693141937256s
2026-03-24 09:45:11 | INFO |   PCA: AUCROC=35.732783015643435%  Train=0.02754044532775879s
2026-03-24 09:45:11 | INFO |   OCSVM: AUCROC=21.32088466402981%  Train=15.114183902740479s
2026-03-24 09:45:11 | ERROR | Error with AutoEncoder on data_ToNIoT.csv: AutoEncoder.__init__() got an unexpected keyword argument 'epochs'
2026-03-24 09:45:11 | ERROR | Error with DIF on data_ToNIoT.csv: Cannot re-initialize CUDA in forked subprocess. To use CUDA with multiprocessing, you must use the 'spawn' start method
2026-03-24 09:45:11 | ERROR | Error with NeuTraLAD on data_ToNIoT.csv: Cannot re-initialize CUDA in forked subprocess. To use CUDA with multiprocessing, you must use the 'spawn' start method
2026-03-24 09:45:11 | ERROR | Error with DASVDD on data_ToNIoT.csv: Cannot re-initialize CUDA in forked subprocess. To use CUDA with multiprocessing, you must use the 'spawn' start method
2026-03-24 09:45:11 | INFO |   LODA: AUCROC=32.86585608083829%  Train=0.6355631351470947s
2026-03-24 09:45:11 | INFO |   COPOD: AUCROC=45.753994694806934%  Train=0.8258588314056396s
2026-03-24 09:45:11 | INFO |   ECOD: AUCROC=44.696683596542215%  Train=0.18410849571228027s
2026-03-24 09:45:11 | ERROR | Error with VAE on data_ToNIoT.csv: VAE.__init__() got an unexpected keyword argument 'epochs'
2026-03-24 09:45:11 | ERROR | Error with DeepSVDD on data_ToNIoT.csv: DeepSVDD.__init__() got an unexpected keyword argument 'device'
2026-03-24 09:45:11 | ERROR | Error with LUNAR on data_ToNIoT.csv: LUNAR.__init__() got an unexpected keyword argument 'n_neighbors'
2026-03-24 09:45:11 | ERROR | Error with AE1SVM on data_ToNIoT.csv: AE1SVM.__init__() got an unexpected keyword argument 'device'
2026-03-24 09:45:11 | ERROR | Error with DevNet on data_ToNIoT.csv: CUDA error: initialization error
CUDA kernel errors might be asynchronously reported at some other API call, so the stacktrace below might be incorrect.
For debugging consider passing CUDA_LAUNCH_BLOCKING=1
Compile with `TORCH_USE_CUDA_DSA` to enable device-side assertions.

2026-03-24 09:45:11 | ERROR | Error with ALAD on data_ToNIoT.csv: CUDA error: initialization error
CUDA kernel errors might be asynchronously reported at some other API call, so the stacktrace below might be incorrect.
For debugging consider passing CUDA_LAUNCH_BLOCKING=1
Compile with `TORCH_USE_CUDA_DSA` to enable device-side assertions.

2026-03-24 09:45:11 | INFO | --- Noise: 1% ---
2026-03-24 09:45:38 | INFO |   CBLOF: AUCROC=92.01562769648187%  Train=3.953791618347168s
2026-03-24 09:45:38 | INFO |   KNN: AUCROC=93.33370995406001%  Train=2.1675689220428467s
2026-03-24 09:45:38 | INFO |   LOF: AUCROC=58.52914950914195%  Train=1.8655352592468262s
2026-03-24 09:45:38 | INFO |   HBOS: AUCROC=72.70721008136297%  Train=9.117479085922241s
2026-03-24 09:45:38 | INFO |   IForest: AUCROC=69.28829920014527%  Train=1.2078907489776611s
2026-03-24 09:45:38 | INFO |   PCA: AUCROC=35.69759412874083%  Train=0.028359413146972656s
2026-03-24 09:45:38 | INFO |   OCSVM: AUCROC=21.209465549392906%  Train=15.033162593841553s
2026-03-24 09:45:38 | ERROR | Error with AutoEncoder on data_ToNIoT.csv: AutoEncoder.__init__() got an unexpected keyword argument 'epochs'
2026-03-24 09:45:38 | ERROR | Error with DIF on data_ToNIoT.csv: Cannot re-initialize CUDA in forked subprocess. To use CUDA with multiprocessing, you must use the 'spawn' start method
2026-03-24 09:45:38 | ERROR | Error with NeuTraLAD on data_ToNIoT.csv: Cannot re-initialize CUDA in forked subprocess. To use CUDA with multiprocessing, you must use the 'spawn' start method
2026-03-24 09:45:38 | ERROR | Error with DASVDD on data_ToNIoT.csv: Cannot re-initialize CUDA in forked subprocess. To use CUDA with multiprocessing, you must use the 'spawn' start method
2026-03-24 09:45:38 | INFO |   LODA: AUCROC=33.82148683800846%  Train=0.7017190456390381s
2026-03-24 09:45:38 | INFO |   COPOD: AUCROC=45.49176042201126%  Train=0.8251175880432129s
2026-03-24 09:45:38 | INFO |   ECOD: AUCROC=44.39994644762818%  Train=0.18047881126403809s
2026-03-24 09:45:38 | ERROR | Error with VAE on data_ToNIoT.csv: VAE.__init__() got an unexpected keyword argument 'epochs'
2026-03-24 09:45:38 | ERROR | Error with DeepSVDD on data_ToNIoT.csv: DeepSVDD.__init__() got an unexpected keyword argument 'device'
2026-03-24 09:45:38 | ERROR | Error with LUNAR on data_ToNIoT.csv: LUNAR.__init__() got an unexpected keyword argument 'n_neighbors'
2026-03-24 09:45:38 | ERROR | Error with AE1SVM on data_ToNIoT.csv: AE1SVM.__init__() got an unexpected keyword argument 'device'
2026-03-24 09:45:38 | ERROR | Error with DevNet on data_ToNIoT.csv: CUDA error: initialization error
CUDA kernel errors might be asynchronously reported at some other API call, so the stacktrace below might be incorrect.
For debugging consider passing CUDA_LAUNCH_BLOCKING=1
Compile with `TORCH_USE_CUDA_DSA` to enable device-side assertions.

2026-03-24 09:45:38 | ERROR | Error with ALAD on data_ToNIoT.csv: CUDA error: initialization error
CUDA kernel errors might be asynchronously reported at some other API call, so the stacktrace below might be incorrect.
For debugging consider passing CUDA_LAUNCH_BLOCKING=1
Compile with `TORCH_USE_CUDA_DSA` to enable device-side assertions.

2026-03-24 09:45:38 | INFO | --- Noise: 3% ---
2026-03-24 09:46:04 | INFO |   CBLOF: AUCROC=85.57287398244691%  Train=3.8811614513397217s
2026-03-24 09:46:04 | INFO |   KNN: AUCROC=83.48794613756098%  Train=2.1431832313537598s
2026-03-24 09:46:04 | INFO |   LOF: AUCROC=55.073566474461124%  Train=2.0565834045410156s
2026-03-24 09:46:04 | INFO |   HBOS: AUCROC=70.33232941983125%  Train=9.269635677337646s
2026-03-24 09:46:04 | INFO |   IForest: AUCROC=67.12495895221019%  Train=1.2348003387451172s
2026-03-24 09:46:04 | INFO |   PCA: AUCROC=33.91958638015632%  Train=0.03188681602478027s
2026-03-24 09:46:04 | INFO |   OCSVM: AUCROC=20.90502025110284%  Train=16.511194705963135s
2026-03-24 09:46:04 | ERROR | Error with AutoEncoder on data_ToNIoT.csv: AutoEncoder.__init__() got an unexpected keyword argument 'epochs'
2026-03-24 09:46:04 | ERROR | Error with DIF on data_ToNIoT.csv: Cannot re-initialize CUDA in forked subprocess. To use CUDA with multiprocessing, you must use the 'spawn' start method
2026-03-24 09:46:04 | ERROR | Error with NeuTraLAD on data_ToNIoT.csv: Cannot re-initialize CUDA in forked subprocess. To use CUDA with multiprocessing, you must use the 'spawn' start method
2026-03-24 09:46:04 | ERROR | Error with DASVDD on data_ToNIoT.csv: Cannot re-initialize CUDA in forked subprocess. To use CUDA with multiprocessing, you must use the 'spawn' start method
2026-03-24 09:46:04 | INFO |   LODA: AUCROC=31.297553203481726%  Train=1.102372407913208s
2026-03-24 09:46:04 | INFO |   COPOD: AUCROC=44.992887898066826%  Train=0.8355302810668945s
2026-03-24 09:46:04 | INFO |   ECOD: AUCROC=43.83794480907006%  Train=0.17808294296264648s
2026-03-24 09:46:04 | ERROR | Error with VAE on data_ToNIoT.csv: VAE.__init__() got an unexpected keyword argument 'epochs'
2026-03-24 09:46:04 | ERROR | Error with DeepSVDD on data_ToNIoT.csv: DeepSVDD.__init__() got an unexpected keyword argument 'device'
2026-03-24 09:46:04 | ERROR | Error with LUNAR on data_ToNIoT.csv: LUNAR.__init__() got an unexpected keyword argument 'n_neighbors'
2026-03-24 09:46:04 | ERROR | Error with AE1SVM on data_ToNIoT.csv: AE1SVM.__init__() got an unexpected keyword argument 'device'
2026-03-24 09:46:04 | ERROR | Error with DevNet on data_ToNIoT.csv: CUDA error: initialization error
CUDA kernel errors might be asynchronously reported at some other API call, so the stacktrace below might be incorrect.
For debugging consider passing CUDA_LAUNCH_BLOCKING=1
Compile with `TORCH_USE_CUDA_DSA` to enable device-side assertions.

2026-03-24 09:46:04 | ERROR | Error with ALAD on data_ToNIoT.csv: CUDA error: initialization error
CUDA kernel errors might be asynchronously reported at some other API call, so the stacktrace below might be incorrect.
For debugging consider passing CUDA_LAUNCH_BLOCKING=1
Compile with `TORCH_USE_CUDA_DSA` to enable device-side assertions.

2026-03-24 09:46:04 | INFO | --- Noise: 5% ---
2026-03-24 09:46:32 | INFO |   CBLOF: AUCROC=70.71723225555316%  Train=3.796569347381592s
2026-03-24 09:46:32 | INFO |   KNN: AUCROC=77.61418798636633%  Train=2.2991509437561035s
2026-03-24 09:46:32 | INFO |   LOF: AUCROC=53.199293113851155%  Train=1.9842338562011719s
2026-03-24 09:46:32 | INFO |   HBOS: AUCROC=68.29662506555394%  Train=9.393326997756958s
2026-03-24 09:46:32 | INFO |   IForest: AUCROC=64.8354257710213%  Train=1.2446784973144531s
2026-03-24 09:46:32 | INFO |   PCA: AUCROC=32.91971800394111%  Train=0.03174448013305664s
2026-03-24 09:46:32 | INFO |   OCSVM: AUCROC=20.926066513799924%  Train=17.468815803527832s
2026-03-24 09:46:32 | ERROR | Error with AutoEncoder on data_ToNIoT.csv: AutoEncoder.__init__() got an unexpected keyword argument 'epochs'
2026-03-24 09:46:32 | ERROR | Error with DIF on data_ToNIoT.csv: Cannot re-initialize CUDA in forked subprocess. To use CUDA with multiprocessing, you must use the 'spawn' start method
2026-03-24 09:46:32 | ERROR | Error with NeuTraLAD on data_ToNIoT.csv: Cannot re-initialize CUDA in forked subprocess. To use CUDA with multiprocessing, you must use the 'spawn' start method
2026-03-24 09:46:32 | ERROR | Error with DASVDD on data_ToNIoT.csv: Cannot re-initialize CUDA in forked subprocess. To use CUDA with multiprocessing, you must use the 'spawn' start method
2026-03-24 09:46:32 | INFO |   LODA: AUCROC=32.291017737546426%  Train=0.742156982421875s
2026-03-24 09:46:32 | INFO |   COPOD: AUCROC=44.50909551952895%  Train=0.8390200138092041s
2026-03-24 09:46:32 | INFO |   ECOD: AUCROC=43.31928035001995%  Train=0.191420316696167s
2026-03-24 09:46:32 | ERROR | Error with VAE on data_ToNIoT.csv: VAE.__init__() got an unexpected keyword argument 'epochs'
2026-03-24 09:46:32 | ERROR | Error with DeepSVDD on data_ToNIoT.csv: DeepSVDD.__init__() got an unexpected keyword argument 'device'
2026-03-24 09:46:32 | ERROR | Error with LUNAR on data_ToNIoT.csv: LUNAR.__init__() got an unexpected keyword argument 'n_neighbors'
2026-03-24 09:46:32 | ERROR | Error with AE1SVM on data_ToNIoT.csv: AE1SVM.__init__() got an unexpected keyword argument 'device'
2026-03-24 09:46:32 | ERROR | Error with DevNet on data_ToNIoT.csv: CUDA error: initialization error
CUDA kernel errors might be asynchronously reported at some other API call, so the stacktrace below might be incorrect.
For debugging consider passing CUDA_LAUNCH_BLOCKING=1
Compile with `TORCH_USE_CUDA_DSA` to enable device-side assertions.

2026-03-24 09:46:32 | ERROR | Error with ALAD on data_ToNIoT.csv: CUDA error: initialization error
CUDA kernel errors might be asynchronously reported at some other API call, so the stacktrace below might be incorrect.
For debugging consider passing CUDA_LAUNCH_BLOCKING=1
Compile with `TORCH_USE_CUDA_DSA` to enable device-side assertions.

2026-03-24 09:46:32 | INFO | 
Processing Dataset: data_ToNIoT.csv | Scaler: RobustScaler
2026-03-24 09:46:32 | INFO | --- Noise: 0% ---
2026-03-24 09:46:57 | INFO |   CBLOF: AUCROC=95.50000464326924%  Train=3.8846447467803955s
2026-03-24 09:46:57 | INFO |   KNN: AUCROC=99.47056331755397%  Train=2.0545454025268555s
2026-03-24 09:46:57 | INFO |   LOF: AUCROC=96.4501102325014%  Train=1.9810893535614014s
2026-03-24 09:46:57 | INFO |   HBOS: AUCROC=85.74633072097846%  Train=8.479500770568848s
2026-03-24 09:46:57 | INFO |   IForest: AUCROC=75.53307794062755%  Train=1.1758010387420654s
2026-03-24 09:46:57 | INFO |   PCA: AUCROC=35.59766710545561%  Train=0.033631324768066406s
2026-03-24 09:46:57 | INFO |   OCSVM: AUCROC=21.893626281058634%  Train=15.723998069763184s
2026-03-24 09:46:57 | ERROR | Error with AutoEncoder on data_ToNIoT.csv: AutoEncoder.__init__() got an unexpected keyword argument 'epochs'
2026-03-24 09:46:57 | ERROR | Error with DIF on data_ToNIoT.csv: Cannot re-initialize CUDA in forked subprocess. To use CUDA with multiprocessing, you must use the 'spawn' start method
2026-03-24 09:46:57 | ERROR | Error with NeuTraLAD on data_ToNIoT.csv: Cannot re-initialize CUDA in forked subprocess. To use CUDA with multiprocessing, you must use the 'spawn' start method
2026-03-24 09:46:57 | ERROR | Error with DASVDD on data_ToNIoT.csv: Cannot re-initialize CUDA in forked subprocess. To use CUDA with multiprocessing, you must use the 'spawn' start method
2026-03-24 09:46:57 | INFO |   LODA: AUCROC=57.66741758648541%  Train=0.6573879718780518s
2026-03-24 09:46:57 | INFO |   COPOD: AUCROC=55.208055220853225%  Train=0.7839643955230713s
2026-03-24 09:46:57 | INFO |   ECOD: AUCROC=44.70543325700314%  Train=0.1627652645111084s
2026-03-24 09:46:57 | ERROR | Error with VAE on data_ToNIoT.csv: VAE.__init__() got an unexpected keyword argument 'epochs'
2026-03-24 09:46:57 | ERROR | Error with DeepSVDD on data_ToNIoT.csv: DeepSVDD.__init__() got an unexpected keyword argument 'device'
2026-03-24 09:46:57 | ERROR | Error with LUNAR on data_ToNIoT.csv: LUNAR.__init__() got an unexpected keyword argument 'n_neighbors'
2026-03-24 09:46:57 | ERROR | Error with AE1SVM on data_ToNIoT.csv: AE1SVM.__init__() got an unexpected keyword argument 'device'
2026-03-24 09:46:57 | ERROR | Error with DevNet on data_ToNIoT.csv: CUDA error: initialization error
CUDA kernel errors might be asynchronously reported at some other API call, so the stacktrace below might be incorrect.
For debugging consider passing CUDA_LAUNCH_BLOCKING=1
Compile with `TORCH_USE_CUDA_DSA` to enable device-side assertions.

2026-03-24 09:46:57 | ERROR | Error with ALAD on data_ToNIoT.csv: CUDA error: initialization error
CUDA kernel errors might be asynchronously reported at some other API call, so the stacktrace below might be incorrect.
For debugging consider passing CUDA_LAUNCH_BLOCKING=1
Compile with `TORCH_USE_CUDA_DSA` to enable device-side assertions.

2026-03-24 09:46:57 | INFO | --- Noise: 1% ---
2026-03-24 09:47:24 | INFO |   CBLOF: AUCROC=94.35528480781637%  Train=4.034092903137207s
2026-03-24 09:47:24 | INFO |   KNN: AUCROC=95.73266306452157%  Train=2.0873422622680664s
2026-03-24 09:47:24 | INFO |   LOF: AUCROC=58.91980725789414%  Train=1.9858355522155762s
2026-03-24 09:47:24 | INFO |   HBOS: AUCROC=84.24123918279493%  Train=9.260506391525269s
2026-03-24 09:47:24 | INFO |   IForest: AUCROC=74.95632586102334%  Train=1.2085399627685547s
2026-03-24 09:47:24 | INFO |   PCA: AUCROC=35.349092589110136%  Train=0.03316617012023926s
2026-03-24 09:47:24 | INFO |   OCSVM: AUCROC=21.209027018409788%  Train=16.666142225265503s
2026-03-24 09:47:24 | ERROR | Error with AutoEncoder on data_ToNIoT.csv: AutoEncoder.__init__() got an unexpected keyword argument 'epochs'
2026-03-24 09:47:24 | ERROR | Error with DIF on data_ToNIoT.csv: Cannot re-initialize CUDA in forked subprocess. To use CUDA with multiprocessing, you must use the 'spawn' start method
2026-03-24 09:47:24 | ERROR | Error with NeuTraLAD on data_ToNIoT.csv: Cannot re-initialize CUDA in forked subprocess. To use CUDA with multiprocessing, you must use the 'spawn' start method
2026-03-24 09:47:24 | ERROR | Error with DASVDD on data_ToNIoT.csv: Cannot re-initialize CUDA in forked subprocess. To use CUDA with multiprocessing, you must use the 'spawn' start method
2026-03-24 09:47:24 | INFO |   LODA: AUCROC=50.84743049219428%  Train=0.8065526485443115s
2026-03-24 09:47:24 | INFO |   COPOD: AUCROC=54.95659962043854%  Train=0.8190455436706543s
2026-03-24 09:47:24 | INFO |   ECOD: AUCROC=44.41205925379052%  Train=0.17251253128051758s
2026-03-24 09:47:24 | ERROR | Error with VAE on data_ToNIoT.csv: VAE.__init__() got an unexpected keyword argument 'epochs'
2026-03-24 09:47:24 | ERROR | Error with DeepSVDD on data_ToNIoT.csv: DeepSVDD.__init__() got an unexpected keyword argument 'device'
2026-03-24 09:47:24 | ERROR | Error with LUNAR on data_ToNIoT.csv: LUNAR.__init__() got an unexpected keyword argument 'n_neighbors'
2026-03-24 09:47:24 | ERROR | Error with AE1SVM on data_ToNIoT.csv: AE1SVM.__init__() got an unexpected keyword argument 'device'
2026-03-24 09:47:24 | ERROR | Error with DevNet on data_ToNIoT.csv: CUDA error: initialization error
CUDA kernel errors might be asynchronously reported at some other API call, so the stacktrace below might be incorrect.
For debugging consider passing CUDA_LAUNCH_BLOCKING=1
Compile with `TORCH_USE_CUDA_DSA` to enable device-side assertions.

2026-03-24 09:47:24 | ERROR | Error with ALAD on data_ToNIoT.csv: CUDA error: initialization error
CUDA kernel errors might be asynchronously reported at some other API call, so the stacktrace below might be incorrect.
For debugging consider passing CUDA_LAUNCH_BLOCKING=1
Compile with `TORCH_USE_CUDA_DSA` to enable device-side assertions.

2026-03-24 09:47:24 | INFO | --- Noise: 3% ---
2026-03-24 09:47:51 | INFO |   CBLOF: AUCROC=94.09948984658895%  Train=4.061446666717529s
2026-03-24 09:47:51 | INFO |   KNN: AUCROC=90.42340875808283%  Train=2.224569797515869s
2026-03-24 09:47:51 | INFO |   LOF: AUCROC=54.07934015403788%  Train=1.9886219501495361s
2026-03-24 09:47:51 | INFO |   HBOS: AUCROC=82.34555841632533%  Train=8.801711559295654s
2026-03-24 09:47:51 | INFO |   IForest: AUCROC=79.8341930475298%  Train=1.1871352195739746s
2026-03-24 09:47:51 | INFO |   PCA: AUCROC=34.99825974138538%  Train=0.03303170204162598s
2026-03-24 09:47:51 | INFO |   OCSVM: AUCROC=19.921121174107377%  Train=17.090389728546143s
2026-03-24 09:47:51 | ERROR | Error with AutoEncoder on data_ToNIoT.csv: AutoEncoder.__init__() got an unexpected keyword argument 'epochs'
2026-03-24 09:47:51 | ERROR | Error with DIF on data_ToNIoT.csv: Cannot re-initialize CUDA in forked subprocess. To use CUDA with multiprocessing, you must use the 'spawn' start method
2026-03-24 09:47:51 | ERROR | Error with NeuTraLAD on data_ToNIoT.csv: Cannot re-initialize CUDA in forked subprocess. To use CUDA with multiprocessing, you must use the 'spawn' start method
2026-03-24 09:47:51 | ERROR | Error with DASVDD on data_ToNIoT.csv: Cannot re-initialize CUDA in forked subprocess. To use CUDA with multiprocessing, you must use the 'spawn' start method
2026-03-24 09:47:51 | INFO |   LODA: AUCROC=54.66580521124425%  Train=0.7094340324401855s
2026-03-24 09:47:51 | INFO |   COPOD: AUCROC=54.49405100476476%  Train=0.7949774265289307s
2026-03-24 09:47:51 | INFO |   ECOD: AUCROC=43.85140706535324%  Train=0.1632225513458252s
2026-03-24 09:47:51 | ERROR | Error with VAE on data_ToNIoT.csv: VAE.__init__() got an unexpected keyword argument 'epochs'
2026-03-24 09:47:51 | ERROR | Error with DeepSVDD on data_ToNIoT.csv: DeepSVDD.__init__() got an unexpected keyword argument 'device'
2026-03-24 09:47:51 | ERROR | Error with LUNAR on data_ToNIoT.csv: LUNAR.__init__() got an unexpected keyword argument 'n_neighbors'
2026-03-24 09:47:51 | ERROR | Error with AE1SVM on data_ToNIoT.csv: AE1SVM.__init__() got an unexpected keyword argument 'device'
2026-03-24 09:47:51 | ERROR | Error with DevNet on data_ToNIoT.csv: CUDA error: initialization error
CUDA kernel errors might be asynchronously reported at some other API call, so the stacktrace below might be incorrect.
For debugging consider passing CUDA_LAUNCH_BLOCKING=1
Compile with `TORCH_USE_CUDA_DSA` to enable device-side assertions.

2026-03-24 09:47:51 | ERROR | Error with ALAD on data_ToNIoT.csv: CUDA error: initialization error
CUDA kernel errors might be asynchronously reported at some other API call, so the stacktrace below might be incorrect.
For debugging consider passing CUDA_LAUNCH_BLOCKING=1
Compile with `TORCH_USE_CUDA_DSA` to enable device-side assertions.

2026-03-24 09:47:51 | INFO | --- Noise: 5% ---
2026-03-24 09:48:19 | INFO |   CBLOF: AUCROC=83.27722393894203%  Train=3.9425652027130127s
2026-03-24 09:48:19 | INFO |   KNN: AUCROC=87.81314820360942%  Train=2.131396770477295s
2026-03-24 09:48:19 | INFO |   LOF: AUCROC=53.44995145848955%  Train=2.1690621376037598s
2026-03-24 09:48:19 | INFO |   HBOS: AUCROC=81.10497522428926%  Train=9.29072380065918s
2026-03-24 09:48:19 | INFO |   IForest: AUCROC=77.25697548018498%  Train=1.2427935600280762s
2026-03-24 09:48:19 | INFO |   PCA: AUCROC=34.76140947985324%  Train=0.03329300880432129s
2026-03-24 09:48:19 | INFO |   OCSVM: AUCROC=19.150282052809963%  Train=17.61636519432068s
2026-03-24 09:48:19 | ERROR | Error with AutoEncoder on data_ToNIoT.csv: AutoEncoder.__init__() got an unexpected keyword argument 'epochs'
2026-03-24 09:48:19 | ERROR | Error with DIF on data_ToNIoT.csv: Cannot re-initialize CUDA in forked subprocess. To use CUDA with multiprocessing, you must use the 'spawn' start method
2026-03-24 09:48:19 | ERROR | Error with NeuTraLAD on data_ToNIoT.csv: Cannot re-initialize CUDA in forked subprocess. To use CUDA with multiprocessing, you must use the 'spawn' start method
2026-03-24 09:48:19 | ERROR | Error with DASVDD on data_ToNIoT.csv: Cannot re-initialize CUDA in forked subprocess. To use CUDA with multiprocessing, you must use the 'spawn' start method
2026-03-24 09:48:19 | INFO |   LODA: AUCROC=50.4833417557078%  Train=0.8607308864593506s
2026-03-24 09:48:19 | INFO |   COPOD: AUCROC=54.057053267842605%  Train=0.8530495166778564s
2026-03-24 09:48:19 | INFO |   ECOD: AUCROC=43.329561644429276%  Train=0.1977090835571289s
2026-03-24 09:48:19 | ERROR | Error with VAE on data_ToNIoT.csv: VAE.__init__() got an unexpected keyword argument 'epochs'
2026-03-24 09:48:19 | ERROR | Error with DeepSVDD on data_ToNIoT.csv: DeepSVDD.__init__() got an unexpected keyword argument 'device'
2026-03-24 09:48:19 | ERROR | Error with LUNAR on data_ToNIoT.csv: LUNAR.__init__() got an unexpected keyword argument 'n_neighbors'
2026-03-24 09:48:19 | ERROR | Error with AE1SVM on data_ToNIoT.csv: AE1SVM.__init__() got an unexpected keyword argument 'device'
2026-03-24 09:48:19 | ERROR | Error with DevNet on data_ToNIoT.csv: CUDA error: initialization error
CUDA kernel errors might be asynchronously reported at some other API call, so the stacktrace below might be incorrect.
For debugging consider passing CUDA_LAUNCH_BLOCKING=1
Compile with `TORCH_USE_CUDA_DSA` to enable device-side assertions.

2026-03-24 09:48:19 | ERROR | Error with ALAD on data_ToNIoT.csv: CUDA error: initialization error
CUDA kernel errors might be asynchronously reported at some other API call, so the stacktrace below might be incorrect.
For debugging consider passing CUDA_LAUNCH_BLOCKING=1
Compile with `TORCH_USE_CUDA_DSA` to enable device-side assertions.

2026-03-24 09:48:19 | INFO | 
Processing Dataset: data_N_BaIoT.csv | Scaler: StandardScaler
2026-03-24 09:48:20 | INFO | --- Noise: 0% ---
2026-03-24 09:50:34 | INFO |   CBLOF: AUCROC=99.91922404393151%  Train=4.87641167640686s
2026-03-24 09:50:34 | INFO |   KNN: AUCROC=99.9637534795499%  Train=3.2088606357574463s
2026-03-24 09:50:34 | INFO |   LOF: AUCROC=95.95863550052766%  Train=2.8688502311706543s
2026-03-24 09:50:34 | INFO |   HBOS: AUCROC=97.21013521200007%  Train=10.582310914993286s
2026-03-24 09:50:34 | INFO |   IForest: AUCROC=99.42127775546429%  Train=1.3186652660369873s
2026-03-24 09:50:34 | INFO |   PCA: AUCROC=99.7579067136256%  Train=0.17775225639343262s
2026-03-24 09:50:34 | INFO |   OCSVM: AUCROC=99.92043484087388%  Train=31.316461086273193s
2026-03-24 09:50:34 | ERROR | Error with AutoEncoder on data_N_BaIoT.csv: AutoEncoder.__init__() got an unexpected keyword argument 'epochs'
2026-03-24 09:50:34 | ERROR | Error with DIF on data_N_BaIoT.csv: Cannot re-initialize CUDA in forked subprocess. To use CUDA with multiprocessing, you must use the 'spawn' start method
2026-03-24 09:50:34 | ERROR | Error with NeuTraLAD on data_N_BaIoT.csv: Cannot re-initialize CUDA in forked subprocess. To use CUDA with multiprocessing, you must use the 'spawn' start method
2026-03-24 09:50:34 | ERROR | Error with DASVDD on data_N_BaIoT.csv: Cannot re-initialize CUDA in forked subprocess. To use CUDA with multiprocessing, you must use the 'spawn' start method
2026-03-24 09:50:34 | INFO |   LODA: AUCROC=99.75847099981712%  Train=0.9339401721954346s
2026-03-24 09:50:34 | INFO |   COPOD: AUCROC=94.2093724905387%  Train=0.8173081874847412s
2026-03-24 09:50:34 | INFO |   ECOD: AUCROC=89.95422736128943%  Train=0.6164765357971191s
2026-03-24 09:50:34 | ERROR | Error with VAE on data_N_BaIoT.csv: VAE.__init__() got an unexpected keyword argument 'epochs'
2026-03-24 09:50:34 | ERROR | Error with DeepSVDD on data_N_BaIoT.csv: DeepSVDD.__init__() got an unexpected keyword argument 'device'
2026-03-24 09:50:34 | ERROR | Error with LUNAR on data_N_BaIoT.csv: LUNAR.__init__() got an unexpected keyword argument 'n_neighbors'
2026-03-24 09:50:34 | ERROR | Error with AE1SVM on data_N_BaIoT.csv: AE1SVM.__init__() got an unexpected keyword argument 'device'
2026-03-24 09:50:34 | ERROR | Error with DevNet on data_N_BaIoT.csv: CUDA error: initialization error
CUDA kernel errors might be asynchronously reported at some other API call, so the stacktrace below might be incorrect.
For debugging consider passing CUDA_LAUNCH_BLOCKING=1
Compile with `TORCH_USE_CUDA_DSA` to enable device-side assertions.

2026-03-24 09:50:34 | ERROR | Error with ALAD on data_N_BaIoT.csv: CUDA error: initialization error
CUDA kernel errors might be asynchronously reported at some other API call, so the stacktrace below might be incorrect.
For debugging consider passing CUDA_LAUNCH_BLOCKING=1
Compile with `TORCH_USE_CUDA_DSA` to enable device-side assertions.

2026-03-24 09:50:34 | INFO | --- Noise: 1% ---
2026-03-24 09:52:37 | INFO |   CBLOF: AUCROC=99.91900397231683%  Train=5.19245457649231s
2026-03-24 09:52:37 | INFO |   KNN: AUCROC=82.41704219106589%  Train=3.480647325515747s
2026-03-24 09:52:37 | INFO |   LOF: AUCROC=40.37254561302633%  Train=2.8959720134735107s
2026-03-24 09:52:37 | INFO |   HBOS: AUCROC=96.161220692265%  Train=10.244004964828491s
2026-03-24 09:52:37 | INFO |   IForest: AUCROC=99.59114240932534%  Train=1.3023650646209717s
2026-03-24 09:52:37 | INFO |   PCA: AUCROC=99.64535257762063%  Train=0.16854453086853027s
2026-03-24 09:52:37 | INFO |   OCSVM: AUCROC=99.84126951882058%  Train=31.91731333732605s
2026-03-24 09:52:37 | ERROR | Error with AutoEncoder on data_N_BaIoT.csv: AutoEncoder.__init__() got an unexpected keyword argument 'epochs'
2026-03-24 09:52:37 | ERROR | Error with DIF on data_N_BaIoT.csv: Cannot re-initialize CUDA in forked subprocess. To use CUDA with multiprocessing, you must use the 'spawn' start method
2026-03-24 09:52:37 | ERROR | Error with NeuTraLAD on data_N_BaIoT.csv: Cannot re-initialize CUDA in forked subprocess. To use CUDA with multiprocessing, you must use the 'spawn' start method
2026-03-24 09:52:37 | ERROR | Error with DASVDD on data_N_BaIoT.csv: Cannot re-initialize CUDA in forked subprocess. To use CUDA with multiprocessing, you must use the 'spawn' start method
2026-03-24 09:52:37 | INFO |   LODA: AUCROC=99.73225748785205%  Train=1.0064222812652588s
2026-03-24 09:52:37 | INFO |   COPOD: AUCROC=94.02881219497911%  Train=1.3014929294586182s
2026-03-24 09:52:37 | INFO |   ECOD: AUCROC=89.66226729804809%  Train=0.6327931880950928s
2026-03-24 09:52:37 | ERROR | Error with VAE on data_N_BaIoT.csv: VAE.__init__() got an unexpected keyword argument 'epochs'
2026-03-24 09:52:37 | ERROR | Error with DeepSVDD on data_N_BaIoT.csv: DeepSVDD.__init__() got an unexpected keyword argument 'device'
2026-03-24 09:52:37 | ERROR | Error with LUNAR on data_N_BaIoT.csv: LUNAR.__init__() got an unexpected keyword argument 'n_neighbors'
2026-03-24 09:52:37 | ERROR | Error with AE1SVM on data_N_BaIoT.csv: AE1SVM.__init__() got an unexpected keyword argument 'device'
2026-03-24 09:52:37 | ERROR | Error with DevNet on data_N_BaIoT.csv: CUDA error: initialization error
CUDA kernel errors might be asynchronously reported at some other API call, so the stacktrace below might be incorrect.
For debugging consider passing CUDA_LAUNCH_BLOCKING=1
Compile with `TORCH_USE_CUDA_DSA` to enable device-side assertions.

2026-03-24 09:52:37 | ERROR | Error with ALAD on data_N_BaIoT.csv: CUDA error: initialization error
CUDA kernel errors might be asynchronously reported at some other API call, so the stacktrace below might be incorrect.
For debugging consider passing CUDA_LAUNCH_BLOCKING=1
Compile with `TORCH_USE_CUDA_DSA` to enable device-side assertions.

2026-03-24 09:52:37 | INFO | --- Noise: 3% ---
2026-03-24 09:54:40 | INFO |   CBLOF: AUCROC=99.92253640387568%  Train=5.097598552703857s
2026-03-24 09:54:40 | INFO |   KNN: AUCROC=74.04966869629123%  Train=3.6605610847473145s
2026-03-24 09:54:40 | INFO |   LOF: AUCROC=37.17152981404481%  Train=3.0448551177978516s
2026-03-24 09:54:40 | INFO |   HBOS: AUCROC=92.126129442996%  Train=10.561980247497559s
2026-03-24 09:54:40 | INFO |   IForest: AUCROC=99.53804791544297%  Train=1.3771741390228271s
2026-03-24 09:54:40 | INFO |   PCA: AUCROC=99.40732537631763%  Train=0.22230935096740723s
2026-03-24 09:54:40 | INFO |   OCSVM: AUCROC=98.70964031688764%  Train=34.5860710144043s
2026-03-24 09:54:40 | ERROR | Error with AutoEncoder on data_N_BaIoT.csv: AutoEncoder.__init__() got an unexpected keyword argument 'epochs'
2026-03-24 09:54:40 | ERROR | Error with DIF on data_N_BaIoT.csv: Cannot re-initialize CUDA in forked subprocess. To use CUDA with multiprocessing, you must use the 'spawn' start method
2026-03-24 09:54:40 | ERROR | Error with NeuTraLAD on data_N_BaIoT.csv: Cannot re-initialize CUDA in forked subprocess. To use CUDA with multiprocessing, you must use the 'spawn' start method
2026-03-24 09:54:40 | ERROR | Error with DASVDD on data_N_BaIoT.csv: Cannot re-initialize CUDA in forked subprocess. To use CUDA with multiprocessing, you must use the 'spawn' start method
2026-03-24 09:54:40 | INFO |   LODA: AUCROC=99.67734196181738%  Train=0.9797000885009766s
2026-03-24 09:54:40 | INFO |   COPOD: AUCROC=93.64903630236866%  Train=0.8517308235168457s
2026-03-24 09:54:40 | INFO |   ECOD: AUCROC=89.00375176154027%  Train=0.6520392894744873s
2026-03-24 09:54:40 | ERROR | Error with VAE on data_N_BaIoT.csv: VAE.__init__() got an unexpected keyword argument 'epochs'
2026-03-24 09:54:40 | ERROR | Error with DeepSVDD on data_N_BaIoT.csv: DeepSVDD.__init__() got an unexpected keyword argument 'device'
2026-03-24 09:54:40 | ERROR | Error with LUNAR on data_N_BaIoT.csv: LUNAR.__init__() got an unexpected keyword argument 'n_neighbors'
2026-03-24 09:54:40 | ERROR | Error with AE1SVM on data_N_BaIoT.csv: AE1SVM.__init__() got an unexpected keyword argument 'device'
2026-03-24 09:54:40 | ERROR | Error with DevNet on data_N_BaIoT.csv: CUDA error: initialization error
CUDA kernel errors might be asynchronously reported at some other API call, so the stacktrace below might be incorrect.
For debugging consider passing CUDA_LAUNCH_BLOCKING=1
Compile with `TORCH_USE_CUDA_DSA` to enable device-side assertions.

2026-03-24 09:54:40 | ERROR | Error with ALAD on data_N_BaIoT.csv: CUDA error: initialization error
CUDA kernel errors might be asynchronously reported at some other API call, so the stacktrace below might be incorrect.
For debugging consider passing CUDA_LAUNCH_BLOCKING=1
Compile with `TORCH_USE_CUDA_DSA` to enable device-side assertions.

2026-03-24 09:54:40 | INFO | --- Noise: 5% ---
2026-03-24 09:56:41 | INFO |   CBLOF: AUCROC=99.90477912355198%  Train=4.949208974838257s
2026-03-24 09:56:41 | INFO |   KNN: AUCROC=68.00805071946166%  Train=3.5608885288238525s
2026-03-24 09:56:41 | INFO |   LOF: AUCROC=39.052355343461336%  Train=3.325500965118408s
2026-03-24 09:56:41 | INFO |   HBOS: AUCROC=87.78371019912144%  Train=10.735121488571167s
2026-03-24 09:56:41 | INFO |   IForest: AUCROC=99.48935162936186%  Train=1.6015346050262451s
2026-03-24 09:56:41 | INFO |   PCA: AUCROC=99.13737247454522%  Train=0.2230842113494873s
2026-03-24 09:56:41 | INFO |   OCSVM: AUCROC=97.83161906412845%  Train=36.91296410560608s
2026-03-24 09:56:41 | ERROR | Error with AutoEncoder on data_N_BaIoT.csv: AutoEncoder.__init__() got an unexpected keyword argument 'epochs'
2026-03-24 09:56:41 | ERROR | Error with DIF on data_N_BaIoT.csv: Cannot re-initialize CUDA in forked subprocess. To use CUDA with multiprocessing, you must use the 'spawn' start method
2026-03-24 09:56:41 | ERROR | Error with NeuTraLAD on data_N_BaIoT.csv: Cannot re-initialize CUDA in forked subprocess. To use CUDA with multiprocessing, you must use the 'spawn' start method
2026-03-24 09:56:41 | ERROR | Error with DASVDD on data_N_BaIoT.csv: Cannot re-initialize CUDA in forked subprocess. To use CUDA with multiprocessing, you must use the 'spawn' start method
2026-03-24 09:56:41 | INFO |   LODA: AUCROC=99.62081257727495%  Train=1.400562047958374s
2026-03-24 09:56:41 | INFO |   COPOD: AUCROC=93.36556471569392%  Train=0.9911472797393799s
2026-03-24 09:56:41 | INFO |   ECOD: AUCROC=88.43365664674961%  Train=0.7770311832427979s
2026-03-24 09:56:41 | ERROR | Error with VAE on data_N_BaIoT.csv: VAE.__init__() got an unexpected keyword argument 'epochs'
2026-03-24 09:56:41 | ERROR | Error with DeepSVDD on data_N_BaIoT.csv: DeepSVDD.__init__() got an unexpected keyword argument 'device'
2026-03-24 09:56:41 | ERROR | Error with LUNAR on data_N_BaIoT.csv: LUNAR.__init__() got an unexpected keyword argument 'n_neighbors'
2026-03-24 09:56:41 | ERROR | Error with AE1SVM on data_N_BaIoT.csv: AE1SVM.__init__() got an unexpected keyword argument 'device'
2026-03-24 09:56:41 | ERROR | Error with DevNet on data_N_BaIoT.csv: CUDA error: initialization error
CUDA kernel errors might be asynchronously reported at some other API call, so the stacktrace below might be incorrect.
For debugging consider passing CUDA_LAUNCH_BLOCKING=1
Compile with `TORCH_USE_CUDA_DSA` to enable device-side assertions.

2026-03-24 09:56:41 | ERROR | Error with ALAD on data_N_BaIoT.csv: CUDA error: initialization error
CUDA kernel errors might be asynchronously reported at some other API call, so the stacktrace below might be incorrect.
For debugging consider passing CUDA_LAUNCH_BLOCKING=1
Compile with `TORCH_USE_CUDA_DSA` to enable device-side assertions.

2026-03-24 09:56:41 | INFO | 
Processing Dataset: data_N_BaIoT.csv | Scaler: MinMaxScaler
2026-03-24 09:56:42 | INFO | --- Noise: 0% ---
2026-03-24 09:59:09 | INFO |   CBLOF: AUCROC=99.39675710207376%  Train=5.016197443008423s
2026-03-24 09:59:09 | INFO |   KNN: AUCROC=99.2682352790953%  Train=3.5631303787231445s
2026-03-24 09:59:09 | INFO |   LOF: AUCROC=95.85538483157444%  Train=3.063392162322998s
2026-03-24 09:59:09 | INFO |   HBOS: AUCROC=99.7409313727387%  Train=10.268921613693237s
2026-03-24 09:59:09 | INFO |   IForest: AUCROC=99.22783238778314%  Train=1.3902888298034668s
2026-03-24 09:59:09 | INFO |   PCA: AUCROC=99.7579067136256%  Train=0.165327787399292s
2026-03-24 09:59:09 | INFO |   OCSVM: AUCROC=97.28904338077466%  Train=29.705318689346313s
2026-03-24 09:59:09 | ERROR | Error with AutoEncoder on data_N_BaIoT.csv: AutoEncoder.__init__() got an unexpected keyword argument 'epochs'
2026-03-24 09:59:09 | ERROR | Error with DIF on data_N_BaIoT.csv: Cannot re-initialize CUDA in forked subprocess. To use CUDA with multiprocessing, you must use the 'spawn' start method
2026-03-24 09:59:09 | ERROR | Error with NeuTraLAD on data_N_BaIoT.csv: Cannot re-initialize CUDA in forked subprocess. To use CUDA with multiprocessing, you must use the 'spawn' start method
2026-03-24 09:59:09 | ERROR | Error with DASVDD on data_N_BaIoT.csv: Cannot re-initialize CUDA in forked subprocess. To use CUDA with multiprocessing, you must use the 'spawn' start method
2026-03-24 09:59:09 | INFO |   LODA: AUCROC=99.41697950693124%  Train=1.220304250717163s
2026-03-24 09:59:09 | INFO |   COPOD: AUCROC=94.211452288216%  Train=0.9362003803253174s
2026-03-24 09:59:09 | INFO |   ECOD: AUCROC=89.95736640476048%  Train=0.7075779438018799s
2026-03-24 09:59:09 | ERROR | Error with VAE on data_N_BaIoT.csv: VAE.__init__() got an unexpected keyword argument 'epochs'
2026-03-24 09:59:09 | ERROR | Error with DeepSVDD on data_N_BaIoT.csv: DeepSVDD.__init__() got an unexpected keyword argument 'device'
2026-03-24 09:59:09 | ERROR | Error with LUNAR on data_N_BaIoT.csv: LUNAR.__init__() got an unexpected keyword argument 'n_neighbors'
2026-03-24 09:59:09 | ERROR | Error with AE1SVM on data_N_BaIoT.csv: AE1SVM.__init__() got an unexpected keyword argument 'device'
2026-03-24 09:59:09 | ERROR | Error with DevNet on data_N_BaIoT.csv: CUDA error: initialization error
CUDA kernel errors might be asynchronously reported at some other API call, so the stacktrace below might be incorrect.
For debugging consider passing CUDA_LAUNCH_BLOCKING=1
Compile with `TORCH_USE_CUDA_DSA` to enable device-side assertions.

2026-03-24 09:59:09 | ERROR | Error with ALAD on data_N_BaIoT.csv: CUDA error: initialization error
CUDA kernel errors might be asynchronously reported at some other API call, so the stacktrace below might be incorrect.
For debugging consider passing CUDA_LAUNCH_BLOCKING=1
Compile with `TORCH_USE_CUDA_DSA` to enable device-side assertions.

2026-03-24 09:59:09 | INFO | --- Noise: 1% ---
2026-03-24 10:01:11 | INFO |   CBLOF: AUCROC=99.37545529834424%  Train=4.767408847808838s
2026-03-24 10:01:11 | INFO |   KNN: AUCROC=62.52161861011991%  Train=3.4271881580352783s
2026-03-24 10:01:11 | INFO |   LOF: AUCROC=42.68719597872248%  Train=2.9755451679229736s
2026-03-24 10:01:11 | INFO |   HBOS: AUCROC=99.63634657000412%  Train=10.441438436508179s
2026-03-24 10:01:11 | INFO |   IForest: AUCROC=99.6692815366332%  Train=1.3258922100067139s
2026-03-24 10:01:11 | INFO |   PCA: AUCROC=99.64676168085315%  Train=0.13184237480163574s
2026-03-24 10:01:11 | INFO |   OCSVM: AUCROC=96.9673873536435%  Train=29.88856554031372s
2026-03-24 10:01:11 | ERROR | Error with AutoEncoder on data_N_BaIoT.csv: AutoEncoder.__init__() got an unexpected keyword argument 'epochs'
2026-03-24 10:01:11 | ERROR | Error with DIF on data_N_BaIoT.csv: Cannot re-initialize CUDA in forked subprocess. To use CUDA with multiprocessing, you must use the 'spawn' start method
2026-03-24 10:01:11 | ERROR | Error with NeuTraLAD on data_N_BaIoT.csv: Cannot re-initialize CUDA in forked subprocess. To use CUDA with multiprocessing, you must use the 'spawn' start method
2026-03-24 10:01:11 | ERROR | Error with DASVDD on data_N_BaIoT.csv: Cannot re-initialize CUDA in forked subprocess. To use CUDA with multiprocessing, you must use the 'spawn' start method
2026-03-24 10:01:11 | INFO |   LODA: AUCROC=99.18363588101778%  Train=0.9449598789215088s
2026-03-24 10:01:11 | INFO |   COPOD: AUCROC=94.03239138167957%  Train=1.027233362197876s
2026-03-24 10:01:11 | INFO |   ECOD: AUCROC=89.66606413799384%  Train=0.7546954154968262s
2026-03-24 10:01:11 | ERROR | Error with VAE on data_N_BaIoT.csv: VAE.__init__() got an unexpected keyword argument 'epochs'
2026-03-24 10:01:11 | ERROR | Error with DeepSVDD on data_N_BaIoT.csv: DeepSVDD.__init__() got an unexpected keyword argument 'device'
2026-03-24 10:01:11 | ERROR | Error with LUNAR on data_N_BaIoT.csv: LUNAR.__init__() got an unexpected keyword argument 'n_neighbors'
2026-03-24 10:01:11 | ERROR | Error with AE1SVM on data_N_BaIoT.csv: AE1SVM.__init__() got an unexpected keyword argument 'device'
2026-03-24 10:01:11 | ERROR | Error with DevNet on data_N_BaIoT.csv: CUDA error: initialization error
CUDA kernel errors might be asynchronously reported at some other API call, so the stacktrace below might be incorrect.
For debugging consider passing CUDA_LAUNCH_BLOCKING=1
Compile with `TORCH_USE_CUDA_DSA` to enable device-side assertions.

2026-03-24 10:01:11 | ERROR | Error with ALAD on data_N_BaIoT.csv: CUDA error: initialization error
CUDA kernel errors might be asynchronously reported at some other API call, so the stacktrace below might be incorrect.
For debugging consider passing CUDA_LAUNCH_BLOCKING=1
Compile with `TORCH_USE_CUDA_DSA` to enable device-side assertions.

2026-03-24 10:01:11 | INFO | --- Noise: 3% ---
2026-03-24 10:03:13 | INFO |   CBLOF: AUCROC=99.55991158699462%  Train=5.274828672409058s
2026-03-24 10:03:13 | INFO |   KNN: AUCROC=45.27018861217584%  Train=3.5251948833465576s
2026-03-24 10:03:13 | INFO |   LOF: AUCROC=45.30041500508567%  Train=3.229583740234375s
2026-03-24 10:03:13 | INFO |   HBOS: AUCROC=98.8173883467872%  Train=10.505288362503052s
2026-03-24 10:03:13 | INFO |   IForest: AUCROC=99.74176651630214%  Train=1.412621259689331s
2026-03-24 10:03:13 | INFO |   PCA: AUCROC=99.41014841952145%  Train=0.13273024559020996s
2026-03-24 10:03:13 | INFO |   OCSVM: AUCROC=95.95025020772182%  Train=30.91056203842163s
2026-03-24 10:03:13 | ERROR | Error with AutoEncoder on data_N_BaIoT.csv: AutoEncoder.__init__() got an unexpected keyword argument 'epochs'
2026-03-24 10:03:13 | ERROR | Error with DIF on data_N_BaIoT.csv: Cannot re-initialize CUDA in forked subprocess. To use CUDA with multiprocessing, you must use the 'spawn' start method
2026-03-24 10:03:13 | ERROR | Error with NeuTraLAD on data_N_BaIoT.csv: Cannot re-initialize CUDA in forked subprocess. To use CUDA with multiprocessing, you must use the 'spawn' start method
2026-03-24 10:03:13 | ERROR | Error with DASVDD on data_N_BaIoT.csv: Cannot re-initialize CUDA in forked subprocess. To use CUDA with multiprocessing, you must use the 'spawn' start method
2026-03-24 10:03:13 | INFO |   LODA: AUCROC=99.07484956452583%  Train=1.058415174484253s
2026-03-24 10:03:13 | INFO |   COPOD: AUCROC=93.68079432922688%  Train=0.9712798595428467s
2026-03-24 10:03:13 | INFO |   ECOD: AUCROC=89.06878010224995%  Train=0.739260196685791s
2026-03-24 10:03:13 | ERROR | Error with VAE on data_N_BaIoT.csv: VAE.__init__() got an unexpected keyword argument 'epochs'
2026-03-24 10:03:13 | ERROR | Error with DeepSVDD on data_N_BaIoT.csv: DeepSVDD.__init__() got an unexpected keyword argument 'device'
2026-03-24 10:03:13 | ERROR | Error with LUNAR on data_N_BaIoT.csv: LUNAR.__init__() got an unexpected keyword argument 'n_neighbors'
2026-03-24 10:03:13 | ERROR | Error with AE1SVM on data_N_BaIoT.csv: AE1SVM.__init__() got an unexpected keyword argument 'device'
2026-03-24 10:03:13 | ERROR | Error with DevNet on data_N_BaIoT.csv: CUDA error: initialization error
CUDA kernel errors might be asynchronously reported at some other API call, so the stacktrace below might be incorrect.
For debugging consider passing CUDA_LAUNCH_BLOCKING=1
Compile with `TORCH_USE_CUDA_DSA` to enable device-side assertions.

2026-03-24 10:03:13 | ERROR | Error with ALAD on data_N_BaIoT.csv: CUDA error: initialization error
CUDA kernel errors might be asynchronously reported at some other API call, so the stacktrace below might be incorrect.
For debugging consider passing CUDA_LAUNCH_BLOCKING=1
Compile with `TORCH_USE_CUDA_DSA` to enable device-side assertions.

2026-03-24 10:03:13 | INFO | --- Noise: 5% ---
2026-03-24 10:05:17 | INFO |   CBLOF: AUCROC=99.52511447593355%  Train=5.066396951675415s
2026-03-24 10:05:17 | INFO |   KNN: AUCROC=39.89804541581637%  Train=3.6990697383880615s
2026-03-24 10:05:17 | INFO |   LOF: AUCROC=43.637472466058355%  Train=3.190847873687744s
2026-03-24 10:05:17 | INFO |   HBOS: AUCROC=97.06503949745381%  Train=10.399383068084717s
2026-03-24 10:05:17 | INFO |   IForest: AUCROC=99.43223458105716%  Train=1.4336020946502686s
2026-03-24 10:05:17 | INFO |   PCA: AUCROC=99.12564660748563%  Train=0.16482996940612793s
2026-03-24 10:05:17 | INFO |   OCSVM: AUCROC=93.30906999444615%  Train=32.72901272773743s
2026-03-24 10:05:17 | ERROR | Error with AutoEncoder on data_N_BaIoT.csv: AutoEncoder.__init__() got an unexpected keyword argument 'epochs'
2026-03-24 10:05:17 | ERROR | Error with DIF on data_N_BaIoT.csv: Cannot re-initialize CUDA in forked subprocess. To use CUDA with multiprocessing, you must use the 'spawn' start method
2026-03-24 10:05:17 | ERROR | Error with NeuTraLAD on data_N_BaIoT.csv: Cannot re-initialize CUDA in forked subprocess. To use CUDA with multiprocessing, you must use the 'spawn' start method
2026-03-24 10:05:17 | ERROR | Error with DASVDD on data_N_BaIoT.csv: Cannot re-initialize CUDA in forked subprocess. To use CUDA with multiprocessing, you must use the 'spawn' start method
2026-03-24 10:05:17 | INFO |   LODA: AUCROC=98.88964922422578%  Train=1.126812219619751s
2026-03-24 10:05:17 | INFO |   COPOD: AUCROC=93.36632408368305%  Train=0.9186422824859619s
2026-03-24 10:05:17 | INFO |   ECOD: AUCROC=88.4507964367552%  Train=0.853316068649292s
2026-03-24 10:05:17 | ERROR | Error with VAE on data_N_BaIoT.csv: VAE.__init__() got an unexpected keyword argument 'epochs'
2026-03-24 10:05:17 | ERROR | Error with DeepSVDD on data_N_BaIoT.csv: DeepSVDD.__init__() got an unexpected keyword argument 'device'
2026-03-24 10:05:17 | ERROR | Error with LUNAR on data_N_BaIoT.csv: LUNAR.__init__() got an unexpected keyword argument 'n_neighbors'
2026-03-24 10:05:17 | ERROR | Error with AE1SVM on data_N_BaIoT.csv: AE1SVM.__init__() got an unexpected keyword argument 'device'
2026-03-24 10:05:17 | ERROR | Error with DevNet on data_N_BaIoT.csv: CUDA error: initialization error
CUDA kernel errors might be asynchronously reported at some other API call, so the stacktrace below might be incorrect.
For debugging consider passing CUDA_LAUNCH_BLOCKING=1
Compile with `TORCH_USE_CUDA_DSA` to enable device-side assertions.

2026-03-24 10:05:17 | ERROR | Error with ALAD on data_N_BaIoT.csv: CUDA error: initialization error
CUDA kernel errors might be asynchronously reported at some other API call, so the stacktrace below might be incorrect.
For debugging consider passing CUDA_LAUNCH_BLOCKING=1
Compile with `TORCH_USE_CUDA_DSA` to enable device-side assertions.

2026-03-24 10:05:17 | INFO | 
Processing Dataset: data_N_BaIoT.csv | Scaler: Normalizer
2026-03-24 10:05:18 | INFO | --- Noise: 0% ---
2026-03-24 10:08:04 | INFO |   CBLOF: AUCROC=92.53864280206852%  Train=5.258576154708862s
2026-03-24 10:08:04 | INFO |   KNN: AUCROC=95.57463552271216%  Train=3.2850236892700195s
2026-03-24 10:08:04 | INFO |   LOF: AUCROC=89.22530341829741%  Train=2.913771152496338s
2026-03-24 10:08:04 | INFO |   HBOS: AUCROC=99.18020179648086%  Train=10.432051181793213s
2026-03-24 10:08:04 | INFO |   IForest: AUCROC=96.96813382366255%  Train=1.3159658908843994s
2026-03-24 10:08:04 | INFO |   PCA: AUCROC=99.22935596050021%  Train=0.17996621131896973s
2026-03-24 10:08:04 | INFO |   OCSVM: AUCROC=82.58730506975351%  Train=30.080700874328613s
2026-03-24 10:08:04 | ERROR | Error with AutoEncoder on data_N_BaIoT.csv: AutoEncoder.__init__() got an unexpected keyword argument 'epochs'
2026-03-24 10:08:04 | ERROR | Error with DIF on data_N_BaIoT.csv: Cannot re-initialize CUDA in forked subprocess. To use CUDA with multiprocessing, you must use the 'spawn' start method
2026-03-24 10:08:04 | ERROR | Error with NeuTraLAD on data_N_BaIoT.csv: Cannot re-initialize CUDA in forked subprocess. To use CUDA with multiprocessing, you must use the 'spawn' start method
2026-03-24 10:08:04 | ERROR | Error with DASVDD on data_N_BaIoT.csv: Cannot re-initialize CUDA in forked subprocess. To use CUDA with multiprocessing, you must use the 'spawn' start method
2026-03-24 10:08:04 | INFO |   LODA: AUCROC=94.56708479306108%  Train=1.2034060955047607s
2026-03-24 10:08:04 | INFO |   COPOD: AUCROC=96.00297388496404%  Train=1.2919104099273682s
2026-03-24 10:08:04 | INFO |   ECOD: AUCROC=91.49414341872047%  Train=0.614680290222168s
2026-03-24 10:08:04 | ERROR | Error with VAE on data_N_BaIoT.csv: VAE.__init__() got an unexpected keyword argument 'epochs'
2026-03-24 10:08:04 | ERROR | Error with DeepSVDD on data_N_BaIoT.csv: DeepSVDD.__init__() got an unexpected keyword argument 'device'
2026-03-24 10:08:04 | ERROR | Error with LUNAR on data_N_BaIoT.csv: LUNAR.__init__() got an unexpected keyword argument 'n_neighbors'
2026-03-24 10:08:04 | ERROR | Error with AE1SVM on data_N_BaIoT.csv: AE1SVM.__init__() got an unexpected keyword argument 'device'
2026-03-24 10:08:04 | ERROR | Error with DevNet on data_N_BaIoT.csv: CUDA error: initialization error
CUDA kernel errors might be asynchronously reported at some other API call, so the stacktrace below might be incorrect.
For debugging consider passing CUDA_LAUNCH_BLOCKING=1
Compile with `TORCH_USE_CUDA_DSA` to enable device-side assertions.

2026-03-24 10:08:04 | ERROR | Error with ALAD on data_N_BaIoT.csv: CUDA error: initialization error
CUDA kernel errors might be asynchronously reported at some other API call, so the stacktrace below might be incorrect.
For debugging consider passing CUDA_LAUNCH_BLOCKING=1
Compile with `TORCH_USE_CUDA_DSA` to enable device-side assertions.

2026-03-24 10:08:04 | INFO | --- Noise: 1% ---
2026-03-24 10:10:19 | INFO |   CBLOF: AUCROC=92.22155507471925%  Train=5.321955919265747s
2026-03-24 10:10:19 | INFO |   KNN: AUCROC=47.69863131900575%  Train=3.3865458965301514s
2026-03-24 10:10:19 | INFO |   LOF: AUCROC=45.35550949045537%  Train=2.955409526824951s
2026-03-24 10:10:19 | INFO |   HBOS: AUCROC=98.64419762888876%  Train=10.777672290802002s
2026-03-24 10:10:19 | INFO |   IForest: AUCROC=98.44193811089623%  Train=1.4093806743621826s
2026-03-24 10:10:19 | INFO |   PCA: AUCROC=98.19553851475746%  Train=0.1993575096130371s
2026-03-24 10:10:19 | INFO |   OCSVM: AUCROC=80.88833608189077%  Train=31.206698656082153s
2026-03-24 10:10:19 | ERROR | Error with AutoEncoder on data_N_BaIoT.csv: AutoEncoder.__init__() got an unexpected keyword argument 'epochs'
2026-03-24 10:10:19 | ERROR | Error with DIF on data_N_BaIoT.csv: Cannot re-initialize CUDA in forked subprocess. To use CUDA with multiprocessing, you must use the 'spawn' start method
2026-03-24 10:10:19 | ERROR | Error with NeuTraLAD on data_N_BaIoT.csv: Cannot re-initialize CUDA in forked subprocess. To use CUDA with multiprocessing, you must use the 'spawn' start method
2026-03-24 10:10:19 | ERROR | Error with DASVDD on data_N_BaIoT.csv: Cannot re-initialize CUDA in forked subprocess. To use CUDA with multiprocessing, you must use the 'spawn' start method
2026-03-24 10:10:19 | INFO |   LODA: AUCROC=93.8656609345508%  Train=1.0579214096069336s
2026-03-24 10:10:19 | INFO |   COPOD: AUCROC=95.87014091548244%  Train=1.3930811882019043s
2026-03-24 10:10:19 | INFO |   ECOD: AUCROC=91.1559908878421%  Train=0.776862382888794s
2026-03-24 10:10:19 | ERROR | Error with VAE on data_N_BaIoT.csv: VAE.__init__() got an unexpected keyword argument 'epochs'
2026-03-24 10:10:19 | ERROR | Error with DeepSVDD on data_N_BaIoT.csv: DeepSVDD.__init__() got an unexpected keyword argument 'device'
2026-03-24 10:10:19 | ERROR | Error with LUNAR on data_N_BaIoT.csv: LUNAR.__init__() got an unexpected keyword argument 'n_neighbors'
2026-03-24 10:10:19 | ERROR | Error with AE1SVM on data_N_BaIoT.csv: AE1SVM.__init__() got an unexpected keyword argument 'device'
2026-03-24 10:10:19 | ERROR | Error with DevNet on data_N_BaIoT.csv: CUDA error: initialization error
CUDA kernel errors might be asynchronously reported at some other API call, so the stacktrace below might be incorrect.
For debugging consider passing CUDA_LAUNCH_BLOCKING=1
Compile with `TORCH_USE_CUDA_DSA` to enable device-side assertions.

2026-03-24 10:10:19 | ERROR | Error with ALAD on data_N_BaIoT.csv: CUDA error: initialization error
CUDA kernel errors might be asynchronously reported at some other API call, so the stacktrace below might be incorrect.
For debugging consider passing CUDA_LAUNCH_BLOCKING=1
Compile with `TORCH_USE_CUDA_DSA` to enable device-side assertions.

2026-03-24 10:10:19 | INFO | --- Noise: 3% ---
2026-03-24 10:12:35 | INFO |   CBLOF: AUCROC=92.71158200955018%  Train=5.34808874130249s
2026-03-24 10:12:35 | INFO |   KNN: AUCROC=35.45695508849426%  Train=3.9455220699310303s
2026-03-24 10:12:35 | INFO |   LOF: AUCROC=44.16993694698341%  Train=3.2704555988311768s
2026-03-24 10:12:35 | INFO |   HBOS: AUCROC=97.30552376205928%  Train=10.295397996902466s
2026-03-24 10:12:35 | INFO |   IForest: AUCROC=97.71797988638951%  Train=1.2968885898590088s
2026-03-24 10:12:35 | INFO |   PCA: AUCROC=96.51859764756503%  Train=0.14600872993469238s
2026-03-24 10:12:35 | INFO |   OCSVM: AUCROC=78.16116348976765%  Train=32.865885734558105s
2026-03-24 10:12:35 | ERROR | Error with AutoEncoder on data_N_BaIoT.csv: AutoEncoder.__init__() got an unexpected keyword argument 'epochs'
2026-03-24 10:12:35 | ERROR | Error with DIF on data_N_BaIoT.csv: Cannot re-initialize CUDA in forked subprocess. To use CUDA with multiprocessing, you must use the 'spawn' start method
2026-03-24 10:12:35 | ERROR | Error with NeuTraLAD on data_N_BaIoT.csv: Cannot re-initialize CUDA in forked subprocess. To use CUDA with multiprocessing, you must use the 'spawn' start method
2026-03-24 10:12:35 | ERROR | Error with DASVDD on data_N_BaIoT.csv: Cannot re-initialize CUDA in forked subprocess. To use CUDA with multiprocessing, you must use the 'spawn' start method
2026-03-24 10:12:35 | INFO |   LODA: AUCROC=93.1816896418208%  Train=0.9092779159545898s
2026-03-24 10:12:35 | INFO |   COPOD: AUCROC=95.54872027630547%  Train=0.8597843647003174s
2026-03-24 10:12:35 | INFO |   ECOD: AUCROC=90.58816742803384%  Train=0.6498913764953613s
2026-03-24 10:12:35 | ERROR | Error with VAE on data_N_BaIoT.csv: VAE.__init__() got an unexpected keyword argument 'epochs'
2026-03-24 10:12:35 | ERROR | Error with DeepSVDD on data_N_BaIoT.csv: DeepSVDD.__init__() got an unexpected keyword argument 'device'
2026-03-24 10:12:35 | ERROR | Error with LUNAR on data_N_BaIoT.csv: LUNAR.__init__() got an unexpected keyword argument 'n_neighbors'
2026-03-24 10:12:35 | ERROR | Error with AE1SVM on data_N_BaIoT.csv: AE1SVM.__init__() got an unexpected keyword argument 'device'
2026-03-24 10:12:35 | ERROR | Error with DevNet on data_N_BaIoT.csv: CUDA error: initialization error
CUDA kernel errors might be asynchronously reported at some other API call, so the stacktrace below might be incorrect.
For debugging consider passing CUDA_LAUNCH_BLOCKING=1
Compile with `TORCH_USE_CUDA_DSA` to enable device-side assertions.

2026-03-24 10:12:35 | ERROR | Error with ALAD on data_N_BaIoT.csv: CUDA error: initialization error
CUDA kernel errors might be asynchronously reported at some other API call, so the stacktrace below might be incorrect.
For debugging consider passing CUDA_LAUNCH_BLOCKING=1
Compile with `TORCH_USE_CUDA_DSA` to enable device-side assertions.

2026-03-24 10:12:35 | INFO | --- Noise: 5% ---
2026-03-24 10:14:49 | INFO |   CBLOF: AUCROC=92.6650300109968%  Train=5.387125015258789s
2026-03-24 10:14:49 | INFO |   KNN: AUCROC=31.8227617701071%  Train=3.5168941020965576s
2026-03-24 10:14:49 | INFO |   LOF: AUCROC=45.480732657582884%  Train=3.2710464000701904s
2026-03-24 10:14:49 | INFO |   HBOS: AUCROC=96.10012784467955%  Train=10.643630266189575s
2026-03-24 10:14:49 | INFO |   IForest: AUCROC=96.95940834689554%  Train=1.4438915252685547s
2026-03-24 10:14:49 | INFO |   PCA: AUCROC=95.07708826519465%  Train=0.2816131114959717s
2026-03-24 10:14:49 | INFO |   OCSVM: AUCROC=75.85977546181827%  Train=34.780858516693115s
2026-03-24 10:14:49 | ERROR | Error with AutoEncoder on data_N_BaIoT.csv: AutoEncoder.__init__() got an unexpected keyword argument 'epochs'
2026-03-24 10:14:49 | ERROR | Error with DIF on data_N_BaIoT.csv: Cannot re-initialize CUDA in forked subprocess. To use CUDA with multiprocessing, you must use the 'spawn' start method
2026-03-24 10:14:49 | ERROR | Error with NeuTraLAD on data_N_BaIoT.csv: Cannot re-initialize CUDA in forked subprocess. To use CUDA with multiprocessing, you must use the 'spawn' start method
2026-03-24 10:14:49 | ERROR | Error with DASVDD on data_N_BaIoT.csv: Cannot re-initialize CUDA in forked subprocess. To use CUDA with multiprocessing, you must use the 'spawn' start method
2026-03-24 10:14:49 | INFO |   LODA: AUCROC=92.6365988542991%  Train=1.1626315116882324s
2026-03-24 10:14:49 | INFO |   COPOD: AUCROC=95.32832298787153%  Train=0.981346845626831s
2026-03-24 10:14:49 | INFO |   ECOD: AUCROC=90.01911704882062%  Train=0.7779569625854492s
2026-03-24 10:14:49 | ERROR | Error with VAE on data_N_BaIoT.csv: VAE.__init__() got an unexpected keyword argument 'epochs'
2026-03-24 10:14:49 | ERROR | Error with DeepSVDD on data_N_BaIoT.csv: DeepSVDD.__init__() got an unexpected keyword argument 'device'
2026-03-24 10:14:49 | ERROR | Error with LUNAR on data_N_BaIoT.csv: LUNAR.__init__() got an unexpected keyword argument 'n_neighbors'
2026-03-24 10:14:49 | ERROR | Error with AE1SVM on data_N_BaIoT.csv: AE1SVM.__init__() got an unexpected keyword argument 'device'
2026-03-24 10:14:49 | ERROR | Error with DevNet on data_N_BaIoT.csv: CUDA error: initialization error
CUDA kernel errors might be asynchronously reported at some other API call, so the stacktrace below might be incorrect.
For debugging consider passing CUDA_LAUNCH_BLOCKING=1
Compile with `TORCH_USE_CUDA_DSA` to enable device-side assertions.

2026-03-24 10:14:49 | ERROR | Error with ALAD on data_N_BaIoT.csv: CUDA error: initialization error
CUDA kernel errors might be asynchronously reported at some other API call, so the stacktrace below might be incorrect.
For debugging consider passing CUDA_LAUNCH_BLOCKING=1
Compile with `TORCH_USE_CUDA_DSA` to enable device-side assertions.

2026-03-24 10:14:49 | INFO | 
Processing Dataset: data_N_BaIoT.csv | Scaler: QuantileTransformer
2026-03-24 10:14:50 | INFO | --- Noise: 0% ---
2026-03-24 10:16:48 | INFO |   CBLOF: AUCROC=91.89458266554094%  Train=4.652273654937744s
2026-03-24 10:16:48 | INFO |   KNN: AUCROC=86.44555547558815%  Train=3.5372462272644043s
2026-03-24 10:16:48 | INFO |   LOF: AUCROC=94.21745306880112%  Train=3.006901264190674s
2026-03-24 10:16:48 | INFO |   HBOS: AUCROC=22.577619339113173%  Train=10.360945701599121s
2026-03-24 10:16:48 | INFO |   IForest: AUCROC=97.74538807283433%  Train=1.3992915153503418s
2026-03-24 10:16:48 | INFO |   PCA: AUCROC=92.01007028361863%  Train=0.16661381721496582s
2026-03-24 10:16:48 | INFO |   OCSVM: AUCROC=95.27685525046697%  Train=29.20131492614746s
2026-03-24 10:16:48 | ERROR | Error with AutoEncoder on data_N_BaIoT.csv: AutoEncoder.__init__() got an unexpected keyword argument 'epochs'
2026-03-24 10:16:48 | ERROR | Error with DIF on data_N_BaIoT.csv: Cannot re-initialize CUDA in forked subprocess. To use CUDA with multiprocessing, you must use the 'spawn' start method
2026-03-24 10:16:48 | ERROR | Error with NeuTraLAD on data_N_BaIoT.csv: Cannot re-initialize CUDA in forked subprocess. To use CUDA with multiprocessing, you must use the 'spawn' start method
2026-03-24 10:16:48 | ERROR | Error with DASVDD on data_N_BaIoT.csv: Cannot re-initialize CUDA in forked subprocess. To use CUDA with multiprocessing, you must use the 'spawn' start method
2026-03-24 10:16:48 | INFO |   LODA: AUCROC=97.35660133586856%  Train=1.1263518333435059s
2026-03-24 10:16:48 | INFO |   COPOD: AUCROC=77.1472830812941%  Train=0.9799532890319824s
2026-03-24 10:16:48 | INFO |   ECOD: AUCROC=88.44913743535216%  Train=0.7473247051239014s
2026-03-24 10:16:48 | ERROR | Error with VAE on data_N_BaIoT.csv: VAE.__init__() got an unexpected keyword argument 'epochs'
2026-03-24 10:16:48 | ERROR | Error with DeepSVDD on data_N_BaIoT.csv: DeepSVDD.__init__() got an unexpected keyword argument 'device'
2026-03-24 10:16:48 | ERROR | Error with LUNAR on data_N_BaIoT.csv: LUNAR.__init__() got an unexpected keyword argument 'n_neighbors'
2026-03-24 10:16:48 | ERROR | Error with AE1SVM on data_N_BaIoT.csv: AE1SVM.__init__() got an unexpected keyword argument 'device'
2026-03-24 10:16:48 | ERROR | Error with DevNet on data_N_BaIoT.csv: CUDA error: initialization error
CUDA kernel errors might be asynchronously reported at some other API call, so the stacktrace below might be incorrect.
For debugging consider passing CUDA_LAUNCH_BLOCKING=1
Compile with `TORCH_USE_CUDA_DSA` to enable device-side assertions.

2026-03-24 10:16:48 | ERROR | Error with ALAD on data_N_BaIoT.csv: CUDA error: initialization error
CUDA kernel errors might be asynchronously reported at some other API call, so the stacktrace below might be incorrect.
For debugging consider passing CUDA_LAUNCH_BLOCKING=1
Compile with `TORCH_USE_CUDA_DSA` to enable device-side assertions.

2026-03-24 10:16:48 | INFO | --- Noise: 1% ---
2026-03-24 10:18:40 | INFO |   CBLOF: AUCROC=85.94393487789105%  Train=5.076974630355835s
2026-03-24 10:18:40 | INFO |   KNN: AUCROC=30.66724552756438%  Train=3.3893673419952393s
2026-03-24 10:18:40 | INFO |   LOF: AUCROC=46.36271600552962%  Train=3.058321475982666s
2026-03-24 10:18:40 | INFO |   HBOS: AUCROC=19.733175178424066%  Train=10.568974494934082s
2026-03-24 10:18:40 | INFO |   IForest: AUCROC=96.7544176837361%  Train=1.4467554092407227s
2026-03-24 10:18:40 | INFO |   PCA: AUCROC=91.56553045868534%  Train=0.1624584197998047s
2026-03-24 10:18:40 | INFO |   OCSVM: AUCROC=94.08831859224331%  Train=30.19011688232422s
2026-03-24 10:18:40 | ERROR | Error with AutoEncoder on data_N_BaIoT.csv: AutoEncoder.__init__() got an unexpected keyword argument 'epochs'
2026-03-24 10:18:40 | ERROR | Error with DIF on data_N_BaIoT.csv: Cannot re-initialize CUDA in forked subprocess. To use CUDA with multiprocessing, you must use the 'spawn' start method
2026-03-24 10:18:40 | ERROR | Error with NeuTraLAD on data_N_BaIoT.csv: Cannot re-initialize CUDA in forked subprocess. To use CUDA with multiprocessing, you must use the 'spawn' start method
2026-03-24 10:18:40 | ERROR | Error with DASVDD on data_N_BaIoT.csv: Cannot re-initialize CUDA in forked subprocess. To use CUDA with multiprocessing, you must use the 'spawn' start method
2026-03-24 10:18:40 | INFO |   LODA: AUCROC=96.72241137095362%  Train=1.0739514827728271s
2026-03-24 10:18:40 | INFO |   COPOD: AUCROC=76.29029680550816%  Train=0.9426975250244141s
2026-03-24 10:18:40 | INFO |   ECOD: AUCROC=88.14139025671862%  Train=0.7257053852081299s
2026-03-24 10:18:40 | ERROR | Error with VAE on data_N_BaIoT.csv: VAE.__init__() got an unexpected keyword argument 'epochs'
2026-03-24 10:18:40 | ERROR | Error with DeepSVDD on data_N_BaIoT.csv: DeepSVDD.__init__() got an unexpected keyword argument 'device'
2026-03-24 10:18:40 | ERROR | Error with LUNAR on data_N_BaIoT.csv: LUNAR.__init__() got an unexpected keyword argument 'n_neighbors'
2026-03-24 10:18:40 | ERROR | Error with AE1SVM on data_N_BaIoT.csv: AE1SVM.__init__() got an unexpected keyword argument 'device'
2026-03-24 10:18:40 | ERROR | Error with DevNet on data_N_BaIoT.csv: CUDA error: initialization error
CUDA kernel errors might be asynchronously reported at some other API call, so the stacktrace below might be incorrect.
For debugging consider passing CUDA_LAUNCH_BLOCKING=1
Compile with `TORCH_USE_CUDA_DSA` to enable device-side assertions.

2026-03-24 10:18:40 | ERROR | Error with ALAD on data_N_BaIoT.csv: CUDA error: initialization error
CUDA kernel errors might be asynchronously reported at some other API call, so the stacktrace below might be incorrect.
For debugging consider passing CUDA_LAUNCH_BLOCKING=1
Compile with `TORCH_USE_CUDA_DSA` to enable device-side assertions.

2026-03-24 10:18:40 | INFO | --- Noise: 3% ---
2026-03-24 10:20:33 | INFO |   CBLOF: AUCROC=86.83094037294221%  Train=5.234412908554077s
2026-03-24 10:20:33 | INFO |   KNN: AUCROC=18.327933275705202%  Train=3.3451168537139893s
2026-03-24 10:20:33 | INFO |   LOF: AUCROC=46.30523458956983%  Train=3.1685400009155273s
2026-03-24 10:20:33 | INFO |   HBOS: AUCROC=15.021388703803018%  Train=10.348497867584229s
2026-03-24 10:20:33 | INFO |   IForest: AUCROC=96.1770465015675%  Train=1.332045316696167s
2026-03-24 10:20:33 | INFO |   PCA: AUCROC=90.67535609360729%  Train=0.21163558959960938s
2026-03-24 10:20:33 | INFO |   OCSVM: AUCROC=92.37990022904215%  Train=31.204055070877075s
2026-03-24 10:20:33 | ERROR | Error with AutoEncoder on data_N_BaIoT.csv: AutoEncoder.__init__() got an unexpected keyword argument 'epochs'
2026-03-24 10:20:33 | ERROR | Error with DIF on data_N_BaIoT.csv: Cannot re-initialize CUDA in forked subprocess. To use CUDA with multiprocessing, you must use the 'spawn' start method
2026-03-24 10:20:33 | ERROR | Error with NeuTraLAD on data_N_BaIoT.csv: Cannot re-initialize CUDA in forked subprocess. To use CUDA with multiprocessing, you must use the 'spawn' start method
2026-03-24 10:20:33 | ERROR | Error with DASVDD on data_N_BaIoT.csv: Cannot re-initialize CUDA in forked subprocess. To use CUDA with multiprocessing, you must use the 'spawn' start method
2026-03-24 10:20:33 | INFO |   LODA: AUCROC=95.65848683852438%  Train=1.0502922534942627s
2026-03-24 10:20:33 | INFO |   COPOD: AUCROC=73.48846431350941%  Train=0.8566091060638428s
2026-03-24 10:20:33 | INFO |   ECOD: AUCROC=87.50561706597492%  Train=0.6613612174987793s
2026-03-24 10:20:33 | ERROR | Error with VAE on data_N_BaIoT.csv: VAE.__init__() got an unexpected keyword argument 'epochs'
2026-03-24 10:20:33 | ERROR | Error with DeepSVDD on data_N_BaIoT.csv: DeepSVDD.__init__() got an unexpected keyword argument 'device'
2026-03-24 10:20:33 | ERROR | Error with LUNAR on data_N_BaIoT.csv: LUNAR.__init__() got an unexpected keyword argument 'n_neighbors'
2026-03-24 10:20:33 | ERROR | Error with AE1SVM on data_N_BaIoT.csv: AE1SVM.__init__() got an unexpected keyword argument 'device'
2026-03-24 10:20:33 | ERROR | Error with DevNet on data_N_BaIoT.csv: CUDA error: initialization error
CUDA kernel errors might be asynchronously reported at some other API call, so the stacktrace below might be incorrect.
For debugging consider passing CUDA_LAUNCH_BLOCKING=1
Compile with `TORCH_USE_CUDA_DSA` to enable device-side assertions.

2026-03-24 10:20:33 | ERROR | Error with ALAD on data_N_BaIoT.csv: CUDA error: initialization error
CUDA kernel errors might be asynchronously reported at some other API call, so the stacktrace below might be incorrect.
For debugging consider passing CUDA_LAUNCH_BLOCKING=1
Compile with `TORCH_USE_CUDA_DSA` to enable device-side assertions.

2026-03-24 10:20:33 | INFO | --- Noise: 5% ---
2026-03-24 10:22:30 | INFO |   CBLOF: AUCROC=79.53347687484249%  Train=5.168662786483765s
2026-03-24 10:22:30 | INFO |   KNN: AUCROC=14.958804528425706%  Train=3.65110182762146s
2026-03-24 10:22:30 | INFO |   LOF: AUCROC=45.918297905189085%  Train=3.0402581691741943s
2026-03-24 10:22:30 | INFO |   HBOS: AUCROC=10.622961637051636%  Train=10.586984634399414s
2026-03-24 10:22:30 | INFO |   IForest: AUCROC=89.75005571923079%  Train=1.4704289436340332s
2026-03-24 10:22:30 | INFO |   PCA: AUCROC=89.85131607017424%  Train=0.19870424270629883s
2026-03-24 10:22:30 | INFO |   OCSVM: AUCROC=90.81582788587566%  Train=32.781660318374634s
2026-03-24 10:22:30 | ERROR | Error with AutoEncoder on data_N_BaIoT.csv: AutoEncoder.__init__() got an unexpected keyword argument 'epochs'
2026-03-24 10:22:30 | ERROR | Error with DIF on data_N_BaIoT.csv: Cannot re-initialize CUDA in forked subprocess. To use CUDA with multiprocessing, you must use the 'spawn' start method
2026-03-24 10:22:30 | ERROR | Error with NeuTraLAD on data_N_BaIoT.csv: Cannot re-initialize CUDA in forked subprocess. To use CUDA with multiprocessing, you must use the 'spawn' start method
2026-03-24 10:22:30 | ERROR | Error with DASVDD on data_N_BaIoT.csv: Cannot re-initialize CUDA in forked subprocess. To use CUDA with multiprocessing, you must use the 'spawn' start method
2026-03-24 10:22:30 | INFO |   LODA: AUCROC=94.80611964827752%  Train=1.221998929977417s
2026-03-24 10:22:30 | INFO |   COPOD: AUCROC=70.26852154954149%  Train=1.007692575454712s
2026-03-24 10:22:30 | INFO |   ECOD: AUCROC=86.88975834105277%  Train=0.7483429908752441s
2026-03-24 10:22:30 | ERROR | Error with VAE on data_N_BaIoT.csv: VAE.__init__() got an unexpected keyword argument 'epochs'
2026-03-24 10:22:30 | ERROR | Error with DeepSVDD on data_N_BaIoT.csv: DeepSVDD.__init__() got an unexpected keyword argument 'device'
2026-03-24 10:22:30 | ERROR | Error with LUNAR on data_N_BaIoT.csv: LUNAR.__init__() got an unexpected keyword argument 'n_neighbors'
2026-03-24 10:22:30 | ERROR | Error with AE1SVM on data_N_BaIoT.csv: AE1SVM.__init__() got an unexpected keyword argument 'device'
2026-03-24 10:22:30 | ERROR | Error with DevNet on data_N_BaIoT.csv: CUDA error: initialization error
CUDA kernel errors might be asynchronously reported at some other API call, so the stacktrace below might be incorrect.
For debugging consider passing CUDA_LAUNCH_BLOCKING=1
Compile with `TORCH_USE_CUDA_DSA` to enable device-side assertions.

2026-03-24 10:22:30 | ERROR | Error with ALAD on data_N_BaIoT.csv: CUDA error: initialization error
CUDA kernel errors might be asynchronously reported at some other API call, so the stacktrace below might be incorrect.
For debugging consider passing CUDA_LAUNCH_BLOCKING=1
Compile with `TORCH_USE_CUDA_DSA` to enable device-side assertions.

2026-03-24 10:22:30 | INFO | 
Processing Dataset: data_N_BaIoT.csv | Scaler: RobustScaler
2026-03-24 10:22:30 | INFO | --- Noise: 0% ---
2026-03-24 10:24:11 | INFO |   CBLOF: AUCROC=99.818253091192%  Train=4.863057374954224s
2026-03-24 10:24:11 | INFO |   KNN: AUCROC=99.94440652441237%  Train=3.390289545059204s
2026-03-24 10:24:11 | INFO |   LOF: AUCROC=87.64102237436667%  Train=2.7670397758483887s
2026-03-24 10:24:11 | INFO |   HBOS: AUCROC=97.92407010149928%  Train=10.583674669265747s
2026-03-24 10:24:11 | INFO |   IForest: AUCROC=98.32518246113389%  Train=1.3940742015838623s
2026-03-24 10:24:11 | INFO |   PCA: AUCROC=99.7579067136256%  Train=0.1373579502105713s
2026-03-24 10:24:11 | INFO |   OCSVM: AUCROC=99.91813013484312%  Train=32.7809362411499s
2026-03-24 10:24:11 | ERROR | Error with AutoEncoder on data_N_BaIoT.csv: AutoEncoder.__init__() got an unexpected keyword argument 'epochs'
2026-03-24 10:24:11 | ERROR | Error with DIF on data_N_BaIoT.csv: Cannot re-initialize CUDA in forked subprocess. To use CUDA with multiprocessing, you must use the 'spawn' start method
2026-03-24 10:24:11 | ERROR | Error with NeuTraLAD on data_N_BaIoT.csv: Cannot re-initialize CUDA in forked subprocess. To use CUDA with multiprocessing, you must use the 'spawn' start method
2026-03-24 10:24:11 | ERROR | Error with DASVDD on data_N_BaIoT.csv: Cannot re-initialize CUDA in forked subprocess. To use CUDA with multiprocessing, you must use the 'spawn' start method
2026-03-24 10:24:11 | INFO |   LODA: AUCROC=99.76334078964983%  Train=0.9835398197174072s
2026-03-24 10:24:11 | INFO |   COPOD: AUCROC=94.20846157140097%  Train=0.9761302471160889s
2026-03-24 10:24:11 | INFO |   ECOD: AUCROC=89.9532954829503%  Train=0.7663094997406006s
2026-03-24 10:24:11 | ERROR | Error with VAE on data_N_BaIoT.csv: VAE.__init__() got an unexpected keyword argument 'epochs'
2026-03-24 10:24:11 | ERROR | Error with DeepSVDD on data_N_BaIoT.csv: DeepSVDD.__init__() got an unexpected keyword argument 'device'
2026-03-24 10:24:11 | ERROR | Error with LUNAR on data_N_BaIoT.csv: LUNAR.__init__() got an unexpected keyword argument 'n_neighbors'
2026-03-24 10:24:11 | ERROR | Error with AE1SVM on data_N_BaIoT.csv: AE1SVM.__init__() got an unexpected keyword argument 'device'
2026-03-24 10:24:11 | ERROR | Error with DevNet on data_N_BaIoT.csv: CUDA error: initialization error
CUDA kernel errors might be asynchronously reported at some other API call, so the stacktrace below might be incorrect.
For debugging consider passing CUDA_LAUNCH_BLOCKING=1
Compile with `TORCH_USE_CUDA_DSA` to enable device-side assertions.

2026-03-24 10:24:11 | ERROR | Error with ALAD on data_N_BaIoT.csv: CUDA error: initialization error
CUDA kernel errors might be asynchronously reported at some other API call, so the stacktrace below might be incorrect.
For debugging consider passing CUDA_LAUNCH_BLOCKING=1
Compile with `TORCH_USE_CUDA_DSA` to enable device-side assertions.

2026-03-24 10:24:11 | INFO | --- Noise: 1% ---
2026-03-24 10:25:47 | INFO |   CBLOF: AUCROC=99.87904444872657%  Train=4.896481275558472s
2026-03-24 10:25:47 | INFO |   KNN: AUCROC=82.3594350198977%  Train=3.281949520111084s
2026-03-24 10:25:47 | INFO |   LOF: AUCROC=48.159151728882605%  Train=3.0650250911712646s
2026-03-24 10:25:47 | INFO |   HBOS: AUCROC=97.0007189328529%  Train=10.83432126045227s
2026-03-24 10:25:47 | INFO |   IForest: AUCROC=99.65001680605504%  Train=1.3020412921905518s
2026-03-24 10:25:47 | INFO |   PCA: AUCROC=99.64484149555575%  Train=0.19767045974731445s
2026-03-24 10:25:47 | INFO |   OCSVM: AUCROC=99.61012016006899%  Train=33.15927839279175s
2026-03-24 10:25:47 | ERROR | Error with AutoEncoder on data_N_BaIoT.csv: AutoEncoder.__init__() got an unexpected keyword argument 'epochs'
2026-03-24 10:25:47 | ERROR | Error with DIF on data_N_BaIoT.csv: Cannot re-initialize CUDA in forked subprocess. To use CUDA with multiprocessing, you must use the 'spawn' start method
2026-03-24 10:25:47 | ERROR | Error with NeuTraLAD on data_N_BaIoT.csv: Cannot re-initialize CUDA in forked subprocess. To use CUDA with multiprocessing, you must use the 'spawn' start method
2026-03-24 10:25:47 | ERROR | Error with DASVDD on data_N_BaIoT.csv: Cannot re-initialize CUDA in forked subprocess. To use CUDA with multiprocessing, you must use the 'spawn' start method
2026-03-24 10:25:47 | INFO |   LODA: AUCROC=99.75347303640658%  Train=1.0725281238555908s
2026-03-24 10:25:47 | INFO |   COPOD: AUCROC=94.02236159768704%  Train=0.9201819896697998s
2026-03-24 10:25:47 | INFO |   ECOD: AUCROC=89.65279857575455%  Train=0.7142400741577148s
2026-03-24 10:25:47 | ERROR | Error with VAE on data_N_BaIoT.csv: VAE.__init__() got an unexpected keyword argument 'epochs'
2026-03-24 10:25:47 | ERROR | Error with DeepSVDD on data_N_BaIoT.csv: DeepSVDD.__init__() got an unexpected keyword argument 'device'
2026-03-24 10:25:47 | ERROR | Error with LUNAR on data_N_BaIoT.csv: LUNAR.__init__() got an unexpected keyword argument 'n_neighbors'
2026-03-24 10:25:47 | ERROR | Error with AE1SVM on data_N_BaIoT.csv: AE1SVM.__init__() got an unexpected keyword argument 'device'
2026-03-24 10:25:47 | ERROR | Error with DevNet on data_N_BaIoT.csv: CUDA error: initialization error
CUDA kernel errors might be asynchronously reported at some other API call, so the stacktrace below might be incorrect.
For debugging consider passing CUDA_LAUNCH_BLOCKING=1
Compile with `TORCH_USE_CUDA_DSA` to enable device-side assertions.

2026-03-24 10:25:47 | ERROR | Error with ALAD on data_N_BaIoT.csv: CUDA error: initialization error
CUDA kernel errors might be asynchronously reported at some other API call, so the stacktrace below might be incorrect.
For debugging consider passing CUDA_LAUNCH_BLOCKING=1
Compile with `TORCH_USE_CUDA_DSA` to enable device-side assertions.

2026-03-24 10:25:47 | INFO | --- Noise: 3% ---
2026-03-24 10:27:23 | INFO |   CBLOF: AUCROC=99.88292834997043%  Train=4.732721567153931s
2026-03-24 10:27:23 | INFO |   KNN: AUCROC=75.01060051916909%  Train=3.5466814041137695s
2026-03-24 10:27:23 | INFO |   LOF: AUCROC=43.399311448315636%  Train=2.996446371078491s
2026-03-24 10:27:23 | INFO |   HBOS: AUCROC=93.97031990061339%  Train=10.245816946029663s
2026-03-24 10:27:23 | INFO |   IForest: AUCROC=99.65842305806228%  Train=1.476243257522583s
2026-03-24 10:27:23 | INFO |   PCA: AUCROC=99.4156010363777%  Train=0.13187575340270996s
2026-03-24 10:27:23 | INFO |   OCSVM: AUCROC=97.28069678187907%  Train=34.962769508361816s
2026-03-24 10:27:23 | ERROR | Error with AutoEncoder on data_N_BaIoT.csv: AutoEncoder.__init__() got an unexpected keyword argument 'epochs'
2026-03-24 10:27:23 | ERROR | Error with DIF on data_N_BaIoT.csv: Cannot re-initialize CUDA in forked subprocess. To use CUDA with multiprocessing, you must use the 'spawn' start method
2026-03-24 10:27:23 | ERROR | Error with NeuTraLAD on data_N_BaIoT.csv: Cannot re-initialize CUDA in forked subprocess. To use CUDA with multiprocessing, you must use the 'spawn' start method
2026-03-24 10:27:23 | ERROR | Error with DASVDD on data_N_BaIoT.csv: Cannot re-initialize CUDA in forked subprocess. To use CUDA with multiprocessing, you must use the 'spawn' start method
2026-03-24 10:27:23 | INFO |   LODA: AUCROC=99.70689524191305%  Train=1.0828335285186768s
2026-03-24 10:27:23 | INFO |   COPOD: AUCROC=93.68128767658288%  Train=0.9811298847198486s
2026-03-24 10:27:23 | INFO |   ECOD: AUCROC=89.06176521876633%  Train=0.7801389694213867s
2026-03-24 10:27:23 | ERROR | Error with VAE on data_N_BaIoT.csv: VAE.__init__() got an unexpected keyword argument 'epochs'
2026-03-24 10:27:23 | ERROR | Error with DeepSVDD on data_N_BaIoT.csv: DeepSVDD.__init__() got an unexpected keyword argument 'device'
2026-03-24 10:27:23 | ERROR | Error with LUNAR on data_N_BaIoT.csv: LUNAR.__init__() got an unexpected keyword argument 'n_neighbors'
2026-03-24 10:27:23 | ERROR | Error with AE1SVM on data_N_BaIoT.csv: AE1SVM.__init__() got an unexpected keyword argument 'device'
2026-03-24 10:27:23 | ERROR | Error with DevNet on data_N_BaIoT.csv: CUDA error: initialization error
CUDA kernel errors might be asynchronously reported at some other API call, so the stacktrace below might be incorrect.
For debugging consider passing CUDA_LAUNCH_BLOCKING=1
Compile with `TORCH_USE_CUDA_DSA` to enable device-side assertions.

2026-03-24 10:27:23 | ERROR | Error with ALAD on data_N_BaIoT.csv: CUDA error: initialization error
CUDA kernel errors might be asynchronously reported at some other API call, so the stacktrace below might be incorrect.
For debugging consider passing CUDA_LAUNCH_BLOCKING=1
Compile with `TORCH_USE_CUDA_DSA` to enable device-side assertions.

2026-03-24 10:27:23 | INFO | --- Noise: 5% ---
2026-03-24 10:29:00 | INFO |   CBLOF: AUCROC=99.79342288651928%  Train=4.826094627380371s
2026-03-24 10:29:00 | INFO |   KNN: AUCROC=71.13208417782792%  Train=3.569579601287842s
2026-03-24 10:29:00 | INFO |   LOF: AUCROC=43.87471450343202%  Train=3.3399391174316406s
2026-03-24 10:29:00 | INFO |   HBOS: AUCROC=89.652018248564%  Train=10.792076587677002s
2026-03-24 10:29:00 | INFO |   IForest: AUCROC=99.49011260959728%  Train=1.5302374362945557s
2026-03-24 10:29:00 | INFO |   PCA: AUCROC=99.14067919162748%  Train=0.1400611400604248s
2026-03-24 10:29:00 | INFO |   OCSVM: AUCROC=94.31557437627352%  Train=36.63583469390869s
2026-03-24 10:29:00 | ERROR | Error with AutoEncoder on data_N_BaIoT.csv: AutoEncoder.__init__() got an unexpected keyword argument 'epochs'
2026-03-24 10:29:00 | ERROR | Error with DIF on data_N_BaIoT.csv: Cannot re-initialize CUDA in forked subprocess. To use CUDA with multiprocessing, you must use the 'spawn' start method
2026-03-24 10:29:00 | ERROR | Error with NeuTraLAD on data_N_BaIoT.csv: Cannot re-initialize CUDA in forked subprocess. To use CUDA with multiprocessing, you must use the 'spawn' start method
2026-03-24 10:29:00 | ERROR | Error with DASVDD on data_N_BaIoT.csv: Cannot re-initialize CUDA in forked subprocess. To use CUDA with multiprocessing, you must use the 'spawn' start method
2026-03-24 10:29:00 | INFO |   LODA: AUCROC=99.68281634399816%  Train=1.1336212158203125s
2026-03-24 10:29:00 | INFO |   COPOD: AUCROC=93.36424428600579%  Train=0.9779999256134033s
2026-03-24 10:29:00 | INFO |   ECOD: AUCROC=88.45870934140643%  Train=0.7495255470275879s
2026-03-24 10:29:00 | ERROR | Error with VAE on data_N_BaIoT.csv: VAE.__init__() got an unexpected keyword argument 'epochs'
2026-03-24 10:29:00 | ERROR | Error with DeepSVDD on data_N_BaIoT.csv: DeepSVDD.__init__() got an unexpected keyword argument 'device'
2026-03-24 10:29:00 | ERROR | Error with LUNAR on data_N_BaIoT.csv: LUNAR.__init__() got an unexpected keyword argument 'n_neighbors'
2026-03-24 10:29:00 | ERROR | Error with AE1SVM on data_N_BaIoT.csv: AE1SVM.__init__() got an unexpected keyword argument 'device'
2026-03-24 10:29:00 | ERROR | Error with DevNet on data_N_BaIoT.csv: CUDA error: initialization error
CUDA kernel errors might be asynchronously reported at some other API call, so the stacktrace below might be incorrect.
For debugging consider passing CUDA_LAUNCH_BLOCKING=1
Compile with `TORCH_USE_CUDA_DSA` to enable device-side assertions.

2026-03-24 10:29:00 | ERROR | Error with ALAD on data_N_BaIoT.csv: CUDA error: initialization error
CUDA kernel errors might be asynchronously reported at some other API call, so the stacktrace below might be incorrect.
For debugging consider passing CUDA_LAUNCH_BLOCKING=1
Compile with `TORCH_USE_CUDA_DSA` to enable device-side assertions.

2026-03-24 10:29:00 | INFO | 
Processing Dataset: data_CICIoT2023.csv | Scaler: StandardScaler
2026-03-24 10:29:01 | INFO | --- Noise: 0% ---
2026-03-24 10:29:52 | INFO |   CBLOF: AUCROC=95.19429373166393%  Train=4.088571310043335s
2026-03-24 10:29:52 | INFO |   KNN: AUCROC=95.83618217247735%  Train=2.102436065673828s
2026-03-24 10:29:52 | INFO |   LOF: AUCROC=92.56929966473018%  Train=2.0086522102355957s
2026-03-24 10:29:52 | INFO |   HBOS: AUCROC=96.20034184779931%  Train=8.877856969833374s
2026-03-24 10:29:52 | INFO |   IForest: AUCROC=94.65727143055771%  Train=1.2175476551055908s
2026-03-24 10:29:52 | INFO |   PCA: AUCROC=93.31015100556444%  Train=0.03141379356384277s
2026-03-24 10:29:52 | INFO |   OCSVM: AUCROC=92.9973220267148%  Train=14.964728593826294s
2026-03-24 10:29:52 | ERROR | Error with AutoEncoder on data_CICIoT2023.csv: AutoEncoder.__init__() got an unexpected keyword argument 'epochs'
2026-03-24 10:29:52 | ERROR | Error with DIF on data_CICIoT2023.csv: Cannot re-initialize CUDA in forked subprocess. To use CUDA with multiprocessing, you must use the 'spawn' start method
2026-03-24 10:29:52 | ERROR | Error with NeuTraLAD on data_CICIoT2023.csv: Cannot re-initialize CUDA in forked subprocess. To use CUDA with multiprocessing, you must use the 'spawn' start method
2026-03-24 10:29:52 | ERROR | Error with DASVDD on data_CICIoT2023.csv: Cannot re-initialize CUDA in forked subprocess. To use CUDA with multiprocessing, you must use the 'spawn' start method
2026-03-24 10:29:52 | INFO |   LODA: AUCROC=92.54025262996059%  Train=1.0311815738677979s
2026-03-24 10:29:52 | INFO |   COPOD: AUCROC=92.3949956907882%  Train=0.8181502819061279s
2026-03-24 10:29:52 | INFO |   ECOD: AUCROC=89.42017239942743%  Train=0.1676957607269287s
2026-03-24 10:29:52 | ERROR | Error with VAE on data_CICIoT2023.csv: VAE.__init__() got an unexpected keyword argument 'epochs'
2026-03-24 10:29:52 | ERROR | Error with DeepSVDD on data_CICIoT2023.csv: DeepSVDD.__init__() got an unexpected keyword argument 'device'
2026-03-24 10:29:52 | ERROR | Error with LUNAR on data_CICIoT2023.csv: LUNAR.__init__() got an unexpected keyword argument 'n_neighbors'
2026-03-24 10:29:52 | ERROR | Error with AE1SVM on data_CICIoT2023.csv: AE1SVM.__init__() got an unexpected keyword argument 'device'
2026-03-24 10:29:52 | ERROR | Error with DevNet on data_CICIoT2023.csv: CUDA error: initialization error
CUDA kernel errors might be asynchronously reported at some other API call, so the stacktrace below might be incorrect.
For debugging consider passing CUDA_LAUNCH_BLOCKING=1
Compile with `TORCH_USE_CUDA_DSA` to enable device-side assertions.

2026-03-24 10:29:52 | ERROR | Error with ALAD on data_CICIoT2023.csv: CUDA error: initialization error
CUDA kernel errors might be asynchronously reported at some other API call, so the stacktrace below might be incorrect.
For debugging consider passing CUDA_LAUNCH_BLOCKING=1
Compile with `TORCH_USE_CUDA_DSA` to enable device-side assertions.

2026-03-24 10:29:52 | INFO | --- Noise: 1% ---
2026-03-24 10:30:44 | INFO |   CBLOF: AUCROC=93.14512792722654%  Train=4.140936851501465s
2026-03-24 10:30:44 | INFO |   KNN: AUCROC=95.04175588837475%  Train=2.0252609252929688s
2026-03-24 10:30:44 | INFO |   LOF: AUCROC=62.74245201116758%  Train=2.03692889213562s
2026-03-24 10:30:44 | INFO |   HBOS: AUCROC=96.14687976176933%  Train=9.302969455718994s
2026-03-24 10:30:44 | INFO |   IForest: AUCROC=94.89189276163339%  Train=1.209296464920044s
2026-03-24 10:30:44 | INFO |   PCA: AUCROC=93.29151746939762%  Train=0.029091835021972656s
2026-03-24 10:30:44 | INFO |   OCSVM: AUCROC=92.80482949657419%  Train=15.632975101470947s
2026-03-24 10:30:44 | ERROR | Error with AutoEncoder on data_CICIoT2023.csv: AutoEncoder.__init__() got an unexpected keyword argument 'epochs'
2026-03-24 10:30:44 | ERROR | Error with DIF on data_CICIoT2023.csv: Cannot re-initialize CUDA in forked subprocess. To use CUDA with multiprocessing, you must use the 'spawn' start method
2026-03-24 10:30:44 | ERROR | Error with NeuTraLAD on data_CICIoT2023.csv: Cannot re-initialize CUDA in forked subprocess. To use CUDA with multiprocessing, you must use the 'spawn' start method
2026-03-24 10:30:44 | ERROR | Error with DASVDD on data_CICIoT2023.csv: Cannot re-initialize CUDA in forked subprocess. To use CUDA with multiprocessing, you must use the 'spawn' start method
2026-03-24 10:30:44 | INFO |   LODA: AUCROC=90.58652454909341%  Train=1.0012919902801514s
2026-03-24 10:30:44 | INFO |   COPOD: AUCROC=92.33134904512458%  Train=0.814462423324585s
2026-03-24 10:30:44 | INFO |   ECOD: AUCROC=89.20860860826002%  Train=0.16730999946594238s
2026-03-24 10:30:44 | ERROR | Error with VAE on data_CICIoT2023.csv: VAE.__init__() got an unexpected keyword argument 'epochs'
2026-03-24 10:30:44 | ERROR | Error with DeepSVDD on data_CICIoT2023.csv: DeepSVDD.__init__() got an unexpected keyword argument 'device'
2026-03-24 10:30:44 | ERROR | Error with LUNAR on data_CICIoT2023.csv: LUNAR.__init__() got an unexpected keyword argument 'n_neighbors'
2026-03-24 10:30:44 | ERROR | Error with AE1SVM on data_CICIoT2023.csv: AE1SVM.__init__() got an unexpected keyword argument 'device'
2026-03-24 10:30:44 | ERROR | Error with DevNet on data_CICIoT2023.csv: CUDA error: initialization error
CUDA kernel errors might be asynchronously reported at some other API call, so the stacktrace below might be incorrect.
For debugging consider passing CUDA_LAUNCH_BLOCKING=1
Compile with `TORCH_USE_CUDA_DSA` to enable device-side assertions.

2026-03-24 10:30:44 | ERROR | Error with ALAD on data_CICIoT2023.csv: CUDA error: initialization error
CUDA kernel errors might be asynchronously reported at some other API call, so the stacktrace below might be incorrect.
For debugging consider passing CUDA_LAUNCH_BLOCKING=1
Compile with `TORCH_USE_CUDA_DSA` to enable device-side assertions.

2026-03-24 10:30:44 | INFO | --- Noise: 3% ---
2026-03-24 10:31:37 | INFO |   CBLOF: AUCROC=87.17447861245701%  Train=4.061927795410156s
2026-03-24 10:31:37 | INFO |   KNN: AUCROC=85.50952802071104%  Train=2.2506186962127686s
2026-03-24 10:31:37 | INFO |   LOF: AUCROC=53.32575206773807%  Train=2.084557056427002s
2026-03-24 10:31:37 | INFO |   HBOS: AUCROC=96.10967395479365%  Train=9.282099723815918s
2026-03-24 10:31:37 | INFO |   IForest: AUCROC=95.14104526826357%  Train=1.2596156597137451s
2026-03-24 10:31:37 | INFO |   PCA: AUCROC=92.81850215099446%  Train=0.02936387062072754s
2026-03-24 10:31:37 | INFO |   OCSVM: AUCROC=92.4209560800902%  Train=16.423567295074463s
2026-03-24 10:31:37 | ERROR | Error with AutoEncoder on data_CICIoT2023.csv: AutoEncoder.__init__() got an unexpected keyword argument 'epochs'
2026-03-24 10:31:37 | ERROR | Error with DIF on data_CICIoT2023.csv: Cannot re-initialize CUDA in forked subprocess. To use CUDA with multiprocessing, you must use the 'spawn' start method
2026-03-24 10:31:37 | ERROR | Error with NeuTraLAD on data_CICIoT2023.csv: Cannot re-initialize CUDA in forked subprocess. To use CUDA with multiprocessing, you must use the 'spawn' start method
2026-03-24 10:31:37 | ERROR | Error with DASVDD on data_CICIoT2023.csv: Cannot re-initialize CUDA in forked subprocess. To use CUDA with multiprocessing, you must use the 'spawn' start method
2026-03-24 10:31:37 | INFO |   LODA: AUCROC=89.70090477970398%  Train=0.7772138118743896s
2026-03-24 10:31:37 | INFO |   COPOD: AUCROC=92.2161218048181%  Train=0.8510749340057373s
2026-03-24 10:31:37 | INFO |   ECOD: AUCROC=88.80039752833619%  Train=0.17875099182128906s
2026-03-24 10:31:37 | ERROR | Error with VAE on data_CICIoT2023.csv: VAE.__init__() got an unexpected keyword argument 'epochs'
2026-03-24 10:31:37 | ERROR | Error with DeepSVDD on data_CICIoT2023.csv: DeepSVDD.__init__() got an unexpected keyword argument 'device'
2026-03-24 10:31:37 | ERROR | Error with LUNAR on data_CICIoT2023.csv: LUNAR.__init__() got an unexpected keyword argument 'n_neighbors'
2026-03-24 10:31:37 | ERROR | Error with AE1SVM on data_CICIoT2023.csv: AE1SVM.__init__() got an unexpected keyword argument 'device'
2026-03-24 10:31:37 | ERROR | Error with DevNet on data_CICIoT2023.csv: CUDA error: initialization error
CUDA kernel errors might be asynchronously reported at some other API call, so the stacktrace below might be incorrect.
For debugging consider passing CUDA_LAUNCH_BLOCKING=1
Compile with `TORCH_USE_CUDA_DSA` to enable device-side assertions.

2026-03-24 10:31:37 | ERROR | Error with ALAD on data_CICIoT2023.csv: CUDA error: initialization error
CUDA kernel errors might be asynchronously reported at some other API call, so the stacktrace below might be incorrect.
For debugging consider passing CUDA_LAUNCH_BLOCKING=1
Compile with `TORCH_USE_CUDA_DSA` to enable device-side assertions.

2026-03-24 10:31:37 | INFO | --- Noise: 5% ---
2026-03-24 10:32:32 | INFO |   CBLOF: AUCROC=80.92376841797883%  Train=4.060549020767212s
2026-03-24 10:32:32 | INFO |   KNN: AUCROC=75.1281792206479%  Train=2.3253021240234375s
2026-03-24 10:32:32 | INFO |   LOF: AUCROC=55.50792980099206%  Train=2.192722797393799s
2026-03-24 10:32:32 | INFO |   HBOS: AUCROC=96.0418370810965%  Train=9.049132823944092s
2026-03-24 10:32:32 | INFO |   IForest: AUCROC=94.82788013606842%  Train=1.243140697479248s
2026-03-24 10:32:32 | INFO |   PCA: AUCROC=92.46208770671254%  Train=0.030055522918701172s
2026-03-24 10:32:32 | INFO |   OCSVM: AUCROC=91.30572987162134%  Train=17.104610681533813s
2026-03-24 10:32:32 | ERROR | Error with AutoEncoder on data_CICIoT2023.csv: AutoEncoder.__init__() got an unexpected keyword argument 'epochs'
2026-03-24 10:32:32 | ERROR | Error with DIF on data_CICIoT2023.csv: Cannot re-initialize CUDA in forked subprocess. To use CUDA with multiprocessing, you must use the 'spawn' start method
2026-03-24 10:32:32 | ERROR | Error with NeuTraLAD on data_CICIoT2023.csv: Cannot re-initialize CUDA in forked subprocess. To use CUDA with multiprocessing, you must use the 'spawn' start method
2026-03-24 10:32:32 | ERROR | Error with DASVDD on data_CICIoT2023.csv: Cannot re-initialize CUDA in forked subprocess. To use CUDA with multiprocessing, you must use the 'spawn' start method
2026-03-24 10:32:32 | INFO |   LODA: AUCROC=88.8745866523035%  Train=0.6149909496307373s
2026-03-24 10:32:32 | INFO |   COPOD: AUCROC=92.0801062612164%  Train=0.8631412982940674s
2026-03-24 10:32:32 | INFO |   ECOD: AUCROC=88.33402466453025%  Train=0.21155595779418945s
2026-03-24 10:32:32 | ERROR | Error with VAE on data_CICIoT2023.csv: VAE.__init__() got an unexpected keyword argument 'epochs'
2026-03-24 10:32:32 | ERROR | Error with DeepSVDD on data_CICIoT2023.csv: DeepSVDD.__init__() got an unexpected keyword argument 'device'
2026-03-24 10:32:32 | ERROR | Error with LUNAR on data_CICIoT2023.csv: LUNAR.__init__() got an unexpected keyword argument 'n_neighbors'
2026-03-24 10:32:32 | ERROR | Error with AE1SVM on data_CICIoT2023.csv: AE1SVM.__init__() got an unexpected keyword argument 'device'
2026-03-24 10:32:32 | ERROR | Error with DevNet on data_CICIoT2023.csv: CUDA error: initialization error
CUDA kernel errors might be asynchronously reported at some other API call, so the stacktrace below might be incorrect.
For debugging consider passing CUDA_LAUNCH_BLOCKING=1
Compile with `TORCH_USE_CUDA_DSA` to enable device-side assertions.

2026-03-24 10:32:32 | ERROR | Error with ALAD on data_CICIoT2023.csv: CUDA error: initialization error
CUDA kernel errors might be asynchronously reported at some other API call, so the stacktrace below might be incorrect.
For debugging consider passing CUDA_LAUNCH_BLOCKING=1
Compile with `TORCH_USE_CUDA_DSA` to enable device-side assertions.

2026-03-24 10:32:32 | INFO | 
Processing Dataset: data_CICIoT2023.csv | Scaler: MinMaxScaler
2026-03-24 10:32:33 | INFO | --- Noise: 0% ---
2026-03-24 10:33:23 | INFO |   CBLOF: AUCROC=94.77580377570017%  Train=4.30113959312439s
2026-03-24 10:33:23 | INFO |   KNN: AUCROC=95.55510477150084%  Train=2.212623119354248s
2026-03-24 10:33:23 | INFO |   LOF: AUCROC=94.0097530257993%  Train=2.0622196197509766s
2026-03-24 10:33:23 | INFO |   HBOS: AUCROC=96.45084622291972%  Train=9.184180736541748s
2026-03-24 10:33:23 | INFO |   IForest: AUCROC=94.53173951827112%  Train=1.178464412689209s
2026-03-24 10:33:23 | INFO |   PCA: AUCROC=93.31015100556444%  Train=0.033663034439086914s
2026-03-24 10:33:23 | INFO |   OCSVM: AUCROC=88.05925437092858%  Train=15.68911600112915s
2026-03-24 10:33:23 | ERROR | Error with AutoEncoder on data_CICIoT2023.csv: AutoEncoder.__init__() got an unexpected keyword argument 'epochs'
2026-03-24 10:33:23 | ERROR | Error with DIF on data_CICIoT2023.csv: Cannot re-initialize CUDA in forked subprocess. To use CUDA with multiprocessing, you must use the 'spawn' start method
2026-03-24 10:33:23 | ERROR | Error with NeuTraLAD on data_CICIoT2023.csv: Cannot re-initialize CUDA in forked subprocess. To use CUDA with multiprocessing, you must use the 'spawn' start method
2026-03-24 10:33:23 | ERROR | Error with DASVDD on data_CICIoT2023.csv: Cannot re-initialize CUDA in forked subprocess. To use CUDA with multiprocessing, you must use the 'spawn' start method
2026-03-24 10:33:23 | INFO |   LODA: AUCROC=92.76175591932989%  Train=0.8842494487762451s
2026-03-24 10:33:23 | INFO |   COPOD: AUCROC=92.39499246629568%  Train=0.7780730724334717s
2026-03-24 10:33:23 | INFO |   ECOD: AUCROC=89.42023044029284%  Train=0.16172361373901367s
2026-03-24 10:33:23 | ERROR | Error with VAE on data_CICIoT2023.csv: VAE.__init__() got an unexpected keyword argument 'epochs'
2026-03-24 10:33:23 | ERROR | Error with DeepSVDD on data_CICIoT2023.csv: DeepSVDD.__init__() got an unexpected keyword argument 'device'
2026-03-24 10:33:23 | ERROR | Error with LUNAR on data_CICIoT2023.csv: LUNAR.__init__() got an unexpected keyword argument 'n_neighbors'
2026-03-24 10:33:23 | ERROR | Error with AE1SVM on data_CICIoT2023.csv: AE1SVM.__init__() got an unexpected keyword argument 'device'
2026-03-24 10:33:23 | ERROR | Error with DevNet on data_CICIoT2023.csv: CUDA error: initialization error
CUDA kernel errors might be asynchronously reported at some other API call, so the stacktrace below might be incorrect.
For debugging consider passing CUDA_LAUNCH_BLOCKING=1
Compile with `TORCH_USE_CUDA_DSA` to enable device-side assertions.

2026-03-24 10:33:23 | ERROR | Error with ALAD on data_CICIoT2023.csv: CUDA error: initialization error
CUDA kernel errors might be asynchronously reported at some other API call, so the stacktrace below might be incorrect.
For debugging consider passing CUDA_LAUNCH_BLOCKING=1
Compile with `TORCH_USE_CUDA_DSA` to enable device-side assertions.

2026-03-24 10:33:23 | INFO | --- Noise: 1% ---
2026-03-24 10:34:08 | INFO |   CBLOF: AUCROC=94.6371554339535%  Train=4.264073848724365s
2026-03-24 10:34:08 | INFO |   KNN: AUCROC=95.17503061333201%  Train=2.0268070697784424s
2026-03-24 10:34:08 | INFO |   LOF: AUCROC=56.56019537458157%  Train=2.0073306560516357s
2026-03-24 10:34:08 | INFO |   HBOS: AUCROC=96.50066624464509%  Train=8.888222694396973s
2026-03-24 10:34:08 | INFO |   IForest: AUCROC=95.09901320210422%  Train=1.2109766006469727s
2026-03-24 10:34:08 | INFO |   PCA: AUCROC=93.25903070722923%  Train=0.03236556053161621s
2026-03-24 10:34:08 | INFO |   OCSVM: AUCROC=86.68021711282033%  Train=16.06934404373169s
2026-03-24 10:34:08 | ERROR | Error with AutoEncoder on data_CICIoT2023.csv: AutoEncoder.__init__() got an unexpected keyword argument 'epochs'
2026-03-24 10:34:08 | ERROR | Error with DIF on data_CICIoT2023.csv: Cannot re-initialize CUDA in forked subprocess. To use CUDA with multiprocessing, you must use the 'spawn' start method
2026-03-24 10:34:08 | ERROR | Error with NeuTraLAD on data_CICIoT2023.csv: Cannot re-initialize CUDA in forked subprocess. To use CUDA with multiprocessing, you must use the 'spawn' start method
2026-03-24 10:34:08 | ERROR | Error with DASVDD on data_CICIoT2023.csv: Cannot re-initialize CUDA in forked subprocess. To use CUDA with multiprocessing, you must use the 'spawn' start method
2026-03-24 10:34:08 | INFO |   LODA: AUCROC=92.91061784114292%  Train=1.1333160400390625s
2026-03-24 10:34:08 | INFO |   COPOD: AUCROC=92.3298931867505%  Train=0.8474371433258057s
2026-03-24 10:34:08 | INFO |   ECOD: AUCROC=89.19251677832438%  Train=0.1998751163482666s
2026-03-24 10:34:08 | ERROR | Error with VAE on data_CICIoT2023.csv: VAE.__init__() got an unexpected keyword argument 'epochs'
2026-03-24 10:34:08 | ERROR | Error with DeepSVDD on data_CICIoT2023.csv: DeepSVDD.__init__() got an unexpected keyword argument 'device'
2026-03-24 10:34:08 | ERROR | Error with LUNAR on data_CICIoT2023.csv: LUNAR.__init__() got an unexpected keyword argument 'n_neighbors'
2026-03-24 10:34:08 | ERROR | Error with AE1SVM on data_CICIoT2023.csv: AE1SVM.__init__() got an unexpected keyword argument 'device'
2026-03-24 10:34:08 | ERROR | Error with DevNet on data_CICIoT2023.csv: CUDA error: initialization error
CUDA kernel errors might be asynchronously reported at some other API call, so the stacktrace below might be incorrect.
For debugging consider passing CUDA_LAUNCH_BLOCKING=1
Compile with `TORCH_USE_CUDA_DSA` to enable device-side assertions.

2026-03-24 10:34:08 | ERROR | Error with ALAD on data_CICIoT2023.csv: CUDA error: initialization error
CUDA kernel errors might be asynchronously reported at some other API call, so the stacktrace below might be incorrect.
For debugging consider passing CUDA_LAUNCH_BLOCKING=1
Compile with `TORCH_USE_CUDA_DSA` to enable device-side assertions.

2026-03-24 10:34:08 | INFO | --- Noise: 3% ---
2026-03-24 10:34:51 | INFO |   CBLOF: AUCROC=94.66912547119509%  Train=3.9624924659729004s
2026-03-24 10:34:51 | INFO |   KNN: AUCROC=82.16142054631158%  Train=2.180803060531616s
2026-03-24 10:34:51 | INFO |   LOF: AUCROC=56.34071867876289%  Train=2.0910332202911377s
2026-03-24 10:34:51 | INFO |   HBOS: AUCROC=96.3456407053745%  Train=9.378362894058228s
2026-03-24 10:34:51 | INFO |   IForest: AUCROC=95.04743421970764%  Train=1.2052862644195557s
2026-03-24 10:34:51 | INFO |   PCA: AUCROC=92.80871420394115%  Train=0.0330808162689209s
2026-03-24 10:34:51 | INFO |   OCSVM: AUCROC=83.62607372376522%  Train=16.331035137176514s
2026-03-24 10:34:51 | ERROR | Error with AutoEncoder on data_CICIoT2023.csv: AutoEncoder.__init__() got an unexpected keyword argument 'epochs'
2026-03-24 10:34:51 | ERROR | Error with DIF on data_CICIoT2023.csv: Cannot re-initialize CUDA in forked subprocess. To use CUDA with multiprocessing, you must use the 'spawn' start method
2026-03-24 10:34:51 | ERROR | Error with NeuTraLAD on data_CICIoT2023.csv: Cannot re-initialize CUDA in forked subprocess. To use CUDA with multiprocessing, you must use the 'spawn' start method
2026-03-24 10:34:51 | ERROR | Error with DASVDD on data_CICIoT2023.csv: Cannot re-initialize CUDA in forked subprocess. To use CUDA with multiprocessing, you must use the 'spawn' start method
2026-03-24 10:34:51 | INFO |   LODA: AUCROC=91.74681304057005%  Train=0.9742906093597412s
2026-03-24 10:34:51 | INFO |   COPOD: AUCROC=92.21723909147732%  Train=0.8493180274963379s
2026-03-24 10:34:51 | INFO |   ECOD: AUCROC=88.79104005103468%  Train=0.20078110694885254s
2026-03-24 10:34:51 | ERROR | Error with VAE on data_CICIoT2023.csv: VAE.__init__() got an unexpected keyword argument 'epochs'
2026-03-24 10:34:51 | ERROR | Error with DeepSVDD on data_CICIoT2023.csv: DeepSVDD.__init__() got an unexpected keyword argument 'device'
2026-03-24 10:34:51 | ERROR | Error with LUNAR on data_CICIoT2023.csv: LUNAR.__init__() got an unexpected keyword argument 'n_neighbors'
2026-03-24 10:34:51 | ERROR | Error with AE1SVM on data_CICIoT2023.csv: AE1SVM.__init__() got an unexpected keyword argument 'device'
2026-03-24 10:34:51 | ERROR | Error with DevNet on data_CICIoT2023.csv: CUDA error: initialization error
CUDA kernel errors might be asynchronously reported at some other API call, so the stacktrace below might be incorrect.
For debugging consider passing CUDA_LAUNCH_BLOCKING=1
Compile with `TORCH_USE_CUDA_DSA` to enable device-side assertions.

2026-03-24 10:34:51 | ERROR | Error with ALAD on data_CICIoT2023.csv: CUDA error: initialization error
CUDA kernel errors might be asynchronously reported at some other API call, so the stacktrace below might be incorrect.
For debugging consider passing CUDA_LAUNCH_BLOCKING=1
Compile with `TORCH_USE_CUDA_DSA` to enable device-side assertions.

2026-03-24 10:34:51 | INFO | --- Noise: 5% ---
2026-03-24 10:35:35 | INFO |   CBLOF: AUCROC=94.75337501183387%  Train=4.208326816558838s
2026-03-24 10:35:35 | INFO |   KNN: AUCROC=74.90168844746876%  Train=2.181685209274292s
2026-03-24 10:35:35 | INFO |   LOF: AUCROC=57.49378672535759%  Train=2.092515707015991s
2026-03-24 10:35:35 | INFO |   HBOS: AUCROC=96.29706533776302%  Train=9.084421157836914s
2026-03-24 10:35:35 | INFO |   IForest: AUCROC=95.16104437701387%  Train=1.2276577949523926s
2026-03-24 10:35:35 | INFO |   PCA: AUCROC=92.47008122367686%  Train=0.033228397369384766s
2026-03-24 10:35:35 | INFO |   OCSVM: AUCROC=79.82937162508492%  Train=16.984113454818726s
2026-03-24 10:35:35 | ERROR | Error with AutoEncoder on data_CICIoT2023.csv: AutoEncoder.__init__() got an unexpected keyword argument 'epochs'
2026-03-24 10:35:35 | ERROR | Error with DIF on data_CICIoT2023.csv: Cannot re-initialize CUDA in forked subprocess. To use CUDA with multiprocessing, you must use the 'spawn' start method
2026-03-24 10:35:35 | ERROR | Error with NeuTraLAD on data_CICIoT2023.csv: Cannot re-initialize CUDA in forked subprocess. To use CUDA with multiprocessing, you must use the 'spawn' start method
2026-03-24 10:35:35 | ERROR | Error with DASVDD on data_CICIoT2023.csv: Cannot re-initialize CUDA in forked subprocess. To use CUDA with multiprocessing, you must use the 'spawn' start method
2026-03-24 10:35:35 | INFO |   LODA: AUCROC=91.1951120433764%  Train=0.8900001049041748s
2026-03-24 10:35:35 | INFO |   COPOD: AUCROC=92.09012798397764%  Train=0.8537600040435791s
2026-03-24 10:35:35 | INFO |   ECOD: AUCROC=88.36643887561688%  Train=0.21553254127502441s
2026-03-24 10:35:35 | ERROR | Error with VAE on data_CICIoT2023.csv: VAE.__init__() got an unexpected keyword argument 'epochs'
2026-03-24 10:35:35 | ERROR | Error with DeepSVDD on data_CICIoT2023.csv: DeepSVDD.__init__() got an unexpected keyword argument 'device'
2026-03-24 10:35:35 | ERROR | Error with LUNAR on data_CICIoT2023.csv: LUNAR.__init__() got an unexpected keyword argument 'n_neighbors'
2026-03-24 10:35:35 | ERROR | Error with AE1SVM on data_CICIoT2023.csv: AE1SVM.__init__() got an unexpected keyword argument 'device'
2026-03-24 10:35:35 | ERROR | Error with DevNet on data_CICIoT2023.csv: CUDA error: initialization error
CUDA kernel errors might be asynchronously reported at some other API call, so the stacktrace below might be incorrect.
For debugging consider passing CUDA_LAUNCH_BLOCKING=1
Compile with `TORCH_USE_CUDA_DSA` to enable device-side assertions.

2026-03-24 10:35:35 | ERROR | Error with ALAD on data_CICIoT2023.csv: CUDA error: initialization error
CUDA kernel errors might be asynchronously reported at some other API call, so the stacktrace below might be incorrect.
For debugging consider passing CUDA_LAUNCH_BLOCKING=1
Compile with `TORCH_USE_CUDA_DSA` to enable device-side assertions.

2026-03-24 10:35:35 | INFO | 
Processing Dataset: data_CICIoT2023.csv | Scaler: Normalizer
2026-03-24 10:35:35 | INFO | --- Noise: 0% ---
2026-03-24 10:36:23 | INFO |   CBLOF: AUCROC=94.80292417618729%  Train=3.9001595973968506s
2026-03-24 10:36:23 | INFO |   KNN: AUCROC=95.71484451883995%  Train=2.167912006378174s
2026-03-24 10:36:23 | INFO |   LOF: AUCROC=93.90770509255711%  Train=1.915221929550171s
2026-03-24 10:36:23 | INFO |   HBOS: AUCROC=94.75867043467964%  Train=8.92983865737915s
2026-03-24 10:36:23 | INFO |   IForest: AUCROC=93.35854902608718%  Train=1.1525061130523682s
2026-03-24 10:36:23 | INFO |   PCA: AUCROC=92.54707726838534%  Train=0.030260086059570312s
2026-03-24 10:36:23 | INFO |   OCSVM: AUCROC=91.94478398350711%  Train=15.558811902999878s
2026-03-24 10:36:23 | ERROR | Error with AutoEncoder on data_CICIoT2023.csv: AutoEncoder.__init__() got an unexpected keyword argument 'epochs'
2026-03-24 10:36:23 | ERROR | Error with DIF on data_CICIoT2023.csv: Cannot re-initialize CUDA in forked subprocess. To use CUDA with multiprocessing, you must use the 'spawn' start method
2026-03-24 10:36:23 | ERROR | Error with NeuTraLAD on data_CICIoT2023.csv: Cannot re-initialize CUDA in forked subprocess. To use CUDA with multiprocessing, you must use the 'spawn' start method
2026-03-24 10:36:23 | ERROR | Error with DASVDD on data_CICIoT2023.csv: Cannot re-initialize CUDA in forked subprocess. To use CUDA with multiprocessing, you must use the 'spawn' start method
2026-03-24 10:36:23 | INFO |   LODA: AUCROC=93.50072576877706%  Train=0.6862576007843018s
2026-03-24 10:36:23 | INFO |   COPOD: AUCROC=91.27193074099613%  Train=0.8011307716369629s
2026-03-24 10:36:23 | INFO |   ECOD: AUCROC=89.64878085807099%  Train=0.17861104011535645s
2026-03-24 10:36:23 | ERROR | Error with VAE on data_CICIoT2023.csv: VAE.__init__() got an unexpected keyword argument 'epochs'
2026-03-24 10:36:23 | ERROR | Error with DeepSVDD on data_CICIoT2023.csv: DeepSVDD.__init__() got an unexpected keyword argument 'device'
2026-03-24 10:36:23 | ERROR | Error with LUNAR on data_CICIoT2023.csv: LUNAR.__init__() got an unexpected keyword argument 'n_neighbors'
2026-03-24 10:36:23 | ERROR | Error with AE1SVM on data_CICIoT2023.csv: AE1SVM.__init__() got an unexpected keyword argument 'device'
2026-03-24 10:36:23 | ERROR | Error with DevNet on data_CICIoT2023.csv: CUDA error: initialization error
CUDA kernel errors might be asynchronously reported at some other API call, so the stacktrace below might be incorrect.
For debugging consider passing CUDA_LAUNCH_BLOCKING=1
Compile with `TORCH_USE_CUDA_DSA` to enable device-side assertions.

2026-03-24 10:36:23 | ERROR | Error with ALAD on data_CICIoT2023.csv: CUDA error: initialization error
CUDA kernel errors might be asynchronously reported at some other API call, so the stacktrace below might be incorrect.
For debugging consider passing CUDA_LAUNCH_BLOCKING=1
Compile with `TORCH_USE_CUDA_DSA` to enable device-side assertions.

2026-03-24 10:36:23 | INFO | --- Noise: 1% ---
2026-03-24 10:37:10 | INFO |   CBLOF: AUCROC=94.56676395605507%  Train=4.168715715408325s
2026-03-24 10:37:10 | INFO |   KNN: AUCROC=95.66935176608034%  Train=1.9785652160644531s
2026-03-24 10:37:10 | INFO |   LOF: AUCROC=60.88078964081476%  Train=1.9877755641937256s
2026-03-24 10:37:10 | INFO |   HBOS: AUCROC=94.80326677851785%  Train=9.538841009140015s
2026-03-24 10:37:10 | INFO |   IForest: AUCROC=93.68425985256587%  Train=1.151036024093628s
2026-03-24 10:37:10 | INFO |   PCA: AUCROC=92.8636756789943%  Train=0.03704667091369629s
2026-03-24 10:37:10 | INFO |   OCSVM: AUCROC=91.64753575252819%  Train=15.6981520652771s
2026-03-24 10:37:10 | ERROR | Error with AutoEncoder on data_CICIoT2023.csv: AutoEncoder.__init__() got an unexpected keyword argument 'epochs'
2026-03-24 10:37:10 | ERROR | Error with DIF on data_CICIoT2023.csv: Cannot re-initialize CUDA in forked subprocess. To use CUDA with multiprocessing, you must use the 'spawn' start method
2026-03-24 10:37:10 | ERROR | Error with NeuTraLAD on data_CICIoT2023.csv: Cannot re-initialize CUDA in forked subprocess. To use CUDA with multiprocessing, you must use the 'spawn' start method
2026-03-24 10:37:10 | ERROR | Error with DASVDD on data_CICIoT2023.csv: Cannot re-initialize CUDA in forked subprocess. To use CUDA with multiprocessing, you must use the 'spawn' start method
2026-03-24 10:37:10 | INFO |   LODA: AUCROC=94.1713267032608%  Train=1.0024266242980957s
2026-03-24 10:37:10 | INFO |   COPOD: AUCROC=91.22499180333999%  Train=0.7854366302490234s
2026-03-24 10:37:10 | INFO |   ECOD: AUCROC=89.56098598790325%  Train=0.16032862663269043s
2026-03-24 10:37:10 | ERROR | Error with VAE on data_CICIoT2023.csv: VAE.__init__() got an unexpected keyword argument 'epochs'
2026-03-24 10:37:10 | ERROR | Error with DeepSVDD on data_CICIoT2023.csv: DeepSVDD.__init__() got an unexpected keyword argument 'device'
2026-03-24 10:37:10 | ERROR | Error with LUNAR on data_CICIoT2023.csv: LUNAR.__init__() got an unexpected keyword argument 'n_neighbors'
2026-03-24 10:37:10 | ERROR | Error with AE1SVM on data_CICIoT2023.csv: AE1SVM.__init__() got an unexpected keyword argument 'device'
2026-03-24 10:37:10 | ERROR | Error with DevNet on data_CICIoT2023.csv: CUDA error: initialization error
CUDA kernel errors might be asynchronously reported at some other API call, so the stacktrace below might be incorrect.
For debugging consider passing CUDA_LAUNCH_BLOCKING=1
Compile with `TORCH_USE_CUDA_DSA` to enable device-side assertions.

2026-03-24 10:37:10 | ERROR | Error with ALAD on data_CICIoT2023.csv: CUDA error: initialization error
CUDA kernel errors might be asynchronously reported at some other API call, so the stacktrace below might be incorrect.
For debugging consider passing CUDA_LAUNCH_BLOCKING=1
Compile with `TORCH_USE_CUDA_DSA` to enable device-side assertions.

2026-03-24 10:37:10 | INFO | --- Noise: 3% ---
2026-03-24 10:37:57 | INFO |   CBLOF: AUCROC=94.54109780169578%  Train=3.886542558670044s
2026-03-24 10:37:57 | INFO |   KNN: AUCROC=88.6860118805782%  Train=2.1874306201934814s
2026-03-24 10:37:57 | INFO |   LOF: AUCROC=55.611619807051525%  Train=2.026587963104248s
2026-03-24 10:37:57 | INFO |   HBOS: AUCROC=94.75846648552758%  Train=9.090489149093628s
2026-03-24 10:37:57 | INFO |   IForest: AUCROC=93.91377923034716%  Train=1.192685842514038s
2026-03-24 10:37:57 | INFO |   PCA: AUCROC=92.76438549298234%  Train=0.03701615333557129s
2026-03-24 10:37:57 | INFO |   OCSVM: AUCROC=90.77931050805363%  Train=16.36293387413025s
2026-03-24 10:37:57 | ERROR | Error with AutoEncoder on data_CICIoT2023.csv: AutoEncoder.__init__() got an unexpected keyword argument 'epochs'
2026-03-24 10:37:57 | ERROR | Error with DIF on data_CICIoT2023.csv: Cannot re-initialize CUDA in forked subprocess. To use CUDA with multiprocessing, you must use the 'spawn' start method
2026-03-24 10:37:57 | ERROR | Error with NeuTraLAD on data_CICIoT2023.csv: Cannot re-initialize CUDA in forked subprocess. To use CUDA with multiprocessing, you must use the 'spawn' start method
2026-03-24 10:37:57 | ERROR | Error with DASVDD on data_CICIoT2023.csv: Cannot re-initialize CUDA in forked subprocess. To use CUDA with multiprocessing, you must use the 'spawn' start method
2026-03-24 10:37:57 | INFO |   LODA: AUCROC=93.80427465814576%  Train=0.9163100719451904s
2026-03-24 10:37:57 | INFO |   COPOD: AUCROC=90.76923880565828%  Train=0.8220787048339844s
2026-03-24 10:37:57 | INFO |   ECOD: AUCROC=89.38737124923806%  Train=0.1831521987915039s
2026-03-24 10:37:57 | ERROR | Error with VAE on data_CICIoT2023.csv: VAE.__init__() got an unexpected keyword argument 'epochs'
2026-03-24 10:37:57 | ERROR | Error with DeepSVDD on data_CICIoT2023.csv: DeepSVDD.__init__() got an unexpected keyword argument 'device'
2026-03-24 10:37:57 | ERROR | Error with LUNAR on data_CICIoT2023.csv: LUNAR.__init__() got an unexpected keyword argument 'n_neighbors'
2026-03-24 10:37:57 | ERROR | Error with AE1SVM on data_CICIoT2023.csv: AE1SVM.__init__() got an unexpected keyword argument 'device'
2026-03-24 10:37:57 | ERROR | Error with DevNet on data_CICIoT2023.csv: CUDA error: initialization error
CUDA kernel errors might be asynchronously reported at some other API call, so the stacktrace below might be incorrect.
For debugging consider passing CUDA_LAUNCH_BLOCKING=1
Compile with `TORCH_USE_CUDA_DSA` to enable device-side assertions.

2026-03-24 10:37:57 | ERROR | Error with ALAD on data_CICIoT2023.csv: CUDA error: initialization error
CUDA kernel errors might be asynchronously reported at some other API call, so the stacktrace below might be incorrect.
For debugging consider passing CUDA_LAUNCH_BLOCKING=1
Compile with `TORCH_USE_CUDA_DSA` to enable device-side assertions.

2026-03-24 10:37:57 | INFO | --- Noise: 5% ---
2026-03-24 10:38:43 | INFO |   CBLOF: AUCROC=94.82846376921506%  Train=4.2377235889434814s
2026-03-24 10:38:43 | INFO |   KNN: AUCROC=83.17320987138402%  Train=2.3113293647766113s
2026-03-24 10:38:43 | INFO |   LOF: AUCROC=56.03230161180773%  Train=2.144944429397583s
2026-03-24 10:38:43 | INFO |   HBOS: AUCROC=94.68351073846296%  Train=9.492110013961792s
2026-03-24 10:38:43 | INFO |   IForest: AUCROC=93.72754947080917%  Train=1.187739372253418s
2026-03-24 10:38:43 | INFO |   PCA: AUCROC=92.55506917310339%  Train=0.03785204887390137s
2026-03-24 10:38:43 | INFO |   OCSVM: AUCROC=89.38837245416643%  Train=17.01514172554016s
2026-03-24 10:38:43 | ERROR | Error with AutoEncoder on data_CICIoT2023.csv: AutoEncoder.__init__() got an unexpected keyword argument 'epochs'
2026-03-24 10:38:43 | ERROR | Error with DIF on data_CICIoT2023.csv: Cannot re-initialize CUDA in forked subprocess. To use CUDA with multiprocessing, you must use the 'spawn' start method
2026-03-24 10:38:43 | ERROR | Error with NeuTraLAD on data_CICIoT2023.csv: Cannot re-initialize CUDA in forked subprocess. To use CUDA with multiprocessing, you must use the 'spawn' start method
2026-03-24 10:38:43 | ERROR | Error with DASVDD on data_CICIoT2023.csv: Cannot re-initialize CUDA in forked subprocess. To use CUDA with multiprocessing, you must use the 'spawn' start method
2026-03-24 10:38:43 | INFO |   LODA: AUCROC=93.59734365661062%  Train=0.7505769729614258s
2026-03-24 10:38:43 | INFO |   COPOD: AUCROC=90.64367706681587%  Train=0.8537137508392334s
2026-03-24 10:38:43 | INFO |   ECOD: AUCROC=89.1929077480428%  Train=0.1913740634918213s
2026-03-24 10:38:43 | ERROR | Error with VAE on data_CICIoT2023.csv: VAE.__init__() got an unexpected keyword argument 'epochs'
2026-03-24 10:38:43 | ERROR | Error with DeepSVDD on data_CICIoT2023.csv: DeepSVDD.__init__() got an unexpected keyword argument 'device'
2026-03-24 10:38:43 | ERROR | Error with LUNAR on data_CICIoT2023.csv: LUNAR.__init__() got an unexpected keyword argument 'n_neighbors'
2026-03-24 10:38:43 | ERROR | Error with AE1SVM on data_CICIoT2023.csv: AE1SVM.__init__() got an unexpected keyword argument 'device'
2026-03-24 10:38:43 | ERROR | Error with DevNet on data_CICIoT2023.csv: CUDA error: initialization error
CUDA kernel errors might be asynchronously reported at some other API call, so the stacktrace below might be incorrect.
For debugging consider passing CUDA_LAUNCH_BLOCKING=1
Compile with `TORCH_USE_CUDA_DSA` to enable device-side assertions.

2026-03-24 10:38:43 | ERROR | Error with ALAD on data_CICIoT2023.csv: CUDA error: initialization error
CUDA kernel errors might be asynchronously reported at some other API call, so the stacktrace below might be incorrect.
For debugging consider passing CUDA_LAUNCH_BLOCKING=1
Compile with `TORCH_USE_CUDA_DSA` to enable device-side assertions.

2026-03-24 10:38:43 | INFO | 
Processing Dataset: data_CICIoT2023.csv | Scaler: QuantileTransformer
2026-03-24 10:38:43 | INFO | --- Noise: 0% ---
2026-03-24 10:39:35 | INFO |   CBLOF: AUCROC=94.00570467543676%  Train=4.352717161178589s
2026-03-24 10:39:35 | INFO |   KNN: AUCROC=94.55196837211365%  Train=2.231907844543457s
2026-03-24 10:39:35 | INFO |   LOF: AUCROC=93.69743271064513%  Train=1.824829339981079s
2026-03-24 10:39:35 | INFO |   HBOS: AUCROC=93.29104105062737%  Train=9.042426586151123s
2026-03-24 10:39:35 | INFO |   IForest: AUCROC=93.86327319783759%  Train=1.2258522510528564s
2026-03-24 10:39:35 | INFO |   PCA: AUCROC=87.44694903676668%  Train=0.028041839599609375s
2026-03-24 10:39:35 | INFO |   OCSVM: AUCROC=87.3057872030984%  Train=15.043201446533203s
2026-03-24 10:39:35 | ERROR | Error with AutoEncoder on data_CICIoT2023.csv: AutoEncoder.__init__() got an unexpected keyword argument 'epochs'
2026-03-24 10:39:35 | ERROR | Error with DIF on data_CICIoT2023.csv: Cannot re-initialize CUDA in forked subprocess. To use CUDA with multiprocessing, you must use the 'spawn' start method
2026-03-24 10:39:35 | ERROR | Error with NeuTraLAD on data_CICIoT2023.csv: Cannot re-initialize CUDA in forked subprocess. To use CUDA with multiprocessing, you must use the 'spawn' start method
2026-03-24 10:39:35 | ERROR | Error with DASVDD on data_CICIoT2023.csv: Cannot re-initialize CUDA in forked subprocess. To use CUDA with multiprocessing, you must use the 'spawn' start method
2026-03-24 10:39:35 | INFO |   LODA: AUCROC=92.00212110342649%  Train=1.08311128616333s
2026-03-24 10:39:35 | INFO |   COPOD: AUCROC=85.0766519913563%  Train=0.8135721683502197s
2026-03-24 10:39:35 | INFO |   ECOD: AUCROC=88.88091794337225%  Train=0.1773989200592041s
2026-03-24 10:39:35 | ERROR | Error with VAE on data_CICIoT2023.csv: VAE.__init__() got an unexpected keyword argument 'epochs'
2026-03-24 10:39:35 | ERROR | Error with DeepSVDD on data_CICIoT2023.csv: DeepSVDD.__init__() got an unexpected keyword argument 'device'
2026-03-24 10:39:35 | ERROR | Error with LUNAR on data_CICIoT2023.csv: LUNAR.__init__() got an unexpected keyword argument 'n_neighbors'
2026-03-24 10:39:35 | ERROR | Error with AE1SVM on data_CICIoT2023.csv: AE1SVM.__init__() got an unexpected keyword argument 'device'
2026-03-24 10:39:35 | ERROR | Error with DevNet on data_CICIoT2023.csv: CUDA error: initialization error
CUDA kernel errors might be asynchronously reported at some other API call, so the stacktrace below might be incorrect.
For debugging consider passing CUDA_LAUNCH_BLOCKING=1
Compile with `TORCH_USE_CUDA_DSA` to enable device-side assertions.

2026-03-24 10:39:35 | ERROR | Error with ALAD on data_CICIoT2023.csv: CUDA error: initialization error
CUDA kernel errors might be asynchronously reported at some other API call, so the stacktrace below might be incorrect.
For debugging consider passing CUDA_LAUNCH_BLOCKING=1
Compile with `TORCH_USE_CUDA_DSA` to enable device-side assertions.

2026-03-24 10:39:35 | INFO | --- Noise: 1% ---
2026-03-24 10:40:23 | INFO |   CBLOF: AUCROC=93.40552343316104%  Train=4.139842987060547s
2026-03-24 10:40:23 | INFO |   KNN: AUCROC=77.80096349126381%  Train=2.1072332859039307s
2026-03-24 10:40:23 | INFO |   LOF: AUCROC=60.28421096281025%  Train=2.048922061920166s
2026-03-24 10:40:23 | INFO |   HBOS: AUCROC=91.36808833252205%  Train=9.205690383911133s
2026-03-24 10:40:23 | INFO |   IForest: AUCROC=94.18544998051117%  Train=1.2298569679260254s
2026-03-24 10:40:23 | INFO |   PCA: AUCROC=89.4558772051337%  Train=0.02787327766418457s
2026-03-24 10:40:23 | INFO |   OCSVM: AUCROC=86.14299328093146%  Train=15.373748779296875s
2026-03-24 10:40:23 | ERROR | Error with AutoEncoder on data_CICIoT2023.csv: AutoEncoder.__init__() got an unexpected keyword argument 'epochs'
2026-03-24 10:40:23 | ERROR | Error with DIF on data_CICIoT2023.csv: Cannot re-initialize CUDA in forked subprocess. To use CUDA with multiprocessing, you must use the 'spawn' start method
2026-03-24 10:40:23 | ERROR | Error with NeuTraLAD on data_CICIoT2023.csv: Cannot re-initialize CUDA in forked subprocess. To use CUDA with multiprocessing, you must use the 'spawn' start method
2026-03-24 10:40:23 | ERROR | Error with DASVDD on data_CICIoT2023.csv: Cannot re-initialize CUDA in forked subprocess. To use CUDA with multiprocessing, you must use the 'spawn' start method
2026-03-24 10:40:23 | INFO |   LODA: AUCROC=90.15418781611312%  Train=1.018448829650879s
2026-03-24 10:40:23 | INFO |   COPOD: AUCROC=84.66914868754127%  Train=0.8269178867340088s
2026-03-24 10:40:23 | INFO |   ECOD: AUCROC=88.63080534409333%  Train=0.20184040069580078s
2026-03-24 10:40:23 | ERROR | Error with VAE on data_CICIoT2023.csv: VAE.__init__() got an unexpected keyword argument 'epochs'
2026-03-24 10:40:23 | ERROR | Error with DeepSVDD on data_CICIoT2023.csv: DeepSVDD.__init__() got an unexpected keyword argument 'device'
2026-03-24 10:40:23 | ERROR | Error with LUNAR on data_CICIoT2023.csv: LUNAR.__init__() got an unexpected keyword argument 'n_neighbors'
2026-03-24 10:40:23 | ERROR | Error with AE1SVM on data_CICIoT2023.csv: AE1SVM.__init__() got an unexpected keyword argument 'device'
2026-03-24 10:40:23 | ERROR | Error with DevNet on data_CICIoT2023.csv: CUDA error: initialization error
CUDA kernel errors might be asynchronously reported at some other API call, so the stacktrace below might be incorrect.
For debugging consider passing CUDA_LAUNCH_BLOCKING=1
Compile with `TORCH_USE_CUDA_DSA` to enable device-side assertions.

2026-03-24 10:40:23 | ERROR | Error with ALAD on data_CICIoT2023.csv: CUDA error: initialization error
CUDA kernel errors might be asynchronously reported at some other API call, so the stacktrace below might be incorrect.
For debugging consider passing CUDA_LAUNCH_BLOCKING=1
Compile with `TORCH_USE_CUDA_DSA` to enable device-side assertions.

2026-03-24 10:40:23 | INFO | --- Noise: 3% ---
2026-03-24 10:41:11 | INFO |   CBLOF: AUCROC=91.6250803865986%  Train=4.1369123458862305s
2026-03-24 10:41:11 | INFO |   KNN: AUCROC=49.469535510562274%  Train=2.384157419204712s
2026-03-24 10:41:11 | INFO |   LOF: AUCROC=65.71315359496091%  Train=2.0396223068237305s
2026-03-24 10:41:11 | INFO |   HBOS: AUCROC=82.78490680829671%  Train=9.467120170593262s
2026-03-24 10:41:11 | INFO |   IForest: AUCROC=92.85402638511945%  Train=1.2359392642974854s
2026-03-24 10:41:11 | INFO |   PCA: AUCROC=89.19107059342787%  Train=0.027208805084228516s
2026-03-24 10:41:11 | INFO |   OCSVM: AUCROC=84.15747412215772%  Train=15.433955192565918s
2026-03-24 10:41:11 | ERROR | Error with AutoEncoder on data_CICIoT2023.csv: AutoEncoder.__init__() got an unexpected keyword argument 'epochs'
2026-03-24 10:41:11 | ERROR | Error with DIF on data_CICIoT2023.csv: Cannot re-initialize CUDA in forked subprocess. To use CUDA with multiprocessing, you must use the 'spawn' start method
2026-03-24 10:41:11 | ERROR | Error with NeuTraLAD on data_CICIoT2023.csv: Cannot re-initialize CUDA in forked subprocess. To use CUDA with multiprocessing, you must use the 'spawn' start method
2026-03-24 10:41:11 | ERROR | Error with DASVDD on data_CICIoT2023.csv: Cannot re-initialize CUDA in forked subprocess. To use CUDA with multiprocessing, you must use the 'spawn' start method
2026-03-24 10:41:11 | INFO |   LODA: AUCROC=91.87430947492622%  Train=0.6725649833679199s
2026-03-24 10:41:11 | INFO |   COPOD: AUCROC=83.59513310576155%  Train=0.8475418090820312s
2026-03-24 10:41:11 | INFO |   ECOD: AUCROC=88.17744975660241%  Train=0.20214629173278809s
2026-03-24 10:41:11 | ERROR | Error with VAE on data_CICIoT2023.csv: VAE.__init__() got an unexpected keyword argument 'epochs'
2026-03-24 10:41:11 | ERROR | Error with DeepSVDD on data_CICIoT2023.csv: DeepSVDD.__init__() got an unexpected keyword argument 'device'
2026-03-24 10:41:11 | ERROR | Error with LUNAR on data_CICIoT2023.csv: LUNAR.__init__() got an unexpected keyword argument 'n_neighbors'
2026-03-24 10:41:11 | ERROR | Error with AE1SVM on data_CICIoT2023.csv: AE1SVM.__init__() got an unexpected keyword argument 'device'
2026-03-24 10:41:11 | ERROR | Error with DevNet on data_CICIoT2023.csv: CUDA error: initialization error
CUDA kernel errors might be asynchronously reported at some other API call, so the stacktrace below might be incorrect.
For debugging consider passing CUDA_LAUNCH_BLOCKING=1
Compile with `TORCH_USE_CUDA_DSA` to enable device-side assertions.

2026-03-24 10:41:11 | ERROR | Error with ALAD on data_CICIoT2023.csv: CUDA error: initialization error
CUDA kernel errors might be asynchronously reported at some other API call, so the stacktrace below might be incorrect.
For debugging consider passing CUDA_LAUNCH_BLOCKING=1
Compile with `TORCH_USE_CUDA_DSA` to enable device-side assertions.

2026-03-24 10:41:11 | INFO | --- Noise: 5% ---
2026-03-24 10:42:02 | INFO |   CBLOF: AUCROC=94.34370968578224%  Train=4.662672758102417s
2026-03-24 10:42:02 | INFO |   KNN: AUCROC=45.324972740140204%  Train=2.3269922733306885s
2026-03-24 10:42:02 | INFO |   LOF: AUCROC=69.40681300445573%  Train=2.227814197540283s
2026-03-24 10:42:02 | INFO |   HBOS: AUCROC=72.21746609575092%  Train=9.407615184783936s
2026-03-24 10:42:02 | INFO |   IForest: AUCROC=93.22312114624776%  Train=1.215219497680664s
2026-03-24 10:42:02 | INFO |   PCA: AUCROC=88.85708249464282%  Train=0.031264305114746094s
2026-03-24 10:42:02 | INFO |   OCSVM: AUCROC=82.44357976452949%  Train=16.525665044784546s
2026-03-24 10:42:02 | ERROR | Error with AutoEncoder on data_CICIoT2023.csv: AutoEncoder.__init__() got an unexpected keyword argument 'epochs'
2026-03-24 10:42:02 | ERROR | Error with DIF on data_CICIoT2023.csv: Cannot re-initialize CUDA in forked subprocess. To use CUDA with multiprocessing, you must use the 'spawn' start method
2026-03-24 10:42:02 | ERROR | Error with NeuTraLAD on data_CICIoT2023.csv: Cannot re-initialize CUDA in forked subprocess. To use CUDA with multiprocessing, you must use the 'spawn' start method
2026-03-24 10:42:02 | ERROR | Error with DASVDD on data_CICIoT2023.csv: Cannot re-initialize CUDA in forked subprocess. To use CUDA with multiprocessing, you must use the 'spawn' start method
2026-03-24 10:42:02 | INFO |   LODA: AUCROC=91.63840721419582%  Train=0.785682201385498s
2026-03-24 10:42:02 | INFO |   COPOD: AUCROC=82.7993928409559%  Train=0.8321423530578613s
2026-03-24 10:42:02 | INFO |   ECOD: AUCROC=87.72472778189223%  Train=0.22049880027770996s
2026-03-24 10:42:02 | ERROR | Error with VAE on data_CICIoT2023.csv: VAE.__init__() got an unexpected keyword argument 'epochs'
2026-03-24 10:42:02 | ERROR | Error with DeepSVDD on data_CICIoT2023.csv: DeepSVDD.__init__() got an unexpected keyword argument 'device'
2026-03-24 10:42:02 | ERROR | Error with LUNAR on data_CICIoT2023.csv: LUNAR.__init__() got an unexpected keyword argument 'n_neighbors'
2026-03-24 10:42:02 | ERROR | Error with AE1SVM on data_CICIoT2023.csv: AE1SVM.__init__() got an unexpected keyword argument 'device'
2026-03-24 10:42:02 | ERROR | Error with DevNet on data_CICIoT2023.csv: CUDA error: initialization error
CUDA kernel errors might be asynchronously reported at some other API call, so the stacktrace below might be incorrect.
For debugging consider passing CUDA_LAUNCH_BLOCKING=1
Compile with `TORCH_USE_CUDA_DSA` to enable device-side assertions.

2026-03-24 10:42:02 | ERROR | Error with ALAD on data_CICIoT2023.csv: CUDA error: initialization error
CUDA kernel errors might be asynchronously reported at some other API call, so the stacktrace below might be incorrect.
For debugging consider passing CUDA_LAUNCH_BLOCKING=1
Compile with `TORCH_USE_CUDA_DSA` to enable device-side assertions.

2026-03-24 10:42:02 | INFO | 
Processing Dataset: data_CICIoT2023.csv | Scaler: RobustScaler
2026-03-24 10:42:02 | INFO | --- Noise: 0% ---
2026-03-24 10:42:31 | INFO |   CBLOF: AUCROC=94.706486859935%  Train=4.040285110473633s
2026-03-24 10:42:31 | INFO |   KNN: AUCROC=96.1022487546365%  Train=2.1941733360290527s
2026-03-24 10:42:31 | INFO |   LOF: AUCROC=89.52110788274919%  Train=2.0014917850494385s
2026-03-24 10:42:31 | INFO |   HBOS: AUCROC=96.26683168974499%  Train=9.194139957427979s
2026-03-24 10:42:31 | INFO |   IForest: AUCROC=94.53042473144491%  Train=1.1710784435272217s
2026-03-24 10:42:31 | INFO |   PCA: AUCROC=93.31015100556444%  Train=0.03356623649597168s
2026-03-24 10:42:31 | INFO |   OCSVM: AUCROC=91.41135457319454%  Train=15.85898733139038s
2026-03-24 10:42:31 | ERROR | Error with AutoEncoder on data_CICIoT2023.csv: AutoEncoder.__init__() got an unexpected keyword argument 'epochs'
2026-03-24 10:42:31 | ERROR | Error with DIF on data_CICIoT2023.csv: Cannot re-initialize CUDA in forked subprocess. To use CUDA with multiprocessing, you must use the 'spawn' start method
2026-03-24 10:42:31 | ERROR | Error with NeuTraLAD on data_CICIoT2023.csv: Cannot re-initialize CUDA in forked subprocess. To use CUDA with multiprocessing, you must use the 'spawn' start method
2026-03-24 10:42:31 | ERROR | Error with DASVDD on data_CICIoT2023.csv: Cannot re-initialize CUDA in forked subprocess. To use CUDA with multiprocessing, you must use the 'spawn' start method
2026-03-24 10:42:31 | INFO |   LODA: AUCROC=92.28789981450139%  Train=0.8274812698364258s
2026-03-24 10:42:31 | INFO |   COPOD: AUCROC=92.3949876295569%  Train=0.7803137302398682s
2026-03-24 10:42:31 | INFO |   ECOD: AUCROC=89.42016272594987%  Train=0.15875554084777832s
2026-03-24 10:42:31 | ERROR | Error with VAE on data_CICIoT2023.csv: VAE.__init__() got an unexpected keyword argument 'epochs'
2026-03-24 10:42:31 | ERROR | Error with DeepSVDD on data_CICIoT2023.csv: DeepSVDD.__init__() got an unexpected keyword argument 'device'
2026-03-24 10:42:31 | ERROR | Error with LUNAR on data_CICIoT2023.csv: LUNAR.__init__() got an unexpected keyword argument 'n_neighbors'
2026-03-24 10:42:31 | ERROR | Error with AE1SVM on data_CICIoT2023.csv: AE1SVM.__init__() got an unexpected keyword argument 'device'
2026-03-24 10:42:31 | ERROR | Error with DevNet on data_CICIoT2023.csv: CUDA error: initialization error
CUDA kernel errors might be asynchronously reported at some other API call, so the stacktrace below might be incorrect.
For debugging consider passing CUDA_LAUNCH_BLOCKING=1
Compile with `TORCH_USE_CUDA_DSA` to enable device-side assertions.

2026-03-24 10:42:31 | ERROR | Error with ALAD on data_CICIoT2023.csv: CUDA error: initialization error
CUDA kernel errors might be asynchronously reported at some other API call, so the stacktrace below might be incorrect.
For debugging consider passing CUDA_LAUNCH_BLOCKING=1
Compile with `TORCH_USE_CUDA_DSA` to enable device-side assertions.

2026-03-24 10:42:31 | INFO | --- Noise: 1% ---
2026-03-24 10:43:01 | INFO |   CBLOF: AUCROC=95.06314233503304%  Train=4.176403999328613s
2026-03-24 10:43:01 | INFO |   KNN: AUCROC=95.16173603066002%  Train=2.2195188999176025s
2026-03-24 10:43:01 | INFO |   LOF: AUCROC=61.14761720320933%  Train=2.031837224960327s
2026-03-24 10:43:01 | INFO |   HBOS: AUCROC=96.2213357124929%  Train=9.219643831253052s
2026-03-24 10:43:01 | INFO |   IForest: AUCROC=94.67302710714782%  Train=1.2246029376983643s
2026-03-24 10:43:01 | INFO |   PCA: AUCROC=93.22765961947377%  Train=0.029515743255615234s
2026-03-24 10:43:01 | INFO |   OCSVM: AUCROC=91.22426629252236%  Train=15.813931465148926s
2026-03-24 10:43:01 | ERROR | Error with AutoEncoder on data_CICIoT2023.csv: AutoEncoder.__init__() got an unexpected keyword argument 'epochs'
2026-03-24 10:43:01 | ERROR | Error with DIF on data_CICIoT2023.csv: Cannot re-initialize CUDA in forked subprocess. To use CUDA with multiprocessing, you must use the 'spawn' start method
2026-03-24 10:43:01 | ERROR | Error with NeuTraLAD on data_CICIoT2023.csv: Cannot re-initialize CUDA in forked subprocess. To use CUDA with multiprocessing, you must use the 'spawn' start method
2026-03-24 10:43:01 | ERROR | Error with DASVDD on data_CICIoT2023.csv: Cannot re-initialize CUDA in forked subprocess. To use CUDA with multiprocessing, you must use the 'spawn' start method
2026-03-24 10:43:01 | INFO |   LODA: AUCROC=91.74134107675864%  Train=0.8708267211914062s
2026-03-24 10:43:01 | INFO |   COPOD: AUCROC=92.32560944843378%  Train=0.8097414970397949s
2026-03-24 10:43:01 | INFO |   ECOD: AUCROC=89.19974609056078%  Train=0.19241023063659668s
2026-03-24 10:43:01 | ERROR | Error with VAE on data_CICIoT2023.csv: VAE.__init__() got an unexpected keyword argument 'epochs'
2026-03-24 10:43:01 | ERROR | Error with DeepSVDD on data_CICIoT2023.csv: DeepSVDD.__init__() got an unexpected keyword argument 'device'
2026-03-24 10:43:01 | ERROR | Error with LUNAR on data_CICIoT2023.csv: LUNAR.__init__() got an unexpected keyword argument 'n_neighbors'
2026-03-24 10:43:01 | ERROR | Error with AE1SVM on data_CICIoT2023.csv: AE1SVM.__init__() got an unexpected keyword argument 'device'
2026-03-24 10:43:01 | ERROR | Error with DevNet on data_CICIoT2023.csv: CUDA error: initialization error
CUDA kernel errors might be asynchronously reported at some other API call, so the stacktrace below might be incorrect.
For debugging consider passing CUDA_LAUNCH_BLOCKING=1
Compile with `TORCH_USE_CUDA_DSA` to enable device-side assertions.

2026-03-24 10:43:01 | ERROR | Error with ALAD on data_CICIoT2023.csv: CUDA error: initialization error
CUDA kernel errors might be asynchronously reported at some other API call, so the stacktrace below might be incorrect.
For debugging consider passing CUDA_LAUNCH_BLOCKING=1
Compile with `TORCH_USE_CUDA_DSA` to enable device-side assertions.

2026-03-24 10:43:01 | INFO | --- Noise: 3% ---
2026-03-24 10:43:33 | INFO |   CBLOF: AUCROC=94.99085808002364%  Train=4.106759786605835s
2026-03-24 10:43:33 | INFO |   KNN: AUCROC=83.76872688522535%  Train=2.3202576637268066s
2026-03-24 10:43:33 | INFO |   LOF: AUCROC=54.52886343216532%  Train=2.151463747024536s
2026-03-24 10:43:33 | INFO |   HBOS: AUCROC=96.15524570762004%  Train=9.129132270812988s
2026-03-24 10:43:33 | INFO |   IForest: AUCROC=94.93672046281011%  Train=1.2136075496673584s
2026-03-24 10:43:33 | INFO |   PCA: AUCROC=92.76630245378719%  Train=0.02964949607849121s
2026-03-24 10:43:33 | INFO |   OCSVM: AUCROC=90.6640139411579%  Train=16.945528507232666s
2026-03-24 10:43:33 | ERROR | Error with AutoEncoder on data_CICIoT2023.csv: AutoEncoder.__init__() got an unexpected keyword argument 'epochs'
2026-03-24 10:43:33 | ERROR | Error with DIF on data_CICIoT2023.csv: Cannot re-initialize CUDA in forked subprocess. To use CUDA with multiprocessing, you must use the 'spawn' start method
2026-03-24 10:43:33 | ERROR | Error with NeuTraLAD on data_CICIoT2023.csv: Cannot re-initialize CUDA in forked subprocess. To use CUDA with multiprocessing, you must use the 'spawn' start method
2026-03-24 10:43:33 | ERROR | Error with DASVDD on data_CICIoT2023.csv: Cannot re-initialize CUDA in forked subprocess. To use CUDA with multiprocessing, you must use the 'spawn' start method
2026-03-24 10:43:33 | INFO |   LODA: AUCROC=92.06931066024966%  Train=0.6688454151153564s
2026-03-24 10:43:33 | INFO |   COPOD: AUCROC=92.2062161637877%  Train=0.8187696933746338s
2026-03-24 10:43:33 | INFO |   ECOD: AUCROC=88.78654672070401%  Train=0.18513202667236328s
2026-03-24 10:43:33 | ERROR | Error with VAE on data_CICIoT2023.csv: VAE.__init__() got an unexpected keyword argument 'epochs'
2026-03-24 10:43:33 | ERROR | Error with DeepSVDD on data_CICIoT2023.csv: DeepSVDD.__init__() got an unexpected keyword argument 'device'
2026-03-24 10:43:33 | ERROR | Error with LUNAR on data_CICIoT2023.csv: LUNAR.__init__() got an unexpected keyword argument 'n_neighbors'
2026-03-24 10:43:33 | ERROR | Error with AE1SVM on data_CICIoT2023.csv: AE1SVM.__init__() got an unexpected keyword argument 'device'
2026-03-24 10:43:33 | ERROR | Error with DevNet on data_CICIoT2023.csv: CUDA error: initialization error
CUDA kernel errors might be asynchronously reported at some other API call, so the stacktrace below might be incorrect.
For debugging consider passing CUDA_LAUNCH_BLOCKING=1
Compile with `TORCH_USE_CUDA_DSA` to enable device-side assertions.

2026-03-24 10:43:33 | ERROR | Error with ALAD on data_CICIoT2023.csv: CUDA error: initialization error
CUDA kernel errors might be asynchronously reported at some other API call, so the stacktrace below might be incorrect.
For debugging consider passing CUDA_LAUNCH_BLOCKING=1
Compile with `TORCH_USE_CUDA_DSA` to enable device-side assertions.

2026-03-24 10:43:33 | INFO | --- Noise: 5% ---
2026-03-24 10:44:05 | INFO |   CBLOF: AUCROC=94.92355244146965%  Train=4.216423749923706s
2026-03-24 10:44:05 | INFO |   KNN: AUCROC=74.49781753448079%  Train=2.2143537998199463s
2026-03-24 10:44:05 | INFO |   LOF: AUCROC=52.14388366005181%  Train=2.0742833614349365s
2026-03-24 10:44:05 | INFO |   HBOS: AUCROC=96.09659218862816%  Train=9.357177972793579s
2026-03-24 10:44:05 | INFO |   IForest: AUCROC=95.02856287721725%  Train=1.2280819416046143s
2026-03-24 10:44:05 | INFO |   PCA: AUCROC=92.47337343054276%  Train=0.030738353729248047s
2026-03-24 10:44:05 | INFO |   OCSVM: AUCROC=89.93070307608848%  Train=17.682976961135864s
2026-03-24 10:44:05 | ERROR | Error with AutoEncoder on data_CICIoT2023.csv: AutoEncoder.__init__() got an unexpected keyword argument 'epochs'
2026-03-24 10:44:05 | ERROR | Error with DIF on data_CICIoT2023.csv: Cannot re-initialize CUDA in forked subprocess. To use CUDA with multiprocessing, you must use the 'spawn' start method
2026-03-24 10:44:05 | ERROR | Error with NeuTraLAD on data_CICIoT2023.csv: Cannot re-initialize CUDA in forked subprocess. To use CUDA with multiprocessing, you must use the 'spawn' start method
2026-03-24 10:44:05 | ERROR | Error with DASVDD on data_CICIoT2023.csv: Cannot re-initialize CUDA in forked subprocess. To use CUDA with multiprocessing, you must use the 'spawn' start method
2026-03-24 10:44:05 | INFO |   LODA: AUCROC=91.49540741978946%  Train=0.9809422492980957s
2026-03-24 10:44:05 | INFO |   COPOD: AUCROC=92.10078493176587%  Train=0.8309803009033203s
2026-03-24 10:44:05 | INFO |   ECOD: AUCROC=88.35403747737372%  Train=0.1978311538696289s
2026-03-24 10:44:05 | ERROR | Error with VAE on data_CICIoT2023.csv: VAE.__init__() got an unexpected keyword argument 'epochs'
2026-03-24 10:44:05 | ERROR | Error with DeepSVDD on data_CICIoT2023.csv: DeepSVDD.__init__() got an unexpected keyword argument 'device'
2026-03-24 10:44:05 | ERROR | Error with LUNAR on data_CICIoT2023.csv: LUNAR.__init__() got an unexpected keyword argument 'n_neighbors'
2026-03-24 10:44:05 | ERROR | Error with AE1SVM on data_CICIoT2023.csv: AE1SVM.__init__() got an unexpected keyword argument 'device'
2026-03-24 10:44:05 | ERROR | Error with DevNet on data_CICIoT2023.csv: CUDA error: initialization error
CUDA kernel errors might be asynchronously reported at some other API call, so the stacktrace below might be incorrect.
For debugging consider passing CUDA_LAUNCH_BLOCKING=1
Compile with `TORCH_USE_CUDA_DSA` to enable device-side assertions.

2026-03-24 10:44:05 | ERROR | Error with ALAD on data_CICIoT2023.csv: CUDA error: initialization error
CUDA kernel errors might be asynchronously reported at some other API call, so the stacktrace below might be incorrect.
For debugging consider passing CUDA_LAUNCH_BLOCKING=1
Compile with `TORCH_USE_CUDA_DSA` to enable device-side assertions.

2026-03-24 10:44:05 | INFO | 
Processing Dataset: data_BoTIoT.csv | Scaler: StandardScaler
2026-03-24 10:44:05 | INFO | --- Noise: 0% ---
2026-03-24 10:44:15 | INFO |   CBLOF: AUCROC=98.76433668322935%  Train=2.63242769241333s
2026-03-24 10:44:15 | INFO |   KNN: AUCROC=99.40322398816556%  Train=0.3460237979888916s
2026-03-24 10:44:15 | INFO |   LOF: AUCROC=99.19278222267666%  Train=0.27782320976257324s
2026-03-24 10:44:15 | INFO |   HBOS: AUCROC=98.48294476243659%  Train=7.177250623703003s
2026-03-24 10:44:15 | INFO |   IForest: AUCROC=96.48039711113252%  Train=0.7379148006439209s
2026-03-24 10:44:15 | INFO |   PCA: AUCROC=92.43056060781832%  Train=0.0062427520751953125s
2026-03-24 10:44:15 | INFO |   OCSVM: AUCROC=98.2652687028214%  Train=0.40406107902526855s
2026-03-24 10:44:15 | ERROR | Error with AutoEncoder on data_BoTIoT.csv: AutoEncoder.__init__() got an unexpected keyword argument 'epochs'
2026-03-24 10:44:15 | ERROR | Error with DIF on data_BoTIoT.csv: Cannot re-initialize CUDA in forked subprocess. To use CUDA with multiprocessing, you must use the 'spawn' start method
2026-03-24 10:44:15 | ERROR | Error with NeuTraLAD on data_BoTIoT.csv: Cannot re-initialize CUDA in forked subprocess. To use CUDA with multiprocessing, you must use the 'spawn' start method
2026-03-24 10:44:15 | ERROR | Error with DASVDD on data_BoTIoT.csv: Cannot re-initialize CUDA in forked subprocess. To use CUDA with multiprocessing, you must use the 'spawn' start method
2026-03-24 10:44:15 | INFO |   LODA: AUCROC=96.69604953467842%  Train=0.06787252426147461s
2026-03-24 10:44:15 | INFO |   COPOD: AUCROC=67.679680858664%  Train=0.5753958225250244s
2026-03-24 10:44:15 | INFO |   ECOD: AUCROC=61.387688362011616%  Train=0.17625713348388672s
2026-03-24 10:44:15 | ERROR | Error with VAE on data_BoTIoT.csv: VAE.__init__() got an unexpected keyword argument 'epochs'
2026-03-24 10:44:15 | ERROR | Error with DeepSVDD on data_BoTIoT.csv: DeepSVDD.__init__() got an unexpected keyword argument 'device'
2026-03-24 10:44:15 | ERROR | Error with LUNAR on data_BoTIoT.csv: LUNAR.__init__() got an unexpected keyword argument 'n_neighbors'
2026-03-24 10:44:15 | ERROR | Error with AE1SVM on data_BoTIoT.csv: AE1SVM.__init__() got an unexpected keyword argument 'device'
2026-03-24 10:44:15 | ERROR | Error with DevNet on data_BoTIoT.csv: CUDA error: initialization error
CUDA kernel errors might be asynchronously reported at some other API call, so the stacktrace below might be incorrect.
For debugging consider passing CUDA_LAUNCH_BLOCKING=1
Compile with `TORCH_USE_CUDA_DSA` to enable device-side assertions.

2026-03-24 10:44:15 | ERROR | Error with ALAD on data_BoTIoT.csv: CUDA error: initialization error
CUDA kernel errors might be asynchronously reported at some other API call, so the stacktrace below might be incorrect.
For debugging consider passing CUDA_LAUNCH_BLOCKING=1
Compile with `TORCH_USE_CUDA_DSA` to enable device-side assertions.

2026-03-24 10:44:15 | INFO | --- Noise: 1% ---
2026-03-24 10:44:25 | INFO |   CBLOF: AUCROC=98.69382894228886%  Train=2.670078754425049s
2026-03-24 10:44:25 | INFO |   KNN: AUCROC=99.14959766510086%  Train=0.3720386028289795s
2026-03-24 10:44:25 | INFO |   LOF: AUCROC=59.23816082778022%  Train=0.33121633529663086s
2026-03-24 10:44:25 | INFO |   HBOS: AUCROC=98.2927639362163%  Train=7.24278450012207s
2026-03-24 10:44:25 | INFO |   IForest: AUCROC=97.78533104719807%  Train=0.7605998516082764s
2026-03-24 10:44:25 | INFO |   PCA: AUCROC=90.61503953218121%  Train=0.006334066390991211s
2026-03-24 10:44:25 | INFO |   OCSVM: AUCROC=97.09817141950778%  Train=0.415799617767334s
2026-03-24 10:44:25 | ERROR | Error with AutoEncoder on data_BoTIoT.csv: AutoEncoder.__init__() got an unexpected keyword argument 'epochs'
2026-03-24 10:44:25 | ERROR | Error with DIF on data_BoTIoT.csv: Cannot re-initialize CUDA in forked subprocess. To use CUDA with multiprocessing, you must use the 'spawn' start method
2026-03-24 10:44:25 | ERROR | Error with NeuTraLAD on data_BoTIoT.csv: Cannot re-initialize CUDA in forked subprocess. To use CUDA with multiprocessing, you must use the 'spawn' start method
2026-03-24 10:44:25 | ERROR | Error with DASVDD on data_BoTIoT.csv: Cannot re-initialize CUDA in forked subprocess. To use CUDA with multiprocessing, you must use the 'spawn' start method
2026-03-24 10:44:25 | INFO |   LODA: AUCROC=94.18125159351098%  Train=0.06991171836853027s
2026-03-24 10:44:25 | INFO |   COPOD: AUCROC=67.59684286556043%  Train=0.6024949550628662s
2026-03-24 10:44:25 | INFO |   ECOD: AUCROC=61.28440918675064%  Train=0.1796703338623047s
2026-03-24 10:44:25 | ERROR | Error with VAE on data_BoTIoT.csv: VAE.__init__() got an unexpected keyword argument 'epochs'
2026-03-24 10:44:25 | ERROR | Error with DeepSVDD on data_BoTIoT.csv: DeepSVDD.__init__() got an unexpected keyword argument 'device'
2026-03-24 10:44:25 | ERROR | Error with LUNAR on data_BoTIoT.csv: LUNAR.__init__() got an unexpected keyword argument 'n_neighbors'
2026-03-24 10:44:25 | ERROR | Error with AE1SVM on data_BoTIoT.csv: AE1SVM.__init__() got an unexpected keyword argument 'device'
2026-03-24 10:44:25 | ERROR | Error with DevNet on data_BoTIoT.csv: CUDA error: initialization error
CUDA kernel errors might be asynchronously reported at some other API call, so the stacktrace below might be incorrect.
For debugging consider passing CUDA_LAUNCH_BLOCKING=1
Compile with `TORCH_USE_CUDA_DSA` to enable device-side assertions.

2026-03-24 10:44:25 | ERROR | Error with ALAD on data_BoTIoT.csv: CUDA error: initialization error
CUDA kernel errors might be asynchronously reported at some other API call, so the stacktrace below might be incorrect.
For debugging consider passing CUDA_LAUNCH_BLOCKING=1
Compile with `TORCH_USE_CUDA_DSA` to enable device-side assertions.

2026-03-24 10:44:25 | INFO | --- Noise: 3% ---
2026-03-24 10:44:34 | INFO |   CBLOF: AUCROC=94.65434001936136%  Train=2.6188409328460693s
2026-03-24 10:44:34 | INFO |   KNN: AUCROC=96.6277620584131%  Train=0.3777947425842285s
2026-03-24 10:44:34 | INFO |   LOF: AUCROC=51.981291279717944%  Train=0.3286144733428955s
2026-03-24 10:44:34 | INFO |   HBOS: AUCROC=98.03957183465633%  Train=7.1871092319488525s
2026-03-24 10:44:34 | INFO |   IForest: AUCROC=98.49153907108715%  Train=0.7575218677520752s
2026-03-24 10:44:34 | INFO |   PCA: AUCROC=88.63395717035705%  Train=0.0062296390533447266s
2026-03-24 10:44:34 | INFO |   OCSVM: AUCROC=94.0947841640564%  Train=0.43988823890686035s
2026-03-24 10:44:34 | ERROR | Error with AutoEncoder on data_BoTIoT.csv: AutoEncoder.__init__() got an unexpected keyword argument 'epochs'
2026-03-24 10:44:34 | ERROR | Error with DIF on data_BoTIoT.csv: Cannot re-initialize CUDA in forked subprocess. To use CUDA with multiprocessing, you must use the 'spawn' start method
2026-03-24 10:44:34 | ERROR | Error with NeuTraLAD on data_BoTIoT.csv: Cannot re-initialize CUDA in forked subprocess. To use CUDA with multiprocessing, you must use the 'spawn' start method
2026-03-24 10:44:34 | ERROR | Error with DASVDD on data_BoTIoT.csv: Cannot re-initialize CUDA in forked subprocess. To use CUDA with multiprocessing, you must use the 'spawn' start method
2026-03-24 10:44:34 | INFO |   LODA: AUCROC=89.45402954279261%  Train=0.07026505470275879s
2026-03-24 10:44:34 | INFO |   COPOD: AUCROC=67.43473077283562%  Train=0.5949370861053467s
2026-03-24 10:44:34 | INFO |   ECOD: AUCROC=61.07055099923381%  Train=0.1796579360961914s
2026-03-24 10:44:34 | ERROR | Error with VAE on data_BoTIoT.csv: VAE.__init__() got an unexpected keyword argument 'epochs'
2026-03-24 10:44:34 | ERROR | Error with DeepSVDD on data_BoTIoT.csv: DeepSVDD.__init__() got an unexpected keyword argument 'device'
2026-03-24 10:44:34 | ERROR | Error with LUNAR on data_BoTIoT.csv: LUNAR.__init__() got an unexpected keyword argument 'n_neighbors'
2026-03-24 10:44:34 | ERROR | Error with AE1SVM on data_BoTIoT.csv: AE1SVM.__init__() got an unexpected keyword argument 'device'
2026-03-24 10:44:34 | ERROR | Error with DevNet on data_BoTIoT.csv: CUDA error: initialization error
CUDA kernel errors might be asynchronously reported at some other API call, so the stacktrace below might be incorrect.
For debugging consider passing CUDA_LAUNCH_BLOCKING=1
Compile with `TORCH_USE_CUDA_DSA` to enable device-side assertions.

2026-03-24 10:44:34 | ERROR | Error with ALAD on data_BoTIoT.csv: CUDA error: initialization error
CUDA kernel errors might be asynchronously reported at some other API call, so the stacktrace below might be incorrect.
For debugging consider passing CUDA_LAUNCH_BLOCKING=1
Compile with `TORCH_USE_CUDA_DSA` to enable device-side assertions.

2026-03-24 10:44:34 | INFO | --- Noise: 5% ---
2026-03-24 10:44:44 | INFO |   CBLOF: AUCROC=94.49036814773886%  Train=2.676095962524414s
2026-03-24 10:44:44 | INFO |   KNN: AUCROC=95.52566691507414%  Train=0.37761974334716797s
2026-03-24 10:44:44 | INFO |   LOF: AUCROC=50.89331652814182%  Train=0.32274675369262695s
2026-03-24 10:44:44 | INFO |   HBOS: AUCROC=97.72265567906017%  Train=7.212081670761108s
2026-03-24 10:44:44 | INFO |   IForest: AUCROC=97.98612162527962%  Train=0.7553565502166748s
2026-03-24 10:44:44 | INFO |   PCA: AUCROC=85.1953652671298%  Train=0.006380558013916016s
2026-03-24 10:44:44 | INFO |   OCSVM: AUCROC=88.72485693630348%  Train=0.4496004581451416s
2026-03-24 10:44:44 | ERROR | Error with AutoEncoder on data_BoTIoT.csv: AutoEncoder.__init__() got an unexpected keyword argument 'epochs'
2026-03-24 10:44:44 | ERROR | Error with DIF on data_BoTIoT.csv: Cannot re-initialize CUDA in forked subprocess. To use CUDA with multiprocessing, you must use the 'spawn' start method
2026-03-24 10:44:44 | ERROR | Error with NeuTraLAD on data_BoTIoT.csv: Cannot re-initialize CUDA in forked subprocess. To use CUDA with multiprocessing, you must use the 'spawn' start method
2026-03-24 10:44:44 | ERROR | Error with DASVDD on data_BoTIoT.csv: Cannot re-initialize CUDA in forked subprocess. To use CUDA with multiprocessing, you must use the 'spawn' start method
2026-03-24 10:44:44 | INFO |   LODA: AUCROC=89.21692821548397%  Train=0.0698709487915039s
2026-03-24 10:44:44 | INFO |   COPOD: AUCROC=67.29044634038117%  Train=0.5862185955047607s
2026-03-24 10:44:44 | INFO |   ECOD: AUCROC=60.885490709626076%  Train=0.18185114860534668s
2026-03-24 10:44:44 | ERROR | Error with VAE on data_BoTIoT.csv: VAE.__init__() got an unexpected keyword argument 'epochs'
2026-03-24 10:44:44 | ERROR | Error with DeepSVDD on data_BoTIoT.csv: DeepSVDD.__init__() got an unexpected keyword argument 'device'
2026-03-24 10:44:44 | ERROR | Error with LUNAR on data_BoTIoT.csv: LUNAR.__init__() got an unexpected keyword argument 'n_neighbors'
2026-03-24 10:44:44 | ERROR | Error with AE1SVM on data_BoTIoT.csv: AE1SVM.__init__() got an unexpected keyword argument 'device'
2026-03-24 10:44:44 | ERROR | Error with DevNet on data_BoTIoT.csv: CUDA error: initialization error
CUDA kernel errors might be asynchronously reported at some other API call, so the stacktrace below might be incorrect.
For debugging consider passing CUDA_LAUNCH_BLOCKING=1
Compile with `TORCH_USE_CUDA_DSA` to enable device-side assertions.

2026-03-24 10:44:44 | ERROR | Error with ALAD on data_BoTIoT.csv: CUDA error: initialization error
CUDA kernel errors might be asynchronously reported at some other API call, so the stacktrace below might be incorrect.
For debugging consider passing CUDA_LAUNCH_BLOCKING=1
Compile with `TORCH_USE_CUDA_DSA` to enable device-side assertions.

2026-03-24 10:44:44 | INFO | 
Processing Dataset: data_BoTIoT.csv | Scaler: MinMaxScaler
2026-03-24 10:44:44 | INFO | --- Noise: 0% ---
2026-03-24 10:44:54 | INFO |   CBLOF: AUCROC=97.66076682534595%  Train=2.5750110149383545s
2026-03-24 10:44:54 | INFO |   KNN: AUCROC=98.66405199777941%  Train=0.3510932922363281s
2026-03-24 10:44:54 | INFO |   LOF: AUCROC=98.3479838030463%  Train=0.33884763717651367s
2026-03-24 10:44:54 | INFO |   HBOS: AUCROC=98.9349611560189%  Train=7.2189695835113525s
2026-03-24 10:44:54 | INFO |   IForest: AUCROC=97.79752202076529%  Train=0.7435455322265625s
2026-03-24 10:44:54 | INFO |   PCA: AUCROC=92.43056060781832%  Train=0.0063724517822265625s
2026-03-24 10:44:54 | INFO |   OCSVM: AUCROC=71.83000686889262%  Train=0.3949558734893799s
2026-03-24 10:44:54 | ERROR | Error with AutoEncoder on data_BoTIoT.csv: AutoEncoder.__init__() got an unexpected keyword argument 'epochs'
2026-03-24 10:44:54 | ERROR | Error with DIF on data_BoTIoT.csv: Cannot re-initialize CUDA in forked subprocess. To use CUDA with multiprocessing, you must use the 'spawn' start method
2026-03-24 10:44:54 | ERROR | Error with NeuTraLAD on data_BoTIoT.csv: Cannot re-initialize CUDA in forked subprocess. To use CUDA with multiprocessing, you must use the 'spawn' start method
2026-03-24 10:44:54 | ERROR | Error with DASVDD on data_BoTIoT.csv: Cannot re-initialize CUDA in forked subprocess. To use CUDA with multiprocessing, you must use the 'spawn' start method
2026-03-24 10:44:54 | INFO |   LODA: AUCROC=91.4570687656115%  Train=0.06795859336853027s
2026-03-24 10:44:54 | INFO |   COPOD: AUCROC=67.67974640153265%  Train=0.5760340690612793s
2026-03-24 10:44:54 | INFO |   ECOD: AUCROC=61.38721317621396%  Train=0.17816925048828125s
2026-03-24 10:44:54 | ERROR | Error with VAE on data_BoTIoT.csv: VAE.__init__() got an unexpected keyword argument 'epochs'
2026-03-24 10:44:54 | ERROR | Error with DeepSVDD on data_BoTIoT.csv: DeepSVDD.__init__() got an unexpected keyword argument 'device'
2026-03-24 10:44:54 | ERROR | Error with LUNAR on data_BoTIoT.csv: LUNAR.__init__() got an unexpected keyword argument 'n_neighbors'
2026-03-24 10:44:54 | ERROR | Error with AE1SVM on data_BoTIoT.csv: AE1SVM.__init__() got an unexpected keyword argument 'device'
2026-03-24 10:44:54 | ERROR | Error with DevNet on data_BoTIoT.csv: CUDA error: initialization error
CUDA kernel errors might be asynchronously reported at some other API call, so the stacktrace below might be incorrect.
For debugging consider passing CUDA_LAUNCH_BLOCKING=1
Compile with `TORCH_USE_CUDA_DSA` to enable device-side assertions.

2026-03-24 10:44:54 | ERROR | Error with ALAD on data_BoTIoT.csv: CUDA error: initialization error
CUDA kernel errors might be asynchronously reported at some other API call, so the stacktrace below might be incorrect.
For debugging consider passing CUDA_LAUNCH_BLOCKING=1
Compile with `TORCH_USE_CUDA_DSA` to enable device-side assertions.

2026-03-24 10:44:54 | INFO | --- Noise: 1% ---
2026-03-24 10:45:04 | INFO |   CBLOF: AUCROC=96.13732115809006%  Train=2.5913848876953125s
2026-03-24 10:45:04 | INFO |   KNN: AUCROC=98.39256933943932%  Train=0.35979795455932617s
2026-03-24 10:45:04 | INFO |   LOF: AUCROC=80.27252233209393%  Train=0.31333279609680176s
2026-03-24 10:45:04 | INFO |   HBOS: AUCROC=98.69156771332074%  Train=7.238421201705933s
2026-03-24 10:45:04 | INFO |   IForest: AUCROC=98.33452293639917%  Train=0.7515394687652588s
2026-03-24 10:45:04 | INFO |   PCA: AUCROC=90.362846959368%  Train=0.006166219711303711s
2026-03-24 10:45:04 | INFO |   OCSVM: AUCROC=70.49747938512925%  Train=0.407167911529541s
2026-03-24 10:45:04 | ERROR | Error with AutoEncoder on data_BoTIoT.csv: AutoEncoder.__init__() got an unexpected keyword argument 'epochs'
2026-03-24 10:45:04 | ERROR | Error with DIF on data_BoTIoT.csv: Cannot re-initialize CUDA in forked subprocess. To use CUDA with multiprocessing, you must use the 'spawn' start method
2026-03-24 10:45:04 | ERROR | Error with NeuTraLAD on data_BoTIoT.csv: Cannot re-initialize CUDA in forked subprocess. To use CUDA with multiprocessing, you must use the 'spawn' start method
2026-03-24 10:45:04 | ERROR | Error with DASVDD on data_BoTIoT.csv: Cannot re-initialize CUDA in forked subprocess. To use CUDA with multiprocessing, you must use the 'spawn' start method
2026-03-24 10:45:04 | INFO |   LODA: AUCROC=91.52212006273763%  Train=0.06890654563903809s
2026-03-24 10:45:04 | INFO |   COPOD: AUCROC=67.60269256658664%  Train=0.5790691375732422s
2026-03-24 10:45:04 | INFO |   ECOD: AUCROC=61.290906123604685%  Train=0.17717480659484863s
2026-03-24 10:45:04 | ERROR | Error with VAE on data_BoTIoT.csv: VAE.__init__() got an unexpected keyword argument 'epochs'
2026-03-24 10:45:04 | ERROR | Error with DeepSVDD on data_BoTIoT.csv: DeepSVDD.__init__() got an unexpected keyword argument 'device'
2026-03-24 10:45:04 | ERROR | Error with LUNAR on data_BoTIoT.csv: LUNAR.__init__() got an unexpected keyword argument 'n_neighbors'
2026-03-24 10:45:04 | ERROR | Error with AE1SVM on data_BoTIoT.csv: AE1SVM.__init__() got an unexpected keyword argument 'device'
2026-03-24 10:45:04 | ERROR | Error with DevNet on data_BoTIoT.csv: CUDA error: initialization error
CUDA kernel errors might be asynchronously reported at some other API call, so the stacktrace below might be incorrect.
For debugging consider passing CUDA_LAUNCH_BLOCKING=1
Compile with `TORCH_USE_CUDA_DSA` to enable device-side assertions.

2026-03-24 10:45:04 | ERROR | Error with ALAD on data_BoTIoT.csv: CUDA error: initialization error
CUDA kernel errors might be asynchronously reported at some other API call, so the stacktrace below might be incorrect.
For debugging consider passing CUDA_LAUNCH_BLOCKING=1
Compile with `TORCH_USE_CUDA_DSA` to enable device-side assertions.

2026-03-24 10:45:04 | INFO | --- Noise: 3% ---
2026-03-24 10:45:13 | INFO |   CBLOF: AUCROC=94.17930169316892%  Train=2.5991194248199463s
2026-03-24 10:45:13 | INFO |   KNN: AUCROC=96.51279167395832%  Train=0.34870219230651855s
2026-03-24 10:45:13 | INFO |   LOF: AUCROC=60.606417367811495%  Train=0.35588741302490234s
2026-03-24 10:45:13 | INFO |   HBOS: AUCROC=98.41357582883873%  Train=7.152643442153931s
2026-03-24 10:45:13 | INFO |   IForest: AUCROC=98.1011903240374%  Train=0.7452659606933594s
2026-03-24 10:45:13 | INFO |   PCA: AUCROC=88.36218366553736%  Train=0.006442546844482422s
2026-03-24 10:45:13 | INFO |   OCSVM: AUCROC=68.11237029885582%  Train=0.424501895904541s
2026-03-24 10:45:13 | ERROR | Error with AutoEncoder on data_BoTIoT.csv: AutoEncoder.__init__() got an unexpected keyword argument 'epochs'
2026-03-24 10:45:13 | ERROR | Error with DIF on data_BoTIoT.csv: Cannot re-initialize CUDA in forked subprocess. To use CUDA with multiprocessing, you must use the 'spawn' start method
2026-03-24 10:45:13 | ERROR | Error with NeuTraLAD on data_BoTIoT.csv: Cannot re-initialize CUDA in forked subprocess. To use CUDA with multiprocessing, you must use the 'spawn' start method
2026-03-24 10:45:13 | ERROR | Error with DASVDD on data_BoTIoT.csv: Cannot re-initialize CUDA in forked subprocess. To use CUDA with multiprocessing, you must use the 'spawn' start method
2026-03-24 10:45:13 | INFO |   LODA: AUCROC=88.98630743931223%  Train=0.06991004943847656s
2026-03-24 10:45:13 | INFO |   COPOD: AUCROC=67.44100650250799%  Train=0.5907177925109863s
2026-03-24 10:45:13 | INFO |   ECOD: AUCROC=61.08556031615257%  Train=0.17595672607421875s
2026-03-24 10:45:13 | ERROR | Error with VAE on data_BoTIoT.csv: VAE.__init__() got an unexpected keyword argument 'epochs'
2026-03-24 10:45:13 | ERROR | Error with DeepSVDD on data_BoTIoT.csv: DeepSVDD.__init__() got an unexpected keyword argument 'device'
2026-03-24 10:45:13 | ERROR | Error with LUNAR on data_BoTIoT.csv: LUNAR.__init__() got an unexpected keyword argument 'n_neighbors'
2026-03-24 10:45:13 | ERROR | Error with AE1SVM on data_BoTIoT.csv: AE1SVM.__init__() got an unexpected keyword argument 'device'
2026-03-24 10:45:13 | ERROR | Error with DevNet on data_BoTIoT.csv: CUDA error: initialization error
CUDA kernel errors might be asynchronously reported at some other API call, so the stacktrace below might be incorrect.
For debugging consider passing CUDA_LAUNCH_BLOCKING=1
Compile with `TORCH_USE_CUDA_DSA` to enable device-side assertions.

2026-03-24 10:45:13 | ERROR | Error with ALAD on data_BoTIoT.csv: CUDA error: initialization error
CUDA kernel errors might be asynchronously reported at some other API call, so the stacktrace below might be incorrect.
For debugging consider passing CUDA_LAUNCH_BLOCKING=1
Compile with `TORCH_USE_CUDA_DSA` to enable device-side assertions.

2026-03-24 10:45:13 | INFO | --- Noise: 5% ---
2026-03-24 10:45:23 | INFO |   CBLOF: AUCROC=93.39816997756468%  Train=2.5611162185668945s
2026-03-24 10:45:23 | INFO |   KNN: AUCROC=95.48473539360786%  Train=0.33537864685058594s
2026-03-24 10:45:23 | INFO |   LOF: AUCROC=52.81610670116843%  Train=0.3373284339904785s
2026-03-24 10:45:23 | INFO |   HBOS: AUCROC=98.15919576278463%  Train=7.164555788040161s
2026-03-24 10:45:23 | INFO |   IForest: AUCROC=97.83611038467764%  Train=0.7441964149475098s
2026-03-24 10:45:23 | INFO |   PCA: AUCROC=85.47823190246697%  Train=0.006267070770263672s
2026-03-24 10:45:23 | INFO |   OCSVM: AUCROC=66.46037868047785%  Train=0.4373645782470703s
2026-03-24 10:45:23 | ERROR | Error with AutoEncoder on data_BoTIoT.csv: AutoEncoder.__init__() got an unexpected keyword argument 'epochs'
2026-03-24 10:45:23 | ERROR | Error with DIF on data_BoTIoT.csv: Cannot re-initialize CUDA in forked subprocess. To use CUDA with multiprocessing, you must use the 'spawn' start method
2026-03-24 10:45:23 | ERROR | Error with NeuTraLAD on data_BoTIoT.csv: Cannot re-initialize CUDA in forked subprocess. To use CUDA with multiprocessing, you must use the 'spawn' start method
2026-03-24 10:45:23 | ERROR | Error with DASVDD on data_BoTIoT.csv: Cannot re-initialize CUDA in forked subprocess. To use CUDA with multiprocessing, you must use the 'spawn' start method
2026-03-24 10:45:23 | INFO |   LODA: AUCROC=88.66917826939297%  Train=0.06992793083190918s
2026-03-24 10:45:23 | INFO |   COPOD: AUCROC=67.29215045496582%  Train=0.5852479934692383s
2026-03-24 10:45:23 | INFO |   ECOD: AUCROC=60.891676317854085%  Train=0.17563533782958984s
2026-03-24 10:45:23 | ERROR | Error with VAE on data_BoTIoT.csv: VAE.__init__() got an unexpected keyword argument 'epochs'
2026-03-24 10:45:23 | ERROR | Error with DeepSVDD on data_BoTIoT.csv: DeepSVDD.__init__() got an unexpected keyword argument 'device'
2026-03-24 10:45:23 | ERROR | Error with LUNAR on data_BoTIoT.csv: LUNAR.__init__() got an unexpected keyword argument 'n_neighbors'
2026-03-24 10:45:23 | ERROR | Error with AE1SVM on data_BoTIoT.csv: AE1SVM.__init__() got an unexpected keyword argument 'device'
2026-03-24 10:45:23 | ERROR | Error with DevNet on data_BoTIoT.csv: CUDA error: initialization error
CUDA kernel errors might be asynchronously reported at some other API call, so the stacktrace below might be incorrect.
For debugging consider passing CUDA_LAUNCH_BLOCKING=1
Compile with `TORCH_USE_CUDA_DSA` to enable device-side assertions.

2026-03-24 10:45:23 | ERROR | Error with ALAD on data_BoTIoT.csv: CUDA error: initialization error
CUDA kernel errors might be asynchronously reported at some other API call, so the stacktrace below might be incorrect.
For debugging consider passing CUDA_LAUNCH_BLOCKING=1
Compile with `TORCH_USE_CUDA_DSA` to enable device-side assertions.

2026-03-24 10:45:23 | INFO | 
Processing Dataset: data_BoTIoT.csv | Scaler: Normalizer
2026-03-24 10:45:23 | INFO | --- Noise: 0% ---
2026-03-24 10:45:33 | INFO |   CBLOF: AUCROC=96.40601414808361%  Train=2.6410210132598877s
2026-03-24 10:45:33 | INFO |   KNN: AUCROC=98.67745961084576%  Train=0.3274977207183838s
2026-03-24 10:45:33 | INFO |   LOF: AUCROC=99.36734746044323%  Train=0.3127279281616211s
2026-03-24 10:45:33 | INFO |   HBOS: AUCROC=97.25124678921873%  Train=7.266284942626953s
2026-03-24 10:45:33 | INFO |   IForest: AUCROC=95.80879572188587%  Train=0.7557961940765381s
2026-03-24 10:45:33 | INFO |   PCA: AUCROC=93.06525316916154%  Train=0.006341218948364258s
2026-03-24 10:45:33 | INFO |   OCSVM: AUCROC=89.54436809792628%  Train=0.40135836601257324s
2026-03-24 10:45:33 | ERROR | Error with AutoEncoder on data_BoTIoT.csv: AutoEncoder.__init__() got an unexpected keyword argument 'epochs'
2026-03-24 10:45:33 | ERROR | Error with DIF on data_BoTIoT.csv: Cannot re-initialize CUDA in forked subprocess. To use CUDA with multiprocessing, you must use the 'spawn' start method
2026-03-24 10:45:33 | ERROR | Error with NeuTraLAD on data_BoTIoT.csv: Cannot re-initialize CUDA in forked subprocess. To use CUDA with multiprocessing, you must use the 'spawn' start method
2026-03-24 10:45:33 | ERROR | Error with DASVDD on data_BoTIoT.csv: Cannot re-initialize CUDA in forked subprocess. To use CUDA with multiprocessing, you must use the 'spawn' start method
2026-03-24 10:45:33 | INFO |   LODA: AUCROC=96.13077506408455%  Train=0.06931328773498535s
2026-03-24 10:45:33 | INFO |   COPOD: AUCROC=89.0578147089995%  Train=0.6007232666015625s
2026-03-24 10:45:33 | INFO |   ECOD: AUCROC=77.66985598265472%  Train=0.18040895462036133s
2026-03-24 10:45:33 | ERROR | Error with VAE on data_BoTIoT.csv: VAE.__init__() got an unexpected keyword argument 'epochs'
2026-03-24 10:45:33 | ERROR | Error with DeepSVDD on data_BoTIoT.csv: DeepSVDD.__init__() got an unexpected keyword argument 'device'
2026-03-24 10:45:33 | ERROR | Error with LUNAR on data_BoTIoT.csv: LUNAR.__init__() got an unexpected keyword argument 'n_neighbors'
2026-03-24 10:45:33 | ERROR | Error with AE1SVM on data_BoTIoT.csv: AE1SVM.__init__() got an unexpected keyword argument 'device'
2026-03-24 10:45:33 | ERROR | Error with DevNet on data_BoTIoT.csv: CUDA error: initialization error
CUDA kernel errors might be asynchronously reported at some other API call, so the stacktrace below might be incorrect.
For debugging consider passing CUDA_LAUNCH_BLOCKING=1
Compile with `TORCH_USE_CUDA_DSA` to enable device-side assertions.

2026-03-24 10:45:33 | ERROR | Error with ALAD on data_BoTIoT.csv: CUDA error: initialization error
CUDA kernel errors might be asynchronously reported at some other API call, so the stacktrace below might be incorrect.
For debugging consider passing CUDA_LAUNCH_BLOCKING=1
Compile with `TORCH_USE_CUDA_DSA` to enable device-side assertions.

2026-03-24 10:45:33 | INFO | --- Noise: 1% ---
2026-03-24 10:45:43 | INFO |   CBLOF: AUCROC=97.01985178791114%  Train=2.5955312252044678s
2026-03-24 10:45:43 | INFO |   KNN: AUCROC=98.54768882736596%  Train=0.3591792583465576s
2026-03-24 10:45:43 | INFO |   LOF: AUCROC=88.96902460413745%  Train=0.24481749534606934s
2026-03-24 10:45:43 | INFO |   HBOS: AUCROC=97.02742608566847%  Train=7.247783899307251s
2026-03-24 10:45:43 | INFO |   IForest: AUCROC=95.3421386900209%  Train=0.7562172412872314s
2026-03-24 10:45:43 | INFO |   PCA: AUCROC=92.77383728589602%  Train=0.006292104721069336s
2026-03-24 10:45:43 | INFO |   OCSVM: AUCROC=88.4454108194235%  Train=0.40814781188964844s
2026-03-24 10:45:43 | ERROR | Error with AutoEncoder on data_BoTIoT.csv: AutoEncoder.__init__() got an unexpected keyword argument 'epochs'
2026-03-24 10:45:43 | ERROR | Error with DIF on data_BoTIoT.csv: Cannot re-initialize CUDA in forked subprocess. To use CUDA with multiprocessing, you must use the 'spawn' start method
2026-03-24 10:45:43 | ERROR | Error with NeuTraLAD on data_BoTIoT.csv: Cannot re-initialize CUDA in forked subprocess. To use CUDA with multiprocessing, you must use the 'spawn' start method
2026-03-24 10:45:43 | ERROR | Error with DASVDD on data_BoTIoT.csv: Cannot re-initialize CUDA in forked subprocess. To use CUDA with multiprocessing, you must use the 'spawn' start method
2026-03-24 10:45:43 | INFO |   LODA: AUCROC=94.26174642906066%  Train=0.06937623023986816s
2026-03-24 10:45:43 | INFO |   COPOD: AUCROC=88.98450501042458%  Train=0.5886714458465576s
2026-03-24 10:45:43 | INFO |   ECOD: AUCROC=77.54283390322858%  Train=0.1800854206085205s
2026-03-24 10:45:43 | ERROR | Error with VAE on data_BoTIoT.csv: VAE.__init__() got an unexpected keyword argument 'epochs'
2026-03-24 10:45:43 | ERROR | Error with DeepSVDD on data_BoTIoT.csv: DeepSVDD.__init__() got an unexpected keyword argument 'device'
2026-03-24 10:45:43 | ERROR | Error with LUNAR on data_BoTIoT.csv: LUNAR.__init__() got an unexpected keyword argument 'n_neighbors'
2026-03-24 10:45:43 | ERROR | Error with AE1SVM on data_BoTIoT.csv: AE1SVM.__init__() got an unexpected keyword argument 'device'
2026-03-24 10:45:43 | ERROR | Error with DevNet on data_BoTIoT.csv: CUDA error: initialization error
CUDA kernel errors might be asynchronously reported at some other API call, so the stacktrace below might be incorrect.
For debugging consider passing CUDA_LAUNCH_BLOCKING=1
Compile with `TORCH_USE_CUDA_DSA` to enable device-side assertions.

2026-03-24 10:45:43 | ERROR | Error with ALAD on data_BoTIoT.csv: CUDA error: initialization error
CUDA kernel errors might be asynchronously reported at some other API call, so the stacktrace below might be incorrect.
For debugging consider passing CUDA_LAUNCH_BLOCKING=1
Compile with `TORCH_USE_CUDA_DSA` to enable device-side assertions.

2026-03-24 10:45:43 | INFO | --- Noise: 3% ---
2026-03-24 10:45:52 | INFO |   CBLOF: AUCROC=96.32388074081793%  Train=2.628655433654785s
2026-03-24 10:45:52 | INFO |   KNN: AUCROC=97.70860492659526%  Train=0.3805074691772461s
2026-03-24 10:45:52 | INFO |   LOF: AUCROC=68.15650932445621%  Train=0.24728631973266602s
2026-03-24 10:45:52 | INFO |   HBOS: AUCROC=96.43201828121693%  Train=7.270579814910889s
2026-03-24 10:45:52 | INFO |   IForest: AUCROC=96.18379105195648%  Train=0.7454497814178467s
2026-03-24 10:45:52 | INFO |   PCA: AUCROC=92.0203032144189%  Train=0.006293535232543945s
2026-03-24 10:45:52 | INFO |   OCSVM: AUCROC=86.16059051502931%  Train=0.42800259590148926s
2026-03-24 10:45:52 | ERROR | Error with AutoEncoder on data_BoTIoT.csv: AutoEncoder.__init__() got an unexpected keyword argument 'epochs'
2026-03-24 10:45:52 | ERROR | Error with DIF on data_BoTIoT.csv: Cannot re-initialize CUDA in forked subprocess. To use CUDA with multiprocessing, you must use the 'spawn' start method
2026-03-24 10:45:52 | ERROR | Error with NeuTraLAD on data_BoTIoT.csv: Cannot re-initialize CUDA in forked subprocess. To use CUDA with multiprocessing, you must use the 'spawn' start method
2026-03-24 10:45:52 | ERROR | Error with DASVDD on data_BoTIoT.csv: Cannot re-initialize CUDA in forked subprocess. To use CUDA with multiprocessing, you must use the 'spawn' start method
2026-03-24 10:45:52 | INFO |   LODA: AUCROC=92.57603710119623%  Train=0.0700528621673584s
2026-03-24 10:45:52 | INFO |   COPOD: AUCROC=88.80436862882351%  Train=0.5833010673522949s
2026-03-24 10:45:52 | INFO |   ECOD: AUCROC=77.21258796672258%  Train=0.17492985725402832s
2026-03-24 10:45:52 | ERROR | Error with VAE on data_BoTIoT.csv: VAE.__init__() got an unexpected keyword argument 'epochs'
2026-03-24 10:45:52 | ERROR | Error with DeepSVDD on data_BoTIoT.csv: DeepSVDD.__init__() got an unexpected keyword argument 'device'
2026-03-24 10:45:52 | ERROR | Error with LUNAR on data_BoTIoT.csv: LUNAR.__init__() got an unexpected keyword argument 'n_neighbors'
2026-03-24 10:45:52 | ERROR | Error with AE1SVM on data_BoTIoT.csv: AE1SVM.__init__() got an unexpected keyword argument 'device'
2026-03-24 10:45:52 | ERROR | Error with DevNet on data_BoTIoT.csv: CUDA error: initialization error
CUDA kernel errors might be asynchronously reported at some other API call, so the stacktrace below might be incorrect.
For debugging consider passing CUDA_LAUNCH_BLOCKING=1
Compile with `TORCH_USE_CUDA_DSA` to enable device-side assertions.

2026-03-24 10:45:52 | ERROR | Error with ALAD on data_BoTIoT.csv: CUDA error: initialization error
CUDA kernel errors might be asynchronously reported at some other API call, so the stacktrace below might be incorrect.
For debugging consider passing CUDA_LAUNCH_BLOCKING=1
Compile with `TORCH_USE_CUDA_DSA` to enable device-side assertions.

2026-03-24 10:45:52 | INFO | --- Noise: 5% ---
2026-03-24 10:46:02 | INFO |   CBLOF: AUCROC=97.1289519891933%  Train=2.6549649238586426s
2026-03-24 10:46:02 | INFO |   KNN: AUCROC=96.77748245253551%  Train=0.3293471336364746s
2026-03-24 10:46:02 | INFO |   LOF: AUCROC=61.21854679662506%  Train=0.36493778228759766s
2026-03-24 10:46:02 | INFO |   HBOS: AUCROC=96.04370136309504%  Train=7.29807448387146s
2026-03-24 10:46:02 | INFO |   IForest: AUCROC=96.69062586229836%  Train=0.7418582439422607s
2026-03-24 10:46:02 | INFO |   PCA: AUCROC=91.30723776789827%  Train=0.006326436996459961s
2026-03-24 10:46:02 | INFO |   OCSVM: AUCROC=85.13185422741671%  Train=0.44350719451904297s
2026-03-24 10:46:02 | ERROR | Error with AutoEncoder on data_BoTIoT.csv: AutoEncoder.__init__() got an unexpected keyword argument 'epochs'
2026-03-24 10:46:02 | ERROR | Error with DIF on data_BoTIoT.csv: Cannot re-initialize CUDA in forked subprocess. To use CUDA with multiprocessing, you must use the 'spawn' start method
2026-03-24 10:46:02 | ERROR | Error with NeuTraLAD on data_BoTIoT.csv: Cannot re-initialize CUDA in forked subprocess. To use CUDA with multiprocessing, you must use the 'spawn' start method
2026-03-24 10:46:02 | ERROR | Error with DASVDD on data_BoTIoT.csv: Cannot re-initialize CUDA in forked subprocess. To use CUDA with multiprocessing, you must use the 'spawn' start method
2026-03-24 10:46:02 | INFO |   LODA: AUCROC=92.59606454399531%  Train=0.07047414779663086s
2026-03-24 10:46:02 | INFO |   COPOD: AUCROC=88.64264160045197%  Train=0.5786945819854736s
2026-03-24 10:46:02 | INFO |   ECOD: AUCROC=76.95698716474004%  Train=0.17590570449829102s
2026-03-24 10:46:02 | ERROR | Error with VAE on data_BoTIoT.csv: VAE.__init__() got an unexpected keyword argument 'epochs'
2026-03-24 10:46:02 | ERROR | Error with DeepSVDD on data_BoTIoT.csv: DeepSVDD.__init__() got an unexpected keyword argument 'device'
2026-03-24 10:46:02 | ERROR | Error with LUNAR on data_BoTIoT.csv: LUNAR.__init__() got an unexpected keyword argument 'n_neighbors'
2026-03-24 10:46:02 | ERROR | Error with AE1SVM on data_BoTIoT.csv: AE1SVM.__init__() got an unexpected keyword argument 'device'
2026-03-24 10:46:02 | ERROR | Error with DevNet on data_BoTIoT.csv: CUDA error: initialization error
CUDA kernel errors might be asynchronously reported at some other API call, so the stacktrace below might be incorrect.
For debugging consider passing CUDA_LAUNCH_BLOCKING=1
Compile with `TORCH_USE_CUDA_DSA` to enable device-side assertions.

2026-03-24 10:46:02 | ERROR | Error with ALAD on data_BoTIoT.csv: CUDA error: initialization error
CUDA kernel errors might be asynchronously reported at some other API call, so the stacktrace below might be incorrect.
For debugging consider passing CUDA_LAUNCH_BLOCKING=1
Compile with `TORCH_USE_CUDA_DSA` to enable device-side assertions.

2026-03-24 10:46:02 | INFO | 
Processing Dataset: data_BoTIoT.csv | Scaler: QuantileTransformer
2026-03-24 10:46:02 | INFO | --- Noise: 0% ---
2026-03-24 10:46:12 | INFO |   CBLOF: AUCROC=98.29975244458512%  Train=2.5803680419921875s
2026-03-24 10:46:12 | INFO |   KNN: AUCROC=99.20305606733612%  Train=0.26915574073791504s
2026-03-24 10:46:12 | INFO |   LOF: AUCROC=99.19900879519754%  Train=0.2700314521789551s
2026-03-24 10:46:12 | INFO |   HBOS: AUCROC=81.20668026025763%  Train=7.210320711135864s
2026-03-24 10:46:12 | INFO |   IForest: AUCROC=93.97271876407125%  Train=0.7434520721435547s
2026-03-24 10:46:12 | INFO |   PCA: AUCROC=74.74688982702583%  Train=0.006294727325439453s
2026-03-24 10:46:12 | INFO |   OCSVM: AUCROC=80.38351508370806%  Train=0.3989746570587158s
2026-03-24 10:46:12 | ERROR | Error with AutoEncoder on data_BoTIoT.csv: AutoEncoder.__init__() got an unexpected keyword argument 'epochs'
2026-03-24 10:46:12 | ERROR | Error with DIF on data_BoTIoT.csv: Cannot re-initialize CUDA in forked subprocess. To use CUDA with multiprocessing, you must use the 'spawn' start method
2026-03-24 10:46:12 | ERROR | Error with NeuTraLAD on data_BoTIoT.csv: Cannot re-initialize CUDA in forked subprocess. To use CUDA with multiprocessing, you must use the 'spawn' start method
2026-03-24 10:46:12 | ERROR | Error with DASVDD on data_BoTIoT.csv: Cannot re-initialize CUDA in forked subprocess. To use CUDA with multiprocessing, you must use the 'spawn' start method
2026-03-24 10:46:12 | INFO |   LODA: AUCROC=90.46650300612367%  Train=0.06636238098144531s
2026-03-24 10:46:12 | INFO |   COPOD: AUCROC=54.40078579345213%  Train=0.5889215469360352s
2026-03-24 10:46:12 | INFO |   ECOD: AUCROC=61.32017920731143%  Train=0.1753063201904297s
2026-03-24 10:46:12 | ERROR | Error with VAE on data_BoTIoT.csv: VAE.__init__() got an unexpected keyword argument 'epochs'
2026-03-24 10:46:12 | ERROR | Error with DeepSVDD on data_BoTIoT.csv: DeepSVDD.__init__() got an unexpected keyword argument 'device'
2026-03-24 10:46:12 | ERROR | Error with LUNAR on data_BoTIoT.csv: LUNAR.__init__() got an unexpected keyword argument 'n_neighbors'
2026-03-24 10:46:12 | ERROR | Error with AE1SVM on data_BoTIoT.csv: AE1SVM.__init__() got an unexpected keyword argument 'device'
2026-03-24 10:46:12 | ERROR | Error with DevNet on data_BoTIoT.csv: CUDA error: initialization error
CUDA kernel errors might be asynchronously reported at some other API call, so the stacktrace below might be incorrect.
For debugging consider passing CUDA_LAUNCH_BLOCKING=1
Compile with `TORCH_USE_CUDA_DSA` to enable device-side assertions.

2026-03-24 10:46:12 | ERROR | Error with ALAD on data_BoTIoT.csv: CUDA error: initialization error
CUDA kernel errors might be asynchronously reported at some other API call, so the stacktrace below might be incorrect.
For debugging consider passing CUDA_LAUNCH_BLOCKING=1
Compile with `TORCH_USE_CUDA_DSA` to enable device-side assertions.

2026-03-24 10:46:12 | INFO | --- Noise: 1% ---
2026-03-24 10:46:22 | INFO |   CBLOF: AUCROC=97.73438785254692%  Train=2.6432952880859375s
2026-03-24 10:46:22 | INFO |   KNN: AUCROC=97.86675167576729%  Train=0.29663777351379395s
2026-03-24 10:46:22 | INFO |   LOF: AUCROC=66.83535352840202%  Train=0.33965110778808594s
2026-03-24 10:46:22 | INFO |   HBOS: AUCROC=76.75832672988932%  Train=7.3101887702941895s
2026-03-24 10:46:22 | INFO |   IForest: AUCROC=92.80840705267484%  Train=0.7493581771850586s
2026-03-24 10:46:22 | INFO |   PCA: AUCROC=74.15520977322824%  Train=0.006251096725463867s
2026-03-24 10:46:22 | INFO |   OCSVM: AUCROC=79.29874783626605%  Train=0.40969014167785645s
2026-03-24 10:46:22 | ERROR | Error with AutoEncoder on data_BoTIoT.csv: AutoEncoder.__init__() got an unexpected keyword argument 'epochs'
2026-03-24 10:46:22 | ERROR | Error with DIF on data_BoTIoT.csv: Cannot re-initialize CUDA in forked subprocess. To use CUDA with multiprocessing, you must use the 'spawn' start method
2026-03-24 10:46:22 | ERROR | Error with NeuTraLAD on data_BoTIoT.csv: Cannot re-initialize CUDA in forked subprocess. To use CUDA with multiprocessing, you must use the 'spawn' start method
2026-03-24 10:46:22 | ERROR | Error with DASVDD on data_BoTIoT.csv: Cannot re-initialize CUDA in forked subprocess. To use CUDA with multiprocessing, you must use the 'spawn' start method
2026-03-24 10:46:22 | INFO |   LODA: AUCROC=89.60021471843767%  Train=0.0705111026763916s
2026-03-24 10:46:22 | INFO |   COPOD: AUCROC=54.21747058272198%  Train=0.5936386585235596s
2026-03-24 10:46:22 | INFO |   ECOD: AUCROC=61.21547447465752%  Train=0.17869210243225098s
2026-03-24 10:46:22 | ERROR | Error with VAE on data_BoTIoT.csv: VAE.__init__() got an unexpected keyword argument 'epochs'
2026-03-24 10:46:22 | ERROR | Error with DeepSVDD on data_BoTIoT.csv: DeepSVDD.__init__() got an unexpected keyword argument 'device'
2026-03-24 10:46:22 | ERROR | Error with LUNAR on data_BoTIoT.csv: LUNAR.__init__() got an unexpected keyword argument 'n_neighbors'
2026-03-24 10:46:22 | ERROR | Error with AE1SVM on data_BoTIoT.csv: AE1SVM.__init__() got an unexpected keyword argument 'device'
2026-03-24 10:46:22 | ERROR | Error with DevNet on data_BoTIoT.csv: CUDA error: initialization error
CUDA kernel errors might be asynchronously reported at some other API call, so the stacktrace below might be incorrect.
For debugging consider passing CUDA_LAUNCH_BLOCKING=1
Compile with `TORCH_USE_CUDA_DSA` to enable device-side assertions.

2026-03-24 10:46:22 | ERROR | Error with ALAD on data_BoTIoT.csv: CUDA error: initialization error
CUDA kernel errors might be asynchronously reported at some other API call, so the stacktrace below might be incorrect.
For debugging consider passing CUDA_LAUNCH_BLOCKING=1
Compile with `TORCH_USE_CUDA_DSA` to enable device-side assertions.

2026-03-24 10:46:22 | INFO | --- Noise: 3% ---
2026-03-24 10:46:32 | INFO |   CBLOF: AUCROC=90.07725210212365%  Train=2.6886098384857178s
2026-03-24 10:46:32 | INFO |   KNN: AUCROC=95.1346545464794%  Train=0.34656453132629395s
2026-03-24 10:46:32 | INFO |   LOF: AUCROC=54.10417154141752%  Train=0.3602290153503418s
2026-03-24 10:46:32 | INFO |   HBOS: AUCROC=71.91288172985983%  Train=7.216443300247192s
2026-03-24 10:46:32 | INFO |   IForest: AUCROC=94.93088996073327%  Train=0.7577595710754395s
2026-03-24 10:46:32 | INFO |   PCA: AUCROC=72.6628887757182%  Train=0.006311893463134766s
2026-03-24 10:46:32 | INFO |   OCSVM: AUCROC=75.57927606590728%  Train=0.4224116802215576s
2026-03-24 10:46:32 | ERROR | Error with AutoEncoder on data_BoTIoT.csv: AutoEncoder.__init__() got an unexpected keyword argument 'epochs'
2026-03-24 10:46:32 | ERROR | Error with DIF on data_BoTIoT.csv: Cannot re-initialize CUDA in forked subprocess. To use CUDA with multiprocessing, you must use the 'spawn' start method
2026-03-24 10:46:32 | ERROR | Error with NeuTraLAD on data_BoTIoT.csv: Cannot re-initialize CUDA in forked subprocess. To use CUDA with multiprocessing, you must use the 'spawn' start method
2026-03-24 10:46:32 | ERROR | Error with DASVDD on data_BoTIoT.csv: Cannot re-initialize CUDA in forked subprocess. To use CUDA with multiprocessing, you must use the 'spawn' start method
2026-03-24 10:46:32 | INFO |   LODA: AUCROC=86.27214447745621%  Train=0.07093095779418945s
2026-03-24 10:46:32 | INFO |   COPOD: AUCROC=53.84744012495092%  Train=0.5939128398895264s
2026-03-24 10:46:32 | INFO |   ECOD: AUCROC=61.00818695972195%  Train=0.1761786937713623s
2026-03-24 10:46:32 | ERROR | Error with VAE on data_BoTIoT.csv: VAE.__init__() got an unexpected keyword argument 'epochs'
2026-03-24 10:46:32 | ERROR | Error with DeepSVDD on data_BoTIoT.csv: DeepSVDD.__init__() got an unexpected keyword argument 'device'
2026-03-24 10:46:32 | ERROR | Error with LUNAR on data_BoTIoT.csv: LUNAR.__init__() got an unexpected keyword argument 'n_neighbors'
2026-03-24 10:46:32 | ERROR | Error with AE1SVM on data_BoTIoT.csv: AE1SVM.__init__() got an unexpected keyword argument 'device'
2026-03-24 10:46:32 | ERROR | Error with DevNet on data_BoTIoT.csv: CUDA error: initialization error
CUDA kernel errors might be asynchronously reported at some other API call, so the stacktrace below might be incorrect.
For debugging consider passing CUDA_LAUNCH_BLOCKING=1
Compile with `TORCH_USE_CUDA_DSA` to enable device-side assertions.

2026-03-24 10:46:32 | ERROR | Error with ALAD on data_BoTIoT.csv: CUDA error: initialization error
CUDA kernel errors might be asynchronously reported at some other API call, so the stacktrace below might be incorrect.
For debugging consider passing CUDA_LAUNCH_BLOCKING=1
Compile with `TORCH_USE_CUDA_DSA` to enable device-side assertions.

2026-03-24 10:46:32 | INFO | --- Noise: 5% ---
2026-03-24 10:46:41 | INFO |   CBLOF: AUCROC=91.41151647190604%  Train=2.632967472076416s
2026-03-24 10:46:41 | INFO |   KNN: AUCROC=91.96363321162023%  Train=0.34563660621643066s
2026-03-24 10:46:41 | INFO |   LOF: AUCROC=50.77450369301294%  Train=0.2538764476776123s
2026-03-24 10:46:41 | INFO |   HBOS: AUCROC=70.10109659773524%  Train=7.128340244293213s
2026-03-24 10:46:41 | INFO |   IForest: AUCROC=93.98871122401961%  Train=0.7594742774963379s
2026-03-24 10:46:41 | INFO |   PCA: AUCROC=71.68563641142308%  Train=0.006494283676147461s
2026-03-24 10:46:41 | INFO |   OCSVM: AUCROC=75.26177412092267%  Train=0.4440040588378906s
2026-03-24 10:46:41 | ERROR | Error with AutoEncoder on data_BoTIoT.csv: AutoEncoder.__init__() got an unexpected keyword argument 'epochs'
2026-03-24 10:46:41 | ERROR | Error with DIF on data_BoTIoT.csv: Cannot re-initialize CUDA in forked subprocess. To use CUDA with multiprocessing, you must use the 'spawn' start method
2026-03-24 10:46:41 | ERROR | Error with NeuTraLAD on data_BoTIoT.csv: Cannot re-initialize CUDA in forked subprocess. To use CUDA with multiprocessing, you must use the 'spawn' start method
2026-03-24 10:46:41 | ERROR | Error with DASVDD on data_BoTIoT.csv: Cannot re-initialize CUDA in forked subprocess. To use CUDA with multiprocessing, you must use the 'spawn' start method
2026-03-24 10:46:41 | INFO |   LODA: AUCROC=79.45936473229999%  Train=0.07153868675231934s
2026-03-24 10:46:41 | INFO |   COPOD: AUCROC=53.54983453702812%  Train=0.5963089466094971s
2026-03-24 10:46:41 | INFO |   ECOD: AUCROC=60.820513148227164%  Train=0.1792454719543457s
2026-03-24 10:46:41 | ERROR | Error with VAE on data_BoTIoT.csv: VAE.__init__() got an unexpected keyword argument 'epochs'
2026-03-24 10:46:41 | ERROR | Error with DeepSVDD on data_BoTIoT.csv: DeepSVDD.__init__() got an unexpected keyword argument 'device'
2026-03-24 10:46:41 | ERROR | Error with LUNAR on data_BoTIoT.csv: LUNAR.__init__() got an unexpected keyword argument 'n_neighbors'
2026-03-24 10:46:41 | ERROR | Error with AE1SVM on data_BoTIoT.csv: AE1SVM.__init__() got an unexpected keyword argument 'device'
2026-03-24 10:46:41 | ERROR | Error with DevNet on data_BoTIoT.csv: CUDA error: initialization error
CUDA kernel errors might be asynchronously reported at some other API call, so the stacktrace below might be incorrect.
For debugging consider passing CUDA_LAUNCH_BLOCKING=1
Compile with `TORCH_USE_CUDA_DSA` to enable device-side assertions.

2026-03-24 10:46:41 | ERROR | Error with ALAD on data_BoTIoT.csv: CUDA error: initialization error
CUDA kernel errors might be asynchronously reported at some other API call, so the stacktrace below might be incorrect.
For debugging consider passing CUDA_LAUNCH_BLOCKING=1
Compile with `TORCH_USE_CUDA_DSA` to enable device-side assertions.

2026-03-24 10:46:41 | INFO | 
Processing Dataset: data_BoTIoT.csv | Scaler: RobustScaler
2026-03-24 10:46:41 | INFO | --- Noise: 0% ---
2026-03-24 10:46:51 | INFO |   CBLOF: AUCROC=97.76795399414964%  Train=2.6178295612335205s
2026-03-24 10:46:51 | INFO |   KNN: AUCROC=99.80076606504869%  Train=0.39725565910339355s
2026-03-24 10:46:51 | INFO |   LOF: AUCROC=99.4849313667851%  Train=0.33997273445129395s
2026-03-24 10:46:51 | INFO |   HBOS: AUCROC=98.55577927521387%  Train=7.163440465927124s
2026-03-24 10:46:51 | INFO |   IForest: AUCROC=96.68906102630956%  Train=0.7543225288391113s
2026-03-24 10:46:51 | INFO |   PCA: AUCROC=92.43056060781832%  Train=0.006403207778930664s
2026-03-24 10:46:51 | INFO |   OCSVM: AUCROC=99.90153822558415%  Train=0.4224274158477783s
2026-03-24 10:46:51 | ERROR | Error with AutoEncoder on data_BoTIoT.csv: AutoEncoder.__init__() got an unexpected keyword argument 'epochs'
2026-03-24 10:46:51 | ERROR | Error with DIF on data_BoTIoT.csv: Cannot re-initialize CUDA in forked subprocess. To use CUDA with multiprocessing, you must use the 'spawn' start method
2026-03-24 10:46:51 | ERROR | Error with NeuTraLAD on data_BoTIoT.csv: Cannot re-initialize CUDA in forked subprocess. To use CUDA with multiprocessing, you must use the 'spawn' start method
2026-03-24 10:46:51 | ERROR | Error with DASVDD on data_BoTIoT.csv: Cannot re-initialize CUDA in forked subprocess. To use CUDA with multiprocessing, you must use the 'spawn' start method
2026-03-24 10:46:51 | INFO |   LODA: AUCROC=99.37504874750857%  Train=0.0688927173614502s
2026-03-24 10:46:51 | INFO |   COPOD: AUCROC=67.67991025870425%  Train=0.5904960632324219s
2026-03-24 10:46:51 | INFO |   ECOD: AUCROC=61.3876883620116%  Train=0.6105237007141113s
2026-03-24 10:46:51 | ERROR | Error with VAE on data_BoTIoT.csv: VAE.__init__() got an unexpected keyword argument 'epochs'
2026-03-24 10:46:51 | ERROR | Error with DeepSVDD on data_BoTIoT.csv: DeepSVDD.__init__() got an unexpected keyword argument 'device'
2026-03-24 10:46:51 | ERROR | Error with LUNAR on data_BoTIoT.csv: LUNAR.__init__() got an unexpected keyword argument 'n_neighbors'
2026-03-24 10:46:51 | ERROR | Error with AE1SVM on data_BoTIoT.csv: AE1SVM.__init__() got an unexpected keyword argument 'device'
2026-03-24 10:46:51 | ERROR | Error with DevNet on data_BoTIoT.csv: CUDA error: initialization error
CUDA kernel errors might be asynchronously reported at some other API call, so the stacktrace below might be incorrect.
For debugging consider passing CUDA_LAUNCH_BLOCKING=1
Compile with `TORCH_USE_CUDA_DSA` to enable device-side assertions.

2026-03-24 10:46:51 | ERROR | Error with ALAD on data_BoTIoT.csv: CUDA error: initialization error
CUDA kernel errors might be asynchronously reported at some other API call, so the stacktrace below might be incorrect.
For debugging consider passing CUDA_LAUNCH_BLOCKING=1
Compile with `TORCH_USE_CUDA_DSA` to enable device-side assertions.

2026-03-24 10:46:51 | INFO | --- Noise: 1% ---
2026-03-24 10:47:01 | INFO |   CBLOF: AUCROC=97.75542711338063%  Train=2.59649395942688s
2026-03-24 10:47:01 | INFO |   KNN: AUCROC=99.7984065217776%  Train=0.3054921627044678s
2026-03-24 10:47:01 | INFO |   LOF: AUCROC=96.81890964194587%  Train=0.27915430068969727s
2026-03-24 10:47:01 | INFO |   HBOS: AUCROC=98.30534816699537%  Train=7.225295543670654s
2026-03-24 10:47:01 | INFO |   IForest: AUCROC=97.97817455245689%  Train=0.7694237232208252s
2026-03-24 10:47:01 | INFO |   PCA: AUCROC=90.42163071968035%  Train=0.006352663040161133s
2026-03-24 10:47:01 | INFO |   OCSVM: AUCROC=99.85835366800833%  Train=0.4218626022338867s
2026-03-24 10:47:01 | ERROR | Error with AutoEncoder on data_BoTIoT.csv: AutoEncoder.__init__() got an unexpected keyword argument 'epochs'
2026-03-24 10:47:01 | ERROR | Error with DIF on data_BoTIoT.csv: Cannot re-initialize CUDA in forked subprocess. To use CUDA with multiprocessing, you must use the 'spawn' start method
2026-03-24 10:47:01 | ERROR | Error with NeuTraLAD on data_BoTIoT.csv: Cannot re-initialize CUDA in forked subprocess. To use CUDA with multiprocessing, you must use the 'spawn' start method
2026-03-24 10:47:01 | ERROR | Error with DASVDD on data_BoTIoT.csv: Cannot re-initialize CUDA in forked subprocess. To use CUDA with multiprocessing, you must use the 'spawn' start method
2026-03-24 10:47:01 | INFO |   LODA: AUCROC=98.33312195758197%  Train=0.0685887336730957s
2026-03-24 10:47:01 | INFO |   COPOD: AUCROC=67.59934168742737%  Train=0.5948150157928467s
2026-03-24 10:47:01 | INFO |   ECOD: AUCROC=61.28520389403291%  Train=0.5907485485076904s
2026-03-24 10:47:01 | ERROR | Error with VAE on data_BoTIoT.csv: VAE.__init__() got an unexpected keyword argument 'epochs'
2026-03-24 10:47:01 | ERROR | Error with DeepSVDD on data_BoTIoT.csv: DeepSVDD.__init__() got an unexpected keyword argument 'device'
2026-03-24 10:47:01 | ERROR | Error with LUNAR on data_BoTIoT.csv: LUNAR.__init__() got an unexpected keyword argument 'n_neighbors'
2026-03-24 10:47:01 | ERROR | Error with AE1SVM on data_BoTIoT.csv: AE1SVM.__init__() got an unexpected keyword argument 'device'
2026-03-24 10:47:01 | ERROR | Error with DevNet on data_BoTIoT.csv: CUDA error: initialization error
CUDA kernel errors might be asynchronously reported at some other API call, so the stacktrace below might be incorrect.
For debugging consider passing CUDA_LAUNCH_BLOCKING=1
Compile with `TORCH_USE_CUDA_DSA` to enable device-side assertions.

2026-03-24 10:47:01 | ERROR | Error with ALAD on data_BoTIoT.csv: CUDA error: initialization error
CUDA kernel errors might be asynchronously reported at some other API call, so the stacktrace below might be incorrect.
For debugging consider passing CUDA_LAUNCH_BLOCKING=1
Compile with `TORCH_USE_CUDA_DSA` to enable device-side assertions.

2026-03-24 10:47:01 | INFO | --- Noise: 3% ---
2026-03-24 10:47:10 | INFO |   CBLOF: AUCROC=97.75305937725099%  Train=2.6283531188964844s
2026-03-24 10:47:10 | INFO |   KNN: AUCROC=99.70165705480498%  Train=0.3422122001647949s
2026-03-24 10:47:10 | INFO |   LOF: AUCROC=77.346746025972%  Train=0.31198978424072266s
2026-03-24 10:47:10 | INFO |   HBOS: AUCROC=97.98684259683466%  Train=7.151636362075806s
2026-03-24 10:47:10 | INFO |   IForest: AUCROC=98.8512219484715%  Train=0.7438609600067139s
2026-03-24 10:47:10 | INFO |   PCA: AUCROC=88.1355610043527%  Train=0.006502628326416016s
2026-03-24 10:47:10 | INFO |   OCSVM: AUCROC=99.55789696529963%  Train=0.4468827247619629s
2026-03-24 10:47:10 | ERROR | Error with AutoEncoder on data_BoTIoT.csv: AutoEncoder.__init__() got an unexpected keyword argument 'epochs'
2026-03-24 10:47:10 | ERROR | Error with DIF on data_BoTIoT.csv: Cannot re-initialize CUDA in forked subprocess. To use CUDA with multiprocessing, you must use the 'spawn' start method
2026-03-24 10:47:10 | ERROR | Error with NeuTraLAD on data_BoTIoT.csv: Cannot re-initialize CUDA in forked subprocess. To use CUDA with multiprocessing, you must use the 'spawn' start method
2026-03-24 10:47:10 | ERROR | Error with DASVDD on data_BoTIoT.csv: Cannot re-initialize CUDA in forked subprocess. To use CUDA with multiprocessing, you must use the 'spawn' start method
2026-03-24 10:47:10 | INFO |   LODA: AUCROC=94.56414483925285%  Train=0.06831645965576172s
2026-03-24 10:47:10 | INFO |   COPOD: AUCROC=67.44216169556779%  Train=0.6010580062866211s
2026-03-24 10:47:10 | INFO |   ECOD: AUCROC=61.08131641540808%  Train=0.5817775726318359s
2026-03-24 10:47:10 | ERROR | Error with VAE on data_BoTIoT.csv: VAE.__init__() got an unexpected keyword argument 'epochs'
2026-03-24 10:47:10 | ERROR | Error with DeepSVDD on data_BoTIoT.csv: DeepSVDD.__init__() got an unexpected keyword argument 'device'
2026-03-24 10:47:10 | ERROR | Error with LUNAR on data_BoTIoT.csv: LUNAR.__init__() got an unexpected keyword argument 'n_neighbors'
2026-03-24 10:47:10 | ERROR | Error with AE1SVM on data_BoTIoT.csv: AE1SVM.__init__() got an unexpected keyword argument 'device'
2026-03-24 10:47:10 | ERROR | Error with DevNet on data_BoTIoT.csv: CUDA error: initialization error
CUDA kernel errors might be asynchronously reported at some other API call, so the stacktrace below might be incorrect.
For debugging consider passing CUDA_LAUNCH_BLOCKING=1
Compile with `TORCH_USE_CUDA_DSA` to enable device-side assertions.

2026-03-24 10:47:10 | ERROR | Error with ALAD on data_BoTIoT.csv: CUDA error: initialization error
CUDA kernel errors might be asynchronously reported at some other API call, so the stacktrace below might be incorrect.
For debugging consider passing CUDA_LAUNCH_BLOCKING=1
Compile with `TORCH_USE_CUDA_DSA` to enable device-side assertions.

2026-03-24 10:47:10 | INFO | --- Noise: 5% ---
2026-03-24 10:47:20 | INFO |   CBLOF: AUCROC=98.82380045080383%  Train=2.5856010913848877s
2026-03-24 10:47:20 | INFO |   KNN: AUCROC=99.06438374300902%  Train=0.330641508102417s
2026-03-24 10:47:20 | INFO |   LOF: AUCROC=65.46382394136796%  Train=0.3318979740142822s
2026-03-24 10:47:20 | INFO |   HBOS: AUCROC=97.69647130303811%  Train=7.219934463500977s
2026-03-24 10:47:20 | INFO |   IForest: AUCROC=97.57373408864935%  Train=0.7569429874420166s
2026-03-24 10:47:20 | INFO |   PCA: AUCROC=85.20436102585074%  Train=0.006471872329711914s
2026-03-24 10:47:20 | INFO |   OCSVM: AUCROC=97.32946401008311%  Train=0.4736194610595703s
2026-03-24 10:47:20 | ERROR | Error with AutoEncoder on data_BoTIoT.csv: AutoEncoder.__init__() got an unexpected keyword argument 'epochs'
2026-03-24 10:47:20 | ERROR | Error with DIF on data_BoTIoT.csv: Cannot re-initialize CUDA in forked subprocess. To use CUDA with multiprocessing, you must use the 'spawn' start method
2026-03-24 10:47:20 | ERROR | Error with NeuTraLAD on data_BoTIoT.csv: Cannot re-initialize CUDA in forked subprocess. To use CUDA with multiprocessing, you must use the 'spawn' start method
2026-03-24 10:47:20 | ERROR | Error with DASVDD on data_BoTIoT.csv: Cannot re-initialize CUDA in forked subprocess. To use CUDA with multiprocessing, you must use the 'spawn' start method
2026-03-24 10:47:20 | INFO |   LODA: AUCROC=92.04119500379821%  Train=0.07029986381530762s
2026-03-24 10:47:20 | INFO |   COPOD: AUCROC=67.29155237628947%  Train=0.6127095222473145s
2026-03-24 10:47:20 | INFO |   ECOD: AUCROC=60.8885302601593%  Train=0.5953059196472168s
2026-03-24 10:47:20 | ERROR | Error with VAE on data_BoTIoT.csv: VAE.__init__() got an unexpected keyword argument 'epochs'
2026-03-24 10:47:20 | ERROR | Error with DeepSVDD on data_BoTIoT.csv: DeepSVDD.__init__() got an unexpected keyword argument 'device'
2026-03-24 10:47:20 | ERROR | Error with LUNAR on data_BoTIoT.csv: LUNAR.__init__() got an unexpected keyword argument 'n_neighbors'
2026-03-24 10:47:20 | ERROR | Error with AE1SVM on data_BoTIoT.csv: AE1SVM.__init__() got an unexpected keyword argument 'device'
2026-03-24 10:47:20 | ERROR | Error with DevNet on data_BoTIoT.csv: CUDA error: initialization error
CUDA kernel errors might be asynchronously reported at some other API call, so the stacktrace below might be incorrect.
For debugging consider passing CUDA_LAUNCH_BLOCKING=1
Compile with `TORCH_USE_CUDA_DSA` to enable device-side assertions.

2026-03-24 10:47:20 | ERROR | Error with ALAD on data_BoTIoT.csv: CUDA error: initialization error
CUDA kernel errors might be asynchronously reported at some other API call, so the stacktrace below might be incorrect.
For debugging consider passing CUDA_LAUNCH_BLOCKING=1
Compile with `TORCH_USE_CUDA_DSA` to enable device-side assertions.

2026-03-24 10:47:20 | INFO | 
All results saved to: /home/jupyter-iclr2025/New Project/NFST/GMM-nfst/notebooks/baselines/outputs/Experiment_FastBaseline_20260324_093735
