2026-03-22 16:45:02 | INFO | Run started at 20260322_164502
2026-03-22 16:45:02 | INFO | Dataset prefix : data_BoTIoT
2026-03-22 16:45:02 | INFO | Scalers        : ['StandardScaler', 'MinMaxScaler', 'Normalizer', 'QuantileTransformer', 'RobustScaler']
2026-03-22 16:45:02 | INFO | N_CLUSTERS     : range(1, 301, 3) — 167 values
2026-03-22 16:45:02 | INFO | NOISE_LIST     : [0, 1, 3, 5]
2026-03-22 16:45:02 | INFO | CSV output     : /home/jupyter-iclr2025/New Project/NFST/GMM-nfst/notebooks/experiments/outputs/Experiment_OC_NFST_MemOpt_20260322_164502/data_BoTIoT_memopt.csv
2026-03-22 16:45:02 | INFO | Log file       : /home/jupyter-iclr2025/New Project/NFST/GMM-nfst/notebooks/experiments/outputs/Experiment_OC_NFST_MemOpt_20260322_164502/data_BoTIoT_memopt.log
2026-03-22 16:45:02 | INFO | ------------------------------------------------------------
2026-03-22 16:45:02 | INFO | 
>>> Processing data_BoTIoT | scaler=StandardScaler
2026-03-22 16:45:02 | INFO | --- noise=0% ---
2026-03-22 16:45:02 | INFO | ============================================================
2026-03-22 16:45:02 | INFO | Dataset  : Train_StandardScaler_data_BoTIoT.csv
2026-03-22 16:45:02 | INFO | Scaler   : StandardScaler
2026-03-22 16:45:02 | INFO | Noise    : 0%
2026-03-22 16:45:02 | INFO | nClusters: 167 values (1..499)
2026-03-22 16:45:02 | INFO | ============================================================
2026-03-22 16:45:02 | INFO | Loaded Raw Shape -> Train: (7257, 27), Test: (16815, 27)
2026-03-22 16:45:02 | INFO | Dropped metadata features: ['pkSeqID', 'stime', 'ltime', 'seq', 'saddr', 'daddr', 'sport', 'dport', 'state', 'flgs', 'proto']
2026-03-22 16:45:02 | INFO | Dropped metadata features: ['pkSeqID', 'stime', 'ltime', 'seq', 'saddr', 'daddr', 'sport', 'dport', 'state', 'flgs', 'proto']
2026-03-22 16:45:02 | INFO | Training size : 7,257  |  Testing size: 16,815  |  Features: 15
2026-03-22 16:45:02 | INFO | Firing up Parallel execution for 167 cluster configs...
2026-03-22 16:46:05 | INFO | [ncluster=1/1] AUC-ROC=50.00%  AUC-PR=10.79%  F1=0.0000  MCC=0.0000  Train=0.009s  Test=0.004s  Peak RAM=4.485 MB
2026-03-22 16:46:05 | INFO | [ncluster=4/4] AUC-ROC=50.00%  AUC-PR=10.79%  F1=0.0000  MCC=0.0000  Train=0.009s  Test=0.005s  Peak RAM=4.5 MB
2026-03-22 16:46:05 | INFO | [ncluster=7/7] AUC-ROC=50.00%  AUC-PR=10.79%  F1=0.0000  MCC=0.0000  Train=0.009s  Test=0.005s  Peak RAM=4.506 MB
2026-03-22 16:46:05 | INFO | [ncluster=10/10] AUC-ROC=50.00%  AUC-PR=10.79%  F1=0.0000  MCC=0.0000  Train=0.010s  Test=0.004s  Peak RAM=4.501 MB
2026-03-22 16:46:05 | INFO | [ncluster=13/13] AUC-ROC=50.00%  AUC-PR=10.79%  F1=0.0000  MCC=0.0000  Train=0.010s  Test=0.005s  Peak RAM=4.507 MB
2026-03-22 16:46:05 | INFO | [ncluster=16/16] AUC-ROC=50.00%  AUC-PR=10.79%  F1=0.0000  MCC=0.0000  Train=0.009s  Test=0.004s  Peak RAM=4.498 MB
2026-03-22 16:46:05 | INFO | [ncluster=19/19] AUC-ROC=50.00%  AUC-PR=10.79%  F1=0.0000  MCC=0.0000  Train=0.011s  Test=0.005s  Peak RAM=4.505 MB
2026-03-22 16:46:05 | INFO | [ncluster=22/22] AUC-ROC=50.00%  AUC-PR=10.79%  F1=0.0000  MCC=0.0000  Train=0.011s  Test=0.005s  Peak RAM=4.507 MB
2026-03-22 16:46:05 | INFO | [ncluster=25/25] AUC-ROC=50.00%  AUC-PR=10.79%  F1=0.0000  MCC=0.0000  Train=0.011s  Test=0.005s  Peak RAM=4.507 MB
2026-03-22 16:46:05 | INFO | [ncluster=28/28] AUC-ROC=50.00%  AUC-PR=10.79%  F1=0.0000  MCC=0.0000  Train=0.011s  Test=0.005s  Peak RAM=4.506 MB
2026-03-22 16:46:05 | INFO | [ncluster=31/31] AUC-ROC=50.00%  AUC-PR=10.79%  F1=0.0000  MCC=0.0000  Train=0.012s  Test=0.005s  Peak RAM=4.51 MB
2026-03-22 16:46:05 | INFO | [ncluster=34/34] AUC-ROC=50.00%  AUC-PR=10.79%  F1=0.0000  MCC=0.0000  Train=0.012s  Test=0.005s  Peak RAM=4.499 MB
2026-03-22 16:46:05 | INFO | [ncluster=37/37] AUC-ROC=50.00%  AUC-PR=10.79%  F1=0.0000  MCC=0.0000  Train=0.012s  Test=0.006s  Peak RAM=4.322 MB
2026-03-22 16:46:05 | INFO | [ncluster=40/40] AUC-ROC=50.00%  AUC-PR=10.79%  F1=0.0000  MCC=0.0000  Train=0.012s  Test=0.005s  Peak RAM=4.32 MB
2026-03-22 16:46:05 | INFO | [ncluster=43/43] AUC-ROC=50.00%  AUC-PR=10.79%  F1=0.0000  MCC=0.0000  Train=0.011s  Test=0.004s  Peak RAM=4.32 MB
2026-03-22 16:46:05 | INFO | [ncluster=46/46] AUC-ROC=50.00%  AUC-PR=10.79%  F1=0.0000  MCC=0.0000  Train=0.011s  Test=0.005s  Peak RAM=4.325 MB
2026-03-22 16:46:05 | INFO | [ncluster=49/49] AUC-ROC=50.00%  AUC-PR=10.79%  F1=0.0000  MCC=0.0000  Train=0.012s  Test=0.004s  Peak RAM=4.321 MB
2026-03-22 16:46:05 | INFO | [ncluster=52/52] AUC-ROC=50.00%  AUC-PR=10.79%  F1=0.0000  MCC=0.0000  Train=0.012s  Test=0.004s  Peak RAM=4.316 MB
2026-03-22 16:46:05 | INFO | [ncluster=55/55] AUC-ROC=50.00%  AUC-PR=10.79%  F1=0.0000  MCC=0.0000  Train=0.012s  Test=0.005s  Peak RAM=4.324 MB
2026-03-22 16:46:05 | INFO | [ncluster=58/58] AUC-ROC=50.00%  AUC-PR=10.79%  F1=0.0000  MCC=0.0000  Train=0.013s  Test=0.006s  Peak RAM=4.32 MB
2026-03-22 16:46:05 | INFO | [ncluster=61/61] AUC-ROC=50.00%  AUC-PR=10.79%  F1=0.0000  MCC=0.0000  Train=0.012s  Test=0.005s  Peak RAM=4.325 MB
2026-03-22 16:46:05 | INFO | [ncluster=64/64] AUC-ROC=50.00%  AUC-PR=10.79%  F1=0.0000  MCC=0.0000  Train=0.014s  Test=0.006s  Peak RAM=4.325 MB
2026-03-22 16:46:05 | INFO | [ncluster=67/67] AUC-ROC=50.00%  AUC-PR=10.79%  F1=0.0000  MCC=0.0000  Train=0.013s  Test=0.004s  Peak RAM=4.322 MB
2026-03-22 16:46:05 | INFO | [ncluster=70/70] AUC-ROC=50.00%  AUC-PR=10.79%  F1=0.0000  MCC=0.0000  Train=0.014s  Test=0.007s  Peak RAM=4.323 MB
2026-03-22 16:46:05 | INFO | [ncluster=73/73] AUC-ROC=50.00%  AUC-PR=10.79%  F1=0.0000  MCC=0.0000  Train=0.014s  Test=0.006s  Peak RAM=4.306 MB
2026-03-22 16:46:05 | INFO | [ncluster=76/76] AUC-ROC=50.00%  AUC-PR=10.79%  F1=0.0000  MCC=0.0000  Train=0.015s  Test=0.007s  Peak RAM=4.305 MB
2026-03-22 16:46:05 | INFO | [ncluster=79/79] AUC-ROC=50.00%  AUC-PR=10.79%  F1=0.0000  MCC=0.0000  Train=0.014s  Test=0.005s  Peak RAM=4.31 MB
2026-03-22 16:46:05 | INFO | [ncluster=82/82] AUC-ROC=50.00%  AUC-PR=10.79%  F1=0.0000  MCC=0.0000  Train=0.015s  Test=0.005s  Peak RAM=4.311 MB
2026-03-22 16:46:05 | INFO | [ncluster=85/85] AUC-ROC=50.00%  AUC-PR=10.79%  F1=0.0000  MCC=0.0000  Train=0.015s  Test=0.005s  Peak RAM=4.312 MB
2026-03-22 16:46:05 | INFO | [ncluster=88/88] AUC-ROC=50.00%  AUC-PR=10.79%  F1=0.0000  MCC=0.0000  Train=0.014s  Test=0.004s  Peak RAM=4.305 MB
2026-03-22 16:46:05 | INFO | [ncluster=91/91] AUC-ROC=50.00%  AUC-PR=10.79%  F1=0.0000  MCC=0.0000  Train=0.015s  Test=0.005s  Peak RAM=4.307 MB
2026-03-22 16:46:05 | INFO | [ncluster=94/94] AUC-ROC=50.00%  AUC-PR=10.79%  F1=0.0000  MCC=0.0000  Train=0.016s  Test=0.007s  Peak RAM=4.32 MB
2026-03-22 16:46:05 | INFO | [ncluster=97/97] AUC-ROC=50.00%  AUC-PR=10.79%  F1=0.0000  MCC=0.0000  Train=0.016s  Test=0.005s  Peak RAM=4.31 MB
2026-03-22 16:46:05 | INFO | [ncluster=100/100] AUC-ROC=50.00%  AUC-PR=10.79%  F1=0.0000  MCC=0.0000  Train=0.016s  Test=0.007s  Peak RAM=4.312 MB
2026-03-22 16:46:05 | INFO | [ncluster=103/103] AUC-ROC=50.00%  AUC-PR=10.79%  F1=0.0000  MCC=0.0000  Train=0.015s  Test=0.006s  Peak RAM=4.309 MB
2026-03-22 16:46:05 | INFO | [ncluster=106/106] AUC-ROC=50.00%  AUC-PR=10.79%  F1=0.0000  MCC=0.0000  Train=0.017s  Test=0.007s  Peak RAM=4.307 MB
2026-03-22 16:46:05 | INFO | [ncluster=109/109] AUC-ROC=50.00%  AUC-PR=10.79%  F1=0.0000  MCC=0.0000  Train=0.018s  Test=0.007s  Peak RAM=4.307 MB
2026-03-22 16:46:05 | INFO | [ncluster=112/112] AUC-ROC=50.00%  AUC-PR=10.79%  F1=0.0000  MCC=0.0000  Train=0.018s  Test=0.006s  Peak RAM=4.306 MB
2026-03-22 16:46:05 | INFO | [ncluster=115/115] AUC-ROC=50.00%  AUC-PR=10.79%  F1=0.0000  MCC=0.0000  Train=0.017s  Test=0.005s  Peak RAM=4.318 MB
2026-03-22 16:46:05 | INFO | [ncluster=118/118] AUC-ROC=50.00%  AUC-PR=10.79%  F1=0.0000  MCC=0.0000  Train=0.018s  Test=0.006s  Peak RAM=4.308 MB
2026-03-22 16:46:05 | INFO | [ncluster=121/121] AUC-ROC=50.00%  AUC-PR=10.79%  F1=0.0000  MCC=0.0000  Train=0.018s  Test=0.005s  Peak RAM=4.313 MB
2026-03-22 16:46:05 | INFO | [ncluster=124/124] AUC-ROC=50.00%  AUC-PR=10.79%  F1=0.0000  MCC=0.0000  Train=0.017s  Test=0.006s  Peak RAM=4.307 MB
2026-03-22 16:46:05 | INFO | [ncluster=127/127] AUC-ROC=50.00%  AUC-PR=10.79%  F1=0.0000  MCC=0.0000  Train=0.018s  Test=0.006s  Peak RAM=4.311 MB
2026-03-22 16:46:05 | INFO | [ncluster=130/130] AUC-ROC=50.00%  AUC-PR=10.79%  F1=0.0000  MCC=0.0000  Train=0.020s  Test=0.007s  Peak RAM=4.308 MB
2026-03-22 16:46:05 | INFO | [ncluster=133/133] AUC-ROC=50.00%  AUC-PR=10.79%  F1=0.0000  MCC=0.0000  Train=0.019s  Test=0.006s  Peak RAM=4.31 MB
2026-03-22 16:46:05 | INFO | [ncluster=136/136] AUC-ROC=50.00%  AUC-PR=10.79%  F1=0.0000  MCC=0.0000  Train=0.019s  Test=0.006s  Peak RAM=4.31 MB
2026-03-22 16:46:05 | INFO | [ncluster=139/139] AUC-ROC=50.00%  AUC-PR=10.79%  F1=0.0000  MCC=0.0000  Train=0.019s  Test=0.005s  Peak RAM=4.31 MB
2026-03-22 16:46:05 | INFO | [ncluster=142/142] AUC-ROC=50.00%  AUC-PR=10.79%  F1=0.0000  MCC=0.0000  Train=0.020s  Test=0.008s  Peak RAM=4.307 MB
2026-03-22 16:46:05 | INFO | [ncluster=145/145] AUC-ROC=50.00%  AUC-PR=10.79%  F1=0.0000  MCC=0.0000  Train=0.021s  Test=0.007s  Peak RAM=4.313 MB
2026-03-22 16:46:05 | INFO | [ncluster=148/148] AUC-ROC=50.00%  AUC-PR=10.79%  F1=0.0000  MCC=0.0000  Train=0.021s  Test=0.007s  Peak RAM=4.309 MB
2026-03-22 16:46:05 | INFO | [ncluster=151/151] AUC-ROC=50.00%  AUC-PR=10.79%  F1=0.0000  MCC=0.0000  Train=0.020s  Test=0.006s  Peak RAM=4.312 MB
2026-03-22 16:46:05 | INFO | [ncluster=154/154] AUC-ROC=50.00%  AUC-PR=10.79%  F1=0.0000  MCC=0.0000  Train=0.021s  Test=0.005s  Peak RAM=4.311 MB
2026-03-22 16:46:05 | INFO | [ncluster=157/157] AUC-ROC=50.00%  AUC-PR=10.79%  F1=0.0000  MCC=0.0000  Train=0.021s  Test=0.006s  Peak RAM=4.317 MB
2026-03-22 16:46:05 | INFO | [ncluster=160/160] AUC-ROC=50.00%  AUC-PR=10.79%  F1=0.0000  MCC=0.0000  Train=0.021s  Test=0.005s  Peak RAM=4.31 MB
2026-03-22 16:46:05 | INFO | [ncluster=163/163] AUC-ROC=50.00%  AUC-PR=10.79%  F1=0.0000  MCC=0.0000  Train=0.021s  Test=0.006s  Peak RAM=4.31 MB
2026-03-22 16:46:05 | INFO | [ncluster=166/166] AUC-ROC=50.00%  AUC-PR=10.79%  F1=0.0000  MCC=0.0000  Train=0.023s  Test=0.008s  Peak RAM=4.314 MB
2026-03-22 16:46:05 | INFO | [ncluster=169/169] AUC-ROC=50.00%  AUC-PR=10.79%  F1=0.0000  MCC=0.0000  Train=0.022s  Test=0.005s  Peak RAM=4.315 MB
2026-03-22 16:46:05 | INFO | [ncluster=172/172] AUC-ROC=50.00%  AUC-PR=10.79%  F1=0.0000  MCC=0.0000  Train=0.023s  Test=0.008s  Peak RAM=4.31 MB
2026-03-22 16:46:05 | INFO | [ncluster=175/175] AUC-ROC=50.00%  AUC-PR=10.79%  F1=0.0000  MCC=0.0000  Train=0.021s  Test=0.007s  Peak RAM=4.314 MB
2026-03-22 16:46:05 | INFO | [ncluster=178/178] AUC-ROC=50.00%  AUC-PR=10.79%  F1=0.0000  MCC=0.0000  Train=0.024s  Test=0.011s  Peak RAM=4.31 MB
2026-03-22 16:46:05 | INFO | [ncluster=181/181] AUC-ROC=50.00%  AUC-PR=10.79%  F1=0.0000  MCC=0.0000  Train=0.024s  Test=0.008s  Peak RAM=4.312 MB
2026-03-22 16:46:05 | INFO | [ncluster=184/184] AUC-ROC=50.00%  AUC-PR=10.79%  F1=0.0000  MCC=0.0000  Train=0.024s  Test=0.007s  Peak RAM=4.31 MB
2026-03-22 16:46:05 | INFO | [ncluster=187/187] AUC-ROC=50.00%  AUC-PR=10.79%  F1=0.0000  MCC=0.0000  Train=0.023s  Test=0.006s  Peak RAM=4.312 MB
2026-03-22 16:46:05 | INFO | [ncluster=190/190] AUC-ROC=50.00%  AUC-PR=10.79%  F1=0.0000  MCC=0.0000  Train=0.024s  Test=0.007s  Peak RAM=4.316 MB
2026-03-22 16:46:05 | INFO | [ncluster=193/193] AUC-ROC=50.00%  AUC-PR=10.79%  F1=0.0000  MCC=0.0000  Train=0.024s  Test=0.006s  Peak RAM=4.314 MB
2026-03-22 16:46:05 | INFO | [ncluster=196/196] AUC-ROC=50.00%  AUC-PR=10.79%  F1=0.0000  MCC=0.0000  Train=0.024s  Test=0.006s  Peak RAM=4.312 MB
2026-03-22 16:46:05 | INFO | [ncluster=199/199] AUC-ROC=50.00%  AUC-PR=10.79%  F1=0.0000  MCC=0.0000  Train=0.023s  Test=0.007s  Peak RAM=4.312 MB
2026-03-22 16:46:05 | INFO | [ncluster=202/202] AUC-ROC=50.00%  AUC-PR=10.79%  F1=0.0000  MCC=0.0000  Train=0.026s  Test=0.008s  Peak RAM=4.313 MB
2026-03-22 16:46:05 | INFO | [ncluster=205/205] AUC-ROC=50.00%  AUC-PR=10.79%  F1=0.0000  MCC=0.0000  Train=0.025s  Test=0.007s  Peak RAM=4.315 MB
2026-03-22 16:46:05 | INFO | [ncluster=208/208] AUC-ROC=50.00%  AUC-PR=10.79%  F1=0.0000  MCC=0.0000  Train=0.026s  Test=0.007s  Peak RAM=4.313 MB
2026-03-22 16:46:05 | INFO | [ncluster=211/211] AUC-ROC=50.00%  AUC-PR=10.79%  F1=0.0000  MCC=0.0000  Train=0.026s  Test=0.006s  Peak RAM=4.313 MB
2026-03-22 16:46:05 | INFO | [ncluster=214/214] AUC-ROC=50.00%  AUC-PR=10.79%  F1=0.0000  MCC=0.0000  Train=0.026s  Test=0.007s  Peak RAM=4.313 MB
2026-03-22 16:46:05 | INFO | [ncluster=217/217] AUC-ROC=50.00%  AUC-PR=10.79%  F1=0.0000  MCC=0.0000  Train=0.026s  Test=0.006s  Peak RAM=4.313 MB
2026-03-22 16:46:05 | INFO | [ncluster=220/220] AUC-ROC=50.00%  AUC-PR=10.79%  F1=0.0000  MCC=0.0000  Train=0.025s  Test=0.008s  Peak RAM=4.311 MB
2026-03-22 16:46:05 | INFO | [ncluster=223/223] AUC-ROC=50.00%  AUC-PR=10.79%  F1=0.0000  MCC=0.0000  Train=0.026s  Test=0.007s  Peak RAM=4.315 MB
2026-03-22 16:46:05 | INFO | [ncluster=226/226] AUC-ROC=50.00%  AUC-PR=10.79%  F1=0.0000  MCC=0.0000  Train=0.027s  Test=0.006s  Peak RAM=4.317 MB
2026-03-22 16:46:05 | INFO | [ncluster=229/229] AUC-ROC=50.00%  AUC-PR=10.79%  F1=0.0000  MCC=0.0000  Train=0.026s  Test=0.007s  Peak RAM=4.316 MB
2026-03-22 16:46:05 | INFO | [ncluster=232/232] AUC-ROC=50.00%  AUC-PR=10.79%  F1=0.0000  MCC=0.0000  Train=0.027s  Test=0.006s  Peak RAM=4.316 MB
2026-03-22 16:46:05 | INFO | [ncluster=235/235] AUC-ROC=50.00%  AUC-PR=10.79%  F1=0.0000  MCC=0.0000  Train=0.026s  Test=0.007s  Peak RAM=4.313 MB
2026-03-22 16:46:05 | INFO | [ncluster=238/238] AUC-ROC=50.00%  AUC-PR=10.79%  F1=0.0000  MCC=0.0000  Train=0.029s  Test=0.009s  Peak RAM=4.315 MB
2026-03-22 16:46:05 | INFO | [ncluster=241/241] AUC-ROC=50.00%  AUC-PR=10.79%  F1=0.0000  MCC=0.0000  Train=0.028s  Test=0.006s  Peak RAM=4.315 MB
2026-03-22 16:46:05 | INFO | [ncluster=244/244] AUC-ROC=50.00%  AUC-PR=10.79%  F1=0.0000  MCC=0.0000  Train=0.029s  Test=0.009s  Peak RAM=4.315 MB
2026-03-22 16:46:05 | INFO | [ncluster=247/247] AUC-ROC=50.00%  AUC-PR=10.79%  F1=0.0000  MCC=0.0000  Train=0.029s  Test=0.007s  Peak RAM=4.316 MB
2026-03-22 16:46:05 | INFO | [ncluster=250/250] AUC-ROC=50.00%  AUC-PR=10.79%  F1=0.0000  MCC=0.0000  Train=0.029s  Test=0.007s  Peak RAM=4.315 MB
2026-03-22 16:46:05 | INFO | [ncluster=253/253] AUC-ROC=50.00%  AUC-PR=10.79%  F1=0.0000  MCC=0.0000  Train=0.030s  Test=0.009s  Peak RAM=4.315 MB
2026-03-22 16:46:05 | INFO | [ncluster=256/256] AUC-ROC=50.00%  AUC-PR=10.79%  F1=0.0000  MCC=0.0000  Train=0.028s  Test=0.006s  Peak RAM=4.314 MB
2026-03-22 16:46:05 | INFO | [ncluster=259/259] AUC-ROC=50.00%  AUC-PR=10.79%  F1=0.0000  MCC=0.0000  Train=0.029s  Test=0.007s  Peak RAM=4.317 MB
2026-03-22 16:46:05 | INFO | [ncluster=262/262] AUC-ROC=50.00%  AUC-PR=10.79%  F1=0.0000  MCC=0.0000  Train=0.030s  Test=0.008s  Peak RAM=4.316 MB
2026-03-22 16:46:05 | INFO | [ncluster=265/265] AUC-ROC=50.00%  AUC-PR=10.79%  F1=0.0000  MCC=0.0000  Train=0.030s  Test=0.007s  Peak RAM=4.317 MB
2026-03-22 16:46:05 | INFO | [ncluster=268/268] AUC-ROC=50.00%  AUC-PR=10.79%  F1=0.0000  MCC=0.0000  Train=0.030s  Test=0.007s  Peak RAM=4.322 MB
2026-03-22 16:46:05 | INFO | [ncluster=271/271] AUC-ROC=50.00%  AUC-PR=10.79%  F1=0.0000  MCC=0.0000  Train=0.030s  Test=0.008s  Peak RAM=4.315 MB
2026-03-22 16:46:05 | INFO | [ncluster=274/274] AUC-ROC=50.00%  AUC-PR=10.79%  F1=0.0000  MCC=0.0000  Train=0.030s  Test=0.007s  Peak RAM=4.317 MB
2026-03-22 16:46:05 | INFO | [ncluster=277/277] AUC-ROC=50.00%  AUC-PR=10.79%  F1=0.0000  MCC=0.0000  Train=0.031s  Test=0.007s  Peak RAM=4.318 MB
2026-03-22 16:46:05 | INFO | [ncluster=280/280] AUC-ROC=50.00%  AUC-PR=10.79%  F1=0.0000  MCC=0.0000  Train=0.031s  Test=0.006s  Peak RAM=4.318 MB
2026-03-22 16:46:05 | INFO | [ncluster=283/283] AUC-ROC=50.00%  AUC-PR=10.79%  F1=0.0000  MCC=0.0000  Train=0.032s  Test=0.007s  Peak RAM=4.316 MB
2026-03-22 16:46:05 | INFO | [ncluster=286/286] AUC-ROC=50.00%  AUC-PR=10.79%  F1=0.0000  MCC=0.0000  Train=0.032s  Test=0.008s  Peak RAM=4.317 MB
2026-03-22 16:46:05 | INFO | [ncluster=289/289] AUC-ROC=50.00%  AUC-PR=10.79%  F1=0.0000  MCC=0.0000  Train=0.032s  Test=0.007s  Peak RAM=4.32 MB
2026-03-22 16:46:05 | INFO | [ncluster=292/292] AUC-ROC=50.00%  AUC-PR=10.79%  F1=0.0000  MCC=0.0000  Train=0.033s  Test=0.007s  Peak RAM=4.316 MB
2026-03-22 16:46:05 | INFO | [ncluster=295/295] AUC-ROC=50.00%  AUC-PR=10.79%  F1=0.0000  MCC=0.0000  Train=0.033s  Test=0.008s  Peak RAM=4.319 MB
2026-03-22 16:46:05 | INFO | [ncluster=298/298] AUC-ROC=50.00%  AUC-PR=10.79%  F1=0.0000  MCC=0.0000  Train=0.033s  Test=0.007s  Peak RAM=4.318 MB
2026-03-22 16:46:05 | INFO | [ncluster=301/301] AUC-ROC=50.00%  AUC-PR=10.79%  F1=0.0000  MCC=0.0000  Train=0.033s  Test=0.008s  Peak RAM=4.318 MB
2026-03-22 16:46:05 | INFO | [ncluster=304/304] AUC-ROC=50.00%  AUC-PR=10.79%  F1=0.0000  MCC=0.0000  Train=0.034s  Test=0.007s  Peak RAM=4.32 MB
2026-03-22 16:46:05 | INFO | [ncluster=307/307] AUC-ROC=50.00%  AUC-PR=10.79%  F1=0.0000  MCC=0.0000  Train=0.033s  Test=0.008s  Peak RAM=4.318 MB
2026-03-22 16:46:05 | INFO | [ncluster=310/310] AUC-ROC=50.00%  AUC-PR=10.79%  F1=0.0000  MCC=0.0000  Train=0.034s  Test=0.008s  Peak RAM=4.32 MB
2026-03-22 16:46:05 | INFO | [ncluster=313/313] AUC-ROC=50.00%  AUC-PR=10.79%  F1=0.0000  MCC=0.0000  Train=0.034s  Test=0.007s  Peak RAM=4.32 MB
2026-03-22 16:46:05 | INFO | [ncluster=316/316] AUC-ROC=50.00%  AUC-PR=10.79%  F1=0.0000  MCC=0.0000  Train=0.035s  Test=0.008s  Peak RAM=4.32 MB
2026-03-22 16:46:05 | INFO | [ncluster=319/319] AUC-ROC=50.00%  AUC-PR=10.79%  F1=0.0000  MCC=0.0000  Train=0.035s  Test=0.008s  Peak RAM=4.319 MB
2026-03-22 16:46:05 | INFO | [ncluster=322/322] AUC-ROC=50.00%  AUC-PR=10.79%  F1=0.0000  MCC=0.0000  Train=0.035s  Test=0.008s  Peak RAM=4.32 MB
2026-03-22 16:46:05 | INFO | [ncluster=325/325] AUC-ROC=50.00%  AUC-PR=10.79%  F1=0.0000  MCC=0.0000  Train=0.035s  Test=0.008s  Peak RAM=4.32 MB
2026-03-22 16:46:05 | INFO | [ncluster=328/328] AUC-ROC=50.00%  AUC-PR=10.79%  F1=0.0000  MCC=0.0000  Train=0.036s  Test=0.007s  Peak RAM=4.319 MB
2026-03-22 16:46:05 | INFO | [ncluster=331/331] AUC-ROC=50.00%  AUC-PR=10.79%  F1=0.0000  MCC=0.0000  Train=0.036s  Test=0.008s  Peak RAM=4.32 MB
2026-03-22 16:46:05 | INFO | [ncluster=334/334] AUC-ROC=50.00%  AUC-PR=10.79%  F1=0.0000  MCC=0.0000  Train=0.036s  Test=0.008s  Peak RAM=4.32 MB
2026-03-22 16:46:05 | INFO | [ncluster=337/337] AUC-ROC=50.00%  AUC-PR=10.79%  F1=0.0000  MCC=0.0000  Train=0.034s  Test=0.008s  Peak RAM=4.32 MB
2026-03-22 16:46:05 | INFO | [ncluster=340/340] AUC-ROC=50.00%  AUC-PR=10.79%  F1=0.0000  MCC=0.0000  Train=0.037s  Test=0.008s  Peak RAM=4.319 MB
2026-03-22 16:46:05 | INFO | [ncluster=343/343] AUC-ROC=50.00%  AUC-PR=10.79%  F1=0.0000  MCC=0.0000  Train=0.037s  Test=0.009s  Peak RAM=4.32 MB
2026-03-22 16:46:05 | INFO | [ncluster=346/346] AUC-ROC=50.00%  AUC-PR=10.79%  F1=0.0000  MCC=0.0000  Train=0.037s  Test=0.008s  Peak RAM=4.32 MB
2026-03-22 16:46:05 | INFO | [ncluster=349/349] AUC-ROC=50.00%  AUC-PR=10.79%  F1=0.0000  MCC=0.0000  Train=0.037s  Test=0.008s  Peak RAM=4.321 MB
2026-03-22 16:46:05 | INFO | [ncluster=352/352] AUC-ROC=50.00%  AUC-PR=10.79%  F1=0.0000  MCC=0.0000  Train=0.038s  Test=0.007s  Peak RAM=4.322 MB
2026-03-22 16:46:05 | INFO | [ncluster=355/355] AUC-ROC=50.00%  AUC-PR=10.79%  F1=0.0000  MCC=0.0000  Train=0.038s  Test=0.008s  Peak RAM=4.32 MB
2026-03-22 16:46:05 | INFO | [ncluster=358/358] AUC-ROC=50.00%  AUC-PR=10.79%  F1=0.0000  MCC=0.0000  Train=0.038s  Test=0.009s  Peak RAM=4.321 MB
2026-03-22 16:46:05 | INFO | [ncluster=361/361] AUC-ROC=50.00%  AUC-PR=10.79%  F1=0.0000  MCC=0.0000  Train=0.039s  Test=0.008s  Peak RAM=4.321 MB
2026-03-22 16:46:05 | INFO | [ncluster=364/364] AUC-ROC=50.00%  AUC-PR=10.79%  F1=0.0000  MCC=0.0000  Train=0.039s  Test=0.008s  Peak RAM=4.323 MB
2026-03-22 16:46:05 | INFO | [ncluster=367/367] AUC-ROC=50.00%  AUC-PR=10.79%  F1=0.0000  MCC=0.0000  Train=0.038s  Test=0.009s  Peak RAM=4.322 MB
2026-03-22 16:46:05 | INFO | [ncluster=370/370] AUC-ROC=50.00%  AUC-PR=10.79%  F1=0.0000  MCC=0.0000  Train=0.038s  Test=0.008s  Peak RAM=4.323 MB
2026-03-22 16:46:05 | INFO | [ncluster=373/373] AUC-ROC=50.00%  AUC-PR=10.79%  F1=0.0000  MCC=0.0000  Train=0.039s  Test=0.009s  Peak RAM=4.322 MB
2026-03-22 16:46:05 | INFO | [ncluster=376/376] AUC-ROC=50.00%  AUC-PR=10.79%  F1=0.0000  MCC=0.0000  Train=0.040s  Test=0.008s  Peak RAM=4.321 MB
2026-03-22 16:46:05 | INFO | [ncluster=379/379] AUC-ROC=50.00%  AUC-PR=10.79%  F1=0.0000  MCC=0.0000  Train=0.040s  Test=0.009s  Peak RAM=4.322 MB
2026-03-22 16:46:05 | INFO | [ncluster=382/382] AUC-ROC=50.00%  AUC-PR=10.79%  F1=0.0000  MCC=0.0000  Train=0.040s  Test=0.009s  Peak RAM=4.322 MB
2026-03-22 16:46:05 | INFO | [ncluster=385/385] AUC-ROC=50.00%  AUC-PR=10.79%  F1=0.0000  MCC=0.0000  Train=0.041s  Test=0.008s  Peak RAM=4.324 MB
2026-03-22 16:46:05 | INFO | [ncluster=388/388] AUC-ROC=50.00%  AUC-PR=10.79%  F1=0.0000  MCC=0.0000  Train=0.041s  Test=0.009s  Peak RAM=4.323 MB
2026-03-22 16:46:05 | INFO | [ncluster=391/391] AUC-ROC=50.00%  AUC-PR=10.79%  F1=0.0000  MCC=0.0000  Train=0.041s  Test=0.009s  Peak RAM=4.322 MB
2026-03-22 16:46:05 | INFO | [ncluster=394/394] AUC-ROC=50.00%  AUC-PR=10.79%  F1=0.0000  MCC=0.0000  Train=0.042s  Test=0.008s  Peak RAM=4.324 MB
2026-03-22 16:46:05 | INFO | [ncluster=397/397] AUC-ROC=50.00%  AUC-PR=10.79%  F1=0.0000  MCC=0.0000  Train=0.040s  Test=0.009s  Peak RAM=4.325 MB
2026-03-22 16:46:05 | INFO | [ncluster=400/400] AUC-ROC=50.00%  AUC-PR=10.79%  F1=0.0000  MCC=0.0000  Train=0.043s  Test=0.008s  Peak RAM=4.324 MB
2026-03-22 16:46:05 | INFO | [ncluster=403/403] AUC-ROC=50.00%  AUC-PR=10.79%  F1=0.0000  MCC=0.0000  Train=0.042s  Test=0.009s  Peak RAM=4.325 MB
2026-03-22 16:46:05 | INFO | [ncluster=406/406] AUC-ROC=50.00%  AUC-PR=10.79%  F1=0.0000  MCC=0.0000  Train=0.042s  Test=0.010s  Peak RAM=4.325 MB
2026-03-22 16:46:05 | INFO | [ncluster=409/409] AUC-ROC=50.00%  AUC-PR=10.79%  F1=0.0000  MCC=0.0000  Train=0.042s  Test=0.009s  Peak RAM=4.325 MB
2026-03-22 16:46:05 | INFO | [ncluster=412/412] AUC-ROC=50.00%  AUC-PR=10.79%  F1=0.0000  MCC=0.0000  Train=0.043s  Test=0.009s  Peak RAM=4.325 MB
2026-03-22 16:46:05 | INFO | [ncluster=415/415] AUC-ROC=50.00%  AUC-PR=10.79%  F1=0.0000  MCC=0.0000  Train=0.043s  Test=0.010s  Peak RAM=4.326 MB
2026-03-22 16:46:05 | INFO | [ncluster=418/418] AUC-ROC=50.00%  AUC-PR=10.79%  F1=0.0000  MCC=0.0000  Train=0.043s  Test=0.009s  Peak RAM=4.324 MB
2026-03-22 16:46:05 | INFO | [ncluster=421/421] AUC-ROC=50.00%  AUC-PR=10.79%  F1=0.0000  MCC=0.0000  Train=0.044s  Test=0.009s  Peak RAM=4.326 MB
2026-03-22 16:46:05 | INFO | [ncluster=424/424] AUC-ROC=50.00%  AUC-PR=10.79%  F1=0.0000  MCC=0.0000  Train=0.044s  Test=0.008s  Peak RAM=4.327 MB
2026-03-22 16:46:05 | INFO | [ncluster=427/427] AUC-ROC=50.00%  AUC-PR=10.79%  F1=0.0000  MCC=0.0000  Train=0.044s  Test=0.009s  Peak RAM=4.325 MB
2026-03-22 16:46:05 | INFO | [ncluster=430/430] AUC-ROC=50.00%  AUC-PR=10.79%  F1=0.0000  MCC=0.0000  Train=0.045s  Test=0.010s  Peak RAM=4.325 MB
2026-03-22 16:46:05 | INFO | [ncluster=433/433] AUC-ROC=50.00%  AUC-PR=10.79%  F1=0.0000  MCC=0.0000  Train=0.044s  Test=0.009s  Peak RAM=4.326 MB
2026-03-22 16:46:05 | INFO | [ncluster=436/436] AUC-ROC=50.00%  AUC-PR=10.79%  F1=0.0000  MCC=0.0000  Train=0.045s  Test=0.009s  Peak RAM=4.324 MB
2026-03-22 16:46:05 | INFO | [ncluster=439/439] AUC-ROC=50.00%  AUC-PR=10.79%  F1=0.0000  MCC=0.0000  Train=0.045s  Test=0.010s  Peak RAM=4.327 MB
2026-03-22 16:46:05 | INFO | [ncluster=442/442] AUC-ROC=50.00%  AUC-PR=10.79%  F1=0.0000  MCC=0.0000  Train=0.045s  Test=0.009s  Peak RAM=4.326 MB
2026-03-22 16:46:05 | INFO | [ncluster=445/445] AUC-ROC=50.00%  AUC-PR=10.79%  F1=0.0000  MCC=0.0000  Train=0.045s  Test=0.010s  Peak RAM=4.327 MB
2026-03-22 16:46:05 | INFO | [ncluster=448/448] AUC-ROC=50.00%  AUC-PR=10.79%  F1=0.0000  MCC=0.0000  Train=0.046s  Test=0.009s  Peak RAM=4.327 MB
2026-03-22 16:46:05 | INFO | [ncluster=451/451] AUC-ROC=50.00%  AUC-PR=10.79%  F1=0.0000  MCC=0.0000  Train=0.046s  Test=0.010s  Peak RAM=4.328 MB
2026-03-22 16:46:05 | INFO | [ncluster=454/454] AUC-ROC=50.00%  AUC-PR=10.79%  F1=0.0000  MCC=0.0000  Train=0.047s  Test=0.010s  Peak RAM=4.328 MB
2026-03-22 16:46:05 | INFO | [ncluster=457/457] AUC-ROC=50.00%  AUC-PR=10.79%  F1=0.0000  MCC=0.0000  Train=0.048s  Test=0.009s  Peak RAM=4.326 MB
2026-03-22 16:46:05 | INFO | [ncluster=460/460] AUC-ROC=50.00%  AUC-PR=10.79%  F1=0.0000  MCC=0.0000  Train=0.044s  Test=0.010s  Peak RAM=4.327 MB
2026-03-22 16:46:05 | INFO | [ncluster=463/463] AUC-ROC=50.00%  AUC-PR=10.79%  F1=0.0000  MCC=0.0000  Train=0.047s  Test=0.011s  Peak RAM=4.327 MB
2026-03-22 16:46:05 | INFO | [ncluster=466/466] AUC-ROC=50.00%  AUC-PR=10.79%  F1=0.0000  MCC=0.0000  Train=0.048s  Test=0.009s  Peak RAM=4.327 MB
2026-03-22 16:46:05 | INFO | [ncluster=469/469] AUC-ROC=50.00%  AUC-PR=10.79%  F1=0.0000  MCC=0.0000  Train=0.047s  Test=0.010s  Peak RAM=4.328 MB
2026-03-22 16:46:05 | INFO | [ncluster=472/472] AUC-ROC=50.00%  AUC-PR=10.79%  F1=0.0000  MCC=0.0000  Train=0.049s  Test=0.009s  Peak RAM=4.327 MB
2026-03-22 16:46:05 | INFO | [ncluster=475/475] AUC-ROC=50.00%  AUC-PR=10.79%  F1=0.0000  MCC=0.0000  Train=0.030s  Test=0.008s  Peak RAM=4.328 MB
2026-03-22 16:46:05 | INFO | [ncluster=478/478] AUC-ROC=50.00%  AUC-PR=10.79%  F1=0.0000  MCC=0.0000  Train=0.030s  Test=0.008s  Peak RAM=4.329 MB
2026-03-22 16:46:05 | INFO | [ncluster=481/481] AUC-ROC=50.00%  AUC-PR=10.79%  F1=0.0000  MCC=0.0000  Train=0.031s  Test=0.007s  Peak RAM=4.33 MB
2026-03-22 16:46:05 | INFO | [ncluster=484/484] AUC-ROC=50.00%  AUC-PR=10.79%  F1=0.0000  MCC=0.0000  Train=0.030s  Test=0.008s  Peak RAM=4.327 MB
2026-03-22 16:46:05 | INFO | [ncluster=487/487] AUC-ROC=50.00%  AUC-PR=10.79%  F1=0.0000  MCC=0.0000  Train=0.031s  Test=0.008s  Peak RAM=4.329 MB
2026-03-22 16:46:05 | INFO | [ncluster=490/490] AUC-ROC=50.00%  AUC-PR=10.79%  F1=0.0000  MCC=0.0000  Train=0.031s  Test=0.007s  Peak RAM=4.329 MB
2026-03-22 16:46:05 | INFO | [ncluster=493/493] AUC-ROC=50.00%  AUC-PR=10.79%  F1=0.0000  MCC=0.0000  Train=0.030s  Test=0.008s  Peak RAM=4.328 MB
2026-03-22 16:46:05 | INFO | [ncluster=496/496] AUC-ROC=50.00%  AUC-PR=10.79%  F1=0.0000  MCC=0.0000  Train=0.030s  Test=0.007s  Peak RAM=4.328 MB
2026-03-22 16:46:05 | INFO | [ncluster=499/499] AUC-ROC=50.00%  AUC-PR=10.79%  F1=0.0000  MCC=0.0000  Train=0.030s  Test=0.007s  Peak RAM=4.329 MB
2026-03-22 16:46:05 | INFO | --- noise=1% ---
2026-03-22 16:46:05 | INFO | ============================================================
2026-03-22 16:46:05 | INFO | Dataset  : Train_StandardScaler_data_BoTIoT.csv
2026-03-22 16:46:05 | INFO | Scaler   : StandardScaler
2026-03-22 16:46:05 | INFO | Noise    : 1%
2026-03-22 16:46:05 | INFO | nClusters: 167 values (1..499)
2026-03-22 16:46:05 | INFO | ============================================================
2026-03-22 16:46:06 | INFO | Loaded Raw Shape -> Train: (7257, 27), Test: (16815, 27)
2026-03-22 16:46:06 | INFO | Dropped metadata features: ['pkSeqID', 'stime', 'ltime', 'seq', 'saddr', 'daddr', 'sport', 'dport', 'state', 'flgs', 'proto']
2026-03-22 16:46:06 | INFO | Dropped metadata features: ['pkSeqID', 'stime', 'ltime', 'seq', 'saddr', 'daddr', 'sport', 'dport', 'state', 'flgs', 'proto']
2026-03-22 16:46:06 | INFO | Training size : 7,329  |  Testing size: 16,743  |  Features: 15
2026-03-22 16:46:06 | INFO | Firing up Parallel execution for 167 cluster configs...
2026-03-22 16:47:08 | INFO | [ncluster=1/1] AUC-ROC=50.00%  AUC-PR=10.84%  F1=0.0000  MCC=0.0000  Train=0.007s  Test=0.003s  Peak RAM=3.115 MB
2026-03-22 16:47:08 | INFO | [ncluster=4/4] AUC-ROC=50.00%  AUC-PR=10.84%  F1=0.0000  MCC=0.0000  Train=0.007s  Test=0.003s  Peak RAM=3.117 MB
2026-03-22 16:47:08 | INFO | [ncluster=7/7] AUC-ROC=50.00%  AUC-PR=10.84%  F1=0.0000  MCC=0.0000  Train=0.009s  Test=0.004s  Peak RAM=3.118 MB
2026-03-22 16:47:08 | INFO | [ncluster=10/10] AUC-ROC=50.00%  AUC-PR=10.84%  F1=0.0000  MCC=0.0000  Train=0.008s  Test=0.003s  Peak RAM=3.12 MB
2026-03-22 16:47:08 | INFO | [ncluster=13/13] AUC-ROC=50.00%  AUC-PR=10.84%  F1=0.0000  MCC=0.0000  Train=0.009s  Test=0.004s  Peak RAM=3.119 MB
2026-03-22 16:47:08 | INFO | [ncluster=16/16] AUC-ROC=50.00%  AUC-PR=10.84%  F1=0.0000  MCC=0.0000  Train=0.009s  Test=0.003s  Peak RAM=3.12 MB
2026-03-22 16:47:08 | INFO | [ncluster=19/19] AUC-ROC=50.00%  AUC-PR=10.84%  F1=0.0000  MCC=0.0000  Train=0.009s  Test=0.004s  Peak RAM=3.119 MB
2026-03-22 16:47:08 | INFO | [ncluster=22/22] AUC-ROC=50.00%  AUC-PR=10.84%  F1=0.0000  MCC=0.0000  Train=0.009s  Test=0.004s  Peak RAM=3.118 MB
2026-03-22 16:47:08 | INFO | [ncluster=25/25] AUC-ROC=50.00%  AUC-PR=10.84%  F1=0.0000  MCC=0.0000  Train=0.009s  Test=0.003s  Peak RAM=3.119 MB
2026-03-22 16:47:08 | INFO | [ncluster=28/28] AUC-ROC=50.00%  AUC-PR=10.84%  F1=0.0000  MCC=0.0000  Train=0.010s  Test=0.004s  Peak RAM=3.118 MB
2026-03-22 16:47:08 | INFO | [ncluster=31/31] AUC-ROC=50.00%  AUC-PR=10.84%  F1=0.0000  MCC=0.0000  Train=0.009s  Test=0.004s  Peak RAM=3.12 MB
2026-03-22 16:47:08 | INFO | [ncluster=34/34] AUC-ROC=50.00%  AUC-PR=10.84%  F1=0.0000  MCC=0.0000  Train=0.010s  Test=0.003s  Peak RAM=3.12 MB
2026-03-22 16:47:08 | INFO | [ncluster=37/37] AUC-ROC=50.00%  AUC-PR=10.84%  F1=0.0000  MCC=0.0000  Train=0.011s  Test=0.004s  Peak RAM=3.118 MB
2026-03-22 16:47:08 | INFO | [ncluster=40/40] AUC-ROC=50.00%  AUC-PR=10.84%  F1=0.0000  MCC=0.0000  Train=0.010s  Test=0.003s  Peak RAM=3.119 MB
2026-03-22 16:47:08 | INFO | [ncluster=43/43] AUC-ROC=50.00%  AUC-PR=10.84%  F1=0.0000  MCC=0.0000  Train=0.012s  Test=0.004s  Peak RAM=3.12 MB
2026-03-22 16:47:08 | INFO | [ncluster=46/46] AUC-ROC=50.00%  AUC-PR=10.84%  F1=0.0000  MCC=0.0000  Train=0.011s  Test=0.004s  Peak RAM=3.121 MB
2026-03-22 16:47:08 | INFO | [ncluster=49/49] AUC-ROC=50.00%  AUC-PR=10.84%  F1=0.0000  MCC=0.0000  Train=0.012s  Test=0.003s  Peak RAM=3.122 MB
2026-03-22 16:47:08 | INFO | [ncluster=52/52] AUC-ROC=50.00%  AUC-PR=10.84%  F1=0.0000  MCC=0.0000  Train=0.012s  Test=0.004s  Peak RAM=3.123 MB
2026-03-22 16:47:08 | INFO | [ncluster=55/55] AUC-ROC=50.00%  AUC-PR=10.84%  F1=0.0000  MCC=0.0000  Train=0.012s  Test=0.005s  Peak RAM=3.122 MB
2026-03-22 16:47:08 | INFO | [ncluster=58/58] AUC-ROC=50.00%  AUC-PR=10.84%  F1=0.0000  MCC=0.0000  Train=0.012s  Test=0.004s  Peak RAM=3.121 MB
2026-03-22 16:47:08 | INFO | [ncluster=61/61] AUC-ROC=50.00%  AUC-PR=10.84%  F1=0.0000  MCC=0.0000  Train=0.013s  Test=0.004s  Peak RAM=3.122 MB
2026-03-22 16:47:08 | INFO | [ncluster=64/64] AUC-ROC=50.00%  AUC-PR=10.84%  F1=0.0000  MCC=0.0000  Train=0.013s  Test=0.003s  Peak RAM=3.121 MB
2026-03-22 16:47:08 | INFO | [ncluster=67/67] AUC-ROC=50.00%  AUC-PR=10.84%  F1=0.0000  MCC=0.0000  Train=0.012s  Test=0.004s  Peak RAM=3.122 MB
2026-03-22 16:47:08 | INFO | [ncluster=70/70] AUC-ROC=50.00%  AUC-PR=10.84%  F1=0.0000  MCC=0.0000  Train=0.014s  Test=0.005s  Peak RAM=3.122 MB
2026-03-22 16:47:08 | INFO | [ncluster=73/73] AUC-ROC=50.00%  AUC-PR=10.84%  F1=0.0000  MCC=0.0000  Train=0.013s  Test=0.004s  Peak RAM=3.121 MB
2026-03-22 16:47:08 | INFO | [ncluster=76/76] AUC-ROC=50.00%  AUC-PR=10.84%  F1=0.0000  MCC=0.0000  Train=0.013s  Test=0.004s  Peak RAM=3.118 MB
2026-03-22 16:47:08 | INFO | [ncluster=79/79] AUC-ROC=50.00%  AUC-PR=10.84%  F1=0.0000  MCC=0.0000  Train=0.013s  Test=0.005s  Peak RAM=3.122 MB
2026-03-22 16:47:08 | INFO | [ncluster=82/82] AUC-ROC=50.00%  AUC-PR=10.84%  F1=0.0000  MCC=0.0000  Train=0.013s  Test=0.004s  Peak RAM=3.12 MB
2026-03-22 16:47:08 | INFO | [ncluster=85/85] AUC-ROC=50.00%  AUC-PR=10.84%  F1=0.0000  MCC=0.0000  Train=0.016s  Test=0.005s  Peak RAM=3.124 MB
2026-03-22 16:47:08 | INFO | [ncluster=88/88] AUC-ROC=50.00%  AUC-PR=10.84%  F1=0.0000  MCC=0.0000  Train=0.014s  Test=0.004s  Peak RAM=3.12 MB
2026-03-22 16:47:08 | INFO | [ncluster=91/91] AUC-ROC=50.00%  AUC-PR=10.84%  F1=0.0000  MCC=0.0000  Train=0.015s  Test=0.004s  Peak RAM=3.124 MB
2026-03-22 16:47:08 | INFO | [ncluster=94/94] AUC-ROC=50.00%  AUC-PR=10.84%  F1=0.0000  MCC=0.0000  Train=0.015s  Test=0.005s  Peak RAM=3.122 MB
2026-03-22 16:47:08 | INFO | [ncluster=97/97] AUC-ROC=50.00%  AUC-PR=10.84%  F1=0.0000  MCC=0.0000  Train=0.016s  Test=0.004s  Peak RAM=3.125 MB
2026-03-22 16:47:08 | INFO | [ncluster=100/100] AUC-ROC=50.00%  AUC-PR=10.84%  F1=0.0000  MCC=0.0000  Train=0.015s  Test=0.005s  Peak RAM=3.124 MB
2026-03-22 16:47:08 | INFO | [ncluster=103/103] AUC-ROC=50.00%  AUC-PR=10.84%  F1=0.0000  MCC=0.0000  Train=0.016s  Test=0.005s  Peak RAM=3.127 MB
2026-03-22 16:47:08 | INFO | [ncluster=106/106] AUC-ROC=50.00%  AUC-PR=10.84%  F1=0.0000  MCC=0.0000  Train=0.016s  Test=0.004s  Peak RAM=3.124 MB
2026-03-22 16:47:08 | INFO | [ncluster=109/109] AUC-ROC=50.00%  AUC-PR=10.84%  F1=0.0000  MCC=0.0000  Train=0.017s  Test=0.005s  Peak RAM=3.125 MB
2026-03-22 16:47:08 | INFO | [ncluster=112/112] AUC-ROC=50.00%  AUC-PR=10.84%  F1=0.0000  MCC=0.0000  Train=0.016s  Test=0.004s  Peak RAM=3.122 MB
2026-03-22 16:47:08 | INFO | [ncluster=115/115] AUC-ROC=50.00%  AUC-PR=10.84%  F1=0.0000  MCC=0.0000  Train=0.018s  Test=0.005s  Peak RAM=3.127 MB
2026-03-22 16:47:08 | INFO | [ncluster=118/118] AUC-ROC=50.00%  AUC-PR=10.84%  F1=0.0000  MCC=0.0000  Train=0.017s  Test=0.005s  Peak RAM=3.122 MB
2026-03-22 16:47:08 | INFO | [ncluster=121/121] AUC-ROC=50.00%  AUC-PR=10.84%  F1=0.0000  MCC=0.0000  Train=0.018s  Test=0.004s  Peak RAM=3.126 MB
2026-03-22 16:47:08 | INFO | [ncluster=124/124] AUC-ROC=50.00%  AUC-PR=10.84%  F1=0.0000  MCC=0.0000  Train=0.017s  Test=0.005s  Peak RAM=3.123 MB
2026-03-22 16:47:08 | INFO | [ncluster=127/127] AUC-ROC=50.00%  AUC-PR=10.84%  F1=0.0000  MCC=0.0000  Train=0.018s  Test=0.006s  Peak RAM=3.125 MB
2026-03-22 16:47:08 | INFO | [ncluster=130/130] AUC-ROC=50.00%  AUC-PR=10.84%  F1=0.0000  MCC=0.0000  Train=0.018s  Test=0.005s  Peak RAM=3.123 MB
2026-03-22 16:47:08 | INFO | [ncluster=133/133] AUC-ROC=50.00%  AUC-PR=10.84%  F1=0.0000  MCC=0.0000  Train=0.017s  Test=0.005s  Peak RAM=3.126 MB
2026-03-22 16:47:08 | INFO | [ncluster=136/136] AUC-ROC=50.00%  AUC-PR=10.84%  F1=0.0000  MCC=0.0000  Train=0.018s  Test=0.004s  Peak RAM=3.124 MB
2026-03-22 16:47:08 | INFO | [ncluster=139/139] AUC-ROC=50.00%  AUC-PR=10.84%  F1=0.0000  MCC=0.0000  Train=0.020s  Test=0.005s  Peak RAM=3.127 MB
2026-03-22 16:47:08 | INFO | [ncluster=142/142] AUC-ROC=50.00%  AUC-PR=10.84%  F1=0.0000  MCC=0.0000  Train=0.019s  Test=0.006s  Peak RAM=3.124 MB
2026-03-22 16:47:08 | INFO | [ncluster=145/145] AUC-ROC=50.00%  AUC-PR=10.84%  F1=0.0000  MCC=0.0000  Train=0.019s  Test=0.005s  Peak RAM=3.125 MB
2026-03-22 16:47:08 | INFO | [ncluster=148/148] AUC-ROC=50.00%  AUC-PR=10.84%  F1=0.0000  MCC=0.0000  Train=0.018s  Test=0.005s  Peak RAM=3.124 MB
2026-03-22 16:47:08 | INFO | [ncluster=151/151] AUC-ROC=50.00%  AUC-PR=10.84%  F1=0.0000  MCC=0.0000  Train=0.019s  Test=0.006s  Peak RAM=3.127 MB
2026-03-22 16:47:08 | INFO | [ncluster=154/154] AUC-ROC=50.00%  AUC-PR=10.84%  F1=0.0000  MCC=0.0000  Train=0.018s  Test=0.005s  Peak RAM=3.124 MB
2026-03-22 16:47:08 | INFO | [ncluster=157/157] AUC-ROC=50.00%  AUC-PR=10.84%  F1=0.0000  MCC=0.0000  Train=0.022s  Test=0.006s  Peak RAM=3.13 MB
2026-03-22 16:47:08 | INFO | [ncluster=160/160] AUC-ROC=50.00%  AUC-PR=10.84%  F1=0.0000  MCC=0.0000  Train=0.020s  Test=0.005s  Peak RAM=3.126 MB
2026-03-22 16:47:08 | INFO | [ncluster=163/163] AUC-ROC=50.00%  AUC-PR=10.84%  F1=0.0000  MCC=0.0000  Train=0.022s  Test=0.005s  Peak RAM=3.129 MB
2026-03-22 16:47:08 | INFO | [ncluster=166/166] AUC-ROC=50.00%  AUC-PR=10.84%  F1=0.0000  MCC=0.0000  Train=0.021s  Test=0.006s  Peak RAM=3.126 MB
2026-03-22 16:47:08 | INFO | [ncluster=169/169] AUC-ROC=50.00%  AUC-PR=10.84%  F1=0.0000  MCC=0.0000  Train=0.022s  Test=0.005s  Peak RAM=3.129 MB
2026-03-22 16:47:08 | INFO | [ncluster=172/172] AUC-ROC=50.00%  AUC-PR=10.84%  F1=0.0000  MCC=0.0000  Train=0.021s  Test=0.006s  Peak RAM=3.126 MB
2026-03-22 16:47:08 | INFO | [ncluster=175/175] AUC-ROC=50.00%  AUC-PR=10.84%  F1=0.0000  MCC=0.0000  Train=0.023s  Test=0.006s  Peak RAM=3.13 MB
2026-03-22 16:47:08 | INFO | [ncluster=178/178] AUC-ROC=50.00%  AUC-PR=10.84%  F1=0.0000  MCC=0.0000  Train=0.022s  Test=0.005s  Peak RAM=3.126 MB
2026-03-22 16:47:08 | INFO | [ncluster=181/181] AUC-ROC=50.00%  AUC-PR=10.84%  F1=0.0000  MCC=0.0000  Train=0.023s  Test=0.006s  Peak RAM=3.13 MB
2026-03-22 16:47:08 | INFO | [ncluster=184/184] AUC-ROC=50.00%  AUC-PR=10.84%  F1=0.0000  MCC=0.0000  Train=0.022s  Test=0.005s  Peak RAM=3.128 MB
2026-03-22 16:47:08 | INFO | [ncluster=187/187] AUC-ROC=50.00%  AUC-PR=10.84%  F1=0.0000  MCC=0.0000  Train=0.024s  Test=0.006s  Peak RAM=3.129 MB
2026-03-22 16:47:08 | INFO | [ncluster=190/190] AUC-ROC=50.00%  AUC-PR=10.84%  F1=0.0000  MCC=0.0000  Train=0.023s  Test=0.006s  Peak RAM=3.126 MB
2026-03-22 16:47:08 | INFO | [ncluster=193/193] AUC-ROC=50.00%  AUC-PR=10.84%  F1=0.0000  MCC=0.0000  Train=0.024s  Test=0.005s  Peak RAM=3.131 MB
2026-03-22 16:47:08 | INFO | [ncluster=196/196] AUC-ROC=50.00%  AUC-PR=10.84%  F1=0.0000  MCC=0.0000  Train=0.023s  Test=0.006s  Peak RAM=3.128 MB
2026-03-22 16:47:08 | INFO | [ncluster=199/199] AUC-ROC=50.00%  AUC-PR=10.84%  F1=0.0000  MCC=0.0000  Train=0.024s  Test=0.006s  Peak RAM=3.128 MB
2026-03-22 16:47:08 | INFO | [ncluster=202/202] AUC-ROC=50.00%  AUC-PR=10.84%  F1=0.0000  MCC=0.0000  Train=0.024s  Test=0.006s  Peak RAM=3.127 MB
2026-03-22 16:47:08 | INFO | [ncluster=205/205] AUC-ROC=50.00%  AUC-PR=10.84%  F1=0.0000  MCC=0.0000  Train=0.024s  Test=0.006s  Peak RAM=3.134 MB
2026-03-22 16:47:08 | INFO | [ncluster=208/208] AUC-ROC=50.00%  AUC-PR=10.84%  F1=0.0000  MCC=0.0000  Train=0.024s  Test=0.005s  Peak RAM=3.128 MB
2026-03-22 16:47:08 | INFO | [ncluster=211/211] AUC-ROC=50.00%  AUC-PR=10.84%  F1=0.0000  MCC=0.0000  Train=0.024s  Test=0.006s  Peak RAM=3.132 MB
2026-03-22 16:47:08 | INFO | [ncluster=214/214] AUC-ROC=50.00%  AUC-PR=10.84%  F1=0.0000  MCC=0.0000  Train=0.025s  Test=0.007s  Peak RAM=3.128 MB
2026-03-22 16:47:08 | INFO | [ncluster=217/217] AUC-ROC=50.00%  AUC-PR=10.84%  F1=0.0000  MCC=0.0000  Train=0.026s  Test=0.006s  Peak RAM=3.13 MB
2026-03-22 16:47:08 | INFO | [ncluster=220/220] AUC-ROC=50.00%  AUC-PR=10.84%  F1=0.0000  MCC=0.0000  Train=0.025s  Test=0.006s  Peak RAM=3.132 MB
2026-03-22 16:47:08 | INFO | [ncluster=223/223] AUC-ROC=50.00%  AUC-PR=10.84%  F1=0.0000  MCC=0.0000  Train=0.027s  Test=0.007s  Peak RAM=3.132 MB
2026-03-22 16:47:08 | INFO | [ncluster=226/226] AUC-ROC=50.00%  AUC-PR=10.84%  F1=0.0000  MCC=0.0000  Train=0.027s  Test=0.006s  Peak RAM=3.132 MB
2026-03-22 16:47:08 | INFO | [ncluster=229/229] AUC-ROC=50.00%  AUC-PR=10.84%  F1=0.0000  MCC=0.0000  Train=0.027s  Test=0.007s  Peak RAM=3.132 MB
2026-03-22 16:47:08 | INFO | [ncluster=232/232] AUC-ROC=50.00%  AUC-PR=10.84%  F1=0.0000  MCC=0.0000  Train=0.027s  Test=0.006s  Peak RAM=3.133 MB
2026-03-22 16:47:08 | INFO | [ncluster=235/235] AUC-ROC=50.00%  AUC-PR=10.84%  F1=0.0000  MCC=0.0000  Train=0.028s  Test=0.006s  Peak RAM=3.133 MB
2026-03-22 16:47:08 | INFO | [ncluster=238/238] AUC-ROC=50.00%  AUC-PR=10.84%  F1=0.0000  MCC=0.0000  Train=0.028s  Test=0.007s  Peak RAM=3.131 MB
2026-03-22 16:47:08 | INFO | [ncluster=241/241] AUC-ROC=50.00%  AUC-PR=10.84%  F1=0.0000  MCC=0.0000  Train=0.028s  Test=0.006s  Peak RAM=3.133 MB
2026-03-22 16:47:08 | INFO | [ncluster=244/244] AUC-ROC=50.00%  AUC-PR=10.84%  F1=0.0000  MCC=0.0000  Train=0.029s  Test=0.006s  Peak RAM=3.133 MB
2026-03-22 16:47:08 | INFO | [ncluster=247/247] AUC-ROC=50.00%  AUC-PR=10.84%  F1=0.0000  MCC=0.0000  Train=0.028s  Test=0.007s  Peak RAM=3.133 MB
2026-03-22 16:47:08 | INFO | [ncluster=250/250] AUC-ROC=50.00%  AUC-PR=10.84%  F1=0.0000  MCC=0.0000  Train=0.029s  Test=0.006s  Peak RAM=3.133 MB
2026-03-22 16:47:08 | INFO | [ncluster=253/253] AUC-ROC=50.00%  AUC-PR=10.84%  F1=0.0000  MCC=0.0000  Train=0.030s  Test=0.007s  Peak RAM=3.134 MB
2026-03-22 16:47:08 | INFO | [ncluster=256/256] AUC-ROC=50.00%  AUC-PR=10.84%  F1=0.0000  MCC=0.0000  Train=0.028s  Test=0.006s  Peak RAM=3.138 MB
2026-03-22 16:47:08 | INFO | [ncluster=259/259] AUC-ROC=50.00%  AUC-PR=10.84%  F1=0.0000  MCC=0.0000  Train=0.030s  Test=0.007s  Peak RAM=3.135 MB
2026-03-22 16:47:08 | INFO | [ncluster=262/262] AUC-ROC=50.00%  AUC-PR=10.84%  F1=0.0000  MCC=0.0000  Train=0.029s  Test=0.007s  Peak RAM=3.135 MB
2026-03-22 16:47:08 | INFO | [ncluster=265/265] AUC-ROC=50.00%  AUC-PR=10.84%  F1=0.0000  MCC=0.0000  Train=0.030s  Test=0.006s  Peak RAM=3.135 MB
2026-03-22 16:47:08 | INFO | [ncluster=268/268] AUC-ROC=50.00%  AUC-PR=10.84%  F1=0.0000  MCC=0.0000  Train=0.030s  Test=0.007s  Peak RAM=3.135 MB
2026-03-22 16:47:08 | INFO | [ncluster=271/271] AUC-ROC=50.00%  AUC-PR=10.84%  F1=0.0000  MCC=0.0000  Train=0.031s  Test=0.007s  Peak RAM=3.135 MB
2026-03-22 16:47:08 | INFO | [ncluster=274/274] AUC-ROC=50.00%  AUC-PR=10.84%  F1=0.0000  MCC=0.0000  Train=0.031s  Test=0.006s  Peak RAM=3.133 MB
2026-03-22 16:47:08 | INFO | [ncluster=277/277] AUC-ROC=50.00%  AUC-PR=10.84%  F1=0.0000  MCC=0.0000  Train=0.031s  Test=0.007s  Peak RAM=3.134 MB
2026-03-22 16:47:08 | INFO | [ncluster=280/280] AUC-ROC=50.00%  AUC-PR=10.84%  F1=0.0000  MCC=0.0000  Train=0.031s  Test=0.006s  Peak RAM=3.136 MB
2026-03-22 16:47:08 | INFO | [ncluster=283/283] AUC-ROC=50.00%  AUC-PR=10.84%  F1=0.0000  MCC=0.0000  Train=0.031s  Test=0.007s  Peak RAM=3.135 MB
2026-03-22 16:47:08 | INFO | [ncluster=286/286] AUC-ROC=50.00%  AUC-PR=10.84%  F1=0.0000  MCC=0.0000  Train=0.032s  Test=0.007s  Peak RAM=3.134 MB
2026-03-22 16:47:08 | INFO | [ncluster=289/289] AUC-ROC=50.00%  AUC-PR=10.84%  F1=0.0000  MCC=0.0000  Train=0.033s  Test=0.007s  Peak RAM=3.135 MB
2026-03-22 16:47:08 | INFO | [ncluster=292/292] AUC-ROC=50.00%  AUC-PR=10.84%  F1=0.0000  MCC=0.0000  Train=0.031s  Test=0.007s  Peak RAM=3.137 MB
2026-03-22 16:47:08 | INFO | [ncluster=295/295] AUC-ROC=50.00%  AUC-PR=10.84%  F1=0.0000  MCC=0.0000  Train=0.033s  Test=0.008s  Peak RAM=3.137 MB
2026-03-22 16:47:08 | INFO | [ncluster=298/298] AUC-ROC=50.00%  AUC-PR=10.84%  F1=0.0000  MCC=0.0000  Train=0.032s  Test=0.007s  Peak RAM=3.136 MB
2026-03-22 16:47:08 | INFO | [ncluster=301/301] AUC-ROC=50.00%  AUC-PR=10.84%  F1=0.0000  MCC=0.0000  Train=0.033s  Test=0.007s  Peak RAM=3.137 MB
2026-03-22 16:47:08 | INFO | [ncluster=304/304] AUC-ROC=50.00%  AUC-PR=10.84%  F1=0.0000  MCC=0.0000  Train=0.033s  Test=0.007s  Peak RAM=3.136 MB
2026-03-22 16:47:08 | INFO | [ncluster=307/307] AUC-ROC=50.00%  AUC-PR=10.84%  F1=0.0000  MCC=0.0000  Train=0.034s  Test=0.007s  Peak RAM=3.138 MB
2026-03-22 16:47:08 | INFO | [ncluster=310/310] AUC-ROC=50.00%  AUC-PR=10.84%  F1=0.0000  MCC=0.0000  Train=0.034s  Test=0.008s  Peak RAM=3.135 MB
2026-03-22 16:47:08 | INFO | [ncluster=313/313] AUC-ROC=50.00%  AUC-PR=10.84%  F1=0.0000  MCC=0.0000  Train=0.035s  Test=0.007s  Peak RAM=3.137 MB
2026-03-22 16:47:08 | INFO | [ncluster=316/316] AUC-ROC=50.00%  AUC-PR=10.84%  F1=0.0000  MCC=0.0000  Train=0.035s  Test=0.007s  Peak RAM=3.139 MB
2026-03-22 16:47:08 | INFO | [ncluster=319/319] AUC-ROC=50.00%  AUC-PR=10.84%  F1=0.0000  MCC=0.0000  Train=0.034s  Test=0.008s  Peak RAM=3.138 MB
2026-03-22 16:47:08 | INFO | [ncluster=322/322] AUC-ROC=50.00%  AUC-PR=10.84%  F1=0.0000  MCC=0.0000  Train=0.035s  Test=0.007s  Peak RAM=3.137 MB
2026-03-22 16:47:08 | INFO | [ncluster=325/325] AUC-ROC=50.00%  AUC-PR=10.84%  F1=0.0000  MCC=0.0000  Train=0.036s  Test=0.008s  Peak RAM=3.137 MB
2026-03-22 16:47:08 | INFO | [ncluster=328/328] AUC-ROC=50.00%  AUC-PR=10.84%  F1=0.0000  MCC=0.0000  Train=0.034s  Test=0.007s  Peak RAM=3.14 MB
2026-03-22 16:47:08 | INFO | [ncluster=331/331] AUC-ROC=50.00%  AUC-PR=10.84%  F1=0.0000  MCC=0.0000  Train=0.036s  Test=0.007s  Peak RAM=3.14 MB
2026-03-22 16:47:08 | INFO | [ncluster=334/334] AUC-ROC=50.00%  AUC-PR=10.84%  F1=0.0000  MCC=0.0000  Train=0.035s  Test=0.008s  Peak RAM=3.138 MB
2026-03-22 16:47:08 | INFO | [ncluster=337/337] AUC-ROC=50.00%  AUC-PR=10.84%  F1=0.0000  MCC=0.0000  Train=0.036s  Test=0.007s  Peak RAM=3.139 MB
2026-03-22 16:47:08 | INFO | [ncluster=340/340] AUC-ROC=50.00%  AUC-PR=10.84%  F1=0.0000  MCC=0.0000  Train=0.037s  Test=0.008s  Peak RAM=3.139 MB
2026-03-22 16:47:08 | INFO | [ncluster=343/343] AUC-ROC=50.00%  AUC-PR=10.84%  F1=0.0000  MCC=0.0000  Train=0.037s  Test=0.009s  Peak RAM=3.139 MB
2026-03-22 16:47:08 | INFO | [ncluster=346/346] AUC-ROC=50.00%  AUC-PR=10.84%  F1=0.0000  MCC=0.0000  Train=0.037s  Test=0.008s  Peak RAM=3.138 MB
2026-03-22 16:47:08 | INFO | [ncluster=349/349] AUC-ROC=50.00%  AUC-PR=10.84%  F1=0.0000  MCC=0.0000  Train=0.038s  Test=0.008s  Peak RAM=3.139 MB
2026-03-22 16:47:08 | INFO | [ncluster=352/352] AUC-ROC=50.00%  AUC-PR=10.84%  F1=0.0000  MCC=0.0000  Train=0.046s  Test=0.007s  Peak RAM=3.14 MB
2026-03-22 16:47:08 | INFO | [ncluster=355/355] AUC-ROC=50.00%  AUC-PR=10.84%  F1=0.0000  MCC=0.0000  Train=0.037s  Test=0.008s  Peak RAM=3.141 MB
2026-03-22 16:47:08 | INFO | [ncluster=358/358] AUC-ROC=50.00%  AUC-PR=10.84%  F1=0.0000  MCC=0.0000  Train=0.038s  Test=0.008s  Peak RAM=3.139 MB
2026-03-22 16:47:08 | INFO | [ncluster=361/361] AUC-ROC=50.00%  AUC-PR=10.84%  F1=0.0000  MCC=0.0000  Train=0.039s  Test=0.008s  Peak RAM=3.141 MB
2026-03-22 16:47:08 | INFO | [ncluster=364/364] AUC-ROC=50.00%  AUC-PR=10.84%  F1=0.0000  MCC=0.0000  Train=0.038s  Test=0.008s  Peak RAM=3.142 MB
2026-03-22 16:47:08 | INFO | [ncluster=367/367] AUC-ROC=50.00%  AUC-PR=10.84%  F1=0.0000  MCC=0.0000  Train=0.039s  Test=0.009s  Peak RAM=3.141 MB
2026-03-22 16:47:08 | INFO | [ncluster=370/370] AUC-ROC=50.00%  AUC-PR=10.84%  F1=0.0000  MCC=0.0000  Train=0.038s  Test=0.008s  Peak RAM=3.141 MB
2026-03-22 16:47:08 | INFO | [ncluster=373/373] AUC-ROC=50.00%  AUC-PR=10.84%  F1=0.0000  MCC=0.0000  Train=0.039s  Test=0.008s  Peak RAM=3.141 MB
2026-03-22 16:47:08 | INFO | [ncluster=376/376] AUC-ROC=50.00%  AUC-PR=10.84%  F1=0.0000  MCC=0.0000  Train=0.040s  Test=0.007s  Peak RAM=3.143 MB
2026-03-22 16:47:08 | INFO | [ncluster=379/379] AUC-ROC=50.00%  AUC-PR=10.84%  F1=0.0000  MCC=0.0000  Train=0.040s  Test=0.008s  Peak RAM=3.142 MB
2026-03-22 16:47:08 | INFO | [ncluster=382/382] AUC-ROC=50.00%  AUC-PR=10.84%  F1=0.0000  MCC=0.0000  Train=0.041s  Test=0.009s  Peak RAM=3.14 MB
2026-03-22 16:47:08 | INFO | [ncluster=385/385] AUC-ROC=50.00%  AUC-PR=10.84%  F1=0.0000  MCC=0.0000  Train=0.041s  Test=0.008s  Peak RAM=3.145 MB
2026-03-22 16:47:08 | INFO | [ncluster=388/388] AUC-ROC=50.00%  AUC-PR=10.84%  F1=0.0000  MCC=0.0000  Train=0.041s  Test=0.008s  Peak RAM=3.142 MB
2026-03-22 16:47:08 | INFO | [ncluster=391/391] AUC-ROC=50.00%  AUC-PR=10.84%  F1=0.0000  MCC=0.0000  Train=0.040s  Test=0.009s  Peak RAM=3.141 MB
2026-03-22 16:47:08 | INFO | [ncluster=394/394] AUC-ROC=50.00%  AUC-PR=10.84%  F1=0.0000  MCC=0.0000  Train=0.042s  Test=0.008s  Peak RAM=3.141 MB
2026-03-22 16:47:08 | INFO | [ncluster=397/397] AUC-ROC=50.00%  AUC-PR=10.84%  F1=0.0000  MCC=0.0000  Train=0.043s  Test=0.009s  Peak RAM=3.142 MB
2026-03-22 16:47:08 | INFO | [ncluster=400/400] AUC-ROC=50.00%  AUC-PR=10.84%  F1=0.0000  MCC=0.0000  Train=0.041s  Test=0.008s  Peak RAM=3.144 MB
2026-03-22 16:47:08 | INFO | [ncluster=403/403] AUC-ROC=50.00%  AUC-PR=10.84%  F1=0.0000  MCC=0.0000  Train=0.042s  Test=0.008s  Peak RAM=3.145 MB
2026-03-22 16:47:08 | INFO | [ncluster=406/406] AUC-ROC=50.00%  AUC-PR=10.84%  F1=0.0000  MCC=0.0000  Train=0.041s  Test=0.009s  Peak RAM=3.142 MB
2026-03-22 16:47:08 | INFO | [ncluster=409/409] AUC-ROC=50.00%  AUC-PR=10.84%  F1=0.0000  MCC=0.0000  Train=0.043s  Test=0.008s  Peak RAM=3.144 MB
2026-03-22 16:47:08 | INFO | [ncluster=412/412] AUC-ROC=50.00%  AUC-PR=10.84%  F1=0.0000  MCC=0.0000  Train=0.043s  Test=0.009s  Peak RAM=3.144 MB
2026-03-22 16:47:08 | INFO | [ncluster=415/415] AUC-ROC=50.00%  AUC-PR=10.84%  F1=0.0000  MCC=0.0000  Train=0.043s  Test=0.009s  Peak RAM=3.144 MB
2026-03-22 16:47:08 | INFO | [ncluster=418/418] AUC-ROC=50.00%  AUC-PR=10.84%  F1=0.0000  MCC=0.0000  Train=0.044s  Test=0.008s  Peak RAM=3.143 MB
2026-03-22 16:47:08 | INFO | [ncluster=421/421] AUC-ROC=50.00%  AUC-PR=10.84%  F1=0.0000  MCC=0.0000  Train=0.044s  Test=0.009s  Peak RAM=3.144 MB
2026-03-22 16:47:08 | INFO | [ncluster=424/424] AUC-ROC=50.00%  AUC-PR=10.84%  F1=0.0000  MCC=0.0000  Train=0.044s  Test=0.008s  Peak RAM=3.145 MB
2026-03-22 16:47:08 | INFO | [ncluster=427/427] AUC-ROC=50.00%  AUC-PR=10.84%  F1=0.0000  MCC=0.0000  Train=0.043s  Test=0.009s  Peak RAM=3.144 MB
2026-03-22 16:47:08 | INFO | [ncluster=430/430] AUC-ROC=50.00%  AUC-PR=10.84%  F1=0.0000  MCC=0.0000  Train=0.045s  Test=0.009s  Peak RAM=3.144 MB
2026-03-22 16:47:08 | INFO | [ncluster=433/433] AUC-ROC=50.00%  AUC-PR=10.84%  F1=0.0000  MCC=0.0000  Train=0.046s  Test=0.008s  Peak RAM=3.144 MB
2026-03-22 16:47:08 | INFO | [ncluster=436/436] AUC-ROC=50.00%  AUC-PR=10.84%  F1=0.0000  MCC=0.0000  Train=0.044s  Test=0.009s  Peak RAM=3.147 MB
2026-03-22 16:47:08 | INFO | [ncluster=439/439] AUC-ROC=50.00%  AUC-PR=10.84%  F1=0.0000  MCC=0.0000  Train=0.045s  Test=0.009s  Peak RAM=3.145 MB
2026-03-22 16:47:08 | INFO | [ncluster=442/442] AUC-ROC=50.00%  AUC-PR=10.84%  F1=0.0000  MCC=0.0000  Train=0.045s  Test=0.009s  Peak RAM=3.145 MB
2026-03-22 16:47:08 | INFO | [ncluster=445/445] AUC-ROC=50.00%  AUC-PR=10.84%  F1=0.0000  MCC=0.0000  Train=0.046s  Test=0.009s  Peak RAM=3.145 MB
2026-03-22 16:47:08 | INFO | [ncluster=448/448] AUC-ROC=50.00%  AUC-PR=10.84%  F1=0.0000  MCC=0.0000  Train=0.046s  Test=0.008s  Peak RAM=3.146 MB
2026-03-22 16:47:08 | INFO | [ncluster=451/451] AUC-ROC=50.00%  AUC-PR=10.84%  F1=0.0000  MCC=0.0000  Train=0.046s  Test=0.009s  Peak RAM=3.146 MB
2026-03-22 16:47:08 | INFO | [ncluster=454/454] AUC-ROC=50.00%  AUC-PR=10.84%  F1=0.0000  MCC=0.0000  Train=0.047s  Test=0.010s  Peak RAM=3.148 MB
2026-03-22 16:47:08 | INFO | [ncluster=457/457] AUC-ROC=50.00%  AUC-PR=10.84%  F1=0.0000  MCC=0.0000  Train=0.047s  Test=0.009s  Peak RAM=3.147 MB
2026-03-22 16:47:08 | INFO | [ncluster=460/460] AUC-ROC=50.00%  AUC-PR=10.84%  F1=0.0000  MCC=0.0000  Train=0.052s  Test=0.009s  Peak RAM=3.147 MB
2026-03-22 16:47:08 | INFO | [ncluster=463/463] AUC-ROC=50.00%  AUC-PR=10.84%  F1=0.0000  MCC=0.0000  Train=0.046s  Test=0.010s  Peak RAM=3.148 MB
2026-03-22 16:47:08 | INFO | [ncluster=466/466] AUC-ROC=50.00%  AUC-PR=10.84%  F1=0.0000  MCC=0.0000  Train=0.048s  Test=0.009s  Peak RAM=3.146 MB
2026-03-22 16:47:08 | INFO | [ncluster=469/469] AUC-ROC=50.00%  AUC-PR=10.84%  F1=0.0000  MCC=0.0000  Train=0.049s  Test=0.010s  Peak RAM=3.146 MB
2026-03-22 16:47:08 | INFO | [ncluster=472/472] AUC-ROC=50.00%  AUC-PR=10.84%  F1=0.0000  MCC=0.0000  Train=0.047s  Test=0.009s  Peak RAM=3.149 MB
2026-03-22 16:47:08 | INFO | [ncluster=475/475] AUC-ROC=50.00%  AUC-PR=10.84%  F1=0.0000  MCC=0.0000  Train=0.048s  Test=0.009s  Peak RAM=3.148 MB
2026-03-22 16:47:08 | INFO | [ncluster=478/478] AUC-ROC=50.00%  AUC-PR=10.84%  F1=0.0000  MCC=0.0000  Train=0.047s  Test=0.010s  Peak RAM=3.148 MB
2026-03-22 16:47:08 | INFO | [ncluster=481/481] AUC-ROC=50.00%  AUC-PR=10.84%  F1=0.0000  MCC=0.0000  Train=0.031s  Test=0.007s  Peak RAM=3.148 MB
2026-03-22 16:47:08 | INFO | [ncluster=484/484] AUC-ROC=50.00%  AUC-PR=10.84%  F1=0.0000  MCC=0.0000  Train=0.031s  Test=0.007s  Peak RAM=3.149 MB
2026-03-22 16:47:08 | INFO | [ncluster=487/487] AUC-ROC=50.00%  AUC-PR=10.84%  F1=0.0000  MCC=0.0000  Train=0.031s  Test=0.008s  Peak RAM=3.15 MB
2026-03-22 16:47:08 | INFO | [ncluster=490/490] AUC-ROC=50.00%  AUC-PR=10.84%  F1=0.0000  MCC=0.0000  Train=0.031s  Test=0.007s  Peak RAM=3.147 MB
2026-03-22 16:47:08 | INFO | [ncluster=493/493] AUC-ROC=50.00%  AUC-PR=10.84%  F1=0.0000  MCC=0.0000  Train=0.031s  Test=0.007s  Peak RAM=3.148 MB
2026-03-22 16:47:08 | INFO | [ncluster=496/496] AUC-ROC=50.00%  AUC-PR=10.84%  F1=0.0000  MCC=0.0000  Train=0.030s  Test=0.007s  Peak RAM=3.149 MB
2026-03-22 16:47:08 | INFO | [ncluster=499/499] AUC-ROC=50.00%  AUC-PR=10.84%  F1=0.0000  MCC=0.0000  Train=0.029s  Test=0.007s  Peak RAM=3.15 MB
2026-03-22 16:47:08 | INFO | --- noise=3% ---
2026-03-22 16:47:08 | INFO | ============================================================
2026-03-22 16:47:08 | INFO | Dataset  : Train_StandardScaler_data_BoTIoT.csv
2026-03-22 16:47:08 | INFO | Scaler   : StandardScaler
2026-03-22 16:47:08 | INFO | Noise    : 3%
2026-03-22 16:47:08 | INFO | nClusters: 167 values (1..499)
2026-03-22 16:47:08 | INFO | ============================================================
2026-03-22 16:47:08 | INFO | Loaded Raw Shape -> Train: (7257, 27), Test: (16815, 27)
2026-03-22 16:47:08 | INFO | Dropped metadata features: ['pkSeqID', 'stime', 'ltime', 'seq', 'saddr', 'daddr', 'sport', 'dport', 'state', 'flgs', 'proto']
2026-03-22 16:47:08 | INFO | Dropped metadata features: ['pkSeqID', 'stime', 'ltime', 'seq', 'saddr', 'daddr', 'sport', 'dport', 'state', 'flgs', 'proto']
2026-03-22 16:47:08 | INFO | Training size : 7,474  |  Testing size: 16,598  |  Features: 15
2026-03-22 16:47:08 | INFO | Firing up Parallel execution for 167 cluster configs...
2026-03-22 16:48:12 | INFO | [ncluster=1/1] AUC-ROC=50.00%  AUC-PR=10.94%  F1=0.0000  MCC=0.0000  Train=0.008s  Test=0.003s  Peak RAM=3.176 MB
2026-03-22 16:48:12 | INFO | [ncluster=4/4] AUC-ROC=50.00%  AUC-PR=10.94%  F1=0.0000  MCC=0.0000  Train=0.009s  Test=0.003s  Peak RAM=3.178 MB
2026-03-22 16:48:12 | INFO | [ncluster=7/7] AUC-ROC=50.00%  AUC-PR=10.94%  F1=0.0000  MCC=0.0000  Train=0.007s  Test=0.004s  Peak RAM=3.18 MB
2026-03-22 16:48:12 | INFO | [ncluster=10/10] AUC-ROC=50.00%  AUC-PR=10.94%  F1=0.0000  MCC=0.0000  Train=0.007s  Test=0.003s  Peak RAM=3.179 MB
2026-03-22 16:48:12 | INFO | [ncluster=13/13] AUC-ROC=50.00%  AUC-PR=10.94%  F1=0.0000  MCC=0.0000  Train=0.009s  Test=0.004s  Peak RAM=3.18 MB
2026-03-22 16:48:12 | INFO | [ncluster=16/16] AUC-ROC=50.00%  AUC-PR=10.94%  F1=0.0000  MCC=0.0000  Train=0.009s  Test=0.003s  Peak RAM=3.18 MB
2026-03-22 16:48:12 | INFO | [ncluster=19/19] AUC-ROC=50.00%  AUC-PR=10.94%  F1=0.0000  MCC=0.0000  Train=0.009s  Test=0.003s  Peak RAM=3.179 MB
2026-03-22 16:48:12 | INFO | [ncluster=22/22] AUC-ROC=50.00%  AUC-PR=10.94%  F1=0.0000  MCC=0.0000  Train=0.010s  Test=0.004s  Peak RAM=3.178 MB
2026-03-22 16:48:12 | INFO | [ncluster=25/25] AUC-ROC=50.00%  AUC-PR=10.94%  F1=0.0000  MCC=0.0000  Train=0.010s  Test=0.003s  Peak RAM=3.18 MB
2026-03-22 16:48:12 | INFO | [ncluster=28/28] AUC-ROC=50.00%  AUC-PR=10.94%  F1=0.0000  MCC=0.0000  Train=0.010s  Test=0.004s  Peak RAM=3.18 MB
2026-03-22 16:48:12 | INFO | [ncluster=31/31] AUC-ROC=50.00%  AUC-PR=10.94%  F1=0.0000  MCC=0.0000  Train=0.011s  Test=0.004s  Peak RAM=3.181 MB
2026-03-22 16:48:12 | INFO | [ncluster=34/34] AUC-ROC=50.00%  AUC-PR=10.94%  F1=0.0000  MCC=0.0000  Train=0.009s  Test=0.003s  Peak RAM=3.181 MB
2026-03-22 16:48:12 | INFO | [ncluster=37/37] AUC-ROC=50.00%  AUC-PR=10.94%  F1=0.0000  MCC=0.0000  Train=0.011s  Test=0.004s  Peak RAM=3.18 MB
2026-03-22 16:48:12 | INFO | [ncluster=40/40] AUC-ROC=50.00%  AUC-PR=10.94%  F1=0.0000  MCC=0.0000  Train=0.012s  Test=0.003s  Peak RAM=3.18 MB
2026-03-22 16:48:12 | INFO | [ncluster=43/43] AUC-ROC=50.00%  AUC-PR=10.94%  F1=0.0000  MCC=0.0000  Train=0.010s  Test=0.004s  Peak RAM=3.182 MB
2026-03-22 16:48:12 | INFO | [ncluster=46/46] AUC-ROC=50.00%  AUC-PR=10.94%  F1=0.0000  MCC=0.0000  Train=0.011s  Test=0.004s  Peak RAM=3.181 MB
2026-03-22 16:48:12 | INFO | [ncluster=49/49] AUC-ROC=50.00%  AUC-PR=10.94%  F1=0.0000  MCC=0.0000  Train=0.012s  Test=0.003s  Peak RAM=3.182 MB
2026-03-22 16:48:12 | INFO | [ncluster=52/52] AUC-ROC=50.00%  AUC-PR=10.94%  F1=0.0000  MCC=0.0000  Train=0.012s  Test=0.004s  Peak RAM=3.183 MB
2026-03-22 16:48:12 | INFO | [ncluster=55/55] AUC-ROC=50.00%  AUC-PR=10.94%  F1=0.0000  MCC=0.0000  Train=0.012s  Test=0.005s  Peak RAM=3.183 MB
2026-03-22 16:48:12 | INFO | [ncluster=58/58] AUC-ROC=50.00%  AUC-PR=10.94%  F1=0.0000  MCC=0.0000  Train=0.013s  Test=0.004s  Peak RAM=3.182 MB
2026-03-22 16:48:12 | INFO | [ncluster=61/61] AUC-ROC=50.00%  AUC-PR=10.94%  F1=0.0000  MCC=0.0000  Train=0.012s  Test=0.004s  Peak RAM=3.182 MB
2026-03-22 16:48:12 | INFO | [ncluster=64/64] AUC-ROC=50.00%  AUC-PR=10.94%  F1=0.0000  MCC=0.0000  Train=0.013s  Test=0.003s  Peak RAM=3.183 MB
2026-03-22 16:48:12 | INFO | [ncluster=67/67] AUC-ROC=50.00%  AUC-PR=10.94%  F1=0.0000  MCC=0.0000  Train=0.014s  Test=0.008s  Peak RAM=3.183 MB
2026-03-22 16:48:12 | INFO | [ncluster=70/70] AUC-ROC=50.00%  AUC-PR=10.94%  F1=0.0000  MCC=0.0000  Train=0.013s  Test=0.005s  Peak RAM=3.183 MB
2026-03-22 16:48:12 | INFO | [ncluster=73/73] AUC-ROC=50.00%  AUC-PR=10.94%  F1=0.0000  MCC=0.0000  Train=0.015s  Test=0.004s  Peak RAM=3.183 MB
2026-03-22 16:48:12 | INFO | [ncluster=76/76] AUC-ROC=50.00%  AUC-PR=10.94%  F1=0.0000  MCC=0.0000  Train=0.012s  Test=0.004s  Peak RAM=3.181 MB
2026-03-22 16:48:12 | INFO | [ncluster=79/79] AUC-ROC=50.00%  AUC-PR=10.94%  F1=0.0000  MCC=0.0000  Train=0.015s  Test=0.005s  Peak RAM=3.183 MB
2026-03-22 16:48:12 | INFO | [ncluster=82/82] AUC-ROC=50.00%  AUC-PR=10.94%  F1=0.0000  MCC=0.0000  Train=0.014s  Test=0.004s  Peak RAM=3.181 MB
2026-03-22 16:48:12 | INFO | [ncluster=85/85] AUC-ROC=50.00%  AUC-PR=10.94%  F1=0.0000  MCC=0.0000  Train=0.014s  Test=0.005s  Peak RAM=3.188 MB
2026-03-22 16:48:12 | INFO | [ncluster=88/88] AUC-ROC=50.00%  AUC-PR=10.94%  F1=0.0000  MCC=0.0000  Train=0.014s  Test=0.004s  Peak RAM=3.183 MB
2026-03-22 16:48:12 | INFO | [ncluster=91/91] AUC-ROC=50.00%  AUC-PR=10.94%  F1=0.0000  MCC=0.0000  Train=0.015s  Test=0.004s  Peak RAM=3.184 MB
2026-03-22 16:48:12 | INFO | [ncluster=94/94] AUC-ROC=50.00%  AUC-PR=10.94%  F1=0.0000  MCC=0.0000  Train=0.014s  Test=0.005s  Peak RAM=3.182 MB
2026-03-22 16:48:12 | INFO | [ncluster=97/97] AUC-ROC=50.00%  AUC-PR=10.94%  F1=0.0000  MCC=0.0000  Train=0.016s  Test=0.004s  Peak RAM=3.186 MB
2026-03-22 16:48:12 | INFO | [ncluster=100/100] AUC-ROC=50.00%  AUC-PR=10.94%  F1=0.0000  MCC=0.0000  Train=0.015s  Test=0.005s  Peak RAM=3.183 MB
2026-03-22 16:48:12 | INFO | [ncluster=103/103] AUC-ROC=50.00%  AUC-PR=10.94%  F1=0.0000  MCC=0.0000  Train=0.016s  Test=0.005s  Peak RAM=3.186 MB
2026-03-22 16:48:12 | INFO | [ncluster=106/106] AUC-ROC=50.00%  AUC-PR=10.94%  F1=0.0000  MCC=0.0000  Train=0.016s  Test=0.004s  Peak RAM=3.184 MB
2026-03-22 16:48:12 | INFO | [ncluster=109/109] AUC-ROC=50.00%  AUC-PR=10.94%  F1=0.0000  MCC=0.0000  Train=0.017s  Test=0.005s  Peak RAM=3.188 MB
2026-03-22 16:48:12 | INFO | [ncluster=112/112] AUC-ROC=50.00%  AUC-PR=10.94%  F1=0.0000  MCC=0.0000  Train=0.015s  Test=0.004s  Peak RAM=3.188 MB
2026-03-22 16:48:12 | INFO | [ncluster=115/115] AUC-ROC=50.00%  AUC-PR=10.94%  F1=0.0000  MCC=0.0000  Train=0.018s  Test=0.005s  Peak RAM=3.185 MB
2026-03-22 16:48:12 | INFO | [ncluster=118/118] AUC-ROC=50.00%  AUC-PR=10.94%  F1=0.0000  MCC=0.0000  Train=0.017s  Test=0.005s  Peak RAM=3.183 MB
2026-03-22 16:48:12 | INFO | [ncluster=121/121] AUC-ROC=50.00%  AUC-PR=10.94%  F1=0.0000  MCC=0.0000  Train=0.017s  Test=0.008s  Peak RAM=3.188 MB
2026-03-22 16:48:12 | INFO | [ncluster=124/124] AUC-ROC=50.00%  AUC-PR=10.94%  F1=0.0000  MCC=0.0000  Train=0.017s  Test=0.005s  Peak RAM=3.186 MB
2026-03-22 16:48:12 | INFO | [ncluster=127/127] AUC-ROC=50.00%  AUC-PR=10.94%  F1=0.0000  MCC=0.0000  Train=0.019s  Test=0.006s  Peak RAM=3.187 MB
2026-03-22 16:48:12 | INFO | [ncluster=130/130] AUC-ROC=50.00%  AUC-PR=10.94%  F1=0.0000  MCC=0.0000  Train=0.017s  Test=0.005s  Peak RAM=3.185 MB
2026-03-22 16:48:12 | INFO | [ncluster=133/133] AUC-ROC=50.00%  AUC-PR=10.94%  F1=0.0000  MCC=0.0000  Train=0.019s  Test=0.005s  Peak RAM=3.187 MB
2026-03-22 16:48:12 | INFO | [ncluster=136/136] AUC-ROC=50.00%  AUC-PR=10.94%  F1=0.0000  MCC=0.0000  Train=0.018s  Test=0.004s  Peak RAM=3.185 MB
2026-03-22 16:48:12 | INFO | [ncluster=139/139] AUC-ROC=50.00%  AUC-PR=10.94%  F1=0.0000  MCC=0.0000  Train=0.019s  Test=0.005s  Peak RAM=3.188 MB
2026-03-22 16:48:12 | INFO | [ncluster=142/142] AUC-ROC=50.00%  AUC-PR=10.94%  F1=0.0000  MCC=0.0000  Train=0.019s  Test=0.005s  Peak RAM=3.185 MB
2026-03-22 16:48:12 | INFO | [ncluster=145/145] AUC-ROC=50.00%  AUC-PR=10.94%  F1=0.0000  MCC=0.0000  Train=0.021s  Test=0.005s  Peak RAM=3.188 MB
2026-03-22 16:48:12 | INFO | [ncluster=148/148] AUC-ROC=50.00%  AUC-PR=10.94%  F1=0.0000  MCC=0.0000  Train=0.019s  Test=0.005s  Peak RAM=3.185 MB
2026-03-22 16:48:12 | INFO | [ncluster=151/151] AUC-ROC=50.00%  AUC-PR=10.94%  F1=0.0000  MCC=0.0000  Train=0.021s  Test=0.006s  Peak RAM=3.188 MB
2026-03-22 16:48:12 | INFO | [ncluster=154/154] AUC-ROC=50.00%  AUC-PR=10.94%  F1=0.0000  MCC=0.0000  Train=0.020s  Test=0.005s  Peak RAM=3.186 MB
2026-03-22 16:48:12 | INFO | [ncluster=157/157] AUC-ROC=50.00%  AUC-PR=10.94%  F1=0.0000  MCC=0.0000  Train=0.019s  Test=0.006s  Peak RAM=3.19 MB
2026-03-22 16:48:12 | INFO | [ncluster=160/160] AUC-ROC=50.00%  AUC-PR=10.94%  F1=0.0000  MCC=0.0000  Train=0.020s  Test=0.005s  Peak RAM=3.189 MB
2026-03-22 16:48:12 | INFO | [ncluster=163/163] AUC-ROC=50.00%  AUC-PR=10.94%  F1=0.0000  MCC=0.0000  Train=0.021s  Test=0.005s  Peak RAM=3.192 MB
2026-03-22 16:48:12 | INFO | [ncluster=166/166] AUC-ROC=50.00%  AUC-PR=10.94%  F1=0.0000  MCC=0.0000  Train=0.021s  Test=0.006s  Peak RAM=3.186 MB
2026-03-22 16:48:12 | INFO | [ncluster=169/169] AUC-ROC=50.00%  AUC-PR=10.94%  F1=0.0000  MCC=0.0000  Train=0.021s  Test=0.005s  Peak RAM=3.191 MB
2026-03-22 16:48:12 | INFO | [ncluster=172/172] AUC-ROC=50.00%  AUC-PR=10.94%  F1=0.0000  MCC=0.0000  Train=0.021s  Test=0.006s  Peak RAM=3.189 MB
2026-03-22 16:48:12 | INFO | [ncluster=175/175] AUC-ROC=50.00%  AUC-PR=10.94%  F1=0.0000  MCC=0.0000  Train=0.022s  Test=0.006s  Peak RAM=3.19 MB
2026-03-22 16:48:12 | INFO | [ncluster=178/178] AUC-ROC=50.00%  AUC-PR=10.94%  F1=0.0000  MCC=0.0000  Train=0.020s  Test=0.005s  Peak RAM=3.188 MB
2026-03-22 16:48:12 | INFO | [ncluster=181/181] AUC-ROC=50.00%  AUC-PR=10.94%  F1=0.0000  MCC=0.0000  Train=0.023s  Test=0.006s  Peak RAM=3.191 MB
2026-03-22 16:48:12 | INFO | [ncluster=184/184] AUC-ROC=50.00%  AUC-PR=10.94%  F1=0.0000  MCC=0.0000  Train=0.022s  Test=0.005s  Peak RAM=3.188 MB
2026-03-22 16:48:12 | INFO | [ncluster=187/187] AUC-ROC=50.00%  AUC-PR=10.94%  F1=0.0000  MCC=0.0000  Train=0.024s  Test=0.006s  Peak RAM=3.19 MB
2026-03-22 16:48:12 | INFO | [ncluster=190/190] AUC-ROC=50.00%  AUC-PR=10.94%  F1=0.0000  MCC=0.0000  Train=0.021s  Test=0.006s  Peak RAM=3.187 MB
2026-03-22 16:48:12 | INFO | [ncluster=193/193] AUC-ROC=50.00%  AUC-PR=10.94%  F1=0.0000  MCC=0.0000  Train=0.024s  Test=0.005s  Peak RAM=3.191 MB
2026-03-22 16:48:12 | INFO | [ncluster=196/196] AUC-ROC=50.00%  AUC-PR=10.94%  F1=0.0000  MCC=0.0000  Train=0.024s  Test=0.006s  Peak RAM=3.189 MB
2026-03-22 16:48:12 | INFO | [ncluster=199/199] AUC-ROC=50.00%  AUC-PR=10.94%  F1=0.0000  MCC=0.0000  Train=0.025s  Test=0.006s  Peak RAM=3.192 MB
2026-03-22 16:48:12 | INFO | [ncluster=202/202] AUC-ROC=50.00%  AUC-PR=10.94%  F1=0.0000  MCC=0.0000  Train=0.024s  Test=0.006s  Peak RAM=3.189 MB
2026-03-22 16:48:12 | INFO | [ncluster=205/205] AUC-ROC=50.00%  AUC-PR=10.94%  F1=0.0000  MCC=0.0000  Train=0.026s  Test=0.006s  Peak RAM=3.192 MB
2026-03-22 16:48:12 | INFO | [ncluster=208/208] AUC-ROC=50.00%  AUC-PR=10.94%  F1=0.0000  MCC=0.0000  Train=0.024s  Test=0.005s  Peak RAM=3.19 MB
2026-03-22 16:48:12 | INFO | [ncluster=211/211] AUC-ROC=50.00%  AUC-PR=10.94%  F1=0.0000  MCC=0.0000  Train=0.025s  Test=0.006s  Peak RAM=3.192 MB
2026-03-22 16:48:12 | INFO | [ncluster=214/214] AUC-ROC=50.00%  AUC-PR=10.94%  F1=0.0000  MCC=0.0000  Train=0.025s  Test=0.007s  Peak RAM=3.19 MB
2026-03-22 16:48:12 | INFO | [ncluster=217/217] AUC-ROC=50.00%  AUC-PR=10.94%  F1=0.0000  MCC=0.0000  Train=0.027s  Test=0.006s  Peak RAM=3.191 MB
2026-03-22 16:48:12 | INFO | [ncluster=220/220] AUC-ROC=50.00%  AUC-PR=10.94%  F1=0.0000  MCC=0.0000  Train=0.027s  Test=0.006s  Peak RAM=3.192 MB
2026-03-22 16:48:12 | INFO | [ncluster=223/223] AUC-ROC=50.00%  AUC-PR=10.94%  F1=0.0000  MCC=0.0000  Train=0.026s  Test=0.007s  Peak RAM=3.193 MB
2026-03-22 16:48:12 | INFO | [ncluster=226/226] AUC-ROC=50.00%  AUC-PR=10.94%  F1=0.0000  MCC=0.0000  Train=0.026s  Test=0.006s  Peak RAM=3.192 MB
2026-03-22 16:48:12 | INFO | [ncluster=229/229] AUC-ROC=50.00%  AUC-PR=10.94%  F1=0.0000  MCC=0.0000  Train=0.027s  Test=0.007s  Peak RAM=3.194 MB
2026-03-22 16:48:12 | INFO | [ncluster=232/232] AUC-ROC=50.00%  AUC-PR=10.94%  F1=0.0000  MCC=0.0000  Train=0.028s  Test=0.006s  Peak RAM=3.194 MB
2026-03-22 16:48:12 | INFO | [ncluster=235/235] AUC-ROC=50.00%  AUC-PR=10.94%  F1=0.0000  MCC=0.0000  Train=0.028s  Test=0.006s  Peak RAM=3.194 MB
2026-03-22 16:48:12 | INFO | [ncluster=238/238] AUC-ROC=50.00%  AUC-PR=10.94%  F1=0.0000  MCC=0.0000  Train=0.029s  Test=0.007s  Peak RAM=3.193 MB
2026-03-22 16:48:12 | INFO | [ncluster=241/241] AUC-ROC=50.00%  AUC-PR=10.94%  F1=0.0000  MCC=0.0000  Train=0.029s  Test=0.006s  Peak RAM=3.194 MB
2026-03-22 16:48:12 | INFO | [ncluster=244/244] AUC-ROC=50.00%  AUC-PR=10.94%  F1=0.0000  MCC=0.0000  Train=0.029s  Test=0.007s  Peak RAM=3.194 MB
2026-03-22 16:48:12 | INFO | [ncluster=247/247] AUC-ROC=50.00%  AUC-PR=10.94%  F1=0.0000  MCC=0.0000  Train=0.030s  Test=0.007s  Peak RAM=3.195 MB
2026-03-22 16:48:12 | INFO | [ncluster=250/250] AUC-ROC=50.00%  AUC-PR=10.94%  F1=0.0000  MCC=0.0000  Train=0.029s  Test=0.006s  Peak RAM=3.195 MB
2026-03-22 16:48:12 | INFO | [ncluster=253/253] AUC-ROC=50.00%  AUC-PR=10.94%  F1=0.0000  MCC=0.0000  Train=0.029s  Test=0.007s  Peak RAM=3.195 MB
2026-03-22 16:48:12 | INFO | [ncluster=256/256] AUC-ROC=50.00%  AUC-PR=10.94%  F1=0.0000  MCC=0.0000  Train=0.029s  Test=0.006s  Peak RAM=3.195 MB
2026-03-22 16:48:12 | INFO | [ncluster=259/259] AUC-ROC=50.00%  AUC-PR=10.94%  F1=0.0000  MCC=0.0000  Train=0.029s  Test=0.007s  Peak RAM=3.194 MB
2026-03-22 16:48:12 | INFO | [ncluster=262/262] AUC-ROC=50.00%  AUC-PR=10.94%  F1=0.0000  MCC=0.0000  Train=0.029s  Test=0.007s  Peak RAM=3.196 MB
2026-03-22 16:48:12 | INFO | [ncluster=265/265] AUC-ROC=50.00%  AUC-PR=10.94%  F1=0.0000  MCC=0.0000  Train=0.030s  Test=0.006s  Peak RAM=3.197 MB
2026-03-22 16:48:12 | INFO | [ncluster=268/268] AUC-ROC=50.00%  AUC-PR=10.94%  F1=0.0000  MCC=0.0000  Train=0.031s  Test=0.007s  Peak RAM=3.196 MB
2026-03-22 16:48:12 | INFO | [ncluster=271/271] AUC-ROC=50.00%  AUC-PR=10.94%  F1=0.0000  MCC=0.0000  Train=0.030s  Test=0.008s  Peak RAM=3.197 MB
2026-03-22 16:48:12 | INFO | [ncluster=274/274] AUC-ROC=50.00%  AUC-PR=10.94%  F1=0.0000  MCC=0.0000  Train=0.032s  Test=0.007s  Peak RAM=3.195 MB
2026-03-22 16:48:12 | INFO | [ncluster=277/277] AUC-ROC=50.00%  AUC-PR=10.94%  F1=0.0000  MCC=0.0000  Train=0.031s  Test=0.007s  Peak RAM=3.195 MB
2026-03-22 16:48:12 | INFO | [ncluster=280/280] AUC-ROC=50.00%  AUC-PR=10.94%  F1=0.0000  MCC=0.0000  Train=0.032s  Test=0.006s  Peak RAM=3.197 MB
2026-03-22 16:48:12 | INFO | [ncluster=283/283] AUC-ROC=50.00%  AUC-PR=10.94%  F1=0.0000  MCC=0.0000  Train=0.032s  Test=0.007s  Peak RAM=3.197 MB
2026-03-22 16:48:12 | INFO | [ncluster=286/286] AUC-ROC=50.00%  AUC-PR=10.94%  F1=0.0000  MCC=0.0000  Train=0.032s  Test=0.007s  Peak RAM=3.197 MB
2026-03-22 16:48:12 | INFO | [ncluster=289/289] AUC-ROC=50.00%  AUC-PR=10.94%  F1=0.0000  MCC=0.0000  Train=0.031s  Test=0.007s  Peak RAM=3.199 MB
2026-03-22 16:48:12 | INFO | [ncluster=292/292] AUC-ROC=50.00%  AUC-PR=10.94%  F1=0.0000  MCC=0.0000  Train=0.033s  Test=0.007s  Peak RAM=3.198 MB
2026-03-22 16:48:12 | INFO | [ncluster=295/295] AUC-ROC=50.00%  AUC-PR=10.94%  F1=0.0000  MCC=0.0000  Train=0.032s  Test=0.008s  Peak RAM=3.196 MB
2026-03-22 16:48:12 | INFO | [ncluster=298/298] AUC-ROC=50.00%  AUC-PR=10.94%  F1=0.0000  MCC=0.0000  Train=0.032s  Test=0.007s  Peak RAM=3.198 MB
2026-03-22 16:48:12 | INFO | [ncluster=301/301] AUC-ROC=50.00%  AUC-PR=10.94%  F1=0.0000  MCC=0.0000  Train=0.032s  Test=0.007s  Peak RAM=3.199 MB
2026-03-22 16:48:12 | INFO | [ncluster=304/304] AUC-ROC=50.00%  AUC-PR=10.94%  F1=0.0000  MCC=0.0000  Train=0.034s  Test=0.006s  Peak RAM=3.198 MB
2026-03-22 16:48:12 | INFO | [ncluster=307/307] AUC-ROC=50.00%  AUC-PR=10.94%  F1=0.0000  MCC=0.0000  Train=0.034s  Test=0.007s  Peak RAM=3.199 MB
2026-03-22 16:48:12 | INFO | [ncluster=310/310] AUC-ROC=50.00%  AUC-PR=10.94%  F1=0.0000  MCC=0.0000  Train=0.035s  Test=0.008s  Peak RAM=3.198 MB
2026-03-22 16:48:12 | INFO | [ncluster=313/313] AUC-ROC=50.00%  AUC-PR=10.94%  F1=0.0000  MCC=0.0000  Train=0.034s  Test=0.007s  Peak RAM=3.2 MB
2026-03-22 16:48:12 | INFO | [ncluster=316/316] AUC-ROC=50.00%  AUC-PR=10.94%  F1=0.0000  MCC=0.0000  Train=0.035s  Test=0.008s  Peak RAM=3.199 MB
2026-03-22 16:48:12 | INFO | [ncluster=319/319] AUC-ROC=50.00%  AUC-PR=10.94%  F1=0.0000  MCC=0.0000  Train=0.035s  Test=0.008s  Peak RAM=3.2 MB
2026-03-22 16:48:12 | INFO | [ncluster=322/322] AUC-ROC=50.00%  AUC-PR=10.94%  F1=0.0000  MCC=0.0000  Train=0.035s  Test=0.007s  Peak RAM=3.199 MB
2026-03-22 16:48:12 | INFO | [ncluster=325/325] AUC-ROC=50.00%  AUC-PR=10.94%  F1=0.0000  MCC=0.0000  Train=0.034s  Test=0.008s  Peak RAM=3.199 MB
2026-03-22 16:48:12 | INFO | [ncluster=328/328] AUC-ROC=50.00%  AUC-PR=10.94%  F1=0.0000  MCC=0.0000  Train=0.036s  Test=0.007s  Peak RAM=3.2 MB
2026-03-22 16:48:12 | INFO | [ncluster=331/331] AUC-ROC=50.00%  AUC-PR=10.94%  F1=0.0000  MCC=0.0000  Train=0.035s  Test=0.007s  Peak RAM=3.199 MB
2026-03-22 16:48:12 | INFO | [ncluster=334/334] AUC-ROC=50.00%  AUC-PR=10.94%  F1=0.0000  MCC=0.0000  Train=0.035s  Test=0.008s  Peak RAM=3.2 MB
2026-03-22 16:48:12 | INFO | [ncluster=337/337] AUC-ROC=50.00%  AUC-PR=10.94%  F1=0.0000  MCC=0.0000  Train=0.035s  Test=0.007s  Peak RAM=3.2 MB
2026-03-22 16:48:12 | INFO | [ncluster=340/340] AUC-ROC=50.00%  AUC-PR=10.94%  F1=0.0000  MCC=0.0000  Train=0.037s  Test=0.008s  Peak RAM=3.201 MB
2026-03-22 16:48:12 | INFO | [ncluster=343/343] AUC-ROC=50.00%  AUC-PR=10.94%  F1=0.0000  MCC=0.0000  Train=0.037s  Test=0.009s  Peak RAM=3.201 MB
2026-03-22 16:48:12 | INFO | [ncluster=346/346] AUC-ROC=50.00%  AUC-PR=10.94%  F1=0.0000  MCC=0.0000  Train=0.038s  Test=0.008s  Peak RAM=3.199 MB
2026-03-22 16:48:12 | INFO | [ncluster=349/349] AUC-ROC=50.00%  AUC-PR=10.94%  F1=0.0000  MCC=0.0000  Train=0.035s  Test=0.008s  Peak RAM=3.202 MB
2026-03-22 16:48:12 | INFO | [ncluster=352/352] AUC-ROC=50.00%  AUC-PR=10.94%  F1=0.0000  MCC=0.0000  Train=0.038s  Test=0.007s  Peak RAM=3.202 MB
2026-03-22 16:48:12 | INFO | [ncluster=355/355] AUC-ROC=50.00%  AUC-PR=10.94%  F1=0.0000  MCC=0.0000  Train=0.039s  Test=0.008s  Peak RAM=3.2 MB
2026-03-22 16:48:12 | INFO | [ncluster=358/358] AUC-ROC=50.00%  AUC-PR=10.94%  F1=0.0000  MCC=0.0000  Train=0.039s  Test=0.008s  Peak RAM=3.201 MB
2026-03-22 16:48:12 | INFO | [ncluster=361/361] AUC-ROC=50.00%  AUC-PR=10.94%  F1=0.0000  MCC=0.0000  Train=0.038s  Test=0.007s  Peak RAM=3.202 MB
2026-03-22 16:48:12 | INFO | [ncluster=364/364] AUC-ROC=50.00%  AUC-PR=10.94%  F1=0.0000  MCC=0.0000  Train=0.039s  Test=0.008s  Peak RAM=3.202 MB
2026-03-22 16:48:12 | INFO | [ncluster=367/367] AUC-ROC=50.00%  AUC-PR=10.94%  F1=0.0000  MCC=0.0000  Train=0.038s  Test=0.009s  Peak RAM=3.202 MB
2026-03-22 16:48:12 | INFO | [ncluster=370/370] AUC-ROC=50.00%  AUC-PR=10.94%  F1=0.0000  MCC=0.0000  Train=0.039s  Test=0.008s  Peak RAM=3.202 MB
2026-03-22 16:48:12 | INFO | [ncluster=373/373] AUC-ROC=50.00%  AUC-PR=10.94%  F1=0.0000  MCC=0.0000  Train=0.040s  Test=0.008s  Peak RAM=3.203 MB
2026-03-22 16:48:12 | INFO | [ncluster=376/376] AUC-ROC=50.00%  AUC-PR=10.94%  F1=0.0000  MCC=0.0000  Train=0.040s  Test=0.007s  Peak RAM=3.203 MB
2026-03-22 16:48:12 | INFO | [ncluster=379/379] AUC-ROC=50.00%  AUC-PR=10.94%  F1=0.0000  MCC=0.0000  Train=0.037s  Test=0.008s  Peak RAM=3.203 MB
2026-03-22 16:48:12 | INFO | [ncluster=382/382] AUC-ROC=50.00%  AUC-PR=10.94%  F1=0.0000  MCC=0.0000  Train=0.041s  Test=0.009s  Peak RAM=3.203 MB
2026-03-22 16:48:12 | INFO | [ncluster=385/385] AUC-ROC=50.00%  AUC-PR=10.94%  F1=0.0000  MCC=0.0000  Train=0.038s  Test=0.008s  Peak RAM=3.202 MB
2026-03-22 16:48:12 | INFO | [ncluster=388/388] AUC-ROC=50.00%  AUC-PR=10.94%  F1=0.0000  MCC=0.0000  Train=0.041s  Test=0.008s  Peak RAM=3.205 MB
2026-03-22 16:48:12 | INFO | [ncluster=391/391] AUC-ROC=50.00%  AUC-PR=10.94%  F1=0.0000  MCC=0.0000  Train=0.042s  Test=0.009s  Peak RAM=3.202 MB
2026-03-22 16:48:12 | INFO | [ncluster=394/394] AUC-ROC=50.00%  AUC-PR=10.94%  F1=0.0000  MCC=0.0000  Train=0.042s  Test=0.008s  Peak RAM=3.203 MB
2026-03-22 16:48:12 | INFO | [ncluster=397/397] AUC-ROC=50.00%  AUC-PR=10.94%  F1=0.0000  MCC=0.0000  Train=0.041s  Test=0.009s  Peak RAM=3.207 MB
2026-03-22 16:48:12 | INFO | [ncluster=400/400] AUC-ROC=50.00%  AUC-PR=10.94%  F1=0.0000  MCC=0.0000  Train=0.043s  Test=0.008s  Peak RAM=3.205 MB
2026-03-22 16:48:12 | INFO | [ncluster=403/403] AUC-ROC=50.00%  AUC-PR=10.94%  F1=0.0000  MCC=0.0000  Train=0.041s  Test=0.008s  Peak RAM=3.204 MB
2026-03-22 16:48:12 | INFO | [ncluster=406/406] AUC-ROC=50.00%  AUC-PR=10.94%  F1=0.0000  MCC=0.0000  Train=0.042s  Test=0.009s  Peak RAM=3.205 MB
2026-03-22 16:48:12 | INFO | [ncluster=409/409] AUC-ROC=50.00%  AUC-PR=10.94%  F1=0.0000  MCC=0.0000  Train=0.043s  Test=0.008s  Peak RAM=3.205 MB
2026-03-22 16:48:12 | INFO | [ncluster=412/412] AUC-ROC=50.00%  AUC-PR=10.94%  F1=0.0000  MCC=0.0000  Train=0.043s  Test=0.009s  Peak RAM=3.206 MB
2026-03-22 16:48:12 | INFO | [ncluster=415/415] AUC-ROC=50.00%  AUC-PR=10.94%  F1=0.0000  MCC=0.0000  Train=0.044s  Test=0.009s  Peak RAM=3.205 MB
2026-03-22 16:48:12 | INFO | [ncluster=418/418] AUC-ROC=50.00%  AUC-PR=10.94%  F1=0.0000  MCC=0.0000  Train=0.040s  Test=0.008s  Peak RAM=3.205 MB
2026-03-22 16:48:12 | INFO | [ncluster=421/421] AUC-ROC=50.00%  AUC-PR=10.94%  F1=0.0000  MCC=0.0000  Train=0.044s  Test=0.009s  Peak RAM=3.205 MB
2026-03-22 16:48:12 | INFO | [ncluster=424/424] AUC-ROC=50.00%  AUC-PR=10.94%  F1=0.0000  MCC=0.0000  Train=0.045s  Test=0.008s  Peak RAM=3.205 MB
2026-03-22 16:48:12 | INFO | [ncluster=427/427] AUC-ROC=50.00%  AUC-PR=10.94%  F1=0.0000  MCC=0.0000  Train=0.045s  Test=0.009s  Peak RAM=3.206 MB
2026-03-22 16:48:12 | INFO | [ncluster=430/430] AUC-ROC=50.00%  AUC-PR=10.94%  F1=0.0000  MCC=0.0000  Train=0.045s  Test=0.009s  Peak RAM=3.207 MB
2026-03-22 16:48:12 | INFO | [ncluster=433/433] AUC-ROC=50.00%  AUC-PR=10.94%  F1=0.0000  MCC=0.0000  Train=0.043s  Test=0.008s  Peak RAM=3.207 MB
2026-03-22 16:48:12 | INFO | [ncluster=436/436] AUC-ROC=50.00%  AUC-PR=10.94%  F1=0.0000  MCC=0.0000  Train=0.046s  Test=0.009s  Peak RAM=3.206 MB
2026-03-22 16:48:12 | INFO | [ncluster=439/439] AUC-ROC=50.00%  AUC-PR=10.94%  F1=0.0000  MCC=0.0000  Train=0.045s  Test=0.010s  Peak RAM=3.208 MB
2026-03-22 16:48:12 | INFO | [ncluster=442/442] AUC-ROC=50.00%  AUC-PR=10.94%  F1=0.0000  MCC=0.0000  Train=0.045s  Test=0.009s  Peak RAM=3.206 MB
2026-03-22 16:48:12 | INFO | [ncluster=445/445] AUC-ROC=50.00%  AUC-PR=10.94%  F1=0.0000  MCC=0.0000  Train=0.046s  Test=0.009s  Peak RAM=3.209 MB
2026-03-22 16:48:12 | INFO | [ncluster=448/448] AUC-ROC=50.00%  AUC-PR=10.94%  F1=0.0000  MCC=0.0000  Train=0.046s  Test=0.008s  Peak RAM=3.207 MB
2026-03-22 16:48:12 | INFO | [ncluster=451/451] AUC-ROC=50.00%  AUC-PR=10.94%  F1=0.0000  MCC=0.0000  Train=0.047s  Test=0.009s  Peak RAM=3.207 MB
2026-03-22 16:48:12 | INFO | [ncluster=454/454] AUC-ROC=50.00%  AUC-PR=10.94%  F1=0.0000  MCC=0.0000  Train=0.046s  Test=0.010s  Peak RAM=3.208 MB
2026-03-22 16:48:12 | INFO | [ncluster=457/457] AUC-ROC=50.00%  AUC-PR=10.94%  F1=0.0000  MCC=0.0000  Train=0.047s  Test=0.009s  Peak RAM=3.206 MB
2026-03-22 16:48:12 | INFO | [ncluster=460/460] AUC-ROC=50.00%  AUC-PR=10.94%  F1=0.0000  MCC=0.0000  Train=0.048s  Test=0.009s  Peak RAM=3.209 MB
2026-03-22 16:48:12 | INFO | [ncluster=463/463] AUC-ROC=50.00%  AUC-PR=10.94%  F1=0.0000  MCC=0.0000  Train=0.047s  Test=0.010s  Peak RAM=3.208 MB
2026-03-22 16:48:12 | INFO | [ncluster=466/466] AUC-ROC=50.00%  AUC-PR=10.94%  F1=0.0000  MCC=0.0000  Train=0.048s  Test=0.009s  Peak RAM=3.208 MB
2026-03-22 16:48:12 | INFO | [ncluster=469/469] AUC-ROC=50.00%  AUC-PR=10.94%  F1=0.0000  MCC=0.0000  Train=0.047s  Test=0.010s  Peak RAM=3.209 MB
2026-03-22 16:48:12 | INFO | [ncluster=472/472] AUC-ROC=50.00%  AUC-PR=10.94%  F1=0.0000  MCC=0.0000  Train=0.048s  Test=0.009s  Peak RAM=3.209 MB
2026-03-22 16:48:12 | INFO | [ncluster=475/475] AUC-ROC=50.00%  AUC-PR=10.94%  F1=0.0000  MCC=0.0000  Train=0.030s  Test=0.007s  Peak RAM=3.208 MB
2026-03-22 16:48:12 | INFO | [ncluster=478/478] AUC-ROC=50.00%  AUC-PR=10.94%  F1=0.0000  MCC=0.0000  Train=0.030s  Test=0.008s  Peak RAM=3.208 MB
2026-03-22 16:48:12 | INFO | [ncluster=481/481] AUC-ROC=50.00%  AUC-PR=10.94%  F1=0.0000  MCC=0.0000  Train=0.031s  Test=0.007s  Peak RAM=3.211 MB
2026-03-22 16:48:12 | INFO | [ncluster=484/484] AUC-ROC=50.00%  AUC-PR=10.94%  F1=0.0000  MCC=0.0000  Train=0.031s  Test=0.007s  Peak RAM=3.21 MB
2026-03-22 16:48:12 | INFO | [ncluster=487/487] AUC-ROC=50.00%  AUC-PR=10.94%  F1=0.0000  MCC=0.0000  Train=0.032s  Test=0.008s  Peak RAM=3.21 MB
2026-03-22 16:48:12 | INFO | [ncluster=490/490] AUC-ROC=50.00%  AUC-PR=10.94%  F1=0.0000  MCC=0.0000  Train=0.031s  Test=0.007s  Peak RAM=3.212 MB
2026-03-22 16:48:12 | INFO | [ncluster=493/493] AUC-ROC=50.00%  AUC-PR=10.94%  F1=0.0000  MCC=0.0000  Train=0.032s  Test=0.008s  Peak RAM=3.209 MB
2026-03-22 16:48:12 | INFO | [ncluster=496/496] AUC-ROC=50.00%  AUC-PR=10.94%  F1=0.0000  MCC=0.0000  Train=0.031s  Test=0.007s  Peak RAM=3.212 MB
2026-03-22 16:48:12 | INFO | [ncluster=499/499] AUC-ROC=50.00%  AUC-PR=10.94%  F1=0.0000  MCC=0.0000  Train=0.031s  Test=0.007s  Peak RAM=3.211 MB
2026-03-22 16:48:12 | INFO | --- noise=5% ---
2026-03-22 16:48:12 | INFO | ============================================================
2026-03-22 16:48:12 | INFO | Dataset  : Train_StandardScaler_data_BoTIoT.csv
2026-03-22 16:48:12 | INFO | Scaler   : StandardScaler
2026-03-22 16:48:12 | INFO | Noise    : 5%
2026-03-22 16:48:12 | INFO | nClusters: 167 values (1..499)
2026-03-22 16:48:12 | INFO | ============================================================
2026-03-22 16:48:12 | INFO | Loaded Raw Shape -> Train: (7257, 27), Test: (16815, 27)
2026-03-22 16:48:12 | INFO | Dropped metadata features: ['pkSeqID', 'stime', 'ltime', 'seq', 'saddr', 'daddr', 'sport', 'dport', 'state', 'flgs', 'proto']
2026-03-22 16:48:12 | INFO | Dropped metadata features: ['pkSeqID', 'stime', 'ltime', 'seq', 'saddr', 'daddr', 'sport', 'dport', 'state', 'flgs', 'proto']
2026-03-22 16:48:12 | INFO | Training size : 7,619  |  Testing size: 16,453  |  Features: 15
2026-03-22 16:48:12 | INFO | Firing up Parallel execution for 167 cluster configs...
2026-03-22 16:49:16 | INFO | [ncluster=1/1] AUC-ROC=50.00%  AUC-PR=11.03%  F1=0.0000  MCC=0.0000  Train=0.008s  Test=0.003s  Peak RAM=3.238 MB
2026-03-22 16:49:16 | INFO | [ncluster=4/4] AUC-ROC=50.00%  AUC-PR=11.03%  F1=0.0000  MCC=0.0000  Train=0.007s  Test=0.003s  Peak RAM=3.24 MB
2026-03-22 16:49:16 | INFO | [ncluster=7/7] AUC-ROC=50.00%  AUC-PR=11.03%  F1=0.0000  MCC=0.0000  Train=0.009s  Test=0.004s  Peak RAM=3.24 MB
2026-03-22 16:49:16 | INFO | [ncluster=10/10] AUC-ROC=50.00%  AUC-PR=11.03%  F1=0.0000  MCC=0.0000  Train=0.007s  Test=0.003s  Peak RAM=3.24 MB
2026-03-22 16:49:16 | INFO | [ncluster=13/13] AUC-ROC=50.00%  AUC-PR=11.03%  F1=0.0000  MCC=0.0000  Train=0.008s  Test=0.004s  Peak RAM=3.24 MB
2026-03-22 16:49:16 | INFO | [ncluster=16/16] AUC-ROC=50.00%  AUC-PR=11.03%  F1=0.0000  MCC=0.0000  Train=0.010s  Test=0.003s  Peak RAM=3.242 MB
2026-03-22 16:49:16 | INFO | [ncluster=19/19] AUC-ROC=50.00%  AUC-PR=11.03%  F1=0.0000  MCC=0.0000  Train=0.010s  Test=0.003s  Peak RAM=3.241 MB
2026-03-22 16:49:16 | INFO | [ncluster=22/22] AUC-ROC=50.00%  AUC-PR=11.03%  F1=0.0000  MCC=0.0000  Train=0.010s  Test=0.004s  Peak RAM=3.242 MB
2026-03-22 16:49:16 | INFO | [ncluster=25/25] AUC-ROC=50.00%  AUC-PR=11.03%  F1=0.0000  MCC=0.0000  Train=0.010s  Test=0.003s  Peak RAM=3.241 MB
2026-03-22 16:49:16 | INFO | [ncluster=28/28] AUC-ROC=50.00%  AUC-PR=11.03%  F1=0.0000  MCC=0.0000  Train=0.011s  Test=0.004s  Peak RAM=3.243 MB
2026-03-22 16:49:16 | INFO | [ncluster=31/31] AUC-ROC=50.00%  AUC-PR=11.03%  F1=0.0000  MCC=0.0000  Train=0.011s  Test=0.005s  Peak RAM=3.243 MB
2026-03-22 16:49:16 | INFO | [ncluster=34/34] AUC-ROC=50.00%  AUC-PR=11.03%  F1=0.0000  MCC=0.0000  Train=0.011s  Test=0.003s  Peak RAM=3.241 MB
2026-03-22 16:49:16 | INFO | [ncluster=37/37] AUC-ROC=50.00%  AUC-PR=11.03%  F1=0.0000  MCC=0.0000  Train=0.012s  Test=0.004s  Peak RAM=3.245 MB
2026-03-22 16:49:16 | INFO | [ncluster=40/40] AUC-ROC=50.00%  AUC-PR=11.03%  F1=0.0000  MCC=0.0000  Train=0.010s  Test=0.003s  Peak RAM=3.243 MB
2026-03-22 16:49:16 | INFO | [ncluster=43/43] AUC-ROC=50.00%  AUC-PR=11.03%  F1=0.0000  MCC=0.0000  Train=0.012s  Test=0.004s  Peak RAM=3.244 MB
2026-03-22 16:49:16 | INFO | [ncluster=46/46] AUC-ROC=50.00%  AUC-PR=11.03%  F1=0.0000  MCC=0.0000  Train=0.011s  Test=0.004s  Peak RAM=3.243 MB
2026-03-22 16:49:16 | INFO | [ncluster=49/49] AUC-ROC=50.00%  AUC-PR=11.03%  F1=0.0000  MCC=0.0000  Train=0.011s  Test=0.003s  Peak RAM=3.242 MB
2026-03-22 16:49:16 | INFO | [ncluster=52/52] AUC-ROC=50.00%  AUC-PR=11.03%  F1=0.0000  MCC=0.0000  Train=0.013s  Test=0.004s  Peak RAM=3.244 MB
2026-03-22 16:49:16 | INFO | [ncluster=55/55] AUC-ROC=50.00%  AUC-PR=11.03%  F1=0.0000  MCC=0.0000  Train=0.013s  Test=0.005s  Peak RAM=3.243 MB
2026-03-22 16:49:16 | INFO | [ncluster=58/58] AUC-ROC=50.00%  AUC-PR=11.03%  F1=0.0000  MCC=0.0000  Train=0.013s  Test=0.004s  Peak RAM=3.245 MB
2026-03-22 16:49:16 | INFO | [ncluster=61/61] AUC-ROC=50.00%  AUC-PR=11.03%  F1=0.0000  MCC=0.0000  Train=0.013s  Test=0.004s  Peak RAM=3.243 MB
2026-03-22 16:49:16 | INFO | [ncluster=64/64] AUC-ROC=50.00%  AUC-PR=11.03%  F1=0.0000  MCC=0.0000  Train=0.013s  Test=0.003s  Peak RAM=3.243 MB
2026-03-22 16:49:16 | INFO | [ncluster=67/67] AUC-ROC=50.00%  AUC-PR=11.03%  F1=0.0000  MCC=0.0000  Train=0.014s  Test=0.004s  Peak RAM=3.245 MB
2026-03-22 16:49:16 | INFO | [ncluster=70/70] AUC-ROC=50.00%  AUC-PR=11.03%  F1=0.0000  MCC=0.0000  Train=0.014s  Test=0.005s  Peak RAM=3.247 MB
2026-03-22 16:49:16 | INFO | [ncluster=73/73] AUC-ROC=50.00%  AUC-PR=11.03%  F1=0.0000  MCC=0.0000  Train=0.014s  Test=0.004s  Peak RAM=3.246 MB
2026-03-22 16:49:16 | INFO | [ncluster=76/76] AUC-ROC=50.00%  AUC-PR=11.03%  F1=0.0000  MCC=0.0000  Train=0.013s  Test=0.004s  Peak RAM=3.243 MB
2026-03-22 16:49:16 | INFO | [ncluster=79/79] AUC-ROC=50.00%  AUC-PR=11.03%  F1=0.0000  MCC=0.0000  Train=0.014s  Test=0.005s  Peak RAM=3.246 MB
2026-03-22 16:49:16 | INFO | [ncluster=82/82] AUC-ROC=50.00%  AUC-PR=11.03%  F1=0.0000  MCC=0.0000  Train=0.014s  Test=0.004s  Peak RAM=3.243 MB
2026-03-22 16:49:16 | INFO | [ncluster=85/85] AUC-ROC=50.00%  AUC-PR=11.03%  F1=0.0000  MCC=0.0000  Train=0.016s  Test=0.005s  Peak RAM=3.248 MB
2026-03-22 16:49:16 | INFO | [ncluster=88/88] AUC-ROC=50.00%  AUC-PR=11.03%  F1=0.0000  MCC=0.0000  Train=0.014s  Test=0.004s  Peak RAM=3.244 MB
2026-03-22 16:49:16 | INFO | [ncluster=91/91] AUC-ROC=50.00%  AUC-PR=11.03%  F1=0.0000  MCC=0.0000  Train=0.014s  Test=0.004s  Peak RAM=3.245 MB
2026-03-22 16:49:16 | INFO | [ncluster=94/94] AUC-ROC=50.00%  AUC-PR=11.03%  F1=0.0000  MCC=0.0000  Train=0.015s  Test=0.005s  Peak RAM=3.244 MB
2026-03-22 16:49:16 | INFO | [ncluster=97/97] AUC-ROC=50.00%  AUC-PR=11.03%  F1=0.0000  MCC=0.0000  Train=0.015s  Test=0.004s  Peak RAM=3.246 MB
2026-03-22 16:49:16 | INFO | [ncluster=100/100] AUC-ROC=50.00%  AUC-PR=11.03%  F1=0.0000  MCC=0.0000  Train=0.015s  Test=0.005s  Peak RAM=3.243 MB
2026-03-22 16:49:16 | INFO | [ncluster=103/103] AUC-ROC=50.00%  AUC-PR=11.03%  F1=0.0000  MCC=0.0000  Train=0.017s  Test=0.005s  Peak RAM=3.247 MB
2026-03-22 16:49:16 | INFO | [ncluster=106/106] AUC-ROC=50.00%  AUC-PR=11.03%  F1=0.0000  MCC=0.0000  Train=0.015s  Test=0.004s  Peak RAM=3.244 MB
2026-03-22 16:49:16 | INFO | [ncluster=109/109] AUC-ROC=50.00%  AUC-PR=11.03%  F1=0.0000  MCC=0.0000  Train=0.017s  Test=0.005s  Peak RAM=3.247 MB
2026-03-22 16:49:16 | INFO | [ncluster=112/112] AUC-ROC=50.00%  AUC-PR=11.03%  F1=0.0000  MCC=0.0000  Train=0.016s  Test=0.004s  Peak RAM=3.244 MB
2026-03-22 16:49:16 | INFO | [ncluster=115/115] AUC-ROC=50.00%  AUC-PR=11.03%  F1=0.0000  MCC=0.0000  Train=0.018s  Test=0.005s  Peak RAM=3.248 MB
2026-03-22 16:49:16 | INFO | [ncluster=118/118] AUC-ROC=50.00%  AUC-PR=11.03%  F1=0.0000  MCC=0.0000  Train=0.017s  Test=0.005s  Peak RAM=3.246 MB
2026-03-22 16:49:16 | INFO | [ncluster=121/121] AUC-ROC=50.00%  AUC-PR=11.03%  F1=0.0000  MCC=0.0000  Train=0.019s  Test=0.004s  Peak RAM=3.247 MB
2026-03-22 16:49:16 | INFO | [ncluster=124/124] AUC-ROC=50.00%  AUC-PR=11.03%  F1=0.0000  MCC=0.0000  Train=0.018s  Test=0.005s  Peak RAM=3.245 MB
2026-03-22 16:49:16 | INFO | [ncluster=127/127] AUC-ROC=50.00%  AUC-PR=11.03%  F1=0.0000  MCC=0.0000  Train=0.019s  Test=0.006s  Peak RAM=3.248 MB
2026-03-22 16:49:16 | INFO | [ncluster=130/130] AUC-ROC=50.00%  AUC-PR=11.03%  F1=0.0000  MCC=0.0000  Train=0.018s  Test=0.005s  Peak RAM=3.245 MB
2026-03-22 16:49:16 | INFO | [ncluster=133/133] AUC-ROC=50.00%  AUC-PR=11.03%  F1=0.0000  MCC=0.0000  Train=0.020s  Test=0.005s  Peak RAM=3.249 MB
2026-03-22 16:49:16 | INFO | [ncluster=136/136] AUC-ROC=50.00%  AUC-PR=11.03%  F1=0.0000  MCC=0.0000  Train=0.019s  Test=0.004s  Peak RAM=3.247 MB
2026-03-22 16:49:16 | INFO | [ncluster=139/139] AUC-ROC=50.00%  AUC-PR=11.03%  F1=0.0000  MCC=0.0000  Train=0.021s  Test=0.005s  Peak RAM=3.25 MB
2026-03-22 16:49:16 | INFO | [ncluster=142/142] AUC-ROC=50.00%  AUC-PR=11.03%  F1=0.0000  MCC=0.0000  Train=0.019s  Test=0.006s  Peak RAM=3.247 MB
2026-03-22 16:49:16 | INFO | [ncluster=145/145] AUC-ROC=50.00%  AUC-PR=11.03%  F1=0.0000  MCC=0.0000  Train=0.020s  Test=0.005s  Peak RAM=3.25 MB
2026-03-22 16:49:16 | INFO | [ncluster=148/148] AUC-ROC=50.00%  AUC-PR=11.03%  F1=0.0000  MCC=0.0000  Train=0.020s  Test=0.005s  Peak RAM=3.247 MB
2026-03-22 16:49:16 | INFO | [ncluster=151/151] AUC-ROC=50.00%  AUC-PR=11.03%  F1=0.0000  MCC=0.0000  Train=0.020s  Test=0.006s  Peak RAM=3.25 MB
2026-03-22 16:49:16 | INFO | [ncluster=154/154] AUC-ROC=50.00%  AUC-PR=11.03%  F1=0.0000  MCC=0.0000  Train=0.020s  Test=0.005s  Peak RAM=3.248 MB
2026-03-22 16:49:16 | INFO | [ncluster=157/157] AUC-ROC=50.00%  AUC-PR=11.03%  F1=0.0000  MCC=0.0000  Train=0.022s  Test=0.006s  Peak RAM=3.25 MB
2026-03-22 16:49:16 | INFO | [ncluster=160/160] AUC-ROC=50.00%  AUC-PR=11.03%  F1=0.0000  MCC=0.0000  Train=0.020s  Test=0.005s  Peak RAM=3.248 MB
2026-03-22 16:49:16 | INFO | [ncluster=163/163] AUC-ROC=50.00%  AUC-PR=11.03%  F1=0.0000  MCC=0.0000  Train=0.021s  Test=0.005s  Peak RAM=3.251 MB
2026-03-22 16:49:16 | INFO | [ncluster=166/166] AUC-ROC=50.00%  AUC-PR=11.03%  F1=0.0000  MCC=0.0000  Train=0.021s  Test=0.006s  Peak RAM=3.248 MB
2026-03-22 16:49:16 | INFO | [ncluster=169/169] AUC-ROC=50.00%  AUC-PR=11.03%  F1=0.0000  MCC=0.0000  Train=0.020s  Test=0.005s  Peak RAM=3.252 MB
2026-03-22 16:49:16 | INFO | [ncluster=172/172] AUC-ROC=50.00%  AUC-PR=11.03%  F1=0.0000  MCC=0.0000  Train=0.022s  Test=0.006s  Peak RAM=3.248 MB
2026-03-22 16:49:16 | INFO | [ncluster=175/175] AUC-ROC=50.00%  AUC-PR=11.03%  F1=0.0000  MCC=0.0000  Train=0.023s  Test=0.006s  Peak RAM=3.253 MB
2026-03-22 16:49:16 | INFO | [ncluster=178/178] AUC-ROC=50.00%  AUC-PR=11.03%  F1=0.0000  MCC=0.0000  Train=0.022s  Test=0.005s  Peak RAM=3.249 MB
2026-03-22 16:49:16 | INFO | [ncluster=181/181] AUC-ROC=50.00%  AUC-PR=11.03%  F1=0.0000  MCC=0.0000  Train=0.023s  Test=0.006s  Peak RAM=3.251 MB
2026-03-22 16:49:16 | INFO | [ncluster=184/184] AUC-ROC=50.00%  AUC-PR=11.03%  F1=0.0000  MCC=0.0000  Train=0.021s  Test=0.005s  Peak RAM=3.249 MB
2026-03-22 16:49:16 | INFO | [ncluster=187/187] AUC-ROC=50.00%  AUC-PR=11.03%  F1=0.0000  MCC=0.0000  Train=0.023s  Test=0.006s  Peak RAM=3.252 MB
2026-03-22 16:49:16 | INFO | [ncluster=190/190] AUC-ROC=50.00%  AUC-PR=11.03%  F1=0.0000  MCC=0.0000  Train=0.023s  Test=0.006s  Peak RAM=3.25 MB
2026-03-22 16:49:16 | INFO | [ncluster=193/193] AUC-ROC=50.00%  AUC-PR=11.03%  F1=0.0000  MCC=0.0000  Train=0.023s  Test=0.005s  Peak RAM=3.252 MB
2026-03-22 16:49:16 | INFO | [ncluster=196/196] AUC-ROC=50.00%  AUC-PR=11.03%  F1=0.0000  MCC=0.0000  Train=0.023s  Test=0.006s  Peak RAM=3.249 MB
2026-03-22 16:49:16 | INFO | [ncluster=199/199] AUC-ROC=50.00%  AUC-PR=11.03%  F1=0.0000  MCC=0.0000  Train=0.025s  Test=0.007s  Peak RAM=3.252 MB
2026-03-22 16:49:16 | INFO | [ncluster=202/202] AUC-ROC=50.00%  AUC-PR=11.03%  F1=0.0000  MCC=0.0000  Train=0.024s  Test=0.006s  Peak RAM=3.25 MB
2026-03-22 16:49:16 | INFO | [ncluster=205/205] AUC-ROC=50.00%  AUC-PR=11.03%  F1=0.0000  MCC=0.0000  Train=0.026s  Test=0.006s  Peak RAM=3.256 MB
2026-03-22 16:49:16 | INFO | [ncluster=208/208] AUC-ROC=50.00%  AUC-PR=11.03%  F1=0.0000  MCC=0.0000  Train=0.025s  Test=0.005s  Peak RAM=3.253 MB
2026-03-22 16:49:16 | INFO | [ncluster=211/211] AUC-ROC=50.00%  AUC-PR=11.03%  F1=0.0000  MCC=0.0000  Train=0.027s  Test=0.006s  Peak RAM=3.254 MB
2026-03-22 16:49:16 | INFO | [ncluster=214/214] AUC-ROC=50.00%  AUC-PR=11.03%  F1=0.0000  MCC=0.0000  Train=0.024s  Test=0.006s  Peak RAM=3.251 MB
2026-03-22 16:49:16 | INFO | [ncluster=217/217] AUC-ROC=50.00%  AUC-PR=11.03%  F1=0.0000  MCC=0.0000  Train=0.027s  Test=0.006s  Peak RAM=3.254 MB
2026-03-22 16:49:16 | INFO | [ncluster=220/220] AUC-ROC=50.00%  AUC-PR=11.03%  F1=0.0000  MCC=0.0000  Train=0.026s  Test=0.006s  Peak RAM=3.255 MB
2026-03-22 16:49:16 | INFO | [ncluster=223/223] AUC-ROC=50.00%  AUC-PR=11.03%  F1=0.0000  MCC=0.0000  Train=0.028s  Test=0.007s  Peak RAM=3.255 MB
2026-03-22 16:49:16 | INFO | [ncluster=226/226] AUC-ROC=50.00%  AUC-PR=11.03%  F1=0.0000  MCC=0.0000  Train=0.026s  Test=0.006s  Peak RAM=3.254 MB
2026-03-22 16:49:16 | INFO | [ncluster=229/229] AUC-ROC=50.00%  AUC-PR=11.03%  F1=0.0000  MCC=0.0000  Train=0.027s  Test=0.007s  Peak RAM=3.254 MB
2026-03-22 16:49:16 | INFO | [ncluster=232/232] AUC-ROC=50.00%  AUC-PR=11.03%  F1=0.0000  MCC=0.0000  Train=0.028s  Test=0.006s  Peak RAM=3.256 MB
2026-03-22 16:49:16 | INFO | [ncluster=235/235] AUC-ROC=50.00%  AUC-PR=11.03%  F1=0.0000  MCC=0.0000  Train=0.029s  Test=0.006s  Peak RAM=3.255 MB
2026-03-22 16:49:16 | INFO | [ncluster=238/238] AUC-ROC=50.00%  AUC-PR=11.03%  F1=0.0000  MCC=0.0000  Train=0.027s  Test=0.007s  Peak RAM=3.256 MB
2026-03-22 16:49:16 | INFO | [ncluster=241/241] AUC-ROC=50.00%  AUC-PR=11.03%  F1=0.0000  MCC=0.0000  Train=0.029s  Test=0.006s  Peak RAM=3.256 MB
2026-03-22 16:49:16 | INFO | [ncluster=244/244] AUC-ROC=50.00%  AUC-PR=11.03%  F1=0.0000  MCC=0.0000  Train=0.029s  Test=0.007s  Peak RAM=3.255 MB
2026-03-22 16:49:16 | INFO | [ncluster=247/247] AUC-ROC=50.00%  AUC-PR=11.03%  F1=0.0000  MCC=0.0000  Train=0.028s  Test=0.007s  Peak RAM=3.256 MB
2026-03-22 16:49:16 | INFO | [ncluster=250/250] AUC-ROC=50.00%  AUC-PR=11.03%  F1=0.0000  MCC=0.0000  Train=0.030s  Test=0.006s  Peak RAM=3.257 MB
2026-03-22 16:49:16 | INFO | [ncluster=253/253] AUC-ROC=50.00%  AUC-PR=11.03%  F1=0.0000  MCC=0.0000  Train=0.029s  Test=0.007s  Peak RAM=3.257 MB
2026-03-22 16:49:16 | INFO | [ncluster=256/256] AUC-ROC=50.00%  AUC-PR=11.03%  F1=0.0000  MCC=0.0000  Train=0.031s  Test=0.006s  Peak RAM=3.26 MB
2026-03-22 16:49:16 | INFO | [ncluster=259/259] AUC-ROC=50.00%  AUC-PR=11.03%  F1=0.0000  MCC=0.0000  Train=0.031s  Test=0.007s  Peak RAM=3.26 MB
2026-03-22 16:49:16 | INFO | [ncluster=262/262] AUC-ROC=50.00%  AUC-PR=11.03%  F1=0.0000  MCC=0.0000  Train=0.031s  Test=0.007s  Peak RAM=3.258 MB
2026-03-22 16:49:16 | INFO | [ncluster=265/265] AUC-ROC=50.00%  AUC-PR=11.03%  F1=0.0000  MCC=0.0000  Train=0.030s  Test=0.006s  Peak RAM=3.256 MB
2026-03-22 16:49:16 | INFO | [ncluster=268/268] AUC-ROC=50.00%  AUC-PR=11.03%  F1=0.0000  MCC=0.0000  Train=0.031s  Test=0.007s  Peak RAM=3.263 MB
2026-03-22 16:49:16 | INFO | [ncluster=271/271] AUC-ROC=50.00%  AUC-PR=11.03%  F1=0.0000  MCC=0.0000  Train=0.032s  Test=0.008s  Peak RAM=3.26 MB
2026-03-22 16:49:16 | INFO | [ncluster=274/274] AUC-ROC=50.00%  AUC-PR=11.03%  F1=0.0000  MCC=0.0000  Train=0.030s  Test=0.007s  Peak RAM=3.264 MB
2026-03-22 16:49:16 | INFO | [ncluster=277/277] AUC-ROC=50.00%  AUC-PR=11.03%  F1=0.0000  MCC=0.0000  Train=0.032s  Test=0.007s  Peak RAM=3.263 MB
2026-03-22 16:49:16 | INFO | [ncluster=280/280] AUC-ROC=50.00%  AUC-PR=11.03%  F1=0.0000  MCC=0.0000  Train=0.030s  Test=0.006s  Peak RAM=3.262 MB
2026-03-22 16:49:16 | INFO | [ncluster=283/283] AUC-ROC=50.00%  AUC-PR=11.03%  F1=0.0000  MCC=0.0000  Train=0.033s  Test=0.007s  Peak RAM=3.264 MB
2026-03-22 16:49:16 | INFO | [ncluster=286/286] AUC-ROC=50.00%  AUC-PR=11.03%  F1=0.0000  MCC=0.0000  Train=0.033s  Test=0.007s  Peak RAM=3.264 MB
2026-03-22 16:49:16 | INFO | [ncluster=289/289] AUC-ROC=50.00%  AUC-PR=11.03%  F1=0.0000  MCC=0.0000  Train=0.032s  Test=0.007s  Peak RAM=3.262 MB
2026-03-22 16:49:16 | INFO | [ncluster=292/292] AUC-ROC=50.00%  AUC-PR=11.03%  F1=0.0000  MCC=0.0000  Train=0.034s  Test=0.007s  Peak RAM=3.262 MB
2026-03-22 16:49:16 | INFO | [ncluster=295/295] AUC-ROC=50.00%  AUC-PR=11.03%  F1=0.0000  MCC=0.0000  Train=0.032s  Test=0.008s  Peak RAM=3.26 MB
2026-03-22 16:49:16 | INFO | [ncluster=298/298] AUC-ROC=50.00%  AUC-PR=11.03%  F1=0.0000  MCC=0.0000  Train=0.034s  Test=0.007s  Peak RAM=3.264 MB
2026-03-22 16:49:16 | INFO | [ncluster=301/301] AUC-ROC=50.00%  AUC-PR=11.03%  F1=0.0000  MCC=0.0000  Train=0.033s  Test=0.007s  Peak RAM=3.265 MB
2026-03-22 16:49:16 | INFO | [ncluster=304/304] AUC-ROC=50.00%  AUC-PR=11.03%  F1=0.0000  MCC=0.0000  Train=0.035s  Test=0.006s  Peak RAM=3.262 MB
2026-03-22 16:49:16 | INFO | [ncluster=307/307] AUC-ROC=50.00%  AUC-PR=11.03%  F1=0.0000  MCC=0.0000  Train=0.035s  Test=0.007s  Peak RAM=3.261 MB
2026-03-22 16:49:16 | INFO | [ncluster=310/310] AUC-ROC=50.00%  AUC-PR=11.03%  F1=0.0000  MCC=0.0000  Train=0.034s  Test=0.008s  Peak RAM=3.261 MB
2026-03-22 16:49:16 | INFO | [ncluster=313/313] AUC-ROC=50.00%  AUC-PR=11.03%  F1=0.0000  MCC=0.0000  Train=0.035s  Test=0.007s  Peak RAM=3.261 MB
2026-03-22 16:49:16 | INFO | [ncluster=316/316] AUC-ROC=50.00%  AUC-PR=11.03%  F1=0.0000  MCC=0.0000  Train=0.035s  Test=0.008s  Peak RAM=3.262 MB
2026-03-22 16:49:16 | INFO | [ncluster=319/319] AUC-ROC=50.00%  AUC-PR=11.03%  F1=0.0000  MCC=0.0000  Train=0.034s  Test=0.008s  Peak RAM=3.261 MB
2026-03-22 16:49:16 | INFO | [ncluster=322/322] AUC-ROC=50.00%  AUC-PR=11.03%  F1=0.0000  MCC=0.0000  Train=0.036s  Test=0.007s  Peak RAM=3.263 MB
2026-03-22 16:49:16 | INFO | [ncluster=325/325] AUC-ROC=50.00%  AUC-PR=11.03%  F1=0.0000  MCC=0.0000  Train=0.035s  Test=0.008s  Peak RAM=3.261 MB
2026-03-22 16:49:16 | INFO | [ncluster=328/328] AUC-ROC=50.00%  AUC-PR=11.03%  F1=0.0000  MCC=0.0000  Train=0.037s  Test=0.007s  Peak RAM=3.263 MB
2026-03-22 16:49:16 | INFO | [ncluster=331/331] AUC-ROC=50.00%  AUC-PR=11.03%  F1=0.0000  MCC=0.0000  Train=0.036s  Test=0.007s  Peak RAM=3.261 MB
2026-03-22 16:49:16 | INFO | [ncluster=334/334] AUC-ROC=50.00%  AUC-PR=11.03%  F1=0.0000  MCC=0.0000  Train=0.038s  Test=0.008s  Peak RAM=3.262 MB
2026-03-22 16:49:16 | INFO | [ncluster=337/337] AUC-ROC=50.00%  AUC-PR=11.03%  F1=0.0000  MCC=0.0000  Train=0.036s  Test=0.007s  Peak RAM=3.261 MB
2026-03-22 16:49:16 | INFO | [ncluster=340/340] AUC-ROC=50.00%  AUC-PR=11.03%  F1=0.0000  MCC=0.0000  Train=0.038s  Test=0.008s  Peak RAM=3.262 MB
2026-03-22 16:49:16 | INFO | [ncluster=343/343] AUC-ROC=50.00%  AUC-PR=11.03%  F1=0.0000  MCC=0.0000  Train=0.038s  Test=0.008s  Peak RAM=3.262 MB
2026-03-22 16:49:16 | INFO | [ncluster=346/346] AUC-ROC=50.00%  AUC-PR=11.03%  F1=0.0000  MCC=0.0000  Train=0.038s  Test=0.008s  Peak RAM=3.263 MB
2026-03-22 16:49:16 | INFO | [ncluster=349/349] AUC-ROC=50.00%  AUC-PR=11.03%  F1=0.0000  MCC=0.0000  Train=0.038s  Test=0.008s  Peak RAM=3.263 MB
2026-03-22 16:49:16 | INFO | [ncluster=352/352] AUC-ROC=50.00%  AUC-PR=11.03%  F1=0.0000  MCC=0.0000  Train=0.036s  Test=0.007s  Peak RAM=3.262 MB
2026-03-22 16:49:16 | INFO | [ncluster=355/355] AUC-ROC=50.00%  AUC-PR=11.03%  F1=0.0000  MCC=0.0000  Train=0.038s  Test=0.008s  Peak RAM=3.265 MB
2026-03-22 16:49:16 | INFO | [ncluster=358/358] AUC-ROC=50.00%  AUC-PR=11.03%  F1=0.0000  MCC=0.0000  Train=0.039s  Test=0.008s  Peak RAM=3.264 MB
2026-03-22 16:49:16 | INFO | [ncluster=361/361] AUC-ROC=50.00%  AUC-PR=11.03%  F1=0.0000  MCC=0.0000  Train=0.038s  Test=0.007s  Peak RAM=3.263 MB
2026-03-22 16:49:16 | INFO | [ncluster=364/364] AUC-ROC=50.00%  AUC-PR=11.03%  F1=0.0000  MCC=0.0000  Train=0.040s  Test=0.008s  Peak RAM=3.264 MB
2026-03-22 16:49:16 | INFO | [ncluster=367/367] AUC-ROC=50.00%  AUC-PR=11.03%  F1=0.0000  MCC=0.0000  Train=0.039s  Test=0.009s  Peak RAM=3.263 MB
2026-03-22 16:49:16 | INFO | [ncluster=370/370] AUC-ROC=50.00%  AUC-PR=11.03%  F1=0.0000  MCC=0.0000  Train=0.041s  Test=0.008s  Peak RAM=3.264 MB
2026-03-22 16:49:16 | INFO | [ncluster=373/373] AUC-ROC=50.00%  AUC-PR=11.03%  F1=0.0000  MCC=0.0000  Train=0.039s  Test=0.008s  Peak RAM=3.263 MB
2026-03-22 16:49:16 | INFO | [ncluster=376/376] AUC-ROC=50.00%  AUC-PR=11.03%  F1=0.0000  MCC=0.0000  Train=0.038s  Test=0.008s  Peak RAM=3.265 MB
2026-03-22 16:49:16 | INFO | [ncluster=379/379] AUC-ROC=50.00%  AUC-PR=11.03%  F1=0.0000  MCC=0.0000  Train=0.040s  Test=0.008s  Peak RAM=3.265 MB
2026-03-22 16:49:16 | INFO | [ncluster=382/382] AUC-ROC=50.00%  AUC-PR=11.03%  F1=0.0000  MCC=0.0000  Train=0.042s  Test=0.009s  Peak RAM=3.265 MB
2026-03-22 16:49:16 | INFO | [ncluster=385/385] AUC-ROC=50.00%  AUC-PR=11.03%  F1=0.0000  MCC=0.0000  Train=0.041s  Test=0.008s  Peak RAM=3.265 MB
2026-03-22 16:49:16 | INFO | [ncluster=388/388] AUC-ROC=50.00%  AUC-PR=11.03%  F1=0.0000  MCC=0.0000  Train=0.042s  Test=0.008s  Peak RAM=3.265 MB
2026-03-22 16:49:16 | INFO | [ncluster=391/391] AUC-ROC=50.00%  AUC-PR=11.03%  F1=0.0000  MCC=0.0000  Train=0.041s  Test=0.009s  Peak RAM=3.265 MB
2026-03-22 16:49:16 | INFO | [ncluster=394/394] AUC-ROC=50.00%  AUC-PR=11.03%  F1=0.0000  MCC=0.0000  Train=0.042s  Test=0.008s  Peak RAM=3.266 MB
2026-03-22 16:49:16 | INFO | [ncluster=397/397] AUC-ROC=50.00%  AUC-PR=11.03%  F1=0.0000  MCC=0.0000  Train=0.041s  Test=0.009s  Peak RAM=3.266 MB
2026-03-22 16:49:16 | INFO | [ncluster=400/400] AUC-ROC=50.00%  AUC-PR=11.03%  F1=0.0000  MCC=0.0000  Train=0.043s  Test=0.008s  Peak RAM=3.267 MB
2026-03-22 16:49:16 | INFO | [ncluster=403/403] AUC-ROC=50.00%  AUC-PR=11.03%  F1=0.0000  MCC=0.0000  Train=0.042s  Test=0.009s  Peak RAM=3.267 MB
2026-03-22 16:49:16 | INFO | [ncluster=406/406] AUC-ROC=50.00%  AUC-PR=11.03%  F1=0.0000  MCC=0.0000  Train=0.044s  Test=0.009s  Peak RAM=3.266 MB
2026-03-22 16:49:16 | INFO | [ncluster=409/409] AUC-ROC=50.00%  AUC-PR=11.03%  F1=0.0000  MCC=0.0000  Train=0.042s  Test=0.008s  Peak RAM=3.265 MB
2026-03-22 16:49:16 | INFO | [ncluster=412/412] AUC-ROC=50.00%  AUC-PR=11.03%  F1=0.0000  MCC=0.0000  Train=0.043s  Test=0.009s  Peak RAM=3.266 MB
2026-03-22 16:49:16 | INFO | [ncluster=415/415] AUC-ROC=50.00%  AUC-PR=11.03%  F1=0.0000  MCC=0.0000  Train=0.042s  Test=0.009s  Peak RAM=3.267 MB
2026-03-22 16:49:16 | INFO | [ncluster=418/418] AUC-ROC=50.00%  AUC-PR=11.03%  F1=0.0000  MCC=0.0000  Train=0.045s  Test=0.008s  Peak RAM=3.267 MB
2026-03-22 16:49:16 | INFO | [ncluster=421/421] AUC-ROC=50.00%  AUC-PR=11.03%  F1=0.0000  MCC=0.0000  Train=0.045s  Test=0.009s  Peak RAM=3.267 MB
2026-03-22 16:49:16 | INFO | [ncluster=424/424] AUC-ROC=50.00%  AUC-PR=11.03%  F1=0.0000  MCC=0.0000  Train=0.045s  Test=0.008s  Peak RAM=3.267 MB
2026-03-22 16:49:16 | INFO | [ncluster=427/427] AUC-ROC=50.00%  AUC-PR=11.03%  F1=0.0000  MCC=0.0000  Train=0.045s  Test=0.009s  Peak RAM=3.269 MB
2026-03-22 16:49:16 | INFO | [ncluster=430/430] AUC-ROC=50.00%  AUC-PR=11.03%  F1=0.0000  MCC=0.0000  Train=0.044s  Test=0.009s  Peak RAM=3.267 MB
2026-03-22 16:49:16 | INFO | [ncluster=433/433] AUC-ROC=50.00%  AUC-PR=11.03%  F1=0.0000  MCC=0.0000  Train=0.044s  Test=0.008s  Peak RAM=3.268 MB
2026-03-22 16:49:16 | INFO | [ncluster=436/436] AUC-ROC=50.00%  AUC-PR=11.03%  F1=0.0000  MCC=0.0000  Train=0.046s  Test=0.009s  Peak RAM=3.27 MB
2026-03-22 16:49:16 | INFO | [ncluster=439/439] AUC-ROC=50.00%  AUC-PR=11.03%  F1=0.0000  MCC=0.0000  Train=0.045s  Test=0.010s  Peak RAM=3.268 MB
2026-03-22 16:49:16 | INFO | [ncluster=442/442] AUC-ROC=50.00%  AUC-PR=11.03%  F1=0.0000  MCC=0.0000  Train=0.047s  Test=0.009s  Peak RAM=3.269 MB
2026-03-22 16:49:16 | INFO | [ncluster=445/445] AUC-ROC=50.00%  AUC-PR=11.03%  F1=0.0000  MCC=0.0000  Train=0.045s  Test=0.009s  Peak RAM=3.267 MB
2026-03-22 16:49:16 | INFO | [ncluster=448/448] AUC-ROC=50.00%  AUC-PR=11.03%  F1=0.0000  MCC=0.0000  Train=0.047s  Test=0.008s  Peak RAM=3.269 MB
2026-03-22 16:49:16 | INFO | [ncluster=451/451] AUC-ROC=50.00%  AUC-PR=11.03%  F1=0.0000  MCC=0.0000  Train=0.047s  Test=0.009s  Peak RAM=3.269 MB
2026-03-22 16:49:16 | INFO | [ncluster=454/454] AUC-ROC=50.00%  AUC-PR=11.03%  F1=0.0000  MCC=0.0000  Train=0.047s  Test=0.010s  Peak RAM=3.27 MB
2026-03-22 16:49:16 | INFO | [ncluster=457/457] AUC-ROC=50.00%  AUC-PR=11.03%  F1=0.0000  MCC=0.0000  Train=0.048s  Test=0.009s  Peak RAM=3.27 MB
2026-03-22 16:49:16 | INFO | [ncluster=460/460] AUC-ROC=50.00%  AUC-PR=11.03%  F1=0.0000  MCC=0.0000  Train=0.048s  Test=0.009s  Peak RAM=3.269 MB
2026-03-22 16:49:16 | INFO | [ncluster=463/463] AUC-ROC=50.00%  AUC-PR=11.03%  F1=0.0000  MCC=0.0000  Train=0.048s  Test=0.010s  Peak RAM=3.27 MB
2026-03-22 16:49:16 | INFO | [ncluster=466/466] AUC-ROC=50.00%  AUC-PR=11.03%  F1=0.0000  MCC=0.0000  Train=0.047s  Test=0.009s  Peak RAM=3.27 MB
2026-03-22 16:49:16 | INFO | [ncluster=469/469] AUC-ROC=50.00%  AUC-PR=11.03%  F1=0.0000  MCC=0.0000  Train=0.047s  Test=0.010s  Peak RAM=3.27 MB
2026-03-22 16:49:16 | INFO | [ncluster=472/472] AUC-ROC=50.00%  AUC-PR=11.03%  F1=0.0000  MCC=0.0000  Train=0.049s  Test=0.008s  Peak RAM=3.271 MB
2026-03-22 16:49:16 | INFO | [ncluster=475/475] AUC-ROC=50.00%  AUC-PR=11.03%  F1=0.0000  MCC=0.0000  Train=0.030s  Test=0.007s  Peak RAM=3.271 MB
2026-03-22 16:49:16 | INFO | [ncluster=478/478] AUC-ROC=50.00%  AUC-PR=11.03%  F1=0.0000  MCC=0.0000  Train=0.034s  Test=0.008s  Peak RAM=3.271 MB
2026-03-22 16:49:16 | INFO | [ncluster=481/481] AUC-ROC=50.00%  AUC-PR=11.03%  F1=0.0000  MCC=0.0000  Train=0.030s  Test=0.007s  Peak RAM=3.269 MB
2026-03-22 16:49:16 | INFO | [ncluster=484/484] AUC-ROC=50.00%  AUC-PR=11.03%  F1=0.0000  MCC=0.0000  Train=0.032s  Test=0.007s  Peak RAM=3.271 MB
2026-03-22 16:49:16 | INFO | [ncluster=487/487] AUC-ROC=50.00%  AUC-PR=11.03%  F1=0.0000  MCC=0.0000  Train=0.032s  Test=0.008s  Peak RAM=3.271 MB
2026-03-22 16:49:16 | INFO | [ncluster=490/490] AUC-ROC=50.00%  AUC-PR=11.03%  F1=0.0000  MCC=0.0000  Train=0.031s  Test=0.007s  Peak RAM=3.271 MB
2026-03-22 16:49:16 | INFO | [ncluster=493/493] AUC-ROC=50.00%  AUC-PR=11.03%  F1=0.0000  MCC=0.0000  Train=0.031s  Test=0.007s  Peak RAM=3.272 MB
2026-03-22 16:49:16 | INFO | [ncluster=496/496] AUC-ROC=50.00%  AUC-PR=11.03%  F1=0.0000  MCC=0.0000  Train=0.031s  Test=0.007s  Peak RAM=3.272 MB
2026-03-22 16:49:16 | INFO | [ncluster=499/499] AUC-ROC=50.00%  AUC-PR=11.03%  F1=0.0000  MCC=0.0000  Train=0.031s  Test=0.007s  Peak RAM=3.272 MB
2026-03-22 16:49:16 | INFO | 
>>> Processing data_BoTIoT | scaler=MinMaxScaler
2026-03-22 16:49:16 | INFO | --- noise=0% ---
2026-03-22 16:49:16 | INFO | ============================================================
2026-03-22 16:49:16 | INFO | Dataset  : Train_MinMaxScaler_data_BoTIoT.csv
2026-03-22 16:49:16 | INFO | Scaler   : MinMaxScaler
2026-03-22 16:49:16 | INFO | Noise    : 0%
2026-03-22 16:49:16 | INFO | nClusters: 167 values (1..499)
2026-03-22 16:49:16 | INFO | ============================================================
2026-03-22 16:49:16 | INFO | Loaded Raw Shape -> Train: (7257, 27), Test: (16815, 27)
2026-03-22 16:49:16 | INFO | Dropped metadata features: ['pkSeqID', 'stime', 'ltime', 'seq', 'saddr', 'daddr', 'sport', 'dport', 'state', 'flgs', 'proto']
2026-03-22 16:49:16 | INFO | Dropped metadata features: ['pkSeqID', 'stime', 'ltime', 'seq', 'saddr', 'daddr', 'sport', 'dport', 'state', 'flgs', 'proto']
2026-03-22 16:49:16 | INFO | Training size : 7,257  |  Testing size: 16,815  |  Features: 15
2026-03-22 16:49:16 | INFO | Firing up Parallel execution for 167 cluster configs...
2026-03-22 16:50:19 | INFO | [ncluster=1/1] AUC-ROC=50.00%  AUC-PR=10.79%  F1=0.0000  MCC=0.0000  Train=0.006s  Test=0.003s  Peak RAM=4.298 MB
2026-03-22 16:50:19 | INFO | [ncluster=4/4] AUC-ROC=50.00%  AUC-PR=10.79%  F1=0.0000  MCC=0.0000  Train=0.004s  Test=0.003s  Peak RAM=4.299 MB
2026-03-22 16:50:19 | INFO | [ncluster=7/7] AUC-ROC=50.00%  AUC-PR=10.79%  F1=0.0000  MCC=0.0000  Train=0.008s  Test=0.004s  Peak RAM=4.3 MB
2026-03-22 16:50:19 | INFO | [ncluster=10/10] AUC-ROC=50.00%  AUC-PR=10.79%  F1=0.0000  MCC=0.0000  Train=0.007s  Test=0.003s  Peak RAM=4.3 MB
2026-03-22 16:50:19 | INFO | [ncluster=13/13] AUC-ROC=50.00%  AUC-PR=10.79%  F1=0.0000  MCC=0.0000  Train=0.008s  Test=0.004s  Peak RAM=4.3 MB
2026-03-22 16:50:19 | INFO | [ncluster=16/16] AUC-ROC=50.00%  AUC-PR=10.79%  F1=0.0000  MCC=0.0000  Train=0.008s  Test=0.003s  Peak RAM=4.299 MB
2026-03-22 16:50:19 | INFO | [ncluster=19/19] AUC-ROC=50.00%  AUC-PR=10.79%  F1=0.0000  MCC=0.0000  Train=0.009s  Test=0.004s  Peak RAM=4.3 MB
2026-03-22 16:50:19 | INFO | [ncluster=22/22] AUC-ROC=50.00%  AUC-PR=10.79%  F1=0.0000  MCC=0.0000  Train=0.010s  Test=0.004s  Peak RAM=4.3 MB
2026-03-22 16:50:19 | INFO | [ncluster=25/25] AUC-ROC=50.00%  AUC-PR=10.79%  F1=0.0000  MCC=0.0000  Train=0.008s  Test=0.004s  Peak RAM=4.301 MB
2026-03-22 16:50:19 | INFO | [ncluster=28/28] AUC-ROC=50.00%  AUC-PR=10.79%  F1=0.0000  MCC=0.0000  Train=0.010s  Test=0.004s  Peak RAM=4.301 MB
2026-03-22 16:50:19 | INFO | [ncluster=31/31] AUC-ROC=50.00%  AUC-PR=10.79%  F1=0.0000  MCC=0.0000  Train=0.010s  Test=0.005s  Peak RAM=4.3 MB
2026-03-22 16:50:19 | INFO | [ncluster=34/34] AUC-ROC=50.00%  AUC-PR=10.79%  F1=0.0000  MCC=0.0000  Train=0.010s  Test=0.004s  Peak RAM=4.302 MB
2026-03-22 16:50:19 | INFO | [ncluster=37/37] AUC-ROC=50.00%  AUC-PR=10.79%  F1=0.0000  MCC=0.0000  Train=0.009s  Test=0.004s  Peak RAM=4.3 MB
2026-03-22 16:50:19 | INFO | [ncluster=40/40] AUC-ROC=50.00%  AUC-PR=10.79%  F1=0.0000  MCC=0.0000  Train=0.010s  Test=0.003s  Peak RAM=4.303 MB
2026-03-22 16:50:19 | INFO | [ncluster=43/43] AUC-ROC=50.00%  AUC-PR=10.79%  F1=0.0000  MCC=0.0000  Train=0.011s  Test=0.004s  Peak RAM=4.302 MB
2026-03-22 16:50:19 | INFO | [ncluster=46/46] AUC-ROC=50.00%  AUC-PR=10.79%  F1=0.0000  MCC=0.0000  Train=0.010s  Test=0.005s  Peak RAM=4.301 MB
2026-03-22 16:50:19 | INFO | [ncluster=49/49] AUC-ROC=50.00%  AUC-PR=10.79%  F1=0.0000  MCC=0.0000  Train=0.012s  Test=0.004s  Peak RAM=4.304 MB
2026-03-22 16:50:19 | INFO | [ncluster=52/52] AUC-ROC=50.00%  AUC-PR=10.79%  F1=0.0000  MCC=0.0000  Train=0.011s  Test=0.004s  Peak RAM=4.301 MB
2026-03-22 16:50:19 | INFO | [ncluster=55/55] AUC-ROC=50.00%  AUC-PR=10.79%  F1=0.0000  MCC=0.0000  Train=0.012s  Test=0.005s  Peak RAM=4.302 MB
2026-03-22 16:50:19 | INFO | [ncluster=58/58] AUC-ROC=50.00%  AUC-PR=10.79%  F1=0.0000  MCC=0.0000  Train=0.013s  Test=0.004s  Peak RAM=4.303 MB
2026-03-22 16:50:19 | INFO | [ncluster=61/61] AUC-ROC=50.00%  AUC-PR=10.79%  F1=0.0000  MCC=0.0000  Train=0.012s  Test=0.005s  Peak RAM=4.303 MB
2026-03-22 16:50:19 | INFO | [ncluster=64/64] AUC-ROC=50.00%  AUC-PR=10.79%  F1=0.0000  MCC=0.0000  Train=0.013s  Test=0.004s  Peak RAM=4.304 MB
2026-03-22 16:50:19 | INFO | [ncluster=67/67] AUC-ROC=50.00%  AUC-PR=10.79%  F1=0.0000  MCC=0.0000  Train=0.013s  Test=0.004s  Peak RAM=4.303 MB
2026-03-22 16:50:19 | INFO | [ncluster=70/70] AUC-ROC=50.00%  AUC-PR=10.79%  F1=0.0000  MCC=0.0000  Train=0.014s  Test=0.005s  Peak RAM=4.305 MB
2026-03-22 16:50:19 | INFO | [ncluster=73/73] AUC-ROC=50.00%  AUC-PR=10.79%  F1=0.0000  MCC=0.0000  Train=0.013s  Test=0.004s  Peak RAM=4.303 MB
2026-03-22 16:50:19 | INFO | [ncluster=76/76] AUC-ROC=50.00%  AUC-PR=10.79%  F1=0.0000  MCC=0.0000  Train=0.012s  Test=0.005s  Peak RAM=4.301 MB
2026-03-22 16:50:19 | INFO | [ncluster=79/79] AUC-ROC=50.00%  AUC-PR=10.79%  F1=0.0000  MCC=0.0000  Train=0.013s  Test=0.005s  Peak RAM=4.304 MB
2026-03-22 16:50:19 | INFO | [ncluster=82/82] AUC-ROC=50.00%  AUC-PR=10.79%  F1=0.0000  MCC=0.0000  Train=0.013s  Test=0.004s  Peak RAM=4.302 MB
2026-03-22 16:50:19 | INFO | [ncluster=85/85] AUC-ROC=50.00%  AUC-PR=10.79%  F1=0.0000  MCC=0.0000  Train=0.015s  Test=0.005s  Peak RAM=4.305 MB
2026-03-22 16:50:19 | INFO | [ncluster=88/88] AUC-ROC=50.00%  AUC-PR=10.79%  F1=0.0000  MCC=0.0000  Train=0.014s  Test=0.004s  Peak RAM=4.302 MB
2026-03-22 16:50:19 | INFO | [ncluster=91/91] AUC-ROC=50.00%  AUC-PR=10.79%  F1=0.0000  MCC=0.0000  Train=0.014s  Test=0.005s  Peak RAM=4.305 MB
2026-03-22 16:50:19 | INFO | [ncluster=94/94] AUC-ROC=50.00%  AUC-PR=10.79%  F1=0.0000  MCC=0.0000  Train=0.015s  Test=0.005s  Peak RAM=4.303 MB
2026-03-22 16:50:19 | INFO | [ncluster=97/97] AUC-ROC=50.00%  AUC-PR=10.79%  F1=0.0000  MCC=0.0000  Train=0.016s  Test=0.005s  Peak RAM=4.305 MB
2026-03-22 16:50:19 | INFO | [ncluster=100/100] AUC-ROC=50.00%  AUC-PR=10.79%  F1=0.0000  MCC=0.0000  Train=0.015s  Test=0.005s  Peak RAM=4.303 MB
2026-03-22 16:50:19 | INFO | [ncluster=103/103] AUC-ROC=50.00%  AUC-PR=10.79%  F1=0.0000  MCC=0.0000  Train=0.015s  Test=0.006s  Peak RAM=4.305 MB
2026-03-22 16:50:19 | INFO | [ncluster=106/106] AUC-ROC=50.00%  AUC-PR=10.79%  F1=0.0000  MCC=0.0000  Train=0.016s  Test=0.005s  Peak RAM=4.303 MB
2026-03-22 16:50:19 | INFO | [ncluster=109/109] AUC-ROC=50.00%  AUC-PR=10.79%  F1=0.0000  MCC=0.0000  Train=0.017s  Test=0.005s  Peak RAM=4.306 MB
2026-03-22 16:50:19 | INFO | [ncluster=112/112] AUC-ROC=50.00%  AUC-PR=10.79%  F1=0.0000  MCC=0.0000  Train=0.016s  Test=0.004s  Peak RAM=4.303 MB
2026-03-22 16:50:19 | INFO | [ncluster=115/115] AUC-ROC=50.00%  AUC-PR=10.79%  F1=0.0000  MCC=0.0000  Train=0.018s  Test=0.005s  Peak RAM=4.306 MB
2026-03-22 16:50:19 | INFO | [ncluster=118/118] AUC-ROC=50.00%  AUC-PR=10.79%  F1=0.0000  MCC=0.0000  Train=0.017s  Test=0.006s  Peak RAM=4.304 MB
2026-03-22 16:50:19 | INFO | [ncluster=121/121] AUC-ROC=50.00%  AUC-PR=10.79%  F1=0.0000  MCC=0.0000  Train=0.018s  Test=0.005s  Peak RAM=4.306 MB
2026-03-22 16:50:19 | INFO | [ncluster=124/124] AUC-ROC=50.00%  AUC-PR=10.79%  F1=0.0000  MCC=0.0000  Train=0.017s  Test=0.005s  Peak RAM=4.304 MB
2026-03-22 16:50:19 | INFO | [ncluster=127/127] AUC-ROC=50.00%  AUC-PR=10.79%  F1=0.0000  MCC=0.0000  Train=0.018s  Test=0.006s  Peak RAM=4.308 MB
2026-03-22 16:50:19 | INFO | [ncluster=130/130] AUC-ROC=50.00%  AUC-PR=10.79%  F1=0.0000  MCC=0.0000  Train=0.018s  Test=0.005s  Peak RAM=4.304 MB
2026-03-22 16:50:19 | INFO | [ncluster=133/133] AUC-ROC=50.00%  AUC-PR=10.79%  F1=0.0000  MCC=0.0000  Train=0.019s  Test=0.006s  Peak RAM=4.306 MB
2026-03-22 16:50:19 | INFO | [ncluster=136/136] AUC-ROC=50.00%  AUC-PR=10.79%  F1=0.0000  MCC=0.0000  Train=0.018s  Test=0.005s  Peak RAM=4.304 MB
2026-03-22 16:50:19 | INFO | [ncluster=139/139] AUC-ROC=50.00%  AUC-PR=10.79%  F1=0.0000  MCC=0.0000  Train=0.019s  Test=0.005s  Peak RAM=4.31 MB
2026-03-22 16:50:19 | INFO | [ncluster=142/142] AUC-ROC=50.00%  AUC-PR=10.79%  F1=0.0000  MCC=0.0000  Train=0.019s  Test=0.006s  Peak RAM=4.306 MB
2026-03-22 16:50:19 | INFO | [ncluster=145/145] AUC-ROC=50.00%  AUC-PR=10.79%  F1=0.0000  MCC=0.0000  Train=0.019s  Test=0.005s  Peak RAM=4.307 MB
2026-03-22 16:50:19 | INFO | [ncluster=148/148] AUC-ROC=50.00%  AUC-PR=10.79%  F1=0.0000  MCC=0.0000  Train=0.019s  Test=0.006s  Peak RAM=4.305 MB
2026-03-22 16:50:19 | INFO | [ncluster=151/151] AUC-ROC=50.00%  AUC-PR=10.79%  F1=0.0000  MCC=0.0000  Train=0.020s  Test=0.006s  Peak RAM=4.308 MB
2026-03-22 16:50:19 | INFO | [ncluster=154/154] AUC-ROC=50.00%  AUC-PR=10.79%  F1=0.0000  MCC=0.0000  Train=0.020s  Test=0.006s  Peak RAM=4.306 MB
2026-03-22 16:50:19 | INFO | [ncluster=157/157] AUC-ROC=50.00%  AUC-PR=10.79%  F1=0.0000  MCC=0.0000  Train=0.021s  Test=0.006s  Peak RAM=4.311 MB
2026-03-22 16:50:19 | INFO | [ncluster=160/160] AUC-ROC=50.00%  AUC-PR=10.79%  F1=0.0000  MCC=0.0000  Train=0.020s  Test=0.005s  Peak RAM=4.307 MB
2026-03-22 16:50:19 | INFO | [ncluster=163/163] AUC-ROC=50.00%  AUC-PR=10.79%  F1=0.0000  MCC=0.0000  Train=0.021s  Test=0.006s  Peak RAM=4.31 MB
2026-03-22 16:50:19 | INFO | [ncluster=166/166] AUC-ROC=50.00%  AUC-PR=10.79%  F1=0.0000  MCC=0.0000  Train=0.021s  Test=0.006s  Peak RAM=4.307 MB
2026-03-22 16:50:19 | INFO | [ncluster=169/169] AUC-ROC=50.00%  AUC-PR=10.79%  F1=0.0000  MCC=0.0000  Train=0.022s  Test=0.005s  Peak RAM=4.309 MB
2026-03-22 16:50:19 | INFO | [ncluster=172/172] AUC-ROC=50.00%  AUC-PR=10.79%  F1=0.0000  MCC=0.0000  Train=0.021s  Test=0.006s  Peak RAM=4.307 MB
2026-03-22 16:50:19 | INFO | [ncluster=175/175] AUC-ROC=50.00%  AUC-PR=10.79%  F1=0.0000  MCC=0.0000  Train=0.022s  Test=0.007s  Peak RAM=4.31 MB
2026-03-22 16:50:19 | INFO | [ncluster=178/178] AUC-ROC=50.00%  AUC-PR=10.79%  F1=0.0000  MCC=0.0000  Train=0.022s  Test=0.009s  Peak RAM=4.307 MB
2026-03-22 16:50:19 | INFO | [ncluster=181/181] AUC-ROC=50.00%  AUC-PR=10.79%  F1=0.0000  MCC=0.0000  Train=0.023s  Test=0.006s  Peak RAM=4.31 MB
2026-03-22 16:50:19 | INFO | [ncluster=184/184] AUC-ROC=50.00%  AUC-PR=10.79%  F1=0.0000  MCC=0.0000  Train=0.022s  Test=0.005s  Peak RAM=4.308 MB
2026-03-22 16:50:19 | INFO | [ncluster=187/187] AUC-ROC=50.00%  AUC-PR=10.79%  F1=0.0000  MCC=0.0000  Train=0.024s  Test=0.006s  Peak RAM=4.31 MB
2026-03-22 16:50:19 | INFO | [ncluster=190/190] AUC-ROC=50.00%  AUC-PR=10.79%  F1=0.0000  MCC=0.0000  Train=0.023s  Test=0.007s  Peak RAM=4.308 MB
2026-03-22 16:50:19 | INFO | [ncluster=193/193] AUC-ROC=50.00%  AUC-PR=10.79%  F1=0.0000  MCC=0.0000  Train=0.023s  Test=0.006s  Peak RAM=4.311 MB
2026-03-22 16:50:19 | INFO | [ncluster=196/196] AUC-ROC=50.00%  AUC-PR=10.79%  F1=0.0000  MCC=0.0000  Train=0.023s  Test=0.006s  Peak RAM=4.308 MB
2026-03-22 16:50:19 | INFO | [ncluster=199/199] AUC-ROC=50.00%  AUC-PR=10.79%  F1=0.0000  MCC=0.0000  Train=0.025s  Test=0.007s  Peak RAM=4.311 MB
2026-03-22 16:50:19 | INFO | [ncluster=202/202] AUC-ROC=50.00%  AUC-PR=10.79%  F1=0.0000  MCC=0.0000  Train=0.024s  Test=0.006s  Peak RAM=4.309 MB
2026-03-22 16:50:19 | INFO | [ncluster=205/205] AUC-ROC=50.00%  AUC-PR=10.79%  F1=0.0000  MCC=0.0000  Train=0.025s  Test=0.007s  Peak RAM=4.311 MB
2026-03-22 16:50:19 | INFO | [ncluster=208/208] AUC-ROC=50.00%  AUC-PR=10.79%  F1=0.0000  MCC=0.0000  Train=0.024s  Test=0.006s  Peak RAM=4.309 MB
2026-03-22 16:50:19 | INFO | [ncluster=211/211] AUC-ROC=50.00%  AUC-PR=10.79%  F1=0.0000  MCC=0.0000  Train=0.026s  Test=0.007s  Peak RAM=4.313 MB
2026-03-22 16:50:19 | INFO | [ncluster=214/214] AUC-ROC=50.00%  AUC-PR=10.79%  F1=0.0000  MCC=0.0000  Train=0.025s  Test=0.007s  Peak RAM=4.31 MB
2026-03-22 16:50:19 | INFO | [ncluster=217/217] AUC-ROC=50.00%  AUC-PR=10.79%  F1=0.0000  MCC=0.0000  Train=0.025s  Test=0.006s  Peak RAM=4.312 MB
2026-03-22 16:50:19 | INFO | [ncluster=220/220] AUC-ROC=50.00%  AUC-PR=10.79%  F1=0.0000  MCC=0.0000  Train=0.025s  Test=0.007s  Peak RAM=4.312 MB
2026-03-22 16:50:19 | INFO | [ncluster=223/223] AUC-ROC=50.00%  AUC-PR=10.79%  F1=0.0000  MCC=0.0000  Train=0.027s  Test=0.007s  Peak RAM=4.315 MB
2026-03-22 16:50:19 | INFO | [ncluster=226/226] AUC-ROC=50.00%  AUC-PR=10.79%  F1=0.0000  MCC=0.0000  Train=0.026s  Test=0.006s  Peak RAM=4.314 MB
2026-03-22 16:50:19 | INFO | [ncluster=229/229] AUC-ROC=50.00%  AUC-PR=10.79%  F1=0.0000  MCC=0.0000  Train=0.027s  Test=0.007s  Peak RAM=4.312 MB
2026-03-22 16:50:19 | INFO | [ncluster=232/232] AUC-ROC=50.00%  AUC-PR=10.79%  F1=0.0000  MCC=0.0000  Train=0.026s  Test=0.006s  Peak RAM=4.313 MB
2026-03-22 16:50:19 | INFO | [ncluster=235/235] AUC-ROC=50.00%  AUC-PR=10.79%  F1=0.0000  MCC=0.0000  Train=0.028s  Test=0.007s  Peak RAM=4.313 MB
2026-03-22 16:50:19 | INFO | [ncluster=238/238] AUC-ROC=50.00%  AUC-PR=10.79%  F1=0.0000  MCC=0.0000  Train=0.028s  Test=0.007s  Peak RAM=4.314 MB
2026-03-22 16:50:19 | INFO | [ncluster=241/241] AUC-ROC=50.00%  AUC-PR=10.79%  F1=0.0000  MCC=0.0000  Train=0.027s  Test=0.006s  Peak RAM=4.313 MB
2026-03-22 16:50:19 | INFO | [ncluster=244/244] AUC-ROC=50.00%  AUC-PR=10.79%  F1=0.0000  MCC=0.0000  Train=0.029s  Test=0.007s  Peak RAM=4.313 MB
2026-03-22 16:50:19 | INFO | [ncluster=247/247] AUC-ROC=50.00%  AUC-PR=10.79%  F1=0.0000  MCC=0.0000  Train=0.030s  Test=0.007s  Peak RAM=4.314 MB
2026-03-22 16:50:19 | INFO | [ncluster=250/250] AUC-ROC=50.00%  AUC-PR=10.79%  F1=0.0000  MCC=0.0000  Train=0.029s  Test=0.007s  Peak RAM=4.314 MB
2026-03-22 16:50:19 | INFO | [ncluster=253/253] AUC-ROC=50.00%  AUC-PR=10.79%  F1=0.0000  MCC=0.0000  Train=0.029s  Test=0.007s  Peak RAM=4.317 MB
2026-03-22 16:50:19 | INFO | [ncluster=256/256] AUC-ROC=50.00%  AUC-PR=10.79%  F1=0.0000  MCC=0.0000  Train=0.029s  Test=0.006s  Peak RAM=4.313 MB
2026-03-22 16:50:19 | INFO | [ncluster=259/259] AUC-ROC=50.00%  AUC-PR=10.79%  F1=0.0000  MCC=0.0000  Train=0.029s  Test=0.007s  Peak RAM=4.319 MB
2026-03-22 16:50:19 | INFO | [ncluster=262/262] AUC-ROC=50.00%  AUC-PR=10.79%  F1=0.0000  MCC=0.0000  Train=0.030s  Test=0.008s  Peak RAM=4.317 MB
2026-03-22 16:50:19 | INFO | [ncluster=265/265] AUC-ROC=50.00%  AUC-PR=10.79%  F1=0.0000  MCC=0.0000  Train=0.030s  Test=0.007s  Peak RAM=4.314 MB
2026-03-22 16:50:19 | INFO | [ncluster=268/268] AUC-ROC=50.00%  AUC-PR=10.79%  F1=0.0000  MCC=0.0000  Train=0.028s  Test=0.007s  Peak RAM=4.315 MB
2026-03-22 16:50:19 | INFO | [ncluster=271/271] AUC-ROC=50.00%  AUC-PR=10.79%  F1=0.0000  MCC=0.0000  Train=0.031s  Test=0.008s  Peak RAM=4.319 MB
2026-03-22 16:50:19 | INFO | [ncluster=274/274] AUC-ROC=50.00%  AUC-PR=10.79%  F1=0.0000  MCC=0.0000  Train=0.031s  Test=0.007s  Peak RAM=4.317 MB
2026-03-22 16:50:19 | INFO | [ncluster=277/277] AUC-ROC=50.00%  AUC-PR=10.79%  F1=0.0000  MCC=0.0000  Train=0.030s  Test=0.008s  Peak RAM=4.316 MB
2026-03-22 16:50:19 | INFO | [ncluster=280/280] AUC-ROC=50.00%  AUC-PR=10.79%  F1=0.0000  MCC=0.0000  Train=0.031s  Test=0.007s  Peak RAM=4.319 MB
2026-03-22 16:50:19 | INFO | [ncluster=283/283] AUC-ROC=50.00%  AUC-PR=10.79%  F1=0.0000  MCC=0.0000  Train=0.039s  Test=0.007s  Peak RAM=4.319 MB
2026-03-22 16:50:19 | INFO | [ncluster=286/286] AUC-ROC=50.00%  AUC-PR=10.79%  F1=0.0000  MCC=0.0000  Train=0.032s  Test=0.008s  Peak RAM=4.317 MB
2026-03-22 16:50:19 | INFO | [ncluster=289/289] AUC-ROC=50.00%  AUC-PR=10.79%  F1=0.0000  MCC=0.0000  Train=0.033s  Test=0.007s  Peak RAM=4.317 MB
2026-03-22 16:50:19 | INFO | [ncluster=292/292] AUC-ROC=50.00%  AUC-PR=10.79%  F1=0.0000  MCC=0.0000  Train=0.033s  Test=0.007s  Peak RAM=4.317 MB
2026-03-22 16:50:19 | INFO | [ncluster=295/295] AUC-ROC=50.00%  AUC-PR=10.79%  F1=0.0000  MCC=0.0000  Train=0.032s  Test=0.008s  Peak RAM=4.318 MB
2026-03-22 16:50:19 | INFO | [ncluster=298/298] AUC-ROC=50.00%  AUC-PR=10.79%  F1=0.0000  MCC=0.0000  Train=0.033s  Test=0.008s  Peak RAM=4.319 MB
2026-03-22 16:50:19 | INFO | [ncluster=301/301] AUC-ROC=50.00%  AUC-PR=10.79%  F1=0.0000  MCC=0.0000  Train=0.034s  Test=0.008s  Peak RAM=4.318 MB
2026-03-22 16:50:19 | INFO | [ncluster=304/304] AUC-ROC=50.00%  AUC-PR=10.79%  F1=0.0000  MCC=0.0000  Train=0.033s  Test=0.007s  Peak RAM=4.318 MB
2026-03-22 16:50:19 | INFO | [ncluster=307/307] AUC-ROC=50.00%  AUC-PR=10.79%  F1=0.0000  MCC=0.0000  Train=0.034s  Test=0.007s  Peak RAM=4.317 MB
2026-03-22 16:50:19 | INFO | [ncluster=310/310] AUC-ROC=50.00%  AUC-PR=10.79%  F1=0.0000  MCC=0.0000  Train=0.034s  Test=0.008s  Peak RAM=4.318 MB
2026-03-22 16:50:19 | INFO | [ncluster=313/313] AUC-ROC=50.00%  AUC-PR=10.79%  F1=0.0000  MCC=0.0000  Train=0.033s  Test=0.007s  Peak RAM=4.319 MB
2026-03-22 16:50:19 | INFO | [ncluster=316/316] AUC-ROC=50.00%  AUC-PR=10.79%  F1=0.0000  MCC=0.0000  Train=0.034s  Test=0.008s  Peak RAM=4.318 MB
2026-03-22 16:50:19 | INFO | [ncluster=319/319] AUC-ROC=50.00%  AUC-PR=10.79%  F1=0.0000  MCC=0.0000  Train=0.034s  Test=0.008s  Peak RAM=4.32 MB
2026-03-22 16:50:19 | INFO | [ncluster=322/322] AUC-ROC=50.00%  AUC-PR=10.79%  F1=0.0000  MCC=0.0000  Train=0.035s  Test=0.008s  Peak RAM=4.319 MB
2026-03-22 16:50:19 | INFO | [ncluster=325/325] AUC-ROC=50.00%  AUC-PR=10.79%  F1=0.0000  MCC=0.0000  Train=0.036s  Test=0.008s  Peak RAM=4.319 MB
2026-03-22 16:50:19 | INFO | [ncluster=328/328] AUC-ROC=50.00%  AUC-PR=10.79%  F1=0.0000  MCC=0.0000  Train=0.036s  Test=0.007s  Peak RAM=4.318 MB
2026-03-22 16:50:19 | INFO | [ncluster=331/331] AUC-ROC=50.00%  AUC-PR=10.79%  F1=0.0000  MCC=0.0000  Train=0.035s  Test=0.008s  Peak RAM=4.319 MB
2026-03-22 16:50:19 | INFO | [ncluster=334/334] AUC-ROC=50.00%  AUC-PR=10.79%  F1=0.0000  MCC=0.0000  Train=0.036s  Test=0.008s  Peak RAM=4.319 MB
2026-03-22 16:50:19 | INFO | [ncluster=337/337] AUC-ROC=50.00%  AUC-PR=10.79%  F1=0.0000  MCC=0.0000  Train=0.037s  Test=0.008s  Peak RAM=4.32 MB
2026-03-22 16:50:19 | INFO | [ncluster=340/340] AUC-ROC=50.00%  AUC-PR=10.79%  F1=0.0000  MCC=0.0000  Train=0.036s  Test=0.008s  Peak RAM=4.319 MB
2026-03-22 16:50:19 | INFO | [ncluster=343/343] AUC-ROC=50.00%  AUC-PR=10.79%  F1=0.0000  MCC=0.0000  Train=0.037s  Test=0.009s  Peak RAM=4.321 MB
2026-03-22 16:50:19 | INFO | [ncluster=346/346] AUC-ROC=50.00%  AUC-PR=10.79%  F1=0.0000  MCC=0.0000  Train=0.038s  Test=0.008s  Peak RAM=4.318 MB
2026-03-22 16:50:19 | INFO | [ncluster=349/349] AUC-ROC=50.00%  AUC-PR=10.79%  F1=0.0000  MCC=0.0000  Train=0.037s  Test=0.008s  Peak RAM=4.321 MB
2026-03-22 16:50:19 | INFO | [ncluster=352/352] AUC-ROC=50.00%  AUC-PR=10.79%  F1=0.0000  MCC=0.0000  Train=0.038s  Test=0.008s  Peak RAM=4.32 MB
2026-03-22 16:50:19 | INFO | [ncluster=355/355] AUC-ROC=50.00%  AUC-PR=10.79%  F1=0.0000  MCC=0.0000  Train=0.037s  Test=0.008s  Peak RAM=4.321 MB
2026-03-22 16:50:19 | INFO | [ncluster=358/358] AUC-ROC=50.00%  AUC-PR=10.79%  F1=0.0000  MCC=0.0000  Train=0.038s  Test=0.009s  Peak RAM=4.321 MB
2026-03-22 16:50:19 | INFO | [ncluster=361/361] AUC-ROC=50.00%  AUC-PR=10.79%  F1=0.0000  MCC=0.0000  Train=0.039s  Test=0.008s  Peak RAM=4.321 MB
2026-03-22 16:50:19 | INFO | [ncluster=364/364] AUC-ROC=50.00%  AUC-PR=10.79%  F1=0.0000  MCC=0.0000  Train=0.039s  Test=0.008s  Peak RAM=4.321 MB
2026-03-22 16:50:19 | INFO | [ncluster=367/367] AUC-ROC=50.00%  AUC-PR=10.79%  F1=0.0000  MCC=0.0000  Train=0.038s  Test=0.009s  Peak RAM=4.321 MB
2026-03-22 16:50:19 | INFO | [ncluster=370/370] AUC-ROC=50.00%  AUC-PR=10.79%  F1=0.0000  MCC=0.0000  Train=0.039s  Test=0.008s  Peak RAM=4.321 MB
2026-03-22 16:50:19 | INFO | [ncluster=373/373] AUC-ROC=50.00%  AUC-PR=10.79%  F1=0.0000  MCC=0.0000  Train=0.040s  Test=0.009s  Peak RAM=4.322 MB
2026-03-22 16:50:19 | INFO | [ncluster=376/376] AUC-ROC=50.00%  AUC-PR=10.79%  F1=0.0000  MCC=0.0000  Train=0.039s  Test=0.008s  Peak RAM=4.321 MB
2026-03-22 16:50:19 | INFO | [ncluster=379/379] AUC-ROC=50.00%  AUC-PR=10.79%  F1=0.0000  MCC=0.0000  Train=0.040s  Test=0.008s  Peak RAM=4.322 MB
2026-03-22 16:50:19 | INFO | [ncluster=382/382] AUC-ROC=50.00%  AUC-PR=10.79%  F1=0.0000  MCC=0.0000  Train=0.040s  Test=0.009s  Peak RAM=4.321 MB
2026-03-22 16:50:19 | INFO | [ncluster=385/385] AUC-ROC=50.00%  AUC-PR=10.79%  F1=0.0000  MCC=0.0000  Train=0.039s  Test=0.008s  Peak RAM=4.323 MB
2026-03-22 16:50:19 | INFO | [ncluster=388/388] AUC-ROC=50.00%  AUC-PR=10.79%  F1=0.0000  MCC=0.0000  Train=0.041s  Test=0.009s  Peak RAM=4.323 MB
2026-03-22 16:50:19 | INFO | [ncluster=391/391] AUC-ROC=50.00%  AUC-PR=10.79%  F1=0.0000  MCC=0.0000  Train=0.040s  Test=0.009s  Peak RAM=4.323 MB
2026-03-22 16:50:19 | INFO | [ncluster=394/394] AUC-ROC=50.00%  AUC-PR=10.79%  F1=0.0000  MCC=0.0000  Train=0.041s  Test=0.009s  Peak RAM=4.323 MB
2026-03-22 16:50:19 | INFO | [ncluster=397/397] AUC-ROC=50.00%  AUC-PR=10.79%  F1=0.0000  MCC=0.0000  Train=0.042s  Test=0.009s  Peak RAM=4.323 MB
2026-03-22 16:50:19 | INFO | [ncluster=400/400] AUC-ROC=50.00%  AUC-PR=10.79%  F1=0.0000  MCC=0.0000  Train=0.041s  Test=0.008s  Peak RAM=4.323 MB
2026-03-22 16:50:19 | INFO | [ncluster=403/403] AUC-ROC=50.00%  AUC-PR=10.79%  F1=0.0000  MCC=0.0000  Train=0.042s  Test=0.009s  Peak RAM=4.324 MB
2026-03-22 16:50:19 | INFO | [ncluster=406/406] AUC-ROC=50.00%  AUC-PR=10.79%  F1=0.0000  MCC=0.0000  Train=0.042s  Test=0.009s  Peak RAM=4.323 MB
2026-03-22 16:50:19 | INFO | [ncluster=409/409] AUC-ROC=50.00%  AUC-PR=10.79%  F1=0.0000  MCC=0.0000  Train=0.043s  Test=0.009s  Peak RAM=4.323 MB
2026-03-22 16:50:19 | INFO | [ncluster=412/412] AUC-ROC=50.00%  AUC-PR=10.79%  F1=0.0000  MCC=0.0000  Train=0.042s  Test=0.009s  Peak RAM=4.323 MB
2026-03-22 16:50:19 | INFO | [ncluster=415/415] AUC-ROC=50.00%  AUC-PR=10.79%  F1=0.0000  MCC=0.0000  Train=0.043s  Test=0.010s  Peak RAM=4.325 MB
2026-03-22 16:50:19 | INFO | [ncluster=418/418] AUC-ROC=50.00%  AUC-PR=10.79%  F1=0.0000  MCC=0.0000  Train=0.044s  Test=0.009s  Peak RAM=4.324 MB
2026-03-22 16:50:20 | INFO | [ncluster=421/421] AUC-ROC=50.00%  AUC-PR=10.79%  F1=0.0000  MCC=0.0000  Train=0.041s  Test=0.010s  Peak RAM=4.324 MB
2026-03-22 16:50:20 | INFO | [ncluster=424/424] AUC-ROC=50.00%  AUC-PR=10.79%  F1=0.0000  MCC=0.0000  Train=0.044s  Test=0.009s  Peak RAM=4.325 MB
2026-03-22 16:50:20 | INFO | [ncluster=427/427] AUC-ROC=50.00%  AUC-PR=10.79%  F1=0.0000  MCC=0.0000  Train=0.043s  Test=0.009s  Peak RAM=4.325 MB
2026-03-22 16:50:20 | INFO | [ncluster=430/430] AUC-ROC=50.00%  AUC-PR=10.79%  F1=0.0000  MCC=0.0000  Train=0.045s  Test=0.010s  Peak RAM=4.325 MB
2026-03-22 16:50:20 | INFO | [ncluster=433/433] AUC-ROC=50.00%  AUC-PR=10.79%  F1=0.0000  MCC=0.0000  Train=0.045s  Test=0.009s  Peak RAM=4.326 MB
2026-03-22 16:50:20 | INFO | [ncluster=436/436] AUC-ROC=50.00%  AUC-PR=10.79%  F1=0.0000  MCC=0.0000  Train=0.044s  Test=0.009s  Peak RAM=4.325 MB
2026-03-22 16:50:20 | INFO | [ncluster=439/439] AUC-ROC=50.00%  AUC-PR=10.79%  F1=0.0000  MCC=0.0000  Train=0.045s  Test=0.010s  Peak RAM=4.326 MB
2026-03-22 16:50:20 | INFO | [ncluster=442/442] AUC-ROC=50.00%  AUC-PR=10.79%  F1=0.0000  MCC=0.0000  Train=0.044s  Test=0.010s  Peak RAM=4.326 MB
2026-03-22 16:50:20 | INFO | [ncluster=445/445] AUC-ROC=50.00%  AUC-PR=10.79%  F1=0.0000  MCC=0.0000  Train=0.044s  Test=0.010s  Peak RAM=4.326 MB
2026-03-22 16:50:20 | INFO | [ncluster=448/448] AUC-ROC=50.00%  AUC-PR=10.79%  F1=0.0000  MCC=0.0000  Train=0.045s  Test=0.009s  Peak RAM=4.325 MB
2026-03-22 16:50:20 | INFO | [ncluster=451/451] AUC-ROC=50.00%  AUC-PR=10.79%  F1=0.0000  MCC=0.0000  Train=0.046s  Test=0.009s  Peak RAM=4.326 MB
2026-03-22 16:50:20 | INFO | [ncluster=454/454] AUC-ROC=50.00%  AUC-PR=10.79%  F1=0.0000  MCC=0.0000  Train=0.047s  Test=0.010s  Peak RAM=4.325 MB
2026-03-22 16:50:20 | INFO | [ncluster=457/457] AUC-ROC=50.00%  AUC-PR=10.79%  F1=0.0000  MCC=0.0000  Train=0.046s  Test=0.009s  Peak RAM=4.326 MB
2026-03-22 16:50:20 | INFO | [ncluster=460/460] AUC-ROC=50.00%  AUC-PR=10.79%  F1=0.0000  MCC=0.0000  Train=0.047s  Test=0.010s  Peak RAM=4.328 MB
2026-03-22 16:50:20 | INFO | [ncluster=463/463] AUC-ROC=50.00%  AUC-PR=10.79%  F1=0.0000  MCC=0.0000  Train=0.046s  Test=0.010s  Peak RAM=4.327 MB
2026-03-22 16:50:20 | INFO | [ncluster=466/466] AUC-ROC=50.00%  AUC-PR=10.79%  F1=0.0000  MCC=0.0000  Train=0.048s  Test=0.010s  Peak RAM=4.326 MB
2026-03-22 16:50:20 | INFO | [ncluster=469/469] AUC-ROC=50.00%  AUC-PR=10.79%  F1=0.0000  MCC=0.0000  Train=0.030s  Test=0.008s  Peak RAM=4.328 MB
2026-03-22 16:50:20 | INFO | [ncluster=472/472] AUC-ROC=50.00%  AUC-PR=10.79%  F1=0.0000  MCC=0.0000  Train=0.047s  Test=0.009s  Peak RAM=4.327 MB
2026-03-22 16:50:20 | INFO | [ncluster=475/475] AUC-ROC=50.00%  AUC-PR=10.79%  F1=0.0000  MCC=0.0000  Train=0.048s  Test=0.010s  Peak RAM=4.327 MB
2026-03-22 16:50:20 | INFO | [ncluster=478/478] AUC-ROC=50.00%  AUC-PR=10.79%  F1=0.0000  MCC=0.0000  Train=0.048s  Test=0.010s  Peak RAM=4.328 MB
2026-03-22 16:50:20 | INFO | [ncluster=481/481] AUC-ROC=50.00%  AUC-PR=10.79%  F1=0.0000  MCC=0.0000  Train=0.031s  Test=0.007s  Peak RAM=4.328 MB
2026-03-22 16:50:20 | INFO | [ncluster=484/484] AUC-ROC=50.00%  AUC-PR=10.79%  F1=0.0000  MCC=0.0000  Train=0.030s  Test=0.008s  Peak RAM=4.328 MB
2026-03-22 16:50:20 | INFO | [ncluster=487/487] AUC-ROC=50.00%  AUC-PR=10.79%  F1=0.0000  MCC=0.0000  Train=0.031s  Test=0.008s  Peak RAM=4.328 MB
2026-03-22 16:50:20 | INFO | [ncluster=490/490] AUC-ROC=50.00%  AUC-PR=10.79%  F1=0.0000  MCC=0.0000  Train=0.031s  Test=0.007s  Peak RAM=4.327 MB
2026-03-22 16:50:20 | INFO | [ncluster=493/493] AUC-ROC=50.00%  AUC-PR=10.79%  F1=0.0000  MCC=0.0000  Train=0.030s  Test=0.009s  Peak RAM=4.328 MB
2026-03-22 16:50:20 | INFO | [ncluster=496/496] AUC-ROC=50.00%  AUC-PR=10.79%  F1=0.0000  MCC=0.0000  Train=0.031s  Test=0.007s  Peak RAM=4.329 MB
2026-03-22 16:50:20 | INFO | [ncluster=499/499] AUC-ROC=50.00%  AUC-PR=10.79%  F1=0.0000  MCC=0.0000  Train=0.030s  Test=0.007s  Peak RAM=4.329 MB
2026-03-22 16:50:20 | INFO | --- noise=1% ---
2026-03-22 16:50:20 | INFO | ============================================================
2026-03-22 16:50:20 | INFO | Dataset  : Train_MinMaxScaler_data_BoTIoT.csv
2026-03-22 16:50:20 | INFO | Scaler   : MinMaxScaler
2026-03-22 16:50:20 | INFO | Noise    : 1%
2026-03-22 16:50:20 | INFO | nClusters: 167 values (1..499)
2026-03-22 16:50:20 | INFO | ============================================================
2026-03-22 16:50:20 | INFO | Loaded Raw Shape -> Train: (7257, 27), Test: (16815, 27)
2026-03-22 16:50:20 | INFO | Dropped metadata features: ['pkSeqID', 'stime', 'ltime', 'seq', 'saddr', 'daddr', 'sport', 'dport', 'state', 'flgs', 'proto']
2026-03-22 16:50:20 | INFO | Dropped metadata features: ['pkSeqID', 'stime', 'ltime', 'seq', 'saddr', 'daddr', 'sport', 'dport', 'state', 'flgs', 'proto']
2026-03-22 16:50:20 | INFO | Training size : 7,329  |  Testing size: 16,743  |  Features: 15
2026-03-22 16:50:20 | INFO | Firing up Parallel execution for 167 cluster configs...
2026-03-22 16:51:23 | INFO | [ncluster=1/1] AUC-ROC=50.00%  AUC-PR=10.84%  F1=0.0000  MCC=0.0000  Train=0.007s  Test=0.003s  Peak RAM=3.116 MB
2026-03-22 16:51:23 | INFO | [ncluster=4/4] AUC-ROC=50.00%  AUC-PR=10.84%  F1=0.0000  MCC=0.0000  Train=0.008s  Test=0.003s  Peak RAM=3.118 MB
2026-03-22 16:51:23 | INFO | [ncluster=7/7] AUC-ROC=50.00%  AUC-PR=10.84%  F1=0.0000  MCC=0.0000  Train=0.007s  Test=0.004s  Peak RAM=3.117 MB
2026-03-22 16:51:23 | INFO | [ncluster=10/10] AUC-ROC=50.00%  AUC-PR=10.84%  F1=0.0000  MCC=0.0000  Train=0.008s  Test=0.003s  Peak RAM=3.118 MB
2026-03-22 16:51:23 | INFO | [ncluster=13/13] AUC-ROC=50.00%  AUC-PR=10.84%  F1=0.0000  MCC=0.0000  Train=0.009s  Test=0.004s  Peak RAM=3.118 MB
2026-03-22 16:51:23 | INFO | [ncluster=16/16] AUC-ROC=50.00%  AUC-PR=10.84%  F1=0.0000  MCC=0.0000  Train=0.008s  Test=0.003s  Peak RAM=3.118 MB
2026-03-22 16:51:23 | INFO | [ncluster=19/19] AUC-ROC=50.00%  AUC-PR=10.84%  F1=0.0000  MCC=0.0000  Train=0.009s  Test=0.003s  Peak RAM=3.118 MB
2026-03-22 16:51:23 | INFO | [ncluster=22/22] AUC-ROC=50.00%  AUC-PR=10.84%  F1=0.0000  MCC=0.0000  Train=0.010s  Test=0.004s  Peak RAM=3.118 MB
2026-03-22 16:51:23 | INFO | [ncluster=25/25] AUC-ROC=50.00%  AUC-PR=10.84%  F1=0.0000  MCC=0.0000  Train=0.010s  Test=0.003s  Peak RAM=3.119 MB
2026-03-22 16:51:23 | INFO | [ncluster=28/28] AUC-ROC=50.00%  AUC-PR=10.84%  F1=0.0000  MCC=0.0000  Train=0.009s  Test=0.004s  Peak RAM=3.119 MB
2026-03-22 16:51:23 | INFO | [ncluster=31/31] AUC-ROC=50.00%  AUC-PR=10.84%  F1=0.0000  MCC=0.0000  Train=0.010s  Test=0.004s  Peak RAM=3.12 MB
2026-03-22 16:51:23 | INFO | [ncluster=34/34] AUC-ROC=50.00%  AUC-PR=10.84%  F1=0.0000  MCC=0.0000  Train=0.010s  Test=0.003s  Peak RAM=3.12 MB
2026-03-22 16:51:23 | INFO | [ncluster=37/37] AUC-ROC=50.00%  AUC-PR=10.84%  F1=0.0000  MCC=0.0000  Train=0.010s  Test=0.004s  Peak RAM=3.12 MB
2026-03-22 16:51:23 | INFO | [ncluster=40/40] AUC-ROC=50.00%  AUC-PR=10.84%  F1=0.0000  MCC=0.0000  Train=0.011s  Test=0.003s  Peak RAM=3.123 MB
2026-03-22 16:51:23 | INFO | [ncluster=43/43] AUC-ROC=50.00%  AUC-PR=10.84%  F1=0.0000  MCC=0.0000  Train=0.010s  Test=0.004s  Peak RAM=3.119 MB
2026-03-22 16:51:23 | INFO | [ncluster=46/46] AUC-ROC=50.00%  AUC-PR=10.84%  F1=0.0000  MCC=0.0000  Train=0.012s  Test=0.004s  Peak RAM=3.12 MB
2026-03-22 16:51:23 | INFO | [ncluster=49/49] AUC-ROC=50.00%  AUC-PR=10.84%  F1=0.0000  MCC=0.0000  Train=0.012s  Test=0.003s  Peak RAM=3.12 MB
2026-03-22 16:51:23 | INFO | [ncluster=52/52] AUC-ROC=50.00%  AUC-PR=10.84%  F1=0.0000  MCC=0.0000  Train=0.011s  Test=0.004s  Peak RAM=3.12 MB
2026-03-22 16:51:23 | INFO | [ncluster=55/55] AUC-ROC=50.00%  AUC-PR=10.84%  F1=0.0000  MCC=0.0000  Train=0.012s  Test=0.005s  Peak RAM=3.12 MB
2026-03-22 16:51:23 | INFO | [ncluster=58/58] AUC-ROC=50.00%  AUC-PR=10.84%  F1=0.0000  MCC=0.0000  Train=0.012s  Test=0.004s  Peak RAM=3.12 MB
2026-03-22 16:51:23 | INFO | [ncluster=61/61] AUC-ROC=50.00%  AUC-PR=10.84%  F1=0.0000  MCC=0.0000  Train=0.012s  Test=0.004s  Peak RAM=3.121 MB
2026-03-22 16:51:23 | INFO | [ncluster=64/64] AUC-ROC=50.00%  AUC-PR=10.84%  F1=0.0000  MCC=0.0000  Train=0.012s  Test=0.003s  Peak RAM=3.121 MB
2026-03-22 16:51:23 | INFO | [ncluster=67/67] AUC-ROC=50.00%  AUC-PR=10.84%  F1=0.0000  MCC=0.0000  Train=0.013s  Test=0.004s  Peak RAM=3.121 MB
2026-03-22 16:51:23 | INFO | [ncluster=70/70] AUC-ROC=50.00%  AUC-PR=10.84%  F1=0.0000  MCC=0.0000  Train=0.014s  Test=0.005s  Peak RAM=3.121 MB
2026-03-22 16:51:23 | INFO | [ncluster=73/73] AUC-ROC=50.00%  AUC-PR=10.84%  F1=0.0000  MCC=0.0000  Train=0.013s  Test=0.004s  Peak RAM=3.123 MB
2026-03-22 16:51:23 | INFO | [ncluster=76/76] AUC-ROC=50.00%  AUC-PR=10.84%  F1=0.0000  MCC=0.0000  Train=0.013s  Test=0.004s  Peak RAM=3.12 MB
2026-03-22 16:51:23 | INFO | [ncluster=79/79] AUC-ROC=50.00%  AUC-PR=10.84%  F1=0.0000  MCC=0.0000  Train=0.014s  Test=0.005s  Peak RAM=3.125 MB
2026-03-22 16:51:23 | INFO | [ncluster=82/82] AUC-ROC=50.00%  AUC-PR=10.84%  F1=0.0000  MCC=0.0000  Train=0.014s  Test=0.004s  Peak RAM=3.122 MB
2026-03-22 16:51:23 | INFO | [ncluster=85/85] AUC-ROC=50.00%  AUC-PR=10.84%  F1=0.0000  MCC=0.0000  Train=0.014s  Test=0.005s  Peak RAM=3.123 MB
2026-03-22 16:51:23 | INFO | [ncluster=88/88] AUC-ROC=50.00%  AUC-PR=10.84%  F1=0.0000  MCC=0.0000  Train=0.014s  Test=0.004s  Peak RAM=3.12 MB
2026-03-22 16:51:23 | INFO | [ncluster=91/91] AUC-ROC=50.00%  AUC-PR=10.84%  F1=0.0000  MCC=0.0000  Train=0.015s  Test=0.004s  Peak RAM=3.123 MB
2026-03-22 16:51:23 | INFO | [ncluster=94/94] AUC-ROC=50.00%  AUC-PR=10.84%  F1=0.0000  MCC=0.0000  Train=0.014s  Test=0.005s  Peak RAM=3.121 MB
2026-03-22 16:51:23 | INFO | [ncluster=97/97] AUC-ROC=50.00%  AUC-PR=10.84%  F1=0.0000  MCC=0.0000  Train=0.016s  Test=0.004s  Peak RAM=3.123 MB
2026-03-22 16:51:23 | INFO | [ncluster=100/100] AUC-ROC=50.00%  AUC-PR=10.84%  F1=0.0000  MCC=0.0000  Train=0.014s  Test=0.005s  Peak RAM=3.121 MB
2026-03-22 16:51:23 | INFO | [ncluster=103/103] AUC-ROC=50.00%  AUC-PR=10.84%  F1=0.0000  MCC=0.0000  Train=0.015s  Test=0.005s  Peak RAM=3.123 MB
2026-03-22 16:51:23 | INFO | [ncluster=106/106] AUC-ROC=50.00%  AUC-PR=10.84%  F1=0.0000  MCC=0.0000  Train=0.016s  Test=0.004s  Peak RAM=3.121 MB
2026-03-22 16:51:23 | INFO | [ncluster=109/109] AUC-ROC=50.00%  AUC-PR=10.84%  F1=0.0000  MCC=0.0000  Train=0.017s  Test=0.005s  Peak RAM=3.125 MB
2026-03-22 16:51:23 | INFO | [ncluster=112/112] AUC-ROC=50.00%  AUC-PR=10.84%  F1=0.0000  MCC=0.0000  Train=0.016s  Test=0.004s  Peak RAM=3.123 MB
2026-03-22 16:51:23 | INFO | [ncluster=115/115] AUC-ROC=50.00%  AUC-PR=10.84%  F1=0.0000  MCC=0.0000  Train=0.018s  Test=0.005s  Peak RAM=3.124 MB
2026-03-22 16:51:23 | INFO | [ncluster=118/118] AUC-ROC=50.00%  AUC-PR=10.84%  F1=0.0000  MCC=0.0000  Train=0.017s  Test=0.005s  Peak RAM=3.122 MB
2026-03-22 16:51:23 | INFO | [ncluster=121/121] AUC-ROC=50.00%  AUC-PR=10.84%  F1=0.0000  MCC=0.0000  Train=0.017s  Test=0.004s  Peak RAM=3.125 MB
2026-03-22 16:51:23 | INFO | [ncluster=124/124] AUC-ROC=50.00%  AUC-PR=10.84%  F1=0.0000  MCC=0.0000  Train=0.017s  Test=0.005s  Peak RAM=3.123 MB
2026-03-22 16:51:23 | INFO | [ncluster=127/127] AUC-ROC=50.00%  AUC-PR=10.84%  F1=0.0000  MCC=0.0000  Train=0.017s  Test=0.005s  Peak RAM=3.126 MB
2026-03-22 16:51:23 | INFO | [ncluster=130/130] AUC-ROC=50.00%  AUC-PR=10.84%  F1=0.0000  MCC=0.0000  Train=0.018s  Test=0.005s  Peak RAM=3.123 MB
2026-03-22 16:51:23 | INFO | [ncluster=133/133] AUC-ROC=50.00%  AUC-PR=10.84%  F1=0.0000  MCC=0.0000  Train=0.019s  Test=0.005s  Peak RAM=3.126 MB
2026-03-22 16:51:23 | INFO | [ncluster=136/136] AUC-ROC=50.00%  AUC-PR=10.84%  F1=0.0000  MCC=0.0000  Train=0.018s  Test=0.004s  Peak RAM=3.123 MB
2026-03-22 16:51:23 | INFO | [ncluster=139/139] AUC-ROC=50.00%  AUC-PR=10.84%  F1=0.0000  MCC=0.0000  Train=0.019s  Test=0.005s  Peak RAM=3.127 MB
2026-03-22 16:51:23 | INFO | [ncluster=142/142] AUC-ROC=50.00%  AUC-PR=10.84%  F1=0.0000  MCC=0.0000  Train=0.019s  Test=0.006s  Peak RAM=3.124 MB
2026-03-22 16:51:23 | INFO | [ncluster=145/145] AUC-ROC=50.00%  AUC-PR=10.84%  F1=0.0000  MCC=0.0000  Train=0.019s  Test=0.005s  Peak RAM=3.126 MB
2026-03-22 16:51:23 | INFO | [ncluster=148/148] AUC-ROC=50.00%  AUC-PR=10.84%  F1=0.0000  MCC=0.0000  Train=0.019s  Test=0.005s  Peak RAM=3.124 MB
2026-03-22 16:51:23 | INFO | [ncluster=151/151] AUC-ROC=50.00%  AUC-PR=10.84%  F1=0.0000  MCC=0.0000  Train=0.021s  Test=0.006s  Peak RAM=3.127 MB
2026-03-22 16:51:23 | INFO | [ncluster=154/154] AUC-ROC=50.00%  AUC-PR=10.84%  F1=0.0000  MCC=0.0000  Train=0.020s  Test=0.005s  Peak RAM=3.125 MB
2026-03-22 16:51:23 | INFO | [ncluster=157/157] AUC-ROC=50.00%  AUC-PR=10.84%  F1=0.0000  MCC=0.0000  Train=0.020s  Test=0.006s  Peak RAM=3.127 MB
2026-03-22 16:51:23 | INFO | [ncluster=160/160] AUC-ROC=50.00%  AUC-PR=10.84%  F1=0.0000  MCC=0.0000  Train=0.020s  Test=0.005s  Peak RAM=3.124 MB
2026-03-22 16:51:23 | INFO | [ncluster=163/163] AUC-ROC=50.00%  AUC-PR=10.84%  F1=0.0000  MCC=0.0000  Train=0.020s  Test=0.005s  Peak RAM=3.128 MB
2026-03-22 16:51:23 | INFO | [ncluster=166/166] AUC-ROC=50.00%  AUC-PR=10.84%  F1=0.0000  MCC=0.0000  Train=0.021s  Test=0.006s  Peak RAM=3.126 MB
2026-03-22 16:51:23 | INFO | [ncluster=169/169] AUC-ROC=50.00%  AUC-PR=10.84%  F1=0.0000  MCC=0.0000  Train=0.022s  Test=0.005s  Peak RAM=3.128 MB
2026-03-22 16:51:23 | INFO | [ncluster=172/172] AUC-ROC=50.00%  AUC-PR=10.84%  F1=0.0000  MCC=0.0000  Train=0.021s  Test=0.006s  Peak RAM=3.126 MB
2026-03-22 16:51:23 | INFO | [ncluster=175/175] AUC-ROC=50.00%  AUC-PR=10.84%  F1=0.0000  MCC=0.0000  Train=0.022s  Test=0.006s  Peak RAM=3.128 MB
2026-03-22 16:51:23 | INFO | [ncluster=178/178] AUC-ROC=50.00%  AUC-PR=10.84%  F1=0.0000  MCC=0.0000  Train=0.022s  Test=0.005s  Peak RAM=3.125 MB
2026-03-22 16:51:23 | INFO | [ncluster=181/181] AUC-ROC=50.00%  AUC-PR=10.84%  F1=0.0000  MCC=0.0000  Train=0.023s  Test=0.006s  Peak RAM=3.129 MB
2026-03-22 16:51:23 | INFO | [ncluster=184/184] AUC-ROC=50.00%  AUC-PR=10.84%  F1=0.0000  MCC=0.0000  Train=0.022s  Test=0.005s  Peak RAM=3.126 MB
2026-03-22 16:51:23 | INFO | [ncluster=187/187] AUC-ROC=50.00%  AUC-PR=10.84%  F1=0.0000  MCC=0.0000  Train=0.024s  Test=0.006s  Peak RAM=3.129 MB
2026-03-22 16:51:23 | INFO | [ncluster=190/190] AUC-ROC=50.00%  AUC-PR=10.84%  F1=0.0000  MCC=0.0000  Train=0.023s  Test=0.006s  Peak RAM=3.126 MB
2026-03-22 16:51:23 | INFO | [ncluster=193/193] AUC-ROC=50.00%  AUC-PR=10.84%  F1=0.0000  MCC=0.0000  Train=0.024s  Test=0.005s  Peak RAM=3.13 MB
2026-03-22 16:51:23 | INFO | [ncluster=196/196] AUC-ROC=50.00%  AUC-PR=10.84%  F1=0.0000  MCC=0.0000  Train=0.023s  Test=0.006s  Peak RAM=3.128 MB
2026-03-22 16:51:23 | INFO | [ncluster=199/199] AUC-ROC=50.00%  AUC-PR=10.84%  F1=0.0000  MCC=0.0000  Train=0.023s  Test=0.007s  Peak RAM=3.129 MB
2026-03-22 16:51:23 | INFO | [ncluster=202/202] AUC-ROC=50.00%  AUC-PR=10.84%  F1=0.0000  MCC=0.0000  Train=0.030s  Test=0.006s  Peak RAM=3.127 MB
2026-03-22 16:51:23 | INFO | [ncluster=205/205] AUC-ROC=50.00%  AUC-PR=10.84%  F1=0.0000  MCC=0.0000  Train=0.026s  Test=0.006s  Peak RAM=3.13 MB
2026-03-22 16:51:23 | INFO | [ncluster=208/208] AUC-ROC=50.00%  AUC-PR=10.84%  F1=0.0000  MCC=0.0000  Train=0.025s  Test=0.005s  Peak RAM=3.128 MB
2026-03-22 16:51:23 | INFO | [ncluster=211/211] AUC-ROC=50.00%  AUC-PR=10.84%  F1=0.0000  MCC=0.0000  Train=0.026s  Test=0.006s  Peak RAM=3.132 MB
2026-03-22 16:51:23 | INFO | [ncluster=214/214] AUC-ROC=50.00%  AUC-PR=10.84%  F1=0.0000  MCC=0.0000  Train=0.025s  Test=0.006s  Peak RAM=3.128 MB
2026-03-22 16:51:23 | INFO | [ncluster=217/217] AUC-ROC=50.00%  AUC-PR=10.84%  F1=0.0000  MCC=0.0000  Train=0.025s  Test=0.006s  Peak RAM=3.131 MB
2026-03-22 16:51:23 | INFO | [ncluster=220/220] AUC-ROC=50.00%  AUC-PR=10.84%  F1=0.0000  MCC=0.0000  Train=0.027s  Test=0.006s  Peak RAM=3.133 MB
2026-03-22 16:51:23 | INFO | [ncluster=223/223] AUC-ROC=50.00%  AUC-PR=10.84%  F1=0.0000  MCC=0.0000  Train=0.026s  Test=0.007s  Peak RAM=3.134 MB
2026-03-22 16:51:23 | INFO | [ncluster=226/226] AUC-ROC=50.00%  AUC-PR=10.84%  F1=0.0000  MCC=0.0000  Train=0.027s  Test=0.006s  Peak RAM=3.132 MB
2026-03-22 16:51:23 | INFO | [ncluster=229/229] AUC-ROC=50.00%  AUC-PR=10.84%  F1=0.0000  MCC=0.0000  Train=0.027s  Test=0.006s  Peak RAM=3.132 MB
2026-03-22 16:51:23 | INFO | [ncluster=232/232] AUC-ROC=50.00%  AUC-PR=10.84%  F1=0.0000  MCC=0.0000  Train=0.026s  Test=0.006s  Peak RAM=3.132 MB
2026-03-22 16:51:23 | INFO | [ncluster=235/235] AUC-ROC=50.00%  AUC-PR=10.84%  F1=0.0000  MCC=0.0000  Train=0.028s  Test=0.006s  Peak RAM=3.132 MB
2026-03-22 16:51:23 | INFO | [ncluster=238/238] AUC-ROC=50.00%  AUC-PR=10.84%  F1=0.0000  MCC=0.0000  Train=0.028s  Test=0.007s  Peak RAM=3.131 MB
2026-03-22 16:51:23 | INFO | [ncluster=241/241] AUC-ROC=50.00%  AUC-PR=10.84%  F1=0.0000  MCC=0.0000  Train=0.027s  Test=0.007s  Peak RAM=3.133 MB
2026-03-22 16:51:23 | INFO | [ncluster=244/244] AUC-ROC=50.00%  AUC-PR=10.84%  F1=0.0000  MCC=0.0000  Train=0.028s  Test=0.007s  Peak RAM=3.134 MB
2026-03-22 16:51:23 | INFO | [ncluster=247/247] AUC-ROC=50.00%  AUC-PR=10.84%  F1=0.0000  MCC=0.0000  Train=0.028s  Test=0.007s  Peak RAM=3.135 MB
2026-03-22 16:51:23 | INFO | [ncluster=250/250] AUC-ROC=50.00%  AUC-PR=10.84%  F1=0.0000  MCC=0.0000  Train=0.028s  Test=0.006s  Peak RAM=3.133 MB
2026-03-22 16:51:23 | INFO | [ncluster=253/253] AUC-ROC=50.00%  AUC-PR=10.84%  F1=0.0000  MCC=0.0000  Train=0.028s  Test=0.007s  Peak RAM=3.135 MB
2026-03-22 16:51:23 | INFO | [ncluster=256/256] AUC-ROC=50.00%  AUC-PR=10.84%  F1=0.0000  MCC=0.0000  Train=0.030s  Test=0.006s  Peak RAM=3.133 MB
2026-03-22 16:51:23 | INFO | [ncluster=259/259] AUC-ROC=50.00%  AUC-PR=10.84%  F1=0.0000  MCC=0.0000  Train=0.029s  Test=0.007s  Peak RAM=3.134 MB
2026-03-22 16:51:23 | INFO | [ncluster=262/262] AUC-ROC=50.00%  AUC-PR=10.84%  F1=0.0000  MCC=0.0000  Train=0.031s  Test=0.007s  Peak RAM=3.135 MB
2026-03-22 16:51:23 | INFO | [ncluster=265/265] AUC-ROC=50.00%  AUC-PR=10.84%  F1=0.0000  MCC=0.0000  Train=0.030s  Test=0.006s  Peak RAM=3.134 MB
2026-03-22 16:51:23 | INFO | [ncluster=268/268] AUC-ROC=50.00%  AUC-PR=10.84%  F1=0.0000  MCC=0.0000  Train=0.029s  Test=0.007s  Peak RAM=3.133 MB
2026-03-22 16:51:23 | INFO | [ncluster=271/271] AUC-ROC=50.00%  AUC-PR=10.84%  F1=0.0000  MCC=0.0000  Train=0.031s  Test=0.007s  Peak RAM=3.136 MB
2026-03-22 16:51:23 | INFO | [ncluster=274/274] AUC-ROC=50.00%  AUC-PR=10.84%  F1=0.0000  MCC=0.0000  Train=0.032s  Test=0.007s  Peak RAM=3.134 MB
2026-03-22 16:51:23 | INFO | [ncluster=277/277] AUC-ROC=50.00%  AUC-PR=10.84%  F1=0.0000  MCC=0.0000  Train=0.031s  Test=0.007s  Peak RAM=3.135 MB
2026-03-22 16:51:23 | INFO | [ncluster=280/280] AUC-ROC=50.00%  AUC-PR=10.84%  F1=0.0000  MCC=0.0000  Train=0.029s  Test=0.006s  Peak RAM=3.136 MB
2026-03-22 16:51:23 | INFO | [ncluster=283/283] AUC-ROC=50.00%  AUC-PR=10.84%  F1=0.0000  MCC=0.0000  Train=0.030s  Test=0.007s  Peak RAM=3.137 MB
2026-03-22 16:51:23 | INFO | [ncluster=286/286] AUC-ROC=50.00%  AUC-PR=10.84%  F1=0.0000  MCC=0.0000  Train=0.031s  Test=0.007s  Peak RAM=3.135 MB
2026-03-22 16:51:23 | INFO | [ncluster=289/289] AUC-ROC=50.00%  AUC-PR=10.84%  F1=0.0000  MCC=0.0000  Train=0.031s  Test=0.007s  Peak RAM=3.136 MB
2026-03-22 16:51:23 | INFO | [ncluster=292/292] AUC-ROC=50.00%  AUC-PR=10.84%  F1=0.0000  MCC=0.0000  Train=0.033s  Test=0.007s  Peak RAM=3.136 MB
2026-03-22 16:51:23 | INFO | [ncluster=295/295] AUC-ROC=50.00%  AUC-PR=10.84%  F1=0.0000  MCC=0.0000  Train=0.032s  Test=0.008s  Peak RAM=3.137 MB
2026-03-22 16:51:23 | INFO | [ncluster=298/298] AUC-ROC=50.00%  AUC-PR=10.84%  F1=0.0000  MCC=0.0000  Train=0.033s  Test=0.007s  Peak RAM=3.138 MB
2026-03-22 16:51:23 | INFO | [ncluster=301/301] AUC-ROC=50.00%  AUC-PR=10.84%  F1=0.0000  MCC=0.0000  Train=0.034s  Test=0.007s  Peak RAM=3.135 MB
2026-03-22 16:51:23 | INFO | [ncluster=304/304] AUC-ROC=50.00%  AUC-PR=10.84%  F1=0.0000  MCC=0.0000  Train=0.030s  Test=0.007s  Peak RAM=3.136 MB
2026-03-22 16:51:23 | INFO | [ncluster=307/307] AUC-ROC=50.00%  AUC-PR=10.84%  F1=0.0000  MCC=0.0000  Train=0.034s  Test=0.007s  Peak RAM=3.137 MB
2026-03-22 16:51:23 | INFO | [ncluster=310/310] AUC-ROC=50.00%  AUC-PR=10.84%  F1=0.0000  MCC=0.0000  Train=0.035s  Test=0.008s  Peak RAM=3.136 MB
2026-03-22 16:51:23 | INFO | [ncluster=313/313] AUC-ROC=50.00%  AUC-PR=10.84%  F1=0.0000  MCC=0.0000  Train=0.033s  Test=0.007s  Peak RAM=3.138 MB
2026-03-22 16:51:23 | INFO | [ncluster=316/316] AUC-ROC=50.00%  AUC-PR=10.84%  F1=0.0000  MCC=0.0000  Train=0.034s  Test=0.007s  Peak RAM=3.138 MB
2026-03-22 16:51:23 | INFO | [ncluster=319/319] AUC-ROC=50.00%  AUC-PR=10.84%  F1=0.0000  MCC=0.0000  Train=0.032s  Test=0.008s  Peak RAM=3.139 MB
2026-03-22 16:51:23 | INFO | [ncluster=322/322] AUC-ROC=50.00%  AUC-PR=10.84%  F1=0.0000  MCC=0.0000  Train=0.034s  Test=0.007s  Peak RAM=3.137 MB
2026-03-22 16:51:23 | INFO | [ncluster=325/325] AUC-ROC=50.00%  AUC-PR=10.84%  F1=0.0000  MCC=0.0000  Train=0.034s  Test=0.008s  Peak RAM=3.138 MB
2026-03-22 16:51:23 | INFO | [ncluster=328/328] AUC-ROC=50.00%  AUC-PR=10.84%  F1=0.0000  MCC=0.0000  Train=0.036s  Test=0.007s  Peak RAM=3.137 MB
2026-03-22 16:51:23 | INFO | [ncluster=331/331] AUC-ROC=50.00%  AUC-PR=10.84%  F1=0.0000  MCC=0.0000  Train=0.036s  Test=0.008s  Peak RAM=3.139 MB
2026-03-22 16:51:23 | INFO | [ncluster=334/334] AUC-ROC=50.00%  AUC-PR=10.84%  F1=0.0000  MCC=0.0000  Train=0.036s  Test=0.008s  Peak RAM=3.139 MB
2026-03-22 16:51:23 | INFO | [ncluster=337/337] AUC-ROC=50.00%  AUC-PR=10.84%  F1=0.0000  MCC=0.0000  Train=0.037s  Test=0.007s  Peak RAM=3.138 MB
2026-03-22 16:51:23 | INFO | [ncluster=340/340] AUC-ROC=50.00%  AUC-PR=10.84%  F1=0.0000  MCC=0.0000  Train=0.035s  Test=0.008s  Peak RAM=3.138 MB
2026-03-22 16:51:23 | INFO | [ncluster=343/343] AUC-ROC=50.00%  AUC-PR=10.84%  F1=0.0000  MCC=0.0000  Train=0.037s  Test=0.009s  Peak RAM=3.14 MB
2026-03-22 16:51:23 | INFO | [ncluster=346/346] AUC-ROC=50.00%  AUC-PR=10.84%  F1=0.0000  MCC=0.0000  Train=0.038s  Test=0.008s  Peak RAM=3.139 MB
2026-03-22 16:51:23 | INFO | [ncluster=349/349] AUC-ROC=50.00%  AUC-PR=10.84%  F1=0.0000  MCC=0.0000  Train=0.035s  Test=0.008s  Peak RAM=3.142 MB
2026-03-22 16:51:23 | INFO | [ncluster=352/352] AUC-ROC=50.00%  AUC-PR=10.84%  F1=0.0000  MCC=0.0000  Train=0.037s  Test=0.007s  Peak RAM=3.14 MB
2026-03-22 16:51:23 | INFO | [ncluster=355/355] AUC-ROC=50.00%  AUC-PR=10.84%  F1=0.0000  MCC=0.0000  Train=0.035s  Test=0.008s  Peak RAM=3.143 MB
2026-03-22 16:51:23 | INFO | [ncluster=358/358] AUC-ROC=50.00%  AUC-PR=10.84%  F1=0.0000  MCC=0.0000  Train=0.036s  Test=0.008s  Peak RAM=3.14 MB
2026-03-22 16:51:23 | INFO | [ncluster=361/361] AUC-ROC=50.00%  AUC-PR=10.84%  F1=0.0000  MCC=0.0000  Train=0.037s  Test=0.008s  Peak RAM=3.143 MB
2026-03-22 16:51:23 | INFO | [ncluster=364/364] AUC-ROC=50.00%  AUC-PR=10.84%  F1=0.0000  MCC=0.0000  Train=0.039s  Test=0.008s  Peak RAM=3.14 MB
2026-03-22 16:51:23 | INFO | [ncluster=367/367] AUC-ROC=50.00%  AUC-PR=10.84%  F1=0.0000  MCC=0.0000  Train=0.039s  Test=0.009s  Peak RAM=3.141 MB
2026-03-22 16:51:23 | INFO | [ncluster=370/370] AUC-ROC=50.00%  AUC-PR=10.84%  F1=0.0000  MCC=0.0000  Train=0.039s  Test=0.008s  Peak RAM=3.142 MB
2026-03-22 16:51:23 | INFO | [ncluster=373/373] AUC-ROC=50.00%  AUC-PR=10.84%  F1=0.0000  MCC=0.0000  Train=0.040s  Test=0.008s  Peak RAM=3.14 MB
2026-03-22 16:51:23 | INFO | [ncluster=376/376] AUC-ROC=50.00%  AUC-PR=10.84%  F1=0.0000  MCC=0.0000  Train=0.038s  Test=0.008s  Peak RAM=3.14 MB
2026-03-22 16:51:23 | INFO | [ncluster=379/379] AUC-ROC=50.00%  AUC-PR=10.84%  F1=0.0000  MCC=0.0000  Train=0.040s  Test=0.008s  Peak RAM=3.141 MB
2026-03-22 16:51:23 | INFO | [ncluster=382/382] AUC-ROC=50.00%  AUC-PR=10.84%  F1=0.0000  MCC=0.0000  Train=0.039s  Test=0.009s  Peak RAM=3.143 MB
2026-03-22 16:51:23 | INFO | [ncluster=385/385] AUC-ROC=50.00%  AUC-PR=10.84%  F1=0.0000  MCC=0.0000  Train=0.040s  Test=0.008s  Peak RAM=3.146 MB
2026-03-22 16:51:23 | INFO | [ncluster=388/388] AUC-ROC=50.00%  AUC-PR=10.84%  F1=0.0000  MCC=0.0000  Train=0.038s  Test=0.008s  Peak RAM=3.148 MB
2026-03-22 16:51:23 | INFO | [ncluster=391/391] AUC-ROC=50.00%  AUC-PR=10.84%  F1=0.0000  MCC=0.0000  Train=0.039s  Test=0.009s  Peak RAM=3.143 MB
2026-03-22 16:51:23 | INFO | [ncluster=394/394] AUC-ROC=50.00%  AUC-PR=10.84%  F1=0.0000  MCC=0.0000  Train=0.040s  Test=0.008s  Peak RAM=3.146 MB
2026-03-22 16:51:23 | INFO | [ncluster=397/397] AUC-ROC=50.00%  AUC-PR=10.84%  F1=0.0000  MCC=0.0000  Train=0.040s  Test=0.009s  Peak RAM=3.143 MB
2026-03-22 16:51:23 | INFO | [ncluster=400/400] AUC-ROC=50.00%  AUC-PR=10.84%  F1=0.0000  MCC=0.0000  Train=0.042s  Test=0.008s  Peak RAM=3.147 MB
2026-03-22 16:51:23 | INFO | [ncluster=403/403] AUC-ROC=50.00%  AUC-PR=10.84%  F1=0.0000  MCC=0.0000  Train=0.042s  Test=0.008s  Peak RAM=3.145 MB
2026-03-22 16:51:23 | INFO | [ncluster=406/406] AUC-ROC=50.00%  AUC-PR=10.84%  F1=0.0000  MCC=0.0000  Train=0.042s  Test=0.009s  Peak RAM=3.147 MB
2026-03-22 16:51:23 | INFO | [ncluster=409/409] AUC-ROC=50.00%  AUC-PR=10.84%  F1=0.0000  MCC=0.0000  Train=0.043s  Test=0.008s  Peak RAM=3.145 MB
2026-03-22 16:51:23 | INFO | [ncluster=412/412] AUC-ROC=50.00%  AUC-PR=10.84%  F1=0.0000  MCC=0.0000  Train=0.039s  Test=0.009s  Peak RAM=3.146 MB
2026-03-22 16:51:23 | INFO | [ncluster=415/415] AUC-ROC=50.00%  AUC-PR=10.84%  F1=0.0000  MCC=0.0000  Train=0.043s  Test=0.009s  Peak RAM=3.151 MB
2026-03-22 16:51:23 | INFO | [ncluster=418/418] AUC-ROC=50.00%  AUC-PR=10.84%  F1=0.0000  MCC=0.0000  Train=0.047s  Test=0.010s  Peak RAM=3.143 MB
2026-03-22 16:51:23 | INFO | [ncluster=421/421] AUC-ROC=50.00%  AUC-PR=10.84%  F1=0.0000  MCC=0.0000  Train=0.043s  Test=0.009s  Peak RAM=3.144 MB
2026-03-22 16:51:23 | INFO | [ncluster=424/424] AUC-ROC=50.00%  AUC-PR=10.84%  F1=0.0000  MCC=0.0000  Train=0.044s  Test=0.008s  Peak RAM=3.144 MB
2026-03-22 16:51:23 | INFO | [ncluster=427/427] AUC-ROC=50.00%  AUC-PR=10.84%  F1=0.0000  MCC=0.0000  Train=0.043s  Test=0.009s  Peak RAM=3.146 MB
2026-03-22 16:51:23 | INFO | [ncluster=430/430] AUC-ROC=50.00%  AUC-PR=10.84%  F1=0.0000  MCC=0.0000  Train=0.043s  Test=0.009s  Peak RAM=3.145 MB
2026-03-22 16:51:23 | INFO | [ncluster=433/433] AUC-ROC=50.00%  AUC-PR=10.84%  F1=0.0000  MCC=0.0000  Train=0.044s  Test=0.008s  Peak RAM=3.144 MB
2026-03-22 16:51:23 | INFO | [ncluster=436/436] AUC-ROC=50.00%  AUC-PR=10.84%  F1=0.0000  MCC=0.0000  Train=0.045s  Test=0.009s  Peak RAM=3.146 MB
2026-03-22 16:51:23 | INFO | [ncluster=439/439] AUC-ROC=50.00%  AUC-PR=10.84%  F1=0.0000  MCC=0.0000  Train=0.045s  Test=0.010s  Peak RAM=3.145 MB
2026-03-22 16:51:23 | INFO | [ncluster=442/442] AUC-ROC=50.00%  AUC-PR=10.84%  F1=0.0000  MCC=0.0000  Train=0.045s  Test=0.009s  Peak RAM=3.147 MB
2026-03-22 16:51:23 | INFO | [ncluster=445/445] AUC-ROC=50.00%  AUC-PR=10.84%  F1=0.0000  MCC=0.0000  Train=0.046s  Test=0.009s  Peak RAM=3.146 MB
2026-03-22 16:51:23 | INFO | [ncluster=448/448] AUC-ROC=50.00%  AUC-PR=10.84%  F1=0.0000  MCC=0.0000  Train=0.042s  Test=0.008s  Peak RAM=3.146 MB
2026-03-22 16:51:23 | INFO | [ncluster=451/451] AUC-ROC=50.00%  AUC-PR=10.84%  F1=0.0000  MCC=0.0000  Train=0.047s  Test=0.009s  Peak RAM=3.148 MB
2026-03-22 16:51:23 | INFO | [ncluster=454/454] AUC-ROC=50.00%  AUC-PR=10.84%  F1=0.0000  MCC=0.0000  Train=0.044s  Test=0.010s  Peak RAM=3.145 MB
2026-03-22 16:51:23 | INFO | [ncluster=457/457] AUC-ROC=50.00%  AUC-PR=10.84%  F1=0.0000  MCC=0.0000  Train=0.046s  Test=0.009s  Peak RAM=3.147 MB
2026-03-22 16:51:23 | INFO | [ncluster=460/460] AUC-ROC=50.00%  AUC-PR=10.84%  F1=0.0000  MCC=0.0000  Train=0.045s  Test=0.009s  Peak RAM=3.147 MB
2026-03-22 16:51:23 | INFO | [ncluster=463/463] AUC-ROC=50.00%  AUC-PR=10.84%  F1=0.0000  MCC=0.0000  Train=0.046s  Test=0.010s  Peak RAM=3.146 MB
2026-03-22 16:51:23 | INFO | [ncluster=466/466] AUC-ROC=50.00%  AUC-PR=10.84%  F1=0.0000  MCC=0.0000  Train=0.047s  Test=0.009s  Peak RAM=3.147 MB
2026-03-22 16:51:23 | INFO | [ncluster=469/469] AUC-ROC=50.00%  AUC-PR=10.84%  F1=0.0000  MCC=0.0000  Train=0.048s  Test=0.010s  Peak RAM=3.147 MB
2026-03-22 16:51:23 | INFO | [ncluster=472/472] AUC-ROC=50.00%  AUC-PR=10.84%  F1=0.0000  MCC=0.0000  Train=0.047s  Test=0.008s  Peak RAM=3.147 MB
2026-03-22 16:51:23 | INFO | [ncluster=475/475] AUC-ROC=50.00%  AUC-PR=10.84%  F1=0.0000  MCC=0.0000  Train=0.048s  Test=0.009s  Peak RAM=3.148 MB
2026-03-22 16:51:23 | INFO | [ncluster=478/478] AUC-ROC=50.00%  AUC-PR=10.84%  F1=0.0000  MCC=0.0000  Train=0.031s  Test=0.008s  Peak RAM=3.148 MB
2026-03-22 16:51:23 | INFO | [ncluster=481/481] AUC-ROC=50.00%  AUC-PR=10.84%  F1=0.0000  MCC=0.0000  Train=0.031s  Test=0.007s  Peak RAM=3.149 MB
2026-03-22 16:51:23 | INFO | [ncluster=484/484] AUC-ROC=50.00%  AUC-PR=10.84%  F1=0.0000  MCC=0.0000  Train=0.030s  Test=0.007s  Peak RAM=3.148 MB
2026-03-22 16:51:23 | INFO | [ncluster=487/487] AUC-ROC=50.00%  AUC-PR=10.84%  F1=0.0000  MCC=0.0000  Train=0.031s  Test=0.008s  Peak RAM=3.149 MB
2026-03-22 16:51:23 | INFO | [ncluster=490/490] AUC-ROC=50.00%  AUC-PR=10.84%  F1=0.0000  MCC=0.0000  Train=0.031s  Test=0.007s  Peak RAM=3.148 MB
2026-03-22 16:51:23 | INFO | [ncluster=493/493] AUC-ROC=50.00%  AUC-PR=10.84%  F1=0.0000  MCC=0.0000  Train=0.030s  Test=0.007s  Peak RAM=3.148 MB
2026-03-22 16:51:23 | INFO | [ncluster=496/496] AUC-ROC=50.00%  AUC-PR=10.84%  F1=0.0000  MCC=0.0000  Train=0.031s  Test=0.007s  Peak RAM=3.149 MB
2026-03-22 16:51:23 | INFO | [ncluster=499/499] AUC-ROC=50.00%  AUC-PR=10.84%  F1=0.0000  MCC=0.0000  Train=0.030s  Test=0.007s  Peak RAM=3.15 MB
2026-03-22 16:51:23 | INFO | --- noise=3% ---
2026-03-22 16:51:23 | INFO | ============================================================
2026-03-22 16:51:23 | INFO | Dataset  : Train_MinMaxScaler_data_BoTIoT.csv
2026-03-22 16:51:23 | INFO | Scaler   : MinMaxScaler
2026-03-22 16:51:23 | INFO | Noise    : 3%
2026-03-22 16:51:23 | INFO | nClusters: 167 values (1..499)
2026-03-22 16:51:23 | INFO | ============================================================
2026-03-22 16:51:23 | INFO | Loaded Raw Shape -> Train: (7257, 27), Test: (16815, 27)
2026-03-22 16:51:23 | INFO | Dropped metadata features: ['pkSeqID', 'stime', 'ltime', 'seq', 'saddr', 'daddr', 'sport', 'dport', 'state', 'flgs', 'proto']
2026-03-22 16:51:23 | INFO | Dropped metadata features: ['pkSeqID', 'stime', 'ltime', 'seq', 'saddr', 'daddr', 'sport', 'dport', 'state', 'flgs', 'proto']
2026-03-22 16:51:23 | INFO | Training size : 7,474  |  Testing size: 16,598  |  Features: 15
2026-03-22 16:51:23 | INFO | Firing up Parallel execution for 167 cluster configs...
2026-03-22 16:52:26 | INFO | [ncluster=1/1] AUC-ROC=50.00%  AUC-PR=10.94%  F1=0.0000  MCC=0.0000  Train=0.006s  Test=0.003s  Peak RAM=3.177 MB
2026-03-22 16:52:26 | INFO | [ncluster=4/4] AUC-ROC=50.00%  AUC-PR=10.94%  F1=0.0000  MCC=0.0000  Train=0.007s  Test=0.003s  Peak RAM=3.178 MB
2026-03-22 16:52:26 | INFO | [ncluster=7/7] AUC-ROC=50.00%  AUC-PR=10.94%  F1=0.0000  MCC=0.0000  Train=0.007s  Test=0.004s  Peak RAM=3.178 MB
2026-03-22 16:52:26 | INFO | [ncluster=10/10] AUC-ROC=50.00%  AUC-PR=10.94%  F1=0.0000  MCC=0.0000  Train=0.009s  Test=0.003s  Peak RAM=3.179 MB
2026-03-22 16:52:26 | INFO | [ncluster=13/13] AUC-ROC=50.00%  AUC-PR=10.94%  F1=0.0000  MCC=0.0000  Train=0.009s  Test=0.004s  Peak RAM=3.18 MB
2026-03-22 16:52:26 | INFO | [ncluster=16/16] AUC-ROC=50.00%  AUC-PR=10.94%  F1=0.0000  MCC=0.0000  Train=0.009s  Test=0.003s  Peak RAM=3.179 MB
2026-03-22 16:52:26 | INFO | [ncluster=19/19] AUC-ROC=50.00%  AUC-PR=10.94%  F1=0.0000  MCC=0.0000  Train=0.008s  Test=0.003s  Peak RAM=3.178 MB
2026-03-22 16:52:26 | INFO | [ncluster=22/22] AUC-ROC=50.00%  AUC-PR=10.94%  F1=0.0000  MCC=0.0000  Train=0.009s  Test=0.004s  Peak RAM=3.181 MB
2026-03-22 16:52:26 | INFO | [ncluster=25/25] AUC-ROC=50.00%  AUC-PR=10.94%  F1=0.0000  MCC=0.0000  Train=0.010s  Test=0.003s  Peak RAM=3.179 MB
2026-03-22 16:52:26 | INFO | [ncluster=28/28] AUC-ROC=50.00%  AUC-PR=10.94%  F1=0.0000  MCC=0.0000  Train=0.009s  Test=0.004s  Peak RAM=3.182 MB
2026-03-22 16:52:26 | INFO | [ncluster=31/31] AUC-ROC=50.00%  AUC-PR=10.94%  F1=0.0000  MCC=0.0000  Train=0.010s  Test=0.004s  Peak RAM=3.182 MB
2026-03-22 16:52:26 | INFO | [ncluster=34/34] AUC-ROC=50.00%  AUC-PR=10.94%  F1=0.0000  MCC=0.0000  Train=0.009s  Test=0.004s  Peak RAM=3.181 MB
2026-03-22 16:52:26 | INFO | [ncluster=37/37] AUC-ROC=50.00%  AUC-PR=10.94%  F1=0.0000  MCC=0.0000  Train=0.010s  Test=0.004s  Peak RAM=3.181 MB
2026-03-22 16:52:26 | INFO | [ncluster=40/40] AUC-ROC=50.00%  AUC-PR=10.94%  F1=0.0000  MCC=0.0000  Train=0.011s  Test=0.003s  Peak RAM=3.18 MB
2026-03-22 16:52:26 | INFO | [ncluster=43/43] AUC-ROC=50.00%  AUC-PR=10.94%  F1=0.0000  MCC=0.0000  Train=0.010s  Test=0.004s  Peak RAM=3.18 MB
2026-03-22 16:52:26 | INFO | [ncluster=46/46] AUC-ROC=50.00%  AUC-PR=10.94%  F1=0.0000  MCC=0.0000  Train=0.012s  Test=0.004s  Peak RAM=3.181 MB
2026-03-22 16:52:26 | INFO | [ncluster=49/49] AUC-ROC=50.00%  AUC-PR=10.94%  F1=0.0000  MCC=0.0000  Train=0.012s  Test=0.003s  Peak RAM=3.181 MB
2026-03-22 16:52:26 | INFO | [ncluster=52/52] AUC-ROC=50.00%  AUC-PR=10.94%  F1=0.0000  MCC=0.0000  Train=0.012s  Test=0.004s  Peak RAM=3.181 MB
2026-03-22 16:52:26 | INFO | [ncluster=55/55] AUC-ROC=50.00%  AUC-PR=10.94%  F1=0.0000  MCC=0.0000  Train=0.011s  Test=0.005s  Peak RAM=3.18 MB
2026-03-22 16:52:26 | INFO | [ncluster=58/58] AUC-ROC=50.00%  AUC-PR=10.94%  F1=0.0000  MCC=0.0000  Train=0.013s  Test=0.004s  Peak RAM=3.182 MB
2026-03-22 16:52:26 | INFO | [ncluster=61/61] AUC-ROC=50.00%  AUC-PR=10.94%  F1=0.0000  MCC=0.0000  Train=0.013s  Test=0.004s  Peak RAM=3.184 MB
2026-03-22 16:52:26 | INFO | [ncluster=64/64] AUC-ROC=50.00%  AUC-PR=10.94%  F1=0.0000  MCC=0.0000  Train=0.012s  Test=0.003s  Peak RAM=3.183 MB
2026-03-22 16:52:26 | INFO | [ncluster=67/67] AUC-ROC=50.00%  AUC-PR=10.94%  F1=0.0000  MCC=0.0000  Train=0.013s  Test=0.004s  Peak RAM=3.183 MB
2026-03-22 16:52:26 | INFO | [ncluster=70/70] AUC-ROC=50.00%  AUC-PR=10.94%  F1=0.0000  MCC=0.0000  Train=0.012s  Test=0.005s  Peak RAM=3.184 MB
2026-03-22 16:52:26 | INFO | [ncluster=73/73] AUC-ROC=50.00%  AUC-PR=10.94%  F1=0.0000  MCC=0.0000  Train=0.013s  Test=0.004s  Peak RAM=3.183 MB
2026-03-22 16:52:26 | INFO | [ncluster=76/76] AUC-ROC=50.00%  AUC-PR=10.94%  F1=0.0000  MCC=0.0000  Train=0.013s  Test=0.004s  Peak RAM=3.181 MB
2026-03-22 16:52:26 | INFO | [ncluster=79/79] AUC-ROC=50.00%  AUC-PR=10.94%  F1=0.0000  MCC=0.0000  Train=0.015s  Test=0.005s  Peak RAM=3.183 MB
2026-03-22 16:52:26 | INFO | [ncluster=82/82] AUC-ROC=50.00%  AUC-PR=10.94%  F1=0.0000  MCC=0.0000  Train=0.014s  Test=0.004s  Peak RAM=3.181 MB
2026-03-22 16:52:26 | INFO | [ncluster=85/85] AUC-ROC=50.00%  AUC-PR=10.94%  F1=0.0000  MCC=0.0000  Train=0.014s  Test=0.005s  Peak RAM=3.184 MB
2026-03-22 16:52:26 | INFO | [ncluster=88/88] AUC-ROC=50.00%  AUC-PR=10.94%  F1=0.0000  MCC=0.0000  Train=0.014s  Test=0.004s  Peak RAM=3.181 MB
2026-03-22 16:52:26 | INFO | [ncluster=91/91] AUC-ROC=50.00%  AUC-PR=10.94%  F1=0.0000  MCC=0.0000  Train=0.016s  Test=0.004s  Peak RAM=3.184 MB
2026-03-22 16:52:26 | INFO | [ncluster=94/94] AUC-ROC=50.00%  AUC-PR=10.94%  F1=0.0000  MCC=0.0000  Train=0.015s  Test=0.005s  Peak RAM=3.182 MB
2026-03-22 16:52:26 | INFO | [ncluster=97/97] AUC-ROC=50.00%  AUC-PR=10.94%  F1=0.0000  MCC=0.0000  Train=0.017s  Test=0.004s  Peak RAM=3.185 MB
2026-03-22 16:52:26 | INFO | [ncluster=100/100] AUC-ROC=50.00%  AUC-PR=10.94%  F1=0.0000  MCC=0.0000  Train=0.015s  Test=0.005s  Peak RAM=3.182 MB
2026-03-22 16:52:26 | INFO | [ncluster=103/103] AUC-ROC=50.00%  AUC-PR=10.94%  F1=0.0000  MCC=0.0000  Train=0.016s  Test=0.005s  Peak RAM=3.184 MB
2026-03-22 16:52:26 | INFO | [ncluster=106/106] AUC-ROC=50.00%  AUC-PR=10.94%  F1=0.0000  MCC=0.0000  Train=0.016s  Test=0.005s  Peak RAM=3.182 MB
2026-03-22 16:52:26 | INFO | [ncluster=109/109] AUC-ROC=50.00%  AUC-PR=10.94%  F1=0.0000  MCC=0.0000  Train=0.016s  Test=0.005s  Peak RAM=3.185 MB
2026-03-22 16:52:26 | INFO | [ncluster=112/112] AUC-ROC=50.00%  AUC-PR=10.94%  F1=0.0000  MCC=0.0000  Train=0.016s  Test=0.004s  Peak RAM=3.182 MB
2026-03-22 16:52:26 | INFO | [ncluster=115/115] AUC-ROC=50.00%  AUC-PR=10.94%  F1=0.0000  MCC=0.0000  Train=0.018s  Test=0.005s  Peak RAM=3.186 MB
2026-03-22 16:52:26 | INFO | [ncluster=118/118] AUC-ROC=50.00%  AUC-PR=10.94%  F1=0.0000  MCC=0.0000  Train=0.017s  Test=0.005s  Peak RAM=3.184 MB
2026-03-22 16:52:26 | INFO | [ncluster=121/121] AUC-ROC=50.00%  AUC-PR=10.94%  F1=0.0000  MCC=0.0000  Train=0.018s  Test=0.004s  Peak RAM=3.187 MB
2026-03-22 16:52:26 | INFO | [ncluster=124/124] AUC-ROC=50.00%  AUC-PR=10.94%  F1=0.0000  MCC=0.0000  Train=0.017s  Test=0.005s  Peak RAM=3.184 MB
2026-03-22 16:52:26 | INFO | [ncluster=127/127] AUC-ROC=50.00%  AUC-PR=10.94%  F1=0.0000  MCC=0.0000  Train=0.018s  Test=0.006s  Peak RAM=3.188 MB
2026-03-22 16:52:26 | INFO | [ncluster=130/130] AUC-ROC=50.00%  AUC-PR=10.94%  F1=0.0000  MCC=0.0000  Train=0.018s  Test=0.005s  Peak RAM=3.185 MB
2026-03-22 16:52:26 | INFO | [ncluster=133/133] AUC-ROC=50.00%  AUC-PR=10.94%  F1=0.0000  MCC=0.0000  Train=0.019s  Test=0.005s  Peak RAM=3.187 MB
2026-03-22 16:52:26 | INFO | [ncluster=136/136] AUC-ROC=50.00%  AUC-PR=10.94%  F1=0.0000  MCC=0.0000  Train=0.018s  Test=0.004s  Peak RAM=3.186 MB
2026-03-22 16:52:26 | INFO | [ncluster=139/139] AUC-ROC=50.00%  AUC-PR=10.94%  F1=0.0000  MCC=0.0000  Train=0.019s  Test=0.005s  Peak RAM=3.189 MB
2026-03-22 16:52:26 | INFO | [ncluster=142/142] AUC-ROC=50.00%  AUC-PR=10.94%  F1=0.0000  MCC=0.0000  Train=0.019s  Test=0.005s  Peak RAM=3.186 MB
2026-03-22 16:52:26 | INFO | [ncluster=145/145] AUC-ROC=50.00%  AUC-PR=10.94%  F1=0.0000  MCC=0.0000  Train=0.019s  Test=0.005s  Peak RAM=3.187 MB
2026-03-22 16:52:26 | INFO | [ncluster=148/148] AUC-ROC=50.00%  AUC-PR=10.94%  F1=0.0000  MCC=0.0000  Train=0.019s  Test=0.005s  Peak RAM=3.185 MB
2026-03-22 16:52:26 | INFO | [ncluster=151/151] AUC-ROC=50.00%  AUC-PR=10.94%  F1=0.0000  MCC=0.0000  Train=0.021s  Test=0.006s  Peak RAM=3.188 MB
2026-03-22 16:52:26 | INFO | [ncluster=154/154] AUC-ROC=50.00%  AUC-PR=10.94%  F1=0.0000  MCC=0.0000  Train=0.020s  Test=0.005s  Peak RAM=3.186 MB
2026-03-22 16:52:26 | INFO | [ncluster=157/157] AUC-ROC=50.00%  AUC-PR=10.94%  F1=0.0000  MCC=0.0000  Train=0.020s  Test=0.006s  Peak RAM=3.188 MB
2026-03-22 16:52:26 | INFO | [ncluster=160/160] AUC-ROC=50.00%  AUC-PR=10.94%  F1=0.0000  MCC=0.0000  Train=0.021s  Test=0.005s  Peak RAM=3.187 MB
2026-03-22 16:52:26 | INFO | [ncluster=163/163] AUC-ROC=50.00%  AUC-PR=10.94%  F1=0.0000  MCC=0.0000  Train=0.022s  Test=0.005s  Peak RAM=3.188 MB
2026-03-22 16:52:26 | INFO | [ncluster=166/166] AUC-ROC=50.00%  AUC-PR=10.94%  F1=0.0000  MCC=0.0000  Train=0.021s  Test=0.006s  Peak RAM=3.187 MB
2026-03-22 16:52:26 | INFO | [ncluster=169/169] AUC-ROC=50.00%  AUC-PR=10.94%  F1=0.0000  MCC=0.0000  Train=0.023s  Test=0.005s  Peak RAM=3.189 MB
2026-03-22 16:52:26 | INFO | [ncluster=172/172] AUC-ROC=50.00%  AUC-PR=10.94%  F1=0.0000  MCC=0.0000  Train=0.022s  Test=0.006s  Peak RAM=3.187 MB
2026-03-22 16:52:26 | INFO | [ncluster=175/175] AUC-ROC=50.00%  AUC-PR=10.94%  F1=0.0000  MCC=0.0000  Train=0.023s  Test=0.006s  Peak RAM=3.189 MB
2026-03-22 16:52:26 | INFO | [ncluster=178/178] AUC-ROC=50.00%  AUC-PR=10.94%  F1=0.0000  MCC=0.0000  Train=0.022s  Test=0.005s  Peak RAM=3.187 MB
2026-03-22 16:52:26 | INFO | [ncluster=181/181] AUC-ROC=50.00%  AUC-PR=10.94%  F1=0.0000  MCC=0.0000  Train=0.022s  Test=0.006s  Peak RAM=3.189 MB
2026-03-22 16:52:26 | INFO | [ncluster=184/184] AUC-ROC=50.00%  AUC-PR=10.94%  F1=0.0000  MCC=0.0000  Train=0.022s  Test=0.005s  Peak RAM=3.188 MB
2026-03-22 16:52:26 | INFO | [ncluster=187/187] AUC-ROC=50.00%  AUC-PR=10.94%  F1=0.0000  MCC=0.0000  Train=0.024s  Test=0.006s  Peak RAM=3.191 MB
2026-03-22 16:52:26 | INFO | [ncluster=190/190] AUC-ROC=50.00%  AUC-PR=10.94%  F1=0.0000  MCC=0.0000  Train=0.022s  Test=0.006s  Peak RAM=3.188 MB
2026-03-22 16:52:26 | INFO | [ncluster=193/193] AUC-ROC=50.00%  AUC-PR=10.94%  F1=0.0000  MCC=0.0000  Train=0.023s  Test=0.005s  Peak RAM=3.191 MB
2026-03-22 16:52:26 | INFO | [ncluster=196/196] AUC-ROC=50.00%  AUC-PR=10.94%  F1=0.0000  MCC=0.0000  Train=0.024s  Test=0.006s  Peak RAM=3.189 MB
2026-03-22 16:52:26 | INFO | [ncluster=199/199] AUC-ROC=50.00%  AUC-PR=10.94%  F1=0.0000  MCC=0.0000  Train=0.022s  Test=0.007s  Peak RAM=3.192 MB
2026-03-22 16:52:26 | INFO | [ncluster=202/202] AUC-ROC=50.00%  AUC-PR=10.94%  F1=0.0000  MCC=0.0000  Train=0.024s  Test=0.006s  Peak RAM=3.19 MB
2026-03-22 16:52:26 | INFO | [ncluster=205/205] AUC-ROC=50.00%  AUC-PR=10.94%  F1=0.0000  MCC=0.0000  Train=0.025s  Test=0.006s  Peak RAM=3.192 MB
2026-03-22 16:52:26 | INFO | [ncluster=208/208] AUC-ROC=50.00%  AUC-PR=10.94%  F1=0.0000  MCC=0.0000  Train=0.024s  Test=0.005s  Peak RAM=3.19 MB
2026-03-22 16:52:26 | INFO | [ncluster=211/211] AUC-ROC=50.00%  AUC-PR=10.94%  F1=0.0000  MCC=0.0000  Train=0.025s  Test=0.006s  Peak RAM=3.193 MB
2026-03-22 16:52:26 | INFO | [ncluster=214/214] AUC-ROC=50.00%  AUC-PR=10.94%  F1=0.0000  MCC=0.0000  Train=0.025s  Test=0.006s  Peak RAM=3.191 MB
2026-03-22 16:52:26 | INFO | [ncluster=217/217] AUC-ROC=50.00%  AUC-PR=10.94%  F1=0.0000  MCC=0.0000  Train=0.025s  Test=0.006s  Peak RAM=3.192 MB
2026-03-22 16:52:26 | INFO | [ncluster=220/220] AUC-ROC=50.00%  AUC-PR=10.94%  F1=0.0000  MCC=0.0000  Train=0.027s  Test=0.006s  Peak RAM=3.192 MB
2026-03-22 16:52:26 | INFO | [ncluster=223/223] AUC-ROC=50.00%  AUC-PR=10.94%  F1=0.0000  MCC=0.0000  Train=0.026s  Test=0.007s  Peak RAM=3.192 MB
2026-03-22 16:52:26 | INFO | [ncluster=226/226] AUC-ROC=50.00%  AUC-PR=10.94%  F1=0.0000  MCC=0.0000  Train=0.028s  Test=0.006s  Peak RAM=3.194 MB
2026-03-22 16:52:26 | INFO | [ncluster=229/229] AUC-ROC=50.00%  AUC-PR=10.94%  F1=0.0000  MCC=0.0000  Train=0.026s  Test=0.007s  Peak RAM=3.193 MB
2026-03-22 16:52:26 | INFO | [ncluster=232/232] AUC-ROC=50.00%  AUC-PR=10.94%  F1=0.0000  MCC=0.0000  Train=0.028s  Test=0.006s  Peak RAM=3.192 MB
2026-03-22 16:52:26 | INFO | [ncluster=235/235] AUC-ROC=50.00%  AUC-PR=10.94%  F1=0.0000  MCC=0.0000  Train=0.027s  Test=0.006s  Peak RAM=3.192 MB
2026-03-22 16:52:26 | INFO | [ncluster=238/238] AUC-ROC=50.00%  AUC-PR=10.94%  F1=0.0000  MCC=0.0000  Train=0.027s  Test=0.007s  Peak RAM=3.194 MB
2026-03-22 16:52:26 | INFO | [ncluster=241/241] AUC-ROC=50.00%  AUC-PR=10.94%  F1=0.0000  MCC=0.0000  Train=0.029s  Test=0.006s  Peak RAM=3.194 MB
2026-03-22 16:52:26 | INFO | [ncluster=244/244] AUC-ROC=50.00%  AUC-PR=10.94%  F1=0.0000  MCC=0.0000  Train=0.029s  Test=0.007s  Peak RAM=3.194 MB
2026-03-22 16:52:26 | INFO | [ncluster=247/247] AUC-ROC=50.00%  AUC-PR=10.94%  F1=0.0000  MCC=0.0000  Train=0.029s  Test=0.007s  Peak RAM=3.195 MB
2026-03-22 16:52:26 | INFO | [ncluster=250/250] AUC-ROC=50.00%  AUC-PR=10.94%  F1=0.0000  MCC=0.0000  Train=0.028s  Test=0.006s  Peak RAM=3.195 MB
2026-03-22 16:52:26 | INFO | [ncluster=253/253] AUC-ROC=50.00%  AUC-PR=10.94%  F1=0.0000  MCC=0.0000  Train=0.029s  Test=0.007s  Peak RAM=3.194 MB
2026-03-22 16:52:26 | INFO | [ncluster=256/256] AUC-ROC=50.00%  AUC-PR=10.94%  F1=0.0000  MCC=0.0000  Train=0.029s  Test=0.006s  Peak RAM=3.196 MB
2026-03-22 16:52:26 | INFO | [ncluster=259/259] AUC-ROC=50.00%  AUC-PR=10.94%  F1=0.0000  MCC=0.0000  Train=0.030s  Test=0.007s  Peak RAM=3.195 MB
2026-03-22 16:52:26 | INFO | [ncluster=262/262] AUC-ROC=50.00%  AUC-PR=10.94%  F1=0.0000  MCC=0.0000  Train=0.029s  Test=0.007s  Peak RAM=3.197 MB
2026-03-22 16:52:26 | INFO | [ncluster=265/265] AUC-ROC=50.00%  AUC-PR=10.94%  F1=0.0000  MCC=0.0000  Train=0.031s  Test=0.006s  Peak RAM=3.196 MB
2026-03-22 16:52:26 | INFO | [ncluster=268/268] AUC-ROC=50.00%  AUC-PR=10.94%  F1=0.0000  MCC=0.0000  Train=0.031s  Test=0.007s  Peak RAM=3.195 MB
2026-03-22 16:52:26 | INFO | [ncluster=271/271] AUC-ROC=50.00%  AUC-PR=10.94%  F1=0.0000  MCC=0.0000  Train=0.030s  Test=0.008s  Peak RAM=3.195 MB
2026-03-22 16:52:26 | INFO | [ncluster=274/274] AUC-ROC=50.00%  AUC-PR=10.94%  F1=0.0000  MCC=0.0000  Train=0.029s  Test=0.007s  Peak RAM=3.196 MB
2026-03-22 16:52:26 | INFO | [ncluster=277/277] AUC-ROC=50.00%  AUC-PR=10.94%  F1=0.0000  MCC=0.0000  Train=0.032s  Test=0.007s  Peak RAM=3.199 MB
2026-03-22 16:52:26 | INFO | [ncluster=280/280] AUC-ROC=50.00%  AUC-PR=10.94%  F1=0.0000  MCC=0.0000  Train=0.032s  Test=0.006s  Peak RAM=3.197 MB
2026-03-22 16:52:26 | INFO | [ncluster=283/283] AUC-ROC=50.00%  AUC-PR=10.94%  F1=0.0000  MCC=0.0000  Train=0.032s  Test=0.007s  Peak RAM=3.196 MB
2026-03-22 16:52:26 | INFO | [ncluster=286/286] AUC-ROC=50.00%  AUC-PR=10.94%  F1=0.0000  MCC=0.0000  Train=0.031s  Test=0.007s  Peak RAM=3.197 MB
2026-03-22 16:52:26 | INFO | [ncluster=289/289] AUC-ROC=50.00%  AUC-PR=10.94%  F1=0.0000  MCC=0.0000  Train=0.030s  Test=0.007s  Peak RAM=3.197 MB
2026-03-22 16:52:26 | INFO | [ncluster=292/292] AUC-ROC=50.00%  AUC-PR=10.94%  F1=0.0000  MCC=0.0000  Train=0.032s  Test=0.007s  Peak RAM=3.199 MB
2026-03-22 16:52:26 | INFO | [ncluster=295/295] AUC-ROC=50.00%  AUC-PR=10.94%  F1=0.0000  MCC=0.0000  Train=0.034s  Test=0.008s  Peak RAM=3.197 MB
2026-03-22 16:52:26 | INFO | [ncluster=298/298] AUC-ROC=50.00%  AUC-PR=10.94%  F1=0.0000  MCC=0.0000  Train=0.034s  Test=0.007s  Peak RAM=3.198 MB
2026-03-22 16:52:26 | INFO | [ncluster=301/301] AUC-ROC=50.00%  AUC-PR=10.94%  F1=0.0000  MCC=0.0000  Train=0.032s  Test=0.008s  Peak RAM=3.198 MB
2026-03-22 16:52:26 | INFO | [ncluster=304/304] AUC-ROC=50.00%  AUC-PR=10.94%  F1=0.0000  MCC=0.0000  Train=0.034s  Test=0.006s  Peak RAM=3.196 MB
2026-03-22 16:52:26 | INFO | [ncluster=307/307] AUC-ROC=50.00%  AUC-PR=10.94%  F1=0.0000  MCC=0.0000  Train=0.033s  Test=0.007s  Peak RAM=3.197 MB
2026-03-22 16:52:26 | INFO | [ncluster=310/310] AUC-ROC=50.00%  AUC-PR=10.94%  F1=0.0000  MCC=0.0000  Train=0.033s  Test=0.008s  Peak RAM=3.197 MB
2026-03-22 16:52:26 | INFO | [ncluster=313/313] AUC-ROC=50.00%  AUC-PR=10.94%  F1=0.0000  MCC=0.0000  Train=0.035s  Test=0.007s  Peak RAM=3.198 MB
2026-03-22 16:52:26 | INFO | [ncluster=316/316] AUC-ROC=50.00%  AUC-PR=10.94%  F1=0.0000  MCC=0.0000  Train=0.035s  Test=0.007s  Peak RAM=3.199 MB
2026-03-22 16:52:26 | INFO | [ncluster=319/319] AUC-ROC=50.00%  AUC-PR=10.94%  F1=0.0000  MCC=0.0000  Train=0.035s  Test=0.008s  Peak RAM=3.199 MB
2026-03-22 16:52:26 | INFO | [ncluster=322/322] AUC-ROC=50.00%  AUC-PR=10.94%  F1=0.0000  MCC=0.0000  Train=0.034s  Test=0.007s  Peak RAM=3.199 MB
2026-03-22 16:52:26 | INFO | [ncluster=325/325] AUC-ROC=50.00%  AUC-PR=10.94%  F1=0.0000  MCC=0.0000  Train=0.032s  Test=0.008s  Peak RAM=3.199 MB
2026-03-22 16:52:26 | INFO | [ncluster=328/328] AUC-ROC=50.00%  AUC-PR=10.94%  F1=0.0000  MCC=0.0000  Train=0.036s  Test=0.007s  Peak RAM=3.2 MB
2026-03-22 16:52:26 | INFO | [ncluster=331/331] AUC-ROC=50.00%  AUC-PR=10.94%  F1=0.0000  MCC=0.0000  Train=0.035s  Test=0.008s  Peak RAM=3.2 MB
2026-03-22 16:52:26 | INFO | [ncluster=334/334] AUC-ROC=50.00%  AUC-PR=10.94%  F1=0.0000  MCC=0.0000  Train=0.037s  Test=0.008s  Peak RAM=3.2 MB
2026-03-22 16:52:26 | INFO | [ncluster=337/337] AUC-ROC=50.00%  AUC-PR=10.94%  F1=0.0000  MCC=0.0000  Train=0.036s  Test=0.007s  Peak RAM=3.201 MB
2026-03-22 16:52:26 | INFO | [ncluster=340/340] AUC-ROC=50.00%  AUC-PR=10.94%  F1=0.0000  MCC=0.0000  Train=0.037s  Test=0.008s  Peak RAM=3.204 MB
2026-03-22 16:52:26 | INFO | [ncluster=343/343] AUC-ROC=50.00%  AUC-PR=10.94%  F1=0.0000  MCC=0.0000  Train=0.036s  Test=0.009s  Peak RAM=3.2 MB
2026-03-22 16:52:26 | INFO | [ncluster=346/346] AUC-ROC=50.00%  AUC-PR=10.94%  F1=0.0000  MCC=0.0000  Train=0.036s  Test=0.008s  Peak RAM=3.199 MB
2026-03-22 16:52:26 | INFO | [ncluster=349/349] AUC-ROC=50.00%  AUC-PR=10.94%  F1=0.0000  MCC=0.0000  Train=0.038s  Test=0.008s  Peak RAM=3.201 MB
2026-03-22 16:52:26 | INFO | [ncluster=352/352] AUC-ROC=50.00%  AUC-PR=10.94%  F1=0.0000  MCC=0.0000  Train=0.038s  Test=0.007s  Peak RAM=3.201 MB
2026-03-22 16:52:26 | INFO | [ncluster=355/355] AUC-ROC=50.00%  AUC-PR=10.94%  F1=0.0000  MCC=0.0000  Train=0.037s  Test=0.008s  Peak RAM=3.201 MB
2026-03-22 16:52:26 | INFO | [ncluster=358/358] AUC-ROC=50.00%  AUC-PR=10.94%  F1=0.0000  MCC=0.0000  Train=0.038s  Test=0.008s  Peak RAM=3.202 MB
2026-03-22 16:52:26 | INFO | [ncluster=361/361] AUC-ROC=50.00%  AUC-PR=10.94%  F1=0.0000  MCC=0.0000  Train=0.036s  Test=0.008s  Peak RAM=3.201 MB
2026-03-22 16:52:26 | INFO | [ncluster=364/364] AUC-ROC=50.00%  AUC-PR=10.94%  F1=0.0000  MCC=0.0000  Train=0.039s  Test=0.008s  Peak RAM=3.203 MB
2026-03-22 16:52:26 | INFO | [ncluster=367/367] AUC-ROC=50.00%  AUC-PR=10.94%  F1=0.0000  MCC=0.0000  Train=0.037s  Test=0.009s  Peak RAM=3.203 MB
2026-03-22 16:52:26 | INFO | [ncluster=370/370] AUC-ROC=50.00%  AUC-PR=10.94%  F1=0.0000  MCC=0.0000  Train=0.037s  Test=0.008s  Peak RAM=3.203 MB
2026-03-22 16:52:26 | INFO | [ncluster=373/373] AUC-ROC=50.00%  AUC-PR=10.94%  F1=0.0000  MCC=0.0000  Train=0.039s  Test=0.008s  Peak RAM=3.203 MB
2026-03-22 16:52:26 | INFO | [ncluster=376/376] AUC-ROC=50.00%  AUC-PR=10.94%  F1=0.0000  MCC=0.0000  Train=0.040s  Test=0.007s  Peak RAM=3.202 MB
2026-03-22 16:52:26 | INFO | [ncluster=379/379] AUC-ROC=50.00%  AUC-PR=10.94%  F1=0.0000  MCC=0.0000  Train=0.039s  Test=0.008s  Peak RAM=3.202 MB
2026-03-22 16:52:26 | INFO | [ncluster=382/382] AUC-ROC=50.00%  AUC-PR=10.94%  F1=0.0000  MCC=0.0000  Train=0.039s  Test=0.009s  Peak RAM=3.203 MB
2026-03-22 16:52:26 | INFO | [ncluster=385/385] AUC-ROC=50.00%  AUC-PR=10.94%  F1=0.0000  MCC=0.0000  Train=0.041s  Test=0.008s  Peak RAM=3.203 MB
2026-03-22 16:52:26 | INFO | [ncluster=388/388] AUC-ROC=50.00%  AUC-PR=10.94%  F1=0.0000  MCC=0.0000  Train=0.041s  Test=0.008s  Peak RAM=3.204 MB
2026-03-22 16:52:26 | INFO | [ncluster=391/391] AUC-ROC=50.00%  AUC-PR=10.94%  F1=0.0000  MCC=0.0000  Train=0.041s  Test=0.009s  Peak RAM=3.204 MB
2026-03-22 16:52:26 | INFO | [ncluster=394/394] AUC-ROC=50.00%  AUC-PR=10.94%  F1=0.0000  MCC=0.0000  Train=0.041s  Test=0.008s  Peak RAM=3.204 MB
2026-03-22 16:52:26 | INFO | [ncluster=397/397] AUC-ROC=50.00%  AUC-PR=10.94%  F1=0.0000  MCC=0.0000  Train=0.038s  Test=0.009s  Peak RAM=3.203 MB
2026-03-22 16:52:26 | INFO | [ncluster=400/400] AUC-ROC=50.00%  AUC-PR=10.94%  F1=0.0000  MCC=0.0000  Train=0.042s  Test=0.008s  Peak RAM=3.204 MB
2026-03-22 16:52:26 | INFO | [ncluster=403/403] AUC-ROC=50.00%  AUC-PR=10.94%  F1=0.0000  MCC=0.0000  Train=0.043s  Test=0.008s  Peak RAM=3.205 MB
2026-03-22 16:52:26 | INFO | [ncluster=406/406] AUC-ROC=50.00%  AUC-PR=10.94%  F1=0.0000  MCC=0.0000  Train=0.043s  Test=0.009s  Peak RAM=3.205 MB
2026-03-22 16:52:26 | INFO | [ncluster=409/409] AUC-ROC=50.00%  AUC-PR=10.94%  F1=0.0000  MCC=0.0000  Train=0.042s  Test=0.008s  Peak RAM=3.205 MB
2026-03-22 16:52:26 | INFO | [ncluster=412/412] AUC-ROC=50.00%  AUC-PR=10.94%  F1=0.0000  MCC=0.0000  Train=0.043s  Test=0.009s  Peak RAM=3.204 MB
2026-03-22 16:52:26 | INFO | [ncluster=415/415] AUC-ROC=50.00%  AUC-PR=10.94%  F1=0.0000  MCC=0.0000  Train=0.042s  Test=0.009s  Peak RAM=3.205 MB
2026-03-22 16:52:26 | INFO | [ncluster=418/418] AUC-ROC=50.00%  AUC-PR=10.94%  F1=0.0000  MCC=0.0000  Train=0.043s  Test=0.008s  Peak RAM=3.204 MB
2026-03-22 16:52:26 | INFO | [ncluster=421/421] AUC-ROC=50.00%  AUC-PR=10.94%  F1=0.0000  MCC=0.0000  Train=0.044s  Test=0.009s  Peak RAM=3.205 MB
2026-03-22 16:52:26 | INFO | [ncluster=424/424] AUC-ROC=50.00%  AUC-PR=10.94%  F1=0.0000  MCC=0.0000  Train=0.044s  Test=0.008s  Peak RAM=3.206 MB
2026-03-22 16:52:26 | INFO | [ncluster=427/427] AUC-ROC=50.00%  AUC-PR=10.94%  F1=0.0000  MCC=0.0000  Train=0.042s  Test=0.009s  Peak RAM=3.206 MB
2026-03-22 16:52:26 | INFO | [ncluster=430/430] AUC-ROC=50.00%  AUC-PR=10.94%  F1=0.0000  MCC=0.0000  Train=0.044s  Test=0.009s  Peak RAM=3.207 MB
2026-03-22 16:52:26 | INFO | [ncluster=433/433] AUC-ROC=50.00%  AUC-PR=10.94%  F1=0.0000  MCC=0.0000  Train=0.043s  Test=0.009s  Peak RAM=3.207 MB
2026-03-22 16:52:26 | INFO | [ncluster=436/436] AUC-ROC=50.00%  AUC-PR=10.94%  F1=0.0000  MCC=0.0000  Train=0.045s  Test=0.009s  Peak RAM=3.207 MB
2026-03-22 16:52:26 | INFO | [ncluster=439/439] AUC-ROC=50.00%  AUC-PR=10.94%  F1=0.0000  MCC=0.0000  Train=0.046s  Test=0.010s  Peak RAM=3.207 MB
2026-03-22 16:52:26 | INFO | [ncluster=442/442] AUC-ROC=50.00%  AUC-PR=10.94%  F1=0.0000  MCC=0.0000  Train=0.046s  Test=0.009s  Peak RAM=3.208 MB
2026-03-22 16:52:26 | INFO | [ncluster=445/445] AUC-ROC=50.00%  AUC-PR=10.94%  F1=0.0000  MCC=0.0000  Train=0.045s  Test=0.009s  Peak RAM=3.208 MB
2026-03-22 16:52:26 | INFO | [ncluster=448/448] AUC-ROC=50.00%  AUC-PR=10.94%  F1=0.0000  MCC=0.0000  Train=0.047s  Test=0.008s  Peak RAM=3.207 MB
2026-03-22 16:52:26 | INFO | [ncluster=451/451] AUC-ROC=50.00%  AUC-PR=10.94%  F1=0.0000  MCC=0.0000  Train=0.046s  Test=0.009s  Peak RAM=3.207 MB
2026-03-22 16:52:26 | INFO | [ncluster=454/454] AUC-ROC=50.00%  AUC-PR=10.94%  F1=0.0000  MCC=0.0000  Train=0.045s  Test=0.010s  Peak RAM=3.208 MB
2026-03-22 16:52:26 | INFO | [ncluster=457/457] AUC-ROC=50.00%  AUC-PR=10.94%  F1=0.0000  MCC=0.0000  Train=0.050s  Test=0.009s  Peak RAM=3.208 MB
2026-03-22 16:52:26 | INFO | [ncluster=460/460] AUC-ROC=50.00%  AUC-PR=10.94%  F1=0.0000  MCC=0.0000  Train=0.047s  Test=0.009s  Peak RAM=3.208 MB
2026-03-22 16:52:26 | INFO | [ncluster=463/463] AUC-ROC=50.00%  AUC-PR=10.94%  F1=0.0000  MCC=0.0000  Train=0.045s  Test=0.010s  Peak RAM=3.209 MB
2026-03-22 16:52:26 | INFO | [ncluster=466/466] AUC-ROC=50.00%  AUC-PR=10.94%  F1=0.0000  MCC=0.0000  Train=0.047s  Test=0.009s  Peak RAM=3.209 MB
2026-03-22 16:52:26 | INFO | [ncluster=469/469] AUC-ROC=50.00%  AUC-PR=10.94%  F1=0.0000  MCC=0.0000  Train=0.047s  Test=0.010s  Peak RAM=3.208 MB
2026-03-22 16:52:26 | INFO | [ncluster=472/472] AUC-ROC=50.00%  AUC-PR=10.94%  F1=0.0000  MCC=0.0000  Train=0.048s  Test=0.008s  Peak RAM=3.209 MB
2026-03-22 16:52:26 | INFO | [ncluster=475/475] AUC-ROC=50.00%  AUC-PR=10.94%  F1=0.0000  MCC=0.0000  Train=0.031s  Test=0.008s  Peak RAM=3.209 MB
2026-03-22 16:52:26 | INFO | [ncluster=478/478] AUC-ROC=50.00%  AUC-PR=10.94%  F1=0.0000  MCC=0.0000  Train=0.031s  Test=0.008s  Peak RAM=3.21 MB
2026-03-22 16:52:26 | INFO | [ncluster=481/481] AUC-ROC=50.00%  AUC-PR=10.94%  F1=0.0000  MCC=0.0000  Train=0.030s  Test=0.007s  Peak RAM=3.21 MB
2026-03-22 16:52:26 | INFO | [ncluster=484/484] AUC-ROC=50.00%  AUC-PR=10.94%  F1=0.0000  MCC=0.0000  Train=0.031s  Test=0.009s  Peak RAM=3.209 MB
2026-03-22 16:52:26 | INFO | [ncluster=487/487] AUC-ROC=50.00%  AUC-PR=10.94%  F1=0.0000  MCC=0.0000  Train=0.030s  Test=0.008s  Peak RAM=3.209 MB
2026-03-22 16:52:26 | INFO | [ncluster=490/490] AUC-ROC=50.00%  AUC-PR=10.94%  F1=0.0000  MCC=0.0000  Train=0.031s  Test=0.007s  Peak RAM=3.208 MB
2026-03-22 16:52:26 | INFO | [ncluster=493/493] AUC-ROC=50.00%  AUC-PR=10.94%  F1=0.0000  MCC=0.0000  Train=0.031s  Test=0.007s  Peak RAM=3.211 MB
2026-03-22 16:52:26 | INFO | [ncluster=496/496] AUC-ROC=50.00%  AUC-PR=10.94%  F1=0.0000  MCC=0.0000  Train=0.031s  Test=0.007s  Peak RAM=3.21 MB
2026-03-22 16:52:26 | INFO | [ncluster=499/499] AUC-ROC=50.00%  AUC-PR=10.94%  F1=0.0000  MCC=0.0000  Train=0.031s  Test=0.007s  Peak RAM=3.212 MB
2026-03-22 16:52:26 | INFO | --- noise=5% ---
2026-03-22 16:52:26 | INFO | ============================================================
2026-03-22 16:52:26 | INFO | Dataset  : Train_MinMaxScaler_data_BoTIoT.csv
2026-03-22 16:52:26 | INFO | Scaler   : MinMaxScaler
2026-03-22 16:52:26 | INFO | Noise    : 5%
2026-03-22 16:52:26 | INFO | nClusters: 167 values (1..499)
2026-03-22 16:52:26 | INFO | ============================================================
2026-03-22 16:52:26 | INFO | Loaded Raw Shape -> Train: (7257, 27), Test: (16815, 27)
2026-03-22 16:52:26 | INFO | Dropped metadata features: ['pkSeqID', 'stime', 'ltime', 'seq', 'saddr', 'daddr', 'sport', 'dport', 'state', 'flgs', 'proto']
2026-03-22 16:52:26 | INFO | Dropped metadata features: ['pkSeqID', 'stime', 'ltime', 'seq', 'saddr', 'daddr', 'sport', 'dport', 'state', 'flgs', 'proto']
2026-03-22 16:52:26 | INFO | Training size : 7,619  |  Testing size: 16,453  |  Features: 15
2026-03-22 16:52:26 | INFO | Firing up Parallel execution for 167 cluster configs...
2026-03-22 16:53:30 | INFO | [ncluster=1/1] AUC-ROC=50.00%  AUC-PR=11.03%  F1=0.0000  MCC=0.0000  Train=0.007s  Test=0.003s  Peak RAM=3.239 MB
2026-03-22 16:53:30 | INFO | [ncluster=4/4] AUC-ROC=50.00%  AUC-PR=11.03%  F1=0.0000  MCC=0.0000  Train=0.007s  Test=0.003s  Peak RAM=3.24 MB
2026-03-22 16:53:30 | INFO | [ncluster=7/7] AUC-ROC=50.00%  AUC-PR=11.03%  F1=0.0000  MCC=0.0000  Train=0.009s  Test=0.004s  Peak RAM=3.241 MB
2026-03-22 16:53:30 | INFO | [ncluster=10/10] AUC-ROC=50.00%  AUC-PR=11.03%  F1=0.0000  MCC=0.0000  Train=0.008s  Test=0.003s  Peak RAM=3.241 MB
2026-03-22 16:53:30 | INFO | [ncluster=13/13] AUC-ROC=50.00%  AUC-PR=11.03%  F1=0.0000  MCC=0.0000  Train=0.009s  Test=0.004s  Peak RAM=3.241 MB
2026-03-22 16:53:30 | INFO | [ncluster=16/16] AUC-ROC=50.00%  AUC-PR=11.03%  F1=0.0000  MCC=0.0000  Train=0.009s  Test=0.003s  Peak RAM=3.241 MB
2026-03-22 16:53:30 | INFO | [ncluster=19/19] AUC-ROC=50.00%  AUC-PR=11.03%  F1=0.0000  MCC=0.0000  Train=0.009s  Test=0.003s  Peak RAM=3.242 MB
2026-03-22 16:53:30 | INFO | [ncluster=22/22] AUC-ROC=50.00%  AUC-PR=11.03%  F1=0.0000  MCC=0.0000  Train=0.008s  Test=0.004s  Peak RAM=3.24 MB
2026-03-22 16:53:30 | INFO | [ncluster=25/25] AUC-ROC=50.00%  AUC-PR=11.03%  F1=0.0000  MCC=0.0000  Train=0.010s  Test=0.003s  Peak RAM=3.241 MB
2026-03-22 16:53:30 | INFO | [ncluster=28/28] AUC-ROC=50.00%  AUC-PR=11.03%  F1=0.0000  MCC=0.0000  Train=0.010s  Test=0.004s  Peak RAM=3.241 MB
2026-03-22 16:53:30 | INFO | [ncluster=31/31] AUC-ROC=50.00%  AUC-PR=11.03%  F1=0.0000  MCC=0.0000  Train=0.011s  Test=0.004s  Peak RAM=3.243 MB
2026-03-22 16:53:30 | INFO | [ncluster=34/34] AUC-ROC=50.00%  AUC-PR=11.03%  F1=0.0000  MCC=0.0000  Train=0.011s  Test=0.003s  Peak RAM=3.242 MB
2026-03-22 16:53:30 | INFO | [ncluster=37/37] AUC-ROC=50.00%  AUC-PR=11.03%  F1=0.0000  MCC=0.0000  Train=0.010s  Test=0.004s  Peak RAM=3.242 MB
2026-03-22 16:53:30 | INFO | [ncluster=40/40] AUC-ROC=50.00%  AUC-PR=11.03%  F1=0.0000  MCC=0.0000  Train=0.010s  Test=0.003s  Peak RAM=3.242 MB
2026-03-22 16:53:30 | INFO | [ncluster=43/43] AUC-ROC=50.00%  AUC-PR=11.03%  F1=0.0000  MCC=0.0000  Train=0.012s  Test=0.004s  Peak RAM=3.243 MB
2026-03-22 16:53:30 | INFO | [ncluster=46/46] AUC-ROC=50.00%  AUC-PR=11.03%  F1=0.0000  MCC=0.0000  Train=0.012s  Test=0.004s  Peak RAM=3.242 MB
2026-03-22 16:53:30 | INFO | [ncluster=49/49] AUC-ROC=50.00%  AUC-PR=11.03%  F1=0.0000  MCC=0.0000  Train=0.013s  Test=0.004s  Peak RAM=3.244 MB
2026-03-22 16:53:30 | INFO | [ncluster=52/52] AUC-ROC=50.00%  AUC-PR=11.03%  F1=0.0000  MCC=0.0000  Train=0.012s  Test=0.004s  Peak RAM=3.243 MB
2026-03-22 16:53:30 | INFO | [ncluster=55/55] AUC-ROC=50.00%  AUC-PR=11.03%  F1=0.0000  MCC=0.0000  Train=0.012s  Test=0.005s  Peak RAM=3.244 MB
2026-03-22 16:53:30 | INFO | [ncluster=58/58] AUC-ROC=50.00%  AUC-PR=11.03%  F1=0.0000  MCC=0.0000  Train=0.012s  Test=0.004s  Peak RAM=3.242 MB
2026-03-22 16:53:30 | INFO | [ncluster=61/61] AUC-ROC=50.00%  AUC-PR=11.03%  F1=0.0000  MCC=0.0000  Train=0.013s  Test=0.004s  Peak RAM=3.245 MB
2026-03-22 16:53:30 | INFO | [ncluster=64/64] AUC-ROC=50.00%  AUC-PR=11.03%  F1=0.0000  MCC=0.0000  Train=0.012s  Test=0.003s  Peak RAM=3.244 MB
2026-03-22 16:53:30 | INFO | [ncluster=67/67] AUC-ROC=50.00%  AUC-PR=11.03%  F1=0.0000  MCC=0.0000  Train=0.014s  Test=0.004s  Peak RAM=3.245 MB
2026-03-22 16:53:30 | INFO | [ncluster=70/70] AUC-ROC=50.00%  AUC-PR=11.03%  F1=0.0000  MCC=0.0000  Train=0.015s  Test=0.005s  Peak RAM=3.244 MB
2026-03-22 16:53:30 | INFO | [ncluster=73/73] AUC-ROC=50.00%  AUC-PR=11.03%  F1=0.0000  MCC=0.0000  Train=0.013s  Test=0.004s  Peak RAM=3.245 MB
2026-03-22 16:53:30 | INFO | [ncluster=76/76] AUC-ROC=50.00%  AUC-PR=11.03%  F1=0.0000  MCC=0.0000  Train=0.013s  Test=0.004s  Peak RAM=3.243 MB
2026-03-22 16:53:30 | INFO | [ncluster=79/79] AUC-ROC=50.00%  AUC-PR=11.03%  F1=0.0000  MCC=0.0000  Train=0.014s  Test=0.005s  Peak RAM=3.246 MB
2026-03-22 16:53:30 | INFO | [ncluster=82/82] AUC-ROC=50.00%  AUC-PR=11.03%  F1=0.0000  MCC=0.0000  Train=0.014s  Test=0.004s  Peak RAM=3.242 MB
2026-03-22 16:53:30 | INFO | [ncluster=85/85] AUC-ROC=50.00%  AUC-PR=11.03%  F1=0.0000  MCC=0.0000  Train=0.015s  Test=0.005s  Peak RAM=3.247 MB
2026-03-22 16:53:30 | INFO | [ncluster=88/88] AUC-ROC=50.00%  AUC-PR=11.03%  F1=0.0000  MCC=0.0000  Train=0.014s  Test=0.004s  Peak RAM=3.244 MB
2026-03-22 16:53:30 | INFO | [ncluster=91/91] AUC-ROC=50.00%  AUC-PR=11.03%  F1=0.0000  MCC=0.0000  Train=0.015s  Test=0.004s  Peak RAM=3.246 MB
2026-03-22 16:53:30 | INFO | [ncluster=94/94] AUC-ROC=50.00%  AUC-PR=11.03%  F1=0.0000  MCC=0.0000  Train=0.015s  Test=0.005s  Peak RAM=3.244 MB
2026-03-22 16:53:30 | INFO | [ncluster=97/97] AUC-ROC=50.00%  AUC-PR=11.03%  F1=0.0000  MCC=0.0000  Train=0.017s  Test=0.004s  Peak RAM=3.247 MB
2026-03-22 16:53:30 | INFO | [ncluster=100/100] AUC-ROC=50.00%  AUC-PR=11.03%  F1=0.0000  MCC=0.0000  Train=0.014s  Test=0.005s  Peak RAM=3.244 MB
2026-03-22 16:53:30 | INFO | [ncluster=103/103] AUC-ROC=50.00%  AUC-PR=11.03%  F1=0.0000  MCC=0.0000  Train=0.017s  Test=0.005s  Peak RAM=3.247 MB
2026-03-22 16:53:30 | INFO | [ncluster=106/106] AUC-ROC=50.00%  AUC-PR=11.03%  F1=0.0000  MCC=0.0000  Train=0.016s  Test=0.004s  Peak RAM=3.244 MB
2026-03-22 16:53:30 | INFO | [ncluster=109/109] AUC-ROC=50.00%  AUC-PR=11.03%  F1=0.0000  MCC=0.0000  Train=0.017s  Test=0.005s  Peak RAM=3.248 MB
2026-03-22 16:53:30 | INFO | [ncluster=112/112] AUC-ROC=50.00%  AUC-PR=11.03%  F1=0.0000  MCC=0.0000  Train=0.017s  Test=0.004s  Peak RAM=3.245 MB
2026-03-22 16:53:30 | INFO | [ncluster=115/115] AUC-ROC=50.00%  AUC-PR=11.03%  F1=0.0000  MCC=0.0000  Train=0.017s  Test=0.005s  Peak RAM=3.246 MB
2026-03-22 16:53:30 | INFO | [ncluster=118/118] AUC-ROC=50.00%  AUC-PR=11.03%  F1=0.0000  MCC=0.0000  Train=0.016s  Test=0.005s  Peak RAM=3.244 MB
2026-03-22 16:53:30 | INFO | [ncluster=121/121] AUC-ROC=50.00%  AUC-PR=11.03%  F1=0.0000  MCC=0.0000  Train=0.018s  Test=0.005s  Peak RAM=3.249 MB
2026-03-22 16:53:30 | INFO | [ncluster=124/124] AUC-ROC=50.00%  AUC-PR=11.03%  F1=0.0000  MCC=0.0000  Train=0.016s  Test=0.005s  Peak RAM=3.246 MB
2026-03-22 16:53:30 | INFO | [ncluster=127/127] AUC-ROC=50.00%  AUC-PR=11.03%  F1=0.0000  MCC=0.0000  Train=0.018s  Test=0.006s  Peak RAM=3.248 MB
2026-03-22 16:53:30 | INFO | [ncluster=130/130] AUC-ROC=50.00%  AUC-PR=11.03%  F1=0.0000  MCC=0.0000  Train=0.018s  Test=0.005s  Peak RAM=3.246 MB
2026-03-22 16:53:30 | INFO | [ncluster=133/133] AUC-ROC=50.00%  AUC-PR=11.03%  F1=0.0000  MCC=0.0000  Train=0.020s  Test=0.005s  Peak RAM=3.249 MB
2026-03-22 16:53:30 | INFO | [ncluster=136/136] AUC-ROC=50.00%  AUC-PR=11.03%  F1=0.0000  MCC=0.0000  Train=0.019s  Test=0.004s  Peak RAM=3.246 MB
2026-03-22 16:53:30 | INFO | [ncluster=139/139] AUC-ROC=50.00%  AUC-PR=11.03%  F1=0.0000  MCC=0.0000  Train=0.020s  Test=0.005s  Peak RAM=3.249 MB
2026-03-22 16:53:30 | INFO | [ncluster=142/142] AUC-ROC=50.00%  AUC-PR=11.03%  F1=0.0000  MCC=0.0000  Train=0.018s  Test=0.006s  Peak RAM=3.247 MB
2026-03-22 16:53:30 | INFO | [ncluster=145/145] AUC-ROC=50.00%  AUC-PR=11.03%  F1=0.0000  MCC=0.0000  Train=0.018s  Test=0.005s  Peak RAM=3.249 MB
2026-03-22 16:53:30 | INFO | [ncluster=148/148] AUC-ROC=50.00%  AUC-PR=11.03%  F1=0.0000  MCC=0.0000  Train=0.018s  Test=0.005s  Peak RAM=3.247 MB
2026-03-22 16:53:30 | INFO | [ncluster=151/151] AUC-ROC=50.00%  AUC-PR=11.03%  F1=0.0000  MCC=0.0000  Train=0.020s  Test=0.006s  Peak RAM=3.25 MB
2026-03-22 16:53:30 | INFO | [ncluster=154/154] AUC-ROC=50.00%  AUC-PR=11.03%  F1=0.0000  MCC=0.0000  Train=0.020s  Test=0.005s  Peak RAM=3.247 MB
2026-03-22 16:53:30 | INFO | [ncluster=157/157] AUC-ROC=50.00%  AUC-PR=11.03%  F1=0.0000  MCC=0.0000  Train=0.022s  Test=0.006s  Peak RAM=3.252 MB
2026-03-22 16:53:30 | INFO | [ncluster=160/160] AUC-ROC=50.00%  AUC-PR=11.03%  F1=0.0000  MCC=0.0000  Train=0.019s  Test=0.005s  Peak RAM=3.25 MB
2026-03-22 16:53:30 | INFO | [ncluster=163/163] AUC-ROC=50.00%  AUC-PR=11.03%  F1=0.0000  MCC=0.0000  Train=0.022s  Test=0.005s  Peak RAM=3.251 MB
2026-03-22 16:53:30 | INFO | [ncluster=166/166] AUC-ROC=50.00%  AUC-PR=11.03%  F1=0.0000  MCC=0.0000  Train=0.021s  Test=0.006s  Peak RAM=3.248 MB
2026-03-22 16:53:30 | INFO | [ncluster=169/169] AUC-ROC=50.00%  AUC-PR=11.03%  F1=0.0000  MCC=0.0000  Train=0.023s  Test=0.005s  Peak RAM=3.25 MB
2026-03-22 16:53:30 | INFO | [ncluster=172/172] AUC-ROC=50.00%  AUC-PR=11.03%  F1=0.0000  MCC=0.0000  Train=0.020s  Test=0.006s  Peak RAM=3.249 MB
2026-03-22 16:53:30 | INFO | [ncluster=175/175] AUC-ROC=50.00%  AUC-PR=11.03%  F1=0.0000  MCC=0.0000  Train=0.024s  Test=0.006s  Peak RAM=3.25 MB
2026-03-22 16:53:30 | INFO | [ncluster=178/178] AUC-ROC=50.00%  AUC-PR=11.03%  F1=0.0000  MCC=0.0000  Train=0.022s  Test=0.005s  Peak RAM=3.249 MB
2026-03-22 16:53:30 | INFO | [ncluster=181/181] AUC-ROC=50.00%  AUC-PR=11.03%  F1=0.0000  MCC=0.0000  Train=0.023s  Test=0.006s  Peak RAM=3.253 MB
2026-03-22 16:53:30 | INFO | [ncluster=184/184] AUC-ROC=50.00%  AUC-PR=11.03%  F1=0.0000  MCC=0.0000  Train=0.022s  Test=0.005s  Peak RAM=3.25 MB
2026-03-22 16:53:30 | INFO | [ncluster=187/187] AUC-ROC=50.00%  AUC-PR=11.03%  F1=0.0000  MCC=0.0000  Train=0.023s  Test=0.006s  Peak RAM=3.252 MB
2026-03-22 16:53:30 | INFO | [ncluster=190/190] AUC-ROC=50.00%  AUC-PR=11.03%  F1=0.0000  MCC=0.0000  Train=0.022s  Test=0.006s  Peak RAM=3.249 MB
2026-03-22 16:53:30 | INFO | [ncluster=193/193] AUC-ROC=50.00%  AUC-PR=11.03%  F1=0.0000  MCC=0.0000  Train=0.025s  Test=0.005s  Peak RAM=3.252 MB
2026-03-22 16:53:30 | INFO | [ncluster=196/196] AUC-ROC=50.00%  AUC-PR=11.03%  F1=0.0000  MCC=0.0000  Train=0.024s  Test=0.006s  Peak RAM=3.251 MB
2026-03-22 16:53:30 | INFO | [ncluster=199/199] AUC-ROC=50.00%  AUC-PR=11.03%  F1=0.0000  MCC=0.0000  Train=0.024s  Test=0.007s  Peak RAM=3.253 MB
2026-03-22 16:53:30 | INFO | [ncluster=202/202] AUC-ROC=50.00%  AUC-PR=11.03%  F1=0.0000  MCC=0.0000  Train=0.024s  Test=0.006s  Peak RAM=3.25 MB
2026-03-22 16:53:30 | INFO | [ncluster=205/205] AUC-ROC=50.00%  AUC-PR=11.03%  F1=0.0000  MCC=0.0000  Train=0.026s  Test=0.006s  Peak RAM=3.254 MB
2026-03-22 16:53:30 | INFO | [ncluster=208/208] AUC-ROC=50.00%  AUC-PR=11.03%  F1=0.0000  MCC=0.0000  Train=0.025s  Test=0.005s  Peak RAM=3.251 MB
2026-03-22 16:53:30 | INFO | [ncluster=211/211] AUC-ROC=50.00%  AUC-PR=11.03%  F1=0.0000  MCC=0.0000  Train=0.027s  Test=0.006s  Peak RAM=3.255 MB
2026-03-22 16:53:30 | INFO | [ncluster=214/214] AUC-ROC=50.00%  AUC-PR=11.03%  F1=0.0000  MCC=0.0000  Train=0.025s  Test=0.007s  Peak RAM=3.252 MB
2026-03-22 16:53:30 | INFO | [ncluster=217/217] AUC-ROC=50.00%  AUC-PR=11.03%  F1=0.0000  MCC=0.0000  Train=0.026s  Test=0.006s  Peak RAM=3.253 MB
2026-03-22 16:53:30 | INFO | [ncluster=220/220] AUC-ROC=50.00%  AUC-PR=11.03%  F1=0.0000  MCC=0.0000  Train=0.026s  Test=0.006s  Peak RAM=3.253 MB
2026-03-22 16:53:30 | INFO | [ncluster=223/223] AUC-ROC=50.00%  AUC-PR=11.03%  F1=0.0000  MCC=0.0000  Train=0.027s  Test=0.007s  Peak RAM=3.257 MB
2026-03-22 16:53:30 | INFO | [ncluster=226/226] AUC-ROC=50.00%  AUC-PR=11.03%  F1=0.0000  MCC=0.0000  Train=0.028s  Test=0.006s  Peak RAM=3.254 MB
2026-03-22 16:53:30 | INFO | [ncluster=229/229] AUC-ROC=50.00%  AUC-PR=11.03%  F1=0.0000  MCC=0.0000  Train=0.028s  Test=0.007s  Peak RAM=3.255 MB
2026-03-22 16:53:30 | INFO | [ncluster=232/232] AUC-ROC=50.00%  AUC-PR=11.03%  F1=0.0000  MCC=0.0000  Train=0.028s  Test=0.006s  Peak RAM=3.254 MB
2026-03-22 16:53:30 | INFO | [ncluster=235/235] AUC-ROC=50.00%  AUC-PR=11.03%  F1=0.0000  MCC=0.0000  Train=0.027s  Test=0.006s  Peak RAM=3.256 MB
2026-03-22 16:53:30 | INFO | [ncluster=238/238] AUC-ROC=50.00%  AUC-PR=11.03%  F1=0.0000  MCC=0.0000  Train=0.027s  Test=0.007s  Peak RAM=3.255 MB
2026-03-22 16:53:30 | INFO | [ncluster=241/241] AUC-ROC=50.00%  AUC-PR=11.03%  F1=0.0000  MCC=0.0000  Train=0.028s  Test=0.006s  Peak RAM=3.256 MB
2026-03-22 16:53:30 | INFO | [ncluster=244/244] AUC-ROC=50.00%  AUC-PR=11.03%  F1=0.0000  MCC=0.0000  Train=0.029s  Test=0.006s  Peak RAM=3.256 MB
2026-03-22 16:53:30 | INFO | [ncluster=247/247] AUC-ROC=50.00%  AUC-PR=11.03%  F1=0.0000  MCC=0.0000  Train=0.026s  Test=0.007s  Peak RAM=3.262 MB
2026-03-22 16:53:30 | INFO | [ncluster=250/250] AUC-ROC=50.00%  AUC-PR=11.03%  F1=0.0000  MCC=0.0000  Train=0.028s  Test=0.006s  Peak RAM=3.255 MB
2026-03-22 16:53:30 | INFO | [ncluster=253/253] AUC-ROC=50.00%  AUC-PR=11.03%  F1=0.0000  MCC=0.0000  Train=0.030s  Test=0.007s  Peak RAM=3.258 MB
2026-03-22 16:53:30 | INFO | [ncluster=256/256] AUC-ROC=50.00%  AUC-PR=11.03%  F1=0.0000  MCC=0.0000  Train=0.031s  Test=0.006s  Peak RAM=3.256 MB
2026-03-22 16:53:30 | INFO | [ncluster=259/259] AUC-ROC=50.00%  AUC-PR=11.03%  F1=0.0000  MCC=0.0000  Train=0.031s  Test=0.007s  Peak RAM=3.256 MB
2026-03-22 16:53:30 | INFO | [ncluster=262/262] AUC-ROC=50.00%  AUC-PR=11.03%  F1=0.0000  MCC=0.0000  Train=0.031s  Test=0.011s  Peak RAM=3.257 MB
2026-03-22 16:53:30 | INFO | [ncluster=265/265] AUC-ROC=50.00%  AUC-PR=11.03%  F1=0.0000  MCC=0.0000  Train=0.031s  Test=0.006s  Peak RAM=3.257 MB
2026-03-22 16:53:30 | INFO | [ncluster=268/268] AUC-ROC=50.00%  AUC-PR=11.03%  F1=0.0000  MCC=0.0000  Train=0.032s  Test=0.007s  Peak RAM=3.256 MB
2026-03-22 16:53:30 | INFO | [ncluster=271/271] AUC-ROC=50.00%  AUC-PR=11.03%  F1=0.0000  MCC=0.0000  Train=0.030s  Test=0.007s  Peak RAM=3.264 MB
2026-03-22 16:53:30 | INFO | [ncluster=274/274] AUC-ROC=50.00%  AUC-PR=11.03%  F1=0.0000  MCC=0.0000  Train=0.030s  Test=0.007s  Peak RAM=3.269 MB
2026-03-22 16:53:30 | INFO | [ncluster=277/277] AUC-ROC=50.00%  AUC-PR=11.03%  F1=0.0000  MCC=0.0000  Train=0.031s  Test=0.007s  Peak RAM=3.265 MB
2026-03-22 16:53:30 | INFO | [ncluster=280/280] AUC-ROC=50.00%  AUC-PR=11.03%  F1=0.0000  MCC=0.0000  Train=0.032s  Test=0.006s  Peak RAM=3.269 MB
2026-03-22 16:53:30 | INFO | [ncluster=283/283] AUC-ROC=50.00%  AUC-PR=11.03%  F1=0.0000  MCC=0.0000  Train=0.029s  Test=0.007s  Peak RAM=3.258 MB
2026-03-22 16:53:30 | INFO | [ncluster=286/286] AUC-ROC=50.00%  AUC-PR=11.03%  F1=0.0000  MCC=0.0000  Train=0.031s  Test=0.007s  Peak RAM=3.258 MB
2026-03-22 16:53:30 | INFO | [ncluster=289/289] AUC-ROC=50.00%  AUC-PR=11.03%  F1=0.0000  MCC=0.0000  Train=0.033s  Test=0.007s  Peak RAM=3.267 MB
2026-03-22 16:53:30 | INFO | [ncluster=292/292] AUC-ROC=50.00%  AUC-PR=11.03%  F1=0.0000  MCC=0.0000  Train=0.034s  Test=0.007s  Peak RAM=3.259 MB
2026-03-22 16:53:30 | INFO | [ncluster=295/295] AUC-ROC=50.00%  AUC-PR=11.03%  F1=0.0000  MCC=0.0000  Train=0.034s  Test=0.008s  Peak RAM=3.269 MB
2026-03-22 16:53:30 | INFO | [ncluster=298/298] AUC-ROC=50.00%  AUC-PR=11.03%  F1=0.0000  MCC=0.0000  Train=0.034s  Test=0.007s  Peak RAM=3.268 MB
2026-03-22 16:53:30 | INFO | [ncluster=301/301] AUC-ROC=50.00%  AUC-PR=11.03%  F1=0.0000  MCC=0.0000  Train=0.034s  Test=0.007s  Peak RAM=3.269 MB
2026-03-22 16:53:30 | INFO | [ncluster=304/304] AUC-ROC=50.00%  AUC-PR=11.03%  F1=0.0000  MCC=0.0000  Train=0.035s  Test=0.007s  Peak RAM=3.269 MB
2026-03-22 16:53:30 | INFO | [ncluster=307/307] AUC-ROC=50.00%  AUC-PR=11.03%  F1=0.0000  MCC=0.0000  Train=0.034s  Test=0.007s  Peak RAM=3.262 MB
2026-03-22 16:53:30 | INFO | [ncluster=310/310] AUC-ROC=50.00%  AUC-PR=11.03%  F1=0.0000  MCC=0.0000  Train=0.031s  Test=0.008s  Peak RAM=3.262 MB
2026-03-22 16:53:30 | INFO | [ncluster=313/313] AUC-ROC=50.00%  AUC-PR=11.03%  F1=0.0000  MCC=0.0000  Train=0.035s  Test=0.007s  Peak RAM=3.259 MB
2026-03-22 16:53:30 | INFO | [ncluster=316/316] AUC-ROC=50.00%  AUC-PR=11.03%  F1=0.0000  MCC=0.0000  Train=0.035s  Test=0.008s  Peak RAM=3.261 MB
2026-03-22 16:53:30 | INFO | [ncluster=319/319] AUC-ROC=50.00%  AUC-PR=11.03%  F1=0.0000  MCC=0.0000  Train=0.033s  Test=0.008s  Peak RAM=3.261 MB
2026-03-22 16:53:30 | INFO | [ncluster=322/322] AUC-ROC=50.00%  AUC-PR=11.03%  F1=0.0000  MCC=0.0000  Train=0.034s  Test=0.007s  Peak RAM=3.27 MB
2026-03-22 16:53:30 | INFO | [ncluster=325/325] AUC-ROC=50.00%  AUC-PR=11.03%  F1=0.0000  MCC=0.0000  Train=0.036s  Test=0.008s  Peak RAM=3.262 MB
2026-03-22 16:53:30 | INFO | [ncluster=328/328] AUC-ROC=50.00%  AUC-PR=11.03%  F1=0.0000  MCC=0.0000  Train=0.037s  Test=0.007s  Peak RAM=3.271 MB
2026-03-22 16:53:30 | INFO | [ncluster=331/331] AUC-ROC=50.00%  AUC-PR=11.03%  F1=0.0000  MCC=0.0000  Train=0.037s  Test=0.008s  Peak RAM=3.262 MB
2026-03-22 16:53:30 | INFO | [ncluster=334/334] AUC-ROC=50.00%  AUC-PR=11.03%  F1=0.0000  MCC=0.0000  Train=0.037s  Test=0.008s  Peak RAM=3.263 MB
2026-03-22 16:53:30 | INFO | [ncluster=337/337] AUC-ROC=50.00%  AUC-PR=11.03%  F1=0.0000  MCC=0.0000  Train=0.038s  Test=0.007s  Peak RAM=3.265 MB
2026-03-22 16:53:30 | INFO | [ncluster=340/340] AUC-ROC=50.00%  AUC-PR=11.03%  F1=0.0000  MCC=0.0000  Train=0.037s  Test=0.008s  Peak RAM=3.261 MB
2026-03-22 16:53:30 | INFO | [ncluster=343/343] AUC-ROC=50.00%  AUC-PR=11.03%  F1=0.0000  MCC=0.0000  Train=0.037s  Test=0.009s  Peak RAM=3.267 MB
2026-03-22 16:53:30 | INFO | [ncluster=346/346] AUC-ROC=50.00%  AUC-PR=11.03%  F1=0.0000  MCC=0.0000  Train=0.037s  Test=0.008s  Peak RAM=3.263 MB
2026-03-22 16:53:30 | INFO | [ncluster=349/349] AUC-ROC=50.00%  AUC-PR=11.03%  F1=0.0000  MCC=0.0000  Train=0.037s  Test=0.008s  Peak RAM=3.263 MB
2026-03-22 16:53:30 | INFO | [ncluster=352/352] AUC-ROC=50.00%  AUC-PR=11.03%  F1=0.0000  MCC=0.0000  Train=0.047s  Test=0.007s  Peak RAM=3.263 MB
2026-03-22 16:53:30 | INFO | [ncluster=355/355] AUC-ROC=50.00%  AUC-PR=11.03%  F1=0.0000  MCC=0.0000  Train=0.037s  Test=0.008s  Peak RAM=3.263 MB
2026-03-22 16:53:30 | INFO | [ncluster=358/358] AUC-ROC=50.00%  AUC-PR=11.03%  F1=0.0000  MCC=0.0000  Train=0.036s  Test=0.009s  Peak RAM=3.262 MB
2026-03-22 16:53:30 | INFO | [ncluster=361/361] AUC-ROC=50.00%  AUC-PR=11.03%  F1=0.0000  MCC=0.0000  Train=0.039s  Test=0.008s  Peak RAM=3.263 MB
2026-03-22 16:53:30 | INFO | [ncluster=364/364] AUC-ROC=50.00%  AUC-PR=11.03%  F1=0.0000  MCC=0.0000  Train=0.040s  Test=0.008s  Peak RAM=3.263 MB
2026-03-22 16:53:30 | INFO | [ncluster=367/367] AUC-ROC=50.00%  AUC-PR=11.03%  F1=0.0000  MCC=0.0000  Train=0.040s  Test=0.009s  Peak RAM=3.264 MB
2026-03-22 16:53:30 | INFO | [ncluster=370/370] AUC-ROC=50.00%  AUC-PR=11.03%  F1=0.0000  MCC=0.0000  Train=0.048s  Test=0.008s  Peak RAM=3.263 MB
2026-03-22 16:53:30 | INFO | [ncluster=373/373] AUC-ROC=50.00%  AUC-PR=11.03%  F1=0.0000  MCC=0.0000  Train=0.041s  Test=0.008s  Peak RAM=3.266 MB
2026-03-22 16:53:30 | INFO | [ncluster=376/376] AUC-ROC=50.00%  AUC-PR=11.03%  F1=0.0000  MCC=0.0000  Train=0.041s  Test=0.007s  Peak RAM=3.263 MB
2026-03-22 16:53:30 | INFO | [ncluster=379/379] AUC-ROC=50.00%  AUC-PR=11.03%  F1=0.0000  MCC=0.0000  Train=0.040s  Test=0.008s  Peak RAM=3.265 MB
2026-03-22 16:53:30 | INFO | [ncluster=382/382] AUC-ROC=50.00%  AUC-PR=11.03%  F1=0.0000  MCC=0.0000  Train=0.040s  Test=0.009s  Peak RAM=3.264 MB
2026-03-22 16:53:30 | INFO | [ncluster=385/385] AUC-ROC=50.00%  AUC-PR=11.03%  F1=0.0000  MCC=0.0000  Train=0.040s  Test=0.008s  Peak RAM=3.264 MB
2026-03-22 16:53:30 | INFO | [ncluster=388/388] AUC-ROC=50.00%  AUC-PR=11.03%  F1=0.0000  MCC=0.0000  Train=0.042s  Test=0.009s  Peak RAM=3.264 MB
2026-03-22 16:53:30 | INFO | [ncluster=391/391] AUC-ROC=50.00%  AUC-PR=11.03%  F1=0.0000  MCC=0.0000  Train=0.041s  Test=0.009s  Peak RAM=3.265 MB
2026-03-22 16:53:30 | INFO | [ncluster=394/394] AUC-ROC=50.00%  AUC-PR=11.03%  F1=0.0000  MCC=0.0000  Train=0.039s  Test=0.008s  Peak RAM=3.264 MB
2026-03-22 16:53:30 | INFO | [ncluster=397/397] AUC-ROC=50.00%  AUC-PR=11.03%  F1=0.0000  MCC=0.0000  Train=0.042s  Test=0.009s  Peak RAM=3.265 MB
2026-03-22 16:53:30 | INFO | [ncluster=400/400] AUC-ROC=50.00%  AUC-PR=11.03%  F1=0.0000  MCC=0.0000  Train=0.043s  Test=0.008s  Peak RAM=3.267 MB
2026-03-22 16:53:30 | INFO | [ncluster=403/403] AUC-ROC=50.00%  AUC-PR=11.03%  F1=0.0000  MCC=0.0000  Train=0.040s  Test=0.009s  Peak RAM=3.266 MB
2026-03-22 16:53:30 | INFO | [ncluster=406/406] AUC-ROC=50.00%  AUC-PR=11.03%  F1=0.0000  MCC=0.0000  Train=0.044s  Test=0.009s  Peak RAM=3.268 MB
2026-03-22 16:53:30 | INFO | [ncluster=409/409] AUC-ROC=50.00%  AUC-PR=11.03%  F1=0.0000  MCC=0.0000  Train=0.041s  Test=0.008s  Peak RAM=3.268 MB
2026-03-22 16:53:30 | INFO | [ncluster=412/412] AUC-ROC=50.00%  AUC-PR=11.03%  F1=0.0000  MCC=0.0000  Train=0.044s  Test=0.009s  Peak RAM=3.266 MB
2026-03-22 16:53:30 | INFO | [ncluster=415/415] AUC-ROC=50.00%  AUC-PR=11.03%  F1=0.0000  MCC=0.0000  Train=0.043s  Test=0.009s  Peak RAM=3.268 MB
2026-03-22 16:53:30 | INFO | [ncluster=418/418] AUC-ROC=50.00%  AUC-PR=11.03%  F1=0.0000  MCC=0.0000  Train=0.047s  Test=0.008s  Peak RAM=3.268 MB
2026-03-22 16:53:30 | INFO | [ncluster=421/421] AUC-ROC=50.00%  AUC-PR=11.03%  F1=0.0000  MCC=0.0000  Train=0.044s  Test=0.009s  Peak RAM=3.267 MB
2026-03-22 16:53:30 | INFO | [ncluster=424/424] AUC-ROC=50.00%  AUC-PR=11.03%  F1=0.0000  MCC=0.0000  Train=0.045s  Test=0.008s  Peak RAM=3.266 MB
2026-03-22 16:53:30 | INFO | [ncluster=427/427] AUC-ROC=50.00%  AUC-PR=11.03%  F1=0.0000  MCC=0.0000  Train=0.044s  Test=0.009s  Peak RAM=3.267 MB
2026-03-22 16:53:30 | INFO | [ncluster=430/430] AUC-ROC=50.00%  AUC-PR=11.03%  F1=0.0000  MCC=0.0000  Train=0.044s  Test=0.009s  Peak RAM=3.268 MB
2026-03-22 16:53:30 | INFO | [ncluster=433/433] AUC-ROC=50.00%  AUC-PR=11.03%  F1=0.0000  MCC=0.0000  Train=0.042s  Test=0.009s  Peak RAM=3.269 MB
2026-03-22 16:53:30 | INFO | [ncluster=436/436] AUC-ROC=50.00%  AUC-PR=11.03%  F1=0.0000  MCC=0.0000  Train=0.047s  Test=0.009s  Peak RAM=3.269 MB
2026-03-22 16:53:30 | INFO | [ncluster=439/439] AUC-ROC=50.00%  AUC-PR=11.03%  F1=0.0000  MCC=0.0000  Train=0.043s  Test=0.010s  Peak RAM=3.269 MB
2026-03-22 16:53:30 | INFO | [ncluster=442/442] AUC-ROC=50.00%  AUC-PR=11.03%  F1=0.0000  MCC=0.0000  Train=0.047s  Test=0.009s  Peak RAM=3.269 MB
2026-03-22 16:53:30 | INFO | [ncluster=445/445] AUC-ROC=50.00%  AUC-PR=11.03%  F1=0.0000  MCC=0.0000  Train=0.043s  Test=0.010s  Peak RAM=3.269 MB
2026-03-22 16:53:30 | INFO | [ncluster=448/448] AUC-ROC=50.00%  AUC-PR=11.03%  F1=0.0000  MCC=0.0000  Train=0.047s  Test=0.008s  Peak RAM=3.268 MB
2026-03-22 16:53:30 | INFO | [ncluster=451/451] AUC-ROC=50.00%  AUC-PR=11.03%  F1=0.0000  MCC=0.0000  Train=0.046s  Test=0.009s  Peak RAM=3.27 MB
2026-03-22 16:53:30 | INFO | [ncluster=454/454] AUC-ROC=50.00%  AUC-PR=11.03%  F1=0.0000  MCC=0.0000  Train=0.046s  Test=0.010s  Peak RAM=3.268 MB
2026-03-22 16:53:30 | INFO | [ncluster=457/457] AUC-ROC=50.00%  AUC-PR=11.03%  F1=0.0000  MCC=0.0000  Train=0.048s  Test=0.009s  Peak RAM=3.27 MB
2026-03-22 16:53:30 | INFO | [ncluster=460/460] AUC-ROC=50.00%  AUC-PR=11.03%  F1=0.0000  MCC=0.0000  Train=0.048s  Test=0.009s  Peak RAM=3.268 MB
2026-03-22 16:53:30 | INFO | [ncluster=463/463] AUC-ROC=50.00%  AUC-PR=11.03%  F1=0.0000  MCC=0.0000  Train=0.047s  Test=0.010s  Peak RAM=3.269 MB
2026-03-22 16:53:30 | INFO | [ncluster=466/466] AUC-ROC=50.00%  AUC-PR=11.03%  F1=0.0000  MCC=0.0000  Train=0.047s  Test=0.009s  Peak RAM=3.269 MB
2026-03-22 16:53:30 | INFO | [ncluster=469/469] AUC-ROC=50.00%  AUC-PR=11.03%  F1=0.0000  MCC=0.0000  Train=0.048s  Test=0.010s  Peak RAM=3.271 MB
2026-03-22 16:53:30 | INFO | [ncluster=472/472] AUC-ROC=50.00%  AUC-PR=11.03%  F1=0.0000  MCC=0.0000  Train=0.050s  Test=0.008s  Peak RAM=3.271 MB
2026-03-22 16:53:30 | INFO | [ncluster=475/475] AUC-ROC=50.00%  AUC-PR=11.03%  F1=0.0000  MCC=0.0000  Train=0.050s  Test=0.009s  Peak RAM=3.271 MB
2026-03-22 16:53:30 | INFO | [ncluster=478/478] AUC-ROC=50.00%  AUC-PR=11.03%  F1=0.0000  MCC=0.0000  Train=0.050s  Test=0.010s  Peak RAM=3.27 MB
2026-03-22 16:53:30 | INFO | [ncluster=481/481] AUC-ROC=50.00%  AUC-PR=11.03%  F1=0.0000  MCC=0.0000  Train=0.032s  Test=0.007s  Peak RAM=3.271 MB
2026-03-22 16:53:30 | INFO | [ncluster=484/484] AUC-ROC=50.00%  AUC-PR=11.03%  F1=0.0000  MCC=0.0000  Train=0.032s  Test=0.007s  Peak RAM=3.27 MB
2026-03-22 16:53:30 | INFO | [ncluster=487/487] AUC-ROC=50.00%  AUC-PR=11.03%  F1=0.0000  MCC=0.0000  Train=0.031s  Test=0.008s  Peak RAM=3.272 MB
2026-03-22 16:53:30 | INFO | [ncluster=490/490] AUC-ROC=50.00%  AUC-PR=11.03%  F1=0.0000  MCC=0.0000  Train=0.031s  Test=0.007s  Peak RAM=3.271 MB
2026-03-22 16:53:30 | INFO | [ncluster=493/493] AUC-ROC=50.00%  AUC-PR=11.03%  F1=0.0000  MCC=0.0000  Train=0.032s  Test=0.008s  Peak RAM=3.271 MB
2026-03-22 16:53:30 | INFO | [ncluster=496/496] AUC-ROC=50.00%  AUC-PR=11.03%  F1=0.0000  MCC=0.0000  Train=0.031s  Test=0.007s  Peak RAM=3.272 MB
2026-03-22 16:53:30 | INFO | [ncluster=499/499] AUC-ROC=50.00%  AUC-PR=11.03%  F1=0.0000  MCC=0.0000  Train=0.031s  Test=0.007s  Peak RAM=3.271 MB
2026-03-22 16:53:30 | INFO | 
>>> Processing data_BoTIoT | scaler=Normalizer
2026-03-22 16:53:30 | INFO | --- noise=0% ---
2026-03-22 16:53:30 | INFO | ============================================================
2026-03-22 16:53:30 | INFO | Dataset  : Train_Normalizer_data_BoTIoT.csv
2026-03-22 16:53:30 | INFO | Scaler   : Normalizer
2026-03-22 16:53:30 | INFO | Noise    : 0%
2026-03-22 16:53:30 | INFO | nClusters: 167 values (1..499)
2026-03-22 16:53:30 | INFO | ============================================================
2026-03-22 16:53:31 | INFO | Loaded Raw Shape -> Train: (7257, 27), Test: (16815, 27)
2026-03-22 16:53:31 | INFO | Dropped metadata features: ['pkSeqID', 'stime', 'ltime', 'seq', 'saddr', 'daddr', 'sport', 'dport', 'state', 'flgs', 'proto']
2026-03-22 16:53:31 | INFO | Dropped metadata features: ['pkSeqID', 'stime', 'ltime', 'seq', 'saddr', 'daddr', 'sport', 'dport', 'state', 'flgs', 'proto']
2026-03-22 16:53:31 | INFO | Training size : 7,257  |  Testing size: 16,815  |  Features: 15
2026-03-22 16:53:31 | INFO | Firing up Parallel execution for 167 cluster configs...
2026-03-22 16:54:36 | INFO | [ncluster=1/1] AUC-ROC=50.00%  AUC-PR=10.79%  F1=0.0000  MCC=0.0000  Train=0.006s  Test=0.003s  Peak RAM=4.297 MB
2026-03-22 16:54:36 | INFO | [ncluster=4/4] AUC-ROC=50.00%  AUC-PR=10.79%  F1=0.0000  MCC=0.0000  Train=0.008s  Test=0.004s  Peak RAM=4.3 MB
2026-03-22 16:54:36 | INFO | [ncluster=7/7] AUC-ROC=50.00%  AUC-PR=10.79%  F1=0.0000  MCC=0.0000  Train=0.008s  Test=0.004s  Peak RAM=4.299 MB
2026-03-22 16:54:36 | INFO | [ncluster=10/10] AUC-ROC=50.00%  AUC-PR=10.79%  F1=0.0000  MCC=0.0000  Train=0.008s  Test=0.003s  Peak RAM=4.299 MB
2026-03-22 16:54:36 | INFO | [ncluster=13/13] AUC-ROC=50.00%  AUC-PR=10.79%  F1=0.0000  MCC=0.0000  Train=0.009s  Test=0.004s  Peak RAM=4.299 MB
2026-03-22 16:54:36 | INFO | [ncluster=16/16] AUC-ROC=50.00%  AUC-PR=10.79%  F1=0.0000  MCC=0.0000  Train=0.009s  Test=0.003s  Peak RAM=4.301 MB
2026-03-22 16:54:36 | INFO | [ncluster=19/19] AUC-ROC=50.00%  AUC-PR=10.79%  F1=0.0000  MCC=0.0000  Train=0.008s  Test=0.004s  Peak RAM=4.3 MB
2026-03-22 16:54:36 | INFO | [ncluster=22/22] AUC-ROC=50.00%  AUC-PR=10.79%  F1=0.0000  MCC=0.0000  Train=0.009s  Test=0.004s  Peak RAM=4.3 MB
2026-03-22 16:54:36 | INFO | [ncluster=25/25] AUC-ROC=50.00%  AUC-PR=10.79%  F1=0.0000  MCC=0.0000  Train=0.008s  Test=0.004s  Peak RAM=4.301 MB
2026-03-22 16:54:36 | INFO | [ncluster=28/28] AUC-ROC=50.00%  AUC-PR=10.79%  F1=0.0000  MCC=0.0000  Train=0.010s  Test=0.004s  Peak RAM=4.299 MB
2026-03-22 16:54:36 | INFO | [ncluster=31/31] AUC-ROC=50.00%  AUC-PR=10.79%  F1=0.0000  MCC=0.0000  Train=0.010s  Test=0.005s  Peak RAM=4.3 MB
2026-03-22 16:54:36 | INFO | [ncluster=34/34] AUC-ROC=50.00%  AUC-PR=10.79%  F1=0.0000  MCC=0.0000  Train=0.009s  Test=0.004s  Peak RAM=4.3 MB
2026-03-22 16:54:36 | INFO | [ncluster=37/37] AUC-ROC=50.00%  AUC-PR=10.79%  F1=0.0000  MCC=0.0000  Train=0.010s  Test=0.005s  Peak RAM=4.301 MB
2026-03-22 16:54:36 | INFO | [ncluster=40/40] AUC-ROC=50.00%  AUC-PR=10.79%  F1=0.0000  MCC=0.0000  Train=0.011s  Test=0.003s  Peak RAM=4.302 MB
2026-03-22 16:54:36 | INFO | [ncluster=43/43] AUC-ROC=50.00%  AUC-PR=10.79%  F1=0.0000  MCC=0.0000  Train=0.011s  Test=0.004s  Peak RAM=4.302 MB
2026-03-22 16:54:36 | INFO | [ncluster=46/46] AUC-ROC=50.00%  AUC-PR=10.79%  F1=0.0000  MCC=0.0000  Train=0.011s  Test=0.005s  Peak RAM=4.301 MB
2026-03-22 16:54:36 | INFO | [ncluster=49/49] AUC-ROC=50.00%  AUC-PR=10.79%  F1=0.0000  MCC=0.0000  Train=0.012s  Test=0.004s  Peak RAM=4.303 MB
2026-03-22 16:54:36 | INFO | [ncluster=52/52] AUC-ROC=50.00%  AUC-PR=10.79%  F1=0.0000  MCC=0.0000  Train=0.011s  Test=0.004s  Peak RAM=4.302 MB
2026-03-22 16:54:36 | INFO | [ncluster=55/55] AUC-ROC=50.00%  AUC-PR=10.79%  F1=0.0000  MCC=0.0000  Train=0.011s  Test=0.005s  Peak RAM=4.302 MB
2026-03-22 16:54:36 | INFO | [ncluster=58/58] AUC-ROC=50.00%  AUC-PR=10.79%  F1=0.0000  MCC=0.0000  Train=0.013s  Test=0.004s  Peak RAM=4.302 MB
2026-03-22 16:54:36 | INFO | [ncluster=61/61] AUC-ROC=50.00%  AUC-PR=10.79%  F1=0.0000  MCC=0.0000  Train=0.012s  Test=0.005s  Peak RAM=4.303 MB
2026-03-22 16:54:36 | INFO | [ncluster=64/64] AUC-ROC=50.00%  AUC-PR=10.79%  F1=0.0000  MCC=0.0000  Train=0.014s  Test=0.004s  Peak RAM=4.303 MB
2026-03-22 16:54:36 | INFO | [ncluster=67/67] AUC-ROC=50.00%  AUC-PR=10.79%  F1=0.0000  MCC=0.0000  Train=0.013s  Test=0.005s  Peak RAM=4.302 MB
2026-03-22 16:54:36 | INFO | [ncluster=70/70] AUC-ROC=50.00%  AUC-PR=10.79%  F1=0.0000  MCC=0.0000  Train=0.013s  Test=0.005s  Peak RAM=4.302 MB
2026-03-22 16:54:36 | INFO | [ncluster=73/73] AUC-ROC=50.00%  AUC-PR=10.79%  F1=0.0000  MCC=0.0000  Train=0.013s  Test=0.004s  Peak RAM=4.302 MB
2026-03-22 16:54:36 | INFO | [ncluster=76/76] AUC-ROC=50.00%  AUC-PR=10.79%  F1=0.0000  MCC=0.0000  Train=0.012s  Test=0.005s  Peak RAM=4.301 MB
2026-03-22 16:54:36 | INFO | [ncluster=79/79] AUC-ROC=50.00%  AUC-PR=10.79%  F1=0.0000  MCC=0.0000  Train=0.015s  Test=0.005s  Peak RAM=4.305 MB
2026-03-22 16:54:36 | INFO | [ncluster=82/82] AUC-ROC=50.00%  AUC-PR=10.79%  F1=0.0000  MCC=0.0000  Train=0.013s  Test=0.004s  Peak RAM=4.302 MB
2026-03-22 16:54:36 | INFO | [ncluster=85/85] AUC-ROC=50.00%  AUC-PR=10.79%  F1=0.0000  MCC=0.0000  Train=0.015s  Test=0.005s  Peak RAM=4.304 MB
2026-03-22 16:54:36 | INFO | [ncluster=88/88] AUC-ROC=50.00%  AUC-PR=10.79%  F1=0.0000  MCC=0.0000  Train=0.014s  Test=0.004s  Peak RAM=4.302 MB
2026-03-22 16:54:36 | INFO | [ncluster=91/91] AUC-ROC=50.00%  AUC-PR=10.79%  F1=0.0000  MCC=0.0000  Train=0.015s  Test=0.005s  Peak RAM=4.304 MB
2026-03-22 16:54:36 | INFO | [ncluster=94/94] AUC-ROC=50.00%  AUC-PR=10.79%  F1=0.0000  MCC=0.0000  Train=0.015s  Test=0.005s  Peak RAM=4.302 MB
2026-03-22 16:54:36 | INFO | [ncluster=97/97] AUC-ROC=50.00%  AUC-PR=10.79%  F1=0.0000  MCC=0.0000  Train=0.016s  Test=0.005s  Peak RAM=4.305 MB
2026-03-22 16:54:36 | INFO | [ncluster=100/100] AUC-ROC=50.00%  AUC-PR=10.79%  F1=0.0000  MCC=0.0000  Train=0.015s  Test=0.005s  Peak RAM=4.302 MB
2026-03-22 16:54:36 | INFO | [ncluster=103/103] AUC-ROC=50.00%  AUC-PR=10.79%  F1=0.0000  MCC=0.0000  Train=0.016s  Test=0.006s  Peak RAM=4.305 MB
2026-03-22 16:54:36 | INFO | [ncluster=106/106] AUC-ROC=50.00%  AUC-PR=10.79%  F1=0.0000  MCC=0.0000  Train=0.016s  Test=0.005s  Peak RAM=4.303 MB
2026-03-22 16:54:36 | INFO | [ncluster=109/109] AUC-ROC=50.00%  AUC-PR=10.79%  F1=0.0000  MCC=0.0000  Train=0.016s  Test=0.005s  Peak RAM=4.306 MB
2026-03-22 16:54:36 | INFO | [ncluster=112/112] AUC-ROC=50.00%  AUC-PR=10.79%  F1=0.0000  MCC=0.0000  Train=0.016s  Test=0.004s  Peak RAM=4.303 MB
2026-03-22 16:54:36 | INFO | [ncluster=115/115] AUC-ROC=50.00%  AUC-PR=10.79%  F1=0.0000  MCC=0.0000  Train=0.018s  Test=0.005s  Peak RAM=4.305 MB
2026-03-22 16:54:36 | INFO | [ncluster=118/118] AUC-ROC=50.00%  AUC-PR=10.79%  F1=0.0000  MCC=0.0000  Train=0.017s  Test=0.006s  Peak RAM=4.303 MB
2026-03-22 16:54:36 | INFO | [ncluster=121/121] AUC-ROC=50.00%  AUC-PR=10.79%  F1=0.0000  MCC=0.0000  Train=0.017s  Test=0.005s  Peak RAM=4.308 MB
2026-03-22 16:54:36 | INFO | [ncluster=124/124] AUC-ROC=50.00%  AUC-PR=10.79%  F1=0.0000  MCC=0.0000  Train=0.016s  Test=0.005s  Peak RAM=4.306 MB
2026-03-22 16:54:36 | INFO | [ncluster=127/127] AUC-ROC=50.00%  AUC-PR=10.79%  F1=0.0000  MCC=0.0000  Train=0.019s  Test=0.006s  Peak RAM=4.305 MB
2026-03-22 16:54:36 | INFO | [ncluster=130/130] AUC-ROC=50.00%  AUC-PR=10.79%  F1=0.0000  MCC=0.0000  Train=0.018s  Test=0.005s  Peak RAM=4.304 MB
2026-03-22 16:54:36 | INFO | [ncluster=133/133] AUC-ROC=50.00%  AUC-PR=10.79%  F1=0.0000  MCC=0.0000  Train=0.018s  Test=0.006s  Peak RAM=4.307 MB
2026-03-22 16:54:36 | INFO | [ncluster=136/136] AUC-ROC=50.00%  AUC-PR=10.79%  F1=0.0000  MCC=0.0000  Train=0.018s  Test=0.005s  Peak RAM=4.304 MB
2026-03-22 16:54:36 | INFO | [ncluster=139/139] AUC-ROC=50.00%  AUC-PR=10.79%  F1=0.0000  MCC=0.0000  Train=0.019s  Test=0.005s  Peak RAM=4.307 MB
2026-03-22 16:54:36 | INFO | [ncluster=142/142] AUC-ROC=50.00%  AUC-PR=10.79%  F1=0.0000  MCC=0.0000  Train=0.019s  Test=0.006s  Peak RAM=4.305 MB
2026-03-22 16:54:36 | INFO | [ncluster=145/145] AUC-ROC=50.00%  AUC-PR=10.79%  F1=0.0000  MCC=0.0000  Train=0.019s  Test=0.005s  Peak RAM=4.308 MB
2026-03-22 16:54:36 | INFO | [ncluster=148/148] AUC-ROC=50.00%  AUC-PR=10.79%  F1=0.0000  MCC=0.0000  Train=0.018s  Test=0.006s  Peak RAM=4.305 MB
2026-03-22 16:54:36 | INFO | [ncluster=151/151] AUC-ROC=50.00%  AUC-PR=10.79%  F1=0.0000  MCC=0.0000  Train=0.021s  Test=0.006s  Peak RAM=4.309 MB
2026-03-22 16:54:36 | INFO | [ncluster=154/154] AUC-ROC=50.00%  AUC-PR=10.79%  F1=0.0000  MCC=0.0000  Train=0.020s  Test=0.005s  Peak RAM=4.306 MB
2026-03-22 16:54:36 | INFO | [ncluster=157/157] AUC-ROC=50.00%  AUC-PR=10.79%  F1=0.0000  MCC=0.0000  Train=0.021s  Test=0.006s  Peak RAM=4.309 MB
2026-03-22 16:54:36 | INFO | [ncluster=160/160] AUC-ROC=50.00%  AUC-PR=10.79%  F1=0.0000  MCC=0.0000  Train=0.020s  Test=0.005s  Peak RAM=4.307 MB
2026-03-22 16:54:36 | INFO | [ncluster=163/163] AUC-ROC=50.00%  AUC-PR=10.79%  F1=0.0000  MCC=0.0000  Train=0.021s  Test=0.006s  Peak RAM=4.308 MB
2026-03-22 16:54:36 | INFO | [ncluster=166/166] AUC-ROC=50.00%  AUC-PR=10.79%  F1=0.0000  MCC=0.0000  Train=0.021s  Test=0.006s  Peak RAM=4.307 MB
2026-03-22 16:54:36 | INFO | [ncluster=169/169] AUC-ROC=50.00%  AUC-PR=10.79%  F1=0.0000  MCC=0.0000  Train=0.023s  Test=0.006s  Peak RAM=4.31 MB
2026-03-22 16:54:36 | INFO | [ncluster=172/172] AUC-ROC=50.00%  AUC-PR=10.79%  F1=0.0000  MCC=0.0000  Train=0.021s  Test=0.006s  Peak RAM=4.307 MB
2026-03-22 16:54:36 | INFO | [ncluster=175/175] AUC-ROC=50.00%  AUC-PR=10.79%  F1=0.0000  MCC=0.0000  Train=0.023s  Test=0.007s  Peak RAM=4.309 MB
2026-03-22 16:54:36 | INFO | [ncluster=178/178] AUC-ROC=50.00%  AUC-PR=10.79%  F1=0.0000  MCC=0.0000  Train=0.022s  Test=0.006s  Peak RAM=4.307 MB
2026-03-22 16:54:36 | INFO | [ncluster=181/181] AUC-ROC=50.00%  AUC-PR=10.79%  F1=0.0000  MCC=0.0000  Train=0.022s  Test=0.006s  Peak RAM=4.309 MB
2026-03-22 16:54:36 | INFO | [ncluster=184/184] AUC-ROC=50.00%  AUC-PR=10.79%  F1=0.0000  MCC=0.0000  Train=0.021s  Test=0.005s  Peak RAM=4.307 MB
2026-03-22 16:54:36 | INFO | [ncluster=187/187] AUC-ROC=50.00%  AUC-PR=10.79%  F1=0.0000  MCC=0.0000  Train=0.023s  Test=0.006s  Peak RAM=4.31 MB
2026-03-22 16:54:36 | INFO | [ncluster=190/190] AUC-ROC=50.00%  AUC-PR=10.79%  F1=0.0000  MCC=0.0000  Train=0.023s  Test=0.007s  Peak RAM=4.308 MB
2026-03-22 16:54:36 | INFO | [ncluster=193/193] AUC-ROC=50.00%  AUC-PR=10.79%  F1=0.0000  MCC=0.0000  Train=0.023s  Test=0.006s  Peak RAM=4.311 MB
2026-03-22 16:54:36 | INFO | [ncluster=196/196] AUC-ROC=50.00%  AUC-PR=10.79%  F1=0.0000  MCC=0.0000  Train=0.023s  Test=0.006s  Peak RAM=4.309 MB
2026-03-22 16:54:36 | INFO | [ncluster=199/199] AUC-ROC=50.00%  AUC-PR=10.79%  F1=0.0000  MCC=0.0000  Train=0.025s  Test=0.007s  Peak RAM=4.311 MB
2026-03-22 16:54:36 | INFO | [ncluster=202/202] AUC-ROC=50.00%  AUC-PR=10.79%  F1=0.0000  MCC=0.0000  Train=0.024s  Test=0.006s  Peak RAM=4.308 MB
2026-03-22 16:54:36 | INFO | [ncluster=205/205] AUC-ROC=50.00%  AUC-PR=10.79%  F1=0.0000  MCC=0.0000  Train=0.025s  Test=0.007s  Peak RAM=4.311 MB
2026-03-22 16:54:36 | INFO | [ncluster=208/208] AUC-ROC=50.00%  AUC-PR=10.79%  F1=0.0000  MCC=0.0000  Train=0.025s  Test=0.006s  Peak RAM=4.309 MB
2026-03-22 16:54:36 | INFO | [ncluster=211/211] AUC-ROC=50.00%  AUC-PR=10.79%  F1=0.0000  MCC=0.0000  Train=0.025s  Test=0.007s  Peak RAM=4.311 MB
2026-03-22 16:54:36 | INFO | [ncluster=214/214] AUC-ROC=50.00%  AUC-PR=10.79%  F1=0.0000  MCC=0.0000  Train=0.023s  Test=0.007s  Peak RAM=4.309 MB
2026-03-22 16:54:36 | INFO | [ncluster=217/217] AUC-ROC=50.00%  AUC-PR=10.79%  F1=0.0000  MCC=0.0000  Train=0.025s  Test=0.006s  Peak RAM=4.311 MB
2026-03-22 16:54:36 | INFO | [ncluster=220/220] AUC-ROC=50.00%  AUC-PR=10.79%  F1=0.0000  MCC=0.0000  Train=0.027s  Test=0.007s  Peak RAM=4.313 MB
2026-03-22 16:54:36 | INFO | [ncluster=223/223] AUC-ROC=50.00%  AUC-PR=10.79%  F1=0.0000  MCC=0.0000  Train=0.027s  Test=0.007s  Peak RAM=4.312 MB
2026-03-22 16:54:36 | INFO | [ncluster=226/226] AUC-ROC=50.00%  AUC-PR=10.79%  F1=0.0000  MCC=0.0000  Train=0.027s  Test=0.006s  Peak RAM=4.312 MB
2026-03-22 16:54:36 | INFO | [ncluster=229/229] AUC-ROC=50.00%  AUC-PR=10.79%  F1=0.0000  MCC=0.0000  Train=0.028s  Test=0.007s  Peak RAM=4.312 MB
2026-03-22 16:54:36 | INFO | [ncluster=232/232] AUC-ROC=50.00%  AUC-PR=10.79%  F1=0.0000  MCC=0.0000  Train=0.027s  Test=0.006s  Peak RAM=4.313 MB
2026-03-22 16:54:36 | INFO | [ncluster=235/235] AUC-ROC=50.00%  AUC-PR=10.79%  F1=0.0000  MCC=0.0000  Train=0.027s  Test=0.007s  Peak RAM=4.314 MB
2026-03-22 16:54:36 | INFO | [ncluster=238/238] AUC-ROC=50.00%  AUC-PR=10.79%  F1=0.0000  MCC=0.0000  Train=0.028s  Test=0.007s  Peak RAM=4.312 MB
2026-03-22 16:54:36 | INFO | [ncluster=241/241] AUC-ROC=50.00%  AUC-PR=10.79%  F1=0.0000  MCC=0.0000  Train=0.027s  Test=0.006s  Peak RAM=4.313 MB
2026-03-22 16:54:36 | INFO | [ncluster=244/244] AUC-ROC=50.00%  AUC-PR=10.79%  F1=0.0000  MCC=0.0000  Train=0.028s  Test=0.007s  Peak RAM=4.315 MB
2026-03-22 16:54:36 | INFO | [ncluster=247/247] AUC-ROC=50.00%  AUC-PR=10.79%  F1=0.0000  MCC=0.0000  Train=0.029s  Test=0.008s  Peak RAM=4.314 MB
2026-03-22 16:54:36 | INFO | [ncluster=250/250] AUC-ROC=50.00%  AUC-PR=10.79%  F1=0.0000  MCC=0.0000  Train=0.030s  Test=0.007s  Peak RAM=4.313 MB
2026-03-22 16:54:36 | INFO | [ncluster=253/253] AUC-ROC=50.00%  AUC-PR=10.79%  F1=0.0000  MCC=0.0000  Train=0.030s  Test=0.007s  Peak RAM=4.314 MB
2026-03-22 16:54:36 | INFO | [ncluster=256/256] AUC-ROC=50.00%  AUC-PR=10.79%  F1=0.0000  MCC=0.0000  Train=0.029s  Test=0.006s  Peak RAM=4.314 MB
2026-03-22 16:54:36 | INFO | [ncluster=259/259] AUC-ROC=50.00%  AUC-PR=10.79%  F1=0.0000  MCC=0.0000  Train=0.030s  Test=0.007s  Peak RAM=4.316 MB
2026-03-22 16:54:36 | INFO | [ncluster=262/262] AUC-ROC=50.00%  AUC-PR=10.79%  F1=0.0000  MCC=0.0000  Train=0.029s  Test=0.008s  Peak RAM=4.315 MB
2026-03-22 16:54:36 | INFO | [ncluster=265/265] AUC-ROC=50.00%  AUC-PR=10.79%  F1=0.0000  MCC=0.0000  Train=0.031s  Test=0.007s  Peak RAM=4.315 MB
2026-03-22 16:54:36 | INFO | [ncluster=268/268] AUC-ROC=50.00%  AUC-PR=10.79%  F1=0.0000  MCC=0.0000  Train=0.030s  Test=0.007s  Peak RAM=4.315 MB
2026-03-22 16:54:36 | INFO | [ncluster=271/271] AUC-ROC=50.00%  AUC-PR=10.79%  F1=0.0000  MCC=0.0000  Train=0.030s  Test=0.008s  Peak RAM=4.315 MB
2026-03-22 16:54:36 | INFO | [ncluster=274/274] AUC-ROC=50.00%  AUC-PR=10.79%  F1=0.0000  MCC=0.0000  Train=0.031s  Test=0.007s  Peak RAM=4.315 MB
2026-03-22 16:54:36 | INFO | [ncluster=277/277] AUC-ROC=50.00%  AUC-PR=10.79%  F1=0.0000  MCC=0.0000  Train=0.030s  Test=0.008s  Peak RAM=4.315 MB
2026-03-22 16:54:36 | INFO | [ncluster=280/280] AUC-ROC=50.00%  AUC-PR=10.79%  F1=0.0000  MCC=0.0000  Train=0.031s  Test=0.007s  Peak RAM=4.317 MB
2026-03-22 16:54:36 | INFO | [ncluster=283/283] AUC-ROC=50.00%  AUC-PR=10.79%  F1=0.0000  MCC=0.0000  Train=0.032s  Test=0.007s  Peak RAM=4.317 MB
2026-03-22 16:54:36 | INFO | [ncluster=286/286] AUC-ROC=50.00%  AUC-PR=10.79%  F1=0.0000  MCC=0.0000  Train=0.036s  Test=0.008s  Peak RAM=4.316 MB
2026-03-22 16:54:36 | INFO | [ncluster=289/289] AUC-ROC=50.00%  AUC-PR=10.79%  F1=0.0000  MCC=0.0000  Train=0.033s  Test=0.007s  Peak RAM=4.316 MB
2026-03-22 16:54:36 | INFO | [ncluster=292/292] AUC-ROC=50.00%  AUC-PR=10.79%  F1=0.0000  MCC=0.0000  Train=0.032s  Test=0.008s  Peak RAM=4.316 MB
2026-03-22 16:54:36 | INFO | [ncluster=295/295] AUC-ROC=50.00%  AUC-PR=10.79%  F1=0.0000  MCC=0.0000  Train=0.033s  Test=0.008s  Peak RAM=4.317 MB
2026-03-22 16:54:36 | INFO | [ncluster=298/298] AUC-ROC=50.00%  AUC-PR=10.79%  F1=0.0000  MCC=0.0000  Train=0.033s  Test=0.007s  Peak RAM=4.316 MB
2026-03-22 16:54:36 | INFO | [ncluster=301/301] AUC-ROC=50.00%  AUC-PR=10.79%  F1=0.0000  MCC=0.0000  Train=0.034s  Test=0.008s  Peak RAM=4.317 MB
2026-03-22 16:54:36 | INFO | [ncluster=304/304] AUC-ROC=50.00%  AUC-PR=10.79%  F1=0.0000  MCC=0.0000  Train=0.036s  Test=0.007s  Peak RAM=4.318 MB
2026-03-22 16:54:36 | INFO | [ncluster=307/307] AUC-ROC=50.00%  AUC-PR=10.79%  F1=0.0000  MCC=0.0000  Train=0.033s  Test=0.008s  Peak RAM=4.317 MB
2026-03-22 16:54:36 | INFO | [ncluster=310/310] AUC-ROC=50.00%  AUC-PR=10.79%  F1=0.0000  MCC=0.0000  Train=0.035s  Test=0.008s  Peak RAM=4.316 MB
2026-03-22 16:54:36 | INFO | [ncluster=313/313] AUC-ROC=50.00%  AUC-PR=10.79%  F1=0.0000  MCC=0.0000  Train=0.034s  Test=0.007s  Peak RAM=4.317 MB
2026-03-22 16:54:36 | INFO | [ncluster=316/316] AUC-ROC=50.00%  AUC-PR=10.79%  F1=0.0000  MCC=0.0000  Train=0.034s  Test=0.008s  Peak RAM=4.319 MB
2026-03-22 16:54:36 | INFO | [ncluster=319/319] AUC-ROC=50.00%  AUC-PR=10.79%  F1=0.0000  MCC=0.0000  Train=0.033s  Test=0.009s  Peak RAM=4.318 MB
2026-03-22 16:54:36 | INFO | [ncluster=322/322] AUC-ROC=50.00%  AUC-PR=10.79%  F1=0.0000  MCC=0.0000  Train=0.036s  Test=0.008s  Peak RAM=4.318 MB
2026-03-22 16:54:36 | INFO | [ncluster=325/325] AUC-ROC=50.00%  AUC-PR=10.79%  F1=0.0000  MCC=0.0000  Train=0.036s  Test=0.008s  Peak RAM=4.318 MB
2026-03-22 16:54:36 | INFO | [ncluster=328/328] AUC-ROC=50.00%  AUC-PR=10.79%  F1=0.0000  MCC=0.0000  Train=0.035s  Test=0.007s  Peak RAM=4.319 MB
2026-03-22 16:54:36 | INFO | [ncluster=331/331] AUC-ROC=50.00%  AUC-PR=10.79%  F1=0.0000  MCC=0.0000  Train=0.033s  Test=0.008s  Peak RAM=4.319 MB
2026-03-22 16:54:36 | INFO | [ncluster=334/334] AUC-ROC=50.00%  AUC-PR=10.79%  F1=0.0000  MCC=0.0000  Train=0.035s  Test=0.008s  Peak RAM=4.319 MB
2026-03-22 16:54:36 | INFO | [ncluster=337/337] AUC-ROC=50.00%  AUC-PR=10.79%  F1=0.0000  MCC=0.0000  Train=0.037s  Test=0.008s  Peak RAM=4.319 MB
2026-03-22 16:54:36 | INFO | [ncluster=340/340] AUC-ROC=50.00%  AUC-PR=10.79%  F1=0.0000  MCC=0.0000  Train=0.035s  Test=0.008s  Peak RAM=4.319 MB
2026-03-22 16:54:36 | INFO | [ncluster=343/343] AUC-ROC=50.00%  AUC-PR=10.79%  F1=0.0000  MCC=0.0000  Train=0.036s  Test=0.009s  Peak RAM=4.319 MB
2026-03-22 16:54:36 | INFO | [ncluster=346/346] AUC-ROC=50.00%  AUC-PR=10.79%  F1=0.0000  MCC=0.0000  Train=0.037s  Test=0.008s  Peak RAM=4.318 MB
2026-03-22 16:54:36 | INFO | [ncluster=349/349] AUC-ROC=50.00%  AUC-PR=10.79%  F1=0.0000  MCC=0.0000  Train=0.037s  Test=0.009s  Peak RAM=4.319 MB
2026-03-22 16:54:36 | INFO | [ncluster=352/352] AUC-ROC=50.00%  AUC-PR=10.79%  F1=0.0000  MCC=0.0000  Train=0.037s  Test=0.008s  Peak RAM=4.32 MB
2026-03-22 16:54:36 | INFO | [ncluster=355/355] AUC-ROC=50.00%  AUC-PR=10.79%  F1=0.0000  MCC=0.0000  Train=0.039s  Test=0.008s  Peak RAM=4.321 MB
2026-03-22 16:54:36 | INFO | [ncluster=358/358] AUC-ROC=50.00%  AUC-PR=10.79%  F1=0.0000  MCC=0.0000  Train=0.039s  Test=0.009s  Peak RAM=4.32 MB
2026-03-22 16:54:36 | INFO | [ncluster=361/361] AUC-ROC=50.00%  AUC-PR=10.79%  F1=0.0000  MCC=0.0000  Train=0.039s  Test=0.008s  Peak RAM=4.32 MB
2026-03-22 16:54:36 | INFO | [ncluster=364/364] AUC-ROC=50.00%  AUC-PR=10.79%  F1=0.0000  MCC=0.0000  Train=0.039s  Test=0.008s  Peak RAM=4.321 MB
2026-03-22 16:54:36 | INFO | [ncluster=367/367] AUC-ROC=50.00%  AUC-PR=10.79%  F1=0.0000  MCC=0.0000  Train=0.039s  Test=0.009s  Peak RAM=4.321 MB
2026-03-22 16:54:36 | INFO | [ncluster=370/370] AUC-ROC=50.00%  AUC-PR=10.79%  F1=0.0000  MCC=0.0000  Train=0.039s  Test=0.008s  Peak RAM=4.321 MB
2026-03-22 16:54:36 | INFO | [ncluster=373/373] AUC-ROC=50.00%  AUC-PR=10.79%  F1=0.0000  MCC=0.0000  Train=0.040s  Test=0.009s  Peak RAM=4.321 MB
2026-03-22 16:54:36 | INFO | [ncluster=376/376] AUC-ROC=50.00%  AUC-PR=10.79%  F1=0.0000  MCC=0.0000  Train=0.040s  Test=0.008s  Peak RAM=4.323 MB
2026-03-22 16:54:36 | INFO | [ncluster=379/379] AUC-ROC=50.00%  AUC-PR=10.79%  F1=0.0000  MCC=0.0000  Train=0.039s  Test=0.008s  Peak RAM=4.322 MB
2026-03-22 16:54:36 | INFO | [ncluster=382/382] AUC-ROC=50.00%  AUC-PR=10.79%  F1=0.0000  MCC=0.0000  Train=0.041s  Test=0.009s  Peak RAM=4.321 MB
2026-03-22 16:54:36 | INFO | [ncluster=385/385] AUC-ROC=50.00%  AUC-PR=10.79%  F1=0.0000  MCC=0.0000  Train=0.040s  Test=0.008s  Peak RAM=4.322 MB
2026-03-22 16:54:36 | INFO | [ncluster=388/388] AUC-ROC=50.00%  AUC-PR=10.79%  F1=0.0000  MCC=0.0000  Train=0.040s  Test=0.009s  Peak RAM=4.322 MB
2026-03-22 16:54:36 | INFO | [ncluster=391/391] AUC-ROC=50.00%  AUC-PR=10.79%  F1=0.0000  MCC=0.0000  Train=0.042s  Test=0.009s  Peak RAM=4.324 MB
2026-03-22 16:54:36 | INFO | [ncluster=394/394] AUC-ROC=50.00%  AUC-PR=10.79%  F1=0.0000  MCC=0.0000  Train=0.040s  Test=0.009s  Peak RAM=4.322 MB
2026-03-22 16:54:36 | INFO | [ncluster=397/397] AUC-ROC=50.00%  AUC-PR=10.79%  F1=0.0000  MCC=0.0000  Train=0.042s  Test=0.009s  Peak RAM=4.323 MB
2026-03-22 16:54:36 | INFO | [ncluster=400/400] AUC-ROC=50.00%  AUC-PR=10.79%  F1=0.0000  MCC=0.0000  Train=0.041s  Test=0.008s  Peak RAM=4.324 MB
2026-03-22 16:54:36 | INFO | [ncluster=403/403] AUC-ROC=50.00%  AUC-PR=10.79%  F1=0.0000  MCC=0.0000  Train=0.042s  Test=0.009s  Peak RAM=4.323 MB
2026-03-22 16:54:36 | INFO | [ncluster=406/406] AUC-ROC=50.00%  AUC-PR=10.79%  F1=0.0000  MCC=0.0000  Train=0.042s  Test=0.009s  Peak RAM=4.323 MB
2026-03-22 16:54:36 | INFO | [ncluster=409/409] AUC-ROC=50.00%  AUC-PR=10.79%  F1=0.0000  MCC=0.0000  Train=0.043s  Test=0.009s  Peak RAM=4.323 MB
2026-03-22 16:54:36 | INFO | [ncluster=412/412] AUC-ROC=50.00%  AUC-PR=10.79%  F1=0.0000  MCC=0.0000  Train=0.043s  Test=0.009s  Peak RAM=4.324 MB
2026-03-22 16:54:36 | INFO | [ncluster=415/415] AUC-ROC=50.00%  AUC-PR=10.79%  F1=0.0000  MCC=0.0000  Train=0.047s  Test=0.010s  Peak RAM=4.323 MB
2026-03-22 16:54:36 | INFO | [ncluster=418/418] AUC-ROC=50.00%  AUC-PR=10.79%  F1=0.0000  MCC=0.0000  Train=0.044s  Test=0.009s  Peak RAM=4.322 MB
2026-03-22 16:54:36 | INFO | [ncluster=421/421] AUC-ROC=50.00%  AUC-PR=10.79%  F1=0.0000  MCC=0.0000  Train=0.043s  Test=0.009s  Peak RAM=4.323 MB
2026-03-22 16:54:36 | INFO | [ncluster=424/424] AUC-ROC=50.00%  AUC-PR=10.79%  F1=0.0000  MCC=0.0000  Train=0.044s  Test=0.009s  Peak RAM=4.324 MB
2026-03-22 16:54:36 | INFO | [ncluster=427/427] AUC-ROC=50.00%  AUC-PR=10.79%  F1=0.0000  MCC=0.0000  Train=0.045s  Test=0.009s  Peak RAM=4.327 MB
2026-03-22 16:54:36 | INFO | [ncluster=430/430] AUC-ROC=50.00%  AUC-PR=10.79%  F1=0.0000  MCC=0.0000  Train=0.044s  Test=0.010s  Peak RAM=4.324 MB
2026-03-22 16:54:36 | INFO | [ncluster=433/433] AUC-ROC=50.00%  AUC-PR=10.79%  F1=0.0000  MCC=0.0000  Train=0.045s  Test=0.009s  Peak RAM=4.326 MB
2026-03-22 16:54:36 | INFO | [ncluster=436/436] AUC-ROC=50.00%  AUC-PR=10.79%  F1=0.0000  MCC=0.0000  Train=0.044s  Test=0.009s  Peak RAM=4.326 MB
2026-03-22 16:54:36 | INFO | [ncluster=439/439] AUC-ROC=50.00%  AUC-PR=10.79%  F1=0.0000  MCC=0.0000  Train=0.045s  Test=0.010s  Peak RAM=4.325 MB
2026-03-22 16:54:36 | INFO | [ncluster=442/442] AUC-ROC=50.00%  AUC-PR=10.79%  F1=0.0000  MCC=0.0000  Train=0.045s  Test=0.009s  Peak RAM=4.324 MB
2026-03-22 16:54:36 | INFO | [ncluster=445/445] AUC-ROC=50.00%  AUC-PR=10.79%  F1=0.0000  MCC=0.0000  Train=0.047s  Test=0.010s  Peak RAM=4.326 MB
2026-03-22 16:54:36 | INFO | [ncluster=448/448] AUC-ROC=50.00%  AUC-PR=10.79%  F1=0.0000  MCC=0.0000  Train=0.046s  Test=0.009s  Peak RAM=4.327 MB
2026-03-22 16:54:36 | INFO | [ncluster=451/451] AUC-ROC=50.00%  AUC-PR=10.79%  F1=0.0000  MCC=0.0000  Train=0.046s  Test=0.009s  Peak RAM=4.326 MB
2026-03-22 16:54:36 | INFO | [ncluster=454/454] AUC-ROC=50.00%  AUC-PR=10.79%  F1=0.0000  MCC=0.0000  Train=0.047s  Test=0.010s  Peak RAM=4.325 MB
2026-03-22 16:54:36 | INFO | [ncluster=457/457] AUC-ROC=50.00%  AUC-PR=10.79%  F1=0.0000  MCC=0.0000  Train=0.046s  Test=0.009s  Peak RAM=4.325 MB
2026-03-22 16:54:36 | INFO | [ncluster=460/460] AUC-ROC=50.00%  AUC-PR=10.79%  F1=0.0000  MCC=0.0000  Train=0.047s  Test=0.010s  Peak RAM=4.327 MB
2026-03-22 16:54:36 | INFO | [ncluster=463/463] AUC-ROC=50.00%  AUC-PR=10.79%  F1=0.0000  MCC=0.0000  Train=0.048s  Test=0.010s  Peak RAM=4.327 MB
2026-03-22 16:54:36 | INFO | [ncluster=466/466] AUC-ROC=50.00%  AUC-PR=10.79%  F1=0.0000  MCC=0.0000  Train=0.048s  Test=0.010s  Peak RAM=4.327 MB
2026-03-22 16:54:36 | INFO | [ncluster=469/469] AUC-ROC=50.00%  AUC-PR=10.79%  F1=0.0000  MCC=0.0000  Train=0.048s  Test=0.010s  Peak RAM=4.327 MB
2026-03-22 16:54:36 | INFO | [ncluster=472/472] AUC-ROC=50.00%  AUC-PR=10.79%  F1=0.0000  MCC=0.0000  Train=0.043s  Test=0.009s  Peak RAM=4.328 MB
2026-03-22 16:54:36 | INFO | [ncluster=475/475] AUC-ROC=50.00%  AUC-PR=10.79%  F1=0.0000  MCC=0.0000  Train=0.049s  Test=0.010s  Peak RAM=4.327 MB
2026-03-22 16:54:36 | INFO | [ncluster=478/478] AUC-ROC=50.00%  AUC-PR=10.79%  F1=0.0000  MCC=0.0000  Train=0.031s  Test=0.008s  Peak RAM=4.327 MB
2026-03-22 16:54:36 | INFO | [ncluster=481/481] AUC-ROC=50.00%  AUC-PR=10.79%  F1=0.0000  MCC=0.0000  Train=0.034s  Test=0.008s  Peak RAM=4.328 MB
2026-03-22 16:54:36 | INFO | [ncluster=484/484] AUC-ROC=50.00%  AUC-PR=10.79%  F1=0.0000  MCC=0.0000  Train=0.031s  Test=0.008s  Peak RAM=4.329 MB
2026-03-22 16:54:36 | INFO | [ncluster=487/487] AUC-ROC=50.00%  AUC-PR=10.79%  F1=0.0000  MCC=0.0000  Train=0.030s  Test=0.008s  Peak RAM=4.327 MB
2026-03-22 16:54:36 | INFO | [ncluster=490/490] AUC-ROC=50.00%  AUC-PR=10.79%  F1=0.0000  MCC=0.0000  Train=0.031s  Test=0.007s  Peak RAM=4.327 MB
2026-03-22 16:54:36 | INFO | [ncluster=493/493] AUC-ROC=50.00%  AUC-PR=10.79%  F1=0.0000  MCC=0.0000  Train=0.030s  Test=0.008s  Peak RAM=4.328 MB
2026-03-22 16:54:36 | INFO | [ncluster=496/496] AUC-ROC=50.00%  AUC-PR=10.79%  F1=0.0000  MCC=0.0000  Train=0.030s  Test=0.007s  Peak RAM=4.33 MB
2026-03-22 16:54:36 | INFO | [ncluster=499/499] AUC-ROC=50.00%  AUC-PR=10.79%  F1=0.0000  MCC=0.0000  Train=0.031s  Test=0.007s  Peak RAM=4.33 MB
2026-03-22 16:54:36 | INFO | --- noise=1% ---
2026-03-22 16:54:36 | INFO | ============================================================
2026-03-22 16:54:36 | INFO | Dataset  : Train_Normalizer_data_BoTIoT.csv
2026-03-22 16:54:36 | INFO | Scaler   : Normalizer
2026-03-22 16:54:36 | INFO | Noise    : 1%
2026-03-22 16:54:36 | INFO | nClusters: 167 values (1..499)
2026-03-22 16:54:36 | INFO | ============================================================
2026-03-22 16:54:36 | INFO | Loaded Raw Shape -> Train: (7257, 27), Test: (16815, 27)
2026-03-22 16:54:36 | INFO | Dropped metadata features: ['pkSeqID', 'stime', 'ltime', 'seq', 'saddr', 'daddr', 'sport', 'dport', 'state', 'flgs', 'proto']
2026-03-22 16:54:36 | INFO | Dropped metadata features: ['pkSeqID', 'stime', 'ltime', 'seq', 'saddr', 'daddr', 'sport', 'dport', 'state', 'flgs', 'proto']
2026-03-22 16:54:36 | INFO | Training size : 7,329  |  Testing size: 16,743  |  Features: 15
2026-03-22 16:54:36 | INFO | Firing up Parallel execution for 167 cluster configs...
2026-03-22 16:55:42 | INFO | [ncluster=1/1] AUC-ROC=50.00%  AUC-PR=10.84%  F1=0.0000  MCC=0.0000  Train=0.007s  Test=0.003s  Peak RAM=3.116 MB
2026-03-22 16:55:42 | INFO | [ncluster=4/4] AUC-ROC=50.00%  AUC-PR=10.84%  F1=0.0000  MCC=0.0000  Train=0.008s  Test=0.003s  Peak RAM=3.117 MB
2026-03-22 16:55:42 | INFO | [ncluster=7/7] AUC-ROC=50.00%  AUC-PR=10.84%  F1=0.0000  MCC=0.0000  Train=0.007s  Test=0.004s  Peak RAM=3.117 MB
2026-03-22 16:55:42 | INFO | [ncluster=10/10] AUC-ROC=50.00%  AUC-PR=10.84%  F1=0.0000  MCC=0.0000  Train=0.007s  Test=0.003s  Peak RAM=3.117 MB
2026-03-22 16:55:42 | INFO | [ncluster=13/13] AUC-ROC=50.00%  AUC-PR=10.84%  F1=0.0000  MCC=0.0000  Train=0.008s  Test=0.004s  Peak RAM=3.117 MB
2026-03-22 16:55:42 | INFO | [ncluster=16/16] AUC-ROC=50.00%  AUC-PR=10.84%  F1=0.0000  MCC=0.0000  Train=0.009s  Test=0.003s  Peak RAM=3.119 MB
2026-03-22 16:55:42 | INFO | [ncluster=19/19] AUC-ROC=50.00%  AUC-PR=10.84%  F1=0.0000  MCC=0.0000  Train=0.010s  Test=0.003s  Peak RAM=3.118 MB
2026-03-22 16:55:42 | INFO | [ncluster=22/22] AUC-ROC=50.00%  AUC-PR=10.84%  F1=0.0000  MCC=0.0000  Train=0.008s  Test=0.004s  Peak RAM=3.119 MB
2026-03-22 16:55:42 | INFO | [ncluster=25/25] AUC-ROC=50.00%  AUC-PR=10.84%  F1=0.0000  MCC=0.0000  Train=0.009s  Test=0.003s  Peak RAM=3.118 MB
2026-03-22 16:55:42 | INFO | [ncluster=28/28] AUC-ROC=50.00%  AUC-PR=10.84%  F1=0.0000  MCC=0.0000  Train=0.010s  Test=0.004s  Peak RAM=3.119 MB
2026-03-22 16:55:42 | INFO | [ncluster=31/31] AUC-ROC=50.00%  AUC-PR=10.84%  F1=0.0000  MCC=0.0000  Train=0.009s  Test=0.004s  Peak RAM=3.119 MB
2026-03-22 16:55:42 | INFO | [ncluster=34/34] AUC-ROC=50.00%  AUC-PR=10.84%  F1=0.0000  MCC=0.0000  Train=0.010s  Test=0.003s  Peak RAM=3.12 MB
2026-03-22 16:55:42 | INFO | [ncluster=37/37] AUC-ROC=50.00%  AUC-PR=10.84%  F1=0.0000  MCC=0.0000  Train=0.011s  Test=0.004s  Peak RAM=3.119 MB
2026-03-22 16:55:42 | INFO | [ncluster=40/40] AUC-ROC=50.00%  AUC-PR=10.84%  F1=0.0000  MCC=0.0000  Train=0.011s  Test=0.003s  Peak RAM=3.12 MB
2026-03-22 16:55:42 | INFO | [ncluster=43/43] AUC-ROC=50.00%  AUC-PR=10.84%  F1=0.0000  MCC=0.0000  Train=0.010s  Test=0.004s  Peak RAM=3.12 MB
2026-03-22 16:55:42 | INFO | [ncluster=46/46] AUC-ROC=50.00%  AUC-PR=10.84%  F1=0.0000  MCC=0.0000  Train=0.010s  Test=0.004s  Peak RAM=3.119 MB
2026-03-22 16:55:42 | INFO | [ncluster=49/49] AUC-ROC=50.00%  AUC-PR=10.84%  F1=0.0000  MCC=0.0000  Train=0.012s  Test=0.003s  Peak RAM=3.121 MB
2026-03-22 16:55:42 | INFO | [ncluster=52/52] AUC-ROC=50.00%  AUC-PR=10.84%  F1=0.0000  MCC=0.0000  Train=0.012s  Test=0.004s  Peak RAM=3.121 MB
2026-03-22 16:55:42 | INFO | [ncluster=55/55] AUC-ROC=50.00%  AUC-PR=10.84%  F1=0.0000  MCC=0.0000  Train=0.013s  Test=0.005s  Peak RAM=3.121 MB
2026-03-22 16:55:42 | INFO | [ncluster=58/58] AUC-ROC=50.00%  AUC-PR=10.84%  F1=0.0000  MCC=0.0000  Train=0.012s  Test=0.004s  Peak RAM=3.12 MB
2026-03-22 16:55:42 | INFO | [ncluster=61/61] AUC-ROC=50.00%  AUC-PR=10.84%  F1=0.0000  MCC=0.0000  Train=0.012s  Test=0.004s  Peak RAM=3.12 MB
2026-03-22 16:55:42 | INFO | [ncluster=64/64] AUC-ROC=50.00%  AUC-PR=10.84%  F1=0.0000  MCC=0.0000  Train=0.013s  Test=0.003s  Peak RAM=3.12 MB
2026-03-22 16:55:42 | INFO | [ncluster=67/67] AUC-ROC=50.00%  AUC-PR=10.84%  F1=0.0000  MCC=0.0000  Train=0.012s  Test=0.004s  Peak RAM=3.123 MB
2026-03-22 16:55:42 | INFO | [ncluster=70/70] AUC-ROC=50.00%  AUC-PR=10.84%  F1=0.0000  MCC=0.0000  Train=0.014s  Test=0.005s  Peak RAM=3.122 MB
2026-03-22 16:55:42 | INFO | [ncluster=73/73] AUC-ROC=50.00%  AUC-PR=10.84%  F1=0.0000  MCC=0.0000  Train=0.014s  Test=0.004s  Peak RAM=3.121 MB
2026-03-22 16:55:42 | INFO | [ncluster=76/76] AUC-ROC=50.00%  AUC-PR=10.84%  F1=0.0000  MCC=0.0000  Train=0.013s  Test=0.004s  Peak RAM=3.119 MB
2026-03-22 16:55:42 | INFO | [ncluster=79/79] AUC-ROC=50.00%  AUC-PR=10.84%  F1=0.0000  MCC=0.0000  Train=0.015s  Test=0.005s  Peak RAM=3.123 MB
2026-03-22 16:55:42 | INFO | [ncluster=82/82] AUC-ROC=50.00%  AUC-PR=10.84%  F1=0.0000  MCC=0.0000  Train=0.014s  Test=0.004s  Peak RAM=3.12 MB
2026-03-22 16:55:42 | INFO | [ncluster=85/85] AUC-ROC=50.00%  AUC-PR=10.84%  F1=0.0000  MCC=0.0000  Train=0.013s  Test=0.005s  Peak RAM=3.123 MB
2026-03-22 16:55:42 | INFO | [ncluster=88/88] AUC-ROC=50.00%  AUC-PR=10.84%  F1=0.0000  MCC=0.0000  Train=0.014s  Test=0.004s  Peak RAM=3.121 MB
2026-03-22 16:55:42 | INFO | [ncluster=91/91] AUC-ROC=50.00%  AUC-PR=10.84%  F1=0.0000  MCC=0.0000  Train=0.014s  Test=0.004s  Peak RAM=3.122 MB
2026-03-22 16:55:42 | INFO | [ncluster=94/94] AUC-ROC=50.00%  AUC-PR=10.84%  F1=0.0000  MCC=0.0000  Train=0.015s  Test=0.005s  Peak RAM=3.12 MB
2026-03-22 16:55:42 | INFO | [ncluster=97/97] AUC-ROC=50.00%  AUC-PR=10.84%  F1=0.0000  MCC=0.0000  Train=0.016s  Test=0.004s  Peak RAM=3.124 MB
2026-03-22 16:55:42 | INFO | [ncluster=100/100] AUC-ROC=50.00%  AUC-PR=10.84%  F1=0.0000  MCC=0.0000  Train=0.014s  Test=0.005s  Peak RAM=3.121 MB
2026-03-22 16:55:42 | INFO | [ncluster=103/103] AUC-ROC=50.00%  AUC-PR=10.84%  F1=0.0000  MCC=0.0000  Train=0.015s  Test=0.005s  Peak RAM=3.123 MB
2026-03-22 16:55:42 | INFO | [ncluster=106/106] AUC-ROC=50.00%  AUC-PR=10.84%  F1=0.0000  MCC=0.0000  Train=0.016s  Test=0.005s  Peak RAM=3.122 MB
2026-03-22 16:55:42 | INFO | [ncluster=109/109] AUC-ROC=50.00%  AUC-PR=10.84%  F1=0.0000  MCC=0.0000  Train=0.018s  Test=0.005s  Peak RAM=3.124 MB
2026-03-22 16:55:42 | INFO | [ncluster=112/112] AUC-ROC=50.00%  AUC-PR=10.84%  F1=0.0000  MCC=0.0000  Train=0.016s  Test=0.004s  Peak RAM=3.122 MB
2026-03-22 16:55:42 | INFO | [ncluster=115/115] AUC-ROC=50.00%  AUC-PR=10.84%  F1=0.0000  MCC=0.0000  Train=0.017s  Test=0.005s  Peak RAM=3.125 MB
2026-03-22 16:55:42 | INFO | [ncluster=118/118] AUC-ROC=50.00%  AUC-PR=10.84%  F1=0.0000  MCC=0.0000  Train=0.017s  Test=0.005s  Peak RAM=3.122 MB
2026-03-22 16:55:42 | INFO | [ncluster=121/121] AUC-ROC=50.00%  AUC-PR=10.84%  F1=0.0000  MCC=0.0000  Train=0.017s  Test=0.004s  Peak RAM=3.124 MB
2026-03-22 16:55:42 | INFO | [ncluster=124/124] AUC-ROC=50.00%  AUC-PR=10.84%  F1=0.0000  MCC=0.0000  Train=0.017s  Test=0.005s  Peak RAM=3.122 MB
2026-03-22 16:55:42 | INFO | [ncluster=127/127] AUC-ROC=50.00%  AUC-PR=10.84%  F1=0.0000  MCC=0.0000  Train=0.019s  Test=0.006s  Peak RAM=3.124 MB
2026-03-22 16:55:42 | INFO | [ncluster=130/130] AUC-ROC=50.00%  AUC-PR=10.84%  F1=0.0000  MCC=0.0000  Train=0.018s  Test=0.005s  Peak RAM=3.123 MB
2026-03-22 16:55:42 | INFO | [ncluster=133/133] AUC-ROC=50.00%  AUC-PR=10.84%  F1=0.0000  MCC=0.0000  Train=0.018s  Test=0.005s  Peak RAM=3.127 MB
2026-03-22 16:55:42 | INFO | [ncluster=136/136] AUC-ROC=50.00%  AUC-PR=10.84%  F1=0.0000  MCC=0.0000  Train=0.018s  Test=0.004s  Peak RAM=3.125 MB
2026-03-22 16:55:42 | INFO | [ncluster=139/139] AUC-ROC=50.00%  AUC-PR=10.84%  F1=0.0000  MCC=0.0000  Train=0.020s  Test=0.005s  Peak RAM=3.126 MB
2026-03-22 16:55:42 | INFO | [ncluster=142/142] AUC-ROC=50.00%  AUC-PR=10.84%  F1=0.0000  MCC=0.0000  Train=0.018s  Test=0.006s  Peak RAM=3.124 MB
2026-03-22 16:55:42 | INFO | [ncluster=145/145] AUC-ROC=50.00%  AUC-PR=10.84%  F1=0.0000  MCC=0.0000  Train=0.020s  Test=0.005s  Peak RAM=3.126 MB
2026-03-22 16:55:42 | INFO | [ncluster=148/148] AUC-ROC=50.00%  AUC-PR=10.84%  F1=0.0000  MCC=0.0000  Train=0.020s  Test=0.005s  Peak RAM=3.123 MB
2026-03-22 16:55:42 | INFO | [ncluster=151/151] AUC-ROC=50.00%  AUC-PR=10.84%  F1=0.0000  MCC=0.0000  Train=0.021s  Test=0.006s  Peak RAM=3.127 MB
2026-03-22 16:55:42 | INFO | [ncluster=154/154] AUC-ROC=50.00%  AUC-PR=10.84%  F1=0.0000  MCC=0.0000  Train=0.018s  Test=0.005s  Peak RAM=3.125 MB
2026-03-22 16:55:42 | INFO | [ncluster=157/157] AUC-ROC=50.00%  AUC-PR=10.84%  F1=0.0000  MCC=0.0000  Train=0.020s  Test=0.006s  Peak RAM=3.127 MB
2026-03-22 16:55:42 | INFO | [ncluster=160/160] AUC-ROC=50.00%  AUC-PR=10.84%  F1=0.0000  MCC=0.0000  Train=0.020s  Test=0.005s  Peak RAM=3.125 MB
2026-03-22 16:55:42 | INFO | [ncluster=163/163] AUC-ROC=50.00%  AUC-PR=10.84%  F1=0.0000  MCC=0.0000  Train=0.021s  Test=0.005s  Peak RAM=3.127 MB
2026-03-22 16:55:42 | INFO | [ncluster=166/166] AUC-ROC=50.00%  AUC-PR=10.84%  F1=0.0000  MCC=0.0000  Train=0.021s  Test=0.006s  Peak RAM=3.124 MB
2026-03-22 16:55:42 | INFO | [ncluster=169/169] AUC-ROC=50.00%  AUC-PR=10.84%  F1=0.0000  MCC=0.0000  Train=0.022s  Test=0.005s  Peak RAM=3.128 MB
2026-03-22 16:55:42 | INFO | [ncluster=172/172] AUC-ROC=50.00%  AUC-PR=10.84%  F1=0.0000  MCC=0.0000  Train=0.021s  Test=0.006s  Peak RAM=3.126 MB
2026-03-22 16:55:42 | INFO | [ncluster=175/175] AUC-ROC=50.00%  AUC-PR=10.84%  F1=0.0000  MCC=0.0000  Train=0.021s  Test=0.006s  Peak RAM=3.128 MB
2026-03-22 16:55:42 | INFO | [ncluster=178/178] AUC-ROC=50.00%  AUC-PR=10.84%  F1=0.0000  MCC=0.0000  Train=0.020s  Test=0.005s  Peak RAM=3.126 MB
2026-03-22 16:55:42 | INFO | [ncluster=181/181] AUC-ROC=50.00%  AUC-PR=10.84%  F1=0.0000  MCC=0.0000  Train=0.024s  Test=0.006s  Peak RAM=3.129 MB
2026-03-22 16:55:42 | INFO | [ncluster=184/184] AUC-ROC=50.00%  AUC-PR=10.84%  F1=0.0000  MCC=0.0000  Train=0.022s  Test=0.005s  Peak RAM=3.127 MB
2026-03-22 16:55:42 | INFO | [ncluster=187/187] AUC-ROC=50.00%  AUC-PR=10.84%  F1=0.0000  MCC=0.0000  Train=0.023s  Test=0.006s  Peak RAM=3.129 MB
2026-03-22 16:55:42 | INFO | [ncluster=190/190] AUC-ROC=50.00%  AUC-PR=10.84%  F1=0.0000  MCC=0.0000  Train=0.023s  Test=0.006s  Peak RAM=3.126 MB
2026-03-22 16:55:42 | INFO | [ncluster=193/193] AUC-ROC=50.00%  AUC-PR=10.84%  F1=0.0000  MCC=0.0000  Train=0.023s  Test=0.005s  Peak RAM=3.129 MB
2026-03-22 16:55:42 | INFO | [ncluster=196/196] AUC-ROC=50.00%  AUC-PR=10.84%  F1=0.0000  MCC=0.0000  Train=0.024s  Test=0.006s  Peak RAM=3.127 MB
2026-03-22 16:55:42 | INFO | [ncluster=199/199] AUC-ROC=50.00%  AUC-PR=10.84%  F1=0.0000  MCC=0.0000  Train=0.025s  Test=0.006s  Peak RAM=3.129 MB
2026-03-22 16:55:42 | INFO | [ncluster=202/202] AUC-ROC=50.00%  AUC-PR=10.84%  F1=0.0000  MCC=0.0000  Train=0.024s  Test=0.006s  Peak RAM=3.127 MB
2026-03-22 16:55:42 | INFO | [ncluster=205/205] AUC-ROC=50.00%  AUC-PR=10.84%  F1=0.0000  MCC=0.0000  Train=0.023s  Test=0.006s  Peak RAM=3.132 MB
2026-03-22 16:55:42 | INFO | [ncluster=208/208] AUC-ROC=50.00%  AUC-PR=10.84%  F1=0.0000  MCC=0.0000  Train=0.025s  Test=0.005s  Peak RAM=3.129 MB
2026-03-22 16:55:42 | INFO | [ncluster=211/211] AUC-ROC=50.00%  AUC-PR=10.84%  F1=0.0000  MCC=0.0000  Train=0.026s  Test=0.006s  Peak RAM=3.132 MB
2026-03-22 16:55:42 | INFO | [ncluster=214/214] AUC-ROC=50.00%  AUC-PR=10.84%  F1=0.0000  MCC=0.0000  Train=0.025s  Test=0.007s  Peak RAM=3.129 MB
2026-03-22 16:55:42 | INFO | [ncluster=217/217] AUC-ROC=50.00%  AUC-PR=10.84%  F1=0.0000  MCC=0.0000  Train=0.027s  Test=0.006s  Peak RAM=3.131 MB
2026-03-22 16:55:42 | INFO | [ncluster=220/220] AUC-ROC=50.00%  AUC-PR=10.84%  F1=0.0000  MCC=0.0000  Train=0.027s  Test=0.006s  Peak RAM=3.131 MB
2026-03-22 16:55:42 | INFO | [ncluster=223/223] AUC-ROC=50.00%  AUC-PR=10.84%  F1=0.0000  MCC=0.0000  Train=0.026s  Test=0.007s  Peak RAM=3.131 MB
2026-03-22 16:55:42 | INFO | [ncluster=226/226] AUC-ROC=50.00%  AUC-PR=10.84%  F1=0.0000  MCC=0.0000  Train=0.026s  Test=0.006s  Peak RAM=3.131 MB
2026-03-22 16:55:42 | INFO | [ncluster=229/229] AUC-ROC=50.00%  AUC-PR=10.84%  F1=0.0000  MCC=0.0000  Train=0.027s  Test=0.007s  Peak RAM=3.132 MB
2026-03-22 16:55:42 | INFO | [ncluster=232/232] AUC-ROC=50.00%  AUC-PR=10.84%  F1=0.0000  MCC=0.0000  Train=0.028s  Test=0.006s  Peak RAM=3.133 MB
2026-03-22 16:55:42 | INFO | [ncluster=235/235] AUC-ROC=50.00%  AUC-PR=10.84%  F1=0.0000  MCC=0.0000  Train=0.028s  Test=0.006s  Peak RAM=3.133 MB
2026-03-22 16:55:42 | INFO | [ncluster=238/238] AUC-ROC=50.00%  AUC-PR=10.84%  F1=0.0000  MCC=0.0000  Train=0.027s  Test=0.007s  Peak RAM=3.135 MB
2026-03-22 16:55:42 | INFO | [ncluster=241/241] AUC-ROC=50.00%  AUC-PR=10.84%  F1=0.0000  MCC=0.0000  Train=0.029s  Test=0.006s  Peak RAM=3.132 MB
2026-03-22 16:55:42 | INFO | [ncluster=244/244] AUC-ROC=50.00%  AUC-PR=10.84%  F1=0.0000  MCC=0.0000  Train=0.028s  Test=0.007s  Peak RAM=3.132 MB
2026-03-22 16:55:42 | INFO | [ncluster=247/247] AUC-ROC=50.00%  AUC-PR=10.84%  F1=0.0000  MCC=0.0000  Train=0.029s  Test=0.007s  Peak RAM=3.134 MB
2026-03-22 16:55:42 | INFO | [ncluster=250/250] AUC-ROC=50.00%  AUC-PR=10.84%  F1=0.0000  MCC=0.0000  Train=0.029s  Test=0.006s  Peak RAM=3.133 MB
2026-03-22 16:55:42 | INFO | [ncluster=253/253] AUC-ROC=50.00%  AUC-PR=10.84%  F1=0.0000  MCC=0.0000  Train=0.029s  Test=0.007s  Peak RAM=3.133 MB
2026-03-22 16:55:42 | INFO | [ncluster=256/256] AUC-ROC=50.00%  AUC-PR=10.84%  F1=0.0000  MCC=0.0000  Train=0.029s  Test=0.006s  Peak RAM=3.134 MB
2026-03-22 16:55:42 | INFO | [ncluster=259/259] AUC-ROC=50.00%  AUC-PR=10.84%  F1=0.0000  MCC=0.0000  Train=0.029s  Test=0.007s  Peak RAM=3.133 MB
2026-03-22 16:55:42 | INFO | [ncluster=262/262] AUC-ROC=50.00%  AUC-PR=10.84%  F1=0.0000  MCC=0.0000  Train=0.031s  Test=0.007s  Peak RAM=3.134 MB
2026-03-22 16:55:42 | INFO | [ncluster=265/265] AUC-ROC=50.00%  AUC-PR=10.84%  F1=0.0000  MCC=0.0000  Train=0.030s  Test=0.006s  Peak RAM=3.135 MB
2026-03-22 16:55:42 | INFO | [ncluster=268/268] AUC-ROC=50.00%  AUC-PR=10.84%  F1=0.0000  MCC=0.0000  Train=0.031s  Test=0.007s  Peak RAM=3.135 MB
2026-03-22 16:55:42 | INFO | [ncluster=271/271] AUC-ROC=50.00%  AUC-PR=10.84%  F1=0.0000  MCC=0.0000  Train=0.032s  Test=0.008s  Peak RAM=3.134 MB
2026-03-22 16:55:42 | INFO | [ncluster=274/274] AUC-ROC=50.00%  AUC-PR=10.84%  F1=0.0000  MCC=0.0000  Train=0.029s  Test=0.007s  Peak RAM=3.135 MB
2026-03-22 16:55:42 | INFO | [ncluster=277/277] AUC-ROC=50.00%  AUC-PR=10.84%  F1=0.0000  MCC=0.0000  Train=0.032s  Test=0.007s  Peak RAM=3.135 MB
2026-03-22 16:55:42 | INFO | [ncluster=280/280] AUC-ROC=50.00%  AUC-PR=10.84%  F1=0.0000  MCC=0.0000  Train=0.030s  Test=0.006s  Peak RAM=3.135 MB
2026-03-22 16:55:42 | INFO | [ncluster=283/283] AUC-ROC=50.00%  AUC-PR=10.84%  F1=0.0000  MCC=0.0000  Train=0.032s  Test=0.007s  Peak RAM=3.135 MB
2026-03-22 16:55:42 | INFO | [ncluster=286/286] AUC-ROC=50.00%  AUC-PR=10.84%  F1=0.0000  MCC=0.0000  Train=0.032s  Test=0.007s  Peak RAM=3.134 MB
2026-03-22 16:55:42 | INFO | [ncluster=289/289] AUC-ROC=50.00%  AUC-PR=10.84%  F1=0.0000  MCC=0.0000  Train=0.032s  Test=0.007s  Peak RAM=3.135 MB
2026-03-22 16:55:42 | INFO | [ncluster=292/292] AUC-ROC=50.00%  AUC-PR=10.84%  F1=0.0000  MCC=0.0000  Train=0.032s  Test=0.007s  Peak RAM=3.137 MB
2026-03-22 16:55:42 | INFO | [ncluster=295/295] AUC-ROC=50.00%  AUC-PR=10.84%  F1=0.0000  MCC=0.0000  Train=0.032s  Test=0.008s  Peak RAM=3.141 MB
2026-03-22 16:55:42 | INFO | [ncluster=298/298] AUC-ROC=50.00%  AUC-PR=10.84%  F1=0.0000  MCC=0.0000  Train=0.034s  Test=0.007s  Peak RAM=3.136 MB
2026-03-22 16:55:42 | INFO | [ncluster=301/301] AUC-ROC=50.00%  AUC-PR=10.84%  F1=0.0000  MCC=0.0000  Train=0.034s  Test=0.007s  Peak RAM=3.137 MB
2026-03-22 16:55:42 | INFO | [ncluster=304/304] AUC-ROC=50.00%  AUC-PR=10.84%  F1=0.0000  MCC=0.0000  Train=0.034s  Test=0.007s  Peak RAM=3.137 MB
2026-03-22 16:55:42 | INFO | [ncluster=307/307] AUC-ROC=50.00%  AUC-PR=10.84%  F1=0.0000  MCC=0.0000  Train=0.035s  Test=0.007s  Peak RAM=3.137 MB
2026-03-22 16:55:42 | INFO | [ncluster=310/310] AUC-ROC=50.00%  AUC-PR=10.84%  F1=0.0000  MCC=0.0000  Train=0.031s  Test=0.008s  Peak RAM=3.146 MB
2026-03-22 16:55:42 | INFO | [ncluster=313/313] AUC-ROC=50.00%  AUC-PR=10.84%  F1=0.0000  MCC=0.0000  Train=0.035s  Test=0.007s  Peak RAM=3.137 MB
2026-03-22 16:55:42 | INFO | [ncluster=316/316] AUC-ROC=50.00%  AUC-PR=10.84%  F1=0.0000  MCC=0.0000  Train=0.034s  Test=0.007s  Peak RAM=3.139 MB
2026-03-22 16:55:42 | INFO | [ncluster=319/319] AUC-ROC=50.00%  AUC-PR=10.84%  F1=0.0000  MCC=0.0000  Train=0.036s  Test=0.008s  Peak RAM=3.138 MB
2026-03-22 16:55:42 | INFO | [ncluster=322/322] AUC-ROC=50.00%  AUC-PR=10.84%  F1=0.0000  MCC=0.0000  Train=0.035s  Test=0.007s  Peak RAM=3.137 MB
2026-03-22 16:55:42 | INFO | [ncluster=325/325] AUC-ROC=50.00%  AUC-PR=10.84%  F1=0.0000  MCC=0.0000  Train=0.032s  Test=0.008s  Peak RAM=3.144 MB
2026-03-22 16:55:42 | INFO | [ncluster=328/328] AUC-ROC=50.00%  AUC-PR=10.84%  F1=0.0000  MCC=0.0000  Train=0.035s  Test=0.007s  Peak RAM=3.143 MB
2026-03-22 16:55:42 | INFO | [ncluster=331/331] AUC-ROC=50.00%  AUC-PR=10.84%  F1=0.0000  MCC=0.0000  Train=0.035s  Test=0.008s  Peak RAM=3.142 MB
2026-03-22 16:55:42 | INFO | [ncluster=334/334] AUC-ROC=50.00%  AUC-PR=10.84%  F1=0.0000  MCC=0.0000  Train=0.035s  Test=0.008s  Peak RAM=3.144 MB
2026-03-22 16:55:42 | INFO | [ncluster=337/337] AUC-ROC=50.00%  AUC-PR=10.84%  F1=0.0000  MCC=0.0000  Train=0.037s  Test=0.007s  Peak RAM=3.143 MB
2026-03-22 16:55:42 | INFO | [ncluster=340/340] AUC-ROC=50.00%  AUC-PR=10.84%  F1=0.0000  MCC=0.0000  Train=0.036s  Test=0.008s  Peak RAM=3.144 MB
2026-03-22 16:55:42 | INFO | [ncluster=343/343] AUC-ROC=50.00%  AUC-PR=10.84%  F1=0.0000  MCC=0.0000  Train=0.038s  Test=0.009s  Peak RAM=3.141 MB
2026-03-22 16:55:42 | INFO | [ncluster=346/346] AUC-ROC=50.00%  AUC-PR=10.84%  F1=0.0000  MCC=0.0000  Train=0.036s  Test=0.008s  Peak RAM=3.141 MB
2026-03-22 16:55:42 | INFO | [ncluster=349/349] AUC-ROC=50.00%  AUC-PR=10.84%  F1=0.0000  MCC=0.0000  Train=0.038s  Test=0.008s  Peak RAM=3.14 MB
2026-03-22 16:55:42 | INFO | [ncluster=352/352] AUC-ROC=50.00%  AUC-PR=10.84%  F1=0.0000  MCC=0.0000  Train=0.037s  Test=0.007s  Peak RAM=3.143 MB
2026-03-22 16:55:42 | INFO | [ncluster=355/355] AUC-ROC=50.00%  AUC-PR=10.84%  F1=0.0000  MCC=0.0000  Train=0.039s  Test=0.008s  Peak RAM=3.143 MB
2026-03-22 16:55:42 | INFO | [ncluster=358/358] AUC-ROC=50.00%  AUC-PR=10.84%  F1=0.0000  MCC=0.0000  Train=0.038s  Test=0.008s  Peak RAM=3.141 MB
2026-03-22 16:55:42 | INFO | [ncluster=361/361] AUC-ROC=50.00%  AUC-PR=10.84%  F1=0.0000  MCC=0.0000  Train=0.038s  Test=0.008s  Peak RAM=3.143 MB
2026-03-22 16:55:42 | INFO | [ncluster=364/364] AUC-ROC=50.00%  AUC-PR=10.84%  F1=0.0000  MCC=0.0000  Train=0.038s  Test=0.008s  Peak RAM=3.141 MB
2026-03-22 16:55:42 | INFO | [ncluster=367/367] AUC-ROC=50.00%  AUC-PR=10.84%  F1=0.0000  MCC=0.0000  Train=0.038s  Test=0.009s  Peak RAM=3.142 MB
2026-03-22 16:55:42 | INFO | [ncluster=370/370] AUC-ROC=50.00%  AUC-PR=10.84%  F1=0.0000  MCC=0.0000  Train=0.040s  Test=0.008s  Peak RAM=3.143 MB
2026-03-22 16:55:42 | INFO | [ncluster=373/373] AUC-ROC=50.00%  AUC-PR=10.84%  F1=0.0000  MCC=0.0000  Train=0.040s  Test=0.008s  Peak RAM=3.142 MB
2026-03-22 16:55:42 | INFO | [ncluster=376/376] AUC-ROC=50.00%  AUC-PR=10.84%  F1=0.0000  MCC=0.0000  Train=0.040s  Test=0.007s  Peak RAM=3.142 MB
2026-03-22 16:55:42 | INFO | [ncluster=379/379] AUC-ROC=50.00%  AUC-PR=10.84%  F1=0.0000  MCC=0.0000  Train=0.040s  Test=0.008s  Peak RAM=3.142 MB
2026-03-22 16:55:42 | INFO | [ncluster=382/382] AUC-ROC=50.00%  AUC-PR=10.84%  F1=0.0000  MCC=0.0000  Train=0.039s  Test=0.009s  Peak RAM=3.142 MB
2026-03-22 16:55:42 | INFO | [ncluster=385/385] AUC-ROC=50.00%  AUC-PR=10.84%  F1=0.0000  MCC=0.0000  Train=0.041s  Test=0.008s  Peak RAM=3.143 MB
2026-03-22 16:55:42 | INFO | [ncluster=388/388] AUC-ROC=50.00%  AUC-PR=10.84%  F1=0.0000  MCC=0.0000  Train=0.040s  Test=0.008s  Peak RAM=3.143 MB
2026-03-22 16:55:42 | INFO | [ncluster=391/391] AUC-ROC=50.00%  AUC-PR=10.84%  F1=0.0000  MCC=0.0000  Train=0.042s  Test=0.009s  Peak RAM=3.142 MB
2026-03-22 16:55:42 | INFO | [ncluster=394/394] AUC-ROC=50.00%  AUC-PR=10.84%  F1=0.0000  MCC=0.0000  Train=0.042s  Test=0.016s  Peak RAM=3.142 MB
2026-03-22 16:55:42 | INFO | [ncluster=397/397] AUC-ROC=50.00%  AUC-PR=10.84%  F1=0.0000  MCC=0.0000  Train=0.041s  Test=0.009s  Peak RAM=3.142 MB
2026-03-22 16:55:42 | INFO | [ncluster=400/400] AUC-ROC=50.00%  AUC-PR=10.84%  F1=0.0000  MCC=0.0000  Train=0.041s  Test=0.008s  Peak RAM=3.144 MB
2026-03-22 16:55:42 | INFO | [ncluster=403/403] AUC-ROC=50.00%  AUC-PR=10.84%  F1=0.0000  MCC=0.0000  Train=0.041s  Test=0.008s  Peak RAM=3.142 MB
2026-03-22 16:55:42 | INFO | [ncluster=406/406] AUC-ROC=50.00%  AUC-PR=10.84%  F1=0.0000  MCC=0.0000  Train=0.043s  Test=0.009s  Peak RAM=3.144 MB
2026-03-22 16:55:42 | INFO | [ncluster=409/409] AUC-ROC=50.00%  AUC-PR=10.84%  F1=0.0000  MCC=0.0000  Train=0.043s  Test=0.008s  Peak RAM=3.145 MB
2026-03-22 16:55:42 | INFO | [ncluster=412/412] AUC-ROC=50.00%  AUC-PR=10.84%  F1=0.0000  MCC=0.0000  Train=0.043s  Test=0.009s  Peak RAM=3.144 MB
2026-03-22 16:55:42 | INFO | [ncluster=415/415] AUC-ROC=50.00%  AUC-PR=10.84%  F1=0.0000  MCC=0.0000  Train=0.041s  Test=0.010s  Peak RAM=3.143 MB
2026-03-22 16:55:42 | INFO | [ncluster=418/418] AUC-ROC=50.00%  AUC-PR=10.84%  F1=0.0000  MCC=0.0000  Train=0.044s  Test=0.008s  Peak RAM=3.144 MB
2026-03-22 16:55:42 | INFO | [ncluster=421/421] AUC-ROC=50.00%  AUC-PR=10.84%  F1=0.0000  MCC=0.0000  Train=0.043s  Test=0.009s  Peak RAM=3.145 MB
2026-03-22 16:55:42 | INFO | [ncluster=424/424] AUC-ROC=50.00%  AUC-PR=10.84%  F1=0.0000  MCC=0.0000  Train=0.043s  Test=0.008s  Peak RAM=3.144 MB
2026-03-22 16:55:42 | INFO | [ncluster=427/427] AUC-ROC=50.00%  AUC-PR=10.84%  F1=0.0000  MCC=0.0000  Train=0.045s  Test=0.009s  Peak RAM=3.144 MB
2026-03-22 16:55:42 | INFO | [ncluster=430/430] AUC-ROC=50.00%  AUC-PR=10.84%  F1=0.0000  MCC=0.0000  Train=0.045s  Test=0.009s  Peak RAM=3.145 MB
2026-03-22 16:55:42 | INFO | [ncluster=433/433] AUC-ROC=50.00%  AUC-PR=10.84%  F1=0.0000  MCC=0.0000  Train=0.044s  Test=0.009s  Peak RAM=3.144 MB
2026-03-22 16:55:42 | INFO | [ncluster=436/436] AUC-ROC=50.00%  AUC-PR=10.84%  F1=0.0000  MCC=0.0000  Train=0.045s  Test=0.009s  Peak RAM=3.146 MB
2026-03-22 16:55:42 | INFO | [ncluster=439/439] AUC-ROC=50.00%  AUC-PR=10.84%  F1=0.0000  MCC=0.0000  Train=0.045s  Test=0.010s  Peak RAM=3.145 MB
2026-03-22 16:55:42 | INFO | [ncluster=442/442] AUC-ROC=50.00%  AUC-PR=10.84%  F1=0.0000  MCC=0.0000  Train=0.046s  Test=0.009s  Peak RAM=3.146 MB
2026-03-22 16:55:42 | INFO | [ncluster=445/445] AUC-ROC=50.00%  AUC-PR=10.84%  F1=0.0000  MCC=0.0000  Train=0.046s  Test=0.009s  Peak RAM=3.146 MB
2026-03-22 16:55:42 | INFO | [ncluster=448/448] AUC-ROC=50.00%  AUC-PR=10.84%  F1=0.0000  MCC=0.0000  Train=0.046s  Test=0.008s  Peak RAM=3.147 MB
2026-03-22 16:55:42 | INFO | [ncluster=451/451] AUC-ROC=50.00%  AUC-PR=10.84%  F1=0.0000  MCC=0.0000  Train=0.047s  Test=0.009s  Peak RAM=3.146 MB
2026-03-22 16:55:42 | INFO | [ncluster=454/454] AUC-ROC=50.00%  AUC-PR=10.84%  F1=0.0000  MCC=0.0000  Train=0.048s  Test=0.010s  Peak RAM=3.146 MB
2026-03-22 16:55:42 | INFO | [ncluster=457/457] AUC-ROC=50.00%  AUC-PR=10.84%  F1=0.0000  MCC=0.0000  Train=0.046s  Test=0.009s  Peak RAM=3.148 MB
2026-03-22 16:55:42 | INFO | [ncluster=460/460] AUC-ROC=50.00%  AUC-PR=10.84%  F1=0.0000  MCC=0.0000  Train=0.046s  Test=0.009s  Peak RAM=3.148 MB
2026-03-22 16:55:42 | INFO | [ncluster=463/463] AUC-ROC=50.00%  AUC-PR=10.84%  F1=0.0000  MCC=0.0000  Train=0.048s  Test=0.010s  Peak RAM=3.147 MB
2026-03-22 16:55:42 | INFO | [ncluster=466/466] AUC-ROC=50.00%  AUC-PR=10.84%  F1=0.0000  MCC=0.0000  Train=0.048s  Test=0.009s  Peak RAM=3.149 MB
2026-03-22 16:55:42 | INFO | [ncluster=469/469] AUC-ROC=50.00%  AUC-PR=10.84%  F1=0.0000  MCC=0.0000  Train=0.047s  Test=0.010s  Peak RAM=3.147 MB
2026-03-22 16:55:42 | INFO | [ncluster=472/472] AUC-ROC=50.00%  AUC-PR=10.84%  F1=0.0000  MCC=0.0000  Train=0.048s  Test=0.009s  Peak RAM=3.148 MB
2026-03-22 16:55:42 | INFO | [ncluster=475/475] AUC-ROC=50.00%  AUC-PR=10.84%  F1=0.0000  MCC=0.0000  Train=0.047s  Test=0.009s  Peak RAM=3.147 MB
2026-03-22 16:55:42 | INFO | [ncluster=478/478] AUC-ROC=50.00%  AUC-PR=10.84%  F1=0.0000  MCC=0.0000  Train=0.031s  Test=0.008s  Peak RAM=3.149 MB
2026-03-22 16:55:42 | INFO | [ncluster=481/481] AUC-ROC=50.00%  AUC-PR=10.84%  F1=0.0000  MCC=0.0000  Train=0.031s  Test=0.007s  Peak RAM=3.149 MB
2026-03-22 16:55:42 | INFO | [ncluster=484/484] AUC-ROC=50.00%  AUC-PR=10.84%  F1=0.0000  MCC=0.0000  Train=0.031s  Test=0.008s  Peak RAM=3.148 MB
2026-03-22 16:55:42 | INFO | [ncluster=487/487] AUC-ROC=50.00%  AUC-PR=10.84%  F1=0.0000  MCC=0.0000  Train=0.032s  Test=0.008s  Peak RAM=3.15 MB
2026-03-22 16:55:42 | INFO | [ncluster=490/490] AUC-ROC=50.00%  AUC-PR=10.84%  F1=0.0000  MCC=0.0000  Train=0.031s  Test=0.007s  Peak RAM=3.147 MB
2026-03-22 16:55:42 | INFO | [ncluster=493/493] AUC-ROC=50.00%  AUC-PR=10.84%  F1=0.0000  MCC=0.0000  Train=0.031s  Test=0.007s  Peak RAM=3.149 MB
2026-03-22 16:55:42 | INFO | [ncluster=496/496] AUC-ROC=50.00%  AUC-PR=10.84%  F1=0.0000  MCC=0.0000  Train=0.031s  Test=0.007s  Peak RAM=3.149 MB
2026-03-22 16:55:42 | INFO | [ncluster=499/499] AUC-ROC=50.00%  AUC-PR=10.84%  F1=0.0000  MCC=0.0000  Train=0.030s  Test=0.007s  Peak RAM=3.151 MB
2026-03-22 16:55:42 | INFO | --- noise=3% ---
2026-03-22 16:55:42 | INFO | ============================================================
2026-03-22 16:55:42 | INFO | Dataset  : Train_Normalizer_data_BoTIoT.csv
2026-03-22 16:55:42 | INFO | Scaler   : Normalizer
2026-03-22 16:55:42 | INFO | Noise    : 3%
2026-03-22 16:55:42 | INFO | nClusters: 167 values (1..499)
2026-03-22 16:55:42 | INFO | ============================================================
2026-03-22 16:55:42 | INFO | Loaded Raw Shape -> Train: (7257, 27), Test: (16815, 27)
2026-03-22 16:55:42 | INFO | Dropped metadata features: ['pkSeqID', 'stime', 'ltime', 'seq', 'saddr', 'daddr', 'sport', 'dport', 'state', 'flgs', 'proto']
2026-03-22 16:55:42 | INFO | Dropped metadata features: ['pkSeqID', 'stime', 'ltime', 'seq', 'saddr', 'daddr', 'sport', 'dport', 'state', 'flgs', 'proto']
2026-03-22 16:55:42 | INFO | Training size : 7,474  |  Testing size: 16,598  |  Features: 15
2026-03-22 16:55:42 | INFO | Firing up Parallel execution for 167 cluster configs...
2026-03-22 16:56:48 | INFO | [ncluster=1/1] AUC-ROC=50.00%  AUC-PR=10.94%  F1=0.0000  MCC=0.0000  Train=0.007s  Test=0.003s  Peak RAM=3.178 MB
2026-03-22 16:56:48 | INFO | [ncluster=4/4] AUC-ROC=50.00%  AUC-PR=10.94%  F1=0.0000  MCC=0.0000  Train=0.007s  Test=0.003s  Peak RAM=3.178 MB
2026-03-22 16:56:48 | INFO | [ncluster=7/7] AUC-ROC=50.00%  AUC-PR=10.94%  F1=0.0000  MCC=0.0000  Train=0.007s  Test=0.004s  Peak RAM=3.18 MB
2026-03-22 16:56:48 | INFO | [ncluster=10/10] AUC-ROC=50.00%  AUC-PR=10.94%  F1=0.0000  MCC=0.0000  Train=0.007s  Test=0.003s  Peak RAM=3.18 MB
2026-03-22 16:56:48 | INFO | [ncluster=13/13] AUC-ROC=50.00%  AUC-PR=10.94%  F1=0.0000  MCC=0.0000  Train=0.009s  Test=0.004s  Peak RAM=3.179 MB
2026-03-22 16:56:48 | INFO | [ncluster=16/16] AUC-ROC=50.00%  AUC-PR=10.94%  F1=0.0000  MCC=0.0000  Train=0.009s  Test=0.003s  Peak RAM=3.179 MB
2026-03-22 16:56:48 | INFO | [ncluster=19/19] AUC-ROC=50.00%  AUC-PR=10.94%  F1=0.0000  MCC=0.0000  Train=0.010s  Test=0.003s  Peak RAM=3.181 MB
2026-03-22 16:56:48 | INFO | [ncluster=22/22] AUC-ROC=50.00%  AUC-PR=10.94%  F1=0.0000  MCC=0.0000  Train=0.010s  Test=0.004s  Peak RAM=3.18 MB
2026-03-22 16:56:48 | INFO | [ncluster=25/25] AUC-ROC=50.00%  AUC-PR=10.94%  F1=0.0000  MCC=0.0000  Train=0.009s  Test=0.003s  Peak RAM=3.181 MB
2026-03-22 16:56:48 | INFO | [ncluster=28/28] AUC-ROC=50.00%  AUC-PR=10.94%  F1=0.0000  MCC=0.0000  Train=0.009s  Test=0.004s  Peak RAM=3.18 MB
2026-03-22 16:56:48 | INFO | [ncluster=31/31] AUC-ROC=50.00%  AUC-PR=10.94%  F1=0.0000  MCC=0.0000  Train=0.010s  Test=0.004s  Peak RAM=3.18 MB
2026-03-22 16:56:48 | INFO | [ncluster=34/34] AUC-ROC=50.00%  AUC-PR=10.94%  F1=0.0000  MCC=0.0000  Train=0.010s  Test=0.003s  Peak RAM=3.18 MB
2026-03-22 16:56:48 | INFO | [ncluster=37/37] AUC-ROC=50.00%  AUC-PR=10.94%  F1=0.0000  MCC=0.0000  Train=0.011s  Test=0.004s  Peak RAM=3.181 MB
2026-03-22 16:56:48 | INFO | [ncluster=40/40] AUC-ROC=50.00%  AUC-PR=10.94%  F1=0.0000  MCC=0.0000  Train=0.010s  Test=0.003s  Peak RAM=3.181 MB
2026-03-22 16:56:48 | INFO | [ncluster=43/43] AUC-ROC=50.00%  AUC-PR=10.94%  F1=0.0000  MCC=0.0000  Train=0.010s  Test=0.004s  Peak RAM=3.182 MB
2026-03-22 16:56:48 | INFO | [ncluster=46/46] AUC-ROC=50.00%  AUC-PR=10.94%  F1=0.0000  MCC=0.0000  Train=0.011s  Test=0.004s  Peak RAM=3.182 MB
2026-03-22 16:56:48 | INFO | [ncluster=49/49] AUC-ROC=50.00%  AUC-PR=10.94%  F1=0.0000  MCC=0.0000  Train=0.012s  Test=0.004s  Peak RAM=3.183 MB
2026-03-22 16:56:48 | INFO | [ncluster=52/52] AUC-ROC=50.00%  AUC-PR=10.94%  F1=0.0000  MCC=0.0000  Train=0.012s  Test=0.004s  Peak RAM=3.181 MB
2026-03-22 16:56:48 | INFO | [ncluster=55/55] AUC-ROC=50.00%  AUC-PR=10.94%  F1=0.0000  MCC=0.0000  Train=0.013s  Test=0.005s  Peak RAM=3.182 MB
2026-03-22 16:56:48 | INFO | [ncluster=58/58] AUC-ROC=50.00%  AUC-PR=10.94%  F1=0.0000  MCC=0.0000  Train=0.013s  Test=0.004s  Peak RAM=3.182 MB
2026-03-22 16:56:48 | INFO | [ncluster=61/61] AUC-ROC=50.00%  AUC-PR=10.94%  F1=0.0000  MCC=0.0000  Train=0.011s  Test=0.004s  Peak RAM=3.183 MB
2026-03-22 16:56:48 | INFO | [ncluster=64/64] AUC-ROC=50.00%  AUC-PR=10.94%  F1=0.0000  MCC=0.0000  Train=0.012s  Test=0.003s  Peak RAM=3.182 MB
2026-03-22 16:56:48 | INFO | [ncluster=67/67] AUC-ROC=50.00%  AUC-PR=10.94%  F1=0.0000  MCC=0.0000  Train=0.014s  Test=0.004s  Peak RAM=3.182 MB
2026-03-22 16:56:48 | INFO | [ncluster=70/70] AUC-ROC=50.00%  AUC-PR=10.94%  F1=0.0000  MCC=0.0000  Train=0.014s  Test=0.008s  Peak RAM=3.183 MB
2026-03-22 16:56:48 | INFO | [ncluster=73/73] AUC-ROC=50.00%  AUC-PR=10.94%  F1=0.0000  MCC=0.0000  Train=0.014s  Test=0.004s  Peak RAM=3.184 MB
2026-03-22 16:56:48 | INFO | [ncluster=76/76] AUC-ROC=50.00%  AUC-PR=10.94%  F1=0.0000  MCC=0.0000  Train=0.013s  Test=0.004s  Peak RAM=3.181 MB
2026-03-22 16:56:48 | INFO | [ncluster=79/79] AUC-ROC=50.00%  AUC-PR=10.94%  F1=0.0000  MCC=0.0000  Train=0.014s  Test=0.005s  Peak RAM=3.184 MB
2026-03-22 16:56:48 | INFO | [ncluster=82/82] AUC-ROC=50.00%  AUC-PR=10.94%  F1=0.0000  MCC=0.0000  Train=0.014s  Test=0.004s  Peak RAM=3.181 MB
2026-03-22 16:56:48 | INFO | [ncluster=85/85] AUC-ROC=50.00%  AUC-PR=10.94%  F1=0.0000  MCC=0.0000  Train=0.014s  Test=0.005s  Peak RAM=3.184 MB
2026-03-22 16:56:48 | INFO | [ncluster=88/88] AUC-ROC=50.00%  AUC-PR=10.94%  F1=0.0000  MCC=0.0000  Train=0.014s  Test=0.004s  Peak RAM=3.183 MB
2026-03-22 16:56:48 | INFO | [ncluster=91/91] AUC-ROC=50.00%  AUC-PR=10.94%  F1=0.0000  MCC=0.0000  Train=0.015s  Test=0.004s  Peak RAM=3.184 MB
2026-03-22 16:56:48 | INFO | [ncluster=94/94] AUC-ROC=50.00%  AUC-PR=10.94%  F1=0.0000  MCC=0.0000  Train=0.015s  Test=0.005s  Peak RAM=3.182 MB
2026-03-22 16:56:48 | INFO | [ncluster=97/97] AUC-ROC=50.00%  AUC-PR=10.94%  F1=0.0000  MCC=0.0000  Train=0.015s  Test=0.004s  Peak RAM=3.187 MB
2026-03-22 16:56:48 | INFO | [ncluster=100/100] AUC-ROC=50.00%  AUC-PR=10.94%  F1=0.0000  MCC=0.0000  Train=0.015s  Test=0.005s  Peak RAM=3.184 MB
2026-03-22 16:56:48 | INFO | [ncluster=103/103] AUC-ROC=50.00%  AUC-PR=10.94%  F1=0.0000  MCC=0.0000  Train=0.016s  Test=0.005s  Peak RAM=3.185 MB
2026-03-22 16:56:48 | INFO | [ncluster=106/106] AUC-ROC=50.00%  AUC-PR=10.94%  F1=0.0000  MCC=0.0000  Train=0.016s  Test=0.004s  Peak RAM=3.183 MB
2026-03-22 16:56:48 | INFO | [ncluster=109/109] AUC-ROC=50.00%  AUC-PR=10.94%  F1=0.0000  MCC=0.0000  Train=0.017s  Test=0.005s  Peak RAM=3.186 MB
2026-03-22 16:56:48 | INFO | [ncluster=112/112] AUC-ROC=50.00%  AUC-PR=10.94%  F1=0.0000  MCC=0.0000  Train=0.016s  Test=0.004s  Peak RAM=3.183 MB
2026-03-22 16:56:48 | INFO | [ncluster=115/115] AUC-ROC=50.00%  AUC-PR=10.94%  F1=0.0000  MCC=0.0000  Train=0.018s  Test=0.005s  Peak RAM=3.185 MB
2026-03-22 16:56:48 | INFO | [ncluster=118/118] AUC-ROC=50.00%  AUC-PR=10.94%  F1=0.0000  MCC=0.0000  Train=0.016s  Test=0.005s  Peak RAM=3.184 MB
2026-03-22 16:56:48 | INFO | [ncluster=121/121] AUC-ROC=50.00%  AUC-PR=10.94%  F1=0.0000  MCC=0.0000  Train=0.017s  Test=0.005s  Peak RAM=3.187 MB
2026-03-22 16:56:48 | INFO | [ncluster=124/124] AUC-ROC=50.00%  AUC-PR=10.94%  F1=0.0000  MCC=0.0000  Train=0.016s  Test=0.005s  Peak RAM=3.184 MB
2026-03-22 16:56:48 | INFO | [ncluster=127/127] AUC-ROC=50.00%  AUC-PR=10.94%  F1=0.0000  MCC=0.0000  Train=0.017s  Test=0.006s  Peak RAM=3.187 MB
2026-03-22 16:56:48 | INFO | [ncluster=130/130] AUC-ROC=50.00%  AUC-PR=10.94%  F1=0.0000  MCC=0.0000  Train=0.018s  Test=0.005s  Peak RAM=3.184 MB
2026-03-22 16:56:48 | INFO | [ncluster=133/133] AUC-ROC=50.00%  AUC-PR=10.94%  F1=0.0000  MCC=0.0000  Train=0.019s  Test=0.005s  Peak RAM=3.187 MB
2026-03-22 16:56:48 | INFO | [ncluster=136/136] AUC-ROC=50.00%  AUC-PR=10.94%  F1=0.0000  MCC=0.0000  Train=0.017s  Test=0.004s  Peak RAM=3.185 MB
2026-03-22 16:56:48 | INFO | [ncluster=139/139] AUC-ROC=50.00%  AUC-PR=10.94%  F1=0.0000  MCC=0.0000  Train=0.020s  Test=0.005s  Peak RAM=3.187 MB
2026-03-22 16:56:48 | INFO | [ncluster=142/142] AUC-ROC=50.00%  AUC-PR=10.94%  F1=0.0000  MCC=0.0000  Train=0.019s  Test=0.006s  Peak RAM=3.185 MB
2026-03-22 16:56:48 | INFO | [ncluster=145/145] AUC-ROC=50.00%  AUC-PR=10.94%  F1=0.0000  MCC=0.0000  Train=0.020s  Test=0.005s  Peak RAM=3.189 MB
2026-03-22 16:56:48 | INFO | [ncluster=148/148] AUC-ROC=50.00%  AUC-PR=10.94%  F1=0.0000  MCC=0.0000  Train=0.020s  Test=0.005s  Peak RAM=3.186 MB
2026-03-22 16:56:48 | INFO | [ncluster=151/151] AUC-ROC=50.00%  AUC-PR=10.94%  F1=0.0000  MCC=0.0000  Train=0.020s  Test=0.006s  Peak RAM=3.187 MB
2026-03-22 16:56:48 | INFO | [ncluster=154/154] AUC-ROC=50.00%  AUC-PR=10.94%  F1=0.0000  MCC=0.0000  Train=0.019s  Test=0.005s  Peak RAM=3.186 MB
2026-03-22 16:56:48 | INFO | [ncluster=157/157] AUC-ROC=50.00%  AUC-PR=10.94%  F1=0.0000  MCC=0.0000  Train=0.021s  Test=0.006s  Peak RAM=3.189 MB
2026-03-22 16:56:48 | INFO | [ncluster=160/160] AUC-ROC=50.00%  AUC-PR=10.94%  F1=0.0000  MCC=0.0000  Train=0.024s  Test=0.006s  Peak RAM=3.186 MB
2026-03-22 16:56:48 | INFO | [ncluster=163/163] AUC-ROC=50.00%  AUC-PR=10.94%  F1=0.0000  MCC=0.0000  Train=0.021s  Test=0.005s  Peak RAM=3.19 MB
2026-03-22 16:56:48 | INFO | [ncluster=166/166] AUC-ROC=50.00%  AUC-PR=10.94%  F1=0.0000  MCC=0.0000  Train=0.021s  Test=0.006s  Peak RAM=3.187 MB
2026-03-22 16:56:48 | INFO | [ncluster=169/169] AUC-ROC=50.00%  AUC-PR=10.94%  F1=0.0000  MCC=0.0000  Train=0.022s  Test=0.005s  Peak RAM=3.191 MB
2026-03-22 16:56:48 | INFO | [ncluster=172/172] AUC-ROC=50.00%  AUC-PR=10.94%  F1=0.0000  MCC=0.0000  Train=0.022s  Test=0.006s  Peak RAM=3.188 MB
2026-03-22 16:56:48 | INFO | [ncluster=175/175] AUC-ROC=50.00%  AUC-PR=10.94%  F1=0.0000  MCC=0.0000  Train=0.023s  Test=0.006s  Peak RAM=3.191 MB
2026-03-22 16:56:48 | INFO | [ncluster=178/178] AUC-ROC=50.00%  AUC-PR=10.94%  F1=0.0000  MCC=0.0000  Train=0.022s  Test=0.005s  Peak RAM=3.188 MB
2026-03-22 16:56:48 | INFO | [ncluster=181/181] AUC-ROC=50.00%  AUC-PR=10.94%  F1=0.0000  MCC=0.0000  Train=0.024s  Test=0.006s  Peak RAM=3.19 MB
2026-03-22 16:56:48 | INFO | [ncluster=184/184] AUC-ROC=50.00%  AUC-PR=10.94%  F1=0.0000  MCC=0.0000  Train=0.022s  Test=0.005s  Peak RAM=3.188 MB
2026-03-22 16:56:48 | INFO | [ncluster=187/187] AUC-ROC=50.00%  AUC-PR=10.94%  F1=0.0000  MCC=0.0000  Train=0.025s  Test=0.006s  Peak RAM=3.19 MB
2026-03-22 16:56:48 | INFO | [ncluster=190/190] AUC-ROC=50.00%  AUC-PR=10.94%  F1=0.0000  MCC=0.0000  Train=0.023s  Test=0.006s  Peak RAM=3.188 MB
2026-03-22 16:56:48 | INFO | [ncluster=193/193] AUC-ROC=50.00%  AUC-PR=10.94%  F1=0.0000  MCC=0.0000  Train=0.023s  Test=0.006s  Peak RAM=3.192 MB
2026-03-22 16:56:48 | INFO | [ncluster=196/196] AUC-ROC=50.00%  AUC-PR=10.94%  F1=0.0000  MCC=0.0000  Train=0.024s  Test=0.006s  Peak RAM=3.188 MB
2026-03-22 16:56:48 | INFO | [ncluster=199/199] AUC-ROC=50.00%  AUC-PR=10.94%  F1=0.0000  MCC=0.0000  Train=0.024s  Test=0.007s  Peak RAM=3.192 MB
2026-03-22 16:56:48 | INFO | [ncluster=202/202] AUC-ROC=50.00%  AUC-PR=10.94%  F1=0.0000  MCC=0.0000  Train=0.024s  Test=0.006s  Peak RAM=3.189 MB
2026-03-22 16:56:48 | INFO | [ncluster=205/205] AUC-ROC=50.00%  AUC-PR=10.94%  F1=0.0000  MCC=0.0000  Train=0.026s  Test=0.006s  Peak RAM=3.192 MB
2026-03-22 16:56:48 | INFO | [ncluster=208/208] AUC-ROC=50.00%  AUC-PR=10.94%  F1=0.0000  MCC=0.0000  Train=0.025s  Test=0.005s  Peak RAM=3.189 MB
2026-03-22 16:56:48 | INFO | [ncluster=211/211] AUC-ROC=50.00%  AUC-PR=10.94%  F1=0.0000  MCC=0.0000  Train=0.026s  Test=0.006s  Peak RAM=3.191 MB
2026-03-22 16:56:48 | INFO | [ncluster=214/214] AUC-ROC=50.00%  AUC-PR=10.94%  F1=0.0000  MCC=0.0000  Train=0.026s  Test=0.007s  Peak RAM=3.189 MB
2026-03-22 16:56:48 | INFO | [ncluster=217/217] AUC-ROC=50.00%  AUC-PR=10.94%  F1=0.0000  MCC=0.0000  Train=0.026s  Test=0.006s  Peak RAM=3.192 MB
2026-03-22 16:56:48 | INFO | [ncluster=220/220] AUC-ROC=50.00%  AUC-PR=10.94%  F1=0.0000  MCC=0.0000  Train=0.026s  Test=0.006s  Peak RAM=3.193 MB
2026-03-22 16:56:48 | INFO | [ncluster=223/223] AUC-ROC=50.00%  AUC-PR=10.94%  F1=0.0000  MCC=0.0000  Train=0.026s  Test=0.007s  Peak RAM=3.194 MB
2026-03-22 16:56:48 | INFO | [ncluster=226/226] AUC-ROC=50.00%  AUC-PR=10.94%  F1=0.0000  MCC=0.0000  Train=0.026s  Test=0.006s  Peak RAM=3.194 MB
2026-03-22 16:56:48 | INFO | [ncluster=229/229] AUC-ROC=50.00%  AUC-PR=10.94%  F1=0.0000  MCC=0.0000  Train=0.028s  Test=0.007s  Peak RAM=3.195 MB
2026-03-22 16:56:48 | INFO | [ncluster=232/232] AUC-ROC=50.00%  AUC-PR=10.94%  F1=0.0000  MCC=0.0000  Train=0.028s  Test=0.006s  Peak RAM=3.193 MB
2026-03-22 16:56:48 | INFO | [ncluster=235/235] AUC-ROC=50.00%  AUC-PR=10.94%  F1=0.0000  MCC=0.0000  Train=0.028s  Test=0.006s  Peak RAM=3.193 MB
2026-03-22 16:56:48 | INFO | [ncluster=238/238] AUC-ROC=50.00%  AUC-PR=10.94%  F1=0.0000  MCC=0.0000  Train=0.029s  Test=0.007s  Peak RAM=3.193 MB
2026-03-22 16:56:48 | INFO | [ncluster=241/241] AUC-ROC=50.00%  AUC-PR=10.94%  F1=0.0000  MCC=0.0000  Train=0.029s  Test=0.006s  Peak RAM=3.194 MB
2026-03-22 16:56:48 | INFO | [ncluster=244/244] AUC-ROC=50.00%  AUC-PR=10.94%  F1=0.0000  MCC=0.0000  Train=0.028s  Test=0.007s  Peak RAM=3.194 MB
2026-03-22 16:56:48 | INFO | [ncluster=247/247] AUC-ROC=50.00%  AUC-PR=10.94%  F1=0.0000  MCC=0.0000  Train=0.028s  Test=0.007s  Peak RAM=3.194 MB
2026-03-22 16:56:48 | INFO | [ncluster=250/250] AUC-ROC=50.00%  AUC-PR=10.94%  F1=0.0000  MCC=0.0000  Train=0.028s  Test=0.006s  Peak RAM=3.195 MB
2026-03-22 16:56:48 | INFO | [ncluster=253/253] AUC-ROC=50.00%  AUC-PR=10.94%  F1=0.0000  MCC=0.0000  Train=0.029s  Test=0.007s  Peak RAM=3.197 MB
2026-03-22 16:56:48 | INFO | [ncluster=256/256] AUC-ROC=50.00%  AUC-PR=10.94%  F1=0.0000  MCC=0.0000  Train=0.030s  Test=0.006s  Peak RAM=3.194 MB
2026-03-22 16:56:48 | INFO | [ncluster=259/259] AUC-ROC=50.00%  AUC-PR=10.94%  F1=0.0000  MCC=0.0000  Train=0.029s  Test=0.007s  Peak RAM=3.195 MB
2026-03-22 16:56:48 | INFO | [ncluster=262/262] AUC-ROC=50.00%  AUC-PR=10.94%  F1=0.0000  MCC=0.0000  Train=0.028s  Test=0.007s  Peak RAM=3.196 MB
2026-03-22 16:56:48 | INFO | [ncluster=265/265] AUC-ROC=50.00%  AUC-PR=10.94%  F1=0.0000  MCC=0.0000  Train=0.031s  Test=0.006s  Peak RAM=3.197 MB
2026-03-22 16:56:48 | INFO | [ncluster=268/268] AUC-ROC=50.00%  AUC-PR=10.94%  F1=0.0000  MCC=0.0000  Train=0.031s  Test=0.007s  Peak RAM=3.196 MB
2026-03-22 16:56:48 | INFO | [ncluster=271/271] AUC-ROC=50.00%  AUC-PR=10.94%  F1=0.0000  MCC=0.0000  Train=0.032s  Test=0.007s  Peak RAM=3.195 MB
2026-03-22 16:56:48 | INFO | [ncluster=274/274] AUC-ROC=50.00%  AUC-PR=10.94%  F1=0.0000  MCC=0.0000  Train=0.032s  Test=0.007s  Peak RAM=3.197 MB
2026-03-22 16:56:48 | INFO | [ncluster=277/277] AUC-ROC=50.00%  AUC-PR=10.94%  F1=0.0000  MCC=0.0000  Train=0.032s  Test=0.007s  Peak RAM=3.196 MB
2026-03-22 16:56:48 | INFO | [ncluster=280/280] AUC-ROC=50.00%  AUC-PR=10.94%  F1=0.0000  MCC=0.0000  Train=0.031s  Test=0.006s  Peak RAM=3.196 MB
2026-03-22 16:56:48 | INFO | [ncluster=283/283] AUC-ROC=50.00%  AUC-PR=10.94%  F1=0.0000  MCC=0.0000  Train=0.031s  Test=0.007s  Peak RAM=3.196 MB
2026-03-22 16:56:48 | INFO | [ncluster=286/286] AUC-ROC=50.00%  AUC-PR=10.94%  F1=0.0000  MCC=0.0000  Train=0.032s  Test=0.008s  Peak RAM=3.198 MB
2026-03-22 16:56:48 | INFO | [ncluster=289/289] AUC-ROC=50.00%  AUC-PR=10.94%  F1=0.0000  MCC=0.0000  Train=0.032s  Test=0.007s  Peak RAM=3.198 MB
2026-03-22 16:56:48 | INFO | [ncluster=292/292] AUC-ROC=50.00%  AUC-PR=10.94%  F1=0.0000  MCC=0.0000  Train=0.033s  Test=0.007s  Peak RAM=3.197 MB
2026-03-22 16:56:48 | INFO | [ncluster=295/295] AUC-ROC=50.00%  AUC-PR=10.94%  F1=0.0000  MCC=0.0000  Train=0.032s  Test=0.008s  Peak RAM=3.198 MB
2026-03-22 16:56:48 | INFO | [ncluster=298/298] AUC-ROC=50.00%  AUC-PR=10.94%  F1=0.0000  MCC=0.0000  Train=0.034s  Test=0.007s  Peak RAM=3.198 MB
2026-03-22 16:56:48 | INFO | [ncluster=301/301] AUC-ROC=50.00%  AUC-PR=10.94%  F1=0.0000  MCC=0.0000  Train=0.034s  Test=0.008s  Peak RAM=3.199 MB
2026-03-22 16:56:48 | INFO | [ncluster=304/304] AUC-ROC=50.00%  AUC-PR=10.94%  F1=0.0000  MCC=0.0000  Train=0.035s  Test=0.006s  Peak RAM=3.198 MB
2026-03-22 16:56:48 | INFO | [ncluster=307/307] AUC-ROC=50.00%  AUC-PR=10.94%  F1=0.0000  MCC=0.0000  Train=0.035s  Test=0.007s  Peak RAM=3.199 MB
2026-03-22 16:56:48 | INFO | [ncluster=310/310] AUC-ROC=50.00%  AUC-PR=10.94%  F1=0.0000  MCC=0.0000  Train=0.035s  Test=0.008s  Peak RAM=3.199 MB
2026-03-22 16:56:48 | INFO | [ncluster=313/313] AUC-ROC=50.00%  AUC-PR=10.94%  F1=0.0000  MCC=0.0000  Train=0.035s  Test=0.007s  Peak RAM=3.198 MB
2026-03-22 16:56:48 | INFO | [ncluster=316/316] AUC-ROC=50.00%  AUC-PR=10.94%  F1=0.0000  MCC=0.0000  Train=0.033s  Test=0.008s  Peak RAM=3.198 MB
2026-03-22 16:56:48 | INFO | [ncluster=319/319] AUC-ROC=50.00%  AUC-PR=10.94%  F1=0.0000  MCC=0.0000  Train=0.034s  Test=0.008s  Peak RAM=3.199 MB
2026-03-22 16:56:48 | INFO | [ncluster=322/322] AUC-ROC=50.00%  AUC-PR=10.94%  F1=0.0000  MCC=0.0000  Train=0.035s  Test=0.007s  Peak RAM=3.2 MB
2026-03-22 16:56:48 | INFO | [ncluster=325/325] AUC-ROC=50.00%  AUC-PR=10.94%  F1=0.0000  MCC=0.0000  Train=0.036s  Test=0.008s  Peak RAM=3.199 MB
2026-03-22 16:56:48 | INFO | [ncluster=328/328] AUC-ROC=50.00%  AUC-PR=10.94%  F1=0.0000  MCC=0.0000  Train=0.035s  Test=0.007s  Peak RAM=3.2 MB
2026-03-22 16:56:48 | INFO | [ncluster=331/331] AUC-ROC=50.00%  AUC-PR=10.94%  F1=0.0000  MCC=0.0000  Train=0.035s  Test=0.008s  Peak RAM=3.2 MB
2026-03-22 16:56:48 | INFO | [ncluster=334/334] AUC-ROC=50.00%  AUC-PR=10.94%  F1=0.0000  MCC=0.0000  Train=0.037s  Test=0.008s  Peak RAM=3.201 MB
2026-03-22 16:56:48 | INFO | [ncluster=337/337] AUC-ROC=50.00%  AUC-PR=10.94%  F1=0.0000  MCC=0.0000  Train=0.036s  Test=0.007s  Peak RAM=3.202 MB
2026-03-22 16:56:48 | INFO | [ncluster=340/340] AUC-ROC=50.00%  AUC-PR=10.94%  F1=0.0000  MCC=0.0000  Train=0.038s  Test=0.008s  Peak RAM=3.2 MB
2026-03-22 16:56:48 | INFO | [ncluster=343/343] AUC-ROC=50.00%  AUC-PR=10.94%  F1=0.0000  MCC=0.0000  Train=0.036s  Test=0.009s  Peak RAM=3.201 MB
2026-03-22 16:56:48 | INFO | [ncluster=346/346] AUC-ROC=50.00%  AUC-PR=10.94%  F1=0.0000  MCC=0.0000  Train=0.039s  Test=0.008s  Peak RAM=3.201 MB
2026-03-22 16:56:48 | INFO | [ncluster=349/349] AUC-ROC=50.00%  AUC-PR=10.94%  F1=0.0000  MCC=0.0000  Train=0.047s  Test=0.008s  Peak RAM=3.202 MB
2026-03-22 16:56:48 | INFO | [ncluster=352/352] AUC-ROC=50.00%  AUC-PR=10.94%  F1=0.0000  MCC=0.0000  Train=0.035s  Test=0.007s  Peak RAM=3.201 MB
2026-03-22 16:56:48 | INFO | [ncluster=355/355] AUC-ROC=50.00%  AUC-PR=10.94%  F1=0.0000  MCC=0.0000  Train=0.038s  Test=0.008s  Peak RAM=3.201 MB
2026-03-22 16:56:48 | INFO | [ncluster=358/358] AUC-ROC=50.00%  AUC-PR=10.94%  F1=0.0000  MCC=0.0000  Train=0.038s  Test=0.008s  Peak RAM=3.202 MB
2026-03-22 16:56:48 | INFO | [ncluster=361/361] AUC-ROC=50.00%  AUC-PR=10.94%  F1=0.0000  MCC=0.0000  Train=0.039s  Test=0.008s  Peak RAM=3.201 MB
2026-03-22 16:56:48 | INFO | [ncluster=364/364] AUC-ROC=50.00%  AUC-PR=10.94%  F1=0.0000  MCC=0.0000  Train=0.039s  Test=0.008s  Peak RAM=3.203 MB
2026-03-22 16:56:48 | INFO | [ncluster=367/367] AUC-ROC=50.00%  AUC-PR=10.94%  F1=0.0000  MCC=0.0000  Train=0.038s  Test=0.009s  Peak RAM=3.202 MB
2026-03-22 16:56:48 | INFO | [ncluster=370/370] AUC-ROC=50.00%  AUC-PR=10.94%  F1=0.0000  MCC=0.0000  Train=0.040s  Test=0.008s  Peak RAM=3.203 MB
2026-03-22 16:56:48 | INFO | [ncluster=373/373] AUC-ROC=50.00%  AUC-PR=10.94%  F1=0.0000  MCC=0.0000  Train=0.037s  Test=0.009s  Peak RAM=3.204 MB
2026-03-22 16:56:48 | INFO | [ncluster=376/376] AUC-ROC=50.00%  AUC-PR=10.94%  F1=0.0000  MCC=0.0000  Train=0.041s  Test=0.007s  Peak RAM=3.202 MB
2026-03-22 16:56:48 | INFO | [ncluster=379/379] AUC-ROC=50.00%  AUC-PR=10.94%  F1=0.0000  MCC=0.0000  Train=0.038s  Test=0.008s  Peak RAM=3.203 MB
2026-03-22 16:56:48 | INFO | [ncluster=382/382] AUC-ROC=50.00%  AUC-PR=10.94%  F1=0.0000  MCC=0.0000  Train=0.042s  Test=0.009s  Peak RAM=3.203 MB
2026-03-22 16:56:48 | INFO | [ncluster=385/385] AUC-ROC=50.00%  AUC-PR=10.94%  F1=0.0000  MCC=0.0000  Train=0.042s  Test=0.008s  Peak RAM=3.204 MB
2026-03-22 16:56:48 | INFO | [ncluster=388/388] AUC-ROC=50.00%  AUC-PR=10.94%  F1=0.0000  MCC=0.0000  Train=0.038s  Test=0.008s  Peak RAM=3.203 MB
2026-03-22 16:56:48 | INFO | [ncluster=391/391] AUC-ROC=50.00%  AUC-PR=10.94%  F1=0.0000  MCC=0.0000  Train=0.040s  Test=0.009s  Peak RAM=3.204 MB
2026-03-22 16:56:48 | INFO | [ncluster=394/394] AUC-ROC=50.00%  AUC-PR=10.94%  F1=0.0000  MCC=0.0000  Train=0.041s  Test=0.008s  Peak RAM=3.204 MB
2026-03-22 16:56:48 | INFO | [ncluster=397/397] AUC-ROC=50.00%  AUC-PR=10.94%  F1=0.0000  MCC=0.0000  Train=0.042s  Test=0.009s  Peak RAM=3.203 MB
2026-03-22 16:56:48 | INFO | [ncluster=400/400] AUC-ROC=50.00%  AUC-PR=10.94%  F1=0.0000  MCC=0.0000  Train=0.042s  Test=0.008s  Peak RAM=3.206 MB
2026-03-22 16:56:48 | INFO | [ncluster=403/403] AUC-ROC=50.00%  AUC-PR=10.94%  F1=0.0000  MCC=0.0000  Train=0.042s  Test=0.009s  Peak RAM=3.204 MB
2026-03-22 16:56:48 | INFO | [ncluster=406/406] AUC-ROC=50.00%  AUC-PR=10.94%  F1=0.0000  MCC=0.0000  Train=0.044s  Test=0.009s  Peak RAM=3.204 MB
2026-03-22 16:56:48 | INFO | [ncluster=409/409] AUC-ROC=50.00%  AUC-PR=10.94%  F1=0.0000  MCC=0.0000  Train=0.042s  Test=0.008s  Peak RAM=3.207 MB
2026-03-22 16:56:48 | INFO | [ncluster=412/412] AUC-ROC=50.00%  AUC-PR=10.94%  F1=0.0000  MCC=0.0000  Train=0.041s  Test=0.009s  Peak RAM=3.205 MB
2026-03-22 16:56:48 | INFO | [ncluster=415/415] AUC-ROC=50.00%  AUC-PR=10.94%  F1=0.0000  MCC=0.0000  Train=0.041s  Test=0.010s  Peak RAM=3.206 MB
2026-03-22 16:56:48 | INFO | [ncluster=418/418] AUC-ROC=50.00%  AUC-PR=10.94%  F1=0.0000  MCC=0.0000  Train=0.045s  Test=0.008s  Peak RAM=3.205 MB
2026-03-22 16:56:48 | INFO | [ncluster=421/421] AUC-ROC=50.00%  AUC-PR=10.94%  F1=0.0000  MCC=0.0000  Train=0.045s  Test=0.009s  Peak RAM=3.205 MB
2026-03-22 16:56:48 | INFO | [ncluster=424/424] AUC-ROC=50.00%  AUC-PR=10.94%  F1=0.0000  MCC=0.0000  Train=0.040s  Test=0.008s  Peak RAM=3.206 MB
2026-03-22 16:56:48 | INFO | [ncluster=427/427] AUC-ROC=50.00%  AUC-PR=10.94%  F1=0.0000  MCC=0.0000  Train=0.044s  Test=0.009s  Peak RAM=3.205 MB
2026-03-22 16:56:48 | INFO | [ncluster=430/430] AUC-ROC=50.00%  AUC-PR=10.94%  F1=0.0000  MCC=0.0000  Train=0.044s  Test=0.009s  Peak RAM=3.206 MB
2026-03-22 16:56:48 | INFO | [ncluster=433/433] AUC-ROC=50.00%  AUC-PR=10.94%  F1=0.0000  MCC=0.0000  Train=0.043s  Test=0.009s  Peak RAM=3.206 MB
2026-03-22 16:56:48 | INFO | [ncluster=436/436] AUC-ROC=50.00%  AUC-PR=10.94%  F1=0.0000  MCC=0.0000  Train=0.045s  Test=0.009s  Peak RAM=3.207 MB
2026-03-22 16:56:48 | INFO | [ncluster=439/439] AUC-ROC=50.00%  AUC-PR=10.94%  F1=0.0000  MCC=0.0000  Train=0.047s  Test=0.010s  Peak RAM=3.207 MB
2026-03-22 16:56:48 | INFO | [ncluster=442/442] AUC-ROC=50.00%  AUC-PR=10.94%  F1=0.0000  MCC=0.0000  Train=0.045s  Test=0.009s  Peak RAM=3.207 MB
2026-03-22 16:56:48 | INFO | [ncluster=445/445] AUC-ROC=50.00%  AUC-PR=10.94%  F1=0.0000  MCC=0.0000  Train=0.046s  Test=0.009s  Peak RAM=3.208 MB
2026-03-22 16:56:48 | INFO | [ncluster=448/448] AUC-ROC=50.00%  AUC-PR=10.94%  F1=0.0000  MCC=0.0000  Train=0.047s  Test=0.008s  Peak RAM=3.207 MB
2026-03-22 16:56:48 | INFO | [ncluster=451/451] AUC-ROC=50.00%  AUC-PR=10.94%  F1=0.0000  MCC=0.0000  Train=0.047s  Test=0.009s  Peak RAM=3.206 MB
2026-03-22 16:56:49 | INFO | [ncluster=454/454] AUC-ROC=50.00%  AUC-PR=10.94%  F1=0.0000  MCC=0.0000  Train=0.048s  Test=0.010s  Peak RAM=3.207 MB
2026-03-22 16:56:49 | INFO | [ncluster=457/457] AUC-ROC=50.00%  AUC-PR=10.94%  F1=0.0000  MCC=0.0000  Train=0.048s  Test=0.009s  Peak RAM=3.208 MB
2026-03-22 16:56:49 | INFO | [ncluster=460/460] AUC-ROC=50.00%  AUC-PR=10.94%  F1=0.0000  MCC=0.0000  Train=0.047s  Test=0.009s  Peak RAM=3.208 MB
2026-03-22 16:56:49 | INFO | [ncluster=463/463] AUC-ROC=50.00%  AUC-PR=10.94%  F1=0.0000  MCC=0.0000  Train=0.047s  Test=0.010s  Peak RAM=3.208 MB
2026-03-22 16:56:49 | INFO | [ncluster=466/466] AUC-ROC=50.00%  AUC-PR=10.94%  F1=0.0000  MCC=0.0000  Train=0.047s  Test=0.009s  Peak RAM=3.207 MB
2026-03-22 16:56:49 | INFO | [ncluster=469/469] AUC-ROC=50.00%  AUC-PR=10.94%  F1=0.0000  MCC=0.0000  Train=0.031s  Test=0.008s  Peak RAM=3.209 MB
2026-03-22 16:56:49 | INFO | [ncluster=472/472] AUC-ROC=50.00%  AUC-PR=10.94%  F1=0.0000  MCC=0.0000  Train=0.044s  Test=0.009s  Peak RAM=3.21 MB
2026-03-22 16:56:49 | INFO | [ncluster=475/475] AUC-ROC=50.00%  AUC-PR=10.94%  F1=0.0000  MCC=0.0000  Train=0.031s  Test=0.007s  Peak RAM=3.209 MB
2026-03-22 16:56:49 | INFO | [ncluster=478/478] AUC-ROC=50.00%  AUC-PR=10.94%  F1=0.0000  MCC=0.0000  Train=0.030s  Test=0.008s  Peak RAM=3.209 MB
2026-03-22 16:56:49 | INFO | [ncluster=481/481] AUC-ROC=50.00%  AUC-PR=10.94%  F1=0.0000  MCC=0.0000  Train=0.031s  Test=0.007s  Peak RAM=3.21 MB
2026-03-22 16:56:49 | INFO | [ncluster=484/484] AUC-ROC=50.00%  AUC-PR=10.94%  F1=0.0000  MCC=0.0000  Train=0.031s  Test=0.007s  Peak RAM=3.209 MB
2026-03-22 16:56:49 | INFO | [ncluster=487/487] AUC-ROC=50.00%  AUC-PR=10.94%  F1=0.0000  MCC=0.0000  Train=0.032s  Test=0.008s  Peak RAM=3.21 MB
2026-03-22 16:56:49 | INFO | [ncluster=490/490] AUC-ROC=50.00%  AUC-PR=10.94%  F1=0.0000  MCC=0.0000  Train=0.032s  Test=0.007s  Peak RAM=3.21 MB
2026-03-22 16:56:49 | INFO | [ncluster=493/493] AUC-ROC=50.00%  AUC-PR=10.94%  F1=0.0000  MCC=0.0000  Train=0.031s  Test=0.008s  Peak RAM=3.211 MB
2026-03-22 16:56:49 | INFO | [ncluster=496/496] AUC-ROC=50.00%  AUC-PR=10.94%  F1=0.0000  MCC=0.0000  Train=0.030s  Test=0.007s  Peak RAM=3.21 MB
2026-03-22 16:56:49 | INFO | [ncluster=499/499] AUC-ROC=50.00%  AUC-PR=10.94%  F1=0.0000  MCC=0.0000  Train=0.030s  Test=0.007s  Peak RAM=3.21 MB
2026-03-22 16:56:49 | INFO | --- noise=5% ---
2026-03-22 16:56:49 | INFO | ============================================================
2026-03-22 16:56:49 | INFO | Dataset  : Train_Normalizer_data_BoTIoT.csv
2026-03-22 16:56:49 | INFO | Scaler   : Normalizer
2026-03-22 16:56:49 | INFO | Noise    : 5%
2026-03-22 16:56:49 | INFO | nClusters: 167 values (1..499)
2026-03-22 16:56:49 | INFO | ============================================================
2026-03-22 16:56:49 | INFO | Loaded Raw Shape -> Train: (7257, 27), Test: (16815, 27)
2026-03-22 16:56:49 | INFO | Dropped metadata features: ['pkSeqID', 'stime', 'ltime', 'seq', 'saddr', 'daddr', 'sport', 'dport', 'state', 'flgs', 'proto']
2026-03-22 16:56:49 | INFO | Dropped metadata features: ['pkSeqID', 'stime', 'ltime', 'seq', 'saddr', 'daddr', 'sport', 'dport', 'state', 'flgs', 'proto']
2026-03-22 16:56:49 | INFO | Training size : 7,619  |  Testing size: 16,453  |  Features: 15
2026-03-22 16:56:49 | INFO | Firing up Parallel execution for 167 cluster configs...
2026-03-22 16:57:56 | INFO | [ncluster=1/1] AUC-ROC=50.00%  AUC-PR=11.03%  F1=0.0000  MCC=0.0000  Train=0.007s  Test=0.003s  Peak RAM=3.239 MB
2026-03-22 16:57:56 | INFO | [ncluster=4/4] AUC-ROC=50.00%  AUC-PR=11.03%  F1=0.0000  MCC=0.0000  Train=0.008s  Test=0.003s  Peak RAM=3.24 MB
2026-03-22 16:57:56 | INFO | [ncluster=7/7] AUC-ROC=50.00%  AUC-PR=11.03%  F1=0.0000  MCC=0.0000  Train=0.007s  Test=0.004s  Peak RAM=3.24 MB
2026-03-22 16:57:56 | INFO | [ncluster=10/10] AUC-ROC=50.00%  AUC-PR=11.03%  F1=0.0000  MCC=0.0000  Train=0.008s  Test=0.003s  Peak RAM=3.24 MB
2026-03-22 16:57:56 | INFO | [ncluster=13/13] AUC-ROC=50.00%  AUC-PR=11.03%  F1=0.0000  MCC=0.0000  Train=0.009s  Test=0.004s  Peak RAM=3.242 MB
2026-03-22 16:57:56 | INFO | [ncluster=16/16] AUC-ROC=50.00%  AUC-PR=11.03%  F1=0.0000  MCC=0.0000  Train=0.008s  Test=0.003s  Peak RAM=3.241 MB
2026-03-22 16:57:56 | INFO | [ncluster=19/19] AUC-ROC=50.00%  AUC-PR=11.03%  F1=0.0000  MCC=0.0000  Train=0.010s  Test=0.003s  Peak RAM=3.241 MB
2026-03-22 16:57:56 | INFO | [ncluster=22/22] AUC-ROC=50.00%  AUC-PR=11.03%  F1=0.0000  MCC=0.0000  Train=0.010s  Test=0.004s  Peak RAM=3.241 MB
2026-03-22 16:57:56 | INFO | [ncluster=25/25] AUC-ROC=50.00%  AUC-PR=11.03%  F1=0.0000  MCC=0.0000  Train=0.010s  Test=0.003s  Peak RAM=3.242 MB
2026-03-22 16:57:56 | INFO | [ncluster=28/28] AUC-ROC=50.00%  AUC-PR=11.03%  F1=0.0000  MCC=0.0000  Train=0.010s  Test=0.004s  Peak RAM=3.241 MB
2026-03-22 16:57:56 | INFO | [ncluster=31/31] AUC-ROC=50.00%  AUC-PR=11.03%  F1=0.0000  MCC=0.0000  Train=0.010s  Test=0.004s  Peak RAM=3.242 MB
2026-03-22 16:57:56 | INFO | [ncluster=34/34] AUC-ROC=50.00%  AUC-PR=11.03%  F1=0.0000  MCC=0.0000  Train=0.010s  Test=0.003s  Peak RAM=3.242 MB
2026-03-22 16:57:56 | INFO | [ncluster=37/37] AUC-ROC=50.00%  AUC-PR=11.03%  F1=0.0000  MCC=0.0000  Train=0.010s  Test=0.004s  Peak RAM=3.242 MB
2026-03-22 16:57:56 | INFO | [ncluster=40/40] AUC-ROC=50.00%  AUC-PR=11.03%  F1=0.0000  MCC=0.0000  Train=0.011s  Test=0.003s  Peak RAM=3.242 MB
2026-03-22 16:57:56 | INFO | [ncluster=43/43] AUC-ROC=50.00%  AUC-PR=11.03%  F1=0.0000  MCC=0.0000  Train=0.011s  Test=0.004s  Peak RAM=3.244 MB
2026-03-22 16:57:56 | INFO | [ncluster=46/46] AUC-ROC=50.00%  AUC-PR=11.03%  F1=0.0000  MCC=0.0000  Train=0.012s  Test=0.004s  Peak RAM=3.242 MB
2026-03-22 16:57:56 | INFO | [ncluster=49/49] AUC-ROC=50.00%  AUC-PR=11.03%  F1=0.0000  MCC=0.0000  Train=0.012s  Test=0.003s  Peak RAM=3.244 MB
2026-03-22 16:57:56 | INFO | [ncluster=52/52] AUC-ROC=50.00%  AUC-PR=11.03%  F1=0.0000  MCC=0.0000  Train=0.011s  Test=0.004s  Peak RAM=3.243 MB
2026-03-22 16:57:56 | INFO | [ncluster=55/55] AUC-ROC=50.00%  AUC-PR=11.03%  F1=0.0000  MCC=0.0000  Train=0.013s  Test=0.005s  Peak RAM=3.244 MB
2026-03-22 16:57:56 | INFO | [ncluster=58/58] AUC-ROC=50.00%  AUC-PR=11.03%  F1=0.0000  MCC=0.0000  Train=0.013s  Test=0.004s  Peak RAM=3.244 MB
2026-03-22 16:57:56 | INFO | [ncluster=61/61] AUC-ROC=50.00%  AUC-PR=11.03%  F1=0.0000  MCC=0.0000  Train=0.014s  Test=0.004s  Peak RAM=3.244 MB
2026-03-22 16:57:56 | INFO | [ncluster=64/64] AUC-ROC=50.00%  AUC-PR=11.03%  F1=0.0000  MCC=0.0000  Train=0.013s  Test=0.003s  Peak RAM=3.243 MB
2026-03-22 16:57:56 | INFO | [ncluster=67/67] AUC-ROC=50.00%  AUC-PR=11.03%  F1=0.0000  MCC=0.0000  Train=0.014s  Test=0.004s  Peak RAM=3.244 MB
2026-03-22 16:57:56 | INFO | [ncluster=70/70] AUC-ROC=50.00%  AUC-PR=11.03%  F1=0.0000  MCC=0.0000  Train=0.013s  Test=0.005s  Peak RAM=3.244 MB
2026-03-22 16:57:56 | INFO | [ncluster=73/73] AUC-ROC=50.00%  AUC-PR=11.03%  F1=0.0000  MCC=0.0000  Train=0.014s  Test=0.004s  Peak RAM=3.244 MB
2026-03-22 16:57:56 | INFO | [ncluster=76/76] AUC-ROC=50.00%  AUC-PR=11.03%  F1=0.0000  MCC=0.0000  Train=0.013s  Test=0.004s  Peak RAM=3.242 MB
2026-03-22 16:57:56 | INFO | [ncluster=79/79] AUC-ROC=50.00%  AUC-PR=11.03%  F1=0.0000  MCC=0.0000  Train=0.015s  Test=0.005s  Peak RAM=3.244 MB
2026-03-22 16:57:56 | INFO | [ncluster=82/82] AUC-ROC=50.00%  AUC-PR=11.03%  F1=0.0000  MCC=0.0000  Train=0.013s  Test=0.004s  Peak RAM=3.243 MB
2026-03-22 16:57:56 | INFO | [ncluster=85/85] AUC-ROC=50.00%  AUC-PR=11.03%  F1=0.0000  MCC=0.0000  Train=0.014s  Test=0.005s  Peak RAM=3.246 MB
2026-03-22 16:57:56 | INFO | [ncluster=88/88] AUC-ROC=50.00%  AUC-PR=11.03%  F1=0.0000  MCC=0.0000  Train=0.014s  Test=0.004s  Peak RAM=3.244 MB
2026-03-22 16:57:56 | INFO | [ncluster=91/91] AUC-ROC=50.00%  AUC-PR=11.03%  F1=0.0000  MCC=0.0000  Train=0.016s  Test=0.005s  Peak RAM=3.246 MB
2026-03-22 16:57:56 | INFO | [ncluster=94/94] AUC-ROC=50.00%  AUC-PR=11.03%  F1=0.0000  MCC=0.0000  Train=0.014s  Test=0.005s  Peak RAM=3.244 MB
2026-03-22 16:57:56 | INFO | [ncluster=97/97] AUC-ROC=50.00%  AUC-PR=11.03%  F1=0.0000  MCC=0.0000  Train=0.016s  Test=0.004s  Peak RAM=3.246 MB
2026-03-22 16:57:56 | INFO | [ncluster=100/100] AUC-ROC=50.00%  AUC-PR=11.03%  F1=0.0000  MCC=0.0000  Train=0.015s  Test=0.005s  Peak RAM=3.245 MB
2026-03-22 16:57:56 | INFO | [ncluster=103/103] AUC-ROC=50.00%  AUC-PR=11.03%  F1=0.0000  MCC=0.0000  Train=0.015s  Test=0.005s  Peak RAM=3.246 MB
2026-03-22 16:57:56 | INFO | [ncluster=106/106] AUC-ROC=50.00%  AUC-PR=11.03%  F1=0.0000  MCC=0.0000  Train=0.016s  Test=0.004s  Peak RAM=3.244 MB
2026-03-22 16:57:56 | INFO | [ncluster=109/109] AUC-ROC=50.00%  AUC-PR=11.03%  F1=0.0000  MCC=0.0000  Train=0.018s  Test=0.005s  Peak RAM=3.248 MB
2026-03-22 16:57:56 | INFO | [ncluster=112/112] AUC-ROC=50.00%  AUC-PR=11.03%  F1=0.0000  MCC=0.0000  Train=0.016s  Test=0.004s  Peak RAM=3.245 MB
2026-03-22 16:57:56 | INFO | [ncluster=115/115] AUC-ROC=50.00%  AUC-PR=11.03%  F1=0.0000  MCC=0.0000  Train=0.018s  Test=0.005s  Peak RAM=3.248 MB
2026-03-22 16:57:56 | INFO | [ncluster=118/118] AUC-ROC=50.00%  AUC-PR=11.03%  F1=0.0000  MCC=0.0000  Train=0.016s  Test=0.005s  Peak RAM=3.246 MB
2026-03-22 16:57:56 | INFO | [ncluster=121/121] AUC-ROC=50.00%  AUC-PR=11.03%  F1=0.0000  MCC=0.0000  Train=0.018s  Test=0.004s  Peak RAM=3.247 MB
2026-03-22 16:57:56 | INFO | [ncluster=124/124] AUC-ROC=50.00%  AUC-PR=11.03%  F1=0.0000  MCC=0.0000  Train=0.018s  Test=0.005s  Peak RAM=3.245 MB
2026-03-22 16:57:56 | INFO | [ncluster=127/127] AUC-ROC=50.00%  AUC-PR=11.03%  F1=0.0000  MCC=0.0000  Train=0.019s  Test=0.006s  Peak RAM=3.248 MB
2026-03-22 16:57:56 | INFO | [ncluster=130/130] AUC-ROC=50.00%  AUC-PR=11.03%  F1=0.0000  MCC=0.0000  Train=0.018s  Test=0.005s  Peak RAM=3.246 MB
2026-03-22 16:57:56 | INFO | [ncluster=133/133] AUC-ROC=50.00%  AUC-PR=11.03%  F1=0.0000  MCC=0.0000  Train=0.019s  Test=0.005s  Peak RAM=3.248 MB
2026-03-22 16:57:56 | INFO | [ncluster=136/136] AUC-ROC=50.00%  AUC-PR=11.03%  F1=0.0000  MCC=0.0000  Train=0.019s  Test=0.004s  Peak RAM=3.247 MB
2026-03-22 16:57:56 | INFO | [ncluster=139/139] AUC-ROC=50.00%  AUC-PR=11.03%  F1=0.0000  MCC=0.0000  Train=0.019s  Test=0.005s  Peak RAM=3.249 MB
2026-03-22 16:57:56 | INFO | [ncluster=142/142] AUC-ROC=50.00%  AUC-PR=11.03%  F1=0.0000  MCC=0.0000  Train=0.018s  Test=0.006s  Peak RAM=3.247 MB
2026-03-22 16:57:56 | INFO | [ncluster=145/145] AUC-ROC=50.00%  AUC-PR=11.03%  F1=0.0000  MCC=0.0000  Train=0.021s  Test=0.008s  Peak RAM=3.25 MB
2026-03-22 16:57:56 | INFO | [ncluster=148/148] AUC-ROC=50.00%  AUC-PR=11.03%  F1=0.0000  MCC=0.0000  Train=0.020s  Test=0.005s  Peak RAM=3.247 MB
2026-03-22 16:57:56 | INFO | [ncluster=151/151] AUC-ROC=50.00%  AUC-PR=11.03%  F1=0.0000  MCC=0.0000  Train=0.021s  Test=0.006s  Peak RAM=3.249 MB
2026-03-22 16:57:56 | INFO | [ncluster=154/154] AUC-ROC=50.00%  AUC-PR=11.03%  F1=0.0000  MCC=0.0000  Train=0.020s  Test=0.005s  Peak RAM=3.247 MB
2026-03-22 16:57:56 | INFO | [ncluster=157/157] AUC-ROC=50.00%  AUC-PR=11.03%  F1=0.0000  MCC=0.0000  Train=0.020s  Test=0.006s  Peak RAM=3.251 MB
2026-03-22 16:57:56 | INFO | [ncluster=160/160] AUC-ROC=50.00%  AUC-PR=11.03%  F1=0.0000  MCC=0.0000  Train=0.019s  Test=0.005s  Peak RAM=3.249 MB
2026-03-22 16:57:56 | INFO | [ncluster=163/163] AUC-ROC=50.00%  AUC-PR=11.03%  F1=0.0000  MCC=0.0000  Train=0.021s  Test=0.005s  Peak RAM=3.25 MB
2026-03-22 16:57:56 | INFO | [ncluster=166/166] AUC-ROC=50.00%  AUC-PR=11.03%  F1=0.0000  MCC=0.0000  Train=0.021s  Test=0.006s  Peak RAM=3.248 MB
2026-03-22 16:57:56 | INFO | [ncluster=169/169] AUC-ROC=50.00%  AUC-PR=11.03%  F1=0.0000  MCC=0.0000  Train=0.023s  Test=0.005s  Peak RAM=3.251 MB
2026-03-22 16:57:56 | INFO | [ncluster=172/172] AUC-ROC=50.00%  AUC-PR=11.03%  F1=0.0000  MCC=0.0000  Train=0.022s  Test=0.006s  Peak RAM=3.249 MB
2026-03-22 16:57:56 | INFO | [ncluster=175/175] AUC-ROC=50.00%  AUC-PR=11.03%  F1=0.0000  MCC=0.0000  Train=0.022s  Test=0.006s  Peak RAM=3.251 MB
2026-03-22 16:57:56 | INFO | [ncluster=178/178] AUC-ROC=50.00%  AUC-PR=11.03%  F1=0.0000  MCC=0.0000  Train=0.022s  Test=0.005s  Peak RAM=3.249 MB
2026-03-22 16:57:56 | INFO | [ncluster=181/181] AUC-ROC=50.00%  AUC-PR=11.03%  F1=0.0000  MCC=0.0000  Train=0.023s  Test=0.006s  Peak RAM=3.251 MB
2026-03-22 16:57:56 | INFO | [ncluster=184/184] AUC-ROC=50.00%  AUC-PR=11.03%  F1=0.0000  MCC=0.0000  Train=0.023s  Test=0.005s  Peak RAM=3.249 MB
2026-03-22 16:57:56 | INFO | [ncluster=187/187] AUC-ROC=50.00%  AUC-PR=11.03%  F1=0.0000  MCC=0.0000  Train=0.023s  Test=0.006s  Peak RAM=3.252 MB
2026-03-22 16:57:56 | INFO | [ncluster=190/190] AUC-ROC=50.00%  AUC-PR=11.03%  F1=0.0000  MCC=0.0000  Train=0.022s  Test=0.006s  Peak RAM=3.25 MB
2026-03-22 16:57:56 | INFO | [ncluster=193/193] AUC-ROC=50.00%  AUC-PR=11.03%  F1=0.0000  MCC=0.0000  Train=0.025s  Test=0.005s  Peak RAM=3.252 MB
2026-03-22 16:57:56 | INFO | [ncluster=196/196] AUC-ROC=50.00%  AUC-PR=11.03%  F1=0.0000  MCC=0.0000  Train=0.024s  Test=0.006s  Peak RAM=3.251 MB
2026-03-22 16:57:56 | INFO | [ncluster=199/199] AUC-ROC=50.00%  AUC-PR=11.03%  F1=0.0000  MCC=0.0000  Train=0.025s  Test=0.007s  Peak RAM=3.253 MB
2026-03-22 16:57:56 | INFO | [ncluster=202/202] AUC-ROC=50.00%  AUC-PR=11.03%  F1=0.0000  MCC=0.0000  Train=0.024s  Test=0.006s  Peak RAM=3.25 MB
2026-03-22 16:57:56 | INFO | [ncluster=205/205] AUC-ROC=50.00%  AUC-PR=11.03%  F1=0.0000  MCC=0.0000  Train=0.025s  Test=0.006s  Peak RAM=3.253 MB
2026-03-22 16:57:56 | INFO | [ncluster=208/208] AUC-ROC=50.00%  AUC-PR=11.03%  F1=0.0000  MCC=0.0000  Train=0.025s  Test=0.005s  Peak RAM=3.251 MB
2026-03-22 16:57:56 | INFO | [ncluster=211/211] AUC-ROC=50.00%  AUC-PR=11.03%  F1=0.0000  MCC=0.0000  Train=0.024s  Test=0.006s  Peak RAM=3.254 MB
2026-03-22 16:57:56 | INFO | [ncluster=214/214] AUC-ROC=50.00%  AUC-PR=11.03%  F1=0.0000  MCC=0.0000  Train=0.025s  Test=0.007s  Peak RAM=3.252 MB
2026-03-22 16:57:56 | INFO | [ncluster=217/217] AUC-ROC=50.00%  AUC-PR=11.03%  F1=0.0000  MCC=0.0000  Train=0.025s  Test=0.006s  Peak RAM=3.254 MB
2026-03-22 16:57:56 | INFO | [ncluster=220/220] AUC-ROC=50.00%  AUC-PR=11.03%  F1=0.0000  MCC=0.0000  Train=0.027s  Test=0.006s  Peak RAM=3.253 MB
2026-03-22 16:57:56 | INFO | [ncluster=223/223] AUC-ROC=50.00%  AUC-PR=11.03%  F1=0.0000  MCC=0.0000  Train=0.026s  Test=0.007s  Peak RAM=3.255 MB
2026-03-22 16:57:56 | INFO | [ncluster=226/226] AUC-ROC=50.00%  AUC-PR=11.03%  F1=0.0000  MCC=0.0000  Train=0.028s  Test=0.006s  Peak RAM=3.254 MB
2026-03-22 16:57:56 | INFO | [ncluster=229/229] AUC-ROC=50.00%  AUC-PR=11.03%  F1=0.0000  MCC=0.0000  Train=0.028s  Test=0.007s  Peak RAM=3.255 MB
2026-03-22 16:57:56 | INFO | [ncluster=232/232] AUC-ROC=50.00%  AUC-PR=11.03%  F1=0.0000  MCC=0.0000  Train=0.027s  Test=0.006s  Peak RAM=3.254 MB
2026-03-22 16:57:56 | INFO | [ncluster=235/235] AUC-ROC=50.00%  AUC-PR=11.03%  F1=0.0000  MCC=0.0000  Train=0.027s  Test=0.006s  Peak RAM=3.255 MB
2026-03-22 16:57:56 | INFO | [ncluster=238/238] AUC-ROC=50.00%  AUC-PR=11.03%  F1=0.0000  MCC=0.0000  Train=0.026s  Test=0.007s  Peak RAM=3.255 MB
2026-03-22 16:57:56 | INFO | [ncluster=241/241] AUC-ROC=50.00%  AUC-PR=11.03%  F1=0.0000  MCC=0.0000  Train=0.030s  Test=0.006s  Peak RAM=3.255 MB
2026-03-22 16:57:56 | INFO | [ncluster=244/244] AUC-ROC=50.00%  AUC-PR=11.03%  F1=0.0000  MCC=0.0000  Train=0.029s  Test=0.007s  Peak RAM=3.256 MB
2026-03-22 16:57:56 | INFO | [ncluster=247/247] AUC-ROC=50.00%  AUC-PR=11.03%  F1=0.0000  MCC=0.0000  Train=0.028s  Test=0.007s  Peak RAM=3.255 MB
2026-03-22 16:57:56 | INFO | [ncluster=250/250] AUC-ROC=50.00%  AUC-PR=11.03%  F1=0.0000  MCC=0.0000  Train=0.030s  Test=0.006s  Peak RAM=3.256 MB
2026-03-22 16:57:56 | INFO | [ncluster=253/253] AUC-ROC=50.00%  AUC-PR=11.03%  F1=0.0000  MCC=0.0000  Train=0.029s  Test=0.007s  Peak RAM=3.256 MB
2026-03-22 16:57:56 | INFO | [ncluster=256/256] AUC-ROC=50.00%  AUC-PR=11.03%  F1=0.0000  MCC=0.0000  Train=0.027s  Test=0.006s  Peak RAM=3.256 MB
2026-03-22 16:57:56 | INFO | [ncluster=259/259] AUC-ROC=50.00%  AUC-PR=11.03%  F1=0.0000  MCC=0.0000  Train=0.029s  Test=0.007s  Peak RAM=3.256 MB
2026-03-22 16:57:56 | INFO | [ncluster=262/262] AUC-ROC=50.00%  AUC-PR=11.03%  F1=0.0000  MCC=0.0000  Train=0.031s  Test=0.007s  Peak RAM=3.257 MB
2026-03-22 16:57:56 | INFO | [ncluster=265/265] AUC-ROC=50.00%  AUC-PR=11.03%  F1=0.0000  MCC=0.0000  Train=0.029s  Test=0.006s  Peak RAM=3.257 MB
2026-03-22 16:57:56 | INFO | [ncluster=268/268] AUC-ROC=50.00%  AUC-PR=11.03%  F1=0.0000  MCC=0.0000  Train=0.029s  Test=0.007s  Peak RAM=3.258 MB
2026-03-22 16:57:56 | INFO | [ncluster=271/271] AUC-ROC=50.00%  AUC-PR=11.03%  F1=0.0000  MCC=0.0000  Train=0.032s  Test=0.008s  Peak RAM=3.258 MB
2026-03-22 16:57:56 | INFO | [ncluster=274/274] AUC-ROC=50.00%  AUC-PR=11.03%  F1=0.0000  MCC=0.0000  Train=0.032s  Test=0.007s  Peak RAM=3.258 MB
2026-03-22 16:57:56 | INFO | [ncluster=277/277] AUC-ROC=50.00%  AUC-PR=11.03%  F1=0.0000  MCC=0.0000  Train=0.032s  Test=0.007s  Peak RAM=3.258 MB
2026-03-22 16:57:56 | INFO | [ncluster=280/280] AUC-ROC=50.00%  AUC-PR=11.03%  F1=0.0000  MCC=0.0000  Train=0.033s  Test=0.006s  Peak RAM=3.259 MB
2026-03-22 16:57:56 | INFO | [ncluster=283/283] AUC-ROC=50.00%  AUC-PR=11.03%  F1=0.0000  MCC=0.0000  Train=0.033s  Test=0.007s  Peak RAM=3.258 MB
2026-03-22 16:57:56 | INFO | [ncluster=286/286] AUC-ROC=50.00%  AUC-PR=11.03%  F1=0.0000  MCC=0.0000  Train=0.033s  Test=0.007s  Peak RAM=3.257 MB
2026-03-22 16:57:56 | INFO | [ncluster=289/289] AUC-ROC=50.00%  AUC-PR=11.03%  F1=0.0000  MCC=0.0000  Train=0.032s  Test=0.007s  Peak RAM=3.26 MB
2026-03-22 16:57:56 | INFO | [ncluster=292/292] AUC-ROC=50.00%  AUC-PR=11.03%  F1=0.0000  MCC=0.0000  Train=0.032s  Test=0.007s  Peak RAM=3.259 MB
2026-03-22 16:57:56 | INFO | [ncluster=295/295] AUC-ROC=50.00%  AUC-PR=11.03%  F1=0.0000  MCC=0.0000  Train=0.032s  Test=0.008s  Peak RAM=3.26 MB
2026-03-22 16:57:56 | INFO | [ncluster=298/298] AUC-ROC=50.00%  AUC-PR=11.03%  F1=0.0000  MCC=0.0000  Train=0.034s  Test=0.007s  Peak RAM=3.259 MB
2026-03-22 16:57:56 | INFO | [ncluster=301/301] AUC-ROC=50.00%  AUC-PR=11.03%  F1=0.0000  MCC=0.0000  Train=0.034s  Test=0.008s  Peak RAM=3.26 MB
2026-03-22 16:57:56 | INFO | [ncluster=304/304] AUC-ROC=50.00%  AUC-PR=11.03%  F1=0.0000  MCC=0.0000  Train=0.031s  Test=0.007s  Peak RAM=3.261 MB
2026-03-22 16:57:56 | INFO | [ncluster=307/307] AUC-ROC=50.00%  AUC-PR=11.03%  F1=0.0000  MCC=0.0000  Train=0.035s  Test=0.007s  Peak RAM=3.26 MB
2026-03-22 16:57:56 | INFO | [ncluster=310/310] AUC-ROC=50.00%  AUC-PR=11.03%  F1=0.0000  MCC=0.0000  Train=0.035s  Test=0.008s  Peak RAM=3.259 MB
2026-03-22 16:57:56 | INFO | [ncluster=313/313] AUC-ROC=50.00%  AUC-PR=11.03%  F1=0.0000  MCC=0.0000  Train=0.036s  Test=0.007s  Peak RAM=3.26 MB
2026-03-22 16:57:56 | INFO | [ncluster=316/316] AUC-ROC=50.00%  AUC-PR=11.03%  F1=0.0000  MCC=0.0000  Train=0.036s  Test=0.007s  Peak RAM=3.26 MB
2026-03-22 16:57:56 | INFO | [ncluster=319/319] AUC-ROC=50.00%  AUC-PR=11.03%  F1=0.0000  MCC=0.0000  Train=0.036s  Test=0.008s  Peak RAM=3.26 MB
2026-03-22 16:57:56 | INFO | [ncluster=322/322] AUC-ROC=50.00%  AUC-PR=11.03%  F1=0.0000  MCC=0.0000  Train=0.036s  Test=0.007s  Peak RAM=3.26 MB
2026-03-22 16:57:56 | INFO | [ncluster=325/325] AUC-ROC=50.00%  AUC-PR=11.03%  F1=0.0000  MCC=0.0000  Train=0.035s  Test=0.008s  Peak RAM=3.261 MB
2026-03-22 16:57:56 | INFO | [ncluster=328/328] AUC-ROC=50.00%  AUC-PR=11.03%  F1=0.0000  MCC=0.0000  Train=0.035s  Test=0.007s  Peak RAM=3.261 MB
2026-03-22 16:57:56 | INFO | [ncluster=331/331] AUC-ROC=50.00%  AUC-PR=11.03%  F1=0.0000  MCC=0.0000  Train=0.036s  Test=0.008s  Peak RAM=3.263 MB
2026-03-22 16:57:56 | INFO | [ncluster=334/334] AUC-ROC=50.00%  AUC-PR=11.03%  F1=0.0000  MCC=0.0000  Train=0.037s  Test=0.008s  Peak RAM=3.261 MB
2026-03-22 16:57:56 | INFO | [ncluster=337/337] AUC-ROC=50.00%  AUC-PR=11.03%  F1=0.0000  MCC=0.0000  Train=0.034s  Test=0.008s  Peak RAM=3.262 MB
2026-03-22 16:57:56 | INFO | [ncluster=340/340] AUC-ROC=50.00%  AUC-PR=11.03%  F1=0.0000  MCC=0.0000  Train=0.034s  Test=0.008s  Peak RAM=3.27 MB
2026-03-22 16:57:56 | INFO | [ncluster=343/343] AUC-ROC=50.00%  AUC-PR=11.03%  F1=0.0000  MCC=0.0000  Train=0.038s  Test=0.009s  Peak RAM=3.262 MB
2026-03-22 16:57:56 | INFO | [ncluster=346/346] AUC-ROC=50.00%  AUC-PR=11.03%  F1=0.0000  MCC=0.0000  Train=0.038s  Test=0.008s  Peak RAM=3.263 MB
2026-03-22 16:57:56 | INFO | [ncluster=349/349] AUC-ROC=50.00%  AUC-PR=11.03%  F1=0.0000  MCC=0.0000  Train=0.039s  Test=0.008s  Peak RAM=3.272 MB
2026-03-22 16:57:56 | INFO | [ncluster=352/352] AUC-ROC=50.00%  AUC-PR=11.03%  F1=0.0000  MCC=0.0000  Train=0.037s  Test=0.007s  Peak RAM=3.264 MB
2026-03-22 16:57:56 | INFO | [ncluster=355/355] AUC-ROC=50.00%  AUC-PR=11.03%  F1=0.0000  MCC=0.0000  Train=0.039s  Test=0.008s  Peak RAM=3.271 MB
2026-03-22 16:57:56 | INFO | [ncluster=358/358] AUC-ROC=50.00%  AUC-PR=11.03%  F1=0.0000  MCC=0.0000  Train=0.039s  Test=0.008s  Peak RAM=3.263 MB
2026-03-22 16:57:56 | INFO | [ncluster=361/361] AUC-ROC=50.00%  AUC-PR=11.03%  F1=0.0000  MCC=0.0000  Train=0.039s  Test=0.008s  Peak RAM=3.272 MB
2026-03-22 16:57:56 | INFO | [ncluster=364/364] AUC-ROC=50.00%  AUC-PR=11.03%  F1=0.0000  MCC=0.0000  Train=0.039s  Test=0.008s  Peak RAM=3.263 MB
2026-03-22 16:57:56 | INFO | [ncluster=367/367] AUC-ROC=50.00%  AUC-PR=11.03%  F1=0.0000  MCC=0.0000  Train=0.039s  Test=0.009s  Peak RAM=3.273 MB
2026-03-22 16:57:56 | INFO | [ncluster=370/370] AUC-ROC=50.00%  AUC-PR=11.03%  F1=0.0000  MCC=0.0000  Train=0.041s  Test=0.008s  Peak RAM=3.263 MB
2026-03-22 16:57:56 | INFO | [ncluster=373/373] AUC-ROC=50.00%  AUC-PR=11.03%  F1=0.0000  MCC=0.0000  Train=0.041s  Test=0.008s  Peak RAM=3.272 MB
2026-03-22 16:57:56 | INFO | [ncluster=376/376] AUC-ROC=50.00%  AUC-PR=11.03%  F1=0.0000  MCC=0.0000  Train=0.040s  Test=0.008s  Peak RAM=3.266 MB
2026-03-22 16:57:56 | INFO | [ncluster=379/379] AUC-ROC=50.00%  AUC-PR=11.03%  F1=0.0000  MCC=0.0000  Train=0.041s  Test=0.008s  Peak RAM=3.273 MB
2026-03-22 16:57:56 | INFO | [ncluster=382/382] AUC-ROC=50.00%  AUC-PR=11.03%  F1=0.0000  MCC=0.0000  Train=0.042s  Test=0.009s  Peak RAM=3.273 MB
2026-03-22 16:57:56 | INFO | [ncluster=385/385] AUC-ROC=50.00%  AUC-PR=11.03%  F1=0.0000  MCC=0.0000  Train=0.039s  Test=0.008s  Peak RAM=3.265 MB
2026-03-22 16:57:56 | INFO | [ncluster=388/388] AUC-ROC=50.00%  AUC-PR=11.03%  F1=0.0000  MCC=0.0000  Train=0.041s  Test=0.009s  Peak RAM=3.267 MB
2026-03-22 16:57:56 | INFO | [ncluster=391/391] AUC-ROC=50.00%  AUC-PR=11.03%  F1=0.0000  MCC=0.0000  Train=0.042s  Test=0.009s  Peak RAM=3.266 MB
2026-03-22 16:57:56 | INFO | [ncluster=394/394] AUC-ROC=50.00%  AUC-PR=11.03%  F1=0.0000  MCC=0.0000  Train=0.042s  Test=0.008s  Peak RAM=3.274 MB
2026-03-22 16:57:56 | INFO | [ncluster=397/397] AUC-ROC=50.00%  AUC-PR=11.03%  F1=0.0000  MCC=0.0000  Train=0.042s  Test=0.009s  Peak RAM=3.267 MB
2026-03-22 16:57:56 | INFO | [ncluster=400/400] AUC-ROC=50.00%  AUC-PR=11.03%  F1=0.0000  MCC=0.0000  Train=0.042s  Test=0.008s  Peak RAM=3.275 MB
2026-03-22 16:57:56 | INFO | [ncluster=403/403] AUC-ROC=50.00%  AUC-PR=11.03%  F1=0.0000  MCC=0.0000  Train=0.042s  Test=0.009s  Peak RAM=3.268 MB
2026-03-22 16:57:56 | INFO | [ncluster=406/406] AUC-ROC=50.00%  AUC-PR=11.03%  F1=0.0000  MCC=0.0000  Train=0.044s  Test=0.009s  Peak RAM=3.271 MB
2026-03-22 16:57:56 | INFO | [ncluster=409/409] AUC-ROC=50.00%  AUC-PR=11.03%  F1=0.0000  MCC=0.0000  Train=0.041s  Test=0.008s  Peak RAM=3.269 MB
2026-03-22 16:57:56 | INFO | [ncluster=412/412] AUC-ROC=50.00%  AUC-PR=11.03%  F1=0.0000  MCC=0.0000  Train=0.039s  Test=0.008s  Peak RAM=3.269 MB
2026-03-22 16:57:56 | INFO | [ncluster=415/415] AUC-ROC=50.00%  AUC-PR=11.03%  F1=0.0000  MCC=0.0000  Train=0.045s  Test=0.009s  Peak RAM=3.271 MB
2026-03-22 16:57:56 | INFO | [ncluster=418/418] AUC-ROC=50.00%  AUC-PR=11.03%  F1=0.0000  MCC=0.0000  Train=0.045s  Test=0.008s  Peak RAM=3.27 MB
2026-03-22 16:57:56 | INFO | [ncluster=421/421] AUC-ROC=50.00%  AUC-PR=11.03%  F1=0.0000  MCC=0.0000  Train=0.043s  Test=0.009s  Peak RAM=3.267 MB
2026-03-22 16:57:56 | INFO | [ncluster=424/424] AUC-ROC=50.00%  AUC-PR=11.03%  F1=0.0000  MCC=0.0000  Train=0.044s  Test=0.008s  Peak RAM=3.271 MB
2026-03-22 16:57:56 | INFO | [ncluster=427/427] AUC-ROC=50.00%  AUC-PR=11.03%  F1=0.0000  MCC=0.0000  Train=0.045s  Test=0.009s  Peak RAM=3.267 MB
2026-03-22 16:57:56 | INFO | [ncluster=430/430] AUC-ROC=50.00%  AUC-PR=11.03%  F1=0.0000  MCC=0.0000  Train=0.046s  Test=0.009s  Peak RAM=3.268 MB
2026-03-22 16:57:56 | INFO | [ncluster=433/433] AUC-ROC=50.00%  AUC-PR=11.03%  F1=0.0000  MCC=0.0000  Train=0.045s  Test=0.009s  Peak RAM=3.272 MB
2026-03-22 16:57:56 | INFO | [ncluster=436/436] AUC-ROC=50.00%  AUC-PR=11.03%  F1=0.0000  MCC=0.0000  Train=0.045s  Test=0.009s  Peak RAM=3.272 MB
2026-03-22 16:57:56 | INFO | [ncluster=439/439] AUC-ROC=50.00%  AUC-PR=11.03%  F1=0.0000  MCC=0.0000  Train=0.045s  Test=0.010s  Peak RAM=3.269 MB
2026-03-22 16:57:56 | INFO | [ncluster=442/442] AUC-ROC=50.00%  AUC-PR=11.03%  F1=0.0000  MCC=0.0000  Train=0.047s  Test=0.009s  Peak RAM=3.269 MB
2026-03-22 16:57:56 | INFO | [ncluster=445/445] AUC-ROC=50.00%  AUC-PR=11.03%  F1=0.0000  MCC=0.0000  Train=0.046s  Test=0.009s  Peak RAM=3.269 MB
2026-03-22 16:57:56 | INFO | [ncluster=448/448] AUC-ROC=50.00%  AUC-PR=11.03%  F1=0.0000  MCC=0.0000  Train=0.046s  Test=0.009s  Peak RAM=3.271 MB
2026-03-22 16:57:56 | INFO | [ncluster=451/451] AUC-ROC=50.00%  AUC-PR=11.03%  F1=0.0000  MCC=0.0000  Train=0.048s  Test=0.009s  Peak RAM=3.269 MB
2026-03-22 16:57:56 | INFO | [ncluster=454/454] AUC-ROC=50.00%  AUC-PR=11.03%  F1=0.0000  MCC=0.0000  Train=0.048s  Test=0.010s  Peak RAM=3.27 MB
2026-03-22 16:57:56 | INFO | [ncluster=457/457] AUC-ROC=50.00%  AUC-PR=11.03%  F1=0.0000  MCC=0.0000  Train=0.046s  Test=0.009s  Peak RAM=3.27 MB
2026-03-22 16:57:56 | INFO | [ncluster=460/460] AUC-ROC=50.00%  AUC-PR=11.03%  F1=0.0000  MCC=0.0000  Train=0.046s  Test=0.010s  Peak RAM=3.271 MB
2026-03-22 16:57:56 | INFO | [ncluster=463/463] AUC-ROC=50.00%  AUC-PR=11.03%  F1=0.0000  MCC=0.0000  Train=0.049s  Test=0.010s  Peak RAM=3.274 MB
2026-03-22 16:57:56 | INFO | [ncluster=466/466] AUC-ROC=50.00%  AUC-PR=11.03%  F1=0.0000  MCC=0.0000  Train=0.048s  Test=0.009s  Peak RAM=3.269 MB
2026-03-22 16:57:56 | INFO | [ncluster=469/469] AUC-ROC=50.00%  AUC-PR=11.03%  F1=0.0000  MCC=0.0000  Train=0.044s  Test=0.010s  Peak RAM=3.27 MB
2026-03-22 16:57:56 | INFO | [ncluster=472/472] AUC-ROC=50.00%  AUC-PR=11.03%  F1=0.0000  MCC=0.0000  Train=0.049s  Test=0.009s  Peak RAM=3.271 MB
2026-03-22 16:57:56 | INFO | [ncluster=475/475] AUC-ROC=50.00%  AUC-PR=11.03%  F1=0.0000  MCC=0.0000  Train=0.030s  Test=0.009s  Peak RAM=3.271 MB
2026-03-22 16:57:56 | INFO | [ncluster=478/478] AUC-ROC=50.00%  AUC-PR=11.03%  F1=0.0000  MCC=0.0000  Train=0.032s  Test=0.008s  Peak RAM=3.273 MB
2026-03-22 16:57:56 | INFO | [ncluster=481/481] AUC-ROC=50.00%  AUC-PR=11.03%  F1=0.0000  MCC=0.0000  Train=0.042s  Test=0.007s  Peak RAM=3.272 MB
2026-03-22 16:57:56 | INFO | [ncluster=484/484] AUC-ROC=50.00%  AUC-PR=11.03%  F1=0.0000  MCC=0.0000  Train=0.031s  Test=0.007s  Peak RAM=3.273 MB
2026-03-22 16:57:56 | INFO | [ncluster=487/487] AUC-ROC=50.00%  AUC-PR=11.03%  F1=0.0000  MCC=0.0000  Train=0.035s  Test=0.008s  Peak RAM=3.273 MB
2026-03-22 16:57:56 | INFO | [ncluster=490/490] AUC-ROC=50.00%  AUC-PR=11.03%  F1=0.0000  MCC=0.0000  Train=0.032s  Test=0.007s  Peak RAM=3.272 MB
2026-03-22 16:57:56 | INFO | [ncluster=493/493] AUC-ROC=50.00%  AUC-PR=11.03%  F1=0.0000  MCC=0.0000  Train=0.031s  Test=0.008s  Peak RAM=3.273 MB
2026-03-22 16:57:56 | INFO | [ncluster=496/496] AUC-ROC=50.00%  AUC-PR=11.03%  F1=0.0000  MCC=0.0000  Train=0.031s  Test=0.007s  Peak RAM=3.275 MB
2026-03-22 16:57:56 | INFO | [ncluster=499/499] AUC-ROC=50.00%  AUC-PR=11.03%  F1=0.0000  MCC=0.0000  Train=0.031s  Test=0.007s  Peak RAM=3.277 MB
2026-03-22 16:57:56 | INFO | 
>>> Processing data_BoTIoT | scaler=QuantileTransformer
2026-03-22 16:57:56 | INFO | --- noise=0% ---
2026-03-22 16:57:56 | INFO | ============================================================
2026-03-22 16:57:56 | INFO | Dataset  : Train_QuantileTransformer_data_BoTIoT.csv
2026-03-22 16:57:56 | INFO | Scaler   : QuantileTransformer
2026-03-22 16:57:56 | INFO | Noise    : 0%
2026-03-22 16:57:56 | INFO | nClusters: 167 values (1..499)
2026-03-22 16:57:56 | INFO | ============================================================
2026-03-22 16:57:56 | INFO | Loaded Raw Shape -> Train: (7257, 27), Test: (16815, 27)
2026-03-22 16:57:56 | INFO | Dropped metadata features: ['pkSeqID', 'stime', 'ltime', 'seq', 'saddr', 'daddr', 'sport', 'dport', 'state', 'flgs', 'proto']
2026-03-22 16:57:56 | INFO | Dropped metadata features: ['pkSeqID', 'stime', 'ltime', 'seq', 'saddr', 'daddr', 'sport', 'dport', 'state', 'flgs', 'proto']
2026-03-22 16:57:56 | INFO | Training size : 7,257  |  Testing size: 16,815  |  Features: 15
2026-03-22 16:57:56 | INFO | Firing up Parallel execution for 167 cluster configs...
2026-03-22 16:59:00 | INFO | [ncluster=1/1] AUC-ROC=50.00%  AUC-PR=10.79%  F1=0.0000  MCC=0.0000  Train=0.007s  Test=0.003s  Peak RAM=4.298 MB
2026-03-22 16:59:00 | INFO | [ncluster=4/4] AUC-ROC=50.00%  AUC-PR=10.79%  F1=0.0000  MCC=0.0000  Train=0.007s  Test=0.004s  Peak RAM=4.299 MB
2026-03-22 16:59:00 | INFO | [ncluster=7/7] AUC-ROC=50.00%  AUC-PR=10.79%  F1=0.0000  MCC=0.0000  Train=0.007s  Test=0.004s  Peak RAM=4.302 MB
2026-03-22 16:59:00 | INFO | [ncluster=10/10] AUC-ROC=50.00%  AUC-PR=10.79%  F1=0.0000  MCC=0.0000  Train=0.007s  Test=0.003s  Peak RAM=4.303 MB
2026-03-22 16:59:00 | INFO | [ncluster=13/13] AUC-ROC=50.00%  AUC-PR=10.79%  F1=0.0000  MCC=0.0000  Train=0.008s  Test=0.004s  Peak RAM=4.303 MB
2026-03-22 16:59:00 | INFO | [ncluster=16/16] AUC-ROC=50.00%  AUC-PR=10.79%  F1=0.0000  MCC=0.0000  Train=0.008s  Test=0.003s  Peak RAM=4.302 MB
2026-03-22 16:59:00 | INFO | [ncluster=19/19] AUC-ROC=50.00%  AUC-PR=10.79%  F1=0.0000  MCC=0.0000  Train=0.009s  Test=0.004s  Peak RAM=4.302 MB
2026-03-22 16:59:00 | INFO | [ncluster=22/22] AUC-ROC=50.00%  AUC-PR=10.79%  F1=0.0000  MCC=0.0000  Train=0.009s  Test=0.004s  Peak RAM=4.301 MB
2026-03-22 16:59:00 | INFO | [ncluster=25/25] AUC-ROC=50.00%  AUC-PR=10.79%  F1=0.0000  MCC=0.0000  Train=0.010s  Test=0.004s  Peak RAM=4.301 MB
2026-03-22 16:59:00 | INFO | [ncluster=28/28] AUC-ROC=50.00%  AUC-PR=10.79%  F1=0.0000  MCC=0.0000  Train=0.009s  Test=0.004s  Peak RAM=4.303 MB
2026-03-22 16:59:00 | INFO | [ncluster=31/31] AUC-ROC=50.00%  AUC-PR=10.79%  F1=0.0000  MCC=0.0000  Train=0.009s  Test=0.005s  Peak RAM=4.301 MB
2026-03-22 16:59:00 | INFO | [ncluster=34/34] AUC-ROC=50.00%  AUC-PR=10.79%  F1=0.0000  MCC=0.0000  Train=0.010s  Test=0.004s  Peak RAM=4.302 MB
2026-03-22 16:59:00 | INFO | [ncluster=37/37] AUC-ROC=50.00%  AUC-PR=10.79%  F1=0.0000  MCC=0.0000  Train=0.011s  Test=0.004s  Peak RAM=4.301 MB
2026-03-22 16:59:00 | INFO | [ncluster=40/40] AUC-ROC=50.00%  AUC-PR=10.79%  F1=0.0000  MCC=0.0000  Train=0.010s  Test=0.003s  Peak RAM=4.3 MB
2026-03-22 16:59:00 | INFO | [ncluster=43/43] AUC-ROC=50.00%  AUC-PR=10.79%  F1=0.0000  MCC=0.0000  Train=0.010s  Test=0.004s  Peak RAM=4.303 MB
2026-03-22 16:59:00 | INFO | [ncluster=46/46] AUC-ROC=50.00%  AUC-PR=10.79%  F1=0.0000  MCC=0.0000  Train=0.010s  Test=0.005s  Peak RAM=4.304 MB
2026-03-22 16:59:00 | INFO | [ncluster=49/49] AUC-ROC=50.00%  AUC-PR=10.79%  F1=0.0000  MCC=0.0000  Train=0.012s  Test=0.004s  Peak RAM=4.303 MB
2026-03-22 16:59:00 | INFO | [ncluster=52/52] AUC-ROC=50.00%  AUC-PR=10.79%  F1=0.0000  MCC=0.0000  Train=0.010s  Test=0.004s  Peak RAM=4.302 MB
2026-03-22 16:59:00 | INFO | [ncluster=55/55] AUC-ROC=50.00%  AUC-PR=10.79%  F1=0.0000  MCC=0.0000  Train=0.013s  Test=0.005s  Peak RAM=4.303 MB
2026-03-22 16:59:00 | INFO | [ncluster=58/58] AUC-ROC=50.00%  AUC-PR=10.79%  F1=0.0000  MCC=0.0000  Train=0.013s  Test=0.004s  Peak RAM=4.307 MB
2026-03-22 16:59:00 | INFO | [ncluster=61/61] AUC-ROC=50.00%  AUC-PR=10.79%  F1=0.0000  MCC=0.0000  Train=0.013s  Test=0.005s  Peak RAM=4.304 MB
2026-03-22 16:59:00 | INFO | [ncluster=64/64] AUC-ROC=50.00%  AUC-PR=10.79%  F1=0.0000  MCC=0.0000  Train=0.012s  Test=0.004s  Peak RAM=4.307 MB
2026-03-22 16:59:00 | INFO | [ncluster=67/67] AUC-ROC=50.00%  AUC-PR=10.79%  F1=0.0000  MCC=0.0000  Train=0.012s  Test=0.004s  Peak RAM=4.304 MB
2026-03-22 16:59:00 | INFO | [ncluster=70/70] AUC-ROC=50.00%  AUC-PR=10.79%  F1=0.0000  MCC=0.0000  Train=0.014s  Test=0.005s  Peak RAM=4.304 MB
2026-03-22 16:59:00 | INFO | [ncluster=73/73] AUC-ROC=50.00%  AUC-PR=10.79%  F1=0.0000  MCC=0.0000  Train=0.013s  Test=0.004s  Peak RAM=4.305 MB
2026-03-22 16:59:00 | INFO | [ncluster=76/76] AUC-ROC=50.00%  AUC-PR=10.79%  F1=0.0000  MCC=0.0000  Train=0.013s  Test=0.005s  Peak RAM=4.302 MB
2026-03-22 16:59:00 | INFO | [ncluster=79/79] AUC-ROC=50.00%  AUC-PR=10.79%  F1=0.0000  MCC=0.0000  Train=0.013s  Test=0.005s  Peak RAM=4.304 MB
2026-03-22 16:59:00 | INFO | [ncluster=82/82] AUC-ROC=50.00%  AUC-PR=10.79%  F1=0.0000  MCC=0.0000  Train=0.014s  Test=0.004s  Peak RAM=4.302 MB
2026-03-22 16:59:00 | INFO | [ncluster=85/85] AUC-ROC=50.00%  AUC-PR=10.79%  F1=0.0000  MCC=0.0000  Train=0.014s  Test=0.005s  Peak RAM=4.306 MB
2026-03-22 16:59:00 | INFO | [ncluster=88/88] AUC-ROC=50.00%  AUC-PR=10.79%  F1=0.0000  MCC=0.0000  Train=0.014s  Test=0.004s  Peak RAM=4.302 MB
2026-03-22 16:59:00 | INFO | [ncluster=91/91] AUC-ROC=50.00%  AUC-PR=10.79%  F1=0.0000  MCC=0.0000  Train=0.014s  Test=0.005s  Peak RAM=4.306 MB
2026-03-22 16:59:00 | INFO | [ncluster=94/94] AUC-ROC=50.00%  AUC-PR=10.79%  F1=0.0000  MCC=0.0000  Train=0.015s  Test=0.005s  Peak RAM=4.303 MB
2026-03-22 16:59:00 | INFO | [ncluster=97/97] AUC-ROC=50.00%  AUC-PR=10.79%  F1=0.0000  MCC=0.0000  Train=0.016s  Test=0.004s  Peak RAM=4.309 MB
2026-03-22 16:59:00 | INFO | [ncluster=100/100] AUC-ROC=50.00%  AUC-PR=10.79%  F1=0.0000  MCC=0.0000  Train=0.015s  Test=0.005s  Peak RAM=4.303 MB
2026-03-22 16:59:00 | INFO | [ncluster=103/103] AUC-ROC=50.00%  AUC-PR=10.79%  F1=0.0000  MCC=0.0000  Train=0.016s  Test=0.006s  Peak RAM=4.306 MB
2026-03-22 16:59:00 | INFO | [ncluster=106/106] AUC-ROC=50.00%  AUC-PR=10.79%  F1=0.0000  MCC=0.0000  Train=0.016s  Test=0.005s  Peak RAM=4.304 MB
2026-03-22 16:59:00 | INFO | [ncluster=109/109] AUC-ROC=50.00%  AUC-PR=10.79%  F1=0.0000  MCC=0.0000  Train=0.018s  Test=0.005s  Peak RAM=4.308 MB
2026-03-22 16:59:00 | INFO | [ncluster=112/112] AUC-ROC=50.00%  AUC-PR=10.79%  F1=0.0000  MCC=0.0000  Train=0.016s  Test=0.004s  Peak RAM=4.303 MB
2026-03-22 16:59:00 | INFO | [ncluster=115/115] AUC-ROC=50.00%  AUC-PR=10.79%  F1=0.0000  MCC=0.0000  Train=0.016s  Test=0.005s  Peak RAM=4.307 MB
2026-03-22 16:59:00 | INFO | [ncluster=118/118] AUC-ROC=50.00%  AUC-PR=10.79%  F1=0.0000  MCC=0.0000  Train=0.016s  Test=0.006s  Peak RAM=4.304 MB
2026-03-22 16:59:00 | INFO | [ncluster=121/121] AUC-ROC=50.00%  AUC-PR=10.79%  F1=0.0000  MCC=0.0000  Train=0.018s  Test=0.005s  Peak RAM=4.307 MB
2026-03-22 16:59:00 | INFO | [ncluster=124/124] AUC-ROC=50.00%  AUC-PR=10.79%  F1=0.0000  MCC=0.0000  Train=0.017s  Test=0.005s  Peak RAM=4.305 MB
2026-03-22 16:59:00 | INFO | [ncluster=127/127] AUC-ROC=50.00%  AUC-PR=10.79%  F1=0.0000  MCC=0.0000  Train=0.018s  Test=0.006s  Peak RAM=4.307 MB
2026-03-22 16:59:00 | INFO | [ncluster=130/130] AUC-ROC=50.00%  AUC-PR=10.79%  F1=0.0000  MCC=0.0000  Train=0.018s  Test=0.005s  Peak RAM=4.305 MB
2026-03-22 16:59:00 | INFO | [ncluster=133/133] AUC-ROC=50.00%  AUC-PR=10.79%  F1=0.0000  MCC=0.0000  Train=0.018s  Test=0.006s  Peak RAM=4.308 MB
2026-03-22 16:59:00 | INFO | [ncluster=136/136] AUC-ROC=50.00%  AUC-PR=10.79%  F1=0.0000  MCC=0.0000  Train=0.018s  Test=0.005s  Peak RAM=4.305 MB
2026-03-22 16:59:00 | INFO | [ncluster=139/139] AUC-ROC=50.00%  AUC-PR=10.79%  F1=0.0000  MCC=0.0000  Train=0.020s  Test=0.006s  Peak RAM=4.308 MB
2026-03-22 16:59:00 | INFO | [ncluster=142/142] AUC-ROC=50.00%  AUC-PR=10.79%  F1=0.0000  MCC=0.0000  Train=0.019s  Test=0.006s  Peak RAM=4.305 MB
2026-03-22 16:59:00 | INFO | [ncluster=145/145] AUC-ROC=50.00%  AUC-PR=10.79%  F1=0.0000  MCC=0.0000  Train=0.020s  Test=0.005s  Peak RAM=4.309 MB
2026-03-22 16:59:00 | INFO | [ncluster=148/148] AUC-ROC=50.00%  AUC-PR=10.79%  F1=0.0000  MCC=0.0000  Train=0.019s  Test=0.006s  Peak RAM=4.306 MB
2026-03-22 16:59:00 | INFO | [ncluster=151/151] AUC-ROC=50.00%  AUC-PR=10.79%  F1=0.0000  MCC=0.0000  Train=0.020s  Test=0.006s  Peak RAM=4.307 MB
2026-03-22 16:59:00 | INFO | [ncluster=154/154] AUC-ROC=50.00%  AUC-PR=10.79%  F1=0.0000  MCC=0.0000  Train=0.020s  Test=0.005s  Peak RAM=4.305 MB
2026-03-22 16:59:00 | INFO | [ncluster=157/157] AUC-ROC=50.00%  AUC-PR=10.79%  F1=0.0000  MCC=0.0000  Train=0.020s  Test=0.006s  Peak RAM=4.309 MB
2026-03-22 16:59:00 | INFO | [ncluster=160/160] AUC-ROC=50.00%  AUC-PR=10.79%  F1=0.0000  MCC=0.0000  Train=0.019s  Test=0.005s  Peak RAM=4.307 MB
2026-03-22 16:59:00 | INFO | [ncluster=163/163] AUC-ROC=50.00%  AUC-PR=10.79%  F1=0.0000  MCC=0.0000  Train=0.019s  Test=0.006s  Peak RAM=4.31 MB
2026-03-22 16:59:00 | INFO | [ncluster=166/166] AUC-ROC=50.00%  AUC-PR=10.79%  F1=0.0000  MCC=0.0000  Train=0.021s  Test=0.006s  Peak RAM=4.307 MB
2026-03-22 16:59:00 | INFO | [ncluster=169/169] AUC-ROC=50.00%  AUC-PR=10.79%  F1=0.0000  MCC=0.0000  Train=0.021s  Test=0.005s  Peak RAM=4.309 MB
2026-03-22 16:59:00 | INFO | [ncluster=172/172] AUC-ROC=50.00%  AUC-PR=10.79%  F1=0.0000  MCC=0.0000  Train=0.022s  Test=0.006s  Peak RAM=4.307 MB
2026-03-22 16:59:00 | INFO | [ncluster=175/175] AUC-ROC=50.00%  AUC-PR=10.79%  F1=0.0000  MCC=0.0000  Train=0.022s  Test=0.007s  Peak RAM=4.31 MB
2026-03-22 16:59:00 | INFO | [ncluster=178/178] AUC-ROC=50.00%  AUC-PR=10.79%  F1=0.0000  MCC=0.0000  Train=0.021s  Test=0.006s  Peak RAM=4.308 MB
2026-03-22 16:59:00 | INFO | [ncluster=181/181] AUC-ROC=50.00%  AUC-PR=10.79%  F1=0.0000  MCC=0.0000  Train=0.024s  Test=0.006s  Peak RAM=4.311 MB
2026-03-22 16:59:00 | INFO | [ncluster=184/184] AUC-ROC=50.00%  AUC-PR=10.79%  F1=0.0000  MCC=0.0000  Train=0.022s  Test=0.006s  Peak RAM=4.308 MB
2026-03-22 16:59:00 | INFO | [ncluster=187/187] AUC-ROC=50.00%  AUC-PR=10.79%  F1=0.0000  MCC=0.0000  Train=0.024s  Test=0.006s  Peak RAM=4.313 MB
2026-03-22 16:59:00 | INFO | [ncluster=190/190] AUC-ROC=50.00%  AUC-PR=10.79%  F1=0.0000  MCC=0.0000  Train=0.023s  Test=0.007s  Peak RAM=4.308 MB
2026-03-22 16:59:00 | INFO | [ncluster=193/193] AUC-ROC=50.00%  AUC-PR=10.79%  F1=0.0000  MCC=0.0000  Train=0.024s  Test=0.006s  Peak RAM=4.311 MB
2026-03-22 16:59:00 | INFO | [ncluster=196/196] AUC-ROC=50.00%  AUC-PR=10.79%  F1=0.0000  MCC=0.0000  Train=0.024s  Test=0.006s  Peak RAM=4.309 MB
2026-03-22 16:59:00 | INFO | [ncluster=199/199] AUC-ROC=50.00%  AUC-PR=10.79%  F1=0.0000  MCC=0.0000  Train=0.024s  Test=0.007s  Peak RAM=4.311 MB
2026-03-22 16:59:00 | INFO | [ncluster=202/202] AUC-ROC=50.00%  AUC-PR=10.79%  F1=0.0000  MCC=0.0000  Train=0.024s  Test=0.006s  Peak RAM=4.308 MB
2026-03-22 16:59:00 | INFO | [ncluster=205/205] AUC-ROC=50.00%  AUC-PR=10.79%  F1=0.0000  MCC=0.0000  Train=0.024s  Test=0.007s  Peak RAM=4.314 MB
2026-03-22 16:59:00 | INFO | [ncluster=208/208] AUC-ROC=50.00%  AUC-PR=10.79%  F1=0.0000  MCC=0.0000  Train=0.024s  Test=0.006s  Peak RAM=4.309 MB
2026-03-22 16:59:00 | INFO | [ncluster=211/211] AUC-ROC=50.00%  AUC-PR=10.79%  F1=0.0000  MCC=0.0000  Train=0.026s  Test=0.006s  Peak RAM=4.312 MB
2026-03-22 16:59:00 | INFO | [ncluster=214/214] AUC-ROC=50.00%  AUC-PR=10.79%  F1=0.0000  MCC=0.0000  Train=0.025s  Test=0.007s  Peak RAM=4.31 MB
2026-03-22 16:59:00 | INFO | [ncluster=217/217] AUC-ROC=50.00%  AUC-PR=10.79%  F1=0.0000  MCC=0.0000  Train=0.026s  Test=0.006s  Peak RAM=4.312 MB
2026-03-22 16:59:00 | INFO | [ncluster=220/220] AUC-ROC=50.00%  AUC-PR=10.79%  F1=0.0000  MCC=0.0000  Train=0.025s  Test=0.007s  Peak RAM=4.311 MB
2026-03-22 16:59:00 | INFO | [ncluster=223/223] AUC-ROC=50.00%  AUC-PR=10.79%  F1=0.0000  MCC=0.0000  Train=0.026s  Test=0.007s  Peak RAM=4.313 MB
2026-03-22 16:59:00 | INFO | [ncluster=226/226] AUC-ROC=50.00%  AUC-PR=10.79%  F1=0.0000  MCC=0.0000  Train=0.026s  Test=0.006s  Peak RAM=4.313 MB
2026-03-22 16:59:00 | INFO | [ncluster=229/229] AUC-ROC=50.00%  AUC-PR=10.79%  F1=0.0000  MCC=0.0000  Train=0.028s  Test=0.007s  Peak RAM=4.314 MB
2026-03-22 16:59:00 | INFO | [ncluster=232/232] AUC-ROC=50.00%  AUC-PR=10.79%  F1=0.0000  MCC=0.0000  Train=0.027s  Test=0.006s  Peak RAM=4.313 MB
2026-03-22 16:59:00 | INFO | [ncluster=235/235] AUC-ROC=50.00%  AUC-PR=10.79%  F1=0.0000  MCC=0.0000  Train=0.028s  Test=0.007s  Peak RAM=4.315 MB
2026-03-22 16:59:00 | INFO | [ncluster=238/238] AUC-ROC=50.00%  AUC-PR=10.79%  F1=0.0000  MCC=0.0000  Train=0.028s  Test=0.007s  Peak RAM=4.314 MB
2026-03-22 16:59:00 | INFO | [ncluster=241/241] AUC-ROC=50.00%  AUC-PR=10.79%  F1=0.0000  MCC=0.0000  Train=0.028s  Test=0.006s  Peak RAM=4.314 MB
2026-03-22 16:59:00 | INFO | [ncluster=244/244] AUC-ROC=50.00%  AUC-PR=10.79%  F1=0.0000  MCC=0.0000  Train=0.029s  Test=0.007s  Peak RAM=4.316 MB
2026-03-22 16:59:00 | INFO | [ncluster=247/247] AUC-ROC=50.00%  AUC-PR=10.79%  F1=0.0000  MCC=0.0000  Train=0.026s  Test=0.008s  Peak RAM=4.313 MB
2026-03-22 16:59:00 | INFO | [ncluster=250/250] AUC-ROC=50.00%  AUC-PR=10.79%  F1=0.0000  MCC=0.0000  Train=0.028s  Test=0.007s  Peak RAM=4.316 MB
2026-03-22 16:59:00 | INFO | [ncluster=253/253] AUC-ROC=50.00%  AUC-PR=10.79%  F1=0.0000  MCC=0.0000  Train=0.027s  Test=0.007s  Peak RAM=4.314 MB
2026-03-22 16:59:00 | INFO | [ncluster=256/256] AUC-ROC=50.00%  AUC-PR=10.79%  F1=0.0000  MCC=0.0000  Train=0.029s  Test=0.006s  Peak RAM=4.316 MB
2026-03-22 16:59:00 | INFO | [ncluster=259/259] AUC-ROC=50.00%  AUC-PR=10.79%  F1=0.0000  MCC=0.0000  Train=0.029s  Test=0.007s  Peak RAM=4.315 MB
2026-03-22 16:59:00 | INFO | [ncluster=262/262] AUC-ROC=50.00%  AUC-PR=10.79%  F1=0.0000  MCC=0.0000  Train=0.030s  Test=0.007s  Peak RAM=4.316 MB
2026-03-22 16:59:00 | INFO | [ncluster=265/265] AUC-ROC=50.00%  AUC-PR=10.79%  F1=0.0000  MCC=0.0000  Train=0.031s  Test=0.007s  Peak RAM=4.317 MB
2026-03-22 16:59:00 | INFO | [ncluster=268/268] AUC-ROC=50.00%  AUC-PR=10.79%  F1=0.0000  MCC=0.0000  Train=0.030s  Test=0.007s  Peak RAM=4.315 MB
2026-03-22 16:59:00 | INFO | [ncluster=271/271] AUC-ROC=50.00%  AUC-PR=10.79%  F1=0.0000  MCC=0.0000  Train=0.032s  Test=0.008s  Peak RAM=4.318 MB
2026-03-22 16:59:00 | INFO | [ncluster=274/274] AUC-ROC=50.00%  AUC-PR=10.79%  F1=0.0000  MCC=0.0000  Train=0.031s  Test=0.007s  Peak RAM=4.317 MB
2026-03-22 16:59:00 | INFO | [ncluster=277/277] AUC-ROC=50.00%  AUC-PR=10.79%  F1=0.0000  MCC=0.0000  Train=0.032s  Test=0.008s  Peak RAM=4.316 MB
2026-03-22 16:59:00 | INFO | [ncluster=280/280] AUC-ROC=50.00%  AUC-PR=10.79%  F1=0.0000  MCC=0.0000  Train=0.032s  Test=0.007s  Peak RAM=4.316 MB
2026-03-22 16:59:00 | INFO | [ncluster=283/283] AUC-ROC=50.00%  AUC-PR=10.79%  F1=0.0000  MCC=0.0000  Train=0.029s  Test=0.007s  Peak RAM=4.315 MB
2026-03-22 16:59:00 | INFO | [ncluster=286/286] AUC-ROC=50.00%  AUC-PR=10.79%  F1=0.0000  MCC=0.0000  Train=0.031s  Test=0.008s  Peak RAM=4.316 MB
2026-03-22 16:59:00 | INFO | [ncluster=289/289] AUC-ROC=50.00%  AUC-PR=10.79%  F1=0.0000  MCC=0.0000  Train=0.032s  Test=0.007s  Peak RAM=4.316 MB
2026-03-22 16:59:00 | INFO | [ncluster=292/292] AUC-ROC=50.00%  AUC-PR=10.79%  F1=0.0000  MCC=0.0000  Train=0.032s  Test=0.008s  Peak RAM=4.316 MB
2026-03-22 16:59:00 | INFO | [ncluster=295/295] AUC-ROC=50.00%  AUC-PR=10.79%  F1=0.0000  MCC=0.0000  Train=0.032s  Test=0.014s  Peak RAM=4.317 MB
2026-03-22 16:59:00 | INFO | [ncluster=298/298] AUC-ROC=50.00%  AUC-PR=10.79%  F1=0.0000  MCC=0.0000  Train=0.033s  Test=0.007s  Peak RAM=4.318 MB
2026-03-22 16:59:00 | INFO | [ncluster=301/301] AUC-ROC=50.00%  AUC-PR=10.79%  F1=0.0000  MCC=0.0000  Train=0.034s  Test=0.008s  Peak RAM=4.317 MB
2026-03-22 16:59:00 | INFO | [ncluster=304/304] AUC-ROC=50.00%  AUC-PR=10.79%  F1=0.0000  MCC=0.0000  Train=0.033s  Test=0.007s  Peak RAM=4.318 MB
2026-03-22 16:59:00 | INFO | [ncluster=307/307] AUC-ROC=50.00%  AUC-PR=10.79%  F1=0.0000  MCC=0.0000  Train=0.032s  Test=0.008s  Peak RAM=4.318 MB
2026-03-22 16:59:00 | INFO | [ncluster=310/310] AUC-ROC=50.00%  AUC-PR=10.79%  F1=0.0000  MCC=0.0000  Train=0.033s  Test=0.009s  Peak RAM=4.318 MB
2026-03-22 16:59:00 | INFO | [ncluster=313/313] AUC-ROC=50.00%  AUC-PR=10.79%  F1=0.0000  MCC=0.0000  Train=0.035s  Test=0.007s  Peak RAM=4.319 MB
2026-03-22 16:59:00 | INFO | [ncluster=316/316] AUC-ROC=50.00%  AUC-PR=10.79%  F1=0.0000  MCC=0.0000  Train=0.035s  Test=0.008s  Peak RAM=4.318 MB
2026-03-22 16:59:00 | INFO | [ncluster=319/319] AUC-ROC=50.00%  AUC-PR=10.79%  F1=0.0000  MCC=0.0000  Train=0.034s  Test=0.008s  Peak RAM=4.317 MB
2026-03-22 16:59:00 | INFO | [ncluster=322/322] AUC-ROC=50.00%  AUC-PR=10.79%  F1=0.0000  MCC=0.0000  Train=0.034s  Test=0.008s  Peak RAM=4.318 MB
2026-03-22 16:59:00 | INFO | [ncluster=325/325] AUC-ROC=50.00%  AUC-PR=10.79%  F1=0.0000  MCC=0.0000  Train=0.035s  Test=0.008s  Peak RAM=4.321 MB
2026-03-22 16:59:00 | INFO | [ncluster=328/328] AUC-ROC=50.00%  AUC-PR=10.79%  F1=0.0000  MCC=0.0000  Train=0.035s  Test=0.007s  Peak RAM=4.319 MB
2026-03-22 16:59:00 | INFO | [ncluster=331/331] AUC-ROC=50.00%  AUC-PR=10.79%  F1=0.0000  MCC=0.0000  Train=0.035s  Test=0.008s  Peak RAM=4.321 MB
2026-03-22 16:59:00 | INFO | [ncluster=334/334] AUC-ROC=50.00%  AUC-PR=10.79%  F1=0.0000  MCC=0.0000  Train=0.036s  Test=0.008s  Peak RAM=4.319 MB
2026-03-22 16:59:00 | INFO | [ncluster=337/337] AUC-ROC=50.00%  AUC-PR=10.79%  F1=0.0000  MCC=0.0000  Train=0.037s  Test=0.008s  Peak RAM=4.319 MB
2026-03-22 16:59:00 | INFO | [ncluster=340/340] AUC-ROC=50.00%  AUC-PR=10.79%  F1=0.0000  MCC=0.0000  Train=0.033s  Test=0.008s  Peak RAM=4.32 MB
2026-03-22 16:59:00 | INFO | [ncluster=343/343] AUC-ROC=50.00%  AUC-PR=10.79%  F1=0.0000  MCC=0.0000  Train=0.036s  Test=0.009s  Peak RAM=4.321 MB
2026-03-22 16:59:00 | INFO | [ncluster=346/346] AUC-ROC=50.00%  AUC-PR=10.79%  F1=0.0000  MCC=0.0000  Train=0.038s  Test=0.008s  Peak RAM=4.32 MB
2026-03-22 16:59:00 | INFO | [ncluster=349/349] AUC-ROC=50.00%  AUC-PR=10.79%  F1=0.0000  MCC=0.0000  Train=0.037s  Test=0.009s  Peak RAM=4.321 MB
2026-03-22 16:59:00 | INFO | [ncluster=352/352] AUC-ROC=50.00%  AUC-PR=10.79%  F1=0.0000  MCC=0.0000  Train=0.038s  Test=0.008s  Peak RAM=4.32 MB
2026-03-22 16:59:00 | INFO | [ncluster=355/355] AUC-ROC=50.00%  AUC-PR=10.79%  F1=0.0000  MCC=0.0000  Train=0.037s  Test=0.008s  Peak RAM=4.319 MB
2026-03-22 16:59:00 | INFO | [ncluster=358/358] AUC-ROC=50.00%  AUC-PR=10.79%  F1=0.0000  MCC=0.0000  Train=0.035s  Test=0.009s  Peak RAM=4.321 MB
2026-03-22 16:59:00 | INFO | [ncluster=361/361] AUC-ROC=50.00%  AUC-PR=10.79%  F1=0.0000  MCC=0.0000  Train=0.038s  Test=0.008s  Peak RAM=4.322 MB
2026-03-22 16:59:00 | INFO | [ncluster=364/364] AUC-ROC=50.00%  AUC-PR=10.79%  F1=0.0000  MCC=0.0000  Train=0.038s  Test=0.008s  Peak RAM=4.322 MB
2026-03-22 16:59:00 | INFO | [ncluster=367/367] AUC-ROC=50.00%  AUC-PR=10.79%  F1=0.0000  MCC=0.0000  Train=0.038s  Test=0.009s  Peak RAM=4.321 MB
2026-03-22 16:59:00 | INFO | [ncluster=370/370] AUC-ROC=50.00%  AUC-PR=10.79%  F1=0.0000  MCC=0.0000  Train=0.040s  Test=0.008s  Peak RAM=4.322 MB
2026-03-22 16:59:00 | INFO | [ncluster=373/373] AUC-ROC=50.00%  AUC-PR=10.79%  F1=0.0000  MCC=0.0000  Train=0.040s  Test=0.009s  Peak RAM=4.323 MB
2026-03-22 16:59:00 | INFO | [ncluster=376/376] AUC-ROC=50.00%  AUC-PR=10.79%  F1=0.0000  MCC=0.0000  Train=0.039s  Test=0.008s  Peak RAM=4.321 MB
2026-03-22 16:59:00 | INFO | [ncluster=379/379] AUC-ROC=50.00%  AUC-PR=10.79%  F1=0.0000  MCC=0.0000  Train=0.041s  Test=0.009s  Peak RAM=4.323 MB
2026-03-22 16:59:00 | INFO | [ncluster=382/382] AUC-ROC=50.00%  AUC-PR=10.79%  F1=0.0000  MCC=0.0000  Train=0.040s  Test=0.009s  Peak RAM=4.321 MB
2026-03-22 16:59:00 | INFO | [ncluster=385/385] AUC-ROC=50.00%  AUC-PR=10.79%  F1=0.0000  MCC=0.0000  Train=0.041s  Test=0.008s  Peak RAM=4.322 MB
2026-03-22 16:59:00 | INFO | [ncluster=388/388] AUC-ROC=50.00%  AUC-PR=10.79%  F1=0.0000  MCC=0.0000  Train=0.039s  Test=0.009s  Peak RAM=4.322 MB
2026-03-22 16:59:00 | INFO | [ncluster=391/391] AUC-ROC=50.00%  AUC-PR=10.79%  F1=0.0000  MCC=0.0000  Train=0.038s  Test=0.009s  Peak RAM=4.325 MB
2026-03-22 16:59:00 | INFO | [ncluster=394/394] AUC-ROC=50.00%  AUC-PR=10.79%  F1=0.0000  MCC=0.0000  Train=0.041s  Test=0.009s  Peak RAM=4.323 MB
2026-03-22 16:59:00 | INFO | [ncluster=397/397] AUC-ROC=50.00%  AUC-PR=10.79%  F1=0.0000  MCC=0.0000  Train=0.040s  Test=0.009s  Peak RAM=4.324 MB
2026-03-22 16:59:00 | INFO | [ncluster=400/400] AUC-ROC=50.00%  AUC-PR=10.79%  F1=0.0000  MCC=0.0000  Train=0.041s  Test=0.008s  Peak RAM=4.324 MB
2026-03-22 16:59:00 | INFO | [ncluster=403/403] AUC-ROC=50.00%  AUC-PR=10.79%  F1=0.0000  MCC=0.0000  Train=0.042s  Test=0.009s  Peak RAM=4.324 MB
2026-03-22 16:59:00 | INFO | [ncluster=406/406] AUC-ROC=50.00%  AUC-PR=10.79%  F1=0.0000  MCC=0.0000  Train=0.043s  Test=0.009s  Peak RAM=4.325 MB
2026-03-22 16:59:00 | INFO | [ncluster=409/409] AUC-ROC=50.00%  AUC-PR=10.79%  F1=0.0000  MCC=0.0000  Train=0.044s  Test=0.009s  Peak RAM=4.324 MB
2026-03-22 16:59:00 | INFO | [ncluster=412/412] AUC-ROC=50.00%  AUC-PR=10.79%  F1=0.0000  MCC=0.0000  Train=0.042s  Test=0.009s  Peak RAM=4.324 MB
2026-03-22 16:59:00 | INFO | [ncluster=415/415] AUC-ROC=50.00%  AUC-PR=10.79%  F1=0.0000  MCC=0.0000  Train=0.044s  Test=0.010s  Peak RAM=4.327 MB
2026-03-22 16:59:00 | INFO | [ncluster=418/418] AUC-ROC=50.00%  AUC-PR=10.79%  F1=0.0000  MCC=0.0000  Train=0.044s  Test=0.009s  Peak RAM=4.324 MB
2026-03-22 16:59:00 | INFO | [ncluster=421/421] AUC-ROC=50.00%  AUC-PR=10.79%  F1=0.0000  MCC=0.0000  Train=0.044s  Test=0.010s  Peak RAM=4.325 MB
2026-03-22 16:59:00 | INFO | [ncluster=424/424] AUC-ROC=50.00%  AUC-PR=10.79%  F1=0.0000  MCC=0.0000  Train=0.045s  Test=0.008s  Peak RAM=4.323 MB
2026-03-22 16:59:00 | INFO | [ncluster=427/427] AUC-ROC=50.00%  AUC-PR=10.79%  F1=0.0000  MCC=0.0000  Train=0.044s  Test=0.009s  Peak RAM=4.325 MB
2026-03-22 16:59:00 | INFO | [ncluster=430/430] AUC-ROC=50.00%  AUC-PR=10.79%  F1=0.0000  MCC=0.0000  Train=0.044s  Test=0.010s  Peak RAM=4.326 MB
2026-03-22 16:59:00 | INFO | [ncluster=433/433] AUC-ROC=50.00%  AUC-PR=10.79%  F1=0.0000  MCC=0.0000  Train=0.042s  Test=0.009s  Peak RAM=4.327 MB
2026-03-22 16:59:00 | INFO | [ncluster=436/436] AUC-ROC=50.00%  AUC-PR=10.79%  F1=0.0000  MCC=0.0000  Train=0.045s  Test=0.009s  Peak RAM=4.325 MB
2026-03-22 16:59:00 | INFO | [ncluster=439/439] AUC-ROC=50.00%  AUC-PR=10.79%  F1=0.0000  MCC=0.0000  Train=0.044s  Test=0.010s  Peak RAM=4.325 MB
2026-03-22 16:59:00 | INFO | [ncluster=442/442] AUC-ROC=50.00%  AUC-PR=10.79%  F1=0.0000  MCC=0.0000  Train=0.046s  Test=0.009s  Peak RAM=4.325 MB
2026-03-22 16:59:00 | INFO | [ncluster=445/445] AUC-ROC=50.00%  AUC-PR=10.79%  F1=0.0000  MCC=0.0000  Train=0.047s  Test=0.010s  Peak RAM=4.325 MB
2026-03-22 16:59:00 | INFO | [ncluster=448/448] AUC-ROC=50.00%  AUC-PR=10.79%  F1=0.0000  MCC=0.0000  Train=0.045s  Test=0.009s  Peak RAM=4.326 MB
2026-03-22 16:59:00 | INFO | [ncluster=451/451] AUC-ROC=50.00%  AUC-PR=10.79%  F1=0.0000  MCC=0.0000  Train=0.047s  Test=0.009s  Peak RAM=4.328 MB
2026-03-22 16:59:00 | INFO | [ncluster=454/454] AUC-ROC=50.00%  AUC-PR=10.79%  F1=0.0000  MCC=0.0000  Train=0.047s  Test=0.010s  Peak RAM=4.328 MB
2026-03-22 16:59:00 | INFO | [ncluster=457/457] AUC-ROC=50.00%  AUC-PR=10.79%  F1=0.0000  MCC=0.0000  Train=0.047s  Test=0.009s  Peak RAM=4.327 MB
2026-03-22 16:59:00 | INFO | [ncluster=460/460] AUC-ROC=50.00%  AUC-PR=10.79%  F1=0.0000  MCC=0.0000  Train=0.048s  Test=0.010s  Peak RAM=4.325 MB
2026-03-22 16:59:00 | INFO | [ncluster=463/463] AUC-ROC=50.00%  AUC-PR=10.79%  F1=0.0000  MCC=0.0000  Train=0.045s  Test=0.010s  Peak RAM=4.327 MB
2026-03-22 16:59:00 | INFO | [ncluster=466/466] AUC-ROC=50.00%  AUC-PR=10.79%  F1=0.0000  MCC=0.0000  Train=0.047s  Test=0.010s  Peak RAM=4.327 MB
2026-03-22 16:59:00 | INFO | [ncluster=469/469] AUC-ROC=50.00%  AUC-PR=10.79%  F1=0.0000  MCC=0.0000  Train=0.048s  Test=0.010s  Peak RAM=4.328 MB
2026-03-22 16:59:00 | INFO | [ncluster=472/472] AUC-ROC=50.00%  AUC-PR=10.79%  F1=0.0000  MCC=0.0000  Train=0.048s  Test=0.009s  Peak RAM=4.328 MB
2026-03-22 16:59:00 | INFO | [ncluster=475/475] AUC-ROC=50.00%  AUC-PR=10.79%  F1=0.0000  MCC=0.0000  Train=0.047s  Test=0.010s  Peak RAM=4.327 MB
2026-03-22 16:59:00 | INFO | [ncluster=478/478] AUC-ROC=50.00%  AUC-PR=10.79%  F1=0.0000  MCC=0.0000  Train=0.049s  Test=0.010s  Peak RAM=4.327 MB
2026-03-22 16:59:00 | INFO | [ncluster=481/481] AUC-ROC=50.00%  AUC-PR=10.79%  F1=0.0000  MCC=0.0000  Train=0.031s  Test=0.007s  Peak RAM=4.328 MB
2026-03-22 16:59:00 | INFO | [ncluster=484/484] AUC-ROC=50.00%  AUC-PR=10.79%  F1=0.0000  MCC=0.0000  Train=0.030s  Test=0.008s  Peak RAM=4.329 MB
2026-03-22 16:59:00 | INFO | [ncluster=487/487] AUC-ROC=50.00%  AUC-PR=10.79%  F1=0.0000  MCC=0.0000  Train=0.031s  Test=0.008s  Peak RAM=4.329 MB
2026-03-22 16:59:00 | INFO | [ncluster=490/490] AUC-ROC=50.00%  AUC-PR=10.79%  F1=0.0000  MCC=0.0000  Train=0.031s  Test=0.007s  Peak RAM=4.329 MB
2026-03-22 16:59:00 | INFO | [ncluster=493/493] AUC-ROC=50.00%  AUC-PR=10.79%  F1=0.0000  MCC=0.0000  Train=0.032s  Test=0.008s  Peak RAM=4.328 MB
2026-03-22 16:59:00 | INFO | [ncluster=496/496] AUC-ROC=50.00%  AUC-PR=10.79%  F1=0.0000  MCC=0.0000  Train=0.032s  Test=0.007s  Peak RAM=4.328 MB
2026-03-22 16:59:00 | INFO | [ncluster=499/499] AUC-ROC=50.00%  AUC-PR=10.79%  F1=0.0000  MCC=0.0000  Train=0.030s  Test=0.007s  Peak RAM=4.329 MB
2026-03-22 16:59:00 | INFO | --- noise=1% ---
2026-03-22 16:59:00 | INFO | ============================================================
2026-03-22 16:59:00 | INFO | Dataset  : Train_QuantileTransformer_data_BoTIoT.csv
2026-03-22 16:59:00 | INFO | Scaler   : QuantileTransformer
2026-03-22 16:59:00 | INFO | Noise    : 1%
2026-03-22 16:59:00 | INFO | nClusters: 167 values (1..499)
2026-03-22 16:59:00 | INFO | ============================================================
2026-03-22 16:59:00 | INFO | Loaded Raw Shape -> Train: (7257, 27), Test: (16815, 27)
2026-03-22 16:59:00 | INFO | Dropped metadata features: ['pkSeqID', 'stime', 'ltime', 'seq', 'saddr', 'daddr', 'sport', 'dport', 'state', 'flgs', 'proto']
2026-03-22 16:59:00 | INFO | Dropped metadata features: ['pkSeqID', 'stime', 'ltime', 'seq', 'saddr', 'daddr', 'sport', 'dport', 'state', 'flgs', 'proto']
2026-03-22 16:59:00 | INFO | Training size : 7,329  |  Testing size: 16,743  |  Features: 15
2026-03-22 16:59:00 | INFO | Firing up Parallel execution for 167 cluster configs...
2026-03-22 17:00:05 | INFO | [ncluster=1/1] AUC-ROC=50.00%  AUC-PR=10.84%  F1=0.0000  MCC=0.0000  Train=0.006s  Test=0.003s  Peak RAM=3.116 MB
2026-03-22 17:00:05 | INFO | [ncluster=4/4] AUC-ROC=50.00%  AUC-PR=10.84%  F1=0.0000  MCC=0.0000  Train=0.007s  Test=0.003s  Peak RAM=3.117 MB
2026-03-22 17:00:05 | INFO | [ncluster=7/7] AUC-ROC=50.00%  AUC-PR=10.84%  F1=0.0000  MCC=0.0000  Train=0.007s  Test=0.004s  Peak RAM=3.117 MB
2026-03-22 17:00:05 | INFO | [ncluster=10/10] AUC-ROC=50.00%  AUC-PR=10.84%  F1=0.0000  MCC=0.0000  Train=0.007s  Test=0.003s  Peak RAM=3.118 MB
2026-03-22 17:00:05 | INFO | [ncluster=13/13] AUC-ROC=50.00%  AUC-PR=10.84%  F1=0.0000  MCC=0.0000  Train=0.007s  Test=0.004s  Peak RAM=3.118 MB
2026-03-22 17:00:05 | INFO | [ncluster=16/16] AUC-ROC=50.00%  AUC-PR=10.84%  F1=0.0000  MCC=0.0000  Train=0.009s  Test=0.003s  Peak RAM=3.118 MB
2026-03-22 17:00:05 | INFO | [ncluster=19/19] AUC-ROC=50.00%  AUC-PR=10.84%  F1=0.0000  MCC=0.0000  Train=0.009s  Test=0.003s  Peak RAM=3.119 MB
2026-03-22 17:00:05 | INFO | [ncluster=22/22] AUC-ROC=50.00%  AUC-PR=10.84%  F1=0.0000  MCC=0.0000  Train=0.009s  Test=0.004s  Peak RAM=3.119 MB
2026-03-22 17:00:05 | INFO | [ncluster=25/25] AUC-ROC=50.00%  AUC-PR=10.84%  F1=0.0000  MCC=0.0000  Train=0.010s  Test=0.003s  Peak RAM=3.119 MB
2026-03-22 17:00:05 | INFO | [ncluster=28/28] AUC-ROC=50.00%  AUC-PR=10.84%  F1=0.0000  MCC=0.0000  Train=0.010s  Test=0.004s  Peak RAM=3.121 MB
2026-03-22 17:00:05 | INFO | [ncluster=31/31] AUC-ROC=50.00%  AUC-PR=10.84%  F1=0.0000  MCC=0.0000  Train=0.010s  Test=0.004s  Peak RAM=3.119 MB
2026-03-22 17:00:05 | INFO | [ncluster=34/34] AUC-ROC=50.00%  AUC-PR=10.84%  F1=0.0000  MCC=0.0000  Train=0.009s  Test=0.003s  Peak RAM=3.12 MB
2026-03-22 17:00:05 | INFO | [ncluster=37/37] AUC-ROC=50.00%  AUC-PR=10.84%  F1=0.0000  MCC=0.0000  Train=0.010s  Test=0.008s  Peak RAM=3.118 MB
2026-03-22 17:00:05 | INFO | [ncluster=40/40] AUC-ROC=50.00%  AUC-PR=10.84%  F1=0.0000  MCC=0.0000  Train=0.010s  Test=0.003s  Peak RAM=3.122 MB
2026-03-22 17:00:05 | INFO | [ncluster=43/43] AUC-ROC=50.00%  AUC-PR=10.84%  F1=0.0000  MCC=0.0000  Train=0.010s  Test=0.004s  Peak RAM=3.119 MB
2026-03-22 17:00:05 | INFO | [ncluster=46/46] AUC-ROC=50.00%  AUC-PR=10.84%  F1=0.0000  MCC=0.0000  Train=0.010s  Test=0.004s  Peak RAM=3.12 MB
2026-03-22 17:00:05 | INFO | [ncluster=49/49] AUC-ROC=50.00%  AUC-PR=10.84%  F1=0.0000  MCC=0.0000  Train=0.010s  Test=0.003s  Peak RAM=3.12 MB
2026-03-22 17:00:05 | INFO | [ncluster=52/52] AUC-ROC=50.00%  AUC-PR=10.84%  F1=0.0000  MCC=0.0000  Train=0.013s  Test=0.004s  Peak RAM=3.119 MB
2026-03-22 17:00:05 | INFO | [ncluster=55/55] AUC-ROC=50.00%  AUC-PR=10.84%  F1=0.0000  MCC=0.0000  Train=0.012s  Test=0.005s  Peak RAM=3.12 MB
2026-03-22 17:00:05 | INFO | [ncluster=58/58] AUC-ROC=50.00%  AUC-PR=10.84%  F1=0.0000  MCC=0.0000  Train=0.013s  Test=0.004s  Peak RAM=3.12 MB
2026-03-22 17:00:05 | INFO | [ncluster=61/61] AUC-ROC=50.00%  AUC-PR=10.84%  F1=0.0000  MCC=0.0000  Train=0.012s  Test=0.004s  Peak RAM=3.122 MB
2026-03-22 17:00:05 | INFO | [ncluster=64/64] AUC-ROC=50.00%  AUC-PR=10.84%  F1=0.0000  MCC=0.0000  Train=0.013s  Test=0.003s  Peak RAM=3.123 MB
2026-03-22 17:00:05 | INFO | [ncluster=67/67] AUC-ROC=50.00%  AUC-PR=10.84%  F1=0.0000  MCC=0.0000  Train=0.013s  Test=0.004s  Peak RAM=3.123 MB
2026-03-22 17:00:05 | INFO | [ncluster=70/70] AUC-ROC=50.00%  AUC-PR=10.84%  F1=0.0000  MCC=0.0000  Train=0.013s  Test=0.005s  Peak RAM=3.122 MB
2026-03-22 17:00:05 | INFO | [ncluster=73/73] AUC-ROC=50.00%  AUC-PR=10.84%  F1=0.0000  MCC=0.0000  Train=0.013s  Test=0.004s  Peak RAM=3.122 MB
2026-03-22 17:00:05 | INFO | [ncluster=76/76] AUC-ROC=50.00%  AUC-PR=10.84%  F1=0.0000  MCC=0.0000  Train=0.013s  Test=0.004s  Peak RAM=3.119 MB
2026-03-22 17:00:05 | INFO | [ncluster=79/79] AUC-ROC=50.00%  AUC-PR=10.84%  F1=0.0000  MCC=0.0000  Train=0.013s  Test=0.005s  Peak RAM=3.123 MB
2026-03-22 17:00:05 | INFO | [ncluster=82/82] AUC-ROC=50.00%  AUC-PR=10.84%  F1=0.0000  MCC=0.0000  Train=0.014s  Test=0.004s  Peak RAM=3.121 MB
2026-03-22 17:00:05 | INFO | [ncluster=85/85] AUC-ROC=50.00%  AUC-PR=10.84%  F1=0.0000  MCC=0.0000  Train=0.014s  Test=0.005s  Peak RAM=3.123 MB
2026-03-22 17:00:05 | INFO | [ncluster=88/88] AUC-ROC=50.00%  AUC-PR=10.84%  F1=0.0000  MCC=0.0000  Train=0.014s  Test=0.004s  Peak RAM=3.12 MB
2026-03-22 17:00:05 | INFO | [ncluster=91/91] AUC-ROC=50.00%  AUC-PR=10.84%  F1=0.0000  MCC=0.0000  Train=0.015s  Test=0.004s  Peak RAM=3.123 MB
2026-03-22 17:00:05 | INFO | [ncluster=94/94] AUC-ROC=50.00%  AUC-PR=10.84%  F1=0.0000  MCC=0.0000  Train=0.015s  Test=0.005s  Peak RAM=3.121 MB
2026-03-22 17:00:05 | INFO | [ncluster=97/97] AUC-ROC=50.00%  AUC-PR=10.84%  F1=0.0000  MCC=0.0000  Train=0.015s  Test=0.004s  Peak RAM=3.124 MB
2026-03-22 17:00:05 | INFO | [ncluster=100/100] AUC-ROC=50.00%  AUC-PR=10.84%  F1=0.0000  MCC=0.0000  Train=0.015s  Test=0.005s  Peak RAM=3.121 MB
2026-03-22 17:00:05 | INFO | [ncluster=103/103] AUC-ROC=50.00%  AUC-PR=10.84%  F1=0.0000  MCC=0.0000  Train=0.017s  Test=0.005s  Peak RAM=3.124 MB
2026-03-22 17:00:05 | INFO | [ncluster=106/106] AUC-ROC=50.00%  AUC-PR=10.84%  F1=0.0000  MCC=0.0000  Train=0.016s  Test=0.004s  Peak RAM=3.121 MB
2026-03-22 17:00:05 | INFO | [ncluster=109/109] AUC-ROC=50.00%  AUC-PR=10.84%  F1=0.0000  MCC=0.0000  Train=0.017s  Test=0.005s  Peak RAM=3.125 MB
2026-03-22 17:00:05 | INFO | [ncluster=112/112] AUC-ROC=50.00%  AUC-PR=10.84%  F1=0.0000  MCC=0.0000  Train=0.016s  Test=0.007s  Peak RAM=3.121 MB
2026-03-22 17:00:05 | INFO | [ncluster=115/115] AUC-ROC=50.00%  AUC-PR=10.84%  F1=0.0000  MCC=0.0000  Train=0.018s  Test=0.005s  Peak RAM=3.123 MB
2026-03-22 17:00:05 | INFO | [ncluster=118/118] AUC-ROC=50.00%  AUC-PR=10.84%  F1=0.0000  MCC=0.0000  Train=0.017s  Test=0.005s  Peak RAM=3.121 MB
2026-03-22 17:00:05 | INFO | [ncluster=121/121] AUC-ROC=50.00%  AUC-PR=10.84%  F1=0.0000  MCC=0.0000  Train=0.017s  Test=0.004s  Peak RAM=3.125 MB
2026-03-22 17:00:05 | INFO | [ncluster=124/124] AUC-ROC=50.00%  AUC-PR=10.84%  F1=0.0000  MCC=0.0000  Train=0.016s  Test=0.005s  Peak RAM=3.122 MB
2026-03-22 17:00:05 | INFO | [ncluster=127/127] AUC-ROC=50.00%  AUC-PR=10.84%  F1=0.0000  MCC=0.0000  Train=0.018s  Test=0.006s  Peak RAM=3.126 MB
2026-03-22 17:00:05 | INFO | [ncluster=130/130] AUC-ROC=50.00%  AUC-PR=10.84%  F1=0.0000  MCC=0.0000  Train=0.018s  Test=0.005s  Peak RAM=3.124 MB
2026-03-22 17:00:05 | INFO | [ncluster=133/133] AUC-ROC=50.00%  AUC-PR=10.84%  F1=0.0000  MCC=0.0000  Train=0.019s  Test=0.005s  Peak RAM=3.126 MB
2026-03-22 17:00:05 | INFO | [ncluster=136/136] AUC-ROC=50.00%  AUC-PR=10.84%  F1=0.0000  MCC=0.0000  Train=0.017s  Test=0.004s  Peak RAM=3.124 MB
2026-03-22 17:00:05 | INFO | [ncluster=139/139] AUC-ROC=50.00%  AUC-PR=10.84%  F1=0.0000  MCC=0.0000  Train=0.019s  Test=0.005s  Peak RAM=3.126 MB
2026-03-22 17:00:05 | INFO | [ncluster=142/142] AUC-ROC=50.00%  AUC-PR=10.84%  F1=0.0000  MCC=0.0000  Train=0.019s  Test=0.006s  Peak RAM=3.123 MB
2026-03-22 17:00:05 | INFO | [ncluster=145/145] AUC-ROC=50.00%  AUC-PR=10.84%  F1=0.0000  MCC=0.0000  Train=0.019s  Test=0.005s  Peak RAM=3.126 MB
2026-03-22 17:00:05 | INFO | [ncluster=148/148] AUC-ROC=50.00%  AUC-PR=10.84%  F1=0.0000  MCC=0.0000  Train=0.018s  Test=0.005s  Peak RAM=3.124 MB
2026-03-22 17:00:05 | INFO | [ncluster=151/151] AUC-ROC=50.00%  AUC-PR=10.84%  F1=0.0000  MCC=0.0000  Train=0.020s  Test=0.006s  Peak RAM=3.128 MB
2026-03-22 17:00:05 | INFO | [ncluster=154/154] AUC-ROC=50.00%  AUC-PR=10.84%  F1=0.0000  MCC=0.0000  Train=0.020s  Test=0.005s  Peak RAM=3.126 MB
2026-03-22 17:00:05 | INFO | [ncluster=157/157] AUC-ROC=50.00%  AUC-PR=10.84%  F1=0.0000  MCC=0.0000  Train=0.019s  Test=0.006s  Peak RAM=3.127 MB
2026-03-22 17:00:05 | INFO | [ncluster=160/160] AUC-ROC=50.00%  AUC-PR=10.84%  F1=0.0000  MCC=0.0000  Train=0.020s  Test=0.005s  Peak RAM=3.124 MB
2026-03-22 17:00:05 | INFO | [ncluster=163/163] AUC-ROC=50.00%  AUC-PR=10.84%  F1=0.0000  MCC=0.0000  Train=0.021s  Test=0.005s  Peak RAM=3.127 MB
2026-03-22 17:00:05 | INFO | [ncluster=166/166] AUC-ROC=50.00%  AUC-PR=10.84%  F1=0.0000  MCC=0.0000  Train=0.021s  Test=0.006s  Peak RAM=3.125 MB
2026-03-22 17:00:05 | INFO | [ncluster=169/169] AUC-ROC=50.00%  AUC-PR=10.84%  F1=0.0000  MCC=0.0000  Train=0.020s  Test=0.005s  Peak RAM=3.128 MB
2026-03-22 17:00:05 | INFO | [ncluster=172/172] AUC-ROC=50.00%  AUC-PR=10.84%  F1=0.0000  MCC=0.0000  Train=0.021s  Test=0.006s  Peak RAM=3.126 MB
2026-03-22 17:00:05 | INFO | [ncluster=175/175] AUC-ROC=50.00%  AUC-PR=10.84%  F1=0.0000  MCC=0.0000  Train=0.023s  Test=0.006s  Peak RAM=3.128 MB
2026-03-22 17:00:05 | INFO | [ncluster=178/178] AUC-ROC=50.00%  AUC-PR=10.84%  F1=0.0000  MCC=0.0000  Train=0.022s  Test=0.005s  Peak RAM=3.126 MB
2026-03-22 17:00:05 | INFO | [ncluster=181/181] AUC-ROC=50.00%  AUC-PR=10.84%  F1=0.0000  MCC=0.0000  Train=0.023s  Test=0.006s  Peak RAM=3.129 MB
2026-03-22 17:00:05 | INFO | [ncluster=184/184] AUC-ROC=50.00%  AUC-PR=10.84%  F1=0.0000  MCC=0.0000  Train=0.023s  Test=0.005s  Peak RAM=3.126 MB
2026-03-22 17:00:05 | INFO | [ncluster=187/187] AUC-ROC=50.00%  AUC-PR=10.84%  F1=0.0000  MCC=0.0000  Train=0.023s  Test=0.006s  Peak RAM=3.128 MB
2026-03-22 17:00:05 | INFO | [ncluster=190/190] AUC-ROC=50.00%  AUC-PR=10.84%  F1=0.0000  MCC=0.0000  Train=0.023s  Test=0.006s  Peak RAM=3.126 MB
2026-03-22 17:00:05 | INFO | [ncluster=193/193] AUC-ROC=50.00%  AUC-PR=10.84%  F1=0.0000  MCC=0.0000  Train=0.024s  Test=0.005s  Peak RAM=3.129 MB
2026-03-22 17:00:05 | INFO | [ncluster=196/196] AUC-ROC=50.00%  AUC-PR=10.84%  F1=0.0000  MCC=0.0000  Train=0.023s  Test=0.006s  Peak RAM=3.127 MB
2026-03-22 17:00:05 | INFO | [ncluster=199/199] AUC-ROC=50.00%  AUC-PR=10.84%  F1=0.0000  MCC=0.0000  Train=0.025s  Test=0.006s  Peak RAM=3.131 MB
2026-03-22 17:00:05 | INFO | [ncluster=202/202] AUC-ROC=50.00%  AUC-PR=10.84%  F1=0.0000  MCC=0.0000  Train=0.024s  Test=0.006s  Peak RAM=3.129 MB
2026-03-22 17:00:05 | INFO | [ncluster=205/205] AUC-ROC=50.00%  AUC-PR=10.84%  F1=0.0000  MCC=0.0000  Train=0.025s  Test=0.006s  Peak RAM=3.13 MB
2026-03-22 17:00:05 | INFO | [ncluster=208/208] AUC-ROC=50.00%  AUC-PR=10.84%  F1=0.0000  MCC=0.0000  Train=0.024s  Test=0.005s  Peak RAM=3.128 MB
2026-03-22 17:00:05 | INFO | [ncluster=211/211] AUC-ROC=50.00%  AUC-PR=10.84%  F1=0.0000  MCC=0.0000  Train=0.025s  Test=0.006s  Peak RAM=3.13 MB
2026-03-22 17:00:05 | INFO | [ncluster=214/214] AUC-ROC=50.00%  AUC-PR=10.84%  F1=0.0000  MCC=0.0000  Train=0.025s  Test=0.007s  Peak RAM=3.128 MB
2026-03-22 17:00:05 | INFO | [ncluster=217/217] AUC-ROC=50.00%  AUC-PR=10.84%  F1=0.0000  MCC=0.0000  Train=0.024s  Test=0.006s  Peak RAM=3.13 MB
2026-03-22 17:00:05 | INFO | [ncluster=220/220] AUC-ROC=50.00%  AUC-PR=10.84%  F1=0.0000  MCC=0.0000  Train=0.026s  Test=0.006s  Peak RAM=3.133 MB
2026-03-22 17:00:05 | INFO | [ncluster=223/223] AUC-ROC=50.00%  AUC-PR=10.84%  F1=0.0000  MCC=0.0000  Train=0.024s  Test=0.007s  Peak RAM=3.131 MB
2026-03-22 17:00:05 | INFO | [ncluster=226/226] AUC-ROC=50.00%  AUC-PR=10.84%  F1=0.0000  MCC=0.0000  Train=0.025s  Test=0.009s  Peak RAM=3.131 MB
2026-03-22 17:00:05 | INFO | [ncluster=229/229] AUC-ROC=50.00%  AUC-PR=10.84%  F1=0.0000  MCC=0.0000  Train=0.026s  Test=0.007s  Peak RAM=3.132 MB
2026-03-22 17:00:05 | INFO | [ncluster=232/232] AUC-ROC=50.00%  AUC-PR=10.84%  F1=0.0000  MCC=0.0000  Train=0.028s  Test=0.006s  Peak RAM=3.132 MB
2026-03-22 17:00:05 | INFO | [ncluster=235/235] AUC-ROC=50.00%  AUC-PR=10.84%  F1=0.0000  MCC=0.0000  Train=0.028s  Test=0.006s  Peak RAM=3.132 MB
2026-03-22 17:00:05 | INFO | [ncluster=238/238] AUC-ROC=50.00%  AUC-PR=10.84%  F1=0.0000  MCC=0.0000  Train=0.027s  Test=0.007s  Peak RAM=3.132 MB
2026-03-22 17:00:05 | INFO | [ncluster=241/241] AUC-ROC=50.00%  AUC-PR=10.84%  F1=0.0000  MCC=0.0000  Train=0.029s  Test=0.006s  Peak RAM=3.131 MB
2026-03-22 17:00:05 | INFO | [ncluster=244/244] AUC-ROC=50.00%  AUC-PR=10.84%  F1=0.0000  MCC=0.0000  Train=0.029s  Test=0.006s  Peak RAM=3.133 MB
2026-03-22 17:00:05 | INFO | [ncluster=247/247] AUC-ROC=50.00%  AUC-PR=10.84%  F1=0.0000  MCC=0.0000  Train=0.028s  Test=0.007s  Peak RAM=3.134 MB
2026-03-22 17:00:05 | INFO | [ncluster=250/250] AUC-ROC=50.00%  AUC-PR=10.84%  F1=0.0000  MCC=0.0000  Train=0.030s  Test=0.006s  Peak RAM=3.134 MB
2026-03-22 17:00:05 | INFO | [ncluster=253/253] AUC-ROC=50.00%  AUC-PR=10.84%  F1=0.0000  MCC=0.0000  Train=0.026s  Test=0.007s  Peak RAM=3.132 MB
2026-03-22 17:00:05 | INFO | [ncluster=256/256] AUC-ROC=50.00%  AUC-PR=10.84%  F1=0.0000  MCC=0.0000  Train=0.030s  Test=0.006s  Peak RAM=3.134 MB
2026-03-22 17:00:05 | INFO | [ncluster=259/259] AUC-ROC=50.00%  AUC-PR=10.84%  F1=0.0000  MCC=0.0000  Train=0.027s  Test=0.007s  Peak RAM=3.133 MB
2026-03-22 17:00:05 | INFO | [ncluster=262/262] AUC-ROC=50.00%  AUC-PR=10.84%  F1=0.0000  MCC=0.0000  Train=0.028s  Test=0.007s  Peak RAM=3.134 MB
2026-03-22 17:00:05 | INFO | [ncluster=265/265] AUC-ROC=50.00%  AUC-PR=10.84%  F1=0.0000  MCC=0.0000  Train=0.029s  Test=0.006s  Peak RAM=3.135 MB
2026-03-22 17:00:05 | INFO | [ncluster=268/268] AUC-ROC=50.00%  AUC-PR=10.84%  F1=0.0000  MCC=0.0000  Train=0.031s  Test=0.007s  Peak RAM=3.134 MB
2026-03-22 17:00:05 | INFO | [ncluster=271/271] AUC-ROC=50.00%  AUC-PR=10.84%  F1=0.0000  MCC=0.0000  Train=0.040s  Test=0.008s  Peak RAM=3.135 MB
2026-03-22 17:00:05 | INFO | [ncluster=274/274] AUC-ROC=50.00%  AUC-PR=10.84%  F1=0.0000  MCC=0.0000  Train=0.030s  Test=0.007s  Peak RAM=3.134 MB
2026-03-22 17:00:05 | INFO | [ncluster=277/277] AUC-ROC=50.00%  AUC-PR=10.84%  F1=0.0000  MCC=0.0000  Train=0.032s  Test=0.007s  Peak RAM=3.134 MB
2026-03-22 17:00:05 | INFO | [ncluster=280/280] AUC-ROC=50.00%  AUC-PR=10.84%  F1=0.0000  MCC=0.0000  Train=0.032s  Test=0.006s  Peak RAM=3.135 MB
2026-03-22 17:00:05 | INFO | [ncluster=283/283] AUC-ROC=50.00%  AUC-PR=10.84%  F1=0.0000  MCC=0.0000  Train=0.031s  Test=0.007s  Peak RAM=3.136 MB
2026-03-22 17:00:05 | INFO | [ncluster=286/286] AUC-ROC=50.00%  AUC-PR=10.84%  F1=0.0000  MCC=0.0000  Train=0.033s  Test=0.007s  Peak RAM=3.136 MB
2026-03-22 17:00:05 | INFO | [ncluster=289/289] AUC-ROC=50.00%  AUC-PR=10.84%  F1=0.0000  MCC=0.0000  Train=0.029s  Test=0.007s  Peak RAM=3.136 MB
2026-03-22 17:00:05 | INFO | [ncluster=292/292] AUC-ROC=50.00%  AUC-PR=10.84%  F1=0.0000  MCC=0.0000  Train=0.033s  Test=0.007s  Peak RAM=3.135 MB
2026-03-22 17:00:05 | INFO | [ncluster=295/295] AUC-ROC=50.00%  AUC-PR=10.84%  F1=0.0000  MCC=0.0000  Train=0.032s  Test=0.008s  Peak RAM=3.136 MB
2026-03-22 17:00:05 | INFO | [ncluster=298/298] AUC-ROC=50.00%  AUC-PR=10.84%  F1=0.0000  MCC=0.0000  Train=0.033s  Test=0.007s  Peak RAM=3.136 MB
2026-03-22 17:00:05 | INFO | [ncluster=301/301] AUC-ROC=50.00%  AUC-PR=10.84%  F1=0.0000  MCC=0.0000  Train=0.033s  Test=0.007s  Peak RAM=3.137 MB
2026-03-22 17:00:05 | INFO | [ncluster=304/304] AUC-ROC=50.00%  AUC-PR=10.84%  F1=0.0000  MCC=0.0000  Train=0.034s  Test=0.006s  Peak RAM=3.137 MB
2026-03-22 17:00:05 | INFO | [ncluster=307/307] AUC-ROC=50.00%  AUC-PR=10.84%  F1=0.0000  MCC=0.0000  Train=0.035s  Test=0.007s  Peak RAM=3.137 MB
2026-03-22 17:00:05 | INFO | [ncluster=310/310] AUC-ROC=50.00%  AUC-PR=10.84%  F1=0.0000  MCC=0.0000  Train=0.034s  Test=0.008s  Peak RAM=3.136 MB
2026-03-22 17:00:05 | INFO | [ncluster=313/313] AUC-ROC=50.00%  AUC-PR=10.84%  F1=0.0000  MCC=0.0000  Train=0.035s  Test=0.007s  Peak RAM=3.136 MB
2026-03-22 17:00:05 | INFO | [ncluster=316/316] AUC-ROC=50.00%  AUC-PR=10.84%  F1=0.0000  MCC=0.0000  Train=0.035s  Test=0.007s  Peak RAM=3.137 MB
2026-03-22 17:00:05 | INFO | [ncluster=319/319] AUC-ROC=50.00%  AUC-PR=10.84%  F1=0.0000  MCC=0.0000  Train=0.034s  Test=0.008s  Peak RAM=3.139 MB
2026-03-22 17:00:05 | INFO | [ncluster=322/322] AUC-ROC=50.00%  AUC-PR=10.84%  F1=0.0000  MCC=0.0000  Train=0.035s  Test=0.007s  Peak RAM=3.139 MB
2026-03-22 17:00:05 | INFO | [ncluster=325/325] AUC-ROC=50.00%  AUC-PR=10.84%  F1=0.0000  MCC=0.0000  Train=0.035s  Test=0.008s  Peak RAM=3.138 MB
2026-03-22 17:00:05 | INFO | [ncluster=328/328] AUC-ROC=50.00%  AUC-PR=10.84%  F1=0.0000  MCC=0.0000  Train=0.033s  Test=0.007s  Peak RAM=3.138 MB
2026-03-22 17:00:05 | INFO | [ncluster=331/331] AUC-ROC=50.00%  AUC-PR=10.84%  F1=0.0000  MCC=0.0000  Train=0.035s  Test=0.008s  Peak RAM=3.138 MB
2026-03-22 17:00:05 | INFO | [ncluster=334/334] AUC-ROC=50.00%  AUC-PR=10.84%  F1=0.0000  MCC=0.0000  Train=0.036s  Test=0.008s  Peak RAM=3.139 MB
2026-03-22 17:00:05 | INFO | [ncluster=337/337] AUC-ROC=50.00%  AUC-PR=10.84%  F1=0.0000  MCC=0.0000  Train=0.036s  Test=0.007s  Peak RAM=3.139 MB
2026-03-22 17:00:05 | INFO | [ncluster=340/340] AUC-ROC=50.00%  AUC-PR=10.84%  F1=0.0000  MCC=0.0000  Train=0.038s  Test=0.008s  Peak RAM=3.138 MB
2026-03-22 17:00:05 | INFO | [ncluster=343/343] AUC-ROC=50.00%  AUC-PR=10.84%  F1=0.0000  MCC=0.0000  Train=0.038s  Test=0.008s  Peak RAM=3.139 MB
2026-03-22 17:00:05 | INFO | [ncluster=346/346] AUC-ROC=50.00%  AUC-PR=10.84%  F1=0.0000  MCC=0.0000  Train=0.037s  Test=0.008s  Peak RAM=3.139 MB
2026-03-22 17:00:05 | INFO | [ncluster=349/349] AUC-ROC=50.00%  AUC-PR=10.84%  F1=0.0000  MCC=0.0000  Train=0.038s  Test=0.008s  Peak RAM=3.139 MB
2026-03-22 17:00:05 | INFO | [ncluster=352/352] AUC-ROC=50.00%  AUC-PR=10.84%  F1=0.0000  MCC=0.0000  Train=0.038s  Test=0.007s  Peak RAM=3.14 MB
2026-03-22 17:00:05 | INFO | [ncluster=355/355] AUC-ROC=50.00%  AUC-PR=10.84%  F1=0.0000  MCC=0.0000  Train=0.038s  Test=0.008s  Peak RAM=3.14 MB
2026-03-22 17:00:05 | INFO | [ncluster=358/358] AUC-ROC=50.00%  AUC-PR=10.84%  F1=0.0000  MCC=0.0000  Train=0.039s  Test=0.008s  Peak RAM=3.141 MB
2026-03-22 17:00:05 | INFO | [ncluster=361/361] AUC-ROC=50.00%  AUC-PR=10.84%  F1=0.0000  MCC=0.0000  Train=0.039s  Test=0.008s  Peak RAM=3.142 MB
2026-03-22 17:00:05 | INFO | [ncluster=364/364] AUC-ROC=50.00%  AUC-PR=10.84%  F1=0.0000  MCC=0.0000  Train=0.035s  Test=0.008s  Peak RAM=3.14 MB
2026-03-22 17:00:05 | INFO | [ncluster=367/367] AUC-ROC=50.00%  AUC-PR=10.84%  F1=0.0000  MCC=0.0000  Train=0.038s  Test=0.009s  Peak RAM=3.14 MB
2026-03-22 17:00:05 | INFO | [ncluster=370/370] AUC-ROC=50.00%  AUC-PR=10.84%  F1=0.0000  MCC=0.0000  Train=0.038s  Test=0.008s  Peak RAM=3.142 MB
2026-03-22 17:00:05 | INFO | [ncluster=373/373] AUC-ROC=50.00%  AUC-PR=10.84%  F1=0.0000  MCC=0.0000  Train=0.036s  Test=0.009s  Peak RAM=3.141 MB
2026-03-22 17:00:05 | INFO | [ncluster=376/376] AUC-ROC=50.00%  AUC-PR=10.84%  F1=0.0000  MCC=0.0000  Train=0.041s  Test=0.008s  Peak RAM=3.141 MB
2026-03-22 17:00:05 | INFO | [ncluster=379/379] AUC-ROC=50.00%  AUC-PR=10.84%  F1=0.0000  MCC=0.0000  Train=0.041s  Test=0.008s  Peak RAM=3.141 MB
2026-03-22 17:00:05 | INFO | [ncluster=382/382] AUC-ROC=50.00%  AUC-PR=10.84%  F1=0.0000  MCC=0.0000  Train=0.040s  Test=0.009s  Peak RAM=3.14 MB
2026-03-22 17:00:05 | INFO | [ncluster=385/385] AUC-ROC=50.00%  AUC-PR=10.84%  F1=0.0000  MCC=0.0000  Train=0.041s  Test=0.008s  Peak RAM=3.141 MB
2026-03-22 17:00:05 | INFO | [ncluster=388/388] AUC-ROC=50.00%  AUC-PR=10.84%  F1=0.0000  MCC=0.0000  Train=0.041s  Test=0.008s  Peak RAM=3.142 MB
2026-03-22 17:00:05 | INFO | [ncluster=391/391] AUC-ROC=50.00%  AUC-PR=10.84%  F1=0.0000  MCC=0.0000  Train=0.041s  Test=0.009s  Peak RAM=3.142 MB
2026-03-22 17:00:05 | INFO | [ncluster=394/394] AUC-ROC=50.00%  AUC-PR=10.84%  F1=0.0000  MCC=0.0000  Train=0.039s  Test=0.008s  Peak RAM=3.143 MB
2026-03-22 17:00:05 | INFO | [ncluster=397/397] AUC-ROC=50.00%  AUC-PR=10.84%  F1=0.0000  MCC=0.0000  Train=0.042s  Test=0.009s  Peak RAM=3.143 MB
2026-03-22 17:00:05 | INFO | [ncluster=400/400] AUC-ROC=50.00%  AUC-PR=10.84%  F1=0.0000  MCC=0.0000  Train=0.039s  Test=0.008s  Peak RAM=3.143 MB
2026-03-22 17:00:05 | INFO | [ncluster=403/403] AUC-ROC=50.00%  AUC-PR=10.84%  F1=0.0000  MCC=0.0000  Train=0.042s  Test=0.008s  Peak RAM=3.143 MB
2026-03-22 17:00:05 | INFO | [ncluster=406/406] AUC-ROC=50.00%  AUC-PR=10.84%  F1=0.0000  MCC=0.0000  Train=0.041s  Test=0.009s  Peak RAM=3.142 MB
2026-03-22 17:00:05 | INFO | [ncluster=409/409] AUC-ROC=50.00%  AUC-PR=10.84%  F1=0.0000  MCC=0.0000  Train=0.041s  Test=0.008s  Peak RAM=3.148 MB
2026-03-22 17:00:05 | INFO | [ncluster=412/412] AUC-ROC=50.00%  AUC-PR=10.84%  F1=0.0000  MCC=0.0000  Train=0.044s  Test=0.009s  Peak RAM=3.142 MB
2026-03-22 17:00:05 | INFO | [ncluster=415/415] AUC-ROC=50.00%  AUC-PR=10.84%  F1=0.0000  MCC=0.0000  Train=0.047s  Test=0.009s  Peak RAM=3.143 MB
2026-03-22 17:00:05 | INFO | [ncluster=418/418] AUC-ROC=50.00%  AUC-PR=10.84%  F1=0.0000  MCC=0.0000  Train=0.043s  Test=0.008s  Peak RAM=3.143 MB
2026-03-22 17:00:05 | INFO | [ncluster=421/421] AUC-ROC=50.00%  AUC-PR=10.84%  F1=0.0000  MCC=0.0000  Train=0.044s  Test=0.009s  Peak RAM=3.143 MB
2026-03-22 17:00:05 | INFO | [ncluster=424/424] AUC-ROC=50.00%  AUC-PR=10.84%  F1=0.0000  MCC=0.0000  Train=0.044s  Test=0.008s  Peak RAM=3.144 MB
2026-03-22 17:00:05 | INFO | [ncluster=427/427] AUC-ROC=50.00%  AUC-PR=10.84%  F1=0.0000  MCC=0.0000  Train=0.044s  Test=0.009s  Peak RAM=3.148 MB
2026-03-22 17:00:05 | INFO | [ncluster=430/430] AUC-ROC=50.00%  AUC-PR=10.84%  F1=0.0000  MCC=0.0000  Train=0.045s  Test=0.009s  Peak RAM=3.145 MB
2026-03-22 17:00:05 | INFO | [ncluster=433/433] AUC-ROC=50.00%  AUC-PR=10.84%  F1=0.0000  MCC=0.0000  Train=0.045s  Test=0.008s  Peak RAM=3.145 MB
2026-03-22 17:00:05 | INFO | [ncluster=436/436] AUC-ROC=50.00%  AUC-PR=10.84%  F1=0.0000  MCC=0.0000  Train=0.044s  Test=0.009s  Peak RAM=3.148 MB
2026-03-22 17:00:05 | INFO | [ncluster=439/439] AUC-ROC=50.00%  AUC-PR=10.84%  F1=0.0000  MCC=0.0000  Train=0.045s  Test=0.009s  Peak RAM=3.149 MB
2026-03-22 17:00:05 | INFO | [ncluster=442/442] AUC-ROC=50.00%  AUC-PR=10.84%  F1=0.0000  MCC=0.0000  Train=0.044s  Test=0.009s  Peak RAM=3.146 MB
2026-03-22 17:00:05 | INFO | [ncluster=445/445] AUC-ROC=50.00%  AUC-PR=10.84%  F1=0.0000  MCC=0.0000  Train=0.043s  Test=0.010s  Peak RAM=3.147 MB
2026-03-22 17:00:05 | INFO | [ncluster=448/448] AUC-ROC=50.00%  AUC-PR=10.84%  F1=0.0000  MCC=0.0000  Train=0.047s  Test=0.008s  Peak RAM=3.149 MB
2026-03-22 17:00:05 | INFO | [ncluster=451/451] AUC-ROC=50.00%  AUC-PR=10.84%  F1=0.0000  MCC=0.0000  Train=0.047s  Test=0.009s  Peak RAM=3.145 MB
2026-03-22 17:00:05 | INFO | [ncluster=454/454] AUC-ROC=50.00%  AUC-PR=10.84%  F1=0.0000  MCC=0.0000  Train=0.046s  Test=0.010s  Peak RAM=3.148 MB
2026-03-22 17:00:05 | INFO | [ncluster=457/457] AUC-ROC=50.00%  AUC-PR=10.84%  F1=0.0000  MCC=0.0000  Train=0.048s  Test=0.009s  Peak RAM=3.147 MB
2026-03-22 17:00:05 | INFO | [ncluster=460/460] AUC-ROC=50.00%  AUC-PR=10.84%  F1=0.0000  MCC=0.0000  Train=0.047s  Test=0.009s  Peak RAM=3.153 MB
2026-03-22 17:00:05 | INFO | [ncluster=463/463] AUC-ROC=50.00%  AUC-PR=10.84%  F1=0.0000  MCC=0.0000  Train=0.044s  Test=0.010s  Peak RAM=3.153 MB
2026-03-22 17:00:05 | INFO | [ncluster=466/466] AUC-ROC=50.00%  AUC-PR=10.84%  F1=0.0000  MCC=0.0000  Train=0.048s  Test=0.009s  Peak RAM=3.148 MB
2026-03-22 17:00:05 | INFO | [ncluster=469/469] AUC-ROC=50.00%  AUC-PR=10.84%  F1=0.0000  MCC=0.0000  Train=0.049s  Test=0.010s  Peak RAM=3.152 MB
2026-03-22 17:00:05 | INFO | [ncluster=472/472] AUC-ROC=50.00%  AUC-PR=10.84%  F1=0.0000  MCC=0.0000  Train=0.044s  Test=0.009s  Peak RAM=3.147 MB
2026-03-22 17:00:05 | INFO | [ncluster=475/475] AUC-ROC=50.00%  AUC-PR=10.84%  F1=0.0000  MCC=0.0000  Train=0.048s  Test=0.009s  Peak RAM=3.152 MB
2026-03-22 17:00:05 | INFO | [ncluster=478/478] AUC-ROC=50.00%  AUC-PR=10.84%  F1=0.0000  MCC=0.0000  Train=0.030s  Test=0.008s  Peak RAM=3.153 MB
2026-03-22 17:00:05 | INFO | [ncluster=481/481] AUC-ROC=50.00%  AUC-PR=10.84%  F1=0.0000  MCC=0.0000  Train=0.032s  Test=0.007s  Peak RAM=3.149 MB
2026-03-22 17:00:05 | INFO | [ncluster=484/484] AUC-ROC=50.00%  AUC-PR=10.84%  F1=0.0000  MCC=0.0000  Train=0.030s  Test=0.007s  Peak RAM=3.15 MB
2026-03-22 17:00:05 | INFO | [ncluster=487/487] AUC-ROC=50.00%  AUC-PR=10.84%  F1=0.0000  MCC=0.0000  Train=0.031s  Test=0.008s  Peak RAM=3.153 MB
2026-03-22 17:00:05 | INFO | [ncluster=490/490] AUC-ROC=50.00%  AUC-PR=10.84%  F1=0.0000  MCC=0.0000  Train=0.031s  Test=0.007s  Peak RAM=3.148 MB
2026-03-22 17:00:05 | INFO | [ncluster=493/493] AUC-ROC=50.00%  AUC-PR=10.84%  F1=0.0000  MCC=0.0000  Train=0.031s  Test=0.007s  Peak RAM=3.148 MB
2026-03-22 17:00:05 | INFO | [ncluster=496/496] AUC-ROC=50.00%  AUC-PR=10.84%  F1=0.0000  MCC=0.0000  Train=0.031s  Test=0.007s  Peak RAM=3.15 MB
2026-03-22 17:00:05 | INFO | [ncluster=499/499] AUC-ROC=50.00%  AUC-PR=10.84%  F1=0.0000  MCC=0.0000  Train=0.031s  Test=0.007s  Peak RAM=3.15 MB
2026-03-22 17:00:05 | INFO | --- noise=3% ---
2026-03-22 17:00:05 | INFO | ============================================================
2026-03-22 17:00:05 | INFO | Dataset  : Train_QuantileTransformer_data_BoTIoT.csv
2026-03-22 17:00:05 | INFO | Scaler   : QuantileTransformer
2026-03-22 17:00:05 | INFO | Noise    : 3%
2026-03-22 17:00:05 | INFO | nClusters: 167 values (1..499)
2026-03-22 17:00:05 | INFO | ============================================================
2026-03-22 17:00:05 | INFO | Loaded Raw Shape -> Train: (7257, 27), Test: (16815, 27)
2026-03-22 17:00:05 | INFO | Dropped metadata features: ['pkSeqID', 'stime', 'ltime', 'seq', 'saddr', 'daddr', 'sport', 'dport', 'state', 'flgs', 'proto']
2026-03-22 17:00:05 | INFO | Dropped metadata features: ['pkSeqID', 'stime', 'ltime', 'seq', 'saddr', 'daddr', 'sport', 'dport', 'state', 'flgs', 'proto']
2026-03-22 17:00:05 | INFO | Training size : 7,474  |  Testing size: 16,598  |  Features: 15
2026-03-22 17:00:05 | INFO | Firing up Parallel execution for 167 cluster configs...
2026-03-22 17:01:11 | INFO | [ncluster=1/1] AUC-ROC=50.00%  AUC-PR=10.94%  F1=0.0000  MCC=0.0000  Train=0.006s  Test=0.003s  Peak RAM=3.177 MB
2026-03-22 17:01:11 | INFO | [ncluster=4/4] AUC-ROC=50.00%  AUC-PR=10.94%  F1=0.0000  MCC=0.0000  Train=0.008s  Test=0.003s  Peak RAM=3.179 MB
2026-03-22 17:01:11 | INFO | [ncluster=7/7] AUC-ROC=50.00%  AUC-PR=10.94%  F1=0.0000  MCC=0.0000  Train=0.007s  Test=0.004s  Peak RAM=3.179 MB
2026-03-22 17:01:11 | INFO | [ncluster=10/10] AUC-ROC=50.00%  AUC-PR=10.94%  F1=0.0000  MCC=0.0000  Train=0.007s  Test=0.003s  Peak RAM=3.179 MB
2026-03-22 17:01:11 | INFO | [ncluster=13/13] AUC-ROC=50.00%  AUC-PR=10.94%  F1=0.0000  MCC=0.0000  Train=0.008s  Test=0.004s  Peak RAM=3.181 MB
2026-03-22 17:01:11 | INFO | [ncluster=16/16] AUC-ROC=50.00%  AUC-PR=10.94%  F1=0.0000  MCC=0.0000  Train=0.008s  Test=0.003s  Peak RAM=3.182 MB
2026-03-22 17:01:11 | INFO | [ncluster=19/19] AUC-ROC=50.00%  AUC-PR=10.94%  F1=0.0000  MCC=0.0000  Train=0.009s  Test=0.003s  Peak RAM=3.179 MB
2026-03-22 17:01:11 | INFO | [ncluster=22/22] AUC-ROC=50.00%  AUC-PR=10.94%  F1=0.0000  MCC=0.0000  Train=0.010s  Test=0.004s  Peak RAM=3.181 MB
2026-03-22 17:01:11 | INFO | [ncluster=25/25] AUC-ROC=50.00%  AUC-PR=10.94%  F1=0.0000  MCC=0.0000  Train=0.009s  Test=0.003s  Peak RAM=3.18 MB
2026-03-22 17:01:11 | INFO | [ncluster=28/28] AUC-ROC=50.00%  AUC-PR=10.94%  F1=0.0000  MCC=0.0000  Train=0.010s  Test=0.004s  Peak RAM=3.18 MB
2026-03-22 17:01:11 | INFO | [ncluster=31/31] AUC-ROC=50.00%  AUC-PR=10.94%  F1=0.0000  MCC=0.0000  Train=0.011s  Test=0.004s  Peak RAM=3.181 MB
2026-03-22 17:01:11 | INFO | [ncluster=34/34] AUC-ROC=50.00%  AUC-PR=10.94%  F1=0.0000  MCC=0.0000  Train=0.011s  Test=0.004s  Peak RAM=3.182 MB
2026-03-22 17:01:11 | INFO | [ncluster=37/37] AUC-ROC=50.00%  AUC-PR=10.94%  F1=0.0000  MCC=0.0000  Train=0.010s  Test=0.004s  Peak RAM=3.182 MB
2026-03-22 17:01:11 | INFO | [ncluster=40/40] AUC-ROC=50.00%  AUC-PR=10.94%  F1=0.0000  MCC=0.0000  Train=0.012s  Test=0.003s  Peak RAM=3.183 MB
2026-03-22 17:01:11 | INFO | [ncluster=43/43] AUC-ROC=50.00%  AUC-PR=10.94%  F1=0.0000  MCC=0.0000  Train=0.010s  Test=0.004s  Peak RAM=3.182 MB
2026-03-22 17:01:11 | INFO | [ncluster=46/46] AUC-ROC=50.00%  AUC-PR=10.94%  F1=0.0000  MCC=0.0000  Train=0.011s  Test=0.004s  Peak RAM=3.181 MB
2026-03-22 17:01:11 | INFO | [ncluster=49/49] AUC-ROC=50.00%  AUC-PR=10.94%  F1=0.0000  MCC=0.0000  Train=0.011s  Test=0.004s  Peak RAM=3.185 MB
2026-03-22 17:01:11 | INFO | [ncluster=52/52] AUC-ROC=50.00%  AUC-PR=10.94%  F1=0.0000  MCC=0.0000  Train=0.011s  Test=0.004s  Peak RAM=3.181 MB
2026-03-22 17:01:11 | INFO | [ncluster=55/55] AUC-ROC=50.00%  AUC-PR=10.94%  F1=0.0000  MCC=0.0000  Train=0.013s  Test=0.005s  Peak RAM=3.182 MB
2026-03-22 17:01:11 | INFO | [ncluster=58/58] AUC-ROC=50.00%  AUC-PR=10.94%  F1=0.0000  MCC=0.0000  Train=0.013s  Test=0.004s  Peak RAM=3.183 MB
2026-03-22 17:01:11 | INFO | [ncluster=61/61] AUC-ROC=50.00%  AUC-PR=10.94%  F1=0.0000  MCC=0.0000  Train=0.012s  Test=0.004s  Peak RAM=3.182 MB
2026-03-22 17:01:11 | INFO | [ncluster=64/64] AUC-ROC=50.00%  AUC-PR=10.94%  F1=0.0000  MCC=0.0000  Train=0.013s  Test=0.003s  Peak RAM=3.182 MB
2026-03-22 17:01:11 | INFO | [ncluster=67/67] AUC-ROC=50.00%  AUC-PR=10.94%  F1=0.0000  MCC=0.0000  Train=0.014s  Test=0.004s  Peak RAM=3.184 MB
2026-03-22 17:01:11 | INFO | [ncluster=70/70] AUC-ROC=50.00%  AUC-PR=10.94%  F1=0.0000  MCC=0.0000  Train=0.014s  Test=0.005s  Peak RAM=3.184 MB
2026-03-22 17:01:11 | INFO | [ncluster=73/73] AUC-ROC=50.00%  AUC-PR=10.94%  F1=0.0000  MCC=0.0000  Train=0.013s  Test=0.004s  Peak RAM=3.184 MB
2026-03-22 17:01:11 | INFO | [ncluster=76/76] AUC-ROC=50.00%  AUC-PR=10.94%  F1=0.0000  MCC=0.0000  Train=0.013s  Test=0.004s  Peak RAM=3.181 MB
2026-03-22 17:01:11 | INFO | [ncluster=79/79] AUC-ROC=50.00%  AUC-PR=10.94%  F1=0.0000  MCC=0.0000  Train=0.015s  Test=0.005s  Peak RAM=3.185 MB
2026-03-22 17:01:11 | INFO | [ncluster=82/82] AUC-ROC=50.00%  AUC-PR=10.94%  F1=0.0000  MCC=0.0000  Train=0.014s  Test=0.004s  Peak RAM=3.181 MB
2026-03-22 17:01:11 | INFO | [ncluster=85/85] AUC-ROC=50.00%  AUC-PR=10.94%  F1=0.0000  MCC=0.0000  Train=0.014s  Test=0.005s  Peak RAM=3.184 MB
2026-03-22 17:01:11 | INFO | [ncluster=88/88] AUC-ROC=50.00%  AUC-PR=10.94%  F1=0.0000  MCC=0.0000  Train=0.014s  Test=0.004s  Peak RAM=3.183 MB
2026-03-22 17:01:11 | INFO | [ncluster=91/91] AUC-ROC=50.00%  AUC-PR=10.94%  F1=0.0000  MCC=0.0000  Train=0.014s  Test=0.004s  Peak RAM=3.183 MB
2026-03-22 17:01:11 | INFO | [ncluster=94/94] AUC-ROC=50.00%  AUC-PR=10.94%  F1=0.0000  MCC=0.0000  Train=0.015s  Test=0.005s  Peak RAM=3.182 MB
2026-03-22 17:01:11 | INFO | [ncluster=97/97] AUC-ROC=50.00%  AUC-PR=10.94%  F1=0.0000  MCC=0.0000  Train=0.016s  Test=0.004s  Peak RAM=3.187 MB
2026-03-22 17:01:11 | INFO | [ncluster=100/100] AUC-ROC=50.00%  AUC-PR=10.94%  F1=0.0000  MCC=0.0000  Train=0.016s  Test=0.005s  Peak RAM=3.184 MB
2026-03-22 17:01:11 | INFO | [ncluster=103/103] AUC-ROC=50.00%  AUC-PR=10.94%  F1=0.0000  MCC=0.0000  Train=0.015s  Test=0.005s  Peak RAM=3.186 MB
2026-03-22 17:01:11 | INFO | [ncluster=106/106] AUC-ROC=50.00%  AUC-PR=10.94%  F1=0.0000  MCC=0.0000  Train=0.016s  Test=0.004s  Peak RAM=3.183 MB
2026-03-22 17:01:11 | INFO | [ncluster=109/109] AUC-ROC=50.00%  AUC-PR=10.94%  F1=0.0000  MCC=0.0000  Train=0.018s  Test=0.005s  Peak RAM=3.185 MB
2026-03-22 17:01:11 | INFO | [ncluster=112/112] AUC-ROC=50.00%  AUC-PR=10.94%  F1=0.0000  MCC=0.0000  Train=0.015s  Test=0.004s  Peak RAM=3.184 MB
2026-03-22 17:01:11 | INFO | [ncluster=115/115] AUC-ROC=50.00%  AUC-PR=10.94%  F1=0.0000  MCC=0.0000  Train=0.018s  Test=0.005s  Peak RAM=3.186 MB
2026-03-22 17:01:11 | INFO | [ncluster=118/118] AUC-ROC=50.00%  AUC-PR=10.94%  F1=0.0000  MCC=0.0000  Train=0.017s  Test=0.005s  Peak RAM=3.183 MB
2026-03-22 17:01:11 | INFO | [ncluster=121/121] AUC-ROC=50.00%  AUC-PR=10.94%  F1=0.0000  MCC=0.0000  Train=0.017s  Test=0.005s  Peak RAM=3.185 MB
2026-03-22 17:01:11 | INFO | [ncluster=124/124] AUC-ROC=50.00%  AUC-PR=10.94%  F1=0.0000  MCC=0.0000  Train=0.017s  Test=0.005s  Peak RAM=3.184 MB
2026-03-22 17:01:11 | INFO | [ncluster=127/127] AUC-ROC=50.00%  AUC-PR=10.94%  F1=0.0000  MCC=0.0000  Train=0.019s  Test=0.006s  Peak RAM=3.186 MB
2026-03-22 17:01:11 | INFO | [ncluster=130/130] AUC-ROC=50.00%  AUC-PR=10.94%  F1=0.0000  MCC=0.0000  Train=0.017s  Test=0.005s  Peak RAM=3.183 MB
2026-03-22 17:01:11 | INFO | [ncluster=133/133] AUC-ROC=50.00%  AUC-PR=10.94%  F1=0.0000  MCC=0.0000  Train=0.020s  Test=0.005s  Peak RAM=3.187 MB
2026-03-22 17:01:11 | INFO | [ncluster=136/136] AUC-ROC=50.00%  AUC-PR=10.94%  F1=0.0000  MCC=0.0000  Train=0.018s  Test=0.004s  Peak RAM=3.185 MB
2026-03-22 17:01:11 | INFO | [ncluster=139/139] AUC-ROC=50.00%  AUC-PR=10.94%  F1=0.0000  MCC=0.0000  Train=0.019s  Test=0.005s  Peak RAM=3.188 MB
2026-03-22 17:01:11 | INFO | [ncluster=142/142] AUC-ROC=50.00%  AUC-PR=10.94%  F1=0.0000  MCC=0.0000  Train=0.019s  Test=0.006s  Peak RAM=3.186 MB
2026-03-22 17:01:11 | INFO | [ncluster=145/145] AUC-ROC=50.00%  AUC-PR=10.94%  F1=0.0000  MCC=0.0000  Train=0.019s  Test=0.005s  Peak RAM=3.189 MB
2026-03-22 17:01:11 | INFO | [ncluster=148/148] AUC-ROC=50.00%  AUC-PR=10.94%  F1=0.0000  MCC=0.0000  Train=0.020s  Test=0.005s  Peak RAM=3.186 MB
2026-03-22 17:01:11 | INFO | [ncluster=151/151] AUC-ROC=50.00%  AUC-PR=10.94%  F1=0.0000  MCC=0.0000  Train=0.021s  Test=0.006s  Peak RAM=3.189 MB
2026-03-22 17:01:11 | INFO | [ncluster=154/154] AUC-ROC=50.00%  AUC-PR=10.94%  F1=0.0000  MCC=0.0000  Train=0.026s  Test=0.007s  Peak RAM=3.186 MB
2026-03-22 17:01:11 | INFO | [ncluster=157/157] AUC-ROC=50.00%  AUC-PR=10.94%  F1=0.0000  MCC=0.0000  Train=0.021s  Test=0.006s  Peak RAM=3.189 MB
2026-03-22 17:01:11 | INFO | [ncluster=160/160] AUC-ROC=50.00%  AUC-PR=10.94%  F1=0.0000  MCC=0.0000  Train=0.021s  Test=0.005s  Peak RAM=3.187 MB
2026-03-22 17:01:11 | INFO | [ncluster=163/163] AUC-ROC=50.00%  AUC-PR=10.94%  F1=0.0000  MCC=0.0000  Train=0.021s  Test=0.005s  Peak RAM=3.19 MB
2026-03-22 17:01:11 | INFO | [ncluster=166/166] AUC-ROC=50.00%  AUC-PR=10.94%  F1=0.0000  MCC=0.0000  Train=0.021s  Test=0.006s  Peak RAM=3.188 MB
2026-03-22 17:01:11 | INFO | [ncluster=169/169] AUC-ROC=50.00%  AUC-PR=10.94%  F1=0.0000  MCC=0.0000  Train=0.022s  Test=0.005s  Peak RAM=3.19 MB
2026-03-22 17:01:11 | INFO | [ncluster=172/172] AUC-ROC=50.00%  AUC-PR=10.94%  F1=0.0000  MCC=0.0000  Train=0.022s  Test=0.006s  Peak RAM=3.188 MB
2026-03-22 17:01:11 | INFO | [ncluster=175/175] AUC-ROC=50.00%  AUC-PR=10.94%  F1=0.0000  MCC=0.0000  Train=0.022s  Test=0.006s  Peak RAM=3.191 MB
2026-03-22 17:01:11 | INFO | [ncluster=178/178] AUC-ROC=50.00%  AUC-PR=10.94%  F1=0.0000  MCC=0.0000  Train=0.022s  Test=0.005s  Peak RAM=3.188 MB
2026-03-22 17:01:11 | INFO | [ncluster=181/181] AUC-ROC=50.00%  AUC-PR=10.94%  F1=0.0000  MCC=0.0000  Train=0.024s  Test=0.006s  Peak RAM=3.19 MB
2026-03-22 17:01:11 | INFO | [ncluster=184/184] AUC-ROC=50.00%  AUC-PR=10.94%  F1=0.0000  MCC=0.0000  Train=0.023s  Test=0.005s  Peak RAM=3.188 MB
2026-03-22 17:01:11 | INFO | [ncluster=187/187] AUC-ROC=50.00%  AUC-PR=10.94%  F1=0.0000  MCC=0.0000  Train=0.024s  Test=0.006s  Peak RAM=3.19 MB
2026-03-22 17:01:11 | INFO | [ncluster=190/190] AUC-ROC=50.00%  AUC-PR=10.94%  F1=0.0000  MCC=0.0000  Train=0.022s  Test=0.006s  Peak RAM=3.188 MB
2026-03-22 17:01:11 | INFO | [ncluster=193/193] AUC-ROC=50.00%  AUC-PR=10.94%  F1=0.0000  MCC=0.0000  Train=0.023s  Test=0.005s  Peak RAM=3.19 MB
2026-03-22 17:01:11 | INFO | [ncluster=196/196] AUC-ROC=50.00%  AUC-PR=10.94%  F1=0.0000  MCC=0.0000  Train=0.022s  Test=0.006s  Peak RAM=3.188 MB
2026-03-22 17:01:11 | INFO | [ncluster=199/199] AUC-ROC=50.00%  AUC-PR=10.94%  F1=0.0000  MCC=0.0000  Train=0.025s  Test=0.007s  Peak RAM=3.191 MB
2026-03-22 17:01:11 | INFO | [ncluster=202/202] AUC-ROC=50.00%  AUC-PR=10.94%  F1=0.0000  MCC=0.0000  Train=0.024s  Test=0.006s  Peak RAM=3.188 MB
2026-03-22 17:01:11 | INFO | [ncluster=205/205] AUC-ROC=50.00%  AUC-PR=10.94%  F1=0.0000  MCC=0.0000  Train=0.026s  Test=0.006s  Peak RAM=3.192 MB
2026-03-22 17:01:11 | INFO | [ncluster=208/208] AUC-ROC=50.00%  AUC-PR=10.94%  F1=0.0000  MCC=0.0000  Train=0.025s  Test=0.005s  Peak RAM=3.19 MB
2026-03-22 17:01:11 | INFO | [ncluster=211/211] AUC-ROC=50.00%  AUC-PR=10.94%  F1=0.0000  MCC=0.0000  Train=0.026s  Test=0.006s  Peak RAM=3.194 MB
2026-03-22 17:01:11 | INFO | [ncluster=214/214] AUC-ROC=50.00%  AUC-PR=10.94%  F1=0.0000  MCC=0.0000  Train=0.025s  Test=0.007s  Peak RAM=3.191 MB
2026-03-22 17:01:11 | INFO | [ncluster=217/217] AUC-ROC=50.00%  AUC-PR=10.94%  F1=0.0000  MCC=0.0000  Train=0.025s  Test=0.006s  Peak RAM=3.192 MB
2026-03-22 17:01:11 | INFO | [ncluster=220/220] AUC-ROC=50.00%  AUC-PR=10.94%  F1=0.0000  MCC=0.0000  Train=0.028s  Test=0.006s  Peak RAM=3.193 MB
2026-03-22 17:01:11 | INFO | [ncluster=223/223] AUC-ROC=50.00%  AUC-PR=10.94%  F1=0.0000  MCC=0.0000  Train=0.026s  Test=0.007s  Peak RAM=3.193 MB
2026-03-22 17:01:11 | INFO | [ncluster=226/226] AUC-ROC=50.00%  AUC-PR=10.94%  F1=0.0000  MCC=0.0000  Train=0.027s  Test=0.006s  Peak RAM=3.193 MB
2026-03-22 17:01:11 | INFO | [ncluster=229/229] AUC-ROC=50.00%  AUC-PR=10.94%  F1=0.0000  MCC=0.0000  Train=0.027s  Test=0.007s  Peak RAM=3.193 MB
2026-03-22 17:01:11 | INFO | [ncluster=232/232] AUC-ROC=50.00%  AUC-PR=10.94%  F1=0.0000  MCC=0.0000  Train=0.027s  Test=0.005s  Peak RAM=3.194 MB
2026-03-22 17:01:11 | INFO | [ncluster=235/235] AUC-ROC=50.00%  AUC-PR=10.94%  F1=0.0000  MCC=0.0000  Train=0.027s  Test=0.006s  Peak RAM=3.193 MB
2026-03-22 17:01:11 | INFO | [ncluster=238/238] AUC-ROC=50.00%  AUC-PR=10.94%  F1=0.0000  MCC=0.0000  Train=0.027s  Test=0.007s  Peak RAM=3.194 MB
2026-03-22 17:01:11 | INFO | [ncluster=241/241] AUC-ROC=50.00%  AUC-PR=10.94%  F1=0.0000  MCC=0.0000  Train=0.029s  Test=0.006s  Peak RAM=3.194 MB
2026-03-22 17:01:11 | INFO | [ncluster=244/244] AUC-ROC=50.00%  AUC-PR=10.94%  F1=0.0000  MCC=0.0000  Train=0.028s  Test=0.007s  Peak RAM=3.195 MB
2026-03-22 17:01:11 | INFO | [ncluster=247/247] AUC-ROC=50.00%  AUC-PR=10.94%  F1=0.0000  MCC=0.0000  Train=0.030s  Test=0.007s  Peak RAM=3.194 MB
2026-03-22 17:01:11 | INFO | [ncluster=250/250] AUC-ROC=50.00%  AUC-PR=10.94%  F1=0.0000  MCC=0.0000  Train=0.030s  Test=0.006s  Peak RAM=3.193 MB
2026-03-22 17:01:11 | INFO | [ncluster=253/253] AUC-ROC=50.00%  AUC-PR=10.94%  F1=0.0000  MCC=0.0000  Train=0.029s  Test=0.007s  Peak RAM=3.194 MB
2026-03-22 17:01:11 | INFO | [ncluster=256/256] AUC-ROC=50.00%  AUC-PR=10.94%  F1=0.0000  MCC=0.0000  Train=0.030s  Test=0.006s  Peak RAM=3.196 MB
2026-03-22 17:01:11 | INFO | [ncluster=259/259] AUC-ROC=50.00%  AUC-PR=10.94%  F1=0.0000  MCC=0.0000  Train=0.029s  Test=0.007s  Peak RAM=3.196 MB
2026-03-22 17:01:11 | INFO | [ncluster=262/262] AUC-ROC=50.00%  AUC-PR=10.94%  F1=0.0000  MCC=0.0000  Train=0.031s  Test=0.007s  Peak RAM=3.198 MB
2026-03-22 17:01:11 | INFO | [ncluster=265/265] AUC-ROC=50.00%  AUC-PR=10.94%  F1=0.0000  MCC=0.0000  Train=0.030s  Test=0.006s  Peak RAM=3.195 MB
2026-03-22 17:01:11 | INFO | [ncluster=268/268] AUC-ROC=50.00%  AUC-PR=10.94%  F1=0.0000  MCC=0.0000  Train=0.030s  Test=0.007s  Peak RAM=3.196 MB
2026-03-22 17:01:11 | INFO | [ncluster=271/271] AUC-ROC=50.00%  AUC-PR=10.94%  F1=0.0000  MCC=0.0000  Train=0.031s  Test=0.007s  Peak RAM=3.195 MB
2026-03-22 17:01:11 | INFO | [ncluster=274/274] AUC-ROC=50.00%  AUC-PR=10.94%  F1=0.0000  MCC=0.0000  Train=0.031s  Test=0.007s  Peak RAM=3.197 MB
2026-03-22 17:01:11 | INFO | [ncluster=277/277] AUC-ROC=50.00%  AUC-PR=10.94%  F1=0.0000  MCC=0.0000  Train=0.032s  Test=0.007s  Peak RAM=3.197 MB
2026-03-22 17:01:11 | INFO | [ncluster=280/280] AUC-ROC=50.00%  AUC-PR=10.94%  F1=0.0000  MCC=0.0000  Train=0.031s  Test=0.006s  Peak RAM=3.197 MB
2026-03-22 17:01:11 | INFO | [ncluster=283/283] AUC-ROC=50.00%  AUC-PR=10.94%  F1=0.0000  MCC=0.0000  Train=0.033s  Test=0.007s  Peak RAM=3.197 MB
2026-03-22 17:01:11 | INFO | [ncluster=286/286] AUC-ROC=50.00%  AUC-PR=10.94%  F1=0.0000  MCC=0.0000  Train=0.033s  Test=0.007s  Peak RAM=3.196 MB
2026-03-22 17:01:11 | INFO | [ncluster=289/289] AUC-ROC=50.00%  AUC-PR=10.94%  F1=0.0000  MCC=0.0000  Train=0.032s  Test=0.007s  Peak RAM=3.198 MB
2026-03-22 17:01:11 | INFO | [ncluster=292/292] AUC-ROC=50.00%  AUC-PR=10.94%  F1=0.0000  MCC=0.0000  Train=0.033s  Test=0.007s  Peak RAM=3.199 MB
2026-03-22 17:01:11 | INFO | [ncluster=295/295] AUC-ROC=50.00%  AUC-PR=10.94%  F1=0.0000  MCC=0.0000  Train=0.032s  Test=0.008s  Peak RAM=3.197 MB
2026-03-22 17:01:11 | INFO | [ncluster=298/298] AUC-ROC=50.00%  AUC-PR=10.94%  F1=0.0000  MCC=0.0000  Train=0.034s  Test=0.007s  Peak RAM=3.198 MB
2026-03-22 17:01:11 | INFO | [ncluster=301/301] AUC-ROC=50.00%  AUC-PR=10.94%  F1=0.0000  MCC=0.0000  Train=0.033s  Test=0.008s  Peak RAM=3.199 MB
2026-03-22 17:01:11 | INFO | [ncluster=304/304] AUC-ROC=50.00%  AUC-PR=10.94%  F1=0.0000  MCC=0.0000  Train=0.033s  Test=0.007s  Peak RAM=3.198 MB
2026-03-22 17:01:11 | INFO | [ncluster=307/307] AUC-ROC=50.00%  AUC-PR=10.94%  F1=0.0000  MCC=0.0000  Train=0.035s  Test=0.007s  Peak RAM=3.198 MB
2026-03-22 17:01:11 | INFO | [ncluster=310/310] AUC-ROC=50.00%  AUC-PR=10.94%  F1=0.0000  MCC=0.0000  Train=0.033s  Test=0.008s  Peak RAM=3.199 MB
2026-03-22 17:01:11 | INFO | [ncluster=313/313] AUC-ROC=50.00%  AUC-PR=10.94%  F1=0.0000  MCC=0.0000  Train=0.035s  Test=0.007s  Peak RAM=3.199 MB
2026-03-22 17:01:11 | INFO | [ncluster=316/316] AUC-ROC=50.00%  AUC-PR=10.94%  F1=0.0000  MCC=0.0000  Train=0.034s  Test=0.007s  Peak RAM=3.198 MB
2026-03-22 17:01:11 | INFO | [ncluster=319/319] AUC-ROC=50.00%  AUC-PR=10.94%  F1=0.0000  MCC=0.0000  Train=0.036s  Test=0.008s  Peak RAM=3.2 MB
2026-03-22 17:01:11 | INFO | [ncluster=322/322] AUC-ROC=50.00%  AUC-PR=10.94%  F1=0.0000  MCC=0.0000  Train=0.036s  Test=0.007s  Peak RAM=3.198 MB
2026-03-22 17:01:11 | INFO | [ncluster=325/325] AUC-ROC=50.00%  AUC-PR=10.94%  F1=0.0000  MCC=0.0000  Train=0.035s  Test=0.008s  Peak RAM=3.2 MB
2026-03-22 17:01:11 | INFO | [ncluster=328/328] AUC-ROC=50.00%  AUC-PR=10.94%  F1=0.0000  MCC=0.0000  Train=0.037s  Test=0.007s  Peak RAM=3.2 MB
2026-03-22 17:01:11 | INFO | [ncluster=331/331] AUC-ROC=50.00%  AUC-PR=10.94%  F1=0.0000  MCC=0.0000  Train=0.035s  Test=0.011s  Peak RAM=3.199 MB
2026-03-22 17:01:11 | INFO | [ncluster=334/334] AUC-ROC=50.00%  AUC-PR=10.94%  F1=0.0000  MCC=0.0000  Train=0.037s  Test=0.008s  Peak RAM=3.201 MB
2026-03-22 17:01:11 | INFO | [ncluster=337/337] AUC-ROC=50.00%  AUC-PR=10.94%  F1=0.0000  MCC=0.0000  Train=0.036s  Test=0.007s  Peak RAM=3.201 MB
2026-03-22 17:01:11 | INFO | [ncluster=340/340] AUC-ROC=50.00%  AUC-PR=10.94%  F1=0.0000  MCC=0.0000  Train=0.036s  Test=0.008s  Peak RAM=3.2 MB
2026-03-22 17:01:11 | INFO | [ncluster=343/343] AUC-ROC=50.00%  AUC-PR=10.94%  F1=0.0000  MCC=0.0000  Train=0.037s  Test=0.009s  Peak RAM=3.2 MB
2026-03-22 17:01:11 | INFO | [ncluster=346/346] AUC-ROC=50.00%  AUC-PR=10.94%  F1=0.0000  MCC=0.0000  Train=0.037s  Test=0.008s  Peak RAM=3.202 MB
2026-03-22 17:01:11 | INFO | [ncluster=349/349] AUC-ROC=50.00%  AUC-PR=10.94%  F1=0.0000  MCC=0.0000  Train=0.038s  Test=0.008s  Peak RAM=3.201 MB
2026-03-22 17:01:11 | INFO | [ncluster=352/352] AUC-ROC=50.00%  AUC-PR=10.94%  F1=0.0000  MCC=0.0000  Train=0.037s  Test=0.007s  Peak RAM=3.2 MB
2026-03-22 17:01:11 | INFO | [ncluster=355/355] AUC-ROC=50.00%  AUC-PR=10.94%  F1=0.0000  MCC=0.0000  Train=0.039s  Test=0.008s  Peak RAM=3.201 MB
2026-03-22 17:01:11 | INFO | [ncluster=358/358] AUC-ROC=50.00%  AUC-PR=10.94%  F1=0.0000  MCC=0.0000  Train=0.039s  Test=0.008s  Peak RAM=3.201 MB
2026-03-22 17:01:11 | INFO | [ncluster=361/361] AUC-ROC=50.00%  AUC-PR=10.94%  F1=0.0000  MCC=0.0000  Train=0.039s  Test=0.008s  Peak RAM=3.201 MB
2026-03-22 17:01:11 | INFO | [ncluster=364/364] AUC-ROC=50.00%  AUC-PR=10.94%  F1=0.0000  MCC=0.0000  Train=0.038s  Test=0.008s  Peak RAM=3.202 MB
2026-03-22 17:01:11 | INFO | [ncluster=367/367] AUC-ROC=50.00%  AUC-PR=10.94%  F1=0.0000  MCC=0.0000  Train=0.040s  Test=0.009s  Peak RAM=3.202 MB
2026-03-22 17:01:11 | INFO | [ncluster=370/370] AUC-ROC=50.00%  AUC-PR=10.94%  F1=0.0000  MCC=0.0000  Train=0.040s  Test=0.008s  Peak RAM=3.203 MB
2026-03-22 17:01:11 | INFO | [ncluster=373/373] AUC-ROC=50.00%  AUC-PR=10.94%  F1=0.0000  MCC=0.0000  Train=0.040s  Test=0.008s  Peak RAM=3.202 MB
2026-03-22 17:01:11 | INFO | [ncluster=376/376] AUC-ROC=50.00%  AUC-PR=10.94%  F1=0.0000  MCC=0.0000  Train=0.040s  Test=0.007s  Peak RAM=3.203 MB
2026-03-22 17:01:11 | INFO | [ncluster=379/379] AUC-ROC=50.00%  AUC-PR=10.94%  F1=0.0000  MCC=0.0000  Train=0.038s  Test=0.008s  Peak RAM=3.203 MB
2026-03-22 17:01:11 | INFO | [ncluster=382/382] AUC-ROC=50.00%  AUC-PR=10.94%  F1=0.0000  MCC=0.0000  Train=0.040s  Test=0.009s  Peak RAM=3.204 MB
2026-03-22 17:01:11 | INFO | [ncluster=385/385] AUC-ROC=50.00%  AUC-PR=10.94%  F1=0.0000  MCC=0.0000  Train=0.041s  Test=0.008s  Peak RAM=3.203 MB
2026-03-22 17:01:11 | INFO | [ncluster=388/388] AUC-ROC=50.00%  AUC-PR=10.94%  F1=0.0000  MCC=0.0000  Train=0.042s  Test=0.008s  Peak RAM=3.204 MB
2026-03-22 17:01:11 | INFO | [ncluster=391/391] AUC-ROC=50.00%  AUC-PR=10.94%  F1=0.0000  MCC=0.0000  Train=0.041s  Test=0.009s  Peak RAM=3.203 MB
2026-03-22 17:01:11 | INFO | [ncluster=394/394] AUC-ROC=50.00%  AUC-PR=10.94%  F1=0.0000  MCC=0.0000  Train=0.043s  Test=0.008s  Peak RAM=3.203 MB
2026-03-22 17:01:11 | INFO | [ncluster=397/397] AUC-ROC=50.00%  AUC-PR=10.94%  F1=0.0000  MCC=0.0000  Train=0.042s  Test=0.009s  Peak RAM=3.204 MB
2026-03-22 17:01:11 | INFO | [ncluster=400/400] AUC-ROC=50.00%  AUC-PR=10.94%  F1=0.0000  MCC=0.0000  Train=0.043s  Test=0.008s  Peak RAM=3.204 MB
2026-03-22 17:01:11 | INFO | [ncluster=403/403] AUC-ROC=50.00%  AUC-PR=10.94%  F1=0.0000  MCC=0.0000  Train=0.042s  Test=0.008s  Peak RAM=3.206 MB
2026-03-22 17:01:11 | INFO | [ncluster=406/406] AUC-ROC=50.00%  AUC-PR=10.94%  F1=0.0000  MCC=0.0000  Train=0.043s  Test=0.009s  Peak RAM=3.205 MB
2026-03-22 17:01:11 | INFO | [ncluster=409/409] AUC-ROC=50.00%  AUC-PR=10.94%  F1=0.0000  MCC=0.0000  Train=0.048s  Test=0.008s  Peak RAM=3.205 MB
2026-03-22 17:01:11 | INFO | [ncluster=412/412] AUC-ROC=50.00%  AUC-PR=10.94%  F1=0.0000  MCC=0.0000  Train=0.043s  Test=0.009s  Peak RAM=3.205 MB
2026-03-22 17:01:11 | INFO | [ncluster=415/415] AUC-ROC=50.00%  AUC-PR=10.94%  F1=0.0000  MCC=0.0000  Train=0.041s  Test=0.009s  Peak RAM=3.205 MB
2026-03-22 17:01:11 | INFO | [ncluster=418/418] AUC-ROC=50.00%  AUC-PR=10.94%  F1=0.0000  MCC=0.0000  Train=0.043s  Test=0.008s  Peak RAM=3.207 MB
2026-03-22 17:01:11 | INFO | [ncluster=421/421] AUC-ROC=50.00%  AUC-PR=10.94%  F1=0.0000  MCC=0.0000  Train=0.045s  Test=0.009s  Peak RAM=3.205 MB
2026-03-22 17:01:11 | INFO | [ncluster=424/424] AUC-ROC=50.00%  AUC-PR=10.94%  F1=0.0000  MCC=0.0000  Train=0.045s  Test=0.008s  Peak RAM=3.206 MB
2026-03-22 17:01:11 | INFO | [ncluster=427/427] AUC-ROC=50.00%  AUC-PR=10.94%  F1=0.0000  MCC=0.0000  Train=0.044s  Test=0.009s  Peak RAM=3.205 MB
2026-03-22 17:01:11 | INFO | [ncluster=430/430] AUC-ROC=50.00%  AUC-PR=10.94%  F1=0.0000  MCC=0.0000  Train=0.045s  Test=0.009s  Peak RAM=3.205 MB
2026-03-22 17:01:11 | INFO | [ncluster=433/433] AUC-ROC=50.00%  AUC-PR=10.94%  F1=0.0000  MCC=0.0000  Train=0.045s  Test=0.009s  Peak RAM=3.206 MB
2026-03-22 17:01:11 | INFO | [ncluster=436/436] AUC-ROC=50.00%  AUC-PR=10.94%  F1=0.0000  MCC=0.0000  Train=0.046s  Test=0.009s  Peak RAM=3.206 MB
2026-03-22 17:01:11 | INFO | [ncluster=439/439] AUC-ROC=50.00%  AUC-PR=10.94%  F1=0.0000  MCC=0.0000  Train=0.045s  Test=0.010s  Peak RAM=3.207 MB
2026-03-22 17:01:11 | INFO | [ncluster=442/442] AUC-ROC=50.00%  AUC-PR=10.94%  F1=0.0000  MCC=0.0000  Train=0.046s  Test=0.009s  Peak RAM=3.209 MB
2026-03-22 17:01:11 | INFO | [ncluster=445/445] AUC-ROC=50.00%  AUC-PR=10.94%  F1=0.0000  MCC=0.0000  Train=0.046s  Test=0.016s  Peak RAM=3.206 MB
2026-03-22 17:01:11 | INFO | [ncluster=448/448] AUC-ROC=50.00%  AUC-PR=10.94%  F1=0.0000  MCC=0.0000  Train=0.046s  Test=0.008s  Peak RAM=3.208 MB
2026-03-22 17:01:11 | INFO | [ncluster=451/451] AUC-ROC=50.00%  AUC-PR=10.94%  F1=0.0000  MCC=0.0000  Train=0.044s  Test=0.009s  Peak RAM=3.207 MB
2026-03-22 17:01:11 | INFO | [ncluster=454/454] AUC-ROC=50.00%  AUC-PR=10.94%  F1=0.0000  MCC=0.0000  Train=0.047s  Test=0.010s  Peak RAM=3.209 MB
2026-03-22 17:01:11 | INFO | [ncluster=457/457] AUC-ROC=50.00%  AUC-PR=10.94%  F1=0.0000  MCC=0.0000  Train=0.048s  Test=0.009s  Peak RAM=3.208 MB
2026-03-22 17:01:11 | INFO | [ncluster=460/460] AUC-ROC=50.00%  AUC-PR=10.94%  F1=0.0000  MCC=0.0000  Train=0.047s  Test=0.010s  Peak RAM=3.208 MB
2026-03-22 17:01:11 | INFO | [ncluster=463/463] AUC-ROC=50.00%  AUC-PR=10.94%  F1=0.0000  MCC=0.0000  Train=0.047s  Test=0.010s  Peak RAM=3.208 MB
2026-03-22 17:01:11 | INFO | [ncluster=466/466] AUC-ROC=50.00%  AUC-PR=10.94%  F1=0.0000  MCC=0.0000  Train=0.045s  Test=0.009s  Peak RAM=3.207 MB
2026-03-22 17:01:11 | INFO | [ncluster=469/469] AUC-ROC=50.00%  AUC-PR=10.94%  F1=0.0000  MCC=0.0000  Train=0.048s  Test=0.010s  Peak RAM=3.208 MB
2026-03-22 17:01:11 | INFO | [ncluster=472/472] AUC-ROC=50.00%  AUC-PR=10.94%  F1=0.0000  MCC=0.0000  Train=0.046s  Test=0.009s  Peak RAM=3.209 MB
2026-03-22 17:01:11 | INFO | [ncluster=475/475] AUC-ROC=50.00%  AUC-PR=10.94%  F1=0.0000  MCC=0.0000  Train=0.048s  Test=0.009s  Peak RAM=3.209 MB
2026-03-22 17:01:11 | INFO | [ncluster=478/478] AUC-ROC=50.00%  AUC-PR=10.94%  F1=0.0000  MCC=0.0000  Train=0.031s  Test=0.008s  Peak RAM=3.21 MB
2026-03-22 17:01:11 | INFO | [ncluster=481/481] AUC-ROC=50.00%  AUC-PR=10.94%  F1=0.0000  MCC=0.0000  Train=0.031s  Test=0.007s  Peak RAM=3.209 MB
2026-03-22 17:01:11 | INFO | [ncluster=484/484] AUC-ROC=50.00%  AUC-PR=10.94%  F1=0.0000  MCC=0.0000  Train=0.031s  Test=0.007s  Peak RAM=3.209 MB
2026-03-22 17:01:11 | INFO | [ncluster=487/487] AUC-ROC=50.00%  AUC-PR=10.94%  F1=0.0000  MCC=0.0000  Train=0.032s  Test=0.008s  Peak RAM=3.208 MB
2026-03-22 17:01:11 | INFO | [ncluster=490/490] AUC-ROC=50.00%  AUC-PR=10.94%  F1=0.0000  MCC=0.0000  Train=0.031s  Test=0.007s  Peak RAM=3.21 MB
2026-03-22 17:01:11 | INFO | [ncluster=493/493] AUC-ROC=50.00%  AUC-PR=10.94%  F1=0.0000  MCC=0.0000  Train=0.035s  Test=0.008s  Peak RAM=3.21 MB
2026-03-22 17:01:11 | INFO | [ncluster=496/496] AUC-ROC=50.00%  AUC-PR=10.94%  F1=0.0000  MCC=0.0000  Train=0.031s  Test=0.007s  Peak RAM=3.211 MB
2026-03-22 17:01:11 | INFO | [ncluster=499/499] AUC-ROC=50.00%  AUC-PR=10.94%  F1=0.0000  MCC=0.0000  Train=0.030s  Test=0.007s  Peak RAM=3.211 MB
2026-03-22 17:01:11 | INFO | --- noise=5% ---
2026-03-22 17:01:11 | INFO | ============================================================
2026-03-22 17:01:11 | INFO | Dataset  : Train_QuantileTransformer_data_BoTIoT.csv
2026-03-22 17:01:11 | INFO | Scaler   : QuantileTransformer
2026-03-22 17:01:11 | INFO | Noise    : 5%
2026-03-22 17:01:11 | INFO | nClusters: 167 values (1..499)
2026-03-22 17:01:11 | INFO | ============================================================
2026-03-22 17:01:11 | INFO | Loaded Raw Shape -> Train: (7257, 27), Test: (16815, 27)
2026-03-22 17:01:11 | INFO | Dropped metadata features: ['pkSeqID', 'stime', 'ltime', 'seq', 'saddr', 'daddr', 'sport', 'dport', 'state', 'flgs', 'proto']
2026-03-22 17:01:11 | INFO | Dropped metadata features: ['pkSeqID', 'stime', 'ltime', 'seq', 'saddr', 'daddr', 'sport', 'dport', 'state', 'flgs', 'proto']
2026-03-22 17:01:11 | INFO | Training size : 7,619  |  Testing size: 16,453  |  Features: 15
2026-03-22 17:01:11 | INFO | Firing up Parallel execution for 167 cluster configs...
2026-03-22 17:02:17 | INFO | [ncluster=1/1] AUC-ROC=50.00%  AUC-PR=11.03%  F1=0.0000  MCC=0.0000  Train=0.008s  Test=0.003s  Peak RAM=3.238 MB
2026-03-22 17:02:17 | INFO | [ncluster=4/4] AUC-ROC=50.00%  AUC-PR=11.03%  F1=0.0000  MCC=0.0000  Train=0.007s  Test=0.003s  Peak RAM=3.24 MB
2026-03-22 17:02:17 | INFO | [ncluster=7/7] AUC-ROC=50.00%  AUC-PR=11.03%  F1=0.0000  MCC=0.0000  Train=0.009s  Test=0.004s  Peak RAM=3.24 MB
2026-03-22 17:02:17 | INFO | [ncluster=10/10] AUC-ROC=50.00%  AUC-PR=11.03%  F1=0.0000  MCC=0.0000  Train=0.009s  Test=0.003s  Peak RAM=3.242 MB
2026-03-22 17:02:17 | INFO | [ncluster=13/13] AUC-ROC=50.00%  AUC-PR=11.03%  F1=0.0000  MCC=0.0000  Train=0.008s  Test=0.004s  Peak RAM=3.24 MB
2026-03-22 17:02:17 | INFO | [ncluster=16/16] AUC-ROC=50.00%  AUC-PR=11.03%  F1=0.0000  MCC=0.0000  Train=0.008s  Test=0.003s  Peak RAM=3.24 MB
2026-03-22 17:02:17 | INFO | [ncluster=19/19] AUC-ROC=50.00%  AUC-PR=11.03%  F1=0.0000  MCC=0.0000  Train=0.008s  Test=0.003s  Peak RAM=3.241 MB
2026-03-22 17:02:17 | INFO | [ncluster=22/22] AUC-ROC=50.00%  AUC-PR=11.03%  F1=0.0000  MCC=0.0000  Train=0.010s  Test=0.004s  Peak RAM=3.241 MB
2026-03-22 17:02:17 | INFO | [ncluster=25/25] AUC-ROC=50.00%  AUC-PR=11.03%  F1=0.0000  MCC=0.0000  Train=0.009s  Test=0.003s  Peak RAM=3.242 MB
2026-03-22 17:02:17 | INFO | [ncluster=28/28] AUC-ROC=50.00%  AUC-PR=11.03%  F1=0.0000  MCC=0.0000  Train=0.010s  Test=0.004s  Peak RAM=3.242 MB
2026-03-22 17:02:17 | INFO | [ncluster=31/31] AUC-ROC=50.00%  AUC-PR=11.03%  F1=0.0000  MCC=0.0000  Train=0.011s  Test=0.004s  Peak RAM=3.242 MB
2026-03-22 17:02:17 | INFO | [ncluster=34/34] AUC-ROC=50.00%  AUC-PR=11.03%  F1=0.0000  MCC=0.0000  Train=0.010s  Test=0.004s  Peak RAM=3.242 MB
2026-03-22 17:02:17 | INFO | [ncluster=37/37] AUC-ROC=50.00%  AUC-PR=11.03%  F1=0.0000  MCC=0.0000  Train=0.011s  Test=0.004s  Peak RAM=3.241 MB
2026-03-22 17:02:17 | INFO | [ncluster=40/40] AUC-ROC=50.00%  AUC-PR=11.03%  F1=0.0000  MCC=0.0000  Train=0.010s  Test=0.003s  Peak RAM=3.242 MB
2026-03-22 17:02:17 | INFO | [ncluster=43/43] AUC-ROC=50.00%  AUC-PR=11.03%  F1=0.0000  MCC=0.0000  Train=0.012s  Test=0.004s  Peak RAM=3.243 MB
2026-03-22 17:02:17 | INFO | [ncluster=46/46] AUC-ROC=50.00%  AUC-PR=11.03%  F1=0.0000  MCC=0.0000  Train=0.011s  Test=0.004s  Peak RAM=3.243 MB
2026-03-22 17:02:17 | INFO | [ncluster=49/49] AUC-ROC=50.00%  AUC-PR=11.03%  F1=0.0000  MCC=0.0000  Train=0.011s  Test=0.004s  Peak RAM=3.244 MB
2026-03-22 17:02:17 | INFO | [ncluster=52/52] AUC-ROC=50.00%  AUC-PR=11.03%  F1=0.0000  MCC=0.0000  Train=0.011s  Test=0.004s  Peak RAM=3.244 MB
2026-03-22 17:02:17 | INFO | [ncluster=55/55] AUC-ROC=50.00%  AUC-PR=11.03%  F1=0.0000  MCC=0.0000  Train=0.011s  Test=0.005s  Peak RAM=3.244 MB
2026-03-22 17:02:17 | INFO | [ncluster=58/58] AUC-ROC=50.00%  AUC-PR=11.03%  F1=0.0000  MCC=0.0000  Train=0.013s  Test=0.004s  Peak RAM=3.243 MB
2026-03-22 17:02:17 | INFO | [ncluster=61/61] AUC-ROC=50.00%  AUC-PR=11.03%  F1=0.0000  MCC=0.0000  Train=0.012s  Test=0.004s  Peak RAM=3.244 MB
2026-03-22 17:02:17 | INFO | [ncluster=64/64] AUC-ROC=50.00%  AUC-PR=11.03%  F1=0.0000  MCC=0.0000  Train=0.014s  Test=0.004s  Peak RAM=3.244 MB
2026-03-22 17:02:17 | INFO | [ncluster=67/67] AUC-ROC=50.00%  AUC-PR=11.03%  F1=0.0000  MCC=0.0000  Train=0.015s  Test=0.004s  Peak RAM=3.244 MB
2026-03-22 17:02:17 | INFO | [ncluster=70/70] AUC-ROC=50.00%  AUC-PR=11.03%  F1=0.0000  MCC=0.0000  Train=0.013s  Test=0.005s  Peak RAM=3.244 MB
2026-03-22 17:02:17 | INFO | [ncluster=73/73] AUC-ROC=50.00%  AUC-PR=11.03%  F1=0.0000  MCC=0.0000  Train=0.013s  Test=0.004s  Peak RAM=3.244 MB
2026-03-22 17:02:17 | INFO | [ncluster=76/76] AUC-ROC=50.00%  AUC-PR=11.03%  F1=0.0000  MCC=0.0000  Train=0.013s  Test=0.004s  Peak RAM=3.242 MB
2026-03-22 17:02:17 | INFO | [ncluster=79/79] AUC-ROC=50.00%  AUC-PR=11.03%  F1=0.0000  MCC=0.0000  Train=0.014s  Test=0.005s  Peak RAM=3.245 MB
2026-03-22 17:02:17 | INFO | [ncluster=82/82] AUC-ROC=50.00%  AUC-PR=11.03%  F1=0.0000  MCC=0.0000  Train=0.014s  Test=0.004s  Peak RAM=3.243 MB
2026-03-22 17:02:17 | INFO | [ncluster=85/85] AUC-ROC=50.00%  AUC-PR=11.03%  F1=0.0000  MCC=0.0000  Train=0.016s  Test=0.005s  Peak RAM=3.248 MB
2026-03-22 17:02:17 | INFO | [ncluster=88/88] AUC-ROC=50.00%  AUC-PR=11.03%  F1=0.0000  MCC=0.0000  Train=0.014s  Test=0.004s  Peak RAM=3.244 MB
2026-03-22 17:02:17 | INFO | [ncluster=91/91] AUC-ROC=50.00%  AUC-PR=11.03%  F1=0.0000  MCC=0.0000  Train=0.016s  Test=0.004s  Peak RAM=3.247 MB
2026-03-22 17:02:17 | INFO | [ncluster=94/94] AUC-ROC=50.00%  AUC-PR=11.03%  F1=0.0000  MCC=0.0000  Train=0.014s  Test=0.005s  Peak RAM=3.245 MB
2026-03-22 17:02:17 | INFO | [ncluster=97/97] AUC-ROC=50.00%  AUC-PR=11.03%  F1=0.0000  MCC=0.0000  Train=0.015s  Test=0.004s  Peak RAM=3.247 MB
2026-03-22 17:02:17 | INFO | [ncluster=100/100] AUC-ROC=50.00%  AUC-PR=11.03%  F1=0.0000  MCC=0.0000  Train=0.015s  Test=0.005s  Peak RAM=3.244 MB
2026-03-22 17:02:17 | INFO | [ncluster=103/103] AUC-ROC=50.00%  AUC-PR=11.03%  F1=0.0000  MCC=0.0000  Train=0.016s  Test=0.005s  Peak RAM=3.246 MB
2026-03-22 17:02:17 | INFO | [ncluster=106/106] AUC-ROC=50.00%  AUC-PR=11.03%  F1=0.0000  MCC=0.0000  Train=0.015s  Test=0.004s  Peak RAM=3.244 MB
2026-03-22 17:02:17 | INFO | [ncluster=109/109] AUC-ROC=50.00%  AUC-PR=11.03%  F1=0.0000  MCC=0.0000  Train=0.016s  Test=0.005s  Peak RAM=3.247 MB
2026-03-22 17:02:17 | INFO | [ncluster=112/112] AUC-ROC=50.00%  AUC-PR=11.03%  F1=0.0000  MCC=0.0000  Train=0.017s  Test=0.004s  Peak RAM=3.244 MB
2026-03-22 17:02:17 | INFO | [ncluster=115/115] AUC-ROC=50.00%  AUC-PR=11.03%  F1=0.0000  MCC=0.0000  Train=0.019s  Test=0.005s  Peak RAM=3.247 MB
2026-03-22 17:02:17 | INFO | [ncluster=118/118] AUC-ROC=50.00%  AUC-PR=11.03%  F1=0.0000  MCC=0.0000  Train=0.016s  Test=0.005s  Peak RAM=3.245 MB
2026-03-22 17:02:17 | INFO | [ncluster=121/121] AUC-ROC=50.00%  AUC-PR=11.03%  F1=0.0000  MCC=0.0000  Train=0.018s  Test=0.005s  Peak RAM=3.248 MB
2026-03-22 17:02:17 | INFO | [ncluster=124/124] AUC-ROC=50.00%  AUC-PR=11.03%  F1=0.0000  MCC=0.0000  Train=0.018s  Test=0.005s  Peak RAM=3.246 MB
2026-03-22 17:02:17 | INFO | [ncluster=127/127] AUC-ROC=50.00%  AUC-PR=11.03%  F1=0.0000  MCC=0.0000  Train=0.020s  Test=0.006s  Peak RAM=3.248 MB
2026-03-22 17:02:17 | INFO | [ncluster=130/130] AUC-ROC=50.00%  AUC-PR=11.03%  F1=0.0000  MCC=0.0000  Train=0.018s  Test=0.005s  Peak RAM=3.246 MB
2026-03-22 17:02:17 | INFO | [ncluster=133/133] AUC-ROC=50.00%  AUC-PR=11.03%  F1=0.0000  MCC=0.0000  Train=0.019s  Test=0.005s  Peak RAM=3.248 MB
2026-03-22 17:02:17 | INFO | [ncluster=136/136] AUC-ROC=50.00%  AUC-PR=11.03%  F1=0.0000  MCC=0.0000  Train=0.019s  Test=0.004s  Peak RAM=3.246 MB
2026-03-22 17:02:17 | INFO | [ncluster=139/139] AUC-ROC=50.00%  AUC-PR=11.03%  F1=0.0000  MCC=0.0000  Train=0.018s  Test=0.005s  Peak RAM=3.248 MB
2026-03-22 17:02:17 | INFO | [ncluster=142/142] AUC-ROC=50.00%  AUC-PR=11.03%  F1=0.0000  MCC=0.0000  Train=0.019s  Test=0.006s  Peak RAM=3.246 MB
2026-03-22 17:02:17 | INFO | [ncluster=145/145] AUC-ROC=50.00%  AUC-PR=11.03%  F1=0.0000  MCC=0.0000  Train=0.021s  Test=0.005s  Peak RAM=3.248 MB
2026-03-22 17:02:17 | INFO | [ncluster=148/148] AUC-ROC=50.00%  AUC-PR=11.03%  F1=0.0000  MCC=0.0000  Train=0.020s  Test=0.005s  Peak RAM=3.246 MB
2026-03-22 17:02:17 | INFO | [ncluster=151/151] AUC-ROC=50.00%  AUC-PR=11.03%  F1=0.0000  MCC=0.0000  Train=0.020s  Test=0.006s  Peak RAM=3.249 MB
2026-03-22 17:02:17 | INFO | [ncluster=154/154] AUC-ROC=50.00%  AUC-PR=11.03%  F1=0.0000  MCC=0.0000  Train=0.020s  Test=0.005s  Peak RAM=3.247 MB
2026-03-22 17:02:17 | INFO | [ncluster=157/157] AUC-ROC=50.00%  AUC-PR=11.03%  F1=0.0000  MCC=0.0000  Train=0.022s  Test=0.006s  Peak RAM=3.25 MB
2026-03-22 17:02:17 | INFO | [ncluster=160/160] AUC-ROC=50.00%  AUC-PR=11.03%  F1=0.0000  MCC=0.0000  Train=0.021s  Test=0.005s  Peak RAM=3.248 MB
2026-03-22 17:02:17 | INFO | [ncluster=163/163] AUC-ROC=50.00%  AUC-PR=11.03%  F1=0.0000  MCC=0.0000  Train=0.022s  Test=0.005s  Peak RAM=3.251 MB
2026-03-22 17:02:17 | INFO | [ncluster=166/166] AUC-ROC=50.00%  AUC-PR=11.03%  F1=0.0000  MCC=0.0000  Train=0.020s  Test=0.006s  Peak RAM=3.249 MB
2026-03-22 17:02:17 | INFO | [ncluster=169/169] AUC-ROC=50.00%  AUC-PR=11.03%  F1=0.0000  MCC=0.0000  Train=0.020s  Test=0.005s  Peak RAM=3.251 MB
2026-03-22 17:02:17 | INFO | [ncluster=172/172] AUC-ROC=50.00%  AUC-PR=11.03%  F1=0.0000  MCC=0.0000  Train=0.022s  Test=0.006s  Peak RAM=3.249 MB
2026-03-22 17:02:17 | INFO | [ncluster=175/175] AUC-ROC=50.00%  AUC-PR=11.03%  F1=0.0000  MCC=0.0000  Train=0.022s  Test=0.006s  Peak RAM=3.252 MB
2026-03-22 17:02:17 | INFO | [ncluster=178/178] AUC-ROC=50.00%  AUC-PR=11.03%  F1=0.0000  MCC=0.0000  Train=0.022s  Test=0.005s  Peak RAM=3.249 MB
2026-03-22 17:02:17 | INFO | [ncluster=181/181] AUC-ROC=50.00%  AUC-PR=11.03%  F1=0.0000  MCC=0.0000  Train=0.023s  Test=0.006s  Peak RAM=3.252 MB
2026-03-22 17:02:17 | INFO | [ncluster=184/184] AUC-ROC=50.00%  AUC-PR=11.03%  F1=0.0000  MCC=0.0000  Train=0.021s  Test=0.005s  Peak RAM=3.25 MB
2026-03-22 17:02:17 | INFO | [ncluster=187/187] AUC-ROC=50.00%  AUC-PR=11.03%  F1=0.0000  MCC=0.0000  Train=0.025s  Test=0.006s  Peak RAM=3.251 MB
2026-03-22 17:02:17 | INFO | [ncluster=190/190] AUC-ROC=50.00%  AUC-PR=11.03%  F1=0.0000  MCC=0.0000  Train=0.023s  Test=0.006s  Peak RAM=3.249 MB
2026-03-22 17:02:17 | INFO | [ncluster=193/193] AUC-ROC=50.00%  AUC-PR=11.03%  F1=0.0000  MCC=0.0000  Train=0.023s  Test=0.005s  Peak RAM=3.252 MB
2026-03-22 17:02:17 | INFO | [ncluster=196/196] AUC-ROC=50.00%  AUC-PR=11.03%  F1=0.0000  MCC=0.0000  Train=0.023s  Test=0.006s  Peak RAM=3.251 MB
2026-03-22 17:02:17 | INFO | [ncluster=199/199] AUC-ROC=50.00%  AUC-PR=11.03%  F1=0.0000  MCC=0.0000  Train=0.026s  Test=0.006s  Peak RAM=3.253 MB
2026-03-22 17:02:17 | INFO | [ncluster=202/202] AUC-ROC=50.00%  AUC-PR=11.03%  F1=0.0000  MCC=0.0000  Train=0.024s  Test=0.006s  Peak RAM=3.251 MB
2026-03-22 17:02:17 | INFO | [ncluster=205/205] AUC-ROC=50.00%  AUC-PR=11.03%  F1=0.0000  MCC=0.0000  Train=0.027s  Test=0.006s  Peak RAM=3.253 MB
2026-03-22 17:02:17 | INFO | [ncluster=208/208] AUC-ROC=50.00%  AUC-PR=11.03%  F1=0.0000  MCC=0.0000  Train=0.025s  Test=0.005s  Peak RAM=3.251 MB
2026-03-22 17:02:17 | INFO | [ncluster=211/211] AUC-ROC=50.00%  AUC-PR=11.03%  F1=0.0000  MCC=0.0000  Train=0.025s  Test=0.006s  Peak RAM=3.253 MB
2026-03-22 17:02:17 | INFO | [ncluster=214/214] AUC-ROC=50.00%  AUC-PR=11.03%  F1=0.0000  MCC=0.0000  Train=0.026s  Test=0.007s  Peak RAM=3.251 MB
2026-03-22 17:02:17 | INFO | [ncluster=217/217] AUC-ROC=50.00%  AUC-PR=11.03%  F1=0.0000  MCC=0.0000  Train=0.027s  Test=0.006s  Peak RAM=3.253 MB
2026-03-22 17:02:17 | INFO | [ncluster=220/220] AUC-ROC=50.00%  AUC-PR=11.03%  F1=0.0000  MCC=0.0000  Train=0.026s  Test=0.006s  Peak RAM=3.254 MB
2026-03-22 17:02:17 | INFO | [ncluster=223/223] AUC-ROC=50.00%  AUC-PR=11.03%  F1=0.0000  MCC=0.0000  Train=0.028s  Test=0.007s  Peak RAM=3.254 MB
2026-03-22 17:02:17 | INFO | [ncluster=226/226] AUC-ROC=50.00%  AUC-PR=11.03%  F1=0.0000  MCC=0.0000  Train=0.028s  Test=0.006s  Peak RAM=3.255 MB
2026-03-22 17:02:17 | INFO | [ncluster=229/229] AUC-ROC=50.00%  AUC-PR=11.03%  F1=0.0000  MCC=0.0000  Train=0.027s  Test=0.007s  Peak RAM=3.255 MB
2026-03-22 17:02:17 | INFO | [ncluster=232/232] AUC-ROC=50.00%  AUC-PR=11.03%  F1=0.0000  MCC=0.0000  Train=0.027s  Test=0.006s  Peak RAM=3.254 MB
2026-03-22 17:02:17 | INFO | [ncluster=235/235] AUC-ROC=50.00%  AUC-PR=11.03%  F1=0.0000  MCC=0.0000  Train=0.027s  Test=0.006s  Peak RAM=3.255 MB
2026-03-22 17:02:17 | INFO | [ncluster=238/238] AUC-ROC=50.00%  AUC-PR=11.03%  F1=0.0000  MCC=0.0000  Train=0.029s  Test=0.007s  Peak RAM=3.255 MB
2026-03-22 17:02:17 | INFO | [ncluster=241/241] AUC-ROC=50.00%  AUC-PR=11.03%  F1=0.0000  MCC=0.0000  Train=0.030s  Test=0.006s  Peak RAM=3.255 MB
2026-03-22 17:02:17 | INFO | [ncluster=244/244] AUC-ROC=50.00%  AUC-PR=11.03%  F1=0.0000  MCC=0.0000  Train=0.026s  Test=0.006s  Peak RAM=3.257 MB
2026-03-22 17:02:17 | INFO | [ncluster=247/247] AUC-ROC=50.00%  AUC-PR=11.03%  F1=0.0000  MCC=0.0000  Train=0.028s  Test=0.007s  Peak RAM=3.256 MB
2026-03-22 17:02:17 | INFO | [ncluster=250/250] AUC-ROC=50.00%  AUC-PR=11.03%  F1=0.0000  MCC=0.0000  Train=0.030s  Test=0.006s  Peak RAM=3.256 MB
2026-03-22 17:02:17 | INFO | [ncluster=253/253] AUC-ROC=50.00%  AUC-PR=11.03%  F1=0.0000  MCC=0.0000  Train=0.030s  Test=0.007s  Peak RAM=3.257 MB
2026-03-22 17:02:17 | INFO | [ncluster=256/256] AUC-ROC=50.00%  AUC-PR=11.03%  F1=0.0000  MCC=0.0000  Train=0.029s  Test=0.006s  Peak RAM=3.257 MB
2026-03-22 17:02:17 | INFO | [ncluster=259/259] AUC-ROC=50.00%  AUC-PR=11.03%  F1=0.0000  MCC=0.0000  Train=0.030s  Test=0.007s  Peak RAM=3.256 MB
2026-03-22 17:02:17 | INFO | [ncluster=262/262] AUC-ROC=50.00%  AUC-PR=11.03%  F1=0.0000  MCC=0.0000  Train=0.031s  Test=0.007s  Peak RAM=3.258 MB
2026-03-22 17:02:17 | INFO | [ncluster=265/265] AUC-ROC=50.00%  AUC-PR=11.03%  F1=0.0000  MCC=0.0000  Train=0.030s  Test=0.006s  Peak RAM=3.257 MB
2026-03-22 17:02:17 | INFO | [ncluster=268/268] AUC-ROC=50.00%  AUC-PR=11.03%  F1=0.0000  MCC=0.0000  Train=0.030s  Test=0.007s  Peak RAM=3.257 MB
2026-03-22 17:02:17 | INFO | [ncluster=271/271] AUC-ROC=50.00%  AUC-PR=11.03%  F1=0.0000  MCC=0.0000  Train=0.031s  Test=0.007s  Peak RAM=3.257 MB
2026-03-22 17:02:17 | INFO | [ncluster=274/274] AUC-ROC=50.00%  AUC-PR=11.03%  F1=0.0000  MCC=0.0000  Train=0.032s  Test=0.007s  Peak RAM=3.256 MB
2026-03-22 17:02:17 | INFO | [ncluster=277/277] AUC-ROC=50.00%  AUC-PR=11.03%  F1=0.0000  MCC=0.0000  Train=0.033s  Test=0.007s  Peak RAM=3.257 MB
2026-03-22 17:02:17 | INFO | [ncluster=280/280] AUC-ROC=50.00%  AUC-PR=11.03%  F1=0.0000  MCC=0.0000  Train=0.032s  Test=0.006s  Peak RAM=3.259 MB
2026-03-22 17:02:17 | INFO | [ncluster=283/283] AUC-ROC=50.00%  AUC-PR=11.03%  F1=0.0000  MCC=0.0000  Train=0.032s  Test=0.007s  Peak RAM=3.258 MB
2026-03-22 17:02:17 | INFO | [ncluster=286/286] AUC-ROC=50.00%  AUC-PR=11.03%  F1=0.0000  MCC=0.0000  Train=0.033s  Test=0.007s  Peak RAM=3.258 MB
2026-03-22 17:02:17 | INFO | [ncluster=289/289] AUC-ROC=50.00%  AUC-PR=11.03%  F1=0.0000  MCC=0.0000  Train=0.034s  Test=0.007s  Peak RAM=3.258 MB
2026-03-22 17:02:17 | INFO | [ncluster=292/292] AUC-ROC=50.00%  AUC-PR=11.03%  F1=0.0000  MCC=0.0000  Train=0.034s  Test=0.007s  Peak RAM=3.259 MB
2026-03-22 17:02:17 | INFO | [ncluster=295/295] AUC-ROC=50.00%  AUC-PR=11.03%  F1=0.0000  MCC=0.0000  Train=0.033s  Test=0.008s  Peak RAM=3.258 MB
2026-03-22 17:02:17 | INFO | [ncluster=298/298] AUC-ROC=50.00%  AUC-PR=11.03%  F1=0.0000  MCC=0.0000  Train=0.034s  Test=0.007s  Peak RAM=3.26 MB
2026-03-22 17:02:17 | INFO | [ncluster=301/301] AUC-ROC=50.00%  AUC-PR=11.03%  F1=0.0000  MCC=0.0000  Train=0.034s  Test=0.007s  Peak RAM=3.259 MB
2026-03-22 17:02:17 | INFO | [ncluster=304/304] AUC-ROC=50.00%  AUC-PR=11.03%  F1=0.0000  MCC=0.0000  Train=0.033s  Test=0.007s  Peak RAM=3.26 MB
2026-03-22 17:02:17 | INFO | [ncluster=307/307] AUC-ROC=50.00%  AUC-PR=11.03%  F1=0.0000  MCC=0.0000  Train=0.032s  Test=0.007s  Peak RAM=3.26 MB
2026-03-22 17:02:17 | INFO | [ncluster=310/310] AUC-ROC=50.00%  AUC-PR=11.03%  F1=0.0000  MCC=0.0000  Train=0.035s  Test=0.008s  Peak RAM=3.259 MB
2026-03-22 17:02:17 | INFO | [ncluster=313/313] AUC-ROC=50.00%  AUC-PR=11.03%  F1=0.0000  MCC=0.0000  Train=0.036s  Test=0.007s  Peak RAM=3.26 MB
2026-03-22 17:02:17 | INFO | [ncluster=316/316] AUC-ROC=50.00%  AUC-PR=11.03%  F1=0.0000  MCC=0.0000  Train=0.035s  Test=0.007s  Peak RAM=3.261 MB
2026-03-22 17:02:17 | INFO | [ncluster=319/319] AUC-ROC=50.00%  AUC-PR=11.03%  F1=0.0000  MCC=0.0000  Train=0.035s  Test=0.008s  Peak RAM=3.26 MB
2026-03-22 17:02:17 | INFO | [ncluster=322/322] AUC-ROC=50.00%  AUC-PR=11.03%  F1=0.0000  MCC=0.0000  Train=0.037s  Test=0.007s  Peak RAM=3.261 MB
2026-03-22 17:02:17 | INFO | [ncluster=325/325] AUC-ROC=50.00%  AUC-PR=11.03%  F1=0.0000  MCC=0.0000  Train=0.037s  Test=0.008s  Peak RAM=3.261 MB
2026-03-22 17:02:17 | INFO | [ncluster=328/328] AUC-ROC=50.00%  AUC-PR=11.03%  F1=0.0000  MCC=0.0000  Train=0.034s  Test=0.007s  Peak RAM=3.262 MB
2026-03-22 17:02:17 | INFO | [ncluster=331/331] AUC-ROC=50.00%  AUC-PR=11.03%  F1=0.0000  MCC=0.0000  Train=0.036s  Test=0.008s  Peak RAM=3.26 MB
2026-03-22 17:02:17 | INFO | [ncluster=334/334] AUC-ROC=50.00%  AUC-PR=11.03%  F1=0.0000  MCC=0.0000  Train=0.037s  Test=0.008s  Peak RAM=3.263 MB
2026-03-22 17:02:17 | INFO | [ncluster=337/337] AUC-ROC=50.00%  AUC-PR=11.03%  F1=0.0000  MCC=0.0000  Train=0.036s  Test=0.007s  Peak RAM=3.26 MB
2026-03-22 17:02:17 | INFO | [ncluster=340/340] AUC-ROC=50.00%  AUC-PR=11.03%  F1=0.0000  MCC=0.0000  Train=0.037s  Test=0.008s  Peak RAM=3.262 MB
2026-03-22 17:02:17 | INFO | [ncluster=343/343] AUC-ROC=50.00%  AUC-PR=11.03%  F1=0.0000  MCC=0.0000  Train=0.034s  Test=0.009s  Peak RAM=3.262 MB
2026-03-22 17:02:17 | INFO | [ncluster=346/346] AUC-ROC=50.00%  AUC-PR=11.03%  F1=0.0000  MCC=0.0000  Train=0.038s  Test=0.008s  Peak RAM=3.262 MB
2026-03-22 17:02:17 | INFO | [ncluster=349/349] AUC-ROC=50.00%  AUC-PR=11.03%  F1=0.0000  MCC=0.0000  Train=0.039s  Test=0.008s  Peak RAM=3.262 MB
2026-03-22 17:02:17 | INFO | [ncluster=352/352] AUC-ROC=50.00%  AUC-PR=11.03%  F1=0.0000  MCC=0.0000  Train=0.038s  Test=0.007s  Peak RAM=3.262 MB
2026-03-22 17:02:17 | INFO | [ncluster=355/355] AUC-ROC=50.00%  AUC-PR=11.03%  F1=0.0000  MCC=0.0000  Train=0.038s  Test=0.008s  Peak RAM=3.263 MB
2026-03-22 17:02:17 | INFO | [ncluster=358/358] AUC-ROC=50.00%  AUC-PR=11.03%  F1=0.0000  MCC=0.0000  Train=0.038s  Test=0.008s  Peak RAM=3.263 MB
2026-03-22 17:02:17 | INFO | [ncluster=361/361] AUC-ROC=50.00%  AUC-PR=11.03%  F1=0.0000  MCC=0.0000  Train=0.048s  Test=0.008s  Peak RAM=3.263 MB
2026-03-22 17:02:17 | INFO | [ncluster=364/364] AUC-ROC=50.00%  AUC-PR=11.03%  F1=0.0000  MCC=0.0000  Train=0.037s  Test=0.008s  Peak RAM=3.263 MB
2026-03-22 17:02:17 | INFO | [ncluster=367/367] AUC-ROC=50.00%  AUC-PR=11.03%  F1=0.0000  MCC=0.0000  Train=0.038s  Test=0.009s  Peak RAM=3.263 MB
2026-03-22 17:02:17 | INFO | [ncluster=370/370] AUC-ROC=50.00%  AUC-PR=11.03%  F1=0.0000  MCC=0.0000  Train=0.040s  Test=0.008s  Peak RAM=3.266 MB
2026-03-22 17:02:17 | INFO | [ncluster=373/373] AUC-ROC=50.00%  AUC-PR=11.03%  F1=0.0000  MCC=0.0000  Train=0.040s  Test=0.008s  Peak RAM=3.263 MB
2026-03-22 17:02:17 | INFO | [ncluster=376/376] AUC-ROC=50.00%  AUC-PR=11.03%  F1=0.0000  MCC=0.0000  Train=0.040s  Test=0.007s  Peak RAM=3.265 MB
2026-03-22 17:02:17 | INFO | [ncluster=379/379] AUC-ROC=50.00%  AUC-PR=11.03%  F1=0.0000  MCC=0.0000  Train=0.040s  Test=0.008s  Peak RAM=3.264 MB
2026-03-22 17:02:17 | INFO | [ncluster=382/382] AUC-ROC=50.00%  AUC-PR=11.03%  F1=0.0000  MCC=0.0000  Train=0.041s  Test=0.009s  Peak RAM=3.264 MB
2026-03-22 17:02:17 | INFO | [ncluster=385/385] AUC-ROC=50.00%  AUC-PR=11.03%  F1=0.0000  MCC=0.0000  Train=0.042s  Test=0.008s  Peak RAM=3.264 MB
2026-03-22 17:02:17 | INFO | [ncluster=388/388] AUC-ROC=50.00%  AUC-PR=11.03%  F1=0.0000  MCC=0.0000  Train=0.038s  Test=0.008s  Peak RAM=3.265 MB
2026-03-22 17:02:17 | INFO | [ncluster=391/391] AUC-ROC=50.00%  AUC-PR=11.03%  F1=0.0000  MCC=0.0000  Train=0.042s  Test=0.009s  Peak RAM=3.266 MB
2026-03-22 17:02:17 | INFO | [ncluster=394/394] AUC-ROC=50.00%  AUC-PR=11.03%  F1=0.0000  MCC=0.0000  Train=0.040s  Test=0.008s  Peak RAM=3.265 MB
2026-03-22 17:02:17 | INFO | [ncluster=397/397] AUC-ROC=50.00%  AUC-PR=11.03%  F1=0.0000  MCC=0.0000  Train=0.043s  Test=0.009s  Peak RAM=3.266 MB
2026-03-22 17:02:17 | INFO | [ncluster=400/400] AUC-ROC=50.00%  AUC-PR=11.03%  F1=0.0000  MCC=0.0000  Train=0.042s  Test=0.008s  Peak RAM=3.265 MB
2026-03-22 17:02:17 | INFO | [ncluster=403/403] AUC-ROC=50.00%  AUC-PR=11.03%  F1=0.0000  MCC=0.0000  Train=0.043s  Test=0.008s  Peak RAM=3.267 MB
2026-03-22 17:02:17 | INFO | [ncluster=406/406] AUC-ROC=50.00%  AUC-PR=11.03%  F1=0.0000  MCC=0.0000  Train=0.043s  Test=0.009s  Peak RAM=3.265 MB
2026-03-22 17:02:17 | INFO | [ncluster=409/409] AUC-ROC=50.00%  AUC-PR=11.03%  F1=0.0000  MCC=0.0000  Train=0.043s  Test=0.008s  Peak RAM=3.266 MB
2026-03-22 17:02:17 | INFO | [ncluster=412/412] AUC-ROC=50.00%  AUC-PR=11.03%  F1=0.0000  MCC=0.0000  Train=0.043s  Test=0.009s  Peak RAM=3.267 MB
2026-03-22 17:02:17 | INFO | [ncluster=415/415] AUC-ROC=50.00%  AUC-PR=11.03%  F1=0.0000  MCC=0.0000  Train=0.043s  Test=0.009s  Peak RAM=3.267 MB
2026-03-22 17:02:17 | INFO | [ncluster=418/418] AUC-ROC=50.00%  AUC-PR=11.03%  F1=0.0000  MCC=0.0000  Train=0.045s  Test=0.008s  Peak RAM=3.267 MB
2026-03-22 17:02:17 | INFO | [ncluster=421/421] AUC-ROC=50.00%  AUC-PR=11.03%  F1=0.0000  MCC=0.0000  Train=0.046s  Test=0.009s  Peak RAM=3.267 MB
2026-03-22 17:02:17 | INFO | [ncluster=424/424] AUC-ROC=50.00%  AUC-PR=11.03%  F1=0.0000  MCC=0.0000  Train=0.044s  Test=0.008s  Peak RAM=3.267 MB
2026-03-22 17:02:17 | INFO | [ncluster=427/427] AUC-ROC=50.00%  AUC-PR=11.03%  F1=0.0000  MCC=0.0000  Train=0.045s  Test=0.009s  Peak RAM=3.267 MB
2026-03-22 17:02:17 | INFO | [ncluster=430/430] AUC-ROC=50.00%  AUC-PR=11.03%  F1=0.0000  MCC=0.0000  Train=0.047s  Test=0.009s  Peak RAM=3.268 MB
2026-03-22 17:02:17 | INFO | [ncluster=433/433] AUC-ROC=50.00%  AUC-PR=11.03%  F1=0.0000  MCC=0.0000  Train=0.046s  Test=0.008s  Peak RAM=3.267 MB
2026-03-22 17:02:17 | INFO | [ncluster=436/436] AUC-ROC=50.00%  AUC-PR=11.03%  F1=0.0000  MCC=0.0000  Train=0.047s  Test=0.009s  Peak RAM=3.267 MB
2026-03-22 17:02:17 | INFO | [ncluster=439/439] AUC-ROC=50.00%  AUC-PR=11.03%  F1=0.0000  MCC=0.0000  Train=0.046s  Test=0.010s  Peak RAM=3.27 MB
2026-03-22 17:02:17 | INFO | [ncluster=442/442] AUC-ROC=50.00%  AUC-PR=11.03%  F1=0.0000  MCC=0.0000  Train=0.046s  Test=0.009s  Peak RAM=3.267 MB
2026-03-22 17:02:17 | INFO | [ncluster=445/445] AUC-ROC=50.00%  AUC-PR=11.03%  F1=0.0000  MCC=0.0000  Train=0.046s  Test=0.010s  Peak RAM=3.268 MB
2026-03-22 17:02:17 | INFO | [ncluster=448/448] AUC-ROC=50.00%  AUC-PR=11.03%  F1=0.0000  MCC=0.0000  Train=0.046s  Test=0.008s  Peak RAM=3.269 MB
2026-03-22 17:02:17 | INFO | [ncluster=451/451] AUC-ROC=50.00%  AUC-PR=11.03%  F1=0.0000  MCC=0.0000  Train=0.046s  Test=0.009s  Peak RAM=3.269 MB
2026-03-22 17:02:17 | INFO | [ncluster=454/454] AUC-ROC=50.00%  AUC-PR=11.03%  F1=0.0000  MCC=0.0000  Train=0.048s  Test=0.010s  Peak RAM=3.268 MB
2026-03-22 17:02:17 | INFO | [ncluster=457/457] AUC-ROC=50.00%  AUC-PR=11.03%  F1=0.0000  MCC=0.0000  Train=0.048s  Test=0.009s  Peak RAM=3.269 MB
2026-03-22 17:02:17 | INFO | [ncluster=460/460] AUC-ROC=50.00%  AUC-PR=11.03%  F1=0.0000  MCC=0.0000  Train=0.043s  Test=0.009s  Peak RAM=3.269 MB
2026-03-22 17:02:17 | INFO | [ncluster=463/463] AUC-ROC=50.00%  AUC-PR=11.03%  F1=0.0000  MCC=0.0000  Train=0.048s  Test=0.010s  Peak RAM=3.27 MB
2026-03-22 17:02:17 | INFO | [ncluster=466/466] AUC-ROC=50.00%  AUC-PR=11.03%  F1=0.0000  MCC=0.0000  Train=0.046s  Test=0.009s  Peak RAM=3.27 MB
2026-03-22 17:02:17 | INFO | [ncluster=469/469] AUC-ROC=50.00%  AUC-PR=11.03%  F1=0.0000  MCC=0.0000  Train=0.050s  Test=0.010s  Peak RAM=3.27 MB
2026-03-22 17:02:17 | INFO | [ncluster=472/472] AUC-ROC=50.00%  AUC-PR=11.03%  F1=0.0000  MCC=0.0000  Train=0.049s  Test=0.009s  Peak RAM=3.271 MB
2026-03-22 17:02:17 | INFO | [ncluster=475/475] AUC-ROC=50.00%  AUC-PR=11.03%  F1=0.0000  MCC=0.0000  Train=0.032s  Test=0.007s  Peak RAM=3.271 MB
2026-03-22 17:02:17 | INFO | [ncluster=478/478] AUC-ROC=50.00%  AUC-PR=11.03%  F1=0.0000  MCC=0.0000  Train=0.031s  Test=0.008s  Peak RAM=3.27 MB
2026-03-22 17:02:17 | INFO | [ncluster=481/481] AUC-ROC=50.00%  AUC-PR=11.03%  F1=0.0000  MCC=0.0000  Train=0.031s  Test=0.007s  Peak RAM=3.271 MB
2026-03-22 17:02:17 | INFO | [ncluster=484/484] AUC-ROC=50.00%  AUC-PR=11.03%  F1=0.0000  MCC=0.0000  Train=0.031s  Test=0.007s  Peak RAM=3.271 MB
2026-03-22 17:02:17 | INFO | [ncluster=487/487] AUC-ROC=50.00%  AUC-PR=11.03%  F1=0.0000  MCC=0.0000  Train=0.031s  Test=0.008s  Peak RAM=3.277 MB
2026-03-22 17:02:17 | INFO | [ncluster=490/490] AUC-ROC=50.00%  AUC-PR=11.03%  F1=0.0000  MCC=0.0000  Train=0.032s  Test=0.007s  Peak RAM=3.27 MB
2026-03-22 17:02:17 | INFO | [ncluster=493/493] AUC-ROC=50.00%  AUC-PR=11.03%  F1=0.0000  MCC=0.0000  Train=0.031s  Test=0.007s  Peak RAM=3.272 MB
2026-03-22 17:02:17 | INFO | [ncluster=496/496] AUC-ROC=50.00%  AUC-PR=11.03%  F1=0.0000  MCC=0.0000  Train=0.031s  Test=0.007s  Peak RAM=3.281 MB
2026-03-22 17:02:17 | INFO | [ncluster=499/499] AUC-ROC=50.00%  AUC-PR=11.03%  F1=0.0000  MCC=0.0000  Train=0.031s  Test=0.008s  Peak RAM=3.277 MB
2026-03-22 17:02:17 | INFO | 
>>> Processing data_BoTIoT | scaler=RobustScaler
2026-03-22 17:02:17 | INFO | --- noise=0% ---
2026-03-22 17:02:17 | INFO | ============================================================
2026-03-22 17:02:17 | INFO | Dataset  : Train_RobustScaler_data_BoTIoT.csv
2026-03-22 17:02:17 | INFO | Scaler   : RobustScaler
2026-03-22 17:02:17 | INFO | Noise    : 0%
2026-03-22 17:02:17 | INFO | nClusters: 167 values (1..499)
2026-03-22 17:02:17 | INFO | ============================================================
2026-03-22 17:02:17 | INFO | Loaded Raw Shape -> Train: (7257, 27), Test: (16815, 27)
2026-03-22 17:02:17 | INFO | Dropped metadata features: ['pkSeqID', 'stime', 'ltime', 'seq', 'saddr', 'daddr', 'sport', 'dport', 'state', 'flgs', 'proto']
2026-03-22 17:02:17 | INFO | Dropped metadata features: ['pkSeqID', 'stime', 'ltime', 'seq', 'saddr', 'daddr', 'sport', 'dport', 'state', 'flgs', 'proto']
2026-03-22 17:02:17 | INFO | Training size : 7,257  |  Testing size: 16,815  |  Features: 15
2026-03-22 17:02:17 | INFO | Firing up Parallel execution for 167 cluster configs...
2026-03-22 17:03:20 | INFO | [ncluster=1/1] AUC-ROC=50.00%  AUC-PR=10.79%  F1=0.0000  MCC=0.0000  Train=0.007s  Test=0.003s  Peak RAM=4.298 MB
2026-03-22 17:03:20 | INFO | [ncluster=4/4] AUC-ROC=50.00%  AUC-PR=10.79%  F1=0.0000  MCC=0.0000  Train=0.008s  Test=0.004s  Peak RAM=4.299 MB
2026-03-22 17:03:20 | INFO | [ncluster=7/7] AUC-ROC=50.00%  AUC-PR=10.79%  F1=0.0000  MCC=0.0000  Train=0.008s  Test=0.004s  Peak RAM=4.299 MB
2026-03-22 17:03:20 | INFO | [ncluster=10/10] AUC-ROC=50.00%  AUC-PR=10.79%  F1=0.0000  MCC=0.0000  Train=0.008s  Test=0.003s  Peak RAM=4.298 MB
2026-03-22 17:03:20 | INFO | [ncluster=13/13] AUC-ROC=50.00%  AUC-PR=10.79%  F1=0.0000  MCC=0.0000  Train=0.007s  Test=0.004s  Peak RAM=4.299 MB
2026-03-22 17:03:20 | INFO | [ncluster=16/16] AUC-ROC=50.00%  AUC-PR=10.79%  F1=0.0000  MCC=0.0000  Train=0.008s  Test=0.003s  Peak RAM=4.306 MB
2026-03-22 17:03:20 | INFO | [ncluster=19/19] AUC-ROC=50.00%  AUC-PR=10.79%  F1=0.0000  MCC=0.0000  Train=0.008s  Test=0.004s  Peak RAM=4.3 MB
2026-03-22 17:03:20 | INFO | [ncluster=22/22] AUC-ROC=50.00%  AUC-PR=10.79%  F1=0.0000  MCC=0.0000  Train=0.008s  Test=0.004s  Peak RAM=4.303 MB
2026-03-22 17:03:20 | INFO | [ncluster=25/25] AUC-ROC=50.00%  AUC-PR=10.79%  F1=0.0000  MCC=0.0000  Train=0.010s  Test=0.004s  Peak RAM=4.303 MB
2026-03-22 17:03:20 | INFO | [ncluster=28/28] AUC-ROC=50.00%  AUC-PR=10.79%  F1=0.0000  MCC=0.0000  Train=0.009s  Test=0.004s  Peak RAM=4.302 MB
2026-03-22 17:03:20 | INFO | [ncluster=31/31] AUC-ROC=50.00%  AUC-PR=10.79%  F1=0.0000  MCC=0.0000  Train=0.011s  Test=0.005s  Peak RAM=4.307 MB
2026-03-22 17:03:20 | INFO | [ncluster=34/34] AUC-ROC=50.00%  AUC-PR=10.79%  F1=0.0000  MCC=0.0000  Train=0.009s  Test=0.004s  Peak RAM=4.302 MB
2026-03-22 17:03:20 | INFO | [ncluster=37/37] AUC-ROC=50.00%  AUC-PR=10.79%  F1=0.0000  MCC=0.0000  Train=0.011s  Test=0.004s  Peak RAM=4.307 MB
2026-03-22 17:03:20 | INFO | [ncluster=40/40] AUC-ROC=50.00%  AUC-PR=10.79%  F1=0.0000  MCC=0.0000  Train=0.011s  Test=0.003s  Peak RAM=4.306 MB
2026-03-22 17:03:20 | INFO | [ncluster=43/43] AUC-ROC=50.00%  AUC-PR=10.79%  F1=0.0000  MCC=0.0000  Train=0.012s  Test=0.004s  Peak RAM=4.304 MB
2026-03-22 17:03:20 | INFO | [ncluster=46/46] AUC-ROC=50.00%  AUC-PR=10.79%  F1=0.0000  MCC=0.0000  Train=0.013s  Test=0.005s  Peak RAM=4.3 MB
2026-03-22 17:03:20 | INFO | [ncluster=49/49] AUC-ROC=50.00%  AUC-PR=10.79%  F1=0.0000  MCC=0.0000  Train=0.010s  Test=0.004s  Peak RAM=4.305 MB
2026-03-22 17:03:20 | INFO | [ncluster=52/52] AUC-ROC=50.00%  AUC-PR=10.79%  F1=0.0000  MCC=0.0000  Train=0.011s  Test=0.004s  Peak RAM=4.303 MB
2026-03-22 17:03:20 | INFO | [ncluster=55/55] AUC-ROC=50.00%  AUC-PR=10.79%  F1=0.0000  MCC=0.0000  Train=0.011s  Test=0.005s  Peak RAM=4.305 MB
2026-03-22 17:03:20 | INFO | [ncluster=58/58] AUC-ROC=50.00%  AUC-PR=10.79%  F1=0.0000  MCC=0.0000  Train=0.011s  Test=0.004s  Peak RAM=4.304 MB
2026-03-22 17:03:20 | INFO | [ncluster=61/61] AUC-ROC=50.00%  AUC-PR=10.79%  F1=0.0000  MCC=0.0000  Train=0.013s  Test=0.005s  Peak RAM=4.302 MB
2026-03-22 17:03:20 | INFO | [ncluster=64/64] AUC-ROC=50.00%  AUC-PR=10.79%  F1=0.0000  MCC=0.0000  Train=0.012s  Test=0.004s  Peak RAM=4.302 MB
2026-03-22 17:03:20 | INFO | [ncluster=67/67] AUC-ROC=50.00%  AUC-PR=10.79%  F1=0.0000  MCC=0.0000  Train=0.014s  Test=0.005s  Peak RAM=4.303 MB
2026-03-22 17:03:20 | INFO | [ncluster=70/70] AUC-ROC=50.00%  AUC-PR=10.79%  F1=0.0000  MCC=0.0000  Train=0.013s  Test=0.005s  Peak RAM=4.304 MB
2026-03-22 17:03:20 | INFO | [ncluster=73/73] AUC-ROC=50.00%  AUC-PR=10.79%  F1=0.0000  MCC=0.0000  Train=0.014s  Test=0.004s  Peak RAM=4.306 MB
2026-03-22 17:03:20 | INFO | [ncluster=76/76] AUC-ROC=50.00%  AUC-PR=10.79%  F1=0.0000  MCC=0.0000  Train=0.013s  Test=0.005s  Peak RAM=4.302 MB
2026-03-22 17:03:20 | INFO | [ncluster=79/79] AUC-ROC=50.00%  AUC-PR=10.79%  F1=0.0000  MCC=0.0000  Train=0.014s  Test=0.005s  Peak RAM=4.306 MB
2026-03-22 17:03:20 | INFO | [ncluster=82/82] AUC-ROC=50.00%  AUC-PR=10.79%  F1=0.0000  MCC=0.0000  Train=0.014s  Test=0.005s  Peak RAM=4.302 MB
2026-03-22 17:03:20 | INFO | [ncluster=85/85] AUC-ROC=50.00%  AUC-PR=10.79%  F1=0.0000  MCC=0.0000  Train=0.015s  Test=0.005s  Peak RAM=4.306 MB
2026-03-22 17:03:20 | INFO | [ncluster=88/88] AUC-ROC=50.00%  AUC-PR=10.79%  F1=0.0000  MCC=0.0000  Train=0.014s  Test=0.004s  Peak RAM=4.303 MB
2026-03-22 17:03:20 | INFO | [ncluster=91/91] AUC-ROC=50.00%  AUC-PR=10.79%  F1=0.0000  MCC=0.0000  Train=0.016s  Test=0.005s  Peak RAM=4.314 MB
2026-03-22 17:03:20 | INFO | [ncluster=94/94] AUC-ROC=50.00%  AUC-PR=10.79%  F1=0.0000  MCC=0.0000  Train=0.015s  Test=0.005s  Peak RAM=4.303 MB
2026-03-22 17:03:20 | INFO | [ncluster=97/97] AUC-ROC=50.00%  AUC-PR=10.79%  F1=0.0000  MCC=0.0000  Train=0.015s  Test=0.005s  Peak RAM=4.305 MB
2026-03-22 17:03:20 | INFO | [ncluster=100/100] AUC-ROC=50.00%  AUC-PR=10.79%  F1=0.0000  MCC=0.0000  Train=0.015s  Test=0.005s  Peak RAM=4.303 MB
2026-03-22 17:03:20 | INFO | [ncluster=103/103] AUC-ROC=50.00%  AUC-PR=10.79%  F1=0.0000  MCC=0.0000  Train=0.015s  Test=0.006s  Peak RAM=4.309 MB
2026-03-22 17:03:20 | INFO | [ncluster=106/106] AUC-ROC=50.00%  AUC-PR=10.79%  F1=0.0000  MCC=0.0000  Train=0.015s  Test=0.005s  Peak RAM=4.305 MB
2026-03-22 17:03:20 | INFO | [ncluster=109/109] AUC-ROC=50.00%  AUC-PR=10.79%  F1=0.0000  MCC=0.0000  Train=0.016s  Test=0.005s  Peak RAM=4.31 MB
2026-03-22 17:03:20 | INFO | [ncluster=112/112] AUC-ROC=50.00%  AUC-PR=10.79%  F1=0.0000  MCC=0.0000  Train=0.015s  Test=0.004s  Peak RAM=4.304 MB
2026-03-22 17:03:20 | INFO | [ncluster=115/115] AUC-ROC=50.00%  AUC-PR=10.79%  F1=0.0000  MCC=0.0000  Train=0.016s  Test=0.005s  Peak RAM=4.306 MB
2026-03-22 17:03:20 | INFO | [ncluster=118/118] AUC-ROC=50.00%  AUC-PR=10.79%  F1=0.0000  MCC=0.0000  Train=0.017s  Test=0.006s  Peak RAM=4.304 MB
2026-03-22 17:03:20 | INFO | [ncluster=121/121] AUC-ROC=50.00%  AUC-PR=10.79%  F1=0.0000  MCC=0.0000  Train=0.018s  Test=0.005s  Peak RAM=4.308 MB
2026-03-22 17:03:20 | INFO | [ncluster=124/124] AUC-ROC=50.00%  AUC-PR=10.79%  F1=0.0000  MCC=0.0000  Train=0.017s  Test=0.005s  Peak RAM=4.304 MB
2026-03-22 17:03:20 | INFO | [ncluster=127/127] AUC-ROC=50.00%  AUC-PR=10.79%  F1=0.0000  MCC=0.0000  Train=0.018s  Test=0.006s  Peak RAM=4.307 MB
2026-03-22 17:03:20 | INFO | [ncluster=130/130] AUC-ROC=50.00%  AUC-PR=10.79%  F1=0.0000  MCC=0.0000  Train=0.018s  Test=0.005s  Peak RAM=4.305 MB
2026-03-22 17:03:20 | INFO | [ncluster=133/133] AUC-ROC=50.00%  AUC-PR=10.79%  F1=0.0000  MCC=0.0000  Train=0.019s  Test=0.006s  Peak RAM=4.308 MB
2026-03-22 17:03:20 | INFO | [ncluster=136/136] AUC-ROC=50.00%  AUC-PR=10.79%  F1=0.0000  MCC=0.0000  Train=0.018s  Test=0.005s  Peak RAM=4.304 MB
2026-03-22 17:03:20 | INFO | [ncluster=139/139] AUC-ROC=50.00%  AUC-PR=10.79%  F1=0.0000  MCC=0.0000  Train=0.019s  Test=0.005s  Peak RAM=4.308 MB
2026-03-22 17:03:20 | INFO | [ncluster=142/142] AUC-ROC=50.00%  AUC-PR=10.79%  F1=0.0000  MCC=0.0000  Train=0.019s  Test=0.006s  Peak RAM=4.306 MB
2026-03-22 17:03:20 | INFO | [ncluster=145/145] AUC-ROC=50.00%  AUC-PR=10.79%  F1=0.0000  MCC=0.0000  Train=0.020s  Test=0.005s  Peak RAM=4.309 MB
2026-03-22 17:03:20 | INFO | [ncluster=148/148] AUC-ROC=50.00%  AUC-PR=10.79%  F1=0.0000  MCC=0.0000  Train=0.018s  Test=0.006s  Peak RAM=4.307 MB
2026-03-22 17:03:20 | INFO | [ncluster=151/151] AUC-ROC=50.00%  AUC-PR=10.79%  F1=0.0000  MCC=0.0000  Train=0.020s  Test=0.006s  Peak RAM=4.31 MB
2026-03-22 17:03:20 | INFO | [ncluster=154/154] AUC-ROC=50.00%  AUC-PR=10.79%  F1=0.0000  MCC=0.0000  Train=0.020s  Test=0.005s  Peak RAM=4.306 MB
2026-03-22 17:03:20 | INFO | [ncluster=157/157] AUC-ROC=50.00%  AUC-PR=10.79%  F1=0.0000  MCC=0.0000  Train=0.022s  Test=0.006s  Peak RAM=4.31 MB
2026-03-22 17:03:20 | INFO | [ncluster=160/160] AUC-ROC=50.00%  AUC-PR=10.79%  F1=0.0000  MCC=0.0000  Train=0.020s  Test=0.005s  Peak RAM=4.307 MB
2026-03-22 17:03:20 | INFO | [ncluster=163/163] AUC-ROC=50.00%  AUC-PR=10.79%  F1=0.0000  MCC=0.0000  Train=0.022s  Test=0.006s  Peak RAM=4.311 MB
2026-03-22 17:03:20 | INFO | [ncluster=166/166] AUC-ROC=50.00%  AUC-PR=10.79%  F1=0.0000  MCC=0.0000  Train=0.021s  Test=0.006s  Peak RAM=4.306 MB
2026-03-22 17:03:20 | INFO | [ncluster=169/169] AUC-ROC=50.00%  AUC-PR=10.79%  F1=0.0000  MCC=0.0000  Train=0.021s  Test=0.005s  Peak RAM=4.309 MB
2026-03-22 17:03:20 | INFO | [ncluster=172/172] AUC-ROC=50.00%  AUC-PR=10.79%  F1=0.0000  MCC=0.0000  Train=0.026s  Test=0.006s  Peak RAM=4.307 MB
2026-03-22 17:03:20 | INFO | [ncluster=175/175] AUC-ROC=50.00%  AUC-PR=10.79%  F1=0.0000  MCC=0.0000  Train=0.022s  Test=0.007s  Peak RAM=4.31 MB
2026-03-22 17:03:20 | INFO | [ncluster=178/178] AUC-ROC=50.00%  AUC-PR=10.79%  F1=0.0000  MCC=0.0000  Train=0.022s  Test=0.006s  Peak RAM=4.308 MB
2026-03-22 17:03:20 | INFO | [ncluster=181/181] AUC-ROC=50.00%  AUC-PR=10.79%  F1=0.0000  MCC=0.0000  Train=0.022s  Test=0.006s  Peak RAM=4.312 MB
2026-03-22 17:03:20 | INFO | [ncluster=184/184] AUC-ROC=50.00%  AUC-PR=10.79%  F1=0.0000  MCC=0.0000  Train=0.022s  Test=0.005s  Peak RAM=4.309 MB
2026-03-22 17:03:20 | INFO | [ncluster=187/187] AUC-ROC=50.00%  AUC-PR=10.79%  F1=0.0000  MCC=0.0000  Train=0.023s  Test=0.006s  Peak RAM=4.311 MB
2026-03-22 17:03:20 | INFO | [ncluster=190/190] AUC-ROC=50.00%  AUC-PR=10.79%  F1=0.0000  MCC=0.0000  Train=0.023s  Test=0.007s  Peak RAM=4.31 MB
2026-03-22 17:03:20 | INFO | [ncluster=193/193] AUC-ROC=50.00%  AUC-PR=10.79%  F1=0.0000  MCC=0.0000  Train=0.024s  Test=0.006s  Peak RAM=4.311 MB
2026-03-22 17:03:20 | INFO | [ncluster=196/196] AUC-ROC=50.00%  AUC-PR=10.79%  F1=0.0000  MCC=0.0000  Train=0.023s  Test=0.006s  Peak RAM=4.308 MB
2026-03-22 17:03:20 | INFO | [ncluster=199/199] AUC-ROC=50.00%  AUC-PR=10.79%  F1=0.0000  MCC=0.0000  Train=0.024s  Test=0.007s  Peak RAM=4.31 MB
2026-03-22 17:03:20 | INFO | [ncluster=202/202] AUC-ROC=50.00%  AUC-PR=10.79%  F1=0.0000  MCC=0.0000  Train=0.024s  Test=0.006s  Peak RAM=4.31 MB
2026-03-22 17:03:20 | INFO | [ncluster=205/205] AUC-ROC=50.00%  AUC-PR=10.79%  F1=0.0000  MCC=0.0000  Train=0.025s  Test=0.007s  Peak RAM=4.311 MB
2026-03-22 17:03:20 | INFO | [ncluster=208/208] AUC-ROC=50.00%  AUC-PR=10.79%  F1=0.0000  MCC=0.0000  Train=0.024s  Test=0.006s  Peak RAM=4.309 MB
2026-03-22 17:03:20 | INFO | [ncluster=211/211] AUC-ROC=50.00%  AUC-PR=10.79%  F1=0.0000  MCC=0.0000  Train=0.025s  Test=0.006s  Peak RAM=4.313 MB
2026-03-22 17:03:20 | INFO | [ncluster=214/214] AUC-ROC=50.00%  AUC-PR=10.79%  F1=0.0000  MCC=0.0000  Train=0.025s  Test=0.007s  Peak RAM=4.309 MB
2026-03-22 17:03:20 | INFO | [ncluster=217/217] AUC-ROC=50.00%  AUC-PR=10.79%  F1=0.0000  MCC=0.0000  Train=0.026s  Test=0.007s  Peak RAM=4.313 MB
2026-03-22 17:03:20 | INFO | [ncluster=220/220] AUC-ROC=50.00%  AUC-PR=10.79%  F1=0.0000  MCC=0.0000  Train=0.026s  Test=0.007s  Peak RAM=4.314 MB
2026-03-22 17:03:20 | INFO | [ncluster=223/223] AUC-ROC=50.00%  AUC-PR=10.79%  F1=0.0000  MCC=0.0000  Train=0.027s  Test=0.007s  Peak RAM=4.312 MB
2026-03-22 17:03:20 | INFO | [ncluster=226/226] AUC-ROC=50.00%  AUC-PR=10.79%  F1=0.0000  MCC=0.0000  Train=0.027s  Test=0.006s  Peak RAM=4.313 MB
2026-03-22 17:03:20 | INFO | [ncluster=229/229] AUC-ROC=50.00%  AUC-PR=10.79%  F1=0.0000  MCC=0.0000  Train=0.026s  Test=0.007s  Peak RAM=4.312 MB
2026-03-22 17:03:20 | INFO | [ncluster=232/232] AUC-ROC=50.00%  AUC-PR=10.79%  F1=0.0000  MCC=0.0000  Train=0.026s  Test=0.006s  Peak RAM=4.313 MB
2026-03-22 17:03:20 | INFO | [ncluster=235/235] AUC-ROC=50.00%  AUC-PR=10.79%  F1=0.0000  MCC=0.0000  Train=0.025s  Test=0.007s  Peak RAM=4.313 MB
2026-03-22 17:03:20 | INFO | [ncluster=238/238] AUC-ROC=50.00%  AUC-PR=10.79%  F1=0.0000  MCC=0.0000  Train=0.027s  Test=0.007s  Peak RAM=4.314 MB
2026-03-22 17:03:20 | INFO | [ncluster=241/241] AUC-ROC=50.00%  AUC-PR=10.79%  F1=0.0000  MCC=0.0000  Train=0.028s  Test=0.007s  Peak RAM=4.314 MB
2026-03-22 17:03:20 | INFO | [ncluster=244/244] AUC-ROC=50.00%  AUC-PR=10.79%  F1=0.0000  MCC=0.0000  Train=0.029s  Test=0.007s  Peak RAM=4.314 MB
2026-03-22 17:03:20 | INFO | [ncluster=247/247] AUC-ROC=50.00%  AUC-PR=10.79%  F1=0.0000  MCC=0.0000  Train=0.029s  Test=0.008s  Peak RAM=4.315 MB
2026-03-22 17:03:20 | INFO | [ncluster=250/250] AUC-ROC=50.00%  AUC-PR=10.79%  F1=0.0000  MCC=0.0000  Train=0.028s  Test=0.007s  Peak RAM=4.314 MB
2026-03-22 17:03:20 | INFO | [ncluster=253/253] AUC-ROC=50.00%  AUC-PR=10.79%  F1=0.0000  MCC=0.0000  Train=0.028s  Test=0.007s  Peak RAM=4.313 MB
2026-03-22 17:03:20 | INFO | [ncluster=256/256] AUC-ROC=50.00%  AUC-PR=10.79%  F1=0.0000  MCC=0.0000  Train=0.030s  Test=0.007s  Peak RAM=4.315 MB
2026-03-22 17:03:20 | INFO | [ncluster=259/259] AUC-ROC=50.00%  AUC-PR=10.79%  F1=0.0000  MCC=0.0000  Train=0.029s  Test=0.007s  Peak RAM=4.315 MB
2026-03-22 17:03:20 | INFO | [ncluster=262/262] AUC-ROC=50.00%  AUC-PR=10.79%  F1=0.0000  MCC=0.0000  Train=0.030s  Test=0.008s  Peak RAM=4.314 MB
2026-03-22 17:03:20 | INFO | [ncluster=265/265] AUC-ROC=50.00%  AUC-PR=10.79%  F1=0.0000  MCC=0.0000  Train=0.029s  Test=0.007s  Peak RAM=4.314 MB
2026-03-22 17:03:20 | INFO | [ncluster=268/268] AUC-ROC=50.00%  AUC-PR=10.79%  F1=0.0000  MCC=0.0000  Train=0.030s  Test=0.007s  Peak RAM=4.319 MB
2026-03-22 17:03:20 | INFO | [ncluster=271/271] AUC-ROC=50.00%  AUC-PR=10.79%  F1=0.0000  MCC=0.0000  Train=0.028s  Test=0.008s  Peak RAM=4.315 MB
2026-03-22 17:03:20 | INFO | [ncluster=274/274] AUC-ROC=50.00%  AUC-PR=10.79%  F1=0.0000  MCC=0.0000  Train=0.031s  Test=0.007s  Peak RAM=4.316 MB
2026-03-22 17:03:20 | INFO | [ncluster=277/277] AUC-ROC=50.00%  AUC-PR=10.79%  F1=0.0000  MCC=0.0000  Train=0.030s  Test=0.008s  Peak RAM=4.316 MB
2026-03-22 17:03:20 | INFO | [ncluster=280/280] AUC-ROC=50.00%  AUC-PR=10.79%  F1=0.0000  MCC=0.0000  Train=0.032s  Test=0.007s  Peak RAM=4.316 MB
2026-03-22 17:03:20 | INFO | [ncluster=283/283] AUC-ROC=50.00%  AUC-PR=10.79%  F1=0.0000  MCC=0.0000  Train=0.032s  Test=0.007s  Peak RAM=4.316 MB
2026-03-22 17:03:20 | INFO | [ncluster=286/286] AUC-ROC=50.00%  AUC-PR=10.79%  F1=0.0000  MCC=0.0000  Train=0.031s  Test=0.008s  Peak RAM=4.317 MB
2026-03-22 17:03:20 | INFO | [ncluster=289/289] AUC-ROC=50.00%  AUC-PR=10.79%  F1=0.0000  MCC=0.0000  Train=0.033s  Test=0.007s  Peak RAM=4.316 MB
2026-03-22 17:03:20 | INFO | [ncluster=292/292] AUC-ROC=50.00%  AUC-PR=10.79%  F1=0.0000  MCC=0.0000  Train=0.033s  Test=0.008s  Peak RAM=4.317 MB
2026-03-22 17:03:20 | INFO | [ncluster=295/295] AUC-ROC=50.00%  AUC-PR=10.79%  F1=0.0000  MCC=0.0000  Train=0.032s  Test=0.008s  Peak RAM=4.318 MB
2026-03-22 17:03:20 | INFO | [ncluster=298/298] AUC-ROC=50.00%  AUC-PR=10.79%  F1=0.0000  MCC=0.0000  Train=0.037s  Test=0.012s  Peak RAM=4.317 MB
2026-03-22 17:03:20 | INFO | [ncluster=301/301] AUC-ROC=50.00%  AUC-PR=10.79%  F1=0.0000  MCC=0.0000  Train=0.032s  Test=0.008s  Peak RAM=4.316 MB
2026-03-22 17:03:20 | INFO | [ncluster=304/304] AUC-ROC=50.00%  AUC-PR=10.79%  F1=0.0000  MCC=0.0000  Train=0.031s  Test=0.007s  Peak RAM=4.318 MB
2026-03-22 17:03:20 | INFO | [ncluster=307/307] AUC-ROC=50.00%  AUC-PR=10.79%  F1=0.0000  MCC=0.0000  Train=0.033s  Test=0.008s  Peak RAM=4.318 MB
2026-03-22 17:03:20 | INFO | [ncluster=310/310] AUC-ROC=50.00%  AUC-PR=10.79%  F1=0.0000  MCC=0.0000  Train=0.034s  Test=0.008s  Peak RAM=4.318 MB
2026-03-22 17:03:20 | INFO | [ncluster=313/313] AUC-ROC=50.00%  AUC-PR=10.79%  F1=0.0000  MCC=0.0000  Train=0.033s  Test=0.007s  Peak RAM=4.318 MB
2026-03-22 17:03:20 | INFO | [ncluster=316/316] AUC-ROC=50.00%  AUC-PR=10.79%  F1=0.0000  MCC=0.0000  Train=0.035s  Test=0.008s  Peak RAM=4.317 MB
2026-03-22 17:03:20 | INFO | [ncluster=319/319] AUC-ROC=50.00%  AUC-PR=10.79%  F1=0.0000  MCC=0.0000  Train=0.035s  Test=0.009s  Peak RAM=4.319 MB
2026-03-22 17:03:20 | INFO | [ncluster=322/322] AUC-ROC=50.00%  AUC-PR=10.79%  F1=0.0000  MCC=0.0000  Train=0.034s  Test=0.008s  Peak RAM=4.319 MB
2026-03-22 17:03:20 | INFO | [ncluster=325/325] AUC-ROC=50.00%  AUC-PR=10.79%  F1=0.0000  MCC=0.0000  Train=0.036s  Test=0.008s  Peak RAM=4.319 MB
2026-03-22 17:03:20 | INFO | [ncluster=328/328] AUC-ROC=50.00%  AUC-PR=10.79%  F1=0.0000  MCC=0.0000  Train=0.036s  Test=0.007s  Peak RAM=4.318 MB
2026-03-22 17:03:20 | INFO | [ncluster=331/331] AUC-ROC=50.00%  AUC-PR=10.79%  F1=0.0000  MCC=0.0000  Train=0.035s  Test=0.008s  Peak RAM=4.319 MB
2026-03-22 17:03:20 | INFO | [ncluster=334/334] AUC-ROC=50.00%  AUC-PR=10.79%  F1=0.0000  MCC=0.0000  Train=0.037s  Test=0.008s  Peak RAM=4.319 MB
2026-03-22 17:03:20 | INFO | [ncluster=337/337] AUC-ROC=50.00%  AUC-PR=10.79%  F1=0.0000  MCC=0.0000  Train=0.033s  Test=0.008s  Peak RAM=4.318 MB
2026-03-22 17:03:20 | INFO | [ncluster=340/340] AUC-ROC=50.00%  AUC-PR=10.79%  F1=0.0000  MCC=0.0000  Train=0.035s  Test=0.008s  Peak RAM=4.32 MB
2026-03-22 17:03:20 | INFO | [ncluster=343/343] AUC-ROC=50.00%  AUC-PR=10.79%  F1=0.0000  MCC=0.0000  Train=0.034s  Test=0.009s  Peak RAM=4.319 MB
2026-03-22 17:03:20 | INFO | [ncluster=346/346] AUC-ROC=50.00%  AUC-PR=10.79%  F1=0.0000  MCC=0.0000  Train=0.037s  Test=0.008s  Peak RAM=4.32 MB
2026-03-22 17:03:20 | INFO | [ncluster=349/349] AUC-ROC=50.00%  AUC-PR=10.79%  F1=0.0000  MCC=0.0000  Train=0.036s  Test=0.009s  Peak RAM=4.32 MB
2026-03-22 17:03:20 | INFO | [ncluster=352/352] AUC-ROC=50.00%  AUC-PR=10.79%  F1=0.0000  MCC=0.0000  Train=0.038s  Test=0.007s  Peak RAM=4.319 MB
2026-03-22 17:03:20 | INFO | [ncluster=355/355] AUC-ROC=50.00%  AUC-PR=10.79%  F1=0.0000  MCC=0.0000  Train=0.038s  Test=0.008s  Peak RAM=4.321 MB
2026-03-22 17:03:20 | INFO | [ncluster=358/358] AUC-ROC=50.00%  AUC-PR=10.79%  F1=0.0000  MCC=0.0000  Train=0.037s  Test=0.009s  Peak RAM=4.321 MB
2026-03-22 17:03:20 | INFO | [ncluster=361/361] AUC-ROC=50.00%  AUC-PR=10.79%  F1=0.0000  MCC=0.0000  Train=0.039s  Test=0.008s  Peak RAM=4.32 MB
2026-03-22 17:03:20 | INFO | [ncluster=364/364] AUC-ROC=50.00%  AUC-PR=10.79%  F1=0.0000  MCC=0.0000  Train=0.039s  Test=0.009s  Peak RAM=4.32 MB
2026-03-22 17:03:20 | INFO | [ncluster=367/367] AUC-ROC=50.00%  AUC-PR=10.79%  F1=0.0000  MCC=0.0000  Train=0.038s  Test=0.009s  Peak RAM=4.322 MB
2026-03-22 17:03:20 | INFO | [ncluster=370/370] AUC-ROC=50.00%  AUC-PR=10.79%  F1=0.0000  MCC=0.0000  Train=0.038s  Test=0.008s  Peak RAM=4.32 MB
2026-03-22 17:03:20 | INFO | [ncluster=373/373] AUC-ROC=50.00%  AUC-PR=10.79%  F1=0.0000  MCC=0.0000  Train=0.040s  Test=0.009s  Peak RAM=4.321 MB
2026-03-22 17:03:20 | INFO | [ncluster=376/376] AUC-ROC=50.00%  AUC-PR=10.79%  F1=0.0000  MCC=0.0000  Train=0.037s  Test=0.008s  Peak RAM=4.323 MB
2026-03-22 17:03:20 | INFO | [ncluster=379/379] AUC-ROC=50.00%  AUC-PR=10.79%  F1=0.0000  MCC=0.0000  Train=0.037s  Test=0.009s  Peak RAM=4.321 MB
2026-03-22 17:03:20 | INFO | [ncluster=382/382] AUC-ROC=50.00%  AUC-PR=10.79%  F1=0.0000  MCC=0.0000  Train=0.040s  Test=0.009s  Peak RAM=4.322 MB
2026-03-22 17:03:20 | INFO | [ncluster=385/385] AUC-ROC=50.00%  AUC-PR=10.79%  F1=0.0000  MCC=0.0000  Train=0.039s  Test=0.008s  Peak RAM=4.323 MB
2026-03-22 17:03:20 | INFO | [ncluster=388/388] AUC-ROC=50.00%  AUC-PR=10.79%  F1=0.0000  MCC=0.0000  Train=0.041s  Test=0.009s  Peak RAM=4.323 MB
2026-03-22 17:03:20 | INFO | [ncluster=391/391] AUC-ROC=50.00%  AUC-PR=10.79%  F1=0.0000  MCC=0.0000  Train=0.041s  Test=0.010s  Peak RAM=4.323 MB
2026-03-22 17:03:20 | INFO | [ncluster=394/394] AUC-ROC=50.00%  AUC-PR=10.79%  F1=0.0000  MCC=0.0000  Train=0.041s  Test=0.009s  Peak RAM=4.322 MB
2026-03-22 17:03:20 | INFO | [ncluster=397/397] AUC-ROC=50.00%  AUC-PR=10.79%  F1=0.0000  MCC=0.0000  Train=0.045s  Test=0.009s  Peak RAM=4.322 MB
2026-03-22 17:03:20 | INFO | [ncluster=400/400] AUC-ROC=50.00%  AUC-PR=10.79%  F1=0.0000  MCC=0.0000  Train=0.051s  Test=0.008s  Peak RAM=4.324 MB
2026-03-22 17:03:20 | INFO | [ncluster=403/403] AUC-ROC=50.00%  AUC-PR=10.79%  F1=0.0000  MCC=0.0000  Train=0.041s  Test=0.009s  Peak RAM=4.323 MB
2026-03-22 17:03:20 | INFO | [ncluster=406/406] AUC-ROC=50.00%  AUC-PR=10.79%  F1=0.0000  MCC=0.0000  Train=0.041s  Test=0.010s  Peak RAM=4.322 MB
2026-03-22 17:03:20 | INFO | [ncluster=409/409] AUC-ROC=50.00%  AUC-PR=10.79%  F1=0.0000  MCC=0.0000  Train=0.043s  Test=0.009s  Peak RAM=4.324 MB
2026-03-22 17:03:20 | INFO | [ncluster=412/412] AUC-ROC=50.00%  AUC-PR=10.79%  F1=0.0000  MCC=0.0000  Train=0.042s  Test=0.009s  Peak RAM=4.324 MB
2026-03-22 17:03:20 | INFO | [ncluster=415/415] AUC-ROC=50.00%  AUC-PR=10.79%  F1=0.0000  MCC=0.0000  Train=0.039s  Test=0.010s  Peak RAM=4.323 MB
2026-03-22 17:03:20 | INFO | [ncluster=418/418] AUC-ROC=50.00%  AUC-PR=10.79%  F1=0.0000  MCC=0.0000  Train=0.043s  Test=0.009s  Peak RAM=4.325 MB
2026-03-22 17:03:20 | INFO | [ncluster=421/421] AUC-ROC=50.00%  AUC-PR=10.79%  F1=0.0000  MCC=0.0000  Train=0.043s  Test=0.009s  Peak RAM=4.323 MB
2026-03-22 17:03:20 | INFO | [ncluster=424/424] AUC-ROC=50.00%  AUC-PR=10.79%  F1=0.0000  MCC=0.0000  Train=0.044s  Test=0.009s  Peak RAM=4.324 MB
2026-03-22 17:03:20 | INFO | [ncluster=427/427] AUC-ROC=50.00%  AUC-PR=10.79%  F1=0.0000  MCC=0.0000  Train=0.044s  Test=0.009s  Peak RAM=4.326 MB
2026-03-22 17:03:20 | INFO | [ncluster=430/430] AUC-ROC=50.00%  AUC-PR=10.79%  F1=0.0000  MCC=0.0000  Train=0.043s  Test=0.010s  Peak RAM=4.325 MB
2026-03-22 17:03:20 | INFO | [ncluster=433/433] AUC-ROC=50.00%  AUC-PR=10.79%  F1=0.0000  MCC=0.0000  Train=0.045s  Test=0.009s  Peak RAM=4.325 MB
2026-03-22 17:03:20 | INFO | [ncluster=436/436] AUC-ROC=50.00%  AUC-PR=10.79%  F1=0.0000  MCC=0.0000  Train=0.046s  Test=0.009s  Peak RAM=4.326 MB
2026-03-22 17:03:20 | INFO | [ncluster=439/439] AUC-ROC=50.00%  AUC-PR=10.79%  F1=0.0000  MCC=0.0000  Train=0.044s  Test=0.010s  Peak RAM=4.326 MB
2026-03-22 17:03:20 | INFO | [ncluster=442/442] AUC-ROC=50.00%  AUC-PR=10.79%  F1=0.0000  MCC=0.0000  Train=0.044s  Test=0.009s  Peak RAM=4.325 MB
2026-03-22 17:03:20 | INFO | [ncluster=445/445] AUC-ROC=50.00%  AUC-PR=10.79%  F1=0.0000  MCC=0.0000  Train=0.046s  Test=0.010s  Peak RAM=4.325 MB
2026-03-22 17:03:20 | INFO | [ncluster=448/448] AUC-ROC=50.00%  AUC-PR=10.79%  F1=0.0000  MCC=0.0000  Train=0.044s  Test=0.009s  Peak RAM=4.327 MB
2026-03-22 17:03:20 | INFO | [ncluster=451/451] AUC-ROC=50.00%  AUC-PR=10.79%  F1=0.0000  MCC=0.0000  Train=0.044s  Test=0.010s  Peak RAM=4.327 MB
2026-03-22 17:03:20 | INFO | [ncluster=454/454] AUC-ROC=50.00%  AUC-PR=10.79%  F1=0.0000  MCC=0.0000  Train=0.046s  Test=0.010s  Peak RAM=4.327 MB
2026-03-22 17:03:20 | INFO | [ncluster=457/457] AUC-ROC=50.00%  AUC-PR=10.79%  F1=0.0000  MCC=0.0000  Train=0.046s  Test=0.009s  Peak RAM=4.326 MB
2026-03-22 17:03:20 | INFO | [ncluster=460/460] AUC-ROC=50.00%  AUC-PR=10.79%  F1=0.0000  MCC=0.0000  Train=0.047s  Test=0.010s  Peak RAM=4.326 MB
2026-03-22 17:03:20 | INFO | [ncluster=463/463] AUC-ROC=50.00%  AUC-PR=10.79%  F1=0.0000  MCC=0.0000  Train=0.047s  Test=0.010s  Peak RAM=4.327 MB
2026-03-22 17:03:20 | INFO | [ncluster=466/466] AUC-ROC=50.00%  AUC-PR=10.79%  F1=0.0000  MCC=0.0000  Train=0.047s  Test=0.010s  Peak RAM=4.327 MB
2026-03-22 17:03:20 | INFO | [ncluster=469/469] AUC-ROC=50.00%  AUC-PR=10.79%  F1=0.0000  MCC=0.0000  Train=0.048s  Test=0.010s  Peak RAM=4.326 MB
2026-03-22 17:03:20 | INFO | [ncluster=472/472] AUC-ROC=50.00%  AUC-PR=10.79%  F1=0.0000  MCC=0.0000  Train=0.047s  Test=0.009s  Peak RAM=4.328 MB
2026-03-22 17:03:20 | INFO | [ncluster=475/475] AUC-ROC=50.00%  AUC-PR=10.79%  F1=0.0000  MCC=0.0000  Train=0.047s  Test=0.010s  Peak RAM=4.328 MB
2026-03-22 17:03:20 | INFO | [ncluster=478/478] AUC-ROC=50.00%  AUC-PR=10.79%  F1=0.0000  MCC=0.0000  Train=0.030s  Test=0.008s  Peak RAM=4.328 MB
2026-03-22 17:03:20 | INFO | [ncluster=481/481] AUC-ROC=50.00%  AUC-PR=10.79%  F1=0.0000  MCC=0.0000  Train=0.031s  Test=0.007s  Peak RAM=4.329 MB
2026-03-22 17:03:20 | INFO | [ncluster=484/484] AUC-ROC=50.00%  AUC-PR=10.79%  F1=0.0000  MCC=0.0000  Train=0.030s  Test=0.008s  Peak RAM=4.328 MB
2026-03-22 17:03:20 | INFO | [ncluster=487/487] AUC-ROC=50.00%  AUC-PR=10.79%  F1=0.0000  MCC=0.0000  Train=0.030s  Test=0.008s  Peak RAM=4.328 MB
2026-03-22 17:03:20 | INFO | [ncluster=490/490] AUC-ROC=50.00%  AUC-PR=10.79%  F1=0.0000  MCC=0.0000  Train=0.031s  Test=0.007s  Peak RAM=4.329 MB
2026-03-22 17:03:20 | INFO | [ncluster=493/493] AUC-ROC=50.00%  AUC-PR=10.79%  F1=0.0000  MCC=0.0000  Train=0.030s  Test=0.008s  Peak RAM=4.329 MB
2026-03-22 17:03:20 | INFO | [ncluster=496/496] AUC-ROC=50.00%  AUC-PR=10.79%  F1=0.0000  MCC=0.0000  Train=0.030s  Test=0.007s  Peak RAM=4.327 MB
2026-03-22 17:03:20 | INFO | [ncluster=499/499] AUC-ROC=50.00%  AUC-PR=10.79%  F1=0.0000  MCC=0.0000  Train=0.030s  Test=0.007s  Peak RAM=4.329 MB
2026-03-22 17:03:20 | INFO | --- noise=1% ---
2026-03-22 17:03:20 | INFO | ============================================================
2026-03-22 17:03:20 | INFO | Dataset  : Train_RobustScaler_data_BoTIoT.csv
2026-03-22 17:03:20 | INFO | Scaler   : RobustScaler
2026-03-22 17:03:20 | INFO | Noise    : 1%
2026-03-22 17:03:20 | INFO | nClusters: 167 values (1..499)
2026-03-22 17:03:20 | INFO | ============================================================
2026-03-22 17:03:20 | INFO | Loaded Raw Shape -> Train: (7257, 27), Test: (16815, 27)
2026-03-22 17:03:20 | INFO | Dropped metadata features: ['pkSeqID', 'stime', 'ltime', 'seq', 'saddr', 'daddr', 'sport', 'dport', 'state', 'flgs', 'proto']
2026-03-22 17:03:20 | INFO | Dropped metadata features: ['pkSeqID', 'stime', 'ltime', 'seq', 'saddr', 'daddr', 'sport', 'dport', 'state', 'flgs', 'proto']
2026-03-22 17:03:20 | INFO | Training size : 7,329  |  Testing size: 16,743  |  Features: 15
2026-03-22 17:03:20 | INFO | Firing up Parallel execution for 167 cluster configs...
2026-03-22 17:04:23 | INFO | [ncluster=1/1] AUC-ROC=50.00%  AUC-PR=10.84%  F1=0.0000  MCC=0.0000  Train=0.006s  Test=0.003s  Peak RAM=3.116 MB
2026-03-22 17:04:23 | INFO | [ncluster=4/4] AUC-ROC=50.00%  AUC-PR=10.84%  F1=0.0000  MCC=0.0000  Train=0.008s  Test=0.003s  Peak RAM=3.116 MB
2026-03-22 17:04:23 | INFO | [ncluster=7/7] AUC-ROC=50.00%  AUC-PR=10.84%  F1=0.0000  MCC=0.0000  Train=0.008s  Test=0.004s  Peak RAM=3.12 MB
2026-03-22 17:04:23 | INFO | [ncluster=10/10] AUC-ROC=50.00%  AUC-PR=10.84%  F1=0.0000  MCC=0.0000  Train=0.008s  Test=0.003s  Peak RAM=3.118 MB
2026-03-22 17:04:23 | INFO | [ncluster=13/13] AUC-ROC=50.00%  AUC-PR=10.84%  F1=0.0000  MCC=0.0000  Train=0.008s  Test=0.004s  Peak RAM=3.119 MB
2026-03-22 17:04:23 | INFO | [ncluster=16/16] AUC-ROC=50.00%  AUC-PR=10.84%  F1=0.0000  MCC=0.0000  Train=0.008s  Test=0.003s  Peak RAM=3.119 MB
2026-03-22 17:04:23 | INFO | [ncluster=19/19] AUC-ROC=50.00%  AUC-PR=10.84%  F1=0.0000  MCC=0.0000  Train=0.008s  Test=0.004s  Peak RAM=3.117 MB
2026-03-22 17:04:23 | INFO | [ncluster=22/22] AUC-ROC=50.00%  AUC-PR=10.84%  F1=0.0000  MCC=0.0000  Train=0.008s  Test=0.004s  Peak RAM=3.119 MB
2026-03-22 17:04:23 | INFO | [ncluster=25/25] AUC-ROC=50.00%  AUC-PR=10.84%  F1=0.0000  MCC=0.0000  Train=0.010s  Test=0.003s  Peak RAM=3.119 MB
2026-03-22 17:04:23 | INFO | [ncluster=28/28] AUC-ROC=50.00%  AUC-PR=10.84%  F1=0.0000  MCC=0.0000  Train=0.009s  Test=0.004s  Peak RAM=3.119 MB
2026-03-22 17:04:23 | INFO | [ncluster=31/31] AUC-ROC=50.00%  AUC-PR=10.84%  F1=0.0000  MCC=0.0000  Train=0.010s  Test=0.004s  Peak RAM=3.119 MB
2026-03-22 17:04:23 | INFO | [ncluster=34/34] AUC-ROC=50.00%  AUC-PR=10.84%  F1=0.0000  MCC=0.0000  Train=0.010s  Test=0.003s  Peak RAM=3.119 MB
2026-03-22 17:04:23 | INFO | [ncluster=37/37] AUC-ROC=50.00%  AUC-PR=10.84%  F1=0.0000  MCC=0.0000  Train=0.010s  Test=0.004s  Peak RAM=3.119 MB
2026-03-22 17:04:23 | INFO | [ncluster=40/40] AUC-ROC=50.00%  AUC-PR=10.84%  F1=0.0000  MCC=0.0000  Train=0.012s  Test=0.003s  Peak RAM=3.119 MB
2026-03-22 17:04:23 | INFO | [ncluster=43/43] AUC-ROC=50.00%  AUC-PR=10.84%  F1=0.0000  MCC=0.0000  Train=0.011s  Test=0.004s  Peak RAM=3.121 MB
2026-03-22 17:04:23 | INFO | [ncluster=46/46] AUC-ROC=50.00%  AUC-PR=10.84%  F1=0.0000  MCC=0.0000  Train=0.011s  Test=0.004s  Peak RAM=3.12 MB
2026-03-22 17:04:23 | INFO | [ncluster=49/49] AUC-ROC=50.00%  AUC-PR=10.84%  F1=0.0000  MCC=0.0000  Train=0.011s  Test=0.003s  Peak RAM=3.12 MB
2026-03-22 17:04:23 | INFO | [ncluster=52/52] AUC-ROC=50.00%  AUC-PR=10.84%  F1=0.0000  MCC=0.0000  Train=0.011s  Test=0.004s  Peak RAM=3.122 MB
2026-03-22 17:04:23 | INFO | [ncluster=55/55] AUC-ROC=50.00%  AUC-PR=10.84%  F1=0.0000  MCC=0.0000  Train=0.011s  Test=0.005s  Peak RAM=3.121 MB
2026-03-22 17:04:23 | INFO | [ncluster=58/58] AUC-ROC=50.00%  AUC-PR=10.84%  F1=0.0000  MCC=0.0000  Train=0.011s  Test=0.004s  Peak RAM=3.12 MB
2026-03-22 17:04:23 | INFO | [ncluster=61/61] AUC-ROC=50.00%  AUC-PR=10.84%  F1=0.0000  MCC=0.0000  Train=0.013s  Test=0.004s  Peak RAM=3.121 MB
2026-03-22 17:04:23 | INFO | [ncluster=64/64] AUC-ROC=50.00%  AUC-PR=10.84%  F1=0.0000  MCC=0.0000  Train=0.012s  Test=0.003s  Peak RAM=3.121 MB
2026-03-22 17:04:23 | INFO | [ncluster=67/67] AUC-ROC=50.00%  AUC-PR=10.84%  F1=0.0000  MCC=0.0000  Train=0.013s  Test=0.004s  Peak RAM=3.121 MB
2026-03-22 17:04:23 | INFO | [ncluster=70/70] AUC-ROC=50.00%  AUC-PR=10.84%  F1=0.0000  MCC=0.0000  Train=0.014s  Test=0.005s  Peak RAM=3.121 MB
2026-03-22 17:04:23 | INFO | [ncluster=73/73] AUC-ROC=50.00%  AUC-PR=10.84%  F1=0.0000  MCC=0.0000  Train=0.013s  Test=0.004s  Peak RAM=3.122 MB
2026-03-22 17:04:23 | INFO | [ncluster=76/76] AUC-ROC=50.00%  AUC-PR=10.84%  F1=0.0000  MCC=0.0000  Train=0.013s  Test=0.004s  Peak RAM=3.119 MB
2026-03-22 17:04:23 | INFO | [ncluster=79/79] AUC-ROC=50.00%  AUC-PR=10.84%  F1=0.0000  MCC=0.0000  Train=0.015s  Test=0.005s  Peak RAM=3.121 MB
2026-03-22 17:04:23 | INFO | [ncluster=82/82] AUC-ROC=50.00%  AUC-PR=10.84%  F1=0.0000  MCC=0.0000  Train=0.014s  Test=0.004s  Peak RAM=3.119 MB
2026-03-22 17:04:23 | INFO | [ncluster=85/85] AUC-ROC=50.00%  AUC-PR=10.84%  F1=0.0000  MCC=0.0000  Train=0.014s  Test=0.005s  Peak RAM=3.125 MB
2026-03-22 17:04:23 | INFO | [ncluster=88/88] AUC-ROC=50.00%  AUC-PR=10.84%  F1=0.0000  MCC=0.0000  Train=0.014s  Test=0.004s  Peak RAM=3.122 MB
2026-03-22 17:04:23 | INFO | [ncluster=91/91] AUC-ROC=50.00%  AUC-PR=10.84%  F1=0.0000  MCC=0.0000  Train=0.016s  Test=0.004s  Peak RAM=3.123 MB
2026-03-22 17:04:23 | INFO | [ncluster=94/94] AUC-ROC=50.00%  AUC-PR=10.84%  F1=0.0000  MCC=0.0000  Train=0.015s  Test=0.005s  Peak RAM=3.121 MB
2026-03-22 17:04:23 | INFO | [ncluster=97/97] AUC-ROC=50.00%  AUC-PR=10.84%  F1=0.0000  MCC=0.0000  Train=0.014s  Test=0.004s  Peak RAM=3.123 MB
2026-03-22 17:04:23 | INFO | [ncluster=100/100] AUC-ROC=50.00%  AUC-PR=10.84%  F1=0.0000  MCC=0.0000  Train=0.015s  Test=0.005s  Peak RAM=3.121 MB
2026-03-22 17:04:23 | INFO | [ncluster=103/103] AUC-ROC=50.00%  AUC-PR=10.84%  F1=0.0000  MCC=0.0000  Train=0.015s  Test=0.005s  Peak RAM=3.124 MB
2026-03-22 17:04:23 | INFO | [ncluster=106/106] AUC-ROC=50.00%  AUC-PR=10.84%  F1=0.0000  MCC=0.0000  Train=0.016s  Test=0.004s  Peak RAM=3.122 MB
2026-03-22 17:04:23 | INFO | [ncluster=109/109] AUC-ROC=50.00%  AUC-PR=10.84%  F1=0.0000  MCC=0.0000  Train=0.016s  Test=0.005s  Peak RAM=3.124 MB
2026-03-22 17:04:23 | INFO | [ncluster=112/112] AUC-ROC=50.00%  AUC-PR=10.84%  F1=0.0000  MCC=0.0000  Train=0.016s  Test=0.004s  Peak RAM=3.122 MB
2026-03-22 17:04:23 | INFO | [ncluster=115/115] AUC-ROC=50.00%  AUC-PR=10.84%  F1=0.0000  MCC=0.0000  Train=0.016s  Test=0.005s  Peak RAM=3.125 MB
2026-03-22 17:04:23 | INFO | [ncluster=118/118] AUC-ROC=50.00%  AUC-PR=10.84%  F1=0.0000  MCC=0.0000  Train=0.017s  Test=0.005s  Peak RAM=3.123 MB
2026-03-22 17:04:23 | INFO | [ncluster=121/121] AUC-ROC=50.00%  AUC-PR=10.84%  F1=0.0000  MCC=0.0000  Train=0.018s  Test=0.004s  Peak RAM=3.125 MB
2026-03-22 17:04:23 | INFO | [ncluster=124/124] AUC-ROC=50.00%  AUC-PR=10.84%  F1=0.0000  MCC=0.0000  Train=0.017s  Test=0.005s  Peak RAM=3.123 MB
2026-03-22 17:04:23 | INFO | [ncluster=127/127] AUC-ROC=50.00%  AUC-PR=10.84%  F1=0.0000  MCC=0.0000  Train=0.018s  Test=0.006s  Peak RAM=3.126 MB
2026-03-22 17:04:23 | INFO | [ncluster=130/130] AUC-ROC=50.00%  AUC-PR=10.84%  F1=0.0000  MCC=0.0000  Train=0.018s  Test=0.005s  Peak RAM=3.123 MB
2026-03-22 17:04:23 | INFO | [ncluster=133/133] AUC-ROC=50.00%  AUC-PR=10.84%  F1=0.0000  MCC=0.0000  Train=0.018s  Test=0.005s  Peak RAM=3.125 MB
2026-03-22 17:04:23 | INFO | [ncluster=136/136] AUC-ROC=50.00%  AUC-PR=10.84%  F1=0.0000  MCC=0.0000  Train=0.018s  Test=0.004s  Peak RAM=3.123 MB
2026-03-22 17:04:23 | INFO | [ncluster=139/139] AUC-ROC=50.00%  AUC-PR=10.84%  F1=0.0000  MCC=0.0000  Train=0.020s  Test=0.005s  Peak RAM=3.126 MB
2026-03-22 17:04:23 | INFO | [ncluster=142/142] AUC-ROC=50.00%  AUC-PR=10.84%  F1=0.0000  MCC=0.0000  Train=0.019s  Test=0.006s  Peak RAM=3.124 MB
2026-03-22 17:04:23 | INFO | [ncluster=145/145] AUC-ROC=50.00%  AUC-PR=10.84%  F1=0.0000  MCC=0.0000  Train=0.019s  Test=0.005s  Peak RAM=3.127 MB
2026-03-22 17:04:23 | INFO | [ncluster=148/148] AUC-ROC=50.00%  AUC-PR=10.84%  F1=0.0000  MCC=0.0000  Train=0.019s  Test=0.005s  Peak RAM=3.124 MB
2026-03-22 17:04:23 | INFO | [ncluster=151/151] AUC-ROC=50.00%  AUC-PR=10.84%  F1=0.0000  MCC=0.0000  Train=0.021s  Test=0.006s  Peak RAM=3.126 MB
2026-03-22 17:04:23 | INFO | [ncluster=154/154] AUC-ROC=50.00%  AUC-PR=10.84%  F1=0.0000  MCC=0.0000  Train=0.020s  Test=0.005s  Peak RAM=3.124 MB
2026-03-22 17:04:23 | INFO | [ncluster=157/157] AUC-ROC=50.00%  AUC-PR=10.84%  F1=0.0000  MCC=0.0000  Train=0.021s  Test=0.006s  Peak RAM=3.129 MB
2026-03-22 17:04:23 | INFO | [ncluster=160/160] AUC-ROC=50.00%  AUC-PR=10.84%  F1=0.0000  MCC=0.0000  Train=0.020s  Test=0.005s  Peak RAM=3.126 MB
2026-03-22 17:04:23 | INFO | [ncluster=163/163] AUC-ROC=50.00%  AUC-PR=10.84%  F1=0.0000  MCC=0.0000  Train=0.022s  Test=0.005s  Peak RAM=3.127 MB
2026-03-22 17:04:23 | INFO | [ncluster=166/166] AUC-ROC=50.00%  AUC-PR=10.84%  F1=0.0000  MCC=0.0000  Train=0.021s  Test=0.006s  Peak RAM=3.125 MB
2026-03-22 17:04:23 | INFO | [ncluster=169/169] AUC-ROC=50.00%  AUC-PR=10.84%  F1=0.0000  MCC=0.0000  Train=0.021s  Test=0.005s  Peak RAM=3.127 MB
2026-03-22 17:04:23 | INFO | [ncluster=172/172] AUC-ROC=50.00%  AUC-PR=10.84%  F1=0.0000  MCC=0.0000  Train=0.021s  Test=0.006s  Peak RAM=3.125 MB
2026-03-22 17:04:23 | INFO | [ncluster=175/175] AUC-ROC=50.00%  AUC-PR=10.84%  F1=0.0000  MCC=0.0000  Train=0.022s  Test=0.006s  Peak RAM=3.128 MB
2026-03-22 17:04:23 | INFO | [ncluster=178/178] AUC-ROC=50.00%  AUC-PR=10.84%  F1=0.0000  MCC=0.0000  Train=0.022s  Test=0.005s  Peak RAM=3.127 MB
2026-03-22 17:04:23 | INFO | [ncluster=181/181] AUC-ROC=50.00%  AUC-PR=10.84%  F1=0.0000  MCC=0.0000  Train=0.021s  Test=0.006s  Peak RAM=3.13 MB
2026-03-22 17:04:23 | INFO | [ncluster=184/184] AUC-ROC=50.00%  AUC-PR=10.84%  F1=0.0000  MCC=0.0000  Train=0.022s  Test=0.005s  Peak RAM=3.127 MB
2026-03-22 17:04:23 | INFO | [ncluster=187/187] AUC-ROC=50.00%  AUC-PR=10.84%  F1=0.0000  MCC=0.0000  Train=0.023s  Test=0.006s  Peak RAM=3.13 MB
2026-03-22 17:04:23 | INFO | [ncluster=190/190] AUC-ROC=50.00%  AUC-PR=10.84%  F1=0.0000  MCC=0.0000  Train=0.023s  Test=0.006s  Peak RAM=3.126 MB
2026-03-22 17:04:23 | INFO | [ncluster=193/193] AUC-ROC=50.00%  AUC-PR=10.84%  F1=0.0000  MCC=0.0000  Train=0.023s  Test=0.005s  Peak RAM=3.129 MB
2026-03-22 17:04:23 | INFO | [ncluster=196/196] AUC-ROC=50.00%  AUC-PR=10.84%  F1=0.0000  MCC=0.0000  Train=0.023s  Test=0.006s  Peak RAM=3.127 MB
2026-03-22 17:04:23 | INFO | [ncluster=199/199] AUC-ROC=50.00%  AUC-PR=10.84%  F1=0.0000  MCC=0.0000  Train=0.024s  Test=0.007s  Peak RAM=3.131 MB
2026-03-22 17:04:23 | INFO | [ncluster=202/202] AUC-ROC=50.00%  AUC-PR=10.84%  F1=0.0000  MCC=0.0000  Train=0.022s  Test=0.006s  Peak RAM=3.127 MB
2026-03-22 17:04:23 | INFO | [ncluster=205/205] AUC-ROC=50.00%  AUC-PR=10.84%  F1=0.0000  MCC=0.0000  Train=0.025s  Test=0.006s  Peak RAM=3.13 MB
2026-03-22 17:04:23 | INFO | [ncluster=208/208] AUC-ROC=50.00%  AUC-PR=10.84%  F1=0.0000  MCC=0.0000  Train=0.024s  Test=0.005s  Peak RAM=3.127 MB
2026-03-22 17:04:23 | INFO | [ncluster=211/211] AUC-ROC=50.00%  AUC-PR=10.84%  F1=0.0000  MCC=0.0000  Train=0.026s  Test=0.006s  Peak RAM=3.13 MB
2026-03-22 17:04:23 | INFO | [ncluster=214/214] AUC-ROC=50.00%  AUC-PR=10.84%  F1=0.0000  MCC=0.0000  Train=0.025s  Test=0.006s  Peak RAM=3.129 MB
2026-03-22 17:04:23 | INFO | [ncluster=217/217] AUC-ROC=50.00%  AUC-PR=10.84%  F1=0.0000  MCC=0.0000  Train=0.025s  Test=0.006s  Peak RAM=3.13 MB
2026-03-22 17:04:23 | INFO | [ncluster=220/220] AUC-ROC=50.00%  AUC-PR=10.84%  F1=0.0000  MCC=0.0000  Train=0.027s  Test=0.006s  Peak RAM=3.13 MB
2026-03-22 17:04:23 | INFO | [ncluster=223/223] AUC-ROC=50.00%  AUC-PR=10.84%  F1=0.0000  MCC=0.0000  Train=0.025s  Test=0.007s  Peak RAM=3.132 MB
2026-03-22 17:04:23 | INFO | [ncluster=226/226] AUC-ROC=50.00%  AUC-PR=10.84%  F1=0.0000  MCC=0.0000  Train=0.027s  Test=0.006s  Peak RAM=3.132 MB
2026-03-22 17:04:23 | INFO | [ncluster=229/229] AUC-ROC=50.00%  AUC-PR=10.84%  F1=0.0000  MCC=0.0000  Train=0.026s  Test=0.007s  Peak RAM=3.13 MB
2026-03-22 17:04:23 | INFO | [ncluster=232/232] AUC-ROC=50.00%  AUC-PR=10.84%  F1=0.0000  MCC=0.0000  Train=0.027s  Test=0.006s  Peak RAM=3.131 MB
2026-03-22 17:04:23 | INFO | [ncluster=235/235] AUC-ROC=50.00%  AUC-PR=10.84%  F1=0.0000  MCC=0.0000  Train=0.027s  Test=0.006s  Peak RAM=3.132 MB
2026-03-22 17:04:23 | INFO | [ncluster=238/238] AUC-ROC=50.00%  AUC-PR=10.84%  F1=0.0000  MCC=0.0000  Train=0.027s  Test=0.007s  Peak RAM=3.133 MB
2026-03-22 17:04:23 | INFO | [ncluster=241/241] AUC-ROC=50.00%  AUC-PR=10.84%  F1=0.0000  MCC=0.0000  Train=0.027s  Test=0.006s  Peak RAM=3.132 MB
2026-03-22 17:04:23 | INFO | [ncluster=244/244] AUC-ROC=50.00%  AUC-PR=10.84%  F1=0.0000  MCC=0.0000  Train=0.029s  Test=0.006s  Peak RAM=3.133 MB
2026-03-22 17:04:23 | INFO | [ncluster=247/247] AUC-ROC=50.00%  AUC-PR=10.84%  F1=0.0000  MCC=0.0000  Train=0.028s  Test=0.007s  Peak RAM=3.133 MB
2026-03-22 17:04:23 | INFO | [ncluster=250/250] AUC-ROC=50.00%  AUC-PR=10.84%  F1=0.0000  MCC=0.0000  Train=0.028s  Test=0.006s  Peak RAM=3.133 MB
2026-03-22 17:04:23 | INFO | [ncluster=253/253] AUC-ROC=50.00%  AUC-PR=10.84%  F1=0.0000  MCC=0.0000  Train=0.027s  Test=0.007s  Peak RAM=3.134 MB
2026-03-22 17:04:23 | INFO | [ncluster=256/256] AUC-ROC=50.00%  AUC-PR=10.84%  F1=0.0000  MCC=0.0000  Train=0.029s  Test=0.006s  Peak RAM=3.133 MB
2026-03-22 17:04:23 | INFO | [ncluster=259/259] AUC-ROC=50.00%  AUC-PR=10.84%  F1=0.0000  MCC=0.0000  Train=0.030s  Test=0.007s  Peak RAM=3.134 MB
2026-03-22 17:04:23 | INFO | [ncluster=262/262] AUC-ROC=50.00%  AUC-PR=10.84%  F1=0.0000  MCC=0.0000  Train=0.031s  Test=0.007s  Peak RAM=3.134 MB
2026-03-22 17:04:23 | INFO | [ncluster=265/265] AUC-ROC=50.00%  AUC-PR=10.84%  F1=0.0000  MCC=0.0000  Train=0.029s  Test=0.006s  Peak RAM=3.133 MB
2026-03-22 17:04:23 | INFO | [ncluster=268/268] AUC-ROC=50.00%  AUC-PR=10.84%  F1=0.0000  MCC=0.0000  Train=0.028s  Test=0.007s  Peak RAM=3.134 MB
2026-03-22 17:04:23 | INFO | [ncluster=271/271] AUC-ROC=50.00%  AUC-PR=10.84%  F1=0.0000  MCC=0.0000  Train=0.030s  Test=0.008s  Peak RAM=3.134 MB
2026-03-22 17:04:23 | INFO | [ncluster=274/274] AUC-ROC=50.00%  AUC-PR=10.84%  F1=0.0000  MCC=0.0000  Train=0.030s  Test=0.007s  Peak RAM=3.135 MB
2026-03-22 17:04:23 | INFO | [ncluster=277/277] AUC-ROC=50.00%  AUC-PR=10.84%  F1=0.0000  MCC=0.0000  Train=0.031s  Test=0.007s  Peak RAM=3.134 MB
2026-03-22 17:04:23 | INFO | [ncluster=280/280] AUC-ROC=50.00%  AUC-PR=10.84%  F1=0.0000  MCC=0.0000  Train=0.032s  Test=0.012s  Peak RAM=3.135 MB
2026-03-22 17:04:23 | INFO | [ncluster=283/283] AUC-ROC=50.00%  AUC-PR=10.84%  F1=0.0000  MCC=0.0000  Train=0.030s  Test=0.007s  Peak RAM=3.134 MB
2026-03-22 17:04:23 | INFO | [ncluster=286/286] AUC-ROC=50.00%  AUC-PR=10.84%  F1=0.0000  MCC=0.0000  Train=0.031s  Test=0.008s  Peak RAM=3.136 MB
2026-03-22 17:04:23 | INFO | [ncluster=289/289] AUC-ROC=50.00%  AUC-PR=10.84%  F1=0.0000  MCC=0.0000  Train=0.032s  Test=0.007s  Peak RAM=3.136 MB
2026-03-22 17:04:23 | INFO | [ncluster=292/292] AUC-ROC=50.00%  AUC-PR=10.84%  F1=0.0000  MCC=0.0000  Train=0.030s  Test=0.007s  Peak RAM=3.136 MB
2026-03-22 17:04:23 | INFO | [ncluster=295/295] AUC-ROC=50.00%  AUC-PR=10.84%  F1=0.0000  MCC=0.0000  Train=0.033s  Test=0.008s  Peak RAM=3.137 MB
2026-03-22 17:04:23 | INFO | [ncluster=298/298] AUC-ROC=50.00%  AUC-PR=10.84%  F1=0.0000  MCC=0.0000  Train=0.034s  Test=0.007s  Peak RAM=3.137 MB
2026-03-22 17:04:23 | INFO | [ncluster=301/301] AUC-ROC=50.00%  AUC-PR=10.84%  F1=0.0000  MCC=0.0000  Train=0.032s  Test=0.007s  Peak RAM=3.136 MB
2026-03-22 17:04:23 | INFO | [ncluster=304/304] AUC-ROC=50.00%  AUC-PR=10.84%  F1=0.0000  MCC=0.0000  Train=0.031s  Test=0.007s  Peak RAM=3.138 MB
2026-03-22 17:04:23 | INFO | [ncluster=307/307] AUC-ROC=50.00%  AUC-PR=10.84%  F1=0.0000  MCC=0.0000  Train=0.031s  Test=0.007s  Peak RAM=3.137 MB
2026-03-22 17:04:23 | INFO | [ncluster=310/310] AUC-ROC=50.00%  AUC-PR=10.84%  F1=0.0000  MCC=0.0000  Train=0.033s  Test=0.008s  Peak RAM=3.136 MB
2026-03-22 17:04:23 | INFO | [ncluster=313/313] AUC-ROC=50.00%  AUC-PR=10.84%  F1=0.0000  MCC=0.0000  Train=0.034s  Test=0.007s  Peak RAM=3.138 MB
2026-03-22 17:04:23 | INFO | [ncluster=316/316] AUC-ROC=50.00%  AUC-PR=10.84%  F1=0.0000  MCC=0.0000  Train=0.035s  Test=0.007s  Peak RAM=3.137 MB
2026-03-22 17:04:23 | INFO | [ncluster=319/319] AUC-ROC=50.00%  AUC-PR=10.84%  F1=0.0000  MCC=0.0000  Train=0.034s  Test=0.008s  Peak RAM=3.137 MB
2026-03-22 17:04:23 | INFO | [ncluster=322/322] AUC-ROC=50.00%  AUC-PR=10.84%  F1=0.0000  MCC=0.0000  Train=0.034s  Test=0.007s  Peak RAM=3.138 MB
2026-03-22 17:04:23 | INFO | [ncluster=325/325] AUC-ROC=50.00%  AUC-PR=10.84%  F1=0.0000  MCC=0.0000  Train=0.033s  Test=0.008s  Peak RAM=3.137 MB
2026-03-22 17:04:23 | INFO | [ncluster=328/328] AUC-ROC=50.00%  AUC-PR=10.84%  F1=0.0000  MCC=0.0000  Train=0.036s  Test=0.007s  Peak RAM=3.137 MB
2026-03-22 17:04:23 | INFO | [ncluster=331/331] AUC-ROC=50.00%  AUC-PR=10.84%  F1=0.0000  MCC=0.0000  Train=0.036s  Test=0.008s  Peak RAM=3.138 MB
2026-03-22 17:04:23 | INFO | [ncluster=334/334] AUC-ROC=50.00%  AUC-PR=10.84%  F1=0.0000  MCC=0.0000  Train=0.037s  Test=0.008s  Peak RAM=3.14 MB
2026-03-22 17:04:23 | INFO | [ncluster=337/337] AUC-ROC=50.00%  AUC-PR=10.84%  F1=0.0000  MCC=0.0000  Train=0.035s  Test=0.007s  Peak RAM=3.138 MB
2026-03-22 17:04:23 | INFO | [ncluster=340/340] AUC-ROC=50.00%  AUC-PR=10.84%  F1=0.0000  MCC=0.0000  Train=0.035s  Test=0.008s  Peak RAM=3.14 MB
2026-03-22 17:04:23 | INFO | [ncluster=343/343] AUC-ROC=50.00%  AUC-PR=10.84%  F1=0.0000  MCC=0.0000  Train=0.036s  Test=0.009s  Peak RAM=3.139 MB
2026-03-22 17:04:23 | INFO | [ncluster=346/346] AUC-ROC=50.00%  AUC-PR=10.84%  F1=0.0000  MCC=0.0000  Train=0.036s  Test=0.008s  Peak RAM=3.139 MB
2026-03-22 17:04:23 | INFO | [ncluster=349/349] AUC-ROC=50.00%  AUC-PR=10.84%  F1=0.0000  MCC=0.0000  Train=0.036s  Test=0.008s  Peak RAM=3.14 MB
2026-03-22 17:04:23 | INFO | [ncluster=352/352] AUC-ROC=50.00%  AUC-PR=10.84%  F1=0.0000  MCC=0.0000  Train=0.038s  Test=0.007s  Peak RAM=3.139 MB
2026-03-22 17:04:23 | INFO | [ncluster=355/355] AUC-ROC=50.00%  AUC-PR=10.84%  F1=0.0000  MCC=0.0000  Train=0.038s  Test=0.008s  Peak RAM=3.139 MB
2026-03-22 17:04:23 | INFO | [ncluster=358/358] AUC-ROC=50.00%  AUC-PR=10.84%  F1=0.0000  MCC=0.0000  Train=0.037s  Test=0.008s  Peak RAM=3.14 MB
2026-03-22 17:04:23 | INFO | [ncluster=361/361] AUC-ROC=50.00%  AUC-PR=10.84%  F1=0.0000  MCC=0.0000  Train=0.036s  Test=0.007s  Peak RAM=3.142 MB
2026-03-22 17:04:23 | INFO | [ncluster=364/364] AUC-ROC=50.00%  AUC-PR=10.84%  F1=0.0000  MCC=0.0000  Train=0.039s  Test=0.008s  Peak RAM=3.14 MB
2026-03-22 17:04:23 | INFO | [ncluster=367/367] AUC-ROC=50.00%  AUC-PR=10.84%  F1=0.0000  MCC=0.0000  Train=0.039s  Test=0.009s  Peak RAM=3.141 MB
2026-03-22 17:04:23 | INFO | [ncluster=370/370] AUC-ROC=50.00%  AUC-PR=10.84%  F1=0.0000  MCC=0.0000  Train=0.040s  Test=0.008s  Peak RAM=3.14 MB
2026-03-22 17:04:23 | INFO | [ncluster=373/373] AUC-ROC=50.00%  AUC-PR=10.84%  F1=0.0000  MCC=0.0000  Train=0.039s  Test=0.008s  Peak RAM=3.14 MB
2026-03-22 17:04:23 | INFO | [ncluster=376/376] AUC-ROC=50.00%  AUC-PR=10.84%  F1=0.0000  MCC=0.0000  Train=0.039s  Test=0.008s  Peak RAM=3.142 MB
2026-03-22 17:04:23 | INFO | [ncluster=379/379] AUC-ROC=50.00%  AUC-PR=10.84%  F1=0.0000  MCC=0.0000  Train=0.039s  Test=0.008s  Peak RAM=3.141 MB
2026-03-22 17:04:23 | INFO | [ncluster=382/382] AUC-ROC=50.00%  AUC-PR=10.84%  F1=0.0000  MCC=0.0000  Train=0.039s  Test=0.009s  Peak RAM=3.141 MB
2026-03-22 17:04:23 | INFO | [ncluster=385/385] AUC-ROC=50.00%  AUC-PR=10.84%  F1=0.0000  MCC=0.0000  Train=0.040s  Test=0.008s  Peak RAM=3.142 MB
2026-03-22 17:04:23 | INFO | [ncluster=388/388] AUC-ROC=50.00%  AUC-PR=10.84%  F1=0.0000  MCC=0.0000  Train=0.041s  Test=0.008s  Peak RAM=3.142 MB
2026-03-22 17:04:23 | INFO | [ncluster=391/391] AUC-ROC=50.00%  AUC-PR=10.84%  F1=0.0000  MCC=0.0000  Train=0.041s  Test=0.009s  Peak RAM=3.142 MB
2026-03-22 17:04:23 | INFO | [ncluster=394/394] AUC-ROC=50.00%  AUC-PR=10.84%  F1=0.0000  MCC=0.0000  Train=0.041s  Test=0.008s  Peak RAM=3.142 MB
2026-03-22 17:04:23 | INFO | [ncluster=397/397] AUC-ROC=50.00%  AUC-PR=10.84%  F1=0.0000  MCC=0.0000  Train=0.042s  Test=0.009s  Peak RAM=3.144 MB
2026-03-22 17:04:23 | INFO | [ncluster=400/400] AUC-ROC=50.00%  AUC-PR=10.84%  F1=0.0000  MCC=0.0000  Train=0.042s  Test=0.008s  Peak RAM=3.141 MB
2026-03-22 17:04:23 | INFO | [ncluster=403/403] AUC-ROC=50.00%  AUC-PR=10.84%  F1=0.0000  MCC=0.0000  Train=0.042s  Test=0.008s  Peak RAM=3.143 MB
2026-03-22 17:04:23 | INFO | [ncluster=406/406] AUC-ROC=50.00%  AUC-PR=10.84%  F1=0.0000  MCC=0.0000  Train=0.040s  Test=0.009s  Peak RAM=3.143 MB
2026-03-22 17:04:23 | INFO | [ncluster=409/409] AUC-ROC=50.00%  AUC-PR=10.84%  F1=0.0000  MCC=0.0000  Train=0.042s  Test=0.008s  Peak RAM=3.142 MB
2026-03-22 17:04:23 | INFO | [ncluster=412/412] AUC-ROC=50.00%  AUC-PR=10.84%  F1=0.0000  MCC=0.0000  Train=0.043s  Test=0.009s  Peak RAM=3.144 MB
2026-03-22 17:04:23 | INFO | [ncluster=415/415] AUC-ROC=50.00%  AUC-PR=10.84%  F1=0.0000  MCC=0.0000  Train=0.042s  Test=0.010s  Peak RAM=3.144 MB
2026-03-22 17:04:23 | INFO | [ncluster=418/418] AUC-ROC=50.00%  AUC-PR=10.84%  F1=0.0000  MCC=0.0000  Train=0.042s  Test=0.008s  Peak RAM=3.144 MB
2026-03-22 17:04:23 | INFO | [ncluster=421/421] AUC-ROC=50.00%  AUC-PR=10.84%  F1=0.0000  MCC=0.0000  Train=0.043s  Test=0.009s  Peak RAM=3.144 MB
2026-03-22 17:04:23 | INFO | [ncluster=424/424] AUC-ROC=50.00%  AUC-PR=10.84%  F1=0.0000  MCC=0.0000  Train=0.044s  Test=0.008s  Peak RAM=3.144 MB
2026-03-22 17:04:23 | INFO | [ncluster=427/427] AUC-ROC=50.00%  AUC-PR=10.84%  F1=0.0000  MCC=0.0000  Train=0.045s  Test=0.009s  Peak RAM=3.144 MB
2026-03-22 17:04:23 | INFO | [ncluster=430/430] AUC-ROC=50.00%  AUC-PR=10.84%  F1=0.0000  MCC=0.0000  Train=0.044s  Test=0.009s  Peak RAM=3.145 MB
2026-03-22 17:04:23 | INFO | [ncluster=433/433] AUC-ROC=50.00%  AUC-PR=10.84%  F1=0.0000  MCC=0.0000  Train=0.045s  Test=0.008s  Peak RAM=3.145 MB
2026-03-22 17:04:23 | INFO | [ncluster=436/436] AUC-ROC=50.00%  AUC-PR=10.84%  F1=0.0000  MCC=0.0000  Train=0.045s  Test=0.009s  Peak RAM=3.144 MB
2026-03-22 17:04:23 | INFO | [ncluster=439/439] AUC-ROC=50.00%  AUC-PR=10.84%  F1=0.0000  MCC=0.0000  Train=0.042s  Test=0.010s  Peak RAM=3.145 MB
2026-03-22 17:04:23 | INFO | [ncluster=442/442] AUC-ROC=50.00%  AUC-PR=10.84%  F1=0.0000  MCC=0.0000  Train=0.047s  Test=0.009s  Peak RAM=3.145 MB
2026-03-22 17:04:23 | INFO | [ncluster=445/445] AUC-ROC=50.00%  AUC-PR=10.84%  F1=0.0000  MCC=0.0000  Train=0.041s  Test=0.010s  Peak RAM=3.145 MB
2026-03-22 17:04:23 | INFO | [ncluster=448/448] AUC-ROC=50.00%  AUC-PR=10.84%  F1=0.0000  MCC=0.0000  Train=0.046s  Test=0.008s  Peak RAM=3.147 MB
2026-03-22 17:04:23 | INFO | [ncluster=451/451] AUC-ROC=50.00%  AUC-PR=10.84%  F1=0.0000  MCC=0.0000  Train=0.045s  Test=0.009s  Peak RAM=3.146 MB
2026-03-22 17:04:23 | INFO | [ncluster=454/454] AUC-ROC=50.00%  AUC-PR=10.84%  F1=0.0000  MCC=0.0000  Train=0.045s  Test=0.010s  Peak RAM=3.147 MB
2026-03-22 17:04:23 | INFO | [ncluster=457/457] AUC-ROC=50.00%  AUC-PR=10.84%  F1=0.0000  MCC=0.0000  Train=0.046s  Test=0.009s  Peak RAM=3.146 MB
2026-03-22 17:04:23 | INFO | [ncluster=460/460] AUC-ROC=50.00%  AUC-PR=10.84%  F1=0.0000  MCC=0.0000  Train=0.047s  Test=0.009s  Peak RAM=3.148 MB
2026-03-22 17:04:23 | INFO | [ncluster=463/463] AUC-ROC=50.00%  AUC-PR=10.84%  F1=0.0000  MCC=0.0000  Train=0.048s  Test=0.010s  Peak RAM=3.147 MB
2026-03-22 17:04:23 | INFO | [ncluster=466/466] AUC-ROC=50.00%  AUC-PR=10.84%  F1=0.0000  MCC=0.0000  Train=0.047s  Test=0.009s  Peak RAM=3.146 MB
2026-03-22 17:04:23 | INFO | [ncluster=469/469] AUC-ROC=50.00%  AUC-PR=10.84%  F1=0.0000  MCC=0.0000  Train=0.048s  Test=0.010s  Peak RAM=3.148 MB
2026-03-22 17:04:23 | INFO | [ncluster=472/472] AUC-ROC=50.00%  AUC-PR=10.84%  F1=0.0000  MCC=0.0000  Train=0.048s  Test=0.008s  Peak RAM=3.147 MB
2026-03-22 17:04:23 | INFO | [ncluster=475/475] AUC-ROC=50.00%  AUC-PR=10.84%  F1=0.0000  MCC=0.0000  Train=0.048s  Test=0.009s  Peak RAM=3.147 MB
2026-03-22 17:04:23 | INFO | [ncluster=478/478] AUC-ROC=50.00%  AUC-PR=10.84%  F1=0.0000  MCC=0.0000  Train=0.048s  Test=0.008s  Peak RAM=3.147 MB
2026-03-22 17:04:23 | INFO | [ncluster=481/481] AUC-ROC=50.00%  AUC-PR=10.84%  F1=0.0000  MCC=0.0000  Train=0.030s  Test=0.007s  Peak RAM=3.148 MB
2026-03-22 17:04:23 | INFO | [ncluster=484/484] AUC-ROC=50.00%  AUC-PR=10.84%  F1=0.0000  MCC=0.0000  Train=0.030s  Test=0.007s  Peak RAM=3.149 MB
2026-03-22 17:04:23 | INFO | [ncluster=487/487] AUC-ROC=50.00%  AUC-PR=10.84%  F1=0.0000  MCC=0.0000  Train=0.030s  Test=0.008s  Peak RAM=3.148 MB
2026-03-22 17:04:23 | INFO | [ncluster=490/490] AUC-ROC=50.00%  AUC-PR=10.84%  F1=0.0000  MCC=0.0000  Train=0.030s  Test=0.007s  Peak RAM=3.149 MB
2026-03-22 17:04:23 | INFO | [ncluster=493/493] AUC-ROC=50.00%  AUC-PR=10.84%  F1=0.0000  MCC=0.0000  Train=0.030s  Test=0.007s  Peak RAM=3.149 MB
2026-03-22 17:04:23 | INFO | [ncluster=496/496] AUC-ROC=50.00%  AUC-PR=10.84%  F1=0.0000  MCC=0.0000  Train=0.031s  Test=0.007s  Peak RAM=3.148 MB
2026-03-22 17:04:23 | INFO | [ncluster=499/499] AUC-ROC=50.00%  AUC-PR=10.84%  F1=0.0000  MCC=0.0000  Train=0.032s  Test=0.007s  Peak RAM=3.149 MB
2026-03-22 17:04:23 | INFO | --- noise=3% ---
2026-03-22 17:04:23 | INFO | ============================================================
2026-03-22 17:04:23 | INFO | Dataset  : Train_RobustScaler_data_BoTIoT.csv
2026-03-22 17:04:23 | INFO | Scaler   : RobustScaler
2026-03-22 17:04:23 | INFO | Noise    : 3%
2026-03-22 17:04:23 | INFO | nClusters: 167 values (1..499)
2026-03-22 17:04:23 | INFO | ============================================================
2026-03-22 17:04:23 | INFO | Loaded Raw Shape -> Train: (7257, 27), Test: (16815, 27)
2026-03-22 17:04:23 | INFO | Dropped metadata features: ['pkSeqID', 'stime', 'ltime', 'seq', 'saddr', 'daddr', 'sport', 'dport', 'state', 'flgs', 'proto']
2026-03-22 17:04:23 | INFO | Dropped metadata features: ['pkSeqID', 'stime', 'ltime', 'seq', 'saddr', 'daddr', 'sport', 'dport', 'state', 'flgs', 'proto']
2026-03-22 17:04:23 | INFO | Training size : 7,474  |  Testing size: 16,598  |  Features: 15
2026-03-22 17:04:23 | INFO | Firing up Parallel execution for 167 cluster configs...
2026-03-22 17:05:25 | INFO | [ncluster=1/1] AUC-ROC=50.00%  AUC-PR=10.94%  F1=0.0000  MCC=0.0000  Train=0.007s  Test=0.003s  Peak RAM=3.177 MB
2026-03-22 17:05:25 | INFO | [ncluster=4/4] AUC-ROC=50.00%  AUC-PR=10.94%  F1=0.0000  MCC=0.0000  Train=0.008s  Test=0.003s  Peak RAM=3.179 MB
2026-03-22 17:05:25 | INFO | [ncluster=7/7] AUC-ROC=50.00%  AUC-PR=10.94%  F1=0.0000  MCC=0.0000  Train=0.008s  Test=0.004s  Peak RAM=3.179 MB
2026-03-22 17:05:25 | INFO | [ncluster=10/10] AUC-ROC=50.00%  AUC-PR=10.94%  F1=0.0000  MCC=0.0000  Train=0.009s  Test=0.003s  Peak RAM=3.179 MB
2026-03-22 17:05:25 | INFO | [ncluster=13/13] AUC-ROC=50.00%  AUC-PR=10.94%  F1=0.0000  MCC=0.0000  Train=0.008s  Test=0.004s  Peak RAM=3.178 MB
2026-03-22 17:05:25 | INFO | [ncluster=16/16] AUC-ROC=50.00%  AUC-PR=10.94%  F1=0.0000  MCC=0.0000  Train=0.009s  Test=0.003s  Peak RAM=3.179 MB
2026-03-22 17:05:25 | INFO | [ncluster=19/19] AUC-ROC=50.00%  AUC-PR=10.94%  F1=0.0000  MCC=0.0000  Train=0.008s  Test=0.003s  Peak RAM=3.179 MB
2026-03-22 17:05:25 | INFO | [ncluster=22/22] AUC-ROC=50.00%  AUC-PR=10.94%  F1=0.0000  MCC=0.0000  Train=0.008s  Test=0.004s  Peak RAM=3.18 MB
2026-03-22 17:05:25 | INFO | [ncluster=25/25] AUC-ROC=50.00%  AUC-PR=10.94%  F1=0.0000  MCC=0.0000  Train=0.010s  Test=0.003s  Peak RAM=3.18 MB
2026-03-22 17:05:25 | INFO | [ncluster=28/28] AUC-ROC=50.00%  AUC-PR=10.94%  F1=0.0000  MCC=0.0000  Train=0.009s  Test=0.004s  Peak RAM=3.18 MB
2026-03-22 17:05:25 | INFO | [ncluster=31/31] AUC-ROC=50.00%  AUC-PR=10.94%  F1=0.0000  MCC=0.0000  Train=0.009s  Test=0.004s  Peak RAM=3.18 MB
2026-03-22 17:05:25 | INFO | [ncluster=34/34] AUC-ROC=50.00%  AUC-PR=10.94%  F1=0.0000  MCC=0.0000  Train=0.011s  Test=0.003s  Peak RAM=3.18 MB
2026-03-22 17:05:25 | INFO | [ncluster=37/37] AUC-ROC=50.00%  AUC-PR=10.94%  F1=0.0000  MCC=0.0000  Train=0.011s  Test=0.004s  Peak RAM=3.181 MB
2026-03-22 17:05:25 | INFO | [ncluster=40/40] AUC-ROC=50.00%  AUC-PR=10.94%  F1=0.0000  MCC=0.0000  Train=0.011s  Test=0.003s  Peak RAM=3.181 MB
2026-03-22 17:05:25 | INFO | [ncluster=43/43] AUC-ROC=50.00%  AUC-PR=10.94%  F1=0.0000  MCC=0.0000  Train=0.012s  Test=0.004s  Peak RAM=3.181 MB
2026-03-22 17:05:25 | INFO | [ncluster=46/46] AUC-ROC=50.00%  AUC-PR=10.94%  F1=0.0000  MCC=0.0000  Train=0.012s  Test=0.004s  Peak RAM=3.182 MB
2026-03-22 17:05:25 | INFO | [ncluster=49/49] AUC-ROC=50.00%  AUC-PR=10.94%  F1=0.0000  MCC=0.0000  Train=0.011s  Test=0.004s  Peak RAM=3.181 MB
2026-03-22 17:05:25 | INFO | [ncluster=52/52] AUC-ROC=50.00%  AUC-PR=10.94%  F1=0.0000  MCC=0.0000  Train=0.012s  Test=0.004s  Peak RAM=3.182 MB
2026-03-22 17:05:25 | INFO | [ncluster=55/55] AUC-ROC=50.00%  AUC-PR=10.94%  F1=0.0000  MCC=0.0000  Train=0.012s  Test=0.005s  Peak RAM=3.182 MB
2026-03-22 17:05:25 | INFO | [ncluster=58/58] AUC-ROC=50.00%  AUC-PR=10.94%  F1=0.0000  MCC=0.0000  Train=0.012s  Test=0.004s  Peak RAM=3.183 MB
2026-03-22 17:05:25 | INFO | [ncluster=61/61] AUC-ROC=50.00%  AUC-PR=10.94%  F1=0.0000  MCC=0.0000  Train=0.013s  Test=0.004s  Peak RAM=3.183 MB
2026-03-22 17:05:25 | INFO | [ncluster=64/64] AUC-ROC=50.00%  AUC-PR=10.94%  F1=0.0000  MCC=0.0000  Train=0.012s  Test=0.003s  Peak RAM=3.182 MB
2026-03-22 17:05:25 | INFO | [ncluster=67/67] AUC-ROC=50.00%  AUC-PR=10.94%  F1=0.0000  MCC=0.0000  Train=0.012s  Test=0.004s  Peak RAM=3.187 MB
2026-03-22 17:05:25 | INFO | [ncluster=70/70] AUC-ROC=50.00%  AUC-PR=10.94%  F1=0.0000  MCC=0.0000  Train=0.014s  Test=0.005s  Peak RAM=3.182 MB
2026-03-22 17:05:25 | INFO | [ncluster=73/73] AUC-ROC=50.00%  AUC-PR=10.94%  F1=0.0000  MCC=0.0000  Train=0.014s  Test=0.004s  Peak RAM=3.184 MB
2026-03-22 17:05:25 | INFO | [ncluster=76/76] AUC-ROC=50.00%  AUC-PR=10.94%  F1=0.0000  MCC=0.0000  Train=0.013s  Test=0.004s  Peak RAM=3.184 MB
2026-03-22 17:05:25 | INFO | [ncluster=79/79] AUC-ROC=50.00%  AUC-PR=10.94%  F1=0.0000  MCC=0.0000  Train=0.015s  Test=0.005s  Peak RAM=3.184 MB
2026-03-22 17:05:25 | INFO | [ncluster=82/82] AUC-ROC=50.00%  AUC-PR=10.94%  F1=0.0000  MCC=0.0000  Train=0.014s  Test=0.004s  Peak RAM=3.184 MB
2026-03-22 17:05:25 | INFO | [ncluster=85/85] AUC-ROC=50.00%  AUC-PR=10.94%  F1=0.0000  MCC=0.0000  Train=0.015s  Test=0.005s  Peak RAM=3.182 MB
2026-03-22 17:05:25 | INFO | [ncluster=88/88] AUC-ROC=50.00%  AUC-PR=10.94%  F1=0.0000  MCC=0.0000  Train=0.014s  Test=0.004s  Peak RAM=3.186 MB
2026-03-22 17:05:25 | INFO | [ncluster=91/91] AUC-ROC=50.00%  AUC-PR=10.94%  F1=0.0000  MCC=0.0000  Train=0.016s  Test=0.004s  Peak RAM=3.185 MB
2026-03-22 17:05:25 | INFO | [ncluster=94/94] AUC-ROC=50.00%  AUC-PR=10.94%  F1=0.0000  MCC=0.0000  Train=0.015s  Test=0.005s  Peak RAM=3.188 MB
2026-03-22 17:05:25 | INFO | [ncluster=97/97] AUC-ROC=50.00%  AUC-PR=10.94%  F1=0.0000  MCC=0.0000  Train=0.015s  Test=0.004s  Peak RAM=3.184 MB
2026-03-22 17:05:25 | INFO | [ncluster=100/100] AUC-ROC=50.00%  AUC-PR=10.94%  F1=0.0000  MCC=0.0000  Train=0.015s  Test=0.005s  Peak RAM=3.186 MB
2026-03-22 17:05:25 | INFO | [ncluster=103/103] AUC-ROC=50.00%  AUC-PR=10.94%  F1=0.0000  MCC=0.0000  Train=0.017s  Test=0.005s  Peak RAM=3.185 MB
2026-03-22 17:05:25 | INFO | [ncluster=106/106] AUC-ROC=50.00%  AUC-PR=10.94%  F1=0.0000  MCC=0.0000  Train=0.016s  Test=0.004s  Peak RAM=3.183 MB
2026-03-22 17:05:25 | INFO | [ncluster=109/109] AUC-ROC=50.00%  AUC-PR=10.94%  F1=0.0000  MCC=0.0000  Train=0.015s  Test=0.005s  Peak RAM=3.189 MB
2026-03-22 17:05:25 | INFO | [ncluster=112/112] AUC-ROC=50.00%  AUC-PR=10.94%  F1=0.0000  MCC=0.0000  Train=0.017s  Test=0.004s  Peak RAM=3.184 MB
2026-03-22 17:05:25 | INFO | [ncluster=115/115] AUC-ROC=50.00%  AUC-PR=10.94%  F1=0.0000  MCC=0.0000  Train=0.017s  Test=0.005s  Peak RAM=3.186 MB
2026-03-22 17:05:25 | INFO | [ncluster=118/118] AUC-ROC=50.00%  AUC-PR=10.94%  F1=0.0000  MCC=0.0000  Train=0.017s  Test=0.005s  Peak RAM=3.19 MB
2026-03-22 17:05:25 | INFO | [ncluster=121/121] AUC-ROC=50.00%  AUC-PR=10.94%  F1=0.0000  MCC=0.0000  Train=0.018s  Test=0.004s  Peak RAM=3.193 MB
2026-03-22 17:05:25 | INFO | [ncluster=124/124] AUC-ROC=50.00%  AUC-PR=10.94%  F1=0.0000  MCC=0.0000  Train=0.018s  Test=0.005s  Peak RAM=3.185 MB
2026-03-22 17:05:25 | INFO | [ncluster=127/127] AUC-ROC=50.00%  AUC-PR=10.94%  F1=0.0000  MCC=0.0000  Train=0.018s  Test=0.006s  Peak RAM=3.189 MB
2026-03-22 17:05:25 | INFO | [ncluster=130/130] AUC-ROC=50.00%  AUC-PR=10.94%  F1=0.0000  MCC=0.0000  Train=0.018s  Test=0.005s  Peak RAM=3.185 MB
2026-03-22 17:05:25 | INFO | [ncluster=133/133] AUC-ROC=50.00%  AUC-PR=10.94%  F1=0.0000  MCC=0.0000  Train=0.018s  Test=0.005s  Peak RAM=3.188 MB
2026-03-22 17:05:25 | INFO | [ncluster=136/136] AUC-ROC=50.00%  AUC-PR=10.94%  F1=0.0000  MCC=0.0000  Train=0.019s  Test=0.004s  Peak RAM=3.185 MB
2026-03-22 17:05:25 | INFO | [ncluster=139/139] AUC-ROC=50.00%  AUC-PR=10.94%  F1=0.0000  MCC=0.0000  Train=0.020s  Test=0.005s  Peak RAM=3.19 MB
2026-03-22 17:05:25 | INFO | [ncluster=142/142] AUC-ROC=50.00%  AUC-PR=10.94%  F1=0.0000  MCC=0.0000  Train=0.019s  Test=0.006s  Peak RAM=3.186 MB
2026-03-22 17:05:25 | INFO | [ncluster=145/145] AUC-ROC=50.00%  AUC-PR=10.94%  F1=0.0000  MCC=0.0000  Train=0.019s  Test=0.005s  Peak RAM=3.188 MB
2026-03-22 17:05:25 | INFO | [ncluster=148/148] AUC-ROC=50.00%  AUC-PR=10.94%  F1=0.0000  MCC=0.0000  Train=0.020s  Test=0.005s  Peak RAM=3.186 MB
2026-03-22 17:05:25 | INFO | [ncluster=151/151] AUC-ROC=50.00%  AUC-PR=10.94%  F1=0.0000  MCC=0.0000  Train=0.021s  Test=0.006s  Peak RAM=3.19 MB
2026-03-22 17:05:25 | INFO | [ncluster=154/154] AUC-ROC=50.00%  AUC-PR=10.94%  F1=0.0000  MCC=0.0000  Train=0.020s  Test=0.005s  Peak RAM=3.188 MB
2026-03-22 17:05:25 | INFO | [ncluster=157/157] AUC-ROC=50.00%  AUC-PR=10.94%  F1=0.0000  MCC=0.0000  Train=0.021s  Test=0.006s  Peak RAM=3.188 MB
2026-03-22 17:05:25 | INFO | [ncluster=160/160] AUC-ROC=50.00%  AUC-PR=10.94%  F1=0.0000  MCC=0.0000  Train=0.021s  Test=0.005s  Peak RAM=3.185 MB
2026-03-22 17:05:25 | INFO | [ncluster=163/163] AUC-ROC=50.00%  AUC-PR=10.94%  F1=0.0000  MCC=0.0000  Train=0.022s  Test=0.005s  Peak RAM=3.19 MB
2026-03-22 17:05:25 | INFO | [ncluster=166/166] AUC-ROC=50.00%  AUC-PR=10.94%  F1=0.0000  MCC=0.0000  Train=0.021s  Test=0.006s  Peak RAM=3.187 MB
2026-03-22 17:05:25 | INFO | [ncluster=169/169] AUC-ROC=50.00%  AUC-PR=10.94%  F1=0.0000  MCC=0.0000  Train=0.021s  Test=0.005s  Peak RAM=3.191 MB
2026-03-22 17:05:25 | INFO | [ncluster=172/172] AUC-ROC=50.00%  AUC-PR=10.94%  F1=0.0000  MCC=0.0000  Train=0.021s  Test=0.006s  Peak RAM=3.187 MB
2026-03-22 17:05:25 | INFO | [ncluster=175/175] AUC-ROC=50.00%  AUC-PR=10.94%  F1=0.0000  MCC=0.0000  Train=0.022s  Test=0.006s  Peak RAM=3.189 MB
2026-03-22 17:05:25 | INFO | [ncluster=178/178] AUC-ROC=50.00%  AUC-PR=10.94%  F1=0.0000  MCC=0.0000  Train=0.022s  Test=0.005s  Peak RAM=3.191 MB
2026-03-22 17:05:25 | INFO | [ncluster=181/181] AUC-ROC=50.00%  AUC-PR=10.94%  F1=0.0000  MCC=0.0000  Train=0.021s  Test=0.006s  Peak RAM=3.192 MB
2026-03-22 17:05:25 | INFO | [ncluster=184/184] AUC-ROC=50.00%  AUC-PR=10.94%  F1=0.0000  MCC=0.0000  Train=0.023s  Test=0.005s  Peak RAM=3.189 MB
2026-03-22 17:05:25 | INFO | [ncluster=187/187] AUC-ROC=50.00%  AUC-PR=10.94%  F1=0.0000  MCC=0.0000  Train=0.023s  Test=0.006s  Peak RAM=3.191 MB
2026-03-22 17:05:25 | INFO | [ncluster=190/190] AUC-ROC=50.00%  AUC-PR=10.94%  F1=0.0000  MCC=0.0000  Train=0.023s  Test=0.006s  Peak RAM=3.188 MB
2026-03-22 17:05:25 | INFO | [ncluster=193/193] AUC-ROC=50.00%  AUC-PR=10.94%  F1=0.0000  MCC=0.0000  Train=0.024s  Test=0.005s  Peak RAM=3.193 MB
2026-03-22 17:05:25 | INFO | [ncluster=196/196] AUC-ROC=50.00%  AUC-PR=10.94%  F1=0.0000  MCC=0.0000  Train=0.024s  Test=0.006s  Peak RAM=3.19 MB
2026-03-22 17:05:25 | INFO | [ncluster=199/199] AUC-ROC=50.00%  AUC-PR=10.94%  F1=0.0000  MCC=0.0000  Train=0.024s  Test=0.007s  Peak RAM=3.193 MB
2026-03-22 17:05:25 | INFO | [ncluster=202/202] AUC-ROC=50.00%  AUC-PR=10.94%  F1=0.0000  MCC=0.0000  Train=0.024s  Test=0.006s  Peak RAM=3.19 MB
2026-03-22 17:05:25 | INFO | [ncluster=205/205] AUC-ROC=50.00%  AUC-PR=10.94%  F1=0.0000  MCC=0.0000  Train=0.023s  Test=0.006s  Peak RAM=3.194 MB
2026-03-22 17:05:25 | INFO | [ncluster=208/208] AUC-ROC=50.00%  AUC-PR=10.94%  F1=0.0000  MCC=0.0000  Train=0.025s  Test=0.005s  Peak RAM=3.19 MB
2026-03-22 17:05:25 | INFO | [ncluster=211/211] AUC-ROC=50.00%  AUC-PR=10.94%  F1=0.0000  MCC=0.0000  Train=0.027s  Test=0.006s  Peak RAM=3.194 MB
2026-03-22 17:05:25 | INFO | [ncluster=214/214] AUC-ROC=50.00%  AUC-PR=10.94%  F1=0.0000  MCC=0.0000  Train=0.025s  Test=0.006s  Peak RAM=3.191 MB
2026-03-22 17:05:25 | INFO | [ncluster=217/217] AUC-ROC=50.00%  AUC-PR=10.94%  F1=0.0000  MCC=0.0000  Train=0.025s  Test=0.006s  Peak RAM=3.194 MB
2026-03-22 17:05:25 | INFO | [ncluster=220/220] AUC-ROC=50.00%  AUC-PR=10.94%  F1=0.0000  MCC=0.0000  Train=0.027s  Test=0.006s  Peak RAM=3.194 MB
2026-03-22 17:05:25 | INFO | [ncluster=223/223] AUC-ROC=50.00%  AUC-PR=10.94%  F1=0.0000  MCC=0.0000  Train=0.025s  Test=0.007s  Peak RAM=3.192 MB
2026-03-22 17:05:25 | INFO | [ncluster=226/226] AUC-ROC=50.00%  AUC-PR=10.94%  F1=0.0000  MCC=0.0000  Train=0.028s  Test=0.006s  Peak RAM=3.195 MB
2026-03-22 17:05:25 | INFO | [ncluster=229/229] AUC-ROC=50.00%  AUC-PR=10.94%  F1=0.0000  MCC=0.0000  Train=0.026s  Test=0.007s  Peak RAM=3.195 MB
2026-03-22 17:05:25 | INFO | [ncluster=232/232] AUC-ROC=50.00%  AUC-PR=10.94%  F1=0.0000  MCC=0.0000  Train=0.036s  Test=0.006s  Peak RAM=3.195 MB
2026-03-22 17:05:25 | INFO | [ncluster=235/235] AUC-ROC=50.00%  AUC-PR=10.94%  F1=0.0000  MCC=0.0000  Train=0.028s  Test=0.006s  Peak RAM=3.196 MB
2026-03-22 17:05:25 | INFO | [ncluster=238/238] AUC-ROC=50.00%  AUC-PR=10.94%  F1=0.0000  MCC=0.0000  Train=0.026s  Test=0.007s  Peak RAM=3.194 MB
2026-03-22 17:05:25 | INFO | [ncluster=241/241] AUC-ROC=50.00%  AUC-PR=10.94%  F1=0.0000  MCC=0.0000  Train=0.028s  Test=0.006s  Peak RAM=3.195 MB
2026-03-22 17:05:25 | INFO | [ncluster=244/244] AUC-ROC=50.00%  AUC-PR=10.94%  F1=0.0000  MCC=0.0000  Train=0.029s  Test=0.007s  Peak RAM=3.196 MB
2026-03-22 17:05:25 | INFO | [ncluster=247/247] AUC-ROC=50.00%  AUC-PR=10.94%  F1=0.0000  MCC=0.0000  Train=0.029s  Test=0.007s  Peak RAM=3.195 MB
2026-03-22 17:05:25 | INFO | [ncluster=250/250] AUC-ROC=50.00%  AUC-PR=10.94%  F1=0.0000  MCC=0.0000  Train=0.028s  Test=0.006s  Peak RAM=3.195 MB
2026-03-22 17:05:25 | INFO | [ncluster=253/253] AUC-ROC=50.00%  AUC-PR=10.94%  F1=0.0000  MCC=0.0000  Train=0.030s  Test=0.007s  Peak RAM=3.194 MB
2026-03-22 17:05:25 | INFO | [ncluster=256/256] AUC-ROC=50.00%  AUC-PR=10.94%  F1=0.0000  MCC=0.0000  Train=0.029s  Test=0.006s  Peak RAM=3.195 MB
2026-03-22 17:05:25 | INFO | [ncluster=259/259] AUC-ROC=50.00%  AUC-PR=10.94%  F1=0.0000  MCC=0.0000  Train=0.031s  Test=0.007s  Peak RAM=3.196 MB
2026-03-22 17:05:25 | INFO | [ncluster=262/262] AUC-ROC=50.00%  AUC-PR=10.94%  F1=0.0000  MCC=0.0000  Train=0.031s  Test=0.007s  Peak RAM=3.195 MB
2026-03-22 17:05:25 | INFO | [ncluster=265/265] AUC-ROC=50.00%  AUC-PR=10.94%  F1=0.0000  MCC=0.0000  Train=0.029s  Test=0.006s  Peak RAM=3.195 MB
2026-03-22 17:05:25 | INFO | [ncluster=268/268] AUC-ROC=50.00%  AUC-PR=10.94%  F1=0.0000  MCC=0.0000  Train=0.031s  Test=0.007s  Peak RAM=3.197 MB
2026-03-22 17:05:25 | INFO | [ncluster=271/271] AUC-ROC=50.00%  AUC-PR=10.94%  F1=0.0000  MCC=0.0000  Train=0.031s  Test=0.007s  Peak RAM=3.196 MB
2026-03-22 17:05:25 | INFO | [ncluster=274/274] AUC-ROC=50.00%  AUC-PR=10.94%  F1=0.0000  MCC=0.0000  Train=0.030s  Test=0.007s  Peak RAM=3.198 MB
2026-03-22 17:05:25 | INFO | [ncluster=277/277] AUC-ROC=50.00%  AUC-PR=10.94%  F1=0.0000  MCC=0.0000  Train=0.031s  Test=0.007s  Peak RAM=3.197 MB
2026-03-22 17:05:25 | INFO | [ncluster=280/280] AUC-ROC=50.00%  AUC-PR=10.94%  F1=0.0000  MCC=0.0000  Train=0.032s  Test=0.006s  Peak RAM=3.196 MB
2026-03-22 17:05:25 | INFO | [ncluster=283/283] AUC-ROC=50.00%  AUC-PR=10.94%  F1=0.0000  MCC=0.0000  Train=0.032s  Test=0.007s  Peak RAM=3.197 MB
2026-03-22 17:05:25 | INFO | [ncluster=286/286] AUC-ROC=50.00%  AUC-PR=10.94%  F1=0.0000  MCC=0.0000  Train=0.031s  Test=0.007s  Peak RAM=3.197 MB
2026-03-22 17:05:25 | INFO | [ncluster=289/289] AUC-ROC=50.00%  AUC-PR=10.94%  F1=0.0000  MCC=0.0000  Train=0.031s  Test=0.007s  Peak RAM=3.197 MB
2026-03-22 17:05:25 | INFO | [ncluster=292/292] AUC-ROC=50.00%  AUC-PR=10.94%  F1=0.0000  MCC=0.0000  Train=0.032s  Test=0.007s  Peak RAM=3.199 MB
2026-03-22 17:05:25 | INFO | [ncluster=295/295] AUC-ROC=50.00%  AUC-PR=10.94%  F1=0.0000  MCC=0.0000  Train=0.034s  Test=0.008s  Peak RAM=3.199 MB
2026-03-22 17:05:25 | INFO | [ncluster=298/298] AUC-ROC=50.00%  AUC-PR=10.94%  F1=0.0000  MCC=0.0000  Train=0.034s  Test=0.007s  Peak RAM=3.2 MB
2026-03-22 17:05:25 | INFO | [ncluster=301/301] AUC-ROC=50.00%  AUC-PR=10.94%  F1=0.0000  MCC=0.0000  Train=0.030s  Test=0.008s  Peak RAM=3.198 MB
2026-03-22 17:05:25 | INFO | [ncluster=304/304] AUC-ROC=50.00%  AUC-PR=10.94%  F1=0.0000  MCC=0.0000  Train=0.034s  Test=0.006s  Peak RAM=3.199 MB
2026-03-22 17:05:25 | INFO | [ncluster=307/307] AUC-ROC=50.00%  AUC-PR=10.94%  F1=0.0000  MCC=0.0000  Train=0.032s  Test=0.007s  Peak RAM=3.199 MB
2026-03-22 17:05:25 | INFO | [ncluster=310/310] AUC-ROC=50.00%  AUC-PR=10.94%  F1=0.0000  MCC=0.0000  Train=0.032s  Test=0.008s  Peak RAM=3.2 MB
2026-03-22 17:05:25 | INFO | [ncluster=313/313] AUC-ROC=50.00%  AUC-PR=10.94%  F1=0.0000  MCC=0.0000  Train=0.034s  Test=0.007s  Peak RAM=3.2 MB
2026-03-22 17:05:25 | INFO | [ncluster=316/316] AUC-ROC=50.00%  AUC-PR=10.94%  F1=0.0000  MCC=0.0000  Train=0.033s  Test=0.008s  Peak RAM=3.201 MB
2026-03-22 17:05:25 | INFO | [ncluster=319/319] AUC-ROC=50.00%  AUC-PR=10.94%  F1=0.0000  MCC=0.0000  Train=0.035s  Test=0.008s  Peak RAM=3.2 MB
2026-03-22 17:05:25 | INFO | [ncluster=322/322] AUC-ROC=50.00%  AUC-PR=10.94%  F1=0.0000  MCC=0.0000  Train=0.033s  Test=0.007s  Peak RAM=3.198 MB
2026-03-22 17:05:25 | INFO | [ncluster=325/325] AUC-ROC=50.00%  AUC-PR=10.94%  F1=0.0000  MCC=0.0000  Train=0.034s  Test=0.008s  Peak RAM=3.201 MB
2026-03-22 17:05:25 | INFO | [ncluster=328/328] AUC-ROC=50.00%  AUC-PR=10.94%  F1=0.0000  MCC=0.0000  Train=0.035s  Test=0.007s  Peak RAM=3.2 MB
2026-03-22 17:05:25 | INFO | [ncluster=331/331] AUC-ROC=50.00%  AUC-PR=10.94%  F1=0.0000  MCC=0.0000  Train=0.037s  Test=0.008s  Peak RAM=3.201 MB
2026-03-22 17:05:25 | INFO | [ncluster=334/334] AUC-ROC=50.00%  AUC-PR=10.94%  F1=0.0000  MCC=0.0000  Train=0.037s  Test=0.008s  Peak RAM=3.2 MB
2026-03-22 17:05:25 | INFO | [ncluster=337/337] AUC-ROC=50.00%  AUC-PR=10.94%  F1=0.0000  MCC=0.0000  Train=0.036s  Test=0.007s  Peak RAM=3.2 MB
2026-03-22 17:05:25 | INFO | [ncluster=340/340] AUC-ROC=50.00%  AUC-PR=10.94%  F1=0.0000  MCC=0.0000  Train=0.037s  Test=0.008s  Peak RAM=3.201 MB
2026-03-22 17:05:25 | INFO | [ncluster=343/343] AUC-ROC=50.00%  AUC-PR=10.94%  F1=0.0000  MCC=0.0000  Train=0.037s  Test=0.009s  Peak RAM=3.201 MB
2026-03-22 17:05:25 | INFO | [ncluster=346/346] AUC-ROC=50.00%  AUC-PR=10.94%  F1=0.0000  MCC=0.0000  Train=0.037s  Test=0.008s  Peak RAM=3.201 MB
2026-03-22 17:05:25 | INFO | [ncluster=349/349] AUC-ROC=50.00%  AUC-PR=10.94%  F1=0.0000  MCC=0.0000  Train=0.037s  Test=0.008s  Peak RAM=3.202 MB
2026-03-22 17:05:25 | INFO | [ncluster=352/352] AUC-ROC=50.00%  AUC-PR=10.94%  F1=0.0000  MCC=0.0000  Train=0.038s  Test=0.007s  Peak RAM=3.202 MB
2026-03-22 17:05:25 | INFO | [ncluster=355/355] AUC-ROC=50.00%  AUC-PR=10.94%  F1=0.0000  MCC=0.0000  Train=0.038s  Test=0.008s  Peak RAM=3.202 MB
2026-03-22 17:05:25 | INFO | [ncluster=358/358] AUC-ROC=50.00%  AUC-PR=10.94%  F1=0.0000  MCC=0.0000  Train=0.035s  Test=0.008s  Peak RAM=3.203 MB
2026-03-22 17:05:25 | INFO | [ncluster=361/361] AUC-ROC=50.00%  AUC-PR=10.94%  F1=0.0000  MCC=0.0000  Train=0.038s  Test=0.008s  Peak RAM=3.201 MB
2026-03-22 17:05:25 | INFO | [ncluster=364/364] AUC-ROC=50.00%  AUC-PR=10.94%  F1=0.0000  MCC=0.0000  Train=0.038s  Test=0.008s  Peak RAM=3.202 MB
2026-03-22 17:05:25 | INFO | [ncluster=367/367] AUC-ROC=50.00%  AUC-PR=10.94%  F1=0.0000  MCC=0.0000  Train=0.040s  Test=0.009s  Peak RAM=3.202 MB
2026-03-22 17:05:25 | INFO | [ncluster=370/370] AUC-ROC=50.00%  AUC-PR=10.94%  F1=0.0000  MCC=0.0000  Train=0.040s  Test=0.008s  Peak RAM=3.201 MB
2026-03-22 17:05:25 | INFO | [ncluster=373/373] AUC-ROC=50.00%  AUC-PR=10.94%  F1=0.0000  MCC=0.0000  Train=0.039s  Test=0.008s  Peak RAM=3.203 MB
2026-03-22 17:05:25 | INFO | [ncluster=376/376] AUC-ROC=50.00%  AUC-PR=10.94%  F1=0.0000  MCC=0.0000  Train=0.040s  Test=0.007s  Peak RAM=3.204 MB
2026-03-22 17:05:25 | INFO | [ncluster=379/379] AUC-ROC=50.00%  AUC-PR=10.94%  F1=0.0000  MCC=0.0000  Train=0.040s  Test=0.008s  Peak RAM=3.203 MB
2026-03-22 17:05:25 | INFO | [ncluster=382/382] AUC-ROC=50.00%  AUC-PR=10.94%  F1=0.0000  MCC=0.0000  Train=0.040s  Test=0.009s  Peak RAM=3.203 MB
2026-03-22 17:05:25 | INFO | [ncluster=385/385] AUC-ROC=50.00%  AUC-PR=10.94%  F1=0.0000  MCC=0.0000  Train=0.040s  Test=0.008s  Peak RAM=3.204 MB
2026-03-22 17:05:25 | INFO | [ncluster=388/388] AUC-ROC=50.00%  AUC-PR=10.94%  F1=0.0000  MCC=0.0000  Train=0.041s  Test=0.009s  Peak RAM=3.204 MB
2026-03-22 17:05:25 | INFO | [ncluster=391/391] AUC-ROC=50.00%  AUC-PR=10.94%  F1=0.0000  MCC=0.0000  Train=0.041s  Test=0.009s  Peak RAM=3.204 MB
2026-03-22 17:05:25 | INFO | [ncluster=394/394] AUC-ROC=50.00%  AUC-PR=10.94%  F1=0.0000  MCC=0.0000  Train=0.039s  Test=0.008s  Peak RAM=3.204 MB
2026-03-22 17:05:25 | INFO | [ncluster=397/397] AUC-ROC=50.00%  AUC-PR=10.94%  F1=0.0000  MCC=0.0000  Train=0.043s  Test=0.009s  Peak RAM=3.203 MB
2026-03-22 17:05:25 | INFO | [ncluster=400/400] AUC-ROC=50.00%  AUC-PR=10.94%  F1=0.0000  MCC=0.0000  Train=0.041s  Test=0.008s  Peak RAM=3.204 MB
2026-03-22 17:05:25 | INFO | [ncluster=403/403] AUC-ROC=50.00%  AUC-PR=10.94%  F1=0.0000  MCC=0.0000  Train=0.043s  Test=0.008s  Peak RAM=3.205 MB
2026-03-22 17:05:25 | INFO | [ncluster=406/406] AUC-ROC=50.00%  AUC-PR=10.94%  F1=0.0000  MCC=0.0000  Train=0.043s  Test=0.009s  Peak RAM=3.204 MB
2026-03-22 17:05:25 | INFO | [ncluster=409/409] AUC-ROC=50.00%  AUC-PR=10.94%  F1=0.0000  MCC=0.0000  Train=0.042s  Test=0.008s  Peak RAM=3.204 MB
2026-03-22 17:05:25 | INFO | [ncluster=412/412] AUC-ROC=50.00%  AUC-PR=10.94%  F1=0.0000  MCC=0.0000  Train=0.044s  Test=0.009s  Peak RAM=3.207 MB
2026-03-22 17:05:25 | INFO | [ncluster=415/415] AUC-ROC=50.00%  AUC-PR=10.94%  F1=0.0000  MCC=0.0000  Train=0.043s  Test=0.009s  Peak RAM=3.205 MB
2026-03-22 17:05:25 | INFO | [ncluster=418/418] AUC-ROC=50.00%  AUC-PR=10.94%  F1=0.0000  MCC=0.0000  Train=0.043s  Test=0.009s  Peak RAM=3.206 MB
2026-03-22 17:05:25 | INFO | [ncluster=421/421] AUC-ROC=50.00%  AUC-PR=10.94%  F1=0.0000  MCC=0.0000  Train=0.043s  Test=0.009s  Peak RAM=3.207 MB
2026-03-22 17:05:25 | INFO | [ncluster=424/424] AUC-ROC=50.00%  AUC-PR=10.94%  F1=0.0000  MCC=0.0000  Train=0.044s  Test=0.008s  Peak RAM=3.207 MB
2026-03-22 17:05:25 | INFO | [ncluster=427/427] AUC-ROC=50.00%  AUC-PR=10.94%  F1=0.0000  MCC=0.0000  Train=0.044s  Test=0.009s  Peak RAM=3.205 MB
2026-03-22 17:05:25 | INFO | [ncluster=430/430] AUC-ROC=50.00%  AUC-PR=10.94%  F1=0.0000  MCC=0.0000  Train=0.044s  Test=0.009s  Peak RAM=3.207 MB
2026-03-22 17:05:25 | INFO | [ncluster=433/433] AUC-ROC=50.00%  AUC-PR=10.94%  F1=0.0000  MCC=0.0000  Train=0.044s  Test=0.009s  Peak RAM=3.206 MB
2026-03-22 17:05:25 | INFO | [ncluster=436/436] AUC-ROC=50.00%  AUC-PR=10.94%  F1=0.0000  MCC=0.0000  Train=0.046s  Test=0.009s  Peak RAM=3.206 MB
2026-03-22 17:05:25 | INFO | [ncluster=439/439] AUC-ROC=50.00%  AUC-PR=10.94%  F1=0.0000  MCC=0.0000  Train=0.046s  Test=0.010s  Peak RAM=3.208 MB
2026-03-22 17:05:25 | INFO | [ncluster=442/442] AUC-ROC=50.00%  AUC-PR=10.94%  F1=0.0000  MCC=0.0000  Train=0.046s  Test=0.009s  Peak RAM=3.206 MB
2026-03-22 17:05:25 | INFO | [ncluster=445/445] AUC-ROC=50.00%  AUC-PR=10.94%  F1=0.0000  MCC=0.0000  Train=0.045s  Test=0.009s  Peak RAM=3.206 MB
2026-03-22 17:05:25 | INFO | [ncluster=448/448] AUC-ROC=50.00%  AUC-PR=10.94%  F1=0.0000  MCC=0.0000  Train=0.047s  Test=0.009s  Peak RAM=3.209 MB
2026-03-22 17:05:25 | INFO | [ncluster=451/451] AUC-ROC=50.00%  AUC-PR=10.94%  F1=0.0000  MCC=0.0000  Train=0.047s  Test=0.009s  Peak RAM=3.207 MB
2026-03-22 17:05:25 | INFO | [ncluster=454/454] AUC-ROC=50.00%  AUC-PR=10.94%  F1=0.0000  MCC=0.0000  Train=0.046s  Test=0.010s  Peak RAM=3.208 MB
2026-03-22 17:05:25 | INFO | [ncluster=457/457] AUC-ROC=50.00%  AUC-PR=10.94%  F1=0.0000  MCC=0.0000  Train=0.046s  Test=0.009s  Peak RAM=3.208 MB
2026-03-22 17:05:25 | INFO | [ncluster=460/460] AUC-ROC=50.00%  AUC-PR=10.94%  F1=0.0000  MCC=0.0000  Train=0.048s  Test=0.009s  Peak RAM=3.208 MB
2026-03-22 17:05:25 | INFO | [ncluster=463/463] AUC-ROC=50.00%  AUC-PR=10.94%  F1=0.0000  MCC=0.0000  Train=0.048s  Test=0.010s  Peak RAM=3.208 MB
2026-03-22 17:05:25 | INFO | [ncluster=466/466] AUC-ROC=50.00%  AUC-PR=10.94%  F1=0.0000  MCC=0.0000  Train=0.047s  Test=0.009s  Peak RAM=3.207 MB
2026-03-22 17:05:25 | INFO | [ncluster=469/469] AUC-ROC=50.00%  AUC-PR=10.94%  F1=0.0000  MCC=0.0000  Train=0.047s  Test=0.010s  Peak RAM=3.209 MB
2026-03-22 17:05:25 | INFO | [ncluster=472/472] AUC-ROC=50.00%  AUC-PR=10.94%  F1=0.0000  MCC=0.0000  Train=0.049s  Test=0.009s  Peak RAM=3.208 MB
2026-03-22 17:05:25 | INFO | [ncluster=475/475] AUC-ROC=50.00%  AUC-PR=10.94%  F1=0.0000  MCC=0.0000  Train=0.049s  Test=0.009s  Peak RAM=3.209 MB
2026-03-22 17:05:25 | INFO | [ncluster=478/478] AUC-ROC=50.00%  AUC-PR=10.94%  F1=0.0000  MCC=0.0000  Train=0.031s  Test=0.008s  Peak RAM=3.209 MB
2026-03-22 17:05:25 | INFO | [ncluster=481/481] AUC-ROC=50.00%  AUC-PR=10.94%  F1=0.0000  MCC=0.0000  Train=0.048s  Test=0.009s  Peak RAM=3.208 MB
2026-03-22 17:05:25 | INFO | [ncluster=484/484] AUC-ROC=50.00%  AUC-PR=10.94%  F1=0.0000  MCC=0.0000  Train=0.031s  Test=0.007s  Peak RAM=3.21 MB
2026-03-22 17:05:25 | INFO | [ncluster=487/487] AUC-ROC=50.00%  AUC-PR=10.94%  F1=0.0000  MCC=0.0000  Train=0.031s  Test=0.008s  Peak RAM=3.21 MB
2026-03-22 17:05:25 | INFO | [ncluster=490/490] AUC-ROC=50.00%  AUC-PR=10.94%  F1=0.0000  MCC=0.0000  Train=0.030s  Test=0.007s  Peak RAM=3.21 MB
2026-03-22 17:05:25 | INFO | [ncluster=493/493] AUC-ROC=50.00%  AUC-PR=10.94%  F1=0.0000  MCC=0.0000  Train=0.030s  Test=0.007s  Peak RAM=3.211 MB
2026-03-22 17:05:25 | INFO | [ncluster=496/496] AUC-ROC=50.00%  AUC-PR=10.94%  F1=0.0000  MCC=0.0000  Train=0.032s  Test=0.007s  Peak RAM=3.21 MB
2026-03-22 17:05:25 | INFO | [ncluster=499/499] AUC-ROC=50.00%  AUC-PR=10.94%  F1=0.0000  MCC=0.0000  Train=0.031s  Test=0.007s  Peak RAM=3.212 MB
2026-03-22 17:05:25 | INFO | --- noise=5% ---
2026-03-22 17:05:25 | INFO | ============================================================
2026-03-22 17:05:25 | INFO | Dataset  : Train_RobustScaler_data_BoTIoT.csv
2026-03-22 17:05:25 | INFO | Scaler   : RobustScaler
2026-03-22 17:05:25 | INFO | Noise    : 5%
2026-03-22 17:05:25 | INFO | nClusters: 167 values (1..499)
2026-03-22 17:05:25 | INFO | ============================================================
2026-03-22 17:05:26 | INFO | Loaded Raw Shape -> Train: (7257, 27), Test: (16815, 27)
2026-03-22 17:05:26 | INFO | Dropped metadata features: ['pkSeqID', 'stime', 'ltime', 'seq', 'saddr', 'daddr', 'sport', 'dport', 'state', 'flgs', 'proto']
2026-03-22 17:05:26 | INFO | Dropped metadata features: ['pkSeqID', 'stime', 'ltime', 'seq', 'saddr', 'daddr', 'sport', 'dport', 'state', 'flgs', 'proto']
2026-03-22 17:05:26 | INFO | Training size : 7,619  |  Testing size: 16,453  |  Features: 15
2026-03-22 17:05:26 | INFO | Firing up Parallel execution for 167 cluster configs...
2026-03-22 17:06:30 | INFO | [ncluster=1/1] AUC-ROC=50.00%  AUC-PR=11.03%  F1=0.0000  MCC=0.0000  Train=0.007s  Test=0.003s  Peak RAM=3.239 MB
2026-03-22 17:06:30 | INFO | [ncluster=4/4] AUC-ROC=50.00%  AUC-PR=11.03%  F1=0.0000  MCC=0.0000  Train=0.007s  Test=0.003s  Peak RAM=3.24 MB
2026-03-22 17:06:30 | INFO | [ncluster=7/7] AUC-ROC=50.00%  AUC-PR=11.03%  F1=0.0000  MCC=0.0000  Train=0.008s  Test=0.004s  Peak RAM=3.24 MB
2026-03-22 17:06:30 | INFO | [ncluster=10/10] AUC-ROC=50.00%  AUC-PR=11.03%  F1=0.0000  MCC=0.0000  Train=0.009s  Test=0.003s  Peak RAM=3.241 MB
2026-03-22 17:06:30 | INFO | [ncluster=13/13] AUC-ROC=50.00%  AUC-PR=11.03%  F1=0.0000  MCC=0.0000  Train=0.009s  Test=0.004s  Peak RAM=3.24 MB
2026-03-22 17:06:30 | INFO | [ncluster=16/16] AUC-ROC=50.00%  AUC-PR=11.03%  F1=0.0000  MCC=0.0000  Train=0.008s  Test=0.003s  Peak RAM=3.239 MB
2026-03-22 17:06:30 | INFO | [ncluster=19/19] AUC-ROC=50.00%  AUC-PR=11.03%  F1=0.0000  MCC=0.0000  Train=0.009s  Test=0.003s  Peak RAM=3.242 MB
2026-03-22 17:06:30 | INFO | [ncluster=22/22] AUC-ROC=50.00%  AUC-PR=11.03%  F1=0.0000  MCC=0.0000  Train=0.010s  Test=0.004s  Peak RAM=3.242 MB
2026-03-22 17:06:30 | INFO | [ncluster=25/25] AUC-ROC=50.00%  AUC-PR=11.03%  F1=0.0000  MCC=0.0000  Train=0.010s  Test=0.003s  Peak RAM=3.242 MB
2026-03-22 17:06:30 | INFO | [ncluster=28/28] AUC-ROC=50.00%  AUC-PR=11.03%  F1=0.0000  MCC=0.0000  Train=0.010s  Test=0.004s  Peak RAM=3.242 MB
2026-03-22 17:06:30 | INFO | [ncluster=31/31] AUC-ROC=50.00%  AUC-PR=11.03%  F1=0.0000  MCC=0.0000  Train=0.009s  Test=0.004s  Peak RAM=3.242 MB
2026-03-22 17:06:30 | INFO | [ncluster=34/34] AUC-ROC=50.00%  AUC-PR=11.03%  F1=0.0000  MCC=0.0000  Train=0.011s  Test=0.003s  Peak RAM=3.243 MB
2026-03-22 17:06:30 | INFO | [ncluster=37/37] AUC-ROC=50.00%  AUC-PR=11.03%  F1=0.0000  MCC=0.0000  Train=0.010s  Test=0.004s  Peak RAM=3.243 MB
2026-03-22 17:06:30 | INFO | [ncluster=40/40] AUC-ROC=50.00%  AUC-PR=11.03%  F1=0.0000  MCC=0.0000  Train=0.010s  Test=0.003s  Peak RAM=3.243 MB
2026-03-22 17:06:30 | INFO | [ncluster=43/43] AUC-ROC=50.00%  AUC-PR=11.03%  F1=0.0000  MCC=0.0000  Train=0.012s  Test=0.004s  Peak RAM=3.241 MB
2026-03-22 17:06:30 | INFO | [ncluster=46/46] AUC-ROC=50.00%  AUC-PR=11.03%  F1=0.0000  MCC=0.0000  Train=0.012s  Test=0.004s  Peak RAM=3.244 MB
2026-03-22 17:06:30 | INFO | [ncluster=49/49] AUC-ROC=50.00%  AUC-PR=11.03%  F1=0.0000  MCC=0.0000  Train=0.013s  Test=0.004s  Peak RAM=3.242 MB
2026-03-22 17:06:30 | INFO | [ncluster=52/52] AUC-ROC=50.00%  AUC-PR=11.03%  F1=0.0000  MCC=0.0000  Train=0.011s  Test=0.004s  Peak RAM=3.242 MB
2026-03-22 17:06:30 | INFO | [ncluster=55/55] AUC-ROC=50.00%  AUC-PR=11.03%  F1=0.0000  MCC=0.0000  Train=0.013s  Test=0.005s  Peak RAM=3.243 MB
2026-03-22 17:06:30 | INFO | [ncluster=58/58] AUC-ROC=50.00%  AUC-PR=11.03%  F1=0.0000  MCC=0.0000  Train=0.014s  Test=0.004s  Peak RAM=3.245 MB
2026-03-22 17:06:30 | INFO | [ncluster=61/61] AUC-ROC=50.00%  AUC-PR=11.03%  F1=0.0000  MCC=0.0000  Train=0.013s  Test=0.004s  Peak RAM=3.245 MB
2026-03-22 17:06:30 | INFO | [ncluster=64/64] AUC-ROC=50.00%  AUC-PR=11.03%  F1=0.0000  MCC=0.0000  Train=0.014s  Test=0.003s  Peak RAM=3.244 MB
2026-03-22 17:06:30 | INFO | [ncluster=67/67] AUC-ROC=50.00%  AUC-PR=11.03%  F1=0.0000  MCC=0.0000  Train=0.013s  Test=0.004s  Peak RAM=3.244 MB
2026-03-22 17:06:30 | INFO | [ncluster=70/70] AUC-ROC=50.00%  AUC-PR=11.03%  F1=0.0000  MCC=0.0000  Train=0.014s  Test=0.005s  Peak RAM=3.244 MB
2026-03-22 17:06:30 | INFO | [ncluster=73/73] AUC-ROC=50.00%  AUC-PR=11.03%  F1=0.0000  MCC=0.0000  Train=0.013s  Test=0.004s  Peak RAM=3.245 MB
2026-03-22 17:06:30 | INFO | [ncluster=76/76] AUC-ROC=50.00%  AUC-PR=11.03%  F1=0.0000  MCC=0.0000  Train=0.013s  Test=0.004s  Peak RAM=3.242 MB
2026-03-22 17:06:30 | INFO | [ncluster=79/79] AUC-ROC=50.00%  AUC-PR=11.03%  F1=0.0000  MCC=0.0000  Train=0.014s  Test=0.005s  Peak RAM=3.244 MB
2026-03-22 17:06:30 | INFO | [ncluster=82/82] AUC-ROC=50.00%  AUC-PR=11.03%  F1=0.0000  MCC=0.0000  Train=0.014s  Test=0.004s  Peak RAM=3.243 MB
2026-03-22 17:06:30 | INFO | [ncluster=85/85] AUC-ROC=50.00%  AUC-PR=11.03%  F1=0.0000  MCC=0.0000  Train=0.014s  Test=0.005s  Peak RAM=3.246 MB
2026-03-22 17:06:30 | INFO | [ncluster=88/88] AUC-ROC=50.00%  AUC-PR=11.03%  F1=0.0000  MCC=0.0000  Train=0.014s  Test=0.004s  Peak RAM=3.242 MB
2026-03-22 17:06:30 | INFO | [ncluster=91/91] AUC-ROC=50.00%  AUC-PR=11.03%  F1=0.0000  MCC=0.0000  Train=0.016s  Test=0.004s  Peak RAM=3.246 MB
2026-03-22 17:06:30 | INFO | [ncluster=94/94] AUC-ROC=50.00%  AUC-PR=11.03%  F1=0.0000  MCC=0.0000  Train=0.015s  Test=0.005s  Peak RAM=3.244 MB
2026-03-22 17:06:30 | INFO | [ncluster=97/97] AUC-ROC=50.00%  AUC-PR=11.03%  F1=0.0000  MCC=0.0000  Train=0.017s  Test=0.004s  Peak RAM=3.246 MB
2026-03-22 17:06:30 | INFO | [ncluster=100/100] AUC-ROC=50.00%  AUC-PR=11.03%  F1=0.0000  MCC=0.0000  Train=0.016s  Test=0.005s  Peak RAM=3.244 MB
2026-03-22 17:06:30 | INFO | [ncluster=103/103] AUC-ROC=50.00%  AUC-PR=11.03%  F1=0.0000  MCC=0.0000  Train=0.015s  Test=0.005s  Peak RAM=3.245 MB
2026-03-22 17:06:30 | INFO | [ncluster=106/106] AUC-ROC=50.00%  AUC-PR=11.03%  F1=0.0000  MCC=0.0000  Train=0.016s  Test=0.004s  Peak RAM=3.244 MB
2026-03-22 17:06:30 | INFO | [ncluster=109/109] AUC-ROC=50.00%  AUC-PR=11.03%  F1=0.0000  MCC=0.0000  Train=0.016s  Test=0.005s  Peak RAM=3.248 MB
2026-03-22 17:06:30 | INFO | [ncluster=112/112] AUC-ROC=50.00%  AUC-PR=11.03%  F1=0.0000  MCC=0.0000  Train=0.017s  Test=0.004s  Peak RAM=3.246 MB
2026-03-22 17:06:30 | INFO | [ncluster=115/115] AUC-ROC=50.00%  AUC-PR=11.03%  F1=0.0000  MCC=0.0000  Train=0.019s  Test=0.005s  Peak RAM=3.247 MB
2026-03-22 17:06:30 | INFO | [ncluster=118/118] AUC-ROC=50.00%  AUC-PR=11.03%  F1=0.0000  MCC=0.0000  Train=0.016s  Test=0.005s  Peak RAM=3.245 MB
2026-03-22 17:06:30 | INFO | [ncluster=121/121] AUC-ROC=50.00%  AUC-PR=11.03%  F1=0.0000  MCC=0.0000  Train=0.018s  Test=0.004s  Peak RAM=3.249 MB
2026-03-22 17:06:30 | INFO | [ncluster=124/124] AUC-ROC=50.00%  AUC-PR=11.03%  F1=0.0000  MCC=0.0000  Train=0.018s  Test=0.005s  Peak RAM=3.247 MB
2026-03-22 17:06:30 | INFO | [ncluster=127/127] AUC-ROC=50.00%  AUC-PR=11.03%  F1=0.0000  MCC=0.0000  Train=0.020s  Test=0.006s  Peak RAM=3.248 MB
2026-03-22 17:06:30 | INFO | [ncluster=130/130] AUC-ROC=50.00%  AUC-PR=11.03%  F1=0.0000  MCC=0.0000  Train=0.020s  Test=0.005s  Peak RAM=3.246 MB
2026-03-22 17:06:30 | INFO | [ncluster=133/133] AUC-ROC=50.00%  AUC-PR=11.03%  F1=0.0000  MCC=0.0000  Train=0.018s  Test=0.005s  Peak RAM=3.248 MB
2026-03-22 17:06:30 | INFO | [ncluster=136/136] AUC-ROC=50.00%  AUC-PR=11.03%  F1=0.0000  MCC=0.0000  Train=0.019s  Test=0.004s  Peak RAM=3.246 MB
2026-03-22 17:06:30 | INFO | [ncluster=139/139] AUC-ROC=50.00%  AUC-PR=11.03%  F1=0.0000  MCC=0.0000  Train=0.019s  Test=0.005s  Peak RAM=3.249 MB
2026-03-22 17:06:30 | INFO | [ncluster=142/142] AUC-ROC=50.00%  AUC-PR=11.03%  F1=0.0000  MCC=0.0000  Train=0.019s  Test=0.006s  Peak RAM=3.247 MB
2026-03-22 17:06:30 | INFO | [ncluster=145/145] AUC-ROC=50.00%  AUC-PR=11.03%  F1=0.0000  MCC=0.0000  Train=0.019s  Test=0.005s  Peak RAM=3.25 MB
2026-03-22 17:06:30 | INFO | [ncluster=148/148] AUC-ROC=50.00%  AUC-PR=11.03%  F1=0.0000  MCC=0.0000  Train=0.020s  Test=0.005s  Peak RAM=3.247 MB
2026-03-22 17:06:30 | INFO | [ncluster=151/151] AUC-ROC=50.00%  AUC-PR=11.03%  F1=0.0000  MCC=0.0000  Train=0.020s  Test=0.006s  Peak RAM=3.249 MB
2026-03-22 17:06:30 | INFO | [ncluster=154/154] AUC-ROC=50.00%  AUC-PR=11.03%  F1=0.0000  MCC=0.0000  Train=0.020s  Test=0.005s  Peak RAM=3.247 MB
2026-03-22 17:06:30 | INFO | [ncluster=157/157] AUC-ROC=50.00%  AUC-PR=11.03%  F1=0.0000  MCC=0.0000  Train=0.022s  Test=0.006s  Peak RAM=3.249 MB
2026-03-22 17:06:30 | INFO | [ncluster=160/160] AUC-ROC=50.00%  AUC-PR=11.03%  F1=0.0000  MCC=0.0000  Train=0.021s  Test=0.005s  Peak RAM=3.247 MB
2026-03-22 17:06:30 | INFO | [ncluster=163/163] AUC-ROC=50.00%  AUC-PR=11.03%  F1=0.0000  MCC=0.0000  Train=0.023s  Test=0.005s  Peak RAM=3.251 MB
2026-03-22 17:06:30 | INFO | [ncluster=166/166] AUC-ROC=50.00%  AUC-PR=11.03%  F1=0.0000  MCC=0.0000  Train=0.021s  Test=0.012s  Peak RAM=3.249 MB
2026-03-22 17:06:30 | INFO | [ncluster=169/169] AUC-ROC=50.00%  AUC-PR=11.03%  F1=0.0000  MCC=0.0000  Train=0.023s  Test=0.005s  Peak RAM=3.251 MB
2026-03-22 17:06:30 | INFO | [ncluster=172/172] AUC-ROC=50.00%  AUC-PR=11.03%  F1=0.0000  MCC=0.0000  Train=0.022s  Test=0.006s  Peak RAM=3.248 MB
2026-03-22 17:06:30 | INFO | [ncluster=175/175] AUC-ROC=50.00%  AUC-PR=11.03%  F1=0.0000  MCC=0.0000  Train=0.022s  Test=0.006s  Peak RAM=3.25 MB
2026-03-22 17:06:30 | INFO | [ncluster=178/178] AUC-ROC=50.00%  AUC-PR=11.03%  F1=0.0000  MCC=0.0000  Train=0.022s  Test=0.005s  Peak RAM=3.248 MB
2026-03-22 17:06:30 | INFO | [ncluster=181/181] AUC-ROC=50.00%  AUC-PR=11.03%  F1=0.0000  MCC=0.0000  Train=0.023s  Test=0.006s  Peak RAM=3.252 MB
2026-03-22 17:06:30 | INFO | [ncluster=184/184] AUC-ROC=50.00%  AUC-PR=11.03%  F1=0.0000  MCC=0.0000  Train=0.023s  Test=0.005s  Peak RAM=3.25 MB
2026-03-22 17:06:30 | INFO | [ncluster=187/187] AUC-ROC=50.00%  AUC-PR=11.03%  F1=0.0000  MCC=0.0000  Train=0.025s  Test=0.006s  Peak RAM=3.252 MB
2026-03-22 17:06:30 | INFO | [ncluster=190/190] AUC-ROC=50.00%  AUC-PR=11.03%  F1=0.0000  MCC=0.0000  Train=0.023s  Test=0.006s  Peak RAM=3.25 MB
2026-03-22 17:06:30 | INFO | [ncluster=193/193] AUC-ROC=50.00%  AUC-PR=11.03%  F1=0.0000  MCC=0.0000  Train=0.025s  Test=0.005s  Peak RAM=3.254 MB
2026-03-22 17:06:30 | INFO | [ncluster=196/196] AUC-ROC=50.00%  AUC-PR=11.03%  F1=0.0000  MCC=0.0000  Train=0.024s  Test=0.006s  Peak RAM=3.251 MB
2026-03-22 17:06:30 | INFO | [ncluster=199/199] AUC-ROC=50.00%  AUC-PR=11.03%  F1=0.0000  MCC=0.0000  Train=0.025s  Test=0.007s  Peak RAM=3.254 MB
2026-03-22 17:06:30 | INFO | [ncluster=202/202] AUC-ROC=50.00%  AUC-PR=11.03%  F1=0.0000  MCC=0.0000  Train=0.024s  Test=0.006s  Peak RAM=3.252 MB
2026-03-22 17:06:30 | INFO | [ncluster=205/205] AUC-ROC=50.00%  AUC-PR=11.03%  F1=0.0000  MCC=0.0000  Train=0.025s  Test=0.006s  Peak RAM=3.253 MB
2026-03-22 17:06:30 | INFO | [ncluster=208/208] AUC-ROC=50.00%  AUC-PR=11.03%  F1=0.0000  MCC=0.0000  Train=0.025s  Test=0.005s  Peak RAM=3.251 MB
2026-03-22 17:06:30 | INFO | [ncluster=211/211] AUC-ROC=50.00%  AUC-PR=11.03%  F1=0.0000  MCC=0.0000  Train=0.026s  Test=0.006s  Peak RAM=3.254 MB
2026-03-22 17:06:30 | INFO | [ncluster=214/214] AUC-ROC=50.00%  AUC-PR=11.03%  F1=0.0000  MCC=0.0000  Train=0.025s  Test=0.007s  Peak RAM=3.251 MB
2026-03-22 17:06:30 | INFO | [ncluster=217/217] AUC-ROC=50.00%  AUC-PR=11.03%  F1=0.0000  MCC=0.0000  Train=0.026s  Test=0.006s  Peak RAM=3.255 MB
2026-03-22 17:06:30 | INFO | [ncluster=220/220] AUC-ROC=50.00%  AUC-PR=11.03%  F1=0.0000  MCC=0.0000  Train=0.026s  Test=0.006s  Peak RAM=3.254 MB
2026-03-22 17:06:30 | INFO | [ncluster=223/223] AUC-ROC=50.00%  AUC-PR=11.03%  F1=0.0000  MCC=0.0000  Train=0.027s  Test=0.007s  Peak RAM=3.253 MB
2026-03-22 17:06:30 | INFO | [ncluster=226/226] AUC-ROC=50.00%  AUC-PR=11.03%  F1=0.0000  MCC=0.0000  Train=0.028s  Test=0.006s  Peak RAM=3.255 MB
2026-03-22 17:06:30 | INFO | [ncluster=229/229] AUC-ROC=50.00%  AUC-PR=11.03%  F1=0.0000  MCC=0.0000  Train=0.029s  Test=0.007s  Peak RAM=3.254 MB
2026-03-22 17:06:30 | INFO | [ncluster=232/232] AUC-ROC=50.00%  AUC-PR=11.03%  F1=0.0000  MCC=0.0000  Train=0.027s  Test=0.006s  Peak RAM=3.254 MB
2026-03-22 17:06:30 | INFO | [ncluster=235/235] AUC-ROC=50.00%  AUC-PR=11.03%  F1=0.0000  MCC=0.0000  Train=0.028s  Test=0.006s  Peak RAM=3.256 MB
2026-03-22 17:06:30 | INFO | [ncluster=238/238] AUC-ROC=50.00%  AUC-PR=11.03%  F1=0.0000  MCC=0.0000  Train=0.027s  Test=0.007s  Peak RAM=3.254 MB
2026-03-22 17:06:30 | INFO | [ncluster=241/241] AUC-ROC=50.00%  AUC-PR=11.03%  F1=0.0000  MCC=0.0000  Train=0.030s  Test=0.006s  Peak RAM=3.255 MB
2026-03-22 17:06:30 | INFO | [ncluster=244/244] AUC-ROC=50.00%  AUC-PR=11.03%  F1=0.0000  MCC=0.0000  Train=0.029s  Test=0.007s  Peak RAM=3.257 MB
2026-03-22 17:06:30 | INFO | [ncluster=247/247] AUC-ROC=50.00%  AUC-PR=11.03%  F1=0.0000  MCC=0.0000  Train=0.028s  Test=0.007s  Peak RAM=3.256 MB
2026-03-22 17:06:30 | INFO | [ncluster=250/250] AUC-ROC=50.00%  AUC-PR=11.03%  F1=0.0000  MCC=0.0000  Train=0.029s  Test=0.006s  Peak RAM=3.256 MB
2026-03-22 17:06:30 | INFO | [ncluster=253/253] AUC-ROC=50.00%  AUC-PR=11.03%  F1=0.0000  MCC=0.0000  Train=0.029s  Test=0.007s  Peak RAM=3.255 MB
2026-03-22 17:06:30 | INFO | [ncluster=256/256] AUC-ROC=50.00%  AUC-PR=11.03%  F1=0.0000  MCC=0.0000  Train=0.029s  Test=0.006s  Peak RAM=3.257 MB
2026-03-22 17:06:30 | INFO | [ncluster=259/259] AUC-ROC=50.00%  AUC-PR=11.03%  F1=0.0000  MCC=0.0000  Train=0.031s  Test=0.007s  Peak RAM=3.257 MB
2026-03-22 17:06:30 | INFO | [ncluster=262/262] AUC-ROC=50.00%  AUC-PR=11.03%  F1=0.0000  MCC=0.0000  Train=0.031s  Test=0.007s  Peak RAM=3.256 MB
2026-03-22 17:06:30 | INFO | [ncluster=265/265] AUC-ROC=50.00%  AUC-PR=11.03%  F1=0.0000  MCC=0.0000  Train=0.031s  Test=0.006s  Peak RAM=3.256 MB
2026-03-22 17:06:30 | INFO | [ncluster=268/268] AUC-ROC=50.00%  AUC-PR=11.03%  F1=0.0000  MCC=0.0000  Train=0.030s  Test=0.007s  Peak RAM=3.257 MB
2026-03-22 17:06:30 | INFO | [ncluster=271/271] AUC-ROC=50.00%  AUC-PR=11.03%  F1=0.0000  MCC=0.0000  Train=0.031s  Test=0.007s  Peak RAM=3.258 MB
2026-03-22 17:06:30 | INFO | [ncluster=274/274] AUC-ROC=50.00%  AUC-PR=11.03%  F1=0.0000  MCC=0.0000  Train=0.030s  Test=0.007s  Peak RAM=3.257 MB
2026-03-22 17:06:30 | INFO | [ncluster=277/277] AUC-ROC=50.00%  AUC-PR=11.03%  F1=0.0000  MCC=0.0000  Train=0.033s  Test=0.007s  Peak RAM=3.259 MB
2026-03-22 17:06:30 | INFO | [ncluster=280/280] AUC-ROC=50.00%  AUC-PR=11.03%  F1=0.0000  MCC=0.0000  Train=0.032s  Test=0.006s  Peak RAM=3.259 MB
2026-03-22 17:06:30 | INFO | [ncluster=283/283] AUC-ROC=50.00%  AUC-PR=11.03%  F1=0.0000  MCC=0.0000  Train=0.031s  Test=0.007s  Peak RAM=3.258 MB
2026-03-22 17:06:30 | INFO | [ncluster=286/286] AUC-ROC=50.00%  AUC-PR=11.03%  F1=0.0000  MCC=0.0000  Train=0.032s  Test=0.007s  Peak RAM=3.259 MB
2026-03-22 17:06:30 | INFO | [ncluster=289/289] AUC-ROC=50.00%  AUC-PR=11.03%  F1=0.0000  MCC=0.0000  Train=0.033s  Test=0.007s  Peak RAM=3.258 MB
2026-03-22 17:06:30 | INFO | [ncluster=292/292] AUC-ROC=50.00%  AUC-PR=11.03%  F1=0.0000  MCC=0.0000  Train=0.032s  Test=0.007s  Peak RAM=3.258 MB
2026-03-22 17:06:30 | INFO | [ncluster=295/295] AUC-ROC=50.00%  AUC-PR=11.03%  F1=0.0000  MCC=0.0000  Train=0.034s  Test=0.008s  Peak RAM=3.259 MB
2026-03-22 17:06:30 | INFO | [ncluster=298/298] AUC-ROC=50.00%  AUC-PR=11.03%  F1=0.0000  MCC=0.0000  Train=0.034s  Test=0.007s  Peak RAM=3.259 MB
2026-03-22 17:06:30 | INFO | [ncluster=301/301] AUC-ROC=50.00%  AUC-PR=11.03%  F1=0.0000  MCC=0.0000  Train=0.035s  Test=0.008s  Peak RAM=3.258 MB
2026-03-22 17:06:30 | INFO | [ncluster=304/304] AUC-ROC=50.00%  AUC-PR=11.03%  F1=0.0000  MCC=0.0000  Train=0.033s  Test=0.007s  Peak RAM=3.259 MB
2026-03-22 17:06:30 | INFO | [ncluster=307/307] AUC-ROC=50.00%  AUC-PR=11.03%  F1=0.0000  MCC=0.0000  Train=0.034s  Test=0.007s  Peak RAM=3.26 MB
2026-03-22 17:06:30 | INFO | [ncluster=310/310] AUC-ROC=50.00%  AUC-PR=11.03%  F1=0.0000  MCC=0.0000  Train=0.034s  Test=0.008s  Peak RAM=3.26 MB
2026-03-22 17:06:30 | INFO | [ncluster=313/313] AUC-ROC=50.00%  AUC-PR=11.03%  F1=0.0000  MCC=0.0000  Train=0.036s  Test=0.007s  Peak RAM=3.26 MB
2026-03-22 17:06:30 | INFO | [ncluster=316/316] AUC-ROC=50.00%  AUC-PR=11.03%  F1=0.0000  MCC=0.0000  Train=0.035s  Test=0.007s  Peak RAM=3.261 MB
2026-03-22 17:06:30 | INFO | [ncluster=319/319] AUC-ROC=50.00%  AUC-PR=11.03%  F1=0.0000  MCC=0.0000  Train=0.033s  Test=0.008s  Peak RAM=3.26 MB
2026-03-22 17:06:30 | INFO | [ncluster=322/322] AUC-ROC=50.00%  AUC-PR=11.03%  F1=0.0000  MCC=0.0000  Train=0.035s  Test=0.007s  Peak RAM=3.261 MB
2026-03-22 17:06:30 | INFO | [ncluster=325/325] AUC-ROC=50.00%  AUC-PR=11.03%  F1=0.0000  MCC=0.0000  Train=0.036s  Test=0.008s  Peak RAM=3.26 MB
2026-03-22 17:06:30 | INFO | [ncluster=328/328] AUC-ROC=50.00%  AUC-PR=11.03%  F1=0.0000  MCC=0.0000  Train=0.035s  Test=0.007s  Peak RAM=3.261 MB
2026-03-22 17:06:30 | INFO | [ncluster=331/331] AUC-ROC=50.00%  AUC-PR=11.03%  F1=0.0000  MCC=0.0000  Train=0.035s  Test=0.008s  Peak RAM=3.262 MB
2026-03-22 17:06:30 | INFO | [ncluster=334/334] AUC-ROC=50.00%  AUC-PR=11.03%  F1=0.0000  MCC=0.0000  Train=0.037s  Test=0.008s  Peak RAM=3.261 MB
2026-03-22 17:06:30 | INFO | [ncluster=337/337] AUC-ROC=50.00%  AUC-PR=11.03%  F1=0.0000  MCC=0.0000  Train=0.036s  Test=0.008s  Peak RAM=3.261 MB
2026-03-22 17:06:30 | INFO | [ncluster=340/340] AUC-ROC=50.00%  AUC-PR=11.03%  F1=0.0000  MCC=0.0000  Train=0.036s  Test=0.008s  Peak RAM=3.261 MB
2026-03-22 17:06:30 | INFO | [ncluster=343/343] AUC-ROC=50.00%  AUC-PR=11.03%  F1=0.0000  MCC=0.0000  Train=0.037s  Test=0.009s  Peak RAM=3.263 MB
2026-03-22 17:06:30 | INFO | [ncluster=346/346] AUC-ROC=50.00%  AUC-PR=11.03%  F1=0.0000  MCC=0.0000  Train=0.037s  Test=0.008s  Peak RAM=3.262 MB
2026-03-22 17:06:30 | INFO | [ncluster=349/349] AUC-ROC=50.00%  AUC-PR=11.03%  F1=0.0000  MCC=0.0000  Train=0.037s  Test=0.008s  Peak RAM=3.263 MB
2026-03-22 17:06:30 | INFO | [ncluster=352/352] AUC-ROC=50.00%  AUC-PR=11.03%  F1=0.0000  MCC=0.0000  Train=0.038s  Test=0.007s  Peak RAM=3.263 MB
2026-03-22 17:06:30 | INFO | [ncluster=355/355] AUC-ROC=50.00%  AUC-PR=11.03%  F1=0.0000  MCC=0.0000  Train=0.037s  Test=0.008s  Peak RAM=3.263 MB
2026-03-22 17:06:30 | INFO | [ncluster=358/358] AUC-ROC=50.00%  AUC-PR=11.03%  F1=0.0000  MCC=0.0000  Train=0.038s  Test=0.008s  Peak RAM=3.264 MB
2026-03-22 17:06:30 | INFO | [ncluster=361/361] AUC-ROC=50.00%  AUC-PR=11.03%  F1=0.0000  MCC=0.0000  Train=0.039s  Test=0.008s  Peak RAM=3.263 MB
2026-03-22 17:06:30 | INFO | [ncluster=364/364] AUC-ROC=50.00%  AUC-PR=11.03%  F1=0.0000  MCC=0.0000  Train=0.038s  Test=0.008s  Peak RAM=3.263 MB
2026-03-22 17:06:30 | INFO | [ncluster=367/367] AUC-ROC=50.00%  AUC-PR=11.03%  F1=0.0000  MCC=0.0000  Train=0.040s  Test=0.009s  Peak RAM=3.264 MB
2026-03-22 17:06:30 | INFO | [ncluster=370/370] AUC-ROC=50.00%  AUC-PR=11.03%  F1=0.0000  MCC=0.0000  Train=0.040s  Test=0.008s  Peak RAM=3.263 MB
2026-03-22 17:06:30 | INFO | [ncluster=373/373] AUC-ROC=50.00%  AUC-PR=11.03%  F1=0.0000  MCC=0.0000  Train=0.040s  Test=0.008s  Peak RAM=3.263 MB
2026-03-22 17:06:30 | INFO | [ncluster=376/376] AUC-ROC=50.00%  AUC-PR=11.03%  F1=0.0000  MCC=0.0000  Train=0.039s  Test=0.007s  Peak RAM=3.264 MB
2026-03-22 17:06:30 | INFO | [ncluster=379/379] AUC-ROC=50.00%  AUC-PR=11.03%  F1=0.0000  MCC=0.0000  Train=0.040s  Test=0.008s  Peak RAM=3.265 MB
2026-03-22 17:06:30 | INFO | [ncluster=382/382] AUC-ROC=50.00%  AUC-PR=11.03%  F1=0.0000  MCC=0.0000  Train=0.040s  Test=0.009s  Peak RAM=3.264 MB
2026-03-22 17:06:30 | INFO | [ncluster=385/385] AUC-ROC=50.00%  AUC-PR=11.03%  F1=0.0000  MCC=0.0000  Train=0.039s  Test=0.008s  Peak RAM=3.264 MB
2026-03-22 17:06:30 | INFO | [ncluster=388/388] AUC-ROC=50.00%  AUC-PR=11.03%  F1=0.0000  MCC=0.0000  Train=0.041s  Test=0.008s  Peak RAM=3.265 MB
2026-03-22 17:06:30 | INFO | [ncluster=391/391] AUC-ROC=50.00%  AUC-PR=11.03%  F1=0.0000  MCC=0.0000  Train=0.041s  Test=0.009s  Peak RAM=3.265 MB
2026-03-22 17:06:30 | INFO | [ncluster=394/394] AUC-ROC=50.00%  AUC-PR=11.03%  F1=0.0000  MCC=0.0000  Train=0.041s  Test=0.008s  Peak RAM=3.265 MB
2026-03-22 17:06:30 | INFO | [ncluster=397/397] AUC-ROC=50.00%  AUC-PR=11.03%  F1=0.0000  MCC=0.0000  Train=0.043s  Test=0.009s  Peak RAM=3.265 MB
2026-03-22 17:06:30 | INFO | [ncluster=400/400] AUC-ROC=50.00%  AUC-PR=11.03%  F1=0.0000  MCC=0.0000  Train=0.042s  Test=0.008s  Peak RAM=3.266 MB
2026-03-22 17:06:30 | INFO | [ncluster=403/403] AUC-ROC=50.00%  AUC-PR=11.03%  F1=0.0000  MCC=0.0000  Train=0.043s  Test=0.009s  Peak RAM=3.265 MB
2026-03-22 17:06:30 | INFO | [ncluster=406/406] AUC-ROC=50.00%  AUC-PR=11.03%  F1=0.0000  MCC=0.0000  Train=0.043s  Test=0.009s  Peak RAM=3.265 MB
2026-03-22 17:06:30 | INFO | [ncluster=409/409] AUC-ROC=50.00%  AUC-PR=11.03%  F1=0.0000  MCC=0.0000  Train=0.044s  Test=0.008s  Peak RAM=3.266 MB
2026-03-22 17:06:30 | INFO | [ncluster=412/412] AUC-ROC=50.00%  AUC-PR=11.03%  F1=0.0000  MCC=0.0000  Train=0.042s  Test=0.009s  Peak RAM=3.266 MB
2026-03-22 17:06:30 | INFO | [ncluster=415/415] AUC-ROC=50.00%  AUC-PR=11.03%  F1=0.0000  MCC=0.0000  Train=0.043s  Test=0.009s  Peak RAM=3.267 MB
2026-03-22 17:06:30 | INFO | [ncluster=418/418] AUC-ROC=50.00%  AUC-PR=11.03%  F1=0.0000  MCC=0.0000  Train=0.043s  Test=0.009s  Peak RAM=3.266 MB
2026-03-22 17:06:30 | INFO | [ncluster=421/421] AUC-ROC=50.00%  AUC-PR=11.03%  F1=0.0000  MCC=0.0000  Train=0.044s  Test=0.009s  Peak RAM=3.267 MB
2026-03-22 17:06:30 | INFO | [ncluster=424/424] AUC-ROC=50.00%  AUC-PR=11.03%  F1=0.0000  MCC=0.0000  Train=0.045s  Test=0.008s  Peak RAM=3.267 MB
2026-03-22 17:06:30 | INFO | [ncluster=427/427] AUC-ROC=50.00%  AUC-PR=11.03%  F1=0.0000  MCC=0.0000  Train=0.044s  Test=0.009s  Peak RAM=3.268 MB
2026-03-22 17:06:30 | INFO | [ncluster=430/430] AUC-ROC=50.00%  AUC-PR=11.03%  F1=0.0000  MCC=0.0000  Train=0.044s  Test=0.009s  Peak RAM=3.267 MB
2026-03-22 17:06:30 | INFO | [ncluster=433/433] AUC-ROC=50.00%  AUC-PR=11.03%  F1=0.0000  MCC=0.0000  Train=0.046s  Test=0.009s  Peak RAM=3.267 MB
2026-03-22 17:06:30 | INFO | [ncluster=436/436] AUC-ROC=50.00%  AUC-PR=11.03%  F1=0.0000  MCC=0.0000  Train=0.045s  Test=0.009s  Peak RAM=3.269 MB
2026-03-22 17:06:30 | INFO | [ncluster=439/439] AUC-ROC=50.00%  AUC-PR=11.03%  F1=0.0000  MCC=0.0000  Train=0.047s  Test=0.010s  Peak RAM=3.268 MB
2026-03-22 17:06:30 | INFO | [ncluster=442/442] AUC-ROC=50.00%  AUC-PR=11.03%  F1=0.0000  MCC=0.0000  Train=0.046s  Test=0.009s  Peak RAM=3.268 MB
2026-03-22 17:06:30 | INFO | [ncluster=445/445] AUC-ROC=50.00%  AUC-PR=11.03%  F1=0.0000  MCC=0.0000  Train=0.047s  Test=0.009s  Peak RAM=3.267 MB
2026-03-22 17:06:30 | INFO | [ncluster=448/448] AUC-ROC=50.00%  AUC-PR=11.03%  F1=0.0000  MCC=0.0000  Train=0.046s  Test=0.008s  Peak RAM=3.268 MB
2026-03-22 17:06:30 | INFO | [ncluster=451/451] AUC-ROC=50.00%  AUC-PR=11.03%  F1=0.0000  MCC=0.0000  Train=0.043s  Test=0.009s  Peak RAM=3.27 MB
2026-03-22 17:06:30 | INFO | [ncluster=454/454] AUC-ROC=50.00%  AUC-PR=11.03%  F1=0.0000  MCC=0.0000  Train=0.046s  Test=0.010s  Peak RAM=3.268 MB
2026-03-22 17:06:30 | INFO | [ncluster=457/457] AUC-ROC=50.00%  AUC-PR=11.03%  F1=0.0000  MCC=0.0000  Train=0.047s  Test=0.009s  Peak RAM=3.27 MB
2026-03-22 17:06:30 | INFO | [ncluster=460/460] AUC-ROC=50.00%  AUC-PR=11.03%  F1=0.0000  MCC=0.0000  Train=0.048s  Test=0.009s  Peak RAM=3.27 MB
2026-03-22 17:06:30 | INFO | [ncluster=463/463] AUC-ROC=50.00%  AUC-PR=11.03%  F1=0.0000  MCC=0.0000  Train=0.047s  Test=0.010s  Peak RAM=3.27 MB
2026-03-22 17:06:30 | INFO | [ncluster=466/466] AUC-ROC=50.00%  AUC-PR=11.03%  F1=0.0000  MCC=0.0000  Train=0.048s  Test=0.010s  Peak RAM=3.27 MB
2026-03-22 17:06:30 | INFO | [ncluster=469/469] AUC-ROC=50.00%  AUC-PR=11.03%  F1=0.0000  MCC=0.0000  Train=0.049s  Test=0.010s  Peak RAM=3.269 MB
2026-03-22 17:06:30 | INFO | [ncluster=472/472] AUC-ROC=50.00%  AUC-PR=11.03%  F1=0.0000  MCC=0.0000  Train=0.048s  Test=0.008s  Peak RAM=3.27 MB
2026-03-22 17:06:30 | INFO | [ncluster=475/475] AUC-ROC=50.00%  AUC-PR=11.03%  F1=0.0000  MCC=0.0000  Train=0.050s  Test=0.009s  Peak RAM=3.271 MB
2026-03-22 17:06:30 | INFO | [ncluster=478/478] AUC-ROC=50.00%  AUC-PR=11.03%  F1=0.0000  MCC=0.0000  Train=0.049s  Test=0.010s  Peak RAM=3.271 MB
2026-03-22 17:06:30 | INFO | [ncluster=481/481] AUC-ROC=50.00%  AUC-PR=11.03%  F1=0.0000  MCC=0.0000  Train=0.032s  Test=0.007s  Peak RAM=3.27 MB
2026-03-22 17:06:30 | INFO | [ncluster=484/484] AUC-ROC=50.00%  AUC-PR=11.03%  F1=0.0000  MCC=0.0000  Train=0.030s  Test=0.007s  Peak RAM=3.27 MB
2026-03-22 17:06:30 | INFO | [ncluster=487/487] AUC-ROC=50.00%  AUC-PR=11.03%  F1=0.0000  MCC=0.0000  Train=0.031s  Test=0.008s  Peak RAM=3.272 MB
2026-03-22 17:06:30 | INFO | [ncluster=490/490] AUC-ROC=50.00%  AUC-PR=11.03%  F1=0.0000  MCC=0.0000  Train=0.030s  Test=0.007s  Peak RAM=3.271 MB
2026-03-22 17:06:30 | INFO | [ncluster=493/493] AUC-ROC=50.00%  AUC-PR=11.03%  F1=0.0000  MCC=0.0000  Train=0.031s  Test=0.007s  Peak RAM=3.273 MB
2026-03-22 17:06:30 | INFO | [ncluster=496/496] AUC-ROC=50.00%  AUC-PR=11.03%  F1=0.0000  MCC=0.0000  Train=0.031s  Test=0.007s  Peak RAM=3.272 MB
2026-03-22 17:06:30 | INFO | [ncluster=499/499] AUC-ROC=50.00%  AUC-PR=11.03%  F1=0.0000  MCC=0.0000  Train=0.030s  Test=0.007s  Peak RAM=3.272 MB
2026-03-22 17:06:30 | INFO | Results saved to: /home/jupyter-iclr2025/New Project/NFST/GMM-nfst/notebooks/experiments/outputs/Experiment_OC_NFST_MemOpt_20260322_164502/data_BoTIoT_memopt.csv
2026-03-22 17:06:30 | INFO | Log saved to    : /home/jupyter-iclr2025/New Project/NFST/GMM-nfst/notebooks/experiments/outputs/Experiment_OC_NFST_MemOpt_20260322_164502/data_BoTIoT_memopt.log
