scaler,nCluster,noise_percentage,AUCROC,AUCPR,Accuracy,MCC,F1 Score,Precision,Recall,Time Train,Time Test
QuantileTransformer,50,0,50.0,90.60293886942425,90.60293886942425,0.0,0.9506982358912452,0.9060293886942425,1.0,13.334537506103516,0.9018814563751221
QuantileTransformer,100,0,50.0,90.60293886942425,90.60293886942425,0.0,0.9506982358912452,0.9060293886942425,1.0,32.232853174209595,0.8979151248931885
QuantileTransformer,90,0,50.0,90.60293886942425,90.60293886942425,0.0,0.9506982358912452,0.9060293886942425,1.0,31.48580837249756,0.9010136127471924
QuantileTransformer,150,0,50.0,90.60293886942425,90.60293886942425,0.0,0.9506982358912452,0.9060293886942425,1.0,44.09191155433655,0.9330642223358154
QuantileTransformer,151,0,50.0,90.60293886942425,90.60293886942425,0.0,0.9506982358912452,0.9060293886942425,1.0,42.67243432998657,0.9004473686218262
QuantileTransformer,152,0,50.0,90.60293886942425,90.60293886942425,0.0,0.9506982358912452,0.9060293886942425,1.0,46.54668426513672,0.9037058353424072
QuantileTransformer,160,0,50.0,90.60293886942425,90.60293886942425,0.0,0.9506982358912452,0.9060293886942425,1.0,51.007909536361694,0.9072959423065186
QuantileTransformer,170,0,50.0,90.60293886942425,90.60293886942425,0.0,0.9506982358912452,0.9060293886942425,1.0,64.95998358726501,0.8996124267578125
