2026-05-19 11:34:49 | INFO | Run started at 20260519_113449
2026-05-19 11:34:49 | INFO | Dataset prefix : data_EdgeIIoTset
2026-05-19 11:34:49 | INFO | Scalers        : ['StandardScaler', 'MinMaxScaler', 'Normalizer', 'QuantileTransformer', 'RobustScaler']
2026-05-19 11:34:49 | INFO | N_CLUSTERS     : range(1, 301, 3) — 100 values
2026-05-19 11:34:49 | INFO | NOISE_LIST     : [0, 1, 3, 5]
2026-05-19 11:34:49 | INFO | CSV output     : /home/jupyter-iclr2025/New Project/NFST/GMM-nfst/notebooks/experiments/outputs/Experiment_OC_NFST_MemOpt_20260519_113449/data_EdgeIIoTset_memopt.csv
2026-05-19 11:34:49 | INFO | Log file       : /home/jupyter-iclr2025/New Project/NFST/GMM-nfst/notebooks/experiments/outputs/Experiment_OC_NFST_MemOpt_20260519_113449/data_EdgeIIoTset_memopt.log
2026-05-19 11:34:49 | INFO | ------------------------------------------------------------
2026-05-19 11:34:49 | INFO | 
>>> Processing data_EdgeIIoTset | scaler=StandardScaler
2026-05-19 11:34:49 | INFO | --- noise=0% ---
2026-05-19 11:34:49 | INFO | ============================================================
2026-05-19 11:34:49 | INFO | Dataset  : Train_StandardScaler_data_EdgeIIoTset.csv
2026-05-19 11:34:49 | INFO | Scaler   : StandardScaler
2026-05-19 11:34:49 | INFO | Noise    : 0%
2026-05-19 11:34:49 | INFO | nClusters: 100 values (1..298)
2026-05-19 11:34:49 | INFO | K-Means  : Standard KMeans
2026-05-19 11:34:49 | INFO | ============================================================
2026-05-19 11:34:49 | INFO | Loaded Raw Shape -> Train: (30000, 53), Test: (30000, 53)
2026-05-19 11:34:49 | INFO | Training size : 30,000  |  Testing size: 30,000  |  Features: 52
2026-05-19 11:34:49 | INFO | Firing up Parallel execution for 100 cluster configs...
2026-05-19 11:37:50 | INFO | [ncluster=1/1] AUC-ROC=100.00%  AUC-PR=100.00%  F1=1.0000  MCC=1.0000  Train=0.272s  Test=0.028s  Peak RAM Train=44.022 MB  Peak RAM Test=27.035 MB
2026-05-19 11:37:50 | INFO | [ncluster=4/4] AUC-ROC=100.00%  AUC-PR=100.00%  F1=1.0000  MCC=0.9999  Train=0.251s  Test=0.030s  Peak RAM Train=44.033 MB  Peak RAM Test=27.515 MB
2026-05-19 11:37:50 | INFO | [ncluster=7/7] AUC-ROC=100.00%  AUC-PR=100.00%  F1=1.0000  MCC=0.9999  Train=0.268s  Test=0.029s  Peak RAM Train=44.037 MB  Peak RAM Test=27.995 MB
2026-05-19 11:37:50 | INFO | [ncluster=10/10] AUC-ROC=100.00%  AUC-PR=100.00%  F1=1.0000  MCC=0.9999  Train=0.285s  Test=0.029s  Peak RAM Train=44.039 MB  Peak RAM Test=28.475 MB
2026-05-19 11:37:50 | INFO | [ncluster=13/13] AUC-ROC=100.00%  AUC-PR=100.00%  F1=1.0000  MCC=0.9999  Train=0.268s  Test=0.032s  Peak RAM Train=44.034 MB  Peak RAM Test=28.715 MB
2026-05-19 11:37:50 | INFO | [ncluster=16/16] AUC-ROC=100.00%  AUC-PR=100.00%  F1=1.0000  MCC=0.9999  Train=0.259s  Test=0.031s  Peak RAM Train=44.041 MB  Peak RAM Test=28.955 MB
2026-05-19 11:37:50 | INFO | [ncluster=19/19] AUC-ROC=99.99%  AUC-PR=99.99%  F1=0.9999  MCC=0.9997  Train=0.256s  Test=0.031s  Peak RAM Train=44.04 MB  Peak RAM Test=28.715 MB
2026-05-19 11:37:50 | INFO | [ncluster=22/22] AUC-ROC=99.99%  AUC-PR=99.99%  F1=0.9999  MCC=0.9997  Train=0.247s  Test=0.025s  Peak RAM Train=44.043 MB  Peak RAM Test=28.955 MB
2026-05-19 11:37:50 | INFO | [ncluster=25/25] AUC-ROC=99.99%  AUC-PR=99.99%  F1=0.9999  MCC=0.9997  Train=0.299s  Test=0.034s  Peak RAM Train=44.039 MB  Peak RAM Test=28.715 MB
2026-05-19 11:37:50 | INFO | [ncluster=28/28] AUC-ROC=99.99%  AUC-PR=99.99%  F1=0.9999  MCC=0.9997  Train=0.252s  Test=0.034s  Peak RAM Train=44.042 MB  Peak RAM Test=28.955 MB
2026-05-19 11:37:50 | INFO | [ncluster=31/31] AUC-ROC=99.99%  AUC-PR=99.99%  F1=0.9999  MCC=0.9997  Train=0.248s  Test=0.035s  Peak RAM Train=44.04 MB  Peak RAM Test=28.955 MB
2026-05-19 11:37:50 | INFO | [ncluster=34/34] AUC-ROC=99.99%  AUC-PR=99.99%  F1=0.9999  MCC=0.9997  Train=0.241s  Test=0.034s  Peak RAM Train=44.039 MB  Peak RAM Test=28.955 MB
2026-05-19 11:37:50 | INFO | [ncluster=37/37] AUC-ROC=99.99%  AUC-PR=99.99%  F1=0.9999  MCC=0.9997  Train=0.223s  Test=0.037s  Peak RAM Train=43.853 MB  Peak RAM Test=28.955 MB
2026-05-19 11:37:50 | INFO | [ncluster=40/40] AUC-ROC=99.99%  AUC-PR=99.99%  F1=0.9999  MCC=0.9997  Train=0.244s  Test=0.037s  Peak RAM Train=43.858 MB  Peak RAM Test=28.955 MB
2026-05-19 11:37:50 | INFO | [ncluster=43/43] AUC-ROC=99.99%  AUC-PR=99.99%  F1=0.9999  MCC=0.9997  Train=0.236s  Test=0.043s  Peak RAM Train=43.857 MB  Peak RAM Test=28.955 MB
2026-05-19 11:37:50 | INFO | [ncluster=46/46] AUC-ROC=99.99%  AUC-PR=99.99%  F1=0.9999  MCC=0.9997  Train=0.258s  Test=0.042s  Peak RAM Train=43.857 MB  Peak RAM Test=28.955 MB
2026-05-19 11:37:50 | INFO | [ncluster=49/49] AUC-ROC=99.99%  AUC-PR=99.99%  F1=0.9999  MCC=0.9997  Train=0.221s  Test=0.037s  Peak RAM Train=43.855 MB  Peak RAM Test=28.955 MB
2026-05-19 11:37:50 | INFO | [ncluster=52/52] AUC-ROC=99.99%  AUC-PR=99.99%  F1=0.9999  MCC=0.9997  Train=0.237s  Test=0.038s  Peak RAM Train=43.859 MB  Peak RAM Test=28.955 MB
2026-05-19 11:37:50 | INFO | [ncluster=55/55] AUC-ROC=99.99%  AUC-PR=99.99%  F1=0.9999  MCC=0.9997  Train=0.214s  Test=0.037s  Peak RAM Train=43.858 MB  Peak RAM Test=28.955 MB
2026-05-19 11:37:50 | INFO | [ncluster=58/58] AUC-ROC=99.99%  AUC-PR=99.99%  F1=0.9999  MCC=0.9997  Train=0.141s  Test=0.037s  Peak RAM Train=43.859 MB  Peak RAM Test=28.955 MB
2026-05-19 11:37:50 | INFO | [ncluster=61/61] AUC-ROC=99.99%  AUC-PR=99.99%  F1=0.9999  MCC=0.9997  Train=0.214s  Test=0.043s  Peak RAM Train=43.864 MB  Peak RAM Test=28.955 MB
2026-05-19 11:37:50 | INFO | [ncluster=64/64] AUC-ROC=99.99%  AUC-PR=99.99%  F1=0.9999  MCC=0.9997  Train=0.225s  Test=0.040s  Peak RAM Train=43.86 MB  Peak RAM Test=28.955 MB
2026-05-19 11:37:50 | INFO | [ncluster=67/67] AUC-ROC=99.99%  AUC-PR=99.99%  F1=0.9999  MCC=0.9997  Train=0.211s  Test=0.042s  Peak RAM Train=43.861 MB  Peak RAM Test=28.955 MB
2026-05-19 11:37:50 | INFO | [ncluster=70/70] AUC-ROC=99.99%  AUC-PR=99.99%  F1=0.9999  MCC=0.9997  Train=0.222s  Test=0.041s  Peak RAM Train=43.86 MB  Peak RAM Test=28.955 MB
2026-05-19 11:37:50 | INFO | [ncluster=73/73] AUC-ROC=99.99%  AUC-PR=99.99%  F1=0.9999  MCC=0.9997  Train=0.221s  Test=0.043s  Peak RAM Train=43.846 MB  Peak RAM Test=28.955 MB
2026-05-19 11:37:50 | INFO | [ncluster=76/76] AUC-ROC=99.99%  AUC-PR=99.99%  F1=0.9999  MCC=0.9997  Train=0.220s  Test=0.049s  Peak RAM Train=43.848 MB  Peak RAM Test=28.955 MB
2026-05-19 11:37:50 | INFO | [ncluster=79/79] AUC-ROC=99.99%  AUC-PR=99.99%  F1=0.9999  MCC=0.9997  Train=0.221s  Test=0.044s  Peak RAM Train=43.85 MB  Peak RAM Test=28.955 MB
2026-05-19 11:37:50 | INFO | [ncluster=82/82] AUC-ROC=99.99%  AUC-PR=99.99%  F1=0.9999  MCC=0.9997  Train=0.257s  Test=0.044s  Peak RAM Train=43.851 MB  Peak RAM Test=28.955 MB
2026-05-19 11:37:50 | INFO | [ncluster=85/85] AUC-ROC=99.99%  AUC-PR=99.99%  F1=0.9999  MCC=0.9997  Train=0.203s  Test=0.043s  Peak RAM Train=43.85 MB  Peak RAM Test=28.955 MB
2026-05-19 11:37:50 | INFO | [ncluster=88/88] AUC-ROC=99.99%  AUC-PR=99.99%  F1=0.9999  MCC=0.9997  Train=0.246s  Test=0.045s  Peak RAM Train=43.854 MB  Peak RAM Test=28.955 MB
2026-05-19 11:37:50 | INFO | [ncluster=91/91] AUC-ROC=99.99%  AUC-PR=99.99%  F1=0.9999  MCC=0.9997  Train=0.250s  Test=0.045s  Peak RAM Train=43.851 MB  Peak RAM Test=28.955 MB
2026-05-19 11:37:50 | INFO | [ncluster=94/94] AUC-ROC=99.99%  AUC-PR=99.99%  F1=0.9999  MCC=0.9997  Train=0.212s  Test=0.048s  Peak RAM Train=43.853 MB  Peak RAM Test=28.955 MB
2026-05-19 11:37:50 | INFO | [ncluster=97/97] AUC-ROC=99.99%  AUC-PR=99.99%  F1=0.9999  MCC=0.9997  Train=0.253s  Test=0.046s  Peak RAM Train=43.855 MB  Peak RAM Test=28.955 MB
2026-05-19 11:37:50 | INFO | [ncluster=100/100] AUC-ROC=99.99%  AUC-PR=99.99%  F1=0.9999  MCC=0.9997  Train=0.204s  Test=0.045s  Peak RAM Train=43.857 MB  Peak RAM Test=28.955 MB
2026-05-19 11:37:50 | INFO | [ncluster=103/103] AUC-ROC=99.99%  AUC-PR=99.99%  F1=0.9999  MCC=0.9997  Train=0.215s  Test=0.047s  Peak RAM Train=43.853 MB  Peak RAM Test=28.955 MB
2026-05-19 11:37:50 | INFO | [ncluster=106/106] AUC-ROC=99.99%  AUC-PR=99.99%  F1=0.9999  MCC=0.9997  Train=0.224s  Test=0.051s  Peak RAM Train=43.854 MB  Peak RAM Test=28.955 MB
2026-05-19 11:37:50 | INFO | [ncluster=109/109] AUC-ROC=99.99%  AUC-PR=99.99%  F1=0.9999  MCC=0.9997  Train=0.271s  Test=0.060s  Peak RAM Train=43.858 MB  Peak RAM Test=28.955 MB
2026-05-19 11:37:50 | INFO | [ncluster=112/112] AUC-ROC=99.99%  AUC-PR=99.99%  F1=0.9999  MCC=0.9997  Train=0.249s  Test=0.047s  Peak RAM Train=43.86 MB  Peak RAM Test=28.955 MB
2026-05-19 11:37:50 | INFO | [ncluster=115/115] AUC-ROC=99.99%  AUC-PR=99.99%  F1=0.9999  MCC=0.9997  Train=0.209s  Test=0.049s  Peak RAM Train=43.857 MB  Peak RAM Test=28.955 MB
2026-05-19 11:37:50 | INFO | [ncluster=118/118] AUC-ROC=99.99%  AUC-PR=99.99%  F1=0.9999  MCC=0.9997  Train=0.229s  Test=0.049s  Peak RAM Train=43.856 MB  Peak RAM Test=28.955 MB
2026-05-19 11:37:50 | INFO | [ncluster=121/121] AUC-ROC=99.99%  AUC-PR=99.99%  F1=0.9999  MCC=0.9997  Train=0.240s  Test=0.049s  Peak RAM Train=43.857 MB  Peak RAM Test=29.195 MB
2026-05-19 11:37:50 | INFO | [ncluster=124/124] AUC-ROC=99.99%  AUC-PR=99.99%  F1=0.9999  MCC=0.9997  Train=0.246s  Test=0.053s  Peak RAM Train=43.861 MB  Peak RAM Test=29.195 MB
2026-05-19 11:37:50 | INFO | [ncluster=127/127] AUC-ROC=99.99%  AUC-PR=99.99%  F1=0.9999  MCC=0.9997  Train=0.181s  Test=0.051s  Peak RAM Train=43.859 MB  Peak RAM Test=28.955 MB
2026-05-19 11:37:50 | INFO | [ncluster=130/130] AUC-ROC=99.99%  AUC-PR=99.99%  F1=0.9999  MCC=0.9997  Train=0.300s  Test=0.053s  Peak RAM Train=43.858 MB  Peak RAM Test=28.955 MB
2026-05-19 11:37:50 | INFO | [ncluster=133/133] AUC-ROC=99.99%  AUC-PR=99.99%  F1=0.9999  MCC=0.9997  Train=0.182s  Test=0.050s  Peak RAM Train=43.861 MB  Peak RAM Test=29.195 MB
2026-05-19 11:37:50 | INFO | [ncluster=136/136] AUC-ROC=99.99%  AUC-PR=99.99%  F1=0.9999  MCC=0.9997  Train=0.269s  Test=0.056s  Peak RAM Train=43.864 MB  Peak RAM Test=28.955 MB
2026-05-19 11:37:50 | INFO | [ncluster=139/139] AUC-ROC=99.99%  AUC-PR=99.99%  F1=0.9999  MCC=0.9997  Train=0.184s  Test=0.051s  Peak RAM Train=43.861 MB  Peak RAM Test=28.955 MB
2026-05-19 11:37:50 | INFO | [ncluster=142/142] AUC-ROC=99.99%  AUC-PR=99.99%  F1=0.9999  MCC=0.9997  Train=0.244s  Test=0.062s  Peak RAM Train=43.863 MB  Peak RAM Test=29.195 MB
2026-05-19 11:37:50 | INFO | [ncluster=145/145] AUC-ROC=99.99%  AUC-PR=99.99%  F1=0.9999  MCC=0.9997  Train=0.215s  Test=0.050s  Peak RAM Train=43.863 MB  Peak RAM Test=28.955 MB
2026-05-19 11:37:50 | INFO | [ncluster=148/148] AUC-ROC=99.99%  AUC-PR=99.99%  F1=0.9999  MCC=0.9997  Train=0.233s  Test=0.053s  Peak RAM Train=43.866 MB  Peak RAM Test=29.195 MB
2026-05-19 11:37:50 | INFO | [ncluster=151/151] AUC-ROC=99.99%  AUC-PR=99.99%  F1=0.9999  MCC=0.9997  Train=0.239s  Test=0.061s  Peak RAM Train=43.864 MB  Peak RAM Test=29.195 MB
2026-05-19 11:37:50 | INFO | [ncluster=154/154] AUC-ROC=99.99%  AUC-PR=99.99%  F1=0.9999  MCC=0.9997  Train=0.240s  Test=0.057s  Peak RAM Train=43.866 MB  Peak RAM Test=29.195 MB
2026-05-19 11:37:50 | INFO | [ncluster=157/157] AUC-ROC=99.99%  AUC-PR=99.99%  F1=0.9999  MCC=0.9997  Train=0.326s  Test=0.055s  Peak RAM Train=43.865 MB  Peak RAM Test=29.195 MB
2026-05-19 11:37:50 | INFO | [ncluster=160/160] AUC-ROC=99.99%  AUC-PR=99.99%  F1=0.9999  MCC=0.9997  Train=0.273s  Test=0.080s  Peak RAM Train=43.864 MB  Peak RAM Test=29.195 MB
2026-05-19 11:37:50 | INFO | [ncluster=163/163] AUC-ROC=99.99%  AUC-PR=99.99%  F1=0.9999  MCC=0.9997  Train=0.220s  Test=0.055s  Peak RAM Train=43.867 MB  Peak RAM Test=29.195 MB
2026-05-19 11:37:50 | INFO | [ncluster=166/166] AUC-ROC=99.99%  AUC-PR=99.99%  F1=0.9999  MCC=0.9997  Train=0.247s  Test=0.060s  Peak RAM Train=43.868 MB  Peak RAM Test=29.195 MB
2026-05-19 11:37:50 | INFO | [ncluster=169/169] AUC-ROC=99.99%  AUC-PR=99.99%  F1=0.9999  MCC=0.9997  Train=0.236s  Test=0.057s  Peak RAM Train=43.871 MB  Peak RAM Test=29.195 MB
2026-05-19 11:37:50 | INFO | [ncluster=172/172] AUC-ROC=99.99%  AUC-PR=99.99%  F1=0.9999  MCC=0.9997  Train=0.234s  Test=0.077s  Peak RAM Train=43.869 MB  Peak RAM Test=29.195 MB
2026-05-19 11:37:50 | INFO | [ncluster=175/175] AUC-ROC=99.99%  AUC-PR=99.99%  F1=0.9999  MCC=0.9997  Train=0.223s  Test=0.060s  Peak RAM Train=43.869 MB  Peak RAM Test=29.195 MB
2026-05-19 11:37:50 | INFO | [ncluster=178/178] AUC-ROC=99.99%  AUC-PR=99.99%  F1=0.9999  MCC=0.9997  Train=0.285s  Test=0.053s  Peak RAM Train=43.87 MB  Peak RAM Test=29.195 MB
2026-05-19 11:37:50 | INFO | [ncluster=181/181] AUC-ROC=99.99%  AUC-PR=99.99%  F1=0.9999  MCC=0.9997  Train=0.234s  Test=0.061s  Peak RAM Train=43.87 MB  Peak RAM Test=29.195 MB
2026-05-19 11:37:50 | INFO | [ncluster=184/184] AUC-ROC=99.99%  AUC-PR=99.99%  F1=0.9999  MCC=0.9997  Train=0.245s  Test=0.055s  Peak RAM Train=43.871 MB  Peak RAM Test=29.195 MB
2026-05-19 11:37:50 | INFO | [ncluster=187/187] AUC-ROC=99.99%  AUC-PR=99.99%  F1=0.9999  MCC=0.9997  Train=0.206s  Test=0.061s  Peak RAM Train=43.872 MB  Peak RAM Test=29.195 MB
2026-05-19 11:37:50 | INFO | [ncluster=190/190] AUC-ROC=99.99%  AUC-PR=99.99%  F1=0.9999  MCC=0.9997  Train=0.255s  Test=0.069s  Peak RAM Train=43.873 MB  Peak RAM Test=29.195 MB
2026-05-19 11:37:50 | INFO | [ncluster=193/193] AUC-ROC=99.99%  AUC-PR=99.99%  F1=0.9999  MCC=0.9997  Train=0.280s  Test=0.073s  Peak RAM Train=43.873 MB  Peak RAM Test=29.195 MB
2026-05-19 11:37:50 | INFO | [ncluster=196/196] AUC-ROC=99.99%  AUC-PR=99.99%  F1=0.9999  MCC=0.9997  Train=0.282s  Test=0.081s  Peak RAM Train=43.873 MB  Peak RAM Test=29.195 MB
2026-05-19 11:37:50 | INFO | [ncluster=199/199] AUC-ROC=99.99%  AUC-PR=99.99%  F1=0.9999  MCC=0.9997  Train=0.317s  Test=0.069s  Peak RAM Train=43.873 MB  Peak RAM Test=29.195 MB
2026-05-19 11:37:50 | INFO | [ncluster=202/202] AUC-ROC=99.99%  AUC-PR=99.99%  F1=0.9999  MCC=0.9997  Train=0.247s  Test=0.069s  Peak RAM Train=43.875 MB  Peak RAM Test=29.195 MB
2026-05-19 11:37:50 | INFO | [ncluster=205/205] AUC-ROC=99.99%  AUC-PR=99.99%  F1=0.9999  MCC=0.9997  Train=0.359s  Test=0.068s  Peak RAM Train=43.875 MB  Peak RAM Test=29.195 MB
2026-05-19 11:37:50 | INFO | [ncluster=208/208] AUC-ROC=99.99%  AUC-PR=99.99%  F1=0.9999  MCC=0.9997  Train=0.253s  Test=0.064s  Peak RAM Train=43.875 MB  Peak RAM Test=29.195 MB
2026-05-19 11:37:50 | INFO | [ncluster=211/211] AUC-ROC=99.99%  AUC-PR=99.99%  F1=0.9999  MCC=0.9997  Train=0.260s  Test=0.115s  Peak RAM Train=43.875 MB  Peak RAM Test=29.195 MB
2026-05-19 11:37:50 | INFO | [ncluster=214/214] AUC-ROC=99.99%  AUC-PR=99.99%  F1=0.9999  MCC=0.9997  Train=0.288s  Test=0.091s  Peak RAM Train=43.877 MB  Peak RAM Test=29.195 MB
2026-05-19 11:37:50 | INFO | [ncluster=217/217] AUC-ROC=99.99%  AUC-PR=99.99%  F1=0.9999  MCC=0.9997  Train=0.259s  Test=0.069s  Peak RAM Train=43.877 MB  Peak RAM Test=29.195 MB
2026-05-19 11:37:50 | INFO | [ncluster=220/220] AUC-ROC=99.99%  AUC-PR=99.99%  F1=0.9999  MCC=0.9997  Train=0.276s  Test=0.073s  Peak RAM Train=43.877 MB  Peak RAM Test=29.195 MB
2026-05-19 11:37:50 | INFO | [ncluster=223/223] AUC-ROC=99.99%  AUC-PR=99.99%  F1=0.9999  MCC=0.9997  Train=0.348s  Test=0.132s  Peak RAM Train=43.878 MB  Peak RAM Test=29.195 MB
2026-05-19 11:37:50 | INFO | [ncluster=226/226] AUC-ROC=99.99%  AUC-PR=99.99%  F1=0.9999  MCC=0.9997  Train=0.316s  Test=0.065s  Peak RAM Train=43.881 MB  Peak RAM Test=29.195 MB
2026-05-19 11:37:50 | INFO | [ncluster=229/229] AUC-ROC=99.99%  AUC-PR=99.99%  F1=0.9999  MCC=0.9997  Train=0.360s  Test=0.069s  Peak RAM Train=43.879 MB  Peak RAM Test=29.195 MB
2026-05-19 11:37:50 | INFO | [ncluster=232/232] AUC-ROC=99.99%  AUC-PR=99.99%  F1=0.9999  MCC=0.9997  Train=0.304s  Test=0.081s  Peak RAM Train=43.881 MB  Peak RAM Test=29.195 MB
2026-05-19 11:37:50 | INFO | [ncluster=235/235] AUC-ROC=99.99%  AUC-PR=99.99%  F1=0.9999  MCC=0.9997  Train=0.351s  Test=0.068s  Peak RAM Train=43.881 MB  Peak RAM Test=29.195 MB
2026-05-19 11:37:50 | INFO | [ncluster=238/238] AUC-ROC=99.99%  AUC-PR=99.99%  F1=0.9999  MCC=0.9997  Train=0.258s  Test=0.075s  Peak RAM Train=43.883 MB  Peak RAM Test=29.195 MB
2026-05-19 11:37:50 | INFO | [ncluster=241/241] AUC-ROC=99.99%  AUC-PR=99.99%  F1=0.9999  MCC=0.9997  Train=0.348s  Test=0.074s  Peak RAM Train=43.883 MB  Peak RAM Test=29.195 MB
2026-05-19 11:37:50 | INFO | [ncluster=244/244] AUC-ROC=99.99%  AUC-PR=99.99%  F1=0.9999  MCC=0.9997  Train=0.273s  Test=0.155s  Peak RAM Train=43.884 MB  Peak RAM Test=29.435 MB
2026-05-19 11:37:50 | INFO | [ncluster=247/247] AUC-ROC=99.99%  AUC-PR=99.99%  F1=0.9999  MCC=0.9997  Train=0.434s  Test=0.111s  Peak RAM Train=43.884 MB  Peak RAM Test=29.195 MB
2026-05-19 11:37:50 | INFO | [ncluster=250/250] AUC-ROC=99.99%  AUC-PR=99.99%  F1=0.9999  MCC=0.9997  Train=0.262s  Test=0.155s  Peak RAM Train=43.884 MB  Peak RAM Test=29.195 MB
2026-05-19 11:37:50 | INFO | [ncluster=253/253] AUC-ROC=99.99%  AUC-PR=99.99%  F1=0.9999  MCC=0.9997  Train=0.372s  Test=0.119s  Peak RAM Train=43.886 MB  Peak RAM Test=29.195 MB
2026-05-19 11:37:51 | INFO | [ncluster=256/256] AUC-ROC=99.99%  AUC-PR=99.99%  F1=0.9999  MCC=0.9997  Train=0.445s  Test=0.142s  Peak RAM Train=43.886 MB  Peak RAM Test=29.195 MB
2026-05-19 11:37:51 | INFO | [ncluster=259/259] AUC-ROC=99.99%  AUC-PR=99.99%  F1=0.9999  MCC=0.9997  Train=0.328s  Test=0.123s  Peak RAM Train=43.887 MB  Peak RAM Test=29.435 MB
2026-05-19 11:37:51 | INFO | [ncluster=262/262] AUC-ROC=99.99%  AUC-PR=99.99%  F1=0.9999  MCC=0.9997  Train=0.309s  Test=0.132s  Peak RAM Train=43.887 MB  Peak RAM Test=29.195 MB
2026-05-19 11:37:51 | INFO | [ncluster=265/265] AUC-ROC=99.99%  AUC-PR=99.99%  F1=0.9999  MCC=0.9997  Train=0.306s  Test=0.085s  Peak RAM Train=43.888 MB  Peak RAM Test=29.195 MB
2026-05-19 11:37:51 | INFO | [ncluster=268/268] AUC-ROC=99.99%  AUC-PR=99.99%  F1=0.9999  MCC=0.9997  Train=0.321s  Test=0.087s  Peak RAM Train=43.888 MB  Peak RAM Test=29.195 MB
2026-05-19 11:37:51 | INFO | [ncluster=271/271] AUC-ROC=99.99%  AUC-PR=99.99%  F1=0.9999  MCC=0.9997  Train=0.240s  Test=0.086s  Peak RAM Train=43.888 MB  Peak RAM Test=29.195 MB
2026-05-19 11:37:51 | INFO | [ncluster=274/274] AUC-ROC=99.99%  AUC-PR=99.99%  F1=0.9999  MCC=0.9997  Train=0.299s  Test=0.083s  Peak RAM Train=43.89 MB  Peak RAM Test=28.955 MB
2026-05-19 11:37:51 | INFO | [ncluster=277/277] AUC-ROC=99.99%  AUC-PR=99.99%  F1=0.9999  MCC=0.9997  Train=0.304s  Test=0.083s  Peak RAM Train=43.89 MB  Peak RAM Test=29.435 MB
2026-05-19 11:37:51 | INFO | [ncluster=280/280] AUC-ROC=99.99%  AUC-PR=99.99%  F1=0.9999  MCC=0.9997  Train=0.247s  Test=0.078s  Peak RAM Train=43.891 MB  Peak RAM Test=29.435 MB
2026-05-19 11:37:51 | INFO | [ncluster=283/283] AUC-ROC=99.99%  AUC-PR=99.99%  F1=0.9999  MCC=0.9997  Train=0.208s  Test=0.076s  Peak RAM Train=43.891 MB  Peak RAM Test=29.435 MB
2026-05-19 11:37:51 | INFO | [ncluster=286/286] AUC-ROC=99.99%  AUC-PR=99.99%  F1=0.9999  MCC=0.9997  Train=0.139s  Test=0.052s  Peak RAM Train=43.891 MB  Peak RAM Test=29.435 MB
2026-05-19 11:37:51 | INFO | [ncluster=289/289] AUC-ROC=99.99%  AUC-PR=99.99%  F1=0.9999  MCC=0.9997  Train=0.157s  Test=0.055s  Peak RAM Train=43.893 MB  Peak RAM Test=29.435 MB
2026-05-19 11:37:51 | INFO | [ncluster=292/292] AUC-ROC=99.99%  AUC-PR=99.99%  F1=0.9999  MCC=0.9997  Train=0.164s  Test=0.056s  Peak RAM Train=43.894 MB  Peak RAM Test=29.195 MB
2026-05-19 11:37:51 | INFO | [ncluster=295/295] AUC-ROC=99.99%  AUC-PR=99.99%  F1=0.9999  MCC=0.9997  Train=0.124s  Test=0.052s  Peak RAM Train=43.894 MB  Peak RAM Test=29.435 MB
2026-05-19 11:37:51 | INFO | [ncluster=298/298] AUC-ROC=99.99%  AUC-PR=99.99%  F1=0.9999  MCC=0.9997  Train=0.133s  Test=0.053s  Peak RAM Train=43.895 MB  Peak RAM Test=29.195 MB
2026-05-19 11:37:51 | INFO | --- noise=1% ---
2026-05-19 11:37:51 | INFO | ============================================================
2026-05-19 11:37:51 | INFO | Dataset  : Train_StandardScaler_data_EdgeIIoTset.csv
2026-05-19 11:37:51 | INFO | Scaler   : StandardScaler
2026-05-19 11:37:51 | INFO | Noise    : 1%
2026-05-19 11:37:51 | INFO | nClusters: 100 values (1..298)
2026-05-19 11:37:51 | INFO | K-Means  : Standard KMeans
2026-05-19 11:37:51 | INFO | ============================================================
2026-05-19 11:37:51 | INFO | Loaded Raw Shape -> Train: (30000, 53), Test: (30000, 53)
2026-05-19 11:37:51 | INFO | Training size : 30,300  |  Testing size: 29,700  |  Features: 52
2026-05-19 11:37:51 | INFO | Firing up Parallel execution for 100 cluster configs...
2026-05-19 11:41:30 | INFO | [ncluster=1/1] AUC-ROC=98.44%  AUC-PR=98.81%  F1=0.9641  MCC=0.9294  Train=0.720s  Test=0.020s  Peak RAM Train=44.267 MB  Peak RAM Test=15.064 MB
2026-05-19 11:41:30 | INFO | [ncluster=4/4] AUC-ROC=96.58%  AUC-PR=97.54%  F1=0.9526  MCC=0.9057  Train=0.640s  Test=0.022s  Peak RAM Train=44.27 MB  Peak RAM Test=15.306 MB
2026-05-19 11:41:30 | INFO | [ncluster=7/7] AUC-ROC=96.22%  AUC-PR=97.02%  F1=0.9464  MCC=0.8920  Train=0.645s  Test=0.049s  Peak RAM Train=44.27 MB  Peak RAM Test=15.791 MB
2026-05-19 11:41:30 | INFO | [ncluster=10/10] AUC-ROC=96.47%  AUC-PR=97.32%  F1=0.9501  MCC=0.8998  Train=0.526s  Test=0.037s  Peak RAM Train=44.272 MB  Peak RAM Test=16.033 MB
2026-05-19 11:41:30 | INFO | [ncluster=13/13] AUC-ROC=96.22%  AUC-PR=96.92%  F1=0.9473  MCC=0.8937  Train=0.539s  Test=0.023s  Peak RAM Train=44.272 MB  Peak RAM Test=15.791 MB
2026-05-19 11:41:30 | INFO | [ncluster=16/16] AUC-ROC=96.04%  AUC-PR=96.89%  F1=0.9472  MCC=0.8965  Train=0.520s  Test=0.027s  Peak RAM Train=44.273 MB  Peak RAM Test=16.033 MB
2026-05-19 11:41:30 | INFO | [ncluster=19/19] AUC-ROC=96.07%  AUC-PR=96.90%  F1=0.9508  MCC=0.9030  Train=0.474s  Test=0.023s  Peak RAM Train=44.275 MB  Peak RAM Test=16.033 MB
2026-05-19 11:41:30 | INFO | [ncluster=22/22] AUC-ROC=96.46%  AUC-PR=97.39%  F1=0.9493  MCC=0.8979  Train=0.532s  Test=0.026s  Peak RAM Train=44.274 MB  Peak RAM Test=16.033 MB
2026-05-19 11:41:30 | INFO | [ncluster=25/25] AUC-ROC=97.51%  AUC-PR=98.22%  F1=0.9553  MCC=0.9106  Train=0.604s  Test=0.027s  Peak RAM Train=44.275 MB  Peak RAM Test=16.033 MB
2026-05-19 11:41:30 | INFO | [ncluster=28/28] AUC-ROC=95.60%  AUC-PR=96.32%  F1=0.9275  MCC=0.8520  Train=0.509s  Test=0.027s  Peak RAM Train=44.275 MB  Peak RAM Test=16.033 MB
2026-05-19 11:41:30 | INFO | [ncluster=31/31] AUC-ROC=95.11%  AUC-PR=95.95%  F1=0.9065  MCC=0.8093  Train=0.426s  Test=0.028s  Peak RAM Train=44.276 MB  Peak RAM Test=16.033 MB
2026-05-19 11:41:30 | INFO | [ncluster=34/34] AUC-ROC=96.71%  AUC-PR=97.62%  F1=0.9378  MCC=0.8757  Train=0.473s  Test=0.026s  Peak RAM Train=44.277 MB  Peak RAM Test=16.276 MB
2026-05-19 11:41:30 | INFO | [ncluster=37/37] AUC-ROC=97.00%  AUC-PR=98.09%  F1=0.9659  MCC=0.9331  Train=0.523s  Test=0.033s  Peak RAM Train=44.276 MB  Peak RAM Test=16.033 MB
2026-05-19 11:41:30 | INFO | [ncluster=40/40] AUC-ROC=96.96%  AUC-PR=98.04%  F1=0.9626  MCC=0.9274  Train=0.560s  Test=0.031s  Peak RAM Train=44.277 MB  Peak RAM Test=16.276 MB
2026-05-19 11:41:30 | INFO | [ncluster=43/43] AUC-ROC=97.02%  AUC-PR=98.10%  F1=0.9548  MCC=0.9133  Train=0.414s  Test=0.033s  Peak RAM Train=44.278 MB  Peak RAM Test=16.276 MB
2026-05-19 11:41:30 | INFO | [ncluster=46/46] AUC-ROC=97.04%  AUC-PR=98.10%  F1=0.9593  MCC=0.9197  Train=0.672s  Test=0.033s  Peak RAM Train=44.279 MB  Peak RAM Test=16.276 MB
2026-05-19 11:41:30 | INFO | [ncluster=49/49] AUC-ROC=97.07%  AUC-PR=98.17%  F1=0.9651  MCC=0.9327  Train=0.443s  Test=0.032s  Peak RAM Train=44.28 MB  Peak RAM Test=16.276 MB
2026-05-19 11:41:30 | INFO | [ncluster=52/52] AUC-ROC=97.12%  AUC-PR=98.15%  F1=0.9522  MCC=0.9114  Train=0.385s  Test=0.033s  Peak RAM Train=44.28 MB  Peak RAM Test=16.276 MB
2026-05-19 11:41:30 | INFO | [ncluster=55/55] AUC-ROC=96.51%  AUC-PR=97.62%  F1=0.9488  MCC=0.9029  Train=0.460s  Test=0.050s  Peak RAM Train=44.283 MB  Peak RAM Test=16.033 MB
2026-05-19 11:41:30 | INFO | [ncluster=58/58] AUC-ROC=97.37%  AUC-PR=98.29%  F1=0.9695  MCC=0.9408  Train=0.476s  Test=0.033s  Peak RAM Train=44.282 MB  Peak RAM Test=16.276 MB
2026-05-19 11:41:30 | INFO | [ncluster=61/61] AUC-ROC=97.05%  AUC-PR=98.11%  F1=0.9570  MCC=0.9187  Train=0.394s  Test=0.033s  Peak RAM Train=44.283 MB  Peak RAM Test=16.275 MB
2026-05-19 11:41:30 | INFO | [ncluster=64/64] AUC-ROC=97.28%  AUC-PR=98.23%  F1=0.9589  MCC=0.9188  Train=0.346s  Test=0.032s  Peak RAM Train=44.283 MB  Peak RAM Test=16.276 MB
2026-05-19 11:41:30 | INFO | [ncluster=67/67] AUC-ROC=97.25%  AUC-PR=98.24%  F1=0.9653  MCC=0.9323  Train=0.402s  Test=0.038s  Peak RAM Train=44.285 MB  Peak RAM Test=16.276 MB
2026-05-19 11:41:30 | INFO | [ncluster=70/70] AUC-ROC=97.00%  AUC-PR=98.09%  F1=0.9623  MCC=0.9257  Train=0.516s  Test=0.039s  Peak RAM Train=44.284 MB  Peak RAM Test=16.276 MB
2026-05-19 11:41:30 | INFO | [ncluster=73/73] AUC-ROC=97.46%  AUC-PR=98.31%  F1=0.9580  MCC=0.9207  Train=0.624s  Test=0.037s  Peak RAM Train=44.286 MB  Peak RAM Test=16.276 MB
2026-05-19 11:41:30 | INFO | [ncluster=76/76] AUC-ROC=97.41%  AUC-PR=98.29%  F1=0.9559  MCC=0.9171  Train=0.405s  Test=0.047s  Peak RAM Train=44.285 MB  Peak RAM Test=16.276 MB
2026-05-19 11:41:30 | INFO | [ncluster=79/79] AUC-ROC=97.19%  AUC-PR=98.16%  F1=0.9527  MCC=0.9113  Train=0.468s  Test=0.038s  Peak RAM Train=44.286 MB  Peak RAM Test=16.276 MB
2026-05-19 11:41:30 | INFO | [ncluster=82/82] AUC-ROC=96.98%  AUC-PR=97.68%  F1=0.9499  MCC=0.9029  Train=0.467s  Test=0.065s  Peak RAM Train=44.287 MB  Peak RAM Test=16.518 MB
2026-05-19 11:41:30 | INFO | [ncluster=85/85] AUC-ROC=97.32%  AUC-PR=98.22%  F1=0.9572  MCC=0.9190  Train=0.315s  Test=0.036s  Peak RAM Train=44.288 MB  Peak RAM Test=16.276 MB
2026-05-19 11:41:30 | INFO | [ncluster=88/88] AUC-ROC=97.16%  AUC-PR=98.05%  F1=0.9535  MCC=0.9113  Train=0.439s  Test=0.041s  Peak RAM Train=44.287 MB  Peak RAM Test=16.276 MB
2026-05-19 11:41:30 | INFO | [ncluster=91/91] AUC-ROC=97.19%  AUC-PR=98.15%  F1=0.9612  MCC=0.9264  Train=0.349s  Test=0.039s  Peak RAM Train=44.289 MB  Peak RAM Test=16.276 MB
2026-05-19 11:41:30 | INFO | [ncluster=94/94] AUC-ROC=97.36%  AUC-PR=98.20%  F1=0.9563  MCC=0.9169  Train=0.336s  Test=0.038s  Peak RAM Train=44.29 MB  Peak RAM Test=16.276 MB
2026-05-19 11:41:30 | INFO | [ncluster=97/97] AUC-ROC=96.96%  AUC-PR=97.83%  F1=0.9438  MCC=0.8899  Train=0.470s  Test=0.038s  Peak RAM Train=44.291 MB  Peak RAM Test=16.276 MB
2026-05-19 11:41:30 | INFO | [ncluster=100/100] AUC-ROC=97.00%  AUC-PR=97.92%  F1=0.9528  MCC=0.9094  Train=0.412s  Test=0.040s  Peak RAM Train=44.29 MB  Peak RAM Test=16.276 MB
2026-05-19 11:41:30 | INFO | [ncluster=103/103] AUC-ROC=96.67%  AUC-PR=97.70%  F1=0.9499  MCC=0.9034  Train=0.438s  Test=0.039s  Peak RAM Train=44.292 MB  Peak RAM Test=16.276 MB
2026-05-19 11:41:30 | INFO | [ncluster=106/106] AUC-ROC=97.20%  AUC-PR=98.05%  F1=0.9487  MCC=0.9013  Train=0.315s  Test=0.039s  Peak RAM Train=44.294 MB  Peak RAM Test=16.518 MB
2026-05-19 11:41:30 | INFO | [ncluster=109/109] AUC-ROC=96.85%  AUC-PR=97.82%  F1=0.9515  MCC=0.9064  Train=0.384s  Test=0.038s  Peak RAM Train=44.293 MB  Peak RAM Test=16.276 MB
2026-05-19 11:41:30 | INFO | [ncluster=112/112] AUC-ROC=96.82%  AUC-PR=97.85%  F1=0.9492  MCC=0.9011  Train=0.325s  Test=0.041s  Peak RAM Train=44.294 MB  Peak RAM Test=16.276 MB
2026-05-19 11:41:30 | INFO | [ncluster=115/115] AUC-ROC=97.56%  AUC-PR=98.29%  F1=0.9676  MCC=0.9366  Train=0.367s  Test=0.044s  Peak RAM Train=44.294 MB  Peak RAM Test=16.276 MB
2026-05-19 11:41:30 | INFO | [ncluster=118/118] AUC-ROC=96.80%  AUC-PR=97.56%  F1=0.9506  MCC=0.9045  Train=0.329s  Test=0.041s  Peak RAM Train=44.295 MB  Peak RAM Test=16.276 MB
2026-05-19 11:41:30 | INFO | [ncluster=121/121] AUC-ROC=96.93%  AUC-PR=97.78%  F1=0.9474  MCC=0.8984  Train=0.431s  Test=0.047s  Peak RAM Train=44.295 MB  Peak RAM Test=16.275 MB
2026-05-19 11:41:30 | INFO | [ncluster=124/124] AUC-ROC=97.31%  AUC-PR=98.13%  F1=0.9611  MCC=0.9233  Train=0.467s  Test=0.050s  Peak RAM Train=44.297 MB  Peak RAM Test=16.518 MB
2026-05-19 11:41:30 | INFO | [ncluster=127/127] AUC-ROC=97.36%  AUC-PR=98.19%  F1=0.9607  MCC=0.9233  Train=0.410s  Test=0.052s  Peak RAM Train=44.299 MB  Peak RAM Test=16.518 MB
2026-05-19 11:41:30 | INFO | [ncluster=130/130] AUC-ROC=97.14%  AUC-PR=97.91%  F1=0.9579  MCC=0.9177  Train=0.468s  Test=0.063s  Peak RAM Train=44.296 MB  Peak RAM Test=16.518 MB
2026-05-19 11:41:30 | INFO | [ncluster=133/133] AUC-ROC=96.80%  AUC-PR=97.26%  F1=0.9428  MCC=0.8855  Train=0.433s  Test=0.049s  Peak RAM Train=44.296 MB  Peak RAM Test=16.276 MB
2026-05-19 11:41:30 | INFO | [ncluster=136/136] AUC-ROC=97.20%  AUC-PR=98.00%  F1=0.9563  MCC=0.9149  Train=0.463s  Test=0.079s  Peak RAM Train=44.298 MB  Peak RAM Test=16.518 MB
2026-05-19 11:41:30 | INFO | [ncluster=139/139] AUC-ROC=96.39%  AUC-PR=96.98%  F1=0.9414  MCC=0.8831  Train=0.357s  Test=0.048s  Peak RAM Train=44.299 MB  Peak RAM Test=16.276 MB
2026-05-19 11:41:30 | INFO | [ncluster=142/142] AUC-ROC=97.28%  AUC-PR=98.09%  F1=0.9564  MCC=0.9155  Train=0.371s  Test=0.048s  Peak RAM Train=44.299 MB  Peak RAM Test=16.518 MB
2026-05-19 11:41:30 | INFO | [ncluster=145/145] AUC-ROC=96.87%  AUC-PR=97.76%  F1=0.9502  MCC=0.9027  Train=0.361s  Test=0.046s  Peak RAM Train=44.3 MB  Peak RAM Test=16.276 MB
2026-05-19 11:41:30 | INFO | [ncluster=148/148] AUC-ROC=97.31%  AUC-PR=98.03%  F1=0.9470  MCC=0.8960  Train=0.371s  Test=0.050s  Peak RAM Train=44.301 MB  Peak RAM Test=16.518 MB
2026-05-19 11:41:30 | INFO | [ncluster=151/151] AUC-ROC=95.47%  AUC-PR=95.20%  F1=0.9385  MCC=0.8781  Train=0.355s  Test=0.086s  Peak RAM Train=44.301 MB  Peak RAM Test=16.518 MB
2026-05-19 11:41:30 | INFO | [ncluster=154/154] AUC-ROC=97.18%  AUC-PR=97.79%  F1=0.9495  MCC=0.9006  Train=0.389s  Test=0.048s  Peak RAM Train=44.302 MB  Peak RAM Test=16.76 MB
2026-05-19 11:41:30 | INFO | [ncluster=157/157] AUC-ROC=96.80%  AUC-PR=97.59%  F1=0.9435  MCC=0.8886  Train=0.476s  Test=0.046s  Peak RAM Train=44.301 MB  Peak RAM Test=16.518 MB
2026-05-19 11:41:30 | INFO | [ncluster=160/160] AUC-ROC=96.39%  AUC-PR=97.36%  F1=0.9408  MCC=0.8844  Train=0.382s  Test=0.050s  Peak RAM Train=44.303 MB  Peak RAM Test=16.518 MB
2026-05-19 11:41:30 | INFO | [ncluster=163/163] AUC-ROC=97.48%  AUC-PR=98.22%  F1=0.9598  MCC=0.9215  Train=0.476s  Test=0.102s  Peak RAM Train=44.304 MB  Peak RAM Test=16.518 MB
2026-05-19 11:41:30 | INFO | [ncluster=166/166] AUC-ROC=97.10%  AUC-PR=97.89%  F1=0.9503  MCC=0.9044  Train=0.409s  Test=0.105s  Peak RAM Train=44.304 MB  Peak RAM Test=16.276 MB
2026-05-19 11:41:30 | INFO | [ncluster=169/169] AUC-ROC=96.58%  AUC-PR=97.23%  F1=0.9366  MCC=0.8753  Train=0.529s  Test=0.050s  Peak RAM Train=44.304 MB  Peak RAM Test=16.518 MB
2026-05-19 11:41:30 | INFO | [ncluster=172/172] AUC-ROC=97.54%  AUC-PR=98.31%  F1=0.9572  MCC=0.9177  Train=0.368s  Test=0.050s  Peak RAM Train=44.306 MB  Peak RAM Test=16.518 MB
2026-05-19 11:41:30 | INFO | [ncluster=175/175] AUC-ROC=96.63%  AUC-PR=97.57%  F1=0.9451  MCC=0.8930  Train=0.526s  Test=0.060s  Peak RAM Train=44.307 MB  Peak RAM Test=16.518 MB
2026-05-19 11:41:30 | INFO | [ncluster=178/178] AUC-ROC=97.58%  AUC-PR=98.30%  F1=0.9614  MCC=0.9252  Train=0.550s  Test=0.064s  Peak RAM Train=44.307 MB  Peak RAM Test=16.518 MB
2026-05-19 11:41:30 | INFO | [ncluster=181/181] AUC-ROC=96.83%  AUC-PR=97.48%  F1=0.9448  MCC=0.8902  Train=0.438s  Test=0.114s  Peak RAM Train=44.308 MB  Peak RAM Test=16.518 MB
2026-05-19 11:41:30 | INFO | [ncluster=184/184] AUC-ROC=96.69%  AUC-PR=97.27%  F1=0.9388  MCC=0.8772  Train=0.433s  Test=0.056s  Peak RAM Train=44.308 MB  Peak RAM Test=16.518 MB
2026-05-19 11:41:30 | INFO | [ncluster=187/187] AUC-ROC=97.35%  AUC-PR=97.89%  F1=0.9568  MCC=0.9155  Train=0.383s  Test=0.078s  Peak RAM Train=44.308 MB  Peak RAM Test=16.76 MB
2026-05-19 11:41:30 | INFO | [ncluster=190/190] AUC-ROC=96.97%  AUC-PR=97.66%  F1=0.9496  MCC=0.9008  Train=0.459s  Test=0.062s  Peak RAM Train=44.31 MB  Peak RAM Test=16.518 MB
2026-05-19 11:41:30 | INFO | [ncluster=193/193] AUC-ROC=96.95%  AUC-PR=97.65%  F1=0.9465  MCC=0.8966  Train=0.425s  Test=0.108s  Peak RAM Train=44.312 MB  Peak RAM Test=16.518 MB
2026-05-19 11:41:30 | INFO | [ncluster=196/196] AUC-ROC=97.14%  AUC-PR=97.90%  F1=0.9509  MCC=0.9021  Train=0.411s  Test=0.075s  Peak RAM Train=44.311 MB  Peak RAM Test=16.518 MB
2026-05-19 11:41:30 | INFO | [ncluster=199/199] AUC-ROC=97.63%  AUC-PR=98.34%  F1=0.9635  MCC=0.9302  Train=0.480s  Test=0.116s  Peak RAM Train=44.311 MB  Peak RAM Test=16.518 MB
2026-05-19 11:41:30 | INFO | [ncluster=202/202] AUC-ROC=96.33%  AUC-PR=96.50%  F1=0.9394  MCC=0.8799  Train=0.390s  Test=0.056s  Peak RAM Train=44.311 MB  Peak RAM Test=16.518 MB
2026-05-19 11:41:30 | INFO | [ncluster=205/205] AUC-ROC=97.43%  AUC-PR=98.20%  F1=0.9584  MCC=0.9192  Train=0.663s  Test=0.114s  Peak RAM Train=44.311 MB  Peak RAM Test=16.76 MB
2026-05-19 11:41:30 | INFO | [ncluster=208/208] AUC-ROC=96.85%  AUC-PR=97.60%  F1=0.9417  MCC=0.8836  Train=0.355s  Test=0.055s  Peak RAM Train=44.313 MB  Peak RAM Test=16.76 MB
2026-05-19 11:41:30 | INFO | [ncluster=211/211] AUC-ROC=96.99%  AUC-PR=97.47%  F1=0.9506  MCC=0.9026  Train=0.355s  Test=0.049s  Peak RAM Train=44.314 MB  Peak RAM Test=16.518 MB
2026-05-19 11:41:30 | INFO | [ncluster=214/214] AUC-ROC=95.80%  AUC-PR=95.62%  F1=0.9376  MCC=0.8752  Train=0.639s  Test=0.113s  Peak RAM Train=44.315 MB  Peak RAM Test=17.003 MB
2026-05-19 11:41:30 | INFO | [ncluster=217/217] AUC-ROC=97.44%  AUC-PR=98.22%  F1=0.9575  MCC=0.9168  Train=0.563s  Test=0.051s  Peak RAM Train=44.316 MB  Peak RAM Test=16.518 MB
2026-05-19 11:41:31 | INFO | [ncluster=220/220] AUC-ROC=97.13%  AUC-PR=97.73%  F1=0.9526  MCC=0.9064  Train=0.650s  Test=0.091s  Peak RAM Train=44.317 MB  Peak RAM Test=16.76 MB
2026-05-19 11:41:31 | INFO | [ncluster=223/223] AUC-ROC=97.09%  AUC-PR=97.68%  F1=0.9522  MCC=0.9040  Train=0.385s  Test=0.071s  Peak RAM Train=44.316 MB  Peak RAM Test=16.518 MB
2026-05-19 11:41:31 | INFO | [ncluster=226/226] AUC-ROC=96.97%  AUC-PR=97.24%  F1=0.9470  MCC=0.8946  Train=0.668s  Test=0.125s  Peak RAM Train=44.317 MB  Peak RAM Test=16.76 MB
2026-05-19 11:41:31 | INFO | [ncluster=229/229] AUC-ROC=96.89%  AUC-PR=97.13%  F1=0.9501  MCC=0.9008  Train=0.374s  Test=0.082s  Peak RAM Train=44.318 MB  Peak RAM Test=16.518 MB
2026-05-19 11:41:31 | INFO | [ncluster=232/232] AUC-ROC=96.99%  AUC-PR=97.37%  F1=0.9503  MCC=0.9014  Train=0.514s  Test=0.107s  Peak RAM Train=44.319 MB  Peak RAM Test=16.518 MB
2026-05-19 11:41:31 | INFO | [ncluster=235/235] AUC-ROC=97.15%  AUC-PR=97.68%  F1=0.9532  MCC=0.9077  Train=0.636s  Test=0.106s  Peak RAM Train=44.32 MB  Peak RAM Test=16.518 MB
2026-05-19 11:41:31 | INFO | [ncluster=238/238] AUC-ROC=96.91%  AUC-PR=97.18%  F1=0.9466  MCC=0.8926  Train=0.588s  Test=0.113s  Peak RAM Train=44.32 MB  Peak RAM Test=16.76 MB
2026-05-19 11:41:31 | INFO | [ncluster=241/241] AUC-ROC=96.88%  AUC-PR=97.27%  F1=0.9496  MCC=0.9004  Train=0.391s  Test=0.058s  Peak RAM Train=44.32 MB  Peak RAM Test=16.518 MB
2026-05-19 11:41:31 | INFO | [ncluster=244/244] AUC-ROC=96.72%  AUC-PR=96.97%  F1=0.9434  MCC=0.8867  Train=0.587s  Test=0.122s  Peak RAM Train=44.32 MB  Peak RAM Test=16.76 MB
2026-05-19 11:41:31 | INFO | [ncluster=247/247] AUC-ROC=96.24%  AUC-PR=96.59%  F1=0.9414  MCC=0.8824  Train=0.607s  Test=0.104s  Peak RAM Train=44.322 MB  Peak RAM Test=16.518 MB
2026-05-19 11:41:31 | INFO | [ncluster=250/250] AUC-ROC=96.90%  AUC-PR=97.09%  F1=0.9450  MCC=0.8904  Train=0.621s  Test=0.114s  Peak RAM Train=44.323 MB  Peak RAM Test=16.76 MB
2026-05-19 11:41:31 | INFO | [ncluster=253/253] AUC-ROC=96.28%  AUC-PR=96.40%  F1=0.9428  MCC=0.8863  Train=0.505s  Test=0.099s  Peak RAM Train=44.323 MB  Peak RAM Test=16.76 MB
2026-05-19 11:41:31 | INFO | [ncluster=256/256] AUC-ROC=96.85%  AUC-PR=97.20%  F1=0.9422  MCC=0.8849  Train=0.415s  Test=0.109s  Peak RAM Train=44.323 MB  Peak RAM Test=17.003 MB
2026-05-19 11:41:31 | INFO | [ncluster=259/259] AUC-ROC=96.25%  AUC-PR=96.35%  F1=0.9367  MCC=0.8736  Train=0.547s  Test=0.108s  Peak RAM Train=44.324 MB  Peak RAM Test=16.76 MB
2026-05-19 11:41:31 | INFO | [ncluster=262/262] AUC-ROC=96.59%  AUC-PR=96.91%  F1=0.9394  MCC=0.8780  Train=0.391s  Test=0.085s  Peak RAM Train=44.326 MB  Peak RAM Test=17.003 MB
2026-05-19 11:41:31 | INFO | [ncluster=265/265] AUC-ROC=96.44%  AUC-PR=96.78%  F1=0.9431  MCC=0.8873  Train=0.343s  Test=0.123s  Peak RAM Train=44.326 MB  Peak RAM Test=17.003 MB
2026-05-19 11:41:31 | INFO | [ncluster=268/268] AUC-ROC=96.24%  AUC-PR=96.32%  F1=0.9341  MCC=0.8685  Train=0.436s  Test=0.111s  Peak RAM Train=44.327 MB  Peak RAM Test=17.003 MB
2026-05-19 11:41:31 | INFO | [ncluster=271/271] AUC-ROC=95.97%  AUC-PR=96.18%  F1=0.9370  MCC=0.8745  Train=0.454s  Test=0.082s  Peak RAM Train=44.327 MB  Peak RAM Test=16.76 MB
2026-05-19 11:41:31 | INFO | [ncluster=274/274] AUC-ROC=96.51%  AUC-PR=96.94%  F1=0.9409  MCC=0.8829  Train=0.505s  Test=0.070s  Peak RAM Train=44.328 MB  Peak RAM Test=16.76 MB
2026-05-19 11:41:31 | INFO | [ncluster=277/277] AUC-ROC=96.54%  AUC-PR=96.65%  F1=0.9433  MCC=0.8861  Train=0.433s  Test=0.054s  Peak RAM Train=44.328 MB  Peak RAM Test=17.245 MB
2026-05-19 11:41:31 | INFO | [ncluster=280/280] AUC-ROC=96.25%  AUC-PR=96.27%  F1=0.9357  MCC=0.8702  Train=0.221s  Test=0.063s  Peak RAM Train=44.328 MB  Peak RAM Test=17.003 MB
2026-05-19 11:41:31 | INFO | [ncluster=283/283] AUC-ROC=96.55%  AUC-PR=96.72%  F1=0.9419  MCC=0.8842  Train=0.323s  Test=0.050s  Peak RAM Train=44.329 MB  Peak RAM Test=16.518 MB
2026-05-19 11:41:31 | INFO | [ncluster=286/286] AUC-ROC=98.92%  AUC-PR=98.14%  F1=0.9775  MCC=0.9542  Train=0.223s  Test=0.048s  Peak RAM Train=44.33 MB  Peak RAM Test=17.003 MB
2026-05-19 11:41:31 | INFO | [ncluster=289/289] AUC-ROC=99.28%  AUC-PR=98.83%  F1=0.9848  MCC=0.9691  Train=0.209s  Test=0.048s  Peak RAM Train=44.33 MB  Peak RAM Test=16.76 MB
2026-05-19 11:41:31 | INFO | [ncluster=292/292] AUC-ROC=96.17%  AUC-PR=96.57%  F1=0.9361  MCC=0.8714  Train=0.143s  Test=0.047s  Peak RAM Train=44.332 MB  Peak RAM Test=16.76 MB
2026-05-19 11:41:31 | INFO | [ncluster=295/295] AUC-ROC=99.05%  AUC-PR=98.33%  F1=0.9782  MCC=0.9557  Train=0.170s  Test=0.047s  Peak RAM Train=44.332 MB  Peak RAM Test=16.76 MB
2026-05-19 11:41:31 | INFO | [ncluster=298/298] AUC-ROC=96.11%  AUC-PR=96.17%  F1=0.9375  MCC=0.8745  Train=0.179s  Test=0.047s  Peak RAM Train=44.334 MB  Peak RAM Test=17.003 MB
2026-05-19 11:41:31 | INFO | --- noise=3% ---
2026-05-19 11:41:31 | INFO | ============================================================
2026-05-19 11:41:31 | INFO | Dataset  : Train_StandardScaler_data_EdgeIIoTset.csv
2026-05-19 11:41:31 | INFO | Scaler   : StandardScaler
2026-05-19 11:41:31 | INFO | Noise    : 3%
2026-05-19 11:41:31 | INFO | nClusters: 100 values (1..298)
2026-05-19 11:41:31 | INFO | K-Means  : Standard KMeans
2026-05-19 11:41:31 | INFO | ============================================================
2026-05-19 11:41:31 | INFO | Loaded Raw Shape -> Train: (30000, 53), Test: (30000, 53)
2026-05-19 11:41:31 | INFO | Training size : 30,900  |  Testing size: 29,100  |  Features: 52
2026-05-19 11:41:31 | INFO | Firing up Parallel execution for 100 cluster configs...
2026-05-19 11:46:09 | INFO | [ncluster=1/1] AUC-ROC=98.15%  AUC-PR=98.57%  F1=0.9525  MCC=0.9028  Train=0.538s  Test=0.027s  Peak RAM Train=45.144 MB  Peak RAM Test=15.361 MB
2026-05-19 11:46:09 | INFO | [ncluster=4/4] AUC-ROC=97.24%  AUC-PR=98.22%  F1=0.9608  MCC=0.9215  Train=0.563s  Test=0.030s  Peak RAM Train=45.145 MB  Peak RAM Test=15.608 MB
2026-05-19 11:46:09 | INFO | [ncluster=7/7] AUC-ROC=97.31%  AUC-PR=98.27%  F1=0.9592  MCC=0.9183  Train=0.615s  Test=0.034s  Peak RAM Train=45.147 MB  Peak RAM Test=15.856 MB
2026-05-19 11:46:09 | INFO | [ncluster=10/10] AUC-ROC=96.45%  AUC-PR=97.75%  F1=0.9588  MCC=0.9164  Train=0.767s  Test=0.036s  Peak RAM Train=45.148 MB  Peak RAM Test=15.856 MB
2026-05-19 11:46:09 | INFO | [ncluster=13/13] AUC-ROC=96.67%  AUC-PR=97.94%  F1=0.9585  MCC=0.9163  Train=0.757s  Test=0.038s  Peak RAM Train=45.149 MB  Peak RAM Test=15.856 MB
2026-05-19 11:46:09 | INFO | [ncluster=16/16] AUC-ROC=95.85%  AUC-PR=97.20%  F1=0.9493  MCC=0.8958  Train=0.532s  Test=0.027s  Peak RAM Train=45.149 MB  Peak RAM Test=15.608 MB
2026-05-19 11:46:09 | INFO | [ncluster=19/19] AUC-ROC=94.66%  AUC-PR=95.93%  F1=0.9260  MCC=0.8475  Train=0.550s  Test=0.034s  Peak RAM Train=45.15 MB  Peak RAM Test=16.103 MB
2026-05-19 11:46:09 | INFO | [ncluster=22/22] AUC-ROC=94.51%  AUC-PR=95.75%  F1=0.9241  MCC=0.8441  Train=0.471s  Test=0.037s  Peak RAM Train=45.153 MB  Peak RAM Test=16.103 MB
2026-05-19 11:46:09 | INFO | [ncluster=25/25] AUC-ROC=94.08%  AUC-PR=95.28%  F1=0.9097  MCC=0.8123  Train=0.570s  Test=0.032s  Peak RAM Train=45.152 MB  Peak RAM Test=16.103 MB
2026-05-19 11:46:09 | INFO | [ncluster=28/28] AUC-ROC=90.16%  AUC-PR=90.90%  F1=0.8604  MCC=0.6988  Train=0.558s  Test=0.033s  Peak RAM Train=45.151 MB  Peak RAM Test=15.856 MB
2026-05-19 11:46:09 | INFO | [ncluster=31/31] AUC-ROC=90.47%  AUC-PR=91.53%  F1=0.8448  MCC=0.6908  Train=0.625s  Test=0.043s  Peak RAM Train=45.153 MB  Peak RAM Test=15.856 MB
2026-05-19 11:46:09 | INFO | [ncluster=34/34] AUC-ROC=90.86%  AUC-PR=92.09%  F1=0.8519  MCC=0.7009  Train=0.593s  Test=0.043s  Peak RAM Train=45.152 MB  Peak RAM Test=15.856 MB
2026-05-19 11:46:09 | INFO | [ncluster=37/37] AUC-ROC=92.62%  AUC-PR=93.66%  F1=0.8842  MCC=0.7587  Train=0.491s  Test=0.049s  Peak RAM Train=45.153 MB  Peak RAM Test=15.856 MB
2026-05-19 11:46:09 | INFO | [ncluster=40/40] AUC-ROC=94.64%  AUC-PR=96.09%  F1=0.9170  MCC=0.8391  Train=0.458s  Test=0.048s  Peak RAM Train=45.155 MB  Peak RAM Test=15.856 MB
2026-05-19 11:46:09 | INFO | [ncluster=43/43] AUC-ROC=91.68%  AUC-PR=92.78%  F1=0.8761  MCC=0.7450  Train=0.474s  Test=0.048s  Peak RAM Train=45.154 MB  Peak RAM Test=15.855 MB
2026-05-19 11:46:09 | INFO | [ncluster=46/46] AUC-ROC=94.36%  AUC-PR=95.66%  F1=0.9159  MCC=0.8243  Train=0.483s  Test=0.049s  Peak RAM Train=45.156 MB  Peak RAM Test=15.856 MB
2026-05-19 11:46:09 | INFO | [ncluster=49/49] AUC-ROC=90.94%  AUC-PR=92.06%  F1=0.8712  MCC=0.7343  Train=0.470s  Test=0.053s  Peak RAM Train=45.155 MB  Peak RAM Test=16.103 MB
2026-05-19 11:46:09 | INFO | [ncluster=52/52] AUC-ROC=92.94%  AUC-PR=94.19%  F1=0.8968  MCC=0.7860  Train=0.426s  Test=0.048s  Peak RAM Train=45.157 MB  Peak RAM Test=15.856 MB
2026-05-19 11:46:09 | INFO | [ncluster=55/55] AUC-ROC=93.35%  AUC-PR=94.99%  F1=0.8885  MCC=0.7781  Train=0.431s  Test=0.048s  Peak RAM Train=45.156 MB  Peak RAM Test=15.856 MB
2026-05-19 11:46:09 | INFO | [ncluster=58/58] AUC-ROC=93.79%  AUC-PR=95.05%  F1=0.8967  MCC=0.7908  Train=0.634s  Test=0.059s  Peak RAM Train=45.158 MB  Peak RAM Test=15.856 MB
2026-05-19 11:46:09 | INFO | [ncluster=61/61] AUC-ROC=93.66%  AUC-PR=95.02%  F1=0.9075  MCC=0.8139  Train=0.515s  Test=0.051s  Peak RAM Train=45.159 MB  Peak RAM Test=15.856 MB
2026-05-19 11:46:09 | INFO | [ncluster=64/64] AUC-ROC=94.55%  AUC-PR=96.08%  F1=0.9179  MCC=0.8378  Train=0.432s  Test=0.049s  Peak RAM Train=45.159 MB  Peak RAM Test=16.103 MB
2026-05-19 11:46:09 | INFO | [ncluster=67/67] AUC-ROC=94.05%  AUC-PR=95.70%  F1=0.9085  MCC=0.8193  Train=0.591s  Test=0.061s  Peak RAM Train=45.16 MB  Peak RAM Test=15.855 MB
2026-05-19 11:46:09 | INFO | [ncluster=70/70] AUC-ROC=94.25%  AUC-PR=95.46%  F1=0.9142  MCC=0.8264  Train=0.481s  Test=0.050s  Peak RAM Train=45.161 MB  Peak RAM Test=16.103 MB
2026-05-19 11:46:09 | INFO | [ncluster=73/73] AUC-ROC=94.94%  AUC-PR=96.54%  F1=0.9293  MCC=0.8613  Train=0.239s  Test=0.028s  Peak RAM Train=45.161 MB  Peak RAM Test=16.103 MB
2026-05-19 11:46:09 | INFO | [ncluster=76/76] AUC-ROC=93.87%  AUC-PR=95.44%  F1=0.9207  MCC=0.8384  Train=0.577s  Test=0.060s  Peak RAM Train=45.162 MB  Peak RAM Test=15.856 MB
2026-05-19 11:46:09 | INFO | [ncluster=79/79] AUC-ROC=93.56%  AUC-PR=94.97%  F1=0.9132  MCC=0.8244  Train=0.483s  Test=0.052s  Peak RAM Train=45.162 MB  Peak RAM Test=15.855 MB
2026-05-19 11:46:09 | INFO | [ncluster=82/82] AUC-ROC=94.01%  AUC-PR=95.04%  F1=0.9214  MCC=0.8404  Train=0.585s  Test=0.055s  Peak RAM Train=45.162 MB  Peak RAM Test=15.856 MB
2026-05-19 11:46:09 | INFO | [ncluster=85/85] AUC-ROC=92.91%  AUC-PR=93.69%  F1=0.9072  MCC=0.8110  Train=0.465s  Test=0.054s  Peak RAM Train=45.163 MB  Peak RAM Test=15.855 MB
2026-05-19 11:46:09 | INFO | [ncluster=88/88] AUC-ROC=93.16%  AUC-PR=94.55%  F1=0.9106  MCC=0.8162  Train=0.513s  Test=0.053s  Peak RAM Train=45.163 MB  Peak RAM Test=15.608 MB
2026-05-19 11:46:09 | INFO | [ncluster=91/91] AUC-ROC=93.40%  AUC-PR=94.36%  F1=0.9138  MCC=0.8241  Train=0.585s  Test=0.058s  Peak RAM Train=45.164 MB  Peak RAM Test=15.856 MB
2026-05-19 11:46:09 | INFO | [ncluster=94/94] AUC-ROC=92.70%  AUC-PR=93.75%  F1=0.8997  MCC=0.7950  Train=0.439s  Test=0.029s  Peak RAM Train=45.165 MB  Peak RAM Test=15.856 MB
2026-05-19 11:46:09 | INFO | [ncluster=97/97] AUC-ROC=93.04%  AUC-PR=94.25%  F1=0.9095  MCC=0.8130  Train=0.453s  Test=0.058s  Peak RAM Train=45.166 MB  Peak RAM Test=15.856 MB
2026-05-19 11:46:09 | INFO | [ncluster=100/100] AUC-ROC=92.84%  AUC-PR=94.25%  F1=0.9009  MCC=0.7950  Train=0.628s  Test=0.057s  Peak RAM Train=45.167 MB  Peak RAM Test=15.856 MB
2026-05-19 11:46:09 | INFO | [ncluster=103/103] AUC-ROC=94.02%  AUC-PR=95.25%  F1=0.9210  MCC=0.8398  Train=0.550s  Test=0.059s  Peak RAM Train=45.166 MB  Peak RAM Test=15.608 MB
2026-05-19 11:46:09 | INFO | [ncluster=106/106] AUC-ROC=91.93%  AUC-PR=93.39%  F1=0.8886  MCC=0.7680  Train=0.503s  Test=0.060s  Peak RAM Train=45.169 MB  Peak RAM Test=16.103 MB
2026-05-19 11:46:09 | INFO | [ncluster=109/109] AUC-ROC=92.88%  AUC-PR=94.06%  F1=0.9080  MCC=0.8101  Train=0.609s  Test=0.065s  Peak RAM Train=45.169 MB  Peak RAM Test=15.608 MB
2026-05-19 11:46:09 | INFO | [ncluster=112/112] AUC-ROC=92.14%  AUC-PR=93.31%  F1=0.8892  MCC=0.7727  Train=0.537s  Test=0.076s  Peak RAM Train=45.169 MB  Peak RAM Test=15.608 MB
2026-05-19 11:46:09 | INFO | [ncluster=115/115] AUC-ROC=93.66%  AUC-PR=94.81%  F1=0.9081  MCC=0.8134  Train=0.493s  Test=0.060s  Peak RAM Train=45.17 MB  Peak RAM Test=15.856 MB
2026-05-19 11:46:09 | INFO | [ncluster=118/118] AUC-ROC=93.14%  AUC-PR=94.33%  F1=0.9020  MCC=0.8020  Train=0.610s  Test=0.074s  Peak RAM Train=45.171 MB  Peak RAM Test=15.856 MB
2026-05-19 11:46:09 | INFO | [ncluster=121/121] AUC-ROC=91.07%  AUC-PR=92.07%  F1=0.8868  MCC=0.7624  Train=0.610s  Test=0.077s  Peak RAM Train=45.171 MB  Peak RAM Test=15.608 MB
2026-05-19 11:46:09 | INFO | [ncluster=124/124] AUC-ROC=92.08%  AUC-PR=93.11%  F1=0.8931  MCC=0.7794  Train=0.537s  Test=0.063s  Peak RAM Train=45.171 MB  Peak RAM Test=15.856 MB
2026-05-19 11:46:09 | INFO | [ncluster=127/127] AUC-ROC=91.23%  AUC-PR=91.76%  F1=0.8833  MCC=0.7583  Train=0.442s  Test=0.070s  Peak RAM Train=45.173 MB  Peak RAM Test=15.608 MB
2026-05-19 11:46:09 | INFO | [ncluster=130/130] AUC-ROC=94.21%  AUC-PR=95.24%  F1=0.9161  MCC=0.8282  Train=0.557s  Test=0.071s  Peak RAM Train=45.173 MB  Peak RAM Test=16.103 MB
2026-05-19 11:46:09 | INFO | [ncluster=133/133] AUC-ROC=93.17%  AUC-PR=94.56%  F1=0.9017  MCC=0.8004  Train=0.532s  Test=0.076s  Peak RAM Train=45.175 MB  Peak RAM Test=15.856 MB
2026-05-19 11:46:09 | INFO | [ncluster=136/136] AUC-ROC=91.59%  AUC-PR=92.58%  F1=0.8888  MCC=0.7695  Train=0.512s  Test=0.085s  Peak RAM Train=45.173 MB  Peak RAM Test=15.608 MB
2026-05-19 11:46:09 | INFO | [ncluster=139/139] AUC-ROC=95.70%  AUC-PR=96.75%  F1=0.9367  MCC=0.8720  Train=0.639s  Test=0.081s  Peak RAM Train=45.174 MB  Peak RAM Test=15.856 MB
2026-05-19 11:46:09 | INFO | [ncluster=142/142] AUC-ROC=89.22%  AUC-PR=88.85%  F1=0.8654  MCC=0.7120  Train=0.488s  Test=0.066s  Peak RAM Train=45.175 MB  Peak RAM Test=16.103 MB
2026-05-19 11:46:09 | INFO | [ncluster=145/145] AUC-ROC=91.03%  AUC-PR=91.19%  F1=0.8814  MCC=0.7499  Train=0.578s  Test=0.088s  Peak RAM Train=45.176 MB  Peak RAM Test=15.856 MB
2026-05-19 11:46:09 | INFO | [ncluster=148/148] AUC-ROC=92.65%  AUC-PR=93.59%  F1=0.8944  MCC=0.7826  Train=0.600s  Test=0.071s  Peak RAM Train=45.177 MB  Peak RAM Test=15.608 MB
2026-05-19 11:46:09 | INFO | [ncluster=151/151] AUC-ROC=93.41%  AUC-PR=95.06%  F1=0.9082  MCC=0.8124  Train=0.570s  Test=0.088s  Peak RAM Train=45.177 MB  Peak RAM Test=15.855 MB
2026-05-19 11:46:09 | INFO | [ncluster=154/154] AUC-ROC=91.92%  AUC-PR=92.54%  F1=0.8920  MCC=0.7753  Train=0.456s  Test=0.068s  Peak RAM Train=45.177 MB  Peak RAM Test=16.103 MB
2026-05-19 11:46:09 | INFO | [ncluster=157/157] AUC-ROC=93.19%  AUC-PR=94.54%  F1=0.8983  MCC=0.7888  Train=0.629s  Test=0.096s  Peak RAM Train=45.179 MB  Peak RAM Test=15.608 MB
2026-05-19 11:46:09 | INFO | [ncluster=160/160] AUC-ROC=91.59%  AUC-PR=91.93%  F1=0.8950  MCC=0.7806  Train=0.685s  Test=0.085s  Peak RAM Train=45.179 MB  Peak RAM Test=15.608 MB
2026-05-19 11:46:09 | INFO | [ncluster=163/163] AUC-ROC=92.10%  AUC-PR=93.22%  F1=0.8926  MCC=0.7749  Train=0.454s  Test=0.086s  Peak RAM Train=45.18 MB  Peak RAM Test=16.103 MB
2026-05-19 11:46:09 | INFO | [ncluster=166/166] AUC-ROC=92.29%  AUC-PR=93.16%  F1=0.8923  MCC=0.7755  Train=0.621s  Test=0.085s  Peak RAM Train=45.181 MB  Peak RAM Test=15.855 MB
2026-05-19 11:46:09 | INFO | [ncluster=169/169] AUC-ROC=91.41%  AUC-PR=92.25%  F1=0.8788  MCC=0.7458  Train=0.577s  Test=0.079s  Peak RAM Train=45.18 MB  Peak RAM Test=15.608 MB
2026-05-19 11:46:09 | INFO | [ncluster=172/172] AUC-ROC=91.51%  AUC-PR=92.26%  F1=0.8790  MCC=0.7464  Train=0.534s  Test=0.072s  Peak RAM Train=45.181 MB  Peak RAM Test=15.608 MB
2026-05-19 11:46:09 | INFO | [ncluster=175/175] AUC-ROC=92.31%  AUC-PR=93.01%  F1=0.8961  MCC=0.7828  Train=0.585s  Test=0.102s  Peak RAM Train=45.182 MB  Peak RAM Test=15.856 MB
2026-05-19 11:46:09 | INFO | [ncluster=178/178] AUC-ROC=92.26%  AUC-PR=93.02%  F1=0.8982  MCC=0.7887  Train=0.555s  Test=0.075s  Peak RAM Train=45.182 MB  Peak RAM Test=15.608 MB
2026-05-19 11:46:09 | INFO | [ncluster=181/181] AUC-ROC=93.47%  AUC-PR=94.29%  F1=0.9105  MCC=0.8120  Train=0.565s  Test=0.100s  Peak RAM Train=45.183 MB  Peak RAM Test=15.856 MB
2026-05-19 11:46:10 | INFO | [ncluster=184/184] AUC-ROC=93.11%  AUC-PR=93.73%  F1=0.9052  MCC=0.8030  Train=0.561s  Test=0.090s  Peak RAM Train=45.184 MB  Peak RAM Test=15.856 MB
2026-05-19 11:46:10 | INFO | [ncluster=187/187] AUC-ROC=91.77%  AUC-PR=92.15%  F1=0.8847  MCC=0.7567  Train=0.361s  Test=0.088s  Peak RAM Train=45.185 MB  Peak RAM Test=15.855 MB
2026-05-19 11:46:10 | INFO | [ncluster=190/190] AUC-ROC=90.81%  AUC-PR=90.93%  F1=0.8801  MCC=0.7472  Train=0.508s  Test=0.074s  Peak RAM Train=45.186 MB  Peak RAM Test=16.103 MB
2026-05-19 11:46:10 | INFO | [ncluster=193/193] AUC-ROC=92.11%  AUC-PR=92.74%  F1=0.8930  MCC=0.7774  Train=0.555s  Test=0.085s  Peak RAM Train=45.186 MB  Peak RAM Test=15.855 MB
2026-05-19 11:46:10 | INFO | [ncluster=196/196] AUC-ROC=91.18%  AUC-PR=91.56%  F1=0.8755  MCC=0.7396  Train=0.592s  Test=0.087s  Peak RAM Train=45.187 MB  Peak RAM Test=16.103 MB
2026-05-19 11:46:10 | INFO | [ncluster=199/199] AUC-ROC=92.16%  AUC-PR=92.64%  F1=0.8941  MCC=0.7783  Train=0.535s  Test=0.094s  Peak RAM Train=45.187 MB  Peak RAM Test=15.856 MB
2026-05-19 11:46:10 | INFO | [ncluster=202/202] AUC-ROC=92.23%  AUC-PR=92.57%  F1=0.8910  MCC=0.7721  Train=0.545s  Test=0.080s  Peak RAM Train=45.187 MB  Peak RAM Test=15.856 MB
2026-05-19 11:46:10 | INFO | [ncluster=205/205] AUC-ROC=92.24%  AUC-PR=93.00%  F1=0.8994  MCC=0.7900  Train=0.519s  Test=0.089s  Peak RAM Train=45.189 MB  Peak RAM Test=15.855 MB
2026-05-19 11:46:10 | INFO | [ncluster=208/208] AUC-ROC=93.11%  AUC-PR=94.38%  F1=0.9088  MCC=0.8115  Train=0.620s  Test=0.084s  Peak RAM Train=45.19 MB  Peak RAM Test=15.855 MB
2026-05-19 11:46:10 | INFO | [ncluster=211/211] AUC-ROC=92.21%  AUC-PR=92.34%  F1=0.8966  MCC=0.7816  Train=0.555s  Test=0.092s  Peak RAM Train=45.189 MB  Peak RAM Test=15.855 MB
2026-05-19 11:46:10 | INFO | [ncluster=214/214] AUC-ROC=91.47%  AUC-PR=92.12%  F1=0.8807  MCC=0.7488  Train=0.564s  Test=0.111s  Peak RAM Train=45.192 MB  Peak RAM Test=15.856 MB
2026-05-19 11:46:10 | INFO | [ncluster=217/217] AUC-ROC=92.40%  AUC-PR=93.20%  F1=0.8926  MCC=0.7767  Train=0.550s  Test=0.096s  Peak RAM Train=45.191 MB  Peak RAM Test=15.608 MB
2026-05-19 11:46:10 | INFO | [ncluster=220/220] AUC-ROC=93.88%  AUC-PR=94.90%  F1=0.9175  MCC=0.8302  Train=0.552s  Test=0.093s  Peak RAM Train=45.191 MB  Peak RAM Test=15.856 MB
2026-05-19 11:46:10 | INFO | [ncluster=223/223] AUC-ROC=90.56%  AUC-PR=90.74%  F1=0.8754  MCC=0.7376  Train=0.275s  Test=0.098s  Peak RAM Train=45.194 MB  Peak RAM Test=16.35 MB
2026-05-19 11:46:10 | INFO | [ncluster=226/226] AUC-ROC=92.46%  AUC-PR=93.32%  F1=0.8972  MCC=0.7887  Train=0.576s  Test=0.088s  Peak RAM Train=45.195 MB  Peak RAM Test=16.103 MB
2026-05-19 11:46:10 | INFO | [ncluster=229/229] AUC-ROC=90.98%  AUC-PR=91.34%  F1=0.8759  MCC=0.7403  Train=0.615s  Test=0.114s  Peak RAM Train=45.194 MB  Peak RAM Test=16.103 MB
2026-05-19 11:46:10 | INFO | [ncluster=232/232] AUC-ROC=91.88%  AUC-PR=92.38%  F1=0.8895  MCC=0.7670  Train=0.512s  Test=0.091s  Peak RAM Train=45.195 MB  Peak RAM Test=15.856 MB
2026-05-19 11:46:10 | INFO | [ncluster=235/235] AUC-ROC=91.74%  AUC-PR=92.74%  F1=0.8814  MCC=0.7532  Train=0.479s  Test=0.090s  Peak RAM Train=45.195 MB  Peak RAM Test=16.103 MB
2026-05-19 11:46:10 | INFO | [ncluster=238/238] AUC-ROC=92.14%  AUC-PR=92.78%  F1=0.8977  MCC=0.7873  Train=0.500s  Test=0.086s  Peak RAM Train=45.197 MB  Peak RAM Test=16.103 MB
2026-05-19 11:46:10 | INFO | [ncluster=241/241] AUC-ROC=92.37%  AUC-PR=93.17%  F1=0.8931  MCC=0.7755  Train=0.562s  Test=0.130s  Peak RAM Train=45.198 MB  Peak RAM Test=16.103 MB
2026-05-19 11:46:10 | INFO | [ncluster=244/244] AUC-ROC=91.62%  AUC-PR=91.40%  F1=0.8913  MCC=0.7729  Train=0.594s  Test=0.092s  Peak RAM Train=45.198 MB  Peak RAM Test=16.35 MB
2026-05-19 11:46:10 | INFO | [ncluster=247/247] AUC-ROC=92.43%  AUC-PR=93.16%  F1=0.8931  MCC=0.7766  Train=0.534s  Test=0.093s  Peak RAM Train=45.198 MB  Peak RAM Test=16.103 MB
2026-05-19 11:46:10 | INFO | [ncluster=250/250] AUC-ROC=93.21%  AUC-PR=94.18%  F1=0.9053  MCC=0.8049  Train=0.603s  Test=0.097s  Peak RAM Train=45.199 MB  Peak RAM Test=16.103 MB
2026-05-19 11:46:10 | INFO | [ncluster=253/253] AUC-ROC=92.49%  AUC-PR=92.96%  F1=0.8992  MCC=0.7899  Train=0.543s  Test=0.123s  Peak RAM Train=45.201 MB  Peak RAM Test=16.103 MB
2026-05-19 11:46:10 | INFO | [ncluster=256/256] AUC-ROC=90.87%  AUC-PR=90.55%  F1=0.8816  MCC=0.7491  Train=0.633s  Test=0.126s  Peak RAM Train=45.202 MB  Peak RAM Test=16.103 MB
2026-05-19 11:46:10 | INFO | [ncluster=259/259] AUC-ROC=93.28%  AUC-PR=94.45%  F1=0.9057  MCC=0.8064  Train=0.638s  Test=0.090s  Peak RAM Train=45.2 MB  Peak RAM Test=16.103 MB
2026-05-19 11:46:10 | INFO | [ncluster=262/262] AUC-ROC=91.07%  AUC-PR=91.67%  F1=0.8734  MCC=0.7324  Train=0.540s  Test=0.094s  Peak RAM Train=45.2 MB  Peak RAM Test=16.103 MB
2026-05-19 11:46:10 | INFO | [ncluster=265/265] AUC-ROC=92.64%  AUC-PR=93.18%  F1=0.8980  MCC=0.7896  Train=0.632s  Test=0.101s  Peak RAM Train=45.203 MB  Peak RAM Test=15.856 MB
2026-05-19 11:46:10 | INFO | [ncluster=268/268] AUC-ROC=91.91%  AUC-PR=92.51%  F1=0.8907  MCC=0.7714  Train=0.541s  Test=0.100s  Peak RAM Train=45.202 MB  Peak RAM Test=16.103 MB
2026-05-19 11:46:10 | INFO | [ncluster=271/271] AUC-ROC=92.91%  AUC-PR=93.88%  F1=0.9000  MCC=0.7933  Train=0.540s  Test=0.107s  Peak RAM Train=45.204 MB  Peak RAM Test=16.103 MB
2026-05-19 11:46:10 | INFO | [ncluster=274/274] AUC-ROC=91.23%  AUC-PR=91.81%  F1=0.8889  MCC=0.7662  Train=0.581s  Test=0.122s  Peak RAM Train=45.204 MB  Peak RAM Test=16.35 MB
2026-05-19 11:46:10 | INFO | [ncluster=277/277] AUC-ROC=90.71%  AUC-PR=90.76%  F1=0.8743  MCC=0.7373  Train=0.196s  Test=0.120s  Peak RAM Train=45.204 MB  Peak RAM Test=16.35 MB
2026-05-19 11:46:10 | INFO | [ncluster=280/280] AUC-ROC=90.53%  AUC-PR=91.39%  F1=0.8668  MCC=0.7199  Train=0.389s  Test=0.062s  Peak RAM Train=45.204 MB  Peak RAM Test=16.103 MB
2026-05-19 11:46:10 | INFO | [ncluster=283/283] AUC-ROC=92.16%  AUC-PR=92.54%  F1=0.9002  MCC=0.7937  Train=0.263s  Test=0.053s  Peak RAM Train=45.205 MB  Peak RAM Test=16.103 MB
2026-05-19 11:46:10 | INFO | [ncluster=286/286] AUC-ROC=91.93%  AUC-PR=92.02%  F1=0.8882  MCC=0.7661  Train=0.312s  Test=0.085s  Peak RAM Train=45.206 MB  Peak RAM Test=16.103 MB
2026-05-19 11:46:10 | INFO | [ncluster=289/289] AUC-ROC=91.48%  AUC-PR=91.64%  F1=0.8844  MCC=0.7571  Train=0.182s  Test=0.077s  Peak RAM Train=45.206 MB  Peak RAM Test=16.103 MB
2026-05-19 11:46:10 | INFO | [ncluster=292/292] AUC-ROC=92.07%  AUC-PR=92.91%  F1=0.8864  MCC=0.7650  Train=0.240s  Test=0.045s  Peak RAM Train=45.207 MB  Peak RAM Test=16.103 MB
2026-05-19 11:46:10 | INFO | [ncluster=295/295] AUC-ROC=91.44%  AUC-PR=92.08%  F1=0.8784  MCC=0.7440  Train=0.323s  Test=0.061s  Peak RAM Train=45.207 MB  Peak RAM Test=16.103 MB
2026-05-19 11:46:10 | INFO | [ncluster=298/298] AUC-ROC=91.39%  AUC-PR=91.98%  F1=0.8847  MCC=0.7571  Train=0.173s  Test=0.043s  Peak RAM Train=45.209 MB  Peak RAM Test=16.35 MB
2026-05-19 11:46:10 | INFO | --- noise=5% ---
2026-05-19 11:46:10 | INFO | ============================================================
2026-05-19 11:46:10 | INFO | Dataset  : Train_StandardScaler_data_EdgeIIoTset.csv
2026-05-19 11:46:10 | INFO | Scaler   : StandardScaler
2026-05-19 11:46:10 | INFO | Noise    : 5%
2026-05-19 11:46:10 | INFO | nClusters: 100 values (1..298)
2026-05-19 11:46:10 | INFO | K-Means  : Standard KMeans
2026-05-19 11:46:10 | INFO | ============================================================
2026-05-19 11:46:10 | INFO | Loaded Raw Shape -> Train: (30000, 53), Test: (30000, 53)
2026-05-19 11:46:10 | INFO | Training size : 31,500  |  Testing size: 28,500  |  Features: 52
2026-05-19 11:46:10 | INFO | Firing up Parallel execution for 100 cluster configs...
2026-05-19 11:50:52 | INFO | [ncluster=1/1] AUC-ROC=97.45%  AUC-PR=97.89%  F1=0.9288  MCC=0.8487  Train=0.600s  Test=0.031s  Peak RAM Train=46.021 MB  Peak RAM Test=16.163 MB
2026-05-19 11:50:52 | INFO | [ncluster=4/4] AUC-ROC=96.78%  AUC-PR=97.83%  F1=0.9571  MCC=0.9118  Train=0.710s  Test=0.031s  Peak RAM Train=46.022 MB  Peak RAM Test=15.911 MB
2026-05-19 11:50:52 | INFO | [ncluster=7/7] AUC-ROC=96.62%  AUC-PR=97.60%  F1=0.9563  MCC=0.9099  Train=0.775s  Test=0.038s  Peak RAM Train=46.022 MB  Peak RAM Test=16.415 MB
2026-05-19 11:50:52 | INFO | [ncluster=10/10] AUC-ROC=94.09%  AUC-PR=94.90%  F1=0.9325  MCC=0.8567  Train=0.434s  Test=0.032s  Peak RAM Train=46.022 MB  Peak RAM Test=16.415 MB
2026-05-19 11:50:52 | INFO | [ncluster=13/13] AUC-ROC=92.98%  AUC-PR=94.09%  F1=0.9130  MCC=0.8128  Train=0.514s  Test=0.032s  Peak RAM Train=46.024 MB  Peak RAM Test=16.415 MB
2026-05-19 11:50:52 | INFO | [ncluster=16/16] AUC-ROC=92.15%  AUC-PR=93.41%  F1=0.9002  MCC=0.7840  Train=0.606s  Test=0.032s  Peak RAM Train=46.025 MB  Peak RAM Test=16.919 MB
2026-05-19 11:50:52 | INFO | [ncluster=19/19] AUC-ROC=92.73%  AUC-PR=94.05%  F1=0.9114  MCC=0.8087  Train=0.506s  Test=0.033s  Peak RAM Train=46.024 MB  Peak RAM Test=16.919 MB
2026-05-19 11:50:52 | INFO | [ncluster=22/22] AUC-ROC=84.10%  AUC-PR=85.88%  F1=0.8157  MCC=0.5772  Train=0.626s  Test=0.032s  Peak RAM Train=46.025 MB  Peak RAM Test=16.667 MB
2026-05-19 11:50:52 | INFO | [ncluster=25/25] AUC-ROC=85.48%  AUC-PR=86.56%  F1=0.8279  MCC=0.6125  Train=0.514s  Test=0.036s  Peak RAM Train=46.026 MB  Peak RAM Test=16.415 MB
2026-05-19 11:50:52 | INFO | [ncluster=28/28] AUC-ROC=86.45%  AUC-PR=87.78%  F1=0.8001  MCC=0.5971  Train=0.590s  Test=0.032s  Peak RAM Train=46.027 MB  Peak RAM Test=16.415 MB
2026-05-19 11:50:52 | INFO | [ncluster=31/31] AUC-ROC=86.22%  AUC-PR=87.60%  F1=0.8142  MCC=0.6086  Train=0.534s  Test=0.044s  Peak RAM Train=46.028 MB  Peak RAM Test=16.415 MB
2026-05-19 11:50:52 | INFO | [ncluster=34/34] AUC-ROC=78.36%  AUC-PR=78.39%  F1=0.7489  MCC=0.4644  Train=0.502s  Test=0.030s  Peak RAM Train=46.028 MB  Peak RAM Test=16.163 MB
2026-05-19 11:50:52 | INFO | [ncluster=37/37] AUC-ROC=78.35%  AUC-PR=79.05%  F1=0.7430  MCC=0.4597  Train=0.553s  Test=0.045s  Peak RAM Train=46.029 MB  Peak RAM Test=16.163 MB
2026-05-19 11:50:52 | INFO | [ncluster=40/40] AUC-ROC=79.65%  AUC-PR=80.25%  F1=0.7625  MCC=0.4807  Train=0.583s  Test=0.053s  Peak RAM Train=46.029 MB  Peak RAM Test=16.163 MB
2026-05-19 11:50:52 | INFO | [ncluster=43/43] AUC-ROC=81.04%  AUC-PR=81.19%  F1=0.7859  MCC=0.5278  Train=0.551s  Test=0.049s  Peak RAM Train=46.031 MB  Peak RAM Test=16.163 MB
2026-05-19 11:50:52 | INFO | [ncluster=46/46] AUC-ROC=87.50%  AUC-PR=87.31%  F1=0.8389  MCC=0.6601  Train=0.551s  Test=0.058s  Peak RAM Train=46.031 MB  Peak RAM Test=16.415 MB
2026-05-19 11:50:52 | INFO | [ncluster=49/49] AUC-ROC=80.18%  AUC-PR=80.38%  F1=0.7849  MCC=0.5226  Train=0.529s  Test=0.048s  Peak RAM Train=46.031 MB  Peak RAM Test=16.163 MB
2026-05-19 11:50:52 | INFO | [ncluster=52/52] AUC-ROC=88.63%  AUC-PR=89.09%  F1=0.8589  MCC=0.6993  Train=0.516s  Test=0.047s  Peak RAM Train=46.031 MB  Peak RAM Test=16.163 MB
2026-05-19 11:50:52 | INFO | [ncluster=55/55] AUC-ROC=81.57%  AUC-PR=81.03%  F1=0.7971  MCC=0.5523  Train=0.583s  Test=0.048s  Peak RAM Train=46.032 MB  Peak RAM Test=16.163 MB
2026-05-19 11:50:52 | INFO | [ncluster=58/58] AUC-ROC=90.58%  AUC-PR=92.58%  F1=0.8709  MCC=0.7360  Train=0.535s  Test=0.061s  Peak RAM Train=46.033 MB  Peak RAM Test=16.667 MB
2026-05-19 11:50:52 | INFO | [ncluster=61/61] AUC-ROC=87.21%  AUC-PR=88.01%  F1=0.8389  MCC=0.6631  Train=0.344s  Test=0.058s  Peak RAM Train=46.033 MB  Peak RAM Test=16.415 MB
2026-05-19 11:50:52 | INFO | [ncluster=64/64] AUC-ROC=85.06%  AUC-PR=85.28%  F1=0.8236  MCC=0.6183  Train=0.643s  Test=0.050s  Peak RAM Train=46.034 MB  Peak RAM Test=16.415 MB
2026-05-19 11:50:52 | INFO | [ncluster=67/67] AUC-ROC=89.00%  AUC-PR=90.23%  F1=0.8611  MCC=0.7031  Train=0.488s  Test=0.061s  Peak RAM Train=46.036 MB  Peak RAM Test=16.667 MB
2026-05-19 11:50:52 | INFO | [ncluster=70/70] AUC-ROC=86.87%  AUC-PR=87.11%  F1=0.8481  MCC=0.6757  Train=0.551s  Test=0.050s  Peak RAM Train=46.036 MB  Peak RAM Test=16.415 MB
2026-05-19 11:50:52 | INFO | [ncluster=73/73] AUC-ROC=87.67%  AUC-PR=88.72%  F1=0.8467  MCC=0.6729  Train=0.622s  Test=0.050s  Peak RAM Train=46.036 MB  Peak RAM Test=16.415 MB
2026-05-19 11:50:52 | INFO | [ncluster=76/76] AUC-ROC=88.59%  AUC-PR=89.28%  F1=0.8678  MCC=0.7181  Train=0.458s  Test=0.051s  Peak RAM Train=46.037 MB  Peak RAM Test=16.163 MB
2026-05-19 11:50:52 | INFO | [ncluster=79/79] AUC-ROC=89.17%  AUC-PR=90.74%  F1=0.8671  MCC=0.7165  Train=0.630s  Test=0.050s  Peak RAM Train=46.038 MB  Peak RAM Test=16.415 MB
2026-05-19 11:50:52 | INFO | [ncluster=82/82] AUC-ROC=89.58%  AUC-PR=91.23%  F1=0.8802  MCC=0.7459  Train=0.618s  Test=0.051s  Peak RAM Train=46.039 MB  Peak RAM Test=16.667 MB
2026-05-19 11:50:52 | INFO | [ncluster=85/85] AUC-ROC=89.75%  AUC-PR=91.38%  F1=0.8739  MCC=0.7335  Train=0.504s  Test=0.067s  Peak RAM Train=46.04 MB  Peak RAM Test=16.667 MB
2026-05-19 11:50:52 | INFO | [ncluster=88/88] AUC-ROC=89.83%  AUC-PR=91.12%  F1=0.8847  MCC=0.7557  Train=0.682s  Test=0.050s  Peak RAM Train=46.04 MB  Peak RAM Test=16.667 MB
2026-05-19 11:50:52 | INFO | [ncluster=91/91] AUC-ROC=90.39%  AUC-PR=91.92%  F1=0.8840  MCC=0.7529  Train=0.712s  Test=0.067s  Peak RAM Train=46.04 MB  Peak RAM Test=16.667 MB
2026-05-19 11:50:52 | INFO | [ncluster=94/94] AUC-ROC=89.12%  AUC-PR=90.53%  F1=0.8686  MCC=0.7186  Train=0.653s  Test=0.028s  Peak RAM Train=46.041 MB  Peak RAM Test=16.667 MB
2026-05-19 11:50:52 | INFO | [ncluster=97/97] AUC-ROC=90.78%  AUC-PR=92.33%  F1=0.8932  MCC=0.7770  Train=0.638s  Test=0.062s  Peak RAM Train=46.041 MB  Peak RAM Test=16.667 MB
2026-05-19 11:50:52 | INFO | [ncluster=100/100] AUC-ROC=89.17%  AUC-PR=90.63%  F1=0.8616  MCC=0.7057  Train=0.357s  Test=0.026s  Peak RAM Train=46.042 MB  Peak RAM Test=16.667 MB
2026-05-19 11:50:52 | INFO | [ncluster=103/103] AUC-ROC=90.22%  AUC-PR=91.75%  F1=0.8764  MCC=0.7377  Train=0.631s  Test=0.068s  Peak RAM Train=46.044 MB  Peak RAM Test=16.667 MB
2026-05-19 11:50:52 | INFO | [ncluster=106/106] AUC-ROC=89.59%  AUC-PR=91.09%  F1=0.8779  MCC=0.7388  Train=0.598s  Test=0.061s  Peak RAM Train=46.044 MB  Peak RAM Test=16.667 MB
2026-05-19 11:50:52 | INFO | [ncluster=109/109] AUC-ROC=89.01%  AUC-PR=90.55%  F1=0.8685  MCC=0.7196  Train=0.682s  Test=0.072s  Peak RAM Train=46.044 MB  Peak RAM Test=16.667 MB
2026-05-19 11:50:52 | INFO | [ncluster=112/112] AUC-ROC=89.91%  AUC-PR=91.49%  F1=0.8770  MCC=0.7374  Train=0.536s  Test=0.066s  Peak RAM Train=46.045 MB  Peak RAM Test=16.667 MB
2026-05-19 11:50:52 | INFO | [ncluster=115/115] AUC-ROC=89.24%  AUC-PR=90.61%  F1=0.8685  MCC=0.7155  Train=0.510s  Test=0.059s  Peak RAM Train=46.046 MB  Peak RAM Test=16.415 MB
2026-05-19 11:50:52 | INFO | [ncluster=118/118] AUC-ROC=89.48%  AUC-PR=91.12%  F1=0.8704  MCC=0.7201  Train=0.520s  Test=0.072s  Peak RAM Train=46.046 MB  Peak RAM Test=16.667 MB
2026-05-19 11:50:52 | INFO | [ncluster=121/121] AUC-ROC=90.51%  AUC-PR=92.04%  F1=0.8811  MCC=0.7467  Train=0.610s  Test=0.068s  Peak RAM Train=46.046 MB  Peak RAM Test=16.415 MB
2026-05-19 11:50:52 | INFO | [ncluster=124/124] AUC-ROC=90.48%  AUC-PR=92.03%  F1=0.8818  MCC=0.7467  Train=0.506s  Test=0.073s  Peak RAM Train=46.048 MB  Peak RAM Test=16.415 MB
2026-05-19 11:50:52 | INFO | [ncluster=127/127] AUC-ROC=90.43%  AUC-PR=92.08%  F1=0.8751  MCC=0.7341  Train=0.577s  Test=0.084s  Peak RAM Train=46.048 MB  Peak RAM Test=16.667 MB
2026-05-19 11:50:52 | INFO | [ncluster=130/130] AUC-ROC=91.64%  AUC-PR=93.62%  F1=0.8911  MCC=0.7699  Train=0.588s  Test=0.081s  Peak RAM Train=46.049 MB  Peak RAM Test=16.667 MB
2026-05-19 11:50:52 | INFO | [ncluster=133/133] AUC-ROC=88.91%  AUC-PR=90.15%  F1=0.8636  MCC=0.7051  Train=0.470s  Test=0.089s  Peak RAM Train=46.049 MB  Peak RAM Test=16.667 MB
2026-05-19 11:50:52 | INFO | [ncluster=136/136] AUC-ROC=88.18%  AUC-PR=89.53%  F1=0.8551  MCC=0.6858  Train=0.560s  Test=0.062s  Peak RAM Train=46.051 MB  Peak RAM Test=16.667 MB
2026-05-19 11:50:52 | INFO | [ncluster=139/139] AUC-ROC=90.87%  AUC-PR=92.62%  F1=0.8837  MCC=0.7539  Train=0.563s  Test=0.073s  Peak RAM Train=46.052 MB  Peak RAM Test=16.667 MB
2026-05-19 11:50:52 | INFO | [ncluster=142/142] AUC-ROC=90.23%  AUC-PR=91.86%  F1=0.8759  MCC=0.7387  Train=0.542s  Test=0.072s  Peak RAM Train=46.052 MB  Peak RAM Test=16.415 MB
2026-05-19 11:50:52 | INFO | [ncluster=145/145] AUC-ROC=90.64%  AUC-PR=92.43%  F1=0.8799  MCC=0.7440  Train=0.545s  Test=0.067s  Peak RAM Train=46.052 MB  Peak RAM Test=16.667 MB
2026-05-19 11:50:52 | INFO | [ncluster=148/148] AUC-ROC=90.65%  AUC-PR=92.45%  F1=0.8781  MCC=0.7407  Train=0.528s  Test=0.081s  Peak RAM Train=46.053 MB  Peak RAM Test=16.667 MB
2026-05-19 11:50:52 | INFO | [ncluster=151/151] AUC-ROC=89.61%  AUC-PR=91.34%  F1=0.8665  MCC=0.7134  Train=0.564s  Test=0.088s  Peak RAM Train=46.053 MB  Peak RAM Test=16.667 MB
2026-05-19 11:50:52 | INFO | [ncluster=154/154] AUC-ROC=89.69%  AUC-PR=91.17%  F1=0.8714  MCC=0.7262  Train=0.427s  Test=0.066s  Peak RAM Train=46.056 MB  Peak RAM Test=16.667 MB
2026-05-19 11:50:52 | INFO | [ncluster=157/157] AUC-ROC=88.69%  AUC-PR=89.36%  F1=0.8596  MCC=0.6944  Train=0.549s  Test=0.075s  Peak RAM Train=46.055 MB  Peak RAM Test=16.415 MB
2026-05-19 11:50:52 | INFO | [ncluster=160/160] AUC-ROC=90.42%  AUC-PR=91.57%  F1=0.8726  MCC=0.7279  Train=0.668s  Test=0.094s  Peak RAM Train=46.056 MB  Peak RAM Test=16.667 MB
2026-05-19 11:50:52 | INFO | [ncluster=163/163] AUC-ROC=89.19%  AUC-PR=90.02%  F1=0.8693  MCC=0.7180  Train=0.548s  Test=0.072s  Peak RAM Train=46.057 MB  Peak RAM Test=16.919 MB
2026-05-19 11:50:52 | INFO | [ncluster=166/166] AUC-ROC=89.02%  AUC-PR=89.88%  F1=0.8665  MCC=0.7122  Train=0.542s  Test=0.036s  Peak RAM Train=46.056 MB  Peak RAM Test=16.919 MB
2026-05-19 11:50:52 | INFO | [ncluster=169/169] AUC-ROC=89.77%  AUC-PR=90.95%  F1=0.8679  MCC=0.7154  Train=0.635s  Test=0.090s  Peak RAM Train=46.058 MB  Peak RAM Test=16.667 MB
2026-05-19 11:50:52 | INFO | [ncluster=172/172] AUC-ROC=89.86%  AUC-PR=91.40%  F1=0.8705  MCC=0.7243  Train=0.559s  Test=0.078s  Peak RAM Train=46.057 MB  Peak RAM Test=16.667 MB
2026-05-19 11:50:52 | INFO | [ncluster=175/175] AUC-ROC=89.13%  AUC-PR=90.10%  F1=0.8567  MCC=0.6912  Train=0.479s  Test=0.092s  Peak RAM Train=46.06 MB  Peak RAM Test=16.667 MB
2026-05-19 11:50:52 | INFO | [ncluster=178/178] AUC-ROC=88.24%  AUC-PR=89.04%  F1=0.8586  MCC=0.6913  Train=0.601s  Test=0.076s  Peak RAM Train=46.058 MB  Peak RAM Test=16.919 MB
2026-05-19 11:50:52 | INFO | [ncluster=181/181] AUC-ROC=88.63%  AUC-PR=89.46%  F1=0.8581  MCC=0.6960  Train=0.571s  Test=0.086s  Peak RAM Train=46.061 MB  Peak RAM Test=16.919 MB
2026-05-19 11:50:52 | INFO | [ncluster=184/184] AUC-ROC=88.22%  AUC-PR=89.01%  F1=0.8555  MCC=0.6899  Train=0.589s  Test=0.078s  Peak RAM Train=46.06 MB  Peak RAM Test=16.919 MB
2026-05-19 11:50:52 | INFO | [ncluster=187/187] AUC-ROC=87.87%  AUC-PR=88.27%  F1=0.8536  MCC=0.6806  Train=0.497s  Test=0.076s  Peak RAM Train=46.061 MB  Peak RAM Test=16.919 MB
2026-05-19 11:50:52 | INFO | [ncluster=190/190] AUC-ROC=88.21%  AUC-PR=89.15%  F1=0.8616  MCC=0.6988  Train=0.557s  Test=0.072s  Peak RAM Train=46.063 MB  Peak RAM Test=16.667 MB
2026-05-19 11:50:52 | INFO | [ncluster=193/193] AUC-ROC=88.00%  AUC-PR=88.67%  F1=0.8489  MCC=0.6728  Train=0.531s  Test=0.104s  Peak RAM Train=46.062 MB  Peak RAM Test=16.919 MB
2026-05-19 11:50:52 | INFO | [ncluster=196/196] AUC-ROC=87.28%  AUC-PR=88.08%  F1=0.8411  MCC=0.6542  Train=0.553s  Test=0.083s  Peak RAM Train=46.063 MB  Peak RAM Test=16.919 MB
2026-05-19 11:50:52 | INFO | [ncluster=199/199] AUC-ROC=88.39%  AUC-PR=88.85%  F1=0.8589  MCC=0.6914  Train=0.574s  Test=0.079s  Peak RAM Train=46.063 MB  Peak RAM Test=16.919 MB
2026-05-19 11:50:52 | INFO | [ncluster=202/202] AUC-ROC=86.88%  AUC-PR=87.22%  F1=0.8417  MCC=0.6544  Train=0.529s  Test=0.109s  Peak RAM Train=46.064 MB  Peak RAM Test=16.919 MB
2026-05-19 11:50:52 | INFO | [ncluster=205/205] AUC-ROC=87.52%  AUC-PR=88.23%  F1=0.8471  MCC=0.6648  Train=0.550s  Test=0.088s  Peak RAM Train=46.064 MB  Peak RAM Test=16.919 MB
2026-05-19 11:50:52 | INFO | [ncluster=208/208] AUC-ROC=87.11%  AUC-PR=87.79%  F1=0.8445  MCC=0.6577  Train=0.647s  Test=0.108s  Peak RAM Train=46.065 MB  Peak RAM Test=16.919 MB
2026-05-19 11:50:52 | INFO | [ncluster=211/211] AUC-ROC=87.00%  AUC-PR=87.79%  F1=0.8348  MCC=0.6395  Train=0.582s  Test=0.084s  Peak RAM Train=46.066 MB  Peak RAM Test=16.919 MB
2026-05-19 11:50:52 | INFO | [ncluster=214/214] AUC-ROC=87.34%  AUC-PR=88.16%  F1=0.8455  MCC=0.6588  Train=0.634s  Test=0.092s  Peak RAM Train=46.067 MB  Peak RAM Test=16.919 MB
2026-05-19 11:50:52 | INFO | [ncluster=217/217] AUC-ROC=89.09%  AUC-PR=90.21%  F1=0.8624  MCC=0.7013  Train=0.575s  Test=0.098s  Peak RAM Train=46.068 MB  Peak RAM Test=16.667 MB
2026-05-19 11:50:52 | INFO | [ncluster=220/220] AUC-ROC=89.14%  AUC-PR=90.13%  F1=0.8660  MCC=0.7073  Train=0.530s  Test=0.086s  Peak RAM Train=46.068 MB  Peak RAM Test=16.667 MB
2026-05-19 11:50:52 | INFO | [ncluster=223/223] AUC-ROC=88.94%  AUC-PR=89.99%  F1=0.8603  MCC=0.6971  Train=0.584s  Test=0.114s  Peak RAM Train=46.068 MB  Peak RAM Test=16.667 MB
2026-05-19 11:50:52 | INFO | [ncluster=226/226] AUC-ROC=88.54%  AUC-PR=89.41%  F1=0.8595  MCC=0.6976  Train=0.573s  Test=0.089s  Peak RAM Train=46.069 MB  Peak RAM Test=16.919 MB
2026-05-19 11:50:52 | INFO | [ncluster=229/229] AUC-ROC=89.36%  AUC-PR=90.07%  F1=0.8647  MCC=0.7108  Train=0.545s  Test=0.090s  Peak RAM Train=46.07 MB  Peak RAM Test=16.667 MB
2026-05-19 11:50:52 | INFO | [ncluster=232/232] AUC-ROC=88.01%  AUC-PR=88.84%  F1=0.8499  MCC=0.6783  Train=0.451s  Test=0.131s  Peak RAM Train=46.07 MB  Peak RAM Test=16.919 MB
2026-05-19 11:50:52 | INFO | [ncluster=235/235] AUC-ROC=88.54%  AUC-PR=89.41%  F1=0.8561  MCC=0.6873  Train=0.482s  Test=0.110s  Peak RAM Train=46.071 MB  Peak RAM Test=16.919 MB
2026-05-19 11:50:52 | INFO | [ncluster=238/238] AUC-ROC=86.57%  AUC-PR=86.81%  F1=0.8399  MCC=0.6490  Train=0.722s  Test=0.135s  Peak RAM Train=46.072 MB  Peak RAM Test=16.919 MB
2026-05-19 11:50:52 | INFO | [ncluster=241/241] AUC-ROC=88.34%  AUC-PR=89.59%  F1=0.8482  MCC=0.6695  Train=0.701s  Test=0.115s  Peak RAM Train=46.071 MB  Peak RAM Test=16.919 MB
2026-05-19 11:50:52 | INFO | [ncluster=244/244] AUC-ROC=85.76%  AUC-PR=85.99%  F1=0.8301  MCC=0.6279  Train=0.625s  Test=0.121s  Peak RAM Train=46.072 MB  Peak RAM Test=16.667 MB
2026-05-19 11:50:52 | INFO | [ncluster=247/247] AUC-ROC=86.29%  AUC-PR=85.76%  F1=0.8368  MCC=0.6411  Train=0.744s  Test=0.126s  Peak RAM Train=46.073 MB  Peak RAM Test=16.667 MB
2026-05-19 11:50:52 | INFO | [ncluster=250/250] AUC-ROC=88.16%  AUC-PR=88.53%  F1=0.8564  MCC=0.6901  Train=0.706s  Test=0.111s  Peak RAM Train=46.075 MB  Peak RAM Test=16.667 MB
2026-05-19 11:50:52 | INFO | [ncluster=253/253] AUC-ROC=86.67%  AUC-PR=86.73%  F1=0.8410  MCC=0.6569  Train=0.679s  Test=0.132s  Peak RAM Train=46.075 MB  Peak RAM Test=16.667 MB
2026-05-19 11:50:52 | INFO | [ncluster=256/256] AUC-ROC=85.53%  AUC-PR=85.74%  F1=0.8283  MCC=0.6217  Train=0.421s  Test=0.091s  Peak RAM Train=46.075 MB  Peak RAM Test=16.667 MB
2026-05-19 11:50:52 | INFO | [ncluster=259/259] AUC-ROC=84.56%  AUC-PR=84.30%  F1=0.8241  MCC=0.6080  Train=0.652s  Test=0.119s  Peak RAM Train=46.076 MB  Peak RAM Test=16.667 MB
2026-05-19 11:50:52 | INFO | [ncluster=262/262] AUC-ROC=86.19%  AUC-PR=86.70%  F1=0.8320  MCC=0.6334  Train=0.684s  Test=0.093s  Peak RAM Train=46.076 MB  Peak RAM Test=16.667 MB
2026-05-19 11:50:52 | INFO | [ncluster=265/265] AUC-ROC=86.97%  AUC-PR=87.21%  F1=0.8449  MCC=0.6611  Train=0.723s  Test=0.109s  Peak RAM Train=46.078 MB  Peak RAM Test=16.667 MB
2026-05-19 11:50:52 | INFO | [ncluster=268/268] AUC-ROC=87.17%  AUC-PR=87.03%  F1=0.8491  MCC=0.6695  Train=0.502s  Test=0.103s  Peak RAM Train=46.078 MB  Peak RAM Test=16.667 MB
2026-05-19 11:50:52 | INFO | [ncluster=271/271] AUC-ROC=85.54%  AUC-PR=85.71%  F1=0.8201  MCC=0.6088  Train=0.402s  Test=0.098s  Peak RAM Train=46.079 MB  Peak RAM Test=16.667 MB
2026-05-19 11:50:52 | INFO | [ncluster=274/274] AUC-ROC=86.65%  AUC-PR=86.77%  F1=0.8419  MCC=0.6548  Train=0.446s  Test=0.101s  Peak RAM Train=46.079 MB  Peak RAM Test=16.667 MB
2026-05-19 11:50:52 | INFO | [ncluster=277/277] AUC-ROC=86.76%  AUC-PR=86.41%  F1=0.8443  MCC=0.6602  Train=0.564s  Test=0.097s  Peak RAM Train=46.079 MB  Peak RAM Test=16.667 MB
2026-05-19 11:50:52 | INFO | [ncluster=280/280] AUC-ROC=86.19%  AUC-PR=86.24%  F1=0.8388  MCC=0.6441  Train=0.403s  Test=0.077s  Peak RAM Train=46.08 MB  Peak RAM Test=16.667 MB
2026-05-19 11:50:52 | INFO | [ncluster=283/283] AUC-ROC=85.78%  AUC-PR=85.86%  F1=0.8338  MCC=0.6327  Train=0.303s  Test=0.111s  Peak RAM Train=46.081 MB  Peak RAM Test=16.667 MB
2026-05-19 11:50:52 | INFO | [ncluster=286/286] AUC-ROC=84.22%  AUC-PR=84.28%  F1=0.8211  MCC=0.6045  Train=0.381s  Test=0.098s  Peak RAM Train=46.082 MB  Peak RAM Test=16.919 MB
2026-05-19 11:50:52 | INFO | [ncluster=289/289] AUC-ROC=86.44%  AUC-PR=87.20%  F1=0.8430  MCC=0.6501  Train=0.266s  Test=0.047s  Peak RAM Train=46.082 MB  Peak RAM Test=16.667 MB
2026-05-19 11:50:52 | INFO | [ncluster=292/292] AUC-ROC=86.17%  AUC-PR=85.44%  F1=0.8351  MCC=0.6392  Train=0.295s  Test=0.063s  Peak RAM Train=46.084 MB  Peak RAM Test=16.667 MB
2026-05-19 11:50:52 | INFO | [ncluster=295/295] AUC-ROC=83.69%  AUC-PR=82.83%  F1=0.8161  MCC=0.5942  Train=0.198s  Test=0.093s  Peak RAM Train=46.084 MB  Peak RAM Test=16.667 MB
2026-05-19 11:50:52 | INFO | [ncluster=298/298] AUC-ROC=87.25%  AUC-PR=87.52%  F1=0.8525  MCC=0.6779  Train=0.198s  Test=0.044s  Peak RAM Train=46.084 MB  Peak RAM Test=16.667 MB
2026-05-19 11:50:52 | INFO | 
>>> Processing data_EdgeIIoTset | scaler=MinMaxScaler
2026-05-19 11:50:52 | INFO | --- noise=0% ---
2026-05-19 11:50:52 | INFO | ============================================================
2026-05-19 11:50:52 | INFO | Dataset  : Train_MinMaxScaler_data_EdgeIIoTset.csv
2026-05-19 11:50:52 | INFO | Scaler   : MinMaxScaler
2026-05-19 11:50:52 | INFO | Noise    : 0%
2026-05-19 11:50:52 | INFO | nClusters: 100 values (1..298)
2026-05-19 11:50:52 | INFO | K-Means  : Standard KMeans
2026-05-19 11:50:52 | INFO | ============================================================
2026-05-19 11:50:53 | INFO | Loaded Raw Shape -> Train: (30000, 53), Test: (30000, 53)
2026-05-19 11:50:53 | INFO | Training size : 30,000  |  Testing size: 30,000  |  Features: 52
2026-05-19 11:50:53 | INFO | Firing up Parallel execution for 100 cluster configs...
2026-05-19 11:55:20 | INFO | [ncluster=1/1] AUC-ROC=100.00%  AUC-PR=100.00%  F1=1.0000  MCC=1.0000  Train=0.380s  Test=0.054s  Peak RAM Train=43.829 MB  Peak RAM Test=27.035 MB
2026-05-19 11:55:20 | INFO | [ncluster=4/4] AUC-ROC=100.00%  AUC-PR=100.00%  F1=1.0000  MCC=1.0000  Train=0.388s  Test=0.045s  Peak RAM Train=43.832 MB  Peak RAM Test=27.755 MB
2026-05-19 11:55:20 | INFO | [ncluster=7/7] AUC-ROC=100.00%  AUC-PR=100.00%  F1=1.0000  MCC=1.0000  Train=0.440s  Test=0.055s  Peak RAM Train=43.832 MB  Peak RAM Test=28.235 MB
2026-05-19 11:55:20 | INFO | [ncluster=10/10] AUC-ROC=100.00%  AUC-PR=100.00%  F1=1.0000  MCC=1.0000  Train=0.400s  Test=0.056s  Peak RAM Train=43.833 MB  Peak RAM Test=28.955 MB
2026-05-19 11:55:20 | INFO | [ncluster=13/13] AUC-ROC=100.00%  AUC-PR=100.00%  F1=1.0000  MCC=1.0000  Train=0.425s  Test=0.061s  Peak RAM Train=43.834 MB  Peak RAM Test=28.955 MB
2026-05-19 11:55:20 | INFO | [ncluster=16/16] AUC-ROC=100.00%  AUC-PR=100.00%  F1=1.0000  MCC=1.0000  Train=0.375s  Test=0.060s  Peak RAM Train=43.834 MB  Peak RAM Test=29.195 MB
2026-05-19 11:55:20 | INFO | [ncluster=19/19] AUC-ROC=100.00%  AUC-PR=100.00%  F1=1.0000  MCC=1.0000  Train=0.361s  Test=0.055s  Peak RAM Train=43.835 MB  Peak RAM Test=28.955 MB
2026-05-19 11:55:20 | INFO | [ncluster=22/22] AUC-ROC=100.00%  AUC-PR=100.00%  F1=1.0000  MCC=1.0000  Train=0.443s  Test=0.065s  Peak RAM Train=43.837 MB  Peak RAM Test=28.955 MB
2026-05-19 11:55:20 | INFO | [ncluster=25/25] AUC-ROC=100.00%  AUC-PR=100.00%  F1=1.0000  MCC=1.0000  Train=0.317s  Test=0.068s  Peak RAM Train=43.837 MB  Peak RAM Test=28.955 MB
2026-05-19 11:55:20 | INFO | [ncluster=28/28] AUC-ROC=100.00%  AUC-PR=100.00%  F1=1.0000  MCC=1.0000  Train=0.294s  Test=0.060s  Peak RAM Train=43.838 MB  Peak RAM Test=28.955 MB
2026-05-19 11:55:20 | INFO | [ncluster=31/31] AUC-ROC=100.00%  AUC-PR=100.00%  F1=1.0000  MCC=1.0000  Train=0.366s  Test=0.061s  Peak RAM Train=43.838 MB  Peak RAM Test=28.955 MB
2026-05-19 11:55:20 | INFO | [ncluster=34/34] AUC-ROC=100.00%  AUC-PR=100.00%  F1=1.0000  MCC=1.0000  Train=0.303s  Test=0.058s  Peak RAM Train=43.838 MB  Peak RAM Test=28.955 MB
2026-05-19 11:55:20 | INFO | [ncluster=37/37] AUC-ROC=100.00%  AUC-PR=100.00%  F1=1.0000  MCC=1.0000  Train=0.428s  Test=0.068s  Peak RAM Train=43.838 MB  Peak RAM Test=28.955 MB
2026-05-19 11:55:20 | INFO | [ncluster=40/40] AUC-ROC=100.00%  AUC-PR=100.00%  F1=1.0000  MCC=1.0000  Train=0.415s  Test=0.066s  Peak RAM Train=43.841 MB  Peak RAM Test=28.955 MB
2026-05-19 11:55:20 | INFO | [ncluster=43/43] AUC-ROC=100.00%  AUC-PR=100.00%  F1=1.0000  MCC=1.0000  Train=0.255s  Test=0.064s  Peak RAM Train=43.841 MB  Peak RAM Test=28.955 MB
2026-05-19 11:55:20 | INFO | [ncluster=46/46] AUC-ROC=100.00%  AUC-PR=100.00%  F1=1.0000  MCC=1.0000  Train=0.359s  Test=0.067s  Peak RAM Train=43.84 MB  Peak RAM Test=29.195 MB
2026-05-19 11:55:20 | INFO | [ncluster=49/49] AUC-ROC=100.00%  AUC-PR=100.00%  F1=1.0000  MCC=1.0000  Train=0.310s  Test=0.073s  Peak RAM Train=43.842 MB  Peak RAM Test=29.195 MB
2026-05-19 11:55:20 | INFO | [ncluster=52/52] AUC-ROC=100.00%  AUC-PR=100.00%  F1=1.0000  MCC=1.0000  Train=0.372s  Test=0.074s  Peak RAM Train=43.842 MB  Peak RAM Test=29.195 MB
2026-05-19 11:55:20 | INFO | [ncluster=55/55] AUC-ROC=100.00%  AUC-PR=100.00%  F1=1.0000  MCC=1.0000  Train=0.360s  Test=0.072s  Peak RAM Train=43.843 MB  Peak RAM Test=29.195 MB
2026-05-19 11:55:20 | INFO | [ncluster=58/58] AUC-ROC=100.00%  AUC-PR=100.00%  F1=1.0000  MCC=1.0000  Train=0.306s  Test=0.077s  Peak RAM Train=43.846 MB  Peak RAM Test=29.195 MB
2026-05-19 11:55:20 | INFO | [ncluster=61/61] AUC-ROC=100.00%  AUC-PR=100.00%  F1=1.0000  MCC=1.0000  Train=0.401s  Test=0.061s  Peak RAM Train=43.848 MB  Peak RAM Test=29.435 MB
2026-05-19 11:55:20 | INFO | [ncluster=64/64] AUC-ROC=100.00%  AUC-PR=100.00%  F1=1.0000  MCC=1.0000  Train=0.392s  Test=0.092s  Peak RAM Train=43.845 MB  Peak RAM Test=29.195 MB
2026-05-19 11:55:20 | INFO | [ncluster=67/67] AUC-ROC=100.00%  AUC-PR=100.00%  F1=1.0000  MCC=1.0000  Train=0.378s  Test=0.074s  Peak RAM Train=43.846 MB  Peak RAM Test=29.195 MB
2026-05-19 11:55:20 | INFO | [ncluster=70/70] AUC-ROC=100.00%  AUC-PR=100.00%  F1=1.0000  MCC=1.0000  Train=0.386s  Test=0.068s  Peak RAM Train=43.847 MB  Peak RAM Test=29.195 MB
2026-05-19 11:55:20 | INFO | [ncluster=73/73] AUC-ROC=100.00%  AUC-PR=100.00%  F1=1.0000  MCC=1.0000  Train=0.374s  Test=0.079s  Peak RAM Train=43.848 MB  Peak RAM Test=29.435 MB
2026-05-19 11:55:20 | INFO | [ncluster=76/76] AUC-ROC=100.00%  AUC-PR=100.00%  F1=1.0000  MCC=1.0000  Train=0.298s  Test=0.071s  Peak RAM Train=43.847 MB  Peak RAM Test=29.435 MB
2026-05-19 11:55:20 | INFO | [ncluster=79/79] AUC-ROC=100.00%  AUC-PR=100.00%  F1=1.0000  MCC=1.0000  Train=0.417s  Test=0.084s  Peak RAM Train=43.852 MB  Peak RAM Test=29.435 MB
2026-05-19 11:55:20 | INFO | [ncluster=82/82] AUC-ROC=100.00%  AUC-PR=100.00%  F1=1.0000  MCC=1.0000  Train=0.369s  Test=0.078s  Peak RAM Train=43.85 MB  Peak RAM Test=29.435 MB
2026-05-19 11:55:20 | INFO | [ncluster=85/85] AUC-ROC=100.00%  AUC-PR=100.00%  F1=1.0000  MCC=1.0000  Train=0.417s  Test=0.076s  Peak RAM Train=43.852 MB  Peak RAM Test=29.435 MB
2026-05-19 11:55:20 | INFO | [ncluster=88/88] AUC-ROC=100.00%  AUC-PR=100.00%  F1=1.0000  MCC=1.0000  Train=0.362s  Test=0.069s  Peak RAM Train=43.851 MB  Peak RAM Test=29.435 MB
2026-05-19 11:55:20 | INFO | [ncluster=91/91] AUC-ROC=100.00%  AUC-PR=100.00%  F1=1.0000  MCC=1.0000  Train=0.359s  Test=0.074s  Peak RAM Train=43.854 MB  Peak RAM Test=29.675 MB
2026-05-19 11:55:20 | INFO | [ncluster=94/94] AUC-ROC=100.00%  AUC-PR=100.00%  F1=1.0000  MCC=1.0000  Train=0.442s  Test=0.074s  Peak RAM Train=43.851 MB  Peak RAM Test=29.435 MB
2026-05-19 11:55:20 | INFO | [ncluster=97/97] AUC-ROC=100.00%  AUC-PR=100.00%  F1=1.0000  MCC=1.0000  Train=0.325s  Test=0.066s  Peak RAM Train=43.852 MB  Peak RAM Test=29.675 MB
2026-05-19 11:55:20 | INFO | [ncluster=100/100] AUC-ROC=100.00%  AUC-PR=100.00%  F1=1.0000  MCC=1.0000  Train=0.368s  Test=0.071s  Peak RAM Train=43.857 MB  Peak RAM Test=29.435 MB
2026-05-19 11:55:20 | INFO | [ncluster=103/103] AUC-ROC=100.00%  AUC-PR=100.00%  F1=1.0000  MCC=1.0000  Train=0.409s  Test=0.083s  Peak RAM Train=43.861 MB  Peak RAM Test=29.435 MB
2026-05-19 11:55:20 | INFO | [ncluster=106/106] AUC-ROC=100.00%  AUC-PR=100.00%  F1=1.0000  MCC=1.0000  Train=0.372s  Test=0.094s  Peak RAM Train=43.853 MB  Peak RAM Test=29.675 MB
2026-05-19 11:55:20 | INFO | [ncluster=109/109] AUC-ROC=100.00%  AUC-PR=100.00%  F1=1.0000  MCC=1.0000  Train=0.327s  Test=0.077s  Peak RAM Train=43.854 MB  Peak RAM Test=29.675 MB
2026-05-19 11:55:20 | INFO | [ncluster=112/112] AUC-ROC=100.00%  AUC-PR=100.00%  F1=1.0000  MCC=1.0000  Train=0.440s  Test=0.078s  Peak RAM Train=43.853 MB  Peak RAM Test=29.675 MB
2026-05-19 11:55:20 | INFO | [ncluster=115/115] AUC-ROC=100.00%  AUC-PR=100.00%  F1=1.0000  MCC=1.0000  Train=0.422s  Test=0.100s  Peak RAM Train=43.856 MB  Peak RAM Test=29.675 MB
2026-05-19 11:55:20 | INFO | [ncluster=118/118] AUC-ROC=100.00%  AUC-PR=100.00%  F1=1.0000  MCC=1.0000  Train=0.293s  Test=0.068s  Peak RAM Train=43.857 MB  Peak RAM Test=29.675 MB
2026-05-19 11:55:20 | INFO | [ncluster=121/121] AUC-ROC=100.00%  AUC-PR=100.00%  F1=1.0000  MCC=1.0000  Train=0.387s  Test=0.092s  Peak RAM Train=43.856 MB  Peak RAM Test=29.675 MB
2026-05-19 11:55:20 | INFO | [ncluster=124/124] AUC-ROC=100.00%  AUC-PR=100.00%  F1=1.0000  MCC=1.0000  Train=0.351s  Test=0.077s  Peak RAM Train=43.858 MB  Peak RAM Test=29.675 MB
2026-05-19 11:55:20 | INFO | [ncluster=127/127] AUC-ROC=100.00%  AUC-PR=100.00%  F1=1.0000  MCC=1.0000  Train=0.347s  Test=0.080s  Peak RAM Train=43.859 MB  Peak RAM Test=29.675 MB
2026-05-19 11:55:20 | INFO | [ncluster=130/130] AUC-ROC=100.00%  AUC-PR=100.00%  F1=1.0000  MCC=1.0000  Train=0.233s  Test=0.080s  Peak RAM Train=43.858 MB  Peak RAM Test=29.675 MB
2026-05-19 11:55:20 | INFO | [ncluster=133/133] AUC-ROC=100.00%  AUC-PR=100.00%  F1=1.0000  MCC=1.0000  Train=0.368s  Test=0.085s  Peak RAM Train=43.86 MB  Peak RAM Test=29.675 MB
2026-05-19 11:55:20 | INFO | [ncluster=136/136] AUC-ROC=100.00%  AUC-PR=100.00%  F1=1.0000  MCC=1.0000  Train=0.379s  Test=0.080s  Peak RAM Train=43.86 MB  Peak RAM Test=29.675 MB
2026-05-19 11:55:20 | INFO | [ncluster=139/139] AUC-ROC=100.00%  AUC-PR=100.00%  F1=1.0000  MCC=1.0000  Train=0.426s  Test=0.097s  Peak RAM Train=43.862 MB  Peak RAM Test=29.675 MB
2026-05-19 11:55:20 | INFO | [ncluster=142/142] AUC-ROC=100.00%  AUC-PR=100.00%  F1=1.0000  MCC=1.0000  Train=0.437s  Test=0.107s  Peak RAM Train=43.861 MB  Peak RAM Test=29.675 MB
2026-05-19 11:55:20 | INFO | [ncluster=145/145] AUC-ROC=100.00%  AUC-PR=100.00%  F1=1.0000  MCC=1.0000  Train=0.355s  Test=0.094s  Peak RAM Train=43.862 MB  Peak RAM Test=29.675 MB
2026-05-19 11:55:20 | INFO | [ncluster=148/148] AUC-ROC=100.00%  AUC-PR=100.00%  F1=1.0000  MCC=1.0000  Train=0.383s  Test=0.090s  Peak RAM Train=43.862 MB  Peak RAM Test=29.675 MB
2026-05-19 11:55:20 | INFO | [ncluster=151/151] AUC-ROC=100.00%  AUC-PR=100.00%  F1=1.0000  MCC=1.0000  Train=0.329s  Test=0.090s  Peak RAM Train=43.863 MB  Peak RAM Test=29.675 MB
2026-05-19 11:55:20 | INFO | [ncluster=154/154] AUC-ROC=100.00%  AUC-PR=100.00%  F1=1.0000  MCC=1.0000  Train=0.425s  Test=0.105s  Peak RAM Train=43.864 MB  Peak RAM Test=29.675 MB
2026-05-19 11:55:20 | INFO | [ncluster=157/157] AUC-ROC=100.00%  AUC-PR=100.00%  F1=1.0000  MCC=1.0000  Train=0.390s  Test=0.095s  Peak RAM Train=43.864 MB  Peak RAM Test=29.675 MB
2026-05-19 11:55:20 | INFO | [ncluster=160/160] AUC-ROC=100.00%  AUC-PR=100.00%  F1=1.0000  MCC=1.0000  Train=0.362s  Test=0.083s  Peak RAM Train=43.865 MB  Peak RAM Test=29.675 MB
2026-05-19 11:55:20 | INFO | [ncluster=163/163] AUC-ROC=100.00%  AUC-PR=100.00%  F1=1.0000  MCC=1.0000  Train=0.397s  Test=0.108s  Peak RAM Train=43.866 MB  Peak RAM Test=29.675 MB
2026-05-19 11:55:20 | INFO | [ncluster=166/166] AUC-ROC=100.00%  AUC-PR=100.00%  F1=1.0000  MCC=1.0000  Train=0.351s  Test=0.088s  Peak RAM Train=43.866 MB  Peak RAM Test=29.675 MB
2026-05-19 11:55:20 | INFO | [ncluster=169/169] AUC-ROC=100.00%  AUC-PR=100.00%  F1=1.0000  MCC=1.0000  Train=0.427s  Test=0.084s  Peak RAM Train=43.867 MB  Peak RAM Test=29.675 MB
2026-05-19 11:55:20 | INFO | [ncluster=172/172] AUC-ROC=100.00%  AUC-PR=100.00%  F1=1.0000  MCC=1.0000  Train=0.453s  Test=0.101s  Peak RAM Train=43.868 MB  Peak RAM Test=29.675 MB
2026-05-19 11:55:20 | INFO | [ncluster=175/175] AUC-ROC=100.00%  AUC-PR=100.00%  F1=1.0000  MCC=1.0000  Train=0.417s  Test=0.101s  Peak RAM Train=43.868 MB  Peak RAM Test=29.675 MB
2026-05-19 11:55:20 | INFO | [ncluster=178/178] AUC-ROC=100.00%  AUC-PR=100.00%  F1=1.0000  MCC=1.0000  Train=0.406s  Test=0.116s  Peak RAM Train=43.868 MB  Peak RAM Test=29.915 MB
2026-05-19 11:55:20 | INFO | [ncluster=181/181] AUC-ROC=100.00%  AUC-PR=100.00%  F1=1.0000  MCC=1.0000  Train=0.343s  Test=0.119s  Peak RAM Train=43.869 MB  Peak RAM Test=29.675 MB
2026-05-19 11:55:20 | INFO | [ncluster=184/184] AUC-ROC=100.00%  AUC-PR=100.00%  F1=1.0000  MCC=1.0000  Train=0.141s  Test=0.057s  Peak RAM Train=43.87 MB  Peak RAM Test=29.675 MB
2026-05-19 11:55:20 | INFO | [ncluster=187/187] AUC-ROC=100.00%  AUC-PR=100.00%  F1=1.0000  MCC=1.0000  Train=0.433s  Test=0.104s  Peak RAM Train=43.87 MB  Peak RAM Test=29.675 MB
2026-05-19 11:55:20 | INFO | [ncluster=190/190] AUC-ROC=100.00%  AUC-PR=100.00%  F1=1.0000  MCC=1.0000  Train=0.342s  Test=0.095s  Peak RAM Train=43.871 MB  Peak RAM Test=29.675 MB
2026-05-19 11:55:20 | INFO | [ncluster=193/193] AUC-ROC=100.00%  AUC-PR=100.00%  F1=1.0000  MCC=1.0000  Train=0.322s  Test=0.095s  Peak RAM Train=43.872 MB  Peak RAM Test=29.915 MB
2026-05-19 11:55:20 | INFO | [ncluster=196/196] AUC-ROC=100.00%  AUC-PR=100.00%  F1=1.0000  MCC=1.0000  Train=0.375s  Test=0.119s  Peak RAM Train=43.872 MB  Peak RAM Test=29.675 MB
2026-05-19 11:55:20 | INFO | [ncluster=199/199] AUC-ROC=100.00%  AUC-PR=100.00%  F1=1.0000  MCC=1.0000  Train=0.398s  Test=0.123s  Peak RAM Train=43.874 MB  Peak RAM Test=29.915 MB
2026-05-19 11:55:20 | INFO | [ncluster=202/202] AUC-ROC=100.00%  AUC-PR=100.00%  F1=1.0000  MCC=1.0000  Train=0.459s  Test=0.121s  Peak RAM Train=43.874 MB  Peak RAM Test=29.915 MB
2026-05-19 11:55:20 | INFO | [ncluster=205/205] AUC-ROC=100.00%  AUC-PR=100.00%  F1=1.0000  MCC=1.0000  Train=0.416s  Test=0.097s  Peak RAM Train=43.874 MB  Peak RAM Test=29.915 MB
2026-05-19 11:55:20 | INFO | [ncluster=208/208] AUC-ROC=100.00%  AUC-PR=100.00%  F1=1.0000  MCC=1.0000  Train=0.379s  Test=0.103s  Peak RAM Train=43.876 MB  Peak RAM Test=29.915 MB
2026-05-19 11:55:20 | INFO | [ncluster=211/211] AUC-ROC=100.00%  AUC-PR=100.00%  F1=1.0000  MCC=1.0000  Train=0.450s  Test=0.121s  Peak RAM Train=43.876 MB  Peak RAM Test=29.675 MB
2026-05-19 11:55:20 | INFO | [ncluster=214/214] AUC-ROC=100.00%  AUC-PR=100.00%  F1=1.0000  MCC=1.0000  Train=0.418s  Test=0.108s  Peak RAM Train=43.876 MB  Peak RAM Test=29.915 MB
2026-05-19 11:55:20 | INFO | [ncluster=217/217] AUC-ROC=100.00%  AUC-PR=100.00%  F1=1.0000  MCC=1.0000  Train=0.362s  Test=0.122s  Peak RAM Train=43.876 MB  Peak RAM Test=29.915 MB
2026-05-19 11:55:20 | INFO | [ncluster=220/220] AUC-ROC=100.00%  AUC-PR=100.00%  F1=1.0000  MCC=1.0000  Train=0.206s  Test=0.132s  Peak RAM Train=43.877 MB  Peak RAM Test=29.915 MB
2026-05-19 11:55:20 | INFO | [ncluster=223/223] AUC-ROC=100.00%  AUC-PR=100.00%  F1=1.0000  MCC=1.0000  Train=0.323s  Test=0.108s  Peak RAM Train=43.878 MB  Peak RAM Test=29.675 MB
2026-05-19 11:55:20 | INFO | [ncluster=226/226] AUC-ROC=100.00%  AUC-PR=100.00%  F1=1.0000  MCC=1.0000  Train=0.362s  Test=0.103s  Peak RAM Train=43.879 MB  Peak RAM Test=29.915 MB
2026-05-19 11:55:20 | INFO | [ncluster=229/229] AUC-ROC=100.00%  AUC-PR=100.00%  F1=1.0000  MCC=1.0000  Train=0.268s  Test=0.120s  Peak RAM Train=43.879 MB  Peak RAM Test=29.915 MB
2026-05-19 11:55:20 | INFO | [ncluster=232/232] AUC-ROC=100.00%  AUC-PR=100.00%  F1=1.0000  MCC=1.0000  Train=0.378s  Test=0.114s  Peak RAM Train=43.88 MB  Peak RAM Test=29.915 MB
2026-05-19 11:55:20 | INFO | [ncluster=235/235] AUC-ROC=100.00%  AUC-PR=100.00%  F1=1.0000  MCC=1.0000  Train=0.359s  Test=0.134s  Peak RAM Train=43.882 MB  Peak RAM Test=29.915 MB
2026-05-19 11:55:20 | INFO | [ncluster=238/238] AUC-ROC=100.00%  AUC-PR=100.00%  F1=1.0000  MCC=1.0000  Train=0.372s  Test=0.114s  Peak RAM Train=43.882 MB  Peak RAM Test=29.915 MB
2026-05-19 11:55:20 | INFO | [ncluster=241/241] AUC-ROC=100.00%  AUC-PR=100.00%  F1=1.0000  MCC=1.0000  Train=0.361s  Test=0.114s  Peak RAM Train=43.882 MB  Peak RAM Test=29.915 MB
2026-05-19 11:55:20 | INFO | [ncluster=244/244] AUC-ROC=100.00%  AUC-PR=100.00%  F1=1.0000  MCC=1.0000  Train=0.433s  Test=0.143s  Peak RAM Train=43.883 MB  Peak RAM Test=29.915 MB
2026-05-19 11:55:20 | INFO | [ncluster=247/247] AUC-ROC=100.00%  AUC-PR=100.00%  F1=1.0000  MCC=1.0000  Train=0.209s  Test=0.058s  Peak RAM Train=43.883 MB  Peak RAM Test=29.915 MB
2026-05-19 11:55:20 | INFO | [ncluster=250/250] AUC-ROC=100.00%  AUC-PR=100.00%  F1=1.0000  MCC=1.0000  Train=0.387s  Test=0.124s  Peak RAM Train=43.884 MB  Peak RAM Test=29.915 MB
2026-05-19 11:55:20 | INFO | [ncluster=253/253] AUC-ROC=100.00%  AUC-PR=100.00%  F1=1.0000  MCC=1.0000  Train=0.398s  Test=0.127s  Peak RAM Train=43.885 MB  Peak RAM Test=29.915 MB
2026-05-19 11:55:20 | INFO | [ncluster=256/256] AUC-ROC=100.00%  AUC-PR=100.00%  F1=1.0000  MCC=1.0000  Train=0.349s  Test=0.114s  Peak RAM Train=43.885 MB  Peak RAM Test=29.915 MB
2026-05-19 11:55:20 | INFO | [ncluster=259/259] AUC-ROC=100.00%  AUC-PR=100.00%  F1=1.0000  MCC=1.0000  Train=0.362s  Test=0.113s  Peak RAM Train=43.886 MB  Peak RAM Test=29.915 MB
2026-05-19 11:55:20 | INFO | [ncluster=262/262] AUC-ROC=100.00%  AUC-PR=100.00%  F1=1.0000  MCC=1.0000  Train=0.370s  Test=0.114s  Peak RAM Train=43.887 MB  Peak RAM Test=29.915 MB
2026-05-19 11:55:20 | INFO | [ncluster=265/265] AUC-ROC=100.00%  AUC-PR=100.00%  F1=1.0000  MCC=1.0000  Train=0.499s  Test=0.150s  Peak RAM Train=43.887 MB  Peak RAM Test=29.915 MB
2026-05-19 11:55:20 | INFO | [ncluster=268/268] AUC-ROC=100.00%  AUC-PR=100.00%  F1=1.0000  MCC=1.0000  Train=0.341s  Test=0.110s  Peak RAM Train=43.888 MB  Peak RAM Test=29.915 MB
2026-05-19 11:55:20 | INFO | [ncluster=271/271] AUC-ROC=100.00%  AUC-PR=100.00%  F1=1.0000  MCC=1.0000  Train=0.418s  Test=0.149s  Peak RAM Train=43.89 MB  Peak RAM Test=29.915 MB
2026-05-19 11:55:20 | INFO | [ncluster=274/274] AUC-ROC=100.00%  AUC-PR=100.00%  F1=1.0000  MCC=1.0000  Train=0.383s  Test=0.114s  Peak RAM Train=43.889 MB  Peak RAM Test=29.915 MB
2026-05-19 11:55:20 | INFO | [ncluster=277/277] AUC-ROC=100.00%  AUC-PR=100.00%  F1=1.0000  MCC=1.0000  Train=0.175s  Test=0.074s  Peak RAM Train=43.89 MB  Peak RAM Test=29.915 MB
2026-05-19 11:55:20 | INFO | [ncluster=280/280] AUC-ROC=100.00%  AUC-PR=100.00%  F1=1.0000  MCC=1.0000  Train=0.370s  Test=0.144s  Peak RAM Train=43.89 MB  Peak RAM Test=29.915 MB
2026-05-19 11:55:20 | INFO | [ncluster=283/283] AUC-ROC=100.00%  AUC-PR=100.00%  F1=1.0000  MCC=1.0000  Train=0.136s  Test=0.049s  Peak RAM Train=43.891 MB  Peak RAM Test=29.915 MB
2026-05-19 11:55:20 | INFO | [ncluster=286/286] AUC-ROC=100.00%  AUC-PR=100.00%  F1=1.0000  MCC=1.0000  Train=0.348s  Test=0.071s  Peak RAM Train=43.892 MB  Peak RAM Test=29.915 MB
2026-05-19 11:55:20 | INFO | [ncluster=289/289] AUC-ROC=100.00%  AUC-PR=100.00%  F1=1.0000  MCC=1.0000  Train=0.207s  Test=0.107s  Peak RAM Train=43.892 MB  Peak RAM Test=29.915 MB
2026-05-19 11:55:20 | INFO | [ncluster=292/292] AUC-ROC=100.00%  AUC-PR=100.00%  F1=1.0000  MCC=1.0000  Train=0.134s  Test=0.051s  Peak RAM Train=43.893 MB  Peak RAM Test=29.915 MB
2026-05-19 11:55:20 | INFO | [ncluster=295/295] AUC-ROC=100.00%  AUC-PR=100.00%  F1=1.0000  MCC=1.0000  Train=0.126s  Test=0.053s  Peak RAM Train=43.894 MB  Peak RAM Test=29.915 MB
2026-05-19 11:55:20 | INFO | [ncluster=298/298] AUC-ROC=100.00%  AUC-PR=100.00%  F1=1.0000  MCC=1.0000  Train=0.134s  Test=0.053s  Peak RAM Train=43.894 MB  Peak RAM Test=29.915 MB
2026-05-19 11:55:20 | INFO | --- noise=1% ---
2026-05-19 11:55:20 | INFO | ============================================================
2026-05-19 11:55:20 | INFO | Dataset  : Train_MinMaxScaler_data_EdgeIIoTset.csv
2026-05-19 11:55:20 | INFO | Scaler   : MinMaxScaler
2026-05-19 11:55:20 | INFO | Noise    : 1%
2026-05-19 11:55:20 | INFO | nClusters: 100 values (1..298)
2026-05-19 11:55:20 | INFO | K-Means  : Standard KMeans
2026-05-19 11:55:20 | INFO | ============================================================
2026-05-19 11:55:20 | INFO | Loaded Raw Shape -> Train: (30000, 53), Test: (30000, 53)
2026-05-19 11:55:20 | INFO | Training size : 30,300  |  Testing size: 29,700  |  Features: 52
2026-05-19 11:55:20 | INFO | Firing up Parallel execution for 100 cluster configs...
2026-05-19 11:59:47 | INFO | [ncluster=1/1] AUC-ROC=98.29%  AUC-PR=98.65%  F1=0.9613  MCC=0.9231  Train=0.590s  Test=0.035s  Peak RAM Train=44.268 MB  Peak RAM Test=14.821 MB
2026-05-19 11:59:47 | INFO | [ncluster=4/4] AUC-ROC=98.01%  AUC-PR=98.23%  F1=0.9594  MCC=0.9191  Train=0.524s  Test=0.034s  Peak RAM Train=44.27 MB  Peak RAM Test=15.064 MB
2026-05-19 11:59:47 | INFO | [ncluster=7/7] AUC-ROC=98.30%  AUC-PR=98.59%  F1=0.9575  MCC=0.9158  Train=0.550s  Test=0.036s  Peak RAM Train=44.271 MB  Peak RAM Test=15.306 MB
2026-05-19 11:59:47 | INFO | [ncluster=10/10] AUC-ROC=96.17%  AUC-PR=96.14%  F1=0.9322  MCC=0.8615  Train=0.634s  Test=0.042s  Peak RAM Train=44.272 MB  Peak RAM Test=15.063 MB
2026-05-19 11:59:47 | INFO | [ncluster=13/13] AUC-ROC=95.94%  AUC-PR=95.87%  F1=0.9323  MCC=0.8613  Train=0.268s  Test=0.036s  Peak RAM Train=44.272 MB  Peak RAM Test=15.063 MB
2026-05-19 11:59:47 | INFO | [ncluster=16/16] AUC-ROC=95.68%  AUC-PR=95.84%  F1=0.9217  MCC=0.8412  Train=0.553s  Test=0.040s  Peak RAM Train=44.272 MB  Peak RAM Test=15.306 MB
2026-05-19 11:59:47 | INFO | [ncluster=19/19] AUC-ROC=97.05%  AUC-PR=97.48%  F1=0.9365  MCC=0.8707  Train=0.584s  Test=0.040s  Peak RAM Train=44.273 MB  Peak RAM Test=15.306 MB
2026-05-19 11:59:47 | INFO | [ncluster=22/22] AUC-ROC=96.24%  AUC-PR=96.49%  F1=0.9193  MCC=0.8381  Train=0.500s  Test=0.051s  Peak RAM Train=44.275 MB  Peak RAM Test=15.548 MB
2026-05-19 11:59:47 | INFO | [ncluster=25/25] AUC-ROC=94.66%  AUC-PR=95.28%  F1=0.9075  MCC=0.8231  Train=0.537s  Test=0.042s  Peak RAM Train=44.275 MB  Peak RAM Test=15.306 MB
2026-05-19 11:59:47 | INFO | [ncluster=28/28] AUC-ROC=92.39%  AUC-PR=92.09%  F1=0.8917  MCC=0.7811  Train=0.539s  Test=0.043s  Peak RAM Train=44.275 MB  Peak RAM Test=15.306 MB
2026-05-19 11:59:47 | INFO | [ncluster=31/31] AUC-ROC=94.74%  AUC-PR=95.54%  F1=0.9137  MCC=0.8301  Train=0.471s  Test=0.041s  Peak RAM Train=44.276 MB  Peak RAM Test=15.306 MB
2026-05-19 11:59:47 | INFO | [ncluster=34/34] AUC-ROC=93.97%  AUC-PR=94.53%  F1=0.9015  MCC=0.8042  Train=0.455s  Test=0.038s  Peak RAM Train=44.276 MB  Peak RAM Test=15.306 MB
2026-05-19 11:59:47 | INFO | [ncluster=37/37] AUC-ROC=94.51%  AUC-PR=94.86%  F1=0.9134  MCC=0.8295  Train=0.480s  Test=0.042s  Peak RAM Train=44.277 MB  Peak RAM Test=15.306 MB
2026-05-19 11:59:47 | INFO | [ncluster=40/40] AUC-ROC=94.11%  AUC-PR=94.50%  F1=0.9062  MCC=0.8151  Train=0.523s  Test=0.047s  Peak RAM Train=44.277 MB  Peak RAM Test=15.306 MB
2026-05-19 11:59:47 | INFO | [ncluster=43/43] AUC-ROC=94.99%  AUC-PR=95.73%  F1=0.9281  MCC=0.8565  Train=0.524s  Test=0.048s  Peak RAM Train=44.279 MB  Peak RAM Test=15.306 MB
2026-05-19 11:59:47 | INFO | [ncluster=46/46] AUC-ROC=93.19%  AUC-PR=93.13%  F1=0.8946  MCC=0.7890  Train=0.480s  Test=0.048s  Peak RAM Train=44.28 MB  Peak RAM Test=15.306 MB
2026-05-19 11:59:47 | INFO | [ncluster=49/49] AUC-ROC=94.67%  AUC-PR=95.45%  F1=0.9168  MCC=0.8331  Train=0.521s  Test=0.042s  Peak RAM Train=44.28 MB  Peak RAM Test=15.306 MB
2026-05-19 11:59:47 | INFO | [ncluster=52/52] AUC-ROC=93.51%  AUC-PR=93.01%  F1=0.9016  MCC=0.8067  Train=0.396s  Test=0.048s  Peak RAM Train=44.281 MB  Peak RAM Test=15.306 MB
2026-05-19 11:59:47 | INFO | [ncluster=55/55] AUC-ROC=94.55%  AUC-PR=94.45%  F1=0.9077  MCC=0.8176  Train=0.442s  Test=0.044s  Peak RAM Train=44.281 MB  Peak RAM Test=15.306 MB
2026-05-19 11:59:47 | INFO | [ncluster=58/58] AUC-ROC=95.18%  AUC-PR=95.44%  F1=0.9248  MCC=0.8506  Train=0.521s  Test=0.052s  Peak RAM Train=44.282 MB  Peak RAM Test=15.306 MB
2026-05-19 11:59:47 | INFO | [ncluster=61/61] AUC-ROC=95.41%  AUC-PR=95.65%  F1=0.9292  MCC=0.8590  Train=0.539s  Test=0.051s  Peak RAM Train=44.282 MB  Peak RAM Test=15.306 MB
2026-05-19 11:59:47 | INFO | [ncluster=64/64] AUC-ROC=94.76%  AUC-PR=94.86%  F1=0.9125  MCC=0.8271  Train=0.503s  Test=0.046s  Peak RAM Train=44.283 MB  Peak RAM Test=15.306 MB
2026-05-19 11:59:47 | INFO | [ncluster=67/67] AUC-ROC=94.51%  AUC-PR=94.63%  F1=0.9152  MCC=0.8300  Train=0.490s  Test=0.054s  Peak RAM Train=44.284 MB  Peak RAM Test=15.306 MB
2026-05-19 11:59:47 | INFO | [ncluster=70/70] AUC-ROC=93.47%  AUC-PR=93.80%  F1=0.8958  MCC=0.7914  Train=0.521s  Test=0.053s  Peak RAM Train=44.285 MB  Peak RAM Test=15.306 MB
2026-05-19 11:59:47 | INFO | [ncluster=73/73] AUC-ROC=94.85%  AUC-PR=95.23%  F1=0.9208  MCC=0.8429  Train=0.474s  Test=0.050s  Peak RAM Train=44.284 MB  Peak RAM Test=15.306 MB
2026-05-19 11:59:47 | INFO | [ncluster=76/76] AUC-ROC=94.62%  AUC-PR=94.92%  F1=0.9194  MCC=0.8396  Train=0.545s  Test=0.062s  Peak RAM Train=44.284 MB  Peak RAM Test=15.306 MB
2026-05-19 11:59:47 | INFO | [ncluster=79/79] AUC-ROC=96.24%  AUC-PR=96.63%  F1=0.9414  MCC=0.8836  Train=0.424s  Test=0.048s  Peak RAM Train=44.286 MB  Peak RAM Test=15.306 MB
2026-05-19 11:59:47 | INFO | [ncluster=82/82] AUC-ROC=94.58%  AUC-PR=95.00%  F1=0.9117  MCC=0.8265  Train=0.476s  Test=0.049s  Peak RAM Train=44.287 MB  Peak RAM Test=15.306 MB
2026-05-19 11:59:47 | INFO | [ncluster=85/85] AUC-ROC=95.11%  AUC-PR=95.11%  F1=0.9201  MCC=0.8432  Train=0.409s  Test=0.046s  Peak RAM Train=44.289 MB  Peak RAM Test=15.548 MB
2026-05-19 11:59:47 | INFO | [ncluster=88/88] AUC-ROC=94.40%  AUC-PR=94.36%  F1=0.9172  MCC=0.8350  Train=0.623s  Test=0.077s  Peak RAM Train=44.288 MB  Peak RAM Test=15.306 MB
2026-05-19 11:59:47 | INFO | [ncluster=91/91] AUC-ROC=92.64%  AUC-PR=93.35%  F1=0.8979  MCC=0.7929  Train=0.559s  Test=0.062s  Peak RAM Train=44.289 MB  Peak RAM Test=15.306 MB
2026-05-19 11:59:47 | INFO | [ncluster=94/94] AUC-ROC=94.32%  AUC-PR=94.33%  F1=0.9105  MCC=0.8231  Train=0.524s  Test=0.071s  Peak RAM Train=44.289 MB  Peak RAM Test=15.306 MB
2026-05-19 11:59:47 | INFO | [ncluster=97/97] AUC-ROC=92.32%  AUC-PR=92.83%  F1=0.8917  MCC=0.7801  Train=0.511s  Test=0.054s  Peak RAM Train=44.29 MB  Peak RAM Test=15.306 MB
2026-05-19 11:59:47 | INFO | [ncluster=100/100] AUC-ROC=95.83%  AUC-PR=96.50%  F1=0.9297  MCC=0.8615  Train=0.553s  Test=0.056s  Peak RAM Train=44.293 MB  Peak RAM Test=15.306 MB
2026-05-19 11:59:47 | INFO | [ncluster=103/103] AUC-ROC=95.15%  AUC-PR=95.21%  F1=0.9166  MCC=0.8333  Train=0.552s  Test=0.056s  Peak RAM Train=44.292 MB  Peak RAM Test=15.306 MB
2026-05-19 11:59:47 | INFO | [ncluster=106/106] AUC-ROC=95.46%  AUC-PR=96.19%  F1=0.9308  MCC=0.8632  Train=0.478s  Test=0.062s  Peak RAM Train=44.292 MB  Peak RAM Test=15.306 MB
2026-05-19 11:59:47 | INFO | [ncluster=109/109] AUC-ROC=94.31%  AUC-PR=95.13%  F1=0.9144  MCC=0.8281  Train=0.357s  Test=0.036s  Peak RAM Train=44.294 MB  Peak RAM Test=15.306 MB
2026-05-19 11:59:47 | INFO | [ncluster=112/112] AUC-ROC=95.88%  AUC-PR=96.57%  F1=0.9352  MCC=0.8714  Train=0.473s  Test=0.072s  Peak RAM Train=44.294 MB  Peak RAM Test=15.306 MB
2026-05-19 11:59:47 | INFO | [ncluster=115/115] AUC-ROC=94.74%  AUC-PR=94.67%  F1=0.9183  MCC=0.8385  Train=0.495s  Test=0.059s  Peak RAM Train=44.293 MB  Peak RAM Test=15.306 MB
2026-05-19 11:59:47 | INFO | [ncluster=118/118] AUC-ROC=95.66%  AUC-PR=96.13%  F1=0.9310  MCC=0.8650  Train=0.480s  Test=0.070s  Peak RAM Train=44.295 MB  Peak RAM Test=15.306 MB
2026-05-19 11:59:47 | INFO | [ncluster=121/121] AUC-ROC=95.67%  AUC-PR=95.84%  F1=0.9205  MCC=0.8397  Train=0.457s  Test=0.065s  Peak RAM Train=44.296 MB  Peak RAM Test=15.306 MB
2026-05-19 11:59:47 | INFO | [ncluster=124/124] AUC-ROC=95.48%  AUC-PR=95.97%  F1=0.9264  MCC=0.8539  Train=0.520s  Test=0.060s  Peak RAM Train=44.297 MB  Peak RAM Test=15.548 MB
2026-05-19 11:59:47 | INFO | [ncluster=127/127] AUC-ROC=95.69%  AUC-PR=96.18%  F1=0.9220  MCC=0.8432  Train=0.547s  Test=0.069s  Peak RAM Train=44.296 MB  Peak RAM Test=15.306 MB
2026-05-19 11:59:47 | INFO | [ncluster=130/130] AUC-ROC=92.99%  AUC-PR=93.54%  F1=0.8899  MCC=0.7771  Train=0.560s  Test=0.082s  Peak RAM Train=44.296 MB  Peak RAM Test=15.306 MB
2026-05-19 11:59:47 | INFO | [ncluster=133/133] AUC-ROC=96.67%  AUC-PR=97.45%  F1=0.9397  MCC=0.8814  Train=0.444s  Test=0.057s  Peak RAM Train=44.298 MB  Peak RAM Test=15.548 MB
2026-05-19 11:59:47 | INFO | [ncluster=136/136] AUC-ROC=96.67%  AUC-PR=97.45%  F1=0.9382  MCC=0.8785  Train=0.556s  Test=0.068s  Peak RAM Train=44.299 MB  Peak RAM Test=15.548 MB
2026-05-19 11:59:47 | INFO | [ncluster=139/139] AUC-ROC=95.01%  AUC-PR=95.35%  F1=0.9201  MCC=0.8441  Train=0.522s  Test=0.066s  Peak RAM Train=44.297 MB  Peak RAM Test=15.548 MB
2026-05-19 11:59:47 | INFO | [ncluster=142/142] AUC-ROC=92.30%  AUC-PR=93.04%  F1=0.8835  MCC=0.7612  Train=0.492s  Test=0.086s  Peak RAM Train=44.299 MB  Peak RAM Test=15.548 MB
2026-05-19 11:59:47 | INFO | [ncluster=145/145] AUC-ROC=95.24%  AUC-PR=96.55%  F1=0.9345  MCC=0.8707  Train=0.455s  Test=0.071s  Peak RAM Train=44.3 MB  Peak RAM Test=15.548 MB
2026-05-19 11:59:47 | INFO | [ncluster=148/148] AUC-ROC=94.38%  AUC-PR=95.20%  F1=0.9167  MCC=0.8314  Train=0.523s  Test=0.072s  Peak RAM Train=44.302 MB  Peak RAM Test=15.548 MB
2026-05-19 11:59:47 | INFO | [ncluster=151/151] AUC-ROC=93.60%  AUC-PR=94.79%  F1=0.8960  MCC=0.7906  Train=0.512s  Test=0.080s  Peak RAM Train=44.302 MB  Peak RAM Test=15.791 MB
2026-05-19 11:59:47 | INFO | [ncluster=154/154] AUC-ROC=94.05%  AUC-PR=95.36%  F1=0.8943  MCC=0.7920  Train=0.537s  Test=0.086s  Peak RAM Train=44.302 MB  Peak RAM Test=15.548 MB
2026-05-19 11:59:47 | INFO | [ncluster=157/157] AUC-ROC=95.63%  AUC-PR=96.45%  F1=0.9241  MCC=0.8472  Train=0.593s  Test=0.067s  Peak RAM Train=44.302 MB  Peak RAM Test=15.548 MB
2026-05-19 11:59:47 | INFO | [ncluster=160/160] AUC-ROC=94.31%  AUC-PR=95.23%  F1=0.9110  MCC=0.8207  Train=0.559s  Test=0.072s  Peak RAM Train=44.304 MB  Peak RAM Test=15.548 MB
2026-05-19 11:59:47 | INFO | [ncluster=163/163] AUC-ROC=94.88%  AUC-PR=96.19%  F1=0.9254  MCC=0.8535  Train=0.517s  Test=0.089s  Peak RAM Train=44.306 MB  Peak RAM Test=15.548 MB
2026-05-19 11:59:47 | INFO | [ncluster=166/166] AUC-ROC=94.37%  AUC-PR=95.26%  F1=0.9149  MCC=0.8307  Train=0.519s  Test=0.082s  Peak RAM Train=44.304 MB  Peak RAM Test=15.791 MB
2026-05-19 11:59:47 | INFO | [ncluster=169/169] AUC-ROC=92.89%  AUC-PR=93.91%  F1=0.9005  MCC=0.7995  Train=0.436s  Test=0.095s  Peak RAM Train=44.305 MB  Peak RAM Test=15.791 MB
2026-05-19 11:59:47 | INFO | [ncluster=172/172] AUC-ROC=93.48%  AUC-PR=94.53%  F1=0.9056  MCC=0.8083  Train=0.250s  Test=0.042s  Peak RAM Train=44.306 MB  Peak RAM Test=15.791 MB
2026-05-19 11:59:47 | INFO | [ncluster=175/175] AUC-ROC=96.27%  AUC-PR=97.23%  F1=0.9412  MCC=0.8846  Train=0.401s  Test=0.072s  Peak RAM Train=44.306 MB  Peak RAM Test=15.548 MB
2026-05-19 11:59:47 | INFO | [ncluster=178/178] AUC-ROC=93.25%  AUC-PR=94.31%  F1=0.8981  MCC=0.7929  Train=0.501s  Test=0.085s  Peak RAM Train=44.306 MB  Peak RAM Test=15.306 MB
2026-05-19 11:59:47 | INFO | [ncluster=181/181] AUC-ROC=93.62%  AUC-PR=94.62%  F1=0.8987  MCC=0.7980  Train=0.463s  Test=0.088s  Peak RAM Train=44.307 MB  Peak RAM Test=16.276 MB
2026-05-19 11:59:47 | INFO | [ncluster=184/184] AUC-ROC=93.17%  AUC-PR=94.10%  F1=0.9001  MCC=0.7968  Train=0.524s  Test=0.091s  Peak RAM Train=44.308 MB  Peak RAM Test=16.033 MB
2026-05-19 11:59:47 | INFO | [ncluster=187/187] AUC-ROC=93.28%  AUC-PR=94.52%  F1=0.8906  MCC=0.7786  Train=0.415s  Test=0.078s  Peak RAM Train=44.309 MB  Peak RAM Test=15.791 MB
2026-05-19 11:59:47 | INFO | [ncluster=190/190] AUC-ROC=94.11%  AUC-PR=95.21%  F1=0.9241  MCC=0.8490  Train=0.437s  Test=0.084s  Peak RAM Train=44.31 MB  Peak RAM Test=16.033 MB
2026-05-19 11:59:47 | INFO | [ncluster=193/193] AUC-ROC=93.92%  AUC-PR=94.82%  F1=0.9116  MCC=0.8205  Train=0.408s  Test=0.073s  Peak RAM Train=44.31 MB  Peak RAM Test=16.033 MB
2026-05-19 11:59:47 | INFO | [ncluster=196/196] AUC-ROC=92.60%  AUC-PR=93.68%  F1=0.8930  MCC=0.7841  Train=0.477s  Test=0.082s  Peak RAM Train=44.311 MB  Peak RAM Test=16.033 MB
2026-05-19 11:59:47 | INFO | [ncluster=199/199] AUC-ROC=94.13%  AUC-PR=95.43%  F1=0.9296  MCC=0.8601  Train=0.609s  Test=0.097s  Peak RAM Train=44.31 MB  Peak RAM Test=15.791 MB
2026-05-19 11:59:47 | INFO | [ncluster=202/202] AUC-ROC=93.96%  AUC-PR=95.14%  F1=0.9118  MCC=0.8243  Train=0.455s  Test=0.077s  Peak RAM Train=44.312 MB  Peak RAM Test=16.033 MB
2026-05-19 11:59:47 | INFO | [ncluster=205/205] AUC-ROC=94.84%  AUC-PR=96.07%  F1=0.9376  MCC=0.8762  Train=0.483s  Test=0.085s  Peak RAM Train=44.314 MB  Peak RAM Test=15.791 MB
2026-05-19 11:59:47 | INFO | [ncluster=208/208] AUC-ROC=93.88%  AUC-PR=94.64%  F1=0.9183  MCC=0.8351  Train=0.475s  Test=0.103s  Peak RAM Train=44.313 MB  Peak RAM Test=16.033 MB
2026-05-19 11:59:47 | INFO | [ncluster=211/211] AUC-ROC=91.23%  AUC-PR=91.86%  F1=0.8742  MCC=0.7399  Train=0.557s  Test=0.102s  Peak RAM Train=44.313 MB  Peak RAM Test=16.518 MB
2026-05-19 11:59:47 | INFO | [ncluster=214/214] AUC-ROC=94.26%  AUC-PR=95.54%  F1=0.9127  MCC=0.8249  Train=0.465s  Test=0.114s  Peak RAM Train=44.315 MB  Peak RAM Test=15.791 MB
2026-05-19 11:59:47 | INFO | [ncluster=217/217] AUC-ROC=93.32%  AUC-PR=94.66%  F1=0.9009  MCC=0.7994  Train=0.612s  Test=0.094s  Peak RAM Train=44.315 MB  Peak RAM Test=16.276 MB
2026-05-19 11:59:47 | INFO | [ncluster=220/220] AUC-ROC=94.44%  AUC-PR=95.37%  F1=0.9243  MCC=0.8489  Train=0.644s  Test=0.084s  Peak RAM Train=44.316 MB  Peak RAM Test=15.791 MB
2026-05-19 11:59:47 | INFO | [ncluster=223/223] AUC-ROC=94.10%  AUC-PR=95.00%  F1=0.9098  MCC=0.8186  Train=0.556s  Test=0.127s  Peak RAM Train=44.317 MB  Peak RAM Test=16.033 MB
2026-05-19 11:59:47 | INFO | [ncluster=226/226] AUC-ROC=93.89%  AUC-PR=95.08%  F1=0.9228  MCC=0.8454  Train=0.553s  Test=0.091s  Peak RAM Train=44.317 MB  Peak RAM Test=16.033 MB
2026-05-19 11:59:47 | INFO | [ncluster=229/229] AUC-ROC=94.11%  AUC-PR=95.14%  F1=0.9128  MCC=0.8242  Train=0.598s  Test=0.112s  Peak RAM Train=44.318 MB  Peak RAM Test=16.276 MB
2026-05-19 11:59:47 | INFO | [ncluster=232/232] AUC-ROC=94.21%  AUC-PR=95.19%  F1=0.9224  MCC=0.8433  Train=0.569s  Test=0.092s  Peak RAM Train=44.318 MB  Peak RAM Test=15.791 MB
2026-05-19 11:59:47 | INFO | [ncluster=235/235] AUC-ROC=92.52%  AUC-PR=93.12%  F1=0.8943  MCC=0.7835  Train=0.601s  Test=0.124s  Peak RAM Train=44.318 MB  Peak RAM Test=16.518 MB
2026-05-19 11:59:47 | INFO | [ncluster=238/238] AUC-ROC=93.96%  AUC-PR=94.83%  F1=0.9154  MCC=0.8288  Train=0.563s  Test=0.096s  Peak RAM Train=44.32 MB  Peak RAM Test=16.033 MB
2026-05-19 11:59:47 | INFO | [ncluster=241/241] AUC-ROC=92.60%  AUC-PR=93.58%  F1=0.8929  MCC=0.7802  Train=0.456s  Test=0.091s  Peak RAM Train=44.321 MB  Peak RAM Test=16.276 MB
2026-05-19 11:59:47 | INFO | [ncluster=244/244] AUC-ROC=90.54%  AUC-PR=91.35%  F1=0.8713  MCC=0.7346  Train=0.500s  Test=0.101s  Peak RAM Train=44.32 MB  Peak RAM Test=16.033 MB
2026-05-19 11:59:47 | INFO | [ncluster=247/247] AUC-ROC=94.44%  AUC-PR=95.45%  F1=0.9062  MCC=0.8110  Train=0.394s  Test=0.092s  Peak RAM Train=44.322 MB  Peak RAM Test=16.76 MB
2026-05-19 11:59:47 | INFO | [ncluster=250/250] AUC-ROC=92.44%  AUC-PR=93.03%  F1=0.9007  MCC=0.7952  Train=0.490s  Test=0.108s  Peak RAM Train=44.322 MB  Peak RAM Test=16.033 MB
2026-05-19 11:59:47 | INFO | [ncluster=253/253] AUC-ROC=93.24%  AUC-PR=94.34%  F1=0.9039  MCC=0.8050  Train=0.452s  Test=0.100s  Peak RAM Train=44.322 MB  Peak RAM Test=16.275 MB
2026-05-19 11:59:47 | INFO | [ncluster=256/256] AUC-ROC=93.24%  AUC-PR=94.21%  F1=0.8977  MCC=0.7930  Train=0.527s  Test=0.126s  Peak RAM Train=44.323 MB  Peak RAM Test=16.276 MB
2026-05-19 11:59:47 | INFO | [ncluster=259/259] AUC-ROC=91.82%  AUC-PR=91.44%  F1=0.8919  MCC=0.7787  Train=0.508s  Test=0.096s  Peak RAM Train=44.324 MB  Peak RAM Test=16.518 MB
2026-05-19 11:59:47 | INFO | [ncluster=262/262] AUC-ROC=92.51%  AUC-PR=92.46%  F1=0.8941  MCC=0.7824  Train=0.478s  Test=0.066s  Peak RAM Train=44.324 MB  Peak RAM Test=16.518 MB
2026-05-19 11:59:47 | INFO | [ncluster=265/265] AUC-ROC=94.64%  AUC-PR=95.76%  F1=0.9148  MCC=0.8270  Train=0.572s  Test=0.106s  Peak RAM Train=44.326 MB  Peak RAM Test=16.275 MB
2026-05-19 11:59:47 | INFO | [ncluster=268/268] AUC-ROC=92.99%  AUC-PR=93.57%  F1=0.8985  MCC=0.7911  Train=0.537s  Test=0.102s  Peak RAM Train=44.325 MB  Peak RAM Test=16.033 MB
2026-05-19 11:59:47 | INFO | [ncluster=271/271] AUC-ROC=92.92%  AUC-PR=93.75%  F1=0.8962  MCC=0.7862  Train=0.440s  Test=0.072s  Peak RAM Train=44.325 MB  Peak RAM Test=16.276 MB
2026-05-19 11:59:47 | INFO | [ncluster=274/274] AUC-ROC=91.58%  AUC-PR=92.24%  F1=0.8884  MCC=0.7697  Train=0.442s  Test=0.062s  Peak RAM Train=44.327 MB  Peak RAM Test=16.276 MB
2026-05-19 11:59:47 | INFO | [ncluster=277/277] AUC-ROC=93.11%  AUC-PR=94.25%  F1=0.8876  MCC=0.7684  Train=0.563s  Test=0.103s  Peak RAM Train=44.328 MB  Peak RAM Test=16.518 MB
2026-05-19 11:59:47 | INFO | [ncluster=280/280] AUC-ROC=92.94%  AUC-PR=93.52%  F1=0.8943  MCC=0.7837  Train=0.302s  Test=0.046s  Peak RAM Train=44.328 MB  Peak RAM Test=16.518 MB
2026-05-19 11:59:47 | INFO | [ncluster=283/283] AUC-ROC=91.00%  AUC-PR=91.71%  F1=0.8629  MCC=0.7163  Train=0.314s  Test=0.073s  Peak RAM Train=44.329 MB  Peak RAM Test=16.76 MB
2026-05-19 11:59:47 | INFO | [ncluster=286/286] AUC-ROC=92.27%  AUC-PR=92.87%  F1=0.8873  MCC=0.7679  Train=0.225s  Test=0.070s  Peak RAM Train=44.329 MB  Peak RAM Test=16.275 MB
2026-05-19 11:59:47 | INFO | [ncluster=289/289] AUC-ROC=94.12%  AUC-PR=94.72%  F1=0.9114  MCC=0.8197  Train=0.291s  Test=0.083s  Peak RAM Train=44.331 MB  Peak RAM Test=17.003 MB
2026-05-19 11:59:47 | INFO | [ncluster=292/292] AUC-ROC=92.28%  AUC-PR=93.51%  F1=0.8773  MCC=0.7536  Train=0.207s  Test=0.065s  Peak RAM Train=44.331 MB  Peak RAM Test=16.275 MB
2026-05-19 11:59:47 | INFO | [ncluster=295/295] AUC-ROC=92.66%  AUC-PR=93.53%  F1=0.8964  MCC=0.7889  Train=0.168s  Test=0.047s  Peak RAM Train=44.331 MB  Peak RAM Test=16.76 MB
2026-05-19 11:59:47 | INFO | [ncluster=298/298] AUC-ROC=91.77%  AUC-PR=91.26%  F1=0.8972  MCC=0.7892  Train=0.150s  Test=0.045s  Peak RAM Train=44.332 MB  Peak RAM Test=17.003 MB
2026-05-19 11:59:47 | INFO | --- noise=3% ---
2026-05-19 11:59:47 | INFO | ============================================================
2026-05-19 11:59:47 | INFO | Dataset  : Train_MinMaxScaler_data_EdgeIIoTset.csv
2026-05-19 11:59:47 | INFO | Scaler   : MinMaxScaler
2026-05-19 11:59:47 | INFO | Noise    : 3%
2026-05-19 11:59:47 | INFO | nClusters: 100 values (1..298)
2026-05-19 11:59:47 | INFO | K-Means  : Standard KMeans
2026-05-19 11:59:47 | INFO | ============================================================
2026-05-19 11:59:47 | INFO | Loaded Raw Shape -> Train: (30000, 53), Test: (30000, 53)
2026-05-19 11:59:47 | INFO | Training size : 30,900  |  Testing size: 29,100  |  Features: 52
2026-05-19 11:59:47 | INFO | Firing up Parallel execution for 100 cluster configs...
2026-05-19 12:04:26 | INFO | [ncluster=1/1] AUC-ROC=96.10%  AUC-PR=95.60%  F1=0.9430  MCC=0.8817  Train=0.217s  Test=0.014s  Peak RAM Train=45.144 MB  Peak RAM Test=14.619 MB
2026-05-19 12:04:26 | INFO | [ncluster=4/4] AUC-ROC=94.03%  AUC-PR=92.85%  F1=0.9179  MCC=0.8270  Train=0.577s  Test=0.036s  Peak RAM Train=45.144 MB  Peak RAM Test=14.867 MB
2026-05-19 12:04:26 | INFO | [ncluster=7/7] AUC-ROC=94.99%  AUC-PR=94.46%  F1=0.9260  MCC=0.8447  Train=0.633s  Test=0.043s  Peak RAM Train=45.147 MB  Peak RAM Test=15.114 MB
2026-05-19 12:04:26 | INFO | [ncluster=10/10] AUC-ROC=94.87%  AUC-PR=94.30%  F1=0.9292  MCC=0.8515  Train=0.600s  Test=0.037s  Peak RAM Train=45.148 MB  Peak RAM Test=15.361 MB
2026-05-19 12:04:26 | INFO | [ncluster=13/13] AUC-ROC=92.71%  AUC-PR=92.33%  F1=0.9166  MCC=0.8242  Train=0.569s  Test=0.041s  Peak RAM Train=45.148 MB  Peak RAM Test=15.608 MB
2026-05-19 12:04:26 | INFO | [ncluster=16/16] AUC-ROC=90.58%  AUC-PR=90.34%  F1=0.8743  MCC=0.7304  Train=0.527s  Test=0.036s  Peak RAM Train=45.148 MB  Peak RAM Test=15.608 MB
2026-05-19 12:04:26 | INFO | [ncluster=19/19] AUC-ROC=90.33%  AUC-PR=90.57%  F1=0.8472  MCC=0.6930  Train=0.560s  Test=0.037s  Peak RAM Train=45.149 MB  Peak RAM Test=15.608 MB
2026-05-19 12:04:26 | INFO | [ncluster=22/22] AUC-ROC=90.27%  AUC-PR=89.95%  F1=0.8736  MCC=0.7287  Train=0.478s  Test=0.040s  Peak RAM Train=45.149 MB  Peak RAM Test=15.608 MB
2026-05-19 12:04:26 | INFO | [ncluster=25/25] AUC-ROC=87.46%  AUC-PR=85.97%  F1=0.8393  MCC=0.6494  Train=0.488s  Test=0.038s  Peak RAM Train=45.15 MB  Peak RAM Test=15.608 MB
2026-05-19 12:04:26 | INFO | [ncluster=28/28] AUC-ROC=74.56%  AUC-PR=71.85%  F1=0.7459  MCC=0.4424  Train=0.613s  Test=0.057s  Peak RAM Train=45.151 MB  Peak RAM Test=15.361 MB
2026-05-19 12:04:26 | INFO | [ncluster=31/31] AUC-ROC=73.66%  AUC-PR=71.13%  F1=0.7370  MCC=0.4261  Train=0.603s  Test=0.052s  Peak RAM Train=45.151 MB  Peak RAM Test=15.361 MB
2026-05-19 12:04:26 | INFO | [ncluster=34/34] AUC-ROC=73.38%  AUC-PR=70.30%  F1=0.7614  MCC=0.4559  Train=0.551s  Test=0.047s  Peak RAM Train=45.151 MB  Peak RAM Test=15.361 MB
2026-05-19 12:04:26 | INFO | [ncluster=37/37] AUC-ROC=75.33%  AUC-PR=72.20%  F1=0.7638  MCC=0.4769  Train=0.528s  Test=0.039s  Peak RAM Train=45.154 MB  Peak RAM Test=15.361 MB
2026-05-19 12:04:26 | INFO | [ncluster=40/40] AUC-ROC=75.44%  AUC-PR=72.34%  F1=0.7673  MCC=0.4761  Train=0.496s  Test=0.041s  Peak RAM Train=45.153 MB  Peak RAM Test=15.361 MB
2026-05-19 12:04:26 | INFO | [ncluster=43/43] AUC-ROC=75.12%  AUC-PR=70.86%  F1=0.7914  MCC=0.5255  Train=0.679s  Test=0.053s  Peak RAM Train=45.154 MB  Peak RAM Test=15.361 MB
2026-05-19 12:04:26 | INFO | [ncluster=46/46] AUC-ROC=75.40%  AUC-PR=71.41%  F1=0.7789  MCC=0.5083  Train=0.586s  Test=0.043s  Peak RAM Train=45.155 MB  Peak RAM Test=15.361 MB
2026-05-19 12:04:26 | INFO | [ncluster=49/49] AUC-ROC=77.45%  AUC-PR=75.02%  F1=0.7851  MCC=0.5193  Train=0.430s  Test=0.039s  Peak RAM Train=45.155 MB  Peak RAM Test=15.361 MB
2026-05-19 12:04:26 | INFO | [ncluster=52/52] AUC-ROC=75.03%  AUC-PR=71.16%  F1=0.7734  MCC=0.4922  Train=0.324s  Test=0.038s  Peak RAM Train=45.155 MB  Peak RAM Test=15.361 MB
2026-05-19 12:04:26 | INFO | [ncluster=55/55] AUC-ROC=75.27%  AUC-PR=73.53%  F1=0.7636  MCC=0.4646  Train=0.545s  Test=0.048s  Peak RAM Train=45.156 MB  Peak RAM Test=15.361 MB
2026-05-19 12:04:26 | INFO | [ncluster=58/58] AUC-ROC=78.50%  AUC-PR=77.44%  F1=0.7879  MCC=0.5246  Train=0.566s  Test=0.051s  Peak RAM Train=45.157 MB  Peak RAM Test=15.361 MB
2026-05-19 12:04:26 | INFO | [ncluster=61/61] AUC-ROC=74.43%  AUC-PR=72.19%  F1=0.7608  MCC=0.4596  Train=0.384s  Test=0.051s  Peak RAM Train=45.158 MB  Peak RAM Test=15.361 MB
2026-05-19 12:04:26 | INFO | [ncluster=64/64] AUC-ROC=80.55%  AUC-PR=79.30%  F1=0.8020  MCC=0.5640  Train=0.549s  Test=0.047s  Peak RAM Train=45.159 MB  Peak RAM Test=15.361 MB
2026-05-19 12:04:26 | INFO | [ncluster=67/67] AUC-ROC=76.51%  AUC-PR=75.16%  F1=0.7771  MCC=0.4966  Train=0.511s  Test=0.047s  Peak RAM Train=45.159 MB  Peak RAM Test=15.608 MB
2026-05-19 12:04:26 | INFO | [ncluster=70/70] AUC-ROC=79.94%  AUC-PR=80.25%  F1=0.7840  MCC=0.5187  Train=0.361s  Test=0.060s  Peak RAM Train=45.159 MB  Peak RAM Test=15.608 MB
2026-05-19 12:04:26 | INFO | [ncluster=73/73] AUC-ROC=78.94%  AUC-PR=78.26%  F1=0.7866  MCC=0.5275  Train=0.507s  Test=0.053s  Peak RAM Train=45.16 MB  Peak RAM Test=15.608 MB
2026-05-19 12:04:26 | INFO | [ncluster=76/76] AUC-ROC=77.21%  AUC-PR=76.43%  F1=0.7789  MCC=0.5016  Train=0.462s  Test=0.059s  Peak RAM Train=45.161 MB  Peak RAM Test=15.608 MB
2026-05-19 12:04:26 | INFO | [ncluster=79/79] AUC-ROC=81.71%  AUC-PR=81.95%  F1=0.8055  MCC=0.5719  Train=0.560s  Test=0.049s  Peak RAM Train=45.162 MB  Peak RAM Test=15.608 MB
2026-05-19 12:04:26 | INFO | [ncluster=82/82] AUC-ROC=79.55%  AUC-PR=78.83%  F1=0.7933  MCC=0.5421  Train=0.442s  Test=0.048s  Peak RAM Train=45.162 MB  Peak RAM Test=15.856 MB
2026-05-19 12:04:26 | INFO | [ncluster=85/85] AUC-ROC=75.93%  AUC-PR=74.41%  F1=0.7716  MCC=0.4827  Train=0.407s  Test=0.050s  Peak RAM Train=45.162 MB  Peak RAM Test=15.608 MB
2026-05-19 12:04:26 | INFO | [ncluster=88/88] AUC-ROC=90.70%  AUC-PR=91.09%  F1=0.8798  MCC=0.7491  Train=0.486s  Test=0.060s  Peak RAM Train=45.163 MB  Peak RAM Test=16.103 MB
2026-05-19 12:04:26 | INFO | [ncluster=91/91] AUC-ROC=77.19%  AUC-PR=76.33%  F1=0.7728  MCC=0.4896  Train=0.434s  Test=0.052s  Peak RAM Train=45.164 MB  Peak RAM Test=15.608 MB
2026-05-19 12:04:26 | INFO | [ncluster=94/94] AUC-ROC=91.96%  AUC-PR=93.19%  F1=0.8880  MCC=0.7686  Train=0.442s  Test=0.053s  Peak RAM Train=45.165 MB  Peak RAM Test=15.608 MB
2026-05-19 12:04:26 | INFO | [ncluster=97/97] AUC-ROC=80.35%  AUC-PR=79.60%  F1=0.7964  MCC=0.5486  Train=0.465s  Test=0.067s  Peak RAM Train=45.164 MB  Peak RAM Test=15.608 MB
2026-05-19 12:04:26 | INFO | [ncluster=100/100] AUC-ROC=88.39%  AUC-PR=88.00%  F1=0.8573  MCC=0.6989  Train=0.575s  Test=0.054s  Peak RAM Train=45.168 MB  Peak RAM Test=15.856 MB
2026-05-19 12:04:26 | INFO | [ncluster=103/103] AUC-ROC=78.57%  AUC-PR=77.91%  F1=0.7836  MCC=0.5157  Train=0.599s  Test=0.071s  Peak RAM Train=45.168 MB  Peak RAM Test=15.855 MB
2026-05-19 12:04:26 | INFO | [ncluster=106/106] AUC-ROC=73.61%  AUC-PR=72.39%  F1=0.7575  MCC=0.4474  Train=0.422s  Test=0.058s  Peak RAM Train=45.167 MB  Peak RAM Test=15.608 MB
2026-05-19 12:04:26 | INFO | [ncluster=109/109] AUC-ROC=76.78%  AUC-PR=74.94%  F1=0.7711  MCC=0.4888  Train=0.520s  Test=0.056s  Peak RAM Train=45.169 MB  Peak RAM Test=15.608 MB
2026-05-19 12:04:26 | INFO | [ncluster=112/112] AUC-ROC=91.66%  AUC-PR=91.80%  F1=0.8875  MCC=0.7667  Train=0.608s  Test=0.065s  Peak RAM Train=45.169 MB  Peak RAM Test=16.103 MB
2026-05-19 12:04:26 | INFO | [ncluster=115/115] AUC-ROC=78.07%  AUC-PR=77.55%  F1=0.7706  MCC=0.4957  Train=0.467s  Test=0.062s  Peak RAM Train=45.169 MB  Peak RAM Test=15.608 MB
2026-05-19 12:04:26 | INFO | [ncluster=118/118] AUC-ROC=76.57%  AUC-PR=74.23%  F1=0.7775  MCC=0.5016  Train=0.631s  Test=0.079s  Peak RAM Train=45.17 MB  Peak RAM Test=15.856 MB
2026-05-19 12:04:26 | INFO | [ncluster=121/121] AUC-ROC=92.39%  AUC-PR=93.65%  F1=0.9030  MCC=0.8017  Train=0.606s  Test=0.078s  Peak RAM Train=45.171 MB  Peak RAM Test=16.35 MB
2026-05-19 12:04:26 | INFO | [ncluster=124/124] AUC-ROC=91.68%  AUC-PR=92.55%  F1=0.8960  MCC=0.7860  Train=0.611s  Test=0.073s  Peak RAM Train=45.171 MB  Peak RAM Test=15.856 MB
2026-05-19 12:04:26 | INFO | [ncluster=127/127] AUC-ROC=91.93%  AUC-PR=91.92%  F1=0.9045  MCC=0.8007  Train=0.516s  Test=0.070s  Peak RAM Train=45.172 MB  Peak RAM Test=16.103 MB
2026-05-19 12:04:26 | INFO | [ncluster=130/130] AUC-ROC=93.06%  AUC-PR=94.22%  F1=0.9078  MCC=0.8080  Train=0.558s  Test=0.074s  Peak RAM Train=45.173 MB  Peak RAM Test=16.35 MB
2026-05-19 12:04:26 | INFO | [ncluster=133/133] AUC-ROC=89.67%  AUC-PR=90.45%  F1=0.8669  MCC=0.7216  Train=0.554s  Test=0.084s  Peak RAM Train=45.174 MB  Peak RAM Test=16.103 MB
2026-05-19 12:04:26 | INFO | [ncluster=136/136] AUC-ROC=92.03%  AUC-PR=92.51%  F1=0.8821  MCC=0.7561  Train=0.577s  Test=0.076s  Peak RAM Train=45.174 MB  Peak RAM Test=16.103 MB
2026-05-19 12:04:26 | INFO | [ncluster=139/139] AUC-ROC=92.53%  AUC-PR=94.23%  F1=0.9073  MCC=0.8107  Train=0.386s  Test=0.066s  Peak RAM Train=45.176 MB  Peak RAM Test=16.103 MB
2026-05-19 12:04:26 | INFO | [ncluster=142/142] AUC-ROC=79.91%  AUC-PR=80.17%  F1=0.7754  MCC=0.5076  Train=0.492s  Test=0.065s  Peak RAM Train=45.175 MB  Peak RAM Test=15.856 MB
2026-05-19 12:04:26 | INFO | [ncluster=145/145] AUC-ROC=92.37%  AUC-PR=93.56%  F1=0.9061  MCC=0.8073  Train=0.639s  Test=0.078s  Peak RAM Train=45.176 MB  Peak RAM Test=16.35 MB
2026-05-19 12:04:26 | INFO | [ncluster=148/148] AUC-ROC=80.85%  AUC-PR=79.96%  F1=0.7941  MCC=0.5500  Train=0.602s  Test=0.079s  Peak RAM Train=45.176 MB  Peak RAM Test=16.103 MB
2026-05-19 12:04:26 | INFO | [ncluster=151/151] AUC-ROC=91.28%  AUC-PR=92.41%  F1=0.8820  MCC=0.7571  Train=0.474s  Test=0.079s  Peak RAM Train=45.178 MB  Peak RAM Test=16.35 MB
2026-05-19 12:04:26 | INFO | [ncluster=154/154] AUC-ROC=77.46%  AUC-PR=75.37%  F1=0.7651  MCC=0.4831  Train=0.612s  Test=0.078s  Peak RAM Train=45.177 MB  Peak RAM Test=15.856 MB
2026-05-19 12:04:26 | INFO | [ncluster=157/157] AUC-ROC=92.23%  AUC-PR=93.43%  F1=0.8936  MCC=0.7803  Train=0.531s  Test=0.071s  Peak RAM Train=45.181 MB  Peak RAM Test=16.103 MB
2026-05-19 12:04:26 | INFO | [ncluster=160/160] AUC-ROC=92.04%  AUC-PR=93.12%  F1=0.8884  MCC=0.7680  Train=0.381s  Test=0.072s  Peak RAM Train=45.18 MB  Peak RAM Test=16.35 MB
2026-05-19 12:04:26 | INFO | [ncluster=163/163] AUC-ROC=89.34%  AUC-PR=89.75%  F1=0.8542  MCC=0.6939  Train=0.538s  Test=0.067s  Peak RAM Train=45.179 MB  Peak RAM Test=16.103 MB
2026-05-19 12:04:26 | INFO | [ncluster=166/166] AUC-ROC=91.50%  AUC-PR=91.76%  F1=0.8814  MCC=0.7506  Train=0.630s  Test=0.089s  Peak RAM Train=45.18 MB  Peak RAM Test=16.35 MB
2026-05-19 12:04:26 | INFO | [ncluster=169/169] AUC-ROC=92.86%  AUC-PR=94.10%  F1=0.8921  MCC=0.7798  Train=0.490s  Test=0.071s  Peak RAM Train=45.181 MB  Peak RAM Test=16.844 MB
2026-05-19 12:04:26 | INFO | [ncluster=172/172] AUC-ROC=88.81%  AUC-PR=88.99%  F1=0.8544  MCC=0.6926  Train=0.559s  Test=0.090s  Peak RAM Train=45.182 MB  Peak RAM Test=16.35 MB
2026-05-19 12:04:26 | INFO | [ncluster=175/175] AUC-ROC=93.28%  AUC-PR=94.91%  F1=0.9074  MCC=0.8103  Train=0.522s  Test=0.097s  Peak RAM Train=45.182 MB  Peak RAM Test=16.597 MB
2026-05-19 12:04:26 | INFO | [ncluster=178/178] AUC-ROC=91.84%  AUC-PR=92.90%  F1=0.8865  MCC=0.7665  Train=0.534s  Test=0.084s  Peak RAM Train=45.184 MB  Peak RAM Test=16.597 MB
2026-05-19 12:04:26 | INFO | [ncluster=181/181] AUC-ROC=90.46%  AUC-PR=90.79%  F1=0.8732  MCC=0.7327  Train=0.284s  Test=0.038s  Peak RAM Train=45.187 MB  Peak RAM Test=16.35 MB
2026-05-19 12:04:26 | INFO | [ncluster=184/184] AUC-ROC=91.64%  AUC-PR=92.51%  F1=0.8869  MCC=0.7633  Train=0.502s  Test=0.079s  Peak RAM Train=45.185 MB  Peak RAM Test=16.844 MB
2026-05-19 12:04:26 | INFO | [ncluster=187/187] AUC-ROC=91.54%  AUC-PR=92.11%  F1=0.8822  MCC=0.7547  Train=0.565s  Test=0.090s  Peak RAM Train=45.184 MB  Peak RAM Test=16.597 MB
2026-05-19 12:04:26 | INFO | [ncluster=190/190] AUC-ROC=91.85%  AUC-PR=93.03%  F1=0.8886  MCC=0.7711  Train=0.473s  Test=0.100s  Peak RAM Train=45.185 MB  Peak RAM Test=16.597 MB
2026-05-19 12:04:26 | INFO | [ncluster=193/193] AUC-ROC=78.23%  AUC-PR=76.39%  F1=0.7776  MCC=0.5054  Train=0.608s  Test=0.073s  Peak RAM Train=45.186 MB  Peak RAM Test=16.597 MB
2026-05-19 12:04:26 | INFO | [ncluster=196/196] AUC-ROC=92.02%  AUC-PR=92.81%  F1=0.8986  MCC=0.7880  Train=0.616s  Test=0.108s  Peak RAM Train=45.187 MB  Peak RAM Test=16.844 MB
2026-05-19 12:04:26 | INFO | [ncluster=199/199] AUC-ROC=83.87%  AUC-PR=84.99%  F1=0.8077  MCC=0.5837  Train=0.579s  Test=0.090s  Peak RAM Train=45.188 MB  Peak RAM Test=16.35 MB
2026-05-19 12:04:26 | INFO | [ncluster=202/202] AUC-ROC=92.47%  AUC-PR=93.15%  F1=0.8934  MCC=0.7790  Train=0.597s  Test=0.079s  Peak RAM Train=45.188 MB  Peak RAM Test=16.844 MB
2026-05-19 12:04:26 | INFO | [ncluster=205/205] AUC-ROC=91.42%  AUC-PR=92.44%  F1=0.8877  MCC=0.7657  Train=0.528s  Test=0.082s  Peak RAM Train=45.189 MB  Peak RAM Test=16.597 MB
2026-05-19 12:04:26 | INFO | [ncluster=208/208] AUC-ROC=79.36%  AUC-PR=77.26%  F1=0.7850  MCC=0.5236  Train=0.538s  Test=0.083s  Peak RAM Train=45.191 MB  Peak RAM Test=16.597 MB
2026-05-19 12:04:26 | INFO | [ncluster=211/211] AUC-ROC=91.31%  AUC-PR=92.03%  F1=0.8829  MCC=0.7572  Train=0.585s  Test=0.100s  Peak RAM Train=45.189 MB  Peak RAM Test=16.597 MB
2026-05-19 12:04:26 | INFO | [ncluster=214/214] AUC-ROC=80.37%  AUC-PR=79.42%  F1=0.7830  MCC=0.5182  Train=0.551s  Test=0.083s  Peak RAM Train=45.191 MB  Peak RAM Test=16.597 MB
2026-05-19 12:04:26 | INFO | [ncluster=217/217] AUC-ROC=80.34%  AUC-PR=78.65%  F1=0.7939  MCC=0.5443  Train=0.359s  Test=0.090s  Peak RAM Train=45.19 MB  Peak RAM Test=16.844 MB
2026-05-19 12:04:26 | INFO | [ncluster=220/220] AUC-ROC=91.63%  AUC-PR=92.50%  F1=0.8927  MCC=0.7768  Train=0.633s  Test=0.114s  Peak RAM Train=45.194 MB  Peak RAM Test=17.092 MB
2026-05-19 12:04:26 | INFO | [ncluster=223/223] AUC-ROC=89.01%  AUC-PR=89.45%  F1=0.8600  MCC=0.7047  Train=0.515s  Test=0.116s  Peak RAM Train=45.197 MB  Peak RAM Test=17.092 MB
2026-05-19 12:04:26 | INFO | [ncluster=226/226] AUC-ROC=89.06%  AUC-PR=89.54%  F1=0.8590  MCC=0.7052  Train=0.511s  Test=0.083s  Peak RAM Train=45.193 MB  Peak RAM Test=17.092 MB
2026-05-19 12:04:26 | INFO | [ncluster=229/229] AUC-ROC=88.78%  AUC-PR=88.90%  F1=0.8641  MCC=0.7108  Train=0.599s  Test=0.113s  Peak RAM Train=45.194 MB  Peak RAM Test=16.844 MB
2026-05-19 12:04:26 | INFO | [ncluster=232/232] AUC-ROC=92.77%  AUC-PR=94.26%  F1=0.9053  MCC=0.8054  Train=0.539s  Test=0.103s  Peak RAM Train=45.196 MB  Peak RAM Test=17.092 MB
2026-05-19 12:04:26 | INFO | [ncluster=235/235] AUC-ROC=90.53%  AUC-PR=91.36%  F1=0.8819  MCC=0.7520  Train=0.481s  Test=0.100s  Peak RAM Train=45.195 MB  Peak RAM Test=17.092 MB
2026-05-19 12:04:26 | INFO | [ncluster=238/238] AUC-ROC=89.93%  AUC-PR=90.63%  F1=0.8753  MCC=0.7375  Train=0.572s  Test=0.116s  Peak RAM Train=45.196 MB  Peak RAM Test=16.844 MB
2026-05-19 12:04:26 | INFO | [ncluster=241/241] AUC-ROC=87.90%  AUC-PR=87.89%  F1=0.8440  MCC=0.6694  Train=0.543s  Test=0.094s  Peak RAM Train=45.196 MB  Peak RAM Test=16.844 MB
2026-05-19 12:04:26 | INFO | [ncluster=244/244] AUC-ROC=83.23%  AUC-PR=82.81%  F1=0.8046  MCC=0.5757  Train=0.524s  Test=0.094s  Peak RAM Train=45.196 MB  Peak RAM Test=16.844 MB
2026-05-19 12:04:26 | INFO | [ncluster=247/247] AUC-ROC=82.17%  AUC-PR=81.06%  F1=0.8035  MCC=0.5676  Train=0.644s  Test=0.109s  Peak RAM Train=45.197 MB  Peak RAM Test=16.597 MB
2026-05-19 12:04:26 | INFO | [ncluster=250/250] AUC-ROC=81.91%  AUC-PR=80.35%  F1=0.8108  MCC=0.5826  Train=0.613s  Test=0.096s  Peak RAM Train=45.198 MB  Peak RAM Test=16.844 MB
2026-05-19 12:04:26 | INFO | [ncluster=253/253] AUC-ROC=90.08%  AUC-PR=91.07%  F1=0.8650  MCC=0.7182  Train=0.523s  Test=0.093s  Peak RAM Train=45.199 MB  Peak RAM Test=17.092 MB
2026-05-19 12:04:26 | INFO | [ncluster=256/256] AUC-ROC=89.36%  AUC-PR=89.70%  F1=0.8758  MCC=0.7377  Train=0.568s  Test=0.096s  Peak RAM Train=45.199 MB  Peak RAM Test=17.091 MB
2026-05-19 12:04:26 | INFO | [ncluster=259/259] AUC-ROC=89.87%  AUC-PR=90.50%  F1=0.8700  MCC=0.7264  Train=0.661s  Test=0.107s  Peak RAM Train=45.2 MB  Peak RAM Test=16.844 MB
2026-05-19 12:04:26 | INFO | [ncluster=262/262] AUC-ROC=82.30%  AUC-PR=80.98%  F1=0.8014  MCC=0.5641  Train=0.400s  Test=0.119s  Peak RAM Train=45.2 MB  Peak RAM Test=16.844 MB
2026-05-19 12:04:26 | INFO | [ncluster=265/265] AUC-ROC=79.54%  AUC-PR=78.28%  F1=0.7856  MCC=0.5216  Train=0.625s  Test=0.101s  Peak RAM Train=45.202 MB  Peak RAM Test=16.844 MB
2026-05-19 12:04:26 | INFO | [ncluster=268/268] AUC-ROC=78.99%  AUC-PR=78.13%  F1=0.7788  MCC=0.5024  Train=0.264s  Test=0.113s  Peak RAM Train=45.202 MB  Peak RAM Test=16.844 MB
2026-05-19 12:04:26 | INFO | [ncluster=271/271] AUC-ROC=92.58%  AUC-PR=93.57%  F1=0.9064  MCC=0.8055  Train=0.431s  Test=0.096s  Peak RAM Train=45.202 MB  Peak RAM Test=17.091 MB
2026-05-19 12:04:26 | INFO | [ncluster=274/274] AUC-ROC=89.04%  AUC-PR=89.09%  F1=0.8624  MCC=0.7045  Train=0.612s  Test=0.114s  Peak RAM Train=45.202 MB  Peak RAM Test=17.092 MB
2026-05-19 12:04:26 | INFO | [ncluster=277/277] AUC-ROC=89.47%  AUC-PR=89.91%  F1=0.8706  MCC=0.7258  Train=0.263s  Test=0.067s  Peak RAM Train=45.204 MB  Peak RAM Test=17.091 MB
2026-05-19 12:04:26 | INFO | [ncluster=280/280] AUC-ROC=81.10%  AUC-PR=79.81%  F1=0.8021  MCC=0.5594  Train=0.237s  Test=0.047s  Peak RAM Train=45.204 MB  Peak RAM Test=16.844 MB
2026-05-19 12:04:26 | INFO | [ncluster=283/283] AUC-ROC=89.85%  AUC-PR=90.30%  F1=0.8779  MCC=0.7426  Train=0.270s  Test=0.116s  Peak RAM Train=45.207 MB  Peak RAM Test=17.092 MB
2026-05-19 12:04:26 | INFO | [ncluster=286/286] AUC-ROC=89.90%  AUC-PR=90.52%  F1=0.8668  MCC=0.7195  Train=0.321s  Test=0.053s  Peak RAM Train=45.206 MB  Peak RAM Test=17.091 MB
2026-05-19 12:04:26 | INFO | [ncluster=289/289] AUC-ROC=89.91%  AUC-PR=90.57%  F1=0.8745  MCC=0.7327  Train=0.197s  Test=0.046s  Peak RAM Train=45.206 MB  Peak RAM Test=17.092 MB
2026-05-19 12:04:26 | INFO | [ncluster=292/292] AUC-ROC=89.55%  AUC-PR=90.11%  F1=0.8724  MCC=0.7296  Train=0.211s  Test=0.044s  Peak RAM Train=45.207 MB  Peak RAM Test=16.844 MB
2026-05-19 12:04:26 | INFO | [ncluster=295/295] AUC-ROC=88.99%  AUC-PR=89.44%  F1=0.8630  MCC=0.7108  Train=0.245s  Test=0.096s  Peak RAM Train=45.206 MB  Peak RAM Test=17.339 MB
2026-05-19 12:04:26 | INFO | [ncluster=298/298] AUC-ROC=88.50%  AUC-PR=88.55%  F1=0.8630  MCC=0.7068  Train=0.173s  Test=0.045s  Peak RAM Train=45.209 MB  Peak RAM Test=17.339 MB
2026-05-19 12:04:26 | INFO | --- noise=5% ---
2026-05-19 12:04:26 | INFO | ============================================================
2026-05-19 12:04:26 | INFO | Dataset  : Train_MinMaxScaler_data_EdgeIIoTset.csv
2026-05-19 12:04:26 | INFO | Scaler   : MinMaxScaler
2026-05-19 12:04:26 | INFO | Noise    : 5%
2026-05-19 12:04:26 | INFO | nClusters: 100 values (1..298)
2026-05-19 12:04:26 | INFO | K-Means  : Standard KMeans
2026-05-19 12:04:26 | INFO | ============================================================
2026-05-19 12:04:27 | INFO | Loaded Raw Shape -> Train: (30000, 53), Test: (30000, 53)
2026-05-19 12:04:27 | INFO | Training size : 31,500  |  Testing size: 28,500  |  Features: 52
2026-05-19 12:04:27 | INFO | Firing up Parallel execution for 100 cluster configs...
2026-05-19 12:11:18 | INFO | [ncluster=1/1] AUC-ROC=95.11%  AUC-PR=94.93%  F1=0.9238  MCC=0.8366  Train=0.512s  Test=0.013s  Peak RAM Train=46.02 MB  Peak RAM Test=15.155 MB
2026-05-19 12:11:18 | INFO | [ncluster=4/4] AUC-ROC=92.98%  AUC-PR=92.31%  F1=0.9084  MCC=0.8008  Train=0.669s  Test=0.035s  Peak RAM Train=46.021 MB  Peak RAM Test=15.155 MB
2026-05-19 12:11:18 | INFO | [ncluster=7/7] AUC-ROC=93.03%  AUC-PR=92.79%  F1=0.9018  MCC=0.7856  Train=0.653s  Test=0.036s  Peak RAM Train=46.022 MB  Peak RAM Test=15.407 MB
2026-05-19 12:11:18 | INFO | [ncluster=10/10] AUC-ROC=94.49%  AUC-PR=94.41%  F1=0.9277  MCC=0.8449  Train=0.473s  Test=0.035s  Peak RAM Train=46.024 MB  Peak RAM Test=15.911 MB
2026-05-19 12:11:18 | INFO | [ncluster=13/13] AUC-ROC=92.76%  AUC-PR=92.77%  F1=0.9139  MCC=0.8136  Train=0.619s  Test=0.040s  Peak RAM Train=46.025 MB  Peak RAM Test=15.911 MB
2026-05-19 12:11:18 | INFO | [ncluster=16/16] AUC-ROC=91.34%  AUC-PR=90.94%  F1=0.8923  MCC=0.7650  Train=0.476s  Test=0.038s  Peak RAM Train=46.024 MB  Peak RAM Test=15.911 MB
2026-05-19 12:11:18 | INFO | [ncluster=19/19] AUC-ROC=91.53%  AUC-PR=91.83%  F1=0.8890  MCC=0.7590  Train=0.711s  Test=0.022s  Peak RAM Train=46.025 MB  Peak RAM Test=15.911 MB
2026-05-19 12:11:18 | INFO | [ncluster=22/22] AUC-ROC=90.74%  AUC-PR=90.86%  F1=0.8805  MCC=0.7392  Train=0.717s  Test=0.047s  Peak RAM Train=46.025 MB  Peak RAM Test=15.911 MB
2026-05-19 12:11:18 | INFO | [ncluster=25/25] AUC-ROC=69.09%  AUC-PR=69.72%  F1=0.6896  MCC=0.3041  Train=0.579s  Test=0.041s  Peak RAM Train=46.026 MB  Peak RAM Test=15.659 MB
2026-05-19 12:11:18 | INFO | [ncluster=28/28] AUC-ROC=74.03%  AUC-PR=74.62%  F1=0.7072  MCC=0.3851  Train=0.616s  Test=0.042s  Peak RAM Train=46.027 MB  Peak RAM Test=15.659 MB
2026-05-19 12:11:18 | INFO | [ncluster=31/31] AUC-ROC=72.22%  AUC-PR=71.86%  F1=0.7502  MCC=0.4104  Train=0.638s  Test=0.055s  Peak RAM Train=46.027 MB  Peak RAM Test=15.659 MB
2026-05-19 12:11:18 | INFO | [ncluster=34/34] AUC-ROC=73.71%  AUC-PR=73.73%  F1=0.7304  MCC=0.4007  Train=0.589s  Test=0.048s  Peak RAM Train=46.028 MB  Peak RAM Test=15.659 MB
2026-05-19 12:11:18 | INFO | [ncluster=37/37] AUC-ROC=79.95%  AUC-PR=80.04%  F1=0.7769  MCC=0.5183  Train=0.521s  Test=0.043s  Peak RAM Train=46.028 MB  Peak RAM Test=15.659 MB
2026-05-19 12:11:18 | INFO | [ncluster=40/40] AUC-ROC=80.26%  AUC-PR=81.16%  F1=0.7846  MCC=0.5259  Train=0.366s  Test=0.043s  Peak RAM Train=46.03 MB  Peak RAM Test=15.659 MB
2026-05-19 12:11:18 | INFO | [ncluster=43/43] AUC-ROC=80.45%  AUC-PR=80.45%  F1=0.7963  MCC=0.5464  Train=0.643s  Test=0.052s  Peak RAM Train=46.029 MB  Peak RAM Test=15.659 MB
2026-05-19 12:11:18 | INFO | [ncluster=46/46] AUC-ROC=81.47%  AUC-PR=82.22%  F1=0.7946  MCC=0.5507  Train=0.534s  Test=0.049s  Peak RAM Train=46.03 MB  Peak RAM Test=15.659 MB
2026-05-19 12:11:18 | INFO | [ncluster=49/49] AUC-ROC=80.91%  AUC-PR=80.75%  F1=0.7979  MCC=0.5529  Train=0.459s  Test=0.044s  Peak RAM Train=46.03 MB  Peak RAM Test=15.659 MB
2026-05-19 12:11:18 | INFO | [ncluster=52/52] AUC-ROC=80.51%  AUC-PR=81.02%  F1=0.7901  MCC=0.5325  Train=0.674s  Test=0.050s  Peak RAM Train=46.032 MB  Peak RAM Test=15.659 MB
2026-05-19 12:11:18 | INFO | [ncluster=55/55] AUC-ROC=80.02%  AUC-PR=80.64%  F1=0.7915  MCC=0.5278  Train=0.633s  Test=0.060s  Peak RAM Train=46.033 MB  Peak RAM Test=15.659 MB
2026-05-19 12:11:18 | INFO | [ncluster=58/58] AUC-ROC=80.00%  AUC-PR=80.36%  F1=0.7897  MCC=0.5250  Train=0.617s  Test=0.055s  Peak RAM Train=46.034 MB  Peak RAM Test=15.659 MB
2026-05-19 12:11:18 | INFO | [ncluster=61/61] AUC-ROC=83.08%  AUC-PR=83.37%  F1=0.8143  MCC=0.5899  Train=0.572s  Test=0.051s  Peak RAM Train=46.034 MB  Peak RAM Test=15.659 MB
2026-05-19 12:11:18 | INFO | [ncluster=64/64] AUC-ROC=80.88%  AUC-PR=81.55%  F1=0.7893  MCC=0.5373  Train=0.601s  Test=0.063s  Peak RAM Train=46.034 MB  Peak RAM Test=15.659 MB
2026-05-19 12:11:18 | INFO | [ncluster=67/67] AUC-ROC=76.49%  AUC-PR=76.70%  F1=0.7700  MCC=0.4651  Train=0.552s  Test=0.082s  Peak RAM Train=46.035 MB  Peak RAM Test=15.911 MB
2026-05-19 12:11:18 | INFO | [ncluster=70/70] AUC-ROC=79.02%  AUC-PR=79.74%  F1=0.7836  MCC=0.5075  Train=0.616s  Test=0.070s  Peak RAM Train=46.036 MB  Peak RAM Test=15.659 MB
2026-05-19 12:11:18 | INFO | [ncluster=73/73] AUC-ROC=80.84%  AUC-PR=81.04%  F1=0.7956  MCC=0.5398  Train=0.516s  Test=0.060s  Peak RAM Train=46.037 MB  Peak RAM Test=15.911 MB
2026-05-19 12:11:19 | INFO | [ncluster=76/76] AUC-ROC=82.24%  AUC-PR=82.58%  F1=0.8006  MCC=0.5586  Train=0.428s  Test=0.059s  Peak RAM Train=46.038 MB  Peak RAM Test=15.911 MB
2026-05-19 12:11:19 | INFO | [ncluster=79/79] AUC-ROC=81.73%  AUC-PR=81.62%  F1=0.8087  MCC=0.5704  Train=0.490s  Test=0.062s  Peak RAM Train=46.037 MB  Peak RAM Test=15.659 MB
2026-05-19 12:11:19 | INFO | [ncluster=82/82] AUC-ROC=80.60%  AUC-PR=81.39%  F1=0.7920  MCC=0.5327  Train=0.507s  Test=0.053s  Peak RAM Train=46.039 MB  Peak RAM Test=15.911 MB
2026-05-19 12:11:19 | INFO | [ncluster=85/85] AUC-ROC=79.35%  AUC-PR=79.26%  F1=0.7821  MCC=0.5160  Train=0.439s  Test=0.055s  Peak RAM Train=46.038 MB  Peak RAM Test=15.911 MB
2026-05-19 12:11:19 | INFO | [ncluster=88/88] AUC-ROC=80.74%  AUC-PR=80.84%  F1=0.7887  MCC=0.5304  Train=0.515s  Test=0.055s  Peak RAM Train=46.04 MB  Peak RAM Test=15.911 MB
2026-05-19 12:11:19 | INFO | [ncluster=91/91] AUC-ROC=77.06%  AUC-PR=76.98%  F1=0.7845  MCC=0.5015  Train=0.714s  Test=0.066s  Peak RAM Train=46.041 MB  Peak RAM Test=15.911 MB
2026-05-19 12:11:19 | INFO | [ncluster=94/94] AUC-ROC=79.94%  AUC-PR=80.52%  F1=0.7931  MCC=0.5312  Train=0.716s  Test=0.085s  Peak RAM Train=46.041 MB  Peak RAM Test=15.911 MB
2026-05-19 12:11:19 | INFO | [ncluster=97/97] AUC-ROC=80.64%  AUC-PR=80.53%  F1=0.8008  MCC=0.5523  Train=0.656s  Test=0.082s  Peak RAM Train=46.041 MB  Peak RAM Test=15.911 MB
2026-05-19 12:11:19 | INFO | [ncluster=100/100] AUC-ROC=81.01%  AUC-PR=81.10%  F1=0.7945  MCC=0.5452  Train=0.659s  Test=0.060s  Peak RAM Train=46.042 MB  Peak RAM Test=15.911 MB
2026-05-19 12:11:19 | INFO | [ncluster=103/103] AUC-ROC=79.36%  AUC-PR=79.59%  F1=0.7875  MCC=0.5170  Train=0.414s  Test=0.056s  Peak RAM Train=46.045 MB  Peak RAM Test=15.659 MB
2026-05-19 12:11:19 | INFO | [ncluster=106/106] AUC-ROC=78.96%  AUC-PR=78.70%  F1=0.7875  MCC=0.5183  Train=0.633s  Test=0.064s  Peak RAM Train=46.043 MB  Peak RAM Test=15.911 MB
2026-05-19 12:11:19 | INFO | [ncluster=109/109] AUC-ROC=79.19%  AUC-PR=78.79%  F1=0.7911  MCC=0.5271  Train=0.460s  Test=0.055s  Peak RAM Train=46.044 MB  Peak RAM Test=15.911 MB
2026-05-19 12:11:19 | INFO | [ncluster=112/112] AUC-ROC=81.04%  AUC-PR=81.89%  F1=0.7929  MCC=0.5355  Train=0.621s  Test=0.058s  Peak RAM Train=46.044 MB  Peak RAM Test=16.415 MB
2026-05-19 12:11:19 | INFO | [ncluster=115/115] AUC-ROC=79.12%  AUC-PR=79.46%  F1=0.7807  MCC=0.5052  Train=0.441s  Test=0.055s  Peak RAM Train=46.045 MB  Peak RAM Test=16.163 MB
2026-05-19 12:11:19 | INFO | [ncluster=118/118] AUC-ROC=78.78%  AUC-PR=78.97%  F1=0.7811  MCC=0.5023  Train=0.545s  Test=0.051s  Peak RAM Train=46.046 MB  Peak RAM Test=16.163 MB
2026-05-19 12:11:19 | INFO | [ncluster=121/121] AUC-ROC=78.95%  AUC-PR=79.10%  F1=0.7839  MCC=0.5114  Train=0.526s  Test=0.078s  Peak RAM Train=46.045 MB  Peak RAM Test=16.163 MB
2026-05-19 12:11:19 | INFO | [ncluster=124/124] AUC-ROC=79.45%  AUC-PR=79.50%  F1=0.7867  MCC=0.5225  Train=0.519s  Test=0.063s  Peak RAM Train=46.047 MB  Peak RAM Test=16.163 MB
2026-05-19 12:11:19 | INFO | [ncluster=127/127] AUC-ROC=77.50%  AUC-PR=77.11%  F1=0.7772  MCC=0.4848  Train=0.400s  Test=0.062s  Peak RAM Train=46.048 MB  Peak RAM Test=15.659 MB
2026-05-19 12:11:19 | INFO | [ncluster=130/130] AUC-ROC=81.02%  AUC-PR=80.82%  F1=0.8006  MCC=0.5504  Train=0.527s  Test=0.060s  Peak RAM Train=46.05 MB  Peak RAM Test=15.911 MB
2026-05-19 12:11:19 | INFO | [ncluster=133/133] AUC-ROC=76.66%  AUC-PR=76.52%  F1=0.7585  MCC=0.4527  Train=0.523s  Test=0.069s  Peak RAM Train=46.05 MB  Peak RAM Test=15.911 MB
2026-05-19 12:11:19 | INFO | [ncluster=136/136] AUC-ROC=80.37%  AUC-PR=80.57%  F1=0.7826  MCC=0.5221  Train=0.641s  Test=0.085s  Peak RAM Train=46.05 MB  Peak RAM Test=15.911 MB
2026-05-19 12:11:19 | INFO | [ncluster=139/139] AUC-ROC=83.10%  AUC-PR=83.47%  F1=0.8006  MCC=0.5651  Train=0.624s  Test=0.079s  Peak RAM Train=46.05 MB  Peak RAM Test=15.911 MB
2026-05-19 12:11:19 | INFO | [ncluster=142/142] AUC-ROC=81.15%  AUC-PR=81.46%  F1=0.8001  MCC=0.5485  Train=0.652s  Test=0.076s  Peak RAM Train=46.051 MB  Peak RAM Test=16.415 MB
2026-05-19 12:11:19 | INFO | [ncluster=145/145] AUC-ROC=81.08%  AUC-PR=81.58%  F1=0.7792  MCC=0.5323  Train=0.579s  Test=0.106s  Peak RAM Train=46.052 MB  Peak RAM Test=16.415 MB
2026-05-19 12:11:19 | INFO | [ncluster=148/148] AUC-ROC=80.19%  AUC-PR=79.73%  F1=0.7870  MCC=0.5276  Train=0.669s  Test=0.069s  Peak RAM Train=46.052 MB  Peak RAM Test=16.163 MB
2026-05-19 12:11:19 | INFO | [ncluster=151/151] AUC-ROC=79.77%  AUC-PR=79.80%  F1=0.7786  MCC=0.5104  Train=1.272s  Test=0.151s  Peak RAM Train=46.053 MB  Peak RAM Test=16.415 MB
2026-05-19 12:11:19 | INFO | [ncluster=154/154] AUC-ROC=79.07%  AUC-PR=79.00%  F1=0.7794  MCC=0.5060  Train=1.173s  Test=0.152s  Peak RAM Train=46.054 MB  Peak RAM Test=16.163 MB
2026-05-19 12:11:19 | INFO | [ncluster=157/157] AUC-ROC=81.75%  AUC-PR=81.70%  F1=0.7932  MCC=0.5375  Train=1.221s  Test=0.127s  Peak RAM Train=46.053 MB  Peak RAM Test=16.415 MB
2026-05-19 12:11:19 | INFO | [ncluster=160/160] AUC-ROC=79.89%  AUC-PR=79.56%  F1=0.7892  MCC=0.5305  Train=1.157s  Test=0.121s  Peak RAM Train=46.055 MB  Peak RAM Test=16.415 MB
2026-05-19 12:11:19 | INFO | [ncluster=163/163] AUC-ROC=77.36%  AUC-PR=76.15%  F1=0.7596  MCC=0.4649  Train=1.079s  Test=0.148s  Peak RAM Train=46.055 MB  Peak RAM Test=15.911 MB
2026-05-19 12:11:19 | INFO | [ncluster=166/166] AUC-ROC=79.83%  AUC-PR=79.72%  F1=0.7788  MCC=0.5065  Train=1.074s  Test=0.142s  Peak RAM Train=46.057 MB  Peak RAM Test=16.415 MB
2026-05-19 12:11:19 | INFO | [ncluster=169/169] AUC-ROC=81.31%  AUC-PR=81.01%  F1=0.7862  MCC=0.5292  Train=1.086s  Test=0.144s  Peak RAM Train=46.057 MB  Peak RAM Test=16.415 MB
2026-05-19 12:11:19 | INFO | [ncluster=172/172] AUC-ROC=81.35%  AUC-PR=81.50%  F1=0.7907  MCC=0.5331  Train=0.902s  Test=0.145s  Peak RAM Train=46.058 MB  Peak RAM Test=16.415 MB
2026-05-19 12:11:19 | INFO | [ncluster=175/175] AUC-ROC=79.98%  AUC-PR=79.09%  F1=0.7874  MCC=0.5237  Train=0.972s  Test=0.153s  Peak RAM Train=46.058 MB  Peak RAM Test=16.163 MB
2026-05-19 12:11:19 | INFO | [ncluster=178/178] AUC-ROC=80.10%  AUC-PR=79.13%  F1=0.7829  MCC=0.5184  Train=0.947s  Test=0.144s  Peak RAM Train=46.058 MB  Peak RAM Test=16.667 MB
2026-05-19 12:11:19 | INFO | [ncluster=181/181] AUC-ROC=79.95%  AUC-PR=79.06%  F1=0.7734  MCC=0.5083  Train=1.016s  Test=0.048s  Peak RAM Train=46.059 MB  Peak RAM Test=16.667 MB
2026-05-19 12:11:19 | INFO | [ncluster=184/184] AUC-ROC=80.26%  AUC-PR=79.18%  F1=0.7802  MCC=0.5189  Train=1.010s  Test=0.145s  Peak RAM Train=46.06 MB  Peak RAM Test=16.667 MB
2026-05-19 12:11:19 | INFO | [ncluster=187/187] AUC-ROC=80.24%  AUC-PR=79.36%  F1=0.7802  MCC=0.5174  Train=0.980s  Test=0.121s  Peak RAM Train=46.06 MB  Peak RAM Test=16.667 MB
2026-05-19 12:11:19 | INFO | [ncluster=190/190] AUC-ROC=80.16%  AUC-PR=79.41%  F1=0.7853  MCC=0.5194  Train=1.238s  Test=0.187s  Peak RAM Train=46.06 MB  Peak RAM Test=16.919 MB
2026-05-19 12:11:19 | INFO | [ncluster=193/193] AUC-ROC=80.00%  AUC-PR=79.37%  F1=0.7767  MCC=0.5112  Train=0.988s  Test=0.144s  Peak RAM Train=46.062 MB  Peak RAM Test=16.919 MB
2026-05-19 12:11:19 | INFO | [ncluster=196/196] AUC-ROC=78.88%  AUC-PR=78.52%  F1=0.7710  MCC=0.4873  Train=1.212s  Test=0.163s  Peak RAM Train=46.063 MB  Peak RAM Test=16.919 MB
2026-05-19 12:11:19 | INFO | [ncluster=199/199] AUC-ROC=80.11%  AUC-PR=79.53%  F1=0.7774  MCC=0.5121  Train=0.978s  Test=0.148s  Peak RAM Train=46.063 MB  Peak RAM Test=16.919 MB
2026-05-19 12:11:19 | INFO | [ncluster=202/202] AUC-ROC=79.92%  AUC-PR=79.50%  F1=0.7776  MCC=0.5080  Train=0.934s  Test=0.138s  Peak RAM Train=46.064 MB  Peak RAM Test=16.919 MB
2026-05-19 12:11:19 | INFO | [ncluster=205/205] AUC-ROC=82.81%  AUC-PR=82.78%  F1=0.8024  MCC=0.5629  Train=1.133s  Test=0.173s  Peak RAM Train=46.065 MB  Peak RAM Test=16.919 MB
2026-05-19 12:11:19 | INFO | [ncluster=208/208] AUC-ROC=79.55%  AUC-PR=78.77%  F1=0.7759  MCC=0.5015  Train=0.684s  Test=0.143s  Peak RAM Train=46.065 MB  Peak RAM Test=16.919 MB
2026-05-19 12:11:19 | INFO | [ncluster=211/211] AUC-ROC=81.77%  AUC-PR=81.52%  F1=0.8030  MCC=0.5625  Train=1.044s  Test=0.155s  Peak RAM Train=46.065 MB  Peak RAM Test=17.171 MB
2026-05-19 12:11:19 | INFO | [ncluster=214/214] AUC-ROC=77.90%  AUC-PR=77.09%  F1=0.7650  MCC=0.4759  Train=1.071s  Test=0.176s  Peak RAM Train=46.066 MB  Peak RAM Test=16.919 MB
2026-05-19 12:11:19 | INFO | [ncluster=217/217] AUC-ROC=81.65%  AUC-PR=81.48%  F1=0.7976  MCC=0.5476  Train=0.915s  Test=0.101s  Peak RAM Train=46.068 MB  Peak RAM Test=16.919 MB
2026-05-19 12:11:19 | INFO | [ncluster=220/220] AUC-ROC=78.62%  AUC-PR=78.30%  F1=0.7792  MCC=0.4961  Train=0.884s  Test=0.153s  Peak RAM Train=46.068 MB  Peak RAM Test=16.919 MB
2026-05-19 12:11:19 | INFO | [ncluster=223/223] AUC-ROC=82.14%  AUC-PR=82.28%  F1=0.8029  MCC=0.5600  Train=0.642s  Test=0.142s  Peak RAM Train=46.067 MB  Peak RAM Test=16.919 MB
2026-05-19 12:11:19 | INFO | [ncluster=226/226] AUC-ROC=81.07%  AUC-PR=81.06%  F1=0.7899  MCC=0.5253  Train=1.055s  Test=0.154s  Peak RAM Train=46.069 MB  Peak RAM Test=16.667 MB
2026-05-19 12:11:19 | INFO | [ncluster=229/229] AUC-ROC=84.52%  AUC-PR=85.64%  F1=0.8213  MCC=0.6114  Train=0.850s  Test=0.188s  Peak RAM Train=46.069 MB  Peak RAM Test=16.667 MB
2026-05-19 12:11:19 | INFO | [ncluster=232/232] AUC-ROC=79.90%  AUC-PR=79.69%  F1=0.7815  MCC=0.5167  Train=0.976s  Test=0.155s  Peak RAM Train=46.07 MB  Peak RAM Test=16.919 MB
2026-05-19 12:11:19 | INFO | [ncluster=235/235] AUC-ROC=79.84%  AUC-PR=78.73%  F1=0.7837  MCC=0.5139  Train=1.172s  Test=0.180s  Peak RAM Train=46.071 MB  Peak RAM Test=16.919 MB
2026-05-19 12:11:19 | INFO | [ncluster=238/238] AUC-ROC=84.76%  AUC-PR=85.09%  F1=0.8327  MCC=0.6347  Train=1.008s  Test=0.174s  Peak RAM Train=46.073 MB  Peak RAM Test=16.919 MB
2026-05-19 12:11:19 | INFO | [ncluster=241/241] AUC-ROC=81.48%  AUC-PR=80.81%  F1=0.8075  MCC=0.5689  Train=0.896s  Test=0.150s  Peak RAM Train=46.074 MB  Peak RAM Test=17.675 MB
2026-05-19 12:11:19 | INFO | [ncluster=244/244] AUC-ROC=82.14%  AUC-PR=82.04%  F1=0.8011  MCC=0.5563  Train=0.994s  Test=0.181s  Peak RAM Train=46.072 MB  Peak RAM Test=16.919 MB
2026-05-19 12:11:19 | INFO | [ncluster=247/247] AUC-ROC=83.87%  AUC-PR=83.37%  F1=0.8164  MCC=0.6028  Train=0.967s  Test=0.160s  Peak RAM Train=46.074 MB  Peak RAM Test=17.423 MB
2026-05-19 12:11:19 | INFO | [ncluster=250/250] AUC-ROC=81.26%  AUC-PR=81.22%  F1=0.7989  MCC=0.5485  Train=1.064s  Test=0.216s  Peak RAM Train=46.078 MB  Peak RAM Test=17.423 MB
2026-05-19 12:11:19 | INFO | [ncluster=253/253] AUC-ROC=85.07%  AUC-PR=85.91%  F1=0.8250  MCC=0.6179  Train=1.148s  Test=0.166s  Peak RAM Train=46.074 MB  Peak RAM Test=17.171 MB
2026-05-19 12:11:19 | INFO | [ncluster=256/256] AUC-ROC=82.91%  AUC-PR=83.18%  F1=0.8092  MCC=0.5797  Train=1.269s  Test=0.203s  Peak RAM Train=46.075 MB  Peak RAM Test=17.171 MB
2026-05-19 12:11:19 | INFO | [ncluster=259/259] AUC-ROC=80.36%  AUC-PR=80.16%  F1=0.7873  MCC=0.5240  Train=1.271s  Test=0.200s  Peak RAM Train=46.076 MB  Peak RAM Test=17.171 MB
2026-05-19 12:11:19 | INFO | [ncluster=262/262] AUC-ROC=85.29%  AUC-PR=85.55%  F1=0.8388  MCC=0.6486  Train=0.929s  Test=0.246s  Peak RAM Train=46.077 MB  Peak RAM Test=17.675 MB
2026-05-19 12:11:19 | INFO | [ncluster=265/265] AUC-ROC=83.90%  AUC-PR=83.66%  F1=0.8226  MCC=0.6091  Train=0.393s  Test=0.147s  Peak RAM Train=46.077 MB  Peak RAM Test=17.171 MB
2026-05-19 12:11:19 | INFO | [ncluster=268/268] AUC-ROC=84.50%  AUC-PR=84.42%  F1=0.8305  MCC=0.6264  Train=1.043s  Test=0.207s  Peak RAM Train=46.078 MB  Peak RAM Test=17.423 MB
2026-05-19 12:11:19 | INFO | [ncluster=271/271] AUC-ROC=82.16%  AUC-PR=81.56%  F1=0.8142  MCC=0.5799  Train=0.887s  Test=0.243s  Peak RAM Train=46.082 MB  Peak RAM Test=17.423 MB
2026-05-19 12:11:19 | INFO | [ncluster=274/274] AUC-ROC=83.60%  AUC-PR=83.58%  F1=0.8187  MCC=0.5977  Train=0.931s  Test=0.160s  Peak RAM Train=46.079 MB  Peak RAM Test=17.423 MB
2026-05-19 12:11:19 | INFO | [ncluster=277/277] AUC-ROC=84.57%  AUC-PR=84.82%  F1=0.8259  MCC=0.6184  Train=0.854s  Test=0.151s  Peak RAM Train=46.087 MB  Peak RAM Test=17.423 MB
2026-05-19 12:11:19 | INFO | [ncluster=280/280] AUC-ROC=82.07%  AUC-PR=81.88%  F1=0.8068  MCC=0.5691  Train=0.816s  Test=0.155s  Peak RAM Train=46.086 MB  Peak RAM Test=17.423 MB
2026-05-19 12:11:19 | INFO | [ncluster=283/283] AUC-ROC=84.71%  AUC-PR=84.76%  F1=0.8356  MCC=0.6373  Train=0.734s  Test=0.146s  Peak RAM Train=46.083 MB  Peak RAM Test=17.423 MB
2026-05-19 12:11:19 | INFO | [ncluster=286/286] AUC-ROC=81.97%  AUC-PR=81.07%  F1=0.8100  MCC=0.5732  Train=0.727s  Test=0.165s  Peak RAM Train=46.082 MB  Peak RAM Test=17.171 MB
2026-05-19 12:11:19 | INFO | [ncluster=289/289] AUC-ROC=84.87%  AUC-PR=85.37%  F1=0.8243  MCC=0.6172  Train=0.682s  Test=0.169s  Peak RAM Train=46.088 MB  Peak RAM Test=17.171 MB
2026-05-19 12:11:19 | INFO | [ncluster=292/292] AUC-ROC=80.86%  AUC-PR=80.76%  F1=0.7914  MCC=0.5335  Train=0.634s  Test=0.139s  Peak RAM Train=46.083 MB  Peak RAM Test=17.423 MB
2026-05-19 12:11:19 | INFO | [ncluster=295/295] AUC-ROC=83.74%  AUC-PR=83.44%  F1=0.8143  MCC=0.5913  Train=0.582s  Test=0.118s  Peak RAM Train=46.083 MB  Peak RAM Test=17.675 MB
2026-05-19 12:11:19 | INFO | [ncluster=298/298] AUC-ROC=83.94%  AUC-PR=84.02%  F1=0.8259  MCC=0.6145  Train=0.598s  Test=0.138s  Peak RAM Train=46.089 MB  Peak RAM Test=17.675 MB
2026-05-19 12:11:19 | INFO | 
>>> Processing data_EdgeIIoTset | scaler=Normalizer
2026-05-19 12:11:19 | INFO | --- noise=0% ---
2026-05-19 12:11:19 | INFO | ============================================================
2026-05-19 12:11:19 | INFO | Dataset  : Train_Normalizer_data_EdgeIIoTset.csv
2026-05-19 12:11:19 | INFO | Scaler   : Normalizer
2026-05-19 12:11:19 | INFO | Noise    : 0%
2026-05-19 12:11:19 | INFO | nClusters: 100 values (1..298)
2026-05-19 12:11:19 | INFO | K-Means  : Standard KMeans
2026-05-19 12:11:19 | INFO | ============================================================
2026-05-19 12:11:20 | INFO | Loaded Raw Shape -> Train: (30000, 53), Test: (30000, 53)
2026-05-19 12:11:20 | INFO | Training size : 30,000  |  Testing size: 30,000  |  Features: 52
2026-05-19 12:11:20 | INFO | Firing up Parallel execution for 100 cluster configs...
2026-05-19 12:17:59 | INFO | [ncluster=1/1] AUC-ROC=100.00%  AUC-PR=100.00%  F1=1.0000  MCC=1.0000  Train=0.925s  Test=0.071s  Peak RAM Train=43.83 MB  Peak RAM Test=27.755 MB
2026-05-19 12:17:59 | INFO | [ncluster=4/4] AUC-ROC=100.00%  AUC-PR=100.00%  F1=1.0000  MCC=1.0000  Train=0.848s  Test=0.100s  Peak RAM Train=43.833 MB  Peak RAM Test=27.515 MB
2026-05-19 12:17:59 | INFO | [ncluster=7/7] AUC-ROC=100.00%  AUC-PR=100.00%  F1=1.0000  MCC=1.0000  Train=0.823s  Test=0.078s  Peak RAM Train=43.832 MB  Peak RAM Test=27.755 MB
2026-05-19 12:17:59 | INFO | [ncluster=10/10] AUC-ROC=100.00%  AUC-PR=100.00%  F1=1.0000  MCC=1.0000  Train=0.876s  Test=0.089s  Peak RAM Train=43.836 MB  Peak RAM Test=27.755 MB
2026-05-19 12:17:59 | INFO | [ncluster=13/13] AUC-ROC=100.00%  AUC-PR=100.00%  F1=1.0000  MCC=1.0000  Train=0.667s  Test=0.086s  Peak RAM Train=43.833 MB  Peak RAM Test=27.515 MB
2026-05-19 12:17:59 | INFO | [ncluster=16/16] AUC-ROC=100.00%  AUC-PR=100.00%  F1=1.0000  MCC=1.0000  Train=0.793s  Test=0.076s  Peak RAM Train=43.835 MB  Peak RAM Test=27.755 MB
2026-05-19 12:17:59 | INFO | [ncluster=19/19] AUC-ROC=100.00%  AUC-PR=100.00%  F1=1.0000  MCC=1.0000  Train=0.695s  Test=0.084s  Peak RAM Train=43.834 MB  Peak RAM Test=27.755 MB
2026-05-19 12:17:59 | INFO | [ncluster=22/22] AUC-ROC=100.00%  AUC-PR=100.00%  F1=1.0000  MCC=1.0000  Train=0.890s  Test=0.132s  Peak RAM Train=43.836 MB  Peak RAM Test=27.755 MB
2026-05-19 12:17:59 | INFO | [ncluster=25/25] AUC-ROC=100.00%  AUC-PR=100.00%  F1=1.0000  MCC=1.0000  Train=0.789s  Test=0.089s  Peak RAM Train=43.837 MB  Peak RAM Test=27.995 MB
2026-05-19 12:17:59 | INFO | [ncluster=28/28] AUC-ROC=100.00%  AUC-PR=100.00%  F1=1.0000  MCC=1.0000  Train=0.794s  Test=0.089s  Peak RAM Train=43.843 MB  Peak RAM Test=27.755 MB
2026-05-19 12:17:59 | INFO | [ncluster=31/31] AUC-ROC=100.00%  AUC-PR=100.00%  F1=1.0000  MCC=1.0000  Train=0.810s  Test=0.111s  Peak RAM Train=43.84 MB  Peak RAM Test=27.995 MB
2026-05-19 12:17:59 | INFO | [ncluster=34/34] AUC-ROC=100.00%  AUC-PR=100.00%  F1=1.0000  MCC=1.0000  Train=0.822s  Test=0.100s  Peak RAM Train=43.838 MB  Peak RAM Test=27.995 MB
2026-05-19 12:17:59 | INFO | [ncluster=37/37] AUC-ROC=100.00%  AUC-PR=100.00%  F1=1.0000  MCC=1.0000  Train=0.800s  Test=0.089s  Peak RAM Train=43.84 MB  Peak RAM Test=27.995 MB
2026-05-19 12:17:59 | INFO | [ncluster=40/40] AUC-ROC=100.00%  AUC-PR=100.00%  F1=1.0000  MCC=1.0000  Train=0.620s  Test=0.099s  Peak RAM Train=43.84 MB  Peak RAM Test=27.755 MB
2026-05-19 12:17:59 | INFO | [ncluster=43/43] AUC-ROC=100.00%  AUC-PR=100.00%  F1=1.0000  MCC=1.0000  Train=0.804s  Test=0.093s  Peak RAM Train=43.84 MB  Peak RAM Test=27.995 MB
2026-05-19 12:17:59 | INFO | [ncluster=46/46] AUC-ROC=100.00%  AUC-PR=100.00%  F1=1.0000  MCC=1.0000  Train=0.871s  Test=0.130s  Peak RAM Train=43.841 MB  Peak RAM Test=27.995 MB
2026-05-19 12:17:59 | INFO | [ncluster=49/49] AUC-ROC=100.00%  AUC-PR=100.00%  F1=1.0000  MCC=1.0000  Train=0.901s  Test=0.115s  Peak RAM Train=43.84 MB  Peak RAM Test=27.995 MB
2026-05-19 12:17:59 | INFO | [ncluster=52/52] AUC-ROC=100.00%  AUC-PR=100.00%  F1=1.0000  MCC=1.0000  Train=0.921s  Test=0.108s  Peak RAM Train=43.842 MB  Peak RAM Test=27.995 MB
2026-05-19 12:17:59 | INFO | [ncluster=55/55] AUC-ROC=100.00%  AUC-PR=100.00%  F1=1.0000  MCC=1.0000  Train=0.933s  Test=0.111s  Peak RAM Train=43.841 MB  Peak RAM Test=27.995 MB
2026-05-19 12:17:59 | INFO | [ncluster=58/58] AUC-ROC=100.00%  AUC-PR=100.00%  F1=1.0000  MCC=1.0000  Train=0.849s  Test=0.113s  Peak RAM Train=43.844 MB  Peak RAM Test=27.755 MB
2026-05-19 12:17:59 | INFO | [ncluster=61/61] AUC-ROC=100.00%  AUC-PR=100.00%  F1=1.0000  MCC=1.0000  Train=0.571s  Test=0.046s  Peak RAM Train=43.845 MB  Peak RAM Test=27.755 MB
2026-05-19 12:17:59 | INFO | [ncluster=64/64] AUC-ROC=100.00%  AUC-PR=100.00%  F1=1.0000  MCC=1.0000  Train=0.932s  Test=0.118s  Peak RAM Train=43.844 MB  Peak RAM Test=27.755 MB
2026-05-19 12:17:59 | INFO | [ncluster=67/67] AUC-ROC=100.00%  AUC-PR=100.00%  F1=1.0000  MCC=1.0000  Train=0.920s  Test=0.140s  Peak RAM Train=43.846 MB  Peak RAM Test=27.995 MB
2026-05-19 12:17:59 | INFO | [ncluster=70/70] AUC-ROC=100.00%  AUC-PR=100.00%  F1=1.0000  MCC=1.0000  Train=0.701s  Test=0.097s  Peak RAM Train=43.845 MB  Peak RAM Test=27.995 MB
2026-05-19 12:17:59 | INFO | [ncluster=73/73] AUC-ROC=100.00%  AUC-PR=100.00%  F1=1.0000  MCC=1.0000  Train=0.850s  Test=0.131s  Peak RAM Train=43.847 MB  Peak RAM Test=27.995 MB
2026-05-19 12:17:59 | INFO | [ncluster=76/76] AUC-ROC=100.00%  AUC-PR=100.00%  F1=1.0000  MCC=1.0000  Train=0.576s  Test=0.063s  Peak RAM Train=43.848 MB  Peak RAM Test=27.755 MB
2026-05-19 12:17:59 | INFO | [ncluster=79/79] AUC-ROC=100.00%  AUC-PR=100.00%  F1=1.0000  MCC=1.0000  Train=0.800s  Test=0.105s  Peak RAM Train=43.848 MB  Peak RAM Test=27.995 MB
2026-05-19 12:17:59 | INFO | [ncluster=82/82] AUC-ROC=100.00%  AUC-PR=100.00%  F1=1.0000  MCC=1.0000  Train=0.676s  Test=0.108s  Peak RAM Train=43.848 MB  Peak RAM Test=27.755 MB
2026-05-19 12:17:59 | INFO | [ncluster=85/85] AUC-ROC=100.00%  AUC-PR=100.00%  F1=1.0000  MCC=1.0000  Train=0.876s  Test=0.130s  Peak RAM Train=43.849 MB  Peak RAM Test=27.755 MB
2026-05-19 12:17:59 | INFO | [ncluster=88/88] AUC-ROC=100.00%  AUC-PR=100.00%  F1=1.0000  MCC=1.0000  Train=0.790s  Test=0.125s  Peak RAM Train=43.85 MB  Peak RAM Test=27.995 MB
2026-05-19 12:17:59 | INFO | [ncluster=91/91] AUC-ROC=100.00%  AUC-PR=100.00%  F1=1.0000  MCC=1.0000  Train=0.813s  Test=0.128s  Peak RAM Train=43.851 MB  Peak RAM Test=27.515 MB
2026-05-19 12:17:59 | INFO | [ncluster=94/94] AUC-ROC=100.00%  AUC-PR=100.00%  F1=1.0000  MCC=1.0000  Train=0.755s  Test=0.134s  Peak RAM Train=43.853 MB  Peak RAM Test=27.755 MB
2026-05-19 12:17:59 | INFO | [ncluster=97/97] AUC-ROC=100.00%  AUC-PR=100.00%  F1=1.0000  MCC=1.0000  Train=0.812s  Test=0.142s  Peak RAM Train=43.852 MB  Peak RAM Test=27.755 MB
2026-05-19 12:17:59 | INFO | [ncluster=100/100] AUC-ROC=100.00%  AUC-PR=100.00%  F1=1.0000  MCC=1.0000  Train=0.904s  Test=0.145s  Peak RAM Train=43.853 MB  Peak RAM Test=27.755 MB
2026-05-19 12:17:59 | INFO | [ncluster=103/103] AUC-ROC=100.00%  AUC-PR=100.00%  F1=1.0000  MCC=1.0000  Train=0.915s  Test=0.136s  Peak RAM Train=43.853 MB  Peak RAM Test=27.995 MB
2026-05-19 12:17:59 | INFO | [ncluster=106/106] AUC-ROC=100.00%  AUC-PR=100.00%  F1=1.0000  MCC=1.0000  Train=0.883s  Test=0.125s  Peak RAM Train=43.854 MB  Peak RAM Test=27.755 MB
2026-05-19 12:17:59 | INFO | [ncluster=109/109] AUC-ROC=100.00%  AUC-PR=100.00%  F1=1.0000  MCC=1.0000  Train=0.908s  Test=0.130s  Peak RAM Train=43.853 MB  Peak RAM Test=27.995 MB
2026-05-19 12:17:59 | INFO | [ncluster=112/112] AUC-ROC=100.00%  AUC-PR=100.00%  F1=1.0000  MCC=1.0000  Train=0.668s  Test=0.077s  Peak RAM Train=43.854 MB  Peak RAM Test=27.995 MB
2026-05-19 12:17:59 | INFO | [ncluster=115/115] AUC-ROC=100.00%  AUC-PR=100.00%  F1=1.0000  MCC=1.0000  Train=0.759s  Test=0.121s  Peak RAM Train=43.856 MB  Peak RAM Test=27.995 MB
2026-05-19 12:17:59 | INFO | [ncluster=118/118] AUC-ROC=100.00%  AUC-PR=100.00%  F1=1.0000  MCC=1.0000  Train=0.886s  Test=0.136s  Peak RAM Train=43.855 MB  Peak RAM Test=27.995 MB
2026-05-19 12:17:59 | INFO | [ncluster=121/121] AUC-ROC=100.00%  AUC-PR=100.00%  F1=1.0000  MCC=1.0000  Train=0.899s  Test=0.146s  Peak RAM Train=43.856 MB  Peak RAM Test=27.995 MB
2026-05-19 12:17:59 | INFO | [ncluster=124/124] AUC-ROC=100.00%  AUC-PR=100.00%  F1=1.0000  MCC=1.0000  Train=0.794s  Test=0.118s  Peak RAM Train=43.858 MB  Peak RAM Test=27.995 MB
2026-05-19 12:17:59 | INFO | [ncluster=127/127] AUC-ROC=100.00%  AUC-PR=100.00%  F1=1.0000  MCC=1.0000  Train=0.879s  Test=0.176s  Peak RAM Train=43.858 MB  Peak RAM Test=27.995 MB
2026-05-19 12:17:59 | INFO | [ncluster=130/130] AUC-ROC=100.00%  AUC-PR=100.00%  F1=1.0000  MCC=1.0000  Train=0.857s  Test=0.156s  Peak RAM Train=43.86 MB  Peak RAM Test=27.995 MB
2026-05-19 12:17:59 | INFO | [ncluster=133/133] AUC-ROC=100.00%  AUC-PR=100.00%  F1=1.0000  MCC=1.0000  Train=0.910s  Test=0.137s  Peak RAM Train=43.859 MB  Peak RAM Test=27.755 MB
2026-05-19 12:17:59 | INFO | [ncluster=136/136] AUC-ROC=100.00%  AUC-PR=100.00%  F1=1.0000  MCC=1.0000  Train=0.751s  Test=0.110s  Peak RAM Train=43.859 MB  Peak RAM Test=27.995 MB
2026-05-19 12:17:59 | INFO | [ncluster=139/139] AUC-ROC=100.00%  AUC-PR=100.00%  F1=1.0000  MCC=1.0000  Train=0.788s  Test=0.135s  Peak RAM Train=43.86 MB  Peak RAM Test=27.995 MB
2026-05-19 12:17:59 | INFO | [ncluster=142/142] AUC-ROC=100.00%  AUC-PR=100.00%  F1=1.0000  MCC=1.0000  Train=0.912s  Test=0.171s  Peak RAM Train=43.862 MB  Peak RAM Test=27.995 MB
2026-05-19 12:17:59 | INFO | [ncluster=145/145] AUC-ROC=100.00%  AUC-PR=100.00%  F1=1.0000  MCC=1.0000  Train=0.845s  Test=0.137s  Peak RAM Train=43.861 MB  Peak RAM Test=27.995 MB
2026-05-19 12:17:59 | INFO | [ncluster=148/148] AUC-ROC=100.00%  AUC-PR=100.00%  F1=1.0000  MCC=1.0000  Train=0.877s  Test=0.136s  Peak RAM Train=43.861 MB  Peak RAM Test=27.995 MB
2026-05-19 12:17:59 | INFO | [ncluster=151/151] AUC-ROC=100.00%  AUC-PR=100.00%  F1=1.0000  MCC=1.0000  Train=0.821s  Test=0.128s  Peak RAM Train=43.863 MB  Peak RAM Test=27.995 MB
2026-05-19 12:17:59 | INFO | [ncluster=154/154] AUC-ROC=100.00%  AUC-PR=100.00%  F1=1.0000  MCC=1.0000  Train=0.871s  Test=0.152s  Peak RAM Train=43.864 MB  Peak RAM Test=27.995 MB
2026-05-19 12:17:59 | INFO | [ncluster=157/157] AUC-ROC=100.00%  AUC-PR=100.00%  F1=1.0000  MCC=1.0000  Train=0.657s  Test=0.160s  Peak RAM Train=43.865 MB  Peak RAM Test=27.995 MB
2026-05-19 12:17:59 | INFO | [ncluster=160/160] AUC-ROC=100.00%  AUC-PR=100.00%  F1=1.0000  MCC=1.0000  Train=1.200s  Test=0.167s  Peak RAM Train=43.864 MB  Peak RAM Test=27.995 MB
2026-05-19 12:17:59 | INFO | [ncluster=163/163] AUC-ROC=100.00%  AUC-PR=100.00%  F1=1.0000  MCC=1.0000  Train=0.934s  Test=0.166s  Peak RAM Train=43.866 MB  Peak RAM Test=27.755 MB
2026-05-19 12:17:59 | INFO | [ncluster=166/166] AUC-ROC=99.99%  AUC-PR=99.99%  F1=0.9999  MCC=0.9999  Train=0.853s  Test=0.158s  Peak RAM Train=43.866 MB  Peak RAM Test=27.515 MB
2026-05-19 12:17:59 | INFO | [ncluster=169/169] AUC-ROC=100.00%  AUC-PR=100.00%  F1=1.0000  MCC=1.0000  Train=0.775s  Test=0.162s  Peak RAM Train=43.867 MB  Peak RAM Test=27.995 MB
2026-05-19 12:17:59 | INFO | [ncluster=172/172] AUC-ROC=100.00%  AUC-PR=100.00%  F1=1.0000  MCC=1.0000  Train=0.879s  Test=0.181s  Peak RAM Train=43.866 MB  Peak RAM Test=27.995 MB
2026-05-19 12:17:59 | INFO | [ncluster=175/175] AUC-ROC=99.99%  AUC-PR=99.99%  F1=0.9999  MCC=0.9999  Train=0.856s  Test=0.162s  Peak RAM Train=43.868 MB  Peak RAM Test=27.515 MB
2026-05-19 12:17:59 | INFO | [ncluster=178/178] AUC-ROC=100.00%  AUC-PR=100.00%  F1=1.0000  MCC=1.0000  Train=0.919s  Test=0.174s  Peak RAM Train=43.869 MB  Peak RAM Test=27.995 MB
2026-05-19 12:17:59 | INFO | [ncluster=181/181] AUC-ROC=99.99%  AUC-PR=99.99%  F1=0.9999  MCC=0.9999  Train=0.831s  Test=0.154s  Peak RAM Train=43.869 MB  Peak RAM Test=27.755 MB
2026-05-19 12:17:59 | INFO | [ncluster=184/184] AUC-ROC=99.99%  AUC-PR=99.99%  F1=0.9999  MCC=0.9999  Train=0.801s  Test=0.188s  Peak RAM Train=43.87 MB  Peak RAM Test=27.755 MB
2026-05-19 12:17:59 | INFO | [ncluster=187/187] AUC-ROC=99.99%  AUC-PR=99.99%  F1=0.9999  MCC=0.9999  Train=0.670s  Test=0.160s  Peak RAM Train=43.871 MB  Peak RAM Test=27.755 MB
2026-05-19 12:17:59 | INFO | [ncluster=190/190] AUC-ROC=99.99%  AUC-PR=99.99%  F1=0.9999  MCC=0.9999  Train=0.603s  Test=0.128s  Peak RAM Train=43.871 MB  Peak RAM Test=27.755 MB
2026-05-19 12:17:59 | INFO | [ncluster=193/193] AUC-ROC=99.99%  AUC-PR=99.99%  F1=0.9999  MCC=0.9999  Train=0.751s  Test=0.046s  Peak RAM Train=43.873 MB  Peak RAM Test=27.515 MB
2026-05-19 12:17:59 | INFO | [ncluster=196/196] AUC-ROC=99.99%  AUC-PR=99.99%  F1=0.9999  MCC=0.9999  Train=0.769s  Test=0.166s  Peak RAM Train=43.871 MB  Peak RAM Test=27.755 MB
2026-05-19 12:17:59 | INFO | [ncluster=199/199] AUC-ROC=99.99%  AUC-PR=99.99%  F1=0.9999  MCC=0.9999  Train=0.770s  Test=0.174s  Peak RAM Train=43.874 MB  Peak RAM Test=27.515 MB
2026-05-19 12:17:59 | INFO | [ncluster=202/202] AUC-ROC=99.99%  AUC-PR=99.99%  F1=0.9999  MCC=0.9999  Train=0.811s  Test=0.158s  Peak RAM Train=43.874 MB  Peak RAM Test=27.755 MB
2026-05-19 12:17:59 | INFO | [ncluster=205/205] AUC-ROC=99.99%  AUC-PR=99.99%  F1=0.9999  MCC=0.9999  Train=0.805s  Test=0.133s  Peak RAM Train=43.874 MB  Peak RAM Test=27.515 MB
2026-05-19 12:17:59 | INFO | [ncluster=208/208] AUC-ROC=99.99%  AUC-PR=99.99%  F1=0.9999  MCC=0.9999  Train=0.747s  Test=0.157s  Peak RAM Train=43.876 MB  Peak RAM Test=27.755 MB
2026-05-19 12:17:59 | INFO | [ncluster=211/211] AUC-ROC=99.99%  AUC-PR=99.99%  F1=0.9999  MCC=0.9999  Train=0.624s  Test=0.151s  Peak RAM Train=43.876 MB  Peak RAM Test=27.755 MB
2026-05-19 12:17:59 | INFO | [ncluster=214/214] AUC-ROC=99.99%  AUC-PR=99.99%  F1=0.9999  MCC=0.9999  Train=0.499s  Test=0.147s  Peak RAM Train=43.877 MB  Peak RAM Test=27.755 MB
2026-05-19 12:17:59 | INFO | [ncluster=217/217] AUC-ROC=99.99%  AUC-PR=99.99%  F1=0.9999  MCC=0.9999  Train=0.603s  Test=0.119s  Peak RAM Train=43.878 MB  Peak RAM Test=27.755 MB
2026-05-19 12:17:59 | INFO | [ncluster=220/220] AUC-ROC=99.99%  AUC-PR=99.99%  F1=0.9999  MCC=0.9999  Train=0.728s  Test=0.124s  Peak RAM Train=43.877 MB  Peak RAM Test=27.755 MB
2026-05-19 12:17:59 | INFO | [ncluster=223/223] AUC-ROC=99.99%  AUC-PR=99.99%  F1=0.9999  MCC=0.9999  Train=0.602s  Test=0.102s  Peak RAM Train=43.88 MB  Peak RAM Test=27.755 MB
2026-05-19 12:17:59 | INFO | [ncluster=226/226] AUC-ROC=99.99%  AUC-PR=99.99%  F1=0.9999  MCC=0.9999  Train=0.492s  Test=0.097s  Peak RAM Train=43.879 MB  Peak RAM Test=27.515 MB
2026-05-19 12:17:59 | INFO | [ncluster=229/229] AUC-ROC=99.99%  AUC-PR=99.99%  F1=0.9999  MCC=0.9999  Train=0.358s  Test=0.065s  Peak RAM Train=43.881 MB  Peak RAM Test=27.515 MB
2026-05-19 12:17:59 | INFO | [ncluster=232/232] AUC-ROC=99.99%  AUC-PR=99.99%  F1=0.9999  MCC=0.9999  Train=1.023s  Test=0.234s  Peak RAM Train=43.879 MB  Peak RAM Test=27.755 MB
2026-05-19 12:17:59 | INFO | [ncluster=235/235] AUC-ROC=99.99%  AUC-PR=99.99%  F1=0.9999  MCC=0.9999  Train=1.105s  Test=0.257s  Peak RAM Train=43.881 MB  Peak RAM Test=27.515 MB
2026-05-19 12:17:59 | INFO | [ncluster=238/238] AUC-ROC=99.99%  AUC-PR=99.99%  F1=0.9999  MCC=0.9999  Train=0.761s  Test=0.178s  Peak RAM Train=43.881 MB  Peak RAM Test=27.995 MB
2026-05-19 12:17:59 | INFO | [ncluster=241/241] AUC-ROC=99.99%  AUC-PR=99.99%  F1=0.9999  MCC=0.9999  Train=0.779s  Test=0.152s  Peak RAM Train=43.881 MB  Peak RAM Test=27.515 MB
2026-05-19 12:17:59 | INFO | [ncluster=244/244] AUC-ROC=99.99%  AUC-PR=99.99%  F1=0.9999  MCC=0.9999  Train=0.732s  Test=0.181s  Peak RAM Train=43.882 MB  Peak RAM Test=27.515 MB
2026-05-19 12:17:59 | INFO | [ncluster=247/247] AUC-ROC=99.99%  AUC-PR=99.99%  F1=0.9999  MCC=0.9999  Train=0.812s  Test=0.194s  Peak RAM Train=43.883 MB  Peak RAM Test=27.515 MB
2026-05-19 12:17:59 | INFO | [ncluster=250/250] AUC-ROC=99.99%  AUC-PR=99.99%  F1=0.9999  MCC=0.9999  Train=1.017s  Test=0.191s  Peak RAM Train=43.884 MB  Peak RAM Test=27.755 MB
2026-05-19 12:17:59 | INFO | [ncluster=253/253] AUC-ROC=99.99%  AUC-PR=99.99%  F1=0.9999  MCC=0.9999  Train=0.867s  Test=0.228s  Peak RAM Train=43.886 MB  Peak RAM Test=27.755 MB
2026-05-19 12:17:59 | INFO | [ncluster=256/256] AUC-ROC=99.99%  AUC-PR=99.99%  F1=0.9999  MCC=0.9999  Train=0.885s  Test=0.231s  Peak RAM Train=43.886 MB  Peak RAM Test=27.755 MB
2026-05-19 12:17:59 | INFO | [ncluster=259/259] AUC-ROC=99.99%  AUC-PR=99.99%  F1=0.9999  MCC=0.9999  Train=0.763s  Test=0.181s  Peak RAM Train=43.887 MB  Peak RAM Test=27.755 MB
2026-05-19 12:17:59 | INFO | [ncluster=262/262] AUC-ROC=99.99%  AUC-PR=99.99%  F1=0.9999  MCC=0.9999  Train=0.751s  Test=0.160s  Peak RAM Train=43.886 MB  Peak RAM Test=27.515 MB
2026-05-19 12:17:59 | INFO | [ncluster=265/265] AUC-ROC=99.99%  AUC-PR=99.99%  F1=0.9999  MCC=0.9999  Train=0.859s  Test=0.180s  Peak RAM Train=43.888 MB  Peak RAM Test=27.755 MB
2026-05-19 12:17:59 | INFO | [ncluster=268/268] AUC-ROC=99.99%  AUC-PR=99.99%  F1=0.9999  MCC=0.9999  Train=0.770s  Test=0.198s  Peak RAM Train=43.887 MB  Peak RAM Test=27.755 MB
2026-05-19 12:17:59 | INFO | [ncluster=271/271] AUC-ROC=99.99%  AUC-PR=99.99%  F1=0.9999  MCC=0.9999  Train=1.021s  Test=0.253s  Peak RAM Train=43.889 MB  Peak RAM Test=27.755 MB
2026-05-19 12:17:59 | INFO | [ncluster=274/274] AUC-ROC=99.99%  AUC-PR=99.99%  F1=0.9999  MCC=0.9999  Train=0.814s  Test=0.186s  Peak RAM Train=43.889 MB  Peak RAM Test=27.755 MB
2026-05-19 12:17:59 | INFO | [ncluster=277/277] AUC-ROC=99.99%  AUC-PR=99.99%  F1=0.9999  MCC=0.9999  Train=0.870s  Test=0.208s  Peak RAM Train=43.889 MB  Peak RAM Test=27.755 MB
2026-05-19 12:17:59 | INFO | [ncluster=280/280] AUC-ROC=99.99%  AUC-PR=99.99%  F1=0.9999  MCC=0.9999  Train=0.810s  Test=0.152s  Peak RAM Train=43.89 MB  Peak RAM Test=27.755 MB
2026-05-19 12:17:59 | INFO | [ncluster=283/283] AUC-ROC=99.99%  AUC-PR=99.99%  F1=0.9999  MCC=0.9999  Train=0.581s  Test=0.162s  Peak RAM Train=43.89 MB  Peak RAM Test=27.755 MB
2026-05-19 12:17:59 | INFO | [ncluster=286/286] AUC-ROC=99.99%  AUC-PR=99.99%  F1=0.9999  MCC=0.9999  Train=0.782s  Test=0.175s  Peak RAM Train=43.892 MB  Peak RAM Test=27.515 MB
2026-05-19 12:17:59 | INFO | [ncluster=289/289] AUC-ROC=99.99%  AUC-PR=99.99%  F1=0.9999  MCC=0.9999  Train=0.417s  Test=0.077s  Peak RAM Train=43.893 MB  Peak RAM Test=27.755 MB
2026-05-19 12:17:59 | INFO | [ncluster=292/292] AUC-ROC=99.99%  AUC-PR=99.99%  F1=0.9999  MCC=0.9999  Train=0.300s  Test=0.133s  Peak RAM Train=43.893 MB  Peak RAM Test=27.515 MB
2026-05-19 12:17:59 | INFO | [ncluster=295/295] AUC-ROC=99.99%  AUC-PR=99.99%  F1=0.9999  MCC=0.9999  Train=0.503s  Test=0.089s  Peak RAM Train=43.893 MB  Peak RAM Test=27.755 MB
2026-05-19 12:17:59 | INFO | [ncluster=298/298] AUC-ROC=99.99%  AUC-PR=99.99%  F1=0.9999  MCC=0.9999  Train=0.338s  Test=0.101s  Peak RAM Train=43.895 MB  Peak RAM Test=27.515 MB
2026-05-19 12:17:59 | INFO | --- noise=1% ---
2026-05-19 12:17:59 | INFO | ============================================================
2026-05-19 12:17:59 | INFO | Dataset  : Train_Normalizer_data_EdgeIIoTset.csv
2026-05-19 12:17:59 | INFO | Scaler   : Normalizer
2026-05-19 12:17:59 | INFO | Noise    : 1%
2026-05-19 12:17:59 | INFO | nClusters: 100 values (1..298)
2026-05-19 12:17:59 | INFO | K-Means  : Standard KMeans
2026-05-19 12:17:59 | INFO | ============================================================
2026-05-19 12:18:00 | INFO | Loaded Raw Shape -> Train: (30000, 53), Test: (30000, 53)
2026-05-19 12:18:00 | INFO | Training size : 30,300  |  Testing size: 29,700  |  Features: 52
2026-05-19 12:18:00 | INFO | Firing up Parallel execution for 100 cluster configs...
2026-05-19 12:24:34 | INFO | [ncluster=1/1] AUC-ROC=98.16%  AUC-PR=98.12%  F1=0.9417  MCC=0.8825  Train=1.242s  Test=0.071s  Peak RAM Train=44.268 MB  Peak RAM Test=14.579 MB
2026-05-19 12:24:34 | INFO | [ncluster=4/4] AUC-ROC=98.05%  AUC-PR=98.09%  F1=0.9405  MCC=0.8808  Train=0.471s  Test=0.047s  Peak RAM Train=44.269 MB  Peak RAM Test=14.579 MB
2026-05-19 12:24:34 | INFO | [ncluster=7/7] AUC-ROC=97.74%  AUC-PR=97.70%  F1=0.9372  MCC=0.8734  Train=0.845s  Test=0.044s  Peak RAM Train=44.271 MB  Peak RAM Test=14.579 MB
2026-05-19 12:24:34 | INFO | [ncluster=10/10] AUC-ROC=92.84%  AUC-PR=94.26%  F1=0.8927  MCC=0.7814  Train=0.909s  Test=0.066s  Peak RAM Train=44.271 MB  Peak RAM Test=14.094 MB
2026-05-19 12:24:34 | INFO | [ncluster=13/13] AUC-ROC=93.52%  AUC-PR=95.05%  F1=0.9019  MCC=0.8022  Train=0.892s  Test=0.062s  Peak RAM Train=44.271 MB  Peak RAM Test=14.094 MB
2026-05-19 12:24:34 | INFO | [ncluster=16/16] AUC-ROC=92.80%  AUC-PR=94.39%  F1=0.8865  MCC=0.7720  Train=1.118s  Test=0.071s  Peak RAM Train=44.272 MB  Peak RAM Test=14.094 MB
2026-05-19 12:24:34 | INFO | [ncluster=19/19] AUC-ROC=92.82%  AUC-PR=94.50%  F1=0.8852  MCC=0.7693  Train=0.982s  Test=0.061s  Peak RAM Train=44.273 MB  Peak RAM Test=14.094 MB
2026-05-19 12:24:34 | INFO | [ncluster=22/22] AUC-ROC=94.28%  AUC-PR=95.86%  F1=0.9190  MCC=0.8407  Train=1.019s  Test=0.069s  Peak RAM Train=44.274 MB  Peak RAM Test=14.336 MB
2026-05-19 12:24:34 | INFO | [ncluster=25/25] AUC-ROC=94.30%  AUC-PR=95.86%  F1=0.9188  MCC=0.8393  Train=0.878s  Test=0.048s  Peak RAM Train=44.274 MB  Peak RAM Test=14.094 MB
2026-05-19 12:24:34 | INFO | [ncluster=28/28] AUC-ROC=99.05%  AUC-PR=99.11%  F1=0.9616  MCC=0.9235  Train=0.823s  Test=0.052s  Peak RAM Train=44.274 MB  Peak RAM Test=13.851 MB
2026-05-19 12:24:34 | INFO | [ncluster=31/31] AUC-ROC=99.33%  AUC-PR=99.16%  F1=0.9732  MCC=0.9456  Train=0.882s  Test=0.052s  Peak RAM Train=44.275 MB  Peak RAM Test=13.609 MB
2026-05-19 12:24:34 | INFO | [ncluster=34/34] AUC-ROC=98.46%  AUC-PR=98.12%  F1=0.9482  MCC=0.8938  Train=0.904s  Test=0.051s  Peak RAM Train=44.277 MB  Peak RAM Test=13.609 MB
2026-05-19 12:24:34 | INFO | [ncluster=37/37] AUC-ROC=99.30%  AUC-PR=99.13%  F1=0.9720  MCC=0.9430  Train=0.853s  Test=0.073s  Peak RAM Train=44.277 MB  Peak RAM Test=13.609 MB
2026-05-19 12:24:34 | INFO | [ncluster=40/40] AUC-ROC=99.29%  AUC-PR=99.08%  F1=0.9787  MCC=0.9568  Train=0.883s  Test=0.064s  Peak RAM Train=44.278 MB  Peak RAM Test=13.852 MB
2026-05-19 12:24:34 | INFO | [ncluster=43/43] AUC-ROC=99.55%  AUC-PR=99.47%  F1=0.9808  MCC=0.9611  Train=0.806s  Test=0.079s  Peak RAM Train=44.278 MB  Peak RAM Test=13.609 MB
2026-05-19 12:24:34 | INFO | [ncluster=46/46] AUC-ROC=99.44%  AUC-PR=99.37%  F1=0.9750  MCC=0.9494  Train=0.927s  Test=0.071s  Peak RAM Train=44.278 MB  Peak RAM Test=13.609 MB
2026-05-19 12:24:34 | INFO | [ncluster=49/49] AUC-ROC=99.46%  AUC-PR=99.33%  F1=0.9781  MCC=0.9556  Train=0.860s  Test=0.070s  Peak RAM Train=44.278 MB  Peak RAM Test=13.609 MB
2026-05-19 12:24:34 | INFO | [ncluster=52/52] AUC-ROC=98.94%  AUC-PR=98.61%  F1=0.9714  MCC=0.9417  Train=0.856s  Test=0.061s  Peak RAM Train=44.279 MB  Peak RAM Test=13.851 MB
2026-05-19 12:24:34 | INFO | [ncluster=55/55] AUC-ROC=99.27%  AUC-PR=98.89%  F1=0.9780  MCC=0.9554  Train=0.651s  Test=0.106s  Peak RAM Train=44.281 MB  Peak RAM Test=13.852 MB
2026-05-19 12:24:34 | INFO | [ncluster=58/58] AUC-ROC=99.42%  AUC-PR=99.33%  F1=0.9737  MCC=0.9464  Train=0.489s  Test=0.056s  Peak RAM Train=44.281 MB  Peak RAM Test=13.609 MB
2026-05-19 12:24:34 | INFO | [ncluster=61/61] AUC-ROC=99.46%  AUC-PR=99.39%  F1=0.9746  MCC=0.9483  Train=0.996s  Test=0.059s  Peak RAM Train=44.282 MB  Peak RAM Test=13.609 MB
2026-05-19 12:24:34 | INFO | [ncluster=64/64] AUC-ROC=99.45%  AUC-PR=99.31%  F1=0.9784  MCC=0.9562  Train=0.878s  Test=0.056s  Peak RAM Train=44.282 MB  Peak RAM Test=13.609 MB
2026-05-19 12:24:34 | INFO | [ncluster=67/67] AUC-ROC=99.41%  AUC-PR=99.31%  F1=0.9745  MCC=0.9482  Train=0.945s  Test=0.074s  Peak RAM Train=44.283 MB  Peak RAM Test=13.609 MB
2026-05-19 12:24:34 | INFO | [ncluster=70/70] AUC-ROC=99.66%  AUC-PR=99.66%  F1=0.9797  MCC=0.9588  Train=0.836s  Test=0.059s  Peak RAM Train=44.284 MB  Peak RAM Test=13.609 MB
2026-05-19 12:24:34 | INFO | [ncluster=73/73] AUC-ROC=99.47%  AUC-PR=99.41%  F1=0.9742  MCC=0.9476  Train=0.836s  Test=0.066s  Peak RAM Train=44.284 MB  Peak RAM Test=13.609 MB
2026-05-19 12:24:34 | INFO | [ncluster=76/76] AUC-ROC=99.39%  AUC-PR=99.29%  F1=0.9701  MCC=0.9391  Train=0.821s  Test=0.091s  Peak RAM Train=44.284 MB  Peak RAM Test=13.609 MB
2026-05-19 12:24:34 | INFO | [ncluster=79/79] AUC-ROC=99.48%  AUC-PR=99.41%  F1=0.9784  MCC=0.9561  Train=0.832s  Test=0.089s  Peak RAM Train=44.286 MB  Peak RAM Test=13.609 MB
2026-05-19 12:24:34 | INFO | [ncluster=82/82] AUC-ROC=99.34%  AUC-PR=99.24%  F1=0.9682  MCC=0.9353  Train=1.010s  Test=0.089s  Peak RAM Train=44.286 MB  Peak RAM Test=13.851 MB
2026-05-19 12:24:34 | INFO | [ncluster=85/85] AUC-ROC=99.40%  AUC-PR=99.24%  F1=0.9707  MCC=0.9405  Train=0.915s  Test=0.093s  Peak RAM Train=44.287 MB  Peak RAM Test=13.609 MB
2026-05-19 12:24:34 | INFO | [ncluster=88/88] AUC-ROC=99.28%  AUC-PR=99.15%  F1=0.9689  MCC=0.9369  Train=0.929s  Test=0.106s  Peak RAM Train=44.287 MB  Peak RAM Test=13.609 MB
2026-05-19 12:24:34 | INFO | [ncluster=91/91] AUC-ROC=99.73%  AUC-PR=99.74%  F1=0.9849  MCC=0.9694  Train=0.966s  Test=0.102s  Peak RAM Train=44.288 MB  Peak RAM Test=13.609 MB
2026-05-19 12:24:34 | INFO | [ncluster=94/94] AUC-ROC=99.51%  AUC-PR=99.50%  F1=0.9750  MCC=0.9492  Train=0.900s  Test=0.068s  Peak RAM Train=44.289 MB  Peak RAM Test=13.609 MB
2026-05-19 12:24:34 | INFO | [ncluster=97/97] AUC-ROC=99.06%  AUC-PR=98.86%  F1=0.9620  MCC=0.9231  Train=0.876s  Test=0.120s  Peak RAM Train=44.29 MB  Peak RAM Test=13.852 MB
2026-05-19 12:24:34 | INFO | [ncluster=100/100] AUC-ROC=99.48%  AUC-PR=99.32%  F1=0.9818  MCC=0.9630  Train=0.684s  Test=0.049s  Peak RAM Train=44.29 MB  Peak RAM Test=13.609 MB
2026-05-19 12:24:34 | INFO | [ncluster=103/103] AUC-ROC=99.53%  AUC-PR=99.51%  F1=0.9731  MCC=0.9454  Train=0.944s  Test=0.092s  Peak RAM Train=44.291 MB  Peak RAM Test=13.609 MB
2026-05-19 12:24:34 | INFO | [ncluster=106/106] AUC-ROC=99.66%  AUC-PR=99.65%  F1=0.9773  MCC=0.9539  Train=0.848s  Test=0.098s  Peak RAM Train=44.291 MB  Peak RAM Test=13.609 MB
2026-05-19 12:24:34 | INFO | [ncluster=109/109] AUC-ROC=99.74%  AUC-PR=99.75%  F1=0.9859  MCC=0.9713  Train=0.866s  Test=0.086s  Peak RAM Train=44.292 MB  Peak RAM Test=13.609 MB
2026-05-19 12:24:34 | INFO | [ncluster=112/112] AUC-ROC=99.73%  AUC-PR=99.77%  F1=0.9860  MCC=0.9717  Train=0.975s  Test=0.099s  Peak RAM Train=44.293 MB  Peak RAM Test=13.609 MB
2026-05-19 12:24:34 | INFO | [ncluster=115/115] AUC-ROC=99.71%  AUC-PR=99.70%  F1=0.9856  MCC=0.9707  Train=0.731s  Test=0.084s  Peak RAM Train=44.293 MB  Peak RAM Test=13.609 MB
2026-05-19 12:24:34 | INFO | [ncluster=118/118] AUC-ROC=99.63%  AUC-PR=99.66%  F1=0.9833  MCC=0.9663  Train=1.025s  Test=0.119s  Peak RAM Train=44.294 MB  Peak RAM Test=13.851 MB
2026-05-19 12:24:34 | INFO | [ncluster=121/121] AUC-ROC=98.63%  AUC-PR=98.27%  F1=0.9530  MCC=0.9051  Train=0.875s  Test=0.080s  Peak RAM Train=44.293 MB  Peak RAM Test=14.094 MB
2026-05-19 12:24:34 | INFO | [ncluster=124/124] AUC-ROC=99.39%  AUC-PR=99.26%  F1=0.9793  MCC=0.9582  Train=0.827s  Test=0.096s  Peak RAM Train=44.295 MB  Peak RAM Test=14.094 MB
2026-05-19 12:24:34 | INFO | [ncluster=127/127] AUC-ROC=99.31%  AUC-PR=99.29%  F1=0.9680  MCC=0.9351  Train=0.823s  Test=0.102s  Peak RAM Train=44.296 MB  Peak RAM Test=13.851 MB
2026-05-19 12:24:34 | INFO | [ncluster=130/130] AUC-ROC=99.55%  AUC-PR=99.49%  F1=0.9732  MCC=0.9456  Train=0.869s  Test=0.090s  Peak RAM Train=44.296 MB  Peak RAM Test=13.852 MB
2026-05-19 12:24:34 | INFO | [ncluster=133/133] AUC-ROC=99.59%  AUC-PR=99.61%  F1=0.9774  MCC=0.9546  Train=0.990s  Test=0.106s  Peak RAM Train=44.297 MB  Peak RAM Test=13.851 MB
2026-05-19 12:24:34 | INFO | [ncluster=136/136] AUC-ROC=99.02%  AUC-PR=98.81%  F1=0.9670  MCC=0.9330  Train=0.821s  Test=0.127s  Peak RAM Train=44.298 MB  Peak RAM Test=14.094 MB
2026-05-19 12:24:34 | INFO | [ncluster=139/139] AUC-ROC=98.88%  AUC-PR=98.69%  F1=0.9544  MCC=0.9070  Train=0.845s  Test=0.100s  Peak RAM Train=44.299 MB  Peak RAM Test=14.094 MB
2026-05-19 12:24:34 | INFO | [ncluster=142/142] AUC-ROC=99.45%  AUC-PR=99.37%  F1=0.9761  MCC=0.9514  Train=0.942s  Test=0.105s  Peak RAM Train=44.3 MB  Peak RAM Test=13.852 MB
2026-05-19 12:24:34 | INFO | [ncluster=145/145] AUC-ROC=99.29%  AUC-PR=99.23%  F1=0.9708  MCC=0.9408  Train=0.887s  Test=0.103s  Peak RAM Train=44.3 MB  Peak RAM Test=13.852 MB
2026-05-19 12:24:34 | INFO | [ncluster=148/148] AUC-ROC=99.32%  AUC-PR=99.25%  F1=0.9763  MCC=0.9521  Train=0.891s  Test=0.121s  Peak RAM Train=44.3 MB  Peak RAM Test=13.852 MB
2026-05-19 12:24:34 | INFO | [ncluster=151/151] AUC-ROC=98.85%  AUC-PR=98.62%  F1=0.9572  MCC=0.9129  Train=1.051s  Test=0.152s  Peak RAM Train=44.3 MB  Peak RAM Test=14.094 MB
2026-05-19 12:24:34 | INFO | [ncluster=154/154] AUC-ROC=99.28%  AUC-PR=99.18%  F1=0.9733  MCC=0.9459  Train=1.007s  Test=0.120s  Peak RAM Train=44.301 MB  Peak RAM Test=14.094 MB
2026-05-19 12:24:34 | INFO | [ncluster=157/157] AUC-ROC=98.95%  AUC-PR=98.61%  F1=0.9668  MCC=0.9323  Train=1.010s  Test=0.117s  Peak RAM Train=44.302 MB  Peak RAM Test=14.336 MB
2026-05-19 12:24:34 | INFO | [ncluster=160/160] AUC-ROC=99.15%  AUC-PR=98.96%  F1=0.9715  MCC=0.9420  Train=1.107s  Test=0.122s  Peak RAM Train=44.303 MB  Peak RAM Test=14.094 MB
2026-05-19 12:24:34 | INFO | [ncluster=163/163] AUC-ROC=99.78%  AUC-PR=99.76%  F1=0.9861  MCC=0.9718  Train=0.962s  Test=0.152s  Peak RAM Train=44.304 MB  Peak RAM Test=13.852 MB
2026-05-19 12:24:34 | INFO | [ncluster=166/166] AUC-ROC=99.55%  AUC-PR=99.54%  F1=0.9790  MCC=0.9576  Train=0.734s  Test=0.124s  Peak RAM Train=44.304 MB  Peak RAM Test=14.094 MB
2026-05-19 12:24:34 | INFO | [ncluster=169/169] AUC-ROC=99.78%  AUC-PR=99.79%  F1=0.9826  MCC=0.9650  Train=0.822s  Test=0.149s  Peak RAM Train=44.305 MB  Peak RAM Test=14.094 MB
2026-05-19 12:24:34 | INFO | [ncluster=172/172] AUC-ROC=99.64%  AUC-PR=99.64%  F1=0.9762  MCC=0.9519  Train=1.043s  Test=0.149s  Peak RAM Train=44.305 MB  Peak RAM Test=14.094 MB
2026-05-19 12:24:34 | INFO | [ncluster=175/175] AUC-ROC=99.73%  AUC-PR=99.72%  F1=0.9823  MCC=0.9642  Train=0.837s  Test=0.109s  Peak RAM Train=44.307 MB  Peak RAM Test=14.336 MB
2026-05-19 12:24:34 | INFO | [ncluster=178/178] AUC-ROC=99.63%  AUC-PR=99.61%  F1=0.9758  MCC=0.9513  Train=0.815s  Test=0.069s  Peak RAM Train=44.305 MB  Peak RAM Test=14.094 MB
2026-05-19 12:24:34 | INFO | [ncluster=181/181] AUC-ROC=99.37%  AUC-PR=99.30%  F1=0.9761  MCC=0.9517  Train=0.868s  Test=0.115s  Peak RAM Train=44.307 MB  Peak RAM Test=14.094 MB
2026-05-19 12:24:34 | INFO | [ncluster=184/184] AUC-ROC=99.69%  AUC-PR=99.69%  F1=0.9797  MCC=0.9591  Train=1.120s  Test=0.139s  Peak RAM Train=44.307 MB  Peak RAM Test=14.094 MB
2026-05-19 12:24:34 | INFO | [ncluster=187/187] AUC-ROC=99.70%  AUC-PR=99.67%  F1=0.9840  MCC=0.9677  Train=0.799s  Test=0.163s  Peak RAM Train=44.308 MB  Peak RAM Test=14.094 MB
2026-05-19 12:24:34 | INFO | [ncluster=190/190] AUC-ROC=99.44%  AUC-PR=99.28%  F1=0.9748  MCC=0.9492  Train=0.859s  Test=0.110s  Peak RAM Train=44.309 MB  Peak RAM Test=14.094 MB
2026-05-19 12:24:34 | INFO | [ncluster=193/193] AUC-ROC=99.62%  AUC-PR=99.64%  F1=0.9763  MCC=0.9518  Train=0.961s  Test=0.148s  Peak RAM Train=44.31 MB  Peak RAM Test=14.094 MB
2026-05-19 12:24:34 | INFO | [ncluster=196/196] AUC-ROC=99.54%  AUC-PR=99.52%  F1=0.9801  MCC=0.9597  Train=1.282s  Test=0.191s  Peak RAM Train=44.31 MB  Peak RAM Test=14.094 MB
2026-05-19 12:24:34 | INFO | [ncluster=199/199] AUC-ROC=99.66%  AUC-PR=99.60%  F1=0.9843  MCC=0.9683  Train=0.809s  Test=0.140s  Peak RAM Train=44.311 MB  Peak RAM Test=14.336 MB
2026-05-19 12:24:34 | INFO | [ncluster=202/202] AUC-ROC=99.55%  AUC-PR=99.49%  F1=0.9771  MCC=0.9537  Train=0.910s  Test=0.128s  Peak RAM Train=44.312 MB  Peak RAM Test=14.094 MB
2026-05-19 12:24:34 | INFO | [ncluster=205/205] AUC-ROC=99.61%  AUC-PR=99.57%  F1=0.9766  MCC=0.9530  Train=1.039s  Test=0.111s  Peak RAM Train=44.312 MB  Peak RAM Test=14.094 MB
2026-05-19 12:24:34 | INFO | [ncluster=208/208] AUC-ROC=99.51%  AUC-PR=99.45%  F1=0.9793  MCC=0.9580  Train=0.866s  Test=0.133s  Peak RAM Train=44.312 MB  Peak RAM Test=14.094 MB
2026-05-19 12:24:34 | INFO | [ncluster=211/211] AUC-ROC=99.67%  AUC-PR=99.66%  F1=0.9808  MCC=0.9611  Train=1.296s  Test=0.181s  Peak RAM Train=44.314 MB  Peak RAM Test=14.094 MB
2026-05-19 12:24:34 | INFO | [ncluster=214/214] AUC-ROC=99.70%  AUC-PR=99.66%  F1=0.9832  MCC=0.9660  Train=1.022s  Test=0.163s  Peak RAM Train=44.315 MB  Peak RAM Test=14.094 MB
2026-05-19 12:24:34 | INFO | [ncluster=217/217] AUC-ROC=99.51%  AUC-PR=99.45%  F1=0.9802  MCC=0.9599  Train=1.084s  Test=0.140s  Peak RAM Train=44.314 MB  Peak RAM Test=14.336 MB
2026-05-19 12:24:34 | INFO | [ncluster=220/220] AUC-ROC=99.48%  AUC-PR=99.36%  F1=0.9783  MCC=0.9559  Train=0.900s  Test=0.171s  Peak RAM Train=44.315 MB  Peak RAM Test=14.094 MB
2026-05-19 12:24:34 | INFO | [ncluster=223/223] AUC-ROC=99.44%  AUC-PR=99.32%  F1=0.9786  MCC=0.9568  Train=0.949s  Test=0.140s  Peak RAM Train=44.315 MB  Peak RAM Test=14.094 MB
2026-05-19 12:24:34 | INFO | [ncluster=226/226] AUC-ROC=99.64%  AUC-PR=99.61%  F1=0.9811  MCC=0.9620  Train=0.977s  Test=0.140s  Peak RAM Train=44.316 MB  Peak RAM Test=14.094 MB
2026-05-19 12:24:34 | INFO | [ncluster=229/229] AUC-ROC=99.63%  AUC-PR=99.58%  F1=0.9797  MCC=0.9588  Train=0.895s  Test=0.135s  Peak RAM Train=44.316 MB  Peak RAM Test=14.094 MB
2026-05-19 12:24:34 | INFO | [ncluster=232/232] AUC-ROC=99.47%  AUC-PR=99.42%  F1=0.9738  MCC=0.9468  Train=1.159s  Test=0.185s  Peak RAM Train=44.317 MB  Peak RAM Test=14.094 MB
2026-05-19 12:24:34 | INFO | [ncluster=235/235] AUC-ROC=99.00%  AUC-PR=98.65%  F1=0.9654  MCC=0.9296  Train=0.975s  Test=0.183s  Peak RAM Train=44.319 MB  Peak RAM Test=14.094 MB
2026-05-19 12:24:34 | INFO | [ncluster=238/238] AUC-ROC=99.40%  AUC-PR=99.35%  F1=0.9717  MCC=0.9424  Train=1.068s  Test=0.198s  Peak RAM Train=44.32 MB  Peak RAM Test=14.094 MB
2026-05-19 12:24:34 | INFO | [ncluster=241/241] AUC-ROC=99.59%  AUC-PR=99.55%  F1=0.9803  MCC=0.9600  Train=1.058s  Test=0.202s  Peak RAM Train=44.32 MB  Peak RAM Test=14.094 MB
2026-05-19 12:24:34 | INFO | [ncluster=244/244] AUC-ROC=99.63%  AUC-PR=99.59%  F1=0.9812  MCC=0.9619  Train=0.858s  Test=0.166s  Peak RAM Train=44.32 MB  Peak RAM Test=14.094 MB
2026-05-19 12:24:34 | INFO | [ncluster=247/247] AUC-ROC=99.57%  AUC-PR=99.55%  F1=0.9778  MCC=0.9548  Train=1.223s  Test=0.206s  Peak RAM Train=44.321 MB  Peak RAM Test=14.094 MB
2026-05-19 12:24:34 | INFO | [ncluster=250/250] AUC-ROC=99.00%  AUC-PR=98.69%  F1=0.9648  MCC=0.9283  Train=0.954s  Test=0.178s  Peak RAM Train=44.323 MB  Peak RAM Test=14.094 MB
2026-05-19 12:24:34 | INFO | [ncluster=253/253] AUC-ROC=99.55%  AUC-PR=99.51%  F1=0.9766  MCC=0.9525  Train=0.957s  Test=0.189s  Peak RAM Train=44.322 MB  Peak RAM Test=14.094 MB
2026-05-19 12:24:34 | INFO | [ncluster=256/256] AUC-ROC=99.51%  AUC-PR=99.45%  F1=0.9771  MCC=0.9534  Train=1.111s  Test=0.179s  Peak RAM Train=44.322 MB  Peak RAM Test=14.094 MB
2026-05-19 12:24:34 | INFO | [ncluster=259/259] AUC-ROC=99.51%  AUC-PR=99.44%  F1=0.9766  MCC=0.9527  Train=0.992s  Test=0.168s  Peak RAM Train=44.324 MB  Peak RAM Test=14.094 MB
2026-05-19 12:24:34 | INFO | [ncluster=262/262] AUC-ROC=99.53%  AUC-PR=99.48%  F1=0.9748  MCC=0.9490  Train=0.983s  Test=0.176s  Peak RAM Train=44.324 MB  Peak RAM Test=14.094 MB
2026-05-19 12:24:34 | INFO | [ncluster=265/265] AUC-ROC=99.68%  AUC-PR=99.69%  F1=0.9762  MCC=0.9517  Train=0.862s  Test=0.135s  Peak RAM Train=44.325 MB  Peak RAM Test=14.336 MB
2026-05-19 12:24:34 | INFO | [ncluster=268/268] AUC-ROC=99.57%  AUC-PR=99.51%  F1=0.9791  MCC=0.9576  Train=0.809s  Test=0.207s  Peak RAM Train=44.326 MB  Peak RAM Test=14.336 MB
2026-05-19 12:24:34 | INFO | [ncluster=271/271] AUC-ROC=99.58%  AUC-PR=99.53%  F1=0.9789  MCC=0.9574  Train=0.620s  Test=0.107s  Peak RAM Train=44.326 MB  Peak RAM Test=14.094 MB
2026-05-19 12:24:34 | INFO | [ncluster=274/274] AUC-ROC=99.33%  AUC-PR=99.25%  F1=0.9681  MCC=0.9351  Train=0.802s  Test=0.121s  Peak RAM Train=44.327 MB  Peak RAM Test=14.336 MB
2026-05-19 12:24:34 | INFO | [ncluster=277/277] AUC-ROC=99.26%  AUC-PR=99.21%  F1=0.9641  MCC=0.9270  Train=0.513s  Test=0.096s  Peak RAM Train=44.328 MB  Peak RAM Test=14.094 MB
2026-05-19 12:24:34 | INFO | [ncluster=280/280] AUC-ROC=99.88%  AUC-PR=99.89%  F1=0.9918  MCC=0.9834  Train=0.538s  Test=0.096s  Peak RAM Train=44.328 MB  Peak RAM Test=14.336 MB
2026-05-19 12:24:34 | INFO | [ncluster=283/283] AUC-ROC=99.42%  AUC-PR=99.34%  F1=0.9741  MCC=0.9476  Train=0.304s  Test=0.107s  Peak RAM Train=44.329 MB  Peak RAM Test=14.094 MB
2026-05-19 12:24:34 | INFO | [ncluster=286/286] AUC-ROC=99.80%  AUC-PR=99.79%  F1=0.9860  MCC=0.9717  Train=0.642s  Test=0.121s  Peak RAM Train=44.331 MB  Peak RAM Test=14.336 MB
2026-05-19 12:24:34 | INFO | [ncluster=289/289] AUC-ROC=99.40%  AUC-PR=99.35%  F1=0.9673  MCC=0.9344  Train=0.296s  Test=0.081s  Peak RAM Train=44.33 MB  Peak RAM Test=14.094 MB
2026-05-19 12:24:34 | INFO | [ncluster=292/292] AUC-ROC=99.81%  AUC-PR=99.81%  F1=0.9861  MCC=0.9719  Train=0.260s  Test=0.085s  Peak RAM Train=44.331 MB  Peak RAM Test=14.336 MB
2026-05-19 12:24:34 | INFO | [ncluster=295/295] AUC-ROC=99.87%  AUC-PR=99.88%  F1=0.9894  MCC=0.9787  Train=0.185s  Test=0.071s  Peak RAM Train=44.332 MB  Peak RAM Test=14.336 MB
2026-05-19 12:24:34 | INFO | [ncluster=298/298] AUC-ROC=99.79%  AUC-PR=99.78%  F1=0.9854  MCC=0.9705  Train=0.200s  Test=0.052s  Peak RAM Train=44.335 MB  Peak RAM Test=14.336 MB
2026-05-19 12:24:34 | INFO | --- noise=3% ---
2026-05-19 12:24:34 | INFO | ============================================================
2026-05-19 12:24:34 | INFO | Dataset  : Train_Normalizer_data_EdgeIIoTset.csv
2026-05-19 12:24:34 | INFO | Scaler   : Normalizer
2026-05-19 12:24:34 | INFO | Noise    : 3%
2026-05-19 12:24:34 | INFO | nClusters: 100 values (1..298)
2026-05-19 12:24:34 | INFO | K-Means  : Standard KMeans
2026-05-19 12:24:34 | INFO | ============================================================
2026-05-19 12:24:34 | INFO | Loaded Raw Shape -> Train: (30000, 53), Test: (30000, 53)
2026-05-19 12:24:34 | INFO | Training size : 30,900  |  Testing size: 29,100  |  Features: 52
2026-05-19 12:24:34 | INFO | Firing up Parallel execution for 100 cluster configs...
2026-05-19 12:32:02 | INFO | [ncluster=1/1] AUC-ROC=95.46%  AUC-PR=94.56%  F1=0.9280  MCC=0.8503  Train=0.965s  Test=0.042s  Peak RAM Train=45.144 MB  Peak RAM Test=14.867 MB
2026-05-19 12:32:02 | INFO | [ncluster=4/4] AUC-ROC=95.38%  AUC-PR=94.18%  F1=0.9334  MCC=0.8613  Train=1.234s  Test=0.076s  Peak RAM Train=45.145 MB  Peak RAM Test=14.62 MB
2026-05-19 12:32:02 | INFO | [ncluster=7/7] AUC-ROC=94.54%  AUC-PR=93.09%  F1=0.9127  MCC=0.8171  Train=1.013s  Test=0.066s  Peak RAM Train=45.146 MB  Peak RAM Test=14.62 MB
2026-05-19 12:32:02 | INFO | [ncluster=10/10] AUC-ROC=93.09%  AUC-PR=92.03%  F1=0.9154  MCC=0.8223  Train=1.201s  Test=0.064s  Peak RAM Train=45.146 MB  Peak RAM Test=14.619 MB
2026-05-19 12:32:02 | INFO | [ncluster=13/13] AUC-ROC=93.44%  AUC-PR=92.83%  F1=0.9104  MCC=0.8132  Train=0.934s  Test=0.070s  Peak RAM Train=45.148 MB  Peak RAM Test=14.372 MB
2026-05-19 12:32:02 | INFO | [ncluster=16/16] AUC-ROC=84.27%  AUC-PR=84.52%  F1=0.8169  MCC=0.6012  Train=1.196s  Test=0.063s  Peak RAM Train=45.148 MB  Peak RAM Test=14.125 MB
2026-05-19 12:32:02 | INFO | [ncluster=19/19] AUC-ROC=81.54%  AUC-PR=81.89%  F1=0.7908  MCC=0.5397  Train=1.192s  Test=0.079s  Peak RAM Train=45.15 MB  Peak RAM Test=14.125 MB
2026-05-19 12:32:02 | INFO | [ncluster=22/22] AUC-ROC=80.69%  AUC-PR=80.02%  F1=0.7977  MCC=0.5512  Train=1.102s  Test=0.075s  Peak RAM Train=45.153 MB  Peak RAM Test=14.125 MB
2026-05-19 12:32:02 | INFO | [ncluster=25/25] AUC-ROC=88.27%  AUC-PR=89.23%  F1=0.8523  MCC=0.6887  Train=1.034s  Test=0.071s  Peak RAM Train=45.152 MB  Peak RAM Test=14.125 MB
2026-05-19 12:32:02 | INFO | [ncluster=28/28] AUC-ROC=87.93%  AUC-PR=88.85%  F1=0.8455  MCC=0.6748  Train=1.031s  Test=0.069s  Peak RAM Train=45.153 MB  Peak RAM Test=14.372 MB
2026-05-19 12:32:02 | INFO | [ncluster=31/31] AUC-ROC=80.29%  AUC-PR=79.51%  F1=0.7968  MCC=0.5495  Train=1.011s  Test=0.073s  Peak RAM Train=45.151 MB  Peak RAM Test=14.125 MB
2026-05-19 12:32:02 | INFO | [ncluster=34/34] AUC-ROC=97.18%  AUC-PR=96.68%  F1=0.9334  MCC=0.8597  Train=1.125s  Test=0.064s  Peak RAM Train=45.152 MB  Peak RAM Test=13.878 MB
2026-05-19 12:32:02 | INFO | [ncluster=37/37] AUC-ROC=92.14%  AUC-PR=88.22%  F1=0.8824  MCC=0.7512  Train=0.856s  Test=0.064s  Peak RAM Train=45.152 MB  Peak RAM Test=14.125 MB
2026-05-19 12:32:02 | INFO | [ncluster=40/40] AUC-ROC=94.87%  AUC-PR=93.00%  F1=0.9109  MCC=0.8107  Train=1.080s  Test=0.082s  Peak RAM Train=45.159 MB  Peak RAM Test=14.125 MB
2026-05-19 12:32:02 | INFO | [ncluster=43/43] AUC-ROC=94.84%  AUC-PR=92.97%  F1=0.9130  MCC=0.8153  Train=1.116s  Test=0.080s  Peak RAM Train=45.154 MB  Peak RAM Test=14.125 MB
2026-05-19 12:32:02 | INFO | [ncluster=46/46] AUC-ROC=95.15%  AUC-PR=93.10%  F1=0.9200  MCC=0.8306  Train=0.899s  Test=0.081s  Peak RAM Train=45.159 MB  Peak RAM Test=14.125 MB
2026-05-19 12:32:02 | INFO | [ncluster=49/49] AUC-ROC=94.69%  AUC-PR=92.99%  F1=0.9076  MCC=0.8036  Train=0.962s  Test=0.075s  Peak RAM Train=45.158 MB  Peak RAM Test=14.125 MB
2026-05-19 12:32:02 | INFO | [ncluster=52/52] AUC-ROC=95.09%  AUC-PR=93.78%  F1=0.9103  MCC=0.8093  Train=1.007s  Test=0.123s  Peak RAM Train=45.159 MB  Peak RAM Test=13.878 MB
2026-05-19 12:32:02 | INFO | [ncluster=55/55] AUC-ROC=94.46%  AUC-PR=92.53%  F1=0.9050  MCC=0.7975  Train=1.047s  Test=0.093s  Peak RAM Train=45.157 MB  Peak RAM Test=14.125 MB
2026-05-19 12:32:02 | INFO | [ncluster=58/58] AUC-ROC=94.85%  AUC-PR=92.83%  F1=0.9118  MCC=0.8127  Train=1.014s  Test=0.073s  Peak RAM Train=45.158 MB  Peak RAM Test=14.125 MB
2026-05-19 12:32:02 | INFO | [ncluster=61/61] AUC-ROC=94.78%  AUC-PR=93.13%  F1=0.9094  MCC=0.8072  Train=1.218s  Test=0.091s  Peak RAM Train=45.158 MB  Peak RAM Test=13.878 MB
2026-05-19 12:32:02 | INFO | [ncluster=64/64] AUC-ROC=94.38%  AUC-PR=92.66%  F1=0.9099  MCC=0.8085  Train=1.084s  Test=0.079s  Peak RAM Train=45.159 MB  Peak RAM Test=13.878 MB
2026-05-19 12:32:02 | INFO | [ncluster=67/67] AUC-ROC=95.79%  AUC-PR=93.77%  F1=0.9224  MCC=0.8361  Train=0.870s  Test=0.072s  Peak RAM Train=45.161 MB  Peak RAM Test=14.125 MB
2026-05-19 12:32:02 | INFO | [ncluster=70/70] AUC-ROC=95.28%  AUC-PR=93.75%  F1=0.9155  MCC=0.8209  Train=0.996s  Test=0.073s  Peak RAM Train=45.159 MB  Peak RAM Test=13.878 MB
2026-05-19 12:32:02 | INFO | [ncluster=73/73] AUC-ROC=94.27%  AUC-PR=91.76%  F1=0.9090  MCC=0.8066  Train=0.997s  Test=0.091s  Peak RAM Train=45.163 MB  Peak RAM Test=14.125 MB
2026-05-19 12:32:02 | INFO | [ncluster=76/76] AUC-ROC=95.09%  AUC-PR=93.58%  F1=0.9136  MCC=0.8167  Train=1.009s  Test=0.098s  Peak RAM Train=45.161 MB  Peak RAM Test=14.125 MB
2026-05-19 12:32:02 | INFO | [ncluster=79/79] AUC-ROC=94.38%  AUC-PR=91.65%  F1=0.9068  MCC=0.8016  Train=0.981s  Test=0.081s  Peak RAM Train=45.164 MB  Peak RAM Test=14.125 MB
2026-05-19 12:32:02 | INFO | [ncluster=82/82] AUC-ROC=94.54%  AUC-PR=92.99%  F1=0.9127  MCC=0.8146  Train=0.874s  Test=0.087s  Peak RAM Train=45.164 MB  Peak RAM Test=13.878 MB
2026-05-19 12:32:02 | INFO | [ncluster=85/85] AUC-ROC=94.83%  AUC-PR=92.77%  F1=0.9175  MCC=0.8254  Train=1.082s  Test=0.099s  Peak RAM Train=45.166 MB  Peak RAM Test=14.125 MB
2026-05-19 12:32:02 | INFO | [ncluster=88/88] AUC-ROC=93.93%  AUC-PR=90.26%  F1=0.9109  MCC=0.8112  Train=1.065s  Test=0.110s  Peak RAM Train=45.163 MB  Peak RAM Test=14.125 MB
2026-05-19 12:32:02 | INFO | [ncluster=91/91] AUC-ROC=95.79%  AUC-PR=94.68%  F1=0.9163  MCC=0.8224  Train=0.997s  Test=0.091s  Peak RAM Train=45.166 MB  Peak RAM Test=13.878 MB
2026-05-19 12:32:02 | INFO | [ncluster=94/94] AUC-ROC=93.51%  AUC-PR=89.13%  F1=0.9056  MCC=0.7996  Train=1.016s  Test=0.099s  Peak RAM Train=45.165 MB  Peak RAM Test=14.125 MB
2026-05-19 12:32:02 | INFO | [ncluster=97/97] AUC-ROC=95.46%  AUC-PR=93.34%  F1=0.9209  MCC=0.8326  Train=0.978s  Test=0.082s  Peak RAM Train=45.166 MB  Peak RAM Test=14.125 MB
2026-05-19 12:32:02 | INFO | [ncluster=100/100] AUC-ROC=94.77%  AUC-PR=93.45%  F1=0.9041  MCC=0.7981  Train=0.873s  Test=0.083s  Peak RAM Train=45.167 MB  Peak RAM Test=13.878 MB
2026-05-19 12:32:02 | INFO | [ncluster=103/103] AUC-ROC=94.08%  AUC-PR=90.85%  F1=0.9065  MCC=0.8029  Train=0.858s  Test=0.107s  Peak RAM Train=45.167 MB  Peak RAM Test=14.125 MB
2026-05-19 12:32:02 | INFO | [ncluster=106/106] AUC-ROC=95.86%  AUC-PR=94.72%  F1=0.9158  MCC=0.8238  Train=1.123s  Test=0.102s  Peak RAM Train=45.168 MB  Peak RAM Test=13.878 MB
2026-05-19 12:32:02 | INFO | [ncluster=109/109] AUC-ROC=95.35%  AUC-PR=94.19%  F1=0.9141  MCC=0.8197  Train=0.799s  Test=0.093s  Peak RAM Train=45.167 MB  Peak RAM Test=13.878 MB
2026-05-19 12:32:02 | INFO | [ncluster=112/112] AUC-ROC=95.06%  AUC-PR=93.86%  F1=0.9001  MCC=0.7902  Train=0.889s  Test=0.089s  Peak RAM Train=45.169 MB  Peak RAM Test=13.878 MB
2026-05-19 12:32:02 | INFO | [ncluster=115/115] AUC-ROC=97.45%  AUC-PR=97.20%  F1=0.9375  MCC=0.8697  Train=0.855s  Test=0.110s  Peak RAM Train=45.17 MB  Peak RAM Test=13.878 MB
2026-05-19 12:32:02 | INFO | [ncluster=118/118] AUC-ROC=97.93%  AUC-PR=97.44%  F1=0.9528  MCC=0.9013  Train=0.846s  Test=0.101s  Peak RAM Train=45.171 MB  Peak RAM Test=13.878 MB
2026-05-19 12:32:02 | INFO | [ncluster=121/121] AUC-ROC=96.30%  AUC-PR=94.90%  F1=0.9240  MCC=0.8417  Train=0.948s  Test=0.097s  Peak RAM Train=45.171 MB  Peak RAM Test=14.125 MB
2026-05-19 12:32:02 | INFO | [ncluster=124/124] AUC-ROC=96.11%  AUC-PR=95.35%  F1=0.9167  MCC=0.8240  Train=0.958s  Test=0.141s  Peak RAM Train=45.171 MB  Peak RAM Test=13.878 MB
2026-05-19 12:32:02 | INFO | [ncluster=127/127] AUC-ROC=94.98%  AUC-PR=92.72%  F1=0.9132  MCC=0.8182  Train=0.819s  Test=0.069s  Peak RAM Train=45.173 MB  Peak RAM Test=14.125 MB
2026-05-19 12:32:02 | INFO | [ncluster=130/130] AUC-ROC=96.49%  AUC-PR=94.87%  F1=0.9367  MCC=0.8677  Train=1.011s  Test=0.118s  Peak RAM Train=45.172 MB  Peak RAM Test=14.125 MB
2026-05-19 12:32:02 | INFO | [ncluster=133/133] AUC-ROC=97.34%  AUC-PR=96.09%  F1=0.9520  MCC=0.8996  Train=1.004s  Test=0.140s  Peak RAM Train=45.174 MB  Peak RAM Test=14.125 MB
2026-05-19 12:32:02 | INFO | [ncluster=136/136] AUC-ROC=96.04%  AUC-PR=93.93%  F1=0.9360  MCC=0.8652  Train=0.924s  Test=0.099s  Peak RAM Train=45.174 MB  Peak RAM Test=14.125 MB
2026-05-19 12:32:02 | INFO | [ncluster=139/139] AUC-ROC=96.94%  AUC-PR=96.18%  F1=0.9371  MCC=0.8676  Train=1.146s  Test=0.130s  Peak RAM Train=45.175 MB  Peak RAM Test=13.878 MB
2026-05-19 12:32:02 | INFO | [ncluster=142/142] AUC-ROC=96.75%  AUC-PR=95.74%  F1=0.9348  MCC=0.8629  Train=0.930s  Test=0.124s  Peak RAM Train=45.175 MB  Peak RAM Test=13.878 MB
2026-05-19 12:32:02 | INFO | [ncluster=145/145] AUC-ROC=96.37%  AUC-PR=94.52%  F1=0.9350  MCC=0.8630  Train=0.881s  Test=0.099s  Peak RAM Train=45.175 MB  Peak RAM Test=14.125 MB
2026-05-19 12:32:02 | INFO | [ncluster=148/148] AUC-ROC=96.33%  AUC-PR=94.32%  F1=0.9370  MCC=0.8675  Train=0.928s  Test=0.134s  Peak RAM Train=45.177 MB  Peak RAM Test=14.125 MB
2026-05-19 12:32:02 | INFO | [ncluster=151/151] AUC-ROC=96.32%  AUC-PR=94.72%  F1=0.9338  MCC=0.8609  Train=1.094s  Test=0.149s  Peak RAM Train=45.178 MB  Peak RAM Test=14.372 MB
2026-05-19 12:32:02 | INFO | [ncluster=154/154] AUC-ROC=94.59%  AUC-PR=94.07%  F1=0.8921  MCC=0.7722  Train=0.855s  Test=0.118s  Peak RAM Train=45.178 MB  Peak RAM Test=14.125 MB
2026-05-19 12:32:02 | INFO | [ncluster=157/157] AUC-ROC=95.40%  AUC-PR=92.82%  F1=0.9249  MCC=0.8413  Train=1.026s  Test=0.117s  Peak RAM Train=45.179 MB  Peak RAM Test=14.372 MB
2026-05-19 12:32:02 | INFO | [ncluster=160/160] AUC-ROC=97.08%  AUC-PR=96.67%  F1=0.9344  MCC=0.8618  Train=1.013s  Test=0.132s  Peak RAM Train=45.179 MB  Peak RAM Test=13.878 MB
2026-05-19 12:32:02 | INFO | [ncluster=163/163] AUC-ROC=95.76%  AUC-PR=94.17%  F1=0.9293  MCC=0.8509  Train=0.884s  Test=0.101s  Peak RAM Train=45.181 MB  Peak RAM Test=14.125 MB
2026-05-19 12:32:02 | INFO | [ncluster=166/166] AUC-ROC=98.52%  AUC-PR=98.09%  F1=0.9604  MCC=0.9172  Train=1.043s  Test=0.169s  Peak RAM Train=45.18 MB  Peak RAM Test=14.372 MB
2026-05-19 12:32:02 | INFO | [ncluster=169/169] AUC-ROC=96.75%  AUC-PR=96.14%  F1=0.9306  MCC=0.8537  Train=0.853s  Test=0.135s  Peak RAM Train=45.181 MB  Peak RAM Test=13.878 MB
2026-05-19 12:32:02 | INFO | [ncluster=172/172] AUC-ROC=95.82%  AUC-PR=94.39%  F1=0.9248  MCC=0.8411  Train=1.040s  Test=0.154s  Peak RAM Train=45.182 MB  Peak RAM Test=14.125 MB
2026-05-19 12:32:02 | INFO | [ncluster=175/175] AUC-ROC=95.97%  AUC-PR=94.65%  F1=0.9263  MCC=0.8449  Train=0.969s  Test=0.147s  Peak RAM Train=45.182 MB  Peak RAM Test=14.125 MB
2026-05-19 12:32:02 | INFO | [ncluster=178/178] AUC-ROC=96.65%  AUC-PR=95.90%  F1=0.9276  MCC=0.8471  Train=0.783s  Test=0.105s  Peak RAM Train=45.183 MB  Peak RAM Test=14.125 MB
2026-05-19 12:32:02 | INFO | [ncluster=181/181] AUC-ROC=98.11%  AUC-PR=97.59%  F1=0.9538  MCC=0.9034  Train=0.803s  Test=0.118s  Peak RAM Train=45.185 MB  Peak RAM Test=14.372 MB
2026-05-19 12:32:02 | INFO | [ncluster=184/184] AUC-ROC=94.67%  AUC-PR=92.23%  F1=0.9170  MCC=0.8240  Train=0.994s  Test=0.148s  Peak RAM Train=45.184 MB  Peak RAM Test=14.372 MB
2026-05-19 12:32:02 | INFO | [ncluster=187/187] AUC-ROC=97.37%  AUC-PR=97.18%  F1=0.9304  MCC=0.8555  Train=0.919s  Test=0.136s  Peak RAM Train=45.185 MB  Peak RAM Test=14.125 MB
2026-05-19 12:32:02 | INFO | [ncluster=190/190] AUC-ROC=95.47%  AUC-PR=94.03%  F1=0.9136  MCC=0.8171  Train=0.918s  Test=0.145s  Peak RAM Train=45.186 MB  Peak RAM Test=14.372 MB
2026-05-19 12:32:02 | INFO | [ncluster=193/193] AUC-ROC=95.89%  AUC-PR=94.74%  F1=0.9226  MCC=0.8363  Train=0.884s  Test=0.153s  Peak RAM Train=45.186 MB  Peak RAM Test=14.125 MB
2026-05-19 12:32:02 | INFO | [ncluster=196/196] AUC-ROC=98.91%  AUC-PR=98.57%  F1=0.9623  MCC=0.9214  Train=1.171s  Test=0.163s  Peak RAM Train=45.186 MB  Peak RAM Test=14.125 MB
2026-05-19 12:32:02 | INFO | [ncluster=199/199] AUC-ROC=96.87%  AUC-PR=95.90%  F1=0.9360  MCC=0.8652  Train=0.988s  Test=0.199s  Peak RAM Train=45.188 MB  Peak RAM Test=14.372 MB
2026-05-19 12:32:02 | INFO | [ncluster=202/202] AUC-ROC=99.27%  AUC-PR=99.13%  F1=0.9718  MCC=0.9414  Train=1.061s  Test=0.153s  Peak RAM Train=45.188 MB  Peak RAM Test=14.372 MB
2026-05-19 12:32:02 | INFO | [ncluster=205/205] AUC-ROC=95.93%  AUC-PR=94.80%  F1=0.9207  MCC=0.8322  Train=0.743s  Test=0.154s  Peak RAM Train=45.189 MB  Peak RAM Test=14.372 MB
2026-05-19 12:32:02 | INFO | [ncluster=208/208] AUC-ROC=96.21%  AUC-PR=95.05%  F1=0.9294  MCC=0.8509  Train=1.094s  Test=0.162s  Peak RAM Train=45.189 MB  Peak RAM Test=14.125 MB
2026-05-19 12:32:02 | INFO | [ncluster=211/211] AUC-ROC=93.72%  AUC-PR=93.22%  F1=0.8704  MCC=0.7325  Train=1.064s  Test=0.174s  Peak RAM Train=45.19 MB  Peak RAM Test=14.125 MB
2026-05-19 12:32:02 | INFO | [ncluster=214/214] AUC-ROC=97.33%  AUC-PR=97.05%  F1=0.9290  MCC=0.8510  Train=1.164s  Test=0.168s  Peak RAM Train=45.19 MB  Peak RAM Test=14.125 MB
2026-05-19 12:32:02 | INFO | [ncluster=217/217] AUC-ROC=96.79%  AUC-PR=96.04%  F1=0.9338  MCC=0.8604  Train=0.977s  Test=0.127s  Peak RAM Train=45.192 MB  Peak RAM Test=14.125 MB
2026-05-19 12:32:02 | INFO | [ncluster=220/220] AUC-ROC=96.42%  AUC-PR=95.65%  F1=0.9253  MCC=0.8423  Train=0.953s  Test=0.153s  Peak RAM Train=45.192 MB  Peak RAM Test=14.125 MB
2026-05-19 12:32:02 | INFO | [ncluster=223/223] AUC-ROC=96.31%  AUC-PR=95.65%  F1=0.9222  MCC=0.8354  Train=1.121s  Test=0.187s  Peak RAM Train=45.193 MB  Peak RAM Test=14.125 MB
2026-05-19 12:32:02 | INFO | [ncluster=226/226] AUC-ROC=97.10%  AUC-PR=96.79%  F1=0.9285  MCC=0.8494  Train=1.083s  Test=0.164s  Peak RAM Train=45.194 MB  Peak RAM Test=14.125 MB
2026-05-19 12:32:02 | INFO | [ncluster=229/229] AUC-ROC=98.98%  AUC-PR=98.68%  F1=0.9642  MCC=0.9255  Train=1.084s  Test=0.152s  Peak RAM Train=45.193 MB  Peak RAM Test=14.62 MB
2026-05-19 12:32:02 | INFO | [ncluster=232/232] AUC-ROC=98.70%  AUC-PR=98.43%  F1=0.9575  MCC=0.9114  Train=1.029s  Test=0.126s  Peak RAM Train=45.195 MB  Peak RAM Test=14.62 MB
2026-05-19 12:32:02 | INFO | [ncluster=235/235] AUC-ROC=96.56%  AUC-PR=96.06%  F1=0.9230  MCC=0.8373  Train=1.023s  Test=0.181s  Peak RAM Train=45.195 MB  Peak RAM Test=14.125 MB
2026-05-19 12:32:02 | INFO | [ncluster=238/238] AUC-ROC=96.51%  AUC-PR=95.98%  F1=0.9216  MCC=0.8343  Train=1.025s  Test=0.181s  Peak RAM Train=45.196 MB  Peak RAM Test=14.125 MB
2026-05-19 12:32:02 | INFO | [ncluster=241/241] AUC-ROC=98.59%  AUC-PR=98.25%  F1=0.9579  MCC=0.9120  Train=1.053s  Test=0.194s  Peak RAM Train=45.196 MB  Peak RAM Test=14.619 MB
2026-05-19 12:32:02 | INFO | [ncluster=244/244] AUC-ROC=97.18%  AUC-PR=96.70%  F1=0.9323  MCC=0.8573  Train=0.802s  Test=0.171s  Peak RAM Train=45.196 MB  Peak RAM Test=14.125 MB
2026-05-19 12:32:02 | INFO | [ncluster=247/247] AUC-ROC=96.75%  AUC-PR=96.04%  F1=0.9261  MCC=0.8439  Train=0.956s  Test=0.196s  Peak RAM Train=45.198 MB  Peak RAM Test=14.372 MB
2026-05-19 12:32:02 | INFO | [ncluster=250/250] AUC-ROC=97.25%  AUC-PR=96.70%  F1=0.9297  MCC=0.8523  Train=1.031s  Test=0.173s  Peak RAM Train=45.198 MB  Peak RAM Test=14.619 MB
2026-05-19 12:32:02 | INFO | [ncluster=253/253] AUC-ROC=96.70%  AUC-PR=95.98%  F1=0.9280  MCC=0.8482  Train=1.001s  Test=0.173s  Peak RAM Train=45.199 MB  Peak RAM Test=14.372 MB
2026-05-19 12:32:02 | INFO | [ncluster=256/256] AUC-ROC=96.65%  AUC-PR=96.09%  F1=0.9203  MCC=0.8324  Train=1.165s  Test=0.150s  Peak RAM Train=45.2 MB  Peak RAM Test=14.125 MB
2026-05-19 12:32:02 | INFO | [ncluster=259/259] AUC-ROC=98.42%  AUC-PR=98.06%  F1=0.9521  MCC=0.9001  Train=0.839s  Test=0.139s  Peak RAM Train=45.2 MB  Peak RAM Test=14.372 MB
2026-05-19 12:32:02 | INFO | [ncluster=262/262] AUC-ROC=99.03%  AUC-PR=98.79%  F1=0.9687  MCC=0.9349  Train=0.975s  Test=0.181s  Peak RAM Train=45.2 MB  Peak RAM Test=14.619 MB
2026-05-19 12:32:02 | INFO | [ncluster=265/265] AUC-ROC=99.15%  AUC-PR=98.96%  F1=0.9691  MCC=0.9357  Train=0.466s  Test=0.184s  Peak RAM Train=45.201 MB  Peak RAM Test=14.372 MB
2026-05-19 12:32:02 | INFO | [ncluster=268/268] AUC-ROC=96.75%  AUC-PR=95.62%  F1=0.9333  MCC=0.8596  Train=1.046s  Test=0.189s  Peak RAM Train=45.204 MB  Peak RAM Test=14.372 MB
2026-05-19 12:32:02 | INFO | [ncluster=271/271] AUC-ROC=96.58%  AUC-PR=95.80%  F1=0.9214  MCC=0.8342  Train=1.056s  Test=0.206s  Peak RAM Train=45.203 MB  Peak RAM Test=14.62 MB
2026-05-19 12:32:02 | INFO | [ncluster=274/274] AUC-ROC=97.73%  AUC-PR=97.14%  F1=0.9419  MCC=0.8787  Train=0.812s  Test=0.180s  Peak RAM Train=45.203 MB  Peak RAM Test=14.62 MB
2026-05-19 12:32:02 | INFO | [ncluster=277/277] AUC-ROC=98.83%  AUC-PR=98.65%  F1=0.9591  MCC=0.9146  Train=0.829s  Test=0.144s  Peak RAM Train=45.204 MB  Peak RAM Test=14.619 MB
2026-05-19 12:32:02 | INFO | [ncluster=280/280] AUC-ROC=95.50%  AUC-PR=94.81%  F1=0.9035  MCC=0.7957  Train=0.848s  Test=0.143s  Peak RAM Train=45.205 MB  Peak RAM Test=14.125 MB
2026-05-19 12:32:02 | INFO | [ncluster=283/283] AUC-ROC=98.63%  AUC-PR=98.27%  F1=0.9619  MCC=0.9208  Train=1.116s  Test=0.141s  Peak RAM Train=45.205 MB  Peak RAM Test=14.372 MB
2026-05-19 12:32:02 | INFO | [ncluster=286/286] AUC-ROC=97.74%  AUC-PR=97.36%  F1=0.9296  MCC=0.8541  Train=0.665s  Test=0.118s  Peak RAM Train=45.206 MB  Peak RAM Test=14.619 MB
2026-05-19 12:32:02 | INFO | [ncluster=289/289] AUC-ROC=95.45%  AUC-PR=94.81%  F1=0.9000  MCC=0.7891  Train=0.649s  Test=0.171s  Peak RAM Train=45.205 MB  Peak RAM Test=14.372 MB
2026-05-19 12:32:02 | INFO | [ncluster=292/292] AUC-ROC=96.19%  AUC-PR=95.28%  F1=0.9165  MCC=0.8237  Train=0.729s  Test=0.114s  Peak RAM Train=45.207 MB  Peak RAM Test=14.372 MB
2026-05-19 12:32:02 | INFO | [ncluster=295/295] AUC-ROC=98.49%  AUC-PR=98.01%  F1=0.9587  MCC=0.9139  Train=0.650s  Test=0.151s  Peak RAM Train=45.207 MB  Peak RAM Test=14.62 MB
2026-05-19 12:32:02 | INFO | [ncluster=298/298] AUC-ROC=97.78%  AUC-PR=97.24%  F1=0.9455  MCC=0.8859  Train=0.538s  Test=0.133s  Peak RAM Train=45.209 MB  Peak RAM Test=14.372 MB
2026-05-19 12:32:02 | INFO | --- noise=5% ---
2026-05-19 12:32:02 | INFO | ============================================================
2026-05-19 12:32:02 | INFO | Dataset  : Train_Normalizer_data_EdgeIIoTset.csv
2026-05-19 12:32:02 | INFO | Scaler   : Normalizer
2026-05-19 12:32:02 | INFO | Noise    : 5%
2026-05-19 12:32:02 | INFO | nClusters: 100 values (1..298)
2026-05-19 12:32:02 | INFO | K-Means  : Standard KMeans
2026-05-19 12:32:02 | INFO | ============================================================
2026-05-19 12:32:03 | INFO | Loaded Raw Shape -> Train: (30000, 53), Test: (30000, 53)
2026-05-19 12:32:03 | INFO | Training size : 31,500  |  Testing size: 28,500  |  Features: 52
2026-05-19 12:32:03 | INFO | Firing up Parallel execution for 100 cluster configs...
2026-05-19 12:39:16 | INFO | [ncluster=1/1] AUC-ROC=93.56%  AUC-PR=92.48%  F1=0.9050  MCC=0.7944  Train=0.735s  Test=0.044s  Peak RAM Train=46.019 MB  Peak RAM Test=14.903 MB
2026-05-19 12:39:16 | INFO | [ncluster=4/4] AUC-ROC=93.49%  AUC-PR=92.03%  F1=0.9069  MCC=0.7980  Train=0.571s  Test=0.050s  Peak RAM Train=46.022 MB  Peak RAM Test=14.903 MB
2026-05-19 12:39:16 | INFO | [ncluster=7/7] AUC-ROC=90.54%  AUC-PR=90.84%  F1=0.8803  MCC=0.7391  Train=1.145s  Test=0.042s  Peak RAM Train=46.022 MB  Peak RAM Test=14.651 MB
2026-05-19 12:39:16 | INFO | [ncluster=10/10] AUC-ROC=90.20%  AUC-PR=89.33%  F1=0.8853  MCC=0.7513  Train=1.047s  Test=0.072s  Peak RAM Train=46.023 MB  Peak RAM Test=14.651 MB
2026-05-19 12:39:16 | INFO | [ncluster=13/13] AUC-ROC=86.40%  AUC-PR=87.63%  F1=0.8308  MCC=0.6339  Train=1.177s  Test=0.075s  Peak RAM Train=46.024 MB  Peak RAM Test=14.399 MB
2026-05-19 12:39:16 | INFO | [ncluster=16/16] AUC-ROC=86.40%  AUC-PR=87.59%  F1=0.8327  MCC=0.6351  Train=1.135s  Test=0.063s  Peak RAM Train=46.024 MB  Peak RAM Test=14.399 MB
2026-05-19 12:39:16 | INFO | [ncluster=19/19] AUC-ROC=75.98%  AUC-PR=75.82%  F1=0.7674  MCC=0.4594  Train=0.978s  Test=0.065s  Peak RAM Train=46.026 MB  Peak RAM Test=14.399 MB
2026-05-19 12:39:16 | INFO | [ncluster=22/22] AUC-ROC=75.92%  AUC-PR=75.70%  F1=0.7686  MCC=0.4591  Train=1.028s  Test=0.078s  Peak RAM Train=46.027 MB  Peak RAM Test=14.399 MB
2026-05-19 12:39:16 | INFO | [ncluster=25/25] AUC-ROC=73.84%  AUC-PR=74.01%  F1=0.7559  MCC=0.4258  Train=1.174s  Test=0.065s  Peak RAM Train=46.026 MB  Peak RAM Test=14.399 MB
2026-05-19 12:39:16 | INFO | [ncluster=28/28] AUC-ROC=73.43%  AUC-PR=73.51%  F1=0.7607  MCC=0.4319  Train=0.893s  Test=0.076s  Peak RAM Train=46.027 MB  Peak RAM Test=14.399 MB
2026-05-19 12:39:16 | INFO | [ncluster=31/31] AUC-ROC=74.24%  AUC-PR=73.57%  F1=0.7624  MCC=0.4415  Train=0.954s  Test=0.073s  Peak RAM Train=46.028 MB  Peak RAM Test=14.651 MB
2026-05-19 12:39:16 | INFO | [ncluster=34/34] AUC-ROC=72.44%  AUC-PR=72.47%  F1=0.7568  MCC=0.4228  Train=1.046s  Test=0.065s  Peak RAM Train=46.029 MB  Peak RAM Test=14.399 MB
2026-05-19 12:39:16 | INFO | [ncluster=37/37] AUC-ROC=76.40%  AUC-PR=78.60%  F1=0.7560  MCC=0.4255  Train=0.903s  Test=0.072s  Peak RAM Train=46.028 MB  Peak RAM Test=14.399 MB
2026-05-19 12:39:16 | INFO | [ncluster=40/40] AUC-ROC=74.40%  AUC-PR=76.93%  F1=0.7320  MCC=0.3793  Train=1.026s  Test=0.068s  Peak RAM Train=46.03 MB  Peak RAM Test=14.399 MB
2026-05-19 12:39:16 | INFO | [ncluster=43/43] AUC-ROC=98.25%  AUC-PR=98.06%  F1=0.9500  MCC=0.8929  Train=1.035s  Test=0.079s  Peak RAM Train=46.03 MB  Peak RAM Test=14.147 MB
2026-05-19 12:39:16 | INFO | [ncluster=46/46] AUC-ROC=98.09%  AUC-PR=97.81%  F1=0.9460  MCC=0.8841  Train=0.966s  Test=0.087s  Peak RAM Train=46.03 MB  Peak RAM Test=14.147 MB
2026-05-19 12:39:16 | INFO | [ncluster=49/49] AUC-ROC=96.96%  AUC-PR=96.70%  F1=0.9221  MCC=0.8326  Train=1.080s  Test=0.082s  Peak RAM Train=46.031 MB  Peak RAM Test=14.147 MB
2026-05-19 12:39:16 | INFO | [ncluster=52/52] AUC-ROC=96.14%  AUC-PR=95.16%  F1=0.9198  MCC=0.8265  Train=0.868s  Test=0.084s  Peak RAM Train=46.032 MB  Peak RAM Test=14.399 MB
2026-05-19 12:39:16 | INFO | [ncluster=55/55] AUC-ROC=95.64%  AUC-PR=94.84%  F1=0.9129  MCC=0.8113  Train=1.021s  Test=0.075s  Peak RAM Train=46.033 MB  Peak RAM Test=14.399 MB
2026-05-19 12:39:16 | INFO | [ncluster=58/58] AUC-ROC=97.84%  AUC-PR=97.69%  F1=0.9394  MCC=0.8697  Train=0.874s  Test=0.073s  Peak RAM Train=46.033 MB  Peak RAM Test=14.147 MB
2026-05-19 12:39:16 | INFO | [ncluster=61/61] AUC-ROC=85.97%  AUC-PR=82.77%  F1=0.8746  MCC=0.7247  Train=0.849s  Test=0.089s  Peak RAM Train=46.034 MB  Peak RAM Test=14.399 MB
2026-05-19 12:39:16 | INFO | [ncluster=64/64] AUC-ROC=97.85%  AUC-PR=97.58%  F1=0.9385  MCC=0.8680  Train=0.816s  Test=0.070s  Peak RAM Train=46.035 MB  Peak RAM Test=14.147 MB
2026-05-19 12:39:16 | INFO | [ncluster=67/67] AUC-ROC=97.33%  AUC-PR=96.96%  F1=0.9320  MCC=0.8538  Train=0.990s  Test=0.073s  Peak RAM Train=46.036 MB  Peak RAM Test=14.147 MB
2026-05-19 12:39:16 | INFO | [ncluster=70/70] AUC-ROC=95.44%  AUC-PR=94.72%  F1=0.9097  MCC=0.8038  Train=1.120s  Test=0.083s  Peak RAM Train=46.035 MB  Peak RAM Test=14.147 MB
2026-05-19 12:39:16 | INFO | [ncluster=73/73] AUC-ROC=94.27%  AUC-PR=93.27%  F1=0.8963  MCC=0.7734  Train=1.003s  Test=0.091s  Peak RAM Train=46.036 MB  Peak RAM Test=14.147 MB
2026-05-19 12:39:16 | INFO | [ncluster=76/76] AUC-ROC=98.42%  AUC-PR=98.25%  F1=0.9506  MCC=0.8944  Train=0.764s  Test=0.030s  Peak RAM Train=46.037 MB  Peak RAM Test=14.147 MB
2026-05-19 12:39:16 | INFO | [ncluster=79/79] AUC-ROC=96.92%  AUC-PR=96.28%  F1=0.9386  MCC=0.8677  Train=1.073s  Test=0.081s  Peak RAM Train=46.037 MB  Peak RAM Test=14.147 MB
2026-05-19 12:39:16 | INFO | [ncluster=82/82] AUC-ROC=96.45%  AUC-PR=95.68%  F1=0.9355  MCC=0.8610  Train=0.926s  Test=0.064s  Peak RAM Train=46.038 MB  Peak RAM Test=14.147 MB
2026-05-19 12:39:16 | INFO | [ncluster=85/85] AUC-ROC=98.31%  AUC-PR=98.00%  F1=0.9490  MCC=0.8910  Train=1.034s  Test=0.097s  Peak RAM Train=46.04 MB  Peak RAM Test=14.147 MB
2026-05-19 12:39:16 | INFO | [ncluster=88/88] AUC-ROC=95.17%  AUC-PR=93.91%  F1=0.9183  MCC=0.8225  Train=0.943s  Test=0.091s  Peak RAM Train=46.04 MB  Peak RAM Test=14.147 MB
2026-05-19 12:39:16 | INFO | [ncluster=91/91] AUC-ROC=96.68%  AUC-PR=95.77%  F1=0.9257  MCC=0.8393  Train=0.790s  Test=0.099s  Peak RAM Train=46.04 MB  Peak RAM Test=14.147 MB
2026-05-19 12:39:16 | INFO | [ncluster=94/94] AUC-ROC=95.88%  AUC-PR=94.89%  F1=0.9245  MCC=0.8366  Train=0.801s  Test=0.099s  Peak RAM Train=46.041 MB  Peak RAM Test=14.147 MB
2026-05-19 12:39:16 | INFO | [ncluster=97/97] AUC-ROC=95.70%  AUC-PR=94.77%  F1=0.9136  MCC=0.8131  Train=0.782s  Test=0.090s  Peak RAM Train=46.041 MB  Peak RAM Test=14.147 MB
2026-05-19 12:39:16 | INFO | [ncluster=100/100] AUC-ROC=94.71%  AUC-PR=92.53%  F1=0.9172  MCC=0.8201  Train=0.841s  Test=0.071s  Peak RAM Train=46.042 MB  Peak RAM Test=14.399 MB
2026-05-19 12:39:16 | INFO | [ncluster=103/103] AUC-ROC=95.48%  AUC-PR=94.18%  F1=0.9275  MCC=0.8432  Train=0.792s  Test=0.086s  Peak RAM Train=46.042 MB  Peak RAM Test=14.147 MB
2026-05-19 12:39:16 | INFO | [ncluster=106/106] AUC-ROC=96.96%  AUC-PR=96.27%  F1=0.9327  MCC=0.8554  Train=0.829s  Test=0.073s  Peak RAM Train=46.043 MB  Peak RAM Test=14.147 MB
2026-05-19 12:39:16 | INFO | [ncluster=109/109] AUC-ROC=95.95%  AUC-PR=94.90%  F1=0.9277  MCC=0.8446  Train=0.789s  Test=0.077s  Peak RAM Train=46.044 MB  Peak RAM Test=14.399 MB
2026-05-19 12:39:16 | INFO | [ncluster=112/112] AUC-ROC=96.14%  AUC-PR=95.52%  F1=0.9172  MCC=0.8233  Train=0.871s  Test=0.076s  Peak RAM Train=46.045 MB  Peak RAM Test=14.147 MB
2026-05-19 12:39:16 | INFO | [ncluster=115/115] AUC-ROC=86.84%  AUC-PR=85.59%  F1=0.8385  MCC=0.6342  Train=0.800s  Test=0.084s  Peak RAM Train=46.045 MB  Peak RAM Test=14.399 MB
2026-05-19 12:39:16 | INFO | [ncluster=118/118] AUC-ROC=97.69%  AUC-PR=97.09%  F1=0.9544  MCC=0.9023  Train=0.654s  Test=0.086s  Peak RAM Train=46.046 MB  Peak RAM Test=14.147 MB
2026-05-19 12:39:16 | INFO | [ncluster=121/121] AUC-ROC=96.00%  AUC-PR=94.17%  F1=0.9325  MCC=0.8542  Train=0.742s  Test=0.078s  Peak RAM Train=46.046 MB  Peak RAM Test=14.399 MB
2026-05-19 12:39:16 | INFO | [ncluster=124/124] AUC-ROC=92.25%  AUC-PR=91.33%  F1=0.8698  MCC=0.7157  Train=0.656s  Test=0.067s  Peak RAM Train=46.047 MB  Peak RAM Test=14.399 MB
2026-05-19 12:39:16 | INFO | [ncluster=127/127] AUC-ROC=93.46%  AUC-PR=92.14%  F1=0.9040  MCC=0.7901  Train=0.576s  Test=0.065s  Peak RAM Train=46.048 MB  Peak RAM Test=14.147 MB
2026-05-19 12:39:16 | INFO | [ncluster=130/130] AUC-ROC=94.38%  AUC-PR=93.80%  F1=0.8904  MCC=0.7633  Train=0.577s  Test=0.077s  Peak RAM Train=46.049 MB  Peak RAM Test=14.147 MB
2026-05-19 12:39:16 | INFO | [ncluster=133/133] AUC-ROC=97.33%  AUC-PR=96.96%  F1=0.9315  MCC=0.8528  Train=0.783s  Test=0.078s  Peak RAM Train=46.049 MB  Peak RAM Test=14.147 MB
2026-05-19 12:39:16 | INFO | [ncluster=136/136] AUC-ROC=95.88%  AUC-PR=95.09%  F1=0.9218  MCC=0.8305  Train=0.679s  Test=0.102s  Peak RAM Train=46.05 MB  Peak RAM Test=14.147 MB
2026-05-19 12:39:16 | INFO | [ncluster=139/139] AUC-ROC=97.82%  AUC-PR=97.49%  F1=0.9414  MCC=0.8749  Train=0.782s  Test=0.103s  Peak RAM Train=46.05 MB  Peak RAM Test=14.147 MB
2026-05-19 12:39:16 | INFO | [ncluster=142/142] AUC-ROC=89.20%  AUC-PR=87.78%  F1=0.8435  MCC=0.6527  Train=0.743s  Test=0.066s  Peak RAM Train=46.051 MB  Peak RAM Test=14.399 MB
2026-05-19 12:39:16 | INFO | [ncluster=145/145] AUC-ROC=91.24%  AUC-PR=90.61%  F1=0.8549  MCC=0.6840  Train=0.572s  Test=0.069s  Peak RAM Train=46.051 MB  Peak RAM Test=14.399 MB
2026-05-19 12:39:16 | INFO | [ncluster=148/148] AUC-ROC=95.69%  AUC-PR=94.78%  F1=0.9079  MCC=0.8054  Train=0.695s  Test=0.062s  Peak RAM Train=46.052 MB  Peak RAM Test=14.399 MB
2026-05-19 12:39:16 | INFO | [ncluster=151/151] AUC-ROC=91.02%  AUC-PR=89.58%  F1=0.8604  MCC=0.6929  Train=0.555s  Test=0.100s  Peak RAM Train=46.052 MB  Peak RAM Test=14.651 MB
2026-05-19 12:39:16 | INFO | [ncluster=154/154] AUC-ROC=90.73%  AUC-PR=89.51%  F1=0.8585  MCC=0.6879  Train=0.482s  Test=0.066s  Peak RAM Train=46.053 MB  Peak RAM Test=14.399 MB
2026-05-19 12:39:16 | INFO | [ncluster=157/157] AUC-ROC=90.39%  AUC-PR=88.65%  F1=0.8582  MCC=0.6851  Train=0.555s  Test=0.080s  Peak RAM Train=46.054 MB  Peak RAM Test=14.651 MB
2026-05-19 12:39:16 | INFO | [ncluster=160/160] AUC-ROC=90.35%  AUC-PR=89.23%  F1=0.8559  MCC=0.6810  Train=0.661s  Test=0.086s  Peak RAM Train=46.055 MB  Peak RAM Test=14.399 MB
2026-05-19 12:39:16 | INFO | [ncluster=163/163] AUC-ROC=90.97%  AUC-PR=89.64%  F1=0.8622  MCC=0.6968  Train=0.560s  Test=0.089s  Peak RAM Train=46.055 MB  Peak RAM Test=14.399 MB
2026-05-19 12:39:16 | INFO | [ncluster=166/166] AUC-ROC=90.83%  AUC-PR=89.63%  F1=0.8600  MCC=0.6915  Train=0.549s  Test=0.107s  Peak RAM Train=46.056 MB  Peak RAM Test=14.399 MB
2026-05-19 12:39:16 | INFO | [ncluster=169/169] AUC-ROC=90.96%  AUC-PR=90.22%  F1=0.8541  MCC=0.6874  Train=0.554s  Test=0.072s  Peak RAM Train=46.057 MB  Peak RAM Test=14.147 MB
2026-05-19 12:39:16 | INFO | [ncluster=172/172] AUC-ROC=91.02%  AUC-PR=89.84%  F1=0.8623  MCC=0.6961  Train=0.802s  Test=0.095s  Peak RAM Train=46.057 MB  Peak RAM Test=14.399 MB
2026-05-19 12:39:16 | INFO | [ncluster=175/175] AUC-ROC=94.28%  AUC-PR=93.64%  F1=0.8941  MCC=0.7696  Train=1.128s  Test=0.152s  Peak RAM Train=46.058 MB  Peak RAM Test=14.399 MB
2026-05-19 12:39:16 | INFO | [ncluster=178/178] AUC-ROC=93.96%  AUC-PR=93.15%  F1=0.8925  MCC=0.7679  Train=0.991s  Test=0.137s  Peak RAM Train=46.059 MB  Peak RAM Test=14.399 MB
2026-05-19 12:39:16 | INFO | [ncluster=181/181] AUC-ROC=94.33%  AUC-PR=93.81%  F1=0.8962  MCC=0.7737  Train=1.034s  Test=0.158s  Peak RAM Train=46.059 MB  Peak RAM Test=14.399 MB
2026-05-19 12:39:16 | INFO | [ncluster=184/184] AUC-ROC=93.69%  AUC-PR=92.97%  F1=0.8886  MCC=0.7572  Train=0.820s  Test=0.112s  Peak RAM Train=46.06 MB  Peak RAM Test=14.399 MB
2026-05-19 12:39:16 | INFO | [ncluster=187/187] AUC-ROC=95.47%  AUC-PR=94.69%  F1=0.9103  MCC=0.8047  Train=0.992s  Test=0.139s  Peak RAM Train=46.06 MB  Peak RAM Test=14.399 MB
2026-05-19 12:39:16 | INFO | [ncluster=190/190] AUC-ROC=92.20%  AUC-PR=91.12%  F1=0.8787  MCC=0.7323  Train=1.097s  Test=0.160s  Peak RAM Train=46.061 MB  Peak RAM Test=14.399 MB
2026-05-19 12:39:16 | INFO | [ncluster=193/193] AUC-ROC=94.35%  AUC-PR=93.63%  F1=0.8992  MCC=0.7806  Train=1.143s  Test=0.159s  Peak RAM Train=46.062 MB  Peak RAM Test=14.399 MB
2026-05-19 12:39:16 | INFO | [ncluster=196/196] AUC-ROC=93.14%  AUC-PR=92.22%  F1=0.8842  MCC=0.7455  Train=1.042s  Test=0.148s  Peak RAM Train=46.062 MB  Peak RAM Test=14.399 MB
2026-05-19 12:39:16 | INFO | [ncluster=199/199] AUC-ROC=94.87%  AUC-PR=94.11%  F1=0.8993  MCC=0.7823  Train=0.812s  Test=0.118s  Peak RAM Train=46.063 MB  Peak RAM Test=14.399 MB
2026-05-19 12:39:16 | INFO | [ncluster=202/202] AUC-ROC=93.67%  AUC-PR=92.89%  F1=0.8869  MCC=0.7534  Train=1.096s  Test=0.151s  Peak RAM Train=46.063 MB  Peak RAM Test=14.399 MB
2026-05-19 12:39:16 | INFO | [ncluster=205/205] AUC-ROC=93.11%  AUC-PR=92.35%  F1=0.8828  MCC=0.7431  Train=1.066s  Test=0.171s  Peak RAM Train=46.064 MB  Peak RAM Test=14.399 MB
2026-05-19 12:39:16 | INFO | [ncluster=208/208] AUC-ROC=94.85%  AUC-PR=94.22%  F1=0.9052  MCC=0.7934  Train=1.010s  Test=0.153s  Peak RAM Train=46.065 MB  Peak RAM Test=14.399 MB
2026-05-19 12:39:16 | INFO | [ncluster=211/211] AUC-ROC=94.16%  AUC-PR=93.19%  F1=0.8946  MCC=0.7698  Train=0.965s  Test=0.128s  Peak RAM Train=46.065 MB  Peak RAM Test=14.399 MB
2026-05-19 12:39:16 | INFO | [ncluster=214/214] AUC-ROC=95.24%  AUC-PR=94.55%  F1=0.9089  MCC=0.8024  Train=1.170s  Test=0.172s  Peak RAM Train=46.065 MB  Peak RAM Test=14.399 MB
2026-05-19 12:39:16 | INFO | [ncluster=217/217] AUC-ROC=95.72%  AUC-PR=95.15%  F1=0.9148  MCC=0.8152  Train=1.014s  Test=0.153s  Peak RAM Train=46.067 MB  Peak RAM Test=14.399 MB
2026-05-19 12:39:16 | INFO | [ncluster=220/220] AUC-ROC=95.13%  AUC-PR=94.44%  F1=0.9054  MCC=0.7941  Train=1.111s  Test=0.179s  Peak RAM Train=46.068 MB  Peak RAM Test=14.399 MB
2026-05-19 12:39:16 | INFO | [ncluster=223/223] AUC-ROC=94.71%  AUC-PR=94.05%  F1=0.8964  MCC=0.7744  Train=0.954s  Test=0.142s  Peak RAM Train=46.068 MB  Peak RAM Test=14.399 MB
2026-05-19 12:39:16 | INFO | [ncluster=226/226] AUC-ROC=94.84%  AUC-PR=94.06%  F1=0.9023  MCC=0.7866  Train=0.926s  Test=0.136s  Peak RAM Train=46.069 MB  Peak RAM Test=14.399 MB
2026-05-19 12:39:16 | INFO | [ncluster=229/229] AUC-ROC=94.27%  AUC-PR=93.64%  F1=0.8950  MCC=0.7707  Train=0.793s  Test=0.136s  Peak RAM Train=46.07 MB  Peak RAM Test=14.399 MB
2026-05-19 12:39:16 | INFO | [ncluster=232/232] AUC-ROC=95.75%  AUC-PR=95.05%  F1=0.9130  MCC=0.8108  Train=0.982s  Test=0.181s  Peak RAM Train=46.069 MB  Peak RAM Test=14.399 MB
2026-05-19 12:39:16 | INFO | [ncluster=235/235] AUC-ROC=95.12%  AUC-PR=94.51%  F1=0.9008  MCC=0.7864  Train=1.288s  Test=0.177s  Peak RAM Train=46.07 MB  Peak RAM Test=14.399 MB
2026-05-19 12:39:16 | INFO | [ncluster=238/238] AUC-ROC=95.22%  AUC-PR=94.67%  F1=0.9033  MCC=0.7899  Train=0.937s  Test=0.135s  Peak RAM Train=46.071 MB  Peak RAM Test=14.399 MB
2026-05-19 12:39:16 | INFO | [ncluster=241/241] AUC-ROC=95.52%  AUC-PR=95.04%  F1=0.9088  MCC=0.8029  Train=0.891s  Test=0.143s  Peak RAM Train=46.072 MB  Peak RAM Test=14.651 MB
2026-05-19 12:39:16 | INFO | [ncluster=244/244] AUC-ROC=95.81%  AUC-PR=95.09%  F1=0.9136  MCC=0.8128  Train=1.109s  Test=0.175s  Peak RAM Train=46.072 MB  Peak RAM Test=14.399 MB
2026-05-19 12:39:16 | INFO | [ncluster=247/247] AUC-ROC=94.58%  AUC-PR=93.78%  F1=0.9006  MCC=0.7832  Train=0.899s  Test=0.175s  Peak RAM Train=46.073 MB  Peak RAM Test=14.399 MB
2026-05-19 12:39:16 | INFO | [ncluster=250/250] AUC-ROC=96.21%  AUC-PR=95.62%  F1=0.9168  MCC=0.8214  Train=0.975s  Test=0.155s  Peak RAM Train=46.075 MB  Peak RAM Test=14.399 MB
2026-05-19 12:39:16 | INFO | [ncluster=253/253] AUC-ROC=95.00%  AUC-PR=94.22%  F1=0.9008  MCC=0.7845  Train=0.915s  Test=0.130s  Peak RAM Train=46.074 MB  Peak RAM Test=14.651 MB
2026-05-19 12:39:16 | INFO | [ncluster=256/256] AUC-ROC=95.64%  AUC-PR=95.20%  F1=0.9024  MCC=0.7892  Train=1.135s  Test=0.196s  Peak RAM Train=46.076 MB  Peak RAM Test=14.651 MB
2026-05-19 12:39:16 | INFO | [ncluster=259/259] AUC-ROC=96.19%  AUC-PR=95.76%  F1=0.9115  MCC=0.8118  Train=1.006s  Test=0.175s  Peak RAM Train=46.075 MB  Peak RAM Test=14.651 MB
2026-05-19 12:39:16 | INFO | [ncluster=262/262] AUC-ROC=95.70%  AUC-PR=95.23%  F1=0.9057  MCC=0.7959  Train=0.945s  Test=0.202s  Peak RAM Train=46.077 MB  Peak RAM Test=14.399 MB
2026-05-19 12:39:16 | INFO | [ncluster=265/265] AUC-ROC=94.71%  AUC-PR=93.90%  F1=0.8978  MCC=0.7780  Train=1.148s  Test=0.199s  Peak RAM Train=46.077 MB  Peak RAM Test=14.651 MB
2026-05-19 12:39:16 | INFO | [ncluster=268/268] AUC-ROC=95.93%  AUC-PR=95.21%  F1=0.9146  MCC=0.8155  Train=0.920s  Test=0.154s  Peak RAM Train=46.078 MB  Peak RAM Test=14.651 MB
2026-05-19 12:39:16 | INFO | [ncluster=271/271] AUC-ROC=94.57%  AUC-PR=93.73%  F1=0.8995  MCC=0.7801  Train=1.048s  Test=0.198s  Peak RAM Train=46.079 MB  Peak RAM Test=14.651 MB
2026-05-19 12:39:16 | INFO | [ncluster=274/274] AUC-ROC=95.71%  AUC-PR=95.00%  F1=0.9116  MCC=0.8080  Train=0.762s  Test=0.157s  Peak RAM Train=46.079 MB  Peak RAM Test=14.399 MB
2026-05-19 12:39:16 | INFO | [ncluster=277/277] AUC-ROC=95.50%  AUC-PR=94.84%  F1=0.9071  MCC=0.7978  Train=0.852s  Test=0.144s  Peak RAM Train=46.079 MB  Peak RAM Test=14.399 MB
2026-05-19 12:39:16 | INFO | [ncluster=280/280] AUC-ROC=94.42%  AUC-PR=93.81%  F1=0.8952  MCC=0.7710  Train=0.999s  Test=0.175s  Peak RAM Train=46.08 MB  Peak RAM Test=14.651 MB
2026-05-19 12:39:16 | INFO | [ncluster=283/283] AUC-ROC=95.18%  AUC-PR=94.49%  F1=0.9056  MCC=0.7945  Train=0.793s  Test=0.148s  Peak RAM Train=46.08 MB  Peak RAM Test=14.399 MB
2026-05-19 12:39:16 | INFO | [ncluster=286/286] AUC-ROC=95.42%  AUC-PR=94.74%  F1=0.9051  MCC=0.7932  Train=0.804s  Test=0.144s  Peak RAM Train=46.082 MB  Peak RAM Test=14.399 MB
2026-05-19 12:39:16 | INFO | [ncluster=289/289] AUC-ROC=93.89%  AUC-PR=92.82%  F1=0.8921  MCC=0.7638  Train=0.767s  Test=0.153s  Peak RAM Train=46.082 MB  Peak RAM Test=14.399 MB
2026-05-19 12:39:16 | INFO | [ncluster=292/292] AUC-ROC=94.73%  AUC-PR=93.66%  F1=0.9040  MCC=0.7903  Train=0.627s  Test=0.051s  Peak RAM Train=46.084 MB  Peak RAM Test=14.651 MB
2026-05-19 12:39:16 | INFO | [ncluster=295/295] AUC-ROC=95.31%  AUC-PR=94.76%  F1=0.9056  MCC=0.7952  Train=0.617s  Test=0.141s  Peak RAM Train=46.083 MB  Peak RAM Test=14.399 MB
2026-05-19 12:39:16 | INFO | [ncluster=298/298] AUC-ROC=95.29%  AUC-PR=94.45%  F1=0.9099  MCC=0.8040  Train=0.594s  Test=0.128s  Peak RAM Train=46.085 MB  Peak RAM Test=14.399 MB
2026-05-19 12:39:16 | INFO | 
>>> Processing data_EdgeIIoTset | scaler=QuantileTransformer
2026-05-19 12:39:16 | INFO | --- noise=0% ---
2026-05-19 12:39:16 | INFO | ============================================================
2026-05-19 12:39:16 | INFO | Dataset  : Train_QuantileTransformer_data_EdgeIIoTset.csv
2026-05-19 12:39:16 | INFO | Scaler   : QuantileTransformer
2026-05-19 12:39:16 | INFO | Noise    : 0%
2026-05-19 12:39:16 | INFO | nClusters: 100 values (1..298)
2026-05-19 12:39:16 | INFO | K-Means  : Standard KMeans
2026-05-19 12:39:16 | INFO | ============================================================
2026-05-19 12:39:17 | INFO | Loaded Raw Shape -> Train: (30000, 53), Test: (30000, 53)
2026-05-19 12:39:17 | INFO | Training size : 30,000  |  Testing size: 30,000  |  Features: 52
2026-05-19 12:39:17 | INFO | Firing up Parallel execution for 100 cluster configs...
2026-05-19 12:46:42 | INFO | [ncluster=1/1] AUC-ROC=100.00%  AUC-PR=100.00%  F1=1.0000  MCC=1.0000  Train=0.797s  Test=0.085s  Peak RAM Train=43.829 MB  Peak RAM Test=26.555 MB
2026-05-19 12:46:42 | INFO | [ncluster=4/4] AUC-ROC=100.00%  AUC-PR=100.00%  F1=1.0000  MCC=0.9999  Train=0.855s  Test=0.087s  Peak RAM Train=43.832 MB  Peak RAM Test=27.275 MB
2026-05-19 12:46:42 | INFO | [ncluster=7/7] AUC-ROC=100.00%  AUC-PR=100.00%  F1=1.0000  MCC=0.9999  Train=0.640s  Test=0.079s  Peak RAM Train=43.832 MB  Peak RAM Test=27.755 MB
2026-05-19 12:46:42 | INFO | [ncluster=10/10] AUC-ROC=100.00%  AUC-PR=100.00%  F1=1.0000  MCC=0.9999  Train=0.767s  Test=0.082s  Peak RAM Train=43.833 MB  Peak RAM Test=28.475 MB
2026-05-19 12:46:42 | INFO | [ncluster=13/13] AUC-ROC=100.00%  AUC-PR=100.00%  F1=1.0000  MCC=0.9999  Train=0.661s  Test=0.090s  Peak RAM Train=43.834 MB  Peak RAM Test=28.715 MB
2026-05-19 12:46:42 | INFO | [ncluster=16/16] AUC-ROC=100.00%  AUC-PR=100.00%  F1=1.0000  MCC=0.9999  Train=0.547s  Test=0.028s  Peak RAM Train=43.834 MB  Peak RAM Test=28.715 MB
2026-05-19 12:46:42 | INFO | [ncluster=19/19] AUC-ROC=100.00%  AUC-PR=100.00%  F1=1.0000  MCC=0.9999  Train=0.633s  Test=0.089s  Peak RAM Train=43.834 MB  Peak RAM Test=28.715 MB
2026-05-19 12:46:42 | INFO | [ncluster=22/22] AUC-ROC=100.00%  AUC-PR=100.00%  F1=1.0000  MCC=0.9999  Train=0.592s  Test=0.090s  Peak RAM Train=43.835 MB  Peak RAM Test=28.715 MB
2026-05-19 12:46:42 | INFO | [ncluster=25/25] AUC-ROC=100.00%  AUC-PR=100.00%  F1=1.0000  MCC=1.0000  Train=0.634s  Test=0.103s  Peak RAM Train=43.836 MB  Peak RAM Test=28.715 MB
2026-05-19 12:46:42 | INFO | [ncluster=28/28] AUC-ROC=100.00%  AUC-PR=100.00%  F1=1.0000  MCC=1.0000  Train=0.686s  Test=0.102s  Peak RAM Train=43.838 MB  Peak RAM Test=28.715 MB
2026-05-19 12:46:42 | INFO | [ncluster=31/31] AUC-ROC=100.00%  AUC-PR=100.00%  F1=1.0000  MCC=0.9999  Train=0.691s  Test=0.102s  Peak RAM Train=43.837 MB  Peak RAM Test=28.715 MB
2026-05-19 12:46:42 | INFO | [ncluster=34/34] AUC-ROC=100.00%  AUC-PR=100.00%  F1=1.0000  MCC=1.0000  Train=0.651s  Test=0.118s  Peak RAM Train=43.838 MB  Peak RAM Test=28.715 MB
2026-05-19 12:46:42 | INFO | [ncluster=37/37] AUC-ROC=100.00%  AUC-PR=100.00%  F1=1.0000  MCC=1.0000  Train=0.663s  Test=0.108s  Peak RAM Train=43.838 MB  Peak RAM Test=28.715 MB
2026-05-19 12:46:42 | INFO | [ncluster=40/40] AUC-ROC=100.00%  AUC-PR=100.00%  F1=1.0000  MCC=1.0000  Train=0.821s  Test=0.111s  Peak RAM Train=43.839 MB  Peak RAM Test=28.715 MB
2026-05-19 12:46:42 | INFO | [ncluster=43/43] AUC-ROC=100.00%  AUC-PR=100.00%  F1=1.0000  MCC=0.9999  Train=0.600s  Test=0.114s  Peak RAM Train=43.84 MB  Peak RAM Test=28.715 MB
2026-05-19 12:46:42 | INFO | [ncluster=46/46] AUC-ROC=100.00%  AUC-PR=100.00%  F1=1.0000  MCC=1.0000  Train=0.655s  Test=0.116s  Peak RAM Train=43.84 MB  Peak RAM Test=28.715 MB
2026-05-19 12:46:42 | INFO | [ncluster=49/49] AUC-ROC=100.00%  AUC-PR=100.00%  F1=1.0000  MCC=1.0000  Train=0.681s  Test=0.086s  Peak RAM Train=43.842 MB  Peak RAM Test=28.715 MB
2026-05-19 12:46:42 | INFO | [ncluster=52/52] AUC-ROC=100.00%  AUC-PR=100.00%  F1=1.0000  MCC=1.0000  Train=0.545s  Test=0.117s  Peak RAM Train=43.841 MB  Peak RAM Test=28.715 MB
2026-05-19 12:46:42 | INFO | [ncluster=55/55] AUC-ROC=100.00%  AUC-PR=100.00%  F1=1.0000  MCC=1.0000  Train=0.782s  Test=0.125s  Peak RAM Train=43.842 MB  Peak RAM Test=28.715 MB
2026-05-19 12:46:42 | INFO | [ncluster=58/58] AUC-ROC=100.00%  AUC-PR=100.00%  F1=1.0000  MCC=1.0000  Train=0.814s  Test=0.100s  Peak RAM Train=43.844 MB  Peak RAM Test=28.715 MB
2026-05-19 12:46:42 | INFO | [ncluster=61/61] AUC-ROC=100.00%  AUC-PR=100.00%  F1=1.0000  MCC=1.0000  Train=0.621s  Test=0.114s  Peak RAM Train=43.843 MB  Peak RAM Test=28.955 MB
2026-05-19 12:46:42 | INFO | [ncluster=64/64] AUC-ROC=100.00%  AUC-PR=100.00%  F1=1.0000  MCC=1.0000  Train=0.626s  Test=0.116s  Peak RAM Train=43.846 MB  Peak RAM Test=28.955 MB
2026-05-19 12:46:42 | INFO | [ncluster=67/67] AUC-ROC=100.00%  AUC-PR=100.00%  F1=1.0000  MCC=1.0000  Train=0.615s  Test=0.114s  Peak RAM Train=43.845 MB  Peak RAM Test=28.955 MB
2026-05-19 12:46:42 | INFO | [ncluster=70/70] AUC-ROC=100.00%  AUC-PR=100.00%  F1=1.0000  MCC=1.0000  Train=0.715s  Test=0.121s  Peak RAM Train=43.845 MB  Peak RAM Test=28.955 MB
2026-05-19 12:46:42 | INFO | [ncluster=73/73] AUC-ROC=100.00%  AUC-PR=100.00%  F1=1.0000  MCC=0.9999  Train=0.706s  Test=0.120s  Peak RAM Train=43.846 MB  Peak RAM Test=28.955 MB
2026-05-19 12:46:42 | INFO | [ncluster=76/76] AUC-ROC=100.00%  AUC-PR=100.00%  F1=1.0000  MCC=1.0000  Train=0.624s  Test=0.128s  Peak RAM Train=43.847 MB  Peak RAM Test=29.195 MB
2026-05-19 12:46:42 | INFO | [ncluster=79/79] AUC-ROC=100.00%  AUC-PR=100.00%  F1=1.0000  MCC=1.0000  Train=0.649s  Test=0.133s  Peak RAM Train=43.848 MB  Peak RAM Test=29.195 MB
2026-05-19 12:46:42 | INFO | [ncluster=82/82] AUC-ROC=100.00%  AUC-PR=100.00%  F1=1.0000  MCC=1.0000  Train=0.656s  Test=0.100s  Peak RAM Train=43.849 MB  Peak RAM Test=29.195 MB
2026-05-19 12:46:42 | INFO | [ncluster=85/85] AUC-ROC=100.00%  AUC-PR=100.00%  F1=1.0000  MCC=1.0000  Train=0.742s  Test=0.139s  Peak RAM Train=43.848 MB  Peak RAM Test=29.195 MB
2026-05-19 12:46:42 | INFO | [ncluster=88/88] AUC-ROC=100.00%  AUC-PR=100.00%  F1=1.0000  MCC=1.0000  Train=0.671s  Test=0.119s  Peak RAM Train=43.85 MB  Peak RAM Test=29.195 MB
2026-05-19 12:46:42 | INFO | [ncluster=91/91] AUC-ROC=100.00%  AUC-PR=100.00%  F1=1.0000  MCC=1.0000  Train=0.341s  Test=0.135s  Peak RAM Train=43.849 MB  Peak RAM Test=29.195 MB
2026-05-19 12:46:42 | INFO | [ncluster=94/94] AUC-ROC=100.00%  AUC-PR=100.00%  F1=1.0000  MCC=1.0000  Train=0.554s  Test=0.108s  Peak RAM Train=43.85 MB  Peak RAM Test=29.195 MB
2026-05-19 12:46:42 | INFO | [ncluster=97/97] AUC-ROC=100.00%  AUC-PR=100.00%  F1=1.0000  MCC=1.0000  Train=0.674s  Test=0.139s  Peak RAM Train=43.851 MB  Peak RAM Test=29.195 MB
2026-05-19 12:46:42 | INFO | [ncluster=100/100] AUC-ROC=100.00%  AUC-PR=100.00%  F1=1.0000  MCC=1.0000  Train=0.733s  Test=0.140s  Peak RAM Train=43.852 MB  Peak RAM Test=29.195 MB
2026-05-19 12:46:42 | INFO | [ncluster=103/103] AUC-ROC=100.00%  AUC-PR=100.00%  F1=1.0000  MCC=0.9999  Train=0.560s  Test=0.102s  Peak RAM Train=43.853 MB  Peak RAM Test=29.195 MB
2026-05-19 12:46:42 | INFO | [ncluster=106/106] AUC-ROC=100.00%  AUC-PR=100.00%  F1=1.0000  MCC=1.0000  Train=0.618s  Test=0.125s  Peak RAM Train=43.853 MB  Peak RAM Test=29.435 MB
2026-05-19 12:46:42 | INFO | [ncluster=109/109] AUC-ROC=100.00%  AUC-PR=100.00%  F1=1.0000  MCC=1.0000  Train=0.593s  Test=0.118s  Peak RAM Train=43.854 MB  Peak RAM Test=29.195 MB
2026-05-19 12:46:42 | INFO | [ncluster=112/112] AUC-ROC=100.00%  AUC-PR=100.00%  F1=1.0000  MCC=1.0000  Train=0.728s  Test=0.117s  Peak RAM Train=43.855 MB  Peak RAM Test=29.195 MB
2026-05-19 12:46:42 | INFO | [ncluster=115/115] AUC-ROC=100.00%  AUC-PR=100.00%  F1=1.0000  MCC=1.0000  Train=0.578s  Test=0.143s  Peak RAM Train=43.855 MB  Peak RAM Test=29.195 MB
2026-05-19 12:46:42 | INFO | [ncluster=118/118] AUC-ROC=100.00%  AUC-PR=100.00%  F1=1.0000  MCC=1.0000  Train=0.514s  Test=0.135s  Peak RAM Train=43.856 MB  Peak RAM Test=29.195 MB
2026-05-19 12:46:42 | INFO | [ncluster=121/121] AUC-ROC=100.00%  AUC-PR=100.00%  F1=1.0000  MCC=1.0000  Train=0.651s  Test=0.151s  Peak RAM Train=43.856 MB  Peak RAM Test=29.435 MB
2026-05-19 12:46:42 | INFO | [ncluster=124/124] AUC-ROC=100.00%  AUC-PR=100.00%  F1=1.0000  MCC=1.0000  Train=0.591s  Test=0.102s  Peak RAM Train=43.858 MB  Peak RAM Test=29.195 MB
2026-05-19 12:46:42 | INFO | [ncluster=127/127] AUC-ROC=100.00%  AUC-PR=100.00%  F1=1.0000  MCC=1.0000  Train=0.550s  Test=0.112s  Peak RAM Train=43.859 MB  Peak RAM Test=29.195 MB
2026-05-19 12:46:42 | INFO | [ncluster=130/130] AUC-ROC=100.00%  AUC-PR=100.00%  F1=1.0000  MCC=1.0000  Train=0.695s  Test=0.150s  Peak RAM Train=43.858 MB  Peak RAM Test=29.435 MB
2026-05-19 12:46:42 | INFO | [ncluster=133/133] AUC-ROC=100.00%  AUC-PR=100.00%  F1=1.0000  MCC=1.0000  Train=0.741s  Test=0.161s  Peak RAM Train=43.861 MB  Peak RAM Test=29.435 MB
2026-05-19 12:46:42 | INFO | [ncluster=136/136] AUC-ROC=99.99%  AUC-PR=99.99%  F1=0.9999  MCC=0.9998  Train=0.777s  Test=0.173s  Peak RAM Train=43.86 MB  Peak RAM Test=29.195 MB
2026-05-19 12:46:42 | INFO | [ncluster=139/139] AUC-ROC=100.00%  AUC-PR=100.00%  F1=1.0000  MCC=1.0000  Train=0.698s  Test=0.164s  Peak RAM Train=43.859 MB  Peak RAM Test=29.435 MB
2026-05-19 12:46:42 | INFO | [ncluster=142/142] AUC-ROC=100.00%  AUC-PR=100.00%  F1=1.0000  MCC=1.0000  Train=0.672s  Test=0.144s  Peak RAM Train=43.861 MB  Peak RAM Test=29.435 MB
2026-05-19 12:46:42 | INFO | [ncluster=145/145] AUC-ROC=99.99%  AUC-PR=99.99%  F1=0.9999  MCC=0.9998  Train=0.576s  Test=0.161s  Peak RAM Train=43.868 MB  Peak RAM Test=29.435 MB
2026-05-19 12:46:42 | INFO | [ncluster=148/148] AUC-ROC=99.98%  AUC-PR=99.98%  F1=0.9998  MCC=0.9997  Train=0.753s  Test=0.142s  Peak RAM Train=43.862 MB  Peak RAM Test=29.195 MB
2026-05-19 12:46:42 | INFO | [ncluster=151/151] AUC-ROC=100.00%  AUC-PR=100.00%  F1=1.0000  MCC=0.9999  Train=0.858s  Test=0.163s  Peak RAM Train=43.864 MB  Peak RAM Test=29.435 MB
2026-05-19 12:46:42 | INFO | [ncluster=154/154] AUC-ROC=99.99%  AUC-PR=99.99%  F1=0.9999  MCC=0.9999  Train=0.693s  Test=0.135s  Peak RAM Train=43.863 MB  Peak RAM Test=29.435 MB
2026-05-19 12:46:42 | INFO | [ncluster=157/157] AUC-ROC=100.00%  AUC-PR=100.00%  F1=1.0000  MCC=0.9999  Train=0.716s  Test=0.160s  Peak RAM Train=43.864 MB  Peak RAM Test=29.435 MB
2026-05-19 12:46:42 | INFO | [ncluster=160/160] AUC-ROC=100.00%  AUC-PR=100.00%  F1=1.0000  MCC=1.0000  Train=0.646s  Test=0.137s  Peak RAM Train=43.864 MB  Peak RAM Test=29.435 MB
2026-05-19 12:46:42 | INFO | [ncluster=163/163] AUC-ROC=100.00%  AUC-PR=100.00%  F1=1.0000  MCC=1.0000  Train=0.621s  Test=0.135s  Peak RAM Train=43.865 MB  Peak RAM Test=29.435 MB
2026-05-19 12:46:42 | INFO | [ncluster=166/166] AUC-ROC=99.99%  AUC-PR=99.99%  F1=0.9999  MCC=0.9999  Train=0.542s  Test=0.134s  Peak RAM Train=43.866 MB  Peak RAM Test=29.435 MB
2026-05-19 12:46:42 | INFO | [ncluster=169/169] AUC-ROC=100.00%  AUC-PR=100.00%  F1=1.0000  MCC=1.0000  Train=0.670s  Test=0.164s  Peak RAM Train=43.873 MB  Peak RAM Test=29.435 MB
2026-05-19 12:46:42 | INFO | [ncluster=172/172] AUC-ROC=100.00%  AUC-PR=100.00%  F1=1.0000  MCC=1.0000  Train=0.232s  Test=0.129s  Peak RAM Train=43.868 MB  Peak RAM Test=29.435 MB
2026-05-19 12:46:42 | INFO | [ncluster=175/175] AUC-ROC=100.00%  AUC-PR=100.00%  F1=1.0000  MCC=0.9999  Train=0.686s  Test=0.180s  Peak RAM Train=43.868 MB  Peak RAM Test=29.435 MB
2026-05-19 12:46:42 | INFO | [ncluster=178/178] AUC-ROC=99.99%  AUC-PR=99.99%  F1=0.9999  MCC=0.9997  Train=0.672s  Test=0.177s  Peak RAM Train=43.872 MB  Peak RAM Test=29.435 MB
2026-05-19 12:46:42 | INFO | [ncluster=181/181] AUC-ROC=100.00%  AUC-PR=100.00%  F1=1.0000  MCC=1.0000  Train=0.676s  Test=0.156s  Peak RAM Train=43.87 MB  Peak RAM Test=29.435 MB
2026-05-19 12:46:42 | INFO | [ncluster=184/184] AUC-ROC=99.99%  AUC-PR=99.99%  F1=0.9999  MCC=0.9999  Train=0.701s  Test=0.165s  Peak RAM Train=43.871 MB  Peak RAM Test=29.435 MB
2026-05-19 12:46:42 | INFO | [ncluster=187/187] AUC-ROC=100.00%  AUC-PR=100.00%  F1=1.0000  MCC=1.0000  Train=0.702s  Test=0.143s  Peak RAM Train=43.876 MB  Peak RAM Test=29.435 MB
2026-05-19 12:46:42 | INFO | [ncluster=190/190] AUC-ROC=100.00%  AUC-PR=100.00%  F1=1.0000  MCC=1.0000  Train=0.676s  Test=0.172s  Peak RAM Train=43.871 MB  Peak RAM Test=29.435 MB
2026-05-19 12:46:42 | INFO | [ncluster=193/193] AUC-ROC=99.99%  AUC-PR=99.99%  F1=0.9999  MCC=0.9999  Train=0.585s  Test=0.132s  Peak RAM Train=43.875 MB  Peak RAM Test=29.435 MB
2026-05-19 12:46:42 | INFO | [ncluster=196/196] AUC-ROC=100.00%  AUC-PR=100.00%  F1=1.0000  MCC=0.9999  Train=0.576s  Test=0.181s  Peak RAM Train=43.872 MB  Peak RAM Test=29.435 MB
2026-05-19 12:46:42 | INFO | [ncluster=199/199] AUC-ROC=100.00%  AUC-PR=100.00%  F1=1.0000  MCC=0.9999  Train=0.665s  Test=0.144s  Peak RAM Train=43.873 MB  Peak RAM Test=29.435 MB
2026-05-19 12:46:42 | INFO | [ncluster=202/202] AUC-ROC=100.00%  AUC-PR=100.00%  F1=1.0000  MCC=1.0000  Train=0.471s  Test=0.117s  Peak RAM Train=43.879 MB  Peak RAM Test=29.675 MB
2026-05-19 12:46:42 | INFO | [ncluster=205/205] AUC-ROC=100.00%  AUC-PR=100.00%  F1=1.0000  MCC=1.0000  Train=0.523s  Test=0.158s  Peak RAM Train=43.874 MB  Peak RAM Test=29.435 MB
2026-05-19 12:46:42 | INFO | [ncluster=208/208] AUC-ROC=99.99%  AUC-PR=99.99%  F1=0.9999  MCC=0.9998  Train=0.512s  Test=0.142s  Peak RAM Train=43.878 MB  Peak RAM Test=29.435 MB
2026-05-19 12:46:42 | INFO | [ncluster=211/211] AUC-ROC=100.00%  AUC-PR=100.00%  F1=1.0000  MCC=1.0000  Train=0.540s  Test=0.173s  Peak RAM Train=43.878 MB  Peak RAM Test=29.435 MB
2026-05-19 12:46:42 | INFO | [ncluster=214/214] AUC-ROC=100.00%  AUC-PR=100.00%  F1=1.0000  MCC=1.0000  Train=0.538s  Test=0.147s  Peak RAM Train=43.877 MB  Peak RAM Test=29.435 MB
2026-05-19 12:46:42 | INFO | [ncluster=217/217] AUC-ROC=99.98%  AUC-PR=99.98%  F1=0.9998  MCC=0.9997  Train=0.419s  Test=0.155s  Peak RAM Train=43.878 MB  Peak RAM Test=29.675 MB
2026-05-19 12:46:42 | INFO | [ncluster=220/220] AUC-ROC=100.00%  AUC-PR=100.00%  F1=1.0000  MCC=1.0000  Train=0.465s  Test=0.114s  Peak RAM Train=43.878 MB  Peak RAM Test=29.435 MB
2026-05-19 12:46:42 | INFO | [ncluster=223/223] AUC-ROC=100.00%  AUC-PR=100.00%  F1=1.0000  MCC=1.0000  Train=0.445s  Test=0.126s  Peak RAM Train=43.878 MB  Peak RAM Test=29.435 MB
2026-05-19 12:46:42 | INFO | [ncluster=226/226] AUC-ROC=100.00%  AUC-PR=100.00%  F1=1.0000  MCC=1.0000  Train=0.473s  Test=0.135s  Peak RAM Train=43.879 MB  Peak RAM Test=29.435 MB
2026-05-19 12:46:42 | INFO | [ncluster=229/229] AUC-ROC=99.99%  AUC-PR=99.99%  F1=0.9999  MCC=0.9999  Train=0.457s  Test=0.147s  Peak RAM Train=43.881 MB  Peak RAM Test=29.435 MB
2026-05-19 12:46:42 | INFO | [ncluster=232/232] AUC-ROC=100.00%  AUC-PR=100.00%  F1=1.0000  MCC=1.0000  Train=0.388s  Test=0.106s  Peak RAM Train=43.882 MB  Peak RAM Test=29.435 MB
2026-05-19 12:46:42 | INFO | [ncluster=235/235] AUC-ROC=99.99%  AUC-PR=99.99%  F1=0.9999  MCC=0.9999  Train=0.759s  Test=0.215s  Peak RAM Train=43.882 MB  Peak RAM Test=29.435 MB
2026-05-19 12:46:42 | INFO | [ncluster=238/238] AUC-ROC=99.99%  AUC-PR=99.99%  F1=0.9999  MCC=0.9999  Train=0.747s  Test=0.173s  Peak RAM Train=43.884 MB  Peak RAM Test=29.435 MB
2026-05-19 12:46:42 | INFO | [ncluster=241/241] AUC-ROC=99.99%  AUC-PR=99.99%  F1=0.9999  MCC=0.9999  Train=0.712s  Test=0.218s  Peak RAM Train=43.882 MB  Peak RAM Test=29.675 MB
2026-05-19 12:46:42 | INFO | [ncluster=244/244] AUC-ROC=100.00%  AUC-PR=100.00%  F1=1.0000  MCC=0.9999  Train=0.709s  Test=0.194s  Peak RAM Train=43.882 MB  Peak RAM Test=29.435 MB
2026-05-19 12:46:42 | INFO | [ncluster=247/247] AUC-ROC=99.99%  AUC-PR=99.99%  F1=0.9999  MCC=0.9998  Train=0.631s  Test=0.208s  Peak RAM Train=43.884 MB  Peak RAM Test=29.675 MB
2026-05-19 12:46:42 | INFO | [ncluster=250/250] AUC-ROC=99.99%  AUC-PR=99.99%  F1=0.9999  MCC=0.9998  Train=0.763s  Test=0.193s  Peak RAM Train=43.884 MB  Peak RAM Test=29.675 MB
2026-05-19 12:46:42 | INFO | [ncluster=253/253] AUC-ROC=100.00%  AUC-PR=100.00%  F1=1.0000  MCC=1.0000  Train=0.775s  Test=0.207s  Peak RAM Train=43.884 MB  Peak RAM Test=29.435 MB
2026-05-19 12:46:42 | INFO | [ncluster=256/256] AUC-ROC=100.00%  AUC-PR=100.00%  F1=1.0000  MCC=1.0000  Train=0.670s  Test=0.211s  Peak RAM Train=43.886 MB  Peak RAM Test=29.675 MB
2026-05-19 12:46:42 | INFO | [ncluster=259/259] AUC-ROC=99.99%  AUC-PR=99.99%  F1=0.9999  MCC=0.9997  Train=0.793s  Test=0.191s  Peak RAM Train=43.887 MB  Peak RAM Test=29.675 MB
2026-05-19 12:46:42 | INFO | [ncluster=262/262] AUC-ROC=100.00%  AUC-PR=100.00%  F1=1.0000  MCC=1.0000  Train=0.581s  Test=0.165s  Peak RAM Train=43.887 MB  Peak RAM Test=29.675 MB
2026-05-19 12:46:42 | INFO | [ncluster=265/265] AUC-ROC=100.00%  AUC-PR=100.00%  F1=1.0000  MCC=1.0000  Train=0.708s  Test=0.209s  Peak RAM Train=43.888 MB  Peak RAM Test=29.675 MB
2026-05-19 12:46:42 | INFO | [ncluster=268/268] AUC-ROC=100.00%  AUC-PR=100.00%  F1=1.0000  MCC=1.0000  Train=0.665s  Test=0.189s  Peak RAM Train=43.889 MB  Peak RAM Test=29.675 MB
2026-05-19 12:46:42 | INFO | [ncluster=271/271] AUC-ROC=100.00%  AUC-PR=100.00%  F1=1.0000  MCC=1.0000  Train=0.717s  Test=0.244s  Peak RAM Train=43.891 MB  Peak RAM Test=29.675 MB
2026-05-19 12:46:42 | INFO | [ncluster=274/274] AUC-ROC=100.00%  AUC-PR=100.00%  F1=1.0000  MCC=1.0000  Train=0.528s  Test=0.160s  Peak RAM Train=43.889 MB  Peak RAM Test=29.675 MB
2026-05-19 12:46:42 | INFO | [ncluster=277/277] AUC-ROC=100.00%  AUC-PR=100.00%  F1=1.0000  MCC=1.0000  Train=0.534s  Test=0.183s  Peak RAM Train=43.889 MB  Peak RAM Test=29.675 MB
2026-05-19 12:46:42 | INFO | [ncluster=280/280] AUC-ROC=100.00%  AUC-PR=100.00%  F1=1.0000  MCC=1.0000  Train=0.515s  Test=0.068s  Peak RAM Train=43.891 MB  Peak RAM Test=29.675 MB
2026-05-19 12:46:42 | INFO | [ncluster=283/283] AUC-ROC=100.00%  AUC-PR=100.00%  F1=1.0000  MCC=1.0000  Train=0.684s  Test=0.161s  Peak RAM Train=43.891 MB  Peak RAM Test=29.675 MB
2026-05-19 12:46:42 | INFO | [ncluster=286/286] AUC-ROC=99.99%  AUC-PR=99.99%  F1=0.9999  MCC=0.9998  Train=0.440s  Test=0.165s  Peak RAM Train=43.891 MB  Peak RAM Test=29.675 MB
2026-05-19 12:46:42 | INFO | [ncluster=289/289] AUC-ROC=100.00%  AUC-PR=100.00%  F1=1.0000  MCC=1.0000  Train=0.496s  Test=0.119s  Peak RAM Train=43.892 MB  Peak RAM Test=29.675 MB
2026-05-19 12:46:42 | INFO | [ncluster=292/292] AUC-ROC=100.00%  AUC-PR=100.00%  F1=1.0000  MCC=1.0000  Train=0.490s  Test=0.140s  Peak RAM Train=43.894 MB  Peak RAM Test=29.675 MB
2026-05-19 12:46:42 | INFO | [ncluster=295/295] AUC-ROC=100.00%  AUC-PR=100.00%  F1=1.0000  MCC=1.0000  Train=0.245s  Test=0.142s  Peak RAM Train=43.894 MB  Peak RAM Test=29.675 MB
2026-05-19 12:46:42 | INFO | [ncluster=298/298] AUC-ROC=100.00%  AUC-PR=100.00%  F1=1.0000  MCC=0.9999  Train=0.390s  Test=0.140s  Peak RAM Train=43.895 MB  Peak RAM Test=29.675 MB
2026-05-19 12:46:42 | INFO | --- noise=1% ---
2026-05-19 12:46:42 | INFO | ============================================================
2026-05-19 12:46:42 | INFO | Dataset  : Train_QuantileTransformer_data_EdgeIIoTset.csv
2026-05-19 12:46:42 | INFO | Scaler   : QuantileTransformer
2026-05-19 12:46:42 | INFO | Noise    : 1%
2026-05-19 12:46:42 | INFO | nClusters: 100 values (1..298)
2026-05-19 12:46:42 | INFO | K-Means  : Standard KMeans
2026-05-19 12:46:42 | INFO | ============================================================
2026-05-19 12:46:43 | INFO | Loaded Raw Shape -> Train: (30000, 53), Test: (30000, 53)
2026-05-19 12:46:43 | INFO | Training size : 30,300  |  Testing size: 29,700  |  Features: 52
2026-05-19 12:46:43 | INFO | Firing up Parallel execution for 100 cluster configs...
