scaler,nCluster,noise_percentage,AUCROC,AUCPR,Accuracy,MCC,F1 Score,Precision,Recall,Time Train,Time Test
StandardScaler,1,0,77.75868556645929,97.16112090915612,60.843646505142054,0.2670162485101255,0.7287742683280208,0.9781551824722888,0.5807196459495862,0.03992938995361328,0.037976980209350586
StandardScaler,4,0,84.29094705635018,98.066076516814,73.0939515426181,0.3823269552240485,0.8274690392095497,0.987145981118993,0.7122570713873388,0.06729507446289062,0.03849649429321289
StandardScaler,7,0,75.56941967944469,96.73164432857713,61.27941432804602,0.2734668971767732,0.7323678947495241,0.9794405774684197,0.5848374061958822,0.038678646087646484,0.040622711181640625
StandardScaler,10,0,81.60929168537405,97.64132757986339,69.59386438905352,0.3325493496015528,0.8014568631914409,0.9809974923376985,0.6774677698672311,0.09369683265686035,0.04221963882446289
StandardScaler,13,0,83.16489997790748,97.70372026305701,71.10336412759281,0.3347061917316625,0.8136423930394119,0.9784254352763059,0.696363286511449,0.11019086837768555,0.04339265823364258
StandardScaler,16,0,66.54023760146524,95.2515139322405,52.48736273313579,0.17710050591009757,0.6539369778838585,0.9611135990446336,0.49555512795843754,0.02671337127685547,0.04382443428039551
StandardScaler,19,0,62.64863062022962,94.47676632976821,56.59055255359944,0.12538684952324325,0.6989798385147222,0.9399258825824068,0.556359438137387,0.10767722129821777,0.04524087905883789
StandardScaler,22,0,65.89369365517143,94.95594103614893,65.79048283074778,0.16065990624933776,0.778562563466095,0.9411347517730496,0.6638830094285164,0.026013612747192383,0.04592156410217285
StandardScaler,25,0,62.045360927600676,94.13164070405762,57.873453024228695,0.13436002923941737,0.7104241552839684,0.9414417275325501,0.5704444872041562,0.07174253463745117,0.0469660758972168
StandardScaler,28,0,43.432477426435476,90.36035461501918,21.77793271744814,0.10763400735020331,0.24236898973527823,0.9884329385844121,0.13811814508370213,0.02567434310913086,0.04747748374938965
StandardScaler,31,0,49.94745259016954,91.70389703182332,21.847655569112774,0.1086884387972177,0.24345302375809935,0.9890320811625994,0.13881085241485472,0.05400395393371582,0.04875040054321289
StandardScaler,34,0,57.35294151184087,93.33021272185889,22.659926791005752,0.11692129947888097,0.256609590188654,0.9924831518921721,0.1473542428324033,0.12803173065185547,0.05018496513366699
StandardScaler,37,0,43.662102780093925,90.82993353987699,21.021439776886876,0.11118393746444248,0.22808272854271014,0.9949464922711059,0.12880507985376177,0.026297330856323242,0.05065441131591797
StandardScaler,40,0,57.261719368011455,93.50144380520408,51.67509151124281,0.09514778394004271,0.6529120136211127,0.9344227047946678,0.5017510101981912,0.026319503784179688,0.0519406795501709
StandardScaler,43,0,47.26131315074936,91.20007878757096,19.783859159839636,0.09751970869052663,0.20737168446434723,0.9885057471264368,0.11583605926496056,0.02957296371459961,0.05334877967834473
StandardScaler,46,0,47.094895203073,90.94804418637275,19.982569287083845,0.09675310236986312,0.21121000721674285,0.9868336544637123,0.11826053492399462,0.02722477912902832,0.05391216278076172
StandardScaler,49,0,46.778384965685326,90.75616424844594,19.70716402300854,0.10221014355875463,0.20519014424736007,0.993317741396592,0.11441216086203579,0.026984691619873047,0.05490589141845703
StandardScaler,52,0,51.119919611741814,91.98879980283729,24.333275230956946,0.10464721981547699,0.2877301217471204,0.9768270944741533,0.1687127188762748,0.06495952606201172,0.05628180503845215
StandardScaler,55,0,46.803228358240865,90.98155937589901,20.366044971239326,0.10389791975800905,0.2171961207635105,0.9915519399249061,0.12195497402347508,0.12420034408569336,0.05787777900695801
StandardScaler,58,0,44.96281472929539,90.6638353389653,19.804776015339026,0.09731143464029281,0.20779668021213582,0.9882083196855552,0.11610544544929767,0.028160572052001953,0.0581212043762207
StandardScaler,61,0,53.33559674741126,92.72000623397795,27.983266515600487,0.08630011120565192,0.3509896324222432,0.9556886227544911,0.21497017510101982,0.02794933319091797,0.05985450744628906
StandardScaler,64,0,43.496371838453804,89.62489763522254,15.101969670559527,0.07045763123630078,0.11939974688121498,0.988622754491018,0.06353665576294015,0.04151415824890137,0.06151938438415527
StandardScaler,67,0,48.446702157227456,91.39874062146416,21.017953634303645,0.1072174993510466,0.22865313904398746,0.9914378506052554,0.12922840100057725,0.04478096961975098,0.06255364418029785
StandardScaler,70,0,55.19063847376336,92.93371776872131,27.390622276451104,0.08679570723102223,0.3414279390375008,0.9570998049991136,0.2077737156051568,0.04073739051818848,0.0631873607635498
StandardScaler,73,0,43.99727905700582,90.24375227813054,16.329091859857066,0.08032159794894711,0.14297446884484913,0.9910891089108911,0.07704444872041562,0.03051590919494629,0.06519389152526855
StandardScaler,76,0,45.02058880123148,89.33239064509898,82.50653651734355,0.06203528387290346,0.9023887332710863,0.9123628210675373,0.8926303636713488,0.12748384475708008,0.07184624671936035
StandardScaler,79,0,44.410329321047044,90.34418309399214,17.68868746731741,0.08039182777456012,0.16994199332044296,0.982520325203252,0.09301520107754474,0.03014230728149414,0.06756329536437988
StandardScaler,82,0,40.240222635566106,88.62061457943173,15.056649816977513,0.06918116877723923,0.1186428416407437,0.9873570138470801,0.06311333461612469,0.03051471710205078,0.06751108169555664
StandardScaler,85,0,47.87607380326257,90.59569043924395,13.515774795189122,0.06236483761299748,0.0872028846861432,0.9932942162615256,0.045603232634212044,0.10616445541381836,0.0703427791595459
StandardScaler,88,0,44.709573186810054,89.8847973973334,16.30817500435768,0.0772653787781662,0.1430050333773605,0.98767258382643,0.07708293246103522,0.03043675422668457,0.06857657432556152
StandardScaler,91,0,51.6008452169699,91.90192100110295,19.553773749346348,0.0898402489464415,0.20427586206896553,0.9824212271973466,0.11398883971522032,0.030055999755859375,0.07198262214660645
StandardScaler,94,0,53.651010910853124,91.17844662679818,57.88739759456162,0.048371025813849014,0.7165782929003801,0.9178938510548776,0.5876852030017318,0.0301821231842041,0.07216429710388184
StandardScaler,97,0,51.593196929852695,92.03164998726072,20.407878682238103,0.08434535968715409,0.22113055640841947,0.9738581730769231,0.12472580334808543,0.030358076095581055,0.07454442977905273
StandardScaler,100,0,45.75781041769111,90.57091268280567,17.674742896984487,0.08444425937441258,0.16904183820683347,0.9868529170090387,0.09243794496825092,0.1014552116394043,0.07353830337524414
StandardScaler,103,0,54.35959777364434,91.71073553272664,41.0458427749695,0.056638876187376376,0.5379381950326512,0.9274543056340682,0.3788339426592265,0.030422687530517578,0.07706737518310547
StandardScaler,106,0,57.277651636627965,92.39273057266946,51.267212829004706,0.07641726518292472,0.6504113836997024,0.9287244679331524,0.5004425630171253,0.030431509017944336,0.07621264457702637
StandardScaler,109,0,58.98149502205688,93.80400866872611,33.81209691476381,0.12477841288983485,0.4328474130720516,0.9671605927112535,0.2788147007889167,0.030818700790405273,0.07835030555725098
StandardScaler,112,0,44.548377625268145,90.22407032512696,16.747428969844865,0.07532533365607079,0.15210367477365525,0.9825688073394495,0.08243217240715797,0.049610137939453125,0.07725763320922852
StandardScaler,115,0,54.17253686243488,91.74334653265495,47.456858985532506,0.04994114894421575,0.612704286154795,0.9219704585878896,0.4588031556667308,0.06062579154968262,0.08164167404174805
StandardScaler,118,0,54.79789622217947,92.01710061555704,38.194178141886006,0.05526649822892567,0.5022320801864278,0.9285714285714286,0.3441985761015971,0.03152966499328613,0.08085298538208008
StandardScaler,121,0,54.26497623272686,92.77874251738085,25.27104758584626,0.1344464599168926,0.2988355357843779,0.9958578591672117,0.175793727150279,0.03842043876647949,0.08439445495605469
StandardScaler,124,0,58.26532401171616,92.67422201870357,49.405612689559,0.085379624517414,0.6301383827314662,0.9327750113173382,0.47577448527996924,0.03575277328491211,0.08190488815307617
StandardScaler,127,0,54.271495663452576,91.27362774703036,54.37336587066412,0.06475517354778737,0.682376352958307,0.9236581039353525,0.5410429093707908,0.03399658203125,0.08585739135742188
StandardScaler,130,0,58.73561242597225,92.57963570073703,57.96409273139271,0.08915190783493301,0.7144683874023207,0.928654970760234,0.580565710987108,0.04205513000488281,0.09025335311889648
StandardScaler,133,0,55.40623436598038,92.07558458532257,42.52745337284295,0.05958065841746069,0.5554896462467644,0.9277672701071782,0.3964210121223783,0.05267643928527832,0.11185932159423828
StandardScaler,136,0,56.33491544266991,92.08423003962312,48.67700888966359,0.0672825087360473,0.6241319444444444,0.9271789425775621,0.47038676159322684,0.05506539344787598,0.08989596366882324
StandardScaler,139,0,58.4555662454835,92.8429274760842,52.333972459473586,0.08191632699104877,0.6607785248219912,0.9298282362798492,0.5124879738310564,0.03262782096862793,0.08948588371276855
StandardScaler,142,0,60.113816375544296,93.84344617370579,57.17622450758236,0.08812161942226013,0.7072449952335558,0.9288262910798122,0.57102174331345,0.06826210021972656,0.0925607681274414
StandardScaler,145,0,62.41659789479685,94.34200278181346,49.29056998431236,0.12169140866794324,0.6253734418460904,0.9453398738612474,0.46723109486242065,0.032666921615600586,0.09175348281860352
StandardScaler,148,0,57.793672987977395,93.33192657059116,22.785427924002093,0.11548982114624734,0.2590573043856421,0.9907881269191402,0.1490090436790456,0.03272652626037598,0.09184098243713379
StandardScaler,151,0,57.81251719296745,93.33952711575758,22.346173958514903,0.11572745634119191,0.25123533564153416,0.992826780021254,0.1438137386954012,0.03330683708190918,0.0968937873840332
StandardScaler,154,0,58.446799079240876,93.54105155086579,23.05386090291093,0.11067719900326405,0.26456084232973476,0.9858455425875341,0.15278045025976525,0.05441093444824219,0.09668421745300293
StandardScaler,157,0,59.58916468902999,93.69743408627286,52.94404741153913,0.08624172840779747,0.6665349078511784,0.9307941764989995,0.5191456609582451,0.04215240478515625,0.09953451156616211
StandardScaler,160,0,52.902399532493824,90.96941366481263,61.980128987275585,0.0429161742467492,0.7528889291702542,0.9154223373188606,0.6393688666538387,0.0338289737701416,0.09523749351501465
StandardScaler,163,0,59.900841653660585,93.88177778717481,57.57015861948753,0.0845618954728724,0.7111564658138928,0.9276250619118376,0.5766018857032904,0.0339052677154541,0.10569596290588379
StandardScaler,166,0,57.56745843399682,93.35376603391914,22.99111033641276,0.11668509406516239,0.2624866452991453,0.99092513234182,0.1512795843756013,0.033898353576660156,0.09937381744384766
StandardScaler,169,0,63.489517456652344,94.52582646229718,53.48788565452327,0.12754094040447428,0.6684723188549846,0.9433340346447857,0.5176447950740812,0.050791263580322266,0.1040353775024414
StandardScaler,172,0,57.037413322500875,93.22670303371355,22.935332055081055,0.11544433072261126,0.2617059648654064,0.9901440485216073,0.15077929574754667,0.053038835525512695,0.10064697265625
StandardScaler,175,0,57.93162151953762,93.41435525892851,22.921387484748127,0.11750610987510171,0.2611281914182596,0.9918761106879919,0.1503559746007312,0.03476214408874512,0.10420823097229004
StandardScaler,178,0,58.326792522751724,93.46591202993638,48.15757364476207,0.08120622257209734,0.617151095435471,0.9321822989578472,0.46126611506638443,0.09299135208129883,0.10941386222839355
StandardScaler,181,0,57.9955401620593,93.2434755273126,23.817326128638662,0.12053288553518963,0.2762709057791025,0.9907363420427553,0.16051568212430248,0.03496909141540527,0.11181497573852539
StandardScaler,184,0,59.9920523949002,93.86787844367069,48.436465051420605,0.08845494041904563,0.6194458023516093,0.9344822232572582,0.46326726957860304,0.0721750259399414,0.10381197929382324
StandardScaler,187,0,53.327620635836915,91.78212364001575,68.65260589158096,0.0533998799059806,0.8062903920723826,0.9157817470026914,0.7201847219549741,0.1299448013305664,0.10905766487121582
StandardScaler,190,0,63.71324482072991,94.65458484612655,47.96932194526756,0.1325016317889809,0.6098753169354628,0.950619295958279,0.4489513180681162,0.03586888313293457,0.10947084426879883
StandardScaler,193,0,59.23173625809761,93.73312856831333,47.02806344779501,0.08668677281943221,0.6042041103383605,0.9348702240851201,0.4463344237059842,0.04115772247314453,0.11136913299560547
StandardScaler,196,0,57.52155303273256,92.57548603260236,53.25431410144675,0.07372760923320665,0.6706780951445342,0.9268259571001901,0.5254569944198576,0.03568100929260254,0.10589885711669922
StandardScaler,199,0,62.743739621861614,94.37059215891021,55.37737493463483,0.10751572033784411,0.688715953307393,0.9355797819623389,0.5449297671733693,0.03607892990112305,0.11326265335083008
StandardScaler,202,0,62.47646719261113,94.3505719620724,48.502701760502006,0.11501878931982024,0.6175038839979285,0.9437277404036407,0.45888012314797,0.03626227378845215,0.11150360107421875
StandardScaler,205,0,58.82806462417777,93.68951105552259,22.014990413107896,0.11601728317795189,0.24527665317139002,0.9945280437756497,0.1398883971522032,0.036750078201293945,0.11865639686584473
StandardScaler,208,0,60.346829723701,93.9121496925336,52.829004706292494,0.08762932165435669,0.6652648244811122,0.9312924227732373,0.5174523763709833,0.036581993103027344,0.11093258857727051
StandardScaler,211,0,62.50695344180047,94.3529980852601,52.06902562314799,0.11301633255019196,0.6553530694608076,0.9398907103825137,0.5030594573792573,0.03661704063415527,0.11700916290283203
StandardScaler,214,0,55.4944405248042,92.70370666134124,41.72215443611644,0.06072862257391827,0.545671966299769,0.928677150786309,0.3863382720800462,0.037192344665527344,0.11488175392150879
StandardScaler,217,0,60.28654565668228,93.93710431810189,43.315321596653305,0.08909523513810227,0.5613703803614782,0.9386558412268832,0.40042332114681545,0.10167932510375977,0.11881494522094727
StandardScaler,220,0,54.16864715398485,92.16349408234925,43.56283772006275,0.05195450533938099,0.568603938497615,0.9243631952867787,0.41058302867038676,0.03720855712890625,0.1139380931854248
StandardScaler,223,0,64.08675090329892,94.59442788760974,56.82412410667597,0.12694118718060077,0.7010836772620858,0.9401864319005696,0.5589378487588994,0.12876582145690918,0.12142586708068848
StandardScaler,226,0,53.6795202360336,91.86167595977007,44.863168903608155,0.04656075059187607,0.5842052684157947,0.9218451837716751,0.42759284202424475,0.03752565383911133,0.11795401573181152
StandardScaler,229,0,58.1417869283561,93.47394834685,48.93498344082273,0.07126485596320968,0.6264980366158397,0.9283609158920879,0.47277275351164133,0.05510711669921875,0.12265944480895996
StandardScaler,232,0,61.21548329164261,93.96010461897605,52.661669862297366,0.10070013508941321,0.6624574312063437,0.9354816062903679,0.5127958437560131,0.03787946701049805,0.11703681945800781
StandardScaler,235,0,61.300300030644465,94.14536119613042,49.747254662715704,0.10473944189655306,0.6319041903935038,0.9390558591378263,0.4761593226861651,0.0381929874420166,0.12821173667907715
StandardScaler,238,0,56.460084521697,92.94134123095775,41.95921213177619,0.06384514472295351,0.5481586017857627,0.9297551095562512,0.38864729651722146,0.05782604217529297,0.12077999114990234
StandardScaler,241,0,65.24967395719753,94.84757803310092,43.95677183196793,0.14266375660280045,0.5627481912636675,0.9595584825155365,0.39811429670964016,0.06362557411193848,0.12772917747497559
StandardScaler,244,0,55.13814665155824,92.44393401632654,61.69775143803382,0.043550078417911975,0.7504485883662299,0.9156412814543842,0.6357513950355974,0.038527488708496094,0.12022042274475098
StandardScaler,247,0,54.85890150300388,92.19768253025171,50.22834233920167,0.04975696822537866,0.6421356059656599,0.9208483105679367,0.49293823359630556,0.03898262977600098,0.1262671947479248
StandardScaler,250,0,56.42748594274474,92.7673959642791,40.46365696356981,0.06415111204885328,0.5298166400528606,0.9308309954532262,0.3702905522416779,0.09583854675292969,0.1247246265411377
StandardScaler,253,0,57.93202773679973,93.31718494428154,27.519609552030676,0.08711593940337346,0.34344901632614394,0.9570573741640267,0.20927458148932077,0.054279327392578125,0.1276102066040039
StandardScaler,256,0,65.60633271331751,94.90370893838451,51.828481784905,0.1399274375717957,0.6504603865223111,0.9490662139219015,0.4947854531460458,0.03945279121398926,0.17869830131530762
StandardScaler,259,0,55.23992189225977,92.50021203847962,45.361687293010284,0.052498004660545945,0.5892066154692946,0.9237343852728468,0.43255724456417166,0.04357600212097168,0.1294102668762207
StandardScaler,262,0,56.54146765584132,93.14897098002723,26.62018476555691,0.09299753105906679,0.3279159615568824,0.9626921634795651,0.19761400808158552,0.03981304168701172,0.12863421440124512
StandardScaler,265,0,55.17598044455847,92.23946368705789,44.995642321770966,0.053724876284577665,0.5849205514048196,0.9243369086222666,0.4278237444679623,0.05230855941772461,0.1317462921142578
StandardScaler,268,0,57.810480405362064,93.31607111386218,37.00191737842078,0.07760964536234231,0.48355291360635594,0.9393737508327782,0.3255724456417164,0.09743189811706543,0.12841272354125977
StandardScaler,271,0,54.90895744696014,92.4227909572048,51.511242809830925,0.045988354821518695,0.6556070022532002,0.9192473267601722,0.5094862420627285,0.04031634330749512,0.13258886337280273
StandardScaler,274,0,58.62195141071416,93.31069114009955,47.449886700366044,0.077133638780854,0.6098457397246092,0.9312307327483993,0.45337694823936886,0.04050898551940918,0.13109970092773438
StandardScaler,277,0,58.14404179049166,93.45380262295289,43.214223461739586,0.07858419841078018,0.561404453539406,0.934642280796127,0.4011929959592072,0.05035901069641113,0.13318896293640137
StandardScaler,280,0,54.287802792209185,92.41983335580596,24.538957643367613,0.06174152400343393,0.2983923246467004,0.9457571399219231,0.1771406580719646,0.04076337814331055,0.12781620025634766
StandardScaler,283,0,57.908951745665235,92.98618018932041,49.771657660798326,0.0728851822889949,0.6352035649179664,0.9284286877359189,0.4827400423321147,0.04122447967529297,0.13680267333984375
StandardScaler,286,0,58.130675104583126,93.26571533886539,36.329091859857066,0.08241507716879995,0.4738722129400242,0.942261427425822,0.3165287665961131,0.04805350303649902,0.1349811553955078
StandardScaler,289,0,57.54775333347586,92.76838836885281,49.16855499389925,0.07821393869128491,0.628310688521247,0.9305345816973724,0.47427361939580526,0.13365387916564941,0.13805699348449707
StandardScaler,292,0,58.50107113078058,93.32445605930883,49.907617221544356,0.07881528514709633,0.6360712205252894,0.9302859682915987,0.48324033096016933,0.0415644645690918,0.13970589637756348
StandardScaler,295,0,58.02287288250344,93.41838636204396,34.90325954331532,0.09726422158230048,0.45222799143418696,0.9511352418558736,0.296632672695786,0.04174470901489258,0.14736151695251465
StandardScaler,298,0,54.27653275750255,92.02906531591253,56.845040962175354,0.03967657417796123,0.7076356250442833,0.9159329909513328,0.5765249182220512,0.10736465454101562,0.1436774730682373
StandardScaler,301,0,57.85881170760909,93.1483767407551,57.38539306257626,0.07245839593926415,0.7103042942459001,0.924434026278453,0.5767173369251491,0.04219985008239746,0.14671850204467773
StandardScaler,304,0,57.12965457279484,92.75376116342223,55.33554122363604,0.07087358778925373,0.691158036833478,0.9249629008323118,0.5517029055224167,0.04259324073791504,0.14118361473083496
StandardScaler,307,0,55.362055031749094,92.1627023622759,57.43768520132474,0.054919773801783776,0.7120179266422927,0.9197440585009141,0.5808350971714451,0.06171894073486328,0.14835214614868164
StandardScaler,310,0,58.65293937385528,93.44054564177581,43.22119574690605,0.08306116031673587,0.5609618028412001,0.9363750899928006,0.40042332114681545,0.04247474670410156,0.14808201789855957
StandardScaler,313,0,53.937153200920754,92.12765088330299,47.024577305211785,0.03779913857944657,0.6092367825550298,0.9180810664186623,0.4558783913796421,0.050837039947509766,0.1529395580291748
StandardScaler,316,0,57.03459830814074,92.8115211497025,30.653651734355936,0.0746762153890554,0.3941645854906499,0.9448094612352168,0.2490282855493554,0.04309964179992676,0.1444103717803955
StandardScaler,319,0,56.470651871806375,92.43770448294167,48.43297890883737,0.06553567731010625,0.6216879795396419,0.9267251239039268,0.46773138349047527,0.06467890739440918,0.15347051620483398
StandardScaler,322,0,57.319435001674755,92.87382153187846,59.88495729475336,0.06892567494345149,0.7331586392412401,0.9223946784922394,0.6083509717144506,0.0431971549987793,0.15073919296264648
StandardScaler,325,0,57.21153229427234,93.18851160974245,42.19626982743595,0.06614900368727132,0.5507356328067846,0.9305072331074895,0.3911102559168751,0.10293006896972656,0.18162274360656738
StandardScaler,328,0,56.88741082818436,92.79582909711009,48.21335192609378,0.059646314035602145,0.6199114704603025,0.9248740265689418,0.46619203386569175,0.04699540138244629,0.14753246307373047
StandardScaler,331,0,57.466231230268185,93.12355409599553,37.503921910406135,0.07036498976227964,0.4911872392359436,0.9356617647058824,0.3329998075812969,0.05131649971008301,0.15834879875183105
StandardScaler,334,0,56.67591559232892,92.98287901624985,26.062401952239846,0.08360526807293367,0.3202897157324616,0.9576466078957455,0.19230325187608235,0.13518357276916504,0.15361404418945312
StandardScaler,337,0,55.93741403516274,92.78784782741172,22.837720062750567,0.07154855333615034,0.26723167582599483,0.9561715233357024,0.15532037714065808,0.05393528938293457,0.1626288890838623
StandardScaler,340,0,54.37302717379685,92.37308782815074,23.35366916506885,0.06222916724202651,0.2778690139919858,0.9482178883658372,0.1627862228208582,0.04462313652038574,0.15179014205932617
StandardScaler,343,0,56.22257997847762,92.77436027826032,33.88879205159491,0.06231045083309354,0.44315245478036175,0.9349522983521249,0.2903983067154127,0.04496192932128906,0.15902996063232422
StandardScaler,346,0,57.14537446817608,92.95764975499054,36.77183196792749,0.0860335166604964,0.4793155915367611,0.9434900542495479,0.3212622666923225,0.05063962936401367,0.15875005722045898
StandardScaler,349,0,55.4983580270669,92.6692863165135,27.352274708035555,0.08297689858908829,0.34143412445090543,0.9547543301519972,0.20788916682701558,0.04470705986022949,0.16179323196411133
StandardScaler,1,1,72.23996892794275,96.11037780611522,56.19661844169427,0.2068331800269941,0.6888542208355001,0.96603694957633,0.5352703482778526,0.03091597557067871,0.03787660598754883
StandardScaler,4,1,78.20434011074767,97.13354683119331,65.86717796757887,0.311700634704814,0.7710510931836783,0.98253873659118,0.634481431595151,0.028065204620361328,0.04016900062561035
StandardScaler,7,1,79.00814429977409,97.30738835523715,62.67038521875544,0.3034310404221335,0.7431395125695643,0.9864357129210979,0.5961131421974216,0.06698727607727051,0.04426288604736328
StandardScaler,10,1,64.88679508833444,94.99661558107,41.35610946487711,0.15701417430302303,0.5292965470927304,0.9697528965446529,0.36397921878006545,0.052191734313964844,0.04251742362976074
StandardScaler,13,1,59.2993236838917,94.20582092803244,37.15182150949974,0.13985755739936115,0.4769944879605454,0.9688862698880377,0.3163748316336348,0.026788949966430664,0.04329562187194824
StandardScaler,16,1,66.20750432942081,94.94210133407827,62.84469234791703,0.1524701019912122,0.7540158788774003,0.9418785677218474,0.6286319030209736,0.11375164985656738,0.04401111602783203
StandardScaler,19,1,66.74468746213984,95.01137291248762,61.736099006449365,0.16226212773807555,0.7437070938215103,0.9456089305860698,0.6128535693669425,0.03066420555114746,0.04563403129577637
StandardScaler,22,1,68.59575538594204,95.28495455958827,61.1783161931323,0.1850462918985444,0.7372841370199112,0.9526306163506676,0.6013469309216856,0.03010416030883789,0.04478335380554199
StandardScaler,25,1,59.699513251947344,93.65781973014501,30.458427749694962,0.09793076951349823,0.3875721478570551,0.958251100652801,0.24290937079084088,0.03680729866027832,0.04705452919006348
StandardScaler,28,1,60.080262829695194,93.61809397732803,70.3956771831968,0.10613291215093684,0.8175646644324138,0.9253513592374654,0.7322686165095247,0.02634263038635254,0.05186033248901367
StandardScaler,31,1,56.712650460735894,93.17499707164191,34.715007843820814,0.08125320812986463,0.4519301120899061,0.9434261974584556,0.29713296132384065,0.029027223587036133,0.052145957946777344
StandardScaler,34,1,58.36070667550368,93.18570366233403,55.26930451455464,0.07469733562214241,0.690229593684363,0.9260818864990931,0.5501250721570137,0.03838610649108887,0.049986839294433594
StandardScaler,37,1,53.11080039053871,92.32295756585276,19.62001045842775,0.08215327798245,0.20676368390270755,0.9750162232316677,0.11564364056186262,0.10278058052062988,0.05074906349182129
StandardScaler,40,1,51.436598037329226,91.73911896557657,17.483005054906744,0.06393322732402583,0.16848169746364083,0.9665457476823861,0.09228401000577256,0.04791569709777832,0.051956892013549805
StandardScaler,43,1,49.731959321260845,90.99994995585791,15.917727035035734,0.06838782550109972,0.13641734397937627,0.9799382716049383,0.07331152588031557,0.027637243270874023,0.0574345588684082
StandardScaler,46,1,45.66107797233447,90.79505651349797,19.76991458950671,0.08555141586988135,0.20903216937036018,0.9774991963998714,0.11702905522416779,0.027534961700439453,0.05452251434326172
StandardScaler,49,1,51.63443724655963,91.86243485535263,20.77740979606066,0.10081478381106038,0.22527528721917295,0.986857825567503,0.1271502790071195,0.04807472229003906,0.05525016784667969
StandardScaler,52,1,46.7203842672767,90.22958980248073,15.910754749869268,0.0679128462271867,0.13634573382505638,0.9794238683127572,0.07327304213969597,0.1346266269683838,0.05622243881225586
StandardScaler,55,1,42.13974158880836,89.30218916093942,15.541223636046714,0.06828510248441273,0.12874456072212032,0.9824368825466521,0.06888589570906292,0.09718918800354004,0.057987213134765625
StandardScaler,58,1,63.477393653033445,93.8930562239575,62.45424437859508,0.13705004812839233,0.7515341669358188,0.9381948044467484,0.6268231672118529,0.028119325637817383,0.05833268165588379
StandardScaler,61,1,60.55752392762206,93.99076017508155,46.12863866132125,0.1232568173272433,0.5902039300962635,0.9491641078130331,0.42824706561477777,0.028224945068359375,0.06010770797729492
StandardScaler,64,1,62.96028050370941,94.1511756780633,66.10423566323863,0.12416569316536903,0.782973594339412,0.9321322278911565,0.6749663267269579,0.08456993103027344,0.06263852119445801
StandardScaler,67,1,25.808365224951718,85.60549380317852,14.931148683981174,0.054190120280959445,0.11816999132697312,0.969176052163604,0.06292091591302675,0.028491735458374023,0.06264305114746094
StandardScaler,70,1,64.69652862406375,94.91878505884861,41.96618441694265,0.15773705589694198,0.5367984640641086,0.9690576652601969,0.371214162016548,0.03149724006652832,0.0626821517944336
StandardScaler,73,1,53.849508619645235,92.31811167560838,18.10353843472198,0.08006846380922544,0.17808410887971451,0.9799768964189449,0.09794111987685203,0.06308984756469727,0.06517267227172852
StandardScaler,76,1,60.591037564406825,93.3589784777578,66.2227645110685,0.12705289565039832,0.7838000669418721,0.9327137546468401,0.6758899365018279,0.11612844467163086,0.0650477409362793
StandardScaler,79,1,60.336494701359044,93.54315784128995,58.39637441171344,0.13037337516936015,0.7155727155727156,0.9398359732047831,0.5777179141812584,0.04136300086975098,0.06747865676879883
StandardScaler,82,1,52.02690868663545,92.23732566931953,27.366219278368487,0.07622096031222163,0.3427652124538658,0.9504898530440867,0.20908216278622282,0.03103184700012207,0.07618284225463867
StandardScaler,85,1,68.26577441401378,94.89746747904483,60.28237754924176,0.18453395532774453,0.7291958831499132,0.953562103692652,0.5903020973638637,0.046118974685668945,0.07049560546875
StandardScaler,88,1,44.31530441351492,89.94691579175338,16.032769740282376,0.04708669569808729,0.14199202051866627,0.9549592716818399,0.07669809505483934,0.042433738708496094,0.06878829002380371
StandardScaler,91,1,37.68809640889687,86.70940837864006,11.99233048631689,0.04376608750168767,0.05629696086127622,0.9830287206266318,0.028978256686549932,0.030190706253051758,0.07224845886230469
StandardScaler,94,1,46.47962713531311,90.0415509472043,11.967927488234269,0.04281316822399277,0.05585882001046886,0.9816031537450722,0.028747354242832403,0.030774354934692383,0.0721435546875
StandardScaler,97,1,56.06110932945645,91.29130568288099,48.49921561791877,0.08316717065403069,0.6206506946049354,0.9326284920512424,0.4650760053877237,0.030763626098632812,0.07469820976257324
StandardScaler,100,1,51.24942880151654,90.35174050411912,53.20899424786474,0.04574019780076924,0.672554281532081,0.9186271242919027,0.5304598807004041,0.030802488327026367,0.0738670825958252
StandardScaler,103,1,52.25838981178601,91.25280322883046,37.291267212829005,0.02966192543426474,0.4939799707437831,0.9181219282651888,0.3378872426399846,0.06098127365112305,0.07782268524169922
StandardScaler,106,1,49.749889893742115,90.3140647855424,55.973505316367444,0.022618187698926994,0.7007842301040111,0.9116631734681298,0.5691360400230903,0.030570507049560547,0.07719635963439941
StandardScaler,109,1,39.649596989716294,88.51295790609221,15.513334495380862,0.05737046639317616,0.12977126647276382,0.9694206008583691,0.06954011929959591,0.03979825973510742,0.0784904956817627
StandardScaler,112,1,57.90014752100571,93.48430260694074,34.9450932543141,0.09418758448741547,0.45325364038557325,0.9495457893444635,0.29767173369251493,0.03162360191345215,0.09002232551574707
StandardScaler,115,1,58.18482315295861,92.54893885679583,51.497298239497994,0.07595277909009629,0.6528086242607242,0.9284497444633731,0.503367327304214,0.031062602996826172,0.08135461807250977
StandardScaler,118,1,41.9972505505313,88.33132666646593,11.685549938992505,0.04628234015349612,0.04924000750609871,0.9939393939393939,0.025245333846449874,0.031252145767211914,0.08095192909240723
StandardScaler,121,1,51.41833536441964,90.68325264370453,62.381035384347214,0.0365042027845571,0.7566360704539816,0.9138701242100675,0.6455647488935925,0.03139162063598633,0.08321571350097656
StandardScaler,124,1,49.69214575360429,90.89001156830271,36.13038173261287,0.020879263002616513,0.47988644428672816,0.9147186147186147,0.32526457571675965,0.1036372184753418,0.08203554153442383
StandardScaler,127,1,44.34913874813817,88.88888537695576,11.776189646156528,0.043848105938453265,0.05149732019039766,0.9870689655172413,0.02643832980565711,0.03377866744995117,0.09035730361938477
StandardScaler,130,1,53.92459467356523,92.16308831490217,41.059787345302425,0.04054771674295754,0.5401082610233114,0.9211356466876972,0.3820665768712719,0.03197169303894043,0.09192228317260742
StandardScaler,133,1,49.45093251804816,90.66019286983796,11.29858811225379,0.03998466090699718,0.04122390534328133,0.9891500904159132,0.02105060611891476,0.15527796745300293,0.08875322341918945
StandardScaler,136,1,55.57115572374376,91.68268658547267,39.97908314450061,0.0653927542391462,0.5236158379679589,0.9316660102402521,0.3641331537425438,0.032221078872680664,0.08544039726257324
StandardScaler,139,1,57.61764408241221,91.87864533376899,47.13962001045843,0.0988396815072926,0.6041715613334377,0.9391332575880539,0.44533384644987495,0.039011478424072266,0.09446358680725098
StandardScaler,142,1,58.16225030109964,92.42080008982789,50.46888617744466,0.08277978821927397,0.6415741675075681,0.9312339802270231,0.48935924571868383,0.046724796295166016,0.08832168579101562
StandardScaler,145,1,56.2145625325152,91.53431213900629,44.61216663761548,0.0824971573515093,0.5773119080557625,0.9351029906058778,0.41754858572253223,0.03264665603637695,0.09122776985168457
StandardScaler,148,1,55.72097435129953,91.31938077229732,54.50932543141015,0.07087192094948747,0.6832074967832779,0.925358411153492,0.5415047142582259,0.032868146896362305,0.09158182144165039
StandardScaler,151,1,57.83277816974181,92.48562203839896,37.615478473069544,0.0946704267215768,0.48934166595325745,0.9465665709869728,0.32995959207234943,0.1333308219909668,0.09837841987609863
StandardScaler,154,1,52.24269272158438,91.07823968466342,53.78420777409796,0.038046846796189186,0.6787972766699779,0.9162742019884877,0.5390802385991919,0.05383801460266113,0.09588074684143066
StandardScaler,157,1,53.80972925975813,91.633766908829,40.495032246818894,0.04337935279282418,0.5328297342420013,0.9224791508718726,0.3746007311910718,0.03798174858093262,0.10002303123474121
StandardScaler,160,1,54.76898923167926,91.4380233244028,44.458776363953284,0.05566056135748357,0.5785631150142843,0.9252897876300872,0.4208581874158168,0.03937101364135742,0.09904003143310547
StandardScaler,163,1,52.30548820900947,90.39005107719262,57.995468014641794,0.0522178886643367,0.7172989840688863,0.91885068526088,0.5882624591110256,0.14413905143737793,0.10243439674377441
StandardScaler,166,1,50.01239318980324,90.22844104527536,51.16611469409099,0.0156608254719302,0.6547883089358766,0.9103679846501748,0.5112564941312295,0.0445864200592041,0.11587834358215332
StandardScaler,169,1,61.21021529514892,93.40029027173225,48.83039916332578,0.11587510955319555,0.6209781542116407,0.9437249823404756,0.4627284972099288,0.10474395751953125,0.10406494140625
StandardScaler,172,1,60.57497416600746,92.58586042320714,51.96792748823427,0.11878987171702073,0.653801698577818,0.9418663577789039,0.5006734654608428,0.056479454040527344,0.1033484935760498
StandardScaler,175,1,57.72990400444702,92.0682671264847,58.13142757538783,0.08096780302563043,0.7165714825128616,0.9263530416742938,0.5842601500865884,0.05269598960876465,0.10378384590148926
StandardScaler,178,1,54.95976168587291,91.31883895700817,61.48161059787345,0.0626583059036793,0.747491829878648,0.920211568759847,0.6293630940927458,0.0671086311340332,0.10302972793579102
StandardScaler,181,1,58.275921293623824,92.54929624446233,39.3724943350183,0.08708877341711024,0.5131435290165449,0.9413516844700082,0.3527034827785261,0.03515815734863281,0.10679101943969727
StandardScaler,184,1,54.518204947298656,91.86489781158281,57.507408052989376,0.04153908054928768,0.7135841342199873,0.9162442674390538,0.5843371175678276,0.04982471466064453,0.10244989395141602
StandardScaler,187,1,50.631281579828816,90.36481732140244,66.27157050723375,0.04161880131957666,0.7881958887015915,0.9140855082766325,0.6927842986338272,0.03561043739318848,0.10960221290588379
StandardScaler,190,1,58.09674669859392,92.73316675912952,42.02893498344083,0.0945709828693705,0.5452705843747436,0.9419879062736206,0.3836828939772946,0.06838464736938477,0.1252431869506836
StandardScaler,193,1,58.76813546276698,92.41328120071725,48.22032421126024,0.0963251948989977,0.6163106093875126,0.9373723086594373,0.45907254185106794,0.10419416427612305,0.11333274841308594
StandardScaler,196,1,60.10346496197949,92.89373949462372,55.635349485793974,0.09568279419435022,0.692117869066628,0.9319173887549678,0.55047142582259,0.04516744613647461,0.10981631278991699
StandardScaler,199,1,50.10668690626359,90.8063190052381,65.74167683458253,0.011649483192977586,0.7853382555320125,0.9081539860563808,0.6917837213777179,0.036322832107543945,0.11266565322875977
StandardScaler,202,1,52.83788652997812,91.1148688144616,59.327174481436295,0.049450249826296214,0.7294483222410315,0.9177266892286148,0.6052722724648836,0.03682827949523926,0.11071896553039551
StandardScaler,205,1,60.60302168630051,93.29922796096987,49.44744640055778,0.10951479251634036,0.6282462122183198,0.9409460912302258,0.4715412738118145,0.04653048515319824,0.1170203685760498
StandardScaler,208,1,55.1567399995724,92.45273389237721,31.59142408924525,0.07746242691787711,0.4077148290121035,0.9451441365799048,0.2599191841446989,0.07573246955871582,0.1098787784576416
StandardScaler,211,1,57.205074865128736,92.29275536025466,48.36325605717274,0.07545515069677028,0.619951762713604,0.9300946955115867,0.46492207042524536,0.04021120071411133,0.11954188346862793
StandardScaler,214,1,52.7249082447851,91.15798195857109,48.56893846958341,0.03191891608381507,0.6264401286303902,0.9157536274800119,0.4760438714643063,0.052370548248291016,0.11516189575195312
StandardScaler,217,1,54.413154312673264,92.1835800078642,32.0481087676486,0.06143813001882398,0.4168960153165011,0.9361816471852747,0.26815470463729074,0.03753662109375,0.11895346641540527
StandardScaler,220,1,57.07943614193374,92.76441608496373,40.64145023531462,0.08374399440052728,0.5295499129665957,0.9387735109717869,0.36878968635751397,0.037633419036865234,0.11382246017456055
StandardScaler,223,1,59.43616473891633,92.53401307352138,48.43995119400383,0.10812625205146578,0.6175131892003723,0.9413387999684617,0.4594573792572638,0.038021087646484375,0.1218409538269043
StandardScaler,226,1,56.405518853469594,91.97743914163111,53.43559351577479,0.07742131632951432,0.672164543602582,0.9278357501016398,0.5269578603040216,0.0611109733581543,0.11935591697692871
StandardScaler,229,1,53.187588280988315,91.34528873278495,32.21544361164372,0.03880393485731051,0.4228211826169556,0.9245748409710502,0.2740812006927073,0.039026737213134766,0.12158560752868652
StandardScaler,232,1,54.506125328715285,91.9142254752702,45.51159142408924,0.04675394175524622,0.5915220572862221,0.9216548578874502,0.4355204925918799,0.04445290565490723,0.11620426177978516
StandardScaler,235,1,61.45110141890977,93.71583607841644,54.443088722328746,0.11048774286214841,0.6793758280582953,0.9371826981655723,0.532807388878199,0.0578310489654541,0.12430644035339355
StandardScaler,238,1,51.46445171359546,90.91723298963757,36.65330312009761,0.021684121242823765,0.4867094149882772,0.9149320305862362,0.33153742543775255,0.05148577690124512,0.12109732627868652
StandardScaler,241,1,53.111785289233815,91.5158299117524,35.09848352797629,0.03928261366630384,0.46331690161146183,0.9232536764705882,0.30925533961901097,0.04588913917541504,0.12878894805908203
StandardScaler,244,1,60.2876353166713,93.20090313858877,45.38260414850968,0.10987779584169027,0.5831359923369609,0.9448180720813933,0.4217048297094478,0.0822455883026123,0.12059140205383301
StandardScaler,247,1,61.22573564520841,93.1716548662446,51.11033641275928,0.1131509387740341,0.6454467310512211,0.9407472916206058,0.4912449490090437,0.03910493850708008,0.1271371841430664
StandardScaler,250,1,53.6782203407949,90.88581388299261,43.1828481784905,0.0621229257092839,0.5629625656977367,0.9283629609976121,0.4039638252838176,0.04029440879821777,0.12486147880554199
StandardScaler,253,1,49.198554721741175,90.10589402694244,11.44500610074952,0.04114040040909251,0.04439094123843202,0.9882747068676717,0.022705406965557052,0.039269208908081055,0.12894201278686523
StandardScaler,256,1,56.89509902436591,92.84824112868134,42.85863691824996,0.07959147720341476,0.5570598567761114,0.9352994555353902,0.39665191456609583,0.06903910636901855,0.17763900756835938
StandardScaler,259,1,55.86253037721192,92.14146104575596,43.52449015164721,0.06708127429027655,0.5664043680745142,0.930034279687088,0.407196459495863,0.05186343193054199,0.13053345680236816
StandardScaler,262,1,54.53383504728511,91.87145128261116,38.45563883562838,0.05155019679882012,0.5060989256938228,0.9268367660620965,0.3480854339041755,0.04593801498413086,0.12776875495910645
StandardScaler,265,1,54.13054112415282,91.55593130266195,38.97158793794666,0.04682761033383624,0.5133166527661941,0.9245868803204808,0.35528189340003846,0.04032707214355469,0.13703370094299316
StandardScaler,268,1,53.559935575367554,91.32914012439825,39.24699320202196,0.04265739675992973,0.5173512061373141,0.9227425409998025,0.359438137386954,0.052678585052490234,0.12610960006713867
StandardScaler,271,1,54.42569288549662,91.62915254019303,38.846086804950325,0.042932778128581005,0.5122344566789011,0.9230383805992585,0.35447373484702716,0.04079794883728027,0.13370966911315918
StandardScaler,274,1,52.211691930529724,91.15079493920383,33.01028412062053,0.04484060680459871,0.43332350339132997,0.9270662460567823,0.2827400423321147,0.044245243072509766,0.13182687759399414
StandardScaler,277,1,52.57457650068773,91.46068094321254,39.81174830050549,0.03490275874258302,0.5254391028283995,0.9193920738745671,0.36782759284202426,0.08720731735229492,0.13411664962768555
StandardScaler,280,1,51.72547837427576,90.64713846232756,45.31288129684504,0.026228873787247874,0.5915162877900164,0.9146400386535674,0.43709832595728304,0.04094862937927246,0.128554105758667
StandardScaler,283,1,56.13827635601736,92.43671567612442,38.39986055429667,0.06574862346399299,0.5034843205574913,0.9329376236592731,0.3447758322108909,0.040972232818603516,0.135986328125
StandardScaler,286,1,49.737589349981114,90.48435704524007,39.49102318284818,0.009943354012294185,0.5246610981788307,0.9096866096866096,0.36863575139503557,0.07108044624328613,0.13434982299804688
StandardScaler,289,1,52.63887285399698,91.3226182638027,28.65260589158097,0.03518628058570128,0.36988916256157633,0.9248652809853734,0.23117182990186647,0.04947972297668457,0.13756203651428223
StandardScaler,292,1,51.77688267447744,90.89866620419195,42.649468363256055,0.027998546201495743,0.5606857692204983,0.9158960041877509,0.4040023090244372,0.0420527458190918,0.13942670822143555
StandardScaler,295,1,54.71940364455277,91.96546825101426,35.78873975945616,0.05150338116421694,0.4709464311360046,0.9284258210645526,0.3154897055993843,0.0503840446472168,0.14473342895507812
StandardScaler,298,1,54.17423584831704,91.49127964339952,41.74655743419906,0.052002588344004314,0.5470317159121714,0.9252636405318662,0.3883009428516452,0.04241609573364258,0.14972949028015137
StandardScaler,301,1,55.870113099437724,91.91982175819678,50.880251002266,0.06364680888846286,0.6475914161372618,0.9249124812459812,0.49821050606118916,0.04249167442321777,0.1472034454345703
StandardScaler,304,1,49.50335521205253,90.28730499260975,76.15827087327872,0.01583471489958802,0.8616847001719082,0.9080562659846547,0.8198191264190879,0.052689552307128906,0.1412034034729004
StandardScaler,307,1,53.681916205218116,91.358925000385,42.91441519958166,0.054817234485542446,0.5606503716025865,0.9257487152223994,0.40207812199345777,0.04241681098937988,0.14843082427978516
StandardScaler,310,1,52.436667878191834,91.11662370062193,41.55481959212132,0.03730166967850472,0.5465119424382591,0.919701383831027,0.38876274773908026,0.05142927169799805,0.14725518226623535
StandardScaler,313,1,53.127964138855035,91.57821559105989,59.91633257800244,0.03335410428291889,0.735653853227883,0.9136542744560562,0.615701366172792,0.0429079532623291,0.15053248405456543
StandardScaler,316,1,53.000537347044954,91.34835212438233,48.1052815060136,0.03789514882882985,0.6209127024549251,0.9177896559512159,0.46915528189340006,0.043790578842163086,0.1455554962158203
StandardScaler,319,1,54.090697624698,91.45924436638087,44.4378595084539,0.056122809842484016,0.578270533446232,0.9254679427458288,0.42051183375024054,0.14298129081726074,0.1531519889831543
StandardScaler,322,1,58.07095118978898,92.77286666372288,50.625762593690084,0.07250305725648483,0.6441546694806664,0.9278372900984366,0.49332307100250145,0.08199644088745117,0.1539762020111084
StandardScaler,325,1,53.7135811971294,91.295450395192,49.18249956423218,0.04188183699021857,0.631958997146969,0.9187344002349142,0.4816240138541466,0.048803091049194336,0.1534104347229004
StandardScaler,328,1,52.27137023496462,91.44988548954873,30.061007495206553,0.045309173475582616,0.389878961133751,0.9293895896766711,0.24668077737156052,0.04358053207397461,0.14738941192626953
StandardScaler,331,1,52.2703582551187,90.68428576038274,54.47795014816106,0.041408458696971275,0.6852280397261595,0.9170269049616104,0.5469694054262074,0.04418611526489258,0.15491509437561035
StandardScaler,334,1,51.29017595621406,90.63379571721325,49.94596478995991,0.027374559423379526,0.6412831659421376,0.9140374617192508,0.49390032711179527,0.044205427169799805,0.15288162231445312
StandardScaler,337,1,53.16178707088848,91.34956435307109,44.82133519260938,0.04432008777580556,0.5839772906481627,0.9210679048171794,0.4275158745430056,0.04397916793823242,0.1571800708770752
StandardScaler,340,1,54.021944284095525,91.57192107483584,51.42408924525013,0.040581187045303405,0.6552014253192121,0.9176543980037429,0.5094862420627285,0.04455995559692383,0.15483331680297852
StandardScaler,343,1,50.89491800825263,90.56456798860356,61.85811399686247,0.02287414753974818,0.7529746449617304,0.9109035288976292,0.6417163748316337,0.044637441635131836,0.15843892097473145
StandardScaler,346,1,55.369144591965444,92.07420778163582,41.31776189646156,0.06526632228336576,0.5401950340080308,0.9307228915662651,0.38052722724648835,0.06521415710449219,0.1605522632598877
StandardScaler,349,1,52.88519444978941,91.56033844950362,36.33955028760676,0.04386845711038464,0.4794321388865133,0.9246756102925006,0.3236097748701174,0.04486370086669922,0.1609044075012207
StandardScaler,1,3,63.0200927885746,94.15831304371169,53.11486839811749,0.12242829481796084,0.6651562305489854,0.942031029619182,0.5140658071964594,0.031114578247070312,0.038033246994018555
StandardScaler,4,3,68.71414847597262,95.36351352886348,58.65434896287258,0.18316992838410945,0.7142306394872536,0.9551459689372945,0.5703675197229171,0.054497718811035156,0.0400080680847168
StandardScaler,7,3,66.3738111018465,95.38956485398474,49.92504793446052,0.19648893377737794,0.6249020734318692,0.9720529693720042,0.4604579565133731,0.0382382869720459,0.041437387466430664
StandardScaler,10,3,57.46352667849685,93.61664018840688,30.134216489454417,0.12938414980484425,0.37774396870245597,0.9776599164255866,0.23409659418895518,0.21246600151062012,0.041338205337524414
StandardScaler,13,3,71.419167753476,95.86325610544974,61.21666376154785,0.20239586855589153,0.7365055304232491,0.9576250307957626,0.5983451991533577,0.028247594833374023,0.042435407638549805
StandardScaler,16,3,52.51734975306266,92.54932978623704,23.27348788565452,0.12104663642811737,0.26673330001665835,0.9933002481389578,0.15405041370021166,0.03224921226501465,0.06364965438842773
StandardScaler,19,3,61.08189482536221,94.04987640701381,44.87014118877462,0.10091154809451422,0.5782258494692484,0.9418715787644453,0.41716374831633635,0.026538372039794922,0.045197248458862305
StandardScaler,22,3,53.84905821734761,92.55611643102885,23.778978560223113,0.10005306253433852,0.27893938394565004,0.9750979940050726,0.1627477390802386,0.02763843536376953,0.04624772071838379
StandardScaler,25,3,53.35730300244443,92.50325933607377,21.882516994945092,0.10574621292835168,0.24455532330928462,0.986401958118031,0.13958052722724648,0.04479718208312988,0.04707813262939453
StandardScaler,28,3,87.14198504835412,98.1097047280904,84.40648422520482,0.45489164945298566,0.9080896706186944,0.9742086235781677,0.850375216471041,0.027604103088378906,0.048055171966552734
StandardScaler,31,3,55.18024216250116,92.68540898272018,21.408401603625588,0.1037794021582563,0.23631436314363144,0.9867043847241868,0.1342312872811237,0.03760695457458496,0.04919600486755371
StandardScaler,34,3,64.22803754302696,94.39927453849737,53.826041485096745,0.13456487600419284,0.6712665359509568,0.9452677198378303,0.5204156243986916,0.06898617744445801,0.04976677894592285
StandardScaler,37,3,55.753399040757124,92.63701829668575,34.8788565452327,0.07349986776186926,0.45533006764637274,0.9394778005053543,0.30048104675774484,0.027710437774658203,0.05094170570373535
StandardScaler,40,3,83.56806847255184,97.5702871354685,80.39044796932194,0.38499177324226247,0.8819542087259449,0.9698606110957261,0.8086588416394074,0.035123586654663086,0.051683664321899414
StandardScaler,43,3,34.41339376705934,87.43236939236209,14.826564406484225,0.07099482185094592,0.11362646930779277,0.9917669411019633,0.06026553781027516,0.1248464584350586,0.05333375930786133
StandardScaler,46,3,49.846588131329334,91.88421568837938,21.443263029457903,0.09290642716736673,0.23871621621621622,0.9773167358229599,0.1359630556090052,0.0877676010131836,0.05462169647216797
StandardScaler,49,3,37.252669987670956,88.56136130779888,16.559177270350357,0.0779196078933641,0.14794774126944574,0.9867046533713201,0.07996921300750433,0.0929412841796875,0.0551910400390625
StandardScaler,52,3,32.69905857367855,87.19853485061965,15.50984835279763,0.07150853251690127,0.12763659923691598,0.986644407345576,0.06823167211852992,0.028718948364257812,0.05576682090759277
StandardScaler,55,3,46.669215145489915,90.68964549356136,14.592992853407704,0.06435448394137203,0.10967765381400589,0.9849869451697127,0.05807196459495863,0.07494235038757324,0.05806732177734375
StandardScaler,58,3,37.71035711485972,88.6121544289379,14.512811573993375,0.0627112344066948,0.10822605280384028,0.9834765366820886,0.05726380604194728,0.03849673271179199,0.05883598327636719
StandardScaler,61,3,40.29597559845781,89.45432113531997,17.420254488408577,0.08148395798337872,0.16450338600451467,0.9852133502323617,0.08974408312487973,0.07708215713500977,0.07282495498657227
StandardScaler,64,3,33.21346360792195,87.47886829214805,14.077043751089418,0.06473147354235559,0.09879703097005375,0.9904692082111437,0.05199153357706369,0.028885841369628906,0.06322312355041504
StandardScaler,67,3,80.45390716866568,97.4429803002295,69.21736099006449,0.3192285130535721,0.7989984065558844,0.9779882975759264,0.6753896478737733,0.03106856346130371,0.06287837028503418
StandardScaler,70,3,46.41967089275152,89.41649363131542,81.41188774620882,0.013851354432108155,0.8961352657004831,0.9073409332965169,0.8852030017317684,0.028966903686523438,0.06315469741821289
StandardScaler,73,3,74.24350230546113,96.08946706545429,64.92940561268956,0.2227996931372403,0.7679675246793984,0.9583789073743596,0.6406773138349048,0.03148651123046875,0.06508588790893555
StandardScaler,76,3,40.60877001689009,87.62122045730011,90.13770263203766,0.02020273595619558,0.9480698276336803,0.9063596799101502,0.9938041177602462,0.030346393585205078,0.06490278244018555
StandardScaler,79,3,39.71816503823431,89.4154163501785,18.07913543663936,0.08912497997516397,0.1761963190184049,0.9893700787401575,0.09670964017702521,0.031108856201171875,0.06755471229553223
StandardScaler,82,3,41.83151390759626,89.22586528981414,13.690081924350705,0.0525619879305087,0.0921824581988853,0.9766899766899767,0.0483740619588224,0.040918827056884766,0.06778240203857422
StandardScaler,85,3,50.03300907218552,89.78865148962043,68.59682761024925,0.02604119946339295,0.8069355737494106,0.9106080394717748,0.7244564171637483,0.033472299575805664,0.07269477844238281
StandardScaler,88,3,47.36152481132277,88.957208524054,9.956423217709604,0.01400103871770576,0.01246415599311795,0.9588235294117647,0.0062728497209928805,0.04824090003967285,0.06912708282470703
StandardScaler,91,3,32.508172093586765,85.62779239420789,9.71239323688339,0.004886806378278045,0.007130534790109258,0.93,0.003578987877621705,0.031126022338867188,0.08052945137023926
StandardScaler,94,3,45.79144093102146,88.73772493513059,64.7690430538609,0.02526138271127861,0.7769193413094344,0.9110110265569188,0.6772368674235135,0.03138017654418945,0.07214236259460449
StandardScaler,97,3,43.093777749271304,90.2236356968067,18.012898727557957,0.08867360328877259,0.17498070581631936,0.989289964299881,0.09597844910525304,0.08457779884338379,0.07736921310424805
StandardScaler,100,3,42.867621633563516,90.18635193244099,18.358026843297893,0.07937915205296628,0.18312462939063098,0.9780178837555886,0.1010198191264191,0.03144383430480957,0.07423543930053711
StandardScaler,103,3,53.64518133681112,91.17953987779892,53.73191563534948,0.03790028928637856,0.6783013379872018,0.9162464802566958,0.5384644987492784,0.04259753227233887,0.07719635963439941
StandardScaler,106,3,57.89616516651345,93.1509421097715,45.68589855325082,0.09635747420008502,0.5880922165820643,0.9394374524875412,0.4280161631710602,0.04229855537414551,0.08416008949279785
StandardScaler,109,3,37.25823017552862,86.94590837456977,11.281157399337632,0.03820029605049554,0.04099935938500961,0.9855072463768116,0.020935154897055993,0.10537981986999512,0.0783076286315918
StandardScaler,112,3,30.881367455583348,84.31551909569693,10.17953634303643,0.022287180415745206,0.017165744802593936,0.9782608695652174,0.00865884163940735,0.03289341926574707,0.07722663879394531
StandardScaler,115,3,50.09630769888611,90.31647641275347,59.389925047934454,0.018931558175231022,0.7319295823265447,0.9103033772180882,0.6120069270733115,0.03226494789123535,0.08097648620605469
StandardScaler,118,3,57.81858907204299,92.017168643752,50.904654000348614,0.09217311080660441,0.6452376753910875,0.9339994165694282,0.49286126611506637,0.03242087364196777,0.08060026168823242
StandardScaler,121,3,46.20324261147813,88.87867133175831,9.698448666550462,0.0059490422575335196,0.0067487250278001456,0.9361702127659575,0.003386569174523764,0.032389163970947266,0.08324313163757324
StandardScaler,124,3,51.89778718491437,90.72316973993824,45.06885131601883,0.024658030473412522,0.5889442516891451,0.9141561386459346,0.43440446411391187,0.03296089172363281,0.08161497116088867
StandardScaler,127,3,50.20310007910547,90.28653181222812,28.27958863517518,0.017007176069654104,0.3670819873865559,0.9150306748466258,0.22959399653646334,0.04236149787902832,0.08605051040649414
StandardScaler,130,3,50.92156158467491,90.91106370526924,24.598222067282553,0.02806565248363291,0.3051816634006875,0.9234059097978227,0.18279776794304406,0.03321957588195801,0.08895325660705566
StandardScaler,133,3,49.7812227852251,90.0400162450128,73.56806693393759,0.02396916658436371,0.8435152315693882,0.9095562380380113,0.7864152395612853,0.03347611427307129,0.0879518985748291
StandardScaler,136,3,54.31142040635979,91.47530390936747,59.77340073208994,0.049729450270366994,0.7333810855149149,0.9176593038047878,0.6107369636328651,0.03356313705444336,0.08523321151733398
StandardScaler,139,3,51.32382499875284,90.23539781765008,49.34634826564406,0.025844289981283214,0.6351995982927442,0.9136872517154208,0.48681931883779106,0.053481101989746094,0.09070372581481934
StandardScaler,142,3,46.789855971037426,88.95765039926098,69.04654000348614,0.0255478824268756,0.8103709715310852,0.9104520587388425,0.7301135270348278,0.06163501739501953,0.08868789672851562
StandardScaler,145,3,44.168146865356796,88.47258514465072,10.862820289349834,0.03115069269101377,0.032173814300314164,0.9792626728110599,0.016355589763324994,0.03423190116882324,0.09186458587646484
StandardScaler,148,3,53.76606019142098,91.11812059035533,48.0843646505142,0.0441906956784944,0.6200632717624247,0.9198395276663387,0.4676544160092361,0.03413677215576172,0.0918571949005127
StandardScaler,151,3,47.35415303700853,89.25795280879221,10.873278717099529,0.03046070374988217,0.032470481380563125,0.9772209567198178,0.01650952472580335,0.04580998420715332,0.0966038703918457
StandardScaler,154,3,45.11871806384025,89.03130313501532,11.040613561094649,0.03393926685813368,0.0359652436720816,0.9814432989690721,0.018318260534923993,0.034829139709472656,0.09626650810241699
StandardScaler,157,3,50.89262893834762,90.31166814706829,53.64476207076869,0.02802348175948847,0.6782490865535848,0.9135054099856603,0.539349624783529,0.03480887413024902,0.09890532493591309
StandardScaler,160,3,47.299109885332705,89.70906992425691,10.353843472198013,0.027013644451090568,0.02086585690895937,0.9856115107913669,0.010544544929767174,0.03526592254638672,0.09669733047485352
StandardScaler,163,3,49.382750732260064,90.49229379024182,17.566672476904305,0.009834277476329329,0.17912934805248906,0.9145693016660759,0.09928805079853761,0.05497312545776367,0.10079193115234375
StandardScaler,166,3,54.77724185605655,91.56840057306309,50.43402475161234,0.05495968397810728,0.6437841358921682,0.9223921315241582,0.4944390994804695,0.04956197738647461,0.0988469123840332
StandardScaler,169,3,47.928076739429436,89.84061741022103,10.796583580268432,0.030057012927490464,0.030757575757575758,0.9783132530120482,0.01562439869155282,0.03828310966491699,0.10224556922912598
StandardScaler,172,3,55.986292661720796,92.00424676393324,49.646156527801985,0.061962496507224456,0.6349206349206349,0.9249576552028869,0.48335578218202807,0.05817723274230957,0.1011197566986084
StandardScaler,175,3,48.20696983302332,89.95242242039609,10.782639009935506,0.028937759970461618,0.030532616107280856,0.9757869249394673,0.015508947469694055,0.035722970962524414,0.10591936111450195
StandardScaler,178,3,47.61971935375823,89.87780500576473,10.625762593690082,0.027072037307840656,0.02709574589199651,0.9754098360655737,0.013738695401192996,0.03615570068359375,0.10314321517944336
StandardScaler,181,3,52.80611606411105,91.38796279515343,35.196095520306784,0.04612513892102514,0.46366023255142963,0.9263315655983398,0.3092168558783914,0.0360569953918457,0.1083676815032959
StandardScaler,184,3,50.521000007126624,90.27386000464638,47.41851141711696,0.01888353733727141,0.6154356084750516,0.9118313689936537,0.4644602655378103,0.036547183990478516,0.10169792175292969
StandardScaler,187,3,52.86411818784341,91.59075602523224,27.41851141711696,0.05412631536793695,0.3472535741158766,0.9368973100998139,0.21312295555127958,0.04894137382507324,0.11061739921569824
StandardScaler,190,3,48.83207833579201,89.69862869468174,60.55778281331706,0.02341652574476271,0.7418309602044542,0.9112057850776388,0.6255532037714066,0.07195687294006348,0.1078023910522461
StandardScaler,193,3,52.29300664913519,91.00347392995963,59.01690779152867,0.026708060617519305,0.7281472574229951,0.9122197114548931,0.605888012314797,0.04063272476196289,0.11045622825622559
StandardScaler,196,3,48.977264661236184,90.33725780844941,10.357329614781245,0.026000584700859666,0.021015761821366025,0.9822064056939501,0.01062151241100635,0.03716897964477539,0.1084284782409668
StandardScaler,199,3,51.26735367270291,90.76967634536564,69.98082621579222,0.01935379846167958,0.817613792811302,0.909223666855097,0.7427746776986723,0.04759526252746582,0.11282587051391602
StandardScaler,202,3,51.066115066384455,90.55630818536584,43.772006275056654,0.022389663118452526,0.5744214886936331,0.9136310223266745,0.4188955166442178,0.0374903678894043,0.11113190650939941
StandardScaler,205,3,50.62635281038206,90.55935574072691,41.99407355760851,0.02395195207650834,0.5533993611938696,0.9145670688431512,0.396728882047335,0.037523746490478516,0.12043094635009766
StandardScaler,208,3,55.26393717173013,91.59459725020682,51.96444134565104,0.06577243120568384,0.6584537590164341,0.9250592004457445,0.5111410429093708,0.037967681884765625,0.11054801940917969
StandardScaler,211,3,50.99899229612526,90.7918424382548,45.23967230259718,0.016352676478472192,0.5917667238421955,0.9113103337869207,0.43813738695401194,0.05435967445373535,0.11733484268188477
StandardScaler,214,3,50.167974401185866,90.30132867651312,64.80739062227644,0.01689016947838056,0.7776284776527084,0.9092829177828148,0.6792765056763518,0.04991006851196289,0.11564397811889648
StandardScaler,217,3,56.42931178243858,92.57448015746186,38.48701411887746,0.06588396673076628,0.5045905045343516,0.9329318936877077,0.34581489320761977,0.0385286808013916,0.11967349052429199
StandardScaler,220,3,46.977531196773064,89.68038141764909,10.542095171692523,0.02454545879620139,0.025371263625659918,0.9709302325581395,0.012853569366942466,0.03854012489318848,0.11421394348144531
StandardScaler,223,3,55.58588929510615,92.25511030691801,36.30468886177445,0.05485513719147873,0.47741898578497266,0.9296057028291379,0.3211852992110833,0.04602479934692383,0.12123250961303711
StandardScaler,226,3,46.43889280852914,89.60859598046645,10.569984312358375,0.01947827222862805,0.026414664693157234,0.9560439560439561,0.013392341735616702,0.04991316795349121,0.11876487731933594
StandardScaler,229,3,53.38693263207406,92.07884569341137,26.84678403346697,0.05908788217816909,0.33720783322804804,0.9406167400881057,0.20542620742736195,0.03897356986999512,0.12194681167602539
StandardScaler,232,3,49.37233874243688,90.45576685846328,10.611818023357156,0.022175467846935682,0.027165458891376105,0.9623655913978495,0.013777179141812585,0.03908896446228027,0.1163947582244873
StandardScaler,235,3,49.39568126910825,90.73054619610845,15.959560746034512,0.050368107030935076,0.13998787057186687,0.9589442815249267,0.07550509909563209,0.0529484748840332,0.12408256530761719
StandardScaler,238,3,51.74462189724841,91.35945288638842,17.796757887397593,0.03654904963002118,0.17914084801225372,0.9387085005472455,0.0990186646142005,0.0392911434173584,0.12269830703735352
StandardScaler,241,3,52.022715384231645,91.07701900369338,40.75300679797804,0.02568045469780863,0.5382169931799038,0.9155111850619339,0.3811429670964018,0.03981280326843262,0.14964056015014648
StandardScaler,244,3,46.54722453837328,89.82777963972681,10.294579048283074,0.024744895200905084,0.019658640658335873,0.9809885931558935,0.009928805079853761,0.04655599594116211,0.12175154685974121
StandardScaler,247,3,52.997263378444835,91.6335925183539,39.19470106327349,0.03332716566213457,0.517910447761194,0.9189798921039726,0.36055416586492206,0.040175437927246094,0.12719202041625977
StandardScaler,250,3,52.45327575025478,91.31622075214032,43.54192086456336,0.027024361696114774,0.5712318974874904,0.9153232648905482,0.41516259380411774,0.0400843620300293,0.12495756149291992
StandardScaler,253,3,50.17985875041868,90.49540777391091,68.63866132124804,0.011288075083378956,0.8078188421277505,0.9078991596638656,0.7276120838945546,0.04051661491394043,0.1273033618927002
StandardScaler,256,3,56.51160569844426,92.47886185339891,40.2091685549939,0.06807831764820343,0.5261500207210941,0.932615083251714,0.3664421781797191,0.05171847343444824,0.17887568473815918
StandardScaler,259,3,49.22149103115046,90.58204201276246,17.04375108941956,0.01717113947366358,0.16738978306508048,0.9217726396917149,0.09205310756205504,0.05477547645568848,0.12885785102844238
StandardScaler,262,3,51.64686036816112,91.3733854976106,16.60449712393237,0.04513868170431427,0.15392233147060905,0.9506334643949322,0.08374061958822397,0.04126715660095215,0.1322617530822754
StandardScaler,265,3,48.260027508747925,90.01566406965449,11.242809830922084,0.01973293337969891,0.041920674343343116,0.9456706281833617,0.02143544352511064,0.042871952056884766,0.1335444450378418
StandardScaler,268,3,48.51928534268346,90.3218280531079,16.203590726860728,0.009863255109339596,0.15150552437431608,0.9155290102389079,0.08258610736963633,0.04161715507507324,0.12720656394958496
StandardScaler,271,3,51.187035255382376,91.14027685139415,24.713264772529197,0.04213827135369921,0.3047005795235029,0.9324137931034483,0.18210506061189147,0.10572934150695801,0.13303136825561523
StandardScaler,274,3,52.8041020816853,91.62232910445567,36.022311312532686,0.0295694275668986,0.4772105742935278,0.9185217677376906,0.32233981142967094,0.07802915573120117,0.13675713539123535
StandardScaler,277,3,50.03859206522281,90.85190237778866,18.326651560048806,0.0370218300484642,0.18945474674785498,0.9379924631723193,0.10536848181643256,0.041788578033447266,0.1336383819580078
StandardScaler,280,3,53.40107897006108,91.67832366599193,34.86142583231654,0.03684944236312971,0.46042334459557016,0.9222582137899121,0.30679238021935734,0.0419611930847168,0.12915635108947754
StandardScaler,283,3,52.371946778412045,91.3749054600461,35.011329963395504,0.024462661863305656,0.4642795562963389,0.9166004765687054,0.3108716567250337,0.04232048988342285,0.13678359985351562
StandardScaler,286,3,48.05028542107626,90.13986345809101,15.994422171866828,0.02142283517867732,0.14528429042670166,0.927536231884058,0.07881470078891668,0.04654216766357422,0.1347663402557373
StandardScaler,289,3,49.8582615326506,90.77319189061208,16.423217709604323,0.031832143971816544,0.15238297270541648,0.9373640713353631,0.08293246103521262,0.04315018653869629,0.1379988193511963
StandardScaler,292,3,48.22237330653725,89.80244335391708,10.144674917204114,0.014445100274026358,0.016859289773810886,0.9525862068965517,0.008504906676928997,0.048065900802612305,0.1389150619506836
StandardScaler,295,3,48.50161988041534,90.30522306237353,15.461042356632387,0.00826521880583541,0.13633449675902842,0.9144768275203058,0.07365787954589186,0.05202484130859375,0.14458155632019043
StandardScaler,298,3,49.801349781569144,90.42455139337142,50.329440474115394,0.003674516896435891,0.6473791021135475,0.9069412662090007,0.5033288435635944,0.0429987907409668,0.1437082290649414
StandardScaler,301,3,48.158588644445864,89.8275214076903,10.440997036778803,0.01758684906342005,0.02356518434055492,0.9538461538461539,0.01192995959207235,0.043538808822631836,0.14740705490112305
StandardScaler,304,3,49.25292512061802,90.29477138232852,18.60554296670734,0.016688235309200775,0.1983794547826684,0.9197707736389685,0.11117952664999038,0.05422639846801758,0.1407151222229004
StandardScaler,307,3,51.35059400366308,90.95980191779991,41.4641798849573,0.017313073258842824,0.5478633169076662,0.912213055954089,0.391495093323071,0.043886423110961914,0.14899635314941406
StandardScaler,310,3,44.302113042424764,89.09649553843938,13.010284120620533,0.021272404017587426,0.08156354668924141,0.9358108108108109,0.04263998460650375,0.05332159996032715,0.14857983589172363
StandardScaler,313,3,51.01672759925599,91.07041902075704,22.75753878333624,0.025763113902055188,0.2737076736486708,0.9232640424590889,0.16066961708678085,0.04431343078613281,0.15317296981811523
StandardScaler,316,3,49.0506617065401,90.43820351137333,15.304165940386962,0.007904326344011151,0.13309545049063337,0.9142156862745098,0.07177217625553203,0.09456896781921387,0.14645671844482422
StandardScaler,319,3,48.22220226769005,90.3643379387187,17.099529370751263,0.023268321636434355,0.1674835457218877,0.9274912756882513,0.09205310756205504,0.05657529830932617,0.15359163284301758
StandardScaler,322,3,51.172592450060215,90.67389497414935,76.57312184068329,0.023220677701208534,0.8643356078653046,0.909040723597605,0.8238214354435252,0.044686317443847656,0.1508941650390625
StandardScaler,325,3,51.80862890984115,91.13244773122553,18.267387136133866,0.03615192369261118,0.18844542905604209,0.9373278236914601,0.10475274196651914,0.05725407600402832,0.15361595153808594
StandardScaler,328,3,54.01226206002039,91.85698070647254,26.19487537040265,0.050194190397588594,0.328054083219602,0.9358927924664976,0.19888397152203194,0.0450899600982666,0.14734792709350586
StandardScaler,331,3,51.582240466365924,91.53041947599839,36.39532856893847,0.025575736558344088,0.4827488447254274,0.9166666666666666,0.32765056763517414,0.15816283226013184,0.15584969520568848
StandardScaler,334,3,53.451023738766665,91.76045604127043,25.83580268432979,0.04785413760809396,0.32252722756512325,0.9348347793981909,0.19488166249759475,0.07364177703857422,0.15470361709594727
StandardScaler,337,3,46.09326320740598,89.22180862312585,10.155133344953809,0.01586959537042632,0.01701121366999771,0.9570815450643777,0.008581874158168174,0.05605030059814453,0.15816640853881836
StandardScaler,340,3,52.048394016490995,91.23753622574576,49.57294753355412,0.02671994258493592,0.6374777574496879,0.9139120436907158,0.48943621319992303,0.0626075267791748,0.15600371360778809
StandardScaler,343,3,52.98238442406231,91.65022581074336,32.90569984312358,0.0360061263784062,0.4331742946339165,0.9228259505584139,0.2830094285164518,0.07804203033447266,0.16057562828063965
StandardScaler,346,3,50.41460956819817,90.86738894042053,19.85358201150427,0.023085858810941308,0.22115319466088487,0.9238607415793942,0.12561092938233595,0.06404376029968262,0.15856027603149414
StandardScaler,349,3,51.19634689528859,91.09676463727652,31.62628551507757,0.017031994151089885,0.4176489800766056,0.9140889004419028,0.27065614777756397,0.045923471450805664,0.1613633632659912
StandardScaler,1,5,63.502222792351716,94.91440462905267,36.53477427226773,0.17439365916502372,0.4638807904114027,0.9879578524836929,0.30309794111987687,0.04421663284301758,0.03835868835449219
StandardScaler,4,5,64.69879346346539,95.2076081683189,42.283423392016736,0.1819919214262754,0.53777430342286,0.979456930743415,0.3706369059072542,0.08533334732055664,0.04044055938720703
StandardScaler,7,5,62.79142952843164,94.74156037572492,39.33414676660276,0.15896311990876108,0.5032825255466119,0.9742512984860205,0.3392726573022898,0.02907586097717285,0.04143166542053223
StandardScaler,10,5,61.26932489541688,94.55887278270632,40.958689210388705,0.16587077506806297,0.5231981981981982,0.9745149449396958,0.35759091783721375,0.027808189392089844,0.042766571044921875
StandardScaler,13,5,62.03260000427597,94.76571602498186,42.335715530765206,0.18057796054896832,0.5385924293564675,0.9787104622871047,0.37152203194150474,0.04781055450439453,0.047463178634643555
StandardScaler,16,5,75.12753511641331,96.72970425955324,65.26058915809656,0.2665120436491305,0.7683581673214162,0.9702359985910531,0.6360207812199346,0.20608758926391602,0.04474449157714844
StandardScaler,19,5,69.55806840128564,95.67404009313587,58.58811225379118,0.1925328463261516,0.7129358884512216,0.9581060015588464,0.5676736578795459,0.027827739715576172,0.04546499252319336
StandardScaler,22,5,62.41449126632887,94.73204961265148,39.17029806519087,0.18004225378788266,0.4984045764222267,0.9848897977732334,0.3336155474312103,0.02748394012451172,0.04701423645019531
StandardScaler,25,5,64.41599498286048,95.05350725553582,56.245424437859505,0.18509013467662563,0.6910523076923077,0.958811475409836,0.54019626707716,0.027608633041381836,0.04803943634033203
StandardScaler,28,5,64.77926153977722,95.07139172113978,51.79362035907269,0.18439385939940636,0.6460349152715916,0.9646815992661112,0.4856263228785838,0.027920007705688477,0.04917788505554199
StandardScaler,31,5,71.51537140373007,96.01289279736243,58.8426006623671,0.20252149588216745,0.7146103268226649,0.9608658909185465,0.5688281700981336,0.06584382057189941,0.053736209869384766
StandardScaler,34,5,81.88586577726466,97.57296098842781,73.25082795886352,0.3341065185181078,0.8306592218225155,0.9737659112076995,0.7242255147200308,0.04528164863586426,0.050977230072021484
StandardScaler,37,5,68.3197043878591,95.0833561928125,71.68554993899251,0.18940658905959537,0.8242295706371191,0.9416505958562034,0.7328458726188185,0.02875518798828125,0.05179762840270996
StandardScaler,40,5,71.89680371154299,95.7918155890092,74.86491197489977,0.21921712322891618,0.846992912015619,0.9441264133983063,0.7679815278045026,0.028606414794921875,0.05226421356201172
StandardScaler,43,5,71.39061566858372,95.6836532873114,64.06484225204811,0.21247484957699495,0.7611013256697877,0.956709200023306,0.6319030209736386,0.02862262725830078,0.05384397506713867
StandardScaler,46,5,71.74450217005537,95.9033328628635,55.488931497298246,0.22093828396694437,0.680704211263379,0.9719345854459759,0.5237637098325957,0.028989791870117188,0.05518794059753418
StandardScaler,49,5,60.283766275415296,93.9046585276252,50.34338504444832,0.12786772670538346,0.6360198293044411,0.9464598068294167,0.47893015201077543,0.0290374755859375,0.05581355094909668
StandardScaler,52,5,52.81079112593447,92.59129881812333,23.942827261635,0.09020856599645771,0.283396288388898,0.9672645739910314,0.1660188570329036,0.09860825538635254,0.0613553524017334
StandardScaler,55,5,71.06361647389163,95.65621425824864,77.00191737842079,0.20932944280384397,0.8627026577035942,0.9393582306018854,0.7976140080815856,0.04091167449951172,0.05859971046447754
StandardScaler,58,5,63.33888924521982,94.34681896180808,55.95956074603451,0.14109933630400526,0.6917201493447863,0.9452447645724956,0.5454300558014239,0.04791855812072754,0.05902099609375
StandardScaler,61,5,53.97042168202453,92.41706175869369,43.94631340421824,0.054193499361843894,0.5728101171657057,0.9250042903724043,0.41485472387916106,0.031668663024902344,0.05988621711730957
StandardScaler,64,5,71.6512446639443,96.24976775975576,52.602405438382426,0.23712280161699048,0.6497140207141753,0.9828513524047081,0.48524148547238793,0.10829710960388184,0.06283259391784668
StandardScaler,67,5,71.01576122976931,95.88192256307325,60.19173784207774,0.21653219976604543,0.7261958997722096,0.9632951653944021,0.5827592842024245,0.030925750732421875,0.06267189979553223
StandardScaler,70,5,64.2592777884677,94.27694284486238,60.03137528324909,0.146417051273172,0.7294522972367086,0.9428989751098097,0.5948046950163556,0.10891175270080566,0.06299304962158203
StandardScaler,73,5,43.82363186738788,89.1199900771926,10.64319330660624,0.028321813195230014,0.02739622068756166,0.978319783197832,0.01389263036367135,0.03456234931945801,0.06560802459716797
StandardScaler,76,5,76.41501721078401,96.61099227043827,66.68293533205508,0.2790221703779369,0.7798484255142706,0.9713646275680018,0.6514142774677699,0.05112814903259277,0.06517267227172852
StandardScaler,79,5,30.72580904938034,85.00112902470026,11.500784382081228,0.038200635283928454,0.045926037282020445,0.9807383627608347,0.023513565518568404,0.030858993530273438,0.07456827163696289
StandardScaler,82,5,66.9667671519894,94.85983593098733,59.73853930625762,0.17538757059952098,0.7248338138238307,0.9515200800700613,0.5853761785645565,0.042825937271118164,0.06820011138916016
StandardScaler,85,5,74.19839366016006,96.26230835109618,62.45424437859508,0.23741735534073247,0.7454021086473452,0.966231537660109,0.6067346546084279,0.04043173789978027,0.0798492431640625
StandardScaler,88,5,64.11696491565647,94.43110185103166,51.01621056301203,0.1469677747860571,0.6413273771537971,0.952388172858226,0.48343274966326727,0.11650395393371582,0.07101988792419434
StandardScaler,91,5,67.05639578389241,94.62550745761116,69.7472546627157,0.19665644303393914,0.8088883016208598,0.9455284971425629,0.7067538964787378,0.16088199615478516,0.07323694229125977
StandardScaler,94,5,47.534838475188685,89.75210642607028,16.58358026843298,0.01757235571767145,0.1579984516855514,0.9227291409782162,0.08639599769097556,0.0469205379486084,0.07324838638305664
StandardScaler,97,5,73.62911223711686,95.64560688466013,72.21544361164372,0.2541512183710522,0.825792349726776,0.9557298254490261,0.7269578603040215,0.031734466552734375,0.07485604286193848
StandardScaler,100,5,43.88674520200401,87.6955088341626,73.74934634826565,0.02173112062132562,0.8448574254161859,0.909183628220478,0.7890321339234173,0.03153276443481445,0.07413339614868164
StandardScaler,103,5,48.6362117745993,91.20958278983,18.180233571553075,0.06414479143343638,0.18211597435182603,0.9638509774990778,0.10055801423898403,0.03641629219055176,0.07727336883544922
StandardScaler,106,5,43.48543247885176,88.91608426168452,19.435244901516473,0.01532578622803433,0.2145867319195215,0.9179994184355917,0.12149316913604002,0.03651690483093262,0.07670712471008301
StandardScaler,109,5,62.678553866546935,93.04062133283246,52.58148858288304,0.1376751380429191,0.6584128578603716,0.9475243946512468,0.5044833557821821,0.05675220489501953,0.07874155044555664
StandardScaler,112,5,39.540699406352665,86.53021034164904,83.14450061007496,0.01372289423718015,0.9069422791924091,0.9071692592022178,0.9067154127381182,0.04176020622253418,0.07730293273925781
StandardScaler,115,5,44.06733371817074,88.83921300294014,10.395677183196792,0.015553407328159049,0.02266245864861782,0.9490445859872612,0.01146815470463729,0.03261232376098633,0.0873117446899414
StandardScaler,118,5,52.47320320127709,91.00011724590175,61.143454767299986,0.029986470898388903,0.7464859209389073,0.9126299983315722,0.6315181835674427,0.055672645568847656,0.08092665672302246
StandardScaler,121,5,53.952076340338806,91.48722293598345,42.673871361338676,0.05288735607884803,0.5580282750094071,0.9251403618215845,0.39949971137194534,0.05266857147216797,0.083343505859375
StandardScaler,124,5,53.85234358853754,91.0441808541226,38.33013770263204,0.04432674725655067,0.5054514956667598,0.9238630556974962,0.34789301520107757,0.03374004364013672,0.08159804344177246
StandardScaler,127,5,46.79731183945153,89.2815363955932,10.590901167857766,0.030269046242293995,0.026050962670413548,0.985632183908046,0.01319992303251876,0.0333709716796875,0.08594274520874023
StandardScaler,130,5,45.71685516572952,88.15209695524655,65.68938469583406,0.029554246174052112,0.7841098534702114,0.911748201805846,0.6878198960939004,0.03378152847290039,0.08426976203918457
StandardScaler,133,5,50.79659775226448,90.55521417743617,32.13177618964615,0.01927467136153792,0.424636481853647,0.915042669723602,0.2764671926111218,0.033761024475097656,0.08830690383911133
StandardScaler,136,5,50.30004489769739,90.29472491661905,54.15722503050375,0.016207826724035975,0.684122027384098,0.9101949504634068,0.5480084664229363,0.03409624099731445,0.08493542671203613
StandardScaler,139,5,58.21622303465674,92.38654909183222,46.965312881296846,0.09182214407335541,0.6029699611138659,0.9367499189101525,0.4445641716374832,0.07329869270324707,0.08868765830993652
StandardScaler,142,5,56.12820501856485,91.40681733421151,58.246470280634476,0.07183170892710071,0.7182479004446117,0.9238683127572016,0.5874927842986338,0.03482246398925781,0.08875608444213867
StandardScaler,145,5,56.12097292597582,91.27395496121493,54.92766254139795,0.07612988823281278,0.6868354123773768,0.9266666666666666,0.5456224745045218,0.13852405548095703,0.09270477294921875
StandardScaler,148,5,57.46528837862299,91.84478061377382,60.306780547324394,0.07730334029034683,0.7363619523941836,0.9243155263616811,0.6119299595920723,0.034761905670166016,0.0916144847869873
StandardScaler,151,5,54.20842508854824,91.03802626510493,54.17116960083668,0.05123079801434519,0.6814944032562873,0.9198770357773562,0.5412353280738887,0.05181550979614258,0.10728669166564941
StandardScaler,154,5,51.20441850355262,90.85854716058667,16.82063796409273,0.02535393372641939,0.16151251054259208,0.9299878591663294,0.08843563594381373,0.055849313735961914,0.09711194038391113
StandardScaler,157,5,50.79125278828953,90.84461506594945,28.04950322468189,0.033687771808412446,0.3606851903478611,0.9244204509368054,0.22405233788724263,0.07045388221740723,0.10204100608825684
StandardScaler,160,5,60.775579928591284,93.23378679840187,54.46400557782813,0.11565380695005821,0.6791609353507565,0.9387519521966456,0.5320377140658072,0.04538106918334961,0.09598016738891602
StandardScaler,163,5,57.824690170254925,92.05174505194304,45.800941258497474,0.08792137040104282,0.5903185854699728,0.9362253426947509,0.4310563786800077,0.035822391510009766,0.10174155235290527
StandardScaler,166,5,61.75410528866369,92.8085722737389,58.204636569635696,0.13254667729751982,0.7136408149616643,0.9406246064727364,0.5749086011160285,0.03610372543334961,0.10046601295471191
StandardScaler,169,5,46.540598208368074,89.61679262295246,10.040090639707163,0.02157894238624841,0.013984945168316075,0.9838709677419355,0.007042524533384645,0.036031246185302734,0.10512471199035645
StandardScaler,172,5,46.542488187629615,89.73128197275075,10.040090639707163,0.02157894238624841,0.013984945168316075,0.9838709677419355,0.007042524533384645,0.04092073440551758,0.1005558967590332
StandardScaler,175,5,47.94147620778369,90.13773078353884,17.263378072163153,0.005316301590230427,0.17384342256413826,0.9106491611962072,0.09609390032711179,0.05975747108459473,0.10474777221679688
StandardScaler,178,5,56.23301049750925,92.42174962910296,44.29144151995817,0.0607549554584043,0.5760598503740648,0.927235459902639,0.41781797190686937,0.036538124084472656,0.10529398918151855
StandardScaler,181,5,56.5490489527434,92.3838921773841,37.605020045319854,0.07184894598420212,0.49231292902933,0.9362390764915309,0.3339619010967866,0.03667020797729492,0.10881567001342773
StandardScaler,184,5,55.6419173454771,91.88771280615468,58.67177967578874,0.053638956696689326,0.7233178518916143,0.9189894437196062,0.5963440446411391,0.12440228462219238,0.10304546356201172
StandardScaler,187,5,53.644247749770166,91.59203093189858,38.06519086630643,0.037645298905051174,0.5029377203290247,0.9211847904068874,0.34589186068885897,0.03925013542175293,0.10867190361022949
StandardScaler,190,5,53.793067225393564,91.57652623308576,46.09377723548893,0.043199498175412465,0.5984157901571224,0.9202076677316294,0.44337117567827594,0.03725886344909668,0.10750937461853027
StandardScaler,193,5,53.022297051717885,91.079555583245,51.00575213526233,0.039046667525630144,0.6510923535253227,0.9173137460650577,0.5046372907446603,0.050627946853637695,0.11059784889221191
StandardScaler,196,5,53.208326741211096,91.6201394933643,37.245947359247,0.04183422025335942,0.491712551178879,0.9233297985153764,0.3350779295747547,0.03771162033081055,0.10893940925598145
StandardScaler,199,5,53.325781968229535,91.45007050825939,54.79170298065191,0.03705563631133096,0.688568683957733,0.9157457681251996,0.5517029055224167,0.037969112396240234,0.1134951114654541
StandardScaler,202,5,46.16904054333341,89.770131099437,16.085061879030853,0.012497170288508552,0.1486223605560075,0.9182692307692307,0.08085433904175486,0.0723733901977539,0.11269569396972656
StandardScaler,205,5,51.96430347992788,91.3091029904414,33.13578525361687,0.03669241897913183,0.43634653814505703,0.9230386671639935,0.28570329035982295,0.03817033767700195,0.11722779273986816
StandardScaler,208,5,57.147997063833124,92.35468139975835,64.68537563186334,0.07192099604462233,0.7739444791573685,0.921070802570776,0.6673465460842793,0.03820300102233887,0.11073732376098633
StandardScaler,211,5,49.01207177930287,90.37557100678677,76.19313229911103,0.009642297719316866,0.8620599107196962,0.9071932658787518,0.8212045410813931,0.03852272033691406,0.11974930763244629
StandardScaler,214,5,49.60016248690484,90.48417044880131,10.524664458776364,0.02615016676715137,0.024848024316109423,0.9761194029850746,0.01258418318260535,0.03865480422973633,0.11679482460021973
StandardScaler,217,5,54.311448200172464,92.01310297558965,42.93184591249782,0.048532538593497154,0.5615961435457953,0.9233817701453104,0.40350202039638255,0.05371451377868652,0.1194145679473877
StandardScaler,220,5,45.26801003427904,89.11980852600298,10.991807564929406,0.02989458305160708,0.03521765417170496,0.9728601252609603,0.017933423128728112,0.03893017768859863,0.11361551284790039
StandardScaler,223,5,45.811008487802795,89.33425766169513,11.117308697925745,0.024141776445676243,0.03861236802413273,0.9570093457943926,0.01970367519722917,0.12245607376098633,0.12751340866088867
StandardScaler,226,5,57.3327995495977,92.75933108188207,44.263552379292314,0.07133171461514745,0.5745382936824738,0.9311653584059346,0.4154319799884549,0.06764888763427734,0.12058544158935547
StandardScaler,229,5,55.32413571932525,92.40019867102674,25.110685027017603,0.06366479653304812,0.3077468419695798,0.9461065979789974,0.18375986145853376,0.05380678176879883,0.12328338623046875
StandardScaler,232,5,48.87964994049274,90.48130495778437,15.049677531811051,0.014947445795126977,0.12659498207885306,0.9221932114882506,0.0679622859341928,0.03952145576477051,0.12658238410949707
StandardScaler,235,5,56.45258304292362,92.74449106874806,25.961303817326133,0.07714757393641634,0.31968735985649305,0.9535639212688706,0.19203386569174524,0.09603524208068848,0.13150548934936523
StandardScaler,238,5,54.82715312965457,91.88593362218515,48.52710475858463,0.0522830954839035,0.6240036670146936,0.9223125564588979,0.47150279007119494,0.1044759750366211,0.12705564498901367
StandardScaler,241,5,54.61671548400431,91.79207812552971,45.62663412933589,0.05674491233174098,0.5917336334842813,0.9251104927156654,0.4349817202232057,0.09702086448669434,0.12825775146484375
StandardScaler,244,5,52.69412980423178,91.8011033459949,22.077740979606066,0.053572270703880924,0.25676664228237017,0.9442406456346295,0.14858572253223012,0.040345191955566406,0.12260603904724121
StandardScaler,247,5,52.71845580427454,91.73627779348944,33.11138225553425,0.03783912186573415,0.43582581081478433,0.9236041874376869,0.2852030017317683,0.046982526779174805,0.12748456001281738
StandardScaler,250,5,56.705555911886485,92.68500456986328,49.830922084713265,0.0625598470704344,0.6368018575070035,0.9250623258542309,0.485510871656725,0.04081225395202637,0.12623858451843262
StandardScaler,253,5,54.85282178464783,91.82917507100402,44.40997036778804,0.0450519572768153,0.5791945954504671,0.9214879502896969,0.42232056955936115,0.04122304916381836,0.12873554229736328
StandardScaler,256,5,50.208480676173586,90.87323942558531,18.061704723723203,0.015188281683198086,0.18800525115732744,0.9189463019250254,0.10471425822589955,0.041207313537597656,0.17933249473571777
StandardScaler,259,5,51.41742600788204,91.3046302246765,35.924699320202194,0.020746947332052304,0.47715764920065995,0.9147126186061729,0.3227631325764864,0.041565895080566406,0.13008975982666016
StandardScaler,262,5,54.78852044270555,92.34009129626011,26.13212480390448,0.06454150159367736,0.3246103337264527,0.9450631031922792,0.19595920723494323,0.05244922637939453,0.12819409370422363
StandardScaler,265,5,52.53798273932967,91.66440051267092,24.176398814711522,0.03990775378480396,0.29593422245241485,0.9315263908701854,0.17590917837213776,0.04141497611999512,0.13173723220825195
StandardScaler,268,5,53.407246345826294,92.07228354149964,24.654000348614257,0.052191201648366076,0.30197332299841745,0.9391321815990358,0.17991148739657495,0.14553546905517578,0.12681341171264648
StandardScaler,271,5,54.55006235791304,92.2090555380907,30.102841206205333,0.05325146305889367,0.3892408919215304,0.9336548297530323,0.24587261881854916,0.04225420951843262,0.13256120681762695
StandardScaler,274,5,54.53434388785553,92.06368075348735,37.50043576782291,0.045578580208751926,0.4945302808165107,0.924812822946325,0.3375024052337887,0.07364654541015625,0.13205456733703613
StandardScaler,277,5,55.08717066113642,92.02479390861488,38.14188600313753,0.050980621804456686,0.5021324354657688,0.9267736923873641,0.34435251106407544,0.04198026657104492,0.13435602188110352
StandardScaler,280,5,54.828874208054515,92.04397424424468,33.18807739236535,0.05087646529158613,0.43494412831323526,0.929904185577408,0.28385607081008274,0.05234694480895996,0.15352392196655273
StandardScaler,283,5,55.03011851566788,92.1398155924424,45.58480041833711,0.05707105986763804,0.5912269215660599,0.9252459016393443,0.43440446411391187,0.05264091491699219,0.13990473747253418
StandardScaler,286,5,57.2763859491587,92.92957157028422,45.438382429841376,0.07572748959601774,0.5875345895374885,0.9320234113712375,0.42897825668654993,0.05222606658935547,0.13594388961791992
StandardScaler,289,5,52.54251526878042,91.29454772629586,35.914240892452504,0.03558108693440183,0.47490645262646747,0.9212101063829787,0.3199153357706369,0.04332113265991211,0.13838863372802734
StandardScaler,292,5,51.37146216834498,91.32517170111134,17.3679623496601,0.03250994756299678,0.1713107016746495,0.9358288770053476,0.09428516451799115,0.04344773292541504,0.14093017578125
StandardScaler,295,5,55.83500951403588,92.40998638942848,42.07774097960606,0.05632578802201397,0.5504964423883343,0.9267626161413737,0.3915335770636906,0.0638129711151123,0.14611482620239258
StandardScaler,298,5,52.79926168230959,91.377407920685,32.88478298762419,0.03061350821744567,0.4336980821273091,0.9202346773186868,0.2837021358476044,0.05073857307434082,0.14432835578918457
StandardScaler,301,5,52.6048560779367,91.60550849124726,41.95921213177619,0.0329028219023307,0.5519041851702328,0.917905102954342,0.3945737925726381,0.1221165657043457,0.1483621597290039
StandardScaler,304,5,53.3433533591317,91.81604202724189,43.16193132299111,0.03586983718463451,0.5657824651113241,0.9186197353627952,0.4087742928612661,0.12942838668823242,0.14243006706237793
StandardScaler,307,5,54.98863731925114,92.3219854482822,30.2422869095346,0.07815234085893336,0.38739897134459955,0.9472974996256924,0.2434866269001347,0.06174945831298828,0.15010881423950195
StandardScaler,310,5,56.98295882952416,92.44330150189357,57.96060658880948,0.06815548482977658,0.7158911532571564,0.9230255164034021,0.5846834712334039,0.044600486755371094,0.15807127952575684
StandardScaler,313,5,51.773196787320316,91.4946430300701,18.52884782987624,0.053865078218543444,0.19056525353283457,0.9528922757187391,0.1058687704444872,0.062229156494140625,0.15452265739440918
StandardScaler,316,5,57.931892331045695,92.90997774505408,41.88251699494509,0.0816227400464973,0.5450675399099468,0.9368667917448406,0.38433711756782757,0.07152438163757324,0.14682745933532715
StandardScaler,319,5,57.470244229220555,92.79628683274017,48.359769914589506,0.07034718788757464,0.620422805893658,0.9283742331288344,0.46588416394073506,0.07044172286987305,0.15386343002319336
StandardScaler,322,5,55.900630705749045,92.47166386321474,40.425309395154265,0.06534125149549143,0.5291897401989145,0.9313421256788208,0.36959784491052533,0.07822012901306152,0.15137553215026855
StandardScaler,325,5,58.38364013426549,93.0853704265292,42.25902039393411,0.0839631438212868,0.5493429107827933,0.9375,0.3884933615547431,0.045458316802978516,0.15760421752929688
StandardScaler,328,5,44.08060063141842,89.80574007541432,18.197664284469234,0.043235768234159,0.18589321028345418,0.9439746300211417,0.10309794111987686,0.048250436782836914,0.1474628448486328
StandardScaler,331,5,53.72671270462304,91.64324314579287,44.81784905002615,0.0421277389915081,0.5841805238132766,0.9202946532031121,0.4279007119492015,0.04565715789794922,0.15598607063293457
StandardScaler,334,5,55.70269885047641,92.11859639396907,55.230956946139095,0.057591415216297036,0.6911792997306656,0.9212770049362139,0.5530498364441023,0.046095848083496094,0.15387344360351562
StandardScaler,337,5,54.601443852935105,91.8692956061313,49.52414153738888,0.04407301829510181,0.6353356000503715,0.9193148688046647,0.4853954204348663,0.050743818283081055,0.15946698188781738
StandardScaler,340,5,54.66917381110184,91.81789327022769,63.458253442565805,0.042427591040305974,0.7653248555948596,0.9149403136877041,0.657764094670002,0.1492936611175537,0.15384578704833984
StandardScaler,343,5,54.03990051240388,91.90002774639306,38.59159839637441,0.04581395790633777,0.5086060200295701,0.9243561143784222,0.3508177794881662,0.16686153411865234,0.15978741645812988
StandardScaler,346,5,53.35903049480113,91.61117393637258,40.941258497472546,0.04079270210685617,0.5386312263405866,0.9212781814794112,0.38056571098710795,0.07306766510009766,0.15888571739196777
StandardScaler,349,5,53.50262687162822,91.60310604792022,30.62227645110685,0.04274258261306074,0.3987431644460558,0.9276075344391341,0.25395420434866267,0.06683754920959473,0.16133832931518555
MinMaxScaler,1,0,77.75868556645929,97.16111195077694,59.57817674742897,0.2664974692085757,0.7169534968875869,0.9803070761014686,0.565133730998653,0.03634238243103027,0.0332789421081543
MinMaxScaler,4,0,70.59811999800455,94.55087319870955,77.2354889314973,0.3081066475510594,0.8615234540673509,0.9594728638231543,0.7817202232056956,0.03153085708618164,0.03527426719665527
MinMaxScaler,7,0,62.746812619816275,92.47838845748335,67.72180582185811,0.18929342177891917,0.7930070868078066,0.9461218393257228,0.6825476236290168,0.026289939880371094,0.037166595458984375
MinMaxScaler,10,0,62.770869233674695,93.11279578172996,66.30294579048282,0.15875580350525972,0.7828938502313463,0.9401737066407725,0.6706946315181835,0.026493549346923828,0.03774523735046387
MinMaxScaler,13,0,56.14801131707039,91.5964440067353,64.51804078786823,0.11618125739636342,0.770279420394529,0.9313902079580809,0.6566865499326534,0.042597293853759766,0.03907179832458496
MinMaxScaler,16,0,56.16099886686764,91.54455268649097,66.2541397943176,0.11836955945139216,0.784477000489825,0.930688361772941,0.6779680584952857,0.06129336357116699,0.03910660743713379
MinMaxScaler,19,0,50.87987656696528,90.24988850142942,54.624368136656784,0.08168868797145101,0.6834630350194553,0.9284440039643211,0.5407735231864538,0.11717677116394043,0.04087066650390625
MinMaxScaler,22,0,56.56141648671954,91.13360689536525,64.7481261983615,0.11670750124357185,0.772170151405912,0.9313549649437469,0.6594573792572638,0.08236002922058105,0.04162955284118652
MinMaxScaler,25,0,57.75759946977958,91.29656847037867,66.26459822206728,0.13764574043367925,0.783623638843548,0.9351585014409222,0.6743505868770444,0.13178706169128418,0.04295468330383301
MinMaxScaler,28,0,59.73137208788546,91.73829168031897,68.91058044274011,0.15729210094513116,0.8039827677158432,0.9373686638306596,0.703829132191649,0.026264190673828125,0.04324793815612793
MinMaxScaler,31,0,46.29508762177609,89.63379756361793,44.08924525013073,0.02227167316834428,0.5780806061243817,0.9135278955683046,0.4228208581874158,0.026189327239990234,0.044913530349731445
MinMaxScaler,34,0,61.56875120261689,92.07025871809628,83.29440474115391,0.2322704450674184,0.9048904414099714,0.9343005860895939,0.8772753511641331,0.0420842170715332,0.04539179801940918
MinMaxScaler,37,0,42.419552590882205,88.95733322360782,41.63848701411888,0.02583165440720027,0.548918168835718,0.9153486700215672,0.39199538195112565,0.027205228805541992,0.04663825035095215
MinMaxScaler,40,0,70.95396774492406,95.57593564344711,61.65940386961827,0.20226955944553296,0.7405030437449861,0.9570043300603769,0.6038868578025784,0.026865243911743164,0.04717516899108887
MinMaxScaler,43,0,60.678897369565064,92.2290724559474,65.86717796757887,0.15519649020687823,0.7794770152480912,0.9397197784294559,0.6659226476813547,0.02707695960998535,0.04867982864379883
MinMaxScaler,46,0,62.35728589855971,93.02507673534545,66.35872407181454,0.15429372132107302,0.7835740557997668,0.9390420899854862,0.6722724648835867,0.027104854583740234,0.049376726150512695
MinMaxScaler,49,0,62.15930130630919,92.89145002034397,61.593167160536865,0.17760820547400796,0.7414760061011381,0.9500300661455201,0.6080046180488744,0.039350032806396484,0.05101585388183594
MinMaxScaler,52,0,62.014318802157945,91.83204470440386,69.59735053163675,0.19342507161945524,0.8078440013220227,0.9449484536082474,0.7054839330382913,0.02746725082397461,0.051271915435791016
MinMaxScaler,55,0,60.823003299624425,92.59277393503092,59.61652431584452,0.14431762914386806,0.7258224852071006,0.9426990470335075,0.5900711949201463,0.14184188842773438,0.05354428291320801
MinMaxScaler,58,0,60.33423983922348,92.07244515533188,61.22363604671431,0.1337056299685701,0.7409460372173184,0.9383553563001416,0.6121608620357899,0.027970552444458008,0.05389690399169922
MinMaxScaler,61,0,57.41194848880051,91.22733046224803,66.64807390622276,0.11182606159102057,0.7879795226381224,0.9289371930191243,0.6841639407350395,0.028395891189575195,0.055730581283569336
MinMaxScaler,64,0,57.62061160641111,90.81587706196773,68.22381035384348,0.1465395602526393,0.7990121496769641,0.9355571620365589,0.6972484125456995,0.06132340431213379,0.05976700782775879
MinMaxScaler,67,0,57.22650817066827,91.67682015202155,60.52989367265121,0.13985391344047807,0.734375,0.9406214315764169,0.6023090244371753,0.10778331756591797,0.05804276466369629
MinMaxScaler,70,0,63.52567364362631,94.78382596600082,45.319853582011504,0.12457520388191198,0.5807831083789924,0.9505686789151356,0.41812584183182605,0.03060746192932129,0.05878019332885742
MinMaxScaler,73,0,59.9400808158553,91.80999274099705,61.34565103712741,0.14964863106505297,0.7410313901345291,0.942546491592894,0.6105060611891476,0.06987667083740234,0.06130790710449219
MinMaxScaler,76,0,59.95865705998475,91.61454920277224,64.06484225204811,0.14316855126107578,0.7650116263165093,0.9383703372294614,0.6457186838560708,0.05090165138244629,0.06009793281555176
MinMaxScaler,79,0,58.10502782944575,91.15404959173306,62.71221892975423,0.13172250414857278,0.7540810226697935,0.9366040322120053,0.6310948624206273,0.09975576400756836,0.06382513046264648
MinMaxScaler,82,0,60.03671206322736,92.39187628725777,72.11434547673001,0.14400352133713304,0.8291432599269496,0.9316916282642089,0.7469309216855878,0.030562400817871094,0.06362318992614746
MinMaxScaler,85,0,60.950946058623565,91.97979296697225,65.46627157050723,0.1493944825386737,0.7764488174760787,0.9386697222676925,0.6620357898787762,0.030533790588378906,0.0671391487121582
MinMaxScaler,88,0,57.882104347950026,91.81416225094496,56.41275928185463,0.10720832311518896,0.6986575401894387,0.9347349413130401,0.5577833365403118,0.05119729042053223,0.06452703475952148
MinMaxScaler,91,0,60.37250835596034,91.57879866877902,68.17151821509499,0.1542519512327084,0.7982498784637823,0.9373605272717837,0.6950933230710025,0.10520339012145996,0.06821513175964355
MinMaxScaler,94,0,43.72359124566167,88.99031936207383,11.943524490151647,0.04785741940678314,0.05478426823335703,0.991869918699187,0.02817009813353858,0.030489206314086914,0.06779789924621582
MinMaxScaler,97,0,53.065677492000376,90.311840140731,66.08331880773923,0.0757802758035189,0.7851226892241093,0.9213145345220817,0.6840100057725611,0.034267425537109375,0.07071495056152344
MinMaxScaler,100,0,52.617723900540916,90.59727809111482,71.19748997734008,0.0576757967938375,0.8253203095268299,0.9157791019565523,0.751125649413123,0.05345582962036133,0.06900143623352051
MinMaxScaler,103,0,55.8298106457429,90.9327718159908,59.860554296670735,0.09645138084882572,0.7311822936122525,0.9294829940048673,0.602616894362132,0.030501127243041992,0.07312130928039551
MinMaxScaler,106,0,42.62703839109457,88.94593273293097,11.974899773400733,0.04821095514489227,0.055439174023642075,0.9919678714859438,0.028516451799114873,0.07314419746398926,0.07251214981079102
MinMaxScaler,109,0,43.19432293559675,88.82338984275687,11.912149206902562,0.04750154675894077,0.054128921164932245,0.9917695473251029,0.027823744467962284,0.030959129333496094,0.07483291625976562
MinMaxScaler,112,0,44.12152025028684,88.87716505121742,11.894718493986405,0.04730281133471789,0.05376464862031525,0.9917127071823204,0.027631325764864344,0.04245758056640625,0.07287073135375977
MinMaxScaler,115,0,48.29060497865578,89.70024386580326,11.894718493986405,0.04730281133471789,0.05376464862031525,0.9917127071823204,0.027631325764864344,0.10272073745727539,0.07724523544311523
MinMaxScaler,118,0,47.003755728019726,89.45851890413256,11.88774620881994,0.047223108831806936,0.05361890141161493,0.9916897506925207,0.02755435828362517,0.061936140060424805,0.07596445083618164
MinMaxScaler,121,0,38.54960197834933,88.33264234924741,11.619313229911103,0.04405739109569874,0.047990987607960944,0.9906976744186047,0.024591110255916874,0.03133058547973633,0.07937097549438477
MinMaxScaler,124,0,47.23113904745615,89.68293624619008,11.88774620881994,0.047223108831806936,0.05361890141161493,0.9916897506925207,0.02755435828362517,0.08836054801940918,0.0773313045501709
MinMaxScaler,127,0,45.912345441458385,89.41436913352759,11.880773923653477,0.04714328641340491,0.05347313237221494,0.9916666666666667,0.027477390802385992,0.03166079521179199,0.08091068267822266
MinMaxScaler,130,0,46.2334252667137,89.46767605549302,11.880773923653477,0.04714328641340491,0.05347313237221494,0.9916666666666667,0.027477390802385992,0.10964179039001465,0.07999777793884277
MinMaxScaler,133,0,47.44830564641994,89.83929855845098,11.859857068154088,0.04690309379372088,0.05303569422075733,0.9915966386554622,0.027246488358668462,0.04256081581115723,0.08309125900268555
MinMaxScaler,136,0,50.46386448022007,90.15428556168322,44.50758236011853,0.0176996910648075,0.5833638695492854,0.9118730054823664,0.4288628054646912,0.05779242515563965,0.07997894287109375
MinMaxScaler,139,0,50.77851894611564,90.27761317370727,47.683458253442566,0.02681591269840132,0.6174903779981138,0.9143266908212561,0.46615355012507215,0.03253483772277832,0.08469891548156738
MinMaxScaler,142,0,51.52166135733579,90.32047677359576,54.54070071465923,0.03036609006822005,0.6866890917827967,0.9139750559641829,0.5499326534539157,0.04032492637634277,0.08308601379394531
MinMaxScaler,145,0,52.044303337395505,90.61430054375653,55.69810005229214,0.038142840885827554,0.6970679380214541,0.9158158471656749,0.5626707715989995,0.03521561622619629,0.08632731437683105
MinMaxScaler,148,0,52.32745244763717,90.6318304519225,56.53477427226774,0.04288289499150375,0.704535759988625,0.916856843273916,0.5720608043101789,0.07526707649230957,0.08695220947265625
MinMaxScaler,151,0,48.37542741895253,91.58466199508825,38.65783510545581,0.08812827750232993,0.5038348748026167,0.9425044835953159,0.3438137386954012,0.04232525825500488,0.09278535842895508
MinMaxScaler,154,0,60.48556075798716,93.41722053550563,49.00122014990413,0.12186036563999257,0.6222336991607489,0.9456828885400314,0.4636521069847989,0.0340123176574707,0.09157872200012207
MinMaxScaler,157,0,53.84458982746456,93.22652205806577,41.53041659403869,0.12687654870513498,0.5351956545837491,0.9561342707198732,0.3715989994227439,0.03372454643249512,0.09441184997558594
MinMaxScaler,160,0,55.658687704444866,90.74318221861867,72.55011329963395,0.1410701735060813,0.83249659632403,0.9307425200970366,0.7530113527034827,0.033937931060791016,0.09139251708984375
MinMaxScaler,163,0,48.94910739101618,91.21793552074506,40.96566149555517,0.06405944279444858,0.5360293714724095,0.9304670408066203,0.376447950740812,0.03944230079650879,0.09793972969055176
MinMaxScaler,166,0,52.89359530783428,91.52089033553223,60.47411539131951,0.07748102450463029,0.7378254636266938,0.9242801691674875,0.6139695978449106,0.049874305725097656,0.09444499015808105
MinMaxScaler,169,0,46.779466786393854,89.77137809912551,43.20376503398989,0.06886984967467617,0.5624194241512678,0.930914910642838,0.40292476428708873,0.03448987007141113,0.09915757179260254
MinMaxScaler,172,0,51.68987663823146,91.44358357292643,45.1873801638487,0.07375400784567893,0.5848932069593685,0.9314665321224352,0.42628439484317876,0.04327797889709473,0.09614253044128418
MinMaxScaler,175,0,61.25959706098247,92.77164401819047,52.3130556039742,0.13285578697797953,0.6560905091137649,0.9461928934010152,0.5021358476043871,0.08254384994506836,0.09980940818786621
MinMaxScaler,178,0,50.705392712319785,91.25904596463694,34.275753878333624,0.04954074479281158,0.45046200483866267,0.9285027637587119,0.2973638637675582,0.044031620025634766,0.10394954681396484
MinMaxScaler,181,0,53.098542606489495,90.8139371880773,44.838765905525534,0.069972653026856,0.5813245839176567,0.9303014905149052,0.42274389070617663,0.03515768051147461,0.10232281684875488
MinMaxScaler,184,0,52.77538465924073,91.03235783803481,77.20062750566498,0.062198595840169936,0.8677291481271742,0.9144464810946759,0.8255532037714066,0.04969501495361328,0.09775233268737793
MinMaxScaler,187,0,47.495248683357204,91.10502158113769,36.65330312009761,0.057742592680610445,0.4816727044527484,0.9306657848324515,0.32491822205118337,0.04019451141357422,0.1048593521118164
MinMaxScaler,190,0,47.32124231216015,89.81698964681716,33.71448492243333,0.01858730045465146,0.4472353043781615,0.9142992987043861,0.2960169328458726,0.04998302459716797,0.10376310348510742
MinMaxScaler,193,0,45.56189967146288,88.83348147082548,11.950496775318111,0.0479361831052054,0.054929840972871846,0.9918918918918919,0.028247065614777755,0.04693007469177246,0.10759663581848145
MinMaxScaler,196,0,35.8761935304556,86.89440921512126,12.016733484399513,0.04867878552225571,0.05631169608136404,0.9920948616600791,0.028978256686549932,0.03626847267150879,0.1038665771484375
MinMaxScaler,199,0,47.48898723622602,89.96721862731421,37.50740805298937,0.020157618130259118,0.4980960913876134,0.9140889939369027,0.34231287281123723,0.11055397987365723,0.10911297798156738
MinMaxScaler,202,0,58.04303052330761,93.41046087027529,44.02300854104933,0.11733005752843739,0.5664605664605664,0.9491494752081071,0.4036944390994805,0.0364680290222168,0.10634589195251465
MinMaxScaler,205,0,69.90002351784148,94.38838210306035,66.62715705072337,0.19107003409270762,0.7839490848360379,0.9478279851560795,0.6683856070810082,0.12250351905822754,0.11148810386657715
MinMaxScaler,208,0,47.94933686813618,90.06674980787554,11.943524490151647,0.04785741940678314,0.05478426823335703,0.991869918699187,0.02817009813353858,0.03685736656188965,0.10639691352844238
MinMaxScaler,211,0,50.32611549398157,90.22014754906851,39.3724943350183,0.02939820429826072,0.5206581957498415,0.9173465423465423,0.36347893015201077,0.03686666488647461,0.11334013938903809
MinMaxScaler,214,0,50.75055551992246,91.16565984700367,36.221021439776884,0.058141872461803135,0.4758330229493167,0.9311504821708904,0.31956898210506063,0.03742384910583496,0.11182093620300293
MinMaxScaler,217,0,59.16346610223847,93.28776012832363,40.526407530067985,0.10542491485778774,0.525372802136657,0.948087157345115,0.36336347893015203,0.03717398643493652,0.11507344245910645
MinMaxScaler,220,0,58.75085911387623,93.34898625063708,42.84817849050026,0.09593822076194194,0.5549945711183496,0.9417779824965453,0.39341928035405044,0.0377805233001709,0.1117255687713623
MinMaxScaler,223,0,57.715260228479394,92.23141217546488,74.80913369356806,0.13221618166353982,0.8492636321915807,0.9272536783127591,0.7833750240523379,0.041871070861816406,0.12551307678222656
MinMaxScaler,226,0,52.906413244108066,90.78184913558299,36.9496252396723,0.05732463986067454,0.48566715959504037,0.9302756291535026,0.32861266115066384,0.037899017333984375,0.11334443092346191
MinMaxScaler,229,0,44.90684369187352,90.638376463159,21.1120794840509,0.04896885257637529,0.2400510461094133,0.9425105485232067,0.1375408889744083,0.038095712661743164,0.12001967430114746
MinMaxScaler,232,0,53.22487189903007,91.19967871520281,43.1166114694091,0.04253729729298099,0.5644735086080341,0.9210801393728223,0.4069270733115259,0.04408144950866699,0.11266493797302246
MinMaxScaler,235,0,56.794665013291144,93.31229680257327,23.085236186160014,0.11146841049215385,0.26498317620015327,0.986359126984127,0.15304983644410236,0.03971099853515625,0.1255509853363037
MinMaxScaler,238,0,59.09158132540853,92.6093829744524,48.649119748997734,0.11120237162151615,0.6194781710152415,0.9422396856581532,0.4614200500288628,0.03863859176635742,0.12330198287963867
MinMaxScaler,241,0,63.434334623251296,93.17287332267435,63.8870489803033,0.13990663669037065,0.7636819892779743,0.937703081232493,0.6441408504906677,0.03895998001098633,0.12689208984375
MinMaxScaler,244,0,59.91259772375801,92.65179130583071,48.63517517866481,0.10344465965489852,0.6201010726072608,0.9395265255098054,0.4627669809505484,0.03896927833557129,0.11713337898254395
MinMaxScaler,247,0,54.87154412445927,91.61598636537556,40.98657835105456,0.08280121575441254,0.5339463685920379,0.9380864854406501,0.373176832788147,0.05666518211364746,0.12345480918884277
MinMaxScaler,250,0,69.28815484716966,94.27723170227694,70.01568764162455,0.22819520139797916,0.809649219873852,0.9527083333333334,0.7039445834135077,0.15654492378234863,0.1300060749053955
MinMaxScaler,253,0,39.062461961673044,88.18292148588272,12.316541746557434,0.05192191121530379,0.06254193067461797,0.9928994082840237,0.03228785837983452,0.03938603401184082,0.13454055786132812
MinMaxScaler,256,0,58.28576457928008,93.07700608581182,41.81279414328046,0.10844972728645538,0.5409389697186391,0.9479467900520532,0.3784491052530306,0.05841684341430664,0.17882466316223145
MinMaxScaler,259,0,46.81210669973418,89.90139982620772,37.47603276974028,0.024686123070508565,0.49706962788480413,0.9159776767259198,0.34108139311141045,0.12129902839660645,0.1267106533050537
MinMaxScaler,262,0,66.0467734234138,94.3351020362892,66.21927836848526,0.15438900359025098,0.7824232081911263,0.9391946525793757,0.6705022128150856,0.11227846145629883,0.12901973724365234
MinMaxScaler,265,0,53.18308853398328,90.28155572004682,59.208645633606416,0.07601956845805756,0.7266696255460301,0.9245126010461245,0.5985761015970752,0.04018998146057129,0.12883400917053223
MinMaxScaler,268,0,58.16580078250272,92.65233909940417,45.13508802510023,0.08137728580486651,0.5834524376687311,0.9343053318640332,0.4241677891091014,0.04006600379943848,0.12434267997741699
MinMaxScaler,271,0,43.83299624427198,89.83122060202649,12.912672128290048,0.05789358596946348,0.07481204399837044,0.9940944881889764,0.038868578025784105,0.04046130180358887,0.12909793853759766
MinMaxScaler,274,0,56.380676886237794,91.7799133780921,49.70542095171693,0.06837398513033419,0.6349350945115008,0.9269986700162554,0.48281700981335385,0.04463386535644531,0.12802839279174805
MinMaxScaler,277,0,72.635420719931,95.31422047349228,78.42774969496253,0.23983221407869348,0.8719317852560122,0.9432230331795997,0.810659996151626,0.04088783264160156,0.1306605339050293
MinMaxScaler,280,0,71.18905208845558,95.1952955435605,78.88443437336588,0.22476940810639393,0.8754856614246068,0.9397175639894086,0.8194727727535116,0.04069352149963379,0.1286756992340088
MinMaxScaler,283,0,70.49038975477305,95.06081208867211,78.3161931322991,0.2225405482544317,0.8715937241948802,0.9401024270763749,0.8123917644795074,0.0407557487487793,0.13258767127990723
MinMaxScaler,286,0,70.76781761557594,95.22408327919041,80.285863691825,0.2272995477430019,0.8850259225373589,0.938146551724138,0.8375986145853377,0.04112815856933594,0.13500380516052246
MinMaxScaler,289,0,61.739744439455805,92.71184478689452,64.2077740979606,0.12978100539027165,0.7669504029054591,0.9349197565024903,0.6501443140273234,0.0785667896270752,0.1353447437286377
MinMaxScaler,292,0,62.69510615098455,93.9935221019474,50.39219104061357,0.11877473204013517,0.6373967995107532,0.9432838072252809,0.4813161439291899,0.04131269454956055,0.14002180099487305
MinMaxScaler,295,0,69.86796656190538,93.99189789686865,76.61495555168206,0.28413719149589706,0.857742715358188,0.9553120128489773,0.7782566865499326,0.04168510437011719,0.14346766471862793
MinMaxScaler,298,0,70.7184529536271,94.9743687596875,77.87693916681192,0.22357640511971913,0.8684930371352785,0.9409097032014727,0.8064267846834713,0.047159671783447266,0.14083576202392578
MinMaxScaler,301,0,69.03215957924444,94.75722387827733,69.01167857765383,0.18890971869614975,0.803397253002455,0.9445600166423965,0.6989416971329613,0.042082786560058594,0.14502239227294922
MinMaxScaler,304,0,69.23531667129896,94.87668612634776,69.32194526756145,0.18206629739339547,0.8061588616238601,0.9426157729356617,0.7042139695978449,0.0834348201751709,0.13785958290100098
MinMaxScaler,307,0,69.46635879674172,95.14332041339955,72.59194701063274,0.1950239701594781,0.8309029122037253,0.9418304159149642,0.7433519338079662,0.06727933883666992,0.14630365371704102
MinMaxScaler,310,0,65.76341764123175,94.31897347416499,60.888966358724076,0.14874245763313496,0.7370197604369331,0.9427320700407772,0.6050028862805464,0.04243016242980957,0.1465456485748291
MinMaxScaler,313,0,66.56537318538473,94.63459699961464,66.86770088896637,0.1608141452010166,0.7874205958665116,0.9401271163809218,0.6773908023859919,0.09291934967041016,0.1500108242034912
MinMaxScaler,316,0,65.70723137992717,94.45416789894037,62.62506536517344,0.14952387208688875,0.7522817070634719,0.9413091245518677,0.6264768135462767,0.13591647148132324,0.14266037940979004
MinMaxScaler,319,0,58.67203871179241,93.23222002207025,44.21474638312707,0.10331895026861948,0.5703238279362011,0.9434129874744603,0.40869732538002695,0.047461509704589844,0.15055108070373535
MinMaxScaler,322,0,66.7465033245676,94.54294315462352,71.98187205856719,0.1632740748045026,0.8274544322548788,0.9357579877634262,0.7416201654800847,0.11805891990661621,0.15653634071350098
MinMaxScaler,325,0,56.89712440938148,92.43889538525069,37.00540352100401,0.09199836576101801,0.48161110792357564,0.9460160036064466,0.32303251876082356,0.1386275291442871,0.15219855308532715
MinMaxScaler,328,0,60.57402347508177,92.95694723451882,63.80686770088897,0.10543996796532158,0.7648897142080711,0.9292907059924063,0.6499134115836059,0.0650486946105957,0.14566874504089355
MinMaxScaler,331,0,58.05934762933032,92.98022649563602,41.86508628202893,0.11620116266325492,0.5406313701724423,0.95114858970631,0.37764094670001924,0.043595075607299805,0.15235424041748047
MinMaxScaler,334,0,69.81803319578958,94.81549309557344,73.65870664110162,0.20341059360442626,0.8386021872863978,0.9423455427007825,0.7554358283625169,0.043535470962524414,0.15153288841247559
MinMaxScaler,337,0,60.00282926759741,93.36163304614317,43.01202719191215,0.11140802889684687,0.5551231460062593,0.9478624535315985,0.3924956705791803,0.04395008087158203,0.15522122383117676
MinMaxScaler,340,0,56.17146644431617,92.31395313136808,41.16785776538261,0.07573672868348491,0.5370604048938388,0.9350463272518865,0.37671733692514914,0.0499575138092041,0.1493825912475586
MinMaxScaler,343,0,61.712888489798246,93.89344716114748,41.38399860554296,0.12266959334841916,0.5339025336807673,0.9545049063336307,0.3705984221666346,0.044319868087768555,0.15686917304992676
MinMaxScaler,346,0,63.48262031513907,93.4304124092062,63.33972459473593,0.12848520482064713,0.7596562599990858,0.9352805447689797,0.6395612853569367,0.06463456153869629,0.15746092796325684
MinMaxScaler,349,0,50.608242647111226,91.17827122757906,38.08262157922259,0.07590904136456134,0.4980074051044346,0.9376330353341847,0.33904175485857224,0.04456019401550293,0.16048741340637207
MinMaxScaler,1,1,65.7130894604437,94.79179217329497,57.908314450061006,0.1561863322781121,0.7091723672800848,0.9478462429978752,0.5665191456609583,0.02901601791381836,0.033399105072021484
MinMaxScaler,4,1,55.74455490703326,91.96681193335372,56.23147986752658,0.11412013631593422,0.6964091403699674,0.936890045543266,0.5541658649220704,0.026474475860595703,0.03525733947753906
MinMaxScaler,7,1,56.907151561798464,91.38027117616676,72.53965487188427,0.10825325269341789,0.8335270621552507,0.9244327770485655,0.7588993650182798,0.03911852836608887,0.03638458251953125
MinMaxScaler,10,1,53.591773031449776,90.46908164451536,58.821683806867696,0.07883878772300262,0.7229961071244313,0.9254367533169238,0.5932268616509525,0.15479612350463867,0.03784012794494629
MinMaxScaler,13,1,52.970259195119695,90.26413351337537,57.54924176398815,0.07005991127940932,0.7119846732420351,0.9237142506444089,0.5792187800654224,0.04828047752380371,0.038660526275634766
MinMaxScaler,16,1,53.12680392534155,90.16285029751077,68.09133693568067,0.07941954649486951,0.8008788913785977,0.9211790611550396,0.7083702135847605,0.049093008041381836,0.039247989654541016
MinMaxScaler,19,1,53.12596440966655,90.25192577386167,58.274359421300325,0.10558314867228168,0.7161793649664462,0.9329667613987397,0.5811429670964018,0.030201435089111328,0.040350914001464844
MinMaxScaler,22,1,56.815457635815534,91.029693918943,61.450235314624365,0.12619848756030191,0.7434100612585854,0.9361814037753492,0.6164710409851838,0.03876662254333496,0.04150962829589844
MinMaxScaler,25,1,63.64553624241906,92.34361210506208,69.09185985706814,0.17955750685748287,0.8044466010851824,0.9422828502041027,0.7017894939388108,0.029789447784423828,0.04259371757507324
MinMaxScaler,28,1,54.171363821007844,90.00047454653338,59.56074603451281,0.09807967917286901,0.7283881240048703,0.9300962745918795,0.5985761015970752,0.02748394012451172,0.043222904205322266
MinMaxScaler,31,1,52.232480277082935,90.07698798959561,67.7531811051072,0.10431282278085754,0.7971491228070176,0.9265867958195259,0.699441985761016,0.02688765525817871,0.044295549392700195
MinMaxScaler,34,1,50.29728262031513,89.70694192612318,62.03590726860728,0.07206111252485731,0.7517099863201094,0.9222377622377622,0.6344044641139118,0.027148723602294922,0.046085357666015625
MinMaxScaler,37,1,45.6020211090444,89.86756088604122,51.511242809830925,0.08341765910112971,0.6522836929076773,0.9307933789954338,0.5020588801231479,0.1621410846710205,0.04765963554382324
MinMaxScaler,40,1,58.29324895416872,92.14774686961749,57.14136308175004,0.12365407119480824,0.7043290043290044,0.9389547932029496,0.5635174138926303,0.09532284736633301,0.04744601249694824
MinMaxScaler,43,1,48.687732951346575,89.80378104352266,11.316018825169948,0.03791115556603682,0.04180948434969302,0.9840425531914894,0.021358476043871463,0.027597665786743164,0.04816150665283203
MinMaxScaler,46,1,57.90817351891049,92.2564078046897,55.59002963221196,0.12456705534223461,0.6894366025500378,0.9405347878142876,0.5441600923609775,0.028206348419189453,0.050820350646972656
MinMaxScaler,49,1,56.173276605449004,90.50249642396582,65.29545058392888,0.12297136208675723,0.7763876097845863,0.932448473076508,0.6650760053877237,0.028740406036376953,0.0506591796875
MinMaxScaler,52,1,60.97396076083781,91.86784883616036,70.880251002266,0.16711391926764774,0.8189208523922045,0.937648927720413,0.7268808928227823,0.06046462059020996,0.05145525932312012
MinMaxScaler,55,1,61.6213812812235,92.00342528063148,76.13735401777933,0.18178802951568435,0.8573274694124268,0.9351582393597672,0.7914566095824515,0.10746645927429199,0.052922964096069336
MinMaxScaler,58,1,60.75696235007376,91.77962792974894,67.86125152518738,0.1477989465880172,0.7960623824798142,0.9361602497398543,0.692437944968251,0.02850031852722168,0.05388379096984863
MinMaxScaler,61,1,55.62915357150493,90.01298399544385,63.02597176224508,0.10331715182657421,0.7583944598842772,0.9292692457991403,0.6406003463536656,0.03017115592956543,0.05483245849609375
MinMaxScaler,64,1,55.30636050713018,89.99886878837755,66.89559002963222,0.10170090053985151,0.7904400406055524,0.9265352579026334,0.6892053107562055,0.059226274490356445,0.05991196632385254
MinMaxScaler,67,1,62.78824963119748,93.02446911028694,73.82604148509674,0.1695706637909344,0.8409726340760824,0.9352240071606915,0.7639792187800655,0.13276171684265137,0.0581965446472168
MinMaxScaler,70,1,46.5656069384759,91.33474971597867,33.44256580094126,0.10303060675074552,0.4307692307692308,0.956187954996691,0.2780065422359053,0.029402971267700195,0.05846118927001953
MinMaxScaler,73,1,56.412433098867574,89.95866794364025,67.4777758410319,0.11043111323527786,0.7946917845903299,0.92808676878791,0.6948239368866654,0.054923057556152344,0.06074357032775879
MinMaxScaler,76,1,57.03210256629537,90.64054756843285,68.87920515949102,0.11831535364979627,0.8053975105181698,0.9288515687851971,0.7109101404656533,0.0515446662902832,0.06052517890930176
MinMaxScaler,79,1,57.43912941226776,90.41767024253437,71.99581662890012,0.11951398172353467,0.8291178285009253,0.9269406392694064,0.7499711371945353,0.03112006187438965,0.0632786750793457
MinMaxScaler,82,1,54.492395185256456,89.58763022969933,72.40369531113822,0.08912293948095912,0.8331576950638621,0.9209729276361772,0.7606311333461613,0.029552459716796875,0.07366800308227539
MinMaxScaler,85,1,66.0598493432821,93.03625127305332,77.3784207774098,0.23305722929345357,0.8647194946525737,0.9434537348739878,0.7981142967096402,0.047472238540649414,0.06691980361938477
MinMaxScaler,88,1,53.927610658570835,89.78374878210332,51.59142408924525,0.07442321280988469,0.6539055879567319,0.9279196434887176,0.5048297094477583,0.031759023666381836,0.06444168090820312
MinMaxScaler,91,1,51.55252389198897,89.36634889520998,53.78072163151473,0.08256831410799269,0.6751445653239243,0.9291832467795238,0.5301904945160669,0.030620336532592773,0.06772685050964355
MinMaxScaler,94,1,37.470104547495346,88.27062134461308,33.202021962698275,0.03169161614676028,0.4380444027333783,0.9206114398422091,0.28739657494708487,0.10791277885437012,0.06760120391845703
MinMaxScaler,97,1,43.05529685929917,88.2764339365814,10.339898901865087,0.023503563526564318,0.020788121073672186,0.975,0.010506061189147585,0.031102657318115234,0.06991004943847656
MinMaxScaler,100,1,64.56727456723608,91.28228364923532,88.63866132124804,0.3604286186372272,0.9369912804748372,0.9414872950501204,0.9325380026938619,0.030875682830810547,0.06876325607299805
MinMaxScaler,103,1,52.3730300244443,89.97204565951455,48.29701934809133,0.07699337144250652,0.6190830871966098,0.9306563706563706,0.46380604194727726,0.08044624328613281,0.07271742820739746
MinMaxScaler,106,1,53.37418738731034,90.21022842157032,50.102841206205326,0.08200577026406479,0.6378197828892431,0.9312102852076253,0.4850105830286704,0.031371116638183594,0.07215166091918945
MinMaxScaler,109,1,53.50916982019541,90.11476752528722,51.00575213526233,0.08426152853182563,0.6470085899432361,0.9313760937161039,0.49567057918029633,0.04043412208557129,0.07424783706665039
MinMaxScaler,112,1,53.73587896150913,90.24315122999667,52.75230956946139,0.08907179597237978,0.6643718580520542,0.9317866073909419,0.5162208966711564,0.04064822196960449,0.0726168155670166
MinMaxScaler,115,1,54.23433889922249,90.01824177028442,60.648422520481084,0.0714380483895989,0.7397279225270924,0.9226919758412424,0.6173176832788148,0.08976173400878906,0.07689046859741211
MinMaxScaler,118,1,43.794609425665804,88.8330889135905,28.624716750915113,0.024909324021158488,0.37115301922722527,0.9192149703331812,0.23251876082355205,0.032270193099975586,0.07616186141967773
MinMaxScaler,121,1,53.73555256237573,90.08297865646608,49.475335541223636,0.068269820651725,0.632521108547377,0.9270848818195332,0.48000769674812394,0.06720495223999023,0.09429788589477539
MinMaxScaler,124,1,51.91424682330974,89.79921744997488,71.8947184939864,0.046276059453719834,0.8308221765224325,0.9135631547371822,0.7618241293053685,0.032372236251831055,0.07673096656799316
MinMaxScaler,127,1,53.122854353295004,89.97887884372729,71.66811922607634,0.05585281999887611,0.8288512161735285,0.9153023255813953,0.7573215316528766,0.03270864486694336,0.08076691627502441
MinMaxScaler,130,1,57.9059229327461,92.4620314991431,38.49398640404392,0.08711541454005894,0.5018493943586413,0.9422179813401187,0.34200500288628055,0.03731417655944824,0.07978534698486328
MinMaxScaler,133,1,52.8034920431303,89.02888102118777,75.09848352797628,0.12308511086715039,0.8515925287236916,0.9254041361871218,0.7886857802578411,0.08035421371459961,0.08292388916015625
MinMaxScaler,136,1,51.91679387680927,90.36410343921727,42.26599267910057,0.05089075309443007,0.5534072216379473,0.9245810055865922,0.39488166249759477,0.03311562538146973,0.0801246166229248
MinMaxScaler,139,1,57.64578139810005,90.68203503464821,67.79152867352275,0.12493640329210283,0.7965381312074699,0.9310646622734761,0.6959784491052531,0.045629024505615234,0.08315515518188477
MinMaxScaler,142,1,56.36720045040229,90.24382005407713,74.73243855673697,0.13320246466580768,0.8486847599164927,0.9274925849874515,0.7822205118337502,0.05316805839538574,0.08336353302001953
MinMaxScaler,145,1,60.3708421525239,92.4476414259844,60.93428621230609,0.17487124026355827,0.7357449417535254,0.9500030448815541,0.6003463536655763,0.1001579761505127,0.08686232566833496
MinMaxScaler,148,1,57.03271830614528,90.92560459777519,45.386090291092906,0.09649416989149039,0.584654541598176,0.9397426063240433,0.42432172407157975,0.033644676208496094,0.0872197151184082
MinMaxScaler,151,1,60.79857895224453,92.34208425130295,52.103887048980305,0.1362049777143872,0.6536415660372602,0.947522292062564,0.4989032133923417,0.034044504165649414,0.09168148040771484
MinMaxScaler,154,1,57.6534966754324,92.5246838322434,57.44814362907443,0.17564899667172323,0.7033778857837181,0.9543026706231454,0.5569366942466808,0.044365644454956055,0.09340739250183105
MinMaxScaler,157,1,51.857420591651874,90.22566195539527,36.26982743594213,0.05696719282980356,0.4766539749792448,0.9305835010060363,0.320377140658072,0.03714919090270996,0.11249876022338867
MinMaxScaler,160,1,51.93945367341557,89.63291124612608,57.2354889314973,0.05687977626165302,0.7100205659173108,0.9203333741880132,0.577948816624976,0.05468177795410156,0.09179234504699707
MinMaxScaler,163,1,36.300700546611644,86.85522774814379,11.092905699843124,0.03391611796214206,0.03715030014724204,0.9800796812749004,0.018934000384837408,0.034711599349975586,0.09723687171936035
MinMaxScaler,166,1,51.02230916696955,89.77678064769452,44.84225204810877,0.042480940257809026,0.5844189955873083,0.9204103582361215,0.42813161439291897,0.10566449165344238,0.09504389762878418
MinMaxScaler,169,1,60.99544181472216,92.99879475077614,54.63831270698971,0.15860202248091698,0.6773617654351599,0.9521784593935169,0.5256494131229555,0.03502011299133301,0.09806609153747559
MinMaxScaler,172,1,59.42105060611891,93.77478913606805,54.06658532333972,0.1854485081741441,0.6693766937669376,0.9618518785606115,0.5132961323840677,0.05540108680725098,0.09566259384155273
MinMaxScaler,175,1,50.769215858151775,89.65248463675934,45.50461913892278,0.03393440532172998,0.5928318399666597,0.9172241476585798,0.437944968250914,0.04094409942626953,0.10062265396118164
MinMaxScaler,178,1,62.21627292098718,92.98812319616567,59.48405089768172,0.12912131126279328,0.7256373937677054,0.9385648854961832,0.5914566095824514,0.036008358001708984,0.10743308067321777
MinMaxScaler,181,1,48.83617186553496,89.61869060203563,30.325954331532163,0.026795264266607388,0.3968493481409947,0.9194518249195917,0.25303059457379257,0.04059410095214844,0.10409879684448242
MinMaxScaler,184,1,63.235634518490016,93.14201218260204,50.6710824472721,0.1359920926451961,0.6387172547617832,0.9489416584477657,0.4813546276698095,0.046904563903808594,0.09745979309082031
MinMaxScaler,187,1,40.17343766703012,88.01775704032002,35.55516820637964,0.029813152613466353,0.47089129314786193,0.9187981682117726,0.3165672503367327,0.06701207160949707,0.13002538681030273
MinMaxScaler,190,1,47.68879624284666,89.47853695385626,34.72895241415374,0.041963721700017276,0.457854350658752,0.9246783625730994,0.3042524533384645,0.06045246124267578,0.10453057289123535
MinMaxScaler,193,1,51.3813140059436,89.35593336173537,68.0739062227645,0.04395511193949243,0.8022115675348797,0.9141113353349412,0.7147200307869925,0.03609824180603027,0.10822391510009766
MinMaxScaler,196,1,52.11721007133745,90.79031702527243,36.98797280808785,0.06985341470714111,0.4844405145611683,0.9358607009036809,0.3268039253415432,0.04064297676086426,0.10354757308959961
MinMaxScaler,199,1,41.751149879916476,89.07616774499091,31.974899773400733,0.025426661260690257,0.42140845070422533,0.9180878552971576,0.27346546084279394,0.037200927734375,0.10977029800415039
MinMaxScaler,202,1,51.30634625389291,91.12863869774237,39.18772877810702,0.05459684908253535,0.5150403113705866,0.927691537305959,0.3564748893592457,0.05793452262878418,0.1068563461303711
MinMaxScaler,205,1,57.93609418539185,92.8793670215462,54.50235314624368,0.14164386326192943,0.6774105840769212,0.9468629076838032,0.5273426977102175,0.05418872833251953,0.11267662048339844
MinMaxScaler,208,1,48.10555662454835,89.43977404346136,29.496252396723026,0.030955611277585483,0.3836025601950625,0.9220512820512821,0.2421781797190687,0.03753805160522461,0.10567641258239746
MinMaxScaler,211,1,62.29015457635816,93.12762412379689,61.17483005054907,0.1580861282521045,0.738978601729674,0.9450305718738761,0.6066961708678084,0.04359841346740723,0.11321663856506348
MinMaxScaler,214,1,42.5513166427925,88.30272468278882,37.74446574864912,0.04010107818625888,0.4984553165196877,0.9223573433115061,0.34150471425822587,0.05858349800109863,0.11365890502929688
MinMaxScaler,217,1,47.576861294621544,89.66564390319294,10.57695659752484,0.02808794889193709,0.02589906201344321,0.9798850574712644,0.013122955551279585,0.037564992904663086,0.11503362655639648
MinMaxScaler,220,1,59.87218837078372,91.72954643967176,67.44988670036605,0.11964521469995709,0.7940534221496791,0.9301364200082679,0.692707331152588,0.03835797309875488,0.10951995849609375
MinMaxScaler,223,1,57.690908572609544,92.3108187526863,46.17047237232003,0.10433690366333108,0.5927254503732229,0.9419852448021462,0.43240330960169326,0.038346052169799805,0.1174931526184082
MinMaxScaler,226,1,71.18540468503909,95.09402918638277,68.24124106675963,0.24027490336355456,0.7948013334534643,0.9582858073977514,0.678968635751395,0.10502505302429199,0.11235785484313965
MinMaxScaler,229,1,53.44427198027352,91.0645868968966,66.48422520481088,0.08445335957323284,0.7879389447679548,0.9230013952767299,0.6873580912064653,0.03859519958496094,0.11969494819641113
MinMaxScaler,232,1,58.39359744581989,92.57068651226463,43.8765905525536,0.08351876763100735,0.5686342809678198,0.9360444601270289,0.4083509717144507,0.12598323822021484,0.11523008346557617
MinMaxScaler,235,1,51.65255881242027,90.92082692632795,39.66533031200976,0.025836377577310627,0.5247810208956863,0.915852022235001,0.36775062536078507,0.03906726837158203,0.1258258819580078
MinMaxScaler,238,1,61.73208189910133,93.14027439510045,55.586543489628724,0.11217778155429123,0.6903708744470909,0.9368115559659653,0.5465845680200115,0.03884148597717285,0.11871767044067383
MinMaxScaler,241,1,61.56180274944947,93.3702113034829,46.28551507756667,0.12021042622784157,0.5923162406731227,0.947836395969176,0.430748508755051,0.05228018760681152,0.12409663200378418
MinMaxScaler,244,1,44.47734234137929,88.55232743151244,35.31811051071989,0.023579958439640405,0.4685799392793722,0.9161160264307313,0.31479699826823165,0.12449312210083008,0.11825299263000488
MinMaxScaler,247,1,63.14733713894768,94.66189599832873,49.12323514031724,0.195953323948126,0.6161695860291411,0.9731660712802194,0.45079853761785643,0.07245087623596191,0.12359786033630371
MinMaxScaler,250,1,65.29972419985889,94.06666182145823,64.59473592469932,0.1997453608456604,0.766389106132401,0.952541597575619,0.6411006349817202,0.03994441032409668,0.12295293807983398
MinMaxScaler,253,1,61.04526115493981,93.37176104573746,55.83057347045494,0.1572521701587007,0.6892017858018937,0.9504093092483594,0.5406195882239754,0.0618898868560791,0.12526321411132812
MinMaxScaler,256,1,51.3942673479714,90.37108994704748,31.441519958166285,0.0294683144271733,0.41299026923765747,0.9203139550352534,0.26623051760631133,0.06193876266479492,0.17548370361328125
MinMaxScaler,259,1,55.087017438835794,90.56354102254687,77.80024402998083,0.11826688829167879,0.8705480565945682,0.9226526479079588,0.8240138541466231,0.06317448616027832,0.12592554092407227
MinMaxScaler,262,1,63.42505719111453,93.27410832576447,60.09412584974726,0.20530734379005122,0.7260631296814799,0.9600050626502974,0.5837983451991534,0.052687883377075195,0.12531328201293945
MinMaxScaler,265,1,47.5759818698822,90.67422741299957,12.79414328046017,0.03905834580666599,0.07451256058307744,0.9645593869731801,0.03875312680392534,0.0455167293548584,0.12968182563781738
MinMaxScaler,268,1,45.17533334758657,88.93522987218373,29.273139271396197,0.017396924821232302,0.3824048706240487,0.9149308084486526,0.24171637483163363,0.059471845626831055,0.12419795989990234
MinMaxScaler,271,1,67.22616324232641,94.31691415844368,60.843646505142054,0.16134050189438134,0.7358046761066943,0.946276241756912,0.6019241870309794,0.12157344818115234,0.12981653213500977
MinMaxScaler,274,1,48.166854096736714,90.55720901660489,12.320027889140665,0.038401619189164175,0.06414883720930233,0.9685393258426966,0.03317298441408505,0.11141753196716309,0.13297653198242188
MinMaxScaler,277,1,45.95520350059507,88.76119003344269,32.989367265121146,0.021980060433219085,0.4365032833020638,0.9160821951519625,0.2865114489128343,0.04162883758544922,0.13077688217163086
MinMaxScaler,280,1,64.1867373627235,93.70578408433437,53.86787519609552,0.14550087014294255,0.6707635657950389,0.9487612612612613,0.5187608235520492,0.04691004753112793,0.126173734664917
MinMaxScaler,283,1,66.0659197970339,93.91141965581556,59.267910057521355,0.16926747959142485,0.72091912291597,0.9502550217240728,0.5807581296902059,0.06735444068908691,0.1334092617034912
MinMaxScaler,286,1,55.43546205431908,92.44586712090337,47.31392713962001,0.11795164854177653,0.6041126391617551,0.9459392945036915,0.4437560130844718,0.054647207260131836,0.1368107795715332
MinMaxScaler,289,1,64.25445164232926,94.01075891215316,49.029109290569984,0.1232154630494593,0.6224012809586529,0.9461369346733668,0.4637290744660381,0.0616300106048584,0.13366007804870605
MinMaxScaler,292,1,40.80566993778462,87.65636186004542,10.238800766951368,0.022441807661383928,0.018525577494854006,0.9759036144578314,0.00935154897055994,0.04245495796203613,0.13628840446472168
MinMaxScaler,295,1,62.888266022420346,93.65657203739231,58.957643367613734,0.11758481661902545,0.7216192570523279,0.9357905065620017,0.5872233981142967,0.042511940002441406,0.14202070236206055
MinMaxScaler,298,1,56.58056856163456,91.83554414773702,56.13735401777933,0.07558763294391199,0.698418024928092,0.9258976803304735,0.5606696170867809,0.042472124099731445,0.14125323295593262
MinMaxScaler,301,1,63.41509560358895,93.77123825920657,42.370576956597525,0.13849832469324994,0.5441107525992113,0.9600038925652005,0.37964210121223785,0.04287886619567871,0.14362120628356934
MinMaxScaler,304,1,53.55182833401035,91.84319339535826,35.96304688861775,0.05668832333174696,0.47256438969764836,0.93067179371183,0.3166827015585915,0.04323220252990723,0.1383683681488037
MinMaxScaler,307,1,64.53995396204364,93.73450487489589,51.5077566672477,0.132830499070331,0.647776764914413,0.9469904493966091,0.492245526265153,0.07600593566894531,0.14689373970031738
MinMaxScaler,310,1,61.10859826538102,93.2821057464932,47.28603799895416,0.09599796733542229,0.606090603589757,0.9379938719561361,0.44768135462766984,0.04304647445678711,0.14935564994812012
MinMaxScaler,313,1,60.81468938632688,92.78445689997157,56.42321770960432,0.12446873474577282,0.6974537709361991,0.9397951862239906,0.5544737348470271,0.04471445083618164,0.14708566665649414
MinMaxScaler,316,1,62.7583335114988,93.39501861249619,65.0549067456859,0.11998254494822747,0.774549053124016,0.9319153542241706,0.6626515297286897,0.06317996978759766,0.14327526092529297
MinMaxScaler,319,1,61.34114553267911,93.12173158416977,40.620533379815235,0.11832855460671188,0.5249212060357571,0.9535873530603972,0.3621319992303252,0.04425215721130371,0.15055513381958008
MinMaxScaler,322,1,69.12169841575268,94.60212699448647,68.41206205333799,0.2311135944018047,0.7966333744809786,0.9556812062466343,0.6829709447758322,0.04398012161254883,0.15019559860229492
MinMaxScaler,325,1,65.02232484553055,94.011598272394,54.14676660275405,0.13857078813197105,0.6741322498327676,0.9462373069968006,0.5235712911294977,0.044358253479003906,0.15169739723205566
MinMaxScaler,328,1,62.1355725169079,92.35765790462315,58.20115042705246,0.15488598969818276,0.7120142191478119,0.9471531727266917,0.5704060034635366,0.04450511932373047,0.146317720413208
MinMaxScaler,331,1,67.8499290901446,94.70626442535193,58.26738713613386,0.16592632647684424,0.7118407433261922,0.9503792261216094,0.5690205888012315,0.044957637786865234,0.15282177925109863
MinMaxScaler,334,1,69.1069078314412,94.5574643038294,67.63116611469408,0.21569143094236823,0.7909960607765898,0.952819956616052,0.6761593226861651,0.05402684211730957,0.15213894844055176
MinMaxScaler,337,1,62.282764272835465,93.57677918094443,64.66445877636396,0.11233949400901713,0.7717014279922519,0.9303752783359583,0.6592649605541658,0.04458451271057129,0.15593481063842773
MinMaxScaler,340,1,60.81586385307764,93.26765174846501,40.4078786822381,0.12231740704043267,0.5217391304347826,0.9556216050015374,0.3588223975370406,0.05017423629760742,0.1500852108001709
MinMaxScaler,343,1,50.81984478224617,91.57069564412194,21.206205333798152,0.05896612938261005,0.2400645551745007,0.9502262443438914,0.13738695401192996,0.04556131362915039,0.15628409385681152
MinMaxScaler,346,1,60.95578645799926,93.00028293542468,60.54035210040091,0.1031056114688782,0.7368102866975144,0.9307954411937492,0.6097363863767559,0.04532361030578613,0.15550017356872559
MinMaxScaler,349,1,61.94796285606369,93.54409570547311,53.508802510022655,0.10945739558267197,0.6702111874969089,0.9375908115962084,0.52149316913604,0.045630455017089844,0.15920734405517578
MinMaxScaler,1,3,63.89041255995267,94.61346445504304,54.64877113473941,0.14201143352831702,0.6788297741019628,0.9468319559228651,0.5290744660380989,0.031397104263305664,0.033750057220458984
MinMaxScaler,4,3,51.718289041398535,91.61718114324084,46.477252919644414,0.0648934036632291,0.6003800203024545,0.9275373974585813,0.44383298056571097,0.02808237075805664,0.03633570671081543
MinMaxScaler,7,3,56.91689792544131,91.93899025167019,70.83493114868398,0.11353164145384448,0.8206183798619152,0.9265482012298455,0.7364248604964403,0.03896641731262207,0.03746604919433594
MinMaxScaler,10,3,56.297932567934495,91.13008038357634,59.843123583754576,0.12096451562382715,0.72942945059075,0.9360380998312032,0.5975370406003464,0.08760428428649902,0.03808879852294922
MinMaxScaler,13,3,54.247511741104205,91.01146043735775,53.89227819417815,0.08948730737808017,0.6756743501716528,0.9311929705981751,0.5301904945160669,0.027071475982666016,0.03910660743713379
MinMaxScaler,16,3,58.62125015144064,91.6225819314241,75.97350531636744,0.14361939826138356,0.8572257209148161,0.9283438775968054,0.7962285934192803,0.05762958526611328,0.03992891311645508
MinMaxScaler,19,3,54.509767030836876,90.82575321495393,73.73540177793272,0.10409991753339927,0.8423783421900498,0.9229358639343511,0.7747546661535502,0.02680373191833496,0.04140758514404297
MinMaxScaler,22,3,55.28718847768299,90.86826243063872,64.85968276102493,0.10191906079039567,0.7738592004307444,0.9278067674431115,0.6637290744660381,0.056159257888793945,0.04220128059387207
MinMaxScaler,25,3,49.330204747753335,89.74125476253853,44.99215617918773,0.05963673562828043,0.5842270295907881,0.926458298512452,0.42663074850875504,0.027055025100708008,0.04295206069946289
MinMaxScaler,28,3,61.07884890855837,92.71548553635603,56.77531811051072,0.14282651382892336,0.6994254684734915,0.9449757631337613,0.5551664421781797,0.027369260787963867,0.043491363525390625
MinMaxScaler,31,3,46.47135598172735,89.32059705344939,56.3325780024403,0.10203720991198434,0.6982849985547741,0.9332947009207392,0.5578218202809313,0.0270841121673584,0.04478263854980469
MinMaxScaler,34,3,42.656703653817374,87.82577572403969,42.40195223984661,0.013893703272409628,0.5594368300357314,0.910827472432057,0.4036944390994805,0.04558086395263672,0.04570651054382324
MinMaxScaler,37,3,49.35156037314975,89.63431764966404,61.91040613561095,0.05237863685693526,0.7517608033807425,0.9176327028676022,0.6366750048104676,0.0277101993560791,0.04696846008300781
MinMaxScaler,40,3,49.66799079240872,88.87153951861148,65.69984312358376,0.052217677867057846,0.7831434176015517,0.9164345403899722,0.6837021358476044,0.0466768741607666,0.04780721664428711
MinMaxScaler,43,3,38.74853156023062,87.29867472757434,42.175352971936555,0.04529829499208106,0.5529953917050692,0.9224959539651142,0.39484317875697517,0.043924570083618164,0.04925203323364258
MinMaxScaler,46,3,54.91166841268823,92.18089871183528,34.68363256057172,0.09658851267909968,0.449265138154027,0.9510889856876167,0.2940927458148932,0.033205270767211914,0.05025029182434082
MinMaxScaler,49,3,73.94482856918879,96.02511415290323,61.71518215094998,0.2493588156424154,0.7379623001670246,0.9710518053375197,0.5951125649413123,0.028230905532836914,0.05264115333557129
MinMaxScaler,52,3,60.51250792836322,92.02916712220673,62.0812271221893,0.12213521283805312,0.7491756024443675,0.9346375143843498,0.6251298826245911,0.11700630187988281,0.051957130432128906
MinMaxScaler,55,3,47.924275401050465,89.24763020953273,73.8539306257626,0.03399874198766082,0.8452587274077742,0.9110883778855134,0.7883009428516452,0.21788239479064941,0.05395174026489258
MinMaxScaler,58,3,56.70957176148632,91.11992213966708,63.064319330660624,0.11691549948828174,0.7579558175130788,0.9325950078704744,0.638406773138349,0.02901911735534668,0.05452704429626465
MinMaxScaler,61,3,68.008989516744,95.14688171158726,55.34251350880252,0.20250823963190717,0.6807556197976374,0.9658439997171345,0.525610929382336,0.037708282470703125,0.05668067932128906
MinMaxScaler,64,3,54.62445712982561,90.38900204256386,62.87955377374934,0.07605175535684656,0.758669144644395,0.9228097259745273,0.6441023667500481,0.028887271881103516,0.060588836669921875
MinMaxScaler,67,3,55.44736920873152,90.30749804662337,63.350183022485616,0.08555367131470681,0.7621224120375608,0.9248215266337177,0.6481046757744853,0.12745213508605957,0.06018400192260742
MinMaxScaler,70,3,57.2083110626501,90.27129155460196,68.98378943698798,0.13088276875830362,0.8056872037914692,0.9314715685284315,0.7098325957283048,0.030652999877929688,0.05913662910461426
MinMaxScaler,73,3,58.48290110391322,91.10383698477432,61.72564057869967,0.11688104785020499,0.7463907047654247,0.9335490581301282,0.6217433134500674,0.039610862731933594,0.06180167198181152
MinMaxScaler,76,3,58.23839394522481,90.52583915430242,71.99233048631689,0.13838930633748425,0.8284286507495836,0.9306655150904467,0.7464306330575332,0.03871011734008789,0.06116342544555664
MinMaxScaler,79,3,43.571895466757894,88.0574648634534,10.308523618616002,0.02393083378043354,0.02003504227927173,0.9776951672862454,0.010121223782951702,0.030837059020996094,0.06400108337402344
MinMaxScaler,82,3,59.692486405974954,91.20494303089703,67.70786125152519,0.1487533565595999,0.7947894282106382,0.936514566148063,0.6903213392341736,0.030766963958740234,0.06404232978820801
MinMaxScaler,85,3,56.17615718470057,90.61076700470092,55.69112776712567,0.10475022048965776,0.6919534658264663,0.9345335515548282,0.5493553973446219,0.03129076957702637,0.06794357299804688
MinMaxScaler,88,3,45.83407093836187,88.43959034029915,86.32386264598222,0.01620746466587303,0.9261024356245409,0.9070179322559221,0.9460073119107177,0.11072134971618652,0.0652155876159668
MinMaxScaler,91,3,46.52291421689151,88.99485935043516,10.245773052117832,0.021469135437851516,0.018751429224788476,0.9723320158102767,0.009467000192418704,0.04497790336608887,0.06855249404907227
MinMaxScaler,94,3,52.811392612547124,90.2044606776913,53.80163848701412,0.05618198403763847,0.6775041370583081,0.9214271529754419,0.5356936694246681,0.0305020809173584,0.0688636302947998
MinMaxScaler,97,3,38.32756504821157,87.01880865904906,10.074952065539481,0.023685825302134294,0.014668245540318576,0.9896907216494846,0.007388878198960939,0.046029090881347656,0.07368683815002441
MinMaxScaler,100,3,48.65723672489114,89.32308478598794,52.09342862123061,0.016804237692713022,0.6639604832004695,0.9105909182373063,0.5224552626515298,0.031202077865600586,0.06975626945495605
MinMaxScaler,103,3,45.13219877564692,88.44949493922655,10.074952065539481,0.023685825302134294,0.014668245540318576,0.9896907216494846,0.007388878198960939,0.04354047775268555,0.0735020637512207
MinMaxScaler,106,3,55.083181892687385,90.01932136998084,70.2318284817849,0.08708016070596927,0.8170384178611986,0.9216861645557382,0.7337309986530691,0.04026150703430176,0.07295703887939453
MinMaxScaler,109,3,51.09318053862984,89.40737644189113,49.24176398814711,0.07867850980938267,0.6290445859872611,0.9306445533358462,0.4750817779488166,0.0315861701965332,0.07514429092407227
MinMaxScaler,112,3,51.816721897961074,91.76476026957904,38.93672651211435,0.0827130049432961,0.50814332247557,0.9398566531629792,0.34820088512603425,0.09927988052368164,0.1055457592010498
MinMaxScaler,115,3,55.110369942773254,90.53489742161777,53.372842949276624,0.09095383014664069,0.6704122618959611,0.9319676623732529,0.5234943236482587,0.03188323974609375,0.0777750015258789
MinMaxScaler,118,3,53.45493910304378,91.34271179244551,49.154610423566325,0.078711207931563,0.6281139243733904,0.9307087804140849,0.4740042332114682,0.0792703628540039,0.07707643508911133
MinMaxScaler,121,3,59.85140144955423,90.91151433085174,80.09761199233049,0.18613316598597945,0.8846317065777508,0.9314042553191489,0.842332114681547,0.032030582427978516,0.0796518325805664
MinMaxScaler,124,3,58.998702955408746,92.90338531120001,63.10615304165941,0.1031097961736585,0.7590885292176012,0.9291685242978154,0.6416394073503945,0.10902953147888184,0.07771134376525879
MinMaxScaler,127,3,44.1510657858166,88.3296366779925,31.852884782987623,0.027889883215952205,0.4192513368983957,0.9193485342019544,0.27154127381181453,0.06213808059692383,0.08169770240783691
MinMaxScaler,130,3,55.508079447544524,90.17603524824469,68.01464179884957,0.10251297751205798,0.7992912300658456,0.9260442011354421,0.7030594573792572,0.07277965545654297,0.08059430122375488
MinMaxScaler,133,3,45.63119320975777,89.08645878890673,39.02736621927837,0.03836693841389875,0.5151363938789089,0.9210865470407456,0.3575524340965942,0.05518054962158203,0.08423757553100586
MinMaxScaler,136,3,46.75915449796535,88.9962304287143,45.26756144326303,0.030646366372923693,0.590527359031871,0.9161608804726066,0.43567442755435826,0.033204078674316406,0.08062481880187988
MinMaxScaler,139,3,53.486843549341145,89.25617957882449,73.18459124978212,0.10605614866578411,0.8383218429460232,0.9236255847343801,0.7674427554358284,0.0335543155670166,0.08497834205627441
MinMaxScaler,142,3,54.90434937535188,90.9188038298009,47.19888443437337,0.11128818486899986,0.6035286110674833,0.943603175902431,0.443640561862613,0.03352546691894531,0.08504629135131836
MinMaxScaler,145,3,57.48985383305183,91.312550712749,73.26128638661321,0.09248788241101064,0.8393044206997695,0.9211312945504714,0.7708293246103521,0.07782840728759766,0.0883939266204834
MinMaxScaler,148,3,46.5270105972819,90.62290489141928,32.53965487188426,0.063309632515064,0.42375152616062656,0.9366771985255398,0.2738118145083702,0.0484316349029541,0.09898543357849121
MinMaxScaler,151,3,53.5756825518996,92.00502880830699,56.20707686944396,0.15045340921346453,0.6933854039541127,0.9478812145478812,0.5466230517606311,0.10603022575378418,0.09348297119140625
MinMaxScaler,154,3,50.12454621255853,90.10565693968742,51.77270350357329,0.1154073426435035,0.6520973745096067,0.9409245953987952,0.4989416971329613,0.03440499305725098,0.09166932106018066
MinMaxScaler,157,3,57.729983822575704,91.6675057497768,53.85044448317936,0.10295688500991956,0.6741495593954611,0.9353186257769278,0.5269963440446411,0.06372380256652832,0.10759496688842773
MinMaxScaler,160,3,46.64221666345969,89.00565126688277,10.07146592295625,0.023609230242847074,0.014592405836962336,0.9896373056994818,0.007350394458341351,0.03442025184631348,0.09257292747497559
MinMaxScaler,163,3,54.666249046814755,90.9053154817657,78.43472198012898,0.07967991240446227,0.8756732856338934,0.916452820663834,0.8383682893977294,0.034897565841674805,0.0977168083190918
MinMaxScaler,166,3,59.4794874535879,92.26141700876947,56.76485968276103,0.09795292213096529,0.7026754890678941,0.931836968271126,0.5639792187800654,0.04011344909667969,0.09545016288757324
MinMaxScaler,169,3,54.717842915072076,90.38753762336198,63.730172564057874,0.07340108955890294,0.7659603185315157,0.9218149331311928,0.6551856840484895,0.03546142578125,0.09966921806335449
MinMaxScaler,172,3,46.304107070318345,89.3111205426939,13.84695834059613,0.035186660423536784,0.09790107683883921,0.951063829787234,0.051606696170867807,0.03891897201538086,0.09603333473205566
MinMaxScaler,175,3,56.10786564898552,90.91121591957032,55.42618093080007,0.08888873694714583,0.6906363416404548,0.9300749429781688,0.5492399461227632,0.035869598388671875,0.10041117668151855
MinMaxScaler,178,3,44.48485094677128,90.59339797453228,15.88983789436988,0.051326688435584335,0.13841374138485163,0.9603567888999008,0.07458148932076197,0.03593158721923828,0.10223817825317383
MinMaxScaler,181,3,34.37719339504986,86.2069778355189,10.270176050200455,0.023121638236936384,0.01920512136569752,0.9767441860465116,0.009697902636136232,0.06452417373657227,0.10393619537353516
MinMaxScaler,184,3,47.0524105787527,88.64087489724812,10.332926616698623,0.024434140866630153,0.020562811774113704,0.9782608695652174,0.01039060996728882,0.03606128692626953,0.0998075008392334
MinMaxScaler,187,3,46.77752264483071,89.28345067520313,10.507233745860207,0.026807518631655983,0.024398586250142514,0.9786585365853658,0.01235328073888782,0.036180973052978516,0.10793447494506836
MinMaxScaler,190,3,39.1930159137394,86.64185819139935,10.482830747777584,0.02735277127059749,0.023798661800486617,0.9811912225705329,0.012045410813931115,0.05718851089477539,0.10556268692016602
MinMaxScaler,193,3,42.08179932867252,88.1457851377413,10.447969321945267,0.02567748992651115,0.023121387283236993,0.977491961414791,0.01169905714835482,0.03723931312561035,0.1085810661315918
MinMaxScaler,196,3,60.55229298954525,92.6788958047245,64.13456510371273,0.11197356682572861,0.7672924677674734,0.9306447187928669,0.6527227246488359,0.10979962348937988,0.10369563102722168
MinMaxScaler,199,3,50.05154540725063,89.98582812129034,44.54592992853408,0.09108788176075437,0.5755756557005256,0.9384026448581869,0.4150856263228786,0.056908369064331055,0.1115415096282959
MinMaxScaler,202,3,53.70393745679488,90.36435396983768,74.43960257974551,0.09850639763093189,0.8475992517148202,0.9215367231638418,0.7846449874927843,0.03737521171569824,0.10734891891479492
MinMaxScaler,205,3,61.82460536349317,93.19299998153105,56.817151821509505,0.15024260474887668,0.699264366699847,0.9471849513285977,0.55420434866269,0.06182432174682617,0.11284041404724121
MinMaxScaler,208,3,51.9643982639557,90.28261860025324,40.3521004009064,0.07596756469949908,0.5269298827692989,0.9357753117941667,0.36671156436405616,0.044568538665771484,0.10861063003540039
MinMaxScaler,211,3,55.10513330340153,91.29691789659395,50.8140142931846,0.11947477346304688,0.6417671702424781,0.943134328358209,0.486357513950356,0.038236141204833984,0.11342668533325195
MinMaxScaler,214,3,45.77744282670201,90.78452867792504,15.917727035035734,0.055620893721153794,0.13833017755707191,0.9651046859421735,0.0745045218395228,0.03832221031188965,0.11389422416687012
MinMaxScaler,217,3,50.125127744638995,90.51180855640138,45.96478995990936,0.10346475146540951,0.5904887714663144,0.9418457648546145,0.4300558014238984,0.038208961486816406,0.11569857597351074
MinMaxScaler,220,3,42.743431751936654,89.11307970207747,34.781244552902216,0.028636645480737483,0.4605225214833612,0.9185551593235937,0.30729266884741196,0.03846907615661621,0.11034274101257324
MinMaxScaler,223,3,57.82113470021879,91.48401751544516,56.803207251176566,0.0811749073605104,0.7042650182581923,0.9271082066105316,0.5677891091014047,0.03818011283874512,0.12124252319335938
MinMaxScaler,226,3,53.664786664671205,90.61183570681183,65.41397943175876,0.0466668677323177,0.7811045164706661,0.9153480194435826,0.6812006927073312,0.17015647888183594,0.11982059478759766
MinMaxScaler,229,3,44.20123433034728,89.70625676203912,12.550113299633955,0.04474012222475506,0.06847636377139886,0.9766949152542372,0.03548200885126034,0.03857541084289551,0.12107276916503906
MinMaxScaler,232,3,57.41980202253436,93.39721873777455,43.80338155830574,0.14093664580938173,0.5611216988837463,0.959050721265705,0.39657494708485663,0.06487584114074707,0.11413192749023438
MinMaxScaler,235,3,40.68722411077616,87.74102209769914,10.339898901865087,0.024576358284074142,0.02071355138407646,0.9784172661870504,0.010467577448527996,0.039581298828125,0.12357735633850098
MinMaxScaler,238,3,36.444817879260825,86.34454626360628,10.657137876939167,0.024884626381086586,0.027990593946749603,0.968503937007874,0.014200500288628055,0.04026079177856445,0.12076902389526367
MinMaxScaler,241,3,43.60607900569417,88.21983500478578,10.252745337284296,0.022746008267357266,0.01882765454684046,0.9762845849802372,0.009505483933038291,0.03978562355041504,0.12507891654968262
MinMaxScaler,244,3,54.11494665725953,92.88124732463801,48.080878507930976,0.13616378112175812,0.6107321153192713,0.9518494378360762,0.44960554165864924,0.0640263557434082,0.12040829658508301
MinMaxScaler,247,3,59.11858123276249,92.92514028679864,47.0489803032944,0.12248827523474544,0.600678286931146,0.94789246598075,0.43963825283817587,0.05049896240234375,0.1336057186126709
MinMaxScaler,250,3,44.58760395954931,88.61416039940652,31.988844343733657,0.009749907445508302,0.4240545567265964,0.9104969574036511,0.27639022512988265,0.039885759353637695,0.12780070304870605
MinMaxScaler,253,3,61.16872412146609,93.28509060017618,52.989367265121146,0.1037795649944279,0.665492521022995,0.9362088218872139,0.5162208966711564,0.06624078750610352,0.12564802169799805
MinMaxScaler,256,3,40.59518810709883,87.70430396570335,10.301551333449538,0.023785405555183037,0.01988419929910102,0.9775280898876404,0.010044256301712526,0.059328556060791016,0.17756986618041992
MinMaxScaler,259,3,57.413658877272496,93.14409488270613,41.92783684852711,0.07499139353809997,0.5464248761095681,0.9341774508891165,0.38614585337694823,0.03989386558532715,0.12839436531066895
MinMaxScaler,262,3,48.12539713082334,92.21071057455525,35.93515774795189,0.1239420812223779,0.46267652992602554,0.9629990262901655,0.30448335578218205,0.05414152145385742,0.12616348266601562
MinMaxScaler,265,3,37.31032148176654,86.39492492649474,10.245773052117832,0.022594326100072677,0.018676627534685165,0.9760956175298805,0.009428516451799115,0.04292440414428711,0.1321265697479248
MinMaxScaler,268,3,59.45163947861658,92.7192842900577,41.02143977688687,0.10323291691036199,0.5318242196147885,0.9466062456900798,0.36979026361362327,0.04089045524597168,0.12446856498718262
MinMaxScaler,271,3,51.76464199431295,91.17390478225543,67.23723200278891,0.025125060387633638,0.7965008011779481,0.9106302916274694,0.7077929574754667,0.04122471809387207,0.13269710540771484
MinMaxScaler,274,3,63.93719596063255,93.85676773637084,54.95903782464703,0.1351271172459984,0.6824460502384112,0.944357526698864,0.5342697710217433,0.08939766883850098,0.1296536922454834
MinMaxScaler,277,3,53.64929482108624,93.28800699224631,37.06118180233571,0.15317982783639153,0.47395104895104895,0.9757648470305939,0.31298826245911104,0.04182076454162598,0.13263392448425293
MinMaxScaler,280,3,59.26852671412994,92.95391084061745,62.07774097960607,0.09693080646643618,0.7506304158452157,0.9282757838634689,0.6300558014238984,0.04172968864440918,0.12821340560913086
MinMaxScaler,283,3,55.19590361960961,91.70493240780418,37.245947359247,0.0634454711908945,0.48873867477065525,0.9327840416305291,0.3311141042909371,0.04336071014404297,0.13382697105407715
MinMaxScaler,286,3,57.2192689514606,92.29639290740236,45.689384695834065,0.11195910872082525,0.5864238498500093,0.9453098254022595,0.4250529151433519,0.041939496994018555,0.13483977317810059
MinMaxScaler,289,3,57.76897782908943,92.73702263401886,50.608331880773925,0.0840580382179874,0.6429075511644319,0.9315608794098312,0.4908216278622282,0.04339313507080078,0.13531947135925293
MinMaxScaler,292,3,55.290707601964094,92.40379971902686,47.34181628028586,0.055075626527545524,0.6109265126342632,0.9237420158903256,0.45637868000769677,0.06688833236694336,0.14692282676696777
MinMaxScaler,295,3,57.43500310007911,91.68921023852974,55.255359944221716,0.12121044551932217,0.6864541346036399,0.939799331103679,0.5406965557052146,0.04258298873901367,0.14242911338806152
MinMaxScaler,298,3,49.354348306359086,89.99830220423337,37.86996688164546,0.05339046088566549,0.49828275434941727,0.9279647687952186,0.34058110448335577,0.05245184898376465,0.14217281341552734
MinMaxScaler,301,3,38.54950790698337,87.29402590568363,10.256231479867527,0.02282153976078103,0.018903159419185182,0.9763779527559056,0.00954396767365788,0.042565107345581055,0.1460130214691162
MinMaxScaler,304,3,71.68114938105316,96.20914548929716,57.2354889314973,0.21649155948626822,0.698236205751396,0.9676803491067776,0.5461612468731961,0.04491925239562988,0.13869762420654297
MinMaxScaler,307,3,62.250891183660094,93.37412849728265,49.83440822729649,0.11272652355557566,0.6320634108923548,0.9417142857142857,0.47565903405811044,0.04269886016845703,0.14557266235351562
MinMaxScaler,310,3,60.46855379528074,93.56236332694378,42.098657835105456,0.11492060720632143,0.5436461052342355,0.9503362151777137,0.3807196459495863,0.04351520538330078,0.14667844772338867
MinMaxScaler,313,3,42.32420698551158,88.89290699669385,11.026668990761722,0.03127225545638407,0.03588697491689332,0.9753593429158111,0.018279776794304408,0.043204545974731445,0.1487588882446289
MinMaxScaler,316,3,76.26658684853797,97.0144990508498,57.4341990587415,0.27706386430533164,0.6954808459696727,0.9880943944440508,0.5365787954589186,0.043212175369262695,0.1451709270477295
MinMaxScaler,319,3,48.81856484153963,91.10008905085536,25.933414676660277,0.024512869033550856,0.3281259882360382,0.9203477026787298,0.1996536463344237,0.04535627365112305,0.15146112442016602
MinMaxScaler,322,3,61.26545941747019,93.37009446713837,41.380512462959736,0.12098135924675815,0.5340685527446036,0.9537806809184481,0.3708678083509717,0.05787539482116699,0.1470034122467041
MinMaxScaler,325,3,61.52974721883708,93.29592162773721,49.5485445354715,0.10681775381033491,0.629587919119529,0.9399312189529996,0.47331152588031555,0.053003787994384766,0.1500864028930664
MinMaxScaler,328,3,57.66547082006001,92.28698219192071,39.581662890012204,0.07963529276936764,0.5167712254286909,0.9379554655870446,0.35662882432172405,0.21329855918884277,0.14414119720458984
MinMaxScaler,331,3,48.243741759847204,90.42413457241183,12.037650339898901,0.0378765258735233,0.05794504181600956,0.9712140175219024,0.029863382720800462,0.16262030601501465,0.15486836433410645
MinMaxScaler,334,3,62.165304769845854,93.5048827208604,46.815408750217884,0.12085761149032766,0.598230274939429,0.9475264870276132,0.43709832595728304,0.06712055206298828,0.1522383689880371
MinMaxScaler,337,3,62.22804894561678,93.28459096528063,64.09273139271396,0.11952597314559336,0.7665352010517249,0.9324987591683671,0.6507215701366172,0.06491804122924805,0.15497851371765137
MinMaxScaler,340,3,59.29452034293289,92.43250224097781,54.00034861425832,0.09289987980574368,0.6764583282249957,0.9321529936477903,0.5308447181065999,0.11954379081726074,0.15533161163330078
MinMaxScaler,343,3,57.273089175378956,92.19613583297142,68.72581488582883,0.0698664646767054,0.8061958564669792,0.9189814814814815,0.7180681162208967,0.0613560676574707,0.15994048118591309
MinMaxScaler,346,3,62.316688402853494,93.25961576642942,54.495380861077216,0.11972736938526007,0.6791376809812935,0.9399836690255852,0.5316143929189917,0.0516047477722168,0.1558680534362793
MinMaxScaler,349,3,61.698719346631606,93.26573968836183,51.49381209691476,0.12610758345935402,0.6482455253311761,0.9447350968977968,0.49340003848374064,0.056122779846191406,0.16229486465454102
MinMaxScaler,1,5,61.885066170654014,94.48571263355471,38.23601185288478,0.13769615462546522,0.4917233267349456,0.9659603246167718,0.3298056571098711,0.046312570571899414,0.033914804458618164
MinMaxScaler,4,5,51.21962813303972,91.42766768483936,46.32037650339899,0.05681829679719817,0.5994901940383915,0.9248053928256159,0.4434866269001347,0.10778141021728516,0.03598141670227051
MinMaxScaler,7,5,57.22840955251961,92.34454574770754,56.83458253442566,0.0966772280929345,0.7034251497005988,0.931430383761497,0.5650952472580335,0.0808417797088623,0.03771495819091797
MinMaxScaler,10,5,57.795399055010364,92.44685202460296,55.680669339375974,0.10216842521102505,0.6920524186711237,0.9337821937508171,0.5497402347508178,0.03499484062194824,0.038303375244140625
MinMaxScaler,13,5,48.85258874421853,90.5767540593451,53.414676660275404,0.02361800481115284,0.6763701533021724,0.9123219652423886,0.5373869540119299,0.028383493423461914,0.03947710990905762
MinMaxScaler,16,5,48.06581004710695,89.35390997055524,54.76032769740282,0.03316058904036093,0.6885694401113538,0.91469013006886,0.5520877429286126,0.026888608932495117,0.04004216194152832
MinMaxScaler,19,5,51.60695985575724,90.06469336329663,67.66602754052641,0.07326502037050035,0.7978113487236501,0.9201025744167337,0.7042139695978449,0.02756786346435547,0.041669607162475586
MinMaxScaler,22,5,49.70407001190146,89.7675998465112,67.44291441519958,0.022619227952914676,0.7982022083450377,0.9101212180940179,0.7107946892437945,0.13823914527893066,0.07053542137145996
MinMaxScaler,25,5,43.3278871713738,89.0907196260686,21.004009063970717,0.026137319675572288,0.24203906877174203,0.9250830989516747,0.1392341735616702,0.035085201263427734,0.04300856590270996
MinMaxScaler,28,5,52.37425295220177,89.26863953009104,70.92557085584801,0.09278870900895966,0.8220610198421165,0.9224323677280345,0.7413892630363671,0.027683734893798828,0.044023990631103516
MinMaxScaler,31,5,50.880679024223376,88.201106950665,64.94335018302249,0.08122196869683462,0.7755958225475319,0.9230360652254741,0.6687704444872041,0.027756929397583008,0.04537320137023926
MinMaxScaler,34,5,55.02159080381131,91.68352815808606,54.924176398814716,0.12136286619537887,0.6832124656997256,0.9401254129863125,0.5365787954589186,0.03806352615356445,0.045881032943725586
MinMaxScaler,37,5,36.03280667621634,87.10162891831213,10.061007495206555,0.023378031408037517,0.014364851957975168,0.9894736842105263,0.007234943236482586,0.04268765449523926,0.04694986343383789
MinMaxScaler,40,5,49.20181586242776,89.07813655905971,54.62088199407356,0.03341449734175747,0.687219165244972,0.9147901740020471,0.5503174908601116,0.13946914672851562,0.0482330322265625
MinMaxScaler,43,5,47.77514520485465,88.58783060146563,64.02649468363256,0.018815925599171987,0.7712024123633622,0.9097614563716259,0.6692707331152588,0.041732072830200195,0.049529075622558594
MinMaxScaler,46,5,66.03121031364249,94.34865303795935,51.431061530416585,0.20411049009529816,0.6403717088280847,0.9724813798510388,0.4773523186453723,0.049703359603881836,0.04977869987487793
MinMaxScaler,49,5,46.25977095047713,89.26807736376281,19.079658358026844,0.019018384998639712,0.20713212187457303,0.921300516560316,0.11668270155859149,0.028708219528198242,0.05130934715270996
MinMaxScaler,52,5,50.3281437296446,89.35437699623374,62.40892452501308,0.04749436224463827,0.7562668113288579,0.9163562664329535,0.6437944968250914,0.034749746322631836,0.0521697998046875
MinMaxScaler,55,5,55.43049195048426,90.48290542358073,62.41589681017954,0.09659090162138252,0.7535602441310262,0.9279923432045941,0.6343274966326727,0.051020145416259766,0.05409836769104004
MinMaxScaler,58,5,55.856193387923234,90.11143794129673,57.60153390273663,0.08826159667945371,0.7111849916884351,0.9286201550387597,0.5762555320377141,0.1328432559967041,0.05573916435241699
MinMaxScaler,61,5,51.44139282634569,89.15651376744744,63.5349485793969,0.05422199200563489,0.7653445800430725,0.9175407455220268,0.6564556474889359,0.04707455635070801,0.06716561317443848
MinMaxScaler,64,5,52.68316336347893,89.69165024255736,55.71901690779153,0.060611456310038614,0.695585486267555,0.921923638904771,0.5584760438714643,0.0308990478515625,0.06095099449157715
MinMaxScaler,67,5,55.23575852165423,89.49291466169484,71.9156353494858,0.12528200519945584,0.8283181314465945,0.9281245522708821,0.7478930152010775,0.1285254955291748,0.059122562408447266
MinMaxScaler,70,5,53.403710117660474,89.44785023788869,68.41206205333799,0.09361756173378409,0.8027859397105235,0.9239478957915832,0.7097171445064461,0.14653682708740234,0.059772491455078125
MinMaxScaler,73,5,45.91189931513195,88.54481952190574,42.79588635175179,0.007566552649326103,0.5648057286831986,0.9085324232081912,0.4097748701173754,0.031343698501586914,0.06220531463623047
MinMaxScaler,76,5,55.376875547858795,89.47643839927923,64.81436290744291,0.11601765980602523,0.7727569514803557,0.9311448724905046,0.6604194727727535,0.04764294624328613,0.06149101257324219
MinMaxScaler,79,5,52.32777314547567,89.11445922038943,61.533902736621926,0.06163994648269765,0.7480016443612113,0.9199483175102522,0.6302097363863768,0.058922529220581055,0.06471729278564453
MinMaxScaler,82,5,43.97012236404193,87.60180354171663,87.31392713962,0.011177387086221567,0.931939327061552,0.9065570191398006,0.958783913796421,0.031702280044555664,0.06449222564697266
MinMaxScaler,85,5,51.633592029589714,89.08568023188147,69.4718493986404,0.05679068101952366,0.8124156545209177,0.9161754758913905,0.7297671733692515,0.0323033332824707,0.06832718849182129
MinMaxScaler,88,5,52.70772169128913,89.4074184447472,56.911277671256755,0.1207653490297211,0.7023694856482373,0.9383001994466963,0.5612468731960747,0.031888723373413086,0.06536245346069336
MinMaxScaler,91,5,55.764674776758675,90.14710711666903,69.75422694788217,0.11729978089661174,0.8122240498658125,0.9280379840743854,0.7221089089859535,0.03135323524475098,0.06874871253967285
MinMaxScaler,94,5,52.72021750440069,89.11483353694611,70.04009063970716,0.07755225913638918,0.8159427739227276,0.9199304582991259,0.7330767750625361,0.03192448616027832,0.0689704418182373
MinMaxScaler,97,5,55.97943115330069,89.73804051170255,64.73766777061182,0.11051374602665705,0.7724051031658529,0.9298948965218333,0.6605349239946122,0.04411721229553223,0.07153940200805664
MinMaxScaler,100,5,52.76962777670878,89.70952098126472,64.57730521178317,0.0637039922165978,0.7734700702262847,0.9192898781134076,0.6675774485279969,0.031795501708984375,0.0701131820678711
MinMaxScaler,103,5,35.149257050007485,87.08749749128091,36.06414502353147,0.006091953333188371,0.4811000452693526,0.9084303878619511,0.32718876274773906,0.07010173797607422,0.07449030876159668
MinMaxScaler,106,5,43.07994925847534,88.61060187328643,11.591424089245251,0.03869984408656901,0.047905090854482656,0.9800307219662059,0.02455262651529729,0.08222556114196777,0.07289314270019531
MinMaxScaler,109,5,54.90427098254691,90.33186416789121,62.3566323862646,0.0786637082825651,0.7540767058394826,0.9236734921609105,0.637098325957283,0.07059335708618164,0.0755457878112793
MinMaxScaler,112,5,52.032960611178815,89.09450518789978,67.14310615304166,0.08703087517008373,0.7930799798019715,0.9232263340830096,0.6950933230710025,0.12603139877319336,0.07440304756164551
MinMaxScaler,115,5,38.92050969576466,88.0369974060761,10.015687641624542,0.02235031931887916,0.013378182096170017,0.9887005649717514,0.00673465460842794,0.040901899337768555,0.0787968635559082
MinMaxScaler,118,5,42.38669175236426,87.84178539354853,10.047062924873627,0.023066385374508596,0.014061365633716709,0.989247311827957,0.007081008274004233,0.0328214168548584,0.07710695266723633
MinMaxScaler,121,5,43.95159885689037,89.7474765472182,35.53076520829702,0.04939148961151421,0.4677507555043891,0.9276255707762557,0.3127188762747739,0.0528254508972168,0.08008575439453125
MinMaxScaler,124,5,45.06252467591702,88.16941790615797,10.231828481784905,0.02228843983674296,0.018374504422079902,0.9757085020242915,0.009274581489320761,0.03292584419250488,0.07874321937561035
MinMaxScaler,127,5,44.07694040008837,88.5842792487206,10.047062924873627,0.023066385374508596,0.014061365633716709,0.989247311827957,0.007081008274004233,0.07775259017944336,0.0817561149597168
MinMaxScaler,130,5,57.86304634440097,90.64072409396728,73.55412236360466,0.14479905316115596,0.8397820393680832,0.9306277208257268,0.7650952472580335,0.033194780349731445,0.08117008209228516
MinMaxScaler,133,5,44.02831263050621,88.79909555926446,37.95712044622625,0.02725332235164185,0.5029465158497417,0.9169042769857434,0.3465076005387724,0.10720586776733398,0.08473968505859375
MinMaxScaler,136,5,56.637684134008936,90.46605017241832,57.44117134390797,0.11909852896441035,0.7074807111707481,0.9373928503397041,0.5681354627669809,0.03390216827392578,0.0812692642211914
MinMaxScaler,139,5,45.40858472480562,89.52588395592099,10.807042008018128,0.02417531887614442,0.03149487072718325,0.9629629629629629,0.0160092360977487,0.049397945404052734,0.08621096611022949
MinMaxScaler,142,5,35.625218252695646,86.32107613427571,9.586892103887049,0.008490655965198076,0.00399400898652022,0.9629629629629629,0.0020011545122185876,0.05870199203491211,0.08463001251220703
MinMaxScaler,145,5,51.04462973652891,89.08086781142862,75.21352623322294,0.06389918971924143,0.8540101022545276,0.9154377778755998,0.8003078699249567,0.04008364677429199,0.08788132667541504
MinMaxScaler,148,5,44.13361982340239,88.50385674981976,10.238800766951368,0.022441807661383928,0.018525577494854006,0.9759036144578314,0.00935154897055994,0.03457236289978027,0.08791756629943848
MinMaxScaler,151,5,43.87524996614856,88.26671155853039,10.00871535645808,0.022188259874654514,0.013226299694189602,0.9885714285714285,0.006657687127188763,0.054346323013305664,0.09320926666259766
MinMaxScaler,154,5,44.01869312067503,88.25694557541883,10.00871535645808,0.022188259874654514,0.013226299694189602,0.9885714285714285,0.006657687127188763,0.05156731605529785,0.09157419204711914
MinMaxScaler,157,5,43.87671519893956,88.19046935797255,10.00871535645808,0.022188259874654514,0.013226299694189602,0.9885714285714285,0.006657687127188763,0.035393714904785156,0.09399747848510742
MinMaxScaler,160,5,44.44512289853833,88.5024064190656,10.00871535645808,0.022188259874654514,0.013226299694189602,0.9885714285714285,0.006657687127188763,0.1165318489074707,0.09206461906433105
MinMaxScaler,163,5,55.224370185078286,90.4513793626526,77.14484922433329,0.11692608654978047,0.8660838303782988,0.9229027904749467,0.8158553011352704,0.03574228286743164,0.09729838371276855
MinMaxScaler,166,5,51.48836294443375,90.76030119891763,37.713090465400036,0.049459215039641145,0.496775102098296,0.9263655462184874,0.3393881085241485,0.08623862266540527,0.0953974723815918
MinMaxScaler,169,5,51.719446404264566,91.52534048591043,39.11800592644239,0.07091190822025861,0.5120152006259081,0.9346118535142304,0.3525880315566673,0.08492517471313477,0.11704826354980469
MinMaxScaler,172,5,41.45868200314997,87.88876039707934,10.130730346871188,0.02117260585418538,0.016106255486431815,0.9768518518518519,0.008120069270733115,0.05562448501586914,0.09621882438659668
MinMaxScaler,175,5,43.81470934085904,88.29667236334882,10.186508628202894,0.021269883790676427,0.017391967657042602,0.9743589743589743,0.008774292861266115,0.060181379318237305,0.10190868377685547
MinMaxScaler,178,5,47.83670208596128,88.6475499995173,49.82046365696357,0.05083011253899604,0.6377956718671364,0.9213376953834969,0.48770444487204156,0.03630208969116211,0.10027527809143066
MinMaxScaler,181,5,49.49854118116577,89.9757927127845,27.990238800766953,0.02661197832552505,0.3609306354804777,0.9204670979958971,0.2244756590340581,0.036035776138305664,0.10405659675598145
MinMaxScaler,184,5,41.815638651928815,88.05990376534496,10.17953634303643,0.021109692643068324,0.017240721669145975,0.9741379310344828,0.00869732538002694,0.03596687316894531,0.09812474250793457
MinMaxScaler,187,5,41.502386704580275,90.02081221174257,21.4537214572076,0.0833189383213594,0.2404854205292432,0.9692934782608695,0.1372715027900712,0.052814483642578125,0.10935091972351074
MinMaxScaler,190,5,41.73267055780044,88.00668597710617,10.228342339201674,0.022211433217325233,0.018298959246692843,0.975609756097561,0.009236097748701174,0.03662753105163574,0.11538386344909668
MinMaxScaler,193,5,37.58185135298855,87.54105008349707,10.095868921038871,0.020345771628080527,0.015348783933412241,0.9757281553398058,0.007735231864537233,0.036905527114868164,0.10784745216369629
MinMaxScaler,196,5,44.49005907966847,88.44172068895855,10.189994770786125,0.02251998752821564,0.017392631016858645,0.9785407725321889,0.008774292861266115,0.1045534610748291,0.1034858226776123
MinMaxScaler,199,5,50.25064745330283,88.73481361835363,57.39933763290919,0.04472328312790818,0.7123758414536553,0.917095933579783,0.5823744467962286,0.05635976791381836,0.10898828506469727
MinMaxScaler,202,5,54.740294614414296,91.955649076241,47.91005752135262,0.07944795363995863,0.6146386754010419,0.9317382125263899,0.45857225322301326,0.03737187385559082,0.10635924339294434
MinMaxScaler,205,5,49.949385329142885,91.4134475759446,22.133519260937774,0.08070045718217948,0.25317640765012706,0.9650777466224828,0.145699441985761,0.09597325325012207,0.11243247985839844
MinMaxScaler,208,5,48.38833515062108,90.74649647837776,21.220149904131077,0.0527938087050568,0.24137236471062173,0.9453063371022876,0.13834904752741967,0.037706613540649414,0.1078190803527832
MinMaxScaler,211,5,48.13711471718014,90.75360529399741,22.133519260937774,0.06181130929449465,0.25635903582367825,0.9503826215749198,0.14816240138541467,0.12813544273376465,0.11436986923217773
MinMaxScaler,214,5,48.482732915713484,90.83574701898623,21.997559700191736,0.06021440428149072,0.2541915269491017,0.9494521912350598,0.1467385029824899,0.037987470626831055,0.11219239234924316
MinMaxScaler,217,5,47.97875697517799,90.72702709206996,22.879553773749347,0.05734371166903752,0.2703825857519789,0.9455594002306805,0.15774485279969214,0.03821849822998047,0.1179511547088623
MinMaxScaler,220,5,48.94155032461748,90.90047250921842,22.834233920167335,0.05700619166885295,0.2696406770713037,0.945395650161962,0.15724456417163749,0.04333949089050293,0.11133265495300293
MinMaxScaler,223,5,49.19065985361925,90.97451302399166,22.632037650339896,0.05549225600166991,0.26632285364805447,0.9446529080675422,0.15501250721570137,0.03838610649108887,0.11863160133361816
MinMaxScaler,226,5,45.83712540710809,90.3913457238701,19.163325780024405,0.054765942537639944,0.20261348005502064,0.9518578352180938,0.11337309986530691,0.038603782653808594,0.1215505599975586
MinMaxScaler,229,5,55.41120304449147,92.45744048383486,62.401952239846615,0.06771888335329522,0.7550811854206881,0.9210526315789473,0.6397921878006543,0.0388791561126709,0.12412238121032715
MinMaxScaler,232,5,52.74431117667599,92.23329363324447,24.730695485445356,0.10510024565500525,0.2944348223914251,0.9759532062391681,0.17336925149124494,0.039214372634887695,0.11493873596191406
MinMaxScaler,235,5,52.199978620144094,92.18364239194787,20.648422520481088,0.07895878034791545,0.2264663902671107,0.968323161871549,0.12822782374446795,0.039385318756103516,0.12223982810974121
MinMaxScaler,238,5,47.68306644146551,90.99461966919107,20.9691476381384,0.0715344164761091,0.23360378634212306,0.96105702364395,0.13296132384067733,0.0520472526550293,0.11912894248962402
MinMaxScaler,241,5,46.74424561178457,90.76834687674015,20.306780547324387,0.06536024053531267,0.22239608136607933,0.9578083797245824,0.1258033480854339,0.13671064376831055,0.12437272071838379
MinMaxScaler,244,5,66.076123689593,94.58692721196687,58.16628900122015,0.16370341391310164,0.7110522513845413,0.9498230942425218,0.5682124302482201,0.05058431625366211,0.12031388282775879
MinMaxScaler,247,5,49.41218224189169,91.85042905308954,25.20132473418163,0.11581835559736232,0.30065189048239893,0.982321618743344,0.1774870117375409,0.040999412536621094,0.12845587730407715
MinMaxScaler,250,5,58.66226669232248,93.67486712503673,49.31845912497821,0.10968690885140635,0.6268480492813142,0.9411175337186898,0.4699249567057918,0.04017758369445801,0.12333512306213379
MinMaxScaler,253,5,42.488626629323186,89.73298408122928,19.97559700191738,0.07216635092711614,0.21507950076936228,0.9647239263803681,0.12103136424860496,0.06086325645446777,0.12720537185668945
MinMaxScaler,256,5,61.90760909071473,93.52790895939663,46.21230608331881,0.12496855775485992,0.5909705469102091,0.9497273346966598,0.42893977294593033,0.040605783462524414,0.17452788352966309
MinMaxScaler,259,5,60.317023353929265,94.09886974403403,43.60815757364476,0.12358700314329568,0.5608166811468288,0.9521526689407209,0.3974600731191072,0.04064202308654785,0.1271040439605713
MinMaxScaler,262,5,52.623016127537966,92.840670531558,25.748649119748997,0.12319184477513903,0.30863115525692214,0.9858979676482788,0.18295170290552243,0.14508938789367676,0.12598800659179688
MinMaxScaler,265,5,50.29323470093146,91.42241380641364,15.82708732787171,0.07657791868781805,0.13337640429273895,0.990405117270789,0.07150279007119492,0.04115700721740723,0.12941527366638184
MinMaxScaler,268,5,57.9423428046095,93.62187599682296,32.19104061356109,0.10682015667933588,0.4120545295166702,0.9602704987320372,0.2623051760631133,0.05787301063537598,0.13077664375305176
MinMaxScaler,271,5,59.1695051988683,93.31767707169082,57.22851664633084,0.09021460187257226,0.7075815716090282,0.9293764087152517,0.5712526457571676,0.04131937026977539,0.13088059425354004
MinMaxScaler,274,5,55.64902971087309,93.19473086349103,24.76207076869444,0.12848455812898363,0.2911849710982659,0.9932780640824558,0.1705984221666346,0.04146528244018555,0.1301262378692627
MinMaxScaler,277,5,52.13899044320441,92.56771605463314,25.83928882691302,0.1192574955216822,0.31077271990928235,0.9827868852459016,0.18456802001154513,0.041612863540649414,0.133558988571167
MinMaxScaler,280,5,43.284503167781985,90.23934287451777,23.26302945790483,0.09855136172863467,0.27020754591870566,0.9755805602106775,0.156821243024822,0.06434202194213867,0.12956476211547852
MinMaxScaler,283,5,56.1792230560366,92.7630545824037,40.780895938643894,0.06881156269920827,0.533157446340726,0.932512978273409,0.37329228401000575,0.04187941551208496,0.13427734375
MinMaxScaler,286,5,54.36422009848987,92.29254618824332,24.267038521875545,0.09118854615000742,0.2888103188633536,0.9671124753343565,0.16975177987300366,0.11490559577941895,0.13298439979553223
MinMaxScaler,289,5,55.46131030010191,92.68529375999609,31.61582708732787,0.10168756382944875,0.4043483541843799,0.9583993090542681,0.2562247450452184,0.04225349426269531,0.13581204414367676
MinMaxScaler,292,5,51.1477177003827,92.1187494717983,24.86665504619139,0.11271149422143226,0.2955020920502092,0.9811156935098763,0.17394650760053879,0.04309391975402832,0.13715624809265137
MinMaxScaler,295,5,52.937854460194266,92.04346147341185,24.915461042356633,0.10035543579911267,0.29834506124576493,0.9719804712375292,0.17621704829709448,0.04260873794555664,0.1423349380493164
MinMaxScaler,298,5,40.60610608684498,90.37923735403943,23.62558828656092,0.12393895288392437,0.2724011956160744,0.9941818181818182,0.1578218202809313,0.06542563438415527,0.1413886547088623
MinMaxScaler,301,5,61.24664229363095,93.75897863970266,40.65888094823078,0.11269615040710042,0.5261135857461025,0.9510820332159033,0.3636328651144891,0.08806276321411133,0.14514756202697754
MinMaxScaler,304,5,56.366472109977984,93.22131269607554,24.329789088373715,0.12520379743519522,0.28433893834487306,0.9924050632911392,0.16594188955166442,0.04346895217895508,0.14003705978393555
MinMaxScaler,307,5,46.40705250179947,90.8356418659206,24.165940386961825,0.09166001151915003,0.28699727949129766,0.9677276746242264,0.16848181643255725,0.06518316268920898,0.1457526683807373
MinMaxScaler,310,5,61.14244685324154,93.47852240650076,50.63622102143977,0.10215306687260753,0.6415189873417722,0.9374768775434702,0.4875889936501828,0.04342079162597656,0.14486050605773926
MinMaxScaler,313,5,40.19629700895816,89.08916648754814,16.214049154610425,0.0456727730795028,0.14591329068941009,0.9526682134570765,0.07900711949201462,0.04370903968811035,0.14906716346740723
MinMaxScaler,316,5,62.62763845238349,92.30384073842232,59.90936029283598,0.1328314506026137,0.729246127042426,0.9392322154163382,0.5959976909755629,0.04397106170654297,0.14354419708251953
MinMaxScaler,319,5,62.36194955779332,93.71932661863276,45.1873801638487,0.11752510869504887,0.5800368599588664,0.9479657761480705,0.4178564556474889,0.04672384262084961,0.15606021881103516
MinMaxScaler,322,5,56.75664735353016,92.80463557529453,33.948056475509844,0.09544081846459081,0.4390893750555079,0.9515011547344111,0.28539542043486626,0.04436469078063965,0.14883112907409668
MinMaxScaler,325,5,58.59092211318495,93.76592159529451,26.17047237232003,0.1175996203763224,0.3165300458271477,0.9806038792241552,0.18872426399846065,0.04458189010620117,0.15259671211242676
MinMaxScaler,328,5,59.5182505576579,91.90360450165839,65.02353146243681,0.11974770820135162,0.7743009470676895,0.9318821745722331,0.6623051760631133,0.045074462890625,0.14533567428588867
MinMaxScaler,331,5,59.54473022185164,93.4406477760499,42.37754924176399,0.10079907393277056,0.5487455294984848,0.9441939120631342,0.38676159322686166,0.04473137855529785,0.15244531631469727
MinMaxScaler,334,5,45.25812897754402,90.67456487233673,20.99006449363779,0.08451057996084688,0.23183297180043383,0.9718670076726342,0.1316143929189917,0.044850826263427734,0.15416932106018066
MinMaxScaler,337,5,63.730103549768735,94.17204522805456,55.2971936552205,0.12090492435630265,0.6868849656923791,0.9396712987707109,0.5412738118145084,0.04714465141296387,0.15540242195129395
MinMaxScaler,340,5,51.5680242875163,91.71771582463602,23.89402126546976,0.1027971738321713,0.2804785603638641,0.9768135904499541,0.1637483163363479,0.04569721221923828,0.1499958038330078
MinMaxScaler,343,5,51.21470649021159,91.40846996871169,19.090116785776537,0.05945345409029219,0.20043407861646054,0.9562787639710717,0.11194920146238214,0.04575371742248535,0.1641521453857422
MinMaxScaler,346,5,55.162786222820856,92.2803454806542,64.93986404043926,0.05036308656166406,0.7770906753551876,0.9162659418774828,0.6746199730613816,0.046532392501831055,0.15521693229675293
MinMaxScaler,349,5,61.36117560700974,93.50729498654708,53.26477252919645,0.10885027904354551,0.6678229842905992,0.9375913170528073,0.5186068885895709,0.05802512168884277,0.15937352180480957
Normalizer,1,0,96.83704843962686,99.60484032226134,92.27122189297542,0.6860925847432461,0.9557211048752722,0.9934396279687759,0.9207619780642678,0.0514066219329834,0.04699230194091797
Normalizer,4,0,92.12030444914801,98.89311027973613,81.60013944570333,0.4533558438967891,0.8887202192705039,0.9827931918862206,0.8110833172984414,0.03283429145812988,0.042351722717285156
Normalizer,7,0,85.73333903462824,97.40458879619918,87.03154959037825,0.46528312497888313,0.9253192001927246,0.9672220590086876,0.8868962863190302,0.0894169807434082,0.041555166244506836
Normalizer,10,0,85.63001945566887,97.29134054442463,87.68694439602581,0.49040861342682485,0.9291701760718726,0.9701017545328923,0.8915528189340004,0.05317068099975586,0.04256749153137207
Normalizer,13,0,83.31982554037587,96.98520615696333,85.0549067456859,0.43810696908291036,0.9127789872027019,0.9683156349823017,0.863267269578603,0.04776310920715332,0.043268442153930664
Normalizer,16,0,68.16934271196345,94.4348061130564,66.26111207948405,0.19072179283625026,0.7809316854542985,0.9481668773704172,0.6638445256878969,0.0262143611907959,0.04237818717956543
Normalizer,19,0,64.4892502084536,93.88698744578643,57.09255708558481,0.14879567757811174,0.7019999031523897,0.9464647124110466,0.5578987877621705,0.02645564079284668,0.04305434226989746
Normalizer,22,0,63.52987407264875,93.784949062199,50.83841729126721,0.16946569436515116,0.6373315502520317,0.9606171021009381,0.4768520300173177,0.028772354125976562,0.04460024833679199
Normalizer,25,0,67.06694175414592,94.04139544809466,74.78821683806868,0.19347015442130333,0.8472521437925062,0.9389541688123215,0.771868385607081,0.032590627670288086,0.045197248458862305
Normalizer,28,0,70.18979040614599,94.76626246314858,60.94474464005578,0.2066201149140723,0.7337626844744409,0.959239468124767,0.594111987685203,0.11296558380126953,0.04632067680358887
Normalizer,31,0,73.79601764550773,95.05391913995226,76.43716227993725,0.27672239036776636,0.8566763502194703,0.9540001889109285,0.7773715605156821,0.025644302368164062,0.04652571678161621
Normalizer,34,0,68.07274994833202,94.36013056659047,63.873104409970374,0.16813614479115901,0.761983509037874,0.9449698074512931,0.6383682893977295,0.06369519233703613,0.04862570762634277
Normalizer,37,0,69.33652320783358,94.34575990268314,58.75893324036953,0.2069563767057384,0.7135038264070522,0.9623701574443065,0.5669039830671542,0.02660512924194336,0.05001521110534668
Normalizer,40,0,71.23039930444202,94.7676922668381,63.46522572773227,0.21742297992162257,0.7555856150006997,0.9589178949860889,0.6233981142967097,0.03781270980834961,0.0496983528137207
Normalizer,43,0,70.06600389113376,94.61425429949502,68.41554819592122,0.20271798738828994,0.7979933110367893,0.9485820302146832,0.6886665383875312,0.02713751792907715,0.05116438865661621
Normalizer,46,0,79.4966340980195,95.83901626091472,84.95380861077219,0.3988634469774212,0.912843295638126,0.9603569152326322,0.869809505483933,0.06961441040039062,0.06403160095214844
Normalizer,49,0,62.70722852927971,93.73305795927757,63.19679274882343,0.12276095492959826,0.7587577980393501,0.9339558955895589,0.6389070617664037,0.15143227577209473,0.05133342742919922
Normalizer,52,0,70.47991932667708,95.27082273337119,63.00156876416245,0.20061597559154923,0.7525241926081381,0.954792899408284,0.6209736386376756,0.02853107452392578,0.051513671875
Normalizer,55,0,40.94839615447658,88.85662012074962,14.620881994073557,0.03139417414317245,0.11498572615907202,0.9425355450236966,0.061227631325764864,0.027994632720947266,0.053075551986694336
Normalizer,58,0,64.53429542684881,94.14655588049689,76.3221195746906,0.1650380739099432,0.8591046757665021,0.9318662526438954,0.7968828170098133,0.1839585304260254,0.05299973487854004
Normalizer,61,0,72.38265238492292,95.44771622557411,71.63674394282727,0.22942567264419136,0.8222959986021318,0.9507550886408405,0.7244179334231288,0.040084123611450195,0.05524754524230957
Normalizer,64,0,68.04382442862335,93.80828467006465,74.35593515774795,0.22719551255725906,0.8429748537762028,0.9465030439576243,0.7598614585337695,0.0300900936126709,0.058016061782836914
Normalizer,67,0,43.27625339405212,89.57024893918364,16.16872930102841,0.03564754457684474,0.14657344642793768,0.9420620437956204,0.07946892437944968,0.03041696548461914,0.058350563049316406
Normalizer,70,0,67.98290324189881,93.69711756985372,79.12846435419209,0.2514370572911623,0.8765236042650607,0.9443605012887744,0.8177794881662498,0.07746481895446777,0.06769013404846191
Normalizer,73,0,41.717450951047255,88.9424689900167,11.772703503573297,0.0424263204847536,0.05156648178683856,0.9842632331902719,0.0264768135462767,0.029763221740722656,0.060524702072143555
Normalizer,76,0,44.741537496703934,89.96672526780165,16.872930102841206,0.03589730512841023,0.1608305472461728,0.9403292181069959,0.0879353473157591,0.04298281669616699,0.06051301956176758
Normalizer,79,0,43.452106984798924,89.61370225812966,16.545232700017433,0.03305214202299213,0.15466647833609945,0.9383033419023136,0.08427939195689821,0.029616117477416992,0.06317138671875
Normalizer,82,0,39.59436284466109,88.6834182474105,14.868398117483006,0.03369825988520366,0.11987313486628703,0.9443498012492901,0.06399846065037522,0.04541659355163574,0.06346964836120605
Normalizer,85,0,43.371296830792694,89.57168134699127,16.68816454592993,0.032278925204266985,0.1576906809530523,0.9371596145789695,0.08608812776601886,0.030046463012695312,0.06633424758911133
Normalizer,88,0,40.20725774841611,89.0167586817207,14.878856545232699,0.035500735332931445,0.11982264518222126,0.9464692482915718,0.06395997690975563,0.035607099533081055,0.06452393531799316
Normalizer,91,0,46.34987706582858,90.58175726692866,25.239672302597178,0.02818988935028248,0.31597078243118243,0.9230339172568021,0.1906099672888205,0.030668973922729492,0.06784510612487793
Normalizer,94,0,43.85820594502526,89.96523212492527,14.823078263900994,0.031516644515593356,0.11924588154716845,0.9419134396355353,0.06365210698479892,0.0607151985168457,0.06810259819030762
Normalizer,97,0,53.68662547481097,92.20136360103903,34.00034861425832,0.06699961985026148,0.44402678256783745,0.9371513573819263,0.29093707908408695,0.03038191795349121,0.0709218978881836
Normalizer,100,0,44.07909263891561,89.95362692034048,14.669687990238799,0.026839731361032796,0.11670455775684746,0.9368482039397451,0.06222820858187416,0.03030252456665039,0.06907248497009277
Normalizer,103,0,39.40293759220063,88.8144327261401,14.85793968973331,0.031900638126156504,0.1199236063565277,0.942242355605889,0.0640369443909948,0.12716937065124512,0.08402824401855469
Normalizer,106,0,52.53273327204441,92.37697337304158,36.90081924350706,0.09459175583970655,0.4798551640898902,0.9473505049358901,0.3213007504329421,0.03064703941345215,0.0728909969329834
Normalizer,109,0,51.25361212665427,91.90304165681675,34.00732089942478,0.07767418725358441,0.44254667530478825,0.9424307036247335,0.28916682701558594,0.030731201171875,0.0751492977142334
Normalizer,112,0,40.443116042731205,89.04292397514789,11.61234094474464,0.03968441058939613,0.04827327327327327,0.981679389312977,0.02474504521839523,0.030932903289794922,0.0817878246307373
Normalizer,115,0,49.6366607515732,91.25466448867114,41.95921213177619,0.09373301320385986,0.5445243892430169,0.9417108251324754,0.382990186646142,0.04081296920776367,0.07692575454711914
Normalizer,118,0,52.39407777991576,92.36359304709708,36.869443960257975,0.09569650819822922,0.47928228426833824,0.9479071883530482,0.3207234943236483,0.031151294708251953,0.07726240158081055
Normalizer,121,0,48.79871435799856,91.1119562225276,29.018650862820287,0.048149750721792624,0.3734498569098686,0.9318181818181818,0.23351933807966135,0.03143429756164551,0.07923460006713867
Normalizer,124,0,52.410317918457224,92.30159071425624,36.388356283772005,0.09796751720429356,0.4724928449596716,0.9495700673948408,0.31448912834327497,0.03136467933654785,0.07739090919494629
Normalizer,127,0,52.09362666495628,92.20983444566589,35.541223636046716,0.0956360514243127,0.46127848027504226,0.9495022190236296,0.3046372907446604,0.03354024887084961,0.08849000930786133
Normalizer,130,0,52.692279734034585,92.38416476829832,36.00488059961652,0.10132263949666027,0.4668157657788492,0.9516816674561819,0.30925533961901097,0.03199338912963867,0.08029770851135254
Normalizer,133,0,49.687722974080486,91.2616591464982,43.09220847132648,0.08953369304368379,0.558667676003028,0.9390166318276834,0.39761400808158553,0.03213953971862793,0.08369302749633789
Normalizer,136,0,53.20621868741938,92.50330343295566,36.27331357852536,0.10975626379523933,0.46928347462547904,0.9554320841707058,0.31102559168751204,0.05287981033325195,0.08057308197021484
Normalizer,139,0,55.9955772204762,92.99029328989069,42.2799372494335,0.10470786623292028,0.5470908444347183,0.9458948164964056,0.38483740619588225,0.0326237678527832,0.08462047576904297
Normalizer,142,0,49.88061488465568,91.44393615243361,38.97856022311312,0.10001499872236914,0.506401218205403,0.947451725229503,0.3455455070232827,0.04533267021179199,0.08357477188110352
Normalizer,145,0,49.29592428680364,91.17784372997255,42.9736796234966,0.08839508500316755,0.5573894691271173,0.9386676387496583,0.3963825283817587,0.07587385177612305,0.08665990829467773
Normalizer,148,0,49.41288065051775,91.22730479545305,42.335715530765206,0.09156059197020032,0.5493529491894837,0.9404850746268657,0.3879930729266885,0.032804012298583984,0.08642172813415527
Normalizer,151,0,49.804690740384416,91.3471195609959,42.26250653651734,0.09416860681145924,0.5481529983085066,0.9416065235729684,0.3866076582643833,0.037824392318725586,0.10479736328125
Normalizer,154,0,54.34068087714422,92.77936696362809,35.956074603451285,0.11938179435742628,0.46360477678180384,0.9606727976766699,0.3055224167789109,0.032907962799072266,0.09167766571044922
Normalizer,157,0,55.87424796356872,92.91763961393038,42.17186682935332,0.10651268699397969,0.5455591474439757,0.9467528762955215,0.3831826053492399,0.051459550857543945,0.11370182037353516
Normalizer,160,0,49.72047121202403,91.37321303589579,43.92191040613561,0.0966775632665013,0.5676503789711337,0.9410925942429373,0.40638830094285167,0.03343009948730469,0.09189105033874512
Normalizer,163,0,48.807555641074984,91.41371943834851,44.81087676485968,0.10195140330236968,0.5774230574166511,0.9423244467677295,0.41624013854146624,0.13009214401245117,0.10320162773132324
Normalizer,166,0,53.21450266891867,91.01252909966415,55.69810005229214,0.05659428536915713,0.6956896551724138,0.920824088748019,0.5590148162401385,0.03407025337219238,0.09473848342895508
Normalizer,169,0,50.56656190537275,90.29704100696479,50.6048457381907,0.036464192910414236,0.6472301755259554,0.9166431593794077,0.5002116605734077,0.03386354446411133,0.10601663589477539
Normalizer,172,0,49.96809982967381,90.04954945475716,53.61687293010284,0.03443703998237093,0.6774623645487382,0.9153019782523254,0.5377333076775063,0.0381927490234375,0.09518551826477051
Normalizer,175,0,50.50883344379592,90.45725447726933,71.6088548021614,0.028876596879883698,0.8292948771694475,0.9106477005938406,0.7612853569366943,0.048230886459350586,0.10061144828796387
Normalizer,178,0,48.58821257278059,91.28889926207822,44.796932194526754,0.0938452568514742,0.5781720344175391,0.9392418210143674,0.4176255532037714,0.0867617130279541,0.10985493659973145
Normalizer,181,0,47.63846663673487,91.19028633134553,44.34373365870664,0.09465162300611787,0.5728199502314505,0.9399367755532139,0.41192995959207235,0.03480339050292969,0.10446715354919434
Normalizer,184,0,51.66841268823181,90.71406376930226,57.37144849224334,0.037314149262142285,0.712633953750705,0.9151928532625098,0.5834904752741966,0.0353848934173584,0.09851193428039551
Normalizer,187,0,50.2193060098775,90.21958527697977,50.04009063970717,0.028562265342363804,0.6421454790621021,0.9143791779263263,0.49482393688666537,0.0353093147277832,0.10428762435913086
Normalizer,190,0,48.56184123319009,89.75349744438493,49.79606065888095,0.02039749926078364,0.640379572980397,0.9119487908961593,0.4934385222243602,0.0449674129486084,0.10478019714355469
Normalizer,193,0,48.77422016975606,91.40609542665209,44.25309395154262,0.10315088527106847,0.5707920659204981,0.9433108587650816,0.4091976140080816,0.03577303886413574,0.10743141174316406
Normalizer,196,0,45.73812099573116,88.95471028571579,11.371797106501656,0.039427823162071475,0.04291683921243836,0.986159169550173,0.02193573215316529,0.03614020347595215,0.10299301147460938
Normalizer,199,0,53.970130915984285,91.47564326991673,37.32961478124455,0.07647174903006873,0.4880535383739143,0.9385542168674699,0.3297671733692515,0.036298513412475586,0.10919594764709473
Normalizer,202,0,53.25705000748295,91.14899602498367,58.79728080878508,0.04449945457439336,0.7250436198673956,0.9166470588235294,0.5996921300750433,0.09577059745788574,0.10764956474304199
Normalizer,205,0,44.25828291250651,88.97850523058341,11.389227819417815,0.04193234538448886,0.04306904600557187,0.9913344887348353,0.022012699634404463,0.06855487823486328,0.11222410202026367
Normalizer,208,0,50.25236924436462,90.17860166081365,49.53808610772181,0.03328799092717858,0.6364983300268703,0.9159439144261348,0.48770444487204156,0.040853261947631836,0.10596752166748047
Normalizer,211,0,48.06433911302105,89.48170847378003,11.431061530416594,0.03946779293376669,0.044240463471522086,0.9849246231155779,0.022628439484317874,0.04581761360168457,0.11599564552307129
Normalizer,214,0,52.6672938091064,90.92057812168416,57.688687467317415,0.049384524779064,0.7146987611950824,0.9182169606185069,0.5850298248989801,0.04287862777709961,0.11105227470397949
Normalizer,217,0,45.119447829588296,89.0284120606858,11.29858811225379,0.03690473546638631,0.04151284562645973,0.982174688057041,0.02120454108139311,0.04167008399963379,0.11546039581298828
Normalizer,220,0,52.199154783030096,90.83610388321004,57.6433676137354,0.041468158760902964,0.714828897338403,0.9161903615907587,0.5860304021550895,0.037445783615112305,0.11242270469665527
Normalizer,223,0,50.05242768263742,90.05660008716826,81.86857242461217,0.026880670270449845,0.8988388150856788,0.9086833411986787,0.8892053107562055,0.03736996650695801,0.1177678108215332
Normalizer,226,0,52.25933052544559,90.73802331994965,56.59055255359944,0.05142458448150366,0.7044386422976502,0.9191080829978322,0.5710602270540697,0.04905986785888672,0.11553716659545898
Normalizer,229,0,50.56385949158702,90.37402685658516,54.25483702283424,0.031801789949209056,0.6838377023901311,0.9144274759971648,0.5461227631325765,0.037406206130981445,0.12142181396484375
Normalizer,232,0,50.032698351613114,90.27060683381421,50.583928882691296,0.027023784309839895,0.6478698298348031,0.9138051857042747,0.5018279776794304,0.06010317802429199,0.11374950408935547
Normalizer,235,0,53.22125442741182,91.21434968258913,58.25344256580094,0.043393803626636133,0.720229890428241,0.9165180164109882,0.5931883779103329,0.03778362274169922,0.12064552307128906
Normalizer,238,0,46.620774093315944,89.48485653687861,11.54610423566324,0.04024938569791811,0.04673704775143705,0.9841772151898734,0.023936886665383874,0.038152217864990234,0.11908817291259766
Normalizer,241,0,40.15245405112636,87.9254030965438,11.291615827087329,0.04067049327237161,0.04100399487450064,0.9908925318761385,0.020935154897055993,0.21931695938110352,0.12689757347106934
Normalizer,244,0,48.69658848766026,89.88000716652479,46.86421474638313,0.017651141901282936,0.6095599159793023,0.9115145943461274,0.4578795458918607,0.03835129737854004,0.12140274047851562
Normalizer,247,0,48.311219435714335,89.80390626314393,11.420603102666899,0.03858441392726684,0.04409164440765961,0.9832214765100671,0.0225514720030787,0.03883647918701172,0.1264362335205078
Normalizer,250,0,49.152203194150474,89.91424091429276,80.18476555691127,0.02361498610083549,0.8881718737703628,0.9085859195749305,0.8686549932653453,0.15382051467895508,0.12553668022155762
Normalizer,253,0,48.44210976418019,89.61682513329875,80.6937423740631,0.018358584979652884,0.8915138692994828,0.907912061604756,0.8756975177987301,0.042395591735839844,0.12673664093017578
Normalizer,256,0,42.22936879538766,88.61043819919591,11.448492243332753,0.038959656120865035,0.04468013088119147,0.9834437086092715,0.022859341928035404,0.039141178131103516,0.1770009994506836
Normalizer,259,0,44.544604793363696,88.79719265015608,11.455464528499215,0.04127518710041109,0.044611623095730676,0.9883333333333333,0.02282085818741582,0.07251620292663574,0.13405680656433105
Normalizer,262,0,55.541862470513614,91.45489939716434,56.245424437859505,0.06874586319166437,0.699945014224581,0.923945973239081,0.563363478930152,0.03937935829162598,0.12842750549316406
Normalizer,265,0,47.98861593939524,89.59528749677355,11.225379118005927,0.04058849209491249,0.03952777882548184,0.9924242424242424,0.02016548008466423,0.03947591781616211,0.13063931465148926
Normalizer,268,0,56.88320469786701,92.08775475988729,35.610946487711345,0.06945984101705625,0.4659688891458972,0.9368678060690617,0.31010198191264193,0.1293165683746338,0.12653541564941406
Normalizer,271,0,61.68316336347892,93.74155643679065,51.13822555342513,0.13245882556398886,0.6439567139155616,0.9472386219266123,0.48778141235328076,0.039975643157958984,0.1342334747314453
Normalizer,274,0,50.83371175678276,90.57112528109323,67.00366044971238,0.02510356408918313,0.7946810126033103,0.9106592423187829,0.7049066769289974,0.05734419822692871,0.13136768341064453
Normalizer,277,0,46.784892993821224,89.35933625628499,11.371797106501656,0.0379201404121075,0.04306094026423759,0.9828178694158075,0.022012699634404463,0.040865421295166016,0.13276267051696777
Normalizer,280,0,44.09659133830771,89.08857368978498,11.448492243332753,0.038959656120865035,0.04468013088119147,0.9834437086092715,0.022859341928035404,0.04059934616088867,0.12849926948547363
Normalizer,283,0,53.80265110213157,91.47161768736987,57.21108593341467,0.05535491284037412,0.709903096194753,0.9199387442572741,0.577948816624976,0.04561305046081543,0.13382196426391602
Normalizer,286,0,44.729747218837076,88.8023190316159,11.361338678751961,0.037776503844416574,0.04283993374491794,0.9827288428324698,0.0218972484125457,0.041037559509277344,0.132124662399292
Normalizer,289,0,41.560042474647055,88.30060093732945,11.371797106501656,0.0379201404121075,0.04306094026423759,0.9828178694158075,0.022012699634404463,0.0410151481628418,0.1353929042816162
Normalizer,292,0,42.24489912271325,88.54686562478568,11.441519958166289,0.03739257880561311,0.04467677033582791,0.9801980198019802,0.022859341928035404,0.12640023231506348,0.13728094100952148
Normalizer,295,0,43.02357770508627,88.73921795998065,11.441519958166289,0.03739257880561311,0.04467677033582791,0.9801980198019802,0.022859341928035404,0.0542600154876709,0.1425464153289795
Normalizer,298,0,44.460952543846524,89.23120858185271,11.730869792574516,0.037780591626666714,0.051116774096837056,0.9756795422031473,0.02624591110255917,0.04604148864746094,0.14123225212097168
Normalizer,301,0,42.716352026454004,88.63214863079214,11.438033815583056,0.03661097689846515,0.044675090252707585,0.9785831960461285,0.022859341928035404,0.04801464080810547,0.1467452049255371
Normalizer,304,0,40.208708727969835,87.90094021387411,11.420603102666899,0.03784289652017278,0.044163563179475604,0.9816053511705686,0.02258995574369829,0.05051994323730469,0.13921213150024414
Normalizer,307,0,52.93791717443824,91.515631213493,35.40526407530068,0.07661561377744049,0.46213242764666607,0.9404536862003781,0.30633057533192226,0.15332436561584473,0.14836668968200684
Normalizer,310,0,47.46646854666866,90.16969751120068,11.570507233745861,0.04056632203595911,0.047250600961538464,0.9843505477308294,0.024206272849720992,0.09299039840698242,0.1433877944946289
Normalizer,313,0,49.66992210605834,90.18567794343102,50.786125152518736,0.026001091481057628,0.6500235515779558,0.9134615384615384,0.5045218395228016,0.04232668876647949,0.14827919006347656
Normalizer,316,0,56.50898452811095,91.83603212111939,66.66550461913893,0.06916367418467727,0.7900860554970144,0.9196606531404916,0.69251491244949,0.04282808303833008,0.14548397064208984
Normalizer,319,0,43.916250828469416,88.98176913500592,11.734355935157748,0.039192625018505706,0.05104756193545969,0.978448275862069,0.02620742736193958,0.043146371841430664,0.15131068229675293
Normalizer,322,0,60.671045261154944,92.95665875751389,60.373017256405795,0.12309368677732781,0.7340492735312697,0.9362019575077584,0.6036944390994805,0.06792449951171875,0.14618945121765137
Normalizer,325,0,52.275258518090915,90.76796711540705,69.77514380338155,0.044231743978340086,0.8151780004263484,0.9137395459976105,0.7358091206465268,0.04318118095397949,0.15065932273864746
Normalizer,328,0,44.610689927949885,89.39962885901791,11.396200104584278,0.039752630026787444,0.043432442604441096,0.9863247863247864,0.022205118337502404,0.043489694595336914,0.1446213722229004
Normalizer,331,0,44.898622424618196,88.94687721984138,11.322991110336412,0.04185521330281682,0.041596021250141293,0.9928057553956835,0.0212430248220127,0.04366135597229004,0.15209221839904785
Normalizer,334,0,55.27657694253808,91.5802376657429,67.04200801812794,0.06975001414049427,0.7930475898603389,0.9196324313347211,0.6970944775832211,0.04345083236694336,0.1540520191192627
Normalizer,337,0,44.470442349218565,89.52940152746962,11.438033815583056,0.03881930305192533,0.04445948995712029,0.9833610648918469,0.02274389070617664,0.05917525291442871,0.15504002571105957
Normalizer,340,0,56.60534923994612,91.49679419987898,60.37650339898902,0.07817581472877336,0.7369225071752615,0.9245020036006737,0.612622666923225,0.05000734329223633,0.15055346488952637
Normalizer,343,0,51.70640184151824,91.19429090442956,32.170123758061706,0.06043284567037355,0.41882971414916814,0.9355484387510008,0.26980950548393307,0.04347348213195801,0.15537762641906738
Normalizer,346,0,51.20283781953976,91.71971773773275,23.58724071814537,0.06530531630608222,0.2814149427925122,0.9499778663125277,0.16517221473927265,0.0439457893371582,0.15398097038269043
Normalizer,349,0,50.14272051539705,91.20825517495611,23.873104409970367,0.0333428584497826,0.2918571845510264,0.9274525968672712,0.173176832788147,0.04396820068359375,0.159898042678833
Normalizer,1,1,95.80087514876816,99.47555846444203,90.77218058218581,0.6470490394272349,0.946707201675089,0.9926954906265834,0.9047912257071388,0.028281450271606445,0.046955108642578125
Normalizer,4,1,90.55461341657225,98.47957176338967,89.9215617918773,0.5356359105292019,0.9428238039673279,0.9698103995443079,0.9172984414085049,0.03381609916687012,0.042803287506103516
Normalizer,7,1,83.67017011238677,97.05184729910029,83.43036430189996,0.4049579841231106,0.9025245585611452,0.9661046715841236,0.8467962285934193,0.0615086555480957,0.04177522659301758
Normalizer,10,1,83.43851082177041,97.00349527696144,80.03834756841555,0.38240244865853285,0.8795287187039764,0.9701554885124158,0.804387146430633,0.026576519012451172,0.04263114929199219
Normalizer,13,1,81.76852030017318,96.72250931010457,81.10859334146767,0.396804343131158,0.8867052748217683,0.9707040190423876,0.8160862035789879,0.12290000915527344,0.04363298416137695
Normalizer,16,1,76.55703219093637,95.6500359476032,68.49224333275231,0.2873234556676272,0.79457223383944,0.9704624951418578,0.6726573022897826,0.059183597564697266,0.042305707931518555
Normalizer,19,1,73.61056449946194,95.13401136921463,75.32508279588636,0.29676633559935217,0.8478307606312078,0.9604949096400215,0.7588223975370406,0.04538559913635254,0.04707980155944824
Normalizer,22,1,64.27221830258196,93.77123728384504,58.70315495903783,0.14056232135765628,0.7176969639197369,0.9424798147336797,0.5794881662497595,0.03082895278930664,0.04514575004577637
Normalizer,25,1,67.8491537140373,94.24865615582434,74.21300331183545,0.19539269178212595,0.8429745048506592,0.9400151500804848,0.7640946700019242,0.027223825454711914,0.046335458755493164
Normalizer,28,1,58.08534125813325,92.63936001789195,45.07582360118529,0.10318100808988084,0.580347867778281,0.9425506142931303,0.4192418703097941,0.027725696563720703,0.04659748077392578
Normalizer,31,1,59.282078692122944,92.86869692326658,44.49015164720237,0.0909424160390269,0.5749446090600892,0.9383931683513419,0.4144314027323456,0.027097702026367188,0.04761910438537598
Normalizer,34,1,65.22541352204621,93.74107864440064,60.88199407355761,0.1483074754415402,0.7369852096664558,0.9426190190670344,0.6050028862805464,0.06133604049682617,0.04880404472351074
Normalizer,37,1,64.70046964416794,93.46967060906788,71.34042182325257,0.1636774228607427,0.8225747275277868,0.9364619164619165,0.7333846449874928,0.05307626724243164,0.04956674575805664
Normalizer,40,1,56.756101454542865,92.47428664931115,37.036778804253096,0.09025455485746972,0.48227031675505233,0.9451685393258427,0.3237252260919761,0.11418509483337402,0.05696511268615723
Normalizer,43,1,69.81821563722661,94.5550075243607,66.45284992156179,0.23951951499976215,0.7800004572369174,0.9607456634377112,0.6564941312295555,0.028571605682373047,0.062464237213134766
Normalizer,46,1,61.25246474105431,93.27217402040154,44.09621753529719,0.10198619716235666,0.5690869027785243,0.9430047199216315,0.4075043294208197,0.0399172306060791,0.052224159240722656
Normalizer,49,1,61.75797575524341,93.78540999258944,54.70106327348788,0.11159033110635315,0.6818159557275086,0.9373190601225342,0.5357706369059072,0.028074264526367188,0.05116891860961914
Normalizer,52,1,64.72052537432565,94.14071039834037,58.79728080878508,0.14602365756985722,0.7181859367176137,0.9439638962015795,0.5795651337309986,0.061420440673828125,0.05451154708862305
Normalizer,55,1,62.62422337673444,93.71728083090359,57.31567021091163,0.12327682596903454,0.7059981750948471,0.9387012323606411,0.5657494708485665,0.07292962074279785,0.05290675163269043
Normalizer,58,1,63.22198419315988,93.70482234282085,57.83161931322991,0.132920487070571,0.710136592379583,0.9410606541759289,0.5702135847604387,0.029519081115722656,0.05375170707702637
Normalizer,61,1,61.189655000391966,93.40794644001275,71.25326825867178,0.1413870868240153,0.822750526632561,0.9318790475726737,0.7365018279776794,0.030341625213623047,0.05495309829711914
Normalizer,64,1,63.433037578660056,94.04718089498697,55.37040264946837,0.13046844077611774,0.686839530332681,0.9425310506881504,0.540273234558399,0.0936734676361084,0.058095455169677734
Normalizer,67,1,67.83807609803377,94.66211064619263,64.79344605194353,0.17308103428499388,0.7695502361773497,0.9452853458907949,0.6489128343274966,0.0662078857421875,0.07167911529541016
Normalizer,70,1,62.5916304990771,93.77957178253385,73.0067979780373,0.13685791386974516,0.8360193989707533,0.9295469529999059,0.7595920723494324,0.03101968765258789,0.05868363380432129
Normalizer,73,1,50.036970046821885,91.23303961914728,19.82917901342165,0.04898819844291883,0.21621621621621623,0.9451728247914184,0.12207042524533385,0.031225204467773438,0.06066584587097168
Normalizer,76,1,51.96212202196424,91.774939790587,23.562837720062753,0.05711337418517657,0.2823852850690581,0.9441891004596191,0.1660188570329036,0.03751873970031738,0.060280799865722656
Normalizer,79,1,47.36092902600503,89.75187827333696,11.723897507408052,0.04112324373675544,0.05061487702459508,0.982532751091703,0.02597652491822205,0.03122091293334961,0.06363725662231445
Normalizer,82,1,47.195602876303276,90.16493892023117,14.613909708907094,0.03433427595994218,0.11440141736269299,0.9461722488038278,0.06088127766018857,0.03129124641418457,0.06325268745422363
Normalizer,85,1,46.76255104440597,89.99822021415054,13.731915635349488,0.03100160815609302,0.09600350697742384,0.9460043196544277,0.050567635174138925,0.031138896942138672,0.0660698413848877
Normalizer,88,1,54.43752164710409,92.21527621980606,31.326477252919645,0.06122872934496215,0.40631686808715833,0.9367704280155642,0.2594188955166442,0.11937332153320312,0.06442403793334961
Normalizer,91,1,46.86314611706184,89.7238112562431,11.926093777235488,0.04229987161693292,0.05498615994613601,0.9813084112149533,0.028285549355397344,0.031140565872192383,0.06837821006774902
Normalizer,94,1,46.784076283325845,89.6982487120623,11.6960083667422,0.039379546676932255,0.05017249137543123,0.9795021961932651,0.025745622474504522,0.041909217834472656,0.0679779052734375
Normalizer,97,1,46.75705927208717,90.38652831120555,17.019348091336937,0.028409334859109944,0.16501210229066546,0.9325931800158604,0.0905137579372715,0.043381690979003906,0.07010293006896973
Normalizer,100,1,48.834231999942986,90.14208124201572,58.197664284469234,0.013956971944752901,0.7216767634565838,0.9092291496081413,0.5982682316721185,0.06634140014648438,0.07994627952575684
Normalizer,103,1,47.05507165815036,89.76831593427767,11.671605368659579,0.039059406284402534,0.04966055286748434,0.9792899408284024,0.025476236290167403,0.031199216842651367,0.0728306770324707
Normalizer,106,1,48.625600239454386,90.01084619603886,78.58462611120794,0.028567782883347055,0.8776660360450065,0.9094510936855138,0.8480277082932461,0.03161883354187012,0.0721287727355957
Normalizer,109,1,48.80305731939367,90.43598406833888,15.248387659055254,0.027976350631440158,0.12873167759739096,0.9363920750782064,0.06911679815278045,0.031846046447753906,0.0955653190612793
Normalizer,112,1,52.492731561655944,91.73874346752497,22.701760502004532,0.0540398308718611,0.2678070204405112,0.9434620753838995,0.15605156821243024,0.0317990779876709,0.07334709167480469
Normalizer,115,1,50.78818264098233,91.59999974676526,34.868398117483004,0.0723393635390972,0.45535375914643034,0.9389276268333734,0.30055801423898404,0.03253459930419922,0.07764673233032227
Normalizer,118,1,50.7863354214326,91.19947583432943,17.611992330486316,0.03827976656203678,0.17519980455798695,0.9407796101949025,0.09659418895516644,0.032425880432128906,0.08644390106201172
Normalizer,121,1,55.6933872105702,92.58753811009952,31.821509499738536,0.08101290085842386,0.4105608969528919,0.946761189880456,0.2621127573600154,0.0323336124420166,0.07922911643981934
Normalizer,124,1,51.67339419465647,91.82274288347558,38.78333623845215,0.0863784599416373,0.5056862965882221,0.9416081350246357,0.3456609582451414,0.13649964332580566,0.07792925834655762
Normalizer,127,1,50.014829068052094,90.42481161569135,71.1556562663413,0.030632541244905713,0.825920471281296,0.9110234393130657,0.7553588608812777,0.03260374069213867,0.08115983009338379
Normalizer,130,1,59.7297643227218,93.09912958061759,78.30224856196618,0.10801255488474062,0.8741863755811603,0.9207153502235469,0.8321339234173561,0.033357858657836914,0.08070898056030273
Normalizer,133,1,59.309975128100966,92.99970200178271,65.3512288652606,0.08403144949652422,0.7787941510315818,0.9234666948168478,0.6733115258803156,0.033132076263427734,0.08681797981262207
Normalizer,136,1,52.154777328800805,91.65678634681844,25.895067108244728,0.053637293065182945,0.32252924116390985,0.9384272997032641,0.1947277275351164,0.04561161994934082,0.08071470260620117
Normalizer,139,1,54.14289725553917,92.10911201091021,45.14206031026669,0.10238642131563114,0.5811997657954969,0.9421865562171025,0.4202039638252838,0.06495833396911621,0.08417701721191406
Normalizer,142,1,60.533626950021024,93.2501365886467,76.27331357852536,0.1070265604642536,0.8602923064290993,0.9218688135145836,0.8064267846834713,0.039801836013793945,0.08388352394104004
Normalizer,145,1,55.84082554750247,92.59098718392798,33.13229911103364,0.08313594888083009,0.429289773572555,0.9462224554039874,0.27762170482970944,0.10717463493347168,0.08706808090209961
Normalizer,148,1,60.38745144991056,93.17658709002181,38.90883737144849,0.09599858401192236,0.5060322471530049,0.9457380676430303,0.3454300558014239,0.0629584789276123,0.08659124374389648
Normalizer,151,1,54.19215216756106,92.12411645523754,45.842774969496254,0.10710210581613946,0.5887056207143047,0.9433225861191243,0.4278622282085819,0.0428309440612793,0.09823036193847656
Normalizer,154,1,58.934439384545215,93.00011499962369,76.55220498518389,0.0931310061620942,0.8625720240284418,0.919458117349828,0.8123147969982683,0.03436589241027832,0.09811830520629883
Normalizer,157,1,54.08208866938904,92.16224372164557,45.22572773226425,0.10290187278531407,0.5821054311399543,0.9423060363385861,0.42112757360015396,0.03446841239929199,0.09396195411682129
Normalizer,160,1,52.78018229890464,91.92323833840635,46.163500087153565,0.10290001112735744,0.5928015820698748,0.9414572864321608,0.4325957283047912,0.03519272804260254,0.09058308601379395
Normalizer,163,1,45.53764351228273,89.37508147998848,11.640230085410494,0.04004817031337441,0.04885920144100871,0.9819004524886877,0.025052915143351933,0.03762102127075195,0.09801197052001953
Normalizer,166,1,53.35960347493924,92.0918026463706,45.98222067282552,0.10516749337833829,0.5905018631570602,0.942466677914628,0.42994035020203963,0.03490567207336426,0.0941932201385498
Normalizer,169,1,51.42772539713083,91.90979937926728,45.15600488059962,0.09946885378210454,0.5816847479259732,0.9410651294846425,0.420935154897056,0.10578584671020508,0.09808969497680664
Normalizer,172,1,52.04898410051383,91.97645648185484,44.94335018302248,0.10316806451603035,0.5788196389044457,0.9426685198054204,0.4176255532037714,0.05019116401672363,0.09459042549133301
Normalizer,175,1,53.302755863425475,92.13059900524286,43.76852013247342,0.10058009406668773,0.5653931131109554,0.9427621529337766,0.40377140658071964,0.03982400894165039,0.101226806640625
Normalizer,178,1,53.30945488494074,92.22305723720359,44.78995990936029,0.10564011879863895,0.5767658141585825,0.9437642119993004,0.41527804502597654,0.05721235275268555,0.10276174545288086
Normalizer,181,1,56.10265609076461,92.58225600592536,41.540875021788395,0.0979360611437776,0.5388951521984217,0.9438451165478713,0.377102174331345,0.04412269592285156,0.10292530059814453
Normalizer,184,1,48.811419693697935,90.30462921137395,11.54610423566324,0.03952808784722671,0.0468086704985161,0.9826498422712934,0.023975370406003463,0.036240577697753906,0.10259151458740234
Normalizer,187,1,51.68024430048674,91.97845894133792,45.82883039916333,0.102824422389703,0.5890131979158402,0.9417286874154263,0.42851645179911485,0.03628230094909668,0.10413908958435059
Normalizer,190,1,55.72176540596783,92.41862533143899,41.422346173958516,0.09515216909674167,0.537782301323137,0.9428047839506173,0.3761785645564749,0.1344306468963623,0.1033926010131836
Normalizer,193,1,51.53830343716817,90.63213256596619,61.237580617047236,0.040378770031377166,0.7466909670805331,0.9150195421552205,0.6306715412738119,0.03667902946472168,0.10905003547668457
Normalizer,196,1,55.604665084557325,92.36492328576485,35.04619138922782,0.07456204060994713,0.4574889354763569,0.939825337959086,0.3023282663074851,0.04681062698364258,0.1027979850769043
Normalizer,199,1,55.44391849998931,92.35713613055673,42.48561966184417,0.09391061509120906,0.5508792943866717,0.9412968648246348,0.3893784875889936,0.05042386054992676,0.10829281806945801
Normalizer,202,1,50.75133089602977,91.81727915661828,46.037998954157224,0.10053076938410756,0.5916369872048542,0.9406879194630873,0.43151818356744276,0.04009127616882324,0.10931754112243652
Normalizer,205,1,56.04006014866126,92.4819837804519,37.664284469234794,0.08962726655774136,0.4906713760788447,0.9442008331506249,0.33146045795651335,0.037194252014160156,0.11139631271362305
Normalizer,208,1,51.048634896200795,91.84716054334055,45.319853582011504,0.10488329059493498,0.5829677487968945,0.9429726475141923,0.4218972484125457,0.05164647102355957,0.10611104965209961
Normalizer,211,1,55.62898680862891,92.16637008103051,37.615478473069544,0.07678067292124172,0.4917781375138451,0.9384348580099718,0.3331922262843948,0.03766632080078125,0.11218047142028809
Normalizer,214,1,55.88974265780116,92.42400886047379,42.01150427052466,0.09814912359060118,0.5446233026719229,0.9434696006829176,0.38279776794304404,0.0373539924621582,0.1125340461730957
Normalizer,217,1,55.8339227046943,92.41748414987647,41.68729301028412,0.09451963181167652,0.5411099832652053,0.942289317790942,0.37952664999037905,0.12088394165039062,0.11585640907287598
Normalizer,220,1,56.344078848908566,92.58994723876593,39.2400209168555,0.09339603168744748,0.5106275445739155,0.9442367601246106,0.3499326534539157,0.037801265716552734,0.10996890068054199
Normalizer,223,1,55.76500117589207,92.42482260465206,41.282900470629244,0.09697410531766465,0.5358392812853088,0.943700252378179,0.3741389263036367,0.03831028938293457,0.11712884902954102
Normalizer,226,1,55.997373128371784,92.46010186041428,41.770960432281676,0.0954438129613046,0.5420196868745031,0.9425901201602136,0.38037329228401,0.12529230117797852,0.11648130416870117
Normalizer,229,1,51.45705428345413,91.16009604671179,67.31741328220325,0.0282381547392242,0.7969944349407765,0.9112200435729847,0.7082162786222821,0.048002004623413086,0.11824727058410645
Normalizer,232,1,55.82390125357222,92.42718143213133,42.454244378595085,0.09738769188625349,0.5500831311837335,0.9427316890881914,0.3883394265922648,0.0520937442779541,0.11221170425415039
Normalizer,235,1,56.099176875547855,92.52818282336642,43.18633432107373,0.09903164573072959,0.5586698079995667,0.9426978614512886,0.3969597844910525,0.0393369197845459,0.12057971954345703
Normalizer,238,1,54.722587817758104,92.28696294468267,40.67282551856371,0.0975821386881464,0.5281951760465761,0.9445711452652454,0.3665961131421974,0.03934741020202637,0.12069082260131836
Normalizer,241,1,55.74065949728833,92.40225360437728,41.39445703329267,0.09251343930708586,0.5377656795622646,0.9417372881355932,0.37633249951895326,0.053623199462890625,0.1237649917602539
Normalizer,244,1,56.139554871400165,92.59027952535315,42.0045319853582,0.10323507295548871,0.5439192893957671,0.9455723953865218,0.3817587069463152,0.03928685188293457,0.1186673641204834
Normalizer,247,1,55.32978000128279,92.20461110612366,37.730521178316195,0.08004376710719281,0.4928449744463373,0.939794260963725,0.3340003848374062,0.03971385955810547,0.12462043762207031
Normalizer,250,1,54.454480148803796,92.1242082486274,43.07477775841032,0.09185570163121277,0.5581860981087151,0.9399489702934208,0.3969597844910525,0.05573916435241699,0.12135100364685059
Normalizer,253,1,54.84409809077887,92.4020613440813,43.33972459473593,0.09592001902958953,0.5608602847802004,0.9413205151460186,0.3994227438907062,0.045896291732788086,0.1297893524169922
Normalizer,256,1,41.34742265837128,88.09019539617323,11.479867526581836,0.03791706906198227,0.04548530185700323,0.9805510534846029,0.023282663074850874,0.04011273384094238,0.18202519416809082
Normalizer,259,1,54.644202139410915,92.37242285630705,41.06675963046889,0.09379236487591353,0.5335651022266369,0.9425813998830181,0.37209928805079856,0.040547847747802734,0.12873458862304688
Normalizer,262,1,54.20208382328836,92.2353428139072,39.57120446226251,0.09019609779395743,0.515268456375839,0.9425063938618926,0.3545507023282663,0.04058265686035156,0.12485146522521973
Normalizer,265,1,54.003869753917854,92.28981541564019,43.21770960432282,0.10003615547760868,0.5589254766031195,0.9430686283468884,0.39715220319415045,0.05820322036743164,0.12878894805908203
Normalizer,268,1,55.55201362609483,92.26749830599249,37.62593690081925,0.08321314150044064,0.4910394265232975,0.941324026611408,0.332153165287666,0.13073110580444336,0.12494492530822754
Normalizer,271,1,55.443114617407474,92.32468985673921,40.31723897507408,0.09021436257944092,0.5246821033927481,0.9417920861158178,0.3636328651144891,0.04187917709350586,0.13056588172912598
Normalizer,274,1,55.685108930365814,92.37617547688053,40.3521004009064,0.09229595137421245,0.5248542071646765,0.942643391521197,0.3636713488551087,0.10623693466186523,0.13078904151916504
Normalizer,277,1,55.17376406616352,92.42793211013468,42.71221892975422,0.09754423850263816,0.5531718193436115,0.9425500370644923,0.39145660958245143,0.04120612144470215,0.1319293975830078
Normalizer,280,1,53.48273434103721,92.23166162416489,44.0857591075475,0.10131662242468373,0.5690410296369939,0.9427528490028491,0.4075043294208197,0.041732072830200195,0.12587237358093262
Normalizer,283,1,55.776795729730125,92.41803649363914,41.73261286386613,0.09479808993670695,0.5416301009214568,0.9423609123007921,0.38002693861843373,0.04198455810546875,0.13407039642333984
Normalizer,286,1,53.8307670379635,92.17376185904322,42.9736796234966,0.09528840006739568,0.5565735971808078,0.9414030261348005,0.3950740812006927,0.043451547622680664,0.13263487815856934
Normalizer,289,1,49.758892238399646,90.66803040354286,14.997385393062576,0.024366721512332563,0.12401652595652955,0.932972972972973,0.06642293630940928,0.07141804695129395,0.1376786231994629
Normalizer,292,1,47.614619545464265,89.74585465115594,11.493812096914764,0.037381589313348514,0.045850871918220085,0.9791332263242376,0.02347508177794882,0.0527496337890625,0.1436312198638916
Normalizer,295,1,52.5959734604722,92.10781878728037,42.429841380512464,0.09682978286292218,0.5498555307201657,0.9425287356321839,0.38814700788916684,0.05365419387817383,0.14306187629699707
Normalizer,298,1,47.83258860168616,90.9439217848947,27.425483702283422,0.05220633629160095,0.3476844018299179,0.9357395850902345,0.21350779295747546,0.18442082405090332,0.1406853199005127
Normalizer,301,1,53.96418731604415,92.20537469841746,40.19522398466097,0.08842463231923743,0.5233795460228378,0.9411470823341327,0.36247835289590147,0.042695045471191406,0.14456582069396973
Normalizer,304,1,54.124195582921764,92.1640474992943,43.18633432107373,0.09679983029692314,0.5589325827491949,0.9418095585552718,0.397383105637868,0.04355454444885254,0.13794851303100586
Normalizer,307,1,42.91142895830215,88.54972320490023,11.573993376329092,0.03284689308862112,0.04811048148009157,0.9682779456193353,0.02466807773715605,0.04351997375488281,0.14910531044006348
Normalizer,310,1,52.74990984827429,92.16439568460011,41.95572598919296,0.09330238891223513,0.5445344129554656,0.9415381704663702,0.3830286703867616,0.04372692108154297,0.1452014446258545
Normalizer,313,1,53.73802977501265,92.30618328886985,41.617570158619486,0.09758308189071463,0.5398796604115724,0.943622742988859,0.3781027515874543,0.043058156967163086,0.14877796173095703
Normalizer,316,1,49.56809840435009,90.77785384036292,16.79274882342688,0.02223770421599826,0.16146711635750421,0.926986688180718,0.08843563594381373,0.05198860168457031,0.14595293998718262
Normalizer,319,1,43.46572595300707,89.08433425649247,11.699494509325431,0.03531305758521607,0.05067276338967805,0.9712643678160919,0.02601500865884164,0.04347825050354004,0.15391850471496582
Normalizer,322,1,45.70041405654259,90.16006349054932,13.069548544535472,0.02611955993550991,0.08222304011777697,0.9426160337552743,0.042986338272080045,0.04400801658630371,0.15547657012939453
Normalizer,325,1,54.529111524455,92.22690974960229,40.04183371099878,0.08913885833251264,0.5213591962819693,0.9415963007639726,0.3604771983836829,0.044135093688964844,0.15300655364990234
Normalizer,328,1,49.38674876531332,90.36680194740782,73.43907965835803,0.026848319064961955,0.8425208242905273,0.9100285765315235,0.7843371175678276,0.04424476623535156,0.14924120903015137
Normalizer,331,1,53.539998147079146,92.31765947661134,37.022834233920165,0.09232098006051012,0.4817991451765583,0.9461469130238847,0.3231864537233019,0.048433542251586914,0.15408849716186523
Normalizer,334,1,41.76479592927544,88.90811675430712,11.573993376329092,0.03704891817397068,0.04768162192603717,0.9769230769230769,0.024437175293438522,0.0637819766998291,0.1595158576965332
Normalizer,337,1,42.93954489413409,88.80302413369795,11.288129684504096,0.03599286993807412,0.04136372198154078,0.9803571428571428,0.021127573600153934,0.04498624801635742,0.16129183769226074
Normalizer,340,1,53.326889444765136,92.00468507827387,38.542792400209166,0.076063132117366,0.5039534033034132,0.9373037471216245,0.3446218972484125,0.045150041580200195,0.14916062355041504
Normalizer,343,1,54.26669089717002,92.28953179516124,41.87554470977863,0.0942419157518661,0.5434431391878201,0.9419973419403835,0.38187415816817394,0.04525423049926758,0.15608477592468262
Normalizer,346,1,50.67275850027437,91.5058329905953,26.557434199058743,0.04977448229803279,0.33406037616563933,0.9352212389380531,0.20334808543390417,0.05226612091064453,0.1574103832244873
Normalizer,349,1,48.80292333896336,91.28842654348199,27.627679972110858,0.06347630065367911,0.34905305405744386,0.9422718808193669,0.21420050028862805,0.045540571212768555,0.15828537940979004
Normalizer,1,3,95.11282007425936,99.37634523754907,87.19888443437337,0.5676348366370282,0.9246367293325671,0.9906328334579357,0.8668847411968443,0.03237438201904297,0.04709434509277344
Normalizer,4,3,86.9412467306637,97.77307359012742,91.06850270176051,0.5597867399110444,0.9497311933445827,0.9688163003882951,0.9313834904752742,0.09688663482666016,0.04287552833557129
Normalizer,7,3,79.32718163612911,96.33792370423085,79.09360292835977,0.3366213514955247,0.8740575844761325,0.9620007396449705,0.8008466422936309,0.02842879295349121,0.0417330265045166
Normalizer,10,3,79.66244271980273,96.33855860711837,79.35157747951891,0.36443545061732135,0.8751291295089916,0.9676892950391645,0.7987300365595535,0.039931535720825195,0.04282879829406738
Normalizer,13,3,77.50942495314249,96.00483484646183,77.86996688164545,0.321843949587911,0.8657076369790565,0.9612872915198497,0.7874158168173947,0.02691197395324707,0.04404425621032715
Normalizer,16,3,73.8586463700568,94.91493484496294,74.8126198361513,0.32008120313486943,0.8431700275673446,0.9670384385580562,0.7474312103136425,0.027963876724243164,0.04277658462524414
Normalizer,19,3,52.33470021878719,91.28097619572524,67.06641101621057,0.05802037779854366,0.7937561401593712,0.917204843592331,0.6995959207234943,0.07393622398376465,0.04752540588378906
Normalizer,22,3,54.56997413037436,92.23052872096525,42.58323165417466,0.09308675322046422,0.5521535784207091,0.9408766564729868,0.3907254185106792,0.10729360580444336,0.044677734375
Normalizer,25,3,77.89784704851088,95.35070873369102,84.65400034861426,0.4058534844393565,0.9107244260566236,0.9626977661535823,0.8640754281316144,0.028719186782836914,0.04544234275817871
Normalizer,28,3,64.44509581738753,93.68028507104451,47.010632734878854,0.14965556290541313,0.597372324645052,0.958273136738336,0.4339426592264768,0.10455775260925293,0.045925140380859375
Normalizer,31,3,73.72569787412966,94.77766850658827,66.69339375980478,0.25991290168903813,0.7809519442406456,0.9659690318189552,0.655416586492207,0.027814149856567383,0.04772233963012695
Normalizer,34,3,57.8025242483199,92.4451554000657,36.31166114694091,0.08317035942084135,0.47353102216074466,0.942634235888022,0.31618241293053684,0.02778768539428711,0.04870939254760742
Normalizer,37,3,62.129757196103164,93.4501436440587,51.19400383475684,0.15552908972362645,0.6424010217113666,0.9551842005317128,0.4839330382913219,0.02779412269592285,0.05618119239807129
Normalizer,40,3,69.24054048275714,93.93463608193731,62.8412062053338,0.2132475783215009,0.7503454737088652,0.958587672052663,0.6164325572445641,0.03874921798706055,0.05048346519470215
Normalizer,43,3,72.8917124551914,94.6171560197743,65.91249782116088,0.24580968441566628,0.775094304903855,0.9632954090675204,0.648412545699442,0.0503842830657959,0.05177426338195801
Normalizer,46,3,65.17925156251114,93.52690045751376,62.506536517343555,0.17742351246470692,0.7495750576291709,0.9489446999174626,0.6194342890128921,0.06632328033447266,0.05997610092163086
Normalizer,49,3,62.893129226975674,93.34301627624161,65.23270001743072,0.15230745994563152,0.7743512003077132,0.9396002635624863,0.6585337694823937,0.028016328811645508,0.05042147636413574
Normalizer,52,3,57.708432927828724,92.82261390201664,61.171343907965834,0.08193252997355022,0.7436593785960874,0.9250501002004008,0.6217433134500674,0.038210391998291016,0.05304265022277832
Normalizer,55,3,58.877191257064254,93.18288017721127,64.81784905002614,0.0998239632423603,0.7736204576043069,0.9273460607690239,0.6636136232441794,0.03085613250732422,0.05392575263977051
Normalizer,58,3,56.765482935311674,92.69416314543608,60.18825169949451,0.07824534838203995,0.7352559347181009,0.924610809865314,0.61027515874543,0.029244661331176758,0.05497932434082031
Normalizer,61,3,59.62063726223818,92.83753457235606,71.2776712567544,0.11832204006879993,0.8237835525612234,0.9272026961964371,0.7411198768520301,0.031683921813964844,0.06113934516906738
Normalizer,64,3,60.62083253158873,93.36993143759446,44.30887223287432,0.11622352940695821,0.569951813067004,0.9483963447410858,0.4073888781989609,0.029030323028564453,0.05870819091796875
Normalizer,67,3,56.23554187244778,92.68334860815031,44.81087676485968,0.06701607618707017,0.5813344616930686,0.9292357118701386,0.42297479314989417,0.07393670082092285,0.0708322525024414
Normalizer,70,3,58.398835510515326,93.04096658139763,54.132822032421124,0.08079820144680908,0.6787449639848614,0.9284569138276553,0.5348855108716567,0.031667232513427734,0.05919504165649414
Normalizer,73,3,51.73826352810382,91.72329267062904,25.79048283074778,0.050329770757738125,0.3213568399910734,0.9364548494983278,0.19395805272272465,0.04075503349304199,0.06078815460205078
Normalizer,76,3,57.703065158674164,92.90657880390599,46.81889489280112,0.08044316965697021,0.6025377139730596,0.9328009035172636,0.4449874927842986,0.03058457374572754,0.07262849807739258
Normalizer,79,3,58.05777834790726,92.97069318775476,50.37127418511417,0.08040605703666559,0.6407771889982337,0.9305240014657383,0.48862805464691167,0.04663443565368652,0.06348800659179688
Normalizer,82,3,58.634284736920876,93.38447059689996,56.23147986752658,0.08937599895513267,0.6982768979356421,0.9297324971201844,0.5590917837213777,0.03083515167236328,0.06479048728942871
Normalizer,85,3,62.31663281522817,93.50491819884968,62.834233920167335,0.12130665578193045,0.7557337610264635,0.9338618346545866,0.634673850298249,0.03118753433227539,0.06684470176696777
Normalizer,88,3,52.28143159515105,91.61459158900693,18.94718493986404,0.04446189604641062,0.2002063983488132,0.9432739059967585,0.11198768520300173,0.0482172966003418,0.06435632705688477
Normalizer,91,3,58.07408405134016,93.1976102165834,51.09290569984313,0.07743608771206875,0.648528122259802,0.9291457286432161,0.49809505483933036,0.0308990478515625,0.06897974014282227
Normalizer,94,3,53.868831733407454,92.13211980533625,24.40299808262158,0.06616828656166909,0.2953238228317031,0.9490392648287385,0.1748701173754089,0.03134512901306152,0.0793156623840332
Normalizer,97,3,51.54860282641695,91.52235729605623,41.5861948753704,0.029690395625330383,0.5478195164075993,0.9168096829554693,0.39060996728882047,0.03143119812011719,0.07017159461975098
Normalizer,100,3,61.47006321310728,93.27617550405182,66.52605891580966,0.12164814455971976,0.7865273454868831,0.9312450644906555,0.6807388878198961,0.08163881301879883,0.0699152946472168
Normalizer,103,3,50.98472052965028,91.3177097274484,19.379466620184765,0.04556232708717163,0.20828483396097228,0.9432558139534883,0.11706753896478737,0.04434704780578613,0.07295107841491699
Normalizer,106,3,63.687400850918266,93.47538298205139,65.21526930451455,0.15100449378610858,0.7742738213736313,0.9392941434765903,0.6585722532230133,0.03165721893310547,0.07261443138122559
Normalizer,109,3,55.86959000563003,92.46836435696304,44.347219801289874,0.0668764143317153,0.57601189843833,0.9294591583097626,0.4173176832788147,0.031978607177734375,0.08401012420654297
Normalizer,112,3,55.781282648821616,92.43754901993174,43.01202719191215,0.061844395981062505,0.5609775748623607,0.9283555555555556,0.40192418703097943,0.03207707405090332,0.07321047782897949
Normalizer,115,3,55.18645372330191,92.27954091204266,43.20376503398989,0.06325639530943343,0.5630765930057927,0.9287799699194904,0.4040023090244372,0.03232836723327637,0.07771468162536621
Normalizer,118,3,61.58865157248841,93.69446160340861,63.86264598222068,0.11724686523448447,0.7647192337373462,0.9321086703922979,0.6482970944775832,0.05416250228881836,0.07767200469970703
Normalizer,121,3,57.11622802328979,92.84686355046902,51.00923827784556,0.07165689132617382,0.6481912629866066,0.9273638968481376,0.49821050606118916,0.03256487846374512,0.07995200157165527
Normalizer,124,3,58.898730749221414,92.86567945948714,56.20707686944396,0.08902064247740404,0.6980723934047974,0.9296459893732796,0.5588608812776602,0.09160995483398438,0.07829618453979492
Normalizer,127,3,50.53883365759448,91.05289172982326,17.047237232002786,0.029742831651010628,0.16535129257427478,0.9338351822503962,0.09070617664036944,0.03664541244506836,0.08726239204406738
Normalizer,130,3,51.229277574669155,91.00629624525527,46.98622973679624,0.022918644042313592,0.6103466830655699,0.9132034963962582,0.4583413507792958,0.04452967643737793,0.0806424617767334
Normalizer,133,3,57.12302539214218,92.48832573895417,44.44483179362036,0.10311894378057991,0.5730361161719001,0.9431166769556398,0.41154512218587647,0.05814862251281738,0.08263731002807617
Normalizer,136,3,58.97820537489578,92.92516560281463,56.86944396025797,0.08820156685673959,0.7043727598566308,0.929026158209896,0.5672118529921109,0.08543109893798828,0.08101081848144531
Normalizer,139,3,51.55142496739571,91.42548924978601,17.36447620707687,0.04302076894733635,0.16950458972741925,0.946030504497458,0.09309216855878391,0.046587228775024414,0.08523774147033691
Normalizer,142,3,59.05703575424568,92.65022992536835,59.6025797455116,0.10438479437785994,0.7283510713113601,0.9317459365441132,0.5978449105253031,0.2275254726409912,0.08436298370361328
Normalizer,145,3,59.088290252923706,92.76858483419335,66.82935332055081,0.090710681405285,0.790413885768409,0.924178427938601,0.6904752741966519,0.13971185684204102,0.08763909339904785
Normalizer,148,3,59.12999665048923,92.8012845737886,56.35349485793969,0.08573493902180619,0.6997025808308548,0.9286305468899216,0.5613238406773139,0.21715807914733887,0.08834195137023926
Normalizer,151,3,57.88170668263029,92.63777367525994,46.45284992156179,0.11604198986773008,0.5946587850319311,0.9460911915358132,0.4335963055609005,0.045664072036743164,0.09205770492553711
Normalizer,154,3,56.03051903163505,92.36942412472484,46.80843646505142,0.10748489369620867,0.5995695989922318,0.9425695189372061,0.43959976909755627,0.10211658477783203,0.09100484848022461
Normalizer,157,3,54.08420099915193,92.05215234456467,45.87763639532857,0.10731676444525069,0.5890791667769514,0.9433706341132587,0.42824706561477777,0.14577841758728027,0.09334921836853027
Normalizer,160,3,57.77230025869626,93.1295068532393,43.72668642147464,0.11390844101856097,0.5633520882925773,0.948101611581535,0.4007311910717722,0.07347249984741211,0.09197092056274414
Normalizer,163,3,55.06158966355233,92.27226630616103,47.35924699320202,0.11267605376240994,0.6051668235540215,0.9439595399298475,0.44533384644987495,0.09273719787597656,0.09689164161682129
Normalizer,166,3,52.02775532892908,91.08004480428632,53.60990064493638,0.027796835744191502,0.6779291816927657,0.9134489955648317,0.5389647873773331,0.053407907485961914,0.09618473052978516
Normalizer,169,3,53.06583142696285,92.05946900820962,44.55638835628377,0.10058572682042698,0.5746228736492992,0.9420327983863895,0.4133923417356167,0.13373041152954102,0.0992746353149414
Normalizer,172,3,58.45020702827129,92.91768089932259,46.85375631863343,0.1214912290390627,0.5985939598199005,0.9477238619309655,0.4374446796228593,0.03960728645324707,0.09543871879577637
Normalizer,175,3,52.453017766660246,91.96767710845693,43.392016733484404,0.09159014687168593,0.5619874838152784,0.9395688644358258,0.4008851260342505,0.04504227638244629,0.10035443305969238
Normalizer,178,3,54.09592856277483,92.09431510023474,46.9932020219627,0.10743727188358532,0.6016400744059315,0.9423834537097833,0.441870309794112,0.03584456443786621,0.09917569160461426
Normalizer,181,3,54.177015229584015,92.34198045509333,20.92382778455639,0.08184197724468466,0.23105867995525273,0.9698349459305634,0.13115258803155666,0.03578758239746094,0.10680389404296875
Normalizer,184,3,57.00214796285606,92.60125220986488,44.29841380512463,0.10645475534045558,0.5709452201933405,0.9445579742336739,0.40912064652684244,0.036269426345825195,0.09766244888305664
Normalizer,187,3,51.78113726580149,91.75958856690141,44.117134390796586,0.09244628787612254,0.5704255547218351,0.9392816168034596,0.40958245141427746,0.0446162223815918,0.10846829414367676
Normalizer,190,3,53.006814472737126,91.85749745825873,44.02998082621579,0.09774671352376184,0.5687964977305079,0.9414118065433855,0.4075043294208197,0.11868166923522949,0.10533952713012695
Normalizer,193,3,56.979870153008505,92.89899332817252,39.94770786125152,0.09355518470037791,0.5196051090412181,0.9435835105844221,0.3585145276120839,0.03688836097717285,0.10695028305053711
Normalizer,196,3,56.77078799022228,92.71203789096218,43.5140317238975,0.10855035343481596,0.5614528919804044,0.9461777047983945,0.39915335770636906,0.049990177154541016,0.10332798957824707
Normalizer,199,3,52.557656482728646,92.20363838970829,43.7441171343908,0.10022803521856993,0.5651459214745749,0.9426465300251708,0.4035405041370021,0.04884195327758789,0.1095736026763916
Normalizer,202,3,57.938778069969146,93.2567016901528,43.5140317238975,0.11363607555275153,0.5608586063907635,0.9482221407624634,0.39819126419087936,0.03787827491760254,0.10684752464294434
Normalizer,205,3,57.764959841504,93.15831556448451,42.175352971936555,0.10571254262407635,0.545698556599381,0.9464183925517765,0.38337502405233786,0.03737044334411621,0.11305713653564453
Normalizer,208,3,56.207525709276716,92.80953263595369,36.03974202544884,0.08082195101732553,0.47018394986860723,0.9418093475242943,0.3132961323840677,0.052873849868774414,0.10700011253356934
Normalizer,211,3,58.03182462816867,93.18019159772946,41.059787345302425,0.10388058373796982,0.5322192402401571,0.9468399291199054,0.37013661727919955,0.03815436363220215,0.11333823204040527
Normalizer,214,3,58.66962278807575,93.39719015988382,43.59769914589507,0.11862529452105373,0.5612712530845785,0.9501468968049945,0.39826823167211856,0.038518667221069336,0.11579608917236328
Normalizer,217,3,51.12871670978271,90.50823430344153,54.57207599790831,0.03231889851099312,0.6868376150537118,0.914501471905798,0.5499326534539157,0.04174399375915527,0.11807608604431152
Normalizer,220,3,57.45208845559047,93.01046214155558,41.101621056301205,0.10537839194854243,0.5325512547381236,0.9474305965741288,0.3703675197229171,0.038414716720581055,0.11089634895324707
Normalizer,223,3,58.289645735787744,93.28137804220799,40.88896635872407,0.10678832191869703,0.5297315287330818,0.9482673021547016,0.3675197229170675,0.03864264488220215,0.11800312995910645
Normalizer,226,3,58.285431053528036,93.3087589162721,41.39445703329267,0.11295601575954843,0.535235409582262,0.9503239740820735,0.372522609197614,0.061669349670410156,0.11618828773498535
Normalizer,229,3,57.12945787812056,92.88189737880619,42.94927662541398,0.10980147223103964,0.554560548735676,0.9472754323972475,0.39203386569174525,0.05897092819213867,0.11908435821533203
Normalizer,232,3,57.0072463458263,92.7611468630903,42.0812271221893,0.09960054498217442,0.5452953089933767,0.9439969676869137,0.38337502405233786,0.06196308135986328,0.11249995231628418
Normalizer,235,3,57.31448912834327,92.77183339157413,43.01202719191215,0.11283861728580663,0.5549535814434674,0.9484459333705565,0.3922262843948432,0.03988361358642578,0.12059569358825684
Normalizer,238,3,54.857513237694114,92.54404838138215,31.723897507408054,0.08968230209341836,0.407789301805207,0.9515946937623483,0.2594958629978834,0.04698443412780762,0.12477278709411621
Normalizer,241,3,56.92422979069121,92.86623620974792,43.130556039742025,0.1072317910684443,0.5570369565807696,0.9460431654676259,0.3947277275351164,0.11172890663146973,0.12346124649047852
Normalizer,244,3,55.97230453466744,92.62398522323248,40.93080006972285,0.09522869370290381,0.5317008457243934,0.9433166617632637,0.37017510101981915,0.040087223052978516,0.11836552619934082
Normalizer,247,3,57.80505562325844,92.7746476166735,45.487188426006625,0.11714015379023582,0.5835353024209657,0.947500432451133,0.421589378487589,0.03986978530883789,0.12308263778686523
Normalizer,250,3,55.924492050256916,92.57584007578474,40.21962698274359,0.09168869859245368,0.5232693911592994,0.942513770655984,0.3621704829709448,0.09177374839782715,0.12123346328735352
Normalizer,253,3,54.46739215644354,92.29927211734397,32.030678054732434,0.06973233077391418,0.4153647785540796,0.9405214557305812,0.266538387531268,0.04040050506591797,0.13117480278015137
Normalizer,256,3,56.879256551144174,92.75858555373956,42.565800941258495,0.10378908659361151,0.5506613936997137,0.9452247191011236,0.3884933615547431,0.04029107093811035,0.18077301979064941
Normalizer,259,3,54.94896628396725,92.49920648702994,32.56405786996688,0.07885717561556731,0.4217386105464546,0.9446899691978037,0.27146430633057533,0.15120315551757812,0.1278541088104248
Normalizer,262,3,56.83575709633051,93.03219547756663,42.67735750392191,0.10937764731021692,0.551338372124751,0.9473930982745686,0.3888012314796998,0.04387021064758301,0.13028717041015625
Normalizer,265,3,57.485145988782705,93.16403425944901,42.17186682935332,0.10877295527378572,0.5452850877192983,0.9476893758932825,0.3827592842024245,0.04123544692993164,0.12796998023986816
Normalizer,268,3,57.63867900997014,93.18352887818675,41.575736447620706,0.1101132973944097,0.5378230054328341,0.9489100817438693,0.37525495478160475,0.04376029968261719,0.12414336204528809
Normalizer,271,3,57.430095710488246,93.05371975802568,43.259543315321594,0.10842460808911296,0.5584373304395008,0.9463908045977012,0.396074658456802,0.20505928993225098,0.12933111190795898
Normalizer,274,3,54.082095796007664,92.21859942674114,34.73243855673697,0.08578054921737847,0.45151461885510047,0.9456375015339306,0.2965557052145468,0.053192138671875,0.12879323959350586
Normalizer,277,3,56.97201661927465,92.96099319631111,39.74551159142409,0.09900581922681685,0.5163420640250728,0.9461593682699211,0.355050990956321,0.04156851768493652,0.13228130340576172
Normalizer,280,3,55.077587497060264,92.39450155078019,37.84905002614607,0.08566149218342191,0.4936378095887298,0.9422096931584083,0.33442370598422166,0.07399582862854004,0.12550902366638184
Normalizer,283,3,57.039029639606895,93.12949800724368,41.43280460170821,0.1100775810724844,0.5360653926875069,0.949056419282292,0.3735231864537233,0.04172372817993164,0.1335606575012207
Normalizer,286,3,56.744085975527184,92.75766122947185,42.37754924176399,0.10243558537768095,0.5485483298282031,0.9448626270229582,0.38645372330190497,0.04269123077392578,0.13212370872497559
Normalizer,289,3,57.2767123482921,93.1838995991279,42.30782639009936,0.10733879799271497,0.5471114638351441,0.946949602122016,0.3846834712334039,0.05583477020263672,0.13442397117614746
Normalizer,292,3,57.21544338257827,92.67448815585644,40.815757364476205,0.09576407650712182,0.5302044995434043,0.9436564223798266,0.36867423513565517,0.09720206260681152,0.1389021873474121
Normalizer,295,3,55.81424326000042,92.50828670887155,42.18929754226948,0.09719204775408471,0.5469001885297412,0.9429055963821368,0.38514527612083893,0.04310154914855957,0.14548563957214355
Normalizer,298,3,56.10953470306943,92.87656055169084,42.54837022834234,0.10593272761784284,0.550193787870517,0.9461184642823618,0.3878776217048297,0.043734073638916016,0.14095377922058105
Normalizer,301,3,50.26501756711493,91.41499676375236,18.92278194178142,0.04653733015050474,0.19938724224586044,0.9451697127937336,0.1114489128343275,0.043582916259765625,0.14895415306091309
Normalizer,304,3,55.87654986138727,92.93204279250425,43.37807216315147,0.11199659045060852,0.559431454456681,0.9477070122231412,0.39684433326919377,0.04360675811767578,0.14831209182739258
Normalizer,307,3,57.093990122506575,92.5928775540993,46.602754052640755,0.11756008438085934,0.5961878147161952,0.9465092918131592,0.43513565518568403,0.04366135597229004,0.15507817268371582
Normalizer,310,3,56.67582722225786,92.85751471293315,40.98657835105456,0.09970642634896763,0.5318325128602246,0.9451489236213506,0.37002116605734076,0.06598591804504395,0.14494657516479492
Normalizer,313,3,55.67893585330569,92.76413484646504,41.15042705246645,0.09843310064432638,0.5340215861098077,0.9444444444444444,0.3722532230132769,0.05869340896606445,0.14744091033935547
Normalizer,316,3,53.93502804324433,92.23173938245986,43.688338853059086,0.09988542736860712,0.5645269997034481,0.9425639178970112,0.40292476428708873,0.04456758499145508,0.14194059371948242
Normalizer,319,3,52.67857382107911,92.0338582643386,39.250479344605196,0.0903129116904487,0.5111647217235189,0.942874883576529,0.3506253607850683,0.04425787925720215,0.14985442161560059
Normalizer,322,3,54.72733699641531,92.73021570192661,43.35018302248562,0.10938337974122335,0.559405672143593,0.9466825731852804,0.3969982682316721,0.04836153984069824,0.14791226387023926
Normalizer,325,3,55.72806676216335,92.6472239824266,42.37754924176399,0.1010035746829445,0.5487208889616949,0.9442773914677692,0.38672310948624206,0.12625527381896973,0.152113676071167
Normalizer,328,3,42.50085448157412,89.42067576772543,16.29423043402475,0.03614002440847983,0.14905907786086403,0.9422043010752689,0.08093130652299403,0.06378626823425293,0.14598417282104492
Normalizer,331,3,56.76653624954567,92.57199068780292,45.92295624891058,0.1115914464537327,0.5891296286486201,0.9449400968646444,0.4279776794304406,0.04502725601196289,0.15553879737854004
Normalizer,334,3,53.40273092026027,92.48734844156874,42.78194178141886,0.10367859686484053,0.5532783538825835,0.9449609520267758,0.3911487396574947,0.045226097106933594,0.15112018585205078
Normalizer,337,3,57.3176832788147,93.12516407510334,43.527976294230434,0.1149426576600263,0.5608718046029982,0.9487344093910491,0.39811429670964016,0.04633736610412598,0.15723705291748047
Normalizer,340,3,54.650825618768664,92.53460714287147,41.694265295450585,0.09969718133677755,0.5405598439689037,0.9444231138414283,0.37864152395612855,0.11672234535217285,0.1518537998199463
Normalizer,343,3,51.315345747902995,91.6665994580175,36.60449712393237,0.09689377192698784,0.47555875991348234,0.9487917146144994,0.3172984414085049,0.04551124572753906,0.15663623809814453
Normalizer,346,3,45.73162294486135,90.32167523866373,20.481087676485966,0.030696214623384933,0.23157256434442797,0.9291700459583672,0.13226861650952473,0.04589509963989258,0.15514492988586426
Normalizer,349,3,55.33175122399675,92.8949378694833,44.357678229039564,0.11773502166793977,0.5703518264287061,0.948943031171623,0.40769674812391765,0.046036720275878906,0.16057586669921875
Normalizer,1,5,91.70216577940266,98.58258019229203,87.04200801812793,0.5313467091689581,0.9242526135599437,0.9822836351035259,0.8726957860304022,0.03242683410644531,0.0448758602142334
Normalizer,4,5,84.5825540375858,97.32602248552269,90.74080529893672,0.536965220221088,0.9479623824451411,0.9655557772899621,0.9309986530690784,0.02877044677734375,0.044260501861572266
Normalizer,7,5,75.69066341692856,95.74401741214784,72.47341816280286,0.2806277327529285,0.8267433185588274,0.9617132063913421,0.7249951895324226,0.11942458152770996,0.042295217514038086
Normalizer,10,5,75.46323092382356,95.72797837312945,70.78961129510198,0.2844902922773435,0.8133478871043194,0.9656193800909764,0.7025591687512026,0.027751445770263672,0.043009281158447266
Normalizer,13,5,75.04134864131015,95.69993865693124,77.12393236883388,0.2977266778244978,0.8610275742301665,0.9573776668393539,0.7822974793149894,0.078643798828125,0.04477572441101074
Normalizer,16,5,56.36489285128885,92.3346716252455,42.9841380512463,0.07775155593234517,0.5587719534896269,0.934488359501895,0.39853761785645564,0.02733325958251953,0.0428929328918457
Normalizer,19,5,72.43319293894626,94.65925627298252,70.96391842426355,0.2629000611582323,0.8156607573644955,0.959839566621523,0.7091398883971523,0.027778148651123047,0.044051170349121094
Normalizer,22,5,53.49843998318118,91.91497475738791,41.27592818546278,0.05405083968666388,0.5410706988148754,0.9263059701492538,0.3821435443525111,0.09318208694458008,0.044962406158447266
Normalizer,25,5,68.94263357064973,94.02141135958328,69.88670036604498,0.23328225127270344,0.8084020938692219,0.9541337242787581,0.7012892053107562,0.04927825927734375,0.04634571075439453
Normalizer,28,5,58.74039866304634,92.61222447933278,44.751612340944746,0.09777342812278259,0.5772062746771957,0.9407774589094704,0.4163171060227054,0.028622150421142578,0.04662752151489258
Normalizer,31,5,61.76661606767438,92.91894450627842,67.90308523618616,0.1465472428628722,0.7964539163884774,0.93583748960931,0.6932076197806427,0.029157161712646484,0.04771232604980469
Normalizer,34,5,67.76451799114874,93.78673251961165,68.09133693568067,0.21363194281098827,0.7948539794248829,0.9516960068699012,0.6823936886665384,0.15136051177978516,0.048818349838256836
Normalizer,37,5,59.01166484937891,92.4415112276179,77.23200278891407,0.11349193682817811,0.866765947897754,0.9222887904836329,0.8175485857225322,0.028250455856323242,0.049256324768066406
Normalizer,40,5,64.86581289775441,93.29209194281557,78.08610772180582,0.18313103728369795,0.8709770114942529,0.9332307015614691,0.8165095247258033,0.07063746452331543,0.05142784118652344
Normalizer,43,5,74.1943899258119,94.66509378479024,71.9156353494858,0.2972527832246307,0.821714690390829,0.966876725170564,0.7144506446026554,0.03459787368774414,0.051746368408203125
Normalizer,46,5,57.83553617115287,92.339626691762,38.03032944047411,0.07326446782340444,0.4976828303379677,0.9365096245878974,0.3388878198960939,0.10647177696228027,0.05238938331604004
Normalizer,49,5,57.2929325323014,92.60919727208619,64.06832839463134,0.0764384985695689,0.7686160062857784,0.9223599137931034,0.6588031556667308,0.07418084144592285,0.05119681358337402
Normalizer,52,5,53.21293766346682,91.7702237570765,65.10719888443437,0.04526527035161097,0.7786941428792535,0.9151335619997921,0.6776601885703291,0.02893996238708496,0.05222749710083008
Normalizer,55,5,56.48875348313484,92.43967598049537,63.17238975074081,0.06940859893319302,0.7615026865941211,0.9211316838713202,0.6490282855493554,0.030358076095581055,0.06710028648376465
Normalizer,58,5,61.12303394408455,92.97802032648845,62.649468363256055,0.13496238960301737,0.7533496017312031,0.9374892568612846,0.6296709640177025,0.029318809509277344,0.053954362869262695
Normalizer,61,5,58.55116413315374,92.61408351088717,66.20533379815234,0.09644011289898968,0.7851316606082099,0.925774920286446,0.6815855301135271,0.029146671295166016,0.057805776596069336
Normalizer,64,5,54.64468104818307,92.00894467474782,67.10475858462611,0.06077993002573288,0.7939378057302585,0.9177563487655879,0.6995574369828748,0.04830288887023926,0.059674978256225586
Normalizer,67,5,57.13925982938874,92.34904386915004,70.36081575736448,0.0948250039045452,0.8177257525083612,0.9231327750617164,0.7339234173561671,0.0328671932220459,0.05902910232543945
Normalizer,70,5,58.584314312388194,92.67100045137389,46.020568241241065,0.10819687598263308,0.5906086404737984,0.9435667821238489,0.4298248989801809,0.03138470649719238,0.05963444709777832
Normalizer,73,5,45.29836586634739,89.18148549037281,11.058044274010808,0.030161911415821814,0.03670001887861053,0.972,0.01870309794111988,0.03185749053955078,0.06208372116088867
Normalizer,76,5,47.78635109999359,89.78232370287502,60.80878507930974,0.012140221851813786,0.7446508881115704,0.9085970844188238,0.6308254762362902,0.032570838928222656,0.060830116271972656
Normalizer,79,5,58.449594139068836,92.6192038926979,45.82185811399686,0.10697331086634437,0.5884813981199524,0.9432937181663837,0.42763132576486435,0.05862116813659668,0.0644688606262207
Normalizer,82,5,55.93463322857204,92.14053852126676,59.89890186508629,0.06059825124206713,0.7338069562400203,0.9203041560250754,0.6101597075235713,0.11715030670166016,0.06510329246520996
Normalizer,85,5,48.88418674591467,90.66322466189307,18.90186508628203,0.028322670539692098,0.20209226547761963,0.9293375394321767,0.11337309986530691,0.036108970642089844,0.06563258171081543
Normalizer,88,5,57.62370028292676,92.44945497819228,60.554296670733834,0.0750989666789085,0.7386775676112612,0.9236456047129491,0.6154319799884549,0.03183293342590332,0.0660250186920166
Normalizer,91,5,57.030845430768466,92.32423043400985,61.47115217012376,0.07184937076261157,0.7468621163536417,0.9224328147100425,0.6274389070617664,0.06708312034606934,0.06974267959594727
Normalizer,94,5,56.93174552270184,92.30668392068614,59.90587415025275,0.06848195235318302,0.7333719717167033,0.9222740524781341,0.608697325380027,0.0659945011138916,0.06931734085083008
Normalizer,97,5,50.60027223683179,90.27405023877617,54.62785427924002,0.030352439476073686,0.6875225084631822,0.9139537852674582,0.5510101981912642,0.06789135932922363,0.07106590270996094
Normalizer,100,5,53.6390353409018,91.87065464636744,41.34565103712742,0.09529880110328838,0.5368203716448727,0.9429400386847195,0.3752164710409852,0.03235197067260742,0.06935405731201172
Normalizer,103,5,48.58861308874778,90.56899723269287,17.713090465400036,0.028963092722799642,0.17876278616658547,0.931809938338774,0.09886472965172215,0.05440688133239746,0.07363200187683105
Normalizer,106,5,54.24274688388599,91.94310686068852,42.69478821683807,0.10049402887635224,0.5526100919928147,0.9437575532211583,0.39068693477005967,0.07811999320983887,0.07383990287780762
Normalizer,109,5,58.041174751815504,92.51554319612929,36.83806867700889,0.08408020538229098,0.4804725583529277,0.9425132185847677,0.32241677891091014,0.13843798637390137,0.07620406150817871
Normalizer,112,5,57.91157006535109,92.34075253828529,40.34861425832317,0.08895695426375598,0.5252351488582447,0.9412291169451074,0.36424860496440253,0.0331110954284668,0.07395219802856445
Normalizer,115,5,54.08525573870966,91.82912999815636,43.6778804253094,0.09658684578284793,0.5647863800441787,0.9412768249977552,0.40342505291514336,0.07182860374450684,0.07802057266235352
Normalizer,118,5,58.05560757987157,92.37187726241335,40.87153564580792,0.09403835693651644,0.5311143670693611,0.9428739693757362,0.3696748123917645,0.03289222717285156,0.07736778259277344
Normalizer,121,5,53.82213100150371,91.82953190301193,43.20376503398989,0.0967042636156022,0.5591514233142115,0.9417555373256767,0.39761400808158553,0.03976583480834961,0.07997775077819824
Normalizer,124,5,53.79520948695473,91.8487246719975,42.81331706466794,0.09430097480647083,0.5547714688958854,0.9411548024679989,0.39330382913219164,0.04005265235900879,0.08180570602416992
Normalizer,127,5,56.229854830778436,91.8646408771782,63.51403172389751,0.08475402879786759,0.763544349554923,0.924549980850249,0.6502982489898018,0.034378767013549805,0.08305525779724121
Normalizer,130,5,57.898361590376226,92.34557375382295,39.790831445006106,0.08967183820951782,0.5181217041935214,0.9420657467532467,0.35732153165287667,0.033687591552734375,0.08077621459960938
Normalizer,133,5,51.88712576343902,91.5131064487289,45.420951716925224,0.09890659793199412,0.5847875669654697,0.9406194010749936,0.42428324033096015,0.046057939529418945,0.08359718322753906
Normalizer,136,5,52.090126069883624,91.5014147001652,44.228690953459996,0.0959514151110729,0.5713290460878885,0.9405381561535069,0.4102751587454301,0.033678531646728516,0.08029818534851074
Normalizer,139,5,58.0513301833679,92.42899791970898,39.267910057521355,0.0904202881438471,0.5113735169550949,0.9429044269755896,0.3508177794881662,0.034152984619140625,0.0859062671661377
Normalizer,142,5,53.415531752649315,91.14764946180537,59.065713787693916,0.05551818562212789,0.7267268665053063,0.919331095801684,0.6008466422936309,0.03455042839050293,0.08568811416625977
Normalizer,145,5,57.62932888632331,92.36132723796788,39.201673348439954,0.0889638889609339,0.5107170912355515,0.9423335749042344,0.350279007119492,0.11730408668518066,0.08854508399963379
Normalizer,148,5,54.969981256992995,91.55365088149819,63.350183022485616,0.07941467925692867,0.7624556567322683,0.9233800350262698,0.6492976717336925,0.09546780586242676,0.08891820907592773
Normalizer,151,5,57.70479835232577,92.12656168312756,63.40247516123409,0.07959168766349467,0.762885666531147,0.9233965771775384,0.6499134115836059,0.0762779712677002,0.09389543533325195
Normalizer,154,5,50.84953712611977,91.42612543368996,45.909011678577656,0.10092755271477197,0.5901310228233305,0.9409485300311684,0.42986338272080044,0.03535795211791992,0.09170722961425781
Normalizer,157,5,59.987964566452156,92.86154919455849,69.6043228168032,0.10705747566798139,0.8114770049082143,0.9260264508487959,0.722147392726573,0.09894394874572754,0.09479522705078125
Normalizer,160,5,51.864210833885636,91.58072414936693,43.90099355063622,0.09513720395699025,0.567582092760789,0.9405111764182029,0.4064267846834712,0.03563737869262695,0.09206867218017578
Normalizer,163,5,56.10663844525688,91.79316233554904,64.03695311138226,0.08437097659193414,0.7679398929230216,0.9241973035897991,0.6568789686357513,0.03590559959411621,0.09869050979614258
Normalizer,166,5,53.42550901873588,92.05655407867262,36.36046714310615,0.0808848774995633,0.47450991680819826,0.9415124514507653,0.31718299018664614,0.043878793716430664,0.1043543815612793
Normalizer,169,5,52.502023247029975,91.56008237518836,44.584277496949625,0.0951348540861683,0.5755633878030546,0.9399145373680997,0.41477775639792186,0.050850868225097656,0.09863662719726562
Normalizer,172,5,54.106123903391556,92.02284020578576,37.81070245773052,0.08989087377170298,0.4925615132982506,0.9441657579062159,0.3331922262843948,0.03672933578491211,0.0962076187133789
Normalizer,175,5,52.07027131037136,91.60037414657084,41.89297542269479,0.08903112116619112,0.5442913385826772,0.9398545935228024,0.3830671541273812,0.03901219367980957,0.10397553443908691
Normalizer,178,5,50.55958637105452,91.3728827716464,44.964267038521875,0.10048902912194674,0.5793610615224748,0.9416248051273168,0.4183952280161632,0.03979301452636719,0.09955024719238281
Normalizer,181,5,53.26608085861502,91.92173940143213,42.39149381209691,0.09271957781962176,0.5498869610219813,0.9409023117076808,0.3884548778141235,0.03644227981567383,0.10403609275817871
Normalizer,184,5,52.49458448250059,91.84707582521301,42.71221892975422,0.09734060915354786,0.5531961173495745,0.9424680377987771,0.391495093323071,0.03699970245361328,0.09816813468933105
Normalizer,187,5,51.92175685402547,91.5132992721654,42.708732787170995,0.08918773810488555,0.5541266482174834,0.9392072105214753,0.39299595920723496,0.03743624687194824,0.10465407371520996
Normalizer,190,5,52.017068251626654,91.67872539913202,42.18232525710302,0.09224614723665119,0.5474143812252695,0.9409005628517824,0.3859919184144699,0.03729534149169922,0.10473418235778809
Normalizer,193,5,53.29836159037622,91.91995926552188,39.07617221544361,0.08693079947053917,0.5093767546322291,0.9415672029060717,0.34912449490090436,0.03744387626647949,0.1081078052520752
Normalizer,196,5,51.16814401470934,91.3543586273003,42.49956423217709,0.0866745124306776,0.5519152404237979,0.9383833718244804,0.39091783721377715,0.08784294128417969,0.11110281944274902
Normalizer,199,5,50.4439127986944,91.46381704579815,45.79048283074778,0.10059304791567446,0.5888201385583585,0.940927913462351,0.4284779680584953,0.05363869667053223,0.11139726638793945
Normalizer,202,5,54.366084421924334,92.19297195165875,39.090116785776544,0.09436867599264395,0.5085785003093886,0.9448218204619082,0.3479314989416971,0.051637887954711914,0.10904860496520996
Normalizer,205,5,52.016492420841075,91.63818104806501,42.87258148858288,0.09263543492444752,0.5556790759469645,0.9404368575624082,0.39434289012892054,0.13271355628967285,0.11406779289245605
Normalizer,208,5,53.64251313079483,92.10933703889874,38.846086804950325,0.08992178044554723,0.5060261320117143,0.943109058465414,0.34577640946700017,0.03852534294128418,0.10711479187011719
Normalizer,211,5,56.23186453723301,92.26982451943016,36.07808959386439,0.07587593745539435,0.4714022140221402,0.9394461679880501,0.3146430633057533,0.03832197189331055,0.11576318740844727
Normalizer,214,5,52.759860033210046,91.89377705750343,42.98065190866306,0.09370773312512028,0.556844044651566,0.9407671885013275,0.3954589186068886,0.07532429695129395,0.12104582786560059
Normalizer,217,5,53.18408483526821,91.8063338486314,41.29335889837895,0.09518379697344745,0.5361903712680401,0.9429429429429429,0.3746007311910718,0.1254138946533203,0.1189889907836914
Normalizer,220,5,52.0048988376485,91.06560482846358,53.62035907268607,0.02378968253324794,0.6783521106329481,0.912336606620277,0.5398883971522032,0.03902459144592285,0.1126866340637207
Normalizer,223,5,53.47958009963012,91.56091831014066,41.51298588112254,0.039240468943537596,0.5457695952348721,0.9204566210045662,0.3878776217048297,0.03935074806213379,0.11804485321044922
Normalizer,226,5,52.561312438087505,91.53093506753972,41.81279414328046,0.08914882351831328,0.543300407694202,0.9399734898693429,0.3820665768712719,0.12894773483276367,0.11848664283752441
Normalizer,229,5,55.92705620764116,92.22417788598366,33.017256405787,0.06978212646352779,0.4296485395393018,0.9395040893158509,0.27850683086396,0.12981486320495605,0.12299823760986328
Normalizer,232,5,53.66271281864894,91.62189050411538,45.63709255708559,0.0418521811755326,0.5934615986234945,0.9199062474743392,0.43802193573215314,0.03951668739318848,0.11443352699279785
Normalizer,235,5,49.726624334551985,91.27086662448679,43.08175004357678,0.09351990002035819,0.5580728109351739,0.940602189781022,0.396728882047335,0.04003453254699707,0.1246943473815918
Normalizer,238,5,53.970909142739046,91.89540037332151,41.22363604671431,0.08961086819217728,0.53602289614178,0.9406935187868251,0.37479314989416973,0.05539369583129883,0.11863255500793457
Normalizer,241,5,50.8499718498564,91.48108144478095,43.45476729998257,0.09581897375639394,0.5622368563100507,0.9411764705882353,0.40084664229363093,0.06608414649963379,0.12433910369873047
Normalizer,244,5,41.61421760417334,88.60261276036903,10.406135610946487,0.017768183449032436,0.022739371815347173,0.9552715654952076,0.01150663844525688,0.057642459869384766,0.12012314796447754
Normalizer,247,5,52.402423050335315,91.83311283400492,42.57974551159142,0.09428647150685565,0.551968011315725,0.9413620337724995,0.39045603232634213,0.0410153865814209,0.12367439270019531
Normalizer,250,5,53.82155089474696,91.76011661739433,41.93480913369357,0.034944235034497124,0.5513656197812854,0.9186787541513329,0.39388108524148546,0.05951690673828125,0.12226986885070801
Normalizer,253,5,52.800124003164214,91.43477783250792,36.674219975597,0.03035252093249416,0.48577494692144374,0.9186295503211992,0.33019049451606697,0.041289567947387695,0.1259174346923828
Normalizer,256,5,56.355421575125256,92.36194295666313,36.032769740282376,0.07947958776312333,0.4702791651029187,0.941183267853016,0.31345006734654607,0.09244132041931152,0.17803072929382324
Normalizer,259,5,54.89836871699485,91.83592544208818,53.805124629597344,0.054267794749124965,0.6776931870697833,0.9208751983077736,0.5361169905714835,0.04135870933532715,0.12701654434204102
Normalizer,262,5,51.92035148483099,91.7681182496213,41.47463831270699,0.09074848166627579,0.5389685285879058,0.9409339342218813,0.37764094670001924,0.041475534439086914,0.12836074829101562
Normalizer,265,5,52.721608620357905,91.79255331986612,42.52048108767649,0.09677442931674146,0.550955934419086,0.9424205720674556,0.3892630363671349,0.05840611457824707,0.12899160385131836
Normalizer,268,5,51.395612853569375,90.28932007664244,47.08732787170995,0.029417772401681218,0.6107805928813211,0.9153024363999692,0.4583028670386762,0.04171299934387207,0.12756109237670898
Normalizer,271,5,50.044324717251406,91.37814962645679,42.388007669513684,0.09005051477336885,0.5501660406119004,0.9398307449083977,0.3889166827015586,0.04462242126464844,0.13408899307250977
Normalizer,274,5,50.74093886073874,91.29400933038319,41.48509674045668,0.08589389288338616,0.539695598519128,0.9389312977099237,0.37868000769674814,0.06960034370422363,0.13003897666931152
Normalizer,277,5,51.635109999358605,91.58144115195329,41.36656789262681,0.0892607386211963,0.5378252864719298,0.9404189890447818,0.37660188570329034,0.042281389236450195,0.1309812068939209
Normalizer,280,5,55.80176312544987,92.07970648806432,36.07111730869793,0.07496925588302954,0.4714359831671182,0.9390285911126421,0.3147200307869925,0.04676699638366699,0.12593412399291992
Normalizer,283,5,55.57315260228479,92.18580658775187,32.56405786996688,0.06144660373472581,0.4243885020532048,0.9357039758561868,0.27442755435828364,0.09008264541625977,0.13413071632385254
Normalizer,286,5,53.16215337908623,91.75662571312075,42.83074777758411,0.08933395840264466,0.5555706116696929,0.9391607110133773,0.3944583413507793,0.042661190032958984,0.13110136985778809
Normalizer,289,5,51.68054219314562,91.74063690542584,42.45075823601185,0.08820092428061678,0.5511447060742836,0.9390345594366719,0.39003271117952665,0.06411504745483398,0.13558173179626465
Normalizer,292,5,51.21356623123027,91.44761716607958,39.18772877810702,0.08594543727659765,0.5109341706852081,0.9410306723122999,0.3506638445256879,0.04414510726928711,0.1418933868408203
Normalizer,295,5,51.9026446881748,91.72346292778575,42.945790482830745,0.09105893671274477,0.5567412382861167,0.9397458169516321,0.3955358860881278,0.04362082481384277,0.14278626441955566
Normalizer,298,5,56.57367997206366,92.28240053147911,39.49799546801464,0.0914179196572658,0.5141785404361335,0.9431094680632574,0.35343467385029825,0.045250654220581055,0.1411600112915039
Normalizer,301,5,49.87565475808693,91.41808123777147,42.86212306083319,0.09196204700167733,0.5556338791888081,0.9401779979814662,0.39434289012892054,0.04393506050109863,0.14708328247070312
Normalizer,304,5,49.1630769888611,91.13950301887601,42.71570507233746,0.08821634923972628,0.5543260103064822,0.9388148828663299,0.39326534539157204,0.049386024475097656,0.13882708549499512
Normalizer,307,5,52.3804260292619,91.87402844980726,35.8480041833711,0.09247216692611573,0.4659275597863942,0.947585881241884,0.3089089859534347,0.044763803482055664,0.1461772918701172
Normalizer,310,5,46.94381658934286,90.79829819894015,25.975248387659057,0.057535839582813414,0.32319755211321477,0.9408053442197069,0.1951125649413123,0.08119964599609375,0.14629054069519043
Normalizer,313,5,49.46260449404571,91.2881740847589,43.16193132299111,0.08814502586416251,0.5596607789121159,0.9384113757811793,0.3987300365595536,0.07000279426574707,0.14890336990356445
Normalizer,316,5,50.42417776637519,91.54037059368748,34.00034861425832,0.08297668030847985,0.44166568361448627,0.945096554335479,0.28816624975947663,0.08692550659179688,0.14381647109985352
Normalizer,319,5,49.89869796677571,91.46470999762076,44.36813665678926,0.09259352919252128,0.5733383241537886,0.93912586493825,0.4126226669232249,0.07504940032958984,0.1542048454284668
Normalizer,322,5,51.18024501314862,91.5699802652039,41.62454244378595,0.09044272812492646,0.5408429076750116,0.9406714994276993,0.37952664999037905,0.04523181915283203,0.1494441032409668
Normalizer,325,5,55.94034592606846,92.48669623932625,44.42042879553774,0.0889063076056858,0.574365272178765,0.9376743375174338,0.41396959784491055,0.04544425010681152,0.15300893783569336
Normalizer,328,5,50.65947875911316,91.49415779196413,42.199755970019176,0.09296584278132124,0.5475384783320598,0.9411764705882353,0.38606888589570904,0.04542851448059082,0.14641046524047852
Normalizer,331,5,49.24685751751367,91.3546103357923,43.266515600488056,0.08798486533992013,0.5609216490394993,0.9382615759545085,0.40003848374061957,0.045737504959106445,0.15347957611083984
Normalizer,334,5,49.15806412531447,91.21452159993552,42.57974551159142,0.08433104785423394,0.5531591655136866,0.9373850680397204,0.39234173561670194,0.11908340454101562,0.1541738510131836
Normalizer,337,5,50.76946386448022,91.56346666709061,44.15896810179537,0.097332717785569,0.5703556676143984,0.9411348145525361,0.409159130267462,0.04642081260681152,0.16008734703063965
Normalizer,340,5,56.10311789565204,92.17695970909492,37.80024402998083,0.08642143558515729,0.4928944974988631,0.9426024567887814,0.3336925149124495,0.04626131057739258,0.1523301601409912
Normalizer,343,5,51.730990101126714,91.89723516109376,41.30730346871187,0.09094905415368221,0.5368872751279089,0.9411707975696788,0.3755628247065615,0.046578168869018555,0.15988826751708984
Normalizer,346,5,49.316454649762335,91.38913677242317,42.767997211085934,0.08813449208851899,0.5549621838488439,0.9387380777696258,0.39391956898210506,0.04649996757507324,0.15935707092285156
Normalizer,349,5,50.431957183275244,91.58972633145616,41.96967055952589,0.08828003479534914,0.5453154875717017,0.9394823529411764,0.38414469886472963,0.05519604682922363,0.16213512420654297
QuantileTransformer,1,0,50.0,90.58741502527454,9.412584974725466,0.0,0.0,0.0,0.0,0.03791069984436035,0.024370193481445312
QuantileTransformer,4,0,50.0,90.58741502527454,9.412584974725466,0.0,0.0,0.0,0.0,0.026168107986450195,0.026408672332763672
QuantileTransformer,7,0,50.0,90.58741502527454,9.412584974725466,0.0,0.0,0.0,0.0,0.0755300521850586,0.0302736759185791
QuantileTransformer,10,0,50.0,90.58741502527454,9.412584974725466,0.0,0.0,0.0,0.0,0.11095881462097168,0.028108596801757812
QuantileTransformer,13,0,50.0,90.58741502527454,9.412584974725466,0.0,0.0,0.0,0.0,0.04865574836730957,0.028499603271484375
QuantileTransformer,16,0,50.0,90.58741502527454,9.412584974725466,0.0,0.0,0.0,0.0,0.03581047058105469,0.02939295768737793
QuantileTransformer,19,0,50.0,90.58741502527454,9.412584974725466,0.0,0.0,0.0,0.0,0.037165164947509766,0.03150177001953125
QuantileTransformer,22,0,50.0,90.58741502527454,9.412584974725466,0.0,0.0,0.0,0.0,0.08439826965332031,0.031158447265625
QuantileTransformer,25,0,50.0,90.58741502527454,9.412584974725466,0.0,0.0,0.0,0.0,0.052312374114990234,0.03185272216796875
QuantileTransformer,28,0,50.0,90.58741502527454,9.412584974725466,0.0,0.0,0.0,0.0,0.02647852897644043,0.03264260292053223
QuantileTransformer,31,0,50.0,90.58741502527454,9.412584974725466,0.0,0.0,0.0,0.0,0.026627063751220703,0.053769588470458984
QuantileTransformer,34,0,50.0,90.58741502527454,9.412584974725466,0.0,0.0,0.0,0.0,0.026331186294555664,0.034060001373291016
QuantileTransformer,37,0,50.0,90.58741502527454,9.412584974725466,0.0,0.0,0.0,0.0,0.06026148796081543,0.03478574752807617
QuantileTransformer,40,0,50.0,90.58741502527454,9.412584974725466,0.0,0.0,0.0,0.0,0.02712416648864746,0.03554201126098633
QuantileTransformer,43,0,50.0,90.58741502527454,9.412584974725466,0.0,0.0,0.0,0.0,0.057299137115478516,0.04235672950744629
QuantileTransformer,46,0,50.0,90.58741502527454,9.412584974725466,0.0,0.0,0.0,0.0,0.027101755142211914,0.037276268005371094
QuantileTransformer,49,0,50.0,90.58741502527454,9.412584974725466,0.0,0.0,0.0,0.0,0.0796971321105957,0.04576730728149414
QuantileTransformer,52,0,50.0,90.58741502527454,9.412584974725466,0.0,0.0,0.0,0.0,0.07624077796936035,0.03892827033996582
QuantileTransformer,55,0,50.0,90.58741502527454,9.412584974725466,0.0,0.0,0.0,0.0,0.027542591094970703,0.03996133804321289
QuantileTransformer,58,0,50.0,90.58741502527454,9.412584974725466,0.0,0.0,0.0,0.0,0.08446383476257324,0.04075002670288086
QuantileTransformer,61,0,50.0,90.58741502527454,9.412584974725466,0.0,0.0,0.0,0.0,0.041785240173339844,0.04208087921142578
QuantileTransformer,64,0,50.0,90.58741502527454,9.412584974725466,0.0,0.0,0.0,0.0,0.029218196868896484,0.05126070976257324
QuantileTransformer,67,0,50.0,90.58741502527454,9.412584974725466,0.0,0.0,0.0,0.0,0.028383970260620117,0.043918609619140625
QuantileTransformer,70,0,50.0,90.58741502527454,9.412584974725466,0.0,0.0,0.0,0.0,0.040024518966674805,0.04441261291503906
QuantileTransformer,73,0,50.0,90.58741502527454,9.412584974725466,0.0,0.0,0.0,0.0,0.04272866249084473,0.04651999473571777
QuantileTransformer,76,0,50.0,90.58741502527454,9.412584974725466,0.0,0.0,0.0,0.0,0.029593467712402344,0.05374002456665039
QuantileTransformer,79,0,50.0,90.58741502527454,9.412584974725466,0.0,0.0,0.0,0.0,0.040619611740112305,0.04844856262207031
QuantileTransformer,82,0,50.0,90.58741502527454,9.412584974725466,0.0,0.0,0.0,0.0,0.08945250511169434,0.04787945747375488
QuantileTransformer,85,0,50.0,90.58741502527454,9.412584974725466,0.0,0.0,0.0,0.0,0.04292154312133789,0.05135679244995117
QuantileTransformer,88,0,50.0,90.58741502527454,9.412584974725466,0.0,0.0,0.0,0.0,0.02969980239868164,0.048925161361694336
QuantileTransformer,91,0,50.0,90.58741502527454,9.412584974725466,0.0,0.0,0.0,0.0,0.030151844024658203,0.052191734313964844
QuantileTransformer,94,0,50.0,90.58741502527454,9.412584974725466,0.0,0.0,0.0,0.0,0.030176639556884766,0.05186033248901367
QuantileTransformer,97,0,50.0,90.58741502527454,9.412584974725466,0.0,0.0,0.0,0.0,0.054100990295410156,0.055120229721069336
QuantileTransformer,100,0,50.0,90.58741502527454,9.412584974725466,0.0,0.0,0.0,0.0,0.030246496200561523,0.05276751518249512
QuantileTransformer,103,0,50.0,90.58741502527454,9.412584974725466,0.0,0.0,0.0,0.0,0.030534744262695312,0.05644083023071289
QuantileTransformer,106,0,50.0,90.58741502527454,9.412584974725466,0.0,0.0,0.0,0.0,0.03019237518310547,0.05555105209350586
QuantileTransformer,109,0,50.0,90.58741502527454,9.412584974725466,0.0,0.0,0.0,0.0,0.07854294776916504,0.0594937801361084
QuantileTransformer,112,0,50.0,90.58741502527454,9.412584974725466,0.0,0.0,0.0,0.0,0.03368878364562988,0.056234121322631836
QuantileTransformer,115,0,50.0,90.58741502527454,9.412584974725466,0.0,0.0,0.0,0.0,0.11403489112854004,0.06147956848144531
QuantileTransformer,118,0,50.0,90.58741502527454,9.412584974725466,0.0,0.0,0.0,0.0,0.03624725341796875,0.06009054183959961
QuantileTransformer,121,0,50.0,90.58741502527454,9.412584974725466,0.0,0.0,0.0,0.0,0.031272172927856445,0.06397676467895508
QuantileTransformer,124,0,50.0,90.58741502527454,9.412584974725466,0.0,0.0,0.0,0.0,0.08324623107910156,0.06058645248413086
QuantileTransformer,127,0,50.0,90.58741502527454,9.412584974725466,0.0,0.0,0.0,0.0,0.048323869705200195,0.06549715995788574
QuantileTransformer,130,0,50.0,90.58741502527454,9.412584974725466,0.0,0.0,0.0,0.0,0.05044674873352051,0.06275796890258789
QuantileTransformer,133,0,50.0,90.58741502527454,9.412584974725466,0.0,0.0,0.0,0.0,0.03203177452087402,0.06672406196594238
QuantileTransformer,136,0,50.0,90.58741502527454,9.412584974725466,0.0,0.0,0.0,0.0,0.032361507415771484,0.06279754638671875
QuantileTransformer,139,0,50.0,90.58741502527454,9.412584974725466,0.0,0.0,0.0,0.0,0.03249835968017578,0.06766533851623535
QuantileTransformer,142,0,50.0,90.58741502527454,9.412584974725466,0.0,0.0,0.0,0.0,0.08659529685974121,0.06633496284484863
QuantileTransformer,145,0,50.0,90.58741502527454,9.412584974725466,0.0,0.0,0.0,0.0,0.032587289810180664,0.06984114646911621
QuantileTransformer,148,0,50.0,90.58741502527454,9.412584974725466,0.0,0.0,0.0,0.0,0.1017146110534668,0.06961560249328613
QuantileTransformer,151,0,50.0,90.58741502527454,9.412584974725466,0.0,0.0,0.0,0.0,0.04725527763366699,0.07568645477294922
QuantileTransformer,154,0,50.0,90.58741502527454,9.412584974725466,0.0,0.0,0.0,0.0,0.1339566707611084,0.07371091842651367
QuantileTransformer,157,0,50.0,90.58741502527454,9.412584974725466,0.0,0.0,0.0,0.0,0.04118704795837402,0.07660198211669922
QuantileTransformer,160,0,50.0,90.58741502527454,9.412584974725466,0.0,0.0,0.0,0.0,0.033846139907836914,0.07411575317382812
QuantileTransformer,163,0,50.0,90.58741502527454,9.412584974725466,0.0,0.0,0.0,0.0,0.03442978858947754,0.07866764068603516
QuantileTransformer,166,0,50.0,90.58741502527454,9.412584974725466,0.0,0.0,0.0,0.0,0.12949180603027344,0.07673311233520508
QuantileTransformer,169,0,50.0,90.58741502527454,9.412584974725466,0.0,0.0,0.0,0.0,0.034735918045043945,0.0795745849609375
QuantileTransformer,172,0,50.0,90.58741502527454,9.412584974725466,0.0,0.0,0.0,0.0,0.043204307556152344,0.07712292671203613
QuantileTransformer,175,0,50.0,90.58741502527454,9.412584974725466,0.0,0.0,0.0,0.0,0.04687380790710449,0.08030247688293457
QuantileTransformer,178,0,50.0,90.58741502527454,9.412584974725466,0.0,0.0,0.0,0.0,0.035201311111450195,0.07934451103210449
QuantileTransformer,181,0,50.0,90.58741502527454,9.412584974725466,0.0,0.0,0.0,0.0,0.03516197204589844,0.08301663398742676
QuantileTransformer,184,0,50.0,90.58741502527454,9.412584974725466,0.0,0.0,0.0,0.0,0.09506702423095703,0.07858538627624512
QuantileTransformer,187,0,50.0,90.58741502527454,9.412584974725466,0.0,0.0,0.0,0.0,0.04914045333862305,0.08307504653930664
QuantileTransformer,190,0,50.0,90.58741502527454,9.412584974725466,0.0,0.0,0.0,0.0,0.0710608959197998,0.08184695243835449
QuantileTransformer,193,0,50.0,90.58741502527454,9.412584974725466,0.0,0.0,0.0,0.0,0.04420638084411621,0.0851292610168457
QuantileTransformer,196,0,50.0,90.58741502527454,9.412584974725466,0.0,0.0,0.0,0.0,0.03996682167053223,0.08122467994689941
QuantileTransformer,199,0,50.0,90.58741502527454,9.412584974725466,0.0,0.0,0.0,0.0,0.11899876594543457,0.08748912811279297
QuantileTransformer,202,0,50.0,90.58741502527454,9.412584974725466,0.0,0.0,0.0,0.0,0.036367177963256836,0.093597412109375
QuantileTransformer,205,0,50.0,90.58741502527454,9.412584974725466,0.0,0.0,0.0,0.0,0.07997441291809082,0.08896398544311523
QuantileTransformer,208,0,50.0,90.58741502527454,9.412584974725466,0.0,0.0,0.0,0.0,0.04568362236022949,0.0831446647644043
QuantileTransformer,211,0,50.0,90.58741502527454,9.412584974725466,0.0,0.0,0.0,0.0,0.03713798522949219,0.09002876281738281
QuantileTransformer,214,0,50.0,90.58741502527454,9.412584974725466,0.0,0.0,0.0,0.0,0.03811192512512207,0.08794689178466797
QuantileTransformer,217,0,50.0,90.58741502527454,9.412584974725466,0.0,0.0,0.0,0.0,0.04540848731994629,0.09582018852233887
QuantileTransformer,220,0,50.0,90.58741502527454,9.412584974725466,0.0,0.0,0.0,0.0,0.0457003116607666,0.08611583709716797
QuantileTransformer,223,0,50.0,90.58741502527454,9.412584974725466,0.0,0.0,0.0,0.0,0.03751087188720703,0.09473443031311035
QuantileTransformer,226,0,50.0,90.58741502527454,9.412584974725466,0.0,0.0,0.0,0.0,0.09799623489379883,0.0909733772277832
QuantileTransformer,229,0,50.0,90.58741502527454,9.412584974725466,0.0,0.0,0.0,0.0,0.08797216415405273,0.09610795974731445
QuantileTransformer,232,0,50.0,90.58741502527454,9.412584974725466,0.0,0.0,0.0,0.0,0.17394208908081055,0.08864641189575195
QuantileTransformer,235,0,50.0,90.58741502527454,9.412584974725466,0.0,0.0,0.0,0.0,0.037815093994140625,0.09712433815002441
QuantileTransformer,238,0,50.0,90.58741502527454,9.412584974725466,0.0,0.0,0.0,0.0,0.03796553611755371,0.09720396995544434
QuantileTransformer,241,0,50.0,90.58741502527454,9.412584974725466,0.0,0.0,0.0,0.0,0.038140058517456055,0.10020685195922852
QuantileTransformer,244,0,50.0,90.58741502527454,9.412584974725466,0.0,0.0,0.0,0.0,0.05792999267578125,0.0923769474029541
QuantileTransformer,247,0,50.0,90.58741502527454,9.412584974725466,0.0,0.0,0.0,0.0,0.14929509162902832,0.10025954246520996
QuantileTransformer,250,0,50.0,90.58741502527454,9.412584974725466,0.0,0.0,0.0,0.0,0.03866386413574219,0.11024165153503418
QuantileTransformer,253,0,50.0,90.58741502527454,9.412584974725466,0.0,0.0,0.0,0.0,0.04851484298706055,0.1031336784362793
QuantileTransformer,256,0,50.0,90.58741502527454,9.412584974725466,0.0,0.0,0.0,0.0,0.03879833221435547,0.1553783416748047
QuantileTransformer,259,0,50.0,90.58741502527454,9.412584974725466,0.0,0.0,0.0,0.0,0.03913116455078125,0.10267829895019531
QuantileTransformer,262,0,50.0,90.58741502527454,9.412584974725466,0.0,0.0,0.0,0.0,0.03898763656616211,0.1042184829711914
QuantileTransformer,265,0,50.0,90.58741502527454,9.412584974725466,0.0,0.0,0.0,0.0,0.039606571197509766,0.10442280769348145
QuantileTransformer,268,0,50.0,90.58741502527454,9.412584974725466,0.0,0.0,0.0,0.0,0.1311347484588623,0.09958148002624512
QuantileTransformer,271,0,50.0,90.58741502527454,9.412584974725466,0.0,0.0,0.0,0.0,0.06028866767883301,0.10510420799255371
QuantileTransformer,274,0,50.0,90.58741502527454,9.412584974725466,0.0,0.0,0.0,0.0,0.03967404365539551,0.10479378700256348
QuantileTransformer,277,0,50.0,90.58741502527454,9.412584974725466,0.0,0.0,0.0,0.0,0.040349721908569336,0.10669851303100586
QuantileTransformer,280,0,50.0,90.58741502527454,9.412584974725466,0.0,0.0,0.0,0.0,0.0400698184967041,0.1003570556640625
QuantileTransformer,283,0,50.0,90.58741502527454,9.412584974725466,0.0,0.0,0.0,0.0,0.0405726432800293,0.11029720306396484
QuantileTransformer,286,0,50.0,90.58741502527454,9.412584974725466,0.0,0.0,0.0,0.0,0.04043745994567871,0.11200690269470215
QuantileTransformer,289,0,50.0,90.58741502527454,9.412584974725466,0.0,0.0,0.0,0.0,0.040755510330200195,0.10992145538330078
QuantileTransformer,292,0,50.0,90.58741502527454,9.412584974725466,0.0,0.0,0.0,0.0,0.05676913261413574,0.11561989784240723
QuantileTransformer,295,0,50.0,90.58741502527454,9.412584974725466,0.0,0.0,0.0,0.0,0.04144477844238281,0.12136483192443848
QuantileTransformer,298,0,50.0,90.58741502527454,9.412584974725466,0.0,0.0,0.0,0.0,0.04114246368408203,0.1164102554321289
QuantileTransformer,301,0,50.0,90.58741502527454,9.412584974725466,0.0,0.0,0.0,0.0,0.04184412956237793,0.12247300148010254
QuantileTransformer,304,0,50.0,90.58741502527454,9.412584974725466,0.0,0.0,0.0,0.0,0.043231964111328125,0.11348915100097656
QuantileTransformer,307,0,50.0,90.58741502527454,9.412584974725466,0.0,0.0,0.0,0.0,0.041722774505615234,0.12338876724243164
QuantileTransformer,310,0,50.0,90.58741502527454,9.412584974725466,0.0,0.0,0.0,0.0,0.06607484817504883,0.1224815845489502
QuantileTransformer,313,0,50.0,90.58741502527454,9.412584974725466,0.0,0.0,0.0,0.0,0.0687253475189209,0.12543129920959473
QuantileTransformer,316,0,50.0,90.58741502527454,9.412584974725466,0.0,0.0,0.0,0.0,0.04782986640930176,0.11777114868164062
QuantileTransformer,319,0,50.0,90.58741502527454,9.412584974725466,0.0,0.0,0.0,0.0,0.04945254325866699,0.1282052993774414
QuantileTransformer,322,0,50.0,90.58741502527454,9.412584974725466,0.0,0.0,0.0,0.0,0.0430908203125,0.12271499633789062
QuantileTransformer,325,0,50.0,90.58741502527454,9.412584974725466,0.0,0.0,0.0,0.0,0.07672858238220215,0.12553906440734863
QuantileTransformer,328,0,50.0,90.58741502527454,9.412584974725466,0.0,0.0,0.0,0.0,0.0642995834350586,0.11958551406860352
QuantileTransformer,331,0,50.0,90.58741502527454,9.412584974725466,0.0,0.0,0.0,0.0,0.06004810333251953,0.12783312797546387
QuantileTransformer,334,0,50.0,90.58741502527454,9.412584974725466,0.0,0.0,0.0,0.0,0.06257367134094238,0.12641358375549316
QuantileTransformer,337,0,50.0,90.58741502527454,9.412584974725466,0.0,0.0,0.0,0.0,0.043881893157958984,0.13017702102661133
QuantileTransformer,340,0,50.0,90.58741502527454,9.412584974725466,0.0,0.0,0.0,0.0,0.044113874435424805,0.12414336204528809
QuantileTransformer,343,0,50.0,90.58741502527454,9.412584974725466,0.0,0.0,0.0,0.0,0.04454660415649414,0.13092970848083496
QuantileTransformer,346,0,50.0,90.58741502527454,9.412584974725466,0.0,0.0,0.0,0.0,0.14850282669067383,0.13273143768310547
QuantileTransformer,349,0,50.0,90.58741502527454,9.412584974725466,0.0,0.0,0.0,0.0,0.06902146339416504,0.13679838180541992
QuantileTransformer,1,1,50.0,90.58741502527454,9.412584974725466,0.0,0.0,0.0,0.0,0.030037879943847656,0.024753808975219727
QuantileTransformer,4,1,50.0,90.58741502527454,9.412584974725466,0.0,0.0,0.0,0.0,0.1278533935546875,0.026935338973999023
QuantileTransformer,7,1,50.0,90.58741502527454,9.412584974725466,0.0,0.0,0.0,0.0,0.08615517616271973,0.027411937713623047
QuantileTransformer,10,1,50.0,90.58741502527454,9.412584974725466,0.0,0.0,0.0,0.0,0.02978968620300293,0.02821969985961914
QuantileTransformer,13,1,50.0,90.58741502527454,9.412584974725466,0.0,0.0,0.0,0.0,0.025969982147216797,0.02926015853881836
QuantileTransformer,16,1,50.0,90.58741502527454,9.412584974725466,0.0,0.0,0.0,0.0,0.05779695510864258,0.029860496520996094
QuantileTransformer,19,1,50.0,90.58741502527454,9.412584974725466,0.0,0.0,0.0,0.0,0.04743456840515137,0.030595779418945312
QuantileTransformer,22,1,50.0,90.58741502527454,9.412584974725466,0.0,0.0,0.0,0.0,0.06149482727050781,0.06000471115112305
QuantileTransformer,25,1,50.0,90.58741502527454,9.412584974725466,0.0,0.0,0.0,0.0,0.027205467224121094,0.03156685829162598
QuantileTransformer,28,1,50.0,90.58741502527454,9.412584974725466,0.0,0.0,0.0,0.0,0.026744842529296875,0.03356218338012695
QuantileTransformer,31,1,50.0,90.58741502527454,9.412584974725466,0.0,0.0,0.0,0.0,0.027002811431884766,0.033245086669921875
QuantileTransformer,34,1,50.0,90.58741502527454,9.412584974725466,0.0,0.0,0.0,0.0,0.027245759963989258,0.03387331962585449
QuantileTransformer,37,1,50.0,90.58741502527454,9.412584974725466,0.0,0.0,0.0,0.0,0.17917299270629883,0.03484463691711426
QuantileTransformer,40,1,50.0,90.58741502527454,9.412584974725466,0.0,0.0,0.0,0.0,0.048702239990234375,0.07388567924499512
QuantileTransformer,43,1,50.0,90.58741502527454,9.412584974725466,0.0,0.0,0.0,0.0,0.02718639373779297,0.036126136779785156
QuantileTransformer,46,1,50.0,90.58741502527454,9.412584974725466,0.0,0.0,0.0,0.0,0.04816269874572754,0.03727984428405762
QuantileTransformer,49,1,50.0,90.58741502527454,9.412584974725466,0.0,0.0,0.0,0.0,0.031766653060913086,0.03751707077026367
QuantileTransformer,52,1,50.0,90.58741502527454,9.412584974725466,0.0,0.0,0.0,0.0,0.02773571014404297,0.03922390937805176
QuantileTransformer,55,1,50.0,90.58741502527454,9.412584974725466,0.0,0.0,0.0,0.0,0.02788996696472168,0.040284156799316406
QuantileTransformer,58,1,50.0,90.58741502527454,9.412584974725466,0.0,0.0,0.0,0.0,0.028192758560180664,0.04123568534851074
QuantileTransformer,61,1,50.0,90.58741502527454,9.412584974725466,0.0,0.0,0.0,0.0,0.03201651573181152,0.04237985610961914
QuantileTransformer,64,1,50.0,90.58741502527454,9.412584974725466,0.0,0.0,0.0,0.0,0.028431177139282227,0.04625821113586426
QuantileTransformer,67,1,50.0,90.58741502527454,9.412584974725466,0.0,0.0,0.0,0.0,0.04186105728149414,0.04418230056762695
QuantileTransformer,70,1,50.0,90.58741502527454,9.412584974725466,0.0,0.0,0.0,0.0,0.029829025268554688,0.044390201568603516
QuantileTransformer,73,1,50.0,90.58741502527454,9.412584974725466,0.0,0.0,0.0,0.0,0.030197858810424805,0.04679250717163086
QuantileTransformer,76,1,50.0,90.58741502527454,9.412584974725466,0.0,0.0,0.0,0.0,0.030234575271606445,0.04588723182678223
QuantileTransformer,79,1,50.0,90.58741502527454,9.412584974725466,0.0,0.0,0.0,0.0,0.03059530258178711,0.04823470115661621
QuantileTransformer,82,1,50.0,90.58741502527454,9.412584974725466,0.0,0.0,0.0,0.0,0.03047466278076172,0.06253409385681152
QuantileTransformer,85,1,50.0,90.58741502527454,9.412584974725466,0.0,0.0,0.0,0.0,0.040784358978271484,0.05108213424682617
QuantileTransformer,88,1,50.0,90.58741502527454,9.412584974725466,0.0,0.0,0.0,0.0,0.0512843132019043,0.04915285110473633
QuantileTransformer,91,1,50.0,90.58741502527454,9.412584974725466,0.0,0.0,0.0,0.0,0.030338525772094727,0.05287623405456543
QuantileTransformer,94,1,50.0,90.58741502527454,9.412584974725466,0.0,0.0,0.0,0.0,0.04990339279174805,0.05206155776977539
QuantileTransformer,97,1,50.0,90.58741502527454,9.412584974725466,0.0,0.0,0.0,0.0,0.031618356704711914,0.07520413398742676
QuantileTransformer,100,1,50.0,90.58741502527454,9.412584974725466,0.0,0.0,0.0,0.0,0.03124403953552246,0.053038835525512695
QuantileTransformer,103,1,50.0,90.58741502527454,9.412584974725466,0.0,0.0,0.0,0.0,0.1373610496520996,0.05712008476257324
QuantileTransformer,106,1,50.0,90.58741502527454,9.412584974725466,0.0,0.0,0.0,0.0,0.07864928245544434,0.05862903594970703
QuantileTransformer,109,1,50.0,90.58741502527454,9.412584974725466,0.0,0.0,0.0,0.0,0.031191110610961914,0.05946612358093262
QuantileTransformer,112,1,50.0,90.58741502527454,9.412584974725466,0.0,0.0,0.0,0.0,0.031120777130126953,0.060660600662231445
QuantileTransformer,115,1,50.0,90.58741502527454,9.412584974725466,0.0,0.0,0.0,0.0,0.060773372650146484,0.06192183494567871
QuantileTransformer,118,1,50.0,90.58741502527454,9.412584974725466,0.0,0.0,0.0,0.0,0.03764653205871582,0.060096025466918945
QuantileTransformer,121,1,50.0,90.58741502527454,9.412584974725466,0.0,0.0,0.0,0.0,0.031462669372558594,0.06357312202453613
QuantileTransformer,124,1,50.0,90.58741502527454,9.412584974725466,0.0,0.0,0.0,0.0,0.04928278923034668,0.06943559646606445
QuantileTransformer,127,1,50.0,90.58741502527454,9.412584974725466,0.0,0.0,0.0,0.0,0.0318293571472168,0.06527328491210938
QuantileTransformer,130,1,50.0,90.58741502527454,9.412584974725466,0.0,0.0,0.0,0.0,0.03314685821533203,0.06269478797912598
QuantileTransformer,133,1,50.0,90.58741502527454,9.412584974725466,0.0,0.0,0.0,0.0,0.03262519836425781,0.06643939018249512
QuantileTransformer,136,1,50.0,90.58741502527454,9.412584974725466,0.0,0.0,0.0,0.0,0.0370173454284668,0.061986684799194336
QuantileTransformer,139,1,50.0,90.58741502527454,9.412584974725466,0.0,0.0,0.0,0.0,0.03290128707885742,0.06786084175109863
QuantileTransformer,142,1,50.0,90.58741502527454,9.412584974725466,0.0,0.0,0.0,0.0,0.13381624221801758,0.06682252883911133
QuantileTransformer,145,1,50.0,90.58741502527454,9.412584974725466,0.0,0.0,0.0,0.0,0.033368587493896484,0.06980395317077637
QuantileTransformer,148,1,50.0,90.58741502527454,9.412584974725466,0.0,0.0,0.0,0.0,0.045633792877197266,0.06987333297729492
QuantileTransformer,151,1,50.0,90.58741502527454,9.412584974725466,0.0,0.0,0.0,0.0,0.04326915740966797,0.07850193977355957
QuantileTransformer,154,1,50.0,90.58741502527454,9.412584974725466,0.0,0.0,0.0,0.0,0.03366708755493164,0.07339787483215332
QuantileTransformer,157,1,50.0,90.58741502527454,9.412584974725466,0.0,0.0,0.0,0.0,0.06096696853637695,0.07678747177124023
QuantileTransformer,160,1,50.0,90.58741502527454,9.412584974725466,0.0,0.0,0.0,0.0,0.03407573699951172,0.07367610931396484
QuantileTransformer,163,1,50.0,90.58741502527454,9.412584974725466,0.0,0.0,0.0,0.0,0.03826475143432617,0.07848191261291504
QuantileTransformer,166,1,50.0,90.58741502527454,9.412584974725466,0.0,0.0,0.0,0.0,0.07577395439147949,0.10492825508117676
QuantileTransformer,169,1,50.0,90.58741502527454,9.412584974725466,0.0,0.0,0.0,0.0,0.06595873832702637,0.07958555221557617
QuantileTransformer,172,1,50.0,90.58741502527454,9.412584974725466,0.0,0.0,0.0,0.0,0.035002708435058594,0.07720160484313965
QuantileTransformer,175,1,50.0,90.58741502527454,9.412584974725466,0.0,0.0,0.0,0.0,0.05713295936584473,0.08052539825439453
QuantileTransformer,178,1,50.0,90.58741502527454,9.412584974725466,0.0,0.0,0.0,0.0,0.035242557525634766,0.07922816276550293
QuantileTransformer,181,1,50.0,90.58741502527454,9.412584974725466,0.0,0.0,0.0,0.0,0.03675079345703125,0.08210134506225586
QuantileTransformer,184,1,50.0,90.58741502527454,9.412584974725466,0.0,0.0,0.0,0.0,0.03529810905456543,0.07935070991516113
QuantileTransformer,187,1,50.0,90.58741502527454,9.412584974725466,0.0,0.0,0.0,0.0,0.03545832633972168,0.08330345153808594
QuantileTransformer,190,1,50.0,90.58741502527454,9.412584974725466,0.0,0.0,0.0,0.0,0.060079097747802734,0.08156466484069824
QuantileTransformer,193,1,50.0,90.58741502527454,9.412584974725466,0.0,0.0,0.0,0.0,0.11028504371643066,0.08483457565307617
QuantileTransformer,196,1,50.0,90.58741502527454,9.412584974725466,0.0,0.0,0.0,0.0,0.03969883918762207,0.08112645149230957
QuantileTransformer,199,1,50.0,90.58741502527454,9.412584974725466,0.0,0.0,0.0,0.0,0.03632974624633789,0.08745336532592773
QuantileTransformer,202,1,50.0,90.58741502527454,9.412584974725466,0.0,0.0,0.0,0.0,0.036508798599243164,0.08359503746032715
QuantileTransformer,205,1,50.0,90.58741502527454,9.412584974725466,0.0,0.0,0.0,0.0,0.06257796287536621,0.08964371681213379
QuantileTransformer,208,1,50.0,90.58741502527454,9.412584974725466,0.0,0.0,0.0,0.0,0.13551044464111328,0.08337116241455078
QuantileTransformer,211,1,50.0,90.58741502527454,9.412584974725466,0.0,0.0,0.0,0.0,0.037286996841430664,0.09005522727966309
QuantileTransformer,214,1,50.0,90.58741502527454,9.412584974725466,0.0,0.0,0.0,0.0,0.03735089302062988,0.08624696731567383
QuantileTransformer,217,1,50.0,90.58741502527454,9.412584974725466,0.0,0.0,0.0,0.0,0.05939769744873047,0.09250593185424805
QuantileTransformer,220,1,50.0,90.58741502527454,9.412584974725466,0.0,0.0,0.0,0.0,0.03794455528259277,0.08613300323486328
QuantileTransformer,223,1,50.0,90.58741502527454,9.412584974725466,0.0,0.0,0.0,0.0,0.03825259208679199,0.0945284366607666
QuantileTransformer,226,1,50.0,90.58741502527454,9.412584974725466,0.0,0.0,0.0,0.0,0.037754058837890625,0.09037661552429199
QuantileTransformer,229,1,50.0,90.58741502527454,9.412584974725466,0.0,0.0,0.0,0.0,0.038297176361083984,0.0955817699432373
QuantileTransformer,232,1,50.0,90.58741502527454,9.412584974725466,0.0,0.0,0.0,0.0,0.03805375099182129,0.08836603164672852
QuantileTransformer,235,1,50.0,90.58741502527454,9.412584974725466,0.0,0.0,0.0,0.0,0.04497337341308594,0.0983724594116211
QuantileTransformer,238,1,50.0,90.58741502527454,9.412584974725466,0.0,0.0,0.0,0.0,0.03842663764953613,0.09325194358825684
QuantileTransformer,241,1,50.0,90.58741502527454,9.412584974725466,0.0,0.0,0.0,0.0,0.09625363349914551,0.10680747032165527
QuantileTransformer,244,1,50.0,90.58741502527454,9.412584974725466,0.0,0.0,0.0,0.0,0.10904049873352051,0.1051182746887207
QuantileTransformer,247,1,50.0,90.58741502527454,9.412584974725466,0.0,0.0,0.0,0.0,0.0552675724029541,0.10020732879638672
QuantileTransformer,250,1,50.0,90.58741502527454,9.412584974725466,0.0,0.0,0.0,0.0,0.03943610191345215,0.09806013107299805
QuantileTransformer,253,1,50.0,90.58741502527454,9.412584974725466,0.0,0.0,0.0,0.0,0.0652015209197998,0.10115170478820801
QuantileTransformer,256,1,50.0,90.58741502527454,9.412584974725466,0.0,0.0,0.0,0.0,0.03987407684326172,0.1546034812927246
QuantileTransformer,259,1,50.0,90.58741502527454,9.412584974725466,0.0,0.0,0.0,0.0,0.0985116958618164,0.10382890701293945
QuantileTransformer,262,1,50.0,90.58741502527454,9.412584974725466,0.0,0.0,0.0,0.0,0.04027605056762695,0.10052609443664551
QuantileTransformer,265,1,50.0,90.58741502527454,9.412584974725466,0.0,0.0,0.0,0.0,0.04012656211853027,0.10433459281921387
QuantileTransformer,268,1,50.0,90.58741502527454,9.412584974725466,0.0,0.0,0.0,0.0,0.040213823318481445,0.09810686111450195
QuantileTransformer,271,1,50.0,90.58741502527454,9.412584974725466,0.0,0.0,0.0,0.0,0.08772420883178711,0.10635638236999512
QuantileTransformer,274,1,50.0,90.58741502527454,9.412584974725466,0.0,0.0,0.0,0.0,0.04056835174560547,0.10534167289733887
QuantileTransformer,277,1,50.0,90.58741502527454,9.412584974725466,0.0,0.0,0.0,0.0,0.04102754592895508,0.10825705528259277
QuantileTransformer,280,1,50.0,90.58741502527454,9.412584974725466,0.0,0.0,0.0,0.0,0.06754446029663086,0.1016240119934082
QuantileTransformer,283,1,50.0,90.58741502527454,9.412584974725466,0.0,0.0,0.0,0.0,0.05354166030883789,0.1093440055847168
QuantileTransformer,286,1,50.0,90.58741502527454,9.412584974725466,0.0,0.0,0.0,0.0,0.08815860748291016,0.10672163963317871
QuantileTransformer,289,1,50.0,90.58741502527454,9.412584974725466,0.0,0.0,0.0,0.0,0.04540300369262695,0.1101541519165039
QuantileTransformer,292,1,50.0,90.58741502527454,9.412584974725466,0.0,0.0,0.0,0.0,0.052567481994628906,0.11201190948486328
QuantileTransformer,295,1,50.0,90.58741502527454,9.412584974725466,0.0,0.0,0.0,0.0,0.04207181930541992,0.11799454689025879
QuantileTransformer,298,1,50.0,90.58741502527454,9.412584974725466,0.0,0.0,0.0,0.0,0.04259181022644043,0.11874556541442871
QuantileTransformer,301,1,50.0,90.58741502527454,9.412584974725466,0.0,0.0,0.0,0.0,0.0633549690246582,0.12002873420715332
QuantileTransformer,304,1,50.0,90.58741502527454,9.412584974725466,0.0,0.0,0.0,0.0,0.06305694580078125,0.13802862167358398
QuantileTransformer,307,1,50.0,90.58741502527454,9.412584974725466,0.0,0.0,0.0,0.0,0.09234142303466797,0.1234731674194336
QuantileTransformer,310,1,50.0,90.58741502527454,9.412584974725466,0.0,0.0,0.0,0.0,0.0513916015625,0.12266087532043457
QuantileTransformer,313,1,50.0,90.58741502527454,9.412584974725466,0.0,0.0,0.0,0.0,0.04320383071899414,0.12322688102722168
QuantileTransformer,316,1,50.0,90.58741502527454,9.412584974725466,0.0,0.0,0.0,0.0,0.04398369789123535,0.11838388442993164
QuantileTransformer,319,1,50.0,90.58741502527454,9.412584974725466,0.0,0.0,0.0,0.0,0.06576132774353027,0.1266632080078125
QuantileTransformer,322,1,50.0,90.58741502527454,9.412584974725466,0.0,0.0,0.0,0.0,0.04966473579406738,0.122589111328125
QuantileTransformer,325,1,50.0,90.58741502527454,9.412584974725466,0.0,0.0,0.0,0.0,0.07748055458068848,0.12779641151428223
QuantileTransformer,328,1,50.0,90.58741502527454,9.412584974725466,0.0,0.0,0.0,0.0,0.04416704177856445,0.12102651596069336
QuantileTransformer,331,1,50.0,90.58741502527454,9.412584974725466,0.0,0.0,0.0,0.0,0.06827068328857422,0.1278975009918213
QuantileTransformer,334,1,50.0,90.58741502527454,9.412584974725466,0.0,0.0,0.0,0.0,0.07924175262451172,0.12634015083312988
QuantileTransformer,337,1,50.0,90.58741502527454,9.412584974725466,0.0,0.0,0.0,0.0,0.04891824722290039,0.13137078285217285
QuantileTransformer,340,1,50.0,90.58741502527454,9.412584974725466,0.0,0.0,0.0,0.0,0.12672758102416992,0.12690305709838867
QuantileTransformer,343,1,50.0,90.58741502527454,9.412584974725466,0.0,0.0,0.0,0.0,0.13968777656555176,0.1308879852294922
QuantileTransformer,346,1,50.0,90.58741502527454,9.412584974725466,0.0,0.0,0.0,0.0,0.0452275276184082,0.13009262084960938
QuantileTransformer,349,1,50.0,90.58741502527454,9.412584974725466,0.0,0.0,0.0,0.0,0.049457550048828125,0.13585495948791504
QuantileTransformer,1,3,50.0,90.58741502527454,9.412584974725466,0.0,0.0,0.0,0.0,0.053175926208496094,0.024369478225708008
QuantileTransformer,4,3,50.0,90.58741502527454,9.412584974725466,0.0,0.0,0.0,0.0,0.08248376846313477,0.02984762191772461
QuantileTransformer,7,3,50.0,90.58741502527454,9.412584974725466,0.0,0.0,0.0,0.0,0.03920149803161621,0.027227401733398438
QuantileTransformer,10,3,50.0,90.58741502527454,9.412584974725466,0.0,0.0,0.0,0.0,0.047280311584472656,0.02785468101501465
QuantileTransformer,13,3,50.0,90.58741502527454,9.412584974725466,0.0,0.0,0.0,0.0,0.039174795150756836,0.029256343841552734
QuantileTransformer,16,3,50.0,90.58741502527454,9.412584974725466,0.0,0.0,0.0,0.0,0.12098312377929688,0.029723167419433594
QuantileTransformer,19,3,50.0,90.58741502527454,9.412584974725466,0.0,0.0,0.0,0.0,0.03375720977783203,0.030171871185302734
QuantileTransformer,22,3,50.0,90.58741502527454,9.412584974725466,0.0,0.0,0.0,0.0,0.027179956436157227,0.0315093994140625
QuantileTransformer,25,3,50.0,90.58741502527454,9.412584974725466,0.0,0.0,0.0,0.0,0.0705111026763916,0.032166242599487305
QuantileTransformer,28,3,50.0,90.58741502527454,9.412584974725466,0.0,0.0,0.0,0.0,0.12128472328186035,0.03810000419616699
QuantileTransformer,31,3,50.0,90.58741502527454,9.412584974725466,0.0,0.0,0.0,0.0,0.05100560188293457,0.033535003662109375
QuantileTransformer,34,3,50.0,90.58741502527454,9.412584974725466,0.0,0.0,0.0,0.0,0.02734994888305664,0.041175127029418945
QuantileTransformer,37,3,50.0,90.58741502527454,9.412584974725466,0.0,0.0,0.0,0.0,0.05605316162109375,0.03493976593017578
QuantileTransformer,40,3,50.0,90.58741502527454,9.412584974725466,0.0,0.0,0.0,0.0,0.05664658546447754,0.03545951843261719
QuantileTransformer,43,3,50.0,90.58741502527454,9.412584974725466,0.0,0.0,0.0,0.0,0.05179738998413086,0.036707401275634766
QuantileTransformer,46,3,50.0,90.58741502527454,9.412584974725466,0.0,0.0,0.0,0.0,0.02915167808532715,0.037123918533325195
QuantileTransformer,49,3,50.0,90.58741502527454,9.412584974725466,0.0,0.0,0.0,0.0,0.07758069038391113,0.03999209403991699
QuantileTransformer,52,3,50.0,90.58741502527454,9.412584974725466,0.0,0.0,0.0,0.0,0.04349637031555176,0.03876972198486328
QuantileTransformer,55,3,50.0,90.58741502527454,9.412584974725466,0.0,0.0,0.0,0.0,0.028635263442993164,0.040244340896606445
QuantileTransformer,58,3,50.0,90.58741502527454,9.412584974725466,0.0,0.0,0.0,0.0,0.029059171676635742,0.05215716361999512
QuantileTransformer,61,3,50.0,90.58741502527454,9.412584974725466,0.0,0.0,0.0,0.0,0.04464578628540039,0.04228687286376953
QuantileTransformer,64,3,50.0,90.58741502527454,9.412584974725466,0.0,0.0,0.0,0.0,0.0751810073852539,0.0461575984954834
QuantileTransformer,67,3,50.0,90.58741502527454,9.412584974725466,0.0,0.0,0.0,0.0,0.029225587844848633,0.044130563735961914
QuantileTransformer,70,3,50.0,90.58741502527454,9.412584974725466,0.0,0.0,0.0,0.0,0.0450444221496582,0.0451970100402832
QuantileTransformer,73,3,50.0,90.58741502527454,9.412584974725466,0.0,0.0,0.0,0.0,0.05063748359680176,0.049299001693725586
QuantileTransformer,76,3,50.0,90.58741502527454,9.412584974725466,0.0,0.0,0.0,0.0,0.029890775680541992,0.04597210884094238
QuantileTransformer,79,3,50.0,90.58741502527454,9.412584974725466,0.0,0.0,0.0,0.0,0.12357091903686523,0.04827404022216797
QuantileTransformer,82,3,50.0,90.58741502527454,9.412584974725466,0.0,0.0,0.0,0.0,0.03103494644165039,0.04874396324157715
QuantileTransformer,85,3,50.0,90.58741502527454,9.412584974725466,0.0,0.0,0.0,0.0,0.030925989151000977,0.05113101005554199
QuantileTransformer,88,3,50.0,90.58741502527454,9.412584974725466,0.0,0.0,0.0,0.0,0.09848880767822266,0.049176931381225586
QuantileTransformer,91,3,50.0,90.58741502527454,9.412584974725466,0.0,0.0,0.0,0.0,0.03143429756164551,0.052205801010131836
QuantileTransformer,94,3,50.0,90.58741502527454,9.412584974725466,0.0,0.0,0.0,0.0,0.031139135360717773,0.05313706398010254
QuantileTransformer,97,3,50.0,90.58741502527454,9.412584974725466,0.0,0.0,0.0,0.0,0.031199216842651367,0.055095672607421875
QuantileTransformer,100,3,50.0,90.58741502527454,9.412584974725466,0.0,0.0,0.0,0.0,0.03133392333984375,0.05267333984375
QuantileTransformer,103,3,50.0,90.58741502527454,9.412584974725466,0.0,0.0,0.0,0.0,0.04822206497192383,0.05687665939331055
QuantileTransformer,106,3,50.0,90.58741502527454,9.412584974725466,0.0,0.0,0.0,0.0,0.03535723686218262,0.05601859092712402
QuantileTransformer,109,3,50.0,90.58741502527454,9.412584974725466,0.0,0.0,0.0,0.0,0.06556200981140137,0.05983591079711914
QuantileTransformer,112,3,50.0,90.58741502527454,9.412584974725466,0.0,0.0,0.0,0.0,0.03196144104003906,0.056896209716796875
QuantileTransformer,115,3,50.0,90.58741502527454,9.412584974725466,0.0,0.0,0.0,0.0,0.03234052658081055,0.062352657318115234
QuantileTransformer,118,3,50.0,90.58741502527454,9.412584974725466,0.0,0.0,0.0,0.0,0.032395362854003906,0.0602724552154541
QuantileTransformer,121,3,50.0,90.58741502527454,9.412584974725466,0.0,0.0,0.0,0.0,0.11232733726501465,0.06352829933166504
QuantileTransformer,124,3,50.0,90.58741502527454,9.412584974725466,0.0,0.0,0.0,0.0,0.032671451568603516,0.06087327003479004
QuantileTransformer,127,3,50.0,90.58741502527454,9.412584974725466,0.0,0.0,0.0,0.0,0.033304691314697266,0.06520390510559082
QuantileTransformer,130,3,50.0,90.58741502527454,9.412584974725466,0.0,0.0,0.0,0.0,0.03336358070373535,0.06269264221191406
QuantileTransformer,133,3,50.0,90.58741502527454,9.412584974725466,0.0,0.0,0.0,0.0,0.07475447654724121,0.08005928993225098
QuantileTransformer,136,3,50.0,90.58741502527454,9.412584974725466,0.0,0.0,0.0,0.0,0.05560612678527832,0.06286907196044922
QuantileTransformer,139,3,50.0,90.58741502527454,9.412584974725466,0.0,0.0,0.0,0.0,0.038910865783691406,0.06802678108215332
QuantileTransformer,142,3,50.0,90.58741502527454,9.412584974725466,0.0,0.0,0.0,0.0,0.03410768508911133,0.06646990776062012
QuantileTransformer,145,3,50.0,90.58741502527454,9.412584974725466,0.0,0.0,0.0,0.0,0.03903937339782715,0.07015490531921387
QuantileTransformer,148,3,50.0,90.58741502527454,9.412584974725466,0.0,0.0,0.0,0.0,0.052468299865722656,0.07101559638977051
QuantileTransformer,151,3,50.0,90.58741502527454,9.412584974725466,0.0,0.0,0.0,0.0,0.049192190170288086,0.07554125785827637
QuantileTransformer,154,3,50.0,90.58741502527454,9.412584974725466,0.0,0.0,0.0,0.0,0.04758787155151367,0.07480883598327637
QuantileTransformer,157,3,50.0,90.58741502527454,9.412584974725466,0.0,0.0,0.0,0.0,0.034829139709472656,0.07683992385864258
QuantileTransformer,160,3,50.0,90.58741502527454,9.412584974725466,0.0,0.0,0.0,0.0,0.03472590446472168,0.07416749000549316
QuantileTransformer,163,3,50.0,90.58741502527454,9.412584974725466,0.0,0.0,0.0,0.0,0.03491616249084473,0.07865619659423828
QuantileTransformer,166,3,50.0,90.58741502527454,9.412584974725466,0.0,0.0,0.0,0.0,0.035189151763916016,0.07668042182922363
QuantileTransformer,169,3,50.0,90.58741502527454,9.412584974725466,0.0,0.0,0.0,0.0,0.04426074028015137,0.0796513557434082
QuantileTransformer,172,3,50.0,90.58741502527454,9.412584974725466,0.0,0.0,0.0,0.0,0.05549120903015137,0.07824540138244629
QuantileTransformer,175,3,50.0,90.58741502527454,9.412584974725466,0.0,0.0,0.0,0.0,0.1277925968170166,0.0808110237121582
QuantileTransformer,178,3,50.0,90.58741502527454,9.412584974725466,0.0,0.0,0.0,0.0,0.036253929138183594,0.07918190956115723
QuantileTransformer,181,3,50.0,90.58741502527454,9.412584974725466,0.0,0.0,0.0,0.0,0.05519413948059082,0.08510947227478027
QuantileTransformer,184,3,50.0,90.58741502527454,9.412584974725466,0.0,0.0,0.0,0.0,0.03665900230407715,0.0784451961517334
QuantileTransformer,187,3,50.0,90.58741502527454,9.412584974725466,0.0,0.0,0.0,0.0,0.036843299865722656,0.08337879180908203
QuantileTransformer,190,3,50.0,90.58741502527454,9.412584974725466,0.0,0.0,0.0,0.0,0.03734779357910156,0.08200716972351074
QuantileTransformer,193,3,50.0,90.58741502527454,9.412584974725466,0.0,0.0,0.0,0.0,0.03705263137817383,0.08489489555358887
QuantileTransformer,196,3,50.0,90.58741502527454,9.412584974725466,0.0,0.0,0.0,0.0,0.03691983222961426,0.0915367603302002
QuantileTransformer,199,3,50.0,90.58741502527454,9.412584974725466,0.0,0.0,0.0,0.0,0.0374605655670166,0.08738899230957031
QuantileTransformer,202,3,50.0,90.58741502527454,9.412584974725466,0.0,0.0,0.0,0.0,0.04548311233520508,0.10052752494812012
QuantileTransformer,205,3,50.0,90.58741502527454,9.412584974725466,0.0,0.0,0.0,0.0,0.07006382942199707,0.08923983573913574
QuantileTransformer,208,3,50.0,90.58741502527454,9.412584974725466,0.0,0.0,0.0,0.0,0.03802347183227539,0.08328461647033691
QuantileTransformer,211,3,50.0,90.58741502527454,9.412584974725466,0.0,0.0,0.0,0.0,0.05875730514526367,0.09133601188659668
QuantileTransformer,214,3,50.0,90.58741502527454,9.412584974725466,0.0,0.0,0.0,0.0,0.03832244873046875,0.08734655380249023
QuantileTransformer,217,3,50.0,90.58741502527454,9.412584974725466,0.0,0.0,0.0,0.0,0.056975364685058594,0.09307694435119629
QuantileTransformer,220,3,50.0,90.58741502527454,9.412584974725466,0.0,0.0,0.0,0.0,0.05009579658508301,0.09589338302612305
QuantileTransformer,223,3,50.0,90.58741502527454,9.412584974725466,0.0,0.0,0.0,0.0,0.04723048210144043,0.09529614448547363
QuantileTransformer,226,3,50.0,90.58741502527454,9.412584974725466,0.0,0.0,0.0,0.0,0.04796099662780762,0.09105777740478516
QuantileTransformer,229,3,50.0,90.58741502527454,9.412584974725466,0.0,0.0,0.0,0.0,0.13011407852172852,0.09603738784790039
QuantileTransformer,232,3,50.0,90.58741502527454,9.412584974725466,0.0,0.0,0.0,0.0,0.049178123474121094,0.12040138244628906
QuantileTransformer,235,3,50.0,90.58741502527454,9.412584974725466,0.0,0.0,0.0,0.0,0.03936123847961426,0.09905505180358887
QuantileTransformer,238,3,50.0,90.58741502527454,9.412584974725466,0.0,0.0,0.0,0.0,0.05319571495056152,0.09360051155090332
QuantileTransformer,241,3,50.0,90.58741502527454,9.412584974725466,0.0,0.0,0.0,0.0,0.040387868881225586,0.10328531265258789
QuantileTransformer,244,3,50.0,90.58741502527454,9.412584974725466,0.0,0.0,0.0,0.0,0.04010319709777832,0.09319710731506348
QuantileTransformer,247,3,50.0,90.58741502527454,9.412584974725466,0.0,0.0,0.0,0.0,0.0482172966003418,0.10030293464660645
QuantileTransformer,250,3,50.0,90.58741502527454,9.412584974725466,0.0,0.0,0.0,0.0,0.04043698310852051,0.09775829315185547
QuantileTransformer,253,3,50.0,90.58741502527454,9.412584974725466,0.0,0.0,0.0,0.0,0.10864067077636719,0.11592626571655273
QuantileTransformer,256,3,50.0,90.58741502527454,9.412584974725466,0.0,0.0,0.0,0.0,0.04083895683288574,0.15240931510925293
QuantileTransformer,259,3,50.0,90.58741502527454,9.412584974725466,0.0,0.0,0.0,0.0,0.06063532829284668,0.10234856605529785
QuantileTransformer,262,3,50.0,90.58741502527454,9.412584974725466,0.0,0.0,0.0,0.0,0.04104280471801758,0.10099267959594727
QuantileTransformer,265,3,50.0,90.58741502527454,9.412584974725466,0.0,0.0,0.0,0.0,0.04115033149719238,0.10459518432617188
QuantileTransformer,268,3,50.0,90.58741502527454,9.412584974725466,0.0,0.0,0.0,0.0,0.04288196563720703,0.10014915466308594
QuantileTransformer,271,3,50.0,90.58741502527454,9.412584974725466,0.0,0.0,0.0,0.0,0.06327462196350098,0.10587573051452637
QuantileTransformer,274,3,50.0,90.58741502527454,9.412584974725466,0.0,0.0,0.0,0.0,0.05562019348144531,0.10434460639953613
QuantileTransformer,277,3,50.0,90.58741502527454,9.412584974725466,0.0,0.0,0.0,0.0,0.04184603691101074,0.106964111328125
QuantileTransformer,280,3,50.0,90.58741502527454,9.412584974725466,0.0,0.0,0.0,0.0,0.04255557060241699,0.10008597373962402
QuantileTransformer,283,3,50.0,90.58741502527454,9.412584974725466,0.0,0.0,0.0,0.0,0.04218935966491699,0.11535930633544922
QuantileTransformer,286,3,50.0,90.58741502527454,9.412584974725466,0.0,0.0,0.0,0.0,0.04215240478515625,0.10857748985290527
QuantileTransformer,289,3,50.0,90.58741502527454,9.412584974725466,0.0,0.0,0.0,0.0,0.0431675910949707,0.11229753494262695
QuantileTransformer,292,3,50.0,90.58741502527454,9.412584974725466,0.0,0.0,0.0,0.0,0.14026927947998047,0.11362886428833008
QuantileTransformer,295,3,50.0,90.58741502527454,9.412584974725466,0.0,0.0,0.0,0.0,0.05292201042175293,0.11820578575134277
QuantileTransformer,298,3,50.0,90.58741502527454,9.412584974725466,0.0,0.0,0.0,0.0,0.05733203887939453,0.11683988571166992
QuantileTransformer,301,3,50.0,90.58741502527454,9.412584974725466,0.0,0.0,0.0,0.0,0.04332542419433594,0.11988067626953125
QuantileTransformer,304,3,50.0,90.58741502527454,9.412584974725466,0.0,0.0,0.0,0.0,0.06889963150024414,0.13013911247253418
QuantileTransformer,307,3,50.0,90.58741502527454,9.412584974725466,0.0,0.0,0.0,0.0,0.04373955726623535,0.12104320526123047
QuantileTransformer,310,3,50.0,90.58741502527454,9.412584974725466,0.0,0.0,0.0,0.0,0.04369091987609863,0.12043046951293945
QuantileTransformer,313,3,50.0,90.58741502527454,9.412584974725466,0.0,0.0,0.0,0.0,0.04422807693481445,0.12554240226745605
QuantileTransformer,316,3,50.0,90.58741502527454,9.412584974725466,0.0,0.0,0.0,0.0,0.06811332702636719,0.11976504325866699
QuantileTransformer,319,3,50.0,90.58741502527454,9.412584974725466,0.0,0.0,0.0,0.0,0.0473175048828125,0.1284639835357666
QuantileTransformer,322,3,50.0,90.58741502527454,9.412584974725466,0.0,0.0,0.0,0.0,0.1236734390258789,0.12357091903686523
QuantileTransformer,325,3,50.0,90.58741502527454,9.412584974725466,0.0,0.0,0.0,0.0,0.04562568664550781,0.12916779518127441
QuantileTransformer,328,3,50.0,90.58741502527454,9.412584974725466,0.0,0.0,0.0,0.0,0.05647683143615723,0.12187004089355469
QuantileTransformer,331,3,50.0,90.58741502527454,9.412584974725466,0.0,0.0,0.0,0.0,0.05810070037841797,0.12766766548156738
QuantileTransformer,334,3,50.0,90.58741502527454,9.412584974725466,0.0,0.0,0.0,0.0,0.05125570297241211,0.1260387897491455
QuantileTransformer,337,3,50.0,90.58741502527454,9.412584974725466,0.0,0.0,0.0,0.0,0.04556083679199219,0.13113141059875488
QuantileTransformer,340,3,50.0,90.58741502527454,9.412584974725466,0.0,0.0,0.0,0.0,0.06982254981994629,0.12482595443725586
QuantileTransformer,343,3,50.0,90.58741502527454,9.412584974725466,0.0,0.0,0.0,0.0,0.056858062744140625,0.13286638259887695
QuantileTransformer,346,3,50.0,90.58741502527454,9.412584974725466,0.0,0.0,0.0,0.0,0.0619359016418457,0.13256144523620605
QuantileTransformer,349,3,50.0,90.58741502527454,9.412584974725466,0.0,0.0,0.0,0.0,0.04581284523010254,0.13289475440979004
QuantileTransformer,1,5,50.0,90.58741502527454,9.412584974725466,0.0,0.0,0.0,0.0,0.04339718818664551,0.024174213409423828
QuantileTransformer,4,5,50.0,90.58741502527454,9.412584974725466,0.0,0.0,0.0,0.0,0.062453508377075195,0.02675938606262207
QuantileTransformer,7,5,50.0,90.58741502527454,9.412584974725466,0.0,0.0,0.0,0.0,0.10368657112121582,0.0281374454498291
QuantileTransformer,10,5,50.0,90.58741502527454,9.412584974725466,0.0,0.0,0.0,0.0,0.10831046104431152,0.051053524017333984
QuantileTransformer,13,5,50.0,90.58741502527454,9.412584974725466,0.0,0.0,0.0,0.0,0.0272524356842041,0.029350757598876953
QuantileTransformer,16,5,50.0,90.58741502527454,9.412584974725466,0.0,0.0,0.0,0.0,0.07790279388427734,0.03010272979736328
QuantileTransformer,19,5,50.0,90.58741502527454,9.412584974725466,0.0,0.0,0.0,0.0,0.04958534240722656,0.03101372718811035
QuantileTransformer,22,5,50.0,90.58741502527454,9.412584974725466,0.0,0.0,0.0,0.0,0.027199745178222656,0.031066179275512695
QuantileTransformer,25,5,50.0,90.58741502527454,9.412584974725466,0.0,0.0,0.0,0.0,0.027243614196777344,0.03170418739318848
QuantileTransformer,28,5,50.0,90.58741502527454,9.412584974725466,0.0,0.0,0.0,0.0,0.02834796905517578,0.03277325630187988
QuantileTransformer,31,5,50.0,90.58741502527454,9.412584974725466,0.0,0.0,0.0,0.0,0.0933389663696289,0.03380465507507324
QuantileTransformer,34,5,50.0,90.58741502527454,9.412584974725466,0.0,0.0,0.0,0.0,0.04835104942321777,0.0342404842376709
QuantileTransformer,37,5,50.0,90.58741502527454,9.412584974725466,0.0,0.0,0.0,0.0,0.02862548828125,0.03478407859802246
QuantileTransformer,40,5,50.0,90.58741502527454,9.412584974725466,0.0,0.0,0.0,0.0,0.02837395668029785,0.036025047302246094
QuantileTransformer,43,5,50.0,90.58741502527454,9.412584974725466,0.0,0.0,0.0,0.0,0.0417330265045166,0.036424875259399414
QuantileTransformer,46,5,50.0,90.58741502527454,9.412584974725466,0.0,0.0,0.0,0.0,0.05308818817138672,0.0415647029876709
QuantileTransformer,49,5,50.0,90.58741502527454,9.412584974725466,0.0,0.0,0.0,0.0,0.05753493309020996,0.038529157638549805
QuantileTransformer,52,5,50.0,90.58741502527454,9.412584974725466,0.0,0.0,0.0,0.0,0.04752826690673828,0.03898167610168457
QuantileTransformer,55,5,50.0,90.58741502527454,9.412584974725466,0.0,0.0,0.0,0.0,0.029725074768066406,0.04037165641784668
QuantileTransformer,58,5,50.0,90.58741502527454,9.412584974725466,0.0,0.0,0.0,0.0,0.0338740348815918,0.07252717018127441
QuantileTransformer,61,5,50.0,90.58741502527454,9.412584974725466,0.0,0.0,0.0,0.0,0.029941558837890625,0.04255986213684082
QuantileTransformer,64,5,50.0,90.58741502527454,9.412584974725466,0.0,0.0,0.0,0.0,0.03330183029174805,0.04650592803955078
QuantileTransformer,67,5,50.0,90.58741502527454,9.412584974725466,0.0,0.0,0.0,0.0,0.03174710273742676,0.04465651512145996
QuantileTransformer,70,5,50.0,90.58741502527454,9.412584974725466,0.0,0.0,0.0,0.0,0.03175663948059082,0.044336557388305664
QuantileTransformer,73,5,50.0,90.58741502527454,9.412584974725466,0.0,0.0,0.0,0.0,0.032491207122802734,0.04659557342529297
QuantileTransformer,76,5,50.0,90.58741502527454,9.412584974725466,0.0,0.0,0.0,0.0,0.049958229064941406,0.0465855598449707
QuantileTransformer,79,5,50.0,90.58741502527454,9.412584974725466,0.0,0.0,0.0,0.0,0.05252695083618164,0.048563480377197266
QuantileTransformer,82,5,50.0,90.58741502527454,9.412584974725466,0.0,0.0,0.0,0.0,0.031592369079589844,0.048370361328125
QuantileTransformer,85,5,50.0,90.58741502527454,9.412584974725466,0.0,0.0,0.0,0.0,0.03326225280761719,0.05222630500793457
QuantileTransformer,88,5,50.0,90.58741502527454,9.412584974725466,0.0,0.0,0.0,0.0,0.03188490867614746,0.04935908317565918
QuantileTransformer,91,5,50.0,90.58741502527454,9.412584974725466,0.0,0.0,0.0,0.0,0.09318327903747559,0.052693843841552734
QuantileTransformer,94,5,50.0,90.58741502527454,9.412584974725466,0.0,0.0,0.0,0.0,0.05150341987609863,0.05230212211608887
QuantileTransformer,97,5,50.0,90.58741502527454,9.412584974725466,0.0,0.0,0.0,0.0,0.0314631462097168,0.05559992790222168
QuantileTransformer,100,5,50.0,90.58741502527454,9.412584974725466,0.0,0.0,0.0,0.0,0.06243443489074707,0.053247928619384766
QuantileTransformer,103,5,50.0,90.58741502527454,9.412584974725466,0.0,0.0,0.0,0.0,0.04237842559814453,0.09596061706542969
QuantileTransformer,106,5,50.0,90.58741502527454,9.412584974725466,0.0,0.0,0.0,0.0,0.031819820404052734,0.056316375732421875
QuantileTransformer,109,5,50.0,90.58741502527454,9.412584974725466,0.0,0.0,0.0,0.0,0.04613375663757324,0.059926509857177734
QuantileTransformer,112,5,50.0,90.58741502527454,9.412584974725466,0.0,0.0,0.0,0.0,0.03260493278503418,0.05677533149719238
QuantileTransformer,115,5,50.0,90.58741502527454,9.412584974725466,0.0,0.0,0.0,0.0,0.03270721435546875,0.0622866153717041
QuantileTransformer,118,5,50.0,90.58741502527454,9.412584974725466,0.0,0.0,0.0,0.0,0.033008575439453125,0.060358524322509766
QuantileTransformer,121,5,50.0,90.58741502527454,9.412584974725466,0.0,0.0,0.0,0.0,0.03279685974121094,0.06397151947021484
QuantileTransformer,124,5,50.0,90.58741502527454,9.412584974725466,0.0,0.0,0.0,0.0,0.05774664878845215,0.060608863830566406
QuantileTransformer,127,5,50.0,90.58741502527454,9.412584974725466,0.0,0.0,0.0,0.0,0.033582210540771484,0.06566476821899414
QuantileTransformer,130,5,50.0,90.58741502527454,9.412584974725466,0.0,0.0,0.0,0.0,0.12179780006408691,0.07873272895812988
QuantileTransformer,133,5,50.0,90.58741502527454,9.412584974725466,0.0,0.0,0.0,0.0,0.0343325138092041,0.06673574447631836
QuantileTransformer,136,5,50.0,90.58741502527454,9.412584974725466,0.0,0.0,0.0,0.0,0.03381204605102539,0.06273221969604492
QuantileTransformer,139,5,50.0,90.58741502527454,9.412584974725466,0.0,0.0,0.0,0.0,0.05492568016052246,0.06818628311157227
QuantileTransformer,142,5,50.0,90.58741502527454,9.412584974725466,0.0,0.0,0.0,0.0,0.04278850555419922,0.06657528877258301
QuantileTransformer,145,5,50.0,90.58741502527454,9.412584974725466,0.0,0.0,0.0,0.0,0.07563281059265137,0.0699455738067627
QuantileTransformer,148,5,50.0,90.58741502527454,9.412584974725466,0.0,0.0,0.0,0.0,0.04126739501953125,0.0820615291595459
QuantileTransformer,151,5,50.0,90.58741502527454,9.412584974725466,0.0,0.0,0.0,0.0,0.06822490692138672,0.0754852294921875
QuantileTransformer,154,5,50.0,90.58741502527454,9.412584974725466,0.0,0.0,0.0,0.0,0.06180548667907715,0.08760619163513184
QuantileTransformer,157,5,50.0,90.58741502527454,9.412584974725466,0.0,0.0,0.0,0.0,0.03649592399597168,0.07682275772094727
QuantileTransformer,160,5,50.0,90.58741502527454,9.412584974725466,0.0,0.0,0.0,0.0,0.09783458709716797,0.07410168647766113
QuantileTransformer,163,5,50.0,90.58741502527454,9.412584974725466,0.0,0.0,0.0,0.0,0.03591346740722656,0.07827281951904297
QuantileTransformer,166,5,50.0,90.58741502527454,9.412584974725466,0.0,0.0,0.0,0.0,0.07229804992675781,0.07698655128479004
QuantileTransformer,169,5,50.0,90.58741502527454,9.412584974725466,0.0,0.0,0.0,0.0,0.21310091018676758,0.0822749137878418
QuantileTransformer,172,5,50.0,90.58741502527454,9.412584974725466,0.0,0.0,0.0,0.0,0.03624773025512695,0.07907557487487793
QuantileTransformer,175,5,50.0,90.58741502527454,9.412584974725466,0.0,0.0,0.0,0.0,0.11833739280700684,0.08115673065185547
QuantileTransformer,178,5,50.0,90.58741502527454,9.412584974725466,0.0,0.0,0.0,0.0,0.047272682189941406,0.07952713966369629
QuantileTransformer,181,5,50.0,90.58741502527454,9.412584974725466,0.0,0.0,0.0,0.0,0.046772003173828125,0.08228302001953125
QuantileTransformer,184,5,50.0,90.58741502527454,9.412584974725466,0.0,0.0,0.0,0.0,0.1338648796081543,0.08678960800170898
QuantileTransformer,187,5,50.0,90.58741502527454,9.412584974725466,0.0,0.0,0.0,0.0,0.03723001480102539,0.08329176902770996
QuantileTransformer,190,5,50.0,90.58741502527454,9.412584974725466,0.0,0.0,0.0,0.0,0.16437768936157227,0.08263969421386719
QuantileTransformer,193,5,50.0,90.58741502527454,9.412584974725466,0.0,0.0,0.0,0.0,0.03788137435913086,0.08550906181335449
QuantileTransformer,196,5,50.0,90.58741502527454,9.412584974725466,0.0,0.0,0.0,0.0,0.06266593933105469,0.08185291290283203
QuantileTransformer,199,5,50.0,90.58741502527454,9.412584974725466,0.0,0.0,0.0,0.0,0.05153608322143555,0.0882256031036377
QuantileTransformer,202,5,50.0,90.58741502527454,9.412584974725466,0.0,0.0,0.0,0.0,0.0391392707824707,0.08422017097473145
QuantileTransformer,205,5,50.0,90.58741502527454,9.412584974725466,0.0,0.0,0.0,0.0,0.038429975509643555,0.0899658203125
QuantileTransformer,208,5,50.0,90.58741502527454,9.412584974725466,0.0,0.0,0.0,0.0,0.03845787048339844,0.08356690406799316
QuantileTransformer,211,5,50.0,90.58741502527454,9.412584974725466,0.0,0.0,0.0,0.0,0.038974761962890625,0.09076476097106934
QuantileTransformer,214,5,50.0,90.58741502527454,9.412584974725466,0.0,0.0,0.0,0.0,0.15592074394226074,0.0884702205657959
QuantileTransformer,217,5,50.0,90.58741502527454,9.412584974725466,0.0,0.0,0.0,0.0,0.14780068397521973,0.1019740104675293
QuantileTransformer,220,5,50.0,90.58741502527454,9.412584974725466,0.0,0.0,0.0,0.0,0.03926515579223633,0.08608245849609375
QuantileTransformer,223,5,50.0,90.58741502527454,9.412584974725466,0.0,0.0,0.0,0.0,0.03948068618774414,0.09402132034301758
QuantileTransformer,226,5,50.0,90.58741502527454,9.412584974725466,0.0,0.0,0.0,0.0,0.03962898254394531,0.09114456176757812
QuantileTransformer,229,5,50.0,90.58741502527454,9.412584974725466,0.0,0.0,0.0,0.0,0.056287288665771484,0.09567832946777344
QuantileTransformer,232,5,50.0,90.58741502527454,9.412584974725466,0.0,0.0,0.0,0.0,0.054880619049072266,0.08877849578857422
QuantileTransformer,235,5,50.0,90.58741502527454,9.412584974725466,0.0,0.0,0.0,0.0,0.0400853157043457,0.09735846519470215
QuantileTransformer,238,5,50.0,90.58741502527454,9.412584974725466,0.0,0.0,0.0,0.0,0.04015684127807617,0.09421873092651367
QuantileTransformer,241,5,50.0,90.58741502527454,9.412584974725466,0.0,0.0,0.0,0.0,0.12649035453796387,0.10025930404663086
QuantileTransformer,244,5,50.0,90.58741502527454,9.412584974725466,0.0,0.0,0.0,0.0,0.043027639389038086,0.0934150218963623
QuantileTransformer,247,5,50.0,90.58741502527454,9.412584974725466,0.0,0.0,0.0,0.0,0.04080653190612793,0.10043478012084961
QuantileTransformer,250,5,50.0,90.58741502527454,9.412584974725466,0.0,0.0,0.0,0.0,0.04150199890136719,0.09816312789916992
QuantileTransformer,253,5,50.0,90.58741502527454,9.412584974725466,0.0,0.0,0.0,0.0,0.05748605728149414,0.10269570350646973
QuantileTransformer,256,5,50.0,90.58741502527454,9.412584974725466,0.0,0.0,0.0,0.0,0.04221320152282715,0.1532132625579834
QuantileTransformer,259,5,50.0,90.58741502527454,9.412584974725466,0.0,0.0,0.0,0.0,0.05377316474914551,0.10358977317810059
QuantileTransformer,262,5,50.0,90.58741502527454,9.412584974725466,0.0,0.0,0.0,0.0,0.0891420841217041,0.10120463371276855
QuantileTransformer,265,5,50.0,90.58741502527454,9.412584974725466,0.0,0.0,0.0,0.0,0.0670156478881836,0.10509657859802246
QuantileTransformer,268,5,50.0,90.58741502527454,9.412584974725466,0.0,0.0,0.0,0.0,0.13010644912719727,0.10011506080627441
QuantileTransformer,271,5,50.0,90.58741502527454,9.412584974725466,0.0,0.0,0.0,0.0,0.042505741119384766,0.10615706443786621
QuantileTransformer,274,5,50.0,90.58741502527454,9.412584974725466,0.0,0.0,0.0,0.0,0.043045759201049805,0.10497879981994629
QuantileTransformer,277,5,50.0,90.58741502527454,9.412584974725466,0.0,0.0,0.0,0.0,0.04659461975097656,0.10850977897644043
QuantileTransformer,280,5,50.0,90.58741502527454,9.412584974725466,0.0,0.0,0.0,0.0,0.04245638847351074,0.10092639923095703
QuantileTransformer,283,5,50.0,90.58741502527454,9.412584974725466,0.0,0.0,0.0,0.0,0.04267144203186035,0.10957503318786621
QuantileTransformer,286,5,50.0,90.58741502527454,9.412584974725466,0.0,0.0,0.0,0.0,0.04335141181945801,0.10747337341308594
QuantileTransformer,289,5,50.0,90.58741502527454,9.412584974725466,0.0,0.0,0.0,0.0,0.043489694595336914,0.11110258102416992
QuantileTransformer,292,5,50.0,90.58741502527454,9.412584974725466,0.0,0.0,0.0,0.0,0.04348278045654297,0.11350154876708984
QuantileTransformer,295,5,50.0,90.58741502527454,9.412584974725466,0.0,0.0,0.0,0.0,0.04413199424743652,0.11855816841125488
QuantileTransformer,298,5,50.0,90.58741502527454,9.412584974725466,0.0,0.0,0.0,0.0,0.04798531532287598,0.11760187149047852
QuantileTransformer,301,5,50.0,90.58741502527454,9.412584974725466,0.0,0.0,0.0,0.0,0.04442191123962402,0.12120771408081055
QuantileTransformer,304,5,50.0,90.58741502527454,9.412584974725466,0.0,0.0,0.0,0.0,0.04885697364807129,0.11451840400695801
QuantileTransformer,307,5,50.0,90.58741502527454,9.412584974725466,0.0,0.0,0.0,0.0,0.07099008560180664,0.12189769744873047
QuantileTransformer,310,5,50.0,90.58741502527454,9.412584974725466,0.0,0.0,0.0,0.0,0.04466557502746582,0.12052011489868164
QuantileTransformer,313,5,50.0,90.58741502527454,9.412584974725466,0.0,0.0,0.0,0.0,0.05125284194946289,0.12288212776184082
QuantileTransformer,316,5,50.0,90.58741502527454,9.412584974725466,0.0,0.0,0.0,0.0,0.07172107696533203,0.12532663345336914
QuantileTransformer,319,5,50.0,90.58741502527454,9.412584974725466,0.0,0.0,0.0,0.0,0.05461621284484863,0.1244666576385498
QuantileTransformer,322,5,50.0,90.58741502527454,9.412584974725466,0.0,0.0,0.0,0.0,0.04540824890136719,0.12254047393798828
QuantileTransformer,325,5,50.0,90.58741502527454,9.412584974725466,0.0,0.0,0.0,0.0,0.06243133544921875,0.12618708610534668
QuantileTransformer,328,5,50.0,90.58741502527454,9.412584974725466,0.0,0.0,0.0,0.0,0.04547548294067383,0.12030458450317383
QuantileTransformer,331,5,50.0,90.58741502527454,9.412584974725466,0.0,0.0,0.0,0.0,0.04556751251220703,0.12812042236328125
QuantileTransformer,334,5,50.0,90.58741502527454,9.412584974725466,0.0,0.0,0.0,0.0,0.04918241500854492,0.12936878204345703
QuantileTransformer,337,5,50.0,90.58741502527454,9.412584974725466,0.0,0.0,0.0,0.0,0.07160210609436035,0.1326456069946289
QuantileTransformer,340,5,50.0,90.58741502527454,9.412584974725466,0.0,0.0,0.0,0.0,0.046098947525024414,0.12746906280517578
QuantileTransformer,343,5,50.0,90.58741502527454,9.412584974725466,0.0,0.0,0.0,0.0,0.05104565620422363,0.1314709186553955
QuantileTransformer,346,5,50.0,90.58741502527454,9.412584974725466,0.0,0.0,0.0,0.0,0.046499013900756836,0.1302328109741211
QuantileTransformer,349,5,50.0,90.58741502527454,9.412584974725466,0.0,0.0,0.0,0.0,0.04703545570373535,0.13233709335327148
RobustScaler,1,0,86.13879802450131,97.52227128340853,90.5386090291093,0.5515523311855889,0.9465095194922938,0.9700642346382257,0.9240715797575524,0.02887439727783203,0.033229827880859375
RobustScaler,4,0,85.05978805436185,97.30674830782232,86.43890535122887,0.4899659324007529,0.9210056047437252,0.9749774280923513,0.8726957860304022,0.040548086166381836,0.035187482833862305
RobustScaler,7,0,72.99193836900206,95.75383169846474,67.88216838068676,0.23657504979014352,0.7920362971490486,0.9578510591832278,0.6751587454300558,0.048132896423339844,0.037079572677612305
RobustScaler,10,0,76.48658271509916,96.36358454773108,72.53616872930102,0.29211608474715217,0.8267733849333744,0.964448776483866,0.7234943236482586,0.15370607376098633,0.037589073181152344
RobustScaler,13,0,81.14238413899757,96.97112260019294,78.73453024228691,0.383782615730802,0.8701353998126543,0.9737456520703293,0.786453723301905,0.06051802635192871,0.038706302642822266
RobustScaler,16,0,80.89876353166713,97.27215925303616,73.15670210911627,0.3288777444030003,0.8301345687182881,0.9726027397260274,0.7240715797575524,0.042352914810180664,0.039071083068847656
RobustScaler,19,0,82.36457928006898,97.29818359927184,77.66777061181801,0.36396352426229184,0.8629615368159843,0.9715331631424305,0.7762170482970945,0.04666876792907715,0.040703535079956055
RobustScaler,22,0,81.6088455590476,96.88388404352544,81.851141711696,0.3850034223963786,0.8921617366807524,0.9660849670270513,0.8287473542428324,0.030545473098754883,0.041219234466552734
RobustScaler,25,0,81.44641851780585,96.88066775019144,82.41938295276276,0.3899958385547077,0.8959584081203193,0.965667526460909,0.8356359438137387,0.029639244079589844,0.04223203659057617
RobustScaler,28,0,58.98947113363122,93.42191971980324,49.47184939864041,0.08833818579251178,0.6305566884176182,0.9337208424548954,0.4760053877236867,0.056470394134521484,0.04334282875061035
RobustScaler,31,0,59.77394935824799,93.5783850309982,54.38033815583058,0.08937952932717631,0.6804707720857548,0.9308571046830115,0.5362324417933423,0.025450944900512695,0.044384002685546875
RobustScaler,34,0,60.23791646177637,93.57512777177843,51.828481784905,0.09729475723380486,0.6542907180385289,0.9350017876296032,0.5032133923417356,0.15019631385803223,0.045619964599609375
RobustScaler,37,0,60.55244977515518,93.6560965013022,51.56702109116262,0.10456477724462923,0.6509559580936111,0.9375452308583008,0.49855685972676544,0.03145003318786621,0.04621315002441406
RobustScaler,40,0,60.02420057155482,93.56747292223253,49.07442914415199,0.1058031430051352,0.6246081101917048,0.9399798901693867,0.4676928997498557,0.07980918884277344,0.05317091941833496
RobustScaler,43,0,60.28040393674413,93.63196509370148,48.83737144849224,0.10962308447652962,0.6216745720767168,0.9415163582415866,0.4640369443909948,0.028566598892211914,0.048583984375
RobustScaler,46,0,71.25342968521726,94.92181216888778,83.17936203590726,0.27912478024058085,0.9033240497705824,0.9422337401772279,0.8675004810467577,0.04759788513183594,0.049587249755859375
RobustScaler,49,0,68.9490275728875,94.75646783500669,78.79379466620185,0.216307202351835,0.875064182874982,0.9382928118393234,0.8198191264190879,0.02886223793029785,0.05092048645019531
RobustScaler,52,0,73.55961345220533,95.47019731675906,64.94683632560572,0.23898805855560434,0.7672076493876323,0.9628661087866108,0.6376370983259573,0.061501502990722656,0.05119180679321289
RobustScaler,55,0,74.3689450466437,95.79176059602668,67.26163500087154,0.246118934642376,0.7864274180710014,0.9613032358501057,0.6653838753126804,0.08388423919677734,0.05329561233520508
RobustScaler,58,0,74.32104561748586,95.74704662292615,68.2272964964267,0.24916278880189627,0.7942570770689422,0.9606290613225578,0.677005964979796,0.04243302345275879,0.05377793312072754
RobustScaler,61,0,74.52223576279762,95.7534786449342,69.30102841206205,0.25503652170719004,0.8027241363860388,0.9604889293947354,0.6894746969405426,0.05049324035644531,0.05576896667480469
RobustScaler,64,0,76.68732744674635,96.15910927720597,70.06797978037301,0.2837157726083188,0.8076009501187649,0.9666863365699265,0.6934770059649797,0.03008866310119629,0.059580087661743164
RobustScaler,67,0,76.61675182975934,96.08697850046674,70.17953634303643,0.28353867323204723,0.808506827848668,0.9664436713941664,0.6949393881085242,0.09964227676391602,0.0584714412689209
RobustScaler,70,0,76.3866361647389,95.97152750573312,66.36221021439776,0.27499304000780944,0.777339333102573,0.970778097982709,0.6481816432557245,0.03152775764465332,0.05821394920349121
RobustScaler,73,0,76.45784106215125,95.93076436254042,67.99721108593342,0.28194294625501204,0.7907358438953224,0.9698596432365935,0.6674619973061382,0.03009653091430664,0.06099224090576172
RobustScaler,76,0,75.09291329043108,95.83187262403025,68.35628377200628,0.26568406488834284,0.7945124850021507,0.964811963932263,0.6753126803925341,0.03519701957702637,0.05997633934020996
RobustScaler,79,0,74.67819753561528,95.67701961641971,66.62715705072337,0.2611043117092152,0.7803299754468895,0.9664090030692282,0.6543390417548586,0.13759207725524902,0.06345653533935547
RobustScaler,82,0,74.81249581311155,95.61458388761564,68.05647550984835,0.2696996785520192,0.791839887321384,0.9663968060330487,0.6706946315181835,0.03269791603088379,0.0632622241973877
RobustScaler,85,0,74.16791453758935,95.08114747688374,68.26215792225902,0.2664343370440257,0.7937004305461137,0.9651694681730504,0.6739657494708485,0.030783414840698242,0.06692719459533691
RobustScaler,88,0,75.18541323698145,95.7214394094422,66.80146417988496,0.2657122110218383,0.7815575180639982,0.96740488358887,0.655609005195305,0.031427860260009766,0.06439375877380371
RobustScaler,91,0,75.9256116420442,95.87155230150033,68.19940735576085,0.2746701896070736,0.7927760109041345,0.9675076240643193,0.671502790071195,0.030736446380615234,0.06796765327453613
RobustScaler,94,0,75.72397822105346,95.84526218810025,67.77758410318982,0.2719962644046021,0.7894101296393338,0.967496928403887,0.6666923224937464,0.03084111213684082,0.06742334365844727
RobustScaler,97,0,75.73127017723901,95.89504946726018,64.90500261460693,0.2664826960804399,0.7652778101611136,0.9708353052531945,0.6315566673080624,0.05782723426818848,0.07172131538391113
RobustScaler,100,0,75.36989858821686,95.73860791687135,67.93097437685202,0.2673456285055003,0.7909175625610837,0.9659671330224295,0.6695786030402155,0.10763192176818848,0.06934285163879395
RobustScaler,103,0,74.32110761906799,95.51106315485495,67.7531811051072,0.26171407483803266,0.7897249374857922,0.9647320188836435,0.6684625745622474,0.0758047103881836,0.07478833198547363
RobustScaler,106,0,74.02656945958852,95.6539405605124,64.7028063447795,0.2514477531325907,0.7643869406371443,0.9668000941841299,0.632056955936117,0.04630565643310547,0.07352375984191895
RobustScaler,109,0,73.05711058374133,95.13175194291593,65.04793446051943,0.2489092116737434,0.7675184343551454,0.965521264803687,0.636905907254185,0.04387307167053223,0.07660555839538574
RobustScaler,112,0,69.8610402012557,94.32814511329919,65.48021614084017,0.22451164876055435,0.7725769407441433,0.9580746226146397,0.6472580334808543,0.03491663932800293,0.0824277400970459
RobustScaler,115,0,72.88367362937306,95.033589286311,67.42548370228343,0.25354241834845387,0.7874141147563362,0.9630474706438867,0.6659611314219742,0.03982901573181152,0.0786135196685791
RobustScaler,118,0,73.59607394579494,95.61765731903803,65.59874498867003,0.25882376364182574,0.7717009069035721,0.9674575091362608,0.6418318260534924,0.0321354866027832,0.07741713523864746
RobustScaler,121,0,72.73499454813674,95.12487868592329,65.07582360118529,0.24759596724516852,0.7678331402085747,0.9651034080978735,0.6375216471040985,0.032161712646484375,0.08057212829589844
RobustScaler,124,0,69.63718313271903,94.88847994896005,62.774969496252396,0.2001184121206603,0.7505606428704915,0.9549426380550436,0.6182412930536848,0.032231807708740234,0.07707762718200684
RobustScaler,127,0,68.84000812434525,94.35659656760762,67.35227470803555,0.2053384198372636,0.7892142519525535,0.9505530253741054,0.6746969405426207,0.032599687576293945,0.0817255973815918
RobustScaler,130,0,67.25665590547253,94.24257276514757,62.26947882168381,0.18263858204383426,0.7471675193309505,0.9506598501961717,0.6154319799884549,0.03273272514343262,0.08054780960083008
RobustScaler,133,0,69.07862727071887,94.384463892743,65.70332926616699,0.20934503642037508,0.7752855185015989,0.9536948581062096,0.6531075620550317,0.032656192779541016,0.08413171768188477
RobustScaler,136,0,66.5412153735417,93.49549978402364,65.10719888443437,0.1899514176723102,0.771290816443114,0.9493193835077062,0.6494900904367904,0.045136213302612305,0.08254432678222656
RobustScaler,139,0,68.63709832595728,94.30483009790629,66.22625065365173,0.20261945092356715,0.7800281549430089,0.9512654372265603,0.661035212622667,0.047551631927490234,0.08678030967712402
RobustScaler,142,0,67.99939067410686,93.9440055555357,66.93742374063099,0.2012603145632708,0.786001173338147,0.9500354551900944,0.6702713103713681,0.11631393432617188,0.09213066101074219
RobustScaler,145,0,67.94521269393312,93.85049739151744,66.80495032246819,0.20079188255756392,0.7849302073451687,0.9500792826289026,0.6686934770059649,0.13486504554748535,0.09159374237060547
RobustScaler,148,0,68.40975491558521,94.03481754738377,64.32630294579049,0.1992677223980219,0.764113321500196,0.9527477581053115,0.6378295170290552,0.05369925498962402,0.08768081665039062
RobustScaler,151,0,67.07507465133018,93.68562948662115,65.8915809656615,0.1948101340914488,0.7776363636363637,0.9496530668887039,0.6583798345199153,0.06085205078125,0.09353017807006836
RobustScaler,154,0,67.80914060105903,93.8095887548258,65.89506710824473,0.19638129811540736,0.7775832670228487,0.9500555555555555,0.6581104483355782,0.14214062690734863,0.10098886489868164
RobustScaler,157,0,66.9684461833394,93.53359084782393,65.07930974376852,0.19398093773838596,0.770835716410057,0.9504118244386777,0.6483355782182028,0.03465080261230469,0.09513401985168457
RobustScaler,160,0,68.8009193338037,94.43510467261072,58.11748300505491,0.19264033992341456,0.708482966126371,0.9587574702830498,0.5618241293053685,0.07394289970397949,0.08859086036682129
RobustScaler,163,0,67.29570621227346,93.61966247721487,64.21126024054385,0.19475473625370276,0.7633798921311022,0.9516694442848113,0.6372907446603809,0.04424452781677246,0.09702682495117188
RobustScaler,166,0,67.36023346802642,93.65432323523915,64.15548195921214,0.1945306870312198,0.7629127467256963,0.951676925732037,0.636636521069848,0.10050296783447266,0.09548425674438477
RobustScaler,169,0,64.9800354905608,92.80445250496503,63.71971413630817,0.18725392702742322,0.7595702899387778,0.9502312138728324,0.6326342120454108,0.03490161895751953,0.09989047050476074
RobustScaler,172,0,66.44480932731847,93.30464828979305,65.04096217535297,0.19176209974840144,0.7706312900274473,0.949873132224415,0.6482970944775832,0.05644798278808594,0.10860633850097656
RobustScaler,175,0,67.42181244165081,93.80951198952505,68.00418337109988,0.19391329920400374,0.7950790390283111,0.9469233632930916,0.6852030017317683,0.03502845764160156,0.1001138687133789
RobustScaler,178,0,66.50908715141927,93.30493118707655,64.89803032944047,0.18874985394719515,0.7695828279823337,0.9492491814384103,0.647104098518376,0.040097951889038086,0.09981775283813477
RobustScaler,181,0,62.246803355212045,91.59243845229757,66.54697577130905,0.1793785616429156,0.7838738738738739,0.9449904968775454,0.6696940542620743,0.03490805625915527,0.10409760475158691
RobustScaler,184,0,65.39450965300495,93.23131001558042,67.38364999128464,0.1807355909848427,0.7906654137020629,0.9444117804265327,0.6799692130075043,0.03558707237243652,0.09768795967102051
RobustScaler,187,0,66.95727734661735,92.91214103525165,67.01760502004532,0.21751986368448123,0.7858484800470812,0.9541057491480708,0.668039253415432,0.13245344161987305,0.10816335678100586
RobustScaler,190,0,64.45199438422452,92.19936046526517,63.56981000522921,0.19480002799329785,0.7578327771598072,0.9524669423894682,0.6292476428708871,0.03588104248046875,0.10624527931213379
RobustScaler,193,0,64.20827115358576,92.14617752452104,64.19731567021091,0.19272700932332298,0.7633749596792775,0.9511396911063903,0.6375216471040985,0.06877660751342773,0.11228060722351074
RobustScaler,196,0,67.64661521248013,93.16569309465189,66.42496078089593,0.2166864293686051,0.7809593122427164,0.9546819395017794,0.6607273426977102,0.035332441329956055,0.104583740234375
RobustScaler,199,0,68.29354969747504,93.39017393536267,63.02945790482831,0.21653104544375942,0.7518079056378572,0.9592689918776875,0.6181258418318261,0.058545589447021484,0.12298226356506348
RobustScaler,202,0,63.29332022035504,91.7782217008296,64.1206205333798,0.18560873935419284,0.763119130915117,0.9493214224360076,0.6379834519915336,0.03770112991333008,0.1089935302734375
RobustScaler,205,0,72.55915806127466,95.44880746662766,63.890535122886526,0.25358960272242786,0.7571622825526328,0.9687443757873898,0.6214354435251106,0.0358738899230957,0.11617302894592285
RobustScaler,208,0,61.474491693925984,91.32331082271683,61.00400906397072,0.16323913915043367,0.7371216394059034,0.946640912657693,0.6035405041370021,0.047078609466552734,0.11028146743774414
RobustScaler,211,0,63.84766282541923,92.35062326749876,64.21474638312708,0.18071969652297803,0.764201869845864,0.9479142922270344,0.6401385414662305,0.03608441352844238,0.13465619087219238
RobustScaler,214,0,63.998373705627884,92.33297255118362,64.51804078786823,0.1856911481072925,0.7665167920719398,0.9488839666041915,0.6429478545314604,0.03595232963562012,0.11292243003845215
RobustScaler,217,0,69.85156963775397,94.34831984458543,59.8117483005055,0.22850551467032645,0.721841521088698,0.9675916941587425,0.5756397921878007,0.12667536735534668,0.11597037315368652
RobustScaler,220,0,63.60382913219165,92.42017425502314,64.83179362035906,0.1733704535523392,0.7698590135511247,0.9453190654938652,0.6493361554743121,0.03629708290100098,0.11470198631286621
RobustScaler,223,0,67.6177124979511,93.30814693161908,62.74708035558655,0.20873411231062627,0.7497892666479348,0.9574239071936853,0.616163171060227,0.03650164604187012,0.12306046485900879
RobustScaler,226,0,70.56500972783444,94.06892599130047,61.073731915635356,0.23568035691479933,0.7330113337477883,0.9678600745090611,0.5898787762170483,0.10001301765441895,0.11624002456665039
RobustScaler,229,0,72.01948702599078,94.47206973344858,66.63064319330661,0.268738379596199,0.7799540229885058,0.968541250356837,0.6528381758706946,0.03664445877075195,0.12196540832519531
RobustScaler,232,0,67.02394116263656,93.74292135770473,66.39707164023008,0.19719815783633118,0.7817304861755848,0.9496588908450704,0.6642678468347123,0.03723573684692383,0.11180520057678223
RobustScaler,235,0,71.81637982026668,94.51936473468172,66.51560048805997,0.26802538385509944,0.7790176003681123,0.9685354691075515,0.6515297286896287,0.03730416297912598,0.1276381015777588
RobustScaler,238,0,71.84826288670814,94.52520269126697,66.53651734355935,0.26799933473056725,0.7791962827502128,0.9684926806953339,0.6517991148739658,0.05424237251281738,0.1463005542755127
RobustScaler,241,0,61.021842373449076,91.55160066369095,55.29370751263727,0.14465818153139084,0.6849604480911905,0.9470144691257387,0.5365018279776794,0.037778615951538086,0.12623977661132812
RobustScaler,244,0,78.34744118757972,96.03101901227024,75.91075474986927,0.350312942125266,0.8503810843582192,0.9721768404376454,0.7557052145468539,0.038584232330322266,0.12020444869995117
RobustScaler,247,0,67.21859192269044,93.39789096145611,60.324211260240546,0.2017186135377127,0.728422459255017,0.9586107272955658,0.5873773330767751,0.05785346031188965,0.12313055992126465
RobustScaler,250,0,67.21511840876859,93.6477477684367,59.267910057521355,0.19310831131598258,0.7192560911144217,0.9573978123200921,0.5759861458533769,0.04037308692932129,0.12241077423095703
RobustScaler,253,0,69.6403295348456,94.24358487992703,61.195746906048456,0.23289642133194874,0.734311970402196,0.9668133249528599,0.591956898210506,0.038941144943237305,0.12831711769104004
RobustScaler,256,0,66.02172193359416,93.2556665262802,58.19069199930277,0.1863934171442468,0.7096336827833329,0.9567175871523698,0.5639792187800654,0.03887200355529785,0.17614054679870605
RobustScaler,259,0,74.82617749556368,95.89930182853212,67.34878856545232,0.27898928002372403,0.7854688716844564,0.970180501329712,0.6598422166634597,0.043932437896728516,0.12588763236999512
RobustScaler,262,0,75.1404870331174,95.77292381202534,68.95241415373889,0.27157989701687163,0.7991158027698831,0.9653932094392065,0.6817009813353858,0.03921198844909668,0.12690353393554688
RobustScaler,265,0,67.77638523649685,93.95948747581446,59.445703329266166,0.2027754280755637,0.7202327986339915,0.9601179789689664,0.5762555320377141,0.05764365196228027,0.12399148941040039
RobustScaler,268,0,76.4187230524733,96.12033459515001,71.8947184939864,0.2913517419376406,0.8217948717948718,0.9654115814074267,0.7153742543775254,0.051140546798706055,0.1358201503753662
RobustScaler,271,0,78.37718626843122,96.3938324405839,73.31009238277846,0.3178634012426115,0.8317584494352394,0.969468777214282,0.7283047912257071,0.07800722122192383,0.13051748275756836
RobustScaler,274,0,79.18089496076797,96.63696647675815,72.07948405089768,0.30767394924927804,0.822570282903919,0.969249242977968,0.7144506446026554,0.04020404815673828,0.12899446487426758
RobustScaler,277,0,66.66535109286697,93.51124099556183,59.25396548718843,0.19416620209097676,0.7190519686553531,0.9577383620413652,0.575601308447181,0.04038190841674805,0.13015270233154297
RobustScaler,280,0,76.1118693833337,95.95140224442962,70.71291615827087,0.28895183538734576,0.8125404440477518,0.966914498141264,0.7006734654608427,0.06874585151672363,0.126725435256958
RobustScaler,283,0,74.82024529821337,95.62884140355672,69.68799023880077,0.2766503302834349,0.8048567004062213,0.9654856773637734,0.6900519530498365,0.0402979850769043,0.13426899909973145
RobustScaler,286,0,74.5184002166492,95.70427422312503,68.48875719016908,0.269631922318144,0.7954097915393495,0.96565179160255,0.6761978064267847,0.04075288772583008,0.13177704811096191
RobustScaler,289,0,74.84839187850541,95.64051117684922,70.94300156876416,0.29003128069735784,0.8143280390278675,0.9667830318417434,0.7034058110448336,0.040912628173828125,0.13517212867736816
RobustScaler,292,0,80.10082169912842,96.44664617015283,75.33554122363604,0.34660334468877424,0.8461789324926623,0.9725137431284357,0.7488935924571868,0.040964603424072266,0.13746333122253418
RobustScaler,295,0,73.04585979090501,95.44445403025522,68.46435419208645,0.26847874627757295,0.7952652543907297,0.9653827133358975,0.6761208389455455,0.04110074043273926,0.1532118320465088
RobustScaler,298,0,77.4357941547474,96.351611760571,73.25431410144675,0.31145145026325965,0.8315770987003863,0.9679562528747381,0.728882047335001,0.06510353088378906,0.13913369178771973
RobustScaler,301,0,76.64390638473763,96.05281729815704,73.07303468711869,0.3120054550274735,0.8301521681766206,0.9684469755271664,0.7264190879353473,0.08794403076171875,0.14508485794067383
RobustScaler,304,0,74.55694880949837,95.60054871480888,71.34390796583581,0.2861795958238825,0.8176736758051637,0.9650767055866799,0.7093323071002502,0.041489362716674805,0.13914060592651367
RobustScaler,307,0,76.21008986666095,95.93800674600091,71.98535820115043,0.28932034155699954,0.8225891910985518,0.964735125058257,0.7169520877429286,0.04175281524658203,0.1455554962158203
RobustScaler,310,0,77.4734169998361,96.25292356921598,72.64075300679798,0.30223783457186393,0.827182242579054,0.9667987851958614,0.722801616317106,0.04218912124633789,0.14652276039123535
RobustScaler,313,0,73.00890684796784,95.58417397586972,68.01812794143281,0.24821672498162606,0.7925842188559801,0.9607015620718005,0.6745430055801424,0.05278325080871582,0.1474907398223877
RobustScaler,316,0,72.52859769525153,95.23397276944625,68.92103887048981,0.25337580601974635,0.799721429694696,0.9606541450777202,0.6849720992880508,0.04232072830200195,0.14247894287109375
RobustScaler,319,0,76.84860353907881,95.96009453913273,72.83597699145895,0.30311717475329675,0.8286644091648709,0.9666546965577387,0.7251491244949009,0.04203605651855469,0.1497817039489746
RobustScaler,322,0,75.30135619552591,95.86262041929949,70.81052815060136,0.2810548771952048,0.8136641815956381,0.9646965699208443,0.7035212622666923,0.050954580307006836,0.14754533767700195
RobustScaler,325,0,73.11202973225294,95.54115941571257,69.47882168380687,0.2546263194324036,0.8041781296830616,0.9601046784875027,0.6918222051183375,0.04273176193237305,0.15198922157287598
RobustScaler,328,0,76.97391942644973,95.85966689808916,73.06954854453546,0.31538546713828886,0.8299918572151675,0.9693122237072067,0.7256878968635752,0.04284358024597168,0.14386820793151855
RobustScaler,331,0,75.45517285613495,95.66390399908246,71.34390796583581,0.28560779393979785,0.8176979374584165,0.9649306464276367,0.7094477583221089,0.10489416122436523,0.15434789657592773
RobustScaler,334,0,80.20468646441323,96.77208954362384,73.31357852536169,0.33827932259998217,0.8309818727782562,0.9747228840774889,0.7241870309794112,0.06293749809265137,0.16309785842895508
RobustScaler,337,0,78.52101140971644,96.28702264529605,71.65068851316019,0.32831962669811815,0.8183036911252123,0.9755473869266421,0.7047142582258995,0.04302835464477539,0.1564173698425293
RobustScaler,340,0,77.27155837769654,95.81734431345656,73.59944221718668,0.32329144723105957,0.8337832795592722,0.9702697180220679,0.7309601693284588,0.09589123725891113,0.1501622200012207
RobustScaler,343,0,74.61577548300657,95.52416765661678,71.99233048631689,0.2869034209639777,0.8227429176595181,0.9641139665959977,0.7175293438522224,0.04346442222595215,0.1588900089263916
RobustScaler,346,0,73.31246374332771,95.1147134850235,69.91458950671083,0.27058518215681504,0.8069610343130676,0.9635169061481759,0.6941697132961324,0.04378843307495117,0.1567237377166748
RobustScaler,349,0,73.34582914644488,95.71197411413908,68.17849050026146,0.2571697534596881,0.7934654719884152,0.9628246664104113,0.67477390802386,0.09205007553100586,0.16182446479797363
RobustScaler,1,1,84.07054069655571,96.98672811438085,88.96635872407181,0.5141844463523193,0.9370462456489309,0.9697406340057637,0.9064845102944006,0.02995610237121582,0.0336306095123291
RobustScaler,4,1,84.65511441786215,97.08739997306944,89.09534599965139,0.5186802468218504,0.9378057024694795,0.9701345180797235,0.9075620550317491,0.12822604179382324,0.035837411880493164
RobustScaler,7,1,81.85024836265936,96.83266801329819,81.64197315670211,0.39667000935369184,0.8904331904623195,0.969244009602754,0.8234750817779488,0.03695988655090332,0.03706932067871094
RobustScaler,10,1,81.0222906377611,96.70313456855985,79.2191040613561,0.3632029570686318,0.8742166234095081,0.9677193310286836,0.79719068693477,0.029355287551879883,0.03795146942138672
RobustScaler,13,1,67.82120169043394,95.52919315902066,53.88181976642845,0.17668343263073383,0.6682548837675854,0.9591131586524618,0.5127573600153935,0.08076047897338867,0.03878283500671387
RobustScaler,16,1,72.83592528453025,96.16570339702251,62.81331706466794,0.22050937949086513,0.7496538290032623,0.9607194417709336,0.6146238214354435,0.04504203796386719,0.04372906684875488
RobustScaler,19,1,71.89003484916512,96.10161042834763,58.354540700714665,0.21963997260870588,0.7087478057343476,0.96700153017098,0.5593611699057148,0.026450634002685547,0.04065966606140137
RobustScaler,22,1,76.4190180944847,96.61797954040503,66.64807390622276,0.26031731912173495,0.7805482280077991,0.9661555934128336,0.654762362901674,0.026387453079223633,0.04185056686401367
RobustScaler,25,1,83.63788367933067,97.04691990958074,75.42269478821683,0.3632678696472883,0.8462444386286313,0.9765440177178235,0.7466230517606312,0.026941299438476562,0.04260587692260742
RobustScaler,28,1,76.76631532436804,96.5803632349544,66.52257277322643,0.2669396426691479,0.7791347547091699,0.9682176746313021,0.6518375986145853,0.03621983528137207,0.04343295097351074
RobustScaler,31,1,72.03425765577006,94.79976720037989,70.76869443960257,0.25175237565818054,0.8145936981757878,0.9573804573804574,0.7088705022128151,0.06585049629211426,0.04490160942077637
RobustScaler,34,1,72.41224068016449,95.60744912485131,67.25117657312184,0.2214988525936575,0.7875814037626628,0.9548220845441088,0.6701943428901289,0.027219772338867188,0.04571962356567383
RobustScaler,37,1,76.24143986202866,96.34760319854523,65.32682586717796,0.2590279399469752,0.7693520708686981,0.9679640543852482,0.6383682893977295,0.05188941955566406,0.04704165458679199
RobustScaler,40,1,76.14718320398521,96.60613809293517,63.273487885654525,0.2481124706654161,0.7520418010214889,0.9681250757483941,0.6148162401385414,0.061612606048583984,0.04730582237243652
RobustScaler,43,1,76.7323313307535,96.61565785441373,64.9015164720237,0.2599892312992247,0.7656206350684421,0.9689470272818337,0.6328266307485088,0.027231454849243164,0.0489804744720459
RobustScaler,46,1,75.8740541195419,96.51090605103342,64.2949276625414,0.24725050370153526,0.7610805262666791,0.9662382278031155,0.6277852607273428,0.03415417671203613,0.0496366024017334
RobustScaler,49,1,75.5409146302354,96.22204308217603,65.8044274010807,0.24993200557160933,0.7739497153918835,0.9646139705882353,0.6462189724841254,0.12143373489379883,0.05138564109802246
RobustScaler,52,1,75.60397522787363,96.18071349572723,66.26808436465052,0.25219649118634296,0.7777675700505282,0.9645115351751637,0.6516066961708679,0.03491377830505371,0.05130338668823242
RobustScaler,55,1,75.3440759982611,96.16328212853367,63.46522572773227,0.24512577659402796,0.7539212923828309,0.9669336866831295,0.6178179719068694,0.02978038787841797,0.06550168991088867
RobustScaler,58,1,72.72761921051318,95.56096454905575,60.01743071291615,0.21130263628449594,0.7249442405928485,0.9619399185336049,0.5816432557244564,0.03048849105834961,0.05448627471923828
RobustScaler,61,1,72.22030729979548,95.49942716783127,61.16437162279937,0.20298622814449305,0.735993933074225,0.957868114243415,0.597575524340966,0.030472993850708008,0.06817817687988281
RobustScaler,64,1,65.5871592585466,94.42816025603169,54.2618093080007,0.1521059239044816,0.6741506060003973,0.9504867287625184,0.5223013276890514,0.050453901290893555,0.059955596923828125
RobustScaler,67,1,65.78620429164974,94.45722771218651,53.03468711870315,0.15534719153061216,0.6614905271621689,0.9529428798957503,0.5065614777756398,0.030458450317382812,0.06681442260742188
RobustScaler,70,1,72.38212715312964,95.12685812881259,67.74620881994073,0.23643065889547607,0.7909247039681823,0.9580117151146876,0.6734654608427939,0.12014102935791016,0.058997392654418945
RobustScaler,73,1,72.24873110555234,95.01147657221753,68.32839463134042,0.23696071776710861,0.7956728066032431,0.9573005736551575,0.6807388878198961,0.049825191497802734,0.06096148490905762
RobustScaler,76,1,71.89027074024187,95.01767042781552,67.72877810702458,0.23264408367553963,0.7909675962515524,0.9570491803278689,0.6740042332114682,0.030741214752197266,0.060279130935668945
RobustScaler,79,1,71.38223262708543,94.79561629469967,67.15007843820813,0.231829049845645,0.7862247328659906,0.9576655244832541,0.6668462574562247,0.08962154388427734,0.09752678871154785
RobustScaler,82,1,71.56857660046039,94.9091719009936,64.74115391319505,0.22826312896067452,0.7660421003932454,0.9601623659031603,0.6372137771791418,0.03150320053100586,0.06305599212646484
RobustScaler,85,1,71.84467035825513,95.06786078998559,63.796409273139275,0.22675043940418657,0.757931050558262,0.9611019153464176,0.6256686549932653,0.05029749870300293,0.06803083419799805
RobustScaler,88,1,70.9868677798445,94.72299680378632,67.55795712044622,0.2283834210697907,0.7897709302850947,0.9561840161916744,0.6726957860304021,0.1118018627166748,0.0645287036895752
RobustScaler,91,1,71.37709504771271,94.89971156228395,67.29301028412063,0.22702299526232858,0.7876510796251868,0.9562015716876409,0.6696170867808351,0.03819537162780762,0.06945276260375977
RobustScaler,94,1,71.4927301363322,94.83378588101843,67.44640055778281,0.2271011579691051,0.7889145078891451,0.9560072316879417,0.6715412738118145,0.031385183334350586,0.06800031661987305
RobustScaler,97,1,70.78552655021772,94.47812962325499,64.6156527801987,0.21908902180979853,0.7654805914972274,0.9577912691529343,0.6374831633634789,0.031156301498413086,0.07946395874023438
RobustScaler,100,1,68.24335478445542,94.46274679091098,66.95136831096391,0.19324048477750175,0.7865153357654371,0.947994137126106,0.6720415624398691,0.031331777572631836,0.06950020790100098
RobustScaler,103,1,71.09920466936053,94.73975249234785,68.84782987624195,0.2308725948559209,0.8001788908765652,0.9550040032025621,0.6885510871656725,0.04766678810119629,0.07520079612731934
RobustScaler,106,1,70.57282905379884,94.9531017816994,64.69932020219626,0.2130130028402108,0.7665421681191498,0.9560066708838921,0.6397537040600346,0.05226612091064453,0.07399249076843262
RobustScaler,109,1,70.49602691011196,94.72238660898915,65.15600488059961,0.21513339933371786,0.7703302006020359,0.9559712558457854,0.6450644602655378,0.03141307830810547,0.07666206359863281
RobustScaler,112,1,70.67542456830506,94.95519607343898,64.96078089593864,0.2163332471650503,0.7685967537700011,0.9565616045845272,0.6423705984221666,0.031195640563964844,0.07316780090332031
RobustScaler,115,1,68.59559076105161,94.23859443942872,61.37005403521004,0.19599895806491377,0.7383038518763432,0.9555569140481721,0.6015393496247835,0.04228067398071289,0.08297848701477051
RobustScaler,118,1,67.0992403024537,93.92954816465145,65.33728429492767,0.18572004029928704,0.7734615296985715,0.9479504076845751,0.6532230132768905,0.10499358177185059,0.077972412109375
RobustScaler,121,1,69.15422073988555,94.40402793551392,62.109116262855146,0.2027945388178603,0.7444932885117187,0.9565663887882083,0.6093900327111795,0.05663943290710449,0.08583283424377441
RobustScaler,124,1,68.987996636236,94.32502984007232,64.19034338504444,0.2034371960187172,0.7627055997043061,0.9540542102525573,0.6352895901481624,0.03220105171203613,0.07736945152282715
RobustScaler,127,1,65.6474126811052,93.99811466768662,60.22659926791005,0.1579885473924088,0.7304557374725352,0.9459674458450618,0.5949201462382143,0.04297304153442383,0.08197402954101562
RobustScaler,130,1,64.90608684497468,93.33207448832746,61.160885480216145,0.15721654100038704,0.7389093295212205,0.9448040273282992,0.6066961708678084,0.0324249267578125,0.0819845199584961
RobustScaler,133,1,64.99048525146274,93.38461642482248,64.68886177444656,0.1697755110800233,0.7688445651429745,0.944544129191432,0.6482586107369637,0.03641200065612793,0.08412480354309082
RobustScaler,136,1,65.05326078435564,93.72318359991198,60.33118354540701,0.15621283154851057,0.7315197130925135,0.9453591901451397,0.5965749470848567,0.052091360092163086,0.08052492141723633
RobustScaler,139,1,64.62752727713283,93.37805999005835,65.46975771309047,0.16326934333679166,0.7757578501731905,0.942098317387001,0.659341928035405,0.06947517395019531,0.08582067489624023
RobustScaler,142,1,64.09959877137095,93.09167002051694,62.30782639009935,0.15806196157921842,0.7490017643235212,0.9438885963372535,0.6208197036751972,0.04028940200805664,0.0859384536743164
RobustScaler,145,1,63.83769411127502,93.06170871722776,63.59769914589507,0.1568123680661269,0.7602626503811185,0.9422912753969609,0.6371752934385222,0.09759211540222168,0.08927392959594727
RobustScaler,148,1,64.71859192269044,93.25331388125768,63.59769914589507,0.1622335722489097,0.7599540229885058,0.9437053953753926,0.6360977487011737,0.03383612632751465,0.08747649192810059
RobustScaler,151,1,65.68957233161582,93.43006979214019,59.42827261635001,0.16401811184718793,0.7227595407118014,0.9485399862439817,0.5837983451991534,0.0345003604888916,0.09229207038879395
RobustScaler,154,1,63.34624320298747,92.6948578769949,62.042879553773744,0.15422824859281498,0.7469084146908415,0.9431171118285882,0.6182797767943045,0.05844593048095703,0.09179282188415527
RobustScaler,157,1,62.655440816995565,92.35644528402096,62.57625936900819,0.15207382295691987,0.7517057939169655,0.9420289855072463,0.6253607850683086,0.034508466720581055,0.09534335136413574
RobustScaler,160,1,63.910774734711616,92.95830922021243,63.89402126546976,0.15880577402563228,0.7626881745067937,0.9425189715709593,0.6404848951318068,0.03475546836853027,0.08997321128845215
RobustScaler,163,1,68.2792814943094,94.10560734915285,60.01045842774969,0.21374896475783178,0.724711416160695,0.9627008416220352,0.5810659996151626,0.03776812553405762,0.1035318374633789
RobustScaler,166,1,62.52321068422666,92.27742899634346,64.44134565103712,0.15550211313705914,0.7675266660588932,0.9411435917500419,0.6479892245526265,0.03533315658569336,0.09525108337402344
RobustScaler,169,1,62.18599049309075,92.23130035711097,64.11713439079658,0.15638762049265578,0.764726050881163,0.941679801846431,0.6437560130844718,0.036023616790771484,0.09941744804382324
RobustScaler,172,1,63.9222186589129,92.90256223809281,61.52693045145546,0.15479473065060892,0.7423181096478939,0.9437748619604583,0.6117375408889744,0.05763530731201172,0.09488224983215332
RobustScaler,175,1,64.7687433633364,93.30878198320413,63.392016733484404,0.15936722233675168,0.758347716028075,0.9431597023468804,0.6340965941889551,0.05396890640258789,0.09839034080505371
RobustScaler,178,1,65.14251669410415,92.893768124674,61.610597873453024,0.1900282829508989,0.7408453355925821,0.9535348639970922,0.6057340773523187,0.037110328674316406,0.09954619407653809
RobustScaler,181,1,62.12957546732801,92.19117354739956,62.32525710301551,0.15451716384606298,0.749368028015492,0.9429205089296137,0.6217433134500674,0.03585505485534668,0.10425353050231934
RobustScaler,184,1,61.993576065963985,92.13859933546236,63.984660972633776,0.1596711075777456,0.7634140197403073,0.9426535459789617,0.6414469886472965,0.05645108222961426,0.09843277931213379
RobustScaler,187,1,64.7145468539542,93.33613066014588,60.79484050897682,0.15926402307606832,0.7355002587139564,0.9457448738885864,0.6017317683278814,0.03616046905517578,0.10154080390930176
RobustScaler,190,1,63.25303914651615,92.66188966612764,61.39794317587589,0.15368644261519313,0.7412427266141659,0.9435982865302237,0.6103521262266692,0.14580321311950684,0.10524511337280273
RobustScaler,193,1,63.27054069655571,92.77812192074116,62.67038521875544,0.1581684017376795,0.7521640512891729,0.9435572847105278,0.6253223013276891,0.04528951644897461,0.10843777656555176
RobustScaler,196,1,62.57514663017838,91.93435591356709,60.9691476381384,0.1741550505654924,0.7361052184980907,0.9497597469740283,0.6009236097748701,0.04305243492126465,0.10508561134338379
RobustScaler,199,1,66.05223241328686,93.13723400909373,62.02196269827436,0.2023622445845018,0.7437429431689876,0.9565559387668663,0.6083894554550703,0.1020970344543457,0.1112821102142334
RobustScaler,202,1,63.745411526592974,92.65689256276393,61.25152518738016,0.16228970685983524,0.7393964971512977,0.9461178447137886,0.6068116220896671,0.037241458892822266,0.10823273658752441
RobustScaler,205,1,62.984327140301744,92.58304378716343,63.42339201673348,0.15029787323421065,0.7591368227731864,0.9407681365576103,0.6362901674042717,0.03789067268371582,0.11240220069885254
RobustScaler,208,1,68.03432678397081,94.18683400768984,62.65295450583929,0.2145638780645529,0.7485978457278295,0.9592254029348087,0.6138156628824322,0.036971330642700195,0.10490942001342773
RobustScaler,211,1,61.24413087322458,91.64603539180344,63.40247516123409,0.1553780903966704,0.7586666666666667,0.9421067656294605,0.6350202039638253,0.048192501068115234,0.11809539794921875
RobustScaler,214,1,66.78986167233234,93.16982853181852,62.227645110685025,0.20651959071372392,0.745316503302541,0.9574827877763015,0.6101212237829517,0.05784273147583008,0.11521387100219727
RobustScaler,217,1,66.52604565311897,93.1393521653605,63.03294404741154,0.20506361862439543,0.7525320886814469,0.9560035576638007,0.6204733500096209,0.05366945266723633,0.11730837821960449
RobustScaler,220,1,65.50538558570116,93.24443782076628,61.70472372320028,0.17224667019460566,0.7428063028259699,0.9484036828889154,0.610467577448528,0.038488149642944336,0.11138391494750977
RobustScaler,223,1,67.49173597303287,93.73940328435401,61.36308175004358,0.2170333255669844,0.7368770921867952,0.9617625185919683,0.5972291706753896,0.04874873161315918,0.11798524856567383
RobustScaler,226,1,65.52278665041797,93.69088793990163,60.14293184591249,0.16953272952013188,0.7289280887687603,0.9493577075098815,0.5915720608043101,0.12921452522277832,0.11670851707458496
RobustScaler,229,1,67.50926816753255,93.93268641872194,56.35698100052292,0.19219814555410655,0.6915818777561529,0.9609749418047377,0.5401577833365403,0.04708981513977051,0.11869668960571289
RobustScaler,232,1,68.8084065593398,94.00510092143207,64.04741153913194,0.2349152829314847,0.7596429487030089,0.9630658314620021,0.6271695208774293,0.05521392822265625,0.11493635177612305
RobustScaler,235,1,64.75559403929617,93.34540344064055,60.571727383649986,0.1704053149300438,0.7327631019328009,0.9491338679072046,0.596728882047335,0.038542985916137695,0.12388896942138672
RobustScaler,238,1,64.33061524098662,93.10249346499366,60.306780547324394,0.16567011993791744,0.730674614438452,0.9480694862193849,0.5943813738695402,0.03886747360229492,0.11963796615600586
RobustScaler,241,1,67.52894903755016,93.71717000127914,56.59055255359944,0.20242206965071863,0.693058568329718,0.9639991771240486,0.5410044256301713,0.038995981216430664,0.12457132339477539
RobustScaler,244,1,63.59192340310293,93.39242856419581,52.19452675614432,0.16274452911327425,0.6521926598523854,0.9564796905222437,0.4947854531460458,0.06924629211425781,0.11723089218139648
RobustScaler,247,1,61.09291257776922,91.7675244962355,54.7463831270699,0.14399945807200992,0.6796317776845431,0.9473647997798266,0.5298826245911102,0.05060982704162598,0.1269533634185791
RobustScaler,250,1,67.51323341814009,94.18349717903278,55.84103189820464,0.19136287877643865,0.6865922755276245,0.9614052106430155,0.5339619010967867,0.03955483436584473,0.12166547775268555
RobustScaler,253,1,66.40342861622446,93.66540606787581,57.60153390273663,0.19420813091126438,0.7034526480054618,0.9599387768683038,0.5551279584375601,0.03979039192199707,0.1274116039276123
RobustScaler,256,1,66.00671612539998,93.56475857232851,55.34948579396898,0.1742384841340831,0.6831271647699159,0.9564253550398337,0.531306522994035,0.04006028175354004,0.1768205165863037
RobustScaler,259,1,66.44101511555812,93.52970897677899,56.970542095171695,0.1803874422327285,0.6984437223620239,0.9563762879700254,0.5500865884163941,0.06692934036254883,0.12502694129943848
RobustScaler,262,1,64.34781604771985,93.0455324265125,54.79170298065191,0.1595917496382712,0.6788031901718928,0.9523246924734172,0.5273426977102175,0.1455986499786377,0.12492179870605469
RobustScaler,265,1,64.28664115337195,92.99007884148051,55.60048805996165,0.17296158627940025,0.6857015941957455,0.9556992501891725,0.5346546084279392,0.03984546661376953,0.13001489639282227
RobustScaler,268,1,68.02020823979646,94.3156008264949,55.65626634129336,0.1948198339100829,0.6844925091774978,0.9628078989602958,0.5309986530690783,0.06601452827453613,0.12242913246154785
RobustScaler,271,1,65.80942780378993,93.52049776606151,55.85149032595433,0.1666662798495956,0.6886616186449012,0.9533728132870465,0.5390032711179527,0.12132954597473145,0.1301867961883545
RobustScaler,274,1,62.43953135355868,92.28053825613136,55.02876067631166,0.1446725994975255,0.6823598936274993,0.9472892595884324,0.5332307100250144,0.04050636291503906,0.12954235076904297
RobustScaler,277,1,65.58044028249917,93.53498289603179,52.63726686421475,0.16473725108433462,0.6565896567413174,0.9566178095308242,0.49982682316721183,0.04079914093017578,0.12983059883117676
RobustScaler,280,1,64.7417014089325,93.06791264661274,55.79919818720585,0.16845175072744847,0.6880090553409287,0.9540057322232838,0.5380026938618434,0.04509329795837402,0.1305389404296875
RobustScaler,283,1,64.75771492100144,93.43595335925482,53.85044448317936,0.15917428230447997,0.6694301553213804,0.9532750160017068,0.5158360592649606,0.04524540901184082,0.14284586906433105
RobustScaler,286,1,61.740823409516885,92.304342042929,54.293184591249776,0.1530834567725616,0.6743822178070285,0.9507703081232493,0.5224937463921493,0.041666269302368164,0.13162922859191895
RobustScaler,289,1,64.70246509738524,92.90634186718664,56.51037127418511,0.17079185440764752,0.6947414784544987,0.9539040451552211,0.5463151818356744,0.0420527458190918,0.13344264030456543
RobustScaler,292,1,63.81123440161347,92.66437557857863,54.986926965312875,0.17228523129651646,0.6796983528477872,0.9562364765826761,0.5272272464883586,0.13802886009216309,0.1356663703918457
RobustScaler,295,1,71.0028392448635,94.62677209500383,60.53337981523445,0.23116096704945144,0.7283503299340132,0.9673040152963671,0.5840677313834904,0.06377863883972168,0.1416473388671875
RobustScaler,298,1,59.499275222885,91.51351793158345,55.83057347045494,0.13793298140597407,0.6907191329395108,0.944396235231293,0.5444679622859342,0.04256606101989746,0.14088869094848633
RobustScaler,301,1,62.82365752321497,92.90563594838652,53.864389053512284,0.1456725161023194,0.6707141079870614,0.9488208377331926,0.5186838560708101,0.07025527954101562,0.14471840858459473
RobustScaler,304,1,61.33865834277611,92.38289163454029,52.63029457904829,0.1401261761160409,0.6586958705917814,0.9482895783611774,0.5045988070040408,0.053026676177978516,0.1364433765411377
RobustScaler,307,1,61.95219321688439,92.20346957734347,54.68363256057172,0.14456059023591403,0.6789656960806105,0.9476078863918379,0.5289974985568597,0.04303884506225586,0.15259575843811035
RobustScaler,310,1,58.689353544423774,91.24958225949318,52.982394979954684,0.10974475831769812,0.664910929464086,0.9380959057767807,0.5149509332307101,0.042763471603393555,0.1432175636291504
RobustScaler,313,1,63.15563537368425,92.97685046904635,54.85445354715009,0.1479911347773202,0.6803731859018659,0.9485238455715367,0.5304213969597845,0.04292869567871094,0.1468336582183838
RobustScaler,316,1,60.82106343403245,92.37290208859115,50.4619138922782,0.13056890097215557,0.6370184939205068,0.9472764567347869,0.47985376178564554,0.043279409408569336,0.14501738548278809
RobustScaler,319,1,61.06169513750811,92.61243586157507,54.75335541223636,0.14965915403777683,0.679237822207943,0.9491642492056914,0.5288435635943813,0.04364895820617676,0.1494288444519043
RobustScaler,322,1,62.59800882275386,92.88895835126773,54.31410144674918,0.15845480993416794,0.6741427754432205,0.9525014052838673,0.521685587839138,0.04335284233093262,0.14710140228271484
RobustScaler,325,1,62.83943870751645,92.63849038187944,54.68363256057172,0.15153195405794342,0.6783938246864099,0.9498406540113621,0.5276120838945545,0.06266355514526367,0.14973974227905273
RobustScaler,328,1,58.865391001931314,91.99785060494892,49.76817151821509,0.1225077339415074,0.6304152666273373,0.9451622827257345,0.47292668847411967,0.09557509422302246,0.14437437057495117
RobustScaler,331,1,58.55587696605592,91.93012770868758,51.22886526058916,0.12345845997149012,0.6457330969865789,0.944094779711218,0.4906676928997499,0.044557809829711914,0.1513843536376953
RobustScaler,334,1,62.53055537739009,92.99329270978158,54.57904828307478,0.15492507934376895,0.6770763625548368,0.9510513856008912,0.5256494131229555,0.05367159843444824,0.14974737167358398
RobustScaler,337,1,63.43932610694204,92.75978796786129,57.70611818023357,0.16638856513657116,0.7065170061444676,0.9511496124535921,0.5619780642678468,0.0516815185546875,0.15407633781433105
RobustScaler,340,1,59.73551407863511,91.79307017212157,54.17814188600314,0.13044359321702065,0.6751198774037274,0.9436191529054101,0.5255724456417163,0.0443873405456543,0.15424013137817383
RobustScaler,343,1,64.75219891817929,92.90842711231986,59.3062576259369,0.19452299298177228,0.7195136602830574,0.9577789150460594,0.5761785645564749,0.1376509666442871,0.15479731559753418
RobustScaler,346,1,60.9241114888219,91.96580140673788,56.08157573644762,0.1415167591063625,0.6928665463942659,0.9452537750282711,0.5468539542043487,0.05797886848449707,0.16065287590026855
RobustScaler,349,1,64.50536278052152,92.95511630312686,55.07408052989368,0.18002031857829678,0.679929463775675,0.9586776859504132,0.5267654416009236,0.047087907791137695,0.15891265869140625
RobustScaler,1,3,80.55208061630998,96.37886901389538,84.05786996688165,0.41283206542636997,0.906599129919732,0.9659644846796658,0.854108139311141,0.03949618339538574,0.0337216854095459
RobustScaler,4,3,75.19772945930345,95.59768210090964,79.05525535994423,0.33519297622621774,0.8738239247311828,0.9617678332023485,0.8006157398499134,0.02754831314086914,0.035813331604003906
RobustScaler,7,3,75.4435379385543,95.78610922528374,72.7209342862123,0.286770084951116,0.8284179366297555,0.9627930682976554,0.7269578603040215,0.03508114814758301,0.038043975830078125
RobustScaler,10,3,82.02359338364727,96.58444496688713,82.06031026668991,0.4153578008954455,0.8928898509699442,0.9723468878915635,0.8254377525495478,0.061666011810302734,0.03772878646850586
RobustScaler,13,3,71.36671726565896,95.8525508944462,56.37789785602231,0.19001445366383155,0.6919573619556387,0.9602350368953266,0.5408504906676929,0.03330063819885254,0.039054155349731445
RobustScaler,16,3,65.33061096501542,94.60224121459734,48.63866132124804,0.1427499751176975,0.6161981920962826,0.9536365102402838,0.4551472003078699,0.12167572975158691,0.03974580764770508
RobustScaler,19,3,64.27257748416109,94.41798660647805,51.420603102666895,0.13872901656855427,0.6463287733813863,0.9490906380441264,0.49001346930921685,0.05910634994506836,0.04169940948486328
RobustScaler,22,3,64.98969776010377,94.53692629772131,48.359769914589506,0.1591653441397058,0.6114622950819673,0.9601317957166392,0.44856648066192034,0.06894540786743164,0.04410099983215332
RobustScaler,25,3,64.81863183175479,94.38628877638702,48.928011155656264,0.15026989885045408,0.6186087680933042,0.9560634103162469,0.4572253223013277,0.026650428771972656,0.04243969917297363
RobustScaler,28,3,64.09758193829774,94.29892519566562,48.04253093951543,0.15285991091516254,0.6085928882819476,0.9581576118415612,0.44591110255916877,0.026656150817871094,0.04356575012207031
RobustScaler,31,3,74.41149666117917,95.54283348119357,72.55011329963395,0.28287507033725756,0.8272487933304081,0.962133197244195,0.7255339619010968,0.027274370193481445,0.04496192932128906
RobustScaler,34,3,73.92656447095547,95.5430331026257,72.5326825867178,0.28386203867182885,0.8270746000043895,0.9624067831239146,0.7251106407542813,0.02811145782470703,0.04750633239746094
RobustScaler,37,3,73.29329741517542,95.35400736302628,69.90761722154436,0.27014358265430505,0.8069249351346515,0.9634139828019014,0.6941697132961324,0.03782916069030762,0.0560154914855957
RobustScaler,40,3,72.83952850291122,95.40663238183092,70.49677531811052,0.26300881808278276,0.8119542273080769,0.9606203995793902,0.7031364248604964,0.030540943145751953,0.04727530479431152
RobustScaler,43,3,63.669473129084444,94.12743902325902,47.52658183719714,0.1423506849971743,0.603936427744448,0.9548215325734254,0.4416394073503945,0.08215737342834473,0.04905247688293457
RobustScaler,46,3,64.15193095731868,94.3883666817113,48.01115565626634,0.14090824670588856,0.6094744284704219,0.9536961153909195,0.4478352895901482,0.028392314910888672,0.04986572265625
RobustScaler,49,3,63.78496853597873,94.09943845902087,47.38713613386788,0.14150589635677543,0.60246549362554,0.9546706736789381,0.44010005772561095,0.028585195541381836,0.05135178565979004
RobustScaler,52,3,63.692412289141174,94.11981429787437,47.81593167160537,0.13593718536192853,0.60782310251775,0.9520682862770847,0.4464113911872234,0.02899026870727539,0.05154299736022949
RobustScaler,55,3,62.25474525901695,93.89938245895387,44.09970367788043,0.1253170271182918,0.5664458564282817,0.9522727272727273,0.4031171829901867,0.03503561019897461,0.05376124382019043
RobustScaler,58,3,63.18384253023468,93.86996848433883,47.4777758410319,0.1296923937525592,0.6047121792517185,0.9501195481902878,0.4434866269001347,0.03081679344177246,0.05440688133239746
RobustScaler,61,3,68.55392926118344,94.40375578167313,71.2672128290047,0.20551360972880206,0.8203887726638772,0.945736823594433,0.7243794496825091,0.032086849212646484,0.05571794509887695
RobustScaler,64,3,63.02481631140473,93.77253271831417,46.33780721631515,0.13214751364206367,0.5916217865386146,0.9523402801503246,0.4290937079084087,0.030476808547973633,0.06015443801879883
RobustScaler,67,3,62.989706312046124,93.85009610663279,52.204985183894024,0.12438415538486076,0.6557352350341502,0.9434930269528146,0.5024822012699635,0.041285037994384766,0.05872082710266113
RobustScaler,70,3,62.870060362459824,93.80735106529592,52.452501307303464,0.12265553741717619,0.6584186931803953,0.9426993689041882,0.5058687704444872,0.127852201461792,0.058669328689575195
RobustScaler,73,3,62.55004667935204,93.67683854832727,52.43507059438731,0.12565493832868954,0.6579765366489522,0.9436974185661897,0.5050606118914759,0.03103351593017578,0.06097888946533203
RobustScaler,76,3,63.023918357456935,93.87848709521985,46.68990761722154,0.12907619609072274,0.5959414469164509,0.9507630048056657,0.4339811429670964,0.08424735069274902,0.06028389930725098
RobustScaler,79,3,62.297074523051045,93.60758679228887,46.53651734355935,0.12294335740160207,0.5948644793152639,0.9486056112562137,0.4332884356359438,0.031175851821899414,0.06369876861572266
RobustScaler,82,3,62.19399226049216,93.61190948964746,52.59194701063274,0.12490607955907596,0.6596420973595295,0.9433070866141732,0.5071387338849336,0.07909607887268066,0.06346726417541504
RobustScaler,85,3,62.046408540539765,93.70198416593061,52.027191912149206,0.12519999480661245,0.6538374462304731,0.9439279488669379,0.5001346930921685,0.031676530838012695,0.06756424903869629
RobustScaler,88,3,62.87744924065878,93.86811160675947,50.06449363778979,0.1298529441200964,0.6328685667418495,0.947433044279027,0.4751202616894362,0.03477835655212402,0.06453585624694824
RobustScaler,91,3,61.989302945431476,93.50032751045528,49.91110336412759,0.12006622400442779,0.6321744918334955,0.9441767989600062,0.4751587454300558,0.03125476837158203,0.06882882118225098
RobustScaler,94,3,61.168600830963726,93.38831850360094,49.03259543315321,0.11615070167090925,0.6231375985977213,0.9436333827777345,0.46515297286896284,0.04227161407470703,0.06837296485900879
RobustScaler,97,3,61.758739728760894,93.47555669516474,48.833885305909014,0.11668435530933649,0.6209354580438544,0.9440081671116696,0.46261304598807,0.03163504600524902,0.07199263572692871
RobustScaler,100,3,62.703745038091775,93.76952754260654,48.04601708209866,0.12484034998770036,0.6115064779333177,0.947721396250808,0.45137579372715025,0.031720638275146484,0.06951260566711426
RobustScaler,103,3,61.937353458904354,93.55617356691644,49.42652954505839,0.12352107497835832,0.6266567156496899,0.9458514605344934,0.46853954204348663,0.031490325927734375,0.07477259635925293
RobustScaler,106,3,60.994091320491165,93.18084534606837,50.719888443437334,0.11419386921030436,0.6412729026036644,0.9414350644512332,0.48624206272849724,0.05120229721069336,0.07370328903198242
RobustScaler,109,3,61.872643761714386,93.53299540252935,48.241241066759635,0.1234706509182968,0.6137918476705773,0.9470219938995024,0.4540311718299019,0.03168129920959473,0.07721257209777832
RobustScaler,112,3,58.07332221580827,91.82152354660072,57.52483876590553,0.0974292419870352,0.7098218538630084,0.931200399925014,0.5734847027131037,0.037958383560180664,0.07339787483215332
RobustScaler,115,3,59.66901132419701,92.71385701222536,52.414153738887926,0.11036572540269111,0.6591079366665001,0.9387493775343245,0.5078314412160863,0.0561521053314209,0.07866740226745605
RobustScaler,118,3,55.201230767037956,91.08764548100517,50.221370054035205,0.06913950666490996,0.6402640264026402,0.9269769477677269,0.48901289205310755,0.03285574913024902,0.07767605781555176
RobustScaler,121,3,59.445911102559165,92.52796146407559,48.8548021614084,0.097754655444176,0.6230375908939079,0.9373743621462811,0.4665768712718876,0.043816566467285156,0.08060097694396973
RobustScaler,124,3,56.06136660038912,91.5968969559229,49.5485445354715,0.07068436571598558,0.6330628803245436,0.9278335191378669,0.48043101789493936,0.04303097724914551,0.07771778106689453
RobustScaler,127,3,56.570634055259795,91.38907238208976,51.79710650165592,0.07787902742054784,0.6556936178689708,0.9288838718780866,0.5066769289974986,0.03267168998718262,0.09394001960754395
RobustScaler,130,3,55.54901545763582,91.46694639626412,49.646156527801985,0.06780121951727394,0.6343661401377075,0.9268437014572084,0.4822012699634404,0.033065080642700195,0.08147215843200684
RobustScaler,133,3,55.775576365281964,91.43843240145895,50.13770263203765,0.06977165173110517,0.6393322742517084,0.927223522527794,0.4878583798345199,0.05674099922180176,0.08494400978088379
RobustScaler,136,3,58.6303978791183,92.20443921904017,50.94997385393063,0.09324018708286973,0.6456097929575336,0.9343150834730626,0.4932076197806427,0.040433645248413086,0.08057117462158203
RobustScaler,139,3,57.1409260328252,91.61334454157294,51.420603102666895,0.08244839162465412,0.6514420070537031,0.9305416607117336,0.5011352703482779,0.0433354377746582,0.08673405647277832
RobustScaler,142,3,56.41069634190665,91.72451400703588,49.82743594213003,0.0746038360495595,0.6356271203605246,0.9289573003774143,0.483086395997691,0.03443169593811035,0.08799862861633301
RobustScaler,145,3,57.45825155538452,91.6410739990985,50.88373714484923,0.08464849765898591,0.6457112681368974,0.9315774198229575,0.4940927458148932,0.03481745719909668,0.08846092224121094
RobustScaler,148,3,55.818607601251436,91.05188849574212,52.163151472895244,0.0746126076267328,0.6596894995287932,0.9276696658994211,0.5118337502405234,0.03520607948303223,0.08630037307739258
RobustScaler,151,3,58.10032069783849,91.98532684584177,51.24978211608855,0.08795914881009331,0.6491897044804575,0.9324061396555452,0.497941119876852,0.03796195983886719,0.09060025215148926
RobustScaler,154,3,54.4790249360386,90.42620357901575,52.12829004706292,0.06857345640649987,0.6598632715743584,0.9258358240077849,0.5126034250529151,0.04213070869445801,0.09189271926879883
RobustScaler,157,3,56.24361704402112,91.16928448181622,51.85637092557086,0.07826009029512122,0.6562624452409399,0.928969064900289,0.5073311525880315,0.045445919036865234,0.09294581413269043
RobustScaler,160,3,56.13485059044036,91.07136951210471,57.40630991807565,0.08016623668057231,0.7099515715506599,0.9265134147097094,0.5754473734847028,0.03524422645568848,0.08957743644714355
RobustScaler,163,3,55.99683578132684,91.07344160493189,51.84939864040439,0.07569405011430583,0.6564179104477612,0.9281744635947943,0.5077544737348471,0.11825394630432129,0.10739731788635254
RobustScaler,166,3,57.30219642386276,91.7157044974446,50.18302248561967,0.08037418855829602,0.6388130623799414,0.9306281758597835,0.4863190302097364,0.03635144233703613,0.09750056266784668
RobustScaler,169,3,57.700411918557,90.97268358211635,67.29998256928708,0.11185927641779363,0.7932098765432098,0.9285161290322581,0.6923224937463921,0.03614068031311035,0.09757113456726074
RobustScaler,172,3,56.854643348370494,90.98678408495238,55.60048805996165,0.09061808754912917,0.6921738289747185,0.9304698161024109,0.5510486819318838,0.05992412567138672,0.09457826614379883
RobustScaler,175,3,55.28600047035683,90.51403243516513,53.498344082272965,0.07647383065078867,0.6728632740649908,0.9275185936443543,0.5279199538195113,0.03637123107910156,0.10060834884643555
RobustScaler,178,3,55.78996073233134,90.80333834719877,54.42565800941258,0.07825998517432149,0.6818060119264938,0.9275496688741722,0.5390032711179527,0.03662109375,0.09800505638122559
RobustScaler,181,3,55.692511349140176,91.16100451254164,46.67596304688862,0.06300524095224902,0.6027838371247533,0.9267747344885411,0.44664229363094093,0.04458904266357422,0.10170125961303711
RobustScaler,184,3,55.46133524326713,90.86877439673849,60.14641798849573,0.06405820815331123,0.7357740489067628,0.9210693825588797,0.6125456994419858,0.09937095642089844,0.09786248207092285
RobustScaler,187,3,56.12369671961744,90.79902801630328,52.95450583928882,0.08243542206212477,0.6669628094074678,0.9296230049532196,0.5200307869924957,0.08196830749511719,0.10701179504394531
RobustScaler,190,3,56.2832260777229,90.38779194008558,66.19138922781941,0.09833931265014671,0.7849285904373281,0.9262050557387345,0.6810467577448528,0.07170748710632324,0.1055448055267334
RobustScaler,193,3,57.635720037913615,90.51735810866728,67.4986926965313,0.1186254669278693,0.7944891436129174,0.929876160990712,0.6935154897055994,0.10715961456298828,0.10832643508911133
RobustScaler,196,3,57.8612775176562,91.05197592037415,63.33623845215269,0.10614785028650088,0.7608740137786771,0.9297621693709713,0.6439099480469501,0.03751873970031738,0.1055746078491211
RobustScaler,199,3,57.653910019313145,90.99723356137284,56.709081401429316,0.10106181844391887,0.7019203072491599,0.9327591706539075,0.5626707715989995,0.037639617919921875,0.10973000526428223
RobustScaler,202,3,57.50335877536186,90.85300950148445,67.6416245424438,0.1139248591430647,0.7958384655991554,0.9287437753478105,0.6962093515489706,0.038080453872680664,0.10907435417175293
RobustScaler,205,3,57.07521860902658,90.6776414220532,67.99721108593342,0.10420101294208689,0.799080761654629,0.9264146155798021,0.7025206850105831,0.03814506530761719,0.11186933517456055
RobustScaler,208,3,58.11913853433961,91.44814568372539,57.89088373714485,0.09427811024503913,0.7134350311973618,0.9301002103179512,0.5786415239561286,0.037489891052246094,0.10709786415100098
RobustScaler,211,3,57.2412894903755,91.12010140312205,50.89070943001569,0.08644306183827667,0.6456189781389148,0.9321516780473631,0.49382335963055607,0.04880547523498535,0.11288619041442871
RobustScaler,214,3,57.2278151925256,91.80465562050581,39.40038347568415,0.07517861305661637,0.515050913656019,0.9362068965517242,0.3552434096594189,0.10129785537719727,0.10973763465881348
RobustScaler,217,3,51.55282748594274,90.37546069609854,33.70402649468363,0.028831127481001768,0.4455523484649698,0.9190522011065673,0.2940542620742736,0.05265021324157715,0.1179351806640625
RobustScaler,220,3,57.25376748694047,91.02964489597032,57.496949625239665,0.09007779974726648,0.710087030960194,0.9291804094840999,0.5746007311910718,0.04014706611633301,0.11465978622436523
RobustScaler,223,3,57.08484524547638,90.79093072204283,60.554296670733834,0.0950253945852076,0.7374405383455157,0.9286966686148451,0.6115066384452569,0.046027183532714844,0.11990070343017578
RobustScaler,226,3,47.80562646541095,89.22410752364127,31.96792748823427,0.00698942571217461,0.4241834115251837,0.9091828990640021,0.27662112757360013,0.14174962043762207,0.11722660064697266
RobustScaler,229,3,47.816284323576994,89.43611340776013,30.036604497123932,0.017712020971096445,0.3939604408878152,0.9148667601683029,0.25102944006157396,0.03905987739562988,0.11926651000976562
RobustScaler,232,3,57.472151312366826,91.68855620487261,58.75196095520307,0.08069948345608569,0.7222404807737453,0.9259615963402155,0.5919953819511257,0.03904294967651367,0.11224484443664551
RobustScaler,235,3,48.83290502355347,89.83223005140616,11.103364127592819,0.033271821644460575,0.037445266495545824,0.9783037475345168,0.01908793534731576,0.03929924964904785,0.1199193000793457
RobustScaler,238,3,56.9717087493497,90.07707332602025,64.88059961652432,0.11749710273639176,0.7732306861156132,0.9314496447746624,0.6609582451414278,0.03960132598876953,0.12041950225830078
RobustScaler,241,3,51.668282983772684,90.24466275212966,75.95607460345128,0.03708484610778025,0.8598142238663388,0.9111312139226329,0.8139695978449105,0.05044984817504883,0.12763023376464844
RobustScaler,244,3,50.36062400672753,89.88083848661336,75.33205508105281,0.030618120074043197,0.8556743085583748,0.910298138263247,0.8072349432364826,0.040372371673583984,0.11758565902709961
RobustScaler,247,3,49.79253272899607,89.8024163495131,80.79484050897682,0.02940991935095477,0.891995216342855,0.909159939253457,0.8754666153550125,0.03963828086853027,0.1234121322631836
RobustScaler,250,3,45.910178236732015,88.82868188563668,10.925570855848004,0.030469350968314164,0.0336598464505881,0.9758771929824561,0.01712526457571676,0.040246009826660156,0.12639379501342773
RobustScaler,253,3,49.293354428124495,89.68413754509422,78.8879205159491,0.02649023934554202,0.8796980532379817,0.9091357010880723,0.8521069847989224,0.04099130630493164,0.12706732749938965
RobustScaler,256,3,50.098783486199295,89.87799090960297,78.62645982220673,0.03472509152429439,0.8778271526214056,0.9102405157451029,0.8476428708870503,0.0488276481628418,0.17583298683166504
RobustScaler,259,3,48.77852108410122,89.34458578814882,81.09813491371797,0.028950128544521864,0.8939358372456964,0.9090511239307738,0.8793149894169713,0.05175065994262695,0.12619495391845703
RobustScaler,262,3,48.78619431438366,89.25409980351064,81.5304165940387,0.03194912754007602,0.8966364913375995,0.9093031538126707,0.8843178756975179,0.04067730903625488,0.1244344711303711
RobustScaler,265,3,50.00199972918848,89.80991694239249,80.6379640927314,0.03449352195515812,0.8909140904269945,0.909783785952104,0.872811237252261,0.11192154884338379,0.12704110145568848
RobustScaler,268,3,49.5262159793043,89.5996151613575,79.60257974551159,0.03305315850889222,0.8842509248451997,0.9098273896759486,0.8600731191071772,0.11643147468566895,0.12302827835083008
RobustScaler,271,3,49.056738574248676,90.00333659862618,32.15617918772878,0.026026995686667404,0.423941035432022,0.9183123877917415,0.2755820665768713,0.04127168655395508,0.129624605178833
RobustScaler,274,3,49.84459766674506,89.58987058437351,79.63744117134391,0.036905921706926276,0.8844121663071656,0.9102981912986802,0.8599576678853185,0.045449256896972656,0.1290905475616455
RobustScaler,277,3,50.22028164396839,90.09956181493605,35.31811051071989,0.031607918731874046,0.46742063264251676,0.9196882412741444,0.3133346161246873,0.11987709999084473,0.13024640083312988
RobustScaler,280,3,47.38779352760496,88.99044862802475,76.46156527801988,0.01070425158765967,0.8638544985280477,0.9073234783345334,0.8243602078121993,0.05739450454711914,0.1274852752685547
RobustScaler,283,3,46.2307085996907,88.68579920529588,10.691999302771483,0.026440392272282384,0.028664593918252823,0.9717223650385605,0.01454685395420435,0.06533002853393555,0.13364505767822266
RobustScaler,286,3,48.94538658342776,89.39827866195527,80.65539480564755,0.03047178396957726,0.8910871655969695,0.9093094055439833,0.8735809120646527,0.04243755340576172,0.1321401596069336
RobustScaler,289,3,49.44169356965201,89.86615923880127,79.02388007669514,0.01681098336662487,0.8807593983472385,0.9079097891812388,0.8551856840484895,0.0991981029510498,0.1341700553894043
RobustScaler,292,3,45.94974094741268,88.69549952271059,10.744291441519959,0.027382233635532972,0.029785137746788433,0.9727722772277227,0.015124110063498172,0.14762330055236816,0.13789820671081543
RobustScaler,295,3,47.23742187444323,89.28444414858672,10.845389576433675,0.029135656556505265,0.03194791430085548,0.9745958429561201,0.01624013854146623,0.06779074668884277,0.14229750633239746
RobustScaler,298,3,44.26267718555577,88.55052400388811,11.689036081575736,0.039288294657197596,0.050026250656266404,0.9794419970631424,0.025668654993265344,0.05355119705200195,0.14342713356018066
RobustScaler,301,3,47.20614457058559,88.91809883682225,10.793097437685201,0.028239306257994253,0.03082982994356702,0.9736842105263158,0.01566288243217241,0.09533333778381348,0.1479167938232422
RobustScaler,304,3,48.512955480013396,89.24106589785809,80.23357155307652,0.028850837191991354,0.8884034010392065,0.9091971155782943,0.8685395420434866,0.09333419799804688,0.13931751251220703
RobustScaler,307,3,47.9173568796813,89.28295026883879,79.98605542966708,0.016013492585747188,0.8870126547401154,0.9077177152984774,0.8672310948624207,0.04334115982055664,0.14841938018798828
RobustScaler,310,3,45.48270013326777,88.5762001955406,10.604845738190692,0.025747079588975805,0.02672030971268076,0.9723756906077348,0.013546276698095055,0.048221588134765625,0.14442753791809082
RobustScaler,313,3,48.45446375758093,89.52871838806638,81.63500087153565,0.010794677769350749,0.897581460455712,0.9069977604023417,0.8883586684625746,0.05151033401489258,0.1476430892944336
RobustScaler,316,3,45.27560059578531,88.51767496707748,10.608331880773923,0.02581257696001898,0.026795202671929558,0.9724517906336089,0.013584760438714642,0.0656440258026123,0.14487075805664062
RobustScaler,319,3,46.03920210377782,88.63591264691227,10.89419557259892,0.029106618303544038,0.03306347885299236,0.9732739420935412,0.016817394650760053,0.04407548904418945,0.15014982223510742
RobustScaler,322,3,47.047388450601844,88.9046625531545,40.34512811573993,0.006565770603889236,0.5356309362279511,0.9083294983893235,0.3797960361747162,0.044399261474609375,0.14998459815979004
RobustScaler,325,3,50.868025000178164,90.3242327403516,35.98396374411713,0.03794115134733996,0.47550769758076034,0.922224684245513,0.3203386569174524,0.044382333755493164,0.15111422538757324
RobustScaler,328,3,46.86188470556375,88.91758773290704,11.417116960083668,0.03485197270035918,0.044377585558480634,0.9752066115702479,0.022705406965557052,0.09891653060913086,0.14896178245544434
RobustScaler,331,3,49.05397273355711,89.84435664151692,42.93881819766428,0.024512860690489288,0.5644955300127714,0.914561600137943,0.4082355204925919,0.051908254623413086,0.1525578498840332
RobustScaler,334,3,48.35100592222008,89.56978019753677,41.52344430887223,0.018896256830840685,0.5483818857358247,0.9127901765707628,0.39191841446988646,0.05453801155090332,0.15185046195983887
RobustScaler,337,3,45.86718548450317,89.21835443863773,10.820986578351055,0.030463734399752133,0.031279584958533724,0.9786729857819905,0.015893784875889938,0.06350421905517578,0.15510225296020508
RobustScaler,340,3,50.2819710801816,90.52556558275275,30.988321422346175,0.029883235872118757,0.4062387522495501,0.9207341944255608,0.26061189147585145,0.04582619667053223,0.15012836456298828
RobustScaler,343,3,48.25445734362417,89.65668021730998,40.96217535297193,0.015625847621294785,0.5420126024285367,0.9116630276564774,0.3856455647488936,0.06543493270874023,0.15805745124816895
RobustScaler,346,3,47.14781034642493,89.09271888964987,80.4287955377375,0.016789338342541336,0.889843811317793,0.9077625205172345,0.872618818549163,0.05210232734680176,0.1564335823059082
RobustScaler,349,3,45.97084571583321,88.91218939407206,10.674568589855324,0.026120718127808605,0.028290796010466836,0.9713541666666666,0.014354435251106407,0.045892953872680664,0.16022419929504395
RobustScaler,1,5,75.23035654473023,95.63318502270309,69.81697751438034,0.2584676548921499,0.8067238146263059,0.9605549944181596,0.6953627092553396,0.028137922286987305,0.03407549858093262
RobustScaler,4,5,75.52523321859478,95.53340031915978,78.1383998605543,0.32898240274034335,0.867434732057922,0.9623358348968105,0.7895709062920916,0.027590513229370117,0.03887438774108887
RobustScaler,7,5,69.02661649527148,94.76601943385471,62.64598222067283,0.195153680612961,0.7497255506505034,0.9537081055383884,0.6176255532037714,0.10056877136230469,0.03771162033081055
RobustScaler,10,5,76.33636784754736,95.77121547242369,73.60641450235315,0.2994041791565077,0.8347484448324785,0.9642965204236006,0.735886088127766,0.13016033172607422,0.03874564170837402
RobustScaler,13,5,68.33886501471646,94.59761948503531,64.08924525013073,0.1894192025667096,0.7626333617531166,0.9503790489317712,0.636828939772946,0.02756047248840332,0.03980445861816406
RobustScaler,16,5,68.5719339504985,95.4442617657,50.3747603276974,0.1784986376103212,0.631513551293003,0.9645737782698086,0.46942466807773714,0.12313580513000488,0.040560007095336914
RobustScaler,19,5,72.057336497552,94.92218419353895,70.74080529893672,0.2662989874119833,0.8137496393937377,0.9610546178844742,0.7055993842601501,0.02877187728881836,0.041159868240356445
RobustScaler,22,5,69.85866917523641,94.53549191182347,66.72476904305385,0.22058304749510002,0.7832602920138968,0.955300764373546,0.6637290744660381,0.027326345443725586,0.04264044761657715
RobustScaler,25,5,69.52692792850576,94.0538807655766,64.31584451804079,0.20149498223811285,0.7638972182497578,0.9533651908572744,0.6372522609197614,0.04993772506713867,0.04334616661071777
RobustScaler,28,5,69.50701045474953,94.38271085179983,62.353146243681365,0.20358865334026552,0.7466153593467703,0.9564746903931706,0.6122763132576486,0.027033329010009766,0.043924808502197266
RobustScaler,31,5,79.69247072741396,96.07449749951174,77.61547847306954,0.3575262630875642,0.8627786207338705,0.9701076509034987,0.7768327881470078,0.0454103946685791,0.04507613182067871
RobustScaler,34,5,67.37401349781568,95.21258351250917,50.13770263203765,0.17686391480674393,0.6291196680928303,0.9643084260731319,0.46684625745622477,0.03342604637145996,0.04623818397521973
RobustScaler,37,5,65.00916483156236,93.77424917759028,59.80128987275579,0.1548452836972872,0.7267988722249864,0.9455061028233264,0.5902636136232442,0.03863358497619629,0.0619661808013916
RobustScaler,40,5,66.75559261397245,94.8422848434007,49.475335541223636,0.16729512003000177,0.6228825687595951,0.9616744335529488,0.46061189147585146,0.04023456573486328,0.048099517822265625
RobustScaler,43,5,67.39361454970461,95.17642086279623,50.37824647028063,0.1702051627313704,0.6323483830974275,0.9615112716990024,0.47107946892437946,0.028875112533569336,0.049668073654174805
RobustScaler,46,5,65.96342191720295,94.64451672386213,54.021265469757715,0.15366496818110068,0.6716131763065508,0.9512625193962477,0.5190302097363864,0.09578132629394531,0.06190967559814453
RobustScaler,49,5,69.41316856591054,94.12178016765827,68.76067631166116,0.23726923049220694,0.799175276215235,0.9567503756170852,0.686165095247258,0.04986000061035156,0.05126309394836426
RobustScaler,52,5,66.74249103827708,94.73448852861075,56.65678926268084,0.16307165757907888,0.6967487011878338,0.951312108698548,0.5496632672695786,0.08580994606018066,0.052243709564208984
RobustScaler,55,5,66.28858814558257,94.50201583178661,56.29771657660798,0.16302134137554553,0.6932863574084948,0.9517028279707127,0.545237637098326,0.03631711006164551,0.05399966239929199
RobustScaler,58,5,66.18557429856257,94.4131471414639,58.786822381035385,0.16136254952516513,0.7170145538108005,0.9484516496738649,0.5763709832595728,0.03036642074584961,0.054561614990234375
RobustScaler,61,5,66.41321987756469,94.56966912230688,56.45459299285341,0.16077216109803896,0.6949769236404484,0.9508218628892156,0.5476236290167404,0.04392695426940918,0.05662679672241211
RobustScaler,64,5,68.37995139646091,95.18973314587447,59.1633257800244,0.1793227952343813,0.719250311571278,0.9533642543998984,0.5774485279969213,0.050107479095458984,0.061368465423583984
RobustScaler,67,5,62.99795466045226,93.27046834418937,58.45215269304514,0.14232563592332462,0.7152482438954461,0.9432226353267377,0.5760246295939966,0.033303260803222656,0.05910921096801758
RobustScaler,70,5,66.1260371011766,94.41017138959594,57.89436987972808,0.15956049884777262,0.7087954479699103,0.9488735394745336,0.5656725033673273,0.03145623207092285,0.05978989601135254
RobustScaler,73,5,65.01664065450865,93.99862854826225,57.88042530939516,0.15657671604209267,0.7088814996867621,0.9479925243281562,0.5660958245141428,0.03126215934753418,0.061966657638549805
RobustScaler,76,5,65.27383034371681,94.18043394551444,59.35854976468538,0.1535269099015747,0.7228377157529361,0.9455744230888847,0.5850298248989801,0.1307365894317627,0.06089496612548828
RobustScaler,79,5,64.44377240430732,94.17852006802268,47.23374586020569,0.14377866041248216,0.6005067567567568,0.9557254473662102,0.43779103328843566,0.031085729598999023,0.06389975547790527
RobustScaler,82,5,64.0824450003207,93.85465641867219,55.739933763290914,0.14409885489620683,0.6893564962074872,0.9463889821968424,0.5421204541081394,0.030685901641845703,0.06378817558288574
RobustScaler,85,5,63.674001382564015,93.66260460013095,56.79972110859334,0.14298869391448518,0.6996461292355421,0.9450009821253192,0.5554358283625168,0.07468533515930176,0.06742620468139648
RobustScaler,88,5,64.40748793819796,94.13457991354073,47.49520655394805,0.14415869680352142,0.6033969716919025,0.9555462885738115,0.44090821627862226,0.03134942054748535,0.06533265113830566
RobustScaler,91,5,63.97929289689921,93.85529555530083,49.57991981872058,0.13864809360133873,0.6268287019119126,0.9510648293141246,0.46746199730613813,0.04499387741088867,0.06915974617004395
RobustScaler,94,5,65.00181087379471,94.22175717903119,48.27958863517518,0.1522975719596241,0.611277052874286,0.9576389458993515,0.4489128343274966,0.042037010192871094,0.06893062591552734
RobustScaler,97,5,63.60974992695216,93.95296551828842,48.115739933763294,0.14393318367367286,0.6103212630586756,0.9547018348623854,0.44852799692130074,0.031954050064086914,0.07238173484802246
RobustScaler,100,5,65.56713132220156,94.35860028661176,48.58288303991633,0.1553288169372623,0.6143144792238696,0.95838772845953,0.4520300173176833,0.04241943359375,0.07024288177490234
RobustScaler,103,5,60.64361846934485,93.22628980387006,48.15757364476207,0.12711204523269334,0.6125022800114652,0.9484344738540994,0.4522994035020204,0.031482696533203125,0.07500982284545898
RobustScaler,106,5,62.11633706055488,93.52970216159811,57.06118180233572,0.13392604206750103,0.7028109542767523,0.9420439844760673,0.5604771983836829,0.13342022895812988,0.07574152946472168
RobustScaler,109,5,65.36078506830864,94.4049374336093,56.89733310092383,0.153475692097917,0.6997863247863247,0.9480886900453978,0.5545507023282663,0.031739234924316406,0.07707953453063965
RobustScaler,112,5,63.1014980152367,93.49554081285139,49.036081575736446,0.1327247766882254,0.6215341600434929,0.9495333016927702,0.46195882239753705,0.032160043716430664,0.07494497299194336
RobustScaler,115,5,62.744369614948795,93.4818679182454,47.97629423043402,0.12758283269422252,0.6104570727505286,0.9487990912041545,0.4499903790648451,0.05034780502319336,0.07982277870178223
RobustScaler,118,5,61.870579180296325,93.19964199626338,49.41258497472546,0.13189771058497393,0.6256867954703743,0.9488342982318886,0.46673080623436597,0.03639864921569824,0.08412575721740723
RobustScaler,121,5,59.38889601550752,92.79413808955188,48.38765905525536,0.11647396788332641,0.6161026837806302,0.9443561208267091,0.4571868385607081,0.03243446350097656,0.08122682571411133
RobustScaler,124,5,63.510119085797356,93.68471694178754,51.27069897158793,0.14072232759376208,0.6445789259560618,0.9499362961852656,0.48778141235328076,0.0535588264465332,0.07831096649169922
RobustScaler,127,5,62.522679751138476,93.53442024261918,51.16611469409099,0.13850160165343625,0.643689270997609,0.9492835171430715,0.4869347700596498,0.033083438873291016,0.08290481567382812
RobustScaler,130,5,57.39900868734811,92.10600976911415,56.96705595258847,0.09311170796943735,0.7049290051154563,0.9303426083664584,0.5674427554358283,0.03319430351257324,0.08151030540466309
RobustScaler,133,5,61.746536107013306,93.19028288459839,50.84190343385045,0.13235996853373957,0.6408578050581973,0.9475071546919717,0.48416394073503943,0.06158185005187988,0.0845644474029541
RobustScaler,136,5,56.18680791624797,91.3333174557371,57.37144849224334,0.0896230968409874,0.7089541581377636,0.9291284546758999,0.5731383490475275,0.03370213508605957,0.08077144622802734
RobustScaler,139,5,61.56721897961075,93.15221281136542,55.889837894369876,0.12403009510325497,0.6923731492061949,0.9401162022976364,0.5479699826823167,0.055521249771118164,0.08701372146606445
RobustScaler,142,5,56.550416550859104,91.55934836515836,57.04723723200279,0.09132496132161598,0.7058093168740002,0.9297936587820835,0.5687896863575139,0.13995599746704102,0.0903785228729248
RobustScaler,145,5,60.482486334708774,92.77729571700704,53.02074254837022,0.12124206794581319,0.6643084894380231,0.9417331732466983,0.5131421974215894,0.04596281051635742,0.08879637718200684
RobustScaler,148,5,60.45784248747496,92.77304373823452,50.4409970367788,0.12064659799636539,0.63773507976148,0.9438787055894999,0.48154704637290746,0.08488583564758301,0.08649587631225586
RobustScaler,151,5,60.4654651187651,92.73630096157288,51.04061356109465,0.12227059292560052,0.6438786895222639,0.9438703442123262,0.48858957090629207,0.06902742385864258,0.09464550018310547
RobustScaler,154,5,58.65947305781825,92.27544716428406,41.70123758061705,0.10365002903300274,0.5401600351967443,0.9460604893084185,0.3779873003655955,0.03457498550415039,0.09268426895141602
RobustScaler,157,5,59.78795173853862,92.61182791858774,50.96740456684679,0.11946575390387798,0.6433733106823195,0.9429909320648134,0.4882432172407158,0.03493475914001465,0.10271143913269043
RobustScaler,160,5,60.12845017424582,92.67719970568099,55.53425135088025,0.1224614170677107,0.6890617001048244,0.9399441340782123,0.5438907061766404,0.03475689888000488,0.08911991119384766
RobustScaler,163,5,60.46963846663673,92.76564438318174,55.63186334321074,0.12271692247975571,0.6899861155092198,0.9399389434563313,0.545045218395228,0.05530095100402832,0.12850117683410645
RobustScaler,166,5,60.48157697817117,92.77270874041528,54.12236360467143,0.1207880420341669,0.6753663229562386,0.9406307977736549,0.5268039253415432,0.03499197959899902,0.09391379356384277
RobustScaler,169,5,58.17101319137109,92.2540975014415,42.39846609726337,0.10420076246075434,0.5485889134770374,0.9455641363721982,0.3863767558206658,0.06267523765563965,0.09716415405273438
RobustScaler,172,5,60.468271581182876,92.59232579590694,50.576956597524834,0.1189588703574587,0.639326328643753,0.9431767001951659,0.483548200885126,0.03537249565124512,0.09403610229492188
RobustScaler,175,5,59.559120290195914,92.40964172207077,49.04654000348614,0.11348483856133551,0.6235512285581827,0.9426835916205903,0.46584568020011546,0.11904191970825195,0.0997772216796875
RobustScaler,178,5,58.04055259800882,92.15242383788328,42.51002265992679,0.10508527174589685,0.5498321185816067,0.9458114199849738,0.387569751779873,0.07694387435913086,0.10045194625854492
RobustScaler,181,5,58.27228956876831,91.88054349335654,45.260589158096565,0.09072686972366165,0.5838545531644228,0.9376862177577254,0.4238984029247643,0.05908918380737305,0.1012883186340332
RobustScaler,184,5,59.435279612882084,92.28412102218616,55.05316367439428,0.11408646193190324,0.6850526418643281,0.937800963081862,0.5396190109678661,0.04577302932739258,0.10181140899658203
RobustScaler,187,5,58.23553474582914,91.92281768175388,46.69339375980478,0.10578025589659924,0.5984611748641054,0.9420469576719577,0.4385222243602078,0.037163496017456055,0.10334348678588867
RobustScaler,190,5,59.404414227581434,92.21489042465322,50.01917378420777,0.12133080036778227,0.6332028551692378,0.9445122882002748,0.47623629016740426,0.08466291427612305,0.10377001762390137
RobustScaler,193,5,57.25923787940336,91.34988362690488,51.39968624716751,0.10291488151289278,0.6493800457734966,0.937137049941928,0.496825091398884,0.03660464286804199,0.10842514038085938
RobustScaler,196,5,60.02493888924521,92.22572500093973,54.554645284992155,0.12707826801902103,0.6791217446955152,0.942217061676115,0.5308832018472196,0.046660423278808594,0.10295271873474121
RobustScaler,199,5,59.5176832788147,92.16708458659456,56.18964615652781,0.12156905901258773,0.6954414366381504,0.9391281581358817,0.5521647104098518,0.03703165054321289,0.11014175415039062
RobustScaler,202,5,59.25966975249254,91.99300250086708,54.774272267735746,0.12425219092770975,0.6815113053298308,0.941144561974505,0.5341543197998846,0.0375213623046875,0.10801982879638672
RobustScaler,205,5,59.50458384110491,92.34390621234843,43.89750740805299,0.11027737075956504,0.5657933788414321,0.9464704820364687,0.40350202039638255,0.044254302978515625,0.11147522926330566
RobustScaler,208,5,58.89330311647033,91.78745606052267,51.09987798500959,0.10977102636455119,0.6456486042692939,0.9396323529411764,0.4917837213777179,0.0715169906616211,0.1053314208984375
RobustScaler,211,5,59.57718199246004,92.02016073769441,54.8788565452327,0.12532114225553576,0.6824505017296794,0.9413835115743875,0.535231864537233,0.15289807319641113,0.11576533317565918
RobustScaler,214,5,55.787324596098884,91.13109034189252,51.97489977340073,0.07824685045210618,0.6574668059078025,0.9288976322630507,0.508793534731576,0.038046836853027344,0.11430668830871582
RobustScaler,217,5,57.1888012314797,91.1919138882714,51.950496775318115,0.09205777899095172,0.6560011979933611,0.9332481181650334,0.5057533192226285,0.0466618537902832,0.11822748184204102
RobustScaler,220,5,57.832260064567166,91.66656283845653,49.69844866655046,0.09133502987119396,0.632672284310481,0.9345667870036101,0.47819896093900327,0.04617786407470703,0.1138601303100586
RobustScaler,223,5,58.21054739557723,91.42363156421487,55.29022137005404,0.10210999093723869,0.6882974845060154,0.9340369393139841,0.5449297671733693,0.04220104217529297,0.11863160133361816
RobustScaler,226,5,56.883700710523875,91.01619502904794,51.61234094474464,0.09843830523945465,0.6519733212978286,0.9355256530186371,0.5003271117952665,0.03877449035644531,0.11713147163391113
RobustScaler,229,5,57.27175079639964,90.92943009784872,57.85602231131253,0.08764790704238283,0.7135783163930154,0.9283072370854395,0.5795266499903791,0.0389704704284668,0.11938691139221191
RobustScaler,232,5,52.074903612482984,90.7706061877764,38.94718493986404,0.05801247712821939,0.511533205031657,0.9292663153627888,0.35289590148162403,0.17548727989196777,0.11522650718688965
RobustScaler,235,5,55.706646997199236,90.94557706622052,48.53407704375109,0.07282148542375481,0.622052686823174,0.9291067604772102,0.46753896478737733,0.04101109504699707,0.1202692985534668
RobustScaler,238,5,58.43990478837506,90.71492708348812,69.74376852013248,0.11312054041937784,0.8123094223740837,0.9271820695102686,0.7227631325764864,0.039472103118896484,0.1198415756225586
RobustScaler,241,5,51.85560187857667,90.76240828042673,38.19069199930277,0.05711748880005642,0.5019383111410753,0.9293664828877561,0.3438137386954012,0.04323124885559082,0.12381124496459961
RobustScaler,244,5,58.98601543625597,91.84124037122471,58.52884782987624,0.09316718856885785,0.7193677754187309,0.9294117647058824,0.5867615932268616,0.0800318717956543,0.11970877647399902
RobustScaler,247,5,60.142910083452705,91.78252779532481,58.661321248039044,0.1261906860699631,0.7183105283162295,0.9384271615666315,0.5818356744275544,0.07678651809692383,0.12779784202575684
RobustScaler,250,5,50.51003499169748,90.271683072118,37.53529719365522,0.035414354842461686,0.4963741638090955,0.9204628374856666,0.339811429670964,0.03998756408691406,0.12433290481567383
RobustScaler,253,5,50.92785866489926,90.33529260284735,37.00191737842078,0.04002761380709613,0.4887543497326506,0.9226660969878231,0.33242255147200306,0.05766797065734863,0.12473106384277344
RobustScaler,256,5,50.25415517499412,89.99362044850466,36.91476381383998,0.03548873913686532,0.48823529411764705,0.9207466666666667,0.3321916490282856,0.040604591369628906,0.1758744716644287
RobustScaler,259,5,49.9904432044128,89.96144367859358,38.47306954854454,0.03434218132834028,0.5086170894005624,0.9196536447845348,0.35151048681931885,0.06248354911804199,0.12608647346496582
RobustScaler,262,5,50.78072534724449,90.18426702811031,45.00261460693743,0.040746747796484614,0.5864310805851203,0.9197434421511389,0.43044063883009426,0.04680013656616211,0.1542341709136963
RobustScaler,265,5,47.583689307934065,88.93958008250308,76.23147986752659,0.011727199456843435,0.8622737556561086,0.9074790594838216,0.8213584760438715,0.04502129554748535,0.13096833229064941
RobustScaler,268,5,49.24765854944803,89.75109708556435,47.268607286038,0.02434462405934597,0.6132644712620168,0.9136131637083873,0.46153550125072157,0.04935169219970703,0.12447643280029297
RobustScaler,271,5,46.77377404342961,88.91361530196356,11.312532682586717,0.034074732810833466,0.04209654341441373,0.9755671902268761,0.02151241100634982,0.05316781997680664,0.14627623558044434
RobustScaler,274,5,46.564160947555216,88.79713301943882,10.932543141014467,0.030583130392552445,0.03380856937563816,0.9759825327510917,0.017202232056955938,0.041654348373413086,0.1297163963317871
RobustScaler,277,5,45.77036680706106,88.47405267508616,10.793097437685201,0.029116752197722428,0.030756410742017348,0.9759615384615384,0.01562439869155282,0.04127240180969238,0.13369250297546387
RobustScaler,280,5,46.34630948054077,88.6525785495051,10.820986578351055,0.028720087961531537,0.031426299647873995,0.9741784037558685,0.015970752357129112,0.06373190879821777,0.128662109375
RobustScaler,283,5,45.66852813945367,88.59295646812944,10.744291441519959,0.028273730108548948,0.029711600409292455,0.9751243781094527,0.015085626322878585,0.1119537353515625,0.13646721839904785
RobustScaler,286,5,46.43596661891832,88.68987762504506,10.827958863517518,0.028839301535084187,0.03157536061787756,0.9742990654205608,0.01604771983836829,0.04189038276672363,0.1357276439666748
RobustScaler,289,5,45.51102559168751,88.46098107855124,10.657137876939167,0.0267164389454824,0.02784310750322434,0.9734748010610079,0.014123532807388877,0.04228544235229492,0.13451790809631348
RobustScaler,292,5,47.02346581717373,88.97772930284876,11.988844343733659,0.045041868789300395,0.05608315262095267,0.985545335085414,0.02886280546469117,0.042629241943359375,0.14077329635620117
RobustScaler,295,5,46.13369964153109,88.71616761384033,10.820986578351055,0.02958980104614938,0.03135294785868454,0.9764150943396226,0.015932268616509523,0.08864688873291016,0.14588642120361328
RobustScaler,298,5,48.38366436476885,89.52444108848607,10.911626285515078,0.03193652044251153,0.033216055687965804,0.9799107142857143,0.01689436213199923,0.04238629341125488,0.13951945304870605
RobustScaler,301,5,46.9209109243937,88.7390076521422,10.932543141014467,0.029746151980116976,0.03388164114199282,0.9739130434782609,0.017240715797575523,0.1481788158416748,0.14492082595825195
RobustScaler,304,5,44.6750005344964,88.29562917070994,10.625762593690082,0.02801117141736042,0.0270218983642643,0.978021978021978,0.013700211660573407,0.06261825561523438,0.14195561408996582
RobustScaler,307,5,46.44920217504401,88.79995660441897,11.037127418511417,0.031438205933534066,0.036109537299339,0.9755102040816327,0.01839522801616317,0.043958187103271484,0.14545416831970215
RobustScaler,310,5,46.84563316443247,88.6160417043737,76.81366567892627,0.010735946674154872,0.866228202498039,0.9073059745512766,0.8287088705022129,0.04356646537780762,0.14519071578979492
RobustScaler,313,5,47.68129333874956,89.44199340273332,33.31706466794492,0.012832005825087776,0.4425273956633248,0.9117329170169328,0.2921685587839138,0.04384565353393555,0.14861822128295898
RobustScaler,316,5,47.25120831818927,89.34192748650912,32.525710301551335,0.008783567373817141,0.43192157553344485,0.909967845659164,0.2831633634789302,0.06738901138305664,0.14418673515319824
RobustScaler,319,5,45.98106172364398,88.54278072333314,10.601359595607459,0.021965083755425316,0.026940881839568945,0.962059620596206,0.01366172791995382,0.061107635498046875,0.15214920043945312
RobustScaler,322,5,46.46618348192334,88.88501272597992,10.981349137179711,0.03219924006716949,0.034776034776034775,0.9787234042553191,0.017702520685010582,0.05071210861206055,0.15090227127075195
RobustScaler,325,5,46.09081877721478,88.67792616005391,10.702457730521179,0.02753489410627616,0.02881516587677725,0.9743589743589743,0.014623821435443525,0.04462480545043945,0.15166926383972168
RobustScaler,328,5,46.644777970196486,88.99771317542488,10.646679449189472,0.0157813727039078,0.028503202819997724,0.9447236180904522,0.014469886472965172,0.056925296783447266,0.14776921272277832
RobustScaler,331,5,44.544003306751044,88.63081972744217,11.9714136308175,0.03959060147795266,0.05628433680905931,0.9753886010362695,0.028978256686549932,0.07487726211547852,0.1630234718322754
RobustScaler,334,5,46.4312858558,89.08286423719194,10.89419557259892,0.02995308825148973,0.032990314769975784,0.9753914988814317,0.016778910910140464,0.05954623222351074,0.1529521942138672
RobustScaler,337,5,45.108739372429966,88.34898228509707,10.625762593690082,0.02801117141736042,0.0270218983642643,0.978021978021978,0.013700211660573407,0.11541175842285156,0.15477943420410156
RobustScaler,340,5,46.699504700004994,88.58740705322082,45.90552553599442,0.009125991671083807,0.5999432799649367,0.9088423683799406,0.447758322108909,0.061339616775512695,0.15327882766723633
RobustScaler,343,5,48.130987250479265,89.55545611180291,79.19818720585671,0.018218691316673905,0.881871993348247,0.9080642530984997,0.8571483548200886,0.04575753211975098,0.1561267375946045
RobustScaler,346,5,48.93779174595029,89.8558578126442,42.48213351926094,0.021553331694142395,0.559474541425253,0.9135856295779561,0.4031941504714258,0.045737504959106445,0.15902233123779297
RobustScaler,349,5,48.73802407371774,89.74870951624958,41.708209865783516,0.015322201402327255,0.5510297237064683,0.9114407532421389,0.39488166249759477,0.1025693416595459,0.164109468460083
Normalizer,1,0,96.83704843962686,99.60484032226134,92.27122189297542,0.6860925847432461,0.9557211048752722,0.9934396279687759,0.9207619780642678,0.029344797134399414,0.04667067527770996
Normalizer,4,0,92.12030444914801,98.89311027973613,81.60013944570333,0.4533558438967891,0.8887202192705039,0.9827931918862206,0.8110833172984414,0.049994707107543945,0.04213142395019531
Normalizer,7,0,85.73333903462824,97.40458879619918,87.03154959037825,0.46528312497888313,0.9253192001927246,0.9672220590086876,0.8868962863190302,0.027477741241455078,0.041205644607543945
Normalizer,10,0,85.63001945566887,97.29134054442463,87.68694439602581,0.49040861342682485,0.9291701760718726,0.9701017545328923,0.8915528189340004,0.030048370361328125,0.04304075241088867
Normalizer,13,0,83.31982554037587,96.98520615696333,85.0549067456859,0.43810696908291036,0.9127789872027019,0.9683156349823017,0.863267269578603,0.02694559097290039,0.04354691505432129
Normalizer,16,0,68.16934271196345,94.4348061130564,66.26111207948405,0.19072179283625026,0.7809316854542985,0.9481668773704172,0.6638445256878969,0.026241540908813477,0.042025089263916016
Normalizer,19,0,64.4892502084536,93.88698744578643,57.09255708558481,0.14879567757811174,0.7019999031523897,0.9464647124110466,0.5578987877621705,0.14926671981811523,0.04353046417236328
Normalizer,22,0,63.52987407264875,93.784949062199,50.83841729126721,0.16946569436515116,0.6373315502520317,0.9606171021009381,0.4768520300173177,0.09361696243286133,0.04449772834777832
Normalizer,25,0,67.06694175414592,94.04139544809466,74.78821683806868,0.19347015442130333,0.8472521437925062,0.9389541688123215,0.771868385607081,0.07220196723937988,0.04534173011779785
Normalizer,28,0,70.18979040614599,94.76626246314858,60.94474464005578,0.2066201149140723,0.7337626844744409,0.959239468124767,0.594111987685203,0.037427425384521484,0.04590415954589844
Normalizer,31,0,73.79601764550773,95.05391913995226,76.43716227993725,0.27672239036776636,0.8566763502194703,0.9540001889109285,0.7773715605156821,0.03301072120666504,0.047040462493896484
Normalizer,34,0,68.07274994833202,94.36013056659047,63.873104409970374,0.16813614479115901,0.761983509037874,0.9449698074512931,0.6383682893977295,0.027067184448242188,0.048070669174194336
Normalizer,37,0,69.33652320783358,94.34575990268314,58.75893324036953,0.2069563767057384,0.7135038264070522,0.9623701574443065,0.5669039830671542,0.042339324951171875,0.055573463439941406
Normalizer,40,0,71.23039930444202,94.7676922668381,63.46522572773227,0.21742297992162257,0.7555856150006997,0.9589178949860889,0.6233981142967097,0.13213419914245605,0.05026698112487793
Normalizer,43,0,70.06600389113376,94.61425429949502,68.41554819592122,0.20271798738828994,0.7979933110367893,0.9485820302146832,0.6886665383875312,0.028914928436279297,0.051192522048950195
Normalizer,46,0,79.4966340980195,95.83901626091472,84.95380861077219,0.3988634469774212,0.912843295638126,0.9603569152326322,0.869809505483933,0.027868270874023438,0.052382469177246094
Normalizer,49,0,62.70722852927971,93.73305795927757,63.19679274882343,0.12276095492959826,0.7587577980393501,0.9339558955895589,0.6389070617664037,0.04695439338684082,0.05063676834106445
Normalizer,52,0,70.47991932667708,95.27082273337119,63.00156876416245,0.20061597559154923,0.7525241926081381,0.954792899408284,0.6209736386376756,0.028848648071289062,0.05121421813964844
Normalizer,55,0,40.94839615447658,88.85662012074962,14.620881994073557,0.03139417414317245,0.11498572615907202,0.9425355450236966,0.061227631325764864,0.07895469665527344,0.06119680404663086
Normalizer,58,0,64.53429542684881,94.14655588049689,76.3221195746906,0.1650380739099432,0.8591046757665021,0.9318662526438954,0.7968828170098133,0.02857041358947754,0.05363655090332031
Normalizer,61,0,72.38265238492292,95.44771622557411,71.63674394282727,0.22942567264419136,0.8222959986021318,0.9507550886408405,0.7244179334231288,0.0826256275177002,0.055254459381103516
Normalizer,64,0,68.04382442862335,93.80828467006465,74.35593515774795,0.22719551255725906,0.8429748537762028,0.9465030439576243,0.7598614585337695,0.03083944320678711,0.057816267013549805
Normalizer,67,0,43.27625339405212,89.57024893918364,16.16872930102841,0.03564754457684474,0.14657344642793768,0.9420620437956204,0.07946892437944968,0.11745619773864746,0.06945991516113281
Normalizer,70,0,67.98290324189881,93.69711756985372,79.12846435419209,0.2514370572911623,0.8765236042650607,0.9443605012887744,0.8177794881662498,0.03165388107299805,0.058617591857910156
Normalizer,73,0,41.717450951047255,88.9424689900167,11.772703503573297,0.0424263204847536,0.05156648178683856,0.9842632331902719,0.0264768135462767,0.03797173500061035,0.0602574348449707
Normalizer,76,0,44.741537496703934,89.96672526780165,16.872930102841206,0.03589730512841023,0.1608305472461728,0.9403292181069959,0.0879353473157591,0.030397415161132812,0.060013532638549805
Normalizer,79,0,43.452106984798924,89.61370225812966,16.545232700017433,0.03305214202299213,0.15466647833609945,0.9383033419023136,0.08427939195689821,0.08578681945800781,0.07137513160705566
Normalizer,82,0,39.59436284466109,88.6834182474105,14.868398117483006,0.03369825988520366,0.11987313486628703,0.9443498012492901,0.06399846065037522,0.04284501075744629,0.06271481513977051
Normalizer,85,0,43.371296830792694,89.57168134699127,16.68816454592993,0.032278925204266985,0.1576906809530523,0.9371596145789695,0.08608812776601886,0.0314943790435791,0.07753443717956543
Normalizer,88,0,40.20725774841611,89.0167586817207,14.878856545232699,0.035500735332931445,0.11982264518222126,0.9464692482915718,0.06395997690975563,0.030701875686645508,0.06403088569641113
Normalizer,91,0,46.34987706582858,90.58175726692866,25.239672302597178,0.02818988935028248,0.31597078243118243,0.9230339172568021,0.1906099672888205,0.06889772415161133,0.08091521263122559
Normalizer,94,0,43.85820594502526,89.96523212492527,14.823078263900994,0.031516644515593356,0.11924588154716845,0.9419134396355353,0.06365210698479892,0.038483619689941406,0.06778168678283691
Normalizer,97,0,53.68662547481097,92.20136360103903,34.00034861425832,0.06699961985026148,0.44402678256783745,0.9371513573819263,0.29093707908408695,0.031008005142211914,0.0705101490020752
Normalizer,100,0,44.07909263891561,89.95362692034048,14.669687990238799,0.026839731361032796,0.11670455775684746,0.9368482039397451,0.06222820858187416,0.03756833076477051,0.06907200813293457
Normalizer,103,0,39.40293759220063,88.8144327261401,14.85793968973331,0.031900638126156504,0.1199236063565277,0.942242355605889,0.0640369443909948,0.03068399429321289,0.0722801685333252
Normalizer,106,0,52.53273327204441,92.37697337304158,36.90081924350706,0.09459175583970655,0.4798551640898902,0.9473505049358901,0.3213007504329421,0.04771924018859863,0.07152891159057617
Normalizer,109,0,51.25361212665427,91.90304165681675,34.00732089942478,0.07767418725358441,0.44254667530478825,0.9424307036247335,0.28916682701558594,0.03518819808959961,0.07460999488830566
Normalizer,112,0,40.443116042731205,89.04292397514789,11.61234094474464,0.03968441058939613,0.04827327327327327,0.981679389312977,0.02474504521839523,0.03170347213745117,0.07219600677490234
Normalizer,115,0,49.6366607515732,91.25466448867114,41.95921213177619,0.09373301320385986,0.5445243892430169,0.9417108251324754,0.382990186646142,0.03171491622924805,0.08440256118774414
Normalizer,118,0,52.39407777991576,92.36359304709708,36.869443960257975,0.09569650819822922,0.47928228426833824,0.9479071883530482,0.3207234943236483,0.040246009826660156,0.0837399959564209
Normalizer,121,0,48.79871435799856,91.1119562225276,29.018650862820287,0.048149750721792624,0.3734498569098686,0.9318181818181818,0.23351933807966135,0.03319096565246582,0.07877731323242188
Normalizer,124,0,52.410317918457224,92.30159071425624,36.388356283772005,0.09796751720429356,0.4724928449596716,0.9495700673948408,0.31448912834327497,0.032187700271606445,0.0834498405456543
Normalizer,127,0,52.09362666495628,92.20983444566589,35.541223636046716,0.0956360514243127,0.46127848027504226,0.9495022190236296,0.3046372907446604,0.08679366111755371,0.08203768730163574
Normalizer,130,0,52.692279734034585,92.38416476829832,36.00488059961652,0.10132263949666027,0.4668157657788492,0.9516816674561819,0.30925533961901097,0.03603553771972656,0.07973837852478027
Normalizer,133,0,49.687722974080486,91.2616591464982,43.09220847132648,0.08953369304368379,0.558667676003028,0.9390166318276834,0.39761400808158553,0.08767366409301758,0.08271598815917969
Normalizer,136,0,53.20621868741938,92.50330343295566,36.27331357852536,0.10975626379523933,0.46928347462547904,0.9554320841707058,0.31102559168751204,0.032382965087890625,0.0804605484008789
Normalizer,139,0,55.9955772204762,92.99029328989069,42.2799372494335,0.10470786623292028,0.5470908444347183,0.9458948164964056,0.38483740619588225,0.032982587814331055,0.0844869613647461
Normalizer,142,0,49.88061488465568,91.44393615243361,38.97856022311312,0.10001499872236914,0.506401218205403,0.947451725229503,0.3455455070232827,0.2080681324005127,0.08310937881469727
Normalizer,145,0,49.29592428680364,91.17784372997255,42.9736796234966,0.08839508500316755,0.5573894691271173,0.9386676387496583,0.3963825283817587,0.032843589782714844,0.08682680130004883
Normalizer,148,0,49.41288065051775,91.22730479545305,42.335715530765206,0.09156059197020032,0.5493529491894837,0.9404850746268657,0.3879930729266885,0.03356146812438965,0.0838313102722168
Normalizer,151,0,49.804690740384416,91.3471195609959,42.26250653651734,0.09416860681145924,0.5481529983085066,0.9416065235729684,0.3866076582643833,0.08573389053344727,0.08901476860046387
Normalizer,154,0,54.34068087714422,92.77936696362809,35.956074603451285,0.11938179435742628,0.46360477678180384,0.9606727976766699,0.3055224167789109,0.11741447448730469,0.08798027038574219
Normalizer,157,0,55.87424796356872,92.91763961393038,42.17186682935332,0.10651268699397969,0.5455591474439757,0.9467528762955215,0.3831826053492399,0.08092021942138672,0.0911550521850586
Normalizer,160,0,49.72047121202403,91.37321303589579,43.92191040613561,0.0966775632665013,0.5676503789711337,0.9410925942429373,0.40638830094285167,0.09602165222167969,0.10560393333435059
Normalizer,163,0,48.807555641074984,91.41371943834851,44.81087676485968,0.10195140330236968,0.5774230574166511,0.9423244467677295,0.41624013854146624,0.034268856048583984,0.09307217597961426
Normalizer,166,0,53.21450266891867,91.01252909966415,55.69810005229214,0.05659428536915713,0.6956896551724138,0.920824088748019,0.5590148162401385,0.12069559097290039,0.09658098220825195
Normalizer,169,0,50.56656190537275,90.29704100696479,50.6048457381907,0.036464192910414236,0.6472301755259554,0.9166431593794077,0.5002116605734077,0.03468203544616699,0.09627127647399902
Normalizer,172,0,49.96809982967381,90.04954945475716,53.61687293010284,0.03443703998237093,0.6774623645487382,0.9153019782523254,0.5377333076775063,0.058185577392578125,0.09744691848754883
Normalizer,175,0,50.50883344379592,90.45725447726933,71.6088548021614,0.028876596879883698,0.8292948771694475,0.9106477005938406,0.7612853569366943,0.04249978065490723,0.09631133079528809
Normalizer,178,0,48.58821257278059,91.28889926207822,44.796932194526754,0.0938452568514742,0.5781720344175391,0.9392418210143674,0.4176255532037714,0.0662996768951416,0.11799407005310059
Normalizer,181,0,47.63846663673487,91.19028633134553,44.34373365870664,0.09465162300611787,0.5728199502314505,0.9399367755532139,0.41192995959207235,0.03551316261291504,0.0994272232055664
Normalizer,184,0,51.66841268823181,90.71406376930226,57.37144849224334,0.037314149262142285,0.712633953750705,0.9151928532625098,0.5834904752741966,0.03570985794067383,0.10019850730895996
Normalizer,187,0,50.2193060098775,90.21958527697977,50.04009063970717,0.028562265342363804,0.6421454790621021,0.9143791779263263,0.49482393688666537,0.03526163101196289,0.1077122688293457
Normalizer,190,0,48.56184123319009,89.75349744438493,49.79606065888095,0.02039749926078364,0.640379572980397,0.9119487908961593,0.4934385222243602,0.0827641487121582,0.09832501411437988
Normalizer,193,0,48.77422016975606,91.40609542665209,44.25309395154262,0.10315088527106847,0.5707920659204981,0.9433108587650816,0.4091976140080816,0.046973228454589844,0.10419631004333496
Normalizer,196,0,45.73812099573116,88.95471028571579,11.371797106501656,0.039427823162071475,0.04291683921243836,0.986159169550173,0.02193573215316529,0.15854716300964355,0.1062924861907959
Normalizer,199,0,53.970130915984285,91.47564326991673,37.32961478124455,0.07647174903006873,0.4880535383739143,0.9385542168674699,0.3297671733692515,0.03644156455993652,0.10842442512512207
Normalizer,202,0,53.25705000748295,91.14899602498367,58.79728080878508,0.04449945457439336,0.7250436198673956,0.9166470588235294,0.5996921300750433,0.19428420066833496,0.10700082778930664
Normalizer,205,0,44.25828291250651,88.97850523058341,11.389227819417815,0.04193234538448886,0.04306904600557187,0.9913344887348353,0.022012699634404463,0.03642988204956055,0.11188197135925293
Normalizer,208,0,50.25236924436462,90.17860166081365,49.53808610772181,0.03328799092717858,0.6364983300268703,0.9159439144261348,0.48770444487204156,0.03696632385253906,0.10531163215637207
Normalizer,211,0,48.06433911302105,89.48170847378003,11.431061530416594,0.03946779293376669,0.044240463471522086,0.9849246231155779,0.022628439484317874,0.03726315498352051,0.1128077507019043
Normalizer,214,0,52.6672938091064,90.92057812168416,57.688687467317415,0.049384524779064,0.7146987611950824,0.9182169606185069,0.5850298248989801,0.0370335578918457,0.1113593578338623
Normalizer,217,0,45.119447829588296,89.0284120606858,11.29858811225379,0.03690473546638631,0.04151284562645973,0.982174688057041,0.02120454108139311,0.040264129638671875,0.11572980880737305
Normalizer,220,0,52.199154783030096,90.83610388321004,57.6433676137354,0.041468158760902964,0.714828897338403,0.9161903615907587,0.5860304021550895,0.03756093978881836,0.11083316802978516
Normalizer,223,0,50.05242768263742,90.05660008716826,81.86857242461217,0.026880670270449845,0.8988388150856788,0.9086833411986787,0.8892053107562055,0.10602498054504395,0.11964035034179688
Normalizer,226,0,52.25933052544559,90.73802331994965,56.59055255359944,0.05142458448150366,0.7044386422976502,0.9191080829978322,0.5710602270540697,0.038561344146728516,0.1147918701171875
Normalizer,229,0,50.56385949158702,90.37402685658516,54.25483702283424,0.031801789949209056,0.6838377023901311,0.9144274759971648,0.5461227631325765,0.03830432891845703,0.11839890480041504
Normalizer,232,0,50.032698351613114,90.27060683381421,50.583928882691296,0.027023784309839895,0.6478698298348031,0.9138051857042747,0.5018279776794304,0.03860330581665039,0.11249518394470215
Normalizer,235,0,53.22125442741182,91.21434968258913,58.25344256580094,0.043393803626636133,0.720229890428241,0.9165180164109882,0.5931883779103329,0.038545846939086914,0.12044739723205566
Normalizer,238,0,46.620774093315944,89.48485653687861,11.54610423566324,0.04024938569791811,0.04673704775143705,0.9841772151898734,0.023936886665383874,0.08963918685913086,0.11960625648498535
Normalizer,241,0,40.15245405112636,87.9254030965438,11.291615827087329,0.04067049327237161,0.04100399487450064,0.9908925318761385,0.020935154897055993,0.03891921043395996,0.12397050857543945
Normalizer,244,0,48.69658848766026,89.88000716652479,46.86421474638313,0.017651141901282936,0.6095599159793023,0.9115145943461274,0.4578795458918607,0.06813597679138184,0.11763787269592285
Normalizer,247,0,48.311219435714335,89.80390626314393,11.420603102666899,0.03858441392726684,0.04409164440765961,0.9832214765100671,0.0225514720030787,0.09277963638305664,0.12375402450561523
Normalizer,250,0,49.152203194150474,89.91424091429276,80.18476555691127,0.02361498610083549,0.8881718737703628,0.9085859195749305,0.8686549932653453,0.03931784629821777,0.12256956100463867
Normalizer,253,0,48.44210976418019,89.61682513329875,80.6937423740631,0.018358584979652884,0.8915138692994828,0.907912061604756,0.8756975177987301,0.03967571258544922,0.1251976490020752
Normalizer,256,0,42.22936879538766,88.61043819919591,11.448492243332753,0.038959656120865035,0.04468013088119147,0.9834437086092715,0.022859341928035404,0.040190935134887695,0.17679405212402344
Normalizer,259,0,44.544604793363696,88.79719265015608,11.455464528499215,0.04127518710041109,0.044611623095730676,0.9883333333333333,0.02282085818741582,0.044770240783691406,0.1263725757598877
Normalizer,262,0,55.541862470513614,91.45489939716434,56.245424437859505,0.06874586319166437,0.699945014224581,0.923945973239081,0.563363478930152,0.04502248764038086,0.1259298324584961
Normalizer,265,0,47.98861593939524,89.59528749677355,11.225379118005927,0.04058849209491249,0.03952777882548184,0.9924242424242424,0.02016548008466423,0.07357096672058105,0.12879157066345215
Normalizer,268,0,56.88320469786701,92.08775475988729,35.610946487711345,0.06945984101705625,0.4659688891458972,0.9368678060690617,0.31010198191264193,0.03994894027709961,0.12618184089660645
Normalizer,271,0,61.68316336347892,93.74155643679065,51.13822555342513,0.13245882556398886,0.6439567139155616,0.9472386219266123,0.48778141235328076,0.040502071380615234,0.13160443305969238
Normalizer,274,0,50.83371175678276,90.57112528109323,67.00366044971238,0.02510356408918313,0.7946810126033103,0.9106592423187829,0.7049066769289974,0.17834138870239258,0.13901114463806152
Normalizer,277,0,46.784892993821224,89.35933625628499,11.371797106501656,0.0379201404121075,0.04306094026423759,0.9828178694158075,0.022012699634404463,0.040541887283325195,0.1315450668334961
Normalizer,280,0,44.09659133830771,89.08857368978498,11.448492243332753,0.038959656120865035,0.04468013088119147,0.9834437086092715,0.022859341928035404,0.041015625,0.12719225883483887
Normalizer,283,0,53.80265110213157,91.47161768736987,57.21108593341467,0.05535491284037412,0.709903096194753,0.9199387442572741,0.577948816624976,0.07610368728637695,0.13364648818969727
Normalizer,286,0,44.729747218837076,88.8023190316159,11.361338678751961,0.037776503844416574,0.04283993374491794,0.9827288428324698,0.0218972484125457,0.05054426193237305,0.13216567039489746
Normalizer,289,0,41.560042474647055,88.30060093732945,11.371797106501656,0.0379201404121075,0.04306094026423759,0.9828178694158075,0.022012699634404463,0.0417332649230957,0.13546037673950195
Normalizer,292,0,42.24489912271325,88.54686562478568,11.441519958166289,0.03739257880561311,0.04467677033582791,0.9801980198019802,0.022859341928035404,0.046378135681152344,0.13877654075622559
Normalizer,295,0,43.02357770508627,88.73921795998065,11.441519958166289,0.03739257880561311,0.04467677033582791,0.9801980198019802,0.022859341928035404,0.18437790870666504,0.14301419258117676
Normalizer,298,0,44.460952543846524,89.23120858185271,11.730869792574516,0.037780591626666714,0.051116774096837056,0.9756795422031473,0.02624591110255917,0.06124281883239746,0.14081788063049316
Normalizer,301,0,42.716352026454004,88.63214863079214,11.438033815583056,0.03661097689846515,0.044675090252707585,0.9785831960461285,0.022859341928035404,0.06296944618225098,0.14475703239440918
Normalizer,304,0,40.208708727969835,87.90094021387411,11.420603102666899,0.03784289652017278,0.044163563179475604,0.9816053511705686,0.02258995574369829,0.04199504852294922,0.14646387100219727
Normalizer,307,0,52.93791717443824,91.515631213493,35.40526407530068,0.07661561377744049,0.46213242764666607,0.9404536862003781,0.30633057533192226,0.04268312454223633,0.14505577087402344
Normalizer,310,0,47.46646854666866,90.16969751120068,11.570507233745861,0.04056632203595911,0.047250600961538464,0.9843505477308294,0.024206272849720992,0.24426507949829102,0.14592862129211426
Normalizer,313,0,49.66992210605834,90.18567794343102,50.786125152518736,0.026001091481057628,0.6500235515779558,0.9134615384615384,0.5045218395228016,0.04304361343383789,0.14855003356933594
Normalizer,316,0,56.50898452811095,91.83603212111939,66.66550461913893,0.06916367418467727,0.7900860554970144,0.9196606531404916,0.69251491244949,0.04307985305786133,0.1436314582824707
Normalizer,319,0,43.916250828469416,88.98176913500592,11.734355935157748,0.039192625018505706,0.05104756193545969,0.978448275862069,0.02620742736193958,0.053818464279174805,0.15157055854797363
Normalizer,322,0,60.671045261154944,92.95665875751389,60.373017256405795,0.12309368677732781,0.7340492735312697,0.9362019575077584,0.6036944390994805,0.05098557472229004,0.1468186378479004
Normalizer,325,0,52.275258518090915,90.76796711540705,69.77514380338155,0.044231743978340086,0.8151780004263484,0.9137395459976105,0.7358091206465268,0.07201981544494629,0.15127778053283691
Normalizer,328,0,44.610689927949885,89.39962885901791,11.396200104584278,0.039752630026787444,0.043432442604441096,0.9863247863247864,0.022205118337502404,0.0430908203125,0.14510202407836914
Normalizer,331,0,44.898622424618196,88.94687721984138,11.322991110336412,0.04185521330281682,0.041596021250141293,0.9928057553956835,0.0212430248220127,0.049619197845458984,0.15280938148498535
Normalizer,334,0,55.27657694253808,91.5802376657429,67.04200801812794,0.06975001414049427,0.7930475898603389,0.9196324313347211,0.6970944775832211,0.04365992546081543,0.15033936500549316
Normalizer,337,0,44.470442349218565,89.52940152746962,11.438033815583056,0.03881930305192533,0.04445948995712029,0.9833610648918469,0.02274389070617664,0.0439298152923584,0.15852761268615723
Normalizer,340,0,56.60534923994612,91.49679419987898,60.37650339898902,0.07817581472877336,0.7369225071752615,0.9245020036006737,0.612622666923225,0.04389476776123047,0.15063881874084473
Normalizer,343,0,51.70640184151824,91.19429090442956,32.170123758061706,0.06043284567037355,0.41882971414916814,0.9355484387510008,0.26980950548393307,0.10047793388366699,0.16030025482177734
Normalizer,346,0,51.20283781953976,91.71971773773275,23.58724071814537,0.06530531630608222,0.2814149427925122,0.9499778663125277,0.16517221473927265,0.060106515884399414,0.1652214527130127
Normalizer,349,0,50.14272051539705,91.20825517495611,23.873104409970367,0.0333428584497826,0.2918571845510264,0.9274525968672712,0.173176832788147,0.053612709045410156,0.15896153450012207
Normalizer,1,1,95.85887727250051,99.48587047130177,91.15914240892452,0.6558384028885821,0.9490599389362044,0.9926467498634396,0.9091398883971522,0.03779864311218262,0.04702925682067871
Normalizer,4,1,90.24401257135526,98.43400271219335,89.52414153738889,0.5259666183335805,0.9404348946460782,0.9696697187704382,0.9129112949778718,0.20481514930725098,0.042491912841796875
Normalizer,7,1,82.53223440874008,96.8509227097359,83.21073731915635,0.39080342442091837,0.9013357371138244,0.9636833574276077,0.8465653261497017,0.027973413467407227,0.0429537296295166
Normalizer,10,1,82.66989502490753,96.80904147715617,80.03137528324909,0.37703272637476515,0.8796234028244788,0.9689337469327284,0.8053877236867424,0.028153419494628906,0.04244041442871094
Normalizer,13,1,80.19337509531852,96.47830069972176,78.38940212654698,0.3265023789835303,0.8693103957160626,0.9612551286833271,0.7934192803540504,0.026647090911865234,0.043624162673950195
Normalizer,16,1,64.57631682095796,93.76947338405593,53.26477252919645,0.14066747661715628,0.6651011741194104,0.947810608757565,0.5122955551279584,0.02826666831970215,0.041913747787475586
Normalizer,19,1,68.02278094912307,94.09259468295315,65.12462959735053,0.18757541052718227,0.7715668813079417,0.9486776349037004,0.6501827977679431,0.026972055435180664,0.043372392654418945
Normalizer,22,1,71.49221701979063,94.90794551418797,63.16193132299111,0.2215152792900599,0.7526740784084259,0.9605137395459976,0.6187800654223591,0.058238983154296875,0.04523301124572754
Normalizer,25,1,63.80210235249682,93.68907228086391,59.302771483353666,0.14562828090897922,0.722865824708005,0.9433669991944978,0.5859149509332308,0.026371240615844727,0.04518294334411621
Normalizer,28,1,76.51276163598656,95.10826866087662,75.82011504270525,0.33973290488303026,0.8500648508430609,0.9697657213316893,0.7566673080623436,0.16076326370239258,0.0459597110748291
Normalizer,31,1,73.3459802307599,94.8591955974674,70.22485619661845,0.27841105258636556,0.8091012717641537,0.965024525485178,0.6965557052145469,0.02698349952697754,0.0471806526184082
Normalizer,34,1,75.15565247756896,94.89548714072463,72.08994247864737,0.2767013061097107,0.8239201196445852,0.9614022481137402,0.720838945545507,0.026815176010131836,0.048768043518066406
Normalizer,37,1,62.2210121223783,93.20013498472822,58.10005229213875,0.0999511250224542,0.7149666801052956,0.9315288592263008,0.5801039060996729,0.026459455490112305,0.04934811592102051
Normalizer,40,1,65.12981991034714,93.62293914378768,51.31253268258672,0.13160081448074695,0.6458565777462217,0.9467697568953981,0.49009043679045605,0.061585426330566406,0.050272464752197266
Normalizer,43,1,62.46607230667266,93.12614791184939,80.09761199233049,0.1450899934782088,0.8854603454848223,0.9249308408081147,0.8492207042524533,0.04108262062072754,0.051244258880615234
Normalizer,46,1,67.38476471468582,93.8711296390553,82.40892452501308,0.22513074001693478,0.8992331655883058,0.9345813789381927,0.8664614200500289,0.10138630867004395,0.05247235298156738
Normalizer,49,1,62.62154376812834,93.02655654037584,73.07652082970193,0.14853202491722958,0.8361445271890183,0.9317665973141668,0.758322108908986,0.027514219284057617,0.05292916297912598
Normalizer,52,1,69.96879396232869,95.02240534016532,65.71727383649991,0.19693726124680355,0.7760623035933871,0.9504155279156673,0.6557629401577834,0.027815580368041992,0.05112195014953613
Normalizer,55,1,71.19106464555762,94.9005040723322,69.89715879379467,0.23684957437489865,0.808328338993585,0.9549984265184097,0.7007119492014624,0.028210163116455078,0.05376744270324707
Normalizer,58,1,69.85857225322302,94.49572937921506,67.9414328046017,0.22822177184348266,0.7929295203782932,0.9556037991858888,0.6775832210890899,0.02847003936767578,0.05383181571960449
Normalizer,61,1,61.22175899201107,92.5033289306286,71.6297716576608,0.16015109120046525,0.8249064073325014,0.9354413702239789,0.7377333076775062,0.12993097305297852,0.055383920669555664
Normalizer,64,1,64.21108759326961,93.96578011333527,75.32159665330312,0.16468090461440027,0.8519873711501871,0.9327900375423496,0.7840677313834905,0.0552515983581543,0.05718398094177246
Normalizer,67,1,39.92358696969049,87.88354025093558,11.912149206902562,0.042127629093765405,0.05469509913954358,0.9812080536912752,0.02813161439291899,0.031039953231811523,0.057671308517456055
Normalizer,70,1,61.69812641196132,92.82675459606551,69.85881122537911,0.15519304496973027,0.8115025725996338,0.9360257506412514,0.7162208966711564,0.03349614143371582,0.05823922157287598
Normalizer,73,1,41.29989951467727,88.36027366020384,11.811051071988844,0.04018523601978124,0.05265325993334082,0.979108635097493,0.02705406965557052,0.09785938262939453,0.060765743255615234
Normalizer,76,1,41.90025014431402,88.9553447565964,12.930102841206207,0.0331479979339791,0.07824033067611455,0.9540954095409541,0.04079276505676352,0.045922279357910156,0.06020092964172363
Normalizer,79,1,65.31457322244314,94.2323997245871,74.206031026669,0.16946953477055524,0.843761217982558,0.9348212614635972,0.7688666538387531,0.03118729591369629,0.06260442733764648
Normalizer,82,1,44.98228892737263,89.7379534889337,13.21248039044797,0.038158823366788504,0.08376577969158294,0.9595278246205734,0.0437944968250914,0.03085947036743164,0.06322121620178223
Normalizer,85,1,45.06182484196724,89.74416392500945,13.243855673697055,0.03493698202424301,0.08487166286680886,0.9545078577336642,0.04441023667500481,0.03545427322387695,0.07413482666015625
Normalizer,88,1,47.84458697681711,90.87505784660681,19.902388007669515,0.037181657988482136,0.21961823245703416,0.9352039340468614,0.12441793342312873,0.030196189880371094,0.06366229057312012
Normalizer,91,1,40.78895516644218,88.06665499579856,11.692522224158967,0.0400273684267235,0.05002812675792237,0.9808823529411764,0.025668654993265344,0.04013466835021973,0.06770849227905273
Normalizer,94,1,36.8618875562112,87.495876465593,11.720411364824821,0.041078920353203555,0.05054178695961906,0.9825072886297376,0.025938041177602462,0.14533233642578125,0.0682680606842041
Normalizer,97,1,38.703206265723104,87.95577475123953,11.601882516994944,0.03813273489368053,0.04819638902443602,0.9786585365853658,0.02470656147777564,0.030298709869384766,0.06991124153137207
Normalizer,100,1,40.90470428095981,88.44628296457553,11.626285515077567,0.039866637127500944,0.04856628133913827,0.9817905918057663,0.02489898018087358,0.03023219108581543,0.07948446273803711
Normalizer,103,1,38.88152566651701,87.87731147968947,11.584451804078787,0.0400310296954728,0.04761547127300038,0.9829457364341085,0.024398691552818933,0.09045839309692383,0.07213306427001953
Normalizer,106,1,45.18401784505306,89.53265937654865,11.570507233745861,0.03770973424016257,0.047536797837188345,0.9783616692426584,0.024360207812199344,0.030696630477905273,0.07252144813537598
Normalizer,109,1,47.340354478010816,90.93478470617087,39.54331532159666,0.08459872744181891,0.5156407105351357,0.9401161014359914,0.3552434096594189,0.04582834243774414,0.07420659065246582
Normalizer,112,1,49.88890314212615,90.99778058466683,19.233048631689037,0.03953073105519079,0.20652099458867046,0.938375350140056,0.1160284779680585,0.031038284301757812,0.07191348075866699
Normalizer,115,1,40.6168886608371,88.41707553930058,11.54610423566324,0.03737806677985892,0.04702347417840375,0.978125,0.02409082162786223,0.031160593032836914,0.07760453224182129
Normalizer,118,1,37.873263064873605,87.64654790089412,11.605368659578177,0.039593034793155506,0.04812673624145957,0.9816232771822359,0.02466807773715605,0.03178524971008301,0.07631587982177734
Normalizer,121,1,42.57302147250195,89.01736200371198,11.54610423566324,0.03595611447181186,0.04716662285478238,0.9751552795031055,0.024167789109101404,0.04551577568054199,0.07870340347290039
Normalizer,124,1,44.62659511541559,89.31222529619917,11.553076520829702,0.038902021872356855,0.04702700672350975,0.9811912225705329,0.02409082162786223,0.03868913650512695,0.07720232009887695
Normalizer,127,1,50.337100463942875,91.15932452077742,24.169426529545056,0.044352708883644856,0.2950479647394348,0.93451036748101,0.1751779873003656,0.11582326889038086,0.08145356178283691
Normalizer,130,1,38.451291699627276,87.65165534345671,11.497298239497995,0.03670751572274216,0.04599601668482958,0.9776357827476039,0.023552049259187992,0.032152414321899414,0.08014798164367676
Normalizer,133,1,49.12614827642729,91.25992791080407,40.578699668816455,0.09887500729033238,0.5268563497571132,0.9452191235059761,0.36521069847989224,0.03211474418640137,0.08250164985656738
Normalizer,136,1,51.15603588965143,91.56467238668698,26.822381035384346,0.06319867606215993,0.3361270122394763,0.9432019879304224,0.20450259765249182,0.043904781341552734,0.08069753646850586
Normalizer,139,1,49.09869226548079,91.13496349204999,39.4491894718494,0.09111757493972318,0.5135960122098071,0.9430275606746195,0.35289590148162403,0.039296865463256836,0.0845029354095459
Normalizer,142,1,49.29713866261876,91.17407701768774,39.41432804601708,0.09572414240652946,0.5125515384399629,0.9450765411667357,0.3516259380411776,0.04821491241455078,0.09112071990966797
Normalizer,145,1,49.26438187273284,91.33351349307357,40.33815583057347,0.10073716016388791,0.5236053891548825,0.946272260790824,0.36193958052722724,0.03373456001281738,0.08705735206604004
Normalizer,148,1,52.79450822768121,92.44254421638975,31.343907965835804,0.10620749859322362,0.39960977989147,0.961419979463107,0.2522224360207812,0.03597712516784668,0.08854913711547852
Normalizer,151,1,49.440752855992415,91.23801488818992,40.15339027366219,0.0923204047243197,0.5223560835814252,0.9428485335476094,0.3612468731960747,0.0512385368347168,0.0948019027709961
Normalizer,154,1,49.89122499447687,91.32685884176274,39.986055429667076,0.09712828005324645,0.5196305494321511,0.9450872919204223,0.35832210890898597,0.034935712814331055,0.0879521369934082
Normalizer,157,1,49.31406723252019,91.18171712015146,38.95067108244727,0.09035580650164178,0.5073148773351339,0.9431948948634794,0.3469694054262074,0.04371762275695801,0.09109377861022949
Normalizer,160,1,49.64019555441529,91.27507735004703,39.00993550636221,0.09514101460856185,0.5074467186576198,0.9452485840151038,0.34681547046372907,0.09200620651245117,0.08803534507751465
Normalizer,163,1,49.70136617279199,91.2978434221426,38.95415722503051,0.0943777336517346,0.506829639226068,0.9449695442134005,0.34627669809505485,0.06467628479003906,0.09364962577819824
Normalizer,166,1,49.70302239896236,91.31014057973239,39.201673348439954,0.09715639090245061,0.5096440420626441,0.9459346623525728,0.3487781412353281,0.03564596176147461,0.09288239479064941
Normalizer,169,1,52.69739237024209,91.19139869980138,33.06606240195224,0.052719006915727014,0.4329257487152224,0.9309030864981582,0.2820473350009621,0.03888249397277832,0.09571075439453125
Normalizer,172,1,52.23837969198755,91.11157392002951,30.46191389227819,0.03479041076325316,0.39760819013680426,0.9235409652076318,0.2533384644987493,0.03957724571228027,0.09595417976379395
Normalizer,175,1,53.124620329392314,91.3285654622523,33.948056475509844,0.05830032193945822,0.4445812446867763,0.9329478346456693,0.2918222051183375,0.035376548767089844,0.09628558158874512
Normalizer,178,1,52.47368496069671,91.0966642822068,36.363953285689384,0.056937333258794916,0.4779201464363345,0.9305045105245573,0.32153165287665963,0.03586626052856445,0.09511518478393555
Normalizer,181,1,49.36606589271587,91.24918949893353,42.555342513508805,0.09088060768158263,0.5520822007176253,0.9400166620383227,0.3908023859919184,0.04217720031738281,0.09983301162719727
Normalizer,184,1,49.76524918222051,91.35449469526719,42.93881819766428,0.0912185996743852,0.5566390378677069,0.9398152382694595,0.395420434866269,0.0636587142944336,0.09523868560791016
Normalizer,187,1,49.32644901973361,91.26626563707877,43.46522572773227,0.09406338639603429,0.562565748658053,0.9404761904761905,0.401308447181066,0.036036014556884766,0.10288524627685547
Normalizer,190,1,53.18006399703532,91.47839341961598,35.670210911626285,0.07568100918466689,0.46588902717878955,0.9397477814105558,0.30971714450644605,0.04438304901123047,0.09971189498901367
Normalizer,193,1,48.83626023560601,91.14891206698496,43.35366916506885,0.0901406812195022,0.5617025867882286,0.939033189033189,0.4006927073311526,0.03666424751281738,0.10526061058044434
Normalizer,196,1,49.05739778647225,91.31379649988294,43.32926616698623,0.09241535673227617,0.5611468063279521,0.9399475445419192,0.3999615162593804,0.03670525550842285,0.10479140281677246
Normalizer,199,1,49.041474069798106,91.25274758675019,43.49660101098135,0.09122687366321883,0.5632679456779478,0.9393367484497169,0.4022320569559361,0.04620361328125,0.11327600479125977
Normalizer,202,1,48.99154925562469,91.32706511059955,43.824298413805124,0.09264803154670471,0.5669676448457487,0.9396098690656454,0.4059649797960362,0.04201245307922363,0.10761094093322754
Normalizer,205,1,49.01080537917174,91.23171099548534,43.848701411887745,0.09441125462037622,0.5670510442706234,0.9402745587448743,0.4059264960554166,0.0370633602142334,0.11178231239318848
Normalizer,208,1,53.37948959157348,91.54138968400306,38.79379466620185,0.07972809763676748,0.5067011323087297,0.9386841557359983,0.347007889166827,0.04136228561401367,0.10605716705322266
Normalizer,211,1,48.54380091078186,89.61078552199021,11.424089245250132,0.03568284708952979,0.04445280180518992,0.9768595041322314,0.02274389070617664,0.03927445411682129,0.11350059509277344
Normalizer,214,1,50.51827906413244,90.57176136855273,47.35227470803556,0.019819657725714708,0.6146269266101868,0.9121411800348406,0.463459688281701,0.036429643630981445,0.11333298683166504
Normalizer,217,1,51.46239639678163,90.78919113695892,63.113125326825866,0.034163701334669706,0.762890756302521,0.9131974248927038,0.6550702328266308,0.055829524993896484,0.11580657958984375
Normalizer,220,1,51.46332998382257,90.73621436917327,63.55935157747952,0.03101967363251957,0.7667522035032913,0.9124269782262348,0.6611891475851452,0.04485583305358887,0.1103217601776123
Normalizer,223,1,52.93902892694503,91.3309297247245,32.459473592469934,0.0511294736924909,0.42445487493315903,0.9305718379575355,0.27492784298633827,0.03745388984680176,0.11771416664123535
Normalizer,226,1,48.56162315865991,89.99007909162184,11.535645807913545,0.03652153442567899,0.046875,0.9765258215962441,0.02401385414662305,0.06027579307556152,0.11527204513549805
Normalizer,229,1,50.242059877849755,90.47664186401155,60.57869966881645,0.02335909670030695,0.7420149662347144,0.9111895556676192,0.6258225899557437,0.037867069244384766,0.11995959281921387
Normalizer,232,1,57.13687098682287,92.8471754882029,45.6719539829179,0.09248689893368436,0.588356490041735,0.9380106123136528,0.42859341928035405,0.11787986755371094,0.1144113540649414
Normalizer,235,1,48.97742287216984,90.64136819009447,26.372668642147463,0.02686231888654375,0.33492883234664317,0.9215040720845608,0.2046565326149702,0.038195133209228516,0.12154436111450195
Normalizer,238,1,53.18264668362802,91.531918403101,36.95659752483876,0.08203050780878085,0.48233812331825726,0.9414459716169404,0.3242255147200308,0.04255533218383789,0.11930966377258301
Normalizer,241,1,52.285495193095734,90.99441493393365,63.73365870664111,0.03831566704290318,0.767816091954023,0.9139744952178533,0.661958822397537,0.0390315055847168,0.12471866607666016
Normalizer,244,1,47.658351328045384,89.62654394733846,11.539131950496776,0.034443845031465234,0.04716308062032969,0.9721362229102167,0.024167789109101404,0.03908491134643555,0.1185145378112793
Normalizer,247,1,50.840809868941484,90.57626972126992,59.80128987275579,0.02980895325608347,0.7348646846473983,0.9128298868959214,0.6149701751010198,0.04535341262817383,0.12484478950500488
Normalizer,250,1,45.753153885076145,89.5943223883822,11.29858811225379,0.03311749995499346,0.04187377617111011,0.9737302977232924,0.021396959784491052,0.13506126403808594,0.12220907211303711
Normalizer,253,1,52.89355397344622,91.29304742726319,31.071988844343736,0.05243298906594249,0.40391920410009047,0.9323590814196242,0.2578025784106215,0.039316415786743164,0.12635588645935059
Normalizer,256,1,53.1492313941804,91.59897630481555,37.63290918598571,0.08028252659839906,0.49153024101864484,0.9399934775519078,0.3327689051375794,0.05502176284790039,0.18027901649475098
Normalizer,259,1,53.399858892951066,91.47233765079508,33.47742722677358,0.06206436492873368,0.43737469041160515,0.9351910225696634,0.28543390417548586,0.04043745994567871,0.13606810569763184
Normalizer,262,1,51.88082868321467,91.51204734304041,36.23147986752658,0.09025743869103993,0.47145168747110494,0.9460744520468515,0.31395035597460075,0.03922581672668457,0.1274564266204834
Normalizer,265,1,51.93001945566886,90.95991512471424,61.889489280111555,0.03250651111067145,0.752703252952088,0.9130673398825531,0.6402539926880892,0.03979659080505371,0.12935638427734375
Normalizer,268,1,53.66971258347052,91.65168588902266,33.67265121143455,0.07287399527461375,0.4385291860945523,0.9403872927477535,0.2859341928035405,0.03964114189147949,0.12429380416870117
Normalizer,271,1,50.59454956206928,91.13758910793617,30.608331880773925,0.058751021467679,0.3959945380063723,0.936154949784792,0.25110640754281316,0.040252685546875,0.12961459159851074
Normalizer,274,1,44.23118180716795,88.82965414836647,11.50775666724769,0.03613416747623246,0.04628794709948903,0.9762282091917591,0.023705984221666344,0.040390729904174805,0.13005352020263672
Normalizer,277,1,53.522101782367315,91.4582228639323,36.00488059961652,0.0812535111972446,0.46965013145350015,0.9420491423273064,0.3127958437560131,0.11041092872619629,0.13359808921813965
Normalizer,280,1,48.31894326498906,90.12603902067553,11.577479518912323,0.03220514472496527,0.04825515947467167,0.9669172932330827,0.02474504521839523,0.05389142036437988,0.12743544578552246
Normalizer,283,1,52.97914608855536,91.35122297729852,30.09586892103887,0.05134362251955993,0.38944035077035505,0.9326235963249234,0.2461035212622667,0.04793715476989746,0.13368582725524902
Normalizer,286,1,52.875731725568166,91.70998006460096,35.34599965138574,0.0917932103822824,0.4591426071741032,0.9478627332931969,0.3029440061573985,0.050776004791259766,0.13189268112182617
Normalizer,289,1,51.95495977023782,91.56518560518133,36.31166114694091,0.08641516056766495,0.4730754809494967,0.9441630209532581,0.315605156821243,0.048568010330200195,0.1349163055419922
Normalizer,292,1,50.506785253600725,91.05766468197076,31.730869792574516,0.05412702725052748,0.4133840577539466,0.9326845093268451,0.26553781027515877,0.041173696517944336,0.13744235038757324
Normalizer,295,1,50.155819240444984,90.9629237949072,30.34338504444832,0.052101058652775555,0.3930621791561617,0.9328143021914648,0.2489898018087358,0.04240703582763672,0.1417849063873291
Normalizer,298,1,49.47348684069869,91.2157565664269,37.80373017256406,0.08389387322020093,0.49328296742310207,0.9414570685169124,0.3341928035405041,0.06744861602783203,0.14228439331054688
Normalizer,301,1,53.04427340559725,91.48812841571228,38.18371971413631,0.07928134121236002,0.49886954555731405,0.939036067666773,0.33965749470848566,0.04480695724487305,0.14541196823120117
Normalizer,304,1,53.005688466993064,91.7663710265151,34.27924002091686,0.09253738128280621,0.44418892623385814,0.9495777133493004,0.2898980180873581,0.0419921875,0.13939666748046875
Normalizer,307,1,52.662784084835266,91.58663912904028,36.07808959386439,0.08344489636318822,0.47033335259113757,0.9430093826016448,0.3132961323840677,0.046456098556518555,0.14771366119384766
Normalizer,310,1,53.175711058374134,91.5779462006861,36.6184416942653,0.07991697343911092,0.47811235180985734,0.9408043380027112,0.32049259187993073,0.04250741004943848,0.1448519229888916
Normalizer,313,1,51.841656511235115,91.74688555280355,34.418685724246124,0.08626332995491957,0.4470636646875551,0.9462486002239642,0.29266884741196847,0.06909704208374023,0.15460729598999023
Normalizer,316,1,53.09387752193218,91.52633637228405,35.00435767822904,0.08592996726537333,0.45526792496932156,0.9453949763378231,0.2998268231672119,0.05011940002441406,0.1441199779510498
Normalizer,319,1,51.78797881968943,91.37666465162351,33.24036953111382,0.07547908113594358,0.4319867117517945,0.9421658688057963,0.28023859919184146,0.0431978702545166,0.1520223617553711
Normalizer,322,1,53.705824585408955,91.77548467335453,36.51037127418512,0.08613511279217911,0.4757929883138564,0.9438163754710517,0.31806811622089665,0.04320240020751953,0.14875388145446777
Normalizer,325,1,51.93646762020824,91.6007841304709,37.10998779850096,0.08598428718629245,0.4838340486409156,0.9431121026213051,0.32538002693861845,0.043593406677246094,0.15056371688842773
Normalizer,328,1,41.81137123269122,88.19348341016205,11.448492243332753,0.03529994067211704,0.04503928719124779,0.9755700325732899,0.023051760631133345,0.12339568138122559,0.14538240432739258
Normalizer,331,1,52.7109015885233,91.6756115098534,35.66323862645982,0.08804956961468119,0.4640315975953301,0.9456676136363636,0.3074466038098903,0.05883598327636719,0.15872859954833984
Normalizer,334,1,52.159764536520356,91.56417624577212,36.07111730869793,0.08665697072543559,0.46978546232579654,0.9445413324032089,0.3126419087935347,0.051961421966552734,0.1524643898010254
Normalizer,337,1,52.695958494573084,91.74601109468146,34.07704375108942,0.0928590231683858,0.4412929149677953,0.9500063605139295,0.28739657494708487,0.12493658065795898,0.16481566429138184
Normalizer,340,1,51.73007504329421,91.85056604853443,37.238975074080535,0.08806895639501787,0.4852609006433167,0.9439377085650723,0.3265730228978257,0.04406452178955078,0.15085482597351074
Normalizer,343,1,51.82559026218829,91.4794447671813,36.388356283772005,0.08105935251026643,0.4748611390911446,0.9415658525450811,0.3174908601116028,0.044712066650390625,0.15747380256652832
Normalizer,346,1,44.16866425786957,88.54322474036265,11.194003834756842,0.03384884744426362,0.039441930618401205,0.9775700934579439,0.02012699634404464,0.05211019515991211,0.158797025680542
Normalizer,349,1,49.143929189917266,90.46415822607703,73.06257625936901,0.014754425200937352,0.8401894479948708,0.9081641777698292,0.781681739465076,0.11126375198364258,0.16736865043640137
Normalizer,1,3,94.57209501207961,99.29553829411701,86.08680495032247,0.5480671138982699,0.9175532464313012,0.9904558023369905,0.8546469116798153,0.03168058395385742,0.04737496376037598
Normalizer,4,3,86.95236283040786,97.74187569791464,91.50078438208122,0.5743921469432699,0.9522541224393875,0.9694939586074889,0.9356167019434289,0.02775430679321289,0.0423891544342041
Normalizer,7,3,78.60263969954177,96.26029485931225,78.56719539829179,0.3256917433487814,0.870606558067096,0.9607041664731293,0.7959592072349433,0.05353999137878418,0.04165530204772949
Normalizer,10,3,78.28981606197307,96.20765724478727,75.40526407530068,0.31926916159692753,0.8476603830623394,0.9656597461379514,0.7553588608812777,0.028783082962036133,0.04247641563415527
Normalizer,13,3,73.9750297536328,95.59353941483705,71.37876939166811,0.2397662322205001,0.8198771390960948,0.9535595815258995,0.719068693477006,0.05698585510253906,0.04360604286193848
Normalizer,16,3,74.37139945410101,95.04490948888666,71.54261809308,0.3010860981387944,0.8186120925271648,0.9685561047428751,0.7088705022128151,0.14297938346862793,0.04829835891723633
Normalizer,19,3,56.70210021451122,92.2273824700412,45.818371971413626,0.07237288175343709,0.5922019311502938,0.9305681537066051,0.43428901289205313,0.07774853706359863,0.04612612724304199
Normalizer,22,3,63.44376599035056,93.37086866261588,78.45912497821162,0.1685334383002932,0.8738953856201147,0.9303032936473451,0.8239368866653839,0.027033567428588867,0.04459524154663086
Normalizer,25,3,62.69946621626437,93.15252467481639,58.39637441171344,0.13423257506467753,0.7153013025430602,0.9409401870332015,0.5769482393688666,0.02802419662475586,0.045464515686035156
Normalizer,28,3,64.73918856320242,93.58874991891531,60.15687641624542,0.18116473629073612,0.7282755997242101,0.9527245583478477,0.5894169713296132,0.027333974838256836,0.046021461486816406
Normalizer,31,3,59.91498086502898,92.89746523377369,45.766079832665156,0.11202900332539945,0.5872927443958085,0.945260461144321,0.4259765249182221,0.027472257614135742,0.047560930252075195
Normalizer,34,3,63.7910632202339,93.20683774937334,75.35994422171866,0.14913973090196525,0.8527131782945736,0.9298731991092124,0.787377333076775,0.046126604080200195,0.048520803451538086
Normalizer,37,3,67.29363806754608,93.93754726176091,62.13003311835455,0.18163632549417574,0.7459957443823508,0.9505422476462877,0.6138926303636714,0.03672027587890625,0.04924798011779785
Normalizer,40,3,67.64416080502284,94.19785681736012,56.116437162279944,0.20786544292881093,0.6879833432480666,0.9665018455324187,0.5340773523186454,0.028568506240844727,0.04976153373718262
Normalizer,43,3,74.33588466280405,94.98366752004992,68.25867177967578,0.26830950921184926,0.7935795415901516,0.9656808651511808,0.6735424283240331,0.027744531631469727,0.05095648765563965
Normalizer,46,3,65.59927878619432,93.36165905664737,80.13944570332927,0.1900045776510205,0.8848323124507247,0.9319904607784686,0.8422166634596883,0.027899503707885742,0.05194497108459473
Normalizer,49,3,61.11479414762078,93.22084495569906,64.51804078786823,0.12129530758576114,0.7700094906675102,0.9326180962285839,0.6556859726765442,0.028892040252685547,0.050080299377441406
Normalizer,52,3,64.24582415781184,93.36528215233301,67.77758410318982,0.18174732066101956,0.7938165027102991,0.9442262789216727,0.6847411968443333,0.02833843231201172,0.05114245414733887
Normalizer,55,3,45.36637376264084,88.64564529331014,11.037127418511417,0.029020449378108614,0.03632793323514973,0.969758064516129,0.018510679238021934,0.08076190948486328,0.05797290802001953
Normalizer,58,3,57.76506531545977,91.89367841245422,74.23392016733484,0.12270310787289085,0.8454121436489511,0.9259598643819298,0.777756397921878,0.03050065040588379,0.06037569046020508
Normalizer,61,3,54.1025107077445,91.13207822103885,68.19940735576085,0.08210919980258007,0.8016093953892997,0.9216804201050263,0.7092168558783913,0.031189441680908203,0.055704593658447266
Normalizer,64,3,61.51136766938191,93.27650877249918,74.04566846784033,0.12245721976082713,0.8440609094526946,0.9260501884364372,0.7754088897440832,0.11457276344299316,0.05906271934509277
Normalizer,67,3,58.24516565825013,92.0406935089502,73.02074254837024,0.12311254925971163,0.8365748073065147,0.9269068788020589,0.7622859341928035,0.03156328201293945,0.05834245681762695
Normalizer,70,3,56.86074444658242,91.76469815987645,73.72494335018303,0.11156473502647664,0.8420743844944998,0.9242870285188592,0.7732922840100058,0.0343475341796875,0.05903482437133789
Normalizer,73,3,43.65648842993465,88.48896542715845,11.117308697925745,0.029537921948346462,0.03810458009507282,0.9692898272552783,0.019434289012892052,0.03369283676147461,0.06114840507507324
Normalizer,76,3,47.50482828412403,89.98719965141979,13.264772529196446,0.033160291870878406,0.08556306968538666,0.9517579721995094,0.044795074081200696,0.033597707748413086,0.06013655662536621
Normalizer,79,3,47.51527875768783,90.36281214399868,18.358026843297893,0.02712927696661458,0.19175150992234685,0.9290969899665552,0.10690783144121609,0.1315784454345703,0.06280016899108887
Normalizer,82,3,45.55003527676224,89.1813663753591,10.949973853930626,0.025923660183905965,0.0346182917611489,0.9642105263157895,0.017625553203771408,0.03148794174194336,0.06381368637084961
Normalizer,85,3,46.38562988618791,88.80560863495496,11.120794840508976,0.03116169660389374,0.03803343017771573,0.972972972972973,0.019395805272272464,0.12468504905700684,0.06649494171142578
Normalizer,88,3,45.673005081279086,89.39963488241465,12.302597176224507,0.02755671739723623,0.06504125473872,0.9500542888165038,0.0336732730421397,0.04594159126281738,0.06482434272766113
Normalizer,91,3,45.83712540710809,89.94467985201919,16.088548021614084,0.025411824072890287,0.1465749539072472,0.9315006759801713,0.07954589186068886,0.04274940490722656,0.06767702102661133
Normalizer,94,3,45.13027458861594,89.36111209120405,12.41415373888792,0.02346829485011255,0.06803175309741079,0.9424460431654677,0.0352895901481624,0.031205415725708008,0.06725788116455078
Normalizer,97,3,47.87858807431638,89.99631226352088,78.6334321073732,0.018459859224431996,0.8781728915303425,0.9081565531984871,0.8501058302867038,0.08078765869140625,0.07907700538635254
Normalizer,100,3,46.106149559218636,89.89056939357332,17.455115914240892,0.028173397502376657,0.17377346639681765,0.9315375982042648,0.09582451414277468,0.03126120567321777,0.06842923164367676
Normalizer,103,3,45.558916468903,89.79312895591947,16.726512114345475,0.02155281247554172,0.16023905783090173,0.9264227642276422,0.08770444487204156,0.03142189979553223,0.07248926162719727
Normalizer,106,3,43.302683171915426,89.27550992221823,12.930102841206207,0.017630185086862128,0.08027691854470467,0.9308283518360376,0.041947277275351164,0.03166627883911133,0.0715792179107666
Normalizer,109,3,46.66739073111981,89.16114593245659,81.31078961129509,0.023708116766387965,0.8953604122343021,0.9084283903675539,0.8826630748508755,0.04296088218688965,0.07510113716125488
Normalizer,112,3,45.91670693206195,89.94679385179384,17.141363081750043,0.026120435254214636,0.16784538897836285,0.930151338766007,0.09224552626515298,0.03245902061462402,0.07277846336364746
Normalizer,115,3,42.73905743341957,88.26192842090654,11.071988844343734,0.015058562007630257,0.038448490331335516,0.9375,0.019626707715989993,0.03231620788574219,0.07781362533569336
Normalizer,118,3,43.41010126925078,88.4146582553286,11.078961129510196,0.014460797911360108,0.03866882749783289,0.9361313868613139,0.01974215893784876,0.032737016677856445,0.0766448974609375
Normalizer,121,3,45.440724349517886,89.38331647564134,12.4559874498867,0.015856543631273475,0.06992592592592592,0.9300492610837439,0.03632865114489128,0.06029987335205078,0.07919096946716309
Normalizer,124,3,46.945099380696846,89.76501035566781,13.860902910929058,0.030665588959119566,0.09883657317918232,0.9449093444909344,0.05214546853954204,0.15980267524719238,0.08621573448181152
Normalizer,127,3,51.043840107184344,91.29381095244176,40.24402998082622,0.09246199275809333,0.5234772455589225,0.9428199479270979,0.3623244179334231,0.0330965518951416,0.08044743537902832
Normalizer,130,3,46.619284630021596,89.13224486339878,78.83911451978386,0.022290598952699893,0.8794534694363904,0.9086134022733802,0.8521069847989224,0.033078908920288086,0.0804133415222168
Normalizer,133,3,41.28684782531233,88.18838457434065,11.23583754575562,0.016051288279205253,0.042133774734782935,0.9380234505862647,0.021550894746969404,0.05397653579711914,0.0836641788482666
Normalizer,136,3,47.96534752955765,89.53194841590694,78.96810179536344,0.0254068403467704,0.8802429680211208,0.9089865529681863,0.8532614970175101,0.05721569061279297,0.08095288276672363
Normalizer,139,3,44.231291557094906,88.98722427990512,11.012724420428796,0.019175627788455222,0.0366820137368858,0.9473684210526315,0.01870309794111988,0.03351545333862305,0.08505940437316895
Normalizer,142,3,51.269401862898114,91.14251952361421,42.54139794317587,0.08835543316545888,0.5522169093675288,0.9390187563522129,0.3911102559168751,0.03364157676696777,0.08306002616882324
Normalizer,145,3,51.3164261432878,91.1590441581498,39.60606588809482,0.09020201239855771,0.5157106116515711,0.9424747113517932,0.3549740234750818,0.038129568099975586,0.0861356258392334
Normalizer,148,3,50.71428958302155,91.00423592614814,38.42077740979606,0.08645130757096546,0.5009887564269168,0.9419951131414002,0.3412353280738888,0.03388166427612305,0.08381199836730957
Normalizer,151,3,54.47537539463651,92.44962496876862,29.44396025797455,0.0928383774286523,0.3728424901614453,0.9570474069360484,0.23151818356744275,0.03447389602661133,0.09013628959655762
Normalizer,154,3,51.07628047520294,91.1679301279364,42.04287955377375,0.08547069435368465,0.5465455636472738,0.9382843229069114,0.3855685972676544,0.03495931625366211,0.0875234603881836
Normalizer,157,3,51.08799948688345,91.27778234058032,41.1783161931323,0.08953676850825697,0.535473391515018,0.940704198104082,0.37425437752549545,0.03473186492919922,0.09193539619445801
Normalizer,160,3,51.54799136253821,90.73300530929845,64.14850967404567,0.035571673602327415,0.7713650511338372,0.9132929718346934,0.6676159322686165,0.03481650352478027,0.0890812873840332
Normalizer,163,3,50.29012036858872,90.97783411370533,42.67735750392191,0.08513985538275805,0.5542331986878846,0.9376261236470372,0.39338079661343084,0.03518104553222656,0.09269356727600098
Normalizer,166,3,51.00454963333547,91.22735422626349,43.029457904828305,0.08772862658417006,0.5581332468094311,0.9383580325484135,0.39719068693477005,0.19766640663146973,0.09234905242919922
Normalizer,169,3,50.927639165045356,91.18279122364868,41.52344430887223,0.083676480649307,0.5404383561643835,0.9379933428435568,0.37956513373099865,0.127791166305542,0.09543538093566895
Normalizer,172,3,50.81371161425039,91.04323158117833,42.27296496426704,0.08506613445241877,0.5493781805317441,0.9379297528340457,0.3884548778141235,0.03589320182800293,0.09204483032226562
Normalizer,175,3,50.44425202574134,91.16060864004604,42.56928708384173,0.09137339710020458,0.5521909318255953,0.9402017957974637,0.3908793534731576,0.035619258880615234,0.09741806983947754
Normalizer,178,3,52.19647089845281,91.10303255519635,38.25692870838417,0.08353493291951887,0.49925075631202465,0.9408567774936062,0.3397729459303444,0.035890817642211914,0.09625387191772461
Normalizer,181,3,51.80775803704416,90.8221259951435,32.07948405089768,0.050826129510214486,0.41899024841201205,0.9307101218865925,0.2703482778526073,0.036264896392822266,0.09976983070373535
Normalizer,184,3,52.75356152766197,91.28004338740614,36.667247690430536,0.08108158449116491,0.4786040237637402,0.9412960036125536,0.3208774292861266,0.037668704986572266,0.09451866149902344
Normalizer,187,3,49.66840983758436,91.17498221107184,44.70977862994596,0.0981170129937971,0.5766828591256072,0.9409459106349621,0.41573984991341156,0.044370412826538086,0.10103154182434082
Normalizer,190,3,47.21795052701344,89.04578899389692,10.667596304688862,0.01972074835292957,0.0286569879837762,0.9545454545454546,0.01454685395420435,0.03694033622741699,0.10038566589355469
Normalizer,193,3,45.24122606346966,88.7848460669233,10.601359595607459,0.01565474311813815,0.027457524271844662,0.9451697127937336,0.013931114104290937,0.03713035583496094,0.10456466674804688
Normalizer,196,3,45.44484923638281,89.06753320380896,10.608331880773923,0.015809891329330073,0.027607129313613955,0.9454545454545454,0.014008081585530114,0.040036678314208984,0.10571122169494629
Normalizer,199,3,61.72268616509524,93.49425563085296,68.10876764859682,0.10406459940788826,0.7999650135572466,0.9263179217096268,0.7039445834135077,0.05588817596435547,0.11315393447875977
Normalizer,202,3,50.88760894818236,90.72113379666753,26.5748649119749,0.020106466499404146,0.33937645066181543,0.917415635068679,0.2081970367519723,0.03740429878234863,0.10663580894470215
Normalizer,205,3,46.596212914858285,88.84036043489425,10.545581314275754,0.01803237708822257,0.025964166413604616,0.9526462395543176,0.013161439291899172,0.05103015899658203,0.11925148963928223
Normalizer,208,3,52.740630990813784,91.34383865878668,32.745337284294926,0.06397927937657699,0.426618320156928,0.936822869077144,0.2761978064267847,0.03787422180175781,0.10636401176452637
Normalizer,211,3,52.16924008865513,91.03157741684528,31.49032595433153,0.04257204150592186,0.41165199688641396,0.926924632600782,0.26457571675966907,0.08563780784606934,0.11311817169189453
Normalizer,214,3,48.58957803291072,90.91147370455799,44.05438382429841,0.09205797463902389,0.5697356426618049,0.9391850083974189,0.4088897440831249,0.09521484375,0.11166143417358398
Normalizer,217,3,50.98595628532131,90.72064144533331,66.03102666899076,0.020592319282430854,0.7872303257926456,0.9098985412144768,0.6937079084086973,0.038317203521728516,0.1180582046508789
Normalizer,220,3,43.664762434167855,89.00584895511253,10.054035210040091,0.020604058288278042,0.01436375444092142,0.9791666666666666,0.007234943236482586,0.09306049346923828,0.11192035675048828
Normalizer,223,3,44.51904731362111,88.52027279322809,10.050549067456858,0.020519388446218485,0.014287897310513447,0.9790575916230366,0.007196459495862998,0.03865671157836914,0.12143659591674805
Normalizer,226,3,52.63017695394067,91.52268793624854,37.47603276974028,0.08953355775363671,0.4882002111691351,0.9443585780525502,0.32918991725995767,0.07530498504638672,0.11424541473388672
Normalizer,229,3,52.375896350458596,91.14810652663716,30.489803032944046,0.05610174413114774,0.3946321765795306,0.9348388952819332,0.25010583028670386,0.03898763656616211,0.11881399154663086
Normalizer,232,3,52.84504308040964,91.41545662974956,37.99198187205857,0.0859109041109471,0.49547581903276133,0.9421790722761596,0.33611699057148353,0.03908491134643555,0.11305046081542969
Normalizer,235,3,52.12566936765513,91.08463784227851,30.60135959560746,0.05592725477031007,0.3963368408284562,0.9346395881006865,0.25149124494900904,0.039227962493896484,0.12117314338684082
Normalizer,238,3,52.46892723009713,91.41916967490175,37.420254488408574,0.08918924035806838,0.4875096354241014,0.9442601194426012,0.32857417741004424,0.03940916061401367,0.11878132820129395
Normalizer,241,3,49.53655171430812,90.34667696072121,80.49154610423567,0.009671895416682962,0.8903519084567756,0.9069498223623808,0.8743505868770445,0.03961038589477539,0.12436556816101074
Normalizer,244,3,45.80908358810995,89.3540860633118,10.036604497123932,0.020177692793443634,0.013984410820724439,0.9786096256684492,0.007042524533384645,0.14449262619018555,0.12177133560180664
Normalizer,247,3,52.66180061146388,91.35118678484483,32.5989192957992,0.06978201049398872,0.42362270450751255,0.9399391453896018,0.27342697710217434,0.04331493377685547,0.12652277946472168
Normalizer,250,3,46.586714557543885,89.3964985892571,86.49816977514381,0.01089416821808786,0.9271650211565585,0.9066200809121,0.9486626900134693,0.04010820388793945,0.12313270568847656
Normalizer,253,3,52.25990350558371,91.0976869118977,32.27470803555865,0.059994136964540756,0.4204182702347922,0.9352269710645076,0.27115643640561865,0.04909348487854004,0.12511992454528809
Normalizer,256,3,50.63313592599719,90.55351992061765,65.05142060310267,0.01819580506418068,0.7795298102087045,0.9095247870265832,0.682047335000962,0.05140852928161621,0.18446850776672363
Normalizer,259,3,47.56425003028812,89.67552452477729,10.047062924873627,0.020434420008702284,0.014212034383954155,0.9789473684210527,0.00715797575524341,0.04122114181518555,0.1287240982055664
Normalizer,262,3,52.2513572645187,91.07063662632008,33.12881296845041,0.06223462491389292,0.43238444694324435,0.935587143040082,0.28116220896671157,0.13185977935791016,0.1262681484222412
Normalizer,265,3,52.38599761970938,91.23148508177738,29.464877113473943,0.06186699326073889,0.3781158752113109,0.9390839694656489,0.23671348855108718,0.04227185249328613,0.12898969650268555
Normalizer,268,3,53.160951831184654,91.47202223761343,36.62192783684853,0.08855417920966624,0.476954945624029,0.9448307306508605,0.3189917259957668,0.04135298728942871,0.12456536293029785
Normalizer,271,3,51.80178165465832,91.22217538925628,33.14624368136656,0.0737543365955102,0.430898893076535,0.9413900414937759,0.2793919568982105,0.06419062614440918,0.13002467155456543
Normalizer,274,3,52.32471297543455,91.2253795707378,35.32856893846959,0.07700310416348097,0.46102443417879657,0.940716148921034,0.30532999807581296,0.13722825050354004,0.1296072006225586
Normalizer,277,3,38.364285663381295,86.96852791139298,10.064493637789786,0.015819637609738514,0.01489231709179777,0.9605911330049262,0.007504329420819703,0.07936406135559082,0.13435673713684082
Normalizer,280,3,53.025999330097854,91.38130881563661,36.71953982917901,0.08398726394644984,0.4788999253602802,0.9425923833201492,0.32099288050798536,0.04212355613708496,0.12580513954162598
Normalizer,283,3,52.33120960098062,91.36053787884549,39.184242635523795,0.08069860554824251,0.5115771201388695,0.9387587340731607,0.351587454300558,0.0431060791015625,0.13399100303649902
Normalizer,286,3,52.22117603460686,91.38779983814467,35.628377200627504,0.08193883070400064,0.4644255590683644,0.942769665567593,0.3081008274004233,0.042713165283203125,0.13222908973693848
Normalizer,289,3,51.88559211510915,91.23176585793765,35.78525361687293,0.0774905943803436,0.46719888927455744,0.9404914405496682,0.3107946892437945,0.04279208183288574,0.13487911224365234
Normalizer,292,3,50.91682095796008,90.84808284210617,30.360815757364477,0.055695885605969345,0.39275291828793774,0.9347417161047605,0.24860496440253993,0.04306221008300781,0.13857674598693848
Normalizer,295,3,52.38971343866476,91.45433877467329,37.13090465400035,0.08290317728334656,0.4845366718115818,0.9416731474280635,0.3261881854916298,0.06088113784790039,0.14947128295898438
Normalizer,298,3,52.571509204027954,91.44836942824051,36.73697054209517,0.08216148595478505,0.4793872106033221,0.941726780883679,0.32153165287665963,0.058408260345458984,0.14765071868896484
Normalizer,301,3,51.71250222706833,91.09446615743578,34.418685724246124,0.06683385667821783,0.4499093514240599,0.9366857421161573,0.2960554165864922,0.046729326248168945,0.14850401878356934
Normalizer,304,3,52.79287195604302,91.48609288434791,36.133867875196096,0.07752180925496255,0.4719243629655252,0.9401630871712415,0.3150279007119492,0.10250139236450195,0.14136958122253418
Normalizer,307,3,52.94805122613473,91.62270460883431,36.886874673174134,0.08932928434225414,0.48039722174387234,0.9449023371344699,0.32207042524533386,0.04320383071899414,0.14907360076904297
Normalizer,310,3,52.27728817907767,91.39480213807589,36.3325780024403,0.08114179233359652,0.47409796412013705,0.9416609471516816,0.31679815278045026,0.13844728469848633,0.15398621559143066
Normalizer,313,3,52.27726394857433,91.31263270186713,36.93219452675615,0.08080743081703894,0.4821822136989438,0.9409070598748883,0.3241485472387916,0.044027090072631836,0.14753270149230957
Normalizer,316,3,52.55626536677143,91.43690682955751,36.58358026843298,0.07883940180637937,0.47779532079804793,0.9403389830508475,0.3202616894362132,0.06304168701171875,0.14649319648742676
Normalizer,319,3,51.87283119178443,91.52650624813235,34.51629771657661,0.09065320822195341,0.4477892756349953,0.9483252396961773,0.2930921685587839,0.044286251068115234,0.15074419975280762
Normalizer,322,3,51.58910340010975,91.50752679936356,34.65922956248911,0.08864884712030957,0.45007775137165157,0.9471474438132872,0.2951702905522417,0.044775962829589844,0.14822173118591309
Normalizer,325,3,52.467283831840305,91.38112057017952,36.879902388007665,0.078340101483353,0.4818270276458131,0.9398236016523389,0.32395612853569367,0.04460430145263672,0.15719175338745117
Normalizer,328,3,50.81687013162865,91.21386395399836,35.035732961478125,0.07953098475147641,0.4566263303688584,0.9422382671480144,0.3013276890513758,0.07682991027832031,0.1506519317626953
Normalizer,331,3,50.81789351406438,91.13964850388071,35.25884608680495,0.08049546089405515,0.45956406600122224,0.9424683695392695,0.30386761593226863,0.04504108428955078,0.15166831016540527
Normalizer,334,3,51.54784883016554,91.34869845126131,37.716576607983264,0.08313957552231649,0.49224123230830447,0.9412020432561679,0.333269193765634,0.04770207405090332,0.15082550048828125
Normalizer,337,3,51.046943036937265,91.20453135962434,36.726512114345475,0.07823433048202189,0.47979363714531387,0.939921392476137,0.32210890898595346,0.04581093788146973,0.15446186065673828
Normalizer,340,3,51.02670201469509,91.18554730241777,33.2055081052815,0.0826925617759856,0.4304060883524585,0.9459035672285379,0.27858379834519914,0.0457305908203125,0.15305376052856445
Normalizer,343,3,51.32096865000464,91.21923747349982,34.038696182673874,0.08500371358853022,0.4419077957702858,0.9460722404647638,0.2882817009813354,0.11793184280395508,0.15631341934204102
Normalizer,346,3,51.337559418182856,91.3935409248788,33.36238452152693,0.08458276793182042,0.4323682256867112,0.9466840052015605,0.28016163171060227,0.05496954917907715,0.15849590301513672
Normalizer,349,3,39.85666517007675,87.67206372273301,10.036604497123932,0.020177692793443634,0.013984410820724439,0.9786096256684492,0.007042524533384645,0.04850292205810547,0.16368675231933594
Normalizer,1,5,92.00086160819276,98.66382052537217,85.96478995990935,0.5177788746435391,0.9173272002957,0.9834015761898472,0.8595728304791226,0.03414750099182129,0.04494905471801758
Normalizer,4,5,83.98400786778697,97.20938560909525,89.95293707512637,0.5183048447147908,0.94325207734415,0.965767509374622,0.9217625553203771,0.03016948699951172,0.04267573356628418
Normalizer,7,5,75.21747446888874,95.8785913102185,73.2264249607809,0.27271042934135875,0.8328472554738171,0.9585191122689244,0.7363094092745814,0.07019829750061035,0.04446911811828613
Normalizer,10,5,73.81328259180866,95.60270977316812,68.88269130207425,0.26585337195416625,0.7988189686260367,0.9639884676059403,0.681970367519723,0.028969526290893555,0.04289436340332031
Normalizer,13,5,68.01982767836145,94.6328040501948,61.83371099877984,0.1810526778099058,0.7434022406600103,0.9507223787542713,0.6103136424860497,0.038101911544799805,0.043871164321899414
Normalizer,16,5,50.924319586085986,91.57497243557235,35.5725989192958,0.060806649206165804,0.4666839811848902,0.932856483617905,0.3111795266499904,0.0576786994934082,0.04253649711608887
Normalizer,19,5,56.39763681326121,92.5029832725051,47.42896984486665,0.08663945924420166,0.6086369770580297,0.93456603172073,0.4512603425052915,0.1440107822418213,0.043987274169921875
Normalizer,22,5,74.0169000634269,95.05443301221652,68.50967404566846,0.2703755882038575,0.7955455965233924,0.9658166630028577,0.6763132576486435,0.028095245361328125,0.04544186592102051
Normalizer,25,5,60.1021044904824,92.85029211566633,58.98204636569636,0.10439544236751762,0.7227354133283062,0.9321621785909671,0.5901481624013855,0.03532576560974121,0.046080827713012695
Normalizer,28,5,59.18325672218303,92.65912376088829,46.857242461216664,0.0966853887014248,0.6012555584619409,0.9385871784401797,0.44229363094092744,0.02817678451538086,0.04652571678161621
Normalizer,31,5,56.97912613402318,92.43946214963208,44.07878682238103,0.09140465589203119,0.5700962131160722,0.938912429378531,0.4093130652299404,0.028434276580810547,0.04828906059265137
Normalizer,34,5,70.99824827713994,94.47254418526174,73.65870664110162,0.24100463825523968,0.8372884275808605,0.9505207060088985,0.7481624013854147,0.027959346771240234,0.048859596252441406
Normalizer,37,5,66.68590283568156,93.68487926849895,69.10580442740108,0.18675072924930083,0.8042412193505633,0.9439460720767436,0.700558014238984,0.03744792938232422,0.04936528205871582
Normalizer,40,5,56.54609568198177,92.21722021165009,41.38399860554296,0.08424331217340582,0.5386599352466663,0.9383424146831086,0.377756397921878,0.029092788696289062,0.05040097236633301
Normalizer,43,5,62.220315139075964,93.30733253530663,55.80268432978909,0.13079574847311667,0.6910065805508164,0.9422399468261881,0.5455455070232826,0.043482303619384766,0.0507817268371582
Normalizer,46,5,71.34066804923067,94.52115211919522,80.93777235488932,0.2648135780188002,0.8886309014623813,0.943841128369316,0.8395228016163171,0.029094696044921875,0.05283975601196289
Normalizer,49,5,59.35684832417563,93.33168600860846,38.406832839463135,0.09546659097386964,0.49960348929421095,0.9460474096320927,0.3394265922647681,0.02899909019470215,0.06044816970825195
Normalizer,52,5,60.50265751608834,93.0794456635037,47.9518912323514,0.0997618605291928,0.6130319838266549,0.9387949511788521,0.4551087165672503,0.09959220886230469,0.05177807807922363
Normalizer,55,5,58.92971871236254,93.4516601885195,29.625239672302595,0.11245808142672327,0.37254841015758555,0.9684873949579832,0.23063305753319222,0.0294039249420166,0.06305122375488281
Normalizer,58,5,58.56203935318809,92.7265134447888,69.63221195746905,0.09325678424256638,0.8122346043584161,0.9232163857310859,0.7250721570136617,0.10941815376281738,0.054129600524902344
Normalizer,61,5,59.21309302375302,93.51779689065826,27.666027540526407,0.10783182756409548,0.3424496910156869,0.9700179533213644,0.20792765056763518,0.029754638671875,0.0553431510925293
Normalizer,64,5,61.249880629137884,93.71740858828348,45.8148858288304,0.13119613232828647,0.5857519788918206,0.9525832177531207,0.42289782566865497,0.11170649528503418,0.05947136878967285
Normalizer,67,5,58.203259715362854,92.8253004972817,69.1964441345651,0.0891385119494459,0.8090504386912737,0.9226181674799152,0.720377140658072,0.04835987091064453,0.05786466598510742
Normalizer,70,5,53.12316222321996,91.98648981456952,19.52239846609726,0.055401788452477056,0.20933657567558311,0.9514321295143213,0.11760631133346161,0.04387855529785156,0.05885624885559082
Normalizer,73,5,60.56513230567493,93.34995882505757,64.65748649119749,0.11682183368178985,0.7714092446448704,0.9314456847263817,0.6583028670386761,0.03163480758666992,0.060944557189941406
Normalizer,76,5,52.88567905985647,91.96893264269754,23.046888617744465,0.0644951126670992,0.2721097408164611,0.9504722414190279,0.158783913796421,0.03166532516479492,0.05997323989868164
Normalizer,79,5,56.006334138641236,92.28065411967302,50.102841206205326,0.05730253210110004,0.6401327533754054,0.9232666086451987,0.4898980180873581,0.06689000129699707,0.064178466796875
Normalizer,82,5,53.232121095503814,92.07236720250278,22.767997211085934,0.06588678196979512,0.2669578452782741,0.9520887420344584,0.1552434096594189,0.04245185852050781,0.06310224533081055
Normalizer,85,5,58.303287509175526,93.18118188663598,42.07774097960606,0.07430667208802005,0.5483213266277015,0.9337962962962963,0.38810852414854724,0.10547542572021484,0.06647086143493652
Normalizer,88,5,54.85885304199716,92.52050580970308,29.743768520132473,0.08235546370249949,0.37912443390122924,0.9504170528266914,0.23679045603232635,0.052991390228271484,0.06455183029174805
Normalizer,91,5,52.977164888575324,92.04533074909588,16.71256754401255,0.0703059501756103,0.15217005571524894,0.9772105742935278,0.08250913988839716,0.03165936470031738,0.06843137741088867
Normalizer,94,5,52.384153250807096,91.65548852730588,40.06275056649817,0.030455777763690246,0.5291266124394052,0.9175531914893617,0.3717529343852222,0.09917736053466797,0.07688474655151367
Normalizer,97,5,51.62567435628817,91.54420656881848,15.007843820812273,0.053152528743153835,0.1199191394123168,0.9673849737914968,0.06392149316913603,0.08513975143432617,0.07128572463989258
Normalizer,100,5,56.687734376670306,92.62955177112904,55.18215094997385,0.05979050908387448,0.6905449643751204,0.9219101484671252,0.5520107754473735,0.03208303451538086,0.06865620613098145
Normalizer,103,5,59.257923730927374,93.38811198096941,44.465748649119746,0.1145459714613124,0.571981299371272,0.947565209650138,0.40962093515489706,0.03239917755126953,0.07314419746398926
Normalizer,106,5,59.984719104326565,93.58531743716844,50.35035732961478,0.09039831902190548,0.6396255060728745,0.9338012560029553,0.4863959976909756,0.05676913261413574,0.0720527172088623
Normalizer,109,5,61.28509040115737,93.53375008613204,40.39044796932195,0.10564459973691555,0.5236383897478758,0.9483350151362261,0.3616701943428901,0.03270697593688965,0.0764920711517334
Normalizer,112,5,54.035705784676345,92.10611235273768,24.695834059613038,0.06687983376703298,0.3001911426442479,0.9489963129864809,0.17829517029055225,0.03308582305908203,0.07275629043579102
Normalizer,115,5,63.21228771584746,94.01240125669268,65.81139968624716,0.12193449888526638,0.7806874343090995,0.931827888105915,0.6717336925149124,0.03304767608642578,0.07769083976745605
Normalizer,118,5,63.3466957432707,94.23924748094848,61.227122189297546,0.1331493887567047,0.7410115499254843,0.9382039035320479,0.6123147969982682,0.04466891288757324,0.07752323150634766
Normalizer,121,5,61.30892608983815,93.48282571711073,63.78595084538957,0.10272665743365639,0.7648603377246593,0.928653877865113,0.6501827977679431,0.03327584266662598,0.07947278022766113
Normalizer,124,5,60.80273519623145,93.73278275651161,57.932717448143634,0.09223531202679873,0.7139640173513168,0.9295148747068264,0.5795651337309986,0.06374859809875488,0.07802152633666992
Normalizer,127,5,54.209602405946455,92.11639639057859,44.83527976294231,0.10250312321624967,0.577643730315486,0.9425137183172198,0.4164325572445642,0.04460740089416504,0.08079099655151367
Normalizer,130,5,61.97288321610045,93.82633548398454,67.79501481610598,0.11311691504318415,0.7970918994904235,0.9284654351941872,0.6982874735424284,0.038901329040527344,0.08077669143676758
Normalizer,133,5,61.44561748587147,93.61443264369113,41.75004357678229,0.10497698489505213,0.5405955294052954,0.9465626805314847,0.3783336540311718,0.034653663635253906,0.08377408981323242
Normalizer,136,5,61.385307763025686,93.64118254111212,39.961652431584454,0.10367305714494447,0.5184812391656881,0.947960331254473,0.356821243024822,0.06396627426147461,0.08868527412414551
Normalizer,139,5,60.79344493618113,93.50547789447147,43.046888617744465,0.11080251081502618,0.5556129804422926,0.9475784004453517,0.39303444294785456,0.037935733795166016,0.08490395545959473
Normalizer,142,5,54.18923880586378,92.27615562432995,47.659055255359945,0.11928480033647046,0.6078052348362154,0.9460844108319102,0.4477198383682894,0.03452014923095703,0.08409428596496582
Normalizer,145,5,60.51372658014953,93.49673666774854,43.17936203590727,0.11201444065638119,0.5570562817621002,0.9479282278949316,0.3944198576101597,0.044363975524902344,0.0870058536529541
Normalizer,148,5,53.12494530320199,92.07143320296014,48.209865783510544,0.11971734817289024,0.6138289576293215,0.9456948338005606,0.45437752549547816,0.03461909294128418,0.09122228622436523
Normalizer,151,5,61.234652470442356,93.61445752484917,61.05630120271919,0.11312951826594626,0.740745898025018,0.9330565949485501,0.6141620165480085,0.042632341384887695,0.09110069274902344
Normalizer,154,5,61.65669652719874,93.75070026705924,41.718668293533206,0.11760030669222042,0.538661074010707,0.9519165122403199,0.3756013084471811,0.08411812782287598,0.08918881416320801
Normalizer,157,5,53.291056806277126,92.18918862680461,48.69443960257975,0.11896990380430113,0.6191942453489274,0.9449534038856421,0.4604579565133731,0.1177363395690918,0.09139132499694824
Normalizer,160,5,53.173454770914844,92.07271131908071,48.34931148683982,0.12374243175745847,0.6149488019127813,0.9470103257824382,0.45530113527034827,0.05423474311828613,0.08881258964538574
Normalizer,163,5,52.6271410144029,91.77876353088624,47.432455987449885,0.108969200767354,0.6063643720468844,0.9425417951631229,0.4469501635558976,0.040784597396850586,0.0951380729675293
Normalizer,166,5,52.97467484802486,92.17861209362052,46.487711347394104,0.10351385990128205,0.5963925115692049,0.9413961982236242,0.4364441023667501,0.044057369232177734,0.0925905704498291
Normalizer,169,5,63.202009706454575,94.08129498614647,57.72703503573297,0.1262336363825646,0.7096403428954552,0.9392153134309438,0.5702520685010583,0.08005189895629883,0.10079383850097656
Normalizer,172,5,63.837380540055165,94.11810644704896,61.9382952762768,0.1380046916628737,0.7469756662804171,0.938887270608797,0.6202039638252839,0.03627967834472656,0.09338736534118652
Normalizer,175,5,52.83510287273997,91.97097040816904,47.153564580791354,0.11458055508912932,0.6026786884386549,0.9448553583168968,0.44244756590340584,0.03659653663635254,0.0961005687713623
Normalizer,178,5,53.33005081279085,92.07010156751834,47.46383127069897,0.1121338843196253,0.6063835344512354,0.9436631168197708,0.4467192611121801,0.036948204040527344,0.09553027153015137
Normalizer,181,5,53.15635373684249,92.08038191810654,47.896112951019695,0.118766852241442,0.6104769351055512,0.9456600726685507,0.4507215701366173,0.03711986541748047,0.09878873825073242
Normalizer,184,5,53.28640169898588,92.05608377540267,46.815408750217884,0.11329125748778685,0.5990328006728343,0.944706955152118,0.4385607081008274,0.03707170486450195,0.09661078453063965
Normalizer,187,5,53.59516957789039,92.21945810817108,42.78891406658532,0.10005139857381753,0.5537942847820767,0.9434871224754493,0.39191841446988646,0.03746747970581055,0.10079145431518555
Normalizer,190,5,52.63420634411591,92.20679229474705,43.594213003311836,0.10315485694713528,0.5630333801447553,0.9439463913791543,0.40115451221858767,0.04993724822998047,0.09961342811584473
Normalizer,193,5,52.06442890841583,92.15738130671565,43.37109987798501,0.09732824479696944,0.5610678772157371,0.9418488614714687,0.39953819511256494,0.044769287109375,0.10266923904418945
Normalizer,196,5,53.63784377026632,92.34603885646948,46.74219975597002,0.11781781938664643,0.5977302051241541,0.9464643095396932,0.43679045603232636,0.03844428062438965,0.10362505912780762
Normalizer,199,5,54.15072940941711,92.47863427764595,44.204287955377374,0.110931502144258,0.569329709657455,0.9464125961710502,0.40711949201462383,0.14735913276672363,0.11021661758422852
Normalizer,202,5,51.92136916597181,92.01809439827002,43.15844518040788,0.1035341187356182,0.5578065250996664,0.9445260837619398,0.39576678853184527,0.0421140193939209,0.10676717758178711
Normalizer,205,5,51.45464406103236,91.97402488967322,43.242112602405435,0.09998285028436868,0.5592224598640929,0.9430241051862673,0.3974600731191072,0.07479453086853027,0.1113290786743164
Normalizer,208,5,53.782757858878696,92.34827308591096,43.890535122886526,0.10557589088615657,0.5662543455412725,0.9446142780075526,0.40431017894939386,0.0555112361907959,0.10641217231750488
Normalizer,211,5,52.796406758885105,92.34254252173355,43.064319330660624,0.0990951277303378,0.5572063767487258,0.9428387925497752,0.3954589186068886,0.04546785354614258,0.11282491683959961
Normalizer,214,5,51.111210883771975,91.86487021789837,43.3815583057347,0.09779768644716053,0.5611370821736428,0.942025040827436,0.39957667885318454,0.048177480697631836,0.1112663745880127
Normalizer,217,5,52.56304135576792,92.17750387510557,43.12358375457556,0.10006818402651867,0.5577991597777476,0.9431714023831348,0.3959976909755628,0.038980960845947266,0.11542844772338867
Normalizer,220,5,53.516869418966785,92.32559360348303,44.643541920864564,0.10796250804723287,0.5748025170705583,0.944806338028169,0.4130459880700404,0.03893423080444336,0.11156511306762695
Normalizer,223,5,53.44678910197479,92.43839658296612,45.35471500784382,0.11874506441890739,0.5818327330932372,0.9482608695652174,0.4196651914566096,0.05923652648925781,0.11742448806762695
Normalizer,226,5,53.368984955708065,92.30210878539944,44.40299808262158,0.11052626886925776,0.5717048018047052,0.9460492400675495,0.40962093515489706,0.038988351821899414,0.11623072624206543
Normalizer,229,5,51.77327090415411,91.6090101937264,43.31183545407007,0.09453343322741359,0.5606916115088477,0.9407978241160472,0.399345776409467,0.03965878486633301,0.12269473075866699
Normalizer,232,5,53.08418389526721,92.02948820530953,42.76102492591947,0.09784386011158881,0.5537223777554293,0.9426244678882103,0.39199538195112565,0.03962397575378418,0.11258053779602051
Normalizer,235,5,53.55945524127168,92.37749927263228,43.94631340421824,0.1079410678585795,0.5666388162682263,0.9454937938478144,0.4045410813931114,0.11954998970031738,0.12179017066955566
Normalizer,238,5,53.55647346403551,92.4919955543813,45.09325431410144,0.11131799127879913,0.5796412939041315,0.9456587999651659,0.4178949393881085,0.03997039794921875,0.11871528625488281
Normalizer,241,5,53.50443204412802,92.56277554934059,45.19435244901516,0.11354415788381075,0.580560817480857,0.9464161447459986,0.4187030979411199,0.054882049560546875,0.12818050384521484
Normalizer,244,5,52.68250486391721,92.09157041882716,44.455290221370056,0.10519748006413253,0.5729219717479294,0.9439145027380321,0.4112757360015393,0.15877342224121094,0.11827659606933594
Normalizer,247,5,52.35577077943828,92.16373240721155,42.90395677183197,0.09628125332885362,0.5556218797482092,0.9418636739950327,0.3940350202039638,0.04114174842834473,0.12405037879943848
Normalizer,250,5,53.28614941668627,92.4942837301178,43.942827261635,0.1093375615100925,0.5664365832614323,0.9460506169503737,0.4042332114681547,0.04106259346008301,0.12313556671142578
Normalizer,253,5,52.03354071793556,91.9400019126613,43.636046714310616,0.09754182399801195,0.5641813574855787,0.9416899127148385,0.40273234558399074,0.10521507263183594,0.1255354881286621
Normalizer,256,5,52.244413087322464,92.11347208304483,41.52344430887223,0.09063914856450472,0.539580588493632,0.9408442615104815,0.37825668654993266,0.043241262435913086,0.17728948593139648
Normalizer,259,5,53.68454307684634,92.12219082110367,46.93742374063099,0.11205560841725136,0.6005301419835708,0.9441326951642185,0.4402924764287089,0.0417025089263916,0.1301281452178955
Normalizer,262,5,51.63066013868401,91.85818820518148,43.06083318807739,0.09156698869668792,0.5580539545958817,0.9398468829748451,0.39684433326919377,0.041611433029174805,0.12590956687927246
Normalizer,265,5,53.21375722460964,92.01917350993534,46.11469409098832,0.10857699824066443,0.5916356238936884,0.943620428113939,0.43090244371752934,0.042037248611450195,0.1280834674835205
Normalizer,268,5,53.92453338464499,92.67208456376909,44.15548195921213,0.11610350008779115,0.5681628251785955,0.9485148514851485,0.4055416586492207,0.051908254623413086,0.1239626407623291
Normalizer,271,5,51.501849357535335,91.82298082024653,43.172389750740805,0.10097684394886111,0.5582743950356339,0.9434878182817366,0.3964210121223783,0.05222654342651367,0.12961101531982422
Normalizer,274,5,50.97752264483071,91.55750358653395,42.57277322642496,0.08915903090586631,0.5524978946510554,0.939312765564382,0.39134115836059263,0.06528401374816895,0.13058137893676758
Normalizer,277,5,52.13513209187637,92.02801518656278,43.38504444831794,0.09377089732702004,0.5616497516735046,0.9404320708668534,0.4003848374061959,0.06217026710510254,0.13185834884643555
Normalizer,280,5,52.357659333376084,91.4203607122511,55.50287606763117,0.021288263889699302,0.6964854710610168,0.9113821644159562,0.5635943813738695,0.07091927528381348,0.13056230545043945
Normalizer,283,5,53.72618533484418,91.1650271006019,54.41868572424612,0.055560754891028186,0.6835443037974683,0.9210148708583356,0.5434289012892053,0.054791927337646484,0.1374967098236084
Normalizer,286,5,52.50123718099473,92.37249588395055,42.99111033641276,0.10658615411752519,0.5554437950251461,0.945925925925926,0.3931498941697133,0.16694045066833496,0.14484333992004395
Normalizer,289,5,52.9058317120276,92.39563876456751,43.71622799372494,0.1089700576508687,0.5638019074379272,0.9461371055495104,0.40153934962478355,0.06856226921081543,0.13602638244628906
Normalizer,292,5,52.95757381395249,91.94310688598944,46.365696356981005,0.10693635925716463,0.594651561059149,0.9427736006683375,0.43428901289205313,0.043166160583496094,0.13816404342651367
Normalizer,295,5,53.50985682623166,92.48700789661505,43.831270698971586,0.10946829030847582,0.5651047290002159,0.9462171201301636,0.40284779680584953,0.0440220832824707,0.1487269401550293
Normalizer,298,5,46.87368781134415,89.84538684001403,84.58776363953285,0.012931845037917849,0.915756778902037,0.9069600664301352,0.9247258033480854,0.044101715087890625,0.1418755054473877
Normalizer,301,5,54.25659675453788,92.57934341927498,44.01255011329964,0.10652438086777634,0.5675821217016693,0.9448677722994173,0.4056186261304599,0.04499340057373047,0.14945363998413086
Normalizer,304,5,52.67359801594937,92.30809436787591,43.90447969321945,0.10647078556726036,0.566315392286338,0.944954128440367,0.40431017894939386,0.04436469078063965,0.1391150951385498
Normalizer,307,5,53.23149537838782,92.5245982416614,44.050897681715185,0.10574789264270593,0.56812249401254,0.9445239799570508,0.40623436598037327,0.05894279479980469,0.14734601974487305
Normalizer,310,5,52.57084927914253,91.78791323691249,45.60223113125327,0.10562095630129495,0.5861227521086414,0.9429888196637365,0.4252068501058303,0.04492616653442383,0.14700913429260254
Normalizer,313,5,53.47076732302825,92.36020323018754,44.87711347394108,0.10838642444110254,0.5774677996900219,0.9447407536941506,0.41581681739465076,0.11324787139892578,0.14984774589538574
Normalizer,316,5,53.370497224182046,92.31887021849933,44.423914938120966,0.10057484730268058,0.5730812489957688,0.942150215725984,0.411776024629594,0.04900217056274414,0.14520931243896484
Normalizer,319,5,53.900751858265814,92.48416415860726,44.33327523095695,0.1032398201263586,0.5717197725565927,0.9432693158686609,0.4101597075235713,0.04508399963378906,0.15279746055603027
Normalizer,322,5,52.489222414640935,92.1131194367079,43.20376503398989,0.09447479688760235,0.5594137054464817,0.9408714636586919,0.398037329228401,0.055991411209106445,0.15313935279846191
Normalizer,325,5,52.84002166492064,91.914187621595,45.39306257625937,0.10193222512289628,0.5841342324642914,0.9417858060097595,0.42335963055609005,0.11002659797668457,0.1532135009765625
Normalizer,328,5,54.44172350145027,92.6823003513616,43.49660101098135,0.1090539607675061,0.5611869179120641,0.9463975892612547,0.3988454877814124,0.045902252197265625,0.1456897258758545
Normalizer,331,5,52.410098418603326,91.8924360243896,43.28046017082099,0.08847527721433973,0.5610295704726959,0.9384420976622438,0.40011545122185876,0.046830177307128906,0.15453672409057617
Normalizer,334,5,53.044418788617364,91.88787567507777,46.24019522398466,0.10556416655053932,0.5933816743572841,0.9423785594639866,0.4330190494516067,0.04617452621459961,0.1536235809326172
Normalizer,337,5,53.12368104105645,91.97165355128047,45.06187903085237,0.09968861076341569,0.5805764777899023,0.9412323092854677,0.4197421589378488,0.08150506019592285,0.15730023384094238
Normalizer,340,5,57.6897184272978,93.13685779238297,48.99076172215444,0.12770861610345288,0.6215405307537116,0.9477794430859036,0.46238214354435253,0.046007394790649414,0.1505875587463379
Normalizer,343,5,53.7713509930943,92.0447088974546,44.76207076869444,0.1026552234842634,0.5767782259141537,0.9426401257202724,0.4155089474696941,0.04670977592468262,0.1600513458251953
Normalizer,346,5,55.19961943856499,92.68844057226161,44.40997036778804,0.10794451846663596,0.5720802919708029,0.9450305878180689,0.4101981912641909,0.047391414642333984,0.16257476806640625
Normalizer,349,5,53.33288008038826,92.21700323856821,44.4378595084539,0.09844828966937764,0.5734853350460287,0.9413159975401915,0.41235328073888783,0.0702829360961914,0.16356992721557617
