scaler,nCluster,noise_percentage,AUCROC,AUCPR,Accuracy,MCC,F1 Score,Precision,Recall,Time Train,Time Test
StandardScaler,1,0,90.9804844103054,99.69993226811059,84.52520515826495,0.3686557894720699,0.9133143200240168,0.999835674965081,0.8405747047040133,0.8749232292175293,0.07679581642150879
StandardScaler,4,0,91.5083644867587,99.71640843227334,84.49840897672082,0.36832739576600776,0.9131511785017264,0.999835620941892,0.8402984043655454,0.9175641536712646,0.08240461349487305
StandardScaler,7,0,91.96604442102928,99.73184117802923,84.742924133311,0.3713487009298695,0.9146380315211484,0.9998361125906502,0.842819644954065,1.1286256313323975,0.08900570869445801
StandardScaler,10,0,91.90529131247797,99.73201509433257,84.48166136325574,0.3685446397985516,0.9130459263151968,0.9998766802318412,0.8400911791116944,1.032301664352417,0.08938431739807129
StandardScaler,13,0,92.0108933938383,99.73570700324544,84.5553508625021,0.3694485020564955,0.9134945500253269,0.9998767916546881,0.8408510050424812,0.9541094303131104,0.10151839256286621
StandardScaler,16,0,92.10239488148257,99.73622948375073,84.75967174677609,0.37113420764010074,0.9147429171038824,0.9997951994757106,0.843026870207916,0.8200423717498779,0.11843729019165039
StandardScaler,19,0,92.56753239494971,99.75404092588539,84.8065650644783,0.3721442884366493,0.9150243536905208,0.9998362400720544,0.8434758582579264,1.0697731971740723,0.09815526008605957
StandardScaler,22,0,91.82028142615441,99.73043462305212,84.63238988444147,0.3699759974443612,0.913966396639664,0.9998358907032083,0.8416799060578849,0.3636765480041504,0.0934152603149414
StandardScaler,25,0,91.13844095924057,99.7074870452597,84.61229274828337,0.36972764588362445,0.9138441918907768,0.9998358502954695,0.841472680804034,1.1912031173706055,0.1103515625
StandardScaler,28,0,91.9083809083826,99.73221060541228,84.74627365600402,0.3713904779407254,0.9146583711255201,0.9998361193051458,0.8428541824963736,0.963982105255127,0.10983014106750488
StandardScaler,31,0,90.92726554586145,99.70036519662666,84.52185563557192,0.3686147041637985,0.9132939300121963,0.9998356682141243,0.8405401671617048,0.7361574172973633,0.09909963607788086
StandardScaler,34,0,91.82655069923382,99.73099616426163,84.83336124602245,0.3724804294184343,0.915186933393272,0.9998362936891217,0.8437521585963943,0.5267543792724609,0.1942594051361084
StandardScaler,37,0,91.68671965183091,99.72419758057465,84.42806900016747,0.3678904098613478,0.9127194217591289,0.9998765990703796,0.8395385784347585,1.5047857761383057,0.1214292049407959
StandardScaler,40,0,91.62507531369172,99.72340904480149,84.83001172332942,0.37243837415887043,0.91516661359507,0.9998362869889085,0.8437176210540858,0.9694352149963379,0.149794340133667
StandardScaler,43,0,91.15744619062409,99.70761596342659,84.73957461061798,0.3708835390501617,0.9146208912709418,0.9997951491314323,0.842819644954065,0.5180866718292236,0.10766339302062988
StandardScaler,46,0,92.47917033540209,99.75110498724123,84.8668564729526,0.373325434232377,0.915386920368567,0.999877260453318,0.8440629964771706,1.1026670932769775,0.13783621788024902
StandardScaler,49,0,93.451860224228,99.77859239613267,84.60224418020432,0.36918082413242914,0.9137863130849009,0.9997948044486396,0.841403605719417,1.0057525634765625,0.15212368965148926
StandardScaler,52,0,91.8618012252126,99.73008227609954,84.54865181711607,0.3685211255227283,0.9134602757715036,0.9997946696234241,0.8408510050424812,0.46607351303100586,0.10613250732421875
StandardScaler,55,0,93.16859104536975,99.77261243506874,84.97739072182215,0.3738746018069061,0.9160631070686654,0.9997957432901671,0.8452718104579678,0.8229308128356934,0.11923599243164062
StandardScaler,58,0,94.52899455426139,99.81687283482123,84.80991458717133,0.3717625601284293,0.9150478616788116,0.9997953252282124,0.8435449333425433,0.5111203193664551,0.13292527198791504
StandardScaler,61,0,92.50948939099464,99.74938274069305,84.6591860659856,0.369461540365191,0.9141357330333708,0.9997539571885508,0.8420252814809698,1.413623571395874,0.12214922904968262
StandardScaler,64,0,91.92156918966032,99.73359967012341,84.32758331937698,0.3662492675216395,0.912109998685125,0.9998352757072849,0.8385369897078124,0.9964430332183838,0.1329660415649414
StandardScaler,67,0,92.50952580682727,99.75249403381,84.73287556523196,0.3708000679394887,0.9145802098950525,0.9997951323445055,0.8427505698694481,1.0857226848602295,0.11066937446594238
StandardScaler,70,0,90.72843893298696,99.69265573024828,84.21369954781443,0.3652994036322754,0.9114114396345934,0.9998762733534046,0.8373281757270152,0.33148837089538574,0.13835406303405762
StandardScaler,73,0,92.89916179953092,99.7629791542732,84.47831184056272,0.36765929203382797,0.9130320546505517,0.9997944923962186,0.8401257166540029,1.3124489784240723,0.12253785133361816
StandardScaler,76,0,91.64694397949307,99.72201549571975,84.10651482163792,0.3640191921769349,0.9107562677500047,0.999876109849267,0.8362229743731436,1.147019863128662,0.12894272804260254
StandardScaler,79,0,93.94403361848336,99.79893834499349,84.10986434433093,0.3640590466320171,0.9107767538085386,0.9998761149653121,0.8362575119154521,0.9872128963470459,0.15842986106872559
StandardScaler,82,0,92.80831196362831,99.7603806532534,84.30413666052587,0.36638746803976435,0.9119636281656271,0.9998764109747055,0.8382606893693445,1.486769199371338,0.1428995132446289
StandardScaler,85,0,94.14475385465421,99.79460051406238,86.00569418857813,0.38532207644273614,0.9222697674418605,0.9995967091466366,0.8560475236582165,0.48169517517089844,0.12414240837097168
StandardScaler,88,0,92.46709752857628,99.74818610740861,84.88360408641769,0.3718401327294714,0.9155011327678856,0.9997137599672868,0.8443738343579471,0.5378000736236572,0.14227938652038574
StandardScaler,91,0,93.52132246664443,99.78316959161563,84.98074024451515,0.3743415919335297,0.9160802515346609,0.9998365879565324,0.8452718104579678,1.2482578754425049,0.14342927932739258
StandardScaler,94,0,92.42470374953513,99.75109269856989,84.58214704404622,0.3689331252047379,0.9136640720247585,0.999794753909938,0.8411963804655661,0.7389442920684814,0.15169882774353027
StandardScaler,97,0,93.56675984264373,99.78059041014771,85.1147211522358,0.37477647364736494,0.916900407644265,0.9997145653237645,0.8467569247772329,0.8948583602905273,0.1328268051147461
StandardScaler,100,0,93.17612912272266,99.77130885226582,86.26360743594039,0.3893379933966051,0.9238086391082211,0.9996381327650677,0.8586723768736617,1.2387101650238037,0.1352541446685791
StandardScaler,103,0,92.57148063785513,99.75445965062906,84.45821470440463,0.3682580918588143,0.9129031047039832,0.9998766447368421,0.839849416315535,0.5035769939422607,0.13259553909301758
StandardScaler,106,0,93.90775386607729,99.78662387154745,85.49991626193267,0.3789352412232338,0.9192305539489151,0.9996347847258856,0.8507978172273261,1.051924228668213,0.14304828643798828
StandardScaler,109,0,93.73459274871074,99.78841053361047,84.10651482163792,0.3631780541459544,0.9107629812122694,0.9997935505181882,0.8362920494577606,0.8940510749816895,0.12280607223510742
StandardScaler,112,0,92.580433182812,99.7494015431428,85.43962485345838,0.37942162765224713,0.9188583801541822,0.9997562857955238,0.8500725288388479,0.6465446949005127,0.12726283073425293
StandardScaler,115,0,93.35818911960853,99.78064035610691,85.51666387539775,0.38129209116330226,0.91931631586804,0.9998376491598344,0.8507978172273261,1.233485460281372,0.15291404724121094
StandardScaler,118,0,92.94383827629066,99.76586871957056,84.73287556523196,0.37164669752165985,0.9145738061323937,0.9998770592574379,0.8426814947848311,1.5465986728668213,0.14830446243286133
StandardScaler,121,0,93.12736257297254,99.76951082570665,84.60894322559035,0.36841753722851495,0.9138335177302305,0.9997127969474419,0.841541755888651,0.6732661724090576,0.16675901412963867
StandardScaler,124,0,92.83776470572901,99.7578326000823,84.8668564729526,0.3720535476707442,0.9153964271001086,0.9997545811518325,0.8441666091040961,0.9598143100738525,0.1453418731689453
StandardScaler,127,0,93.94187933449032,99.79583247582285,85.21185731033327,0.3764521135687282,0.9174843472572657,0.9997556107694188,0.8477239759618705,1.1791083812713623,0.16664862632751465
StandardScaler,130,0,92.59013321064904,99.75419710799144,84.19695193434936,0.36509870544717443,0.9113091209865404,0.9998762478343372,0.8371554880154728,1.0424065589904785,0.15770840644836426
StandardScaler,133,0,93.21963837621573,99.77250031490352,85.40947914922124,0.3781721803218572,0.9186827956989247,0.9996749817177216,0.8498307660426884,0.5282762050628662,0.17146015167236328
StandardScaler,136,0,92.7709953183039,99.76062006994165,85.07117735722659,0.3746443152054324,0.9166339337485738,0.9997551919702966,0.846273399184914,0.8830318450927734,0.1558241844177246
StandardScaler,139,0,93.48219269617995,99.76946574943906,86.27700552671244,0.38650713564046585,0.9239084003491633,0.999357145727028,0.859052289839055,1.4217464923858643,0.1817796230316162
StandardScaler,142,0,93.32018632333259,99.77281234059426,85.39943058114218,0.37804045006575415,0.9186222346681602,0.9996749420990614,0.8497271534157629,1.6187903881072998,0.15610861778259277
StandardScaler,145,0,92.93359009434154,99.76637811152752,84.8869536091107,0.3731547814120089,0.9155119466706614,0.999836400817996,0.8443047592733302,0.855172872543335,0.17554020881652832
StandardScaler,148,0,93.07199517440385,99.76397285438212,86.14302461899179,0.3880819948029429,0.9230855039321769,0.9996778480248057,0.8573944878082476,0.3242208957672119,0.1504676342010498
StandardScaler,151,0,93.27304315306831,99.76215318389292,85.35588678613297,0.3753367905887299,0.918374967327583,0.9994717165149545,0.8494508530772951,1.4172837734222412,0.1512916088104248
StandardScaler,154,0,94.3451444317087,99.80925920330512,85.90855803048065,0.3852789812338706,0.9216792329889231,0.9997172973627882,0.8549423223043449,0.8569731712341309,0.1631908416748047
StandardScaler,157,0,93.38975972986965,99.76670946395403,86.74593870373471,0.3927882378446536,0.9267018616282301,0.9993208421557269,0.863922083304552,1.0509657859802246,0.16111278533935547
StandardScaler,160,0,93.69994404228161,99.79130386921415,85.82816948584828,0.38289841880427644,0.9212060264074343,0.9995958452895769,0.8542170339158666,0.8300032615661621,0.15912103652954102
StandardScaler,163,0,93.66967673550384,99.78287881851531,86.36409311673087,0.3885981461686852,0.9244221665274297,0.9994379992774276,0.8598811908544588,1.0668253898620605,0.18581342697143555
StandardScaler,166,0,92.70984546883928,99.74375562184198,85.19845921956122,0.37372352035031275,0.9174219348569507,0.9995113807565454,0.8477930510464875,1.0173571109771729,0.194488525390625
StandardScaler,169,0,92.69366917266372,99.74631192900056,85.06782783453359,0.37332598298070646,0.9166230268571856,0.9996328628538794,0.846342474269531,1.2901637554168701,0.1801609992980957
StandardScaler,172,0,94.00808140157562,99.79625711514457,85.89515993970859,0.3855249585109988,0.92159600811782,0.9997576247222784,0.8547696345928024,1.1645362377166748,0.17821669578552246
StandardScaler,175,0,93.62057477676903,99.77964246813747,86.15307318707085,0.3873612415577578,0.9231512808119865,0.999597423510467,0.85756717551979,1.3568456172943115,0.19139742851257324
StandardScaler,178,0,94.42742313058558,99.80670225909203,86.43778261597723,0.3896441048276158,0.9248612837975764,0.9994384951670476,0.8606410167852455,1.1774544715881348,0.15615439414978027
StandardScaler,181,0,93.23626699536491,99.76863984926597,85.77792664545302,0.38093222659870174,0.9209134257189688,0.9994744076979057,0.8538025834081647,1.1403450965881348,0.18745088577270508
StandardScaler,184,0,93.92276485560892,99.79131329786921,87.25171663038017,0.4016501668332258,0.929687788656937,0.9994439148395297,0.8690336395662085,1.067652702331543,0.17746973037719727
StandardScaler,187,0,92.95646307047414,99.76335524414795,85.99899514319209,0.3865186569854044,0.9222209817275129,0.9997176052928837,0.855874835946674,0.9130618572235107,0.18808245658874512
StandardScaler,190,0,92.99381038176288,99.75901053784258,85.73438285044381,0.3824888669793898,0.9206372868722631,0.9996762575371292,0.8531809076466119,1.1808078289031982,0.1869645118713379
StandardScaler,193,0,93.42311279930652,99.77683856210288,85.44632389884441,0.37950977779446754,0.9188987400839944,0.9997563055927866,0.8501416039234648,1.107396125793457,0.18572092056274414
StandardScaler,196,0,92.80592576828016,99.74203307800647,86.6789482498744,0.39137884887841595,0.9263068171289862,0.9992803742054132,0.8632658700006908,0.620025634765625,0.18306994438171387
StandardScaler,199,0,93.0592687992136,99.75988759091317,86.58851113716295,0.3922369802938437,0.9257556091229372,0.9994795003203075,0.8621606686468191,1.0079677104949951,0.19202136993408203
StandardScaler,202,0,92.92236635140267,99.75855348923895,86.29375314017751,0.3884687009615338,0.923997028231798,0.9995178011733504,0.8590868273813635,0.9703664779663086,0.18307232856750488
StandardScaler,205,0,93.1778924156707,99.76681651477412,86.1028303466756,0.38580261441968267,0.9228566647453657,0.9995166941882476,0.8571181874697796,0.7009265422821045,0.18284916877746582
StandardScaler,208,0,93.58110959731985,99.76884418878542,86.0626360743594,0.3843859666950329,0.9226220362622036,0.9994359614842271,0.8567728120466948,0.4549753665924072,0.20086169242858887
StandardScaler,211,0,93.06652513301937,99.75947095933803,86.0425389382013,0.38625941801376407,0.9224873974590301,0.9996371699254183,0.8563928990813013,1.020303726196289,0.20071125030517578
StandardScaler,214,0,93.84025424537693,99.78328495970517,86.32054932172166,0.38884630688470534,0.9241568860496212,0.9995179561340082,0.8593631277198315,0.8144168853759766,0.18603777885437012
StandardScaler,217,0,93.74814327169192,99.77820141682069,86.1631217551499,0.3870706286421597,0.9232141861372888,0.9995572549808814,0.857705325689024,1.3916969299316406,0.20990204811096191
StandardScaler,220,0,94.04148046995897,99.79729598186762,86.186568414001,0.3861048178009847,0.9233628187021482,0.9994368010298496,0.8580507011121089,0.8784449100494385,0.22736549377441406
StandardScaler,223,0,93.1982680323345,99.75660849072476,86.6186568414001,0.38963849659572425,0.9259540711359887,0.9991999679987199,0.8627132693237549,1.5242502689361572,0.19531774520874023
StandardScaler,226,0,94.1281137357684,99.78833232027105,86.70239490872551,0.39215348477231965,0.9264433409916253,0.9993204892477416,0.8634730952545416,1.395829677581787,0.19342541694641113
StandardScaler,229,0,93.741969829751,99.7825929602905,84.88025456372466,0.3713736284805756,0.9154839917618424,0.9996728819103696,0.8443738343579471,1.2156453132629395,0.19983839988708496
StandardScaler,232,0,93.40239027392143,99.76050677208116,85.73773237313684,0.3799622054725768,0.9206751369276054,0.9994337485843715,0.8534226704427713,0.5233259201049805,0.19838786125183105
StandardScaler,235,0,93.30655146894952,99.76758496348101,86.85982247529726,0.3957631228767787,0.9273693370114602,0.9994413184883675,0.8649927471161152,1.039287805557251,0.21599936485290527
StandardScaler,238,0,93.49772692372768,99.77914518423424,86.32724836710769,0.3889408413109844,0.9241968430826369,0.9995179948586118,0.8594322028044484,0.9819211959838867,0.2067735195159912
StandardScaler,241,0,93.45303128074023,99.76817317298655,85.9186065985597,0.38284013735857875,0.9217569328122092,0.9994752986761382,0.8552531601851212,0.5325360298156738,0.21176910400390625
StandardScaler,244,0,94.20127314350744,99.79467494797531,85.1951096968682,0.3745326331776785,0.9173955296404276,0.9995927343813635,0.847689438419562,1.2856614589691162,0.24780964851379395
StandardScaler,247,0,94.29923364988531,99.79958125120764,85.58365432925808,0.3800446728134986,0.9197344373578009,0.9996351548564942,0.8516612557850384,0.7462489604949951,0.22051000595092773
StandardScaler,250,0,94.22957782856913,99.79008922451243,86.14302461899179,0.3850679577541214,0.9231055184847865,0.9993963053889806,0.857636250604407,1.0767838954925537,0.22957658767700195
StandardScaler,253,0,93.8599379612209,99.7855515089914,86.54831686484677,0.389926454881766,0.9255275748247599,0.9993192375460516,0.8618843683083511,1.27156400680542,0.20331859588623047
StandardScaler,256,0,93.87030305715899,99.79020998180455,86.48802545637247,0.3907934535628728,0.9251576994434138,0.9994788743686362,0.8611245423775644,1.1245777606964111,0.28020572662353516
StandardScaler,259,0,93.84297968295532,99.78502777281747,86.186568414001,0.38825872507554565,0.9233485744024386,0.999637797810689,0.8578780134005665,1.6032676696777344,0.23478317260742188
StandardScaler,262,0,93.68626702219764,99.7800520784687,85.00753642605929,0.37255825732349723,0.9162581852198316,0.9996325930764206,0.8457207985079782,0.9735012054443359,0.23402094841003418
StandardScaler,265,0,93.72006474811705,99.78891052825063,86.17651984592194,0.38897912503083637,0.9232828329770425,0.9997182078016182,0.857705325689024,1.339404821395874,0.20197796821594238
StandardScaler,268,0,94.1538060639951,99.80114078116884,86.17651984592194,0.38940928479000375,0.9232799806666295,0.9997584443818189,0.8576707881467155,1.1807634830474854,0.23973345756530762
StandardScaler,271,0,93.87054263500518,99.78554617047125,86.39423882096801,0.38988912508628043,0.9245962502320401,0.9995183817627228,0.8601229536506182,1.1547527313232422,0.21255016326904297
StandardScaler,274,0,93.4505799202179,99.76543542624292,86.31719979902864,0.3870723045083682,0.9241481756568564,0.9993574555238746,0.859466740346757,0.9650638103485107,0.22898173332214355
StandardScaler,277,0,93.51920459848402,99.76776989654061,85.18506112878916,0.3735510400495434,0.9173410080547197,0.9995113011606598,0.8476549008772536,1.200371503829956,0.2231612205505371
StandardScaler,280,0,93.72687259219472,99.76941003354611,86.86317199799028,0.39450915287121496,0.9273972602739726,0.9993217904731508,0.8651308972853492,1.3018836975097656,0.22982311248779297
StandardScaler,283,0,94.22671056090579,99.7940165139043,86.13297605091275,0.38665129113275437,0.9230340211935304,0.9995570945401836,0.8573944878082476,0.601459264755249,0.2314457893371582
StandardScaler,286,0,93.44002891187115,99.75520290238138,86.72919109026964,0.39167554701218166,0.9266078838174274,0.9992409109069117,0.8638184706776266,0.8420522212982178,0.23897099494934082
StandardScaler,289,0,93.46806143649957,99.76529741971888,86.25355886786133,0.38660989479011093,0.9237656499609912,0.9993971061093248,0.8587759895005871,1.4655544757843018,0.23794770240783691
StandardScaler,292,0,93.3678738144634,99.76122644598897,86.01239323396416,0.3836941474423315,0.9223214285714286,0.9994356204144159,0.8562547489120674,0.40726304054260254,0.22134637832641602
StandardScaler,295,0,94.58967099790192,99.81330870913231,86.03249037012226,0.3865505352324113,0.9224243777207277,0.9996774193548387,0.8562547489120674,0.45847344398498535,0.22775506973266602
StandardScaler,298,0,93.65789717196176,99.77546217114013,86.48132641098644,0.3915621222043231,0.925112257394144,0.9995589414595029,0.8609863922083305,1.2336664199829102,0.2330164909362793
StandardScaler,301,0,93.83919243636257,99.77567306699673,86.75933679450678,0.3934181275224295,0.9267786689388186,0.999360843686334,0.8640256959314775,0.2843599319458008,0.24613642692565918
StandardScaler,304,0,93.8482043966253,99.78323893817178,85.79802378161112,0.382490332898653,0.9210251825361347,0.9995956982291583,0.8539061960350901,1.1221356391906738,0.2069535255432129
StandardScaler,307,0,94.18926933510133,99.79275571006553,87.02729860994808,0.39694824279867813,0.9283693058869222,0.9993231136770854,0.8668232368584652,1.1594178676605225,0.27254343032836914
StandardScaler,310,0,93.49182372559727,99.76012426361622,86.1229274828337,0.3843581867494457,0.9229882707214156,0.9993559553999114,0.8574635628928645,1.0147809982299805,0.23432564735412598
StandardScaler,313,0,93.89242280054313,99.77933818488223,86.77608440797187,0.3940973245065364,0.9268753472865345,0.999400862757629,0.8641638461007115,1.4809541702270508,0.2847709655761719
StandardScaler,316,0,94.11477020804632,99.7974021309695,86.45118070674928,0.39113142670427614,0.9249327271040179,0.9995587822389795,0.860675554327554,1.3008522987365723,0.2557036876678467
StandardScaler,319,0,94.10771895287692,99.78435028904617,86.50142354714453,0.38968733830733787,0.9252457800037099,0.9993588716140407,0.8613663051737238,1.475426197052002,0.2465202808380127
StandardScaler,322,0,93.79277566612801,99.77401972128288,86.13632557360576,0.3854058527250254,0.9230626243099057,0.9994364609749226,0.8575326379774815,1.0634050369262695,0.2749001979827881
StandardScaler,325,0,93.89607396691925,99.78440132933575,85.771227600067,0.3821284281052636,0.9208643815201192,0.9995955674189113,0.8536298956966222,0.6204273700714111,0.2688002586364746
StandardScaler,328,0,94.16510263859922,99.79709534076702,85.47646960308157,0.3790530712023146,0.9190863626184966,0.9996752455955183,0.8505215168888582,0.6763677597045898,0.24029183387756348
StandardScaler,331,0,94.53742961107048,99.8065813183864,86.63205493217217,0.3932993783226999,0.926011753582618,0.9995197502701405,0.862575119154521,0.38367462158203125,0.2627682685852051
StandardScaler,334,0,93.80579720122478,99.77748393034508,86.56171495561883,0.3901189433334528,0.9256072686816244,0.9993193465727098,0.8620225184775852,0.6929371356964111,0.2785685062408447
StandardScaler,337,0,93.878830111861,99.77397723123632,85.24870205995646,0.3730920237499735,0.9177345238539993,0.9993897477624084,0.8484147268080403,1.1852343082427979,0.2667551040649414
StandardScaler,340,0,93.8110487476135,99.77659722027381,86.42103500251214,0.388541214432807,0.9247671009167502,0.9993582544521097,0.8605374041583201,0.6690490245819092,0.24126529693603516
StandardScaler,343,0,94.11230734778738,99.79232221653399,86.30380170825657,0.3894727551480543,0.9240513382492246,0.9995981514968857,0.8591213649236721,0.7081527709960938,0.2763504981994629
StandardScaler,346,0,93.91857511823453,99.78779237160218,86.72919109026964,0.3942789110640345,0.9265915659971837,0.999480374130626,0.8636112454237757,1.1717336177825928,0.27010059356689453
StandardScaler,349,0,94.07065530175807,99.78923995653734,86.74928822642774,0.3945726415425066,0.9267108822112713,0.9994804987212276,0.8638184706776266,0.9118330478668213,0.2790086269378662
StandardScaler,1,1,88.01264196712347,99.5908204349638,79.05878412326244,0.3058310885775088,0.879066888467639,0.999076679563841,0.784796573875803,1.0701024532318115,0.08318567276000977
StandardScaler,4,1,91.83377061720697,99.71916027396581,80.93116730865852,0.3276497483924594,0.8910076005590336,0.9996133854547017,0.8036886095185467,0.8381047248840332,0.08503079414367676
StandardScaler,7,1,92.38060417622901,99.73605981526472,79.91291240998157,0.3197933675519818,0.8844976021263072,0.9997822963382245,0.793051046487532,0.6008880138397217,0.11079978942871094
StandardScaler,10,1,91.26080199009841,99.68366411057332,79.57796014067995,0.3159887772237475,0.8823540762180415,0.9996939355515718,0.7896663673413,0.5413939952850342,0.10434579849243164
StandardScaler,13,1,91.55686079269832,99.69589410739658,80.71344833361246,0.32312951216018987,0.8896512073591414,0.9993541720485662,0.8016508945223458,1.0657315254211426,0.08141016960144043
StandardScaler,16,1,90.80163283993585,99.67088366080674,79.03533746441133,0.30964969604937004,0.8788682239554102,0.9995157811330722,0.7842094356565587,1.0901730060577393,0.12092041969299316
StandardScaler,19,1,90.83244063433466,99.67334473761099,79.4004354379501,0.31200766860530393,0.881237447860343,0.9994305738063951,0.788043102852801,1.254791498184204,0.11494851112365723
StandardScaler,22,1,89.594921394317,99.63281922780529,80.96801205828169,0.3247347242835787,0.8912743972445465,0.9992705741010899,0.8043448228224079,0.9054558277130127,0.10444331169128418
StandardScaler,25,1,89.96447884688614,99.64381132286294,78.16781108692011,0.300390082204017,0.8732449146279803,0.9992878760904398,0.7754368999102024,0.5953176021575928,0.1025702953338623
StandardScaler,28,1,82.76359293784309,99.3694244284051,73.95411153910568,0.2261374149243244,0.8456714166633589,0.9940742814483016,0.7358223388823651,0.8592050075531006,0.09021353721618652
StandardScaler,31,1,86.49461923490412,99.52514885166666,77.82950929492547,0.294069391527678,0.8710726737957498,0.9988831807013625,0.7722594460178214,1.0680367946624756,0.09749913215637207
StandardScaler,34,1,90.42891104317408,99.65478172703108,74.5369284876905,0.26476588756457375,0.8491127783732285,0.9982266193765167,0.7387580299785867,0.9564151763916016,0.11707663536071777
StandardScaler,37,1,88.51991451555786,99.59750054324725,79.92966002344666,0.31225148356173305,0.8846894003540913,0.9989569752281616,0.7938799475029357,1.007685899734497,0.1055145263671875
StandardScaler,40,1,90.7659204078696,99.66151021759579,76.53994305811422,0.2809459675980893,0.8625858348047871,0.9985010901162791,0.7592387925675209,0.8403913974761963,0.10938096046447754
StandardScaler,43,1,89.49186458799471,99.6287029421406,80.59621503935689,0.31835689234047826,0.8889442708433181,0.9989659183937266,0.8007529184223251,1.2246005535125732,0.12483525276184082
StandardScaler,46,1,91.99091835133338,99.70262752860187,82.12024786467929,0.30073466770830076,0.8988517072801,0.9957178841309824,0.8191614284727499,1.129087209701538,0.10246610641479492
StandardScaler,49,1,90.45925118161709,99.65944394303715,80.24116563389717,0.3158879751962738,0.8866731984707894,0.9990475778172215,0.7970228638530082,0.9527921676635742,0.1036226749420166
StandardScaler,52,1,87.66418844787057,99.56472420257758,79.04538603249037,0.30007807561575073,0.8790456672209118,0.9984627547434997,0.7851419492988879,0.7990434169769287,0.1251673698425293
StandardScaler,55,1,85.92077854443541,99.49923718831641,78.51281192430079,0.28394969019278476,0.8757288700335135,0.997176512110116,0.7806520687987842,0.9813706874847412,0.138472318649292
StandardScaler,58,1,86.032343239232,99.47975094604605,75.82984424719477,0.2361746163465361,0.8583931865457828,0.9939556444282858,0.75537058782897,0.8453326225280762,0.1077427864074707
StandardScaler,61,1,89.7013648730732,99.62826295068014,70.04521855635572,0.24355813820679886,0.8175158650804987,0.9989527751458634,0.6918560475236583,0.8744196891784668,0.12929844856262207
StandardScaler,64,1,88.22566883809803,99.56962156482814,76.9485848266622,0.25133149982129,0.8657327922584673,0.9948435117926643,0.7662844511984527,1.175999641418457,0.12030291557312012
StandardScaler,67,1,88.76285795134339,99.58223415798344,63.21889130798861,0.21436897278512027,0.7660680428623166,0.9996108300439206,0.6209850107066381,0.6587769985198975,0.10756063461303711
StandardScaler,70,1,86.72834371516778,99.5355486919347,76.91843912242506,0.28854367331089675,0.8650384848900292,0.9990499886903416,0.7627270843406783,0.7341213226318359,0.11042594909667969
StandardScaler,73,1,87.97777093245308,99.54963757673748,64.2471947747446,0.21538240547122844,0.7741812642802742,0.9990717483892104,0.6319334116184292,1.4090538024902344,0.13596320152282715
StandardScaler,76,1,87.29435116837708,99.50716856993034,89.05041031652989,0.2906882061230145,0.9408507789458447,0.9880667350739178,0.8979415624784141,1.3328897953033447,0.11133670806884766
StandardScaler,79,1,87.21791816894753,99.53572878759122,82.04320884273992,0.2890056330576269,0.8984716777455827,0.9946328986540316,0.8192650410996754,0.5706610679626465,0.1306912899017334
StandardScaler,82,1,84.96093002816592,99.46620782174789,75.6891642940881,0.27434216002145856,0.8568949879727119,0.9984377871714758,0.7505007943634731,1.3244495391845703,0.1277153491973877
StandardScaler,85,1,76.9308786097769,99.01587369020504,78.53960810584492,0.15172801407420328,0.8774178736104999,0.983571397932484,0.7919458451336603,0.9463090896606445,0.16885781288146973
StandardScaler,88,1,82.43352749744189,99.32954319944407,65.94540278010383,0.17783719848537421,0.7882713092734126,0.9927091528979806,0.653657525730469,1.102646827697754,0.11146974563598633
StandardScaler,91,1,91.18243895153988,99.67054578292533,76.1446993803383,0.2736927828898797,0.8600070763061681,0.997992700729927,0.7555432755405125,0.48806071281433105,0.13945627212524414
StandardScaler,94,1,86.08335990411366,99.44400546139973,72.40998157762519,0.22207346896419183,0.8349199350662364,0.9946044024256315,0.7194170062858327,0.6202366352081299,0.11650824546813965
StandardScaler,97,1,85.44178193172115,99.4794657111867,73.15692513816782,0.2634265876827468,0.8394952934107751,0.9991418764302059,0.7238378117013193,0.8940801620483398,0.11824941635131836
StandardScaler,100,1,82.05940848268105,99.35652114868614,64.11321386702394,0.21513102116645663,0.7731334434421717,0.999124343257443,0.6305173723837811,0.7466816902160645,0.1412522792816162
StandardScaler,103,1,80.01408832733034,99.2710298903116,62.53223915592028,0.20575438568870266,0.7608091348415515,0.9987648776105996,0.6144228776680252,0.8864281177520752,0.15888381004333496
StandardScaler,106,1,84.75429126088247,99.44250517154154,67.00720147378999,0.22055729983775701,0.7953714475652318,0.9979668439161714,0.6611521724114112,0.7146575450897217,0.13953828811645508
StandardScaler,109,1,82.95765290988952,99.38376967693621,63.791659688494384,0.2099424688733441,0.7707317073170732,0.998571114530666,0.6275471437452511,1.3138666152954102,0.13698816299438477
StandardScaler,112,1,87.99080588390925,99.53425371542843,85.71428571428571,0.27828048400173677,0.9212067468454987,0.9903475670307845,0.8610900048352559,0.8788683414459229,0.1319570541381836
StandardScaler,115,1,84.5883251453931,99.33534066864092,91.41182381510635,0.3077625451684424,0.9542747084210151,0.9865412979351033,0.9240519444636319,1.3083064556121826,0.1337122917175293
StandardScaler,118,1,80.60533003592441,99.27927785995047,73.60241165633897,0.21568760018145058,0.8433916896846373,0.9930740792737143,0.7329211853284521,1.1451802253723145,0.14022612571716309
StandardScaler,121,1,79.09317025275732,99.09896588511822,88.13599062133646,0.2181010034358131,0.9358658651408706,0.9835959503691862,0.8925537058782897,0.8136694431304932,0.15032196044921875
StandardScaler,124,1,87.51075129542618,99.48198531767352,82.8069000167476,0.26568451438808804,0.9034696755994358,0.9917427026134347,0.8296263037922221,1.5292894840240479,0.18284034729003906
StandardScaler,127,1,92.35237423945534,99.7005592693013,83.61413498576454,0.3215035828757124,0.908038198360779,0.9962874350301131,0.8341507218346342,1.3757660388946533,0.17139005661010742
StandardScaler,130,1,83.67418999880172,99.32833689768015,85.32909060458884,0.22844455556447044,0.9192030990592142,0.9864982578397212,0.8605028666160116,0.9533467292785645,0.12570881843566895
StandardScaler,133,1,89.73188134081103,99.6091368314108,91.0735220231117,0.3501049067857591,0.9522255884409229,0.9899362629989936,0.9172825861711681,0.9100658893585205,0.1493828296661377
StandardScaler,136,1,85.8110116417967,99.47595187864655,68.08574778094122,0.22007826577661777,0.8035058775005156,0.9971846846846847,0.6728258617116806,0.8125054836273193,0.15288710594177246
StandardScaler,139,1,89.80135316634133,99.61618150448115,74.88862837045721,0.2628645956177377,0.8515710071472411,0.9977267455346788,0.7427643848863715,0.903937816619873,0.16916751861572266
StandardScaler,142,1,87.7606194892783,99.54019707625474,73.28420700050243,0.23091424747850417,0.8409254088552054,0.9950910978948362,0.728120466947572,1.0603280067443848,0.18949246406555176
StandardScaler,145,1,77.77745472036204,99.142393048312,48.558030480656505,0.15685663167621533,0.6392634001973035,0.9991189427312775,0.4699868757339228,1.4850199222564697,0.1502997875213623
StandardScaler,148,1,85.9755575398138,99.36616029888674,68.52453525372636,0.2076363156340314,0.8070391589149675,0.9952393010888833,0.6786972439041238,1.1062688827514648,0.15659689903259277
StandardScaler,151,1,90.63436533758589,99.65821655633815,78.87790989783956,0.30107591865437844,0.8779326364692218,0.9987228045450541,0.7832078469296125,1.0864360332489014,0.17794561386108398
StandardScaler,154,1,80.55352947232998,99.17378063864012,91.78362083403115,0.26640715612226484,0.956478540886752,0.9834360976321647,0.9309594529253299,1.2243638038635254,0.17600131034851074
StandardScaler,157,1,87.99633917384513,99.53969440980099,73.71964495059454,0.21051717433474346,0.844288322616496,0.9923952598675002,0.7346480624438765,0.8272299766540527,0.16771483421325684
StandardScaler,160,1,86.73063024613194,99.5118322672783,76.99212862167141,0.23958333396519577,0.8661770149428198,0.9935195530726257,0.7677695655177178,1.2704229354858398,0.16492199897766113
StandardScaler,163,1,77.96491959345825,99.17573987037,59.373639256405966,0.1908958755966233,0.7353537998298095,0.9984594418439297,0.5819921254403536,1.3962681293487549,0.1874842643737793
StandardScaler,166,1,73.46569555735275,98.91381064889319,62.39490872550662,0.1350335397978262,0.7616500010615035,0.9883740150972505,0.6195344339296815,0.8602855205535889,0.16040945053100586
StandardScaler,169,1,88.08956370535927,99.57357432382521,77.2768380505778,0.2893209646721003,0.867437861497577,0.998829988299883,0.7665952890792291,1.079577922821045,0.1936638355255127
StandardScaler,172,1,87.9294490391855,99.54067466630332,70.92279350192598,0.22109523675573045,0.8243174873009127,0.9954543232807077,0.7033915866546937,1.0799493789672852,0.18488693237304688
StandardScaler,175,1,83.38384081543254,99.35124124889496,74.53022944230447,0.21403448336679365,0.849836091472807,0.992298468917174,0.7431442978517648,1.4188122749328613,0.16553282737731934
StandardScaler,178,1,87.2069071711361,99.46482283192613,80.46558365432925,0.2555447033121908,0.8887489985120751,0.9926282597579683,0.8045520480762589,0.42174196243286133,0.18269729614257812
StandardScaler,181,1,86.22701461394196,99.43585038880767,91.26444481661363,0.3084059249995709,0.953441873750357,0.986771118173084,0.922290529805899,0.7697951793670654,0.173417329788208
StandardScaler,184,1,72.87356453579359,98.67411757403293,91.79701892480323,0.26268017910809977,0.956563381280928,0.9831917453604113,0.9313393658907232,0.6800098419189453,0.18813848495483398
StandardScaler,187,1,92.16158402585386,99.71484319445997,84.49840897672082,0.32947312360368974,0.913446792593978,0.9961249796051558,0.8434413207156178,0.811913251876831,0.21015286445617676
StandardScaler,190,1,82.55682192358856,99.30187234320158,70.50410316529894,0.18877484702021902,0.8218995226923388,0.9916544655929722,0.7017683221661947,0.49415159225463867,0.16193747520446777
StandardScaler,193,1,67.60087396464995,98.58924297052445,48.30346675598727,0.1026492645745621,0.6392745290515589,0.9887218045112782,0.47233542861090005,1.2100028991699219,0.15656328201293945
StandardScaler,196,1,90.37694948326701,99.64713563038717,82.82029810751968,0.29509440423585276,0.9033048658635446,0.9945203204782266,0.8274159010844788,0.6550981998443604,0.20375752449035645
StandardScaler,199,1,79.6341025302717,99.20026576134258,51.994640763691166,0.16214572681873968,0.6715405417793464,0.998024523160763,0.5060095323616771,1.0693836212158203,0.19135236740112305
StandardScaler,202,1,88.45222514920334,99.4925961944364,82.59922960978061,0.277439217525016,0.9020716695884936,0.9930275990869475,0.8263797748152242,0.9896695613861084,0.19188666343688965
StandardScaler,205,1,87.81203864494157,99.53413641158035,84.32758331937698,0.2798335160076952,0.9127654417659451,0.9917352023660009,0.8454444981695103,1.732023000717163,0.17874503135681152
StandardScaler,208,1,74.84599936046132,98.89412903140602,65.91525707586669,0.13733317393244232,0.7889847378898474,0.9872340425531915,0.657042204876701,0.851693868637085,0.16366910934448242
StandardScaler,211,1,86.97144814726593,99.48198130730378,81.47713950762017,0.2709251764179315,0.8950544654040308,0.9933445661331087,0.8144643227187953,1.1037352085113525,0.19020652770996094
StandardScaler,214,1,87.33906597759223,99.53455828099831,80.67660358398928,0.27371489169913743,0.8899192855916195,0.9942864452308873,0.8053809490916627,0.7052366733551025,0.19038796424865723
StandardScaler,217,1,79.8333642165149,99.22335610514178,53.04974041199129,0.1732049808200214,0.6807715958004054,0.9993981945837512,0.5161981073426815,0.9977035522460938,0.20927047729492188
StandardScaler,220,1,76.66372631178837,99.11909553226782,59.79232959303299,0.1826702902662715,0.7391001956096501,0.9968925891181989,0.587241831871244,0.7618532180786133,0.22690534591674805
StandardScaler,223,1,79.21783698080701,99.12746531252851,94.90202646122927,0.35980561770323227,0.9734324814969977,0.9840827274652361,0.9630102921876079,1.3054726123809814,0.19589710235595703
StandardScaler,226,1,80.75274324300393,99.20212191010158,77.35722659521018,0.1745652768951707,0.8694174007108638,0.9864118523713509,0.7772328521102438,0.9561779499053955,0.18274354934692383
StandardScaler,229,1,80.0844954647722,99.13460098669387,96.92513816781108,0.4752778716028806,0.9841467205470935,0.9841807129041171,0.9841127305380949,0.8103046417236328,0.20023226737976074
StandardScaler,232,1,83.1550976377471,99.31682800066264,68.73890470607938,0.20724353889290734,0.8086362797564126,0.9950547509713882,0.6810457967811011,1.1243634223937988,0.20972871780395508
StandardScaler,235,1,79.92948093178839,99.18770400917025,55.41450343326076,0.1487119833638917,0.7028462998102467,0.9937503945457988,0.543689991020239,1.4132699966430664,0.18831992149353027
StandardScaler,238,1,87.98397504035832,99.52558214403977,75.65901858985094,0.23221421877246828,0.857288741383712,0.9936268038421269,0.7538509359673966,1.227005958557129,0.17477869987487793
StandardScaler,241,1,85.8447863682429,99.40472518379512,74.07804387874728,0.21235635801955455,0.8467433708933204,0.9923873183864829,0.7383781170131933,0.6181788444519043,0.19353628158569336
StandardScaler,244,1,80.93061925238374,99.17598029374646,61.01155585329091,0.16669359212141105,0.7496128033040784,0.9937264742785445,0.601782137183118,0.6657061576843262,0.1769416332244873
StandardScaler,247,1,79.48547993422457,99.14440538299696,94.71780271311339,0.3362611445158337,0.9724709784411277,0.9831633193321803,0.9620087034606617,0.5229177474975586,0.21329092979431152
StandardScaler,250,1,81.24018832888665,99.25068652880489,48.34701055099649,0.15765469750905414,0.6371785521022045,0.9994095505203336,0.467672860399254,1.4301345348358154,0.1990060806274414
StandardScaler,253,1,83.5228726311405,99.35223563595903,70.71847261765198,0.21188456851353377,0.8230149410859618,0.9944227005870842,0.7020100849623541,1.4531898498535156,0.2040114402770996
StandardScaler,256,1,82.33232023209229,99.30661678630635,54.01775247027298,0.16453195219603975,0.6898608349900597,0.9972566949706074,0.5273191959660151,0.7939443588256836,0.30527162551879883
StandardScaler,259,1,87.57278470798757,99.50885228456224,81.04505108022107,0.2945601972755738,0.8920717868517918,0.9960816048383662,0.8077295019686399,0.81146240234375,0.2007746696472168
StandardScaler,262,1,76.90267358909924,99.02747102501684,50.45051080221068,0.13876272573464085,0.658131311964133,0.9945519312705176,0.4917800649305795,1.184922218322754,0.24201560020446777
StandardScaler,265,1,87.38995806199384,99.54797529965205,73.21051750125606,0.25412023057887484,0.8400272021761741,0.9979564680163483,0.7252538509359674,1.0653855800628662,0.22080039978027344
StandardScaler,268,1,76.61066269378877,99.01275299371719,76.96533244012727,0.15615609268428188,0.8670520231213873,0.9847187458832828,0.7745043862678732,1.0332396030426025,0.22446012496948242
StandardScaler,271,1,83.23265761136517,99.29095068327854,83.7749120750293,0.24052383828490556,0.9096639439036216,0.9886898005513215,0.8423361193617462,1.0543229579925537,0.22559714317321777
StandardScaler,274,1,87.37686752847738,99.4709887924652,81.89582984424719,0.26591780108599045,0.8977507046783073,0.9925126531978081,0.8195068038958347,0.7743613719940186,0.2579677104949951
StandardScaler,277,1,79.62145665323777,99.16345387709174,72.57075866688997,0.1828191021033425,0.8367131263583977,0.9898098787564278,0.7246321751744146,0.6880135536193848,0.25766968727111816
StandardScaler,280,1,88.17211456466943,99.48972490735471,76.16144699380338,0.26630917996578635,0.8602235009918102,0.9971315394071848,0.7563721765559163,1.0145435333251953,0.20260310173034668
StandardScaler,283,1,77.31876664251467,99.1026269530067,56.38251549154245,0.16005962428478845,0.7108920563030061,0.9951516658378916,0.5529460523589141,1.274928092956543,0.2072598934173584
StandardScaler,286,1,83.7331357320813,99.30744919838816,82.38820968012058,0.23331510185000698,0.9011282437006394,0.9890613390572113,0.8275540512537128,0.9905319213867188,0.2746236324310303
StandardScaler,289,1,78.92769479269694,99.16075989359867,66.79953106682298,0.16342363555385164,0.7950880674770529,0.990318261406942,0.6641569385922498,0.9537942409515381,0.24109625816345215
StandardScaler,292,1,86.19801611143765,99.4850938154657,71.16060961313013,0.23165963283598612,0.8258354235779594,0.9966311883605117,0.7050148511431926,0.997748851776123,0.21710753440856934
StandardScaler,295,1,83.98076722716128,99.34719621377053,81.12209010216044,0.2121223281457629,0.8933545261883137,0.9879467648782121,0.8152932237341991,1.1081042289733887,0.23156166076660156
StandardScaler,298,1,71.46888512430105,98.75135802088805,79.44397923295931,0.14276822616279747,0.883342520957287,0.9823278231091194,0.8024797955377495,1.612320899963379,0.30968379974365234
StandardScaler,301,1,77.71332835573622,99.10365943404257,52.8856138000335,0.1538629955826775,0.6800418543287384,0.9960021321961621,0.5162671824272985,1.1260144710540771,0.2661716938018799
StandardScaler,304,1,87.24023532447696,99.52605502118395,76.55334114888629,0.2755096774386896,0.8627504803733187,0.9978682873730044,0.7598604683290737,0.809215784072876,0.26653528213500977
StandardScaler,307,1,83.09203883200395,99.3195001423938,72.90906045888461,0.18714076279485464,0.8390127388535031,0.9901343606126092,0.7279132416937211,0.5864956378936768,0.2593367099761963
StandardScaler,310,1,73.41818439551673,98.81516763195191,94.67425891810417,0.3244589983648818,0.9722532458467122,0.9826102292768959,0.9621123160875872,1.2546885013580322,0.2113332748413086
StandardScaler,313,1,85.09439022148264,99.38086112052878,74.34265617149556,0.20808767212231066,0.8486345492629332,0.9917328653242194,0.7416246459901913,0.6231129169464111,0.27114415168762207
StandardScaler,316,1,85.76318040395815,99.39659597049346,82.45520013398091,0.2600793295479606,0.9013187641296156,0.9915029428831965,0.8261725495613732,0.7505776882171631,0.21751976013183594
StandardScaler,319,1,83.46888520096594,99.27278844365904,66.95695863339473,0.20116327694292105,0.795429566804222,0.9953292853806632,0.6623955239345168,0.6492877006530762,0.24147605895996094
StandardScaler,322,1,85.0252365553321,99.3869240523481,75.14989114051248,0.24815894282009743,0.8535848907659214,0.9958097343095271,0.7469088899633902,0.7863080501556396,0.3045804500579834
StandardScaler,325,1,88.13714769886053,99.543238804068,78.82096801205827,0.27431988058193896,0.8778707048075252,0.9958806257942943,0.78486564896042,0.8494088649749756,0.27211928367614746
StandardScaler,328,1,80.88012774214096,99.20035937941346,62.4552001339809,0.15762074063576106,0.7615157124316504,0.9916329583864354,0.618083857152725,0.928443431854248,0.2453780174255371
StandardScaler,331,1,76.15123288292955,98.93495983955415,60.28470942890638,0.14150601654540784,0.7444116315664676,0.9902506165051328,0.5963597430406852,0.48404526710510254,0.2603182792663574
StandardScaler,334,1,88.07624317711044,99.53630519346339,80.45888460894322,0.2755240775680647,0.8885024080727774,0.9946512623020967,0.8028251709608344,0.7754900455474854,0.24719619750976562
StandardScaler,337,1,85.94730460356689,99.4654199741192,73.37464411321388,0.23069957579656564,0.8415618584441211,0.9950040062214263,0.7291220556745182,1.363677740097046,0.28612852096557617
StandardScaler,340,1,74.59585325630758,98.95129359219187,36.724166806230116,0.12183325603232845,0.5160744934293107,0.9990082316770802,0.347896663673413,1.0577564239501953,0.24084687232971191
StandardScaler,343,1,82.0365201735663,99.2921239621002,71.50895997320383,0.21059655779160127,0.8287152637937978,0.9937699217618081,0.7106790080817849,1.3967642784118652,0.2788376808166504
StandardScaler,346,1,77.67835957330456,99.07429822680236,63.16864846759337,0.17670878126028963,0.7666779833644543,0.9940574447012215,0.6239552393451682,1.438049554824829,0.24871420860290527
StandardScaler,349,1,81.09724085286032,99.2237387809378,62.96432758331938,0.17803560392811554,0.7650196578472,0.9943649522125849,0.6216412240104994,1.5178422927856445,0.23929309844970703
StandardScaler,1,3,90.74518446612511,99.67393975321133,79.33344498408977,0.3053742249888529,0.8808742325365873,0.9987740805604203,0.7878704151412586,1.46321702003479,0.09567713737487793
StandardScaler,4,3,90.47497898806458,99.6635546317706,79.18271646290404,0.2972093082867065,0.8799799161887106,0.9980288229883043,0.7869033639566209,1.4475700855255127,0.09412527084350586
StandardScaler,7,3,90.7383919550296,99.66288337040532,83.93568916429409,0.31824188941415543,0.9100592603705648,0.9956503898235536,0.838018926573185,1.2615342140197754,0.07530713081359863
StandardScaler,10,3,88.01056818128674,99.5587679234921,76.40931167308659,0.2657325300073386,0.8619100837205654,0.9968706063767064,0.7591351799405954,0.603618860244751,0.08810544013977051
StandardScaler,13,3,87.2662400622151,99.53553500986942,72.6377491207503,0.25667435492908475,0.8359407948908482,0.9987043524161429,0.7187953305242799,0.9673688411712646,0.11301326751708984
StandardScaler,16,3,84.80629881973603,99.43719772349692,73.17367275163289,0.24033154330629258,0.8399960043951653,0.9963034927254633,0.7260827519513712,1.1989293098449707,0.0900428295135498
StandardScaler,19,3,87.0511413220266,99.50977150041534,69.30832356389215,0.2352923465771937,0.8122682292200208,0.9983883152858222,0.6846377011811839,0.917388916015625,0.08529138565063477
StandardScaler,22,3,80.6563198680873,99.25396713584121,70.1256071009881,0.18711602549126702,0.8191935778142675,0.9916564417177914,0.6978310423430268,0.9807398319244385,0.08967804908752441
StandardScaler,25,3,87.77493282812179,99.54803343680933,74.44984089767208,0.2598911467296524,0.8485846996704911,0.9977128454070202,0.7382399668439594,0.48295140266418457,0.08088898658752441
StandardScaler,28,3,87.6587624888098,99.55090363658859,74.99246357394071,0.27022410856739837,0.852175979091593,0.9985152190051967,0.7432479104786903,1.2830288410186768,0.08702445030212402
StandardScaler,31,3,88.08337493043618,99.5441013503063,63.96248534583822,0.21332209493061052,0.7719922860109776,0.9989579334174299,0.6290667956068247,0.768653392791748,0.1016852855682373
StandardScaler,34,3,82.6400282678859,99.32825189176732,67.80103835203484,0.19785968324999054,0.80185509636195,0.9943765656152549,0.6717897354424259,1.0946605205535889,0.08872556686401367
StandardScaler,37,3,82.75679276025647,99.34816882916513,60.03014570423715,0.1924830824088456,0.7407729237720766,0.9983020083143042,0.588865096359743,1.636124610900879,0.0955362319946289
StandardScaler,40,3,89.3383641869989,99.59694995961549,73.33110031820466,0.2448165850414583,0.8410270745148151,0.9967345007098911,0.7273951785590937,0.5475807189941406,0.09923100471496582
StandardScaler,43,3,87.92883763652199,99.55319911020155,75.09964830011724,0.2568637295468681,0.8531120331950207,0.9968599926117473,0.7455964633556676,0.9530279636383057,0.11930084228515625
StandardScaler,46,3,87.05998653610838,99.53337251970868,72.42337966839726,0.25725965401821577,0.8344093807196444,0.9989405249217433,0.7164122401049942,0.524078369140625,0.09801793098449707
StandardScaler,49,3,85.4330421318917,99.46560257791958,72.93585664042874,0.24542755331602686,0.8382382382382383,0.9970946847018479,0.7230434482282241,1.3790695667266846,0.10281872749328613
StandardScaler,52,3,75.94504643861974,99.0736267765134,56.69737062468598,0.16639980079314143,0.7133989536224173,0.9960381329701622,0.5557090557435933,0.6059296131134033,0.09820723533630371
StandardScaler,55,3,87.8924716360913,99.54674038871613,71.98124267291911,0.253007559665106,0.8313338038108681,0.9987403711060511,0.7119914346895075,0.4518766403198242,0.13280534744262695
StandardScaler,58,3,87.41356510464722,99.54061395827576,77.31033327750797,0.26685743256014893,0.867953216374269,0.9962856887138638,0.7689093044138979,0.8762943744659424,0.12494277954101562
StandardScaler,61,3,79.08952100300397,99.19349462240429,63.43661028303467,0.1752944459379972,0.768836559230867,0.9937048390628421,0.6269600055260067,1.1058571338653564,0.13265085220336914
StandardScaler,64,3,92.38664920444438,99.71939584357828,86.01909227935019,0.35688505909334506,0.9225401774115726,0.9969517086475213,0.8584651516198107,0.3652017116546631,0.11333894729614258
StandardScaler,67,3,76.8049124114894,99.13022205749074,69.92128621671412,0.18909601368170964,0.8176723787866482,0.9920189181200119,0.6954479519237411,0.708380937576294,0.13364481925964355
StandardScaler,70,3,89.17399653489937,99.58181954047856,72.79182716462904,0.23136811025387374,0.8374587293646824,0.995480709766424,0.7227326103474476,0.8267061710357666,0.11943578720092773
StandardScaler,73,3,83.65133810551959,99.39547935243947,67.56322224083068,0.2098545970094005,0.7998098151899781,0.9961380020597322,0.668128755957726,0.4087042808532715,0.1082007884979248
StandardScaler,76,3,83.7977546687589,99.36206789940145,74.16178194607268,0.2045761269081288,0.8474408670200142,0.9914391485423415,0.7399668439593838,1.1142446994781494,0.10531306266784668
StandardScaler,79,3,80.5808490132881,99.2564450134054,58.10751967844582,0.16928862299994554,0.7253804097226797,0.9957200554584363,0.5704911238516267,1.148594617843628,0.1222524642944336
StandardScaler,82,3,85.30620962011233,99.44590712557168,62.830346675598726,0.21077439832279038,0.7630618127468773,0.9993288965941503,0.6171513435103958,0.8310832977294922,0.1385653018951416
StandardScaler,85,3,76.76032026613152,98.88824587854545,79.26645453022945,0.1662170930854923,0.8819603356216629,0.9846291407647109,0.7986806658838157,0.8771295547485352,0.11999964714050293
StandardScaler,88,3,88.73925282531279,99.56197828191978,75.05945402780104,0.23847267833345176,0.8531071217202604,0.9947552447552448,0.7467707397941562,0.6965246200561523,0.14242911338806152
StandardScaler,91,3,84.76757728992148,99.43229266609144,65.97219896164796,0.20981650038345384,0.7877217543932967,0.9971433105856213,0.6509981349727153,0.7836840152740479,0.14832210540771484
StandardScaler,94,3,83.61488202381871,99.38563334799669,62.13364595545134,0.19772345114585754,0.7578243825110859,0.9977999661533254,0.6109000483525592,0.776763916015625,0.15076208114624023
StandardScaler,97,3,88.95893612716624,99.57396593833329,83.96248534583822,0.2811413116280731,0.9105113636363636,0.9921792260692465,0.8412654555501831,1.3764245510101318,0.12088823318481445
StandardScaler,100,3,83.26556027445119,99.3684249285956,63.999330095461396,0.19158782576365324,0.7728463944543073,0.99575209672149,0.6314844235684188,0.9005236625671387,0.15063071250915527
StandardScaler,103,3,85.20558500808471,99.4569198706637,67.14118238151063,0.21936053715225268,0.7964138961524094,0.997712146422629,0.6627063618152932,0.36388087272644043,0.12669587135314941
StandardScaler,106,3,79.56846011703512,99.18476984933756,54.37615139842572,0.16877082466912546,0.6929094803291624,0.9977923511460295,0.5307384126545555,0.8870584964752197,0.10770297050476074
StandardScaler,109,3,79.38312077859044,99.23039102488764,63.53039691843912,0.19132188469844807,0.769155747784421,0.9959916538546013,0.6264764799336879,0.7289209365844727,0.14751720428466797
StandardScaler,112,3,84.25758122053143,99.35717918666292,56.93183721319712,0.1746429561089649,0.7151402366077363,0.9972812654473554,0.5574359328590177,0.6353847980499268,0.13361477851867676
StandardScaler,115,3,81.95534353278195,99.2905617049979,59.654999162619326,0.18505323138101334,0.7378843601070659,0.9973527854579681,0.585549492298128,0.8904380798339844,0.1406693458557129
StandardScaler,118,3,76.64964105105447,99.0768277947145,47.57662033160275,0.15256029469986823,0.6298862534585097,0.9988749718742969,0.4599709884644609,0.9455866813659668,0.12790441513061523
StandardScaler,121,3,85.24793853804769,99.4202855862386,64.90035169988276,0.19574688146483007,0.779783545234843,0.9958134292308518,0.6407750224494025,1.4149131774902344,0.15462064743041992
StandardScaler,124,3,85.6518207877979,99.45716031611856,66.90336627030649,0.20352812945655133,0.7949702238914366,0.9956858464577161,0.6616011604614216,1.3105454444885254,0.12882304191589355
StandardScaler,127,3,83.97584917313445,99.37077639809937,63.62418355384357,0.18914468723718994,0.769954245043213,0.9956173989262628,0.627685293914485,0.7761561870574951,0.1588420867919922
StandardScaler,130,3,80.98073318794088,99.27027097356147,60.98810919443979,0.1865353330421212,0.7488409203631423,0.9967851196968827,0.5996753471023002,1.077012300491333,0.15883398056030273
StandardScaler,133,3,84.41594409349378,99.42013015857026,66.38419025288897,0.2193124822424125,0.7906549853984147,0.9982092067839461,0.6545555018304897,1.1287391185760498,0.19163751602172852
StandardScaler,136,3,82.5950911304295,99.25741291793709,88.68531234299112,0.24880178804673414,0.9389172181837908,0.9853499316836193,0.8966636734129999,0.7018344402313232,0.14001035690307617
StandardScaler,139,3,81.05285570276155,99.23825926277323,53.39139172667895,0.1593405639333254,0.6844170276461117,0.9966972719466279,0.5211369758927955,0.9081668853759766,0.17318296432495117
StandardScaler,142,3,77.92864559092048,99.182838762157,59.263105007536424,0.1930205977159064,0.7343613489428621,0.9988710635769459,0.5806106237480141,0.8151090145111084,0.14014673233032227
StandardScaler,145,3,80.44517512067247,99.1976846725239,61.00820633059789,0.17259219193364153,0.7494134108276828,0.9946288783498086,0.6011949989638737,1.8025026321411133,0.1291360855102539
StandardScaler,148,3,78.85782622625335,99.17355638388894,55.9169318372132,0.16601708727331718,0.7066271371569961,0.9964166719054505,0.5474200455895558,1.2796921730041504,0.17426156997680664
StandardScaler,151,3,78.92770820905632,98.956596229868,89.89783955786301,0.26581325154062957,0.945825549647938,0.9854030990343589,0.9093044138979071,1.5280418395996094,0.14649724960327148
StandardScaler,154,3,78.02024865957154,98.96158580952036,76.51984592195612,0.1772920073223156,0.8638253234391391,0.9871248446101936,0.7679077156869517,1.4612476825714111,0.1597576141357422
StandardScaler,157,3,79.34710552012658,99.22879863612373,65.20850778764026,0.20875478885021034,0.7818544576288985,0.997481378275548,0.6428818125302204,0.6364555358886719,0.17538690567016602
StandardScaler,160,3,79.64179393744618,99.04918008434687,74.71445319042036,0.1864960433163589,0.8515057930247655,0.989078279943335,0.747530565724943,0.6181497573852539,0.15054941177368164
StandardScaler,163,3,83.74581802494784,99.36245002817132,59.6282029810752,0.19156634061023253,0.7374588860572001,0.9984075493954586,0.5846515161981073,0.8759222030639648,0.1682600975036621
StandardScaler,166,3,75.29230605521697,99.01303931537598,49.47914922123597,0.14249232018604147,0.6487669701697599,0.9957824004575023,0.48110796435725633,0.8156945705413818,0.1440579891204834
StandardScaler,169,3,81.00657309612086,99.31022019955176,64.19695193434936,0.2080993702499889,0.773973906240088,0.9980367562851066,0.6320715617876632,0.6469194889068604,0.16473674774169922
StandardScaler,172,3,83.28165990571597,99.23036190536787,79.71529057109362,0.21944731666323547,0.8842949942682461,0.9895664072522021,0.79926780410306,1.0360894203186035,0.14450359344482422
StandardScaler,175,3,80.52006715539525,99.29068456447038,64.97404119912913,0.20838774861258022,0.7800424896405208,0.9975789530316889,0.6403951094840091,0.8667869567871094,0.18029141426086426
StandardScaler,178,3,89.77076195031547,99.53836304263729,79.32674593870374,0.2813740029601437,0.8811019071469852,0.9962101411395714,0.7898390550528425,0.4706566333770752,0.1674041748046875
StandardScaler,181,3,81.58534909022134,99.31519335448891,68.30346675598727,0.2098895784170065,0.8053481435770853,0.9956767204109659,0.6761069282309871,1.1185357570648193,0.17971444129943848
StandardScaler,184,3,84.98095681948566,99.28926220674295,80.15407804387876,0.24155707371684498,0.8868907851783976,0.9914635707883392,0.8022725702838986,1.5441582202911377,0.15423107147216797
StandardScaler,187,3,79.86964205229819,99.1637473005356,69.88109194439792,0.17773551331310572,0.8175990912410239,0.9906114825009831,0.6960350901429855,1.3189926147460938,0.17391514778137207
StandardScaler,190,3,89.55622669722122,99.5909063239949,81.33311003182047,0.28473829685126073,0.8940071131059929,0.9948359788359789,0.8117358568764247,1.0525965690612793,0.17624139785766602
StandardScaler,193,3,76.18807612242988,98.99243979591348,44.11991291240998,0.13830852598682936,0.5957890146100356,0.9980517899180128,0.4246390826828763,1.0294246673583984,0.1932365894317627
StandardScaler,196,3,77.76248014666304,99.16651666925796,55.05610450510802,0.17787153343097117,0.6986209065181259,0.998972250770812,0.537127857981626,0.4734456539154053,0.1567375659942627
StandardScaler,199,3,82.42111928163138,99.32409489627874,64.14001004856807,0.17994267137080397,0.7742493252361673,0.9939902544667027,0.6340747392415556,0.6844940185546875,0.16298747062683105
StandardScaler,202,3,86.53782566199958,99.49563673224344,81.21922626025791,0.2786467264886405,0.8933401814757747,0.994325640482744,0.8109760309456379,1.5860350131988525,0.18796777725219727
StandardScaler,205,3,81.5230090180168,99.29060330105057,55.3810082063306,0.17319726141099057,0.7016640164833934,0.997961393896923,0.5410306002624853,1.1929481029510498,0.16652631759643555
StandardScaler,208,3,78.22530046320173,99.20106788346641,68.21302964327583,0.2014774776500776,0.8048529714168209,0.9946127261638544,0.6758997029771362,0.9799065589904785,0.18478679656982422
StandardScaler,211,3,87.19263216474798,99.42231855685446,75.3843577290236,0.23789591455023673,0.85533749335643,0.9944614821256923,0.7503626441942391,0.9454753398895264,0.17700910568237305
StandardScaler,214,3,85.12540692776334,99.39151749664592,74.80823982582481,0.20946088743989863,0.851811715563612,0.9916051195008946,0.7465635145403053,1.2059943675994873,0.1796267032623291
StandardScaler,217,3,81.30983073384343,99.28784446500566,61.31636241835538,0.19641163181276547,0.7512331717824448,0.9981111556293286,0.6022656627754369,1.0060899257659912,0.20955419540405273
StandardScaler,220,3,87.60274727174499,99.44141630614732,79.17936694021101,0.25803150908818867,0.880401739331204,0.9938748913987837,0.7901844304759273,1.037226676940918,0.17275094985961914
StandardScaler,223,3,88.82976150236239,99.534104147988,83.35957126109528,0.2895320581354741,0.9067147363677333,0.9934984774915645,0.8338744214961663,1.0857517719268799,0.19142723083496094
StandardScaler,226,3,88.36416399943053,99.51045502466108,86.73254061296265,0.29809935336212057,0.9271915151737956,0.9910409053400919,0.8710713545624094,1.632885456085205,0.1807546615600586
StandardScaler,229,3,80.80111688508627,99.30031809355185,73.0095461396751,0.21791599955617497,0.83921302578019,0.9937151497968056,0.726289977205222,0.61557936668396,0.18120050430297852
StandardScaler,232,3,84.80808319553455,99.30500047525855,79.84257243342824,0.25649581628365176,0.8847258935754511,0.9932048856012387,0.7976100020722525,0.5804431438446045,0.19758224487304688
StandardScaler,235,3,89.16574930712171,99.59340618924956,76.32222408306816,0.2539767740848113,0.8614817862951424,0.9956066850853752,0.7592042550252124,1.5129199028015137,0.2527897357940674
StandardScaler,238,3,76.1228170337472,99.00607885545782,60.217718975046054,0.1545416186757398,0.7434717812479751,0.9922744306716633,0.5944256406714098,1.5049052238464355,0.17442679405212402
StandardScaler,241,3,83.41185417383323,99.32669048761053,65.8750628035505,0.19176134669980502,0.7874045323650932,0.9946752425137073,0.6516198107342681,1.1335980892181396,0.22855615615844727
StandardScaler,244,3,83.16881874015479,99.27043058239032,76.081058449171,0.19280552853676702,0.860682443373588,0.989014930726808,0.7618291082406576,0.6966471672058105,0.1909024715423584
StandardScaler,247,3,79.78226897009968,99.09666426293138,84.4515156590186,0.24482670943633028,0.9137751690318746,0.9885459368217989,0.849519928161912,1.0841281414031982,0.22083115577697754
StandardScaler,250,3,80.4164219458827,99.29252925975453,63.999330095461396,0.21126763793149606,0.7723363694132599,0.9986305872042068,0.6296539338260689,1.0588793754577637,0.2154402732849121
StandardScaler,253,3,77.27915004986669,99.011358278554,92.95595377658684,0.2857572833265531,0.962936853421688,0.9831575916795624,0.94353111832562,0.8538064956665039,0.22992753982543945
StandardScaler,256,3,79.80188560414672,99.18417149078802,56.90839055434601,0.15838820083347652,0.7154956987107189,0.9945896095911466,0.5587138219244319,0.6861741542816162,0.2770671844482422
StandardScaler,259,3,77.89048179833188,99.08395599037235,79.62820298107519,0.1778810718252076,0.8841656191673333,0.9855638586956522,0.8016854320646543,1.0320887565612793,0.2537815570831299
StandardScaler,262,3,89.3529995184677,99.59206777952747,76.63707921621169,0.2630292257578377,0.863484234630967,0.9963864673201138,0.7618636457829661,1.1050801277160645,0.20304059982299805
StandardScaler,265,3,83.99905180838341,99.32782673575909,91.42522190587842,0.30643561215814785,0.9543541830111975,0.9864356800589753,0.9242937072597914,1.0763301849365234,0.23697400093078613
StandardScaler,268,3,88.72727584962546,99.57333500019617,77.14285714285715,0.26319182288167403,0.8668799500604737,0.9960103998565537,0.7673896525523244,1.1057007312774658,0.20847821235656738
StandardScaler,271,3,87.67791913339211,99.55735324157892,74.56707419192765,0.26341058294870484,0.8493422488541439,0.9980415015155047,0.7392070180285971,0.95668625831604,0.2076563835144043
StandardScaler,274,3,81.65517165771845,99.2910976889388,60.3918941550829,0.1925118010466733,0.7437647619666732,0.9980808374527479,0.5927333010982938,1.2214677333831787,0.2385118007659912
StandardScaler,277,3,80.2993182112819,99.22543819807899,55.7729023614135,0.17172024105024591,0.7051625580564488,0.9974731522425774,0.5453477930510465,1.2710256576538086,0.22834300994873047
StandardScaler,280,3,77.4719373843941,99.09993926897488,47.54982415005862,0.15172949842333597,0.6296620391173757,0.9987245854902843,0.4597637632106099,0.9195961952209473,0.24250292778015137
StandardScaler,283,3,90.42870404791495,99.64524762519453,77.85965499916261,0.2751050202538155,0.8715107689915248,0.996754112939084,0.7742280859294053,1.25152587890625,0.21572256088256836
StandardScaler,286,3,84.26148729773593,99.30985405895571,77.0725171663038,0.226410388556748,0.8668831800237257,0.992032759157876,0.7697727429716101,1.724111557006836,0.22439146041870117
StandardScaler,289,3,89.47823740010274,99.5791631752065,81.36995478144364,0.290944521633387,0.8941821087477645,0.9954252795662487,0.8116322442494992,0.7842848300933838,0.24073147773742676
StandardScaler,292,3,82.88431525623291,99.33116980812862,62.31786970356724,0.19483221464635103,0.7593891693044743,0.9972475002808673,0.613144988602611,1.3761744499206543,0.2165207862854004
StandardScaler,295,3,83.9498866010972,99.3204949134359,77.76921788645119,0.22412330596834676,0.8715377915416627,0.9913257892651138,0.7775782275333287,0.38660550117492676,0.2525053024291992
StandardScaler,298,3,78.56912150522045,99.0855772694646,92.10517501256071,0.2687992938778464,0.9582647189021691,0.9832128193016242,0.9345513573254127,0.7887396812438965,0.2425692081451416
StandardScaler,301,3,82.6462802913604,99.21528210711388,71.55920281359907,0.19850138985479446,0.8292888879953356,0.9922540293480876,0.7123022725702839,0.6821062564849854,0.2337932586669922
StandardScaler,304,3,81.90137718545786,99.20990247845857,69.5461396750963,0.20392352432541244,0.8146456821332464,0.9941287690317444,0.6900600953236168,1.0963776111602783,0.2674849033355713
StandardScaler,307,3,83.50903461474388,99.26629496010105,63.65767878077374,0.18446423488490968,0.7703412073490814,0.9949152542372881,0.6284796573875803,0.9597189426422119,0.23659563064575195
StandardScaler,310,3,74.33176180488212,98.86191469229158,95.5685814771395,0.3516572927088254,0.9770348383065146,0.9821322631303437,0.9719900531878152,1.2000408172607422,0.24927997589111328
StandardScaler,313,3,84.21170110467237,99.33108636227091,88.83939038686988,0.28137487895505736,0.9396682842036648,0.9875922965669484,0.8961801478206811,1.0075161457061768,0.2643775939941406
StandardScaler,316,3,88.58985016379842,99.5503094518513,73.75983922291074,0.25183659172007883,0.8439131301055988,0.9972687888491242,0.731436071009187,1.2590601444244385,0.2532460689544678
StandardScaler,319,3,84.64367529435685,99.31058108717028,89.26812929157595,0.3031939263296944,0.9420572916666666,0.9887631918609066,0.8995648269669131,1.1716303825378418,0.2356858253479004
StandardScaler,322,3,82.99358383695153,99.30057799765163,69.53274158432423,0.21185406547795713,0.8143900746847325,0.9951625772990226,0.6891966567659046,1.0735208988189697,0.2615203857421875
StandardScaler,325,3,77.27010167377134,99.05033329529316,63.148551331435264,0.16955726897513204,0.7667090754877014,0.9930242777106448,0.6244042273951785,0.6305508613586426,0.23516035079956055
StandardScaler,328,3,85.08530351293189,99.31560050337853,74.94222073354547,0.22780371165755178,0.8524603096341584,0.9936094892188865,0.7464253643710713,0.9929580688476562,0.23648476600646973
StandardScaler,331,3,85.3907652668395,99.36352116991162,71.21085245352538,0.21928757807316546,0.8264232485812953,0.9950396342946068,0.7066726531740002,0.8752532005310059,0.26018714904785156
StandardScaler,334,3,82.32391200800197,99.29277901182178,61.88578127616815,0.19959982655027428,0.7557682814277435,0.9982423314622668,0.6080679698832631,0.7224578857421875,0.2498493194580078
StandardScaler,337,3,86.7636996553989,99.44236336574124,71.16395913582313,0.2236273683534485,0.8260069928656602,0.9956151035322777,0.7057746770739795,0.44600677490234375,0.23965859413146973
StandardScaler,340,3,88.68367076499392,99.5066011653837,72.74493384692681,0.2396005375991809,0.8369894024079972,0.9965176739970424,0.721489258824342,1.3340306282043457,0.26628780364990234
StandardScaler,343,3,83.19440565412917,99.30090051782037,66.595210182549,0.19787522032178834,0.7927602186064875,0.9950962491522771,0.6588036195344339,0.771984338760376,0.28190112113952637
StandardScaler,346,3,88.7903538215963,99.5434431236774,80.75364260592866,0.28065804402323835,0.8903435114503817,0.9949245073786573,0.8056572494301305,0.39890241622924805,0.27219390869140625
StandardScaler,349,3,73.28551001753556,98.85443161546006,54.831686484675934,0.12083123316472441,0.6987332722682692,0.9893085341937117,0.5400980866201561,1.7646219730377197,0.2805004119873047
StandardScaler,1,5,85.63011311830921,99.48632184420096,72.03148551331435,0.24871280395577344,0.8317685457549261,0.9981624758220503,0.7129239483318367,1.4587669372558594,0.09430718421936035
StandardScaler,4,5,85.12352097095803,99.46728072896973,70.70507452687991,0.24353057751129153,0.8223224443360962,0.9984706462752837,0.6990053187815155,0.7775042057037354,0.11185121536254883
StandardScaler,7,5,88.24943879368683,99.5748218813177,70.83905543460057,0.2481139438668428,0.82320688814881,0.9989650073928044,0.7000414450507702,0.36141276359558105,0.07268977165222168
StandardScaler,10,5,83.29085586176458,99.3818815397879,67.10098810919443,0.22852279645232113,0.795902252514338,0.9990088680229525,0.6614284727498791,1.4755237102508545,0.0922999382019043
StandardScaler,13,5,83.45303664728398,99.3862764282763,66.62200636409311,0.22535543421672458,0.792330936751068,0.9988965372287321,0.6565586792843822,1.2699906826019287,0.1096200942993164
StandardScaler,16,5,83.51994786479406,99.3696932962664,68.8862837045721,0.19700032900225387,0.8099359564585763,0.9936241779205783,0.6835670373696208,0.5913136005401611,0.08318901062011719
StandardScaler,19,5,85.9525714829378,99.46486028963554,66.61865684140011,0.22272214701369136,0.7923663485978583,0.9985297206469229,0.656765904538233,0.6449198722839355,0.08016443252563477
StandardScaler,22,5,84.7727732542499,99.41319594755527,68.76570088762351,0.20358994901178007,0.8089100186479231,0.9945578231292517,0.6816674725426539,1.0294904708862305,0.09145021438598633
StandardScaler,25,5,85.98089725084996,99.48121126042696,71.71663038017083,0.2402960553682037,0.8296687779884617,0.9973326867119302,0.710264557574083,1.3344225883483887,0.09822869300842285
StandardScaler,28,5,86.93465857320315,99.50566722121184,76.58348685312343,0.2614423142312721,0.86314429457941,0.9962492656694835,0.7614146577329557,1.288008451461792,0.09045791625976562
StandardScaler,31,5,81.24654768323623,99.28697314464164,55.45134818288394,0.18006821075813265,0.7020342324581056,0.9991072567274583,0.5411342128894108,1.2931079864501953,0.09937262535095215
StandardScaler,34,5,82.31782864733121,99.34281134815201,68.99681795344164,0.20860491032642814,0.81051424828038,0.9950738916256158,0.6837051875388548,0.9264256954193115,0.10040783882141113
StandardScaler,37,5,80.26013094213432,99.24888938850425,65.58030480656505,0.19596884480999474,0.7850389088779182,0.9954376657824934,0.6480624438764937,1.1104769706726074,0.10697436332702637
StandardScaler,40,5,85.00870951718969,99.36910418803352,84.05292245854966,0.24066022077376586,0.9113688404043413,0.9884908936720107,0.8454099606272018,1.1930434703826904,0.11741447448730469
StandardScaler,43,5,90.37234383875162,99.62277768876893,79.94305811421873,0.27143646498571644,0.8852169912590093,0.9946583957956405,0.7974718519030186,1.1573736667633057,0.0953519344329834
StandardScaler,46,5,86.45435290713725,99.46907376763555,66.10952939206163,0.19663635831560383,0.7890852997581923,0.9952150594173941,0.6536920632727775,1.2229433059692383,0.11645865440368652
StandardScaler,49,5,89.21577507803146,99.59507044647789,82.18053927315357,0.2835648191063769,0.8993872456312882,0.9939804364183596,0.8212336810112593,0.7259173393249512,0.11943221092224121
StandardScaler,52,5,83.8700458463833,99.36185974775815,74.17518003684475,0.2010920108420561,0.8475862886964773,0.9910318047337278,0.7404158320093942,0.8277490139007568,0.12371277809143066
StandardScaler,55,5,81.2807900656382,99.23024473077264,75.97052420030145,0.17824207230078798,0.8601341339780083,0.9875100725221595,0.7618636457829661,1.1376519203186035,0.14866995811462402
StandardScaler,58,5,77.30014090243952,99.0535359295656,44.572098475967174,0.13594526341503993,0.6005600077242444,0.9972743306076639,0.42964702631760726,1.3545024394989014,0.09726905822753906
StandardScaler,61,5,85.88979250411901,99.43857896843757,61.202478646792834,0.1863350746117156,0.7505975066210193,0.9966264509120019,0.601989362436969,1.3702256679534912,0.12595081329345703
StandardScaler,64,5,78.58746358512569,99.18253262787819,57.01892480321554,0.17314096500317602,0.7159427989551512,0.9969790382244142,0.5585065966705809,0.3602173328399658,0.10543441772460938
StandardScaler,67,5,82.60209063678411,99.28950680541683,81.440294757997,0.1955665518804082,0.89551394467387,0.9862109066744196,0.8200939421150791,0.9754354953765869,0.1300489902496338
StandardScaler,70,5,82.76576255481828,99.33001170322132,56.50979735387707,0.1708276223083122,0.7116204690831557,0.9968886123210952,0.553291427781999,1.015671968460083,0.12893080711364746
StandardScaler,73,5,85.83616731564791,99.48491663157259,69.45235303969184,0.2425112741361871,0.8131836617641034,0.9992448650825614,0.6855356772812047,0.9411871433258057,0.11745715141296387
StandardScaler,76,5,79.19951023388394,99.16434084476602,60.19762183888796,0.15113427539614482,0.7434086933989765,0.9917612490637783,0.5945292532983353,0.9215211868286133,0.10824966430664062
StandardScaler,79,5,81.12527146086599,99.24086680873383,76.12460224418021,0.17923364766317462,0.8611554793720051,0.987535739814153,0.7634523727291566,1.194089651107788,0.134049654006958
StandardScaler,82,5,79.49456855939809,99.21806045481401,58.174510132306146,0.18719301158128085,0.7253612510172213,0.9986071579967298,0.569524072666989,1.0453784465789795,0.1328415870666504
StandardScaler,85,5,90.56442010623151,99.6492988918443,80.27801038352035,0.28633429117136405,0.8872246696035242,0.9959150326797386,0.7999240174069213,1.4047396183013916,0.1385364532470703
StandardScaler,88,5,88.43152753991423,99.57371826335567,76.36241835538435,0.251477105310138,0.8617873440529583,0.995295182085501,0.7598604683290737,1.2836227416992188,0.13559937477111816
StandardScaler,91,5,68.70536616809686,98.49372118549704,55.883436610283034,0.11185553236565861,0.7082511906080408,0.9874004076338707,0.5521516888858189,1.0735588073730469,0.1274888515472412
StandardScaler,94,5,90.16789002142556,99.63280214129325,79.04873555518338,0.2822975307384944,0.8792727413097605,0.9965437283983025,0.7866961387027699,1.144914150238037,0.17119598388671875
StandardScaler,97,5,80.26743327488657,99.13009396657839,69.0336627030648,0.18136772828855371,0.8113380813419586,0.9915207741034465,0.6865718035504593,1.5444421768188477,0.12746262550354004
StandardScaler,100,5,81.34313588771104,99.3027534377051,67.97521353207168,0.19761051215884265,0.8031622506330678,0.9942402772822264,0.6736893002693928,0.8850822448730469,0.13541126251220703
StandardScaler,103,5,83.6425254740249,99.35599075663562,64.71277842907386,0.17957438320123917,0.7787276049652391,0.9936216969502064,0.6402569593147751,1.3378067016601562,0.12704825401306152
StandardScaler,106,5,81.56790015652675,99.30905308754286,69.18439122425055,0.21036276736715726,0.8118609406952966,0.9951870049132658,0.6855702148235132,1.1633203029632568,0.1367032527923584
StandardScaler,109,5,82.53865425635534,99.26017656063274,88.66856472952604,0.2561765508786169,0.9387880652107043,0.9859005054535781,0.8959729225668301,1.3598344326019287,0.15996575355529785
StandardScaler,112,5,79.52886460723762,99.22088829488558,60.56606933511974,0.17665155803662477,0.7456741051176254,0.9955009517217511,0.5960834427022174,1.2128162384033203,0.16495180130004883
StandardScaler,115,5,86.91603283312801,99.49401243064797,66.79953106682298,0.21276886748843019,0.793972147162752,0.9970244309876801,0.6596325205498377,1.175572395324707,0.14456987380981445
StandardScaler,118,5,84.29714414774186,99.32644774177702,80.95461396750963,0.2270897196744549,0.8921512840939266,0.9894816560080781,0.812253920011052,1.3553895950317383,0.1535651683807373
StandardScaler,121,5,82.0598339729359,99.31712139721002,69.24803215541785,0.19394458510426804,0.8126594160017957,0.9930185009724231,0.687746079988948,1.0068445205688477,0.16749095916748047
StandardScaler,124,5,82.85607765296817,99.24975714300139,70.84910400267962,0.19683855866565672,0.8242350802787034,0.9924614561548563,0.7047730883470332,1.211134910583496,0.14731526374816895
StandardScaler,127,5,80.97382376285641,99.1576174790466,89.41885781276167,0.2527449123671139,0.9431312894921601,0.9849595788682083,0.9047109207708779,1.2749555110931396,0.15695595741271973
StandardScaler,130,5,82.0529954628939,99.31816927795218,66.35404454865181,0.18542910432886023,0.7912119889422378,0.993527170224983,0.6573530427574774,1.3642809391021729,0.13965320587158203
StandardScaler,133,5,86.30418551313778,99.47850258670596,68.27332105175013,0.21539935021562862,0.8050065876152833,0.9964325756803588,0.6752780272155834,1.4389209747314453,0.1490485668182373
StandardScaler,136,5,79.44569467877287,99.1367850039241,65.81477139507619,0.15991382640578689,0.7876934598102846,0.9903232555706664,0.6538992885266285,1.4298796653747559,0.13404130935668945
StandardScaler,139,5,87.47950842765864,99.55285073953694,78.26159772232457,0.2726418971722457,0.8742053031477749,0.9961569043201697,0.7788561165987429,1.0813987255096436,0.15225934982299805
StandardScaler,142,5,82.96069075697936,99.34716612265902,79.29325071177358,0.22660779224510644,0.8814891496050916,0.9905644118914261,0.7940526352144781,1.433722972869873,0.15772724151611328
StandardScaler,145,5,83.55644611219587,99.37346430091691,62.294423044716126,0.18733210118050506,0.7594092628609288,0.9961312026913373,0.6135939766526214,1.065042495727539,0.1893291473388672
StandardScaler,148,5,82.8137854549338,99.26350997153959,73.1770222743259,0.18160809022517402,0.8409722773850187,0.9893467900196243,0.731297920839953,1.4725959300994873,0.17786478996276855
StandardScaler,151,5,81.28646326903628,99.125333540138,78.83436610283034,0.21637665388754243,0.878618490558789,0.9898290413330448,0.7898735925951509,1.3677306175231934,0.18366265296936035
StandardScaler,154,5,84.92903167541121,99.42710559618533,64.44481661363255,0.2025607083289452,0.7760595768021772,0.9970726947471134,0.6352490156800442,0.39588022232055664,0.14800000190734863
StandardScaler,157,5,85.91383462014109,99.48213655774508,71.33478479316697,0.22960540215473327,0.8271250808015513,0.9962530413625305,0.707087103681702,0.8151557445526123,0.1508169174194336
StandardScaler,160,5,86.12150069722904,99.3434355714093,80.9881091944398,0.2512554833397637,0.8921322690992018,0.9918025859883377,0.8106651930648615,1.4205996990203857,0.17182207107543945
StandardScaler,163,5,80.6872790756849,99.17630168035478,68.42070005024284,0.15454308548002363,0.8073716900948023,0.9883941970985493,0.6823927609311321,1.1178045272827148,0.1622164249420166
StandardScaler,166,5,83.28506766100034,99.3635687207148,69.89783955786301,0.22184252533965743,0.8168646710003464,0.996222476266216,0.6922359604890516,1.370378017425537,0.15253376960754395
StandardScaler,169,5,87.88974619851291,99.55697931325682,79.28655166638754,0.26507678783482297,0.8810220101585348,0.9945269741985927,0.7907715686951716,1.392484188079834,0.1525592803955078
StandardScaler,172,5,83.51630244828627,99.25090574487936,79.58465918606599,0.2251444557365462,0.8833916853201706,0.990220887840446,0.7973682392760931,1.0769338607788086,0.1499171257019043
StandardScaler,175,5,84.32631897954097,99.31838264096598,85.59035337464411,0.25840926028374644,0.9205862807354352,0.9887778570862082,0.8611936174621814,1.0723507404327393,0.21726179122924805
StandardScaler,178,5,84.70288168833308,99.43173222935646,66.70239490872551,0.20478500845261538,0.7934165956650943,0.995982678562112,0.6593216826690612,1.5503015518188477,0.18401098251342773
StandardScaler,181,5,83.84120067370058,99.39303364619172,69.60643108357058,0.2236626016415567,0.8146953112236562,0.9966523433596483,0.6889203564274367,0.48430657386779785,0.19266271591186523
StandardScaler,184,5,81.48137613821518,99.29476544832357,64.05962150393569,0.18255850052497427,0.7735522539253756,0.9944112859468258,0.632969537887684,1.2271533012390137,0.1706392765045166
StandardScaler,187,5,86.32445571554925,99.39151951791463,84.07636911740077,0.2646678554589296,0.9113357454586146,0.990593577684074,0.8438212336810113,0.938042163848877,0.18727374076843262
StandardScaler,190,5,78.16771169884305,99.03644310291023,92.53391391726679,0.27579786005759943,0.9606274177309099,0.9831158031743736,0.9391448504524418,1.3102574348449707,0.1932373046875
StandardScaler,193,5,79.14167805843353,99.07084567910344,63.707921621168985,0.17017329398046163,0.7711092802670215,0.9928194527552631,0.6303446846722387,0.8525233268737793,0.19170737266540527
StandardScaler,196,5,88.33207590102161,99.50126874365392,79.77223245687489,0.28518365041147675,0.8839613396614339,0.9962319719346875,0.7944325481798715,1.4251842498779297,0.1619889736175537
StandardScaler,199,5,80.1033626993163,99.1829138786903,56.995478144364434,0.14769330245104978,0.7166096457344664,0.9927833160051373,0.5606479242937072,1.1744601726531982,0.1750943660736084
StandardScaler,202,5,83.6474895269982,99.38697268532673,59.926310500753644,0.19757307905313343,0.7397546332550248,0.9991773416382653,0.5872763694135525,1.005185842514038,0.1859593391418457
StandardScaler,205,5,79.32316690173407,99.12112923101878,86.97370624685983,0.20556758023781832,0.9291272574854664,0.9835255989814422,0.8804310285280099,1.1860156059265137,0.19728493690490723
StandardScaler,208,5,85.79680371720553,99.34742801094262,82.33461731703233,0.2537306308838121,0.9006180749227406,0.9910010782118271,0.8253436485459694,1.1930809020996094,0.19780945777893066
StandardScaler,211,5,83.36769326859852,99.39002246273432,68.97672081728354,0.21229345962121599,0.810290442833149,0.9955707670626133,0.6831525868619189,1.3813676834106445,0.18766522407531738
StandardScaler,214,5,85.91412978004762,99.40283313728955,77.27348852788478,0.24204296309881895,0.8680243527649725,0.9935877454691188,0.7706361815293223,1.207233190536499,0.20105504989624023
StandardScaler,217,5,84.38294368264651,99.34234955203523,77.0289733712946,0.2224461332096171,0.8666433321666084,0.9916340334638661,0.7696345928023762,1.5336434841156006,0.18327116966247559
StandardScaler,220,5,80.32070388814529,99.12203323910931,87.60676603583988,0.24578602971931826,0.9326439962135004,0.9860651320347987,0.8847136837742626,1.1759843826293945,0.24045586585998535
StandardScaler,223,5,80.18975063741122,99.11459746708047,85.0510802210685,0.22776669162024626,0.9175305356911876,0.9866470611612288,0.8574635628928645,0.9631404876708984,0.18704724311828613
StandardScaler,226,5,85.20538184607112,99.44876855795901,73.48182883939039,0.2519837468202947,0.8419665848254386,0.9974932601806744,0.72839676728604,1.1155648231506348,0.19304561614990234
StandardScaler,229,5,76.70672574362472,98.9858663834501,93.41818790822309,0.27754580532727885,0.9654942314783922,0.9820669453077555,0.9494715756026801,1.094658374786377,0.19416046142578125
StandardScaler,232,5,79.45741482700907,99.10189975913158,68.42739909562887,0.16338027878129904,0.8072392638036809,0.9895217086132558,0.6816674725426539,1.405050277709961,0.18999075889587402
StandardScaler,235,5,77.09790653428068,99.0108989469148,90.84575447998661,0.234449388982051,0.9513103276264453,0.9824115980424624,0.9221178420943565,1.2515630722045898,0.20864295959472656
StandardScaler,238,5,84.09495577852948,99.38236788166759,74.31585998995143,0.23709880003268136,0.84800792864222,0.9951153703014515,0.7387925675208952,1.261080265045166,0.1912992000579834
StandardScaler,241,5,85.4284499037357,99.46489728279111,71.65633897169653,0.24300395544733733,0.8291885345175616,0.997716894977169,0.7093665814740623,1.147207260131836,0.2326669692993164
StandardScaler,244,5,77.10102487952683,98.95695287842352,76.25523362920784,0.18130738070415184,0.8620038543146912,0.987687915421332,0.7646957242522622,1.263073205947876,0.19171905517578125
StandardScaler,247,5,80.95346539579756,99.16092905999523,65.55015910232792,0.15718199206067973,0.7857336305493635,0.9900771775082691,0.6513089728534918,0.841503381729126,0.23433184623718262
StandardScaler,250,5,87.20516687766128,99.44144572005436,79.43728018757326,0.25602391638927907,0.8821032820571911,0.9934680105550028,0.7931891966567659,0.7020893096923828,0.21230769157409668
StandardScaler,253,5,80.02306578838322,99.14125410520236,81.16228437447663,0.1928394747103355,0.8937865911237016,0.9861226871145191,0.817261863645783,0.9709899425506592,0.2218170166015625
StandardScaler,256,5,82.25787860372039,99.20855939156597,82.55903533746441,0.21456890518821614,0.9023498302796167,0.9872378841971357,0.8309041928576363,1.3521161079406738,0.2813913822174072
StandardScaler,259,5,74.0867120006728,98.70811427289769,74.07134483336124,0.14077436982648325,0.8477769256484377,0.9843371843463172,0.7444912620017959,0.6598951816558838,0.20651793479919434
StandardScaler,262,5,85.02349051198898,99.38762636636686,64.23044716127951,0.19524852319246325,0.7745667180342404,0.9961448661562686,0.6336257511915452,0.97646164894104,0.19866347312927246
StandardScaler,265,5,81.95326783032246,99.27700303350713,68.3101658013733,0.20122080604214532,0.8055812424223743,0.9945202699274444,0.6769703667886993,1.0754523277282715,0.20781874656677246
StandardScaler,268,5,84.3524962133284,99.30373458099092,83.65432925808072,0.24154781013457496,0.9089144393011797,0.9888717407196815,0.8409200801270982,1.2444188594818115,0.2253403663635254
StandardScaler,271,5,76.42685282031425,98.93966490098094,59.00184223748116,0.13303454555445396,0.7340633554947203,0.9895149953139644,0.5834427022173102,1.2278807163238525,0.23976778984069824
StandardScaler,274,5,83.19032133100713,99.33728770711267,70.55434600569419,0.20751448509837392,0.8219111480258493,0.9939732470968691,0.7006285832700145,1.1642234325408936,0.22075772285461426
StandardScaler,277,5,81.33871232235876,99.206707259774,68.36375816446156,0.1817522562631302,0.8063874710452412,0.9919310101366685,0.6793189196656766,1.472778081893921,0.24511361122131348
StandardScaler,280,5,82.79310701187241,99.31083273408046,73.10668229777256,0.20559795221765803,0.8400947999442353,0.992190807733923,0.7284313048283484,1.200716495513916,0.23070907592773438
StandardScaler,283,5,81.38361496060536,99.14925476972348,68.23312677943393,0.16699614833564028,0.8057273956327584,0.99008256141764,0.6792498445810596,0.5785427093505859,0.2686777114868164
StandardScaler,286,5,84.98074599098099,99.35680177078183,81.80539273153575,0.2358370901654036,0.8974513875778742,0.9897151898734177,0.8209228431304828,0.8532423973083496,0.27756524085998535
StandardScaler,289,5,85.72799695977629,99.39449464799053,76.31887456037515,0.2575324122443446,0.8614105931705022,0.9960108794197643,0.7588588796021275,0.7376210689544678,0.25205540657043457
StandardScaler,292,5,70.51765757724928,98.71711171708182,54.1651314687657,0.1294196910108139,0.6925082018785672,0.9910599434010805,0.532188989431512,0.9666664600372314,0.2294771671295166
StandardScaler,295,5,77.23758616848478,99.06008063485392,62.15374309160945,0.1833905340091613,0.7583876830963328,0.9956206838470608,0.6124542377564413,0.9484217166900635,0.26727747917175293
StandardScaler,298,5,85.59928232443717,99.45830072280849,71.70323228939877,0.23215134358574915,0.8297186164637588,0.9963210378545841,0.7108516957933273,0.7374145984649658,0.26532626152038574
StandardScaler,301,5,76.46852978243955,98.80815710370635,72.7616814603919,0.15307472070082817,0.8385354618378207,0.9862680990191499,0.7292947433860606,1.1382853984832764,0.227095365524292
StandardScaler,304,5,83.47035908387579,99.19439033241356,74.95226930162453,0.21993736223192173,0.8526444391897218,0.9927044140589153,0.7472197278441666,0.39991044998168945,0.2597618103027344
StandardScaler,307,5,84.29743355778008,99.33963259137764,83.29593032992798,0.24553821258464398,0.906671657153551,0.989502062824231,0.8366374248808455,0.9755749702453613,0.23245859146118164
StandardScaler,310,5,80.07261432022335,99.04888699965555,72.40328253223916,0.1676988243443226,0.8357881729216909,0.9881238512653754,0.7241486495820957,1.2835590839385986,0.21932601928710938
StandardScaler,313,5,79.43591223615675,99.10445276828241,89.92128621671411,0.2646329909424593,0.945963904103439,0.9852979686506304,0.9096497893209919,0.8286104202270508,0.24244046211242676
StandardScaler,316,5,78.89665700356576,99.07287263064875,80.56606933511975,0.19544222278398884,0.8899844514391899,0.9867137571476623,0.8105270428956275,0.6957535743713379,0.2565741539001465
StandardScaler,319,5,80.12048580714006,99.10447938437221,71.92430078713782,0.17640778869866272,0.8322660689986392,0.9893900466267009,0.7182081923050355,0.7306184768676758,0.27519845962524414
StandardScaler,322,5,85.24728496968325,99.35475081611402,74.11823815106348,0.2161606812058489,0.8469628250579311,0.9928030830663509,0.7384817296401188,0.7915670871734619,0.259366512298584
StandardScaler,325,5,79.92587576435875,99.06648018146906,73.74644113213867,0.18736323148880354,0.8448350952211268,0.9897031539888683,0.7369620777785453,1.1782677173614502,0.2679898738861084
StandardScaler,328,5,82.39264210052042,99.26340523841614,68.73555518338637,0.18479373581374817,0.8090738013418426,0.9921240092304605,0.6830489742349934,1.0699419975280762,0.2618122100830078
StandardScaler,331,5,78.97545319887024,99.07784729842916,62.31786970356724,0.1495981784066125,0.7606382978723404,0.9905242158927187,0.6173585687642468,1.157442569732666,0.2570760250091553
StandardScaler,334,5,85.05820630021505,99.33593155444045,75.23027968514486,0.23685332534925127,0.8543000689587232,0.9944497958809229,0.7487739172480486,0.49777817726135254,0.29132866859436035
StandardScaler,337,5,79.92807029742995,99.14936473575496,54.88862837045721,0.15778794940636318,0.6978778769796761,0.995583717357911,0.5372314706085515,0.7807586193084717,0.2576751708984375
StandardScaler,340,5,75.17984629758695,98.8130181003398,85.70088762351364,0.198654843194838,0.9216165102913905,0.9838488376651378,0.8667886993161567,0.9288327693939209,0.23804950714111328
StandardScaler,343,5,82.67841247209302,99.12088545163095,78.28504438117568,0.21888555514075994,0.8749975898039064,0.9904404382557074,0.7836568349796228,1.2267210483551025,0.257354736328125
StandardScaler,346,5,83.07975711329625,99.2307285271874,88.84273990956288,0.2759316641553809,0.9397114984344175,0.9871848499828878,0.896594598328383,1.2848584651947021,0.28479456901550293
StandardScaler,349,5,80.63960116766792,99.11351031916185,72.43677775916932,0.1922406143699741,0.8356139755088995,0.9909973939824686,0.7223526973820543,1.0365135669708252,0.2845587730407715
MinMaxScaler,1,0,90.98174938133333,99.69997194883943,84.52520515826495,0.3686557894720699,0.9133143200240168,0.999835674965081,0.8405747047040133,1.0581142902374268,0.08120536804199219
MinMaxScaler,4,0,91.9908838521235,99.7361159624164,85.08792497069167,0.37613335030999073,0.9167258987692193,0.999877590990697,0.846342474269531,1.233232021331787,0.0596621036529541
MinMaxScaler,7,0,92.46115216474493,99.74793843870572,85.95545134818289,0.3867787806343796,0.9219543973941368,0.9997981510637439,0.8553567728120467,1.3028275966644287,0.0721435546875
MinMaxScaler,10,0,92.38980204890042,99.74395306335087,85.98894657511305,0.38680974813691604,0.9221579172637103,0.9997578985594965,0.8557366857774401,0.6468517780303955,0.07458305358886719
MinMaxScaler,13,0,92.01480138766556,99.73121065958533,85.63054764696031,0.3819524411339914,0.9200074585120268,0.9997568487599287,0.8520411687504317,0.7285473346710205,0.09690642356872559
MinMaxScaler,16,0,92.55190041964072,99.75122170182233,86.20331602746609,0.3902141273191598,0.9234372386103831,0.999798752264037,0.8579125509428749,0.770106315612793,0.07767152786254883
MinMaxScaler,19,0,92.4284143312171,99.74661445619864,85.59705242003015,0.381933010445054,0.9198030512141445,0.9997972753811223,0.8516612557850384,1.1365535259246826,0.1048727035522461
MinMaxScaler,22,0,93.36664525926808,99.77967320309105,85.47312008038854,0.3807163473788992,0.9190541070195413,0.9998375634517767,0.8503488291773157,0.5732755661010742,0.07129526138305664
MinMaxScaler,25,0,93.75606467359876,99.79274292944025,86.11287891475465,0.38938215945469395,0.9228938069555515,0.999838813668601,0.8569454997582372,0.5596144199371338,0.06956863403320312
MinMaxScaler,28,0,92.7980886977752,99.7561582535393,85.75447998660191,0.3836161164962768,0.920752045018354,0.9997572128029781,0.8533190578158458,0.9468472003936768,0.07711076736450195
MinMaxScaler,31,0,92.81350984457953,99.7574462873696,86.06933511974543,0.3879189025351835,0.9226390878145868,0.999758132785101,0.8565655867928438,0.8435702323913574,0.08659076690673828
MinMaxScaler,34,0,93.96743941574593,99.7992607798635,86.13632557360576,0.389708441615106,0.9230340108224706,0.999838859122588,0.8571872625543966,0.8333530426025391,0.09830832481384277
MinMaxScaler,37,0,93.39035771617378,99.7795650324147,85.8985094624016,0.3864280758563923,0.9216102483893792,0.9998383968972204,0.8547350970504939,1.3584184646606445,0.08119559288024902
MinMaxScaler,40,0,93.7827268129469,99.79334847212496,85.86501423547145,0.38597117178343315,0.9214094159713945,0.9998383315819255,0.854389721627409,1.0531730651855469,0.0996546745300293
MinMaxScaler,43,0,93.64825080956228,99.78925354104302,86.11957796014067,0.38947531826575915,0.9229338689280666,0.9998388266580708,0.8570145748428541,0.7335731983184814,0.10649394989013672
MinMaxScaler,46,0,93.9832304707448,99.79415644236309,85.96549991626193,0.3860584451992491,0.9220203975284746,0.9997174913229477,0.8555294605235891,0.6787543296813965,0.09546875953674316
MinMaxScaler,49,0,93.99350740203548,99.7981760083058,85.96549991626193,0.38691669059285255,0.922014592019059,0.9997981755065795,0.8554603854389722,0.4993622303009033,0.09116005897521973
MinMaxScaler,52,0,93.67718989676072,99.78350657825371,86.03583989281528,0.3870263565221376,0.922441538146708,0.9997177305536513,0.8562547489120674,1.0589370727539062,0.10120534896850586
MinMaxScaler,55,0,93.6243677732301,99.78208970365033,86.30380170825657,0.3907657116002678,0.9240428733304851,0.9997186382089313,0.8590177522967466,0.4246964454650879,0.12742257118225098
MinMaxScaler,58,0,94.38522101382136,99.81257924803865,86.03249037012226,0.3882682682282833,0.9224128307222863,0.999838657631494,0.8561165987428334,0.817690372467041,0.11463117599487305
MinMaxScaler,61,0,93.40343483333086,99.77303002026613,86.35404454865181,0.3910450971672861,0.9243454038997214,0.9996786632390745,0.8595703529736823,0.9236299991607666,0.12160491943359375
MinMaxScaler,64,0,94.128757721019,99.79841982575041,86.39758834366103,0.3920943949729541,0.9246022168173632,0.9997189545107801,0.8599848034813843,0.8628084659576416,0.10377812385559082
MinMaxScaler,67,0,93.51166460450835,99.77670121400442,86.3707921621169,0.3912825167213704,0.9244452697056912,0.9996787277619372,0.8597430406852249,0.19047760963439941,0.1016087532043457
MinMaxScaler,70,0,93.60023940918339,99.78143726047887,86.37414168480991,0.39176123999641427,0.9244624354736881,0.999718875502008,0.8597430406852249,0.8311753273010254,0.1046297550201416
MinMaxScaler,73,0,94.10260540332757,99.7973546777078,86.40428738904706,0.3921897032206689,0.924642147670943,0.9997189770765587,0.8600538785660012,0.9630334377288818,0.11400246620178223
MinMaxScaler,76,0,93.84982010962008,99.78957479861408,86.3506950259588,0.39142874264271793,0.9243226177874347,0.9997187964488009,0.8595012778890654,0.7940468788146973,0.11173677444458008
MinMaxScaler,79,0,93.89326994780728,99.79289528119354,86.36074359403784,0.3920021811304434,0.924379735551924,0.9997589780670041,0.8595703529736823,0.8878967761993408,0.12661504745483398
MinMaxScaler,82,0,93.69794117148736,99.78113344896651,86.55166638753977,0.3934360401662913,0.9255254029789839,0.999639379733141,0.8616426055121917,0.5822839736938477,0.12437748908996582
MinMaxScaler,85,0,93.79108520484519,99.78212648462095,86.35739407134483,0.39022996366811985,0.9243709961934825,0.9995984097024216,0.8596739656006078,0.9488167762756348,0.12718987464904785
MinMaxScaler,88,0,94.2142256801845,99.79396235263033,86.9703567241668,0.3987068929636841,0.9280162842339008,0.999561508411066,0.8660288733853699,0.7407007217407227,0.13576292991638184
MinMaxScaler,91,0,93.34319537968182,99.77151823026321,86.60860827332105,0.3946904672373284,0.9258613655750473,0.9996796411981419,0.8621952061891276,0.9638803005218506,0.13050055503845215
MinMaxScaler,94,0,93.40391398902328,99.76580422148065,86.57176352369788,0.39242825294345973,0.9256532462956438,0.9995194040610357,0.8619534433929682,1.2432951927185059,0.13177990913391113
MinMaxScaler,97,0,93.69858132349242,99.77738077630892,86.59521018254898,0.3931992032027906,0.9257899421450824,0.9995595419236005,0.8621606686468191,0.9775698184967041,0.13490748405456543
MinMaxScaler,100,0,94.39019464990854,99.8035031627534,86.8464243845252,0.3977349685179334,0.9272764310450193,0.9996406468356958,0.8646819092353388,1.043452262878418,0.09932518005371094
MinMaxScaler,103,0,93.53413892310486,99.77412404712382,86.92346340646458,0.3984427212884211,0.9277358211165408,0.9996011168727563,0.8655108102507426,0.8624672889709473,0.11940765380859375
MinMaxScaler,106,0,94.51205735884629,99.79804056946553,87.18137665382683,0.3997065101885293,0.9292776227523886,0.9993640446758615,0.8683774262623472,0.5572328567504883,0.15525317192077637
MinMaxScaler,109,0,93.56639185107198,99.77105307722923,86.64210350025121,0.3934450041565408,0.9260714815364082,0.9995198079231693,0.8626787317814464,0.8384349346160889,0.17235398292541504
MinMaxScaler,112,0,93.78697979887266,99.77076422631055,86.93686149723663,0.39603486481369427,0.9278312361213915,0.9993621940524595,0.8658561856738275,0.509484052658081,0.1549537181854248
MinMaxScaler,115,0,94.25392277098881,99.79887822142068,86.42103500251214,0.3915652545158383,0.9247475497475498,0.9996388153142307,0.8602956413621606,0.560781717300415,0.15866804122924805
MinMaxScaler,118,0,94.12298485323691,99.78566194916158,87.01725004186903,0.39810355461238184,0.9283018867924528,0.9994423643750497,0.8666160116046142,0.7817115783691406,0.15105366706848145
MinMaxScaler,121,0,94.06692747047116,99.79298735098297,86.68229777256741,0.3953277898782771,0.9263021316033364,0.9996399423907826,0.8629895696622228,0.869866132736206,0.1564033031463623
MinMaxScaler,124,0,93.65020384816454,99.77388866207126,86.76938536258582,0.3953005461878118,0.9268274610055204,0.9995205369985616,0.8639911583891691,0.3847994804382324,0.11650633811950684
MinMaxScaler,127,0,94.02305022540634,99.78398733718886,87.03734717802713,0.3988397381446503,0.9284181710565256,0.9994822779769016,0.8667886993161567,0.38658595085144043,0.1334071159362793
MinMaxScaler,130,0,94.22563150228649,99.79840829551124,87.03734717802713,0.40057877587858076,0.9284075773272162,0.9996414628316469,0.8666505491469227,0.7759134769439697,0.14117431640625
MinMaxScaler,133,0,94.21298562525256,99.788456683559,87.1344833361246,0.3998676262054883,0.9289952860708014,0.999443140686528,0.8678248255854113,0.9474844932556152,0.15986013412475586
MinMaxScaler,136,0,93.80221503326835,99.77357857261738,87.09093954111539,0.3987748117506715,0.9287404777753124,0.9994031038599284,0.8674103750777095,0.9103491306304932,0.18024611473083496
MinMaxScaler,139,0,93.84559587303586,99.77653060347701,87.04739574610618,0.3985554278622584,0.9284802752039061,0.9994425642046586,0.8669268494853907,0.7979855537414551,0.16951847076416016
MinMaxScaler,142,0,93.73208388950532,99.77658283024692,86.58181209177692,0.39257312841263403,0.9257130141304751,0.9995194617972128,0.8620570560198936,0.8066999912261963,0.17014074325561523
MinMaxScaler,145,0,93.9206719035445,99.78278362138593,87.12443476804556,0.40058655000397075,0.9289306315633782,0.9995225590833134,0.8676521378738689,0.39632320404052734,0.18211102485656738
MinMaxScaler,148,0,94.09082967303107,99.7879333178165,87.07754145034332,0.39987890427003175,0.9286533269223657,0.9995222929936306,0.8671686122815501,1.2494709491729736,0.17771029472351074
MinMaxScaler,151,0,94.23027164601173,99.7926420200326,87.05744431418523,0.3995765253748434,0.9285344381149664,0.9995221788643784,0.8669613870276991,0.6352279186248779,0.16873455047607422
MinMaxScaler,154,0,93.75037997046408,99.77717109980237,87.03734717802713,0.39927468274283506,0.928415522918131,0.9995220646805799,0.8667541617738481,0.9646685123443604,0.14216399192810059
MinMaxScaler,157,0,94.15844620772036,99.78879996957774,87.17802713113382,0.4009632828676282,0.9292499907588807,0.9994831424936387,0.8682392760931132,0.8539028167724609,0.1839897632598877
MinMaxScaler,160,0,94.38948166623824,99.79812604435575,87.24501758499413,0.4024198113823781,0.9296430419037766,0.999523241954708,0.8688954893969745,1.1907129287719727,0.14725518226623535
MinMaxScaler,163,0,94.18017304343674,99.78576330664963,87.14453190420365,0.3995839787140261,0.9290573012939002,0.9994034836554522,0.8679629757546453,1.0939347743988037,0.15913844108581543
MinMaxScaler,166,0,94.3945185508768,99.80006334870404,87.20817283537096,0.4022931946691794,0.9294228530243389,0.9995627459554001,0.8684810388892726,1.1196091175079346,0.17390990257263184
MinMaxScaler,169,0,93.64602752714953,99.77021500842528,86.98375481493888,0.3976028791249731,0.9281036077705828,0.9994421421740517,0.8662706361815293,0.4920518398284912,0.17584538459777832
MinMaxScaler,172,0,93.94248307066275,99.78542314002277,87.00720147378999,0.3988229206083917,0.9282371006234622,0.9995218933025221,0.8664433238930718,1.021751880645752,0.18329954147338867
MinMaxScaler,175,0,94.36265469733192,99.79907745538314,86.94021101992966,0.3982576395642826,0.9278377227887694,0.9995613510388005,0.8657180355045935,1.121178388595581,0.17251038551330566
MinMaxScaler,178,0,94.0059137012232,99.77825038730619,87.23161949422207,0.40047088009952403,0.929574342299734,0.9993644236116628,0.8688954893969745,0.7249755859375,0.1935136318206787
MinMaxScaler,181,0,94.42257790822399,99.80092799250194,87.12778429073857,0.4010724625143246,0.9289478063120528,0.9995623284128436,0.8676521378738689,0.6056492328643799,0.17249131202697754
MinMaxScaler,184,0,94.03415322111071,99.78644653673186,87.20147378998493,0.40175552632966405,0.9293858919628172,0.9995229955877092,0.8684465013469641,0.9223401546478271,0.16744065284729004
MinMaxScaler,187,0,94.30906975793899,99.79733828011335,87.12778429073857,0.4010724625143246,0.9289478063120528,0.9995623284128436,0.8676521378738689,0.9442987442016602,0.17664647102355957
MinMaxScaler,190,0,94.17748018844543,99.79111600786442,87.07084240495729,0.39977805161596675,0.9286137002515165,0.9995222549566048,0.8670995371969331,0.6810042858123779,0.16976499557495117
MinMaxScaler,193,0,94.05802092446076,99.78355917952761,87.1344833361246,0.3998676262054883,0.9289952860708014,0.999443140686528,0.8678248255854113,0.9007053375244141,0.18547320365905762
MinMaxScaler,196,0,94.2465801891584,99.79124741062482,87.0942890638084,0.39969608000114887,0.9287550156247111,0.9994826282484977,0.8673758375354009,0.7764151096343994,0.18355941772460938
MinMaxScaler,199,0,94.48297644156291,99.80317863958463,87.21487188075699,0.4019596466334159,0.9294650281807262,0.9995230714200548,0.8685846515161981,0.7674498558044434,0.20246171951293945
MinMaxScaler,202,0,94.35028098073127,99.79297048646946,87.11773572265952,0.39961449316284914,0.9288962839711592,0.9994430299172502,0.8676521378738689,0.834176778793335,0.18678832054138184
MinMaxScaler,205,0,94.2259151624564,99.79049035540393,87.07419192765032,0.3993933492846171,0.9286361534905224,0.9994825046773615,0.8671686122815501,1.0272495746612549,0.1753988265991211
MinMaxScaler,208,0,94.20515813786146,99.78620154014995,87.03064813264109,0.39786907899285023,0.9283838271741945,0.9994026760114686,0.8667886993161567,0.9241447448730469,0.21069788932800293
MinMaxScaler,211,0,93.80419873783491,99.76976656314862,87.03734717802713,0.3970987217882002,0.9284287616511319,0.9993231945218568,0.8669268494853907,0.5211498737335205,0.20198726654052734
MinMaxScaler,214,0,94.6435491805786,99.80426505200019,87.24501758499413,0.4019838705079164,0.9296456416509625,0.9994835531542984,0.868930026939283,0.6115174293518066,0.18805193901062012
MinMaxScaler,217,0,94.535112414142,99.79702210129423,87.24836710768716,0.40116276894143466,0.9296706138811403,0.9994042181356,0.8690336395662085,0.5874471664428711,0.19296956062316895
MinMaxScaler,220,0,94.23376181607522,99.79312067026385,87.39239658348686,0.4046875069591382,0.9305124796928076,0.9995240739271833,0.870415141258548,0.8570375442504883,0.190216064453125
MinMaxScaler,223,0,94.22025729204049,99.79040324264008,87.04404622341316,0.3989402607727153,0.928457810823808,0.9994823192099395,0.8668577744007736,0.9080777168273926,0.18834710121154785
MinMaxScaler,226,0,94.70049012644112,99.8063073790535,87.24501758499413,0.4019838705079164,0.9296456416509625,0.9994835531542984,0.868930026939283,1.0962607860565186,0.20177102088928223
MinMaxScaler,229,0,93.96231053321442,99.78604341162105,87.2584156757662,0.4030606070448513,0.9297195432878839,0.9995630065151756,0.8689991020239,0.7600493431091309,0.18618464469909668
MinMaxScaler,232,0,94.03076654867681,99.77725297178898,87.09093954111539,0.3979035381358765,0.9287457476704629,0.9993236253680273,0.8674794501623264,0.7032697200775146,0.19365191459655762
MinMaxScaler,235,0,94.82643715850095,99.8100229230302,87.24836710768716,0.40203506044357573,0.9296654165204057,0.9994835736702022,0.8689645644815915,1.0160505771636963,0.22225427627563477
MinMaxScaler,238,0,94.26237124415728,99.79028434709386,87.2383185396081,0.40144550223944897,0.929608690832502,0.9994438264738599,0.8688954893969745,0.9116368293762207,0.20658373832702637
MinMaxScaler,241,0,94.10902417298301,99.78508330204986,87.18807569921286,0.4006801896506333,0.9293119698397738,0.9994434948523274,0.8683774262623472,0.3226280212402344,0.209059476852417
MinMaxScaler,244,0,94.3017060932581,99.78933779957757,87.0540947914922,0.3982207348699209,0.9285225528452278,0.9994028424698436,0.867030462112316,0.7244484424591064,0.22865986824035645
MinMaxScaler,247,0,94.32584787366419,99.79215676418322,87.09763858650142,0.39931122962925863,0.9287774572886621,0.9994428969359331,0.867444912620018,1.0722544193267822,0.20682120323181152
MinMaxScaler,250,0,93.96416199080988,99.78020097357863,86.9703567241668,0.3974030216424742,0.9280242756170669,0.9994420532440619,0.8661324860122953,0.8186383247375488,0.22939848899841309
MinMaxScaler,253,0,94.49941723168067,99.79760799102648,87.3187070842405,0.40267718621090326,0.9300831024930748,0.9994443562470233,0.8697243904123783,1.0106091499328613,0.22220325469970703
MinMaxScaler,256,0,94.66040779446014,99.80470226131169,87.4627365600402,0.4053435052866596,0.9309294901367385,0.9994848833062567,0.8711749671893348,0.732731819152832,0.30705857276916504
MinMaxScaler,259,0,94.69696929041335,99.80230719202726,87.24501758499413,0.4011116112811871,0.9296508405690006,0.9994041944709247,0.8689991020239,0.9797494411468506,0.22282648086547852
MinMaxScaler,262,0,94.60635519911142,99.80693991343396,87.29191090269637,0.40357413557294586,0.9299172454558888,0.9995631800492415,0.8693444774469848,1.1844382286071777,0.2561371326446533
MinMaxScaler,265,0,94.43063539034743,99.79919080554997,87.3220566069335,0.4036014481217497,0.9300976970099913,0.9995236772119239,0.8696898528700697,0.5658609867095947,0.21951651573181152
MinMaxScaler,268,0,94.40846581477128,99.79490408638638,87.24166806230113,0.40149664537938573,0.9296284663846139,0.99944384856791,0.868930026939283,1.0576562881469727,0.20660805702209473
MinMaxScaler,271,0,94.33930448212968,99.7941872308962,86.92681292915759,0.39718964380562527,0.9277636912143029,0.9994815966822188,0.8656489604199765,0.523036003112793,0.21674752235412598
MinMaxScaler,274,0,94.87464788764788,99.80614681648233,87.44933846926813,0.4038233077455242,0.9308582289225545,0.9993660604619834,0.8711404296470263,0.6749303340911865,0.23257827758789062
MinMaxScaler,277,0,93.78314655333344,99.77074733954004,87.20482331267795,0.40006278925787203,0.9294161123429416,0.9993642215687832,0.8686191890585065,0.9937577247619629,0.21380400657653809
MinMaxScaler,280,0,94.65921565509744,99.79897359104292,87.23161949422207,0.40047088009952403,0.929574342299734,0.9993644236116628,0.8688954893969745,0.6878340244293213,0.20789027214050293
MinMaxScaler,283,0,94.0116731526459,99.77827086312054,87.10768715458047,0.3985916078318687,0.9288421363997708,0.9993634880852926,0.8676176003315604,0.9502944946289062,0.24723505973815918
MinMaxScaler,286,0,94.55299258795978,99.79918282256219,87.422542287724,0.40428136101613243,0.9306952621767778,0.9994450390454671,0.8707950542239414,0.8695230484008789,0.2340998649597168
MinMaxScaler,289,0,94.48230945683908,99.79722888727134,87.03399765533412,0.39835444692950905,0.9284009987977434,0.9994424754091832,0.8667886993161567,0.8566348552703857,0.22864770889282227
MinMaxScaler,292,0,94.8659483368966,99.81322982242054,87.15792999497572,0.40109381640697916,0.9291286184332138,0.999522748965956,0.8679975132969537,0.8218252658843994,0.2575712203979492
MinMaxScaler,295,0,94.25096733867807,99.78575725833552,87.12778429073857,0.3984590706860142,0.9289635667942107,0.9993239212567111,0.8678593631277198,0.9636328220367432,0.23441576957702637
MinMaxScaler,298,0,94.76253695536194,99.80799205494351,87.31535756154749,0.40306209360866696,0.9300607605222819,0.9994839836462509,0.8696553153277613,0.508751392364502,0.24972271919250488
MinMaxScaler,301,0,94.27213068730015,99.78457572534975,87.00720147378999,0.3966476848214863,0.9282503745630099,0.999322951929587,0.8666160116046142,1.0227665901184082,0.24435162544250488
MinMaxScaler,304,0,94.77013636464346,99.80633204923784,87.51297940043544,0.4056908944304174,0.9312278630460449,0.9994456323750693,0.8717275678662706,0.9290049076080322,0.22006726264953613
MinMaxScaler,307,0,94.89868042055612,99.81259963044666,87.20482331267795,0.40137078564821643,0.9294082862105925,0.999483306836248,0.8685155764315812,0.7817111015319824,0.2677116394042969
MinMaxScaler,310,0,94.37097667339758,99.79336774327669,87.2986099480824,0.40236843145865514,0.9299645390070922,0.9994442238983724,0.8695171651585273,1.0050780773162842,0.23454642295837402
MinMaxScaler,313,0,94.26093761032558,99.78973367219632,87.24166806230113,0.40149664537938573,0.9296284663846139,0.99944384856791,0.868930026939283,0.26186704635620117,0.23962140083312988
MinMaxScaler,316,0,94.77443151627017,99.80119344955492,87.57996985429575,0.40542869141817756,0.9316296050448059,0.9993275316455696,0.8725219313393658,0.8402509689331055,0.24932551383972168
MinMaxScaler,319,0,93.89790817490977,99.77846903077341,87.22492044883604,0.40124108285280513,0.9295295813162854,0.9994437380801017,0.8687573392277406,0.4815175533294678,0.26571083068847656
MinMaxScaler,322,0,94.27587576819198,99.77468610285646,87.03399765533412,0.3948695628853982,0.9284221815425011,0.9991244478051499,0.8670649996546246,0.8480710983276367,0.25838589668273926
MinMaxScaler,325,0,94.61486500420853,99.80475274957018,87.01390051917602,0.39892320853746377,0.9282767551567848,0.9995219313971555,0.8665123989776887,0.38728785514831543,0.22665095329284668
MinMaxScaler,328,0,94.59509695696269,99.79308230406608,87.03399765533412,0.3966129992644937,0.9284115917370962,0.9992834109638122,0.8669268494853907,0.6055717468261719,0.23458147048950195
MinMaxScaler,331,0,94.06128109979188,99.78161118266277,87.27516328923129,0.40157258348695574,0.9298287740815309,0.9994044073853484,0.8693099399046764,0.21358180046081543,0.23620009422302246
MinMaxScaler,334,0,94.82548651360722,99.80429798650974,87.42589181041701,0.40345910068837093,0.9307201122061048,0.9993658845909955,0.8708986668508669,0.9765536785125732,0.20880818367004395
MinMaxScaler,337,0,94.51001615559665,99.79617376371534,87.42924133311003,0.40394829254525877,0.9307372889175971,0.9994054932424399,0.8708986668508669,1.0306060314178467,0.2355797290802002
MinMaxScaler,340,0,94.56698585080073,99.79616130862655,87.15792999497572,0.3993509752786826,0.9291390973274684,0.9993638676844784,0.8681356634661878,1.3521699905395508,0.24802470207214355
MinMaxScaler,343,0,94.62558275873621,99.80746458476861,87.19812426729192,0.4021401249263014,0.9293634952317587,0.9995626938061541,0.8683774262623472,0.6540014743804932,0.2573354244232178
MinMaxScaler,346,0,94.62821236517614,99.80577397046423,87.26511472115223,0.4027272779373032,0.9297616848328099,0.9995233555767398,0.8691027146508254,0.7800726890563965,0.2746100425720215
MinMaxScaler,349,0,94.36259336540328,99.78562895110997,87.4426394238821,0.4024065756775014,0.9308264295071683,0.9992473160876283,0.8711749671893348,0.5165221691131592,0.27554988861083984
MinMaxScaler,1,1,89.94043289761852,99.65298228367082,78.72383185396082,0.3078019679984213,0.876837166013883,0.9996021220159151,0.7809283691372522,0.70992112159729,0.04933667182922363
MinMaxScaler,4,1,79.64070529571303,99.27931771874404,72.01473789984927,0.22629234147677313,0.8320434214493919,0.9953826174787167,0.7147544380741866,0.892791748046875,0.05022430419921875
MinMaxScaler,7,1,68.04360232469475,98.78372964379176,57.91659688494389,0.18287142494746367,0.7233086680761099,0.9980551841497508,0.5671755197900118,0.9558894634246826,0.06887483596801758
MinMaxScaler,10,1,83.18487620571864,99.40079230329663,74.16848099145872,0.23888421233432036,0.8469598348944277,0.9954286780483254,0.7370311528631622,0.614905595779419,0.058098793029785156
MinMaxScaler,13,1,63.02996632033804,98.50828794365276,52.52386534918774,0.15111285559618395,0.6768501208335234,0.9957070029514354,0.5126752780272156,0.7938098907470703,0.060903072357177734
MinMaxScaler,16,1,72.42098090146743,98.85387525587649,47.68045553508625,0.13021810946555945,0.6319509896324222,0.9943645261752929,0.4631484423568419,0.9735996723175049,0.059882164001464844
MinMaxScaler,19,1,80.17468598244204,99.17398896379885,64.68598224752972,0.18952855379607925,0.7782708364003449,0.9950524334498521,0.639048145333978,1.0656251907348633,0.05171537399291992
MinMaxScaler,22,1,73.45670659656325,98.83371643145706,93.70959638251549,0.3021172258607175,0.9670422238601664,0.983016983016983,0.951578365683498,0.7373940944671631,0.08414816856384277
MinMaxScaler,25,1,84.99622463646841,99.42596782004493,70.79886116228438,0.20811013759623284,0.8236650485436893,0.9938982719906277,0.7032188989431513,0.7771275043487549,0.08217883110046387
MinMaxScaler,28,1,90.4521481776329,99.63877226822385,86.02914084742925,0.3274192774906538,0.9227921440867779,0.9942957437472576,0.860882779581405,1.120589017868042,0.0993199348449707
MinMaxScaler,31,1,79.37890037525173,99.17340072858916,60.59286551666388,0.1870878459799392,0.745583115282313,0.997107987737868,0.5953926918560475,1.0043294429779053,0.08777999877929688
MinMaxScaler,34,1,86.47467294174072,99.49596105382672,73.32775079551163,0.24440730574297545,0.8410102825197164,0.9966873314088306,0.7273951785590937,1.0213916301727295,0.08418726921081543
MinMaxScaler,37,1,84.95239339035004,99.44710107688965,68.42739909562887,0.20864368977176906,0.8062964941843739,0.9954333265678912,0.6775575050079437,0.806771993637085,0.07375812530517578
MinMaxScaler,40,1,88.81899583226547,99.61562887156248,77.64528554680959,0.27263141768293264,0.8701152109606103,0.9966562639322336,0.7720867583062789,1.0590789318084717,0.1093900203704834
MinMaxScaler,43,1,85.35835134255976,99.48025986343161,78.4759671746776,0.25689092581363315,0.8758068880213367,0.994295243110409,0.7825516336257512,0.6481063365936279,0.1036367416381836
MinMaxScaler,46,1,73.97246978386706,98.98555546583073,53.30095461396751,0.15129620384087875,0.6839122154711164,0.995314768377986,0.5209297506389445,1.1527502536773682,0.0831301212310791
MinMaxScaler,49,1,85.32869352182271,99.46032872259266,67.01390051917602,0.21046442991172779,0.7956507304116865,0.9965692899469799,0.6621537611383574,1.2795298099517822,0.09798598289489746
MinMaxScaler,52,1,81.06050111098955,99.32895402872268,73.99095628872885,0.2510066872368279,0.8455371884386624,0.9969977013651077,0.7340263866823237,0.9243674278259277,0.10165286064147949
MinMaxScaler,55,1,81.62643573253361,99.32198317870198,66.10952939206163,0.20637198991741149,0.7888564273789649,0.9965728145101761,0.6527940871727568,0.45238828659057617,0.0897817611694336
MinMaxScaler,58,1,83.88802185133952,99.37331511778436,67.96851448668565,0.20060206362295951,0.8030480897950778,0.994643130452528,0.6733439248463079,0.36704373359680176,0.0928490161895752
MinMaxScaler,61,1,75.27654949942796,99.06689738644879,51.84726176519846,0.16716132960436195,0.6699724517906336,0.9990414897987129,0.5039718173654762,0.9285070896148682,0.11354637145996094
MinMaxScaler,64,1,83.32451750746735,99.4008477272803,71.94104840060291,0.23894984991160956,0.8312959419997986,0.9970049756050432,0.7128203357049112,0.6458494663238525,0.08873486518859863
MinMaxScaler,67,1,82.40332535583826,99.36990027842667,76.53994305811422,0.24836122335700617,0.8630265576719991,0.9948151487826871,0.762070871036817,0.819782018661499,0.11989116668701172
MinMaxScaler,70,1,80.79615474873574,99.28816767866675,76.95528387204823,0.24455119947204118,0.8658660219917336,0.9940907869997314,0.766940664502314,1.0262651443481445,0.1178276538848877
MinMaxScaler,73,1,73.56889802700553,99.01263396499711,64.8266622006364,0.18756904872205107,0.779413927108497,0.9946919736207174,0.640740484907094,0.6970970630645752,0.14810848236083984
MinMaxScaler,76,1,75.91663250606015,99.11567519379221,60.93451683135154,0.1951579670840273,0.7481483081042561,0.9981561509651398,0.5982938454099607,0.745262622833252,0.1339552402496338
MinMaxScaler,79,1,81.42717212966765,99.30554106601922,73.86702394908725,0.22126750793945563,0.8451431066650787,0.993559828262087,0.7353042757477378,1.0492255687713623,0.11437249183654785
MinMaxScaler,82,1,85.73125713510741,99.47151567531395,71.29794004354379,0.2159403305489114,0.8271089320662591,0.99456548110049,0.7079160046971058,1.264801025390625,0.13486242294311523
MinMaxScaler,85,1,82.44907130810346,99.36878728269751,79.38368782448502,0.26012066425951075,0.8817096842388484,0.9939338792841977,0.7922566830144367,0.9298427104949951,0.13915061950683594
MinMaxScaler,88,1,84.52507851061851,99.45900468246793,77.97353877072517,0.26835045129012036,0.8723503377591428,0.9959223473096357,0.7760585756717552,1.4547486305236816,0.12620329856872559
MinMaxScaler,91,1,80.16450679891261,99.25467249325052,59.56121252721487,0.1739944832292783,0.7374464476002001,0.9956544717834283,0.5855840298404366,0.9162704944610596,0.1119987964630127
MinMaxScaler,94,1,82.03796914038013,99.34299776370828,64.98408976720818,0.21438845907447074,0.7799713756524668,0.9984373316090096,0.6399461214339988,0.8876223564147949,0.11246252059936523
MinMaxScaler,97,1,81.0027226009767,99.31532465871089,59.75548484340981,0.19944351170308208,0.7382752085738559,0.9995870937297233,0.5852731919596601,0.423490047454834,0.12271428108215332
MinMaxScaler,100,1,83.72642755238763,99.41437535130805,67.28521185731033,0.22571707478938122,0.7973609410983631,0.9984931150948299,0.6636734129999309,0.5483663082122803,0.11323666572570801
MinMaxScaler,103,1,88.16970728647078,99.56963145123991,75.50829006866522,0.24903820924407485,0.8560233135115977,0.995648589226823,0.7507425571596326,0.7640540599822998,0.12610268592834473
MinMaxScaler,106,1,86.73596229067701,99.52677552057824,75.17668732205661,0.26131978953015544,0.853575168434987,0.9973221293688536,0.746045451405678,0.9739513397216797,0.1524801254272461
MinMaxScaler,109,1,88.04058249385895,99.56749826370633,81.59102327918272,0.29137145255084157,0.8955847708792462,0.9952706697069504,0.8140498722110935,0.6544814109802246,0.14142751693725586
MinMaxScaler,112,1,88.05997296641915,99.57268028357787,76.15809747111037,0.26391065350869675,0.8602340559220861,0.996859925366342,0.7565448642674587,0.8564610481262207,0.12690448760986328
MinMaxScaler,115,1,85.70907222654911,99.47927517286227,71.24099815776252,0.23059378960200588,0.826433249777634,0.9964414546163596,0.7059819023278303,0.5545642375946045,0.12221312522888184
MinMaxScaler,118,1,88.10144101666259,99.56026777522106,74.27566571763523,0.25833757179996153,0.8474010491177874,0.9976607092729485,0.7364785521862264,0.35034775733947754,0.1381969451904297
MinMaxScaler,121,1,88.82127086349298,99.59345016906607,75.10969686819628,0.2675179031124275,0.8530232006171008,0.998102291136311,0.7447675623402639,0.6324982643127441,0.1333622932434082
MinMaxScaler,124,1,86.37118106204974,99.48709408336917,71.28789147546475,0.24120492295372903,0.8265760297806911,0.9977532480218814,0.70553291427782,0.4894702434539795,0.15302205085754395
MinMaxScaler,127,1,83.08353094352962,99.37210407952743,68.56472952604253,0.22372768429869835,0.8070002262117754,0.9973567834087328,0.6776611176348691,1.0364630222320557,0.13164019584655762
MinMaxScaler,130,1,82.75273526985319,99.38391524517463,75.74610617986937,0.24077083083651024,0.8577602294379948,0.9945337767047784,0.7540581612212475,0.43647146224975586,0.1375114917755127
MinMaxScaler,133,1,87.51132436563428,99.52814458929684,81.86568414001005,0.2754262242266088,0.8974737719198576,0.993459667952373,0.8184016025419631,0.8796837329864502,0.16098928451538086
MinMaxScaler,136,1,88.0982977553204,99.56775740582401,71.68313515324066,0.24546269022724082,0.8293362403100775,0.99800796812749,0.7094356565586792,0.6445310115814209,0.15316009521484375
MinMaxScaler,139,1,89.33059036504534,99.62411453945481,74.44984089767208,0.27389881703885016,0.8483679879139665,0.9993911577369802,0.7369966153208538,1.1658499240875244,0.15761852264404297
MinMaxScaler,142,1,88.96808416764563,99.59291405139248,75.83319376988779,0.2584259935506823,0.8581037229335065,0.996482894075732,0.7534710230020032,1.1034972667694092,0.1412034034729004
MinMaxScaler,145,1,89.92048277120959,99.64393032187624,74.15843242337968,0.2734792818858204,0.8463484097110195,0.9995766100578632,0.7338536989707812,0.7936463356018066,0.14319205284118652
MinMaxScaler,148,1,89.11535937788572,99.60144276972072,75.14989114051248,0.2767870972149626,0.85316180108857,0.9991655463353577,0.7443876493748705,0.7543637752532959,0.15871930122375488
MinMaxScaler,151,1,89.01134042693309,99.60642138048456,74.17852955953776,0.27012619361675905,0.8465412560963471,0.9991541750857572,0.7343717621054086,1.1160755157470703,0.18298053741455078
MinMaxScaler,154,1,88.88624629200577,99.60647355783547,75.06615307318707,0.2773710611454502,0.852576543747772,0.9993036211699164,0.7434205981902328,1.180023193359375,0.17090582847595215
MinMaxScaler,157,1,89.37478960273548,99.61436535452954,76.288728856138,0.28066162672855743,0.8608878495490008,0.9986777914557972,0.7565103267251503,0.8131978511810303,0.16024994850158691
MinMaxScaler,160,1,89.19142630236625,99.61664984437604,74.37950092111873,0.27225671885632785,0.8479051917838182,0.999250128884098,0.736374939559301,0.8792135715484619,0.14536809921264648
MinMaxScaler,163,1,88.6200925544802,99.59031627242615,73.93401440294758,0.27043053924178256,0.8448317115967459,0.9993867345976035,0.7316778338053465,0.8558895587921143,0.1762244701385498
MinMaxScaler,166,1,90.44249223211958,99.65465523604806,74.38954948919779,0.27232479323981335,0.8479739133892711,0.9992502343017807,0.7364785521862264,1.3723344802856445,0.16151785850524902
MinMaxScaler,169,1,89.79005659173718,99.63047412556556,75.04270641433595,0.2748671494159645,0.8524525238123527,0.9990252958923184,0.7433860606479243,0.5113604068756104,0.1751542091369629
MinMaxScaler,172,1,89.28422726024831,99.614537991067,74.57042371462067,0.2747212945083242,0.8491915299352429,0.999392182532261,0.7382399668439594,0.8482389450073242,0.17568182945251465
MinMaxScaler,175,1,87.83108220878046,99.5640009394194,75.74275665717636,0.269615536950875,0.8573286052009457,0.9978446299183711,0.7515023830904193,1.2156188488006592,0.18366694450378418
MinMaxScaler,178,1,88.77512625369171,99.59327316332754,74.5771227600067,0.27165710953531863,0.8492851469420175,0.9990189666448659,0.7385853422670443,1.3121540546417236,0.14513087272644043
MinMaxScaler,181,1,89.16039809634893,99.61098489479568,74.99246357394071,0.2756872640796228,0.852093981536511,0.9991637242148299,0.7427643848863715,1.064157485961914,0.2097780704498291
MinMaxScaler,184,1,90.09923467719513,99.63741632599962,74.47998660190923,0.2721618505849761,0.8486040735221063,0.9991577371203968,0.7374801409131726,0.6471943855285645,0.17641901969909668
MinMaxScaler,187,1,89.14283608191094,99.60776561066437,73.20381845587004,0.2513706107632215,0.8400255959046553,0.9976251543649662,0.7254265386475098,0.7396085262298584,0.173750638961792
MinMaxScaler,190,1,87.39665090870535,99.54978301285932,70.95293920616312,0.2514435226833829,0.823968821045794,0.9993106843919252,0.7009739586930994,1.058440923690796,0.16967034339904785
MinMaxScaler,193,1,89.05246540170076,99.59641289344844,74.52018087422543,0.2701025841013064,0.8489145762577212,0.9988782425800421,0.7381018166747254,0.3595738410949707,0.16929268836975098
MinMaxScaler,196,1,89.39150830315484,99.6244317569175,76.46290403617485,0.28589420362522283,0.8619965042518509,0.9991349874800819,0.7579609035021068,0.8130748271942139,0.19475841522216797
MinMaxScaler,199,1,88.3786000021313,99.57553544784011,79.02863841902528,0.2719524311742698,0.8792594735319641,0.9954587135932929,0.7873523520066312,0.42087411880493164,0.17679834365844727
MinMaxScaler,202,1,90.2755658886226,99.65130571768579,76.71746776084409,0.286622542788992,0.8637085547342209,0.9990021318093164,0.7606893693444774,0.7123486995697021,0.19003725051879883
MinMaxScaler,205,1,90.09766304652402,99.63843729385661,74.640763691174,0.27286997153799364,0.8497071960297766,0.9991130199337099,0.7391724804862886,1.1396536827087402,0.16979527473449707
MinMaxScaler,208,1,91.41190469600944,99.68665385630516,74.21202478646792,0.27306501727259674,0.8467281161036013,0.9994830098228134,0.734475374732334,0.3513824939727783,0.19684815406799316
MinMaxScaler,211,1,89.19649001972358,99.6130612784955,75.92028135990621,0.2815037530616115,0.8583699442463405,0.9990827791790874,0.75240035919044,1.116635799407959,0.18811917304992676
MinMaxScaler,214,1,90.17183059783987,99.64309836710619,74.1215876737565,0.27168245788114376,0.8461201402166986,0.9993883504281547,0.7336119361746218,0.39508867263793945,0.18976354598999023
MinMaxScaler,217,1,90.5258902386939,99.65323613170227,76.43610785463072,0.2845122601704559,0.861833965080425,0.9989983153485408,0.7577882157905643,0.4955098628997803,0.20482134819030762
MinMaxScaler,220,1,91.62560238495338,99.69525497332657,75.0293083235639,0.2782828911816107,0.8523089724032727,0.9994424569065651,0.742937072597914,0.7419247627258301,0.19347834587097168
MinMaxScaler,223,1,89.34134453540565,99.60769575864138,74.23882096801205,0.27130691271235835,0.846942227706024,0.999248649917821,0.7349243627823444,0.5359523296356201,0.18725013732910156
MinMaxScaler,226,1,89.480190438705,99.6175628747287,76.63038017082566,0.2824120357833644,0.8631772988449395,0.9985934026044739,0.7601022311252331,0.40643882751464844,0.19658780097961426
MinMaxScaler,229,1,89.12424100780012,99.5969700959444,75.12644448166135,0.2715455332777932,0.8530785058562836,0.9985641500694766,0.7445948746287214,0.8790645599365234,0.20613813400268555
MinMaxScaler,232,1,90.11631561931794,99.63152870661406,77.1930999832524,0.2823198808974829,0.8669675478186116,0.9981105762742364,0.7662844511984527,1.0200884342193604,0.187178373336792
MinMaxScaler,235,1,90.33732330750517,99.6461152210654,77.33377993635906,0.2885720880719891,0.8678294497939413,0.9986963362553383,0.7672860399253989,0.5727436542510986,0.224898099899292
MinMaxScaler,238,1,89.5696449732313,99.62119111016108,76.1413498576453,0.28115282878127745,0.8598800039342972,0.998857456240574,0.7548525246943427,1.1601648330688477,0.20366668701171875
MinMaxScaler,241,1,89.27913287692668,99.61535920612883,75.26712443476804,0.2791734070337798,0.8539325842696629,0.999351791832577,0.7454583131864336,0.6073000431060791,0.19519305229187012
MinMaxScaler,244,1,89.2213102845901,99.60232741546633,75.2805225255401,0.2734057564241677,0.8541098327600521,0.9986593934911243,0.746114526490295,0.9372992515563965,0.2229926586151123
MinMaxScaler,247,1,90.07856965049311,99.6476055139575,75.40445486518172,0.28092771738971023,0.8548498685484986,0.9994453431938988,0.7468052773364647,0.7743527889251709,0.2163867950439453
MinMaxScaler,250,1,89.36736460612596,99.60486244793366,76.41266119577959,0.2847317185771539,0.8616720358293392,0.9990434544957638,0.7575119154520964,0.8973534107208252,0.2040555477142334
MinMaxScaler,253,1,90.66281760260084,99.666529989197,75.37765868363758,0.27800182929184375,0.8547089633362981,0.9991220368744512,0.7467707397941562,0.2844405174255371,0.21660518646240234
MinMaxScaler,256,1,89.6147526901142,99.62174605656277,76.55334114888629,0.2845989895948508,0.8626265797943323,0.9989091900736297,0.7590661048559785,1.0173530578613281,0.26785731315612793
MinMaxScaler,259,1,89.66850245906535,99.62083939987697,73.65600401942723,0.26704852334217366,0.8429418695209377,0.9991951900771671,0.7289493679629757,1.026482343673706,0.21953654289245605
MinMaxScaler,262,1,90.54702292135168,99.64075499163769,76.98208005359236,0.28427833183808066,0.8655238542522797,0.9985100234784179,0.7637977481522414,1.0804710388183594,0.20868897438049316
MinMaxScaler,265,1,90.00495983640322,99.62732061084915,75.91358231452018,0.2794919987354246,0.8583528670199145,0.9988538944666024,0.7525039718173655,0.8598034381866455,0.2258613109588623
MinMaxScaler,268,1,90.3008557260677,99.6515820988822,75.85998995143191,0.2826350912575961,0.8579425620404865,0.9992653473529547,0.7516405332596533,0.8272943496704102,0.2154700756072998
MinMaxScaler,271,1,91.1435487589216,99.67313988283367,76.66722492044885,0.2874275605621689,0.8633581796783052,0.9991373830927086,0.7600676935829246,0.5643529891967773,0.2189335823059082
MinMaxScaler,274,1,89.37629031836408,99.60038846669552,77.22994473287557,0.28895758630930873,0.8671279465228099,0.9988292507204611,0.7661117634869102,1.0562920570373535,0.19226574897766113
MinMaxScaler,277,1,88.19667608546207,99.53785127392914,75.78964997487859,0.27073730146696057,0.8576324601142407,0.9979372937293729,0.7519168335981211,0.4994814395904541,0.25629448890686035
MinMaxScaler,280,1,88.35377973726474,99.5551603019372,74.79149221235973,0.26922912605230426,0.850804852906193,0.9985574685900419,0.7411411203978725,0.8378205299377441,0.2080371379852295
MinMaxScaler,283,1,92.1412448250227,99.71648015435825,78.52286049237983,0.30371625458732826,0.8755579707332221,0.9993354598617756,0.7790633418525937,0.5827016830444336,0.2380809783935547
MinMaxScaler,286,1,90.22917978435235,99.64660287794983,75.57863004521856,0.2798239233746714,0.8560598582512389,0.9991704686851929,0.7488084547903571,0.8592371940612793,0.23034238815307617
MinMaxScaler,289,1,89.59039624795793,99.61202230747888,75.96047563222241,0.27904656601451355,0.8586787437235404,0.9987632266043699,0.7530565724943014,0.31896495819091797,0.21975469589233398
MinMaxScaler,292,1,89.0721069518438,99.59618301983333,74.03115056104505,0.26681555243511873,0.845566997988168,0.9988705350840039,0.733059335497686,1.1492998600006104,0.23417353630065918
MinMaxScaler,295,1,89.22199451891886,99.59774935648329,75.54178529559537,0.27721150125339883,0.8558455403324515,0.9988940092165899,0.7486357670788146,1.2119808197021484,0.22480201721191406
MinMaxScaler,298,1,89.57180692371543,99.61215044681316,73.99095628872885,0.2677111922627669,0.8452724917804125,0.9990108803165183,0.7325412723630587,0.8751733303070068,0.24786972999572754
MinMaxScaler,301,1,89.11562195520514,99.58361747715725,75.05945402780104,0.2671697818328095,0.8526828110161444,0.9981009726725336,0.7442494992056365,1.2738966941833496,0.2282867431640625
MinMaxScaler,304,1,89.94151578948336,99.63591081793301,77.35722659521018,0.28875442197467077,0.8679842205991486,0.9986967463598778,0.7675278027215583,1.0488924980163574,0.22667956352233887
MinMaxScaler,307,1,89.53378112796624,99.60315911833281,75.85329090604588,0.277877450034055,0.8579647325386661,0.9987156552451723,0.7519859086827382,0.5701537132263184,0.25441741943359375
MinMaxScaler,310,1,88.88531098009419,99.59217163889357,78.67693853625858,0.2913446141672958,0.8767234701781564,0.9978400775808869,0.7818263452372729,0.744854211807251,0.2335977554321289
MinMaxScaler,313,1,88.58801595580789,99.56550233351803,76.03081560877575,0.2756236693218485,0.8592059182308267,0.9983083394294074,0.7541272363058644,0.607050895690918,0.2567782402038574
MinMaxScaler,316,1,90.04494633724572,99.6417715591533,74.98241500586167,0.27444756274102067,0.8520433430399557,0.9990244808844707,0.7427643848863715,1.2436585426330566,0.23555827140808105
MinMaxScaler,319,1,89.50814821504538,99.60387258476015,75.54848434098142,0.2768675448705677,0.8558964033321489,0.9988481385919646,0.7487393797057401,0.5443801879882812,0.2750682830810547
MinMaxScaler,322,1,89.16504207331971,99.58724019254251,75.81644615642271,0.2772189291266523,0.8577227761794033,0.9986692364170338,0.7516405332596533,1.1584856510162354,0.24936294555664062
MinMaxScaler,325,1,89.19351925443067,99.5919745743268,76.03081560877575,0.2795582733569844,0.8591504940361374,0.9987644151565074,0.7537818608827795,0.9219071865081787,0.2276167869567871
MinMaxScaler,328,1,87.91346248866414,99.55389783187496,76.13465081225925,0.2807103130683986,0.8598406609619357,0.998811754490197,0.7548179871520343,0.7774176597595215,0.23363208770751953
MinMaxScaler,331,1,89.83019642240126,99.6072086708024,78.29844247194775,0.2874398626270182,0.874269856979294,0.9977410639146034,0.7779926780410306,0.9915626049041748,0.2464747428894043
MinMaxScaler,334,1,88.36119131751485,99.56095396467785,75.63892145369286,0.27516054895308467,0.8565398347042231,0.9985742537828266,0.7498791186019202,1.0295517444610596,0.25390028953552246
MinMaxScaler,337,1,89.07658801587914,99.5961401296738,78.14101490537598,0.2945800611190144,0.8731386804556588,0.9986659551760939,0.7756441251640533,0.7143127918243408,0.2636299133300781
MinMaxScaler,340,1,88.4304331483128,99.55317420215668,76.80120582816949,0.27894536621002247,0.8643769092190804,0.9980555304332097,0.762278096290668,0.873467206954956,0.2517862319946289
MinMaxScaler,343,1,92.73325893259292,99.72596862767563,81.29291575950427,0.32254160623574357,0.8933814405436878,0.9987195356182509,0.8081439524763417,0.5473001003265381,0.27671146392822266
MinMaxScaler,346,1,89.79216487678377,99.61235089947127,75.05945402780104,0.27264179126053883,0.8526011560693642,0.9987477970503664,0.7437659736133176,0.849632740020752,0.2514989376068115
MinMaxScaler,349,1,88.76850623864544,99.57380236196876,75.75950427064143,0.2772016415737586,0.8573343584284503,0.9987140035824186,0.7510188574981005,1.0230395793914795,0.2710580825805664
MinMaxScaler,1,3,59.27426925498649,98.10285475576903,30.28638419025289,0.07617945773922326,0.4412167422879695,0.9908356445194743,0.2837949851488568,0.8726141452789307,0.07445120811462402
MinMaxScaler,4,3,36.44247942907948,95.75439110456779,6.005694188578127,0.02984471397304785,0.05983650495845618,0.9988814317673378,0.03084202528148097,0.757026195526123,0.10056924819946289
MinMaxScaler,7,3,30.02875815800899,94.88931173169757,6.062636074359403,0.030157628089082306,0.060940900719906245,0.9989023051591658,0.03142916350072529,1.3668358325958252,0.0555877685546875
MinMaxScaler,10,3,32.205533719259385,96.00575204546931,15.24367777591693,0.05206433984713981,0.2250398137939483,0.9935100054083288,0.1268909304413898,0.8076283931732178,0.0805201530456543
MinMaxScaler,13,3,32.324912485087715,96.3444302601431,15.876737564897002,0.06269236129592008,0.2345554844411935,0.9976665802437127,0.13290046280306694,1.360006332397461,0.0667562484741211
MinMaxScaler,16,3,71.02696174581948,98.47418857000466,67.4828336961983,0.13240864982950057,0.8008860447944869,0.985961014038986,0.6743109760309456,0.6015064716339111,0.06051898002624512
MinMaxScaler,19,3,55.598836517980956,97.84046806826635,31.29124099815776,0.07804393677859099,0.4537586877213538,0.9908128852192115,0.2942598604683291,0.6712369918823242,0.0770561695098877
MinMaxScaler,22,3,49.34474309090074,97.68043123302151,33.662703064813265,0.0905620851633615,0.4820190924545573,0.9928886973386488,0.3182634523727292,0.5680079460144043,0.08354783058166504
MinMaxScaler,25,3,52.6964869914596,97.69545269307423,31.840562719812425,0.08752541489143383,0.45993789644098837,0.9931232091690544,0.29926780410306003,0.9586279392242432,0.06775879859924316
MinMaxScaler,28,3,41.07209131220198,96.77173067647999,25.46642103500251,0.0335826441909316,0.3807191361460537,0.9802235597592434,0.236236789390067,0.8130948543548584,0.0593256950378418
MinMaxScaler,31,3,79.2126026840232,99.15322465064634,81.24267291910903,0.1891031553634757,0.8943276597350643,0.9857321131447587,0.8184361400842716,0.9560787677764893,0.09087967872619629
MinMaxScaler,34,3,72.60962066432138,98.84175185876288,52.10182548986769,0.14926269560881736,0.6730531803008826,0.995603354978355,0.5083580852386544,1.0126440525054932,0.09756827354431152
MinMaxScaler,37,3,68.86623790026462,98.64532835497538,55.521688159437275,0.14470166424314201,0.7039307930703886,0.9930175504812229,0.5452096428818125,1.2408385276794434,0.11249685287475586
MinMaxScaler,40,3,50.889834286495386,97.75840703529315,32.21570926143025,0.08334012315151708,0.4648702964275326,0.991763511226447,0.3035849968916212,1.1418323516845703,0.07622098922729492
MinMaxScaler,43,3,73.25633710235923,98.83445773243307,51.97119410484006,0.13665710342274862,0.6723637609962299,0.9933832961987712,0.5081508599848035,0.614473819732666,0.09242582321166992
MinMaxScaler,46,3,72.84381663378636,98.85508554879141,68.58147713950761,0.16415019523302546,0.8083602337269644,0.9895458183273309,0.6832561994888444,0.7925319671630859,0.10263347625732422
MinMaxScaler,49,3,65.58103722564408,98.55548531376702,54.26561714955619,0.12611024729558365,0.6935266654695637,0.9904474932683678,0.5335704911238516,1.0632331371307373,0.10374832153320312
MinMaxScaler,52,3,73.02039508955114,98.80833773998658,60.87757494557026,0.15615062707815394,0.7488280073975313,0.9921928424891726,0.6013331491331076,0.31752943992614746,0.09350466728210449
MinMaxScaler,55,3,55.43918375789466,97.99259809737653,49.81745101323061,0.09527483389450024,0.6540433196323835,0.9867614269788183,0.48912067417282584,0.512686014175415,0.08914685249328613
MinMaxScaler,58,3,49.58154375070962,97.58247157194425,33.09998325238654,0.056232214755862715,0.4775432263464909,0.9841509433962264,0.31525868619189057,0.6132011413574219,0.10040998458862305
MinMaxScaler,61,3,50.456673707316526,97.68363306077387,40.113883771562556,0.0718256600954943,0.5570228686107876,0.9854475322170597,0.3882365130897285,0.8529136180877686,0.09178686141967773
MinMaxScaler,64,3,78.44611457248925,99.10253634622575,72.99279852621001,0.1978551829001106,0.8394240535319539,0.9913448421844866,0.7278787041514125,1.0784423351287842,0.09332990646362305
MinMaxScaler,67,3,69.70999849200122,98.68288419315397,48.07904873555518,0.11114643145546212,0.6367151796386135,0.9904484141450967,0.46915797471851906,0.5697731971740723,0.11910414695739746
MinMaxScaler,70,3,58.084514171010426,98.09738025784075,51.16730865851616,0.08893076720081225,0.6669103703534465,0.9851501856226798,0.5040754299924017,1.0042505264282227,0.10160374641418457
MinMaxScaler,73,3,65.8442221144995,98.53064069324991,59.11237648635069,0.133841474897265,0.7349588553314371,0.9895924691574578,0.5845479035711819,0.6961119174957275,0.13477420806884766
MinMaxScaler,76,3,60.10366667568757,98.3443674109788,38.934851783620836,0.11111493503993816,0.5417619705919317,0.9950143107746284,0.3722110934585895,0.4006772041320801,0.10299897193908691
MinMaxScaler,79,3,64.36063342695908,98.4080502539214,47.010550996483005,0.10534901053934992,0.626552098578915,0.9897822195704057,0.45834772397596185,0.5080947875976562,0.12755370140075684
MinMaxScaler,82,3,65.93450271343951,98.59872760644107,44.48501088594875,0.11576111386654579,0.6007034788474511,0.9930699378684085,0.4305795399599365,0.7209935188293457,0.12199282646179199
MinMaxScaler,85,3,61.08771830429178,98.34654315470557,53.30430413666053,0.10093997248494056,0.6858932474145506,0.9865188929937131,0.525695931477516,1.1003451347351074,0.13812470436096191
MinMaxScaler,88,3,61.88386615318553,98.35137527874664,39.66169820800536,0.09408197819694815,0.5507954715475537,0.9906709723717259,0.38143261725495614,0.6796708106994629,0.12323808670043945
MinMaxScaler,91,3,52.27305135621376,97.86518568463562,34.473287556523196,0.08501356516134116,0.49209439987537973,0.991007006169612,0.32731228845755334,1.0503311157226562,0.13011813163757324
MinMaxScaler,94,3,67.79385104483157,98.67480245402729,59.246357394071346,0.13141837023948025,0.7361481577863076,0.9891602074712978,0.5862057056019894,0.9983265399932861,0.1381068229675293
MinMaxScaler,97,3,65.10693758410619,98.54999032923907,57.970189248032156,0.13967996255236118,0.7251861585632939,0.9910211899916198,0.5718035504593493,0.709083080291748,0.14536809921264648
MinMaxScaler,100,3,75.58530209463102,99.03644015474164,73.21051750125606,0.18694087941061488,0.8411203814064362,0.9899466940989432,0.7311943082130276,0.8453915119171143,0.1216895580291748
MinMaxScaler,103,3,68.62691113164539,98.73776302476801,59.06213364595545,0.13844105196033749,0.7343967315716272,0.9903293869417419,0.5835808523865442,0.3933415412902832,0.12617230415344238
MinMaxScaler,106,3,76.79108206158385,99.09844297786921,57.842907385697536,0.15942650884717305,0.7234575496572333,0.9942625921004953,0.5685915590246599,0.4530313014984131,0.12521600723266602
MinMaxScaler,109,3,70.07738441097237,98.83136311257704,52.60425389382013,0.1550758149633838,0.6774267086125929,0.9963787553648069,0.5131588036195345,0.896690845489502,0.13010883331298828
MinMaxScaler,112,3,67.42484941286561,98.72104128975754,53.39474124937197,0.1472200318784451,0.6849184782608696,0.9945416283046166,0.5223112523312841,1.1167867183685303,0.12782764434814453
MinMaxScaler,115,3,72.59338495283995,98.92745406928833,48.55133143527047,0.14681599156022815,0.639656547646976,0.9971474546518432,0.470850314291635,0.9432878494262695,0.1383655071258545
MinMaxScaler,118,3,72.33987134248002,98.93164469974724,65.25540110534249,0.15620484680903365,0.7834943958589885,0.990082819011447,0.6482351315880363,0.9333052635192871,0.12558197975158691
MinMaxScaler,121,3,68.07671964953096,98.73638362539407,53.51867358901357,0.14582662927459997,0.6860904381659013,0.9942306431521668,0.5237618291082407,1.21596097946167,0.1481003761291504
MinMaxScaler,124,3,77.1429950849359,99.16051295386113,69.17769217886452,0.2262568725564721,0.8114885073954193,0.9972809667673715,0.6840505629619397,1.0945570468902588,0.1240839958190918
MinMaxScaler,127,3,68.07294006942928,98.74190148838171,53.203818455870035,0.13660973840215027,0.683606223248862,0.9927645859369861,0.5212751260620294,0.7957799434661865,0.14351797103881836
MinMaxScaler,130,3,73.75094652415477,98.97079234138484,59.96985429576286,0.1586990423482744,0.7413035478494274,0.9930406541785072,0.5913863369482628,0.6967337131500244,0.11351203918457031
MinMaxScaler,133,3,67.54956213986179,98.72477330161425,51.03332775079551,0.14850588190253639,0.6631799645185816,0.996055090317669,0.4970643089037784,0.567643404006958,0.1408398151397705
MinMaxScaler,136,3,73.55837960124587,98.97844083153802,53.984257243342824,0.1633084445922494,0.6896068685042929,0.9970599764798118,0.5270774331698557,1.0291402339935303,0.13882803916931152
MinMaxScaler,139,3,75.39679649537094,99.0492704422048,69.72031485513315,0.17381282763917397,0.8165063126699955,0.9902028357621111,0.6946535884506458,0.819033145904541,0.16437506675720215
MinMaxScaler,142,3,72.16561775013479,98.90567048731258,48.139340144029475,0.14657787887662582,0.6356684001223616,0.997341800191981,0.4664985839607654,1.1957659721374512,0.16233038902282715
MinMaxScaler,145,3,67.97059049690898,98.74472722671652,55.68581477139508,0.14384395379284537,0.7053977019684688,0.9927917763570264,0.5470401326241625,0.9276924133300781,0.18225455284118652
MinMaxScaler,148,3,84.20784102641437,99.40061734745875,82.3078211354882,0.25823280336412197,0.9004110260567895,0.9914466035542269,0.8246874352421082,0.6252679824829102,0.15152359008789062
MinMaxScaler,151,3,68.28739482436721,98.76731476379601,59.20951264444817,0.15009578967184856,0.7352608695652174,0.9920802534318902,0.584064377978863,0.5284359455108643,0.15376949310302734
MinMaxScaler,154,3,75.92669094235511,99.03694544447342,72.2893987606766,0.1556179330253375,0.8351893539454549,0.9867721131666902,0.7239759618705532,0.7243194580078125,0.1519932746887207
MinMaxScaler,157,3,83.21848418598387,99.3617900335492,81.15558532909061,0.24422946655002264,0.8932650350977044,0.9909917494527698,0.8130828210264558,0.24687933921813965,0.1602795124053955
MinMaxScaler,160,3,84.545523125702,99.41224755935116,77.99028638419026,0.24985740904565784,0.8726871137116617,0.9939097047530783,0.7778199903294881,0.371412992477417,0.14912104606628418
MinMaxScaler,163,3,83.31761766549674,99.35419384481634,72.60090437112711,0.21116611418658457,0.8364523352527191,0.9931630424461115,0.7224563100089798,1.0314786434173584,0.1409761905670166
MinMaxScaler,166,3,83.20366102548364,99.36157448107139,69.1341483838553,0.21616879607910167,0.8113728941927825,0.9959796974722348,0.68449955101195,0.5142815113067627,0.20568490028381348
MinMaxScaler,169,3,81.89927273365682,99.30465250572536,70.57109361915927,0.20261472360973562,0.8221241446329514,0.9933463796477495,0.7012502590315673,1.0396122932434082,0.1483316421508789
MinMaxScaler,172,3,82.50347272879625,99.338252128705,68.03885446323899,0.19944865941362722,0.8035978923102256,0.9944472745797249,0.6742073634040202,0.6386644840240479,0.16803932189941406
MinMaxScaler,175,3,85.28386563186415,99.42921536632487,77.70557695528387,0.24525890910408712,0.8708575863407062,0.9936243690781901,0.7750915244871175,1.4229872226715088,0.14833760261535645
MinMaxScaler,178,3,85.74065433654685,99.45167901500982,76.96198291743427,0.24137963675685406,0.8659520561294095,0.9937376990517087,0.7672860399253989,0.9077396392822266,0.18097448348999023
MinMaxScaler,181,3,84.42917262384967,99.41123022787986,70.14905375983922,0.22018470501974208,0.818729151411602,0.9958436417615042,0.6951025765006562,0.9875147342681885,0.15401506423950195
MinMaxScaler,184,3,85.73049048599957,99.43618390739472,79.27985262100151,0.2584420901114215,0.8810521862861977,0.9938400138816589,0.7912550942874905,0.775057315826416,0.1725752353668213
MinMaxScaler,187,3,84.29480011809464,99.39247343957818,69.29492547312009,0.21323488494027026,0.8126162588663355,0.9954925627285021,0.6865027284658424,0.9578676223754883,0.1837773323059082
MinMaxScaler,190,3,83.09496359835038,99.35213560587945,80.45888460894322,0.23736977892443303,0.8888888888888888,0.990828804347826,0.805968087310907,0.943791389465332,0.18718838691711426
MinMaxScaler,193,3,83.25688180655037,99.36311272821334,79.27985262100151,0.2315108290168325,0.8813487801135492,0.9910706582693469,0.7935000345375423,0.8674108982086182,0.19214987754821777
MinMaxScaler,196,3,83.23717700785593,99.36687663866786,70.27633562217383,0.21286905298264094,0.8197953050117781,0.9948250369640217,0.6971402914968571,0.7351009845733643,0.16481614112854004
MinMaxScaler,199,3,80.95185159942552,99.27981011062464,69.86769385362585,0.21329410655307707,0.8168119247373137,0.9951374416989184,0.6926849485390619,0.23102211952209473,0.19063019752502441
MinMaxScaler,202,3,86.39591699551441,99.49573762863805,68.10249539440629,0.22393208933917094,0.8035482207323362,0.9976947902259106,0.6726531740001381,0.3985419273376465,0.15425539016723633
MinMaxScaler,205,3,82.25233189742511,99.30260838694109,67.48953274158433,0.2053378866606445,0.7993550254268822,0.9955715756951596,0.6677488429923326,0.24994206428527832,0.1963183879852295
MinMaxScaler,208,3,86.35421320067033,99.49025907511448,79.78228102495395,0.24975327507247114,0.8844076755141905,0.9925636176066025,0.797506389445327,0.691007137298584,0.17101573944091797
MinMaxScaler,211,3,87.69629954575275,99.53400490320384,77.82281024953944,0.2615311938410076,0.8714343967844036,0.9952982923042804,0.774987911860192,1.17763352394104,0.19810223579406738
MinMaxScaler,214,3,84.10546845442083,99.39008838595372,66.9100653156925,0.20956969118039798,0.7948840396154725,0.9965120516424593,0.6611176348691027,0.7555818557739258,0.1730024814605713
MinMaxScaler,217,3,85.55257231091883,99.46112580011042,73.03634232121922,0.23830922840280155,0.8390643742502999,0.9961549416120763,0.7247703253436485,0.45946812629699707,0.19213485717773438
MinMaxScaler,220,3,87.1061598952512,99.50870475813842,80.80723496901692,0.2635771972182412,0.8908571428571429,0.9931623205640023,0.807660426884023,0.9736871719360352,0.22623133659362793
MinMaxScaler,223,3,85.2508518046575,99.41715855784571,70.10216044213699,0.2199245022656591,0.8183926754832147,0.995840760546643,0.6946190509083373,1.1482067108154297,0.1796259880065918
MinMaxScaler,226,3,85.1954671564839,99.4296263607129,73.99430581142187,0.229139972013577,0.8459034614163227,0.9944003733084461,0.7359950265939076,0.742424488067627,0.20241355895996094
MinMaxScaler,229,3,87.82015170912535,99.54519518724054,78.21470440462234,0.2682276770252747,0.8739486026590177,0.995716304539834,0.7787179664295089,0.8710834980010986,0.22259283065795898
MinMaxScaler,232,3,82.12736425960057,99.31759002526496,72.5975548484341,0.21348290227501096,0.8363898166110033,0.9934438690674141,0.7222145472128203,0.8374922275543213,0.17849946022033691
MinMaxScaler,235,3,85.34802649569983,99.43544851181436,72.99949757159605,0.23769211232801368,0.8388154605986683,0.9961058080448307,0.7244249499205636,0.6235573291778564,0.21977543830871582
MinMaxScaler,238,3,82.78405671915428,99.32337492671365,68.62837045720985,0.20400977579838092,0.8078848047259599,0.9946964339832306,0.6801478206810804,0.9659533500671387,0.1967003345489502
MinMaxScaler,241,3,87.30361420622263,99.53263700749666,78.25489867693854,0.26165749037874414,0.8742932383239098,0.9949757602468048,0.7797195551564551,1.3740167617797852,0.2173779010772705
MinMaxScaler,244,3,85.04106594278636,99.42828273397942,72.02478646792832,0.22635202695393863,0.8321138538232693,0.9953832836395115,0.7148580507011121,0.9924623966217041,0.20276522636413574
MinMaxScaler,247,3,83.1895834312408,99.3706188422625,65.41617819460727,0.2045245124469145,0.7835656639765224,0.9967468401685243,0.6455066657456655,0.48105382919311523,0.2136850357055664
MinMaxScaler,250,3,85.21234876983867,99.44870407008771,80.46893317702228,0.2559931445142955,0.8887659525762576,0.9926705586568373,0.8045520480762589,0.9235317707061768,0.2198317050933838
MinMaxScaler,253,3,86.44859537233732,99.47041101693375,83.2590855803048,0.2772081622441622,0.9061901723037652,0.9924354546949515,0.8337362713269324,0.6546707153320312,0.20244741439819336
MinMaxScaler,256,3,85.2311757553046,99.42730661598509,76.45955451348183,0.25377017578627037,0.8624119028974159,0.995480430263039,0.7607239068867859,1.1239776611328125,0.2797083854675293
MinMaxScaler,259,3,87.4385712819224,99.52268232994732,80.48903031318038,0.26788048035997275,0.8887743216665712,0.9938506213434685,0.8037922221454721,0.825747013092041,0.21979928016662598
MinMaxScaler,262,3,80.67324748038854,99.25068503753106,71.2577457712276,0.1987339216538122,0.8271318922621326,0.9924583031182016,0.7090212060509774,0.925877571105957,0.2033522129058838
MinMaxScaler,265,3,83.88219340149712,99.3828891667774,73.37129459052085,0.21935244721841538,0.8417217488253563,0.9936542258155495,0.730089106859156,1.1644134521484375,0.2281785011291504
MinMaxScaler,268,3,86.0812631188037,99.45735637104087,71.19075531736728,0.23451513102500215,0.8259998786186806,0.9969722127264736,0.7050839262278096,1.0457873344421387,0.19437360763549805
MinMaxScaler,271,3,81.97065351546566,99.30193993481859,71.60609613130129,0.21038262303821156,0.8294125933230032,0.9936833984280824,0.711749671893348,0.5426220893859863,0.2088475227355957
MinMaxScaler,274,3,85.75581290603175,99.45390760276679,67.89482498743929,0.2126823643193288,0.8022365733385602,0.9963101522062215,0.671444360019341,0.8454253673553467,0.23578596115112305
MinMaxScaler,277,3,87.72690417813797,99.50302605319598,77.48785798023782,0.25816556617589126,0.8692488765247165,0.9951890952826407,0.77160323271396,0.5989978313446045,0.20610761642456055
MinMaxScaler,280,3,86.13630277487877,99.47778639018152,72.52051582649473,0.2405381059690708,0.835386652754926,0.9967918023367172,0.7189680182358223,0.7260074615478516,0.22965526580810547
MinMaxScaler,283,3,85.07516074523507,99.42795474228726,71.47546474627366,0.22004438231244342,0.8283064516129032,0.994962704640124,0.7094701941009878,0.5457324981689453,0.2282087802886963
MinMaxScaler,286,3,86.3031888692976,99.48755230475804,75.5283872048233,0.253918309622274,0.8560904506775922,0.9961951040616118,0.7505353319057816,1.1535186767578125,0.20406246185302734
MinMaxScaler,289,3,82.24757100646536,99.31232659466673,70.00502428403954,0.2048762845891586,0.817976705896701,0.9939732253124537,0.6949298887891138,0.7267262935638428,0.2687950134277344
MinMaxScaler,292,3,85.19329753950869,99.41627935750917,73.69619829174343,0.23857995798811077,0.8436809522861636,0.9957242869896161,0.7319195966015059,1.3728587627410889,0.24031853675842285
MinMaxScaler,295,3,84.67649554266376,99.39629897002708,73.43828504438117,0.23733274097501944,0.8418995972726185,0.9957555178268251,0.7292256683014436,0.863802433013916,0.24703335762023926
MinMaxScaler,298,3,83.13859934894626,99.36877951486072,71.26779433930665,0.22729754926497672,0.8266860629571261,0.9960077896786758,0.7065690405470747,1.1308069229125977,0.24395012855529785
MinMaxScaler,301,3,87.47139536347484,99.5269232453353,79.01858985094624,0.2673777522807867,0.8792458649805297,0.9949825479930192,0.7876286523450992,1.2754099369049072,0.23771047592163086
MinMaxScaler,304,3,81.02546333013821,99.26191892998379,63.305978898007034,0.19661968554738274,0.7672368001699776,0.9969079564905307,0.6235753263797749,0.45939183235168457,0.21616363525390625
MinMaxScaler,307,3,84.67632304661448,99.42719692229511,71.22425054429743,0.23738942025176357,0.8261881158071499,0.9973135348996239,0.7051875388547351,0.9625842571258545,0.25029706954956055
MinMaxScaler,310,3,83.99983954034172,99.37793600275346,72.18221403450008,0.2253576310097008,0.8332496737275374,0.9951561076207376,0.7166540029011536,1.3840222358703613,0.25217270851135254
MinMaxScaler,313,3,81.27436171286891,99.27728861296792,69.61313012895663,0.20504656110181943,0.8151137197358768,0.9942328726260317,0.6906817710851696,1.1587600708007812,0.2501192092895508
MinMaxScaler,316,3,88.22268273982297,99.53344892416773,80.97806062636074,0.2801974001468758,0.8917852855427886,0.9946865037194474,0.8081784900186503,0.33037447929382324,0.2219080924987793
MinMaxScaler,319,3,84.51103158234,99.3983833534508,70.7821135488193,0.20763198941133068,0.8235532091348585,0.9938485573402334,0.7030807487739172,0.7913408279418945,0.2639899253845215
MinMaxScaler,322,3,83.1958354547153,99.34869628815854,74.3928990118908,0.2289515427648828,0.8486648059069224,0.9941102815007188,0.7403467569247772,1.0641453266143799,0.235321044921875
MinMaxScaler,325,3,83.57157593233923,99.35495995355996,73.00284709428905,0.218655447953587,0.8391538615046897,0.993807903195311,0.7261518270359881,1.2036819458007812,0.25774335861206055
MinMaxScaler,328,3,80.46224647968147,99.22924633841122,69.98157762518841,0.21773267946801564,0.8175562884247384,0.9956366521221738,0.6935138495544657,0.9821853637695312,0.25743770599365234
MinMaxScaler,331,3,85.19137325024799,99.42441284062808,66.93686149723665,0.2127053931953407,0.7950160938635655,0.996927243372741,0.6611176348691027,0.6735212802886963,0.2656552791595459
MinMaxScaler,334,3,84.26063440060345,99.38988366184684,71.25439624853458,0.2199222551329491,0.8267242771765466,0.9950908914163508,0.707087103681702,0.7520389556884766,0.2560296058654785
MinMaxScaler,337,3,84.98066549282466,99.41942275310724,73.09663372969352,0.2348030373652727,0.8395461264932678,0.9956880212282032,0.7257373765282863,0.9580833911895752,0.24309682846069336
MinMaxScaler,340,3,80.86007028485692,99.24177818600673,68.69871043376318,0.202100627323835,0.8084452188172594,0.9944027028389895,0.6810803343234095,0.6994674205780029,0.2382497787475586
MinMaxScaler,343,3,83.64269030358308,99.3430948630174,70.29643275833195,0.2229137659034005,0.8197487702752144,0.9960976091681486,0.6964495406506873,1.2277233600616455,0.22203660011291504
MinMaxScaler,346,3,83.2501103783053,99.35437802587317,69.2580807234969,0.21189709473709287,0.8123722299452122,0.995341148181545,0.6862264281273744,0.6431748867034912,0.2917451858520508
MinMaxScaler,349,3,83.6556390070146,99.36154357987253,72.26260257913248,0.22158034717573266,0.8338849772321518,0.9946403790017706,0.7178628168819506,0.8693661689758301,0.2497549057006836
MinMaxScaler,1,5,91.70880297938243,99.69876267679602,82.66287054094792,0.32686599582440173,0.9020401983421023,0.9977809412158767,0.8230641707536092,1.2959227561950684,0.05622553825378418
MinMaxScaler,4,5,89.01381095368312,99.5919930820175,78.87121085245352,0.2800124721264931,0.8781345388508944,0.9964486145212206,0.784934724045037,1.1513607501983643,0.05820775032043457
MinMaxScaler,7,5,76.11472121916835,99.07924659304037,67.12443476804555,0.16346756631155507,0.7975328506301957,0.9901654458843415,0.6676452303654072,0.6506121158599854,0.05247998237609863
MinMaxScaler,10,5,60.00048720550804,98.24594281057915,36.86484675933679,0.10923807566123095,0.5184825648230936,0.9957805907172996,0.3504869793465497,1.0226304531097412,0.08157539367675781
MinMaxScaler,13,5,80.99131102900641,99.24121655077526,72.50711773572266,0.17380101096512124,0.8364158163265306,0.988785222881915,0.7247357878013401,0.883112907409668,0.05998826026916504
MinMaxScaler,16,5,77.66167728871784,99.08874894466302,58.077373974208676,0.1658607487817253,0.7252370916754478,0.9951801421858055,0.5704911238516267,0.4456782341003418,0.045946598052978516
MinMaxScaler,19,5,87.2196105468531,99.49672092700287,76.27533076536594,0.2344747863341395,0.8614301085786951,0.9934569739632688,0.760378531463701,0.6954543590545654,0.05453205108642578
MinMaxScaler,22,5,85.32462644830558,99.41350198503223,66.67224920448837,0.20125795085558604,0.7932682318720133,0.9955152273675427,0.6593216826690612,1.0946166515350342,0.08770465850830078
MinMaxScaler,25,5,64.90612535004242,98.35255946589953,36.935186735890134,0.10316352588166598,0.5196693708862697,0.9942405310425615,0.3517648684119638,1.3293867111206055,0.0876162052154541
MinMaxScaler,28,5,74.31782795734702,99.036048599379,64.18020432088427,0.18124326260441523,0.7745308876238668,0.9941545789131847,0.634385577122332,1.26297926902771,0.04839277267456055
MinMaxScaler,31,5,74.596432076384,99.03661422339054,61.63791659688494,0.18227997299637966,0.7542538354253835,0.9957509489547335,0.6070318436140084,0.4093625545501709,0.07924747467041016
MinMaxScaler,34,5,70.68921448135765,98.65859781570389,91.40177524702729,0.24830795485820104,0.9543928222439371,0.9827302330686766,0.9276438488637149,0.7092077732086182,0.06586289405822754
MinMaxScaler,37,5,69.71010965612184,98.59408566475246,58.650142354714454,0.1216819962869968,0.731484502446982,0.9878973033311791,0.580748773917248,0.820587158203125,0.0674293041229248
MinMaxScaler,40,5,71.12953364658104,98.91537665474756,55.5886786132976,0.1732353481967311,0.7034908424089272,0.9978430501808031,0.5432410029702286,0.3602941036224365,0.07133221626281738
MinMaxScaler,43,5,72.38462065090503,98.83527204370675,69.02361413498576,0.15639320746776791,0.8117647058823529,0.9883524980174465,0.6887131311735857,0.7934510707855225,0.09142804145812988
MinMaxScaler,46,5,71.35494190064733,98.75331205344628,93.27415843242338,0.26672752194849764,0.9647261356849243,0.9816602316602316,0.9483663742488084,0.9418814182281494,0.07175302505493164
MinMaxScaler,49,5,73.47792552724567,98.94770365406455,52.182214034500085,0.15874811913057507,0.6734077598828697,0.9972896056376203,0.5083235476963459,0.9117047786712646,0.08204317092895508
MinMaxScaler,52,5,80.6527741159635,99.28128365618892,66.11622843744766,0.19554426584652165,0.7891621508962068,0.9950593924103858,0.65386475098432,0.2764122486114502,0.10343432426452637
MinMaxScaler,55,5,87.32224186292052,99.53021909069807,78.46926812929158,0.24907889558576074,0.8758546100660513,0.993471784086926,0.7831387718449955,0.505183219909668,0.10128426551818848
MinMaxScaler,58,5,76.62685623956926,99.13664070874768,68.72550661530732,0.19464132911029072,0.8087973296746053,0.9934101312943308,0.6820473855080472,1.0043511390686035,0.0988471508026123
MinMaxScaler,61,5,71.51577338373694,98.81813546546992,49.40880924468264,0.1352293369445714,0.6484171322160149,0.9944309581607882,0.4810388892726394,1.0555713176727295,0.09221220016479492
MinMaxScaler,64,5,59.500781483768094,98.28485158220379,39.109026963657676,0.1193781090588187,0.5432067743799784,0.9968643364382551,0.37331629481246115,1.1126532554626465,0.10819673538208008
MinMaxScaler,67,5,59.13193701486923,98.23696965968493,34.72785128119243,0.1049595046435292,0.4938047120554848,0.9960180236822802,0.3282793396421911,0.4633486270904541,0.1073298454284668
MinMaxScaler,70,5,51.54570259825816,97.85434883867781,36.606933511974546,0.09079124010115266,0.5166760304407784,0.991375931007448,0.34938177799267806,1.0712547302246094,0.07562708854675293
MinMaxScaler,73,5,67.70247413766734,98.6623745145558,47.38569753810082,0.12924985871978206,0.6291084246316585,0.9943275115688909,0.46010913863369485,0.5925488471984863,0.12226700782775879
MinMaxScaler,76,5,64.89556284195903,98.53924623297358,46.62535588678614,0.13571282941303292,0.6212895406041306,0.996037491427265,0.451440215514264,1.0761563777923584,0.1358323097229004
MinMaxScaler,79,5,72.16850418402584,98.8827396197093,57.26009043711271,0.15201883437788472,0.7187320901115373,0.9933585181574458,0.5630655522553015,1.0726821422576904,0.10638976097106934
MinMaxScaler,82,5,64.09523483880474,98.58429947259947,50.05191760174175,0.14035901795064556,0.6543026706231454,0.9950641658440277,0.4873937970574014,1.3379170894622803,0.10996484756469727
MinMaxScaler,85,5,80.53219746090417,99.25714438983643,66.17986936861497,0.18947398572703594,0.7897903524660129,0.9941820850149379,0.6551081025074256,0.6893320083618164,0.10183000564575195
MinMaxScaler,88,5,67.6404426417287,98.75097891241758,55.98727181376654,0.16040460477078505,0.7074408870285435,0.9954260651629072,0.54869793465497,1.247617483139038,0.11082649230957031
MinMaxScaler,91,5,53.027200250356934,97.9376434330095,26.230112209010215,0.09431701955479824,0.3864497437040339,0.9991356957649092,0.23955239345168197,0.9728543758392334,0.12728047370910645
MinMaxScaler,94,5,82.68703344131075,99.32453113908308,74.85848266622006,0.21813438166066343,0.8520285455190632,0.992559250413375,0.7463562892864544,0.6037924289703369,0.1347675323486328
MinMaxScaler,97,5,77.45713722336713,99.10810730209008,59.74543627533077,0.1717972420291644,0.7390454683632258,0.9952046783625731,0.5877598950058713,0.8047807216644287,0.12784290313720703
MinMaxScaler,100,5,78.47605605339619,99.11854324434273,57.74577122760006,0.1483794438137733,0.7229968599723327,0.9925242659914391,0.5685915590246599,0.7713022232055664,0.146012544631958
MinMaxScaler,103,5,83.38986092755188,99.30273985165519,78.31519008541284,0.24133517900418525,0.8749323854416197,0.9927663305567733,0.7821026455757408,0.9771020412445068,0.12161040306091309
MinMaxScaler,106,5,79.52271991463822,99.18248715916278,65.86166471277843,0.19731466967416844,0.7871700634814567,0.995457906411746,0.6509635974304069,0.5738663673400879,0.13988733291625977
MinMaxScaler,109,5,77.40089201156997,99.1097372735254,67.28856138000336,0.18622399069702475,0.7982648213179095,0.9931126644736842,0.6673343924846308,0.5503635406494141,0.13522076606750488
MinMaxScaler,112,5,73.5432325314976,98.97409739185083,75.2135320716798,0.18358035051487262,0.8549474674611887,0.9884869912065996,0.7531947226635353,0.9576687812805176,0.11882209777832031
MinMaxScaler,115,5,70.69396387258077,98.86615950263948,58.553006196616984,0.17178452954172568,0.7290681380276756,0.9958727120468955,0.5750155418940388,0.4412574768066406,0.14639830589294434
MinMaxScaler,118,5,70.35760040975862,98.78419994258472,44.066320549321716,0.13588093103697485,0.5953621362281616,0.997563946406821,0.4242937072597914,0.3202509880065918,0.12209177017211914
MinMaxScaler,121,5,78.50532479971099,99.14174285779285,72.1018254898677,0.18835952903532843,0.8333166563269226,0.9907209136331192,0.7190716308627478,0.6229100227355957,0.1424868106842041
MinMaxScaler,124,5,76.12577629930351,99.06026040386183,58.007033997655334,0.16337829539721752,0.7247216915881695,0.9948158418228947,0.5699730607169994,0.9312088489532471,0.14948105812072754
MinMaxScaler,127,5,66.20842452305034,98.61017767967077,40.639758834366106,0.12355438447946195,0.5597674880763116,0.9969032029729251,0.38913448918974924,0.5219402313232422,0.1647632122039795
MinMaxScaler,130,5,76.59886396401902,99.02870369070868,53.548819293250716,0.1400535112986458,0.6865847043934189,0.9931999476919053,0.5246252676659529,0.9685869216918945,0.1407027244567871
MinMaxScaler,133,5,75.47776997414171,99.01571698005462,54.13833528722157,0.1660705898233158,0.6908836411252088,0.997457627118644,0.5284589348621952,0.7509157657623291,0.1399979591369629
MinMaxScaler,136,5,77.75410067191427,99.17940086000503,65.76452855468095,0.1916078545074046,0.7865600267295926,0.9947182168700153,0.6504455342957796,0.863255500793457,0.16077876091003418
MinMaxScaler,139,5,82.17402444092689,99.29293755771842,68.86953609110702,0.19424888578964392,0.8098686633116484,0.9932757928542754,0.6836361124542377,1.231123447418213,0.15682220458984375
MinMaxScaler,142,5,74.51087211932554,98.97219703995475,53.97420867526378,0.15261462928635686,0.6899244048290647,0.9951826052991342,0.5279754092698764,1.1065785884857178,0.15819287300109863
MinMaxScaler,145,5,77.08791134653711,99.06676555944426,55.46139675096299,0.148886380480711,0.7032515789238769,0.993755912961211,0.5441735166125579,0.39568161964416504,0.1722249984741211
MinMaxScaler,148,5,84.03446524729763,99.38554781781649,70.74526879919611,0.22238463616442566,0.8230120774904758,0.9957340394233598,0.7013538716584928,0.6326982975006104,0.1633305549621582
MinMaxScaler,151,5,82.24489348445623,99.31325671553992,67.41584324233797,0.2038356266131232,0.79883369866413,0.9954133168418883,0.6670926296884714,1.2583591938018799,0.14823555946350098
MinMaxScaler,154,5,74.56664967516693,99.02160112799999,54.279015240328256,0.16327386516099543,0.692248726157731,0.9968831168831169,0.5302203495199281,0.8553829193115234,0.14562773704528809
MinMaxScaler,157,5,85.57413623369979,99.44688007840871,75.82314520180874,0.23493264849379644,0.8583650563164711,0.9938204289349327,0.7554051253712786,1.1698620319366455,0.15679335594177246
MinMaxScaler,160,5,81.77993996677496,99.31383063232957,74.10818958298442,0.22279411051681816,0.8467911364807548,0.9935813953488372,0.7377909787939491,1.171006441116333,0.15766072273254395
MinMaxScaler,163,5,88.23810580325008,99.53292862919385,80.96131301289566,0.27753683582258365,0.8917044545212056,0.9944331123576406,0.8082130275609588,0.7473173141479492,0.15809011459350586
MinMaxScaler,166,5,81.0699538944893,99.27578364975635,64.19360241165634,0.20065574798226327,0.7741390238749207,0.9969525468001741,0.6327277750915244,0.8709433078765869,0.15963506698608398
MinMaxScaler,169,5,84.35928105793285,99.3865382742819,62.682967677106014,0.19976702698129253,0.7621832774777467,0.9977644889062762,0.61659874283346,0.26036763191223145,0.15635919570922852
MinMaxScaler,172,5,81.8991481531768,99.30546451427035,67.28521185731033,0.1963970978340656,0.7980146830731052,0.994484820370084,0.6663673412999931,0.5996048450469971,0.16240310668945312
MinMaxScaler,175,5,82.75853497035406,99.32124063064852,60.49572935856641,0.19331347603548477,0.7445969942396813,0.9981421272642824,0.5937694273675486,0.4236946105957031,0.18447113037109375
MinMaxScaler,178,5,86.84737365565205,99.47318802507445,68.74225422877241,0.22089285952668652,0.8083778234086242,0.9968601235693305,0.6798369828003039,0.6406741142272949,0.17280888557434082
MinMaxScaler,181,5,84.25558601622826,99.3858951883426,71.42187238318539,0.22088883501438938,0.8279075396345154,0.9951027928626842,0.7088139807971264,1.248150110244751,0.1439802646636963
MinMaxScaler,184,5,85.34572846499906,99.4547449961476,72.577457712276,0.2292847719402325,0.8359811679855754,0.9953723581890177,0.7205912827243214,0.9095718860626221,0.17416906356811523
MinMaxScaler,187,5,82.00747758873828,99.32248199642028,70.58449170993133,0.20691426925134643,0.8221403110823072,0.9938791499363432,0.7010084962354078,1.1285274028778076,0.18137550354003906
MinMaxScaler,190,5,85.45500854545428,99.44551686972326,73.32775079551163,0.22221137293722526,0.8413713420586068,0.9940221228524359,0.7293638184706777,0.6724522113800049,0.1741347312927246
MinMaxScaler,193,5,84.56772528386524,99.39858341321967,65.17166303801709,0.20634411982745327,0.7816280241935484,0.997160004286786,0.6427091248186779,1.3780994415283203,0.1709744930267334
MinMaxScaler,196,5,79.85895879698035,99.22313382729017,58.95159939708592,0.18808606546655418,0.7319026054997703,0.9982693799606135,0.5777440077364094,1.043853759765625,0.18114995956420898
MinMaxScaler,199,5,88.11302891792768,99.53912435817249,79.71864009378663,0.2777490488097346,0.8836941280421045,0.9954991993768122,0.79446708572218,0.7117335796356201,0.16941261291503906
MinMaxScaler,202,5,82.53263989410429,99.32868383510363,68.49773907218221,0.20598147475922327,0.8068748844945481,0.9950367181564953,0.6785590937348899,1.128953218460083,0.1658928394317627
MinMaxScaler,205,5,80.353700465747,99.24259340522157,62.43845252051583,0.18870092436424982,0.7605278892970018,0.9962515385476111,0.6150100158872694,0.6109952926635742,0.17178940773010254
MinMaxScaler,208,5,82.96831316573412,99.35395927860517,65.79802378161112,0.20224591824419916,0.7865638260069815,0.9961878540795256,0.6498238585342268,0.9882786273956299,0.1968536376953125
MinMaxScaler,211,5,87.24252760530942,99.49670488954013,83.10500753642606,0.2877357299113426,0.9051451782759139,0.9935595739410453,0.8311804931961042,0.8896119594573975,0.17743349075317383
MinMaxScaler,214,5,85.35985972467944,99.42954461584029,67.99866019092279,0.21397228156514353,0.8029859364045037,0.996417604912999,0.6724459487462872,0.7519261837005615,0.21625280380249023
MinMaxScaler,217,5,83.31690851507197,99.35055784190298,69.1977893150226,0.21499216921561684,0.8118657937806874,0.9957844022884673,0.6852939144850453,0.45235705375671387,0.2307436466217041
MinMaxScaler,220,5,81.52494480701411,99.28885019880398,62.214034500083734,0.19733534230498692,0.7584833757948147,0.9976907913263869,0.6117980244525799,1.1280090808868408,0.16954922676086426
MinMaxScaler,223,5,80.38150874551137,99.23096950824886,63.96248534583822,0.19402218714028124,0.7724937091624199,0.9961280471178492,0.630862747806866,1.210226058959961,0.21632170677185059
MinMaxScaler,226,5,87.82871326303723,99.53364323838841,78.1209177692179,0.2573636912197469,0.8734598992638513,0.9946174887496692,0.7786143538025834,0.7019960880279541,0.1858208179473877
MinMaxScaler,229,5,83.35932146034082,99.3699980780279,73.43828504438117,0.22485129874540002,0.8421010712436781,0.9942636825277412,0.7303308696553154,1.4869756698608398,0.19864678382873535
MinMaxScaler,232,5,85.05820821683781,99.42597469333438,68.27332105175013,0.22784148123341427,0.8047412904555762,0.9981079975455104,0.6741382883194031,0.7898526191711426,0.19216585159301758
MinMaxScaler,235,5,86.06733502113688,99.45444444046544,80.4722826997153,0.26648168270585604,0.8886809745665623,0.9937227773507559,0.8037231470608551,0.9633193016052246,0.20652985572814941
MinMaxScaler,238,5,87.27760946848446,99.50582137390782,80.10048568079048,0.27238233668241907,0.8862247926920351,0.9946266603619481,0.7991296539338261,0.6647131443023682,0.2154698371887207
MinMaxScaler,241,5,79.68206409845861,99.23223128872654,56.89499246357394,0.18111155628823,0.7145993657270853,0.9983887959348082,0.5564343441320716,0.4700627326965332,0.21777081489562988
MinMaxScaler,244,5,83.69222925230937,99.3782175780644,68.00535923630882,0.21626892316316787,0.8029865522646646,0.9967229902713773,0.6723077985770533,1.2275094985961914,0.21036505699157715
MinMaxScaler,247,5,85.05400697972682,99.42571306376536,67.16462904036175,0.21234844185238785,0.7967489788725094,0.9967318566166935,0.6636043379153139,0.8389191627502441,0.19367766380310059
MinMaxScaler,250,5,85.80938059581976,99.4501712631753,71.56255233629207,0.22555524448399666,0.8288306451612903,0.9955923665601085,0.7099191821509981,0.32862329483032227,0.1998462677001953
MinMaxScaler,253,5,84.86905096583605,99.4323276073421,71.36828002009715,0.22442405422448736,0.8274595292882807,0.995579949485137,0.7079160046971058,0.9098694324493408,0.2027440071105957
MinMaxScaler,256,5,85.94337169364363,99.46521809635105,71.94104840060291,0.22199485777720843,0.8315943951912832,0.9949011496464476,0.7143399875664848,0.5776958465576172,0.3161168098449707
MinMaxScaler,259,5,80.80289551101649,99.25409397301695,68.454195277173,0.20916189997426876,0.8064847538423605,0.9954854418179974,0.677799267804103,1.0259461402893066,0.2030794620513916
MinMaxScaler,262,5,81.52213312141107,99.28581693971572,66.03583989281528,0.203020605599666,0.788370831072338,0.9961497890295359,0.652310561580438,0.44740915298461914,0.2448735237121582
MinMaxScaler,265,5,83.91235912726813,99.37501920248603,71.67978563054764,0.21351359914209586,0.8298826985372527,0.9940232322745457,0.7122677350279754,0.8603129386901855,0.22820305824279785
MinMaxScaler,268,5,87.61045209527884,99.52421391991231,73.39139172667895,0.23898223975560745,0.8415446603103682,0.9959867799811143,0.7285694549975824,0.8183979988098145,0.2291245460510254
MinMaxScaler,271,5,82.57149942075827,99.34255448562001,63.610785463071515,0.20207408219842501,0.7695082106335129,0.9975247524752475,0.6263383297644539,0.47856664657592773,0.23274683952331543
MinMaxScaler,274,5,81.74204450137411,99.30416343049393,62.50209345168314,0.20081694697071253,0.7607036744116452,0.9980369061641147,0.6145610278372591,1.2228713035583496,0.2189161777496338
MinMaxScaler,277,5,85.85607910960145,99.46336866661628,69.07720649807403,0.21851785330660192,0.8109049199131539,0.9963257499496678,0.6836706499965463,0.583977460861206,0.26250362396240234
MinMaxScaler,280,5,85.28899834764117,99.43477596662498,70.23614134985765,0.2202874809773608,0.8193608716864531,0.9957999802352011,0.6960350901429855,1.3406703472137451,0.2113049030303955
MinMaxScaler,283,5,82.70992750029382,99.34663762441481,61.80204320884274,0.1992370716309328,0.7551002877636044,0.9982398364751306,0.6072045313255509,0.9986152648925781,0.24120736122131348
MinMaxScaler,286,5,87.76283127195444,99.53394590620597,83.12845419527717,0.29185481132324315,0.9052572180946111,0.9939283796621371,0.8311114181114871,1.3422818183898926,0.2374253273010254
MinMaxScaler,289,5,82.46161560413061,99.31140595334125,68.21972868866186,0.20718678997226603,0.8047816962264928,0.9953684853420195,0.6754507149271258,1.097682237625122,0.24319815635681152
MinMaxScaler,292,5,82.7163060208711,99.3361427935582,63.265784625690834,0.19755128053782306,0.7668926817862988,0.9970706903222241,0.6230572632451474,0.8531098365783691,0.23526644706726074
MinMaxScaler,295,5,88.94074737708257,99.5654213774211,83.52034835036008,0.29642981287068176,0.9076576576576577,0.9939981912357149,0.8351177730192719,0.7680149078369141,0.2422785758972168
MinMaxScaler,298,5,84.46940253578393,99.39653930083723,67.32875565231954,0.2173102462833411,0.7978780720295081,0.9973062577704103,0.6649167645230365,1.450063705444336,0.2091207504272461
MinMaxScaler,301,5,85.67136459017968,99.43874785665048,66.08943225590353,0.20926610565290207,0.7886341809678901,0.9969911317567568,0.652310561580438,1.115525484085083,0.21039843559265137
MinMaxScaler,304,5,83.98160862455714,99.39277817671991,68.16278680288059,0.215200767538149,0.804186151912816,0.9964772553224077,0.6741037507770947,0.81772780418396,0.19965839385986328
MinMaxScaler,307,5,86.28292250013168,99.47258833963606,70.12225757829509,0.2196545379983089,0.8185442857724073,0.9957929122945951,0.6948608137044968,0.9792172908782959,0.28826165199279785
MinMaxScaler,310,5,85.63297463610427,99.42974963353394,71.58264947245017,0.22374822677473594,0.8290067720090294,0.9953537895653858,0.7102990951163916,0.7172622680664062,0.2486569881439209
MinMaxScaler,313,5,88.26247566176576,99.5345909130927,81.22592530564394,0.28122487377376043,0.8933579406000876,0.9945774200381275,0.810837880776404,0.8902981281280518,0.25537967681884766
MinMaxScaler,316,5,83.1766845600013,99.3403542361479,59.57126109529393,0.19023008132270813,0.7370255784565777,0.998229461756374,0.5841679906057885,0.9643666744232178,0.26639342308044434
MinMaxScaler,319,5,86.46972613837235,99.48702992189466,71.93434935521688,0.2235000079927667,0.8315203185007942,0.995091197843977,0.7141327623126338,0.7543606758117676,0.23064923286437988
MinMaxScaler,322,5,84.92059278535658,99.42760485011222,69.49924635739407,0.21889894947647573,0.8140038400261449,0.9961007798440312,0.6881950680389584,1.1427521705627441,0.23509836196899414
MinMaxScaler,325,5,83.22523644800121,99.3487220824676,66.93016245185062,0.21417208801955848,0.7949319763215287,0.9971340732635089,0.6609104096152518,0.5072641372680664,0.2487049102783203
MinMaxScaler,328,5,86.75674039812242,99.48267191381542,78.02378161112041,0.25498801944497557,0.8728463729917246,0.994435857805255,0.7777509152448712,0.5951800346374512,0.2739131450653076
MinMaxScaler,331,5,88.12557129733204,99.53319659207342,74.96566739239658,0.24848382994417947,0.8523158393929814,0.9959822665558327,0.7448711749671894,0.5751492977142334,0.24406147003173828
MinMaxScaler,334,5,87.68015391554148,99.5208003924272,76.15474794841734,0.2312297950020333,0.8606603902840031,0.9931788408546777,0.7593424051944464,1.1625709533691406,0.24697637557983398
MinMaxScaler,337,5,87.21105474280955,99.50903710665972,80.90437112711439,0.26906323473673993,0.8914240006094426,0.9936313845370016,0.8082821026455758,1.0751616954803467,0.2601165771484375
MinMaxScaler,340,5,86.98995888997489,99.49529849244809,68.72885613800034,0.22460064442079317,0.8082011668994987,0.9973633505729642,0.6793534572079851,1.0167860984802246,0.2506883144378662
MinMaxScaler,343,5,83.72368103195876,99.3471755980829,70.56774409646626,0.2083564530426693,0.8219921803780159,0.9940712430790337,0.7006976583546315,1.3230433464050293,0.270282506942749
MinMaxScaler,346,5,81.40228669962696,99.28406809420068,59.31669737062468,0.18661927117902807,0.7350117811327341,0.9978083165501718,0.5817849001865028,0.8019981384277344,0.25215601921081543
MinMaxScaler,349,5,86.39185758848836,99.47723081437414,71.40847429241333,0.22119607149668152,0.8278060195271524,0.9951498690464643,0.708641293085584,0.7734026908874512,0.25257062911987305
Normalizer,1,0,63.22853035589308,97.55447889486325,85.88511137162953,0.17910236800423543,0.9228289931509358,0.9822236082956495,0.8702079160046972,1.4027361869812012,0.0913076400756836
Normalizer,4,0,71.94838580880369,98.65009566066803,98.42237481158935,0.6852740272800276,0.9919281589004473,0.9844541960063952,0.9995164744076811,1.019791841506958,0.0840449333190918
Normalizer,7,0,68.72039824047896,98.43145846097124,98.42907385697538,0.686832652539114,0.9919629851769343,0.9844222985612734,0.9996200870346066,0.8747520446777344,0.08116316795349121
Normalizer,10,0,70.45254990176542,98.54968653811017,98.42237481158935,0.6852995834137239,0.9919278822259164,0.9844871576798775,0.9994819368653727,0.9260869026184082,0.07566308975219727
Normalizer,13,0,69.48279244577701,98.50256664835312,98.4123262435103,0.6829317373434522,0.9918763282374717,0.9844526093760632,0.9994128617807557,1.2193684577941895,0.06191682815551758
Normalizer,16,0,69.41583714594323,98.48202019696176,98.39892815273824,0.67989178977016,0.9918069315415995,0.9844834626378114,0.9992401740692133,0.8986177444458008,0.052414894104003906
Normalizer,19,0,73.36266941699479,98.72887664692884,98.4089767208173,0.6823800650588195,0.9918576546617069,0.9846169553823639,0.9992056365269048,1.167896032333374,0.08678245544433594
Normalizer,22,0,74.77617487634141,98.7431956842371,98.30514151733378,0.6605203353878469,0.991320456962503,0.9847328244274809,0.9979968225461077,0.6627700328826904,0.08464789390563965
Normalizer,25,0,68.65783584003314,98.43055504098203,98.4123262435103,0.6830474260090218,0.9918754927839293,0.984551517626242,0.9993092491538302,1.0016634464263916,0.0682229995727539
Normalizer,28,0,76.9882757118586,99.03813412347932,98.44247194774745,0.6900324420703837,0.9920315311455745,0.9844903234583857,0.9996891621192237,0.7810208797454834,0.07865476608276367
Normalizer,31,0,78.82290152614537,99.1423108918974,98.41567576620332,0.6837421659215357,0.9918933278489039,0.984486102133161,0.9994128617807557,0.9003605842590332,0.057373046875
Normalizer,34,0,73.2865986592687,98.8000877751858,98.44582147044046,0.6908302359156462,0.9920488038933443,0.9844908509625195,0.9997236996615321,0.25577616691589355,0.08184218406677246
Normalizer,37,0,70.86729173612827,98.62182011613174,98.42907385697538,0.6868891720407915,0.9919621587345113,0.9845211770709305,0.9995164744076811,0.9088339805603027,0.07479310035705566
Normalizer,40,0,68.89759001553,98.44998901647672,98.44247194774745,0.6900272584320492,0.9920318042394228,0.9844573682957521,0.9997236996615321,1.2239735126495361,0.09485411643981934
Normalizer,43,0,68.43974716832402,98.41929165304524,98.44917099313348,0.6916323368360187,0.9920658041298946,0.984524335906942,0.9997236996615321,0.8735752105712891,0.1171865463256836
Normalizer,46,0,68.08013890455197,98.39946465268183,98.44582147044046,0.6908302359156462,0.9920488038933443,0.9844908509625195,0.9997236996615321,0.9109516143798828,0.0830526351928711
Normalizer,49,0,67.75473469072648,98.37487001116561,98.43912242505442,0.6892286034727158,0.9920145314963329,0.9844568396707707,0.9996891621192237,0.7708206176757812,0.10341668128967285
Normalizer,52,0,68.64866288345775,98.44485565512332,98.41902528889634,0.6845196279785546,0.9919106053335162,0.9844866299244743,0.9994473993230641,0.6074774265289307,0.09365320205688477
Normalizer,55,0,69.0371431526313,98.46005513861117,98.44247194774745,0.6900324420703837,0.9920315311455745,0.9844903234583857,0.9996891621192237,0.8205714225769043,0.08765292167663574
Normalizer,58,0,68.47809495669851,98.42425112268376,98.44917099313348,0.6916323368360187,0.9920658041298946,0.984524335906942,0.9997236996615321,1.0449018478393555,0.1137690544128418
Normalizer,61,0,70.06578309334787,98.5314454154518,98.41567576620332,0.6837774981408122,0.9918930499614362,0.9845190704637474,0.9993783242384472,0.8302125930786133,0.10704183578491211
Normalizer,64,0,67.94554982042395,98.3962489353663,98.42907385697538,0.6868481744723918,0.9919627097150103,0.9844552535800537,0.9995855494922982,0.3973574638366699,0.08585667610168457
Normalizer,67,0,69.28831273334404,98.48080513615454,98.43912242505442,0.6892372385346038,0.992014257805806,0.9844897959183674,0.9996546245769151,1.0828869342803955,0.1187736988067627
Normalizer,70,0,68.00359282437901,98.40053109132288,98.41902528889634,0.6845196279785546,0.9919106053335162,0.9844866299244743,0.9994473993230641,0.412616491317749,0.12616229057312012
Normalizer,73,0,68.61758292862567,98.42645104509323,98.42907385697538,0.6869431577785982,0.9919616076784643,0.984587118505665,0.9994473993230641,0.8487298488616943,0.11390447616577148
Normalizer,76,0,68.11009571844106,98.40592797896926,98.44582147044046,0.6908354013860033,0.9920485313774549,0.9845238095238096,0.9996891621192237,0.2916526794433594,0.09066224098205566
Normalizer,79,0,67.96479654627645,98.39811695799214,98.43912242505442,0.6892286034727158,0.9920145314963329,0.9844568396707707,0.9996891621192237,1.0626411437988281,0.09452390670776367
Normalizer,82,0,68.99249350859034,98.46423012431353,98.43242337966839,0.6876545458305788,0.9919797093501508,0.984488740730662,0.9995855494922982,0.6020317077636719,0.1244344711303711
Normalizer,85,0,68.46667571823713,98.43239872656551,98.43577290236142,0.6884325473047488,0.9919972581612544,0.9844563110098296,0.9996546245769151,0.9258565902709961,0.14252138137817383
Normalizer,88,0,68.41701218903083,98.42168889676114,98.43912242505442,0.6892286034727158,0.9920145314963329,0.9844568396707707,0.9996891621192237,0.8118655681610107,0.11492323875427246
Normalizer,91,0,67.86241439116907,98.380341259399,98.43242337966839,0.6876390756832044,0.991979984234157,0.9844557823129252,0.9996200870346066,0.8047647476196289,0.10959219932556152
Normalizer,94,0,68.1524454151585,98.4094092524136,98.43242337966839,0.6876390756832044,0.991979984234157,0.9844557823129252,0.9996200870346066,1.1580469608306885,0.0882878303527832
Normalizer,97,0,68.1381895749981,98.40839994788286,98.43912242505442,0.6892492620163593,0.9920139840965176,0.9845227566501122,0.9996200870346066,0.716930627822876,0.12221312522888184
Normalizer,100,0,68.34436835281682,98.42331764427789,98.42237481158935,0.6853283641112453,0.9919276055324181,0.9845201238390093,0.9994473993230641,1.2903504371643066,0.13111472129821777
Normalizer,103,0,68.22150133354779,98.40190329581321,98.44247194774745,0.6900869586803742,0.9920304385829606,0.9846221889565543,0.9995510119499896,0.664360761642456,0.12949895858764648
Normalizer,106,0,67.65779957753033,98.35989000856766,98.42237481158935,0.6852995834137239,0.9919278822259164,0.9844871576798775,0.9994819368653727,1.005115270614624,0.1284801959991455
Normalizer,109,0,67.8444019703802,98.3867781830159,98.42237481158935,0.6852995834137239,0.9919278822259164,0.9844871576798775,0.9994819368653727,0.35002756118774414,0.1065833568572998
Normalizer,112,0,67.97578262799186,98.39595626657182,98.39892815273824,0.67989178977016,0.9918069315415995,0.9844834626378114,0.9992401740692133,1.006309986114502,0.1395401954650879
Normalizer,115,0,68.05406900163962,98.39616477827975,98.43242337966839,0.6876733379554039,0.9919794344473007,0.9845217036331474,0.9995510119499896,0.5860540866851807,0.14713835716247559
Normalizer,118,0,68.18317271140101,98.39745812342605,98.4123262435103,0.682967183812353,0.9918760497720495,0.9844855743059336,0.9993783242384472,0.6037881374359131,0.13358855247497559
Normalizer,121,0,68.5398907080365,98.44009872778301,98.41902528889634,0.6845196279785546,0.9919106053335162,0.9844866299244743,0.9994473993230641,0.3157958984375,0.1390523910522461
Normalizer,124,0,69.78377888551759,98.51632518578694,98.41902528889634,0.6845196279785546,0.9919106053335162,0.9844866299244743,0.9994473993230641,0.5169813632965088,0.13194584846496582
Normalizer,127,0,68.31154043801885,98.3966944978996,98.4089767208173,0.6820880245363545,0.9918596082329352,0.9843861618532503,0.9994473993230641,0.5118696689605713,0.11746072769165039
Normalizer,130,0,67.9272844054295,98.39151840401539,98.41902528889634,0.6845196279785546,0.9919106053335162,0.9844866299244743,0.9994473993230641,0.9135386943817139,0.13860392570495605
Normalizer,133,0,67.39448435832657,98.33101631948335,98.38887958465918,0.6776713481317568,0.9917548039837496,0.9845148555287071,0.9991020238999793,0.7189240455627441,0.1487736701965332
Normalizer,136,0,67.876674064575,98.38821056370841,98.40562719812426,0.6814246062213953,0.9918414918414918,0.9844845185437223,0.9993092491538302,0.7381601333618164,0.1509091854095459
Normalizer,139,0,70.28930539060887,98.44566023675023,98.26159772232457,0.6507924671471415,0.9910973120400707,0.984527826057322,0.9977550597499482,1.1327786445617676,0.1656184196472168
Normalizer,142,0,68.0002004020768,98.4014786020841,98.41902528889634,0.6845196279785546,0.9919106053335162,0.9844866299244743,0.9994473993230641,0.3212406635284424,0.11147427558898926
Normalizer,145,0,68.32869804505243,98.43036400629788,98.41902528889634,0.6845196279785546,0.9919106053335162,0.9844866299244743,0.9994473993230641,0.4730825424194336,0.12955713272094727
Normalizer,148,0,69.47386673353891,98.43690815050192,98.41902528889634,0.6844651134590182,0.9919111598574171,0.9844207088917614,0.9995164744076811,0.5622398853302002,0.14845848083496094
Normalizer,151,0,68.2121328814499,98.41710427939012,98.37883101658014,0.675350876318779,0.9917032364234778,0.9844802940575863,0.9990329488153623,0.9103560447692871,0.13842010498046875
Normalizer,154,0,68.55500327857492,98.38898540815872,98.31853960810585,0.6617609648890084,0.9913932037170388,0.9843388260928776,0.9985494232230434,0.4268207550048828,0.14853262901306152
Normalizer,157,0,67.86435784665747,98.34034192285577,98.37213197119411,0.6735805172924362,0.9916698090569401,0.9843473526609501,0.9991020238999793,0.8169660568237305,0.16875839233398438
Normalizer,160,0,68.22010986541706,98.41827720941156,98.30179199464077,0.6584388376665443,0.9913061371469726,0.984402138746041,0.998307660426884,0.9063193798065186,0.13335394859313965
Normalizer,163,0,68.22846634069258,98.41903218550776,98.29844247194774,0.6580037525449699,0.9912882425572781,0.9844676067852034,0.9982040477999585,1.047424077987671,0.14639592170715332
Normalizer,166,0,67.66012444094989,98.29520555276937,98.38553006196616,0.6764915325301164,0.9917397861255827,0.9842506292945098,0.9993437866961387,0.6314151287078857,0.1540665626525879
Normalizer,169,0,67.57504363958384,98.32263832801755,98.29509294925474,0.6562688112497952,0.9912733382481527,0.9842031797909645,0.998445810596118,0.2800443172454834,0.1347033977508545
Normalizer,172,0,67.13038715703281,98.26574649913941,98.28169485848267,0.6538252488488245,0.9912032511960491,0.984299969349181,0.9982040477999585,0.8256173133850098,0.14150786399841309
Normalizer,175,0,68.30163149829993,98.42523993610043,98.41902528889634,0.6845196279785546,0.9919106053335162,0.9844866299244743,0.9994473993230641,0.3828732967376709,0.16225624084472656
Normalizer,178,0,67.98567815135141,98.33538476406635,98.39892815273824,0.6797981612905618,0.9918074932300415,0.9844175285792053,0.9993092491538302,0.9419386386871338,0.18006372451782227
Normalizer,181,0,68.94034220302908,98.36444904437903,98.37213197119411,0.6736451189420726,0.9916695234830305,0.9843803171578303,0.9990674863576708,0.49028658866882324,0.1598498821258545
Normalizer,184,0,67.98500541675926,98.38968970451323,98.41902528889634,0.6845869138897125,0.9919100507335802,0.9845525689009867,0.9993783242384472,0.8791728019714355,0.17383456230163574
Normalizer,187,0,67.723083582309,98.31375290975922,98.25824819963155,0.6489778711137802,0.9910821471445721,0.9842962256438207,0.9979622850037991,1.0928726196289062,0.17236685752868652
Normalizer,190,0,67.7513882673707,98.3396081500128,98.28504438117568,0.6548019798269661,0.9912199471824947,0.984366485013624,0.9981695102576501,0.7860321998596191,0.16267609596252441
Normalizer,193,0,66.95477084589841,98.2135368715126,98.26494724501758,0.65035256280792,0.9911167512690355,0.9842972954560938,0.9980313600884161,1.0634188652038574,0.14562177658081055
Normalizer,196,0,67.03457901802521,98.24102927352803,98.26829676771061,0.6513450028426336,0.9911334442367388,0.9843638221768012,0.9979968225461077,0.962092399597168,0.1433262825012207
Normalizer,199,0,67.2294823040903,98.25804093179987,98.23815106347345,0.6445628337045837,0.9909789394251217,0.9842270218709546,0.9978241348345652,0.4840385913848877,0.15035414695739746
Normalizer,202,0,67.65037841416638,98.24613361570577,98.18790822307821,0.6352250369792731,0.9907183419973579,0.9843180036136774,0.9972024590730124,0.6854007244110107,0.1810135841369629
Normalizer,205,0,67.80616534612636,98.31212642995227,98.16781108692011,0.6311804324850888,0.9906147590206407,0.984281768897678,0.9970297713614699,0.7154734134674072,0.1727156639099121
Normalizer,208,0,67.42136499267045,98.22294489148459,98.19125774577124,0.6362842038844334,0.9907350216182829,0.9843845891578589,0.9971679215307039,1.1380343437194824,0.13613271713256836
Normalizer,211,0,67.66266204949686,98.3124131937252,98.03383017919947,0.6062642341228949,0.9899225737780906,0.9841611196449906,0.9957518822960558,1.041212797164917,0.14171457290649414
Normalizer,214,0,67.37642593859125,98.25977301714943,98.04722826997153,0.6088619635395683,0.9899915881272424,0.9841963340956412,0.9958554949229813,0.9228873252868652,0.1475086212158203
Normalizer,217,0,67.11066510873346,98.2435545974211,98.19795679115725,0.6371613540779393,0.9907702864985418,0.9843196073084265,0.9973060716999378,0.8533840179443359,0.19614315032958984
Normalizer,220,0,67.6567991004446,98.25018576223346,97.97353877072517,0.5961610020950773,0.9896103450052378,0.9841513816306315,0.995130206534503,1.026994228363037,0.1692514419555664
Normalizer,223,0,67.9998400769961,98.27566006591843,98.21805392731537,0.6414631318892343,0.9908735332464146,0.98438884722885,0.9974442218691718,0.8357317447662354,0.17489147186279297
Normalizer,226,0,67.13306659566473,98.19758792746525,98.17451013230615,0.6322374751773644,0.9906497160601849,0.9842498210206935,0.9971333839883953,0.91806960105896,0.18253278732299805
Normalizer,229,0,67.42539565035497,98.24246651208057,97.92664545302294,0.5893092190067746,0.9893666363183481,0.984209986670768,0.9945776058575672,0.933361291885376,0.16477131843566895
Normalizer,232,0,68.01131681414057,98.27604070640966,97.88645118070674,0.5838101087411944,0.9891575167104834,0.9842697397667818,0.9940940802652484,0.5201430320739746,0.16145658493041992
Normalizer,235,0,67.30430917363888,98.22103346778933,97.92999497571596,0.5894915549195139,0.9893843616875085,0.9841774314811018,0.9946466809421841,0.6056885719299316,0.18772530555725098
Normalizer,238,0,66.46945129466717,98.15629124796587,98.21470440462234,0.6402361799385711,0.9908571624611902,0.9842892683093072,0.9975132969537888,0.3206980228424072,0.17723584175109863
Normalizer,241,0,68.33962279483924,98.25936241059019,97.84290738569754,0.5769175850139862,0.988932045509229,0.9842296113847838,0.9936796297575464,0.6205222606658936,0.20856428146362305
Normalizer,244,0,67.93396575240438,98.2596390082053,97.91324736225087,0.5872133023955748,0.989297187720112,0.984207827721757,0.9944394556883333,0.795241117477417,0.16637063026428223
Normalizer,247,0,68.03521326683214,98.24278692894184,97.86300452185563,0.5791602441996339,0.9890370472197402,0.9841666096710211,0.9939559300960144,0.5116312503814697,0.18299627304077148
Normalizer,250,0,66.91447768541275,98.15839636352204,97.84960643108357,0.5775308582429322,0.988967176490806,0.9841975646463265,0.9937832423844719,1.307617425918579,0.15674805641174316
Normalizer,253,0,67.68524178234571,98.29814725404134,97.8563054764696,0.5785294121186306,0.9890019246631839,0.9841986455981941,0.9938523174690889,0.4251418113708496,0.22127795219421387
Normalizer,256,0,67.28459095858508,98.19943216278622,97.83955786300453,0.5760418700411902,0.9889150497533813,0.9841959429411966,0.9936796297575464,0.7897346019744873,0.27771925926208496
Normalizer,259,0,67.44160069587207,98.20080684095947,97.75916931837213,0.5657281163949656,0.9884966556046564,0.9842824367359518,0.9927471161152173,0.755547046661377,0.20020318031311035
Normalizer,262,0,66.95692321326868,98.14094647507045,97.91324736225087,0.588626949378432,0.9892957165684438,0.9843402742161589,0.9943013055190992,1.2757329940795898,0.20278644561767578
Normalizer,265,0,66.92052271362812,98.17958097776015,97.81946072684642,0.5730952634279988,0.9888107801515958,0.9841926985321792,0.9934724045036956,0.7709989547729492,0.17281150817871094
Normalizer,268,0,67.21199695456309,98.21041542628835,97.86300452185563,0.5791602441996339,0.9890370472197402,0.9841666096710211,0.9939559300960144,0.5832834243774414,0.1702866554260254
Normalizer,271,0,66.70358976544907,98.12353688614004,97.72567409144197,0.5602921288489959,0.9883235026052862,0.9842107065794431,0.9924708157767493,0.9317116737365723,0.1923847198486328
Normalizer,274,0,91.96273441350615,99.66001672750447,86.36074359403784,0.3759760159352969,0.9244835132228033,0.9982777955783403,0.8608482420390965,0.5244872570037842,0.16031885147094727
Normalizer,277,0,91.22869089221626,99.6463551263505,85.6071009881092,0.3683348250565041,0.9199590202104871,0.9985039019853625,0.8528700697658355,0.624321460723877,0.19778656959533691
Normalizer,280,0,91.99860017539397,99.66037473499297,86.0224418020432,0.3713052948808402,0.9224652087475149,0.9982708006595086,0.857359950265939,0.6289620399475098,0.18212676048278809
Normalizer,283,0,91.74497348429063,99.65664718158449,86.33394741249371,0.3764713637024255,0.9243183082915971,0.9983571085109794,0.8605028666160116,1.0889689922332764,0.17533516883850098
Normalizer,286,0,91.40595166568701,99.62040805900857,86.26025791324736,0.3689116701734351,0.923921510441782,0.9977567697484377,0.8602611038198522,0.28500795364379883,0.19704651832580566
Normalizer,289,0,93.35685515016088,99.78264897399247,84.07301959470776,0.36362118419422135,0.9105513647736038,0.999876058665565,0.8358775989500588,0.834467887878418,0.22309517860412598
Normalizer,292,0,92.07936282566008,99.65600048958088,86.29710266287054,0.3733461107128141,0.9241156721262822,0.9981167608286252,0.8603301789044692,0.6263284683227539,0.19400763511657715
Normalizer,295,0,91.82586071503675,99.68059059386023,85.49991626193267,0.3703672043672328,0.9192907880753958,0.9988251022971276,0.8514885680734959,1.1004490852355957,0.1941664218902588
Normalizer,298,0,90.99605505368575,99.55751435856155,86.1262770055267,0.35657836839282936,0.9231910395727478,0.9967964119814192,0.8597085031429164,0.4865570068359375,0.23231196403503418
Normalizer,301,0,92.11226932199163,99.65638472866817,86.25690839055434,0.3727880098283624,0.9238761387038721,0.9981158548807376,0.8599157283967673,0.8417143821716309,0.17856311798095703
Normalizer,304,0,91.85684100548485,99.64493513290564,86.38419025288896,0.37368973132143485,0.9246398843180512,0.9980389802697403,0.8612972300891069,0.8344590663909912,0.2071220874786377
Normalizer,307,0,91.37526653514546,99.66295693124246,84.4950594540278,0.3572734158874208,0.9132154708562216,0.998769735493131,0.8411618429232576,1.1677284240722656,0.19966959953308105
Normalizer,310,0,91.60221767054128,99.63703651484174,85.8147713950762,0.3663380975182755,0.9212371440793022,0.9980656860769695,0.8553913103543552,0.9773867130279541,0.2039499282836914
Normalizer,313,0,92.80702590974992,99.70856072964831,85.83151900854128,0.37391104024097793,0.9212876814291031,0.9987492939562657,0.8549768598466533,1.0293889045715332,0.21776366233825684
Normalizer,316,0,93.68787506870135,99.79435126013982,84.31418522860493,0.36650881372421623,0.9120249478687231,0.9998764262470651,0.83836430199627,0.6215896606445312,0.18060708045959473
Normalizer,319,0,91.12270931954755,99.57411356220321,87.60676603583988,0.38020776436675974,0.9319327421906619,0.9970477090222012,0.8748014091317262,0.31493568420410156,0.20075416564941406
Normalizer,322,0,92.11192049664754,99.66878500066781,86.1028303466756,0.3732710694825352,0.9229397670919931,0.9983525535420099,0.8581197761967259,0.7221143245697021,0.1834406852722168
Normalizer,325,0,90.66746157957162,99.57098205751382,86.69569586333947,0.36976955754498186,0.9265423879272082,0.9972927780874273,0.8651654348276576,0.6135611534118652,0.2196331024169922
Normalizer,328,0,92.14406992698511,99.66150571298141,86.54496734215374,0.3777035076200943,0.9255849280302328,0.998201941902745,0.8628168819506804,0.6591222286224365,0.1920182704925537
Normalizer,331,0,91.05898544570334,99.56671094031717,87.70055267124435,0.3803246551898037,0.932490072069422,0.9969337212044972,0.8758720729432894,0.9438169002532959,0.192549467086792
Normalizer,334,0,91.79999972400633,99.62115720583019,86.92011388377156,0.37609326441797125,0.9278521939953811,0.9975765762186644,0.867237687366167,0.8923685550689697,0.21141648292541504
Normalizer,337,0,91.47458592706698,99.60024913725833,86.4310835705912,0.3669105386805166,0.9249661968178703,0.997363690832834,0.86236789390067,0.3173055648803711,0.1981639862060547
Normalizer,340,0,91.38928088083689,99.60291417087561,87.21152235806397,0.37907865597626594,0.9295805820945073,0.9974667511082964,0.8703460661739311,0.8607134819030762,0.20999646186828613
Normalizer,343,0,92.0645760809925,99.66704122010715,86.34734550326579,0.37665880808223,0.9243981155173053,0.9983573717948718,0.8606410167852455,0.8194184303283691,0.21821999549865723
Normalizer,346,0,91.52872477044033,99.59674216810309,86.88661865684139,0.3720782385362139,0.9276754539912435,0.9972594034237597,0.8671686122815501,0.6821033954620361,0.1904008388519287
Normalizer,349,0,91.48872485323845,99.5901962230727,88.10919443979233,0.38906544109772323,0.9348671657126082,0.9971428571428571,0.8799129653933826,0.9595999717712402,0.22634172439575195
Normalizer,1,1,58.98254010322317,96.88048583077689,85.03768213029643,0.1706126200452009,0.9178150240097143,0.9820465372652467,0.8614699178006493,0.6822688579559326,0.07606077194213867
Normalizer,4,1,63.44806799441602,97.86802134653439,98.4558700385195,0.6932606143070436,0.9921011599814952,0.9844265360943929,0.9998963873730745,0.7106544971466064,0.06079578399658203
Normalizer,7,1,61.34399951793104,97.6602552414133,98.44917099313348,0.6916466540473026,0.9920668916950808,0.9843925328980925,0.9998618498307661,0.36628222465515137,0.05891704559326172
Normalizer,10,1,67.95770887527439,98.37669634337685,98.43912242505442,0.6892234013235364,0.9920148051681004,0.9844238879064073,0.9997236996615321,1.0445525646209717,0.06241488456726074
Normalizer,13,1,68.2559871270415,98.39276036179233,98.42237481158935,0.6852517378038104,0.9919284355560125,0.9844212388176469,0.9995510119499896,0.9754824638366699,0.0627756118774414
Normalizer,16,1,67.36442213018515,98.28996393479153,98.39892815273824,0.6797981612905618,0.9918074932300415,0.9844175285792053,0.9993092491538302,1.523339033126831,0.04804420471191406
Normalizer,19,1,68.98877526041728,98.42790884444574,98.35873388042205,0.6707267055031888,0.9916000959989029,0.9844111640571818,0.9988947986461283,1.1360950469970703,0.06646561622619629
Normalizer,22,1,66.14614386615166,98.18830004011205,98.23480154078044,0.6445815413004938,0.9909603938317981,0.9843584937808826,0.9976514471230227,0.48321032524108887,0.08098077774047852
Normalizer,25,1,67.07433744075814,98.32722361430132,98.16111204153408,0.6303671350350218,0.9905794738919299,0.9843467585172049,0.996891621192236,1.3029117584228516,0.09482383728027344
Normalizer,28,1,66.66056925076226,98.29317604768212,98.16781108692011,0.631401125363683,0.9906144369520083,0.9843147952398813,0.9969952338191614,0.6128954887390137,0.06943297386169434
Normalizer,31,1,67.04046304992795,98.32332556833106,98.01038352034836,0.6041316565736193,0.9897990726429675,0.9843557863096052,0.9953028942460455,1.0358633995056152,0.10139656066894531
Normalizer,34,1,66.99112534659247,98.33239488775291,97.9567911572601,0.5947694042806733,0.9895221409186162,0.9842810278840897,0.9948193686537266,0.9519484043121338,0.09240555763244629
Normalizer,37,1,67.32275858441923,98.37004827881712,97.9165968849439,0.5894967613261347,0.9893127147766323,0.9843739314778089,0.9943013055190992,1.099897861480713,0.07152509689331055
Normalizer,40,1,67.29828714489678,98.36773599269362,97.89984927147881,0.5869336555628483,0.9892258785118997,0.9843712595328478,0.9941286178075568,1.2080059051513672,0.07688784599304199
Normalizer,43,1,67.02223213414335,98.33689452716507,97.88310165801374,0.5844010063264127,0.9891390273242825,0.9843685866739637,0.9939559300960144,0.6934072971343994,0.07793331146240234
Normalizer,46,1,67.14839191133059,98.34190150760251,97.86970356724167,0.5823964058408118,0.9890695356271269,0.9843664477285167,0.9938177799267804,0.4940216541290283,0.07885932922363281
Normalizer,49,1,67.66621738473451,98.37729552168743,97.80271311338134,0.5726495289165271,0.9887219337757452,0.9843557442147063,0.9931270290806106,0.759178876876831,0.08825039863586426
Normalizer,52,1,66.95611248183712,98.32973571098424,97.80606263607436,0.5739170694164287,0.9887385451231883,0.984422609469684,0.9930924915383021,1.1111254692077637,0.0979604721069336
Normalizer,55,1,66.64377963530042,98.26574561953818,97.732373136828,0.5633017115758272,0.9883562939648797,0.9843776765219775,0.9923672031498239,1.0412571430206299,0.08951544761657715
Normalizer,58,1,66.62255495474969,98.30095844006566,97.72902361413499,0.5624287707259102,0.9883392955421023,0.9843439534087016,0.9923672031498239,0.5406913757324219,0.11490797996520996
Normalizer,61,1,66.94756051103909,98.3169713962213,97.74577122760006,0.5655379048322696,0.9884254880041277,0.9844130040080847,0.9924708157767493,0.9112560749053955,0.09064078330993652
Normalizer,64,1,66.74792508335584,98.3243140140934,97.72902361413499,0.5628489502380214,0.9883388944308761,0.9843771412909414,0.9923326656075153,0.9904744625091553,0.11825037002563477
Normalizer,67,1,67.18606121524464,98.35006385967058,97.732373136828,0.5633017115758272,0.9883562939648797,0.9843776765219775,0.9923672031498239,0.8074946403503418,0.09911274909973145
Normalizer,70,1,67.17675026182984,98.34226898732223,97.72232456874896,0.5615241960252955,0.9883044958893743,0.9843428806358777,0.9922981280652069,1.1274924278259277,0.0918424129486084
Normalizer,73,1,67.52621575790509,98.3704605458371,97.70557695528387,0.5592800422601607,0.9882174862824019,0.9843401980605146,0.9921254403536645,1.0288243293762207,0.12798714637756348
Normalizer,76,1,67.08980075326342,98.34892090312024,97.72567409144197,0.5615548789954686,0.9883222977040158,0.9843102326059402,0.9923672031498239,0.91556715965271,0.09330320358276367
Normalizer,79,1,67.02347793894361,98.34193112016169,97.66203316027466,0.5539975464298489,0.9879907780186504,0.9843664289632474,0.9916419147613456,1.12752366065979,0.10713839530944824
Normalizer,82,1,66.819411279417,98.33164890811153,97.62853793334449,0.5497120357948262,0.9878166299559471,0.9843610672885658,0.9912965393382607,0.9800271987915039,0.09926652908325195
Normalizer,85,1,66.92801479203455,98.33673564201241,97.63188745603752,0.5501365268567305,0.9878340474592604,0.9843616036215234,0.9913310768805692,1.0238847732543945,0.09708428382873535
Normalizer,88,1,66.86941213423076,98.32965890821687,97.63188745603752,0.5496888630317354,0.987834466144713,0.9843283838002812,0.9913656144228776,0.9400436878204346,0.09818887710571289
Normalizer,91,1,66.91527308386213,98.33161654849269,97.61179031987942,0.5471500098917328,0.9877299557727719,0.9843251586348826,0.9911583891690268,0.561309814453125,0.12788009643554688
Normalizer,94,1,66.48837219464883,98.19780827902575,97.4242170490705,0.5244006245921216,0.9867539402290931,0.9842617092196144,0.9892588243420598,0.2516627311706543,0.0997612476348877
Normalizer,97,1,66.7854487239394,98.22872993674257,97.53810082063306,0.5381066297096778,0.9873465663573605,0.9843133216627192,0.9903985632382399,0.6030745506286621,0.12315106391906738
Normalizer,100,1,66.57497096124841,98.17733042881049,97.56154747948418,0.540474518285767,0.9874690167997797,0.984283851485828,0.9906748635767079,0.4299948215484619,0.10856270790100098
Normalizer,103,1,67.24374772736455,98.35993331028108,97.51800368447496,0.5357099105390367,0.9872419552004958,0.9843100902942287,0.9901913379843891,0.606635570526123,0.12920188903808594
Normalizer,106,1,66.30013683919925,98.13301314055231,97.53475129794005,0.5372335553615682,0.9873295689298994,0.9842795359373927,0.9903985632382399,1.1863479614257812,0.13410449028015137
Normalizer,109,1,66.28419437100159,98.18334771327481,97.4845084575448,0.5312962107056113,0.9870680006199094,0.9842714378927848,0.9898805001036126,0.7999579906463623,0.11707854270935059
Normalizer,112,1,66.87068093850424,98.31207618279666,97.55484843409815,0.5391921996521134,0.9874345910217571,0.984249536751081,0.9906403260343994,0.5238571166992188,0.10021781921386719
Normalizer,115,1,66.92998508024172,98.30289528420207,97.49790654831686,0.5319018128381223,0.9871386511940221,0.9842070930751536,0.9900877253574636,0.9361732006072998,0.14139485359191895
Normalizer,118,1,66.18117206388916,98.12559878302733,97.51465416178195,0.5338842433848379,0.9872258375512172,0.9842098036523411,0.990260413069006,0.8876564502716064,0.11696982383728027
Normalizer,121,1,66.50349243167834,98.17567276837576,97.55149891140512,0.5383169846728125,0.9874175947122915,0.9842157636482174,0.9906403260343994,0.9574370384216309,0.12238550186157227
Normalizer,124,1,66.37874520547231,98.16933569266702,97.58499413833529,0.538750659147663,0.9875952720953839,0.9839555692687442,0.9912620017959523,0.9031522274017334,0.11423611640930176
Normalizer,127,1,66.14120281265158,98.09551837503203,97.43761513984256,0.5254194906923505,0.9868242021322402,0.984230597450785,0.9894315120536022,0.9219141006469727,0.11417984962463379
Normalizer,130,1,65.96499234845858,98.08855480305232,97.43761513984256,0.5249266247197844,0.9868246559771283,0.9841973272870933,0.9894660495959108,0.7296981811523438,0.09715461730957031
Normalizer,133,1,66.07976163652597,98.08117054317451,97.37397420867526,0.5183307214274332,0.9864925398849109,0.9842202970297029,0.988775298749741,0.864581823348999,0.14123320579528809
Normalizer,136,1,65.95456017072355,98.10182184620622,97.4041199129124,0.5201570324782935,0.9866510498303391,0.9841253479022781,0.9891897492574429,0.941117525100708,0.14769864082336426
Normalizer,139,1,65.75937705773411,98.03914095433257,97.35722659521018,0.5149825387356539,0.9864066295677343,0.9841177077245694,0.988706223665124,0.6308760643005371,0.1356334686279297
Normalizer,142,1,66.37564794307661,98.10260219019342,97.44766370792162,0.525580860141774,0.9868774540194255,0.9841656934807996,0.9896041997651447,0.2509026527404785,0.12758159637451172
Normalizer,145,1,65.97017106318208,98.0635425025098,97.51465416178195,0.5300641898861548,0.9872293552717635,0.9839440098806093,0.990536713407474,0.7617459297180176,0.14017963409423828
Normalizer,148,1,67.51420619963068,98.29282479842931,97.04237146206665,0.484044562559756,0.9847619376326643,0.9840996102507502,0.9854251571458175,1.522871971130371,0.12934660911560059
Normalizer,151,1,66.22640627787487,98.10405480349557,97.10266287054094,0.49239561946752103,0.9850746268656716,0.984276404261922,0.9858741451958278,0.7452957630157471,0.15831542015075684
Normalizer,154,1,66.3496834544166,98.1553121824609,97.00552671244348,0.4834732081288711,0.984566515899596,0.984260665470109,0.9848725564688817,0.4079458713531494,0.13010740280151367
Normalizer,157,1,59.42228619823844,97.2702500727661,98.39557863004522,0.6790290086841335,0.9917902133858942,0.984416998400871,0.9992747116115217,1.168165922164917,0.13545465469360352
Normalizer,160,1,59.31140190452505,97.32305138918196,98.43242337966839,0.6876390756832044,0.991979984234157,0.9844557823129252,0.9996200870346066,1.107393503189087,0.15480875968933105
Normalizer,163,1,59.024222815216795,97.22462852184304,98.41902528889634,0.6844237061439244,0.9919117143052986,0.9843548057955241,0.9995855494922982,1.308605670928955,0.15049433708190918
Normalizer,166,1,59.371093204061985,97.34019314515088,98.43242337966839,0.6876390756832044,0.991979984234157,0.9844557823129252,0.9996200870346066,0.8479619026184082,0.15228891372680664
Normalizer,169,1,59.49154911188684,97.29455894962817,98.4123262435103,0.6828445871290061,0.9918771635192103,0.9843537414965986,0.9995164744076811,1.1110191345214844,0.1557605266571045
Normalizer,172,1,59.19655786816963,97.24702295287953,98.42572433428236,0.6860253385868549,0.9919459867023099,0.984388817087273,0.9996200870346066,0.6926319599151611,0.12921690940856934
Normalizer,175,1,59.15096907897153,97.24727411858787,98.42237481158935,0.685232757773479,0.9919287121926141,0.9843882861127172,0.9995855494922982,0.45535755157470703,0.14147567749023438
Normalizer,178,1,59.26888354500388,97.24755348002591,98.41902528889634,0.6844237061439244,0.9919117143052986,0.9843548057955241,0.9995855494922982,0.9293091297149658,0.13451266288757324
Normalizer,181,1,59.08343687568408,97.27327321828291,98.41902528889634,0.6844237061439244,0.9919117143052986,0.9843548057955241,0.9995855494922982,1.063877820968628,0.1827714443206787
Normalizer,184,1,60.10450807308344,97.44801970827172,98.43242337966839,0.6876390756832044,0.991979984234157,0.9844557823129252,0.9996200870346066,0.7109110355377197,0.15759968757629395
Normalizer,187,1,59.15626662430675,97.29455236164564,98.4089767208173,0.6820329682422092,0.991860166223974,0.9843202612156049,0.9995164744076811,1.1570887565612793,0.16052746772766113
Normalizer,190,1,59.48937757828886,97.30350943109045,98.29174342656172,0.6559339346316332,0.9912551440329218,0.9843015732479738,0.998307660426884,0.63883376121521,0.1552753448486328
Normalizer,193,1,59.03977045912392,97.2310188660547,98.26494724501758,0.65035256280792,0.9911167512690355,0.9842972954560938,0.9980313600884161,0.9042656421661377,0.13377094268798828
Normalizer,196,1,59.172676748460205,97.2447739372195,98.42237481158935,0.685217130686528,0.9919289888102542,0.9843553378906914,0.9996200870346066,0.6515934467315674,0.1314229965209961
Normalizer,199,1,59.2676645729224,97.27175263193,98.41567576620332,0.6836137547713542,0.9918947170005312,0.9843213277556712,0.9995855494922982,0.8737795352935791,0.16846656799316406
Normalizer,202,1,59.255896509116944,97.25124398078326,98.41902528889634,0.6844080256800364,0.9919119915007368,0.9843218609712964,0.9996200870346066,1.1247718334197998,0.15853381156921387
Normalizer,205,1,58.69674098230904,97.16500726228658,98.4123262435103,0.6827871116242926,0.9918779986291981,0.9842549139631368,0.9996200870346066,0.760608434677124,0.18026471138000488
Normalizer,208,1,59.13560926409581,97.25423516003268,98.41902528889634,0.6844080256800364,0.9919119915007368,0.9843218609712964,0.9996200870346066,0.8881075382232666,0.1578521728515625
Normalizer,211,1,59.10718958166795,97.23116068448948,98.27499581309664,0.6525747236835748,0.99116835011061,0.9843318914131953,0.998100435173033,0.8154213428497314,0.1700146198272705
Normalizer,214,1,59.39199972523296,97.23046990720543,98.42237481158935,0.685217130686528,0.9919289888102542,0.9843553378906914,0.9996200870346066,0.5645148754119873,0.14679455757141113
Normalizer,217,1,59.279720130143275,97.27516212885989,98.41567576620332,0.6836137547713542,0.9918947170005312,0.9843213277556712,0.9995855494922982,0.3936927318572998,0.14892959594726562
Normalizer,220,1,59.41334515301817,97.26281837533179,98.41902528889634,0.6844080256800364,0.9919119915007368,0.9843218609712964,0.9996200870346066,0.7373673915863037,0.14086627960205078
Normalizer,223,1,59.00370345184529,97.18102470945972,98.41567576620332,0.6836328630078441,0.991894439208294,0.9843542736641611,0.9995510119499896,1.0681934356689453,0.15516090393066406
Normalizer,226,1,59.075350644219085,97.20897691173099,98.33193769887791,0.6642853391674688,0.9914635400596524,0.9842090933841546,0.9988257235615113,0.727121114730835,0.1658315658569336
Normalizer,229,1,59.22870346526163,97.21975485450449,98.27164629040361,0.6517354318370017,0.991151353019858,0.9842983651226158,0.998100435173033,0.5097641944885254,0.1730175018310547
Normalizer,232,1,59.15684161113764,97.21824974497322,98.4123262435103,0.6828445871290061,0.9918771635192103,0.9843537414965986,0.9995164744076811,0.562183141708374,0.14630913734436035
Normalizer,235,1,58.89946983914245,97.15950519689432,98.32523865349188,0.6631029299448266,0.9914280816046631,0.984306917211329,0.9986530358499689,1.0802021026611328,0.17266416549682617
Normalizer,238,1,58.7281199302932,97.17170219247652,98.33863674426394,0.6661247139204903,0.99149694850168,0.9843420246442917,0.9987566484768944,0.7318353652954102,0.17818665504455566
Normalizer,241,1,59.34416082090333,97.19813981859046,98.4123262435103,0.6827871116242926,0.9918779986291981,0.9842549139631368,0.9996200870346066,0.8395581245422363,0.16797184944152832
Normalizer,244,1,59.319244724898326,97.19217529501492,98.4123262435103,0.6827871116242926,0.9918779986291981,0.9842549139631368,0.9996200870346066,0.9913313388824463,0.20471572875976562
Normalizer,247,1,59.109926518982945,97.1776238438786,98.12426729191091,0.623331285642387,0.9903892359442575,0.9843078392576926,0.9965462457691511,0.863990306854248,0.17789244651794434
Normalizer,250,1,58.561274084952544,97.10277046435519,98.33193769887791,0.6645632566930259,0.9914626620037029,0.9843079855674314,0.9987221109345858,1.5465152263641357,0.16897964477539062
Normalizer,253,1,59.69331390746713,97.30693934790237,98.29509294925474,0.656769870840201,0.9912721411546838,0.984335092797548,0.998307660426884,0.736825704574585,0.1444532871246338
Normalizer,256,1,58.76249072642074,97.1657840483934,98.36208340311505,0.6712482177970864,0.9916182444592996,0.9843127913703338,0.9990329488153623,1.0142967700958252,0.23242497444152832
Normalizer,259,1,58.64365053159064,97.12265440723587,98.41567576620332,0.6836328630078441,0.991894439208294,0.9843542736641611,0.9995510119499896,1.1756370067596436,0.1685953140258789
Normalizer,262,1,58.990271759475796,97.23437980905834,98.34198626695697,0.6666006571978429,0.9915151099607467,0.9842436617321763,0.9988947986461283,0.729236364364624,0.17603039741516113
Normalizer,265,1,58.500313981142114,97.11021345996834,98.31519008541282,0.6608194846498912,0.9913765022544532,0.9842723404255319,0.9985839607653519,0.5989077091217041,0.19926714897155762
Normalizer,268,1,58.89357047425759,97.19805438486377,98.348685312343,0.6680959011341795,0.9915496820417888,0.9842447340660836,0.9989638737307454,0.6329588890075684,0.16371774673461914
Normalizer,271,1,58.775458596079964,97.14573727885399,98.4089767208173,0.6819911400176428,0.9918607241385219,0.9842543785070567,0.9995855494922982,0.6078100204467773,0.16941261291503906
Normalizer,274,1,58.92739694951854,97.18707239134558,98.39892815273824,0.6796482614262072,0.9918086163759126,0.9842857142857143,0.9994473993230641,0.8595602512359619,0.1729259490966797
Normalizer,277,1,59.09511869146491,97.15484450515886,98.38887958465918,0.6773973731626972,0.9917562171148474,0.9843500153097676,0.9992747116115217,1.0935087203979492,0.1746985912322998
Normalizer,280,1,78.66924396208246,98.64641572245388,97.45101323061463,0.5652520036995408,0.9868577843018738,0.986908915063383,0.9868066588381571,1.3564493656158447,0.16467905044555664
Normalizer,283,1,79.35147350341853,98.89158209930245,97.35722659521018,0.5389984022190871,0.986384109617409,0.9857206912013244,0.9870484216343165,1.01304292678833,0.16782402992248535
Normalizer,286,1,79.92062038472446,98.73621072478743,91.1773572265952,0.32294826795128934,0.9529037333714776,0.9878772150960183,0.9203218898943151,0.7507412433624268,0.16712617874145508
Normalizer,289,1,79.00666731729619,98.82261782422496,97.31368280020098,0.5351419595144952,0.9861561831112339,0.9857478086824487,0.9865648960419976,1.0569212436676025,0.20301508903503418
Normalizer,292,1,79.40887060550024,98.7391150823571,97.03567241668061,0.5104981024011613,0.9847004926959979,0.9857741165068706,0.9836292049457761,1.167726993560791,0.18521761894226074
Normalizer,295,1,82.92643304159523,98.86090510697056,89.95143192095126,0.3300157629097518,0.9458874458874459,0.9899569583931134,0.9055743593285902,1.3152821063995361,0.17027997970581055
Normalizer,298,1,80.10368469194161,98.67031529577538,91.00653156925138,0.32616934679966236,0.9519256593436107,0.9883258355950478,0.9181114871865718,0.8090095520019531,0.1747753620147705
Normalizer,301,1,79.52932842994787,98.72905859441482,91.33478479316697,0.3204917315272315,0.9538010964873118,0.9875013866804718,0.9223250673482075,0.7402100563049316,0.1859438419342041
Normalizer,304,1,81.31783071728378,98.75015140707374,90.36007368949925,0.3266551049046561,0.948242995360213,0.9891940567312022,0.9105477654210127,1.1685566902160645,0.19034719467163086
Normalizer,307,1,82.22430895591054,98.85629391001555,90.79886116228437,0.3296651939020587,0.9507344105884252,0.9888453646707703,0.9154520964288181,0.9339416027069092,0.19078350067138672
Normalizer,310,1,84.31617621184417,99.2144011512252,96.54329258080723,0.5066013765923776,0.9820746196067532,0.9878398210916206,0.9763763210609933,0.8367125988006592,0.1817333698272705
Normalizer,313,1,78.8820753375345,98.66615247885015,96.97538100820633,0.5299574216942662,0.9843590320960283,0.9873518885298308,0.9813842646957243,0.9631669521331787,0.22038578987121582
Normalizer,316,1,86.14969805141564,99.3887590615789,89.41550829006867,0.32000658383922087,0.9428385369559712,0.9898587055606198,0.9000828901015404,0.6304042339324951,0.1865220069885254
Normalizer,319,1,78.1122101366805,98.64739449197921,97.31368280020098,0.5396073563871505,0.9861518803743482,0.986049723756906,0.9862540581612212,0.8973071575164795,0.20046019554138184
Normalizer,322,1,79.79417694736732,98.72580902635808,91.28119243007872,0.3251368225458089,0.9534838006397541,0.9878911312719867,0.9213925537058782,0.6098763942718506,0.20748448371887207
Normalizer,325,1,78.4700819402233,98.46298069476845,91.05677440964662,0.3451796793463708,0.9521471073195211,0.9896058415915356,0.917420736340402,0.40389442443847656,0.20995473861694336
Normalizer,328,1,79.88799371531726,98.61214651931296,90.69837548149388,0.3276567268220449,0.9501695706005849,0.9888328664799253,0.9144159701595634,0.9844241142272949,0.20791387557983398
Normalizer,331,1,75.60744483748842,98.46305259913747,97.71897504605593,0.5848168576746458,0.9882644884454325,0.9862080825451419,0.990329488153623,1.0525741577148438,0.19354939460754395
Normalizer,334,1,79.82715819198687,98.84206529642117,91.49556188243176,0.3276537750687476,0.9546857989327336,0.987775602910219,0.9237411065828556,0.8962788581848145,0.18318557739257812
Normalizer,337,1,82.01209473299029,99.00457879663702,97.13950762016412,0.5319996595782028,0.9852320675105485,0.9865969384221098,0.9838709677419355,0.6095759868621826,0.1837611198425293
Normalizer,340,1,79.40567751196605,98.62110658724215,91.17400770390219,0.3171096561561876,0.9529035371499044,0.9874791628079274,0.9206672653174001,1.2082579135894775,0.1822817325592041
Normalizer,343,1,80.36985567907209,98.67361487763192,90.75196784458215,0.32154292111691707,0.9504957595969376,0.988329169618554,0.9154520964288181,0.8069860935211182,0.20448589324951172
Normalizer,346,1,80.7680474758193,98.80897597002728,91.13046390889298,0.3292577034531612,0.9526178291522027,0.988378137531561,0.9193548387096774,1.1712651252746582,0.17034673690795898
Normalizer,349,1,80.24139403793855,98.59345913389272,96.51314687657009,0.5234652937505888,0.9818928180062967,0.9890668255247573,0.9748221316571113,0.9144611358642578,0.21683621406555176
Normalizer,1,3,63.080475080185735,97.55492252478686,85.32239155920281,0.17485853686666253,0.9194958847736625,0.9822199544705236,0.8643019962699454,1.2935945987701416,0.08315253257751465
Normalizer,4,3,64.08192389366975,98.05338937000852,92.13532071679785,0.2700536637719408,0.9584292340922772,0.9832534147050276,0.9348276576638807,1.0242395401000977,0.08940482139587402
Normalizer,7,3,62.27017297213837,97.76843551399298,92.26595210182549,0.27360102973607875,0.9591464817141139,0.9833121712316343,0.9361400842716032,0.8152577877044678,0.0685272216796875
Normalizer,10,3,63.30706397387813,97.83234440951566,92.04823312677944,0.26927062304033356,0.9579465740806349,0.9833078769365045,0.933860606479243,0.7580273151397705,0.06291794776916504
Normalizer,13,3,60.914766098807114,97.46729660034718,91.99129124099817,0.2680164755803701,0.9576326747585718,0.9832975510352607,0.9332734682599986,0.5537397861480713,0.06214642524719238
Normalizer,16,3,61.97200396786913,97.57540624619317,91.77022274325908,0.26383439142308407,0.9564106658151046,0.9832925984022179,0.9309594529253299,1.1635937690734863,0.07832098007202148
Normalizer,19,3,62.948918093279275,97.70954470441093,91.67308658516161,0.26122707414571084,0.955875044373447,0.9832396114803185,0.9299924017406921,1.2469542026519775,0.057816267013549805
Normalizer,22,3,60.42171680794605,97.36277781388699,91.18070674928823,0.2513933810246441,0.9531436299895004,0.9831491611292632,0.9249153830213442,0.9361016750335693,0.09857773780822754
Normalizer,25,3,61.05712325502039,97.38582333501975,91.19410484006029,0.25165097576314366,0.953218143317259,0.9831516352824579,0.9250535331905781,0.6920769214630127,0.07771992683410645
Normalizer,28,3,60.921579692753106,97.42778823016545,91.13381343158599,0.24993276644485557,0.9528844271194888,0.9831050060601608,0.9244663949713339,1.1954827308654785,0.1151885986328125
Normalizer,31,3,61.1165193946508,97.52439206559674,90.66822977725674,0.24192203807719403,0.9502855103497502,0.9830539762238795,0.9196311390481453,0.8960592746734619,0.1019291877746582
Normalizer,34,3,60.38957504409959,97.42036832383545,90.58784123262436,0.24105457782537668,0.9498339700789088,0.9830746489283074,0.9187677004904331,1.2441620826721191,0.10281682014465332
Normalizer,37,3,61.96658375867665,97.72909317750737,90.37682130296433,0.2379465778056818,0.9486496630860247,0.9830709390627894,0.9165572977826898,1.0217597484588623,0.10400795936584473
Normalizer,40,3,60.20944316971995,97.36840405461291,90.24284039524368,0.23567704753302698,0.9478974762560589,0.9830458171025783,0.9151757960903502,0.7802696228027344,0.08529925346374512
Normalizer,43,3,60.5961448129633,97.38528245425321,90.23949087255066,0.23562084603998415,0.9478786577949488,0.9830451880982415,0.9151412585480417,1.301321029663086,0.07669806480407715
Normalizer,46,3,60.25465246760964,97.37054581236708,90.2260927817786,0.23594459107961666,0.9478015097849809,0.98307852159715,0.9149685708364993,1.5010364055633545,0.09876799583435059
Normalizer,49,3,60.9508120232353,97.47854678283706,89.95813096633731,0.23099015684630847,0.9462955001433075,0.9829921845924823,0.9122401049941287,1.2226800918579102,0.11030721664428711
Normalizer,52,3,59.77022222934355,97.47784737271617,90.15575280522525,0.23258061199647037,0.9474136234321602,0.9829218488954892,0.9143814326172549,0.6438140869140625,0.10658740997314453
Normalizer,55,3,63.17353861538725,98.02597923782044,90.11220901021605,0.23186255349732118,0.9471687307609707,0.9829136022583761,0.9139324445672445,1.1255464553833008,0.09567093849182129
Normalizer,58,3,60.23996730394885,97.5402793897761,90.07536426059286,0.23125826974021543,0.9469614248635102,0.9829066181115529,0.9135525316018512,0.6567392349243164,0.09171199798583984
Normalizer,61,3,59.535167612877785,97.33403590841365,90.04856807904874,0.230820676059752,0.9468106056537229,0.9829015351447794,0.9132762312633833,0.637382984161377,0.08609318733215332
Normalizer,64,3,59.4321989712029,97.27762532754778,89.92128621671411,0.22876344711453966,0.9460936240348269,0.9828773497115205,0.9119638046556607,1.0677258968353271,0.09486865997314453
Normalizer,67,3,63.4799069318649,97.8183052642075,94.44984089767208,0.3403371322376333,0.9710106894802218,0.9839035631980145,0.9584513366028874,0.8445892333984375,0.08526396751403809
Normalizer,70,3,64.37749204084062,97.97062293999592,94.46993803383018,0.34229789967424207,0.9711166704571299,0.9839756088914099,0.9585894867721213,1.363300085067749,0.08572030067443848
Normalizer,73,3,63.52248279006917,97.8662815115309,93.04639088929828,0.2952784861875336,0.9634146341463414,0.9835912198632601,0.9440491814602473,0.7034411430358887,0.11467242240905762
Normalizer,76,3,63.63932011410499,97.86609113909725,94.18187908223078,0.3289979428456683,0.9695716913374792,0.9837545768013934,0.9557919458451336,0.9140775203704834,0.08797717094421387
Normalizer,79,3,63.430760890806404,97.85135260426684,94.02445151565901,0.32248274407225425,0.9687247992707128,0.9836585018513244,0.9542377564412516,0.6452150344848633,0.10625624656677246
Normalizer,82,3,59.62007783481732,97.71703120288919,81.07519678445821,0.136111660649547,0.8937490597261922,0.9810502848649988,0.8207156178766319,1.1241838932037354,0.08798766136169434
Normalizer,85,3,63.52381484289404,97.84406024397198,92.98609948082398,0.29486023127909544,0.9630831070836713,0.9836502448861999,0.9433584306140775,1.1862332820892334,0.13311290740966797
Normalizer,88,3,60.61508679579541,97.67596684506495,89.48919778931503,0.22149175440048105,0.9436543848308554,0.9827586206896551,0.9075429992401741,0.6342945098876953,0.07669997215270996
Normalizer,91,3,63.37011894637572,97.76317330699476,93.73974208675264,0.31459931832302684,0.9671834670693379,0.9836779884995893,0.9512329902604131,1.0940542221069336,0.12140870094299316
Normalizer,94,3,59.124370188174794,97.34375981499123,94.31585998995143,0.3330589946759685,0.9702942566562222,0.9837433003230043,0.9572079850797818,1.0568251609802246,0.10671472549438477
Normalizer,97,3,61.80692524872205,97.79574450568823,90.19259755484843,0.23483673162223898,0.9476151286363473,0.9830363771343726,0.9146577329557228,1.36073899269104,0.12034773826599121
Normalizer,100,3,56.735855726451014,97.32251559436492,90.92949254731201,0.23539586589644593,0.9517789095053243,0.9823922952506984,0.9230158181943773,0.6091952323913574,0.11043190956115723
Normalizer,103,3,58.59939571184022,97.27915175131187,92.75498241500586,0.28771438944204447,0.9618228992004518,0.9835396888423636,0.9410444152794087,0.9283604621887207,0.11520814895629883
Normalizer,106,3,52.87747559621726,97.15171595929354,80.44548651817117,0.12668830583569002,0.8898698358800227,0.9804622547389424,0.8146024728880293,0.5718493461608887,0.0975961685180664
Normalizer,109,3,58.48144674659801,97.29361984412203,92.73823480154077,0.2867045786192185,0.9617326225862252,0.9835018050541516,0.9409062651101747,1.0467913150787354,0.12717533111572266
Normalizer,112,3,58.76903024331066,97.36159563748734,92.7415843242338,0.2867887832496171,0.9617509487247374,0.9835024006353561,0.9409408026524833,1.0835380554199219,0.11991214752197266
Normalizer,115,3,55.605617529339845,97.25651660429342,88.50443811756826,0.20796954174629448,0.938046068308181,0.9826034339308676,0.8973544242591697,0.8813869953155518,0.1133730411529541
Normalizer,118,3,55.463383036983835,97.23449243216602,88.48769050410317,0.20826898400970978,0.9379479680080882,0.9826366559485531,0.8971471990053188,1.0630238056182861,0.13430047035217285
Normalizer,121,3,55.680846889670065,97.23071998266306,88.44749623178697,0.20720525084581048,0.9377200743964319,0.9825922421948912,0.8967672860399254,0.42515063285827637,0.10551977157592773
Normalizer,124,3,54.81903362806647,97.14988947611185,88.48434098141014,0.20612364945928036,0.9379377572387898,0.9824899780651993,0.8972508116322443,0.6347253322601318,0.11551141738891602
Normalizer,127,3,55.46425318372125,97.20088290395799,88.46089432255904,0.20686000071405997,0.937799043062201,0.9825583595020998,0.8969399737514678,1.0397050380706787,0.11468791961669922
Normalizer,130,3,55.501038924538506,97.20320930310258,88.46759336794506,0.20799891999641584,0.9378329090154018,0.9826327140640962,0.8969399737514678,0.23424863815307617,0.1276848316192627
Normalizer,133,3,59.490554384669416,97.31261391467804,96.32557360576118,0.42987729603608593,0.980996760614617,0.984082299377889,0.9779305104648753,1.1377596855163574,0.12312126159667969
Normalizer,136,3,51.97780711829096,96.84920263872803,76.13130128956624,0.10539758831044678,0.8621556793562365,0.9799050215460382,0.7696691303446846,1.133885145187378,0.113372802734375
Normalizer,139,3,51.60629471049681,96.8198493145217,75.46139675096299,0.10207695911792977,0.8577309977861498,0.9797692990239574,0.7627270843406783,0.386371374130249,0.10559225082397461
Normalizer,142,3,48.86451983961394,96.77698537885304,70.04856807904874,0.06906907399471036,0.8208303278031578,0.977522191467023,0.7074324791047869,0.7251441478729248,0.10707688331604004
Normalizer,145,3,48.5509526880136,96.78514382117376,67.9182716462904,0.06361322369916098,0.8055307398684317,0.9772884027983052,0.6851212267735028,1.0656681060791016,0.15239477157592773
Normalizer,148,3,52.4187664355194,96.89320021591594,75.69586333947413,0.10253577293439235,0.8592925845485573,0.9797470593437694,0.7652137873868895,0.5807967185974121,0.1166071891784668
Normalizer,151,3,51.522883287563104,96.84474422444494,75.37765868363758,0.10078049981384841,0.8571872632253803,0.9796616190772237,0.761932720867583,1.3414545059204102,0.14422082901000977
Normalizer,154,3,51.48319386324989,96.7351319216764,75.257075866689,0.10012130479591602,0.8563874253941716,0.9796290530623137,0.7606893693444774,0.8518455028533936,0.12580370903015137
Normalizer,157,3,51.077887562781854,96.80094801661451,75.18338636744264,0.09930286236006373,0.8559036894412354,0.9795663980768374,0.7599640809559992,0.7657523155212402,0.13910818099975586
Normalizer,160,3,51.76750185164926,96.83508881717867,75.43795009211188,0.10069292844467263,0.8575922940982269,0.9796352988153867,0.7625889341714444,0.5673220157623291,0.1170194149017334
Normalizer,163,3,51.46441096010764,96.85082159138977,75.3207167978563,0.09963307739246749,0.8568208317139526,0.9795610059539678,0.7614146577329557,1.1070153713226318,0.16034746170043945
Normalizer,166,3,51.03658242547384,96.76747828645385,75.09964830011724,0.09968223687962113,0.8553358760800187,0.9796291343496478,0.7590315673136699,1.4084267616271973,0.13037419319152832
Normalizer,169,3,51.15409631734734,96.77653927653951,74.93552168815944,0.09796300161605835,0.8542547182673392,0.979498861047836,0.7574083028251709,1.1498162746429443,0.15515685081481934
Normalizer,172,3,50.556027598447905,96.70556801949601,74.73455032657846,0.09688625141854984,0.8529142210869098,0.9794437726723095,0.7553360502866616,1.1117684841156006,0.12369036674499512
Normalizer,175,3,50.92827023951728,96.73049164946728,75.07955116395914,0.09832318174358254,0.8552191173036506,0.979495408754569,0.7589279546867445,0.5738508701324463,0.15529704093933105
Normalizer,178,3,51.37877242151564,96.78334702251219,75.44799866019092,0.09991100577031008,0.8576699029126214,0.9795529140424022,0.7627616218829868,0.6508862972259521,0.1614549160003662
Normalizer,181,3,50.581100857520035,96.79570022529964,74.82833696198293,0.09780322035837576,0.8535344676372566,0.9795124133303511,0.7562685639289908,1.2330880165100098,0.14713025093078613
Normalizer,184,3,50.436085345525306,96.77375832498086,74.63406464578797,0.09676571007763464,0.8522370295213751,0.9794591200609948,0.7542653864750984,1.2536442279815674,0.12500762939453125
Normalizer,187,3,51.401127909500445,96.83642438589449,75.0092111874058,0.09794350964532325,0.8547511047949072,0.9794761968500424,0.7582026662982663,1.0712552070617676,0.1515188217163086
Normalizer,190,3,50.6756861912006,96.74292139669079,74.97906548316865,0.09778111816535323,0.8545504108415437,0.9794679521514016,0.7578918284174898,1.2283611297607422,0.1341874599456787
Normalizer,193,3,41.26978903426515,96.42355336303676,10.805560207670407,0.015257822426530778,0.15148328712997483,0.9785920131741458,0.08209573806727913,1.241999864578247,0.14782357215881348
Normalizer,196,3,42.72642617241923,96.48950460908797,62.81024953944063,0.04505071755152504,0.7673058786545112,0.9757475614306274,0.6322442494992057,1.177452802658081,0.1522982120513916
Normalizer,199,3,42.36139578283192,96.43765696495592,11.023279182716463,0.011112182258554747,0.15573353674040172,0.9760956175298805,0.08461697865579886,0.8192307949066162,0.16596364974975586
Normalizer,202,3,40.41176493587709,96.32126752146135,11.163959135823145,0.01324181034656162,0.1580852009396229,0.9772370486656201,0.08599848034813842,0.9232425689697266,0.14435696601867676
Normalizer,205,3,40.17222158888488,96.31701488653171,9.874392899011891,0.01264724140722072,0.134739685500209,0.9776014932337844,0.07235615113628514,1.1594996452331543,0.14254522323608398
Normalizer,208,3,39.600489183462734,96.25946389778817,9.991626193267459,0.00624785987604777,0.13739085772984078,0.9736123748862603,0.07391034054016717,1.2836213111877441,0.12750029563903809
Normalizer,211,3,39.73687797637142,96.25973861418315,10.601239323396417,0.007947585403568018,0.14837268666241224,0.9744341994970662,0.08029978586723768,1.0148141384124756,0.15548038482666016
Normalizer,214,3,40.39306636413671,96.27766179925594,96.12795176687322,0.012884261676450055,0.980247419861937,0.9700371998647278,0.9906748635767079,0.905005693435669,0.14210152626037598
Normalizer,217,3,39.544450966924686,96.27615451708678,10.651482163791659,0.01029202234737289,0.1490956649334907,0.9757828810020877,0.08071423637493956,0.5868639945983887,0.15829181671142578
Normalizer,220,3,39.97828619731846,96.29342577696659,11.813766538268297,0.010375484487606989,0.16988270904275446,0.9753801593048516,0.09304413897907025,0.8213472366333008,0.15840864181518555
Normalizer,223,3,38.15591335239785,96.24775580099583,9.033662703064813,0.015703764820792523,0.11893329872826369,0.9802139037433155,0.06330731505146094,0.7580549716949463,0.15191221237182617
Normalizer,226,3,39.94708932849741,96.29567152274161,11.281192430078715,0.009292307835492732,0.16050204430921367,0.9749711205236812,0.08744905712509497,0.740990400314331,0.1775040626525879
Normalizer,229,3,39.860709056893576,96.26328464576241,11.41852286049238,0.006178480419498384,0.16320718896342234,0.9732075471698113,0.08907232161359398,0.7618985176086426,0.14715862274169922
Normalizer,232,3,38.02184558966318,96.17616937690855,10.701725004186903,0.005845264751964161,0.1503601249282937,0.9731848184818482,0.08147406230572632,0.8294332027435303,0.16222739219665527
Normalizer,235,3,37.92455015138636,96.15174485907015,10.075364260592865,0.004669977660212101,0.13905012346470833,0.9726334679228353,0.07487739172480486,1.4819481372833252,0.181243896484375
Normalizer,238,3,39.123597022549525,96.20271730856233,96.13800033495227,0.007509035951291206,0.9803017101464131,0.9699448933364887,0.9908820888305588,1.5647907257080078,0.16580605506896973
Normalizer,241,3,37.13164331159602,96.1215721963155,10.497404119912911,0.00457859255031069,0.14675735223680428,0.9724925941599661,0.07936727222490847,1.1132664680480957,0.1568737030029297
Normalizer,244,3,38.2049999781505,96.21180560989968,16.56673923965835,0.005729094873274435,0.25056413033667296,0.972215736633201,0.14381432617254955,1.3351943492889404,0.14136457443237305
Normalizer,247,3,38.87621277180682,96.19115963971521,96.88159437280187,0.02030096121109986,0.9841583147577805,0.9699480127452624,0.9987911860192029,0.8085606098175049,0.15138578414916992
Normalizer,250,3,37.057410595106,96.16813708036305,10.413666052587505,0.010250144316052744,0.14478480526955298,0.9758620689655172,0.07819299578641983,0.9637563228607178,0.17189288139343262
Normalizer,253,3,37.84383924993505,96.18380675335652,11.147211522358063,0.0071933669864440485,0.1582738378549897,0.97383834439672,0.08613663051737239,1.4228579998016357,0.15627145767211914
Normalizer,256,3,36.90795618477685,96.14546322029875,10.209345168313515,0.01251689866660575,0.1408838893696119,0.9773232547799022,0.07591351799405954,0.9475247859954834,0.2573699951171875
Normalizer,259,3,38.11743331705226,96.16795954587144,96.98542957628537,0.032808821091123874,0.9846959597333697,0.9698532859918269,1.0,1.2890188694000244,0.1761016845703125
Normalizer,262,3,36.900029033001715,96.06014685663568,10.333277507955115,0.0007866754870403409,0.14407213198618748,0.9702842377260982,0.07781308282102646,1.075270414352417,0.15602779388427734
Normalizer,265,3,36.34184331731522,96.0392667852414,11.565901858985095,0.0012576382143353584,0.1662350786332344,0.9705014749262537,0.09090281135594391,1.5401585102081299,0.15185976028442383
Normalizer,268,3,35.620286593369386,95.98849337565997,10.741919276503097,4.2594907943042526e-05,0.15155374426897605,0.9698451507742462,0.0821993506942046,1.1304728984832764,0.1606893539428711
Normalizer,271,3,36.97762158920687,96.04969074383582,96.95528387204824,0.007470495824204356,0.9845405534107723,0.9698441950075389,0.9996891621192237,1.2968227863311768,0.18616271018981934
Normalizer,274,3,37.073015737696224,96.04488479385748,3.0179199464076367,0.0,0.0,0.0,0.0,0.6932127475738525,0.17604398727416992
Normalizer,277,3,36.63967116273147,96.14104460426049,11.552503768213029,0.012135009167441722,0.16510686733274313,0.9764397905759162,0.09017752296746563,0.592627763748169,0.18697190284729004
Normalizer,280,3,35.52173385055571,95.97540931494974,10.768715458047229,0.0008835064261117223,0.15197045903100528,0.9703252032520325,0.08244111349036402,0.6594688892364502,0.1731889247894287
Normalizer,283,3,35.871358426320846,96.05024821297162,11.029978228102495,0.006495290699426562,0.1562261753494282,0.9734758511480601,0.08492781653657526,1.540064811706543,0.16777467727661133
Normalizer,286,3,35.95454752101328,96.06188031746377,11.311338134315859,0.008156967174703413,0.16113293625649475,0.9743295019157088,0.08782897009048836,1.226970911026001,0.1895465850830078
Normalizer,289,3,35.21272634452429,95.90804462946744,96.98542957628537,0.032808821091123874,0.9846959597333697,0.9698532859918269,1.0,0.5171186923980713,0.18486714363098145
Normalizer,292,3,36.03320571947834,95.95219440066867,96.93853625858316,0.004781788164429969,0.9844541960063952,0.9698391420911529,0.9995164744076811,0.6401078701019287,0.1780693531036377
Normalizer,295,3,36.22136441001713,95.99849864804034,3.0179199464076367,0.0,0.0,0.0,0.0,1.009993314743042,0.19266748428344727
Normalizer,298,3,35.10235187246762,95.91131994627851,3.0179199464076367,0.0,0.0,0.0,0.0,0.9822924137115479,0.20994782447814941
Normalizer,301,3,35.826712615525395,96.00570071198288,11.974543627533077,0.0011803198590954118,0.1734809409988678,0.9704433497536946,0.09525454168681356,0.4123351573944092,0.21700119972229004
Normalizer,304,3,35.81423540129519,95.97861334841346,3.0179199464076367,0.0,0.0,0.0,0.0,0.5069010257720947,0.17508578300476074
Normalizer,307,3,35.28012630084062,96.01249135807244,17.78931502260928,0.0028530678273318436,0.2703056249256749,0.9709525843656557,0.15700766733439248,0.45174288749694824,0.17196059226989746
Normalizer,310,3,34.503974577302266,95.8804749056331,3.0179199464076367,0.0,0.0,0.0,0.0,1.003251552581787,0.21384382247924805
Normalizer,313,3,34.94615478323495,95.92591467631952,3.0179199464076367,0.0,0.0,0.0,0.0,1.047537088394165,0.19753479957580566
Normalizer,316,3,47.96725672326352,96.5480808782036,80.3282532239156,0.129902329824375,0.8890987027210756,0.9807940674082406,0.8130828210264558,1.4007177352905273,0.15774965286254883
Normalizer,319,3,47.42178588303066,96.4878981614042,80.59286551666388,0.13085819281762362,0.8907616892911011,0.9807772149796562,0.8158803619534434,0.7019376754760742,0.20147013664245605
Normalizer,322,3,47.5919129865529,96.50435736953766,80.41534081393401,0.13185026186168763,0.8896313494535364,0.9809349373517046,0.813877184499551,0.5751748085021973,0.17780756950378418
Normalizer,325,3,49.272434663671426,96.61387108084254,80.65315692513818,0.13397621325337536,0.8911133732986465,0.9810310476506724,0.8162948124611452,0.5043647289276123,0.2283034324645996
Normalizer,328,3,47.701229482840745,96.50906486494728,79.56121252721488,0.1251269311609189,0.8842696203011797,0.9806495036177015,0.8051391862955032,0.6334760189056396,0.21045923233032227
Normalizer,331,3,47.4533488268007,96.46375178246163,80.99145871713282,0.12827202593571393,0.8932929695579415,0.9803953939493995,0.8204047799958555,1.1286792755126953,0.24066162109375
Normalizer,334,3,48.6685106622108,96.42833512570387,80.88762351364932,0.13475441822859688,0.8925828313253013,0.9810063725895887,0.8187815155073564,1.4759712219238281,0.17897367477416992
Normalizer,337,3,47.25703298975442,96.46480814448279,78.27834533578965,0.11816048655807138,0.8760914840361503,0.9804558867553351,0.7918076949644264,1.191162347793579,0.16852831840515137
Normalizer,340,3,47.96836069797882,96.50138636441518,80.52252554011054,0.13170791418347133,0.8903099239809104,0.9808803358410574,0.8150514609380396,0.5983047485351562,0.17861318588256836
Normalizer,343,3,49.32066839229159,96.49692180974758,80.91107017250042,0.13492323778977178,0.8927287443296252,0.9810118727505895,0.819023278303516,0.6141304969787598,0.20052194595336914
Normalizer,346,3,47.47087825865162,96.44052323196874,79.29325071177358,0.1237936514730335,0.8825697135476027,0.9806247361756015,0.8023416453685156,1.0886101722717285,0.19356751441955566
Normalizer,349,3,48.50670170150869,96.51710504896808,78.73722994473287,0.12062680235496712,0.8790304139034988,0.9805288665929768,0.7965738758029979,0.6576001644134521,0.20393729209899902
Normalizer,1,5,59.27337610877586,97.0902353000208,83.82180539273153,0.1641420744218772,0.9105058365758755,0.9821714102974096,0.8485874145195828,0.603600263595581,0.09612059593200684
Normalizer,4,5,62.195986254594814,97.81476154296556,97.50795511639592,0.5340447469823629,0.9871900826446282,0.9842752180182655,0.990122262899772,0.7121589183807373,0.09342789649963379
Normalizer,7,5,61.071060935801036,97.68734377036613,97.43426561714955,0.5245463308464011,0.9868072060900417,0.9841967843891714,0.9894315120536022,0.28066062927246094,0.05635881423950195
Normalizer,10,5,61.54747969089014,97.72177874508678,97.30028470942891,0.5104361924647207,0.986108238538435,0.9842083534026009,0.9880154728189542,0.7219948768615723,0.0749821662902832
Normalizer,13,5,61.67294565063478,97.74875658758107,97.18305141517334,0.4985166324169679,0.9854962490299215,0.984189314870311,0.9868066588381571,0.7129576206207275,0.047113895416259766
Normalizer,16,5,61.02579222260546,97.67807646255505,97.10601239323397,0.4910778840710393,0.9850936820675615,0.984176778819636,0.9860122953650619,0.5429456233978271,0.07689094543457031
Normalizer,19,5,60.76470411906,97.61674486904208,96.98542957628537,0.48000622235460966,0.984462935469392,0.9841571172166229,0.9847689438419562,0.787193775177002,0.09664535522460938
Normalizer,22,5,60.057600647419854,97.51257589968226,96.78780773739743,0.46263374103975696,0.9834280875771139,0.9840913020923396,0.9827657663880638,0.4421529769897461,0.07808470726013184
Normalizer,25,5,59.86711901008428,97.47157600519604,96.60693351197455,0.44912336688772114,0.9824779893795513,0.9840950829897086,0.9808662015610969,0.3923463821411133,0.08936595916748047
Normalizer,28,5,60.30030067211361,97.53038742843388,96.52989449003518,0.4434543866881974,0.9820730230143624,0.9840823970037453,0.9800718380880017,0.9295918941497803,0.04725360870361328
Normalizer,31,5,60.27068310045473,97.58836266618562,96.09445653994307,0.414566444424543,0.9797780090183836,0.9840103114331499,0.975581957587898,1.0934104919433594,0.08544778823852539
Normalizer,34,5,60.35309021305715,97.57275302863835,96.56338971696533,0.4476680222033136,0.982247292106447,0.9841886269070735,0.9803136008841611,0.945706844329834,0.08972501754760742
Normalizer,37,5,64.45514976221996,97.99312006335337,94.7847931669737,0.3519577475089057,0.972809667673716,0.9838920484651524,0.9619741659183533,0.6734778881072998,0.07428598403930664
Normalizer,40,5,60.53468638723278,97.55740596266484,96.04756322224083,0.4141757428472292,0.9795273951212742,0.9841374982568679,0.9749602818263452,1.0806450843811035,0.0829465389251709
Normalizer,43,5,64.72081667756203,97.9652966332205,94.61396750962989,0.3471036909361851,0.971891060378282,0.9839657369389778,0.9601091386336948,1.0211100578308105,0.07602453231811523
Normalizer,46,5,64.70726423795806,98.02469028793813,94.6608608273321,0.3470720942069005,0.972145528256387,0.9838709677419355,0.9606962768529391,0.8287990093231201,0.10276913642883301
Normalizer,49,5,65.23797324961933,98.05014552092737,94.0813934014403,0.3304419070347961,0.9690211960237732,0.9840128182303721,0.954479519237411,0.640282392501831,0.10598254203796387
Normalizer,52,5,65.2099809740691,98.06333888402558,94.07804387874728,0.3273027561145422,0.969008554199972,0.9838399658290027,0.954617669406645,1.100600242614746,0.08183693885803223
Normalizer,55,5,64.59343409504777,97.97236014483627,94.22542287723999,0.3341503161142489,0.9697999509511964,0.9839684345229631,0.9560337086412931,1.1543073654174805,0.09183096885681152
Normalizer,58,5,64.53890617725219,97.98302607654075,93.70959638251549,0.31367002559716434,0.9670202304017983,0.9836727402643801,0.9509221523796366,0.6965386867523193,0.10589408874511719
Normalizer,61,5,64.12626879469036,97.90584238714125,93.92731535756155,0.32052674295172795,0.9681980038239576,0.9837105685261094,0.9531670926296885,1.1511013507843018,0.08783102035522461
Normalizer,64,5,64.17345221403279,97.93765695068325,93.65935354212024,0.3127372886043688,0.9667468863632371,0.983698566474815,0.9503695517027009,1.3515427112579346,0.1112067699432373
Normalizer,67,5,64.67112631563697,98.08983732154151,95.049405459722,0.36481325779393065,0.9742221292032929,0.9840391797618209,0.9645990191337984,0.7887256145477295,0.10898184776306152
Normalizer,70,5,64.77750654584176,98.083252998759,94.30916094456539,0.3328217498376601,0.9702582056892779,0.9837421461786944,0.9571389099951647,0.6412210464477539,0.09450030326843262
Normalizer,73,5,64.78753048292685,98.1079074993413,94.69100653156926,0.3494729152121671,0.972305219199385,0.9839445485730453,0.9609380396490985,1.3034768104553223,0.11488175392150879
Normalizer,76,5,64.55477581378462,98.0686493702484,94.48668564729526,0.3404723711058872,0.9712106901738552,0.9838412473423104,0.9589003246528977,0.7145795822143555,0.09016299247741699
Normalizer,79,5,64.29350946432157,98.04808732064888,94.66755987271813,0.3461027091338648,0.9721833939055075,0.9838036636254331,0.9608344270221731,1.036167860031128,0.09035515785217285
Normalizer,82,5,60.17914711360062,97.55835154624911,97.05911907553174,0.478926818963731,0.9848558024009935,0.9837020191578802,0.9860122953650619,1.0044448375701904,0.09597897529602051
Normalizer,85,5,59.79294954214566,97.50273151783767,97.25004186903367,0.48602084475094687,0.9858635948826557,0.9830031246780895,0.9887407612074325,0.4693889617919922,0.11988663673400879
Normalizer,88,5,59.609505743620126,97.47511426454454,97.07921621168984,0.4808273633912439,0.9849608499189404,0.9837053879013367,0.9862195206189127,0.37555527687072754,0.11343812942504883
Normalizer,91,5,59.35159540062668,97.44979168323961,93.63925640596214,0.28139957663421805,0.9666964802441206,0.981971710549756,0.9518892035642743,1.276338815689087,0.11435198783874512
Normalizer,94,5,60.017029576632595,97.51812848166317,96.89834198626696,0.45334609293028855,0.984025118172722,0.983041500068937,0.9850107066381156,1.1511986255645752,0.10561347007751465
Normalizer,97,5,59.25729181049323,97.48700699881324,93.26745938703735,0.2752388929277453,0.9646723847019123,0.9821415789850404,0.9478137735718726,0.7505049705505371,0.10530662536621094
Normalizer,100,5,59.08148767032739,97.44665597652947,90.82565734382851,0.22956171198207767,0.951212126609786,0.9821238091735021,0.9221869171789735,1.5945985317230225,0.09449911117553711
Normalizer,103,5,59.789752615365934,97.50067396704341,95.69251381678112,0.3600694121828489,0.9776891047883415,0.982256152827163,0.9731643296263038,1.199676752090454,0.10860919952392578
Normalizer,106,5,59.15235096398842,97.44919855673338,97.26678948249874,0.47420519019397017,0.9859629808023119,0.9821783535540476,0.9897768874766871,1.163963794708252,0.12295293807983398
Normalizer,109,5,59.642828147092665,97.48354726788952,96.46625355886786,0.42866726666388777,0.9817489836519332,0.9835014384250113,0.9800027630033846,1.3606140613555908,0.11940813064575195
Normalizer,112,5,58.37046470512337,97.11773452543125,97.80606263607436,0.5568175378135343,0.9887555578445005,0.9829675393384988,0.9946121433998757,0.6208124160766602,0.12295889854431152
Normalizer,115,5,58.836359284584525,97.43467155256837,91.06347345503266,0.22294366487808273,0.9525688888888889,0.9814991207502931,0.9252952959867375,0.8125345706939697,0.10494422912597656
Normalizer,118,5,58.23411616129286,97.14525403598601,97.77926645453023,0.5518151693469362,0.9886174395247824,0.9828969378349777,0.9944049181460247,0.778146505355835,0.11644649505615234
Normalizer,121,5,58.16410768138708,97.06959602169482,97.88645118070674,0.5773337517383967,0.9891642196005701,0.9836743058164554,0.9947157560268012,0.7900159358978271,0.11195993423461914
Normalizer,124,5,57.508649526896995,97.0615733159558,97.42086752637749,0.5003803487998688,0.9867579280456765,0.9827019250530931,0.9908475512882503,0.6701204776763916,0.11975550651550293
Normalizer,127,5,57.09484683769125,97.02632447233188,97.61848936526545,0.5258261631298269,0.9877853940112353,0.9827038113143053,0.9929198038267597,0.7785091400146484,0.10948514938354492
Normalizer,130,5,57.025152683919686,97.02233860706554,97.55819795679116,0.5170519385023722,0.9874727200866084,0.9826601456958173,0.9923326656075153,0.38237476348876953,0.10598611831665039
Normalizer,133,5,57.41037277776214,97.07667362523338,97.65868363758165,0.5337583096384235,0.9879919602824209,0.982875892948696,0.9931615666229191,1.1787691116333008,0.10623598098754883
Normalizer,136,5,57.36450032839413,96.96663042870937,98.03383017919947,0.6016927016205711,0.9899281069302174,0.9836328298155284,0.9963044829729917,0.521010160446167,0.10657024383544922
Normalizer,139,5,56.8952746585594,97.05496266251141,97.54145034332608,0.5100211569017519,0.987390049477735,0.9823272031175224,0.9925053533190579,0.6213970184326172,0.12729692459106445
Normalizer,142,5,57.68499607130665,97.00841782287462,97.98358733880423,0.5925076746238701,0.9896684286400769,0.9835914580064133,0.9958209573806728,1.1819322109222412,0.11964917182922363
Normalizer,145,5,57.02052020668553,96.97729890542372,97.76586836375817,0.5481434668591953,0.9885495527973769,0.9827627402123085,0.9944049181460247,1.1585183143615723,0.10853719711303711
Normalizer,148,5,57.94603817590564,97.03496776277153,97.95344163456707,0.5873346620636515,0.9895123500231724,0.9835864186998806,0.9955101194998964,1.1879806518554688,0.12717938423156738
Normalizer,151,5,57.118087805395625,96.98268928749084,97.81276168146039,0.5556378561145587,0.9887925856002746,0.9827709733547132,0.9948884437383436,1.5812342166900635,0.12512803077697754
Normalizer,154,5,57.148807435147056,97.01314794952668,97.74242170490704,0.5449040465940113,0.9884275952062086,0.982791586998088,0.9941286178075568,0.5412266254425049,0.10398530960083008
Normalizer,157,5,58.18324707636445,97.10085781729246,98.35538435772902,0.6700713652769547,0.9915825204436749,0.9844436123497975,0.9988257235615113,0.8185708522796631,0.1083376407623291
Normalizer,160,5,57.88351027466967,97.07125333727058,98.0003349522693,0.5931126938595089,0.9897579303127519,0.9833304925856485,0.9962699454306831,0.5481903553009033,0.1792004108428955
Normalizer,163,5,57.07681908392024,96.97130185253367,97.47111036677273,0.5066355491604307,0.9870192390351255,0.9827108083125065,0.9913656144228776,0.6645112037658691,0.13490748405456543
Normalizer,166,5,56.59949184963834,96.92164991057672,97.75581979567912,0.5473725832814448,0.9884966691848087,0.9828269033799931,0.9942322304344823,0.9411683082580566,0.13949322700500488
Normalizer,169,5,57.167778167320705,96.97867205596853,97.70222743259086,0.5388241540958929,0.988219131032114,0.9827845334062031,0.993714167299855,0.8650979995727539,0.1517784595489502
Normalizer,172,5,57.97369120922566,97.00701309006004,98.01038352034836,0.5949365053011678,0.9898099224593426,0.9833321971504534,0.9963735580576086,0.8621048927307129,0.15144705772399902
Normalizer,175,5,56.90659039939122,96.96574155458646,97.90989783955786,0.5724236214682324,0.9892952720785013,0.982820914854455,0.9958554949229813,1.0974817276000977,0.15671157836914062
Normalizer,178,5,57.39162245720699,96.98387257766083,97.9802378161112,0.5835259766111074,0.989661380197171,0.9826359334036975,0.9967880085653105,1.2950570583343506,0.1701033115386963
Normalizer,181,5,57.290764017201454,96.98731752225875,97.92999497571596,0.5766126987663014,0.9893985658901431,0.9828902522154056,0.9959936450922152,1.2856202125549316,0.14825820922851562
Normalizer,184,5,57.046386947584274,96.96008959844707,98.07067492882264,0.6021571095066781,0.990127857950845,0.9827504082743603,0.9976169095807143,0.7767395973205566,0.13777589797973633
Normalizer,187,5,58.57276615507917,97.10965996956645,98.4123262435103,0.6827658676488647,0.9918785552737989,0.9841890513430805,0.9996891621192237,0.8503248691558838,0.15336894989013672
Normalizer,190,5,57.107525297312264,96.95767331604095,98.01708256573438,0.5926916682802521,0.9898491083676269,0.9829054008036505,0.996891621192236,0.3149254322052002,0.16499590873718262
Normalizer,193,5,57.63849305304743,97.01502558814565,98.13096633729693,0.6153876414565369,0.9904383289351931,0.9828594749013739,0.9981349727153416,1.0841989517211914,0.1632099151611328
Normalizer,196,5,57.19643934421755,96.92742171684404,98.06732540612963,0.6058173364770121,0.9901041041384396,0.9833747828160665,0.9969261587345445,0.7577269077301025,0.18597197532653809
Normalizer,199,5,57.04758483681529,96.92035552103768,97.82281024953944,0.5693375325392904,0.9888323826541131,0.9838290598290599,0.9938868550113974,1.2109742164611816,0.14166951179504395
Normalizer,202,5,57.43337991748862,96.97830090103005,98.2247529727014,0.6406714155627814,0.9909118968414554,0.9839940062661763,0.9979277474614906,0.805854320526123,0.14877867698669434
Normalizer,205,5,57.96543631495693,97.04836939444786,98.28169485848267,0.6534202727765664,0.9912041561648063,0.9842010282951411,0.998307660426884,1.1839313507080078,0.1884901523590088
Normalizer,208,5,57.069097010781455,96.89956541331111,96.83470105509964,0.45547028146711865,0.9836846739524525,0.9834639417267925,0.9839055052842439,1.3010900020599365,0.1837022304534912
Normalizer,211,5,57.02801995158304,96.93262752990657,97.77591693183722,0.5588120283219926,0.9885926333150082,0.9835236207014425,0.993714167299855,1.1526260375976562,0.16791200637817383
Normalizer,214,5,57.45333387714311,97.01171252858278,98.29174342656172,0.6555534172499272,0.9912560436169119,0.9842026419719461,0.9984112730538095,1.687420129776001,0.1978757381439209
Normalizer,217,5,56.60257186242911,96.96021941488895,97.76251884106514,0.5413389157339553,0.9885384852956316,0.982235406437534,0.994922981280652,2.2914655208587646,0.19290566444396973
Normalizer,220,5,57.362039384757956,96.98441301839512,98.1008206330598,0.616546913492127,0.9902712719411129,0.9839738125277049,0.9966498583960766,1.9305975437164307,0.20160388946533203
Normalizer,223,5,56.6087108051602,96.92717852729113,96.32557360576118,0.41522881203876255,0.981012548680225,0.9832760834114014,0.9787594114802791,2.1008336544036865,0.17627573013305664
Normalizer,226,5,56.905940664272315,96.9612398544599,97.81946072684642,0.5593347096059113,0.988824609891336,0.9830028328611898,0.9947157560268012,1.6870901584625244,0.217545747756958
Normalizer,229,5,56.68358559027803,96.92150441535621,97.65533411488863,0.5368024359258641,0.9879712685156545,0.983139534883721,0.9928507287421428,1.8432505130767822,0.19872403144836426
Normalizer,232,5,56.857208613732055,96.95557745522179,97.94339306648803,0.5793134485823238,0.9894675449430492,0.9829254992843024,0.9960972577191407,1.6053953170776367,0.21024036407470703
Normalizer,235,5,57.35014099060418,97.01339698266325,97.51130463908892,0.52196731377839,0.9872189634114874,0.9834127283320196,0.9910547765421013,1.5119256973266602,0.18348050117492676
Normalizer,238,5,57.68680152995562,97.05175336437011,98.01373304304136,0.6028440674476153,0.9898185189636522,0.9841578749701253,0.9955446570422049,1.8593194484710693,0.17204785346984863
Normalizer,241,5,56.93549115413427,96.92221186473289,97.7926645453023,0.5593557963682717,0.988681448911942,0.9833612354368103,0.9940595427229398,1.645293951034546,0.257068395614624
Normalizer,244,5,56.2728724969769,96.89415743650623,96.20164126611958,0.39891395329383594,0.9803683955404751,0.9828184658104825,0.9779305104648753,2.139294147491455,0.20171451568603516
Normalizer,247,5,56.84197912920467,96.93786916158595,96.00401942723163,0.37634889964642954,0.9793373400072743,0.982246464927214,0.9764453961456103,2.0464224815368652,0.22802376747131348
Normalizer,250,5,56.5091115863143,96.90495264734942,95.53843577290236,0.37388833295969265,0.9768452525814414,0.9833753324933502,0.9704013262416247,1.5801217555999756,0.21696162223815918
Normalizer,253,5,56.15345923193872,96.9737697505498,95.6489700217719,0.33304140081997524,0.9774873918996204,0.9810067137440428,0.9739932306417075,1.726930856704712,0.21861648559570312
Normalizer,256,5,56.80609228446638,96.92936119604249,96.7844582147044,0.43812162689325285,0.9834339948231234,0.9827217547247896,0.9841472680804034,1.4761443138122559,0.2894480228424072
Normalizer,259,5,57.126819938733995,96.95501631684152,97.49455702562385,0.512570515116182,0.987138484817222,0.9829132995480071,0.9914001519651862,1.5209720134735107,0.2402024269104004
Normalizer,262,5,56.40550470925714,96.91067395042151,97.18975046055937,0.462225458243443,0.9855645979938404,0.9819659203894813,0.9891897492574429,1.0551259517669678,0.16866111755371094
Normalizer,265,5,57.20342160096726,96.97933535037761,96.54664210350025,0.42412453420923735,0.9821820507059779,0.9829464872531045,0.9814188022380328,0.7981891632080078,0.19243597984313965
Normalizer,268,5,55.46257038892952,96.92157465867508,94.62401607770893,0.28989502834357583,0.9720329679903814,0.9809038157200634,0.9633211300683844,1.8933424949645996,0.21628022193908691
Normalizer,271,5,56.31932759966688,96.92298080980275,95.64562049907887,0.34969962853098335,0.9774501300954033,0.9818441594647338,0.9730952545416868,1.8721487522125244,0.18913912773132324
Normalizer,274,5,56.67943801860458,96.95592494179185,90.89934684307485,0.24498444435441177,0.9515798478071035,0.9830258846054715,0.9220833045520481,1.7157573699951172,0.186415433883667
Normalizer,277,5,56.45428275874389,96.91307950398847,97.4242170490705,0.487955821134448,0.98678671454836,0.9818772439733288,0.991745527388271,1.9973876476287842,0.1743330955505371
Normalizer,280,5,57.22742346791117,97.0159082640906,97.08591525707587,0.4628236208362151,0.9850129198966409,0.9826092933736597,0.9874283345997099,1.081303358078003,0.16642498970031738
Normalizer,283,5,57.424314291788335,96.98881507245287,96.2451850611288,0.4227965024366993,0.9805749536467449,0.9839680055642497,0.977205222076397,1.2950122356414795,0.21221923828125
Normalizer,286,5,56.02998655987449,96.91347905802647,95.93367945067828,0.3643078627939025,0.9789747142362314,0.9818314458417287,0.9761345582648339,0.9230561256408691,0.2741868495941162
Normalizer,289,5,57.2080425784648,96.99079321808392,97.07921621168984,0.4633063789911299,0.9849769140651919,0.9826744585768306,0.9872901844304759,0.8915131092071533,0.21766138076782227
Normalizer,292,5,57.87025107834947,97.01838838756655,98.08407301959471,0.6150554690621715,0.990182617053412,0.9841692255203003,0.9962699454306831,1.2955849170684814,0.20265412330627441
Normalizer,295,5,61.43175975792901,97.30783706929824,89.95143192095126,0.23685276855671197,0.946236559139785,0.9833867242792222,0.9117911169441183,1.2147209644317627,0.18804597854614258
Normalizer,298,5,61.63691697581153,97.31479115185007,84.97404119912912,0.16999925575556654,0.9174365958699894,0.9820330969267139,0.860813704496788,0.9385359287261963,0.17124199867248535
Normalizer,301,5,60.70657870032583,97.25976087806464,86.88661865684139,0.19402904816571748,0.9286742334529687,0.9827260458839406,0.8802583408164675,1.1371121406555176,0.19232416152954102
Normalizer,304,5,65.7150704891689,97.58595912501458,90.26293753140178,0.25666135608102825,0.9479396120990705,0.9844151013576343,0.9140705947364786,1.2789463996887207,0.15953946113586426
Normalizer,307,5,60.0550170399264,97.14039626693408,85.11807067492883,0.16213687283071204,0.9183497197463935,0.9813440163387142,0.8629550321199143,0.5343565940856934,0.2071981430053711
Normalizer,310,5,59.85716023817334,97.20269896436355,86.28035504940546,0.17779840293282867,0.9251817484382421,0.9818936104218362,0.8746632589624922,0.3120307922363281,0.19102191925048828
Normalizer,313,5,59.713068538353575,97.09903688763335,90.31652989449003,0.2424027855987271,0.9482928225215074,0.983418036131617,0.9155902465980521,0.9907031059265137,0.21519923210144043
Normalizer,316,5,61.14744218641579,97.35863766268697,89.10400267961816,0.21952549661711634,0.9414538451847453,0.9829381036491412,0.9033294190785384,1.1335792541503906,0.22996926307678223
Normalizer,319,5,62.09691410701057,97.28353456329188,87.7507955116396,0.21613989891876031,0.9336309685849622,0.9837457452097755,0.8883746632589625,1.6227872371673584,0.19154882431030273
Normalizer,322,5,60.599297657419314,97.26718134980356,85.57695528387205,0.1690642569954489,0.9210516666055517,0.9816320150070346,0.867513987704635,1.160062551498413,0.17986416816711426
Normalizer,325,5,60.54910322370583,97.25965189190715,85.83486853123429,0.1795667000534366,0.9225273416747577,0.9822884562868178,0.8696207777854528,1.0221173763275146,0.23994922637939453
Normalizer,328,5,59.82649427385949,97.20611539614596,87.70055267124435,0.19297021297146946,0.9334469134012398,0.9821128909229596,0.8893762519859086,1.3398499488830566,0.19658613204956055
Normalizer,331,5,61.081027374203046,97.2976569950118,83.68447496231786,0.16387106301934454,0.9096708391284191,0.9822193744743903,0.8471023002003177,1.5223522186279297,0.1868445873260498
Normalizer,334,5,60.96636541701073,97.28759597565131,83.27918271646291,0.16222427363490796,0.9072049966540263,0.9822880605426294,0.8427851074117566,1.190899133682251,0.17955517768859863
Normalizer,337,5,62.87337632343761,97.40941763793613,87.59336794506783,0.20856019764866576,0.9327474762146851,0.9833090881249521,0.8871313117358569,0.9215779304504395,0.22450494766235352
Normalizer,340,5,58.92497242171497,97.12187461475715,88.69871043376318,0.18876539765971798,0.9392466148084125,0.9811526596945301,0.9007736409477102,0.6418972015380859,0.19630789756774902
Normalizer,343,5,65.17903134958532,97.53764380682124,87.6905041031653,0.21790241646271588,0.9332703865778149,0.9839197519047437,0.8875802997858673,1.569197177886963,0.18377351760864258
Normalizer,346,5,61.94610656100606,97.23825440673097,87.63691174007704,0.20961362409354803,0.9329968958193403,0.9833543795201469,0.8875457622435587,0.5011534690856934,0.20287203788757324
Normalizer,349,5,63.578057183896966,97.38807628751994,90.02847094289064,0.24298344298664576,0.9466535256697428,0.9837250009310641,0.9122746425364371,0.6665356159210205,0.22673439979553223
QuantileTransformer,1,0,89.21647464534239,99.63483457778301,75.76620331602747,0.26702690194875955,0.8575254524329966,0.9975259999083703,0.7519859086827382,0.7851724624633789,0.07973122596740723
QuantileTransformer,4,0,91.314938916849,99.70877758944098,76.8882934181879,0.28514901603725606,0.8648807425684408,0.998688494934877,0.7626925467983698,0.313474178314209,0.05339813232421875
QuantileTransformer,7,0,87.65948697221671,99.57706670681546,70.00502428403954,0.24333110981898154,0.8172262475762833,0.9989521480964024,0.6914415970159563,0.5903232097625732,0.05496573448181152
QuantileTransformer,10,0,87.61052492694408,99.57542614338081,70.11890805560208,0.2435960470751955,0.818053884277294,0.9989042187577826,0.6926504109967535,0.977468729019165,0.05620884895324707
QuantileTransformer,13,0,84.00057360686249,99.45311022356884,71.94104840060291,0.25582561580172886,0.8309964290757964,0.9991267646630767,0.7113006838433377,0.8299031257629395,0.09535646438598633
QuantileTransformer,16,0,87.9164984191312,99.58985210578135,77.39742086752638,0.2651143879100074,0.8685574038723752,0.9960239456754825,0.7700145057677695,0.9984500408172607,0.07205677032470703
QuantileTransformer,19,0,84.68273989964716,99.45802479010202,68.93652654496735,0.24269540300017492,0.8093652359809241,0.9996445617954707,0.6799405954272294,1.207240343093872,0.06651830673217773
QuantileTransformer,22,0,87.13741426275533,99.56124797891816,72.31619494222073,0.25774635806002955,0.8336386143596144,0.9990833212717711,0.715203426124197,0.7470126152038574,0.08980417251586914
QuantileTransformer,25,0,87.49519406840518,99.57036172920652,70.59119075531737,0.24971593383675,0.8213777108678846,0.9993564356435644,0.697209366581474,0.6211068630218506,0.08484292030334473
QuantileTransformer,28,0,80.30526932498157,99.3031832914636,67.04739574610618,0.23460816918207925,0.7953571577151891,0.9998953974895397,0.660288733853699,1.1892523765563965,0.09983968734741211
QuantileTransformer,31,0,83.72867191765084,99.43961698587063,68.68866186568414,0.24172716037096395,0.807543440665404,0.9996941584259353,0.6773502797540927,0.9608526229858398,0.09663701057434082
QuantileTransformer,34,0,85.3508995132315,99.50223194570978,75.15993970859152,0.2729518616958166,0.8532879639154862,0.9987033435213485,0.7448366374248808,1.2474870681762695,0.09020137786865234
QuantileTransformer,37,0,86.55530909490403,99.54304882193925,73.18372131971194,0.25510897995198034,0.8398223360409748,0.9980977743960434,0.724873937970574,0.8904623985290527,0.10160136222839355
QuantileTransformer,40,0,87.32594861135696,99.56773028660639,71.5859989951432,0.24756136588794628,0.8286020245287212,0.9983446126880569,0.7081923050355736,0.43006062507629395,0.08959722518920898
QuantileTransformer,43,0,79.23519008336312,99.2596227079062,67.04739574610618,0.23460816918207925,0.7953571577151891,0.9998953974895397,0.660288733853699,0.6121327877044678,0.1100156307220459
QuantileTransformer,46,0,86.0360461544229,99.51567062086923,68.54798191257746,0.2409691481969653,0.8065114362250154,0.9996935022476502,0.6758997029771362,0.7596054077148438,0.05215334892272949
QuantileTransformer,49,0,89.72110608760025,99.64591058991013,75.60207670406966,0.26035021057523466,0.8565011820330969,0.9968815922223241,0.750777094701941,1.1950733661651611,0.10492706298828125
QuantileTransformer,52,0,86.06765893038497,99.5247917661078,73.3813431585999,0.2598527553730202,0.8411330787837594,0.9985286439793061,0.7266008150859985,0.598876953125,0.09864401817321777
QuantileTransformer,55,0,84.57929785214819,99.4701378329421,70.16915089599732,0.24767245414942632,0.8183412882960062,0.9994021522518932,0.692823098708296,0.6157495975494385,0.10668182373046875
QuantileTransformer,58,0,86.50059718132256,99.54059747601886,71.8975046055937,0.2532643160198987,0.8307307428479199,0.9988356297302542,0.7110589210471783,0.39505910873413086,0.08253741264343262
QuantileTransformer,61,0,84.22147204755187,99.4499252724307,67.61011555853291,0.23638578027267107,0.7995771845465097,0.9997408520783664,0.6661946535884506,0.6956851482391357,0.07744431495666504
QuantileTransformer,64,0,86.3767411847044,99.53539814371901,72.62770055267124,0.2569960347104121,0.8358640636297903,0.9987520399347221,0.7186571803550459,0.49326133728027344,0.1171731948852539
QuantileTransformer,67,0,85.19575656652209,99.48774755290174,68.95997320381846,0.24432993233226036,0.8095052110099287,0.9998476616056466,0.6800442080541549,0.876528263092041,0.08934211730957031
QuantileTransformer,70,0,86.31337955256365,99.53129136701789,68.6384190252889,0.24183218602416312,0.8071671300586963,0.9997449109739299,0.6767976790771568,0.7632179260253906,0.06774640083312988
QuantileTransformer,73,0,85.13070830634409,99.48849836065123,69.99832523865349,0.24443005972345255,0.8171555718864189,0.9991014825537863,0.6912689093044139,0.8131248950958252,0.07512044906616211
QuantileTransformer,76,0,87.47853286666891,99.57808391425999,70.52085077876401,0.25006869524870606,0.820859370229396,0.999454770755886,0.6964150031083788,0.7210156917572021,0.10588216781616211
QuantileTransformer,79,0,84.86817506923033,99.48044069295088,68.54798191257746,0.23984084298294106,0.8065353552002638,0.9995403942396078,0.6760033156040616,0.9057402610778809,0.0767819881439209
QuantileTransformer,82,0,85.788056250885,99.5181555866091,72.53391391726679,0.25218123559346933,0.8352818287734523,0.9982235452275783,0.7180700421358016,0.9822397232055664,0.11212611198425293
QuantileTransformer,85,0,86.47822252711006,99.53861628722791,73.18707084240495,0.25744779961343206,0.8398070881111045,0.9983822619783984,0.7247012502590315,1.1982972621917725,0.11282873153686523
QuantileTransformer,88,0,85.04761695941289,99.48809002173442,67.38569753810081,0.2359715001718368,0.7978911098657036,0.999843936950528,0.6638115631691649,0.4022674560546875,0.09246206283569336
QuantileTransformer,91,0,87.21143231749515,99.56784873058346,71.4419695193435,0.24823193042326197,0.8275555195987218,0.9985357282311597,0.7065690405470747,0.6417720317840576,0.11248207092285156
QuantileTransformer,94,0,86.9234769959652,99.54937410831195,69.71361580974711,0.24434376782037356,0.8150693336605719,0.9992978936810432,0.6881950680389584,1.352053165435791,0.1055750846862793
QuantileTransformer,97,0,84.78029791524342,99.47373713112651,69.12744933846928,0.24298524652475023,0.810774189574822,0.9995444191343964,0.6819783104234303,0.5734047889709473,0.10144925117492676
QuantileTransformer,100,0,86.02468441464461,99.52351425162394,72.9057109361916,0.2560477554258278,0.8378470482108851,0.9984233911423248,0.7217655591628099,0.6064441204071045,0.10393786430358887
QuantileTransformer,103,0,86.73274044780128,99.54813464594683,70.77206498074024,0.24620213434307595,0.8227575560610985,0.9987671367985008,0.6994888443738344,0.7044594287872314,0.12088203430175781
QuantileTransformer,106,0,85.95645264404628,99.52191318199559,68.70205995645621,0.24292831365402798,0.8076178711138563,0.9998470636215334,0.6773848172964012,0.5535225868225098,0.12318730354309082
QuantileTransformer,109,0,86.86125575437238,99.55189812391535,67.9182716462904,0.23724711557114989,0.801878206188979,0.9996389891696751,0.6694411825654486,0.8470425605773926,0.10834836959838867
QuantileTransformer,112,0,80.5562223273213,99.32308557059872,68.05560207670408,0.2379704992967538,0.8028934587165444,0.9996397509134888,0.6708572218000967,0.5479326248168945,0.12274885177612305
QuantileTransformer,115,0,85.31612814294509,99.49406999625145,68.12594205325742,0.23871779309273938,0.8034046772993968,0.9996915167095116,0.6715479726462665,0.8513519763946533,0.11682009696960449
QuantileTransformer,118,0,87.00217544350842,99.53388743356236,69.69351867358901,0.24423136533817022,0.8149239077074129,0.9992976823517609,0.6879878427851074,0.6897244453430176,0.1330583095550537
QuantileTransformer,121,0,88.6005755848172,99.60197388633014,76.6806230112209,0.27804114972565264,0.8635757955792444,0.9980523598152007,0.7610347447675624,0.8140287399291992,0.14236807823181152
QuantileTransformer,124,0,86.6541780804747,99.54204602036833,70.09881091944398,0.24499868005751962,0.8178795111899954,0.999102826097792,0.6923050355736686,0.6231322288513184,0.1135096549987793
QuantileTransformer,127,0,86.98463259529812,99.55012922366241,70.92949254731201,0.25130602887757986,0.823801693160363,0.9993104467320101,0.70073219589694,0.8494060039520264,0.15634870529174805
QuantileTransformer,130,0,87.32458972581331,99.54223827533674,69.12744933846928,0.24034495717545026,0.8108285614596802,0.9991906520309576,0.6822200732195897,0.24094343185424805,0.12703680992126465
QuantileTransformer,133,0,90.20847642519495,99.65583545822834,74.86853123429911,0.25920515953267637,0.8514875002474218,0.9973107061714657,0.7428679975132969,0.6773366928100586,0.16531729698181152
QuantileTransformer,136,0,88.44757925560978,99.60452853718765,73.71964495059454,0.2570107907552634,0.8435493519441675,0.9979241366295527,0.7305380949091662,0.4015634059906006,0.10638213157653809
QuantileTransformer,139,0,87.33892414750729,99.555541496717,72.20566069335119,0.2559139933185222,0.8328835541950296,0.9989371980676328,0.7141672998549423,0.5622060298919678,0.12959647178649902
QuantileTransformer,142,0,85.7960869002897,99.5121535970533,72.24250544297438,0.25268802580021144,0.8332025038745647,0.9985045105890299,0.7148580507011121,0.7119064331054688,0.11666154861450195
QuantileTransformer,145,0,86.2206150105142,99.52497814484414,71.21420197621839,0.25374618504858365,0.8258137743726944,0.9994113029827315,0.7035988119085446,0.7836463451385498,0.14229583740234375
QuantileTransformer,148,0,84.7337067323368,99.47079617985841,69.82080053592364,0.24607977959635796,0.8158217497955846,0.9994490634077933,0.6891966567659046,0.7019336223602295,0.13499832153320312
QuantileTransformer,151,0,89.93255174478986,99.65768931181704,75.42790152403282,0.26306620192866215,0.8552714646464646,0.997331370203368,0.7486357670788146,0.8762826919555664,0.15700221061706543
QuantileTransformer,154,0,87.62857184694279,99.55878152092626,69.1542455200134,0.24162353119770477,0.8110005130836326,0.9993424712963431,0.6823927609311321,1.5316057205200195,0.17007803916931152
QuantileTransformer,157,0,87.1657649467635,99.53748317466808,72.8219728688662,0.25706080632638684,0.8372382251464334,0.9986123073978371,0.7207639704358638,0.7278285026550293,0.13750147819519043
QuantileTransformer,160,0,87.08746707337913,99.53288922257252,72.60090437112711,0.2514425628356956,0.8357693543205911,0.9980819027524696,0.7188644056088969,0.8038585186004639,0.13570499420166016
QuantileTransformer,163,0,89.37865159761624,99.62257666092314,71.04672584156758,0.24742378321290937,0.8247221996917836,0.998723111678617,0.702355460385439,0.5620260238647461,0.16701388359069824
QuantileTransformer,166,0,85.56142902473725,99.47812750086625,69.1542455200134,0.24124627140388266,0.8110082705686785,0.9992919637890052,0.6824272984734406,1.1813008785247803,0.15298724174499512
QuantileTransformer,169,0,88.54037446362352,99.59334474060493,71.45536761011556,0.25518355157203804,0.827524792552115,0.9994133750488854,0.7060855149547558,0.6716620922088623,0.1409895420074463
QuantileTransformer,172,0,86.72819421859175,99.5242712389865,71.59604756322224,0.2518272595546678,0.8285968387435825,0.9988791423001949,0.7079160046971058,0.41304922103881836,0.1387953758239746
QuantileTransformer,175,0,89.77248499418535,99.63347604685205,78.73053089934685,0.2825004382878172,0.8771807667014816,0.9968348865834359,0.783173309387304,0.3896160125732422,0.16988635063171387
QuantileTransformer,178,0,88.71228785956704,99.61642097392705,78.61329760509128,0.28961035905955607,0.8763244038971856,0.9977065231773475,0.781273744560337,1.0518958568572998,0.15782833099365234
QuantileTransformer,181,0,87.10166541485644,99.54264413148586,68.85948752302798,0.24114634273207045,0.8088256461927577,0.9994917924480358,0.6792498445810596,0.949221134185791,0.16586780548095703
QuantileTransformer,184,0,86.36290891817609,99.51206874363402,70.54094791492213,0.24714669443690507,0.8210616264165531,0.9990592662276576,0.6968985287006977,0.8347458839416504,0.17331194877624512
QuantileTransformer,187,0,84.74811973556432,99.43388091228108,73.47178027131133,0.25540633095282056,0.8418404025880661,0.9979168639333397,0.727982316778338,0.5810277462005615,0.15306997299194336
QuantileTransformer,190,0,89.24927572742159,99.6109635217238,76.15474794841734,0.2816445068650278,0.8599641993036568,0.9989032582369877,0.7549561373212682,0.7775154113769531,0.1640028953552246
QuantileTransformer,193,0,88.61299146711876,99.58498345259157,73.94741249371964,0.26315838319002816,0.8450412399888433,0.9984934086629002,0.7324721972784417,0.21639227867126465,0.1928269863128662
QuantileTransformer,196,0,87.13830740896597,99.54250256650869,75.90688326913416,0.2727592527987351,0.85840272446308,0.9980773632410163,0.7530220349519928,0.30625009536743164,0.1370682716369629
QuantileTransformer,199,0,87.26382703414815,99.5192468814427,73.28085747780942,0.25766137881572015,0.8404631907361853,0.9983370551622559,0.7257028389859778,0.866835355758667,0.1656200885772705
QuantileTransformer,202,0,89.12418350911703,99.61143695977721,78.33863674426395,0.2821336209456642,0.8746000659285257,0.9971260556218774,0.7788906541410513,0.7554802894592285,0.1597886085510254
QuantileTransformer,205,0,84.45293682957013,99.42097239865244,71.57595042706414,0.2497957631113007,0.828489429645499,0.9986357435197817,0.7078814671547973,0.5718021392822266,0.167649507522583
QuantileTransformer,208,0,87.28139863169999,99.52811304847164,72.67124434768046,0.25534513214477805,0.8362008391720704,0.9985136884499209,0.7192788561165987,0.7775223255157471,0.1591334342956543
QuantileTransformer,211,0,89.26497095128197,99.60986615096262,75.19678445821471,0.2673399616775478,0.8536243056791002,0.9980124797781372,0.7457346135249016,0.558525562286377,0.2002277374267578
QuantileTransformer,214,0,89.02892352422155,99.5732575274671,72.79852621001507,0.2519046830326379,0.8371598724709751,0.9979920638714921,0.7209711956897147,0.27351903915405273,0.16973304748535156
QuantileTransformer,217,0,88.75478130299223,99.58557573793443,72.38653491877407,0.25779855303057775,0.8341380975374215,0.9990361445783132,0.7159632520549838,0.32403993606567383,0.19437718391418457
QuantileTransformer,220,0,88.94082595861613,99.58652324847917,73.01959470775414,0.2590814300208999,0.8385997956198529,0.9987114017085859,0.7227326103474476,0.6351728439331055,0.17572522163391113
QuantileTransformer,223,0,88.32475823528722,99.55566742910955,76.24183553843578,0.2724270555316079,0.8606839117710604,0.9977685686962066,0.7567175519790011,1.3912200927734375,0.2012319564819336
QuantileTransformer,226,0,88.74109278317161,99.5750107459202,74.22207335454698,0.2622621456154469,0.84696758798966,0.9981721034870641,0.7355460385438972,1.2260441780090332,0.19952988624572754
QuantileTransformer,229,0,88.69453993272042,99.56717286351697,73.57226595210182,0.26070137092831164,0.8424583682760273,0.998485422188565,0.7286039925398908,0.9557137489318848,0.22574877738952637
QuantileTransformer,232,0,89.13504501035244,99.58664671970566,73.0497404119913,0.2596585918729185,0.8388027407140282,0.9987595419847328,0.7230089106859156,1.041963815689087,0.16085219383239746
QuantileTransformer,235,0,88.61945623572069,99.5418045995931,77.2366437782616,0.2734922621783603,0.8673744194215682,0.9970836324479541,0.7675278027215583,1.0563805103302002,0.22045040130615234
QuantileTransformer,238,0,90.86563654070441,99.6570990925474,76.31887456037515,0.2757556931134713,0.8611602058049566,0.998088128186453,0.757270152655937,1.2311933040618896,0.2458360195159912
QuantileTransformer,241,0,88.84562730564927,99.57178660491006,76.48970021771898,0.27543402890624347,0.8623212569388595,0.9979116538793299,0.759169717482904,1.2848267555236816,0.2712583541870117
QuantileTransformer,244,0,88.55606585423837,99.54484908570585,74.82833696198293,0.26479752651349486,0.851126210899582,0.9980023228803716,0.7419354838709677,1.4525654315948486,0.29856300354003906
QuantileTransformer,247,0,87.09313452690888,99.51780019266931,72.96265282197287,0.25833470079835136,0.8382105347550709,0.9986627185022448,0.7221800096705119,1.2581207752227783,0.32046031951904297
QuantileTransformer,250,0,89.24658478905305,99.57119536818604,76.28202981075198,0.2719302936386183,0.8609633018515973,0.9976791808873721,0.75720107757132,1.0557262897491455,0.29943132400512695
QuantileTransformer,253,0,89.28008735506594,99.57288303526133,72.15206833026294,0.2521335318387608,0.8325680683099727,0.998502560139117,0.7139255370587829,1.3024682998657227,0.29149818420410156
QuantileTransformer,256,0,88.66187493085782,99.53871404373088,77.51465416178195,0.2732246354546066,0.8692366129692035,0.9968279497833177,0.7706016439870139,4.739847183227539,0.5262861251831055
QuantileTransformer,259,0,87.46077918995395,99.48260692891849,72.8253223915592,0.2505297519251567,0.8373724617635857,0.9978025127788659,0.7213856461974166,4.001240253448486,0.581885814666748
QuantileTransformer,262,0,88.94065729581241,99.55767728694902,75.92363088259923,0.27091074158420536,0.8585429212421773,0.9978499542543459,0.7533674103750777,5.422657012939453,0.24441862106323242
QuantileTransformer,265,0,89.56552423427662,99.60366367213265,72.18221403450008,0.2557697964152522,0.8327189961125546,0.9989368385444353,0.7139255370587829,5.086918115615845,0.6100795269012451
QuantileTransformer,268,0,87.7915978631036,99.50150748208895,72.61765198459219,0.2507764903507842,0.8358993917738925,0.9979868667018166,0.7191061684050563,4.809425354003906,0.3804457187652588
QuantileTransformer,271,0,89.89516035117742,99.60023053699358,75.19008541282867,0.26846813685872206,0.8535616140447995,0.9981504600730569,0.7455619258133591,5.275526762008667,0.25580596923828125
QuantileTransformer,274,0,87.27543410164095,99.48389257336756,75.51163959135823,0.2644395545886011,0.8558244098680707,0.997425879108251,0.7494301305519099,3.913337469100952,0.3889939785003662
QuantileTransformer,277,0,90.01539584738377,99.60623307332166,74.71780271311339,0.2671647136935528,0.8503271861986913,0.9983702737940026,0.7405194446363197,4.7463459968566895,0.26676249504089355
QuantileTransformer,280,0,88.15502212281,99.55121732989369,75.57863004521856,0.2672707504692632,0.8562414969339669,0.9977025226301521,0.7499136561442288,3.0540664196014404,0.2445812225341797
QuantileTransformer,283,0,88.7761420637596,99.53993112831111,75.70926143024619,0.26071020066660616,0.857227231562783,0.9968406593406594,0.7519168335981211,3.271790027618408,0.32730555534362793
QuantileTransformer,286,0,89.28524307031621,99.5693873338664,77.0725171663038,0.2794107207262975,0.866196219481205,0.997883168941134,0.7652137873868895,4.62641453742981,0.32286715507507324
QuantileTransformer,289,0,89.22542719029926,99.5673779186682,75.79969854295763,0.2708091820980334,0.8576999586394344,0.9979375773408498,0.7520204462250466,2.139017105102539,0.3146202564239502
QuantileTransformer,292,0,87.60565287186373,99.48602707314134,77.02227432590855,0.2750528800295043,0.8659161096126031,0.9974333573487032,0.7650410996753471,4.7371320724487305,0.32332873344421387
QuantileTransformer,295,0,89.48639262998748,99.59041467974401,72.92915759504271,0.258122585337091,0.8379776272001924,0.9986620795107034,0.721834634247427,4.4725182056427,0.3780362606048584
QuantileTransformer,298,0,87.65580513987628,99.49832155316058,75.69921286216714,0.268912055431129,0.8570415180594692,0.9977976600137646,0.7510879325827174,4.0528788566589355,0.31586456298828125
QuantileTransformer,301,0,87.43000206151945,99.49458062184775,75.3810082063306,0.26823538301496536,0.854875014808672,0.9979716024340771,0.7476687158941769,3.9483606815338135,0.31689023971557617
QuantileTransformer,304,0,86.53553721441267,99.47247575096009,76.58348685312343,0.2749414488093265,0.8629618739586397,0.9977788858165995,0.7602403812944671,3.462876796722412,0.384021520614624
QuantileTransformer,307,0,89.74726798840551,99.59076478549629,75.00251214201977,0.2695123894085896,0.8522558549284343,0.9984229324180157,0.7434205981902328,3.858813524246216,0.31499624252319336
QuantileTransformer,310,0,87.64952820030578,99.52570822039569,77.87305308993469,0.28523219346338025,0.8714735981944822,0.9978613437889859,0.773502797540927,3.5968515872955322,0.4008197784423828
QuantileTransformer,313,0,87.38604240167554,99.4740409070902,77.4041199129124,0.277170233104468,0.8684477379095163,0.9973573412165189,0.7690474545831318,4.0113749504089355,0.5822875499725342
QuantileTransformer,316,0,88.28334193385857,99.50842116867675,78.35203483503601,0.27942047228960054,0.8747213553276861,0.9968190854870775,0.7792705671064447,6.092226505279541,0.6208937168121338
QuantileTransformer,319,0,87.20488513411415,99.48347748508274,76.6203316027466,0.272837153979025,0.8632391551393079,0.9975095091468936,0.7608275195137114,6.063206195831299,0.44579601287841797
QuantileTransformer,322,0,89.47740366919797,99.56135312721759,76.09445653994305,0.2733275510276324,0.8596708547159795,0.9979913261812372,0.7550252124058852,5.355841875076294,0.3686537742614746
QuantileTransformer,325,0,88.5504443996551,99.54060659624591,75.64227097638586,0.2720443362105237,0.8566076428599598,0.9982077205882353,0.7501899564826967,0.6610696315765381,0.3293731212615967
QuantileTransformer,328,0,88.22462236206583,99.51701883275446,76.50644783118406,0.2759535671127566,0.8624274282127726,0.9979573309123921,0.7593078676521379,5.655232667922974,0.2959020137786865
QuantileTransformer,331,0,89.19499505396328,99.54373093776154,75.57863004521856,0.2676638565902312,0.8562358276643991,0.9977482652451634,0.7498791186019202,3.028276205062866,0.2748432159423828
QuantileTransformer,334,0,88.89563391033134,99.51982365658723,78.25154915424552,0.2834437431604442,0.8740079557582225,0.997342898897303,0.7778199903294881,3.463350772857666,0.3676469326019287
QuantileTransformer,337,0,88.00653560697948,99.4988823895826,76.58348685312343,0.2733567981968238,0.8629833604452893,0.9975984412524356,0.760378531463701,4.007816314697266,0.40610432624816895
QuantileTransformer,340,0,88.52854506788947,99.52637252277768,75.65231954446492,0.26975838567503024,0.856709180153364,0.9979334098737084,0.7505007943634731,2.436192512512207,0.501960277557373
QuantileTransformer,343,0,90.30880204407052,99.5773936740406,78.01038352034834,0.2847227372070934,0.8723929480824927,0.9976881696527808,0.775056986944809,3.012086868286133,0.5919575691223145
QuantileTransformer,346,0,88.17428993151294,99.46474167257406,77.42086752637749,0.2705024836217778,0.8686451411757828,0.9966018332215515,0.7698072805139187,5.466804027557373,0.3359091281890869
QuantileTransformer,349,0,88.3464467385482,99.47810562274731,76.83805057779266,0.2696903226499764,0.864748567293211,0.996978306949894,0.7634869102714651,5.044130086898804,0.32810115814208984
QuantileTransformer,1,1,82.81553341489969,99.27975717918177,64.80321554178529,0.17251242386165264,0.7796048491966945,0.9925763725699637,0.6418802238032741,4.594956636428833,0.15157580375671387
QuantileTransformer,4,1,86.79551176012899,99.54561569734844,74.87857980237817,0.2557473225431749,0.8516085631751811,0.9968964239392255,0.7432824480209989,5.413522481918335,0.19885826110839844
QuantileTransformer,7,1,87.05584088105769,99.55477382616832,72.7616814603919,0.24858907427942945,0.8369556500120299,0.9976101711117484,0.7208675830627892,6.018125295639038,0.05664539337158203
QuantileTransformer,10,1,81.15498486366333,99.32835385845927,67.61011555853291,0.2142342146010586,0.8000661621800438,0.996703070265815,0.6682323685846515,3.0877513885498047,0.04976916313171387
QuantileTransformer,13,1,68.63141327853121,98.81987909274332,50.85915257075867,0.1685758543341256,0.6606998311709337,0.999929996499825,0.49333425433446154,5.535442113876343,0.08861303329467773
QuantileTransformer,16,1,67.1062089607941,98.55845434976703,71.3615809747111,0.12062952947517186,0.8292458859242691,0.9830949900558765,0.717033915866547,6.186721086502075,0.05783963203430176
QuantileTransformer,19,1,71.52073935333301,98.8352611435127,60.53592363088261,0.13290130507509346,0.7467216991272195,0.9888408107492599,0.5998480348138426,3.8101000785827637,0.07902097702026367
QuantileTransformer,22,1,81.95372206991887,99.35745400361715,68.042203985932,0.21532894679918277,0.8032824065483186,0.9965723640456337,0.6727913241693722,5.939397096633911,0.08801603317260742
QuantileTransformer,25,1,73.62958788700544,98.84410732723552,61.32641098643443,0.14319696989007563,0.7528469903245141,0.9900349059790564,0.6073426814947849,4.937312841415405,0.15500855445861816
QuantileTransformer,28,1,69.28847564627945,98.70861178216018,56.02411656338971,0.13665734408400404,0.7086005992675619,0.9914291037823738,0.5513227878704151,5.18799901008606,0.16073346138000488
QuantileTransformer,31,1,88.2662897410773,99.56217545132381,79.25305643945738,0.2561629978579057,0.880902938009537,0.9936236661750673,0.791151481660565,4.239537477493286,0.10658144950866699
QuantileTransformer,34,1,87.60529446340581,99.57725860149391,75.54848434098142,0.27294763544684814,0.8559532736098504,0.9983888786595471,0.749084755128825,3.4315712451934814,0.08614110946655273
QuantileTransformer,37,1,78.6821102507349,99.2272470460076,58.42572433428237,0.19480028442089034,0.727244758932888,0.999697921701305,0.5714927125785729,3.6972718238830566,0.0641789436340332
QuantileTransformer,40,1,87.15564326191716,99.56298035932885,76.42605928655166,0.2725906315150301,0.8619296111743242,0.9976385104450499,0.7587207294328936,5.828033924102783,0.13550972938537598
QuantileTransformer,43,1,83.78086922215857,99.42486299072353,66.37749120750293,0.20880572116045285,0.7908488561070134,0.9967436974789916,0.6554534779305105,5.486954927444458,0.1988978385925293
QuantileTransformer,46,1,82.61701921153666,99.3759575263975,66.38084073019594,0.21106821601637957,0.7908217493695684,0.997057123338063,0.655280790218968,2.3767993450164795,0.09998130798339844
QuantileTransformer,49,1,85.91818727045089,99.5101018353517,72.11857310333278,0.23539773544283152,0.8326228585216762,0.9964385407642699,0.715065275954963,7.308944940567017,0.10638737678527832
QuantileTransformer,52,1,66.8304126941146,98.58726077296102,52.60425389382013,0.1109356255954303,0.6791819707069333,0.9885163674762407,0.5173033086965532,3.3289310932159424,0.09108638763427734
QuantileTransformer,55,1,85.10874572602705,99.45908074727691,73.86702394908725,0.23537582625665265,0.8449214867819519,0.9952238246862708,0.7340609242246322,5.829962968826294,0.07339978218078613
QuantileTransformer,58,1,85.65086822628139,99.50109605443903,70.93619159269804,0.2399144410376637,0.8240637482511811,0.997839430395286,0.7018373972508116,5.406465530395508,0.15074396133422852
QuantileTransformer,61,1,85.4702035307718,99.4879828794227,70.4739574610618,0.23611343159755308,0.8207859800353752,0.9976770622250778,0.6971748290391656,3.8702986240386963,0.3422999382019043
QuantileTransformer,64,1,88.19531911654117,99.58922120823964,68.41065148216379,0.23609678861736388,0.8055904846323514,0.9991307460244414,0.6748635767078814,6.669033527374268,0.13253498077392578
QuantileTransformer,67,1,86.14158498723184,99.50658451710225,63.41986266956958,0.21009949384707974,0.7677815815773247,0.9988381742738589,0.6235407888374663,2.19980788230896,0.1515202522277832
QuantileTransformer,70,1,85.25619343231642,99.47636067220877,64.3711271143862,0.21596011818554828,0.7751400486206532,0.9990736199662144,0.6332113006838433,5.218216180801392,0.10953688621520996
QuantileTransformer,73,1,85.4049080262565,99.47772825769373,60.8038854463239,0.20528679113526263,0.7467757292478144,0.9998261675744582,0.5959452925329833,3.4856231212615967,0.12006306648254395
QuantileTransformer,76,1,82.2660779159288,99.37990904831149,68.16278680288059,0.23365362242656487,0.8037900212621019,0.9989737800810714,0.6724114112039787,5.930598258972168,0.07000088691711426
QuantileTransformer,79,1,61.780849595941426,98.33658946532974,42.06330597889801,0.08991862797122102,0.5768939115970745,0.988681143623711,0.40726669890170614,6.77310585975647,0.2135322093963623
QuantileTransformer,82,1,88.64562963626257,99.59485006469755,73.69284876905041,0.24245623595408924,0.8435956667197706,0.9961903866052112,0.7315396836361124,4.491667747497559,0.11003684997558594
QuantileTransformer,85,1,82.96291403939212,99.36431376994462,69.96817953441634,0.21651496685137078,0.8174822897158212,0.9954883490332177,0.6934793120121572,4.25318455696106,0.1024172306060791
QuantileTransformer,88,1,74.76407907004236,98.96451484165956,57.06246859822476,0.14390442166762546,0.7173131629435244,0.9921307875312634,0.5617185881052704,1.3576509952545166,0.10113072395324707
QuantileTransformer,91,1,83.76699862317486,99.41041402011767,63.87874727851282,0.20885900980428576,0.7714479484571041,0.9983543609434997,0.6285832700145058,0.9814965724945068,0.08410120010375977
QuantileTransformer,94,1,52.6464133049806,97.84397021611346,34.86853123429911,0.09259817226151987,0.49628267233116596,0.9927453622137009,0.33083511777301927,0.8938446044921875,0.1145939826965332
QuantileTransformer,97,1,85.69169804114254,99.46293226980774,70.45051080221069,0.215750302337903,0.8210039362090654,0.995081644698013,0.6987635559853561,0.4349808692932129,0.10046124458312988
QuantileTransformer,100,1,81.37970313353256,99.27257862486498,71.0299782281025,0.1846914890318661,0.8257549811632452,0.9908620606295024,0.7078123920701803,0.8699245452880859,0.07915234565734863
QuantileTransformer,103,1,83.66566869396802,99.40867372770907,64.32423379668397,0.20571802188854138,0.7750343225261379,0.9976075254200424,0.6336602887338537,1.008845329284668,0.12322545051574707
QuantileTransformer,106,1,72.22433348868199,98.87099241394968,47.60676603583989,0.12626189259008658,0.6314152410575428,0.9936220706021952,0.46273399184914,1.1445410251617432,0.10537052154541016
QuantileTransformer,109,1,82.61558941095053,99.28639019611711,76.69737062468597,0.21970313390307925,0.8644625845038867,0.9915530726256984,0.7662499136561443,1.4210646152496338,0.1229715347290039
QuantileTransformer,112,1,76.25815551737813,99.1085524425354,56.02746608608273,0.1690033510537086,0.7074866310160428,0.996860479718699,0.5483180216895766,0.9368565082550049,0.11712169647216797
QuantileTransformer,115,1,65.57679573945491,98.46144324814914,45.32909060458884,0.08748137517874793,0.6106950341077136,0.9868948504471169,0.4421496166332804,0.2942492961883545,0.11038732528686523
QuantileTransformer,118,1,85.49009999174318,99.47172420529672,67.08089097303635,0.20403655920006095,0.7963024374067319,0.9956463149165544,0.66346618774608,0.6154270172119141,0.10030484199523926
QuantileTransformer,121,1,55.33296069075697,97.81998643108342,21.57762518841065,0.0837271394653655,0.3213033017363829,0.9998195922785496,0.19140705947364786,0.37487316131591797,0.10938739776611328
QuantileTransformer,124,1,59.35727435389304,98.20539248531514,29.227935019259753,0.09490730000577913,0.4262633393977245,0.9969516067572717,0.2710851695793327,1.0518734455108643,0.12770843505859375
QuantileTransformer,127,1,70.69598782622548,98.80540749012413,38.32523865349188,0.12602670833723467,0.5340486372953412,0.998958629177317,0.3644401464391794,0.7655048370361328,0.12055683135986328
QuantileTransformer,130,1,86.54279354821844,99.51037307365124,74.00770390219394,0.23079428289407605,0.8459706232631997,0.9945860169887053,0.7359950265939076,1.0458364486694336,0.09476232528686523
QuantileTransformer,133,1,85.10294985877174,99.44472528101191,71.3816781108692,0.22795931571282638,0.827491519948312,0.9960143870905026,0.7077433169855633,0.444596529006958,0.12816691398620605
QuantileTransformer,136,1,76.52380709973805,99.1166213101975,51.8975046055937,0.15554630147448056,0.6709136323013818,0.9968675519237317,0.5055950818539753,1.2028143405914307,0.12364315986633301
QuantileTransformer,139,1,86.1789380483889,99.5028993989574,72.32289398760676,0.22890709490846495,0.8341861818473703,0.9954978686718713,0.7178628168819506,1.0000576972961426,0.10579681396484375
QuantileTransformer,142,1,75.71364682177561,98.94478385622759,71.91090269636577,0.16221182511601695,0.832414068745004,0.9877169686047614,0.7193133936589072,1.5078799724578857,0.14093875885009766
QuantileTransformer,145,1,81.0890051248193,99.31622922804225,62.334617317032325,0.19416596460342708,0.7595423928151396,0.9971366009769244,0.6133867513987704,0.9017946720123291,0.1353306770324707
QuantileTransformer,148,1,83.57714563810774,99.38454750230692,70.82900686652151,0.2059715816734866,0.8239218778431492,0.9936119373872336,0.7037369620777786,0.8987257480621338,0.1542825698852539
QuantileTransformer,151,1,77.62900078711864,99.1653043404078,56.965332440127284,0.17220050265430945,0.7155130419379124,0.9968534057255676,0.5580230710782621,0.8044986724853516,0.1718909740447998
QuantileTransformer,154,1,83.01586266002555,99.40312066628519,70.34332607603416,0.22126750832922812,0.8201210840680996,0.9958555358200119,0.6971057539545485,0.81134033203125,0.16173386573791504
QuantileTransformer,157,1,83.91752250900947,99.4248318687795,65.7075866688997,0.21748803973513342,0.7855017808506181,0.9984022155943758,0.6474407681149409,1.264664888381958,0.1622910499572754
QuantileTransformer,160,1,71.57361130905565,98.78571968719748,64.23714620666556,0.12721407932548684,0.7763370132182583,0.9865303732098174,0.6399806589763073,0.6955852508544922,0.14399433135986328
QuantileTransformer,163,1,83.55490706411187,99.4247689194216,68.89968179534416,0.23608742497499294,0.8092293151979618,0.9987827762844246,0.6801478206810804,0.6050007343292236,0.14341211318969727
QuantileTransformer,166,1,79.70853074228424,99.15234156755133,81.02830346675599,0.1974304972941856,0.8928976628091673,0.9866276640200585,0.815431373903433,0.24490141868591309,0.12548184394836426
QuantileTransformer,169,1,82.65782602692457,99.3660305550953,69.09060458884609,0.21062226654857621,0.8111647704018989,0.9952797027217033,0.6845340885542585,0.8899393081665039,0.15756011009216309
QuantileTransformer,172,1,78.92821228084472,99.18173647122015,52.25255401105342,0.15089509430222553,0.6743723873266784,0.995817310935708,0.5098086620156109,1.2070515155792236,0.1471560001373291
QuantileTransformer,175,1,84.7265596460289,99.43510350946079,71.9778931502261,0.2218259312044189,0.8318594742342632,0.9948562638207865,0.7147544380741866,1.0656533241271973,0.14482879638671875
QuantileTransformer,178,1,85.11035568915354,99.45033184402064,67.62686317199798,0.19886691395508804,0.8005283470579737,0.9946151084671009,0.669821095530842,0.48913121223449707,0.15647220611572266
QuantileTransformer,181,1,87.38520675414797,99.52945604158086,72.75163289231284,0.23615902804971287,0.8370947393716083,0.9960920745365296,0.7218691717897354,0.8071815967559814,0.16434764862060547
QuantileTransformer,184,1,83.95973037564197,99.42360408830841,72.21905878412326,0.24601388161307647,0.8331522832428083,0.9976874156870302,0.715203426124197,1.034994125366211,0.13457322120666504
QuantileTransformer,187,1,86.21204770673403,99.47834038852848,72.4133311003182,0.24103939291412407,0.8346184738955823,0.9969298666410822,0.7177592042550253,0.3989400863647461,0.1585254669189453
QuantileTransformer,190,1,84.11171089478148,99.43752375458054,67.6469603081561,0.2279524783444352,0.8000414035814097,0.9985530463541936,0.6673689300269393,0.9911074638366699,0.14766740798950195
QuantileTransformer,193,1,79.81201495548413,99.16669389476762,77.88645118070676,0.1927711825467924,0.8726858994137612,0.9879923150816523,0.781480969814188,0.9116859436035156,0.1394195556640625
QuantileTransformer,196,1,83.47024025326407,99.35342420208471,75.1331435270474,0.21993153085073647,0.8538812785388128,0.9925871693969067,0.7491883677557505,1.1754980087280273,0.15678095817565918
QuantileTransformer,199,1,85.83520133777202,99.47764380776586,72.46357394071345,0.24558698969358517,0.8348964713915611,0.9974566917798359,0.7178973544242592,0.89056396484375,0.15500736236572266
QuantileTransformer,202,1,84.81831604450153,99.45438884741715,72.00468933177022,0.24432812112351027,0.8316548501450209,0.9976321639122451,0.7130275609587622,0.8483083248138428,0.16606664657592773
QuantileTransformer,205,1,80.85393517537138,99.29259732636044,65.92865516663875,0.199882755642276,0.7876231835643895,0.9957765811424348,0.6514471230227257,0.8598699569702148,0.16403841972351074
QuantileTransformer,208,1,84.6232076798001,99.4421276054138,72.39658348685313,0.24016589030037203,0.8345147492921544,0.9968337730870712,0.7176555916280998,0.8225607872009277,0.16141200065612793
QuantileTransformer,211,1,85.91306988765601,99.4985609932345,77.17635236978731,0.2602387101548391,0.8671424114802683,0.9956568460642966,0.7680113283138772,1.1252429485321045,0.17946553230285645
QuantileTransformer,214,1,86.8054896982676,99.48865789366612,74.94222073354547,0.24871860515775435,0.852151228285144,0.996026796026796,0.7445948746287214,0.772089958190918,0.18291997909545898
QuantileTransformer,217,1,84.90448165435518,99.45502874691667,74.06464578797521,0.25070952463191065,0.8460544366463209,0.9969076512205407,0.7348552876977275,1.0221261978149414,0.1553969383239746
QuantileTransformer,220,1,87.92979786452958,99.54471754955198,74.67760844079719,0.2618177621828345,0.8501308381571644,0.9977664029781294,0.7405539821786282,1.036435842514038,0.18697166442871094
QuantileTransformer,223,1,88.25558348628621,99.5552208212563,78.01038352034834,0.2690423341500086,0.872586123241145,0.9959682778786939,0.7764039510948401,0.9231951236724854,0.19271087646484375
QuantileTransformer,226,1,85.90515040237194,99.48291771249167,71.76017417518004,0.24400792498432763,0.8299138574512296,0.9977686150861024,0.7104027077433169,1.360400915145874,0.15269160270690918
QuantileTransformer,229,1,85.65353616517669,99.47891842686374,73.4449840897672,0.25407215552024603,0.841674322003435,0.9977746212121212,0.7278096290667956,0.9141342639923096,0.17743492126464844
QuantileTransformer,232,1,89.19960069847868,99.57586523056924,76.8246524870206,0.27078368636063455,0.864643856251345,0.9971123042909353,0.7632451474753057,0.927117109298706,0.17145705223083496
QuantileTransformer,235,1,87.07935209257258,99.52133858741719,72.31954446491375,0.2535459840264101,0.8337357154353774,0.9985542168674699,0.7156178766318989,1.112640380859375,0.1948390007019043
QuantileTransformer,238,1,86.86990930617718,99.51225923661238,72.62100150728521,0.2515675018778982,0.8359095836511824,0.9980824544582934,0.7190716308627478,0.3730130195617676,0.17789959907531738
QuantileTransformer,241,1,87.05157064552698,99.51037032270509,74.09144196951935,0.25789476224239316,0.8461278322624282,0.9977480647431386,0.7345099122746426,0.7136995792388916,0.20375800132751465
QuantileTransformer,244,1,86.412683611503,99.50312498104105,73.36459554513482,0.24619318161974083,0.8412394186232232,0.9968770701239709,0.7276369413552531,0.830085277557373,0.16970515251159668
QuantileTransformer,247,1,87.35663374189853,99.50564880119215,77.78261597722324,0.26807188606249494,0.8710862340388316,0.9960442686341615,0.7739863231332459,0.6824507713317871,0.2102370262145996
QuantileTransformer,250,1,84.33404871917082,99.41708276524933,72.30949589683469,0.24964260822334403,0.833732225820076,0.998073867193143,0.7158596394280583,1.0465526580810547,0.17479753494262695
QuantileTransformer,253,1,86.61372775692193,99.48968924023262,76.30882599229611,0.26103470809157653,0.8612946875061283,0.9964154453468851,0.7584444290944257,0.6351242065429688,0.1976170539855957
QuantileTransformer,256,1,84.91961147449854,99.41130518124616,75.11974543627534,0.246771647287374,0.8533985947738217,0.9956709956709957,0.7467016647095392,1.2965037822723389,0.2565491199493408
QuantileTransformer,259,1,86.83565734066137,99.50261351972969,75.66906715792999,0.2655498095360899,0.8568839152021436,0.9974314283093294,0.7510533950404089,0.806105375289917,0.20909810066223145
QuantileTransformer,262,1,87.92243611647149,99.54239785483038,76.1848936526545,0.26726988592419143,0.8603692065985861,0.9972229809705909,0.7565448642674587,0.8919780254364014,0.20363736152648926
QuantileTransformer,265,1,86.73462448798381,99.50148509645445,77.96683972533914,0.2763499135293422,0.872207327971403,0.9968028419182948,0.7752987497409685,0.9924492835998535,0.20465660095214844
QuantileTransformer,268,1,85.48955758749939,99.44901966061678,73.67610115558533,0.2505177137674491,0.8433494787617851,0.997171812396889,0.7306417075360917,1.2168197631835938,0.17750334739685059
QuantileTransformer,271,1,86.52188511042468,99.47699311937608,71.45536761011556,0.2471651387397166,0.8276712771980911,0.9983900868377402,0.7068108033432341,0.6063394546508789,0.19753336906433105
QuantileTransformer,274,1,89.18181443917663,99.57697174044979,75.03600736894992,0.2603506828349232,0.8526230448280635,0.9973169264930379,0.7445948746287214,0.9235832691192627,0.2313704490661621
QuantileTransformer,277,1,86.10968663447711,99.47275071336728,75.26042538938201,0.2508847142816393,0.8543022842939992,0.9960441582336707,0.7478759411480279,0.6592183113098145,0.2119464874267578
QuantileTransformer,280,1,85.72147660911406,99.46516843297309,74.55367610115559,0.2605894439354787,0.8492927850185483,0.9977161500815661,0.7393106306555226,0.8703951835632324,0.21995162963867188
QuantileTransformer,283,1,84.84708646889625,99.41971468711883,74.55367610115559,0.25355688743357885,0.8494003370006938,0.9968824158950258,0.7399323064170754,0.7100141048431396,0.26195597648620605
QuantileTransformer,286,1,86.61257778326016,99.5067813449235,74.77809412158767,0.2581988947231791,0.8508792775665399,0.9972611642373038,0.7419700214132763,1.174403429031372,0.2084050178527832
QuantileTransformer,289,1,86.0667542844377,99.44441800150037,76.87824485010886,0.2652099312676796,0.8650782792252214,0.9964428835156919,0.7643158112868689,0.9238171577453613,0.24235224723815918
QuantileTransformer,292,1,87.00932827968464,99.4978513475436,77.36057611790321,0.2684406207054763,0.8682687247851254,0.9964213822411093,0.7693237549215998,0.6136469841003418,0.22189617156982422
QuantileTransformer,295,1,88.39261818106826,99.53693293349029,80.57946742589182,0.2898656221420468,0.8891310998929173,0.9960157655727873,0.8029633211300684,0.4065253734588623,0.20712661743164062
QuantileTransformer,298,1,87.76967936511026,99.51929211471445,72.23245687489532,0.24648010644328622,0.8332394592854844,0.9977358126987186,0.7153070387511224,0.9623656272888184,0.23140454292297363
QuantileTransformer,301,1,86.41214695712752,99.4663915948458,74.67425891810417,0.25945100935278254,0.8501436923991675,0.9974884889074926,0.7407266698901707,0.6922533512115479,0.2266378402709961
QuantileTransformer,304,1,86.32082754864638,99.40578160284687,75.03935689164294,0.2485893906216364,0.8528203507663138,0.9959405849248085,0.7456655384402846,0.6442773342132568,0.2633824348449707
QuantileTransformer,307,1,87.32704108633564,99.48776789738207,75.29057109361916,0.26524916505783414,0.8542987497778041,0.9976934077593763,0.7469434275056986,0.5824575424194336,0.23500704765319824
QuantileTransformer,310,1,85.39949931680064,99.44826091110299,72.05158264947245,0.24806745869397587,0.8319232938522279,0.9980666988883519,0.7132002486703046,1.2111246585845947,0.2112274169921875
QuantileTransformer,313,1,89.23224078424523,99.54308234542887,78.55635571931,0.27864994733286225,0.8760791297278464,0.9965650871939404,0.7815845824411135,0.8572475910186768,0.2050764560699463
QuantileTransformer,316,1,88.88584188460136,99.54822596318239,75.81979567911573,0.26780285475321625,0.8578797125701348,0.9975733711826381,0.7525039718173655,0.6495306491851807,0.21419739723205566
QuantileTransformer,319,1,86.39176942384097,99.42298933480913,75.73940713448334,0.2597388730803959,0.8574465153811333,0.9967055593685655,0.7523312841058231,0.6933939456939697,0.25880956649780273
QuantileTransformer,322,1,85.78088616510387,99.42024704110663,72.27600066990453,0.23596195554136454,0.8337317450432896,0.9963989052672012,0.7167230779857705,0.4842350482940674,0.21730637550354004
QuantileTransformer,325,1,87.46323246709906,99.50651048974377,75.05945402780104,0.26168778641813895,0.8527643755437792,0.9974558238504949,0.7447330247979553,0.8321974277496338,0.247467041015625
QuantileTransformer,328,1,87.89166282128251,99.5055298599113,73.93066488025455,0.255281861800924,0.8450496724999502,0.9975558166862515,0.732990260413069,0.34281206130981445,0.23210501670837402
QuantileTransformer,331,1,87.83611334355072,99.4786226246954,80.00334952269301,0.27979667975768574,0.885518140676536,0.9954729671466759,0.7974373143607101,0.9811937808990479,0.23705601692199707
QuantileTransformer,334,1,86.27529242488583,99.43170444604745,76.02411656338973,0.25780202580440187,0.8594099854656873,0.9962659380692167,0.7556123506251295,0.6140751838684082,0.26282691955566406
QuantileTransformer,337,1,89.17108135166679,99.56475234809045,76.41601071847262,0.2677641171945827,0.8619276399647025,0.9970963204936255,0.7590315673136699,0.957862377166748,0.22394728660583496
QuantileTransformer,340,1,88.22248149443217,99.49805282104532,74.47663707921622,0.2581201937290536,0.8487975236129851,0.9974815782109878,0.7386889548939698,1.1395745277404785,0.24490737915039062
QuantileTransformer,343,1,88.01660362638827,99.5147520901459,77.36057611790321,0.2756375873025643,0.868176233105143,0.9972220977642368,0.768702079160047,0.5599443912506104,0.24856090545654297
QuantileTransformer,346,1,85.60081178940732,99.42118722426473,72.64444816613633,0.24400267459468014,0.8362046489240087,0.9971301477973884,0.720004144505077,0.9049601554870605,0.24144339561462402
QuantileTransformer,349,1,84.84797003199304,99.37365882633257,72.85211857310333,0.23445324500959397,0.8378318893935452,0.9958145065398335,0.723112523312841,0.9831323623657227,0.24737930297851562
QuantileTransformer,1,3,76.40082891634839,98.95038580052139,63.60073689499246,0.14842844919328574,0.7708302579134946,0.9897644191714053,0.6312081232299509,1.1950652599334717,0.04940986633300781
QuantileTransformer,4,3,87.60360591874576,99.55239294416316,71.71663038017083,0.2279986422590261,0.8298883919577743,0.9957938503190872,0.7113697589279547,0.8818559646606445,0.08086204528808594
QuantileTransformer,7,3,90.3550923172023,99.65730506811197,79.41048400602914,0.2689815334555341,0.8817861881959268,0.9948361900629203,0.7918076949644264,0.4752490520477295,0.07167458534240723
QuantileTransformer,10,3,84.19585830085872,99.41461199424135,69.59638251549154,0.2076260303635946,0.8149401618789374,0.9945757651157004,0.6902673205774678,0.779705286026001,0.04922842979431152
QuantileTransformer,13,3,81.91751323255528,99.29644288967323,60.87422542287724,0.17387752280632585,0.7482814351901734,0.9949000057303307,0.5996408095599917,0.6735332012176514,0.07809305191040039
QuantileTransformer,16,3,76.76342327839552,99.04242383073442,57.66873220566069,0.15543820010232867,0.7221073925854259,0.9937061244250787,0.5671064447053947,0.6857130527496338,0.0714876651763916
QuantileTransformer,19,3,87.36607119241613,99.53119260942636,71.56590185898509,0.23402986446873544,0.8287023023992575,0.9966509731592487,0.7091938937625198,0.889589786529541,0.05375409126281738
QuantileTransformer,22,3,76.89828835620234,99.05918253144988,70.48400602914084,0.16778912255651166,0.8221450773019012,0.9890734265734266,0.7034261241970021,1.4919228553771973,0.06160736083984375
QuantileTransformer,25,3,81.69847008270688,99.277387606106,69.39206163121754,0.19852255170989272,0.8136243116459311,0.9935246064953178,0.6888858188851281,1.244596004486084,0.08152437210083008
QuantileTransformer,28,3,81.82297389782116,99.25030874602471,82.79350192597555,0.22606051785807146,0.9037131450207119,0.9881132926179448,0.8325965324307523,0.9813129901885986,0.08575844764709473
QuantileTransformer,31,3,81.33682061568517,99.26095106332107,73.83687824485011,0.19068636823811497,0.8454093850812436,0.9900338385945394,0.737652828624715,1.1024558544158936,0.07056713104248047
QuantileTransformer,34,3,82.61504125683842,99.28420225421364,69.27147881426897,0.19673906961035917,0.8127755102040817,0.9933652599022249,0.687746079988948,0.959491491317749,0.08989310264587402
QuantileTransformer,37,3,78.93063297540274,99.14422635445182,60.03684474962318,0.16524532502148162,0.7416581859125653,0.9940217075860468,0.5914899495751882,0.7765357494354248,0.07406973838806152
QuantileTransformer,40,3,84.95645663062163,99.45636112310459,71.01658013733044,0.22086325782623303,0.8249974719385176,0.9953638182616759,0.7044277129239483,1.212641954421997,0.07950782775878906
QuantileTransformer,43,3,82.77283489283816,99.35066790599139,67.22492044883604,0.20061721748388395,0.7974665203982365,0.9950927217314944,0.6653312150307384,0.6826069355010986,0.07012796401977539
QuantileTransformer,46,3,58.71327568694251,97.96594701977735,18.56305476469603,0.06685142369366935,0.2770228076957388,0.9963636363636363,0.1608758720729433,0.47369861602783203,0.07374405860900879
QuantileTransformer,49,3,85.96313974088947,99.43379570531623,60.92111874057947,0.1954698553797709,0.74802928535948,0.9982131534958787,0.5981211576984182,1.1019043922424316,0.09807300567626953
QuantileTransformer,52,3,80.60152170648118,99.22078982047704,68.70540947914922,0.1850199419111143,0.8088466968103607,0.99216985393766,0.6827035988119086,0.6627011299133301,0.05146169662475586
QuantileTransformer,55,3,64.82471679790294,98.36871861190795,47.097638586501425,0.08190436511910483,0.628516323266535,0.9851791771125202,0.4614561027837259,0.9174044132232666,0.08832240104675293
QuantileTransformer,58,3,65.98712359157935,98.36554632264772,54.473287556523196,0.07832243761484008,0.6971344534070145,0.9823536799799045,0.5402707743316986,0.3600130081176758,0.057008981704711914
QuantileTransformer,61,3,67.9448272536398,98.50919290911062,64.52185563557194,0.09976118716692556,0.7792137407762538,0.9827024185068349,0.645541203287974,1.1643002033233643,0.09881854057312012
QuantileTransformer,64,3,74.88336583797776,98.98828639162083,67.0942890638084,0.14546449666319586,0.7977019068407397,0.9878110975112199,0.6689576569731298,1.3076756000518799,0.08139777183532715
QuantileTransformer,67,3,79.642020098933,99.21479087453507,70.42706414335957,0.18912733343887983,0.8213367869356699,0.991741191418658,0.7009048836084825,0.7237496376037598,0.09417057037353516
QuantileTransformer,70,3,75.19389705911102,98.94473374933771,55.0326578462569,0.14068371880384709,0.6997786076883512,0.9925775550339403,0.540374386958624,0.26718711853027344,0.06589508056640625
QuantileTransformer,73,3,72.9586913361061,98.88119208295517,58.087422542287726,0.1401366451532171,0.7261625998468104,0.9910399617705036,0.5730123644401465,0.9159867763519287,0.08285808563232422
QuantileTransformer,76,3,81.29511107097278,99.09612670660128,81.9795679115726,0.2387177235149817,0.8985212011468237,0.989859529548666,0.8226151827035988,0.8088366985321045,0.09368610382080078
QuantileTransformer,79,3,83.24268921494135,99.31149171399957,74.42639423882098,0.20940965407265164,0.849191143065953,0.9918331564619572,0.7424190094632865,1.1263861656188965,0.08718252182006836
QuantileTransformer,82,3,81.22700963072276,99.27411217735231,71.01992966002345,0.18618608452636246,0.825655906178213,0.9910506965944272,0.7075706292740208,1.1968674659729004,0.10365104675292969
QuantileTransformer,85,3,84.83868591129702,99.35248904854681,83.89884441467092,0.26766456744612466,0.9102216909773453,0.9910122412460857,0.8416108309732679,0.7418298721313477,0.10922431945800781
QuantileTransformer,88,3,84.97708907473655,99.42625372276142,68.15943728018757,0.21291892413763688,0.8042099192618224,0.9961730788856006,0.6742764384886372,0.5576562881469727,0.10163998603820801
QuantileTransformer,91,3,83.05503651281374,99.30728372751055,79.53441634567075,0.23688392292520996,0.882941221549544,0.9914379141209879,0.7958485874145196,1.1496508121490479,0.11955451965332031
QuantileTransformer,94,3,81.0772907264514,99.21631953559545,71.92095126444482,0.19239882877917094,0.8319669666659986,0.9913064246477191,0.716757615528079,1.1413681507110596,0.11281251907348633
QuantileTransformer,97,3,87.59635341818554,99.5170570505279,77.32373136828002,0.2516963135820725,0.8682366679641884,0.9946044769464015,0.7703598811908544,0.7761774063110352,0.11793041229248047
QuantileTransformer,100,3,86.05986594220371,99.51047720353179,71.01992966002345,0.2377280269558922,0.8247092669881275,0.9975004900999804,0.7029425986046833,0.9379477500915527,0.12553620338439941
QuantileTransformer,103,3,78.7188480759829,99.1689913182266,64.56539943058114,0.17441542340460145,0.7777100712319556,0.9929709717229168,0.6391517579609035,0.6973116397857666,0.14230632781982422
QuantileTransformer,106,3,78.7634210551131,99.18220691266866,64.86015742756656,0.16153571955678628,0.7803161972568318,0.9910111164299771,0.6435034882917732,1.2122128009796143,0.12925148010253906
QuantileTransformer,109,3,81.44490280690937,99.28389147220852,60.696700720147376,0.1812539983880833,0.7466096570786905,0.9961392186239484,0.597050493886855,0.2646193504333496,0.11070680618286133
QuantileTransformer,112,3,80.81706701977502,99.23903443959203,73.11338134315861,0.17965485967794356,0.8405601350680306,0.9891543172362208,0.7307798577053257,0.9886488914489746,0.11913728713989258
QuantileTransformer,115,3,75.90332156092518,99.07542635864633,55.310668229777264,0.16559122263415563,0.7013207969554511,0.996691270043268,0.5409960627201769,0.837122917175293,0.14131617546081543
QuantileTransformer,118,3,85.36380988420763,99.40853279361075,69.82080053592364,0.2111309072201665,0.8165118931247963,0.9948883374689826,0.6923741106582856,0.6732828617095947,0.12278866767883301
QuantileTransformer,121,3,83.57790462072451,99.34902389413887,73.0497404119913,0.20015708064741322,0.8397849462365592,0.9915828082385028,0.7282931546591145,0.8664171695709229,0.1120598316192627
QuantileTransformer,124,3,84.71170773618715,99.42502600482342,73.51197454362753,0.21787290451373897,0.842727019609403,0.9933889722430608,0.7317469088899634,1.1369578838348389,0.10648608207702637
QuantileTransformer,127,3,79.87805219301127,99.19517362921071,71.95444649137498,0.18400696835349883,0.8323488777206015,0.9902806231835724,0.7178628168819506,0.5796141624450684,0.1360929012298584
QuantileTransformer,130,3,78.21073988002095,99.10966012974595,70.27968514486686,0.16593538567846136,0.8207076319990301,0.988945702459216,0.7013884092008013,0.8153243064880371,0.12702679634094238
QuantileTransformer,133,3,81.74833869054953,99.2962859358759,64.97739072182213,0.19349622734913116,0.7804376128680022,0.9954467538032997,0.6418111487186572,1.3693091869354248,0.13241887092590332
QuantileTransformer,136,3,81.9905020608678,99.3104071017428,67.60006699045385,0.19155448682555026,0.8004867685580512,0.9936504685339751,0.6702010084962354,1.0544848442077637,0.10938405990600586
QuantileTransformer,139,3,85.07592547772013,99.43406838801168,74.61396750962987,0.22446792164431828,0.8502558631181713,0.9934438339720209,0.7431442978517648,0.9272301197052002,0.12201189994812012
QuantileTransformer,142,3,80.33958070580323,99.2247378330723,65.34248869536091,0.17387979237943949,0.783739157696729,0.9924831930548939,0.6475443807418664,0.4975428581237793,0.13847589492797852
QuantileTransformer,145,3,84.6504850550573,99.39807996771086,66.04253893820132,0.19556346661274154,0.7885978813912753,0.9951057783391222,0.6530703875112247,1.4017374515533447,0.1451890468597412
QuantileTransformer,148,3,84.11672094670126,99.3795727251085,69.78060626360744,0.20556888312846516,0.8163273615635179,0.9941981553109194,0.6924431857429025,1.2541990280151367,0.12423896789550781
QuantileTransformer,151,3,65.95287737593183,98.62187614571684,42.535588678613294,0.120563204421671,0.5802094548301849,0.9951317777404733,0.40947710160944945,1.0319113731384277,0.11939287185668945
QuantileTransformer,154,3,84.49216818104142,99.44284044928237,68.33361246022442,0.21420362206387114,0.8054812559153944,0.9962337133550488,0.6760378531463701,0.9091415405273438,0.16598033905029297
QuantileTransformer,157,3,74.39255899575714,98.96872032220891,67.99866019092279,0.14060627166484246,0.8045417348608838,0.9868011643079394,0.6791116944118256,1.1746430397033691,0.15460205078125
QuantileTransformer,160,3,71.4325708726851,98.85760686927357,58.54295762853793,0.1323343444964802,0.7302486759802105,0.9896036387264457,0.5786074462941218,0.8601207733154297,0.14612698554992676
QuantileTransformer,163,3,79.0720452365906,99.19819575020668,63.148551331435264,0.18144830604698511,0.7663920502802786,0.9947635321353765,0.6232990260413069,1.4963352680206299,0.1735703945159912
QuantileTransformer,166,3,80.38290404688765,99.21664995888779,68.83604086417685,0.16887839458141346,0.8101379479226185,0.9900249376558603,0.6855702148235132,1.2635018825531006,0.18275952339172363
QuantileTransformer,169,3,66.67839767576523,98.6154439602786,38.83771562552336,0.11275957228837626,0.5405827001459267,0.9954595997034841,0.37103681702010083,1.2884626388549805,0.17930006980895996
QuantileTransformer,172,3,81.99296875437228,99.31082392154697,72.30279685144868,0.20862275909373068,0.8343914602150968,0.9930399961862992,0.7194515438281411,0.9988982677459717,0.17555642127990723
QuantileTransformer,175,3,71.58189878591146,98.7862088500168,62.93083235638921,0.124230854526021,0.766188494285171,0.9866151586049295,0.626269254679837,1.3500957489013672,0.16664505004882812
QuantileTransformer,178,3,82.25201948791367,99.30975102092249,70.36677273488527,0.1868743379029122,0.8209435527940254,0.9914935223661696,0.7004558955584721,0.9579617977142334,0.16994714736938477
QuantileTransformer,181,3,76.02349764182567,99.03826628886505,62.16379165968849,0.14596863028905285,0.7595060677027891,0.9900643872113677,0.6160461421565241,1.375664472579956,0.14060568809509277
QuantileTransformer,184,3,78.80008604869586,99.15159466105936,67.1545804722827,0.1708145776501883,0.7975974240422721,0.9911254745049759,0.6672998549423224,1.0543947219848633,0.1586301326751709
QuantileTransformer,187,3,79.28460061836384,99.18406712887598,69.64327583319377,0.18416657614795737,0.8157439973976863,0.9915484604359215,0.6928921737929129,1.01340651512146,0.17197108268737793
QuantileTransformer,190,3,84.65627708906707,99.43795707490973,72.23245687489532,0.23068181865270804,0.8335140780013657,0.9957773512476008,0.7167230779857705,1.3346846103668213,0.16428494453430176
QuantileTransformer,193,3,84.0935796433809,99.3496119730775,75.70591190755317,0.21574410843259387,0.8578372763088261,0.9917516428733288,0.755785038336672,0.9368226528167725,0.1735091209411621
QuantileTransformer,196,3,82.03837929765281,99.30619776992864,67.7306983754815,0.18691219058126204,0.8015653964984552,0.9929577464788732,0.6720314982385853,1.1017546653747559,0.14085865020751953
QuantileTransformer,199,3,79.01429930916483,99.16505417723054,65.46977055769553,0.17447309832372598,0.7847043836016958,0.9924982830577421,0.648856807349589,0.8538777828216553,0.13425683975219727
QuantileTransformer,202,3,79.16540201507584,99.19938823540299,61.30296432758332,0.17752889475747394,0.7516712163875933,0.9952188513859639,0.603888927263936,0.8241653442382812,0.1697673797607422
QuantileTransformer,205,3,78.79133283250702,99.2146670670692,58.760676603583995,0.18437919333990546,0.7304138384059558,0.9977865518066523,0.5760516681632935,0.9817116260528564,0.189835786819458
QuantileTransformer,208,3,78.76391746041043,99.21638715836596,63.171997990286386,0.1871198309221709,0.7664266139825378,0.9955847452949942,0.623022725702839,1.1477234363555908,0.16487550735473633
QuantileTransformer,211,3,74.67994124707897,99.01486971530534,51.38837715625524,0.159681744097789,0.6660223219422391,0.9979311771601959,0.4997927747461491,0.9566786289215088,0.1587841510772705
QuantileTransformer,214,3,78.7870510972397,99.18381583937054,68.53123429911237,0.1738344327841531,0.8077906667485014,0.9908155583437892,0.6818401602541964,0.4879436492919922,0.16515088081359863
QuantileTransformer,217,3,81.57822883663222,99.276256978686,70.2696365767878,0.19711867224172078,0.8200470359257157,0.9928325969563083,0.6984872556468882,1.3663067817687988,0.15769243240356445
QuantileTransformer,220,3,78.25162719356517,99.14943130168217,56.86149723664378,0.16114856447356674,0.7149970125473013,0.995072374499538,0.5579539959936451,0.7869391441345215,0.18297553062438965
QuantileTransformer,223,3,77.91652486852543,99.11355316233339,59.96315525037682,0.1612548713899193,0.7411706112903576,0.9934405294015208,0.5910754990674864,0.5355572700500488,0.17984962463378906
QuantileTransformer,226,3,83.60606555907847,99.39480010406893,81.09864344330933,0.2636600742843904,0.8927165915701819,0.9929371960245295,0.8108724183187125,0.901735782623291,0.17016220092773438
QuantileTransformer,229,3,79.48115986650186,99.19001132646552,68.68866186568414,0.18531496808235942,0.8087170042971148,0.9922173127133963,0.6824963735580576,1.0962328910827637,0.20153498649597168
QuantileTransformer,232,3,79.99428769749744,99.21808235821776,60.539273153575614,0.1687905581947337,0.7456880733944954,0.9943008462379829,0.5965324307522277,1.0667102336883545,0.18348455429077148
QuantileTransformer,235,3,74.4719857599528,98.980441458875,55.98727181376654,0.14093017556960086,0.7081297201243891,0.9921573509274244,0.5505284243973199,1.2112436294555664,0.1769733428955078
QuantileTransformer,238,3,75.56822498575374,99.02907339957109,56.868196282029814,0.1472066090088408,0.7155322862129145,0.9927665052412187,0.5593354976859847,0.7936933040618896,0.15986371040344238
QuantileTransformer,241,3,74.05230670533543,99.0294131100219,59.608105844917105,0.18964491057709554,0.7373510770370048,0.9981130962910549,0.5846169786557989,0.7161586284637451,0.17709875106811523
QuantileTransformer,244,3,82.05112100582524,99.30266727469507,67.10433763188746,0.18795699306373034,0.7968391220702923,0.9934492185485119,0.6651930648615044,1.206575632095337,0.16359329223632812
QuantileTransformer,247,3,83.44726952937022,99.35279386222162,70.514151733378,0.21342543690873542,0.8215089519252216,0.9947458875521729,0.6996615320853768,0.387082576751709,0.1756153106689453
QuantileTransformer,250,3,83.33711930217758,99.3870083097484,74.18522860492381,0.21618976112683927,0.8474254152396413,0.9927640428591308,0.7392070180285971,1.1725518703460693,0.20159387588500977
QuantileTransformer,253,3,85.15235847714968,99.43087090022497,69.22793501925976,0.21970769055083597,0.8119922234728333,0.9963839083923459,0.6851903018581198,0.95066237449646,0.2237532138824463
QuantileTransformer,256,3,81.54764912034298,99.26772896903174,62.70976385865015,0.1828518963366721,0.7628602466611285,0.9952203634746846,0.6184637701181184,1.0146973133087158,0.2599189281463623
QuantileTransformer,259,3,78.89311891793305,99.17700461865864,64.13666052587507,0.17806374688990542,0.7742710770982227,0.993722604037015,0.6342128894107896,1.1263391971588135,0.17568516731262207
QuantileTransformer,262,3,84.90870205769389,99.39450858729909,70.35672416680623,0.21599249902530082,0.8203191618954806,0.9951724137931034,0.6977274297161014,0.49260520935058594,0.18303608894348145
QuantileTransformer,265,3,83.40756285545207,99.35611639577617,68.15273823480153,0.21628027097349525,0.8040880243962746,0.9966288691388293,0.6738965255232438,0.9824256896972656,0.20609140396118164
QuantileTransformer,268,3,80.94684538075128,99.24988871143464,65.8784123262435,0.18765406172661092,0.787527375117322,0.9941024695908588,0.6520342612419701,0.5769104957580566,0.1881237030029297
QuantileTransformer,271,3,81.32033382662092,99.25914782620247,63.93568916429408,0.18236959486130985,0.7725842221987538,0.9944538089282802,0.6316571112799613,1.3463659286499023,0.18799638748168945
QuantileTransformer,274,3,77.58685616903756,99.10655531855484,53.779936359068834,0.1658799187794604,0.687671170865304,0.9976357785512576,0.5246598052082614,0.7271733283996582,0.22442960739135742
QuantileTransformer,277,3,84.42772365703584,99.41645276172656,70.6581812091777,0.2215088073706383,0.8223988322114995,0.9956799214531173,0.7004904331007805,0.9143116474151611,0.19170379638671875
QuantileTransformer,280,3,84.31414075846281,99.37133106014304,77.1328085747781,0.22765441899697467,0.8672693691066394,0.9921266847560162,0.770325343648546,0.5093743801116943,0.22212553024291992
QuantileTransformer,283,3,78.45410497281577,99.14870488802755,64.93049740411992,0.18057915143444614,0.7803926503901334,0.9936438414699285,0.642501899564827,0.4192626476287842,0.22787785530090332
QuantileTransformer,286,3,79.72401705426273,99.1780289327991,61.97621838887959,0.17188870742338144,0.7572803078896728,0.9939941625505164,0.6116253367410375,0.7891578674316406,0.18134808540344238
QuantileTransformer,289,3,78.61249659511967,99.153686408414,62.8236476302127,0.1785304923431149,0.7638862297104686,0.9945161469007922,0.6200870346066174,0.7254865169525146,0.22559165954589844
QuantileTransformer,292,3,80.29038483255272,99.22697341118993,61.63121755149891,0.19370191867046413,0.7538729292451817,0.9974981520441235,0.6058921047178283,0.2770850658416748,0.2148597240447998
QuantileTransformer,295,3,81.32989969086408,99.2845663187769,64.23714620666556,0.20234287075050691,0.7744375198056407,0.9971709917849954,0.6330386129723009,0.9033975601196289,0.22723031044006348
QuantileTransformer,298,3,84.81610809507093,99.41289417749073,68.90973036342322,0.2289697905884404,0.8094514698636887,0.9978236663629922,0.6809076466118671,1.037780523300171,0.2294754981994629
QuantileTransformer,301,3,85.12210075348574,99.39695612464897,75.6288728856138,0.23121216938325043,0.8570979652761411,0.9935342864948548,0.7536091731712371,1.082312822341919,0.2217388153076172
QuantileTransformer,304,3,83.80930423756861,99.36223349745502,73.12008038854462,0.2213226121290997,0.8399321831056148,0.9940512723667437,0.7271879533052428,0.9237017631530762,0.261826753616333
QuantileTransformer,307,3,83.12727594162335,99.31516615319617,67.71395076201642,0.20044017670978864,0.8011470303055309,0.9947743224550438,0.6706154590039373,0.9308183193206787,0.2189786434173584
QuantileTransformer,310,3,81.17449608345804,99.28055284399736,62.72316194942221,0.1984652217952064,0.7625408069643886,0.9975436833584548,0.6171513435103958,0.43317675590515137,0.23181581497192383
QuantileTransformer,313,3,83.13481593559902,99.30764867691235,77.61179031987942,0.22174424351682068,0.8705253370525337,0.9911777679752978,0.7760585756717552,0.7967116832733154,0.2439122200012207
QuantileTransformer,316,3,82.91216378507545,99.31735646018463,72.07502930832356,0.23436550825272978,0.8323311143736299,0.9963407000818527,0.7146853629895696,0.5890421867370605,0.23732829093933105
QuantileTransformer,319,3,85.18494873072424,99.42178164365872,73.21386702394909,0.24097202773604692,0.840267652052332,0.9963526123821704,0.7264626649167645,0.8372244834899902,0.2330172061920166
QuantileTransformer,322,3,83.8778560841695,99.35216633881186,69.24133311003182,0.22015925558030783,0.8120817729756277,0.9964344900316376,0.6852939144850453,0.8271234035491943,0.23725199699401855
QuantileTransformer,325,3,81.51885569647503,99.28135403504442,66.05928655166639,0.18514089173050555,0.78897057292209,0.9936526255049047,0.6542101264074048,1.1288790702819824,0.26992106437683105
QuantileTransformer,328,3,83.43467540115105,99.35781165660651,73.15692513816782,0.23245713877762433,0.8400079856258734,0.9953633610900833,0.7266008150859985,0.9257922172546387,0.21114420890808105
QuantileTransformer,331,3,85.9226587513724,99.42012897772813,75.49154245520013,0.25129342885783534,0.8558766176209892,0.9959202383680954,0.7503626441942391,0.7016208171844482,0.2807290554046631
QuantileTransformer,334,3,85.69889495964244,99.43286531829176,74.87523027968514,0.24078978890175326,0.8518086808779659,0.9951530258966902,0.7445603370864129,1.3019366264343262,0.31563830375671387
QuantileTransformer,337,3,83.53631582324658,99.31942346680654,74.58382180539273,0.23885540228495425,0.849831783099149,0.9951334816462737,0.7415555709055743,1.4216222763061523,0.34023571014404297
QuantileTransformer,340,3,86.4690783198762,99.49569635559791,76.65382682967677,0.2471813073120545,0.8638086677869397,0.9946004319654428,0.7634178351868481,2.2017290592193604,0.31459593772888184
QuantileTransformer,343,3,83.43203812822007,99.30905448015821,68.12594205325742,0.21312255530000437,0.803955500618047,0.9962217910752579,0.6738965255232438,1.8061680793762207,0.33855104446411133
QuantileTransformer,346,3,87.00859421316387,99.49372939738707,76.5801373304304,0.2618158008942073,0.8631166797180893,0.996293952815692,0.7613455826483387,1.3116567134857178,0.3805582523345947
QuantileTransformer,349,3,86.62469658903245,99.44961096778063,77.13950762016412,0.2635668710578043,0.8668526502662947,0.9960546962564447,0.7673205774677074,1.6128830909729004,0.36342310905456543
QuantileTransformer,1,5,76.41657780564633,99.08077265240591,55.19678445821471,0.14349519146266682,0.7011216874469322,0.9929746835443038,0.5418595012778891,1.5705456733703613,0.07876276969909668
QuantileTransformer,4,5,80.48581518987945,99.25879791186688,64.58549656673924,0.1976328071151579,0.7772839298127356,0.9962740968734813,0.6372176555916281,2.15499210357666,0.06930065155029297
QuantileTransformer,7,5,79.30697527257632,99.22778197432717,58.3922291073522,0.18548339721207532,0.7272647433364071,0.998191899710704,0.5720107757132002,2.1523637771606445,0.0434718132019043
QuantileTransformer,10,5,21.31238904191631,93.94094919477905,3.882096801205828,0.01647001964523615,0.01766397370943448,1.0,0.008910685915590246,2.7980079650878906,0.10441899299621582
QuantileTransformer,13,5,74.14394235657356,98.84271259971685,64.01272818623346,0.12398388224415427,0.7746738811291473,0.9861704399829133,0.6378738688954894,3.8072121143341064,0.11698460578918457
QuantileTransformer,16,5,81.34634048098185,99.2389891673306,69.5260425389382,0.18124890785414788,0.8149458953705964,0.9912419594260267,0.6918905850659667,3.2207014560699463,0.12679386138916016
QuantileTransformer,19,5,82.43087297490597,99.26587988179188,81.38335287221571,0.22517845393515562,0.8948861487253196,0.9890059359585319,0.817123713476549,3.756154775619507,0.08555293083190918
QuantileTransformer,22,5,81.84095948589123,99.33072573447508,68.01205828169485,0.20271504446685365,0.8033279789118168,0.99489900020404,0.6736202251847758,3.4697113037109375,0.17057132720947266
QuantileTransformer,25,5,71.07314277145339,98.73287646284892,51.053424886953614,0.11798642578210033,0.6646471600688468,0.9904247315505096,0.5001381501692339,4.7502007484436035,0.1357285976409912
QuantileTransformer,28,5,77.86428348169399,99.05234682414059,69.29492547312009,0.15968794499736358,0.8136826487266519,0.9886402923889959,0.6913379843890308,2.559286117553711,0.10063028335571289
QuantileTransformer,31,5,83.83407467024314,99.28367313155175,75.84994138335287,0.23431955411958832,0.8585553419390277,0.9937329700272479,0.7557505007943635,4.742846727371216,0.05152606964111328
QuantileTransformer,34,5,75.56159347097086,99.02608777979326,64.56874895327415,0.16545598417498975,0.7779596977329974,0.9917050198009205,0.6400151965186157,3.110464334487915,0.05600619316101074
QuantileTransformer,37,5,77.90876829617679,99.09959506906914,64.3510299782281,0.16746230836356266,0.7762148068714649,0.9920988981456598,0.6374939559300961,3.8987679481506348,0.0540621280670166
QuantileTransformer,40,5,60.93447856399262,98.07466892853722,31.890805560207667,0.07213000426791338,0.46163621922160447,0.9888838475499092,0.30109829384541,4.122938871383667,0.2705836296081543
QuantileTransformer,43,5,63.48234870927338,98.22849879718369,48.789147546474624,0.06073882864315332,0.6458174068153913,0.9807218743403926,0.48141880223803274,4.348297834396362,0.1104116439819336
QuantileTransformer,46,5,83.14354040244632,99.33437273555934,80.57611790319879,0.2514575185675777,0.8894986566054993,0.9921360255047822,0.8061062374801409,3.303389072418213,0.12193632125854492
QuantileTransformer,49,5,70.83808240511931,98.73180369906666,49.79065483168649,0.10587750005058646,0.6533302497687327,0.988730225395492,0.48784278510741175,4.142034530639648,0.1745164394378662
QuantileTransformer,52,5,68.2060456875336,98.60337379265259,54.717802713113386,0.09283078794597963,0.6987543730641531,0.9846762544746593,0.5415141258548042,3.5778822898864746,0.1578664779663086
QuantileTransformer,55,5,59.31476749410849,97.96780502819793,42.177189750460556,0.06576742958103078,0.5794128395663296,0.9834587709866843,0.4106859155902466,3.3631751537323,0.21491146087646484
QuantileTransformer,58,5,81.85500833079253,99.2439250547513,66.07938368782449,0.19086679688227393,0.7889900610505699,0.9944324806975157,0.6538992885266285,2.102890968322754,0.12387919425964355
QuantileTransformer,61,5,72.42296652265674,98.83210354257915,58.33863674426394,0.11825235634524311,0.7289841809386848,0.9874852420306965,0.5777440077364094,2.140390157699585,0.13029980659484863
QuantileTransformer,64,5,77.79095349452847,99.13658542081437,60.616312175514985,0.15470005971594106,0.7467367423426529,0.9921016483516484,0.598673758375354,2.378671884536743,0.11790680885314941
QuantileTransformer,67,5,69.73491650462898,98.58659591526302,67.53977558197957,0.11656313253593915,0.8016456188468387,0.9839220218057579,0.6763486910271465,3.015181541442871,0.1394977569580078
QuantileTransformer,70,5,69.61312279411094,98.63832499642852,51.88075699212862,0.10285178651465358,0.6729052823315118,0.9873713751169317,0.5103612626925468,3.142580032348633,0.14953851699829102
QuantileTransformer,73,5,67.82166507446425,98.59845742389976,56.17149556188244,0.0937832448122633,0.7113709054814161,0.9843721384530859,0.5569178697243904,2.895233154296875,0.12577605247497559
QuantileTransformer,76,5,66.13718557132646,98.29652629275718,47.194774744598895,0.09335123728896211,0.6289278568906673,0.9873623531150691,0.4614215652414174,3.422421932220459,0.13242149353027344
QuantileTransformer,79,5,64.42527344648717,98.3543917739753,53.1334784793167,0.07605427385912525,0.6853184598776538,0.982333978078659,0.5262139946121434,3.440422773361206,0.20612549781799316
QuantileTransformer,82,5,73.97031166662846,98.96642651655661,46.61195779601407,0.13492389682012854,0.621194476792547,0.9958850872513907,0.45137114042964704,3.6462697982788086,0.14278173446655273
QuantileTransformer,85,5,80.2463925901217,99.19683566235322,64.07636911740077,0.16883911207764588,0.7740345110928513,0.9924361121616511,0.6344201146646404,4.233282804489136,0.1222987174987793
QuantileTransformer,88,5,73.30500207110255,98.77769977481104,64.48836040864177,0.13508521878313465,0.778089417280643,0.9875146105621082,0.6419492988878911,3.717310667037964,0.09270954132080078
QuantileTransformer,91,5,74.30306612877543,98.92295526583423,62.743259085580306,0.138376557418071,0.7643282412017713,0.988707997588116,0.622953650618222,3.594313621520996,0.2727367877960205
QuantileTransformer,94,5,65.40733178741095,98.47149523327627,44.10986434433094,0.09692369721095562,0.5978308026030369,0.9893107849393746,0.42833459970988463,4.69312310218811,0.20838141441345215
QuantileTransformer,97,5,80.43165718027838,99.22211067153728,68.43744766370791,0.18136503108441865,0.8069413427851421,0.991840846134475,0.6801478206810804,2.589102029800415,0.28960537910461426
QuantileTransformer,100,5,50.40800107208212,97.37480428804925,13.35454697705577,0.059894921143698834,0.19263420724094882,1.0,0.10658285556399806,2.6626503467559814,0.13692235946655273
QuantileTransformer,103,5,66.76480861333339,98.4291148963895,52.33629207837883,0.10262675272818628,0.677075296146689,0.9871625198517734,0.5152310561580438,1.9653279781341553,0.18497395515441895
QuantileTransformer,106,5,65.42859863366263,98.34647452485001,46.62535588678614,0.08401454194155536,0.6237752331483887,0.9857473322886352,0.45624093389514403,3.1127114295959473,0.1458437442779541
QuantileTransformer,109,5,79.15883949871268,98.98043237125084,69.7705576955284,0.1771539395337101,0.8168070638384248,0.9905962286445769,0.6948953512468052,2.831686496734619,0.2371828556060791
QuantileTransformer,112,5,81.85807301060115,99.25742545216818,69.55283872048234,0.20014291309359508,0.814769531727595,0.9936381709741551,0.6904745458313186,2.8850150108337402,0.16062450408935547
QuantileTransformer,115,5,82.27523553952203,99.22322319360947,74.66755987271813,0.2049795753993531,0.8509136785665005,0.9911825487944891,0.7454237756441252,2.464719295501709,0.12569975852966309
QuantileTransformer,118,5,64.49515542929015,98.44306471279378,46.357394071344835,0.09722996049178284,0.6204886371714969,0.9884484711211778,0.4521655039027423,2.208867073059082,0.16633868217468262
QuantileTransformer,121,5,74.29753858870785,98.94577667319793,57.327080890973036,0.14234518166259952,0.7196302816901409,0.9917505762465122,0.5646888167438006,2.324354887008667,0.16625142097473145
QuantileTransformer,124,5,79.91562949903238,99.17655661852855,69.89114051247697,0.17894308333923192,0.8176488487676234,0.990757583206332,0.6960350901429855,1.9199278354644775,0.11831068992614746
QuantileTransformer,127,5,79.4960692750267,99.17442145203225,65.63389716965332,0.17599213742867897,0.78592889334001,0.9926214820280383,0.650480071838088,2.5079216957092285,0.19925951957702637
QuantileTransformer,130,5,83.90107405240062,99.34680307643038,78.24150058616647,0.21856140799432341,0.8747155255544841,0.9904350104821803,0.7832078469296125,1.1291160583496094,0.13576912879943848
QuantileTransformer,133,5,74.32363915758448,98.85471128836164,69.8743928990119,0.14833443651373684,0.8181119559941757,0.986971796623402,0.6985908682738137,1.2838661670684814,0.1327991485595703
QuantileTransformer,136,5,81.40577495306766,99.1519337870231,76.22173840227767,0.19779937921420737,0.8615612628951422,0.9894736842105263,0.7629343095945292,1.783968448638916,0.12089872360229492
QuantileTransformer,139,5,79.3541126929723,99.0979172229429,71.42187238318539,0.1806387033209877,0.8286265215120716,0.9901593701996928,0.7124058851972094,1.4298818111419678,0.13634586334228516
QuantileTransformer,142,5,69.20847581187564,98.71497334759415,44.99748785798024,0.11590491230580044,0.6059180685881591,0.9928430987023201,0.43600193410236926,1.0581920146942139,0.14936447143554688
QuantileTransformer,145,5,75.44740875284819,99.0289683200784,64.90370122257578,0.15723191108146664,0.7807582859055909,0.9903917613334748,0.6443669268494854,1.0914428234100342,0.1314103603363037
QuantileTransformer,148,5,77.9348132829931,99.08072259116108,64.49170993133478,0.16922093423630102,0.7772665195923941,0.992275092537954,0.638840920080127,1.0949571132659912,0.126434326171875
QuantileTransformer,151,5,84.22905037398293,99.3773629199119,70.75196784458214,0.1993837659386621,0.8234889832221548,0.9928348605966075,0.7034951992816191,0.95782470703125,0.1589336395263672
QuantileTransformer,154,5,71.50294351091713,98.79118593764615,52.711438619996656,0.12970530196132374,0.6794132340251601,0.9917793688676744,0.5166816329350004,1.3976755142211914,0.14295744895935059
QuantileTransformer,157,5,70.70681674487382,98.778164736805,50.55099648300118,0.11624331455945923,0.6600345423143351,0.9903254785432934,0.4949575188229606,1.3040220737457275,0.14876580238342285
QuantileTransformer,160,5,66.90723285134361,98.5544617253089,29.35521688159437,0.0944208152020915,0.4279475982532751,0.9967150979153506,0.2724666712716723,0.6300625801086426,0.13851523399353027
QuantileTransformer,163,5,55.76386157169046,97.6792715858073,67.26176519845922,0.03033851180374977,0.8013899049012436,0.9733932273669661,0.6810457967811011,1.0724012851715088,0.11980724334716797
QuantileTransformer,166,5,67.47814685884312,98.61938525432961,46.97705576955284,0.10412351362266142,0.6262807497993296,0.9895553566099672,0.45810596117980246,0.9418325424194336,0.15019011497497559
QuantileTransformer,169,5,69.27963234882043,98.74240531728056,56.7844582147044,0.14100355726084726,0.715024075628396,0.9917892156862745,0.5590246598052082,1.4753432273864746,0.15095162391662598
QuantileTransformer,172,5,75.4573694413819,98.82863706721209,72.32624351029978,0.1712047593672874,0.8351885098743268,0.9885719682659615,0.7230089106859156,0.8851261138916016,0.1206207275390625
QuantileTransformer,175,5,83.94387990533724,99.38123440087533,74.7613465081226,0.226614883726177,0.8512368956190401,0.9935935843665022,0.7445603370864129,0.8333694934844971,0.18434429168701172
QuantileTransformer,178,5,72.72961083281324,98.8865518148675,46.9268129291576,0.12402801329002779,0.6248372203149047,0.9935245839921693,0.4557228707605167,1.2363996505737305,0.14573359489440918
QuantileTransformer,181,5,71.41759054911778,98.83813889968381,47.79098978395579,0.12427249003805624,0.633307455242666,0.9931380506160997,0.46487531947226635,1.324051856994629,0.13728570938110352
QuantileTransformer,184,5,75.36777882663894,99.00401447115361,56.99882766705744,0.15285354710233298,0.7164627412871594,0.993629012496937,0.5601989362436969,1.3409364223480225,0.1507267951965332
QuantileTransformer,187,5,65.50596502838097,98.59891696651651,41.671411823815106,0.12513708552810915,0.5707877353840086,0.9966431399552419,0.3999102023899979,1.1481897830963135,0.16815519332885742
QuantileTransformer,190,5,68.82889825546695,98.72444120005352,44.81326410986434,0.12806179413176388,0.6034275261156309,0.9954733163913596,0.43292809283691375,1.220489740371704,0.1693732738494873
QuantileTransformer,193,5,78.08825426868307,99.12900445719399,57.98358733880422,0.15666535343445578,0.7247432634073554,0.9937417258394512,0.5703529736823928,1.1471409797668457,0.17122721672058105
QuantileTransformer,196,5,72.28399220563186,98.86672748041205,55.49154245520014,0.12584410333720894,0.7043431826272695,0.9898686679174484,0.5466602196587691,0.9868838787078857,0.18703460693359375
QuantileTransformer,199,5,82.99813964927489,99.34718045592574,70.30648132641099,0.20039116503577067,0.8202518299235588,0.9932236680579426,0.6985908682738137,1.3866171836853027,0.15894317626953125
QuantileTransformer,202,5,66.74851540316888,98.64335069149524,43.86534918774075,0.12093659850480719,0.5940656412740705,0.9944854431919552,0.4235338813290046,1.127993106842041,0.16002774238586426
QuantileTransformer,205,5,77.0823608069963,99.07794382169774,62.80690001674761,0.15169449043478583,0.7644763076400968,0.9906002638522428,0.6224010499412862,1.4837656021118164,0.15107321739196777
QuantileTransformer,208,5,74.07444561494727,98.95806941221198,61.47378998492715,0.15048810472836704,0.7538310076192107,0.9910523353967361,0.6082406575948055,1.0627129077911377,0.17100048065185547
QuantileTransformer,211,5,79.9628378344708,99.2230613018399,66.4545302294423,0.18929867521374114,0.7918874550630676,0.9940007303458709,0.6580783311459557,0.948627233505249,0.16054010391235352
QuantileTransformer,214,5,67.48011906367304,98.68573796762865,43.939038686987104,0.12681733129912404,0.5945199505778036,0.9956990992453136,0.42377564412516405,1.149505615234375,0.14156556129455566
QuantileTransformer,217,5,78.2885528478446,99.12630467612387,62.90403617484508,0.16699836469441406,0.7648370315320098,0.992778788379913,0.6220211369758928,1.1379330158233643,0.17522931098937988
QuantileTransformer,220,5,82.45976031328962,99.3441213017779,76.6605258750628,0.22631914604334677,0.8641291630918025,0.9922973578145992,0.7652828624715066,0.6223597526550293,0.16605162620544434
QuantileTransformer,223,5,75.03881544433028,99.00333922801734,58.486015742756656,0.15679988821031138,0.7289862678212192,0.9935033973059959,0.5757062927402086,1.1011466979980469,0.19271159172058105
QuantileTransformer,226,5,81.12945353174928,99.24148542403938,61.487188075699216,0.1742437105606186,0.7532618025751073,0.9946163436472855,0.6061684050562962,0.7436413764953613,0.1878833770751953
QuantileTransformer,229,5,80.36677183303578,99.24955683929512,65.10467258415676,0.18325764999188296,0.7816756779412382,0.9939245363461948,0.644125164053326,1.212651252746582,0.18155336380004883
QuantileTransformer,232,5,85.04093369581524,99.42936212273753,69.56958633394741,0.21814125249369842,0.814535061753598,0.9959562677849334,0.6890239690543621,1.1994035243988037,0.16175389289855957
QuantileTransformer,235,5,80.66951964910164,99.26883050677304,64.535253726344,0.19293103990088797,0.7770102354576471,0.9956282383419689,0.6371140429647026,1.0511517524719238,0.20076584815979004
QuantileTransformer,238,5,82.74550768538897,99.33468980119751,64.70272986099481,0.18699490216330347,0.778464513958964,0.9946814225851509,0.6394625958416799,0.990900993347168,0.1711721420288086
QuantileTransformer,241,5,71.15311768976117,98.75541927499809,57.29693518673589,0.12713703711427457,0.7198822314503548,0.989310948728788,0.5657940180976722,0.968390703201294,0.22157001495361328
QuantileTransformer,244,5,79.83416919807814,99.26483866616984,65.07117735722659,0.20139608913287124,0.7809703843730309,0.9965158662092625,0.6420874490571251,1.2302675247192383,0.16926240921020508
QuantileTransformer,247,5,81.26499517739379,99.2523045388418,63.77491207502931,0.17568820148022124,0.7714931648672062,0.993578231292517,0.6305519099260897,0.48523855209350586,0.20967721939086914
QuantileTransformer,250,5,74.89853207395373,99.05521184903296,50.51080221068498,0.15631785577082088,0.6579465215881468,0.9978231865739765,0.49077847620363335,1.2259349822998047,0.20856571197509766
QuantileTransformer,253,5,85.43437610133935,99.41670540473494,83.03466755987272,0.26708901662914497,0.9048772700809435,0.9916848474869304,0.8320439317538164,1.4391186237335205,0.2305927276611328
QuantileTransformer,256,5,77.52284671840066,99.10144069817291,57.909897839557864,0.16005588722979036,0.7240061497913464,0.9943291505791506,0.5692477723285211,1.0253911018371582,0.2797579765319824
QuantileTransformer,259,5,79.62142023740518,99.20429019587662,57.90654831686485,0.1743812460071387,0.723504433345801,0.9966660604958477,0.5678662706361816,0.9519312381744385,0.17551064491271973
QuantileTransformer,262,5,83.92418277313388,99.40361377830679,71.97119410484007,0.22487605483659204,0.8317584140898308,0.9952367205542725,0.7144090626511017,1.3102786540985107,0.1739330291748047
QuantileTransformer,265,5,80.52475521468973,99.25669732901643,62.890638084073025,0.1806801421717779,0.764361826573367,0.9947959918064552,0.6206050977412447,1.1157596111297607,0.20566916465759277
QuantileTransformer,268,5,73.59286731136234,98.91759247560061,51.36158097471111,0.13489745387292795,0.6668043413414102,0.9933684282491283,0.5018304897423499,1.2816436290740967,0.15723800659179688
QuantileTransformer,271,5,84.95186823571117,99.37039367606695,67.46943560542623,0.20071388999001044,0.799305670358737,0.9949583290461982,0.6679560682461836,0.9088282585144043,0.1981370449066162
QuantileTransformer,274,5,83.31532538466429,99.32472274029962,74.19862669569586,0.20639061340204107,0.8476674511044753,0.9916254106324897,0.7402086067555432,1.341876745223999,0.19074773788452148
QuantileTransformer,277,5,77.68119425838083,99.08584929398229,61.00485680790487,0.15038639385995958,0.7500322068106668,0.9912599318955733,0.6032327139600746,1.0260331630706787,0.20019316673278809
QuantileTransformer,280,5,83.8285260473251,99.38941210753593,65.93535421202479,0.19954079096550884,0.7876826722338205,0.9957246912276998,0.6515507356496512,1.1262497901916504,0.20514535903930664
QuantileTransformer,283,5,83.79898897382253,99.3595244199364,70.02847094289064,0.2141759292134823,0.8179672878183741,0.9951489951489951,0.6943427505698695,1.5409047603607178,0.2340986728668213
QuantileTransformer,286,5,84.78002000494183,99.43687459634437,71.59604756322224,0.2265207329170558,0.8290529371447002,0.9956904900251792,0.7101954824894661,1.1762497425079346,0.19957780838012695
QuantileTransformer,289,5,84.51665303692329,99.37129510048874,74.99581309663374,0.2226053656729314,0.8529035054877928,0.9929800412938747,0.7474614906403261,0.42608046531677246,0.21745920181274414
QuantileTransformer,292,5,84.35919289328544,99.37924000988018,66.40428738904706,0.20556641838842352,0.7911286963765097,0.9962760935697053,0.6560406161497547,1.4952590465545654,0.22142601013183594
QuantileTransformer,295,5,77.1049443730907,99.09121973997058,60.46893317702228,0.17809196666654162,0.7448326558851509,0.9957798589432304,0.5949091662637287,1.4224085807800293,0.2364647388458252
QuantileTransformer,298,5,80.23377162918379,99.22001914033316,62.42505442974377,0.18308865921843592,0.7605754044478593,0.9954189944134079,0.6153899288526629,0.873260498046875,0.21168255805969238
QuantileTransformer,301,5,83.49535567803711,99.36116626428712,73.03969184391225,0.224337748904101,0.839318866907552,0.9944652064903733,0.7260482144090626,0.9584636688232422,0.23166465759277344
QuantileTransformer,304,5,81.61919664833277,99.27025245771448,66.9502595880087,0.18531370803275155,0.7957354311147914,0.9931786470983411,0.6637770256268564,1.1601858139038086,0.1904277801513672
QuantileTransformer,307,5,85.30508456254657,99.41303280696843,74.05124769720315,0.21810249734830006,0.8464694108087755,0.9930713787491281,0.7375837535400981,1.2184271812438965,0.25961875915527344
QuantileTransformer,310,5,74.11010821482151,98.87086405250045,63.68112543962485,0.1532651043365988,0.7713363841498133,0.9904142973192527,0.6316225737376528,1.6822946071624756,0.21955657005310059
QuantileTransformer,313,5,86.05252527699608,99.42791964634806,69.51264444816614,0.21897178893643438,0.814100731179282,0.9961015593762494,0.6883332182081923,1.3357529640197754,0.2611353397369385
QuantileTransformer,316,5,88.03755614650572,99.52969280232425,75.79634902026461,0.24270862596917006,0.8580743999685745,0.9947176684881603,0.7544380741866409,0.881462812423706,0.24221491813659668
QuantileTransformer,319,5,84.78707509335679,99.37003985554273,73.59236308825993,0.22972387242610423,0.8430982327654832,0.9947403024326101,0.731574221178421,1.312037706375122,0.22903895378112793
QuantileTransformer,322,5,83.36648196300811,99.32761418923218,73.3009546139675,0.21891876418325754,0.8412372776704443,0.9936479555827412,0.7293638184706777,1.2642271518707275,0.2520620822906494
QuantileTransformer,325,5,85.23795485004075,99.39736030660164,71.6496399263105,0.2090868513188832,0.8297461479663676,0.9934971098265896,0.7123368101125924,0.7380225658416748,0.28305721282958984
QuantileTransformer,328,5,81.84751241914057,99.28406963795628,67.51967844582147,0.2024753639668931,0.7996446207566272,0.9951658524042171,0.668335981211577,1.3182883262634277,0.2677159309387207
QuantileTransformer,331,5,82.29539457781286,99.26649751017858,69.54948919778931,0.20127032729042052,0.814722726068437,0.993785114105305,0.6903363956620847,2.0906081199645996,0.2922401428222656
QuantileTransformer,334,5,82.71478613901479,99.28500797030662,72.34299112376486,0.21041510659359625,0.8346450385501152,0.993231971783995,0.7197278441666091,1.5022733211517334,0.328235387802124
QuantileTransformer,337,5,85.18900047125922,99.40437748048826,67.56322224083068,0.20495736792618838,0.7999173553719008,0.9954746477424663,0.6685777440077364,1.6026782989501953,0.34232568740844727
QuantileTransformer,340,5,83.13026203989841,99.31712021296126,68.94322559035338,0.20414329599971107,0.810210013509641,0.9945226130653266,0.6835324998273122,1.2998859882354736,0.30943942070007324
QuantileTransformer,343,5,80.69228912760468,99.21236296567815,64.70607938368782,0.18029065928878152,0.7786577040226867,0.9937268779153933,0.6401188091455412,1.6996126174926758,0.3523075580596924
QuantileTransformer,346,5,84.9975126069696,99.39035972520038,66.62200636409311,0.20513824942182723,0.7927972885866966,0.9960812999634254,0.6584237065690406,1.3231148719787598,0.3236277103424072
QuantileTransformer,349,5,83.60493475164441,99.31725897820445,68.98676938536259,0.21007014118149556,0.8104101398529803,0.9952723432077655,0.6834634247426953,1.3304977416992188,0.3365201950073242
RobustScaler,1,0,90.9817455480878,99.69997203674565,84.52855468095797,0.36869688510716075,0.9133347092706906,0.9998356817154829,0.8406092422463217,2.0328164100646973,0.10376358032226562
RobustScaler,4,0,92.40563910284574,99.74463898139284,84.68598224752972,0.3697936980323091,0.9142985678938292,0.9997540378781667,0.8423015818194377,1.7031290531158447,0.05315732955932617
RobustScaler,7,0,92.37931620572783,99.74202808787027,84.73957461061798,0.3704600414660857,0.9146240911475901,0.99975419909873,0.8428541824963736,2.1535167694091797,0.15469980239868164
RobustScaler,10,0,92.06142323653648,99.73349391008426,84.66923463406465,0.3695860205200851,0.9141968018296683,0.9997539874533601,0.8421288941078953,3.5787737369537354,0.19907546043395996
RobustScaler,13,0,93.02209398397412,99.76845896377787,85.10802210684977,0.37554102188067184,0.9168536804308797,0.9997960681947956,0.846618774607999,6.1979756355285645,0.06828594207763672
RobustScaler,16,0,92.1559299886835,99.73721566862123,83.89549489197789,0.3611082657541535,0.9094675001882956,0.9998343959592614,0.8340816467500173,3.3764164447784424,0.23485994338989258
RobustScaler,19,0,92.04405671762098,99.73449086846884,84.56539943058115,0.3678814446123168,0.9135686686423828,0.9997126436781609,0.8410927678386406,4.645549297332764,0.10154581069946289
RobustScaler,22,0,93.3565446572722,99.78023872452675,87.18807569921286,0.4019871922518523,0.9293041308566676,0.9995626416444674,0.8682738136354217,4.269883871078491,0.09775137901306152
RobustScaler,25,0,92.2165949325874,99.74152247360806,84.98743928990119,0.3744266924574727,0.916120821948572,0.9998366013071895,0.8453408855425848,5.63702917098999,0.11255431175231934
RobustScaler,28,0,92.07018411921638,99.7336574457615,84.92379835873388,0.37192252026652645,0.9157478988450667,0.9996730557031346,0.8448228224079575,7.1803460121154785,0.08156228065490723
RobustScaler,31,0,93.2189273091682,99.77216333686476,87.47948417350527,0.40254161595763166,0.9310459324847814,0.9992081089642065,0.8715894176970367,4.998197555541992,0.11598610877990723
RobustScaler,34,0,91.65035173477743,99.7193391267965,85.41952771730028,0.3787307908047411,0.9187403162276689,0.9997156205565711,0.8498998411273054,5.09592866897583,0.18294525146484375
RobustScaler,37,0,91.94430608557629,99.73504836314886,83.89549489197789,0.36152787740714487,0.9094640906865514,0.9998757866843325,0.8340471092077087,5.416027784347534,0.3155355453491211
RobustScaler,40,0,91.9074091806384,99.72419181416431,85.01758499413835,0.37055911722187623,0.9163346613545816,0.9994287812640255,0.8459970988464461,4.607900619506836,0.0756216049194336
RobustScaler,43,0,92.71545350706316,99.75529730266842,85.65399430581142,0.3801261116629227,0.9201632896527299,0.99955452962378,0.8524556192581336,5.512297868728638,0.10999345779418945
RobustScaler,46,0,92.05455214390739,99.73084832250231,85.45972198961648,0.37925936792665405,0.9189824751311099,0.9997157591261624,0.8503142916350073,4.6172449588775635,0.08154678344726562
RobustScaler,49,0,92.15863626003419,99.72753402136715,86.7626863171998,0.3925987743819892,0.9268039709586605,0.9992810927390366,0.864129308558403,4.257859706878662,0.08289098739624023
RobustScaler,52,0,92.49877738633526,99.74449876663812,83.74811589348518,0.35813385003461995,0.9085735820614284,0.9997097362746724,0.8326656075153692,3.6778008937835693,0.10348296165466309
RobustScaler,55,0,92.3937004596138,99.73932512807694,86.71244347680455,0.3944679163280519,0.9264893912721208,0.9995202111071129,0.8634040201699247,4.719546318054199,0.14713406562805176
RobustScaler,58,0,92.69179471559504,99.75965706480963,85.26544967342153,0.3784233006110892,0.9177987480145754,0.9998778551361915,0.8481729640118809,4.578890085220337,0.1674211025238037
RobustScaler,61,0,93.74652755869715,99.78347657549477,84.99413833528722,0.37111266416266175,0.9161864850707176,0.9995101640950281,0.8456862609656697,3.8157362937927246,0.13566255569458008
RobustScaler,64,0,91.95099318241948,99.72762857442675,85.41282867191426,0.3786428583806019,0.9186999458621913,0.9997155974485028,0.8498307660426884,5.074543237686157,0.10380005836486816
RobustScaler,67,0,91.57724407585317,99.70894690903134,85.02428403952436,0.3723459654527552,0.9163626840264137,0.9995918867077501,0.8459280237618291,6.395227432250977,0.18453693389892578
RobustScaler,70,0,92.17263143949793,99.72923812593962,84.9907888125942,0.370219398028011,0.9161724815265176,0.9994285947512347,0.8457207985079782,5.3672168254852295,0.12157344818115234
RobustScaler,73,0,92.12925826622151,99.72797694269889,86.15642270976386,0.38568508801175944,0.9231827221530398,0.9994365970461588,0.8577398632313324,4.558834791183472,0.1623702049255371
RobustScaler,76,0,92.01945494775019,99.72038242829335,86.21336459554514,0.38561617270203036,0.9235285374554102,0.9993566546039405,0.8583960765351938,4.98233962059021,0.1025397777557373
RobustScaler,79,0,91.46068082887342,99.7066892298596,84.13666052587506,0.3614316311782318,0.9109640547450745,0.9995874247050086,0.8367755750500795,4.4389708042144775,0.31569480895996094
RobustScaler,82,0,92.67732996355274,99.74590434665186,84.25724334282366,0.36287209231058803,0.9117006087021868,0.9995880365823515,0.838018926573185,6.500718116760254,0.2277228832244873
RobustScaler,85,0,93.76961902982548,99.78925818221576,88.19293250711773,0.4038363991140213,0.9352842901466889,0.9983147168332354,0.8797402776818402,4.410897970199585,0.21128106117248535
RobustScaler,88,0,92.31709496413501,99.73047946253298,86.39423882096801,0.38945724662624565,0.9245990495990496,0.9994782887872221,0.8601574911929267,4.7080161571502686,0.32718610763549805
RobustScaler,91,0,91.95158350223251,99.71894125429846,86.8229777256741,0.3934826192888127,0.9271616367339381,0.9992816091954023,0.8647509843199558,3.1769497394561768,0.15917325019836426
RobustScaler,94,0,91.30922738099555,99.7105033650554,83.63423212192262,0.3580770407644319,0.9078634735055628,0.9998338594450905,0.8313877184499551,3.695225477218628,0.17227625846862793
RobustScaler,97,0,91.57198677959612,99.70662673455485,86.46792832021437,0.39007388198615756,0.9250408193557963,0.999438697778847,0.860951854666022,5.944655179977417,0.2461714744567871
RobustScaler,100,0,92.96456080167576,99.75292334591639,85.0510802210685,0.3726870550142418,0.9165248293275975,0.9995920199094285,0.846204324100297,6.270280838012695,0.12374258041381836
RobustScaler,103,0,91.86243371072658,99.70943845541298,86.91676436107855,0.3953017326743112,0.9277148567621586,0.9993222231082051,0.865683497962285,5.172432899475098,0.15464305877685547
RobustScaler,106,0,92.38360944073176,99.74321358803527,86.36744263942388,0.3886455485777176,0.924442134184829,0.9994380218368658,0.8599157283967673,5.137982606887817,0.47323155403137207
RobustScaler,109,0,92.82095975728504,99.75129094650993,82.31786970356724,0.3398966520450792,0.8997436140917292,0.9994514999367116,0.8181253022034952,5.5662524700164795,0.14560174942016602
RobustScaler,112,0,93.58614839858119,99.76710346359286,86.17317032322894,0.38548707690192086,0.9232856346404014,0.999396523978114,0.8579470884851834,5.387365818023682,0.2059953212738037
RobustScaler,115,0,92.27153492427846,99.72959754277018,85.6874895327416,0.3788597347294591,0.9203764092052549,0.9993929828821173,0.8529391448504524,4.137767791748047,0.14476752281188965
RobustScaler,118,0,91.58526514214402,99.70764753361856,84.81326410986433,0.3692600368934174,0.9150872724548655,0.9995499549954996,0.8437866961387027,3.4394617080688477,0.16776371002197266
RobustScaler,121,0,91.84857269485671,99.716859748378,84.64243845252052,0.36713742981123504,0.9140500515512232,0.9995490139805666,0.8420252814809698,3.503802537918091,0.24631595611572266
RobustScaler,124,0,92.56741548096076,99.73177992523726,86.33394741249371,0.38644411691717717,0.9242536759245508,0.9992773986350864,0.8597085031429164,4.6920647621154785,0.13558578491210938
RobustScaler,127,0,93.07290748684218,99.76035075094367,84.33093284207001,0.36206935650613153,0.9121634308460701,0.9994239631336406,0.8389169026732057,5.753745079040527,0.2196788787841797
RobustScaler,130,0,93.17105773887425,99.76974756865347,84.33763188745603,0.3651056123013162,0.912181196709612,0.9997118392886547,0.8387442149616633,5.949955940246582,0.22263383865356445
RobustScaler,133,0,90.40531358363455,99.66892620542794,85.14486685647296,0.37346063038187555,0.9170950556126741,0.9995517705064993,0.8472059128272432,4.741514444351196,0.28405237197875977
RobustScaler,136,0,93.50304363529061,99.77636186690337,86.44113213867024,0.3896918035863332,0.9248812351543944,0.9994385176866929,0.860675554327554,3.5377986431121826,0.13324451446533203
RobustScaler,139,0,93.18635047195302,99.75632154526775,86.25355886786133,0.3870413398501356,0.9237628176549264,0.9994372537985369,0.8587414519582787,5.206994295120239,0.29749608039855957
RobustScaler,142,0,93.0200776968205,99.76040889319849,84.67593367945068,0.36627967345733836,0.9142632259515376,0.9994263940672757,0.8424742695309801,5.416540145874023,0.32928013801574707
RobustScaler,145,0,92.95455986406391,99.74938372435805,83.75816446156422,0.35657202405568145,0.9086490457979315,0.9995440792473163,0.8329073703115286,3.579899787902832,0.21504426002502441
RobustScaler,148,0,91.57017173783329,99.70373700354736,85.72098475967175,0.3801661629004944,0.9205716308621043,0.9994740462030182,0.8532154451889203,5.485206365585327,0.18270540237426758
RobustScaler,151,0,91.25394814707428,99.69622541572541,85.22190587841233,0.3744520973139219,0.9175604469524272,0.9995521901970363,0.8480002763003385,5.086744070053101,0.3042130470275879
RobustScaler,154,0,92.10605946421808,99.73264109312406,83.68447496231786,0.3578178665600658,0.9081792305227243,0.9997509856816768,0.8319748566691995,4.639345407485962,0.1537015438079834
RobustScaler,157,0,91.1110179206529,99.69413955073205,83.71462066655502,0.35690807576059375,0.9083747927031509,0.9996267109083368,0.8323893071769013,4.917144060134888,0.2003169059753418
RobustScaler,160,0,91.3342738073489,99.71054175139862,84.16010718472617,0.36423728608211886,0.9110872957677628,0.9998349358313044,0.8368101125923879,5.2680504322052,0.27480125427246094
RobustScaler,163,0,92.45306976652546,99.74904114988227,83.76486350695026,0.36000460253932814,0.9086626340286807,0.9998755857836022,0.8327001450576776,4.438082933425903,0.2997891902923584
RobustScaler,166,0,90.56096635200066,99.67804221976351,84.1433595712611,0.3623537550845273,0.9109983079526227,0.9996699125268196,0.8367755750500795,3.3525521755218506,0.4051084518432617
RobustScaler,169,0,92.05857321847805,99.73605909477948,84.0428738904706,0.36326380868409736,0.9103668861712135,0.9998760125640602,0.8355667610692823,5.295729637145996,0.25211167335510254
RobustScaler,172,0,90.97618734205591,99.6930766028228,84.07301959470776,0.36193910013884206,0.9105648240449903,0.9997108991037872,0.8360157491192927,6.799967527389526,0.18090033531188965
RobustScaler,175,0,91.24517768128051,99.70237709878296,84.16010718472617,0.362132059275393,0.9111040096246029,0.9996287588169781,0.8369828003039304,4.635357618331909,0.19854426383972168
RobustScaler,178,0,92.04748747237859,99.71918706946174,85.21520683302629,0.3726599244528915,0.9175323219490322,0.9993894993894994,0.8480693513849554,3.5402169227600098,0.18274235725402832
RobustScaler,181,0,94.06990398563238,99.79501276489793,84.95729358566405,0.3723459971317023,0.9159508169108977,0.9996731892642673,0.8451681978310424,5.479861497879028,0.1698606014251709
RobustScaler,184,0,91.25951785284276,99.68718148150099,86.11287891475465,0.3833568606988639,0.9229339380646121,0.9992754789888907,0.8574290253505561,5.001187086105347,0.3624882698059082
RobustScaler,187,0,92.58749785434081,99.73941884293491,84.25054429743761,0.3619479624858469,0.9116663535600226,0.9995056846267919,0.838018926573185,4.095985412597656,0.32553720474243164
RobustScaler,190,0,92.0370342117931,99.72787889328265,83.16529894490036,0.34442566357613735,0.9050443982618552,0.998998998998999,0.8272432133729364,3.2954657077789307,0.1754000186920166
RobustScaler,193,0,92.28511036335564,99.73885552989881,84.8668564729526,0.37162937921049816,0.9153995955359149,0.9997137014314929,0.8442011466464047,4.1211042404174805,0.26776885986328125
RobustScaler,196,0,91.03950105862741,99.67666853464753,84.79986601909229,0.36654470520546234,0.9150250917534267,0.9993047034764826,0.8438557712233198,5.678402423858643,0.22460293769836426
RobustScaler,199,0,91.76666198755161,99.70134944541817,85.53341148886282,0.37552654769720845,0.9194592074592075,0.9992703984435167,0.8514540305311874,4.084773063659668,0.32250308990478516
RobustScaler,202,0,92.11848109638797,99.71677689749784,85.71763523697872,0.3766876107749326,0.9205751965130574,0.9991508976225133,0.8534572079850797,5.8145599365234375,0.13713335990905762
RobustScaler,205,0,93.08143454154421,99.75481355142955,83.83855300619662,0.35750451357586144,0.9091422653234159,0.9995445323175024,0.8337362713269324,4.37642502784729,0.262451171875
RobustScaler,208,0,93.43380372111544,99.7612283510877,85.77457712276001,0.3778811854835177,0.9209139494609039,0.9991918212308563,0.8540098086620156,4.140298128128052,0.25366830825805664
RobustScaler,211,0,89.99129239943309,99.65878608576168,83.76486350695026,0.3574888641683546,0.9086832834077507,0.9996269430051814,0.8329073703115286,6.252962589263916,0.26097774505615234
RobustScaler,214,0,91.67809868261317,99.71741902198582,85.15826494724502,0.37491002398297574,0.9171667320957883,0.9996739883450834,0.8472404503695518,4.130883693695068,0.2408895492553711
RobustScaler,217,0,92.11426644291757,99.70881936577581,84.63238988444147,0.36277251680114275,0.9140212135976913,0.9991396263520157,0.8422670442771293,5.263995170593262,0.2012481689453125
RobustScaler,220,0,93.13145647920844,99.76313665026284,83.70457209847598,0.35721143652634296,0.9083096175955069,0.9996681186475835,0.8322511570076674,4.644955158233643,0.2752518653869629
RobustScaler,223,0,93.33672294458883,99.7650176385616,85.14486685647296,0.3709033446909265,0.9171136486814809,0.9993076202500712,0.8474131380810942,5.98535943031311,0.43004274368286133
RobustScaler,226,0,93.32899320495895,99.75886657898837,84.0830681627868,0.35953192172996096,0.9106464593283442,0.9994634307412911,0.8363265870000691,5.088319778442383,0.19716715812683105
RobustScaler,229,0,93.04312891887066,99.76232834205734,84.0395243677776,0.3615426445988574,0.9103598773444701,0.9997107796554147,0.8356703736962078,4.7910988330841064,0.3335123062133789
RobustScaler,232,0,92.90440951267412,99.74811236680962,84.61229274828337,0.36634215840668416,0.9138700363718175,0.999507874015748,0.8417489811425019,4.1918785572052,0.336458683013916
RobustScaler,235,0,94.79950094209674,99.81611628124499,86.87991961145536,0.39214577501382525,0.9275126302348391,0.9990830442929474,0.8655108102507426,5.005014896392822,0.25891542434692383
RobustScaler,238,0,92.69908171536511,99.75238538239606,84.66253558867861,0.36907976638393497,0.9141593086253117,0.9997129853622535,0.8420943565655868,3.275019884109497,0.21649909019470215
RobustScaler,241,0,95.21618239870247,99.81480593604223,85.49656673923965,0.3758973098736107,0.919231486662936,0.9993510707332901,0.851005042481177,5.301114320755005,0.22359323501586914
RobustScaler,244,0,91.5334703284179,99.70372210562691,84.2672919109027,0.3553831430506291,0.9118215780877467,0.9988483527331058,0.8387442149616633,4.971619606018066,0.3439137935638428
RobustScaler,247,0,92.78727702873178,99.7294925191152,86.63205493217217,0.38592187949358087,0.9260583603520148,0.9988409735821909,0.8631622573737653,4.65925407409668,0.3057246208190918
RobustScaler,250,0,94.16896846672556,99.77923771507918,85.04103165298945,0.3695792585840691,0.9164859002169198,0.9993067449637061,0.846342474269531,4.03312611579895,0.32361912727355957
RobustScaler,253,0,93.34021119802954,99.75156008101004,85.3190420365098,0.372721290288422,0.9181680700509699,0.9992685008330963,0.8492436278234441,4.389753103256226,0.4545004367828369
RobustScaler,256,0,92.51522392632134,99.73724279438476,85.2788477641936,0.37476221504311724,0.9179072417206792,0.9995118577879022,0.8486219520618913,4.978270530700684,0.5081062316894531
RobustScaler,259,0,94.4768317489635,99.80385009772334,85.33244012728186,0.3767384343306347,0.9182213756139467,0.9996340422071321,0.8490709401119017,5.987472295761108,0.389207124710083
RobustScaler,262,0,93.49644278647206,99.76250177930265,84.54530229442304,0.3629778330204493,0.9134820926307894,0.9992615687561536,0.8412654555501831,3.7780942916870117,0.5176749229431152
RobustScaler,265,0,92.41312543138388,99.73841712046655,84.65248702059957,0.3676851474921105,0.9141078993738987,0.9995900295178747,0.8420943565655868,5.616739273071289,0.19393229484558105
RobustScaler,268,0,92.75947066559019,99.73773899550822,83.97253391391727,0.35780831188759454,0.9099734718067393,0.9994214158780014,0.8352213856461974,6.123386859893799,0.2970855236053467
RobustScaler,271,0,92.93010759076914,99.74936738234899,84.13666052587506,0.3597457069891118,0.9109774436090226,0.9994225851686876,0.8369137252193134,4.11552882194519,0.32207560539245605
RobustScaler,274,0,93.21316977436828,99.74612788346309,83.96918439122425,0.3560844729085666,0.9099665149177922,0.9992563212692117,0.8353249982731229,5.817811012268066,0.4205906391143799
RobustScaler,277,0,93.19212525635788,99.74747203383102,85.25540110534249,0.37232470680979446,0.9177810982443033,0.9993085495810624,0.8485528769772743,5.617690801620483,0.40738773345947266
RobustScaler,280,0,92.89630794822695,99.73868800942464,84.80991458717133,0.3658198200462617,0.9150923966973096,0.9992231263033079,0.8440284589348622,6.768881320953369,0.2888658046722412
RobustScaler,283,0,91.85878254435046,99.69520577838735,84.42471947747447,0.3602400002320539,0.9127579737335835,0.9991374353076481,0.8401257166540029,5.374767065048218,0.4930121898651123
RobustScaler,286,0,93.52301867779556,99.77433595652296,85.16161446993803,0.374527390976531,0.9171900702856288,0.9996332817211311,0.8473095254541687,3.6590399742126465,0.4301905632019043
RobustScaler,289,0,91.74153314641916,99.70725644760881,84.02612627700553,0.3584383783868875,0.9103015028118946,0.9994217982075745,0.8357739863231333,2.9264509677886963,0.5313982963562012
RobustScaler,292,0,92.80964784969873,99.72892235207816,85.78462569083905,0.37801637333914423,0.9209742291077014,0.9991919191919192,0.8541134212889411,4.650099039077759,0.5182578563690186
RobustScaler,295,0,92.64489495642252,99.74784169556818,83.65432925808072,0.3566329340713751,0.908000904909132,0.9996679119966791,0.83173309387304,5.604574918746948,0.42342114448547363
RobustScaler,298,0,95.38152561179174,99.84232478611622,85.08122592530565,0.37307162894788726,0.9167071848000897,0.9995921696574225,0.8465151619810735,6.026138544082642,0.28141188621520996
RobustScaler,301,0,93.91769922162884,99.78179639278086,83.68782448501089,0.3557605004185692,0.9082171127026009,0.9995436820708538,0.8321820819230503,5.410104274749756,0.35405802726745605
RobustScaler,304,0,93.05856731527993,99.7582028434491,87.63021269469101,0.4018305915057485,0.9319501004256574,0.9989334386727237,0.8733853698970782,5.2774176597595215,0.34203004837036133
RobustScaler,307,0,93.49812941450931,99.7696716152812,84.69268129291576,0.36691096298328496,0.914361741998351,0.9994674313805817,0.8426124197002142,5.365786075592041,0.39695310592651367
RobustScaler,310,0,92.57383041737067,99.7286360461868,85.60040194272315,0.3764130767824318,0.9198620561096095,0.9992709894293468,0.8521447813773572,5.671947479248047,0.5400915145874023
RobustScaler,313,0,91.10563221067028,99.68800836887384,84.67593367945068,0.3667037043539323,0.9142600123690474,0.9994673222700267,0.8424397319886717,4.154858350753784,0.2397937774658203
RobustScaler,316,0,95.03046740219494,99.82326975129602,84.59554513481828,0.3665595480670869,0.9137649772177533,0.9995487549739509,0.841541755888651,6.5244011878967285,0.27216291427612305
RobustScaler,319,0,91.88849978039337,99.72376863872786,83.70457209847598,0.3551141514959743,0.9083268951742072,0.9994609164420485,0.8324238447192098,5.737935304641724,0.24152326583862305
RobustScaler,322,0,92.50963888757067,99.72147074445749,85.41952771730028,0.37231777043229314,0.9187857982425045,0.9991073240008115,0.8504179042619328,6.18954062461853,0.3016228675842285
RobustScaler,325,0,91.7151757500914,99.70306793296196,83.68782448501089,0.35408201402125516,0.9082309489711313,0.9993779547151033,0.8323202320922843,4.249810695648193,0.4193687438964844
RobustScaler,328,0,93.73774559316676,99.76147657356044,85.6506447831184,0.37622289703098544,0.9201699463327371,0.9991906110886281,0.8527319195966016,2.9184207916259766,0.40653395652770996
RobustScaler,331,0,93.07530709854976,99.74695395092502,85.56355719309998,0.3767818516485291,0.9196345329106843,0.9993515966931431,0.8516957933273468,5.339178800582886,0.40450358390808105
RobustScaler,334,0,94.80512431330281,99.80534450454476,83.91559202813599,0.35756221033903124,0.9096213204848302,0.9994623211183721,0.8345997098846446,4.139057159423828,0.29810023307800293
RobustScaler,337,0,91.83286980450525,99.71523146677164,84.01942723161949,0.3596225321466288,0.9102503809326736,0.9995455484404049,0.8356012986115908,3.303978443145752,0.3998587131500244
RobustScaler,340,0,94.88254820670423,99.80912033613001,84.83336124602245,0.36526155808586613,0.9152409119838268,0.9991417361451692,0.8443392968156386,4.607803106307983,0.267728328704834
RobustScaler,343,0,93.30644413807441,99.76088086491204,85.3826829676771,0.37483186216661984,0.9185425766229888,0.9993907392363932,0.84979622850038,4.780339241027832,0.2675909996032715
RobustScaler,346,0,94.64359134627954,99.79440028581506,84.16680623011221,0.3588382195682624,0.9111716621253406,0.9992992869213965,0.8373281757270152,3.4479000568389893,0.36487507820129395
RobustScaler,349,0,91.95035111379167,99.70822116033702,83.80505777926646,0.35501443482670536,0.9089539591375577,0.9993375015527307,0.83356358361539,5.776758432388306,0.29088449478149414
RobustScaler,1,1,92.19394428469606,99.73277855202174,82.62937531401775,0.34360565319320585,0.9016797482273538,0.9994956287827841,0.8213027560958762,4.513762474060059,0.04685640335083008
RobustScaler,4,1,88.55594510700391,99.5884479020769,77.8127616814604,0.273131316125466,0.8712236090050157,0.9965753424657534,0.7738827105063204,5.7164366245269775,0.08414125442504883
RobustScaler,7,1,88.61378494894538,99.60431589889949,73.53207167978563,0.2700978240820534,0.8420231907237106,0.9996677110035128,0.7273261034744768,4.1022655963897705,0.09627461433410645
RobustScaler,10,1,93.10290646643223,99.74976015880775,75.26377491207504,0.26741501039335047,0.8540831044634566,0.9979683243293161,0.7464599019133799,4.782245397567749,0.0957026481628418
RobustScaler,13,1,92.45089439968194,99.73320773335075,82.23078211354881,0.3106673114902524,0.8994598692314981,0.9965982109109235,0.8195758789804517,4.336003065109253,0.16214871406555176
RobustScaler,16,1,83.13360463000863,99.34744719415274,63.68112543962485,0.19460121096628963,0.7702608216623938,0.996382173984542,0.6277889065414105,7.382989168167114,0.0966176986694336
RobustScaler,19,1,86.44308699849745,99.47331406058677,65.0510802210685,0.1953341123910813,0.7809639768242506,0.9956642757734718,0.64243282448021,4.298461437225342,0.15090060234069824
RobustScaler,22,1,85.60059712765712,99.45830240340298,67.4861832188913,0.1974034701358222,0.7995042858618197,0.9945018241611427,0.6684395938385025,5.7513697147369385,0.08893132209777832
RobustScaler,25,1,80.59174501373336,99.2636484732993,64.60894322559035,0.19997538270891868,0.7774079379792702,0.9965971697094091,0.6372521931339366,4.4985127449035645,0.14455866813659668
RobustScaler,28,1,87.24163445909876,99.53563471434035,67.66705744431418,0.23405857868174498,0.800057996230245,0.999379042690815,0.6670235546038544,4.923460483551025,0.06369709968566895
RobustScaler,31,1,86.328484456611,99.50157767339421,67.90822307821135,0.235693614039881,0.8018366460526588,0.9994328435163702,0.6694757201077571,4.415024757385254,0.07253122329711914
RobustScaler,34,1,89.89582925252402,99.63725397807626,82.682967677106,0.3123581433938228,0.9022942888460521,0.9963272120200334,0.8244802099882572,4.191915273666382,0.11695647239685059
RobustScaler,37,1,85.94342344245842,99.47955837771411,67.61346508122593,0.23303033124358602,0.7996767978121698,0.9992750996737948,0.6665400290115355,6.718783140182495,0.10656046867370605
RobustScaler,40,1,84.33729547814256,99.43068934292477,66.25020934516832,0.2249968493176871,0.7894956754272343,0.9991010998307953,0.6525868619189058,4.243492126464844,0.10290670394897461
RobustScaler,43,1,83.43537113521643,99.36768766296933,65.98894657511305,0.21326018150536674,0.7877685812223059,0.9976177871889889,0.6508599848034814,4.3929123878479,0.12010812759399414
RobustScaler,46,1,76.45606406794596,99.04116077176496,49.9179366940211,0.1602363971139166,0.652165821430233,0.9989310148232611,0.4841127305380949,4.106889486312866,0.14409518241882324
RobustScaler,49,1,85.46697785465054,99.46202160594339,72.33629207837883,0.23478336265766653,0.8341799345473527,0.9962115762719992,0.7174829039165573,6.821062803268433,0.1486814022064209
RobustScaler,52,1,85.63926499203413,99.45379587590124,67.9584659186066,0.2126333895159738,0.802714073585217,0.9962629261799939,0.6721351108655108,4.965704441070557,0.12387681007385254
RobustScaler,55,1,85.14795599464786,99.43049477345932,66.41768547981913,0.2172355028463132,0.790959509611776,0.997895622895623,0.6551081025074256,5.168529272079468,0.13661861419677734
RobustScaler,58,1,70.28044484354493,98.66432094923627,74.08809244682632,0.14491538419853023,0.8478303631142059,0.9847834033997441,0.7443185742902535,4.863227844238281,0.13622164726257324
RobustScaler,61,1,90.94039441183332,99.6555654520842,78.10082063305978,0.29105499618697467,0.8729152898184505,0.9983105104036991,0.7755059749948193,3.876225233078003,0.09930014610290527
RobustScaler,64,1,85.8143235659426,99.4552627556893,65.66404287389047,0.22360968046837193,0.7850177212004278,0.9993058892626409,0.6464046418456862,4.357451677322388,0.22056984901428223
RobustScaler,67,1,84.17865469487865,99.38805993268933,68.4742924133311,0.22287147347114805,0.8063454178840377,0.9973025244299675,0.6767631415348484,5.665098428726196,0.16410040855407715
RobustScaler,70,1,91.13944910281737,99.65725795296368,80.44548651817117,0.3124680474136161,0.8880322209436133,0.998490468386095,0.7995786419838364,2.772399425506592,0.21144843101501465
RobustScaler,73,1,88.68205505199913,99.55192464200056,88.50443811756826,0.3257361560104732,0.9375136552326852,0.9913746630727763,0.8892035642743662,3.4294137954711914,0.11301732063293457
RobustScaler,76,1,85.77277118429731,99.45996787910671,66.63540445486518,0.22691725354408004,0.7923969904753965,0.9991065328217795,0.6565586792843822,4.692070722579956,0.12095236778259277
RobustScaler,79,1,88.73269414219516,99.58547667986149,84.21035002512141,0.3239552335420573,0.9117129265460538,0.9959083469721768,0.8406437797886303,3.7286016941070557,0.139631986618042
RobustScaler,82,1,92.39224382630891,99.69340477968616,85.15156590185899,0.35211548990607466,0.9172901468365767,0.9975246520310027,0.8490018650272847,5.37040376663208,0.1981825828552246
RobustScaler,85,1,90.41983391773715,99.64785236433062,86.87991961145536,0.3649035420184888,0.9276785879138125,0.9966279208156464,0.8676521378738689,3.9576163291931152,0.14214110374450684
RobustScaler,88,1,92.16343931669483,99.69513464419101,84.61229274828337,0.3497436947793045,0.9139958064999251,0.9979151336767231,0.843095945292533,7.160305023193359,0.1220083236694336
RobustScaler,91,1,90.44248456562849,99.62281518351263,82.29442304471613,0.3180171967993527,0.8997952684258417,0.9972686780401715,0.8196794916073772,4.3415846824646,0.14643383026123047
RobustScaler,94,1,87.43471695353271,99.51029319560514,78.82096801205827,0.28850452221323386,0.8777053555886506,0.9974064794056882,0.7836568349796228,4.030776262283325,0.15363049507141113
RobustScaler,97,1,86.97668627729529,99.52515061190303,79.97655334114889,0.30779879519873177,0.8850428829660397,0.9984380423464075,0.7947779236029564,4.937744617462158,0.11665177345275879
RobustScaler,100,1,94.0658081627737,99.74053352283417,84.06967007201473,0.3454173425818654,0.9106753812636166,0.9981062165500206,0.8373281757270152,5.354447603225708,0.13454270362854004
RobustScaler,103,1,92.8497014323382,99.73384550040447,83.9993300954614,0.33011598243000984,0.9103600983280479,0.9967128240949994,0.8377771637770256,4.857836723327637,0.12921738624572754
RobustScaler,106,1,91.22512597386478,99.64927738511426,76.82130296432759,0.28543205861449344,0.8644253751812233,0.9987776168055053,0.761932720867583,5.508665323257446,0.14133501052856445
RobustScaler,109,1,89.09184049987975,99.59456053352355,80.42203985932005,0.3187740770303708,0.887814053473062,0.9991791592863006,0.7987842785107412,2.9119977951049805,0.18015575408935547
RobustScaler,112,1,89.55779449464676,99.58961057152993,85.72768380505778,0.324417068139965,0.9209887073745109,0.9943543543543544,0.857705325689024,6.28504490852356,0.16981029510498047
RobustScaler,115,1,88.19804455411956,99.55388048942692,79.56121252721488,0.30533658073323444,0.8823642813078346,0.9985600837769439,0.7903916557297783,3.1503660678863525,0.13681602478027344
RobustScaler,118,1,90.72060186248201,99.63724754724487,79.49422207335455,0.3043462661014876,0.881937748293285,0.9985152838427948,0.789735442425917,4.381452322006226,0.26888513565063477
RobustScaler,121,1,88.02275215223321,99.55052978804189,83.33612460224418,0.3290584687757603,0.9062435218513842,0.9973039114023808,0.8304206672653174,4.874366521835327,0.15417242050170898
RobustScaler,124,1,82.85164258787927,99.2721318749631,81.62786802880589,0.2565904104770519,0.8961429950959044,0.9918269835282283,0.8172964011880914,5.962813138961792,0.1811540126800537
RobustScaler,127,1,86.88860212804926,99.50510213979429,76.64712778429073,0.28569746348081754,0.8632458514769918,0.9989558743417468,0.7599986184983076,5.318209409713745,0.10875391960144043
RobustScaler,130,1,90.56439135688996,99.64591363298206,81.9594707754145,0.3225334376192675,0.8976318090242141,0.9980557903634827,0.815569524072667,4.422554016113281,0.1306757926940918
RobustScaler,133,1,86.99936567452818,99.52405320417384,79.10232791827164,0.2977371890211016,0.8794466021293451,0.9981578139392079,0.7859708503142916,5.836994171142578,0.12633323669433594
RobustScaler,136,1,92.85303635595733,99.709089929748,85.87506280355049,0.3588876112034442,0.9216535067347886,0.9973060994732821,0.8566691994197693,6.454139709472656,0.17802643775939941
RobustScaler,139,1,91.11136674599696,99.65289561123491,80.07703902193938,0.2931819115759644,0.8858524602748139,0.996804007946791,0.7971264764799337,6.051668882369995,0.1508493423461914
RobustScaler,142,1,86.32559802271996,99.49584771635804,78.57310333277509,0.2860556128072179,0.8761015668881098,0.9973541473739913,0.7811355943911031,3.55005145072937,0.19673490524291992
RobustScaler,145,1,92.75133651855595,99.71643708901914,86.00569418857813,0.35889113222715224,0.9224457974457975,0.9971506541455976,0.8581543137390343,5.753470420837402,0.15696382522583008
RobustScaler,148,1,90.67687219737044,99.61576912925615,84.6993803383018,0.3210086086908301,0.9147443075774543,0.995127101437505,0.8463770118118394,4.516911506652832,0.17548656463623047
RobustScaler,151,1,89.68026285637971,99.610397138003,81.66471277842908,0.31958843939768294,0.8957849445988654,0.9980485321567962,0.8125302203495199,6.18325400352478,0.19098901748657227
RobustScaler,154,1,93.41955554744611,99.72946729460745,84.94389549489198,0.35210028676238775,0.9160174130747529,0.9977614066506574,0.8466533121503074,5.460654973983765,0.24484968185424805
RobustScaler,157,1,93.37658103170577,99.73398878551933,84.88025456372466,0.33881390754521273,0.9157238340614615,0.9965864759427828,0.8469986875733923,5.5363452434539795,0.23445677757263184
RobustScaler,160,1,90.32034586301192,99.63955101412849,81.96951934349356,0.32595429534675546,0.8976635425182031,0.9983930308284349,0.8153968363611246,7.523131370544434,0.15744304656982422
RobustScaler,163,1,93.11042921080298,99.72459600916352,87.92497069167644,0.3829639951348511,0.9338082735067844,0.9968638519738131,0.8782551633625751,5.302693605422974,0.16530132293701172
RobustScaler,166,1,91.21446571802018,99.63704659131282,84.33428236476303,0.3318511689644312,0.9124173704612273,0.9965230907677833,0.841403605719417,6.124330997467041,0.12314629554748535
RobustScaler,169,1,89.70177694696866,99.57858089777108,88.866186568414,0.3729943191228243,0.9394049876039084,0.9947494401976681,0.8898943151205361,5.5447776317596436,0.19467687606811523
RobustScaler,172,1,91.27088725911214,99.67300901458414,81.23932339641601,0.3224319906070591,0.8930392437696935,0.9987612660715048,0.8075568142570975,6.936342239379883,0.19253873825073242
RobustScaler,175,1,90.48163350232069,99.62642756936175,80.50242840395244,0.31870583776562245,0.8883347081279135,0.9990938511326861,0.7996822546107619,4.9738523960113525,0.18350791931152344
RobustScaler,178,1,90.73360806459662,99.64113893114263,83.2590855803048,0.3299043569328425,0.9057550158394931,0.9974665669906139,0.8294881536229882,5.657123565673828,0.15906357765197754
RobustScaler,181,1,90.31974021021671,99.59039068041766,82.05660693351197,0.33429409763028944,0.8981384647563271,0.9991538689342979,0.8156731366995924,5.668871641159058,0.14831161499023438
RobustScaler,184,1,93.17022592459226,99.72410619765517,83.503600736895,0.33852203176290196,0.9072102794053921,0.9980516519504208,0.8315258686191891,6.3148674964904785,0.2041151523590088
RobustScaler,187,1,92.63196158597314,99.70280639625486,80.28470942890638,0.3114008409211022,0.8870032635822614,0.998530428769018,0.7978863024107204,5.74185037612915,0.4760596752166748
RobustScaler,190,1,83.42286133839914,99.37854181359423,74.74459889465751,0.2642256950681552,0.8505569429579419,0.998,0.7410720453132555,2.9680933952331543,0.18917131423950195
RobustScaler,193,1,90.56384511940061,99.65252181078593,84.5754479986602,0.3398675101166764,0.9138431027708657,0.9970197999591753,0.8434758582579264,5.733224153518677,0.16568636894226074
RobustScaler,196,1,85.76879610867313,99.46158359418999,73.43828504438117,0.2505415738397385,0.8416849670592933,0.9973504920514762,0.728051391862955,6.414037704467773,0.16076278686523438
RobustScaler,199,1,89.90042339730279,99.6279825611739,83.27583319376988,0.34648789314250344,0.9057195188730905,0.999083524265778,0.8283138771844996,6.242304801940918,0.2778747081756592
RobustScaler,202,1,87.40878888070533,99.5025156782657,76.81125439624853,0.27783150745145174,0.8644595414765942,0.9979207159969262,0.7624853215445189,6.754257440567017,0.22160887718200684
RobustScaler,205,1,90.1792785939226,99.63365515926567,82.3279182716463,0.3283780626951583,0.8999127366543992,0.9982744107744108,0.8191959660150584,5.812052488327026,0.3542149066925049
RobustScaler,208,1,91.28678564498613,99.66480074141693,82.61262770055268,0.30782810267314786,0.9018918561357752,0.9959510790165713,0.8240657594805554,6.247921705245972,0.20527124404907227
RobustScaler,211,1,91.32067153555293,99.6652153059333,83.15190085412829,0.3329488979107929,0.9050585126462816,0.9978772995921086,0.8280375768460316,5.426254987716675,0.26582980155944824
RobustScaler,214,1,92.89423991225856,99.72078667910176,85.99229609780606,0.3626376431072134,0.9223398328690808,0.9975096401028277,0.857705325689024,5.5272536277771,0.27115345001220703
RobustScaler,217,1,86.10329278091767,99.48304463553946,74.36610283034668,0.2628362015266441,0.8479586768650045,0.9981291801131846,0.7370656904054708,6.108404159545898,0.19202184677124023
RobustScaler,220,1,93.59334340045832,99.74891821325032,83.17199799028639,0.3424063331368492,0.905103698386914,0.9987910621977656,0.8274849761690958,5.591840982437134,0.19321298599243164
RobustScaler,223,1,91.04614982301523,99.60530688138263,85.04773069837547,0.3382711237188809,0.9167536923765478,0.9963518443453587,0.8489327899426676,7.389655351638794,0.4214918613433838
RobustScaler,226,1,85.8393220767267,99.45598136007774,66.8866186568414,0.2281829022379754,0.794281671383386,0.9991100408334206,0.6591489949575188,5.987766981124878,0.20131444931030273
RobustScaler,229,1,87.15146310765662,99.52168709897067,81.49723664377827,0.3175264596419356,0.8947368421052632,0.998002040469308,0.810837880776404,5.294184923171997,0.17127656936645508
RobustScaler,232,1,90.43126657255793,99.63027662747804,84.43476804555351,0.31833642013197866,0.9131385633376324,0.9951517620696679,0.8436140084271603,4.783775091171265,0.18014836311340332
RobustScaler,235,1,90.58696725649327,99.64564625200669,81.92597554848435,0.32675681425550257,0.8973793313301129,0.9985187066192652,0.8148442356841887,4.239626169204712,0.2149677276611328
RobustScaler,238,1,89.84155432893401,99.62148562276045,78.48936526544968,0.303837676641965,0.8753348604262918,0.9993794326241134,0.7786834288872004,3.9520716667175293,0.4004518985748291
RobustScaler,241,1,87.71417205307941,99.53873935285561,75.97722324568748,0.27129667425287696,0.8589022230965965,0.9978515267873469,0.7539200110520136,7.241226673126221,0.30869007110595703
RobustScaler,244,1,92.24571609894895,99.69629960042506,81.96951934349356,0.3155627185365011,0.8977607262919982,0.9973414356247626,0.8162602749188368,5.839171409606934,0.280698299407959
RobustScaler,247,1,88.6613095271408,99.58073295911251,77.48115893485178,0.290119486823172,0.8687964715754962,0.9987436622246152,0.7687711542446639,4.768107175827026,0.4992802143096924
RobustScaler,250,1,92.05588228010953,99.67926247732257,84.27734047898174,0.3354762678499072,0.9120380781050895,0.9969274887341254,0.8404710920770878,4.308759689331055,0.27980685234069824
RobustScaler,253,1,91.31123025178982,99.67540287264154,82.71981242672919,0.33123562524639183,0.9023600885742945,0.9981576853829084,0.8233404710920771,5.372972011566162,0.37620997428894043
RobustScaler,256,1,89.60753852200938,99.57843631172545,81.59772232456875,0.3176853033773043,0.8953762949421085,0.9979200271669921,0.8119430821302757,5.0272393226623535,0.34797143936157227
RobustScaler,259,1,86.17405449357192,99.45606220362373,79.4205325741082,0.26988668000793814,0.8818416092926651,0.9949227564658913,0.7918422325067348,5.8156421184539795,0.30420374870300293
RobustScaler,262,1,88.88602204714171,99.55822204309274,83.61748450845754,0.32920765318808987,0.90799646357292,0.9970256537365225,0.83356358361539,4.063478946685791,0.1889340877532959
RobustScaler,265,1,91.58205288238214,99.63216527095729,87.33545469770557,0.3563686596894333,0.9304515773015727,0.9953169887056786,0.8735235200663121,4.513256072998047,0.18023419380187988
RobustScaler,268,1,94.13421817928963,99.74640836382265,82.25422877239993,0.3272007326412705,0.8994572437089612,0.9982308340353834,0.8184706776265801,3.8222241401672363,0.36849498748779297
RobustScaler,271,1,88.2314877048266,99.56232414497781,80.51582649472451,0.30164747794606506,0.8885994982476971,0.9972918368224218,0.8012709815569524,5.206360340118408,0.3966062068939209
RobustScaler,274,1,91.69130996336415,99.6800847975954,85.98559705242003,0.3716712379137205,0.9222391554845184,0.9983502333816192,0.8569109622159287,5.982798099517822,0.19529485702514648
RobustScaler,277,1,92.84853995893981,99.72119577328557,85.10132306146375,0.3428391169392071,0.9170489724366865,0.9967163937084482,0.8491745527388271,4.237248420715332,0.3413267135620117
RobustScaler,280,1,92.42968121886783,99.70967123281582,87.91157260090438,0.3809559189142074,0.9337396955954982,0.9967075608513307,0.8782551633625751,5.048400163650513,0.4701566696166992
RobustScaler,283,1,88.47238035424863,99.56584259631609,79.67509629877742,0.30309247933867933,0.8831323908940334,0.9982149076976663,0.7918422325067348,6.292526721954346,0.2892282009124756
RobustScaler,286,1,90.83501082546873,99.63274925952948,83.06816278680287,0.3269856279620895,0.9045848355008589,0.9973777315296566,0.8275885887960213,5.896164894104004,0.2982213497161865
RobustScaler,289,1,91.74279811744711,99.67738429462068,85.00418690336627,0.3562874533641002,0.9163568425969173,0.9980871759391152,0.8469986875733923,6.755733489990234,0.49082040786743164
RobustScaler,292,1,92.72830062948792,99.70367183706462,84.14670909395412,0.3480179893674786,0.9111323907696351,0.9982719605019543,0.8379843890308766,5.83167290687561,0.22257184982299805
RobustScaler,295,1,88.90941251142212,99.56767655495453,79.07553173672751,0.2882037358493332,0.8793805873607383,0.9971537417349039,0.786488913448919,5.679926633834839,0.48418235778808594
RobustScaler,298,1,83.24433942714599,99.30964452375119,78.33528722157092,0.2671586759563417,0.8747579583301061,0.9955046275892464,0.7801340056641569,6.724234104156494,0.32329607009887695
RobustScaler,301,1,90.94600628330276,99.65000366746062,80.47563222240831,0.304562355425981,0.8883097970836766,0.9976328814288788,0.8005802307107827,4.766305685043335,0.3181900978088379
RobustScaler,304,1,86.42215939447601,99.45423334505215,77.41081895829845,0.2792173577877202,0.8684662193789983,0.9975804283537951,0.7689438419562064,5.433930158615112,0.5000300407409668
RobustScaler,307,1,91.92843836566664,99.68895487070381,80.27131133813432,0.3181967260872818,0.8868439253054637,0.9992640055416053,0.7971610140222422,5.977867603302002,0.5017077922821045
RobustScaler,310,1,87.75002248198508,99.52685031359388,77.8764026126277,0.26113721031466697,0.8717948717948718,0.9952138267228008,0.7756095876217448,4.934483289718628,0.3650541305541992
RobustScaler,313,1,91.25327349585936,99.65928074670538,83.98593200468933,0.3380690509687643,0.910214276324438,0.9974891953076764,0.8369828003039304,4.830572843551636,0.21397662162780762
RobustScaler,316,1,91.98925280614657,99.69500242098977,82.34801540780438,0.3335772643656777,0.8999924092910278,0.9987785359278915,0.8189887407612074,5.894895315170288,0.420684814453125
RobustScaler,319,1,91.68036796397239,99.66460410701372,85.00418690336627,0.35199102295653717,0.9163880847884956,0.9976820788093205,0.8473440629964771,4.348403453826904,0.3341062068939209
RobustScaler,322,1,90.72132442926615,99.64097315926124,79.91961145536762,0.3085083348729499,0.8846649608495739,0.9985667752442997,0.7940871727567866,5.7366766929626465,0.4108448028564453
RobustScaler,325,1,86.74329720601632,99.49253776493416,75.29727013900519,0.2535020930160444,0.8545164026591443,0.9963199779198675,0.7480486288595704,5.9997053146362305,0.40659332275390625
RobustScaler,328,1,92.75614724170767,99.72356493905228,84.7194774744599,0.3420344749167907,0.9147130304729856,0.997065536354744,0.844926435034883,3.6045897006988525,0.4777810573577881
RobustScaler,331,1,85.85192195481417,99.4789503876152,78.10751967844583,0.2971053248887821,0.8728849819129487,0.9989761396011396,0.775056986944809,6.489241361618042,0.3179643154144287
RobustScaler,334,1,92.04832311990614,99.67710063253801,84.02612627700553,0.3457584020132661,0.910402615214083,0.9981872862851728,0.8368101125923879,4.794229745864868,0.5331511497497559
RobustScaler,337,1,93.73135173960732,99.74667109558655,80.87087590018423,0.32380646978706956,0.89065880415845,0.9992696653348799,0.8033432340954618,5.715357542037964,0.28654003143310547
RobustScaler,340,1,86.23984448676177,99.4113387243733,76.83135153240663,0.2664554798551678,0.8647464852075634,0.9966196421327804,0.7636941355253161,6.152360677719116,0.4225785732269287
RobustScaler,343,1,93.3093478215704,99.71510399653434,86.96030815608776,0.37712200160124004,0.9280871894338228,0.9976172511020214,0.8676176003315604,3.8581748008728027,0.2569468021392822
RobustScaler,346,1,89.34395305899511,99.57136144555537,79.10902696365768,0.2840205612741216,0.8796480327267815,0.9966767239494512,0.7872142018373972,5.780735731124878,0.4645960330963135
RobustScaler,349,1,92.42173106761945,99.68796030846357,85.16161446993803,0.34835488236532675,0.9173784922973628,0.997161855335712,0.8494163155349865,5.783897399902344,0.38669610023498535
RobustScaler,1,3,91.26764433338596,99.69665619400614,80.95126444481662,0.32293824240051583,0.8911849683332377,0.9990990604487537,0.8043102852800995,7.683861970901489,0.09891700744628906
RobustScaler,4,3,77.21736579826533,99.07046560097672,63.97253391391726,0.16090629747199844,0.7734243343444557,0.9913597580732261,0.6340402016992471,2.6003646850585938,0.05748152732849121
RobustScaler,7,3,80.32735840240139,99.25315554412082,62.4953944062971,0.17598344565002655,0.7613343280400725,0.9943210288959412,0.6168059680873109,6.521052122116089,0.07976794242858887
RobustScaler,10,3,74.2007702216927,98.90569577371578,58.435772902361414,0.1429739875260225,0.7290078836452578,0.9913286214883886,0.5764661186709954,4.4598069190979,0.06148505210876465
RobustScaler,13,3,73.41167746121387,98.79498716867843,54.667559872718144,0.1257422884361642,0.6971039792310102,0.9902085452695829,0.5378876839124128,5.373577833175659,0.110504150390625
RobustScaler,16,3,68.16112771630488,98.41715595598664,83.5270473957461,0.14361801958183593,0.908855035397902,0.9806430971044633,0.8468605374041583,5.997110366821289,0.06492161750793457
RobustScaler,19,3,82.07179178239554,99.15740256125034,81.4637414168481,0.217199153159097,0.8954665659236872,0.988201450846327,0.8186433653381225,5.078261137008667,0.058153390884399414
RobustScaler,22,3,63.39982659930479,98.25264685734561,68.23312677943393,0.07045423550372813,0.8076969869013342,0.9780494991160872,0.6878842301581819,4.772125482559204,0.11186861991882324
RobustScaler,25,3,87.19229867238607,99.40390803922952,75.43125104672585,0.24653046697463682,0.8555334528194118,0.9954168385352216,0.7501208813980798,4.561041831970215,0.18017077445983887
RobustScaler,28,3,81.66454202643912,99.05067390629092,83.12845419527717,0.2416754808562477,0.9056653244685832,0.9892803076797185,0.8350832354769635,6.477865934371948,0.18547797203063965
RobustScaler,31,3,79.13325258473829,99.14713889986974,64.74962317869704,0.18459917024102737,0.7788889822674174,0.9943139148160068,0.6401878842301582,5.432390928268433,0.06256651878356934
RobustScaler,34,3,81.55003723231393,99.20690075120969,70.54094791492213,0.19321483281933993,0.8220824145813526,0.9921871185116461,0.7017683221661947,4.880065202713013,0.07322359085083008
RobustScaler,37,3,76.70013064467447,99.06859130404769,59.926310500753644,0.1810103624890932,0.7402631236159958,0.9965513210194061,0.5888305588174345,5.477505445480347,0.0810401439666748
RobustScaler,40,3,91.87543991284119,99.63158111241886,81.13883771562553,0.3082827838441224,0.8925361171014714,0.9973981659202389,0.8076258893417144,5.4854819774627686,0.13403892517089844
RobustScaler,43,3,67.49221678659487,98.32572187950848,89.71361580974711,0.20246831764458234,0.9450045665371322,0.9813292669319745,0.9112730538094909,6.569622993469238,0.06408834457397461
RobustScaler,46,3,77.91417700563265,99.10386229755754,85.56355719309998,0.22537526302872504,0.9206319976428993,0.9860749506903354,0.8633349450853077,5.326272487640381,0.08513689041137695
RobustScaler,49,3,83.28356502874895,99.34405976823018,79.91291240998157,0.27117751588134403,0.8850246362085162,0.9946563240680888,0.7971610140222422,6.93877911567688,0.11827445030212402
RobustScaler,52,3,86.81935071413747,99.48694421867557,82.23748115893486,0.2773049075133712,0.8998016060462919,0.9933252680322056,0.8223734199074394,5.588217496871948,0.19679975509643555
RobustScaler,55,3,86.50921048404922,99.4555477921132,82.27432590855803,0.2840598622442019,0.8999735379730087,0.9939462257849031,0.8222352697382054,4.748238801956177,0.1731243133544922
RobustScaler,58,3,84.11945213414795,99.24800989061866,78.65014235471446,0.2627603928769444,0.8768832573591903,0.9947848190025419,0.7839676728603993,4.76049017906189,0.09103608131408691
RobustScaler,61,3,89.32459133577643,99.4268212659043,80.95126444481662,0.293687905221725,0.8914798206278027,0.996076926357085,0.8067624507840022,6.14917516708374,0.11321139335632324
RobustScaler,64,3,87.79465104317559,99.52399214845795,78.10417015575281,0.28787820738984765,0.8729767017080232,0.997956373006353,0.7758168128755958,5.706891775131226,0.15378546714782715
RobustScaler,67,3,89.36197122965227,99.573747578044,74.42639423882098,0.2640200142676245,0.8483584579634154,0.9982238840850666,0.7376182910824066,5.472411632537842,0.07830405235290527
RobustScaler,70,3,87.76207803920599,99.50908201626645,79.71864009378663,0.2867663636308832,0.8835957475440721,0.9964445215279886,0.7937072597913932,4.932046175003052,0.12503623962402344
RobustScaler,73,3,81.22989031474548,99.17683313953076,85.31569251381677,0.26075781117011715,0.9189139200236748,0.9892083466071997,0.8579470884851834,6.12117862701416,0.14397907257080078
RobustScaler,76,3,74.41072091312202,98.71168811824707,82.38820968012058,0.21435730906145883,0.9012878759433786,0.987331358999671,0.8290391655729779,5.978827238082886,0.1260511875152588
RobustScaler,79,3,84.37686032197577,99.2759181260045,82.25422877239993,0.27704112404043,0.8999093176150533,0.9932855117190759,0.8225806451612904,4.558565378189087,0.17227506637573242
RobustScaler,82,3,71.54755098925718,98.5204153823847,74.63071512309496,0.18116485305064878,0.8510110944999607,0.9885293848825518,0.7470815776749327,4.902735710144043,0.12830471992492676
RobustScaler,85,3,90.29851936291152,99.60641351936546,83.1552503768213,0.3032886185004994,0.9053293424446076,0.9949931725079654,0.8304897423499343,4.4583117961883545,0.21726179122924805
RobustScaler,88,3,92.41702000885175,99.67865272792302,85.55685814771395,0.36120087497367337,0.9197020484171322,0.997898650286915,0.8528700697658355,4.2793028354644775,0.32924318313598633
RobustScaler,91,3,90.44780702705972,99.61837348492125,82.82029810751968,0.3327250327315577,0.9029792868627636,0.998201664505876,0.8243420598190233,6.314768075942993,0.20477867126464844
RobustScaler,94,3,88.37145099920062,99.51439622192663,78.06397588343661,0.29155830822056733,0.8726643464058642,0.9983983627708324,0.775056986944809,4.304579257965088,0.12224698066711426
RobustScaler,97,3,81.81949139424877,99.28835594337106,69.65667392396584,0.23001210884541307,0.8149373863659578,0.9974496174426164,0.6888858188851281,6.629085302352905,0.10039830207824707
RobustScaler,100,3,86.48793213806091,99.46316225373096,75.11974543627534,0.26993497240855313,0.8530563798219585,0.9983793295054639,0.7446639497133384,5.867338180541992,0.12203526496887207
RobustScaler,103,3,88.21338711939033,99.52679952149359,81.82883939038686,0.3137431618443508,0.8968846819106271,0.9972946696538023,0.8148442356841887,4.948629856109619,0.13267803192138672
RobustScaler,106,3,87.52787631987269,99.4495870788835,81.26611957796014,0.2945545352482031,0.8934849263935706,0.995881978348546,0.8101816674725426,6.0043299198150635,0.20594406127929688
RobustScaler,109,3,89.02419713247167,99.562260044377,79.95310668229777,0.29985117321346316,0.8849768416197413,0.9976168811473634,0.7951923741106582,4.755768775939941,0.1370551586151123
RobustScaler,112,3,77.4878664362324,99.04676949344473,55.94707754145034,0.16172283155099848,0.7070432574508843,0.9956712672521957,0.5481453339780341,5.7597877979278564,0.1255800724029541
RobustScaler,115,3,86.98044285792375,99.48680107422987,76.99212862167141,0.27164089404858505,0.8657585647560047,0.9970740490659464,0.7650065621330386,4.634698867797852,0.2786593437194824
RobustScaler,118,3,86.39620832217541,99.44979087631567,75.94707754145034,0.2718674260515981,0.8586890213904795,0.9979417280336642,0.7535400980866201,5.533995151519775,0.12519121170043945
RobustScaler,121,3,90.5556649734199,99.5776910732493,80.09378663540446,0.2994707341699498,0.8858936697194862,0.9974490898871546,0.7967811010568487,4.652188062667847,0.1411890983581543
RobustScaler,124,3,87.01740301141302,99.49531150832112,77.55149891140512,0.28190494551934603,0.8693720032744708,0.9977630637079457,0.770256268563929,5.007846117019653,0.13209223747253418
RobustScaler,127,3,88.09248655508294,99.51842759348982,79.57461061798693,0.29652772169098807,0.8825500770416025,0.9976051554471828,0.791289631829799,6.357441663742065,0.1254594326019287
RobustScaler,130,3,86.24252775863923,99.47308343902226,70.2461899179367,0.24659514956961648,0.818924924067921,0.9992040988907128,0.6937556123506251,5.667086601257324,0.1410045623779297
RobustScaler,133,3,90.79678378432872,99.60094111246262,78.68698710433763,0.2946490287104998,0.8767505375094428,0.9981916817359855,0.7816536575257305,5.869307279586792,0.2875549793243408
RobustScaler,136,3,88.68041825615387,99.52765812626056,80.31485513314352,0.29530601179720556,0.8873684815730466,0.9968137782561894,0.7995786419838364,7.4592604637146,0.14725780487060547
RobustScaler,139,3,87.22349362458435,99.47279511528413,76.63372969351867,0.2681737984739643,0.863392472486586,0.9969699710564399,0.7613801201906473,5.648194074630737,0.19386816024780273
RobustScaler,142,3,86.3577474530575,99.4229988245703,73.86367442639424,0.256786233598174,0.8445586565469432,0.9977877147564133,0.7321268218553568,5.284648418426514,0.21693778038024902
RobustScaler,145,3,90.84947174426547,99.57475880862309,80.15742756657176,0.3029018428973296,0.8862693902626325,0.9977522261606294,0.7971955515645507,5.478468418121338,0.19733953475952148
RobustScaler,148,3,90.23174422561809,99.58585631292792,76.48635069502596,0.26788289111684177,0.8624015053510525,0.9970540246555475,0.7597913932444568,6.110846757888794,0.16133356094360352
RobustScaler,151,3,88.5165700088249,99.49951988151248,81.04840060291409,0.28835313282600056,0.8921546203110704,0.9954487452148022,0.8082821026455758,4.016551971435547,0.2904088497161865
RobustScaler,154,3,86.73428141250805,99.46038583085152,72.36308825992296,0.25726950334262433,0.833980562989195,0.9989877078814172,0.7157560268011328,3.9605603218078613,0.25658202171325684
RobustScaler,157,3,88.21271821804375,99.55302575553941,74.36275330765366,0.2647596780677501,0.8479055718941261,0.9983621899859616,0.7368584651516198,8.396153926849365,0.20373916625976562
RobustScaler,160,3,82.94782638494969,99.32166926069893,70.21604421369955,0.24756069939246186,0.8186860242241344,0.9993528474711271,0.6933411618429233,5.978908061981201,0.1903519630432129
RobustScaler,163,3,91.6839386321922,99.64843101316954,84.03617484508457,0.33267652228773675,0.9105681903475193,0.9969183992111103,0.8379843890308766,2.5861198902130127,0.22226500511169434
RobustScaler,166,3,80.67473286303499,99.25584110507975,74.77474459889466,0.23854457210164823,0.8511512995355273,0.9949632641744837,0.7436623609863922,5.521726131439209,0.24470806121826172
RobustScaler,169,3,85.9396342792429,99.43334638916173,72.01138837715627,0.2474397601560262,0.8316476608776242,0.9980174081237911,0.7128203357049112,3.989518880844116,0.24991369247436523
RobustScaler,172,3,88.25758827370323,99.52640637226384,70.80556020767041,0.2441122734868895,0.8230397531164981,0.9984729064039409,0.7000414450507702,4.9841814041137695,0.2409219741821289
RobustScaler,175,3,90.50474797292227,99.60980216235167,81.11204153408138,0.2997521997341503,0.892449123610078,0.9965498147122716,0.8080403398494164,6.570154190063477,0.21912789344787598
RobustScaler,178,3,84.55948572257867,99.3884055603411,76.77106012393234,0.27752971349030053,0.8641926955840595,0.9979195875356157,0.762070871036817,4.2810142040252686,0.27627086639404297
RobustScaler,181,3,90.86705675817672,99.60998661638118,82.17718975046056,0.31765808473561624,0.8990571585756835,0.9973483732480323,0.8184016025419631,3.607114553451538,0.5560781955718994
RobustScaler,184,3,86.80812888782137,99.47682464209353,72.98274995813097,0.2538344894140178,0.8384279475982532,0.9980923311713087,0.7228016854320647,5.62858772277832,0.22316312789916992
RobustScaler,187,3,88.866436079059,99.55084535778029,72.06833026293754,0.24394480397119087,0.8321153187976887,0.9975382536081479,0.7137528493472405,4.377474546432495,0.31789660453796387
RobustScaler,190,3,88.36305235822415,99.49673842934568,80.17752470272987,0.28090827215839154,0.8866326960652848,0.9954404679972471,0.79926780410306,4.402859687805176,0.20619773864746094
RobustScaler,193,3,85.9766672643974,99.40275224065785,72.5975548484341,0.25142174983274523,0.8357459794807959,0.9980818107706325,0.7188298680665883,5.731725215911865,0.38146209716796875
RobustScaler,196,3,82.45727637018021,99.22150053524213,64.73957461061799,0.1968598795990799,0.7785048498748081,0.99606956334464,0.6389445327070525,5.312598466873169,0.2166612148284912
RobustScaler,199,3,88.38487885832456,99.5367502118283,74.017752470273,0.258186327056371,0.8456103337778397,0.9978392597115882,0.7336810112592388,4.685391664505005,0.35401225090026855
RobustScaler,202,3,87.21588271556621,99.44168940902007,82.00301457042372,0.3083806004927386,0.898039736607397,0.9965884681800952,0.8172273261034745,3.4467170238494873,0.34514570236206055
RobustScaler,205,3,91.04882159515606,99.61232225227764,86.09613130128957,0.34163331885199844,0.9231054220773206,0.9954852371249351,0.8605374041583201,3.2037672996520996,0.36150455474853516
RobustScaler,208,3,89.28483291304352,99.5738171213809,79.12912409981577,0.30119493519735546,0.8795825683640931,0.9985081830547146,0.7859708503142916,6.070967674255371,0.2998535633087158
RobustScaler,211,3,88.78778746370779,99.5439416539934,77.80941215876737,0.2855278885611239,0.8710462287104623,0.9979483519914366,0.7727775091524487,6.334917783737183,0.21372008323669434
RobustScaler,214,3,72.34623069682962,98.48372040958544,84.46491374979065,0.22760297136290536,0.9139772980191408,0.9870603317041904,0.8509705049388685,5.818084001541138,0.23064589500427246
RobustScaler,217,3,88.47680391960091,99.49214562221222,78.27499581309664,0.28483902427816343,0.8741462278795405,0.9974758657337702,0.7779581404987221,5.927497386932373,0.2685120105743408
RobustScaler,220,3,89.42051830539575,99.56980950092033,83.04806565064479,0.3204354921949958,0.9045148387827104,0.9967566218969603,0.8278994266767977,3.6258018016815186,0.2570011615753174
RobustScaler,223,3,87.35498927956219,99.50277873311262,72.96265282197287,0.2537076374709705,0.8382883243849667,0.9980917851350062,0.7225944601782137,6.228957653045654,0.3830888271331787
RobustScaler,226,3,90.52039144796787,99.5910269580206,77.48785798023782,0.2778167702421968,0.8689991228925056,0.9973602970784305,0.769910893140844,5.381425857543945,0.20562005043029785
RobustScaler,229,3,87.06249156206826,99.4728280963261,77.01222575782951,0.25741300098597475,0.8660799656565262,0.9954694298658772,0.7664571389099951,6.152008771896362,0.19140338897705078
RobustScaler,232,3,91.9691780992576,99.64829522316856,81.06849773907219,0.30844057696720956,0.8920838584030244,0.9974807856532878,0.8068315258686192,3.54426908493042,0.39960432052612305
RobustScaler,235,3,87.17284111802893,99.480260075111,81.08524535253726,0.31024958510469264,0.8921731492619961,0.9976512789853526,0.8068660634109277,4.670756101608276,0.5646235942840576
RobustScaler,238,3,87.7141471369834,99.47969619501293,80.85747780941216,0.27408626037251466,0.8910743896163302,0.9941734359715901,0.8073495890032465,4.841083526611328,0.27729344367980957
RobustScaler,241,3,88.90997408189361,99.5583329482705,82.52219058784124,0.30985287274769585,0.9013050879515794,0.9962368289011541,0.8228914830420667,4.7572104930877686,0.31968164443969727
RobustScaler,244,3,86.48323449565261,99.43689464650353,79.79902863841902,0.292370709154683,0.8840571351673492,0.9969648354507219,0.7941217102990951,4.189870357513428,0.3398094177246094
RobustScaler,247,3,86.94795801860151,99.46553152148553,77.20314855133144,0.2540167232690315,0.8674018079800498,0.9949494949494949,0.768840229329281,4.023949146270752,0.48568177223205566
RobustScaler,250,3,81.39469304021372,99.29789822823518,71.51900854128287,0.23912264436703842,0.8282742603251539,0.9973250328291425,0.7082268425778822,4.713024377822876,0.30883073806762695
RobustScaler,253,3,90.00295888223174,99.5513874118241,79.57461061798693,0.3001835482286496,0.8825093445339294,0.9979954680146418,0.7909787939490226,4.30076003074646,0.4686141014099121
RobustScaler,256,3,91.91069427206551,99.644085288682,81.16563389716966,0.31472669613123894,0.8926437176623327,0.9980361183452162,0.807384126545555,5.380081415176392,0.4627645015716553
RobustScaler,259,3,89.09714954495158,99.58456669957896,79.47077541450344,0.3009024278633516,0.8818232651408519,0.9981666593915055,0.7897699799682255,5.272177457809448,0.3160371780395508
RobustScaler,262,3,89.65462994345886,99.58563459441419,76.6169820800536,0.2724157874389023,0.8632222418150826,0.9974643423137877,0.7608275195137114,4.826067686080933,0.28250598907470703
RobustScaler,265,3,86.54328803689299,99.46940009301332,72.65784625690839,0.24794329660230707,0.8362323201925971,0.9976066248623809,0.7197969192512261,5.0081751346588135,0.3522918224334717
RobustScaler,268,3,88.66595925397989,99.53280380219888,76.52319544464913,0.2709295487440274,0.8626090365578751,0.9973709260686279,0.7599295434136907,4.61977481842041,0.2735297679901123
RobustScaler,271,3,91.01914077494578,99.62815457856485,79.14587171328085,0.2956822674957394,0.8797558808760477,0.9978969505783386,0.7866270636181529,5.978020191192627,0.428102970123291
RobustScaler,274,3,89.3831767439753,99.55091927968975,79.10567744096466,0.27626019129751433,0.8797146162745855,0.9958526150353619,0.78783587759895,6.639397382736206,0.2744903564453125
RobustScaler,277,3,90.98350117454476,99.58736468862217,79.55451348182883,0.29187794121952326,0.8824707332101047,0.9971281872769994,0.7914623195413414,5.937638521194458,0.24730801582336426
RobustScaler,280,3,88.78868635978674,99.51403780274265,79.23295930329928,0.2952097707435714,0.8803319822428103,0.9977686384319217,0.7876286523450992,5.651846170425415,0.46085453033447266
RobustScaler,283,3,89.74321049800223,99.56964514922069,81.44699380338302,0.2991907949953567,0.8945936173856781,0.996185632549269,0.8118049319610416,5.32662034034729,0.7901809215545654
RobustScaler,286,3,88.53949473377229,99.53104634040909,75.257075866689,0.26932717618096824,0.8540089725093382,0.9981981981981982,0.7462181391172205,4.749040603637695,0.5241007804870605
RobustScaler,289,3,87.6079700687922,99.46262418006562,71.04002679618155,0.2340223404622125,0.824923052000648,0.9970141948115516,0.7034951992816191,3.7483434677124023,0.455059289932251
RobustScaler,292,3,89.9959842919731,99.59413805326425,81.51398425724335,0.30191803490685787,0.8949941969976598,0.9963990679940691,0.812322995095669,6.012577772140503,0.76802659034729
RobustScaler,295,3,85.63473792905229,99.38946183337013,68.56472952604253,0.22750085009530288,0.8069208138745448,0.9978629216913448,0.6773157422117843,5.277714729309082,0.6640369892120361
RobustScaler,298,3,84.29587534346838,99.36048215668369,71.95109696868197,0.2405476262806395,0.8313393756294059,0.9971975260919984,0.7127857981626028,6.079789161682129,0.9181187152862549
RobustScaler,301,3,88.966533619825,99.54052737879624,77.09931334784793,0.26486506158537104,0.8665664825621109,0.9962306484182185,0.7667679767907716,5.404738903045654,0.8803267478942871
RobustScaler,304,3,87.94471493954549,99.52100049278827,78.64679283202143,0.263548627802944,0.8768520486023915,0.9948713452855827,0.7838640602334738,5.400979995727539,0.45064663887023926
RobustScaler,307,3,91.12229916227484,99.61399413962118,82.04320884273992,0.31963665506199257,0.8981901741458875,0.9976796186136776,0.8167438005111556,4.600940227508545,0.8731880187988281
RobustScaler,310,3,86.43683497502296,99.47811858193766,71.65298944900351,0.2406841102854763,0.8292062723254828,0.9974268097295723,0.7095392691856047,4.335101127624512,0.9466946125030518
RobustScaler,313,3,86.50107058714666,99.46770750974906,79.795679115726,0.2767658673246414,0.8842048683099132,0.9953323537038637,0.7953995993645092,6.086493015289307,0.5051901340484619
RobustScaler,316,3,85.49583069382433,99.42625589972123,71.75012560710098,0.24548086924178036,0.8298155696355786,0.9979615608619685,0.7101609449471575,6.01008152961731,0.5781009197235107
RobustScaler,319,3,87.073824552505,99.48268499605065,70.98643443309328,0.24020631316053676,0.8244212916041675,0.9978410206084396,0.702355460385439,6.256016731262207,0.4390854835510254
RobustScaler,322,3,86.28977825977859,99.4388139047639,73.12342991123765,0.243893711427535,0.8395841663334667,0.9967720497484097,0.7252193133936589,5.583098888397217,0.6013076305389404
RobustScaler,325,3,76.83273794085869,99.07053354939883,62.58248199631552,0.16337134003056572,0.7623747633532577,0.992412914659135,0.6189127581681287,5.0858447551727295,0.8240172863006592
RobustScaler,328,3,88.24504014443055,99.49461763508329,77.92664545302294,0.27040152452034794,0.8720139832977277,0.9961838835640753,0.7753678248255854,5.541210651397705,0.610053300857544
RobustScaler,331,3,92.53635469235637,99.68123935404475,82.08005359236309,0.32832247275070453,0.8983430873299384,0.9985215848610289,0.8164329626303792,6.378347396850586,0.5923459529876709
RobustScaler,334,3,87.75876036519176,99.49955146392489,74.88862837045721,0.25738346325780115,0.8516532441577458,0.997081036000556,0.7432479104786903,5.351459503173828,0.6407656669616699
RobustScaler,337,3,89.26816596143894,99.55077316655007,80.87087590018423,0.3160300475741364,0.8907382961219843,0.9984559296590177,0.803999447399323,3.722651720046997,0.830247163772583
RobustScaler,340,3,89.00315453108405,99.56819529117497,80.31485513314352,0.28789916112588493,0.8874461361677679,0.9960448819913159,0.8002003177453892,4.2028117179870605,0.3118307590484619
RobustScaler,343,3,88.14581275040199,99.48601004343452,73.51532406632056,0.2533619985264629,0.8421787988263707,0.9976355984300374,0.7286385300821994,4.034270524978638,0.8660156726837158
RobustScaler,346,3,88.70091845329769,99.51299049375073,79.17266789482498,0.2727352015080273,0.8801926782273604,0.9954240390482001,0.7888720038682048,7.376749038696289,0.6111276149749756
RobustScaler,349,3,81.16379557853526,99.26645868124541,69.03031318037179,0.22394710758290842,0.8104473328139735,0.9970742534301856,0.6826690612696,5.479143381118774,0.7307085990905762
RobustScaler,1,5,90.38720149846169,99.64774109240156,75.09629877742422,0.2693809220942877,0.8529033534474231,0.9983326385994165,0.7444567244594875,4.02356481552124,0.08770608901977539
RobustScaler,4,5,87.22961531771051,99.49222040453361,71.71997990286384,0.2129736006847633,0.8301788120763521,0.9939315127871695,0.7127512606202943,2.2136807441711426,0.09169793128967285
RobustScaler,7,5,84.30680392650073,99.40589889568703,62.214034500083734,0.19437861577275037,0.7585660781166399,0.9972426987789095,0.6120743247910478,4.6951072216033936,0.0459895133972168
RobustScaler,10,5,90.05199184254683,99.56173065275895,82.91408474292413,0.29862529288723483,0.9038617388190505,0.9947728686994399,0.8281757270152655,5.8205249309539795,0.07594084739685059
RobustScaler,13,5,86.01909170940287,99.39057311534113,82.29107352202311,0.25071826833117145,0.9003712288239395,0.9907518765810973,0.82510188574981,4.996683359146118,0.06652331352233887
RobustScaler,16,5,83.0021837233188,99.27095536263973,79.78563054764696,0.2191624178000222,0.8847512651580254,0.989492119089317,0.8000621675761552,3.8113913536071777,0.08359694480895996
RobustScaler,19,5,92.66634388183729,99.67297974394897,89.62317869703568,0.38510807193536534,0.9437627069416207,0.9946812581311701,0.89780341230918,4.18748664855957,0.06955289840698242
RobustScaler,22,5,82.0120698168943,99.16608852164379,78.0003349522693,0.2081062627155722,0.8732535700501737,0.9895040671739701,0.7814464322718795,4.730017185211182,0.20384454727172852
RobustScaler,25,5,78.94664252539737,99.12660511412273,58.358733880422044,0.1658653127612178,0.7276192980149861,0.9950263662511984,0.5734958900324653,7.082706689834595,0.06647825241088867
RobustScaler,28,5,59.69835270872845,98.2485467448661,51.24099815776252,0.12711099387286726,0.66600894803258,0.9920032807053516,0.5012778890654142,4.989013195037842,0.07482242584228516
RobustScaler,31,5,76.62052946780675,98.93878309775957,73.62250879249707,0.17669283162300034,0.8441427355671225,0.9885505029434942,0.7365476272708434,3.935103178024292,0.07944965362548828
RobustScaler,34,5,57.9013731988825,97.61996958906767,85.84491709931335,0.12742415309595442,0.9228803970947845,0.9784089150286334,0.8733162948124611,5.009858846664429,0.10597038269042969
RobustScaler,37,5,83.96913716019523,99.33228898182405,79.17266789482498,0.2522113033760012,0.880423076923077,0.9932743209233706,0.7905988809836292,4.468639612197876,0.08398628234863281
RobustScaler,40,5,55.34872107979153,97.79361211328515,33.92731535756155,0.10424350854473295,0.4842875816993464,0.996342512908778,0.31988671686122816,5.58912205696106,0.171217679977417
RobustScaler,43,5,85.20734638440997,99.39024183090213,66.67224920448837,0.22672854092954595,0.7926824186356628,0.9990546218487395,0.656973129792084,4.707486391067505,0.06496930122375488
RobustScaler,46,5,60.217941475080416,97.95565866923369,80.77373974208675,0.10812791804903792,0.8921052631578947,0.9787181390744865,0.8195758789804517,4.405343532562256,0.0802154541015625
RobustScaler,49,5,79.98732269035264,99.16719292852896,66.94691006531569,0.2236235922987548,0.7948440748440748,0.9984330930742714,0.660219658769082,4.89572548866272,0.17456483840942383
RobustScaler,52,5,45.46815312773286,96.96927354941995,84.74962317869704,0.05912277070849917,0.9167656898411364,0.9738610323532839,0.8659943358430614,6.025678396224976,0.06632709503173828
RobustScaler,55,5,61.8427775942505,98.25360269408434,34.29911237648635,0.11498292412323764,0.488032782606426,0.9989315097766855,0.3228914830420667,3.731184482574463,0.18181920051574707
RobustScaler,58,5,64.9320706724747,98.18472552944131,76.73756489700217,0.14469128591202746,0.8656854971280484,0.9836505076253681,0.7729847344062997,3.7804150581359863,0.09479379653930664
RobustScaler,61,5,85.09502462361938,99.44578223681025,76.22173840227767,0.2833174899968784,0.8603960590745512,0.9990409645156871,0.7555432755405125,5.998114347457886,0.08071184158325195
RobustScaler,64,5,89.16027159924614,99.54416826439243,79.08892982749958,0.28182020315914524,0.8795415517008509,0.9964587067721768,0.7871796642950888,4.803078651428223,0.0818948745727539
RobustScaler,67,5,86.44926044043838,99.34795105798906,71.83721319711941,0.2333302046141316,0.8306545820745217,0.99637611132586,0.7121986599433584,5.603853702545166,0.13852715492248535
RobustScaler,70,5,82.16790274780072,99.34165846977274,69.04706079383688,0.23348948351918863,0.810374899965116,0.9983315637797664,0.6819783104234303,5.326036691665649,0.17181873321533203
RobustScaler,73,5,68.68172270961087,98.57750634298924,39.196114553676104,0.12041029281362078,0.5441121072854668,0.9970547630004601,0.3741451958278649,4.859118223190308,0.12671327590942383
RobustScaler,76,5,78.57014881502498,99.13905932202746,54.20197621838888,0.17218039366695884,0.691221968790226,0.9984993801787695,0.5285625474891207,6.200596332550049,0.10343217849731445
RobustScaler,79,5,80.27415678756238,99.18527510445668,67.92832021436945,0.21888353225683357,0.802353184023119,0.9971268790723924,0.6712371347654901,7.059183359146118,0.18991565704345703
RobustScaler,82,5,79.48591309097051,99.18116135997104,66.32724836710769,0.2171621481441461,0.7902697515281747,0.9979450972127087,0.6541410513227879,5.297300577163696,0.14980387687683105
RobustScaler,85,5,85.77372757905934,99.43395498852495,74.84173505275498,0.25941414845784155,0.8512997168933499,0.9973558472885837,0.7425571596325206,5.2831432819366455,0.10037994384765625
RobustScaler,88,5,70.37161283882728,98.67635622112493,40.82063305978898,0.13291765683618542,0.5611961057023644,0.9989389920424403,0.3902051530013124,6.635071039199829,0.23121976852416992
RobustScaler,91,5,85.34602362490558,99.40177176828946,61.79534416345671,0.20511137925734005,0.7548783632768847,0.9991466605984753,0.606582855563998,6.660968065261841,0.22183871269226074
RobustScaler,94,5,85.57556028441762,99.41459908875518,64.61229274828338,0.21560537755139714,0.7770391474095177,0.9988606152677554,0.6358361538992885,4.890760660171509,0.26943516731262207
RobustScaler,97,5,80.92338783467396,99.07947874332392,68.60827332105175,0.21110426562859122,0.8075880758807588,0.995646451351625,0.6792843821233681,4.834063768386841,0.1634829044342041
RobustScaler,100,5,86.68164520138608,99.45388903467176,71.50226092781779,0.24170495246657225,0.8281073218037821,0.9976633239217213,0.7078123920701803,4.295329332351685,0.10278701782226562
RobustScaler,103,5,87.24245669026693,99.48467804411263,76.97873053089934,0.2659591030690196,0.8657433633504581,0.9964476820000899,0.7653519375561235,5.6319849491119385,0.16011548042297363
RobustScaler,106,5,87.76427448889996,99.49523440449472,74.7613465081226,0.26004127047551345,0.8507359204453161,0.9974915222743531,0.7416246459901913,4.057894229888916,0.17231535911560059
RobustScaler,109,5,85.76646741200804,99.43931062789208,72.4769720314855,0.2537508944397034,0.8348507687669581,0.9984616124224797,0.7173102162050149,6.045988321304321,0.13317131996154785
RobustScaler,112,5,84.15424842053034,99.33680395731604,73.51867358901356,0.2436782512002874,0.842359227947041,0.9964619303707897,0.7295365061822201,2.962618589401245,0.1744554042816162
RobustScaler,115,5,87.49233063398738,99.44227198148778,93.51867358901357,0.39307644108952366,0.9658048668422076,0.9888900951760576,0.9437728811217794,6.149310827255249,0.17932844161987305
RobustScaler,118,5,86.92427431103735,99.48763841599461,76.22843744766371,0.28021770996500633,0.8604847746171539,0.9986767054528861,0.7558886509635975,6.160119533538818,0.15009784698486328
RobustScaler,121,5,90.12944256866703,99.5844238359871,75.99062133645955,0.2694218125547029,0.8590197466761073,0.9976244860666971,0.7542308489327899,5.903412580490112,0.0993490219116211
RobustScaler,124,5,88.9799557290806,99.58056739278224,75.66906715792999,0.27419856296591194,0.8567597412841143,0.9984373563746668,0.7502935691096222,4.845458984375,0.17371129989624023
RobustScaler,127,5,67.99674664784594,98.17271197933199,73.3813431585999,0.16015213234167003,0.8427302052205576,0.9867914909394262,0.7353733508323548,6.501888036727905,0.11605548858642578
RobustScaler,130,5,76.10811653710424,98.99114384397359,51.462066655501594,0.16767827714643235,0.6663750431679522,0.9993784959602238,0.49982731228845756,4.504087924957275,0.14130640029907227
RobustScaler,133,5,82.61310930108664,99.32331383169391,70.19929660023446,0.24101619781263356,0.8186912840577938,0.9985087239648058,0.6937556123506251,5.284174203872681,0.14219188690185547
RobustScaler,136,5,76.40616096089346,99.0220584580921,57.73572265952102,0.16305365204806874,0.7224250956927274,0.9949103247697528,0.5671064447053947,5.361526966094971,0.1775498390197754
RobustScaler,139,5,83.90584835971974,99.40159315600367,63.52034835036008,0.21203698200856957,0.768527767741387,0.9990606177819528,0.6244387649374871,5.065603494644165,0.16149091720581055
RobustScaler,142,5,86.3501077946978,99.49433733968046,69.44565399430581,0.23036802513393334,0.813379705400982,0.9976412727090234,0.6865718035504593,2.949786901473999,0.42978334426879883
RobustScaler,145,5,85.04651681794316,99.40708233837893,74.82163791659688,0.26436100433468235,0.851086590463361,0.9979558652729384,0.7419009463286592,5.2032716274261475,0.15853381156921387
RobustScaler,148,5,82.65830326599419,99.28087492398275,65.23865349187741,0.20964341765892702,0.7820663586728266,0.997589199614272,0.6431235753263798,5.04642128944397,0.39144444465637207
RobustScaler,151,5,84.49332582119426,99.39730903617519,75.45469770557696,0.27463442094891877,0.8552865437023579,0.9986626083748386,0.7479104786903364,7.228916645050049,0.2433030605316162
RobustScaler,154,5,85.53654359469654,99.41830809295521,71.47546474627366,0.24192909062640947,0.8279109243018228,0.9977108903175531,0.7075015541894039,4.939618349075317,0.3969390392303467
RobustScaler,157,5,83.55816723944298,99.25417690783951,67.61681460391894,0.22216428709379538,0.7999420601746472,0.9977803014660335,0.6675761552807902,6.277402877807617,0.31975579261779785
RobustScaler,160,5,83.0467624523173,99.35295712951824,69.23128454195277,0.24053674017577412,0.8115924193945361,0.9991415008584992,0.6833252745734614,4.333733558654785,0.26267528533935547
RobustScaler,163,5,86.80408289715471,99.46373428060457,74.58717132808574,0.2635465721432889,0.8494792183315147,0.9980420493217099,0.739414243282448,5.333671569824219,0.5046572685241699
RobustScaler,166,5,86.73977445336575,99.46121110885625,73.71629542790153,0.2597028323756644,0.843482596988132,0.998253151409282,0.7302617945706984,7.224228620529175,0.20879316329956055
RobustScaler,169,5,85.51563324028002,99.41486753217058,74.40964662535589,0.2365329912372571,0.8486649235401316,0.9949837436135625,0.7398632313324583,6.59686803817749,0.36226701736450195
RobustScaler,172,5,88.50167401665942,99.55318105519754,79.52436777759169,0.27937097914818204,0.8824129109200377,0.9958320670342552,0.7921876079298197,6.680064916610718,0.22166728973388672
RobustScaler,175,5,86.83390938069549,99.4436741815897,77.59169318372132,0.2790221977713341,0.8696770171815951,0.997408400357462,0.7709470194100988,6.073336601257324,0.38404154777526855
RobustScaler,178,5,86.94122683943462,99.47398870919803,76.16144699380338,0.2627468446267533,0.8602728968292922,0.99672444383786,0.7566830144366927,4.308278799057007,0.29605603218078613
RobustScaler,181,5,85.23765010702039,99.40709225585574,72.1855635571931,0.2415788005138755,0.8329914323639436,0.9971590909090909,0.7152379636665055,7.076720952987671,0.27367639541625977
RobustScaler,184,5,87.74052178291609,99.48693030704668,77.57829509294926,0.275718026627985,0.869629571923811,0.9970525187566989,0.7710851695793327,6.01105523109436,0.3208348751068115
RobustScaler,187,5,88.67152895974839,99.53032250809893,73.44833361246023,0.2602851153502017,0.8415962272445696,0.9985300393570108,0.7272915659321683,5.964128732681274,0.40701842308044434
RobustScaler,190,5,84.55723944069268,99.40241946694155,74.845084575448,0.2645213983292313,0.851245889949689,0.9979565298160877,0.7421427091248187,5.612123250961304,0.30426788330078125
RobustScaler,193,5,89.77403554200598,99.56407436927385,82.87389047060793,0.3126626798914743,0.9034900621000774,0.9961706555671176,0.826587000069075,6.541586399078369,0.3542976379394531
RobustScaler,196,5,82.54747263771836,99.24728673362118,75.02260927817785,0.2539803679721919,0.8526255459594063,0.9965811965811966,0.7450093251364233,6.001276731491089,0.35739803314208984
RobustScaler,199,5,83.91347843496557,99.36046220134959,75.67911572600904,0.2628634207849218,0.8569909203710634,0.9971126082771896,0.7513987704634938,6.967763423919678,0.3090975284576416
RobustScaler,202,5,89.28232788708364,99.55436022094636,76.45955451348183,0.25974306322745344,0.8623310479921645,0.996153149891383,0.7602058437521586,6.011805057525635,0.8629481792449951
RobustScaler,205,5,88.99041282291164,99.53175129514328,77.01222575782951,0.27298691497431293,0.8658758232523598,0.9972090929552104,0.7651101747599641,8.608764171600342,0.5740652084350586
RobustScaler,208,5,87.63527427676814,99.5052575724388,75.07285211857311,0.26921814634756025,0.8527444695080929,0.9983320978502594,0.744214961663328,5.265373229980469,0.21335101127624512
RobustScaler,211,5,88.55164228888611,99.52544998805107,74.61731703232289,0.25398340323131513,0.8498335447051364,0.9968851696885169,0.7405885197209366,5.091583967208862,0.40093302726745605
RobustScaler,214,5,84.5559763862875,99.38866574691139,69.17769217886452,0.2285278361380281,0.8114421540100816,0.9975816203143894,0.6838433377080887,5.435440301895142,0.3939478397369385
RobustScaler,217,5,86.69489098134689,99.46231648048487,80.59621503935689,0.27383155054305547,0.8894022413562688,0.9943649946638207,0.804482972991642,6.371027231216431,0.34209680557250977
RobustScaler,220,5,81.18328954872503,99.25838863000797,71.6697370624686,0.22887705119934515,0.8295376677818533,0.9959349593495935,0.7107826207087103,6.562078237533569,0.25379323959350586
RobustScaler,223,5,86.01627235730878,99.44252847921173,72.80187573270808,0.24961152756886706,0.8372223558656082,0.997706641184902,0.7212129584858742,6.517928600311279,0.6030576229095459
RobustScaler,226,5,81.68547921357441,99.27522339618181,67.53642605928654,0.21498620784645156,0.7994952211510613,0.9968530747007841,0.6673689300269393,5.9811882972717285,0.2870311737060547
RobustScaler,229,5,84.26754190906514,99.36415516404207,69.88109194439792,0.2285960682065571,0.8166095611029531,0.9971112660623568,0.6914415970159563,6.224603891372681,0.4639749526977539
RobustScaler,232,5,87.27984616725661,99.47057616349579,79.12242505442974,0.2812867196007935,0.8797669798036303,0.9963734871324332,0.7875941148027906,7.502609014511108,0.310833215713501
RobustScaler,235,5,84.20442177139336,99.29408424495256,71.92095126444482,0.2526409508048367,0.8309094943219638,0.9987392716869514,0.7113697589279547,6.354206323623657,0.3239414691925049
RobustScaler,238,5,85.15354295002129,99.39640011643033,70.37347178027132,0.2336388745175421,0.8201029145565115,0.9974273982090733,0.6963113904814533,3.7820072174072266,0.39456605911254883
RobustScaler,241,5,83.83312594197217,99.32666586661894,72.10852453525372,0.23533730624335372,0.8325524341933278,0.9964380264741276,0.7149616633280376,6.111926794052124,0.3685028553009033
RobustScaler,244,5,84.4813450122614,99.34310380630787,73.93066488025455,0.2638233977241654,0.8449138188701804,0.9985869718807404,0.7322304344822822,6.321103572845459,0.3597259521484375
RobustScaler,247,5,83.01793261261673,99.32341271433141,68.9264779768883,0.23472348391235873,0.8094563230431121,0.9985810571124513,0.6805622711887822,6.497456789016724,0.411135196685791
RobustScaler,250,5,86.83322706298951,99.43701196138971,70.8022106849774,0.2276828021420036,0.8233243478789598,0.9963698798135884,0.7014920218277267,6.156065225601196,0.23096346855163574
RobustScaler,253,5,86.90213731804828,99.45657382872189,74.15508290068665,0.25948297299115525,0.8465454834732111,0.9978900975243811,0.7350625129515783,4.616119623184204,0.4751858711242676
RobustScaler,256,5,86.27863693161882,99.45736703258221,71.26109529392062,0.24334071292697365,0.8263439119170984,0.9980443922949056,0.7050493886855012,6.080186128616333,0.5063066482543945
RobustScaler,259,5,86.6818521966452,99.48926574016312,73.39139172667895,0.2564374996624706,0.841259691471505,0.9981033665244191,0.7270152655937003,6.12295937538147,0.48685765266418457
RobustScaler,262,5,86.18422601061026,99.42460259004122,77.26343995980572,0.2612934797017699,0.8677112566261304,0.9957062349047321,0.7688747668715894,5.411377429962158,0.2956418991088867
RobustScaler,265,5,89.77424637051061,99.5641651934235,82.54228772399934,0.26826871546091097,0.9017937895688876,0.9922049921220665,0.8264833874421497,6.853174209594727,0.36650967597961426
RobustScaler,268,5,84.86108356498275,99.41146724837421,73.09663372969352,0.24953149766353067,0.8393021487735585,0.9974795510747575,0.7244249499205636,4.109238862991333,0.586273193359375
RobustScaler,271,5,82.13066660063262,99.28728436532408,66.93351197454362,0.21193832388498887,0.7950080983429545,0.9968235784211622,0.6611521724114112,5.613116025924683,0.3902890682220459
RobustScaler,274,5,84.74172779862765,99.35631009305223,69.74376151398425,0.21909233235908168,0.8157921569427167,0.9959667380371459,0.6908199212544035,7.151396989822388,0.5672593116760254
RobustScaler,277,5,87.95523144868238,99.48459467566902,78.46256908390555,0.2673610434723533,0.8755949386681113,0.9954249516100651,0.7815155073564966,5.515304327011108,0.601489782333374
RobustScaler,280,5,80.6571076000456,99.21496315478049,65.49991626193268,0.21499330526988572,0.7839583857706184,0.9981839547056939,0.6454375906610486,5.405795335769653,0.9476511478424072
RobustScaler,283,5,87.66597665691462,99.48237560748792,78.8879584659186,0.2626344508337049,0.8784448344358089,0.994584916371894,0.7865925260758444,5.562635660171509,0.6234276294708252
RobustScaler,286,5,81.05504065271893,99.17517009145384,69.278177859655,0.20477732559528283,0.8126633986928105,0.9944016794961511,0.6870898666850866,4.1830174922943115,0.5425381660461426
RobustScaler,289,5,88.68768608969626,99.50950371294785,77.02227432590855,0.2586889193641993,0.8661306689563656,0.9956034096007178,0.7664571389099951,6.64312219619751,0.8550634384155273
RobustScaler,292,5,86.6583659012263,99.43722769728845,74.77474459889466,0.2577848035402813,0.8508624274709389,0.9972148725804205,0.7419700214132763,6.828256368637085,0.5082731246948242
RobustScaler,295,5,85.26930313206059,99.39685940492582,74.74459889465751,0.25366488648955726,0.8507167181436605,0.9967523429525842,0.7420045589555847,5.953293800354004,0.8416895866394043
RobustScaler,298,5,87.48032299233573,99.44098231067086,73.29090604588846,0.25424631679489373,0.8405901403382512,0.9979115245870515,0.7261172894936796,5.476851463317871,0.6380114555358887
RobustScaler,301,5,83.28574997870632,99.32587517519084,75.07955116395914,0.24768085915864743,0.8531095755182626,0.9958056784660767,0.7461836015749119,4.7677412033081055,0.9200294017791748
RobustScaler,304,5,83.4538243792423,99.29787004943151,73.69954781443644,0.24249915584443854,0.8436417220916803,0.9961907449209932,0.7316087587207294,5.473459720611572,0.7504265308380127
RobustScaler,307,5,85.57191870115534,99.38640318406495,72.35303969184392,0.2348848289719711,0.834296956556653,0.9962124844184486,0.7176555916280998,6.3042943477630615,1.24202299118042
RobustScaler,310,5,83.64932373498873,99.33339337832133,65.49321721654664,0.2101153274759206,0.7840251572327044,0.9974927984636722,0.645817503626442,4.489858865737915,0.820793867111206
RobustScaler,313,5,84.7751077007833,99.43066799354625,66.41433595712611,0.21534908508336828,0.7909778824706594,0.9976336961665878,0.6552462526766595,5.486239671707153,0.5758359432220459
RobustScaler,316,5,83.72476009057806,99.35339755665176,66.598559705242,0.21775953439320556,0.7923278770461077,0.997849349559379,0.6570076673343925,5.5088441371917725,0.4511744976043701
RobustScaler,319,5,86.62352553252022,99.45115111851585,78.42572433428236,0.2804186631993241,0.87519618671162,0.9968660339880822,0.779995855494923,5.339580535888672,0.7352404594421387
RobustScaler,322,5,80.80446330844202,99.20173243836865,72.49037012225757,0.23803721342034442,0.8352159868381454,0.9965050031119835,0.7188644056088969,5.765750885009766,0.914038896560669
RobustScaler,325,5,84.61319332582886,99.39723967309762,69.1977893150226,0.23808770497042464,0.8113950531194881,0.998838618460917,0.6831871244042274,4.348029375076294,0.5963799953460693
RobustScaler,328,5,82.6993496592283,99.31093853470192,62.97102662870541,0.20474760499536224,0.7643510327627736,0.9983295283701765,0.6192235960489052,4.251711130142212,0.9783611297607422
RobustScaler,331,5,82.91711633831214,99.28266083657611,70.61463741416848,0.2353923491321296,0.8218209882811707,0.9974855790563526,0.6987635559853561,5.1458985805511475,0.8881616592407227
RobustScaler,334,5,87.30655430555123,99.48964719105655,70.926143024619,0.24900298027766676,0.8238207355687261,0.9990154573200748,0.7009048836084825,5.837169170379639,0.4219233989715576
RobustScaler,337,5,88.72930938638402,99.49381467095459,77.85295595377659,0.28227117487636,0.8713768820760223,0.9975503295920185,0.7735373350832355,4.899292707443237,1.0936963558197021
RobustScaler,340,5,86.30264838167656,99.42858050881547,71.07687154580472,0.23155736545089833,0.8252342690602926,0.9966756294304571,0.7041168750431719,5.001691102981567,0.9663872718811035
RobustScaler,343,5,82.79088372945965,99.30796944798126,65.3190420365098,0.2133797623905388,0.7825977407298534,0.9980719794344473,0.6436416384610071,7.600908517837524,0.8197150230407715
RobustScaler,346,5,86.0180375668796,99.4756651948825,65.26879919611456,0.22132645525797084,0.7820127399247377,0.9992478375329071,0.642363749395593,6.893806457519531,0.9240028858184814
RobustScaler,349,5,85.35784152090304,99.40590529575466,71.39842572433427,0.23227876743897716,0.827533275433742,0.9965461886462033,0.7075360917317124,6.347858667373657,0.7769186496734619
Normalizer,1,0,63.22853035589308,97.55447889486325,85.88511137162953,0.17910236800423543,0.9228289931509358,0.9822236082956495,0.8702079160046972,5.453798055648804,0.0979471206665039
Normalizer,4,0,71.94838580880369,98.65009566066803,98.42237481158935,0.6852740272800276,0.9919281589004473,0.9844541960063952,0.9995164744076811,5.398936033248901,0.10524272918701172
Normalizer,7,0,68.72039824047896,98.43145846097124,98.42907385697538,0.686832652539114,0.9919629851769343,0.9844222985612734,0.9996200870346066,4.538909673690796,0.14967656135559082
Normalizer,10,0,70.45254990176542,98.54968653811017,98.42237481158935,0.6852995834137239,0.9919278822259164,0.9844871576798775,0.9994819368653727,5.680306911468506,0.1982288360595703
Normalizer,13,0,69.48279244577701,98.50256664835312,98.4123262435103,0.6829317373434522,0.9918763282374717,0.9844526093760632,0.9994128617807557,4.095826625823975,0.11464238166809082
Normalizer,16,0,69.41583714594323,98.48202019696176,98.39892815273824,0.67989178977016,0.9918069315415995,0.9844834626378114,0.9992401740692133,5.0739195346832275,0.10652375221252441
Normalizer,19,0,73.36266941699479,98.72887664692884,98.4089767208173,0.6823800650588195,0.9918576546617069,0.9846169553823639,0.9992056365269048,5.819303274154663,0.2505161762237549
Normalizer,22,0,74.77617487634141,98.7431956842371,98.30514151733378,0.6605203353878469,0.991320456962503,0.9847328244274809,0.9979968225461077,5.839144468307495,0.07487797737121582
Normalizer,25,0,68.65783584003314,98.43055504098203,98.4123262435103,0.6830474260090218,0.9918754927839293,0.984551517626242,0.9993092491538302,3.2237861156463623,0.0806267261505127
Normalizer,28,0,76.9882757118586,99.03813412347932,98.44247194774745,0.6900324420703837,0.9920315311455745,0.9844903234583857,0.9996891621192237,5.424945116043091,0.09473943710327148
Normalizer,31,0,78.82290152614537,99.1423108918974,98.41567576620332,0.6837421659215357,0.9918933278489039,0.984486102133161,0.9994128617807557,4.5864691734313965,0.07322478294372559
Normalizer,34,0,73.2865986592687,98.8000877751858,98.44582147044046,0.6908302359156462,0.9920488038933443,0.9844908509625195,0.9997236996615321,6.806035995483398,0.1314222812652588
Normalizer,37,0,70.86729173612827,98.62182011613174,98.42907385697538,0.6868891720407915,0.9919621587345113,0.9845211770709305,0.9995164744076811,6.059937953948975,0.1376659870147705
Normalizer,40,0,68.89759001553,98.44998901647672,98.44247194774745,0.6900272584320492,0.9920318042394228,0.9844573682957521,0.9997236996615321,5.134565591812134,0.17449307441711426
Normalizer,43,0,68.43974716832402,98.41929165304524,98.44917099313348,0.6916323368360187,0.9920658041298946,0.984524335906942,0.9997236996615321,5.386996746063232,0.16395306587219238
Normalizer,46,0,68.08013890455197,98.39946465268183,98.44582147044046,0.6908302359156462,0.9920488038933443,0.9844908509625195,0.9997236996615321,4.259264230728149,0.07676291465759277
Normalizer,49,0,67.75473469072648,98.37487001116561,98.43912242505442,0.6892286034727158,0.9920145314963329,0.9844568396707707,0.9996891621192237,3.6622204780578613,0.1111609935760498
Normalizer,52,0,68.64866288345775,98.44485565512332,98.41902528889634,0.6845196279785546,0.9919106053335162,0.9844866299244743,0.9994473993230641,4.213937997817993,0.13508296012878418
Normalizer,55,0,69.0371431526313,98.46005513861117,98.44247194774745,0.6900324420703837,0.9920315311455745,0.9844903234583857,0.9996891621192237,6.700141668319702,0.12668275833129883
Normalizer,58,0,68.47809495669851,98.42425112268376,98.44917099313348,0.6916323368360187,0.9920658041298946,0.984524335906942,0.9997236996615321,6.368328094482422,0.12019491195678711
Normalizer,61,0,70.06578309334787,98.5314454154518,98.41567576620332,0.6837774981408122,0.9918930499614362,0.9845190704637474,0.9993783242384472,4.366388320922852,0.15970587730407715
Normalizer,64,0,67.94554982042395,98.3962489353663,98.42907385697538,0.6868481744723918,0.9919627097150103,0.9844552535800537,0.9995855494922982,5.461639404296875,0.14913511276245117
Normalizer,67,0,69.28831273334404,98.48080513615454,98.43912242505442,0.6892372385346038,0.992014257805806,0.9844897959183674,0.9996546245769151,3.7603986263275146,0.22943544387817383
Normalizer,70,0,68.00359282437901,98.40053109132288,98.41902528889634,0.6845196279785546,0.9919106053335162,0.9844866299244743,0.9994473993230641,6.52886962890625,0.16982173919677734
Normalizer,73,0,68.61758292862567,98.42645104509323,98.42907385697538,0.6869431577785982,0.9919616076784643,0.984587118505665,0.9994473993230641,5.150922775268555,0.18819284439086914
Normalizer,76,0,68.11009571844106,98.40592797896926,98.44582147044046,0.6908354013860033,0.9920485313774549,0.9845238095238096,0.9996891621192237,6.1140711307525635,0.2405397891998291
Normalizer,79,0,67.96479654627645,98.39811695799214,98.43912242505442,0.6892286034727158,0.9920145314963329,0.9844568396707707,0.9996891621192237,6.209771156311035,0.19417595863342285
Normalizer,82,0,68.99249350859034,98.46423012431353,98.43242337966839,0.6876545458305788,0.9919797093501508,0.984488740730662,0.9995855494922982,3.844435930252075,0.12119078636169434
Normalizer,85,0,68.46667571823713,98.43239872656551,98.43577290236142,0.6884325473047488,0.9919972581612544,0.9844563110098296,0.9996546245769151,7.482800006866455,0.20414471626281738
Normalizer,88,0,68.41701218903083,98.42168889676114,98.43912242505442,0.6892286034727158,0.9920145314963329,0.9844568396707707,0.9996891621192237,4.862719774246216,0.13362407684326172
Normalizer,91,0,67.86241439116907,98.380341259399,98.43242337966839,0.6876390756832044,0.991979984234157,0.9844557823129252,0.9996200870346066,4.97714900970459,0.1838226318359375
Normalizer,94,0,68.1524454151585,98.4094092524136,98.43242337966839,0.6876390756832044,0.991979984234157,0.9844557823129252,0.9996200870346066,4.432225465774536,0.3550844192504883
Normalizer,97,0,68.1381895749981,98.40839994788286,98.43912242505442,0.6892492620163593,0.9920139840965176,0.9845227566501122,0.9996200870346066,4.185465097427368,0.11014270782470703
Normalizer,100,0,68.34436835281682,98.42331764427789,98.42237481158935,0.6853283641112453,0.9919276055324181,0.9845201238390093,0.9994473993230641,4.335710763931274,0.11435675621032715
Normalizer,103,0,68.22150133354779,98.40190329581321,98.44247194774745,0.6900869586803742,0.9920304385829606,0.9846221889565543,0.9995510119499896,3.8267762660980225,0.13327407836914062
Normalizer,106,0,67.65779957753033,98.35989000856766,98.42237481158935,0.6852995834137239,0.9919278822259164,0.9844871576798775,0.9994819368653727,5.101328134536743,0.13847684860229492
Normalizer,109,0,67.8444019703802,98.3867781830159,98.42237481158935,0.6852995834137239,0.9919278822259164,0.9844871576798775,0.9994819368653727,4.2612996101379395,0.16779518127441406
Normalizer,112,0,67.97578262799186,98.39595626657182,98.39892815273824,0.67989178977016,0.9918069315415995,0.9844834626378114,0.9992401740692133,5.908316135406494,0.11670947074890137
Normalizer,115,0,68.05406900163962,98.39616477827975,98.43242337966839,0.6876733379554039,0.9919794344473007,0.9845217036331474,0.9995510119499896,4.87010931968689,0.1296069622039795
Normalizer,118,0,68.18317271140101,98.39745812342605,98.4123262435103,0.682967183812353,0.9918760497720495,0.9844855743059336,0.9993783242384472,5.541921377182007,0.26889896392822266
Normalizer,121,0,68.5398907080365,98.44009872778301,98.41902528889634,0.6845196279785546,0.9919106053335162,0.9844866299244743,0.9994473993230641,4.863385200500488,0.39901185035705566
Normalizer,124,0,69.78377888551759,98.51632518578694,98.41902528889634,0.6845196279785546,0.9919106053335162,0.9844866299244743,0.9994473993230641,3.6830966472625732,0.12227129936218262
Normalizer,127,0,68.31154043801885,98.3966944978996,98.4089767208173,0.6820880245363545,0.9918596082329352,0.9843861618532503,0.9994473993230641,5.6186363697052,0.16914725303649902
Normalizer,130,0,67.9272844054295,98.39151840401539,98.41902528889634,0.6845196279785546,0.9919106053335162,0.9844866299244743,0.9994473993230641,4.821261167526245,0.13924813270568848
Normalizer,133,0,67.39448435832657,98.33101631948335,98.38887958465918,0.6776713481317568,0.9917548039837496,0.9845148555287071,0.9991020238999793,6.415706634521484,0.29999327659606934
Normalizer,136,0,67.876674064575,98.38821056370841,98.40562719812426,0.6814246062213953,0.9918414918414918,0.9844845185437223,0.9993092491538302,5.636643171310425,0.23747706413269043
Normalizer,139,0,70.28930539060887,98.44566023675023,98.26159772232457,0.6507924671471415,0.9910973120400707,0.984527826057322,0.9977550597499482,6.8341591358184814,0.3309476375579834
Normalizer,142,0,68.0002004020768,98.4014786020841,98.41902528889634,0.6845196279785546,0.9919106053335162,0.9844866299244743,0.9994473993230641,5.251022577285767,0.26074647903442383
Normalizer,145,0,68.32869804505243,98.43036400629788,98.41902528889634,0.6845196279785546,0.9919106053335162,0.9844866299244743,0.9994473993230641,5.235768795013428,0.25031495094299316
Normalizer,148,0,69.47386673353891,98.43690815050192,98.41902528889634,0.6844651134590182,0.9919111598574171,0.9844207088917614,0.9995164744076811,5.772143125534058,0.37572622299194336
Normalizer,151,0,68.2121328814499,98.41710427939012,98.37883101658014,0.675350876318779,0.9917032364234778,0.9844802940575863,0.9990329488153623,4.632283449172974,0.23479104042053223
Normalizer,154,0,68.55500327857492,98.38898540815872,98.31853960810585,0.6617609648890084,0.9913932037170388,0.9843388260928776,0.9985494232230434,4.2358574867248535,0.39528965950012207
Normalizer,157,0,67.86435784665747,98.34034192285577,98.37213197119411,0.6735805172924362,0.9916698090569401,0.9843473526609501,0.9991020238999793,4.322429418563843,0.22726869583129883
Normalizer,160,0,68.22010986541706,98.41827720941156,98.30179199464077,0.6584388376665443,0.9913061371469726,0.984402138746041,0.998307660426884,6.416047096252441,0.32330775260925293
Normalizer,163,0,68.22846634069258,98.41903218550776,98.29844247194774,0.6580037525449699,0.9912882425572781,0.9844676067852034,0.9982040477999585,5.600863218307495,0.25115394592285156
Normalizer,166,0,67.66012444094989,98.29520555276937,98.38553006196616,0.6764915325301164,0.9917397861255827,0.9842506292945098,0.9993437866961387,3.2973620891571045,0.5679090023040771
Normalizer,169,0,67.57504363958384,98.32263832801755,98.29509294925474,0.6562688112497952,0.9912733382481527,0.9842031797909645,0.998445810596118,5.752881765365601,0.30422544479370117
Normalizer,172,0,67.13038715703281,98.26574649913941,98.28169485848267,0.6538252488488245,0.9912032511960491,0.984299969349181,0.9982040477999585,4.529277563095093,0.46094584465026855
Normalizer,175,0,68.30163149829993,98.42523993610043,98.41902528889634,0.6845196279785546,0.9919106053335162,0.9844866299244743,0.9994473993230641,3.3074488639831543,0.33427953720092773
Normalizer,178,0,67.98567815135141,98.33538476406635,98.39892815273824,0.6797981612905618,0.9918074932300415,0.9844175285792053,0.9993092491538302,4.060686826705933,0.23038077354431152
Normalizer,181,0,68.94034220302908,98.36444904437903,98.37213197119411,0.6736451189420726,0.9916695234830305,0.9843803171578303,0.9990674863576708,5.167026042938232,0.5616788864135742
Normalizer,184,0,67.98500541675926,98.38968970451323,98.41902528889634,0.6845869138897125,0.9919100507335802,0.9845525689009867,0.9993783242384472,3.8930184841156006,0.4281764030456543
Normalizer,187,0,67.723083582309,98.31375290975922,98.25824819963155,0.6489778711137802,0.9910821471445721,0.9842962256438207,0.9979622850037991,5.216279029846191,0.3776969909667969
Normalizer,190,0,67.7513882673707,98.3396081500128,98.28504438117568,0.6548019798269661,0.9912199471824947,0.984366485013624,0.9981695102576501,5.5167529582977295,0.291090726852417
Normalizer,193,0,66.95477084589841,98.2135368715126,98.26494724501758,0.65035256280792,0.9911167512690355,0.9842972954560938,0.9980313600884161,4.406066179275513,0.729945182800293
Normalizer,196,0,67.03457901802521,98.24102927352803,98.26829676771061,0.6513450028426336,0.9911334442367388,0.9843638221768012,0.9979968225461077,3.9849424362182617,0.44820094108581543
Normalizer,199,0,67.2294823040903,98.25804093179987,98.23815106347345,0.6445628337045837,0.9909789394251217,0.9842270218709546,0.9978241348345652,5.670819044113159,0.31162381172180176
Normalizer,202,0,67.65037841416638,98.24613361570577,98.18790822307821,0.6352250369792731,0.9907183419973579,0.9843180036136774,0.9972024590730124,4.45045804977417,0.4007382392883301
Normalizer,205,0,67.80616534612636,98.31212642995227,98.16781108692011,0.6311804324850888,0.9906147590206407,0.984281768897678,0.9970297713614699,4.177121162414551,0.35704755783081055
Normalizer,208,0,67.42136499267045,98.22294489148459,98.19125774577124,0.6362842038844334,0.9907350216182829,0.9843845891578589,0.9971679215307039,5.095383882522583,0.5419137477874756
Normalizer,211,0,67.66266204949686,98.3124131937252,98.03383017919947,0.6062642341228949,0.9899225737780906,0.9841611196449906,0.9957518822960558,5.347208499908447,0.42809391021728516
Normalizer,214,0,67.37642593859125,98.25977301714943,98.04722826997153,0.6088619635395683,0.9899915881272424,0.9841963340956412,0.9958554949229813,3.9269258975982666,0.3369874954223633
Normalizer,217,0,67.11066510873346,98.2435545974211,98.19795679115725,0.6371613540779393,0.9907702864985418,0.9843196073084265,0.9973060716999378,5.557952880859375,0.3072085380554199
Normalizer,220,0,67.6567991004446,98.25018576223346,97.97353877072517,0.5961610020950773,0.9896103450052378,0.9841513816306315,0.995130206534503,4.711884498596191,0.23861932754516602
Normalizer,223,0,67.9998400769961,98.27566006591843,98.21805392731537,0.6414631318892343,0.9908735332464146,0.98438884722885,0.9974442218691718,4.553499937057495,0.5099761486053467
Normalizer,226,0,67.13306659566473,98.19758792746525,98.17451013230615,0.6322374751773644,0.9906497160601849,0.9842498210206935,0.9971333839883953,6.651407241821289,0.33344554901123047
Normalizer,229,0,67.42539565035497,98.24246651208057,97.92664545302294,0.5893092190067746,0.9893666363183481,0.984209986670768,0.9945776058575672,5.156285524368286,0.3707764148712158
Normalizer,232,0,68.01131681414057,98.27604070640966,97.88645118070674,0.5838101087411944,0.9891575167104834,0.9842697397667818,0.9940940802652484,4.807206392288208,0.5109081268310547
Normalizer,235,0,67.30430917363888,98.22103346778933,97.92999497571596,0.5894915549195139,0.9893843616875085,0.9841774314811018,0.9946466809421841,3.720229387283325,0.34267520904541016
Normalizer,238,0,66.46945129466717,98.15629124796587,98.21470440462234,0.6402361799385711,0.9908571624611902,0.9842892683093072,0.9975132969537888,3.8340084552764893,0.41298460960388184
Normalizer,241,0,68.33962279483924,98.25936241059019,97.84290738569754,0.5769175850139862,0.988932045509229,0.9842296113847838,0.9936796297575464,3.145717144012451,0.28521728515625
Normalizer,244,0,67.93396575240438,98.2596390082053,97.91324736225087,0.5872133023955748,0.989297187720112,0.984207827721757,0.9944394556883333,5.558337211608887,0.40281057357788086
Normalizer,247,0,68.03521326683214,98.24278692894184,97.86300452185563,0.5791602441996339,0.9890370472197402,0.9841666096710211,0.9939559300960144,3.0541789531707764,0.46357274055480957
Normalizer,250,0,66.91447768541275,98.15839636352204,97.84960643108357,0.5775308582429322,0.988967176490806,0.9841975646463265,0.9937832423844719,3.766587018966675,0.3530402183532715
Normalizer,253,0,67.68524178234571,98.29814725404134,97.8563054764696,0.5785294121186306,0.9890019246631839,0.9841986455981941,0.9938523174690889,3.386629104614258,0.303638219833374
Normalizer,256,0,67.28459095858508,98.19943216278622,97.83955786300453,0.5760418700411902,0.9889150497533813,0.9841959429411966,0.9936796297575464,4.780715703964233,0.6418664455413818
Normalizer,259,0,67.44160069587207,98.20080684095947,97.75916931837213,0.5657281163949656,0.9884966556046564,0.9842824367359518,0.9927471161152173,4.798103094100952,0.4985840320587158
Normalizer,262,0,66.95692321326868,98.14094647507045,97.91324736225087,0.588626949378432,0.9892957165684438,0.9843402742161589,0.9943013055190992,4.140973091125488,0.49715471267700195
Normalizer,265,0,66.92052271362812,98.17958097776015,97.81946072684642,0.5730952634279988,0.9888107801515958,0.9841926985321792,0.9934724045036956,4.578471660614014,0.4421675205230713
Normalizer,268,0,67.21199695456309,98.21041542628835,97.86300452185563,0.5791602441996339,0.9890370472197402,0.9841666096710211,0.9939559300960144,5.276826858520508,0.5336673259735107
Normalizer,271,0,66.70358976544907,98.12353688614004,97.72567409144197,0.5602921288489959,0.9883235026052862,0.9842107065794431,0.9924708157767493,5.736555099487305,0.461118221282959
Normalizer,274,0,91.96273441350615,99.66001672750447,86.36074359403784,0.3759760159352969,0.9244835132228033,0.9982777955783403,0.8608482420390965,4.3096253871917725,0.7572627067565918
Normalizer,277,0,91.22869089221626,99.6463551263505,85.6071009881092,0.3683348250565041,0.9199590202104871,0.9985039019853625,0.8528700697658355,4.30911111831665,0.4029872417449951
Normalizer,280,0,91.99860017539397,99.66037473499297,86.0224418020432,0.3713052948808402,0.9224652087475149,0.9982708006595086,0.857359950265939,5.053786277770996,0.983708381652832
Normalizer,283,0,91.74497348429063,99.65664718158449,86.33394741249371,0.3764713637024255,0.9243183082915971,0.9983571085109794,0.8605028666160116,4.464766502380371,0.75663161277771
Normalizer,286,0,91.40595166568701,99.62040805900857,86.26025791324736,0.3689116701734351,0.923921510441782,0.9977567697484377,0.8602611038198522,4.376131057739258,0.6704192161560059
Normalizer,289,0,93.35685515016088,99.78264897399247,84.07301959470776,0.36362118419422135,0.9105513647736038,0.999876058665565,0.8358775989500588,4.544276237487793,0.9497277736663818
Normalizer,292,0,92.07936282566008,99.65600048958088,86.29710266287054,0.3733461107128141,0.9241156721262822,0.9981167608286252,0.8603301789044692,4.199167966842651,1.197483777999878
Normalizer,295,0,91.82586071503675,99.68059059386023,85.49991626193267,0.3703672043672328,0.9192907880753958,0.9988251022971276,0.8514885680734959,5.961080551147461,0.9328455924987793
Normalizer,298,0,90.99605505368575,99.55751435856155,86.1262770055267,0.35657836839282936,0.9231910395727478,0.9967964119814192,0.8597085031429164,4.106016159057617,0.6283590793609619
Normalizer,301,0,92.11226932199163,99.65638472866817,86.25690839055434,0.3727880098283624,0.9238761387038721,0.9981158548807376,0.8599157283967673,4.692995548248291,0.8987154960632324
Normalizer,304,0,91.85684100548485,99.64493513290564,86.38419025288896,0.37368973132143485,0.9246398843180512,0.9980389802697403,0.8612972300891069,3.922180414199829,1.240499496459961
Normalizer,307,0,91.37526653514546,99.66295693124246,84.4950594540278,0.3572734158874208,0.9132154708562216,0.998769735493131,0.8411618429232576,4.816122531890869,0.6011829376220703
Normalizer,310,0,91.60221767054128,99.63703651484174,85.8147713950762,0.3663380975182755,0.9212371440793022,0.9980656860769695,0.8553913103543552,5.1965625286102295,0.8327572345733643
Normalizer,313,0,92.80702590974992,99.70856072964831,85.83151900854128,0.37391104024097793,0.9212876814291031,0.9987492939562657,0.8549768598466533,4.691500186920166,0.7653119564056396
Normalizer,316,0,93.68787506870135,99.79435126013982,84.31418522860493,0.36650881372421623,0.9120249478687231,0.9998764262470651,0.83836430199627,5.28900933265686,0.6377274990081787
Normalizer,319,0,91.12270931954755,99.57411356220321,87.60676603583988,0.38020776436675974,0.9319327421906619,0.9970477090222012,0.8748014091317262,6.322174072265625,0.8065505027770996
Normalizer,322,0,92.11192049664754,99.66878500066781,86.1028303466756,0.3732710694825352,0.9229397670919931,0.9983525535420099,0.8581197761967259,4.06235408782959,0.9583930969238281
Normalizer,325,0,90.66746157957162,99.57098205751382,86.69569586333947,0.36976955754498186,0.9265423879272082,0.9972927780874273,0.8651654348276576,5.89487361907959,0.7602012157440186
Normalizer,328,0,92.14406992698511,99.66150571298141,86.54496734215374,0.3777035076200943,0.9255849280302328,0.998201941902745,0.8628168819506804,4.726774454116821,0.5516080856323242
Normalizer,331,0,91.05898544570334,99.56671094031717,87.70055267124435,0.3803246551898037,0.932490072069422,0.9969337212044972,0.8758720729432894,4.01849102973938,0.8738119602203369
Normalizer,334,0,91.79999972400633,99.62115720583019,86.92011388377156,0.37609326441797125,0.9278521939953811,0.9975765762186644,0.867237687366167,7.086182594299316,0.8910045623779297
Normalizer,337,0,91.47458592706698,99.60024913725833,86.4310835705912,0.3669105386805166,0.9249661968178703,0.997363690832834,0.86236789390067,3.7607297897338867,0.8815789222717285
Normalizer,340,0,91.38928088083689,99.60291417087561,87.21152235806397,0.37907865597626594,0.9295805820945073,0.9974667511082964,0.8703460661739311,4.4834277629852295,0.7344570159912109
Normalizer,343,0,92.0645760809925,99.66704122010715,86.34734550326579,0.37665880808223,0.9243981155173053,0.9983573717948718,0.8606410167852455,3.6574671268463135,0.5032069683074951
Normalizer,346,0,91.52872477044033,99.59674216810309,86.88661865684139,0.3720782385362139,0.9276754539912435,0.9972594034237597,0.8671686122815501,3.518512725830078,1.1576921939849854
Normalizer,349,0,91.48872485323845,99.5901962230727,88.10919443979233,0.38906544109772323,0.9348671657126082,0.9971428571428571,0.8799129653933826,5.526216506958008,0.6802232265472412
Normalizer,1,1,63.06524176241284,97.5486603076451,85.55685814771395,0.17574032369282258,0.92089234607764,0.9821554355482508,0.8668232368584652,4.229892253875732,0.11032342910766602
Normalizer,4,1,69.48891030565763,98.4916511118459,98.03048065650644,0.6077844607487976,0.9899028059209397,0.9843920765027322,0.9954755819575879,4.419352054595947,0.07874369621276855
Normalizer,7,1,68.54457876733096,98.41232595331743,98.0405292245855,0.6094743085653518,0.9899548397067157,0.9843936755113889,0.9955791945845134,7.2175352573394775,0.15475034713745117
Normalizer,10,1,68.61074825182921,98.4321541696153,97.78931502260929,0.5699521357172773,0.9886531650792559,0.9842872792003287,0.9930579539959936,3.7116522789001465,0.15439081192016602
Normalizer,13,1,68.0483306330674,98.39789374954105,97.91324736225087,0.588626949378432,0.9892957165684438,0.9843402742161589,0.9943013055190992,4.852815389633179,0.18808865547180176
Normalizer,16,1,67.90452259341754,98.38994908650587,97.81946072684642,0.5750441720653191,0.9888088566467828,0.9843584214669542,0.9932997167921531,3.7184906005859375,0.15780162811279297
Normalizer,19,1,69.89577482043737,98.51784022692111,97.76921788645117,0.5679411744725156,0.9885480431941674,0.9843503869597973,0.9927816536575257,4.833430528640747,0.0668485164642334
Normalizer,22,1,70.71329492983513,98.56808079636478,97.68882934181879,0.5587885274943498,0.9881288280228477,0.9844703462461433,0.991814602472888,5.956364870071411,0.1541895866394043
Normalizer,25,1,67.59867943157876,98.37448260161514,97.61848936526545,0.5475415143343045,0.9877652160446028,0.9842930141637231,0.9912620017959523,4.987578630447388,0.12517666816711426
Normalizer,28,1,68.01104082046174,98.41209366952673,97.64193602411656,0.5500802182607472,0.9878875468841403,0.9842635765222161,0.9915383021344201,3.6244125366210938,0.08718514442443848
Normalizer,31,1,67.52426463592562,98.37615741944154,97.58164461564228,0.5424797076859497,0.9875740052319978,0.984253859348199,0.9909166263728673,4.3889689445495605,0.0988008975982666
Normalizer,34,1,67.43258873560933,98.34862208141448,97.43091609445655,0.5256484699438478,0.9867883903195246,0.984296072299921,0.9892933618843683,6.480426073074341,0.08197474479675293
Normalizer,37,1,67.13874938217666,98.34395675983436,97.2131971194105,0.5015102824055728,0.985653688312584,0.9841942148760331,0.9871174967189335,4.814950227737427,0.11333274841308594
Normalizer,40,1,67.3978710307605,98.35774967012314,97.4443141852286,0.5291240222069585,0.9868563849029302,0.9844313846788328,0.9892933618843683,5.572694301605225,0.2657430171966553
Normalizer,43,1,67.87986140824088,98.38146058026709,97.23329425556858,0.5072175701379225,0.9857551822853793,0.9844309727197575,0.987082959176625,5.961285352706909,0.14328455924987793
Normalizer,46,1,67.13134163517208,98.34032001048483,97.1328085747781,0.49579481794291985,0.9852317035298989,0.9843146718146718,0.9861504455342958,4.1440887451171875,0.09839105606079102
Normalizer,49,1,66.98181822642323,98.32673624407855,96.92513816781108,0.4764052323084336,0.9841456253669995,0.9842476164156418,0.9840436554534779,4.558418035507202,0.14014172554016113
Normalizer,52,1,67.27155409050614,98.34280348037058,96.85144866856473,0.47073017511147813,0.9837589412211895,0.9842691190706679,0.9832492919803827,5.5556910037994385,0.15077900886535645
Normalizer,55,1,66.96651207698507,98.32324361438376,96.85479819125774,0.46987025892047934,0.98377762037213,0.9842027031698296,0.9833529046073082,5.213306903839111,0.08655285835266113
Normalizer,58,1,66.53455130365998,98.29197014024496,96.75431251046726,0.4616721834019651,0.9832506525158592,0.9841863040243607,0.9823167783380534,5.499459743499756,0.10796976089477539
Normalizer,61,1,67.05265277074271,98.33054705714584,96.49974878579802,0.4442528127632808,0.981911339599453,0.9842454106950759,0.9795883124956828,3.5256364345550537,0.1992189884185791
Normalizer,64,1,67.13008624725798,98.338405406436,96.58013733043042,0.4500753204729118,0.9823341119474003,0.9842585208557262,0.9804172135110866,4.648845195770264,0.10061049461364746
Normalizer,67,1,67.07743853639938,98.31224285618512,96.5164963992631,0.4442667298000824,0.9820006922810661,0.9841809477554985,0.9798300752918422,5.688696622848511,0.09910178184509277
Normalizer,70,1,67.72964034880388,98.37716229791042,96.41601071847262,0.43958097921888806,0.9814692944477157,0.984299013477838,0.9786557988533536,5.666530609130859,0.12081408500671387
Normalizer,73,1,66.9992096614347,98.32488165616637,96.11790319879418,0.4178250874532102,0.9798997589358492,0.984115372557216,0.975720107757132,4.535630464553833,0.13513588905334473
Normalizer,76,1,67.07486259539704,98.31384170032841,96.14134985764528,0.42229460681190867,0.9800201186305456,0.9842879041248607,0.975789182841749,5.195668458938599,0.12475299835205078
Normalizer,79,1,67.29185879212747,98.35069651426247,96.11120415340814,0.41983946895253144,0.9798615808919187,0.9842492246576298,0.975512882503281,5.782732963562012,0.1387500762939453
Normalizer,82,1,67.08058179774157,98.32902188165036,95.76285379333444,0.40167648096356556,0.9780156757790097,0.9842935600097946,0.9718173654762727,5.044772624969482,0.15679931640625
Normalizer,85,1,66.81284109656276,98.2755471913537,95.45804722826998,0.3848091800060808,0.9763985101124377,0.9841754385964913,0.9687435242108171,4.594758749008179,0.11572670936584473
Normalizer,88,1,66.81864463030915,98.31246502783611,95.6288728856138,0.3897008370280431,0.9773110558617453,0.9840002800826244,0.970712164122401,4.868973255157471,0.14832544326782227
Normalizer,91,1,66.9364824314307,98.3014129969919,95.74275665717636,0.396311759800215,0.9779144728839771,0.9840531561461794,0.9718519030185812,3.8880767822265625,0.12920331954956055
Normalizer,94,1,67.4618977310023,98.34929310326766,95.53508625020935,0.3886189912007342,0.9768081145501679,0.9841881989973005,0.9695378876839124,5.56595516204834,0.1082756519317627
Normalizer,97,1,66.49706216228628,98.29572076731802,95.43125104672583,0.3816624206940391,0.9762584418297013,0.9840690574777178,0.9685708364992747,5.878971099853516,0.25737595558166504
Normalizer,100,1,66.75806785105266,98.30061496760204,95.26042538938201,0.3754447570694913,0.9753462845195574,0.9841426110193031,0.9667058092146162,4.060717821121216,0.16771316528320312
Normalizer,103,1,67.04496328019101,98.29358771548365,95.62217384022776,0.3893551602145287,0.977275493349561,0.983999159693288,0.9706430890377841,4.445620059967041,0.2511789798736572
Normalizer,106,1,62.66812135779383,97.84408921822818,98.42907385697538,0.6868481744723918,0.9919627097150103,0.9844552535800537,0.9995855494922982,4.600516319274902,0.13091611862182617
Normalizer,109,1,62.716508416235584,97.83156864666998,98.41567576620332,0.6838159509359641,0.9918927720549167,0.9845520432814999,0.9993437866961387,4.850177764892578,0.15129661560058594
Normalizer,112,1,62.54710579612025,97.82002902286044,98.43577290236142,0.6884446111409731,0.9919969838740081,0.9844892683424606,0.9996200870346066,6.053959846496582,0.16328835487365723
Normalizer,115,1,62.796995072822845,97.85774656146553,98.43242337966839,0.6876390756832044,0.991979984234157,0.9844557823129252,0.9996200870346066,4.0696775913238525,0.16814160346984863
Normalizer,118,1,62.82726237960063,97.86461809468116,98.43577290236142,0.6884325473047488,0.9919972581612544,0.9844563110098296,0.9996546245769151,5.904896259307861,0.1148371696472168
Normalizer,121,1,62.848851218477584,97.85440063932306,98.43577290236142,0.6884446111409731,0.9919969838740081,0.9844892683424606,0.9996200870346066,4.650705575942993,0.24744153022766113
Normalizer,124,1,63.13830342239062,97.8906148088841,98.41567576620332,0.6837099947866563,0.9918936057173217,0.9844531382888246,0.9994473993230641,5.5188610553741455,0.16945958137512207
Normalizer,127,1,62.64113914244318,97.81847584659815,98.43577290236142,0.6884325473047488,0.9919972581612544,0.9844563110098296,0.9996546245769151,5.201140880584717,0.15763163566589355
Normalizer,130,1,62.59594709415839,97.7721629430207,98.42237481158935,0.685217130686528,0.9919289888102542,0.9843553378906914,0.9996200870346066,4.723118782043457,0.18012356758117676
Normalizer,133,1,62.55667932685449,97.8123620367074,98.42907385697538,0.6868481744723918,0.9919627097150103,0.9844552535800537,0.9995855494922982,3.1861140727996826,0.21047258377075195
Normalizer,136,1,62.66794502849903,97.83586607551764,98.43242337966839,0.6876390756832044,0.991979984234157,0.9844557823129252,0.9996200870346066,3.737934112548828,0.15503525733947754
Normalizer,139,1,62.504629602300014,97.82983911490852,98.43242337966839,0.6876390756832044,0.991979984234157,0.9844557823129252,0.9996200870346066,6.300564289093018,0.14809966087341309
Normalizer,142,1,62.33435683544728,97.72368400819815,98.42572433428236,0.6860598296447985,0.9919454346037839,0.9844547248112117,0.9995510119499896,3.806750774383545,0.7283592224121094
Normalizer,145,1,62.15882293909194,97.72269706664885,98.4089767208173,0.6819911400176428,0.9918607241385219,0.9842543785070567,0.9995855494922982,5.052749156951904,0.3688771724700928
Normalizer,148,1,62.98319114164555,97.88569122352594,98.43242337966839,0.6876390756832044,0.991979984234157,0.9844557823129252,0.9996200870346066,5.712590932846069,0.4662058353424072
Normalizer,151,1,62.54233340542391,97.77142795014882,98.41567576620332,0.6836328630078441,0.991894439208294,0.9843542736641611,0.9995510119499896,4.763124465942383,0.21718311309814453
Normalizer,154,1,62.518168625544575,97.8312413841289,98.43242337966839,0.6876390756832044,0.991979984234157,0.9844557823129252,0.9996200870346066,5.10206937789917,0.5882449150085449
Normalizer,157,1,61.86944548346695,97.68879485644779,98.41902528889634,0.6844237061439244,0.9919117143052986,0.9843548057955241,0.9995855494922982,5.569231033325195,0.27782678604125977
Normalizer,160,1,62.13492073653206,97.71363765724085,98.40562719812426,0.6811784702000986,0.99184372858122,0.9842209072978304,0.9995855494922982,3.303304672241211,0.47477221488952637
Normalizer,163,1,62.14401894481944,97.73175930849436,98.41902528889634,0.6844237061439244,0.9919117143052986,0.9843548057955241,0.9995855494922982,5.4091596603393555,0.5142154693603516
Normalizer,166,1,62.831275787680205,97.79425837912959,98.29844247194774,0.657735546611364,0.9912888401124905,0.9844016075199237,0.9982731228845755,3.310675859451294,0.24985742568969727
Normalizer,169,1,61.899064971748594,97.68788833716556,98.40227767543125,0.6804330734765743,0.9918258932396539,0.9842862487670487,0.9994819368653727,4.629889011383057,0.28327298164367676
Normalizer,172,1,62.24331917051327,97.6990381795447,98.40562719812426,0.6812464242776066,0.9918428899475614,0.9843197278911565,0.9994819368653727,7.554208517074585,0.312542200088501
Normalizer,175,1,61.74365369785148,97.67019286160719,98.38553006196616,0.6764519357234082,0.9917400692326147,0.9842176870748299,0.9993783242384472,5.5497400760650635,0.27414870262145996
Normalizer,178,1,61.98763210993259,97.66162166590449,98.41902528889634,0.6844237061439244,0.9919117143052986,0.9843548057955241,0.9995855494922982,5.076313734054565,0.3318018913269043
Normalizer,181,1,61.855657299262326,97.67091837484368,98.31519008541282,0.6609292196668121,0.9913762065595694,0.984305314404385,0.9985494232230434,5.730275869369507,0.42247819900512695
Normalizer,184,1,62.02658746772504,97.69099117266458,98.3084910400268,0.6591524180979027,0.9913425108432908,0.9842053307008884,0.9985839607653519,5.396588087081909,0.34426188468933105
Normalizer,187,1,61.96326416803966,97.6802051055294,98.32188913079885,0.6620718292420205,0.9914116739521728,0.9842074810251523,0.9987221109345858,5.46528172492981,0.3163599967956543
Normalizer,190,1,62.15557043025191,97.7473742455967,98.37213197119411,0.6734601162469795,0.9916703801460255,0.9842814371257484,0.9991710989845962,4.65862774848938,0.39376211166381836
Normalizer,193,1,62.03747580167921,97.70398925319319,98.3687824485011,0.672759567994363,0.9916528118197556,0.9843138589268093,0.9991020238999793,5.130153179168701,0.27611398696899414
Normalizer,196,1,62.007035998852174,97.691014802367,98.42237481158935,0.685217130686528,0.9919289888102542,0.9843553378906914,0.9996200870346066,4.367804527282715,0.3026254177093506
Normalizer,199,1,62.187474532874965,97.75008908769682,98.40562719812426,0.6811977752510364,0.9918434490558278,0.9842538430145559,0.9995510119499896,4.900270700454712,0.5407938957214355
Normalizer,202,1,62.40178170785961,97.73422592149255,98.39892815273824,0.6795926500365365,0.9918091778333733,0.9842198340361855,0.9995164744076811,4.1410300731658936,0.46524906158447266
Normalizer,205,1,62.408625967769936,97.72873944247095,98.38887958465918,0.6772332839453045,0.9917573472710136,0.9842182238699364,0.9994128617807557,4.497631788253784,0.4597592353820801
Normalizer,208,1,62.23031871826695,97.72904009999452,98.23145201808742,0.6435592660142291,0.9909437069054234,0.9842919449366226,0.9976859846653312,4.537269592285156,0.17829513549804688
Normalizer,211,1,61.94869016849951,97.6548260761313,98.27499581309664,0.6522873859095847,0.9911689558790747,0.9842659128835609,0.9981695102576501,3.9073126316070557,0.1479477882385254
Normalizer,214,1,61.96110221755555,97.66739367297342,98.27834533578965,0.6529866314145647,0.9911862546726569,0.9842664487127094,0.9982040477999585,4.144604444503784,0.2429971694946289
Normalizer,217,1,61.906972957296034,97.66044134887468,98.14101490537598,0.6264009607412566,0.9904758636075026,0.9843105153654627,0.9967189334806935,3.8310742378234863,0.21256661415100098
Normalizer,220,1,62.04841396782543,97.68439573424105,98.38553006196616,0.6764915325301164,0.9917397861255827,0.9842506292945098,0.9993437866961387,5.927284240722656,0.21022582054138184
Normalizer,223,1,62.101805328318626,97.69731302993286,98.35538435772902,0.6695320297707759,0.9915845402348101,0.9842128542751183,0.9990674863576708,3.9866371154785156,0.268054723739624
Normalizer,226,1,61.762156774069354,97.6291485435131,98.29509294925474,0.6566410728618813,0.9912724404588399,0.9843021078080839,0.9983421979691925,4.350956678390503,0.22707152366638184
Normalizer,229,1,61.815247224787726,97.67484157571101,98.29844247194774,0.6571053041596975,0.9912903336419435,0.9842366880021789,0.998445810596118,6.5796284675598145,0.32761406898498535
Normalizer,232,1,62.09232954534565,97.68522757600519,98.2883939038687,0.6553631117880645,0.9912375465130236,0.9843340258148009,0.9982385853422671,6.11424708366394,0.1873469352722168
Normalizer,235,1,62.464436106198384,97.77796217206324,98.34533578964998,0.6674277609708544,0.9915321060029484,0.9842771576368091,0.9988947986461283,4.784906387329102,0.35416507720947266
Normalizer,238,1,61.68983109723511,97.64898304862851,98.39892815273824,0.6796809649016771,0.9918083356183164,0.9843186611334105,0.9994128617807557,6.601142644882202,0.2165079116821289
Normalizer,241,1,62.25238096296801,97.7428756648969,98.38887958465918,0.6772695544609039,0.9917570647610234,0.9842511650056124,0.9993783242384472,3.952836275100708,0.18993639945983887
Normalizer,244,1,61.71674814741159,97.63995563255558,98.40227767543125,0.6804624277980665,0.9918256130790191,0.9843191945304262,0.9994473993230641,5.804866075515747,0.37115049362182617
Normalizer,247,1,61.77746484013028,97.65572994694298,98.39557863004522,0.6788659911294852,0.9917913389200212,0.9842851797680193,0.9994128617807557,5.171942472457886,0.3549199104309082
Normalizer,250,1,61.8283760907596,97.65253597689629,98.2481996315525,0.6466067462538665,0.9910308518118365,0.9842286337159791,0.9979277474614906,5.314587354660034,0.2345438003540039
Normalizer,253,1,62.588508681189516,97.77701357743918,98.36208340311505,0.671393058895673,0.991617669746473,0.984378722390498,0.9989638737307454,5.839609146118164,0.4238429069519043
Normalizer,256,1,61.873318978084335,97.67479532829024,98.348685312343,0.6681735119487752,0.9915493923447437,0.9842776927003574,0.9989293361884368,5.36438512802124,0.47685766220092773
Normalizer,259,1,62.17691777465991,97.72120244311557,98.28504438117568,0.6542591391293782,0.991221151538013,0.9842345409970036,0.998307660426884,6.813631534576416,0.2529449462890625
Normalizer,262,1,61.90891641278442,97.65821182527921,98.39222910735221,0.6780500985748077,0.9917743428042637,0.9842517006802721,0.9994128617807557,5.502185821533203,0.5424058437347412
Normalizer,265,1,61.776803605274765,97.64109387653531,98.20130631385028,0.6372200978789795,0.9907885482957957,0.9842211089527315,0.9974442218691718,6.093234539031982,0.2347261905670166
Normalizer,268,1,61.67196817302227,97.62807097510016,98.26159772232457,0.6493603606733034,0.9911000600188631,0.9842307823303021,0.9980658976307246,4.974740505218506,0.2660410404205322
Normalizer,271,1,61.42201373114552,97.55922465043514,98.38218053927315,0.6757620516513182,0.9917222231743474,0.9842830413335601,0.9992747116115217,5.099257469177246,0.20534420013427734
Normalizer,274,1,61.80455630297881,97.63702244833209,98.20130631385028,0.6372200978789795,0.9907885482957957,0.9842211089527315,0.9974442218691718,5.383520126342773,0.25043725967407227
Normalizer,277,1,61.37096640029955,97.57669452506987,98.34198626695697,0.6667707615888796,0.9915145281563383,0.984309587828869,0.9988257235615113,5.440743923187256,0.3028440475463867
Normalizer,280,1,85.79666763698887,99.32326845379166,96.905041031653,0.5269773774503104,0.9839866902360404,0.9875121747599833,0.9804862885957035,6.085335969924927,0.24303913116455078
Normalizer,283,1,86.87546942883185,99.37193802677862,90.07536426059286,0.3328027149662523,0.9465885534024335,0.9900079182534596,0.9068177108516958,5.203282356262207,0.4622321128845215
Normalizer,286,1,86.93278794938001,99.40318535167806,89.59638251549154,0.3206821156548324,0.9438803165540418,0.9896938466201879,0.9021206050977413,5.362064599990845,0.24694514274597168
Normalizer,289,1,87.62811569072363,99.38076983213804,89.42555685814771,0.3294803118174691,0.942856625699133,0.9905678317422888,0.8995302894246046,5.363834619522095,0.2196946144104004
Normalizer,292,1,85.74141715240913,99.20339702945901,90.59454027801038,0.3392811255995849,0.9495363381496658,0.9898089171974522,0.9124127927056711,4.780211687088013,0.1671128273010254
Normalizer,295,1,80.40402714643159,98.96418938938776,97.53140177524703,0.5574237038484865,0.9872928843600752,0.9857462558099501,0.988844373834358,4.827139854431152,0.38539671897888184
Normalizer,298,1,86.75736713376807,99.32616107909094,90.4136660525875,0.3307090822246183,0.9485344362524726,0.989420768307323,0.9108931408440976,5.138350486755371,0.45500636100769043
Normalizer,301,1,86.40022748012328,99.35750523940774,90.56439457377323,0.32654740929302417,0.9494100533376435,0.9889258857420778,0.9129308558402984,5.715342998504639,0.4860107898712158
Normalizer,304,1,79.80448837786784,98.91736016794282,97.49790654831686,0.5607619690215094,0.9871115788747218,0.9862437510774005,0.9879809352766458,5.606019020080566,0.23351526260375977
Normalizer,307,1,83.04858899381675,99.09004040216456,97.20314855133142,0.5411875325746444,0.9855618764373282,0.9868416496416081,0.9842854182496373,7.745097875595093,0.24540114402770996
Normalizer,310,1,87.96241686744568,99.36288168934801,88.40395243677776,0.3241481626755663,0.9369329981418735,0.9913646877409407,0.8881674380051116,4.580455541610718,0.29457926750183105
Normalizer,313,1,88.63044998392719,99.4880997592409,88.79249706916764,0.32319591528888647,0.9392078488372093,0.9908379973932377,0.8926918560475237,5.134894609451294,0.5117096900939941
Normalizer,316,1,79.93256094457918,98.95568860918209,91.42857142857143,0.30704423978959416,0.9543711998288251,0.9864720409893472,0.9242937072597914,5.184373617172241,0.28826904296875
Normalizer,319,1,83.87436399748324,99.18049375167016,91.41852286049237,0.3369747790440244,0.9542222063395633,0.9885236191322375,0.922221454721282,5.625002861022949,0.3981475830078125
Normalizer,322,1,87.84736583583113,99.29891666423657,88.62167141182381,0.3356832294915664,0.9381520254893035,0.9920295714450733,0.889825240035919,4.253106355667114,0.482208251953125
Normalizer,325,1,83.63152022608176,99.12014283666592,91.44196951934349,0.33852906319802606,0.954349729314442,0.9885989265223024,0.9223941424328245,4.764305591583252,0.39925098419189453
Normalizer,328,1,83.87178805648088,99.10453340337698,90.87255066153072,0.33830390245765773,0.9511237063476405,0.9893652748236874,0.915728396767286,5.501348257064819,0.5526707172393799
Normalizer,331,1,84.0385859862523,99.1151868941214,90.69502595880087,0.32759024410608395,0.9501507321274764,0.9888324493912004,0.9143814326172549,5.930722951889038,0.3557446002960205
Normalizer,334,1,85.0566442526578,99.1399377988692,90.15240328253223,0.3347420970208662,0.9470232088799193,0.9900535001130284,0.9075775367824825,4.451421499252319,0.40583086013793945
Normalizer,337,1,83.52408202010812,99.15114004948758,91.59269804052921,0.33401232646193313,0.9552137606166583,0.9880767811000369,0.9244663949713339,4.230319499969482,0.25277066230773926
Normalizer,340,1,86.41977703237337,99.32573058647975,90.57444314185229,0.33434710325276695,0.9494394135403191,0.9894764437120815,0.9125164053325965,6.629709005355835,0.23062777519226074
Normalizer,343,1,82.64519164962726,99.09572763314401,97.4041199129124,0.5648392589406527,0.9866086085048296,0.9872056433486635,0.9860122953650619,5.71347188949585,0.28204345703125
Normalizer,346,1,82.43632768330829,99.07899684329323,97.40077039021939,0.5626225634131332,0.9865929509329647,0.98707045564544,0.9861159079919873,6.377912998199463,0.28485870361328125
Normalizer,349,1,82.86205751600937,99.1247487688753,97.25339139172668,0.5452618947960196,0.9858254105445117,0.9868147840531561,0.9848380189265732,4.617849111557007,0.45807337760925293
Normalizer,1,3,62.9711777501256,97.55597242826147,84.06967007201473,0.16636148095360934,0.9119976315594701,0.9822239936229573,0.851143192650411,8.460968494415283,0.11329245567321777
Normalizer,4,3,67.53752766549137,98.36577000037691,97.35052754982415,0.5152741343067948,0.9863707634784706,0.9841831998074476,0.98856807349589,6.999293565750122,0.06336164474487305
Normalizer,7,3,66.33539503166912,98.27615417513411,97.16965332440127,0.49773809130918645,0.9854257576018903,0.9842204995693368,0.9866339711266147,5.0230629444122314,0.05423545837402344
Normalizer,10,3,66.8295923795692,98.28458435004318,97.04907050745268,0.48631769347230436,0.9847954023781993,0.9842009037910932,0.985390619603509,4.869347095489502,0.1882643699645996
Normalizer,13,3,65.8430299751368,98.16963548839512,96.99547814436443,0.48034552774875927,0.9845160622119418,0.9841253407875211,0.9849070940111901,5.290301084518433,0.10813760757446289
Normalizer,16,3,66.04001854677522,98.11997948895741,96.91174007703903,0.47468897976975855,0.9840759930915371,0.9842119809300076,0.9839400428265525,6.250440835952759,0.21726727485656738
Normalizer,19,3,66.67003736724416,98.2199478746436,96.86149723664379,0.4698607452218787,0.9838132914125797,0.9841703245429095,0.9834565172342337,7.323233366012573,0.12255501747131348
Normalizer,22,3,65.02537953539071,98.00889281555149,96.58348685312343,0.4473781366707694,0.9823547728609487,0.9840912241785664,0.9806244387649374,6.376898765563965,0.2733328342437744
Normalizer,25,3,66.88925301314181,98.19547991812829,96.74426394238822,0.4602938490474289,0.9831985065339142,0.9841511523288808,0.9822477032534365,6.6259942054748535,0.11808085441589355
Normalizer,28,3,64.86191461261566,98.0081655394403,96.49974878579802,0.4406908804979814,0.9819150961355416,0.9840438447396719,0.9797955377495338,5.783639907836914,0.14916062355041504
Normalizer,31,3,65.15109848934092,98.07954315189733,96.03416513146877,0.4109371041937768,0.979459421949273,0.9840002788622421,0.9749602818263452,5.746804237365723,0.12790155410766602
Normalizer,34,3,64.38218010013512,97.92684860523573,95.99732038184558,0.40998167833353105,0.9792631926006906,0.9840616607958707,0.9745112937763348,4.681110382080078,0.09335708618164062
Normalizer,37,3,64.95999394960525,98.03325895977883,95.85329090604588,0.40235645028031075,0.978500225764996,0.9840715383540589,0.9729916419147614,3.9286162853240967,0.1159517765045166
Normalizer,40,3,64.95832073792735,98.00541553733642,95.68246524870206,0.3924940962868722,0.9775954669494029,0.9840092375520487,0.9712647647993369,6.723413944244385,0.15240073204040527
Normalizer,43,3,64.77237574668749,97.99204086479271,95.59537765868363,0.3892115681088962,0.9771316279150652,0.9840624890539074,0.9702977136146992,4.374384164810181,0.08454084396362305
Normalizer,46,3,64.87330893498103,98.00386336649458,95.59202813599063,0.389655383911943,0.9771130434782609,0.9840958453023191,0.9702286385300822,6.90350866317749,0.26697731018066406
Normalizer,49,3,65.35968071211275,98.06713591613074,95.31401775247026,0.37485193119152604,0.9756360913254732,0.9839814522078196,0.9674310976030945,4.454287052154541,0.1546785831451416
Normalizer,52,3,64.85079245068357,97.98665292944283,95.1967844582147,0.36947044719361216,0.9750113268044471,0.9839617332583005,0.9662222836222975,6.60584568977356,0.3344295024871826
Normalizer,55,3,64.61919158844864,97.97947075927765,94.95226930162451,0.358213317378917,0.9737067085405217,0.9838863227671802,0.9637355805760862,4.399977207183838,0.1761636734008789
Normalizer,58,3,64.7856713588403,97.97541745604602,95.35086250209345,0.3771998705083319,0.9758314469789309,0.9840216322517208,0.9677764730261794,7.512873888015747,0.26236844062805176
Normalizer,61,3,64.71981045060798,97.95453793891156,95.3408139340144,0.3761092018284792,0.9757787877204896,0.9839859525899912,0.9677073979415625,6.772200584411621,0.19617652893066406
Normalizer,64,3,64.08379643411568,97.8982683613444,94.92212359738737,0.357568857836993,0.9735446042161106,0.983915343915344,0.9633902051530013,5.19837760925293,0.14066696166992188
Normalizer,67,3,64.36176806763869,97.92103895503152,95.26377491207502,0.3712871287659304,0.975370144574116,0.983904976103458,0.9669821095530842,5.978116750717163,0.2796804904937744
Normalizer,70,3,64.90744590313066,97.98761312418766,94.84173505275498,0.35487349725191836,0.9731135863682391,0.9839358847620393,0.9625267665952891,5.718368768692017,0.2590065002441406
Normalizer,73,3,64.14044030344891,97.90412253809647,94.65751130463909,0.34632800815712617,0.9721285407237842,0.9838361687829378,0.9606962768529391,2.471057891845703,0.15937280654907227
Normalizer,76,3,64.41165009184073,97.90826806538504,94.67090939541116,0.34684778116692505,0.9722003809124425,0.9838384552816777,0.9608344270221731,5.408070087432861,0.18831276893615723
Normalizer,79,3,63.67183178614601,97.7891828999347,94.32255903533746,0.3339081181588127,0.970329266371418,0.983778795300465,0.9572425226220902,6.365771055221558,0.2298753261566162
Normalizer,82,3,64.41462469037917,97.90145430398287,94.29911237648635,0.33368850005521145,0.9702020378864806,0.9838091180230081,0.9569662222836223,7.50498104095459,0.37284183502197266
Normalizer,85,3,64.8155783405374,98.01700858292783,96.38921453692849,0.4323634327038747,0.9813339797755922,0.983991943884992,0.978690336395662,6.1981024742126465,0.31241583824157715
Normalizer,88,3,65.06640867901989,98.08868232672319,96.29877742421705,0.4250808308229909,0.9808588404441442,0.9839096437880104,0.9778268978379498,6.087705612182617,0.17482662200927734
Normalizer,91,3,64.214264779289,97.95177215842263,92.9258080723497,0.27838931469798006,0.9627867639285337,0.9827697841726619,0.9436001934102369,6.133973598480225,0.12405729293823242
Normalizer,94,3,64.69594274725794,98.02820924435129,96.20164126611958,0.4163472814159154,0.980349344978166,0.9837587813869375,0.9769634592802376,4.838705062866211,0.3427400588989258
Normalizer,97,3,64.9992329675676,98.03903735073355,96.01406799531067,0.40790645208917925,0.9793553311821241,0.9838957055214724,0.9748566691994198,5.603026628494263,0.24030280113220215
Normalizer,100,3,62.37501415425915,97.7802865925301,96.1647965164964,0.4201202364511742,0.9801480659534997,0.9840894057027469,0.9762381708917593,6.390412330627441,0.10776877403259277
Normalizer,103,3,63.02217716540232,97.8191376086346,96.23178697035672,0.42677123529218963,0.9804988819358976,0.9842352531755698,0.9767907715686952,6.328071355819702,0.34682321548461914
Normalizer,106,3,57.98635816911006,97.07820692059946,96.88494389549489,0.46324887548995486,0.9839444789724466,0.9836727649292372,0.9842163431650204,5.298731565475464,0.20257782936096191
Normalizer,109,3,57.58169202064708,97.0797037046783,95.78630045218557,0.3937337666380656,0.9781513772621487,0.9837898267188373,0.9725771914070594,6.421849250793457,0.2986903190612793
Normalizer,112,3,57.813607209016226,97.1109278422275,95.38100820633059,0.3773976393367907,0.9759935936493568,0.9839587209098248,0.9681563859915728,4.983561277389526,0.4229855537414551
Normalizer,115,3,57.915295546681,97.11117493472898,95.75950427064144,0.3910380511489945,0.978010907701393,0.9837176799440951,0.9723699661532086,4.6244142055511475,0.1674962043762207
Normalizer,118,3,57.06170076351352,97.00613904341996,95.2369787305309,0.36633886494221896,0.9752325216846065,0.9836964160224877,0.9669130344684672,6.079347848892212,0.24412989616394043
Normalizer,121,3,57.886584537592135,97.08040805041051,95.63892145369284,0.38340395742548977,0.9773730492509819,0.983629494892962,0.9711956897147199,5.21085786819458,0.17284393310546875
Normalizer,124,3,57.63599569357862,97.09107658837408,95.24032825322392,0.3664918076979187,0.97525037011234,0.9836969888619514,0.9669475720107757,3.239729642868042,0.1716930866241455
Normalizer,127,3,57.94107028968679,97.15658903011185,95.46809579634902,0.37602903879341265,0.9764642440899681,0.9836680335050643,0.9693651999723699,5.030733346939087,0.1797628402709961
Normalizer,130,3,57.158480630265295,97.01870153770211,95.48819293250712,0.37264134344686023,0.9765767645677917,0.983434315133261,0.9698141880223803,4.905688285827637,0.23378276824951172
Normalizer,133,3,57.565845383587884,97.04288734089745,95.76620331602747,0.3932600820461116,0.9780441202014938,0.9838202404249371,0.9723354286109,6.505619525909424,0.12762689590454102
Normalizer,136,3,57.23715224508974,97.0134511741618,95.76285379333444,0.39307873196368953,0.9780263683579704,0.9838196749956316,0.9723008910685915,8.18464207649231,0.21111154556274414
Normalizer,139,3,57.13062635155446,97.01418461908035,95.40110534248869,0.36902592628066816,0.9761130151881556,0.9834531113058721,0.9688816743800511,4.510486364364624,0.19196414947509766
Normalizer,142,3,56.93584764596942,96.98926263472359,95.38770725171663,0.37088716450638504,0.9760384220509162,0.9835864342580577,0.9686053740415832,6.333093881607056,0.13875532150268555
Normalizer,145,3,56.571746818425375,96.9614662668295,95.31736727516329,0.3625421836561919,0.9756708781455571,0.9833029325101725,0.9681563859915728,6.434712648391724,0.375201940536499
Normalizer,148,3,57.57825743264393,97.05873931795249,95.33746441132138,0.36662643902367426,0.9757736085488531,0.9834760033679484,0.9681909235338814,7.305417776107788,0.18537497520446777
Normalizer,151,3,57.410457109164014,97.04233212890209,95.31401775247026,0.3592276603273447,0.9756572880235249,0.9831328681137567,0.9682945361608069,6.565475225448608,0.22806096076965332
Normalizer,154,3,56.929264046755776,96.99744385521443,95.45134818288395,0.3670528160815027,0.9763858941364679,0.9832247671079358,0.9696415003108378,4.545702934265137,0.29696154594421387
Normalizer,157,3,56.65591147410755,96.97802118962277,95.4446491374979,0.3667260125740801,0.9763502938823775,0.9832235920425889,0.9695724252262209,5.232926368713379,0.24234318733215332
Normalizer,160,3,56.70306231086288,96.9357218496537,95.78630045218557,0.3937337666380656,0.9781513772621487,0.9837898267188373,0.9725771914070594,5.887612819671631,0.15638113021850586
Normalizer,163,3,56.746845641411994,96.97420422338215,95.75950427064144,0.39413389930166565,0.9780070877631853,0.9838867528836072,0.9721972784416661,5.98297381401062,0.2030808925628662
Normalizer,166,3,57.093834860868895,96.98839556859494,95.62217384022776,0.3819129831858292,0.9772849719320809,0.983592793423124,0.9710575395454859,5.1941564083099365,0.17030715942382812
Normalizer,169,3,56.7657128759561,96.98014151762443,95.6489700217719,0.3725941963431561,0.9774404751567357,0.9830230202256611,0.9719209781031982,7.31687068939209,0.2909221649169922
Normalizer,172,3,56.844900062305584,96.93747280532276,95.75950427064144,0.3922784238923403,0.978009379885357,0.9837852949398938,0.9723008910685915,5.3039233684539795,0.19645476341247559
Normalizer,175,3,56.52225961851387,96.96326945844532,95.40110534248869,0.35826511411030765,0.9761271364734929,0.9828775517350047,0.9694688125992954,6.850825071334839,0.28485727310180664
Normalizer,178,3,56.70143318150871,96.93493810840317,95.16663875397757,0.3499616096534405,0.9748759467223819,0.9829711035427127,0.9669130344684672,5.818173408508301,0.42183828353881836
Normalizer,181,3,56.99942968972865,96.94382842103842,95.7729023614135,0.39547637412045417,0.9780773373171664,0.9839228295819936,0.9723008910685915,6.4196789264678955,0.3186676502227783
Normalizer,184,3,56.970588350291486,96.9821608415437,95.74610617986937,0.39464567529666195,0.977934533324067,0.9839521711768408,0.9719900531878152,2.9777588844299316,0.20928668975830078
Normalizer,187,3,56.47951893075142,96.95211353974882,95.54178529559539,0.37153598439975044,0.976866255322847,0.983240614394178,0.9705740139531671,8.005486965179443,0.1915907859802246
Normalizer,190,3,56.69495882979293,96.9915118295009,95.64562049907887,0.3862401668283949,0.9774054505005562,0.9837660065775663,0.971126614630103,5.38256049156189,0.4487743377685547
Normalizer,193,3,56.87273709141149,96.99604492743423,95.77625188410651,0.3938053929072425,0.978097372032029,0.9838219364757679,0.9724390412378255,5.744292736053467,0.20177984237670898
Normalizer,196,3,57.11434655774934,97.03947123366909,95.34751297940043,0.3714700374231814,0.9758211917071388,0.983715298494367,0.9680527733646473,8.111414194107056,0.23450422286987305
Normalizer,199,3,56.67957793206676,96.90510337106103,95.7092614302462,0.38958560401459674,0.9777430284076101,0.983776791021293,0.9717828279339642,7.1938395500183105,0.3182342052459717
Normalizer,202,3,56.51392805933435,96.92908480390761,95.5685814771395,0.35947209233391886,0.9770252669966137,0.9825364115818518,0.9715756026801133,5.553988218307495,0.350081205368042
Normalizer,205,3,56.48184954403928,96.96781055357704,95.32741584324233,0.366780374491288,0.9757192835883244,0.9835081932699393,0.9680527733646473,5.605729341506958,0.19142770767211914
Normalizer,208,3,56.6757466031503,97.01942837775522,95.18003684474962,0.3562539927053184,0.9749394820710193,0.9832788843221977,0.9667403467569248,6.9897637367248535,0.19022035598754883
Normalizer,211,3,56.72440965527087,97.01843057324157,95.1967844582147,0.3570066192386712,0.9750287326298193,0.9832818207361619,0.9669130344684672,4.746273994445801,0.2664351463317871
Normalizer,214,3,56.46604507268101,96.92472511750259,94.97906548316864,0.3449932012570308,0.9738709058899405,0.9831075136371634,0.9648062443876494,5.27266001701355,0.22813916206359863
Normalizer,217,3,56.7043349483819,96.98953995680897,95.21353207167978,0.3558709762010616,0.975120566881975,0.9831829512340694,0.9671893348069351,7.621029853820801,0.19483375549316406
Normalizer,220,3,57.242572454282225,97.01566134842095,95.67576620331603,0.3890553047671128,0.9775638240558906,0.9838388078497219,0.9713683774262624,5.984733581542969,0.49312257766723633
Normalizer,223,3,56.722958771834264,96.96432266659116,95.3408139340144,0.3717756800901837,0.9757846909109901,0.9837481133068904,0.9679491607377219,4.574449062347412,0.363070011138916
Normalizer,226,3,55.74367761730363,96.78941136685928,95.57193099983252,0.38245463209192776,0.9770142921723406,0.9837535014005602,0.9703667886993161,6.578651428222656,0.4152548313140869
Normalizer,229,3,56.08019440994736,96.88001899482882,95.81644615642271,0.3960057497239179,0.9783103238690631,0.9838287171247948,0.9728534917455274,6.3952858448028564,0.23052453994750977
Normalizer,232,3,55.90355078900841,96.83700153557442,95.80974711103669,0.3943991445910556,0.9782763470922257,0.983759997206021,0.9728534917455274,7.045785188674927,0.2809028625488281
Normalizer,235,3,55.48364940614977,96.73882384852355,95.72935856640429,0.393747998690859,0.9778457368247294,0.9839493653180403,0.9718173654762727,6.038053750991821,0.393390417098999
Normalizer,238,3,55.44612193232068,96.72011241917627,95.672416680623,0.3907337198485667,0.9775437132825807,0.9839398180545836,0.9712302272570283,6.814869403839111,0.47917842864990234
Normalizer,241,3,55.53898230550859,96.74430087285704,95.67576620331603,0.3909094344203506,0.9775614843138959,0.9839403799727091,0.9712647647993369,6.481844425201416,0.31357622146606445
Normalizer,244,3,55.4460950996019,96.72719194805764,95.71596047563222,0.3911806093682587,0.9777770055427172,0.9838455890066086,0.9717828279339642,5.272179841995239,0.42586421966552734
Normalizer,247,3,55.89208555160058,96.81224352000051,95.75950427064144,0.39351608234342833,0.9780078518569989,0.9838529288410457,0.9722318159839746,4.696355819702148,0.549532413482666
Normalizer,250,3,56.228640676699705,96.87384988544612,95.76955283872049,0.39282259565792005,0.978062633526132,0.9837869946539013,0.972404503695517,5.255277633666992,0.5810244083404541
Normalizer,253,3,55.752559247218045,96.7976464512985,95.71596047563222,0.39056162918514037,0.9777777777777777,0.983811754833747,0.9718173654762727,6.1030113697052,0.31557536125183105
Normalizer,256,3,55.93117315636413,96.75922741481541,95.7126109529392,0.38976368780139625,0.977760789491973,0.9837773582266974,0.9718173654762727,5.75247049331665,0.6794507503509521
Normalizer,259,3,55.477370549956504,96.75957162102485,95.80974711103669,0.3950183535782423,0.9782755926022402,0.9837937899479585,0.9728189542032188,6.319408416748047,0.3752250671386719
Normalizer,262,3,55.41626094957005,96.7310450866136,95.50494054597219,0.38095381682027807,0.9766559977734484,0.983843835424406,0.9695724252262209,5.913962364196777,0.5211489200592041
Normalizer,265,3,55.55729371944952,96.74272879660559,95.55518338636743,0.38222804108848696,0.9769245483158572,0.9837845410289637,0.9701595634454652,6.940237522125244,0.338817834854126
Normalizer,268,3,55.368184384016985,96.73714151641171,95.81644615642271,0.3960057497239179,0.9783103238690631,0.9838287171247948,0.9728534917455274,5.460428953170776,0.22769474983215332
Normalizer,271,3,55.43726330187951,96.74234214451461,95.81979567911573,0.39619050812590806,0.9783280658493384,0.9838292819223247,0.9728880292878359,7.201251983642578,0.7998600006103516
Normalizer,274,3,55.19838693961113,96.7050699739972,95.81979567911573,0.39619050812590806,0.9783280658493384,0.9838292819223247,0.9728880292878359,5.277029275894165,0.3361661434173584
Normalizer,277,3,55.5563986566161,96.76374705809863,95.80304806565064,0.3952688743529765,0.9782393497855195,0.9838264575400846,0.9727153415762935,6.201667785644531,0.3644695281982422
Normalizer,280,3,72.23823092038448,98.41532159853097,88.72550661530731,0.21309456277130878,0.9393010423053342,0.9827924528301887,0.899495751882296,5.358330011367798,0.2705371379852295
Normalizer,283,3,55.43096527945855,96.70043938978591,95.5886786132976,0.3833068680117638,0.9771032180670735,0.983756345177665,0.9705394764108586,5.53782320022583,0.48680686950683594
Normalizer,286,3,71.0302276710189,98.30469794400888,90.71847261765198,0.24836841919435598,0.9505487641652539,0.9834201100402497,0.9198038267596877,6.625435829162598,0.5297958850860596
Normalizer,289,3,70.72032701877684,98.23577550542919,90.7821135488193,0.24952390587207646,0.9509044849609305,0.9834317343173432,0.9204600400635491,5.224276542663574,0.3026001453399658
Normalizer,292,3,70.1182027260969,98.19539812389678,90.32322893987606,0.24361051370043366,0.9483267452467402,0.9834910035243926,0.9155902465980521,6.09099268913269,0.743565559387207
Normalizer,295,3,70.38321032320623,98.21459472677094,90.69167643610785,0.24899029868479744,0.9503953733288114,0.9834866452399423,0.9194584513366029,6.441277503967285,0.46280980110168457
Normalizer,298,3,70.15233394437823,98.1476314305164,90.57444314185229,0.24689399770231504,0.9497392298349646,0.983465265961382,0.9182496373558058,8.799914360046387,0.33934736251831055
Normalizer,301,3,70.20715702208035,98.09912963291583,90.91274493384692,0.2541521471200533,0.9516269947401266,0.9835980981165456,0.9216688540443462,7.27666974067688,0.4314558506011963
Normalizer,304,3,70.23549237310634,98.17736568589595,90.24953944062972,0.23962367063220988,0.9479220709519295,0.9832980737111681,0.9150031083788077,6.243649244308472,0.4695260524749756
Normalizer,307,3,70.23143296608029,98.17755032264479,90.20934516831352,0.2378534018913542,0.9476999051691746,0.9832188602190458,0.9146577329557228,5.424372434616089,0.4608323574066162
Normalizer,310,3,68.0471576599324,97.93182203856175,89.24803215541786,0.22323630283500043,0.9422661870503597,0.9830743826465511,0.9047109207708779,6.483302593231201,0.37493300437927246
Normalizer,313,3,65.03973887318068,97.63359845201346,88.29341818790823,0.1988762865184499,0.9368643531983308,0.9821232435708064,0.8955930096014367,8.08108377456665,0.5208735466003418
Normalizer,316,3,70.54669824545452,98.17892808699294,90.18924803215542,0.239699837686617,0.947579418344519,0.9833587162438245,0.914312357532638,6.345088481903076,0.4476633071899414
Normalizer,319,3,71.68409694523297,98.48755345859162,85.21855635571931,0.19073905994571186,0.9187756529421509,0.9835283918508886,0.8620225184775852,6.079976797103882,0.4090869426727295
Normalizer,322,3,70.48519382077752,98.21449855853079,87.10433763188745,0.19958597412008297,0.9299261038913763,0.98299215022318,0.8822960558126683,5.271348476409912,0.464385986328125
Normalizer,325,3,71.04039343818896,98.17102795012234,90.48735555183386,0.2551965192508228,0.9492186103064764,0.984094616639478,0.9167299854942322,4.775690317153931,0.4953904151916504
Normalizer,328,3,72.78147847820459,98.37368030458029,90.1457042371462,0.2546411748384799,0.9472797648914056,0.9843947858472998,0.9128617807556815,4.914511680603027,0.5604360103607178
Normalizer,331,3,70.52403609782657,98.23314969629114,86.6588511137163,0.19443684309470574,0.927329453191994,0.9829046606072327,0.8777025626856393,4.622856616973877,0.5936391353607178
Normalizer,334,3,75.52335109684871,98.46235727005094,71.08357059119076,0.15735014755283375,0.8266291796365097,0.9875245909505302,0.7108171582510189,3.3890764713287354,0.456784725189209
Normalizer,337,3,72.29844929118308,98.40763388169917,90.27968514486686,0.24939215595289016,0.9480598510882016,0.9839141095177948,0.9147268080403399,4.436815500259399,0.8246495723724365
Normalizer,340,3,67.94096525875902,98.09448036688893,86.50812259253057,0.1640759557160487,0.9266008236451766,0.9807514272488813,0.8781170131933411,7.052928447723389,0.6077854633331299
Normalizer,343,3,69.77129017155077,98.1325216185325,89.92463573940714,0.22444873484783656,0.9461279461279462,0.982590581057957,0.9122746425364371,7.741430282592773,0.37158894538879395
Normalizer,346,3,68.3829384694326,98.01071732844595,90.71512309495897,0.24108817276197914,0.9505529789511238,0.9829558031432155,0.9202182772673897,4.16193699836731,0.4745516777038574
Normalizer,349,3,70.65199941704002,98.19691081137366,89.28822642773405,0.21902304049229834,0.9425130325364012,0.9827560353876144,0.9054362091593562,7.1363630294799805,0.5686483383178711
Normalizer,1,5,59.74117389464724,97.11335370516593,84.68598224752972,0.1715876456030282,0.9156924211690946,0.9823152397531255,0.8575326379774815,5.1654417514801025,0.09799313545227051
Normalizer,4,5,62.83751247817254,97.8774601687976,97.18640093786635,0.5009817804498692,0.985511745834627,0.9843233186328556,0.9867030462112316,4.814587593078613,0.09979081153869629
Normalizer,7,5,65.9721260184071,98.10786303934523,96.97873053089936,0.48497754594865106,0.9844224924012158,0.9844905008635578,0.9843544933342543,5.89140510559082,0.11076593399047852
Normalizer,10,5,64.5212617480351,97.98971857322016,96.89164294088093,0.47467105655508784,0.9839690436705362,0.9843091173014447,0.9836292049457761,6.018251895904541,0.20520973205566406
Normalizer,13,5,67.63447044517856,98.34550424342817,96.03081560877575,0.4168194109305002,0.9794345811422919,0.9843373914256811,0.9745803688609519,5.369231700897217,0.10401535034179688
Normalizer,16,5,67.3603818893868,98.34022418509585,95.8331937698878,0.4042976871170705,0.9783900218879199,0.984237382916259,0.972611728949368,5.6283955574035645,0.18219614028930664
Normalizer,19,5,66.5447496534171,98.23394263184461,95.47814436442806,0.3821030966401056,0.9765103006681515,0.983975033312294,0.969157974718519,6.098638296127319,0.06336283683776855
Normalizer,22,5,69.30519817994436,98.40275644207485,95.31401775247026,0.38037842904291363,0.9756284514746616,0.9842876726774228,0.9671202597223182,5.203730344772339,0.10531878471374512
Normalizer,25,5,68.73464449752554,98.37793786892163,94.7814436442807,0.35733469729464756,0.9727831737824052,0.9841993637327677,0.9616287904952684,6.800944805145264,0.1197664737701416
Normalizer,28,5,69.04420015766904,98.43208916723962,94.72450175849941,0.35750091719700133,0.972474178157605,0.9843269060675748,0.9609035021067901,5.627377033233643,0.07692098617553711
Normalizer,31,5,68.37680527656983,98.43254986529924,94.10818958298442,0.3313446335192575,0.9691657755885498,0.984017370875307,0.954755819575879,5.9357216358184814,0.3038167953491211
Normalizer,34,5,68.84521829835025,98.40119065108016,94.25556858147715,0.34064454265877375,0.9699528706834627,0.9842833268143513,0.9560337086412931,4.0250890254974365,0.12894272804260254
Normalizer,37,5,68.43635857926735,98.38436344282293,93.75648970021771,0.32292651820425644,0.967259186397808,0.9841303881621274,0.9509566899219452,4.810824871063232,0.1391603946685791
Normalizer,40,5,68.45799150046801,98.35723985965777,93.49522693016246,0.3167773020497608,0.9658387278356318,0.9841901484190149,0.9481591489949576,6.935077428817749,0.08025646209716797
Normalizer,43,5,68.9554873561546,98.32242641897602,93.52202311170659,0.31993860554287035,0.9659794539825499,0.9843335484333549,0.9482972991641915,6.913932800292969,0.09509015083312988
Normalizer,46,5,68.88129872198827,98.35034403082955,93.29425556858148,0.3121428435409888,0.9647435897435898,0.9842256557671577,0.9460178213718312,6.066867828369141,0.07821083068847656
Normalizer,49,5,68.97129949400392,98.34063892194612,92.99949757159605,0.3051985661485776,0.9631341282720666,0.9842454394693201,0.9429094425640672,5.308627367019653,0.13392210006713867
Normalizer,52,5,70.57036278679098,98.43042224697778,93.1133813431586,0.31932092443729365,0.9637313011572114,0.9849282469171414,0.9434275056986945,6.449828863143921,0.19510126113891602
Normalizer,55,5,70.78572027105339,98.45594017508236,93.04639088929828,0.3209323115796917,0.9633578085286643,0.9851274276225543,0.9425295295986738,6.268450498580933,0.20496845245361328
Normalizer,58,5,68.67953967627629,98.34689271513778,92.8052252554011,0.3000984194338855,0.9620722534166755,0.9842124277456648,0.9409062651101747,7.114809989929199,0.12026572227478027
Normalizer,61,5,71.41801603937265,98.48738302845406,93.2406632054932,0.3434457290117429,0.9643802732375473,0.9862093862815885,0.9434965807833114,4.976866960525513,0.10551571846008301
Normalizer,64,5,69.95642059811355,98.3966422427716,92.63774912075029,0.29931290847177533,0.9611468571024535,0.984394235643421,0.9389721627408993,7.537259817123413,0.13465499877929688
Normalizer,67,5,72.63835083963794,98.42069489996278,93.05643945737732,0.3449558323276858,0.9633583738400353,0.9866043952065457,0.9411825654486426,6.748537063598633,0.11407828330993652
Normalizer,70,5,73.80993633975802,98.47829434666181,92.9258080723497,0.34468498991080204,0.9626353407402165,0.986797243380486,0.9396283760447607,8.05760645866394,0.1727900505065918
Normalizer,73,5,69.53497058405705,98.2758563567574,93.20716797856305,0.3143811978916402,0.9642592788410701,0.9844897077875342,0.9448435449333425,6.496490955352783,0.1620638370513916
Normalizer,76,5,71.35262662034164,98.36285502181997,93.53877072517166,0.3263264970721026,0.9660584519557299,0.9846838121883855,0.948124611452649,5.910707473754883,0.1342020034790039
Normalizer,79,5,76.58544760463168,98.72740614396626,92.5975548484341,0.34201742864955403,0.9608183816750585,0.9871402550091075,0.9358637839331353,5.570416212081909,0.11750316619873047
Normalizer,82,5,73.25108172272495,98.49328970485445,93.90721822140345,0.3495574900111911,0.9680333198601129,0.9854377616372679,0.9512329902604131,5.338741064071655,0.14411497116088867
Normalizer,85,5,72.48260799000167,98.38230047371714,92.53391391726679,0.33326009838574333,0.9604864299516052,0.9866700659212587,0.9356565586792844,6.00257420539856,0.23049402236938477
Normalizer,88,5,72.21484045610408,98.38013707853818,92.73488527884777,0.3406669685830461,0.9615854630465969,0.9868406703260751,0.9375906610485598,5.7180750370025635,0.22710132598876953
Normalizer,91,5,72.558019429495,98.40441846487013,92.40998157762519,0.3328815771088842,0.9597970335675253,0.9868296242247355,0.9342059819023278,4.364335775375366,0.1341233253479004
Normalizer,94,5,71.16456759418688,98.32161862977401,92.49037012225759,0.32774962728799023,0.960258091962988,0.9863801893663511,0.9354838709677419,3.9564356803894043,0.15404462814331055
Normalizer,97,5,72.1882894808766,98.39112708764601,92.89231284541953,0.3359916138707483,0.9624703760036787,0.9862983906046107,0.9397665262139946,5.860231161117554,0.14996910095214844
Normalizer,100,5,71.19533897275305,98.31276337622785,92.63439959805729,0.3325238989608668,0.961047242839176,0.9864722353540128,0.93689991020239,6.124145030975342,0.09760499000549316
Normalizer,103,5,59.71925922989945,97.30977447258641,95.39775581979568,0.3788157476676935,0.9760818855969084,0.9839955075108803,0.9682945361608069,7.5248823165893555,0.10445976257324219
Normalizer,106,5,57.53744870063326,97.13027777782872,95.4446491374979,0.37984665329790085,0.9763330084922734,0.9839354612416696,0.9688471368377426,4.768407821655273,0.18687820434570312
Normalizer,109,5,59.71638812899056,97.28146835448297,95.08625020934517,0.36271377693098505,0.9744242403110236,0.9838408730857243,0.9651861573530428,6.397831439971924,0.12366342544555664
Normalizer,112,5,59.38248944305011,97.27935740083706,95.3408139340144,0.3761092018284792,0.9757787877204896,0.9839859525899912,0.9677073979415625,6.846746206283569,0.22306346893310547
Normalizer,115,5,57.143394892445656,97.11615109280707,95.45804722826998,0.37988202948095606,0.97640508091178,0.9839037733202413,0.969019824549285,6.891246557235718,0.13365745544433594
Normalizer,118,5,57.16334310223182,97.08614509267474,95.46139675096299,0.38004585672311186,0.9764228915453012,0.9839043377634393,0.9690543620915936,5.9808595180511475,0.2089402675628662
Normalizer,121,5,57.04077507611485,97.04596595207119,95.45804722826998,0.37988202948095606,0.97640508091178,0.9839037733202413,0.969019824549285,6.99500036239624,0.18295812606811523
Normalizer,124,5,56.8186998290449,97.06805116271302,95.46139675096299,0.381281467329018,0.9764212504567839,0.9839722231964367,0.9689852870069766,5.598461389541626,0.23313355445861816
Normalizer,127,5,57.15660425657384,97.08989806248086,95.40110534248869,0.37835941745045176,0.9761005413497189,0.9839620986137919,0.9683636112454238,4.9040045738220215,0.42410993576049805
Normalizer,130,5,56.97254522213926,97.05782706430016,95.39775581979568,0.37819870105750875,0.9760827182843616,0.9839615357619148,0.9683290737031153,6.320547342300415,0.2788383960723877
Normalizer,133,5,57.08769400151505,97.08104061368641,95.38770725171663,0.3777175611986752,0.9760292453651319,0.9839598469692183,0.9682254610761898,6.690966844558716,0.23619532585144043
Normalizer,136,5,56.53623754837268,97.01702596919117,95.3609110701725,0.37520570329636477,0.9758883027802441,0.9838873872292625,0.9680182358223389,5.201518535614014,0.29786014556884766
Normalizer,139,5,57.14097994775592,97.13259488145006,95.46809579634902,0.38160959358376206,0.9764568724007726,0.983973347361038,0.9690543620915936,3.9765892028808594,0.13221359252929688
Normalizer,142,5,57.14821328208847,97.12273973314836,95.44799866019092,0.38062730506943193,0.9763499991298749,0.983969974394051,0.9688471368377426,5.526038885116577,0.2500298023223877
Normalizer,145,5,57.40093149399901,97.17362965810187,95.41115391056775,0.3788425802523869,0.9761540068230871,0.9839637869324163,0.9684672238723493,6.120365858078003,0.36476683616638184
Normalizer,148,5,57.163040275834206,97.15620103196923,95.41115391056775,0.3788425802523869,0.9761540068230871,0.9839637869324163,0.9684672238723493,6.967164039611816,0.5927388668060303
Normalizer,151,5,56.98762329346783,97.07310173413282,95.23362920783788,0.36990626538340865,0.975209491123848,0.9838998839947973,0.9666712716723078,5.497179269790649,0.23526477813720703
Normalizer,154,5,56.83491829092142,97.0334894734711,95.45134818288395,0.37955489848630936,0.9763694577852022,0.9839026443150733,0.9689507494646681,8.037503719329834,0.20738863945007324
Normalizer,157,5,56.23675182426071,97.03315868953385,95.12644448166137,0.3576360197839352,0.9746484762950186,0.9834733992053166,0.9659805208261381,4.230796813964844,0.18192577362060547
Normalizer,160,5,56.80878705608045,97.02201438839748,95.34751297940043,0.37395272591305445,0.9758178241264646,0.983851149727927,0.9679146231954134,6.076288461685181,0.21324682235717773
Normalizer,163,5,56.15874911078287,97.01330772211872,95.03935689164294,0.35133709403813146,0.9741873638344226,0.9833221913373914,0.9652206948953512,3.8281311988830566,0.2874116897583008
Normalizer,166,5,56.60765474601415,97.02575782101837,95.19008541282868,0.36421392111879064,0.9749825783972126,0.9836883920410603,0.9664295088761484,6.497843980789185,0.3997690677642822
Normalizer,169,5,57.38649549129826,97.09655309068307,95.38435772902362,0.37693979880791845,0.9760122549872924,0.9839253123683841,0.9682254610761898,3.3075757026672363,0.5025970935821533
Normalizer,172,5,57.309270926664865,97.08884077126126,95.43795009211188,0.37766435387846126,0.9762998538316976,0.9838325033316967,0.9688816743800511,5.652400493621826,0.22621846199035645
Normalizer,175,5,56.75267600787717,97.03348079588675,95.34751297940043,0.3733330215203338,0.9758186661095734,0.9838171797662092,0.9679491607377219,6.7799248695373535,0.5453848838806152
Normalizer,178,5,56.304063615929635,96.96080056070343,95.43795009211188,0.37766435387846126,0.9762998538316976,0.9838325033316967,0.9688816743800511,5.716498136520386,0.40358734130859375
Normalizer,181,5,56.62858426665836,97.01138059698852,95.46139675096299,0.381281467329018,0.9764212504567839,0.9839722231964367,0.9689852870069766,5.834447383880615,0.3651742935180664
Normalizer,184,5,56.64243186616882,97.04770035786554,94.89197789315023,0.3482634812269642,0.9733954397166832,0.983466704269045,0.9635283553222352,5.379684686660767,0.3333263397216797
Normalizer,187,5,56.23700865171184,97.02938443349083,94.79484173505276,0.3374258310956313,0.9728862058135883,0.9830747531734838,0.9629066795606824,4.5398476123809814,0.28218698501586914
Normalizer,190,5,56.729599869730976,96.98857066031795,95.02260927817787,0.3574843287812067,0.9740880239938621,0.983693738113686,0.9646680942184154,5.459930181503296,0.2566516399383545
Normalizer,193,5,56.89578064697057,97.0173412910737,94.8651817116061,0.34778648281901,0.9732512083195198,0.9834961385195895,0.9632175174414589,6.289247035980225,0.3756070137023926
Normalizer,196,5,57.01271571876767,97.02325943856881,94.84843409814101,0.3489682980925148,0.9731588132635253,0.9835955690397234,0.962941217102991,5.971567153930664,0.24386167526245117
Normalizer,199,5,56.820863696151825,97.00826133245504,95.4044548651817,0.37666536652334703,0.9761208576998051,0.9838607816995298,0.9685017614146577,4.352858066558838,0.26542139053344727
Normalizer,202,5,56.39186410500579,96.90505085067372,95.43795009211188,0.37828386200975656,0.9762990289910556,0.9838664421997755,0.9688471368377426,3.8621907234191895,0.5256662368774414
Normalizer,205,5,56.144955176709935,96.91731666003906,94.67425891810417,0.34266065467667917,0.972225133633791,0.9835996041283755,0.9611107273606411,5.158243417739868,0.4275369644165039
Normalizer,208,5,56.05691894303315,96.98387993454143,94.84173505275498,0.3468305250352272,0.9731257852854949,0.9834920634920635,0.9629757546452994,3.6224372386932373,0.3363311290740967
Normalizer,211,5,56.48447531723365,96.92751979366383,95.16328923128454,0.3642554488152809,0.9748379452150275,0.983751846381093,0.9660841334530634,4.84545111656189,0.24368858337402344
Normalizer,214,5,56.50234974118309,97.00643832205004,94.8048903031318,0.3447183103152507,0.9729295750065451,0.983451536643026,0.9626303792222145,6.391784191131592,0.3449547290802002
Normalizer,217,5,56.33941380629246,96.87425294597189,95.35421202478646,0.3748884159377353,0.9758526436741587,0.9838862559241706,0.9679491607377219,7.06735634803772,0.3377492427825928
Normalizer,220,5,56.0869045062638,96.87708849159009,95.32741584324233,0.37300675744548817,0.9757108282694618,0.9838477474630429,0.9677073979415625,6.289232492446899,0.4158620834350586
Normalizer,223,5,56.22971781869624,96.8871314103898,95.40110534248869,0.3771234197419465,0.9761022052808382,0.9838941717253237,0.9684326863300408,5.7569499015808105,0.3870582580566406
Normalizer,226,5,56.889499874154545,96.98464695280016,95.38435772902362,0.37632144022921826,0.976013090098872,0.9838913455464309,0.9682599986184983,8.595318078994751,0.7016587257385254
Normalizer,229,5,56.377776927649094,96.90961264477087,95.34751297940043,0.3733330215203338,0.9758186661095734,0.9838171797662092,0.9679491607377219,5.221280097961426,0.6089515686035156
Normalizer,232,5,56.25178581326558,96.87712400777842,95.09629877742421,0.3569369271426566,0.9744867728555994,0.9835021809483607,0.9656351454030531,7.181340217590332,0.3440666198730469
Normalizer,235,5,56.28359791799568,96.92773757279951,95.37765868363758,0.37476315108036334,0.9759791122715404,0.9838222908478383,0.9682599986184983,8.93055009841919,1.0137033462524414
Normalizer,238,5,56.71960851523298,96.88877759708822,95.37430916094458,0.3733623123780707,0.975962961029015,0.9837538159233657,0.9682945361608069,6.870666980743408,0.5438721179962158
Normalizer,241,5,55.701542582336394,96.7172906590793,95.01925975548484,0.36043646671611557,0.9740656120829482,0.9838635803121587,0.9644608689645645,5.778449535369873,0.47284436225891113
Normalizer,244,5,56.30514459117172,96.90361843066458,94.82163791659688,0.3478808136464669,0.9730154297284088,0.983590937963159,0.962664916764523,4.8019068241119385,0.6302196979522705
Normalizer,247,5,55.906080731064336,96.81810992178205,95.18338636744264,0.3663951482141265,0.974943369925074,0.9838233225488817,0.9662222836222975,5.102083921432495,0.32706141471862793
Normalizer,250,5,55.179945195321864,96.73633098247304,94.77474459889466,0.34351115749136923,0.9727682156198723,0.9834462798249329,0.9623195413414382,7.093691825866699,0.5025842189788818
Normalizer,253,5,55.555517010142076,96.76699003621557,94.61061798693686,0.3395914891107832,0.9718848835380663,0.983554376657825,0.9604890515990883,5.100243330001831,0.6512787342071533
Normalizer,256,5,56.60670793436594,96.94348705857607,95.21688159437281,0.3672873570492443,0.975122818020278,0.9837949943757031,0.9666021965876909,6.302310228347778,0.6937453746795654
Normalizer,259,5,55.515959832799965,96.78458136108611,94.75464746273656,0.3433342133332183,0.9726596599043262,0.9834769100409547,0.9620777785452788,6.651923656463623,0.3458285331726074
Normalizer,262,5,55.42978080658691,96.73592075826767,95.20013398090772,0.36466672993606736,0.975036147936519,0.9836901121304791,0.9665331215030738,6.509904861450195,0.7863960266113281
Normalizer,265,5,55.63840136181414,96.83223464765501,94.59387037347177,0.3156481087963481,0.971831477538483,0.9822890206040079,0.9615942529529599,4.600336313247681,0.4326670169830322
Normalizer,268,5,55.31747821202402,96.72839213850904,95.41450343326076,0.3746669109873425,0.9761776323803226,0.983726721144741,0.9687435242108171,7.055039882659912,0.5520792007446289
Normalizer,271,5,55.174611234154035,96.67162067172549,95.15659018589851,0.36271440995182125,0.974803972817564,0.9836826557884372,0.9660841334530634,6.15048360824585,0.47614312171936035
Normalizer,274,5,55.70239739609164,96.80299686966147,95.1331435270474,0.36353598638958384,0.9746762640082263,0.9837807409492313,0.9657387580299786,5.065309524536133,0.45755815505981445
Normalizer,277,5,55.92454930807234,96.84876034621381,94.38954948919779,0.3301598461004055,0.9706998793009953,0.98344734696771,0.9582786488913448,5.921212911605835,0.4036383628845215
Normalizer,280,5,66.0872422151958,98.02447811618762,81.36995478144364,0.15363730630743896,0.8954432664110084,0.982468443197756,0.8225806451612904,3.619235038757324,0.5606722831726074
Normalizer,283,5,70.50344390278981,98.30757393988625,87.16127951766873,0.2083078965037902,0.9302164691317567,0.9835983521349093,0.8823305933549769,6.43660044670105,0.3011181354522705
Normalizer,286,5,69.67252660023244,98.18742119219095,90.68832691341484,0.25936595273760926,0.9503429551300372,0.9841657417684054,0.9187677004904331,3.006765127182007,0.47965383529663086
Normalizer,289,5,67.84350499092402,98.10811149803835,84.05292245854966,0.17471595275951238,0.9118382312093772,0.9829134895604615,0.8503488291773157,5.0032665729522705,0.24197673797607422
Normalizer,292,5,68.88652726890379,98.1680635231683,78.68698710433763,0.16043249057802386,0.8782783357245337,0.9843488701170618,0.792843821233681,5.155213117599487,0.21561503410339355
Normalizer,295,5,72.94116765412349,98.31182924197394,85.86166471277843,0.222523839693539,0.922435178889726,0.9856273316316513,0.8668577744007736,3.950450897216797,0.37918901443481445
Normalizer,298,5,69.19701632433612,98.19609137271755,86.61195779601407,0.20235394767350656,0.9270100984277132,0.983531599953501,0.8766318988740761,4.7985453605651855,0.3040633201599121
Normalizer,301,5,70.1185745509142,98.23715599596443,87.16797856305476,0.20437089024231617,0.9302757302757303,0.9833019122003771,0.8826759687780618,4.010722875595093,0.24974799156188965
Normalizer,304,5,69.82670356906591,98.2045698323425,86.81292915759504,0.22147570748719705,0.9280952641864373,0.9848443738129384,0.8775298749740968,5.321044683456421,0.36606597900390625
Normalizer,307,5,71.13865102109611,98.22507722909444,86.31719979902864,0.2117610520014398,0.925211914831292,0.9844547473409436,0.8726946190509083,2.812124252319336,0.27295947074890137
Normalizer,310,5,69.8494462148502,98.21492865630717,86.29710266287054,0.19880317338781456,0.9251650904567655,0.9834713957920118,0.8733853698970782,4.770562171936035,0.25345492362976074
Normalizer,313,5,70.60750118619782,98.22541224952128,90.43711271143862,0.24118571707778202,0.9489805035829804,0.983225328642844,0.9170408233750086,4.205008029937744,0.21088647842407227
Normalizer,316,5,69.77271805551413,98.06921905400894,91.89750460559371,0.2722829145295993,0.9570985191096923,0.9836681127191863,0.9319265041099676,6.299689531326294,0.2391829490661621
Normalizer,319,5,66.73281059619465,97.95225189520278,79.0118908055602,0.147191463551183,0.8805201738997788,0.9829289059174117,0.7974373143607101,5.75673508644104,0.4471888542175293
Normalizer,322,5,70.10346581362131,98.1325127382624,86.0224418020432,0.2006710726128063,0.923522404471731,0.9837960251454453,0.8702079160046972,6.885545969009399,0.7083001136779785
Normalizer,325,5,71.00993063588868,98.30872612960701,90.43376318874562,0.24167793847044677,0.9489598970619773,0.9832604992222799,0.9169717482903916,3.6582415103912354,0.2750577926635742
Normalizer,328,5,68.23672698482963,98.10144892208758,86.57176352369788,0.2004095731192881,0.9267829421970596,0.9834114956784621,0.8763210609932998,2.5929460525512695,0.25662827491760254
Normalizer,331,5,68.92411224141595,98.13145320920646,83.81175682465248,0.1907085632489417,0.9102556960615008,0.9843768826057271,0.8465151619810735,3.8204774856567383,0.29642748832702637
Normalizer,334,5,67.65567979274715,98.00356974350738,84.71277842907385,0.1775915242971113,0.9158151031098978,0.9827790973871734,0.8573944878082476,5.558303356170654,0.24496102333068848
Normalizer,337,5,69.52072624363326,98.17439669273551,90.46390889298274,0.24109931170691076,0.9491325555218068,0.9831945215620951,0.917351661255785,3.2982912063598633,0.24227643013000488
Normalizer,340,5,69.95382932412906,98.11468636338586,86.45787975213533,0.20798656032436974,0.9260674773703941,0.9840659127122926,0.8745251087932583,5.734743595123291,0.25121116638183594
Normalizer,343,5,64.3477882211571,97.80732475913649,79.55786300452186,0.13698567760589134,0.8841297867896946,0.9817430535059241,0.8041721351108655,3.513077735900879,0.28525209426879883
Normalizer,346,5,67.03756511630029,98.0123904084485,79.22626025791325,0.14605962269950049,0.881911652703732,0.9827293558516507,0.7998549423223044,4.878891229629517,0.35762786865234375
Normalizer,349,5,71.11498072989136,98.22398975505365,87.02729860994808,0.21566881862973117,0.9293905307104702,0.9842452793759895,0.8803274159010844,4.936706304550171,0.22623062133789062
