scaler,nCluster,noise_percentage,AUCROC,AUCPR,Accuracy,MCC,F1 Score,Precision,Recall,Time Train,Time Test
StandardScaler,1,0,90.72218587076586,98.89094758421011,80.58685198834719,0.49763734509188756,0.8802995217174887,0.9978412324600138,0.7875314617618586,26.824809789657593,0.3439469337463379
StandardScaler,4,0,88.76325664184684,98.69017520472015,81.30637745252886,0.5056210065250231,0.8852748578321558,0.997572697703772,0.795701839303001,26.34623646736145,0.31846070289611816
StandardScaler,7,0,83.24944788956194,98.1459957021409,81.49942086974833,0.510969786983256,0.8865158137231683,0.9983512753370187,0.7972120038722168,26.1720130443573,0.43175816535949707
StandardScaler,10,0,86.43119298701733,98.45650898852108,81.36955529816433,0.5085822534640623,0.8856478090395967,0.998154712766474,0.7959341723136496,37.312384605407715,0.30763888359069824
StandardScaler,13,0,88.26959837732909,98.64110222249263,81.51346039100066,0.5115088782382128,0.8866019333864404,0.9984482591407235,0.7972894482090997,35.31574058532715,0.5465035438537598
StandardScaler,16,0,83.06662870945229,98.1291171238857,81.04313642904776,0.5063994139486674,0.8833552901539857,0.9986815118663932,0.7919070667957405,23.886598110198975,0.46866750717163086
StandardScaler,19,0,83.46123171644798,98.16701028798822,81.44326278473905,0.5114987360345927,0.8860977659047332,0.9986888111888111,0.7963213939980639,21.83637285232544,0.4007556438446045
StandardScaler,22,0,83.69258287466349,98.1888542197457,81.40465410129515,0.5101074960712572,0.8858583247156153,0.9984459229760575,0.7960890609874153,27.293761730194092,0.3225436210632324
StandardScaler,25,0,86.74950344556129,98.48795803471393,81.355515776912,0.5084021441718585,0.8855517731718878,0.9981543542668415,0.7957792836398838,30.923604249954224,0.34092211723327637
StandardScaler,28,0,92.66630597630045,99.09670133189015,81.02558702748236,0.5052805807026166,0.8832599118942731,0.9984377288483133,0.7919070667957405,21.67997121810913,0.38469529151916504
StandardScaler,31,0,96.85881877052032,99.55448052039448,98.09764487030992,0.8854853613310169,0.9895354674286597,0.9867919442412106,0.9922942884801549,35.20333456993103,0.4251668453216553
StandardScaler,34,0,89.52614000547572,98.76966685890997,81.58014811694922,0.5127289604380406,0.8870474796607981,0.9985463003343509,0.797947725072604,31.26177978515625,0.363741397857666
StandardScaler,37,0,88.9111547005822,98.70635465253858,81.55557895475765,0.5118744257232163,0.8868943845375692,0.9984008528784648,0.7977928363988384,22.97548246383667,0.3603839874267578
StandardScaler,40,0,92.5991594704097,99.08975949396832,81.42571338317364,0.5100201236026849,0.8860121483651402,0.99834959467987,0.7963988383349467,25.834829807281494,0.3978564739227295
StandardScaler,43,0,95.66526384742362,99.42122134467098,97.87301253027272,0.8687082343758179,0.9883729854182656,0.9795398364708119,0.9973668925459825,24.146780014038086,0.3889045715332031
StandardScaler,46,0,85.14141216814369,98.33063425551887,81.58014811694922,0.5136227714468642,0.8870231636958581,0.9987879963155089,0.7977541142303969,31.99072289466858,0.32718420028686523
StandardScaler,49,0,81.85140476793931,98.01383277963342,81.14492295812713,0.5091215986164729,0.8840141635719838,0.9990727636523352,0.7927202323330107,45.25287628173828,0.6038141250610352
StandardScaler,52,0,91.00411259639692,98.9214223614404,81.5625987153838,0.5108919355663492,0.8869714900484131,0.9981113801452784,0.7981026137463698,22.74783444404602,0.5042731761932373
StandardScaler,55,0,87.67712160373105,98.58026688613477,81.32392685409428,0.506921839922551,0.8853652756533167,0.9978632478632479,0.7956631171345595,32.721593618392944,0.3962390422821045
StandardScaler,58,0,94.32645721933869,99.27187398487112,80.08142922326348,0.49000264342034194,0.8768419453547169,0.9974326059050064,0.7822652468538238,31.628838777542114,0.38127827644348145
StandardScaler,61,0,93.98004196111951,99.23696214956654,81.05717595030009,0.5049616458792459,0.8834970318402591,0.9982439024390244,0.7924104549854792,27.907655954360962,0.39082813262939453
StandardScaler,64,0,81.33703319343873,97.96409006415321,80.97293882278615,0.5033596462767594,0.882933465782711,0.9980958890733327,0.7915972894482091,22.191925764083862,0.6298661231994629
StandardScaler,67,0,83.27326870439778,98.1789024194554,81.14492295812713,0.510017445473066,0.8839891158813112,0.9993164396269714,0.7925266214908034,22.613768100738525,0.3972501754760742
StandardScaler,70,0,89.29479465703793,98.74543313801958,81.32743673440736,0.5092964299312283,0.8853250560441456,0.9984927310740507,0.7951984511132624,28.44443941116333,0.3683807849884033
StandardScaler,73,0,86.74655498337316,98.4863390404937,80.86062265276755,0.49835020794043244,0.8822627658425996,0.9971205466081016,0.7911326234269119,16.392035245895386,0.4238276481628418
StandardScaler,76,0,84.38895735550538,98.25665101006993,81.03611666842161,0.5050545219844453,0.8833423296988017,0.99834065397755,0.7921006776379477,26.62203860282898,0.3926360607147217
StandardScaler,79,0,86.48735465570168,98.46324851318151,81.26776876908497,0.5105042049162395,0.8848618212413436,0.9990257209664848,0.7941142303969022,30.253700494766235,0.39832329750061035
StandardScaler,82,0,82.6566297915234,98.08956460854085,81.26425888877189,0.5065170800727715,0.8849469781877748,0.9979582907977249,0.7949273959341723,36.836716175079346,0.37844157218933105
StandardScaler,85,0,80.73745541903385,97.90787709959812,81.23266996595416,0.5059344596005357,0.8847356054236996,0.997908967127018,0.7946176185866408,43.700801372528076,0.46401333808898926
StandardScaler,88,0,82.58784710698488,98.1345971969645,81.33796637534661,0.5130109716792945,0.8852982418293603,0.9994641987335606,0.794540174249758,35.93392252922058,0.3880577087402344
StandardScaler,91,0,90.66932342959893,98.93207159572228,80.83956337088905,0.5018641165726944,0.8820109365206302,0.9981410820859016,0.7900871248789932,43.37690806388855,0.5934293270111084
StandardScaler,94,0,80.8998220029354,97.98826362817718,81.39061458004282,0.5118960644641587,0.885708126751455,0.9989788475565281,0.7955082284607938,24.7227783203125,0.39327025413513184
StandardScaler,97,0,80.70209856433131,97.90565862570739,81.26074900845882,0.5095192182516235,0.8848385496430189,0.9987826256330347,0.7942303969022265,30.560158491134644,0.6586060523986816
StandardScaler,100,0,80.76853555111913,97.9623620695474,81.4502825453652,0.51051531172622,0.8861751846826473,0.9983985247015432,0.7966311713455954,43.01079225540161,0.6741824150085449
StandardScaler,103,0,80.71866659791765,97.90725922975234,81.39763434066897,0.5098382773915049,0.885815236125474,0.9983973580690593,0.7960503388189739,31.411725759506226,0.421262264251709
StandardScaler,106,0,83.27039794798651,98.21000234041864,81.4888912288091,0.514410617918344,0.8863460046547711,0.9993196948345401,0.7963213939980639,50.07422113418579,0.42066454887390137
StandardScaler,109,0,80.45027810679679,97.92769224177215,81.34849601628585,0.512787848708633,0.8853802683231957,0.9993669961532843,0.7947337850919651,51.068745136260986,0.42745018005371094
StandardScaler,112,0,81.03550137292311,97.93564599108929,81.48187146818293,0.5094903090087348,0.8864301704838987,0.9980126993359507,0.7972894482090997,55.287829875946045,0.41902732849121094
StandardScaler,115,0,83.43627872118078,98.2134473679081,81.27127864939806,0.5112650910049259,0.884866007853968,0.9992203109010283,0.7939980638915779,33.207756757736206,1.2448599338531494
StandardScaler,118,0,85.57174240317097,98.44130863683408,81.47134182724369,0.5150782896485063,0.8862014701761194,0.9995623419568177,0.7959341723136496,34.407944679260254,0.42090582847595215
StandardScaler,121,0,82.88104843248566,98.1718951063135,80.3973184514408,0.50106557123626,0.8788214107487687,0.9994078168180024,0.7842013552758954,32.84783053398132,0.4319732189178467
StandardScaler,124,0,82.62184519992536,98.08530372543574,81.02558702748236,0.5047420318625955,0.8832750356263764,0.9982917663136317,0.7920232333010648,33.526999950408936,0.42173027992248535
StandardScaler,127,0,81.19343800132026,98.01289281626714,81.45730230599136,0.515076514973485,0.8861005109630684,0.9996108570872653,0.7957405614714425,39.3590612411499,0.44554901123046875
StandardScaler,130,0,80.53002602054192,97.88959099383551,81.46783194693062,0.5134245571184383,0.8862216092746628,0.9991254069287206,0.7962439496611811,34.37843322753906,0.4526381492614746
StandardScaler,133,0,83.26648288403176,98.22100626758974,81.39763434066897,0.5114493123352801,0.8857709384025173,0.9988334224468964,0.795701839303001,38.801026582717896,0.4388093948364258
StandardScaler,136,0,82.22636419027313,98.10647104224414,81.36253553753818,0.5093878500412332,0.8855751411455415,0.9983965793693212,0.7956631171345595,44.32607102394104,0.3945622444152832
StandardScaler,139,0,87.04734097367518,98.57405636781007,81.18353164157102,0.5054877519818975,0.8843939361266254,0.9979560054506521,0.7940367860600194,49.001827239990234,0.42897462844848633
StandardScaler,142,0,87.0964553819965,98.39876990137817,81.25723912814573,0.5067860789955813,0.8848889846949773,0.9980549477267202,0.7947725072604066,29.17178201675415,0.42977118492126465
StandardScaler,145,0,84.8968822554138,98.37220405750529,81.35200589659893,0.5128327415251447,0.8854043094709143,0.999367026974389,0.7947725072604066,29.751948833465576,0.45842719078063965
StandardScaler,148,0,85.76833511378813,98.44946744599375,81.40816398160823,0.5137308261083393,0.8857839015029001,0.9994161152199299,0.795353339787028,27.97576117515564,0.44740986824035645
StandardScaler,151,0,87.18775022894155,98.59534966199759,81.15194271875329,0.5097481149718219,0.8840473311452756,0.9992190169375702,0.7926815101645692,20.07280206680298,1.5389456748962402
StandardScaler,154,0,92.83150700550257,99.14634333226402,81.12386367624865,0.5081377838609229,0.8838896325402651,0.9988776655443322,0.7926427879961278,40.163017988204956,0.47965526580810547
StandardScaler,157,0,87.3881345457371,98.62403900202038,81.26776876908497,0.5124731547356477,0.8848071485614384,0.9995611040671023,0.7936882865440464,27.818061113357544,0.4700443744659424
StandardScaler,160,0,81.29651289879585,98.01962643847398,81.05015618967393,0.5077436298534932,0.8833682573286384,0.9990227694713183,0.7917134559535334,27.364052295684814,0.441455602645874
StandardScaler,163,0,83.77337219106326,98.23136266499999,81.14492295812713,0.5064322607748398,0.8840892417900142,0.998343160664685,0.7933010648596321,33.58981490135193,0.4747781753540039
StandardScaler,166,0,83.47062975811717,98.23837885146288,80.85360289214137,0.5077865963195174,0.8819442941545653,0.9997056226081837,0.7890029041626331,38.13402771949768,0.47315073013305664
StandardScaler,169,0,90.11433933023429,98.87747498797748,81.38710469972975,0.5122088826759373,0.8856742481405627,0.9990758754863813,0.7953920619554695,21.745834350585938,0.48328709602355957
StandardScaler,172,0,94.40052317048284,99.34479414465525,81.13439331718789,0.5097049079968929,0.8839218226973329,0.999267578125,0.7924491771539206,21.81171464920044,0.5831098556518555
StandardScaler,175,0,87.6384248530671,98.65043554338357,81.40816398160823,0.5149820704143403,0.8857494122468348,0.9997565488363034,0.7950822846079381,22.030930757522583,0.4984016418457031
StandardScaler,178,0,81.18582864496375,97.99581369362994,81.33094661472043,0.5113109061890079,0.8852946884906515,0.9990265745157209,0.794811229428848,33.786357402801514,0.4621725082397461
StandardScaler,181,0,80.3324471001584,97.92476071515051,80.56579270646871,0.5031361234416768,0.8799878622363829,0.999409216226861,0.7860600193610843,41.50700759887695,0.48660707473754883
StandardScaler,184,0,84.11071548138727,98.2554434434646,81.22565020532801,0.5094303293647519,0.8845879992232507,0.9988792515349381,0.7937657308809293,50.60169291496277,0.4557676315307617
StandardScaler,187,0,87.32520303357543,98.57511624619583,81.26776876908497,0.5096087481913514,0.8848866553070336,0.9987827441815171,0.7943078412391094,38.73177456855774,0.4909942150115967
StandardScaler,190,0,89.41191251346234,98.79448607656123,80.96942894247306,0.5060088079618327,0.8828334341775435,0.9988264632536307,0.7909777347531461,23.546168088912964,0.4932675361633301
StandardScaler,193,0,80.34641816310805,97.94585571164649,81.4116738619213,0.5143121458640457,0.8857931510394204,0.9995619798510732,0.7952758954501452,34.637298822402954,0.6090693473815918
StandardScaler,196,0,90.89674209452653,98.98213185957012,81.03260678810852,0.5085980758729256,0.883217357479362,0.9993153699447406,0.7912875121006776,28.170059204101562,0.45243024826049805
StandardScaler,199,0,82.16504198653732,98.11723959322414,81.25021936751958,0.5122497299039851,0.8846867849587704,0.9995609970245354,0.7934946757018393,26.9788761138916,0.4361450672149658
StandardScaler,202,0,82.92524341153053,98.15603232062007,81.1308834368748,0.50948128398736,0.8839027339869563,0.9992187881451101,0.7924491771539206,24.397380113601685,0.5870218276977539
StandardScaler,205,0,90.74938144022937,98.94508191548572,81.23968972658032,0.5106836658580961,0.8846543947862492,0.9991712976503851,0.7936882865440464,47.794708251953125,0.49278974533081055
StandardScaler,208,0,96.57952823152546,99.59449495399943,98.4591625425573,0.9062953802236203,0.9915721169536754,0.9832851050868109,1.0,38.45720624923706,0.457782506942749
StandardScaler,211,0,82.33300629126305,98.11258397035985,81.30637745252886,0.512070772401289,0.8850966517086641,0.9993179714522337,0.7943078412391094,46.72380089759827,0.48551440238952637
StandardScaler,214,0,82.74996241800045,98.15212486511327,81.33796637534661,0.5112217059266947,0.8853477088948787,0.998978102189781,0.7949273959341723,40.61080503463745,0.4789154529571533
StandardScaler,217,0,87.39506415810148,98.61059268065152,81.3941244603559,0.51211999169181,0.8857272198150423,0.9990274265707061,0.7955082284607938,34.045393228530884,0.5008549690246582
StandardScaler,220,0,86.53563608714376,98.53678261429015,81.05015618967393,0.5088193675981487,0.8833380150824348,0.999315537303217,0.7914811229428848,33.97705388069153,0.47035956382751465
StandardScaler,223,0,96.11852600129703,99.5114421439436,98.27664876627708,0.8946507386353868,0.9905767200844449,0.9820015220700152,0.9993030009680542,15.964794397354126,0.6434307098388672
StandardScaler,226,0,87.31652322567574,98.5978133317059,81.23266996595416,0.5109524344459662,0.8845962920596551,0.9992685781158572,0.7935333978702808,15.447139024734497,0.4952094554901123
StandardScaler,229,0,83.77880578566715,98.24418652934828,81.02558702748236,0.5067161814972806,0.8832195627754256,0.9988273806615527,0.7915972894482091,16.011893272399902,0.5181021690368652
StandardScaler,232,0,84.84748244176242,98.37366993051124,81.22214032501492,0.5122505776194195,0.8844841732521483,0.9996583532627263,0.793107454017425,54.30379104614258,0.5529816150665283
StandardScaler,235,0,86.44172901889557,98.50290207560998,81.30637745252886,0.5097435147072035,0.8851610677476389,0.9986863231645016,0.794811229428848,26.863752841949463,0.48633646965026855
StandardScaler,238,0,89.26485832493942,98.79651861554701,81.19406128251026,0.5097451942027975,0.8843513921864883,0.9990733967325043,0.7932623426911907,26.89012098312378,0.4887051582336426
StandardScaler,241,0,87.72692301826666,98.64409968172194,81.14492295812713,0.5103757011365255,0.8839790937756469,0.9994139766567368,0.7924491771539206,33.325268030166626,0.5705852508544922
StandardScaler,244,0,82.3921353039131,98.14006455668346,80.98346846372539,0.5094137063894268,0.8828388547703486,0.9997061560311474,0.7904356243949661,23.968986988067627,0.6503336429595947
StandardScaler,247,0,83.52543702237271,98.22883529797586,81.10982415499632,0.5101105945444633,0.8837329876863254,0.9994624969460054,0.7920232333010648,28.306680917739868,0.6564369201660156
StandardScaler,250,0,84.23742745947862,98.2861215501026,81.34849601628585,0.509387000165639,0.8854741379310345,0.9984447144592953,0.7954695062923524,47.00370502471924,0.49498796463012695
StandardScaler,253,0,87.48581579083057,98.61732016904894,81.29935769190271,0.5109072583717506,0.8850782968810664,0.9990261479281297,0.7944627299128751,18.583176612854004,0.5327794551849365
StandardScaler,256,0,86.59862569708255,98.52692565827581,81.21512056438876,0.5087587947597172,0.8845307443365695,0.9987332521315468,0.7937657308809293,23.14427089691162,0.5948758125305176
StandardScaler,259,0,81.49275121297266,98.0355136197345,81.42571338317364,0.510915152110514,0.8859875904860393,0.9985916176970521,0.7962052274927396,33.58975863456726,0.5916647911071777
StandardScaler,262,0,82.52404848549989,98.14856569322087,81.25021936751958,0.5097432401107713,0.8847564395737153,0.9988796336889278,0.7940367860600194,43.577895641326904,0.6412651538848877
StandardScaler,265,0,80.33389082991948,97.92660136558814,81.08876487311782,0.5058997438016754,0.8836988430322915,0.9983904794420329,0.7926427879961278,29.112756967544556,0.5401654243469238
StandardScaler,268,0,90.04640995679705,98.89910446536683,81.06068583061318,0.5089522285996335,0.883410397130634,0.9993156376790341,0.7915972894482091,37.578045129776,0.5245254039764404
StandardScaler,271,0,87.51449212738808,98.61767252670681,81.33094661472043,0.5107739018946851,0.8853095284300407,0.9988808875048657,0.7949273959341723,41.87306308746338,0.5604166984558105
StandardScaler,274,0,87.823326838486,98.64596656506389,80.84658313151522,0.5057247846526022,0.8819521059121292,0.9991667483580041,0.789351403678606,49.0270562171936,0.5432977676391602
StandardScaler,277,0,81.42421907509791,98.03273054282623,81.25723912814573,0.5101909053834751,0.8847946151190887,0.9989769571783504,0.7940367860600194,41.559046268463135,0.5392847061157227
StandardScaler,280,0,90.09646191799644,98.90275353409636,81.32041697378119,0.5115342593880152,0.8852126649987059,0.9991236184819124,0.7946176185866408,30.448654174804688,0.5252242088317871
StandardScaler,283,0,81.07589675734519,98.01617356249835,81.34498613597276,0.512027340012608,0.8853760055209299,0.999172507788162,0.7948499515972894,47.15375781059265,0.5730047225952148
StandardScaler,286,0,86.57581360490171,98.5273712691436,81.39763434066897,0.5109124106764393,0.8857857081286096,0.9986879828951845,0.7958180058083253,28.926961421966553,0.5267519950866699
StandardScaler,289,0,85.48810629569299,98.42000663125758,81.25372924783265,0.5090714159690525,0.8848003796130535,0.9986853637160386,0.7942303969022265,40.34658479690552,0.5425560474395752
StandardScaler,292,0,84.3435161791416,98.3151799249919,81.12386367624865,0.5101090590409806,0.8838344565405218,0.9994138048947291,0.792216844143272,25.269888877868652,0.5673248767852783
StandardScaler,295,0,82.50714275858412,98.12884725964983,81.36604541785125,0.5105072276150536,0.8855695656859576,0.9986874088478367,0.7954695062923524,24.131961822509766,0.6362903118133545
StandardScaler,298,0,87.54980758742444,98.64461879287364,81.45730230599136,0.5129314750573878,0.8861594156054043,0.999028277135361,0.7962052274927396,17.037654161453247,0.5268480777740479
StandardScaler,301,0,86.52809862678642,98.52788074593677,81.32392685409428,0.5112211552228123,0.8852466087256572,0.9990264797507789,0.7947337850919651,16.171154499053955,0.5940816402435303
StandardScaler,304,0,84.34774061375944,98.30406631600084,81.34849601628585,0.5106404533699199,0.8854395722847411,0.9987841058314284,0.7951984511132624,16.411838054656982,0.5399153232574463
StandardScaler,307,0,83.83229350416016,98.25431202186694,81.12737355656172,0.5065683521770669,0.8839588234024646,0.9984399375975039,0.7930300096805422,30.31568217277527,0.6108653545379639
StandardScaler,310,0,82.0554194695818,98.09229890168193,81.41869362254747,0.5113618195076101,0.8859248405447336,0.9987368216489336,0.7960116166505324,22.00158452987671,0.5448951721191406
StandardScaler,313,0,81.15044056270602,98.00538723653315,81.25372924783265,0.5099670794132644,0.8847755269346105,0.9989282930631332,0.7940367860600194,22.115403413772583,0.5676925182342529
StandardScaler,316,0,84.89285971057137,98.36712304410202,81.23968972658032,0.5101464327840236,0.8846693278670839,0.9990253411306043,0.7938044530493708,18.583648204803467,0.699620246887207
StandardScaler,319,0,83.21574101172922,98.20572149826587,81.15896247937945,0.5094787999533696,0.8841055313269139,0.9991216512955643,0.7928363988383349,29.88459277153015,0.6414401531219482
StandardScaler,322,0,83.12716514075275,98.1927579543935,80.99399810466463,0.5057796857112761,0.8830175635680183,0.9986806098514465,0.7913649564375606,29.990728616714478,0.7178301811218262
StandardScaler,325,0,84.39186950658282,98.32045537608514,81.14492295812713,0.50876317647068,0.8840241796200345,0.9989753598438643,0.7927976766698935,29.821311712265015,0.6265394687652588
StandardScaler,328,0,90.50027051777467,98.91710752267254,80.85009301182829,0.504511689146229,0.882012023701397,0.9988245089876083,0.7896611810261375,29.711138248443604,0.587777853012085
StandardScaler,331,0,83.36448076201044,98.22847850766561,81.16247235969254,0.5093441482145478,0.8841346257636925,0.9990729898516784,0.7929138431752178,24.083142518997192,0.7603738307952881
StandardScaler,334,0,89.7491686571207,98.84884647827026,80.70969779930505,0.504378282233287,0.8809977481378832,0.9992632251092882,0.7877637947725072,24.184651374816895,0.7230217456817627
StandardScaler,337,0,79.78911523621467,97.86899169933136,80.83956337088905,0.5034817275917947,0.8819650154597938,0.9985801018409715,0.7897386253630203,24.32705855369568,0.7658040523529053
StandardScaler,340,0,86.82813878687485,98.55942635640244,81.39061458004282,0.5126116529843545,0.8856884136087275,0.9991730310843022,0.795353339787028,24.56106662750244,0.706822395324707
StandardScaler,343,0,93.31446801681061,99.23022331243084,81.29935769190271,0.5114442713209927,0.8850634222107171,0.9991719838293313,0.7943465634075508,30.08002734184265,0.6646542549133301
StandardScaler,346,0,91.84851512975047,99.06999231824402,81.27478852971115,0.5100565090846522,0.8849248290589072,0.9988800155823919,0.7943078412391094,49.463683128356934,0.5804579257965088
StandardScaler,349,0,82.46854332169681,98.14417289073828,81.24670948720649,0.5102358319799353,0.884717457440611,0.9990254361173375,0.7938818973862536,17.52484679222107,0.5993077754974365
StandardScaler,1,1,59.087665914542534,93.39356615256649,48.36264083394756,0.1427584185549725,0.6133914962947391,0.954370758034181,0.4519264278799613,21.176079273223877,0.34985923767089844
StandardScaler,4,1,78.009567251445,95.98285772869725,86.10087396019796,0.4047361697306903,0.9202770172330488,0.9584434100725459,0.8850338818973863,21.027508974075317,0.3719334602355957
StandardScaler,7,1,85.46458976796475,96.9649069232667,91.2428486188621,0.5703443973157841,0.9507004682961528,0.970666559070368,0.931539206195547,20.222063302993774,0.3454313278198242
StandardScaler,10,1,93.24971078200333,98.3096037253439,90.375908181531,0.6128902629453622,0.9446664245065989,0.9863879640945679,0.9063310745401743,16.42153310775757,0.3571290969848633
StandardScaler,13,1,79.27646045102756,96.20729861747874,72.76683865080201,0.32165879904966127,0.8274512420219272,0.9718942639222652,0.7203872216844144,19.598878145217896,0.5190494060516357
StandardScaler,16,1,60.09218810026804,93.3327413548824,51.69000737074866,0.18302218380895768,0.6452760167001701,0.9647067889342683,0.48476282671829624,27.801043272018433,0.3991377353668213
StandardScaler,19,1,73.30714624445075,94.86662759159285,67.58625530869398,0.26457049642796665,0.7882803365505857,0.966168371361133,0.6657115198451113,33.09309148788452,0.4986765384674072
StandardScaler,22,1,82.20635604205988,96.22019997366536,78.88105015618967,0.380117408575398,0.8713464046697599,0.9728800611153552,0.7890029041626331,16.686439275741577,0.3662865161895752
StandardScaler,25,1,71.35428823323934,95.12898870112056,63.7288968446176,0.25345520795446913,0.7558590058590059,0.9693389080773193,0.6194385285575992,20.929380655288696,0.3476593494415283
StandardScaler,28,1,80.50370337017942,96.46882488372802,87.95058088519183,0.4684095787886158,0.9312258348859106,0.9647185787813382,0.8999806389157793,25.327447175979614,0.3694179058074951
StandardScaler,31,1,94.95082241034606,98.83147820524928,93.612017830192,0.6918433982880128,0.9640316205533597,0.984460141271443,0.9444336882865441,26.350214958190918,0.3673059940338135
StandardScaler,34,1,63.42898454526507,93.6296286715632,60.562984802218246,0.2323121864491968,0.7286776779677389,0.9679861422980689,0.5842400774443369,20.526705741882324,0.3887481689453125
StandardScaler,37,1,88.02403214550007,97.67204595512864,88.14362430241128,0.5237173968323785,0.9316194331983806,0.9760763520678685,0.8910358180058083,24.199079513549805,0.3666346073150635
StandardScaler,40,1,44.06520023035769,89.29890485292876,23.54076725983644,0.0526059787938249,0.2834681928820472,0.9414463622460126,0.16685382381413358,32.07155919075012,0.3732280731201172
StandardScaler,43,1,83.16460044343128,96.8111233565349,85.91134042329158,0.452086420122088,0.9182218238122403,0.9688722644997635,0.8726040658276863,50.924673557281494,0.3581242561340332
StandardScaler,46,1,65.37248445702907,93.99972342048201,72.75279912954969,0.23561082619736137,0.8306759439003643,0.9510538407751473,0.7373475314617619,38.4437620639801,0.38019323348999023
StandardScaler,49,1,77.36902182951353,95.45488984757209,91.79389982801587,0.5317755584111047,0.954564887869719,0.9581398977880077,0.9510164569215876,26.419041395187378,0.3612480163574219
StandardScaler,52,1,67.19977429013595,94.14118513158563,63.55691270927662,0.2518110483448204,0.7544403188042476,0.9691335520719407,0.6176185866408519,25.704551458358765,0.3849332332611084
StandardScaler,55,1,42.76800177779198,89.12277834993174,16.801797058720297,0.03271790619994382,0.16086094590767488,0.93768056128766,0.08797676669893514,26.18781352043152,0.3624749183654785
StandardScaler,58,1,44.59457410335159,89.5024332399714,20.445052823698713,0.02789206996118648,0.23218157181571816,0.9274695534506089,0.13270087124878993,26.493111610412598,0.3786470890045166
StandardScaler,61,1,76.46162169777682,95.2157992114198,84.22308799269945,0.4228762806640784,0.9075312172142108,0.9680505573597823,0.8541335914811229,31.994038343429565,0.3737015724182129
StandardScaler,64,1,64.25820685568294,93.17035065811774,61.085956968867364,0.23709642004975345,0.7331584394329587,0.9686466547952175,0.5897773475314617,31.20900321006775,0.3957078456878662
StandardScaler,67,1,75.10517367967356,94.8606650897952,74.4796602435857,0.32649352210556465,0.8404677798012156,0.9696739570676387,0.7416456921587609,31.301519632339478,0.38097381591796875
StandardScaler,70,1,68.73243431864742,93.34431747299861,73.48636411498369,0.28902765085781457,0.8342766881663815,0.9623930758718429,0.7362633107454017,33.98814368247986,0.3926677703857422
StandardScaler,73,1,71.79287706728232,94.51997282382285,70.16601733880876,0.2806614476626471,0.8086016662913759,0.9661016949152542,0.6952565343659245,38.49202346801758,0.37273454666137695
StandardScaler,76,1,70.3403919711777,94.09910083286643,63.13221719139377,0.26741403300362576,0.7497140678612276,0.9745400483181564,0.6091771539206196,38.54087281227112,0.39209842681884766
StandardScaler,79,1,77.70801219181853,95.36233347233669,89.6072443929662,0.49491892674400295,0.9413883885270888,0.962946464728274,0.9207744433688286,38.64195799827576,0.3870265483856201
StandardScaler,82,1,56.60646526588084,91.10054835704167,90.46365518935804,0.28091294195881483,0.948821789824634,0.9237822769953051,0.9752565343659245,39.16384768486023,0.39978504180908203
StandardScaler,85,1,75.550087909199,93.6104461221389,87.3152925485241,0.471505483332239,0.9270782889426957,0.9678955129555509,0.8895643756050339,40.02190136909485,0.39348626136779785
StandardScaler,88,1,63.628291874517515,92.91326149350992,81.12386367624865,0.1834493029840468,0.891541967490824,0.9302638777829216,0.8559148112294288,42.65800762176514,0.4454054832458496
StandardScaler,91,1,78.64604147164574,95.78145657329866,82.65066161243901,0.3918860714291796,0.8975267947840869,0.9658665000892379,0.838218780251694,33.42547249794006,0.3909018039703369
StandardScaler,94,1,79.18538782807997,95.58355744506798,93.91737741743007,0.6273612090350519,0.9666004972343747,0.9622055099378405,0.9710358180058083,31.434002161026,0.4163179397583008
StandardScaler,97,1,76.75060875577076,94.12965039758168,85.20234460004914,0.44442284198438825,0.9136631716906947,0.969617942365367,0.8638141335914811,36.97870635986328,0.39993906021118164
StandardScaler,100,1,60.214229743302226,93.06672637427428,62.93917377417429,0.18052878534213979,0.7532770988620697,0.9497407494697149,0.624162633107454,38.045016288757324,0.39571595191955566
StandardScaler,103,1,57.75245844374937,92.43466939926903,57.14787125759012,0.1776096135254793,0.700502882374586,0.9556894243641232,0.5528751210067764,15.96771502494812,0.397097110748291
StandardScaler,106,1,59.26610597470279,92.04046427024905,62.79175880102489,0.1804321811293672,0.7519943853082232,0.9498817966903074,0.6223426911907067,26.799561500549316,0.4059178829193115
StandardScaler,109,1,64.23227055553821,91.98956328547037,57.653294022673826,0.17570142955763549,0.7054659082586725,0.9544854009776721,0.5594966118102613,26.600586652755737,0.39765214920043945
StandardScaler,112,1,64.45953889246755,93.08376296704843,61.23337194201678,0.22206310974355667,0.7354934501999665,0.9638463469746422,0.5946176185866409,27.228381872177124,0.40917491912841797
StandardScaler,115,1,59.963717938197036,92.72714101579653,61.88971956056298,0.17472847863251859,0.7443973634651601,0.9493245271690183,0.6122362052274928,27.269571781158447,0.40742921829223633
StandardScaler,118,1,54.02777799967902,91.53701617243549,36.5343441788635,0.08530637548160361,0.47661224962371196,0.9438266651381405,0.3187996127783156,47.228145122528076,0.4173872470855713
StandardScaler,121,1,59.660316821703006,92.88901339993805,59.30293776982205,0.19788608035977093,0.7193784941552313,0.9592100167806893,0.5754888673765731,29.077048540115356,0.4549839496612549
StandardScaler,124,1,60.900803129146276,92.14302823574995,62.10031237934787,0.1698100292396433,0.7465615171572079,0.9477385137953638,0.615837366892546,28.119897603988647,0.42917823791503906
StandardScaler,127,1,65.66757759139689,93.07975193039938,64.16412200343969,0.19828292955758287,0.7628669639539205,0.9531077708780686,0.6359341723136496,25.841198205947876,0.4577829837799072
StandardScaler,130,1,57.04387616749298,91.07098069978116,58.97300902039241,0.14994003677030604,0.7196546348483032,0.9453686200378072,0.5809486931268151,44.74861288070679,0.4339444637298584
StandardScaler,133,1,59.97102518611259,91.6437375710706,60.99119020041417,0.1432297108817382,0.7383833152864743,0.9415861199495708,0.6073184898354308,28.416056632995605,0.4253218173980713
StandardScaler,136,1,71.98366145263324,94.24258727076116,83.05429784844337,0.33943432841409643,0.901360683201896,0.9540677306344881,0.8541723136495644,27.210734844207764,0.4454231262207031
StandardScaler,139,1,63.526267820585346,92.72563687069909,55.54736583482504,0.1847484794456679,0.6843928331132099,0.9600111856823266,0.5317328170377541,33.19766306877136,0.4408895969390869
StandardScaler,142,1,47.47720134293012,89.85473538355772,86.4308027096276,0.13466488062537815,0.9258022416705052,0.9178050915179421,0.9339399806389158,24.2548508644104,0.4324464797973633
StandardScaler,145,1,57.45562237606836,91.5594661536613,57.66031378329999,0.1788643198021869,0.70529890308553,0.9554540640720148,0.5589545014520814,39.61068320274353,0.4439723491668701
StandardScaler,148,1,63.420409313364146,93.15763284097946,65.53648520585448,0.22938639136449931,0.7728818263826244,0.9597311580882353,0.6469312681510164,33.12887954711914,0.44235968589782715
StandardScaler,151,1,81.82670014066925,96.84111480823128,84.81976764592328,0.46564634165025637,0.9106866288074342,0.9756637168141593,0.8538238141335914,23.778071403503418,0.45698094367980957
StandardScaler,154,1,89.46779168170552,97.74728020544822,89.12288090976098,0.5925914761149782,0.9368929073248213,0.988059445064857,0.8907647628267183,25.1417977809906,0.422299861907959
StandardScaler,157,1,90.11199072759479,98.21728879499847,93.19434207293531,0.655640700923425,0.9618434775764017,0.977872919334187,0.9463310745401743,28.004106760025024,0.4568006992340088
StandardScaler,160,1,57.13419351933822,92.05532983600081,52.16735109332772,0.15604313359730546,0.6527013251783894,0.9546030562802833,0.4958760890609874,23.526134490966797,0.4530026912689209
StandardScaler,163,1,81.34813132131048,96.65380004429942,75.24481415183743,0.37897211948108145,0.8443836462723121,0.9813827059185557,0.7409486931268151,30.453574657440186,0.4834768772125244
StandardScaler,166,1,37.13362416112256,86.03417758780448,90.37941806184409,0.04894554009243242,0.9493785435942896,0.9075277169691406,0.9952758954501452,27.85705804824829,0.4637734889984131
StandardScaler,169,1,64.90651559308027,92.6576164813061,88.3682566424485,0.2955159735775799,0.9360355143794634,0.9331537425437753,0.9389351403678606,46.76465725898743,0.47912073135375977
StandardScaler,172,1,53.95474618896737,91.13151168039178,58.10255870274824,0.11438638137737142,0.7140906804627434,0.9360165766670853,0.5772313649564376,46.324015378952026,0.46366333961486816
StandardScaler,175,1,48.899644078493,89.4640018223375,87.47674704292584,0.11929020785951969,0.9322085423316614,0.9151341067631589,0.9499322362052275,29.599044799804688,0.4912559986114502
StandardScaler,178,1,62.1814306432368,92.5998433713807,85.48313502509565,0.28152307283829364,0.918202673839095,0.9383564412466147,0.8988964181994191,38.95604467391968,0.471721887588501
StandardScaler,181,1,32.655829494643754,85.70428889963274,90.64967884595136,0.02607753204661502,0.95095187244541,0.9064902242970971,1.0,40.37872266769409,0.49831414222717285
StandardScaler,184,1,63.89310372123524,93.42209288271883,48.04675160577025,0.17296673549319475,0.6068108165542155,0.9662465104475086,0.4422846079380445,32.60297656059265,0.47127866744995117
StandardScaler,187,1,72.23277164886575,94.63478884035025,87.36794075322032,0.37772671870089736,0.9288158389208647,0.9493005579364437,0.9091965150048402,36.73484539985657,0.4985830783843994
StandardScaler,190,1,36.728530148025875,88.27850972045073,18.92878452844758,0.016624057348964567,0.20548981838194827,0.9199260856174931,0.11566311713455954,36.012969732284546,0.48340916633605957
StandardScaler,193,1,68.29785132633594,94.0160407132146,55.680741286722125,0.21344395889668635,0.6833989419050723,0.9694124342011666,0.5277057115198451,33.839027643203735,0.47942399978637695
StandardScaler,196,1,56.29967123920381,92.01783896564687,31.982029412797026,0.11274072145497117,0.4085818048646504,0.9642754249495823,0.2592061955469506,49.98288011550903,0.6172168254852295
StandardScaler,199,1,53.84790582931309,90.38163071410979,60.822715945386264,0.09654601988029198,0.7398013893421604,0.9294207227786564,0.6144433688286544,39.074816942214966,0.4720609188079834
StandardScaler,202,1,53.35829334874861,91.07252959935455,88.54375065810257,0.2087026506268201,0.9378924534764242,0.9220322496165214,0.9543078412391094,47.279905796051025,0.4560129642486572
StandardScaler,205,1,56.13569607309863,90.80060456315314,68.60061071917447,0.16223412187964698,0.8013677339135841,0.93925987612554,0.6987802516940949,26.37609601020813,0.4462549686431885
StandardScaler,208,1,52.9258723199677,89.9329718708914,81.99080411357973,0.18924978140627424,0.8971393059759838,0.9300856264028597,0.8664472410454985,27.217133045196533,0.420194149017334
StandardScaler,211,1,41.6810998490184,89.27725861248562,28.057983222772105,0.06713300108486887,0.35586562333050503,0.9442961974649766,0.21924491771539206,24.19321370124817,0.4491548538208008
StandardScaler,214,1,53.66376492477427,90.18101885841403,68.30929065318873,0.09965303483344481,0.8017739138071088,0.9257757047252079,0.7070667957405615,34.34047555923462,0.437023401260376
StandardScaler,217,1,58.368551963741176,91.1489099655278,82.02590291671054,0.18808533799161672,0.8973891438074819,0.9298646291836227,0.8671055179090029,27.480854749679565,0.45744824409484863
StandardScaler,220,1,49.69413699020107,90.23664655256832,45.19321891123513,0.0658192762816461,0.5860615539591231,0.9290637081862498,0.4280348499515973,26.291087865829468,0.4559926986694336
StandardScaler,223,1,67.71793020859282,93.89149666710581,52.549928047453584,0.19902979827967301,0.6528159428850253,0.9691932286106452,0.4921587608906099,28.990526914596558,0.5020132064819336
StandardScaler,226,1,50.15007091559917,89.23188352323737,83.63693798041487,0.19760601581205067,0.9076539101497504,0.929113102721116,0.887163601161665,34.57172441482544,0.4924042224884033
StandardScaler,229,1,83.76930098933252,96.44267499499553,73.89000035098803,0.3828642956890085,0.8337765066029093,0.9856825866441251,0.7224394966118103,34.18726682662964,0.5234217643737793
StandardScaler,232,1,61.771645234638775,90.99226927813878,74.22343898073076,0.25918592009091546,0.8409356725146199,0.95419021872696,0.7517134559535334,34.90274977684021,0.4935011863708496
StandardScaler,235,1,62.72795207514367,91.77979050042089,55.68425116703521,0.16255183902873163,0.6875061875061875,0.9526716510048701,0.5378121974830591,28.877055168151855,0.5267148017883301
StandardScaler,238,1,69.66871848649481,94.16457676209285,61.296549787652246,0.26563751067848457,0.733189769895231,0.9772316821465429,0.5866795740561471,35.15568232536316,0.5142383575439453
StandardScaler,241,1,65.3737727752364,93.11261725780152,68.44266610508582,0.1895614740231592,0.798881556872833,0.9458156779661017,0.691461761858664,37.29927372932434,0.5499420166015625
StandardScaler,244,1,72.1529699946768,93.50828881827397,87.19595661787933,0.38056125491919585,0.9276850493597114,0.9503675723975468,0.9060600193610843,42.23520469665527,0.5106139183044434
StandardScaler,247,1,63.9067276499667,93.3421448865128,56.45993471622618,0.21451697254901134,0.6909951426080458,0.9685754189944135,0.5370764762826719,35.96416783332825,0.5901751518249512
StandardScaler,250,1,53.468324002588254,90.08167630703187,37.35214629181145,0.08732194198926614,0.48723031399925304,0.943900267141585,0.32836398838334946,49.74676299095154,0.6514749526977539
StandardScaler,253,1,52.45224980010734,90.90316031752593,43.91562247727352,0.09052873984205821,0.5685432698798434,0.9391614629794826,0.40766698935140366,25.937408447265625,0.525066614151001
StandardScaler,256,1,43.44271668110638,87.8258591191878,88.68414587062581,0.14291541152737,0.9391950511108597,0.9155053866235247,0.9641432720232334,17.255292654037476,0.7138526439666748
StandardScaler,259,1,47.623340491463615,88.31470064404819,85.03738022533432,0.16616451232865753,0.916915161082851,0.9230497567100926,0.9108615682478218,21.66010355949402,0.5304646492004395
StandardScaler,262,1,60.21346357886663,91.27654878691772,50.23340704081991,0.17095292216612146,0.6309378172258517,0.9623630300142926,0.4693126815101646,20.80464506149292,0.5165359973907471
StandardScaler,265,1,77.08495855812937,95.0597013116385,66.89480888701695,0.31099171666937087,0.7800373134328358,0.9805922017003811,0.6475895450145208,26.576047658920288,0.5325629711151123
StandardScaler,268,1,76.85174318749097,94.59021680951997,78.84244147274579,0.40904024602729794,0.8702148731860655,0.980020367586441,0.7825363020329138,29.671672344207764,0.5940308570861816
StandardScaler,271,1,84.74812943313272,96.42082232996869,80.21480467516058,0.4206671378157031,0.8797850333752746,0.9791607329345865,0.7987221684414327,24.560179710388184,0.687286376953125
StandardScaler,274,1,67.78498230559575,92.66895981056753,91.68158365799727,0.4369584063988406,0.954858862519523,0.9396109007759493,0.9706098741529525,43.2880117893219,0.5320513248443604
StandardScaler,277,1,67.5077869176878,92.4550648951262,69.78695026499597,0.2668029758747689,0.8061785103125282,0.9631462850379298,0.6932042594385286,43.93802738189697,0.6865510940551758
StandardScaler,280,1,65.84292394492621,92.20747831676101,77.18928784528447,0.1963202010370042,0.8644035969872103,0.9371606948968513,0.8021297192642788,18.986615896224976,0.5294184684753418
StandardScaler,283,1,55.72595932138892,91.4033291656652,73.31087009932962,0.11435562831889427,0.8390074525745257,0.9255850889895828,0.7672410454985479,31.115825414657593,0.5341396331787109
StandardScaler,286,1,57.53525627292593,91.56643202456628,74.81309887332841,0.14812040286379416,0.8488499452354874,0.930672948131726,0.7802516940948693,34.40252661705017,0.5184228420257568
StandardScaler,289,1,56.3138906701506,91.35389319519625,72.69664104454037,0.12683840394659696,0.8340975495318731,0.9283611849601215,0.7572120038722169,32.83728313446045,0.5494265556335449
StandardScaler,292,1,59.09282572337179,91.88522969449394,66.89480888701695,0.14345363387107524,0.7885391444713479,0.9364715906065285,0.6809680542110358,32.27600884437561,0.5393950939178467
StandardScaler,295,1,72.21920073435591,93.7606295862911,56.28093082025904,0.23336693854894805,0.6877412885434946,0.9752577319587629,0.5311519845111327,42.88020658493042,0.5583949089050293
StandardScaler,298,1,77.95373456142352,94.9889351373496,80.49559510020708,0.41955106027292416,0.8818187618298207,0.9781090771843745,0.8027879961277832,45.24593186378479,0.5402250289916992
StandardScaler,301,1,73.09813150286604,93.65734179034078,60.310273419676385,0.24820946893911172,0.7252538996063949,0.9733907258853454,0.5779283639883833,45.696999073028564,0.5529866218566895
StandardScaler,304,1,72.46675536260638,93.54889279839657,57.955143729598824,0.23323073799074207,0.7040687764025791,0.9724307356353215,0.5517909002904162,46.41929316520691,0.5358669757843018
StandardScaler,307,1,67.32198005939046,92.16017303779581,73.91105963286651,0.26854391864590477,0.8382548144924382,0.9568306010928962,0.7458276863504356,46.63874411582947,0.5676445960998535
StandardScaler,310,1,75.35310884836409,94.59629767088924,77.5051770734618,0.37433475235917785,0.8614899180912451,0.9748116991098503,0.7717715392061956,21.58458638191223,0.919745922088623
StandardScaler,313,1,60.60523940278391,91.8833905998835,57.056614369449996,0.10639635781525981,0.7049176374116682,0.9345184806241207,0.5658857696030978,18.791121244430542,0.557488203048706
StandardScaler,316,1,69.06994681874728,92.93960741221841,54.206591555227966,0.21322240131276238,0.6686139544334663,0.9716521482356415,0.5096611810261374,27.54554319381714,0.5453519821166992
StandardScaler,319,1,60.06825472098905,90.70588138083411,82.81211610684076,0.2468724321365156,0.9015025041736227,0.9379708689100954,0.8677637947725073,40.093546867370605,0.5649900436401367
StandardScaler,322,1,68.84845122219568,92.369899565465,69.97297392158927,0.22284305717184272,0.8096054125030601,0.9519049612727654,0.7043175217812198,23.899513483047485,1.421548843383789
StandardScaler,325,1,72.51204112741641,93.53766026293877,70.45382752448141,0.3107547053931868,0.8095647452719211,0.9735567767560803,0.6928557599225557,26.297112941741943,1.188096046447754
StandardScaler,328,1,49.81080894618621,90.13309866137438,89.37208241198975,0.19703849890827146,0.9429088578000678,0.9188623084555175,0.9682478218780252,28.88103747367859,1.1393928527832031
StandardScaler,331,1,70.58791900298405,93.36159414940556,57.319855392931096,0.22829996537725686,0.698307944226666,0.9718251501968096,0.5449370764762826,28.690022945404053,0.7185957431793213
StandardScaler,334,1,64.2680079506808,92.37539673947907,76.22056087887404,0.20563244433302655,0.8572692607495734,0.9401164402550596,0.7878412391093901,29.017589569091797,0.5585689544677734
StandardScaler,337,1,66.00263110308072,92.94299391204181,75.20269558808045,0.27669302622487846,0.8476418451187164,0.9565365521269347,0.7610067763794772,35.190627574920654,0.7061898708343506
StandardScaler,340,1,65.97977543756703,92.07111777739624,64.9292759116914,0.1808377428327632,0.7703621989336275,0.947588624413411,0.6489835430784124,26.02063488960266,1.0086419582366943
StandardScaler,343,1,66.00147568353852,92.30710182468033,66.03839809062511,0.16890839547111322,0.7802706876192207,0.9433858656855747,0.6652468538238141,22.092504501342773,0.5756785869598389
StandardScaler,346,1,72.26203259430541,92.75286516174532,77.54378575690569,0.3043242939051706,0.8639070875521143,0.9584650965214518,0.7863310745401743,32.267666816711426,1.0957214832305908
StandardScaler,349,1,71.5306389520904,92.81970484574705,87.38198027447264,0.41452181028606033,0.92838217423352,0.9560561299852289,0.9022652468538238,26.317618370056152,0.6143736839294434
StandardScaler,1,3,49.96056322890016,91.49417798335958,27.692955670211646,0.08437508713013515,0.347264028389468,0.9553695955369595,0.2121974830590513,29.739537954330444,0.34691882133483887
StandardScaler,4,3,65.36268626692006,94.04088558314018,59.74869256958337,0.20209243730218582,0.7232224742964715,0.9598949324107886,0.5801742497579865,31.97408127784729,0.35132813453674316
StandardScaler,7,3,82.51937379310945,96.01078230641237,89.96525218490049,0.5285374197400948,0.9432050696279227,0.9684262054336298,0.9192642787996128,39.780582666397095,0.3437070846557617
StandardScaler,10,3,59.15654373419105,92.74651846128907,47.544838720999614,0.16857681218387677,0.6016472532451955,0.9652754019842628,0.43701839303000967,27.43507695198059,0.3568398952484131
StandardScaler,13,3,78.85286520081134,95.57150805798545,78.83191183180654,0.3569943856611193,0.8716562746057755,0.9675895303789096,0.7930300096805422,35.48686337471008,0.38341665267944336
StandardScaler,16,3,56.88720679685895,91.95577428460753,51.96377803516901,0.1456848774481401,0.6515251820542852,0.9512974942374898,0.4954114230396902,38.76408767700195,0.3350975513458252
StandardScaler,19,3,59.65778666351002,92.62631013755076,50.09652170860973,0.16072460773599082,0.6304517336383012,0.9588109731994624,0.46962245885769605,47.26281118392944,0.31776928901672363
StandardScaler,22,3,38.19991735591207,88.60914022219731,23.72328103611667,0.04820389561680402,0.2873819517313746,0.9381288803254121,0.16968054211035818,45.41054964065552,0.4026906490325928
StandardScaler,25,3,36.26790192223758,87.90786040755039,12.217893369836089,0.02493043894391777,0.06462712244745307,0.9463307776560789,0.03345595353339787,39.90979719161987,0.3167750835418701
StandardScaler,28,3,43.076926540444404,89.4951063794681,30.41311291284967,0.07748159973214593,0.39060674986168314,0.9470860038753912,0.2460406582768635,34.70603537559509,0.394275426864624
StandardScaler,31,3,45.42986908392152,89.5013367351778,29.760275174616545,0.07108554239390619,0.3816968423654452,0.9443510166641186,0.23918683446272992,35.343446493148804,0.3191707134246826
StandardScaler,34,3,49.10259123348117,90.27216707225426,42.59239759924186,0.07416752275403221,0.5547934019271599,0.9338403738660314,0.39461761858664085,36.053823947906494,0.4804706573486328
StandardScaler,37,3,49.76971057866113,90.99174550003745,34.80046330420133,0.11104258220240261,0.44924098671726753,0.958623307604707,0.2933591481122943,52.93578743934631,0.41429710388183594
StandardScaler,40,3,42.87759742452554,89.09639261763114,28.31420448562704,0.06095778127119243,0.3609111959446774,0.9403228436328062,0.2233107454017425,56.045063734054565,0.35462093353271484
StandardScaler,43,3,30.223237803642583,84.12617583118117,12.203853848583764,0.0200972486178958,0.06489719626168225,0.9383783783783783,0.0336108422071636,52.53454875946045,0.354248046875
StandardScaler,46,3,46.58237502260367,88.67978698021184,39.04390860271665,0.07775114676398297,0.5104991685222244,0.9380567640356329,0.35066795740561474,52.613712310791016,0.3759942054748535
StandardScaler,49,3,33.07853584887025,85.8229581598594,12.186304447018356,0.022721599416738045,0.06418552459322985,0.9428571428571428,0.03322362052274928,40.489712715148926,0.3600344657897949
StandardScaler,52,3,34.3448974537923,86.55710052593177,90.63563932469903,0.01619476734933157,0.9508727995875378,0.9065056349401397,0.9998063891577929,52.721625328063965,0.3700580596923828
StandardScaler,55,3,44.73863625635354,89.55521315926298,35.87448668000421,0.08581765748053194,0.46762631855003206,0.944778052513835,0.3107066795740561,52.25350332260132,0.36615753173828125
StandardScaler,58,3,63.91753165784186,93.10536928858492,72.05784282755958,0.23474859076105636,0.8253898624788893,0.9518413597733711,0.7285963213939981,40.411747455596924,0.38179588317871094
StandardScaler,61,3,47.83997257784921,87.72187774397469,75.79937524130426,0.07441714618154464,0.8578379827220057,0.9174016581407656,0.8055372700871248,28.797696590423584,0.40476155281066895
StandardScaler,64,3,33.425366506195765,84.93844463053448,90.68828752939525,0.06639502743289293,0.9511391052912684,0.9069261028378758,0.9998838334946757,28.670626878738403,0.4218575954437256
StandardScaler,67,3,43.57105830184555,87.65607687813008,74.8166087536415,0.08942394720380967,0.8505550811272417,0.9203101054719193,0.7906292352371733,34.94181513786316,0.4432191848754883
StandardScaler,70,3,38.743811315849285,86.68137938703502,90.59703064125515,0.04206640762168827,0.9506293422774266,0.9069554821014136,0.9987221684414327,35.20903515815735,0.4256119728088379
StandardScaler,73,3,62.61161853871019,92.95374734415766,57.586606296725286,0.22222980751092147,0.7013494142652366,0.9693926351028216,0.5494288480154889,41.98770594596863,0.38112854957580566
StandardScaler,76,3,49.815920098127144,90.3025638618915,75.40977852655224,0.06801927281192624,0.8552897922088653,0.9165523042188676,0.801703775411423,48.18655848503113,0.4067370891571045
StandardScaler,79,3,43.09090922294949,87.13151060484533,59.359095854831345,0.023258386703756326,0.7314640877571372,0.911876951543888,0.610648596321394,23.893760204315186,0.349834680557251
StandardScaler,82,3,31.160228585704026,85.36087775940808,9.35734091467481,0.0,0.0,0.0,0.0,21.723648071289062,0.44048261642456055
StandardScaler,85,3,46.42210649467787,89.24255572156872,43.74012846161946,0.11069729725718855,0.5641569459172853,0.9472242512783053,0.40170377541142305,35.839136838912964,0.39940452575683594
StandardScaler,88,3,35.02557391526003,87.85991141107804,20.395914499315573,0.0069119045855186596,0.23497267759562843,0.911541481287621,0.13486931268151017,17.72783374786377,0.9216024875640869
StandardScaler,91,3,48.01233706296855,90.96750729045223,30.093713804359272,0.08336693288851982,0.3848410908978596,0.9508547008547008,0.24123910939012586,27.418455123901367,0.3598289489746094
StandardScaler,94,3,63.22479845518011,93.04043238137403,64.76431153697659,0.19986168240888555,0.7679219548281203,0.9527879761358421,0.6431364956437561,22.870512008666992,0.408663272857666
StandardScaler,97,3,49.63085543893234,90.5598353694935,37.68207504124109,0.036080205623499645,0.498517158593419,0.9211899791231732,0.34172313649564373,15.43374252319336,0.41849756240844727
StandardScaler,100,3,45.857030085207654,88.74547416992648,67.41778105366608,0.025856532348078214,0.7979100903450528,0.9112879164594729,0.709622458857696,16.353091716766357,0.36538100242614746
StandardScaler,103,3,54.044242909710974,89.95803259233266,42.84510898178372,0.09702981397798774,0.5551062783454456,0.9426556555627725,0.393378509196515,33.0405957698822,0.39206576347351074
StandardScaler,106,3,47.30630673157157,90.13999007149309,25.41855322733495,0.06819316278861785,0.3127971281653245,0.9489795918367347,0.18726040658276863,19.097572088241577,0.4239158630371094
StandardScaler,109,3,54.0615880010661,91.83155137269992,39.90733915973465,0.10270620221282067,0.5182475590196686,0.9480131768581429,0.35659244917715394,16.948189973831177,0.4080843925476074
StandardScaler,112,3,68.21522757262403,93.49954044014977,71.88936857253168,0.22133560753278353,0.82461403700865,0.948991935483871,0.7290609874152952,19.471654415130615,0.4005098342895508
StandardScaler,115,3,34.24437813228719,88.13106604886406,26.847074514759043,0.045531614730956016,0.34006712684440504,0.9327774882751433,0.20793804453049372,26.97982621192932,0.48209428787231445
StandardScaler,118,3,50.30906855465076,90.12255477032612,62.7320908357025,0.05454120625237689,0.7586708486749397,0.9183954217795631,0.6462729912875121,19.52194905281067,0.40468883514404297
StandardScaler,121,3,71.25686261836515,93.44709539120497,83.98090625109684,0.3591094164585237,0.9071565157248057,0.9555993657052244,0.8633881897386254,19.41706371307373,0.4685380458831787
StandardScaler,124,3,76.16911536693466,94.7261701668072,76.20652135762171,0.32596393341626717,0.853455543786074,0.9660369971615934,0.7643756050338819,23.18016242980957,0.5231473445892334
StandardScaler,127,3,57.23606942393875,92.24110018807508,62.616264785370824,0.15869702949560444,0.7517538748397623,0.9442037470725996,0.6244724104549855,28.906934022903442,0.4238731861114502
StandardScaler,130,3,46.7372796732581,90.25106937350128,37.82598013407743,0.07779992676870812,0.49475185396463206,0.939144558743909,0.335837366892546,19.38226628303528,0.4493377208709717
StandardScaler,133,3,43.11616868399094,89.04758416745977,29.560211996770906,0.05753917896198908,0.38079664311499184,0.9369875493470999,0.23895450145208133,26.31727957725525,0.4336721897125244
StandardScaler,136,3,49.983070307751184,91.49449704006825,35.456810922747536,0.1097461109090531,0.45852595624392684,0.9569813176007866,0.3014908034849952,38.89084577560425,0.431429386138916
StandardScaler,139,3,62.28437409449168,93.13049781731577,62.349513881576634,0.13505087599179477,0.7508304104434276,0.9382329037501451,0.6258276863504356,19.645532369613647,0.4643864631652832
StandardScaler,142,3,48.04462345015102,89.20565403165892,89.22817731915342,0.21949691974283797,0.9418981087067644,0.9214698473847978,0.9632526621490803,16.677043437957764,0.5831165313720703
StandardScaler,145,3,36.50028867333,88.80303195349497,30.844828191358676,0.0938675614477529,0.3945548965983468,0.9556415599880917,0.24859632139399807,23.371742725372314,0.4338107109069824
StandardScaler,148,3,64.99329914763298,93.69392940115267,48.025692323891754,0.1606798821711133,0.6078389830508475,0.9615416841223293,0.4443756050338819,19.893493175506592,0.4431033134460449
StandardScaler,151,3,49.8720294788121,89.52770145552724,88.59639886279878,0.25355507140704636,0.9378288907173884,0.9270258001059242,0.9488867376573088,21.413079500198364,0.5797233581542969
StandardScaler,154,3,55.381462016036444,91.86916619265446,87.18542697694008,0.19496067647531187,0.9298168047519271,0.9232325545884867,0.9364956437560503,33.15785789489746,0.4287583827972412
StandardScaler,157,3,69.00369574484618,93.53870726062675,81.24670948720649,0.28504163357595935,0.8903077460017655,0.9475179164481734,0.8396127783155857,20.079938888549805,0.5373570919036865
StandardScaler,160,3,36.50753056124631,88.78096406669515,30.96767400231652,0.08912079939333763,0.39713094654242276,0.9527871745844977,0.25084220716360117,24.756910800933838,0.462127685546875
StandardScaler,163,3,70.75263055841403,94.00082203925702,67.23175739707276,0.2156635610422775,0.7877892439878165,0.953767406021245,0.6710164569215876,40.17127060890198,0.4548075199127197
StandardScaler,166,3,32.11247874892247,87.25788042765667,17.52483240321505,0.02773370968201521,0.17614473038356357,0.9314052651093808,0.09727008712487899,18.77674126625061,0.4558391571044922
StandardScaler,169,3,32.091701531384786,88.3110461466901,29.219753606402023,0.09479156104929584,0.3696155048452641,0.9589618815896188,0.22892545982575024,21.867610931396484,0.43396544456481934
StandardScaler,172,3,74.22715359381957,93.83882514364532,90.62861956407286,0.4507078338285411,0.9482718536887786,0.9488969020200845,0.947647628267183,23.04186987876892,0.4559977054595947
StandardScaler,175,3,75.45765434582266,94.57738632933821,76.93657646274262,0.2934412528061664,0.8598366075808963,0.9572093465045592,0.7804453049370764,19.13935947418213,0.4809722900390625
StandardScaler,178,3,35.82767618332463,87.34601255973378,90.6602084868906,0.05638001446259337,0.9509791279037636,0.906985733361445,0.9994578896418199,28.78873562812805,0.45624828338623047
StandardScaler,181,3,75.10216857215272,94.35652283208655,69.28503738022533,0.25519971243383544,0.8026609538843161,0.9609611231101511,0.6891384317521781,15.852710723876953,0.4902045726776123
StandardScaler,184,3,46.70288143187781,90.82174601517826,23.70573163455126,0.09481617710520154,0.27925329089160783,0.971619750807568,0.16305905130687318,40.52003502845764,0.45670390129089355
StandardScaler,187,3,55.16862661938475,91.3131906297508,87.11522937067846,0.19646099037362114,0.9293753246503396,0.9235298615890495,0.935295256534366,32.870715379714966,0.50419020652771
StandardScaler,190,3,68.81262377549857,93.32736087957946,69.18676073145906,0.22108824916824826,0.8034214827918225,0.9525326537113731,0.694675701839303,27.95464062690735,0.46131157875061035
StandardScaler,193,3,74.20766759937807,94.10113058879416,70.20111614193955,0.25622950927133037,0.8099650819231803,0.959789931568617,0.7006001936108422,19.739638805389404,0.5339343547821045
StandardScaler,196,3,47.773123096843904,89.43406312187614,87.81369555298164,0.17467223758433187,0.9337909992372235,0.9199323689648694,0.9480735721200387,23.884994983673096,0.4928319454193115
StandardScaler,199,3,64.65829719772634,92.66564355529212,67.29493524270822,0.21480365441221447,0.7883523372552582,0.9534640953793747,0.6719845111326235,24.417925357818604,0.5047826766967773
StandardScaler,202,3,57.49340917029839,91.71868511382928,53.44143764697624,0.08874919305426895,0.6714225557950013,0.9317338099821256,0.5248015488867377,25.847611904144287,0.63828444480896
StandardScaler,205,3,62.161475509245165,91.3082061241547,68.20750412410936,0.18685503076696092,0.7971150830981499,0.9454332925986929,0.6890222652468538,19.545650005340576,0.529444694519043
StandardScaler,208,3,69.50952113633441,93.08081771394592,75.46242673124847,0.2750151751143225,0.8496203402955538,0.9557200929152149,0.7647241045498548,24.001601219177246,0.5256903171539307
StandardScaler,211,3,55.94675483972639,91.26941204672384,86.22722965146889,0.19969981417211993,0.9239003956248546,0.9254438789385757,0.9223620522749274,17.058226108551025,0.5013935565948486
StandardScaler,214,3,74.89817420473221,94.75192164904108,76.61015759362606,0.2993431223987636,0.8572774779405465,0.9591220587530551,0.7749854791868345,20.218071460723877,0.46707677841186523
StandardScaler,217,3,67.6423631561327,93.45280196913446,65.53999508616755,0.2500678312993776,0.7717805671780568,0.9654550741494621,0.6428267182962246,22.85782241821289,0.5085303783416748
StandardScaler,220,3,67.34644358088553,92.51893057647756,75.55719349970165,0.26369411939055093,0.8506861063464837,0.9530626951717511,0.7681703775411423,26.414153575897217,0.5171444416046143
StandardScaler,223,3,72.26629551870059,93.5913173486922,75.73268751535572,0.320976435238004,0.8500997311594831,0.9658111237006749,0.7591481122942885,27.71647024154663,0.47650885581970215
StandardScaler,226,3,76.17453007976098,93.84232622848052,76.85584921554175,0.3339191528522526,0.8579919886290218,0.9665680042699791,0.7713455953533398,23.996899127960205,0.490598201751709
StandardScaler,229,3,59.87964391872411,90.73313048075859,63.51479414551964,0.129701953209491,0.7611607655722262,0.9359249632726862,0.6413939980638915,22.790610313415527,0.5069608688354492
StandardScaler,232,3,69.39847958117312,93.5562771747164,77.11558035870976,0.2741232381837385,0.8617061892843507,0.9527226677923174,0.7865634075508229,24.158517599105835,0.49581360816955566
StandardScaler,235,3,72.10703208231874,94.07715337868581,76.13983363167316,0.3578091116254045,0.8518954248366013,0.9738978829389788,0.7570571151984511,18.090905904769897,0.646996259689331
StandardScaler,238,3,62.3230911793776,90.54290846331655,80.42188761363236,0.206899903758476,0.8863951120162933,0.9349516648764769,0.8426331074540174,24.988382816314697,0.4835524559020996
StandardScaler,241,3,66.09391287802589,92.6707477563001,70.26429398757502,0.2660756570750612,0.8100363244988564,0.9621797262025249,0.6994385285575992,19.31453847885132,0.5292603969573975
StandardScaler,244,3,82.48929947879033,95.09286785777518,94.08234179214489,0.6782430913438655,0.9670703125,0.9756453201970443,0.9586447241045498,19.587318420410156,0.5015521049499512
StandardScaler,247,3,45.63338123979204,89.84041008284464,31.044891369204308,0.07514439707284726,0.40045166015625,0.9449805559556388,0.2540561471442401,23.735742807388306,0.5347027778625488
StandardScaler,250,3,58.545941906580225,91.2331176474656,89.12990067038714,0.28317952015176906,0.9407895994646783,0.929154078549849,0.9527202323330106,19.281288862228394,0.5710046291351318
StandardScaler,253,3,72.43820684115849,94.53491130437249,64.99596363763996,0.281890233484553,0.7652914734885035,0.9755790231609265,0.6295837366892546,16.750016689300537,0.5339560508728027
StandardScaler,256,3,65.93961898025329,94.07791212243997,57.4146221613843,0.1821030447288088,0.7027172714576237,0.9567654123298639,0.5552758954501452,26.71148180961609,0.5426461696624756
StandardScaler,259,3,67.14994164804511,92.58260189600044,64.45544206942543,0.23859161560879366,0.7630834015674348,0.9638888888888889,0.6315198451113262,24.311601161956787,0.5190632343292236
StandardScaler,262,3,68.74738578158576,92.92247428328949,73.15994524586712,0.2948187978026777,0.8315527457761526,0.9643879010831801,0.7308809293320426,32.33571100234985,0.520256519317627
StandardScaler,265,3,56.68389144720837,91.40284533770149,48.471447123653085,0.15830408516325223,0.6130163165247647,0.9600396301188904,0.4502613746369797,22.4875431060791,0.5443799495697021
StandardScaler,268,3,65.35228168126253,92.57821265106976,75.26587343371591,0.24309124052323436,0.8492071983395031,0.949062559785728,0.7683639883833495,18.435822248458862,0.5299704074859619
StandardScaler,271,3,68.87045285038587,93.27919306732835,75.31852163841212,0.27432631068926694,0.8485788113695091,0.9558088770312879,0.7629816069699903,30.122528791427612,0.5681428909301758
StandardScaler,274,3,62.613586600909656,90.80440510645126,75.37116984310835,0.20024455841044553,0.8513126946792957,0.9400973418195433,0.7778509196515004,18.376527070999146,0.5227718353271484
StandardScaler,277,3,85.86419644601374,96.59227316975026,88.47004317152785,0.5579917538234401,0.9331950460618632,0.9826965907144081,0.8884414327202323,22.49312114715576,0.5463201999664307
StandardScaler,280,3,65.37493182588967,92.17377203082029,72.9949808711523,0.15497801521069968,0.8353590687323461,0.9336107523795858,0.7558180058083253,17.236917972564697,0.5225279331207275
StandardScaler,283,3,60.328649684202276,90.42960674849924,86.43431258994069,0.257170799309258,0.9245161416323262,0.9326582078966034,0.916515004840271,27.531573057174683,1.0595762729644775
StandardScaler,286,3,56.54880176965828,89.78406046330326,80.14109718858587,0.203365910872403,0.8845777233782129,0.9347273119206726,0.8395353339787028,29.139092206954956,0.673095703125
StandardScaler,289,3,56.33945514452186,89.69893577269985,76.49082166298129,0.15528125424355324,0.8605803255484784,0.9304586577845794,0.8004646660212972,22.076818704605103,0.5549945831298828
StandardScaler,292,3,57.05719653533906,91.0413853720296,78.82840195149345,0.17336926364140462,0.876327551564358,0.9312388339361192,0.8275314617618587,30.307767152786255,0.5661842823028564
StandardScaler,295,3,52.07617199556424,90.80387706789071,37.38373521462918,0.07911320534401534,0.48876662081613936,0.9401389042001984,0.3302226524685382,28.775434017181396,0.5606021881103516
StandardScaler,298,3,57.34740509909665,91.12862709357618,81.75915201291636,0.20258499814617578,0.8953799698037243,0.9324528301886792,0.8611423039690222,56.97608232498169,0.5323004722595215
StandardScaler,301,3,57.86515360689155,91.27438031084637,78.91965883963357,0.18621486038751942,0.8766583151928369,0.9333158424067515,0.82648596321394,33.636839389801025,0.5570275783538818
StandardScaler,304,3,59.44916190325414,91.55218268223165,66.09455617563441,0.13567934874154514,0.7823932240043251,0.9353153444282868,0.6724491771539206,30.973429679870605,0.5381739139556885
StandardScaler,307,3,55.840483838287746,90.20667577349086,83.3315783931768,0.23165789462148598,0.9051508917693583,0.9346642468239564,0.8774443368828655,27.448100566864014,0.5689041614532471
StandardScaler,310,3,58.01027604432571,90.85879651622027,81.25723912814573,0.2121760787672508,0.8918765692070948,0.9346857361117006,0.8528170377541142,21.5366313457489,0.7392725944519043
StandardScaler,313,3,60.635284668214496,91.28803931977103,80.55526306552947,0.220546018065247,0.8870079543136855,0.9370825253178194,0.8420135527589545,22.912118196487427,0.5786280632019043
StandardScaler,316,3,55.09846338641775,90.23645976531267,78.78979326804955,0.19307182579787152,0.8756098063028757,0.9346545965899103,0.8235818005808325,24.41115140914917,0.5197405815124512
StandardScaler,319,3,50.22209472987802,89.82563139302536,89.33347372854585,0.1725351938422858,0.9428361830596468,0.9167459214280489,0.9704549854791868,21.358429431915283,0.5409343242645264
StandardScaler,322,3,54.178149571274716,90.46591208240285,88.21382190867291,0.23921614024000665,0.9356433746023228,0.9262702538610404,0.9452081316553727,22.68870520591736,0.564070463180542
StandardScaler,325,3,59.575556522238,91.25434743263186,79.10919237653997,0.20729090711773962,0.8774703557312253,0.9367500329655839,0.8252468538238141,21.49158525466919,0.5841116905212402
StandardScaler,328,3,64.45030134590763,91.93614543476262,83.40879576006458,0.24811446955124467,0.9053786256180315,0.9371374109066799,0.8757018393030009,28.768094539642334,0.7529401779174805
StandardScaler,331,3,43.5284595592267,88.45627474460758,87.06258116598224,0.06491944369005474,0.93013646702047,0.910970855763876,0.9501258470474346,16.70330810546875,0.6017796993255615
StandardScaler,334,3,48.89172680391782,89.18503453181724,74.82362851426765,0.07218326368883285,0.8510744316412333,0.9174574753804834,0.7936495643756051,25.17101287841797,1.1361830234527588
StandardScaler,337,3,46.79921626098684,89.00623194703682,71.34533712400408,0.07236630447270971,0.8259423503325942,0.918924047630343,0.7500484027105518,34.97205948829651,0.5687873363494873
StandardScaler,340,3,57.07275802493702,90.907980863353,82.49622687866344,0.2154959551671952,0.8999859615346049,0.9334387220234629,0.8688480154888674,18.75010108947754,0.6999640464782715
StandardScaler,343,3,54.000014524444275,90.37746069974621,85.96398862798779,0.1992657237237456,0.9222785843391056,0.9258233182456688,0.9187608906098742,31.11170268058777,0.7624866962432861
StandardScaler,346,3,53.39493489054742,90.05960760484099,76.79969113053244,0.13879969278729803,0.8631696613397367,0.9273228661655473,0.8073184898354308,29.6327543258667,0.5536105632781982
StandardScaler,349,3,56.85028348084117,90.65124915001373,78.38264715173212,0.14892754858620988,0.8738401032384933,0.9276332956423414,0.8259438528557599,19.371191263198853,0.6128048896789551
StandardScaler,1,5,48.65372054533478,91.18421240722728,30.04457547997613,0.09179826910909587,0.3827691926543,0.9557686359418497,0.2393030009680542,20.214984893798828,0.39111924171447754
StandardScaler,4,5,52.82691728111117,91.63844507019171,43.231195816222666,0.09713746497664245,0.5596994609898187,0.9423411861765515,0.3980638915779284,34.39650630950928,0.37495946884155273
StandardScaler,7,5,78.29795444989031,95.29006524739988,76.89445789898565,0.32661165180434537,0.8585061794734014,0.9647826086956521,0.7733204259438529,24.357641220092773,0.36673569679260254
StandardScaler,10,5,79.53008193965239,95.28315758552498,75.13249798181883,0.3242315842882325,0.8454912223312616,0.9677983025461807,0.7506292352371733,27.757350206375122,0.4352288246154785
StandardScaler,13,5,59.71650318194263,92.76404347187442,50.63704327682426,0.17320586595309767,0.63504255760847,0.9626307922272048,0.47380445304937074,18.082053661346436,0.4410841464996338
StandardScaler,16,5,63.49588268315869,93.05166879140472,61.17721385700747,0.2065632484971891,0.7359954173329832,0.9593081134892981,0.5970183930300097,24.357713222503662,0.36013340950012207
StandardScaler,19,5,61.12751953719311,92.92889124311858,54.46983257870907,0.17117496638932028,0.6748057157182251,0.9569143263419837,0.521161665053243,26.277378797531128,0.3714570999145508
StandardScaler,22,5,40.5304239903151,89.07040145155926,26.092450247446564,0.023270626915669123,0.3315450303164979,0.9200140944326991,0.20220716360116167,25.927751779556274,0.4652445316314697
StandardScaler,25,5,33.427932975499445,86.58035979921121,90.64616896563827,0.01843927612863204,0.950934364356071,0.9064584064584065,1.0,40.88158559799194,0.37819576263427734
StandardScaler,28,5,44.85081870661276,89.23861166835036,32.81738092731038,0.06060419422737221,0.42860980924803727,0.9354964816262705,0.2779864472410455,26.3830988407135,0.36577916145324707
StandardScaler,31,5,38.922217969787695,87.53005200582842,23.70573163455126,0.02494296034688671,0.2911000228288165,0.9224886316659777,0.17281703775411422,23.71043610572815,0.38482117652893066
StandardScaler,34,5,39.04958282164927,88.3505631738609,27.57361973956688,0.06737421089549929,0.3481282577791818,0.9451114922813036,0.21335914811229428,24.501096487045288,0.6909205913543701
StandardScaler,37,5,33.50910864211697,86.73555371289343,19.69393843669931,0.0047285884105979815,0.2221920043513734,0.91005291005291,0.12654404646660214,21.897545099258423,0.3909778594970703
StandardScaler,40,5,43.106565121435246,89.041974846715,29.195184444210454,0.054584889954015385,0.3756615394138219,0.9357076780758556,0.23500484027105517,20.87205219268799,0.3898751735687256
StandardScaler,43,5,47.331082528618595,89.62391357689317,37.18367203678354,0.09800890534732377,0.48353677892245983,0.9490258269143634,0.3244143272023233,16.826825857162476,0.38944315910339355
StandardScaler,46,5,33.47643590471674,85.58943801053562,90.64967884595136,0.02607753204661502,0.95095187244541,0.9064902242970971,1.0,32.88057780265808,0.41259098052978516
StandardScaler,49,5,42.17823381305153,88.62821750967038,26.69614966129655,0.03895413095381661,0.33872653009530446,0.9289683918027093,0.20712487899322363,26.62547492980957,0.5498552322387695
StandardScaler,52,5,45.56141552329031,89.43155374353611,30.823768909480187,0.06571507361746833,0.3986208159155402,0.9401266551525619,0.25293320425943855,34.76680111885071,0.3816967010498047
StandardScaler,55,5,48.33181383438793,89.50335490086039,77.46305850970482,0.06470596606152658,0.8694626847465897,0.9152542372881356,0.8280348499515973,37.96807551383972,0.37701964378356934
StandardScaler,58,5,38.97018349456676,85.45318204229221,89.2878452844758,0.2017586134257751,0.9423781293660084,0.9195313363545927,0.9663891577928364,23.027584552764893,0.4836440086364746
StandardScaler,61,5,45.52551545437182,88.54843554165438,79.91646484854866,0.054207575561951285,0.8859386835705458,0.9129452364323569,0.8604840271055179,26.65252423286438,0.4893050193786621
StandardScaler,64,5,26.771412117308124,82.44047007501506,88.88069916815836,0.08098523616638004,0.9406830437387658,0.910705869557336,0.9727008712487899,37.736676931381226,0.40068507194519043
StandardScaler,67,5,43.93900023892711,86.78872192670774,87.60661261450984,0.19893148903735838,0.9323342851120097,0.9229076561195841,0.9419554695062924,38.800607681274414,0.39566683769226074
StandardScaler,70,5,39.95027846990789,86.04196234019028,82.86476431153697,0.10097629579187828,0.9041278818585288,0.9172411045144838,0.8913843175217813,24.90667176246643,0.41084909439086914
StandardScaler,73,5,25.27743649368296,84.19885695575687,90.64967884595136,0.026708546764359208,0.9509500662836942,0.906518762944501,0.9999612778315585,25.042824745178223,0.5454056262969971
StandardScaler,76,5,62.67120216646611,92.79603039955394,52.578007089958234,0.19066292733985293,0.6538569928009633,0.9661568746214415,0.49413359148112296,21.08283495903015,0.3620457649230957
StandardScaler,79,5,78.81506969191474,97.20646629274614,52.441121757748064,0.2724337714597621,0.6450091695048468,0.9971648440664237,0.47666989351403677,27.5196750164032,0.8119053840637207
StandardScaler,82,5,77.68341068810281,96.10804646369316,70.86799340142501,0.32808755820915403,0.8121236814704151,0.9774423799923718,0.6946369796708616,17.35727024078369,0.41424059867858887
StandardScaler,85,5,68.30480417781115,94.33506645004523,57.621705099856094,0.2371028103176822,0.7005604880710282,0.9742705387321515,0.5469119070667957,24.01865792274475,0.39829540252685547
StandardScaler,88,5,49.90958097704484,90.19513544340602,84.07567301955004,0.17432445440468877,0.9107785490944131,0.9253176696235914,0.8966892545982575,23.782879114151,0.44960498809814453
StandardScaler,91,5,64.99622146582145,93.17249331220587,63.8412130146362,0.215280340143861,0.7590964362547937,0.9582029635751815,0.6284995159728944,31.975860118865967,0.3973977565765381
StandardScaler,94,5,76.94901702192247,96.5213224557568,61.21582254045137,0.27823306074210524,0.731600680106874,0.9814271749755621,0.5831558567279768,17.119661331176758,0.3944089412689209
StandardScaler,97,5,65.42587921907874,93.39860851544914,55.073531992559055,0.20624698794805318,0.677938808373591,0.967885623967239,0.5216650532429816,18.7914879322052,0.41524815559387207
StandardScaler,100,5,63.51467731405261,92.32491649704512,59.20466112105577,0.19760678371915408,0.7184828154140529,0.959254947613504,0.5743272023233301,19.72380018234253,0.4155418872833252
StandardScaler,103,5,78.60400918235368,96.33858437591032,71.25759011617704,0.34745599345054407,0.8143967725119557,0.9819632706602536,0.6956824782187803,19.301485300064087,0.4313335418701172
StandardScaler,106,5,67.23133155021573,93.56483749709523,50.689691481520484,0.20741869120250048,0.6323502472980399,0.9752986761381982,0.46784123910939013,21.05198884010315,0.422710657119751
StandardScaler,109,5,67.70485893496607,93.16199901466123,59.636376399564774,0.20229479489512522,0.7221685349826054,0.9601079206012719,0.5787415295256534,25.86259651184082,0.45435261726379395
StandardScaler,112,5,69.41974845114957,93.53496852084795,65.71548910182162,0.23288768590159653,0.7742129351393833,0.9604289728737742,0.6484801548886737,32.553972005844116,0.4290046691894531
StandardScaler,115,5,49.91905381960204,91.24269392199245,39.18781369555298,0.10880532936204267,0.5082869792257918,0.9515460631176283,0.34675701839303,21.604843378067017,0.3746922016143799
StandardScaler,118,5,38.909542487267515,87.1170934008053,90.64616896563827,0.023037917744085246,0.9509307506766586,0.9065154812890542,0.9999225556631172,28.228183269500732,0.4199244976043701
StandardScaler,121,5,44.209651638466255,89.66130637774405,36.064020216910606,0.05482617668491942,0.4745586708203531,0.9302272984281352,0.31852855759922555,23.061009407043457,0.501014232635498
StandardScaler,124,5,61.66330304744627,92.68871843296048,59.787301253027266,0.13134086448096294,0.7283461766449318,0.9393883792048929,0.5947337850919652,32.07067918777466,0.4344496726989746
StandardScaler,127,5,69.92729208439575,93.33839813841125,88.26647011336914,0.389397717328799,0.9343234906976288,0.9482772371989153,0.9207744433688286,23.946585416793823,0.43793487548828125
StandardScaler,130,5,64.70946826735727,93.76540096285152,62.198589028114135,0.24704288273572264,0.7426154287353025,0.9699107310069293,0.6016263310745402,19.76651430130005,0.48175954818725586
StandardScaler,133,5,89.19616641817763,96.91114587567074,91.2603980204275,0.6150348747217883,0.9502537259759459,0.9815510338850139,0.9208906098741529,28.087217807769775,0.4257349967956543
StandardScaler,136,5,82.23106066932996,95.71493138228458,86.69053385279561,0.4632471816760418,0.9231455208755573,0.9684881990219009,0.8818586640851888,23.99618124961853,0.47685742378234863
StandardScaler,139,5,43.55830729221512,89.99875230037205,42.67663472675582,0.0732655810918491,0.5559060256689146,0.9334307369190028,0.39581800580832527,25.35125184059143,0.48230576515197754
StandardScaler,142,5,37.637789408629985,88.10170275701726,22.603629216243725,0.0186496162105307,0.27294009034257644,0.9189609236234458,0.16027105517909002,28.580474138259888,0.45589566230773926
StandardScaler,145,5,33.71165056510982,86.91735495002617,90.67424800814292,0.05567120616728305,0.9510690410857995,0.9067987076836634,0.9998838334946757,28.02970862388611,0.4501032829284668
StandardScaler,148,5,56.4543376889721,91.80194493898783,72.98796111052613,0.14696431378534672,0.8355766354740846,0.932033744816739,0.7572120038722169,18.878604412078857,0.4980614185333252
StandardScaler,151,5,70.74502846427968,94.4012266359083,60.14530904496157,0.23506438919337228,0.7246271371407784,0.9695003244646333,0.5785091965150049,34.12706685066223,0.47112107276916504
StandardScaler,154,5,44.67766118683591,89.74076303205905,28.405461373767153,0.07366623306408804,0.36028351000439063,0.9476983996040257,0.22242013552758955,22.22073006629944,0.4139127731323242
StandardScaler,157,5,35.87019068416669,88.20221815237852,14.446667368642728,0.03776949422563531,0.1114068025226933,0.9514321295143213,0.059167473378509194,33.15660524368286,0.4699876308441162
StandardScaler,160,5,48.70448928785923,90.42731323748482,40.844477203327365,0.044329171462071396,0.537283110037338,0.923200301915275,0.37889641819941916,28.562020778656006,0.5152597427368164
StandardScaler,163,5,44.94186518556067,88.85240819891568,88.25945035274297,0.07329608358428923,0.9371110567974581,0.9107586610144716,0.9650338818973863,25.427239418029785,0.5867877006530762
StandardScaler,166,5,38.472227446987596,88.43432006478406,17.191393773472324,0.03077816867438718,0.16899721742805818,0.9349181605611847,0.0928944820909971,18.080660820007324,0.4629206657409668
StandardScaler,169,5,40.82278943404777,84.62775003006719,86.75722157874416,0.1868903798259634,0.9272870936036539,0.9230356046654389,0.9315779283639883,23.65012550354004,0.47959160804748535
StandardScaler,172,5,36.1143814511227,87.21970724136932,9.35734091467481,0.0,0.0,0.0,0.0,28.43809723854065,0.45215511322021484
StandardScaler,175,5,56.145205226766514,91.51393268249255,72.80895721455897,0.15952610458415722,0.833823119329029,0.934692699817255,0.7526040658276864,46.38855028152466,2.322901487350464
StandardScaler,178,5,45.30642728445906,87.94320066624535,88.61043838405111,0.16219977763255436,0.9386334839917547,0.9173135211059362,0.9609680542110358,21.387053966522217,0.7364482879638672
StandardScaler,181,5,53.5731193204884,90.79624499373601,77.6350426450458,0.11349471764184699,0.8695438539022193,0.9225422477084148,0.8223039690222652,42.2266948223114,0.48961496353149414
StandardScaler,184,5,54.170848133136865,92.57307420744374,43.810326067881086,0.18381531472431362,0.5565251114989335,0.9777107261047304,0.3889641819941917,31.02578830718994,0.44137144088745117
StandardScaler,187,5,44.48811428413734,88.8602629650346,89.05970306412551,0.09275407948018624,0.9416652630396946,0.9112576064908722,0.9741723136495644,25.889974117279053,0.4651672840118408
StandardScaler,190,5,61.517293166466835,91.16861519928901,88.02428837176652,0.30947300272121864,0.9337707209130789,0.9361693846572997,0.9313843175217812,21.503758430480957,0.46489810943603516
StandardScaler,193,5,53.79499763614669,89.44584412179428,90.01439050928364,0.29139809816274403,0.9460489636470522,0.9270105544819385,0.9658857696030978,23.054577350616455,0.5065743923187256
StandardScaler,196,5,42.546161225688806,88.25669412901827,36.35885016320943,0.06900768021761085,0.47652866793694787,0.9364575059571089,0.31957405614714424,18.112623691558838,0.4676375389099121
StandardScaler,199,5,49.72927743068391,90.14968137676487,87.53290512793514,0.15587048259553635,0.9322602791974979,0.9184923527864417,0.9464472410454986,19.881375789642334,0.501915693283081
StandardScaler,202,5,43.44702971483433,89.79389983474123,31.81355515776912,0.07796123156527535,0.411392213301015,0.9455431754874651,0.2628848015488867,39.239580154418945,0.9422314167022705
StandardScaler,205,5,60.32978476952249,91.33132939460019,85.55333263135726,0.22342377792015447,0.919429980816662,0.9296939946953803,0.9093901258470475,43.86711835861206,0.5149321556091309
StandardScaler,208,5,68.33020888329536,93.29991060493509,57.17595030009477,0.21525043446191267,0.69791279803907,0.9677286459763801,0.5457502420135527,16.333703994750977,0.7261660099029541
StandardScaler,211,5,55.417550902730525,91.65039765839387,55.242006247586964,0.11668232120048283,0.6868215531214696,0.9388974686094138,0.5414520813165538,28.179514169692993,0.4590578079223633
StandardScaler,214,5,58.844263824910726,90.3774018465263,87.18542697694008,0.3062708691053516,0.928600762687005,0.9380482022915844,0.9193417231364956,18.524660348892212,0.4876441955566406
StandardScaler,217,5,72.18150689656926,93.75516554350196,77.87371450633533,0.28522426465194906,0.8668244042589149,0.9537445957882014,0.7944240077444337,23.252378463745117,0.49744319915771484
StandardScaler,220,5,58.403140475341495,90.78483985324243,74.05847460601593,0.185892889663645,0.842183930134734,0.9387376237623762,0.7636398838334947,27.828179597854614,0.47443127632141113
StandardScaler,223,5,52.954074433419585,89.0156202387609,81.78021129479485,0.1832980751920693,0.8958655138518326,0.9294455544455544,0.8646272991287512,17.45978569984436,0.6316590309143066
StandardScaler,226,5,67.49497345294697,93.79580053576959,75.80288512161736,0.2726065644028001,0.8522059769326416,0.9546131309735363,0.7696418199419167,18.304798126220703,0.9718673229217529
StandardScaler,229,5,72.7698456559929,93.96536513933958,74.82362851426765,0.35053055415435513,0.8422094634725796,0.9749923601915045,0.7412584704743466,16.81451940536499,0.5355546474456787
StandardScaler,232,5,56.4716762443273,90.56157684141193,80.27096276016988,0.20987170007475556,0.885316140615755,0.9356563739865448,0.8401161665053243,22.253009796142578,0.48363399505615234
StandardScaler,235,5,69.06675216722864,92.98510993553292,74.3287353901232,0.30304797842279735,0.8401730693588567,0.964237347645082,0.7443949661181026,22.0642192363739,0.5115230083465576
StandardScaler,238,5,83.56000883086213,97.84243715228043,78.19311361482573,0.41234797576953797,0.8653591938454871,0.9825787401574804,0.7731268151016457,28.56304097175598,0.5241973400115967
StandardScaler,241,5,65.22613760894241,92.7023795010956,68.34087957600646,0.18833547866647643,0.7981199641897941,0.9456377618668788,0.6904162633107453,19.535051822662354,0.6133120059967041
StandardScaler,244,5,64.3068971502314,93.18444725908974,83.82998139763434,0.22577592485181752,0.9084623179479028,0.9329497224942866,0.8852274927395934,19.557658433914185,0.5013844966888428
StandardScaler,247,5,73.58328280037094,93.86029935061083,75.50103541469237,0.30636949938094304,0.8488654079334834,0.9628174271820816,0.7590319457889642,29.492144107818604,0.5307135581970215
StandardScaler,250,5,60.03524356403719,91.24921589676008,88.42792460777088,0.24747524594435436,0.9368644798069742,0.9267313229277163,0.9472216844143272,16.46665048599243,0.5281949043273926
StandardScaler,253,5,72.83681859477453,94.3397261305909,74.0654943666421,0.29037090998160253,0.838636413268983,0.9616848642692577,0.7435043562439496,19.52405571937561,0.5347270965576172
StandardScaler,256,5,67.39752532518415,92.67212859228457,68.33736969569337,0.24654910657954365,0.795363291971962,0.9601818380983679,0.678838334946757,24.112138748168945,0.5960006713867188
StandardScaler,259,5,71.25684228414315,93.90949975842162,64.37822470253765,0.2682522249935986,0.7606875898983706,0.9726242161119151,0.6245885769603098,20.950073719024658,0.5323984622955322
StandardScaler,262,5,77.87634759609554,94.92474388763034,74.65866413955284,0.33745568285533967,0.8414302029342001,0.972040391738976,0.7417618586640852,28.95751118659973,0.5151059627532959
StandardScaler,265,5,53.95603595961914,90.49811139880835,74.58144677266505,0.08321004259064828,0.8490621092121717,0.9193861430828255,0.7887318489835431,24.805782318115234,1.059274435043335
StandardScaler,268,5,49.526792153023734,90.37573009056005,75.05528061493104,0.07036289173603681,0.8527504402776339,0.9170677361853833,0.796863504356244,24.919557332992554,0.5115423202514648
StandardScaler,271,5,62.481203553550536,92.87201062051852,83.42985504194307,0.22344934112351364,0.9059205675454853,0.9332402693381507,0.8801548886737657,23.2799813747406,0.586695671081543
StandardScaler,274,5,64.9333865412142,92.60320342619343,75.1921659471412,0.25616449096292315,0.8482415081375875,0.9519976866355006,0.7648789932236205,21.857016801834106,0.9947459697723389
StandardScaler,277,5,72.70531863362743,93.80826678784871,76.67333543926152,0.3080587034117873,0.8574676160247062,0.9609671681968946,0.7740948693126815,34.905553579330444,0.6434404850006104
StandardScaler,280,5,77.41301419256072,97.08023508439915,76.65227615738304,0.31738070674754054,0.8570200326713094,0.9631383158606696,0.7719651500484027,29.027596950531006,0.590113639831543
StandardScaler,283,5,55.70189812700029,90.27748944059019,54.63128707311081,0.1594635536904236,0.677382319173364,0.9528825222947827,0.525459825750242,35.133437156677246,1.10957670211792
StandardScaler,286,5,57.71893747880339,90.63030306430718,80.92380049840301,0.18108553103947728,0.890261877359824,0.9301324782718758,0.8536689254598258,19.08709168434143,0.5383210182189941
StandardScaler,289,5,61.0149282238275,91.19759685763846,64.7994103401074,0.18883544885732892,0.7688264988590001,0.9498234423055018,0.6457696030977734,23.309603452682495,0.7109842300415039
StandardScaler,292,5,46.392296525244575,88.04587636078008,89.67744199922782,0.1475220107412648,0.9449920508744039,0.9139652677279305,0.9781994191674733,20.149486541748047,0.5331079959869385
StandardScaler,295,5,74.33723580943638,95.53489135565376,60.573514443157485,0.28702972439990937,0.7250250911850383,0.9855583654998004,0.5734365924491771,16.89506506919861,0.5431907176971436
StandardScaler,298,5,82.83267767571128,95.78320511894584,91.6745638973711,0.5852947530343916,0.9532149901380671,0.9714170854271357,0.9356824782187803,23.102783203125,0.5715909004211426
StandardScaler,301,5,66.3794910489481,93.40287785987877,59.404724298901414,0.18498194831504372,0.7212205939066718,0.9551809998084658,0.5793223620522749,20.827218055725098,0.5699007511138916
StandardScaler,304,5,70.10525719522815,93.48944300494631,67.05626338141869,0.24935162911167918,0.7846358588408059,0.9628878752041449,0.6620716360116167,23.922718286514282,0.5410208702087402
StandardScaler,307,5,81.0948475260151,97.51118768472642,76.26267944263101,0.4016683813607121,0.851307081766814,0.9848407772916878,0.7496611810261374,23.090132474899292,0.5821232795715332
StandardScaler,310,5,71.93297404699675,93.95739813215427,72.61240391702643,0.347419156077777,0.8251898649102762,0.9790027641930683,0.7131461761858664,20.972458600997925,0.5629620552062988
StandardScaler,313,5,89.30135897962874,97.05893279778742,94.29293461092976,0.7131667606023497,0.9680022040302267,0.9841542955463967,0.9523717328170378,15.901645421981812,0.5677385330200195
StandardScaler,316,5,53.785516805145136,90.33899756375077,66.78951247762451,0.12058898075334279,0.7887663526365138,0.9313089778058938,0.6840658276863504,22.855047941207886,0.5638504028320312
StandardScaler,319,5,66.06879503031614,94.89450030055781,58.34825032466393,0.16166966192581605,0.7130317026576065,0.9494461617722824,0.5708809293320426,26.690168142318726,0.6520507335662842
StandardScaler,322,5,58.873540021016865,90.22729288819464,66.17879330314837,0.1634884861215347,0.7817044991164876,0.9419118851340285,0.6680735721200387,29.31551170349121,0.6293303966522217
StandardScaler,325,5,63.67163935223883,90.91390789209235,61.980976448703096,0.17168259489261642,0.745393004889056,0.9483820802679586,0.6139787028073572,18.626972198486328,0.6004109382629395
StandardScaler,328,5,60.91479307387351,91.53111924491489,62.549577059422276,0.12882498419887223,0.7529291900152827,0.9364667933874776,0.6295450145208131,18.08505868911743,0.584355354309082
StandardScaler,331,5,68.27380828750267,92.7192367256631,75.37818960373451,0.32193435978241147,0.8474170744970092,0.9667493796526054,0.7543078412391094,19.270864963531494,0.5678331851959229
StandardScaler,334,5,70.6557372644226,95.77834175480629,60.464708153451966,0.23086007749946813,0.7278701198299188,0.9676880580715617,0.5833107454017425,40.087945222854614,0.5444867610931396
StandardScaler,337,5,60.51552336293173,90.9957239598623,63.79207469025307,0.14413957630527863,0.762719661422394,0.9393235510735936,0.6420135527589546,23.760403156280518,0.589533805847168
StandardScaler,340,5,65.54018732175784,92.56891564671378,71.60857814748518,0.25736491657565413,0.8210121036443697,0.9578686493184635,0.7183736689254598,18.430466651916504,0.5712225437164307
StandardScaler,343,5,63.839210044524684,92.167581196227,61.76336386929206,0.21882860879102017,0.7404954740352548,0.962116991643454,0.6018586640851887,29.583338499069214,0.5773122310638428
StandardScaler,346,5,64.48681942993008,92.21760229031416,70.37310027728054,0.21900731178836866,0.8129252454511203,0.9504560530679934,0.7101645692158761,22.985852479934692,0.5803239345550537
StandardScaler,349,5,67.37874158762342,92.48241229552694,61.524692008002525,0.22875210570003204,0.7377009954058193,0.9654286966869168,0.5969022265246854,18.36611795425415,0.5812046527862549
MinMaxScaler,1,0,90.33593877656249,98.85129297074207,80.91678073777683,0.5010351045891747,0.8825930164762789,0.9976567076742824,0.7913262342691191,28.809154748916626,0.3096506595611572
MinMaxScaler,4,0,93.84846066308445,99.22355422395941,81.59769751851462,0.5124199663754668,0.8871818044886278,0.9984017822549399,0.7982575024201355,23.19830298423767,0.283588171005249
MinMaxScaler,7,0,88.85457763279155,98.70118596791264,81.27127864939806,0.5107280102457077,0.8848809112875389,0.9990743898280314,0.7941142303969022,15.584012746810913,0.45470142364501953
MinMaxScaler,10,0,84.30554347202484,98.24889404171421,81.51346039100066,0.5120455288002093,0.886587282788915,0.998593325572371,0.7971732817037754,22.275113344192505,0.2802145481109619
MinMaxScaler,13,0,93.58795168298366,99.19418562981855,81.2431996068934,0.5064275388613073,0.8847977925325515,0.9980061275105773,0.7946563407550823,33.71965718269348,0.26465272903442383
MinMaxScaler,16,0,90.94509542196779,98.9148043905342,81.36253553753818,0.5077754288213865,0.8856195071514734,0.9979610660711685,0.7960116166505324,26.788637399673462,0.28014612197875977
MinMaxScaler,19,0,99.52978273610029,99.85505302644123,99.698150293075,0.9821832897120684,0.9983352046149677,0.9981806216854411,0.9984898354307842,21.280165910720825,0.2997477054595947
MinMaxScaler,22,0,98.04638381279734,99.68614306914037,99.13305956266892,0.948012503323005,0.9952398388868546,0.9906767955801105,0.9998451113262342,20.28177261352539,0.28040647506713867
MinMaxScaler,25,0,99.76287828007341,99.93999329493968,99.85258502685058,0.9913385906071076,0.9991865824844095,0.9994962997404007,0.9988770571151985,22.679121255874634,0.25890207290649414
MinMaxScaler,28,0,99.70052338834951,99.78758123963185,99.8104664630936,0.9887977833703562,0.9989549061350881,0.9985683884697234,0.9993417231364956,34.82799196243286,0.24120306968688965
MinMaxScaler,31,0,99.72946770090392,99.85098841134352,99.79993682215436,0.9882406595935305,0.9988960976082115,0.9991863618752421,0.9986060019361084,26.259459495544434,0.2841072082519531
MinMaxScaler,34,0,99.70637964428184,99.86013195329679,99.50159699554246,0.9711710027404479,0.9972462475274405,0.9988733926420885,0.9956243949661181,21.408772230148315,0.251025915145874
MinMaxScaler,37,0,99.74821440113175,99.87009974869665,99.7192095749535,0.9836091208079373,0.9984497926597683,0.9993018114115046,0.9975992255566312,17.310559034347534,0.2980525493621826
MinMaxScaler,40,0,99.71618219172412,99.9257147070372,99.20325716893053,0.9551941639806043,0.9955887211177831,0.9992978075992822,0.9919070667957406,23.029454708099365,0.3229069709777832
MinMaxScaler,43,0,99.63797241662787,99.80733135959957,99.14709908392125,0.9518355504191238,0.9952787114573821,0.9987911402277336,0.9917909002904163,18.903663396835327,0.3017909526824951
MinMaxScaler,46,0,99.77928727099491,99.9500076049426,99.8666245481029,0.992137497104189,0.9992642787996128,0.9992642787996128,0.9992642787996128,34.032429695129395,0.30504608154296875
MinMaxScaler,49,0,99.75179467664593,99.93840784671536,99.45245867115932,0.9685125896282566,0.996973459568524,0.999027955985847,0.9949273959341723,25.082708597183228,0.3127570152282715
MinMaxScaler,52,0,99.74311704741287,99.93301297355275,99.698150293075,0.9824366684076254,0.9983331395123464,0.9994179052349722,0.9972507260406582,23.466301202774048,0.30684518814086914
MinMaxScaler,55,0,99.77695682391072,99.95002146117415,99.71569969464042,0.9833991544337467,0.9984304454822021,0.9992630517415251,0.9975992255566312,24.932533502578735,0.33452606201171875
MinMaxScaler,58,0,99.74500522516881,99.94649896983432,99.25590537362676,0.9577307959735561,0.9958830154969511,0.9989091900736297,0.9928751210067763,24.179046630859375,0.3717799186706543
MinMaxScaler,61,0,99.74129205098951,99.9385868424868,99.46649819241163,0.9693633215407282,0.9970508343034536,0.9991833560178884,0.9949273959341723,22.251895904541016,0.3051493167877197
MinMaxScaler,64,0,99.74962762955985,99.94152889939073,99.40683022708926,0.9661048256804675,0.99671978416568,0.9992216687422167,0.9942303969022265,28.400750875473022,0.317291259765625
MinMaxScaler,67,0,99.75407138328627,99.94737362743302,99.06988171703345,0.947761645818506,0.9948490679728653,0.9987901022558738,0.9909390125847047,31.042115449905396,0.3823277950286865
MinMaxScaler,70,0,99.67955444814737,99.8166095488734,98.83822961637007,0.9357256162360469,0.9935584314488664,0.9987089201877934,0.9884607938044531,38.86107397079468,0.3431715965270996
MinMaxScaler,73,0,99.7375055283666,99.93882048415739,99.2839844161314,0.9592194209632423,0.9960391425908667,0.9988706725339772,0.9932236205227493,30.437638998031616,0.30068159103393555
MinMaxScaler,76,0,99.64493834010293,99.84290756966392,99.38928082552385,0.964317416420199,0.9966281683590419,0.9975173590907328,0.9957405614714424,36.68975353240967,0.3160426616668701
MinMaxScaler,79,0,99.74922748112004,99.95612915522317,98.98213470920642,0.9428063193978731,0.99436280227043,0.9983605917483118,0.9903969022265247,19.679680585861206,0.33284735679626465
MinMaxScaler,82,0,99.68694158050646,99.8385174014164,99.6068934049349,0.9768938241731321,0.997830886625092,0.9981401836568639,0.9975217812197483,28.960987091064453,0.3312704563140869
MinMaxScaler,85,0,99.64329780412189,99.92174284339114,99.56126496086483,0.9742577203116759,0.9975786924939467,0.998062015503876,0.9970958373668926,29.737493753433228,0.28734874725341797
MinMaxScaler,88,0,99.66482085187319,99.90148602514255,99.14709908392125,0.9511660501355426,0.995283110429567,0.9978592557994707,0.9927202323330107,33.998120069503784,0.3274087905883789
MinMaxScaler,91,0,99.71051765845623,99.95597982090398,99.21378680986979,0.9546398038734085,0.9956545355784899,0.9976285814251837,0.9936882865440465,24.49668526649475,0.32378578186035156
MinMaxScaler,94,0,99.813895390595,99.96322045458399,99.4735179530378,0.9696779304298785,0.997090203685742,0.9990281827016521,0.995159728944821,30.479402542114258,0.3761143684387207
MinMaxScaler,97,0,99.76725594757838,99.95380848610705,99.44894879084623,0.9680007822621673,0.9969561255549739,0.9983303564494835,0.9955856727976766,40.82303309440613,0.3327062129974365
MinMaxScaler,100,0,99.74025791055702,99.94677208897352,99.3225930995753,0.9612428247991999,0.9962539546980843,0.9987546699875467,0.9937657308809293,40.80574989318848,0.4741678237915039
MinMaxScaler,103,0,99.65682224041007,99.94713227060245,99.00670387139799,0.9436089731991705,0.9945028262854257,0.997778297474275,0.9912487899322362,25.522703409194946,0.3492889404296875
MinMaxScaler,106,0,99.61119805604838,99.93993816221007,99.31908321926223,0.9604066578156488,0.9962389981001124,0.9975540629731724,0.9949273959341723,37.14590311050415,0.32347774505615234
MinMaxScaler,109,0,99.74323396918929,99.94689397768401,99.20676704924361,0.9548534962194332,0.995611480057478,0.9985587971799167,0.9926815101645692,26.553540229797363,0.33611202239990234
MinMaxScaler,112,0,99.74980047044676,99.94002815879935,99.4735179530378,0.9696070845651933,0.9970906551844525,0.9988730423969222,0.9953146176185866,37.12356901168823,0.3646366596221924
MinMaxScaler,115,0,99.6581120110618,99.93816535764735,99.32610297988839,0.9607791826866234,0.9962780599387431,0.997515624393463,0.9950435624394967,32.5587739944458,0.3498721122741699
MinMaxScaler,118,0,99.75801113879632,99.95047023163053,99.54020567898635,0.9733174688875931,0.9974602066732585,0.9988351324066165,0.9960890609874153,32.209121227264404,0.3626372814178467
MinMaxScaler,121,0,99.77353994839466,99.9558794824172,99.18570776736513,0.9542353015943827,0.9954912935323383,0.9992587101556709,0.9917521781219748,31.941368103027344,0.48184680938720703
MinMaxScaler,124,0,99.64256940324142,99.93526474250733,99.25941525393984,0.9572081577302517,0.9959072834836582,0.997745821997668,0.9940755082284608,36.41770148277283,0.3578226566314697
MinMaxScaler,127,0,99.84442432001998,99.96856590737995,99.78940718121511,0.987647510424322,0.9988377949095417,0.9993023526219914,0.9983736689254599,31.168750286102295,0.3512296676635742
MinMaxScaler,130,0,99.77329956884186,99.94982825467048,99.1541188445474,0.952506323709831,0.9953159316631358,0.9991805197845938,0.9914811229428848,28.48395276069641,0.3657379150390625
MinMaxScaler,133,0,99.71807472681336,99.94422032655889,99.38226106489769,0.964037702727795,0.9965883538807475,0.997787524744789,0.9953920619554695,29.241541147232056,0.36697983741760254
MinMaxScaler,136,0,99.72380897741377,99.94668947000171,99.0804113579727,0.9484105008204748,0.9949070834305264,0.9989070611655412,0.9909390125847047,29.688047170639038,0.45761656761169434
MinMaxScaler,139,0,99.79359893216285,99.96177286731212,99.63848232775263,0.9787069082732605,0.9980056152580115,0.9981022463206817,0.9979090029041626,30.196932077407837,0.3760392665863037
MinMaxScaler,142,0,99.82608139934307,99.96789473156944,99.22080657049594,0.9560130053300034,0.9956869754429593,0.9991421998674309,0.9922555663117134,28.86837363243103,0.33834409713745117
MinMaxScaler,145,0,99.76158850942164,99.95743633014982,99.23484609174828,0.9565204884579742,0.9957664970676195,0.9987923175815185,0.9927589545014521,28.770756006240845,0.36342835426330566
MinMaxScaler,148,0,99.81246037550046,99.96550446667167,98.75750236916922,0.9320308671851751,0.9931053287628545,0.9990595242760296,0.9872216844143272,29.783711194992065,0.38561487197875977
MinMaxScaler,151,0,99.56864143431791,99.90594531867147,99.32961286020146,0.9613024116817321,0.9962950749713887,0.998173196517413,0.9944240077444337,29.65307354927063,0.7695870399475098
MinMaxScaler,154,0,99.78488353937468,99.95903667954597,99.6806008915096,0.981335150075816,0.9982367416535876,0.9990304064536146,0.9974443368828655,33.321845054626465,0.7469844818115234
MinMaxScaler,157,0,99.78311736695063,99.95912634100024,99.14709908392125,0.9519543131498452,0.9952779774975224,0.99894679357154,0.9916360116166505,33.00010323524475,0.7394578456878662
MinMaxScaler,160,0,99.80746832400258,99.96083277202163,99.30153381769682,0.9602909503490337,0.9961358472980057,0.999065202150035,0.9932236205227493,27.593674898147583,0.7450466156005859
MinMaxScaler,163,0,99.77144479730775,99.9550454986644,99.17166824611282,0.9534332142593575,0.9954135572139303,0.9991806796457415,0.991674733785092,39.338706493377686,0.6916890144348145
MinMaxScaler,166,0,99.62569272521422,99.89308965111111,99.34716226176687,0.9618866696029641,0.9963953488372093,0.9973617846750727,0.995430784123911,24.119995832443237,0.37898731231689453
MinMaxScaler,169,0,99.75628853970511,99.95238174430298,99.56477484117792,0.9747418292228641,0.9975959674292362,0.9989516598718695,0.996243949661181,36.42880392074585,0.3821589946746826
MinMaxScaler,172,0,99.7272193169299,99.94367377082509,98.82769997543083,0.9351906837098638,0.9934996691448367,0.9987087686348163,0.9883446272991288,22.736757040023804,0.37940025329589844
MinMaxScaler,175,0,99.75331974329497,99.95746349187283,99.1155101611035,0.9501941107265879,0.995102802285359,0.9988296336753404,0.991403678606002,24.275086164474487,0.4043538570404053
MinMaxScaler,178,0,99.74010830878098,99.9478317157097,99.26994489487907,0.9586936984179818,0.9959597529233518,0.9992204856374479,0.9927202323330107,28.366807460784912,0.3747897148132324
MinMaxScaler,181,0,99.78210937051784,99.9588858671766,98.99617423045875,0.9438454971636071,0.9944390433599066,0.9987111892208553,0.9902032913843175,29.89348030090332,0.3724391460418701
MinMaxScaler,184,0,99.79393372060343,99.96093481951465,99.23133621143519,0.956492549336629,0.9957460033798877,0.9990255690676645,0.992487899322362,27.584726095199585,0.518394947052002
MinMaxScaler,187,0,99.71667747527395,99.94441202999103,99.1541188445474,0.952385549148986,0.9953166598651354,0.9990247327767808,0.9916360116166505,41.22207498550415,0.40091872215270996
MinMaxScaler,190,0,99.6910607129033,99.94058367233949,98.64869607946369,0.9263538706922674,0.992498782269849,0.9988235294117647,0.9862536302032914,34.19738268852234,0.40175390243530273
MinMaxScaler,193,0,99.55547357313677,99.92620690445379,96.31462567126461,0.8269014628108298,0.9792711335728669,0.9989125619235572,0.9603872216844144,29.879432439804077,0.41512036323547363
MinMaxScaler,196,0,99.68968597425251,99.9466023281448,98.87683829981397,0.9369096696196592,0.993778918309421,0.9978916956233163,0.9896999031945789,29.241780042648315,0.40799808502197266
MinMaxScaler,199,0,99.73085333288793,99.94125542194897,98.93650626513636,0.9407201857599619,0.9941067781775746,0.9986713559984369,0.9895837366892546,34.45393991470337,0.4180328845977783
MinMaxScaler,202,0,99.70841161403612,99.94298843368347,99.16464848548664,0.9526819330127699,0.9953768453768453,0.9986747222763593,0.9921006776379477,35.26213479042053,0.434450626373291
MinMaxScaler,205,0,99.75047803577226,99.952494712399,99.59636376399564,0.9763488747847233,0.9977721381661792,0.998371714352175,0.9971732817037754,34.54301428794861,0.43805480003356934
MinMaxScaler,208,0,99.69710142927795,99.93844478066715,99.07339159734653,0.9481076542450121,0.9948676076052724,0.9989848904853005,0.9907841239109391,40.62919235229492,0.40972280502319336
MinMaxScaler,211,0,99.72305661120024,99.94684039492246,99.20676704924361,0.9548800551137002,0.9956113096162809,0.9985976393595887,0.9926427879961278,47.45135426521301,0.4238150119781494
MinMaxScaler,214,0,99.71962012768438,99.94273381004334,99.6419922080657,0.9790492345073242,0.9980237919944202,0.9987203846601264,0.9973281703775412,53.50269865989685,0.4342658519744873
MinMaxScaler,217,0,99.76875559644994,99.96273044272338,99.25239549331368,0.9569340109316093,0.9958675280833479,0.997939186561941,0.9938044530493708,23.7051899433136,0.42846226692199707
MinMaxScaler,220,0,99.36190848292907,99.89076427192958,98.80313081323926,0.93299429542134,0.9933687260564339,0.9977732635362138,0.9890029041626331,29.607872247695923,0.4489264488220215
MinMaxScaler,223,0,99.71971163168334,99.94640416840205,98.90491734231863,0.9390569613851945,0.9939309056956116,0.9986319039987491,0.9892739593417231,28.15540909767151,0.44477128982543945
MinMaxScaler,226,0,99.53794837867261,99.92714814694325,98.532870029132,0.9185818062695944,0.9918645387310238,0.9971042848757582,0.9866795740561471,34.39805030822754,0.43087244033813477
MinMaxScaler,229,0,99.49475849117168,99.90333522205958,99.6068934049349,0.976750438843658,0.9978324818083295,0.997407822958177,0.9982575024201356,45.753052711486816,0.44010210037231445
MinMaxScaler,232,0,99.68418338853833,99.94052357371007,98.85928889824856,0.9367978521084546,0.9936759354750831,0.9987092231870452,0.9886931268151017,45.99672079086304,0.43356966972351074
MinMaxScaler,235,0,99.63881773928478,99.93279309688015,99.58232424274333,0.9753657100425667,0.9976961647919772,0.9976382220845594,0.997754114230397,40.20679068565369,0.4510483741760254
MinMaxScaler,238,0,99.71006159090595,99.9447930336763,99.61742304587413,0.9774745744007599,0.997889355769417,0.9980246339762956,0.997754114230397,46.48997259140015,0.4342656135559082
MinMaxScaler,241,0,99.70461056696894,99.9365079293712,99.50159699554246,0.9711873859320652,0.9972461407183306,0.9989121566494424,0.9955856727976766,39.402637004852295,0.4388892650604248
MinMaxScaler,244,0,99.72626651338537,99.94763568643695,98.83822961637007,0.9357256162360469,0.9935584314488664,0.9987089201877934,0.9884607938044531,39.20803952217102,0.442091703414917
MinMaxScaler,247,0,99.35294472214376,99.86842032524464,99.48404759397704,0.9697747637652718,0.997152101051979,0.9977900124069479,0.996515004840271,39.511971950531006,0.43678760528564453
MinMaxScaler,250,0,99.47428773940823,99.89884224722012,99.57179460180407,0.9747405684950226,0.9976381306384791,0.9975608811800689,0.9977153920619555,39.00800538063049,0.4543757438659668
MinMaxScaler,253,0,99.51879136289396,99.90639151841071,99.71569969464042,0.9831559140864365,0.9984331173227585,0.997564746810978,0.9993030009680542,27.82593584060669,0.4642207622528076
MinMaxScaler,256,0,99.50916673989407,99.90886807476076,99.698150293075,0.9821002921759843,0.9983370073867811,0.9971030167252501,0.9995740561471442,33.99444389343262,0.53818678855896
MinMaxScaler,259,0,99.47633713849567,99.89794722479743,99.57881436243025,0.9751627724721318,0.9976767598544103,0.9976381306384791,0.9977153920619555,40.432759284973145,0.446624755859375
MinMaxScaler,262,0,99.4693755723539,99.89893344045898,99.61040328524797,0.9770071717136875,0.9978512108717115,0.9977160111489626,0.9979864472410455,28.95712423324585,0.44275617599487305
MinMaxScaler,265,0,99.47373363185908,99.89518830473429,99.36822154364536,0.9632886340172019,0.9965102753005041,0.9978644923315861,0.995159728944821,27.649381399154663,0.4581596851348877
MinMaxScaler,268,0,99.67176281001518,99.93823682232849,99.59285388368257,0.9760591319829661,0.9977535053063754,0.998024098252683,0.9974830590513069,33.927512884140015,0.4518091678619385
MinMaxScaler,271,0,99.34721265021,99.89098589280711,97.10083886139482,0.8542144259640696,0.9837886638404774,0.9974529390695268,0.9704937076476282,52.99396729469299,0.48506999015808105
MinMaxScaler,274,0,98.86726328242274,99.76860347827257,99.15060896423432,0.9508116006059621,0.9953066211551143,0.9970081983137118,0.9936108422071636,35.817543745040894,0.573073148727417
MinMaxScaler,277,0,99.5578555819981,99.92523009571325,98.46267242287038,0.9150403515243897,0.9914722946925743,0.9970630849355837,0.9859438528557599,42.47860240936279,0.611858606338501
MinMaxScaler,280,0,99.68728580983583,99.94255165959714,99.3612017830192,0.9628617161249605,0.996471637392889,0.9977870093566797,0.995159728944821,31.227033853530884,0.45790958404541016
MinMaxScaler,283,0,98.79199833840357,99.75255518151351,98.77154189042153,0.9311406459656272,0.9931941041496519,0.9975391586266161,0.9888867376573088,31.509063005447388,0.5144882202148438
MinMaxScaler,286,0,99.57564730001475,99.92211110107826,99.35769190270611,0.9627576069757269,0.9964514940567373,0.9979802687796162,0.9949273959341723,34.63403034210205,0.46979331970214844
MinMaxScaler,289,0,99.15060396270412,99.8252770896601,99.75079849777123,0.9852637301492616,0.9986259748804985,0.9981816774992263,0.9990706679574056,35.132534980773926,0.4959220886230469
MinMaxScaler,292,0,99.05546812647015,99.80806257140836,99.00670387139799,0.943125951488672,0.9945062411430124,0.9971582061663034,0.9918683446272991,29.22533130645752,0.627356767654419
MinMaxScaler,295,0,99.47978233667807,99.89648951427789,99.64901196869187,0.9792703903911945,0.9980643412953428,0.9978325657003522,0.9982962245885769,26.191709518432617,0.621734619140625
MinMaxScaler,298,0,99.27317792662106,99.851408092382,99.6244428065003,0.9777974783331737,0.9979291257814163,0.9975622968580715,0.9982962245885769,33.099096059799194,0.4753377437591553
MinMaxScaler,301,0,99.35407762879733,99.87112198141278,99.63848232775263,0.9786334600425032,0.9980064644744228,0.9976781982818668,0.9983349467570184,28.658633947372437,0.4401822090148926
MinMaxScaler,304,0,99.46915770568972,99.89616238524489,99.56477484117792,0.9742582961306427,0.9976002477163648,0.9971756877007003,0.9980251694094869,34.01204061508179,0.5465080738067627
MinMaxScaler,307,0,99.22525161784154,99.84560576233943,98.96809518795409,0.9412837377368338,0.9942899316345556,0.997428204029147,0.9911713455953534,39.05405116081238,0.6591489315032959
MinMaxScaler,310,0,98.27456864216055,99.64502064282131,99.67709101119652,0.9808486518185547,0.9982219473541804,0.9964502064282131,1.0,34.28802752494812,0.5128302574157715
MinMaxScaler,313,0,99.39447228699721,99.8792483971703,99.31206345863606,0.9599419186313874,0.9962006668217415,0.9973993711912432,0.9950048402710552,37.01098346710205,0.4673731327056885
MinMaxScaler,316,0,99.23931418479015,99.84567507795794,99.4559685514724,0.9679909851124867,0.9969983926876973,0.9972108158363678,0.9967860600193611,36.33089303970337,0.508608341217041
MinMaxScaler,319,0,99.48304597930702,99.8991187448912,99.51563651679479,0.9714467000099493,0.9973281703775412,0.9973281703775412,0.9973281703775412,36.02465629577637,0.5117893218994141
MinMaxScaler,322,0,99.37004798150167,99.87317556603227,99.65252184900496,0.9794131753274635,0.9980846988721005,0.9973321991957934,0.998838334946757,34.78806710243225,0.48950815200805664
MinMaxScaler,325,0,99.3647879540069,99.87227880727735,99.63146256712646,0.9782184549605878,0.9979677550467416,0.9976395015865646,0.9982962245885769,23.662396907806396,0.5245370864868164
MinMaxScaler,328,0,98.5371342835709,99.69887657800255,99.72622933557965,0.9837782026846977,0.9984921125889267,0.9969887657800255,1.0,26.681012868881226,0.49387216567993164
MinMaxScaler,331,0,98.95364886720228,99.78600511535882,99.58232424274333,0.9752635218204135,0.9976975020799876,0.9970608709103566,0.9983349467570184,17.078513860702515,0.5122196674346924
MinMaxScaler,334,0,99.31497056258257,99.8689024677901,98.89789758169246,0.9369953593322868,0.9939033861447655,0.9967288445811753,0.9910939012584705,23.24862003326416,0.51468825340271
MinMaxScaler,337,0,99.27698768835481,99.85365616108209,99.58934400336949,0.97569085287327,0.9977360243038759,0.9971764523864779,0.9982962245885769,34.290672302246094,0.5690746307373047
MinMaxScaler,340,0,99.23132574043801,99.85978325297047,98.42406373942649,0.9118562417246282,0.9912654411049509,0.9960125097732604,0.9865634075508228,52.50137782096863,0.50258469581604
MinMaxScaler,343,0,99.35387573902187,99.86846179828734,99.58934400336949,0.9758212553546807,0.9977344461011173,0.9978697033077698,0.9975992255566312,18.0972797870636,0.5330395698547363
MinMaxScaler,346,0,99.41880363604938,99.88363248181895,99.41384998771542,0.9658726459576353,0.9967628758068581,0.997942866014594,0.9955856727976766,17.285744428634644,0.651848316192627
MinMaxScaler,349,0,98.14292488901508,99.61805543339813,99.6419922080657,0.9787485331815746,0.9980288331465234,0.9961807029049805,0.9998838334946757,17.819713830947876,0.5267205238342285
MinMaxScaler,1,1,61.227190631152475,93.88526839765494,53.84156400266751,0.18134395008162474,0.6676270629565042,0.9611410275069131,0.5114424007744434,18.362961769104004,0.2757444381713867
MinMaxScaler,4,1,87.25343484951587,97.74494505808562,95.8478115896248,0.7300542833316742,0.9774628031472062,0.9620490512262807,0.993378509196515,19.153691053390503,0.4348604679107666
MinMaxScaler,7,1,67.13341500912499,95.95170895065175,55.26306552946545,0.27742644100221164,0.6739319519058583,0.9929890689785149,0.5100484027105517,23.560734510421753,0.26907944679260254
MinMaxScaler,10,1,82.0702256880774,97.87747523009982,77.6736513284897,0.40555526363589206,0.8617384311083096,0.9822118719651174,0.7675895450145208,22.887945413589478,0.30807018280029297
MinMaxScaler,13,1,61.532020952963315,95.11278342723892,52.51131936400969,0.2777082611424556,0.6452729274815164,0.9991069253876755,0.47651500484027104,22.875918865203857,0.2892613410949707
MinMaxScaler,16,1,62.136592231310495,95.18319029677842,52.53237864588818,0.2784380840985875,0.6454302343872896,0.9993504911910368,0.47663117134559535,23.468677759170532,0.26960086822509766
MinMaxScaler,19,1,95.41297715522784,99.33927177690737,91.20774981573129,0.6562963363671811,0.94938064542203,0.9927732228890204,0.909622458857696,17.53443670272827,0.30072784423828125
MinMaxScaler,22,1,95.10226007615168,99.28253168939946,91.87813695552983,0.6561438298765466,0.9536291130616007,0.9882460439423516,0.9213552758954502,17.712644577026367,0.2962346076965332
MinMaxScaler,25,1,89.5106801869877,98.63955401888747,84.98122214032502,0.45669549244628793,0.9119492972817252,0.9730809766379764,0.8580445304937077,27.64156150817871,0.30255126953125
MinMaxScaler,28,1,95.08923019719111,99.34008042321891,90.26710189182549,0.6399450559348412,0.943582022746231,0.9941267255423133,0.8979283639883834,27.715864658355713,0.2918829917907715
MinMaxScaler,31,1,92.76128857964733,99.0331218275178,91.40079323295076,0.6256497289603237,0.9510039196864251,0.983374002233343,0.9206969990319458,19.801814556121826,0.3047208786010742
MinMaxScaler,34,1,95.7387764172408,99.41042002942436,92.34495103716964,0.6863467157039318,0.9561969030547689,0.9932821497120922,0.921781219748306,51.54946756362915,0.38318681716918945
MinMaxScaler,37,1,93.39970036071458,99.13290515953024,87.94707100487872,0.5795257983283318,0.9294112810393027,0.9905358629452745,0.8753920619554695,37.69579458236694,0.29510998725891113
MinMaxScaler,40,1,93.80636591868199,99.20338086715222,91.86760731459057,0.6652661506615404,0.9534486569023366,0.9908134290963755,0.9187996127783156,21.797576904296875,0.3026697635650635
MinMaxScaler,43,1,93.9511136254538,99.20130972272882,90.07054859429293,0.6308676441781139,0.9424473603906012,0.9928418345477925,0.8969215876089061,29.171661376953125,0.3022019863128662
MinMaxScaler,46,1,95.3317433908332,99.33459355127843,93.79102172615914,0.7035158489061651,0.9650125590870434,0.986254851228978,0.9446660212971927,41.82668089866638,0.3199591636657715
MinMaxScaler,49,1,94.10067037572558,99.22136220934625,89.28433540416272,0.6103945187429445,0.9376646180860404,0.9917933655839668,0.8891384317521781,21.20134735107422,0.3085789680480957
MinMaxScaler,52,1,98.1304643682702,99.63733339105146,96.36727387596083,0.8201648969914044,0.9796448168033512,0.9953640796099432,0.9644143272023233,14.057212829589844,0.44350290298461914
MinMaxScaler,55,1,89.91950552981905,98.6906126718974,80.32010108455302,0.46258148272155714,0.8793700651879263,0.9893977536793184,0.7913649564375606,35.37673091888428,0.3010222911834717
MinMaxScaler,58,1,95.83891519830586,99.42187099426593,92.76964655505247,0.6971704451724114,0.9587339743589743,0.9931521062461092,0.926621490803485,50.35567235946655,0.3102726936340332
MinMaxScaler,61,1,91.2528175606341,98.87970587725508,88.04534765364501,0.552889911158168,0.9305068146576349,0.9834389959891319,0.8829816069699903,19.742591857910156,0.31091761589050293
MinMaxScaler,64,1,97.02075034731578,99.58180186036158,95.71092625741461,0.7860715301720641,0.975963808025177,0.9917649410353788,0.9606582768635044,17.919660568237305,0.3577408790588379
MinMaxScaler,67,1,97.2492096886758,99.60743853575312,95.47576427643817,0.7854708351644342,0.9745382716049382,0.9946774193548387,0.9551984511132623,37.29761219024658,0.41281580924987793
MinMaxScaler,70,1,96.01643876603228,99.47906797340617,90.03193991084903,0.6218793176847289,0.9423303415505828,0.9906921139148628,0.8984704743465634,23.02596426010132,0.3437995910644531
MinMaxScaler,73,1,93.063883589484,99.06347387929773,85.60598083605349,0.5515148872417811,0.9142570407075206,0.9936375204508271,0.846621490803485,46.30582547187805,0.32463765144348145
MinMaxScaler,76,1,89.46807853947998,98.65762132460823,86.52907935839387,0.5100392599700065,0.9212621040538322,0.9796675247611152,0.8694288480154889,38.1575493812561,0.321030855178833
MinMaxScaler,79,1,76.43835644293455,96.8828595484243,60.73145905724615,0.287709857056647,0.7264547677261614,0.9854726368159203,0.5752565343659245,18.28786849975586,0.4871840476989746
MinMaxScaler,82,1,90.69350590309726,98.77350944268895,90.67073812782984,0.5821302862183831,0.9469566952704052,0.9769816759316451,0.9187221684414327,24.53768801689148,0.3270869255065918
MinMaxScaler,85,1,85.59604034600132,98.18830140458938,74.104103050086,0.39560693341290876,0.8349440715883669,0.9886622516556292,0.722594385285576,17.34177827835083,0.3521544933319092
MinMaxScaler,88,1,95.9806665122234,99.33969992890295,95.93555859745183,0.7811314945520378,0.9773739742086752,0.9864326562808124,0.9684801548886738,26.837713479995728,0.33235645294189453
MinMaxScaler,91,1,92.01667551447397,98.97686790704407,85.72531676669826,0.5405796171429574,0.9152902459852951,0.9903542774722798,0.8508034849951597,21.296903133392334,0.3254737854003906
MinMaxScaler,94,1,96.89961212471559,99.55452225706946,93.49970166017339,0.7132534881616527,0.9631046298509841,0.9918345574658406,0.9359922555663117,35.61977481842041,0.3330070972442627
MinMaxScaler,97,1,95.68189288367593,99.43497077404716,90.60756028219437,0.634256874275712,0.9458496903962119,0.990590429364642,0.9049757986447241,20.8443865776062,0.39200448989868164
MinMaxScaler,100,1,97.791779019295,99.62233138455467,97.54659366115615,0.8682215971249188,0.9863521877501611,0.9947621298046628,0.9780832526621491,16.775705814361572,0.32469892501831055
MinMaxScaler,103,1,92.7294132342379,99.13785422234173,84.74255027903548,0.5436482360585924,0.9085169518277669,0.9950673059192329,0.8358180058083252,30.269737243652344,0.3553612232208252
MinMaxScaler,106,1,92.23871069413046,98.91280417846735,83.03323856656488,0.48667464899396345,0.8979867471405056,0.9867816891609851,0.8238528557599225,17.742724418640137,0.34928035736083984
MinMaxScaler,109,1,97.98891203923922,99.68753024977674,97.52202449896458,0.8671089626454509,0.9862136301503612,0.99476068544416,0.977812197483059,18.064029455184937,0.4760558605194092
MinMaxScaler,112,1,95.04347093549767,99.31037878307991,90.2846512933909,0.6308474888619124,0.9438266093027031,0.9915995053515841,0.9004453049370765,23.22106122970581,0.3367424011230469
MinMaxScaler,115,1,93.08671456344241,99.10383042910784,90.9234495103717,0.6438296157442192,0.9477364591754244,0.9912069329951384,0.907918683446273,29.886706829071045,0.505178689956665
MinMaxScaler,118,1,91.70600927095278,98.96368281344388,83.01568916499947,0.5179712872202336,0.8971060409534543,0.9948594604791549,0.8168441432720233,28.94204545021057,0.34279584884643555
MinMaxScaler,121,1,96.15828884617089,99.46259446634484,91.78337018707661,0.6723673949888614,0.9528261964735516,0.9933613445378151,0.9154695062923524,28.720078706741333,0.4841959476470947
MinMaxScaler,124,1,88.48450205484575,98.63697981306166,81.45379242567829,0.4897106267834294,0.8867649579975999,0.9928499448150103,0.8011616650532429,26.679707050323486,0.336881160736084
MinMaxScaler,127,1,94.69754660349503,99.18590493622898,94.47544838721,0.7270743460405633,0.968981554469494,0.9865965728961836,0.9519845111326234,40.09186053276062,0.43401241302490234
MinMaxScaler,130,1,94.38313160090604,99.2853528412369,82.39444034958407,0.5126185010392725,0.8928571428571429,0.9956648087275499,0.8092933204259438,52.59071397781372,0.342376708984375
MinMaxScaler,133,1,97.76103367565028,99.63009107688214,95.78112386367626,0.7986824759990475,0.9762778764554964,0.9955323002616221,0.9577541142303969,22.929054021835327,0.3429083824157715
MinMaxScaler,136,1,97.66053033103388,99.62154743206058,92.91004176757572,0.7091733166218228,0.9594735574993981,0.9955451933885674,0.9259244917715392,26.82797336578369,0.3524637222290039
MinMaxScaler,139,1,97.52622134236366,99.5342354613386,96.87620652135762,0.8387515133702709,0.9825606458439472,0.9945654329802848,0.9708422071636011,18.229284048080444,0.3874380588531494
MinMaxScaler,142,1,96.96539042795547,99.46483436313956,96.26548734688147,0.8027657972948986,0.9791788971077453,0.9897930925347154,0.9687899322362052,27.352609157562256,0.3708474636077881
MinMaxScaler,145,1,98.45114666856453,99.74494129808966,98.23804008283318,0.9027504127935473,0.9902235724857833,0.9960819652862124,0.9844336882865441,27.180651903152466,0.3828392028808594
MinMaxScaler,148,1,92.29908009432174,99.03124418569625,85.53929311010494,0.5396294853190191,0.9140484833312471,0.9908634492740513,0.8482865440464666,21.863804817199707,0.36485815048217773
MinMaxScaler,151,1,96.22091897611384,99.37977023055562,95.60562984802218,0.7802303488636887,0.9753766274633207,0.9910475200831301,0.9601936108422071,26.694363832473755,0.37790894508361816
MinMaxScaler,154,1,98.23114345866234,99.72561097921552,98.51532062756661,0.9140968999697427,0.991794533568699,0.9937028686931509,0.989893514036786,33.122950315475464,0.3776741027832031
MinMaxScaler,157,1,89.14759231918336,98.54762350929653,86.1114036011372,0.49995352388642256,0.9186722844517521,0.9789312308366185,0.8654017424975798,33.3031222820282,0.3671743869781494
MinMaxScaler,160,1,98.51272014518634,99.6661029991472,97.93268049559511,0.8868354634054972,0.9885196374622357,0.9952119309262166,0.981916747337851,27.320064306259155,0.38971853256225586
MinMaxScaler,163,1,97.11058476138881,99.52136599045033,97.17103646765646,0.8467341397031584,0.9842694874897537,0.9922480620155039,0.9764181994191675,40.99272179603577,0.39561009407043457
MinMaxScaler,166,1,95.75948972722368,99.43379500234165,94.09287143308414,0.7217646299068172,0.9666831634168069,0.9889023896314297,0.9454404646660213,44.076772689819336,0.3867058753967285
MinMaxScaler,169,1,96.11877654796079,99.44310383872634,93.44705345547717,0.7087233277686599,0.9628272772523644,0.9909426229508197,0.9362633107454017,45.438984394073486,0.38266515731811523
MinMaxScaler,172,1,96.31004604975058,99.38953108040172,95.8478115896248,0.7976519856337112,0.9766919515318688,0.9942238267148015,0.9597676669893515,27.227826833724976,0.3899226188659668
MinMaxScaler,175,1,96.98865132546447,99.50044261224107,97.16401670703029,0.847387536314606,0.9842218316735013,0.9927516249753792,0.975837366892546,27.11502957344055,0.3905649185180664
MinMaxScaler,178,1,97.44909944814376,99.62552858701896,95.8829103927556,0.7927988530460944,0.9769480200452,0.9918595371109338,0.9624782187802517,32.74682545661926,0.39345788955688477
MinMaxScaler,181,1,98.82924700197314,99.80686282195347,98.77154189042153,0.9297903394021033,0.9932038834951457,0.9961051606621227,0.9903194578896418,33.07705855369568,0.3910520076751709
MinMaxScaler,184,1,97.20255426877048,99.57194649820089,95.76006458179776,0.7915727774712715,0.9762129804662886,0.9931487639729156,0.9598451113262343,22.8220534324646,0.39295172691345215
MinMaxScaler,187,1,98.02247657751806,99.69480426445313,97.76069636025412,0.8759236320817891,0.9875749785775493,0.9934177016808369,0.9818005808325266,42.51898527145386,0.41583943367004395
MinMaxScaler,190,1,97.98859104902074,99.6862874983557,95.81973254712014,0.7995566359903324,0.9765047049772149,0.9953349955762889,0.9583736689254598,28.770438194274902,0.4436972141265869
MinMaxScaler,193,1,95.7085423340346,99.33955435239781,98.52936014881892,0.910683038205716,0.9919325336465333,0.9864813112745098,0.9974443368828655,27.820790767669678,0.41626691818237305
MinMaxScaler,196,1,98.86149126826722,99.81966866857668,98.3819451756695,0.9098921463133312,0.9910288594391577,0.9961270636100462,0.9859825750242014,45.93802094459534,0.4046926498413086
MinMaxScaler,199,1,97.85197412615496,99.66611225697105,94.11744059527571,0.7445659238516691,0.966598907887919,0.9958116043197963,0.9390513068731849,40.60671806335449,0.40760207176208496
MinMaxScaler,202,1,93.32762571088075,99.18484363681677,87.66628057983222,0.5723768747278333,0.9276805927145503,0.9900285526026795,0.8727202323330107,46.95545768737793,0.4139070510864258
MinMaxScaler,205,1,97.53951411376562,99.60376751833057,97.28686251798814,0.8550722991831569,0.9848979193122985,0.9939274447949527,0.9760309777347531,46.86460518836975,0.39771389961242676
MinMaxScaler,208,1,96.41882832760464,99.42875967072662,94.66498192411639,0.7361865664118253,0.970052801639215,0.9874453491636918,0.9532623426911907,32.921839475631714,0.43846702575683594
MinMaxScaler,211,1,97.42946167325954,99.55934463343235,95.1704046892001,0.772778037483652,0.9727923438921184,0.9939391490565276,0.9525266214908035,40.332059383392334,0.4177391529083252
MinMaxScaler,214,1,97.36019532472665,99.59452802872372,96.15668105717596,0.8095034427908119,0.9784614174157635,0.994323179019749,0.9630977734753147,46.81167221069336,0.39725184440612793
MinMaxScaler,217,1,96.0810739955076,99.42705713202649,93.5734091467481,0.7210729994860627,0.963477150778928,0.9935412209972025,0.9351790900290416,17.851930379867554,0.4504058361053467
MinMaxScaler,220,1,96.32161476961689,99.48446394699586,91.92727527991296,0.6746624691520632,0.9537074309636905,0.9930005448677648,0.9174056147144241,24.57757329940796,0.403576135635376
MinMaxScaler,223,1,97.51809636823535,99.56807415018363,95.59861008739603,0.7895196018090049,0.9752496743378203,0.9945654361740671,0.9566698935140368,42.88805842399597,0.5822665691375732
MinMaxScaler,226,1,97.41182536679669,99.56854000838563,95.8092029061809,0.7905043178046491,0.9765210209619696,0.9920492229014344,0.9614714424007744,33.298718214035034,0.40752148628234863
MinMaxScaler,229,1,97.20505537807492,99.5495506446857,96.95342388824541,0.8391254147440805,0.983022336971404,0.9932018497292597,0.9730493707647628,27.060026168823242,0.4254302978515625
MinMaxScaler,232,1,98.57645195422766,99.69849772872045,98.37843529535643,0.9098608488177232,0.991008174386921,0.9962433965955781,0.9858276863504356,32.7650728225708,0.4046909809112549
MinMaxScaler,235,1,96.91750406139774,99.4204355804782,97.93268049559511,0.8833044443893754,0.9885477630223017,0.992775130828712,0.9843562439496611,40.07963275909424,0.4585750102996826
MinMaxScaler,238,1,97.67108379224526,99.64234982018351,95.12828612544311,0.7707524612821491,0.9725539824408763,0.9937366145391361,0.9522555663117135,27.719189405441284,0.4336676597595215
MinMaxScaler,241,1,97.25555106104696,99.56412902488316,96.90779544417535,0.8409136622484573,0.9827332771495209,0.9949599174537662,0.9708034849951598,46.1367621421814,0.5299818515777588
MinMaxScaler,244,1,95.44729405972016,99.30646731618604,96.58137657505878,0.8112511673619088,0.9810166055975676,0.987599576188047,0.9745208131655373,27.082695960998535,0.4288935661315918
MinMaxScaler,247,1,98.13872151484145,99.67385341547993,97.58169246428697,0.8699529662891761,0.9865490111863812,0.9948421135522482,0.9783930300096806,27.907671451568604,0.51666259765625
MinMaxScaler,250,1,97.81701015767011,99.62453445397382,97.36407988487592,0.8594564611541222,0.9853265860377874,0.9944391859914813,0.976379477250726,40.763755559921265,0.4441254138946533
MinMaxScaler,253,1,97.63900074728265,99.61692913562625,94.58425467691552,0.7540399077795136,0.9693806679499137,0.9941794203842397,0.9457889641819942,24.4885835647583,0.5847165584564209
MinMaxScaler,256,1,97.99252281608642,99.66068999703717,97.10434874170791,0.8488860567848607,0.983851077573551,0.9948143456575093,0.9731268151016457,29.227649211883545,0.5263724327087402
MinMaxScaler,259,1,97.76143237164567,99.64348115651103,98.88034818012706,0.9337099698663026,0.9938270410434042,0.9933080612718552,0.9943465634075508,19.55878496170044,0.4865865707397461
MinMaxScaler,262,1,98.05730111133786,99.67840836240791,96.54978765224106,0.8238511728341127,0.9807160372731731,0.9938767395626242,0.9678993223620522,24.69977593421936,0.44703125953674316
MinMaxScaler,265,1,97.68722771205871,99.55235286397027,98.54339967007125,0.9164189767599021,0.9919437811814493,0.9945889131111804,0.9893126815101646,28.81912112236023,0.5216989517211914
MinMaxScaler,268,1,96.30244976539392,99.4434587226805,98.34684637253869,0.8997202626912348,0.9909215319673869,0.9865290144304575,0.9953533397870281,28.935270309448242,0.43053722381591797
MinMaxScaler,271,1,95.91126508635871,99.37167486933774,96.38833315783933,0.8043537677368051,0.9799090145850011,0.9882640201638311,0.9716940948693127,35.60500144958496,0.47658348083496094
MinMaxScaler,274,1,95.51448994872143,99.37673309024954,97.85546312870731,0.8695449249599019,0.9882230489003682,0.9838424930918023,0.9926427879961278,36.40970587730408,0.4458167552947998
MinMaxScaler,277,1,95.2437063767394,99.29860859327586,96.41641220034397,0.799758715509973,0.9801218776161829,0.9856292583600909,0.974675701839303,34.836580753326416,0.4452545642852783
MinMaxScaler,280,1,95.89911466249912,99.38864316564268,95.0019304341722,0.7565576525249784,0.9719165384767089,0.9903540854467264,0.9541529525653436,32.90858745574951,0.44994115829467773
MinMaxScaler,283,1,98.04327340305552,99.65025286774654,98.35386613316486,0.9035166026216983,0.9909138462134568,0.9915477667493796,0.9902807357212003,23.78674054145813,0.4497063159942627
MinMaxScaler,286,1,97.28127530430525,99.49669146341785,98.78558141167386,0.928892822023429,0.993296132682322,0.9940279986039477,0.9925653436592449,17.702084064483643,0.6042995452880859
MinMaxScaler,289,1,96.9412319197902,99.48822626139795,95.55298164332596,0.7860312146936113,0.9750034525618009,0.9938862521116564,0.9568247821878025,17.993671894073486,0.48318910598754883
MinMaxScaler,292,1,97.25045080243925,99.5632538629606,98.45214278193114,0.9089244284379369,0.9914599430662872,0.991671186178043,0.9912487899322362,35.10238552093506,0.6110613346099854
MinMaxScaler,295,1,96.95561039340184,99.53114217491397,95.640728651153,0.788131683162231,0.9755184104707089,0.9934958043923395,0.9581800580832527,28.9833562374115,0.5881655216217041
MinMaxScaler,298,1,96.55604438379683,99.43126139679606,97.09381910076867,0.8404634293881844,0.9838571317164471,0.9907723720893705,0.9770377541142304,35.85860061645508,0.5903701782226562
MinMaxScaler,301,1,95.23705563370514,99.2789802464886,97.73963707837564,0.86339554114435,0.9875723658818989,0.9843431429120985,0.9908228460793804,33.388538122177124,0.48657989501953125
MinMaxScaler,304,1,94.62458160522706,99.27282056783835,97.28686251798814,0.8349495286294114,0.9850959221054661,0.9810291858678956,0.9891965150048403,32.05414175987244,0.6157567501068115
MinMaxScaler,307,1,92.60713048542871,99.03331968884113,78.06324804324173,0.4578059339473974,0.8629385964912281,0.9949431099873578,0.7618586640851888,39.225687980651855,0.49315524101257324
MinMaxScaler,310,1,93.88559966709975,99.16418241866167,96.99905233231547,0.8155419967560069,0.9835402829916258,0.9779862174578867,0.9891577928363988,32.76776742935181,0.48334622383117676
MinMaxScaler,313,1,93.9476219490497,99.14884487073223,96.98501281106314,0.8155420464528297,0.9834505346305751,0.9786426380368098,0.9883059051306873,21.720729112625122,0.4900085926055908
MinMaxScaler,316,1,93.53988811820575,99.0855577925621,96.71826190726897,0.799190017318395,0.9819849328529315,0.9772587820217825,0.98675701839303,21.76280641555786,0.49105167388916016
MinMaxScaler,319,1,94.35311320569735,99.17059318321894,97.92566073496893,0.8722938663039711,0.9886474961101827,0.9809407638941832,0.9964762826718296,22.27515721321106,0.47512364387512207
MinMaxScaler,322,1,96.16948719270816,99.4060823516197,97.73612719806255,0.8672542110357746,0.9875046010190046,0.9880980072885167,0.9869119070667958,21.809303045272827,0.5242042541503906
MinMaxScaler,325,1,93.30867276354422,99.11077012729992,96.97097328981081,0.8109578635221849,0.9834353826369028,0.9750323513739819,0.9919845111326234,21.599776029586792,0.5038847923278809
MinMaxScaler,328,1,95.42963814525751,99.33490340188543,98.01691762310905,0.8790723550733437,0.9891172448330989,0.9840564157596198,0.9942303969022265,23.061991214752197,0.48645687103271484
MinMaxScaler,331,1,91.72164338277213,98.90804000075242,78.00358007791934,0.4510870646978033,0.8627133124493417,0.9932909604519774,0.7624782187802517,29.246729612350464,0.558358907699585
MinMaxScaler,334,1,93.7273340600397,99.16008273153105,97.21666491172651,0.8267042010009105,0.9847789784832722,0.9763644667732359,0.9933397870280736,25.037960052490234,0.5079689025878906
MinMaxScaler,337,1,91.9379653722724,98.94374006893126,95.87238075181637,0.7447287257655716,0.9773706896551724,0.9714263856481659,0.9833881897386254,34.88406467437744,0.5000061988830566
MinMaxScaler,340,1,88.29303066328052,98.533983900918,72.64048295953108,0.3967970070382862,0.8233347687147293,0.9926767952781724,0.7033494675701839,23.071757555007935,0.48396944999694824
MinMaxScaler,343,1,91.57167268583845,98.91497132268078,96.2619774665684,0.7621928833796437,0.9796176149738761,0.9684780140770454,0.9910164569215876,32.9898784160614,0.5082876682281494
MinMaxScaler,346,1,93.99788015735786,99.19194326807914,97.49745533677302,0.844571372260809,0.9863187182193226,0.9775960441232407,0.9951984511132623,41.3996319770813,0.5574729442596436
MinMaxScaler,349,1,92.185221523193,98.9793900765794,78.32648906672283,0.4578294729500898,0.8649003434922441,0.994165576903732,0.7653823814133591,25.469825983047485,0.6052191257476807
MinMaxScaler,1,3,54.0797566284117,92.22518219768294,41.2516233196448,0.0990993468760505,0.5354942554254315,0.9450484866294446,0.3735914811229429,28.82004976272583,0.41552186012268066
MinMaxScaler,4,3,90.21410773797031,97.5622953951089,89.46684918044295,0.5691413187159671,0.9394678984206386,0.9804648029639609,0.9017618586640852,22.936466693878174,0.3970034122467041
MinMaxScaler,7,3,70.4516492143365,96.36561743292187,57.18647994103401,0.28255938849018625,0.6927920213569737,0.9908508032562495,0.5325847047434656,22.8450825214386,0.33724021911621094
MinMaxScaler,10,3,68.13134309714893,96.0862061167524,56.51609280123547,0.2850936609161908,0.6859330240575963,0.993172808691822,0.5238722168441433,36.73417353630066,0.30970287322998047
MinMaxScaler,13,3,80.23282103197629,97.72362391760291,77.68769084974203,0.44887242867301386,0.860423756724119,0.9936105476673428,0.7587221684414327,42.2093710899353,0.3173060417175293
MinMaxScaler,16,3,80.18235294544837,97.70069050208592,80.13407742795971,0.46265844162333025,0.8780224990302142,0.9899888224716917,0.7888092933204259,26.15085744857788,0.28491854667663574
MinMaxScaler,19,3,81.66696175495953,97.85945424243164,80.63248043241725,0.465575764346469,0.8815371404036066,0.9892074198988196,0.7950048402710552,17.973880290985107,0.298553466796875
MinMaxScaler,22,3,89.16276019634142,98.38596649589053,89.12639079007405,0.540576651496142,0.9377010939510939,0.9754005773333891,0.9028073572120039,19.21577763557434,0.2870452404022217
MinMaxScaler,25,3,79.91895214849211,97.60034967938076,79.44614088659576,0.43776722062807355,0.8737550122881904,0.9856038130441126,0.7847047434656341,21.031028509140015,0.3207559585571289
MinMaxScaler,28,3,91.07549733512758,98.81428523125977,91.15861149134814,0.6125623084636684,0.9496431641444936,0.9815687246879907,0.9197289448209099,23.342909812927246,0.30301427841186523
MinMaxScaler,31,3,94.67771347483533,99.18530792020562,95.10722684356463,0.7419798212726335,0.9727009243302522,0.9839930266650818,0.9616650532429816,23.36323857307434,0.35626840591430664
MinMaxScaler,34,3,89.37647577431628,98.61425276337837,86.53609911902004,0.5039323632202735,0.9214192068174369,0.9782088643382193,0.8708615682478219,22.25990915298462,0.30770015716552734
MinMaxScaler,37,3,86.94902283170019,98.37688806962885,82.26808465831316,0.4414835846397758,0.8937405350832913,0.9782218334177448,0.8226911907066796,21.55457854270935,0.31205248832702637
MinMaxScaler,40,3,80.27613728214241,97.58066158913475,69.4394721140009,0.33938664124213874,0.799944856742412,0.9836139676799638,0.6740755082284607,21.64207887649536,0.3271632194519043
MinMaxScaler,43,3,90.87559305121538,98.81016705668118,89.08427222631708,0.5299956588141916,0.9375852934093281,0.9731700204141149,0.9045111326234269,27.877506971359253,0.31377196311950684
MinMaxScaler,46,3,76.97358366697192,97.132443071465,57.75508055175319,0.2977556950895626,0.6972075471698114,0.9951166965888689,0.5365730880929332,52.19889497756958,0.2605156898498535
MinMaxScaler,49,3,81.17854100504798,97.65988579017701,69.56933768558493,0.3480559379817901,0.8005979760809567,0.9858397054658737,0.6739593417231365,58.445528745651245,0.26115870475769043
MinMaxScaler,52,3,83.41531559075635,97.9264088544548,81.23617984626725,0.3951191275990601,0.8876749170063454,0.9703707106435757,0.8179670861568248,27.547605276107788,0.30542898178100586
MinMaxScaler,55,3,78.73935085901195,97.36321684403073,56.47046435716542,0.2976936796649462,0.684459596987584,0.9979226945619111,0.5208518877057116,40.37374758720398,0.3130521774291992
MinMaxScaler,58,3,77.57497699691139,97.20234527751201,56.44589519497385,0.29734500955766774,0.6842413292959109,0.9978477066943744,0.5206195546950629,53.522472858428955,0.31435322761535645
MinMaxScaler,61,3,83.27681775235678,97.93665751754534,77.3928609034432,0.39663654768643025,0.8599447694013785,0.9806585994842293,0.7656921587608906,53.62578058242798,0.3127124309539795
MinMaxScaler,64,3,73.66169373902044,96.67431412530077,57.432171562949705,0.30263636691082907,0.6936445387491159,0.9976022669476131,0.5316553727008713,34.85877799987793,0.2758791446685791
MinMaxScaler,67,3,79.10690208854247,97.35442864788084,57.130321856024715,0.30234505599171624,0.690675176011751,0.9981699729155992,0.5280154888673766,47.310657024383545,0.2801182270050049
MinMaxScaler,70,3,85.91562169341948,98.15689652719269,68.87438138359482,0.3511956200676393,0.7946651847735482,0.9883084720382422,0.6644724104549855,50.02320957183838,0.3146054744720459
MinMaxScaler,73,3,84.4305190528029,98.09089746306189,79.39349268189955,0.45002956112405673,0.8730072894810841,0.9889248260315594,0.7814133591481123,43.97703719139099,0.2757992744445801
MinMaxScaler,76,3,83.19143580667674,97.92868801648183,80.3973184514408,0.471019441785394,0.8796880722086986,0.9913575451543989,0.7906292352371733,20.05290126800537,0.27678871154785156
MinMaxScaler,79,3,83.25567742371219,97.87802415998466,79.5163384928574,0.4062411588004447,0.8751764554904393,0.9775431219838502,0.792216844143272,27.08739924430847,0.3945746421813965
MinMaxScaler,82,3,72.94038078735561,96.5874938131854,57.39707275981889,0.300245801170426,0.6934848484848485,0.9968058076225046,0.5316940948693126,32.0027756690979,0.7644181251525879
MinMaxScaler,85,3,73.99625559826549,96.72137238020156,55.048962830367486,0.2865086297590092,0.6709826589595376,0.9968702290076336,0.5056727976766698,29.3287296295166,0.3400113582611084
MinMaxScaler,88,3,76.23215290753957,96.92891071208747,56.34410866589449,0.2929519115176826,0.6835758624198637,0.9964399614329156,0.5202323330106486,28.99403715133667,0.4231994152069092
MinMaxScaler,91,3,80.30909324620603,97.47730038143885,74.26555754448773,0.38200097522402104,0.8367328761022534,0.9845412146937065,0.7275121006776379,35.507664918899536,0.3372159004211426
MinMaxScaler,94,3,88.77064086931703,98.52929033036371,82.30669334175704,0.45512183882344476,0.8936789488115074,0.9813785436353529,0.8203678606001936,44.34156513214111,0.5000019073486328
MinMaxScaler,97,3,83.68633591118012,97.86699314277026,78.11940612825103,0.36418085566285274,0.8662977737742891,0.9709148598625066,0.7820329138431752,20.011276960372925,0.5269737243652344
MinMaxScaler,100,3,95.54935006742973,99.30512028012267,85.02334070408199,0.5369783413992614,0.9105881859899838,0.9922367339483058,0.8413552758954501,28.70201873779297,0.3491487503051758
MinMaxScaler,103,3,87.8879192208507,98.20303094873195,87.8593239970517,0.4765664931036135,0.9305156585846005,0.9668141592920354,0.8968441432720232,47.23201894760132,0.3575589656829834
MinMaxScaler,106,3,90.3954541394303,98.6820475205243,77.9158330700923,0.42501391501117985,0.8629074429144152,0.9865975785959843,0.7667763794772507,27.380091905593872,0.6796712875366211
MinMaxScaler,109,3,72.09808066731107,96.42313764204636,56.59331016812327,0.2940841480538296,0.6859812609501562,0.9963121404336923,0.5230590513068731,39.9215567111969,0.35889101028442383
MinMaxScaler,112,3,86.1143930706781,97.74315125377078,90.66371836720369,0.5713970464332343,0.9470520323261277,0.9744398476221685,0.9211616650532429,53.19578814506531,0.37332844734191895
MinMaxScaler,115,3,66.13559149709982,95.68028126963324,54.24169035835879,0.2656881746059731,0.6644704671213486,0.9907137375287798,0.499864472410455,47.69682693481445,0.6107866764068604
MinMaxScaler,118,3,92.07155176983984,98.87414136738512,82.81913586746693,0.49608131738357714,0.896263801470744,0.9898885872109353,0.8188189738625363,53.73276329040527,0.3628525733947754
MinMaxScaler,121,3,91.19714827061071,98.72388226941698,78.52655224456846,0.44320973223307775,0.8668494820231566,0.9896635690503404,0.7711519845111326,51.8216073513031,0.5015218257904053
MinMaxScaler,124,3,69.4844359686243,96.03961356876293,55.63511284265207,0.2842596502248745,0.6771392081736909,0.9947467166979362,0.5132623426911908,24.28257918357849,0.722496747970581
MinMaxScaler,127,3,87.86403231979341,98.18240813165609,79.18640974342775,0.4427883709964557,0.871711664935964,0.9876464532575127,0.780135527589545,46.91660475730896,0.3572981357574463
MinMaxScaler,130,3,92.66288546967331,98.91800651711469,86.318486539609,0.5501880380477685,0.9191017765233273,0.9903394606198846,0.8574249757986447,23.47577667236328,0.3496086597442627
MinMaxScaler,133,3,94.95112742367586,99.19699149168015,91.4850303604647,0.6627174266757906,0.9510591083316522,0.9927142556327648,0.9127589545014521,23.512813568115234,0.37637901306152344
MinMaxScaler,136,3,95.2144280019666,98.96776556219972,96.05138464778351,0.7939629645270808,0.9779597594185295,0.9897295582520422,0.9664666021297192,24.741685390472412,0.3705921173095703
MinMaxScaler,139,3,93.9903383396672,99.10212933884598,90.06352883366677,0.6265704811717663,0.9424651966263591,0.9917450812660393,0.8978509196515004,24.551000595092773,0.37354421615600586
MinMaxScaler,142,3,81.26067673743218,97.57135649339943,67.88810501561898,0.3068574934570411,0.7886530065374575,0.9774393037104901,0.6609874152952565,25.147947072982788,0.3683948516845703
MinMaxScaler,145,3,94.31116007462659,99.11676311298676,92.66084026534696,0.6481658764870251,0.958621099083767,0.9802897846851222,0.9378896418199419,24.60400700569153,0.3855781555175781
MinMaxScaler,148,3,94.75616871303984,98.81303952711087,92.05714085149697,0.6651543563046746,0.954644753983365,0.9894474449522227,0.9222071636011616,24.43013644218445,0.3796689510345459
MinMaxScaler,151,3,89.64258973746341,98.55626443016469,84.48983889649362,0.5011678456716218,0.9077086944717111,0.9852647805585781,0.8414714424007744,24.779621362686157,0.39438533782958984
MinMaxScaler,154,3,92.95294007432157,98.92348139898617,83.10694605313958,0.49871183752156406,0.8982129639420535,0.9895619757688723,0.8223039690222652,25.393646478652954,0.3761732578277588
MinMaxScaler,157,3,89.11144533471219,98.49045208017321,79.22852830718472,0.45247904904543873,0.8717270677995491,0.9900546501895524,0.7786640851887706,25.288350820541382,0.39621949195861816
MinMaxScaler,160,3,88.97970281534566,98.38948735700188,79.93401425011407,0.4598432208336633,0.8766532179766554,0.989865523289807,0.7866795740561472,25.48502230644226,0.39165449142456055
MinMaxScaler,163,3,92.80246392672709,98.99678647786587,88.34017759994384,0.586258585832651,0.9318843551363544,0.9903682719546743,0.8799225556631172,23.986926317214966,0.3640289306640625
MinMaxScaler,166,3,93.99348433429752,99.00506530323338,91.37622407075918,0.6454340910963905,0.9505941967786692,0.9887475947460889,0.9152758954501452,23.753950595855713,0.3654031753540039
MinMaxScaler,169,3,85.62410738212142,98.07807124504066,76.30830788670107,0.4131452049150285,0.8512495041650139,0.9877768117424436,0.7478799612778315,23.377740621566772,0.3779757022857666
MinMaxScaler,172,3,93.67989286769901,99.12746038953699,88.05938717489734,0.5788063945491596,0.9301638132774972,0.9898204377648652,0.8772894482090997,27.475608825683594,0.38718366622924805
MinMaxScaler,175,3,86.07946613952618,97.95046097104472,71.39447544838721,0.337111639695855,0.8159523056772503,0.9788156255079373,0.6995546950629236,29.75389862060547,0.3806912899017334
MinMaxScaler,178,3,92.40681515974347,98.94934556555772,79.9094450879225,0.461738627062265,0.876419534522216,0.9904357585517006,0.78594385285576,29.059675216674805,0.36912035942077637
MinMaxScaler,181,3,92.81234781105732,98.9078768658261,80.33414060580533,0.4709644076596719,0.8792326759349067,0.991541079241614,0.7897773475314618,32.7616229057312,0.37113499641418457
MinMaxScaler,184,3,91.43383716209787,98.77793469541054,80.23235407672598,0.4746215221079023,0.8783900500950078,0.9928247181139259,0.7876089060987416,32.77002811431885,0.369429349899292
MinMaxScaler,187,3,85.36301597180515,98.09080705448737,80.11652802639429,0.45585411458058045,0.8780907701908799,0.9882774656074405,0.7900096805421104,59.469738245010376,0.3817481994628906
MinMaxScaler,190,3,86.14279852634988,98.15562442108516,78.43529535642834,0.4074731068515522,0.8672887506480041,0.9807044111181672,0.7773862536302033,51.31866908073425,0.387103796005249
MinMaxScaler,193,3,97.16914659448986,99.4226807723896,96.19879962093293,0.8116142820886872,0.9786982946834248,0.9945235049568276,0.9633688286544047,33.48353028297424,0.38637280464172363
MinMaxScaler,196,3,97.19236101377716,99.41472897092473,98.06605594749219,0.8908442181988773,0.9892870336165497,0.9934786004373634,0.9851306873184899,44.116880893707275,0.5153753757476807
MinMaxScaler,199,3,96.3269713846661,99.29541815957069,93.61552771050508,0.7176390036382151,0.9637757642138803,0.9921279212792128,0.9369990319457889,31.80214500427246,0.5603787899017334
MinMaxScaler,202,3,91.20583824562142,98.65051413676736,88.30507879681304,0.5561819999714169,0.9321495479351634,0.9830348322810635,0.8862729912875121,26.857996940612793,0.40271615982055664
MinMaxScaler,205,3,92.51683927758319,98.96125123448883,85.44803622196483,0.546181427749525,0.9132926217165802,0.9929061888954572,0.8454985479186834,25.41414737701416,0.4001152515411377
MinMaxScaler,208,3,91.55567110557892,98.74748569834367,83.44740444350847,0.5030688631974849,0.9004811344644214,0.9894727078792376,0.8261761858664085,27.111417055130005,0.3897891044616699
MinMaxScaler,211,3,80.2923204179554,96.93697783613906,84.70394159559159,0.4051237993268538,0.9110902562428594,0.9628304083480661,0.8646272991287512,38.56169152259827,0.3875770568847656
MinMaxScaler,214,3,91.19718676038808,98.6121112964286,92.48885613000597,0.611777850780547,0.9579666876178504,0.9720572408020091,0.9442787996127783,38.458087682724,0.4185490608215332
MinMaxScaler,217,3,94.98806018058241,99.11904730382042,91.87813695552983,0.6731186146395317,0.9534162741071788,0.9929137490041511,0.9169409486931268,23.154013633728027,0.42042994499206543
MinMaxScaler,220,3,95.83633275211348,99.12420640926058,93.89631813555158,0.7065307013071158,0.9656303733422931,0.9861537219441304,0.9459438528557599,29.12463355064392,0.41477417945861816
MinMaxScaler,223,3,94.41309988678196,98.95010101947157,92.95567021164578,0.6925074734583265,0.9599505118432343,0.9903244400527009,0.9313843175217812,27.544549465179443,0.41692614555358887
MinMaxScaler,226,3,91.82374804737003,98.53087425545336,91.95886420273068,0.6324120822780521,0.9544270056294881,0.9813466415773542,0.928944820909971,28.180895566940308,0.4437110424041748
MinMaxScaler,229,3,88.99496655383594,98.51129421994713,88.49461233371943,0.5586635484258634,0.9333441782911058,0.9827431165160793,0.888673765730881,34.497989654541016,0.4490201473236084
MinMaxScaler,232,3,94.30549554135872,98.93315281189419,92.67136990628619,0.6736757687978474,0.9583931133428981,0.9872326450182684,0.931190706679574,29.7415452003479,0.4352896213531494
MinMaxScaler,235,3,94.75369520017952,98.96160861097302,93.11010494542136,0.6915343338341614,0.960923658803623,0.988775092175338,0.9345982575024201,46.44562792778015,0.45117831230163574
MinMaxScaler,238,3,93.87696633742172,98.87781197347812,91.65350461549261,0.6522850317562632,0.9522604994780374,0.9887439029474299,0.9183736689254598,22.306124925613403,0.44280028343200684
MinMaxScaler,241,3,95.95337726009431,99.21166643564173,96.62700501912886,0.8132008801913445,0.9812754515519357,0.9875676523648914,0.9750629235237174,24.14569640159607,0.445159912109375
MinMaxScaler,244,3,93.60967444184377,98.80096819190274,93.24348039731845,0.6835358352171496,0.9618411402065534,0.9853383153277556,0.9394385285575992,28.838025331497192,0.4522891044616699
MinMaxScaler,247,3,94.46657162838629,99.04397256644233,93.03990733915974,0.6964464329515048,0.960431008680036,0.9907780979827089,0.9318877057115198,28.5443012714386,0.467515230178833
MinMaxScaler,250,3,93.7735472106168,98.95593294010678,83.84402091888667,0.5225772125430524,0.902781591230701,0.9930303875104545,0.8275701839303001,28.092063426971436,0.44483065605163574
MinMaxScaler,253,3,95.79882991076907,99.19658703687844,98.19592151907621,0.8910328388076333,0.9900821981244935,0.9867312795661706,0.9934559535333979,34.39856457710266,0.4491596221923828
MinMaxScaler,256,3,90.23581742483056,98.54006430679783,82.47165771647187,0.47495995513220735,0.8943471270203943,0.9857296087301217,0.8184704743465634,34.894668102264404,0.5465586185455322
MinMaxScaler,259,3,97.22070982411624,99.51847991909737,93.28910884138851,0.715971718033795,0.96176458824941,0.9944584591207973,0.9311519845111326,32.47851800918579,0.6030445098876953
MinMaxScaler,262,3,95.65642281819244,99.29334653198849,86.32199641992207,0.5656003232518576,0.9188243381173579,0.9942746370931386,0.8540174249757987,30.846761465072632,0.454479455947876
MinMaxScaler,265,3,91.27118081553303,98.73882209135513,93.79102172615914,0.6617718613090222,0.9654539418438886,0.9738791269403514,0.9571732817037754,30.20503854751587,0.47863030433654785
MinMaxScaler,268,3,92.35640371854824,98.84337612734856,93.87174897336,0.6901097449242874,0.9656515580736544,0.9814451953453033,0.9503581800580833,36.81772828102112,0.5861783027648926
MinMaxScaler,271,3,94.83020852018426,99.11630993919232,92.95567021164578,0.6698129784550657,0.9602077839681187,0.9838696570778482,0.9376573088092933,18.733274698257446,0.44954800605773926
MinMaxScaler,274,3,93.72543426272831,98.96559097376914,96.87269664104454,0.8188971927363492,0.9827154745969854,0.9846446897838594,0.9807938044530494,23.49226188659668,0.4613180160522461
MinMaxScaler,277,3,91.48732633303534,98.37975475717005,89.84240637394265,0.6000910598627208,0.9414288605545437,0.9861352554589782,0.9006001936108422,36.29184412956238,0.4760096073150635
MinMaxScaler,280,3,92.50778764391,98.9804531672668,92.53448457407603,0.6618812681963332,0.9576758531489404,0.98501841997544,0.931810261374637,30.347865104675293,0.47945523262023926
MinMaxScaler,283,3,83.19560141729528,97.90006057193979,70.28886314976658,0.3685050471181358,0.8055498127857028,0.9901739326857917,0.6789545014520814,36.210251569747925,0.4703505039215088
MinMaxScaler,286,3,85.39651006652922,98.09395791981171,88.9859955775508,0.510322255050096,0.93724,0.969224405377456,0.9072991287512101,35.83533811569214,0.4179952144622803
MinMaxScaler,289,3,88.54807699988889,98.30599262140592,90.83921238285775,0.5759630410657054,0.9480989500477252,0.9744920900952458,0.9230977734753146,22.86462903022766,0.44766807556152344
MinMaxScaler,292,3,90.36903490151337,98.70374199713963,92.54501421501527,0.6121225804599602,0.9583104341681715,0.9716992397404769,0.9452855759922556,17.735596418380737,0.44840025901794434
MinMaxScaler,295,3,94.63166372425633,99.08223479712251,94.48246814783616,0.7292607552253895,0.9690026422684072,0.9872232713246816,0.9514424007744434,19.075056076049805,0.6151647567749023
MinMaxScaler,298,3,97.36614816821341,99.4066917188859,96.8446175985399,0.8362476681926501,0.9823908487258339,0.9940145869668622,0.9710358180058083,21.021533966064453,0.4293537139892578
MinMaxScaler,301,3,95.12619127676402,99.15047205027538,93.83665017022919,0.7105876078124185,0.9652194580890509,0.9879576693832867,0.9435043562439497,42.29460310935974,0.6525306701660156
MinMaxScaler,304,3,87.6559318919759,98.27588274987465,90.95152855287635,0.5578500734434875,0.9490312376433373,0.9695415067663098,0.9293707647628268,28.047159910202026,0.9939262866973877
MinMaxScaler,307,3,93.92697109417722,98.99163122243034,94.24379628654663,0.7122078850734933,0.9677101791691278,0.9843781293811336,0.9515972894482091,22.00708532333374,0.6629106998443604
MinMaxScaler,310,3,93.13625526420327,98.99300605433625,94.37015197781756,0.7084493921060746,0.9685243328100471,0.9818181818181818,0.9555856727976767,24.058923721313477,0.5898983478546143
MinMaxScaler,313,3,87.46947143368611,98.24818023974933,95.73900529991928,0.7217497860820943,0.9768929156039438,0.9606558604424812,0.9936882865440465,24.331993341445923,0.639617919921875
MinMaxScaler,316,3,92.4032094664518,98.69379541094393,92.92057140851497,0.6663689230147971,0.9600285368898753,0.9831953239162202,0.9379283639883833,23.341135263442993,0.5287668704986572
MinMaxScaler,319,3,92.42985673814388,98.71183938123002,92.80123547787021,0.6602372658985558,0.9593563601054238,0.9824661092621154,0.9373088092933204,24.462391138076782,0.5130493640899658
MinMaxScaler,322,3,91.87778987341221,98.72322320302915,92.2572040293426,0.6484850990172677,0.9561012497015045,0.9834609243869489,0.9302226524685382,23.97433614730835,0.6287767887115479
MinMaxScaler,325,3,79.66174094346434,97.42927110608393,65.51542592397598,0.3240914424490839,0.7673950614361136,0.9873888144267089,0.6275701839303001,30.436411142349243,0.6760697364807129
MinMaxScaler,328,3,82.04099742263736,97.61570781972533,61.95640728651153,0.320071533816383,0.7356405941318505,0.9937401159725883,0.5839690222652468,30.35895323753357,0.537111759185791
MinMaxScaler,331,3,93.74713523492198,98.97975396871881,95.19848373170475,0.7420806609697242,0.9732572232865465,0.9827865292747444,0.9639109390125847,27.88305687904358,0.5063681602478027
MinMaxScaler,334,3,85.30333938760586,97.68724570583474,92.41865852374434,0.5883609730223484,0.9577943647661105,0.9667100540369976,0.9490416263310746,34.45203924179077,0.5253379344940186
MinMaxScaler,337,3,85.70676817316624,98.03684592656423,66.09806605594748,0.33880228532849777,0.771638650495307,0.9907115104419622,0.6319070667957406,31.713065147399902,0.517960786819458
MinMaxScaler,340,3,84.80177401562395,97.90852421464034,68.56200203573059,0.34067764060538763,0.7925804135886807,0.9858854706763452,0.6626524685382381,28.33207416534424,0.5306286811828613
MinMaxScaler,343,3,85.92627537329636,97.95161967459241,71.33129760275175,0.3588828642661215,0.8144816934677932,0.9850024721199803,0.6942884801548886,33.55770921707153,0.521350622177124
MinMaxScaler,346,3,80.5442454514887,97.51887192782831,65.21006633673791,0.32352778352046485,0.7647505577443395,0.9878594640995769,0.6238528557599226,33.44062662124634,0.5222353935241699
MinMaxScaler,349,3,86.14358865611852,98.1898035075238,70.73110806921484,0.357965983154419,0.8096596745109675,0.9861003002335149,0.6867763794772507,33.14983105659485,0.5241639614105225
MinMaxScaler,1,5,45.11528414533449,90.24970905926807,26.4048295953108,0.08117614657183461,0.32695641009180204,0.955714017639332,0.19721200387221685,33.95912766456604,0.2874763011932373
MinMaxScaler,4,5,65.44721417527664,93.78645251137085,63.37790881330947,0.22348223617048998,0.7545634173880316,0.9611673758015221,0.6210648596321394,33.95980501174927,0.2937893867492676
MinMaxScaler,7,5,56.04402794793568,94.37289786852774,52.65873433715911,0.27510432298085674,0.6470772934219478,0.9977406600500283,0.47879961277831556,33.45629906654358,0.28957509994506836
MinMaxScaler,10,5,69.2357411714981,96.24812807811102,52.62714541434137,0.27492262667829376,0.6467586170797456,0.9977390180878553,0.4784511132623427,34.37911820411682,0.29535770416259766
MinMaxScaler,13,5,66.67371780021482,95.9096410079123,58.801024885051426,0.2779935150687867,0.7088645270102684,0.9859932381149521,0.5533397870280736,34.30502939224243,0.30141401290893555
MinMaxScaler,16,5,70.50943762077983,96.37210693692859,55.17180864132533,0.2738874489849236,0.6733002506778534,0.9918607280126611,0.5096224588576961,34.41316795349121,0.29703330993652344
MinMaxScaler,19,5,75.6964739732852,97.04348549691359,57.76210031237935,0.3001633144149562,0.69709021345147,0.9959720923541682,0.5361858664085188,34.69699740409851,0.2825956344604492
MinMaxScaler,22,5,82.24327863185545,97.70047537033008,73.32841950089501,0.3391525283533766,0.831129580657348,0.9752790236778972,0.7241045498547919,35.387561559677124,0.2987937927246094
MinMaxScaler,25,5,86.73901389190473,97.49509092173476,89.58969499140079,0.5375238541241412,0.9407037185125949,0.9723909898739409,0.9110164569215876,35.041035890579224,0.3038909435272217
MinMaxScaler,28,5,93.49955301022739,98.32608321650898,97.22719455266575,0.8299626424482109,0.9847877994300239,0.9794691079020952,0.990164569215876,35.65848684310913,0.3058652877807617
MinMaxScaler,31,5,85.99996078400045,98.18567369289491,78.93720824119897,0.42820956813994254,0.8703299552712893,0.9845995893223819,0.7798257502420135,41.306087493896484,0.31099867820739746
MinMaxScaler,34,5,92.91951497070782,98.93301158858057,93.59446842862658,0.694603785483477,0.9638935601938866,0.9854368932038835,0.9432720232333011,40.71904945373535,0.30539536476135254
MinMaxScaler,37,5,81.94060954735296,97.73421487573944,77.47007827033097,0.364640986382247,0.8615371341055674,0.9725333593065161,0.7732817037754114,40.850616455078125,0.28913211822509766
MinMaxScaler,40,5,75.34230266182227,96.78748253409952,57.351444315748836,0.2946327312182226,0.6934739285083625,0.9948610306890562,0.5322362052274927,40.99971151351929,0.3125598430633545
MinMaxScaler,43,5,95.58358273014527,99.2989744909184,98.09764487030992,0.8855980366775196,0.9895338508477195,0.9869419513886214,0.9921393998063892,40.68882608413696,0.308988094329834
MinMaxScaler,46,5,90.42004257114617,98.631929753757,87.52939524762205,0.5546254743791783,0.9270865398428041,0.986203283269298,0.8746563407550823,25.614590644836426,0.3306460380554199
MinMaxScaler,49,5,80.73056502266903,97.5052971890251,61.30005966796532,0.27533128276889596,0.7325733689061363,0.9803310613437196,0.5847821878025169,30.253941535949707,0.32896971702575684
MinMaxScaler,52,5,78.13432351311448,97.26936040862853,57.098732933206975,0.292266591918861,0.6911590064936706,0.9945462478184991,0.5296030977734754,30.05696153640747,0.3712942600250244
MinMaxScaler,55,5,89.8949229078809,98.60279792317887,85.44803622196483,0.5011681894564851,0.9142076728883003,0.9817341451491045,0.8553727008712488,32.314764738082886,0.30507397651672363
MinMaxScaler,58,5,78.53642839557905,97.3377774809898,57.551507493594464,0.2978567301362132,0.6951963304602047,0.9955966216703963,0.5340561471442401,22.94900131225586,0.3059065341949463
MinMaxScaler,61,5,75.45609587295178,96.81044651329351,57.74104103050086,0.2982581674194284,0.6970306995470559,0.9953287818900467,0.5363020329138432,20.54800844192505,0.30156636238098145
MinMaxScaler,64,5,91.24190244076024,98.78814415871757,89.17903899477028,0.525218397642035,0.9382597376589566,0.971630029033596,0.907105517909003,29.990142583847046,0.2908341884613037
MinMaxScaler,67,5,82.13193133714213,97.7533293420922,80.83254361026289,0.4255547603090893,0.8840527399732478,0.9786123907116668,0.8061568247821878,49.58202075958252,0.301271915435791
MinMaxScaler,70,5,74.62947924783714,96.73177022400449,57.28826647011337,0.2981859800026143,0.6925700426950964,0.9962930658525948,0.5307647628267183,30.014707803726196,0.336850643157959
MinMaxScaler,73,5,86.4067439899665,98.16133870162193,81.60471727914079,0.4505239406238268,0.8888653279331623,0.9824224242992406,0.8115779283639883,36.23213744163513,0.3186337947845459
MinMaxScaler,76,5,79.31075702129792,97.29389977456275,56.372187708399146,0.29034725120168425,0.6840687271248475,0.9954138619720394,0.5210842207163601,34.43020296096802,0.32964301109313965
MinMaxScaler,79,5,78.83708293966039,97.30146938786265,61.622968656768805,0.2965084948904016,0.7341341243981909,0.9866021828638651,0.5845498547918684,35.45493793487549,0.3209202289581299
MinMaxScaler,82,5,84.2687167435615,97.97956083601272,77.9544417535362,0.4345145678215487,0.8628872055709577,0.9889911929543634,0.7653049370764763,18.809659719467163,0.3488805294036865
MinMaxScaler,85,5,83.16518723098005,97.86684681235971,76.46625250078972,0.40437715797929746,0.8527506313824531,0.9850329781836631,0.7517909002904163,25.09166717529297,0.41678500175476074
MinMaxScaler,88,5,77.87107958015642,97.18382190367704,66.54382085570883,0.3206641257954407,0.776506447831184,0.9841901931649332,0.6412003872216844,24.50422763824463,0.34808921813964844
MinMaxScaler,91,5,83.8275120571043,97.9080946542499,78.64588817521323,0.4082340160142223,0.8688057963514038,0.9803396758966373,0.7800580832526621,36.5078866481781,0.3506460189819336
MinMaxScaler,94,5,75.16049438303428,96.86117911013459,65.68741005931697,0.320991281042846,0.769074502763736,0.9860682052213944,0.6303581800580833,34.31348943710327,0.348527193069458
MinMaxScaler,97,5,80.92822818482936,97.62073457254928,70.78024639359798,0.371219752395058,0.8094486026230859,0.9898119122257053,0.6846853823814134,40.297390937805176,0.35285258293151855
MinMaxScaler,100,5,84.46053091201165,97.96127987505531,79.0635639324699,0.4507217107298199,0.8705708768199275,0.9900799526206693,0.7768054211035818,34.22254395484924,0.34346818923950195
MinMaxScaler,103,5,90.18451854009001,98.56138182137146,88.3858060440139,0.5559373566340119,0.9326795922934511,0.9825960219478738,0.8875895450145208,22.021384954452515,0.35089635848999023
MinMaxScaler,106,5,88.54799275811209,98.35469679338095,82.6331122108736,0.48464252957014536,0.895240514905149,0.9876208716774887,0.8186640851887705,28.574281215667725,0.34834980964660645
MinMaxScaler,109,5,78.80752569555747,97.16774198233715,54.66638587624162,0.2696373911142788,0.6684975103947436,0.9913222196848596,0.5042787996127783,28.871500968933105,0.3490302562713623
MinMaxScaler,112,5,84.29249616373116,97.92348998280276,72.07539222912499,0.3318534501795612,0.8215983496277693,0.975973576261254,0.7093901258470474,53.85290575027466,0.3520650863647461
MinMaxScaler,115,5,83.29269732728439,97.82109757309948,65.45224807834053,0.33164544283392944,0.7664048223651423,0.9898847474252085,0.6252468538238142,22.735641479492188,0.8545336723327637
MinMaxScaler,118,5,93.85455511990293,98.9618930992445,92.22210522621178,0.6736348191211997,0.9555787194804154,0.990607206683014,0.9229428848015488,25.8089702129364,0.33209657669067383
MinMaxScaler,121,5,70.08632748700244,95.61895052824819,75.55368361938858,0.21449458386292408,0.8522015915119363,0.9427230046948357,0.777541142303969,22.27643847465515,0.3538210391998291
MinMaxScaler,124,5,81.1241948918982,97.47419715318544,65.6101926924292,0.30759698097699106,0.7691655279649436,0.9821310390469887,0.6321006776379477,22.41020107269287,0.36264538764953613
MinMaxScaler,127,5,81.64167905480727,97.46579374531528,60.98066055947492,0.28823944090987486,0.7287411853695435,0.9851563530808813,0.5782381413359148,27.973119735717773,0.34751176834106445
MinMaxScaler,130,5,82.60578261699985,97.72677352776728,69.78695026499597,0.35253599054267676,0.8021786091832513,0.9866583752614619,0.6758180058083253,28.33691382408142,0.33863210678100586
MinMaxScaler,133,5,85.3319380183865,98.02960618858971,76.8628689761679,0.4301513484627222,0.8548529152721508,0.990863151447093,0.751674733785092,28.257965803146362,0.35683441162109375
MinMaxScaler,136,5,94.69463299997312,98.51560038011587,95.9390684777649,0.7777151197611636,0.9774274733207172,0.9849795533186536,0.9699903194578896,27.619243144989014,0.3540616035461426
MinMaxScaler,139,5,87.56790649743753,98.08270177828537,84.08620266048928,0.4340804034337084,0.9063803427627504,0.9709356337093563,0.8498741529525653,27.792524099349976,0.3642125129699707
MinMaxScaler,142,5,94.12778751319001,98.62316738839179,92.62223158190307,0.6764363824599071,0.9580539591315453,0.9883888500020587,0.9295256534365924,28.735222339630127,0.3842809200286865
MinMaxScaler,145,5,80.40524506731717,97.42117977240217,64.18167140500509,0.3213287984614991,0.7557736029675721,0.9893483709273183,0.6114230396902226,27.98330569267273,0.3663794994354248
MinMaxScaler,148,5,86.01813376867935,97.89958503235736,72.67558176266189,0.3840032066410254,0.8241591940912069,0.9889418907198613,0.7064472410454985,28.449018716812134,0.37929296493530273
MinMaxScaler,151,5,85.59068954072981,97.89542867611405,69.1762310905198,0.3392785172461172,0.7977709206466173,0.9841486279188683,0.6707454017424975,28.19874882698059,0.38402390480041504
MinMaxScaler,154,5,89.6168800186494,98.36527178155119,81.18002176125793,0.4393642929447118,0.8861522782283748,0.9809617825412494,0.808054211035818,28.189935207366943,0.37502312660217285
MinMaxScaler,157,5,95.5003518546626,99.07607460829767,93.57691902706118,0.713675886978321,0.9635791903833141,0.9912779984439621,0.9373862536302033,34.33659791946411,0.3688180446624756
MinMaxScaler,160,5,85.98875372279663,97.87259803639286,75.47295637218771,0.384490743289315,0.8459231820787582,0.9822827589738338,0.7428073572120039,41.25560760498047,0.35749292373657227
MinMaxScaler,163,5,92.40481369132215,98.54447779263249,87.46972728229967,0.5552246091022577,0.9266820011500863,0.986618270870687,0.8736108422071636,41.07630777359009,0.4098498821258545
MinMaxScaler,166,5,76.66031464303637,96.91089376064565,62.03362465339932,0.2744451268176072,0.7393556781764294,0.9786935442714978,0.5940755082284608,32.42412877082825,0.43387484550476074
MinMaxScaler,169,5,89.13944701083305,98.52374542264339,80.87817205433294,0.47996201728763177,0.8829041826075743,0.9921742910970485,0.7953146176185867,30.748062133789062,0.3956789970397949
MinMaxScaler,172,5,85.5742275355867,97.99378250980412,80.04984030044575,0.3833663141700204,0.8796221779829726,0.9707380918992193,0.8041432720232333,41.25266075134277,0.3909745216369629
MinMaxScaler,175,5,92.9813121237715,98.84715316024233,83.72819486855498,0.514306084025152,0.9021693255676543,0.9913277373278301,0.8277250726040658,35.264782190322876,0.3953208923339844
MinMaxScaler,178,5,94.65152299691574,99.02094279716833,87.2591344635148,0.5747581772133518,0.9249348608296456,0.9924998890516132,0.8659825750242014,34.994633436203,0.37746763229370117
MinMaxScaler,181,5,90.96554002973154,98.52602190273596,88.78242251939209,0.5657912135162847,0.9351013280266418,0.9830920968361727,0.8915779283639884,35.631988286972046,0.39864444732666016
MinMaxScaler,184,5,93.14425314944418,98.87475062709322,89.84240637394265,0.6157900411506464,0.9411979843953185,0.9901671583087512,0.8968441432720232,33.82396578788757,0.3897416591644287
MinMaxScaler,187,5,88.83068056462325,98.30060535602462,83.06482748938261,0.47843487328731366,0.8984018024467794,0.9846302963168098,0.8260600193610842,35.106107234954834,0.3914182186126709
MinMaxScaler,190,5,95.37557380632671,99.15785439086179,97.37109964550208,0.8462807425832438,0.9854853399996124,0.9863837380712235,0.9845885769603098,34.50556540489197,0.4177117347717285
MinMaxScaler,193,5,90.32602439089928,98.43795066069609,81.32041697378119,0.47765735878832594,0.8861360718870347,0.9901506096103275,0.8018973862536302,41.083816051483154,0.3908500671386719
MinMaxScaler,196,5,93.24742753936306,98.90620474527849,84.51089817837212,0.5262110908449181,0.9073074418702346,0.9914616232096952,0.8363213939980639,31.99173092842102,0.40796494483947754
MinMaxScaler,199,5,93.10740463431443,98.94088505704339,82.88582359341547,0.5047309105501454,0.8965195246179966,0.9918760272364405,0.817889641819942,37.47678256034851,0.6742050647735596
MinMaxScaler,202,5,92.76820221512298,98.85545126393339,84.20553859113404,0.5272365066983999,0.9051793164482279,0.992881246244164,0.8317134559535334,35.52062368392944,0.41042137145996094
MinMaxScaler,205,5,85.04322692483383,97.91048486576295,72.23684672352672,0.35984695011510665,0.8216942428204319,0.9832227437017856,0.7057502420135527,24.946247816085815,0.40079307556152344
MinMaxScaler,208,5,94.67101189624609,99.09907128412485,89.25625636165807,0.603599823544632,0.9375879294525435,0.9901808785529715,0.8903000968054211,31.39468741416931,0.3592257499694824
MinMaxScaler,211,5,91.80084953474574,98.7376175794601,85.40591765820785,0.5428876025895994,0.9130743822385751,0.992230451179063,0.8456147144240077,22.574548482894897,0.3899836540222168
MinMaxScaler,214,5,96.19838647948531,99.23560253108828,97.03766101575935,0.8428407070411306,0.9834988660358176,0.9932472455870157,0.9739399806389157,47.238489866256714,0.35831499099731445
MinMaxScaler,217,5,94.36602325799262,99.04846518835994,85.94643922642237,0.5513728899346585,0.9165694282380397,0.9921956060811116,0.8516553727008712,27.13081669807434,0.42060279846191406
MinMaxScaler,220,5,93.87823577385149,99.01743375402808,84.77764908216629,0.5359524938833629,0.9089267340039059,0.992934483391448,0.8380251694094869,36.857653856277466,0.4651312828063965
MinMaxScaler,223,5,93.4014186024725,98.77418595305642,88.19978238742058,0.5568038164988064,0.9314521061860295,0.9836785668145214,0.8844917715392062,22.306143283843994,0.42041683197021484
MinMaxScaler,226,5,87.31363431370912,98.15137268667094,78.3686076304798,0.4518882145984767,0.865404354757693,0.992436385493889,0.7672023233301065,27.020025968551636,0.41908693313598633
MinMaxScaler,229,5,90.93552526563393,98.53112999581614,84.5705661436945,0.5271260607440159,0.9076974761684794,0.9914682812715013,0.8369796708615682,52.223493814468384,0.4543571472167969
MinMaxScaler,232,5,92.40661472241246,98.72048808180485,84.46175985398898,0.5228075871571113,0.9070446194225722,0.9907798165137615,0.8363601161665053,18.414670705795288,0.7991247177124023
MinMaxScaler,235,5,89.03243671518074,98.40854768876596,84.55652662244218,0.5016691900433239,0.9081534672066129,0.985145600289842,0.842323330106486,35.67275643348694,0.4386603832244873
MinMaxScaler,238,5,93.8751899978867,98.9064860549689,84.93208381594187,0.536950632259204,0.9099641366582076,0.9925878477306003,0.8400387221684414,29.60068368911743,0.42191004753112793
MinMaxScaler,241,5,92.93091811190939,98.86343788968371,85.4901547857218,0.5323468946782666,0.9138642330291287,0.9892191799359465,0.8491771539206195,42.92656469345093,0.46765971183776855
MinMaxScaler,244,5,91.07147115917411,98.55910508338454,84.92857393562879,0.5206864271094367,0.9102874811967241,0.9884749761785925,0.8435624394966118,32.94697141647339,0.6163990497589111
MinMaxScaler,247,5,89.64665803430529,98.6171598324154,84.21957811238637,0.5095255531744347,0.9056730446458543,0.9883236411923623,0.8357792836398839,19.910349369049072,0.4265599250793457
MinMaxScaler,250,5,95.74671257359356,99.16560320988755,91.72721210206733,0.6708140830427403,0.9524903751184213,0.9933153956108636,0.9148886737657309,68.12396335601807,0.5716526508331299
MinMaxScaler,253,5,87.03115493297332,98.07373864058066,72.45796918325085,0.39644073636304317,0.8218898245454752,0.9930342255375164,0.7010648596321394,15.534607410430908,0.40928030014038086
MinMaxScaler,256,5,84.19923180214222,97.95088833864116,71.3207679618125,0.3840241776598944,0.813264163448134,0.9922484943118447,0.6889835430784124,24.31667137145996,0.5134401321411133
MinMaxScaler,259,5,86.02875549477882,97.92054186272662,76.89094801867256,0.3664297153544091,0.8572048234579682,0.9743134644776413,0.7652274927395935,36.49313259124756,0.4180781841278076
MinMaxScaler,262,5,86.20919557091597,97.92273160341355,79.60408550068443,0.3997959762782397,0.8759896711410828,0.9757535418845679,0.7947337850919651,24.08553171157837,0.443037748336792
MinMaxScaler,265,5,79.40805482106248,97.4409545282046,72.7106805657927,0.40379768512684433,0.8235961429381735,0.9945205479452055,0.7028073572120038,23.917521953582764,0.5802280902862549
MinMaxScaler,268,5,95.2022710421071,99.12268523190642,95.44066547330736,0.762132054400904,0.9745408933226192,0.9866656083816175,0.9627105517909003,33.13818430900574,0.43058180809020996
MinMaxScaler,271,5,89.21252384732196,98.44428370668268,81.9030571057527,0.444223596491349,0.8911225610271137,0.9799823510287492,0.8170377541142304,38.59088110923767,0.4367709159851074
MinMaxScaler,274,5,79.19084756668353,97.37887404235114,66.21389210627918,0.3253764786786458,0.7733992467043315,0.9863104172921044,0.6360890609874152,38.688061237335205,0.4419233798980713
MinMaxScaler,277,5,92.9822046508723,98.78236711948783,84.97420237969885,0.5365574748309986,0.9102609789330259,0.9923217550274223,0.8407357212003872,33.063005447387695,0.4387352466583252
MinMaxScaler,280,5,93.18276979699911,98.90047591944455,94.59127443754168,0.7054915876647859,0.9699099837931775,0.9782574444619505,0.961703775411423,23.18160843849182,0.4308652877807617
MinMaxScaler,283,5,87.48547954994558,98.26034365073654,76.74704292583623,0.4289159953593576,0.854020227838618,0.9908477349422231,0.7503969022265247,24.906556844711304,0.6285691261291504
MinMaxScaler,286,5,93.78833745222367,98.8308899621266,94.45789898564459,0.7095980036118352,0.9690507458005841,0.9811859966658728,0.9572120038722168,33.45642971992493,0.4473893642425537
MinMaxScaler,289,5,93.74690647492464,99.01007462250836,85.65862904074972,0.5386085842078921,0.9148785467272197,0.9901249041800063,0.8502613746369797,21.447874546051025,0.44687628746032715
MinMaxScaler,292,5,75.13752397441084,96.92917459775133,67.28440560176898,0.31176866357692057,0.7833081483203533,0.9800465386852821,0.652352371732817,21.55166006088257,0.44431614875793457
MinMaxScaler,295,5,92.63129044603842,98.8159527073169,83.65799726229336,0.5143466377757053,0.9016808852098995,0.9915935163252984,0.8267182962245886,20.964511156082153,0.6950335502624512
MinMaxScaler,298,5,87.72096363877996,98.1665304514091,83.39124635849917,0.4173511406155605,0.9020208712936889,0.9693382581994571,0.8434462729912875,34.87175488471985,0.47003746032714844
MinMaxScaler,301,5,71.84874098485899,96.20473045600232,64.40279386472922,0.2668963790278221,0.7609822775263951,0.9721804058529536,0.6251694094869312,27.170639276504517,0.4450705051422119
MinMaxScaler,304,5,83.66380123588496,97.90305774802995,71.56996946404128,0.3708043240069203,0.8158756137479541,0.9878350855947597,0.6949080348499516,14.009642839431763,0.47161030769348145
MinMaxScaler,307,5,92.61108258671638,98.62589325609494,97.24123407391808,0.8276081762258335,0.9849321371060501,0.9753217662022097,0.9947337850919652,22.584060430526733,0.44527316093444824
MinMaxScaler,310,5,83.83159778327929,97.97543409085762,75.68003931065951,0.411097622666495,0.846537175256362,0.9888750905515885,0.7400193610842207,19.740808963775635,0.4989910125732422
MinMaxScaler,313,5,82.56928995075488,97.66387969093759,69.99052332315469,0.34820289407890015,0.8040608671738931,0.984953118859132,0.6793030009680542,22.633570671081543,0.5039646625518799
MinMaxScaler,316,5,86.39053471015382,98.05009107669869,68.61816012073987,0.3479645263654882,0.7926820785123009,0.9879204716217779,0.6618780251694095,24.650043487548828,0.43546175956726074
MinMaxScaler,319,5,77.23864751279785,96.9739908826565,70.59422273700466,0.32778702511271807,0.8099278551658424,0.977921437571906,0.691190706679574,34.06816744804382,0.8702044486999512
MinMaxScaler,322,5,78.82735010955064,97.43035808574369,73.74258537783862,0.3900735723849192,0.8323360003585917,0.9880280940725763,0.7190319457889642,26.397737979888916,0.5049691200256348
MinMaxScaler,325,5,79.25939713389141,97.48598335950629,72.36671229511073,0.39729628224870467,0.8211210324222389,0.993512205850011,0.6997095837366892,32.70012974739075,0.4986720085144043
MinMaxScaler,328,5,75.16681251629461,96.849307942487,67.95479274156752,0.3279739270424229,0.7881277267242179,0.9834366131927955,0.657541142303969,21.962504386901855,0.4615507125854492
MinMaxScaler,331,5,76.37507343922138,96.84747505512885,63.785054929626895,0.2719604860386859,0.7552424328683935,0.9747719061906803,0.6164181994191674,46.41199254989624,0.7139248847961426
MinMaxScaler,334,5,75.4687778914719,96.76512607510442,66.91586816889544,0.3061921891776635,0.780474172062043,0.9791386665108397,0.6488286544046467,31.58476161956787,0.5159618854522705
MinMaxScaler,337,5,88.08123594306126,98.14966382572966,96.0338352462181,0.7440935868521462,0.9784400518965123,0.9644187008688456,0.9928751210067763,46.38756775856018,0.503803014755249
MinMaxScaler,340,5,72.37792023029958,96.57171324523223,59.03267698571478,0.28204463077730957,0.71078844343129,0.9869263056492121,0.5553920619554695,26.53193736076355,0.8845622539520264
MinMaxScaler,343,5,77.27763693101397,97.06009898473886,65.41012951458355,0.32444865764891084,0.7664525914164514,0.9877229416076228,0.6261761858664086,27.377440690994263,0.47980833053588867
MinMaxScaler,346,5,74.18322513832717,96.80030468760255,63.911410620897826,0.30862076067143374,0.7541367766618843,0.9858705845576743,0.6106098741529525,39.40758419036865,0.4908275604248047
MinMaxScaler,349,5,77.88416828311628,97.16535154606629,71.33831736337791,0.37835139393725287,0.8136637458926615,0.9905550308350464,0.690377541142304,46.301764488220215,0.4980945587158203
Normalizer,1,0,69.88493444755187,94.56244263031924,60.48225755501737,0.2798174848489482,0.7246717042036535,0.983342182107778,0.5737463697967086,24.41313862800598,0.2648122310638428
Normalizer,4,0,65.1927255773285,93.16878797989891,51.91814959109894,0.23926020625256952,0.642501109110363,0.9852729310068833,0.47666989351403677,20.94191026687622,0.2670102119445801
Normalizer,7,0,56.2147584330739,89.30303023018338,55.55087571513811,0.1708758315591295,0.6855383392928089,0.9554924897902679,0.5345208131655372,26.565680027008057,0.2836298942565918
Normalizer,10,0,56.96124950889223,90.72899722502405,53.718718191709655,0.20821483720523712,0.6640680729644349,0.9706561406121993,0.5046660212971926,27.605929136276245,0.27657175064086914
Normalizer,13,0,50.478220232696124,87.30725103148878,52.827208592187006,0.13243482532169826,0.6615462100226643,0.9459848757652143,0.5086156824782188,48.63691782951355,0.29324960708618164
Normalizer,16,0,55.253330273517065,89.35360666506644,62.89003544979116,0.2214794062386986,0.7503836437896924,0.961287200580692,0.6153727008712487,36.251160860061646,0.29198670387268066
Normalizer,19,0,30.49026390189028,84.98329834412657,90.64967884595136,0.02607753204661502,0.95095187244541,0.9064902242970971,1.0,27.35003161430359,0.2972593307495117
Normalizer,22,0,31.905039183319552,83.75620452322636,66.6069987013443,0.00828072522191086,0.7923342209804863,0.9079993996698184,0.7028073572120038,23.395554542541504,0.2863762378692627
Normalizer,25,0,32.40711581573999,82.37749858992758,60.3453722228072,0.02185555906639129,0.7401563937442502,0.9114131973945058,0.6230784123910938,15.864927053451538,0.2893860340118408
Normalizer,28,0,36.12285355946925,83.63253949522966,58.067459899617425,0.03830192875780943,0.7189800766824266,0.9158077660594439,0.5917909002904163,26.532811880111694,0.2896463871002197
Normalizer,31,0,36.020708952649585,83.07563622532636,88.25945035274297,0.08578487354056284,0.9370424046225367,0.9116311433384604,0.9639109390125847,21.652708292007446,0.28484511375427246
Normalizer,34,0,24.114934832449634,81.82879310769833,90.64616896563827,0.01843927612863204,0.950934364356071,0.9064584064584065,1.0,21.38693642616272,0.28542041778564453
Normalizer,37,0,59.40916013127193,92.41295375144927,51.904110069846624,0.23978264406765923,0.6423033751859877,0.9855014418455623,0.4763988383349468,27.137041330337524,0.2790241241455078
Normalizer,40,0,53.39316871812338,88.58870231892315,51.05120915376785,0.15464512708670372,0.6411773786857408,0.9554482018250134,0.4824782187802517,18.886165618896484,0.300060510635376
Normalizer,43,0,23.904034091775607,80.9319027954123,90.6988171703345,0.07377652876220227,0.9511970534069981,0.9069359086918349,1.0,39.11497640609741,0.5581040382385254
Normalizer,46,0,38.46666894216294,84.18495689973918,51.282861254431225,0.05859979325279837,0.6523220279545113,0.9236717031992623,0.5042013552758955,33.3918833732605,0.3036990165710449
Normalizer,49,0,63.63510238643882,94.8736149072549,52.444631638061146,0.27285972683870696,0.6450074671836927,0.9973262032085561,0.47663117134559535,24.9871609210968,0.30499792098999023
Normalizer,52,0,57.98360480730057,92.78974993953854,52.11470288863149,0.2519162654502911,0.6434228065131596,0.9897877130910261,0.47663117134559535,27.66108226776123,0.29745936393737793
Normalizer,55,0,60.83463557079977,91.34766145787565,51.423256466954484,0.20717041975327316,0.6402204429655818,0.9739776951672863,0.4768247821878025,41.63679909706116,0.30349111557006836
Normalizer,58,0,57.77591542125609,92.94832480678056,52.16384121301464,0.2550324549175184,0.6436583261432269,0.9909032361938496,0.47663117134559535,41.227025747299194,0.300309419631958
Normalizer,61,0,58.60042600195064,91.20145877436335,51.51100347478151,0.21291086554161404,0.6406180900600921,0.9759828788839569,0.4767860600193611,34.315037965774536,0.30095601081848145
Normalizer,64,0,49.879163885840775,87.96447309552298,55.793057456740726,0.14099292710660405,0.6902589577748813,0.9458147998382531,0.5434269119070668,27.221851110458374,0.294583797454834
Normalizer,67,0,58.56239229216791,90.50498431072418,53.767856516092806,0.2103007854396346,0.6643905421932328,0.9713178872085226,0.5048596321393998,17.31880283355713,0.3084447383880615
Normalizer,70,0,45.118199201300804,87.28905833537186,55.37889157979713,0.10507398184427666,0.6890546655252537,0.9353253652058433,0.5454404646660213,26.86045527458191,0.3128798007965088
Normalizer,73,0,66.35553806166934,93.1699610609908,54.42420413463901,0.2536267339288246,0.6673838981531289,0.9858483426668685,0.504433688286544,39.68069386482239,0.3054683208465576
Normalizer,76,0,58.366546137986575,92.60230177004472,54.866449054087255,0.2485814684489057,0.6723237265244757,0.9831569533462513,0.5108228460793804,30.722742795944214,0.3189222812652588
Normalizer,79,0,70.91715620095731,95.30971345441482,73.91807939349269,0.2995964880550977,0.8371787287188589,0.9641667507822752,0.7397483059051306,41.97562217712402,0.32703113555908203
Normalizer,82,0,59.14383775033788,94.19193024952128,55.10512091537678,0.28684478161362786,0.671528722939832,0.9968740469655383,0.5062923523717329,42.12476444244385,0.31391429901123047
Normalizer,85,0,54.24849000246189,89.39853806779158,50.977501667193145,0.17967047024783986,0.6380574775195004,0.9645095581322469,0.47670861568247824,41.79331612586975,0.3334050178527832
Normalizer,88,0,59.013220875402794,93.08333896828913,52.13576217050998,0.25325164705857534,0.6435237223892302,0.9902654867256637,0.47663117134559535,39.60786247253418,0.3137507438659668
Normalizer,91,0,56.97726706604047,89.3826254318843,63.47969534238882,0.20273599875578116,0.756682178518813,0.955189514700673,0.62648596321394,46.63682460784912,0.31913256645202637
Normalizer,94,0,43.85449702212581,85.76851859459423,61.591379733951065,0.09797331894628829,0.7464374261417615,0.9293214862681745,0.6236979670861569,32.54212784767151,0.35634660720825195
Normalizer,97,0,62.147055640967366,93.8696022644183,52.25509810115475,0.25960808823236403,0.6442078832422253,0.992504835589942,0.476863504356244,17.48376774787903,0.32787585258483887
Normalizer,100,0,31.593886370915087,84.6127217961606,90.64616896563827,0.01843927612863204,0.950934364356071,0.9064584064584065,1.0,18.187257289886475,0.37069082260131836
Normalizer,103,0,67.68210784545118,94.25339464173146,52.1708609736408,0.2536581697493862,0.6438596032720906,0.9903521466473709,0.47697967086156823,14.992996454238892,0.33385705947875977
Normalizer,106,0,74.71653005216454,95.07205770119799,60.29623389842407,0.2702182023960431,0.7235986903191125,0.9805310906562479,0.5733591481122943,16.457998514175415,0.3402369022369385
Normalizer,109,0,61.60207525259824,91.69347562350933,51.66894808887017,0.21686448453933102,0.641928437695028,0.977198954952102,0.4779477250726041,17.52976655960083,0.5291738510131836
Normalizer,112,0,57.33420092680479,90.33253449711165,51.272331613491986,0.19464706736525864,0.6397862017072727,0.9695659012268009,0.477405614714424,31.121695041656494,0.3347756862640381
Normalizer,115,0,69.20190647855576,94.25182160211698,54.578638868414586,0.25854529864677483,0.6685449376328664,0.9873657134210925,0.5053630203291384,16.88578152656555,0.3747575283050537
Normalizer,118,0,22.183568641434313,79.76410675213587,90.677757888456,0.058319323245164825,0.9510919603727028,0.9067448474421544,1.0,20.494857788085938,0.424105167388916
Normalizer,121,0,62.06615158145781,93.13245225121346,54.45579305745674,0.2516301445261382,0.6678781673918608,0.9850509626274065,0.5052081316553727,23.894044637680054,0.4393291473388672
Normalizer,124,0,67.53338770316975,94.55133459976778,52.31125618616406,0.2629696767311229,0.644496192993014,0.9937066322414071,0.4769022265246854,24.37186026573181,0.3190426826477051
Normalizer,127,0,66.18883084759572,94.19055187786257,52.21297953739777,0.2575427620248137,0.6439498940871885,0.9917834702754954,0.47674733785091966,14.047177791595459,0.3698596954345703
Normalizer,130,0,65.48606270638328,93.59360688309242,52.03397564143063,0.24578972288034165,0.6431294719799446,0.9875691715454327,0.4768247821878025,13.332422256469727,0.3733949661254883
Normalizer,133,0,62.4413891468995,91.02063588805926,51.24776245130042,0.19549907701789157,0.6394455404423217,0.9699188912512796,0.4769409486931268,18.51984167098999,0.3739895820617676
Normalizer,136,0,61.97767302425801,93.32694349430128,52.11821276894458,0.25052240930390207,0.6435886717525342,0.9892378122239177,0.4769409486931268,23.859558820724487,0.5242009162902832
Normalizer,139,0,63.842347324488436,93.5204709073185,52.06907444456144,0.24801383312317812,0.6432974610803469,0.9883618267918773,0.4768247821878025,16.43198037147522,0.3675096035003662
Normalizer,142,0,58.58011211418537,91.57766426286092,51.70404689200099,0.2249080411910472,0.6415546524955715,0.9801798933375786,0.4768247821878025,24.14581298828125,0.40817952156066895
Normalizer,145,0,68.10900595429594,95.41788579531972,52.444631638061146,0.2718453400706703,0.6451004531524216,0.9969235751295337,0.4768247821878025,23.488248348236084,0.3623168468475342
Normalizer,148,0,74.75576783837778,95.95035590232756,55.01737390754975,0.28112697474815745,0.6711147608293985,0.9949022293235943,0.5063310745401742,25.044745922088623,0.41571593284606934
Normalizer,151,0,64.40133799180676,94.22727151740725,52.328805587729455,0.26347617322579886,0.6446363160648875,0.9938684953610327,0.4770183930300097,25.96568465232849,0.7947051525115967
Normalizer,154,0,58.387432288856346,93.56712335422773,52.32529570741637,0.26264600544705397,0.6446752295497946,0.9935494275116916,0.47713455953533396,35.33081126213074,0.5952534675598145
Normalizer,157,0,74.80456416136948,95.34262919608993,56.22126285493665,0.26626444918022296,0.6845073985076514,0.986943836615609,0.5239496611810261,26.363033771514893,0.3676307201385498
Normalizer,160,0,71.47230515276448,96.06071403401377,64.00266750903795,0.27470846578001207,0.7570013742121973,0.9752151883279409,0.6185866408518877,46.386786460876465,0.4038681983947754
Normalizer,163,0,62.481171599773134,89.12841358654481,81.9030571057527,0.2997152883485202,0.8944351173170632,0.9489942216622497,0.8458083252662149,23.875752210617065,0.415358304977417
Normalizer,166,0,70.7092605678041,95.60150812306787,52.43059211680882,0.26993943418158206,0.6451258149825875,0.9961992560245836,0.4770183930300097,23.097652912139893,0.3989274501800537
Normalizer,169,0,60.10716570720608,92.20977156517631,54.05917658207855,0.23390500501785272,0.6653371174349927,0.9793015203974108,0.5038141335914811,22.56639528274536,0.4084196090698242
Normalizer,172,0,69.70658008161286,95.40182844128708,52.40953283493033,0.2675885421486358,0.6451173868662811,0.9953157809723793,0.47721200387221685,22.191110610961914,0.4068925380706787
Normalizer,175,0,63.281965215408405,89.30687244247682,91.5622477273525,0.5087659200270629,0.9533891732588801,0.9547590384839424,0.9520232333010649,22.599939823150635,0.4109687805175781
Normalizer,178,0,49.135743277542524,85.89483113333473,68.02850022814222,0.14298346797315667,0.7976721974189822,0.9354032090018753,0.695295256534366,18.056666135787964,0.38660264015197754
Normalizer,181,0,37.71633615083345,84.08300564968422,92.08171001368854,0.37467464994087607,0.958099624828201,0.9206196237998359,0.9987608906098742,23.335906267166138,0.37875938415527344
Normalizer,184,0,68.33021905040636,95.60985813725163,52.47622056087887,0.2726354246695092,0.645364064955474,0.9971671388101983,0.4770571151984511,32.55271506309509,0.370502233505249
Normalizer,187,0,64.99678065692609,94.51001898976943,52.360394510547195,0.2650764092081849,0.6448253303676567,0.9944309927360775,0.47709583736689254,39.089768171310425,0.3690989017486572
Normalizer,190,0,62.08014588351831,90.40294773053805,63.637639956477486,0.23176201013722045,0.7563499529633114,0.963162623539982,0.6226524685382382,27.12084460258484,0.344249963760376
Normalizer,193,0,66.50474477283406,94.5552881498729,52.27264750272016,0.26132897161213803,0.6442363036994401,0.9931435024602726,0.47674733785091966,41.07102370262146,0.4027125835418701
Normalizer,196,0,65.52742396634977,92.78648508482095,54.48738198027448,0.24248497600111427,0.6689811860209839,0.9816451902906802,0.5073765730880929,40.645710468292236,0.38182616233825684
Normalizer,199,0,67.56992539519197,95.05648663850023,52.342845108981784,0.2657853573679867,0.6445735825349458,0.9947483235032722,0.47674733785091966,22.26631450653076,0.4008200168609619
Normalizer,202,0,68.71541893217739,94.34211226487632,58.72380751816363,0.2622672011351298,0.7092850786116879,0.9807889519381965,0.5555082284607938,39.783693075180054,0.40752720832824707
Normalizer,205,0,65.820229500744,93.93448608949089,54.56459934716226,0.25726578569544234,0.6685104094645463,0.9869197036140934,0.5054404646660213,24.415022373199463,0.43945860862731934
Normalizer,208,0,65.19356218531884,94.53491691641204,52.38496367273876,0.26704153516613166,0.6449062925348131,0.995153081832135,0.4770183930300097,23.685043811798096,0.5123109817504883
Normalizer,211,0,74.44474574597182,95.9024697307259,55.16478888069917,0.2804184474991134,0.6726797519602317,0.9943186122263465,0.5082671829622459,22.900914669036865,0.4155769348144531
Normalizer,214,0,69.1463432169756,95.44653492203858,52.455161279000386,0.2696755227303474,0.6454112350138737,0.9960410438716975,0.4773668925459826,26.93917179107666,0.35903239250183105
Normalizer,217,0,53.01100880253945,87.77718485740048,60.822715945386264,0.1650502497617471,0.7354850940802882,0.9477798815122458,0.600890609874153,19.17004156112671,0.3712589740753174
Normalizer,220,0,69.30520432625099,95.27800654795536,52.39900319399109,0.268135765873724,0.6449552332582857,0.9955548371453973,0.47697967086156823,25.044713258743286,0.3556499481201172
Normalizer,223,0,73.02206045218952,95.48993603575686,70.71355866764944,0.28831105663816725,0.8126459493443506,0.9671316337983005,0.7007163601161666,25.068239450454712,0.44783878326416016
Normalizer,226,0,72.50825823590458,95.74963696410354,54.89803797690499,0.27442382277198824,0.6704621223778017,0.9926342167210874,0.5061761858664086,29.793729782104492,0.4285922050476074
Normalizer,229,0,66.21652460549794,93.38730427830374,51.981327436734404,0.24205112515035357,0.6429149374885809,0.9862267777065984,0.4769022265246854,23.622526168823242,0.4373624324798584
Normalizer,232,0,67.0317366369666,94.70887033764316,57.59011617703836,0.2640973875565517,0.6981890845510179,0.9835327234342013,0.5411810261374637,24.115768909454346,0.49523425102233887
Normalizer,235,0,75.60533163300505,96.07402653444069,63.293671685795516,0.28801746779795684,0.7498804171051373,0.9806092450115719,0.6070474346563407,23.469367742538452,0.5293521881103516
Normalizer,238,0,63.21433359307882,93.63985901311716,54.813800849391036,0.2673381396945659,0.6702018649451789,0.9901597153886913,0.5065246853823814,19.112557888031006,0.5780661106109619
Normalizer,241,0,68.42346888755102,93.06480011637352,52.82018883156084,0.23237090392472048,0.6526435474701535,0.9809679173463839,0.4889835430784124,25.812399864196777,0.42736291885375977
Normalizer,244,0,72.13396621178528,95.78028426946837,52.38145379242568,0.2688455012148597,0.6447034175723452,0.995873786407767,0.47663117134559535,27.2817223072052,0.3778104782104492
Normalizer,247,0,71.25517052060692,95.4773430646738,52.37443403179951,0.266170327496157,0.644874244287995,0.9948320413436692,0.4770571151984511,19.06815218925476,0.38305187225341797
Normalizer,250,0,60.842926123592854,92.83792565022296,52.03046576111755,0.2457691770725708,0.643094038074844,0.9875681745267886,0.4767860600193611,28.980994939804077,0.4275193214416504
Normalizer,253,0,66.83121651661705,95.35712233843046,52.45867115931346,0.2729403453749637,0.6451494590133872,0.9973270694961931,0.4767860600193611,29.09459090232849,0.43459248542785645
Normalizer,256,0,67.99066659210786,93.47045239264902,51.974307676108246,0.23656838610539685,0.6433468004691776,0.9841307814992025,0.4778702807357212,18.84779405593872,0.6511979103088379
Normalizer,259,0,64.19603642440137,93.98426548508208,54.59618826998,0.255269222998384,0.6690036333862136,0.9861205400920269,0.5062149080348499,35.55477952957153,0.45339369773864746
Normalizer,262,0,70.74962399844878,94.6493682006426,52.216489417710854,0.25554089099595134,0.6441714584422373,0.9909931644551668,0.47717328170377543,43.40491008758545,0.4457411766052246
Normalizer,265,0,69.6105008827231,94.85474540056754,52.24807834052859,0.25936502289412605,0.6441555724112678,0.9924242424242424,0.4768247821878025,43.89779615402222,0.5603053569793701
Normalizer,268,0,69.76006925255031,95.13226922658498,55.13319995788144,0.27644136400443936,0.672692356932531,0.9928949357520787,0.5086544046466602,31.87774348258972,0.7259931564331055
Normalizer,271,0,67.78458360960038,94.894023356178,56.659997894071815,0.27689678715462956,0.6880242546740778,0.9898945837877136,0.5272410454985479,32.03055238723755,0.5836992263793945
Normalizer,274,0,17.075607720904088,82.62109329836626,9.35734091467481,0.0,0.0,0.0,0.0,29.9137122631073,0.4810495376586914
Normalizer,277,0,50.4633428444236,86.93205120315592,57.04257484819768,0.1342165702914326,0.7027420882617249,0.9425983841542872,0.5601936108422072,29.42672562599182,0.5019838809967041
Normalizer,280,0,24.867700468195466,82.55891443988979,91.57277736829175,0.30027655374162776,0.9555395070644224,0.915643409752289,0.9990706679574056,25.311904430389404,0.6240100860595703
Normalizer,283,0,67.2469409704798,93.02740574033216,54.47334245902214,0.22081141831810075,0.6706781425343388,0.9738976552130955,0.5114424007744434,25.036016941070557,0.4716756343841553
Normalizer,286,0,63.58411141991694,94.39303546530546,54.80678108876488,0.26649896254786887,0.6702013216536038,0.9898615419535447,0.5066021297192643,24.972033262252808,0.4692807197570801
Normalizer,289,0,72.991682576985,94.44765633120767,58.55884314344881,0.27133674649509915,0.7070296022431205,0.9841807129041171,0.551674733785092,25.51204824447632,0.7172889709472656
Normalizer,292,0,72.04604829813456,94.06614353700333,63.0339405426275,0.25861388991055767,0.7493813059204264,0.9720353108216556,0.6097192642787996,20.683066606521606,0.47431492805480957
Normalizer,295,0,57.52803835034267,93.35922853241954,52.27966726334632,0.26157206164704555,0.6442886295850557,0.9932241671372106,0.4767860600193611,26.32203221321106,0.7382490634918213
Normalizer,298,0,64.53678133957497,93.87402329492762,55.242006247586964,0.2637807699453359,0.6748597654258032,0.9879805897723031,0.5124491771539206,24.691747426986694,0.4998931884765625
Normalizer,301,0,68.5382686426689,94.63411641203456,54.42420413463901,0.25900400268988333,0.6669231755803514,0.9878419452887538,0.5033881897386253,21.25181531906128,0.5632972717285156
Normalizer,304,0,69.17865429571333,95.46857759953005,54.54003018497069,0.26907664493786926,0.6672489980474772,0.9913733872814718,0.5028460793804453,36.538116216659546,0.6125054359436035
Normalizer,307,0,21.679677905923725,81.85324655917996,9.35734091467481,0.0,0.0,0.0,0.0,28.92047643661499,0.4900326728820801
Normalizer,310,0,67.41745358895386,95.62596414949385,52.50429960338352,0.27685569280275485,0.6452762923351159,0.9987827639373529,0.47659244917715393,30.999829292297363,0.5316970348358154
Normalizer,313,0,63.848539095083545,93.40185329530203,52.083113965813766,0.24849973883670012,0.6434019433705986,0.9885223533188859,0.4769022265246854,26.606702089309692,0.6562862396240234
Normalizer,316,0,74.84673007554889,96.54059393462569,52.50780948369661,0.27687578455388884,0.6453118037170044,0.9987828627069133,0.47663117134559535,26.670823335647583,0.5416021347045898
Normalizer,319,0,69.51053058521164,95.89903623129187,52.4902600821312,0.2751510046089976,0.6452830188679245,0.9981353871098501,0.47674733785091966,24.01500701904297,0.6383419036865234
Normalizer,322,0,70.0203313170984,95.91114387067921,52.4902600821312,0.27576002797534954,0.6452272369869476,0.9983778084191743,0.47663117134559535,24.182158708572388,0.6394579410552979
Normalizer,325,0,32.994806784948906,87.74988513210528,89.29486504510196,0.13601901120900253,0.9428175034684465,0.9138952495184095,0.9736302032913843,21.352890014648438,0.5200920104980469
Normalizer,328,0,74.15743480884741,96.50747843034789,52.51482924432277,0.2775252254925208,0.6453270415519727,0.999025974025974,0.47659244917715393,21.40182590484619,0.5021052360534668
Normalizer,331,0,70.43159531412378,95.98670678689156,52.46218103962656,0.2751930886939027,0.6449803407601573,0.9982150101419879,0.4763988383349468,34.22110414505005,0.5129592418670654
Normalizer,334,0,68.95468300763477,95.12042398490554,52.36390439086027,0.26732537604232137,0.6446562287270252,0.9953108577896354,0.47670861568247824,34.36486268043518,0.5023202896118164
Normalizer,337,0,69.54105225241452,95.44046348851978,52.42357235618266,0.27091293835488417,0.6449618900442652,0.996600291403594,0.47674733785091966,27.73996591567993,0.5008766651153564
Normalizer,340,0,73.36472985622979,96.34012081478099,52.427082236495735,0.2743828632934107,0.6446809626173124,0.9979709439168899,0.47612778315585674,18.959040641784668,0.500032901763916
Normalizer,343,0,77.40211287090892,96.81443383346009,52.486750201818126,0.2755368937792392,0.6452103263006159,0.9982968369829683,0.47663117134559535,23.836877822875977,0.4770936965942383
Normalizer,346,0,76.52655032102653,96.68274864051871,52.49727984275736,0.2762063134762859,0.6452610610190815,0.9985397907033341,0.47663117134559535,27.578994035720825,0.48886537551879883
Normalizer,349,0,74.46988465412578,96.43577007452596,52.451651398687304,0.274320674716971,0.6449482374524964,0.9978913219789132,0.4764375605033882,20.04078722000122,0.4933643341064453
Normalizer,1,1,60.39565457676132,92.51844094335007,71.99817486223719,0.2446464962265664,0.8245436551572466,0.9542377195215067,0.7258857696030978,19.939226150512695,0.3725574016571045
Normalizer,4,1,41.61631283910038,85.67403887880857,67.46691937804921,0.0902251466590178,0.7955533008359618,0.9242517425174251,0.6983155856727977,24.982179880142212,0.2868504524230957
Normalizer,7,1,40.87643837387226,85.78870552033537,65.18549717454634,0.0998074968693522,0.7767147648740518,0.9276266265189805,0.6680348499515973,29.802961587905884,0.3672976493835449
Normalizer,10,1,49.236998988372456,88.1125529268475,53.19925590537362,0.15838974943541154,0.6630786335152618,0.9541851501708967,0.5080735721200387,30.302159309387207,0.3854973316192627
Normalizer,13,1,54.802433425394106,89.1409309903465,53.67659962795268,0.17656229150393113,0.6663633146266242,0.9597320323308818,0.5103581800580832,50.75196719169617,0.40311741828918457
Normalizer,16,1,54.31559729235309,89.40535773801982,53.10097925660735,0.1780761411368981,0.6603629708708251,0.9610120588888067,0.503000968054211,27.24406409263611,0.2759385108947754
Normalizer,19,1,53.83093256373146,90.43454861211569,51.48643431258995,0.2123626887245126,0.6404079296529476,0.9758185998572901,0.47659244917715393,37.90094447135925,0.46840500831604004
Normalizer,22,1,51.25652565125793,89.04097703120622,50.87922501842688,0.17388310902648632,0.6375572993551395,0.9625430090710041,0.47663117134559535,29.216980457305908,0.28557682037353516
Normalizer,25,1,56.86107877404976,91.44811701191956,51.711066652627146,0.22575410526011253,0.6415507269032359,0.9804889702954528,0.47674733785091966,50.95103859901428,0.41355085372924805
Normalizer,28,1,61.25987353566369,93.76458529745456,52.24105857990242,0.26094361006990396,0.643935627371451,0.9930589184826473,0.4764375605033882,34.7505738735199,0.31377410888671875
Normalizer,31,1,41.0594565388685,85.08423251805665,49.5384507388298,0.07241414068897686,0.6329682673406346,0.9288925520755282,0.48003872216844146,26.005176067352295,0.36485958099365234
Normalizer,34,1,62.30636265068203,94.48541854716714,52.39198343336492,0.2695144124859137,0.6447540725996543,0.9961155620296188,0.47663117134559535,26.6600444316864,0.30724620819091797
Normalizer,37,1,60.986025305939265,93.79906704732986,52.219999298023936,0.26223943614169487,0.643592093205917,0.9936135812449475,0.47593417231364954,26.61872172355652,0.3118729591369629
Normalizer,40,1,63.13081222871062,93.19808233837222,52.04099540205679,0.2444182987190759,0.6433307230488123,0.9870244293151782,0.47717328170377543,23.75702714920044,0.3100447654724121
Normalizer,43,1,59.35505948123042,92.22573247768595,51.88656066828121,0.23504390864814287,0.6425554106910039,0.9837125748502994,0.47709583736689254,16.608975887298584,0.2964000701904297
Normalizer,46,1,63.072782716492284,89.56471086890893,91.5446983257871,0.44165559681199845,0.9539766539938482,0.941511426201071,0.9667763794772507,22.47101378440857,0.30318760871887207
Normalizer,49,1,55.640084270825696,89.98995442708924,54.17500263241023,0.1958545593139227,0.669769324160259,0.9656480198380862,0.5126815101645692,28.21398377418518,0.3008308410644531
Normalizer,52,1,56.26955916132954,91.21684028412156,51.64086904636552,0.220713476403016,0.641272651530931,0.9787014225542399,0.476863504356244,22.07556962966919,0.2991311550140381
Normalizer,55,1,59.818633264318024,93.3814893450845,52.2270190586501,0.257624288673979,0.6440917292053447,0.9917861169270414,0.4769022265246854,25.113949060440063,0.46083974838256836
Normalizer,58,1,38.74411487673467,87.47431236954857,86.146502404268,0.14129181818808834,0.9240128602506594,0.9188299257217245,0.9292545982575025,37.398112773895264,0.3365356922149658
Normalizer,61,1,48.6607256848094,86.65936186630994,84.69692183496544,0.256024546503237,0.9135606661379857,0.9360146252285192,0.8921587608906099,30.383134365081787,0.32212257385253906
Normalizer,64,1,57.49851015512832,89.6716754685144,75.32905127935138,0.2275489252341725,0.8501630747585854,0.9456985677700844,0.7721587608906099,29.839481592178345,0.37929320335388184
Normalizer,67,1,56.457647809822745,91.25573479435607,51.66894808887017,0.22188521097843508,0.641462271520075,0.9790954614100628,0.47697967086156823,30.274126529693604,0.345334529876709
Normalizer,70,1,62.38688471730711,91.98075777090145,61.745814467726646,0.25369524261775594,0.7380866556124288,0.972700785406638,0.5946563407550823,30.689720153808594,0.38147711753845215
Normalizer,73,1,44.15894535105218,85.5641384891912,52.097153487066095,0.09048308654454001,0.6577904819216689,0.9331294017215622,0.507918683446273,31.05098581314087,0.4671134948730469
Normalizer,76,1,63.274267259941794,92.7117537884634,51.861991506089645,0.23489903935092835,0.6423075919985395,0.9837034670075092,0.4768247821878025,31.027061462402344,0.33335447311401367
Normalizer,79,1,54.86633226554461,90.19881248272095,53.58885262012565,0.20285784173221777,0.6632026693156058,0.9689639773742185,0.5041239109390125,41.22294735908508,0.4689979553222656
Normalizer,82,1,75.6166127688747,94.9814561898328,69.29907690147766,0.33346844280357957,0.7990719683917947,0.9822114298622092,0.6734946757018393,22.36091184616089,0.33235645294189453
Normalizer,85,1,72.71912557035677,95.40460669121191,52.3393352286687,0.26434709171319415,0.6446683239565616,0.9941888619854722,0.47697967086156823,33.61983299255371,0.32274603843688965
Normalizer,88,1,51.88840288484512,90.34348456338472,51.503983714155346,0.21327033004545387,0.640509951866788,0.9761300555114988,0.47663117134559535,34.70479345321655,0.3295118808746338
Normalizer,91,1,46.4559658791755,86.53541359463543,65.96820048436348,0.12233441162496748,0.7820143884892087,0.9322969713213616,0.6734559535333978,34.32385206222534,0.3366427421569824
Normalizer,94,1,42.514390456278164,85.70480117696425,71.45063353339651,0.11071084691188254,0.8253906920831187,0.926104340286141,0.744433688286544,28.770434141159058,0.33237242698669434
Normalizer,97,1,65.58817681186994,92.7624677421836,53.98195921519077,0.23661203018048227,0.6643111350078091,0.9804262394195888,0.5023426911907066,34.46884870529175,0.3422698974609375
Normalizer,100,1,56.141815221472356,90.03624548305304,76.45221297953739,0.2180526444940971,0.8585703143116133,0.9422543031649084,0.788538238141336,29.5210382938385,0.3441946506500244
Normalizer,103,1,65.05191254251123,93.13312070989915,51.93218911235127,0.23752879735414834,0.6428105683211184,0.9845797379354426,0.47717328170377543,24.498366594314575,0.37801551818847656
Normalizer,106,1,64.94318255265655,92.40362016479047,51.88656066828121,0.22458583746230024,0.6435221303375461,0.9797291947105867,0.479109390125847,24.877826929092407,0.36387014389038086
Normalizer,109,1,69.87854804940345,94.64456259847425,52.18490049489313,0.256368286100756,0.6437593159174708,0.9913820876288659,0.47663117134559535,24.664018392562866,0.41697192192077637
Normalizer,112,1,66.15288720534441,92.53360237440047,64.60636692288793,0.25802552743476137,0.7632752711394901,0.9692362725809336,0.6295062923523718,26.55820870399475,0.3976120948791504
Normalizer,115,1,66.28082432031049,94.18030273582049,54.73307360219016,0.2624682749364906,0.6697903064751517,0.9885126964933495,0.50648596321394,26.621941089630127,0.3637211322784424
Normalizer,118,1,66.08024900707268,91.54556441015406,51.3249798181882,0.1999679605920369,0.639848335324365,0.9714533554136109,0.4770183930300097,26.220839500427246,0.3760340213775635
Normalizer,121,1,69.30098061785533,94.50970382076396,52.219999298023936,0.25616784397071213,0.6441510913606064,0.9912308930008045,0.47709583736689254,26.637043476104736,0.5112044811248779
Normalizer,124,1,55.7268198947123,89.3913392528486,64.29398757502369,0.1784156999627192,0.7650957120096058,0.9476604507493421,0.6415101645692158,26.60106110572815,0.3556985855102539
Normalizer,127,1,66.70391702475473,93.05015116077782,51.7953037801411,0.2296730820258167,0.6420827686854998,0.9818283254961345,0.4770183930300097,27.251169204711914,0.5007538795471191
Normalizer,130,1,60.708820477142524,90.26408519706723,53.31859183601839,0.17845148178231915,0.6625564520221241,0.9608506880565163,0.505595353339787,24.8419246673584,0.37404417991638184
Normalizer,133,1,65.08084233062137,92.74784040531799,62.47937945316065,0.26216057861729475,0.7441849334737245,0.9740650253711708,0.6020909970958374,25.10550594329834,0.37446022033691406
Normalizer,136,1,53.88005568671935,87.90472607700977,51.746165455757954,0.13228403559689014,0.6504805003305029,0.9469982974313421,0.4953727008712488,24.895123720169067,0.3655674457550049
Normalizer,139,1,63.0014066924282,90.90786836139179,54.038117300200064,0.20683782212893534,0.6674454630875892,0.969672373081464,0.5088480154888674,22.990095853805542,0.3922240734100342
Normalizer,142,1,67.56386870192863,93.28172668687988,58.98002878101857,0.255578826789826,0.7122208268695673,0.9780873799540105,0.56,34.677932024002075,0.3855748176574707
Normalizer,145,1,67.54538053680893,91.68928685967896,76.21003123793479,0.34004145455428264,0.853016437524396,0.9693922815318645,0.7615876089060988,22.90306067466736,0.34665513038635254
Normalizer,148,1,59.35616479143988,89.23406937829135,92.33091151591731,0.4716905170421539,0.9584955836261754,0.9407158836689038,0.9769603097773475,25.164012670516968,0.33498597145080566
Normalizer,151,1,63.39832344339715,93.34693012716998,52.08662384612685,0.24730891390547782,0.6435491030629031,0.9880532392559332,0.47717328170377543,31.325583934783936,0.3461427688598633
Normalizer,154,1,27.465146054180533,81.74009557015897,91.10245340633884,0.22816772026922452,0.9530198854685965,0.9139119926068102,0.9956243949661181,43.17263889312744,0.37358546257019043
Normalizer,157,1,56.17271161933755,91.26691878192953,51.735635814818714,0.2240903329763163,0.6419663082250632,0.9798124304562073,0.4773668925459826,43.1988525390625,0.3807518482208252
Normalizer,160,1,58.29776998944798,91.82886576036863,54.51195114246604,0.23232734327070362,0.6700946950412382,0.9779329816479679,0.5096611810261374,21.958059787750244,0.3635592460632324
Normalizer,163,1,61.38463560711087,92.2017065856018,56.69860657751571,0.2487898485513361,0.6906391835301788,0.9798633840899388,0.53324298160697,22.57411551475525,0.3822672367095947
Normalizer,166,1,47.58722546076984,86.61869903663717,93.46460285704258,0.5291212916602523,0.9651506644207374,0.9340336895489948,0.9984123910939012,34.12602734565735,0.3834402561187744
Normalizer,169,1,61.90398180377621,93.50991584778409,52.17788073426696,0.25329486694951125,0.6439677023178029,0.9901960784313726,0.47713455953533396,27.555864572525024,0.3771486282348633
Normalizer,172,1,49.04113249996913,86.67872335513586,57.66031378329999,0.12937109499350347,0.708911464491687,0.9406378073770492,0.5687899322362052,24.179620504379272,0.38823938369750977
Normalizer,175,1,58.434858956752734,91.68636052998671,51.74265557544487,0.22614252245934535,0.6418505300997681,0.9805794333014963,0.4770571151984511,32.37683153152466,0.48958468437194824
Normalizer,178,1,63.45325779654013,91.3286380871468,53.64852058544803,0.2028325776786838,0.6638154880097755,0.9688637883629337,0.5048596321393998,23.22209882736206,0.3895742893218994
Normalizer,181,1,40.55954840597855,86.65644980588205,70.49243620792531,0.08492374749370096,0.8191226145140816,0.9216616636002711,0.7371151984511133,22.93785262107849,0.5432124137878418
Normalizer,184,1,60.37698195119931,88.45946845441293,86.2623284545997,0.2838075791656354,0.9231011041691226,0.9369441231603717,0.9096611810261375,40.049033880233765,0.3882772922515869
Normalizer,187,1,73.00977858210922,93.9970500533745,68.5760415569829,0.312642613386235,0.794103442724743,0.9777437988447163,0.668538238141336,24.94780659675598,0.3916757106781006
Normalizer,190,1,71.26602028048154,94.31688539156217,52.12172264925766,0.24771613772537013,0.6438846103641822,0.9881410256410257,0.4775217812197483,28.055524349212646,0.38887929916381836
Normalizer,193,1,49.07806525687569,87.81989727349543,54.28731880242884,0.10596701737541032,0.6783562185122988,0.936387809367969,0.5318102613746369,39.846596002578735,0.6051418781280518
Normalizer,196,1,60.774253098608625,91.08937151190408,53.84858376329367,0.20684438182748685,0.6655134695123502,0.9699688565920214,0.5065246853823814,39.65283703804016,0.38600826263427734
Normalizer,199,1,56.26507546538135,90.68821698087945,51.4372959882068,0.20444893353658164,0.6406233766233767,0.9729388560157791,0.4775217812197483,45.86869668960571,0.3957986831665039
Normalizer,202,1,67.02195587619073,91.47292446031364,51.25127233161349,0.19431982326010225,0.6395931183018917,0.9694776589049717,0.47721200387221685,57.80481743812561,0.40324831008911133
Normalizer,205,1,57.24329388252194,90.86351189169311,57.790179354883996,0.22064016390255042,0.7034278668310727,0.9685568760611205,0.5522555663117135,57.1318736076355,0.41056370735168457
Normalizer,208,1,64.87573393832484,89.95701044760297,78.51602260362922,0.23782674212625607,0.8726251170533763,0.9431848852901484,0.8118877057115198,23.99447727203369,0.36150121688842773
Normalizer,211,1,72.39770107095988,94.63126203833396,52.14629181144923,0.2531108372417771,0.6436487192890747,0.9901889827100925,0.4767860600193611,21.971178770065308,0.3955085277557373
Normalizer,214,1,40.52977039032266,86.17517802130502,67.69857147871258,0.08644986136641984,0.797544932573641,0.9233394458027709,0.7019167473378509,25.158871173858643,0.36862993240356445
Normalizer,217,1,48.61150524804482,87.64123111023837,59.71359376645257,0.14215213294818363,0.726961320709834,0.9424535866280146,0.5916747337850919,35.341850996017456,0.516822099685669
Normalizer,220,1,53.74797765269004,88.91417054267285,53.32912147695763,0.17536170204907214,0.6629318867398413,0.959776864357017,0.5063310745401742,27.727201461791992,0.5758919715881348
Normalizer,223,1,77.40235252423948,95.13659554018297,78.7055561405356,0.30208794177947124,0.8722763731289868,0.9557575198376084,0.8022071636011616,28.99479055404663,0.5212712287902832
Normalizer,226,1,80.27567685725884,94.9787120054207,93.91386753711699,0.6280215441625457,0.9665715607649599,0.9624524897301032,0.9707260406582768,18.531137704849243,0.3765709400177002
Normalizer,229,1,69.943741017539,93.56952968652921,56.84602155066513,0.25070999975139285,0.6919395655333116,0.9802640920062473,0.534675701839303,22.91103458404541,0.3757181167602539
Normalizer,232,1,27.858783185631843,83.09392130334957,90.64265908532519,0.0165365994603803,0.9509132420091324,0.9064836592129744,0.9999225556631172,23.28534173965454,0.3676161766052246
Normalizer,235,1,19.597720824204114,81.03117565606662,90.62159980344671,0.0018084514541002734,0.9507991456139059,0.9064354176175262,0.99972894482091,22.928062438964844,0.43469977378845215
Normalizer,238,1,60.687029453394324,90.61819919771699,51.27935137411814,0.19069091804605895,0.6402301531762693,0.968098448032607,0.47825750242013554,22.806843280792236,0.38584375381469727
Normalizer,241,1,74.12936632028288,95.49961973664398,65.63125197430767,0.27173078986119165,0.7713645278789577,0.9714756219490678,0.6396127783155857,22.761054515838623,0.5108397006988525
Normalizer,244,1,55.14208029258041,88.68954355842608,50.79498789091292,0.1538562815668357,0.6385458295732886,0.9554783950617284,0.4794966118102614,35.08863139152527,0.5187711715698242
Normalizer,247,1,68.44044070068824,91.53269947846854,56.863570952230525,0.2122396502261151,0.6951128752170678,0.9672074559889541,0.5424975798644724,43.9337842464447,0.4368116855621338
Normalizer,250,1,78.09503053401299,94.39908210546655,73.56358148187147,0.3215632593254111,0.8336351990104696,0.9702812483932336,0.7307260406582768,37.197779178619385,0.4257237911224365
Normalizer,253,1,65.73619832838172,92.1410674548316,56.68456705626338,0.23790551044279593,0.6913592597223959,0.9761299435028249,0.5352178121974831,35.50875282287598,0.4213721752166748
Normalizer,256,1,59.882231448472,91.08570516209316,65.22410585799024,0.22603411212587862,0.7704036705751495,0.9592590455306135,0.6436786060019362,27.02070140838623,0.5113065242767334
Normalizer,259,1,66.7797070274345,92.53211245110036,69.43245235337476,0.3096547500758146,0.8013140784340566,0.9752332296756997,0.6800387221684414,21.001777172088623,0.4308300018310547
Normalizer,262,1,71.04900474876706,93.71002117334616,71.36639640588255,0.32298277277363846,0.8163439891940567,0.9750470556601237,0.7020716360116166,31.650803804397583,0.42821288108825684
Normalizer,265,1,67.0877065829865,93.77654838579524,55.38942122073637,0.24943462731227287,0.6775421148772073,0.9824884114487529,0.5170571151984511,39.12482976913452,0.4356815814971924
Normalizer,268,1,53.57774245110165,88.02086782189032,79.11270225685304,0.2286173753129215,0.8769920833419459,0.9405870355591026,0.8214520813165537,22.361817359924316,0.46355342864990234
Normalizer,271,1,72.81113501996022,94.66816949899449,54.74009336281633,0.26270992208374305,0.6698415136851269,0.9885882708585247,0.5065246853823814,16.764641046524048,0.46055078506469727
Normalizer,274,1,66.04618192302189,92.5578837934114,65.60317293180302,0.24862458070180096,0.7724000185795903,0.9649509661695584,0.6439109390125847,21.636653184890747,0.4091067314147949
Normalizer,277,1,66.76348322317753,93.52643671297066,51.93569899266435,0.2411782344321967,0.6425103117005169,0.9859786876051598,0.47651500484027104,33.40267825126648,0.4055042266845703
Normalizer,280,1,66.35718658609473,93.27224623969954,60.935032115404866,0.26159442794021776,0.7301294796566606,0.976584290069404,0.5830009680542111,32.61592173576355,0.4181644916534424
Normalizer,283,1,67.41272297745297,92.57430002881995,67.68453195746025,0.23949469832512693,0.7903449846293977,0.959314538419016,0.6719845111326235,15.358607530593872,0.44290781021118164
Normalizer,286,1,69.05218850695249,93.40899334846698,51.91814959109894,0.23523022942135027,0.6428739018222581,0.9837242699856391,0.4774443368828654,16.31814193725586,0.4463839530944824
Normalizer,289,1,67.08802321587173,93.54039915371074,52.01642623986522,0.2436690269560148,0.6431386880367538,0.9867830823454021,0.4770183930300097,16.81355905532837,0.44605135917663574
Normalizer,292,1,25.732623862645237,82.09187679801784,91.40781299357693,0.2743426111176354,0.9546465095598043,0.915207275052396,0.9976379477250726,32.933756589889526,0.455686092376709
Normalizer,295,1,72.14449643388582,94.70459829432617,54.58565862904074,0.2579907490364714,0.668664054697703,0.987146529562982,0.5055566311713456,24.90706515312195,0.4525129795074463
Normalizer,298,1,67.21999086412455,92.68603080778529,51.721596293566385,0.22702343942241235,0.6415448362129622,0.9809531399426203,0.47663117134559535,26.8645441532135,0.4440314769744873
Normalizer,301,1,54.572608786272085,89.15831197287653,58.025341335860446,0.1830513829142689,0.7084521806967503,0.956298538896933,0.5626331074540174,31.3268141746521,0.48194432258605957
Normalizer,304,1,56.94716370283277,91.55627600019413,54.42069425432593,0.24048826999549924,0.6684707684452387,0.9810415886099663,0.5069506292352371,18.089425802230835,0.45868825912475586
Normalizer,307,1,45.98207538331825,88.9943322702585,68.91299006703872,0.11760428939119388,0.8057377228960586,0.9291784702549575,0.7112487899322362,17.302977323532104,0.5157451629638672
Normalizer,310,1,20.86036126650249,80.74158493048398,9.35734091467481,0.0,0.0,0.0,0.0,17.25242781639099,0.5727658271789551
Normalizer,313,1,71.29622386235475,93.7147120787244,54.55406970622302,0.24567265336879374,0.6693902563578796,0.9826823599970013,0.5075701839303001,16.880802154541016,0.5707721710205078
Normalizer,316,1,20.769836215104114,81.1175325143216,9.35734091467481,0.0,0.0,0.0,0.0,17.126776695251465,0.49828553199768066
Normalizer,319,1,49.89555472120693,85.95499914713815,77.12260011933593,0.23910137621914998,0.8627616119930939,0.9454981771193871,0.7933397870280736,17.060011386871338,0.4791080951690674
Normalizer,322,1,58.74641990604137,90.94951226506478,62.34600400126355,0.2291635307982958,0.745069150705765,0.9643230608353325,0.6070474346563407,22.934442043304443,0.4751770496368408
Normalizer,325,1,18.007683431022322,78.9568804180862,91.0182162788249,0.23377582758189572,0.9524605695814524,0.9154049421511212,0.9926427879961278,37.55102229118347,0.6493167877197266
Normalizer,328,1,60.20076994079111,91.84842223528419,51.66894808887017,0.21586115994112468,0.6420215255030417,0.9768214539988925,0.4781413359148112,43.87166929244995,0.47843408584594727
Normalizer,331,1,18.325148566909395,79.6596719685352,9.35734091467481,0.0,0.0,0.0,0.0,37.97580885887146,0.5000805854797363
Normalizer,334,1,61.11442720312217,90.77866493350133,51.21617352848268,0.19350767271713537,0.6392961876832844,0.9692319798552094,0.4769409486931268,38.48388600349426,0.49802231788635254
Normalizer,337,1,73.28081342697726,94.0737303261594,67.83194693060966,0.2951321205442559,0.7887810836348551,0.9742115450301719,0.6626524685382381,43.07063102722168,0.5018289089202881
Normalizer,340,1,21.283634074055787,79.79557200865027,89.87399529676038,0.15951724350679108,0.9460798056256424,0.914378612716763,0.9800580832526622,34.53081393241882,0.6516551971435547
Normalizer,343,1,20.07738623910576,80.94164932114631,9.35734091467481,0.0,0.0,0.0,0.0,31.845353364944458,0.5301251411437988
Normalizer,346,1,20.265419694710708,81.67795996195699,9.35734091467481,0.0,0.0,0.0,0.0,40.10292148590088,0.7767555713653564
Normalizer,349,1,60.1217961799259,92.61686596269114,54.76115264469481,0.2552806882982102,0.6706865275045352,0.9858044164037855,0.5082284607938045,30.87772035598755,0.714118242263794
Normalizer,1,3,44.46199642843915,87.57637422393641,65.27324418237338,0.10828966733109718,0.7770114942528735,0.9295227824211377,0.6674927395934173,47.32708024978638,0.3088092803955078
Normalizer,4,3,37.72454100940531,85.08510629629374,64.18869116563125,0.07599512082290749,0.7696995688779541,0.9227189089728326,0.6602129719264279,44.64495277404785,0.2818262577056885
Normalizer,7,3,60.87520379610876,92.75653664991924,51.93569899266435,0.24057317109560145,0.6425662977657131,0.9857451749819812,0.47663117134559535,50.55921292304993,0.28406620025634766
Normalizer,10,3,54.09250473315328,89.96020508648535,51.26180197255273,0.19718487608532517,0.6394370585791441,0.9705210057539213,0.4767860600193611,24.44027805328369,0.29587364196777344
Normalizer,13,3,42.312582017721276,84.70245353003008,87.94005124425257,0.10829151712509305,0.9350300646673978,0.9136765086286538,0.957405614714424,26.71493101119995,0.2750232219696045
Normalizer,16,3,51.897772603847955,88.14784971200457,59.67849496332175,0.17072648981559718,0.7247196396050992,0.950650656943484,0.5855566311713456,27.18682622909546,0.2860591411590576
Normalizer,19,3,51.89561572387289,89.29283442130527,50.98101154750623,0.18029079424362707,0.6380364918100767,0.9647307782741594,0.47663117134559535,30.082910299301147,0.397930383682251
Normalizer,22,3,59.82527965001899,90.09443844177855,56.91972903723983,0.20518090149241666,0.6962031582594921,0.9648075735748096,0.5445885769603098,34.37898135185242,0.2903318405151367
Normalizer,25,3,62.53930278310139,92.26343752786413,54.42420413463901,0.24050979871992847,0.6685047611753593,0.9810430091413157,0.5069893514036786,35.420918703079224,0.48539280891418457
Normalizer,28,3,50.373426367240405,88.78198040733683,50.80902741216524,0.16946602084087412,0.6372272409598012,0.9610399750156152,0.47663117134559535,29.89758849143982,0.29319310188293457
Normalizer,31,3,29.171464695796406,82.05442287575588,90.68828752939525,0.06649776148177437,0.9511445039868884,0.906840368003371,1.0,43.4457848072052,0.5526344776153564
Normalizer,34,3,42.50600113726398,85.44094602168799,52.76403074655154,0.09240954709973463,0.6643555466879489,0.9332912900287296,0.5157405614714424,27.97202229499817,0.2984497547149658
Normalizer,37,3,57.17410378732147,91.54488448125736,51.746165455757954,0.22716898863694396,0.6417926003126628,0.9809637594583831,0.4769022265246854,47.80388641357422,0.29645562171936035
Normalizer,40,3,58.33736071965716,92.08602259422547,54.315397844933486,0.24222613267151968,0.6672461396870846,0.9818674290873524,0.505324298160697,22.787129402160645,0.3009929656982422
Normalizer,43,3,56.77351961417266,91.8613496453759,51.847951984837316,0.23622675975264526,0.6420352250489236,0.98424,0.4763988383349468,22.764599084854126,0.3757040500640869
Normalizer,46,3,65.65377065466754,94.27628453433444,52.30423642553789,0.2588817983415384,0.6447970306087775,0.9921171171171171,0.47759922555663115,17.575143098831177,0.2985663414001465
Normalizer,49,3,32.35578352477761,83.3475059774108,51.32848969850128,0.021471183320074538,0.6560507974303643,0.9125724537675959,0.5121006776379478,17.12216353416443,0.3088209629058838
Normalizer,52,3,54.452102376997935,91.29456696986438,51.763714857323365,0.2296874891522891,0.6417455227965903,0.981892150606254,0.47663117134559535,23.102636575698853,0.2986471652984619
Normalizer,55,3,55.2382088745807,90.44958135470807,51.3986873047629,0.20161307772627732,0.6404777359470336,0.971946414499606,0.47759922555663115,22.52790355682373,0.3805725574493408
Normalizer,58,3,59.16028232614785,89.78169329634859,58.909831174756945,0.19658124069827165,0.7158012283640425,0.9593310775637689,0.5708809293320426,23.159049034118652,0.3006107807159424
Normalizer,61,3,52.598517489972686,88.08574268909453,53.058860692850374,0.13881975211859932,0.6633439057544177,0.9478454787425366,0.5102032913843175,29.544690370559692,0.31573009490966797
Normalizer,64,3,45.10341912680493,85.68482276866345,69.24291881646836,0.12498597098225228,0.8080015775289762,0.9305106984255147,0.7139980638915779,15.445012331008911,0.3377807140350342
Normalizer,67,3,55.543875804381884,88.96905209524763,58.94142009757467,0.1870770588258109,0.7167691637208852,0.9563868966854041,0.5731655372700871,21.302077770233154,0.31165122985839844
Normalizer,70,3,55.70584514473246,89.59147976925952,53.62746130356955,0.17763161555197887,0.665772830761447,0.9601605253557096,0.5095450145208131,27.204790830612183,0.31716489791870117
Normalizer,73,3,69.14845216628456,91.62928882740765,90.2846512933909,0.4430815781919324,0.9462357237199907,0.9492965431232706,0.9431945788964182,52.01380109786987,0.32362842559814453
Normalizer,76,3,67.49525667961038,92.69096606508027,57.3023059913657,0.2426585812697634,0.6970338455408064,0.9766890005583473,0.5418780251694095,48.36378240585327,0.45652270317077637
Normalizer,79,3,60.78219942207237,90.88911113062501,53.94335053174687,0.20802666513510484,0.666378521305807,0.9702376545494928,0.5074540174249758,28.900855779647827,0.3258392810821533
Normalizer,82,3,29.48283537486501,82.00957255059822,90.64616896563827,0.01843927612863204,0.950934364356071,0.9064584064584065,1.0,28.567166090011597,0.32823681831359863
Normalizer,85,3,49.366523625097955,88.40802944648513,57.75859043206627,0.131786129421672,0.7096571855926275,0.9412517598873672,0.5695256534365924,28.33003306388855,0.33442187309265137
Normalizer,88,3,62.04198726351482,89.7381264626173,74.4796602435857,0.20293990939874504,0.8447263330984262,0.9417198362060756,0.7658470474346564,28.428987503051758,0.3258085250854492
Normalizer,91,3,54.66833068383262,90.31254172831589,74.31469586887087,0.198663796636337,0.8436525231807888,0.9410418950479005,0.7645304937076476,28.461944103240967,0.3298301696777344
Normalizer,94,3,66.29044240731045,90.86475455364229,53.51163525323786,0.1930842663408453,0.6632598581343909,0.9656499851939592,0.5050919651500484,35.05275201797485,0.3275425434112549
Normalizer,97,3,42.06316680815896,85.24757020180411,74.77098030957144,0.12803826126014348,0.8491373882382571,0.9270427569772238,0.7833107454017425,26.256239652633667,0.34073972702026367
Normalizer,100,3,54.880458740048034,88.41464792006961,63.34982977080481,0.17417421954980022,0.7572192513368984,0.9475705557171952,0.6305517909002905,28.540679216384888,0.3164253234863281
Normalizer,103,3,40.13502359132862,83.79777493575405,62.2617668737496,0.04622103298409419,0.7551578084437764,0.9166344187075018,0.6420522749273959,35.46391940116882,0.35288333892822266
Normalizer,106,3,60.00604071637464,90.14554237438173,85.89028114141308,0.3581885507248429,0.9196610575962268,0.9502746458514021,0.8909583736689255,43.37614440917969,0.34005308151245117
Normalizer,109,3,54.40336560422778,90.93314405940966,52.45867115931346,0.18635606359594092,0.653003714615089,0.9647993943981832,0.49351403678606004,42.21863412857056,0.3473320007324219
Normalizer,112,3,60.37420342500921,89.22509656048726,72.5422063107648,0.22132716357192306,0.8296051055302651,0.948123070795579,0.7374249757986447,41.708784103393555,0.34425783157348633
Normalizer,115,3,54.2005390021271,89.42246023391677,51.11087711909023,0.17310580709219084,0.6400868194620294,0.9619447033240137,0.4796127783155857,18.25489044189453,0.404005765914917
Normalizer,118,3,57.02008222287904,91.44490591056595,51.76020497701028,0.22684991112988748,0.6419714494112744,0.9808166839130781,0.47713455953533396,23.46296977996826,0.5059645175933838
Normalizer,121,3,53.955402693848676,87.3138739748111,65.1398687304763,0.17088273746688593,0.7726710917830167,0.9448082843548838,0.6535914811229429,24.252114295959473,0.40437889099121094
Normalizer,124,3,59.16081101591952,90.3318050956751,53.5221648941771,0.19354510428867958,0.6633275704261161,0.9657955134374768,0.5051306873184899,24.91113591194153,0.36529040336608887
Normalizer,127,3,55.66583611052811,88.83568129184683,62.18454950686182,0.16729670138644318,0.7474567530823684,0.9469620478707608,0.6173862536302033,30.767675638198853,0.36856555938720703
Normalizer,130,3,56.62256125502818,88.13506333259977,58.66062967252817,0.14917937444710186,0.7168205424120023,0.9454556986110231,0.5772313649564376,19.478538274765015,0.33730530738830566
Normalizer,133,3,60.81889543053721,90.44613518612803,59.390684777649085,0.1994541944292483,0.7200851599167756,0.9595718614997744,0.5762633107454017,40.794594287872314,0.34601497650146484
Normalizer,136,3,34.04492991592525,82.53442455983195,80.92029061808992,0.11731413916466936,0.8913972909258001,0.9207561187007305,0.8638528557599225,40.179773569107056,0.8852417469024658
Normalizer,139,3,42.37466094500392,85.79395940955123,63.73591660524376,0.08459155426038997,0.7654802978027965,0.9249081235258625,0.6529332042594386,47.15281677246094,0.780247688293457
Normalizer,142,3,44.28239586518121,86.87461839237535,75.51507493594468,0.10881036262730155,0.854956753160346,0.9231736338736474,0.7961277831558567,29.482032537460327,0.34650230407714844
Normalizer,145,3,45.95756247871261,87.11497649235922,87.52939524762205,0.27038956699941613,0.9311500823563608,0.9319627618308767,0.9303388189738625,48.63773155212402,0.7098267078399658
Normalizer,148,3,33.05138966251728,85.26429318062847,91.55873784703942,0.2979641684431565,0.955465437105346,0.9155724323940663,0.9989932236205228,45.79876971244812,0.3933718204498291
Normalizer,151,3,50.41454506898748,86.62879886513424,66.79302235793759,0.18225557327823036,0.7858290888511602,0.9458855585831063,0.6721006776379477,25.4866943359375,0.37146878242492676
Normalizer,154,3,33.494449120508584,85.3837246623592,70.82938471798111,0.024426818535684274,0.8237514579577987,0.9105485232067511,0.7520619554695063,34.677706718444824,0.3390622138977051
Normalizer,157,3,59.448232338820425,89.68757997754653,66.87023972482538,0.19267581829383224,0.7859491575390616,0.9483909807355516,0.6710164569215876,21.717814683914185,0.37064146995544434
Normalizer,160,3,41.5250521245994,85.54294980930781,64.67305464883647,0.09079976152179005,0.7729477317331769,0.925853869433636,0.6633881897386253,28.02068519592285,0.34792113304138184
Normalizer,163,3,20.393263853233396,80.4984197191184,9.35734091467481,0.0,0.0,0.0,0.0,33.828681230545044,0.39673495292663574
Normalizer,166,3,47.87757636408134,84.86903266943088,92.92057140851497,0.4737927664703522,0.9623574641210831,0.9288493407306002,0.9983736689254599,27.866069555282593,0.3913695812225342
Normalizer,169,3,47.6181668844123,87.12968317677651,90.12670667930223,0.2978154630421834,0.9466719748241673,0.9273510622492943,0.9668151016456922,33.4808030128479,0.36914634704589844
Normalizer,172,3,54.80660920312362,90.44009810047513,61.41939559861008,0.19353368100657292,0.7390189467686025,0.9551954827226417,0.6026331074540174,46.78278160095215,0.39172887802124023
Normalizer,175,3,46.10805315075139,87.71166369179507,62.956723175739704,0.10331204116441896,0.7578802477632485,0.929805797917253,0.6396127783155857,27.83901834487915,0.36782383918762207
Normalizer,178,3,38.66126889902534,84.48466468633046,73.00200063177846,0.09446873494127715,0.8373853114033233,0.9221492759696419,0.7668925459825751,45.97969031333923,0.3815624713897705
Normalizer,181,3,25.00845831012448,82.20173053210452,9.35734091467481,0.0,0.0,0.0,0.0,23.876173734664917,0.3847954273223877
Normalizer,184,3,53.81918083586724,88.09698276016488,78.63886841458707,0.22089715553773578,0.8739018730316592,0.9398368911270556,0.8166118102613746,21.491795778274536,0.3601827621459961
Normalizer,187,3,48.00851858656823,86.53820270618844,73.67238777157698,0.12129382725056967,0.8414198431322805,0.9266157571242317,0.7705711519845111,16.448927640914917,0.4091329574584961
Normalizer,190,3,19.0709032534029,80.74433642806542,9.35734091467481,0.0,0.0,0.0,0.0,16.839189767837524,0.3891739845275879
Normalizer,193,3,43.585857258118985,86.10755345982611,72.94584254676916,0.12011354796811413,0.83615338831732,0.926905132192846,0.7615876089060988,18.149033069610596,0.41042184829711914
Normalizer,196,3,68.30864153598904,91.71525761300049,75.43083780843072,0.3011709063473653,0.8485176368751353,0.9617365710080942,0.7591481122942885,17.557048797607422,0.4030447006225586
Normalizer,199,3,31.401170234475362,85.70453664239955,14.871362886525569,0.014213136863900269,0.12396156902405547,0.9220849005910801,0.06644724104549855,20.930268049240112,0.41692233085632324
Normalizer,202,3,15.74237412208812,79.74461034313383,90.63563932469903,0.00636465215640139,0.9508764177345707,0.9064485554814476,0.9998838334946757,21.3946852684021,0.41573476791381836
Normalizer,205,3,23.097908552646384,81.47100717416485,90.76550489628303,0.10915338005032102,0.9515300012895856,0.9075414675288164,1.0,21.236043691635132,0.4100151062011719
Normalizer,208,3,55.928825139489135,89.14344230440801,57.197009581973255,0.17734961763050136,0.700993012136815,0.955548128342246,0.5535333978702808,21.338032245635986,0.40764594078063965
Normalizer,211,3,45.351336866162335,86.06477546441101,89.30539468604121,0.2924662352478162,0.9417677974199713,0.9297735849056604,0.9540755082284608,21.061063528060913,0.4203622341156006
Normalizer,214,3,24.086474183889635,81.51359489261608,90.70934681127373,0.08008832656596543,0.9512478128741136,0.9070600632244468,0.9999612778315585,21.48239493370056,0.42110586166381836
Normalizer,217,3,44.44436084819849,87.04991925525731,60.58053420378366,0.11079483793173307,0.7367754939414536,0.933262082888018,0.6086350435624395,21.36350393295288,0.42819857597351074
Normalizer,220,3,49.13726834419157,87.59571642534105,71.95254641816715,0.13542791784812083,0.8282724088281435,0.9306065288777284,0.7462149080348499,27.481756925582886,0.4303171634674072
Normalizer,223,3,57.239484120788184,89.0436059648714,62.6934821522586,0.15436904789645473,0.7526816669381297,0.9429804104477612,0.6262923523717329,27.126763105392456,0.4346325397491455
Normalizer,226,3,62.74836472913001,90.11259855555038,58.97300902039241,0.19195566093143154,0.7167195792841045,0.9578313253012049,0.5725847047434657,26.87467384338379,0.4316105842590332
Normalizer,229,3,64.4679267590373,91.25060457921627,93.81910076866379,0.5626018033911462,0.9669177734778607,0.9390279500839233,0.996515004840271,21.599567413330078,0.44622087478637695
Normalizer,232,3,26.126725776313393,82.85323405115362,91.54820820610017,0.29626192677191604,0.9554041040077043,0.9156224486173725,0.9987996127783156,21.771116018295288,0.4197816848754883
Normalizer,235,3,62.39374896967224,89.79506405398308,72.01572426380261,0.20190887777269528,0.8263227830178405,0.9444776416691565,0.7344433688286544,34.23008108139038,0.44615650177001953
Normalizer,238,3,37.903110337119614,87.32283688381307,73.00200063177846,0.04475638356161297,0.8389042472983161,0.9135611002143867,0.7755275895450146,27.42784547805786,0.42102503776550293
Normalizer,241,3,44.77404249416662,86.0077207882733,61.77038362991822,0.0827913701371905,0.7488818186010052,0.9254658385093167,0.6288867376573088,31.397734880447388,0.43073105812072754
Normalizer,244,3,50.71830203436629,87.08054271138451,66.1893229440876,0.1395919197878739,0.7829769977696173,0.9361598965628704,0.6728751210067764,28.6645348072052,0.4271242618560791
Normalizer,247,3,65.05587771579874,90.74430875517061,79.65322382506757,0.2455697286240887,0.8803138226489109,0.9429013710747457,0.8255179090029041,37.94571113586426,0.4766535758972168
Normalizer,250,3,51.78272883806624,86.73413689040623,57.44621108420203,0.1267662510599135,0.7070931580981832,0.9400655232222008,0.5666602129719265,37.0099720954895,0.560723066329956
Normalizer,253,3,25.099525123294374,83.66617017825072,89.42122073637289,0.14198143400728325,0.9435242092639784,0.9140979559234651,0.9749080348499516,29.959747791290283,0.42147254943847656
Normalizer,256,3,30.313536273710245,83.84853420834453,91.66052437611879,0.31428817141940524,0.9559788046096268,0.9165156843937617,0.9989932236205228,33.86766862869263,0.5091016292572021
Normalizer,259,3,24.211522386889072,81.33237200323285,90.72689621283915,0.09131520454790247,0.9513210745476656,0.9074484164645505,0.9996515004840271,23.77747082710266,0.4824635982513428
Normalizer,262,3,46.3872303990809,86.56366564412143,74.20939945947843,0.12602263924488727,0.845161834120027,0.9270953723822292,0.7765343659244918,18.913822650909424,0.4520986080169678
Normalizer,265,3,32.51902956378011,84.80016896377099,76.47327226141589,0.0057307607085354045,0.8640502991583003,0.9071976149914821,0.8248209099709584,20.249658584594727,0.4886476993560791
Normalizer,268,3,17.3018244880678,78.76441521190206,91.06384472289494,0.23913953225403342,0.9527064680313556,0.9155628547966725,0.9929912875121006,37.35590219497681,0.5295867919921875
Normalizer,271,3,53.18708718806033,89.27490899851624,75.43434768874381,0.22025472762241724,0.8511579439848584,0.9440513255967544,0.7749080348499516,39.60625123977661,0.469951868057251
Normalizer,274,3,50.936189032737374,88.16254065135598,66.80706187918992,0.11467471572241289,0.7891838872912905,0.9299674267100977,0.6854211035818005,47.187026023864746,0.5682919025421143
Normalizer,277,3,60.360169906949146,89.61566088455078,94.99491067354603,0.6639107691085101,0.9731328660788303,0.9476716450772449,1.0,53.16390681266785,1.9269986152648926
Normalizer,280,3,52.486719937486804,87.84391535504716,73.9917868800674,0.17113972831064733,0.8421725239616613,0.9358579881656804,0.7655372700871249,58.60516715049744,2.480713129043579
Normalizer,283,3,40.02841707522718,84.4166593788569,78.97932680495595,0.11467281665058907,0.8786152941891809,0.921791273284001,0.8393030009680542,49.04129219055176,0.472365140914917
Normalizer,286,3,13.251757276201914,79.75013309082279,90.63212944438594,0.004841465851407294,0.9508571007714828,0.9064452713613705,0.9998451113262342,9.536095142364502,0.3771200180053711
Normalizer,289,3,51.97754230425951,88.61724110065732,63.360359411744064,0.1793177078222578,0.7570121738320803,0.948937908496732,0.6296611810261374,7.603958606719971,0.32820582389831543
Normalizer,292,3,49.29679322057039,86.52834920589433,60.28219437717174,0.10970604393872983,0.7341914873625858,0.9331820624589479,0.6051500484027106,10.852142572402954,0.48512983322143555
Normalizer,295,3,29.64094847526015,84.34763907495169,91.59032676985714,0.3031620159095726,0.9556131900703965,0.9160717456934825,0.9987221684414327,10.139751434326172,0.6164908409118652
Normalizer,298,3,29.0958925597808,84.10026740950535,86.99940332034679,0.0585635031029128,0.929805942995755,0.9105147904836135,0.9499322362052275,9.712618112564087,0.4472947120666504
Normalizer,301,3,62.59804254064485,90.2990937355737,78.28086062265277,0.26770116497423563,0.8701963416680651,0.9494209731313223,0.8031752178121975,7.93881630897522,0.3421456813812256
Normalizer,304,3,16.413683769441878,78.51592623958629,89.51247762451301,0.1467585269770362,0.9440323668240054,0.914269128904691,0.9757986447241046,1.4003040790557861,0.3349456787109375
Normalizer,307,3,46.866439746432256,86.15002819320962,66.49819241163877,0.12778631230246212,0.7860680906380976,0.9331630481055768,0.6790319457889642,0.5203382968902588,0.3355824947357178
Normalizer,310,3,60.83811998498173,91.24171348219699,66.98957565547015,0.2067205690847249,0.7862354251426233,0.9517939687431213,0.6697386253630203,1.059727668762207,0.3328845500946045
Normalizer,313,3,49.700816782123894,87.74591693507536,68.66729844512302,0.1088635450694531,0.8041852201188884,0.9274944343250354,0.7098160696999032,0.5768692493438721,0.3381054401397705
Normalizer,316,3,24.304163649818552,82.0655979409588,90.64967884595136,0.02607753204661502,0.95095187244541,0.9064902242970971,1.0,0.7597923278808594,0.33208727836608887
Normalizer,319,3,19.199640665248594,80.32641774217424,89.19307851602261,0.027210514410138543,0.9426938897057455,0.9075759747706422,0.9806389157792836,0.8386609554290771,0.343320369720459
Normalizer,322,3,45.984800169064535,87.51325394953209,77.56484503878418,0.11485738964863797,0.8690324960045896,0.9228057960924242,0.8211810261374637,0.9922900199890137,0.3385000228881836
Normalizer,325,3,38.980063021563716,87.38330143451913,91.713172580815,0.3224578898905321,0.9562267089382057,0.9173306772908366,0.998567279767667,0.8249173164367676,0.34179115295410156
Normalizer,328,3,74.30208229695371,93.72370337652772,82.00484363483204,0.39112124152571215,0.8931095590534764,0.9674345076784101,0.8293901258470474,0.8990592956542969,0.3372688293457031
Normalizer,331,3,42.821451732729884,85.57412852690149,92.15541750026324,0.38432358448295645,0.958471915122912,0.921340287204401,0.9987221684414327,0.6205675601959229,0.3426961898803711
Normalizer,334,3,27.475830235390408,81.52122353160293,91.76582078551121,0.33035614315472484,0.9564959388792048,0.9177609337745988,0.9986447241045499,0.45139408111572266,0.34592509269714355
Normalizer,337,3,41.40809113217316,84.91311108390623,76.09069530729002,0.06536425728741346,0.860077232766412,0.9158755851087099,0.8106873184898354,0.64469313621521,0.3449132442474365
Normalizer,340,3,40.709651275355135,88.28515395384491,76.85233933522866,0.04978691036362134,0.8656521827700707,0.9132995185694636,0.822729912875121,0.4381844997406006,0.34650683403015137
Normalizer,343,3,49.554786566922466,88.6586168871855,76.87339861710716,0.1473470518177157,0.8634658820116455,0.9287242578229473,0.8067763794772507,0.6049642562866211,0.3706848621368408
Normalizer,346,3,15.992935310303857,78.38072049551143,91.5236390439086,0.2931745304034583,0.9552437962156453,0.9160446434918604,0.9979477250726041,0.4298834800720215,0.354872465133667
Normalizer,349,3,29.667186883845844,81.02724826771303,89.63532343547085,0.2466064722442849,0.9441259389604738,0.9231480796270258,0.966079380445305,0.6700606346130371,0.3526875972747803
Normalizer,1,5,48.691870450671715,88.61677623795971,65.31185286581727,0.123569835017869,0.7765594266464697,0.9330653047919156,0.6650145208131656,0.714867353439331,0.1973109245300293
Normalizer,4,5,33.78603314913917,82.6160391040563,91.19371029447896,0.23377422825986438,0.9535808773195685,0.9130234535534614,0.9979090029041626,0.99906325340271,0.20115947723388672
Normalizer,7,5,54.8752531792193,91.47977151385318,51.739145695131796,0.23075025467187754,0.6413854259037087,0.9823440121434849,0.47612778315585674,0.7341232299804688,0.20061421394348145
Normalizer,10,5,56.642894024571,91.73386424237374,51.81636306201959,0.2330185565516373,0.6419965576592083,0.9830684450123792,0.47663117134559535,0.4535818099975586,0.19973444938659668
Normalizer,13,5,55.24284943452707,89.4618743412155,50.96346214594082,0.17599275677197418,0.6382537997462521,0.9631916223819944,0.47725072604065827,0.4433267116546631,0.20302963256835938
Normalizer,16,5,28.715606297508543,81.297261827276,87.19595661787933,0.09884825908457107,0.9306885544915641,0.9136419591897639,0.9483833494675702,0.5399041175842285,0.20129871368408203
Normalizer,19,5,63.26150463075595,92.75512440225889,51.8514618651504,0.23443408292002338,0.6422386814103902,0.9835450115823947,0.4767860600193611,0.504204511642456,0.2061917781829834
Normalizer,22,5,54.66399658966048,91.00703796861147,51.64788880699168,0.22236305288032343,0.6411939365525864,0.9793141856949638,0.47663117134559535,0.6843240261077881,0.20550084114074707
Normalizer,25,5,50.56342498015598,89.37831965816237,53.641500824821875,0.20199778699078502,0.6638159234371819,0.9685805541112679,0.5049370764762827,0.6869266033172607,0.20734643936157227
Normalizer,28,5,53.14519723832216,89.32661530445452,50.94240286406233,0.17666245424523314,0.6379672080192711,0.9634642465967768,0.476863504356244,0.7233190536499023,0.20571160316467285
Normalizer,31,5,43.23920379901365,86.22281097069819,64.9327857920045,0.09311094864753966,0.7749724092884975,0.9262409820178744,0.6661761858664085,0.6720137596130371,0.2065279483795166
Normalizer,34,5,51.20758844115676,88.0843670734771,58.58692218595346,0.16464454105749274,0.7150481802593764,0.950070594275446,0.57324298160697,0.49405813217163086,0.21979570388793945
Normalizer,37,5,55.74710473358901,91.52610251069423,51.81636306201959,0.23160906514938373,0.6421272158498436,0.9825289190267251,0.4769022265246854,0.6711897850036621,0.21755504608154297
Normalizer,40,5,21.005884578598668,79.97077945182917,90.64967884595136,0.02607753204661502,0.95095187244541,0.9064902242970971,1.0,0.652644157409668,0.23914766311645508
Normalizer,43,5,41.98121844110592,84.98844666186707,49.106735460320806,0.0604153897986108,0.6295539318379234,0.9252083802658256,0.47709583736689254,0.4963252544403076,0.21973085403442383
Normalizer,46,5,53.66948319848597,90.56814480329818,51.52504299603383,0.2139982476848837,0.640666059581111,0.9763679619349722,0.47674733785091966,0.8298952579498291,0.21540427207946777
Normalizer,49,5,49.848258773309006,89.45085869886287,51.31796005756204,0.19952522865145203,0.639815103355147,0.9713001655759679,0.4770183930300097,0.7736022472381592,0.21431708335876465
Normalizer,52,5,39.50470773550116,83.86128520417695,57.15840089852936,0.041748243200791735,0.7104701361544665,0.9169166717688116,0.5799031945788964,0.5116639137268066,0.24355506896972656
Normalizer,55,5,55.77899460344273,90.3033842555141,53.74328735390124,0.2069818657725245,0.6644259414865175,0.9701814396192743,0.5052081316553727,0.681037187576294,0.21962285041809082
Normalizer,58,5,60.73684176126316,92.40784341921011,54.45930293776983,0.24429818889103377,0.6685400434282794,0.9823573573573574,0.5066795740561472,0.5689718723297119,0.21936798095703125
Normalizer,61,5,59.8631448762481,89.79855767466428,53.10799901723351,0.16963498073280944,0.6611716966776566,0.958103638368247,0.5047434656340755,0.5138626098632812,0.2236475944519043
Normalizer,64,5,69.43008259325238,93.13181282602903,54.45930293776983,0.23140797696035434,0.6696371737746658,0.9776951672862454,0.5091965150048403,0.5870175361633301,0.2260890007019043
Normalizer,67,5,24.173532250439184,80.24641978966226,91.00768663788564,0.18838530096467307,0.9527410905334612,0.9097474195934759,1.0,0.5909435749053955,0.22489547729492188
Normalizer,70,5,54.79665705390531,88.10992548993175,56.33357902495525,0.14395751546499225,0.6952453273889719,0.9461928257100947,0.5495062923523717,0.7904973030090332,0.2252488136291504
Normalizer,73,5,32.99718588892141,83.07369059187045,91.25688814011443,0.2446770102114627,0.9539905062706636,0.9120285351038282,1.0,0.5364124774932861,0.2372443675994873
Normalizer,76,5,46.2739150421681,85.45395999396555,76.33638692920572,0.10131965881788386,0.8608921718317996,0.9214257320789718,0.8078218780251694,0.6346561908721924,0.22591948509216309
Normalizer,79,5,48.98231431042659,87.0360688785793,69.99403320346777,0.19298497729180233,0.8110425922242115,0.944844989185292,0.7104356243949661,0.6567797660827637,0.2290642261505127
Normalizer,82,5,31.82613804467574,83.16856508647714,74.967533607104,0.0386261692029251,0.8529605805706746,0.9121213457383482,0.8010067763794773,0.6138474941253662,0.23055815696716309
Normalizer,85,5,40.550398006084286,84.25573561484656,59.001088062897054,0.05544027301594714,0.7262415336661276,0.9198527665637616,0.5999612778315586,0.5917398929595947,0.23277997970581055
Normalizer,88,5,42.25744141746956,85.32525273474802,71.45063353339651,0.11092214914105956,0.8253831952256236,0.926145396733632,0.7443949661181026,0.8866500854492188,0.23070335388183594
Normalizer,91,5,33.13529447221437,83.10429996260534,67.25632655926434,0.0223346017131463,0.7968025092025877,0.9106342726277009,0.7082671829622459,0.863915205001831,0.23315644264221191
Normalizer,94,5,24.04413252393447,81.79038911551464,89.59671475202695,0.18297524938839152,0.9443233901870914,0.9170041224326001,0.9733204259438528,0.6687121391296387,0.23579859733581543
Normalizer,97,5,26.512463062522652,81.51394257814731,75.2869327155944,0.01866273233513112,0.8556669331529426,0.9090948688910184,0.8081703775411423,0.41817736625671387,0.23902034759521484
Normalizer,100,5,40.194557835973995,86.85281033198669,90.83921238285775,0.3182556928259264,0.950793710644395,0.9264797736708674,0.9764181994191675,0.8545639514923096,0.2371678352355957
Normalizer,103,5,17.58742444565643,80.48170754024892,90.65318872626443,0.031938884185213845,0.9509693811794598,0.9065220443695591,1.0,0.44590115547180176,0.24082422256469727
Normalizer,106,5,24.035008268039903,81.37979308894366,91.67807377768418,0.3170336433212545,0.9560690000185285,0.916648902153059,0.9990319457889641,0.6516454219818115,0.24044466018676758
Normalizer,109,5,28.53537973070228,82.85011951179952,86.89410691095433,0.10862747964344081,0.9288138178213292,0.9147921439032634,0.9432720232333011,0.9012999534606934,0.24979782104492188
Normalizer,112,5,36.685563936966815,84.19198267072855,87.08013056754764,0.17764005830635557,0.9293406276993953,0.9214693566806242,0.9373475314617619,0.7076389789581299,0.24276137351989746
Normalizer,115,5,25.507881326575593,84.33200839149187,90.70934681127373,0.08040034374370003,0.9512496086339945,0.9070314695139085,1.0,0.4423789978027344,0.2503085136413574
Normalizer,118,5,24.999942628445105,81.27580516458237,90.67424800814292,0.05532559665280507,0.95107444712468,0.9067130117267046,1.0,0.568474531173706,0.24593162536621094
Normalizer,121,5,27.797612036116483,82.64101834247236,89.45982941981678,0.1474610842323908,0.9437208343484698,0.9144330645747076,0.9749467570183931,0.7815775871276855,0.2533092498779297
Normalizer,124,5,38.790498689532015,86.08863382621246,91.34814502825454,0.27291343716365557,0.9542476381387234,0.9163695993155568,0.9953920619554695,0.6154723167419434,0.24694108963012695
Normalizer,127,5,45.09494120868068,85.69254316060255,74.36734407356708,0.13785919314675932,0.8459445206201878,0.929147358665431,0.7764181994191675,0.4691927433013916,0.2532923221588135
Normalizer,130,5,13.793751438827762,80.8699354319104,90.61808992313361,0.0010704494273321046,0.9507798258051449,0.9064321325749596,0.9996902226524685,0.5703737735748291,0.2598261833190918
Normalizer,133,5,34.38035307471592,83.59013533122837,89.25625636165807,0.1394120106620097,0.9425735887285894,0.9142222869204455,0.9727395934172314,0.5634870529174805,0.2539825439453125
Normalizer,136,5,32.587051893660735,84.35773597477464,87.65575093889298,0.14885471945373904,0.9330516056573963,0.9176276771004942,0.9490029041626331,0.8280901908874512,0.24992680549621582
Normalizer,139,5,30.787349790012847,83.67510701555767,90.70583693096066,0.07825457390370591,0.9512320895797267,0.90699961366909,1.0,0.7129859924316406,0.25504231452941895
Normalizer,142,5,19.55658324067948,81.36586701866177,90.64616896563827,0.01843927612863204,0.950934364356071,0.9064584064584065,1.0,0.7705297470092773,0.256152868270874
Normalizer,145,5,33.9331294585505,85.38252689626282,91.73423186269348,0.32654725487755754,0.9562941929736651,0.9182407869413358,0.9976379477250726,0.748185396194458,0.25766777992248535
Normalizer,148,5,21.033617552500417,83.70629020198805,90.64616896563827,0.01843927612863204,0.950934364356071,0.9064584064584065,1.0,0.53965163230896,0.2654237747192383
Normalizer,151,5,26.327152940219566,82.9845429216198,9.35734091467481,0.0,0.0,0.0,0.0,0.567451000213623,0.26509952545166016
Normalizer,154,5,41.07281176538084,86.4446124078627,64.79239057948124,0.07815645247825201,0.7745690720722745,0.9229327335047129,0.6672991287512101,0.579031229019165,0.2628791332244873
Normalizer,157,5,28.76766190579591,84.65163488015111,89.04215366256011,0.032240055557341454,0.9418145221410467,0.907872516258848,0.9783930300096806,0.5374486446380615,0.2710416316986084
Normalizer,160,5,30.633106001572997,84.89876905266541,89.03162402162086,0.1083962430458843,0.9414256527525258,0.9123374264331905,0.9724298160696999,0.8215920925140381,0.26152944564819336
Normalizer,163,5,30.186103156960588,83.5681476062605,86.11842336176336,0.11795640581547817,0.9240635140064897,0.9164445121486785,0.931810261374637,0.6396007537841797,0.27109551429748535
Normalizer,166,5,23.14410209522371,81.39915765974379,91.5060896423432,0.29000487489501586,0.9551619358185726,0.9157636693075638,0.9981026137463698,0.48616623878479004,0.2768123149871826
Normalizer,169,5,27.475863641612243,83.97511451958532,88.53322101716331,0.07053040784870629,0.9387180881994335,0.9103543622207669,0.9689060987415296,0.6139688491821289,0.292208194732666
Normalizer,172,5,31.24511524783422,82.78682557615741,88.25945035274297,0.15247347158635863,0.9366201186122742,0.917037696645889,0.9570571151984512,0.769580602645874,0.2677173614501953
Normalizer,175,5,34.20667848472283,84.89118267101864,91.38675371169843,0.2740505330289292,0.9544965696272947,0.9157801103006582,0.9966311713455953,0.8245313167572021,0.2785069942474365
Normalizer,178,5,25.69709561950023,85.60769724146115,14.938050612474116,0.008232221578977203,0.12632034319910596,0.9153605015673981,0.06784123910939012,0.8983118534088135,0.27437424659729004
Normalizer,181,5,27.151447106694388,83.04104638838965,9.35734091467481,0.0,0.0,0.0,0.0,0.7870326042175293,0.27561116218566895
Normalizer,184,5,36.26871819600592,84.85303392218559,83.6685269032326,0.06236392405275872,0.9096346934415723,0.9124522714875711,0.9068344627299129,0.7345569133758545,0.2792530059814453
Normalizer,187,5,49.62986341938825,89.15059578528754,76.81724053209786,0.1421010826163523,0.8632080356218287,0.9278717720391808,0.8069699903194579,0.6534984111785889,0.28095459938049316
Normalizer,190,5,32.96320159420301,83.30283143122092,69.54827840370643,0.04937821981450688,0.8133069375107592,0.9152903569525839,0.7317715392061955,0.7040045261383057,0.2783474922180176
Normalizer,193,5,29.437320123835413,85.19982148512719,87.90846232143484,0.055603483260460315,0.935160264252508,0.9098000439463854,0.961974830590513,0.7756297588348389,0.2839031219482422
Normalizer,196,5,41.10964430362189,87.26010011804316,71.85777964971395,0.09155857099626746,0.8290842428376535,0.9222269644804856,0.7530300096805421,0.8980860710144043,0.2767810821533203
Normalizer,199,5,41.29482951570419,87.06952153901992,84.8724158506195,0.18343938651270697,0.9156720798278224,0.9254498714652957,0.9060987415295256,0.638925313949585,0.28493571281433105
Normalizer,202,5,21.276936852799842,83.04372555931886,90.59703064125515,0.017521722270186838,0.9506529867929047,0.9065837549184935,0.9992255566311713,0.5350589752197266,0.28940343856811523
Normalizer,205,5,27.97873476113462,83.62549068456747,90.78656417816153,0.11815194778363736,0.9516351911561493,0.9077328646748682,1.0,0.7546262741088867,0.2877383232116699
Normalizer,208,5,23.474370528740607,83.36294908322428,90.6602084868906,0.0412343696367632,0.9510044005818342,0.906585691216738,1.0,0.5512151718139648,0.28865671157836914
Normalizer,211,5,30.10243654814962,86.08208041533003,17.724895581060686,0.010233070875951893,0.18309810071441018,0.9153310104529617,0.10172313649564375,0.7588679790496826,0.28987884521484375
Normalizer,214,5,41.607312767204384,86.37108500012917,92.27124355059493,0.3990237206251746,0.9590538882070735,0.92254856366043,0.998567279767667,0.7247734069824219,0.28826069831848145
Normalizer,217,5,30.661174490137533,86.85766688863686,14.551963778035168,0.043806307322116635,0.1127592113415212,0.9584882280049566,0.05990319457889642,0.5964560508728027,0.2965052127838135
Normalizer,220,5,39.61041518850187,83.14409474507997,89.09480186725632,0.3080853025652663,0.9403452182093965,0.9325919719704471,0.9482284607938044,0.691270112991333,0.28762364387512207
Normalizer,223,5,31.868839910848962,82.15928314960934,86.04471587518866,0.104410268049245,0.9237408416126434,0.9151750085509064,0.9324685382381414,0.41657471656799316,0.29877424240112305
Normalizer,226,5,28.72363395786023,83.16568366622603,87.99269944894878,0.08035523879872727,0.9355124507530773,0.9114751689685572,0.9608518877057115,0.8215632438659668,0.29349493980407715
Normalizer,229,5,23.488594317020688,84.4735662108048,90.66722824751676,0.04879087694741833,0.9510394225634794,0.9066493470018255,1.0,0.9405629634857178,0.312863826751709
Normalizer,232,5,21.132791910465514,84.45921794807076,11.842336176336387,0.014943127414446054,0.05734659410771251,0.9317073170731708,0.029583736689254597,0.3735170364379883,0.30384039878845215
Normalizer,235,5,44.23591183371835,86.62321109279846,91.25337825980134,0.33169189197103166,0.9531913295014839,0.9255827527085689,0.9824975798644724,0.585345983505249,0.3029341697692871
Normalizer,238,5,30.79900710898925,84.7058267285255,86.7326524165526,0.06549801323125916,0.9281778453353601,0.9112105950382391,0.9457889641819942,0.7080984115600586,0.30982065200805664
Normalizer,241,5,29.976617097159085,84.41853958396422,89.37559229230283,0.11927905588060404,0.9433729305022917,0.9125588128845458,0.9763407550822846,0.6997978687286377,0.30843162536621094
Normalizer,244,5,32.56563995790817,83.28169862176301,72.37022217542382,0.0343446228667221,0.8346704750703574,0.9119739318004497,0.7694482090997096,0.6203911304473877,0.303696870803833
Normalizer,247,5,23.155396303093198,81.70271463237556,9.35734091467481,0.0,0.0,0.0,0.0,0.835932731628418,0.30861496925354004
Normalizer,250,5,49.88281242624306,87.87000419401696,69.75185146186516,0.12710207069082682,0.8118587084661398,0.9305840548521095,0.72,0.5627057552337646,0.30385255813598633
Normalizer,253,5,23.33969988140791,82.19679212142425,91.15861149134814,0.22413939237959943,0.9534973878048331,0.9111275755009879,1.0,0.6252012252807617,0.3121225833892822
Normalizer,256,5,10.397814361625255,78.41825182845861,90.64616896563827,0.01843927612863204,0.950934364356071,0.9064584064584065,1.0,0.6190810203552246,0.3751657009124756
Normalizer,259,5,46.778407089671745,87.58725258214254,61.966936927450774,0.07860432871386189,0.7508163546888654,0.9243530943887662,0.6321393998063891,0.5364565849304199,0.3067295551300049
Normalizer,262,5,7.096065400667688,77.15193909956042,90.65318872626443,0.031938884185213845,0.9509693811794598,0.9065220443695591,1.0,0.6836962699890137,0.31835341453552246
Normalizer,265,5,24.577545644881692,83.80259914751004,90.22147344775543,0.004256658177551917,0.9485617222406854,0.9065179800261143,0.9946950629235237,0.5636351108551025,0.3099527359008789
Normalizer,268,5,33.75719631747239,85.94364793770478,88.7999719209575,0.1497665534967788,0.9398344551916586,0.9158826988093488,0.9650726040658277,0.6449522972106934,0.3115406036376953
Normalizer,271,5,35.33719296232577,83.30700544713984,78.82489207118037,0.04008538920400508,0.8790424444132566,0.9114418759354731,0.8488673765730881,0.7010409832000732,0.31830739974975586
Normalizer,274,5,30.441734828673283,82.76204086548653,77.83159594257836,0.01643934990549093,0.8729226188080963,0.9085312225153914,0.84,0.6940426826477051,0.3227062225341797
Normalizer,277,5,32.477521606926416,84.00033050802193,90.48471447123653,0.23791357753341671,0.9492388638193495,0.9190051482851135,0.9815295256534365,1.1650879383087158,0.3240835666656494
Normalizer,280,5,28.27735733546165,82.83295978453154,90.70583693096066,0.21623780776624554,0.9506816657975118,0.9158502888721427,0.9882671829622459,1.05714750289917,0.3191673755645752
Normalizer,283,5,31.76344909073348,84.10688446196089,91.37622407075918,0.2679031595630302,0.9545025276373534,0.9146497267371708,0.9979864472410455,0.41603589057922363,0.32831597328186035
Normalizer,286,5,28.269290459110426,85.34978481733944,9.35734091467481,0.0,0.0,0.0,0.0,0.605670690536499,0.3297696113586426
Normalizer,289,5,25.733949944407687,82.30147575034812,90.74795549471763,0.10104751607578331,0.9514423608296798,0.9073820315519483,1.0,0.7658095359802246,0.32533717155456543
Normalizer,292,5,37.723325313419345,82.63225583744367,74.5709171317258,0.11191055163694989,0.8481736834384627,0.9243171645199598,0.783620522749274,0.6198744773864746,0.3212113380432129
Normalizer,295,5,13.767436050687405,79.52859645944869,90.6566986065775,0.03688049406833811,0.950986890558256,0.9065538666760277,1.0,0.7114002704620361,0.3263559341430664
Normalizer,298,5,22.971970001212792,81.95669844474922,90.64616896563827,0.01843927612863204,0.950934364356071,0.9064584064584065,1.0,0.6554210186004639,0.3258237838745117
Normalizer,301,5,31.315070781248068,85.2227202626491,88.22084166929908,0.05182004104962361,0.9369978223323572,0.9093757971067303,0.9663504356243949,0.6221115589141846,0.3337829113006592
Normalizer,304,5,45.437230072280904,88.78991503564576,75.96784949633218,0.08924024706566737,0.8586352844017756,0.9196815568332596,0.805188770571152,0.9981820583343506,0.32850217819213867
Normalizer,307,5,38.00324911818468,85.30799996560977,92.19402618370714,0.38925393656345597,0.9586601732406409,0.9218532156007578,0.9985285575992255,0.7875490188598633,0.35389208793640137
Normalizer,310,5,31.77425963460856,84.69973359385338,9.35734091467481,0.0,0.0,0.0,0.0,0.7119846343994141,0.33361339569091797
Normalizer,313,5,33.79981248942438,86.03528848639215,76.73651328489699,0.0187461607902984,0.865546900357027,0.9089514720293128,0.8260987415295257,0.7817418575286865,0.33846497535705566
Normalizer,316,5,8.613195893358624,77.75758605003269,90.64616896563827,0.01843927612863204,0.950934364356071,0.9064584064584065,1.0,0.6015973091125488,0.3430957794189453
Normalizer,319,5,18.136216048203725,78.77808077981054,91.34463514794146,0.27087992612215356,0.9542435150480573,0.9160996116712388,0.9957018393030009,0.6300077438354492,0.3409237861633301
Normalizer,322,5,27.544167745711835,84.49972279685805,11.673861921308482,0.008370325779145952,0.05426735315118945,0.9209183673469388,0.027957405614714423,0.590853214263916,0.34351468086242676
Normalizer,325,5,38.922655155560435,86.08697201635988,92.27826331122108,0.3999005802533573,0.9590895566795596,0.9226145755071374,0.998567279767667,0.6023516654968262,0.33762168884277344
Normalizer,328,5,29.57624643334115,84.16420220279197,90.68126776876908,0.06116689606756932,0.9511094742657213,0.9067766853932584,1.0,0.616647481918335,0.3328249454498291
Normalizer,331,5,38.52833682767255,88.78096770119701,28.83717665227616,0.0824310671664649,0.3656331153593442,0.9522490221642764,0.2262536302032914,0.489269495010376,0.35193681716918945
Normalizer,334,5,28.725259243174783,83.82797220454637,90.8848408269278,0.1533512500022257,0.9521263848692093,0.9086271198367462,1.0,0.7261214256286621,0.3547348976135254
Normalizer,337,5,20.602530593926314,80.27766011439228,83.65799726229336,0.031424358332870585,0.9099106071746449,0.9093475654561627,0.9104743465634075,0.6099166870117188,0.3475034236907959
Normalizer,340,5,62.224123794743456,90.47405488216386,91.53065880453477,0.4809739335312306,0.9534915097430757,0.949228643794612,0.9577928363988384,0.5452444553375244,0.3450033664703369
Normalizer,343,5,25.100300728618745,83.27848097626708,9.35734091467481,0.0,0.0,0.0,0.0,0.7667298316955566,0.35740113258361816
Normalizer,346,5,19.288875945995212,80.70064831973201,90.67073812782984,0.05216055708740981,0.9510569345216174,0.9066811782466735,1.0,0.7171792984008789,0.35418272018432617
Normalizer,349,5,8.696834905725462,77.34419729835358,90.65318872626443,0.031938884185213845,0.9509693811794598,0.9065220443695591,1.0,0.7227072715759277,0.3608250617980957
QuantileTransformer,1,0,50.0,90.68248841454853,9.31751158545148,0.0,0.0,0.0,0.0,0.42343711853027344,0.11509919166564941
QuantileTransformer,4,0,50.0,90.68248841454853,9.31751158545148,0.0,0.0,0.0,0.0,0.5493068695068359,0.10205864906311035
QuantileTransformer,7,0,50.0,90.68248841454853,9.31751158545148,0.0,0.0,0.0,0.0,0.4177432060241699,0.09960055351257324
QuantileTransformer,10,0,50.0,90.68248841454853,9.31751158545148,0.0,0.0,0.0,0.0,0.6483230590820312,0.09965825080871582
QuantileTransformer,13,0,50.0,90.68248841454853,9.31751158545148,0.0,0.0,0.0,0.0,0.5229020118713379,0.1033935546875
QuantileTransformer,16,0,50.0,90.68248841454853,9.31751158545148,0.0,0.0,0.0,0.0,0.4835968017578125,0.10088944435119629
QuantileTransformer,19,0,50.0,90.68248841454853,9.31751158545148,0.0,0.0,0.0,0.0,0.48140645027160645,0.10300588607788086
QuantileTransformer,22,0,50.0,90.68248841454853,9.31751158545148,0.0,0.0,0.0,0.0,0.8750040531158447,0.10190010070800781
QuantileTransformer,25,0,50.0,90.68248841454853,9.31751158545148,0.0,0.0,0.0,0.0,0.49994850158691406,0.10424995422363281
QuantileTransformer,28,0,50.0,90.68248841454853,9.31751158545148,0.0,0.0,0.0,0.0,0.5671839714050293,0.10875654220581055
QuantileTransformer,31,0,50.0,90.68248841454853,9.31751158545148,0.0,0.0,0.0,0.0,1.2390005588531494,0.10651350021362305
QuantileTransformer,34,0,50.0,90.68248841454853,9.31751158545148,0.0,0.0,0.0,0.0,0.7293469905853271,0.10418128967285156
QuantileTransformer,37,0,50.0,90.68248841454853,9.31751158545148,0.0,0.0,0.0,0.0,0.8310072422027588,0.10910797119140625
QuantileTransformer,40,0,50.0,90.68248841454853,9.31751158545148,0.0,0.0,0.0,0.0,0.3972148895263672,0.10859322547912598
QuantileTransformer,43,0,50.0,90.68248841454853,9.31751158545148,0.0,0.0,0.0,0.0,0.61861252784729,0.10553979873657227
QuantileTransformer,46,0,50.0,90.68248841454853,9.31751158545148,0.0,0.0,0.0,0.0,0.7804427146911621,0.10599184036254883
QuantileTransformer,49,0,50.0,90.68248841454853,9.31751158545148,0.0,0.0,0.0,0.0,0.5960628986358643,0.10836076736450195
QuantileTransformer,52,0,50.0,90.68248841454853,9.31751158545148,0.0,0.0,0.0,0.0,0.7466862201690674,0.1307685375213623
QuantileTransformer,55,0,50.0,90.68248841454853,9.31751158545148,0.0,0.0,0.0,0.0,0.6492702960968018,0.1112678050994873
QuantileTransformer,58,0,50.0,90.68248841454853,9.31751158545148,0.0,0.0,0.0,0.0,0.6593677997589111,0.11385488510131836
QuantileTransformer,61,0,50.0,90.68248841454853,9.31751158545148,0.0,0.0,0.0,0.0,0.6640925407409668,0.1130530834197998
QuantileTransformer,64,0,50.0,90.68248841454853,9.31751158545148,0.0,0.0,0.0,0.0,0.8886961936950684,0.11683058738708496
QuantileTransformer,67,0,50.0,90.68248841454853,9.31751158545148,0.0,0.0,0.0,0.0,0.7780961990356445,0.12821412086486816
QuantileTransformer,70,0,50.0,90.68248841454853,9.31751158545148,0.0,0.0,0.0,0.0,0.5510282516479492,0.115692138671875
QuantileTransformer,73,0,50.0,90.68248841454853,9.31751158545148,0.0,0.0,0.0,0.0,0.7615487575531006,0.12197589874267578
QuantileTransformer,76,0,50.0,90.68248841454853,9.31751158545148,0.0,0.0,0.0,0.0,0.5899837017059326,0.11791658401489258
QuantileTransformer,79,0,50.0,90.68248841454853,9.31751158545148,0.0,0.0,0.0,0.0,0.7797670364379883,0.11641097068786621
QuantileTransformer,82,0,50.0,90.68248841454853,9.31751158545148,0.0,0.0,0.0,0.0,0.8768837451934814,0.1172640323638916
QuantileTransformer,85,0,50.0,90.68248841454853,9.31751158545148,0.0,0.0,0.0,0.0,0.5123453140258789,0.12315630912780762
QuantileTransformer,88,0,50.0,90.68248841454853,9.31751158545148,0.0,0.0,0.0,0.0,0.7479135990142822,0.12182784080505371
QuantileTransformer,91,0,50.0,90.68248841454853,9.31751158545148,0.0,0.0,0.0,0.0,0.7866826057434082,0.12148785591125488
QuantileTransformer,94,0,50.0,90.68248841454853,9.31751158545148,0.0,0.0,0.0,0.0,0.5077941417694092,0.12243962287902832
QuantileTransformer,97,0,50.0,90.68248841454853,9.31751158545148,0.0,0.0,0.0,0.0,0.7797129154205322,0.12480568885803223
QuantileTransformer,100,0,50.0,90.68248841454853,9.31751158545148,0.0,0.0,0.0,0.0,0.5992507934570312,0.1220095157623291
QuantileTransformer,103,0,50.0,90.68248841454853,9.31751158545148,0.0,0.0,0.0,0.0,0.6106562614440918,0.12720489501953125
QuantileTransformer,106,0,50.0,90.68248841454853,9.31751158545148,0.0,0.0,0.0,0.0,0.6998705863952637,0.12552762031555176
QuantileTransformer,109,0,50.0,90.68248841454853,9.31751158545148,0.0,0.0,0.0,0.0,0.6422286033630371,0.13028764724731445
QuantileTransformer,112,0,50.0,90.68248841454853,9.31751158545148,0.0,0.0,0.0,0.0,0.7150475978851318,0.12307143211364746
QuantileTransformer,115,0,50.0,90.68248841454853,9.31751158545148,0.0,0.0,0.0,0.0,0.7243525981903076,0.15382695198059082
QuantileTransformer,118,0,50.0,90.68248841454853,9.31751158545148,0.0,0.0,0.0,0.0,0.5752542018890381,0.1250743865966797
QuantileTransformer,121,0,50.0,90.68248841454853,9.31751158545148,0.0,0.0,0.0,0.0,0.7368080615997314,0.13296842575073242
QuantileTransformer,124,0,50.0,90.68248841454853,9.31751158545148,0.0,0.0,0.0,0.0,0.4888629913330078,0.15207648277282715
QuantileTransformer,127,0,50.0,90.68248841454853,9.31751158545148,0.0,0.0,0.0,0.0,0.5912816524505615,0.13074111938476562
QuantileTransformer,130,0,50.0,90.68248841454853,9.31751158545148,0.0,0.0,0.0,0.0,0.9238390922546387,0.12825632095336914
QuantileTransformer,133,0,50.0,90.68248841454853,9.31751158545148,0.0,0.0,0.0,0.0,0.6013245582580566,0.13311219215393066
QuantileTransformer,136,0,50.0,90.68248841454853,9.31751158545148,0.0,0.0,0.0,0.0,0.5297009944915771,0.12940621376037598
QuantileTransformer,139,0,50.0,90.68248841454853,9.31751158545148,0.0,0.0,0.0,0.0,0.5771222114562988,0.13413739204406738
QuantileTransformer,142,0,50.0,90.68248841454853,9.31751158545148,0.0,0.0,0.0,0.0,0.8339786529541016,0.13263368606567383
QuantileTransformer,145,0,50.0,90.68248841454853,9.31751158545148,0.0,0.0,0.0,0.0,0.8407514095306396,0.13526105880737305
QuantileTransformer,148,0,50.0,90.68248841454853,9.31751158545148,0.0,0.0,0.0,0.0,0.5688109397888184,0.14035320281982422
QuantileTransformer,151,0,50.0,90.68248841454853,9.31751158545148,0.0,0.0,0.0,0.0,0.583958625793457,0.14133119583129883
QuantileTransformer,154,0,50.0,90.68248841454853,9.31751158545148,0.0,0.0,0.0,0.0,0.4067728519439697,0.14092636108398438
QuantileTransformer,157,0,50.0,90.68248841454853,9.31751158545148,0.0,0.0,0.0,0.0,0.4417233467102051,0.14230847358703613
QuantileTransformer,160,0,50.0,90.68248841454853,9.31751158545148,0.0,0.0,0.0,0.0,0.7813467979431152,0.14354968070983887
QuantileTransformer,163,0,50.0,90.68248841454853,9.31751158545148,0.0,0.0,0.0,0.0,0.8093607425689697,0.14092206954956055
QuantileTransformer,166,0,50.0,90.68248841454853,9.31751158545148,0.0,0.0,0.0,0.0,0.9210939407348633,0.14191389083862305
QuantileTransformer,169,0,50.0,90.68248841454853,9.31751158545148,0.0,0.0,0.0,0.0,0.6957755088806152,0.1444556713104248
QuantileTransformer,172,0,50.0,90.68248841454853,9.31751158545148,0.0,0.0,0.0,0.0,0.6345345973968506,0.1421356201171875
QuantileTransformer,175,0,50.0,90.68248841454853,9.31751158545148,0.0,0.0,0.0,0.0,0.7390782833099365,0.14702820777893066
QuantileTransformer,178,0,50.0,90.68248841454853,9.31751158545148,0.0,0.0,0.0,0.0,0.5594420433044434,0.14162206649780273
QuantileTransformer,181,0,50.0,90.68248841454853,9.31751158545148,0.0,0.0,0.0,0.0,0.5420947074890137,0.15297460556030273
QuantileTransformer,184,0,50.0,90.68248841454853,9.31751158545148,0.0,0.0,0.0,0.0,0.510807991027832,0.1448976993560791
QuantileTransformer,187,0,50.0,90.68248841454853,9.31751158545148,0.0,0.0,0.0,0.0,0.673499345779419,0.14811182022094727
QuantileTransformer,190,0,50.0,90.68248841454853,9.31751158545148,0.0,0.0,0.0,0.0,0.5707709789276123,0.14957213401794434
QuantileTransformer,193,0,50.0,90.68248841454853,9.31751158545148,0.0,0.0,0.0,0.0,0.4412703514099121,0.15058374404907227
QuantileTransformer,196,0,50.0,90.68248841454853,9.31751158545148,0.0,0.0,0.0,0.0,0.6888284683227539,0.14710330963134766
QuantileTransformer,199,0,50.0,90.68248841454853,9.31751158545148,0.0,0.0,0.0,0.0,0.6479134559631348,0.15604448318481445
QuantileTransformer,202,0,50.0,90.68248841454853,9.31751158545148,0.0,0.0,0.0,0.0,0.7527627944946289,0.16679739952087402
QuantileTransformer,205,0,50.0,90.68248841454853,9.31751158545148,0.0,0.0,0.0,0.0,0.7771651744842529,0.18473482131958008
QuantileTransformer,208,0,50.0,90.68248841454853,9.31751158545148,0.0,0.0,0.0,0.0,0.4656190872192383,0.15195941925048828
QuantileTransformer,211,0,50.0,90.68248841454853,9.31751158545148,0.0,0.0,0.0,0.0,0.5810263156890869,0.17063379287719727
QuantileTransformer,214,0,50.0,90.68248841454853,9.31751158545148,0.0,0.0,0.0,0.0,0.5951614379882812,0.15558886528015137
QuantileTransformer,217,0,50.0,90.68248841454853,9.31751158545148,0.0,0.0,0.0,0.0,0.7175304889678955,0.15870904922485352
QuantileTransformer,220,0,50.0,90.68248841454853,9.31751158545148,0.0,0.0,0.0,0.0,0.7270321846008301,0.1563112735748291
QuantileTransformer,223,0,50.0,90.68248841454853,9.31751158545148,0.0,0.0,0.0,0.0,0.6383090019226074,0.16864442825317383
QuantileTransformer,226,0,50.0,90.68248841454853,9.31751158545148,0.0,0.0,0.0,0.0,0.7713301181793213,0.15957999229431152
QuantileTransformer,229,0,50.0,90.68248841454853,9.31751158545148,0.0,0.0,0.0,0.0,0.6766798496246338,0.16883182525634766
QuantileTransformer,232,0,50.0,90.68248841454853,9.31751158545148,0.0,0.0,0.0,0.0,0.4162473678588867,0.15610170364379883
QuantileTransformer,235,0,50.0,90.68248841454853,9.31751158545148,0.0,0.0,0.0,0.0,0.4503004550933838,0.17139959335327148
QuantileTransformer,238,0,50.0,90.68248841454853,9.31751158545148,0.0,0.0,0.0,0.0,0.49507904052734375,0.16179347038269043
QuantileTransformer,241,0,50.0,90.68248841454853,9.31751158545148,0.0,0.0,0.0,0.0,0.723412275314331,0.16469073295593262
QuantileTransformer,244,0,50.0,90.68248841454853,9.31751158545148,0.0,0.0,0.0,0.0,0.9957623481750488,0.15944743156433105
QuantileTransformer,247,0,50.0,90.68248841454853,9.31751158545148,0.0,0.0,0.0,0.0,0.6416804790496826,0.17095589637756348
QuantileTransformer,250,0,50.0,90.68248841454853,9.31751158545148,0.0,0.0,0.0,0.0,0.47190237045288086,0.16691946983337402
QuantileTransformer,253,0,50.0,90.68248841454853,9.31751158545148,0.0,0.0,0.0,0.0,0.5875198841094971,0.16927766799926758
QuantileTransformer,256,0,50.0,90.68248841454853,9.31751158545148,0.0,0.0,0.0,0.0,0.6796250343322754,0.22229790687561035
QuantileTransformer,259,0,50.0,90.68248841454853,9.31751158545148,0.0,0.0,0.0,0.0,0.6604721546173096,0.16968154907226562
QuantileTransformer,262,0,50.0,90.68248841454853,9.31751158545148,0.0,0.0,0.0,0.0,0.4814131259918213,0.1703648567199707
QuantileTransformer,265,0,50.0,90.68248841454853,9.31751158545148,0.0,0.0,0.0,0.0,0.4724738597869873,0.17559528350830078
QuantileTransformer,268,0,50.0,90.68248841454853,9.31751158545148,0.0,0.0,0.0,0.0,0.7898008823394775,0.16501116752624512
QuantileTransformer,271,0,50.0,90.68248841454853,9.31751158545148,0.0,0.0,0.0,0.0,0.7542829513549805,0.17263197898864746
QuantileTransformer,274,0,50.0,90.68248841454853,9.31751158545148,0.0,0.0,0.0,0.0,0.3944249153137207,0.1714954376220703
QuantileTransformer,277,0,50.0,90.68248841454853,9.31751158545148,0.0,0.0,0.0,0.0,0.4902830123901367,0.17510724067687988
QuantileTransformer,280,0,50.0,90.68248841454853,9.31751158545148,0.0,0.0,0.0,0.0,0.8442437648773193,0.1750812530517578
QuantileTransformer,283,0,50.0,90.68248841454853,9.31751158545148,0.0,0.0,0.0,0.0,0.45487093925476074,0.1816554069519043
QuantileTransformer,286,0,50.0,90.68248841454853,9.31751158545148,0.0,0.0,0.0,0.0,0.5330021381378174,0.17980718612670898
QuantileTransformer,289,0,50.0,90.68248841454853,9.31751158545148,0.0,0.0,0.0,0.0,0.7419929504394531,0.17868423461914062
QuantileTransformer,292,0,50.0,90.68248841454853,9.31751158545148,0.0,0.0,0.0,0.0,0.6078641414642334,0.1879720687866211
QuantileTransformer,295,0,50.0,90.68248841454853,9.31751158545148,0.0,0.0,0.0,0.0,0.4799003601074219,0.1898205280303955
QuantileTransformer,298,0,50.0,90.68248841454853,9.31751158545148,0.0,0.0,0.0,0.0,0.9049155712127686,0.19633841514587402
QuantileTransformer,301,0,50.0,90.68248841454853,9.31751158545148,0.0,0.0,0.0,0.0,0.5536153316497803,0.18715167045593262
QuantileTransformer,304,0,50.0,90.68248841454853,9.31751158545148,0.0,0.0,0.0,0.0,0.9053716659545898,0.1818540096282959
QuantileTransformer,307,0,50.0,90.68248841454853,9.31751158545148,0.0,0.0,0.0,0.0,0.5761823654174805,0.19141435623168945
QuantileTransformer,310,0,50.0,90.68248841454853,9.31751158545148,0.0,0.0,0.0,0.0,0.8202533721923828,0.21001434326171875
QuantileTransformer,313,0,50.0,90.68248841454853,9.31751158545148,0.0,0.0,0.0,0.0,0.44669222831726074,0.21146917343139648
QuantileTransformer,316,0,50.0,90.68248841454853,9.31751158545148,0.0,0.0,0.0,0.0,0.5315208435058594,0.18629789352416992
QuantileTransformer,319,0,50.0,90.68248841454853,9.31751158545148,0.0,0.0,0.0,0.0,0.790787935256958,0.19141530990600586
QuantileTransformer,322,0,50.0,90.68248841454853,9.31751158545148,0.0,0.0,0.0,0.0,0.8613436222076416,0.18958401679992676
QuantileTransformer,325,0,50.0,90.68248841454853,9.31751158545148,0.0,0.0,0.0,0.0,0.43106746673583984,0.1961047649383545
QuantileTransformer,328,0,50.0,90.68248841454853,9.31751158545148,0.0,0.0,0.0,0.0,0.7228837013244629,0.1906266212463379
QuantileTransformer,331,0,50.0,90.68248841454853,9.31751158545148,0.0,0.0,0.0,0.0,0.598229169845581,0.19983363151550293
QuantileTransformer,334,0,50.0,90.68248841454853,9.31751158545148,0.0,0.0,0.0,0.0,0.4293365478515625,0.195512056350708
QuantileTransformer,337,0,50.0,90.68248841454853,9.31751158545148,0.0,0.0,0.0,0.0,0.7963113784790039,0.20072031021118164
QuantileTransformer,340,0,50.0,90.68248841454853,9.31751158545148,0.0,0.0,0.0,0.0,0.5035665035247803,0.19577884674072266
QuantileTransformer,343,0,50.0,90.68248841454853,9.31751158545148,0.0,0.0,0.0,0.0,0.7363722324371338,0.19693589210510254
QuantileTransformer,346,0,50.0,90.68248841454853,9.31751158545148,0.0,0.0,0.0,0.0,0.9421229362487793,0.2024369239807129
QuantileTransformer,349,0,50.0,90.68248841454853,9.31751158545148,0.0,0.0,0.0,0.0,0.650547981262207,0.23250770568847656
QuantileTransformer,1,1,50.0,90.68248841454853,9.31751158545148,0.0,0.0,0.0,0.0,1.1143596172332764,0.11692142486572266
QuantileTransformer,4,1,50.0,90.68248841454853,9.31751158545148,0.0,0.0,0.0,0.0,0.7711343765258789,0.09728550910949707
QuantileTransformer,7,1,50.0,90.68248841454853,9.31751158545148,0.0,0.0,0.0,0.0,0.6472399234771729,0.10056614875793457
QuantileTransformer,10,1,50.0,90.68248841454853,9.31751158545148,0.0,0.0,0.0,0.0,0.6896259784698486,0.10068917274475098
QuantileTransformer,13,1,50.0,90.68248841454853,9.31751158545148,0.0,0.0,0.0,0.0,0.4189488887786865,0.09970331192016602
QuantileTransformer,16,1,50.0,90.68248841454853,9.31751158545148,0.0,0.0,0.0,0.0,0.5857326984405518,0.10262203216552734
QuantileTransformer,19,1,50.0,90.68248841454853,9.31751158545148,0.0,0.0,0.0,0.0,0.6450178623199463,0.10140371322631836
QuantileTransformer,22,1,50.0,90.68248841454853,9.31751158545148,0.0,0.0,0.0,0.0,0.724224328994751,0.10083937644958496
QuantileTransformer,25,1,50.0,90.68248841454853,9.31751158545148,0.0,0.0,0.0,0.0,1.38881254196167,0.10520744323730469
QuantileTransformer,28,1,50.0,90.68248841454853,9.31751158545148,0.0,0.0,0.0,0.0,0.8217518329620361,0.1037142276763916
QuantileTransformer,31,1,50.0,90.68248841454853,9.31751158545148,0.0,0.0,0.0,0.0,0.921241044998169,0.1193549633026123
QuantileTransformer,34,1,50.0,90.68248841454853,9.31751158545148,0.0,0.0,0.0,0.0,0.6603319644927979,0.11116456985473633
QuantileTransformer,37,1,50.0,90.68248841454853,9.31751158545148,0.0,0.0,0.0,0.0,0.704796552658081,0.10464835166931152
QuantileTransformer,40,1,50.0,90.68248841454853,9.31751158545148,0.0,0.0,0.0,0.0,0.7455692291259766,0.12155961990356445
QuantileTransformer,43,1,50.0,90.68248841454853,9.31751158545148,0.0,0.0,0.0,0.0,0.742851972579956,0.11914229393005371
QuantileTransformer,46,1,50.0,90.68248841454853,9.31751158545148,0.0,0.0,0.0,0.0,0.6920545101165771,0.1066441535949707
QuantileTransformer,49,1,50.0,90.68248841454853,9.31751158545148,0.0,0.0,0.0,0.0,7.656961917877197,0.13935112953186035
QuantileTransformer,52,1,50.0,90.68248841454853,9.31751158545148,0.0,0.0,0.0,0.0,5.883519887924194,0.1171875
QuantileTransformer,55,1,50.0,90.68248841454853,9.31751158545148,0.0,0.0,0.0,0.0,5.010127544403076,0.16778922080993652
QuantileTransformer,58,1,50.0,90.68248841454853,9.31751158545148,0.0,0.0,0.0,0.0,4.508104085922241,0.10885405540466309
QuantileTransformer,61,1,50.0,90.68248841454853,9.31751158545148,0.0,0.0,0.0,0.0,6.331557989120483,0.13839173316955566
QuantileTransformer,64,1,50.0,90.68248841454853,9.31751158545148,0.0,0.0,0.0,0.0,6.70762825012207,0.11899065971374512
QuantileTransformer,67,1,50.0,90.68248841454853,9.31751158545148,0.0,0.0,0.0,0.0,6.472947597503662,0.1401808261871338
QuantileTransformer,70,1,50.0,90.68248841454853,9.31751158545148,0.0,0.0,0.0,0.0,6.423456192016602,0.16440987586975098
QuantileTransformer,73,1,50.0,90.68248841454853,9.31751158545148,0.0,0.0,0.0,0.0,6.441596269607544,0.13218164443969727
QuantileTransformer,76,1,50.0,90.68248841454853,9.31751158545148,0.0,0.0,0.0,0.0,6.252622842788696,0.1208333969116211
QuantileTransformer,79,1,50.0,90.68248841454853,9.31751158545148,0.0,0.0,0.0,0.0,4.228184223175049,0.11740660667419434
QuantileTransformer,82,1,50.0,90.68248841454853,9.31751158545148,0.0,0.0,0.0,0.0,6.916540861129761,0.12813854217529297
QuantileTransformer,85,1,50.0,90.68248841454853,9.31751158545148,0.0,0.0,0.0,0.0,0.6404147148132324,0.14948749542236328
QuantileTransformer,88,1,50.0,90.68248841454853,9.31751158545148,0.0,0.0,0.0,0.0,0.5754866600036621,0.14394092559814453
QuantileTransformer,91,1,50.0,90.68248841454853,9.31751158545148,0.0,0.0,0.0,0.0,0.8193774223327637,0.12205815315246582
QuantileTransformer,94,1,50.0,90.68248841454853,9.31751158545148,0.0,0.0,0.0,0.0,0.5956137180328369,0.11881113052368164
QuantileTransformer,97,1,50.0,90.68248841454853,9.31751158545148,0.0,0.0,0.0,0.0,0.6171393394470215,0.12482380867004395
QuantileTransformer,100,1,50.0,90.68248841454853,9.31751158545148,0.0,0.0,0.0,0.0,0.619640588760376,0.12003040313720703
QuantileTransformer,103,1,50.0,90.68248841454853,9.31751158545148,0.0,0.0,0.0,0.0,0.5504100322723389,0.12716150283813477
QuantileTransformer,106,1,50.0,90.68248841454853,9.31751158545148,0.0,0.0,0.0,0.0,0.5914032459259033,0.12533903121948242
QuantileTransformer,109,1,50.0,90.68248841454853,9.31751158545148,0.0,0.0,0.0,0.0,0.44711828231811523,0.12854599952697754
QuantileTransformer,112,1,50.0,90.68248841454853,9.31751158545148,0.0,0.0,0.0,0.0,0.7381832599639893,0.12283802032470703
QuantileTransformer,115,1,50.0,90.68248841454853,9.31751158545148,0.0,0.0,0.0,0.0,0.6699328422546387,0.12643027305603027
QuantileTransformer,118,1,50.0,90.68248841454853,9.31751158545148,0.0,0.0,0.0,0.0,0.5259530544281006,0.12897539138793945
QuantileTransformer,121,1,50.0,90.68248841454853,9.31751158545148,0.0,0.0,0.0,0.0,0.7029473781585693,0.135667085647583
QuantileTransformer,124,1,50.0,90.68248841454853,9.31751158545148,0.0,0.0,0.0,0.0,0.6945993900299072,0.12595343589782715
QuantileTransformer,127,1,50.0,90.68248841454853,9.31751158545148,0.0,0.0,0.0,0.0,1.3233661651611328,0.13144302368164062
QuantileTransformer,130,1,50.0,90.68248841454853,9.31751158545148,0.0,0.0,0.0,0.0,0.548133134841919,0.14680910110473633
QuantileTransformer,133,1,50.0,90.68248841454853,9.31751158545148,0.0,0.0,0.0,0.0,1.1538279056549072,0.16152286529541016
QuantileTransformer,136,1,50.0,90.68248841454853,9.31751158545148,0.0,0.0,0.0,0.0,0.4765610694885254,0.12962770462036133
QuantileTransformer,139,1,50.0,90.68248841454853,9.31751158545148,0.0,0.0,0.0,0.0,0.6753597259521484,0.13221192359924316
QuantileTransformer,142,1,50.0,90.68248841454853,9.31751158545148,0.0,0.0,0.0,0.0,0.7903673648834229,0.13615179061889648
QuantileTransformer,145,1,50.0,90.68248841454853,9.31751158545148,0.0,0.0,0.0,0.0,0.9004137516021729,0.1338939666748047
QuantileTransformer,148,1,50.0,90.68248841454853,9.31751158545148,0.0,0.0,0.0,0.0,0.621720552444458,0.13970661163330078
QuantileTransformer,151,1,50.0,90.68248841454853,9.31751158545148,0.0,0.0,0.0,0.0,0.6240696907043457,0.14447593688964844
QuantileTransformer,154,1,50.0,90.68248841454853,9.31751158545148,0.0,0.0,0.0,0.0,0.5578858852386475,0.13915753364562988
QuantileTransformer,157,1,50.0,90.68248841454853,9.31751158545148,0.0,0.0,0.0,0.0,0.6714034080505371,0.1448221206665039
QuantileTransformer,160,1,50.0,90.68248841454853,9.31751158545148,0.0,0.0,0.0,0.0,0.48439550399780273,0.14301681518554688
QuantileTransformer,163,1,50.0,90.68248841454853,9.31751158545148,0.0,0.0,0.0,0.0,0.41740870475769043,0.15758490562438965
QuantileTransformer,166,1,50.0,90.68248841454853,9.31751158545148,0.0,0.0,0.0,0.0,0.4481477737426758,0.1442584991455078
QuantileTransformer,169,1,50.0,90.68248841454853,9.31751158545148,0.0,0.0,0.0,0.0,0.4900949001312256,0.14728975296020508
QuantileTransformer,172,1,50.0,90.68248841454853,9.31751158545148,0.0,0.0,0.0,0.0,0.39107775688171387,0.1436774730682373
QuantileTransformer,175,1,50.0,90.68248841454853,9.31751158545148,0.0,0.0,0.0,0.0,0.8602035045623779,0.14816617965698242
QuantileTransformer,178,1,50.0,90.68248841454853,9.31751158545148,0.0,0.0,0.0,0.0,0.6677334308624268,0.1476881504058838
QuantileTransformer,181,1,50.0,90.68248841454853,9.31751158545148,0.0,0.0,0.0,0.0,0.5050194263458252,0.15498757362365723
QuantileTransformer,184,1,50.0,90.68248841454853,9.31751158545148,0.0,0.0,0.0,0.0,0.6089811325073242,0.1450519561767578
QuantileTransformer,187,1,50.0,90.68248841454853,9.31751158545148,0.0,0.0,0.0,0.0,0.7565791606903076,0.15094661712646484
QuantileTransformer,190,1,50.0,90.68248841454853,9.31751158545148,0.0,0.0,0.0,0.0,0.8679635524749756,0.1508026123046875
QuantileTransformer,193,1,50.0,90.68248841454853,9.31751158545148,0.0,0.0,0.0,0.0,0.7562992572784424,0.15367865562438965
QuantileTransformer,196,1,50.0,90.68248841454853,9.31751158545148,0.0,0.0,0.0,0.0,0.4501934051513672,0.1483452320098877
QuantileTransformer,199,1,50.0,90.68248841454853,9.31751158545148,0.0,0.0,0.0,0.0,0.5829768180847168,0.15586137771606445
QuantileTransformer,202,1,50.0,90.68248841454853,9.31751158545148,0.0,0.0,0.0,0.0,0.5227904319763184,0.17975687980651855
QuantileTransformer,205,1,50.0,90.68248841454853,9.31751158545148,0.0,0.0,0.0,0.0,1.023200511932373,0.1608448028564453
QuantileTransformer,208,1,50.0,90.68248841454853,9.31751158545148,0.0,0.0,0.0,0.0,0.6620969772338867,0.15811514854431152
QuantileTransformer,211,1,50.0,90.68248841454853,9.31751158545148,0.0,0.0,0.0,0.0,0.5738472938537598,0.15769743919372559
QuantileTransformer,214,1,50.0,90.68248841454853,9.31751158545148,0.0,0.0,0.0,0.0,0.5987212657928467,0.16150784492492676
QuantileTransformer,217,1,50.0,90.68248841454853,9.31751158545148,0.0,0.0,0.0,0.0,0.8422303199768066,0.1575465202331543
QuantileTransformer,220,1,50.0,90.68248841454853,9.31751158545148,0.0,0.0,0.0,0.0,0.6115727424621582,0.1559922695159912
QuantileTransformer,223,1,50.0,90.68248841454853,9.31751158545148,0.0,0.0,0.0,0.0,0.5960919857025146,0.15914177894592285
QuantileTransformer,226,1,50.0,90.68248841454853,9.31751158545148,0.0,0.0,0.0,0.0,0.6905081272125244,0.15894293785095215
QuantileTransformer,229,1,50.0,90.68248841454853,9.31751158545148,0.0,0.0,0.0,0.0,0.664935827255249,0.1891481876373291
QuantileTransformer,232,1,50.0,90.68248841454853,9.31751158545148,0.0,0.0,0.0,0.0,0.5520858764648438,0.15414643287658691
QuantileTransformer,235,1,50.0,90.68248841454853,9.31751158545148,0.0,0.0,0.0,0.0,0.6279904842376709,0.16574716567993164
QuantileTransformer,238,1,50.0,90.68248841454853,9.31751158545148,0.0,0.0,0.0,0.0,0.6427798271179199,0.16156005859375
QuantileTransformer,241,1,50.0,90.68248841454853,9.31751158545148,0.0,0.0,0.0,0.0,1.1876072883605957,0.17192506790161133
QuantileTransformer,244,1,50.0,90.68248841454853,9.31751158545148,0.0,0.0,0.0,0.0,0.5685858726501465,0.15665173530578613
QuantileTransformer,247,1,50.0,90.68248841454853,9.31751158545148,0.0,0.0,0.0,0.0,0.5164191722869873,0.1772160530090332
QuantileTransformer,250,1,50.0,90.68248841454853,9.31751158545148,0.0,0.0,0.0,0.0,0.6947979927062988,0.16821026802062988
QuantileTransformer,253,1,50.0,90.68248841454853,9.31751158545148,0.0,0.0,0.0,0.0,0.5676593780517578,0.17102575302124023
QuantileTransformer,256,1,50.0,90.68248841454853,9.31751158545148,0.0,0.0,0.0,0.0,0.612985372543335,0.2225790023803711
QuantileTransformer,259,1,50.0,90.68248841454853,9.31751158545148,0.0,0.0,0.0,0.0,0.6919028759002686,0.16864848136901855
QuantileTransformer,262,1,50.0,90.68248841454853,9.31751158545148,0.0,0.0,0.0,0.0,0.9056580066680908,0.16703176498413086
QuantileTransformer,265,1,50.0,90.68248841454853,9.31751158545148,0.0,0.0,0.0,0.0,0.44683027267456055,0.17079782485961914
QuantileTransformer,268,1,50.0,90.68248841454853,9.31751158545148,0.0,0.0,0.0,0.0,0.5525555610656738,0.16811180114746094
QuantileTransformer,271,1,50.0,90.68248841454853,9.31751158545148,0.0,0.0,0.0,0.0,0.7004177570343018,0.17455720901489258
QuantileTransformer,274,1,50.0,90.68248841454853,9.31751158545148,0.0,0.0,0.0,0.0,0.772752046585083,0.16998767852783203
QuantileTransformer,277,1,50.0,90.68248841454853,9.31751158545148,0.0,0.0,0.0,0.0,0.5727047920227051,0.17451882362365723
QuantileTransformer,280,1,50.0,90.68248841454853,9.31751158545148,0.0,0.0,0.0,0.0,0.4949302673339844,0.17221617698669434
QuantileTransformer,283,1,50.0,90.68248841454853,9.31751158545148,0.0,0.0,0.0,0.0,0.6588771343231201,0.1778700351715088
QuantileTransformer,286,1,50.0,90.68248841454853,9.31751158545148,0.0,0.0,0.0,0.0,0.7122180461883545,0.1774735450744629
QuantileTransformer,289,1,50.0,90.68248841454853,9.31751158545148,0.0,0.0,0.0,0.0,0.7425765991210938,0.17827343940734863
QuantileTransformer,292,1,50.0,90.68248841454853,9.31751158545148,0.0,0.0,0.0,0.0,0.6701087951660156,0.17763805389404297
QuantileTransformer,295,1,50.0,90.68248841454853,9.31751158545148,0.0,0.0,0.0,0.0,0.5010690689086914,0.18550634384155273
QuantileTransformer,298,1,50.0,90.68248841454853,9.31751158545148,0.0,0.0,0.0,0.0,0.6075077056884766,0.18341875076293945
QuantileTransformer,301,1,50.0,90.68248841454853,9.31751158545148,0.0,0.0,0.0,0.0,0.6057548522949219,0.18781638145446777
QuantileTransformer,304,1,50.0,90.68248841454853,9.31751158545148,0.0,0.0,0.0,0.0,0.6949968338012695,0.21039485931396484
QuantileTransformer,307,1,50.0,90.68248841454853,9.31751158545148,0.0,0.0,0.0,0.0,0.4970967769622803,0.19137358665466309
QuantileTransformer,310,1,50.0,90.68248841454853,9.31751158545148,0.0,0.0,0.0,0.0,0.5894899368286133,0.1898510456085205
QuantileTransformer,313,1,50.0,90.68248841454853,9.31751158545148,0.0,0.0,0.0,0.0,0.46253490447998047,0.1893599033355713
QuantileTransformer,316,1,50.0,90.68248841454853,9.31751158545148,0.0,0.0,0.0,0.0,0.5521054267883301,0.19216489791870117
QuantileTransformer,319,1,50.0,90.68248841454853,9.31751158545148,0.0,0.0,0.0,0.0,0.5857837200164795,0.1970813274383545
QuantileTransformer,322,1,50.0,90.68248841454853,9.31751158545148,0.0,0.0,0.0,0.0,0.8028802871704102,0.18859124183654785
QuantileTransformer,325,1,50.0,90.68248841454853,9.31751158545148,0.0,0.0,0.0,0.0,0.7648205757141113,0.19576048851013184
QuantileTransformer,328,1,50.0,90.68248841454853,9.31751158545148,0.0,0.0,0.0,0.0,0.6757485866546631,0.1864938735961914
QuantileTransformer,331,1,50.0,90.68248841454853,9.31751158545148,0.0,0.0,0.0,0.0,0.8666250705718994,0.1928725242614746
QuantileTransformer,334,1,50.0,90.68248841454853,9.31751158545148,0.0,0.0,0.0,0.0,0.6789038181304932,0.1940925121307373
QuantileTransformer,337,1,50.0,90.68248841454853,9.31751158545148,0.0,0.0,0.0,0.0,0.7084367275238037,0.20109796524047852
QuantileTransformer,340,1,50.0,90.68248841454853,9.31751158545148,0.0,0.0,0.0,0.0,0.632927656173706,0.19427704811096191
QuantileTransformer,343,1,50.0,90.68248841454853,9.31751158545148,0.0,0.0,0.0,0.0,0.415600061416626,0.22249054908752441
QuantileTransformer,346,1,50.0,90.68248841454853,9.31751158545148,0.0,0.0,0.0,0.0,0.7491660118103027,0.19846034049987793
QuantileTransformer,349,1,50.0,90.68248841454853,9.31751158545148,0.0,0.0,0.0,0.0,0.5912702083587646,0.20420026779174805
QuantileTransformer,1,3,50.0,90.68248841454853,9.31751158545148,0.0,0.0,0.0,0.0,1.0068855285644531,0.09724187850952148
QuantileTransformer,4,3,50.0,90.68248841454853,9.31751158545148,0.0,0.0,0.0,0.0,0.5759358406066895,0.0985269546508789
QuantileTransformer,7,3,50.0,90.68248841454853,9.31751158545148,0.0,0.0,0.0,0.0,0.552819013595581,0.10600066184997559
QuantileTransformer,10,3,50.0,90.68248841454853,9.31751158545148,0.0,0.0,0.0,0.0,0.5173585414886475,0.10212993621826172
QuantileTransformer,13,3,50.0,90.68248841454853,9.31751158545148,0.0,0.0,0.0,0.0,0.47670459747314453,0.0994720458984375
QuantileTransformer,16,3,50.0,90.68248841454853,9.31751158545148,0.0,0.0,0.0,0.0,0.6711108684539795,0.0997159481048584
QuantileTransformer,19,3,50.0,90.68248841454853,9.31751158545148,0.0,0.0,0.0,0.0,0.812840461730957,0.10219955444335938
QuantileTransformer,22,3,50.0,90.68248841454853,9.31751158545148,0.0,0.0,0.0,0.0,0.46349096298217773,0.1196746826171875
QuantileTransformer,25,3,50.0,90.68248841454853,9.31751158545148,0.0,0.0,0.0,0.0,0.7658281326293945,0.10219931602478027
QuantileTransformer,28,3,50.0,90.68248841454853,9.31751158545148,0.0,0.0,0.0,0.0,0.6936900615692139,0.10554218292236328
QuantileTransformer,31,3,50.0,90.68248841454853,9.31751158545148,0.0,0.0,0.0,0.0,0.4660990238189697,0.10270977020263672
QuantileTransformer,34,3,50.0,90.68248841454853,9.31751158545148,0.0,0.0,0.0,0.0,0.9406185150146484,0.10397863388061523
QuantileTransformer,37,3,50.0,90.68248841454853,9.31751158545148,0.0,0.0,0.0,0.0,0.7972354888916016,0.10533714294433594
QuantileTransformer,40,3,50.0,90.68248841454853,9.31751158545148,0.0,0.0,0.0,0.0,0.8239758014678955,0.10739588737487793
QuantileTransformer,43,3,50.0,90.68248841454853,9.31751158545148,0.0,0.0,0.0,0.0,6.048788547515869,0.12859463691711426
QuantileTransformer,46,3,50.0,90.68248841454853,9.31751158545148,0.0,0.0,0.0,0.0,0.8202073574066162,0.10674333572387695
QuantileTransformer,49,3,50.0,90.68248841454853,9.31751158545148,0.0,0.0,0.0,0.0,0.5617566108703613,0.10785961151123047
QuantileTransformer,52,3,50.0,90.68248841454853,9.31751158545148,0.0,0.0,0.0,0.0,0.7273669242858887,0.12427377700805664
QuantileTransformer,55,3,50.0,90.68248841454853,9.31751158545148,0.0,0.0,0.0,0.0,0.7370178699493408,0.10872578620910645
QuantileTransformer,58,3,50.0,90.68248841454853,9.31751158545148,0.0,0.0,0.0,0.0,0.6095499992370605,0.1125936508178711
QuantileTransformer,61,3,50.0,90.68248841454853,9.31751158545148,0.0,0.0,0.0,0.0,2.170199394226074,0.1102290153503418
QuantileTransformer,64,3,50.0,90.68248841454853,9.31751158545148,0.0,0.0,0.0,0.0,0.9593031406402588,0.11598920822143555
QuantileTransformer,67,3,50.0,90.68248841454853,9.31751158545148,0.0,0.0,0.0,0.0,0.6353268623352051,0.12693500518798828
QuantileTransformer,70,3,50.0,90.68248841454853,9.31751158545148,0.0,0.0,0.0,0.0,1.9139890670776367,0.11549496650695801
QuantileTransformer,73,3,50.0,90.68248841454853,9.31751158545148,0.0,0.0,0.0,0.0,1.5755634307861328,0.12171721458435059
QuantileTransformer,76,3,50.0,90.68248841454853,9.31751158545148,0.0,0.0,0.0,0.0,0.8473825454711914,0.11388778686523438
QuantileTransformer,79,3,50.0,90.68248841454853,9.31751158545148,0.0,0.0,0.0,0.0,0.4802718162536621,0.12015032768249512
QuantileTransformer,82,3,50.0,90.68248841454853,9.31751158545148,0.0,0.0,0.0,0.0,0.7269322872161865,0.1291208267211914
QuantileTransformer,85,3,50.0,90.68248841454853,9.31751158545148,0.0,0.0,0.0,0.0,0.7650783061981201,0.12267279624938965
QuantileTransformer,88,3,50.0,90.68248841454853,9.31751158545148,0.0,0.0,0.0,0.0,0.5514612197875977,0.12079167366027832
QuantileTransformer,91,3,50.0,90.68248841454853,9.31751158545148,0.0,0.0,0.0,0.0,0.8319623470306396,0.12199211120605469
QuantileTransformer,94,3,50.0,90.68248841454853,9.31751158545148,0.0,0.0,0.0,0.0,2.0346341133117676,0.12065339088439941
QuantileTransformer,97,3,50.0,90.68248841454853,9.31751158545148,0.0,0.0,0.0,0.0,6.387573957443237,0.12227654457092285
QuantileTransformer,100,3,50.0,90.68248841454853,9.31751158545148,0.0,0.0,0.0,0.0,3.3461434841156006,0.11762523651123047
QuantileTransformer,103,3,50.0,90.68248841454853,9.31751158545148,0.0,0.0,0.0,0.0,2.459327220916748,0.15881705284118652
QuantileTransformer,106,3,50.0,90.68248841454853,9.31751158545148,0.0,0.0,0.0,0.0,1.8792638778686523,0.12897682189941406
QuantileTransformer,109,3,50.0,90.68248841454853,9.31751158545148,0.0,0.0,0.0,0.0,0.7874326705932617,0.12475109100341797
QuantileTransformer,112,3,50.0,90.68248841454853,9.31751158545148,0.0,0.0,0.0,0.0,0.5124478340148926,0.13579440116882324
QuantileTransformer,115,3,50.0,90.68248841454853,9.31751158545148,0.0,0.0,0.0,0.0,0.6305906772613525,0.1338052749633789
QuantileTransformer,118,3,50.0,90.68248841454853,9.31751158545148,0.0,0.0,0.0,0.0,0.6445302963256836,0.12659811973571777
QuantileTransformer,121,3,50.0,90.68248841454853,9.31751158545148,0.0,0.0,0.0,0.0,0.6272892951965332,0.12885212898254395
QuantileTransformer,124,3,50.0,90.68248841454853,9.31751158545148,0.0,0.0,0.0,0.0,0.7206807136535645,0.12734532356262207
QuantileTransformer,127,3,50.0,90.68248841454853,9.31751158545148,0.0,0.0,0.0,0.0,0.8986878395080566,0.14187216758728027
QuantileTransformer,130,3,50.0,90.68248841454853,9.31751158545148,0.0,0.0,0.0,0.0,0.8116245269775391,0.1354045867919922
QuantileTransformer,133,3,50.0,90.68248841454853,9.31751158545148,0.0,0.0,0.0,0.0,0.5781497955322266,0.14321327209472656
QuantileTransformer,136,3,50.0,90.68248841454853,9.31751158545148,0.0,0.0,0.0,0.0,0.7102174758911133,0.13199949264526367
QuantileTransformer,139,3,50.0,90.68248841454853,9.31751158545148,0.0,0.0,0.0,0.0,0.6995730400085449,0.13754725456237793
QuantileTransformer,142,3,50.0,90.68248841454853,9.31751158545148,0.0,0.0,0.0,0.0,0.6033565998077393,0.13635897636413574
QuantileTransformer,145,3,50.0,90.68248841454853,9.31751158545148,0.0,0.0,0.0,0.0,1.1601989269256592,0.13753175735473633
QuantileTransformer,148,3,50.0,90.68248841454853,9.31751158545148,0.0,0.0,0.0,0.0,0.6835100650787354,0.13543367385864258
QuantileTransformer,151,3,50.0,90.68248841454853,9.31751158545148,0.0,0.0,0.0,0.0,0.4195835590362549,0.14325451850891113
QuantileTransformer,154,3,50.0,90.68248841454853,9.31751158545148,0.0,0.0,0.0,0.0,0.6771914958953857,0.1423799991607666
QuantileTransformer,157,3,50.0,90.68248841454853,9.31751158545148,0.0,0.0,0.0,0.0,0.5915374755859375,0.14416956901550293
QuantileTransformer,160,3,50.0,90.68248841454853,9.31751158545148,0.0,0.0,0.0,0.0,1.2607569694519043,0.13934659957885742
QuantileTransformer,163,3,50.0,90.68248841454853,9.31751158545148,0.0,0.0,0.0,0.0,0.9798667430877686,0.1454322338104248
QuantileTransformer,166,3,50.0,90.68248841454853,9.31751158545148,0.0,0.0,0.0,0.0,3.823171615600586,0.19824552536010742
QuantileTransformer,169,3,50.0,90.68248841454853,9.31751158545148,0.0,0.0,0.0,0.0,2.716989040374756,0.18912482261657715
QuantileTransformer,172,3,50.0,90.68248841454853,9.31751158545148,0.0,0.0,0.0,0.0,4.951258420944214,0.14162969589233398
QuantileTransformer,175,3,50.0,90.68248841454853,9.31751158545148,0.0,0.0,0.0,0.0,0.8922414779663086,0.1517953872680664
QuantileTransformer,178,3,50.0,90.68248841454853,9.31751158545148,0.0,0.0,0.0,0.0,0.7510879039764404,0.14881205558776855
QuantileTransformer,181,3,50.0,90.68248841454853,9.31751158545148,0.0,0.0,0.0,0.0,2.1607892513275146,0.15430164337158203
QuantileTransformer,184,3,50.0,90.68248841454853,9.31751158545148,0.0,0.0,0.0,0.0,0.5883293151855469,0.1708393096923828
QuantileTransformer,187,3,50.0,90.68248841454853,9.31751158545148,0.0,0.0,0.0,0.0,0.6884896755218506,0.15113592147827148
QuantileTransformer,190,3,50.0,90.68248841454853,9.31751158545148,0.0,0.0,0.0,0.0,0.5846922397613525,0.1515510082244873
QuantileTransformer,193,3,50.0,90.68248841454853,9.31751158545148,0.0,0.0,0.0,0.0,0.6624462604522705,0.1542813777923584
QuantileTransformer,196,3,50.0,90.68248841454853,9.31751158545148,0.0,0.0,0.0,0.0,0.5615444183349609,0.151871919631958
QuantileTransformer,199,3,50.0,90.68248841454853,9.31751158545148,0.0,0.0,0.0,0.0,0.8269734382629395,0.1690056324005127
QuantileTransformer,202,3,50.0,90.68248841454853,9.31751158545148,0.0,0.0,0.0,0.0,0.8935611248016357,0.153639554977417
QuantileTransformer,205,3,50.0,90.68248841454853,9.31751158545148,0.0,0.0,0.0,0.0,0.3704557418823242,0.16255545616149902
QuantileTransformer,208,3,50.0,90.68248841454853,9.31751158545148,0.0,0.0,0.0,0.0,0.560992956161499,0.15579605102539062
QuantileTransformer,211,3,50.0,90.68248841454853,9.31751158545148,0.0,0.0,0.0,0.0,0.5399179458618164,0.1583421230316162
QuantileTransformer,214,3,50.0,90.68248841454853,9.31751158545148,0.0,0.0,0.0,0.0,0.9854598045349121,0.15385937690734863
QuantileTransformer,217,3,50.0,90.68248841454853,9.31751158545148,0.0,0.0,0.0,0.0,0.720933198928833,0.15853381156921387
QuantileTransformer,220,3,50.0,90.68248841454853,9.31751158545148,0.0,0.0,0.0,0.0,0.6897122859954834,0.15542125701904297
QuantileTransformer,223,3,50.0,90.68248841454853,9.31751158545148,0.0,0.0,0.0,0.0,0.6219484806060791,0.16289854049682617
QuantileTransformer,226,3,50.0,90.68248841454853,9.31751158545148,0.0,0.0,0.0,0.0,0.6987731456756592,0.16083478927612305
QuantileTransformer,229,3,50.0,90.68248841454853,9.31751158545148,0.0,0.0,0.0,0.0,0.7033028602600098,0.16607093811035156
QuantileTransformer,232,3,50.0,90.68248841454853,9.31751158545148,0.0,0.0,0.0,0.0,0.7877399921417236,0.15723037719726562
QuantileTransformer,235,3,50.0,90.68248841454853,9.31751158545148,0.0,0.0,0.0,0.0,0.8697946071624756,0.16154789924621582
QuantileTransformer,238,3,50.0,90.68248841454853,9.31751158545148,0.0,0.0,0.0,0.0,0.7092227935791016,0.15931940078735352
QuantileTransformer,241,3,50.0,90.68248841454853,9.31751158545148,0.0,0.0,0.0,0.0,0.6504058837890625,0.16357851028442383
QuantileTransformer,244,3,50.0,90.68248841454853,9.31751158545148,0.0,0.0,0.0,0.0,0.41920042037963867,0.1659407615661621
QuantileTransformer,247,3,50.0,90.68248841454853,9.31751158545148,0.0,0.0,0.0,0.0,0.893129825592041,0.16490840911865234
QuantileTransformer,250,3,50.0,90.68248841454853,9.31751158545148,0.0,0.0,0.0,0.0,0.5711913108825684,0.16729116439819336
QuantileTransformer,253,3,50.0,90.68248841454853,9.31751158545148,0.0,0.0,0.0,0.0,0.7603297233581543,0.17650842666625977
QuantileTransformer,256,3,50.0,90.68248841454853,9.31751158545148,0.0,0.0,0.0,0.0,4.333905220031738,0.24444031715393066
QuantileTransformer,259,3,50.0,90.68248841454853,9.31751158545148,0.0,0.0,0.0,0.0,5.075254201889038,0.18262600898742676
QuantileTransformer,262,3,50.0,90.68248841454853,9.31751158545148,0.0,0.0,0.0,0.0,5.342588186264038,0.21578049659729004
QuantileTransformer,265,3,50.0,90.68248841454853,9.31751158545148,0.0,0.0,0.0,0.0,6.452579498291016,0.20090913772583008
QuantileTransformer,268,3,50.0,90.68248841454853,9.31751158545148,0.0,0.0,0.0,0.0,5.741926193237305,0.16522836685180664
QuantileTransformer,271,3,50.0,90.68248841454853,9.31751158545148,0.0,0.0,0.0,0.0,7.704373121261597,0.18386125564575195
QuantileTransformer,274,3,50.0,90.68248841454853,9.31751158545148,0.0,0.0,0.0,0.0,5.204868316650391,0.17006206512451172
QuantileTransformer,277,3,50.0,90.68248841454853,9.31751158545148,0.0,0.0,0.0,0.0,5.774093151092529,0.18829870223999023
QuantileTransformer,280,3,50.0,90.68248841454853,9.31751158545148,0.0,0.0,0.0,0.0,5.712307691574097,0.19167375564575195
QuantileTransformer,283,3,50.0,90.68248841454853,9.31751158545148,0.0,0.0,0.0,0.0,7.31019926071167,0.1756880283355713
QuantileTransformer,286,3,50.0,90.68248841454853,9.31751158545148,0.0,0.0,0.0,0.0,5.065706253051758,0.17172813415527344
QuantileTransformer,289,3,50.0,90.68248841454853,9.31751158545148,0.0,0.0,0.0,0.0,5.058932781219482,0.1812152862548828
QuantileTransformer,292,3,50.0,90.68248841454853,9.31751158545148,0.0,0.0,0.0,0.0,5.902105808258057,0.20547699928283691
QuantileTransformer,295,3,50.0,90.68248841454853,9.31751158545148,0.0,0.0,0.0,0.0,5.065215826034546,0.18835234642028809
QuantileTransformer,298,3,50.0,90.68248841454853,9.31751158545148,0.0,0.0,0.0,0.0,9.230038404464722,0.20582818984985352
QuantileTransformer,301,3,50.0,90.68248841454853,9.31751158545148,0.0,0.0,0.0,0.0,6.2483649253845215,0.20775198936462402
QuantileTransformer,304,3,50.0,90.68248841454853,9.31751158545148,0.0,0.0,0.0,0.0,5.971663951873779,0.1803140640258789
QuantileTransformer,307,3,50.0,90.68248841454853,9.31751158545148,0.0,0.0,0.0,0.0,6.4244771003723145,0.2041783332824707
QuantileTransformer,310,3,50.0,90.68248841454853,9.31751158545148,0.0,0.0,0.0,0.0,5.272432327270508,0.19362092018127441
QuantileTransformer,313,3,50.0,90.68248841454853,9.31751158545148,0.0,0.0,0.0,0.0,6.484543561935425,0.1973721981048584
QuantileTransformer,316,3,50.0,90.68248841454853,9.31751158545148,0.0,0.0,0.0,0.0,5.7067320346832275,0.19454693794250488
QuantileTransformer,319,3,50.0,90.68248841454853,9.31751158545148,0.0,0.0,0.0,0.0,6.286236047744751,0.19274330139160156
QuantileTransformer,322,3,50.0,90.68248841454853,9.31751158545148,0.0,0.0,0.0,0.0,0.7994892597198486,0.19210362434387207
QuantileTransformer,325,3,50.0,90.68248841454853,9.31751158545148,0.0,0.0,0.0,0.0,0.7319214344024658,0.1955411434173584
QuantileTransformer,328,3,50.0,90.68248841454853,9.31751158545148,0.0,0.0,0.0,0.0,0.7323493957519531,0.19227385520935059
QuantileTransformer,331,3,50.0,90.68248841454853,9.31751158545148,0.0,0.0,0.0,0.0,0.5768120288848877,0.19545841217041016
QuantileTransformer,334,3,50.0,90.68248841454853,9.31751158545148,0.0,0.0,0.0,0.0,0.5811643600463867,0.19409871101379395
QuantileTransformer,337,3,50.0,90.68248841454853,9.31751158545148,0.0,0.0,0.0,0.0,0.7160449028015137,0.19654583930969238
QuantileTransformer,340,3,50.0,90.68248841454853,9.31751158545148,0.0,0.0,0.0,0.0,0.8036770820617676,0.191025972366333
QuantileTransformer,343,3,50.0,90.68248841454853,9.31751158545148,0.0,0.0,0.0,0.0,0.6717128753662109,0.21555352210998535
QuantileTransformer,346,3,50.0,90.68248841454853,9.31751158545148,0.0,0.0,0.0,0.0,0.6582324504852295,0.19616127014160156
QuantileTransformer,349,3,50.0,90.68248841454853,9.31751158545148,0.0,0.0,0.0,0.0,0.7676761150360107,0.20416498184204102
QuantileTransformer,1,5,50.0,90.68248841454853,9.31751158545148,0.0,0.0,0.0,0.0,0.9520237445831299,0.10019564628601074
QuantileTransformer,4,5,50.0,90.68248841454853,9.31751158545148,0.0,0.0,0.0,0.0,0.7939877510070801,0.10166072845458984
QuantileTransformer,7,5,50.0,90.68248841454853,9.31751158545148,0.0,0.0,0.0,0.0,0.7209973335266113,0.0996701717376709
QuantileTransformer,10,5,50.0,90.68248841454853,9.31751158545148,0.0,0.0,0.0,0.0,0.7441902160644531,0.11118674278259277
QuantileTransformer,13,5,50.0,90.68248841454853,9.31751158545148,0.0,0.0,0.0,0.0,0.44286346435546875,0.10047459602355957
QuantileTransformer,16,5,50.0,90.68248841454853,9.31751158545148,0.0,0.0,0.0,0.0,0.5648705959320068,0.1027679443359375
QuantileTransformer,19,5,50.0,90.68248841454853,9.31751158545148,0.0,0.0,0.0,0.0,0.601388692855835,0.10343050956726074
QuantileTransformer,22,5,50.0,90.68248841454853,9.31751158545148,0.0,0.0,0.0,0.0,0.7579772472381592,0.10206890106201172
QuantileTransformer,25,5,50.0,90.68248841454853,9.31751158545148,0.0,0.0,0.0,0.0,0.7611210346221924,0.10302138328552246
QuantileTransformer,28,5,50.0,90.68248841454853,9.31751158545148,0.0,0.0,0.0,0.0,0.767763614654541,0.10377788543701172
QuantileTransformer,31,5,50.0,90.68248841454853,9.31751158545148,0.0,0.0,0.0,0.0,0.48195528984069824,0.1049795150756836
QuantileTransformer,34,5,50.0,90.68248841454853,9.31751158545148,0.0,0.0,0.0,0.0,1.0590226650238037,0.10775423049926758
QuantileTransformer,37,5,50.0,90.68248841454853,9.31751158545148,0.0,0.0,0.0,0.0,0.5052034854888916,0.11211156845092773
QuantileTransformer,40,5,50.0,90.68248841454853,9.31751158545148,0.0,0.0,0.0,0.0,0.7147083282470703,0.11344695091247559
QuantileTransformer,43,5,50.0,90.68248841454853,9.31751158545148,0.0,0.0,0.0,0.0,0.8673689365386963,0.10720634460449219
QuantileTransformer,46,5,50.0,90.68248841454853,9.31751158545148,0.0,0.0,0.0,0.0,0.5994429588317871,0.10678267478942871
QuantileTransformer,49,5,50.0,90.68248841454853,9.31751158545148,0.0,0.0,0.0,0.0,0.6643671989440918,0.10816311836242676
QuantileTransformer,52,5,50.0,90.68248841454853,9.31751158545148,0.0,0.0,0.0,0.0,0.6324460506439209,0.12584424018859863
QuantileTransformer,55,5,50.0,90.68248841454853,9.31751158545148,0.0,0.0,0.0,0.0,0.7922167778015137,0.10872864723205566
QuantileTransformer,58,5,50.0,90.68248841454853,9.31751158545148,0.0,0.0,0.0,0.0,0.39794468879699707,0.11128616333007812
QuantileTransformer,61,5,50.0,90.68248841454853,9.31751158545148,0.0,0.0,0.0,0.0,0.7638077735900879,0.11301469802856445
QuantileTransformer,64,5,50.0,90.68248841454853,9.31751158545148,0.0,0.0,0.0,0.0,0.4483919143676758,0.11366581916809082
QuantileTransformer,67,5,50.0,90.68248841454853,9.31751158545148,0.0,0.0,0.0,0.0,0.6869664192199707,0.11375999450683594
QuantileTransformer,70,5,50.0,90.68248841454853,9.31751158545148,0.0,0.0,0.0,0.0,0.5331997871398926,0.11507630348205566
QuantileTransformer,73,5,50.0,90.68248841454853,9.31751158545148,0.0,0.0,0.0,0.0,0.7482547760009766,0.1217339038848877
QuantileTransformer,76,5,50.0,90.68248841454853,9.31751158545148,0.0,0.0,0.0,0.0,0.43450212478637695,0.11673951148986816
QuantileTransformer,79,5,50.0,90.68248841454853,9.31751158545148,0.0,0.0,0.0,0.0,0.8578548431396484,0.11969208717346191
QuantileTransformer,82,5,50.0,90.68248841454853,9.31751158545148,0.0,0.0,0.0,0.0,0.556389570236206,0.1207284927368164
QuantileTransformer,85,5,50.0,90.68248841454853,9.31751158545148,0.0,0.0,0.0,0.0,0.3979675769805908,0.12264394760131836
QuantileTransformer,88,5,50.0,90.68248841454853,9.31751158545148,0.0,0.0,0.0,0.0,0.7265985012054443,0.1197199821472168
QuantileTransformer,91,5,50.0,90.68248841454853,9.31751158545148,0.0,0.0,0.0,0.0,0.9118695259094238,0.12560510635375977
QuantileTransformer,94,5,50.0,90.68248841454853,9.31751158545148,0.0,0.0,0.0,0.0,0.56009840965271,0.12319803237915039
QuantileTransformer,97,5,50.0,90.68248841454853,9.31751158545148,0.0,0.0,0.0,0.0,0.8341548442840576,0.12353181838989258
QuantileTransformer,100,5,50.0,90.68248841454853,9.31751158545148,0.0,0.0,0.0,0.0,0.8001065254211426,0.12442779541015625
QuantileTransformer,103,5,50.0,90.68248841454853,9.31751158545148,0.0,0.0,0.0,0.0,0.6316943168640137,0.12604975700378418
QuantileTransformer,106,5,50.0,90.68248841454853,9.31751158545148,0.0,0.0,0.0,0.0,0.5812413692474365,0.12082457542419434
QuantileTransformer,109,5,50.0,90.68248841454853,9.31751158545148,0.0,0.0,0.0,0.0,0.77488112449646,0.13019418716430664
QuantileTransformer,112,5,50.0,90.68248841454853,9.31751158545148,0.0,0.0,0.0,0.0,0.7362470626831055,0.12793183326721191
QuantileTransformer,115,5,50.0,90.68248841454853,9.31751158545148,0.0,0.0,0.0,0.0,0.5951488018035889,0.12867379188537598
QuantileTransformer,118,5,50.0,90.68248841454853,9.31751158545148,0.0,0.0,0.0,0.0,0.9780826568603516,0.13665270805358887
QuantileTransformer,121,5,50.0,90.68248841454853,9.31751158545148,0.0,0.0,0.0,0.0,0.7713913917541504,0.12983965873718262
QuantileTransformer,124,5,50.0,90.68248841454853,9.31751158545148,0.0,0.0,0.0,0.0,0.967308759689331,0.12614989280700684
QuantileTransformer,127,5,50.0,90.68248841454853,9.31751158545148,0.0,0.0,0.0,0.0,0.6834182739257812,0.13023018836975098
QuantileTransformer,130,5,50.0,90.68248841454853,9.31751158545148,0.0,0.0,0.0,0.0,0.680001974105835,0.13398432731628418
QuantileTransformer,133,5,50.0,90.68248841454853,9.31751158545148,0.0,0.0,0.0,0.0,0.6816761493682861,0.14181232452392578
QuantileTransformer,136,5,50.0,90.68248841454853,9.31751158545148,0.0,0.0,0.0,0.0,0.7023072242736816,0.13166022300720215
QuantileTransformer,139,5,50.0,90.68248841454853,9.31751158545148,0.0,0.0,0.0,0.0,0.5680253505706787,0.1333451271057129
QuantileTransformer,142,5,50.0,90.68248841454853,9.31751158545148,0.0,0.0,0.0,0.0,0.7331466674804688,0.14502859115600586
QuantileTransformer,145,5,50.0,90.68248841454853,9.31751158545148,0.0,0.0,0.0,0.0,0.9213352203369141,0.15306878089904785
QuantileTransformer,148,5,50.0,90.68248841454853,9.31751158545148,0.0,0.0,0.0,0.0,0.8984785079956055,0.1380605697631836
QuantileTransformer,151,5,50.0,90.68248841454853,9.31751158545148,0.0,0.0,0.0,0.0,0.7885267734527588,0.14603567123413086
QuantileTransformer,154,5,50.0,90.68248841454853,9.31751158545148,0.0,0.0,0.0,0.0,0.9632441997528076,0.14009857177734375
QuantileTransformer,157,5,50.0,90.68248841454853,9.31751158545148,0.0,0.0,0.0,0.0,0.9303913116455078,0.14409399032592773
QuantileTransformer,160,5,50.0,90.68248841454853,9.31751158545148,0.0,0.0,0.0,0.0,0.9617338180541992,0.14043450355529785
QuantileTransformer,163,5,50.0,90.68248841454853,9.31751158545148,0.0,0.0,0.0,0.0,0.560868501663208,0.14530301094055176
QuantileTransformer,166,5,50.0,90.68248841454853,9.31751158545148,0.0,0.0,0.0,0.0,0.5948600769042969,0.1620934009552002
QuantileTransformer,169,5,50.0,90.68248841454853,9.31751158545148,0.0,0.0,0.0,0.0,1.0372045040130615,0.14722394943237305
QuantileTransformer,172,5,50.0,90.68248841454853,9.31751158545148,0.0,0.0,0.0,0.0,0.7707648277282715,0.14434552192687988
QuantileTransformer,175,5,50.0,90.68248841454853,9.31751158545148,0.0,0.0,0.0,0.0,0.6862916946411133,0.15108442306518555
QuantileTransformer,178,5,50.0,90.68248841454853,9.31751158545148,0.0,0.0,0.0,0.0,0.8296773433685303,0.14812278747558594
QuantileTransformer,181,5,50.0,90.68248841454853,9.31751158545148,0.0,0.0,0.0,0.0,0.8309967517852783,0.15195322036743164
QuantileTransformer,184,5,50.0,90.68248841454853,9.31751158545148,0.0,0.0,0.0,0.0,0.5293364524841309,0.1474461555480957
QuantileTransformer,187,5,50.0,90.68248841454853,9.31751158545148,0.0,0.0,0.0,0.0,0.6500723361968994,0.15117907524108887
QuantileTransformer,190,5,50.0,90.68248841454853,9.31751158545148,0.0,0.0,0.0,0.0,0.6451718807220459,0.1640627384185791
QuantileTransformer,193,5,50.0,90.68248841454853,9.31751158545148,0.0,0.0,0.0,0.0,0.5226812362670898,0.15512299537658691
QuantileTransformer,196,5,50.0,90.68248841454853,9.31751158545148,0.0,0.0,0.0,0.0,0.5373611450195312,0.151198148727417
QuantileTransformer,199,5,50.0,90.68248841454853,9.31751158545148,0.0,0.0,0.0,0.0,0.61366868019104,0.15530776977539062
QuantileTransformer,202,5,50.0,90.68248841454853,9.31751158545148,0.0,0.0,0.0,0.0,0.6217532157897949,0.15668845176696777
QuantileTransformer,205,5,50.0,90.68248841454853,9.31751158545148,0.0,0.0,0.0,0.0,0.7628929615020752,0.18956589698791504
QuantileTransformer,208,5,50.0,90.68248841454853,9.31751158545148,0.0,0.0,0.0,0.0,0.6438853740692139,0.1496570110321045
QuantileTransformer,211,5,50.0,90.68248841454853,9.31751158545148,0.0,0.0,0.0,0.0,0.45935797691345215,0.17208504676818848
QuantileTransformer,214,5,50.0,90.68248841454853,9.31751158545148,0.0,0.0,0.0,0.0,0.8599867820739746,0.15795612335205078
QuantileTransformer,217,5,50.0,90.68248841454853,9.31751158545148,0.0,0.0,0.0,0.0,0.6260745525360107,0.16048979759216309
QuantileTransformer,220,5,50.0,90.68248841454853,9.31751158545148,0.0,0.0,0.0,0.0,0.63289475440979,0.15684008598327637
QuantileTransformer,223,5,50.0,90.68248841454853,9.31751158545148,0.0,0.0,0.0,0.0,0.5690228939056396,0.16226506233215332
QuantileTransformer,226,5,50.0,90.68248841454853,9.31751158545148,0.0,0.0,0.0,0.0,0.6137709617614746,0.16492581367492676
QuantileTransformer,229,5,50.0,90.68248841454853,9.31751158545148,0.0,0.0,0.0,0.0,0.44771361351013184,0.1624603271484375
QuantileTransformer,232,5,50.0,90.68248841454853,9.31751158545148,0.0,0.0,0.0,0.0,0.845433235168457,0.15677380561828613
QuantileTransformer,235,5,50.0,90.68248841454853,9.31751158545148,0.0,0.0,0.0,0.0,0.7242827415466309,0.17374634742736816
QuantileTransformer,238,5,50.0,90.68248841454853,9.31751158545148,0.0,0.0,0.0,0.0,0.5232129096984863,0.16034960746765137
QuantileTransformer,241,5,50.0,90.68248841454853,9.31751158545148,0.0,0.0,0.0,0.0,0.7631857395172119,0.167466402053833
QuantileTransformer,244,5,50.0,90.68248841454853,9.31751158545148,0.0,0.0,0.0,0.0,0.7713878154754639,0.16117167472839355
QuantileTransformer,247,5,50.0,90.68248841454853,9.31751158545148,0.0,0.0,0.0,0.0,0.4340202808380127,0.16577839851379395
QuantileTransformer,250,5,50.0,90.68248841454853,9.31751158545148,0.0,0.0,0.0,0.0,0.5549535751342773,0.16689562797546387
QuantileTransformer,253,5,50.0,90.68248841454853,9.31751158545148,0.0,0.0,0.0,0.0,0.562291145324707,0.17006969451904297
QuantileTransformer,256,5,50.0,90.68248841454853,9.31751158545148,0.0,0.0,0.0,0.0,0.8075387477874756,0.22772550582885742
QuantileTransformer,259,5,50.0,90.68248841454853,9.31751158545148,0.0,0.0,0.0,0.0,0.5067989826202393,0.1731395721435547
QuantileTransformer,262,5,50.0,90.68248841454853,9.31751158545148,0.0,0.0,0.0,0.0,0.4328794479370117,0.1708674430847168
QuantileTransformer,265,5,50.0,90.68248841454853,9.31751158545148,0.0,0.0,0.0,0.0,0.9155466556549072,0.16837835311889648
QuantileTransformer,268,5,50.0,90.68248841454853,9.31751158545148,0.0,0.0,0.0,0.0,0.6146435737609863,0.16544437408447266
QuantileTransformer,271,5,50.0,90.68248841454853,9.31751158545148,0.0,0.0,0.0,0.0,0.7711367607116699,0.1733393669128418
QuantileTransformer,274,5,50.0,90.68248841454853,9.31751158545148,0.0,0.0,0.0,0.0,0.6095442771911621,0.17441368103027344
QuantileTransformer,277,5,50.0,90.68248841454853,9.31751158545148,0.0,0.0,0.0,0.0,0.5547583103179932,0.1731281280517578
QuantileTransformer,280,5,50.0,90.68248841454853,9.31751158545148,0.0,0.0,0.0,0.0,1.0534510612487793,0.16878676414489746
QuantileTransformer,283,5,50.0,90.68248841454853,9.31751158545148,0.0,0.0,0.0,0.0,0.7502212524414062,0.17509913444519043
QuantileTransformer,286,5,50.0,90.68248841454853,9.31751158545148,0.0,0.0,0.0,0.0,0.9551968574523926,0.17626166343688965
QuantileTransformer,289,5,50.0,90.68248841454853,9.31751158545148,0.0,0.0,0.0,0.0,0.4913337230682373,0.18011808395385742
QuantileTransformer,292,5,50.0,90.68248841454853,9.31751158545148,0.0,0.0,0.0,0.0,0.6987767219543457,0.1873311996459961
QuantileTransformer,295,5,50.0,90.68248841454853,9.31751158545148,0.0,0.0,0.0,0.0,0.4839756488800049,0.18688511848449707
QuantileTransformer,298,5,50.0,90.68248841454853,9.31751158545148,0.0,0.0,0.0,0.0,0.918609619140625,0.18575072288513184
QuantileTransformer,301,5,50.0,90.68248841454853,9.31751158545148,0.0,0.0,0.0,0.0,0.6971523761749268,0.18960285186767578
QuantileTransformer,304,5,50.0,90.68248841454853,9.31751158545148,0.0,0.0,0.0,0.0,0.43192410469055176,0.18085551261901855
QuantileTransformer,307,5,50.0,90.68248841454853,9.31751158545148,0.0,0.0,0.0,0.0,0.9509766101837158,0.19163131713867188
QuantileTransformer,310,5,50.0,90.68248841454853,9.31751158545148,0.0,0.0,0.0,0.0,0.7951757907867432,0.1879744529724121
QuantileTransformer,313,5,50.0,90.68248841454853,9.31751158545148,0.0,0.0,0.0,0.0,0.92738938331604,0.1929912567138672
QuantileTransformer,316,5,50.0,90.68248841454853,9.31751158545148,0.0,0.0,0.0,0.0,0.7000577449798584,0.18790173530578613
QuantileTransformer,319,5,50.0,90.68248841454853,9.31751158545148,0.0,0.0,0.0,0.0,0.6509883403778076,0.2017195224761963
QuantileTransformer,322,5,50.0,90.68248841454853,9.31751158545148,0.0,0.0,0.0,0.0,0.6519618034362793,0.19697141647338867
QuantileTransformer,325,5,50.0,90.68248841454853,9.31751158545148,0.0,0.0,0.0,0.0,0.47699856758117676,0.19543814659118652
QuantileTransformer,328,5,50.0,90.68248841454853,9.31751158545148,0.0,0.0,0.0,0.0,0.8746597766876221,0.20374679565429688
QuantileTransformer,331,5,50.0,90.68248841454853,9.31751158545148,0.0,0.0,0.0,0.0,0.6032121181488037,0.20178747177124023
QuantileTransformer,334,5,50.0,90.68248841454853,9.31751158545148,0.0,0.0,0.0,0.0,0.4320390224456787,0.19440555572509766
QuantileTransformer,337,5,50.0,90.68248841454853,9.31751158545148,0.0,0.0,0.0,0.0,0.8161704540252686,0.2010514736175537
QuantileTransformer,340,5,50.0,90.68248841454853,9.31751158545148,0.0,0.0,0.0,0.0,0.5361006259918213,0.2092123031616211
QuantileTransformer,343,5,50.0,90.68248841454853,9.31751158545148,0.0,0.0,0.0,0.0,0.622157096862793,0.20012784004211426
QuantileTransformer,346,5,50.0,90.68248841454853,9.31751158545148,0.0,0.0,0.0,0.0,0.6144843101501465,0.2112739086151123
QuantileTransformer,349,5,50.0,90.68248841454853,9.31751158545148,0.0,0.0,0.0,0.0,0.43957948684692383,0.2015087604522705
RobustScaler,1,0,58.19092527246041,91.30825721733467,78.14046541012951,0.15643046847553155,0.8720098643649815,0.9291000656886359,0.8215295256534366,0.775998592376709,0.6503064632415771
RobustScaler,4,0,60.159495827490275,91.64641718958167,69.30609666210383,0.1642231923491767,0.8068555778872275,0.9390294057166358,0.70729912875121,0.6719136238098145,0.663454532623291
RobustScaler,7,0,58.33456766902279,91.19527143743254,70.98030957144361,0.13947279377999738,0.8207907057395526,0.9322042243119492,0.7331655372700872,0.5195982456207275,0.6704127788543701
RobustScaler,10,0,60.2945150614856,91.47755870724141,69.26046821803376,0.16765570039308444,0.8063503294565073,0.9398484614195145,0.7060600193610842,0.39757513999938965,0.6870512962341309
RobustScaler,13,0,52.44465859930617,89.69596555238158,81.47134182724369,0.129250417105182,0.8947798529030715,0.9219584325967305,0.8691577928363988,0.5897412300109863,1.0608611106872559
RobustScaler,16,0,51.87491403344544,90.64616250549813,79.56196693692745,0.10905893599604873,0.8826126398548534,0.9205634987384357,0.8476669893514037,0.49643635749816895,0.6912574768066406
RobustScaler,19,0,51.662968985227906,90.36370800394504,80.06738970201116,0.1138700668178384,0.8858653053841671,0.9209008858432225,0.8533978702807358,0.48532629013061523,0.6792285442352295
RobustScaler,22,0,58.1374063264122,91.08791956477289,78.11589624793794,0.1577318417115422,0.8718106868973458,0.9293416323310248,0.8209874152952565,0.8166272640228271,0.6760463714599609
RobustScaler,25,0,54.56064572774365,91.12654390420505,81.91358674669193,0.1380381956741305,0.8974996519006226,0.9227748691099477,0.8735721200387222,0.49280476570129395,0.6967940330505371
RobustScaler,28,0,51.69863593681576,89.8173465449778,80.19023551296901,0.11876139662310246,0.8865846796881279,0.921508834955512,0.8542110358180058,0.45162105560302734,0.6832420825958252
RobustScaler,31,0,52.39329871189966,90.65431208029919,79.89891544698325,0.11437960538476019,0.884743102095031,0.9210945357023131,0.8511519845111326,0.9765212535858154,1.082585096359253
RobustScaler,34,0,50.64958253116038,89.4925536500551,78.19662349513882,0.0983306477158608,0.8736936277499898,0.9198527208117481,0.831945788964182,0.7194349765777588,1.0913965702056885
RobustScaler,37,0,53.74267187319579,90.71886559572468,81.92762626794426,0.13898098404779283,0.8975751427264228,0.9228912705555101,0.8736108422071636,0.408313512802124,1.0846350193023682
RobustScaler,40,0,57.81488958880572,90.33246205869501,58.81857428661683,0.17846820832788562,0.7162309236462138,0.9539363484087102,0.5733591481122943,0.530470609664917,1.0682499408721924
RobustScaler,43,0,61.43506302519482,91.13843540737292,63.925450142150154,0.21416067937456268,0.759893472877634,0.9577763382604086,0.6297773475314618,0.7977559566497803,0.691115140914917
RobustScaler,46,0,46.34061710006399,88.34980611297686,62.823347723842616,0.07806622589326398,0.7581514293542789,0.9238217127594458,0.642865440464666,0.5714921951293945,1.102149248123169
RobustScaler,49,0,46.52818577345207,88.31306415147652,63.87631181776702,0.10698006159713815,0.7654619206052595,0.93011020656809,0.6503388189738626,0.5186014175415039,1.1027774810791016
RobustScaler,52,0,50.447402993052236,88.98075409866894,57.85335720051946,0.11114484237913728,0.7120107444359172,0.935290781929305,0.5747918683446273,0.5966243743896484,0.7035903930664062
RobustScaler,55,0,50.72475451873617,89.04460250718184,58.26752307746305,0.11354603837305065,0.7156726768377254,0.9356593509660477,0.5794385285575993,0.7494232654571533,0.7162981033325195
RobustScaler,58,0,52.807257719560575,89.45767387663429,60.65775157067144,0.12955898764741394,0.7362774392395831,0.9381820362153735,0.6058857696030978,0.6186859607696533,0.7222394943237305
RobustScaler,61,0,50.729470605792784,89.02493440466912,58.09904882243515,0.11221324378637086,0.7142104759168821,0.9354110491001443,0.5776185866408519,0.5498871803283691,0.7155976295471191
RobustScaler,64,0,50.70466140252391,89.03079218261702,58.26401319714998,0.1127405583175887,0.7156963538553497,0.9354375,0.5795546950629236,0.5174155235290527,0.7154877185821533
RobustScaler,67,0,52.38917667461396,89.60513143338176,60.62616264785371,0.12875166716991104,0.7360470588235294,0.9379910044977511,0.6056534365924492,0.7174592018127441,0.7598552703857422
RobustScaler,70,0,52.639242579279866,89.70104624024742,60.9280123547787,0.13027434127118045,0.7386363636363636,0.938152323015447,0.6090997095837367,0.6607100963592529,0.7355077266693115
RobustScaler,73,0,52.057530597557424,89.6311217380026,60.63669228879295,0.12412710473836096,0.7364339263472068,0.9367451871338036,0.6066989351403679,0.6335463523864746,0.7318243980407715
RobustScaler,76,0,52.58349630970183,89.81463270197942,61.72826506616125,0.1304281816987904,0.7456852318313275,0.9375403202158231,0.6190125847047435,0.7413961887359619,0.732473611831665
RobustScaler,79,0,54.28198845451925,90.45003564980662,62.20911866905339,0.13875227734480897,0.7493890091474059,0.939316139572879,0.623349467570184,0.4235846996307373,0.7537524700164795
RobustScaler,82,0,53.81914888208983,90.34163875023664,62.33547436032432,0.1359312602604114,0.750656411924623,0.9384731582616779,0.6254791868344627,0.7359886169433594,0.7442736625671387
RobustScaler,85,0,51.487766423696925,90.06212706341977,61.773893510231304,0.1162162741678596,0.746938680670121,0.9338252382059029,0.6223814133591481,0.8160772323608398,0.7630054950714111
RobustScaler,88,0,53.7930760521689,90.45399430467378,62.28633603594117,0.13479480560444956,0.7502962980177081,0.9382192258514471,0.6250919651500484,0.6183276176452637,0.7490866184234619
RobustScaler,91,0,53.02752309568195,90.34824793877752,62.163490224983335,0.12999171844121438,0.7495120364346128,0.9370751263726687,0.624511132623427,0.47643399238586426,0.7598438262939453
RobustScaler,94,0,59.839585501409246,91.49204874364705,76.52241058579902,0.24039124424205563,0.8584248735369442,0.9466436373821305,0.7852468538238141,0.6179277896881104,0.7694430351257324
RobustScaler,97,0,59.0792475466398,91.23461985803026,72.48253834544242,0.2033407185857025,0.829816792567509,0.9442276342439362,0.740135527589545,0.5005924701690674,0.7836620807647705
RobustScaler,100,0,59.13012667494076,91.27877019196808,72.40883085886772,0.20306864750550083,0.8292682926829268,0.9442575922445345,0.739244917715392,0.41097426414489746,1.1345725059509277
RobustScaler,103,0,59.30869600265507,91.26589671689938,83.92474816608754,0.2639470283751596,0.9084659045487249,0.9387468506050969,0.8800774443368828,0.6759805679321289,0.7705426216125488
RobustScaler,106,0,60.047187014565836,91.48812575120051,76.24513004106561,0.2392798324060344,0.856458112407211,0.9468229777256741,0.781839303000968,0.4346351623535156,0.7620358467102051
RobustScaler,109,0,55.06107601440535,91.18534006120782,81.87497806324804,0.20117980530622556,0.8961676116942132,0.9320757873604082,0.8629235237173282,0.44156575202941895,0.7814922332763672
RobustScaler,112,0,54.8802103720509,91.28718718399969,71.84374012846162,0.16139347365297854,0.8265213442325159,0.935984718616839,0.7399806389157793,0.8576991558074951,1.148578405380249
RobustScaler,115,0,54.887337516857436,91.1263370070588,71.84374012846162,0.16344518536760594,0.8264462809917356,0.9364122174829632,0.739593417231365,0.7854089736938477,0.755866527557373
RobustScaler,118,0,54.2444100860646,91.10603631049024,71.8472500087747,0.15834206204641646,0.8266591748968081,0.935348200312989,0.7406001936108422,0.5654382705688477,1.142259120941162
RobustScaler,121,0,54.57220645916562,91.17290018701945,71.87181917096626,0.16061517723224744,0.8267617812364894,0.9357964276975776,0.7404840271055179,0.6093788146972656,0.8469722270965576
RobustScaler,124,0,54.62997162649811,91.15928933340923,71.92797725597558,0.1613184065296757,0.82715996023685,0.9358892855396352,0.7410648596321394,0.6701798439025879,0.7620749473571777
RobustScaler,127,0,54.24001862033756,91.08057157496843,80.63950019304342,0.18757024989694057,0.8882450666558612,0.9315004461819573,0.8488286544046466,0.7549350261688232,0.8565628528594971
RobustScaler,130,0,54.9720179318789,91.26815560740162,72.28247516759679,0.16530483674758537,0.8296849052127591,0.9363742576185377,0.7448209099709584,0.847588300704956,0.7919330596923828
RobustScaler,133,0,55.61965055639515,91.3201973365351,72.33512337229301,0.16988702040372644,0.8299167062276122,0.9372715309255739,0.7446272991287513,0.8285999298095703,0.7840018272399902
RobustScaler,136,0,54.028446124115725,91.00165632676809,72.28247516759679,0.15850300868671446,0.8299269915792648,0.9349767080745341,0.7460987415295256,0.38703322410583496,0.7971696853637695
RobustScaler,139,0,52.98638696460175,90.76586066096382,72.17366887789126,0.1504950797276239,0.8293953088013772,0.9334463550496488,0.7462149080348499,0.5375571250915527,0.7909958362579346
RobustScaler,142,0,52.89449443677473,90.75121496698277,72.15611947632586,0.15013176530555544,0.8292766909850001,0.9333882375738785,0.7460600193610842,0.6519107818603516,0.8015339374542236
RobustScaler,145,0,54.105895544554095,90.99173954184323,72.28247516759679,0.15912258045283634,0.8299050121696426,0.9351033880205806,0.7459825750242014,0.7788097858428955,0.7992632389068604
RobustScaler,148,0,52.85816952786115,90.77794710536429,72.16664911726511,0.14939534629750234,0.8293816429278368,0.9332300392194839,0.7463310745401742,0.7799103260040283,0.78934645652771
RobustScaler,151,0,55.46139874755717,91.3739621283837,75.92924081288828,0.19067064146281656,0.8556149732620321,0.9375720943108937,0.7868344627299129,0.937227725982666,0.7990105152130127
RobustScaler,154,0,55.128844166511136,91.35620007542042,76.01347794040223,0.18858582486316247,0.8562776025236593,0.9370771001150748,0.7883059051306873,0.7705838680267334,0.8212435245513916
RobustScaler,157,0,56.776230601696895,91.6748183472927,76.10824470885544,0.2015382512756488,0.8565830225649453,0.9394583602920787,0.7871442400774443,0.838768482208252,0.820744514465332
RobustScaler,160,0,55.38512653332742,91.35967029062604,75.89414200975747,0.18988987893444428,0.8553861703023667,0.9374625005769142,0.7865246853823814,0.8163046836853027,0.8157334327697754
RobustScaler,163,0,53.87759887696997,91.1273405403985,76.26969920325718,0.18232946375294706,0.8582807554446936,0.935609176492094,0.7927589545014521,0.8895809650421143,0.8128578662872314
RobustScaler,166,0,55.39762191273859,91.36744532247508,76.29075848513565,0.19293283818053897,0.8581329413000105,0.937586048646168,0.7910939012584705,0.6808397769927979,0.8301565647125244
RobustScaler,169,0,55.58735037099062,91.45044489939542,75.93626057351445,0.19095310958392045,0.8556570802981178,0.9376182346698657,0.7868731848983543,0.6507382392883301,0.8249285221099854
RobustScaler,172,0,56.860396125168755,91.63791827060338,76.13983363167316,0.20270263744524342,0.8567756615540199,0.9396460095198484,0.7873378509196515,0.476625919342041,0.8312287330627441
RobustScaler,175,0,54.200483083016636,91.05286799956832,76.08718542697694,0.18299595406322197,0.8569629023115198,0.9359350637439237,0.7902807357212004,0.6756339073181152,0.8343243598937988
RobustScaler,178,0,55.134804998442256,91.33406427580739,75.96082973570601,0.18846683812356868,0.8559045675453915,0.9371141619828619,0.7876476282671829,0.8270337581634521,0.8233096599578857
RobustScaler,181,0,54.51298303762775,91.14669146000767,76.05559650415921,0.18500271424075698,0.8566806722689075,0.9363490241102181,0.7895062923523717,0.8340318202972412,0.831174373626709
RobustScaler,184,0,54.09083732695032,91.06062305198436,76.08367554666386,0.18211082243899934,0.8569629287543558,0.9357722459084032,0.7903969022265247,0.7824921607971191,0.8289949893951416
RobustScaler,187,0,54.513916959394734,91.12863019422139,76.04155698290688,0.18528177693419484,0.856572533198857,0.9364175127486563,0.7892739593417232,0.5523912906646729,0.8550412654876709
RobustScaler,190,0,53.58538085634671,90.89780273454474,76.34340668983187,0.18032281783304538,0.8588599907861122,0.9351543618040038,0.7940755082284608,0.4696810245513916,0.8540143966674805
RobustScaler,193,0,55.201467840338594,91.30428916035169,75.96433961601909,0.1895569030962127,0.8558983207777451,0.9373185232981518,0.7874927395934173,0.5086476802825928,0.873002290725708
RobustScaler,196,0,55.44235139133282,91.29791972728248,76.14685339229932,0.19270338992972774,0.8571128211597494,0.9377098955697658,0.7892739593417232,0.9534790515899658,0.8482332229614258
RobustScaler,199,0,53.3949806425469,90.90808358274656,76.31532764732722,0.1783234045210526,0.858716134165236,0.9348133290787254,0.7940755082284608,0.8898236751556396,0.8586223125457764
RobustScaler,202,0,53.7171262806021,90.97290044743184,76.23109051981328,0.18001333249442922,0.8580710064132121,0.935218602951254,0.7926815101645692,0.5765414237976074,0.8730437755584717
RobustScaler,205,0,53.01248012874468,90.82824120727251,76.40307465515426,0.17602228125736935,0.8594014680971203,0.9342942888323027,0.7956243949661181,0.6951606273651123,0.8652355670928955
RobustScaler,208,0,53.89352420389706,90.99784059737345,76.23109051981328,0.18150434085609174,0.8580293501048218,0.9354971428571428,0.7924104549854792,1.0514845848083496,0.8704209327697754
RobustScaler,211,0,53.20211563055334,90.85742035688887,76.41360429609351,0.17763133691696975,0.8594318704765093,0.9345798644283699,0.7954695062923524,0.41103363037109375,0.8810813426971436
RobustScaler,214,0,53.58702502343883,90.96927943448577,76.39956477484118,0.1794108565759495,0.8592834421563703,0.9349241768750853,0.7949661181026138,0.8150286674499512,0.8752977848052979
RobustScaler,217,0,52.97666575404742,90.78787108825264,76.31181776701415,0.17507739275562506,0.8587809420183716,0.9342165164344897,0.7946176185866408,0.9724905490875244,0.8747460842132568
RobustScaler,220,0,53.307497736002254,90.87191756816102,76.39254501421502,0.17762674170161202,0.8592828151805515,0.9346015564556501,0.7951984511132624,0.4162764549255371,0.8818235397338867
RobustScaler,223,0,53.2230918329776,90.87374838341539,76.51539082517286,0.1778338736516475,0.8601467299291432,0.9345081297120538,0.7967473378509197,0.44117188453674316,0.8980493545532227
RobustScaler,226,0,53.16406739632633,90.81123990052947,76.29777824576182,0.17600314971410028,0.8586558385834188,0.934402332361516,0.794269119070668,1.0196292400360107,0.9020564556121826
RobustScaler,229,0,57.71154816777767,91.68149782636405,76.41360429609351,0.21224401767703066,0.8584607607734108,0.9411628873597192,0.7891190706679574,0.5135841369628906,0.9032065868377686
RobustScaler,232,0,54.07213565249977,90.97458076218253,76.67333543926152,0.18633355072526445,0.8610321177651389,0.9359061775535251,0.7972507260406583,0.9783320426940918,0.8923883438110352
RobustScaler,235,0,55.27248220574022,91.2536816831212,76.40307465515426,0.19368321504247218,0.8589116702692493,0.9375973609456612,0.7924104549854792,0.45438551902770996,0.9072399139404297
RobustScaler,238,0,53.79671442546019,90.91533959251971,76.64876627706995,0.1839398302313721,0.8609235528983841,0.9354897328729784,0.7973668925459826,0.8337812423706055,0.9004287719726562
RobustScaler,241,0,53.96213404754867,90.92620977906837,76.59260819206065,0.18484420299053703,0.8605016001840735,0.9357201346556273,0.7964762826718296,0.513333797454834,0.9046928882598877
RobustScaler,244,0,55.832196916605724,91.27695059393312,76.52241058579902,0.19894429114635134,0.859613406930132,0.9384566034277335,0.7929912875121007,0.85198974609375,0.9168157577514648
RobustScaler,247,0,53.963754249307726,90.92755771720904,76.52943034642519,0.18460821728672902,0.8600606885005755,0.9357468123861566,0.795701839303001,0.5230238437652588,0.9288439750671387
RobustScaler,250,0,53.98246609086927,90.94306133892908,76.61366747393915,0.1854920998381461,0.8606329352214018,0.9358169577874818,0.7966311713455954,0.9374780654907227,0.8985464572906494
RobustScaler,253,0,53.860210938504224,90.97865041675226,75.68003931065951,0.1788444439157105,0.854172366621067,0.935592438911941,0.7857889641819942,0.5552308559417725,0.9169187545776367
RobustScaler,256,0,53.85782529853179,90.90907932724909,76.67333543926152,0.18462576252171886,0.8610785953177258,0.9355893708834885,0.7975605033881897,0.5394818782806396,0.9752449989318848
RobustScaler,259,0,54.181998549008014,91.02134699849775,76.64174651644379,0.18685359540092414,0.8607944443282365,0.9360385770175598,0.7967473378509197,0.44197773933410645,0.9390397071838379
RobustScaler,262,0,53.57640765467262,90.83086081724703,76.40307465515426,0.18158292616306562,0.8592484036428347,0.9353236098450319,0.7946176185866408,1.0046613216400146,0.912973165512085
RobustScaler,265,0,53.94617967173303,90.98108696573092,76.3012881260749,0.18286965166336058,0.8584901705998239,0.9356754534240943,0.7930687318489835,0.8695859909057617,0.9351637363433838
RobustScaler,268,0,53.60797290319675,90.7570022956353,76.5820785511214,0.18323937645355212,0.8604709523610355,0.9354340017278225,0.7966311713455954,0.517296552658081,0.9465117454528809
RobustScaler,271,0,53.413368589001074,90.93751908559604,74.58495665297814,0.16380197634804644,0.8467286158796012,0.9338406947427398,0.7744820909970959,0.6769232749938965,0.9495317935943604
RobustScaler,274,0,53.6224937163623,90.80969035801925,76.4311536976589,0.18208865609209104,0.8594335475497686,0.9353868586530575,0.7948886737657309,0.5786380767822266,0.9533729553222656
RobustScaler,277,0,53.849913107512116,90.88887090075292,76.6206872345653,0.1842854172636503,0.8607155552767497,0.9355850531866533,0.7969409486931268,0.692542552947998,0.9528875350952148
RobustScaler,280,0,53.970946754113506,90.97906267032216,76.69439472114001,0.18570199106092874,0.8611982106275345,0.9357652296370327,0.7976379477250726,0.7289080619812012,0.9228212833404541
RobustScaler,283,0,53.869769475282666,90.86052717244937,76.64876627706995,0.18522121048375983,0.8608886565603764,0.9357272727272727,0.797134559535334,0.5074737071990967,0.9714562892913818
RobustScaler,286,0,53.68573169429821,90.79477959991064,76.67333543926152,0.183984696215454,0.8610960163859048,0.9354706870714318,0.797676669893514,0.8124034404754639,0.9481720924377441
RobustScaler,289,0,54.28239731762563,90.99721161819161,76.7330034045839,0.18781664719483077,0.861413668387933,0.9361141403126136,0.7977541142303969,0.5744216442108154,0.963127851486206
RobustScaler,292,0,54.04363143060692,90.80099629823178,76.7891614895932,0.18606273760540337,0.8618579097992521,0.9357253016420213,0.7987996127783156,0.5184452533721924,0.9679431915283203
RobustScaler,295,0,53.365390718444374,90.90461900479919,74.60250605454354,0.1646050056091547,0.8468312095169552,0.9339776812812252,0.7745595353339787,0.5235512256622314,0.9552671909332275
RobustScaler,298,0,53.642085739247,90.80287466049708,76.3188375276403,0.1811345177090085,0.8586630915222992,0.9353322380430814,0.7936108422071636,0.4293999671936035,0.9759652614593506
RobustScaler,301,0,56.93383607276456,91.43627433930789,76.92955670211646,0.2064358486544385,0.8622965244170699,0.9393828738360416,0.7969022265246853,0.570136308670044,0.9747395515441895
RobustScaler,304,0,58.73376838885424,91.43658863410464,92.43971780562282,0.5084227434434756,0.9587830080367393,0.9477208246642709,0.9701064859632139,2.488008737564087,1.4170513153076172
RobustScaler,307,0,54.27126868842089,90.86156709854379,77.12961987996209,0.18905406490505547,0.8641764288989869,0.9358887534425934,0.8026718296224589,0.5682992935180664,0.966160774230957
RobustScaler,310,0,54.13037940027118,90.87440947643944,76.7330034045839,0.18781664719483077,0.861413668387933,0.9361141403126136,0.7977541142303969,0.6756720542907715,0.9887282848358154
RobustScaler,313,0,54.67719059484135,90.9743948322209,76.87690849742023,0.19019666108468905,0.8623657711110183,0.936391270813484,0.7991868344627299,0.8505110740661621,1.0014612674713135
RobustScaler,316,0,54.720631755228254,90.92755317750347,77.0137938296304,0.19229888424236255,0.8632748074072527,0.9366222705445321,0.8005808325266215,0.8466165065765381,0.9700684547424316
RobustScaler,319,0,54.03757328489915,90.80392258350646,76.96465550524726,0.18600184110854703,0.8630968522497341,0.9355159627385367,0.8010842207163601,0.8874468803405762,0.997910737991333
RobustScaler,322,0,53.47723910648524,90.72142664477434,76.70141448176618,0.18299716733246385,0.861321188317386,0.9352570210063065,0.7982187802516941,0.66432785987854,1.013169288635254
RobustScaler,325,0,54.87702951875433,90.98759391940867,76.95412586430803,0.1940029009788573,0.8628081905557877,0.9370093033809848,0.7994966118102613,0.7008130550384521,0.9985189437866211
RobustScaler,328,0,54.08713795099308,90.81696833399681,76.97167526587343,0.18693353591505665,0.8631214403438132,0.9356793920752668,0.8010067763794773,0.5420496463775635,0.9796116352081299
RobustScaler,331,0,53.79347111705323,90.71919257101763,77.51570671440103,0.18635403020133376,0.8669518983135333,0.9349549791694665,0.8081703775411423,0.7008473873138428,1.0070881843566895
RobustScaler,334,0,53.86349346291075,90.74345825038635,76.74704292583623,0.18583078564333672,0.8615667509455253,0.9357298474945533,0.798296224588577,0.5876567363739014,0.9956119060516357
RobustScaler,337,0,42.578986469753936,89.23029652290664,88.00673897020111,0.22420727667786616,0.9345264327731898,0.9249734486420877,0.9442787996127783,0.6910326480865479,1.0286097526550293
RobustScaler,340,0,52.352740653701666,90.70636947833187,75.93977045382752,0.16762351607930825,0.8563465286363923,0.9332237142596145,0.7911713455953533,0.43503737449645996,1.0063388347625732
RobustScaler,343,0,53.88023578982839,91.00896230574496,75.0447509739918,0.17608979890062904,0.8496828752642707,0.9357392316647264,0.7781219748305905,0.8964376449584961,1.03639817237854
RobustScaler,346,0,51.17846983527101,90.50358930600343,73.92509915411884,0.14864525334907408,0.8424022571543732,0.9315473397766726,0.7688286544046466,0.9243288040161133,1.0063536167144775
RobustScaler,349,0,51.1419539299152,90.43725357620767,74.11112281071216,0.1495433631195313,0.843728813559322,0.9315555555555556,0.7710358180058083,0.8851258754730225,1.026252031326294
RobustScaler,1,1,58.208366951369975,91.28573582190403,78.12993576919027,0.15608968088326708,0.871945580468156,0.9290531663309101,0.8214520813165537,0.5781350135803223,0.6754858493804932
RobustScaler,4,1,57.98263457442289,91.11903275986135,78.13344564950336,0.15680257380902363,0.8719529740617421,0.9291690393797363,0.8213746369796708,0.469191312789917,0.6645839214324951
RobustScaler,7,1,58.741322552322494,91.21660070026341,70.32045207258433,0.1451635606237465,0.8155242375321785,0.9339429370908909,0.723756050338819,0.5354270935058594,0.6612706184387207
RobustScaler,10,1,58.25333317840592,90.82027562209296,72.65101260047032,0.14140664436155836,0.8332691402405101,0.9312257879382084,0.7539593417231365,0.8557498455047607,0.6711819171905518
RobustScaler,13,1,53.17117420691088,89.80075457636556,81.53802955319223,0.13237191762729128,0.8951606473730368,0.9223312933831683,0.8695450145208131,0.524651050567627,0.6810929775238037
RobustScaler,16,1,58.99423089073332,91.01176164761002,70.2502544663227,0.14763469672561585,0.8148859963309164,0.9345288784250864,0.7224007744433688,0.5867810249328613,0.6684818267822266
RobustScaler,19,1,51.71269269398666,90.05990529196085,80.14811694921204,0.11456523128731387,0.8863846370173959,0.9209416871895479,0.8543272023233301,0.6032953262329102,0.7005817890167236
RobustScaler,22,1,54.23922050212455,90.73286355942739,80.73777684180969,0.12730897589997478,0.8900288554023725,0.9222974376012293,0.8599419167473379,0.7385241985321045,0.6907408237457275
RobustScaler,25,1,53.48766693125363,89.91303253112373,82.09961040328525,0.1397650555131196,0.8986728125248351,0.922838372709838,0.8757405614714424,0.6838290691375732,0.6971073150634766
RobustScaler,28,1,54.052945230499304,90.82267983558732,82.09259064265908,0.14042944053867362,0.8986169620856848,0.9229356300257153,0.8755469506292353,0.6240906715393066,0.6835286617279053
RobustScaler,31,1,52.03308232672883,90.43583792228624,79.52686813379664,0.11281752570089403,0.8823066524081435,0.9211324570273003,0.846621490803485,0.6116557121276855,0.7117891311645508
RobustScaler,34,1,51.83208072105151,90.09207541421111,79.55494717630128,0.11484059506662542,0.8824538391686005,0.9214075010535188,0.8466602129719264,0.6620852947235107,0.705888032913208
RobustScaler,37,1,52.51109050253851,90.354383567425,79.91295496823558,0.11429607107004162,0.8848375088037026,0.9210724759111856,0.8513455953533398,0.7923920154571533,0.7123880386352539
RobustScaler,40,1,61.1919899142259,90.72440371738809,63.040960303253655,0.21328759698353122,0.7522119728915663,0.9587307300101974,0.6188964181994192,0.48608994483947754,0.6943020820617676
RobustScaler,43,1,61.819294852754815,91.10904441598994,64.31504685690219,0.2249888098079878,0.7626473678067002,0.9602586713697825,0.632487899322362,0.7740399837493896,0.6965944766998291
RobustScaler,46,1,54.614759449785,89.97044122805626,64.05882559404724,0.17061284016908201,0.763521315412683,0.9458717171139212,0.6401161665053243,0.7022347450256348,1.0813000202178955
RobustScaler,49,1,53.35195052393302,89.7273948695395,64.07286511529958,0.1623039855321713,0.7641039823008849,0.9437012580406444,0.6419361084220716,0.8845436573028564,0.7027420997619629
RobustScaler,52,1,56.19526808129912,90.44760199697667,58.95896949914008,0.16736289112149677,0.7183156271831562,0.950465383144205,0.5773088092933204,0.5064470767974854,0.7051634788513184
RobustScaler,55,1,46.618125489746106,87.68669079677883,69.88522691376224,0.10814330918523918,0.8136322168643295,0.926581902735863,0.7252274927395934,0.8216934204101562,0.7289071083068848
RobustScaler,58,1,53.87182904148109,88.94838893734726,60.93854199571794,0.15378649006998485,0.7372447172706882,0.9445251058681186,0.604569215876089,0.5592913627624512,0.7285952568054199
RobustScaler,61,1,54.15500196443108,89.79026238089112,61.026289003544974,0.1544025963560162,0.737989617744219,0.9446088794926004,0.6055372700871249,0.841421365737915,0.7154242992401123
RobustScaler,64,1,54.07807397154226,89.84544231245779,60.724439296619984,0.151896878851489,0.7354484845619178,0.9442117404237237,0.6022846079380445,0.4884805679321289,0.7321703433990479
RobustScaler,67,1,53.91506468098147,89.97807764057735,61.02979888385806,0.15403735973044475,0.7380441193818568,0.9445048309178744,0.6056534365924492,0.9306416511535645,0.7126641273498535
RobustScaler,70,1,54.04707590256712,90.05993384301031,61.170194096381316,0.15483000938794358,0.7392462347090296,0.9445849897602698,0.607241045498548,0.4527313709259033,0.7332022190093994
RobustScaler,73,1,54.01683383091659,89.96054174696452,61.370257274226944,0.15487624894534907,0.7410231069697397,0.9444011275715228,0.6097192642787996,0.5784003734588623,0.7450971603393555
RobustScaler,76,1,52.963623529309245,89.65707349478919,59.80485065459268,0.1462905930352876,0.7275149900066622,0.9435289761155342,0.5919845111326234,0.6951699256896973,0.721503734588623
RobustScaler,79,1,56.51196923141725,90.78395831867469,62.53553753816995,0.17079333640401803,0.7503274700598802,0.9475394340402906,0.6210648596321394,0.6630411148071289,0.7454526424407959
RobustScaler,82,1,56.01676992336178,90.74181780099337,62.854936646660356,0.1668643545868479,0.753350269186846,0.9461421379229599,0.6258276863504356,0.6351850032806396,0.7507264614105225
RobustScaler,85,1,54.44426208197741,90.54102268898761,62.55308693973536,0.15179218971724484,0.7516122273182315,0.9424334423166745,0.6250532429816069,0.568988561630249,0.7399775981903076
RobustScaler,88,1,54.55847795443536,90.73509258547364,62.47235969253448,0.15433903835663462,0.7507576110774395,0.9431851461371756,0.6235430784123911,0.7460253238677979,0.7481787204742432
RobustScaler,91,1,56.02512874104296,91.04802886160314,62.5250078972307,0.1668197611324245,0.7504732524714296,0.9464748879981136,0.6217231364956437,0.5936102867126465,0.7573971748352051
RobustScaler,94,1,55.67457474242713,90.99279358014512,62.59871538380541,0.1640359187532222,0.7512837270096163,0.9456489805511488,0.6231945788964182,0.6609857082366943,0.745877742767334
RobustScaler,97,1,63.27175888841523,92.04753648382219,80.22533431609982,0.3051716878884427,0.8828446662507798,0.9534246575342465,0.8219941916747338,0.5375463962554932,0.7521688938140869
RobustScaler,100,1,62.55349897493735,91.8514330829591,76.20652135762171,0.26049387583603,0.8555354288758658,0.9513270142180095,0.777270087124879,0.6703376770019531,0.7573442459106445
RobustScaler,103,1,63.22124650233227,91.93891128297452,78.7266154224141,0.2899276833759082,0.8727509395141819,0.953178024396955,0.8048402710551791,0.7369928359985352,0.784276008605957
RobustScaler,106,1,62.92774016350167,91.86002008518938,79.15131094029694,0.29159568127002977,0.8756958104884276,0.9527343927872137,0.8101839303000968,0.6919934749603271,0.7862453460693359
RobustScaler,109,1,60.84480486046002,91.44959805701785,78.7266154224141,0.2749607077446392,0.8731451055903221,0.9501229844219732,0.8077057115198452,0.6454832553863525,0.7747917175292969
RobustScaler,112,1,58.47959424512469,91.87752588137592,75.22375486995894,0.2248529144869535,0.8494786446894258,0.9452828397873956,0.7713068731848983,0.50142502784729,0.7657208442687988
RobustScaler,115,1,58.54583152080372,91.86298432102396,75.27640307465515,0.22640395387829626,0.8498145068440578,0.945533045499834,0.7716940948693127,0.918764591217041,0.7678263187408447
RobustScaler,118,1,57.99227154320042,91.80942964556435,75.35362044154294,0.2229081349148049,0.8504875867648938,0.9447046024312946,0.7733591481122943,2.4213900566101074,0.7815408706665039
RobustScaler,121,1,58.4839312441857,91.88144035453605,75.40977852655224,0.22714960282924201,0.850764708388361,0.9455044742199706,0.7732817037754114,0.8345179557800293,0.763150691986084
RobustScaler,124,1,57.95984136401962,91.73905369733986,75.33958092029062,0.22317367379237577,0.8503769325780485,0.9447783088061326,0.7731268151016457,0.7833995819091797,0.7840240001678467
RobustScaler,127,1,57.88829104662418,91.76266584692455,75.40626864623916,0.22303534648428563,0.8508672980738533,0.9446597353497165,0.7740174249757986,0.6884355545043945,0.7953517436981201
RobustScaler,130,1,56.91630797341155,91.62942078291462,75.60282194377172,0.21623108315143516,0.8525049334776242,0.94301004600507,0.7778509196515004,0.613605260848999,0.7799017429351807
RobustScaler,133,1,59.28014094520726,92.07071097480039,75.76778631848654,0.23428760424703252,0.8531501254945335,0.9464816650148662,0.7765730880929332,0.6879043579101562,0.7919507026672363
RobustScaler,136,1,57.174735600647494,91.54818325285095,75.31501175809905,0.21740464081472097,0.8503776194021913,0.9436260623229462,0.7739012584704743,0.4505026340484619,0.786731481552124
RobustScaler,139,1,57.746873794925015,91.63177405662456,75.47646625250079,0.22170714221079763,0.8514194577352472,0.9442924528301887,0.7751790900290416,0.5896363258361816,0.810328483581543
RobustScaler,142,1,56.314817329695444,91.40810664663401,74.94998420553858,0.20799403054356994,0.8480098813808378,0.942173007760742,0.7709583736689255,0.7256474494934082,0.7942101955413818
RobustScaler,145,1,58.37790715829975,91.92837916028913,79.7409708328946,0.25946171081140323,0.8805908395051513,0.9453649002798383,0.8241239109390126,0.7592732906341553,0.8011898994445801
RobustScaler,148,1,57.638410328622825,91.64509149316457,75.72917763504265,0.22266084388379945,0.85322522446034,0.9441469372416385,0.7782768635043562,0.6503818035125732,0.807783842086792
RobustScaler,151,1,57.29256515484147,91.52591509741765,75.35362044154294,0.21738630879084067,0.850659293917482,0.9435715970747818,0.774404646660213,0.5759842395782471,0.8061163425445557
RobustScaler,154,1,58.08284016793163,91.89222379923999,79.74799059352075,0.2572507337888489,0.88069145196642,0.9449349957847096,0.8246272991287512,0.5476768016815186,0.821460485458374
RobustScaler,157,1,57.71908998546829,91.71177602875122,79.47421992910041,0.25303595530395123,0.8789033380270024,0.944585391908132,0.8217618586640852,0.700772762298584,0.8152565956115723
RobustScaler,160,1,59.15104477958793,92.03111432541904,79.56898669755361,0.26357481465890115,0.8793049824794211,0.9464381360471344,0.8210648596321394,0.749396562576294,0.809018611907959
RobustScaler,163,1,60.66474532476293,92.25229440335868,79.85328700291319,0.27785010035369895,0.8809276853503714,0.9487064921138466,0.8221878025169409,0.5674338340759277,0.839658260345459
RobustScaler,166,1,59.65225648135169,92.06652912407316,79.71991155101611,0.26999983049122644,0.8801940781288878,0.947417756550462,0.8218780251694094,1.6923167705535889,0.8413317203521729
RobustScaler,169,1,59.76535324537814,92.10424743743,79.71640167070304,0.2699561739624495,0.8801708586476455,0.9474154093384519,0.8218393030009681,0.4865133762359619,0.8522379398345947
RobustScaler,172,1,58.9420721588916,91.89079844173685,79.83573760134779,0.26522589555174475,0.8811075929719997,0.9463015647226174,0.8243175217812198,0.8805444240570068,0.817805290222168
RobustScaler,175,1,58.99153733254223,91.93215440855533,79.77606963602541,0.2651043324140814,0.8806989937471531,0.9463801005651226,0.823543078412391,0.8024017810821533,0.8529500961303711
RobustScaler,178,1,61.55840024865849,92.42540070981902,79.97964269418412,0.2851834541820665,0.8816253683642552,0.9499127945977371,0.8224975798644724,0.5902299880981445,0.8457643985748291
RobustScaler,181,1,58.24113555010243,91.80171460288277,79.76203011477308,0.25930614779930516,0.8807396376272028,0.9453003596323758,0.8244336882865441,2.4871368408203125,0.8811995983123779
RobustScaler,184,1,57.72445386273966,91.6418772109458,79.75150047383384,0.2556198479649345,0.8807540461770603,0.9446217965771039,0.8249757986447241,0.5703608989715576,0.8432164192199707
RobustScaler,187,1,57.799999854755555,91.69222157088666,79.82169808009547,0.2564940528707062,0.8812165540610343,0.9446708602817401,0.8257502420135527,0.825542688369751,0.8783669471740723
RobustScaler,190,1,57.62501806477758,91.62156177920417,79.86381664385245,0.25534261066798575,0.8815330290953394,0.9443854526148129,0.8265246853823814,1.0199811458587646,0.8404464721679688
RobustScaler,193,1,57.04896771143415,91.50871234067914,80.11652802639429,0.2534723267701967,0.883308958329042,0.94362292051756,0.830242013552759,0.45738911628723145,0.8654687404632568
RobustScaler,196,1,57.3033836871609,91.54376702513865,80.09195886420272,0.2550585000693827,0.8831045711223775,0.9439573511917875,0.829622458857696,1.1429862976074219,0.8749499320983887
RobustScaler,199,1,58.333667153477634,91.73327391053878,79.89891544698325,0.2616424645236073,0.8816270850127116,0.9455133888987409,0.8258276863504356,1.6469168663024902,0.971651554107666
RobustScaler,202,1,58.87245286636277,91.88931682390627,79.86030676353937,0.2644933760043606,0.8812942198684265,0.9461200195442633,0.8247821878025169,1.2094838619232178,0.8561880588531494
RobustScaler,205,1,59.244153729623115,91.99389509133196,79.68832262819838,0.2652585711996275,0.8800895132715858,0.9465591014441077,0.8223426911907067,0.7055134773254395,0.8695552349090576
RobustScaler,208,1,57.03536193825804,91.4741791640092,80.07791934295041,0.2529838615013509,0.8830558760507664,0.9435956144599533,0.8298160696999032,2.4430480003356934,0.9133777618408203
RobustScaler,211,1,57.27186055952516,91.53402003710667,79.93752413042715,0.25311283966521597,0.8820908453319032,0.9438484968878295,0.827918683446273,0.6034834384918213,0.8726258277893066
RobustScaler,214,1,58.779425253215535,91.87010972840436,79.7023621494507,0.2623162697344434,0.8802567553576974,0.9459724076546506,0.8230784123910939,0.861342191696167,0.8774237632751465
RobustScaler,217,1,56.97263667320509,91.48135289656196,79.9094450879225,0.24875370036589164,0.8819988455512493,0.9430851298329145,0.8283446272991287,0.8831744194030762,0.8810858726501465
RobustScaler,220,1,58.300263836530284,91.74486442926568,79.95156365167948,0.2614682071476633,0.8819932237005206,0.9453917356835998,0.8265634075508228,0.7595913410186768,0.8798835277557373
RobustScaler,223,1,59.43868251670855,91.96202712766028,79.86732652416552,0.2691499383793399,0.8812324001987742,0.9469983534333141,0.8240077444336883,0.7075967788696289,0.9390819072723389
RobustScaler,226,1,57.49337285918769,91.54881228409167,80.02527113825418,0.25610969148687684,0.8826234918015882,0.9442630185348632,0.8285382381413359,0.6900520324707031,0.8863427639007568
RobustScaler,229,1,58.441115361124886,91.69420847285983,80.20076515390825,0.26483225040816655,0.8836259360881316,0.9456022606852702,0.8292739593417231,0.7216296195983887,0.9218418598175049
RobustScaler,232,1,57.640819207706095,91.56744240343619,80.10599838545505,0.25776050240991344,0.8831388396354789,0.9444370948538167,0.8293126815101646,0.9154269695281982,1.2599365711212158
RobustScaler,235,1,57.1096450298441,91.50575394533253,80.00070197606262,0.25137709337653374,0.8825638911788953,0.9434236615994712,0.829080348499516,2.9674694538116455,1.0995688438415527
RobustScaler,238,1,57.726710235158016,91.61484291052291,80.16215647046435,0.2586831869291301,0.8835023497402918,0.9445154466528579,0.829893514036786,1.3166515827178955,0.9041581153869629
RobustScaler,241,1,57.35451190968119,91.45631213712304,80.05686006107192,0.2554568374922251,0.8828550222662048,0.9440892455575642,0.829080348499516,0.7180733680725098,0.8951272964477539
RobustScaler,244,1,57.73454835151188,91.55691883088966,80.03229089888035,0.25766857621943207,0.8826356940977451,0.9445425644648534,0.8283446272991287,0.6885907649993896,0.9117374420166016
RobustScaler,247,1,56.952225471663176,91.55792516329464,77.81755642132603,0.22983046308148442,0.8679371447676363,0.9426716898915165,0.8041819941916747,1.8774352073669434,0.940061092376709
RobustScaler,250,1,57.4426912633289,91.5265130997475,80.04633042013268,0.2544819071020197,0.8828052526335319,0.9439252336448598,0.8291190706679574,1.203824758529663,0.9314858913421631
RobustScaler,253,1,57.353785687467365,91.42979154558364,80.03931065950651,0.2543933304754481,0.882759189395345,0.9439202892161185,0.8290416263310746,0.5638704299926758,0.9228670597076416
RobustScaler,256,1,57.60340932280504,91.56710623585823,80.12003790670738,0.25751812543308805,0.8832405689548547,0.9443685254573507,0.8295450145208132,0.5482149124145508,0.9886152744293213
RobustScaler,259,1,57.27651273902696,91.39138615376845,80.08844898388965,0.2539605626352562,0.8831056438152933,0.9437593587597992,0.8297773475314617,0.45731210708618164,1.00262451171875
RobustScaler,262,1,57.24573544160483,91.38632102482755,79.95858341230564,0.2531666243704809,0.8822340469413852,0.9438241913419532,0.828189738625363,0.7791211605072021,0.9382100105285645
RobustScaler,265,1,57.45938565958044,91.47054612258185,80.060369941385,0.2552907331272281,0.8828828828828829,0.9440525526849484,0.8291577928363988,0.7983865737915039,0.9185585975646973
RobustScaler,268,1,57.220025722790815,91.43742392951843,79.87434628479168,0.25190061426104954,0.8816853747111257,0.9437254295684439,0.82729912875121,0.3935248851776123,0.9772932529449463
RobustScaler,271,1,57.14895471205652,91.63192497967,77.77192797725597,0.2311949989015359,0.8675797177208573,0.943,0.8033301064859633,0.8030648231506348,0.9527232646942139
RobustScaler,274,1,57.39017813504683,91.50873696198552,79.93752413042715,0.2537442121690038,0.8820762502063046,0.9439660882236057,0.8278025169409486,0.502394437789917,0.9401781558990479
RobustScaler,277,1,57.110694420943084,91.39781997253476,80.00070197606262,0.2522209964697632,0.882544525065963,0.9435800238021774,0.8289254598257503,0.6994380950927734,0.9573197364807129
RobustScaler,280,1,57.39080413859514,91.63635856377118,78.28437050296586,0.23430745238407522,0.8710961101735525,0.9428558542305611,0.809486931268151,1.0342185497283936,1.064558744430542
RobustScaler,283,1,57.30336117427227,91.4856839510517,79.42859148503037,0.24891653662290714,0.8786868958665369,0.9438811810743508,0.8219167473378509,0.5099568367004395,0.9686374664306641
RobustScaler,286,1,59.25232227708427,91.86531371889957,79.89540556667018,0.2670123423405599,0.8814765767257077,0.9465404612718304,0.8247821878025169,1.0022318363189697,0.9678075313568115
RobustScaler,289,1,57.83493695301851,91.51413342591039,80.13056754764662,0.2578618379981805,0.8833048174640803,0.9444150577448647,0.829622458857696,0.6714920997619629,0.980463981628418
RobustScaler,292,1,56.98667454859843,91.3500153711663,79.8181881997824,0.2503572356096909,0.8813356447086016,0.9435287879457381,0.8268344627299129,0.4564235210418701,0.9579651355743408
RobustScaler,295,1,58.55128254474074,91.6922175808878,79.17237022217543,0.2566598160650461,0.8767242812032574,0.9457666621845726,0.8170764762826719,0.9382085800170898,0.9943692684173584
RobustScaler,298,1,57.02811569300843,91.31494829883286,79.97613281387105,0.25170112252010807,0.8823881089327313,0.9435234988096288,0.8286931268151017,0.6766366958618164,0.9725666046142578
RobustScaler,301,1,59.03195595607518,91.85521341577837,79.56196693692745,0.2630732621129697,0.8792685202463146,0.9463536552709095,0.8210648596321394,0.6409416198730469,1.288236379623413
RobustScaler,304,1,56.94876211792542,91.31891083292471,80.08142922326348,0.2521839709097619,0.8830981563497785,0.9434419014084507,0.8300096805421103,0.74928879737854,0.9809870719909668
RobustScaler,307,1,57.22982246045538,91.5625319531423,78.34052858797514,0.2349547598793886,0.8714723095828213,0.942897061474671,0.8101064859632139,0.649730920791626,0.9801828861236572
RobustScaler,310,1,57.40843100416924,91.45863767738133,80.08142922326348,0.2549253099420085,0.8830355118613327,0.9439499427161364,0.8295062923523717,0.6156027317047119,1.0106332302093506
RobustScaler,313,1,57.21372647130806,91.35949489345793,80.05686006107192,0.2535613891251629,0.8828984790404353,0.9437370577609375,0.8294288480154889,0.6423635482788086,1.0082521438598633
RobustScaler,316,1,56.97222272654321,91.23278245372123,79.99719209574954,0.25175496839324,0.8825311759249717,0.9434993389158219,0.8289641819941916,0.46414852142333984,1.0158166885375977
RobustScaler,319,1,57.07701368711005,91.2791966470388,79.90593520760942,0.2518745642353583,0.8819027580089527,0.9436694331626346,0.8277250726040658,0.6114785671234131,1.0050020217895508
RobustScaler,322,1,57.109013216518065,91.29413791378371,80.02878101856726,0.25299635698742884,0.8827191029763377,0.9436781102639813,0.8291577928363988,0.7929842472076416,1.0124030113220215
RobustScaler,325,1,57.26734490979957,91.41263522656024,79.94454389105331,0.25299037303325295,0.8821418258322676,0.9438142737343868,0.8280348499515973,0.6905348300933838,1.0243103504180908
RobustScaler,328,1,57.036326361358,91.29170576765233,80.07089958232424,0.2526841693238508,0.8830146695236526,0.9435515829333803,0.8297773475314617,0.5999264717102051,0.9909756183624268
RobustScaler,331,1,57.12184265814761,91.30813516668495,80.04282053981959,0.2535949706655027,0.8828015500041223,0.9437662509364947,0.8292352371732817,0.5886964797973633,1.0128371715545654
RobustScaler,334,1,57.07443559825096,91.31949546449056,79.81116843915622,0.2502697912990162,0.8812894704255583,0.943523796897786,0.8267570183930301,0.6745212078094482,1.0356292724609375
RobustScaler,337,1,59.13930757616801,91.7766623956737,78.22119265733039,0.25329509904535585,0.8701584046537906,0.9466399562921144,0.8051113262342691,1.0239856243133545,1.0105082988739014
RobustScaler,340,1,56.99630207648717,91.25196715536703,80.04984030044575,0.2524182936321625,0.8828765711930765,0.943536665932614,0.8295450145208132,0.5477731227874756,1.0348892211914062
RobustScaler,343,1,57.46357305686538,91.32806639412196,80.42188761363236,0.25779556193398206,0.8852971416820893,0.9439158079368559,0.8335333978702807,0.47127652168273926,1.0088303089141846
RobustScaler,346,1,58.69959164524916,91.79031238007033,80.29904180267454,0.2650428990809184,0.8842942837706912,0.9454729789297364,0.8305517909002904,0.5623857975006104,1.032181978225708
RobustScaler,349,1,56.92138426668622,91.41696131181965,78.34403846828823,0.23101116893671417,0.8715974361108799,0.9421424393755342,0.8108809293320426,0.633551836013794,1.0299625396728516
RobustScaler,1,3,59.706797948277,91.42249395702979,69.63953529184654,0.1605588381741078,0.8096223259089709,0.9378919993880985,0.712216844143272,0.9327402114868164,0.6823344230651855
RobustScaler,4,3,57.867444111753976,90.74433603220416,78.10887648731179,0.15608267522006364,0.8718011962755133,0.9290721107508981,0.8211810261374637,0.7653636932373047,0.6882259845733643
RobustScaler,7,3,60.03036916053796,91.22056805676888,69.18325085114597,0.16821789107311017,0.8057178261639228,0.9400526669076263,0.7049757986447241,0.5036203861236572,0.7009265422821045
RobustScaler,10,3,59.143837024115655,90.67340761129668,70.03264188691166,0.15048819962664162,0.8130910683012259,0.9353311508436162,0.7191093901258471,0.581336498260498,0.667896032333374
RobustScaler,13,3,50.079883717299126,89.29596862987796,79.28819627250711,0.10501485932255647,0.8808721106288483,0.9201602699283002,0.8448015488867376,0.801973819732666,0.6774497032165527
RobustScaler,16,3,58.29713672367753,90.3091034599899,69.41841283212243,0.14029939382849793,0.8087366919108769,0.9336543335022808,0.7133010648596322,0.6863625049591064,0.6766567230224609
RobustScaler,19,3,51.68152686768013,89.5886586670785,80.30606156330069,0.1171660009719724,0.8873768089761346,0.9211951991998667,0.8559535333978703,0.7135796546936035,0.696758508682251
RobustScaler,22,3,51.60891408718589,89.64500507406396,80.10599838545505,0.11850946080030567,0.8860336992801705,0.9215358233301267,0.8531655372700871,0.563556432723999,1.0105469226837158
RobustScaler,25,3,51.634671736666014,90.1090734406437,79.46369028816117,0.11161648376950416,0.8819101055563404,0.9210016018885423,0.8460019361084221,0.5216803550720215,1.022934913635254
RobustScaler,28,3,52.41592126008269,90.40771166855981,79.94103401074022,0.11314412945845267,0.8850447551040933,0.9208874005860193,0.8518877057115198,0.829930305480957,0.7843236923217773
RobustScaler,31,3,52.020548457540336,90.00025546123528,80.06738970201116,0.11436388006376445,0.8858561292786364,0.920971247074557,0.8533204259438528,0.6619293689727783,0.7169458866119385
RobustScaler,34,3,52.1158411577725,89.91932619058082,79.8181881997824,0.1117295395931051,0.8842592592592593,0.9207713267658771,0.8505324298160697,0.7999298572540283,0.7061405181884766
RobustScaler,37,3,54.57192904227992,90.20825598233408,82.089080762346,0.14139257037945685,0.8985789525986286,0.923070641077991,0.8753533397870281,0.7090420722961426,0.8020808696746826
RobustScaler,40,3,61.37047354771897,90.58193637249028,63.42002737706645,0.21818187513446136,0.7552486966323799,0.9595989735632869,0.6226524685382382,0.6682367324829102,0.7163443565368652
RobustScaler,43,3,61.72608931516519,90.90706425089155,64.26239865220596,0.22343611694737714,0.7622805379155771,0.959898865173164,0.6321393998063891,0.7625668048858643,1.0190036296844482
RobustScaler,46,3,60.1702620718103,90.83928113668155,64.13955284124812,0.21400599052243607,0.7617581905095021,0.9574443141852286,0.632487899322362,0.4542219638824463,0.7360134124755859
RobustScaler,49,3,53.01938504955377,89.32185161484925,63.925450142150154,0.163562713475065,0.7627752388865808,0.9441746185932233,0.6398451113262342,0.6519320011138916,1.0296764373779297
RobustScaler,52,3,56.12738591230576,89.93842222964778,64.54318907725246,0.18749453427842544,0.7667190097912433,0.9497682933806282,0.6428267182962246,0.7864856719970703,0.7883620262145996
RobustScaler,55,3,46.366110404658286,87.80099693707176,74.97455336773015,0.09471739993430513,0.8515263837407855,0.9211154660539712,0.7917134559535334,0.9812593460083008,0.7262322902679443
RobustScaler,58,3,52.230736048000395,88.21552817385412,58.421957811238634,0.14463989480398443,0.7149251576262213,0.9443702714730752,0.5751790900290417,0.45575618743896484,0.7155721187591553
RobustScaler,61,3,52.68388273254181,89.33415276394255,58.71678775753747,0.1464436338285577,0.7175312199807877,0.9446095478975656,0.5784704743465634,0.7099437713623047,0.8204150199890137
RobustScaler,64,3,52.366939024204264,89.24328840455122,58.49917517812643,0.14477287594312485,0.7156325156325156,0.9443351317042209,0.576108422071636,0.7147598266601562,0.7396013736724854
RobustScaler,67,3,52.623064527022365,89.56594116617086,58.77645572285986,0.14665423082935722,0.7180681245349144,0.9446128584059619,0.5791674733785092,0.4131004810333252,0.7336845397949219
RobustScaler,70,3,54.35883656296456,89.90965462108298,61.09648660980661,0.16288398310151023,0.7380783590906943,0.9468865579336688,0.6047241045498548,1.7941343784332275,0.7537446022033691
RobustScaler,73,3,52.552005135843494,89.6042285966721,58.81857428661683,0.14694061240347225,0.7184372825226176,0.9446548024738104,0.5796321393998064,0.7405147552490234,0.7361240386962891
RobustScaler,76,3,54.60761923297862,90.05395160013488,61.507142606437114,0.16364035177022562,0.7416915938478932,0.9466690716690717,0.6096805421103582,0.48908138275146484,0.7363245487213135
RobustScaler,79,3,54.456791593832634,89.94381011136437,61.05436804604963,0.1627825068002162,0.7377080181543116,0.9469021178469568,0.6042207163601162,0.6936044692993164,0.7614736557006836
RobustScaler,82,3,57.198704564814975,90.78199798871137,62.60924502474465,0.1785285122016982,0.7505093796107637,0.9495673817707716,0.6204453049370765,2.028243064880371,0.8697009086608887
RobustScaler,85,3,57.270315884876354,91.1250609412656,62.78824892071181,0.17826636436027452,0.7520927839872796,0.9492946107077505,0.622729912875121,2.309244394302368,0.8692193031311035
RobustScaler,88,3,57.212304528213366,91.07970422662979,63.01639114106209,0.17817057705577471,0.7540899437559803,0.9490131578947368,0.625595353339787,0.6407618522644043,0.7576272487640381
RobustScaler,91,3,56.5638149614848,91.08356993831889,62.6934821522586,0.17407626370919582,0.7515137346580947,0.9482595870206489,0.6223814133591481,0.4594852924346924,0.8610694408416748
RobustScaler,94,3,56.465119910180825,91.0310260112899,62.78473904039872,0.1731784691193518,0.7523647149496695,0.9479166666666666,0.6236979670861569,0.7169103622436523,0.7757697105407715
RobustScaler,97,3,55.570162143633674,90.84536874868576,62.43024112877751,0.16828135982228432,0.7495554515676182,0.9469701448418564,0.6202516940948694,0.6353905200958252,0.7798175811767578
RobustScaler,100,3,64.6261066718761,92.26035460835793,80.98346846372539,0.3247241196187176,0.8876166770379589,0.9558186285459013,0.8284995159728945,0.598402738571167,0.7831034660339355
RobustScaler,103,3,64.70274780699046,92.16158713102138,81.20459092344952,0.32829185891142226,0.8890546336005967,0.9560645218786205,0.8308228460793804,0.7473757266998291,1.142258882522583
RobustScaler,106,3,64.40688342463157,92.07243027471391,81.03962654873469,0.32487411175248093,0.8879996682700282,0.9557281206765743,0.8292352371732817,0.7185418605804443,0.7757611274719238
RobustScaler,109,3,64.53096575208662,92.08419547514316,80.85711277245447,0.3240444771930213,0.8867618968524209,0.9559514749988809,0.8269119070667957,0.6778919696807861,0.7848608493804932
RobustScaler,112,3,62.268975278669615,91.63348568425586,80.84307325120214,0.30998346200897664,0.886993250238105,0.9531437725270324,0.8294288480154889,0.6587433815002441,0.765099048614502
RobustScaler,115,3,62.84281864270521,91.92186006723524,76.18195219543014,0.2678373292776571,0.8551300115281157,0.9529428557834134,0.7755275895450146,0.7868430614471436,0.7848069667816162
RobustScaler,118,3,59.66029648748101,91.84765636548758,76.22407075918711,0.24129529311367717,0.8562454904290989,0.947269568483824,0.7811810261374637,0.6607000827789307,0.7908225059509277
RobustScaler,121,3,58.77953128165876,91.67636683321625,76.44870309922432,0.24062450364099655,0.8578871568959675,0.9468000560983592,0.7842400774443369,0.7350330352783203,0.7831695079803467
RobustScaler,124,3,58.48719561303686,91.64728770633188,76.49784142360745,0.23870004991058708,0.8582977102467516,0.9463344066452004,0.7852468538238141,0.6624796390533447,0.778510570526123
RobustScaler,127,3,58.70125614656326,91.6758652075667,76.55048962830368,0.24007918814479043,0.8586360847210174,0.9465385333084531,0.7856727976766699,0.6622524261474609,0.8042685985565186
RobustScaler,130,3,58.881718009366814,91.87676902810028,76.59260819206065,0.2425701134113351,0.8588661037394452,0.9469852529400784,0.7857502420135528,0.46304774284362793,0.7814559936523438
RobustScaler,133,3,59.02337854550762,91.76428364222647,76.84180969428942,0.24627581082590377,0.8605486748108382,0.9473684210526315,0.7883059051306873,0.5240681171417236,0.8158612251281738
RobustScaler,136,3,59.512427477634176,91.96424077319978,76.82075041241093,0.2478807212130246,0.8603510255868049,0.9477288609364081,0.7877250726040659,0.6701788902282715,0.8956015110015869
RobustScaler,139,3,59.84052232806507,91.81717934467459,79.69534238882454,0.27526126410853974,0.8798970249340835,0.9484826783636201,0.8205614714424008,0.6282875537872314,0.8450679779052734
RobustScaler,142,3,58.02121440331041,91.53950230804519,79.05654417184374,0.2548502878168851,0.8759639969235247,0.945606319001885,0.8158760890609874,0.45753955841064453,0.8112249374389648
RobustScaler,145,3,58.1629265012284,91.55836275642636,78.47039415955915,0.2495775755702848,0.8720056756531175,0.9455178967374089,0.8090997095837367,0.7139022350311279,0.8003859519958496
RobustScaler,148,3,59.98624026771455,91.75634400795497,79.46720016847425,0.27388034426701047,0.8783480286142072,0.948614292772762,0.8177734753146176,0.7074592113494873,0.8183987140655518
RobustScaler,151,3,58.995599093384186,91.60329082351765,79.22852830718472,0.2637593363881619,0.8769390725722603,0.9470469346507973,0.8164956437560503,0.9235119819641113,0.8203492164611816
RobustScaler,154,3,58.21591966239381,91.60500650445962,77.27001509248535,0.23969241440826233,0.863795061624532,0.9453984623175729,0.7951597289448209,0.7625439167022705,0.8126356601715088
RobustScaler,157,3,59.421317091131456,91.83256127450444,77.61398336316732,0.2515215475368988,0.865912626666106,0.9472425371418058,0.7974443368828654,0.660550594329834,0.8389115333557129
RobustScaler,160,3,58.71292145398401,91.69980454458295,77.47007827033097,0.24519761859788594,0.865064850434088,0.9461970017474478,0.7967473378509197,0.7076358795166016,0.8261704444885254
RobustScaler,163,3,58.107704564088735,91.50795897754378,76.76810220771472,0.23607132485111368,0.8603144454996307,0.9454081632653061,0.7892739593417232,0.825779914855957,0.8367815017700195
RobustScaler,166,3,59.999474215117175,91.86446663560288,80.63599031273033,0.2874634745854216,0.8860900625606508,0.9491330502476999,0.8309002904162633,0.6233384609222412,0.8385190963745117
RobustScaler,169,3,58.365704446440745,91.50477000206617,76.99624442806501,0.2397748099945906,0.8618407184114002,0.9458196455836765,0.7915585672797677,0.9455692768096924,0.8348662853240967
RobustScaler,172,3,60.33420310547143,91.87317721593786,80.70618791899197,0.2900297466927039,0.8865123769019552,0.9494958429152662,0.8313649564375605,0.7406198978424072,0.8236503601074219
RobustScaler,175,3,60.567022685003295,91.90477645201693,80.76234600400126,0.29220692347577903,0.8868473750490308,0.9498098523038826,0.8317134559535334,0.6313869953155518,0.8516561985015869
RobustScaler,178,3,59.111288470713994,91.56966419547791,80.68512863711348,0.2817066078730029,0.8865571337277619,0.9479368718039146,0.8326427879961278,0.7345857620239258,0.843390703201294
RobustScaler,181,3,60.45543864184826,91.95545319571494,80.72724720087045,0.29051218398767137,0.8866456101236556,0.949548991864167,0.8315585672797676,0.6283917427062988,0.8412923812866211
RobustScaler,184,3,60.39108373414748,91.9318828099086,80.66406935523499,0.2896825019670111,0.8862317493752969,0.9495088060890344,0.8308615682478219,0.5440690517425537,0.932302713394165
RobustScaler,187,3,61.03131688052701,92.0714585605056,80.85711277245447,0.2963302314548377,0.887402452619844,0.9504267456772653,0.832216844143272,0.5296735763549805,0.8848121166229248
RobustScaler,190,3,58.935518003411794,91.58046890022693,80.64651995366958,0.2793353588226767,0.8863467721988623,0.9475562998545679,0.832565343659245,0.4889836311340332,0.8746416568756104
RobustScaler,193,3,58.50024364755274,91.52213107220925,80.85360289214137,0.278111800117866,0.8877872174109807,0.9469457609268036,0.8355856727976767,0.9929771423339844,1.1599528789520264
RobustScaler,196,3,59.25952930633432,91.59932316725457,80.69214839773964,0.2824198051283041,0.8865890114421193,0.9480599647266313,0.8326040658276863,0.606827974319458,0.923062801361084
RobustScaler,199,3,60.776675049691754,91.94692961615357,80.90274121652452,0.29468089286122684,0.8877519443814083,0.9500176616036736,0.8331461761858664,0.7942681312561035,0.861259937286377
RobustScaler,202,3,58.074828484468654,91.38588018496657,80.95187954090765,0.27566048514888836,0.8885099739096494,0.9463066690005251,0.8373668925459826,0.8536653518676758,0.8806734085083008
RobustScaler,205,3,59.69483198485972,91.73120368316742,80.60089150959952,0.28453149454216503,0.88591656862138,0.9486340730262576,0.8309777347531462,0.7390091419219971,0.8780117034912109
RobustScaler,208,3,59.08814594742587,91.58655830841022,80.77989540556668,0.2823315663094535,0.8871904742285032,0.9478804419597658,0.8338044530493708,0.8222999572753906,0.8708341121673584
RobustScaler,211,3,58.81853522431915,91.47044738878688,80.72724720087045,0.27914874721109695,0.8869024324936664,0.9473730528909619,0.8336882865440465,0.5687234401702881,0.9018139839172363
RobustScaler,214,3,58.11562619599721,91.37139275580897,80.97644870309922,0.27619675889518436,0.8886652150692248,0.9463621647635297,0.8375992255566311,0.5347967147827148,0.9022812843322754
RobustScaler,217,3,60.67570329174743,91.90451986499946,80.7904250465059,0.2929879174228325,0.8870218607435543,0.9499071535944823,0.831945788964182,0.5226850509643555,0.8824160099029541
RobustScaler,220,3,57.68584208007472,91.26243108945577,80.74128672212278,0.2709921654673756,0.8871800143929269,0.9458132398071022,0.8353920619554696,0.6258361339569092,0.8872678279876709
RobustScaler,223,3,57.813438596822486,91.29758260347963,81.00803762591696,0.27410686817499336,0.8889253823257723,0.945915246832678,0.8384123910939013,0.6384575366973877,0.8929934501647949
RobustScaler,226,3,59.442361558443814,91.6185057041614,80.67108911586115,0.282971154912927,0.886432533872265,0.9482043589517338,0.832216844143272,0.8949863910675049,0.8968410491943359
RobustScaler,229,3,58.447463269495984,91.42254686935904,79.7795795163385,0.2674309711268327,0.8806678128301262,0.9468198824158204,0.8231558567279768,0.6664302349090576,0.9160583019256592
RobustScaler,232,3,57.85263208348071,91.26092462619333,80.8676424133937,0.2739148235758071,0.8879755029901971,0.9461329596216169,0.8365537270087124,0.40898895263671875,0.9164531230926514
RobustScaler,235,3,58.12491748300095,91.3772280422755,80.8114843283844,0.2740085202224988,0.8875912408759125,0.9462516440157825,0.8357792836398839,0.6620378494262695,0.9071950912475586
RobustScaler,238,3,57.587361990546036,91.20142892164739,80.83605349057598,0.27098411726645266,0.887825122241854,0.9456431353669745,0.8366698935140368,0.5847635269165039,0.9121692180633545
RobustScaler,241,3,57.494916807614295,91.19994152260445,80.48506545926783,0.2678582253890176,0.8855024711696869,0.9456784693204311,0.8325266214908035,0.5896785259246826,0.9325118064880371
RobustScaler,244,3,57.64725208407619,91.20943866460804,80.9624091818469,0.27245039048743497,0.8886516669403843,0.9456896928387294,0.8381026137463699,1.308079481124878,0.9266505241394043
RobustScaler,247,3,58.622928723468384,91.46116602962319,80.64651995366958,0.2766352096002758,0.8864076469861151,0.9470440639168904,0.8330687318489836,1.0441780090332031,0.9589622020721436
RobustScaler,250,3,58.54060126841972,91.4863210835351,81.31690709346812,0.28140782126182234,0.8908617472782072,0.9467055952588461,0.8412391093901258,0.4507639408111572,0.9327101707458496
RobustScaler,253,3,59.38744753952283,91.59522284378568,80.74128672212278,0.28306557172312835,0.8869102825697149,0.9480920066978056,0.8331461761858664,0.7110612392425537,0.9207034111022949
RobustScaler,256,3,58.31996624519151,91.37071599640316,81.04313642904776,0.2779231671879164,0.8890805659951122,0.9465628826307504,0.8381800580832527,1.6984939575195312,0.982429027557373
RobustScaler,259,3,57.689500061365784,91.25153538349831,80.91678073777683,0.2720534539487591,0.8883504117296753,0.945697796432319,0.8375605033881898,0.5895700454711914,0.9412624835968018
RobustScaler,262,3,58.31739977588782,91.50777711264769,81.5064406303745,0.2810703299132962,0.8921502405076246,0.946287451150673,0.8438722168441433,0.7264535427093506,0.9227817058563232
RobustScaler,265,3,57.84369083558401,91.29907609541554,80.85009301182829,0.27284560912488165,0.8878796596933952,0.9459648815518675,0.8365150048402711,0.7177624702453613,0.937734842300415
RobustScaler,268,3,57.96179054444153,91.34591061212473,81.47134182724369,0.27953943844693047,0.8919455531675365,0.9460703430308294,0.8436786060019361,0.619086742401123,0.9583978652954102
RobustScaler,271,3,57.86076141494231,91.30775903680346,80.04984030044575,0.2658372904704333,0.8825668360811537,0.9460512911369978,0.8270667957405615,0.5594298839569092,0.9716904163360596
RobustScaler,274,3,57.91312784633719,91.30343213714048,81.47134182724369,0.2784897453769194,0.8919676660186228,0.9458767361111111,0.8438722168441433,0.6063437461853027,0.9379572868347168
RobustScaler,277,3,58.20223690966304,91.4269626373795,81.3765750587905,0.28012893017689944,0.8912927678754353,0.9463563193386991,0.8422846079380445,1.4198522567749023,0.9414784908294678
RobustScaler,280,3,57.81019746708217,91.24813121342163,81.4888912288091,0.2785206557167172,0.8920854477001146,0.9458497852215039,0.8441045498547919,0.5349793434143066,0.9492638111114502
RobustScaler,283,3,57.76946802044171,91.25952369735053,81.29233793127655,0.2762563158283998,0.8908055396214045,0.945795449601949,0.8418586640851887,0.8126838207244873,0.9620168209075928
RobustScaler,286,3,58.146825428525574,91.43826714122568,81.5239900319399,0.2798434645884458,0.8922944714981381,0.9460280272463013,0.8443368828654405,0.443622350692749,0.9624779224395752
RobustScaler,289,3,57.847275468431484,91.25205724742932,81.50293075006142,0.27913374142390573,0.892167294156163,0.945936564411854,0.8441819941916747,0.6443607807159424,0.9833095073699951
RobustScaler,292,3,56.44936887658507,90.97589624895642,77.30511389561616,0.22870916149389517,0.8643477531154282,0.9431802573142255,0.797676669893514,0.5634980201721191,0.9537699222564697
RobustScaler,295,3,58.452481464993554,91.51352761878346,81.58365799726229,0.2829732109206183,0.892631320469009,0.9464936642943933,0.844569215876089,0.951467752456665,0.9674687385559082
RobustScaler,298,3,58.21071047045401,91.5516994463047,80.9062510968376,0.2740082950271795,0.8882360192299791,0.9460807912818942,0.8370571151984512,0.5329303741455078,0.9774880409240723
RobustScaler,301,3,36.24945442556186,88.00724410551032,88.0664069355235,0.1839845110726088,0.9352306930315846,0.9204319622033073,0.9505130687318489,0.7485415935516357,0.9927425384521484
RobustScaler,304,3,59.43750167938887,91.64516402121828,81.39061458004282,0.2892856636294789,0.8911919225086192,0.9480417412566039,0.8407744433688287,0.8612039089202881,0.971107006072998
RobustScaler,307,3,58.989624463231,91.68667541855288,81.25372924783265,0.28284600567409895,0.8904028071327438,0.9470927187008905,0.8401161665053243,0.4468719959259033,1.0218632221221924
RobustScaler,310,3,58.280443779870424,91.47071414698007,81.65034572321083,0.2818000153317083,0.8931054224257791,0.9461508469436382,0.8456921587608907,0.5225763320922852,1.3533904552459717
RobustScaler,313,3,57.78220305318344,91.32903182299792,81.61875680039311,0.2777872562197118,0.8929761101914864,0.9454734291154578,0.8460019361084221,0.734990119934082,1.0180494785308838
RobustScaler,316,3,58.51958948110696,91.4453475759602,82.01888315608437,0.28508199989179317,0.8955150822948746,0.9460484357493751,0.8501064859632139,0.8448560237884521,0.993192195892334
RobustScaler,319,3,58.17040150647536,91.5137841777284,81.65034572321083,0.2805397634938754,0.8931316434995912,0.9459190300930937,0.8459244917715392,0.8224763870239258,0.9981567859649658
RobustScaler,322,3,59.21706128371397,91.63695722794625,81.85742866168265,0.2899267481085528,0.8943312140973486,0.9472544604191928,0.8470087124878993,0.7594132423400879,1.007591724395752
RobustScaler,325,3,61.066612732563584,92.13821992930144,81.54855919413147,0.30095983599026577,0.892011256958567,0.9499474973748687,0.8407357212003872,0.6336574554443359,1.014669418334961
RobustScaler,328,3,58.50123276220798,91.57370640321315,81.68193464602858,0.2832878124429879,0.8932872594925062,0.9463651330040724,0.8458470474346563,0.7702703475952148,0.9909951686859131
RobustScaler,331,3,60.27749096034899,91.92693522209433,81.69246428696782,0.2949010048949253,0.8931147540983606,0.9485092491838956,0.8438334946757018,0.5826034545898438,1.0243117809295654
RobustScaler,334,3,57.916362440077584,91.4270023432902,81.38008493910358,0.2761900712563702,0.8914000286597474,0.9456219596942321,0.8430590513068732,0.9503359794616699,1.0114505290985107
RobustScaler,337,3,58.56012502641633,91.33682594911008,82.00133375451897,0.2852535774926073,0.8953939047774468,0.9461137216019313,0.8498354307841239,0.7321040630340576,1.0431857109069824
RobustScaler,340,3,58.547236034565266,91.47404109185786,81.94868554982276,0.2849284762886865,0.8950472420055915,0.9461558374320477,0.8491771539206195,0.4994206428527832,1.0062909126281738
RobustScaler,343,3,60.547983317223306,91.87726117905703,82.15225860798147,0.3013925113924705,0.8960781508655045,0.9488011771834156,0.8489060987415296,0.6498868465423584,1.034026861190796
RobustScaler,346,3,60.14133736725565,91.82180389503797,82.089080762346,0.2977910079894349,0.8957273340280758,0.9482564679415073,0.8487124878993224,0.44938206672668457,1.026482105255127
RobustScaler,349,3,59.463949239972145,91.63121068981222,82.25053525674775,0.2936412754812676,0.896894815177279,0.9471621738007062,0.8516940948693127,0.6550052165985107,1.0385324954986572
RobustScaler,1,5,58.45709660716244,90.88882190414802,70.59773261731776,0.14423435617002617,0.8176891771311672,0.9335122242098987,0.7274346563407551,0.9676048755645752,0.6892750263214111
RobustScaler,4,5,57.641961555248436,90.34611155351705,78.04218876136324,0.15512566611077708,0.8713657112308262,0.9289754044456136,0.8204840271055179,0.5464856624603271,0.6694133281707764
RobustScaler,7,5,57.491057662770004,90.35112024507211,78.05271840230247,0.15411703211134195,0.8714617550928114,0.9287967750416265,0.8207938044530494,0.4224562644958496,0.6727023124694824
RobustScaler,10,5,58.041156465302194,90.19800364611767,72.44392966199852,0.1391377599979907,0.8318087362625591,0.9309484990889038,0.7517521781219748,0.4274466037750244,0.7084791660308838
RobustScaler,13,5,53.92060285158414,90.15034551822858,59.43280334140606,0.09149180363903844,0.7277652157527793,0.928927905718237,0.5982187802516941,0.556056022644043,0.6885519027709961
RobustScaler,16,5,52.04718774078806,89.66486997142916,81.22565020532801,0.12738875924303542,0.8932143498832126,0.9219071952526169,0.8662536302032914,0.5369741916656494,0.6838393211364746
RobustScaler,19,5,52.412844982784904,89.92373702191942,79.77255975571234,0.11415150482385,0.8839111254356102,0.9211520698631287,0.8495643756050338,0.4677908420562744,0.6970257759094238
RobustScaler,22,5,51.99741247025212,90.10985595869185,79.73395107226844,0.1139538057169854,0.8836590771710658,0.9211510186935518,0.8490997095837367,0.6561563014984131,0.6897454261779785
RobustScaler,25,5,51.862081686927056,90.60464605843447,79.56196693692745,0.11150647453173354,0.8825652919229606,0.9209175084175084,0.8472797676669893,0.6625537872314453,0.7000603675842285
RobustScaler,28,5,51.88458005111152,89.65873678670894,79.83924748166088,0.11516335956751853,0.8843334675795409,0.9212502622194252,0.8502613746369797,0.48999691009521484,0.6977589130401611
RobustScaler,31,5,54.056170383350924,90.26537070094645,58.77645572285986,0.09977483050508958,0.721279574740739,0.9315312001961505,0.588460793804453,0.7538647651672363,0.7252609729766846
RobustScaler,34,5,52.12325661279793,89.7595760166671,79.76203011477308,0.11084063751490415,0.8839044819393549,0.9206828572626987,0.8499515972894482,0.4591202735900879,0.7146594524383545
RobustScaler,37,5,54.08563684967709,90.19644349082114,82.09961040328525,0.1410293097161511,0.898652676761655,0.9230109809364412,0.8755469506292353,0.6877615451812744,0.7797529697418213
RobustScaler,40,5,60.202393773661235,90.2234789313478,63.38843845424871,0.20478155658555172,0.7557657636563722,0.9558753849798626,0.6249370764762827,0.706209659576416,0.6925480365753174
RobustScaler,43,5,60.680894328131885,90.80762694401852,64.10094415780422,0.21662367486644157,0.7612734571935393,0.958223162347964,0.6314811229428848,0.9598426818847656,0.7224564552307129
RobustScaler,46,5,59.91086275925225,90.29564122443799,64.2729282931452,0.21441796568079294,0.76288755852687,0.9573783910196445,0.6340755082284608,0.5017244815826416,0.7934911251068115
RobustScaler,49,5,52.79972897386981,89.28326367388487,63.93246990277631,0.162440119135488,0.7628980156898939,0.9438766771338852,0.6401548886737657,0.900017499923706,0.7097203731536865
RobustScaler,52,5,56.85825522208239,90.18186442475226,64.38875434347689,0.19218076884487495,0.7651388888888889,0.9511942446043166,0.6399612778315585,0.6452546119689941,0.717750072479248
RobustScaler,55,5,52.361798097152544,89.22417751808084,58.34825032466393,0.14394658323821435,0.7142891537257734,0.944239338001273,0.574404646660213,4.13541054725647,0.8950049877166748
RobustScaler,58,5,52.67325592288683,89.20103380626345,58.741356919729036,0.1466105349077054,0.7177467764784978,0.944634053849071,0.5787415295256534,2.6072776317596436,0.728447675704956
RobustScaler,61,5,52.70466575985719,89.1707149864486,58.71678775753747,0.1462487993144636,0.7175447865136161,0.9445533286969716,0.5785091965150049,0.598902702331543,0.7378730773925781
RobustScaler,64,5,52.4015449651377,89.33884348480646,58.35176020497701,0.1437754375176535,0.7143338629688478,0.9441863425189334,0.5744820909970958,0.6318264007568359,0.7369239330291748
RobustScaler,67,5,52.57526603335248,89.37859818856208,58.765926081920604,0.14619299101369293,0.7180028804608738,0.9444900536785602,0.5791287512100678,0.7313265800476074,0.7534341812133789
RobustScaler,70,5,52.37711630230889,89.39335594060482,58.74837668035519,0.14587888537899354,0.7178625441102335,0.9444163719050025,0.578973862536302,0.49949169158935547,0.7321724891662598
RobustScaler,73,5,52.539270103101764,89.48215273587091,58.850163209434555,0.14676584994740463,0.7187410037424431,0.9445740588940034,0.5800580832526622,0.5335159301757812,0.7331795692443848
RobustScaler,76,5,52.62185100970306,89.56704920343847,58.87473237162612,0.14712788277589392,0.7189426467413467,0.944654563792234,0.5802904162633108,0.5655405521392822,0.748920202255249
RobustScaler,79,5,54.603255363695716,89.99639732623486,61.37727703485311,0.16427960478333825,0.7404961796056976,0.946981120694855,0.6079380445304937,0.5961713790893555,0.7507259845733643
RobustScaler,82,5,54.23826406746895,89.82675787416422,60.80165666350778,0.16042545201445443,0.7355935413608599,0.9465058185584597,0.6015488867376573,0.8995535373687744,0.756983757019043
RobustScaler,85,5,54.38392463556353,89.9194910932214,60.935032115404866,0.16136026285946314,0.7367300596082884,0.9466293842319616,0.6030203291384317,0.7279162406921387,0.76778244972229
RobustScaler,88,5,56.556923838897774,90.58368566169402,61.95991716682461,0.17367284991883286,0.7450842035939411,0.9489545263914685,0.6133204259438528,0.5253722667694092,0.7546827793121338
RobustScaler,91,5,57.65657895596842,90.72465389389322,66.24899090940998,0.19915190054125492,0.7804766687973701,0.9507759052227599,0.6619167473378509,0.867201566696167,0.7638158798217773
RobustScaler,94,5,56.23882180612917,90.81827855231684,62.49692885472605,0.17382586162198352,0.7498068232374084,0.9484065868972871,0.6199806389157793,0.6402366161346436,0.7700028419494629
RobustScaler,97,5,54.82388675581286,90.60301542636236,62.41620160752518,0.15901344878960244,0.7499883259397618,0.944486915613055,0.621916747337851,0.5150175094604492,0.7907760143280029
RobustScaler,100,5,56.72305152764474,90.98647153690199,62.854936646660356,0.175440165445933,0.7528433639272286,0.9484523949629281,0.6241239109390125,0.6162877082824707,0.7816414833068848
RobustScaler,103,5,56.23833959457919,90.81493920312992,62.78824892071181,0.17203493635578782,0.7524632267102498,0.9476036459864746,0.6239690222652469,0.49153900146484375,0.7825393676757812
RobustScaler,106,5,55.95207659610934,90.89306859727483,62.879505808851924,0.16918784895693328,0.7534272125338058,0.946739321497627,0.62567279767667,0.874199628829956,0.7621419429779053
RobustScaler,109,5,64.30196900628836,92.14171285518722,81.24670948720649,0.3252576590448111,0.8894132257063024,0.955357936860827,0.8319845111326234,0.5941741466522217,0.7925539016723633
RobustScaler,112,5,63.3472395204319,91.94542724491959,78.60376961145626,0.2902827469290518,0.8718735550044138,0.9534776812393693,0.803136495643756,0.5923759937286377,1.1098723411560059
RobustScaler,115,5,64.61637819909963,92.07479889035642,81.21863044470183,0.32808165219759816,0.8891558777835319,0.9559910913140311,0.831055179090029,0.8144559860229492,0.8045086860656738
RobustScaler,118,5,63.91068628725428,91.99953910507503,81.61524692008003,0.3278931593678332,0.8918751548179341,0.9550820106989699,0.8365150048402711,0.8923628330230713,0.8080668449401855
RobustScaler,121,5,64.03631256313594,92.00826491672154,81.70650380822015,0.32956039257912145,0.8924606940948293,0.9552139923148271,0.8374443368828655,0.7893874645233154,0.7911453247070312
RobustScaler,124,5,59.45988094313026,91.8409004278228,77.4841177915833,0.25517530463006105,0.864887634533162,0.9481850928234968,0.7950435624394966,0.7315337657928467,0.7793800830841064
RobustScaler,127,5,59.687217544947714,91.91886333435313,77.40690042469551,0.2555372789035408,0.8643271156075456,0.9483811285846439,0.7939593417231365,0.5264506340026855,0.7896711826324463
RobustScaler,130,5,58.68451745075669,91.70675767548573,77.54729563721877,0.2503652706163595,0.8654707577127716,0.9471140568903618,0.796786060019361,0.5717272758483887,1.11354660987854
RobustScaler,133,5,58.849951597289454,91.71947053912817,77.32266329718158,0.25011543284485904,0.863878647424418,0.9474121996303142,0.7938818973862536,0.5278866291046143,0.8148112297058105
RobustScaler,136,5,57.5843249292478,91.44230363727306,77.4455091081394,0.24101639821911405,0.865005672030587,0.9454011112641778,0.7972120038722168,0.6306285858154297,0.7933259010314941
RobustScaler,139,5,57.59603961977909,91.40119744377917,77.51219683408796,0.24258214741837858,0.8654359103606158,0.9456122636313568,0.7977928363988384,1.3591270446777344,0.8198990821838379
RobustScaler,142,5,58.52716325257501,91.64310394280808,77.54027587659262,0.24905781436429192,0.8654569920733374,0.9468623481781376,0.7969409486931268,0.6363213062286377,0.798743486404419
RobustScaler,145,5,59.564033554371164,91.79267911543467,77.75788845600366,0.25620903707543347,0.866805389158627,0.9479588083854358,0.7984511132623426,0.692927360534668,0.8021183013916016
RobustScaler,148,5,58.602107206375656,91.57600269678068,77.7684180969429,0.2503899227217447,0.8670389185104328,0.9467748590290194,0.7996902226524686,0.7384433746337891,0.8087038993835449
RobustScaler,151,5,59.231728793766706,91.72523675911914,77.90530342915307,0.2556305705875765,0.8678659138137319,0.9476072607260726,0.8005033881897387,0.7870240211486816,0.8425414562225342
RobustScaler,154,5,58.483236975749264,91.65948480968389,77.95093187322313,0.25019886671969677,0.8683350100603622,0.9464522319184905,0.8021297192642788,0.8215587139129639,1.1238131523132324
RobustScaler,157,5,58.32176582383738,91.63378868401946,78.00358007791934,0.24935799388531346,0.868729184558346,0.9462036868041613,0.8029816069699903,0.5904223918914795,0.8369710445404053
RobustScaler,160,5,57.41564093830816,91.37023886158914,77.9193429504054,0.24303352911947196,0.8683037116121334,0.9450874954429457,0.8030590513068732,0.6188545227050781,0.830359697341919
RobustScaler,163,5,58.283999363829345,91.62448549318066,77.9755010354147,0.24903789199175297,0.8685395847736367,0.9461840423589556,0.8026718296224589,0.6019697189331055,1.1270415782928467
RobustScaler,166,5,57.79428012859943,91.46807581130835,81.15896247937945,0.27822440841934504,0.8898600681193319,0.946405970409811,0.8396902226524685,0.5633363723754883,0.8479275703430176
RobustScaler,169,5,58.45125414945217,91.58712143239957,77.97901091572777,0.25010720428137895,0.8685357472131422,0.9463902461299603,0.8025169409486931,0.4521331787109375,0.8452842235565186
RobustScaler,172,5,58.34812623775498,91.61828281689264,81.22565020532801,0.2826742347964973,0.8902161196970629,0.947113285003057,0.8397676669893515,0.5378191471099854,0.8352811336517334
RobustScaler,175,5,60.483969007740804,91.9202994847134,81.4502825453652,0.3000190125985589,0.8913646734773583,0.9499649491763057,0.8395740561471442,0.5329897403717041,0.8707079887390137
RobustScaler,178,5,60.24845223890677,91.85450367031703,81.47836158786986,0.29875831761634564,0.8915826022640889,0.9496673669467787,0.8401936108422071,0.4332859516143799,1.1391949653625488
RobustScaler,181,5,59.82289836737984,91.78381581245941,81.36955529816433,0.2941744313031644,0.8909434582511505,0.9490086225762682,0.8395740561471442,0.474637508392334,0.862973690032959
RobustScaler,184,5,59.31451159014342,91.67696702747938,81.29584781158962,0.29006770433805884,0.890532240504509,0.948372418620931,0.8393417231364957,0.6352255344390869,0.8726131916046143
RobustScaler,187,5,59.784791309153526,91.7812315655272,81.35902565722509,0.2942372457765719,0.8908706104752707,0.9490412398213817,0.8394191674733785,0.743248462677002,0.87447190284729
RobustScaler,190,5,59.20195586166629,91.6292374396231,81.40816398160823,0.29056301067544565,0.891283377460337,0.9482487553498122,0.8407744433688287,0.5490350723266602,0.8670437335968018
RobustScaler,193,5,60.48434954818086,91.83906999414776,81.58716787757537,0.3016988790952042,0.8922571369891148,0.9500109337415263,0.8411229428848015,0.44837498664855957,0.8633880615234375
RobustScaler,196,5,60.54633479279791,91.9566576031128,81.38359481941666,0.29910597678228135,0.8909315237507711,0.9499232624424468,0.838838334946757,0.5901851654052734,0.8559272289276123
RobustScaler,199,5,60.26164043430994,91.84199901953029,81.48187146818293,0.29901247007388243,0.8916009204470743,0.9497089333391693,0.8401936108422071,0.4211266040802002,0.8971490859985352
RobustScaler,202,5,60.51669548558485,91.9493233222803,81.40816398160823,0.2990306266727974,0.8911001007380605,0.949859747545582,0.8391868344627299,0.41890478134155273,0.8711416721343994
RobustScaler,205,5,58.35222067859657,91.45070322173845,81.71001368853322,0.2868189976284192,0.8934028843203436,0.9469644405897658,0.8455759922555663,0.5079901218414307,0.8965699672698975
RobustScaler,208,5,57.96601425283717,91.37149756113205,81.68544452634166,0.2837559134955284,0.8933011614591854,0.946444819966203,0.8458083252662149,0.7151539325714111,0.8721482753753662
RobustScaler,211,5,59.937813591829716,91.76186940537326,81.59067775788846,0.29721322513136983,0.8923771416846209,0.949148843299869,0.8420135527589545,0.8971157073974609,0.8991069793701172
RobustScaler,214,5,58.39350713767503,91.38725766525823,81.41869362254747,0.2846756747402528,0.8914808133814366,0.9471231325406159,0.8420135527589545,0.496049165725708,0.8819277286529541
RobustScaler,217,5,59.59189361716034,91.74365278906481,81.55206907444456,0.2939910982445565,0.8921846153846154,0.9486150490730644,0.8420909970958373,0.5319445133209229,0.9095690250396729
RobustScaler,220,5,58.910521434811756,91.54726494828572,81.787231055421,0.29040258216807063,0.8938485772149827,0.9474802671523983,0.8459632139399806,0.627758264541626,0.8887970447540283
RobustScaler,223,5,59.54607916257865,91.68487751282126,81.57312835632305,0.29428192939970915,0.8923209451144475,0.9486284941781867,0.842323330106486,0.6603200435638428,0.8954157829284668
RobustScaler,226,5,59.781700507411465,91.74410929383981,81.60471727914079,0.29596066189248876,0.8924989231431912,0.9488834612700628,0.8424394966118103,0.7998619079589844,0.9181191921234131
RobustScaler,229,5,60.56235380239059,91.88671107760472,81.65385560352392,0.3022116818108454,0.8926980477490608,0.9499737853897239,0.8419361084220717,0.4985837936401367,0.9352900981903076
RobustScaler,232,5,59.44561358151736,91.68372008348634,81.53802955319223,0.2931759658361042,0.8921069904824418,0.9484886814672656,0.842052274927396,0.5845053195953369,0.9194674491882324
RobustScaler,235,5,59.82028033629898,91.74814406271581,81.77670141448176,0.2975266348015165,0.8936283548453186,0.9488361975201218,0.8444917715392062,0.9591109752655029,0.9170989990234375
RobustScaler,238,5,59.63837038640105,91.78517399961494,81.44326278473905,0.29187289751418566,0.8914930733709595,0.9484279475982533,0.8410067763794773,0.5285470485687256,0.9344954490661621
RobustScaler,241,5,58.22577958139099,91.48302981129157,81.74511249166403,0.285425417241291,0.8936683499274222,0.9466389466389467,0.8463117134559536,0.8727333545684814,1.2190508842468262
RobustScaler,244,5,58.25827439434883,91.46451136713767,81.72405320978554,0.28555037887393137,0.8935239146882604,0.9467024872172632,0.8460019361084221,0.4187896251678467,0.9151053428649902
RobustScaler,247,5,57.83979247474018,91.3337337296193,81.6959741672809,0.2826439946152617,0.8933952043173409,0.946219797349961,0.8461568247821878,0.7360169887542725,0.9111359119415283
RobustScaler,250,5,59.02029282732105,91.65171740311162,81.54855919413147,0.28833595456308914,0.8922812122205602,0.9475585342501524,0.8430977734753147,0.7338814735412598,0.9230139255523682
RobustScaler,253,5,58.12240039680782,91.41008654076084,81.95219543013583,0.28581845227703756,0.8950526573597845,0.9463122005955721,0.8490609874152952,0.5587623119354248,0.9487452507019043
RobustScaler,256,5,58.164014382104725,91.43163647834503,81.89252746481344,0.28644507550588993,0.8946390278770551,0.946542783059637,0.8481316553727009,0.9356367588043213,1.0097837448120117
RobustScaler,259,5,60.015982698481984,91.74632653304424,81.88901758450037,0.29993117479203885,0.8943359135028873,0.9490634099700117,0.8455759922555663,0.5720891952514648,0.9485666751861572
RobustScaler,262,5,58.07340218404069,91.39908126687766,81.94868554982276,0.2861887241891699,0.8950215345675736,0.9463869463869464,0.8489448209099709,0.45961642265319824,0.9642870426177979
RobustScaler,265,5,57.82100510606839,91.27535318779772,81.92411638763119,0.2850016557491169,0.8948807968647943,0.9462166011999827,0.8488286544046466,1.1291961669921875,0.9394919872283936
RobustScaler,268,5,58.45280681254535,91.50365432549343,82.04696219858903,0.2884218059461282,0.8956356736242884,0.946605710342448,0.8498741529525653,0.9781155586242676,0.9494774341583252
RobustScaler,271,5,58.5846451932441,91.62366306566415,81.9943139938928,0.28767403577121187,0.8952975753122704,0.9465711449656898,0.8492933204259439,0.652198076248169,0.9654459953308105
RobustScaler,274,5,61.63458967355585,92.10022433387304,82.08206100171984,0.31070123771138,0.8954129192190285,0.9507091272948751,0.8461955469506293,0.7671060562133789,0.9639759063720703
RobustScaler,277,5,58.70591921939826,91.35908022267834,82.66821101400443,0.29639036162339416,0.8996300662628562,0.9468189791639926,0.8569215876089061,0.8968522548675537,0.9565374851226807
RobustScaler,280,5,58.13010924560763,91.49546407169785,81.80127057667333,0.28348429938152214,0.8940864058829537,0.9461738002594033,0.8474346563407551,0.752446174621582,0.9374823570251465
RobustScaler,283,5,58.01539881582206,91.34103891264505,82.00484363483204,0.28530336934690415,0.8954164371825469,0.9461160444865937,0.8498741529525653,0.4689631462097168,0.9556503295898438
RobustScaler,286,5,59.22437579385165,91.7320467081886,81.93464602857043,0.2926842191411919,0.8947938597387731,0.9476145120789679,0.8475508228460794,0.5101585388183594,0.9637234210968018
RobustScaler,289,5,58.1024358219274,91.39987856122313,82.02941279702362,0.28628285374026585,0.8955613577023499,0.9462476830897883,0.8500290416263311,0.7919483184814453,0.9716494083404541
RobustScaler,292,5,58.10930515784803,91.37322870360698,82.0329226773367,0.2863327356158684,0.895583885772565,0.94625,0.8500677637947726,0.4288630485534668,0.9801180362701416
RobustScaler,295,5,57.97646168560533,91.32956793909595,82.02590291671054,0.28518170432129836,0.8955601329716721,0.9460530851430541,0.8501839303000968,0.5500435829162598,0.9900834560394287
RobustScaler,298,5,58.34323730981148,91.51430221881182,82.03994243796286,0.2872727348126844,0.8956119055876293,0.9464085539363628,0.8499903194578896,0.8246462345123291,0.9857289791107178
RobustScaler,301,5,58.03847525288873,91.34549202636654,82.08557088203293,0.2860309953359059,0.8959429153924566,0.9460925726587729,0.8508422071636011,0.8066585063934326,0.9774842262268066
RobustScaler,304,5,58.1458762560921,91.36714409017111,82.04345231827594,0.2866925676544508,0.8956472076041284,0.9462954183009353,0.8501452081316554,0.824937105178833,0.9725847244262695
RobustScaler,307,5,58.0867821021083,91.37589160682035,82.02941279702362,0.2858624795245276,0.8955698784368116,0.9461707537818386,0.8501064859632139,0.49947142601013184,1.2953200340270996
RobustScaler,310,5,58.3963256060869,91.41105900343673,82.30318346144396,0.2891561123066876,0.8973366997882392,0.9462360973933954,0.85324298160697,0.6546769142150879,1.0058934688568115
RobustScaler,313,5,58.47175975988188,91.35321787077264,82.47165771647187,0.292026729352894,0.8984050777117748,0.9464232137499464,0.8550242013552759,0.7280299663543701,0.9937491416931152
RobustScaler,316,5,58.7432179923006,91.45361799612195,82.36636130707943,0.29154328168731103,0.8977115400276896,0.9465458760894766,0.8536689254598258,0.775700569152832,0.9832038879394531
RobustScaler,319,5,59.53266874317805,91.60454507601179,82.49622687866344,0.29930073924318995,0.8984255657168463,0.9477053970436576,0.8540174249757987,2.3603994846343994,1.4002025127410889
RobustScaler,322,5,57.87102220860152,91.2876764055757,82.00484363483204,0.2840408818306717,0.8954420312022026,0.9458853942266264,0.8501064859632139,0.6834232807159424,0.999068021774292
RobustScaler,325,5,59.81206095328284,91.76906921895322,82.1838475307992,0.29935477704478575,0.896331999019688,0.9483555901292191,0.8497192642787996,0.43292951583862305,1.0001394748687744
RobustScaler,328,5,57.49918554178719,91.30363557555053,77.9755010354147,0.24367164748723352,0.8686826409961285,0.9451275045537341,0.8036786060019361,0.5671443939208984,1.0090861320495605
RobustScaler,331,5,58.78245650473606,91.46107261380516,82.47165771647187,0.29328767963973285,0.8983802702262738,0.9466529439512844,0.8547918683446273,0.84574294090271,1.001633882522583
RobustScaler,334,5,59.69761995193862,91.61911176526452,82.67523077463058,0.30151985766205697,0.8995768229166666,0.9477429588031037,0.8560696999031946,0.7912387847900391,1.0233874320983887
RobustScaler,337,5,57.826538919337764,91.29260892101263,81.6749148854024,0.28109110408879573,0.8932856412876853,0.945974025974026,0.8461568247821878,0.6001851558685303,1.4203147888183594
RobustScaler,340,5,57.74286504830467,91.24046819732983,82.00835351514513,0.28345881345049034,0.8954773459483708,0.9457724942929749,0.8502613746369797,0.5705411434173584,1.001673936843872
RobustScaler,343,5,58.79961132587117,91.52882227077637,81.94517566950967,0.2905371485241369,0.8949088828961347,0.9471954331185399,0.8480929332042595,0.5630478858947754,1.3463234901428223
RobustScaler,346,5,57.889243123946535,91.28687213239301,81.97325471201432,0.2844350042992449,0.8952221632869558,0.9460181951450869,0.8496030977734753,0.680342435836792,1.014777660369873
RobustScaler,349,5,58.41850878983057,91.36991934560868,82.25404513706083,0.2890775584103028,0.8970096960808278,0.9463188206472687,0.8525847047434656,0.5507819652557373,1.4267504215240479
Normalizer,1,0,69.88493444755187,94.56244263031924,60.48225755501737,0.2798174848489482,0.7246717042036535,0.983342182107778,0.5737463697967086,0.5161943435668945,0.20664238929748535
Normalizer,4,0,65.1927255773285,93.16878797989891,51.91814959109894,0.23926020625256952,0.642501109110363,0.9852729310068833,0.47666989351403677,0.46649718284606934,0.2261953353881836
Normalizer,7,0,56.2147584330739,89.30303023018338,55.55087571513811,0.1708758315591295,0.6855383392928089,0.9554924897902679,0.5345208131655372,0.4213740825653076,0.20165085792541504
Normalizer,10,0,56.96124950889223,90.72899722502405,53.718718191709655,0.20821483720523712,0.6640680729644349,0.9706561406121993,0.5046660212971926,0.43016600608825684,0.20359277725219727
Normalizer,13,0,50.478220232696124,87.30725103148878,52.827208592187006,0.13243482532169826,0.6615462100226643,0.9459848757652143,0.5086156824782188,0.8466918468475342,0.20607709884643555
Normalizer,16,0,55.253330273517065,89.35360666506644,62.89003544979116,0.2214794062386986,0.7503836437896924,0.961287200580692,0.6153727008712487,1.0356898307800293,0.20113921165466309
Normalizer,19,0,30.49026390189028,84.98329834412657,90.64967884595136,0.02607753204661502,0.95095187244541,0.9064902242970971,1.0,0.516059160232544,0.20796442031860352
Normalizer,22,0,31.905039183319552,83.75620452322636,66.6069987013443,0.00828072522191086,0.7923342209804863,0.9079993996698184,0.7028073572120038,0.43041372299194336,0.20778560638427734
Normalizer,25,0,32.40711581573999,82.37749858992758,60.3453722228072,0.02185555906639129,0.7401563937442502,0.9114131973945058,0.6230784123910938,0.5551242828369141,0.2076249122619629
Normalizer,28,0,36.12285355946925,83.63253949522966,58.067459899617425,0.03830192875780943,0.7189800766824266,0.9158077660594439,0.5917909002904163,0.7978148460388184,0.20923709869384766
Normalizer,31,0,36.020708952649585,83.07563622532636,88.25945035274297,0.08578487354056284,0.9370424046225367,0.9116311433384604,0.9639109390125847,0.7348549365997314,0.20519328117370605
Normalizer,34,0,24.114934832449634,81.82879310769833,90.64616896563827,0.01843927612863204,0.950934364356071,0.9064584064584065,1.0,0.6925032138824463,0.2083885669708252
Normalizer,37,0,59.40916013127193,92.41295375144927,51.904110069846624,0.23978264406765923,0.6423033751859877,0.9855014418455623,0.4763988383349468,0.6003053188323975,0.21491146087646484
Normalizer,40,0,53.39316871812338,88.58870231892315,51.05120915376785,0.15464512708670372,0.6411773786857408,0.9554482018250134,0.4824782187802517,0.7367990016937256,0.215195894241333
Normalizer,43,0,23.904034091775607,80.9319027954123,90.6988171703345,0.07377652876220227,0.9511970534069981,0.9069359086918349,1.0,0.6298553943634033,0.21999669075012207
Normalizer,46,0,38.46666894216294,84.18495689973918,51.282861254431225,0.05859979325279837,0.6523220279545113,0.9236717031992623,0.5042013552758955,0.637131929397583,0.21403861045837402
Normalizer,49,0,63.63510238643882,94.8736149072549,52.444631638061146,0.27285972683870696,0.6450074671836927,0.9973262032085561,0.47663117134559535,0.8347923755645752,0.21417951583862305
Normalizer,52,0,57.98360480730057,92.78974993953854,52.11470288863149,0.2519162654502911,0.6434228065131596,0.9897877130910261,0.47663117134559535,0.4348480701446533,0.23106145858764648
Normalizer,55,0,60.83463557079977,91.34766145787565,51.423256466954484,0.20717041975327316,0.6402204429655818,0.9739776951672863,0.4768247821878025,0.8108553886413574,0.21719622611999512
Normalizer,58,0,57.77591542125609,92.94832480678056,52.16384121301464,0.2550324549175184,0.6436583261432269,0.9909032361938496,0.47663117134559535,1.6812212467193604,0.21965980529785156
Normalizer,61,0,58.60042600195064,91.20145877436335,51.51100347478151,0.21291086554161404,0.6406180900600921,0.9759828788839569,0.4767860600193611,1.7043633460998535,0.3411984443664551
Normalizer,64,0,49.879163885840775,87.96447309552298,55.793057456740726,0.14099292710660405,0.6902589577748813,0.9458147998382531,0.5434269119070668,1.8259093761444092,0.22252702713012695
Normalizer,67,0,58.56239229216791,90.50498431072418,53.767856516092806,0.2103007854396346,0.6643905421932328,0.9713178872085226,0.5048596321393998,0.4874727725982666,0.2254352569580078
Normalizer,70,0,45.118199201300804,87.28905833537186,55.37889157979713,0.10507398184427666,0.6890546655252537,0.9353253652058433,0.5454404646660213,0.7444314956665039,0.22107982635498047
Normalizer,73,0,66.35553806166934,93.1699610609908,54.42420413463901,0.2536267339288246,0.6673838981531289,0.9858483426668685,0.504433688286544,0.7729277610778809,0.22490239143371582
Normalizer,76,0,58.366546137986575,92.60230177004472,54.866449054087255,0.2485814684489057,0.6723237265244757,0.9831569533462513,0.5108228460793804,0.5784447193145752,0.2281785011291504
Normalizer,79,0,70.91715620095731,95.30971345441482,73.91807939349269,0.2995964880550977,0.8371787287188589,0.9641667507822752,0.7397483059051306,0.466860294342041,0.22752904891967773
Normalizer,82,0,59.14383775033788,94.19193024952128,55.10512091537678,0.28684478161362786,0.671528722939832,0.9968740469655383,0.5062923523717329,0.5925076007843018,0.22871804237365723
Normalizer,85,0,54.24849000246189,89.39853806779158,50.977501667193145,0.17967047024783986,0.6380574775195004,0.9645095581322469,0.47670861568247824,0.453871488571167,0.23267483711242676
Normalizer,88,0,59.013220875402794,93.08333896828913,52.13576217050998,0.25325164705857534,0.6435237223892302,0.9902654867256637,0.47663117134559535,0.5471885204315186,0.2316434383392334
Normalizer,91,0,56.97726706604047,89.3826254318843,63.47969534238882,0.20273599875578116,0.756682178518813,0.955189514700673,0.62648596321394,0.6044368743896484,0.2340855598449707
Normalizer,94,0,43.85449702212581,85.76851859459423,61.591379733951065,0.09797331894628829,0.7464374261417615,0.9293214862681745,0.6236979670861569,0.42952680587768555,0.24046063423156738
Normalizer,97,0,62.147055640967366,93.8696022644183,52.25509810115475,0.25960808823236403,0.6442078832422253,0.992504835589942,0.476863504356244,0.619741678237915,0.2351548671722412
Normalizer,100,0,31.593886370915087,84.6127217961606,90.64616896563827,0.01843927612863204,0.950934364356071,0.9064584064584065,1.0,0.6237521171569824,0.233870267868042
Normalizer,103,0,67.68210784545118,94.25339464173146,52.1708609736408,0.2536581697493862,0.6438596032720906,0.9903521466473709,0.47697967086156823,0.5324032306671143,0.236222505569458
Normalizer,106,0,74.71653005216454,95.07205770119799,60.29623389842407,0.2702182023960431,0.7235986903191125,0.9805310906562479,0.5733591481122943,0.7895770072937012,0.23669075965881348
Normalizer,109,0,61.60207525259824,91.69347562350933,51.66894808887017,0.21686448453933102,0.641928437695028,0.977198954952102,0.4779477250726041,0.573082447052002,0.25072526931762695
Normalizer,112,0,57.33420092680479,90.33253449711165,51.272331613491986,0.19464706736525864,0.6397862017072727,0.9695659012268009,0.477405614714424,0.48581933975219727,0.23962998390197754
Normalizer,115,0,69.20190647855576,94.25182160211698,54.578638868414586,0.25854529864677483,0.6685449376328664,0.9873657134210925,0.5053630203291384,0.6747794151306152,0.2432708740234375
Normalizer,118,0,22.183568641434313,79.76410675213587,90.677757888456,0.058319323245164825,0.9510919603727028,0.9067448474421544,1.0,0.40389442443847656,0.2485334873199463
Normalizer,121,0,62.06615158145781,93.13245225121346,54.45579305745674,0.2516301445261382,0.6678781673918608,0.9850509626274065,0.5052081316553727,0.7520816326141357,0.24509048461914062
Normalizer,124,0,67.53338770316975,94.55133459976778,52.31125618616406,0.2629696767311229,0.644496192993014,0.9937066322414071,0.4769022265246854,0.4355306625366211,0.2449500560760498
Normalizer,127,0,66.18883084759572,94.19055187786257,52.21297953739777,0.2575427620248137,0.6439498940871885,0.9917834702754954,0.47674733785091966,0.4359145164489746,0.2494828701019287
Normalizer,130,0,65.48606270638328,93.59360688309242,52.03397564143063,0.24578972288034165,0.6431294719799446,0.9875691715454327,0.4768247821878025,0.8510565757751465,0.24834203720092773
Normalizer,133,0,62.4413891468995,91.02063588805926,51.24776245130042,0.19549907701789157,0.6394455404423217,0.9699188912512796,0.4769409486931268,0.4922966957092285,0.24913477897644043
Normalizer,136,0,61.97767302425801,93.32694349430128,52.11821276894458,0.25052240930390207,0.6435886717525342,0.9892378122239177,0.4769409486931268,0.6353247165679932,0.24871110916137695
Normalizer,139,0,63.842347324488436,93.5204709073185,52.06907444456144,0.24801383312317812,0.6432974610803469,0.9883618267918773,0.4768247821878025,0.6776106357574463,0.2513914108276367
Normalizer,142,0,58.58011211418537,91.57766426286092,51.70404689200099,0.2249080411910472,0.6415546524955715,0.9801798933375786,0.4768247821878025,0.5041904449462891,0.2601187229156494
Normalizer,145,0,68.10900595429594,95.41788579531972,52.444631638061146,0.2718453400706703,0.6451004531524216,0.9969235751295337,0.4768247821878025,0.49524426460266113,0.2537055015563965
Normalizer,148,0,74.75576783837778,95.95035590232756,55.01737390754975,0.28112697474815745,0.6711147608293985,0.9949022293235943,0.5063310745401742,0.7837982177734375,0.25949716567993164
Normalizer,151,0,64.40133799180676,94.22727151740725,52.328805587729455,0.26347617322579886,0.6446363160648875,0.9938684953610327,0.4770183930300097,0.5115063190460205,0.2750511169433594
Normalizer,154,0,58.387432288856346,93.56712335422773,52.32529570741637,0.26264600544705397,0.6446752295497946,0.9935494275116916,0.47713455953533396,0.4866602420806885,0.2590312957763672
Normalizer,157,0,74.80456416136948,95.34262919608993,56.22126285493665,0.26626444918022296,0.6845073985076514,0.986943836615609,0.5239496611810261,0.660181999206543,0.2621724605560303
Normalizer,160,0,71.47230515276448,96.06071403401377,64.00266750903795,0.27470846578001207,0.7570013742121973,0.9752151883279409,0.6185866408518877,0.5387241840362549,0.2612171173095703
Normalizer,163,0,62.481171599773134,89.12841358654481,81.9030571057527,0.2997152883485202,0.8944351173170632,0.9489942216622497,0.8458083252662149,0.841569185256958,0.2629432678222656
Normalizer,166,0,70.7092605678041,95.60150812306787,52.43059211680882,0.26993943418158206,0.6451258149825875,0.9961992560245836,0.4770183930300097,0.6537704467773438,0.26480531692504883
Normalizer,169,0,60.10716570720608,92.20977156517631,54.05917658207855,0.23390500501785272,0.6653371174349927,0.9793015203974108,0.5038141335914811,0.4205451011657715,0.26989126205444336
Normalizer,172,0,69.70658008161286,95.40182844128708,52.40953283493033,0.2675885421486358,0.6451173868662811,0.9953157809723793,0.47721200387221685,0.4867126941680908,0.2839343547821045
Normalizer,175,0,63.281965215408405,89.30687244247682,91.5622477273525,0.5087659200270629,0.9533891732588801,0.9547590384839424,0.9520232333010649,0.5172133445739746,0.27837181091308594
Normalizer,178,0,49.135743277542524,85.89483113333473,68.02850022814222,0.14298346797315667,0.7976721974189822,0.9354032090018753,0.695295256534366,0.3977227210998535,0.27358436584472656
Normalizer,181,0,37.71633615083345,84.08300564968422,92.08171001368854,0.37467464994087607,0.958099624828201,0.9206196237998359,0.9987608906098742,0.600022554397583,0.2762179374694824
Normalizer,184,0,68.33021905040636,95.60985813725163,52.47622056087887,0.2726354246695092,0.645364064955474,0.9971671388101983,0.4770571151984511,0.5875973701477051,0.28707408905029297
Normalizer,187,0,64.99678065692609,94.51001898976943,52.360394510547195,0.2650764092081849,0.6448253303676567,0.9944309927360775,0.47709583736689254,0.7666347026824951,0.27698731422424316
Normalizer,190,0,62.08014588351831,90.40294773053805,63.637639956477486,0.23176201013722045,0.7563499529633114,0.963162623539982,0.6226524685382382,0.7202177047729492,0.27543091773986816
Normalizer,193,0,66.50474477283406,94.5552881498729,52.27264750272016,0.26132897161213803,0.6442363036994401,0.9931435024602726,0.47674733785091966,0.6214783191680908,0.27969980239868164
Normalizer,196,0,65.52742396634977,92.78648508482095,54.48738198027448,0.24248497600111427,0.6689811860209839,0.9816451902906802,0.5073765730880929,0.6131415367126465,0.2796051502227783
Normalizer,199,0,67.56992539519197,95.05648663850023,52.342845108981784,0.2657853573679867,0.6445735825349458,0.9947483235032722,0.47674733785091966,0.4656960964202881,0.2878897190093994
Normalizer,202,0,68.71541893217739,94.34211226487632,58.72380751816363,0.2622672011351298,0.7092850786116879,0.9807889519381965,0.5555082284607938,0.43553662300109863,0.2815744876861572
Normalizer,205,0,65.820229500744,93.93448608949089,54.56459934716226,0.25726578569544234,0.6685104094645463,0.9869197036140934,0.5054404646660213,0.5186541080474854,0.285175085067749
Normalizer,208,0,65.19356218531884,94.53491691641204,52.38496367273876,0.26704153516613166,0.6449062925348131,0.995153081832135,0.4770183930300097,0.39284181594848633,0.3100316524505615
Normalizer,211,0,74.44474574597182,95.9024697307259,55.16478888069917,0.2804184474991134,0.6726797519602317,0.9943186122263465,0.5082671829622459,0.583601713180542,0.28934192657470703
Normalizer,214,0,69.1463432169756,95.44653492203858,52.455161279000386,0.2696755227303474,0.6454112350138737,0.9960410438716975,0.4773668925459826,0.5942847728729248,0.2844836711883545
Normalizer,217,0,53.01100880253945,87.77718485740048,60.822715945386264,0.1650502497617471,0.7354850940802882,0.9477798815122458,0.600890609874153,0.4724154472351074,0.28853702545166016
Normalizer,220,0,69.30520432625099,95.27800654795536,52.39900319399109,0.268135765873724,0.6449552332582857,0.9955548371453973,0.47697967086156823,0.6150031089782715,0.29328250885009766
Normalizer,223,0,73.02206045218952,95.48993603575686,70.71355866764944,0.28831105663816725,0.8126459493443506,0.9671316337983005,0.7007163601161666,0.5338163375854492,0.2927224636077881
Normalizer,226,0,72.50825823590458,95.74963696410354,54.89803797690499,0.27442382277198824,0.6704621223778017,0.9926342167210874,0.5061761858664086,0.448744535446167,0.30884766578674316
Normalizer,229,0,66.21652460549794,93.38730427830374,51.981327436734404,0.24205112515035357,0.6429149374885809,0.9862267777065984,0.4769022265246854,0.6309895515441895,0.29422855377197266
Normalizer,232,0,67.0317366369666,94.70887033764316,57.59011617703836,0.2640973875565517,0.6981890845510179,0.9835327234342013,0.5411810261374637,0.5922865867614746,0.2899158000946045
Normalizer,235,0,75.60533163300505,96.07402653444069,63.293671685795516,0.28801746779795684,0.7498804171051373,0.9806092450115719,0.6070474346563407,0.7443959712982178,0.29625582695007324
Normalizer,238,0,63.21433359307882,93.63985901311716,54.813800849391036,0.2673381396945659,0.6702018649451789,0.9901597153886913,0.5065246853823814,0.6210360527038574,0.2963263988494873
Normalizer,241,0,68.42346888755102,93.06480011637352,52.82018883156084,0.23237090392472048,0.6526435474701535,0.9809679173463839,0.4889835430784124,0.5000433921813965,0.30075645446777344
Normalizer,244,0,72.13396621178528,95.78028426946837,52.38145379242568,0.2688455012148597,0.6447034175723452,0.995873786407767,0.47663117134559535,0.41717958450317383,0.29369211196899414
Normalizer,247,0,71.25517052060692,95.4773430646738,52.37443403179951,0.266170327496157,0.644874244287995,0.9948320413436692,0.4770571151984511,0.5810387134552002,0.3023831844329834
Normalizer,250,0,60.842926123592854,92.83792565022296,52.03046576111755,0.2457691770725708,0.643094038074844,0.9875681745267886,0.4767860600193611,0.41070008277893066,0.3039870262145996
Normalizer,253,0,66.83121651661705,95.35712233843046,52.45867115931346,0.2729403453749637,0.6451494590133872,0.9973270694961931,0.4767860600193611,0.619499921798706,0.30442094802856445
Normalizer,256,0,67.99066659210786,93.47045239264902,51.974307676108246,0.23656838610539685,0.6433468004691776,0.9841307814992025,0.4778702807357212,0.755190372467041,0.3596985340118408
Normalizer,259,0,64.19603642440137,93.98426548508208,54.59618826998,0.255269222998384,0.6690036333862136,0.9861205400920269,0.5062149080348499,0.49518537521362305,0.30387043952941895
Normalizer,262,0,70.74962399844878,94.6493682006426,52.216489417710854,0.25554089099595134,0.6441714584422373,0.9909931644551668,0.47717328170377543,0.5629479885101318,0.32329297065734863
Normalizer,265,0,69.6105008827231,94.85474540056754,52.24807834052859,0.25936502289412605,0.6441555724112678,0.9924242424242424,0.4768247821878025,0.4503772258758545,0.31313490867614746
Normalizer,268,0,69.76006925255031,95.13226922658498,55.13319995788144,0.27644136400443936,0.672692356932531,0.9928949357520787,0.5086544046466602,0.4085662364959717,0.30680036544799805
Normalizer,271,0,67.78458360960038,94.894023356178,56.659997894071815,0.27689678715462956,0.6880242546740778,0.9898945837877136,0.5272410454985479,0.6236047744750977,0.31557583808898926
Normalizer,274,0,17.075607720904088,82.62109329836626,9.35734091467481,0.0,0.0,0.0,0.0,0.5402214527130127,0.3186173439025879
Normalizer,277,0,50.4633428444236,86.93205120315592,57.04257484819768,0.1342165702914326,0.7027420882617249,0.9425983841542872,0.5601936108422072,0.6046721935272217,0.31118083000183105
Normalizer,280,0,24.867700468195466,82.55891443988979,91.57277736829175,0.30027655374162776,0.9555395070644224,0.915643409752289,0.9990706679574056,0.6618697643280029,0.31905674934387207
Normalizer,283,0,67.2469409704798,93.02740574033216,54.47334245902214,0.22081141831810075,0.6706781425343388,0.9738976552130955,0.5114424007744434,0.5214083194732666,0.3215780258178711
Normalizer,286,0,63.58411141991694,94.39303546530546,54.80678108876488,0.26649896254786887,0.6702013216536038,0.9898615419535447,0.5066021297192643,0.4497334957122803,0.33762407302856445
Normalizer,289,0,72.991682576985,94.44765633120767,58.55884314344881,0.27133674649509915,0.7070296022431205,0.9841807129041171,0.551674733785092,0.5260021686553955,0.3211543560028076
Normalizer,292,0,72.04604829813456,94.06614353700333,63.0339405426275,0.25861388991055767,0.7493813059204264,0.9720353108216556,0.6097192642787996,0.5786659717559814,0.31859660148620605
Normalizer,295,0,57.52803835034267,93.35922853241954,52.27966726334632,0.26157206164704555,0.6442886295850557,0.9932241671372106,0.4767860600193611,0.4518282413482666,0.325305700302124
Normalizer,298,0,64.53678133957497,93.87402329492762,55.242006247586964,0.2637807699453359,0.6748597654258032,0.9879805897723031,0.5124491771539206,0.5562775135040283,0.3262770175933838
Normalizer,301,0,68.5382686426689,94.63411641203456,54.42420413463901,0.25900400268988333,0.6669231755803514,0.9878419452887538,0.5033881897386253,0.6589891910552979,0.33032822608947754
Normalizer,304,0,69.17865429571333,95.46857759953005,54.54003018497069,0.26907664493786926,0.6672489980474772,0.9913733872814718,0.5028460793804453,0.41315174102783203,0.32735776901245117
Normalizer,307,0,21.679677905923725,81.85324655917996,9.35734091467481,0.0,0.0,0.0,0.0,0.6141564846038818,0.34522247314453125
Normalizer,310,0,67.41745358895386,95.62596414949385,52.50429960338352,0.27685569280275485,0.6452762923351159,0.9987827639373529,0.47659244917715393,0.6409528255462646,0.33206725120544434
Normalizer,313,0,63.848539095083545,93.40185329530203,52.083113965813766,0.24849973883670012,0.6434019433705986,0.9885223533188859,0.4769022265246854,0.5070395469665527,0.33356666564941406
Normalizer,316,0,74.84673007554889,96.54059393462569,52.50780948369661,0.27687578455388884,0.6453118037170044,0.9987828627069133,0.47663117134559535,0.5778951644897461,0.32994651794433594
Normalizer,319,0,69.51053058521164,95.89903623129187,52.4902600821312,0.2751510046089976,0.6452830188679245,0.9981353871098501,0.47674733785091966,0.6968798637390137,0.34453916549682617
Normalizer,322,0,70.0203313170984,95.91114387067921,52.4902600821312,0.27576002797534954,0.6452272369869476,0.9983778084191743,0.47663117134559535,0.5287175178527832,0.34066295623779297
Normalizer,325,0,32.994806784948906,87.74988513210528,89.29486504510196,0.13601901120900253,0.9428175034684465,0.9138952495184095,0.9736302032913843,0.49891233444213867,0.349135160446167
Normalizer,328,0,74.15743480884741,96.50747843034789,52.51482924432277,0.2775252254925208,0.6453270415519727,0.999025974025974,0.47659244917715393,0.536492109298706,0.33694982528686523
Normalizer,331,0,70.43159531412378,95.98670678689156,52.46218103962656,0.2751930886939027,0.6449803407601573,0.9982150101419879,0.4763988383349468,0.589458703994751,0.34679126739501953
Normalizer,334,0,68.95468300763477,95.12042398490554,52.36390439086027,0.26732537604232137,0.6446562287270252,0.9953108577896354,0.47670861568247824,0.7059049606323242,0.3447239398956299
Normalizer,337,0,69.54105225241452,95.44046348851978,52.42357235618266,0.27091293835488417,0.6449618900442652,0.996600291403594,0.47674733785091966,0.4140324592590332,0.3465433120727539
Normalizer,340,0,73.36472985622979,96.34012081478099,52.427082236495735,0.2743828632934107,0.6446809626173124,0.9979709439168899,0.47612778315585674,0.6183459758758545,0.3489658832550049
Normalizer,343,0,77.40211287090892,96.81443383346009,52.486750201818126,0.2755368937792392,0.6452103263006159,0.9982968369829683,0.47663117134559535,0.43109750747680664,0.35157132148742676
Normalizer,346,0,76.52655032102653,96.68274864051871,52.49727984275736,0.2762063134762859,0.6452610610190815,0.9985397907033341,0.47663117134559535,0.5823860168457031,0.34699392318725586
Normalizer,349,0,74.46988465412578,96.43577007452596,52.451651398687304,0.274320674716971,0.6449482374524964,0.9978913219789132,0.4764375605033882,0.42445945739746094,0.3580470085144043
Normalizer,1,1,46.88000122005332,86.91903400658717,64.19220104594433,0.12616872171383017,0.7670882608100087,0.934527451743895,0.6505324298160697,0.46589183807373047,0.19733262062072754
Normalizer,4,1,47.854048216797665,86.73160853995381,63.69730792179986,0.13970607029204576,0.7621588060799779,0.9382855848714755,0.6417037754114231,0.6225202083587646,0.1989123821258545
Normalizer,7,1,51.258521309901525,89.28668778430303,59.81538029553192,0.18527068178328615,0.7249885902332397,0.9547640136656965,0.5843562439496612,0.5758867263793945,0.20012402534484863
Normalizer,10,1,33.47758188337016,82.65528901713039,88.40335544557931,0.12619431563927153,0.9376462595304598,0.9145528844383904,0.9619361084220717,0.39363980293273926,0.2055656909942627
Normalizer,13,1,51.17886199526649,89.19779216605158,51.05822891439402,0.18555379291335589,0.6383629856320349,0.966543626796513,0.4765537270087125,0.3736867904663086,0.2005290985107422
Normalizer,16,1,39.65717082707269,85.43015062626186,49.6893755922923,0.09664335979189644,0.6322540920519267,0.9368204972249677,0.47713455953533396,0.4054250717163086,0.20839190483093262
Normalizer,19,1,63.248615638904894,92.20387597867943,60.949071636657195,0.2374999214754362,0.7318777713514556,0.9689873013847233,0.5879961277831559,0.6798288822174072,0.20373177528381348
Normalizer,22,1,53.518336021565894,91.20896696644314,51.76722473763644,0.23091610104425922,0.6416688396349414,0.9823552894211577,0.4764375605033882,0.6853885650634766,0.2049109935760498
Normalizer,25,1,44.31167714484284,86.88915942210642,50.54227650837107,0.1340350169190357,0.6377355580121861,0.9488219094247246,0.48027105517909,0.660783052444458,0.20382142066955566
Normalizer,28,1,50.54258385506347,88.93536918181294,51.002070829384714,0.17902151890776366,0.638379442544814,0.9642382033022928,0.47713455953533396,0.5608620643615723,0.21347880363464355
Normalizer,31,1,64.23138020710405,93.26457892667578,52.03397564143063,0.2425618536215171,0.6434274382925429,0.986321094312455,0.4774443368828654,0.6131489276885986,0.2152082920074463
Normalizer,34,1,56.90476249265608,91.07520541017604,51.56365167947773,0.21623623676085313,0.640868162181856,0.9771446710578525,0.4767860600193611,0.6917510032653809,0.21030807495117188
Normalizer,37,1,40.40356749400322,84.63249144520042,49.67533607103998,0.057348244528284464,0.6358325713705171,0.9239684062892153,0.48468538238141334,0.6491904258728027,0.2100534439086914
Normalizer,40,1,55.50275565019038,91.27789192828979,51.7180864132533,0.22479026807494684,0.6417148512788456,0.9801097939374652,0.4770183930300097,0.47534704208374023,0.21303725242614746
Normalizer,43,1,49.194766261749365,87.30549334490082,54.22765083710645,0.13708356631940066,0.6752172938510198,0.9461194863204914,0.524917715392062,0.7510764598846436,0.21233153343200684
Normalizer,46,1,63.59095969539336,94.96947425168139,52.455161279000386,0.27352894199238775,0.6450581700031444,0.9975686846584002,0.47663117134559535,0.5692744255065918,0.21474432945251465
Normalizer,49,1,31.2040517389754,82.97947078681696,86.8625179881366,0.04393997795346423,0.9290950766258121,0.9094718884438511,0.9495837366892546,0.6173224449157715,0.21517038345336914
Normalizer,52,1,63.84132335116692,93.47394741515986,54.64883647467621,0.2649456875221908,0.6687177909391585,0.9896038852633177,0.5049757986447241,0.5781650543212891,0.22193598747253418
Normalizer,55,1,64.12021737283304,94.78088809811102,52.42357235618266,0.270101775850648,0.6450362688873177,0.9962789192687267,0.4769022265246854,0.5603818893432617,0.2167377471923828
Normalizer,58,1,46.27150688930703,87.18943334287098,50.31062440770769,0.13517233253739927,0.6351758793969849,0.9494607087827427,0.47721200387221685,0.4852423667907715,0.21903014183044434
Normalizer,61,1,59.17351990466155,91.59024531114537,54.49791162121371,0.2181982363803669,0.6711480898990412,0.9729352062955063,0.5122555663117134,0.7221152782440186,0.21968865394592285
Normalizer,64,1,40.92422670043116,87.17485471549011,72.60538415640026,0.050748860273806415,0.8358673480116923,0.9146723122238586,0.7695643756050339,0.5271015167236328,0.22404813766479492
Normalizer,67,1,55.09194626827084,89.98484333854489,51.20915376785652,0.1914652654619239,0.6394127259993255,0.9684897061134685,0.47725072604065827,0.49049830436706543,0.23417377471923828
Normalizer,70,1,47.47517663539796,87.15479761684368,50.19830823768909,0.12852424946843768,0.6346148893981922,0.9472632226322263,0.47713455953533396,0.6308102607727051,0.22417974472045898
Normalizer,73,1,58.7553321050495,93.35409030776009,52.244568460215504,0.2601541970322621,0.6440456257848473,0.9927413501088798,0.47663117134559535,0.5071921348571777,0.2257702350616455
Normalizer,76,1,57.18048292324775,88.52359991917349,82.66821101400443,0.2729975329379816,0.9000768950584808,0.9426524816682914,0.8611810261374637,0.5203986167907715,0.22417402267456055
Normalizer,79,1,36.772372183074815,83.34228801786686,86.66596469060404,0.15202649381705824,0.9270671350957016,0.9193192202254036,0.934946757018393,0.4981541633605957,0.22641515731811523
Normalizer,82,1,41.601428914827935,86.72337842588169,76.37148573233652,0.11535362941194545,0.8607825295723385,0.923705117393813,0.8058857696030978,0.3928239345550537,0.22818231582641602
Normalizer,85,1,72.98618071749303,94.7447062666922,55.61756344108666,0.2639070752836435,0.6786449465043585,0.9872818692694469,0.5170183930300096,0.6895174980163574,0.22993230819702148
Normalizer,88,1,65.33586107078561,93.20592682283511,51.94973851391668,0.24045397507565547,0.6427266558797432,0.9856719763067318,0.4768247821878025,0.5051090717315674,0.23965239524841309
Normalizer,91,1,65.13268878691116,94.36467980415118,52.328805587729455,0.26367866744581575,0.644617719399236,0.9939481965625756,0.47697967086156823,0.6249511241912842,0.2340846061706543
Normalizer,94,1,83.20719047138357,95.12170528263377,95.29676038047103,0.7079006666174111,0.97422581265628,0.967896044334034,0.9806389157792836,0.5188829898834229,0.23229265213012695
Normalizer,97,1,66.59915801796528,93.99203954186251,52.12172264925766,0.25236137134977726,0.6434564416215792,0.9899469197362072,0.47663117134559535,0.7376267910003662,0.23606300354003906
Normalizer,100,1,58.17081036958175,92.06623251262329,51.939208872977424,0.23595860980669772,0.6430303188300008,0.9839636189564385,0.4775605033881897,0.43047356605529785,0.23441481590270996
Normalizer,103,1,62.951977103666046,93.10121214964009,52.10066336737918,0.24416322261049972,0.6439882085931182,0.9868084425967381,0.4779477250726041,0.4974024295806885,0.2630345821380615
Normalizer,106,1,42.167548179397215,85.8218600420775,69.41841283212243,0.12436669778850817,0.8093894248649122,0.9302524389017399,0.7163213939980639,0.44672393798828125,0.2387092113494873
Normalizer,109,1,61.69974487813627,88.88404435955468,91.41483275420308,0.40218932240611954,0.9535616646415553,0.935411777852274,0.9724298160696999,0.6742053031921387,0.2404801845550537
Normalizer,112,1,37.0232514566202,83.775464901911,60.09968060089152,0.052771728091826446,0.7361433478785628,0.9188249608899705,0.6140561471442401,0.40614962577819824,0.24059414863586426
Normalizer,115,1,64.06506370058149,93.05120474634134,54.65234635498929,0.25123864788085315,0.6699197792652394,0.9845310505369077,0.5076863504356244,0.6323962211608887,0.2435615062713623
Normalizer,118,1,63.59028866606777,93.64771490328468,54.42069425432593,0.2514165609783458,0.6675371223758321,0.9850396675481677,0.5048209099709584,0.42208027839660645,0.24365448951721191
Normalizer,121,1,59.87205852770066,89.32178768134513,62.6759327506932,0.18173352309247906,0.7509018505504802,0.950370589979247,0.6206389157792837,0.7112164497375488,0.2447834014892578
Normalizer,124,1,70.02750348768218,94.92992870178553,54.69446491874626,0.2676131152954191,0.6689577349199836,0.9905065694539379,0.5050145208131656,0.5519421100616455,0.247053861618042
Normalizer,127,1,70.26003838810622,94.1316929650796,55.86676494331543,0.24708001319237943,0.6825228500732212,0.980770626224512,0.5233688286544046,0.7179856300354004,0.24772953987121582
Normalizer,130,1,50.882274295582604,88.09178268933474,52.788599908743116,0.13395772840029804,0.6610216476399284,0.9465213625866051,0.5078412391093902,0.7372095584869385,0.2499096393585205
Normalizer,133,1,65.87054508060703,94.09834623849602,54.67340563686778,0.26051379434381805,0.6693465792707907,0.9879071876653314,0.5061374636979671,0.5116698741912842,0.250546932220459
Normalizer,136,1,64.98887935923962,92.82180992082215,51.85497174546349,0.23364917233055632,0.6423487080541288,0.9832375478927203,0.47697967086156823,0.5440857410430908,0.24902606010437012
Normalizer,139,1,63.98959323567581,90.9924257212758,55.07002211224597,0.2009172884563069,0.6783425886373344,0.9660750071571715,0.5226718296224588,0.7689366340637207,0.2670445442199707
Normalizer,142,1,63.75265016641383,93.09010410673501,51.92165947141203,0.23887763383260863,0.6425738440663814,0.9851188095047604,0.4767860600193611,0.4700126647949219,0.2561936378479004
Normalizer,145,1,57.35323811591814,88.51491490068237,85.05141974658665,0.237880547204733,0.9160771640820509,0.9326352110415663,0.9000968054211036,0.4282219409942627,0.25614237785339355
Normalizer,148,1,67.11374745913004,93.73828632091478,54.325927485872725,0.2554204326855903,0.6662220740246749,0.9867041483057286,0.5028848015488867,0.702913761138916,0.2569162845611572
Normalizer,151,1,64.77599312703298,92.54568665388592,54.371555929942794,0.23324435012552652,0.6685871615765053,0.9785090664875755,0.5077637947725072,0.7559034824371338,0.26198506355285645
Normalizer,154,1,60.08394983547436,91.0301974818585,52.84475799375241,0.20342099113466475,0.6554863194604713,0.970315821439417,0.4949080348499516,0.5920231342315674,0.26337575912475586
Normalizer,157,1,61.339650498297374,91.92301602609851,54.89803797690499,0.2323467222615817,0.6740067989243493,0.977267711322004,0.5143852855759923,0.6144759654998779,0.26296472549438477
Normalizer,160,1,64.30709468267356,93.83576070167508,63.26910252360395,0.2939973162074794,0.7492872715076304,0.9825332998240764,0.6055372700871249,0.52225661277771,0.26908445358276367
Normalizer,163,1,65.65864941550005,93.53143256436674,52.10417324769225,0.24943054676418996,0.6435400449297319,0.9888416151561371,0.47697967086156823,0.6297407150268555,0.3169975280761719
Normalizer,166,1,69.04802725366723,93.52797389993323,54.434733775578245,0.24553824298723906,0.6681832123504754,0.9828558538235957,0.5061374636979671,0.6771805286407471,0.26581430435180664
Normalizer,169,1,65.68482682141979,93.32164488100919,54.66287599592854,0.25050849543781534,0.6700891374862719,0.9842436974789915,0.5079574056147145,0.7163193225860596,0.32227373123168945
Normalizer,172,1,38.300600803637494,86.20402789075914,92.13435821838475,0.3815514049007795,0.958354239839438,0.921353533909812,0.9984511132623427,0.6752057075500488,0.267092227935791
Normalizer,175,1,69.73791511769521,93.60963095829561,72.40883085886772,0.26662112624156287,0.8268540340521134,0.9588271352676747,0.7268151016456922,0.7323148250579834,0.27086925506591797
Normalizer,178,1,55.537214894236634,89.54275651930855,57.63574462110842,0.19720657552138204,0.7037018853102907,0.9612366709140903,0.5550048402710552,0.5444321632385254,0.27234601974487305
Normalizer,181,1,61.62784161674494,92.41835801266106,51.91112983047278,0.23398069572167457,0.6429148531366468,0.9832589285714286,0.47759922555663115,0.41425037384033203,0.27553296089172363
Normalizer,184,1,60.295005987702154,93.67807679648953,52.30774630585097,0.2617346789669821,0.6445723253989014,0.9932285368802902,0.47709583736689254,0.39700841903686523,0.2711188793182373
Normalizer,187,1,68.79579865924855,92.5326364454764,51.584710961356215,0.21636183202906742,0.6410803497085762,0.9771555485047989,0.4770183930300097,0.7078030109405518,0.27710390090942383
Normalizer,190,1,57.33101862106379,91.8477657839413,51.879540907655056,0.2315800095186059,0.6428013131155229,0.982400254837939,0.47767666989351404,0.4889659881591797,0.2771751880645752
Normalizer,193,1,69.0082491581269,92.98071563871021,51.77424449826261,0.2263298713333868,0.6421688629616126,0.9805933349240435,0.477405614714424,0.5173530578613281,0.2999401092529297
Normalizer,196,1,60.40107800425422,91.40731507134653,57.75859043206627,0.22647898691404927,0.7026853430173671,0.9705199945407398,0.5507066795740562,0.44027280807495117,0.29708051681518555
Normalizer,199,1,67.31693789855983,92.29708475864643,53.86613316485908,0.22517734360716193,0.6641112133292446,0.9764785451266251,0.5031558567279768,0.494307279586792,0.2980678081512451
Normalizer,202,1,66.97111015411161,92.99874366254181,51.77775437857569,0.23097830687491167,0.6417750893020103,0.9823595146871009,0.4765537270087125,0.4456186294555664,0.28095388412475586
Normalizer,205,1,81.64001745838203,95.34069596884636,78.34403846828823,0.343735080675464,0.8685275942893671,0.9656479507225776,0.7891577928363989,0.5390374660491943,0.2850315570831299
Normalizer,208,1,62.30984851730842,93.95188838242865,52.32529570741637,0.26284845237896853,0.6446566383257031,0.9936290322580645,0.47709583736689254,0.5919735431671143,0.27767348289489746
Normalizer,211,1,66.50622626615026,93.46421075673817,65.42767891614896,0.2768987083255341,0.7693208430913349,0.9733333333333334,0.6360116166505324,0.713693380355835,0.3186769485473633
Normalizer,214,1,69.03161753652353,93.9499017023101,67.83545681092275,0.30490628253358903,0.7883113883113884,0.9769825365015746,0.6607163601161665,0.6352815628051758,0.28780317306518555
Normalizer,217,1,68.96443762441095,94.55371568583818,59.54511951142466,0.2628397014535248,0.7170561665357423,0.9794782375427536,0.5655372700871248,0.5705263614654541,0.29839277267456055
Normalizer,220,1,58.04346439949774,93.6748455645705,52.353374749921024,0.2660487518816191,0.6446614140250766,0.9948295362740346,0.4768247821878025,0.7164692878723145,0.2852613925933838
Normalizer,223,1,65.12611066609828,93.32988303096099,54.65234635498929,0.25620768744461425,0.6694975954159419,0.9863571267053591,0.5067182962245885,0.6686251163482666,0.2929565906524658
Normalizer,226,1,64.3332198005939,92.05007020316833,51.6829876101225,0.2219686767001455,0.6416037490236918,0.9791021056813667,0.47713455953533396,0.547921895980835,0.2910449504852295
Normalizer,229,1,51.846893475547006,88.51060165628374,53.051840932224216,0.1421154894288289,0.6629881582262535,0.948936170212766,0.5094675701839303,0.47710156440734863,0.2985050678253174
Normalizer,232,1,37.238817448795885,84.49973592243893,79.54441753536204,0.1149642633906571,0.8823814328960646,0.9214330874604847,0.8465053242981607,0.45936059951782227,0.2975945472717285
Normalizer,235,1,61.046165219910975,93.13797042737397,52.14278193113615,0.2494542050398745,0.6439482961222092,0.9887730553327987,0.4774443368828654,0.4795501232147217,0.29876232147216797
Normalizer,238,1,60.176623052181256,90.75743944364015,68.55147239479133,0.2785792280032964,0.7955738078941365,0.9683421271868925,0.6751210067763794,0.5782427787780762,0.29901552200317383
Normalizer,241,1,48.922544769783926,86.67027925290064,92.51342529219754,0.42832459828484665,0.9602859855890075,0.9248314445560177,0.998567279767667,0.6035544872283936,0.2999894618988037
Normalizer,244,1,60.98659902148819,91.61971330353028,67.49499842055387,0.24667505888856847,0.7884215576523269,0.9614955979048256,0.6681510164569215,0.6827356815338135,0.29886579513549805
Normalizer,247,1,67.19626518439871,93.42040325571666,52.01642623986522,0.24124904769801933,0.6433621161923148,0.9858490566037735,0.4774830590513069,0.5823557376861572,0.3064546585083008
Normalizer,250,1,60.55956874020054,89.76309197782734,67.05275350110561,0.21813309523458035,0.7861877320456461,0.9546410001106317,0.6682671829622459,0.5305097103118896,0.29938578605651855
Normalizer,253,1,72.05810649177299,95.41611425358151,65.8734337159103,0.29850244928445896,0.7719586274831719,0.9788841303830598,0.6372507260406582,0.6603443622589111,0.3045802116394043
Normalizer,256,1,60.17378352332516,91.50682584618599,54.24169035835879,0.21798777143387624,0.6685648913181644,0.973279052553664,0.5091577928363988,0.6762676239013672,0.3533036708831787
Normalizer,259,1,68.22342371652933,93.3192732812979,54.43122389526517,0.2363871765533127,0.6689277062348591,0.9795369678864825,0.5078799612778315,0.5566954612731934,0.3080134391784668
Normalizer,262,1,59.60446452368174,90.52441099744645,62.60573514443158,0.21207326758408943,0.7484416320362675,0.958976220729715,0.6137076476282671,0.5252163410186768,0.31084394454956055
Normalizer,265,1,78.9441716673118,96.12708367328769,68.21452388473553,0.3066369067538147,0.7913940845849075,0.9767441860465116,0.6651694094869313,0.692042350769043,0.30814433097839355
Normalizer,268,1,72.67641934685028,94.74350721459417,54.69446491874626,0.2622341042119975,0.6694155611330226,0.9885031389456168,0.5060600193610842,0.530059814453125,0.3034992218017578
Normalizer,271,1,64.33571655256506,92.26153108511141,71.75599312063459,0.29933122108481247,0.8204395849603927,0.9680884676145339,0.7118683446272991,0.6763029098510742,0.31972575187683105
Normalizer,274,1,69.34311893559062,94.50889283925162,52.1884103752062,0.25517535966094157,0.6439065195796518,0.990908359481857,0.4769022265246854,0.6843507289886475,0.3125159740447998
Normalizer,277,1,59.27605231414339,90.33919952334031,55.72987961110526,0.20061496727921338,0.684919187629587,0.9650147824862734,0.5308422071636012,0.5068013668060303,0.31429338455200195
Normalizer,280,1,70.05544706602595,93.92038288382372,58.97300902039241,0.26371282966794707,0.7115607649599013,0.9808163265306122,0.558296224588577,0.6220963001251221,0.3166341781616211
Normalizer,283,1,71.01859782467398,94.47358486374007,62.36355340282896,0.2759960200793441,0.7422541643631468,0.9785777665103308,0.5978702807357212,0.6410002708435059,0.32370424270629883
Normalizer,286,1,57.385524503100605,89.22426893913745,57.31283563230494,0.17597243224955508,0.7022037218413321,0.9549783549783549,0.5552371732817037,0.6745152473449707,0.3117790222167969
Normalizer,289,1,68.83708874943808,93.87572608050694,60.2892141377979,0.27211081236411006,0.7234011343633875,0.9811658598050269,0.5728944820909971,0.5202639102935791,0.3205447196960449
Normalizer,292,1,73.7460386393791,94.62617982638908,65.27324418237338,0.31672997374378303,0.7657004830917874,0.9856123879778089,0.6260212971926428,0.5505964756011963,0.3187830448150635
Normalizer,295,1,63.87912757473009,92.602111279328,59.03267698571478,0.24133480968939347,0.7137531881498921,0.9733128218848237,0.5634849951597289,0.45494771003723145,0.32991814613342285
Normalizer,298,1,55.485702500165225,89.01781486924872,63.918430381524,0.19490483397326247,0.7609413515650435,0.9524946148920067,0.6335333978702807,0.5532634258270264,0.32984113693237305
Normalizer,301,1,71.47051574122959,94.810049176527,54.92611701940964,0.26403888293609284,0.6716272885343152,0.9887073703229692,0.5085382381413359,0.43450355529785156,0.33852624893188477
Normalizer,304,1,77.1901779898024,95.34371952300224,71.07156645958372,0.28627391840470895,0.8155822071064173,0.9659723326442996,0.7057115198451114,0.4199492931365967,0.326385498046875
Normalizer,307,1,72.23652040793354,94.3541879883727,54.63128707311081,0.2596610295806777,0.66898847631242,0.9876748582230623,0.5057889641819941,0.6198635101318359,0.33356571197509766
Normalizer,310,1,52.222550797428305,88.50659328657089,86.45888175213226,0.22969125645644528,0.9249941675091375,0.9288586935301237,0.9211616650532429,0.6081433296203613,0.3336818218231201
Normalizer,313,1,66.20203356744317,93.00687937339093,51.9076199501597,0.23234975745654557,0.6430283451438099,0.9826419300899754,0.4778702807357212,0.7960121631622314,0.3368830680847168
Normalizer,316,1,67.26888885822618,92.89903815677569,54.29082868274192,0.2353257650346615,0.6675855731679302,0.9794038346315159,0.5063697967086157,0.6073806285858154,0.33140134811401367
Normalizer,319,1,67.58960892207564,93.32535825949974,61.01224948229266,0.2809016386099091,0.7295349403457512,0.9826828468350278,0.5800968054211035,0.7348337173461914,0.34542250633239746
Normalizer,322,1,12.693844322648912,79.78919308609109,90.62510968375979,0.002652831030375742,0.9508184647111897,0.906438702429434,0.9997676669893514,0.5686442852020264,0.34802722930908203
Normalizer,325,1,70.81164482795432,94.15482716569082,64.94682531325682,0.28171345672176834,0.7648734549735138,0.9756156156156156,0.6290029041626332,0.6174519062042236,0.34262919425964355
Normalizer,328,1,65.67269891044882,93.00647774420064,60.89642343196097,0.2516510505727282,0.7304444605743873,0.9734941313040113,0.5845111326234269,0.45255279541015625,0.33652663230895996
Normalizer,331,1,10.981179951328588,78.89378597397281,9.35734091467481,0.0,0.0,0.0,0.0,0.5101087093353271,0.35684752464294434
Normalizer,334,1,75.18301308144073,94.45754603509423,60.47172791407813,0.2702437509856587,0.7252366546306236,0.9802149970322496,0.5755275895450145,0.6194651126861572,0.3436007499694824
Normalizer,337,1,59.67322033799833,91.65742815175408,54.111824786774775,0.22649041275748566,0.6665136210590756,0.9765303834367292,0.5059051306873185,0.6580655574798584,0.3517899513244629
Normalizer,340,1,31.883391951569696,85.06890662441083,11.740549647257028,0.020678560082307954,0.05437725631768953,0.9426336375488917,0.027996127783155855,0.4599740505218506,0.3511519432067871
Normalizer,343,1,70.28341257628057,93.74876138469172,62.212628549366464,0.24637029354732654,0.7427847859327217,0.9696837377580937,0.6019361084220717,0.6422977447509766,0.3572707176208496
Normalizer,346,1,14.804061615597508,81.64686783808811,11.642272998490752,0.004149090856493254,0.05403577333533744,0.9135959339263025,0.027841239109390126,0.43222975730895996,0.3568089008331299
Normalizer,349,1,17.126820911423405,78.74266465389024,9.35734091467481,0.0,0.0,0.0,0.0,0.8771238327026367,0.35565805435180664
Normalizer,1,3,54.93943161492212,89.41451759477123,63.21294443859464,0.18369006864979553,0.7554767515106269,0.9502875924404273,0.6269506292352371,0.7275571823120117,0.199174165725708
Normalizer,4,3,38.50265761019151,84.78795485221275,67.12295110736723,0.06655257733798721,0.793873643905552,0.9194617188296462,0.6984704743465634,0.7271008491516113,0.19778060913085938
Normalizer,7,3,35.79247328773142,84.70422899029822,66.03137832999894,0.061116324324199306,0.7854387442912251,0.9187282817281262,0.6859244917715392,0.6510980129241943,0.20205307006835938
Normalizer,10,3,58.91677130318398,92.43574178716334,51.95324839422975,0.2416846410734303,0.6426501683765369,0.9861400416599904,0.47663117134559535,0.5314886569976807,0.20317387580871582
Normalizer,13,3,22.477925386477303,79.6054397280216,87.3890000350988,0.11201957253718141,0.93174003077683,0.9145904818737879,0.9495450145208132,0.32962632179260254,0.21223020553588867
Normalizer,16,3,53.37009954327885,90.80161981875091,51.56365167947773,0.21703951076439318,0.6407933781040137,0.977447788453903,0.47663117134559535,0.390286922454834,0.20278477668762207
Normalizer,19,3,57.23689876970695,92.92969730915794,52.181390614580046,0.2561456341213218,0.6437424820877569,0.9913022469195458,0.47663117134559535,0.37783217430114746,0.2035379409790039
Normalizer,22,3,51.98251547397983,88.85174497686877,61.46853392299323,0.1956265366272041,0.7393265897326304,0.9557370004297379,0.6028267182962246,0.49219560623168945,0.2026381492614746
Normalizer,25,3,58.792633782840674,91.63766242470564,51.63384928573935,0.22147560341043346,0.6411271420386478,0.979002624671916,0.47663117134559535,0.40235447883605957,0.20743107795715332
Normalizer,28,3,57.25235132597284,91.00564333869596,51.53557263697308,0.21386041199968436,0.6407908428720083,0.9762980578676179,0.4769022265246854,0.3992795944213867,0.20754718780517578
Normalizer,31,3,51.669452697153,89.07859580844651,51.009090590010885,0.17926384115327876,0.6384312506476013,0.9643164566867517,0.47717328170377543,0.47298741340637207,0.21233868598937988
Normalizer,34,3,57.188805429818245,91.68421834021167,51.80232354076726,0.22951339610908775,0.6421721909526787,0.9817544418771412,0.47713455953533396,0.6924049854278564,0.21120715141296387
Normalizer,37,3,51.94355365220783,87.59060528917824,61.02979888385806,0.14330550225318345,0.738722202612072,0.9415716856628674,0.6077831558567279,0.6062157154083252,0.21002554893493652
Normalizer,40,3,58.93649549851161,92.13988148576452,51.837422343898076,0.2343512987039482,0.6420970266040689,0.9835397522972433,0.47663117134559535,0.44847798347473145,0.21969938278198242
Normalizer,43,3,60.74407566073512,93.08685663123629,52.083113965813766,0.24971154137377752,0.6432901337792643,0.9889933317265205,0.47666989351403677,0.4263641834259033,0.21094775199890137
Normalizer,46,3,56.88128227603851,92.45635207869829,51.998876838299815,0.2482097561500636,0.6425322808301531,0.9885787822729832,0.47593417231364954,0.6125788688659668,0.21531343460083008
Normalizer,49,3,59.299144728098774,91.27815756059024,51.48292443227685,0.21113776590747557,0.6404847980441624,0.9753643852978454,0.4767860600193611,0.7135205268859863,0.21580123901367188
Normalizer,52,3,34.06966068719504,83.22883535893753,91.5060896423432,0.2892572319925376,0.9551901640558457,0.9152620559951741,0.9987608906098742,0.509084939956665,0.21486520767211914
Normalizer,55,3,55.150337439151656,90.23111877389773,57.488329647959006,0.1940881471439114,0.7025248059730819,0.9604459069236452,0.5538044530493708,0.3790562152862549,0.21944141387939453
Normalizer,58,3,58.41653201296452,88.39004277128781,74.76747042925837,0.2478862979545129,0.8453745725162928,0.9508418811689568,0.7609680542110359,0.8611750602722168,0.21573591232299805
Normalizer,61,3,53.933244201660294,90.15278814516725,54.01003825769541,0.20073800475098494,0.6676811483933146,0.9675830638047633,0.5096999031945789,0.4155409336090088,0.21899986267089844
Normalizer,64,3,30.55144812340549,81.96289614475677,90.74795549471763,0.10104751607578331,0.9514423608296798,0.9073820315519483,1.0,0.8951971530914307,0.22277164459228516
Normalizer,67,3,41.338890869861714,86.00046125251957,54.978765224105864,0.09971840008960904,0.6856050393391995,0.934018966208094,0.5415682478218781,0.49430322647094727,0.23474359512329102
Normalizer,70,3,50.03575627692014,89.48517098986508,53.75732687515355,0.18889527416913388,0.6661260485035858,0.963845702552068,0.5089254598257502,0.40682411193847656,0.22572803497314453
Normalizer,73,3,56.0446859052614,90.18815455900462,53.78189603734512,0.20069667193589513,0.6653621346886912,0.9679112754158965,0.5069119070667958,0.6930315494537354,0.2274491786956787
Normalizer,76,3,49.43734481539068,89.18080066079449,53.683619388578855,0.18330579134069191,0.665856375974881,0.9620253164556962,0.5091190706679574,0.40590691566467285,0.22565770149230957
Normalizer,79,3,64.86844266729798,92.72694012165148,56.44940507528693,0.23424472148676354,0.6893340010015022,0.9752745306411619,0.5330493707647628,0.45528268814086914,0.2303786277770996
Normalizer,82,3,61.779459385659585,89.86851341429175,62.879505808851924,0.21114772333944973,0.7509185115402732,0.9583408476104599,0.6173088092933204,0.7105975151062012,0.2306666374206543
Normalizer,85,3,55.97466355940388,88.49517474282783,71.72791407812994,0.21331642981164975,0.8236839225128598,0.9473816717019133,0.7285575992255566,0.3916909694671631,0.23280000686645508
Normalizer,88,3,54.81479227502907,89.09326890167381,53.59587238075182,0.16660410582470558,0.6663975170952032,0.9564682022309141,0.511326234269119,0.7054903507232666,0.22990870475769043
Normalizer,91,3,60.031022760530405,91.12730233209606,61.66859710083886,0.19781834725575675,0.7409814292151887,0.9561145795078957,0.6048789932236205,0.4915652275085449,0.23481512069702148
Normalizer,94,3,47.668990819825,85.6740703747211,76.05208662384612,0.13323471096108397,0.8580818270690767,0.9269728563724609,0.7987221684414327,0.7773892879486084,0.23212909698486328
Normalizer,97,3,61.00454978216965,91.16246778437839,53.91176160892913,0.19716271881978326,0.6669879029190231,0.966485374099662,0.5091965150048403,0.40982580184936523,0.23751068115234375
Normalizer,100,3,44.41226327879163,86.66349388811516,64.52914955600015,0.1185351515588427,0.7703181818181818,0.9324346629986244,0.6562245885769603,0.6941962242126465,0.23729825019836426
Normalizer,103,3,52.045682282138785,86.48721723466592,77.8982836685269,0.2030511817930821,0.8691967345921356,0.9375336081735078,0.8101452081316554,0.4068567752838135,0.23896574974060059
Normalizer,106,3,61.6781542917191,90.72904715693639,64.67305464883647,0.22186658150063635,0.7659139009698351,0.9588865595154903,0.6375992255566312,0.623032808303833,0.23916888236999512
Normalizer,109,3,31.93904526470436,83.38321236160058,66.2279316275315,0.020016696233091234,0.7888523151195962,0.9103064066852368,0.6959922555663117,0.8176374435424805,0.23780488967895508
Normalizer,112,3,35.23655599282202,83.12766609449153,60.959601277596434,0.04427817571546165,0.7441400409449543,0.9165344514959202,0.6263310745401742,0.4859170913696289,0.2414865493774414
Normalizer,115,3,26.372855556580337,81.62111739498572,85.76041556982908,0.07543724941141415,0.9222811823528285,0.9126478616924477,0.9321200387221684,0.7036869525909424,0.24361467361450195
Normalizer,118,3,61.52990183654337,89.62615753129131,63.069039345758306,0.211362132738768,0.7525748953581338,0.9581462187892941,0.6196321393998064,0.3969707489013672,0.24329113960266113
Normalizer,121,3,34.177892488611015,85.65994915660775,91.58681688954407,0.30255214917229567,0.9556020670877401,0.915921033944042,0.9988770571151985,0.636559009552002,0.2473132610321045
Normalizer,124,3,21.96693945993759,80.43266491512196,90.74444561440454,0.09951106424352459,0.9514105139024525,0.9075792730085074,0.9996902226524685,0.47534775733947754,0.26247596740722656
Normalizer,127,3,64.7927717650613,90.57640768526018,88.97546593661157,0.36551798680190895,0.9390179975537306,0.9416322716299353,0.9364181994191675,0.6181762218475342,0.24627685546875
Normalizer,130,3,16.941057626458893,81.00756258542799,9.35734091467481,0.0,0.0,0.0,0.0,0.3899831771850586,0.24847698211669922
Normalizer,133,3,57.355820562110516,90.32971751844048,51.20915376785652,0.1900658554579664,0.639543627641644,0.9679748822605966,0.4775217812197483,0.6262428760528564,0.25177717208862305
Normalizer,136,3,33.25159460242602,82.0501631275391,70.78024639359798,0.039371688875932995,0.8228836457247409,0.9131646047785438,0.7488480154888674,0.5006015300750732,0.2500267028808594
Normalizer,139,3,21.598502239306193,81.89135521094735,9.35734091467481,0.0,0.0,0.0,0.0,0.400723934173584,0.2562527656555176
Normalizer,142,3,50.65170164758034,88.41625806440712,62.26878663437577,0.16224751651089508,0.7485027138311809,0.945505053490159,0.6194385285575992,0.6381428241729736,0.25382184982299805
Normalizer,145,3,57.32914206286325,88.90399341738139,62.55308693973536,0.1662422902814598,0.7507534166569326,0.9462897526501767,0.622187802516941,0.5307722091674805,0.25641536712646484
Normalizer,148,3,52.45134855833997,87.63996783719752,64.89768698887369,0.1600256993168537,0.771212225196166,0.9423076923076923,0.65270087124879,0.4521827697753906,0.25692200660705566
Normalizer,151,3,41.304855739588334,85.84743351444443,59.74167280895721,0.06501041078308233,0.7322220665826212,0.9219824798636016,0.607241045498548,0.634406328201294,0.2621035575866699
Normalizer,154,3,21.859563148289492,81.67964739713493,84.7390403987224,0.004271328016590477,0.9167432598039216,0.9067767718474185,0.9269312681510165,0.6227273941040039,0.2628307342529297
Normalizer,157,3,46.363398690911836,86.99864063521194,75.08335965743568,0.19424513263905288,0.8494092191510575,0.9392475136048039,0.7752565343659245,0.5005323886871338,0.2665870189666748
Normalizer,160,3,18.283386432280867,80.3229345408002,9.35734091467481,0.0,0.0,0.0,0.0,0.38480448722839355,0.2637467384338379
Normalizer,163,3,46.16593741852695,86.92126127683264,50.194798357376015,0.12335035429693314,0.6350684085999383,0.9454782142583659,0.4781026137463698,0.3726644515991211,0.28752851486206055
Normalizer,166,3,26.031423635192436,80.85851574623437,88.96493629567232,0.10836126005322401,0.9410374704624733,0.9124268101974761,0.9715004840271055,0.6723501682281494,0.26859283447265625
Normalizer,169,3,52.26359397206514,88.38586232850366,68.99371731423959,0.17404491418877835,0.8039676903958815,0.941577005041842,0.7014520813165537,0.7652406692504883,0.27043867111206055
Normalizer,172,3,46.005131486162924,86.45814962618844,49.94208697483416,0.11127853830099364,0.6335371807389897,0.9415718322767891,0.4773668925459826,0.6775586605072021,0.294003963470459
Normalizer,175,3,37.849182527965,86.4548198550019,73.95668807693657,0.08501377089307587,0.8445617563264622,0.9199945232987997,0.7805614714424007,0.6390933990478516,0.2719302177429199
Normalizer,178,3,56.65227391068483,86.99856083519339,87.7119090239023,0.31220564097171233,0.9318062291824929,0.9374853021870345,0.9261955469506292,0.5392551422119141,0.27203989028930664
Normalizer,181,3,25.193727763983592,83.49984025778888,87.90495244112175,0.01898447493484914,0.9353276781022446,0.907498452237882,0.964917715392062,0.5204172134399414,0.27712535858154297
Normalizer,184,3,37.52242320018534,84.13022312461172,76.45572285985048,0.08321431387359247,0.862162495376649,0.918479926448054,0.812352371732817,0.5669996738433838,0.2810227870941162
Normalizer,187,3,34.59207299404715,84.17431951648322,73.89000035098803,0.03789842361269938,0.8454233766233766,0.9122421524663678,0.7877250726040659,0.4644920825958252,0.2801241874694824
Normalizer,190,3,23.262971599627885,80.8968866595863,90.65318872626443,0.031938884185213845,0.9509693811794598,0.9065220443695591,1.0,0.49681568145751953,0.2753455638885498
Normalizer,193,3,22.40826469928227,81.63148572243354,90.7163665718999,0.08452905355598735,0.9512846486785155,0.9070951879171057,1.0,0.5214130878448486,0.284456729888916
Normalizer,196,3,44.129113594952464,87.29040667680175,73.45126531185286,0.08720561268191042,0.840865101405369,0.9206246832818906,0.7738238141335915,0.46492505073547363,0.2933180332183838
Normalizer,199,3,46.82187148916949,86.55149729391168,65.947141202485,0.09965142636598305,0.7829433084254329,0.9271445981031102,0.6775605033881897,0.45892763137817383,0.28277063369750977
Normalizer,202,3,52.355324552338466,86.39619593114539,88.72275455406971,0.3084791952368832,0.938072200913594,0.933878271548085,0.9423039690222652,0.4415876865386963,0.2832472324371338
Normalizer,205,3,52.195899894625164,88.01936157042282,53.27647327226141,0.12097902092910622,0.6670668267306923,0.9418744261600396,0.5163988383349467,0.4997844696044922,0.28273797035217285
Normalizer,208,3,36.45110164278727,84.4174122104075,75.0061422905479,0.06760614693495999,0.852478713927617,0.9166443909828031,0.7967086156824782,0.5649549961090088,0.28218865394592285
Normalizer,211,3,49.168128430946076,88.99428076259099,67.59678494963322,0.12909164533183118,0.7948535620639082,0.9326276268446576,0.6925459825750242,0.6487877368927002,0.2847774028778076
Normalizer,214,3,35.54503775992401,85.80080361521323,76.66631567863536,0.08454815591100637,0.863580398916523,0.9185838390011787,0.8147918683446272,0.5545578002929688,0.3025977611541748
Normalizer,217,3,51.41197787346159,89.36041567804239,74.20588957916536,0.16080421726040123,0.8440662861507776,0.9336274877957191,0.7701839303000968,0.6091547012329102,0.28874802589416504
Normalizer,220,3,64.79771733833749,91.08763113910624,67.27036608051665,0.23326432074087344,0.7872316152143656,0.958282413065215,0.6679961277831559,0.4954345226287842,0.2876274585723877
Normalizer,223,3,32.5016859248694,85.89600710655164,90.79358393878769,0.12100364441757674,0.9516702596134358,0.9077966816647919,1.0,0.5800182819366455,0.29441356658935547
Normalizer,226,3,46.58632421900247,87.7023379596114,73.41265662840897,0.11527056419711817,0.839719853579061,0.9256857622690801,0.7683639883833495,0.4890928268432617,0.2910897731781006
Normalizer,229,3,56.5462817785763,89.16518227785043,72.09996139131655,0.20728495960457793,0.8267625585703389,0.9455633100697907,0.7344820909970958,0.6891739368438721,0.29408740997314453
Normalizer,232,3,42.3058252462438,85.19872888887927,62.686462391632446,0.06066179211105352,0.7579517770542565,0.919816534040672,0.6445304937076476,0.6371724605560303,0.29015231132507324
Normalizer,235,3,51.576669094669604,88.4141923937897,92.59064265908532,0.43735051526036695,0.9606853524536735,0.9254395407247937,0.9987221684414327,0.5302300453186035,0.29709887504577637
Normalizer,238,3,54.51952484732993,88.90041233386884,66.02786844968587,0.17511932809674532,0.7798676340148741,0.9449404761904762,0.663891577928364,0.5250346660614014,0.30112195014953613
Normalizer,241,3,30.7233594458634,84.91339594560094,91.3727141904461,0.27785550731245573,0.9543631637578909,0.9167469234884965,0.9951984511132623,0.5803437232971191,0.3006279468536377
Normalizer,244,3,23.95400108497599,82.71633506327304,9.35734091467481,0.0,0.0,0.0,0.0,0.5122802257537842,0.29880428314208984
Normalizer,247,3,61.33640646366818,90.49709632275908,51.05120915376785,0.1833135392996716,0.6384986261599875,0.9657335528895162,0.4769022265246854,0.4692399501800537,0.31226634979248047
Normalizer,250,3,23.89220247946788,81.99871035703067,91.5797971289179,0.3014093942581377,0.9555716058299535,0.9157674286525628,0.9989932236205228,0.5804588794708252,0.3070211410522461
Normalizer,253,3,34.809717434198824,85.76666075664481,87.8979326804956,0.15028493186254097,0.9344860345810374,0.9174034695019586,0.952216844143272,0.7080657482147217,0.3066227436065674
Normalizer,256,3,33.429819700810974,83.7794536535407,86.45186199150608,0.1243975275570073,0.9260224615738434,0.9167457215497287,0.9354888673765731,0.47818541526794434,0.3553485870361328
Normalizer,259,3,28.37494998144502,82.59923794933337,91.58681688954407,0.30261295266554805,0.955593842049686,0.9160687646515593,0.9986834462729913,0.6432530879974365,0.30476927757263184
Normalizer,262,3,41.7400995941144,87.84056164937122,77.32968305780773,0.1154344503865066,0.8674070576642785,0.9230601188395666,0.8180832526621491,0.5164599418640137,0.3087642192840576
Normalizer,265,3,39.23539548972431,85.92348956345288,76.49784142360745,0.09016984322496167,0.8622845625437044,0.9195508180900995,0.8117328170377541,0.5657069683074951,0.31041908264160156
Normalizer,268,3,58.78974487087405,89.99694439126782,55.55087571513811,0.19299864966874375,0.6837636717774559,0.9627311722101118,0.5301452081316553,0.5308141708374023,0.3130943775177002
Normalizer,271,3,48.61621843021259,87.63729786428311,70.83289459829419,0.12246651064780013,0.8203087834623535,0.9288477547622546,0.7344820909970958,0.558866024017334,0.3120274543762207
Normalizer,274,3,41.00078068887987,86.39173641292255,92.10978905619318,0.3783999681633164,0.95821716664808,0.9213639775529899,0.9981413359148112,0.5782439708709717,0.31714630126953125
Normalizer,277,3,54.63761438907645,87.6666890897146,61.759853988978975,0.14865841952550213,0.7448537504976465,0.9423441573832662,0.6157986447241045,0.4550299644470215,0.33678507804870605
Normalizer,280,3,53.69957058480497,90.45095642661092,74.3462847916886,0.1795338898662956,0.8444992872795354,0.9371517612616866,0.7685188770571152,0.49396538734436035,0.3070969581604004
Normalizer,283,3,46.14318923390092,87.07501519392288,90.87782106630164,0.3019681980553735,0.9511512075932713,0.9241417092768444,0.9797870280735721,0.5913679599761963,0.31958699226379395
Normalizer,286,3,59.846257304887686,90.46624259973638,61.97044680776386,0.18910084040188632,0.7442222799272916,0.9532535074987906,0.6103775411423039,0.7573277950286865,0.3165466785430908
Normalizer,289,3,16.146163840088775,81.4782000259022,9.35734091467481,0.0,0.0,0.0,0.0,0.6671662330627441,0.3263359069824219
Normalizer,292,3,38.038844173773356,85.58205529504357,77.50868695377487,0.10564830926811045,0.868860510805501,0.9213941577325405,0.8219941916747338,0.6143007278442383,0.32439422607421875
Normalizer,295,3,23.110136682282867,84.2616167455794,9.35734091467481,0.0,0.0,0.0,0.0,0.41982340812683105,0.3287632465362549
Normalizer,298,3,63.16260768967654,90.55474820623637,51.53557263697308,0.1834713754438629,0.6436093330580219,0.9650901772583017,0.48278799612778317,0.7164280414581299,0.3285210132598877
Normalizer,301,3,21.10479604412236,81.97759586200922,86.85900810782353,0.05312976299703194,0.9290129308710325,0.9101682951294721,0.9486544046466602,0.5177505016326904,0.395953893661499
Normalizer,304,3,49.20741414782543,88.22365599789143,91.09894352602576,0.34377002195401724,0.9521563596573973,0.928405871748648,0.9771539206195548,0.6262955665588379,0.3251068592071533
Normalizer,307,3,38.659472225268324,85.74809565579413,67.69155171808642,0.054130902461710116,0.7988637605156779,0.9167502507522568,0.7078412391093901,0.5237789154052734,0.33274126052856445
Normalizer,310,3,50.13891033261704,87.38950507271363,92.05714085149697,0.38793226052207697,0.9576684936119269,0.9263226460157776,0.9912100677637947,0.6804745197296143,0.3541879653930664
Normalizer,313,3,33.37842495473819,85.60962816705306,90.81815310097926,0.13026311342638977,0.9517912428129146,0.9080488062168149,0.9999612778315585,0.5386519432067871,0.3402223587036133
Normalizer,316,3,33.412669237009155,85.5874226353834,90.73040609315223,0.09223523834956787,0.9513547365124975,0.9072226515843462,1.0,0.5806798934936523,0.32929062843322754
Normalizer,319,3,52.02728271612918,88.51776637096724,62.66540310975396,0.14614293444056625,0.7529209542170914,0.9408452339486822,0.6275701839303001,0.5402007102966309,0.34653806686401367
Normalizer,322,3,40.59565907933905,86.99203836346068,86.39570390649679,0.11881388967739248,0.9257328990228013,0.9162526076237436,0.9354114230396903,0.42551517486572266,0.34704089164733887
Normalizer,325,3,53.88069766715638,88.82282765278474,71.5103014987189,0.14899969168014482,0.8244555461839572,0.9337219555207211,0.738083252662149,0.5720326900482178,0.34138011932373047
Normalizer,328,3,17.3146524772529,78.78257424112188,91.0743743638342,0.23852205701769372,0.952775353302754,0.9153939480445332,0.9933397870280736,0.41967320442199707,0.3442692756652832
Normalizer,331,3,32.45231733877322,83.7680319503882,91.41834263451616,0.27727436495008756,0.9546827794561934,0.9156001137656428,0.9972507260406582,0.6807246208190918,0.3405592441558838
Normalizer,334,3,61.2196626116839,90.73681458890745,71.06805657927065,0.23374397900877872,0.8177577325285755,0.9530042254972689,0.7161277831558567,0.4295196533203125,0.346193790435791
Normalizer,337,3,14.563488887710797,78.02811293308004,89.4949282229476,0.14526154449036088,0.9439376627268811,0.9141934547565489,0.9756824782187803,0.5303976535797119,0.35622310638427734
Normalizer,340,3,27.99319384541198,83.81637622327229,9.35734091467481,0.0,0.0,0.0,0.0,0.40680909156799316,0.34450387954711914
Normalizer,343,3,27.33821693564727,84.16691089379862,9.35734091467481,0.0,0.0,0.0,0.0,0.4077744483947754,0.366762638092041
Normalizer,346,3,47.3150983776922,89.13953426061089,63.44108665894493,0.09326662750099711,0.7625387561553894,0.9271023892676977,0.6475895450145208,0.7311041355133057,0.35503625869750977
Normalizer,349,3,43.71587572594988,86.41733032733417,66.83514092169457,0.07451552916287264,0.7912422950312618,0.9212367527523407,0.6933978702807357,0.45029377937316895,0.3566772937774658
Normalizer,1,5,45.34817198975446,89.88987057574732,72.52114702888632,0.10414367609528737,0.8335565618555605,0.9241938525363002,0.759109390125847,0.5057644844055176,0.1973268985748291
Normalizer,4,5,21.217392441043465,80.66106140660763,90.7549752553438,0.10436509286534153,0.9514774150762656,0.9074457992199304,1.0,0.5142257213592529,0.20063233375549316
Normalizer,7,5,60.44975958413612,93.1253344299417,52.03748552174371,0.24904119311204,0.642866476752999,0.988824569866538,0.476243949661181,0.614774227142334,0.201066255569458
Normalizer,10,5,56.953401951649575,91.71878018072856,51.79881366045418,0.23170672472645112,0.6419315307798608,0.9825989782886334,0.47666989351403677,0.6109282970428467,0.20184612274169922
Normalizer,13,5,52.01115477320444,90.96939760165395,51.739145695131796,0.2281333737246007,0.6416284403669725,0.9813441760344416,0.47663117134559535,0.4466984272003174,0.20425701141357422
Normalizer,16,5,46.99206021253619,87.6295802943666,50.52823698711874,0.15042155168135787,0.6360420378547267,0.9545806851650906,0.4769022265246854,0.3989830017089844,0.20487594604492188
Normalizer,19,5,52.25440435617132,90.43908491618868,51.518023235407675,0.21536172986078536,0.640464353575054,0.9768937589328252,0.4763988383349468,0.576336145401001,0.20606231689453125
Normalizer,22,5,54.64074731170692,90.18208011555751,53.84858376329367,0.20961368712906195,0.6652750553674618,0.9709466488334076,0.5059825750242014,0.5605604648590088,0.2088165283203125
Normalizer,25,5,56.69017835291349,91.3251096192962,51.67596784949633,0.22474148753332301,0.6412714955706097,0.9801672640382317,0.47651500484027104,0.6627123355865479,0.20578789710998535
Normalizer,28,5,51.98726787214712,88.87838429145731,50.826576813730654,0.16957331461421707,0.637403592318443,0.961055178334504,0.4768247821878025,0.607475996017456,0.2124338150024414
Normalizer,31,5,53.893843741671134,86.62246276780951,91.52012916359553,0.4106857575182255,0.954124259456175,0.9361004508364693,0.9728557599225557,0.5031251907348633,0.2095930576324463
Normalizer,34,5,53.26936671244287,89.87695366020203,51.265311852865814,0.19720603437763537,0.6394723859476021,0.9705233291298865,0.4768247821878025,0.7575483322143555,0.21165108680725098
Normalizer,37,5,56.20780703404312,90.74208870920995,51.44431574883297,0.21070623082884235,0.6401144640998959,0.9752675386444709,0.4763988383349468,0.5789532661437988,0.21575045585632324
Normalizer,40,5,49.88752270352197,87.49580378252158,52.549928047453584,0.1328355207227767,0.6586886818652327,0.9463871154962276,0.5051306873184899,0.5809826850891113,0.21126842498779297
Normalizer,43,5,48.990157510335955,86.82817118099027,65.7189989821347,0.1631082675065933,0.777916732986198,0.9422716756637656,0.6623814133591481,0.5364978313446045,0.21480607986450195
Normalizer,46,5,53.33723944054747,88.27635143119714,53.20978554631287,0.15570143054952496,0.6634180826621556,0.9532723842693368,0.5087318489835431,0.8147644996643066,0.21383309364318848
Normalizer,49,5,31.213806355751572,82.56225192837317,86.49749043557615,0.11855828257239089,0.9263492428158444,0.9161239018479249,0.9368054211035818,0.44136881828308105,0.2177872657775879
Normalizer,52,5,53.79263596150731,89.11372864062169,59.04320662665403,0.17240950725911028,0.7187447275181373,0.9518641470888662,0.5773475314617619,0.6447088718414307,0.21584749221801758
Normalizer,55,5,56.83764939298717,91.7434389301213,51.77775437857569,0.23037436018570048,0.6418311217706405,0.9821286101803095,0.47666989351403677,0.5706281661987305,0.21932005882263184
Normalizer,58,5,50.2155558250647,87.48210369239925,52.907935839387875,0.13471645285311493,0.6621679466196652,0.9466522678185745,0.5091577928363988,0.5261917114257812,0.21904540061950684
Normalizer,61,5,58.642697944573264,90.10246943911915,61.58085009301183,0.19292947602106472,0.7405054288559101,0.9548205661184814,0.6047628267182962,0.7407810688018799,0.2211601734161377
Normalizer,64,5,32.76628353603406,82.19364527288127,91.56926748797865,0.30044282743986916,0.9555514433752775,0.9150806308701046,0.9997676669893514,0.7913010120391846,0.22268176078796387
Normalizer,67,5,46.673113583332906,84.85371693780736,84.52142781931136,0.2582833290291522,0.9124026696329255,0.9367021493535626,0.8893320425943853,0.5967180728912354,0.22458815574645996
Normalizer,70,5,48.0860311883392,87.08615226608488,55.49471763012881,0.12380593459516553,0.6887121323709923,0.9408411026896506,0.5431558567279767,0.507678747177124,0.22283124923706055
Normalizer,73,5,46.93853618293247,87.19617589962051,52.26562774209399,0.09391515092782858,0.6591991179271287,0.9340955898018607,0.5093126815101646,0.551680326461792,0.22908306121826172
Normalizer,76,5,54.71797523437007,88.68947580779154,53.760836755466634,0.15919689399082765,0.6686953022834725,0.9537986943109262,0.514811229428848,0.5687255859375,0.2225663661956787
Normalizer,79,5,45.86226033759166,86.88347691655909,58.30964164122003,0.11031218550901062,0.7162852911670567,0.9347297550028053,0.5806001936108423,0.6298620700836182,0.2351362705230713
Normalizer,82,5,60.67477808464701,91.15868799480586,51.41623670632831,0.20532428395367613,0.6403180542563143,0.973299628722648,0.47709583736689254,0.5887632369995117,0.22954392433166504
Normalizer,85,5,53.711229356225786,87.66921536387662,83.00866940437331,0.17852510665301474,0.9039160034138499,0.927233488069061,0.8817424975798644,0.5806357860565186,0.2331709861755371
Normalizer,88,5,25.626306382984904,82.69083427868023,90.65318872626443,0.031938884185213845,0.9509693811794598,0.9065220443695591,1.0,0.6482768058776855,0.22919631004333496
Normalizer,91,5,52.788395550000764,88.28944809137703,63.293671685795516,0.17356850432157253,0.7567680714485069,0.9474695707879565,0.6299709583736689,0.7773616313934326,0.2327415943145752
Normalizer,94,5,33.50801930879622,84.68473294972239,85.07598890877821,0.10213853817564333,0.917867490824802,0.9157448448641357,0.92,0.6210465431213379,0.2352142333984375
Normalizer,97,5,38.67463429264867,86.63483759046487,92.18700642308097,0.38842466633720396,0.9586045300702942,0.922179684425203,0.9980251694094869,0.47713255882263184,0.2359170913696289
Normalizer,100,5,41.2466214327057,86.27229910314426,91.82197887052051,0.34454345886225096,0.956639868989132,0.9208914048224714,0.9952758954501452,0.6349747180938721,0.23749303817749023
Normalizer,103,5,26.648305832508466,84.63971871220932,89.26327612228422,0.012299663451462106,0.9431402070670458,0.9069135625938372,0.9823814133591481,0.6445291042327881,0.2417430877685547
Normalizer,106,5,35.10093689927806,85.38326746996316,69.68165385560351,0.03458355536869693,0.81485768175583,0.9125342038308291,0.7360696999031946,0.6296877861022949,0.23761820793151855
Normalizer,109,5,27.22356242497217,83.35274559016726,91.06735460320803,0.23079539472011565,0.9527820553257018,0.9146185082282539,0.994269119070668,0.6525886058807373,0.2398080825805664
Normalizer,112,5,42.5970214722122,86.34686732420504,60.38749078656418,0.0858394843966287,0.7366283954074488,0.9269395665707406,0.6111519845111326,0.5009632110595703,0.24005746841430664
Normalizer,115,5,62.493218173856135,90.70671581583721,64.76431153697659,0.20355399956227668,0.7677179018487239,0.9537771645394963,0.6424007744433688,0.7006511688232422,0.24503755569458008
Normalizer,118,5,18.32332574915268,81.61099783235484,90.71987645221297,0.08651976412255523,0.9513021696688401,0.9071270504759563,1.0,0.4240293502807617,0.24538373947143555
Normalizer,121,5,40.26341967873381,83.48708931361124,90.87782106630164,0.3128506290871245,0.9510684364115598,0.9255404910223525,0.9780445304937077,0.5367152690887451,0.24409985542297363
Normalizer,124,5,36.15269693512439,84.79760849925133,92.23614474746411,0.3947157509310491,0.9588480428635213,0.9227629176066172,0.9978702807357211,0.5790200233459473,0.24540400505065918
Normalizer,127,5,65.62211317592224,90.6965407922699,91.6921132989365,0.5116482639981252,0.9541572250305037,0.9544714817110973,0.9538431752178121,0.6685359477996826,0.2483677864074707
Normalizer,130,5,35.396047462979006,85.15141345456408,91.04980520164261,0.20379523974820446,0.9528546073066114,0.9117574213636203,0.9978315585672798,0.6631016731262207,0.25951480865478516
Normalizer,133,5,35.19387300842635,85.98919760069356,91.5060896423432,0.29035201383350845,0.9551536266261443,0.9159114333439955,0.9979090029041626,0.42120790481567383,0.2806813716888428
Normalizer,136,5,35.00118592087519,83.29006850686412,91.7868800673897,0.33380081458460426,0.9565782148821674,0.9184037056832354,0.9980638915779284,0.5538721084594727,0.245711088180542
Normalizer,139,5,18.954775964078145,79.52276154870485,9.35734091467481,0.0,0.0,0.0,0.0,0.4390294551849365,0.25522327423095703
Normalizer,142,5,41.616089888880744,85.10538713399914,71.2295110736724,0.07984294195738792,0.8248242258457461,0.9203548264021366,0.7472604065827686,0.5697131156921387,0.25276947021484375
Normalizer,145,5,44.73051999689177,88.17210013108414,63.85174265557545,0.1020211738486728,0.7655214807731713,0.9289424245773014,0.6509970958373669,0.6639564037322998,0.2551102638244629
Normalizer,148,5,30.477109112708963,83.55366137629711,84.77413920185322,0.07125607703080375,0.9163355834136934,0.9128146013448607,0.9198838334946757,0.45159339904785156,0.2565591335296631
Normalizer,151,5,47.300126580531874,86.55428255374068,65.7576076655786,0.10347377692425834,0.7812163616792249,0.9281185058879949,0.6744627299128751,0.4023280143737793,0.2617974281311035
Normalizer,154,5,25.505355525715895,83.46559439947504,90.70232705064757,0.07604844056075033,0.9512145711707398,0.9069677600618108,1.0,0.6123361587524414,0.25963330268859863
Normalizer,157,5,48.600866092612215,88.34464179162737,91.29549682355832,0.3588497801955437,0.9532216689301343,0.9292780699496157,0.978431752178122,0.5336763858795166,0.2607388496398926
Normalizer,160,5,33.17728609306248,83.74752341836547,90.63563932469903,0.18057502796809238,0.9504476059581739,0.9132669450690653,0.9907841239109391,0.666440486907959,0.26244235038757324
Normalizer,163,5,24.3864170302014,80.54471997446151,91.20774981573129,0.23449117825928875,0.9537421749487563,0.9116068907088393,0.9999612778315585,0.5062229633331299,0.2667546272277832
Normalizer,166,5,51.42495401197831,85.94605810114284,74.93594468428627,0.2074433398358942,0.8479246970632707,0.9420783645655877,0.7708809293320426,0.5407602787017822,0.2811880111694336
Normalizer,169,5,26.844759108460558,82.19140892323456,90.66722824751676,0.04879087694741833,0.9510394225634794,0.9066493470018255,1.0,0.5725629329681396,0.2703385353088379
Normalizer,172,5,26.746496885596038,85.67334178369504,9.35734091467481,0.0,0.0,0.0,0.0,0.6740627288818359,0.2704634666442871
Normalizer,175,5,28.156176991973066,82.88617930304622,88.64553718718192,0.013214882962504441,0.9396151046235978,0.9070563644226611,0.9745982575024201,0.650658369064331,0.27295637130737305
Normalizer,178,5,42.12258195236127,86.91538699153568,92.11680881681936,0.3800513576685197,0.9582139534883721,0.9221844225604298,0.9971732817037754,0.6309890747070312,0.27748537063598633
Normalizer,181,5,17.348373879529905,80.65441529507862,89.67744199922782,0.036474518675761035,0.9454228292538089,0.9077400042762455,0.9863697967086157,0.506737232208252,0.27558279037475586
Normalizer,184,5,19.46764861592939,81.89122089817796,90.73040609315223,0.09223523834956787,0.9513547365124975,0.9072226515843462,1.0,0.4417431354522705,0.27829694747924805
Normalizer,187,5,25.876041130321298,83.19850185061915,76.38903513390194,0.00935180358653155,0.8634028468739212,0.907693621381607,0.8232333010648596,0.501631498336792,0.29567980766296387
Normalizer,190,5,43.430056449252675,86.6022509123358,56.042258958969505,0.10220841669532783,0.6956352678137455,0.9340207531162305,0.5541916747337851,0.6089298725128174,0.2780954837799072
Normalizer,193,5,39.71920472857807,85.74667150451826,92.03959144993156,0.36902126289312503,0.9578767504921808,0.9204054681086483,0.9985285575992255,0.5924179553985596,0.28334546089172363
Normalizer,196,5,40.52193445263542,85.7782413569053,77.17173844371908,0.06723726196985343,0.8674330439036322,0.915737831906012,0.8239690222652468,0.49980640411376953,0.2749335765838623
Normalizer,199,5,22.990450904110347,82.61131896357105,90.7339159734653,0.09416931859576093,0.9513597170019898,0.9074549224983305,0.99972894482091,0.5870950222015381,0.28046631813049316
Normalizer,202,5,24.31316299549234,83.98655747927418,11.810747253518656,0.0037301529969938378,0.057963407318536296,0.9126328217237308,0.029932236205227492,0.6826093196868896,0.28181028366088867
Normalizer,205,5,45.10609743432954,88.37809458750957,66.73335439261521,0.09850743346503692,0.7893403271692745,0.9264360619815307,0.6875895450145209,0.5608923435211182,0.28695082664489746
Normalizer,208,5,52.52978346232251,88.5935010741012,69.3482152258608,0.144798677186653,0.8080026382323843,0.9346897253306206,0.7115585672797676,0.6163675785064697,0.28199338912963867
Normalizer,211,5,21.047825363891796,81.91108667010134,11.775648450387841,0.007203481737355771,0.056739717802461724,0.9185905224787363,0.029273959341723138,0.6806230545043945,0.2904679775238037
Normalizer,214,5,17.17415171798758,80.62614631629275,89.84942613456882,0.06755876559781974,0.9463112167229792,0.9089190827716558,0.9869119070667958,0.5858421325683594,0.2871687412261963
Normalizer,217,5,23.05252837894856,83.23562923254953,89.28433540416272,0.027302443501658166,0.9432137343526217,0.9075452788316988,0.9818005808325266,0.44902896881103516,0.29341936111450195
Normalizer,220,5,46.12414623500986,86.7974582441767,67.71261099996491,0.11339103817740981,0.7964777981813757,0.9290802105915144,0.6969990319457889,0.4671633243560791,0.29097700119018555
Normalizer,223,5,31.716305649500477,84.70228801306625,88.83156084377522,0.13171744438880403,0.9401294498381877,0.9143578669984994,0.9673959341723136,0.6711945533752441,0.2920372486114502
Normalizer,226,5,43.655272482205746,86.57427574829684,72.38075181636306,0.12086498215382697,0.8319630997885925,0.9274423919253475,0.7543078412391094,0.40455007553100586,0.29256629943847656
Normalizer,229,5,19.56843809209805,82.19598426416306,9.35734091467481,0.0,0.0,0.0,0.0,0.5267987251281738,0.2952594757080078
Normalizer,232,5,24.361999986927994,84.6542885819509,88.85613000596679,0.012590829659509412,0.9408212335278,0.9069934593545604,0.977270087124879,0.47818589210510254,0.2924811840057373
Normalizer,235,5,30.9529778378767,85.94902788424525,89.25976624197115,0.048985158115206553,0.9429997764697117,0.9085753257475143,0.980135527589545,0.648033618927002,0.29912424087524414
Normalizer,238,5,41.18544302096822,86.68751007461465,68.6532589238707,0.08641300520839951,0.8050042575489618,0.9228574289146977,0.7138431752178122,0.47167229652404785,0.29694414138793945
Normalizer,241,5,40.285613029588475,86.79273445540265,92.03608156961847,0.3686076284447007,0.9578464339457893,0.9206128133704735,0.9982187802516941,0.6141042709350586,0.31087231636047363
Normalizer,244,5,26.9015554953598,81.38959615448796,91.4850303604647,0.2861189863477614,0.9550657529172069,0.9153914432806675,0.9983349467570184,0.606252908706665,0.30440807342529297
Normalizer,247,5,42.573762027147644,87.38068837775353,92.33091151591731,0.4063972017337035,0.9593511059847822,0.9232311658550558,0.9984123910939012,0.5168337821960449,0.3071458339691162
Normalizer,250,5,19.00793978746381,82.62856609721635,11.800217612579411,0.0006443635032170433,0.058098129615053035,0.9074941451990632,0.030009680542110357,0.6220681667327881,0.304415225982666
Normalizer,253,5,44.74297906519224,87.05057525588182,87.60310273419677,0.19855918707512446,0.9323164188256937,0.922872643119997,0.9419554695062924,0.4633331298828125,0.30454063415527344
Normalizer,256,5,60.38154553159103,91.16288408695684,67.94075322031519,0.2166840360043753,0.7935539282162554,0.9530919159563495,0.6797676669893514,0.7332487106323242,0.3560352325439453
Normalizer,259,5,36.889475515054954,83.95147540967744,91.49906988171703,0.2885916601077508,0.9551331925456634,0.9155804950811521,0.9982575024201356,0.534290075302124,0.30962443351745605
Normalizer,262,5,49.96230180488006,86.85033527829658,58.11308834368748,0.1029220150197018,0.7149885364921666,0.9328223343927213,0.5796321393998064,0.7274394035339355,0.3051438331604004
Normalizer,265,5,26.89121990081257,82.27612447398694,90.67424800814292,0.05532559665280507,0.95107444712468,0.9067130117267046,1.0,0.4896204471588135,0.31314778327941895
Normalizer,268,5,33.28207850607376,85.29986997695009,90.72689621283915,0.09037012078373406,0.9513372135857954,0.9071907823093407,1.0,0.6232237815856934,0.3067762851715088
Normalizer,271,5,27.17930499081692,83.50506849993823,90.6602084868906,0.0412343696367632,0.9510044005818342,0.906585691216738,1.0,0.6741087436676025,0.3108813762664795
Normalizer,274,5,24.55677423712172,83.6745868693832,89.5300270260784,0.020988966098296324,0.9446290349525737,0.9071948088990303,0.9852855759922555,0.6453189849853516,0.3105177879333496
Normalizer,277,5,38.34146242272088,85.18151620536975,69.26397809834684,0.056397599927199865,0.8108843537414966,0.91669921875,0.7269699903194579,0.6197731494903564,0.3130354881286621
Normalizer,280,5,30.987441439256237,84.534225513174,76.06261626478536,0.010858703810236845,0.8611563517915309,0.9079201545396007,0.818973862536302,0.5392475128173828,0.3099188804626465
Normalizer,283,5,30.155799356421873,84.57111610272618,9.35734091467481,0.0,0.0,0.0,0.0,0.5952446460723877,0.3190772533416748
Normalizer,286,5,36.02525365126373,84.95068633450514,91.4288722754554,0.2764174360251094,0.9547844763738705,0.914842280807579,0.9983736689254599,0.4104337692260742,0.31627631187438965
Normalizer,289,5,26.06540212013313,84.04500584179617,11.898494261345688,0.02688954647096682,0.05723943661971831,0.9525,0.029506292352371732,0.7720465660095215,0.32227396965026855
Normalizer,292,5,35.092155420268426,86.86552647597829,11.740549647257028,0.005379428524003507,0.05615194054500413,0.9155446756425949,0.028964181994191675,0.47860074043273926,0.3267354965209961
Normalizer,295,5,43.244253948288616,86.36462013915768,83.38071671755993,0.16507714511431937,0.9064986868347782,0.9249274661508704,0.8887899322362053,0.7835443019866943,0.326094388961792
Normalizer,298,5,26.263508277843904,84.45230862341893,88.31560843775227,0.028128609336597218,0.9376580085769396,0.9079205048233844,0.9694094869312682,0.6301841735839844,0.3303520679473877
Normalizer,301,5,40.266915712471196,88.05066559080305,75.37818960373451,0.055059917932198395,0.8553995836167625,0.9145363187588152,0.8034462729912875,0.8115131855010986,0.3335838317871094
Normalizer,304,5,26.71961504412889,86.04042634524824,13.112912849671826,0.05779966201847636,0.08025264722273825,0.9908256880733946,0.04181994191674734,0.7662496566772461,0.3414454460144043
Normalizer,307,5,30.525812479257276,85.14648995983062,89.44929977887755,0.12859670304880083,0.9437563147850166,0.9130733861916658,0.9765730880929332,0.45744752883911133,0.33678770065307617
Normalizer,310,5,42.514024440282384,87.40626486049916,74.89733600084237,0.09715004466293924,0.8509130326023514,0.9215695128008308,0.7903194578896419,0.48270750045776367,0.3347346782684326
Normalizer,313,5,35.79867958277081,86.09913664255255,76.08718542697694,0.016347986000785984,0.8611999592543547,0.9086844368013758,0.818431752178122,0.5305216312408447,0.3420233726501465
Normalizer,316,5,58.512060735416185,90.28211253409768,60.85781474851708,0.16899276973885394,0.735546597106948,0.9488528602018966,0.6005421103581801,0.505943775177002,0.34540700912475586
Normalizer,319,5,42.28599937980623,87.57829466995216,77.22438664841529,0.10903232276507675,0.8668349442836915,0.9221096751659099,0.817812197483059,0.5873856544494629,0.3401176929473877
Normalizer,322,5,7.658488194168579,77.09631243456569,90.6566986065775,0.03688049406833811,0.950986890558256,0.9065538666760277,1.0,0.5118832588195801,0.34877514839172363
Normalizer,325,5,19.465548381286997,81.86019644488547,90.64616896563827,0.01843927612863204,0.950934364356071,0.9064584064584065,1.0,0.513756275177002,0.34630370140075684
Normalizer,328,5,18.327998262876466,81.44267988645194,9.35734091467481,0.0,0.0,0.0,0.0,0.61576247215271,0.33362531661987305
Normalizer,331,5,11.136463689978642,78.22128412666376,90.67073812782984,0.05216055708740981,0.9510569345216174,0.9066811782466735,1.0,0.4459192752838135,0.35550498962402344
Normalizer,334,5,33.11271041380868,83.2334704901117,60.5700045628444,0.018939925393252302,0.7422685142699825,0.9107132804143444,0.6264085188770571,0.5133066177368164,0.3426227569580078
Normalizer,337,5,19.11026594983693,79.78976997406066,91.5797971289179,0.30141405260128507,0.9555732513565066,0.9157379143891531,0.9990319457889641,0.5267837047576904,0.3526148796081543
Normalizer,340,5,9.994124862290112,77.69831360403309,90.6391492050121,0.03163123179098314,0.9508830733531004,0.9066516822364262,0.9996515004840271,0.7298190593719482,0.3480799198150635
Normalizer,343,5,16.192984838658838,80.40609474129089,90.68477764908216,0.06388786097378817,0.9511269888037713,0.9068085255802522,1.0,0.5191447734832764,0.35865044593811035
Normalizer,346,5,30.91229632190235,84.56047547585992,9.35734091467481,0.0,0.0,0.0,0.0,0.6556105613708496,0.34929752349853516
Normalizer,349,5,38.08942700341106,84.43601883137384,89.04566354287319,0.13125821461834797,0.9413863691851184,0.9139741813142732,0.9704937076476282,0.7863543033599854,0.3509559631347656
