scaler,nCluster,noise_percentage,AUCROC,AUCPR,Accuracy,MCC,F1 Score,Precision,Recall,Time Train,Time Test
StandardScaler,1,0,59.74018799696699,91.05575537819273,70.66821535938782,0.1841583151899551,0.8145492245885352,0.9215130485778517,0.7298343396810651,1.0764267444610596,0.05658888816833496
StandardScaler,4,0,41.66958648994166,84.90784607677364,64.96310467340804,0.02516875755337606,0.7765966716040777,0.8881028298126744,0.689967487227125,1.259188175201416,0.06314969062805176
StandardScaler,7,0,57.94866464045351,90.36174222212307,80.50013664935774,0.18655749778750508,0.8868806975822434,0.9087069525666017,0.8660783403003561,0.6741149425506592,0.06533694267272949
StandardScaler,10,0,51.346302124928435,87.44390056493135,89.05438644438371,0.31015891700499776,0.9405345211581292,0.9035087719298246,0.9807245703669298,1.0153577327728271,0.027774810791015625
StandardScaler,13,0,48.186474333221405,88.25302470540235,47.622301175184475,0.08410828303687813,0.602138260328005,0.9135433070866141,0.4490633224957424,0.8846173286437988,0.07500553131103516
StandardScaler,16,0,57.400418255672335,89.39821231474974,71.76824268925937,0.1743495700292229,0.823675002133652,0.9177443895017117,0.7470970738504412,0.872096061706543,0.060752153396606445
StandardScaler,19,0,60.51714936572247,90.23353926269681,76.71494943973764,0.20560231822587244,0.859706899390746,0.9180587304378407,0.808329462765134,1.2606685161590576,0.06593489646911621
StandardScaler,22,0,65.84635853879787,91.8852270117091,64.43017217819076,0.22633579016543035,0.7592935084150175,0.9427095292766935,0.635624709707385,0.934445858001709,0.06946110725402832
StandardScaler,25,0,66.01475303792293,92.33294653464364,60.50833561082263,0.21118083766143955,0.7241313478426881,0.9442369927806821,0.5872426072147391,0.3788480758666992,0.03374528884887695
StandardScaler,28,0,57.13541049921588,87.77821740566432,83.47909264826455,0.23392612780106414,0.9058264527184919,0.9115065057219,0.900216751819167,0.5912361145019531,0.07311034202575684
StandardScaler,31,0,54.433650260323866,87.78776897610136,71.11232577206887,0.14524149955425683,0.8198704839809134,0.9116922493841197,0.7448521442947825,0.6976022720336914,0.05904436111450195
StandardScaler,34,0,50.69690504139931,87.23213377476036,70.44957638699098,0.08193509376750625,0.8175336455301017,0.8983773759851645,0.7500387056819942,0.915626049041748,0.04336738586425781
StandardScaler,37,0,50.85026560478823,87.7074882025785,53.76468980595791,0.05222645993380061,0.6720620305306518,0.8985357004017105,0.5367703978944109,1.2020235061645508,0.08043193817138672
StandardScaler,40,0,37.646432741960986,81.83881240727486,87.88603443563815,0.08122561601774134,0.935223411640057,0.8855600913305196,0.9907880476854002,0.911733865737915,0.07559323310852051
StandardScaler,43,0,53.168909433390276,86.48976738555764,65.98797485651818,0.13889570617146532,0.77855871886121,0.9151851077180506,0.6774268462610311,1.041428804397583,0.09062409400939941
StandardScaler,46,0,41.05849181034631,83.8643804817388,85.76796939054387,0.04554297313721504,0.9227574442837542,0.8856146344935583,0.9631521907416009,0.8817138671875,0.060553789138793945
StandardScaler,49,0,38.14551975647953,83.39869175471883,88.26865263733261,0.02266677308544894,0.9376837367981709,0.8826785104202255,1.0,0.5092065334320068,0.0761728286743164
StandardScaler,52,0,38.316315900366256,83.60343429941501,88.207160426346,0.0550459187385395,0.9372454915648633,0.8836555601261483,0.9977550704443412,1.03147554397583,0.08209538459777832
StandardScaler,55,0,38.92767417511838,83.53216057467571,87.98168898606177,0.043464366242813336,0.9359361911352296,0.8837609189077653,0.9946586158848119,1.2912614345550537,0.08294486999511719
StandardScaler,58,0,42.21142999065837,85.75342032272519,47.253347909264825,0.006300547660219796,0.6075640504270029,0.8848090020728457,0.46261031119368323,1.1259150505065918,0.0820016860961914
StandardScaler,61,0,39.7158191879611,83.99692878369798,87.5717409128177,0.0571314312408837,0.9334601455902257,0.8848741244191691,0.9876915931258708,0.7932319641113281,0.08922147750854492
StandardScaler,64,0,43.81872511504014,84.74344081458364,51.06586499043454,0.04253699802172255,0.6450589751214194,0.8964187327823692,0.5037931568354235,0.6597652435302734,0.09862208366394043
StandardScaler,67,0,41.95012383114698,83.6013909616167,88.05001366493578,0.12795474435910068,0.9359645590012082,0.8879472038902396,0.9894720544976002,0.8710575103759766,0.08940291404724121
StandardScaler,70,0,49.04254579030874,85.71287682910544,70.74337250614921,0.1033828353658491,0.8188663282571912,0.9027233725051297,0.7492645920421118,1.001967430114746,0.09608292579650879
StandardScaler,73,0,46.783873239297,85.25029557445461,85.59032522547145,0.08836530720698345,0.9213147781964706,0.889232985235866,0.9557981111627187,0.787064790725708,0.07720398902893066
StandardScaler,76,0,57.28825964294166,89.3985074166401,64.79229297622301,0.12545493689924286,0.7691825307950728,0.9127245668119486,0.6646539712029726,0.43286895751953125,0.05654430389404297
StandardScaler,79,0,46.784794695870666,86.5728572334598,83.59524460235038,0.05160382001281873,0.9093859682228177,0.8872523749907946,0.9326521133302369,1.002519130706787,0.05922889709472656
StandardScaler,82,0,54.68330190918592,89.68193367908562,48.44219732167259,0.13044446738196255,0.6058295027162558,0.9314166398972052,0.4489084997677659,0.836406946182251,0.07570242881774902
StandardScaler,85,0,42.244733098413725,84.89698657601573,83.1169718502323,0.07860795464502755,0.9060420548309822,0.8903669381959495,0.9222789905558136,0.9271984100341797,0.09837198257446289
StandardScaler,88,0,53.74176028575338,88.66000250507494,43.16069964471167,0.12118470488168684,0.543188182966339,0.9344417154732666,0.3828766062858028,0.7875258922576904,0.09480953216552734
StandardScaler,91,0,34.78402815214297,81.92256417501571,88.26865263733261,0.02266677308544894,0.9376837367981709,0.8826785104202255,1.0,1.1633641719818115,0.08549165725708008
StandardScaler,94,0,30.589388857557864,80.57707631538842,88.46679420606723,0.12321901149251979,0.938653874109609,0.8846417317440746,0.9996903545440471,0.7063672542572021,0.10245609283447266
StandardScaler,97,0,44.136510479552136,87.28850968854154,38.00218638972397,0.08557836866369009,0.48011917039074137,0.923721340388007,0.32435361511069827,0.7950153350830078,0.06703710556030273
StandardScaler,100,0,41.866480807298686,85.46634130159867,88.1525006832468,0.13289163441951854,0.936562522865296,0.8879023307436182,0.9908654590493885,0.3020164966583252,0.10400009155273438
StandardScaler,103,0,44.634121811782784,87.76273662103465,37.88603443563815,0.08402645238161123,0.4787569520096325,0.9230599159849657,0.32319244465087477,0.45826101303100586,0.09679269790649414
StandardScaler,106,0,33.118142808556385,82.42033983472703,85.78163432631867,0.041304885177552715,0.9228716504206664,0.8853018559340112,0.9637714816535068,0.33803296089172363,0.0825033187866211
StandardScaler,109,0,37.092179992325555,83.48959486518733,88.26865263733261,0.02266677308544894,0.9376837367981709,0.8826785104202255,1.0,0.7408592700958252,0.09386205673217773
StandardScaler,112,0,28.228743281027047,80.15390137644529,85.78846679420606,0.02393018225685218,0.9230370754088655,0.8841083073433513,0.9655519430252361,0.8181161880493164,0.10502052307128906
StandardScaler,115,0,36.60254185034968,84.23672388265551,14.62831374692539,0.028821133034291502,0.06802416648019691,0.9325153374233128,0.03529958197863446,0.5257878303527832,0.0760965347290039
StandardScaler,118,0,30.85601423215587,82.40281108348196,14.532659196501777,0.012202883392889118,0.06823091247672253,0.903353057199211,0.03545440470661093,0.34055447578430176,0.0808863639831543
StandardScaler,121,0,37.286882189276284,85.94078681404822,21.638425799398743,0.0525280831033376,0.21472098596371106,0.9294605809128631,0.12138101873355009,0.7162251472473145,0.10515427589416504
StandardScaler,124,0,35.82116920538091,83.83465959212431,14.594151407488384,0.012411866721323566,0.06966359035427211,0.9034749034749034,0.036228518346493266,0.42784905433654785,0.10575509071350098
StandardScaler,127,0,31.934161229396995,83.31693646042717,14.566821535938782,0.019267810976366803,0.06797853309481217,0.9156626506024096,0.03529958197863446,1.110452651977539,0.08266758918762207
StandardScaler,130,0,33.634825363026856,82.59879840835278,14.573654003826181,0.013856112596362977,0.06895524610916673,0.9060665362035225,0.0358414615265521,0.7625296115875244,0.10212397575378418
StandardScaler,133,0,38.717075162559354,86.23337501161853,29.693905438644435,0.0428063180264895,0.36221643733730013,0.9085820895522388,0.22619600557361821,1.216106653213501,0.11004137992858887
StandardScaler,136,0,32.14878401075937,82.29097832056,14.669308554249797,0.011971338448221446,0.07151884618243996,0.9024390243902439,0.0372348660783403,1.0848500728607178,0.09076976776123047
StandardScaler,139,0,42.24783315769334,84.74554432391427,87.5239136376059,0.09853062289249566,0.932956381260097,0.8873446012012851,0.9835113794705063,0.8522481918334961,0.09241724014282227
StandardScaler,142,0,35.430647348250744,84.04989949943385,14.901612462421426,0.031235173232268182,0.07404653929075905,0.9343339587242027,0.03855085926614027,0.8513534069061279,0.1080782413482666
StandardScaler,145,0,35.43682268435935,83.58041369352645,15.195408581579667,0.025943185893195123,0.08168097070139095,0.9230769230769231,0.042731072921504874,0.9994657039642334,0.1197366714477539
StandardScaler,148,0,32.032133015613304,83.12072389212453,14.573654003826181,0.004915194199385249,0.07033980221577812,0.8907721280602636,0.03661557516643443,0.8870561122894287,0.08932113647460938
StandardScaler,151,0,32.66718556612399,83.0554877369817,88.50095654550424,0.17547715363684646,0.9384440949489777,0.8894820772377453,0.9931103886050472,0.4178793430328369,0.12083244323730469
StandardScaler,154,0,46.88698851049542,87.7553622105937,82.55670948346543,0.1120661499154705,0.9019698191452598,0.8948571428571429,0.9091964700418022,0.9785115718841553,0.12409257888793945
StandardScaler,157,0,24.40581371058892,80.48924796483547,14.730800765236404,0.022978498895049836,0.07129037059086174,0.9211538461538461,0.037080043350363835,0.8707897663116455,0.12993597984313965
StandardScaler,160,0,35.25862109363243,83.219936809783,86.56053566548238,0.14057944194299363,0.9267711552064332,0.8927060173563796,0.9635392475615421,0.7827575206756592,0.13570213317871094
StandardScaler,163,0,45.50118090630233,87.94617968047386,83.95053293249521,0.12190313935449845,0.9107217513587473,0.8945717912342268,0.9274655519430253,0.5317773818969727,0.11250424385070801
StandardScaler,166,0,38.98245465577537,85.83610482691584,15.161246242142662,0.016070831752251814,0.08246508534692973,0.9073170731707317,0.043195541105434276,0.2415151596069336,0.09050726890563965
StandardScaler,169,0,33.568822938131646,84.49232115080544,20.941514074883848,0.06825131135400199,0.1977397212785135,0.9475083056478405,0.11038860504722094,0.8393228054046631,0.1019902229309082
StandardScaler,172,0,33.05202773615828,80.974010255776,79.91937687892867,0.04653764490006055,0.8859570835435179,0.8881973080214736,0.8837281312896733,0.6146941184997559,0.12093472480773926
StandardScaler,175,0,28.602980815138956,81.18461384792927,88.34380978409402,0.08567702816957795,0.9379997092600668,0.8840252089327305,0.998993652268153,1.3508002758026123,0.15056991577148438
StandardScaler,178,0,31.882262271864025,84.51486544821213,19.738999726701284,0.06419473526399282,0.1740842297686845,0.9486590038314177,0.09583526861743304,0.9361574649810791,0.13446998596191406
StandardScaler,181,0,36.31889769101457,84.7986155183075,20.073790653183927,0.04608891157874435,0.18446737311767986,0.9277699859747546,0.10241523455643288,1.273378610610962,0.11705160140991211
StandardScaler,184,0,35.896118094955895,85.00399659807171,21.522273845312927,0.0695020957136099,0.20906211265665886,0.9463840399002493,0.11751045053413842,1.0452046394348145,0.1200399398803711
StandardScaler,187,0,29.64270825504332,80.14202306564849,86.92948893140202,0.0823137407924251,0.9294850528954256,0.8872000562944198,0.9760024771636476,1.0689849853515625,0.13055086135864258
StandardScaler,190,0,30.05510625723535,80.61207345951664,88.25498770155781,0.03475762101999794,0.9375794328043865,0.8829765405922988,0.9993807090880942,1.0031495094299316,0.0983738899230957
StandardScaler,193,0,38.03179759640869,86.12139633773235,21.440284230664115,0.07895210536090282,0.20561005941688545,0.9562982005141388,0.11518810961449141,0.4334909915924072,0.11627721786499023
StandardScaler,196,0,32.36059961634964,82.80416713333511,87.5102487018311,0.07620310475044133,0.9330010262424865,0.8859807879715996,0.9852918408422356,0.94569993019104,0.11283111572265625
StandardScaler,199,0,27.41393235129944,81.126858526059,88.27548510522001,0.032056753139896484,0.9377177700348432,0.8827388273882739,1.0,0.9621682167053223,0.12365078926086426
StandardScaler,202,0,30.793805775158113,81.25592890769046,76.25034162339436,0.01077473460528522,0.8621072675341162,0.88413344182262,0.8411518810961449,0.9465324878692627,0.11608099937438965
StandardScaler,205,0,40.09168560496485,86.44956996285502,27.432358567914733,0.04058605413033655,0.32449278127583797,0.9094474153297682,0.19747638953398358,0.777787446975708,0.1279134750366211
StandardScaler,208,0,28.907669780964596,82.27777290889617,11.738179830554795,0.0,0.0,0.0,0.0,1.042720079421997,0.12821745872497559
StandardScaler,211,0,32.33209979811765,84.62804813206814,22.41049467067505,0.07182170663752366,0.22600872410032716,0.9452679589509693,0.1283480414924911,0.9747681617736816,0.12346887588500977
StandardScaler,214,0,23.036373788566223,78.40508653812613,87.56490844493031,0.09303307871591385,0.9332355099046221,0.8869055919676475,0.9846725499303298,0.4020957946777344,0.10799407958984375
StandardScaler,217,0,39.66333671636314,86.38257742198758,84.91391090461875,0.09928154356890066,0.9170361463891185,0.890990070093458,0.944650874748413,0.9011073112487793,0.1389613151550293
StandardScaler,220,0,31.999972153537293,83.69609121781754,88.3574747198688,0.08419603035359909,0.9381128786227937,0.8836206896551724,0.9997677659080353,1.059952735900879,0.13729286193847656
StandardScaler,223,0,38.18464223423435,86.22846628263787,88.1934954905712,0.16014910835195206,0.936629015696054,0.8898954703832752,0.9885431181297415,0.8112728595733643,0.1210625171661377
StandardScaler,226,0,40.24666603944537,87.8240983627356,29.967204154140475,0.0936273371696977,0.35688292132011545,0.9417218543046357,0.220157919182536,0.26682043075561523,0.1103353500366211
StandardScaler,229,0,58.46125133171878,90.25666400615411,72.51981415687347,0.16129967719487937,0.8300515507479084,0.913844436174172,0.7603344170924292,0.9638967514038086,0.1625978946685791
StandardScaler,232,0,29.14293859665723,81.07608358519902,82.72752118065046,0.035107805461410166,0.9041625597088483,0.8859583952451708,0.9231305155596842,1.1093780994415283,0.11406302452087402
StandardScaler,235,0,38.90183283795467,85.85768453761358,87.14812790379885,0.08488624659402026,0.9307819687212512,0.887073016763695,0.9790215203591888,0.7439706325531006,0.12183022499084473
StandardScaler,238,0,35.078869473265684,84.4006473966973,87.08663569281224,0.010975837354043862,0.9307996485061512,0.8830762817840767,0.9839758476544357,0.9316725730895996,0.14207983016967773
StandardScaler,241,0,41.366771978564174,85.31253958625456,66.81470347089369,0.030546736244462358,0.7913749409389631,0.8889317765125929,0.7131134850596067,0.4005560874938965,0.1476917266845703
StandardScaler,244,0,29.316900135375267,80.86858378033506,88.01585132549877,0.03630308388898792,0.9361578219407439,0.8834844737565265,0.9955101408886825,1.3925704956054688,0.13644027709960938
StandardScaler,247,0,32.69517621764291,84.12257663548674,87.69472533479092,0.012933499254568704,0.9343443549269075,0.883001446978571,0.9920266295092119,0.6588051319122314,0.15309834480285645
StandardScaler,250,0,41.45802096180781,84.17371971393374,74.10494670675047,0.048278316255962433,0.845985045513654,0.8904191616766467,0.8057748877535222,0.984527587890625,0.13544678688049316
StandardScaler,253,0,43.207416405189285,86.59240991471808,78.34107679693906,0.050915474047895544,0.8753734863972322,0.8893593225754913,0.8618207152810032,0.899766206741333,0.13363862037658691
StandardScaler,256,0,35.51630676240083,84.93900947209698,88.11833834380978,0.0746380368149789,0.936646143757514,0.884660381253871,0.9951230840687413,1.128793716430664,0.15295624732971191
StandardScaler,259,0,49.15594803147137,87.75816845607564,76.32549877015578,0.12065278277057953,0.8596086058101373,0.9018107625605712,0.8211797491871807,0.7803404331207275,0.1647028923034668
StandardScaler,262,0,41.320919938986506,85.65801431429666,80.10385351188849,0.011874891891101925,0.8877755511022044,0.883960092095165,0.8916240904164732,0.8718903064727783,0.12290334701538086
StandardScaler,265,0,33.30648718044382,83.02569736111039,86.0549330418147,0.05041573483369018,0.9244493799740885,0.8857913031141378,0.9666357021210714,0.7092249393463135,0.15784335136413574
StandardScaler,268,0,29.66751548813047,81.0403327458751,85.60399016124624,0.04093984831933136,0.9218036741510485,0.8853639409709845,0.9613717293698715,1.0379130840301514,0.1379685401916504
StandardScaler,271,0,29.988274746718847,81.13349666427615,88.2959825088822,0.05196533845369748,0.9378063391787387,0.8830769230769231,0.9997677659080353,0.846792459487915,0.1471691131591797
StandardScaler,274,0,50.85552624317333,86.7203520372405,86.94315386717683,0.2762024151900114,0.9275505174963036,0.908908537038413,0.94697321566806,0.7717664241790771,0.18534088134765625
StandardScaler,277,0,24.223800128364083,79.15041614323857,88.23449029789559,0.019218832876195416,0.9374773073850846,0.8827954048140044,0.9993807090880942,0.7715401649475098,0.15864181518554688
StandardScaler,280,0,18.65804471691322,77.64725603084597,88.2823175731074,0.03926268551297579,0.9377518057420783,0.8827991526002871,1.0,1.0081026554107666,0.1360161304473877
StandardScaler,283,0,36.07657714164081,82.80302779218592,86.35556162886034,0.06554059866291277,0.9261491808734884,0.8866388161155562,0.9693450998606595,0.5433928966522217,0.1268017292022705
StandardScaler,286,0,50.53758542510736,87.273722814206,76.414320852692,0.14033512534951206,0.8596405627388795,0.9053614251455978,0.818315528719616,1.1793568134307861,0.13965249061584473
StandardScaler,289,0,51.88814787859519,89.13429892743594,72.09620114785461,0.09583173864142545,0.8295065542289388,0.9002355926060167,0.7690819012230995,0.34766387939453125,0.15293169021606445
StandardScaler,292,0,25.960973317681635,82.42749791079544,88.15933315113419,0.006967804522134966,0.9370527768697106,0.8827071785396565,0.9985291840842235,1.1609382629394531,0.15784502029418945
StandardScaler,295,0,35.08262964691225,84.21728214992925,79.75539764963105,0.015773704202404922,0.8854436497196985,0.8844519966015293,0.8864375290292615,0.6586949825286865,0.17703771591186523
StandardScaler,298,0,40.60532667685721,88.04510456248373,37.687892866903525,0.10159081538294139,0.47307603420383637,0.9325740318906606,0.31692212416782783,0.8905715942382812,0.13257956504821777
StandardScaler,301,0,43.96781859101945,87.18327537933517,87.60590325225472,0.06415875283686763,0.9336309088248207,0.8851810739558762,0.9876915931258708,0.7865946292877197,0.14050674438476562
StandardScaler,304,0,39.33052192201513,85.96481303669634,11.738179830554795,0.0,0.0,0.0,0.0,1.0833053588867188,0.15962719917297363
StandardScaler,307,0,40.254472511395875,87.06490670067623,37.687892866903525,0.03908608886053423,0.48346171273221566,0.9008020261713803,0.3303917015017805,1.2193543910980225,0.1737198829650879
StandardScaler,310,0,41.13784972318453,86.94087215757777,86.41022137195955,0.0678915953760365,0.9264613450659962,0.8867577323235898,0.9698869794085772,1.1668751239776611,0.1398789882659912
StandardScaler,313,0,41.52594515310238,85.90888716552216,85.93194861984149,0.1297142825829479,0.923007889915118,0.8927305605786618,0.9554110543427775,1.0747652053833008,0.1562035083770752
StandardScaler,316,0,45.645110620749016,87.48801432656994,84.92074337250615,0.09545787208694853,0.9171204326110631,0.8905987892932682,0.945270165660319,1.0511858463287354,0.17583513259887695
StandardScaler,319,0,36.20547967920154,84.5739510437864,88.15933315113419,0.09998392214000745,0.936786430786066,0.8857694695454232,0.994039324972906,1.2334299087524414,0.16318202018737793
StandardScaler,322,0,41.164754452775554,87.33892471736323,87.20962011478545,0.059466141496965344,0.9312977099236641,0.8854152128401954,0.9821953862827063,1.116468906402588,0.1713869571685791
StandardScaler,325,0,45.41713685734374,87.56402502942073,49.59005192675595,0.030166883567378868,0.6305828159423192,0.8926850014176354,0.4874593590339062,0.763200044631958,0.16367006301879883
StandardScaler,328,0,39.59435589149144,87.94217224153567,40.25006832467887,0.12721992298099416,0.5042235954419185,0.9419614488455835,0.34424833565567425,0.9675405025482178,0.16868281364440918
StandardScaler,331,0,47.20709216061695,86.87622100785919,79.93304181470347,0.14136987467903836,0.884082566996882,0.9018439487881472,0.8670072766682149,0.772674560546875,0.1548783779144287
StandardScaler,334,0,36.68135905517403,85.9489178203981,88.20032795845859,0.060550643539899265,0.9371885797417713,0.8838581326747617,0.9973680136244001,1.016991138458252,0.1527256965637207
StandardScaler,337,0,41.93958002487618,88.23599482006344,37.23011751844766,0.09359120101713192,0.4679446342734696,0.9289491837203955,0.31274191051246325,0.7199270725250244,0.17946887016296387
StandardScaler,340,0,40.805832473157,86.7197437181239,88.82208253621208,0.20432087191822718,0.9403790087463557,0.8884451177523757,0.9987614181761882,0.8665218353271484,0.142930269241333
StandardScaler,343,0,36.110765658768905,85.67972845337064,11.738179830554795,0.0,0.0,0.0,0.0,1.286926031112671,0.1683793067932129
StandardScaler,346,0,46.92705497432448,87.37677991838791,78.80568461328232,0.054712416186685355,0.8784101599247413,0.8897093854216294,0.8673943334881561,1.3680944442749023,0.18674969673156738
StandardScaler,349,0,45.58547277976728,87.1209125995762,87.87236949986334,0.17413314800202973,0.9345332497326005,0.892497358224727,0.9807245703669298,0.8234190940856934,0.16132640838623047
StandardScaler,1,1,57.74347721393347,90.94784812215583,60.57666028969664,0.14293100845090193,0.7302477793361384,0.9218602455146364,0.6045827527481035,0.24479269981384277,0.04527568817138672
StandardScaler,4,1,38.11882004534377,84.71934272480335,15.4345449576387,0.035501428412028156,0.08569106892221319,0.9369951534733441,0.044898591113175415,0.7677929401397705,0.02180647850036621
StandardScaler,7,1,54.431063873657436,89.48334676823819,57.05110685979776,0.08608486598113885,0.7014911197644601,0.9073710073710074,0.5717603344170924,0.7856438159942627,0.03538775444030762
StandardScaler,10,1,49.21693313658771,86.91412037053291,85.12571740912817,0.20054529540875166,0.9170698259113939,0.9027975699392485,0.9318005883263664,0.8433990478515625,0.027109861373901367
StandardScaler,13,1,48.83732456953785,88.36377998969476,48.16206613828915,0.08597643680427863,0.6080892608089261,0.9138332557056358,0.4556432884347422,0.8102657794952393,0.04064583778381348
StandardScaler,16,1,59.53629151083011,90.33238652111038,73.27821809237497,0.1851061560681607,0.8348604484229194,0.9183464932652113,0.7652887443876761,0.5309464931488037,0.031255483627319336
StandardScaler,19,1,62.88221072436669,91.94235677299835,37.74938507789013,0.13479059831669943,0.4684674173035412,0.9507459152261426,0.3108066264127574,0.9895303249359131,0.05026531219482422
StandardScaler,22,1,66.12938088391701,91.85660593546613,72.30800765236404,0.24550023460777795,0.8246441396616623,0.9347719470328593,0.737730298807865,0.5047280788421631,0.0560147762298584
StandardScaler,25,1,55.5808749592892,87.08889002220316,71.61792839573654,0.17184479481797704,0.8226150824152362,0.9173333333333333,0.7456262579346649,0.5705010890960693,0.03552365303039551
StandardScaler,28,1,52.3465150737679,86.37760385773282,76.380158513255,0.15493189057563542,0.8589382625372343,0.9081887997238761,0.8147546059761573,0.7747983932495117,0.07260465621948242
StandardScaler,31,1,52.38655224924621,87.67394953658952,58.64990434544958,0.11216040927624683,0.7146090729038951,0.9142133204633205,0.5865459049388451,1.0407793521881104,0.060419321060180664
StandardScaler,34,1,49.15598407867229,88.06191042863833,39.90844493030883,0.09653809896154554,0.504423282808362,0.9268999792917788,0.346493265211333,0.9698796272277832,0.06372594833374023
StandardScaler,37,1,45.23057231600202,85.09465155689522,73.98879475266466,0.09516770335607039,0.843584370762973,0.8988705017073811,0.7947050627032048,0.8622279167175293,0.054457664489746094
StandardScaler,40,1,55.141502386054356,88.28844720847778,73.33287783547418,0.16181411492403336,0.8362217280013428,0.9130394941812517,0.7713268307787583,0.4319946765899658,0.07819461822509766
StandardScaler,43,1,44.328141905574,85.39831816632497,85.71330964744466,0.07464074696980356,0.9221895582927102,0.8879254747402364,0.959204211178201,0.3487098217010498,0.04726123809814453
StandardScaler,46,1,45.61661756136721,86.39002283572623,50.69691172451489,0.04375070893694427,0.6409950248756219,0.8969646338067391,0.49868400681220004,1.020867109298706,0.0745246410369873
StandardScaler,49,1,43.92738264338089,86.03393458153454,44.513528286417056,0.051856096461829426,0.5697027499602607,0.9027707808564231,0.41616349280074316,0.9294345378875732,0.044858455657958984
StandardScaler,52,1,39.72997222022461,85.79979961237011,31.388357474719868,0.032156255997738,0.39161517024112447,0.9007803790412486,0.2501935284099706,1.0122044086456299,0.08038210868835449
StandardScaler,55,1,39.63874351353149,83.9229791929736,87.26427985788466,0.009151236882301716,0.9318464351005484,0.8829684035476718,0.9864530113020591,0.4707784652709961,0.08902335166931152
StandardScaler,58,1,45.97706704112499,85.3107907737151,62.079803224924845,0.02894412584041587,0.7519663925634609,0.8895115246352294,0.6512618052330083,0.8813667297363281,0.06046009063720703
StandardScaler,61,1,47.32370936151216,85.78906901943013,79.68707297075703,0.063052460438526,0.8841071219740382,0.8904593639575972,0.8778448676265675,0.3915877342224121,0.07246065139770508
StandardScaler,64,1,39.24033182529868,83.07195812770391,88.2276578300082,0.0017313104385775575,0.9374523541583476,0.8826303916877435,0.9995355318160706,1.1073005199432373,0.049288034439086914
StandardScaler,67,1,39.984661465416046,83.97121421410718,87.46925389450669,0.015384173648702305,0.9330216930830473,0.8831581858407079,0.9888527635856944,1.0545520782470703,0.0848698616027832
StandardScaler,70,1,42.22282315910099,84.48606430209999,55.30199508062312,0.01932369197871276,0.690422108650388,0.888117847577307,0.5647159002941632,0.9536783695220947,0.08693170547485352
StandardScaler,73,1,31.776461484196638,81.407129001799,87.92702924296256,0.010338638204825522,0.935701029802409,0.882853807594589,0.9952779067967178,0.5662217140197754,0.0950627326965332
StandardScaler,76,1,61.55214786345537,91.07097078021317,46.03716862530746,0.17637470629934596,0.5713665472701617,0.9557007988380537,0.407493420034061,1.1857125759124756,0.08843779563903809
StandardScaler,79,1,49.93139767073802,87.06864511618588,69.30172178190762,0.0990358933596041,0.8078025409590623,0.9027631704751888,0.7309180987769005,0.7747020721435547,0.08609390258789062
StandardScaler,82,1,39.573160137347045,82.3745544599077,85.65864990434545,0.09747469833638639,0.9216469446414574,0.8899863023574364,0.9556432884347422,0.7600641250610352,0.07543277740478516
StandardScaler,85,1,45.35240960218129,85.20934431079303,43.59797758950533,0.06099921237901588,0.557253955484044,0.9071066876200454,0.4021520359188729,0.8634822368621826,0.10085916519165039
StandardScaler,88,1,37.11941590557508,83.20562052320977,88.09100847226019,0.022961140627934556,0.9366297036902381,0.8830465482964284,0.9971357795324354,0.35359978675842285,0.06465029716491699
StandardScaler,91,1,60.55340609100368,90.62417579353192,52.53484558622574,0.20081184658950013,0.6435790877841054,0.9542066027689031,0.48552407493420036,0.7210025787353516,0.07555961608886719
StandardScaler,94,1,61.885424512565244,91.4560221580967,56.46351462148128,0.2053581731412567,0.6846793349168646,0.9489711934156378,0.5355318160705992,0.9535889625549316,0.0857245922088623
StandardScaler,97,1,46.2137439506038,88.33109398990919,36.63569281224378,0.11971792693064585,0.4550475966623575,0.944390243902439,0.29973680136244,0.7730720043182373,0.0818929672241211
StandardScaler,100,1,57.22308855661782,87.27664374794786,78.10877288876742,0.23329344219546294,0.8688819774103781,0.9216877930196214,0.8217990400990866,0.37803149223327637,0.06327700614929199
StandardScaler,103,1,39.023280363773935,83.22618750261958,87.92019677507515,0.08748917140442183,0.935399006138556,0.8858131487889274,0.9908654590493885,1.1258985996246338,0.07334208488464355
StandardScaler,106,1,32.247557847196276,83.50132796667755,88.26865263733261,0.02266677308544894,0.9376837367981709,0.8826785104202255,1.0,1.4308383464813232,0.09133362770080566
StandardScaler,109,1,44.55457915703981,85.91385853269442,25.396283137469254,0.024447494834707574,0.29175585392748266,0.8999599839935974,0.1740981576095371,0.8694665431976318,0.08048152923583984
StandardScaler,112,1,34.23619631017247,83.96650608022782,18.345176277671495,0.06897121016616978,0.14409510850103846,0.9626794258373206,0.07787583217216287,1.140209674835205,0.11064434051513672
StandardScaler,115,1,37.92529163537319,84.19219524164382,18.89860617655097,0.04892414102089747,0.1594674975215975,0.9352159468438538,0.08716519585075089,1.3268003463745117,0.11429500579833984
StandardScaler,118,1,29.185472040799667,82.22964849962553,14.566821535938782,0.017408542146131373,0.06825633383010432,0.9123505976095617,0.03545440470661093,1.5922796726226807,0.11580514907836914
StandardScaler,121,1,39.26618442721268,84.22358597420552,84.34681606996448,0.03151873466646266,0.9142429346808909,0.8851199536131042,0.9453475770243072,1.3667027950286865,0.10319781303405762
StandardScaler,124,1,36.2794034765002,83.79420401532349,88.2823175731074,0.03926268551297579,0.9377518057420783,0.8827991526002871,1.0,1.30977463722229,0.08405518531799316
StandardScaler,127,1,30.82889096640924,80.10966859443414,88.1934954905712,0.032920595210803316,0.9372138652714193,0.883114215283484,0.9983743613562471,1.1844022274017334,0.1377241611480713
StandardScaler,130,1,32.325347706794226,82.26624343006004,88.241322765783,0.004745007636064459,0.9375294929035537,0.8826464356503315,0.9996903545440471,1.1881680488586426,0.07692670822143555
StandardScaler,133,1,50.69780847437252,88.74496520242936,80.8827548510522,0.1726133027859446,0.8897904521821333,0.9057738572574178,0.8743613562470971,1.0613527297973633,0.12352657318115234
StandardScaler,136,1,43.51429073257104,84.815684101174,70.32659196501776,0.10782276797996933,0.8154349581403255,0.9039856779421465,0.7426846261031119,1.0874192714691162,0.12900686264038086
StandardScaler,139,1,28.68148936580537,80.79583780143345,88.38480459141842,0.1413047323421938,0.9379562043795621,0.8873083828200525,0.9947360272488002,1.3726980686187744,0.11062407493591309
StandardScaler,142,1,38.61949313670306,84.06100954167313,85.59032522547145,0.11174880567420396,0.9210851262862488,0.8914318823785037,0.9527790679671776,1.1629862785339355,0.12208175659179688
StandardScaler,145,1,31.641316022025563,82.14405249704753,14.881115058759223,0.02633464558972929,0.0743052459503641,0.9259259259259259,0.03870568199411674,1.5349698066711426,0.1258845329284668
StandardScaler,148,1,31.3826818612828,82.07814558774116,85.63815250068325,0.11410306221683551,0.9213558814726129,0.8916002896451847,0.9531661247871187,1.1241822242736816,0.12558436393737793
StandardScaler,151,1,36.88598324417959,84.95560741249983,20.29242962558076,0.0221838308268249,0.19378023496890118,0.9033505154639175,0.10853073231150333,1.2617027759552002,0.1137857437133789
StandardScaler,154,1,38.8938483829496,86.4581523129197,85.59715769335884,0.12762969270174074,0.9209598800149982,0.8930337405468296,0.9506889611394953,1.299943447113037,0.10455727577209473
StandardScaler,157,1,37.4744470404437,85.86823448910114,22.41732713856245,0.09825184301356538,0.22103313438979214,0.9710669077757685,0.12470970738504412,0.9965524673461914,0.13653922080993652
StandardScaler,160,1,35.358347927943804,85.1715947431533,22.321672588138835,0.08687097200228383,0.22135470173275804,0.960190136660725,0.1250967642049853,1.2076146602630615,0.13800644874572754
StandardScaler,163,1,34.62839210919562,83.77254501511008,14.894779994534026,0.023844699952299035,0.07500371305510174,0.9215328467153284,0.039092738814057906,1.7794599533081055,0.11551213264465332
StandardScaler,166,1,36.13724458079899,86.45685625366949,30.773435364853786,0.07106559758392199,0.37433617389156476,0.9252136752136753,0.23463384424833567,1.1672940254211426,0.1265125274658203
StandardScaler,169,1,32.3534419940158,82.7752345832167,81.92812243782454,0.059544100640960135,0.898755980861244,0.8889225410767018,0.9088094132218609,1.4093952178955078,0.10950255393981934
StandardScaler,172,1,39.58792371907624,86.57124390405066,20.51790106586499,0.07620358001270543,0.18769638991690524,0.9579472558802566,0.10404087320018579,1.3753983974456787,0.09225821495056152
StandardScaler,175,1,30.208599744677677,80.6609766853943,86.65619021590598,0.146448371326387,0.9273031825795645,0.893095289309529,0.9642359498374361,1.9248449802398682,0.18913030624389648
StandardScaler,178,1,30.84277139171574,79.75590634590141,78.79201967750753,0.04961604279867024,0.8784270719097603,0.8890122086570478,0.8680910357640501,0.680863618850708,0.14261388778686523
StandardScaler,181,1,37.252524700893844,86.55706106504793,25.348455862257445,0.09308143601543856,0.276998411858126,0.9539653600729262,0.16202198482737265,1.2856426239013672,0.10529756546020508
StandardScaler,184,1,29.156285072800024,79.92458314055857,88.241322765783,0.06026382326289712,0.9374386564397107,0.8836954286889178,0.9981421272642824,0.7741518020629883,0.09533572196960449
StandardScaler,187,1,33.24381236278408,84.33575693030852,22.034708936867997,0.06261285177660657,0.22050686522303437,0.9378268448576409,0.12494194147700882,1.5370678901672363,0.10942864418029785
StandardScaler,190,1,26.272673464087344,81.59677205429358,11.738179830554795,0.0,0.0,0.0,0.0,0.9069452285766602,0.11225175857543945
StandardScaler,193,1,31.845771239776788,83.59449644672272,88.3233123804318,0.06745703197866573,0.9379515666412519,0.8832136752136752,0.9999225886360118,0.6587672233581543,0.1270143985748291
StandardScaler,196,1,26.322580813769164,81.59049593074452,11.738179830554795,0.0,0.0,0.0,0.0,1.0224006175994873,0.12669944763183594
StandardScaler,199,1,29.720211989983923,82.93513580373212,88.23449029789559,0.0031008463281732086,0.9374909249310295,0.8826384142173616,0.9996129431800588,0.9991865158081055,0.135239839553833
StandardScaler,202,1,37.70555240442941,85.82199960973477,22.11669855151681,0.044978620457610745,0.22566401739012296,0.9212423738214087,0.1285802755844558,1.031613826751709,0.1000821590423584
StandardScaler,205,1,29.021795219095793,82.53722128343215,86.98414867450123,0.02819933297821781,0.930119951579179,0.8839154988496131,0.981421272642824,0.6025328636169434,0.14683222770690918
StandardScaler,208,1,38.694683091934245,86.17187485826932,20.01229844219732,0.027339890185927196,0.18695742759913883,0.9088453747467927,0.10419569592816226,1.0964651107788086,0.13386058807373047
StandardScaler,211,1,30.319904489336423,82.37992249532823,88.33697731620661,0.07456194599185757,0.9380151784741639,0.8833869092401341,0.9998451772720235,0.880136251449585,0.1323072910308838
StandardScaler,214,1,22.712841148456615,80.40860266481575,88.2276578300082,0.0249562431188389,0.9374296401205651,0.8828921266844517,0.9991484749961295,0.7379798889160156,0.11430668830871582
StandardScaler,217,1,44.75826837177137,86.00521333566003,88.9928942333971,0.3197955977362709,0.9400067031616579,0.9057050592034446,0.9770088248954947,0.9101805686950684,0.13993215560913086
StandardScaler,220,1,26.228096594242434,80.99271784806164,85.72697458321946,0.03064059712787448,0.9226210319665148,0.8845798707294552,0.9640811271094597,1.459226369857788,0.12585735321044922
StandardScaler,223,1,38.92027999302847,86.52797145883933,24.467067504782726,0.049754326678831215,0.2694773012621423,0.9205417607223476,0.15784177117200804,0.7345736026763916,0.1467118263244629
StandardScaler,226,1,36.314396296798954,85.15561927945461,87.56490844493031,0.07022661953225028,0.9333577444159649,0.8855614230127848,0.9866078340300356,0.8868710994720459,0.13246655464172363
StandardScaler,229,1,38.85923405826057,84.25386472309053,84.45613555616288,0.028831711190420276,0.914937371471303,0.8848629493020901,0.9471280383960365,1.040090560913086,0.14831280708312988
StandardScaler,232,1,35.48327626160247,82.42917735833828,70.13528286417053,0.036031096865679714,0.8170747018204645,0.889314020224105,0.7556897352531352,0.8497023582458496,0.14967918395996094
StandardScaler,235,1,46.0693546343453,87.19926088277484,82.92566274938508,0.08717483028666628,0.9047092469018112,0.891485684226347,0.9183310109924137,0.787787914276123,0.15436840057373047
StandardScaler,238,1,34.374484637674264,83.27077182652064,83.87537578573381,0.05480758727394299,0.9110910186859554,0.8874211067077645,0.9360582133457191,1.1122398376464844,0.15328693389892578
StandardScaler,241,1,36.18802607510327,82.92854147211554,85.09155506969117,0.07358953922744636,0.918399401645475,0.8883663724497178,0.9505341384115188,0.644176721572876,0.15795660018920898
StandardScaler,244,1,47.73201375344904,87.08829789038832,59.49029789559989,0.11118309725130421,0.7226198830409357,0.9132079933782665,0.5978479640811271,1.3403518199920654,0.13490009307861328
StandardScaler,247,1,32.467215971937975,83.80073454739173,85.3921836567368,0.018583557465629907,0.9206973293768546,0.8838484546360917,0.9607524384579657,0.6963839530944824,0.14577627182006836
StandardScaler,250,1,34.223512201346686,82.88983610253044,83.68406668488659,0.03701586268328323,0.9101039000150579,0.885827348673604,0.9357485678897662,1.0750007629394531,0.12303590774536133
StandardScaler,253,1,32.1675555906415,82.13634686509299,83.46542771248974,0.027837658514457596,0.9088512241054614,0.885049882629108,0.9339681065180369,0.8731038570404053,0.15527057647705078
StandardScaler,256,1,35.13207739478227,85.55405965845644,23.31238043181197,0.010447670157706902,0.25599893941402624,0.8906826568265682,0.14948134386127884,0.9683413505554199,0.18535876274108887
StandardScaler,259,1,31.731699872446985,80.8588208265251,87.24378245422247,0.14546403534606828,0.9309158186864015,0.8916849790883958,0.9737575476079888,0.8033947944641113,0.1582040786743164
StandardScaler,262,1,35.98071636962872,82.69751809755198,11.738179830554795,0.0,0.0,0.0,0.0,1.131589651107788,0.15629267692565918
StandardScaler,265,1,45.265159605290364,86.11188317167493,77.41186116425253,0.07042257928427097,0.8685905079895063,0.8926470588235295,0.8457965629354389,0.8259260654449463,0.17155838012695312
StandardScaler,268,1,42.988916296777326,85.1514940533288,83.43126537305274,0.118393171825101,0.9074745316494334,0.8947408020464976,0.9205759405480725,0.7486844062805176,0.1560838222503662
StandardScaler,271,1,36.43760788251352,82.31258979721888,85.08472260180378,0.09566710026743444,0.9181323832739546,0.8904488251982251,0.947592506579966,0.8468523025512695,0.16748499870300293
StandardScaler,274,1,36.19712574038697,83.22607431912218,88.2276578300082,0.008079520241397515,0.9374478126701761,0.8826827100567444,0.9994581204520824,0.8613982200622559,0.16963934898376465
StandardScaler,277,1,37.16345657330622,82.80111899572174,81.25854058485925,0.06805710204643664,0.8943089430894309,0.890295358649789,0.8983588790834495,1.0672833919525146,0.17385196685791016
StandardScaler,280,1,41.1936147430168,84.44754667474974,81.55233670401749,0.08148957263568804,0.8959858232529471,0.8917944785276074,0.900216751819167,0.742058277130127,0.16214251518249512
StandardScaler,283,1,44.95825148365773,85.70432854572594,80.66411587865538,0.0835046019116578,0.8901568079490763,0.8926514089989102,0.8876761108530732,0.39357542991638184,0.16325116157531738
StandardScaler,286,1,34.854349482299114,83.15794834192064,83.41076796939055,0.0826951665489934,0.9078417976163364,0.890601727733095,0.9257625019352841,0.9211399555206299,0.14029240608215332
StandardScaler,289,1,39.631696285750486,85.57762312976975,85.34435638152502,0.0684485069828179,0.9199955242251314,0.887713236881883,0.9547143520668834,1.042079210281372,0.180405855178833
StandardScaler,292,1,42.98904471493062,84.52656516846577,77.39819622847773,0.0935290582390445,0.8679019247663925,0.8963213460903993,0.8412292924601331,1.0874769687652588,0.16317534446716309
StandardScaler,295,1,34.4192259728734,83.08541239541893,87.97485651817436,0.08522425003655203,0.935738279538484,0.8855563234277816,0.9919492181452237,0.9715495109558105,0.13811588287353516
StandardScaler,298,1,41.88771260864401,85.88919329438549,86.7860071057666,0.06034872080261075,0.9287661141804788,0.8858909499718943,0.9760024771636476,1.0118505954742432,0.15440154075622559
StandardScaler,301,1,36.61672417096394,84.95057927649316,88.09784094014758,0.010593061523694259,0.9366913795609827,0.8827921633100425,0.9976002477163648,0.6637070178985596,0.18755793571472168
StandardScaler,304,1,41.49154711161891,86.61783788816308,87.31893960098388,0.07223998585577689,0.9318799089774645,0.8860273590173088,0.9827372658306239,0.8784241676330566,0.14377689361572266
StandardScaler,307,1,33.90817354059753,82.35374085227063,87.55124350915551,0.0871970366065987,0.9331866519985332,0.8865663322185061,0.9849821953862827,0.8594810962677002,0.1554574966430664
StandardScaler,310,1,63.69127212554664,92.06191751095253,56.77780814430172,0.1587447169246499,0.6922553025880521,0.9315265776381252,0.5507818547762812,0.5150620937347412,0.18359923362731934
StandardScaler,313,1,48.37952286482966,87.87024321145873,60.76113692265647,0.05767374303668014,0.7383479885188391,0.8972428302513564,0.6272642823966559,1.023141860961914,0.15251684188842773
StandardScaler,316,1,52.5958805979726,89.07764977867015,65.20907351735447,0.09285920716190328,0.7747301362590692,0.9039851331819121,0.6778139030809723,0.7943859100341797,0.16399669647216797
StandardScaler,319,1,42.26189832490459,85.83461432637203,79.26345996173818,0.035536252182704606,0.8818468486004594,0.8869919335891613,0.8767611085307323,0.928119421005249,0.1585228443145752
StandardScaler,322,1,46.514848472887365,87.72747497881328,85.66548237223284,0.06533960765526363,0.9219784306433618,0.8872029773833381,0.9595912679981421,0.42707204818725586,0.15599751472473145
StandardScaler,325,1,42.25268601211799,85.83359150301744,74.2825908718229,0.024864401494874143,0.8479806138933764,0.8865056578280696,0.812664499148475,0.9049770832061768,0.16098380088806152
StandardScaler,328,1,48.42848397548718,87.6120840942649,73.49685706477179,0.09564906646295504,0.8399554400297067,0.8992843890803075,0.7879702740362285,0.9554438591003418,0.1420910358428955
StandardScaler,331,1,43.44393560816405,87.12876766847542,78.16343263186663,0.002052870259282165,0.8752244866088857,0.8828764965343415,0.867703978944109,1.079848051071167,0.14595484733581543
StandardScaler,334,1,35.27666497064586,85.29127433402232,88.33014484831921,0.07170068021985362,0.9379901248910834,0.883221660057432,1.0,0.967228889465332,0.18186450004577637
StandardScaler,337,1,43.14922495814469,86.94545047123076,85.69281224378246,0.1096936895271449,0.9217371804455076,0.8910969793322735,0.954559529338907,0.9556097984313965,0.16351532936096191
StandardScaler,340,1,44.51486415341977,88.36118125708816,46.75457775348456,0.07924516330994968,0.592693252495688,0.912308930008045,0.4389224338132838,1.1575181484222412,0.18828749656677246
StandardScaler,343,1,41.90046205302147,87.18079397367065,38.2618201694452,0.003235655027911585,0.49721789450255954,0.8840522358527899,0.3458739742994272,1.1161446571350098,0.18367815017700195
StandardScaler,346,1,43.791930780001955,87.3348975215684,88.25498770155781,0.009606460856531879,0.9376066204493485,0.8826624752272262,0.9998451772720235,1.0231761932373047,0.18565058708190918
StandardScaler,349,1,45.715706810812215,88.06420070907016,37.66056299535393,0.023491211573696956,0.4856820744081172,0.8934052260472832,0.3334881560613098,0.8482894897460938,0.1521918773651123
StandardScaler,1,3,59.36127333853495,91.00215326541463,67.76441650724242,0.18229592542565742,0.7909614532565352,0.9247824285122255,0.690973834958972,1.133514404296875,0.026504039764404297
StandardScaler,4,3,52.173170843365725,90.12527358033925,40.912817709756766,0.1432496918120551,0.5106382978723404,0.9490954985275557,0.34928007431490943,0.6918966770172119,0.04340362548828125
StandardScaler,7,3,56.64774819444076,90.06185510395893,80.55479639245695,0.15388278657727852,0.8879968516332153,0.9031380083253282,0.87335500851525,0.5872681140899658,0.04890275001525879
StandardScaler,10,3,51.148855834807215,89.14392351276139,49.521727247881934,0.0724020155843723,0.6249746192893401,0.9076968445886169,0.47654435671156525,1.022019863128662,0.050201416015625
StandardScaler,13,3,50.58531191913316,88.45863286480862,48.264553156600165,0.09298280676744143,0.6083988415390981,0.9164848862574011,0.4553336429787893,0.5587337017059326,0.03065013885498047
StandardScaler,16,3,60.15811699155107,90.36151231538912,54.71440284230664,0.14224455030086788,0.6728852038298292,0.9282407407407407,0.5277132683077875,0.9886939525604248,0.038327693939208984
StandardScaler,19,3,69.61867108028595,93.17163918568247,71.40612189122712,0.2276958235949777,0.8183199479053614,0.931600276761886,0.7296021055891004,0.5551669597625732,0.03625226020812988
StandardScaler,22,3,67.24991938944693,91.9612923602024,71.82290243235857,0.2760360533780652,0.8192813321647677,0.944051706725914,0.7236414305620065,0.9488809108734131,0.07084512710571289
StandardScaler,25,3,73.37440866819831,93.13241919369632,74.69253894506696,0.3287198742367542,0.8396259092483547,0.952642955393987,0.7505805852299118,1.1090142726898193,0.05454087257385254
StandardScaler,28,3,70.78435870497546,92.85186981732198,81.46351462148128,0.29960486269809056,0.8906709651420511,0.9288896360426998,0.8554729834339682,0.3839702606201172,0.03592729568481445
StandardScaler,31,3,56.34019798204164,88.68332796824791,66.26810603990161,0.17491694253466364,0.7787586825005601,0.9246568053634139,0.6726273416937606,0.8864233493804932,0.053619384765625
StandardScaler,34,3,57.35584138582743,89.11279103548652,73.12107133096475,0.16509849039560157,0.8344833389431168,0.9140092165898618,0.7676884966713113,0.7678699493408203,0.05002331733703613
StandardScaler,37,3,47.36708090307611,86.74299801735427,84.07351735446844,0.06839652008691224,0.9121669995101549,0.8886278540488951,0.936987149713578,0.9985237121582031,0.07171940803527832
StandardScaler,40,3,46.69424638009502,85.56774590052304,45.56572834107679,0.040892125791639436,0.5837295574481426,0.8979263783957563,0.4324198792382722,0.5823655128479004,0.04924583435058594
StandardScaler,43,3,44.25235717152754,85.55504541175512,83.24678874009292,0.032788931434775986,0.9074367685919215,0.8855732390215149,0.9304071837745781,0.7598702907562256,0.05009031295776367
StandardScaler,46,3,47.77377894162174,87.25267376420489,46.228477726154686,0.09116391916745023,0.5849593924691489,0.9176042356055593,0.42932342467874285,0.5502183437347412,0.08542728424072266
StandardScaler,49,3,46.413972634046466,86.23649498400368,74.56955452309374,0.07015187919818815,0.848625345697088,0.8940017137960583,0.8076327604892398,0.9169580936431885,0.07943964004516602
StandardScaler,52,3,43.28275280217423,85.7880398016224,34.02569007925663,0.026872662176699633,0.4330671676843589,0.8964511424404472,0.28549311038860503,0.4758267402648926,0.06087327003479004
StandardScaler,55,3,36.93312622414041,82.98538756062274,84.21016671221645,0.021036903581938778,0.9135072420375014,0.884283747554525,0.9447282861124013,1.0625405311584473,0.0867764949798584
StandardScaler,58,3,45.64461497173629,85.04409955990909,72.81361027603171,0.06880414499346141,0.8358836873582182,0.8945881522027015,0.7844093512927698,0.9740924835205078,0.08826899528503418
StandardScaler,61,3,39.918431492565,84.17960302498278,39.86745012298442,0.009629656942806283,0.5175154870895236,0.8867180161563029,0.365381638024462,1.2351179122924805,0.06841826438903809
StandardScaler,64,3,51.67383825729086,87.08770891649023,63.45996173817983,0.1375845570229752,0.7567764235037293,0.9173098125689085,0.6440625483821025,1.1853759288787842,0.07783937454223633
StandardScaler,67,3,45.31591857009405,84.97232873812078,80.24733533752392,0.11237604463522137,0.8868271677431983,0.8970460125128692,0.8768385198947205,0.8589973449707031,0.06614089012145996
StandardScaler,70,3,39.802113934027496,83.70495685194913,77.36403388904071,0.01890676050360878,0.8695001378658368,0.8851551848584489,0.8543892243381328,0.5499498844146729,0.06425118446350098
StandardScaler,73,3,42.51885403785425,84.24895708817743,72.40366220278764,0.015474849852529404,0.8347584175428548,0.8852060737527115,0.7897507354079579,0.708855390548706,0.0946342945098877
StandardScaler,76,3,41.350613820749174,83.0835671724731,80.92374965837661,0.06855751855784704,0.892125801715478,0.8905430422709041,0.8937141972441555,0.7149481773376465,0.08573651313781738
StandardScaler,79,3,39.8900600924863,83.30078370677529,81.6206613828915,0.059037099848599985,0.896792510742787,0.8890156701658299,0.9047066109304845,0.9065163135528564,0.08023357391357422
StandardScaler,82,3,51.03922503204146,88.39811668433208,33.74555889587319,0.11907700981632326,0.41219615687700795,0.9499860296172115,0.2631986375599938,0.8665673732757568,0.09662485122680664
StandardScaler,85,3,47.25587979412002,88.06864038335134,26.68078710030063,0.08113549445101874,0.30322706317771575,0.9403946838501812,0.18075553491252516,0.7372164726257324,0.10042476654052734
StandardScaler,88,3,65.04160703107864,92.26993203423905,59.497130363487294,0.22688567970764942,0.7130409526575661,0.9515503875968992,0.5701346957733395,0.6785373687744141,0.09708237648010254
StandardScaler,91,3,30.098617481702895,80.81317395767111,88.241322765783,0.011439915641267647,0.9375249573456275,0.8826987490600862,0.9996129431800588,0.7801711559295654,0.0780174732208252
StandardScaler,94,3,52.39596507458797,89.04897618161381,80.65728341076796,0.14570968185967423,0.8888627173870373,0.9017124651533254,0.8763740517107912,1.1717784404754639,0.10162234306335449
StandardScaler,97,3,44.18179026981511,85.4459024181913,62.92702924296256,0.028487179252677693,0.7592937627539703,0.8892352452202826,0.662486453011302,0.9730820655822754,0.07823729515075684
StandardScaler,100,3,41.256381931628916,84.16979420845554,85.73380705110687,0.06770728908228714,0.9223734106625028,0.8873390557939914,0.9602879702740362,0.827843427658081,0.084625244140625
StandardScaler,103,3,34.486990204713855,82.00625401625312,82.99398742825909,0.006820023151673717,0.9061639962299717,0.8832218710957596,0.9303297724105899,0.2300572395324707,0.08200311660766602
StandardScaler,106,3,35.59785003679517,83.524115194035,11.738179830554795,0.0,0.0,0.0,0.0,0.7782371044158936,0.07242536544799805
StandardScaler,109,3,35.52258798716215,85.08760472501078,21.754577753484558,0.03527477473286359,0.22052817860059898,0.9131905298759865,0.12540640966093822,0.9532403945922852,0.09046816825866699
StandardScaler,112,3,32.18594642196385,82.16579345858798,86.68352008745559,0.04489472229709805,0.9282479843905312,0.885012285012285,0.9759250657996594,0.9751489162445068,0.0936119556427002
StandardScaler,115,3,39.496052921616624,83.75395502294154,13.842579939874284,0.003248784588875829,0.05287667117320114,0.8888888888888888,0.02724880012385818,0.9569199085235596,0.11116886138916016
StandardScaler,118,3,31.484242596941286,82.07709226233494,88.56244875649084,0.15528623806048109,0.9390252786479202,0.8867638965327462,0.9978324818083295,0.9102411270141602,0.10400390625
StandardScaler,121,3,26.430215502783653,81.69676271046394,11.738179830554795,0.0,0.0,0.0,0.0,0.46967220306396484,0.10280466079711914
StandardScaler,124,3,31.547277886610285,83.15426442212114,14.546324132276578,0.011543310361540961,0.06865738327500186,0.9021526418786693,0.03568663879857563,0.6915738582611084,0.10202312469482422
StandardScaler,127,3,32.63146729590661,82.65434334987143,11.738179830554795,0.0,0.0,0.0,0.0,0.8590891361236572,0.08331751823425293
StandardScaler,130,3,31.739190931389384,83.37813343530004,14.580486471713582,0.017648488374075805,0.0685441811950529,0.9126984126984127,0.035609227434587394,0.30960702896118164,0.08168578147888184
StandardScaler,133,3,28.524562382474862,81.04160092591883,85.53566548237224,0.031038609937466825,0.92146752235041,0.8846783958971437,0.9614491407338597,0.6881513595581055,0.08231425285339355
StandardScaler,136,3,32.361996445385515,83.1690281977119,14.676141022137196,0.03150636075130149,0.06875466070096943,0.9369918699186992,0.03568663879857563,0.8407609462738037,0.10363340377807617
StandardScaler,139,3,30.54221433629623,81.36204008134648,88.11150587592238,0.005652579845476924,0.9367778504469152,0.8827033689400164,0.9979098931723177,1.0661327838897705,0.09731578826904297
StandardScaler,142,3,32.60737199503774,81.81975186320287,14.04755397649631,0.017652383139561516,0.055839087361152805,0.916256157635468,0.028797027403622853,0.6193897724151611,0.08652758598327637
StandardScaler,145,3,36.482315423461785,84.56057567375886,87.05247335337523,0.07048966144442094,0.9302975686909185,0.8862569205970986,0.9789441089952005,0.7979698181152344,0.09181618690490723
StandardScaler,148,3,36.380434768895086,83.07701793358777,82.72752118065046,0.044682315549566136,0.9040388703310052,0.8869357962162967,0.9218145223718842,0.5321624279022217,0.11087179183959961
StandardScaler,151,3,43.8797147260566,87.7745753882569,30.1311833834381,0.08682612917443257,0.360875,0.9367293964957819,0.22348660783403004,1.0519664287567139,0.11437320709228516
StandardScaler,154,3,31.74298264633677,82.03223649537416,87.76988248155234,0.11802788783669656,0.9343215674763338,0.8881138392857143,0.9856014862981886,0.6636266708374023,0.10085272789001465
StandardScaler,157,3,39.779388426793815,85.48398533864055,16.11095927849139,0.0325821392321007,0.10156593004536807,0.9278074866310161,0.05372348660783403,0.5753276348114014,0.09058761596679688
StandardScaler,160,3,31.378984770237846,82.05677009925193,14.614648811150587,0.012780832679335169,0.07009450107894932,0.9040307101727447,0.03646075243845796,0.988142728805542,0.09355020523071289
StandardScaler,163,3,29.07994160713922,80.85902083009158,80.30882754851052,0.053981928307932955,0.8883724533271361,0.8889922480620155,0.8877535222170615,0.9624776840209961,0.1142427921295166
StandardScaler,166,3,25.758579549233357,78.85530973321261,11.738179830554795,0.0,0.0,0.0,0.0,0.9076559543609619,0.09920740127563477
StandardScaler,169,3,32.806059660640834,83.07730736969745,14.682973490024597,0.018509107985706805,0.07083860406280229,0.9136276391554703,0.03684780925839913,1.0712690353393555,0.09435844421386719
StandardScaler,172,3,29.939059052704792,83.50766139462601,22.42415960644985,0.06344532907050608,0.2279341765265878,0.9373601789709173,0.1297414460442793,1.152493953704834,0.14016294479370117
StandardScaler,175,3,32.890383075406596,83.16237070055546,80.91008472260181,0.03442325439448764,0.8926128065185641,0.886412213740458,0.8989007586313671,1.0439002513885498,0.12573981285095215
StandardScaler,178,3,27.798711438732106,80.91715344749275,86.07543044547691,0.01588158657826673,0.9248025975942735,0.8835307388606881,0.9701192135005419,1.3396131992340088,0.1549210548400879
StandardScaler,181,3,27.786631120521832,80.86761708165805,84.5859524460235,0.05420350343708685,0.9154866262081367,0.8869773519163763,0.9458894565722248,1.2778055667877197,0.11882376670837402
StandardScaler,184,3,32.71770571822156,83.25077331407074,80.43181197048374,0.022083478556380723,0.8897273987371015,0.8850926918952046,0.8944108995200496,0.9559416770935059,0.16139507293701172
StandardScaler,187,3,26.80124934191329,80.06151942888575,87.64006559169172,0.03140478026389183,0.9339660521993064,0.883677557505008,0.9903235795014708,1.4248924255371094,0.13808178901672363
StandardScaler,190,3,25.842335220584538,80.55795672335854,87.43509155506969,0.04187747421199276,0.9327186916913621,0.8842872008324661,0.9867626567580121,0.2989060878753662,0.10220170021057129
StandardScaler,193,3,27.35611714691451,82.11083068806253,20.29926209346816,0.023339824923329724,0.19368217322181516,0.9044544867656552,0.1084533209475151,0.5700976848602295,0.13245010375976562
StandardScaler,196,3,25.911453475409772,79.80038093871553,88.241322765783,0.08085331142060621,0.9373703555442338,0.8844859556349152,0.9969809568044589,0.8185465335845947,0.12577056884765625
StandardScaler,199,3,28.97783340461667,80.85487526930034,11.738179830554795,0.0,0.0,0.0,0.0,0.7831559181213379,0.10968685150146484
StandardScaler,202,3,27.65776237721197,81.65147578945671,88.26865263733261,0.024434573184753835,0.9376792130957134,0.8827308139137566,0.9999225886360118,0.5492935180664062,0.13463973999023438
StandardScaler,205,3,26.893494129082505,79.6918539504146,88.2276578300082,0.10075031968870388,0.9372015890950177,0.8855293064260624,0.9952779067967178,0.35548830032348633,0.10887789726257324
StandardScaler,208,3,28.055441856675966,81.1631875136351,87.03197594971303,0.03086345277869232,0.9303894960756987,0.8840256481739616,0.9818857408267534,0.6156806945800781,0.14101934432983398
StandardScaler,211,3,28.807269314585902,81.16434229591775,86.16425252801312,0.02162587902104509,0.9252960489910356,0.8838536894777644,0.970815915776436,0.2340996265411377,0.12749147415161133
StandardScaler,214,3,27.058817857278676,79.15936598120558,87.81087728887674,0.042115032743573436,0.9349332555255672,0.8839310344827587,0.9921814522371885,0.9594991207122803,0.11567974090576172
StandardScaler,217,3,29.109639994801995,83.52147833371588,20.716042634599617,0.031021057230443214,0.2006062276109121,0.9111389236545682,0.11271094596686794,0.4421651363372803,0.1567978858947754
StandardScaler,220,3,29.475672284803167,81.79667734782532,88.20032795845859,0.0408213445708496,0.9372387978340662,0.8832796766901843,0.9982195386282706,0.39389729499816895,0.13164162635803223
StandardScaler,223,3,36.06132016384894,84.66876335251126,25.034162339437003,0.022002688735360213,0.28567708333333336,0.8984438984438985,0.16984053259018425,0.7807598114013672,0.12586307525634766
StandardScaler,226,3,28.069380858683978,80.87137386764786,86.94315386717683,0.04012139141877052,0.9298174740166734,0.8845643211515617,0.9799504567270475,1.0410921573638916,0.11741113662719727
StandardScaler,229,3,37.936380655558,86.95890743683357,28.00628587045641,0.0912754060017314,0.32433472266752167,0.9447142323496451,0.19577333952624246,0.7409977912902832,0.12424874305725098
StandardScaler,232,3,23.172023911550262,79.60071502732966,88.26865263733261,0.02266677308544894,0.9376837367981709,0.8826785104202255,1.0,0.8075275421142578,0.1390831470489502
StandardScaler,235,3,33.416724026775135,82.95962242823585,86.0549330418147,0.06826205198674656,0.9243149034004524,0.88710940280447,0.9647778293853537,1.2219383716583252,0.13591504096984863
StandardScaler,238,3,28.919085478907792,82.71866325515718,88.11833834380978,0.030310714257906133,0.9367751317942192,0.883183656680606,0.9972906022604118,0.21065425872802734,0.11839938163757324
StandardScaler,241,3,27.40495434531885,82.11220499311983,88.27548510522001,0.03455924757064762,0.9377087265863221,0.8828434723171565,0.9998451772720235,0.35200047492980957,0.1391921043395996
StandardScaler,244,3,25.97412829306951,80.93891995026073,88.27548510522001,0.04574828728919834,0.9376861064710582,0.8831053351573187,0.9994581204520824,0.9056804180145264,0.11326313018798828
StandardScaler,247,3,31.677809307062855,81.37121071203379,86.36239409674774,0.08538987307230742,0.9260412034978509,0.8881307746979389,0.9673324043969654,0.5615389347076416,0.12269163131713867
StandardScaler,250,3,42.245386453930514,85.00871870442892,70.85952446023504,0.04625003844341184,0.8221508694383053,0.8910783693392389,0.7631212261960055,0.3570373058319092,0.14364337921142578
StandardScaler,253,3,28.403515881765905,81.98485705728484,88.26865263733261,0.024434573184753835,0.9376792130957134,0.8827308139137566,0.9999225886360118,0.41951489448547363,0.12797832489013672
StandardScaler,256,3,37.98973051292825,84.04315330426326,11.738179830554795,0.0,0.0,0.0,0.0,1.0712192058563232,0.18655943870544434
StandardScaler,259,3,22.351319264471282,80.32144183556849,88.1866630226838,0.0015873502101149267,0.9372163114129053,0.8826345667191027,0.998993652268153,1.0483882427215576,0.144911527633667
StandardScaler,262,3,36.321299335776246,84.07857108768947,84.36048100573927,0.021643690704849443,0.9144203088196807,0.8843011063706703,0.9466635702121071,1.0843253135681152,0.12121200561523438
StandardScaler,265,3,38.66907155567644,83.54464272265825,82.50204974036622,0.10121568830417542,0.9017908501744832,0.8935329432327684,0.9102028177736492,0.6563992500305176,0.13322138786315918
StandardScaler,268,3,37.40119236931223,85.29036875208811,84.85925116151954,0.06230354127022897,0.9170844870163886,0.8875289687137891,0.9486762656758012,0.550241231918335,0.13364553451538086
StandardScaler,271,3,29.071324073167887,82.46483209191886,11.738179830554795,0.0,0.0,0.0,0.0,0.859663724899292,0.15248394012451172
StandardScaler,274,3,28.783867922334867,82.27668910965562,88.07051106859798,0.002250398563040515,0.9365460095944178,0.8826551582408549,0.9974454249883883,0.4993166923522949,0.13428068161010742
StandardScaler,277,3,24.33797963729667,80.40210369835683,11.738179830554795,0.0,0.0,0.0,0.0,0.4989502429962158,0.1643378734588623
StandardScaler,280,3,38.535798295003445,84.7899685642467,82.50204974036622,0.04449184146736569,0.9026198714780029,0.887003960839997,0.9187954791763431,0.6095960140228271,0.1337277889251709
StandardScaler,283,3,30.764954496717095,81.87806398460086,11.738179830554795,0.0,0.0,0.0,0.0,1.0127813816070557,0.16959524154663086
StandardScaler,286,3,30.9640048872795,84.3006427720113,88.26865263733261,0.02266677308544894,0.9376837367981709,0.8826785104202255,1.0,0.8040726184844971,0.15382027626037598
StandardScaler,289,3,45.47679948077612,87.34335751214792,84.43563815250069,0.11654293336705018,0.913849179335905,0.8933747412008282,0.9352840997058368,0.7133009433746338,0.1720123291015625
StandardScaler,292,3,51.924346027174906,87.82365022900771,76.414320852692,0.1690086456713356,0.85873301686037,0.9109220350755339,0.8122000309645456,0.22563862800598145,0.12567520141601562
StandardScaler,295,3,40.931905305445056,84.67602957885302,55.86225744738999,0.013984117220036072,0.6963144039112449,0.8865214268613838,0.5733085616968571,0.23609042167663574,0.13146638870239258
StandardScaler,298,3,27.525543497166062,80.70195982215711,88.27548510522001,0.03249623252753405,0.9377132486388384,0.8827911427009295,0.9999225886360118,0.9480483531951904,0.17557883262634277
StandardScaler,301,3,41.296754796665844,86.13582042313331,78.42306641158785,0.018187159292828443,0.8766213470854821,0.8849187569017195,0.8684780925839913,0.503197431564331,0.1667954921722412
StandardScaler,304,3,35.101944187758335,83.19642189578225,87.4760863623941,0.036612125460303964,0.932982340682242,0.8840157971315735,0.9876915931258708,0.943814754486084,0.13269734382629395
StandardScaler,307,3,57.15906196892335,87.7946987943768,86.7723421699918,0.3449610639089374,0.9253604749787956,0.9217357910906298,0.9290137792227899,0.3797736167907715,0.16635918617248535
StandardScaler,310,3,42.68329010372762,87.31767567849438,40.15441377425526,0.01246153076213577,0.5208162372121014,0.8878940496176086,0.36847809258399133,0.8220226764678955,0.16259431838989258
StandardScaler,313,3,45.54808507355702,87.37636830108826,84.28532385897786,0.11602115371264718,0.912911775842484,0.8934924399644234,0.9331939928781545,0.5516388416290283,0.16356754302978516
StandardScaler,316,3,40.536832489198005,85.71291447656932,84.96173817983056,0.04410870152375738,0.9178823266052307,0.8859200576161326,0.95223718841926,0.6269464492797852,0.13331937789916992
StandardScaler,319,3,22.015161092237395,79.43666095470591,88.2823175731074,0.03926268551297579,0.9377518057420783,0.8827991526002871,1.0,0.5940306186676025,0.17063164710998535
StandardScaler,322,3,36.06820067332567,85.0839584412172,11.738179830554795,0.0,0.0,0.0,0.0,0.7663710117340088,0.14013242721557617
StandardScaler,325,3,43.33809426739561,85.85795890408015,80.8212626400656,0.11718417774368077,0.8905439656853188,0.8972263691364815,0.883960365381638,1.0372445583343506,0.16118717193603516
StandardScaler,328,3,47.03213256502329,87.57450257662633,87.30527466520908,0.22183143905693536,0.930536862569164,0.8998553868402025,0.9633844248335656,0.5660674571990967,0.17000412940979004
StandardScaler,331,3,40.69761652302758,86.52850886396422,11.738179830554795,0.0,0.0,0.0,0.0,0.6676790714263916,0.14071393013000488
StandardScaler,334,3,37.46128530620565,85.32747188700155,88.00901885761137,0.06389582294118687,0.9360306178239475,0.8844802645174623,0.9939619136089178,0.8790857791900635,0.1733851432800293
StandardScaler,337,3,34.72388339739822,85.53221431842137,11.738179830554795,0.0,0.0,0.0,0.0,0.4543635845184326,0.14284348487854004
StandardScaler,340,3,42.15698970546013,86.87062618909009,88.2618201694452,0.013896719119323449,0.9376451800232288,0.8826704933716004,0.9999225886360118,0.6282038688659668,0.1762547492980957
StandardScaler,343,3,42.53723811032643,86.32975698588427,81.59333151134189,0.027989627740054403,0.8970891588356635,0.8855203619909502,0.9089642359498374,0.5008671283721924,0.16977977752685547
StandardScaler,346,3,35.22153753567997,85.09755209795628,88.2959825088822,0.050274336452028,0.9378153700947471,0.8829721785494565,0.9999225886360118,0.5022938251495361,0.15236186981201172
StandardScaler,349,3,37.121256565772356,85.81215308723861,11.738179830554795,0.0,0.0,0.0,0.0,1.1864125728607178,0.16921353340148926
StandardScaler,1,5,55.322797277210725,90.39231174411752,41.39792292976223,0.09710480774407225,0.5240552688530048,0.9253380364491476,0.36553646075243845,0.2982358932495117,0.02389693260192871
StandardScaler,4,5,37.98052045309169,84.66218076612468,15.58485925116152,0.031708238345229844,0.08973697782362042,0.9297709923664123,0.047143520668834184,0.853262186050415,0.024364948272705078
StandardScaler,7,5,52.18119810442189,88.90988980754193,79.4752664662476,0.10854494699779561,0.8817322834645669,0.8971318698926454,0.8668524539402385,0.3238346576690674,0.026416301727294922
StandardScaler,10,5,51.51432488729392,89.09417120327028,61.717682426892594,0.06484096813118523,0.7463672989000045,0.8987245176060177,0.6381792847189968,1.0839855670928955,0.029712915420532227
StandardScaler,13,5,50.71741815167616,87.86048356506022,45.87318939600984,0.08730866527386602,0.5812453747753462,0.9163333333333333,0.42560767920730763,0.49900221824645996,0.07918667793273926
StandardScaler,16,5,61.64788697616432,91.25660861302082,47.84094014758131,0.15758168067987674,0.5954425013248542,0.9438844086021505,0.43489704288589565,0.4577195644378662,0.05039095878601074
StandardScaler,19,5,60.72207319708573,90.03918172912655,62.4829188302815,0.1854433553511278,0.7445927717568259,0.9327584197645962,0.6196005573618207,0.7352776527404785,0.04213833808898926
StandardScaler,22,5,67.42466495478509,92.86581515152437,66.1929488931402,0.2058483747699725,0.7761896146191424,0.9336235038084875,0.6641895030190432,0.8490345478057861,0.032377004623413086
StandardScaler,25,5,72.72613130084795,93.357640844834,79.01065864990434,0.34085470310083493,0.8719039279459595,0.9449566160520607,0.809335810496981,0.7930769920349121,0.06057620048522949
StandardScaler,28,5,56.05998055974454,90.51726592376413,42.88740092921563,0.12384598519734571,0.5393221273077983,0.936101013965946,0.3787738039944264,0.9034171104431152,0.03722858428955078
StandardScaler,31,5,68.45622094482958,92.17694423347957,78.81251708116972,0.31832575411657354,0.8712155820424436,0.939790341367261,0.8119677968725809,0.6983716487884521,0.04113030433654785
StandardScaler,34,5,53.80685026587514,87.90397738578045,63.92456955452309,0.11987351408679343,0.7620335316387237,0.9119741100323625,0.6544356711565258,0.6121740341186523,0.06911325454711914
StandardScaler,37,5,49.27073358396952,86.52682443005652,75.48510522000547,0.0782750407789504,0.854913061059442,0.8949373518455808,0.818315528719616,0.6958374977111816,0.04056429862976074
StandardScaler,40,5,44.59526968803491,84.7901713251178,75.06149221098661,0.08072233673402021,0.8518187723286782,0.8955950145125491,0.8121226196005573,0.868337869644165,0.05164337158203125
StandardScaler,43,5,53.89138545794634,87.50371976265868,61.389723968297346,0.11210208011653557,0.7400524403146419,0.9119147488946832,0.6226970119213501,0.8570232391357422,0.07051396369934082
StandardScaler,46,5,44.96029265641016,86.48755395181628,34.48346542771249,0.026803155056689967,0.4398621414802267,0.8962151868602714,0.29145378541569905,0.6088173389434814,0.05146956443786621
StandardScaler,49,5,41.3521142854877,83.85567258285049,87.5375785733807,0.053291729053095906,0.9332748024582967,0.8847274240532668,0.9874593590339061,0.7730870246887207,0.049350738525390625
StandardScaler,52,5,35.866000658582365,81.44083204520088,83.04181470347089,0.0569429411976949,0.9058564709452284,0.8880708017254202,0.9243690973834959,0.8976471424102783,0.07762026786804199
StandardScaler,55,5,38.15139545023044,82.6132081325386,70.64088548783822,0.022267752754284144,0.8214567665267795,0.8866266032828056,0.7652113330236878,1.0510377883911133,0.05414295196533203
StandardScaler,58,5,39.65929492395933,83.59089347442091,82.74801858431266,0.013691016966531277,0.9045549045549045,0.8838738272881732,0.9262269701192135,0.7462613582611084,0.05564522743225098
StandardScaler,61,5,33.82322380571568,81.07688413965303,11.738179830554795,0.0,0.0,0.0,0.0,0.8200902938842773,0.08743047714233398
StandardScaler,64,5,35.567610941118524,82.31146384539846,87.05247335337523,0.036813762716639574,0.9304816757768076,0.8843176905376194,0.9817309180987769,0.8336160182952881,0.06596922874450684
StandardScaler,67,5,36.17879573871619,83.35029187364388,11.738179830554795,0.0,0.0,0.0,0.0,0.6069025993347168,0.059503793716430664
StandardScaler,70,5,41.6494158280736,83.15650387922803,82.85050560262367,0.0843822219596382,0.9042715484363082,0.891219365508946,0.9177117200805078,0.6753268241882324,0.05476045608520508
StandardScaler,73,5,40.822179878776865,82.26734062498531,73.32604536758677,0.07312167444346628,0.8395000822233185,0.8951429072418026,0.7903700263198637,0.9396717548370361,0.08339262008666992
StandardScaler,76,5,37.43052127316551,82.40571768153322,84.81142388630774,0.07729427871102043,0.9166385420182248,0.888937377263801,0.9461216906641895,0.6490616798400879,0.07025408744812012
StandardScaler,79,5,47.60467476322846,88.35054197461764,36.96365127083902,0.0741263819956647,0.4674440083121681,0.9189741261915569,0.31343861278835733,0.35489845275878906,0.07300543785095215
StandardScaler,82,5,44.14666452546293,85.2870640930123,87.15496037168626,0.13274596758503768,0.9304785149027439,0.8907533276692156,0.9739123703359653,1.1017684936523438,0.10224747657775879
StandardScaler,85,5,55.8873775499114,89.3321554756287,44.26072697458322,0.0982038669677298,0.5602156334231806,0.9225852272727273,0.40222944728286114,0.27214503288269043,0.061301231384277344
StandardScaler,88,5,54.157267359025255,89.65114216284424,47.35583492757584,0.10280314826794745,0.5967024339178225,0.921286568611605,0.4412447747329308,0.9924590587615967,0.07415771484375
StandardScaler,91,5,46.32851823835167,87.96236466584921,36.430718775621756,0.1301749091143297,0.45031312773248255,0.9508483033932136,0.29501470815915776,0.4060397148132324,0.07326436042785645
StandardScaler,94,5,35.87187184643316,81.35050884820775,86.44438371139655,0.18915924182160068,0.9255367062002702,0.8982952061780562,0.9544821179749187,0.6043264865875244,0.0767369270324707
StandardScaler,97,5,32.97484166717584,82.13976461739001,88.26865263733261,0.02266677308544894,0.9376837367981709,0.8826785104202255,1.0,0.7252779006958008,0.0924215316772461
StandardScaler,100,5,39.17783499069351,83.89242640571564,88.2276578300082,0.08727373117030135,0.9372610421294105,0.8848401512547267,0.9962842545285648,0.6515474319458008,0.09318995475769043
StandardScaler,103,5,36.50249509713008,84.29853804339608,86.98414867450123,0.03447354000237938,0.9300891775844985,0.8842369688088758,0.9809568044588945,0.7495639324188232,0.09960031509399414
StandardScaler,106,5,41.56216583118267,85.93027388072858,23.66083629406942,0.053660066200867905,0.2535907542253992,0.9254022428083861,0.14692676884966713,0.7705936431884766,0.09922170639038086
StandardScaler,109,5,48.63013427041637,87.39841429457493,71.08499590051926,0.044980252466829206,0.8239014647137151,0.8907684002159438,0.7663725034835114,0.2275679111480713,0.08009576797485352
StandardScaler,112,5,30.115694843141505,80.09234296122496,87.77671494943974,0.000223045522625726,0.9348530643457995,0.8826239427903458,0.9936522681529648,0.588951587677002,0.09671425819396973
StandardScaler,115,5,41.95568861778991,86.46781947929897,29.085815796665752,0.08838632806471097,0.34322596975257863,0.9400346620450607,0.2099396191360892,0.41181325912475586,0.08095216751098633
StandardScaler,118,5,31.3586901961166,82.18884809477028,88.58977862804045,0.15676470630662537,0.9392241065579736,0.8862637362637362,0.9989162409041648,0.20700407028198242,0.07349705696105957
StandardScaler,121,5,31.271825453685565,81.29756863618032,88.86307734353649,0.21185570280989877,0.9406236339793094,0.8883308105132792,0.9994581204520824,0.8864500522613525,0.10303592681884766
StandardScaler,124,5,37.38276098488883,84.60618261603534,88.34380978409402,0.10269633659354183,0.9379184861717613,0.8849745914022799,0.9976002477163648,0.3927147388458252,0.08884358406066895
StandardScaler,127,5,28.31273325918424,79.92050014657302,87.4282590871823,0.021935830503618716,0.9327583686595528,0.8834279385296968,0.9879238272178356,0.7607419490814209,0.09707880020141602
StandardScaler,130,5,29.01971349324232,80.77107195694072,87.05247335337523,0.0572376254894146,0.93037439835397,0.8854465347227078,0.980105279455024,0.9420461654663086,0.10360264778137207
StandardScaler,133,5,30.373644107066678,82.43810148183728,87.82454222465155,0.0731629652666603,0.9348922177566679,0.8852753944090783,0.9904009908654591,0.521552562713623,0.09657502174377441
StandardScaler,136,5,38.9839123144628,82.63547429968837,89.25252801311834,0.300132432131894,0.9419749898557674,0.8997251779296738,0.988388295401765,1.0965054035186768,0.09859561920166016
StandardScaler,139,5,31.410327811442862,81.61032959861893,87.4282590871823,0.07054920160697853,0.9325414283619299,0.8857779635046664,0.9845177272023533,0.502070426940918,0.10851025581359863
StandardScaler,142,5,37.65595596185557,83.78585790969993,84.42197321672587,0.05099903238018155,0.9145106861642295,0.8867801047120419,0.9440315838365072,0.950526237487793,0.08298969268798828
StandardScaler,145,5,37.81434961567376,83.79387939132276,77.61683520087456,0.027506110853985997,0.8710134656272147,0.8862980769230769,0.8562470970738505,1.1834051609039307,0.11308956146240234
StandardScaler,148,5,36.74970905402953,85.52685357214871,21.24214266192949,0.07897771726221038,0.2016760163446222,0.9572649572649573,0.11271094596686794,0.8643167018890381,0.09636211395263672
StandardScaler,151,5,28.28621153110306,80.20295838869717,87.94069417873736,0.0649662966205746,0.9356191865766916,0.8846657929226737,0.9928007431490943,0.7206563949584961,0.11084723472595215
StandardScaler,154,5,30.83809652034567,81.70542578165691,87.95435911451216,0.027998541296661794,0.9358185591029888,0.8833069892103635,0.9949682613407648,0.846975564956665,0.09539055824279785
StandardScaler,157,5,27.61291965926023,79.97145601667913,86.8133369773162,0.02694661833591102,0.9291170853533127,0.8839273235499651,0.9791763430871652,0.6511762142181396,0.10008740425109863
StandardScaler,160,5,39.2779628501152,83.79820450111178,62.004646078163425,0.011430092468481827,0.7524593812597373,0.8853042840682938,0.6542808484285493,0.2957441806793213,0.08769917488098145
StandardScaler,163,5,30.744112455731788,81.62847178469592,11.738179830554795,0.0,0.0,0.0,0.0,0.8687491416931152,0.12076354026794434
StandardScaler,166,5,37.45746655585757,82.95640937542986,78.10194042088003,0.0675960848732662,0.8733752123582632,0.8918744452513516,0.8556278061619446,0.37154316902160645,0.10984158515930176
StandardScaler,169,5,28.33488877005328,80.57705472611558,86.7723421699918,0.11648458450932149,0.928280358598207,0.8900966183574879,0.9698869794085772,1.026169776916504,0.11525201797485352
StandardScaler,172,5,31.637938849888826,81.57969812950573,87.4555889587319,0.04617890701294106,0.932821075740944,0.8844712739383847,0.9867626567580121,0.9114584922790527,0.1113748550415039
StandardScaler,175,5,31.324846380347353,82.95368472963524,88.27548510522001,0.043649010461391496,0.9376906318082788,0.8830529339351662,0.9995355318160706,0.8860495090484619,0.11744546890258789
StandardScaler,178,5,32.31415054500665,82.46510914082063,88.2208253621208,0.011802495658941776,0.9374046910173554,0.8827270240700219,0.9993032977241059,0.944749116897583,0.1239774227142334
StandardScaler,181,5,25.727466308934243,80.59248793257264,88.27548510522001,0.032056753139896484,0.9377177700348432,0.8827388273882739,1.0,0.6630606651306152,0.10047054290771484
StandardScaler,184,5,22.71934541527367,78.264953669081,88.45996173817983,0.1217155709240283,0.9386331431893326,0.884423142759329,0.9999225886360118,0.9486322402954102,0.09677338600158691
StandardScaler,187,5,36.11795707535361,84.35115396515232,86.85433178464062,0.08277749373934745,0.9290298782736998,0.8873308906426156,0.9748413067038241,0.4080784320831299,0.11435508728027344
StandardScaler,190,5,35.16105483842653,85.52315731123153,22.034708936867997,0.07563937636843741,0.21794256733602907,0.9503885236102809,0.12308406874129123,0.428971529006958,0.10725164413452148
StandardScaler,193,5,32.52624776935415,84.4526362147638,20.572560808964198,0.07014571690151854,0.1899519197268483,0.9511514305652478,0.10551168911596222,0.5688893795013428,0.1004340648651123
StandardScaler,196,5,30.925990860953146,83.52670089302048,19.40420880021864,0.05908851437177439,0.16812411847672779,0.9445324881141046,0.0922743458739743,0.3415229320526123,0.12164187431335449
StandardScaler,199,5,33.359656801809436,83.3237373916971,88.3574747198688,0.08489994009833245,0.9381038866690883,0.8837257049000822,0.9996129431800588,0.9786739349365234,0.13522005081176758
StandardScaler,202,5,32.49997161282927,83.1853957565243,88.07734353648537,0.01928635381294877,0.9365569896382476,0.8829779941043395,0.9970583681684472,0.7037091255187988,0.11079168319702148
StandardScaler,205,5,33.68217786734306,83.90296495434168,88.2823175731074,0.03920478191398676,0.9377472866528731,0.8828514797348096,0.9999225886360118,0.45070338249206543,0.10940861701965332
StandardScaler,208,5,38.67706502248174,83.94189321599914,86.758677234217,0.1382456048910149,0.9280089153046063,0.8920868447364663,0.9669453475770243,0.7032666206359863,0.12694048881530762
StandardScaler,211,5,25.15123152558423,80.24199345357366,87.5239136376059,0.021881843999900973,0.9333187262635115,0.8833817226600305,0.9892398204056355,0.7215893268585205,0.15254569053649902
StandardScaler,214,5,34.25339983681432,83.84671119724145,87.98852145394916,0.07771150301732563,0.9358534627453842,0.8851463279955826,0.9927233317851061,1.0773043632507324,0.10339951515197754
StandardScaler,217,5,30.34947896474602,83.54284401928774,19.99180103853512,0.012900565458184528,0.18950719822812845,0.8947712418300654,0.10597615729989163,0.6119601726531982,0.10499167442321777
StandardScaler,220,5,31.746244918020555,83.01974782189667,88.2823175731074,0.053471702508370786,0.9377111103039988,0.8832706123845364,0.9993032977241059,0.9514541625976562,0.12751984596252441
StandardScaler,223,5,35.35057750319423,83.98045531386944,11.738179830554795,0.0,0.0,0.0,0.0,1.0001084804534912,0.1186075210571289
StandardScaler,226,5,27.618646658307323,82.20443629144499,88.27548510522001,0.032056753139896484,0.9377177700348432,0.8827388273882739,1.0,0.837207555770874,0.12557244300842285
StandardScaler,229,5,21.11923494862643,79.23396005406632,88.241322765783,0.004745007636064459,0.9375294929035537,0.8826464356503315,0.9996903545440471,0.3896169662475586,0.11657261848449707
StandardScaler,232,5,25.361161411976074,79.73263793082519,88.2618201694452,0.013896719119323449,0.9376451800232288,0.8826704933716004,0.9999225886360118,0.9198250770568848,0.15004611015319824
StandardScaler,235,5,27.091623063071246,80.92490620789548,88.28915004099481,0.04504538131813909,0.9377813271380863,0.8829118250170882,0.9999225886360118,0.8432059288024902,0.12753701210021973
StandardScaler,238,5,27.819395773213362,82.06740339925948,88.1866630226838,0.017685701210097902,0.9371980676328503,0.8828440429754328,0.9986840068122,0.49883270263671875,0.14162540435791016
StandardScaler,241,5,28.538113877072913,81.7487612853979,88.13883574747199,0.07781724423853861,0.9367577413479052,0.8847371318469585,0.9952779067967178,0.7213292121887207,0.14347195625305176
StandardScaler,244,5,39.20447837807782,87.0922957638542,30.616288603443564,0.06258762215864115,0.3734188930708953,0.9200364852538766,0.2342467874283945,0.6996586322784424,0.13167262077331543
StandardScaler,247,5,36.573575671455714,84.87994802469217,19.103580213173,0.010795127862730064,0.1713325867861142,0.8934306569343066,0.09475150952159778,0.9107499122619629,0.11987972259521484
StandardScaler,250,5,32.43741394857254,83.67924545579896,79.01065864990434,0.02921137375052985,0.8802992518703242,0.8862388200219676,0.8744387676110853,0.2585642337799072,0.11791515350341797
StandardScaler,253,5,28.91546048226468,82.26877516749127,11.738179830554795,0.0,0.0,0.0,0.0,0.3283119201660156,0.12545347213745117
StandardScaler,256,5,23.198514098330634,79.4407123223625,88.25498770155781,0.0422558027432259,0.9375658300947953,0.8831337666780705,0.9991484749961295,0.555368185043335,0.1823112964630127
StandardScaler,259,5,36.52188623827812,84.57999489757134,88.26865263733261,0.024434573184753835,0.9376792130957134,0.8827308139137566,0.9999225886360118,0.8534748554229736,0.13174939155578613
StandardScaler,262,5,25.71520350176929,80.7144166236547,88.16616561902158,0.042197805677501456,0.9370319203082964,0.8833973128598849,0.9976002477163648,0.6055381298065186,0.15902471542358398
StandardScaler,265,5,34.604715857037526,84.86206616437596,17.94206067231484,0.007985842501016398,0.1468958658900412,0.8913793103448275,0.08004335036383341,0.7158236503601074,0.1496260166168213
StandardScaler,268,5,27.808631177836883,81.06344101872716,88.26865263733261,0.03900595931047359,0.9376565847282233,0.8829925459891951,0.9995355318160706,0.9763607978820801,0.13047337532043457
StandardScaler,271,5,32.659207869969094,82.2151088917767,85.93878108772888,0.024053964278369994,0.9239355410999409,0.8840712972131843,0.9675646384889302,0.9173181056976318,0.14912819862365723
StandardScaler,274,5,40.02256509718956,84.96388010777116,11.738179830554795,0.0,0.0,0.0,0.0,0.6488986015319824,0.15448784828186035
StandardScaler,277,5,28.390031975669583,82.82836184561475,88.2618201694452,0.027799137703125684,0.937631598054164,0.8828274541974296,0.9996903545440471,0.7830121517181396,0.17365670204162598
StandardScaler,280,5,27.820143752632575,80.73619435604897,11.738179830554795,0.0,0.0,0.0,0.0,0.30310797691345215,0.1591348648071289
StandardScaler,283,5,30.79435098907211,82.12556577428577,11.738179830554795,0.0,0.0,0.0,0.0,1.0223274230957031,0.14920854568481445
StandardScaler,286,5,31.017661145857613,82.36457533153371,11.738179830554795,0.0,0.0,0.0,0.0,0.45829224586486816,0.17477774620056152
StandardScaler,289,5,27.4108705921708,81.6113084131124,88.28915004099481,0.06326011138139497,0.9377270745531173,0.8835410105436122,0.998993652268153,0.82452392578125,0.1665205955505371
StandardScaler,292,5,30.16768391867679,82.75853999259583,88.27548510522001,0.032056753139896484,0.9377177700348432,0.8827388273882739,1.0,0.5001847743988037,0.1243891716003418
StandardScaler,295,5,27.416730515271308,81.11002718918951,87.30527466520908,0.02100974490675047,0.9320409656181419,0.8834419636666204,0.9862981885740827,0.5079925060272217,0.16448569297790527
StandardScaler,298,5,28.653392825633738,82.6611656400326,11.738179830554795,0.0,0.0,0.0,0.0,0.876492977142334,0.15781068801879883
StandardScaler,301,5,32.87387796328268,82.35427311453387,88.2139928942334,0.0337898078632933,0.9373342536418788,0.8830857690464782,0.9986840068122,0.7817916870117188,0.15331768989562988
StandardScaler,304,5,37.22158944364931,85.06221980928221,11.738179830554795,0.0,0.0,0.0,0.0,0.6934459209442139,0.15060639381408691
StandardScaler,307,5,30.74781405267686,82.06989375095857,11.738179830554795,0.0,0.0,0.0,0.0,0.8869068622589111,0.1632404327392578
StandardScaler,310,5,33.631441432039935,84.11879228835082,11.738179830554795,0.0,0.0,0.0,0.0,1.155613899230957,0.1313483715057373
StandardScaler,313,5,39.76824308285756,87.39582081695177,41.63705930582126,0.06283130611145507,0.5323039859833553,0.9092779648335204,0.37629664034680294,0.19757437705993652,0.14808130264282227
StandardScaler,316,5,26.485656097807592,81.51447085386238,11.738179830554795,0.0,0.0,0.0,0.0,1.0014469623565674,0.13552331924438477
StandardScaler,319,5,22.988241763530006,79.84591648209782,88.2208253621208,0.016182355957202754,0.9374001452432825,0.8827793735467104,0.9992258863601177,0.44272661209106445,0.17380571365356445
StandardScaler,322,5,44.77265345789083,87.78742418756596,41.985515168078706,0.013346033529872599,0.5440584223809268,0.8879929886064856,0.3921659699643908,0.7824864387512207,0.16256070137023926
StandardScaler,325,5,33.24138818852182,84.30559320723106,88.02268379338616,0.01699981210906682,0.9362429532642299,0.882966316800439,0.996361665892553,1.012427806854248,0.16231441497802734
StandardScaler,328,5,30.8490345928766,83.38463140210455,88.20032795845859,0.008221404372091531,0.9372889356912015,0.8827029614937418,0.9990710636321412,0.8015921115875244,0.17273998260498047
StandardScaler,331,5,34.89711948619762,84.73220409277666,88.17299808690899,2.810291837303135e-05,0.9371391219087046,0.8826185101580135,0.9988388295401764,0.3243825435638428,0.14460515975952148
StandardScaler,334,5,37.67634966577936,85.72303903441846,81.95545230937414,0.012452966852586081,0.8996008363429006,0.8838425338014492,0.9159312587087785,0.4223945140838623,0.14900994300842285
StandardScaler,337,5,32.14820049669438,83.78021838336963,11.738179830554795,0.0,0.0,0.0,0.0,1.1103765964508057,0.17049169540405273
StandardScaler,340,5,39.983974315648396,86.84891110151693,87.64689805957912,0.05424962256645779,0.9339181286549708,0.884642016341227,0.9890075863136708,0.33032774925231934,0.1543729305267334
StandardScaler,343,5,31.007088051236053,84.13741160740913,88.02951626127357,0.017541746251635452,0.9362816409659587,0.8829743449032789,0.9964390772565412,0.5607028007507324,0.1742100715637207
StandardScaler,346,5,39.52138058616714,86.4654345130897,87.79721235310194,0.10439083530225965,0.9345691676436108,0.88711920990402,0.9873819476699179,0.960338830947876,0.16695380210876465
StandardScaler,349,5,33.82703805016364,84.46790200949812,86.97048373872643,0.01214841840987861,0.9301132407373475,0.8831512283387849,0.9823502090106828,0.9005422592163086,0.16414380073547363
MinMaxScaler,1,0,61.51108108980061,89.34513551855714,77.42552610002733,0.2665397959980746,0.862824877522212,0.930426217765043,0.804381483201734,0.6154124736785889,0.011930465698242188
MinMaxScaler,4,0,64.29139268541013,91.62506465065007,72.92976223011752,0.22301283044611528,0.830553417158498,0.9279434250764526,0.751664344325747,0.6439998149871826,0.013419866561889648
MinMaxScaler,7,0,50.513600518791314,86.1135745040767,85.01639792292977,0.14641253038076976,0.9171170490192373,0.8960194963444355,0.9392320792692367,0.9044959545135498,0.02982354164123535
MinMaxScaler,10,0,19.590110432402398,78.11262770229689,12.107133096474447,0.003065162939630629,0.009394732789157555,0.8970588235294118,0.004722093203282242,0.6159100532531738,0.014188766479492188
MinMaxScaler,13,0,42.86489364904193,85.77996515472233,39.59415140748839,0.04313468948841494,0.508642249763797,0.9016748768472906,0.35423440161015635,0.7517733573913574,0.030253171920776367
MinMaxScaler,16,0,36.96674474490387,85.29711877304717,15.714676141022139,0.04103877340491246,0.09120377191689996,0.9435975609756098,0.04791763430871652,0.6890883445739746,0.03691887855529785
MinMaxScaler,19,0,21.92060703125887,78.27655698562795,88.36430718775622,0.08707235259331185,0.9381514436172145,0.8836286515700896,0.9998451772720235,0.802847146987915,0.01755547523498535
MinMaxScaler,22,0,38.73624776755179,85.69522554933164,86.7518447663296,0.12716586200031918,0.9280652940085328,0.8910735912231958,0.9682613407648243,0.766751766204834,0.017142295837402344
MinMaxScaler,25,0,38.44742407603364,84.26810093889905,15.673681333697731,0.0337913482813399,0.09143109540636042,0.9324324324324325,0.04807245703669299,0.7756247520446777,0.028247594833374023
MinMaxScaler,28,0,33.998061742006215,83.92867929607166,20.333424432905165,0.07456406774614757,0.1842731215894781,0.9571220930232558,0.10195076637250348,0.9282021522521973,0.04352211952209473
MinMaxScaler,31,0,48.957690679329325,88.69662596897405,30.623121071330967,0.08714088390141968,0.3688463451019393,0.9359621451104101,0.22967951695308872,0.593496561050415,0.0421903133392334
MinMaxScaler,34,0,41.87134943237374,85.08144190905345,82.76851598797485,0.12033191573357312,0.9032010439855684,0.8957064555420219,0.910822108685555,0.837738037109375,0.024941205978393555
MinMaxScaler,37,0,22.440905570572216,80.69670899374844,17.655097021044,0.03295073662211635,0.13580955112577084,0.9212062256809338,0.0733085616968571,0.9047641754150391,0.03525948524475098
MinMaxScaler,40,0,41.09681449083059,85.37095553316004,18.474993167532112,0.03423420369799196,0.1532784558614817,0.919931856899489,0.08360427310729215,0.9103066921234131,0.02220606803894043
MinMaxScaler,43,0,23.641333685154013,78.88868421773874,11.738179830554795,0.0,0.0,0.0,0.0,0.9266033172607422,0.030167579650878906
MinMaxScaler,46,0,38.52490077557355,83.37774553199782,88.207160426346,0.009315692331155569,0.9373275236020334,0.8827109834495965,0.9991484749961295,0.8175487518310547,0.05656743049621582
MinMaxScaler,49,0,44.81221075500682,85.8028086309646,54.01749111779175,0.04142479335101943,0.6756626506024096,0.8950459652706844,0.5426536615575166,0.5028221607208252,0.05274462699890137
MinMaxScaler,52,0,44.758020547265,87.47529357036585,44.82782180923749,0.04713965788819992,0.5741258372448711,0.9007115671024326,0.4213500541879548,0.8175926208496094,0.02475285530090332
MinMaxScaler,55,0,49.01438842048555,87.80769650754057,51.85159879748566,0.06223663346455269,0.6512594645419904,0.9027301413088216,0.5093667750425762,0.4512937068939209,0.04091978073120117
MinMaxScaler,58,0,28.184981979103075,81.58727794177926,88.2823175731074,0.04056573124933791,0.9377427669074673,0.882903821177114,0.9998451772720235,1.010927438735962,0.04620623588562012
MinMaxScaler,61,0,54.114105341816675,88.88152594084247,80.35665482372232,0.15696122869640614,0.8865922448818587,0.9038848226494008,0.8699489084997678,0.6401567459106445,0.06202363967895508
MinMaxScaler,64,0,56.379640378704686,90.78094700994261,49.009292156326865,0.16825229379153056,0.6077266754270696,0.9466186343540199,0.4475150952159777,0.5108957290649414,0.035639286041259766
MinMaxScaler,67,0,55.528365452290544,88.87681322568078,87.06613828915005,0.25869290620758273,0.9285741236841112,0.9057784320942216,0.9525468338752129,0.5709178447723389,0.03407740592956543
MinMaxScaler,70,0,41.82875065267963,87.06874717407673,31.579666575567096,0.10070122035022872,0.38169918498394667,0.9429530201342282,0.23927852608762967,0.3508152961730957,0.04042649269104004
MinMaxScaler,73,0,66.35977656863452,92.11133940368342,81.61382891500409,0.3300541288311984,0.8908980336509223,0.9353026304588405,0.8505186561387211,0.3280503749847412,0.06162691116333008
MinMaxScaler,76,0,45.70238511712006,87.08996229772038,17.655097021044,0.05208318786980763,0.13232541396688266,0.9454732510288066,0.07114104350518656,0.5294923782348633,0.03716087341308594
MinMaxScaler,79,0,50.17475908303852,89.45528211176074,31.525006832467888,0.10278473274043244,0.38044015825914934,0.9444444444444444,0.2381947669917944,0.5576844215393066,0.058095693588256836
MinMaxScaler,82,0,61.03419013925214,90.95136629305101,74.41924022957093,0.21682477835851086,0.8422516221454454,0.9240939349112426,0.7737265830623936,0.6770718097686768,0.07570743560791016
MinMaxScaler,85,0,44.1280483991348,85.7650042416697,90.01093194861984,0.365003538103946,0.9464194092208459,0.8986636971046771,0.9995355318160706,0.6799027919769287,0.06969642639160156
MinMaxScaler,88,0,49.036552943154824,87.48925108308198,84.43563815250069,0.12824051304832385,0.9136990453098954,0.8947173171093634,0.9335036383341074,0.6875729560852051,0.044478654861450195
MinMaxScaler,91,0,42.220563450192955,86.05269132919321,20.52473353375239,0.03445148569012554,0.1960188001105889,0.9148387096774193,0.10976931413531506,0.5630307197570801,0.07540178298950195
MinMaxScaler,94,0,55.27936715894527,90.4980749211682,43.96009838753758,0.143007872853409,0.550180980585719,0.9435665914221218,0.3882954017649791,0.5094470977783203,0.0729975700378418
MinMaxScaler,97,0,40.32157662886937,85.40920390996132,42.24514894779994,0.02898413280761937,0.5450239517735077,0.8943649531884826,0.3919337358724261,0.7420167922973633,0.07353854179382324
MinMaxScaler,100,0,44.38257317897201,86.8645037754933,82.52254714402842,0.09867461998825827,0.9019622872911237,0.8931987247608927,0.9108995200495432,0.8402440547943115,0.045475006103515625
MinMaxScaler,103,0,36.79403584641802,84.09146853901478,14.758130636786007,0.037597804300509574,0.06978824932895913,0.9473684210526315,0.036228518346493266,0.48062777519226074,0.07581353187561035
MinMaxScaler,106,0,40.08550576295613,86.788300663549,19.076250341623393,0.08321742267681087,0.15689066059225512,0.9752212389380531,0.08530732311503329,0.6012594699859619,0.05437159538269043
MinMaxScaler,109,0,38.97399708125814,84.39114423151285,84.93440830828095,0.040815010513924416,0.9177453650166001,0.8856649146806825,0.95223718841926,0.7582337856292725,0.061864614486694336
MinMaxScaler,112,0,36.180762564116705,84.88634224605619,84.46296802405028,0.05367219494953827,0.9147356580427447,0.8869982547993019,0.9442638179284719,0.8837006092071533,0.08117055892944336
MinMaxScaler,115,0,41.453634468045145,84.93835347366394,88.2481552336704,0.17222299928106097,0.9368761009982384,0.8907187718073971,0.9880786499458121,0.35522961616516113,0.05716395378112793
MinMaxScaler,118,0,37.0791466762408,84.6694293717735,42.716589232030614,0.025087357899244527,0.5514658677509094,0.8926220990647731,0.3989781699953553,0.24828362464904785,0.05435991287231445
MinMaxScaler,121,0,41.0931669646869,85.17430825644475,87.97485651817436,0.04293800156450646,0.9358974358974359,0.8837529233732287,0.9945812045208237,0.6121349334716797,0.05667424201965332
MinMaxScaler,124,0,30.630158241804985,82.04637948120974,88.13883574747199,0.08797188996015397,0.936716243802858,0.8852142758715723,0.9945812045208237,0.5729162693023682,0.0708003044128418
MinMaxScaler,127,0,38.45269597916904,85.69689429323073,14.730800765236404,0.04212393461927021,0.06851768920734438,0.95625,0.035531816070599166,0.7791593074798584,0.08461880683898926
MinMaxScaler,130,0,35.334480175030784,83.27338727174393,88.26865263733261,0.04580512463434444,0.9376429998184129,0.8831497571321064,0.9993032977241059,0.6885843276977539,0.05934023857116699
MinMaxScaler,133,0,31.438600081719002,83.32374235073554,14.641978682700191,0.0159784081781158,0.07025377688472129,0.9094412331406551,0.0365381638024462,0.6916718482971191,0.07503294944763184
MinMaxScaler,136,0,31.81407223246263,82.41824343089054,14.641978682700191,0.018717931521039358,0.06983843347479711,0.9142300194931774,0.0363059297104815,0.9520714282989502,0.07436823844909668
MinMaxScaler,139,0,32.09880231372564,82.59953129435343,88.90407215086088,0.22341791167152028,0.9406692970919187,0.8906876989068769,0.9965938999845178,0.315201997756958,0.07746481895446777
MinMaxScaler,142,0,35.472356212672,83.30699449381942,14.79912544411041,0.02137791362698781,0.07313810019325108,0.917910447761194,0.03808639108221087,0.4841651916503906,0.08588957786560059
MinMaxScaler,145,0,30.898480087796564,82.65941360502025,88.26865263733261,0.03900595931047359,0.9376565847282233,0.8829925459891951,0.9995355318160706,0.48857951164245605,0.07387328147888184
MinMaxScaler,148,0,40.24957234502001,85.20286317927662,89.0202241049467,0.24214964213321663,0.9412366987238088,0.8919537043454154,0.9962842545285648,0.34829187393188477,0.08302712440490723
MinMaxScaler,151,0,36.73868536939639,83.5544973875808,80.04919376878928,0.023857095868522454,0.8872151409810738,0.885368485969781,0.8890695154048615,0.586292028427124,0.09089088439941406
MinMaxScaler,154,0,44.34345971301742,86.1442876517552,85.73380705110687,0.0690770430803351,0.9223618651000223,0.8874499141385231,0.9601331475460597,0.5204548835754395,0.08301830291748047
MinMaxScaler,157,0,34.45863232233551,82.69107629925847,88.2823175731074,0.1644188262432958,0.9371495583977718,0.8898322778203076,0.9897816999535531,0.6765432357788086,0.08907914161682129
MinMaxScaler,160,0,38.98726245119885,83.93860626708374,85.95927849139109,0.10469917485666017,0.9234209055338177,0.8902780771718043,0.9591267998142127,0.3579568862915039,0.0764169692993164
MinMaxScaler,163,0,43.138266609063244,86.24493627018497,83.51325498770156,0.08611691364893953,0.9084424207930184,0.8908982659819901,0.9266914383031429,0.3723275661468506,0.08307862281799316
MinMaxScaler,166,0,34.22159043494733,82.26075590953057,79.83738726427985,0.031088779667651948,0.8857043262713505,0.8862878846601039,0.8851215358414616,0.4025075435638428,0.09814620018005371
MinMaxScaler,169,0,34.409659946927704,83.23553063056677,87.55124350915551,0.1662500203474257,0.932623326677021,0.8928065703766639,0.9761572998916241,0.6448230743408203,0.08673977851867676
MinMaxScaler,172,0,34.981143258605684,84.2691792383822,14.717135829461602,0.005845389118980833,0.07362327445450498,0.8920863309352518,0.0383960365381638,0.20559144020080566,0.07745552062988281
MinMaxScaler,175,0,45.033583374742555,86.5192724879918,82.93932768515988,0.06448504683608391,0.9051111533346,0.8889303575427334,0.9218919337358724,0.24074220657348633,0.08621621131896973
MinMaxScaler,178,0,44.15062971756477,87.35287894542654,20.42907898332878,0.058275799553284026,0.18933593206181262,0.9392265193370166,0.10527945502399752,0.4947476387023926,0.07939720153808594
MinMaxScaler,181,0,43.12267168876269,85.66860017137144,67.24514894779995,0.05765902659114233,0.7934510986643688,0.8946754760979402,0.7128038396036538,0.18566298484802246,0.07801699638366699
MinMaxScaler,184,0,24.459197362210023,81.0423630744374,16.1792839573654,0.025852473836995897,0.10426401869158879,0.9177377892030848,0.055271713887598696,0.4742136001586914,0.09601092338562012
MinMaxScaler,187,0,37.075118401537345,84.60194289497774,87.67422793112873,0.13801659940242797,0.9336032388663967,0.8899101880437833,0.9818083294627651,0.2981300354003906,0.10458850860595703
MinMaxScaler,190,0,54.32924179579225,90.68608877881124,37.086635692812244,0.147990801782888,0.45681925436526666,0.9598413485374319,0.29973680136244,0.4077763557434082,0.1050724983215332
MinMaxScaler,193,0,53.95748926559415,89.12853304734303,87.90653183930036,0.21699254850176028,0.934342310260405,0.897008547008547,0.9749187180678124,0.343005895614624,0.08073639869689941
MinMaxScaler,196,0,41.813930747199,86.6069826898856,17.689259360481007,0.022891307721105734,0.1384538368018308,0.9089201877934272,0.07493420034061,0.6826064586639404,0.08798408508300781
MinMaxScaler,199,0,45.58014229993037,86.81733468075916,85.95927849139109,0.1137491600525424,0.923335198656967,0.8911211924821776,0.9579656293543892,0.8907089233398438,0.11991667747497559
MinMaxScaler,202,0,50.26357037431954,87.039695371771,81.01257174091282,0.19652414402838805,0.8901277033171233,0.9096565656565656,0.8714197244155442,0.7842280864715576,0.09304928779602051
MinMaxScaler,205,0,34.306941194939476,84.45740371910671,84.5381251708117,0.024169270472721934,0.9154808590102708,0.88446272641986,0.9487536770397894,0.8793270587921143,0.08542728424072266
MinMaxScaler,208,0,35.24732029614218,84.86123967049895,87.33943700464609,0.05798020810893156,0.9320772698947986,0.885191116062104,0.9842080817464004,0.3333773612976074,0.08879995346069336
MinMaxScaler,211,0,45.39080663001748,85.22712411431996,73.72232850505603,0.11438533884501195,0.8409429280397023,0.902770378263186,0.7870413376683697,0.3296060562133789,0.11056017875671387
MinMaxScaler,214,0,36.822492858598906,85.95959996490363,21.125990707843673,0.03471116441797641,0.20812182741116753,0.9138554216867469,0.11743303917015017,0.2248239517211914,0.0877828598022461
MinMaxScaler,217,0,39.42399006106576,86.38571866482394,19.49986335064225,0.03308778986580949,0.17516101932231867,0.9158125915080527,0.09684161634928007,0.23501062393188477,0.09266281127929688
MinMaxScaler,220,0,31.86835931705694,84.00709030688597,88.2959825088822,0.05069137333996087,0.9378198845693129,0.8829198277629691,1.0,0.6125032901763916,0.11116790771484375
MinMaxScaler,223,0,28.75339226690212,80.97292354786293,86.35556162886034,0.008368665599598524,0.9265079306664704,0.8830585759382673,0.974454249883883,0.6411185264587402,0.11999225616455078
MinMaxScaler,226,0,53.18495043780227,88.72938177504176,68.73462694725335,0.12964604979643735,0.801767457979553,0.9102891992917569,0.7163647623471125,0.810858964920044,0.11932730674743652
MinMaxScaler,229,0,32.47485347263414,83.79726159905611,88.55561628860345,0.14844831809150763,0.9391108364535243,0.8852717428551847,0.9999225886360118,0.5062637329101562,0.12171149253845215
MinMaxScaler,232,0,46.13733740234138,88.49596370123571,27.077070237769885,0.08148686168747672,0.3101286277551548,0.9396788092440266,0.1857098622077721,0.5161497592926025,0.10332918167114258
MinMaxScaler,235,0,42.028463410559056,86.33554159768192,88.00901885761137,0.045637450248936805,0.936091183860748,0.883792890050196,0.9949682613407648,0.7297120094299316,0.11972546577453613
MinMaxScaler,238,0,33.28458625293131,83.19587925012432,88.10467340803498,0.03513487638048178,0.9366840018911154,0.8833253309554839,0.9969035454404707,0.35777807235717773,0.10965943336486816
MinMaxScaler,241,0,45.56077143533285,86.56562190149958,76.35282864170539,0.051912864531222944,0.8617535450369482,0.8902368573079145,0.8350363833410744,0.40015649795532227,0.11153864860534668
MinMaxScaler,244,0,31.21133599758195,82.10852851545344,11.738179830554795,0.0,0.0,0.0,0.0,0.6434831619262695,0.12732577323913574
MinMaxScaler,247,0,54.19317262409744,90.54415434296617,65.80349822355835,0.09787044372164055,0.7794279670353885,0.9048398649340018,0.6845486917479486,0.7105333805084229,0.11238336563110352
MinMaxScaler,250,0,53.30346462264619,90.16775968010865,65.79666575567094,0.08201156126397387,0.7802844101123596,0.9009730387188324,0.6881096144914073,0.5906355381011963,0.13419628143310547
MinMaxScaler,253,0,27.126802878224805,81.22433727160991,87.07980322492485,0.06631903670983587,0.9304856082049774,0.8859642982149107,0.9797182226350828,0.7427124977111816,0.1308131217956543
MinMaxScaler,256,0,45.915261862187585,87.34347343080591,50.983875375785736,0.06796124058298064,0.641407577726682,0.9051918735891648,0.49667131134850595,0.7039170265197754,0.17173528671264648
MinMaxScaler,259,0,47.78415377663821,88.2436954450226,52.466520907351736,0.0313325573585284,0.6608822812576164,0.8923259181255759,0.5247716364762347,0.8245418071746826,0.12938165664672852
MinMaxScaler,262,0,54.274952458247874,90.54790143986496,39.24569554523094,0.11058444091938661,0.49321782742505416,0.9349611063094209,0.33495897197708624,0.7314379215240479,0.12210249900817871
MinMaxScaler,265,0,47.389008865989304,89.24670439381146,37.34626947253348,0.11217686736878228,0.4664882476146148,0.9388758782201405,0.310342158228828,0.6255993843078613,0.10757756233215332
MinMaxScaler,268,0,35.849792935866084,84.41681748034362,11.738179830554795,0.0,0.0,0.0,0.0,0.39292049407958984,0.1309359073638916
MinMaxScaler,271,0,45.64217277387356,87.21272325047019,87.57857338070511,0.2148046579873701,0.9323207505025687,0.8980206540447504,0.9693450998606595,0.6769516468048096,0.14132928848266602
MinMaxScaler,274,0,46.5746575380735,88.11954241556184,84.5039628313747,0.09277536188530106,0.9145633993822044,0.8907396536542412,0.9396965474531661,0.7229597568511963,0.10987544059753418
MinMaxScaler,277,0,44.26094091124801,87.2260332427251,83.73872642798578,0.11533992820868566,0.9094712818562191,0.8940323063116961,0.9254528564793312,0.526627779006958,0.12370014190673828
MinMaxScaler,280,0,42.69263308761758,87.17035071948006,88.27548510522001,0.055187293165281044,0.9376634699215345,0.8833675564681724,0.9990710636321412,0.7148253917694092,0.11406612396240234
MinMaxScaler,283,0,46.02421002108581,86.71122207656823,86.00027329871548,0.15982685663831558,0.9231057905205089,0.895840920678855,0.9520823656912835,0.6457834243774414,0.14256024360656738
MinMaxScaler,286,0,43.277136197679965,87.00862408977561,78.05411314566821,0.04887017947493824,0.8734835355285961,0.8891740176423416,0.8583372039015328,0.8827240467071533,0.15155267715454102
MinMaxScaler,289,0,39.20248677022668,85.35685715469339,88.34380978409402,0.08473944958080215,0.9380042154226325,0.883972602739726,0.9990710636321412,0.6330320835113525,0.13549041748046875
MinMaxScaler,292,0,46.02081257239855,86.73004032212052,69.55452309374147,0.04584388677501583,0.8122049898853675,0.8913968547641073,0.7459359033906178,0.7268314361572266,0.11285734176635742
MinMaxScaler,295,0,39.59542378981886,86.40909578928859,86.10959278491391,0.051069662765259975,0.9247733580018501,0.8858013752037995,0.9673324043969654,0.47037577629089355,0.14239048957824707
MinMaxScaler,298,0,33.322224036598,83.45412037966116,83.19212899699372,0.005302614238426535,0.9074074074074074,0.8830769230769231,0.9331165815141663,0.9962589740753174,0.14282774925231934
MinMaxScaler,301,0,52.159889702774606,89.42196157880107,64.65564361847498,0.12791810091088804,0.767849930440246,0.9135077415910304,0.6622542189193373,0.8670034408569336,0.12220549583435059
MinMaxScaler,304,0,46.340517450359854,87.10733275680529,88.50778901339163,0.2479585929112337,0.9377912567497596,0.8978753541076487,0.981421272642824,0.6926798820495605,0.1469287872314453
MinMaxScaler,307,0,46.874770762331615,89.36488102581053,41.657556709483465,0.13064413908430958,0.5224005816880138,0.9413424712759524,0.3615110698250503,0.9848816394805908,0.1549978256225586
MinMaxScaler,310,0,53.981192553152944,90.59007667471894,40.455042361300904,0.13041239983428504,0.5064839458632991,0.9432609154186881,0.3461836197553801,0.6377699375152588,0.1147315502166748
MinMaxScaler,313,0,42.34685932453674,86.49713999079619,88.05684613282317,0.06528748019731923,0.936311302193398,0.8844300660792952,0.9946586158848119,0.8801963329315186,0.14384031295776367
MinMaxScaler,316,0,47.7311283440763,88.63072357446748,38.83574747198688,0.06656273686975712,0.4946940618649808,0.913297207169654,0.3392165969964391,0.5104262828826904,0.14024615287780762
MinMaxScaler,319,0,37.83735899461473,85.72665541282629,84.70893686799673,0.038359746515342144,0.9163927077106994,0.8855595667870036,0.9494503793156835,0.2730534076690674,0.12919044494628906
MinMaxScaler,322,0,30.875168813547837,83.33361264253722,88.2481552336704,0.07294460880318321,0.9374408961955336,0.8841245883644346,0.9976002477163648,0.7580974102020264,0.1462242603302002
MinMaxScaler,325,0,40.53193457577221,85.73112731933445,88.61027603170265,0.1659266062629153,0.9392603388595373,0.8872444413850072,0.9977550704443412,1.014474868774414,0.13982582092285156
MinMaxScaler,328,0,37.89888931364507,84.83620190006619,82.45422246515442,0.05349048210575802,0.9021937842778793,0.8879892037786775,0.9168601950766373,0.5306563377380371,0.14568424224853516
MinMaxScaler,331,0,40.65368624984927,87.72771927225556,39.532659196501776,0.08394588196635995,0.5013522650439486,0.9211180124223602,0.3444031583836507,0.66452956199646,0.1697850227355957
MinMaxScaler,334,0,43.7250857517851,88.86918167705934,44.08308280951079,0.13895672668741058,0.5522975929978118,0.9414397612831034,0.3907725654126026,0.9912567138671875,0.15587115287780762
MinMaxScaler,337,0,45.66372449412711,87.89830669198932,88.3233123804318,0.18288040267536254,0.9372590770586292,0.8913483695272677,0.9881560613098003,0.5710978507995605,0.16232013702392578
MinMaxScaler,340,0,42.980952118322776,87.10063339303137,40.89915277398196,0.009612294514128714,0.5308601800629136,0.8865942028985507,0.3788512153584146,0.6277575492858887,0.15274906158447266
MinMaxScaler,343,0,43.94662734277517,87.55854555669293,40.24323585679147,0.023971590000452618,0.5201887206495501,0.8928436911487759,0.3670072766682149,0.5951976776123047,0.16462421417236328
MinMaxScaler,346,0,39.627620699095814,86.83375630794292,88.59661109592784,0.15987507364176368,0.9392317494993628,0.8866432941499965,0.9984517727202353,0.8483271598815918,0.1453402042388916
MinMaxScaler,349,0,43.862452622713235,88.65030465704062,43.3588412134463,0.11733843412486249,0.5462506841817186,0.9323617339312407,0.38628270630128503,0.3959646224975586,0.12677359580993652
MinMaxScaler,1,1,57.15132083252452,90.7666195759178,55.50013664935774,0.11561258325589095,0.6834815570782913,0.918135526831179,0.5443567115652578,1.089003324508667,0.023061513900756836
MinMaxScaler,4,1,49.3542166483637,87.06633649904516,80.80759770429079,0.08416372893317574,0.8910860377651119,0.8926435174396022,0.8895339835887909,0.3406357765197754,0.039698123931884766
MinMaxScaler,7,1,60.401823105210426,91.04294602462899,59.811423886307736,0.15823121820991315,0.7218386456067342,0.9275644141954302,0.5908035299581978,0.5721101760864258,0.021062135696411133
MinMaxScaler,10,1,48.30900778096856,87.95807933615272,56.121891227111234,0.039121650251746166,0.6966175359032502,0.8936969696969697,0.5707539866852454,0.9086360931396484,0.013249874114990234
MinMaxScaler,13,1,39.58137214030796,85.5899811831657,14.396009838753757,0.036113399528100956,0.061568421841060594,0.9491916859122402,0.031816070599163956,0.4309732913970947,0.012800931930541992
MinMaxScaler,16,1,22.5851191567262,80.16937312343295,15.735173544684338,0.033823198351191956,0.0928282456785583,0.9320531757754801,0.04884657067657532,1.115506887435913,0.029066085815429688
MinMaxScaler,19,1,35.609184628536305,81.38114661965979,75.36212079803225,0.01306098718998978,0.8559098537520978,0.8845391476709613,0.8290757083139805,1.0412662029266357,0.015183448791503906
MinMaxScaler,22,1,51.7268298956019,89.317118302456,34.70210440010932,0.1067711740759001,0.42885316440566545,0.9404980340760157,0.2777519739897817,0.4333789348602295,0.016544580459594727
MinMaxScaler,25,1,36.97254383835281,84.2797263753289,84.51762776714949,0.02997052531779299,0.9153023846901398,0.8849378433073143,0.9478247406719307,0.7193946838378906,0.016277074813842773
MinMaxScaler,28,1,49.789247786837045,88.96913733478095,29.919376878928666,0.08105384037356107,0.3584964663205954,0.9332464995115598,0.22186096919027715,0.4153327941894531,0.02141118049621582
MinMaxScaler,31,1,28.752614999132163,82.31138812063969,20.135282864170538,0.038732070642615725,0.18719143314094985,0.9200273410799726,0.10419569592816226,0.8038010597229004,0.018426179885864258
MinMaxScaler,34,1,31.642185660747902,80.03231384367903,78.44356381525007,0.054780410254689015,0.8759778293171901,0.8898650267550515,0.8625174175568974,0.6543655395507812,0.02144646644592285
MinMaxScaler,37,1,33.42991279641388,80.00681240381826,80.67094834654277,0.10764519576800138,0.8897376934170013,0.8959886961299945,0.8835733085616968,0.9957106113433838,0.05434846878051758
MinMaxScaler,40,1,43.398802259654836,84.5900942149019,82.93932768515988,0.1124649367848095,0.9044210526315789,0.894525630347543,0.9145378541569903,0.6185314655303955,0.04390907287597656
MinMaxScaler,43,1,27.156873002647124,80.22988750940578,11.738179830554795,0.0,0.0,0.0,0.0,1.2321197986602783,0.040764808654785156
MinMaxScaler,46,1,29.239035928425395,80.39541733170579,11.738179830554795,0.0,0.0,0.0,0.0,0.94797682762146,0.045256853103637695
MinMaxScaler,49,1,51.62265799082635,88.90887128836725,40.174911177917465,0.057065229739946,0.5141493729885696,0.9077194357366771,0.3586468493574857,0.3829925060272217,0.02355790138244629
MinMaxScaler,52,1,44.58174973473766,84.49467950328386,83.87537578573381,0.09494440199787095,0.9106060606060606,0.8915591158581813,0.9304845951385663,0.8655707836151123,0.02722024917602539
MinMaxScaler,55,1,43.692107068838084,84.93216359945217,86.92948893140202,0.14463465946757423,0.9289982555765877,0.8923351158645276,0.9688032203127419,0.7778041362762451,0.05188894271850586
MinMaxScaler,58,1,57.63551134126047,88.42339085310928,77.91063132003279,0.19340475901981566,0.8686893302465375,0.9137827907374177,0.8278371264901687,0.17000436782836914,0.03221416473388672
MinMaxScaler,61,1,54.4202384486294,86.4020765343681,85.69281224378246,0.27011051160692007,0.9196284639594688,0.9119975639464069,0.927388140579037,0.7599456310272217,0.041916608810424805
MinMaxScaler,64,1,65.0999539316772,90.98888517067569,88.34380978409402,0.378093397299757,0.9349798002896562,0.9208708708708708,0.9495277906796717,0.7153911590576172,0.08139348030090332
MinMaxScaler,67,1,69.83306856664254,93.31181361906414,90.4482098934135,0.4719873962721472,0.9470775287704422,0.9267298859090236,0.9683387521288125,0.4300200939178467,0.033571720123291016
MinMaxScaler,70,1,51.00255151099954,89.62121449710347,42.948893140202244,0.07905654099152526,0.5465899218071243,0.9154237904692616,0.3896113949527791,0.7503118515014648,0.0798945426940918
MinMaxScaler,73,1,51.43004878447937,89.09039807598597,27.80131183383438,0.09288026005926876,0.3204938589158253,0.9464489175845043,0.1929091190586778,0.5599403381347656,0.045328378677368164
MinMaxScaler,76,1,46.63133274972915,88.42797951759643,30.766602896966383,0.07956428853741784,0.3726085072131757,0.9307145066501701,0.2329307942405945,0.22850656509399414,0.036179542541503906
MinMaxScaler,79,1,49.607518076319494,88.5503052882431,84.90024596884395,0.1337540676325168,0.9165470885884752,0.8947213211442052,0.9394643133612014,0.24006342887878418,0.04330754280090332
MinMaxScaler,82,1,41.22446889405925,84.80365945207608,83.03498223558348,0.0410888856265535,0.906014610696847,0.8864528553440486,0.9264592042111782,0.3740677833557129,0.046051025390625
MinMaxScaler,85,1,55.240233416440155,90.42719878756125,37.961191582399564,0.11788466674146612,0.47423277359583094,0.9409466911764706,0.3169995355318161,0.9441320896148682,0.0735776424407959
MinMaxScaler,88,1,42.84201944710443,84.71777012236966,77.70565728341077,0.024892707946004643,0.871671844889291,0.8859221360620353,0.8578727357176034,0.903684139251709,0.0761110782623291
MinMaxScaler,91,1,54.70213431871962,90.3639768856799,35.467340803498224,0.11555258110962814,0.4386997088013312,0.9442312611921208,0.28572534448056974,0.40190935134887695,0.04011964797973633
MinMaxScaler,94,1,48.07557286662302,85.29931669569783,70.81169718502322,0.11449561636872504,0.8189063162356931,0.9050787106446777,0.7477163647623472,0.550508975982666,0.051980018615722656
MinMaxScaler,97,1,34.254738089148695,81.63514198305548,87.92702924296256,0.043970022846265826,0.9356119957730569,0.883855421686747,0.9938070908809413,0.5429613590240479,0.07865309715270996
MinMaxScaler,100,1,34.86209512459805,82.73984031780779,11.738179830554795,0.0,0.0,0.0,0.0,0.9664263725280762,0.07918667793273926
MinMaxScaler,103,1,37.25345967516785,82.8434732819251,40.38671768242689,0.007118817876502425,0.5246526831925906,0.8855986757402979,0.3727357176033442,0.8108737468719482,0.04735922813415527
MinMaxScaler,106,1,38.04579968101832,83.32924867087564,85.59032522547145,0.05232939788789339,0.9216305599940545,0.8862288287000644,0.9599783248180833,0.2111198902130127,0.054552316665649414
MinMaxScaler,109,1,34.9164926037452,82.49640253922368,87.64006559169172,0.041907136317813794,0.9339274626538588,0.8841020676301777,0.9897042885895649,0.1943202018737793,0.061986446380615234
MinMaxScaler,112,1,34.869135593528874,83.33171808281186,88.2481552336704,0.013586980075664678,0.9375635254827936,0.8827067669172932,0.9996903545440471,0.7252752780914307,0.05775284767150879
MinMaxScaler,115,1,43.722862090077996,84.52223842087663,82.39956272205521,0.08643708628647961,0.9013631490274161,0.8918017881497197,0.9111317541415079,0.5390706062316895,0.07796931266784668
MinMaxScaler,118,1,39.88214773188308,83.84043469263051,88.42579939874283,0.12335350063565041,0.9383372160745487,0.8855984609042188,0.9977550704443412,0.5746665000915527,0.07640361785888672
MinMaxScaler,121,1,32.777253441200976,80.82591024541294,84.02569007925663,0.021865245996578995,0.912368815592204,0.8843918035169307,0.9421737111007896,0.44578003883361816,0.06428384780883789
MinMaxScaler,124,1,41.8629729640586,83.18699917978462,76.16835200874556,0.056906407305160354,0.8603347481380635,0.8910915726609158,0.8316302833255922,0.8331811428070068,0.0665287971496582
MinMaxScaler,127,1,42.13915535280207,83.70383291269225,85.69281224378246,0.0646295703326494,0.9221503457506134,0.8871244635193133,0.9600557361820715,0.6643500328063965,0.08814024925231934
MinMaxScaler,130,1,35.63071156633919,82.64827168647176,88.2481552336704,0.006812310976989264,0.937568058076225,0.8826544559868781,0.9997677659080353,0.38366222381591797,0.07358026504516602
MinMaxScaler,133,1,37.70956040258235,84.80931968796624,18.502323039081716,0.016858827676687706,0.1572700296735905,0.9004854368932039,0.08615884811890386,0.26788783073425293,0.06900167465209961
MinMaxScaler,136,1,43.1485242906767,87.2888697201503,18.577480185843125,0.07394213543330816,0.14811637715347772,0.9673202614379085,0.08019817309180988,0.6606364250183105,0.059136390686035156
MinMaxScaler,139,1,37.54393703202848,83.22059874403028,88.9177370866357,0.22686583944683764,0.9407163742690059,0.89108156764991,0.9962068431645765,0.5206348896026611,0.09480690956115723
MinMaxScaler,142,1,30.0410838960752,81.47691679282244,88.48729160972944,0.13035328725203438,0.9387740271065732,0.8846127508046292,1.0,0.8978338241577148,0.09453749656677246
MinMaxScaler,145,1,33.2001051316615,82.1404197072491,88.23449029789559,0.03768328282073824,0.9374500544860153,0.8831097727894881,0.9989162409041648,0.6740896701812744,0.061548471450805664
MinMaxScaler,148,1,35.981669367503194,83.20230750334403,11.738179830554795,0.0,0.0,0.0,0.0,0.6668639183044434,0.07565426826477051
MinMaxScaler,151,1,34.02978778472107,83.54997741966865,88.20032795845859,0.132063518824509,0.9368625013709648,0.8876342223761691,0.9918718067812354,0.8079445362091064,0.09682512283325195
MinMaxScaler,154,1,43.291942585460255,86.49961584452011,88.37797212353102,0.1760896762114986,0.937658053875756,0.8903737732303195,0.9902461681374826,0.8913793563842773,0.08519601821899414
MinMaxScaler,157,1,37.60971190896784,83.16038876808994,88.2618201694452,0.024073113823156148,0.9376361260345578,0.8827751196172249,0.9997677659080353,0.7395060062408447,0.08150696754455566
MinMaxScaler,160,1,35.94166823922581,82.71098947468182,85.61765509702104,0.08271683234639156,0.9215342751705371,0.8887051549356532,0.956881870258554,0.46164369583129883,0.058478593826293945
MinMaxScaler,163,1,34.26298163341042,82.2629202629858,11.738179830554795,0.0,0.0,0.0,0.0,0.5621623992919922,0.0741875171661377
MinMaxScaler,166,1,36.8443464741602,84.73040425071832,89.04072150860891,0.2546351893182082,0.9411850982692872,0.8941061724954716,0.9934974454249884,0.6210319995880127,0.09215521812438965
MinMaxScaler,169,1,39.35647365373167,85.59735408269238,80.39764963104673,0.02924752243555365,0.8893858194856769,0.885935939780321,0.8928626722402849,0.5125458240509033,0.10738229751586914
MinMaxScaler,172,1,36.02635212600083,83.45669361424123,75.64225198141568,0.030246790358309808,0.8573942957718309,0.8870954391192782,0.8296175878618981,0.8248605728149414,0.08587455749511719
MinMaxScaler,175,1,41.08095372242322,86.30651412174652,81.53183930035529,0.04452065452313181,0.8964486840593036,0.8873720136518771,0.9057129586623316,0.693138599395752,0.11098599433898926
MinMaxScaler,178,1,48.15044515589603,87.46828499109854,63.25498770155781,0.09268323235942236,0.7579875798757988,0.9052020636285468,0.6519585075089023,0.4627671241760254,0.10681581497192383
MinMaxScaler,181,1,43.425454658839385,88.07342272062675,28.09510795299262,0.11782061115940132,0.3207693300632503,0.9646739130434783,0.19236723951076018,0.6770620346069336,0.10087752342224121
MinMaxScaler,184,1,38.790374892691986,85.50630320716559,17.163159333151135,0.0309441721313174,0.1253787332275285,0.9205508474576272,0.06727047530577489,0.5877883434295654,0.11282682418823242
MinMaxScaler,187,1,62.08921736299946,91.34497428816097,75.25963377972124,0.19034099019816342,0.8495575221238938,0.9168684422921711,0.791453785415699,0.5275154113769531,0.1079549789428711
MinMaxScaler,190,1,45.641339182352155,88.80445786674956,44.69800491937688,0.07224445365769676,0.5691472373043756,0.911042944785276,0.41384115188109616,0.5186276435852051,0.10011792182922363
MinMaxScaler,193,1,40.27209733969854,85.84423880551141,43.775621754577756,0.05421650403948354,0.560393183396549,0.9041544561282537,0.40602260411828456,0.7075760364532471,0.09672021865844727
MinMaxScaler,196,1,34.294076850109064,84.51771323140171,17.019677507515716,0.009466029044949037,0.12619612921792936,0.8939857288481141,0.06788976621768075,0.6744704246520996,0.08425307273864746
MinMaxScaler,199,1,30.388828990456684,82.97344945159956,88.09784094014758,0.02363409935413384,0.9366683632661965,0.8830545653962161,0.9972131908964236,0.5846836566925049,0.10154461860656738
MinMaxScaler,202,1,39.977686332036896,86.90017285590896,29.564088548783822,0.05065400797922501,0.3585340053512538,0.9137329527434189,0.22302213965010065,0.3848118782043457,0.08625650405883789
MinMaxScaler,205,1,29.539764208049302,82.05043587587303,86.97048373872643,0.043002545637613895,0.9299643762165338,0.8847040737893928,0.980105279455024,0.7602806091308594,0.12174797058105469
MinMaxScaler,208,1,42.47404286120332,86.86547206025787,19.8483192128997,0.03399341650290296,0.18222377134890205,0.9159074982480728,0.10117665273262115,0.6157586574554443,0.09021735191345215
MinMaxScaler,211,1,53.572101881645864,88.60671855560066,86.99781361027603,0.2712491138196681,0.9279685075135319,0.9079327457225391,0.9489084997677659,0.6658251285552979,0.10912036895751953
MinMaxScaler,214,1,34.4999379086964,84.128149154031,85.14621481279038,0.0912107049540843,0.9185584775605005,0.8899535423925667,0.9490633224957423,0.6742234230041504,0.08805489540100098
MinMaxScaler,217,1,32.54232256801701,84.36696004838922,19.41787373599344,0.05306264367352102,0.1695535840022532,0.9376947040498442,0.09320328224183311,0.36163926124572754,0.12125134468078613
MinMaxScaler,220,1,37.25932861006859,85.6553712537769,19.70483738726428,0.03936029707515369,0.1781818181818182,0.9218523878437048,0.09862207772100945,0.8486380577087402,0.1151120662689209
MinMaxScaler,223,1,33.19943375254426,84.0123673574692,19.8619841486745,0.028490570977947764,0.1836152293450268,0.9102829537612146,0.10210558910047995,0.719264030456543,0.09486913681030273
MinMaxScaler,226,1,54.78661994588955,88.9111773824386,56.01940420880022,0.08677294141071783,0.6913450011987533,0.9082776867834195,0.5580585229911751,0.9482150077819824,0.11451911926269531
MinMaxScaler,229,1,31.605482851355227,83.07588740699676,88.2823175731074,0.03926268551297579,0.9377518057420783,0.8827991526002871,1.0,0.7813215255737305,0.11866021156311035
MinMaxScaler,232,1,31.979639279265054,84.47380635254078,20.183110139382347,0.03697941703515694,0.1885245901639344,0.9181326116373477,0.10504722093203282,0.4868316650390625,0.09785342216491699
MinMaxScaler,235,1,47.19646724814407,87.0928505225532,74.69937141295436,0.08417160519942234,0.8491096532333646,0.8964122859846856,0.8065490013934046,0.5965006351470947,0.1130828857421875
MinMaxScaler,238,1,30.790149237214194,82.17720127737788,85.310194042088,0.007260637096770367,0.9202877057689456,0.8830937811299274,0.9607524384579657,0.5582308769226074,0.13144254684448242
MinMaxScaler,241,1,54.4714412445945,88.64726242575642,74.65154413774255,0.16729251576667298,0.8458918335133339,0.9126927214055217,0.7882025081281933,0.17568039894104004,0.10497426986694336
MinMaxScaler,244,1,40.88094357513615,83.94953004411437,53.16343263186663,0.038390883105181246,0.6673137587964086,0.8943671133081826,0.5322031274191051,0.5380299091339111,0.10096359252929688
MinMaxScaler,247,1,44.91401706222161,85.55189614752076,74.67887400929214,0.10465766706936132,0.8482888488619617,0.9001737619461337,0.802059142282087,0.2503676414489746,0.11326456069946289
MinMaxScaler,250,1,28.063187498974905,80.59377326981486,86.56736813336977,0.007525457300019962,0.9277630805408583,0.8829906280598685,0.9773184703514476,0.44263267517089844,0.1246633529663086
MinMaxScaler,253,1,38.62726581440269,85.15161114026692,88.2276578300082,0.008079520241397515,0.9374478126701761,0.8826827100567444,0.9994581204520824,0.24494361877441406,0.13259220123291016
MinMaxScaler,256,1,28.937226232773718,80.76799112619955,88.2959825088822,0.07685041749353837,0.9377249427418475,0.8840222085132634,0.9983743613562471,0.5038745403289795,0.1665818691253662
MinMaxScaler,259,1,56.49308993181854,89.6192832659404,84.89341350095656,0.26222313000891456,0.9145771355716107,0.9129193983802545,0.9162409041647314,0.20482707023620605,0.1281900405883789
MinMaxScaler,262,1,47.53170396380429,86.12343708306989,84.62694725334791,0.1885898990197917,0.9140630967840501,0.9021411338962606,0.9263043814832017,0.4151194095611572,0.135406494140625
MinMaxScaler,265,1,41.91743127285731,85.66384913648827,57.91883028149768,0.017144490640118182,0.715480205109253,0.8871577500286402,0.59947360272488,0.28343939781188965,0.10097455978393555
MinMaxScaler,268,1,55.59883773010055,90.7040557574117,42.88056846132823,0.11577786315320286,0.5404068169323805,0.9322837632776935,0.3804768540021675,0.7338874340057373,0.1038675308227539
MinMaxScaler,271,1,42.65022130277828,86.33209664261501,85.57666028969663,0.057663035805554444,0.9215037370319414,0.886654740608229,0.959204211178201,0.32013368606567383,0.11914587020874023
MinMaxScaler,274,1,35.489638592565875,84.73465276568112,11.738179830554795,0.0,0.0,0.0,0.0,0.6699917316436768,0.1405329704284668
MinMaxScaler,277,1,34.50025332170451,84.36339321778344,88.30964744465702,0.0684171449230301,0.9378428452065245,0.883564925730714,0.9992258863601177,0.6624710559844971,0.14531326293945312
MinMaxScaler,280,1,41.6413525198165,87.29762193666402,39.7376332331238,0.020879833614210804,0.5140495867768595,0.8916284403669725,0.36112401300510916,0.5500328540802002,0.10283875465393066
MinMaxScaler,283,1,45.31870546931563,87.16790702041848,78.27275211806504,0.0819117511097085,0.8741989081414668,0.8939320388349514,0.8553181607059916,0.6213457584381104,0.12819600105285645
MinMaxScaler,286,1,40.59778154711342,86.70868782300222,11.738179830554795,0.0,0.0,0.0,0.0,0.6966085433959961,0.11851143836975098
MinMaxScaler,289,1,40.83418359668517,86.48549370709326,87.99535392183657,0.06780887963046549,0.9359343664539653,0.8846763631350383,0.9934974454249884,0.6427431106567383,0.1434032917022705
MinMaxScaler,292,1,47.302770443674355,88.74294213079142,43.509155506969115,0.059013371888781224,0.5564377682403433,0.906326459279972,0.4014553336429788,0.7822973728179932,0.11070489883422852
MinMaxScaler,295,1,40.51127051784147,86.18309845841416,79.62558075977043,0.0240986979071422,0.8844454777958615,0.8854748603351955,0.8834184858337204,0.676372766494751,0.1248469352722168
MinMaxScaler,298,1,35.95803592139619,85.73128352024699,11.738179830554795,0.0,0.0,0.0,0.0,0.3440730571746826,0.13077306747436523
MinMaxScaler,301,1,41.4887129004461,86.17311314496506,11.738179830554795,0.0,0.0,0.0,0.0,0.6100499629974365,0.13279390335083008
MinMaxScaler,304,1,62.550263315790964,91.86069404597004,68.16069964471167,0.2184915141491887,0.7922054757870329,0.9342658813630627,0.687645146307478,0.20102238655090332,0.11786413192749023
MinMaxScaler,307,1,38.69198405776492,86.95421783242425,38.61710849959005,0.04389965269992785,0.49539429341720964,0.9025787965616046,0.3413841151881096,0.399569034576416,0.1302480697631836
MinMaxScaler,310,1,42.65508992785333,86.92068080102992,11.738179830554795,0.0,0.0,0.0,0.0,0.41661953926086426,0.14488649368286133
MinMaxScaler,313,1,58.62832109620979,90.76818146278815,61.17791746378792,0.16056006274255552,0.7344611645948219,0.9266509433962264,0.6082984982195386,0.2603909969329834,0.12219953536987305
MinMaxScaler,316,1,42.889148909364906,86.29842468591886,78.66220278764689,0.05119082625716556,0.8775246088081886,0.8892774819171767,0.8660783403003561,0.3010373115539551,0.12896466255187988
MinMaxScaler,319,1,47.70638644654083,87.43795547618802,82.72068871276305,0.07299878755883975,0.9036094065632504,0.8900067572640589,0.9176343087165196,0.16191673278808594,0.12363433837890625
MinMaxScaler,322,1,42.886817106055005,87.49228798155697,28.224924842853238,0.04845668722788012,0.3365123476283711,0.913893653516295,0.20622387366465397,0.34370851516723633,0.1499924659729004
MinMaxScaler,325,1,37.78279930306342,86.07099878496113,88.33697731620661,0.09307251712899677,0.9379205004182274,0.8844913917278276,0.9982195386282706,0.61222243309021,0.14133071899414062
MinMaxScaler,328,1,40.088871670342584,86.44303960812408,11.738179830554795,0.0,0.0,0.0,0.0,0.5549948215484619,0.14763569831848145
MinMaxScaler,331,1,34.99995539158886,85.21594184340164,11.738179830554795,0.0,0.0,0.0,0.0,0.4163186550140381,0.14860177040100098
MinMaxScaler,334,1,38.89537588308884,85.68841565985527,11.738179830554795,0.0,0.0,0.0,0.0,0.6715986728668213,0.14214277267456055
MinMaxScaler,337,1,47.51866614181942,88.33722771857295,53.08827548510522,0.029718225069162958,0.6674094167796939,0.8916645094486151,0.5332868865149404,0.48888278007507324,0.15629196166992188
MinMaxScaler,340,1,49.33755382973573,88.99936935325803,42.88740092921563,0.06704859000480362,0.5475507442489851,0.9102033471297463,0.3915466790524849,0.2701761722564697,0.12401175498962402
MinMaxScaler,343,1,34.07512164578542,84.39554540804764,11.738179830554795,0.0,0.0,0.0,0.0,0.39926576614379883,0.1508030891418457
MinMaxScaler,346,1,37.58958405315088,86.00211468718845,11.738179830554795,0.0,0.0,0.0,0.0,0.4452950954437256,0.1330273151397705
MinMaxScaler,349,1,34.66266398547586,84.49783504121099,11.738179830554795,0.0,0.0,0.0,0.0,1.053065299987793,0.12626147270202637
MinMaxScaler,1,3,60.33779651751596,87.90135161086603,77.35720142115332,0.26503187670653816,0.862375415282392,0.9302096398494893,0.8037621922898281,0.6132063865661621,0.026528358459472656
MinMaxScaler,4,3,59.302054546263975,87.29187689520948,79.447936594698,0.2697956311523658,0.8773346382839898,0.927007928300586,0.8327140424214274,0.2892286777496338,0.01290273666381836
MinMaxScaler,7,3,16.707726681471254,76.32168050658275,12.107133096474447,0.003065162939630629,0.009394732789157555,0.8970588235294118,0.004722093203282242,1.1560790538787842,0.014058828353881836
MinMaxScaler,10,3,47.49414728633968,87.37555963523161,38.72642798578846,0.08641089663418802,0.4899909008189263,0.9232747535362195,0.3334881560613098,0.19595098495483398,0.019094228744506836
MinMaxScaler,13,3,43.14348669434731,86.63141063657449,16.54823722328505,0.04286739101605202,0.10963697331972591,0.94,0.05821334571915157,0.7561793327331543,0.025008678436279297
MinMaxScaler,16,3,27.02107418495927,79.48076797088923,12.113965564361848,0.0034067261076240287,0.009548009548009549,0.8985507246376812,0.004799504567270475,0.4687061309814453,0.016413211822509766
MinMaxScaler,19,3,30.36759718911137,80.65905723440295,85.43317846406123,0.03486453005285774,0.920820025254401,0.884994288977727,0.9596686793621304,0.5299623012542725,0.021492481231689453
MinMaxScaler,22,3,14.841324276834571,75.71337011854331,12.113965564361848,0.0034067261076240287,0.009548009548009549,0.8985507246376812,0.004799504567270475,0.9240527153015137,0.02550053596496582
MinMaxScaler,25,3,27.791691246351796,82.73718377191659,20.695545230937416,0.013884692573749096,0.20374562667215476,0.895117540687161,0.1149558755225267,0.6147942543029785,0.018515586853027344
MinMaxScaler,28,3,46.67628811518378,86.25065971431354,62.366766876195676,0.03355223145242336,0.7541510444563471,0.8905755850727388,0.6539712029725964,0.6418852806091309,0.03338265419006348
MinMaxScaler,31,3,50.954579445417416,89.13371227833984,37.551243509155505,0.07259176155373183,0.4759775255131292,0.917550839964633,0.32133457191515713,0.6073095798492432,0.01821160316467285
MinMaxScaler,34,3,39.85114038023669,83.90316375449396,66.43208526919923,0.007499707183051918,0.7894759394952222,0.8841539495153086,0.7131134850596067,0.9144463539123535,0.04183602333068848
MinMaxScaler,37,3,32.29478643925929,80.0819461492176,74.17327138562449,0.04699387955721565,0.8465161604677602,0.8901793339026474,0.8069360582133457,0.6217155456542969,0.04314470291137695
MinMaxScaler,40,3,30.74621671108583,79.86054730992119,69.62968024050286,0.020121845195022907,0.8138843528869908,0.8863657090743274,0.7523610466016412,0.9055960178375244,0.029680967330932617
MinMaxScaler,43,3,44.739154343480436,87.29944965517325,37.810877288876746,0.06407886397586714,0.4810126582278481,0.912987012987013,0.32652113330236876,0.8715999126434326,0.047830820083618164
MinMaxScaler,46,3,35.05704965195526,82.86384907993022,87.91336430718776,0.030383694420534034,0.9355719852860837,0.8834170163009836,0.9942715590648707,0.8131771087646484,0.02152729034423828
MinMaxScaler,49,3,32.581334651219,79.77047817465971,90.31839300355288,0.3969283878161933,0.9479942745990384,0.9013190034196384,0.9997677659080353,0.716982364654541,0.02483057975769043
MinMaxScaler,52,3,50.51008366375099,86.89480974791334,81.46351462148128,0.12162495368923958,0.8946939409230291,0.8972362787076683,0.8921659699643908,0.7613952159881592,0.0498960018157959
MinMaxScaler,55,3,53.1414189367842,88.00353346725068,77.68515987974857,0.1511771598626,0.8683276890824061,0.9060238936564025,0.8336429787892863,0.6752135753631592,0.03503918647766113
MinMaxScaler,58,3,38.29645839855623,84.45988687859884,11.738179830554795,0.0,0.0,0.0,0.0,0.3214907646179199,0.06477594375610352
MinMaxScaler,61,3,53.310401455874356,88.63893638338047,52.1863897239683,0.0715006868451146,0.6538042940536262,0.9057017543859649,0.5115342932342468,0.7356359958648682,0.030219078063964844
MinMaxScaler,64,3,48.02037108430521,86.18945754477917,56.531839300355294,0.08736756606976777,0.6963245823389022,0.9081175298804781,0.564638488930175,0.7193820476531982,0.02942943572998047
MinMaxScaler,67,3,32.172723858074235,82.88627664079007,88.14566821535938,0.06977079832666003,0.9368286910613508,0.8843747851790748,0.9958971977086236,0.31320977210998535,0.039371490478515625
MinMaxScaler,70,3,53.07276028377077,89.07229835336632,85.37168625307461,0.21438412876495075,0.9184349879995428,0.9042082364413773,0.9331165815141663,0.5944039821624756,0.03791308403015137
MinMaxScaler,73,3,30.077993976873195,81.3960805915634,88.2481552336704,0.02663517009344906,0.9375499237528139,0.8828637855579868,0.9994581204520824,0.26749658584594727,0.03730177879333496
MinMaxScaler,76,3,45.2948760165536,87.37757901791684,43.70729707570374,0.08002581625245875,0.5559208753301352,0.915173025732032,0.39921040408732,0.6848757266998291,0.056884050369262695
MinMaxScaler,79,3,49.07767153466091,89.73129297536555,35.194042088002185,0.15193243661626646,0.4283734104742964,0.9670748299319728,0.27511998761418177,0.2101578712463379,0.03775382041931152
MinMaxScaler,82,3,52.822513856093444,88.3957000327504,67.71658923203061,0.1341939889701577,0.7932437754342975,0.9123301459486663,0.7016566031893482,0.35508108139038086,0.057608842849731445
MinMaxScaler,85,3,48.597189381720206,87.53937944452376,83.56108226291337,0.13740058131847116,0.9080204908632158,0.8969788519637463,0.9193373587242607,0.45361900329589844,0.06349468231201172
MinMaxScaler,88,3,42.81988871868602,86.48243240759994,87.4555889587319,0.17618979289313763,0.9319445474089999,0.8940967283072546,0.973138256696083,0.5986723899841309,0.07341361045837402
MinMaxScaler,91,3,53.05093595656024,89.59964797274928,33.04864717135829,0.12240756874829038,0.4008560073372057,0.9537387256328194,0.2537544511534293,0.33322906494140625,0.06063580513000488
MinMaxScaler,94,3,35.007946605444104,84.15820796287038,13.336977316206614,0.014054749313206626,0.03909090909090909,0.9148936170212766,0.019972131908964234,0.7665627002716064,0.07768869400024414
MinMaxScaler,97,3,64.2632263037867,90.98341968175384,89.76496310467341,0.4315763031782794,0.9433048217394595,0.9228376777251185,0.9647004180213655,0.6621789932250977,0.07905411720275879
MinMaxScaler,100,3,39.934488267627394,84.91929813813715,84.43563815250069,0.02980518334812494,0.9148029022365173,0.8849493487698987,0.9467409815760953,0.5840449333190918,0.053365230560302734
MinMaxScaler,103,3,29.23250462620765,79.89855226490691,87.04564088548784,0.10010467546845264,0.9300627074880118,0.8883173618940248,0.9759250657996594,0.2974252700805664,0.0719149112701416
MinMaxScaler,106,3,33.421151073638846,81.2566610553536,88.55561628860345,0.14843798006068418,0.9390576678188103,0.8859065009954006,0.998993652268153,0.7222762107849121,0.08377194404602051
MinMaxScaler,109,3,31.25559294851865,83.03501864442012,17.94206067231484,0.02794521547410454,0.14299985728557157,0.9142335766423357,0.07756618671620993,0.526907205581665,0.06111645698547363
MinMaxScaler,112,3,35.265639033062676,82.9790997777848,86.50587592238317,0.0111386056100431,0.9273816965106445,0.8831850969955879,0.9762347112556123,0.4913594722747803,0.06962919235229492
MinMaxScaler,115,3,34.14610759620863,82.30109450365227,88.12517081169719,0.11507733825996778,0.9364998173182316,0.8867976750622751,0.9921040408732001,0.7243809700012207,0.08263754844665527
MinMaxScaler,118,3,40.62732673417226,84.46887003625444,88.36430718775622,0.09394182863919055,0.9380974882774163,0.8842595765092853,0.9989162409041648,0.28195858001708984,0.05176115036010742
MinMaxScaler,121,3,35.55981798686837,83.01003148068698,88.23449029789559,0.00963537969317267,0.9374863864081899,0.8826907301066448,0.9995355318160706,0.5813965797424316,0.10039138793945312
MinMaxScaler,124,3,40.97708596590548,84.78010302439574,44.376878928669036,0.03125491500273472,0.5708713299246218,0.8945977201387741,0.41918253599628424,0.4739260673522949,0.06545662879943848
MinMaxScaler,127,3,31.607528530007762,82.57982467070475,11.738179830554795,0.0,0.0,0.0,0.0,0.579791784286499,0.08411455154418945
MinMaxScaler,130,3,31.86282156581471,81.30026547208581,11.738179830554795,0.0,0.0,0.0,0.0,0.8203966617584229,0.07377457618713379
MinMaxScaler,133,3,31.657498962291204,81.94854022105959,88.17299808690899,0.08242345556663022,0.9369467817724839,0.8848297213622291,0.9955875522526707,0.543403148651123,0.06329202651977539
MinMaxScaler,136,3,33.35865649198374,81.87475658085151,11.738179830554795,0.0,0.0,0.0,0.0,0.1961963176727295,0.057729482650756836
MinMaxScaler,139,3,29.024719548270898,81.22444913250517,88.25498770155781,0.009606460856531879,0.9376066204493485,0.8826624752272262,0.9998451772720235,0.1585390567779541,0.060755014419555664
MinMaxScaler,142,3,30.051402407340223,80.21704972662963,88.20032795845859,0.02884304542618805,0.9372615977040724,0.8830173180915873,0.9986065954482118,0.44509291648864746,0.07228279113769531
MinMaxScaler,145,3,28.110357514336425,80.07032871027728,11.738179830554795,0.0,0.0,0.0,0.0,0.39400577545166016,0.09426331520080566
MinMaxScaler,148,3,32.43690478185947,82.48249770533582,86.15058759223831,0.09151391004376884,0.92470562014784,0.8888809540812683,0.9635392475615421,0.22141504287719727,0.07733798027038574
MinMaxScaler,151,3,36.91094142492062,83.34934254059019,88.207160426346,0.14881820550092276,0.9367950783653142,0.8888811674774149,0.9901687567734944,0.4503743648529053,0.08969330787658691
MinMaxScaler,154,3,34.87625716866178,82.66103252734571,85.78163432631867,0.005722529950370996,0.92311671038534,0.8829599264965722,0.9671001703050007,0.6348187923431396,0.07800865173339844
MinMaxScaler,157,3,39.32682483097017,83.39889062601574,86.85433178464062,0.09541108974509806,0.9289407593440685,0.8882610538211612,0.9735253135160241,0.8129885196685791,0.0969076156616211
MinMaxScaler,160,3,42.15874024765508,82.93803944813568,90.76933588412135,0.4384163180598466,0.9500351344354451,0.9095673110969478,0.9942715590648707,0.8117349147796631,0.09970998764038086
MinMaxScaler,163,3,37.451575091456256,84.17626695305475,11.738179830554795,0.0,0.0,0.0,0.0,0.5721492767333984,0.10100030899047852
MinMaxScaler,166,3,32.3837486781942,81.8709748777073,87.5717409128177,0.15116174281951258,0.9328757518727628,0.891333474367111,0.9784796408112711,0.2880516052246094,0.07591509819030762
MinMaxScaler,169,3,41.287355489024435,84.63504283338676,85.84312653730527,0.10706646600794395,0.9226865671641791,0.8906497622820919,0.9571141043505187,0.4938638210296631,0.08770108222961426
MinMaxScaler,172,3,46.35706536853487,86.92073816734505,78.54605083356108,0.11081087014708539,0.8753671509089466,0.898256761159987,0.8536151106982505,0.2564713954925537,0.10792064666748047
MinMaxScaler,175,3,36.45588606633298,81.92462726571745,83.59524460235038,0.08442798090843258,0.9089806285302703,0.8906470544536067,0.9280848428549311,0.4564218521118164,0.08301687240600586
MinMaxScaler,178,3,39.06809379337493,84.53496171979334,86.34189669308554,0.06966003937591732,0.926036926036926,0.8869515911829329,0.9687258089487537,0.8320169448852539,0.07830214500427246
MinMaxScaler,181,3,43.45212508162438,88.05479885059103,41.466247608636245,0.05954433034843701,0.5306010629554545,0.9079317457341084,0.37482582443102647,0.6107137203216553,0.11075520515441895
MinMaxScaler,184,3,38.412027977674526,86.18990075246032,35.38535118884941,0.02729486743351925,0.45294151674668826,0.8960860608834974,0.30306549001393407,0.22819137573242188,0.07583808898925781
MinMaxScaler,187,3,39.90434830175328,84.3895547633593,78.32057939327686,0.05463436798337687,0.8751524690143616,0.8898935744578699,0.8608917789131445,0.7195470333099365,0.09458613395690918
MinMaxScaler,190,3,35.93813110763496,83.73248639312155,88.26865263733261,0.024434573184753835,0.9376792130957134,0.8827308139137566,0.9999225886360118,0.2893822193145752,0.11220598220825195
MinMaxScaler,193,3,37.32877128970215,84.81773837303098,88.89723968297349,0.21960051115242576,0.940686936525897,0.8899785896816078,0.9975228363523765,0.3640482425689697,0.11034202575683594
MinMaxScaler,196,3,35.090751531870865,83.55592166766431,89.08854878382073,0.24933474846160095,0.9416535749515911,0.8916487926382066,0.9976002477163648,0.6580822467803955,0.09805870056152344
MinMaxScaler,199,3,35.685834495404976,83.793882660547,88.11833834380978,0.16401102282903574,0.9361342686106724,0.8905736845782964,0.9866078340300356,0.6112706661224365,0.09475970268249512
MinMaxScaler,202,3,29.11593699021372,82.30072980150432,88.41213446296803,0.10742096527148896,0.9383541727246293,0.8844730711251199,0.9992258863601177,0.5726721286773682,0.11324095726013184
MinMaxScaler,205,3,36.54745722143489,85.29304570869857,22.27384531292703,0.004511586284506161,0.23722676679629878,0.8862725450901804,0.136940702895185,0.5331790447235107,0.08974695205688477
MinMaxScaler,208,3,34.13149721508337,84.89760835291263,88.241322765783,0.004745007636064459,0.9375294929035537,0.8826464356503315,0.9996903545440471,0.2903757095336914,0.09176516532897949
MinMaxScaler,211,3,38.64843903904651,85.05079972817245,85.58349275758404,0.018583129897721436,0.921846062671309,0.8838068181818182,0.9633070134695774,0.6577377319335938,0.09040498733520508
MinMaxScaler,214,3,34.631685922180225,84.45860669237574,11.738179830554795,0.0,0.0,0.0,0.0,0.7512917518615723,0.10423398017883301
MinMaxScaler,217,3,44.39939595705408,87.42427135831899,20.647717955725607,0.030844852346915662,0.19925537782680638,0.9110970996216898,0.11185942096299736,0.7048089504241943,0.1251823902130127
MinMaxScaler,220,3,42.232814992607615,85.74248773958534,79.72123531019403,0.0743108494241009,0.8841077704021867,0.8919791994957453,0.8763740517107912,0.6331284046173096,0.09510374069213867
MinMaxScaler,223,3,35.76537489719789,84.694541264554,88.15933315113419,0.0030001535652187917,0.9370573493625831,0.8826548067054396,0.9986065954482118,0.3041341304779053,0.1009664535522461
MinMaxScaler,226,3,33.75317508251655,82.90191679270893,88.2618201694452,0.027799137703125684,0.937631598054164,0.8828274541974296,0.9996903545440471,0.7250242233276367,0.10159730911254883
MinMaxScaler,229,3,29.892350892105142,82.12653227355405,85.56982782180924,0.015001601202982905,0.9217893645385868,0.8835723413318188,0.9634618361975538,0.7250933647155762,0.1087656021118164
MinMaxScaler,232,3,25.231956979107583,79.52717096302678,88.27548510522001,0.032056753139896484,0.9377177700348432,0.8827388273882739,1.0,0.5824191570281982,0.12305045127868652
MinMaxScaler,235,3,32.44450172945458,83.19395599100432,88.34380978409402,0.07786636227119625,0.9380492410487327,0.8834473324213407,0.9998451772720235,0.4218473434448242,0.12121343612670898
MinMaxScaler,238,3,29.939478101415556,83.0404164280631,19.41104126810604,0.0039438117117907255,0.1792498782269849,0.8864418444597385,0.09970583681684471,0.73052978515625,0.10803842544555664
MinMaxScaler,241,3,43.09660280364315,86.73038996078269,19.950806231210713,0.021690320193233154,0.18684064408661855,0.9033557046979865,0.10419569592816226,0.7643208503723145,0.11810731887817383
MinMaxScaler,244,3,25.80019153680212,80.97836391398083,11.738179830554795,0.0,0.0,0.0,0.0,0.5268330574035645,0.12105703353881836
MinMaxScaler,247,3,28.395315143555273,81.30581544931931,83.8343809784094,0.03464825244166555,0.9110593188482069,0.8855597778427361,0.9380709088094132,0.8024532794952393,0.12770462036132812
MinMaxScaler,250,3,66.39126830454333,91.0318904431147,73.56518174364581,0.26439531725221344,0.8336700915695799,0.9374456153920526,0.7505805852299118,0.6808128356933594,0.10505819320678711
MinMaxScaler,253,3,44.36143600152912,87.09855909675436,82.62503416233943,0.051315064102898066,0.9033043081485989,0.8876765563111875,0.9194921814522372,0.27234697341918945,0.10981988906860352
MinMaxScaler,256,3,27.216889339238588,81.8731111149081,87.84503962831374,0.01730302259825473,0.9352077794369378,0.8830731136942018,0.9938845022449295,0.6360723972320557,0.15172028541564941
MinMaxScaler,259,3,44.355512995827,86.52533997034871,67.57993987428259,0.04827827618045908,0.7966050838012774,0.8925175295360677,0.7193063941786654,0.6099114418029785,0.11912226676940918
MinMaxScaler,262,3,41.82917420729051,85.31239263455264,60.57666028969664,0.008586394156265019,0.7401837175792507,0.8847147470398278,0.6362440006192909,0.5477676391601562,0.13465619087219238
MinMaxScaler,265,3,38.9428590585084,84.93257689048916,11.738179830554795,0.0,0.0,0.0,0.0,0.6174087524414062,0.1288893222808838
MinMaxScaler,268,3,42.62292681282725,86.17688042060661,70.5793932768516,0.034075728414980834,0.8205235078359453,0.8888387213292397,0.7619600557361821,0.2845020294189453,0.10005402565002441
MinMaxScaler,271,3,36.177416933280774,84.99842468755087,11.738179830554795,0.0,0.0,0.0,0.0,0.702826976776123,0.11870145797729492
MinMaxScaler,274,3,48.70409636786601,88.56338816803974,37.60590325225471,0.039879793844399505,0.48219550918575643,0.9012293344637559,0.32915311967796873,0.5494887828826904,0.11342096328735352
MinMaxScaler,277,3,51.68659896641861,88.29977428714109,78.6895326591965,0.2095718639680617,0.8737298085097769,0.9158109140286854,0.8353460287970274,0.4740786552429199,0.10874128341674805
MinMaxScaler,280,3,27.967437121515655,83.03535523279437,11.738179830554795,0.0,0.0,0.0,0.0,0.597240686416626,0.13327693939208984
MinMaxScaler,283,3,28.703327210716257,82.6426802186798,11.738179830554795,0.0,0.0,0.0,0.0,0.3943948745727539,0.13711857795715332
MinMaxScaler,286,3,56.872461939112306,90.0205270504931,71.966384257994,0.1989778826138569,0.824109401123162,0.9234316456912287,0.7440780306549002,0.6623320579528809,0.13152170181274414
MinMaxScaler,289,3,39.13533308785189,86.39081750511524,11.738179830554795,0.0,0.0,0.0,0.0,0.5745024681091309,0.13332295417785645
MinMaxScaler,292,3,24.01160602716409,81.26648912762525,11.738179830554795,0.0,0.0,0.0,0.0,0.8216474056243896,0.15002179145812988
MinMaxScaler,295,3,36.816941589656324,84.87403224500127,11.738179830554795,0.0,0.0,0.0,0.0,0.7026300430297852,0.16796350479125977
MinMaxScaler,298,3,47.79264739835636,88.81678155387362,50.7857338070511,0.09883804179719526,0.6358258759290156,0.9164844774814167,0.48676265675801206,0.32615137100219727,0.12028074264526367
MinMaxScaler,301,3,22.768484508985757,80.20781924289705,11.738179830554795,0.0,0.0,0.0,0.0,0.35412001609802246,0.12511014938354492
MinMaxScaler,304,3,41.68013705506264,86.35885560136629,11.738179830554795,0.0,0.0,0.0,0.0,0.5772771835327148,0.11572551727294922
MinMaxScaler,307,3,36.97731558657538,85.52845392346597,11.738179830554795,0.0,0.0,0.0,0.0,0.5937159061431885,0.13741040229797363
MinMaxScaler,310,3,33.86653226467802,85.22544056403507,11.738179830554795,0.0,0.0,0.0,0.0,0.7068870067596436,0.14836812019348145
MinMaxScaler,313,3,31.19887042491179,82.91539704892119,11.738179830554795,0.0,0.0,0.0,0.0,0.8683223724365234,0.14203429222106934
MinMaxScaler,316,3,44.382070771109106,87.83329855398621,40.67368133369773,0.08046196923180957,0.5171013847950614,0.918230298242149,0.3598854311812974,0.4516153335571289,0.1367049217224121
MinMaxScaler,319,3,45.867161378452174,88.31758042896266,38.49412407761684,0.033587152069889444,0.4954035874439462,0.8978057700121902,0.3420808174640037,0.3603994846343994,0.15124011039733887
MinMaxScaler,322,3,38.20796477323337,86.21899303285132,11.738179830554795,0.0,0.0,0.0,0.0,0.9069018363952637,0.13344955444335938
MinMaxScaler,325,3,45.4443817823935,87.37477020938455,70.64088548783822,0.03052500521112385,0.8211297506556217,0.8881584871679423,0.7635082830159468,0.7552323341369629,0.1621232032775879
MinMaxScaler,328,3,40.452026943119854,85.62439769995285,83.8207160426346,0.0799446087990254,0.9104522765088489,0.889989649563803,0.9318779996903546,0.3949570655822754,0.12672972679138184
MinMaxScaler,331,3,40.233689047112065,84.93621514275108,87.83820716042635,0.18519534445356378,0.9342251127041609,0.8937358597285068,0.9785570521752593,0.3945794105529785,0.14684557914733887
MinMaxScaler,334,3,33.219525561160296,85.05854638847963,11.738179830554795,0.0,0.0,0.0,0.0,0.9457063674926758,0.15961194038391113
MinMaxScaler,337,3,32.362291581843095,84.48495646418009,11.738179830554795,0.0,0.0,0.0,0.0,0.8381655216217041,0.1609647274017334
MinMaxScaler,340,3,35.53851859702131,85.46581385995187,11.738179830554795,0.0,0.0,0.0,0.0,0.8406338691711426,0.15332841873168945
MinMaxScaler,343,3,39.274335600522036,85.74489675025588,11.738179830554795,0.0,0.0,0.0,0.0,0.7747201919555664,0.1293952465057373
MinMaxScaler,346,3,41.22976783259536,85.7154597288544,87.61273572014213,0.05134978473953937,0.9337281134627334,0.8845487914675532,0.9886979408577179,0.5237302780151367,0.13477540016174316
MinMaxScaler,349,3,35.38017901400451,85.14122468720522,11.738179830554795,0.0,0.0,0.0,0.0,0.6391701698303223,0.16330957412719727
MinMaxScaler,1,5,61.42358777430342,88.7788212822376,82.14676141022137,0.31109631688569406,0.895106579422745,0.9296256149420495,0.863059297104815,0.8506608009338379,0.01113748550415039
MinMaxScaler,4,5,53.584225005907236,86.91702435732715,85.87045640885488,0.19388794095871195,0.9218797219703838,0.9002508484580197,0.9445734633844248,0.9605286121368408,0.022997379302978516
MinMaxScaler,7,5,59.18675757410268,90.02855687136213,81.31320032795846,0.2286033355147036,0.8914208583111676,0.9149213593024204,0.8690973834958972,0.7030725479125977,0.024781465530395508
MinMaxScaler,10,5,40.52155072895551,83.51900201257112,12.13446296802405,0.014516923245081376,0.009397627484208904,0.953125,0.004722093203282242,0.5407261848449707,0.03286862373352051
MinMaxScaler,13,5,38.48669299554222,85.22472877327864,15.933315113418967,0.03491809875819026,0.09715292045788083,0.9323943661971831,0.05124632296021056,0.8073437213897705,0.013861656188964844
MinMaxScaler,16,5,37.16787911426981,85.83967870053534,26.27767149494397,0.05343215516645532,0.3016181229773463,0.9202211690363349,0.180368478092584,0.5976440906524658,0.03384041786193848
MinMaxScaler,19,5,58.36598083262186,90.83643970772968,69.97130363487291,0.1668781510941174,0.8098308164943101,0.9180810360051015,0.7244155442018888,0.6316649913787842,0.015161991119384766
MinMaxScaler,22,5,41.77358942346287,87.66701511418786,32.092101667122165,0.08815601992882466,0.39214726928016636,0.9338770754442178,0.24818083294627652,0.5231726169586182,0.01692676544189453
MinMaxScaler,25,5,28.2166990100177,80.63714414063558,87.5034162339437,0.013889685147912069,0.9332262421963419,0.8830926552891591,0.989394643133612,0.8953795433044434,0.01802682876586914
MinMaxScaler,28,5,44.99807913478067,87.96626103665037,24.2757584039355,0.08469630215033348,0.25891006352390505,0.9504172803141875,0.14986840068122,0.9056236743927002,0.017498016357421875
MinMaxScaler,31,5,21.17485127375488,79.53963305444836,12.154960371686254,0.003046955312039943,0.010619469026548672,0.8961038961038961,0.005341384115188109,0.8481988906860352,0.038230180740356445
MinMaxScaler,34,5,30.385026010759002,79.72795572586575,86.29406941787373,0.04644649827446501,0.9259122470084208,0.8853651645712671,0.9703514475925066,0.6147701740264893,0.03906059265136719
MinMaxScaler,37,5,54.714381355234174,90.3782805990922,26.4348182563542,0.1098913817998447,0.2932720708893994,0.9641778161415624,0.1729369871497136,0.9397518634796143,0.07037782669067383
MinMaxScaler,40,5,45.74174640758101,87.07754216941505,32.98715496037168,0.09503266328115682,0.40485436893203886,0.9365524985962942,0.25824431026474687,0.4552950859069824,0.039484262466430664
MinMaxScaler,43,5,43.483673141284655,86.0593583268726,86.62886034435638,0.061950245802156176,0.9278152779314669,0.8861410554498697,0.9736027248800124,0.9351773262023926,0.03586101531982422
MinMaxScaler,46,5,34.20309596792232,81.13185576460616,90.32522547144029,0.39773671484925216,0.948032883147387,0.9013258897418004,0.9998451772720235,0.7593939304351807,0.04182744026184082
MinMaxScaler,49,5,49.252405835248794,86.76387301209112,60.72014211533205,0.06823088058529626,0.7372125977053526,0.9001004576403616,0.6242452392011147,0.7525126934051514,0.0505521297454834
MinMaxScaler,52,5,43.748716944942046,85.465788788492,62.71522273845312,0.025801815747897146,0.7576497757250078,0.8886342327325764,0.6603189348196316,0.7850995063781738,0.0532374382019043
MinMaxScaler,55,5,37.96873301838894,83.11226891020078,88.26865263733261,0.051741214634734856,0.9376294089868865,0.8833070973923756,0.9990710636321412,0.7703149318695068,0.04661130905151367
MinMaxScaler,58,5,33.86531792459683,84.22590196438391,20.23776988248155,0.0581843531273145,0.1854591124755791,0.9398868458274399,0.10287970274036229,0.7099134922027588,0.026828765869140625
MinMaxScaler,61,5,51.746631073660474,86.19793069960797,85.51516807871003,0.216545171010068,0.91931800882935,0.9041772720467136,0.9349744542498839,0.29230713844299316,0.028669118881225586
MinMaxScaler,64,5,42.48541800604548,86.21945883180177,19.06258540584859,0.03355383025234467,0.16589212786931418,0.9174454828660437,0.09119058677813903,0.5947864055633545,0.02988600730895996
MinMaxScaler,67,5,52.2000350198557,86.35027104856616,84.27849139109045,0.23296537724926597,0.9110862088952433,0.9095748784815987,0.9126025700572844,0.609074592590332,0.0363156795501709
MinMaxScaler,70,5,53.604123060818296,89.48627379307611,66.2134462968024,0.12169661651981117,0.7814750983251579,0.9105138502728864,0.6844712803839603,0.44327831268310547,0.06994915008544922
MinMaxScaler,73,5,39.12009188071044,84.63532652119099,18.44083082809511,0.027019519886962193,0.1539442908781629,0.9118387909319899,0.08406874129122155,0.6711082458496094,0.04661822319030762
MinMaxScaler,76,5,51.026326892960185,88.48499859462675,55.370319759497136,0.05305858812154321,0.6880313305950903,0.8981296758104739,0.5575940548072457,0.5602624416351318,0.03815340995788574
MinMaxScaler,79,5,45.4195182255549,88.34684587181249,36.0071057666029,0.09159403078693464,0.45073891625615764,0.9296081277213353,0.2974918718067812,0.42601847648620605,0.040990591049194336
MinMaxScaler,82,5,70.96775109263571,92.06696057169258,92.12899699371413,0.5708354973625713,0.9563603303280551,0.9364243323442136,0.9771636476234711,0.3965179920196533,0.04462885856628418
MinMaxScaler,85,5,50.59235689396409,87.50066866112584,71.54960371686253,0.11917190541275241,0.8243927125506073,0.90550305725403,0.7566186716209939,0.6714928150177002,0.07684159278869629
MinMaxScaler,88,5,55.14479394608889,88.8868112772292,88.85624487564908,0.36916379164384394,0.9384179724372286,0.915972580526277,0.9619910202817774,0.27965879440307617,0.03789925575256348
MinMaxScaler,91,5,30.331601806036858,80.73307546476714,88.30281497676961,0.1272852191933945,0.9375273682674062,0.8867872428551705,0.9944263817928471,0.8864622116088867,0.07536792755126953
MinMaxScaler,94,5,33.388230967393326,82.45043684623337,88.36430718775622,0.12226674831788485,0.9379441023211748,0.8860585197934595,0.9962842545285648,0.556318998336792,0.051512718200683594
MinMaxScaler,97,5,29.420520067386636,80.95845334926742,11.738179830554795,0.0,0.0,0.0,0.0,0.6886849403381348,0.0566401481628418
MinMaxScaler,100,5,38.08239885470833,83.31523657378244,88.10467340803498,0.021922738554805598,0.936711621651096,0.8830100747035844,0.9973680136244001,0.47746729850769043,0.0452113151550293
MinMaxScaler,103,5,33.71574457025518,81.66059711403398,87.35993440830828,0.04206384411330661,0.9322741250549129,0.8843589387414919,0.9856788976621768,0.6709556579589844,0.08362150192260742
MinMaxScaler,106,5,35.19602512922471,83.12750658743174,88.63077343536486,0.1662047445949687,0.9394821064882165,0.8859925915763479,0.9998451772720235,0.7865538597106934,0.0790560245513916
MinMaxScaler,109,5,36.51144832066004,82.37334866210358,11.738179830554795,0.0,0.0,0.0,0.0,0.7137095928192139,0.06401896476745605
MinMaxScaler,112,5,31.39886480154844,81.06152253071419,88.30281497676961,0.0550447747180552,0.937849415523125,0.8830325403336068,0.9999225886360118,0.49083638191223145,0.07478952407836914
MinMaxScaler,115,5,35.796607543850065,81.92117752804997,88.54195135282865,0.14938400701308735,0.9389360230127808,0.8864214506703334,0.9980647159002941,0.7872865200042725,0.061133623123168945
MinMaxScaler,118,5,34.16269832043475,82.27370098082393,88.73326045367587,0.2027983157282881,0.9397185158106379,0.8902819145251784,0.9949682613407648,0.7448408603668213,0.06023573875427246
MinMaxScaler,121,5,42.84514428883469,83.04004016650906,68.87127630500136,0.053096140929252196,0.8065721321219326,0.8930989093644227,0.7353305465242298,0.42427587509155273,0.05719923973083496
MinMaxScaler,124,5,37.57378862029519,81.98428130709091,88.63760590325226,0.16714147743746413,0.9394766532008589,0.8865306683151315,0.9991484749961295,0.4320051670074463,0.08457636833190918
MinMaxScaler,127,5,29.814723244911356,81.0678725105324,88.25498770155781,0.01623159906203856,0.9376020908199935,0.8827147836784909,0.9997677659080353,0.7185349464416504,0.05684375762939453
MinMaxScaler,130,5,32.48049035367892,81.7932998432188,88.2139928942334,0.054339005296291744,0.9372886901515978,0.8836109397491261,0.9979098931723177,0.6029729843139648,0.058068037033081055
MinMaxScaler,133,5,39.16072608795409,83.80354555255998,87.02514348182564,0.02189434367701,0.9303911146952091,0.8835897792940194,0.982427620374671,0.3859279155731201,0.07154417037963867
MinMaxScaler,136,5,33.33931942163708,83.28306187964706,86.7381798305548,0.018512734777445188,0.92871570751772,0.883516176367829,0.9787892862672241,0.445127010345459,0.09000396728515625
MinMaxScaler,139,5,44.99745732056469,85.85877793093755,82.29024323585679,0.08664007744653515,0.9006592058868619,0.8919083042356156,0.9095835268617433,0.5341517925262451,0.07701301574707031
MinMaxScaler,142,5,29.96095772726724,81.22479707358268,83.64990434544957,0.02524709064042777,0.9100206805790562,0.884770051911969,0.9367549156216133,0.6277675628662109,0.07871747016906738
MinMaxScaler,145,5,33.57182386760872,80.67239966645062,88.1798305547964,0.22498635676613446,0.9359686135169146,0.8967375886524823,0.9787892862672241,0.5154476165771484,0.09728360176086426
MinMaxScaler,148,5,28.44239504091448,81.23241738913319,87.81770975676415,0.06504553165881041,0.9348866084797137,0.8848945731075009,0.9908654590493885,0.5413849353790283,0.06132626533508301
MinMaxScaler,151,5,36.84069894801651,83.04595841676392,88.83574747198688,0.21045434479855887,0.9403562563877939,0.8896947092139799,0.9971357795324354,0.7842252254486084,0.07393407821655273
MinMaxScaler,154,5,32.951888611986305,82.46315685539521,84.18966930855424,0.07349590974583249,0.9128305582761999,0.8890519518638098,0.9379160860814367,0.7212560176849365,0.07692432403564453
MinMaxScaler,157,5,39.932197017418545,82.80652860441825,70.72287510248701,0.0759117390244308,0.8198898743222227,0.8969925503540881,0.7549930329772411,0.8591101169586182,0.10849738121032715
MinMaxScaler,160,5,30.48349119303799,81.39960663096834,87.05247335337523,0.095939022192549,0.9301330973712347,0.8879971840901091,0.976466945347577,0.450300931930542,0.06423354148864746
MinMaxScaler,163,5,34.44735856024595,82.03287933104136,88.74692538945067,0.2101854656612307,0.9397299374245252,0.8911097230897356,0.9939619136089178,0.5712885856628418,0.06973576545715332
MinMaxScaler,166,5,36.59962653297481,82.13836338618134,88.25498770155781,0.17208954429953502,0.9369197460643646,0.8906718760901416,0.9882334726737885,0.14063143730163574,0.06895160675048828
MinMaxScaler,169,5,38.80088039881181,81.92964057038895,82.51571467614103,0.1456466731184792,0.9011396561715279,0.8994370324670317,0.902848738194767,0.665576696395874,0.10128545761108398
MinMaxScaler,172,5,37.33281984095614,82.53464295363764,88.26865263733261,0.19811440106368425,0.9367843599278377,0.893210699992979,0.9848273726583062,0.8150143623352051,0.10344076156616211
MinMaxScaler,175,5,37.41767495193557,84.50210968110505,87.01831101393823,0.12250084717519638,0.929728530216732,0.8901558073654391,0.9729834339681065,0.8091621398925781,0.0944681167602539
MinMaxScaler,178,5,40.23110716634576,83.5913632540184,82.43372506149221,0.09961018020257072,0.9013771145805363,0.8933921374800395,0.9095061154977551,0.5091092586517334,0.08431625366210938
MinMaxScaler,181,5,39.22649195309322,82.76736435093217,84.85925116151954,0.0895121910612269,0.9168043249737198,0.8900714389852749,0.9451927542963307,0.547461986541748,0.09288334846496582
MinMaxScaler,184,5,37.134864384121855,83.33799044061485,88.89040721508609,0.2270964738271668,0.940513646008634,0.8916481687014428,0.9950456727047531,0.5710756778717041,0.09017205238342285
MinMaxScaler,187,5,43.049408005831,84.05015608048932,88.02268379338616,0.20931179802231373,0.935143734507381,0.8956133512862307,0.9783248180832946,0.31969594955444336,0.08582234382629395
MinMaxScaler,190,5,37.25130810786259,84.86140538925774,16.370593058212627,0.008979523543152694,0.11162723181884163,0.8941860465116279,0.05952933890695154,0.6873269081115723,0.10840129852294922
MinMaxScaler,193,5,32.466869017629065,82.47508464894528,89.15687346269473,0.26013718102674593,0.9421204274408257,0.890697193297014,0.9998451772720235,0.6655211448669434,0.08086061477661133
MinMaxScaler,196,5,45.721059820149705,84.47436758690233,84.01885761136923,0.24840758922710282,0.9091050402207282,0.9127584861490441,0.9054807245703669,0.5236027240753174,0.08423900604248047
MinMaxScaler,199,5,36.63531326189138,83.3699956458009,88.57611369226565,0.20923927002727002,0.9386241832464577,0.8925579447081821,0.9897042885895649,0.7297475337982178,0.1014711856842041
MinMaxScaler,202,5,57.67254758726171,89.84873866255931,82.49521727247881,0.17975650828442793,0.9003810560696788,0.90453125,0.8962687722557672,0.5902748107910156,0.10437631607055664
MinMaxScaler,205,5,33.962832361951385,84.59021386935703,85.87045640885488,0.03877143506193774,0.9234244242020292,0.8850795002839296,0.9652422975692831,0.5522851943969727,0.1293020248413086
MinMaxScaler,208,5,37.022789130543316,84.89074890616071,87.55124350915551,0.07909842313604418,0.9332307241278217,0.8860821155184412,0.9856788976621768,0.5641233921051025,0.09734654426574707
MinMaxScaler,211,5,25.518563767768793,80.99239383102159,88.07051106859798,0.02975674448806371,0.9364952353240708,0.8832327113062569,0.9965938999845178,0.39016032218933105,0.10395359992980957
MinMaxScaler,214,5,39.55347611269148,86.39831977009003,15.892320306094563,0.03678695912940709,0.0959165687426557,0.9355300859598854,0.05054962068431646,0.6247432231903076,0.09735250473022461
MinMaxScaler,217,5,31.287093696227718,83.48152301057885,16.835200874555888,0.021121765397863625,0.11988430947216197,0.9089912280701754,0.06417402074624555,0.5998857021331787,0.11551809310913086
MinMaxScaler,220,5,41.52683056247512,86.55466178532001,85.83629406941787,0.035579465416336456,0.9232421224127079,0.8848747249627369,0.9650874748413067,0.24492311477661133,0.09578919410705566
MinMaxScaler,223,5,38.36442089000178,85.29274003487957,86.98414867450123,0.03651432632964962,0.9300789135621215,0.8843442451315697,0.9808019817309181,0.7570321559906006,0.11276865005493164
MinMaxScaler,226,5,36.64598999221561,84.58779914121187,85.93878108772888,0.03725491319147514,0.9238454706927176,0.8849425776265419,0.9663260566651184,0.5807037353515625,0.10200071334838867
MinMaxScaler,229,5,28.75296420639113,81.97916948214234,11.738179830554795,0.0,0.0,0.0,0.0,0.359238862991333,0.1078345775604248
MinMaxScaler,232,5,25.14299248722262,80.19150721437735,88.26865263733261,0.02266677308544894,0.9376837367981709,0.8826785104202255,1.0,0.6619246006011963,0.10524487495422363
MinMaxScaler,235,5,33.14320011909995,83.39182623197709,11.738179830554795,0.0,0.0,0.0,0.0,0.592543363571167,0.11492657661437988
MinMaxScaler,238,5,27.82170279407261,81.60617551170434,87.30527466520908,0.06046691841754524,0.9318615226639284,0.8853658536585366,0.9835113794705063,0.2547893524169922,0.09192466735839844
MinMaxScaler,241,5,32.99284273813817,83.4256000603109,16.76004372779448,0.012525590160464506,0.11978903258435084,0.8981581798483207,0.06417402074624555,0.691392183303833,0.12555384635925293
MinMaxScaler,244,5,30.61409921379252,81.46070214388696,87.66056299535391,0.11537410933554709,0.9336760925449872,0.8882057015092231,0.9840532590184239,0.3488025665283203,0.09426426887512207
MinMaxScaler,247,5,29.28819980458812,81.23452651343584,87.87236949986334,0.09394040131000617,0.9350791851066165,0.8862927268945434,0.9895494658615884,0.24482297897338867,0.09946370124816895
MinMaxScaler,250,5,27.623118764172183,81.09215706796627,87.23011751844766,0.04334005787145972,0.931500824628917,0.8845270411359365,0.983743613562471,0.704270601272583,0.12263035774230957
MinMaxScaler,253,5,46.49336884703568,87.20352991385423,65.61218912271113,0.08921193600102582,0.7783307641488659,0.9028302850720343,0.684006812200031,0.6694443225860596,0.10532784461975098
MinMaxScaler,256,5,25.951154961329465,80.51301860380063,11.738179830554795,0.0,0.0,0.0,0.0,0.6587071418762207,0.16583490371704102
MinMaxScaler,259,5,51.85238680232671,88.06187501997283,65.21590598524187,0.11088138425135506,0.7737031604213895,0.9085499530222362,0.673711100789596,0.35556840896606445,0.10448050498962402
MinMaxScaler,262,5,32.72850185489884,81.31841390102838,84.12817709756764,0.06943502258965693,0.9124948205070252,0.8886932276762786,0.9376064406254838,0.5561873912811279,0.10421252250671387
MinMaxScaler,265,5,35.108356083623015,83.57369421007735,87.87920196775076,0.036181136684775246,0.9353545659937322,0.8836408702836684,0.9934974454249884,0.5803589820861816,0.16132450103759766
MinMaxScaler,268,5,29.744762386764478,81.94645883893097,80.34298988794752,0.012737206621817291,0.889307837328306,0.8840357989749866,0.8946431336120142,0.964991569519043,0.10603952407836914
MinMaxScaler,271,5,43.36762143085399,86.68725406474407,23.90680513801585,0.046658676478470884,0.2596556537924616,0.9190588235294118,0.15118439386901997,0.7040271759033203,0.1198883056640625
MinMaxScaler,274,5,35.84734172620312,84.51069397885142,83.7523913637606,0.009353337541809075,0.9108160816081609,0.8833842572384694,0.940006192909119,0.6527349948883057,0.1310291290283203
MinMaxScaler,277,5,48.73390965598173,87.94920579761734,85.23503689532659,0.18590088494350612,0.9179730499145948,0.9005734713636702,0.9360582133457191,0.6160361766815186,0.1336650848388672
MinMaxScaler,280,5,30.685819625934595,83.63981002704058,11.738179830554795,0.0,0.0,0.0,0.0,0.46241283416748047,0.1327216625213623
MinMaxScaler,283,5,28.558753152553017,82.68292723001555,87.79721235310194,0.016416012956858995,0.934931506849315,0.8830695113558156,0.9932652113330237,0.17193055152893066,0.10985112190246582
MinMaxScaler,286,5,54.86896301755445,90.24180481708966,65.3935501503143,0.14004091428090884,0.7734287631402371,0.9160750238423228,0.6692212416782783,0.54952073097229,0.10979962348937988
MinMaxScaler,289,5,53.294851594574965,89.40498493932574,76.10002732987155,0.10974458464815652,0.8583346832982343,0.9000339731612027,0.8203282241833101,0.6660177707672119,0.155808687210083
MinMaxScaler,292,5,40.639100651174665,85.7627691596559,87.51708116971851,0.054501951381744025,0.9331479380877457,0.8848102144195407,0.987072302213965,0.4980795383453369,0.1483170986175537
MinMaxScaler,295,5,32.89466142756648,84.70861301135434,11.738179830554795,0.0,0.0,0.0,0.0,0.6720905303955078,0.14726829528808594
MinMaxScaler,298,5,45.360076391228205,87.28900884168034,82.74118611642525,0.09894076152959835,0.9033590940393297,0.8930408472012102,0.9139185632450844,0.8370699882507324,0.12419533729553223
MinMaxScaler,301,5,36.94640961768159,85.96022914010165,34.948073244055756,0.021755359149972044,0.44757760371337396,0.8934445216585591,0.2985756309026165,0.6466193199157715,0.11964893341064453
MinMaxScaler,304,5,32.21937344197239,85.0548342128763,11.738179830554795,0.0,0.0,0.0,0.0,0.8267362117767334,0.1189582347869873
MinMaxScaler,307,5,34.69907165841096,84.42706184827517,11.738179830554795,0.0,0.0,0.0,0.0,0.6836841106414795,0.14364957809448242
MinMaxScaler,310,5,32.094406808162745,83.95915023824303,11.738179830554795,0.0,0.0,0.0,0.0,0.21100950241088867,0.12195277214050293
MinMaxScaler,313,5,43.60960854361918,85.98838963975437,87.12079803224924,0.19904073463094604,0.9296405509312828,0.8976429034815829,0.9640037157454714,0.6801574230194092,0.1456279754638672
MinMaxScaler,316,5,49.32234191094503,88.64551697695188,72.0142115332058,0.056993695820995255,0.8303933747412008,0.8927172364672364,0.776203746710017,0.4834780693054199,0.12428951263427734
MinMaxScaler,319,5,30.15808409848023,84.05739349828279,11.738179830554795,0.0,0.0,0.0,0.0,0.43624091148376465,0.13075733184814453
MinMaxScaler,322,5,38.54446314092599,85.32065957797204,81.32003279584586,0.004585892126972813,0.8956886684471576,0.8830875714715618,0.9086545904938845,0.8378582000732422,0.13863492012023926
MinMaxScaler,325,5,38.76348368080132,85.9702694603649,11.738179830554795,0.0,0.0,0.0,0.0,1.013610601425171,0.17705321311950684
MinMaxScaler,328,5,49.11544674828113,88.5837720665937,47.44465701011205,0.05415043101433825,0.603831891223733,0.9021237303785781,0.45378541569902464,0.6243314743041992,0.1502058506011963
MinMaxScaler,331,5,33.435331141303045,83.52312413693562,11.738179830554795,0.0,0.0,0.0,0.0,0.7349886894226074,0.17305827140808105
MinMaxScaler,334,5,31.513174981584385,83.30832755109839,11.738179830554795,0.0,0.0,0.0,0.0,0.6716606616973877,0.13306713104248047
MinMaxScaler,337,5,32.78619314703059,84.77951392494202,11.738179830554795,0.0,0.0,0.0,0.0,0.5802171230316162,0.15127015113830566
MinMaxScaler,340,5,47.60840339557423,88.6141554003375,46.788740092921564,0.05040164446166503,0.5967691829760795,0.901031894934334,0.4461216906641895,0.7344200611114502,0.15647006034851074
MinMaxScaler,343,5,31.715602544283538,84.37201247259445,11.738179830554795,0.0,0.0,0.0,0.0,0.275958776473999,0.15236520767211914
MinMaxScaler,346,5,29.19146488795359,83.09433061985459,11.738179830554795,0.0,0.0,0.0,0.0,1.0696465969085693,0.12974071502685547
MinMaxScaler,349,5,37.89920472665318,85.64219317085981,11.738179830554795,0.0,0.0,0.0,0.0,0.7963650226593018,0.1329970359802246
Normalizer,1,0,75.71033037079413,95.30992154131096,64.12954359114512,0.3162868627136539,0.7500238072564518,0.9742701632855022,0.6096919027713268,0.6057534217834473,0.011939048767089844
Normalizer,4,0,71.2126580286759,94.11786275553891,56.805138015851334,0.24825126791598132,0.6840579710144927,0.9650310208685843,0.5298033751354699,0.8284153938293457,0.03063058853149414
Normalizer,7,0,49.78679657717409,89.13801380903236,32.04427439191036,0.13182588623154382,0.383384996900186,0.962640099626401,0.2393559374516179,0.8862175941467285,0.023418903350830078
Normalizer,10,0,70.83596928490104,93.91526173143741,52.27521180650451,0.24461317978864244,0.6358375475731193,0.9736547980201181,0.4720544976002477,0.6256968975067139,0.040326595306396484
Normalizer,13,0,38.755776338653355,83.38892159712418,87.90653183930036,0.0454531196913806,0.9354862224814113,0.883937181429949,0.9934200340610001,0.19945526123046875,0.015460491180419922
Normalizer,16,0,33.05303255188409,81.6783170740348,13.582946160153048,0.02904223622758769,0.043267776096822995,0.9470198675496688,0.02213965010063477,0.6167757511138916,0.016277790069580078
Normalizer,19,0,64.30338288561809,93.13393912276639,48.66083629406942,0.20884367867007225,0.5986539899583377,0.9655410062026188,0.4338132837900604,0.7517795562744141,0.0440523624420166
Normalizer,22,0,70.52642295875064,94.23261172014935,58.01448483192129,0.2755396268549051,0.693867384048224,0.9733053808525507,0.539092738814058,0.9618058204650879,0.019613265991210938
Normalizer,25,0,67.20520508964849,94.10423471340816,58.198961464881116,0.21133377161004488,0.7016191962543894,0.9481940416556816,0.5568199411673633,0.8131742477416992,0.018616914749145508
Normalizer,28,0,61.504371804528276,91.89953671856108,72.8409401475813,0.1460033168372187,0.8331304311321943,0.9101164817022838,0.7681529648552408,0.9866447448730469,0.03179454803466797
Normalizer,31,0,64.9262379645155,92.03570386009065,56.955452309374145,0.1814078835950716,0.6919315403422983,0.9393255443441317,0.5476854002167518,0.7454483509063721,0.019533395767211914
Normalizer,34,0,64.02445865665419,92.59003462649116,84.10084722601803,0.2211380836514534,0.9101370921027225,0.9080681205209217,0.9122155132373433,0.5404736995697021,0.02151775360107422
Normalizer,37,0,61.44573652632231,91.9250371637757,53.05411314566821,0.1747076000740339,0.652048412417076,0.9427441792356128,0.4983743613562471,0.8486678600311279,0.02037978172302246
Normalizer,40,0,56.623283409762415,90.28119299241035,76.36649357748018,0.11468452891273874,0.8600784757898143,0.9007032110480386,0.82296021055891,0.3014037609100342,0.021059036254882812
Normalizer,43,0,58.358965146141664,90.61753326511896,72.45148947799946,0.14584401645877632,0.8301743745261562,0.9104767184035477,0.7628889921040408,0.939276933670044,0.06628894805908203
Normalizer,46,0,60.0244314410175,90.506306701341,69.45886854331785,0.14437592766579324,0.806844697951776,0.9131455399061033,0.7227124941941477,0.9589214324951172,0.04157829284667969
Normalizer,49,0,57.56939626886237,90.41132944255328,58.479092648264555,0.11732301494704711,0.7125490752566104,0.9159674084883862,0.5830623935593745,1.0818543434143066,0.023049116134643555
Normalizer,52,0,61.441244143906914,91.23270865214667,75.96337797212354,0.18455435659365985,0.8549397987794821,0.9146814893241574,0.8025236104660164,0.85929274559021,0.04596519470214844
Normalizer,55,0,60.59696012152232,90.0311223636211,73.585679147308,0.1723725883778574,0.8377130383678952,0.91507703595011,0.7724105898745935,0.9392709732055664,0.043950557708740234
Normalizer,58,0,58.687404711477306,90.37973260421849,71.15332057939328,0.15209357150267336,0.8198805460750853,0.9132294240638662,0.7438457965629355,1.081986904144287,0.06909680366516113
Normalizer,61,0,56.244774282340785,89.67868656323252,67.86007105766603,0.11234697795461931,0.7955849122197115,0.9068753715078264,0.7086236259482892,0.4723329544067383,0.03478360176086426
Normalizer,64,0,52.99611942870233,89.2880085934772,51.83793386171085,0.06278694601740119,0.6510568783723578,0.9029246189756969,0.5090571295866233,0.3416476249694824,0.026964902877807617
Normalizer,67,0,54.02611863025684,89.77181559594165,54.48209893413502,0.08508433989486502,0.6761302868254739,0.9087820177731312,0.5383186251741756,0.7398090362548828,0.04688143730163574
Normalizer,70,0,58.840618833112444,90.36034270568103,64.23203060945613,0.15468230452858198,0.762423417290674,0.9213557091148404,0.6502554575011612,0.5347414016723633,0.0532832145690918
Normalizer,73,0,65.88182222565872,92.3829599051632,69.32905165345723,0.20994067780381115,0.8023946823964432,0.9300949076436371,0.7055271713887599,0.5203824043273926,0.04105257987976074
Normalizer,76,0,65.28651171416877,92.9133723681995,61.444383711396554,0.15590967453192417,0.7372782718003631,0.924891951874781,0.6129431800588326,0.984349250793457,0.05435037612915039
Normalizer,79,0,65.93698345487549,92.95250497637855,72.26018037715222,0.20030348837737733,0.8263473053892215,0.9233416172815905,0.7477937761263354,0.35956358909606934,0.032048702239990234
Normalizer,82,0,58.86644665257581,91.40063699791277,59.70893686799672,0.13906590434205923,0.7224288067780654,0.9215804011048396,0.5940548072457037,0.8948023319244385,0.027727603912353516
Normalizer,85,0,68.68439296783994,93.41129752182968,69.7731620661383,0.23215700028564648,0.8048522276135862,0.9355004101722724,0.706223873664654,0.46628594398498535,0.03720426559448242
Normalizer,88,0,69.598815831426,93.93514415642993,67.87373599344083,0.20528480500835622,0.7905567928730513,0.9309693663449433,0.6869484440315838,0.8934326171875,0.029694080352783203
Normalizer,91,0,67.50916409965538,92.36811819082844,80.67094834654277,0.2514993114906645,0.8864357111316286,0.920620361877762,0.8546988697940858,0.9368391036987305,0.07609438896179199
Normalizer,94,0,75.87250672775947,94.74691474105018,75.21863897239683,0.2882758775645848,0.845442536327609,0.9403734951180207,0.767920730763276,0.7079946994781494,0.03167080879211426
Normalizer,97,0,70.62572398550108,93.3907609562498,78.92866903525554,0.25734139944651385,0.8740093144864777,0.9253460207612457,0.8280693605821334,0.5600156784057617,0.046926259994506836
Normalizer,100,0,63.431540778125694,92.18190067043926,63.59661109592785,0.18777806303250935,0.7545152967194987,0.9319371727748691,0.6338442483356557,0.9386422634124756,0.04501199722290039
Normalizer,103,0,78.12122574541556,95.21060966887983,80.40448209893414,0.35773112973827326,0.8814876033057851,0.9453997518170537,0.8256696082984982,0.3946208953857422,0.0832972526550293
Normalizer,106,0,68.09845923449083,92.82145508907851,81.32686526373327,0.26977880970152995,0.8905004206899315,0.9229299892035545,0.8602724880012386,0.8190922737121582,0.06275391578674316
Normalizer,109,0,78.30076784142692,96.0777483381218,65.64635146214812,0.2803237609083511,0.7664653971202973,0.9580817464003716,0.6387211642669144,0.66861891746521,0.06429600715637207
Normalizer,112,0,65.5818644549546,92.58528971770932,90.4413774255261,0.44746931839134646,0.9474711823677393,0.9199416697047029,0.9766991794395418,0.5663886070251465,0.0774226188659668
Normalizer,115,0,60.83438275747029,90.47794529988724,86.7791746378792,0.3186682059627086,0.9258478635753976,0.916748880625332,0.9351292769778603,0.6992897987365723,0.08300566673278809
Normalizer,118,0,78.14288560727186,95.68074072142724,71.99371412954359,0.2903876460745105,0.8199428947946409,0.9478013608205544,0.722480260102183,0.9269182682037354,0.07605147361755371
Normalizer,121,0,73.27902777454855,93.93660702087396,75.88822082536211,0.2779970025669304,0.850952401064324,0.9363323728971094,0.779842080817464,0.27979135513305664,0.04262495040893555
Normalizer,124,0,66.21574096553509,92.01886171224743,78.41623394370046,0.26061718284249924,0.8702296348026126,0.9270897155361051,0.819941167363369,0.45549941062927246,0.04016852378845215
Normalizer,127,0,64.54908060712859,91.66875996026683,74.65837660562995,0.2197982081398086,0.8439432827029074,0.924416996958245,0.7763585694379935,0.8605608940124512,0.060133934020996094
Normalizer,130,0,53.26892689825912,88.85393630146436,77.30254167805411,0.10982386965063219,0.8668003207698476,0.8991016469805356,0.8367394333488156,0.7870218753814697,0.08586788177490234
Normalizer,133,0,73.99780670805967,94.3502391602816,61.71084995900519,0.2340138588628413,0.7337008173351074,0.9500369185331036,0.5976157299891625,0.8007609844207764,0.05066180229187012
Normalizer,136,0,68.75616745078341,93.82028790762442,85.54933041814704,0.286703696855787,0.9184185149469624,0.9152763896363496,0.9215822882799195,0.5467150211334229,0.043497323989868164
Normalizer,139,0,63.10062747362652,91.84190115523698,87.51708116971851,0.32824934400003236,0.9304450451136407,0.9154243763577796,0.945966867936213,0.691373348236084,0.08333921432495117
Normalizer,142,0,64.61086550951546,91.39238404974144,79.01749111779175,0.2039803914936371,0.8761943156621649,0.9141919744258433,0.8412292924601331,0.893958568572998,0.07876920700073242
Normalizer,145,0,73.45593617194226,93.63093249338847,85.64498496857065,0.3675608127025188,0.9175205119145762,0.930784547988849,0.9046291995664963,0.6432571411132812,0.05179405212402344
Normalizer,148,0,77.60926086836626,95.48871205658781,69.39737633233123,0.2715792693522185,0.7995524725889461,0.9475973268271984,0.6915157145068896,0.8854753971099854,0.06821036338806152
Normalizer,151,0,78.53387607801407,95.69210091576365,73.28505056026236,0.3102219037298335,0.8293470670391061,0.9506704022413448,0.7354853692522062,0.8806304931640625,0.0793759822845459
Normalizer,154,0,70.97620416125282,93.70626135958916,69.8551516807871,0.22135827647134884,0.80610002636899,0.9323912159414396,0.7099396191360892,0.4655940532684326,0.061385393142700195
Normalizer,157,0,68.13003207660174,93.2787946294759,66.64389177370866,0.17624999822465232,0.7818782950585291,0.9245562130177515,0.6773494348970429,0.7375695705413818,0.0761563777923584
Normalizer,160,0,80.35398486486174,95.70539197535462,70.18994260726976,0.32044028125018365,0.8034419065639501,0.9609871753421705,0.6902771326830779,0.634350061416626,0.07675790786743164
Normalizer,163,0,65.72393999150367,91.5367026175895,91.20661382891501,0.48138483510386393,0.9520545393584919,0.9176301615798923,0.9891624090416473,0.5610787868499756,0.08859753608703613
Normalizer,166,0,65.69575558627979,93.10753198691563,52.80131183383438,0.15190610034737487,0.6517794132473032,0.9342485549132948,0.5004644681839294,0.7736086845397949,0.09199738502502441
Normalizer,169,0,57.581147656364195,90.08869321165952,72.36949986335064,0.13913190624466718,0.8298266285137182,0.9090909090909091,0.763276048923982,0.7654294967651367,0.08780717849731445
Normalizer,172,0,72.25390846281938,94.15509278640691,76.35282864170539,0.24721890476296476,0.8555931071890516,0.9279572812019187,0.7936987149713578,0.5523674488067627,0.07866525650024414
Normalizer,175,0,61.43874111639263,90.38709721677425,61.28723694998634,0.1678599147711661,0.7349115748105175,0.9288079470198676,0.6079888527635857,0.4400029182434082,0.05706310272216797
Normalizer,178,0,58.035495588633665,91.47120539035787,68.05821262640066,0.127228910728857,0.7964116186909376,0.9103036336485814,0.7078495123084069,0.6738989353179932,0.07349205017089844
Normalizer,181,0,62.026285709033125,91.00660580443834,60.228204427439195,0.13083684903416845,0.7279525167079497,0.9185045406297913,0.6028797027403623,0.33141016960144043,0.07918572425842285
Normalizer,184,0,55.96455235414356,89.60965118335449,68.4886581033069,0.1264042736315189,0.7999479482953067,0.9097277032359905,0.7138101873355008,0.553290843963623,0.10048604011535645
Normalizer,187,0,66.71524252286429,93.34272622965376,55.561628860344356,0.19198122863266245,0.6767074261855055,0.9454166666666667,0.5269391546679052,0.42708611488342285,0.08314847946166992
Normalizer,190,0,73.78487814514081,93.96285532156074,72.33533752391364,0.2742381320740165,0.8234883822311347,0.9425207065163157,0.7311503328688651,0.42632246017456055,0.09504437446594238
Normalizer,193,0,66.42078645620148,92.17565815324595,63.83574747198688,0.17915047579913077,0.7572575097454712,0.9289974119500394,0.6391082210868555,0.6269502639770508,0.06583428382873535
Normalizer,196,0,51.279853615921766,88.81669526341366,51.54413774255261,0.06324760530825842,0.647899910634495,0.9032392026578073,0.5051091500232234,0.7991361618041992,0.07707405090332031
Normalizer,199,0,78.72841606256063,94.72534711091406,86.51270839027056,0.44095077631491675,0.9217846105079642,0.9441558441558442,0.9004489859111318,0.24466395378112793,0.09728717803955078
Normalizer,202,0,60.320847574230655,91.21840050694145,55.86225744738999,0.13901204427097455,0.6849087893864013,0.9257647679324894,0.5435051865613872,0.4016861915588379,0.06543326377868652
Normalizer,205,0,64.49100856643707,92.26364107717112,62.71522273845312,0.16836467730920462,0.7479562144935569,0.9271727928546891,0.6267998142127265,0.678194522857666,0.07199954986572266
Normalizer,208,0,52.78009305945391,88.12240380347846,65.50286963651271,0.09198088138128378,0.7772532756871222,0.9035798543440353,0.6819167053723486,0.5789656639099121,0.09296607971191406
Normalizer,211,0,67.99528538659092,93.42166623728771,80.9169171904892,0.24504091481367635,0.8883023395320936,0.9188384214445272,0.8597306084533209,0.7557961940765381,0.09787487983703613
Normalizer,214,0,69.53887384218643,93.15044165613105,81.01940420880021,0.2522178490697746,0.8888266367856571,0.920049710024855,0.8596531970893327,1.1370527744293213,0.10025978088378906
Normalizer,217,0,63.382421960964116,90.74377109378194,76.35282864170539,0.1974702148376106,0.857343060879601,0.9168650268888301,0.8050781854776281,0.9798271656036377,0.09684562683105469
Normalizer,220,0,61.607890353787056,92.02586924469836,66.71904892047007,0.14917799523606834,0.7841155874662057,0.9171591498185588,0.6847809258399133,0.36002278327941895,0.08144068717956543
Normalizer,223,0,60.623770227210905,90.70608084519492,75.02732987154961,0.1797936635525443,0.8482205888459782,0.9148974290065395,0.7906022604118285,0.4795804023742676,0.10421895980834961
Normalizer,226,0,60.431530504673425,90.49445641762432,72.62913364307188,0.21200971958004017,0.8287009321816471,0.9256782575468093,0.7501161170459824,0.6893036365509033,0.10195040702819824
Normalizer,229,0,66.86976786143312,92.63826703377345,60.31019404208801,0.199058152909146,0.7232359807518224,0.9404039152521373,0.5875522526706921,0.6174354553222656,0.0912017822265625
Normalizer,232,0,63.91034223032324,91.76885834146138,76.30500136649357,0.2065578793874551,0.8566823704438383,0.9188829787234043,0.80236878773804,0.9430925846099854,0.08762836456298828
Normalizer,235,0,75.0943152482724,94.37633061408143,72.54714402842308,0.2738636555811576,0.8251979465761768,0.9419944378228049,0.7341693760644062,0.849372148513794,0.09187626838684082
Normalizer,238,0,63.465555818099325,91.94542147682526,79.4069417873736,0.21716211532882734,0.8785558868563139,0.9161344537815126,0.8439386901997213,1.000028371810913,0.08112049102783203
Normalizer,241,0,62.27958488403886,91.6655105757907,89.23886307734354,0.31363382311785754,0.9416904224204954,0.9024338323990634,0.9845177272023533,0.8630177974700928,0.10931754112243652
Normalizer,244,0,76.29531786511895,94.75759338260612,75.6559169171905,0.2951646831199206,0.848505463667673,0.9412319592491274,0.7724105898745935,0.8259952068328857,0.10033679008483887
Normalizer,247,0,62.300681508380706,92.05242251627236,57.836840666848865,0.15279708204211737,0.7032745107467423,0.9281634725218937,0.5661093048459513,0.5649561882019043,0.07951092720031738
Normalizer,250,0,67.15847214659819,93.0668660715901,64.95627220552063,0.19622659309538124,0.766023447835409,0.932578029545707,0.6499458120452082,0.5819437503814697,0.10542583465576172
Normalizer,253,0,72.53907336344356,93.2314811431995,77.38453129270293,0.28949142576256476,0.8617145721925134,0.9360137956071882,0.7983433968106518,0.9868135452270508,0.13904356956481934
Normalizer,256,0,77.00363184561128,94.93034002925702,75.31429352282044,0.31121303555109564,0.8452212654757315,0.9462829736211031,0.7636631057439232,0.8865034580230713,0.1444683074951172
Normalizer,259,0,64.19643534637125,92.36433294040903,76.92675594424706,0.18721455073398863,0.8618418361084973,0.9139262472885032,0.8153738968880632,0.48929858207702637,0.08451724052429199
Normalizer,262,0,81.50491566667225,96.21753329376756,68.47499316753212,0.34092395393656416,0.787510361978447,0.9720327421555253,0.6618671620993962,0.6650762557983398,0.1204524040222168
Normalizer,265,0,84.9868702576528,96.68456786508824,77.65783000819896,0.39632726820198705,0.8597288949897048,0.9641139118722339,0.7757392785260876,0.8384971618652344,0.09093260765075684
Normalizer,268,0,82.87657474450194,96.28773314087073,83.8070511068598,0.44216767097612775,0.9032099975496202,0.9559128630705395,0.8560148629818858,0.5335555076599121,0.09426665306091309
Normalizer,271,0,77.70111138927534,94.48231402193454,74.33725061492211,0.32547488491602367,0.8369791666666667,0.95257854179016,0.7464003715745472,0.711254358291626,0.13824009895324707
Normalizer,274,0,82.11019322921821,95.68834753564839,81.04673408034982,0.38789101909446594,0.8851726136269559,0.9512455516014234,0.8276823037621923,0.7556030750274658,0.09470152854919434
Normalizer,277,0,79.99455597148017,95.54362769215071,90.31156053566548,0.4965144134106823,0.9457536342769701,0.9348812585085463,0.956881870258554,0.9058983325958252,0.11956119537353516
Normalizer,280,0,85.5445655149766,96.51564713731129,76.13418966930855,0.3994251793804922,0.8478061958084615,0.9696999900328914,0.7531351602415235,0.5779423713684082,0.1289536952972412
Normalizer,283,0,82.84086323313473,96.0690975250202,84.63377972123531,0.441491456158347,0.9089805334088794,0.9524213383088797,0.8693296175878619,1.2915229797363281,0.12543678283691406
Normalizer,286,0,82.77859394648539,95.52564743073233,78.86034435638153,0.4030927879961732,0.8685753122079687,0.9623493975903614,0.791453785415699,0.3674755096435547,0.12411284446716309
Normalizer,289,0,78.17774775646728,94.50079775040156,74.91801038535118,0.3293316320471203,0.8413638131454994,0.9522645016140077,0.7535996284254528,0.5754196643829346,0.11462688446044922
Normalizer,292,0,75.3795477373983,94.2919595093801,87.08663569281224,0.4072310711222358,0.9262813011935408,0.9334905660377358,0.9191825359962843,0.7858543395996094,0.11719751358032227
Normalizer,295,0,79.1049245703309,94.86512755090484,87.68789286690352,0.4605363736615145,0.9292167491554718,0.9432216905901116,0.9156216132528255,0.7558791637420654,0.1086432933807373
Normalizer,298,0,75.96290184293117,95.39854331567935,64.60098387537579,0.2769924211581733,0.7572506208124443,0.9591691394658753,0.6255612323889147,0.6399557590484619,0.11569762229919434
Normalizer,301,0,78.74710203034057,94.82441439144311,75.0,0.32056113646737,0.8423863881111351,0.9495969699912596,0.7569283170769469,0.33182573318481445,0.13180851936340332
Normalizer,304,0,75.69257261843802,94.16826896139457,88.50095654550424,0.4313526001327263,0.9351019935988895,0.9316173645793315,0.9386127883573309,0.6906509399414062,0.11186718940734863
Normalizer,307,0,79.63371222546228,95.6877191763025,74.95217272478818,0.3156435485048294,0.8422275778963677,0.9483427020740454,0.7574701966248645,0.43819499015808105,0.11253213882446289
Normalizer,310,0,75.14560140338962,94.15950085226778,84.20333424432906,0.3536274060223961,0.9081446166070719,0.9328272935031016,0.8847344790215204,0.9353938102722168,0.10820388793945312
Normalizer,313,0,84.12585357518843,96.71832298612387,82.4063951899426,0.43157365055261965,0.8935994380397504,0.9583444119471771,0.8370490788047685,0.7666225433349609,0.10794997215270996
Normalizer,316,0,79.9355354388143,94.27698950141755,81.53183930035529,0.4149068079151753,0.8878283603768103,0.9568834421683514,0.8280693605821334,1.086089849472046,0.12355661392211914
Normalizer,319,0,79.25411492316269,95.21151707825524,74.90434544957638,0.31479904051858426,0.8418922990831217,0.9482206923300689,0.7570057284409352,0.7115955352783203,0.12721824645996094
Normalizer,322,0,74.58037228107229,93.89269042965122,88.45312927029244,0.4533591032707954,0.9343944099378882,0.9371593209780408,0.9316457655983899,1.0564014911651611,0.09961938858032227
Normalizer,325,0,68.23347853145864,92.55995414875308,82.94616015304727,0.3054622359490346,0.9007238883143743,0.9262925392670157,0.8765288744387676,0.2853884696960449,0.1333787441253662
Normalizer,328,0,77.6088102783547,93.80632191068273,88.80841760043727,0.47099733547730743,0.936398229401258,0.9393892178248675,0.9334262269701192,0.5631847381591797,0.11969113349914551
Normalizer,331,0,76.05182127581499,95.20629699891381,86.41022137195955,0.3670464877163729,0.9225919439579685,0.9276825545902794,0.9175568973525313,0.6679401397705078,0.12898659706115723
Normalizer,334,0,79.13498117705285,95.51634253568488,79.00382618201695,0.3432706870435769,0.8717713331942416,0.945596089436046,0.8086391082210869,0.3116178512573242,0.1154775619506836
Normalizer,337,0,63.45085757192182,90.97775359894906,84.79092648264553,0.25400513539709385,0.914054054054054,0.9118009551686951,0.9163183155287196,0.2515840530395508,0.13173246383666992
Normalizer,340,0,71.0722001102684,93.72513038666762,80.896419786827,0.28628079169070497,0.887075928917609,0.9273771322411755,0.85013159931878,0.646946907043457,0.13214564323425293
Normalizer,343,0,83.94037044987448,96.29198543963834,91.58239956272205,0.5929384940361156,0.952329360780065,0.9520346588271701,0.9526242452392011,0.5791459083557129,0.12465262413024902
Normalizer,346,0,81.35906193287616,95.5151211431132,89.48483192128997,0.5193146318830587,0.9399414634146341,0.9477453372157079,0.9322650565102957,0.8481345176696777,0.14984989166259766
Normalizer,349,0,65.37720196579806,91.61617816191965,77.9242962558076,0.2292124676415005,0.8676849993857242,0.9211372924093557,0.8200959900913454,0.8494710922241211,0.14235162734985352
Normalizer,1,1,75.56634883849611,95.26704612913171,63.78108772888768,0.31382584872151065,0.7469568953171989,0.9742248785954427,0.6056665118439387,0.6866490840911865,0.01350712776184082
Normalizer,4,1,73.05354802685733,94.41960393032616,77.9242962558076,0.29270722406601807,0.8655822273994259,0.9356057199388434,0.8053104195695928,0.8365883827209473,0.013445377349853516
Normalizer,7,1,53.64359023993197,90.07625191114928,34.06668488658104,0.14549422925973485,0.41244520214320507,0.9660581859669138,0.2621922898281468,0.5736751556396484,0.01467585563659668
Normalizer,10,1,69.58627140550378,93.64589181508735,52.03607543044547,0.24234739728696342,0.633420365535248,0.9732028241335045,0.469499922588636,1.2405719757080078,0.01752305030822754
Normalizer,13,1,41.39980247936252,83.54911761482438,73.37387264279857,0.04807036862474059,0.8407112201103617,0.8906209405040271,0.796098467254993,0.24042201042175293,0.025017976760864258
Normalizer,16,1,44.213696548534585,84.9579822517079,70.64771795572561,0.024211294805321384,0.8214315404439272,0.886983842010772,0.7649016875677349,0.6261422634124756,0.020421504974365234
Normalizer,19,1,54.61703588913394,88.76211631028086,76.35282864170539,0.13703247268559354,0.8593032237082808,0.9048026710041949,0.8181607059916396,0.7835583686828613,0.026680707931518555
Normalizer,22,1,46.04079398646176,85.57166694676818,68.67313473626673,0.0732246350153729,0.8040682022135807,0.8974530191739006,0.7282861124013005,0.45345044136047363,0.018238067626953125
Normalizer,25,1,46.82160789981617,86.2925151129899,74.13227657830008,0.09925567623850205,0.8444919083216955,0.8995449772488624,0.7957888217990401,0.8917629718780518,0.03986072540283203
Normalizer,28,1,52.62824422555382,87.53292920038535,80.62312107133096,0.18151271989556989,0.8878342034488214,0.9076500080866893,0.8688651494039324,0.2855823040008545,0.019057512283325195
Normalizer,31,1,60.5420962817132,91.79543225068313,48.271385624487564,0.14668785799441622,0.60184065211675,0.9384943414794161,0.44294782474067196,0.9763038158416748,0.0282137393951416
Normalizer,34,1,59.66837971977266,92.1625042966789,34.13500956545504,0.1349679725658125,0.4153323629306162,0.9591036414565827,0.2650565102957114,0.7920389175415039,0.0202023983001709
Normalizer,37,1,55.1117972395414,88.84840697856124,70.98934135009566,0.13517134120157914,0.8193652684420999,0.9095202115602569,0.7454714352066883,1.1559324264526367,0.04094195365905762
Normalizer,40,1,52.28469637713013,88.66744770000304,53.32057939327686,0.08043719866444486,0.6647035728307813,0.9080182354518638,0.5242297569283171,0.6358814239501953,0.01934957504272461
Normalizer,43,1,53.41074785145166,90.53440525464286,34.544957638699096,0.11113152943981683,0.4257283299364585,0.9434112646121148,0.27488775352221706,0.32871079444885254,0.02837228775024414
Normalizer,46,1,50.70365713272273,88.75494579783525,59.476632959825096,0.04610397922762436,0.7275733774286895,0.8946119959335819,0.6130980027868091,0.41950416564941406,0.023764610290527344
Normalizer,49,1,56.352559919009146,90.41564152707706,70.77753484558622,0.10650543646180721,0.8189936095475898,0.9033703669125198,0.7490323579501471,0.5437803268432617,0.024359464645385742
Normalizer,52,1,53.20192191058817,89.5482571264199,68.50915550696912,0.09806984663884026,0.8015500538213133,0.9030755797031144,0.7205449760024771,0.5123751163482666,0.03870058059692383
Normalizer,55,1,61.87807764242655,91.28312797393563,59.05985241869364,0.1505014918230828,0.7153173698213607,0.9259532595325953,0.5827527481034216,0.8702988624572754,0.02527594566345215
Normalizer,58,1,60.56820797288385,90.23824862958605,68.84394643345176,0.16461985429813453,0.80083857442348,0.9188214070956103,0.7097073850441245,0.8338501453399658,0.04064607620239258
Normalizer,61,1,62.07500800698451,91.04479645897203,70.25143481825636,0.17882206467545045,0.8114825077935574,0.9207113381803891,0.7254218919337359,0.3278229236602783,0.02779841423034668
Normalizer,64,1,64.04858324587381,91.46010599947051,80.13801585132549,0.21855239395321313,0.8836036036036036,0.9151530231400846,0.8541569902461681,0.3762686252593994,0.0335538387298584
Normalizer,67,1,53.97052934052908,89.73023254657578,58.65673681333698,0.07454926911220264,0.7177573580857316,0.9029456636545007,0.5956030345254684,0.8915448188781738,0.06147122383117676
Normalizer,70,1,60.540064120761,90.57253222642714,77.75348455862257,0.17304893087009393,0.8681781376518218,0.9100322525886946,0.8300046446818393,0.9628801345825195,0.03613138198852539
Normalizer,73,1,41.986596839633755,85.74381568160116,88.08417600437278,0.033078887896919054,0.9365679784680294,0.883301317233809,0.996671311348506,0.9826667308807373,0.06133270263671875
Normalizer,76,1,65.22973737271057,91.21642203775973,73.5036895326592,0.1965741309614007,0.836108528442228,0.9206999255398362,0.7657532125716056,0.2952539920806885,0.03322577476501465
Normalizer,79,1,65.64317173192921,91.9500864985283,78.49139109046187,0.19840918740011534,0.8726537216828479,0.9139128961193018,0.8349589719770862,0.2938835620880127,0.03909111022949219
Normalizer,82,1,77.59731572715947,94.51830981451653,84.65427712489752,0.38815547794359684,0.910410849621061,0.9391046741277156,0.8834184858337204,1.059168815612793,0.03565621376037598
Normalizer,85,1,70.4164654782265,93.98069572126717,79.35228204427439,0.24746629752277635,0.87731406300747,0.9224005463547892,0.8364297878928627,0.6894431114196777,0.046796321868896484
Normalizer,88,1,64.86815240612363,91.66308802956824,65.78983328778355,0.18371380260066245,0.7741033160387999,0.9277603547096356,0.6641120916550549,0.8216156959533691,0.05100131034851074
Normalizer,91,1,69.2504556816787,93.75707919662,64.59415140748838,0.22610940967414844,0.7607792447604099,0.9423604757548033,0.6378696392630439,0.5936150550842285,0.0631718635559082
Normalizer,94,1,65.42440126951031,92.74739708378199,53.17026509975403,0.1844129064260126,0.6522577371892441,0.9464075382803298,0.49760024771636474,0.6394760608673096,0.037476539611816406
Normalizer,97,1,69.37005578845053,93.36004444765535,58.943700464607815,0.20982411587869695,0.7091058721014668,0.9463755007106861,0.566960829849822,0.7851033210754395,0.03709530830383301
Normalizer,100,1,70.98642128976525,93.60575227319434,78.08827548510521,0.26932027057065855,0.8675723665193872,0.9297282945393398,0.8132063786963927,0.23601961135864258,0.034445762634277344
Normalizer,103,1,71.73921976915013,93.67281068371595,81.26537305274665,0.32342791692441014,0.8886361790268865,0.9347231715652768,0.8468803220312742,0.8918321132659912,0.04003643989562988
Normalizer,106,1,76.65352340661909,95.21692866033989,70.94834654277125,0.27625186064154106,0.8121576250220887,0.9458736365507306,0.711565257779842,1.145246982574463,0.03407549858093262
Normalizer,109,1,67.27866928513534,92.9552251058532,80.47963924569555,0.25870064543722715,0.8849144008056394,0.9224825732762241,0.8502864220467564,0.2689201831817627,0.0591278076171875
Normalizer,112,1,69.2949266628709,92.5688058612146,83.31511341896693,0.3199168028290075,0.9028948624145061,0.9282910874897792,0.8788512153584146,0.673457145690918,0.049100399017333984
Normalizer,115,1,73.78024382687178,93.92217336875257,78.58704564088549,0.30768987961014277,0.8699261226861459,0.9377236936292055,0.8112710945966868,0.626225471496582,0.051088809967041016
Normalizer,118,1,73.56339513085224,94.85928704047686,65.24323585679147,0.23888406314730842,0.7656948090829533,0.9452973956556352,0.6434432574701966,0.8390049934387207,0.05544424057006836
Normalizer,121,1,72.03771537526669,94.19880439900999,55.752937961191584,0.22274202175851254,0.6756486026244616,0.9570090805902384,0.5221396501006348,0.8428447246551514,0.06385159492492676
Normalizer,124,1,71.52563334481437,93.98075783500968,85.47417327138562,0.31225419445795005,0.9174689440993788,0.9201837719981312,0.9147700882489549,0.4908287525177002,0.05454277992248535
Normalizer,127,1,63.87216373864265,91.92416652865467,89.19786827001913,0.3601826833982129,0.9407532321528949,0.9117454783177162,0.9716674407803065,0.8717973232269287,0.07845044136047363
Normalizer,130,1,64.37521143936293,91.90213310380409,89.12954359114512,0.36144312266545153,0.9402934664314933,0.9125209410736398,0.969809568044589,0.8357553482055664,0.07582330703735352
Normalizer,133,1,79.84322756904346,96.00255644743547,75.7720688712763,0.32801485936552904,0.8480459376071307,0.9497984258014974,0.7659854466635702,0.8589529991149902,0.06397104263305664
Normalizer,136,1,58.40709717117788,91.00968950365517,43.24952172724788,0.11831962650129452,0.5447270335452752,0.9329703342095381,0.3846570676575321,0.7445690631866455,0.054986000061035156
Normalizer,139,1,71.3155502578186,92.9792875573226,74.13227657830008,0.28485736252326316,0.8371893007654597,0.9417569659442725,0.7535222170614646,0.876488208770752,0.06135964393615723
Normalizer,142,1,69.18698331969848,92.66690141122507,74.48756490844492,0.23971378795064394,0.8418466751376535,0.9294799850355406,0.7693141353150642,0.870032787322998,0.09926605224609375
Normalizer,145,1,75.22014701490426,94.454490133079,77.51434818256354,0.3141375820711982,0.8617865692327076,0.9418892866978794,0.7942405945192754,0.6932942867279053,0.05147719383239746
Normalizer,148,1,72.874591697861,94.2532457564001,60.36485378518721,0.2152041307210604,0.722426910378487,0.9458714446811176,0.5843783867471745,0.6374421119689941,0.07041692733764648
Normalizer,151,1,81.86852603536123,96.33197666030591,73.25088822082536,0.3360448401874227,0.8278288403183957,0.9583545463802057,0.7285957578572534,0.558131217956543,0.08996081352233887
Normalizer,154,1,76.53101699427263,95.05784266140502,60.84995900519268,0.2644900747260174,0.7230010635212221,0.9626673532440783,0.5788821799040099,0.7069947719573975,0.04757976531982422
Normalizer,157,1,72.29161834088792,93.62502396137074,73.09374145941514,0.25973721119881943,0.8301854247520483,0.9371105919003115,0.7451617897507354,1.0929465293884277,0.07066798210144043
Normalizer,160,1,69.61000848731346,93.72877794621456,71.48127903798851,0.2026839053966699,0.820117221168764,0.9250437487847559,0.7365691283480414,0.45500659942626953,0.06954360008239746
Normalizer,163,1,75.18483427569728,94.36917004602287,72.68379338617108,0.2892051513619173,0.8255519678855049,0.946,0.7323115033286887,0.83888840675354,0.06738805770874023
Normalizer,166,1,77.16300553270463,94.92006513640095,73.89314020224104,0.2943244749121637,0.8348960808883896,0.9448410757946211,0.7478711874903236,0.22006940841674805,0.07316446304321289
Normalizer,169,1,77.17389404033429,95.24970244844901,68.80978409401476,0.28318216943007657,0.7939144959595503,0.9523448499945847,0.680678123548537,0.7591469287872314,0.07026410102844238
Normalizer,172,1,75.34637304779625,94.16804508312495,82.01694452036075,0.3544897964730224,0.8930516050386021,0.939873417721519,0.8506734788666976,0.45784544944763184,0.07565808296203613
Normalizer,175,1,77.58181543076135,94.83392306864829,63.664935774801855,0.2788885997616271,0.7485103565686182,0.9618376276130287,0.6126335346028797,0.516758918762207,0.06403207778930664
Normalizer,178,1,74.7571522603127,94.47069596049498,80.71194315386717,0.31840643858509426,0.88487418947025,0.9350168059984487,0.839835887908345,0.4781532287597656,0.0652778148651123
Normalizer,181,1,78.75901112434643,95.36571489753118,60.9866083629407,0.2719536016630816,0.7237007645407917,0.9651522973670624,0.5788821799040099,0.9543547630310059,0.07500076293945312
Normalizer,184,1,62.5939029584118,91.29941535802388,88.09784094014758,0.27069730923918917,0.9349368790617764,0.9032909930715936,0.9688806316767301,0.789478063583374,0.09333610534667969
Normalizer,187,1,74.73948913185905,94.09067527456166,79.02432358567914,0.3201774553490924,0.872698623320617,0.9397213788176461,0.8145997832481808,1.0071876049041748,0.08164644241333008
Normalizer,190,1,79.14171299182577,95.60879520185267,73.37387264279857,0.342587682313673,0.8284997579544955,0.9600203977562468,0.7286731692212417,0.5163042545318604,0.10804629325866699
Normalizer,193,1,62.02646143913763,91.98987112141772,74.9590051926756,0.16193430710480175,0.8483594687409491,0.911207892631766,0.7936213036073696,0.37996339797973633,0.08647394180297852
Normalizer,196,1,72.55719609370902,94.34590861645987,69.40420880021864,0.27953221674887613,0.799156799425906,0.9499893367455747,0.689657841771172,0.3342323303222656,0.060278892517089844
Normalizer,199,1,62.893914799917304,92.33821350001512,57.80267832741186,0.14092263183229986,0.7039877300613497,0.9242386106216964,0.5685090571295867,0.5615839958190918,0.07918453216552734
Normalizer,202,1,78.94209260489872,94.99091491149606,82.53621207980324,0.37956128524711186,0.8960045569208235,0.9443396226415094,0.8523765288744388,0.42656707763671875,0.07017755508422852
Normalizer,205,1,62.27271563931242,91.76399097402192,65.63268652637333,0.1749362761511138,0.773300883360375,0.9254584681769148,0.6641120916550549,0.6384241580963135,0.08763647079467773
Normalizer,208,1,55.410002215100505,90.47421835327464,68.21535938781088,0.10194048469897772,0.7989975803664017,0.9041658517504401,0.7157454714352067,0.5085582733154297,0.09794831275939941
Normalizer,211,1,58.97596480783868,90.79986308722235,77.01557802678327,0.14337367492700787,0.8638277202072538,0.9053113863906329,0.8259792537544511,0.3837001323699951,0.06995272636413574
Normalizer,214,1,64.34607628921462,91.47922268889772,75.32112599070786,0.1900052403624842,0.8500249128051819,0.9167114454594304,0.7923827217835578,0.7235803604125977,0.06525659561157227
Normalizer,217,1,54.27720766125581,89.95455234607577,43.90543864443837,0.09468621705289494,0.5563121487246001,0.9214106695309703,0.39843629044743767,0.262545108795166,0.10125064849853516
Normalizer,220,1,68.63842602780934,92.95474212311565,78.14976769609183,0.24876297854916574,0.8686868686868687,0.9249737670514165,0.8188574082675337,0.5968379974365234,0.06689715385437012
Normalizer,223,1,60.28067747469892,90.46931259714086,88.41896693085542,0.29235199338870044,0.9366994062068192,0.9048993433869688,0.970815915776436,0.5702204704284668,0.08919191360473633
Normalizer,226,1,55.11766392149209,89.6919224376506,54.05165345722875,0.09293768018452801,0.6709721610646313,0.9117138678367238,0.5308097228673169,0.9906032085418701,0.08322644233703613
Normalizer,229,1,64.94568542941498,92.07848107773754,63.59661109592785,0.17363704939107513,0.7555066079295154,0.9276538201487492,0.6372503483511379,0.5231711864471436,0.09384894371032715
Normalizer,232,1,62.614238085634085,91.2046474910395,79.00382618201695,0.19839498523497634,0.8762533725284903,0.9131347041544272,0.8422356401919802,0.6632075309753418,0.08794999122619629
Normalizer,235,1,73.51615076813883,93.88770799171279,89.39600983875376,0.4341515285304706,0.9408671797607254,0.9263955582232893,0.9557981111627187,0.788536548614502,0.10283589363098145
Normalizer,238,1,63.165821089450944,91.80592596295975,60.95244602350369,0.16682372968126102,0.7318789584799437,0.9289031797070382,0.6038086391082211,0.8841090202331543,0.08571052551269531
Normalizer,241,1,55.951201372100655,89.0230127632545,88.49412407761683,0.25754043360005957,0.9375972726598977,0.8992749502416832,0.9793311658151417,0.8329432010650635,0.10776925086975098
Normalizer,244,1,65.97447254383835,90.9235951546335,57.80951079529926,0.1842101384566861,0.7001990581152595,0.9390545643964058,0.5582133457191516,0.23296856880187988,0.10503339767456055
Normalizer,247,1,65.74901983154783,92.14952772687633,78.08144301721782,0.2163740208791561,0.8692106979778212,0.9181739879414298,0.8252051401145688,0.29631829261779785,0.08732724189758301
Normalizer,250,1,57.23649586241216,89.5553891336759,70.83902705657283,0.13029451565251318,0.8184138869979578,0.9085584734555072,0.7445424988388295,0.66188645362854,0.10609030723571777
Normalizer,253,1,73.67810183009837,93.57608189799869,79.4206067231484,0.31785124831570527,0.8756502353232598,0.9381634819532909,0.820947515095216,0.21544671058654785,0.09654998779296875
Normalizer,256,1,81.26170745497569,96.090333487145,69.60918283684066,0.32811962800635897,0.7980751770473943,0.964873765093304,0.6804458894565723,0.5516161918640137,0.13396620750427246
Normalizer,259,1,68.07299413998679,92.82861063461439,79.63241322765782,0.26394534349522314,0.8788162120411399,0.9253488571183974,0.8367394333488156,0.7573251724243164,0.11304211616516113
Normalizer,262,1,82.22756742133285,95.47822234263916,76.01120524733534,0.38649947004072027,0.8474075361814942,0.9661084134377168,0.7546833875212882,0.9031357765197754,0.12023067474365234
Normalizer,265,1,74.82715141861055,93.97727400957861,74.82918830281497,0.2982101960948518,0.842024013722127,0.9438569505864257,0.7600247716364762,0.8276486396789551,0.1067953109741211
Normalizer,268,1,82.55472505808557,95.77563881634063,80.1448483192129,0.3973884719953413,0.8783082077051926,0.9566684911512497,0.8118129741446044,0.7856683731079102,0.08510303497314453
Normalizer,271,1,67.80409328583032,91.47853183721013,77.09073517354469,0.26273067344949963,0.8604951112960266,0.930196995592336,0.8005109150023223,0.3067343235015869,0.09664773941040039
Normalizer,274,1,76.49939909316055,94.77387763803291,81.92128996993713,0.3367787422872892,0.8928658190946636,0.9359932088285229,0.8535376993342623,0.32418394088745117,0.09073114395141602
Normalizer,277,1,82.67886711217403,96.25745481146858,84.69527193222191,0.43525670517387294,0.9095607235142119,0.9505485232067511,0.8719616039634618,0.3669886589050293,0.09109306335449219
Normalizer,280,1,79.337564193306,95.27268823462937,85.11205247335337,0.4216508783042086,0.9127457654266607,0.9454168394856906,0.8822573153738968,0.7327194213867188,0.12535953521728516
Normalizer,283,1,62.528137093272676,92.4408490803068,46.42661929488931,0.1363656768473714,0.5813891409962095,0.9366936177533115,0.42150487691593125,0.2735724449157715,0.09509515762329102
Normalizer,286,1,72.98678861074266,94.27641183939387,76.79010658649904,0.2715129181717372,0.8579552582061468,0.9328907883968355,0.7941631831552872,0.9240939617156982,0.10147571563720703
Normalizer,289,1,82.5913873143772,96.41455431934563,85.40584859251162,0.4275773746860848,0.9146078196210122,0.9456845238095238,0.8855085926614027,0.4257528781890869,0.10180020332336426
Normalizer,292,1,72.49448072294824,93.87471581771709,71.56326865263733,0.2508289941564449,0.8184435526086198,0.9375374775134919,0.7261960055736182,0.3054327964782715,0.09940552711486816
Normalizer,295,1,82.36291339605907,95.80535650057203,77.64416507242416,0.4139577106438697,0.8589168678854777,0.9694374148335605,0.7710171853228054,0.769827127456665,0.12399744987487793
Normalizer,298,1,81.27855952140854,95.70182883480129,81.37469253894507,0.3984457322571945,0.8872062231049321,0.9529777777777778,0.829927233317851,0.3703627586364746,0.09683752059936523
Normalizer,301,1,80.55587847839718,95.63019908861325,87.14129543591145,0.4257798189255306,0.9262828045436741,0.9375198223913733,0.9153119677968726,0.9079766273498535,0.14020490646362305
Normalizer,304,1,74.54468329920564,94.80878139197294,72.52664662476086,0.26185974896272873,0.8256061066053693,0.9387513561495217,0.7368013624400062,0.4735093116760254,0.09673070907592773
Normalizer,307,1,76.28822783128685,94.1935215679324,78.6758677234217,0.34647792425333895,0.8692446269219489,0.9473107478769062,0.803065490013934,0.21141362190246582,0.10549139976501465
Normalizer,310,1,78.63823497764444,95.13622472814431,67.75758403935501,0.30860263563504553,0.7832835820895523,0.9628542395845094,0.660164112091655,0.8889021873474121,0.12225937843322754
Normalizer,313,1,82.08744293953387,95.821945049078,82.80951079529926,0.4321984411210206,0.8964523829121739,0.9570298769771529,0.8430871651958507,0.8945004940032959,0.15819573402404785
Normalizer,316,1,80.00221374872686,94.93598822565934,81.82563541951353,0.3981824495935627,0.8904448105436573,0.951417004048583,0.8368168447128038,0.9773495197296143,0.09399986267089844
Normalizer,319,1,82.16963956944502,96.37187596194194,84.38097840940148,0.40268614858405616,0.9082001445667015,0.9435914552736983,0.8753677039789441,0.8503744602203369,0.11370563507080078
Normalizer,322,1,80.1521881281788,95.71739347516268,84.01202514348182,0.41663584257186614,0.9053091615409518,0.948448363574699,0.8659235175723796,0.6118898391723633,0.10006451606750488
Normalizer,325,1,79.32195800825517,94.68590455468626,80.1516807871003,0.39990166050286735,0.878273622459669,0.9573399104777565,0.8112710945966868,0.7650599479675293,0.1253499984741211
Normalizer,328,1,79.5062650936389,95.23131403584834,87.90653183930036,0.4663486097545029,0.9305501059405163,0.9435073201782305,0.9179439541724725,0.7871527671813965,0.11041426658630371
Normalizer,331,1,70.46871139006839,93.31714117372876,79.78955998906805,0.28056400741530085,0.8794424519074013,0.9286452057152694,0.835191206069051,0.721710205078125,0.13223934173583984
Normalizer,334,1,76.77328572579508,94.73841819181409,87.08663569281224,0.4105354402101062,0.9262179887570269,0.9342416128524177,0.9183310109924137,1.0548326969146729,0.10716009140014648
Normalizer,337,1,74.7217065970523,94.32862662348552,63.84941240776168,0.2562319300758301,0.7518874560375146,0.9536100868324016,0.6206069050936678,0.7677154541015625,0.11759305000305176
Normalizer,340,1,78.48903336006234,95.31051994701203,76.46898059579121,0.3407613313474384,0.8528708133971292,0.9515729265967589,0.7727202353305466,0.2582275867462158,0.10468459129333496
Normalizer,343,1,77.94106634108834,95.12244712681128,87.87236949986334,0.44469860957647955,0.930742518241055,0.938321139170797,0.9232853382876607,0.5620782375335693,0.11550211906433105
Normalizer,346,1,73.52200393238915,94.029106886174,79.29078983328777,0.29931194685388235,0.8753034105401736,0.9340591799104399,0.8235020901068277,0.6719918251037598,0.11607170104980469
Normalizer,349,1,76.2026044643377,94.76687945301323,84.29215632686527,0.35560662848436286,0.9087010047257853,0.9329690940226698,0.8856634153893792,1.0802443027496338,0.12230229377746582
Normalizer,1,3,74.37846740278657,95.00188461148117,57.3312380431812,0.27623838625805225,0.6867947239079192,0.9752172055262783,0.5300356092274345,0.7880270481109619,0.019062519073486328
Normalizer,4,3,72.49028347699044,94.43599935747939,56.70948346542771,0.27021228143371007,0.6809346359149965,0.9742074927953891,0.5233782319244465,0.5477969646453857,0.013908147811889648
Normalizer,7,3,67.53125202202268,93.24097230479782,49.56272205520634,0.23264371157919508,0.6062933333333334,0.9746227709190672,0.4400061929091191,0.46673011779785156,0.013664007186889648
Normalizer,10,3,47.00200161094941,85.74913347914026,51.236676687619564,0.054832475180337646,0.6455425875341445,0.9005126783982265,0.5030964545595293,0.6562132835388184,0.015456676483154297
Normalizer,13,3,45.86180611616463,85.10273265348822,58.205793932768515,0.04726220517473898,0.7157395789767182,0.8953610045343565,0.596144914073386,0.6464323997497559,0.030178070068359375
Normalizer,16,3,64.31298946466482,92.32225354935049,73.80431811970483,0.1991103174429616,0.8382960776043863,0.9208673091178651,0.7693141353150642,0.8425641059875488,0.024817228317260742
Normalizer,19,3,67.37022016368674,93.98841521229,57.65919650177644,0.25047741002464224,0.6925938786646163,0.9640933572710951,0.5404087320018579,0.4688756465911865,0.034578800201416016
Normalizer,22,3,35.204532268643206,82.27613493102707,13.30964744465701,0.03307607825069015,0.03630563572839131,0.9637096774193549,0.0185013159931878,0.700523853302002,0.035520315170288086
Normalizer,25,3,63.61314657639006,91.86512864457808,82.65236403388904,0.2194198677624185,0.9006378898759441,0.9107241788682232,0.8907725654126025,0.41388440132141113,0.018723249435424805
Normalizer,28,3,40.92563309248396,84.8292833502507,73.5036895326592,0.030151929213821628,0.8422422911073143,0.887517146776406,0.8013624400061929,0.9553453922271729,0.04999828338623047
Normalizer,31,3,47.17115760719401,86.28376523200255,76.32549877015578,0.1304021017702446,0.8593121929432782,0.9035949107676543,0.8191670537234866,0.8031094074249268,0.03456258773803711
Normalizer,34,3,55.82189555647956,89.61588408649128,46.795572560808964,0.10085392642760785,0.5903950344537373,0.9210569505990481,0.4344325747019662,1.0290377140045166,0.019685983657836914
Normalizer,37,3,59.348100339546605,89.65193688233437,65.4755397649631,0.13024027521338202,0.7747313985109893,0.9133816882161253,0.6726273416937606,0.8604986667633057,0.04194521903991699
Normalizer,40,3,59.89554918000728,91.16890232196022,59.27165892320306,0.17048286956068895,0.715668972096351,0.9322728967317012,0.5807400526397275,1.1454131603240967,0.04080367088317871
Normalizer,43,3,57.01887440452277,89.5571746115908,62.537578573380706,0.1300709255348892,0.749096233926692,0.9160604364857303,0.633612014243691,0.6781959533691406,0.02121424674987793
Normalizer,46,3,64.38306522326465,91.51351225515495,73.25088822082536,0.22474130054073374,0.832970689875848,0.9278585685771314,0.7556897352531352,0.36242222785949707,0.03427290916442871
Normalizer,49,3,60.16208668955303,90.70137875177645,73.49685706477179,0.13880718262582947,0.8383547943492936,0.9079339290549688,0.7786809103576405,0.5395910739898682,0.022889375686645508
Normalizer,52,3,61.70414989795938,91.37512383563671,71.61109592784915,0.15591523288170653,0.8232742120709455,0.9136222033418295,0.7491871806781235,0.6794793605804443,0.04647397994995117
Normalizer,55,3,57.30871642946707,89.13127681522145,71.40612189122712,0.15660370463280077,0.8216492648625613,0.9140039821750261,0.7462455488465707,0.7739531993865967,0.024561405181884766
Normalizer,58,3,59.15980778551051,90.76220064884237,60.07105766602897,0.1334878519651035,0.7262763466042155,0.9194734345351043,0.6001703050007741,0.7576699256896973,0.026173830032348633
Normalizer,61,3,59.31435565357991,90.30847479866516,78.58704564088549,0.18667868864371778,0.8736595984842377,0.9115074024226111,0.8388295401764979,0.493818998336792,0.025002002716064453
Normalizer,64,3,62.13568896384303,92.29054028631572,50.92238316479912,0.16869603455744492,0.6293792889943759,0.943679405848677,0.47213190896423596,0.6296837329864502,0.026448488235473633
Normalizer,67,3,60.98351678655065,90.53178290796528,88.38480459141842,0.2897989632593858,0.9365150496676377,0.9046897546897547,0.9706610930484595,0.6774771213531494,0.026561498641967773
Normalizer,70,3,60.17909646248991,90.53527840848763,68.09237496583766,0.16500152189264247,0.7946530648140006,0.9197882736156352,0.6994890849976777,0.6556017398834229,0.029617786407470703
Normalizer,73,3,56.31021797562163,90.30550321080702,52.31620661382892,0.10627839480725236,0.6514856429463171,0.9178274940199803,0.5049543272952469,0.6034798622131348,0.03766322135925293
Normalizer,76,3,64.75482901821303,91.91571632638001,72.60180377152227,0.21238625301083594,0.8284712122508341,0.9258126195028681,0.7496516488620529,1.0807154178619385,0.033245086669921875
Normalizer,79,3,61.2844883847808,91.07054427550814,69.62284777261547,0.16425394470847957,0.8071651630811936,0.9178338922864471,0.7203127419105124,0.9018802642822266,0.07224225997924805
Normalizer,82,3,63.46052272767007,90.82616539678797,80.30882754851052,0.22247092639696836,0.8846830985915493,0.9156037767102866,0.8557826288899211,0.4249842166900635,0.031781673431396484
Normalizer,85,3,74.66775520201662,94.67776252322983,72.60180377152227,0.27124498901432537,0.8257582341183627,0.9411648177496038,0.7355627806161945,0.8766641616821289,0.055231571197509766
Normalizer,88,3,64.82215617774226,92.69555756521348,62.5239136376059,0.16906846024721925,0.7461705770743672,0.927626280059832,0.6240904164731382,0.33809852600097656,0.0348966121673584
Normalizer,91,3,59.207966845947425,90.5407518214324,70.41541404755398,0.13853354327145428,0.8147197261446298,0.9108304630692691,0.7369561851679827,0.9193956851959229,0.062361717224121094
Normalizer,94,3,66.65106949341606,92.83094939924514,62.920196775075155,0.22608069961687882,0.7455815479818105,0.9452038511826935,0.6155751664344326,0.6329896450042725,0.06301283836364746
Normalizer,97,3,77.57976524620868,95.37806139983613,80.92374965837661,0.3530180418653543,0.8853576414552025,0.942724728926198,0.834571915157145,0.7560224533081055,0.04372429847717285
Normalizer,100,3,68.81854713198557,93.16592682052189,66.60289696638426,0.21774406603184177,0.7789835413275457,0.9365079365079365,0.6668214893946431,0.4089517593383789,0.04676222801208496
Normalizer,103,3,65.25155719402099,92.21503904695365,71.80923749658376,0.19706543108586858,0.8229640435939243,0.9231805929919138,0.742374980647159,0.29511427879333496,0.03655409812927246
Normalizer,106,3,63.571009651457814,91.62844454147088,56.38835747471986,0.16685736550116348,0.6875825950761099,0.9349128177825103,0.543737420653352,0.6977977752685547,0.05382704734802246
Normalizer,109,3,72.47988160657329,93.39261308794447,79.88521453949167,0.326806191329094,0.8787179698442779,0.9391511095456146,0.82559219693451,0.9449584484100342,0.07941508293151855
Normalizer,112,3,68.81434538012763,92.76718643959265,78.04728067778082,0.2504710778725085,0.8678919452325151,0.9255459089713234,0.816999535531816,0.22276973724365234,0.0385134220123291
Normalizer,115,3,66.93363674262352,92.83580671517649,77.05657283410768,0.21835362221328328,0.8617651901860695,0.9202567258660102,0.8102647468648397,0.9244868755340576,0.061539411544799805
Normalizer,118,3,68.42857950056963,92.73790161274404,74.70620388084176,0.22962360869926404,0.8439160131545661,0.9266666666666666,0.7747329307942405,0.6950507164001465,0.051886796951293945
Normalizer,121,3,70.40929208524226,93.69506400978042,63.64443837113966,0.20994576991056096,0.7533719582850521,0.9387778676215779,0.6291221551323735,0.4368777275085449,0.05549335479736328
Normalizer,124,3,79.60572157394334,95.80552856654776,81.68898606176552,0.37870335482216066,0.8900467711495856,0.9468400837988827,0.8396810651803684,0.5275797843933105,0.09267854690551758
Normalizer,127,3,75.74729677534357,95.07749033376543,73.31238043181197,0.29037126214904296,0.830498177399757,0.9449930871025084,0.7407493420034061,0.7328784465789795,0.04444265365600586
Normalizer,130,3,73.2642619398693,93.6990361126305,78.14293522820442,0.3096328477768112,0.8666027271590009,0.9392569827352436,0.804381483201734,0.2725684642791748,0.04290199279785156
Normalizer,133,3,78.1916597230746,95.77408982594305,67.97622301175184,0.29138326840520523,0.7862647635551097,0.9567195649761403,0.6673633689425608,0.7127053737640381,0.05531668663024902
Normalizer,136,3,74.7224883707224,94.7797302832433,56.6206613828915,0.25479997859315695,0.6815149235013794,0.9680775260082657,0.52585539557207,0.7648642063140869,0.06524467468261719
Normalizer,139,3,76.85805071877216,95.2432266581607,79.87838207160426,0.3096923671329379,0.8791993108823167,0.9350841985865108,0.8296175878618981,0.7695515155792236,0.04793286323547363
Normalizer,142,3,75.20857586340706,95.41415532718105,71.26947253347909,0.2733873327213542,0.8149289203820255,0.9444047740487606,0.7166744078030655,0.6264674663543701,0.07448410987854004
Normalizer,145,3,67.2093009528537,92.44444257600509,84.75676414320853,0.2916828260142732,0.9131399649600934,0.9185399859011514,0.9078030654900139,0.24048399925231934,0.06411194801330566
Normalizer,148,3,69.89887498488272,93.35701879044997,80.0970210440011,0.24864835712807684,0.8825166364186328,0.9211922202576408,0.8469577333952625,0.8285644054412842,0.04803633689880371
Normalizer,151,3,73.24034912795513,93.93705406232128,64.63514621481279,0.2538036513998594,0.7592110160029772,0.951270692469107,0.6316767301439852,0.843350887298584,0.08568763732910156
Normalizer,154,3,70.87147352486294,93.03164383831715,67.620934681607,0.21907314901934938,0.787612602518711,0.9352847259180415,0.6802136553646075,0.5163719654083252,0.07287096977233887
Normalizer,157,3,60.09244124441426,90.79050858064804,87.58540584859252,0.2991962424757296,0.9313121385098099,0.9100849649057998,0.9535531816070599,0.5959718227386475,0.07135391235351562
Normalizer,160,3,64.55187201225029,92.13775973955912,51.742279311287234,0.15622338320907928,0.6398449849574218,0.9373972807410728,0.4856788976621768,1.107875108718872,0.08040976524353027
Normalizer,163,3,72.67031896906447,93.97089761977702,89.54632413227658,0.42530507590807554,0.9419883218321073,0.9231569560047562,0.9616039634618362,0.8035941123962402,0.09033417701721191
Normalizer,166,3,70.2941167723841,93.66533519660665,78.35474173271386,0.24568004367446997,0.8702596445245311,0.9239130434782609,0.8224957423749807,0.5520081520080566,0.09315204620361328
Normalizer,169,3,71.38531060341032,93.57199926250358,80.9374145941514,0.3057905961803862,0.8868245984098653,0.9315663882733936,0.8461836197553801,0.42060279846191406,0.0924689769744873
Normalizer,172,3,60.019096455280476,91.47904650441463,48.23722328505056,0.11434161850519041,0.605457764816165,0.9250477402928071,0.44999225886360117,0.4704113006591797,0.09575152397155762
Normalizer,175,3,77.66250709003383,95.25747355538515,78.12927029242962,0.3036945814651581,0.8667083073079326,0.9378210327115437,0.8056200650255457,0.8315818309783936,0.06799435615539551
Normalizer,178,3,61.17198957659139,91.46007313919921,78.66220278764689,0.1766792972910399,0.8744623547855449,0.9095242077096747,0.8420034061000155,0.5334324836730957,0.05596113204956055
Normalizer,181,3,75.49844041785194,94.63079785023243,75.53976496310467,0.29351631722376614,0.8476855003403676,0.9410542225580956,0.7711720080507819,0.8145856857299805,0.06418991088867188
Normalizer,184,3,55.97831787899712,90.00916936987394,66.43891773708663,0.11299692992895016,0.7838598961541846,0.9081362153344209,0.6895030190431956,0.6984865665435791,0.09834980964660645
Normalizer,187,3,75.70173761927343,94.5636822086357,72.15769335884121,0.2898344415526905,0.8212954435819848,0.9472938796155792,0.7248800123858182,0.5309562683105469,0.07457113265991211
Normalizer,190,3,71.80369244095604,93.65524639546693,85.41951352828642,0.3469947729005772,0.9164382488840159,0.9272583201267829,0.9058677813903081,0.8179028034210205,0.08936691284179688
Normalizer,193,3,78.24307880224524,95.34215589008032,66.77370866356928,0.2886897001361688,0.7759295949868682,0.958451906659078,0.6518036847809259,0.2206733226776123,0.06256318092346191
Normalizer,196,3,63.67667526212173,92.50785904177184,64.22519814156874,0.1772357120693219,0.7608477208367589,0.9279188948306596,0.6447592506579966,0.255521297454834,0.07637929916381836
Normalizer,199,3,69.41109102080446,92.95178763649226,74.931675321126,0.24890592792620134,0.8448560192819993,0.9309477215543752,0.7733395262424524,0.9401569366455078,0.0956110954284668
Normalizer,202,3,70.64408552847269,93.96700806125826,62.76305001366494,0.21012008764450874,0.7453271028037384,0.9402263617071446,0.6173556278061619,0.30724406242370605,0.0898885726928711
Normalizer,205,3,73.5129222907059,93.91289771987293,76.84476632959824,0.29318626848223384,0.8575631488252847,0.9381149425287356,0.7897507354079579,0.3574531078338623,0.06126880645751953
Normalizer,208,3,61.3521805222194,91.11574705993321,68.44083082809512,0.1599380279793234,0.7977936348115396,0.9180856423173803,0.7053723486607834,0.9933698177337646,0.08962655067443848
Normalizer,211,3,56.20472133621206,90.39214992881591,61.41705383984696,0.11264431396662575,0.7402603376109654,0.9120480562167064,0.6229292460133148,0.7441496849060059,0.06636953353881836
Normalizer,214,3,55.41615727465859,89.28004298699503,76.81743645804865,0.18624503127946815,0.8610849539406346,0.9138785087338142,0.8140579037002632,0.8002028465270996,0.08484983444213867
Normalizer,217,3,74.80697399789233,94.7813265608398,81.60016397922931,0.3282315838570944,0.8908523487212743,0.9349213100808167,0.8507508902306858,0.31248974800109863,0.08037376403808594
Normalizer,220,3,75.03378749201781,94.50607409872094,76.75594424706203,0.2988365920035785,0.8566854831915073,0.9397412199630314,0.7871187490323579,0.7295670509338379,0.11266136169433594
Normalizer,223,3,69.03678589819081,93.69877183338903,66.01530472806778,0.23815301911482775,0.772565157750343,0.9436997319034852,0.6539712029725964,0.41147375106811523,0.09148740768432617
Normalizer,226,3,66.08873766487314,92.19986217062741,73.77698824815523,0.23786821413157055,0.8364720920323817,0.9302501895375285,0.7598699489084998,0.48250913619995117,0.08658313751220703
Normalizer,229,3,58.563294198689654,90.15318438960793,64.6693085542498,0.1263930933682245,0.7680645884727517,0.9130852084888557,0.662796098467255,0.3001136779785156,0.07308197021484375
Normalizer,232,3,56.63421247049312,90.9192886977977,61.82700191309101,0.10024887205014504,0.7448508928163675,0.9082303151798641,0.631289673324044,0.5909554958343506,0.09937047958374023
Normalizer,235,3,62.519785407408165,91.07187459374073,84.94807324405575,0.25964884216919865,0.9149781945891706,0.9123374124528593,0.9176343087165196,0.5775156021118164,0.10185122489929199
Normalizer,238,3,67.16334978347348,92.66942744905329,84.34681606996448,0.2783688192342844,0.9106927065060617,0.9172359638790735,0.9042421427465552,0.30665135383605957,0.07645606994628906
Normalizer,241,3,63.82961452384982,92.5366430855263,51.85843126537305,0.13862552694225627,0.6430597771023303,0.9303723248314277,0.49132992723331786,0.6708774566650391,0.08917069435119629
Normalizer,244,3,66.82363195014817,92.27764195087349,76.61246242142661,0.21536019730654934,0.8586296617519514,0.9203187250996016,0.804691128657687,0.7189431190490723,0.0999908447265625
Normalizer,247,3,81.71765948768636,96.09826862531388,86.94998633506422,0.44497542589434813,0.9246250986582478,0.9430848494606343,0.9068741291221551,0.5921370983123779,0.08577466011047363
Normalizer,250,3,61.34410369626197,91.25399801099331,79.81688986061766,0.18760467087981186,0.8821793235481813,0.9099062037189403,0.856092274345874,0.25172972679138184,0.09111404418945312
Normalizer,253,3,65.36609266906272,92.27383130839854,79.98770155780268,0.2331160959327765,0.8821754696488193,0.9182648019428858,0.8488156061309801,0.798872709274292,0.1005256175994873
Normalizer,256,3,53.348742159959095,88.95737588460338,58.54741732713856,0.08575574604491852,0.715818071104033,0.9062981852686514,0.591500232234092,0.7776319980621338,0.15881896018981934
Normalizer,259,3,60.776844665942484,92.17847060299191,44.431538671768244,0.16051554139158017,0.5536468909500027,0.951159720912691,0.3904629199566496,0.7516617774963379,0.08794069290161133
Normalizer,262,3,64.68434547565272,91.65990316544278,71.03716862530746,0.20779367864096296,0.8163424461678437,0.92699006198957,0.7292924601331475,0.5886409282684326,0.0956275463104248
Normalizer,265,3,69.46096457623541,93.65693943107311,81.49084449303088,0.27542244691633155,0.8914880833166433,0.9237154478293351,0.8614336584610621,0.9453380107879639,0.11406373977661133
Normalizer,268,3,70.42773924031606,92.8850797737493,74.9795025963378,0.2734198032246976,0.8442232431512676,0.9370160528800755,0.7681529648552408,0.5971972942352295,0.1016244888305664
Normalizer,271,3,61.254235771403785,91.7125758303243,48.65400382618202,0.1466421378433139,0.6062765232881019,0.9379153833684551,0.4479021520359189,1.1918652057647705,0.12297749519348145
Normalizer,274,3,61.43294878179386,91.27717042304305,65.68051380158512,0.16465551693401226,0.7743587439917344,0.9225088301402119,0.6672085462145843,0.8040618896484375,0.12430644035339355
Normalizer,277,3,64.10911550802852,91.89134706070807,60.200874555889584,0.17733631301288685,0.7239728948490736,0.933292608430055,0.5913454095061155,0.13733148574829102,0.13043594360351562
Normalizer,280,3,64.41628046596776,90.780167423296,86.8065045094288,0.30671650042670884,0.9262160406556876,0.9145099222817475,0.9382257315373896,0.6619241237640381,0.08685469627380371
Normalizer,283,3,75.2115948164846,95.01518285386612,77.77398196228478,0.273214006532169,0.8651494424408241,0.93128067826863,0.8077875832172163,0.4755563735961914,0.10654330253601074
Normalizer,286,3,83.50560741245803,96.18570610979111,76.79010658649904,0.3951266512309557,0.8531027027027027,0.9663956108552954,0.763585694379935,0.32079648971557617,0.11997747421264648
Normalizer,289,3,80.99365596299106,95.39882803507491,89.58731893960098,0.49468147193054285,0.9410627272024131,0.9402627511591963,0.9418640656448367,0.23918366432189941,0.09659171104431152
Normalizer,292,3,76.99182413435804,94.64978872267199,84.43563815250069,0.39362117870613894,0.9087924407431134,0.9412008624979267,0.8785415699024617,0.5499918460845947,0.10842418670654297
Normalizer,295,3,74.0115136562117,94.01100705351348,82.12626400655917,0.32127811337325374,0.8947029463854452,0.9319134663759853,0.8603498993652268,0.8055849075317383,0.10609579086303711
Normalizer,298,3,68.42480355627265,92.60193735990295,70.86635692812244,0.20383317543566143,0.8151712180320763,0.9262214342001576,0.7278990555813594,0.5560598373413086,0.10012006759643555
Normalizer,301,3,71.46511910626013,93.40086109756844,59.10767969390543,0.21396102863975536,0.7103518366161738,0.9475790832795352,0.5681220003096454,0.8839149475097656,0.09947013854980469
Normalizer,304,3,77.87897278454354,95.53106993955079,68.10603990161246,0.2752239365793976,0.7883760993743767,0.9513129102844639,0.67309180987769,0.4124472141265869,0.13712525367736816
Normalizer,307,3,71.05818901385852,93.18502588270022,84.51762776714949,0.3355864353696979,0.9106607790569311,0.9279286517756709,0.8940238427001084,0.875685453414917,0.10475707054138184
Normalizer,310,3,71.75959319652341,93.07749132487518,71.24214266192949,0.26009710323491925,0.815386639764902,0.9406942617144014,0.7195386282706301,0.2846639156341553,0.0950925350189209
Normalizer,313,3,68.77205525459146,91.94173292796363,84.5381251708117,0.31799050535067114,0.9111678115799804,0.9242653500039818,0.8984362904474377,0.7802948951721191,0.10798430442810059
Normalizer,316,3,75.31476190553434,94.28862134371938,63.48045914184204,0.24909655360256092,0.7490256843686904,0.9519035684449219,0.6174330391701501,0.7578845024108887,0.1141669750213623
Normalizer,319,3,73.97113628527467,93.88608498814644,63.610276031702654,0.25873861846480994,0.7495061612266014,0.9549376797698945,0.6168137482582443,0.9729375839233398,0.12042021751403809
Normalizer,322,3,68.7335613499028,92.14557686543617,69.43837113965564,0.23092491523838996,0.8021584324826396,0.9357135486533897,0.7019662486453011,0.40296411514282227,0.1357591152191162
Normalizer,325,3,80.31003882103303,95.834642372702,76.71494943973764,0.3424183291955427,0.8546819034623913,0.951395481298652,0.7758166898900759,0.6830060482025146,0.13957571983337402
Normalizer,328,3,82.85895216914933,95.89257308193204,71.69991801038536,0.3637389462170633,0.8136919755307664,0.9711187459738029,0.7001857872735717,0.9992868900299072,0.10203719139099121
Normalizer,331,3,71.86225111886006,93.58814724321019,66.60289696638426,0.22253763763953388,0.7786833288055782,0.9379363001745201,0.6656603189348196,0.5493841171264648,0.13237214088439941
Normalizer,334,3,67.91066458241751,92.58853464004879,85.85679147308008,0.2942149645261963,0.9202865064695009,0.915632183908046,0.9249883882954018,0.4002683162689209,0.12984371185302734
Normalizer,337,3,65.26107590801547,91.29061523527845,87.15496037168626,0.3274568627436853,0.9281290618548819,0.9168429003021148,0.9396965474531661,0.8771476745605469,0.12824058532714844
Normalizer,340,3,79.93425351023136,95.68140515624847,79.09948073244055,0.34014944839832395,0.8725788311742408,0.944539633871404,0.8108066264127574,0.9365475177764893,0.12869501113891602
Normalizer,343,3,74.54803118299164,94.03279563758522,73.81115058759224,0.2918652242584674,0.8343632513720237,0.9443411914310867,0.7473293079424059,0.6508603096008301,0.10797405242919922
Normalizer,346,3,76.443271348369,94.29685126947476,84.05301995080623,0.3727140471871654,0.9066773290683726,0.9376447237843202,0.8776900448985911,0.8966631889343262,0.12736034393310547
Normalizer,349,3,77.70110688337523,94.40149168329658,80.8212626400656,0.35590679585398466,0.8845378635185719,0.9437373826033529,0.8323269856014863,0.49345922470092773,0.11150979995727539
Normalizer,1,5,69.58362193623574,93.98784580183704,62.74938507789013,0.25245316574519844,0.7420026500094643,0.9544679814950086,0.6069050936677505,0.7977867126464844,0.023729324340820312
Normalizer,4,5,60.91931672170172,92.08432719734289,36.717682426892594,0.1643773196511182,0.4487561004642304,0.970648815653965,0.2918408422356402,0.9363517761230469,0.013200759887695312
Normalizer,7,5,51.38033518850252,90.11872203785212,39.204700737906535,0.16467227315863872,0.48405427345471413,0.9644177449168208,0.3231150332868865,0.9016740322113037,0.028890609741210938
Normalizer,10,5,33.32796905924556,81.4685872112713,88.51462148127905,0.13845322597321022,0.938848266579359,0.8855946743531673,0.9989162409041648,0.8232114315032959,0.02923107147216797
Normalizer,13,5,59.98622140803611,91.53631228357649,57.3517354468434,0.1510811501029853,0.6986579125229313,0.9281682914315034,0.5601486298188574,0.4925258159637451,0.029186725616455078
Normalizer,16,5,65.26049464690054,92.5061722644409,61.92265646351463,0.19986166660455812,0.7383445232170525,0.9381935329912898,0.6086855550394797,0.5796573162078857,0.015851736068725586
Normalizer,19,5,54.97379954259707,90.6550764909078,45.37441924022957,0.0999217076122639,0.5735772574537309,0.9221402846853027,0.41624090416473136,0.6125633716583252,0.03436017036437988
Normalizer,22,5,66.8686143510035,92.69649207162924,71.01667122164525,0.2141125923372769,0.8158694331105131,0.9286561264822134,0.7275119987614181,0.6752116680145264,0.01703667640686035
Normalizer,25,5,65.35530329123561,92.20889578562984,82.65236403388904,0.25776587297315745,0.8998224501874137,0.917598776856844,0.8827217835578263,0.5615205764770508,0.016602277755737305
Normalizer,28,5,61.5032273058989,91.93949722802401,74.61738179830554,0.17109065959885514,0.8454980245373258,0.9135436326053743,0.7868865149403933,0.7107007503509521,0.0174102783203125
Normalizer,31,5,58.11798059615222,89.5834199522808,65.3867176824269,0.11563420857165957,0.7748644564927561,0.9096410684474123,0.6748722712494194,0.6951656341552734,0.03763008117675781
Normalizer,34,5,58.598426701891995,89.85902575393433,60.426345996173815,0.12365304341743905,0.7303538175046554,0.9161410885307171,0.6072147391237034,0.43477892875671387,0.03911733627319336
Normalizer,37,5,65.8273053401585,91.86608979274776,74.61054933041815,0.2255819895055508,0.843352162549532,0.9258607922991484,0.7743458739742994,0.8144729137420654,0.03731703758239746
Normalizer,40,5,58.41812761466119,89.92253541970405,58.62257447389997,0.12520817400227924,0.7132575757575758,0.9183126066812972,0.5830623935593745,0.5679802894592285,0.028087615966796875
Normalizer,43,5,48.01627522110002,88.04792628413041,43.07187756217546,0.059571985537478105,0.5509324134957422,0.9068488289567069,0.3956494813438613,0.7778463363647461,0.038092613220214844
Normalizer,46,5,58.26098885402524,90.08334297536686,64.6693085542498,0.14306626738073858,0.7669986031631596,0.9176280323450134,0.6588481189038551,0.5281720161437988,0.04489326477050781
Normalizer,49,5,57.51206770168995,89.85172014162693,71.11915823995628,0.13574267171717544,0.8203493561137319,0.9095278484591461,0.7470970738504412,0.42197322845458984,0.046407461166381836
Normalizer,52,5,58.444009504925944,89.62332230022916,78.06777808144302,0.14845895629680866,0.8710843373493976,0.9051076614922383,0.839526242452392,0.9791271686553955,0.025956392288208008
Normalizer,55,5,54.21449679639514,88.69687507552872,58.59524460235037,0.09716188924144983,0.7153325817361894,0.9096774193548387,0.5894101254064097,0.7791895866394043,0.04003286361694336
Normalizer,58,5,57.52076859481342,90.1865723904248,65.28423066411588,0.1296024769009874,0.7731392597222843,0.9133874881316595,0.6702275894101254,0.4740102291107178,0.02452230453491211
Normalizer,61,5,64.17977252774327,92.6686226551664,68.3246788740093,0.1857409213776006,0.7954284705674698,0.9249794745484401,0.6977086236259483,0.39496707916259766,0.025711536407470703
Normalizer,64,5,56.81807797766552,89.84928334510126,75.0204974036622,0.1326078574638079,0.8498315945124456,0.9052327616380819,0.8008205604582753,0.7874290943145752,0.03174114227294922
Normalizer,67,5,53.702712155350454,89.5799645001753,44.04892047007379,0.08482270120910657,0.5594706546882565,0.9169458649268206,0.40253909273881405,0.8239200115203857,0.03288722038269043
Normalizer,70,5,60.07785789868969,90.50752186471573,79.68024050286964,0.19677549791150772,0.8810019206145967,0.9117939373861189,0.8522217061464623,0.7532181739807129,0.03451251983642578
Normalizer,73,5,63.77013213642208,91.83172316582919,65.25006832467888,0.17490084991374175,0.7699891461649783,0.9259299543180335,0.6590029416318316,0.30804872512817383,0.03392219543457031
Normalizer,76,5,62.03611758308565,91.42492501589068,68.76195681880294,0.14862878994050738,0.8010097493036211,0.9148936170212766,0.7123393714197244,1.3856334686279297,0.05256199836730957
Normalizer,79,5,56.9482128789079,89.72404950311584,65.98114238863077,0.11870716800233823,0.7797000132737489,0.9099452648972426,0.6820715281003251,0.33390140533447266,0.029832124710083008
Normalizer,82,5,58.93414329591453,90.7425255637302,73.46269472533479,0.15070764523902927,0.8376389933952011,0.9104870956015995,0.7755844557981112,0.7337019443511963,0.03430891036987305
Normalizer,85,5,54.65749887217321,89.31629172677025,58.63623940967477,0.11302655574259317,0.7144070195301444,0.9144927536231884,0.5861588481189038,0.8868937492370605,0.03192496299743652
Normalizer,88,5,58.220926896096294,90.47335824232266,81.03306914457502,0.17410994985750222,0.8907688675533171,0.9058098591549296,0.8762192289828147,0.2700772285461426,0.03237175941467285
Normalizer,91,5,59.35518361452854,90.01831621292828,72.20552063405302,0.17538874400374482,0.8270261076622162,0.9174528301886793,0.7528255147855705,0.8982679843902588,0.05290699005126953
Normalizer,94,5,61.95673263484672,90.85847676066183,70.18311013938234,0.18673678394793805,0.8105409394807676,0.9227955713720838,0.7226350828301594,0.45575451850891113,0.0410158634185791
Normalizer,97,5,57.572437751440496,90.45514325092527,68.91910358021318,0.1400580570563011,0.8027234485450366,0.9126318903461197,0.7164421737111007,0.9054975509643555,0.06374096870422363
Normalizer,100,5,63.31014957605788,91.61717529854405,58.77288876742279,0.15635963682781745,0.7120633708723039,0.9282159741229161,0.57756618671621,0.7818067073822021,0.0657353401184082
Normalizer,103,5,72.1924344675405,93.83497728298292,74.2279311287237,0.27345515220778316,0.8384305662640281,0.9385308784042962,0.757625019352841,0.4891538619995117,0.055239200592041016
Normalizer,106,5,61.99668645117289,90.79741250168773,71.24214266192949,0.18214764037291906,0.8191932643154775,0.9202779654473506,0.7381173556278061,0.879478931427002,0.059630393981933594
Normalizer,109,5,60.046456280783175,90.63206278744069,62.29160972943427,0.1274371269693276,0.7470785023601119,0.9155340896327081,0.630980027868091,0.569690465927124,0.07781577110290527
Normalizer,112,5,69.12026220373481,92.97149258264366,82.12626400655917,0.2906895372137484,0.8954770656864312,0.9253509496284062,0.8674717448521443,0.8547513484954834,0.06149864196777344
Normalizer,115,5,68.40661774340558,92.39373429010799,85.82262913364306,0.3646861200242291,0.9187580752515563,0.9294937811930603,0.9082675336739433,0.35724759101867676,0.055889129638671875
Normalizer,118,5,62.21664647122236,91.85499007883091,80.2063405301995,0.2002257046276883,0.8845402734048065,0.9116076562885074,0.8590339061774268,1.0488622188568115,0.06743097305297852
Normalizer,121,5,63.29845901820762,92.1344221569525,84.87291609729434,0.25004977362115216,0.9146557705651068,0.9109336609336609,0.918408422356402,0.6651437282562256,0.04483366012573242
Normalizer,124,5,70.8976482986352,93.38666120717139,69.45886854331785,0.22341157602600129,0.8027360988526037,0.9335865325395196,0.7040563554729834,0.6625418663024902,0.03876805305480957
Normalizer,127,5,58.8288584338104,91.36091944637002,76.46898059579121,0.1305739013628809,0.8603293048909076,0.9034923339011925,0.8211023378231924,1.1117300987243652,0.04317140579223633
Normalizer,130,5,67.11415436600994,92.54166138426595,76.83793386171085,0.22929795902714653,0.8598014888337469,0.9230154501864678,0.804691128657687,0.7031385898590088,0.0629427433013916
Normalizer,133,5,72.67571478445306,93.93335968260861,74.9863350642252,0.25928703115107565,0.844853159299911,0.9334207322783032,0.7716364762347112,0.7698187828063965,0.07480788230895996
Normalizer,136,5,68.411695892836,92.59836895685463,71.74091281770976,0.21836915406435606,0.82143165529747,0.9286411557985162,0.736414305620065,1.1552186012268066,0.045836448669433594
Normalizer,139,5,59.575402723834635,91.44291862541208,82.66602896966384,0.19635926849617732,0.9011879259980525,0.9068746570510308,0.895572069979873,0.8508913516998291,0.06250214576721191
Normalizer,142,5,64.2771179938435,92.24725520364387,82.93932768515988,0.24758007799331797,0.9019669427976915,0.9150800605432964,0.8892243381328379,0.7684323787689209,0.054012298583984375
Normalizer,145,5,60.184909073639204,90.09988650263494,87.42142661929489,0.28121859203181987,0.9305204362758048,0.9078724501067825,0.9543272952469423,0.41347622871398926,0.06584620475769043
Normalizer,148,5,61.61107151926877,91.49831689891437,83.26728614375513,0.19954484836734557,0.9050811984031627,0.9063106419312272,0.903855085926614,0.7555036544799805,0.0779876708984375
Normalizer,151,5,64.09985363034063,91.94919459635231,74.00245968843946,0.1716693011449312,0.840881528875507,0.9144156434743065,0.7782938535376993,0.46977972984313965,0.05203557014465332
Normalizer,154,5,61.84392291954932,91.01801542060002,83.19212899699372,0.2458590201588662,0.903688043222927,0.9142110266159695,0.8934045517882026,0.47423458099365234,0.07555675506591797
Normalizer,157,5,70.22258110214678,93.23556868172354,69.8824815523367,0.22258484878056897,0.8062587904360057,0.9326825299979662,0.7100170305000774,0.6237564086914062,0.06713581085205078
Normalizer,160,5,71.64344911514034,93.89448418274607,60.829461601530475,0.2245705903974636,0.7261000429984233,0.948333957319356,0.5882489549465861,0.9483067989349365,0.06886768341064453
Normalizer,163,5,69.44729818118441,93.34568187081676,73.70183110139382,0.22592076614533688,0.8364007310749352,0.927420114996701,0.7616504102802292,1.2557258605957031,0.10090517997741699
Normalizer,166,5,63.152211018151384,91.59615975888408,63.02268379338617,0.16474575494496532,0.7509892334590963,0.9257032667876588,0.6317541415079734,0.8378620147705078,0.07824325561523438
Normalizer,169,5,68.45747133211168,93.21682653313452,54.79639245695546,0.20741526335971258,0.6671697353858537,0.9527298850574712,0.5133147546059762,0.928551197052002,0.08193612098693848
Normalizer,172,5,62.13419751090472,91.05476192860095,82.57720688712763,0.23240943966818836,0.8998664886515354,0.9131335671023271,0.8869794085771792,0.6396915912628174,0.08762097358703613
Normalizer,175,5,58.160541075695335,90.78785828037653,45.13528286417054,0.11247975565371579,0.5689747718733226,0.9278711484593838,0.4102802291376374,0.7942876815795898,0.05848050117492676
Normalizer,178,5,71.14927353174794,94.2773509887176,61.88166165619021,0.1899220905380377,0.7387252376715215,0.9350326022525193,0.6105434277751974,0.8794052600860596,0.07753491401672363
Normalizer,181,5,60.95208813324343,92.55837822570747,47.71795572560809,0.15166044246178859,0.5947463192458426,0.9414822266934944,0.43466480879393093,0.3858160972595215,0.07916259765625
Normalizer,184,5,60.89815250885814,90.86936151168852,82.20825362120799,0.2179097037634476,0.897705845380264,0.9113096187589728,0.8845022449295556,0.6808366775512695,0.09393453598022461
Normalizer,187,5,62.46934185561258,91.32519637616949,73.10740639518994,0.16700981090296335,0.8343015913109371,0.9144518272425249,0.7670692057594055,0.7286660671234131,0.09343194961547852
Normalizer,190,5,67.88747496747192,93.48564629073068,61.0685979775895,0.21009332006182763,0.7295424340231631,0.9429447852760736,0.5949063322495742,0.8938441276550293,0.09431004524230957
Normalizer,193,5,67.25953723324396,92.70606528492308,79.33178464061218,0.22073382310181647,0.8779306726927888,0.9169687262918318,0.8420808174640038,0.993229866027832,0.07496809959411621
Normalizer,196,5,70.17947991458978,92.96602442083265,71.65209073517354,0.24883244920882533,0.8192550642561534,0.9368337152535618,0.7278990555813594,1.0004737377166748,0.09000587463378906
Normalizer,199,5,54.26246660902721,88.34702861205605,83.8343809784094,0.1847597786917772,0.9090279913872654,0.9030557677616501,0.9150797337049079,0.9719371795654297,0.08818793296813965
Normalizer,202,5,50.195031127659185,87.9842983609332,78.05411314566821,0.09900942308543417,0.872286282306163,0.8967462393721386,0.849125251586933,0.2146294116973877,0.07005429267883301
Normalizer,205,5,60.54217513496523,90.41415241278055,84.06668488658103,0.20923506360137922,0.9101210205812071,0.9062787841571999,0.9139959746090726,1.0734150409698486,0.11043763160705566
Normalizer,208,5,61.528663112052186,90.23300660164324,79.96037168625307,0.24008639297601808,0.8817958328295652,0.919714165615805,0.8468803220312742,0.16380047798156738,0.05986952781677246
Normalizer,211,5,69.91961113721528,93.19610581028881,75.98387537578574,0.24419202743160606,0.8529596318761765,0.927914808409939,0.7892088558600403,0.8020367622375488,0.09012508392333984
Normalizer,214,5,52.88688739809682,89.91032409467849,39.34818256354195,0.07908974633580357,0.4996336170452624,0.9189301264772963,0.34308716519585075,1.081935167312622,0.09346914291381836
Normalizer,217,5,62.88461011617832,92.45401667519381,45.51790106586499,0.1476251722719145,0.5688797577854672,0.9431695948368591,0.4072611859420963,0.7149128913879395,0.1032404899597168
Normalizer,220,5,59.154646276927934,90.80626396052791,71.89122711123258,0.14332417282904053,0.825987649099061,0.9104811637448713,0.7558445579811116,0.41120028495788574,0.07864260673522949
Normalizer,223,5,56.776245200991085,90.1243467880897,88.63077343536486,0.2610958591897971,0.9384251036116045,0.8989082659861052,0.9815760953708005,0.4880802631378174,0.10718011856079102
Normalizer,226,5,63.11565690346252,92.25741539262737,78.95599890680514,0.19521788249549757,0.8760064412238325,0.9125985572890455,0.8422356401919802,1.043224811553955,0.0997476577758789
Normalizer,229,5,61.566021529911694,90.27946482728683,80.34982235583493,0.21440305260352557,0.8851712848359019,0.9140006596306068,0.8581049698095681,0.4581410884857178,0.08832430839538574
Normalizer,232,5,60.23525800153236,91.45209972448846,53.621207980322495,0.1417853137105023,0.6615476665337057,0.9293919865508545,0.5135469886979409,0.38390374183654785,0.0700998306274414
Normalizer,235,5,62.10547239766695,91.75453436163787,65.22957092101666,0.13864855154024713,0.7721105190094487,0.915861043238075,0.6673633689425608,0.5410866737365723,0.07559680938720703
Normalizer,238,5,58.25430660415362,89.83077768967225,67.88740092921563,0.1297155200482397,0.7948852230077682,0.9110644257703081,0.7049852918408422,0.4013235569000244,0.08758115768432617
Normalizer,241,5,64.77931858534201,91.43626827052324,83.39027056572834,0.25021422058400683,0.904916493917941,0.9145386987113606,0.8954946586158848,0.8082847595214844,0.08364319801330566
Normalizer,244,5,61.38069385815174,91.3007960519875,74.09811423886308,0.17235450574065928,0.841572986752476,0.91444918717646,0.7794550239975229,0.8542945384979248,0.09423327445983887
Normalizer,247,5,72.47634898088255,93.12211219108298,82.24241596064499,0.3149590857538904,0.8956685801453174,0.9302092887517719,0.8636011766527326,0.3886730670928955,0.1149747371673584
Normalizer,250,5,61.98974736499467,90.9738747961298,72.97758950532932,0.1775691833951026,0.8328755546165223,0.917000093049223,0.7628889921040408,1.0157508850097656,0.10181474685668945
Normalizer,253,5,61.20734737479951,92.05900324176915,47.519814156873466,0.12367669142000451,0.5959707537741308,0.9297554570818972,0.4385353769933426,0.7636585235595703,0.09993219375610352
Normalizer,256,5,62.731242793939245,91.9873046963731,72.90243235856792,0.1774663820487386,0.8323044397463002,0.9170704435333582,0.7618826443721939,0.9328887462615967,0.13365960121154785
Normalizer,259,5,57.05892735065149,90.14853446104229,79.48893140202242,0.14790129471352065,0.8809108219612821,0.9034174125305127,0.8594983743613562,0.8420872688293457,0.11999678611755371
Normalizer,262,5,64.98140369963237,92.18037355884002,83.8480459141842,0.2484553781662289,0.9079797586609576,0.9131694331349828,0.902848738194767,0.48764753341674805,0.084075927734375
Normalizer,265,5,66.06115705026475,92.22184011335828,78.30008198961464,0.19734158377372402,0.8713336574299141,0.9139894611592725,0.8324818083294627,0.4072279930114746,0.11876058578491211
Normalizer,268,5,70.42808168872484,93.91999154864487,60.03689532659197,0.19084319269251418,0.7213036641730595,0.9380344528442186,0.5859266140269391,0.35311055183410645,0.08144354820251465
Normalizer,271,5,75.57923796577714,94.89515340107637,71.2148127903799,0.26078287787697013,0.8151301066303919,0.9409381015094722,0.7189967487227125,0.587395429611206,0.11644124984741211
Normalizer,274,5,74.23081356189421,93.69707636383912,68.87127630500136,0.2689205649845683,0.7952727599532669,0.9478363324764353,0.685013159931878,0.6621055603027344,0.09823036193847656
Normalizer,277,5,68.03000785288273,92.40137039729265,81.27220552063406,0.29864828958541306,0.8893642785065591,0.9291557729611201,0.8528409970583681,0.3533806800842285,0.10169100761413574
Normalizer,280,5,59.536510046985725,91.54147129574429,52.32987154960371,0.12726089218939887,0.6493793657972763,0.925512104283054,0.5001548227279765,0.6386532783508301,0.10459303855895996
Normalizer,283,5,73.95656871020051,93.52387329360555,85.9661109592785,0.4068690321069378,0.918846305807981,0.9383473208521627,0.9001393404551788,0.7997710704803467,0.12854504585266113
Normalizer,286,5,58.46181231628318,89.95072703655612,85.2282044274392,0.22719434463725,0.9173231357552581,0.9064389359129383,0.9284718996748723,0.8702566623687744,0.10478591918945312
Normalizer,289,5,69.98839144953185,92.88943416420334,66.82836840666849,0.2174819223136678,0.7809412083201732,0.9360735532720389,0.6699179439541725,0.7056765556335449,0.11148452758789062
Normalizer,292,5,64.99032538186151,91.66504629410854,67.83957365400383,0.19011338473066824,0.791143452988419,0.9268115188689053,0.6901223099551014,0.7545874118804932,0.09607410430908203
Normalizer,295,5,76.40907381944064,94.24690878924093,84.71576933588412,0.406406420273734,0.9104017302839749,0.9432318034691676,0.8797801517262734,1.0132055282592773,0.1198585033416748
Normalizer,298,5,71.42685274952728,93.452676022331,81.94861984148675,0.29992661544869065,0.8940232651423987,0.9277389277389277,0.8626722402848738,0.8715908527374268,0.09415888786315918
Normalizer,301,5,79.0277137188978,95.19673075905311,67.37496583766057,0.320937546606801,0.7791294694481706,0.9679347201471096,0.6519585075089023,0.8250527381896973,0.1389787197113037
Normalizer,304,5,72.2997740200974,93.33571252550608,83.52008745558895,0.32982109453398556,0.9040572792362769,0.9297987236131566,0.8797027403622851,0.5078909397125244,0.12149477005004883
Normalizer,307,5,73.09322473032638,94.15476457933745,66.57556709483465,0.2302744092984063,0.7779593318809005,0.9403116085143735,0.6634153893791609,0.5819082260131836,0.13007211685180664
Normalizer,310,5,68.52814186952679,92.33451911893276,78.31374692538945,0.25760737556466184,0.8695866546141836,0.9266199649737303,0.8191670537234866,0.6614840030670166,0.1132197380065918
Normalizer,313,5,70.45843343190441,93.55371865703859,88.2481552336704,0.36217443508469843,0.9346156770318559,0.9182103376157753,0.951617897507354,0.7633230686187744,0.12834811210632324
Normalizer,316,5,62.94207160740416,91.47210805947743,81.77780814430172,0.2047613285737631,0.8951032448377582,0.9098105061165748,0.8808639108221087,0.41686224937438965,0.13013076782226562
Normalizer,319,5,82.5464454666229,95.90317709599574,88.45312927029244,0.5053811516076512,0.9334016393442623,0.9506341306790818,0.916782783712649,0.2671928405761719,0.12332701683044434
Normalizer,322,5,77.25635877130233,94.4768190565178,77.28887674227931,0.325574839173249,0.8596757852077,0.9454038997214484,0.7882025081281933,0.44864416122436523,0.1311957836151123
Normalizer,325,5,77.58522639714896,94.07309519409391,84.49029789559988,0.41492139972299386,0.9086519114688129,0.9461951055983909,0.8739742994271559,0.5942914485931396,0.10688567161560059
Normalizer,328,5,80.28878449018715,95.50505300951872,89.79912544411042,0.5127824525752567,0.942120566001163,0.9436204084802361,0.940625483821025,0.5104341506958008,0.11788773536682129
Normalizer,331,5,78.93271807970794,95.25723083893848,81.98961464881116,0.38052636326685135,0.8921263709281388,0.9463448515367251,0.8437838674717448,1.005620002746582,0.1206204891204834
Normalizer,334,5,75.35285929101285,94.7180603792098,72.36949986335064,0.26822661147175325,0.8240515140967629,0.9407907808464137,0.733085616968571,0.929818868637085,0.10214495658874512
Normalizer,337,5,75.7104227417465,94.32108755756332,72.69062585405848,0.2851675235705631,0.825800828067117,0.9448489079485389,0.7333952624245239,0.708195686340332,0.14584946632385254
Normalizer,340,5,78.22466769437236,94.8896580260067,82.67286143755125,0.3712296961338018,0.8971864104435255,0.9418624446714334,0.8565567425298034,0.8233382701873779,0.14544081687927246
Normalizer,343,5,79.38723498323175,95.41849964104227,87.68789286690352,0.4515107647355644,0.9293942480996787,0.9409711202792764,0.9180987769004489,1.023589849472046,0.12473726272583008
Normalizer,346,5,71.80425793142055,92.79202286409797,78.14976769609183,0.3122734124567075,0.8665609613619294,0.939898624185373,0.8038396036538163,0.8333272933959961,0.13387584686279297
Normalizer,349,5,76.33475800883194,94.74758462615789,72.58813883574747,0.27619075905570295,0.8254134029590948,0.9425561518584774,0.7341693760644062,0.8616681098937988,0.12905192375183105
QuantileTransformer,1,0,63.74893638227769,91.93971199989399,67.36813336977316,0.15292672318472783,0.7893250992501103,0.9174528301886793,0.6925994736027249,0.7944550514221191,0.03294944763183594
QuantileTransformer,4,0,33.63316719178427,84.12686276907687,14.92894233397103,0.04392254164904919,0.07282746295331,0.9569471624266145,0.03785415699024617,1.0135793685913086,0.028661727905273438
QuantileTransformer,7,0,52.823345194664796,86.9487452372091,72.7862804044821,0.15820862703438926,0.8322170268334808,0.9128546345069771,0.7646694534757702,0.8060340881347656,0.013588666915893555
QuantileTransformer,10,0,41.152392515808046,84.74337140961048,87.74938507789012,0.07698813433202366,0.934425629960136,0.8856152512998267,0.9889301749496826,0.4473085403442383,0.011814117431640625
QuantileTransformer,13,0,41.81133084283222,84.57366509450281,84.40830828095109,0.1561038941919253,0.9131460759686382,0.8981731057202755,0.9286267224028487,0.9292654991149902,0.015247106552124023
QuantileTransformer,16,0,40.5456820770253,83.19574116031487,83.21945886854331,0.13477824761342766,0.9058715315039092,0.8970699863367239,0.9148474996129432,0.8499953746795654,0.015279769897460938
QuantileTransformer,19,0,37.08230305927187,85.86999794313482,29.044820989341353,0.055109152238705814,0.34902526170626214,0.9172981878088962,0.215513237343242,1.000272512435913,0.01638650894165039
QuantileTransformer,22,0,38.39418236026618,84.98688218481809,82.11259907078437,0.013474391122981077,0.9005772444174388,0.8839272401968093,0.9178665428084842,0.24079108238220215,0.016331195831298828
QuantileTransformer,25,0,44.27561662792493,85.8030795113637,77.82180923749658,0.06258175544600278,0.8715879420840257,0.8912621359223301,0.8527635856943799,0.6986546516418457,0.03892874717712402
QuantileTransformer,28,0,52.5243111334844,90.58375631514014,28.197594971303637,0.13157482909009266,0.31993787614055524,0.9751479289940829,0.19136089177891313,0.45702171325683594,0.018777847290039062
QuantileTransformer,31,0,39.271312141544385,86.76239522458187,33.16479912544411,0.050669216923558934,0.41572094134512005,0.9100418410041841,0.26939154667905246,0.5767250061035156,0.023004531860351562
QuantileTransformer,34,0,57.256161863467256,90.85504476791274,34.50396283137469,0.10111506390720944,0.4268803061102475,0.9375,0.2763585694379935,0.8937273025512695,0.03184771537780762
QuantileTransformer,37,0,58.18839880316084,89.75255416711796,65.70784367313473,0.12629156061388597,0.7769432469668015,0.9121360742982365,0.6766527326211488,0.677513599395752,0.02341437339782715
QuantileTransformer,40,0,43.617953470633516,86.02471459625292,79.93987428259088,0.06222054570443105,0.8857943052746227,0.890226739640344,0.8814057903700263,0.7408232688903809,0.06691217422485352
QuantileTransformer,43,0,44.15917515713426,85.91223276416306,14.286690352555343,0.04521280850678377,0.057829515583927904,0.9697732997481109,0.029803375135469885,0.5462329387664795,0.021553993225097656
QuantileTransformer,46,0,40.14319930803793,84.91177834848864,14.11587865537032,0.041567775368469964,0.05431838699969907,0.9652406417112299,0.027945502399752284,0.5089490413665771,0.03339099884033203
QuantileTransformer,49,0,52.3848580308027,89.77711809548437,19.677507515714677,0.07674861953450535,0.17047699689528648,0.9633173843700159,0.09351292769778603,0.860170841217041,0.028167724609375
QuantileTransformer,52,0,52.09232373053925,89.24550938536481,54.413774255261,0.03557158932019723,0.6801840667241875,0.8931268882175226,0.5492336274965165,1.1950507164001465,0.05073690414428711
QuantileTransformer,55,0,57.066204379338394,90.13046306036333,55.49330418147035,0.09613477346417838,0.6852531890220332,0.911673952172795,0.5489239820405636,0.2735459804534912,0.027567625045776367
QuantileTransformer,58,0,55.55215885785165,90.15774966934809,60.85679147308007,0.06896953338552243,0.7383898808164756,0.9002338269680437,0.6258708778448676,1.1944804191589355,0.038408517837524414
QuantileTransformer,61,0,51.07749814762445,88.36948783729541,48.05274665209073,0.027456589159057198,0.613962934755014,0.8921351630514978,0.4680291066728596,0.8320770263671875,0.02678680419921875
QuantileTransformer,64,0,47.745134934586055,89.00140748205025,21.74774528559716,0.07874382993092019,0.2117145020304219,0.9546865301055245,0.11905867781390309,0.584270715713501,0.02987504005432129
QuantileTransformer,67,0,57.84759504790763,89.52683067179375,67.90789833287783,0.1282272339602061,0.7951323766737908,0.910680387651114,0.7056045827527481,0.8791961669921875,0.07079291343688965
QuantileTransformer,70,0,56.12285814290948,89.55386840529597,61.109592784913914,0.08507346512957306,0.7394965675057208,0.9045006717420511,0.6254064096609382,0.8249263763427734,0.0643155574798584
QuantileTransformer,73,0,58.75647565435131,90.73394830364568,70.21044001093195,0.11951132843175849,0.8139931740614335,0.9066717354115187,0.7385044124477473,0.4490063190460205,0.05840659141540527
QuantileTransformer,76,0,58.02303902776374,91.3459121603354,37.455588958731894,0.12565828760112363,0.4658029878618114,0.9461830251303935,0.3089487536770398,0.9586024284362793,0.05130743980407715
QuantileTransformer,79,0,54.406844660535405,89.51815106608274,58.27411861164252,0.055963592015669375,0.7156757763396806,0.8977923139820114,0.5949837436135624,0.6226184368133545,0.07281994819641113
QuantileTransformer,82,0,62.28869130817274,92.03919342472844,79.50259633779721,0.1670162583001526,0.8805352022937241,0.9066754141381007,0.8558600402539093,0.30853700637817383,0.06460165977478027
QuantileTransformer,85,0,61.38114895406343,91.54541306367798,72.41049467067505,0.1615513305621936,0.8292022671516792,0.9140246176799701,0.7587861898126645,0.9732265472412109,0.0441439151763916
QuantileTransformer,88,0,48.03741690444301,87.24975303939814,78.12927029242962,0.035068918502576055,0.8742980561555076,0.8872240376185543,0.861743303917015,0.8095657825469971,0.08025193214416504
QuantileTransformer,91,0,57.498290912086105,89.3439859364015,67.69609182836841,0.122324092584689,0.793717277486911,0.9094181163767247,0.7041337668369717,0.6849780082702637,0.06295228004455566
QuantileTransformer,94,0,54.46612878835806,90.16286379775076,29.290789833287782,0.09899566643066621,0.3446266860870116,0.9470936303515489,0.21063632141198327,0.8193948268890381,0.037726640701293945
QuantileTransformer,97,0,53.77238238293987,89.50493175720257,55.78710030062859,0.04542527397779679,0.6928079753145028,0.8956671167300847,0.5648707230221397,0.8751895427703857,0.05432438850402832
QuantileTransformer,100,0,54.53806323075562,88.89392925856366,49.385077890133914,0.09207874376469694,0.6211516825202005,0.9151597347799879,0.47011921350054187,0.7839272022247314,0.07858061790466309
QuantileTransformer,103,0,46.98787110818648,87.59510873189681,20.80486471713583,0.016116310827724228,0.20549729248063608,0.8970676241771395,0.11603963461836198,0.516291618347168,0.06911301612854004
QuantileTransformer,106,0,41.384536489770426,85.06874009671375,84.35364853785188,0.003855116645954398,0.9145394835050007,0.8829082000288226,0.9485214429478247,0.7164278030395508,0.04018282890319824
QuantileTransformer,109,0,51.02964999429553,89.16818561969902,33.51325498770156,0.06203954681733236,0.41894070579805337,0.9161661008096109,0.271559064870723,0.6741430759429932,0.08509635925292969
QuantileTransformer,112,0,75.88747532794392,95.35602302062244,67.16999180103853,0.27448251932814377,0.7803227723677594,0.9529871580122836,0.6606285802755845,0.7317094802856445,0.0764608383178711
QuantileTransformer,115,0,48.38400848839487,86.00265369238143,81.22437824542224,0.03970689537059158,0.8945510360706063,0.8869274083092376,0.9023068586468493,0.7082638740539551,0.052590131759643555
QuantileTransformer,118,0,51.07461662450046,89.41733976851316,30.96474446570101,0.0843173814673707,0.3749072011878248,0.933456561922366,0.2345564328843474,0.6876449584960938,0.04941868782043457
QuantileTransformer,121,0,66.93385077287903,93.11819856016733,68.93960098387537,0.21051321823918087,0.7991517186533533,0.930835734870317,0.7001083759095835,0.3983488082885742,0.07155108451843262
QuantileTransformer,124,0,76.78519031390083,94.53735748001601,70.6272205520634,0.3064773879734718,0.8078830942485588,0.9555978433238186,0.6997213190896424,0.7751123905181885,0.08227252960205078
QuantileTransformer,127,0,78.69396169732572,95.54093500561001,77.1590598524187,0.3443130816920523,0.8579803729980033,0.9507579323980793,0.7816999535531816,0.5928559303283691,0.05455350875854492
QuantileTransformer,130,0,70.68585071664539,93.1867250399758,70.97567641432086,0.24053174830449403,0.8142219889792706,0.9357659831121834,0.7206223873664654,0.7036421298980713,0.08081626892089844
QuantileTransformer,133,0,61.88536818881381,91.66611610762526,43.93960098387538,0.14042589034102376,0.5502877500685119,0.9423690632626244,0.38860504722093203,0.5952696800231934,0.057253122329711914
QuantileTransformer,136,0,67.04853043672446,92.41101626687768,77.87646898059579,0.20077505650445024,0.8682239947908188,0.9153080487386305,0.8257470196624864,0.4873037338256836,0.08686065673828125
QuantileTransformer,139,0,73.87091380195055,94.58329223400541,64.93577480185843,0.25249987855435924,0.7620107586718605,0.9502660189683091,0.6360117665273262,0.4844229221343994,0.08530902862548828
QuantileTransformer,142,0,64.39968523584152,91.88983080910114,47.13719595517901,0.14463513214522725,0.5887855434493755,0.9392911649991521,0.4287815451308252,0.34525299072265625,0.06917262077331543
QuantileTransformer,145,0,85.40506284739364,96.37528410744687,91.59606449849686,0.5860718014996594,0.9525426344625357,0.9495384615384616,0.955565877070754,0.6569373607635498,0.08141732215881348
QuantileTransformer,148,0,75.07306992922673,94.2863406410318,66.49357748018583,0.2647971971728411,0.7750252316726305,0.9512387387387388,0.6538937916086082,0.5183165073394775,0.09197521209716797
QuantileTransformer,151,0,68.4293995743907,92.12827373430912,75.57392730254168,0.23612345762059378,0.8501990362455478,0.9267379190645839,0.7853382876606286,0.7451117038726807,0.09738874435424805
QuantileTransformer,154,0,55.372878104047004,89.27054108453223,84.5381251708117,0.1999441999661358,0.9133182671314207,0.9039350974296763,0.9228982814677195,1.100837230682373,0.09073138236999512
QuantileTransformer,157,0,60.422005031828775,90.34938113853205,81.32686526373327,0.17981918602747513,0.892617185965188,0.9063272959387217,0.879315683542344,0.5123879909515381,0.08543682098388672
QuantileTransformer,160,0,56.01459938672897,89.02521155698606,81.34053019950807,0.13692445502103523,0.8935904928891486,0.8995842158939358,0.8876761108530732,0.6422164440155029,0.093963623046875
QuantileTransformer,163,0,55.345878750553545,89.29300905557102,66.07679693905439,0.08977992162668337,0.7821699644627736,0.9026835443037975,0.6900448985911132,0.847308874130249,0.07944822311401367
QuantileTransformer,166,0,84.31311878399814,96.37635127125897,73.89314020224104,0.3845699354007468,0.830636939851957,0.9716893083065437,0.7253444805697477,0.9985644817352295,0.10504579544067383
QuantileTransformer,169,0,63.62257742533228,91.85948280144775,63.17299808690899,0.16403915447660783,0.7523888276368982,0.9253107344632768,0.6339216596996439,0.5925815105438232,0.10519146919250488
QuantileTransformer,172,0,77.42174783505018,94.45666801786008,79.61191582399563,0.36228996080430503,0.8755837224816544,0.9488523405024399,0.8128193218764515,0.8053514957427979,0.08395552635192871
QuantileTransformer,175,0,75.8111543917837,94.58107180510534,70.17627767149494,0.2700716415461191,0.8061292471685543,0.9456080025007815,0.7025081281932187,0.7532410621643066,0.09814286231994629
QuantileTransformer,178,0,68.08826012957887,92.11790047097668,73.08007652364033,0.22360128232253915,0.8316958564715934,0.9278497903164316,0.7535996284254528,0.2117459774017334,0.09787321090698242
QuantileTransformer,181,0,74.1327561635757,94.2055585618629,71.01667122164525,0.26138201657011273,0.8134892718958846,0.9414817830246285,0.7161325282551478,0.8810806274414062,0.08835268020629883
QuantileTransformer,184,0,73.29942147847235,94.20662883302802,72.06203880841761,0.24170823866362873,0.8228719948018194,0.9341988787252877,0.7352531351602415,0.9160175323486328,0.08117318153381348
QuantileTransformer,187,0,75.56476501460543,94.44721817351257,75.18447663295983,0.3031276882128839,0.8445604724813832,0.9443912710566615,0.7638179284718997,0.832977294921875,0.10973381996154785
QuantileTransformer,190,0,66.2570352871457,91.66312862988364,69.42470620388083,0.21503680821904403,0.8029068487117375,0.93133748850516,0.7056045827527481,0.6024343967437744,0.08706307411193848
QuantileTransformer,193,0,79.26191013036289,95.428860937068,83.8822082536212,0.39685231513533553,0.9049135394413318,0.9439912538894962,0.8689425607679208,0.7060744762420654,0.08066344261169434
QuantileTransformer,196,0,69.26993243492893,93.5286813591402,76.89259360481006,0.24673754214609886,0.8595981401527731,0.926857654431513,0.8014398513701811,0.5815589427947998,0.08182978630065918
QuantileTransformer,199,0,71.51973061566277,94.20743513804,78.51188849412408,0.26687123283638836,0.8707197763801537,0.9283022175475502,0.8198637559993807,0.7040109634399414,0.10618162155151367
QuantileTransformer,202,0,75.19114253585931,93.9219166642201,77.82864170538399,0.3174245506289798,0.8640040233016218,0.9419720369185781,0.7979563399907106,1.0698456764221191,0.1031196117401123
QuantileTransformer,205,0,73.77668191283028,94.11689046785318,80.1995080623121,0.31358293627602346,0.8813753581661891,0.9351980542043086,0.8334107446973216,0.48010993003845215,0.09378790855407715
QuantileTransformer,208,0,66.81133985463245,92.27932523877985,86.38289150040995,0.27597866043662184,0.9239748235742895,0.9108069489358502,0.9375290292614956,0.7221505641937256,0.10048842430114746
QuantileTransformer,211,0,84.70963123533217,96.63739352594958,79.48893140202242,0.4118182868775103,0.8729581041049513,0.9628454070201643,0.79842080817464,0.8306152820587158,0.09562015533447266
QuantileTransformer,214,0,82.80909663731883,96.70031491079216,78.20442743919104,0.3854317291852507,0.864301514378084,0.9593012275731823,0.7864220467564639,0.7222321033477783,0.09087967872619629
QuantileTransformer,217,0,74.5130631451435,93.8500947604038,71.37195955179011,0.27977622851818285,0.8154347634569642,0.946034341782502,0.7165195850750891,0.5944476127624512,0.07902359962463379
QuantileTransformer,220,0,72.88176058494514,94.14536824092247,74.03662202787646,0.2847761665096232,0.8364465868985108,0.9419348584722761,0.7522062238736646,0.6309864521026611,0.08648324012756348
QuantileTransformer,223,0,76.59098601891287,94.91302001119554,79.61191582399563,0.35857095319767407,0.8757080973008997,0.9478809738503156,0.8137482582443103,0.5354182720184326,0.09729218482971191
QuantileTransformer,226,0,84.51557563504805,96.79301271136526,78.34107679693906,0.4089152578451701,0.8644372220321588,0.9656984521307089,0.7823966558290757,0.7271978855133057,0.10956072807312012
QuantileTransformer,229,0,75.25204878772362,94.33053455070073,78.6827001913091,0.31438528429181045,0.8703996012295423,0.9391358910003585,0.8110388605047221,0.8221230506896973,0.12020421028137207
QuantileTransformer,232,0,71.64230011061083,93.33983206160535,81.55233670401749,0.322965396865379,0.8906616991981858,0.9338485054347826,0.8512927697786035,0.5570027828216553,0.11422324180603027
QuantileTransformer,235,0,79.30772386978958,95.712418829657,71.85023230390817,0.3112311287179727,0.8177152464383682,0.9542544403139198,0.7153584146152655,0.7045905590057373,0.09081649780273438
QuantileTransformer,238,0,73.5619217015144,94.11517679746792,69.42470620388083,0.2540923982194904,0.8007657717822002,0.9423661322435293,0.6961603963461837,0.4808778762817383,0.08443117141723633
QuantileTransformer,241,0,73.62253281692114,93.86617198321649,80.69827821809238,0.31139492555085807,0.8849802532470177,0.9334363995533798,0.8413067038241214,0.5485620498657227,0.11454176902770996
QuantileTransformer,244,0,84.3201569999789,96.65005248592405,81.33369773162066,0.39602552911383304,0.8869860180359064,0.9524697938877044,0.829927233317851,0.8958525657653809,0.11144900321960449
QuantileTransformer,247,0,63.86981391173231,91.9913645941957,81.90762503416234,0.23917378212436327,0.895211713494262,0.9157221502590673,0.8755999380709089,0.39906740188598633,0.10263490676879883
QuantileTransformer,250,0,74.39207972703618,94.48321204323062,58.45859524460235,0.2653912021135537,0.6993076162215628,0.9682278827718434,0.5472983433968106,0.48372840881347656,0.11555004119873047
QuantileTransformer,253,0,62.688179906533215,92.3195371237376,81.38152500683246,0.22967300271401647,0.8918607881265129,0.9149906359416986,0.8698714971357795,0.7926383018493652,0.1205747127532959
QuantileTransformer,256,0,78.64475276216183,95.34917879589509,78.45039628313747,0.3488670390278585,0.8674901268800941,0.9485483278206541,0.7991949218145223,0.5473942756652832,0.1512751579284668
QuantileTransformer,259,0,60.255365580798816,90.2661592301284,84.29215632686527,0.2597919936126981,0.910687230488326,0.9140606722295874,0.9073385973060846,0.8868305683135986,0.12307858467102051
QuantileTransformer,262,0,52.84498027407047,88.73767537796174,50.512435091555076,0.07726187542760679,0.6352787149403293,0.9088027661720213,0.4883108840377767,0.6206817626953125,0.1004183292388916
QuantileTransformer,265,0,83.55456176426537,96.36462928986079,83.1511341896693,0.415638801280038,0.8993305029392554,0.9513732941786146,0.8526861743303917,0.9682621955871582,0.125382661819458
QuantileTransformer,268,0,71.33324492757308,93.96464822018196,71.3446296802405,0.22902691558407645,0.8177631007213001,0.9320522979397782,0.728440935129277,0.48273348808288574,0.09313631057739258
QuantileTransformer,271,0,46.56640272906149,86.92855314332766,82.84367313473626,0.12209636180679838,0.9036565245750681,0.895853936858121,0.9115962223254374,0.5060367584228516,0.12248754501342773
QuantileTransformer,274,0,60.56773260042165,91.71025816848109,68.91910358021318,0.14273413876128177,0.802586468775767,0.913283950617284,0.7158228827991949,0.610560417175293,0.1157538890838623
QuantileTransformer,277,0,80.87252159722983,95.9481936211067,76.62612735720143,0.3703651674679717,0.8528665433744785,0.9595470821639408,0.7675336739433348,0.6869645118713379,0.1255934238433838
QuantileTransformer,280,0,70.91613375385998,93.71957739500043,81.87346269472533,0.3126494019897986,0.8931749547010268,0.9306872535033985,0.8585694379934975,0.8710699081420898,0.13022685050964355
QuantileTransformer,283,0,81.54626405908424,96.31850092054978,79.14730800765236,0.36966854297865476,0.8719153936545241,0.952153987167736,0.8041492491097693,0.5074784755706787,0.10753059387207031
QuantileTransformer,286,0,54.886272432849026,90.36481291079171,56.75047827275211,0.10066878341992304,0.697274031563845,0.9121621621621622,0.564328843474222,0.8143413066864014,0.12827777862548828
QuantileTransformer,289,0,63.62336821080259,91.50201693007182,68.87127630500136,0.16355152713574636,0.8011175135323905,0.9185185185185185,0.7103266759560304,0.6803760528564453,0.12207913398742676
QuantileTransformer,292,0,79.48408705326928,95.38199419895052,77.91063132003279,0.34856950549876287,0.8634770491111017,0.9499210257363189,0.791453785415699,0.6618163585662842,0.12161087989807129
QuantileTransformer,295,0,66.06178111743078,92.11087162697311,76.10002732987155,0.257733206831555,0.8533210332103321,0.9309240622140896,0.7876606285802756,0.8308000564575195,0.14524435997009277
QuantileTransformer,298,0,58.132672083479555,89.60618736091472,71.2763050013665,0.16611738055100014,0.8202035753998802,0.9163799694189603,0.7422975692831708,0.4543576240539551,0.10386776924133301
QuantileTransformer,301,0,60.27196756977521,90.31356749258912,70.18311013938234,0.20602932422580525,0.8095653691743759,0.9277855571114223,0.7180678123548537,0.7880101203918457,0.1040799617767334
QuantileTransformer,304,0,56.26745698352336,90.16705073645286,44.73216725881388,0.09168380808988133,0.5669004658135675,0.9192568154193437,0.40981576095370803,0.8460390567779541,0.11614179611206055
QuantileTransformer,307,0,45.01008510563903,85.07384327479328,76.58513254987702,0.05153727268007739,0.8633735996491648,0.8900945334977394,0.8382102492645921,0.5178475379943848,0.10527682304382324
QuantileTransformer,310,0,47.78424389464052,87.2859360504643,62.34626947253348,0.04247371425372638,0.753389716740502,0.8927776010181355,0.6516488620529494,0.41686582565307617,0.12916302680969238
QuantileTransformer,313,0,65.22399009711296,92.18345476514953,71.3582946160153,0.2187848537397937,0.8183708838821491,0.9293446172013383,0.7310729215048769,0.8353252410888672,0.1294550895690918
QuantileTransformer,316,0,50.562800442154966,87.56037465936139,82.84367313473626,0.18826231375234964,0.9025119385021547,0.9052885738764701,0.8997522836352376,0.6048121452331543,0.14095640182495117
QuantileTransformer,319,0,52.503996282812636,87.67438934396871,81.5728341076797,0.15844642972735395,0.8947019091867411,0.9025600630169358,0.8869794085771792,0.8588902950286865,0.13881492614746094
QuantileTransformer,322,0,49.9037607323782,88.25477965009975,70.03279584585952,0.06669510482364303,0.8149835484687421,0.8954393770856507,0.7477937761263354,0.9077780246734619,0.13013219833374023
QuantileTransformer,325,0,59.62030401848789,90.64077147215087,75.47827275211807,0.2220214187752477,0.8500146266037026,0.9236218327127418,0.7872735717603344,0.5211455821990967,0.1218271255493164
QuantileTransformer,328,0,63.611993065960434,92.19713286372242,76.12735720142115,0.1916911036871283,0.8558937556710385,0.9159604519774012,0.8032203127419105,0.9552724361419678,0.09883809089660645
QuantileTransformer,331,0,58.259055822875595,90.01718707274561,81.77780814430172,0.21869905077869162,0.8947970494260581,0.9122496581677793,0.8779996903545441,0.28777408599853516,0.12644505500793457
QuantileTransformer,334,0,46.11192412568867,86.27532916754257,72.36266739546325,0.04903525441458651,0.8332715057087506,0.8911222780569514,0.7824740671930639,1.0244402885437012,0.13252472877502441
QuantileTransformer,337,0,61.983795070941795,90.7109375280154,82.3517354468434,0.2766012100737333,0.8973574408901251,0.9219400669551727,0.8740517107911442,0.28946971893310547,0.1289823055267334
QuantileTransformer,340,0,60.82443823591487,91.39295524388666,77.87646898059579,0.17932062401905124,0.8688644095253524,0.9110752505520638,0.8303917015017804,0.3240082263946533,0.12741827964782715
QuantileTransformer,343,0,54.75435319516081,88.51401323660826,66.78737359934408,0.12367852168671273,0.7861510712243193,0.910526852134923,0.691670537234866,0.35511302947998047,0.11848282814025879
QuantileTransformer,346,0,55.01122329600825,86.99421070766643,79.04482098934135,0.2224510142100635,0.8758651394341684,0.9178047332258885,0.8375909583526862,0.8624782562255859,0.14910411834716797
QuantileTransformer,349,0,63.97342483194344,90.74033987341632,83.86171084995901,0.3012205512156508,0.9070005512245058,0.9229166666666667,0.8916240904164732,0.8926401138305664,0.1405467987060547
QuantileTransformer,1,1,63.62784031666745,91.86252292010577,67.25881388357475,0.1542578098066966,0.788339222614841,0.9179181238428307,0.6908190122309955,0.4391345977783203,0.013231039047241211
QuantileTransformer,4,1,40.5264914484324,87.34966392642474,34.626947253347915,0.07863933849374367,0.43270484999407094,0.9242654508611955,0.28247406719306395,0.7452993392944336,0.018033266067504883
QuantileTransformer,7,1,26.517368622822097,79.60685681136287,12.612735720142116,0.010561566597279984,0.02157282741738066,0.9155844155844156,0.01091500232234092,0.8082246780395508,0.014726638793945312
QuantileTransformer,10,1,34.12799162479334,82.99787379562085,14.211533205793932,0.044124375237393335,0.05622369212266987,0.9689119170984456,0.02895185013159932,1.0807342529296875,0.029596805572509766
QuantileTransformer,13,1,34.198761292010985,83.73037402357812,13.73326045367587,0.041636947014457644,0.04536518977771057,0.974025974025974,0.023223409196470042,0.9611775875091553,0.013262033462524414
QuantileTransformer,16,1,50.058768202259394,87.73712683097487,80.27466520907352,0.13034275732493178,0.8866287060671509,0.8997369889216545,0.8738968880631677,0.5599193572998047,0.015257596969604492
QuantileTransformer,19,1,29.202637267290537,81.02279710515401,11.936321399289424,0.012184112829822614,0.0046335624372538416,0.967741935483871,0.0023223409196470044,0.4690413475036621,0.030518293380737305
QuantileTransformer,22,1,52.811661395664714,89.57229010074722,49.2552610002733,0.07670625465249076,0.6215155684655761,0.9094705443698732,0.4720544976002477,1.0315284729003906,0.036875009536743164
QuantileTransformer,25,1,36.40230415510678,82.61607456612342,11.929488931402023,0.007981427837186271,0.004633204633204633,0.9375,0.0023223409196470044,0.38632893562316895,0.01854228973388672
QuantileTransformer,28,1,50.81173565289861,87.27917994491672,76.22984421973217,0.12181365980368693,0.8588927195295072,0.9021044559938656,0.8196315219074161,0.31125831604003906,0.04036974906921387
QuantileTransformer,31,1,60.83684072598341,91.64834230457801,70.92784913910904,0.14718903808326678,0.8183409469325023,0.9123274631128034,0.7419105124632296,0.7053184509277344,0.026412248611450195
QuantileTransformer,34,1,49.31727953216501,87.64390494842202,55.40448209893414,0.04746056929436791,0.6888793555460222,0.8964148368688748,0.559374516178975,0.6734464168548584,0.021037817001342773
QuantileTransformer,37,1,54.566349018732105,88.33672625582932,71.3036348729161,0.14403938934583144,0.8214133854919636,0.9112264150943397,0.7477163647623472,0.6734859943389893,0.029569387435913086
QuantileTransformer,40,1,59.78099117546498,91.20541169919424,66.09046187482919,0.11864921364871885,0.7806214914025549,0.9098402885110768,0.6835423440161016,0.7201578617095947,0.02189779281616211
QuantileTransformer,43,1,54.40608992226601,89.98393787506554,53.45039628313747,0.08041513228893188,0.6660457820695064,0.9079246291594281,0.5259328069360583,0.5753552913665771,0.024076461791992188
QuantileTransformer,46,1,45.64997924582407,86.77625803872472,82.3654003826182,0.06831576221347248,0.9014170581719567,0.8896931312674358,0.9134540950611549,0.7539458274841309,0.02170276641845703
QuantileTransformer,49,1,70.26920365064422,93.23025495914565,73.16889860617654,0.2598838484949534,0.8307692307692308,0.937007874015748,0.7461681374825825,0.34165072441101074,0.0670466423034668
QuantileTransformer,52,1,58.83564431938469,90.632110015356,66.50040994807324,0.114194927859379,0.7843033742466236,0.9083868337919087,0.6900448985911132,1.0260941982269287,0.05076909065246582
QuantileTransformer,55,1,54.860588802189355,90.21865592957049,45.14211533205794,0.09255071626341166,0.5717638274041282,0.9192248327902589,0.4149249109769314,0.9359757900238037,0.051764488220214844
QuantileTransformer,58,1,60.49525069116002,91.34689727174819,66.36376059032523,0.12928533584685908,0.7822933710697386,0.9123259412068077,0.684703514475925,0.8920109272003174,0.04053902626037598
QuantileTransformer,61,1,57.73393597043841,90.67335945396276,49.610549330418145,0.10882610171648559,0.6216978712490382,0.9213927322487456,0.4691128657686948,0.7610569000244141,0.04870271682739258
QuantileTransformer,64,1,59.234828769487336,90.14981299972126,47.991254441104125,0.12027946849142512,0.6018828451882845,0.927765237020316,0.4454249883882954,0.3148219585418701,0.03282356262207031
QuantileTransformer,67,1,62.88043765267115,91.87953141242264,54.461601530472805,0.15666158899507715,0.6688198757763976,0.9338143471624809,0.5209784796408112,0.7519240379333496,0.04144287109375
QuantileTransformer,70,1,48.39082366231992,88.14949085617695,39.81962284777262,0.05413032824985237,0.509904295570888,0.9066086268302335,0.35469886979408577,0.24265527725219727,0.030797958374023438
QuantileTransformer,73,1,57.584351351346484,90.35318105429677,44.424706203880845,0.08782090948651075,0.5636734255981118,0.9178895877009084,0.4067193063941787,0.31652402877807617,0.03295135498046875
QuantileTransformer,76,1,53.35334718987737,89.12116348206564,60.09155506969117,0.05281143819377461,0.7326651105313744,0.8962042324487739,0.6196005573618207,0.9534201622009277,0.06128811836242676
QuantileTransformer,79,1,63.84452680028283,92.5091085335881,41.807871003006284,0.13629008425561653,0.5235244755244756,0.9439176921525116,0.3622077721009444,0.8812506198883057,0.038199424743652344
QuantileTransformer,82,1,59.71371808673713,90.67922609087968,40.420880021863894,0.11722518939599125,0.5080672458535485,0.9365640599001663,0.34858337203901535,0.8381426334381104,0.06277251243591309
QuantileTransformer,85,1,66.58183633813789,93.26637895854806,57.32440557529379,0.1647605500453601,0.6971489526764935,0.9329094212302103,0.5565102957114104,0.6320755481719971,0.055556297302246094
QuantileTransformer,88,1,62.624646714901424,91.43321699517092,68.58431265373054,0.13465669007472986,0.8002953439888811,0.9116366514941618,0.713190896423595,1.034860372543335,0.06154751777648926
QuantileTransformer,91,1,53.44287717222686,89.55610743092946,43.741459415140746,0.05665398313965947,0.5596320462081507,0.9051903114186851,0.4050162563864375,0.8208415508270264,0.03660154342651367
QuantileTransformer,94,1,54.44762080363269,90.52145003432861,35.72014211533206,0.12075475704515752,0.4415291463848985,0.9467922606924644,0.2878928626722403,0.6732568740844727,0.051439523696899414
QuantileTransformer,97,1,51.299778706233525,88.57768940563908,81.45668215359387,0.04807083970938033,0.8959116361126026,0.8878078443295835,0.9041647313825669,0.7604260444641113,0.05169034004211426
QuantileTransformer,100,1,53.56326581151891,88.6544405890651,54.67340803498224,0.07417874489295917,0.6791138628228693,0.9051057246003095,0.5434277751973989,0.6798100471496582,0.037018537521362305
QuantileTransformer,103,1,60.18756304880737,91.93557608748513,47.85460508335611,0.13607461234476506,0.5983157894736842,0.9345609996711608,0.4400061929091191,0.35520458221435547,0.04321575164794922
QuantileTransformer,106,1,59.5591341714668,91.56252210386391,39.34818256354195,0.13170835764823366,0.49126024414006536,0.945928051202825,0.33178510605356865,0.537930965423584,0.05869150161743164
QuantileTransformer,109,1,55.208741680531325,89.41317030494298,55.834927575840396,0.07080523215387492,0.6909838416674634,0.903375,0.5594519275429634,0.602616548538208,0.05225419998168945
QuantileTransformer,112,1,60.63871404494474,92.1500377383236,45.04646078163433,0.1656409743989994,0.5606118546845125,0.9524781882309263,0.39719770862362597,0.8944344520568848,0.06055116653442383
QuantileTransformer,115,1,60.02234295631386,91.22508111193494,48.05957911997814,0.09847683776978962,0.6053779069767442,0.9188465174913332,0.4513856634153894,0.7929642200469971,0.061937570571899414
QuantileTransformer,118,1,54.11072591672988,90.32348607030633,33.28778354741733,0.11472771069304964,0.4059381844731078,0.9482660602615123,0.25824431026474687,0.9240844249725342,0.07979536056518555
QuantileTransformer,121,1,66.0734896988815,92.184868021737,72.38999726701284,0.19366400554603289,0.8276538576363713,0.921550004748789,0.7511224647778294,0.18433284759521484,0.07696223258972168
QuantileTransformer,124,1,46.99183630028833,86.95957247800818,35.15987974856518,0.004176123071079436,0.453781512605042,0.8846499102333932,0.30515559684161636,0.5508079528808594,0.048992156982421875
QuantileTransformer,127,1,68.24733192136448,92.91897233680331,80.29516261273571,0.23650041136859076,0.8842232035327178,0.9183622414943295,0.8525313516024152,0.6668250560760498,0.0816960334777832
QuantileTransformer,130,1,65.5857575526546,92.35303522094136,62.305274665209076,0.18240834192237443,0.7431922915793884,0.9320490367775832,0.6179749187180679,0.7225337028503418,0.08156371116638184
QuantileTransformer,133,1,59.997630347129146,90.15689737206468,78.76468980595791,0.15821328320266,0.8756700536042883,0.9060430463576159,0.8472673788512154,0.33464717864990234,0.0660853385925293
QuantileTransformer,136,1,64.56029128661652,91.25887856445247,61.526373326045366,0.19254866818717772,0.7352235858372126,0.936399568810636,0.6052020436600093,0.7693085670471191,0.0747995376586914
QuantileTransformer,139,1,76.04874149308588,94.82859514540039,64.86745012298442,0.25478543290041206,0.7612369985141159,0.9511487584126247,0.6345409506115498,1.177318811416626,0.07883882522583008
QuantileTransformer,142,1,71.52884154569678,92.93814504425553,65.24323585679147,0.23411260216857557,0.76601812244147,0.9437832936642865,0.6446044279300202,0.5075221061706543,0.09864115715026855
QuantileTransformer,145,1,55.08969129357363,89.35452473473654,75.15031429352283,0.11235412837112062,0.8514479434709799,0.9012537829658452,0.8068586468493575,0.660128116607666,0.11131906509399414
QuantileTransformer,148,1,64.42326686409719,91.95143231001677,48.510522000546594,0.19240305881872297,0.5989356040447046,0.9582765667574932,0.4355937451617897,0.7047080993652344,0.08420991897583008
QuantileTransformer,151,1,67.3992404133821,92.32686403870485,69.03525553429898,0.20914031821275483,0.8000176506927897,0.930316091954023,0.7017340145533364,0.39120984077453613,0.09035158157348633
QuantileTransformer,154,1,69.906361537925,92.83401199478104,73.02541678054114,0.2484016341019013,0.8301643293469845,0.9342563903950426,0.7469422511224648,0.3826150894165039,0.07146358489990234
QuantileTransformer,157,1,62.35649158721412,91.02745518658838,67.83957365400383,0.16206606118122005,0.7927253511823507,0.9193136553978143,0.6967796872580895,0.6530671119689941,0.0717620849609375
QuantileTransformer,160,1,67.6635452494205,92.80843690532924,68.49549057119432,0.2012523774920898,0.7959824786513872,0.9289476401941547,0.69631521907416,0.63968825340271,0.05615639686584473
QuantileTransformer,163,1,76.2530840633342,94.13332660756227,76.25717409128178,0.34573742192063484,0.8510437652706931,0.9535107098261454,0.7684626103111937,1.0123684406280518,0.08427834510803223
QuantileTransformer,166,1,63.790413192842976,92.02522164784416,65.5233670401749,0.1362308427172918,0.7747723620782003,0.9149272612270715,0.6718532280538783,0.7335443496704102,0.08165550231933594
QuantileTransformer,169,1,62.64986173194905,90.0016411273969,86.94315386717683,0.3319481017658595,0.9266889170215215,0.91854893908282,0.9349744542498839,1.0067105293273926,0.07765817642211914
QuantileTransformer,172,1,73.49788384906965,94.04615364862343,71.50860890953813,0.2608248553729989,0.8175054704595186,0.9403946838501812,0.7230221396501006,0.6380937099456787,0.09732174873352051
QuantileTransformer,175,1,55.83596973549104,89.92678253980407,84.32631866630227,0.12042958316375582,0.9131126429815923,0.8939483832690597,0.9331165815141663,0.28304553031921387,0.06506156921386719
QuantileTransformer,178,1,49.6048393187007,87.6414464994785,71.966384257994,0.06396546892888069,0.8297722275235447,0.894054537326777,0.7741136398823347,0.6912040710449219,0.08138036727905273
QuantileTransformer,181,1,49.83886675891145,87.71035644276468,83.75922383164799,0.1458118807865863,0.9091603928612374,0.8978036078194581,0.9208081746400372,0.20859813690185547,0.0794687271118164
QuantileTransformer,184,1,59.2870814401794,90.72234102278244,73.79748565181744,0.12022415021551386,0.8412862641228325,0.9038683859493108,0.786809103576405,0.44237661361694336,0.09132266044616699
QuantileTransformer,187,1,80.00245706733311,95.67165500415251,82.13309647444656,0.35757698818917477,0.8937812258824485,0.9402615161097342,0.8516798265985447,0.6456029415130615,0.10267019271850586
QuantileTransformer,190,1,72.86476207675855,94.28633841709231,65.33889040721509,0.2361950676345474,0.7667264450269002,0.9442745497791369,0.6453785415699025,0.7727413177490234,0.10791945457458496
QuantileTransformer,193,1,74.06617247756556,94.0328978640017,70.27193222191855,0.25734753751822625,0.8076055715233252,0.9417345570795091,0.706920575940548,0.4780759811401367,0.08613872528076172
QuantileTransformer,196,1,64.19944078174844,91.02669236084125,72.58130636786007,0.1959585710533556,0.829037617688408,0.9218379914732354,0.7532125716055117,0.8146977424621582,0.10048723220825195
QuantileTransformer,199,1,63.56553723576725,91.5549270438885,57.18775621754578,0.13370243261237783,0.6986050986050986,0.922510162601626,0.5621613252825515,0.4674108028411865,0.10578727722167969
QuantileTransformer,202,1,78.48071096254859,95.08873009040562,74.03662202787646,0.318491141027147,0.8349261511728931,0.9512967729162543,0.7439232079269237,0.3373830318450928,0.08442330360412598
QuantileTransformer,205,1,70.01637759515063,93.01657165656543,87.70155780267834,0.3679290477825327,0.93099746990723,0.9221597812879708,0.940006192909119,0.943336009979248,0.10622239112854004
QuantileTransformer,208,1,75.47865501044379,94.75467044759121,68.92593604810058,0.2564422288295674,0.7964554242749732,0.9439847231063018,0.6888063167673014,0.6762022972106934,0.10374808311462402
QuantileTransformer,211,1,71.94269044772606,92.95923028343589,82.63869909811424,0.333231586621042,0.8979395107844319,0.9331329827197595,0.8653042266604738,0.8489634990692139,0.08592605590820312
QuantileTransformer,214,1,74.87888591078931,94.65483774565999,61.697185023230396,0.2569278214093627,0.731744664561202,0.9581453634085213,0.5918872890540331,0.6925220489501953,0.07520222663879395
QuantileTransformer,217,1,66.25420332892296,92.12846151441542,68.97376332331237,0.18289664822858043,0.8009293761781596,0.9233801677954109,0.7071528100325127,0.9282956123352051,0.09408426284790039
QuantileTransformer,220,1,59.41504224461595,90.89534626009245,54.413774255261,0.1423264640791936,0.6697683627004554,0.9286302497941257,0.5237652887443877,0.8567333221435547,0.10335731506347656
QuantileTransformer,223,1,73.90074060776662,92.93735731179189,80.62995353921836,0.3440286658563517,0.8835298467606096,0.9413464063731068,0.8324043969654745,1.0004713535308838,0.10558700561523438
QuantileTransformer,226,1,74.27163476399267,94.01482852724862,76.91309100847225,0.3200726430325125,0.857058251195059,0.9448745452849547,0.7841771172008051,0.8882722854614258,0.11086320877075195
QuantileTransformer,229,1,72.51903562562892,93.70152805698724,69.64334517627768,0.2586847064142374,0.8023312719668995,0.9432995083167696,0.6980182690819012,0.8106563091278076,0.1091611385345459
QuantileTransformer,232,1,78.53720368524954,95.01466770776715,78.04044820989341,0.3576277124787965,0.8641129714189075,0.9520216135643749,0.7910667285957579,0.9686756134033203,0.08464360237121582
QuantileTransformer,235,1,50.64348083667717,86.54816167970976,78.81251708116972,0.15007068800477807,0.8762125264460501,0.9045578175224595,0.8495897197708624,0.8450126647949219,0.10847973823547363
QuantileTransformer,238,1,71.02848386734559,93.89537120782319,70.27876468980597,0.2761079905831341,0.8066494799537737,0.9471816283924843,0.7024307168292305,0.739393949508667,0.09156060218811035
QuantileTransformer,241,1,62.36323691968738,90.81277885644144,81.93495490571195,0.24034362217381378,0.8953700039572616,0.9158840673575129,0.8757547607988853,0.7074508666992188,0.09839773178100586
QuantileTransformer,244,1,81.4968027935139,95.51165729864665,89.91527739819622,0.5348227525400194,0.9424785658612627,0.9489876000627845,0.9360582133457191,0.3920581340789795,0.07823848724365234
QuantileTransformer,247,1,65.76515545986226,92.17389390898795,79.55725608089642,0.22385877708511867,0.8794229064237931,0.9171990585070612,0.8446353924756154,0.45842695236206055,0.1062476634979248
QuantileTransformer,250,1,65.65728421109169,92.1624390074727,65.91281770975677,0.169572967226954,0.7760470440364502,0.9236029490330163,0.6691438303142901,0.7472763061523438,0.11084246635437012
QuantileTransformer,253,1,67.27614598107053,92.65418099044518,77.39819622847773,0.22257464386855702,0.8641031961219292,0.9206057422969187,0.8141353150642514,0.6860063076019287,0.1178889274597168
QuantileTransformer,256,1,48.9267013512834,87.45808529669476,85.37168625307461,0.13752573463914974,0.9194476842620114,0.8944440377717591,0.9458894565722248,0.3359353542327881,0.15738701820373535
QuantileTransformer,259,1,64.17508639162293,91.75878991391532,81.72998086908991,0.28328974162635306,0.8929372197309418,0.9247802288936805,0.8632141198327915,0.8404815196990967,0.08975076675415039
QuantileTransformer,262,1,73.4375949055212,94.01303213299559,70.64771795572561,0.2704847455789727,0.8099955771782397,0.9447998349153941,0.7088558600402539,0.4075624942779541,0.08437585830688477
QuantileTransformer,265,1,68.68077698299709,92.51904938831538,75.67641432085269,0.24326104969459075,0.8506961919141084,0.9282445542742083,0.7851060535686639,0.766608476638794,0.09911060333251953
QuantileTransformer,268,1,78.67094105363446,95.23589201127692,85.00273298715496,0.3969377666705888,0.9125741824989047,0.93986381163344,0.8868245858492027,0.3656895160675049,0.09216785430908203
QuantileTransformer,271,1,69.51545667928498,92.69546482301504,80.02186389723968,0.2680931284129586,0.8814466428803114,0.9254214200578921,0.8414615265520978,0.4422910213470459,0.10170483589172363
QuantileTransformer,274,1,79.34223005287583,95.16899404830271,86.45121617928396,0.4439989585124355,0.9213064010476606,0.9451999022880873,0.8985911131754142,0.83976149559021,0.13242435455322266
QuantileTransformer,277,1,77.07847034063343,94.44519612714774,73.98879475266466,0.3145374481949955,0.8347297590622965,0.9502817040624691,0.7442328533828766,0.8719215393066406,0.09710884094238281
QuantileTransformer,280,1,62.15762593855647,91.88553894965642,54.119978136102766,0.1620149802409254,0.6647026514205823,0.9362779575186383,0.515250038705682,0.6816730499267578,0.09708428382873535
QuantileTransformer,283,1,58.49774236380602,90.69120041481628,78.17709756764143,0.15211252958360824,0.8717475104400899,0.9056399132321041,0.8403003560922744,0.5894765853881836,0.12416625022888184
QuantileTransformer,286,1,37.70653018475452,85.85081277678073,20.29242962558076,0.030358004627643785,0.19210526315789472,0.9113009198423128,0.10736956185167983,0.9232456684112549,0.11348104476928711
QuantileTransformer,289,1,50.10035540737753,88.22760087101248,81.74364580486471,0.12203281449239212,0.8965223452869646,0.8970086794792312,0.8960365381638025,0.7505884170532227,0.10357403755187988
QuantileTransformer,292,1,41.64918377421763,85.76449876188124,84.36048100573927,0.05293811916406569,0.9141120408239841,0.8869875482414622,0.942947824740672,0.4364316463470459,0.12731623649597168
QuantileTransformer,295,1,53.998540268598504,89.24778031309388,78.7168625307461,0.14381005980319014,0.8757132027291226,0.9035817208727872,0.8495123084068741,0.9210977554321289,0.13085174560546875
QuantileTransformer,298,1,46.884562083283086,88.48004876144778,31.46351462148128,0.07227652207481103,0.3851670242108489,0.9249337650868413,0.24322650565102957,0.8129603862762451,0.11835932731628418
QuantileTransformer,301,1,53.2417495617111,88.10463692272864,76.72861437551244,0.11390638998807344,0.8626612903225807,0.9002693149301464,0.8280693605821334,0.9602086544036865,0.11943244934082031
QuantileTransformer,304,1,49.578542885625296,87.24485575076235,83.39027056572834,0.17922312581554434,0.9062439739288056,0.903005149488894,0.9095061154977551,0.9539339542388916,0.13120341300964355
QuantileTransformer,307,1,53.98947665051571,88.66781394964184,71.13282317573108,0.10884521971550072,0.821632118883776,0.9036122202618627,0.7532899829694999,0.8080766201019287,0.11401081085205078
QuantileTransformer,310,1,51.19267796638274,88.66339118856278,80.8827548510522,0.1342036407920711,0.8906091172101024,0.8996840442338072,0.8817154358259792,0.7897133827209473,0.10638618469238281
QuantileTransformer,313,1,51.79660601184403,87.90978822704976,65.3935501503143,0.09407353349268546,0.7762117262404453,0.9041688111168297,0.6799814212726428,0.768559455871582,0.12900066375732422
QuantileTransformer,316,1,50.51407138535341,88.07741997827824,74.84968570647717,0.07693819778388968,0.8504205778373766,0.895047472414678,0.810032512772875,0.6332452297210693,0.11504483222961426
QuantileTransformer,319,1,75.84286916974825,94.49955135083762,84.68160699644712,0.3591909901080014,0.9112500989628691,0.9324368114063513,0.8910047995045672,0.8213293552398682,0.12052774429321289
QuantileTransformer,322,1,61.39687003956721,92.00465244581353,51.70128450396283,0.19072913829853197,0.6355246197473575,0.9515207657866296,0.4770862362594829,0.5946283340454102,0.12729430198669434
QuantileTransformer,325,1,58.09751029192645,90.92672040383472,53.87400929215632,0.13775323114435425,0.6646132445725074,0.927610594924421,0.5178046137172937,0.9301910400390625,0.11794781684875488
QuantileTransformer,328,1,57.03550117594981,90.40867250651957,72.91609729434272,0.12150770526932235,0.834668001334668,0.9048652559233135,0.7745781080662641,0.9272215366363525,0.13350653648376465
QuantileTransformer,331,1,50.940297995000606,86.65264835927289,59.811423886307736,0.08147807909207502,0.7279370952821461,0.9042748793380831,0.6091500232234092,0.6063296794891357,0.12926054000854492
QuantileTransformer,334,1,65.4919875182962,91.57430912796156,76.79010658649904,0.2361301857866414,0.8592150524265407,0.9246275978949247,0.8024461991020282,1.0067970752716064,0.14009833335876465
QuantileTransformer,337,1,47.505556225432706,85.24756770273181,56.50450942880568,0.07970572880189891,0.6967416158536586,0.9057468417141442,0.5661093048459513,1.0835046768188477,0.13642358779907227
QuantileTransformer,340,1,43.13035875436013,84.96907308247631,14.300355288330143,0.025313414974716047,0.060801198053163606,0.9290617848970252,0.03142901377922279,0.38878655433654785,0.13869667053222656
QuantileTransformer,343,1,50.10512715560008,89.03920714904008,33.40393550150314,0.09761713045725205,0.4108081968204074,0.9373793103448276,0.26304381483201733,0.2848165035247803,0.11765265464782715
QuantileTransformer,346,1,45.27361943275764,87.88331217541194,18.768789286690353,0.060394028282524374,0.15459005902012374,0.9493449781659389,0.08414615265520979,0.634829044342041,0.13152241706848145
QuantileTransformer,349,1,58.33767026219472,90.1868559029878,69.91664389177372,0.14361956189999836,0.8105340160936357,0.9125084778606725,0.7290602260411828,0.23896527290344238,0.12106537818908691
QuantileTransformer,1,3,62.448767915684144,91.6757081861142,61.7723421699918,0.13170839425569897,0.7420826994883142,0.9172649572649573,0.6230840687412912,0.9247438907623291,0.012727499008178711
QuantileTransformer,4,3,35.79564778712542,85.06203295104139,14.942607269745833,0.047026569814161125,0.0727001862197393,0.9625246548323472,0.037776745626257935,0.2543008327484131,0.013385772705078125
QuantileTransformer,7,3,53.03244148953523,88.03768058326472,84.6406121891227,0.15965702102716725,0.9145701907729725,0.898253209913407,0.9314909428704133,0.888418436050415,0.013777017593383789
QuantileTransformer,10,3,26.653919925829285,81.21808139878843,85.51516807871003,0.045545427353457464,0.9212305863119566,0.8857530723063732,0.9596686793621304,0.8350529670715332,0.024858474731445312
QuantileTransformer,13,3,32.51035996554609,82.38271113611381,14.41650724241596,0.04596199241584991,0.0607378524295141,0.9688995215311005,0.031351602415234554,0.5451643466949463,0.016632795333862305
QuantileTransformer,16,3,44.78154359881917,86.52734974166727,88.16616561902158,0.22570186498107725,0.9358756016290263,0.89689185353392,0.9784022294472828,0.6083028316497803,0.03500056266784668
QuantileTransformer,19,3,49.58998336601913,87.5121251101188,77.79447936594698,0.09504043167214421,0.870600414078675,0.896294474504017,0.8463384424833565,0.7469639778137207,0.02228236198425293
QuantileTransformer,22,3,41.88514424557804,86.95870841770184,28.218092374965835,0.06879233662104269,0.3323589222165735,0.9279630943931867,0.20243071682923053,0.701392412185669,0.03330063819885254
QuantileTransformer,25,3,44.56512521626068,85.68318416712722,84.86608362940694,0.1004774272569855,0.9167261927140118,0.8911629266866458,0.9437993497445425,0.7827165126800537,0.03010106086730957
QuantileTransformer,28,3,46.954356223125686,86.19928378714124,75.19130910084722,0.06256520662634968,0.8532988566118541,0.8924195047747824,0.8174640037157455,0.33084630966186523,0.021996498107910156
QuantileTransformer,31,3,47.00485835162278,87.16045392223137,85.2965291063132,0.1479786861192997,0.9188536953242835,0.8957506249081018,0.9431800588326367,1.125734806060791,0.026314735412597656
QuantileTransformer,34,3,48.64579002036847,88.06288920482119,75.28696365127084,0.05800652464066042,0.8541120477554148,0.891621052631579,0.8196315219074161,0.35538339614868164,0.021587610244750977
QuantileTransformer,37,3,35.53274203307294,83.54112471694795,11.936321399289424,0.008385170429387433,0.004787275113890819,0.9393939393939394,0.0023997522836352375,0.8534770011901855,0.02044200897216797
QuantileTransformer,40,3,48.52527972177329,87.453535016685,64.79229297622301,0.05162328775120373,0.7736636359643343,0.8942024571022439,0.6817618826443722,0.6418218612670898,0.027477502822875977
QuantileTransformer,43,3,36.60402429148776,84.50434963624124,15.209073517354469,0.06113254521271756,0.07677428954024698,0.9847328244274809,0.03994426381792847,0.5743415355682373,0.07697272300720215
QuantileTransformer,46,3,66.15157469493704,92.67042166825547,56.98961464881115,0.1852202199685657,0.6919199334410023,0.9406520292747838,0.5472209320328224,0.9606213569641113,0.04709911346435547
QuantileTransformer,49,3,55.3918704730348,90.09210185977503,33.69089915277399,0.07635189214827366,0.41903621670158636,0.9242144177449169,0.27093977395881713,0.6594588756561279,0.04730105400085449
QuantileTransformer,52,3,55.66621220158099,90.43194995304009,37.305274665209076,0.10742714443270657,0.46669766360571896,0.9363339552238806,0.3108066264127574,0.49346923828125,0.0527033805847168
QuantileTransformer,55,3,56.39055592173503,89.33297562560747,66.9103580213173,0.09456228041196249,0.7887827641850931,0.9033063630006992,0.7000309645455953,0.6850316524505615,0.026230573654174805
QuantileTransformer,58,3,49.91616998129692,87.4555269374481,46.44028423066411,0.03209581518175397,0.595072059507206,0.8942710759198882,0.4458894565722248,0.25554490089416504,0.04437446594238281
QuantileTransformer,61,3,48.72689171655149,87.74910551026987,33.581579666575564,0.02852863634753359,0.42611724422929337,0.8975379258890823,0.2793776126335346,0.5433375835418701,0.05842947959899902
QuantileTransformer,64,3,55.72309017874184,90.18172202796637,41.96501776441651,0.08304512125792636,0.5335017574692443,0.9181474480151228,0.37598699489084997,0.5948634147644043,0.03583788871765137
QuantileTransformer,67,3,54.098812316823896,89.53100503745894,40.4277124897513,0.05269257289305312,0.5181541862392927,0.9055437512072629,0.36290447437683854,0.5400855541229248,0.03644371032714844
QuantileTransformer,70,3,56.59839507047318,89.92811364386199,40.06559169171905,0.08525747395890908,0.5082959641255606,0.9211702559934986,0.35098312432265055,0.8693182468414307,0.03593897819519043
QuantileTransformer,73,3,48.40772979955413,87.5938975716602,56.01940420880022,0.01023022697735187,0.698147713950762,0.8854525990246224,0.57625019352841,0.35269808769226074,0.03159523010253906
QuantileTransformer,76,3,56.52911460324379,90.28188658580929,39.97676960918284,0.08075341536664472,0.5078155638971371,0.9190833502332184,0.3508283015946741,0.7125217914581299,0.05574536323547363
QuantileTransformer,79,3,54.04108272454118,88.97158940125088,44.59551790106587,0.0561168725624944,0.5701107989185177,0.9044575273338941,0.41624090416473136,0.7041091918945312,0.03473019599914551
QuantileTransformer,82,3,45.157603769527896,85.8292281761807,72.62230117518448,0.0373698420357892,0.8355967669142084,0.8889567874290702,0.7882799194921815,0.563518762588501,0.035970449447631836
QuantileTransformer,85,3,56.151587762047384,89.77275229431787,63.67860071057666,0.0715513761877244,0.7630171184022825,0.899516501997057,0.662486453011302,0.9927530288696289,0.0346834659576416
QuantileTransformer,88,3,54.67741945658484,89.71737658450961,49.80869089915277,0.05064196691482768,0.6306315366049879,0.8997130559540889,0.4854466635702121,0.6719627380371094,0.06272315979003906
QuantileTransformer,91,3,51.85181455301201,89.05630544975857,34.00519267559442,0.041418913919793195,0.4301138710248392,0.9042421235425453,0.282164421737111,0.5816836357116699,0.04463601112365723
QuantileTransformer,94,3,58.634377025965335,91.81145814385242,40.70101120524733,0.13279162912585873,0.5094115652026454,0.9440603394091767,0.34881560613098,0.2933530807495117,0.06420230865478516
QuantileTransformer,97,3,49.85425440780667,89.14666235410216,30.06285870456409,0.09942817409175829,0.3573581115017579,0.945514950166113,0.22031274191051245,0.61057448387146,0.05591773986816406
QuantileTransformer,100,3,56.815347402195385,90.2302797296269,56.98278218092375,0.08005561580909651,0.7013566075324922,0.9055609995100441,0.57230221396501,0.2504606246948242,0.040932655334472656
QuantileTransformer,103,3,59.21253808161483,91.32192209440848,36.847499316753215,0.11436346308450644,0.45899912203687443,0.9409647228221742,0.30352995819786344,0.7850546836853027,0.07410407066345215
QuantileTransformer,106,3,48.6943388411654,87.2827481185632,76.16151954085815,0.04445640918734637,0.8606239763512163,0.8891456871646719,0.833875212881251,0.7587580680847168,0.06793212890625
QuantileTransformer,109,3,69.57391172148635,93.24678232729777,55.8759223831648,0.19425801329417006,0.6797262447926998,0.9457631796853436,0.530500077411364,0.9898655414581299,0.05362701416015625
QuantileTransformer,112,3,42.15902862526249,86.30083667004193,13.815250068324678,0.0119733545734379,0.05100812518808306,0.9064171122994652,0.02624245239201115,0.9275336265563965,0.0709676742553711
QuantileTransformer,115,3,68.87193303655673,92.31970062424716,83.79338617108499,0.32321962731378795,0.9060594059405941,0.9275867661368796,0.8855085926614027,0.6582968235015869,0.06415629386901855
QuantileTransformer,118,3,41.42698206886061,85.90183292395366,15.284230664115878,0.01971234472999381,0.08474200930095224,0.9125596184419714,0.04443412292924601,0.7041070461273193,0.05444788932800293
QuantileTransformer,121,3,46.13608701505926,87.72298315437357,31.197048373872644,0.03833491179186651,0.3873950602263049,0.9045454545454545,0.24647778293853537,1.151052713394165,0.07804059982299805
QuantileTransformer,124,3,55.01659658189627,90.08205626013962,45.073790653183934,0.0685695192586569,0.5741829546056465,0.9092434155343063,0.4195695928162254,0.7862560749053955,0.08196544647216797
QuantileTransformer,127,3,47.468898475041186,86.8763652678667,87.89969937141295,0.014861461387593533,0.9355320155800663,0.8829794544080258,0.9947360272488002,0.3427159786224365,0.07944345474243164
QuantileTransformer,130,3,43.725401164793205,85.93485796775244,81.69581852965291,0.007805637649467893,0.8980244375927829,0.8833969894405751,0.913144449605202,0.5373077392578125,0.08490252494812012
QuantileTransformer,133,3,64.11098545657654,91.80209691580276,84.66110959278491,0.22873309164469577,0.913643881986383,0.9080204908632158,0.9193373587242607,0.30100536346435547,0.09048056602478027
QuantileTransformer,136,3,43.20351429568906,86.1709097935744,88.3233123804318,0.06745703197866573,0.9379515666412519,0.8832136752136752,0.9999225886360118,0.9901247024536133,0.08141851425170898
QuantileTransformer,139,3,70.58577467507503,92.61859284712996,83.0144848319213,0.32752899329753654,0.9006633101574363,0.930789560621077,0.8724260721473912,0.8346724510192871,0.08933901786804199
QuantileTransformer,142,3,58.449083148456246,90.37550336501067,40.65318393003553,0.09398425916036504,0.5147486033519553,0.9247290244881574,0.3566341538937916,0.8649988174438477,0.06402707099914551
QuantileTransformer,145,3,60.349288815761135,90.20422288284415,79.64607816343263,0.18109621000871165,0.881167976385177,0.9089786848819027,0.8550085152500387,0.6266531944274902,0.09071993827819824
QuantileTransformer,148,3,55.419543458595555,89.98933686934244,87.09346816069964,0.1562360906662275,0.9298994322187999,0.8930786228526624,0.9698869794085772,0.4012947082519531,0.0705406665802002
QuantileTransformer,151,3,53.995248708563956,89.82300818576408,45.51106859797759,0.0487644736364489,0.5820449661967402,0.9010222294337173,0.42986530422666047,0.33724403381347656,0.06490921974182129
QuantileTransformer,154,3,58.774792138321764,90.40666229178264,87.39409674774528,0.23558536947615066,0.930932504772957,0.9013410656034795,0.962532899829695,0.7882308959960938,0.06871652603149414
QuantileTransformer,157,3,51.415911522866274,87.95616760377966,79.66657556709484,0.09373893424822528,0.8833398667189337,0.894774459974587,0.8721938380554265,0.9490525722503662,0.0780186653137207
QuantileTransformer,160,3,66.16236407276416,91.76846031001936,72.45832194588685,0.22532574872772565,0.8267652241179252,0.929282194957009,0.7446199102028178,0.9227633476257324,0.09157681465148926
QuantileTransformer,163,3,64.3396508756496,91.45064122235948,75.94971303634873,0.1728110148523837,0.8552393485770686,0.9122653097034568,0.8049233627496516,0.7346603870391846,0.07227754592895508
QuantileTransformer,166,3,61.727627890512395,91.22905354615258,61.31456682153594,0.13033148787680002,0.738015917083102,0.9172992868645042,0.6173556278061619,0.8865101337432861,0.07636523246765137
QuantileTransformer,169,3,62.92761442688285,91.84316568867388,81.89396009838754,0.17416188762806967,0.8965167135270228,0.9045705279747833,0.888605047220932,0.4639770984649658,0.08263707160949707
QuantileTransformer,172,3,56.28593567989797,91.0443392878519,36.444383711396554,0.0980557255255898,0.45595976137559946,0.9325358851674641,0.30174949682613406,0.24265313148498535,0.09326934814453125
QuantileTransformer,175,3,60.17524391789097,91.26187905494913,62.28477726154688,0.11338451792443771,0.7480142426732402,0.9115487316421896,0.6342313051555969,1.0468358993530273,0.0855095386505127
QuantileTransformer,178,3,64.07360901511659,92.06910548134417,71.15332057939328,0.17027347152901623,0.8190468026744385,0.9175148838102555,0.7396655829075708,0.7703084945678711,0.09477686882019043
QuantileTransformer,181,3,58.31630778974605,90.72818736421824,50.93604810057393,0.0969751575518399,0.6376709218426763,0.9156643964642805,0.4891624090416473,0.6289346218109131,0.09498190879821777
QuantileTransformer,184,3,64.02879558551558,91.444792021565,74.17327138562449,0.16660169141126416,0.8423554925348236,0.9131103074141049,0.7817773649171699,0.5254995822906494,0.08613705635070801
QuantileTransformer,187,3,63.525049470277374,91.85733544500462,77.1590598524187,0.1768796596452923,0.8638344670278196,0.9115447434023898,0.8208701037312277,0.7696230411529541,0.06734848022460938
QuantileTransformer,190,3,61.719605135356346,91.8342433214544,52.49385077890134,0.15036929475675254,0.6486431856081661,0.9340707320622907,0.4968261340764824,0.8931586742401123,0.06608009338378906
QuantileTransformer,193,3,69.31499819493642,92.49009324228845,80.1311833834381,0.29104152271016764,0.8815575105897686,0.9302045728038508,0.8377457810806627,0.8827488422393799,0.09754729270935059
QuantileTransformer,196,3,60.43412139723997,91.20322888870692,84.06668488658103,0.20679669733543016,0.9101625703058788,0.9059049079754601,0.914460442793002,0.25725245475769043,0.06574368476867676
QuantileTransformer,199,3,65.71133698887999,92.10737034544492,68.18802951626127,0.20200210022001028,0.7933788941155587,0.9295965058236273,0.691980182690819,0.6270215511322021,0.10350918769836426
QuantileTransformer,202,3,55.946963573041806,89.27422211531517,85.79529926209347,0.2018519236136664,0.9213006775939736,0.901474183272835,0.9420188883728131,0.6205003261566162,0.08241534233093262
QuantileTransformer,205,3,67.44852820179798,92.4128938689164,64.99043454495764,0.19715688390286962,0.7662622023537998,0.932807641048423,0.6501780461371729,0.7502181529998779,0.10438179969787598
QuantileTransformer,208,3,66.00927836928231,91.60615456638092,74.2347635966111,0.21680144809683327,0.8408525005275375,0.9243759858958894,0.7711720080507819,0.9145450592041016,0.10041189193725586
QuantileTransformer,211,3,64.04821601501438,91.41157684727115,84.70893686799673,0.2403613214862409,0.913757225433526,0.9097605893186004,0.917789131444496,0.5240025520324707,0.1150660514831543
QuantileTransformer,214,3,70.16730722542712,93.13486818817142,72.8546050833561,0.2404748716339596,0.8291844017369621,0.932501692292815,0.7464777829385354,0.9215781688690186,0.07082772254943848
QuantileTransformer,217,3,61.854243683764395,91.3789606707197,67.27931128723695,0.1448922265961281,0.7890401303907317,0.9154656035980783,0.693296175878619,0.8727562427520752,0.09104228019714355
QuantileTransformer,220,3,70.31602896464688,92.8301417466193,80.15851325498771,0.287460511613621,0.8818551668022783,0.9293431658377637,0.8389843629044744,0.7654139995574951,0.09023213386535645
QuantileTransformer,223,3,58.01552994522087,90.12975015444988,73.517354468434,0.14324009058758824,0.8383383383383384,0.9088442756375474,0.7779842080817464,0.4292328357696533,0.09525108337402344
QuantileTransformer,226,3,58.24684032766185,91.3497650577128,33.22629133643072,0.11833950861242673,0.4043396111415859,0.9507022069360849,0.25677349434897045,0.8933172225952148,0.10432910919189453
QuantileTransformer,229,3,78.89639827182509,95.00674212968082,83.52008745558895,0.3905963192213159,0.902569074163839,0.9437404967055246,0.8648397584765444,0.6694917678833008,0.09952712059020996
QuantileTransformer,232,3,67.46608093569883,92.04309342915528,69.41104126810605,0.23643207599766827,0.8016305551863175,0.9373121956273961,0.70026319863756,1.1211192607879639,0.10184955596923828
QuantileTransformer,235,3,63.84549331585765,91.82188939532874,62.42825908718229,0.16282264065653929,0.7457580100790605,0.9258408908276892,0.6243226505651029,1.2605950832366943,0.13080358505249023
QuantileTransformer,238,3,59.41702709361692,91.3438420230732,52.90379885214539,0.09590160947462832,0.6587792683530518,0.9136344912810654,0.5150952159777056,0.7826032638549805,0.0927426815032959
QuantileTransformer,241,3,71.29550576115378,93.57717441053153,68.14020224104947,0.2144524344448305,0.7922662271127545,0.9331514324693042,0.688341848583372,0.7684056758880615,0.11569833755493164
QuantileTransformer,244,3,70.4532831880721,93.10613790940478,61.12325772068872,0.23261889724144755,0.7282452956347311,0.9506234413965087,0.590184239046292,0.6146035194396973,0.10973882675170898
QuantileTransformer,247,3,70.04070044397535,92.74818038598997,79.64607816343263,0.28849072032998907,0.8781844203639337,0.9307445609777238,0.8312432265056511,0.43237972259521484,0.09817075729370117
QuantileTransformer,250,3,74.63811989695547,94.21766495483853,76.56463514621481,0.29046447354974175,0.8555667845713323,0.9380424746075715,0.7864220467564639,0.5423669815063477,0.09953045845031738
QuantileTransformer,253,3,66.22202669619655,91.52157976589082,59.41514074883848,0.16675818335169593,0.7173582032736963,0.9308471227463572,0.5835268617433039,0.7085006237030029,0.09367585182189941
QuantileTransformer,256,3,64.0698375767197,91.49012598695106,55.73927302541678,0.14555076465792566,0.6830413934827283,0.9281914893617021,0.5403313206378696,0.6456270217895508,0.13245892524719238
QuantileTransformer,259,3,60.50979573673359,91.20170567606367,48.68816616561902,0.1105497341239225,0.6110823407560849,0.9230287859824781,0.45672704753057747,0.5484669208526611,0.09814333915710449
QuantileTransformer,262,3,55.77013628185018,90.79648286439907,34.353648537851875,0.08885809639761771,0.4267987113709581,0.9305411030176899,0.27690044898591115,0.4701108932495117,0.10010123252868652
QuantileTransformer,265,3,68.85032048665163,93.23476640252834,88.45312927029244,0.3679648867198985,0.9358438994761218,0.9182061978545888,0.9541724725189658,0.7465112209320068,0.1099095344543457
QuantileTransformer,268,3,70.67222938059554,93.23955237768202,82.57720688712763,0.2835002311662111,0.8987291501191422,0.922769531887131,0.8759095835268618,0.6507911682128906,0.10491132736206055
QuantileTransformer,271,3,66.68056060967352,92.0012342158442,59.73626673954633,0.17791739426762032,0.7195011661668809,0.9341243356816216,0.5850750890230686,0.6917877197265625,0.12029767036437988
QuantileTransformer,274,3,54.864139451480554,90.50873742513453,37.98168898606177,0.07929724481092801,0.4808693165570489,0.9205167506021459,0.3254373742065335,1.157123327255249,0.10968995094299316
QuantileTransformer,277,3,73.06301942890059,93.33316010108761,84.90707843673134,0.3721387590864252,0.9124836575413019,0.934512699829587,0.8914692676884967,0.7403891086578369,0.12816834449768066
QuantileTransformer,280,3,71.98667929760587,93.661607106004,71.54277124897513,0.2467788058802847,0.8184789714534757,0.936471526877431,0.7268927078495123,0.6116247177124023,0.1186072826385498
QuantileTransformer,283,3,60.110482868477646,91.0152945055606,63.27548510522001,0.14256608362204906,0.7548013320560193,0.9189159169165834,0.6404242142746556,1.00136137008667,0.11067962646484375
QuantileTransformer,286,3,68.39896897795911,92.59451152303093,79.447936594698,0.25323226393087234,0.8778229082047116,0.9234318919842762,0.8365071992568509,0.26912856101989746,0.09953522682189941
QuantileTransformer,289,3,42.986169950656794,86.33855385129729,87.87920196775076,0.047819945859198555,0.9353168526215999,0.884063964709126,0.9928781545130825,0.7651724815368652,0.13475370407104492
QuantileTransformer,292,3,59.930050857193415,90.44285769481772,67.6345996173818,0.12545959206550697,0.7930446939577963,0.9102396951158359,0.702585539557207,0.8576822280883789,0.13230323791503906
QuantileTransformer,295,3,67.17171273408826,92.12630534922322,77.31620661382892,0.23212191773071722,0.8631943299818692,0.9228193832599119,0.8108066264127574,0.336620569229126,0.10064196586608887
QuantileTransformer,298,3,69.08862177312216,92.59926285643573,78.11560535665483,0.2563789185162763,0.8681947244969342,0.9267328472283229,0.8166124787118749,0.5282626152038574,0.13813543319702148
QuantileTransformer,301,3,51.144379223042236,89.3864184836376,83.34927575840393,0.09354724913330789,0.9073066828952874,0.8918716817468033,0.9232853382876607,0.7306385040283203,0.10989809036254883
QuantileTransformer,304,3,57.88532294957663,89.07051762946577,67.81907625034162,0.14606172206068543,0.793439172002456,0.915216511533792,0.70026319863756,0.8521547317504883,0.11324453353881836
QuantileTransformer,307,3,65.87820849376591,92.4482920886857,59.558622574473894,0.19551755833463355,0.7163191948238677,0.9403548508871272,0.5784951230840687,0.8648266792297363,0.109710693359375
QuantileTransformer,310,3,50.833163460898966,89.15765573602589,35.78163432631867,0.0907372068540947,0.44760505436379666,0.9294605809128631,0.29478247406719305,0.6516478061676025,0.1375424861907959
QuantileTransformer,313,3,39.70660912812455,85.99828388095729,18.126537305274663,0.048374764181754876,0.14315337861994995,0.9381443298969072,0.0774887753522217,0.4118173122406006,0.1335737705230713
QuantileTransformer,316,3,73.0052132363159,93.7311397642009,79.14047553976496,0.30408442263487895,0.8740667409149032,0.9355408388520972,0.8201734014553337,0.9976558685302734,0.10234642028808594
QuantileTransformer,319,3,49.69578640663658,88.23822698421544,22.021044001093195,0.06141866857167435,0.2204767433918448,0.9367382472431804,0.12494194147700882,0.22005534172058105,0.11253666877746582
QuantileTransformer,322,3,47.49085122040502,87.3438676065212,83.03498223558348,0.10005759652626907,0.9052181547505439,0.8929136230137812,0.9178665428084842,0.7197179794311523,0.1367785930633545
QuantileTransformer,325,3,70.89895726261881,93.51924888919825,69.8278218092375,0.23491922100582235,0.8051535474761736,0.9361789452082906,0.7063012850286422,0.30756330490112305,0.13167452812194824
QuantileTransformer,328,3,65.94421993046134,92.80264231510198,46.61792839573654,0.1955203948261313,0.5759105465993595,0.963669391462307,0.41066728595757857,1.0425236225128174,0.12870240211486816
QuantileTransformer,331,3,40.91444268954655,86.57687001191621,17.87373599344083,0.046241179585492655,0.13810411587551985,0.9367704280155642,0.07454714352066884,0.8216457366943359,0.12165689468383789
QuantileTransformer,334,3,47.575490048178885,87.72958403073638,20.476906258540584,0.05527432776620726,0.19089329162321864,0.9359236537150648,0.10628580275584455,0.8216276168823242,0.14262008666992188
QuantileTransformer,337,3,51.6967642770797,87.28724502368811,75.30746105493304,0.11705110133911252,0.8524295630869743,0.9020048392671967,0.808019817309181,0.5221035480499268,0.1402602195739746
QuantileTransformer,340,3,54.459502862237876,90.07404122336311,52.35036895326593,0.09773283352080595,0.6527584146584345,0.9147362545353056,0.5074314909428704,0.859663724899292,0.12708139419555664
QuantileTransformer,343,3,46.053169441129604,85.80200271139591,77.60317026509975,0.09153099590905628,0.8693711644217741,0.8958607095926413,0.8444031583836508,0.7618801593780518,0.1563582420349121
QuantileTransformer,346,3,36.347442568247715,84.78243534689462,17.784913910904617,0.03782886544185882,0.13772841275528486,0.926711668273867,0.07439232079269237,0.6256368160247803,0.1262354850769043
QuantileTransformer,349,3,38.23940243834081,82.88325043063264,84.37414594151407,0.04438947818719472,0.9142835725797384,0.886216667877643,0.9441864065644837,0.6965317726135254,0.12945914268493652
QuantileTransformer,1,5,62.77779775393496,91.84456003422974,63.50778901339164,0.1343996274310655,0.7574147249852387,0.9163644356522694,0.6454559529338907,0.6551339626312256,0.0209195613861084
QuantileTransformer,4,5,34.57371301129125,84.45828044586321,14.86745012298442,0.047001190586145276,0.0709812108559499,0.9635627530364372,0.03684780925839913,0.8084266185760498,0.012054681777954102
QuantileTransformer,7,5,49.49866003542358,86.62822550503556,86.10959278491391,0.21793722592631773,0.9230711015249555,0.9028795617736324,0.9441864065644837,0.7449941635131836,0.013714075088500977
QuantileTransformer,10,5,36.996501709268145,84.5226496641406,13.82208253621208,0.048040703862935165,0.04670848764265739,0.987220447284345,0.02392011147236414,0.7045516967773438,0.013036251068115234
QuantileTransformer,13,5,31.499260762027014,81.76329214785983,11.888494124077617,0.009533374456855969,0.0035543192705918716,0.9583333333333334,0.0017804613717293698,0.5742244720458984,0.013210773468017578
QuantileTransformer,16,5,37.401877266129816,83.5465930994393,87.61273572014213,0.06554648267947893,0.9336650689693022,0.8852424894192743,0.9876915931258708,1.0419154167175293,0.013723134994506836
QuantileTransformer,19,5,48.587292172116015,87.16030206213235,77.58267286143756,0.10965303015897976,0.8687547501900076,0.8988494329939575,0.8406100015482273,0.9003219604492188,0.029078960418701172
QuantileTransformer,22,5,55.23329658321199,89.62348942723165,42.996720415414046,0.08931116187175825,0.5457119520827661,0.9199559390490178,0.38790834494503795,0.6613502502441406,0.01514291763305664
QuantileTransformer,25,5,62.184217508089446,92.80061097895825,53.894506695818535,0.1787066027727977,0.6605975253998592,0.9429925330269959,0.5083604273107292,0.7779443264007568,0.03385114669799805
QuantileTransformer,28,5,40.58428862921687,84.27357502118286,77.39819622847773,0.0019075710909774077,0.8701115124862573,0.8828685258964143,0.8577179129896269,0.8823719024658203,0.025434017181396484
QuantileTransformer,31,5,47.968643350976635,87.99399744890306,14.307187756217546,0.03261482790711493,0.0599610253335332,0.9433962264150944,0.03096454559529339,0.964165449142456,0.03547072410583496
QuantileTransformer,34,5,68.88594413296659,92.76002697611827,69.95763869909811,0.20907365414552537,0.807579537000569,0.9289237893889056,0.7142746555194303,0.8141260147094727,0.029752492904663086
QuantileTransformer,37,5,51.26978743506323,87.86521178116654,65.17491117791747,0.07545494194679976,0.7754724461477468,0.8997240110395585,0.681374825824431,0.7768275737762451,0.035167694091796875
QuantileTransformer,40,5,55.06866901658369,89.11677160213806,68.16753211259908,0.10389844586758869,0.7985123037668123,0.9046545810877021,0.7146617123393714,0.8323721885681152,0.05678725242614746
QuantileTransformer,43,5,47.31960448650673,86.75401814659664,67.20415414047554,0.08111085679242781,0.7919015000433538,0.8999802916830902,0.7069979873045363,0.4420812129974365,0.02534651756286621
QuantileTransformer,46,5,48.0963675956571,87.12001020352128,63.71276305001366,0.054714392310881134,0.764363991303962,0.8953331254547344,0.6668214893946431,0.8462517261505127,0.029943227767944336
QuantileTransformer,49,5,54.55682805178756,89.29040911350562,54.90571194315387,0.0969629246519484,0.6792691223636894,0.9124020887728459,0.5410280229137637,0.7745413780212402,0.04465460777282715
QuantileTransformer,52,5,49.40379506733707,87.44292443506534,73.04591418420333,0.08114143136887132,0.8371517027863777,0.8967895993632263,0.7849512308406874,0.27662229537963867,0.04236149787902832
QuantileTransformer,55,5,50.15973415910261,87.86210788162457,66.84203334244329,0.06253899410804206,0.789940700341947,0.895925380461463,0.7063786963926304,0.9255521297454834,0.030760526657104492
QuantileTransformer,58,5,55.53153535302195,87.93138436216266,64.06121891227112,0.1428734158539104,0.7617106097671469,0.9181957186544343,0.6507973370490788,0.6605415344238281,0.025620222091674805
QuantileTransformer,61,5,51.69458116847362,87.18080425414682,81.59333151134189,0.17293505263555492,0.894543177014014,0.9048146974976243,0.8845022449295556,0.6474947929382324,0.024664640426635742
QuantileTransformer,64,5,58.90817804649764,89.63260742683205,64.85378518720962,0.13383900212594316,0.7691824463788925,0.9149231426131511,0.6634928007431491,0.6915841102600098,0.07260823249816895
QuantileTransformer,67,5,55.715049399985325,88.95955253659658,74.76086362394096,0.1036722620713263,0.8489161554192229,0.8999306278182448,0.8033751354698869,0.5725579261779785,0.0323638916015625
QuantileTransformer,70,5,57.40786425561358,89.5556388948766,72.56080896419786,0.11650034391355801,0.8321912084238676,0.9041220265117124,0.7708623625948289,0.4166254997253418,0.057819366455078125
QuantileTransformer,73,5,51.18144025149412,87.78936419223804,81.07406395189942,0.07965227138419087,0.8929096110724504,0.8918751930800124,0.8939464313361202,0.8852198123931885,0.028483867645263672
QuantileTransformer,76,5,54.21525604056463,88.83250570243698,67.21781907625034,0.0709272127053799,0.7925458318920788,0.8976493633692458,0.7094751509521597,0.8480391502380371,0.05921506881713867
QuantileTransformer,79,5,61.772822068673165,91.80267823130437,65.32522547144029,0.12369798672153726,0.7738514326456041,0.9117925023627008,0.6721628735098313,0.8849668502807617,0.0620121955871582
QuantileTransformer,82,5,58.825014901011684,90.58221887659678,56.42935228204428,0.11443961065329493,0.6928671193950778,0.9168897386870618,0.5568199411673633,0.8711166381835938,0.0704188346862793
QuantileTransformer,85,5,54.45297606592023,88.79512203667035,82.2629133643072,0.12640039775263634,0.8998302207130731,0.8970610863209725,0.9026165041028023,0.2680230140686035,0.034540653228759766
QuantileTransformer,88,5,43.972263661483616,86.93602068897883,14.156873462694724,0.015680316349053085,0.058735391069823194,0.9116279069767442,0.030345254683387522,0.5876996517181396,0.06070280075073242
QuantileTransformer,91,5,47.875402759881844,87.57700513480071,15.981142388630772,0.009558230425902502,0.10260526891921477,0.8955414012738854,0.054420188883728134,0.1890089511871338,0.03649497032165527
QuantileTransformer,94,5,56.135596322536664,89.46645343371141,54.919376878928674,0.0828065528916742,0.6807625314495839,0.9077419354838709,0.5445889456572225,1.0645418167114258,0.05143260955810547
QuantileTransformer,97,5,67.02666555641288,91.87900226616246,67.689259360481,0.1949113307249846,0.7896071539796237,0.9283397844962862,0.6869484440315838,0.749502420425415,0.03992199897766113
QuantileTransformer,100,5,54.41258067138273,89.44600110906222,43.09920743372506,0.10171442925136776,0.54521625163827,0.9254727474972191,0.3864375290292615,0.6871984004974365,0.04297447204589844
QuantileTransformer,103,5,51.79711517855711,88.65333339886502,72.41049467067505,0.07082468680699408,0.8328227208743894,0.8951584193663226,0.7786034989936522,0.697993278503418,0.07274484634399414
QuantileTransformer,106,5,45.7800690880653,87.82368720696454,24.2620934681607,0.030189470315435663,0.26971473746623625,0.9053516143299425,0.15846106208391392,1.2719700336456299,0.03800821304321289
QuantileTransformer,109,5,46.73384423031206,87.49139938039583,86.7176824268926,0.0179247899491979,0.9285976639976493,0.8834917528655297,0.9785570521752593,1.0533180236816406,0.04590249061584473
QuantileTransformer,112,5,50.099925093916475,87.62545532027882,41.30910084722601,0.02275130740003897,0.5341143291029395,0.8920289855072464,0.3811735562780616,0.7506415843963623,0.07115745544433594
QuantileTransformer,115,5,47.86724257477226,87.84025436081151,22.697458321945888,0.02223788225538842,0.24168900804289545,0.9005994005994006,0.13957268927078495,0.6281509399414062,0.06371092796325684
QuantileTransformer,118,5,57.19224341737558,89.72179633441368,57.99398742825909,0.09257407160047958,0.71,0.9087177010383966,0.5825979253754451,0.7315044403076172,0.0899193286895752
QuantileTransformer,121,5,61.557442296091345,90.42065275274173,78.25908718229024,0.1714258246064002,0.8717866064952857,0.9090756302521008,0.8374361356247098,0.3494534492492676,0.0490875244140625
QuantileTransformer,124,5,45.7361861268382,86.35812594187824,83.40393550150314,0.03774497911676324,0.908356913789851,0.8859939648193126,0.9318779996903546,0.5298638343811035,0.042528390884399414
QuantileTransformer,127,5,38.52696222487649,83.81360158307908,12.756217545777535,0.01160964671554759,0.025043903183935252,0.9162011173184358,0.01269546369407029,0.8387699127197266,0.06533193588256836
QuantileTransformer,130,5,49.03923170077363,88.31600225164577,31.367860071057667,0.06716270281995931,0.3846106720578325,0.9218795888399413,0.24299427155906486,0.5022141933441162,0.07900094985961914
QuantileTransformer,133,5,74.41683514227199,94.00450978415589,74.90434544957638,0.2996782401916264,0.8425429759506151,0.9440868479200691,0.7607214739123703,0.8148562908172607,0.08033299446105957
QuantileTransformer,136,5,47.837411263056076,87.3231735334725,47.758950532932495,0.008037401561497093,0.6130175118939164,0.8853801169590644,0.4688032203127419,0.643303632736206,0.08113789558410645
QuantileTransformer,139,5,65.763159346111,91.55536218178486,65.99480732440558,0.20573696982687076,0.7744800398749377,0.9338870068844936,0.6615575166434433,0.4497814178466797,0.09304261207580566
QuantileTransformer,142,5,52.44716111170289,88.84526862896584,58.36294069417873,0.030711855893837896,0.7185219399538106,0.8907466788822721,0.60210558910048,0.2314298152923584,0.050768136978149414
QuantileTransformer,145,5,43.970972721100466,86.34516994224639,12.571740912817711,0.016211216302070182,0.020064328381069075,0.9357142857142857,0.010140888682458585,0.36612939834594727,0.06985783576965332
QuantileTransformer,148,5,60.281849008729004,90.13097963849053,71.17381798305547,0.15263250590387575,0.8200162109125038,0.9133326998004372,0.7440006192909119,0.9120686054229736,0.08509087562561035
QuantileTransformer,151,5,75.03727505870738,94.6447265071031,79.3727794479366,0.32422364067357695,0.8750982582433494,0.9398382653514619,0.8187025855395572,0.8026144504547119,0.08495616912841797
QuantileTransformer,154,5,63.16339466223862,90.70227630824641,87.98852145394916,0.3234572933412052,0.9335349716446125,0.9123558971327225,0.9557206997987304,0.5951595306396484,0.0758352279663086
QuantileTransformer,157,5,65.40738023182315,91.4515248845708,75.7242415960645,0.22886977052094162,0.8515935006891943,0.9247936133538964,0.789131444496052,0.7817389965057373,0.08023381233215332
QuantileTransformer,160,5,71.8522930796043,92.77262606070809,74.2620934681607,0.26194067529333764,0.8391889007470651,0.9354715903683258,0.7608762966403468,1.3086695671081543,0.08358478546142578
QuantileTransformer,163,5,57.16916419698281,88.98767721432421,67.5936048100574,0.10695101735279165,0.7937018833456569,0.9057877494291671,0.7063012850286422,0.5111978054046631,0.09008979797363281
QuantileTransformer,166,5,64.99389405475317,91.21653277126174,75.02732987154961,0.19832874709703238,0.8475368122471113,0.9189507010402532,0.7864220467564639,0.6132693290710449,0.09739518165588379
QuantileTransformer,169,5,72.44235421745942,92.73157929834383,77.2957092101667,0.3165118462302667,0.8600665347201751,0.9430233631914304,0.7905248490478403,0.863065242767334,0.0924227237701416
QuantileTransformer,172,5,77.23330658631025,94.44359554116147,69.99863350642252,0.29297187605712793,0.8033851251511217,0.9528412108337759,0.6944573463384425,0.8329744338989258,0.10098481178283691
QuantileTransformer,175,5,66.05883200580503,91.7243937834677,74.64471166985516,0.22363798301053844,0.8436881344509498,0.9253441744433152,0.7752748103421583,0.851496696472168,0.09499883651733398
QuantileTransformer,178,5,72.00977879454916,93.11614671457241,86.44438371139655,0.3513788950083156,0.9231067359119448,0.9243247438683638,0.9218919337358724,0.47460293769836426,0.06253218650817871
QuantileTransformer,181,5,64.33737089019102,91.8482183430918,82.67286143755125,0.2090228229240062,0.9009839137904108,0.9089333543406334,0.8931723176962378,0.5652923583984375,0.10885071754455566
QuantileTransformer,184,5,63.03139431834833,91.59507503784141,83.69089915277398,0.21469075376359917,0.9075773415417974,0.9078937175613913,0.9072611859420963,0.7725040912628174,0.08868908882141113
QuantileTransformer,187,5,63.07716975762403,92.05553798453006,45.83902705657283,0.13471925724942305,0.5745263270892599,0.9368107824260459,0.4143056200650255,0.40149450302124023,0.09428262710571289
QuantileTransformer,190,5,59.397241686208766,90.01298159626478,70.72970757037442,0.1326727283596926,0.8174535537753537,0.9091943127962085,0.7425298033751355,0.586230993270874,0.09279561042785645
QuantileTransformer,193,5,53.73243532546387,89.008317536352,69.1650724241596,0.06174009756908361,0.8084709077791453,0.8947862846406763,0.7373432419879238,0.682361364364624,0.11346316337585449
QuantileTransformer,196,5,65.637205920176,91.21001283367788,77.2137195955179,0.21960133964235778,0.8628644269912414,0.9202701517410753,0.8122000309645456,0.9020731449127197,0.06624865531921387
QuantileTransformer,199,5,71.07815240432127,92.761331184573,71.53593878108772,0.24927541566814437,0.8183007676203768,0.9371628371628372,0.7261960055736182,0.7820305824279785,0.07834935188293457
QuantileTransformer,202,5,69.4772579110539,92.53119314575416,78.41623394370046,0.29060308696171555,0.8692521004925293,0.9340033798808147,0.8128967332404397,0.7787835597991943,0.09277105331420898
QuantileTransformer,205,5,60.66137196367668,90.84017040098212,83.51325498770156,0.19234611961246847,0.906815987642402,0.9047545657702089,0.9088868245858492,0.980363130569458,0.08437848091125488
QuantileTransformer,208,5,76.10080041007296,93.89180387558298,78.51872096201149,0.33001802956683346,0.8686607068259671,0.9434664246823956,0.8048459513856634,0.2644500732421875,0.10184001922607422
QuantileTransformer,211,5,64.80603632007825,92.2344115150959,60.43317846406122,0.14761186124608347,0.7285426334786481,0.9234699940582294,0.6015637095525623,1.0602514743804932,0.11218976974487305
QuantileTransformer,214,5,70.77777107900627,93.06661003780923,78.45722875102487,0.27113056151917375,0.8701881510148627,0.9293817606191188,0.8180832946276514,0.6518106460571289,0.08673834800720215
QuantileTransformer,217,5,70.48614021171602,92.978392445024,61.93632139928942,0.23259429241523596,0.7359340190548419,0.949138036434772,0.6009444186406564,0.542172908782959,0.11808657646179199
QuantileTransformer,220,5,55.601822888927224,88.4470924730299,59.81825635419513,0.08609899187746968,0.7276432177094428,0.9055907780979827,0.6081436754915621,0.5091724395751953,0.07345390319824219
QuantileTransformer,223,5,56.63086683965719,89.16728920496473,67.19048920470074,0.09088436802563073,0.7912718421281405,0.9022601110229976,0.704598235020901,0.32668185234069824,0.08502674102783203
QuantileTransformer,226,5,52.692484843503784,89.03046898770096,76.21617928395736,0.0787899797126097,0.8600603015075377,0.8946223969223049,0.8280693605821334,1.0875775814056396,0.1036989688873291
QuantileTransformer,229,5,66.9504279794048,92.13595166374047,76.55097021044,0.22211127776794462,0.8579470198675496,0.9219000177904287,0.8022913763740517,0.6459715366363525,0.0993967056274414
QuantileTransformer,232,5,72.57721355497316,93.93558798936323,77.25471440284231,0.28853368716019284,0.8607870196127629,0.9360618462937699,0.7967177581668989,0.7702827453613281,0.10062575340270996
QuantileTransformer,235,5,66.17518786449354,91.11429934815749,68.15386717682426,0.2197125844174466,0.7920774412276398,0.9346246973365617,0.6872580894875367,0.8418009281158447,0.08408999443054199
QuantileTransformer,238,5,67.31267080740864,92.42225070465739,77.59633779721236,0.21020511123110058,0.8659279551866541,0.9176705087095935,0.8197089332714043,0.8951468467712402,0.10391616821289062
QuantileTransformer,241,5,46.40297373186398,85.17437443075862,84.91391090461875,0.05116595214295429,0.9175257731958762,0.8865309657860546,0.9507663725034835,0.9137382507324219,0.11898493766784668
QuantileTransformer,244,5,65.08655789063316,91.08048778274966,76.39382344902978,0.22699682284541658,0.8566211561605179,0.9232489489220861,0.7989626877225576,0.5769000053405762,0.09817218780517578
QuantileTransformer,247,5,61.13703280349354,90.7028015721289,84.89341350095656,0.2501099379113731,0.9147878367441322,0.9108910891089109,0.9187180678123549,0.8115708827972412,0.1152031421661377
QuantileTransformer,250,5,69.26097245254881,92.95487193279818,73.70183110139382,0.2249336535592291,0.8364424425275145,0.9271785209609044,0.7618826443721939,0.8439126014709473,0.10923647880554199
QuantileTransformer,253,5,74.61509925326422,93.7260594034597,78.14293522820442,0.31886508305916406,0.866279312795218,0.9415720127214903,0.8021365536460753,0.8177876472473145,0.11160778999328613
QuantileTransformer,256,5,59.328472638642495,90.17225070229615,79.71440284230664,0.16804638072401004,0.8819623901721465,0.9065794850837761,0.8586468493574857,0.8537282943725586,0.16312313079833984
QuantileTransformer,259,5,75.78241576084557,94.26631319888543,83.90953812517081,0.3794919001351146,0.9055317100565606,0.9397219215718924,0.8737420653351912,0.6522142887115479,0.0907144546508789
QuantileTransformer,262,5,74.00798328347105,93.66130099467563,72.28751024870184,0.2867329828138198,0.8224945295404814,0.9461337092227144,0.7274345873974299,0.35172224044799805,0.12104630470275879
QuantileTransformer,265,5,73.46306450592535,93.54267705389398,73.08690899152775,0.26958554391106737,0.8296795952782462,0.9397590361445783,0.7426846261031119,0.6543750762939453,0.10883188247680664
QuantileTransformer,268,5,72.59368487284621,93.72090559886128,65.71467614102214,0.2343026630950911,0.7701749564898782,0.94302377747869,0.650874748413067,0.8006680011749268,0.11074542999267578
QuantileTransformer,271,5,64.09476646910998,91.68527013125849,78.83301448483192,0.1997051800612166,0.8750201710505083,0.913647851727043,0.839526242452392,0.44911909103393555,0.11578702926635742
QuantileTransformer,274,5,49.27909428163425,87.93177058230516,80.75977042907898,0.11499456401088426,0.8901801731534201,0.8969663627790003,0.8834958971977086,0.7651774883270264,0.10720109939575195
QuantileTransformer,277,5,66.70087771329534,92.317292549015,70.73654003826182,0.20942072365364375,0.8138554478682255,0.9278565057972451,0.72480260102183,0.8741767406463623,0.10569596290588379
QuantileTransformer,280,5,48.4161580857206,88.02678578755952,29.77589505329325,0.05967918655404579,0.3602639113656168,0.9193138500635324,0.22402848738194767,0.614018440246582,0.1081838607788086
QuantileTransformer,283,5,54.719491045965405,88.83150294237248,74.93850778901339,0.11745102313197082,0.8497460265443225,0.9023838524447538,0.8029106672859576,0.8401129245758057,0.11806774139404297
QuantileTransformer,286,5,54.18071606322751,90.48028310341982,47.23285050560263,0.12570870094836856,0.5923462655054104,0.930977268956363,0.434355163337978,0.9585208892822266,0.10617637634277344
QuantileTransformer,289,5,47.306411210967866,87.80519842757965,21.515441377425525,0.07055887228937854,0.20872081008472826,0.9474671669793621,0.1172782164421737,0.6756370067596436,0.11925196647644043
QuantileTransformer,292,5,73.71299552059457,93.62175075254282,86.53320579393277,0.3908987554065591,0.9229446029946441,0.9323118237106074,0.913763740517108,1.0170297622680664,0.13048362731933594
QuantileTransformer,295,5,43.17662984264856,86.4529104104253,87.4897512981689,0.10331107174577928,0.9327209259599486,0.8877386864377143,0.9825050317386592,1.0755255222320557,0.1225886344909668
QuantileTransformer,298,5,62.90718918165824,90.30803640453242,83.47226018037716,0.2597680589664933,0.9052672802036421,0.9160656257430451,0.8947205449760025,0.8896591663360596,0.1022481918334961
QuantileTransformer,301,5,63.70031772002896,91.04955565655536,75.40994807324407,0.2084326914967382,0.8500104188372578,0.9206463844001084,0.7894410899520049,1.186033010482788,0.14072537422180176
QuantileTransformer,304,5,61.507426804806755,89.90363261801384,66.9171904892047,0.16987695074387632,0.7845702082221035,0.9224733207784055,0.6825359962842545,1.0387892723083496,0.12354016304016113
QuantileTransformer,307,5,65.84963207523195,91.51994838797523,83.47909264826455,0.2774292269402027,0.9049453573394135,0.9193290734824281,0.8910047995045672,0.7362284660339355,0.12383103370666504
QuantileTransformer,310,5,38.064929479959645,84.13087530235023,13.521453949166439,0.0266260285645295,0.04207976992356013,0.9423728813559322,0.021520359188728907,0.8610873222351074,0.12909793853759766
QuantileTransformer,313,5,76.40350452689762,94.90552665239423,72.90243235856792,0.2679803777765024,0.8282968222356915,0.9396856581532417,0.7405171079114414,0.5811960697174072,0.14109039306640625
QuantileTransformer,316,5,53.375169264137845,88.22565167319499,70.68871276305,0.11332519269781607,0.8180044120142542,0.9049183405293786,0.7463229602105589,0.8934648036956787,0.10899686813354492
QuantileTransformer,319,5,55.12720291203708,89.98968228679622,34.866083629406944,0.09100528110755607,0.43407539329177797,0.9309905780494016,0.28301594674098157,0.744117259979248,0.13706445693969727
QuantileTransformer,322,5,56.02937873910856,90.86491421405626,52.57584039355015,0.14374459031063014,0.6502393550012597,0.931427746499206,0.4994581204520824,0.7455894947052002,0.12221121788024902
QuantileTransformer,325,5,48.717920469421074,86.8165801882026,85.09838753757857,0.13571025422705016,0.9177632819275291,0.8946555906785268,0.9420962997368013,0.7718589305877686,0.1083683967590332
QuantileTransformer,328,5,45.9063582035589,87.13651855857509,26.427985788466795,0.025504209969878268,0.3100089709086249,0.8999255952380952,0.18725808948753678,0.4077420234680176,0.13132882118225098
QuantileTransformer,331,5,48.532009283596125,87.84291745072565,77.00874555889587,0.05286677223565103,0.8662612773737133,0.8901413052356448,0.8436290447437684,0.7770431041717529,0.11156725883483887
QuantileTransformer,334,5,54.62155755990009,89.91151574114092,38.52145394916644,0.10629834409218465,0.4839412709337004,0.9338202744577246,0.326598544666357,0.7146201133728027,0.15111923217773438
QuantileTransformer,337,5,46.67951884556676,87.27385776257428,85.03006285870457,0.07223645138334457,0.9180352399835398,0.8882936364294505,0.9498374361356247,0.6132888793945312,0.145827054977417
QuantileTransformer,340,5,44.307306623438855,85.99190569063161,84.98223558349277,0.06744159685715792,0.917788749251945,0.8878998407873788,0.9497600247716365,0.5336353778839111,0.14740204811096191
QuantileTransformer,343,5,42.39199943189611,85.02179801569993,87.55124350915551,0.09321677895463545,0.9331523334311711,0.8869437857441763,0.9844403158383651,0.8811016082763672,0.15376734733581543
QuantileTransformer,346,5,43.73046354357323,84.4963401977809,76.74227931128723,0.060331989333311374,0.8642310146777281,0.8913937798255718,0.8386747174485214,0.7939627170562744,0.11940932273864746
QuantileTransformer,349,5,59.20538496518111,91.042624557818,49.2757584039355,0.1559646729362476,0.6122832671819511,0.9409309791332263,0.45378541569902464,0.6878485679626465,0.12565350532531738
RobustScaler,1,0,57.76007244405971,90.85951857711221,60.610822629133644,0.14674752588912202,0.7302671595003041,0.9230041395623891,0.604118284564174,0.6199767589569092,0.024484872817993164
RobustScaler,4,0,53.9470333243756,90.30510295152314,40.4482098934135,0.11169186573073739,0.5092894944263033,0.9337324525185797,0.35013159931878,0.6185107231140137,0.013793706893920898
RobustScaler,7,0,54.149064367864575,88.29066889455632,53.04728067778082,0.12362334838919124,0.6573935586798285,0.923389355742297,0.5103731227744233,0.8924560546875,0.031416893005371094
RobustScaler,10,0,46.784785684070435,86.83558801609004,86.12325772068871,0.15075775006314296,0.9239696028151088,0.8945994925697717,0.9553336429787893,0.9055423736572266,0.014590263366699219
RobustScaler,13,0,47.045269516810706,88.18733882762477,46.76824268925936,0.09798800853205918,0.5904431477684908,0.9199017199017199,0.4347422201579192,0.7055342197418213,0.027814865112304688
RobustScaler,16,0,58.42290386878387,90.83481243507727,72.37633233123805,0.17712394943190685,0.8282716731087797,0.9176470588235294,0.7547607988852764,0.6368691921234131,0.04363083839416504
RobustScaler,19,0,45.801722191071434,85.94714609533187,64.79912544411042,0.035932375906466814,0.7746281714785652,0.8905652786159727,0.6854002167518192,0.9465703964233398,0.017850399017333984
RobustScaler,22,0,52.32428972144706,88.81463859927239,89.0202241049467,0.27505629456053865,0.9407732281723362,0.8978543791769258,0.9880012385818238,0.6268723011016846,0.026921987533569336
RobustScaler,25,0,45.382889763514136,87.1008804972831,60.057392730254165,0.026710800754144136,0.7342727272727273,0.8893415547236292,0.6252515869329618,0.7372493743896484,0.03307318687438965
RobustScaler,28,0,36.695347622083304,84.97639308347298,14.614648811150587,0.019167620677143518,0.06912476722532589,0.9151873767258383,0.03591887289054033,0.7182116508483887,0.04215407371520996
RobustScaler,31,0,40.70490256351471,85.49193430338238,14.6966384257994,0.037662723060524685,0.06835310797701664,0.94824016563147,0.03545440470661093,0.8102927207946777,0.020580053329467773
RobustScaler,34,0,60.13483049975298,89.23981650197852,86.37605903252255,0.3530204459956292,0.9226292099953438,0.9249260930449665,0.9203437064561077,0.5835413932800293,0.026461362838745117
RobustScaler,37,0,40.88845491062908,84.95270469771195,41.896693085542495,0.010350070326021237,0.5433848797250859,0.8867858394672274,0.39170150178046137,0.7548973560333252,0.022704362869262695
RobustScaler,40,0,51.213761073024244,88.37620944812848,47.861437551243505,0.06635856420370081,0.6070748159209104,0.9065046901430109,0.4563399907106363,0.935866117477417,0.04349207878112793
RobustScaler,43,0,67.11369927009827,92.3516839578739,78.54605083356108,0.2458153435626541,0.8716271463614064,0.9235834344134466,0.8252051401145688,0.9187514781951904,0.022247791290283203
RobustScaler,46,0,41.779843612823505,84.8743940291351,88.39163705930582,0.20052723221769908,0.9375344681789771,0.8927946222253343,0.9869948908499768,0.5116853713989258,0.047687530517578125
RobustScaler,49,0,37.203942085846045,83.69481016373427,86.74501229844219,0.10966962662650305,0.9281694312796208,0.8895670688431512,0.9702740362285184,0.8278820514678955,0.028858423233032227
RobustScaler,52,0,51.195823084663516,86.5906439631198,74.46023503689533,0.14728597180066685,0.845204571807189,0.908726625111309,0.7899829694999226,0.9681823253631592,0.04924321174621582
RobustScaler,55,0,42.4049291122782,85.38333927374318,80.51380158513255,0.02669375656809575,0.890180978051598,0.8856114005516396,0.8947979563399907,0.9668617248535156,0.05340099334716797
RobustScaler,58,0,51.705183551445934,88.53896710114996,86.66302268379339,0.19665835893853445,0.9268146370725855,0.8986476661334885,0.9568044588945657,0.4559946060180664,0.03373217582702637
RobustScaler,61,0,58.58362482001181,89.31528451628762,90.09292156326866,0.38482668301617784,0.9462962962962963,0.9071864791932964,0.9889301749496826,0.9020664691925049,0.07656145095825195
RobustScaler,64,0,47.337299156261196,85.80265343982411,80.65045094288057,0.1291101547422446,0.889167188478397,0.8991609941427893,0.8793930949063322,0.5559883117675781,0.05877947807312012
RobustScaler,67,0,45.63081565263187,85.29389594878963,66.82836840666849,0.058274898261835455,0.790054054054054,0.8949740374252964,0.7071528100325127,0.6028974056243896,0.042241573333740234
RobustScaler,70,0,46.19685133106993,84.93230995400984,88.50778901339163,0.27635017206440576,0.9374628197501487,0.9019172986121048,0.9759250657996594,0.4807760715484619,0.054599761962890625
RobustScaler,73,0,41.296777326166435,85.00332808686424,13.760590325225472,0.015146954744927093,0.049261825851159985,0.9134078212290503,0.025313516024152345,0.7197492122650146,0.06638145446777344
RobustScaler,76,0,43.46448251269177,86.08597541400665,86.13692265646351,0.07964437043524175,0.9247208102994101,0.8879230495190595,0.9647004180213655,0.1974194049835205,0.06760573387145996
RobustScaler,79,0,55.47164292868367,88.79515617052532,81.66165619021591,0.1744240650213569,0.8949675197620724,0.9049540993985439,0.8851989472054498,0.7425050735473633,0.07721185684204102
RobustScaler,82,0,55.21997939541996,87.64965106611183,68.71412954359114,0.15151415438764523,0.8004706087411216,0.9156614495065297,0.7110233782319244,0.7938768863677979,0.07441449165344238
RobustScaler,85,0,48.60228104885099,87.70162222493795,33.32194588685433,0.06862376883075634,0.4148228098578881,0.9201915403032721,0.2677659080352996,0.7418501377105713,0.06913924217224121
RobustScaler,88,0,57.63616469677726,89.3218609114494,77.66466247608636,0.17157132385393786,0.8675928551176637,0.9098632231756011,0.8290757083139805,0.2315068244934082,0.03948855400085449
RobustScaler,91,0,57.25753165710245,89.50381619906952,72.81361027603171,0.12683556030615212,0.8336886102403344,0.906059780139911,0.7720235330546524,0.8915088176727295,0.049907684326171875
RobustScaler,94,0,62.41665887145946,90.34563882720505,60.97977589505329,0.1544861863643,0.7330934243118195,0.9249911546172898,0.6071373277597151,0.802720308303833,0.06884002685546875
RobustScaler,97,0,54.42642730243835,88.9443641771132,77.13856244875649,0.14112239096613705,0.8647643682806564,0.9047699594046008,0.8281467719461217,0.3407411575317383,0.03909802436828613
RobustScaler,100,0,68.64821509581076,91.99052052543263,62.086635692812244,0.2165264622355894,0.7385876478070382,0.943434829702732,0.6068276823037622,0.5130815505981445,0.037819862365722656
RobustScaler,103,0,56.14734545708841,89.08391549729113,73.03224924842854,0.12623717391748485,0.8353564426646645,0.9057440072365446,0.7751199876141818,0.8135020732879639,0.0771017074584961
RobustScaler,106,0,51.80184412072857,89.00427768060524,26.243509155506967,0.06349053642337908,0.2989804532761868,0.9278516727126159,0.17820095990091345,0.9526004791259766,0.0725717544555664
RobustScaler,109,0,62.770396812994875,91.37755105412188,70.16261273572015,0.16370627185446493,0.8115153869394449,0.9170812603648425,0.7277442328533829,0.2777276039123535,0.04251599311828613
RobustScaler,112,0,68.94560675639896,92.43327434582224,81.79147308007653,0.2920492193426779,0.8931392597938971,0.9264620247899509,0.8621303607369561,1.1198983192443848,0.07726335525512695
RobustScaler,115,0,55.70675403787227,89.53589147608638,78.87400929215632,0.12466374724860059,0.8772723664364531,0.9002117953730857,0.8554729834339682,0.5075194835662842,0.05961179733276367
RobustScaler,118,0,65.36992493711115,91.88826807879802,75.32112599070786,0.20300745870768733,0.8495501499500167,0.9195671776375113,0.7894410899520049,0.30083656311035156,0.06439852714538574
RobustScaler,121,0,75.35642345800439,93.74975780779616,63.31647991254441,0.2665463298765835,0.7462065705506973,0.9582372222896686,0.6110078959591267,0.931166410446167,0.08574485778808594
RobustScaler,124,0,53.89489780708655,87.47071526023488,83.55424979502595,0.19884675074831323,0.9069686545819967,0.9056734851408722,0.9082675336739433,0.48937249183654785,0.08126378059387207
RobustScaler,127,0,72.89914660054168,93.21110984978063,83.39027056572834,0.36131231217224674,0.9024125888161856,0.9372133744684399,0.8701037312277442,0.5921039581298828,0.09866857528686523
RobustScaler,130,0,66.34711498930929,91.41019260977346,50.86089095381252,0.19298718344903712,0.6258843112775697,0.954012052013955,0.46570676575321257,0.7529687881469727,0.08829498291015625
RobustScaler,133,0,53.71586713073834,89.41140898043258,81.25854058485925,0.11367348179841234,0.8934964084643758,0.8963153384747216,0.8906951540486143,0.8138432502746582,0.06087231636047363
RobustScaler,136,0,64.52520834831546,90.86700110156711,70.5725608089642,0.19835844684463566,0.8130885735364319,0.9252345679012346,0.7251896578417711,0.6063165664672852,0.08362531661987305
RobustScaler,139,0,62.19963669828547,90.04714318702764,83.61574200601257,0.24514783889622188,0.9065107212475634,0.9131322651586553,0.8999845177272023,0.5733218193054199,0.0518956184387207
RobustScaler,142,0,64.92777898235508,90.4766444104249,68.07871003006287,0.2081045077271785,0.7921153332740055,0.9314566764336543,0.6890385508592661,0.9294779300689697,0.06954145431518555
RobustScaler,145,0,65.21828788051651,91.10274334361948,78.06094561355562,0.24795487472484048,0.868071818891491,0.9249627878469486,0.8177736491716984,0.6603779792785645,0.07036995887756348
RobustScaler,148,0,58.55689131462519,89.62009888436968,78.10194042088003,0.18364181416098355,0.8703321600517863,0.9116026781930672,0.8326366310574392,0.944786787033081,0.07389211654663086
RobustScaler,151,0,57.21973841988176,89.66599078078106,58.0828095107953,0.09908552015741084,0.7102989091939368,0.9106429349800218,0.582210868555504,0.6176002025604248,0.08430719375610352
RobustScaler,154,0,67.60068568985601,91.81727889136178,87.67422793112873,0.3747491324421821,0.9307059998463547,0.923681000304971,0.9378386747174485,0.991830587387085,0.055346012115478516
RobustScaler,157,0,64.66073681199636,91.22620768921502,68.16069964471167,0.19884546221975777,0.7933297853468156,0.9287642782969886,0.6923672395107602,0.615081787109375,0.08939743041992188
RobustScaler,160,0,62.470466077691455,90.87864586814064,78.40256900792566,0.20897288721523438,0.8717178685929954,0.9161477437515995,0.8313980492336275,0.5378899574279785,0.08782625198364258
RobustScaler,163,0,77.69318776392183,94.26479100271017,85.48100573927303,0.42696627263902526,0.9151323934661927,0.9452190413332233,0.8869019972131909,1.0114479064941406,0.09103894233703613
RobustScaler,166,0,69.36570759483882,92.6281058293501,78.32057939327686,0.25333529973743746,0.8697722142417402,0.9256573774788154,0.8202508128193219,0.9388377666473389,0.09113621711730957
RobustScaler,169,0,65.67797530442311,92.24046123846091,60.85679147308007,0.20074478088040676,0.7282902537348827,0.9401248928615159,0.5943644527016566,1.015721321105957,0.09310793876647949
RobustScaler,172,0,70.23949625118122,93.0524830243932,69.26755944247061,0.2475351685909625,0.7998219848687138,0.9407453936348409,0.695618516798266,0.7034618854522705,0.09507107734680176
RobustScaler,175,0,58.6418861085082,89.95805558242276,67.45012298442198,0.11646025421957332,0.7920195581943595,0.908189827793352,0.7021984827372658,0.717585563659668,0.09575366973876953
RobustScaler,178,0,63.48866432684286,90.25947964540026,77.22055206340531,0.22856085593059558,0.8626174386022746,0.9222026431718061,0.8102647468648397,0.722968339920044,0.09251046180725098
RobustScaler,181,0,63.486357305983596,91.24046913150733,62.141295435911445,0.17434676867392934,0.7422910562299428,0.9297448444599791,0.6177426846261032,0.4977693557739258,0.06740045547485352
RobustScaler,184,0,69.47431330532827,92.89821223510569,71.75457775348455,0.24568711149388903,0.8202296051487216,0.9358007541178806,0.7300665737730299,0.8695626258850098,0.09692811965942383
RobustScaler,187,0,74.30184457131858,94.06378831831368,79.379611915824,0.32304246496520367,0.8751861042183623,0.9395311667554609,0.8190896423594983,0.8605320453643799,0.09239053726196289
RobustScaler,190,0,78.58142233603527,95.12881156208906,86.0344356381525,0.42504738033311884,0.9189146302761029,0.9423921887713588,0.8965784177117201,0.7354519367218018,0.12315940856933594
RobustScaler,193,0,76.00096092825869,94.0447775616552,81.10822629133642,0.3737553692184381,0.8860498660622296,0.947386974530713,0.8321721628735098,0.9571151733398438,0.08044266700744629
RobustScaler,196,0,69.55939371131346,93.07085099686772,74.37824542224651,0.24928639586869633,0.8406154369262155,0.9320452403393026,0.7655209784796408,0.6251254081726074,0.08795404434204102
RobustScaler,199,0,73.20797648857366,93.99742383411014,61.697185023230396,0.25436946452369297,0.73194989002582,0.9572286143071536,0.592506579965939,1.2582008838653564,0.10845065116882324
RobustScaler,202,0,71.6350095642236,93.35342125029243,69.93030882754852,0.23011770378682855,0.8062513757429012,0.93467387975911,0.7088558600402539,1.075803518295288,0.06580686569213867
RobustScaler,205,0,78.8794425696896,95.07509438309818,74.80185843126537,0.33707039569917757,0.8401109858666436,0.9547694126921561,0.7500387056819942,1.0405564308166504,0.1135408878326416
RobustScaler,208,0,53.59804460156218,90.18145925958217,47.0415414047554,0.10325594206823878,0.5929737961455653,0.921795918367347,0.4370645610775662,0.3695957660675049,0.08032584190368652
RobustScaler,211,0,74.30409752137645,94.1684322424287,71.66575567094836,0.28679216712285666,0.8174655574629165,0.9474543413937353,0.7188419259947361,1.0380117893218994,0.10824084281921387
RobustScaler,214,0,69.12009999133065,93.0647546491223,76.90625854058486,0.2680236660834762,0.8589433269343126,0.9318181818181818,0.7966403468029106,0.35959625244140625,0.08471083641052246
RobustScaler,217,0,72.20673394155776,93.65232255260668,78.06777808144302,0.2769565239667035,0.8671687494827444,0.9315433854907539,0.8111162718687104,0.7349715232849121,0.08754158020019531
RobustScaler,220,0,77.72063770742686,93.79617021043846,83.52008745558895,0.3964033725915115,0.9024192895865362,0.9451694915254237,0.8633689425607679,0.8035345077514648,0.09844517707824707
RobustScaler,223,0,68.86943451494255,92.29316696085324,80.33615742006013,0.3067777682123478,0.8825497877897486,0.9332815466942862,0.8370490788047685,0.920952558517456,0.13198137283325195
RobustScaler,226,0,71.41701862252472,93.64311501308997,62.448756490844495,0.20215028206170066,0.7430334767159155,0.9381345926800472,0.6151106982505031,0.925055742263794,0.07705521583557129
RobustScaler,229,0,61.838268014904074,91.43922279936952,64.59415140748838,0.12609219219695791,0.7674355982407324,0.913071337035455,0.6618671620993962,0.7450234889984131,0.0798039436340332
RobustScaler,232,0,57.60506272122843,91.64989181266924,36.581033069144574,0.13618200237264105,0.451483276208486,0.954045954045954,0.2957114104350519,0.5772769451141357,0.1095731258392334
RobustScaler,235,0,81.1756312450649,96.06139542199763,84.31948619841488,0.4160524678909234,0.9074484816711699,0.9471335971041334,0.8709552562316148,0.5823218822479248,0.1208505630493164
RobustScaler,238,0,64.49063908262758,92.29196404778337,81.23804318119706,0.22488465756048118,0.8909971419498254,0.9143718429199935,0.8687877380399442,0.7038626670837402,0.11919164657592773
RobustScaler,241,0,64.59038619348948,91.92522107701814,56.29270292429626,0.16420831503050257,0.6868667090900191,0.9340966582345893,0.543118129741446,0.803006649017334,0.09647130966186523
RobustScaler,244,0,64.14247493953532,92.30009814934897,83.8480459141842,0.21970307534943292,0.9085139318885449,0.908373316824021,0.9086545904938845,0.3031771183013916,0.09476876258850098
RobustScaler,247,0,73.60854425001185,94.22762893185619,85.62448756490845,0.3549411997113199,0.9176387692789478,0.9281754830535318,0.9073385973060846,0.4427986145019531,0.12226653099060059
RobustScaler,250,0,59.552037378784526,91.6194580521651,62.15496037168625,0.10613884377724532,0.7473660205245154,0.9096258465637838,0.6342313051555969,0.776897668838501,0.10350203514099121
RobustScaler,253,0,59.137814487045624,91.60519388131205,37.312107133096475,0.09600994564360994,0.4687011407724825,0.9301310043668122,0.3132837900603809,0.8926448822021484,0.09282755851745605
RobustScaler,256,0,70.84039407881468,94.15441804350867,75.84039355015031,0.2612355612940501,0.8512410601598653,0.9322705492075194,0.783170769468958,0.4324345588684082,0.14815783500671387
RobustScaler,259,0,71.88167605425897,94.3048486602367,60.93878108772889,0.20523256054058017,0.728704977933849,0.9415082771305947,0.5943644527016566,0.5449061393737793,0.11705970764160156
RobustScaler,262,0,69.29201585139614,93.99182296500467,42.98305547963925,0.1886242589653348,0.5311534355862689,0.9684490883015775,0.3659235175723796,0.7989132404327393,0.11918902397155762
RobustScaler,265,0,73.32926630788887,94.72756957049612,55.568461328231756,0.22372110519749577,0.6736260978670012,0.9577565291851006,0.5195076637250349,0.7126994132995605,0.11109066009521484
RobustScaler,268,0,71.0227298328978,94.01656340738276,74.15277398196228,0.24421605933274232,0.8390965930840883,0.9311809685641461,0.763585694379935,0.6037464141845703,0.10598397254943848
RobustScaler,271,0,64.77695974663143,93.22138299647472,49.92484285323859,0.1748461378518583,0.6174244401524247,0.9479083186408078,0.45781080662641277,0.411649227142334,0.09815430641174316
RobustScaler,274,0,65.99483470646132,92.98678431928187,88.99972670128452,0.3630811901375462,0.9394326988187496,0.9137880562060889,0.9665582907570831,0.5266454219818115,0.10647940635681152
RobustScaler,277,0,69.2611549415035,93.9596863778411,66.70538398469527,0.21384149574616795,0.7801092008483371,0.9351942010169858,0.6691438303142901,0.8495745658874512,0.0946187973022461
RobustScaler,280,0,64.30159404327213,92.93614166545598,57.60453675867724,0.15169073734334756,0.7010935016137579,0.9280703991837775,0.563322495742375,0.49880456924438477,0.08885931968688965
RobustScaler,283,0,71.43903895639028,94.2781011079476,81.5796665755671,0.28125237158980126,0.8919525488938762,0.924713312281868,0.8614336584610621,0.44722819328308105,0.09634089469909668
RobustScaler,286,0,69.63210316853093,93.75194540999271,64.99043454495764,0.2144410827190947,0.7651049784542038,0.9380620503597122,0.6459978324818083,0.2142772674560547,0.11483359336853027
RobustScaler,289,0,73.34672667083733,94.55211318134674,79.07215086089096,0.27134254875733094,0.8746059688050108,0.9281431922842992,0.82690819012231,1.0041143894195557,0.1277456283569336
RobustScaler,292,0,73.12182818426103,94.62074645724326,80.80759770429079,0.29627505449323877,0.8861785323554439,0.9297678768812175,0.8464932652113331,0.9183011054992676,0.1414928436279297
RobustScaler,295,0,66.41455930224154,93.15065446178055,46.556436184749934,0.16770446336770187,0.5788283437432694,0.950654403961797,0.4160860814367549,0.9303994178771973,0.13011765480041504
RobustScaler,298,0,70.64215925617322,94.10063604451257,72.56080896419786,0.23808085729684902,0.8269860417025676,0.9323877987176996,0.7429942715590648,0.8816742897033691,0.1293027400970459
RobustScaler,301,0,73.50191888262327,94.57778690720585,78.07461054933042,0.28260657788592336,0.8670285501180955,0.932857779759251,0.8098776900448986,0.7503855228424072,0.1346268653869629
RobustScaler,304,0,73.21460917354402,95.03901672456452,64.44383711396556,0.24331983374783595,0.7582233785541721,0.9481756913781083,0.6316767301439852,0.6601600646972656,0.11140060424804688
RobustScaler,307,0,72.39271947473462,94.40805883218722,79.05165345722875,0.26906482090646927,0.8745293828777214,0.9276784163917347,0.8271404242142747,0.6946187019348145,0.13840866088867188
RobustScaler,310,0,73.12740198270417,94.40300283110349,86.43755124350916,0.343974286663786,0.9231959760108338,0.9228746035429721,0.9235175723796253,0.6941351890563965,0.11887097358703613
RobustScaler,313,0,70.8538351788599,94.04653648086277,81.00573927302541,0.26208881513232296,0.8884788189987163,0.9220649458784347,0.8572534448056974,0.8902745246887207,0.10730886459350586
RobustScaler,316,0,70.71036506622501,94.1487068297629,81.70948346542771,0.2647305220996587,0.8932573069101639,0.9210591234273497,0.8670846880322032,0.46601414680480957,0.11306095123291016
RobustScaler,319,0,68.88552733720589,93.39738800509552,79.88521453949167,0.2562868047598207,0.8808193668528864,0.9232009504412763,0.842158228827992,0.6481969356536865,0.11214160919189453
RobustScaler,322,0,75.74984260890896,95.3590056958738,58.02814976769609,0.2629177176340342,0.6951818587803305,0.9682100898410505,0.5422666047375755,0.7826807498931885,0.11745452880859375
RobustScaler,325,0,79.50391751967861,95.51065099381894,91.27493850778902,0.5470680761758387,0.9511495352128839,0.9401799894123875,0.9623780771017185,0.48341822624206543,0.15681242942810059
RobustScaler,328,0,77.2523980851006,95.36492603633697,85.00956545504236,0.36149053622063226,0.9134038522260814,0.9317925591882751,0.8957268927078496,1.011833667755127,0.1344771385192871
RobustScaler,331,0,69.95863448516756,93.42587112809915,83.15796665755671,0.310488922954332,0.9020464931452414,0.926757573283253,0.8786189812664499,0.7320997714996338,0.11715555191040039
RobustScaler,334,0,69.9918474749206,94.35808939601847,51.550970210440006,0.24253201415896794,0.6279448029802194,0.9744341312489823,0.4632296021055891,0.7964978218078613,0.10861992835998535
RobustScaler,337,0,71.99698429117055,94.85848677867683,58.8822082536212,0.2863593264168521,0.7016656751933373,0.9755996691480563,0.5478402229447283,0.44802284240722656,0.1298367977142334
RobustScaler,340,0,79.55976815161307,95.74737071750586,89.62831374692539,0.4775822957815266,0.9416333435865888,0.9354469060351414,0.9479021520359189,0.5253632068634033,0.11265826225280762
RobustScaler,343,0,76.76131354918758,94.97152328041503,83.62257447389997,0.38990066081984054,0.9032960826239561,0.9432134130929312,0.8666202198482738,0.8066551685333252,0.1412971019744873
RobustScaler,346,0,65.22844868527747,92.89002961615101,78.86717682426892,0.20518059775078928,0.8751059963658389,0.9146619397315776,0.8388295401764979,0.6057026386260986,0.1410365104675293
RobustScaler,349,0,80.75503701056238,96.47138370599741,64.49849685706477,0.33764919899165746,0.7518624641833811,0.981301421091997,0.6093822573153739,0.28751111030578613,0.11699819564819336
RobustScaler,1,1,57.770922651538385,90.86054753464168,60.68597977589505,0.14733786907470453,0.7309203142536476,0.9231041814316088,0.6049698095680446,0.35382962226867676,0.023180007934570312
RobustScaler,4,1,53.782923936260616,90.26952573463483,40.29789559989068,0.11065455088420768,0.5074408117249154,0.9334301119867275,0.34842854931103884,0.8856983184814453,0.028801441192626953
RobustScaler,7,1,55.40183527114074,88.60762741852443,86.88166165619022,0.21367111334450506,0.9279819954988747,0.9001600931451026,0.957578572534448,0.7953495979309082,0.021384239196777344
RobustScaler,10,1,41.23380962499916,85.47940240820044,78.6758677234217,0.04052924472592778,0.8778425770088849,0.8878156915525295,0.8680910357640501,0.3021688461303711,0.014464616775512695
RobustScaler,13,1,58.21521792064965,91.07543959956148,46.46761410221372,0.13392963742625755,0.5822001813043246,0.9355612682090831,0.42258863601176655,0.21286869049072266,0.033937692642211914
RobustScaler,16,1,52.89101930850294,89.91568018410749,66.34326318666302,0.11617073478628873,0.7828808180535967,0.909007164790174,0.6874903235795015,0.974564790725708,0.01888275146484375
RobustScaler,19,1,64.79282727388899,90.5200701714473,73.19622847772615,0.25535041985493917,0.8311889496105684,0.9357620385621548,0.7476389533983588,1.167536735534668,0.02011251449584961
RobustScaler,22,1,47.947091630723094,87.37397751896877,62.216452582672865,0.03473039572593991,0.7527718168812589,0.8908994708994709,0.6517262734169376,1.1682765483856201,0.02139902114868164
RobustScaler,25,1,49.83690669236112,86.63760946180957,77.45968843946433,0.14614986180959957,0.8668845579631199,0.9053518752633797,0.831552871961604,0.8598301410675049,0.04417920112609863
RobustScaler,28,1,35.50460719275033,82.89761071754758,87.71522273845312,0.03527807673163775,0.9343939283368605,0.883765875207068,0.9911751045053414,0.6266179084777832,0.023392438888549805
RobustScaler,31,1,35.810192832698995,84.59506615523037,14.737633233123804,0.03056118439157341,0.0703270505848171,0.9346534653465347,0.0365381638024462,0.8137586116790771,0.02534198760986328
RobustScaler,34,1,57.34664259074117,88.93842661432538,74.00929215632686,0.14597397022434672,0.841908403291497,0.9089195979899497,0.7840997058368169,0.45459556579589844,0.025246620178222656
RobustScaler,37,1,53.9777568043147,87.91332688388235,72.71112325772069,0.1594944568285548,0.8315904874346433,0.913224671235414,0.7633534602879702,0.7910757064819336,0.042482614517211914
RobustScaler,40,1,43.866142954908014,86.95089914151417,22.683793386171086,0.04877275475887207,0.23592167454422688,0.9233615221987315,0.13523765288744388,0.7462303638458252,0.03321981430053711
RobustScaler,43,1,44.08662791232095,86.52494450911838,70.33342443290516,0.022926726678585137,0.8191134810864856,0.886794154789825,0.7610311193683232,0.6514463424682617,0.025191783905029297
RobustScaler,46,1,37.36864850572636,85.189836834376,16.1861164252528,0.006920093131285209,0.10778965742963124,0.8916967509025271,0.057361820715281,0.7195494174957275,0.032418251037597656
RobustScaler,49,1,57.867790492226334,88.78220553731404,82.57037441924024,0.2617076405312941,0.8991819151879223,0.9185304804198627,0.880631676730144,0.8790738582611084,0.04348587989807129
RobustScaler,52,1,56.916121858283674,90.10951778267548,60.20770702377699,0.09271262360605254,0.7307194377658591,0.9072330654420206,0.6117045982350209,0.894179105758667,0.03804326057434082
RobustScaler,55,1,47.22816174955811,87.26106438063617,76.94725334790927,0.051338823223117586,0.8658769279694705,0.8899329955875143,0.8430871651958507,0.9972636699676514,0.06737947463989258
RobustScaler,58,1,50.853356652267614,87.9815220843121,88.37797212353102,0.26840350161946197,0.9367352252017703,0.9014961700909156,0.9748413067038241,0.6306543350219727,0.03400444984436035
RobustScaler,61,1,54.77115344374231,89.04045718266158,84.87974856518174,0.17911482510338095,0.9158139004070454,0.9003665195601765,0.9318005883263664,0.38521671295166016,0.03706169128417969
RobustScaler,64,1,31.11806386518635,81.78506924442979,85.22137195955179,0.028119574933343165,0.9195940671350508,0.8845741257240936,0.9575011611704598,0.6221086978912354,0.03761625289916992
RobustScaler,67,1,41.33114607929915,83.9189671708039,79.24296255807597,0.12390437443629437,0.8798069314764995,0.8997410584236931,0.860736956185168,0.45737338066101074,0.04009509086608887
RobustScaler,70,1,45.57251831693456,84.78234257040441,79.27029242962558,0.11981084506307613,0.8800885305509446,0.89906330749354,0.8618981266449914,0.5400762557983398,0.047489166259765625
RobustScaler,73,1,43.796513280419646,84.33464247697277,85.07789013391637,0.1951100524393683,0.9168443496801706,0.9021429641840252,0.932032822418331,0.5854239463806152,0.034087419509887695
RobustScaler,76,1,42.877106891305615,84.89985249225232,80.41814703470894,0.02547230171437016,0.8895823701648944,0.8854885718668507,0.8937141972441555,0.8413567543029785,0.06634259223937988
RobustScaler,79,1,39.555587126895695,84.10088640738478,84.5312927029243,0.1053683130628121,0.9145853768957972,0.8920370915513689,0.938303142901378,0.2181568145751953,0.05408120155334473
RobustScaler,82,1,48.139367400461516,85.78443882920655,79.95353921836568,0.11629101603028122,0.8847785108388313,0.897895743663319,0.8720390153274501,0.6606922149658203,0.05341625213623047
RobustScaler,85,1,38.26330173255464,83.5270747777187,75.77890133916371,0.03708823662681534,0.8581602848797664,0.8881159420289855,0.8301594674098157,1.042039394378662,0.06749439239501953
RobustScaler,88,1,46.137427520343685,86.18069495765354,77.9516261273572,0.09532236338731251,0.8716745536246868,0.8962302723035408,0.8484285493110388,1.2018568515777588,0.07849264144897461
RobustScaler,91,1,57.109474538149755,89.33115570097445,77.08390270565728,0.17344957855516135,0.8634031115093264,0.9109659676864902,0.8205604582752748,0.32372188568115234,0.05161690711975098
RobustScaler,94,1,63.056920242503935,90.43381881809691,66.38425799398743,0.18078415363755698,0.7793919827818133,0.926150895140665,0.6727821644217371,0.5385863780975342,0.05675005912780762
RobustScaler,97,1,55.50638567152602,88.79067624920833,68.61847499316754,0.12657067764113306,0.800987911088002,0.9096545615589017,0.715513237343242,0.862224817276001,0.07083559036254883
RobustScaler,100,1,59.9508140449267,90.58666345845468,84.81825635419513,0.2473375939290895,0.9143473903322797,0.9106265356265356,0.9180987769004489,0.7810423374176025,0.05774688720703125
RobustScaler,103,1,58.33312380897796,89.28716213063042,85.26919923476359,0.22813838925821675,0.9175714941122496,0.9064813415923856,0.9289363678588016,0.6511087417602539,0.08672451972961426
RobustScaler,106,1,60.14964589933349,89.5618455203926,69.26755944247061,0.16821236561313688,0.8040940766550523,0.9192391953794065,0.7145843009753832,0.30031871795654297,0.04349827766418457
RobustScaler,109,1,52.344291412060784,88.50851209625081,76.32549877015578,0.10695618589764595,0.860016967640286,0.8993662864385298,0.823966558290757,0.7752304077148438,0.045793771743774414
RobustScaler,112,1,54.29206811983748,88.42775898134985,59.080349822355835,0.07616529201137008,0.7215843057040584,0.903177004538578,0.60078959591268,0.6628131866455078,0.04552912712097168
RobustScaler,115,1,64.28594730512026,91.07514754446672,75.48510522000547,0.22878555444669887,0.8498116366680619,0.9251731680641633,0.7858027558445579,0.3087005615234375,0.08100366592407227
RobustScaler,118,1,66.32955774950837,91.02551112689238,84.97540311560535,0.2934267031459164,0.9145455252011037,0.9182208349590324,0.9108995200495432,0.8285679817199707,0.04613780975341797
RobustScaler,121,1,60.216171008642135,89.97930842641874,74.2415960644985,0.14031569401338434,0.8438406097257891,0.90751960085531,0.7885121535841462,1.1017463207244873,0.07438540458679199
RobustScaler,124,1,60.69657205538076,89.29277803325661,83.93686799672041,0.28034256794333096,0.9079375024474292,0.9186940328076709,0.8974299427155906,0.33606481552124023,0.05548214912414551
RobustScaler,127,1,51.92814675392252,88.20509208997856,77.73298715496037,0.09752799952400858,0.870112789446415,0.8967386839727265,0.8450224492955566,1.0021083354949951,0.07910943031311035
RobustScaler,130,1,49.780675311866865,87.39728343020737,77.97895599890681,0.10212784692243057,0.8716907520203829,0.8973034997131383,0.8474996129431801,0.8198292255401611,0.07022976875305176
RobustScaler,133,1,65.69943465372428,91.37281420423434,87.72205520634053,0.3481346079145863,0.9314514590883082,0.9181770324133263,0.9451153429323425,0.48531389236450195,0.09058022499084473
RobustScaler,136,1,56.484019554885556,88.3540372554799,85.09838753757857,0.2189047980545388,0.9166188783117329,0.9055064581917063,0.9280074314909429,0.6245968341827393,0.0779564380645752
RobustScaler,139,1,57.041025409491695,89.79462436333638,44.8619841486745,0.10207972866815972,0.5670600858369099,0.923628102062216,0.4091190586778139,0.9345917701721191,0.07127976417541504
RobustScaler,142,1,60.89961692639576,90.18227816612811,58.198961464881116,0.13424621757492128,0.7084167381565151,0.9216269841269841,0.5753212571605512,0.5222320556640625,0.07190275192260742
RobustScaler,145,1,58.32146253947845,89.95153630849374,81.96911724514895,0.16440751079474666,0.8972071826432438,0.9029400235201882,0.8915466790524849,0.19702458381652832,0.08880472183227539
RobustScaler,148,1,64.23182468588018,91.00083112121062,53.04044820989341,0.15557909874366352,0.6539449171743618,0.9353305487541409,0.5027093977395882,0.718543529510498,0.10181021690368652
RobustScaler,151,1,60.469803620256435,89.84485327167152,77.86280404482099,0.1899414329574038,0.8684531059683313,0.9131659836065574,0.827914537854157,0.6948528289794922,0.0902869701385498
RobustScaler,154,1,76.18109780308532,94.24973468244973,85.78163432631867,0.41329329297405837,0.9174697600634543,0.9406359274619825,0.8954172472518965,0.8416721820831299,0.09110116958618164
RobustScaler,157,1,63.16617254965997,90.85990520323583,56.26537305274665,0.17502154235462936,0.6855627057031979,0.9380293050141149,0.5401764979098932,0.624697208404541,0.09713482856750488
RobustScaler,160,1,60.845510077806075,90.77364916826576,73.03224924842854,0.15039839329090235,0.8344031885882106,0.9108729504442612,0.7697786034989936,0.39871716499328613,0.0576472282409668
RobustScaler,163,1,61.642522702076555,90.6632723425757,60.699644711669855,0.14486497124001188,0.7312400710213999,0.9223243752946724,0.6057439232079269,0.972259521484375,0.08073949813842773
RobustScaler,166,1,69.13063929170133,92.21770925549009,76.16151954085815,0.28954042809951425,0.8525670821888865,0.9386805620173072,0.7809258399132992,0.8574912548065186,0.09730315208435059
RobustScaler,169,1,62.25880817860523,90.88338901405584,82.23558349275758,0.20309415097090125,0.8981989036805011,0.9087307875138647,0.8879083449450379,0.3412911891937256,0.07213163375854492
RobustScaler,172,1,68.22658450428159,92.7221918569817,73.70866356928123,0.24527492945271204,0.8356258009397693,0.9322340831109417,0.7571605511689116,0.5989511013031006,0.10104227066040039
RobustScaler,175,1,58.71374620355385,90.3053156992994,83.44493030882755,0.1865137654957415,0.9064731539738294,0.9039956886596351,0.9089642359498374,0.2574043273925781,0.08096575736999512
RobustScaler,178,1,49.77300852281995,87.31884497559783,87.76988248155234,0.20723160588223374,0.9335905616977072,0.896409233399829,0.9739897816999535,0.45682239532470703,0.08891415596008301
RobustScaler,181,1,59.64238743495508,89.65324837846195,85.71330964744466,0.22724086463513155,0.9204247060166686,0.9052324275769145,0.9361356247097073,0.7772068977355957,0.09268617630004883
RobustScaler,184,1,65.04495491486462,91.74969523111476,74.54905711943154,0.20148459765653176,0.8438351570033119,0.920347508001829,0.7790679671775816,0.9634966850280762,0.09313797950744629
RobustScaler,187,1,49.1645655654427,88.17135521759512,87.16862530746106,0.14738804834942432,0.9304392917993926,0.8920454545454546,0.9722867316922125,0.6023225784301758,0.09997367858886719
RobustScaler,190,1,69.28391649593813,92.6211846358817,80.49330418147035,0.28732266152808233,0.8842207713208159,0.9285410101354229,0.8439386901997213,0.8409771919250488,0.10553431510925293
RobustScaler,193,1,61.289381792306486,90.7727426368107,70.66138289150041,0.14088485758592473,0.8165427668119286,0.9111365369946606,0.7397429942715591,0.4493551254272461,0.09832525253295898
RobustScaler,196,1,71.22129583919777,93.40994476962156,72.0825362120798,0.2335148172502906,0.8234226447709594,0.932009391508511,0.7374980647159003,0.5803251266479492,0.08483219146728516
RobustScaler,199,1,66.80872868551539,92.05393354517155,77.8696365127084,0.2615568968207136,0.8662399339252529,0.928388067628574,0.8118903855085927,0.3090524673461914,0.10226011276245117
RobustScaler,202,1,64.60259267690299,91.86662698560025,49.877015578026786,0.1601186566793633,0.61863173216885,0.9417537195314973,0.46059761572998914,0.9180243015289307,0.10469985008239746
RobustScaler,205,1,64.90382336438981,91.94862691106013,87.38043181197048,0.3228395791100281,0.9296514949533422,0.9150483617005324,0.9447282861124013,0.94148850440979,0.10437417030334473
RobustScaler,208,1,62.93115606437381,91.32236165251663,81.69581852965291,0.2155110612366344,0.8943153576077951,0.9118333199259915,0.8774578108066264,0.47358059883117676,0.10095620155334473
RobustScaler,211,1,70.46723796073054,93.4371447395545,79.08581579666576,0.24963317831388568,0.8753613746488049,0.9233742805600893,0.8320947515095216,0.7429168224334717,0.09133434295654297
RobustScaler,214,1,60.863056052856734,91.1566655332066,52.1248975129817,0.11859920384222636,0.6481193190378145,0.9225160829163689,0.4995355318160706,0.6704916954040527,0.08823800086975098
RobustScaler,217,1,69.43746856008195,92.82440300523658,74.69937141295436,0.22822393070861852,0.8439199157007377,0.9263440362727862,0.7749651648862053,0.742398738861084,0.10300183296203613
RobustScaler,220,1,69.40122309955102,92.92660247294707,83.34244329051653,0.30195041435104586,0.9034914100229594,0.9244977316915101,0.8834184858337204,0.5093319416046143,0.08222746849060059
RobustScaler,223,1,65.40564771322866,91.94783054931011,78.13610276031703,0.19842794870969524,0.8701404106809513,0.9144489935175708,0.829927233317851,0.5182559490203857,0.10709285736083984
RobustScaler,226,1,55.09839894554728,89.51968364561571,64.58731893960098,0.0866798371283175,0.7698388027887562,0.9028226226434747,0.6710017030500077,1.0137710571289062,0.09372282028198242
RobustScaler,229,1,73.80676780790303,93.76040822509836,83.23995627220552,0.3372808899013532,0.9019701874275666,0.9322593969434119,0.8735872426072148,1.0153539180755615,0.09910392761230469
RobustScaler,232,1,58.53700677741449,90.36058414068357,86.45121617928396,0.21065788654416992,0.9253191729748051,0.900990099009901,0.9509986065954482,0.5151510238647461,0.0843973159790039
RobustScaler,235,1,68.78005322729688,92.03707288675487,67.55261000273298,0.22677895707150714,0.7865713900498854,0.9376406300225008,0.6774268462610311,0.7576231956481934,0.10561990737915039
RobustScaler,238,1,61.057737973256955,91.8105597369538,58.608909538125175,0.12348803825477067,0.7132714880726997,0.917783191230207,0.5832946276513392,0.6516411304473877,0.10374927520751953
RobustScaler,241,1,66.70432472688388,93.60193241206723,39.33451762776715,0.18414126363618147,0.4827867420050096,0.9752883031301482,0.3207926923672395,0.8766400814056396,0.13096070289611816
RobustScaler,244,1,78.10967712341895,95.15012086669874,89.61464881115059,0.48277873220089024,0.9414528926893152,0.9369058570990494,0.9460442793002013,0.6040019989013672,0.09398245811462402
RobustScaler,247,1,63.290479069102666,91.92481623942757,81.5113418966931,0.23099287981291983,0.8927127111252081,0.9149869960988296,0.8714971357795325,0.5687344074249268,0.11156129837036133
RobustScaler,250,1,59.098901533646185,91.16815236979657,72.7384531292703,0.12360193943679218,0.8332497492477432,0.9054495912806539,0.7717138875986995,0.3994481563568115,0.10722947120666504
RobustScaler,253,1,67.89320647241912,93.09978391016558,67.38863077343537,0.20511998334556186,0.7864716145483828,0.931637519872814,0.6804458894565723,0.976470947265625,0.09743213653564453
RobustScaler,256,1,64.2569968968767,91.97836637099995,79.33178464061218,0.25162965876531646,0.8770475145307483,0.9233204963628584,0.835191206069051,0.5177335739135742,0.14697813987731934
RobustScaler,259,1,64.169366151426,92.33998468561164,70.66821535938782,0.1738856148326008,0.8150445909267158,0.9189740600408044,0.7322340919647005,0.6173739433288574,0.09264540672302246
RobustScaler,262,1,57.652545896647986,90.5673296386056,76.74227931128723,0.13227761521481596,0.8622197037156966,0.9035459789616559,0.8245084378386747,0.9467265605926514,0.11382627487182617
RobustScaler,265,1,68.27939365363794,92.9393446740008,83.00081989614648,0.29557760378648784,0.9013246609026732,0.9241216655823032,0.8796253289982969,0.6689021587371826,0.10079240798950195
RobustScaler,268,1,56.409978604183884,90.79637119547145,85.65181743645805,0.1766797586482303,0.9207248018120046,0.8985411140583555,0.9440315838365072,0.3748288154602051,0.1229393482208252
RobustScaler,271,1,60.583573092278485,91.51628452094751,84.14184203334244,0.2337028684395961,0.9101814945242057,0.9100054166989089,0.9103576405016256,0.7166094779968262,0.12828278541564941
RobustScaler,274,1,69.88677439012191,93.74684047299498,82.3380705110686,0.26801254149396725,0.897465392090754,0.9202798340518995,0.8757547607988853,0.693432092666626,0.12136507034301758
RobustScaler,277,1,62.64171506453982,92.05740540908099,87.5239136376059,0.3016229385939225,0.930885692657078,0.9107539623759443,0.9519275429633071,0.8276803493499756,0.10745978355407715
RobustScaler,280,1,63.92064947683795,92.3976899416427,86.46488111505876,0.25925972665492075,0.9247483380816715,0.9078839412247334,0.9422511224647778,0.5505290031433105,0.11531972885131836
RobustScaler,283,1,67.59070061519957,93.12437875256991,79.66657556709484,0.23836666308081794,0.879786718371304,0.9199189052204765,0.8430097538318625,0.843818187713623,0.13041210174560547
RobustScaler,286,1,64.2618790396521,93.05724072182657,44.889314020224106,0.17865889270622626,0.5568618833095265,0.9591218773656321,0.39232079269236725,0.7163710594177246,0.09086370468139648
RobustScaler,289,1,66.35752136562658,93.31119484286285,43.72096201147855,0.18607948988912354,0.5410374993035048,0.9654006760787432,0.3758321721628735,0.7970423698425293,0.09801292419433594
RobustScaler,292,1,60.98192395085973,91.55317740063562,84.01202514348182,0.2560962342198203,0.9089139743090697,0.9141089884121516,0.9037776745626258,0.5119824409484863,0.12262749671936035
RobustScaler,295,1,66.83970674881104,93.17812278624072,76.25717409128178,0.1942589912413867,0.856754194319634,0.9163213120536108,0.8044588945657223,0.7364473342895508,0.1382129192352295
RobustScaler,298,1,66.85484882614993,92.58389633426198,71.71358294616014,0.22720023178339505,0.82079473638646,0.9309701492537313,0.7339371419724415,0.7944469451904297,0.11044812202453613
RobustScaler,301,1,66.06164368747724,92.88316884035396,69.8893140202241,0.19213519939166543,0.8078985222963253,0.9245734809937145,0.7173711100789596,0.7358179092407227,0.13406014442443848
RobustScaler,304,1,65.19954558898513,93.06085769132,40.78983328778355,0.17586236345718947,0.5040064102564102,0.9668423364075538,0.340842235640192,0.4496333599090576,0.13327932357788086
RobustScaler,307,1,64.76180189864212,93.07275151438988,49.9795025963378,0.1508276584823793,0.6208896483869297,0.9377444079461912,0.46408112710945965,0.573155403137207,0.13677334785461426
RobustScaler,310,1,58.10692311726822,91.61845987052757,35.89778628040448,0.13241481778367117,0.44214532048995125,0.9533333333333334,0.28781545130825203,0.8557083606719971,0.13483595848083496
RobustScaler,313,1,57.54241719191944,91.58112111962534,38.207160426346,0.15029569819658792,0.47240695368101737,0.9585700757575758,0.31343861278835733,0.6218345165252686,0.12824201583862305
RobustScaler,316,1,70.73703774196008,93.8309159247381,87.89286690352556,0.3753201729382144,0.9321124818021608,0.9227093446601942,0.9417092429168602,0.4369194507598877,0.1321418285369873
RobustScaler,319,1,72.0709193532195,94.51096209530634,54.17463787920197,0.21421307110716678,0.659871190222628,0.9566240258785472,0.503638334107447,0.7366378307342529,0.13680505752563477
RobustScaler,322,1,72.99560215136904,94.34951502977526,67.23148401202515,0.22839035711521258,0.7837301587301587,0.938647656081227,0.6727047530577489,0.48069167137145996,0.14029645919799805
RobustScaler,325,1,67.3424390365232,93.28881648697195,82.38589778628041,0.24963416183975592,0.8982073758193161,0.9166666666666666,0.8804768540021675,1.174191951751709,0.13487458229064941
RobustScaler,328,1,72.88026687905678,93.71851868468343,84.83875375785733,0.37080578864152797,0.9120526336649359,0.9344595143344433,0.8906951540486143,0.9263978004455566,0.1286311149597168
RobustScaler,331,1,71.50566995435163,94.22004504102055,77.48018584312653,0.25298608687170937,0.8636889991728701,0.9271887764162671,0.808329462765134,0.6632282733917236,0.11295819282531738
RobustScaler,334,1,67.15155108402044,93.57927436497503,48.5241869363214,0.15886634577821515,0.6032648762506583,0.9433465085638999,0.4434122929246013,0.5461289882659912,0.12734317779541016
RobustScaler,337,1,68.58124615534072,93.63945084410872,78.12243782454222,0.2175985773388576,0.8694659600489197,0.9183603169135377,0.8255147855705217,0.8083400726318359,0.11375570297241211
RobustScaler,340,1,68.28792782845714,93.4013029166111,77.65099754031156,0.24744124670556797,0.8651189641664261,0.9256154592782141,0.8120452082365691,0.6870617866516113,0.13085007667541504
RobustScaler,343,1,70.79205703532318,94.03399434253865,72.47881934954906,0.2304215563640063,0.826693055675071,0.9305501743510267,0.743690973834959,0.8678488731384277,0.1366865634918213
RobustScaler,346,1,69.35266076105373,93.36021096997932,83.04181470347089,0.28009232895638114,0.9019514892944616,0.9209422394320749,0.8837281312896733,0.5125114917755127,0.12705659866333008
RobustScaler,349,1,74.64411950295955,94.76740067884934,83.64990434544957,0.3357440256990231,0.904801686756574,0.9306817251820935,0.8803220312741911,0.5687944889068604,0.11652374267578125
RobustScaler,1,3,57.37545782198126,90.63673419953973,59.32631866630227,0.14223584753842103,0.7185475864025341,0.9229928337179643,0.5882489549465861,1.105787754058838,0.02418684959411621
RobustScaler,4,3,53.839337805709555,90.19894362062048,39.956272205520634,0.11223873433567408,0.5026035770885217,0.9347368421052632,0.34370645610775663,0.6621384620666504,0.032846689224243164
RobustScaler,7,3,53.70916009841606,88.0502493292452,73.14840120251435,0.14045522016836917,0.8356748620170598,0.908619749045281,0.7735717603344171,0.6551685333251953,0.03502058982849121
RobustScaler,10,3,46.947673973254055,87.16201155152785,76.55780267832742,0.030923728117672775,0.8637140019860973,0.8870033450273314,0.8416163492800743,0.46972036361694336,0.014966011047363281
RobustScaler,13,3,46.46140173866465,87.05326293012948,65.07242415960644,0.03677594015650226,0.7768465165007857,0.8906906906906907,0.6888063167673014,1.1739721298217773,0.03372359275817871
RobustScaler,16,3,45.641377482503145,87.82070460021357,39.204700737906535,0.04441581133921665,0.5032380527020992,0.9024829795754906,0.34889301749496826,0.2913780212402344,0.016016483306884766
RobustScaler,19,3,46.89509913070372,86.15604800463113,85.69281224378246,0.14812035910830518,0.9213255184851218,0.8950941743320193,0.9491407338597306,0.9253201484680176,0.04556727409362793
RobustScaler,22,3,45.02583773244361,86.326426337575,58.12380431811971,0.029236030918126547,0.7164206727432564,0.8903967797584819,0.5993187799969035,0.9222593307495117,0.0350189208984375
RobustScaler,25,3,41.734507498809094,86.72006974609154,21.699918010385353,0.030111598257427517,0.2205142157529588,0.9086322869955157,0.12548382102492647,0.6172354221343994,0.01856398582458496
RobustScaler,28,3,46.94372229885256,86.79038464163462,66.13828915004099,0.048319572023976826,0.7849704963554321,0.8929911154985193,0.70026319863756,0.5775997638702393,0.05157136917114258
RobustScaler,31,3,42.41076425292807,85.19851693748345,87.17545777534845,0.12578840493287127,0.9306586870589973,0.8901137728782418,0.9750735407957888,0.7096543312072754,0.020345687866210938
RobustScaler,34,3,42.20053247122848,85.33256706175514,75.51926755944247,0.006042948123712469,0.8571884092630236,0.8834935502423794,0.8324043969654745,0.910639762878418,0.02087235450744629
RobustScaler,37,3,48.48933390360005,86.83761368705147,89.87428259087183,0.34904992861061346,0.9455787309048178,0.8994690512784687,0.996671311348506,0.7299797534942627,0.05141615867614746
RobustScaler,40,3,32.411248186600496,82.71665048526691,88.23449029789559,0.00963537969317267,0.9374863864081899,0.8826907301066448,0.9995355318160706,0.6750366687774658,0.04537391662597656
RobustScaler,43,3,52.65738388160225,87.46326180019022,83.33561082262914,0.24884175331612615,0.9045811979187043,0.9144190461124733,0.8949527790679672,0.9295117855072021,0.023056507110595703
RobustScaler,46,3,53.56104665571192,88.30017701774686,62.414594151407485,0.1290778653637459,0.7480650332035722,0.915890994729169,0.6322186096919028,0.6302938461303711,0.029126882553100586
RobustScaler,49,3,35.44481164526454,83.13546469903382,13.439464334517629,0.005814836085157211,0.042620720924960324,0.8952380952380953,0.02183000464468184,0.6337647438049316,0.031458377838134766
RobustScaler,52,3,45.69792427600549,85.53979597845314,86.1164252528013,0.144681873329771,0.9239919204009875,0.8939635205558772,0.9561077566186716,0.8032464981079102,0.04933619499206543
RobustScaler,55,3,38.295845596140495,84.36401578907767,82.67286143755125,0.05043507522865963,0.9036181210094254,0.8875615947439152,0.9202662950921195,0.5569002628326416,0.04459953308105469
RobustScaler,58,3,37.75247910118467,85.25432086738589,13.726427985788467,0.013343518084564712,0.04867023280343555,0.9098591549295775,0.025003870568199412,0.6450982093811035,0.05901479721069336
RobustScaler,61,3,40.10529792921447,84.77101818253297,87.48291883028149,0.03691493852427302,0.9330213512723018,0.8840238326174311,0.9877690044898592,0.6736729145050049,0.057283878326416016
RobustScaler,64,3,34.73260907297233,83.60971793217378,13.712763050013665,0.011963706792292042,0.04851955096813079,0.9070422535211268,0.024926459204211177,0.7937836647033691,0.04397082328796387
RobustScaler,67,3,30.259561474986572,81.77593945055752,88.2959825088822,0.08513960326029536,0.9376932310042556,0.8843910806174957,0.9978324818083295,0.9005184173583984,0.0371251106262207
RobustScaler,70,3,43.49260383531404,84.53345757543758,86.60836294069418,0.14885576886731203,0.9269855461183132,0.8934367370386328,0.9631521907416009,0.5692293643951416,0.05576682090759277
RobustScaler,73,3,43.95690980683927,85.24503972098607,79.83738726427985,0.1096621770398402,0.88414275057909,0.8969967338484824,0.8716519585075089,0.6351313591003418,0.04179024696350098
RobustScaler,76,3,43.44278660363453,86.88455051489021,23.45586225744739,0.030084879941983517,0.25457448932064675,0.9062055897678826,0.14808793930949063,0.7245206832885742,0.04068160057067871
RobustScaler,79,3,45.95006994058159,86.20439495157454,74.82918830281497,0.08018522499938473,0.8501708150317228,0.8956298200514139,0.8091035764050163,0.6344747543334961,0.052016496658325195
RobustScaler,82,3,38.1955262359639,83.4939110499295,83.70456408854878,0.04643358843507018,0.9101254851716472,0.8867024010573463,0.9348196315219074,0.7981617450714111,0.03761911392211914
RobustScaler,85,3,46.302888678493396,85.1126408764889,78.6075430445477,0.09481306947945933,0.8761716432667589,0.8956901431228269,0.8574856788976621,0.9728126525878906,0.04604601860046387
RobustScaler,88,3,51.89593182104512,87.03125531352123,86.09592784913912,0.20794010217842068,0.923117609278779,0.901557080658254,0.9457346338442484,0.6727237701416016,0.037313222885131836
RobustScaler,91,3,51.05577970906665,88.42740896919636,44.20606723148401,0.06603861230633183,0.5640149492792311,0.9088093599449415,0.4088868245858492,0.1992816925048828,0.03977036476135254
RobustScaler,94,3,45.71067822628306,85.7153519777317,74.56272205520634,0.10453418422637165,0.8474492931776275,0.9002350483154871,0.8005109150023223,0.6655182838439941,0.050620079040527344
RobustScaler,97,3,51.11477771223195,86.3218897084033,69.36321399289423,0.11710786313486156,0.8074214052568287,0.9068107273779664,0.7276668214893947,0.724301815032959,0.07995128631591797
RobustScaler,100,3,57.280058904731035,88.93786889812597,76.29133643071877,0.13520860219931258,0.858920149617824,0.9045213221442028,0.8176962378077102,0.254544734954834,0.07654261589050293
RobustScaler,103,3,63.317798341504336,90.01828097121209,84.63377972123531,0.3286003306943567,0.9115854857097928,0.9261123092898794,0.8975073540795789,0.7300124168395996,0.07979774475097656
RobustScaler,106,3,53.49205907199004,88.074303993851,67.86007105766603,0.0895694343495792,0.7967683401019615,0.9015447790379351,0.7138101873355008,0.8728868961334229,0.05609846115112305
RobustScaler,109,3,52.00793047432168,87.62217709234187,70.6272205520634,0.07107457749725436,0.8193621580738687,0.8960573476702509,0.7547607988852764,0.32485508918762207,0.07045698165893555
RobustScaler,112,3,57.74718106382859,90.03043637242301,73.77015578026783,0.13743549057445562,0.8404471967083662,0.9073858027461187,0.7827063012850286,0.631103515625,0.044675350189208984
RobustScaler,115,3,57.264076477020545,89.53696471570527,49.514894779994535,0.10353300934078204,0.6212517299707827,0.919435593991807,0.4691128657686948,0.6938364505767822,0.0834951400756836
RobustScaler,118,3,60.02463871242282,90.8932147385795,80.02186389723968,0.1576722363785894,0.8843079844899897,0.9044189057947556,0.8650719925685091,0.7378942966461182,0.04922366142272949
RobustScaler,121,3,52.38366622022208,87.29303267469466,60.16671221645258,0.0966275854423798,0.7300426004815707,0.9083890297303526,0.6102337823192444,0.7821791172027588,0.06096768379211426
RobustScaler,124,3,52.559186800380154,87.36910671131764,51.29133643071877,0.07605261404461557,0.6438171371471396,0.9078483866422432,0.49876141817618824,0.690767765045166,0.08444380760192871
RobustScaler,127,3,63.83124565969172,91.01468023884364,62.14812790379886,0.16153286704295106,0.7433046056899268,0.9257848568790397,0.6209165505496207,1.0332343578338623,0.07126164436340332
RobustScaler,130,3,61.3067745667532,89.54075618717616,85.84995900519267,0.2768579726070101,0.920532596600284,0.9126531233356159,0.9285493110388605,0.7106819152832031,0.07791900634765625
RobustScaler,133,3,55.795765841708445,88.31213491347818,84.93440830828095,0.26123263159818927,0.9148615776670914,0.912641553039057,0.9170924291686019,0.23679232597351074,0.0517728328704834
RobustScaler,136,3,60.61378965845458,90.35359638881437,45.80486471713583,0.14853462733423137,0.572260569456428,0.9431212228937078,0.4107446973215668,0.46021485328674316,0.06278705596923828
RobustScaler,139,3,57.76594137896044,89.10640202264142,55.53429898879475,0.10809594889081899,0.6845370819195347,0.9155860995850622,0.5466016411209166,0.39684462547302246,0.05791926383972168
RobustScaler,142,3,67.81803904668851,92.77522208253126,52.54851052200055,0.18632152272938982,0.6453194423165314,0.9482215218370104,0.48908499767765906,0.5373101234436035,0.05467057228088379
RobustScaler,145,3,58.13528775849674,90.08313109371883,45.95517901065865,0.12530196120702944,0.5771862304896301,0.9324697754749568,0.41794395417247254,0.7141611576080322,0.05431079864501953
RobustScaler,148,3,61.252379340556104,90.66900885859133,84.01202514348182,0.22488771727624143,0.909491761429566,0.9088589981447124,0.9101254064096609,0.8394405841827393,0.08197712898254395
RobustScaler,151,3,67.67711702056907,91.12750596962198,80.43181197048374,0.30783326577609466,0.8831973898858075,0.9332873642475435,0.8382102492645921,0.9112355709075928,0.09775042533874512
RobustScaler,154,3,57.34913435350517,89.04912049960141,71.72041541404755,0.14608916235241556,0.8245517358314611,0.9112714325869016,0.7529029261495588,0.8150007724761963,0.0823521614074707
RobustScaler,157,3,63.083450982385344,90.25578638159197,65.33889040721509,0.18307714298661837,0.7702341591557589,0.928173780155005,0.6582288279919493,0.7393307685852051,0.07852339744567871
RobustScaler,160,3,69.56981585828116,92.26401640565093,78.05411314566821,0.26623571317148725,0.8674261185405316,0.9290893015030947,0.8134386127883574,1.1479361057281494,0.08490228652954102
RobustScaler,163,3,55.15752086096577,88.7043801154108,52.937961191582396,0.08413082301180243,0.6603550295857988,0.9095354523227384,0.5183464932652113,0.8176846504211426,0.10115957260131836
RobustScaler,166,3,60.53493190052919,90.62645634935991,71.65892320306094,0.2024831868324534,0.8215299888133551,0.9247384734598992,0.739046291995665,0.7006056308746338,0.0975651741027832
RobustScaler,169,3,56.30852826307824,89.15621731526801,83.66356928122438,0.21099025667291138,0.9074654591895971,0.9073601114464824,0.9075708313980493,1.0131120681762695,0.0647430419921875
RobustScaler,172,3,64.97867312416224,91.04983355115692,81.95545230937414,0.2546458100418097,0.8951776146060726,0.918546876272705,0.8729679516953088,0.564638614654541,0.0809164047241211
RobustScaler,175,3,59.12748696398037,89.1490267831381,65.5233670401749,0.140164197829637,0.7745308310991957,0.9159797083069119,0.6709242916860195,0.472461462020874,0.09991121292114258
RobustScaler,178,3,67.97754115193516,91.56428486864863,79.61191582399563,0.284053534626734,0.8780746915093569,0.9298200069228106,0.8317851060535687,0.7208514213562012,0.08284401893615723
RobustScaler,181,3,60.326155524566985,90.1636639217837,76.414320852692,0.1661466748517532,0.8588254539505971,0.9103520027744061,0.8128193218764515,1.0562920570373535,0.09486794471740723
RobustScaler,184,3,66.5541002699755,91.77504914777232,85.93194861984149,0.28585027634740323,0.92091415402343,0.913928489746131,0.9280074314909429,0.7120115756988525,0.09136009216308594
RobustScaler,187,3,68.1265535217124,92.62293888246992,77.38453129270293,0.23872031396114665,0.8634713743606666,0.9241568073459298,0.8102647468648397,0.3783276081085205,0.09621691703796387
RobustScaler,190,3,62.124530102206435,91.1929930897549,55.834927575840396,0.1388098376422308,0.6846521611864572,0.9257255936675461,0.5431955411054343,0.6334903240203857,0.10743427276611328
RobustScaler,193,3,70.42454681008405,92.28303878180397,64.00655916917191,0.22792570963938233,0.7553636110337141,0.9439415041782729,0.6295866233163029,0.9065496921539307,0.10073423385620117
RobustScaler,196,3,67.810933242206,92.00949411214918,82.57037441924024,0.29669466755077595,0.898370582845305,0.925469917097595,0.8728131289673324,0.5913605690002441,0.08513140678405762
RobustScaler,199,3,63.36934133292815,90.8563727269792,75.96337797212354,0.2309828570345991,0.8532944120100083,0.9248779605857892,0.7919956649636166,0.505420446395874,0.10026335716247559
RobustScaler,202,3,57.833689840150484,89.3631319208561,84.84558622574474,0.22912068435980606,0.9148298901774057,0.9076501066747943,0.9221241678278371,0.7260632514953613,0.10061073303222656
RobustScaler,205,3,64.89562938502935,92.1247643186949,59.025690079256634,0.14475919543455823,0.7154718413436447,0.9241328594190464,0.5836816844712804,0.7705106735229492,0.09758663177490234
RobustScaler,208,3,58.9581642494315,91.11612211338105,45.06012571740913,0.14625703603954723,0.563439926163201,0.9432830394473732,0.40168756773494346,0.7429978847503662,0.08449268341064453
RobustScaler,211,3,64.03525479333149,91.69270295706436,71.97321672588139,0.17203506072392358,0.8253724989357173,0.9169504351116156,0.7504257625019353,0.9141480922698975,0.10674881935119629
RobustScaler,214,3,62.96791519751793,90.54266532141015,84.5244602350369,0.2787161246306623,0.911857415262482,0.9168166523202128,0.9069515404861433,0.372722864151001,0.1062469482421875
RobustScaler,217,3,57.875468546023534,90.61498114662088,39.74446570101121,0.11618590062417308,0.49911966831373883,0.9370867988910215,0.34014553336429787,0.1926126480102539,0.08170127868652344
RobustScaler,220,3,68.98095779575691,92.26860470394065,78.27275211806504,0.2664060950948815,0.8690064260998517,0.9286846275752774,0.8165350673478867,0.40541696548461914,0.09301042556762695
RobustScaler,223,3,54.453408632331346,89.3060649779278,76.4963104673408,0.08430807626693074,0.8618695791840668,0.8953779409310862,0.8307787583217217,0.7288913726806641,0.0959010124206543
RobustScaler,226,3,65.69375496662839,91.6173202378849,71.80240502869637,0.19368861093751163,0.8230653804930332,0.9223599500336312,0.7430716829230531,1.0307762622833252,0.12544035911560059
RobustScaler,229,3,69.77054694958673,92.93771128148711,83.26045367586772,0.276277245693975,0.9035053170539582,0.9196600384862091,0.8879083449450379,0.8868331909179688,0.10440492630004883
RobustScaler,232,3,77.95317369469932,94.40916497196343,80.97840940147582,0.3730955207744629,0.8851390378744121,0.9476148409893993,0.8303917015017804,0.5764405727386475,0.1043863296508789
RobustScaler,235,3,55.59710521150605,89.1343653544447,76.17518447663296,0.1301580255167386,0.8582462701735843,0.9036897525896755,0.8171543582597925,0.9307713508605957,0.11014842987060547
RobustScaler,238,3,60.39545176244678,90.35446400882267,66.80787100300628,0.13645315101836805,0.7855944920116515,0.9137577002053389,0.6889611394952779,0.5861682891845703,0.11916828155517578
RobustScaler,241,3,61.226783574948705,90.82935334898256,66.2476086362394,0.15587442951892885,0.7797396112002853,0.919453207150368,0.6768849667131135,0.6494925022125244,0.0868978500366211
RobustScaler,244,3,64.26831797091748,91.02799642712908,60.12571740912818,0.17739530576112347,0.7232549317147192,0.9334149326805385,0.5903390617742684,0.37207603454589844,0.08731484413146973
RobustScaler,247,3,67.74403414318778,92.25102483142311,69.8346542771249,0.23209825919948157,0.805360842922012,0.9353814644137225,0.7070753986685245,0.9918680191040039,0.11421847343444824
RobustScaler,250,3,70.6198573035504,92.61417864850199,90.3867176824269,0.45307498203761637,0.9470076456630635,0.9221741362869508,0.9732156680600712,0.6183938980102539,0.09447336196899414
RobustScaler,253,3,65.19911076962397,91.87157063950424,64.93577480185843,0.19990129468656617,0.7655978806979081,0.9337121212121212,0.6487846415853847,0.9128706455230713,0.11758923530578613
RobustScaler,256,3,69.98216429557192,93.11980926644168,77.35036895326593,0.27020322641294814,0.8621449661080385,0.9314403809866115,0.8024461991020282,0.8545753955841064,0.15381407737731934
RobustScaler,259,3,61.432207561224814,91.32959714403745,43.80295162612736,0.12350997614162067,0.5509635857400229,0.9346175217632895,0.3906177426846261,0.828385591506958,0.11800074577331543
RobustScaler,262,3,60.379566211588774,90.53994415897417,75.88822082536211,0.18368223186534324,0.8544201971865847,0.9145986046100857,0.8016720854621459,0.9892973899841309,0.11519932746887207
RobustScaler,265,3,63.62839228943162,92.25117785132737,78.6075430445477,0.18694860176147063,0.8737957999113225,0.9115297283659911,0.8390617742684626,0.904137134552002,0.11789250373840332
RobustScaler,268,3,65.64855853551758,92.3691855058736,72.62913364307188,0.19478598219886178,0.8294593444018732,0.9214907302307983,0.7541415079733705,0.2263960838317871,0.11224532127380371
RobustScaler,271,3,67.02569002903782,93.10449939920076,59.46296802405029,0.1915701454997953,0.7157299602319007,0.9391424619640387,0.5781854776281158,0.34883785247802734,0.11997413635253906
RobustScaler,274,3,68.1880320228914,93.10227315214645,63.29598250888221,0.18434766226927704,0.752053909351057,0.9312985825331505,0.6306703824121381,0.971113920211792,0.1258082389831543
RobustScaler,277,3,51.684747041471034,89.32844366881253,29.044820989341353,0.060927022797127826,0.3478806907378336,0.9211839042234785,0.2144294782474067,0.4023253917694092,0.12617945671081543
RobustScaler,280,3,51.79925773406213,89.29515760860475,38.48729160972943,0.07041786689875236,0.48930739123035905,0.9155168753980046,0.333875212881251,0.5791943073272705,0.10678482055664062
RobustScaler,283,3,57.68596165190624,89.96399906872664,80.68461328231757,0.21168831611110778,0.8875363010701357,0.9129224977494067,0.8635237652887444,0.5522885322570801,0.12273263931274414
RobustScaler,286,3,62.15183585690775,91.70362159766701,78.89450669581854,0.18966766873598,0.8757291708573037,0.9116341402127481,0.8425452856479331,0.7261815071105957,0.11179852485656738
RobustScaler,289,3,55.24923169897127,90.56125128827672,28.484558622574475,0.09972116798627804,0.33088282298791794,0.9497247706422018,0.20034061000154824,0.8649551868438721,0.10643434524536133
RobustScaler,292,3,68.43734122334469,91.88279252322079,84.01885761136923,0.3106544051619671,0.9078517117755979,0.9243481748896911,0.8919337358724261,0.23907232284545898,0.12610220909118652
RobustScaler,295,3,60.218031945389924,90.60351834869871,71.78190762503417,0.15829014853078732,0.8244943056263812,0.9139815338232523,0.7509676420498529,0.4896697998046875,0.12824535369873047
RobustScaler,298,3,63.67894172987994,92.40529873920093,53.96283137469254,0.15990436843990244,0.6632683658170915,0.9357021996615905,0.5137018114259173,0.8325672149658203,0.12729430198669434
RobustScaler,301,3,57.42447075049011,90.78032116774786,44.39737633233124,0.07682371947377747,0.5648593733290557,0.9132088520055325,0.4088868245858492,1.0399603843688965,0.12833642959594727
RobustScaler,304,3,53.27694064161494,89.90788848068823,41.82836840666849,0.06592013329476623,0.5342960288808665,0.9105145413870246,0.37807710171853226,0.6332175731658936,0.13165616989135742
RobustScaler,307,3,64.43477042709264,92.0485153144982,82.63186663022684,0.2392699616644316,0.9000864711893719,0.9142446502714787,0.8863601176652732,0.4777257442474365,0.10960984230041504
RobustScaler,310,3,64.95973482597583,92.89767450911917,52.08390270565728,0.14482585404160292,0.6448214737908331,0.9324740002929545,0.4928007431490943,0.79201340675354,0.12106204032897949
RobustScaler,313,3,56.296725057725084,90.74378073268963,66.69855151680787,0.0934109094490626,0.7871057919105442,0.903167602245389,0.6974763895339836,0.9745950698852539,0.13559842109680176
RobustScaler,316,3,59.18303795355715,90.72285730305005,66.63022683793386,0.11130993074929225,0.7855449196452094,0.9075689935064936,0.6924446508747484,0.2220780849456787,0.11066675186157227
RobustScaler,319,3,65.6768262998936,92.7796957055905,49.84968570647718,0.1562569403001828,0.6187805131401267,0.9401830808080808,0.4611394952779068,0.6861677169799805,0.13227391242980957
RobustScaler,322,3,67.03518396058166,93.3975156860127,50.17764416507242,0.17791940434038836,0.6199311998332118,0.9487874920229739,0.4603653816380245,0.6063499450683594,0.11890530586242676
RobustScaler,325,3,55.28191749841076,90.1410258308023,83.65673681333698,0.16626286439357138,0.908183632734531,0.9007156997106746,0.9157764359808019,0.7371666431427002,0.13058733940124512
RobustScaler,328,3,60.80199660038848,91.11233498004472,75.39628313746925,0.1576278981511553,0.8517191682108297,0.9098266912993754,0.8005883263663106,0.7161707878112793,0.12955498695373535
RobustScaler,331,3,64.45367718397826,91.67245143143201,89.47799945340257,0.3834761411101671,0.9422138836772983,0.9142877949315468,0.9718996748722712,0.4026296138763428,0.1144254207611084
RobustScaler,334,3,50.04555915607014,89.26422222120212,86.56053566548238,0.18487593953166329,0.9263102686097479,0.8974954627949183,0.9570366929865304,1.0572030544281006,0.14492464065551758
RobustScaler,337,3,65.66307429274039,92.06475875031408,82.95299262093468,0.28616739161668514,0.9012155046125826,0.9223599967582462,0.8810187335500852,0.508307933807373,0.13271689414978027
RobustScaler,340,3,67.9464729706372,93.27647827130735,82.87783547417327,0.2709061065776508,0.9010503040353787,0.9195680206318504,0.8832636631057439,0.8026959896087646,0.12343645095825195
RobustScaler,343,3,64.8639776896664,92.52286085191987,79.77589505329324,0.19370354283595148,0.88174190970835,0.9110799207397622,0.8542344016101564,0.6768527030944824,0.14268827438354492
RobustScaler,346,3,59.84236829389138,91.51540039897115,35.2896966384258,0.10585676897834226,0.4377560106856634,0.9388846447669977,0.28541569902461683,0.46080493927001953,0.1307053565979004
RobustScaler,349,3,58.964091761033735,91.1857980626265,78.14976769609183,0.139215784632131,0.8719057918769526,0.9033864541832669,0.8425452856479331,0.7384583950042725,0.11938714981079102
RobustScaler,1,5,57.25570902050563,90.58568566796596,59.59961738179831,0.1424125381693301,0.7211243691930387,0.9227519613759807,0.5918098776900449,0.37572598457336426,0.01190185546875
RobustScaler,4,5,53.18622560753502,90.01273681897023,38.17299808690899,0.10387547681218973,0.4794938165084843,0.933064696664428,0.3226505651029571,0.7448487281799316,0.032634735107421875
RobustScaler,7,5,55.063732803006914,88.30476636113197,91.01530472806778,0.46054743229952183,0.9512583861521925,0.9125951212573785,0.9933426226970119,0.6595668792724609,0.028507709503173828
RobustScaler,10,5,42.053757280858704,85.35920251383068,15.748838480459144,0.030751789805457643,0.09364204336640941,0.9272197962154294,0.049311038860504725,0.4339783191680908,0.0134735107421875
RobustScaler,13,5,54.606327617508924,90.37549692092684,39.79229297622301,0.12848027876063425,0.49783451105539095,0.9434125269978402,0.33813283790060383,0.9287800788879395,0.031068801879882812
RobustScaler,16,5,64.19246114246917,91.12199375906825,86.46488111505876,0.31995630559514143,0.9237930371225236,0.9181769519002829,0.9294782474067194,0.7931368350982666,0.034177541732788086
RobustScaler,19,5,45.178740946970784,86.22106812736975,58.00081989614648,0.024027663202556174,0.71569307617594,0.8890037917959325,0.5989317231769624,0.7892584800720215,0.021174907684326172
RobustScaler,22,5,44.01842660816927,85.98498140029281,65.00409948073244,0.029312226542712566,0.7767024152062081,0.8890219560878243,0.6895804304071838,1.2168521881103516,0.03383374214172363
RobustScaler,25,5,44.22015125045036,86.10624770501937,63.27548510522001,0.023402954721157443,0.7625778523786386,0.8879744882213764,0.6682148939464313,0.4083554744720459,0.020566463470458984
RobustScaler,28,5,51.25699969053478,87.02836195680848,81.36102760317027,0.18542714883343314,0.8927251278018089,0.9072090792838875,0.8786963926304382,0.8589706420898438,0.043204545974731445
RobustScaler,31,5,41.020772920477526,85.99601974670949,39.04755397649631,0.005810342673402536,0.50731761197327,0.8851416457891694,0.35555039479795636,0.26498842239379883,0.020233154296875
RobustScaler,34,5,46.05639115971235,85.34055454505804,77.03607543044548,0.10000230346894179,0.865209544816523,0.8976450029125406,0.8350363833410744,0.9519386291503906,0.020639419555664062
RobustScaler,37,5,50.11345856491407,87.47553512038436,66.80787100300628,0.09941767932677241,0.7876748251748251,0.9045372415177675,0.6975538008979718,0.6283783912658691,0.036505937576293945
RobustScaler,40,5,49.97016868828382,87.86703677788422,89.29352282044275,0.30441150845375065,0.9421877882309537,0.9000493409459365,0.9884657067657532,0.6089222431182861,0.04463315010070801
RobustScaler,43,5,47.925805758576395,86.39934024665298,84.56545504236131,0.17716408128187527,0.9138411075937297,0.900684159085783,0.927388140579037,0.8611762523651123,0.04297018051147461
RobustScaler,46,5,46.20135047233549,85.70268966431044,88.69226564635146,0.299708399073613,0.9383451924151548,0.9044165170556553,0.9749187180678124,0.2867608070373535,0.02348041534423828
RobustScaler,49,5,59.59548326770039,89.07276950371119,66.30910084722602,0.18239340656646447,0.7786506262064012,0.9267015706806283,0.671388759869949,0.9865915775299072,0.046434640884399414
RobustScaler,52,5,34.65682433892589,84.25518776528813,11.738179830554795,0.0,0.0,0.0,0.0,1.0141277313232422,0.06920433044433594
RobustScaler,55,5,59.70197571103554,88.3056119747806,81.32686526373327,0.27900706349146137,0.8902629993977113,0.9248352381746893,0.8581823811735563,0.7204551696777344,0.05616593360900879
RobustScaler,58,5,46.84181911478529,87.06797967302693,70.66138289150041,0.047760323632612164,0.82058995571154,0.8914306463326072,0.7601795943644527,0.535515308380127,0.028416872024536133
RobustScaler,61,5,37.66411164106505,84.97667985209915,16.99918010385351,0.014494769882679295,0.12478386167146974,0.9002079002079002,0.06703824121381019,0.7980422973632812,0.0458674430847168
RobustScaler,64,5,29.473387793444495,81.06055010920787,13.699098114238865,0.012766006463203606,0.04808199562890949,0.9088319088319088,0.024694225112246476,0.5271131992340088,0.0299685001373291
RobustScaler,67,5,44.756481782375474,85.81611365125048,55.77343536485378,0.01594613472475923,0.6952878595301982,0.8870870870870871,0.5716829230531042,0.6175422668457031,0.036742448806762695
RobustScaler,70,5,34.52012208826481,83.0383938710882,13.671768242689259,0.018910648467849886,0.04663095148268317,0.9223880597014925,0.02392011147236414,0.6902337074279785,0.03859996795654297
RobustScaler,73,5,39.95838756184122,84.49248726422151,14.150040994807325,0.009642474790434709,0.05943558649599521,0.9002267573696145,0.03073231150332869,0.8080058097839355,0.032868146896362305
RobustScaler,76,5,51.06096600009985,87.70089383398437,73.27138562448756,0.08228290641967942,0.8387734915924827,0.8968799576943416,0.7877380399442638,0.6774077415466309,0.049794673919677734
RobustScaler,79,5,64.94160758981025,91.04474642491448,75.0409948073244,0.23996901581067487,0.8460403759430185,0.9285780368211676,0.7769778603498994,0.872117280960083,0.06967473030090332
RobustScaler,82,5,50.2904998863612,87.86864967176935,83.0554796392457,0.07807799708692648,0.9056603773584906,0.8903515332834705,0.9215048769159313,0.27738165855407715,0.03273463249206543
RobustScaler,85,5,53.79767850618957,89.82686609750526,58.59524460235037,0.11400685375229737,0.7139350453172205,0.9148318412775224,0.5853847344790215,0.13415217399597168,0.051497697830200195
RobustScaler,88,5,54.97320251083173,88.83832452309728,79.48209893413501,0.17129032612475872,0.8802870241179988,0.9074545902851977,0.8546988697940858,0.3311882019042969,0.04532432556152344
RobustScaler,91,5,58.930795412128546,90.4191127367726,72.67012845039629,0.16964647682077222,0.8308525033829499,0.9155638397017707,0.7604892398204056,0.6767303943634033,0.06345200538635254
RobustScaler,94,5,49.44762395776277,88.87218932557435,35.25553429898879,0.10869324833837524,0.43675701378982407,0.9406041986687148,0.2844093512927698,0.7050986289978027,0.05963253974914551
RobustScaler,97,5,62.47712354511245,90.9406209406607,58.62257447389997,0.1477983642991244,0.7113441372735939,0.925576779955346,0.5776435980801982,0.3931713104248047,0.051423072814941406
RobustScaler,100,5,66.39689617378788,92.22532107220347,66.20661382891501,0.20436323148303503,0.7764014466546112,0.9331667028906759,0.6647313825669608,0.45081210136413574,0.07090950012207031
RobustScaler,103,5,69.48379822507188,92.0055338497594,88.46679420606723,0.3920343458112276,0.9355479190530737,0.9230711271850512,0.9483666202198483,0.4634859561920166,0.04606008529663086
RobustScaler,106,5,68.31703143730464,92.76109292089714,90.65318393003552,0.43486192346356395,0.9491978609625669,0.9122055674518201,0.9893172317696238,0.7479305267333984,0.07134175300598145
RobustScaler,109,5,67.22910438386232,91.11441891109797,79.89204700737906,0.2790101234677718,0.8802149049615369,0.9280748433610849,0.8370490788047685,0.4860656261444092,0.08060646057128906
RobustScaler,112,5,77.29402359036968,94.00599456302709,71.82973490024597,0.31227735983748023,0.8174936921783011,0.9546159412798512,0.7148165350673479,1.1787726879119873,0.06274247169494629
RobustScaler,115,5,63.91501484874325,90.73562755423659,78.6690352555343,0.24438054747662163,0.872550620509471,0.923043703575747,0.8272952469422511,0.4833412170410156,0.0902259349822998
RobustScaler,118,5,62.35559941899121,90.55741632701287,85.15987974856517,0.29347379089450043,0.9157551780311846,0.9176772388059702,0.9138411518810962,0.7499094009399414,0.08400774002075195
RobustScaler,121,5,64.59349977046945,91.19103520068867,72.58130636786007,0.18056610819311836,0.8297050710799915,0.9181929181929182,0.7567734943489705,0.3479771614074707,0.058258771896362305
RobustScaler,124,5,73.11706770078875,92.75161999285923,84.15550696911724,0.357215341520882,0.9077382136463099,0.933780797249734,0.8831088403777675,0.21071267127990723,0.046060800552368164
RobustScaler,127,5,52.384614712196445,88.11453839200787,86.92948893140202,0.22765315588358412,0.9281124347074519,0.9018476593880085,0.9559529338906951,0.8555717468261719,0.07995486259460449
RobustScaler,130,5,65.14320381393806,91.3443629601282,76.86526373326046,0.22522583626238377,0.8601404378356051,0.9220687212185618,0.806007121845487,0.8966832160949707,0.08796977996826172
RobustScaler,133,5,67.00148658656617,91.56467186138484,88.13883574747199,0.37419720356685027,0.9337202199144777,0.9211993370498719,0.9465861588481189,0.6081345081329346,0.0918128490447998
RobustScaler,136,5,65.99467474700722,90.94842674117938,89.21153320579394,0.4327909016086372,0.9396936943818508,0.9274029400678477,0.9523145997832482,0.9587268829345703,0.08551979064941406
RobustScaler,139,5,63.441007674268846,89.48628524752186,74.62421426619295,0.25232434171642437,0.8423733129615483,0.9323562570462233,0.768230376219229,0.7818825244903564,0.08298969268798828
RobustScaler,142,5,51.629200557794384,87.9908516683356,82.59087182290243,0.13947578973164745,0.9017354415734671,0.89847832769751,0.9050162563864376,0.7666916847229004,0.07518482208251953
RobustScaler,145,5,66.36343535952847,91.60661399663343,61.717682426892594,0.183162840636268,0.7377241024200721,0.9330965068087625,0.6100015482272798,0.37340760231018066,0.08125042915344238
RobustScaler,148,5,68.78640204055995,92.38439833669165,73.31238043181197,0.2161757542699457,0.8338155207624234,0.9256565274891366,0.7585539557206998,0.7760190963745117,0.0861825942993164
RobustScaler,151,5,67.05233116347206,92.10085272025648,71.79557256080896,0.19362005323293552,0.8230149202538158,0.9223524889486835,0.7429942715590648,0.5318238735198975,0.09514927864074707
RobustScaler,154,5,54.08887230116859,88.00183136559828,78.48455862257447,0.15983267342705612,0.8736812547635284,0.9066688868537174,0.8430097538318625,0.5527174472808838,0.07434415817260742
RobustScaler,157,5,54.77679708363725,88.86859908487675,79.94670675047827,0.16863053371391598,0.8835363676044602,0.906374664169991,0.8618207152810032,0.720242977142334,0.0764474868774414
RobustScaler,160,5,62.81989637871622,90.68218710367557,86.0276031702651,0.25448325823762336,0.9220269188241126,0.90848298144113,0.935980801981731,0.39135241508483887,0.07374835014343262
RobustScaler,163,5,55.03887375206844,88.78870433071326,78.81934954905712,0.11106301637696764,0.8772277227722772,0.8980700616282842,0.8573308561696857,0.3427309989929199,0.06538939476013184
RobustScaler,166,5,66.242641189226,91.48822460969421,72.0483738726428,0.2204913458397396,0.8237625468487485,0.9287032540067994,0.7401300510915002,0.3730604648590088,0.06534671783447266
RobustScaler,169,5,51.87690791075651,88.90866657369173,75.7857338070511,0.0677073876636829,0.8573498631460312,0.8930068757336911,0.8244310264746865,0.4747166633605957,0.07912302017211914
RobustScaler,172,5,57.55783412916541,89.46535256258092,75.63541951352829,0.14635000376960877,0.8538404787277646,0.9073170731707317,0.8063167673014399,0.8545193672180176,0.08082842826843262
RobustScaler,175,5,58.247987079241305,88.7680897506331,72.36949986335064,0.17064202731648412,0.8284987277353689,0.9161508159819921,0.7561542034370645,0.7097501754760742,0.07416796684265137
RobustScaler,178,5,65.34637710310633,91.83049631673147,82.57037441924024,0.2916032862054404,0.8984919024312602,0.924424793253091,0.8739742994271559,0.7005593776702881,0.09073615074157715
RobustScaler,181,5,59.59037357696916,89.86124129645373,73.57201421153322,0.14661690428944135,0.8386181575433912,0.9095022624434389,0.7779842080817464,0.7830755710601807,0.10094022750854492
RobustScaler,184,5,59.29131698628819,89.78999089229293,63.67860071057666,0.14587870837434955,0.7581437670609645,0.9194438313838005,0.6449914847499613,0.8737149238586426,0.08724379539489746
RobustScaler,187,5,62.65979048285406,90.7165436564084,72.90243235856792,0.18387963711458458,0.8320345586989666,0.9185524593229849,0.7604118284564174,0.6852455139160156,0.08118677139282227
RobustScaler,190,5,60.82229117450972,90.75847169931794,66.41158786553703,0.15304978803132946,0.7812972684402527,0.9185146443514645,0.6797491871806781,0.5790445804595947,0.072174072265625
RobustScaler,193,5,63.92488276999669,90.67807176424392,74.2484285323859,0.2136204604769041,0.8410844541889784,0.9236040374108714,0.7721009444186406,0.6660654544830322,0.11072134971618652
RobustScaler,196,5,55.299283237456784,89.91109492835177,71.07133096474446,0.10545056609295027,0.821304971722799,0.9029324424647365,0.7532125716055117,0.36322617530822754,0.10381698608398438
RobustScaler,199,5,58.984656689161916,90.36535455733087,65.87865537031976,0.14647927315594134,0.7771729430662145,0.9173161997050769,0.6741755689735253,0.9020853042602539,0.07624387741088867
RobustScaler,202,5,67.06689197969605,92.01370055646301,58.431265373052746,0.19436091435495975,0.7054323617701171,0.9417011375387797,0.5639417866542809,0.48291778564453125,0.08797836303710938
RobustScaler,205,5,61.37056684764164,91.3488001002497,58.54058485925117,0.10679100972858228,0.7140164011688189,0.9126506024096386,0.5863910822108686,0.852266788482666,0.1081857681274414
RobustScaler,208,5,56.87152020598813,90.05527852526731,49.80869089915277,0.09839343798929438,0.6251275770565422,0.9171907756813418,0.47414460442793,0.891878604888916,0.09084081649780273
RobustScaler,211,5,53.38469023108239,88.66549236160735,77.8559715769336,0.13322987882076243,0.8700220573491076,0.9026379295997337,0.8396810651803684,0.7868504524230957,0.07409143447875977
RobustScaler,214,5,50.083059509783304,88.55284998915477,25.061492210986607,0.06620588055408304,0.2770893751647772,0.9325643300798581,0.16271868710326676,1.0190761089324951,0.0778055191040039
RobustScaler,217,5,55.847772940844195,89.40113240495394,85.21453949166438,0.16744092448380382,0.9180923542770628,0.8982372981780476,0.9388450224492956,0.6516449451446533,0.11796283721923828
RobustScaler,220,5,57.32468759242728,89.4922378681838,51.28450396283137,0.10994506524336979,0.6400080783600929,0.920150987224158,0.49063322495742373,0.5870487689971924,0.10241818428039551
RobustScaler,223,5,50.2949269332249,88.2726695198333,75.42361300901885,0.04532447885935039,0.8554434754651771,0.8895110739657334,0.8238891469267688,0.744025707244873,0.07957243919372559
RobustScaler,226,5,64.37280979460125,91.35057551836614,74.9590051926756,0.2070544513482589,0.8466976199439494,0.921011921011921,0.7834804149249109,0.7685379981994629,0.09712910652160645
RobustScaler,229,5,53.514622366819566,89.01332093040662,78.52555342989888,0.09295572792577149,0.8756577125450014,0.8954607977991746,0.8567115652577798,0.375385046005249,0.12528657913208008
RobustScaler,232,5,65.39472090544801,91.50393267551988,88.1525006832468,0.33981515332516027,0.93434305187429,0.9144678327898014,0.9551014088868246,0.6534197330474854,0.12031245231628418
RobustScaler,235,5,57.60302154847601,90.10348621860211,52.58950532932495,0.10011935928689498,0.6550335570469799,0.9153814089203834,0.5099860659544821,0.7319393157958984,0.11849713325500488
RobustScaler,238,5,59.81964278665771,90.67453959897279,88.70593058212627,0.29138530987911415,0.9385387618516453,0.9029834728482506,0.9770088248954947,1.0011718273162842,0.10329532623291016
RobustScaler,241,5,47.68164004310525,87.18791188551543,86.61519540858158,0.09662608986810586,0.9274847307051638,0.8886997233453926,0.969809568044589,0.5678393840789795,0.12907981872558594
RobustScaler,244,5,61.12626370221695,90.4106690301465,69.30855424979502,0.16727309321487238,0.8044746234874206,0.9189538583929993,0.7153584146152655,1.0860447883605957,0.09290218353271484
RobustScaler,247,5,56.361148164629725,90.17010432396108,87.16862530746106,0.2040583391983546,0.9298835125448028,0.8980960623106881,0.9640037157454714,0.8862545490264893,0.09486913681030273
RobustScaler,250,5,66.66292451662055,92.22631435315489,64.06121891227112,0.201231638589917,0.7577376565954311,0.9354105071639754,0.6367858801672085,0.7095999717712402,0.09453558921813965
RobustScaler,253,5,66.23706288488272,92.14087062414175,70.5725608089642,0.21303239230394036,0.8123556833529386,0.9290483308420528,0.7217061464623007,0.6314809322357178,0.09855437278747559
RobustScaler,256,5,62.596615510281474,90.99448409603714,65.03826182016944,0.15885894892858102,0.7691821913482791,0.9216300940438872,0.6600092893636786,0.3448364734649658,0.12665700912475586
RobustScaler,259,5,40.92286872276296,84.8922994985034,86.8065045094288,0.03568357480268442,0.9290308353853505,0.8844027709747393,0.9784022294472828,0.9344875812530518,0.10613656044006348
RobustScaler,262,5,55.44212928292565,89.55565794725541,72.71112325772069,0.10694697119500012,0.8336942038640907,0.9020544242205802,0.7749651648862053,0.7300961017608643,0.11904454231262207
RobustScaler,265,5,68.12929536193283,92.40940105120363,73.75649084449303,0.24611254690910161,0.8359598547939355,0.9323616271315613,0.757625019352841,0.7987370491027832,0.10944652557373047
RobustScaler,268,5,49.227452160407886,89.29728719359518,29.468433998360204,0.11428855407976952,0.34469624833365076,0.9576719576719577,0.21017185322805387,0.6338164806365967,0.09438085556030273
RobustScaler,271,5,43.45536482380759,87.19140988786447,18.925936048100574,0.04113860482105654,0.1615319389485585,0.9262560777957861,0.08848118903855086,0.7288827896118164,0.11208391189575195
RobustScaler,274,5,41.78061186879323,84.61137917724967,77.8696365127084,0.0770492874597953,0.8715650898132361,0.8934232989187871,0.8507508902306858,0.5320603847503662,0.10741877555847168
RobustScaler,277,5,53.79137249897761,89.74906010507354,69.8209893413501,0.07580016927012745,0.8129420234616525,0.8974287050023375,0.7429942715590648,0.18626856803894043,0.11477899551391602
RobustScaler,280,5,45.10884542437559,87.19281646812085,16.787373599344082,0.0239699689802785,0.11829436038514443,0.9128491620111732,0.06324508437838675,0.28313279151916504,0.12765717506408691
RobustScaler,283,5,43.77210256654268,87.91566441136484,35.18037715222738,0.06325265660914764,0.4436103454342854,0.9150737962738931,0.292769778603499,0.8080520629882812,0.1351006031036377
RobustScaler,286,5,51.20170328431455,88.38543518963334,51.53047280677781,0.053722067290561164,0.6487771066442222,0.9,0.5071992568509057,0.8232548236846924,0.13303232192993164
RobustScaler,289,5,52.44460851928733,89.18745738678247,86.60153047280677,0.1579502527246927,0.9268529225260174,0.894392052408034,0.9617587861898127,1.064075231552124,0.10400700569152832
RobustScaler,292,5,46.56031300505508,88.60616546928803,31.299535392183657,0.0734419169874689,0.38233306714171633,0.9259149062778935,0.24090416473138257,0.8968818187713623,0.12256979942321777
RobustScaler,295,5,49.14983352501432,87.66402521122177,72.32167258813884,0.07770126089117628,0.8319017386613552,0.8965208836418925,0.7759715126180523,0.8044185638427734,0.11865067481994629
RobustScaler,298,5,60.84702180729491,91.50309074320654,70.66821535938782,0.13584212155697178,0.8168280923326364,0.9099724308394334,0.7409815760953709,0.6636769771575928,0.13621926307678223
RobustScaler,301,5,51.87896485415933,87.80080414553933,59.176004372779445,0.06219285834095214,0.7235715938006014,0.8991606301023342,0.6053568663879858,0.8222122192382812,0.14063119888305664
RobustScaler,304,5,49.36305947734082,88.28032839011871,80.37715222738453,0.08132623815567724,0.8883098701096679,0.8925445451703657,0.8841151881096145,0.7116265296936035,0.10104203224182129
RobustScaler,307,5,57.24795436640646,90.32996206282226,74.56955452309374,0.11567521161096032,0.8471206769079109,0.9023451172558627,0.7982659854466636,0.5961525440216064,0.1095583438873291
RobustScaler,310,5,47.88430416556046,86.90504084950018,86.66302268379339,0.13688289945574228,0.9274349442379182,0.89214704620226,0.9656293543892244,0.5211403369903564,0.14198970794677734
RobustScaler,313,5,50.625689290070206,88.86795960587864,74.04345449576387,0.06476049291906003,0.8450083635918567,0.8932976796342621,0.8016720854621459,0.8625261783599854,0.138319730758667
RobustScaler,316,5,56.63396239303668,90.18683835404633,63.965564361847505,0.11332118618591791,0.7628170534268753,0.9101738570508693,0.6565257779842081,0.6351730823516846,0.14429306983947754
RobustScaler,319,5,52.88935437841018,89.7264585871503,26.07952992620935,0.0810522083070915,0.29255214804158763,0.9418947368421052,0.17316922124167827,0.6310088634490967,0.10797858238220215
RobustScaler,322,5,44.32911292704893,87.42551077190552,23.817983055479637,0.042503305810888375,0.258840733847381,0.9158043273753528,0.15071992568509057,0.27190732955932617,0.10733580589294434
RobustScaler,325,5,63.73423363020005,92.01140573563438,85.94561355561629,0.24446615363927277,0.9216530184726719,0.9071755267301492,0.9366000928936368,0.6966116428375244,0.15050315856933594
RobustScaler,328,5,65.13932648688846,91.56849659585818,86.56053566548238,0.3237426761802731,0.9243490634975577,0.9185202170755943,0.9302523610466017,0.7024962902069092,0.10811877250671387
RobustScaler,331,5,51.88608417634219,89.11687319487444,83.26728614375513,0.10167460625884323,0.9066727639952745,0.8928919912932523,0.9208855860040254,0.7705385684967041,0.1529700756072998
RobustScaler,334,5,62.02998955892824,90.85680893772953,76.78327411861164,0.19181238429068073,0.8606577544492742,0.9150680153470526,0.812354853692522,0.8567938804626465,0.13691949844360352
RobustScaler,337,5,54.559765898663024,89.7536962847934,75.7037441924023,0.11435711070252687,0.8553648417798747,0.9011827219746315,0.813980492336275,0.7098252773284912,0.13474798202514648
RobustScaler,340,5,67.04031618081348,92.82709949834621,76.76277671494944,0.20098508550696437,0.8602079822434132,0.9170099027254404,0.810032512772875,0.7887139320373535,0.1191244125366211
RobustScaler,343,5,68.86049255616288,93.16625749102352,77.1795572560809,0.2334785729202483,0.8621543541064796,0.9233557284299858,0.8085616968570987,0.32663655281066895,0.11218833923339844
RobustScaler,346,5,61.12260491132299,91.35638395022823,81.6753211259907,0.20879697598980815,0.8943262411347518,0.9106884930187771,0.8785415699024617,0.9223251342773438,0.1237185001373291
RobustScaler,349,5,59.77768609773009,90.9229543863364,76.4553156600164,0.1393362939920221,0.8599642392717816,0.9051325919589392,0.8190896423594983,0.6908807754516602,0.12403535842895508
Normalizer,1,0,75.71033037079413,95.30992154131096,64.12954359114512,0.3162868627136539,0.7500238072564518,0.9742701632855022,0.6096919027713268,0.4037168025970459,0.012389183044433594
Normalizer,4,0,71.2126580286759,94.11786275553891,56.805138015851334,0.24825126791598132,0.6840579710144927,0.9650310208685843,0.5298033751354699,0.5792531967163086,0.021285295486450195
Normalizer,7,0,49.78679657717409,89.13801380903236,32.04427439191036,0.13182588623154382,0.383384996900186,0.962640099626401,0.2393559374516179,0.5906500816345215,0.027669906616210938
Normalizer,10,0,70.83596928490104,93.91526173143741,52.27521180650451,0.24461317978864244,0.6358375475731193,0.9736547980201181,0.4720544976002477,0.8876943588256836,0.014894247055053711
Normalizer,13,0,38.755776338653355,83.38892159712418,87.90653183930036,0.0454531196913806,0.9354862224814113,0.883937181429949,0.9934200340610001,0.4950885772705078,0.016370773315429688
Normalizer,16,0,33.05303255188409,81.6783170740348,13.582946160153048,0.02904223622758769,0.043267776096822995,0.9470198675496688,0.02213965010063477,0.791797399520874,0.019153118133544922
Normalizer,19,0,64.30338288561809,93.13393912276639,48.66083629406942,0.20884367867007225,0.5986539899583377,0.9655410062026188,0.4338132837900604,0.9560022354125977,0.024103641510009766
Normalizer,22,0,70.52642295875064,94.23261172014935,58.01448483192129,0.2755396268549051,0.693867384048224,0.9733053808525507,0.539092738814058,0.5316252708435059,0.017769575119018555
Normalizer,25,0,67.20520508964849,94.10423471340816,58.198961464881116,0.21133377161004488,0.7016191962543894,0.9481940416556816,0.5568199411673633,0.8979861736297607,0.01937270164489746
Normalizer,28,0,61.504371804528276,91.89953671856108,72.8409401475813,0.1460033168372187,0.8331304311321943,0.9101164817022838,0.7681529648552408,0.646449089050293,0.01787853240966797
Normalizer,31,0,64.9262379645155,92.03570386009065,56.955452309374145,0.1814078835950716,0.6919315403422983,0.9393255443441317,0.5476854002167518,0.6308956146240234,0.01984119415283203
Normalizer,34,0,64.02445865665419,92.59003462649116,84.10084722601803,0.2211380836514534,0.9101370921027225,0.9080681205209217,0.9122155132373433,0.900322437286377,0.020015954971313477
Normalizer,37,0,61.44573652632231,91.9250371637757,53.05411314566821,0.1747076000740339,0.652048412417076,0.9427441792356128,0.4983743613562471,0.7992556095123291,0.023972749710083008
Normalizer,40,0,56.623283409762415,90.28119299241035,76.36649357748018,0.11468452891273874,0.8600784757898143,0.9007032110480386,0.82296021055891,0.8753871917724609,0.019196748733520508
Normalizer,43,0,58.358965146141664,90.61753326511896,72.45148947799946,0.14584401645877632,0.8301743745261562,0.9104767184035477,0.7628889921040408,0.7549684047698975,0.031072616577148438
Normalizer,46,0,60.0244314410175,90.506306701341,69.45886854331785,0.14437592766579324,0.806844697951776,0.9131455399061033,0.7227124941941477,0.7036964893341064,0.020748138427734375
Normalizer,49,0,57.56939626886237,90.41132944255328,58.479092648264555,0.11732301494704711,0.7125490752566104,0.9159674084883862,0.5830623935593745,0.4818887710571289,0.05484199523925781
Normalizer,52,0,61.441244143906914,91.23270865214667,75.96337797212354,0.18455435659365985,0.8549397987794821,0.9146814893241574,0.8025236104660164,0.7162461280822754,0.04201388359069824
Normalizer,55,0,60.59696012152232,90.0311223636211,73.585679147308,0.1723725883778574,0.8377130383678952,0.91507703595011,0.7724105898745935,0.2705106735229492,0.05192422866821289
Normalizer,58,0,58.687404711477306,90.37973260421849,71.15332057939328,0.15209357150267336,0.8198805460750853,0.9132294240638662,0.7438457965629355,1.0932948589324951,0.04876351356506348
Normalizer,61,0,56.244774282340785,89.67868656323252,67.86007105766603,0.11234697795461931,0.7955849122197115,0.9068753715078264,0.7086236259482892,0.7737011909484863,0.029440641403198242
Normalizer,64,0,52.99611942870233,89.2880085934772,51.83793386171085,0.06278694601740119,0.6510568783723578,0.9029246189756969,0.5090571295866233,0.9230589866638184,0.048012733459472656
Normalizer,67,0,54.02611863025684,89.77181559594165,54.48209893413502,0.08508433989486502,0.6761302868254739,0.9087820177731312,0.5383186251741756,0.9181168079376221,0.07363033294677734
Normalizer,70,0,58.840618833112444,90.36034270568103,64.23203060945613,0.15468230452858198,0.762423417290674,0.9213557091148404,0.6502554575011612,0.9511656761169434,0.06425023078918457
Normalizer,73,0,65.88182222565872,92.3829599051632,69.32905165345723,0.20994067780381115,0.8023946823964432,0.9300949076436371,0.7055271713887599,0.5007171630859375,0.04229235649108887
Normalizer,76,0,65.28651171416877,92.9133723681995,61.444383711396554,0.15590967453192417,0.7372782718003631,0.924891951874781,0.6129431800588326,0.6269667148590088,0.0780344009399414
Normalizer,79,0,65.93698345487549,92.95250497637855,72.26018037715222,0.20030348837737733,0.8263473053892215,0.9233416172815905,0.7477937761263354,0.6881818771362305,0.05274605751037598
Normalizer,82,0,58.86644665257581,91.40063699791277,59.70893686799672,0.13906590434205923,0.7224288067780654,0.9215804011048396,0.5940548072457037,0.31235766410827637,0.05417275428771973
Normalizer,85,0,68.68439296783994,93.41129752182968,69.7731620661383,0.23215700028564648,0.8048522276135862,0.9355004101722724,0.706223873664654,0.6498410701751709,0.036164045333862305
Normalizer,88,0,69.598815831426,93.93514415642993,67.87373599344083,0.20528480500835622,0.7905567928730513,0.9309693663449433,0.6869484440315838,0.5444731712341309,0.04481005668640137
Normalizer,91,0,67.50916409965538,92.36811819082844,80.67094834654277,0.2514993114906645,0.8864357111316286,0.920620361877762,0.8546988697940858,0.923656702041626,0.055945396423339844
Normalizer,94,0,75.87250672775947,94.74691474105018,75.21863897239683,0.2882758775645848,0.845442536327609,0.9403734951180207,0.767920730763276,0.6147074699401855,0.06940174102783203
Normalizer,97,0,70.62572398550108,93.3907609562498,78.92866903525554,0.25734139944651385,0.8740093144864777,0.9253460207612457,0.8280693605821334,0.9775011539459229,0.07734894752502441
Normalizer,100,0,63.431540778125694,92.18190067043926,63.59661109592785,0.18777806303250935,0.7545152967194987,0.9319371727748691,0.6338442483356557,0.9268066883087158,0.031932830810546875
Normalizer,103,0,78.12122574541556,95.21060966887983,80.40448209893414,0.35773112973827326,0.8814876033057851,0.9453997518170537,0.8256696082984982,0.8036313056945801,0.0945277214050293
Normalizer,106,0,68.09845923449083,92.82145508907851,81.32686526373327,0.26977880970152995,0.8905004206899315,0.9229299892035545,0.8602724880012386,0.5262851715087891,0.043778181076049805
Normalizer,109,0,78.30076784142692,96.0777483381218,65.64635146214812,0.2803237609083511,0.7664653971202973,0.9580817464003716,0.6387211642669144,0.7913515567779541,0.06918978691101074
Normalizer,112,0,65.5818644549546,92.58528971770932,90.4413774255261,0.44746931839134646,0.9474711823677393,0.9199416697047029,0.9766991794395418,0.22441434860229492,0.03856253623962402
Normalizer,115,0,60.83438275747029,90.47794529988724,86.7791746378792,0.3186682059627086,0.9258478635753976,0.916748880625332,0.9351292769778603,0.8388986587524414,0.0783689022064209
Normalizer,118,0,78.14288560727186,95.68074072142724,71.99371412954359,0.2903876460745105,0.8199428947946409,0.9478013608205544,0.722480260102183,1.298849105834961,0.07580733299255371
Normalizer,121,0,73.27902777454855,93.93660702087396,75.88822082536211,0.2779970025669304,0.850952401064324,0.9363323728971094,0.779842080817464,0.3838529586791992,0.05852103233337402
Normalizer,124,0,66.21574096553509,92.01886171224743,78.41623394370046,0.26061718284249924,0.8702296348026126,0.9270897155361051,0.819941167363369,0.5642592906951904,0.07771730422973633
Normalizer,127,0,64.54908060712859,91.66875996026683,74.65837660562995,0.2197982081398086,0.8439432827029074,0.924416996958245,0.7763585694379935,1.0267329216003418,0.08177971839904785
Normalizer,130,0,53.26892689825912,88.85393630146436,77.30254167805411,0.10982386965063219,0.8668003207698476,0.8991016469805356,0.8367394333488156,0.2726290225982666,0.059624433517456055
Normalizer,133,0,73.99780670805967,94.3502391602816,61.71084995900519,0.2340138588628413,0.7337008173351074,0.9500369185331036,0.5976157299891625,0.6485767364501953,0.08406257629394531
Normalizer,136,0,68.75616745078341,93.82028790762442,85.54933041814704,0.286703696855787,0.9184185149469624,0.9152763896363496,0.9215822882799195,0.7583663463592529,0.06140589714050293
Normalizer,139,0,63.10062747362652,91.84190115523698,87.51708116971851,0.32824934400003236,0.9304450451136407,0.9154243763577796,0.945966867936213,0.8628866672515869,0.07329988479614258
Normalizer,142,0,64.61086550951546,91.39238404974144,79.01749111779175,0.2039803914936371,0.8761943156621649,0.9141919744258433,0.8412292924601331,0.6085865497589111,0.047254323959350586
Normalizer,145,0,73.45593617194226,93.63093249338847,85.64498496857065,0.3675608127025188,0.9175205119145762,0.930784547988849,0.9046291995664963,0.7299051284790039,0.08802509307861328
Normalizer,148,0,77.60926086836626,95.48871205658781,69.39737633233123,0.2715792693522185,0.7995524725889461,0.9475973268271984,0.6915157145068896,0.5352201461791992,0.048798561096191406
Normalizer,151,0,78.53387607801407,95.69210091576365,73.28505056026236,0.3102219037298335,0.8293470670391061,0.9506704022413448,0.7354853692522062,0.7462544441223145,0.09829545021057129
Normalizer,154,0,70.97620416125282,93.70626135958916,69.8551516807871,0.22135827647134884,0.80610002636899,0.9323912159414396,0.7099396191360892,0.5553004741668701,0.06940340995788574
Normalizer,157,0,68.13003207660174,93.2787946294759,66.64389177370866,0.17624999822465232,0.7818782950585291,0.9245562130177515,0.6773494348970429,0.8908627033233643,0.07251358032226562
Normalizer,160,0,80.35398486486174,95.70539197535462,70.18994260726976,0.32044028125018365,0.8034419065639501,0.9609871753421705,0.6902771326830779,0.40514302253723145,0.054785728454589844
Normalizer,163,0,65.72393999150367,91.5367026175895,91.20661382891501,0.48138483510386393,0.9520545393584919,0.9176301615798923,0.9891624090416473,0.42931103706359863,0.06502127647399902
Normalizer,166,0,65.69575558627979,93.10753198691563,52.80131183383438,0.15190610034737487,0.6517794132473032,0.9342485549132948,0.5004644681839294,0.8485763072967529,0.06621909141540527
Normalizer,169,0,57.581147656364195,90.08869321165952,72.36949986335064,0.13913190624466718,0.8298266285137182,0.9090909090909091,0.763276048923982,0.25677037239074707,0.05666232109069824
Normalizer,172,0,72.25390846281938,94.15509278640691,76.35282864170539,0.24721890476296476,0.8555931071890516,0.9279572812019187,0.7936987149713578,0.7473568916320801,0.09778809547424316
Normalizer,175,0,61.43874111639263,90.38709721677425,61.28723694998634,0.1678599147711661,0.7349115748105175,0.9288079470198676,0.6079888527635857,0.9980065822601318,0.061936378479003906
Normalizer,178,0,58.035495588633665,91.47120539035787,68.05821262640066,0.127228910728857,0.7964116186909376,0.9103036336485814,0.7078495123084069,0.320697546005249,0.07600665092468262
Normalizer,181,0,62.026285709033125,91.00660580443834,60.228204427439195,0.13083684903416845,0.7279525167079497,0.9185045406297913,0.6028797027403623,0.6578686237335205,0.07683086395263672
Normalizer,184,0,55.96455235414356,89.60965118335449,68.4886581033069,0.1264042736315189,0.7999479482953067,0.9097277032359905,0.7138101873355008,0.29175758361816406,0.06498146057128906
Normalizer,187,0,66.71524252286429,93.34272622965376,55.561628860344356,0.19198122863266245,0.6767074261855055,0.9454166666666667,0.5269391546679052,0.6261579990386963,0.10905885696411133
Normalizer,190,0,73.78487814514081,93.96285532156074,72.33533752391364,0.2742381320740165,0.8234883822311347,0.9425207065163157,0.7311503328688651,0.6195361614227295,0.07377076148986816
Normalizer,193,0,66.42078645620148,92.17565815324595,63.83574747198688,0.17915047579913077,0.7572575097454712,0.9289974119500394,0.6391082210868555,0.7352063655853271,0.08321189880371094
Normalizer,196,0,51.279853615921766,88.81669526341366,51.54413774255261,0.06324760530825842,0.647899910634495,0.9032392026578073,0.5051091500232234,0.6633217334747314,0.10377740859985352
Normalizer,199,0,78.72841606256063,94.72534711091406,86.51270839027056,0.44095077631491675,0.9217846105079642,0.9441558441558442,0.9004489859111318,0.6055340766906738,0.10427165031433105
Normalizer,202,0,60.320847574230655,91.21840050694145,55.86225744738999,0.13901204427097455,0.6849087893864013,0.9257647679324894,0.5435051865613872,0.30296778678894043,0.07219648361206055
Normalizer,205,0,64.49100856643707,92.26364107717112,62.71522273845312,0.16836467730920462,0.7479562144935569,0.9271727928546891,0.6267998142127265,0.6983528137207031,0.07430410385131836
Normalizer,208,0,52.78009305945391,88.12240380347846,65.50286963651271,0.09198088138128378,0.7772532756871222,0.9035798543440353,0.6819167053723486,0.8420462608337402,0.09516286849975586
Normalizer,211,0,67.99528538659092,93.42166623728771,80.9169171904892,0.24504091481367635,0.8883023395320936,0.9188384214445272,0.8597306084533209,0.3414022922515869,0.09947991371154785
Normalizer,214,0,69.53887384218643,93.15044165613105,81.01940420880021,0.2522178490697746,0.8888266367856571,0.920049710024855,0.8596531970893327,0.36260390281677246,0.07079863548278809
Normalizer,217,0,63.382421960964116,90.74377109378194,76.35282864170539,0.1974702148376106,0.857343060879601,0.9168650268888301,0.8050781854776281,0.7355272769927979,0.08102798461914062
Normalizer,220,0,61.607890353787056,92.02586924469836,66.71904892047007,0.14917799523606834,0.7841155874662057,0.9171591498185588,0.6847809258399133,0.3328580856323242,0.0732736587524414
Normalizer,223,0,60.623770227210905,90.70608084519492,75.02732987154961,0.1797936635525443,0.8482205888459782,0.9148974290065395,0.7906022604118285,1.0167129039764404,0.11441421508789062
Normalizer,226,0,60.431530504673425,90.49445641762432,72.62913364307188,0.21200971958004017,0.8287009321816471,0.9256782575468093,0.7501161170459824,0.5215470790863037,0.08005809783935547
Normalizer,229,0,66.86976786143312,92.63826703377345,60.31019404208801,0.199058152909146,0.7232359807518224,0.9404039152521373,0.5875522526706921,0.2621493339538574,0.08673477172851562
Normalizer,232,0,63.91034223032324,91.76885834146138,76.30500136649357,0.2065578793874551,0.8566823704438383,0.9188829787234043,0.80236878773804,0.32562923431396484,0.10724544525146484
Normalizer,235,0,75.0943152482724,94.37633061408143,72.54714402842308,0.2738636555811576,0.8251979465761768,0.9419944378228049,0.7341693760644062,0.6493487358093262,0.10004091262817383
Normalizer,238,0,63.465555818099325,91.94542147682526,79.4069417873736,0.21716211532882734,0.8785558868563139,0.9161344537815126,0.8439386901997213,0.9868342876434326,0.14623618125915527
Normalizer,241,0,62.27958488403886,91.6655105757907,89.23886307734354,0.31363382311785754,0.9416904224204954,0.9024338323990634,0.9845177272023533,1.1901040077209473,0.11367964744567871
Normalizer,244,0,76.29531786511895,94.75759338260612,75.6559169171905,0.2951646831199206,0.848505463667673,0.9412319592491274,0.7724105898745935,0.7267105579376221,0.09646797180175781
Normalizer,247,0,62.300681508380706,92.05242251627236,57.836840666848865,0.15279708204211737,0.7032745107467423,0.9281634725218937,0.5661093048459513,0.615314245223999,0.08862495422363281
Normalizer,250,0,67.15847214659819,93.0668660715901,64.95627220552063,0.19622659309538124,0.766023447835409,0.932578029545707,0.6499458120452082,0.6186981201171875,0.11159062385559082
Normalizer,253,0,72.53907336344356,93.2314811431995,77.38453129270293,0.28949142576256476,0.8617145721925134,0.9360137956071882,0.7983433968106518,0.3141307830810547,0.10879921913146973
Normalizer,256,0,77.00363184561128,94.93034002925702,75.31429352282044,0.31121303555109564,0.8452212654757315,0.9462829736211031,0.7636631057439232,0.8559715747833252,0.15204286575317383
Normalizer,259,0,64.19643534637125,92.36433294040903,76.92675594424706,0.18721455073398863,0.8618418361084973,0.9139262472885032,0.8153738968880632,0.6117587089538574,0.10615849494934082
Normalizer,262,0,81.50491566667225,96.21753329376756,68.47499316753212,0.34092395393656416,0.787510361978447,0.9720327421555253,0.6618671620993962,0.30821943283081055,0.11289477348327637
Normalizer,265,0,84.9868702576528,96.68456786508824,77.65783000819896,0.39632726820198705,0.8597288949897048,0.9641139118722339,0.7757392785260876,0.9392497539520264,0.09777593612670898
Normalizer,268,0,82.87657474450194,96.28773314087073,83.8070511068598,0.44216767097612775,0.9032099975496202,0.9559128630705395,0.8560148629818858,0.9046630859375,0.09871935844421387
Normalizer,271,0,77.70111138927534,94.48231402193454,74.33725061492211,0.32547488491602367,0.8369791666666667,0.95257854179016,0.7464003715745472,0.5254666805267334,0.1084296703338623
Normalizer,274,0,82.11019322921821,95.68834753564839,81.04673408034982,0.38789101909446594,0.8851726136269559,0.9512455516014234,0.8276823037621923,0.8773415088653564,0.12059950828552246
Normalizer,277,0,79.99455597148017,95.54362769215071,90.31156053566548,0.4965144134106823,0.9457536342769701,0.9348812585085463,0.956881870258554,0.8237771987915039,0.12011981010437012
Normalizer,280,0,85.5445655149766,96.51564713731129,76.13418966930855,0.3994251793804922,0.8478061958084615,0.9696999900328914,0.7531351602415235,0.8993697166442871,0.09314846992492676
Normalizer,283,0,82.84086323313473,96.0690975250202,84.63377972123531,0.441491456158347,0.9089805334088794,0.9524213383088797,0.8693296175878619,0.7891778945922852,0.12682247161865234
Normalizer,286,0,82.77859394648539,95.52564743073233,78.86034435638153,0.4030927879961732,0.8685753122079687,0.9623493975903614,0.791453785415699,0.7588081359863281,0.1253662109375
Normalizer,289,0,78.17774775646728,94.50079775040156,74.91801038535118,0.3293316320471203,0.8413638131454994,0.9522645016140077,0.7535996284254528,0.7894210815429688,0.11745476722717285
Normalizer,292,0,75.3795477373983,94.2919595093801,87.08663569281224,0.4072310711222358,0.9262813011935408,0.9334905660377358,0.9191825359962843,0.8784551620483398,0.10012960433959961
Normalizer,295,0,79.1049245703309,94.86512755090484,87.68789286690352,0.4605363736615145,0.9292167491554718,0.9432216905901116,0.9156216132528255,0.9041945934295654,0.09743833541870117
Normalizer,298,0,75.96290184293117,95.39854331567935,64.60098387537579,0.2769924211581733,0.7572506208124443,0.9591691394658753,0.6255612323889147,0.6227195262908936,0.12492084503173828
Normalizer,301,0,78.74710203034057,94.82441439144311,75.0,0.32056113646737,0.8423863881111351,0.9495969699912596,0.7569283170769469,0.7607386112213135,0.10651779174804688
Normalizer,304,0,75.69257261843802,94.16826896139457,88.50095654550424,0.4313526001327263,0.9351019935988895,0.9316173645793315,0.9386127883573309,0.6522729396820068,0.12422776222229004
Normalizer,307,0,79.63371222546228,95.6877191763025,74.95217272478818,0.3156435485048294,0.8422275778963677,0.9483427020740454,0.7574701966248645,0.9774706363677979,0.10964179039001465
Normalizer,310,0,75.14560140338962,94.15950085226778,84.20333424432906,0.3536274060223961,0.9081446166070719,0.9328272935031016,0.8847344790215204,0.7563247680664062,0.11570405960083008
Normalizer,313,0,84.12585357518843,96.71832298612387,82.4063951899426,0.43157365055261965,0.8935994380397504,0.9583444119471771,0.8370490788047685,0.6148824691772461,0.12276101112365723
Normalizer,316,0,79.9355354388143,94.27698950141755,81.53183930035529,0.4149068079151753,0.8878283603768103,0.9568834421683514,0.8280693605821334,0.7086586952209473,0.14604806900024414
Normalizer,319,0,79.25411492316269,95.21151707825524,74.90434544957638,0.31479904051858426,0.8418922990831217,0.9482206923300689,0.7570057284409352,0.7264394760131836,0.13805508613586426
Normalizer,322,0,74.58037228107229,93.89269042965122,88.45312927029244,0.4533591032707954,0.9343944099378882,0.9371593209780408,0.9316457655983899,1.2031407356262207,0.12413573265075684
Normalizer,325,0,68.23347853145864,92.55995414875308,82.94616015304727,0.3054622359490346,0.9007238883143743,0.9262925392670157,0.8765288744387676,0.7319619655609131,0.10694742202758789
Normalizer,328,0,77.6088102783547,93.80632191068273,88.80841760043727,0.47099733547730743,0.936398229401258,0.9393892178248675,0.9334262269701192,0.8605048656463623,0.11670756340026855
Normalizer,331,0,76.05182127581499,95.20629699891381,86.41022137195955,0.3670464877163729,0.9225919439579685,0.9276825545902794,0.9175568973525313,0.6190824508666992,0.12242269515991211
Normalizer,334,0,79.13498117705285,95.51634253568488,79.00382618201695,0.3432706870435769,0.8717713331942416,0.945596089436046,0.8086391082210869,0.5891757011413574,0.12910103797912598
Normalizer,337,0,63.45085757192182,90.97775359894906,84.79092648264553,0.25400513539709385,0.914054054054054,0.9118009551686951,0.9163183155287196,0.842461109161377,0.12246441841125488
Normalizer,340,0,71.0722001102684,93.72513038666762,80.896419786827,0.28628079169070497,0.887075928917609,0.9273771322411755,0.85013159931878,0.8660578727722168,0.1266765594482422
Normalizer,343,0,83.94037044987448,96.29198543963834,91.58239956272205,0.5929384940361156,0.952329360780065,0.9520346588271701,0.9526242452392011,0.7879078388214111,0.1380321979522705
Normalizer,346,0,81.35906193287616,95.5151211431132,89.48483192128997,0.5193146318830587,0.9399414634146341,0.9477453372157079,0.9322650565102957,0.6210987567901611,0.13750696182250977
Normalizer,349,0,65.37720196579806,91.61617816191965,77.9242962558076,0.2292124676415005,0.8676849993857242,0.9211372924093557,0.8200959900913454,0.8639378547668457,0.10978865623474121
Normalizer,1,1,74.79991325241097,95.15921439560289,61.792839573654,0.30699123009075385,0.7285963890506698,0.9765807962529274,0.5810496980956804,0.35704565048217773,0.013018131256103516
Normalizer,4,1,69.45719989668872,93.80702806152445,54.83055479639246,0.24224593492007557,0.663955675291008,0.966839378238342,0.5055736182071529,0.23987889289855957,0.014142036437988281
Normalizer,7,1,53.592930404930826,89.7494967746925,29.584585952446023,0.11951875179093195,0.34565079365079365,0.9611581920903954,0.21071373277597152,0.5840005874633789,0.012320995330810547
Normalizer,10,1,33.9359096087599,83.18302093246463,85.65181743645805,0.027345697404642776,0.9221934049648017,0.8843803297328028,0.9633844248335656,0.43208837509155273,0.015567779541015625
Normalizer,13,1,45.65075876654409,85.48619652289862,80.1106859797759,0.06493392040308389,0.8868679802572772,0.8905018340747678,0.8832636631057439,0.5029599666595459,0.015639066696166992
Normalizer,16,1,52.72258876217697,87.51704577387804,76.88576113692265,0.13734708396240805,0.8630863248209154,0.9043338139258756,0.8254373742065335,1.1542150974273682,0.026203155517578125
Normalizer,19,1,40.70516841162154,86.17748594672716,23.694998633506422,0.022057361804164937,0.2607889859676992,0.8995433789954338,0.15250038705681995,0.9273312091827393,0.020175933837890625
Normalizer,22,1,31.374891159982703,80.58349270028975,85.35118884941241,0.02321745624559114,0.9204157386785449,0.884181999714734,0.9597460907261186,0.6912732124328613,0.01974654197692871
Normalizer,25,1,50.99221497613404,90.30186671015505,28.860344356381525,0.09716319528361834,0.33774328965780437,0.9468616262482168,0.20552717138875987,0.8233170509338379,0.026032209396362305
Normalizer,28,1,55.67416962118538,90.2688028413063,43.52965291063132,0.12163366482276497,0.547792307271434,0.9341295017727188,0.3875212881250968,0.4608902931213379,0.027451753616333008
Normalizer,31,1,56.66095273472991,90.61827002513412,44.95080623121071,0.08648048809376864,0.5702704144221025,0.9168238724061053,0.41384115188109616,0.5609807968139648,0.020427465438842773
Normalizer,34,1,52.329773401887905,88.4841085346166,68.61847499316754,0.10520948385957309,0.8020685197155786,0.9046369203849519,0.7203901532745007,0.7528579235076904,0.05930685997009277
Normalizer,37,1,54.33297493403813,89.14685007687567,54.35911451216179,0.07931424664347408,0.6754445632105723,0.9069676409185804,0.5380863910822109,0.82515549659729,0.0205535888671875
Normalizer,40,1,64.26029296281138,91.9947601474186,70.6340530199508,0.18217492952194791,0.8143733264230802,0.9210629152012505,0.7298343396810651,0.9695463180541992,0.031555891036987305
Normalizer,43,1,62.44394209666021,91.18477469898139,59.770429078983334,0.18139566357852227,0.7195389158807278,0.9352402179296682,0.5846880322031274,0.6676793098449707,0.023342609405517578
Normalizer,46,1,57.05398888412465,89.68529747073552,71.26947253347909,0.14677408995182592,0.8210257501596084,0.9118842772052567,0.7466326056665118,0.8410048484802246,0.021723508834838867
Normalizer,49,1,57.57100036930357,89.54993482633104,68.3725061492211,0.12938562365830591,0.7988528223178204,0.9105497771173848,0.711565257779842,0.693211555480957,0.0453493595123291
Normalizer,52,1,49.518339554179036,88.57759060661496,35.74063951899426,0.09269995920917175,0.44666705889274577,0.9306202500612896,0.29385353769933426,0.39851975440979004,0.023259401321411133
Normalizer,55,1,58.58457105903613,89.6138064688478,63.68543317846406,0.1433384826734897,0.7583761422012093,0.9187135147042625,0.6456881870258554,0.67435622215271,0.023608684539794922
Normalizer,58,1,65.28169040104494,91.30246881760596,65.76933588412135,0.20571810239550722,0.7725208863058481,0.9342191961344168,0.6585384734479022,0.3153653144836426,0.0255429744720459
Normalizer,61,1,55.238120149285876,89.41368034647861,65.83082809510795,0.10711975622085564,0.7791175301444282,0.9071274298056156,0.6827682303762193,0.4077181816101074,0.025257587432861328
Normalizer,64,1,62.06288262977308,91.61360059970647,62.05930582126265,0.16886657408797934,0.7419489753241322,0.9281478897802581,0.6179749187180679,0.9023714065551758,0.03326773643493652
Normalizer,67,1,59.035228659110814,89.1392254646826,82.61820169445203,0.19750661374252737,0.9008496375399485,0.9071428571428571,0.8946431336120142,0.7725322246551514,0.04424786567687988
Normalizer,70,1,64.16528155297108,91.23645984446685,71.43345176277671,0.17670965688464685,0.8209498522547214,0.9187194479056839,0.7419879238272178,1.1224098205566406,0.03823208808898926
Normalizer,73,1,57.59520155882516,89.65359440077039,63.207160426346,0.11595154776081373,0.756014679896697,0.911504424778761,0.6458430097538319,0.8678216934204102,0.05470538139343262
Normalizer,76,1,56.388796367739836,90.14013247759142,52.91746378792019,0.10673082434041445,0.6577941103441426,0.9174400886549383,0.5126954636940703,0.4919867515563965,0.03809690475463867
Normalizer,79,1,67.42795426186959,92.70657374570001,72.47881934954906,0.22030932516681762,0.8271541366289049,0.9279799730406316,0.7460907261185942,0.7574598789215088,0.038115501403808594
Normalizer,82,1,73.05869151183943,94.75613549528252,62.66739546324133,0.25753844347047417,0.7408461392525137,0.9564046044575067,0.6045827527481035,0.9757754802703857,0.05965685844421387
Normalizer,85,1,68.16440758858464,92.6987093442497,66.9376878928669,0.22707086224211956,0.7812881355932203,0.9387422613229065,0.6690664189503019,1.0903100967407227,0.0608675479888916
Normalizer,88,1,63.216924755613505,90.82899041637569,80.41131456682153,0.23076354088060394,0.8851776202491088,0.9170193344950627,0.8554729834339682,0.6385588645935059,0.030809402465820312
Normalizer,91,1,65.23136625560242,91.73558584115442,82.74118611642525,0.26464255356726907,0.9002684775742261,0.9186946011281225,0.8825669608298499,0.7729768753051758,0.046184539794921875
Normalizer,94,1,68.91713622651773,92.49353115016103,71.40612189122712,0.23899291053617802,0.8177661659046375,0.9346073454762616,0.7268927078495123,0.36058950424194336,0.033933401107788086
Normalizer,97,1,54.665255779222434,88.81248421671314,84.90024596884395,0.19544361505057667,0.9157067663437333,0.9025563909774436,0.9292460133147546,0.8672423362731934,0.03365588188171387
Normalizer,100,1,67.79634088468123,93.22937799567048,64.23203060945613,0.18597642318504987,0.7603131724737878,0.9305166423848481,0.6427465551943026,0.44381237030029297,0.034948110580444336
Normalizer,103,1,74.69422060634638,95.19529736941172,61.48537851872096,0.24248173549976046,0.7308922518737767,0.9534188566446631,0.5925839913299272,1.1160686016082764,0.05990743637084961
Normalizer,106,1,66.40457422758507,92.35941378774032,68.83028149767696,0.20465557656878816,0.7985694101024373,0.9293936279547791,0.7000309645455953,0.7092609405517578,0.0754239559173584
Normalizer,109,1,66.94356549352854,92.54936104491568,69.54085815796665,0.21031171024547238,0.8041128394410757,0.9298780487804879,0.7083139804923363,0.6127629280090332,0.05533194541931152
Normalizer,112,1,68.81908783999945,93.11646884574385,88.9792292976223,0.41359661996125413,0.9385078723647593,0.9245849921129723,0.9528564793311658,0.7101099491119385,0.046654701232910156
Normalizer,115,1,61.95985297067686,90.0265254533365,72.21235310194042,0.18351224944795,0.826722338204593,0.9193594238605136,0.7510450534138412,0.7030489444732666,0.10228562355041504
Normalizer,118,1,63.86036278623956,92.60035040469542,49.32358567914731,0.1415952625621873,0.6145611391155226,0.9348616600790514,0.4577333952624245,1.0721435546875,0.07636189460754395
Normalizer,121,1,72.35074476220653,94.59333791287182,78.76468980595791,0.2834238647743945,0.8720144951408335,0.9315502375505895,0.8196315219074161,0.4673326015472412,0.07511568069458008
Normalizer,124,1,71.15162110570823,92.57155164776624,78.83301448483192,0.3173209718836682,0.8713989207139892,0.9394915861081274,0.8125096764204985,0.7316877841949463,0.08143782615661621
Normalizer,127,1,76.43974548152843,95.29463386558987,66.25444110412681,0.27285494570995367,0.7723858242315315,0.9543332194510876,0.6487072302213965,0.7895357608795166,0.07846808433532715
Normalizer,130,1,76.13394581132427,95.0754952214519,76.516807871003,0.28861023107367223,0.8552781169733462,0.9376788846828548,0.7861898126644992,0.6898736953735352,0.07337474822998047
Normalizer,133,1,63.66981277624548,91.9291330250642,79.62558075977043,0.20476474894051916,0.8804138594802695,0.9133799301048428,0.8497445424988388,1.0603361129760742,0.08646774291992188
Normalizer,136,1,73.84298623303326,94.02383752937884,70.64088548783822,0.25134873059780743,0.8109463680760263,0.9393537865660992,0.7134231305155597,0.6984157562255859,0.04572749137878418
Normalizer,139,1,68.55135626692304,92.97519906457691,79.14730800765236,0.2660127094269171,0.8753064226180749,0.9268039453192594,0.829230531041957,0.8737289905548096,0.06554293632507324
Normalizer,142,1,78.45523235034419,95.46203257488193,86.00027329871548,0.41928911390178847,0.9188096841938423,0.9411478204399708,0.8975073540795789,0.781125545501709,0.077728271484375
Normalizer,145,1,74.84208171864402,94.77353812683845,77.73298715496037,0.29931229490122696,0.8639418861937962,0.9376529225192569,0.8009753831862517,0.610253095626831,0.05659198760986328
Normalizer,148,1,70.79389769552047,92.87691969110536,80.8007652364034,0.30375566008203797,0.8859207534913933,0.9314495475499402,0.8446353924756154,0.6655569076538086,0.04648923873901367
Normalizer,151,1,67.60637664170218,92.4004554342539,85.67914730800766,0.3137232448751575,0.9187848729076256,0.9197827773467805,0.917789131444496,0.22516655921936035,0.05028724670410156
Normalizer,154,1,74.83411528723943,94.78055350851113,59.05985241869364,0.24810760785663893,0.7068779962821642,0.9602604997341839,0.5592971048149868,0.5542097091674805,0.0782167911529541
Normalizer,157,1,73.10202700620246,94.09013009794165,68.20852691992347,0.24320674691654154,0.791167362326646,0.9413649471323294,0.6823037621922898,0.8527553081512451,0.057117462158203125
Normalizer,160,1,70.94090719269627,93.74216920394187,81.98278218092375,0.29376690696340624,0.8944144144144144,0.9263498382682259,0.8646075243845797,0.35289502143859863,0.0548853874206543
Normalizer,163,1,74.60225067908421,94.6057332326536,75.59442470620388,0.2765357911302839,0.8487850309033952,0.9365657698056801,0.7760489239820406,0.717099666595459,0.07666444778442383
Normalizer,166,1,61.317135884069316,91.35204864945791,61.669855151680785,0.13251016966296905,0.741092855824257,0.9176,0.6215358414615265,0.6648654937744141,0.06795048713684082
Normalizer,169,1,77.53281376700278,95.1648500148256,72.69062585405848,0.3093941576106694,0.8246237549910053,0.9517877038387521,0.7274345873974299,0.8713667392730713,0.05418062210083008
Normalizer,172,1,60.71180650367203,91.23366736096439,81.78464061218912,0.18787566349514345,0.8955083483577644,0.906954588758336,0.8843474222015791,0.3265368938446045,0.08768320083618164
Normalizer,175,1,78.18096947505002,95.43241382487409,79.49576386990981,0.3354019881710494,0.8756268390733143,0.9422888234769423,0.8177736491716984,0.847658634185791,0.07154154777526855
Normalizer,178,1,76.75518327208013,94.7635926608042,81.15605356654824,0.371060117257144,0.886474026508603,0.9465541490857946,0.8335655674252981,0.6853921413421631,0.09512758255004883
Normalizer,181,1,78.95105484022889,95.60766444370203,82.52254714402842,0.374082826265545,0.896058512799675,0.9430379746835443,0.8535376993342623,0.219987154006958,0.06246447563171387
Normalizer,184,1,60.85183636156856,91.78220778833982,67.79857884667942,0.12055175959438647,0.7946494706113023,0.9089006279278381,0.7059142282087011,0.5076301097869873,0.08727836608886719
Normalizer,187,1,63.7310344411179,92.28726324836222,67.73025416780541,0.1702553974507673,0.7913592790564121,0.9215968721061838,0.6933735872426072,0.7971594333648682,0.0618748664855957
Normalizer,190,1,58.613471902378414,90.60298383506652,77.2410494670675,0.13860960578462042,0.8655608023570247,0.9042077746858925,0.8300820560458275,0.8286943435668945,0.09725642204284668
Normalizer,193,1,62.479941985634824,91.75918941439265,47.60863623940968,0.1539631699316682,0.5931663837011885,0.9426644182124789,0.4327295246942251,1.0322942733764648,0.0948634147644043
Normalizer,196,1,71.9973875692309,92.54177399694686,81.16288603443563,0.3388742257988851,0.8874739806538509,0.9386169386169386,0.8416163492800743,0.9407033920288086,0.09217548370361328
Normalizer,199,1,72.312295916519,94.03761925827885,76.14102213719596,0.2562483724748656,0.8536830637727311,0.9304895871392035,0.7885895649481344,0.765958309173584,0.0802297592163086
Normalizer,202,1,70.49849538983337,93.5557140495617,74.33725061492211,0.25208657804442114,0.8401838141434772,0.9328231292517006,0.7642823966558291,0.38275146484375,0.07830262184143066
Normalizer,205,1,67.19875939953293,93.57605279760746,57.09893413500956,0.17535704315552259,0.6939312698025835,0.9369487955772016,0.5510140888682459,0.8751950263977051,0.08594489097595215
Normalizer,208,1,78.3262847537823,95.60916067588113,86.92265646351463,0.3984606183442648,0.925368478515168,0.9322752985543683,0.9185632450843784,0.6432476043701172,0.08212423324584961
Normalizer,211,1,50.12099693580768,88.80464769744324,63.17983055479639,0.06585090545271105,0.7590862354150834,0.8983176383451487,0.6572224802601022,0.3490924835205078,0.07993435859680176
Normalizer,214,1,56.46213665097351,90.24594431282843,60.556162886034436,0.10097357127940694,0.7332871332871332,0.9093617508880486,0.6143365846106208,0.9632704257965088,0.09622383117675781
Normalizer,217,1,64.82533058437379,92.42325036085742,69.37687892866904,0.19057143227799694,0.8038168607196008,0.9248589846897664,0.7107911441399597,0.4521000385284424,0.08924341201782227
Normalizer,220,1,64.75168164698218,91.1008413352282,64.49166438917737,0.1865387869245913,0.7625748092649276,0.9303310667707057,0.6460752438457965,0.6564445495605469,0.0957040786743164
Normalizer,223,1,55.34854173752195,89.29500675904328,60.87728887674228,0.0937131316356891,0.7367598381757999,0.907063617840163,0.6202972596377149,0.8567190170288086,0.09073066711425781
Normalizer,226,1,58.04818420335957,89.55845710390993,85.83629406941787,0.25946331553878976,0.9207235458334927,0.9098329680296274,0.9318779996903546,0.5508072376251221,0.07886672019958496
Normalizer,229,1,57.27263994019049,90.02806062272506,73.78382071604264,0.11030717123373758,0.8415444972124716,0.9019208639461804,0.7887443876761109,0.5625033378601074,0.1064767837524414
Normalizer,232,1,65.86005872809974,92.35060761754679,59.681606996447115,0.16816885812589255,0.7197872643525334,0.9309667117061786,0.5867007276668215,1.0906007289886475,0.0983724594116211
Normalizer,235,1,48.412253723270325,88.08076350632939,59.41514074883848,0.03308712011434649,0.7279970693286931,0.8911434977578475,0.6153429323424678,0.5871155261993408,0.10456156730651855
Normalizer,238,1,63.74908282403143,92.18297631201932,70.6272205520634,0.18837923530976855,0.8140168721609344,0.922624301265078,0.7282861124013005,0.6068272590637207,0.0935204029083252
Normalizer,241,1,62.89779888581707,91.2159931232033,54.89887947526647,0.13515631847896897,0.6754830146010521,0.9255018186716961,0.5318160705991639,0.3699226379394531,0.09039926528930664
Normalizer,244,1,67.50492404764647,93.1815936436004,51.99508062312107,0.190097785198862,0.6388403413179808,0.950734394124847,0.4810342158228828,0.6827030181884766,0.08960795402526855
Normalizer,247,1,48.11736959609652,88.13101634445783,52.72615468707297,0.04557342432606004,0.6621087073301754,0.8968117475856595,0.5247716364762347,0.45566558837890625,0.09112977981567383
Normalizer,250,1,71.06498165828299,93.33822519892139,71.25580759770429,0.24585479243490208,0.8162159800795072,0.9367291687556403,0.723176962378077,0.8276240825653076,0.1127772331237793
Normalizer,253,1,64.284106644923,91.47475667965578,57.17409128177098,0.1584690081437175,0.6962295240864592,0.9309227579056506,0.556045827527481,0.4160726070404053,0.1022038459777832
Normalizer,256,1,82.7141528159803,96.03295383226985,80.47963924569555,0.4010964949347128,0.8806350532692709,0.956612507942271,0.8158383650719926,0.3633856773376465,0.13889455795288086
Normalizer,259,1,61.6243143597089,91.2654758710282,77.50751571467615,0.16009900945616687,0.8668177036977102,0.9078813559322034,0.8293079424059452,0.5064058303833008,0.1087806224822998
Normalizer,262,1,83.35059318372664,96.40839165542529,85.3238589778628,0.45782760603705824,0.9133311814073596,0.9538176302039441,0.8761418176188265,0.6030383110046387,0.0851283073425293
Normalizer,265,1,59.52308697054097,91.47986170205724,67.94889314020224,0.12390440881187811,0.7956970515221462,0.9095887682963258,0.7071528100325127,0.7599184513092041,0.09290361404418945
Normalizer,268,1,61.97704523256844,91.66274964259729,65.66001639792293,0.15635273626600124,0.7746996593150439,0.920234291799787,0.6689115962223254,0.9705352783203125,0.09077930450439453
Normalizer,271,1,78.07198076305076,95.40763816683638,66.41842033342444,0.2938264137048756,0.772443168665216,0.9609491994009907,0.6457655983898436,0.8696620464324951,0.12151837348937988
Normalizer,274,1,62.58182714610165,91.05224416751902,57.221918556982786,0.1568889714312737,0.6968479155570619,0.930316742081448,0.557052175259328,0.7388617992401123,0.12097406387329102
Normalizer,277,1,64.49540857790008,91.12557965568668,66.64389177370866,0.16650026200059737,0.7824614561981998,0.9218815623687526,0.6796717758166899,0.7478022575378418,0.10927176475524902
Normalizer,280,1,64.33501205148045,92.05647926347076,71.2831374692539,0.19017408604789035,0.8191402383923577,0.9221974614862901,0.7368013624400062,0.660106897354126,0.12018585205078125
Normalizer,283,1,66.45025053705822,93.04250837902097,57.73435364853785,0.2004444855233988,0.697978713016307,0.9450026441036489,0.5533364297878929,0.6940219402313232,0.11832737922668457
Normalizer,286,1,54.081813808637314,90.08301429647705,42.532112599070786,0.07267318474700762,0.5422585034013605,0.9129558365402236,0.38566341538937915,0.6492292881011963,0.11184096336364746
Normalizer,289,1,80.53229009129133,95.66256103951345,78.01311833834382,0.37083094544276884,0.8634125636672326,0.9557414019921068,0.7873509831243226,0.2353529930114746,0.09618163108825684
Normalizer,292,1,62.500184741904754,90.47594021355255,83.48592511615195,0.239717097824959,0.9057589581627481,0.9124833058370649,0.8991329927233318,0.6337099075317383,0.10837030410766602
Normalizer,295,1,76.8805013660988,94.1516426325649,80.28833014484832,0.36075919142399027,0.8805531403966381,0.9465064530485091,0.8231924446508747,0.6060373783111572,0.10390710830688477
Normalizer,298,1,72.02278282228315,92.81125492739261,76.28450396283138,0.2797378390177669,0.8538710899675831,0.9359483156437471,0.7850286422046756,0.8392000198364258,0.13215923309326172
Normalizer,301,1,80.49687596933175,95.59472071662807,83.8070511068598,0.4131000328437203,0.9039786078923913,0.9483168990139408,0.8636011766527326,0.5367343425750732,0.10328197479248047
Normalizer,304,1,68.40608379424185,92.97363344875687,86.21207980322492,0.30810857859842344,0.922354751827626,0.916921664626683,0.9278526087629664,0.9325292110443115,0.0995790958404541
Normalizer,307,1,82.17261121057135,95.36349849185301,76.79693905438644,0.3860970350032868,0.8535323039765376,0.9636735488897545,0.7659854466635702,0.4323158264160156,0.10398721694946289
Normalizer,310,1,74.53993408048368,94.04900336973319,85.3921836567368,0.39663045866001223,0.9152125634517766,0.9382826475849732,0.893249729060226,0.8072214126586914,0.10131478309631348
Normalizer,313,1,84.86684884922013,96.12204627540744,78.32057939327686,0.433804578903442,0.8633093525179856,0.9732880038853813,0.7756618671620994,0.8744945526123047,0.11291146278381348
Normalizer,316,1,84.53387409541803,96.24466600727877,84.10084722601803,0.4722801240094139,0.9044549373845207,0.9630147766022559,0.8526087629664034,0.6232273578643799,0.1397533416748047
Normalizer,319,1,80.17770729348423,95.10424113977533,83.93686799672041,0.43494782305352614,0.9043103097399161,0.9534803879495323,0.8599628425452857,0.8525724411010742,0.1268315315246582
Normalizer,322,1,80.15837698198774,95.0908531554384,82.19458868543317,0.4110348465833226,0.8926953800543523,0.9535538353272344,0.8391391856324508,0.7708470821380615,0.11150240898132324
Normalizer,325,1,77.26422832585443,94.57866217241101,80.50696911724515,0.3419425206564891,0.8827132579650565,0.9411764705882353,0.8310884037776746,0.40471339225769043,0.1438288688659668
Normalizer,328,1,75.2961570439565,94.54799947986068,75.40994807324407,0.30472539203150995,0.8462294381542406,0.9443120053399447,0.7666047375754761,0.95157790184021,0.11576032638549805
Normalizer,331,1,80.2670570398291,95.1776791388608,88.76059032522548,0.4913737335293841,0.9357045143638851,0.9449751322333623,0.9266140269391546,0.8281142711639404,0.1145012378692627
Normalizer,334,1,68.31919426936017,92.81332026043513,84.37414594151407,0.2720636135570938,0.9109943568787702,0.9160209751897942,0.9060226041182846,0.846881628036499,0.10552048683166504
Normalizer,337,1,73.4333976595634,93.99824921733367,87.04564088548784,0.36366863286142087,0.9268123214699298,0.9243147520788421,0.9293234246787428,0.6573917865753174,0.10449671745300293
Normalizer,340,1,78.45991172761437,95.43490850826777,86.86799672041542,0.4167643371676186,0.9246510898541634,0.9366957903097697,0.9129122155132373,0.6149060726165771,0.12554073333740234
Normalizer,343,1,75.96286579573025,93.87101624780449,78.50505602623667,0.360415603900654,0.8674810446503791,0.9514877102199224,0.79710481498684,0.6052730083465576,0.11287283897399902
Normalizer,346,1,69.80646573235927,92.38133305372513,78.52555342989888,0.2643873863758199,0.8708975148901211,0.9277150608208629,0.820637869639263,1.0396921634674072,0.145751953125
Normalizer,349,1,76.59012088609067,94.6174222618237,64.6078163432632,0.2741961013867798,0.75751334144743,0.9581951681667457,0.626335346028797,0.46048617362976074,0.13943147659301758
Normalizer,1,3,73.61464523876855,95.07306900623863,61.07543044547691,0.29383877428589494,0.7227332457293035,0.9732599292174597,0.5747793776126335,0.7051098346710205,0.012865066528320312
Normalizer,4,3,69.91262023318573,93.83888816545839,60.73380705110686,0.22799633953623977,0.724905461682064,0.9497052552364229,0.5861588481189038,0.8685736656188965,0.013609647750854492
Normalizer,7,3,31.228954067034454,82.866218373884,16.82836840666849,0.02172407716904889,0.11962103131554205,0.9097909790979097,0.06401919801826908,0.8776180744171143,0.029039621353149414
Normalizer,10,3,48.97649605346232,86.90810476205581,77.11123257720689,0.10559826999207456,0.8655806115079047,0.8985338220593135,0.8349589719770862,0.5543193817138672,0.025629520416259766
Normalizer,13,3,48.191734971606515,85.77523784950665,56.203880841760046,0.07875134657920475,0.6938872970391595,0.9056345051109449,0.5623935593745162,0.4921302795410156,0.030101776123046875
Normalizer,16,3,39.843424026288496,84.82855525356007,13.248155233670403,0.02098100489731279,0.03613451757382525,0.9333333333333333,0.018423904629199565,0.8632814884185791,0.04277634620666504
Normalizer,19,3,50.11609226353172,88.49444974386546,49.72670128450396,0.10734623476989315,0.6231691078561917,0.9207021791767555,0.47097073850441246,0.48825955390930176,0.016976356506347656
Normalizer,22,3,41.65682803376397,83.47546557129797,69.97813610276032,0.02909919145872041,0.8161660112124508,0.8880189366351056,0.7550704443412293,0.5143604278564453,0.04973435401916504
Normalizer,25,3,38.82236903646373,83.25352067521438,13.213992894233398,0.018896859214676896,0.03553530751708428,0.9285714285714286,0.018114259173246633,0.7267959117889404,0.046338796615600586
Normalizer,28,3,52.91329647867511,88.90619676126285,58.42443290516535,0.07570688939556602,0.7154813671856736,0.903412445389066,0.5922743458739743,0.42977428436279297,0.018351316452026367
Normalizer,31,3,57.405818576961046,88.77374903508164,61.93632139928942,0.124585056434045,0.7440856263493959,0.9150378488306407,0.6269546369407029,0.7979273796081543,0.039388418197631836
Normalizer,34,3,59.67889649064277,90.61239982429102,78.09510795299262,0.19647664384260585,0.8699074825515338,0.9141224629029507,0.8297724105898746,0.7096855640411377,0.02674126625061035
Normalizer,37,3,57.20624775493527,88.91837914341562,75.19130910084722,0.17014251269751174,0.8497786603781391,0.9126455167510886,0.7950147081591578,0.9077951908111572,0.03070235252380371
Normalizer,40,3,51.98709519218655,88.73464765778678,65.4755397649631,0.07424655900964354,0.7780559581850924,0.899279114630927,0.6856324508437839,0.9388158321380615,0.020762205123901367
Normalizer,43,3,57.801229335716776,89.09911520319946,78.30008198961464,0.17965472466376703,0.87184246630619,0.9105697909642616,0.8362749651648862,0.7509377002716064,0.01984715461730957
Normalizer,46,3,65.01431028817754,91.67252967306953,74.97267012845039,0.18917438444228515,0.8474703310430981,0.9170045958367127,0.7877380399442638,0.42716526985168457,0.022242307662963867
Normalizer,49,3,58.90238120599876,89.57616010536252,56.85296529106313,0.17676638874446704,0.6913338872867687,0.9378066569420501,0.5474531661247871,0.7382035255432129,0.033403873443603516
Normalizer,52,3,59.30912880944567,89.89346254536574,63.82208253621208,0.15581236507135995,0.7587369572151091,0.9221397718462732,0.6445270165660318,0.7390549182891846,0.047883033752441406
Normalizer,55,3,59.812446864172884,89.62690910299773,77.07023776988248,0.1714841226693636,0.8633661753928833,0.9105977327378908,0.8207926923672395,0.9409866333007812,0.02742743492126465
Normalizer,58,3,53.2157955770445,89.01044382815383,48.05274665209073,0.0851961705120466,0.6069379103551672,0.9136186770428015,0.45440470661093046,0.4677276611328125,0.046575069427490234
Normalizer,61,3,53.9721965235719,88.56227980135995,50.63541951352829,0.08827360979171335,0.6353772394650518,0.9127156734812237,0.48730453630592974,0.864966630935669,0.058293819427490234
Normalizer,64,3,59.087889113763346,90.52621606388023,50.7515714676141,0.13339971867961864,0.6315305183519068,0.9297110174593618,0.4781699953553182,1.0106768608093262,0.051303863525390625
Normalizer,67,3,61.44188398172334,92.1453587706094,59.33315113418966,0.12776307598592118,0.7198003954429903,0.9184286400768861,0.5918098776900449,0.7703509330749512,0.038655996322631836
Normalizer,70,3,68.34578358594311,92.69335670146053,77.76031702650997,0.24175431799876906,0.8660989756880167,0.924150645246247,0.8149094287041337,0.3036527633666992,0.05965542793273926
Normalizer,73,3,59.79342745978439,90.46177338962357,65.87182290243236,0.14903675512230416,0.7769591426657736,0.9180120291231403,0.6734788666976312,0.6217515468597412,0.04390740394592285
Normalizer,76,3,51.89678794206709,89.14502481254354,50.56709483465428,0.08124762940246584,0.6354245401864449,0.9102064385736971,0.48807864994581207,0.8350694179534912,0.031004905700683594
Normalizer,79,3,57.80170696112904,89.41031210131543,75.0204974036622,0.16542864856261447,0.8486880225146924,0.9118641053006048,0.7936987149713578,0.8958375453948975,0.04838299751281738
Normalizer,82,3,53.27454350275337,88.95219388933565,65.5575293796119,0.09612389651060807,0.777468767933607,0.9045711350796096,0.681684471280384,0.6090223789215088,0.0422365665435791
Normalizer,85,3,56.973184577349265,89.66859907191693,55.27466520907352,0.10487580798415351,0.6822330097087379,0.9147357458995053,0.5439696547453167,0.5317745208740234,0.05254769325256348
Normalizer,88,3,57.59399848349426,90.69615382388604,45.299262093468165,0.1149799581718408,0.5706317708891988,0.9287709497206704,0.41182845641740207,0.666156530380249,0.06079363822937012
Normalizer,91,3,56.79705795362564,89.38182084442653,55.506969117245156,0.11048321181904777,0.6840368753032509,0.9164066562662506,0.5456727047530577,0.45597362518310547,0.032134294509887695
Normalizer,94,3,51.68926871223718,89.16606461934438,59.872916097294336,0.04749783850445638,0.7310774302852695,0.8948548369016927,0.6179749187180679,0.28868579864501953,0.0508570671081543
Normalizer,97,3,62.74412966827023,91.69942163478977,70.27876468980597,0.16714591001679677,0.8122734334541688,0.9177881802223522,0.7285183464932652,0.6606066226959229,0.042549848556518555
Normalizer,100,3,63.44743308783386,91.55066796290825,67.35446843399836,0.17765335599405815,0.7877953455320661,0.9240466763909148,0.6865613872116426,1.1241295337677002,0.07052350044250488
Normalizer,103,3,66.51872670111698,92.63169454533246,48.38753757857338,0.17520713008373978,0.5996396014415942,0.9507563025210084,0.43791608608143673,0.39537572860717773,0.08093738555908203
Normalizer,106,3,71.5797266757037,93.86337887044434,74.69253894506696,0.24721675008199245,0.8431040325313454,0.9309635173058933,0.7703978944108996,0.8755428791046143,0.052027225494384766
Normalizer,109,3,71.41114743467391,94.09699304733695,76.42798578846678,0.23813911345290162,0.8564772443630918,0.9257194244604317,0.7968725808948753,0.7999646663665771,0.050383567810058594
Normalizer,112,3,58.377624078520896,89.54126733147565,86.8065045094288,0.31274228292263156,0.9261200596855033,0.9155760647552765,0.9369097383495897,0.3284792900085449,0.07514023780822754
Normalizer,115,3,69.32756515035918,93.27257469246614,70.42224651544137,0.215472707081581,0.8110184659711005,0.9299229152067274,0.7190741600867008,0.7164442539215088,0.053209543228149414
Normalizer,118,3,67.60412594459437,93.71138835574983,64.02705657283411,0.1784842103172785,0.7590058131551243,0.9285474297233732,0.6418176188264437,0.4130382537841797,0.04602479934692383
Normalizer,121,3,68.3556334835961,93.97018395735273,58.533752391363755,0.19932297910228983,0.7060020345879959,0.9433009708737864,0.5640966093822574,0.7326641082763672,0.057091712951660156
Normalizer,124,3,76.44528773867077,94.74705499695526,80.08335610822628,0.33117123047846947,0.8800065862594163,0.9396923076923077,0.8274500696702276,0.30159616470336914,0.039240121841430664
Normalizer,127,3,72.26495017105297,93.88960379088249,60.03006285870457,0.24089814105645638,0.7170358904904711,0.9556472408457968,0.5737730298807865,0.8145699501037598,0.04657697677612305
Normalizer,130,3,54.41319347379846,87.8419761193953,82.74118611642525,0.21676843279316937,0.9012818508675942,0.9101026045777427,0.8926304381483202,0.8677713871002197,0.043697357177734375
Normalizer,133,3,76.13454734898971,94.81508422477236,78.36840666848866,0.31889862351609816,0.867940268624343,0.941027496382055,0.805387830933581,0.734722375869751,0.04880666732788086
Normalizer,136,3,73.6540448293805,94.34876478225118,71.98004919376879,0.27222417116259384,0.8207369847445032,0.9426649261974094,0.7267378851215358,0.28403592109680176,0.0432281494140625
Normalizer,139,3,77.66671109484182,95.35613467551327,78.19759497130363,0.3201970672795064,0.8666360178877419,0.9417749114360977,0.8026010218300046,1.0727014541625977,0.0708322525024414
Normalizer,142,3,67.09891991771866,93.60435169178123,77.62366766876195,0.2198997745974397,0.8658171835948704,0.9196622856645487,0.8179284718996749,0.5857043266296387,0.07832598686218262
Normalizer,145,3,72.09120716849058,93.32567025923669,70.05329324952173,0.24378296132279814,0.8065327742220261,0.9382766765944336,0.707230221396501,0.5510599613189697,0.048662662506103516
Normalizer,148,3,70.14638407823972,94.10478043725202,76.87892866903525,0.22810441956788804,0.8601421722598777,0.9226813264763256,0.8055426536615575,0.46839404106140137,0.06769609451293945
Normalizer,151,3,65.5406670101965,92.40407831535198,71.82290243235857,0.18825374549708457,0.8234740176354765,0.9210072769054002,0.7446199102028178,0.4053795337677002,0.0695946216583252
Normalizer,154,3,78.83329764660442,95.24413169160364,85.11205247335337,0.4302516113134963,0.9125426449929761,0.9475702258898058,0.8800123858182382,0.6038665771484375,0.0687410831451416
Normalizer,157,3,76.16981502919553,95.13757012894386,66.89669308554251,0.2916449754746849,0.7768206734534064,0.9591627801160277,0.6527326211487846,0.6035137176513672,0.06604290008544922
Normalizer,160,3,77.43517541739506,95.23965192104981,80.69827821809238,0.3644079349959769,0.8833945597886655,0.9462375099478292,0.8283790060380863,0.856454610824585,0.05270719528198242
Normalizer,163,3,74.77232362600236,94.5618760041257,77.01557802678327,0.2732746218005227,0.8595641646489104,0.9328561072852483,0.7969499922588636,0.99298095703125,0.09141826629638672
Normalizer,166,3,71.97253302419256,93.81845099532593,63.336977316206614,0.21381907223754051,0.7503024662633783,0.9405039664022399,0.6240904164731382,0.23946738243103027,0.0528714656829834
Normalizer,169,3,61.69671966866856,91.3867135090233,84.39464334517628,0.2372795820954728,0.9117669782894229,0.9100092535471931,0.9135315064251432,0.6114554405212402,0.06298089027404785
Normalizer,172,3,60.88718064207633,90.81937255440111,80.8690899152774,0.21189052876772976,0.8887918023671459,0.9126427406199021,0.8661557516643443,0.7975516319274902,0.07894539833068848
Normalizer,175,3,67.6388101107352,92.53671850789598,83.00765236403389,0.30484465771768215,0.901156551806367,0.9259985297721147,0.8776126335346028,0.605867862701416,0.08920836448669434
Normalizer,178,3,64.93883195533896,92.60969585210559,80.50696911724515,0.2046259921567718,0.886492938134076,0.911926004747483,0.8624400061929092,0.8813869953155518,0.0901796817779541
Normalizer,181,3,71.52365750761362,93.49893290008266,82.83000819896147,0.30883057340877457,0.8998525485195075,0.9273100616016428,0.8739742994271559,0.7163076400756836,0.09345507621765137
Normalizer,184,3,72.24743799025319,94.20156275519611,68.84394643345176,0.22442837842112226,0.7975852272727273,0.9348595213319459,0.6954636940702895,0.30924320220947266,0.05415010452270508
Normalizer,187,3,66.78993007023257,92.50890331269058,79.4001093194862,0.23221509793022352,0.8780882293477822,0.9191568610852451,0.8405325901842391,0.7345113754272461,0.08092617988586426
Normalizer,190,3,66.57712992546702,91.1638424600896,82.69335884121345,0.304833239557057,0.8990152693059044,0.9268392930538429,0.8728131289673324,0.46180057525634766,0.07721161842346191
Normalizer,193,3,74.59024921412596,94.59780490310207,81.72998086908991,0.328957388924194,0.8917408906882591,0.9347309455101002,0.8525313516024152,0.6804831027984619,0.07693290710449219
Normalizer,196,3,68.65645638712242,91.67641156797114,82.48155233670403,0.34031191492893265,0.8966712339808173,0.9351882985877606,0.8612014243690974,0.7459263801574707,0.08954071998596191
Normalizer,199,3,73.81339148107314,94.43083358426583,85.82946160153048,0.3771800663627413,0.9185516808042727,0.9321696158138052,0.9053259018423905,0.7423031330108643,0.09493041038513184
Normalizer,202,3,77.74851796439293,95.18393544460642,84.43563815250069,0.4024649292613292,0.908580142868609,0.9433333333333334,0.8762966403468029,0.4896128177642822,0.06396293640136719
Normalizer,205,3,68.34693259047262,93.01441817987529,84.68160699644712,0.2971705627478914,0.9125380354217055,0.9197860962566845,0.9054033132063787,0.8060426712036133,0.08321619033813477
Normalizer,208,3,75.61049314192991,94.55689867569195,79.43427165892321,0.32823633239255334,0.8754139072847682,0.9406689201209749,0.818625174175569,0.6728725433349609,0.07825684547424316
Normalizer,211,3,67.322340469057,92.58491526523713,90.66684886581034,0.45261511520031017,0.9488925471415743,0.9182476466328747,0.9816535067347887,0.3716163635253906,0.09799051284790039
Normalizer,214,3,67.51007654442883,92.66680961469706,76.29816889860618,0.2218083245455113,0.8560998879993363,0.9222450621145768,0.7988078649945812,0.5800535678863525,0.09879517555236816
Normalizer,217,3,67.72018441387522,92.1110916980459,87.4555889587319,0.37788689778225826,0.9292321924144311,0.9253800092123445,0.9331165815141663,0.9783098697662354,0.1091616153717041
Normalizer,220,3,73.24479645136935,94.30718265720385,79.31811970483739,0.2809952961236777,0.8760696008188331,0.9297818719040584,0.8282241833101099,0.7986249923706055,0.08826780319213867
Normalizer,223,3,59.13447561505988,91.01809960523369,48.080076523640344,0.11523366849099066,0.603537329785569,0.9255880940950552,0.4477473293079424,1.003145694732666,0.09474682807922363
Normalizer,226,3,75.86923995017555,93.69793358187216,89.77862804044821,0.47432394154579455,0.9426688127538898,0.9334395871281117,0.9520823656912835,0.4814722537994385,0.08297467231750488
Normalizer,229,3,68.63410486959835,93.00671426719663,88.36430718775622,0.3957780241810746,0.934823376325156,0.9244568919839528,0.9454249883882954,0.5465083122253418,0.0897667407989502
Normalizer,232,3,76.31407142140061,94.7695407038787,88.27548510522001,0.440988371189983,0.9334574220567706,0.9351981351981352,0.931723176962378,1.1699182987213135,0.08544063568115234
Normalizer,235,3,78.98451114858818,95.39824026556491,79.35228204427439,0.36158770581602334,0.8737044466733533,0.9494096276112625,0.8091809877690045,0.5246632099151611,0.11476635932922363
Normalizer,238,3,70.23583520733719,93.5854299314187,69.18556982782181,0.22246155340653426,0.8005307386112339,0.933759801898473,0.700572844093513,0.664686918258667,0.10153460502624512
Normalizer,241,3,72.67397550700838,94.28185689253954,87.48291883028149,0.3946925527599995,0.929113140380746,0.9288256227758007,0.929400836042731,0.5993657112121582,0.10029888153076172
Normalizer,244,3,53.50214102349899,88.26898663675114,88.37797212353102,0.2842558096472355,0.9365416899832121,0.9038669259019226,0.9716674407803065,0.864016056060791,0.08606791496276855
Normalizer,247,3,62.70629813089855,91.36707534612532,58.91637059305821,0.14617730634697015,0.7143060768755642,0.9247139869602657,0.5819012230995511,0.40594482421875,0.10645484924316406
Normalizer,250,3,64.0216199395813,92.5622577941098,42.6687619568188,0.13288447871448553,0.5352019055004709,0.9407984420642649,0.37397429942715593,0.5372054576873779,0.10492420196533203
Normalizer,253,3,75.43108622292203,94.84931476499695,82.70019130910084,0.3368397614571409,0.898272398553636,0.9337621115937187,0.865381638024462,0.2309262752532959,0.09211564064025879
Normalizer,256,3,56.33295925350572,90.83252081711575,50.53976496310467,0.11379651176519705,0.6314342446922254,0.9223560910307899,0.48002786809103576,0.8204691410064697,0.1260838508605957
Normalizer,259,3,62.82202091062079,90.23557813902814,85.85679147308008,0.27328536964928507,0.9206349206349206,0.9120328167730173,0.929400836042731,1.0023701190948486,0.08623886108398438
Normalizer,262,3,64.73389685922541,92.91372770832507,49.86335064225198,0.17241125164672133,0.6170146137787056,0.9469721243191285,0.45757857253444806,0.5866351127624512,0.0925447940826416
Normalizer,265,3,73.35064229803791,94.16423487932369,67.80541131456683,0.24688276585765745,0.7875180375180375,0.9431842730611363,0.6759560303452546,0.3858299255371094,0.09526467323303223
Normalizer,268,3,60.09041133641213,91.40378850574788,83.18529652910631,0.18377376892922712,0.9048300398313933,0.904025963990418,0.9056355472983434,0.7791421413421631,0.08139705657958984
Normalizer,271,3,63.74007327675004,92.42109856485217,73.39437004646078,0.16624108746158572,0.836510202367957,0.9139449541284403,0.7711720080507819,0.3135981559753418,0.08799004554748535
Normalizer,274,3,72.51340325048426,93.06418887339689,77.45968843946433,0.29429112926196993,0.8620992350457719,0.9370286233530214,0.7982659854466636,0.48540759086608887,0.10368990898132324
Normalizer,277,3,64.2699108066084,92.42244221279819,71.92538945066958,0.2061462044012913,0.8234586466165413,0.9252679347301342,0.7418331010992414,0.8213257789611816,0.12955355644226074
Normalizer,280,3,66.79254123934963,93.33760281351078,54.33861710849959,0.18253268382082705,0.6648949506092363,0.9437722419928826,0.5132373432419879,0.781745433807373,0.09946084022521973
Normalizer,283,3,71.42164618194357,93.25648121937947,79.94670675047827,0.27073459512445547,0.8808412163533759,0.9261504311448817,0.8397584765443568,0.5241093635559082,0.09810376167297363
Normalizer,286,3,76.14346903121886,94.63802521906035,77.42552610002733,0.316842109591005,0.8610246487759737,0.9427966101694916,0.7923053104195696,1.157499074935913,0.12088704109191895
Normalizer,289,3,68.63197583179367,92.56369234383769,75.16397922929762,0.2423445492847366,0.8468764480390918,0.9289344792533037,0.7781390308097229,1.2066576480865479,0.12401986122131348
Normalizer,292,3,54.8577207967657,90.4304127259561,46.57010112052473,0.07261840473681509,0.5913888598599645,0.909807073954984,0.43807090880941324,0.6693265438079834,0.09407854080200195
Normalizer,295,3,78.45409461056497,95.15783759864888,87.03197594971303,0.4302786765560528,0.9254692531218095,0.9391138029964935,0.9122155132373433,0.7193045616149902,0.11164236068725586
Normalizer,298,3,73.9436728240693,93.62852081052225,81.88712763050013,0.33367308082962793,0.8927111578776964,0.9353744381307777,0.853769933426227,0.5356693267822266,0.11681842803955078
Normalizer,301,3,79.79922294851325,95.0191133949911,76.30500136649357,0.35463969251663724,0.8510437247659136,0.9559050559629486,0.766914383031429,0.4900329113006592,0.0986018180847168
Normalizer,304,3,79.24634449841311,95.3597025835133,87.5717409128177,0.45665708542450456,0.9285237140948563,0.942861702976618,0.9146152655209785,0.7471625804901123,0.11185598373413086
Normalizer,307,3,74.59786193237149,94.31167138513158,79.379611915824,0.2946577697174383,0.8760880275907375,0.9327679664276971,0.8259018423904629,0.9485592842102051,0.09968137741088867
Normalizer,310,3,80.36924409560366,95.18141127381791,75.50560262366767,0.3458197641800181,0.8452273021629323,0.9554904831625183,0.7577798420808175,0.9065747261047363,0.10146784782409668
Normalizer,313,3,76.20948947971453,94.84471905441112,78.06777808144302,0.2922711995359425,0.8666500498504487,0.9351802044109736,0.8074779377612633,0.6863057613372803,0.10805630683898926
Normalizer,316,3,74.98419555534409,94.24328678444903,72.49248428532385,0.26310672794278556,0.8252755837166913,0.9391544843935203,0.7360272488001238,0.46469831466674805,0.12247371673583984
Normalizer,319,3,75.42939876332866,93.86982415619237,81.19704837387263,0.3582989806455404,0.8871483638153038,0.9432333449598884,0.8373587242607214,0.18571972846984863,0.11522197723388672
Normalizer,322,3,73.58609585563529,94.14246711785603,80.8759223831648,0.2949744526865934,0.8866939238149213,0.9293169282986847,0.847809258399133,0.7870960235595703,0.1368117332458496
Normalizer,325,3,62.71312907547401,89.89805539899945,76.68078710030063,0.23447290510422783,0.8584698320547377,0.9244440475127266,0.8012850286422046,0.7136297225952148,0.10982823371887207
Normalizer,328,3,73.42345764390808,94.09577788160092,67.04017491117791,0.23562399320809282,0.78164041281912,0.9411379986919556,0.6683697166744078,0.804889440536499,0.1244649887084961
Normalizer,331,3,64.24892682976943,90.88715067329878,85.06422519814157,0.28748745817241605,0.9152384645211322,0.9168738346799254,0.9136089177891314,0.9831135272979736,0.13068771362304688
Normalizer,334,3,74.13286430517849,92.83196259244733,84.40147581306367,0.39207469427966823,0.9085959082355767,0.94095696160544,0.8783867471744852,0.6127567291259766,0.1112060546875
Normalizer,337,3,72.74617805046285,93.25325205917272,76.57830008198961,0.27514283895455743,0.8562442338337667,0.934205710102489,0.7902926149558755,0.2510805130004883,0.10764050483703613
Normalizer,340,3,74.91817510684842,94.1163827189132,77.39136376059032,0.32431339793072766,0.8604915890214596,0.9448199240811036,0.7899829694999226,0.7294280529022217,0.12916827201843262
Normalizer,343,3,78.90546864875807,95.22463864664799,74.14594151407489,0.332130136994405,0.8351629203694023,0.9549711097828253,0.7420653351912061,0.9600589275360107,0.1223142147064209
Normalizer,346,3,67.55936883874483,92.0835314217889,78.34107679693906,0.2369918279991085,0.8704324368511404,0.9220644267405611,0.8242762037467101,0.8990716934204102,0.12547636032104492
Normalizer,349,3,69.87581604104045,93.0150647665255,82.75485105220005,0.3028543217996957,0.8994822779769016,0.92626312335958,0.8742065335191206,0.6406834125518799,0.1305248737335205
Normalizer,1,5,74.76705622876707,95.13307719132476,58.96419786827002,0.27590128410950093,0.7034366976101126,0.9712298881919825,0.551401145688187,0.46175098419189453,0.02333688735961914
Normalizer,4,5,76.97491574417373,95.14959309785964,83.19212899699372,0.38073609933820474,0.9005498059508409,0.9424606532408191,0.8622077721009445,1.038346529006958,0.013441324234008789
Normalizer,7,5,57.35426657373698,90.2853487453503,55.568461328231756,0.11514780850370382,0.6842130821152819,0.9179153094462541,0.5453630592971048,0.640916109085083,0.014158010482788086
Normalizer,10,5,38.97264531122342,82.88921036579784,83.45859524460235,0.04575413936071987,0.9086035712937446,0.8867437919092181,0.9315683542344017,0.7627575397491455,0.029844999313354492
Normalizer,13,5,45.83209871670162,85.60111363731234,74.15277398196228,0.025625303128508664,0.8470340867736849,0.8866503005163803,0.8108066264127574,1.0341248512268066,0.01587700843811035
Normalizer,16,5,53.772742854949115,89.22750017539778,54.099480732440554,0.08258863217055748,0.672484399375975,0.9082170134316566,0.5339061774268462,0.8825762271881104,0.018839120864868164
Normalizer,19,5,53.05547114502672,89.39725686284088,62.674227931128726,0.0916141185284306,0.752973095184264,0.9052952049581385,0.6445270165660318,0.7903940677642822,0.017413854598999023
Normalizer,22,5,55.16633665454219,90.39234793455344,54.365946980049195,0.09589776611675586,0.6738928763243982,0.9124685971175459,0.5342158228827992,0.8223226070404053,0.03265714645385742
Normalizer,25,5,66.51682971716826,92.1725581052521,62.414594151407485,0.17268862493053136,0.7449107349872478,0.9288770671909333,0.6217680755534912,0.7836384773254395,0.03788495063781738
Normalizer,28,5,61.25589394264638,92.0372155794868,78.58021317299809,0.17190369554798238,0.8740204942736588,0.9087490599147656,0.841848583372039,0.7344300746917725,0.032230377197265625
Normalizer,31,5,51.35057371823814,89.40282989630953,34.5996173817983,0.10101540677412324,0.4283325370281892,0.9372713016204913,0.27759715126180523,0.8638849258422852,0.0244290828704834
Normalizer,34,5,50.13491340831512,88.28469561971842,64.27985788466795,0.05423855198875052,0.76920360233092,0.8950071912882679,0.67440780306549,1.0624756813049316,0.040865421295166016
Normalizer,37,5,42.56831305047456,85.687650347043,12.558075977042908,0.019454466861025616,0.01946061906221269,0.9477611940298507,0.009831243226505651,1.0720593929290771,0.04018592834472656
Normalizer,40,5,62.729715293800005,91.49400225988038,69.05575293796119,0.16228060342370484,0.8026837450442208,0.9179870453413055,0.7131134850596067,0.93780517578125,0.04549098014831543
Normalizer,43,5,55.49388855755504,89.79930796881791,47.991254441104125,0.13366479709613308,0.6002100840336134,0.9333551127082653,0.4423285338287661,0.6227977275848389,0.02193593978881836
Normalizer,46,5,51.80519651041466,89.16124735299036,29.509428805684614,0.09453946849232159,0.3491262380922339,0.9434026593931129,0.21419724415544203,0.29529643058776855,0.05005621910095215
Normalizer,49,5,58.23643620429464,89.55306474504899,80.97157693358841,0.13844928296904155,0.8911131094342574,0.9002290860257525,0.8821799040099086,0.801825761795044,0.048003435134887695
Normalizer,52,5,49.34260043786535,88.34663230144699,28.51872096201148,0.06901424441350475,0.3374287523749208,0.9275766016713092,0.20622387366465397,0.5972428321838379,0.02374887466430664
Normalizer,55,5,55.03215545499588,89.55546740246079,64.0338890407215,0.1125704925898819,0.763458254695785,0.9099185946872322,0.6576095370800433,0.7871389389038086,0.025430917739868164
Normalizer,58,5,54.23509777172425,89.62386607774923,45.37441924022957,0.08276427489050167,0.5758845684579067,0.9148828585875611,0.4201888837281313,0.6599950790405273,0.030396699905395508
Normalizer,61,5,62.42096651197011,91.3607889968072,78.83301448483192,0.18811645791615914,0.8753420247867375,0.9114295290765879,0.8420034061000155,0.7200312614440918,0.027655839920043945
Normalizer,64,5,61.079623130119046,91.0421651501631,73.27821809237497,0.15917488489558868,0.8359135724774491,0.9125217550609142,0.7711720080507819,0.37105464935302734,0.026720046997070312
Normalizer,67,5,57.125465977660475,90.7675378774916,40.75567094834655,0.11416632521536135,0.5130019657399607,0.9345201555146306,0.35353769933426227,0.37058019638061523,0.046972036361694336
Normalizer,70,5,65.08688682134161,91.65281954172472,81.61382891500409,0.23552385514973884,0.8933031997145237,0.9156303340648623,0.8720390153274501,0.5461945533752441,0.028359413146972656
Normalizer,73,5,61.78690976538499,91.01321560775062,66.66438917737086,0.1761052127425157,0.7820610175548309,0.9244904424965678,0.6776590803529958,0.9563779830932617,0.030617713928222656
Normalizer,76,5,67.8615750536067,93.77183012003246,76.40065591691719,0.2083789766670148,0.8573198942498348,0.9191319751992915,0.8032977241058987,0.5430154800415039,0.03762984275817871
Normalizer,79,5,55.92291333117411,89.4875222311076,68.62530746105493,0.09533389924419443,0.8026134800550206,0.9023777305238739,0.7227124941941477,0.8692822456359863,0.0740962028503418
Normalizer,82,5,62.302938964338686,90.76245860784209,65.4072150860891,0.15451807365126657,0.7726435852530423,0.9200085552347342,0.6659699643907726,1.154801368713379,0.0660104751586914
Normalizer,85,5,58.24875533521103,90.95215395596362,80.86225744739,0.1528081507774364,0.8900835851351881,0.9025865499403104,0.8779222789905559,0.6251881122589111,0.07820725440979004
Normalizer,88,5,57.762000969309234,90.53029573590273,88.2618201694452,0.3013852597099273,0.9355830521184851,0.9072134962187318,0.9657841771172008,1.0055515766143799,0.03816413879394531
Normalizer,91,5,61.161017709809585,91.44450579307986,73.46269472533479,0.18163507663393316,0.8364080532389858,0.9173133776792314,0.7686174330391702,0.6615338325500488,0.05069231986999512
Normalizer,94,5,59.59381608465757,91.10668335930143,71.20114785460508,0.12931673898196513,0.8212695585803332,0.9080168776371308,0.7496516488620529,0.41096949577331543,0.07663416862487793
Normalizer,97,5,56.596527374875215,90.26605048044722,68.44083082809512,0.11923062221375673,0.7999306969290076,0.9080538892713148,0.7148165350673479,0.9843158721923828,0.06466555595397949
Normalizer,100,5,64.86331081644927,91.60612981584654,75.1298168898606,0.21671684942998362,0.847609478355522,0.9229576951130561,0.7836352376528875,1.05983304977417,0.035997867584228516
Normalizer,103,5,70.05250139637845,93.12974947909977,83.39027056572834,0.3085562766436842,0.9036655438874579,0.9257124299748315,0.8826443721938381,0.33749866485595703,0.04128670692443848
Normalizer,106,5,72.30259921946995,93.70303382210041,69.93030882754852,0.24165321126522998,0.8056352956763679,0.9378920308483291,0.7060690509366775,0.7675960063934326,0.07313013076782227
Normalizer,109,5,63.75288805667918,91.67709301143037,84.13500956545505,0.26366036919256397,0.9095794392523364,0.9151386929948284,0.9040873200185787,0.44429540634155273,0.054383277893066406
Normalizer,112,5,68.33216675579337,93.0419013892795,78.62804044820989,0.26106179590745504,0.871740200098409,0.9267654751525719,0.8228827991949218,1.032339334487915,0.06005358695983887
Normalizer,115,5,70.91412862830848,93.40328670148644,87.4555889587319,0.3552097612973887,0.9296174193053746,0.9207928311057109,0.9386127883573309,0.7228121757507324,0.07583785057067871
Normalizer,118,5,70.03594897230332,93.45115953851003,77.82180923749658,0.28003812901602626,0.8652664784990869,0.93279040630034,0.8068586468493575,0.3547079563140869,0.04233980178833008
Normalizer,121,5,72.24407208286677,93.73922304775934,83.39027056572834,0.3159298455144034,0.9034972807748799,0.927238653955838,0.8809413221860969,0.9935426712036133,0.05848407745361328
Normalizer,124,5,68.76428708279197,92.76413394678723,74.99316753211261,0.22553358378811036,0.8462443286842547,0.9252250597097189,0.7796872580894876,0.9804842472076416,0.07462143898010254
Normalizer,127,5,64.87302779004884,92.29928182185778,84.98906805138016,0.2790193615681183,0.9149010342022699,0.9155748507636251,0.9142282087010373,0.3255023956298828,0.054280996322631836
Normalizer,130,5,68.45157536181026,92.85368813412306,65.74883848045914,0.21993399958552057,0.7714194519173773,0.9385332297792078,0.6548227279764669,0.7589685916900635,0.05010080337524414
Normalizer,133,5,68.750312033583,93.01886703310429,82.42006012571741,0.26446709099114835,0.8981030454239436,0.9194032271142464,0.8777674562625793,0.9614269733428955,0.05597996711730957
Normalizer,136,5,71.3725003293813,93.39960800703373,69.9029789559989,0.2234240841676883,0.8063821370489209,0.9328790806468016,0.7100944418640657,0.3031284809112549,0.06033730506896973
Normalizer,139,5,63.79796958733706,91.210217860831,82.54987701557802,0.26419353395202005,0.8989875019775352,0.9190522400129387,0.8797801517262734,0.9228596687316895,0.07127499580383301
Normalizer,142,5,71.66318946354735,94.51784081680054,60.330691445750205,0.20338891076916174,0.7230754554993799,0.9418489065606361,0.5867781390308098,1.2809245586395264,0.08122539520263672
Normalizer,145,5,61.69599647169998,90.30556993667417,82.83000819896147,0.2594127610990429,0.900981126127901,0.9175026081373886,0.8850441244774733,0.8464913368225098,0.09385299682617188
Normalizer,148,5,51.838213493512676,90.30031265269162,33.704564088548786,0.11959824271754912,0.41147570813368106,0.9504062762678621,0.26257934664808796,0.5010313987731934,0.05550551414489746
Normalizer,151,5,70.16511735797087,93.23397027727738,75.34845586225745,0.25850785357508016,0.8476351351351351,0.9325404199962832,0.7769004489859112,0.7633175849914551,0.07132506370544434
Normalizer,154,5,69.13218932134116,92.9599072082226,89.96993714129543,0.40667120111357735,0.9450598802395209,0.9147949572525721,0.9773958817154358,0.4798421859741211,0.05531764030456543
Normalizer,157,5,63.587046149969694,92.19349430343541,84.21016671221645,0.2770930384045488,0.9098146341463414,0.917368379633273,0.9023842700108375,0.6722393035888672,0.05054426193237305
Normalizer,160,5,68.15258410668098,92.85784954416663,72.39682973490025,0.20103667808495182,0.827379935053837,0.9233263398817471,0.7494968261340765,0.5823781490325928,0.047130584716796875
Normalizer,163,5,70.46767052714165,93.31526737058996,75.40994807324407,0.2575808812570925,0.8481370521962952,0.9321955291716909,0.7779842080817464,1.0278713703155518,0.05137348175048828
Normalizer,166,5,59.26194302343375,91.0123506369488,60.90461874829188,0.10501315642032465,0.7361674658797491,0.9102622576966932,0.6179749187180679,0.7790203094482422,0.07820415496826172
Normalizer,169,5,68.24110026150441,92.96371787309057,81.06039901612463,0.24863539876195012,0.889199776161164,0.9192561983471075,0.8610466016411209,0.2963252067565918,0.08118700981140137
Normalizer,172,5,68.87978231455834,93.95320532800369,77.11123257720689,0.21076838465700923,0.8624116970593068,0.9185476815398075,0.8127419105124633,0.7864859104156494,0.06824946403503418
Normalizer,175,5,68.95243995392447,92.56352225325347,77.9242962558076,0.2605928293229948,0.8666694177361449,0.9280600972160848,0.8128967332404397,0.9631235599517822,0.06297111511230469
Normalizer,178,5,58.3363297569103,90.66901287897322,56.996447116698555,0.1487419151582321,0.6953533397870281,0.9277964350297081,0.556045827527481,0.45818161964416504,0.07057023048400879
Normalizer,181,5,71.6733097152073,93.96744495381589,66.13145668215358,0.22258981669343464,0.7745896048383429,0.9387192769756421,0.6593125870877845,1.074439287185669,0.0986185073852539
Normalizer,184,5,65.49301486352259,92.07507804815053,77.56900792566275,0.25309896828542444,0.8643332369106161,0.92704547469196,0.8095680445889457,1.1324739456176758,0.07827234268188477
Normalizer,187,5,75.10126785215097,94.59393621220403,68.3178464061219,0.2588031485331113,0.7911731591983787,0.9458382685474319,0.6799814212726428,0.8086879253387451,0.09568953514099121
Normalizer,190,5,55.12725698283847,89.50936949673142,79.87838207160426,0.14737868258983894,0.8835738288199249,0.9028843823220489,0.8650719925685091,0.920520544052124,0.09256601333618164
Normalizer,193,5,49.063356289993244,87.79875940315956,49.71303634872916,0.07639799071603863,0.6266233766233766,0.9090373859287607,0.4780925839913299,0.7084875106811523,0.0989375114440918
Normalizer,196,5,67.68155533218307,92.54414769931766,71.07816343263187,0.21211150962629421,0.8164592637557994,0.9280433711187778,0.7288279919492181,0.9060392379760742,0.08964276313781738
Normalizer,199,5,55.489526846242995,90.43423744290278,49.22109866083629,0.11431825188478142,0.6166701052197235,0.9239567233384853,0.4627651339216597,0.3241145610809326,0.08671259880065918
Normalizer,202,5,56.16700920519347,89.77942576855517,58.62257447389997,0.10903774707976414,0.7146088595664467,0.9132739099012286,0.5869329617587862,0.404660701751709,0.07759261131286621
Normalizer,205,5,73.88883827261093,94.3802570582073,64.84695271932222,0.26603278628035354,0.7602628022925306,0.9549338639822077,0.6315219074160087,0.3631863594055176,0.09083890914916992
Normalizer,208,5,71.29410667916784,93.3567854097559,87.29844219732166,0.3686538422463669,0.9283705159326475,0.9242040659762178,0.9325747019662487,0.2881205081939697,0.07168388366699219
Normalizer,211,5,65.89336183585512,92.75766875295174,68.44083082809512,0.18484744008594456,0.7964391168304614,0.9245881510283434,0.6994890849976777,0.8924589157104492,0.09733724594116211
Normalizer,214,5,66.3208185562339,92.9699573597215,73.49685706477179,0.20352718035115341,0.8357678140480121,0.9223437061956826,0.7640501625638644,0.9349985122680664,0.09176278114318848
Normalizer,217,5,65.96444691608086,92.63998041470845,66.9035255534299,0.21269994492141564,0.7818804034582133,0.9345532831001077,0.672085462145843,0.8077695369720459,0.10991191864013672
Normalizer,220,5,60.07812825269665,91.01733914851893,72.7862804044821,0.1423177081873945,0.8328647559900969,0.9093741409328324,0.768230376219229,0.4765510559082031,0.08551335334777832
Normalizer,223,5,63.128703737247626,92.12854680725808,51.783274118611644,0.13251279087050255,0.6429185852350352,0.9281227173119065,0.49179439541724723,0.7592067718505859,0.08693909645080566
Normalizer,226,5,74.2389467116031,94.56896748246568,62.61273572014212,0.2430726708677873,0.7414477414477414,0.9514916323065729,0.6073695618516798,0.6628484725952148,0.1001901626586914
Normalizer,229,5,54.546302269117234,90.13432136429319,62.27111232577207,0.09068146091184737,0.7494782687596406,0.9053046909250329,0.6394178665428085,0.6905303001403809,0.10993599891662598
Normalizer,232,5,64.28638663038156,91.45525449410252,82.92566274938508,0.26073085077792435,0.9015948021264029,0.91752825198365,0.8862052949372968,0.4667956829071045,0.06638598442077637
Normalizer,235,5,54.724093822933625,89.63210991137227,66.77370866356928,0.08897937544549947,0.7879659908436887,0.9020664869721473,0.6994890849976777,0.8328397274017334,0.07999825477600098
Normalizer,238,5,63.15293646807003,92.37859397681778,64.49166438917737,0.16462109471754632,0.7640408626560726,0.9239046887009992,0.6513392165969965,0.6921346187591553,0.0903768539428711
Normalizer,241,5,57.51036897734632,90.94745668804327,65.91281770975677,0.1247425660806825,0.7787681255820141,0.9115540330115229,0.6797491871806781,0.8335154056549072,0.08360767364501953
Normalizer,244,5,52.766395123102086,88.87315117965885,69.8756490844493,0.10984045301881641,0.8118144180289385,0.9047664351631624,0.7361820715281003,0.6675295829772949,0.07249736785888672
Normalizer,247,5,54.70315490509583,89.34302347913363,54.49576386990981,0.09879869061682368,0.6749316673174541,0.9133421400264201,0.5352221706146463,0.8363049030303955,0.0856480598449707
Normalizer,250,5,56.269349461571984,88.30999792527608,87.14812790379885,0.27499028801155057,0.9288712422007941,0.9079618540696385,0.9507663725034835,0.6790053844451904,0.11751961708068848
Normalizer,253,5,56.797100759676745,90.14918030041679,66.04263459961737,0.1248641206822185,0.7798547129695251,0.9114723545247463,0.6814522371884193,0.9666054248809814,0.10895800590515137
Normalizer,256,5,68.19092931666583,93.07569420566074,67.57993987428259,0.1961928686790383,0.7886131777074887,0.9288487774163081,0.6851679826598545,0.7917838096618652,0.15302538871765137
Normalizer,259,5,53.375043098934604,89.37937260948765,52.644165072424165,0.10311936399924045,0.655294176157557,0.9164000556405619,0.5099860659544821,0.8070449829101562,0.08977770805358887
Normalizer,262,5,62.533246784003914,92.08622785970206,70.81169718502322,0.16727586804232256,0.8164948453608247,0.9171974522292994,0.7357176033441709,0.43137502670288086,0.10926580429077148
Normalizer,265,5,59.39048959488533,90.78559513753572,79.447936594698,0.16892526928767154,0.8801115982463132,0.9070818271442656,0.8546988697940858,0.7868072986602783,0.09354734420776367
Normalizer,268,5,60.06460604644934,90.80854923846007,81.47034708936867,0.1859785667930849,0.8934464875058934,0.9071325993298229,0.8801672085462146,1.2719404697418213,0.10958695411682129
Normalizer,271,5,56.88114255568526,90.68428938356551,51.42798578846679,0.12341820459763528,0.6400688572730495,0.9250695155861262,0.4893172317696238,0.6566498279571533,0.10279726982116699
Normalizer,274,5,74.42667152222462,94.32859510216464,81.07406395189942,0.32635063570916645,0.8872057985177946,0.9359106529209622,0.8433193992878154,0.4039154052734375,0.10210108757019043
Normalizer,277,5,58.73447334408621,90.09789847117892,87.16862530746106,0.2885218457613118,0.9288097043214556,0.9100430842371119,0.9483666202198483,0.4900705814361572,0.11168098449707031
Normalizer,280,5,63.371569500535394,91.92343014046779,87.18229024323585,0.2634976088008759,0.9292449272082673,0.906075316269491,0.9536305929710481,0.9597427845001221,0.09347987174987793
Normalizer,283,5,71.7203783478162,93.19600351438237,66.56873462694726,0.23785609548620845,0.7774189146158396,0.9426365140650855,0.661480105279455,0.703904390335083,0.10324764251708984
Normalizer,286,5,51.54983363315593,88.78652781085151,48.88630773435365,0.10269016154819237,0.614282031451405,0.9197159178632083,0.4611394952779068,0.7387709617614746,0.10272860527038574
Normalizer,289,5,70.73849314769744,93.25175158056349,69.103580213173,0.22394679639370033,0.7997697484945094,0.9343058141940823,0.6991020281777365,0.2285304069519043,0.12076544761657715
Normalizer,292,5,61.94977777801809,90.93424736435054,79.55725608089642,0.20598342118247118,0.8799068796660512,0.9137212404134711,0.8485059606750271,0.5521867275238037,0.11225628852844238
Normalizer,295,5,75.26471261999887,93.78299679144175,83.39710303361574,0.3714771785706713,0.9022054088860271,0.9395641240569992,0.867703978944109,0.3145332336425781,0.10029053688049316
Normalizer,298,5,65.25638751894506,91.39075556531151,65.4687072970757,0.19448037231367724,0.7706272124897885,0.9313295304958316,0.6572224802601022,0.3741288185119629,0.12593650817871094
Normalizer,301,5,61.720709080884696,91.86711689993386,70.97567641432086,0.15070313900397567,0.8185545873910814,0.9130931961120641,0.7417556897352532,0.6636462211608887,0.13501405715942383
Normalizer,304,5,66.81538615293637,92.37744193593821,90.14758130636787,0.41880471819655485,0.9460288943783217,0.9157971014492754,0.9783248180832946,0.6122410297393799,0.09832525253295898
Normalizer,307,5,66.37395213039858,92.27443092960402,81.32003279584586,0.23916710517868583,0.8912143880311952,0.9168986409038808,0.8669298653042267,0.5948495864868164,0.1048898696899414
Normalizer,310,5,61.704185945160305,91.37496047257092,88.07734353648537,0.2573441796022792,0.9349681362501397,0.9014732303269852,0.9710481498684007,0.7033271789550781,0.11455702781677246
Normalizer,313,5,75.03766707201744,92.81531736577698,81.6206613828915,0.38320326159386786,0.8894278197961197,0.9482033304119194,0.837513546988698,0.6523692607879639,0.11780095100402832
Normalizer,316,5,73.16916942382696,93.2834187418215,67.5936048100574,0.25133754140607706,0.7854331599185704,0.9449221726352455,0.6720080507818548,0.4052774906158447,0.09246301651000977
Normalizer,319,5,76.66573214298266,94.2889025115765,80.99207433725061,0.3344192128670521,0.8863933355112709,0.9380293863439931,0.8401455333642979,0.2787821292877197,0.11011052131652832
Normalizer,322,5,72.61451790203127,94.01589066309086,59.647444657010105,0.24218570858912214,0.7131895881895882,0.9568673442793849,0.5684316457655983,0.4719123840332031,0.1087636947631836
Normalizer,325,5,67.38245368250094,92.06704243997844,87.60590325225472,0.3756849432207917,0.9302468661078213,0.9242053789731052,0.9363678588016721,0.8096923828125,0.13163018226623535
Normalizer,328,5,73.1368598670471,93.97591769178962,70.13528286417053,0.23912854147735943,0.8074534161490683,0.9368291934989267,0.7094751509521597,0.2949397563934326,0.09902453422546387
Normalizer,331,5,66.6665472603136,92.5400173830949,79.92620934681607,0.22374170617285663,0.881998554100731,0.9165275459098498,0.8499767765908035,0.30190372467041016,0.12500810623168945
Normalizer,334,5,68.84998705004305,92.74148672169721,79.51626127357201,0.2572439064891796,0.8781895010563953,0.9241491363092184,0.8365846106208391,0.8669593334197998,0.1043550968170166
Normalizer,337,5,69.55894086835184,93.33029647113574,72.8204427439191,0.21892289084853608,0.829883681149504,0.9270972673418689,0.7511224647778294,0.534376859664917,0.12223458290100098
Normalizer,340,5,71.67324663260567,93.06866363287585,85.61082262913364,0.36969342529218974,0.9172495088408644,0.9313756782636451,0.9035454404706611,0.6689214706420898,0.12544560432434082
Normalizer,343,5,75.5505105995893,94.29535439941475,67.18365673681333,0.2594292900820596,0.7813936552728596,0.948193968850105,0.6644991484749961,0.9057185649871826,0.10733771324157715
Normalizer,346,5,71.42948644814493,93.69901775991471,64.758130636786,0.21823343312525356,0.7627851361295069,0.939610242465443,0.6419724415544202,1.1154298782348633,0.13110041618347168
Normalizer,349,5,69.6651178986789,92.65884268463559,88.05001366493578,0.40007367267571975,0.9327126534066864,0.927112810707457,0.9383805542653662,0.9959664344787598,0.10985088348388672
