scaler,nCluster,noise_percentage,AUCROC,AUCPR,Accuracy,MCC,F1 Score,Precision,Recall,Time Train,Time Test
StandardScaler,1,1,88.01264196712347,99.5908204349638,79.05878412326244,0.3058310885775088,0.879066888467639,0.999076679563841,0.784796573875803,1.0701024532318115,0.0831856727600097
StandardScaler,4,1,91.83377061720697,99.7191602739658,80.93116730865852,0.3276497483924594,0.8910076005590336,0.9996133854547016,0.8036886095185467,0.8381047248840332,0.0850307941436767
StandardScaler,7,1,92.380604176229,99.73605981526472,79.91291240998157,0.3197933675519818,0.8844976021263072,0.9997822963382244,0.793051046487532,0.6008880138397217,0.1107997894287109
StandardScaler,10,1,91.2608019900984,99.68366411057332,79.57796014067995,0.3159887772237475,0.8823540762180415,0.9996939355515718,0.7896663673413,0.5413939952850342,0.1043457984924316
StandardScaler,13,1,91.55686079269832,99.69589410739658,80.71344833361246,0.3231295121601898,0.8896512073591414,0.9993541720485662,0.8016508945223458,1.0657315254211426,0.0814101696014404
StandardScaler,16,1,90.80163283993583,99.67088366080674,79.03533746441133,0.30964969604937,0.8788682239554102,0.9995157811330722,0.7842094356565587,1.0901730060577393,0.1209204196929931
StandardScaler,19,1,90.83244063433466,99.673344737611,79.4004354379501,0.3120076686053039,0.881237447860343,0.9994305738063952,0.788043102852801,1.254791498184204,0.1149485111236572
StandardScaler,22,1,89.594921394317,99.63281922780529,80.96801205828169,0.3247347242835787,0.8912743972445465,0.99927057410109,0.8043448228224079,0.9054558277130128,0.1044433116912841
StandardScaler,25,1,89.96447884688614,99.64381132286294,78.16781108692011,0.300390082204017,0.8732449146279803,0.9992878760904398,0.7754368999102024,0.5953176021575928,0.1025702953338623
StandardScaler,28,1,82.76359293784309,99.3694244284051,73.95411153910568,0.2261374149243244,0.8456714166633589,0.9940742814483016,0.7358223388823651,0.8592050075531006,0.0902135372161865
StandardScaler,31,1,86.49461923490412,99.52514885166666,77.82950929492547,0.294069391527678,0.8710726737957498,0.9988831807013624,0.7722594460178214,1.0680367946624756,0.097499132156372
StandardScaler,34,1,90.42891104317408,99.65478172703108,74.5369284876905,0.2647658875645737,0.8491127783732285,0.9982266193765168,0.7387580299785867,0.9564151763916016,0.1170766353607177
StandardScaler,37,1,88.51991451555786,99.59750054324724,79.92966002344666,0.312251483561733,0.8846894003540913,0.9989569752281616,0.7938799475029357,1.007685899734497,0.1055145263671875
StandardScaler,40,1,90.7659204078696,99.6615102175958,76.53994305811422,0.2809459675980893,0.8625858348047871,0.9985010901162792,0.7592387925675209,0.8403913974761963,0.1093809604644775
StandardScaler,43,1,89.49186458799471,99.6287029421406,80.59621503935689,0.3183568923404782,0.8889442708433181,0.9989659183937266,0.8007529184223251,1.2246005535125732,0.1248352527618408
StandardScaler,46,1,91.99091835133338,99.70262752860188,82.12024786467929,0.3007346677083007,0.8988517072801,0.9957178841309824,0.8191614284727499,1.129087209701538,0.1024661064147949
StandardScaler,49,1,90.45925118161708,99.65944394303716,80.24116563389717,0.3158879751962738,0.8866731984707894,0.9990475778172216,0.7970228638530082,0.9527921676635742,0.1036226749420166
StandardScaler,52,1,87.66418844787057,99.56472420257758,79.04538603249037,0.3000780756157507,0.8790456672209118,0.9984627547434995,0.7851419492988879,0.7990434169769287,0.1251673698425293
StandardScaler,55,1,85.92077854443541,99.4992371883164,78.51281192430079,0.2839496901927847,0.8757288700335135,0.997176512110116,0.7806520687987842,0.9813706874847412,0.138472318649292
StandardScaler,58,1,86.032343239232,99.47975094604604,75.82984424719477,0.2361746163465361,0.8583931865457828,0.9939556444282858,0.75537058782897,0.8453326225280762,0.1077427864074707
StandardScaler,61,1,89.7013648730732,99.62826295068014,70.04521855635572,0.2435581382067988,0.8175158650804987,0.9989527751458634,0.6918560475236583,0.8744196891784668,0.129298448562622
StandardScaler,64,1,88.22566883809803,99.56962156482814,76.9485848266622,0.25133149982129,0.8657327922584673,0.9948435117926644,0.7662844511984527,1.175999641418457,0.1203029155731201
StandardScaler,67,1,88.76285795134339,99.58223415798344,63.21889130798861,0.2143689727851202,0.7660680428623166,0.9996108300439206,0.6209850107066381,0.6587769985198975,0.1075606346130371
StandardScaler,70,1,86.72834371516778,99.5355486919347,76.91843912242506,0.2885436733108967,0.8650384848900292,0.9990499886903416,0.7627270843406783,0.7341213226318359,0.1104259490966796
StandardScaler,73,1,87.97777093245308,99.54963757673748,64.2471947747446,0.2153824054712284,0.7741812642802742,0.9990717483892104,0.6319334116184292,1.4090538024902344,0.1359632015228271
StandardScaler,76,1,87.29435116837708,99.50716856993034,89.05041031652989,0.2906882061230145,0.9408507789458448,0.9880667350739178,0.8979415624784141,1.3328897953033447,0.1113367080688476
StandardScaler,79,1,87.21791816894753,99.53572878759122,82.04320884273992,0.2890056330576269,0.8984716777455827,0.9946328986540316,0.8192650410996754,0.5706610679626465,0.1306912899017334
StandardScaler,82,1,84.96093002816592,99.46620782174789,75.6891642940881,0.2743421600214585,0.8568949879727119,0.9984377871714758,0.7505007943634731,1.3244495391845703,0.1277153491973877
StandardScaler,85,1,76.9308786097769,99.01587369020504,78.53960810584492,0.1517280140742032,0.8774178736104999,0.983571397932484,0.7919458451336603,0.9463090896606444,0.1688578128814697
StandardScaler,88,1,82.43352749744189,99.32954319944407,65.94540278010383,0.1778371984853742,0.7882713092734126,0.9927091528979806,0.653657525730469,1.102646827697754,0.1114697456359863
StandardScaler,91,1,91.18243895153988,99.67054578292532,76.1446993803383,0.2736927828898797,0.8600070763061681,0.997992700729927,0.7555432755405125,0.488060712814331,0.1394562721252441
StandardScaler,94,1,86.08335990411366,99.44400546139973,72.40998157762519,0.2220734689641918,0.8349199350662364,0.9946044024256316,0.7194170062858327,0.6202366352081299,0.1165082454681396
StandardScaler,97,1,85.44178193172115,99.4794657111867,73.15692513816782,0.2634265876827468,0.8394952934107751,0.999141876430206,0.7238378117013193,0.8940801620483398,0.1182494163513183
StandardScaler,100,1,82.05940848268105,99.35652114868614,64.11321386702394,0.2151310211664566,0.7731334434421717,0.999124343257443,0.6305173723837811,0.7466816902160645,0.1412522792816162
StandardScaler,103,1,80.01408832733034,99.2710298903116,62.53223915592028,0.2057543856887026,0.7608091348415515,0.9987648776105996,0.6144228776680252,0.8864281177520752,0.1588838100433349
StandardScaler,106,1,84.75429126088247,99.44250517154154,67.00720147378999,0.220557299837757,0.7953714475652318,0.9979668439161714,0.6611521724114112,0.7146575450897217,0.139538288116455
StandardScaler,109,1,82.95765290988952,99.3837696769362,63.791659688494384,0.2099424688733441,0.7707317073170732,0.998571114530666,0.6275471437452511,1.3138666152954102,0.1369881629943847
StandardScaler,112,1,87.99080588390925,99.53425371542843,85.71428571428571,0.2782804840017367,0.9212067468454987,0.9903475670307844,0.8610900048352559,0.8788683414459229,0.1319570541381836
StandardScaler,115,1,84.5883251453931,99.33534066864092,91.41182381510636,0.3077625451684424,0.9542747084210152,0.9865412979351031,0.924051944463632,1.3083064556121826,0.1337122917175293
StandardScaler,118,1,80.60533003592441,99.27927785995048,73.60241165633897,0.2156876001814505,0.8433916896846373,0.9930740792737144,0.7329211853284521,1.1451802253723145,0.140226125717163
StandardScaler,121,1,79.09317025275732,99.09896588511822,88.13599062133646,0.2181010034358131,0.9358658651408706,0.9835959503691862,0.8925537058782897,0.8136694431304932,0.1503219604492187
StandardScaler,124,1,87.51075129542618,99.48198531767352,82.8069000167476,0.265684514388088,0.9034696755994358,0.9917427026134348,0.8296263037922221,1.529289484024048,0.182840347290039
StandardScaler,127,1,92.35237423945534,99.7005592693013,83.61413498576454,0.3215035828757124,0.908038198360779,0.9962874350301132,0.8341507218346342,1.375766038894653,0.1713900566101074
StandardScaler,130,1,83.67418999880172,99.32833689768016,85.32909060458884,0.2284445555644704,0.9192030990592142,0.9864982578397212,0.8605028666160116,0.9533467292785645,0.1257088184356689
StandardScaler,133,1,89.73188134081103,99.6091368314108,91.0735220231117,0.3501049067857591,0.9522255884409228,0.9899362629989936,0.917282586171168,0.9100658893585204,0.1493828296661377
StandardScaler,136,1,85.8110116417967,99.47595187864655,68.08574778094122,0.2200782657766177,0.8035058775005156,0.9971846846846848,0.6728258617116806,0.8125054836273193,0.1528871059417724
StandardScaler,139,1,89.80135316634133,99.61618150448116,74.88862837045721,0.2628645956177377,0.8515710071472411,0.9977267455346788,0.7427643848863715,0.903937816619873,0.1691675186157226
StandardScaler,142,1,87.7606194892783,99.54019707625474,73.28420700050243,0.2309142474785041,0.8409254088552054,0.9950910978948362,0.728120466947572,1.0603280067443848,0.1894924640655517
StandardScaler,145,1,77.77745472036204,99.142393048312,48.558030480656505,0.1568566316762153,0.6392634001973035,0.9991189427312775,0.4699868757339228,1.4850199222564695,0.1502997875213623
StandardScaler,148,1,85.9755575398138,99.36616029888674,68.52453525372636,0.2076363156340314,0.8070391589149675,0.9952393010888833,0.6786972439041238,1.1062688827514648,0.1565968990325927
StandardScaler,151,1,90.63436533758588,99.65821655633816,78.87790989783956,0.3010759186543784,0.8779326364692218,0.998722804545054,0.7832078469296125,1.0864360332489014,0.1779456138610839
StandardScaler,154,1,80.55352947232998,99.17378063864012,91.78362083403115,0.2664071561222648,0.956478540886752,0.9834360976321648,0.93095945292533,1.2243638038635254,0.1760013103485107
StandardScaler,157,1,87.99633917384513,99.539694409801,73.71964495059454,0.2105171743347434,0.844288322616496,0.9923952598675002,0.7346480624438765,0.8272299766540527,0.1677148342132568
StandardScaler,160,1,86.73063024613194,99.5118322672783,76.99212862167141,0.2395833339651957,0.8661770149428198,0.9935195530726256,0.7677695655177178,1.2704229354858398,0.1649219989776611
StandardScaler,163,1,77.96491959345825,99.17573987037,59.373639256405966,0.1908958755966233,0.7353537998298095,0.9984594418439297,0.5819921254403536,1.3962681293487549,0.1874842643737793
StandardScaler,166,1,73.46569555735275,98.9138106488932,62.39490872550662,0.1350335397978262,0.7616500010615035,0.9883740150972504,0.6195344339296815,0.8602855205535889,0.1604094505310058
StandardScaler,169,1,88.08956370535927,99.5735743238252,77.2768380505778,0.2893209646721003,0.867437861497577,0.998829988299883,0.7665952890792291,1.079577922821045,0.1936638355255127
StandardScaler,172,1,87.9294490391855,99.54067466630332,70.92279350192598,0.2210952367557304,0.8243174873009127,0.9954543232807076,0.7033915866546937,1.0799493789672852,0.1848869323730468
StandardScaler,175,1,83.38384081543254,99.35124124889496,74.53022944230447,0.2140344833667936,0.849836091472807,0.992298468917174,0.7431442978517648,1.418812274932861,0.1655328273773193
StandardScaler,178,1,87.2069071711361,99.46482283192611,80.46558365432925,0.2555447033121908,0.8887489985120751,0.9926282597579684,0.8045520480762589,0.4217419624328613,0.1826972961425781
StandardScaler,181,1,86.22701461394196,99.43585038880768,91.26444481661365,0.3084059249995709,0.953441873750357,0.986771118173084,0.922290529805899,0.7697951793670654,0.173417329788208
StandardScaler,184,1,72.87356453579359,98.67411757403292,91.79701892480324,0.2626801791080997,0.956563381280928,0.9831917453604112,0.9313393658907232,0.6800098419189453,0.1881384849548339
StandardScaler,187,1,92.16158402585386,99.71484319445996,84.49840897672082,0.3294731236036897,0.913446792593978,0.9961249796051558,0.8434413207156178,0.811913251876831,0.2101528644561767
StandardScaler,190,1,82.55682192358856,99.30187234320158,70.50410316529894,0.188774847020219,0.8218995226923388,0.9916544655929722,0.7017683221661947,0.4941515922546386,0.1619374752044677
StandardScaler,193,1,67.60087396464995,98.58924297052444,48.30346675598727,0.1026492645745621,0.6392745290515589,0.9887218045112782,0.4723354286109,1.210002899169922,0.1565632820129394
StandardScaler,196,1,90.376949483267,99.64713563038715,82.82029810751968,0.2950944042358527,0.9033048658635446,0.9945203204782266,0.8274159010844788,0.6550981998443604,0.2037575244903564
StandardScaler,199,1,79.6341025302717,99.20026576134258,51.994640763691166,0.1621457268187396,0.6715405417793464,0.998024523160763,0.5060095323616771,1.0693836212158203,0.191352367401123
StandardScaler,202,1,88.45222514920334,99.4925961944364,82.59922960978061,0.277439217525016,0.9020716695884936,0.9930275990869476,0.8263797748152242,0.9896695613861084,0.1918866634368896
StandardScaler,205,1,87.81203864494157,99.53413641158036,84.32758331937698,0.2798335160076952,0.9127654417659452,0.9917352023660008,0.8454444981695103,1.732023000717163,0.1787450313568115
StandardScaler,208,1,74.84599936046132,98.89412903140602,65.91525707586669,0.1373331739324423,0.7889847378898474,0.9872340425531916,0.657042204876701,0.851693868637085,0.1636691093444824
StandardScaler,211,1,86.97144814726593,99.48198130730378,81.47713950762017,0.2709251764179315,0.8950544654040308,0.9933445661331088,0.8144643227187953,1.1037352085113523,0.1902065277099609
StandardScaler,214,1,87.33906597759223,99.53455828099833,80.67660358398928,0.2737148916991374,0.8899192855916195,0.9942864452308872,0.8053809490916627,0.7052366733551025,0.1903879642486572
StandardScaler,217,1,79.8333642165149,99.22335610514178,53.04974041199129,0.1732049808200214,0.6807715958004054,0.9993981945837512,0.5161981073426815,0.9977035522460938,0.2092704772949218
StandardScaler,220,1,76.66372631178837,99.11909553226782,59.79232959303299,0.1826702902662715,0.7391001956096501,0.9968925891181988,0.587241831871244,0.7618532180786133,0.226905345916748
StandardScaler,223,1,79.21783698080701,99.12746531252851,94.90202646122928,0.3598056177032322,0.9734324814969976,0.984082727465236,0.963010292187608,1.3054726123809814,0.195897102355957
StandardScaler,226,1,80.75274324300393,99.20212191010158,77.35722659521018,0.1745652768951707,0.8694174007108638,0.9864118523713508,0.7772328521102438,0.9561779499053956,0.1827435493469238
StandardScaler,229,1,80.0844954647722,99.13460098669388,96.92513816781108,0.4752778716028806,0.9841467205470936,0.9841807129041172,0.9841127305380948,0.8103046417236328,0.2002322673797607
StandardScaler,232,1,83.1550976377471,99.31682800066264,68.73890470607938,0.2072435388929073,0.8086362797564126,0.9950547509713882,0.6810457967811011,1.1243634223937988,0.209728717803955
StandardScaler,235,1,79.92948093178839,99.18770400917025,55.41450343326076,0.1487119833638917,0.7028462998102467,0.9937503945457988,0.543689991020239,1.4132699966430664,0.1883199214935302
StandardScaler,238,1,87.98397504035832,99.52558214403976,75.65901858985094,0.2322142187724682,0.857288741383712,0.9936268038421268,0.7538509359673966,1.227005958557129,0.1747786998748779
StandardScaler,241,1,85.8447863682429,99.40472518379512,74.07804387874728,0.2123563580195545,0.8467433708933204,0.9923873183864828,0.7383781170131933,0.6181788444519043,0.1935362815856933
StandardScaler,244,1,80.93061925238374,99.17598029374646,61.01155585329091,0.166693592121411,0.7496128033040784,0.9937264742785444,0.601782137183118,0.6657061576843262,0.1769416332244873
StandardScaler,247,1,79.48547993422457,99.14440538299696,94.7178027131134,0.3362611445158337,0.9724709784411276,0.9831633193321804,0.9620087034606616,0.5229177474975586,0.2132909297943115
StandardScaler,250,1,81.24018832888665,99.25068652880488,48.34701055099649,0.1576546975090541,0.6371785521022045,0.9994095505203336,0.467672860399254,1.4301345348358154,0.1990060806274414
StandardScaler,253,1,83.5228726311405,99.35223563595903,70.71847261765198,0.2118845685135337,0.8230149410859618,0.9944227005870842,0.7020100849623541,1.4531898498535156,0.2040114402770996
StandardScaler,256,1,82.33232023209229,99.30661678630636,54.01775247027298,0.1645319521960397,0.6898608349900597,0.9972566949706074,0.5273191959660151,0.7939443588256836,0.3052716255187988
StandardScaler,259,1,87.57278470798757,99.50885228456224,81.04505108022107,0.2945601972755738,0.8920717868517918,0.9960816048383662,0.8077295019686399,0.81146240234375,0.2007746696472168
StandardScaler,262,1,76.90267358909924,99.02747102501684,50.45051080221068,0.1387627257346408,0.658131311964133,0.9945519312705176,0.4917800649305795,1.184922218322754,0.2420156002044677
StandardScaler,265,1,87.38995806199384,99.54797529965204,73.21051750125606,0.2541202305788748,0.8400272021761741,0.9979564680163484,0.7252538509359674,1.0653855800628662,0.2208003997802734
StandardScaler,268,1,76.61066269378877,99.0127529937172,76.96533244012727,0.1561560926842818,0.8670520231213873,0.9847187458832828,0.7745043862678732,1.0332396030426023,0.2244601249694824
StandardScaler,271,1,83.23265761136517,99.29095068327854,83.7749120750293,0.2405238382849055,0.9096639439036216,0.9886898005513216,0.8423361193617462,1.0543229579925537,0.2255971431732177
StandardScaler,274,1,87.37686752847738,99.4709887924652,81.89582984424719,0.2659178010859904,0.8977507046783073,0.992512653197808,0.8195068038958347,0.7743613719940186,0.2579677104949951
StandardScaler,277,1,79.62145665323777,99.16345387709174,72.57075866688997,0.1828191021033425,0.8367131263583977,0.9898098787564278,0.7246321751744146,0.6880135536193848,0.2576696872711181
StandardScaler,280,1,88.17211456466943,99.48972490735471,76.16144699380338,0.2663091799657863,0.8602235009918102,0.9971315394071848,0.7563721765559163,1.014543533325195,0.2026031017303466
StandardScaler,283,1,77.31876664251467,99.1026269530067,56.38251549154245,0.1600596242847884,0.7108920563030061,0.9951516658378916,0.5529460523589141,1.274928092956543,0.2072598934173584
StandardScaler,286,1,83.7331357320813,99.30744919838816,82.38820968012058,0.2333151018500069,0.9011282437006394,0.9890613390572112,0.8275540512537128,0.9905319213867188,0.2746236324310303
StandardScaler,289,1,78.92769479269694,99.16075989359868,66.79953106682298,0.1634236355538516,0.7950880674770529,0.990318261406942,0.6641569385922498,0.953794240951538,0.2410962581634521
StandardScaler,292,1,86.19801611143765,99.4850938154657,71.16060961313013,0.2316596328359861,0.8258354235779594,0.9966311883605116,0.7050148511431926,0.997748851776123,0.2171075344085693
StandardScaler,295,1,83.98076722716128,99.34719621377052,81.12209010216044,0.2121223281457629,0.8933545261883137,0.987946764878212,0.8152932237341991,1.108104228973389,0.2315616607666015
StandardScaler,298,1,71.46888512430105,98.75135802088803,79.44397923295931,0.1427682261627974,0.883342520957287,0.9823278231091194,0.8024797955377495,1.612320899963379,0.3096837997436523
StandardScaler,301,1,77.71332835573622,99.10365943404256,52.8856138000335,0.1538629955826775,0.6800418543287384,0.996002132196162,0.5162671824272985,1.1260144710540771,0.2661716938018799
StandardScaler,304,1,87.24023532447696,99.52605502118396,76.55334114888629,0.2755096774386896,0.8627504803733187,0.9978682873730044,0.7598604683290737,0.809215784072876,0.2665352821350097
StandardScaler,307,1,83.09203883200395,99.3195001423938,72.90906045888461,0.1871407627948546,0.8390127388535031,0.9901343606126092,0.7279132416937211,0.5864956378936768,0.2593367099761963
StandardScaler,310,1,73.41818439551673,98.81516763195192,94.67425891810416,0.3244589983648818,0.9722532458467122,0.982610229276896,0.9621123160875872,1.2546885013580322,0.2113332748413086
StandardScaler,313,1,85.09439022148264,99.38086112052878,74.34265617149556,0.2080876721223106,0.8486345492629332,0.9917328653242194,0.7416246459901913,0.6231129169464111,0.271144151687622
StandardScaler,316,1,85.76318040395815,99.39659597049346,82.45520013398091,0.2600793295479606,0.9013187641296156,0.9915029428831964,0.8261725495613732,0.7505776882171631,0.2175197601318359
StandardScaler,319,1,83.46888520096594,99.27278844365904,66.95695863339473,0.201163276942921,0.795429566804222,0.9953292853806632,0.6623955239345168,0.6492877006530762,0.2414760589599609
StandardScaler,322,1,85.0252365553321,99.3869240523481,75.14989114051248,0.2481589428200974,0.8535848907659214,0.9958097343095272,0.7469088899633902,0.7863080501556396,0.3045804500579834
StandardScaler,325,1,88.13714769886053,99.543238804068,78.82096801205827,0.2743198805819389,0.8778707048075252,0.9958806257942944,0.78486564896042,0.8494088649749756,0.2721192836761474
StandardScaler,328,1,80.88012774214096,99.20035937941346,62.4552001339809,0.157620740635761,0.7615157124316504,0.9916329583864354,0.618083857152725,0.928443431854248,0.2453780174255371
StandardScaler,331,1,76.15123288292955,98.93495983955415,60.28470942890638,0.1415060165454078,0.7444116315664676,0.9902506165051328,0.5963597430406852,0.4840452671051025,0.2603182792663574
StandardScaler,334,1,88.07624317711044,99.5363051934634,80.45888460894322,0.2755240775680647,0.8885024080727774,0.9946512623020968,0.8028251709608344,0.7754900455474854,0.2471961975097656
StandardScaler,337,1,85.94730460356689,99.4654199741192,73.37464411321388,0.2306995757965656,0.8415618584441211,0.9950040062214264,0.7291220556745182,1.363677740097046,0.2861285209655761
StandardScaler,340,1,74.59585325630758,98.95129359219187,36.72416680623012,0.1218332560323284,0.5160744934293107,0.9990082316770802,0.347896663673413,1.057756423950195,0.2408468723297119
StandardScaler,343,1,82.0365201735663,99.2921239621002,71.50895997320383,0.2105965577916012,0.8287152637937978,0.993769921761808,0.7106790080817849,1.3967642784118652,0.2788376808166504
StandardScaler,346,1,77.67835957330456,99.07429822680236,63.16864846759337,0.1767087812602896,0.7666779833644543,0.9940574447012216,0.6239552393451682,1.438049554824829,0.2487142086029052
StandardScaler,349,1,81.09724085286032,99.2237387809378,62.96432758331938,0.1780356039281155,0.7650196578472,0.9943649522125848,0.6216412240104994,1.5178422927856443,0.239293098449707
MinMaxScaler,1,1,89.94043289761852,99.65298228367082,78.72383185396082,0.3078019679984213,0.876837166013883,0.9996021220159153,0.7809283691372522,0.70992112159729,0.0493366718292236
MinMaxScaler,4,1,79.64070529571303,99.27931771874404,72.01473789984927,0.2262923414767731,0.8320434214493919,0.9953826174787168,0.7147544380741866,0.892791748046875,0.0502243041992187
MinMaxScaler,7,1,68.04360232469475,98.78372964379176,57.91659688494389,0.1828714249474636,0.7233086680761099,0.9980551841497508,0.5671755197900118,0.9558894634246826,0.0688748359680175
MinMaxScaler,10,1,83.18487620571864,99.40079230329664,74.16848099145872,0.2388842123343203,0.8469598348944277,0.9954286780483254,0.7370311528631622,0.614905595779419,0.0580987930297851
MinMaxScaler,13,1,63.02996632033804,98.50828794365276,52.52386534918774,0.1511128555961839,0.6768501208335234,0.9957070029514354,0.5126752780272156,0.7938098907470703,0.0609030723571777
MinMaxScaler,16,1,72.42098090146743,98.85387525587647,47.68045553508625,0.1302181094655594,0.6319509896324222,0.9943645261752928,0.4631484423568419,0.9735996723175048,0.0598821640014648
MinMaxScaler,19,1,80.17468598244204,99.17398896379883,64.68598224752972,0.1895285537960792,0.7782708364003449,0.995052433449852,0.639048145333978,1.0656251907348633,0.0517153739929199
MinMaxScaler,22,1,73.45670659656325,98.83371643145706,93.70959638251549,0.3021172258607175,0.9670422238601664,0.983016983016983,0.951578365683498,0.7373940944671631,0.0841481685638427
MinMaxScaler,25,1,84.99622463646841,99.42596782004492,70.79886116228438,0.2081101375962328,0.8236650485436893,0.9938982719906276,0.7032188989431513,0.7771275043487549,0.0821788311004638
MinMaxScaler,28,1,90.4521481776329,99.63877226822385,86.02914084742925,0.3274192774906538,0.922792144086778,0.9942957437472576,0.860882779581405,1.120589017868042,0.0993199348449707
MinMaxScaler,31,1,79.37890037525173,99.17340072858916,60.59286551666388,0.1870878459799392,0.745583115282313,0.997107987737868,0.5953926918560475,1.0043294429779053,0.0877799987792968
MinMaxScaler,34,1,86.47467294174072,99.49596105382672,73.32775079551163,0.2444073057429754,0.8410102825197164,0.9966873314088306,0.7273951785590937,1.0213916301727295,0.0841872692108154
MinMaxScaler,37,1,84.95239339035004,99.44710107688964,68.42739909562887,0.208643689771769,0.8062964941843739,0.9954333265678912,0.6775575050079437,0.806771993637085,0.0737581253051757
MinMaxScaler,40,1,88.81899583226547,99.61562887156248,77.64528554680959,0.2726314176829326,0.8701152109606103,0.9966562639322336,0.7720867583062789,1.0590789318084717,0.1093900203704834
MinMaxScaler,43,1,85.35835134255976,99.4802598634316,78.4759671746776,0.2568909258136331,0.8758068880213367,0.994295243110409,0.7825516336257512,0.6481063365936279,0.1036367416381836
MinMaxScaler,46,1,73.97246978386706,98.98555546583071,53.30095461396751,0.1512962038408787,0.6839122154711164,0.995314768377986,0.5209297506389445,1.1527502536773682,0.0831301212310791
MinMaxScaler,49,1,85.32869352182271,99.46032872259266,67.01390051917602,0.2104644299117277,0.7956507304116865,0.99656928994698,0.6621537611383574,1.2795298099517822,0.0979859828948974
MinMaxScaler,52,1,81.06050111098955,99.32895402872268,73.99095628872885,0.2510066872368279,0.8455371884386624,0.9969977013651076,0.7340263866823237,0.9243674278259276,0.1016528606414794
MinMaxScaler,55,1,81.62643573253361,99.32198317870198,66.10952939206163,0.2063719899174114,0.7888564273789649,0.996572814510176,0.6527940871727568,0.4523882865905761,0.0897817611694336
MinMaxScaler,58,1,83.88802185133952,99.37331511778436,67.96851448668565,0.2006020636229595,0.8030480897950778,0.994643130452528,0.6733439248463079,0.3670437335968017,0.0928490161895752
MinMaxScaler,61,1,75.27654949942796,99.0668973864488,51.84726176519846,0.1671613296043619,0.6699724517906336,0.9990414897987128,0.5039718173654762,0.9285070896148682,0.1135463714599609
MinMaxScaler,64,1,83.32451750746735,99.4008477272803,71.94104840060291,0.2389498499116095,0.8312959419997986,0.9970049756050432,0.7128203357049112,0.6458494663238525,0.0887348651885986
MinMaxScaler,67,1,82.40332535583826,99.36990027842668,76.53994305811422,0.2483612233570061,0.8630265576719991,0.9948151487826872,0.762070871036817,0.819782018661499,0.1198911666870117
MinMaxScaler,70,1,80.79615474873574,99.28816767866677,76.95528387204823,0.2445511994720411,0.8658660219917336,0.9940907869997314,0.766940664502314,1.0262651443481443,0.1178276538848877
MinMaxScaler,73,1,73.56889802700553,99.01263396499712,64.8266622006364,0.187569048722051,0.779413927108497,0.9946919736207174,0.640740484907094,0.6970970630645752,0.1481084823608398
MinMaxScaler,76,1,75.91663250606015,99.1156751937922,60.93451683135154,0.1951579670840273,0.7481483081042561,0.9981561509651398,0.5982938454099607,0.745262622833252,0.1339552402496338
MinMaxScaler,79,1,81.42717212966765,99.30554106601922,73.86702394908725,0.2212675079394556,0.8451431066650787,0.993559828262087,0.7353042757477378,1.0492255687713623,0.1143724918365478
MinMaxScaler,82,1,85.73125713510741,99.47151567531397,71.29794004354379,0.2159403305489114,0.8271089320662591,0.99456548110049,0.7079160046971058,1.264801025390625,0.1348624229431152
MinMaxScaler,85,1,82.44907130810346,99.36878728269753,79.38368782448502,0.2601206642595107,0.8817096842388484,0.9939338792841976,0.7922566830144367,0.9298427104949952,0.1391506195068359
MinMaxScaler,88,1,84.52507851061851,99.45900468246792,77.97353877072517,0.2683504512901203,0.8723503377591428,0.9959223473096356,0.7760585756717552,1.4547486305236816,0.1262032985687255
MinMaxScaler,91,1,80.16450679891261,99.25467249325052,59.56121252721487,0.1739944832292783,0.7374464476002001,0.9956544717834284,0.5855840298404366,0.9162704944610596,0.1119987964630127
MinMaxScaler,94,1,82.03796914038013,99.34299776370828,64.98408976720818,0.2143884590744707,0.7799713756524668,0.9984373316090096,0.6399461214339988,0.8876223564147949,0.1124625205993652
MinMaxScaler,97,1,81.0027226009767,99.31532465871088,59.75548484340981,0.199443511703082,0.7382752085738559,0.9995870937297232,0.5852731919596601,0.423490047454834,0.1227142810821533
MinMaxScaler,100,1,83.72642755238763,99.41437535130804,67.28521185731033,0.2257170747893812,0.7973609410983631,0.99849311509483,0.6636734129999309,0.5483663082122803,0.113236665725708
MinMaxScaler,103,1,88.16970728647078,99.56963145123991,75.50829006866522,0.2490382092440748,0.8560233135115977,0.995648589226823,0.7507425571596326,0.7640540599822998,0.1261026859283447
MinMaxScaler,106,1,86.73596229067701,99.52677552057824,75.17668732205661,0.2613197895301554,0.853575168434987,0.9973221293688536,0.746045451405678,0.9739513397216796,0.1524801254272461
MinMaxScaler,109,1,88.04058249385895,99.56749826370633,81.59102327918272,0.2913714525508415,0.8955847708792462,0.9952706697069504,0.8140498722110935,0.6544814109802246,0.1414275169372558
MinMaxScaler,112,1,88.05997296641915,99.57268028357788,76.15809747111037,0.2639106535086967,0.8602340559220861,0.996859925366342,0.7565448642674587,0.8564610481262207,0.1269044876098632
MinMaxScaler,115,1,85.70907222654911,99.47927517286227,71.24099815776252,0.2305937896020058,0.826433249777634,0.9964414546163596,0.7059819023278303,0.5545642375946045,0.1222131252288818
MinMaxScaler,118,1,88.10144101666259,99.56026777522106,74.27566571763523,0.2583375717999615,0.8474010491177874,0.9976607092729484,0.7364785521862264,0.3503477573394775,0.1381969451904297
MinMaxScaler,121,1,88.82127086349298,99.59345016906607,75.10969686819628,0.2675179031124275,0.8530232006171008,0.998102291136311,0.7447675623402639,0.6324982643127441,0.1333622932434082
MinMaxScaler,124,1,86.37118106204974,99.48709408336916,71.28789147546475,0.241204922953729,0.8265760297806911,0.9977532480218814,0.70553291427782,0.4894702434539795,0.1530220508575439
MinMaxScaler,127,1,83.08353094352962,99.37210407952745,68.56472952604253,0.2237276842986983,0.8070002262117754,0.9973567834087328,0.6776611176348691,1.0364630222320557,0.1316401958465576
MinMaxScaler,130,1,82.75273526985319,99.38391524517463,75.74610617986937,0.2407708308365102,0.8577602294379948,0.9945337767047784,0.7540581612212475,0.4364714622497558,0.1375114917755127
MinMaxScaler,133,1,87.51132436563428,99.52814458929684,81.86568414001005,0.2754262242266088,0.8974737719198576,0.993459667952373,0.8184016025419631,0.8796837329864502,0.1609892845153808
MinMaxScaler,136,1,88.0982977553204,99.567757405824,71.68313515324066,0.2454626902272408,0.8293362403100775,0.99800796812749,0.7094356565586792,0.6445310115814209,0.1531600952148437
MinMaxScaler,139,1,89.33059036504534,99.6241145394548,74.44984089767208,0.2738988170388501,0.8483679879139665,0.9993911577369802,0.7369966153208538,1.1658499240875244,0.1576185226440429
MinMaxScaler,142,1,88.96808416764563,99.59291405139248,75.83319376988779,0.2584259935506823,0.8581037229335065,0.996482894075732,0.7534710230020032,1.1034972667694092,0.1412034034729004
MinMaxScaler,145,1,89.92048277120959,99.64393032187624,74.15843242337968,0.2734792818858204,0.8463484097110195,0.9995766100578632,0.7338536989707812,0.7936463356018066,0.1431920528411865
MinMaxScaler,148,1,89.11535937788572,99.60144276972072,75.14989114051248,0.2767870972149626,0.85316180108857,0.9991655463353576,0.7443876493748705,0.7543637752532959,0.1587193012237548
MinMaxScaler,151,1,89.01134042693309,99.60642138048456,74.17852955953776,0.270126193616759,0.8465412560963471,0.9991541750857572,0.7343717621054086,1.1160755157470703,0.1829805374145507
MinMaxScaler,154,1,88.88624629200577,99.60647355783549,75.06615307318707,0.2773710611454502,0.852576543747772,0.9993036211699164,0.7434205981902328,1.180023193359375,0.1709058284759521
MinMaxScaler,157,1,89.37478960273548,99.61436535452954,76.288728856138,0.2806616267285574,0.8608878495490008,0.9986777914557972,0.7565103267251503,0.8131978511810303,0.1602499485015869
MinMaxScaler,160,1,89.19142630236625,99.61664984437604,74.37950092111873,0.2722567188563278,0.8479051917838182,0.999250128884098,0.736374939559301,0.8792135715484619,0.1453680992126464
MinMaxScaler,163,1,88.6200925544802,99.59031627242616,73.93401440294758,0.2704305392417825,0.8448317115967459,0.9993867345976036,0.7316778338053465,0.8558895587921143,0.1762244701385498
MinMaxScaler,166,1,90.44249223211958,99.65465523604806,74.38954948919779,0.2723247932398133,0.8479739133892711,0.9992502343017808,0.7364785521862264,1.3723344802856443,0.161517858505249
MinMaxScaler,169,1,89.79005659173718,99.63047412556556,75.04270641433595,0.2748671494159645,0.8524525238123527,0.9990252958923184,0.7433860606479243,0.5113604068756104,0.1751542091369629
MinMaxScaler,172,1,89.28422726024831,99.614537991067,74.57042371462067,0.2747212945083242,0.8491915299352429,0.999392182532261,0.7382399668439594,0.8482389450073242,0.1756818294525146
MinMaxScaler,175,1,87.83108220878046,99.5640009394194,75.74275665717636,0.269615536950875,0.8573286052009457,0.9978446299183712,0.7515023830904193,1.2156188488006592,0.1836669445037841
MinMaxScaler,178,1,88.77512625369171,99.59327316332754,74.5771227600067,0.2716571095353186,0.8492851469420175,0.999018966644866,0.7385853422670443,1.3121540546417236,0.1451308727264404
MinMaxScaler,181,1,89.16039809634893,99.61098489479568,74.99246357394071,0.2756872640796228,0.852093981536511,0.99916372421483,0.7427643848863715,1.064157485961914,0.2097780704498291
MinMaxScaler,184,1,90.09923467719511,99.63741632599962,74.47998660190923,0.2721618505849761,0.8486040735221063,0.9991577371203968,0.7374801409131726,0.6471943855285645,0.1764190196990966
MinMaxScaler,187,1,89.14283608191094,99.60776561066436,73.20381845587004,0.2513706107632215,0.8400255959046553,0.9976251543649662,0.7254265386475098,0.7396085262298584,0.173750638961792
MinMaxScaler,190,1,87.39665090870535,99.54978301285932,70.95293920616312,0.2514435226833829,0.823968821045794,0.9993106843919252,0.7009739586930994,1.058440923690796,0.1696703433990478
MinMaxScaler,193,1,89.05246540170076,99.59641289344844,74.52018087422543,0.2701025841013064,0.8489145762577212,0.998878242580042,0.7381018166747254,0.3595738410949707,0.1692926883697509
MinMaxScaler,196,1,89.39150830315484,99.6244317569175,76.46290403617485,0.2858942036252228,0.8619965042518509,0.999134987480082,0.7579609035021068,0.8130748271942139,0.1947584152221679
MinMaxScaler,199,1,88.3786000021313,99.57553544784012,79.02863841902528,0.2719524311742698,0.8792594735319641,0.9954587135932929,0.7873523520066312,0.4208741188049316,0.1767983436584472
MinMaxScaler,202,1,90.2755658886226,99.6513057176858,76.71746776084409,0.286622542788992,0.8637085547342209,0.9990021318093164,0.7606893693444774,0.7123486995697021,0.1900372505187988
MinMaxScaler,205,1,90.09766304652402,99.6384372938566,74.640763691174,0.2728699715379936,0.8497071960297766,0.99911301993371,0.7391724804862886,1.1396536827087402,0.169795274734497
MinMaxScaler,208,1,91.41190469600944,99.68665385630516,74.21202478646792,0.2730650172725967,0.8467281161036013,0.9994830098228134,0.734475374732334,0.3513824939727783,0.1968481540679931
MinMaxScaler,211,1,89.19649001972358,99.6130612784955,75.92028135990621,0.2815037530616115,0.8583699442463405,0.9990827791790874,0.75240035919044,1.116635799407959,0.1881191730499267
MinMaxScaler,214,1,90.17183059783989,99.6430983671062,74.1215876737565,0.2716824578811437,0.8461201402166986,0.9993883504281548,0.7336119361746218,0.3950886726379394,0.1897635459899902
MinMaxScaler,217,1,90.5258902386939,99.65323613170229,76.43610785463072,0.2845122601704559,0.861833965080425,0.9989983153485408,0.7577882157905643,0.4955098628997803,0.2048213481903076
MinMaxScaler,220,1,91.62560238495338,99.69525497332656,75.0293083235639,0.2782828911816107,0.8523089724032727,0.9994424569065652,0.742937072597914,0.7419247627258301,0.1934783458709716
MinMaxScaler,223,1,89.34134453540565,99.60769575864138,74.23882096801205,0.2713069127123583,0.846942227706024,0.999248649917821,0.7349243627823444,0.5359523296356201,0.1872501373291015
MinMaxScaler,226,1,89.480190438705,99.6175628747287,76.63038017082566,0.2824120357833644,0.8631772988449395,0.998593402604474,0.7601022311252331,0.4064388275146484,0.1965878009796142
MinMaxScaler,229,1,89.12424100780012,99.5969700959444,75.12644448166135,0.2715455332777932,0.8530785058562836,0.9985641500694766,0.7445948746287214,0.8790645599365234,0.2061381340026855
MinMaxScaler,232,1,90.11631561931794,99.63152870661406,77.1930999832524,0.2823198808974829,0.8669675478186116,0.9981105762742364,0.7662844511984527,1.0200884342193604,0.187178373336792
MinMaxScaler,235,1,90.33732330750516,99.6461152210654,77.33377993635906,0.2885720880719891,0.8678294497939413,0.9986963362553384,0.7672860399253989,0.5727436542510986,0.224898099899292
MinMaxScaler,238,1,89.5696449732313,99.62119111016108,76.1413498576453,0.2811528287812774,0.8598800039342972,0.998857456240574,0.7548525246943427,1.1601648330688477,0.2036666870117187
MinMaxScaler,241,1,89.27913287692668,99.61535920612884,75.26712443476804,0.2791734070337798,0.8539325842696629,0.999351791832577,0.7454583131864336,0.6073000431060791,0.1951930522918701
MinMaxScaler,244,1,89.2213102845901,99.60232741546632,75.2805225255401,0.2734057564241677,0.8541098327600521,0.9986593934911244,0.746114526490295,0.9372992515563964,0.2229926586151123
MinMaxScaler,247,1,90.07856965049312,99.6476055139575,75.40445486518172,0.2809277173897102,0.8548498685484986,0.9994453431938988,0.7468052773364647,0.7743527889251709,0.2163867950439453
MinMaxScaler,250,1,89.36736460612596,99.60486244793366,76.41266119577959,0.2847317185771539,0.8616720358293392,0.9990434544957638,0.7575119154520964,0.8973534107208252,0.2040555477142334
MinMaxScaler,253,1,90.66281760260084,99.666529989197,75.37765868363758,0.2780018292918437,0.8547089633362981,0.9991220368744512,0.7467707397941562,0.2844405174255371,0.2166051864624023
MinMaxScaler,256,1,89.6147526901142,99.62174605656276,76.55334114888629,0.2845989895948508,0.8626265797943323,0.9989091900736295,0.7590661048559785,1.017353057861328,0.2678573131561279
MinMaxScaler,259,1,89.66850245906535,99.62083939987696,73.65600401942723,0.2670485233421736,0.8429418695209377,0.9991951900771672,0.7289493679629757,1.026482343673706,0.219536542892456
MinMaxScaler,262,1,90.54702292135168,99.64075499163768,76.98208005359236,0.2842783318380806,0.8655238542522797,0.998510023478418,0.7637977481522414,1.0804710388183594,0.2086889743804931
MinMaxScaler,265,1,90.00495983640322,99.62732061084915,75.91358231452018,0.2794919987354246,0.8583528670199145,0.9988538944666024,0.7525039718173655,0.8598034381866455,0.2258613109588623
MinMaxScaler,268,1,90.3008557260677,99.6515820988822,75.85998995143191,0.2826350912575961,0.8579425620404865,0.9992653473529548,0.7516405332596533,0.8272943496704102,0.2154700756072998
MinMaxScaler,271,1,91.1435487589216,99.67313988283368,76.66722492044885,0.2874275605621689,0.8633581796783052,0.9991373830927086,0.7600676935829246,0.5643529891967773,0.2189335823059082
MinMaxScaler,274,1,89.37629031836408,99.60038846669552,77.22994473287557,0.2889575863093087,0.8671279465228099,0.9988292507204612,0.7661117634869102,1.0562920570373535,0.1922657489776611
MinMaxScaler,277,1,88.19667608546207,99.53785127392914,75.78964997487859,0.2707373014669605,0.8576324601142407,0.9979372937293728,0.7519168335981211,0.4994814395904541,0.2562944889068603
MinMaxScaler,280,1,88.35377973726474,99.5551603019372,74.79149221235973,0.2692291260523042,0.850804852906193,0.998557468590042,0.7411411203978725,0.8378205299377441,0.2080371379852295
MinMaxScaler,283,1,92.1412448250227,99.71648015435824,78.52286049237983,0.3037162545873282,0.8755579707332221,0.9993354598617756,0.7790633418525937,0.5827016830444336,0.2380809783935547
MinMaxScaler,286,1,90.22917978435235,99.64660287794985,75.57863004521856,0.2798239233746714,0.8560598582512389,0.9991704686851928,0.7488084547903571,0.8592371940612793,0.2303423881530761
MinMaxScaler,289,1,89.59039624795793,99.61202230747888,75.96047563222241,0.2790465660145135,0.8586787437235404,0.99876322660437,0.7530565724943014,0.3189649581909179,0.2197546958923339
MinMaxScaler,292,1,89.0721069518438,99.59618301983332,74.03115056104505,0.2668155524351187,0.845566997988168,0.998870535084004,0.733059335497686,1.1492998600006104,0.2341735363006591
MinMaxScaler,295,1,89.22199451891886,99.59774935648328,75.54178529559537,0.2772115012533988,0.8558455403324515,0.99889400921659,0.7486357670788146,1.2119808197021484,0.224802017211914
MinMaxScaler,298,1,89.57180692371543,99.61215044681316,73.99095628872885,0.2677111922627669,0.8452724917804125,0.9990108803165184,0.7325412723630587,0.8751733303070068,0.2478697299957275
MinMaxScaler,301,1,89.11562195520514,99.58361747715723,75.05945402780104,0.2671697818328095,0.8526828110161444,0.9981009726725336,0.7442494992056365,1.2738966941833496,0.2282867431640625
MinMaxScaler,304,1,89.94151578948336,99.635910817933,77.35722659521018,0.2887544219746707,0.8679842205991486,0.9986967463598778,0.7675278027215583,1.0488924980163574,0.2266795635223388
MinMaxScaler,307,1,89.53378112796624,99.6031591183328,75.85329090604588,0.277877450034055,0.8579647325386661,0.9987156552451724,0.7519859086827382,0.5701537132263184,0.2544174194335937
MinMaxScaler,310,1,88.88531098009419,99.59217163889356,78.67693853625858,0.2913446141672958,0.8767234701781564,0.9978400775808868,0.7818263452372729,0.744854211807251,0.2335977554321289
MinMaxScaler,313,1,88.58801595580789,99.56550233351804,76.03081560877575,0.2756236693218485,0.8592059182308267,0.9983083394294074,0.7541272363058644,0.607050895690918,0.2567782402038574
MinMaxScaler,316,1,90.04494633724572,99.6417715591533,74.98241500586167,0.2744475627410206,0.8520433430399557,0.9990244808844708,0.7427643848863715,1.2436585426330566,0.235558271408081
MinMaxScaler,319,1,89.50814821504538,99.60387258476015,75.54848434098142,0.2768675448705677,0.8558964033321489,0.9988481385919646,0.7487393797057401,0.5443801879882812,0.2750682830810547
MinMaxScaler,322,1,89.16504207331971,99.58724019254252,75.81644615642271,0.2772189291266523,0.8577227761794033,0.9986692364170338,0.7516405332596533,1.1584856510162354,0.2493629455566406
MinMaxScaler,325,1,89.19351925443067,99.5919745743268,76.03081560877575,0.2795582733569844,0.8591504940361374,0.9987644151565074,0.7537818608827795,0.9219071865081788,0.2276167869567871
MinMaxScaler,328,1,87.91346248866414,99.55389783187496,76.13465081225925,0.2807103130683986,0.8598406609619357,0.998811754490197,0.7548179871520343,0.7774176597595215,0.2336320877075195
MinMaxScaler,331,1,89.83019642240126,99.6072086708024,78.29844247194775,0.2874398626270182,0.874269856979294,0.9977410639146034,0.7779926780410306,0.9915626049041748,0.2464747428894043
MinMaxScaler,334,1,88.36119131751485,99.56095396467784,75.63892145369286,0.2751605489530846,0.8565398347042231,0.9985742537828266,0.7498791186019202,1.0295517444610596,0.2539002895355224
MinMaxScaler,337,1,89.07658801587914,99.5961401296738,78.14101490537598,0.2945800611190144,0.8731386804556588,0.998665955176094,0.7756441251640533,0.7143127918243408,0.2636299133300781
MinMaxScaler,340,1,88.4304331483128,99.55317420215668,76.80120582816949,0.2789453662100224,0.8643769092190804,0.9980555304332096,0.762278096290668,0.873467206954956,0.2517862319946289
MinMaxScaler,343,1,92.73325893259292,99.72596862767564,81.29291575950427,0.3225416062357435,0.8933814405436878,0.9987195356182508,0.8081439524763417,0.5473001003265381,0.2767114639282226
MinMaxScaler,346,1,89.79216487678377,99.61235089947128,75.05945402780104,0.2726417912605388,0.8526011560693642,0.9987477970503664,0.7437659736133176,0.849632740020752,0.2514989376068115
MinMaxScaler,349,1,88.76850623864544,99.57380236196876,75.75950427064143,0.2772016415737586,0.8573343584284503,0.9987140035824186,0.7510188574981005,1.0230395793914795,0.2710580825805664
Normalizer,1,1,58.98254010322317,96.88048583077688,85.03768213029643,0.1706126200452009,0.9178150240097144,0.9820465372652468,0.8614699178006493,0.6822688579559326,0.0760607719421386
Normalizer,4,1,63.44806799441602,97.8680213465344,98.4558700385195,0.6932606143070436,0.9921011599814952,0.9844265360943928,0.9998963873730744,0.7106544971466064,0.060795783996582
Normalizer,7,1,61.34399951793104,97.6602552414133,98.44917099313348,0.6916466540473026,0.9920668916950808,0.9843925328980924,0.999861849830766,0.3662822246551513,0.0589170455932617
Normalizer,10,1,67.95770887527439,98.37669634337684,98.43912242505442,0.6892234013235364,0.9920148051681004,0.9844238879064072,0.999723699661532,1.0445525646209717,0.0624148845672607
Normalizer,13,1,68.2559871270415,98.39276036179233,98.42237481158936,0.6852517378038104,0.9919284355560124,0.9844212388176468,0.9995510119499896,0.97548246383667,0.0627756118774414
Normalizer,16,1,67.36442213018515,98.28996393479152,98.39892815273824,0.6797981612905618,0.9918074932300416,0.9844175285792052,0.9993092491538302,1.523339033126831,0.048044204711914
Normalizer,19,1,68.98877526041728,98.42790884444574,98.35873388042204,0.6707267055031888,0.9916000959989028,0.9844111640571818,0.9988947986461284,1.1360950469970703,0.0664656162261962
Normalizer,22,1,66.14614386615166,98.18830004011204,98.23480154078044,0.6445815413004938,0.990960393831798,0.9843584937808826,0.9976514471230228,0.4832103252410888,0.0809807777404785
Normalizer,25,1,67.07433744075814,98.32722361430132,98.16111204153408,0.6303671350350218,0.99057947389193,0.9843467585172048,0.996891621192236,1.3029117584228516,0.0948238372802734
Normalizer,28,1,66.66056925076226,98.29317604768212,98.16781108692012,0.631401125363683,0.9906144369520083,0.9843147952398812,0.9969952338191614,0.6128954887390137,0.0694329738616943
Normalizer,31,1,67.04046304992795,98.32332556833106,98.01038352034836,0.6041316565736193,0.9897990726429676,0.9843557863096052,0.9953028942460456,1.0358633995056152,0.1013965606689453
Normalizer,34,1,66.99112534659247,98.33239488775293,97.9567911572601,0.5947694042806733,0.9895221409186162,0.9842810278840896,0.9948193686537266,0.9519484043121338,0.0924055576324462
Normalizer,37,1,67.32275858441923,98.37004827881712,97.9165968849439,0.5894967613261347,0.9893127147766324,0.9843739314778088,0.9943013055190992,1.099897861480713,0.0715250968933105
Normalizer,40,1,67.29828714489678,98.36773599269362,97.8998492714788,0.5869336555628483,0.9892258785118996,0.9843712595328478,0.9941286178075568,1.2080059051513672,0.0768878459930419
Normalizer,43,1,67.02223213414335,98.33689452716509,97.88310165801374,0.5844010063264127,0.9891390273242824,0.9843685866739637,0.9939559300960144,0.6934072971343994,0.0779333114624023
Normalizer,46,1,67.14839191133059,98.34190150760251,97.86970356724169,0.5823964058408118,0.9890695356271269,0.9843664477285168,0.9938177799267804,0.4940216541290283,0.0788593292236328
Normalizer,49,1,67.66621738473451,98.37729552168744,97.80271311338134,0.5726495289165271,0.9887219337757452,0.9843557442147064,0.9931270290806106,0.759178876876831,0.0882503986358642
Normalizer,52,1,66.95611248183712,98.32973571098424,97.80606263607436,0.5739170694164287,0.9887385451231884,0.984422609469684,0.993092491538302,1.1111254692077637,0.0979604721069336
Normalizer,55,1,66.64377963530042,98.26574561953818,97.732373136828,0.5633017115758272,0.9883562939648796,0.9843776765219776,0.992367203149824,1.04125714302063,0.0895154476165771
Normalizer,58,1,66.62255495474969,98.30095844006566,97.729023614135,0.5624287707259102,0.9883392955421024,0.9843439534087016,0.992367203149824,0.5406913757324219,0.1149079799652099
Normalizer,61,1,66.94756051103909,98.3169713962213,97.74577122760006,0.5655379048322696,0.9884254880041276,0.9844130040080848,0.9924708157767492,0.9112560749053956,0.0906407833099365
Normalizer,64,1,66.74792508335584,98.3243140140934,97.729023614135,0.5628489502380214,0.988338894430876,0.9843771412909414,0.9923326656075152,0.9904744625091552,0.1182503700256347
Normalizer,67,1,67.18606121524464,98.35006385967058,97.732373136828,0.5633017115758272,0.9883562939648796,0.9843776765219776,0.992367203149824,0.8074946403503418,0.0991127490997314
Normalizer,70,1,67.17675026182984,98.34226898732224,97.72232456874896,0.5615241960252955,0.9883044958893744,0.9843428806358776,0.9922981280652068,1.1274924278259275,0.0918424129486084
Normalizer,73,1,67.52621575790509,98.3704605458371,97.70557695528387,0.5592800422601607,0.988217486282402,0.9843401980605146,0.9921254403536643,1.0288243293762207,0.1279871463775634
Normalizer,76,1,67.08980075326342,98.34892090312024,97.72567409144196,0.5615548789954686,0.9883222977040158,0.9843102326059402,0.992367203149824,0.91556715965271,0.0933032035827636
Normalizer,79,1,67.02347793894361,98.34193112016168,97.66203316027466,0.5539975464298489,0.9879907780186504,0.9843664289632474,0.9916419147613456,1.12752366065979,0.1071383953094482
Normalizer,82,1,66.819411279417,98.33164890811152,97.62853793334448,0.5497120357948262,0.9878166299559472,0.9843610672885658,0.9912965393382608,0.980027198791504,0.0992665290832519
Normalizer,85,1,66.92801479203455,98.3367356420124,97.63188745603752,0.5501365268567305,0.9878340474592604,0.9843616036215234,0.9913310768805692,1.0238847732543943,0.0970842838287353
Normalizer,88,1,66.86941213423076,98.32965890821689,97.63188745603752,0.5496888630317354,0.987834466144713,0.9843283838002812,0.9913656144228776,0.9400436878204346,0.0981888771057128
Normalizer,91,1,66.91527308386213,98.33161654849268,97.61179031987942,0.5471500098917328,0.987729955772772,0.9843251586348826,0.9911583891690268,0.561309814453125,0.1278800964355468
Normalizer,94,1,66.48837219464883,98.19780827902576,97.4242170490705,0.5244006245921216,0.9867539402290932,0.9842617092196144,0.9892588243420598,0.2516627311706543,0.0997612476348877
Normalizer,97,1,66.7854487239394,98.22872993674255,97.53810082063306,0.5381066297096778,0.9873465663573604,0.9843133216627192,0.99039856323824,0.6030745506286621,0.1231510639190673
Normalizer,100,1,66.57497096124841,98.17733042881048,97.56154747948418,0.540474518285767,0.9874690167997796,0.984283851485828,0.990674863576708,0.4299948215484619,0.1085627079010009
Normalizer,103,1,67.24374772736455,98.35993331028108,97.51800368447496,0.5357099105390367,0.9872419552004958,0.9843100902942288,0.9901913379843892,0.606635570526123,0.1292018890380859
Normalizer,106,1,66.30013683919925,98.13301314055232,97.53475129794003,0.5372335553615682,0.9873295689298994,0.9842795359373928,0.99039856323824,1.1863479614257812,0.1341044902801513
Normalizer,109,1,66.28419437100159,98.1833477132748,97.4845084575448,0.5312962107056113,0.9870680006199094,0.9842714378927848,0.9898805001036126,0.7999579906463623,0.1170785427093505
Normalizer,112,1,66.87068093850424,98.31207618279666,97.55484843409816,0.5391921996521134,0.9874345910217572,0.984249536751081,0.9906403260343994,0.5238571166992188,0.1002178192138671
Normalizer,115,1,66.92998508024172,98.30289528420208,97.49790654831686,0.5319018128381223,0.987138651194022,0.9842070930751536,0.9900877253574636,0.9361732006072998,0.1413948535919189
Normalizer,118,1,66.18117206388916,98.12559878302731,97.51465416178196,0.5338842433848379,0.9872258375512172,0.9842098036523412,0.990260413069006,0.8876564502716064,0.1169698238372802
Normalizer,121,1,66.50349243167834,98.17567276837576,97.55149891140512,0.5383169846728125,0.9874175947122916,0.9842157636482174,0.9906403260343994,0.9574370384216307,0.1223855018615722
Normalizer,124,1,66.37874520547231,98.16933569266702,97.58499413833528,0.538750659147663,0.987595272095384,0.9839555692687442,0.9912620017959524,0.9031522274017334,0.1142361164093017
Normalizer,127,1,66.14120281265158,98.09551837503204,97.43761513984256,0.5254194906923505,0.9868242021322402,0.984230597450785,0.9894315120536022,0.9219141006469728,0.1141798496246337
Normalizer,130,1,65.96499234845858,98.08855480305232,97.43761513984256,0.5249266247197844,0.9868246559771284,0.9841973272870932,0.9894660495959108,0.7296981811523438,0.0971546173095703
Normalizer,133,1,66.07976163652597,98.08117054317452,97.37397420867526,0.5183307214274332,0.9864925398849108,0.9842202970297028,0.988775298749741,0.864581823348999,0.141233205795288
Normalizer,136,1,65.95456017072355,98.10182184620622,97.4041199129124,0.5201570324782935,0.9866510498303392,0.984125347902278,0.9891897492574429,0.941117525100708,0.1476986408233642
Normalizer,139,1,65.75937705773411,98.03914095433257,97.35722659521018,0.5149825387356539,0.9864066295677344,0.9841177077245694,0.988706223665124,0.6308760643005371,0.1356334686279297
Normalizer,142,1,66.37564794307661,98.10260219019342,97.44766370792162,0.525580860141774,0.9868774540194256,0.9841656934807996,0.9896041997651448,0.2509026527404785,0.1275815963745117
Normalizer,145,1,65.97017106318208,98.0635425025098,97.51465416178196,0.5300641898861548,0.9872293552717636,0.9839440098806091,0.990536713407474,0.7617459297180176,0.1401796340942382
Normalizer,148,1,67.51420619963068,98.29282479842932,97.04237146206664,0.484044562559756,0.9847619376326644,0.9840996102507502,0.9854251571458176,1.522871971130371,0.1293466091156005
Normalizer,151,1,66.22640627787487,98.10405480349556,97.10266287054094,0.492395619467521,0.9850746268656716,0.984276404261922,0.9858741451958278,0.7452957630157471,0.1583154201507568
Normalizer,154,1,66.3496834544166,98.1553121824609,97.00552671244348,0.4834732081288711,0.984566515899596,0.984260665470109,0.9848725564688816,0.4079458713531494,0.1301074028015136
Normalizer,157,1,59.42228619823844,97.2702500727661,98.39557863004522,0.6790290086841335,0.9917902133858942,0.984416998400871,0.9992747116115216,1.168165922164917,0.1354546546936035
Normalizer,160,1,59.31140190452505,97.32305138918196,98.4324233796684,0.6876390756832044,0.991979984234157,0.9844557823129252,0.9996200870346066,1.107393503189087,0.154808759689331
Normalizer,163,1,59.0242228152168,97.22462852184304,98.41902528889634,0.6844237061439244,0.9919117143052986,0.984354805795524,0.9995855494922982,1.308605670928955,0.1504943370819091
Normalizer,166,1,59.37109320406199,97.34019314515088,98.4324233796684,0.6876390756832044,0.991979984234157,0.9844557823129252,0.9996200870346066,0.8479619026184082,0.1522889137268066
Normalizer,169,1,59.49154911188684,97.29455894962815,98.4123262435103,0.6828445871290061,0.9918771635192104,0.9843537414965986,0.9995164744076812,1.1110191345214844,0.1557605266571045
Normalizer,172,1,59.19655786816963,97.24702295287952,98.42572433428236,0.6860253385868549,0.99194598670231,0.984388817087273,0.9996200870346066,0.6926319599151611,0.1292169094085693
Normalizer,175,1,59.15096907897153,97.24727411858788,98.42237481158936,0.685232757773479,0.991928712192614,0.9843882861127172,0.9995855494922982,0.455357551574707,0.1414756774902343
Normalizer,178,1,59.26888354500388,97.24755348002591,98.41902528889634,0.6844237061439244,0.9919117143052986,0.984354805795524,0.9995855494922982,0.9293091297149658,0.1345126628875732
Normalizer,181,1,59.08343687568408,97.27327321828292,98.41902528889634,0.6844237061439244,0.9919117143052986,0.984354805795524,0.9995855494922982,1.063877820968628,0.1827714443206787
Normalizer,184,1,60.10450807308344,97.44801970827172,98.4324233796684,0.6876390756832044,0.991979984234157,0.9844557823129252,0.9996200870346066,0.7109110355377197,0.1575996875762939
Normalizer,187,1,59.15626662430675,97.29455236164564,98.4089767208173,0.6820329682422092,0.991860166223974,0.9843202612156048,0.9995164744076812,1.1570887565612793,0.1605274677276611
Normalizer,190,1,59.48937757828886,97.30350943109045,98.29174342656172,0.6559339346316332,0.9912551440329218,0.9843015732479738,0.998307660426884,0.63883376121521,0.1552753448486328
Normalizer,193,1,59.03977045912392,97.2310188660547,98.26494724501758,0.65035256280792,0.9911167512690356,0.9842972954560938,0.998031360088416,0.9042656421661376,0.1337709426879882
Normalizer,196,1,59.172676748460205,97.2447739372195,98.42237481158936,0.685217130686528,0.9919289888102542,0.9843553378906914,0.9996200870346066,0.6515934467315674,0.1314229965209961
Normalizer,199,1,59.2676645729224,97.27175263193,98.41567576620332,0.6836137547713542,0.9918947170005312,0.9843213277556712,0.9995855494922982,0.8737795352935791,0.168466567993164
Normalizer,202,1,59.255896509116944,97.25124398078326,98.41902528889634,0.6844080256800364,0.9919119915007368,0.9843218609712964,0.9996200870346066,1.1247718334197998,0.1585338115692138
Normalizer,205,1,58.69674098230904,97.16500726228658,98.4123262435103,0.6827871116242926,0.991877998629198,0.9842549139631368,0.9996200870346066,0.760608434677124,0.1802647113800048
Normalizer,208,1,59.13560926409581,97.25423516003268,98.41902528889634,0.6844080256800364,0.9919119915007368,0.9843218609712964,0.9996200870346066,0.8881075382232666,0.1578521728515625
Normalizer,211,1,59.10718958166795,97.23116068448948,98.27499581309664,0.6525747236835748,0.99116835011061,0.9843318914131952,0.998100435173033,0.8154213428497314,0.1700146198272705
Normalizer,214,1,59.39199972523296,97.23046990720545,98.42237481158936,0.685217130686528,0.9919289888102542,0.9843553378906914,0.9996200870346066,0.5645148754119873,0.1467945575714111
Normalizer,217,1,59.27972013014328,97.27516212885988,98.41567576620332,0.6836137547713542,0.9918947170005312,0.9843213277556712,0.9995855494922982,0.3936927318572998,0.1489295959472656
Normalizer,220,1,59.41334515301817,97.2628183753318,98.41902528889634,0.6844080256800364,0.9919119915007368,0.9843218609712964,0.9996200870346066,0.7373673915863037,0.1408662796020507
Normalizer,223,1,59.00370345184529,97.18102470945972,98.41567576620332,0.6836328630078441,0.991894439208294,0.9843542736641612,0.9995510119499896,1.068193435668945,0.155160903930664
Normalizer,226,1,59.075350644219085,97.208976911731,98.33193769887792,0.6642853391674688,0.9914635400596524,0.9842090933841546,0.9988257235615112,0.727121114730835,0.1658315658569336
Normalizer,229,1,59.22870346526163,97.21975485450449,98.2716462904036,0.6517354318370017,0.991151353019858,0.9842983651226158,0.998100435173033,0.5097641944885254,0.1730175018310547
Normalizer,232,1,59.15684161113764,97.21824974497322,98.4123262435103,0.6828445871290061,0.9918771635192104,0.9843537414965986,0.9995164744076812,0.562183141708374,0.1463091373443603
Normalizer,235,1,58.89946983914245,97.15950519689432,98.32523865349188,0.6631029299448266,0.9914280816046632,0.984306917211329,0.9986530358499688,1.0802021026611328,0.1726641654968261
Normalizer,238,1,58.7281199302932,97.17170219247652,98.33863674426394,0.6661247139204903,0.99149694850168,0.9843420246442915,0.9987566484768944,0.7318353652954102,0.1781866550445556
Normalizer,241,1,59.34416082090333,97.19813981859046,98.4123262435103,0.6827871116242926,0.991877998629198,0.9842549139631368,0.9996200870346066,0.8395581245422363,0.1679718494415283
Normalizer,244,1,59.319244724898326,97.19217529501492,98.4123262435103,0.6827871116242926,0.991877998629198,0.9842549139631368,0.9996200870346066,0.9913313388824464,0.2047157287597656
Normalizer,247,1,59.10992651898295,97.1776238438786,98.12426729191093,0.623331285642387,0.9903892359442577,0.9843078392576926,0.9965462457691512,0.863990306854248,0.1778924465179443
Normalizer,250,1,58.561274084952544,97.1027704643552,98.33193769887792,0.6645632566930259,0.9914626620037028,0.9843079855674314,0.9987221109345858,1.5465152263641355,0.1689796447753906
Normalizer,253,1,59.69331390746713,97.30693934790236,98.29509294925474,0.656769870840201,0.9912721411546838,0.984335092797548,0.998307660426884,0.736825704574585,0.1444532871246338
Normalizer,256,1,58.76249072642074,97.1657840483934,98.36208340311504,0.6712482177970864,0.9916182444592996,0.9843127913703338,0.9990329488153624,1.0142967700958252,0.2324249744415283
Normalizer,259,1,58.64365053159064,97.12265440723588,98.41567576620332,0.6836328630078441,0.991894439208294,0.9843542736641612,0.9995510119499896,1.1756370067596436,0.1685953140258789
Normalizer,262,1,58.9902717594758,97.23437980905834,98.34198626695697,0.6666006571978429,0.9915151099607468,0.9842436617321764,0.9988947986461284,0.729236364364624,0.1760303974151611
Normalizer,265,1,58.500313981142114,97.11021345996834,98.31519008541282,0.6608194846498912,0.9913765022544532,0.984272340425532,0.998583960765352,0.5989077091217041,0.1992671489715576
Normalizer,268,1,58.89357047425759,97.19805438486377,98.348685312343,0.6680959011341795,0.9915496820417888,0.9842447340660836,0.9989638737307454,0.6329588890075684,0.1637177467346191
Normalizer,271,1,58.775458596079964,97.145737278854,98.4089767208173,0.6819911400176428,0.991860724138522,0.9842543785070568,0.9995855494922982,0.6078100204467773,0.169412612915039
Normalizer,274,1,58.92739694951854,97.18707239134558,98.39892815273824,0.6796482614262072,0.9918086163759126,0.9842857142857144,0.999447399323064,0.8595602512359619,0.1729259490966797
Normalizer,277,1,59.09511869146491,97.15484450515886,98.38887958465918,0.6773973731626972,0.9917562171148474,0.9843500153097676,0.9992747116115216,1.0935087203979492,0.1746985912322998
Normalizer,280,1,78.66924396208246,98.64641572245388,97.45101323061463,0.5652520036995408,0.9868577843018738,0.986908915063383,0.9868066588381572,1.3564493656158447,0.1646790504455566
Normalizer,283,1,79.35147350341853,98.89158209930244,97.35722659521018,0.5389984022190871,0.986384109617409,0.9857206912013244,0.9870484216343164,1.01304292678833,0.1678240299224853
Normalizer,286,1,79.92062038472446,98.73621072478744,91.1773572265952,0.3229482679512893,0.9529037333714776,0.9878772150960184,0.9203218898943152,0.7507412433624268,0.167126178741455
Normalizer,289,1,79.00666731729619,98.82261782422496,97.31368280020098,0.5351419595144952,0.986156183111234,0.9857478086824488,0.9865648960419976,1.0569212436676023,0.2030150890350341
Normalizer,292,1,79.40887060550024,98.7391150823571,97.0356724166806,0.5104981024011613,0.984700492695998,0.9857741165068706,0.983629204945776,1.167726993560791,0.1852176189422607
Normalizer,295,1,82.92643304159523,98.86090510697056,89.95143192095126,0.3300157629097518,0.945887445887446,0.9899569583931134,0.9055743593285902,1.315282106399536,0.1702799797058105
Normalizer,298,1,80.10368469194161,98.67031529577538,91.00653156925138,0.3261693467996623,0.9519256593436108,0.9883258355950478,0.9181114871865718,0.8090095520019531,0.1747753620147705
Normalizer,301,1,79.52932842994787,98.72905859441482,91.33478479316696,0.3204917315272315,0.9538010964873118,0.9875013866804718,0.9223250673482076,0.7402100563049316,0.1859438419342041
Normalizer,304,1,81.31783071728378,98.75015140707374,90.36007368949925,0.3266551049046561,0.948242995360213,0.9891940567312022,0.9105477654210128,1.1685566902160645,0.1903471946716308
Normalizer,307,1,82.22430895591054,98.85629391001557,90.79886116228435,0.3296651939020587,0.9507344105884252,0.9888453646707704,0.915452096428818,0.9339416027069092,0.1907835006713867
Normalizer,310,1,84.31617621184417,99.2144011512252,96.54329258080725,0.5066013765923776,0.9820746196067532,0.9878398210916206,0.9763763210609931,0.8367125988006592,0.1817333698272705
Normalizer,313,1,78.8820753375345,98.66615247885017,96.97538100820633,0.5299574216942662,0.9843590320960284,0.9873518885298308,0.9813842646957244,0.9631669521331788,0.2203857898712158
Normalizer,316,1,86.14969805141564,99.3887590615789,89.41550829006867,0.3200065838392208,0.9428385369559712,0.9898587055606198,0.9000828901015404,0.6304042339324951,0.1865220069885254
Normalizer,319,1,78.1122101366805,98.6473944919792,97.31368280020098,0.5396073563871505,0.9861518803743482,0.986049723756906,0.9862540581612212,0.8973071575164795,0.2004601955413818
Normalizer,322,1,79.79417694736732,98.72580902635808,91.28119243007872,0.3251368225458089,0.953483800639754,0.9878911312719868,0.9213925537058782,0.6098763942718506,0.207484483718872
Normalizer,325,1,78.4700819402233,98.46298069476843,91.05677440964662,0.3451796793463708,0.9521471073195212,0.9896058415915356,0.917420736340402,0.4038944244384765,0.2099547386169433
Normalizer,328,1,79.88799371531726,98.61214651931296,90.69837548149388,0.3276567268220449,0.9501695706005848,0.9888328664799252,0.9144159701595634,0.9844241142272948,0.2079138755798339
Normalizer,331,1,75.60744483748842,98.46305259913748,97.71897504605592,0.5848168576746458,0.9882644884454324,0.986208082545142,0.990329488153623,1.0525741577148438,0.1935493946075439
Normalizer,334,1,79.82715819198687,98.84206529642115,91.49556188243176,0.3276537750687476,0.9546857989327336,0.987775602910219,0.9237411065828556,0.8962788581848145,0.1831855773925781
Normalizer,337,1,82.01209473299029,99.00457879663702,97.13950762016412,0.5319996595782028,0.9852320675105484,0.9865969384221098,0.9838709677419356,0.6095759868621826,0.1837611198425293
Normalizer,340,1,79.40567751196605,98.62110658724217,91.1740077039022,0.3171096561561876,0.9529035371499044,0.9874791628079274,0.9206672653174,1.2082579135894775,0.1822817325592041
Normalizer,343,1,80.36985567907209,98.67361487763192,90.75196784458215,0.321542921116917,0.9504957595969376,0.988329169618554,0.915452096428818,0.8069860935211182,0.2044858932495117
Normalizer,346,1,80.7680474758193,98.80897597002728,91.13046390889298,0.3292577034531612,0.9526178291522028,0.988378137531561,0.9193548387096774,1.1712651252746582,0.1703467369079589
Normalizer,349,1,80.24139403793855,98.59345913389272,96.51314687657008,0.5234652937505888,0.9818928180062968,0.9890668255247572,0.9748221316571112,0.9144611358642578,0.2168362140655517
QuantileTransformer,1,1,82.81553341489969,99.27975717918176,64.80321554178529,0.1725124238616526,0.7796048491966945,0.9925763725699636,0.6418802238032741,4.594956636428833,0.1515758037567138
QuantileTransformer,4,1,86.79551176012899,99.54561569734844,74.87857980237817,0.2557473225431749,0.8516085631751811,0.9968964239392256,0.7432824480209989,5.413522481918335,0.1988582611083984
QuantileTransformer,7,1,87.05584088105769,99.55477382616832,72.7616814603919,0.2485890742794294,0.8369556500120299,0.9976101711117484,0.7208675830627892,6.018125295639038,0.056645393371582
QuantileTransformer,10,1,81.15498486366333,99.32835385845928,67.61011555853291,0.2142342146010586,0.8000661621800438,0.996703070265815,0.6682323685846515,3.0877513885498047,0.0497691631317138
QuantileTransformer,13,1,68.63141327853121,98.81987909274332,50.85915257075867,0.1685758543341256,0.6606998311709337,0.999929996499825,0.4933342543344615,5.535442113876343,0.0886130332946777
QuantileTransformer,16,1,67.1062089607941,98.55845434976705,71.3615809747111,0.1206295294751718,0.8292458859242691,0.9830949900558764,0.717033915866547,6.186721086502075,0.0578396320343017
QuantileTransformer,19,1,71.52073935333301,98.8352611435127,60.53592363088261,0.1329013050750934,0.7467216991272195,0.98884081074926,0.5998480348138426,3.810100078582764,0.0790209770202636
QuantileTransformer,22,1,81.95372206991887,99.35745400361716,68.042203985932,0.2153289467991827,0.8032824065483186,0.9965723640456337,0.6727913241693722,5.939397096633911,0.0880160331726074
QuantileTransformer,25,1,73.62958788700544,98.84410732723552,61.32641098643443,0.1431969698900756,0.7528469903245141,0.9900349059790564,0.6073426814947849,4.937312841415405,0.1550085544586181
QuantileTransformer,28,1,69.28847564627945,98.70861178216018,56.02411656338971,0.136657344084004,0.7086005992675619,0.9914291037823738,0.5513227878704151,5.18799901008606,0.1607334613800048
QuantileTransformer,31,1,88.2662897410773,99.5621754513238,79.25305643945738,0.2561629978579057,0.880902938009537,0.9936236661750673,0.791151481660565,4.239537477493286,0.1065814495086669
QuantileTransformer,34,1,87.60529446340581,99.57725860149392,75.54848434098142,0.2729476354468481,0.8559532736098504,0.9983888786595472,0.749084755128825,3.431571245193481,0.0861411094665527
QuantileTransformer,37,1,78.6821102507349,99.2272470460076,58.42572433428237,0.1948002844208903,0.727244758932888,0.999697921701305,0.5714927125785729,3.6972718238830566,0.0641789436340332
QuantileTransformer,40,1,87.15564326191716,99.56298035932883,76.42605928655166,0.2725906315150301,0.8619296111743242,0.99763851044505,0.7587207294328936,5.828033924102783,0.1355097293853759
QuantileTransformer,43,1,83.78086922215857,99.42486299072353,66.37749120750293,0.2088057211604528,0.7908488561070134,0.9967436974789916,0.6554534779305105,5.486954927444458,0.1988978385925293
QuantileTransformer,46,1,82.61701921153666,99.3759575263975,66.38084073019594,0.2110682160163795,0.7908217493695684,0.997057123338063,0.655280790218968,2.3767993450164795,0.0999813079833984
QuantileTransformer,49,1,85.91818727045089,99.5101018353517,72.11857310333278,0.2353977354428315,0.8326228585216762,0.99643854076427,0.715065275954963,7.308944940567017,0.1063873767852783
QuantileTransformer,52,1,66.8304126941146,98.58726077296102,52.60425389382013,0.1109356255954303,0.6791819707069333,0.9885163674762408,0.5173033086965532,3.3289310932159424,0.0910863876342773
QuantileTransformer,55,1,85.10874572602705,99.45908074727691,73.86702394908725,0.2353758262566526,0.8449214867819519,0.9952238246862708,0.7340609242246322,5.829962968826294,0.0733997821807861
QuantileTransformer,58,1,85.65086822628139,99.50109605443905,70.93619159269804,0.2399144410376637,0.8240637482511811,0.997839430395286,0.7018373972508116,5.406465530395508,0.1507439613342285
QuantileTransformer,61,1,85.4702035307718,99.4879828794227,70.4739574610618,0.236113431597553,0.8207859800353752,0.9976770622250778,0.6971748290391656,3.870298624038696,0.3422999382019043
QuantileTransformer,64,1,88.19531911654117,99.58922120823964,68.41065148216379,0.2360967886173638,0.8055904846323514,0.9991307460244414,0.6748635767078814,6.669033527374268,0.1325349807739257
QuantileTransformer,67,1,86.14158498723184,99.50658451710224,63.41986266956958,0.2100994938470797,0.7677815815773247,0.9988381742738588,0.6235407888374663,2.19980788230896,0.1515202522277832
QuantileTransformer,70,1,85.25619343231642,99.47636067220876,64.3711271143862,0.2159601181855482,0.7751400486206532,0.9990736199662144,0.6332113006838433,5.218216180801392,0.1095368862152099
QuantileTransformer,73,1,85.4049080262565,99.47772825769373,60.8038854463239,0.2052867911352626,0.7467757292478144,0.9998261675744582,0.5959452925329833,3.4856231212615967,0.1200630664825439
QuantileTransformer,76,1,82.2660779159288,99.37990904831148,68.16278680288059,0.2336536224265648,0.8037900212621019,0.9989737800810714,0.6724114112039787,5.930598258972168,0.0700008869171142
QuantileTransformer,79,1,61.78084959594143,98.33658946532974,42.06330597889801,0.089918627971221,0.5768939115970745,0.988681143623711,0.4072666989017061,6.77310585975647,0.2135322093963623
QuantileTransformer,82,1,88.64562963626257,99.59485006469755,73.69284876905041,0.2424562359540892,0.8435956667197706,0.9961903866052112,0.7315396836361124,4.491667747497559,0.1100368499755859
QuantileTransformer,85,1,82.96291403939212,99.36431376994462,69.96817953441634,0.2165149668513707,0.8174822897158212,0.9954883490332176,0.6934793120121572,4.25318455696106,0.1024172306060791
QuantileTransformer,88,1,74.76407907004236,98.96451484165956,57.06246859822476,0.1439044216676254,0.7173131629435244,0.9921307875312634,0.5617185881052704,1.3576509952545166,0.101130723953247
QuantileTransformer,91,1,83.76699862317486,99.41041402011768,63.87874727851282,0.2088590098042857,0.7714479484571041,0.9983543609434996,0.6285832700145058,0.9814965724945068,0.0841012001037597
QuantileTransformer,94,1,52.6464133049806,97.84397021611346,34.86853123429911,0.0925981722615198,0.4962826723311659,0.9927453622137008,0.3308351177730192,0.8938446044921875,0.1145939826965332
QuantileTransformer,97,1,85.69169804114254,99.46293226980774,70.45051080221069,0.215750302337903,0.8210039362090654,0.995081644698013,0.6987635559853561,0.4349808692932129,0.1004612445831298
QuantileTransformer,100,1,81.37970313353256,99.27257862486498,71.0299782281025,0.1846914890318661,0.8257549811632452,0.9908620606295024,0.7078123920701803,0.8699245452880859,0.0791523456573486
QuantileTransformer,103,1,83.66566869396802,99.40867372770909,64.32423379668397,0.2057180218885413,0.7750343225261379,0.9976075254200424,0.6336602887338537,1.008845329284668,0.123225450515747
QuantileTransformer,106,1,72.22433348868199,98.87099241394968,47.60676603583989,0.1262618925900865,0.6314152410575428,0.9936220706021952,0.46273399184914,1.1445410251617432,0.1053705215454101
QuantileTransformer,109,1,82.61558941095053,99.28639019611713,76.69737062468597,0.2197031339030792,0.8644625845038867,0.9915530726256984,0.7662499136561443,1.4210646152496338,0.1229715347290039
QuantileTransformer,112,1,76.25815551737813,99.1085524425354,56.02746608608273,0.1690033510537086,0.7074866310160428,0.996860479718699,0.5483180216895766,0.9368565082550048,0.1171216964721679
QuantileTransformer,115,1,65.57679573945491,98.46144324814914,45.32909060458884,0.0874813751787479,0.6106950341077136,0.9868948504471168,0.4421496166332804,0.2942492961883545,0.1103873252868652
QuantileTransformer,118,1,85.49009999174318,99.47172420529672,67.08089097303635,0.2040365592000609,0.7963024374067319,0.9956463149165544,0.66346618774608,0.6154270172119141,0.1003048419952392
QuantileTransformer,121,1,55.33296069075697,97.81998643108342,21.57762518841065,0.0837271394653655,0.3213033017363829,0.9998195922785496,0.1914070594736478,0.3748731613159179,0.1093873977661132
QuantileTransformer,124,1,59.35727435389304,98.20539248531514,29.227935019259757,0.0949073000057791,0.4262633393977245,0.9969516067572716,0.2710851695793327,1.0518734455108645,0.1277084350585937
QuantileTransformer,127,1,70.69598782622548,98.80540749012413,38.32523865349188,0.1260267083372346,0.5340486372953412,0.998958629177317,0.3644401464391794,0.7655048370361328,0.1205568313598632
QuantileTransformer,130,1,86.54279354821844,99.51037307365124,74.00770390219394,0.230794282894076,0.8459706232631997,0.9945860169887052,0.7359950265939076,1.0458364486694336,0.0947623252868652
QuantileTransformer,133,1,85.10294985877174,99.44472528101193,71.3816781108692,0.2279593157128263,0.827491519948312,0.9960143870905026,0.7077433169855633,0.444596529006958,0.128166913986206
QuantileTransformer,136,1,76.52380709973805,99.1166213101975,51.8975046055937,0.1555463014744805,0.6709136323013818,0.9968675519237316,0.5055950818539753,1.2028143405914309,0.123643159866333
QuantileTransformer,139,1,86.1789380483889,99.5028993989574,72.32289398760676,0.2289070949084649,0.8341861818473703,0.9954978686718712,0.7178628168819506,1.0000576972961426,0.1057968139648437
QuantileTransformer,142,1,75.71364682177561,98.9447838562276,71.91090269636577,0.1622118251160169,0.832414068745004,0.9877169686047614,0.7193133936589072,1.5078799724578855,0.1409387588500976
QuantileTransformer,145,1,81.0890051248193,99.31622922804225,62.334617317032325,0.194165964603427,0.7595423928151396,0.9971366009769244,0.6133867513987704,0.9017946720123292,0.1353306770324707
QuantileTransformer,148,1,83.57714563810774,99.38454750230692,70.82900686652151,0.2059715816734866,0.8239218778431492,0.9936119373872336,0.7037369620777786,0.8987257480621338,0.1542825698852539
QuantileTransformer,151,1,77.62900078711864,99.1653043404078,56.96533244012728,0.1722005026543094,0.7155130419379124,0.9968534057255676,0.5580230710782621,0.8044986724853516,0.1718909740447998
QuantileTransformer,154,1,83.01586266002555,99.4031206662852,70.34332607603416,0.2212675083292281,0.8201210840680996,0.995855535820012,0.6971057539545485,0.81134033203125,0.161733865737915
QuantileTransformer,157,1,83.91752250900947,99.4248318687795,65.7075866688997,0.2174880397351334,0.7855017808506181,0.9984022155943758,0.6474407681149409,1.264664888381958,0.1622910499572754
QuantileTransformer,160,1,71.57361130905565,98.78571968719748,64.23714620666556,0.1272140793254868,0.7763370132182583,0.9865303732098174,0.6399806589763073,0.6955852508544922,0.1439943313598632
QuantileTransformer,163,1,83.55490706411187,99.4247689194216,68.89968179534416,0.2360874249749929,0.8092293151979618,0.9987827762844246,0.6801478206810804,0.6050007343292236,0.1434121131896972
QuantileTransformer,166,1,79.70853074228424,99.15234156755132,81.02830346675599,0.1974304972941856,0.8928976628091673,0.9866276640200584,0.815431373903433,0.244901418685913,0.1254818439483642
QuantileTransformer,169,1,82.65782602692457,99.3660305550953,69.09060458884609,0.2106222665485762,0.8111647704018989,0.9952797027217032,0.6845340885542585,0.8899393081665039,0.157560110092163
QuantileTransformer,172,1,78.92821228084472,99.18173647122016,52.25255401105342,0.1508950943022255,0.6743723873266784,0.995817310935708,0.5098086620156109,1.2070515155792236,0.1471560001373291
QuantileTransformer,175,1,84.7265596460289,99.4351035094608,71.9778931502261,0.2218259312044189,0.8318594742342632,0.9948562638207864,0.7147544380741866,1.0656533241271973,0.1448287963867187
QuantileTransformer,178,1,85.11035568915354,99.45033184402064,67.62686317199798,0.198866913955088,0.8005283470579737,0.9946151084671008,0.669821095530842,0.489131212234497,0.1564722061157226
QuantileTransformer,181,1,87.38520675414797,99.52945604158086,72.75163289231284,0.2361590280497128,0.8370947393716083,0.9960920745365296,0.7218691717897354,0.8071815967559814,0.1643476486206054
QuantileTransformer,184,1,83.95973037564197,99.4236040883084,72.21905878412326,0.2460138816130764,0.8331522832428083,0.9976874156870302,0.715203426124197,1.034994125366211,0.134573221206665
QuantileTransformer,187,1,86.21204770673403,99.47834038852848,72.4133311003182,0.241039392914124,0.8346184738955823,0.9969298666410822,0.7177592042550253,0.3989400863647461,0.1585254669189453
QuantileTransformer,190,1,84.11171089478148,99.43752375458054,67.6469603081561,0.2279524783444352,0.8000414035814097,0.9985530463541936,0.6673689300269393,0.99110746383667,0.1476674079895019
QuantileTransformer,193,1,79.81201495548413,99.16669389476762,77.88645118070676,0.1927711825467924,0.8726858994137612,0.9879923150816524,0.781480969814188,0.9116859436035156,0.1394195556640625
QuantileTransformer,196,1,83.47024025326407,99.35342420208472,75.1331435270474,0.2199315308507364,0.8538812785388128,0.9925871693969068,0.7491883677557505,1.1754980087280271,0.1567809581756591
QuantileTransformer,199,1,85.83520133777202,99.47764380776586,72.46357394071345,0.2455869896935851,0.8348964713915611,0.997456691779836,0.7178973544242592,0.89056396484375,0.1550073623657226
QuantileTransformer,202,1,84.81831604450153,99.45438884741716,72.00468933177022,0.2443281211235102,0.8316548501450209,0.9976321639122452,0.7130275609587622,0.8483083248138428,0.1660666465759277
QuantileTransformer,205,1,80.85393517537138,99.29259732636044,65.92865516663875,0.199882755642276,0.7876231835643895,0.9957765811424348,0.6514471230227257,0.8598699569702148,0.1640384197235107
QuantileTransformer,208,1,84.6232076798001,99.4421276054138,72.39658348685313,0.240165890300372,0.8345147492921544,0.9968337730870712,0.7176555916280998,0.8225607872009277,0.1614120006561279
QuantileTransformer,211,1,85.91306988765601,99.4985609932345,77.17635236978731,0.2602387101548391,0.8671424114802683,0.9956568460642966,0.7680113283138772,1.1252429485321045,0.1794655323028564
QuantileTransformer,214,1,86.8054896982676,99.48865789366612,74.94222073354547,0.2487186051577543,0.852151228285144,0.996026796026796,0.7445948746287214,0.772089958190918,0.1829199790954589
QuantileTransformer,217,1,84.90448165435518,99.45502874691668,74.06464578797521,0.2507095246319106,0.8460544366463209,0.9969076512205408,0.7348552876977275,1.0221261978149414,0.1553969383239746
QuantileTransformer,220,1,87.92979786452958,99.54471754955198,74.67760844079719,0.2618177621828345,0.8501308381571644,0.9977664029781294,0.7405539821786282,1.036435842514038,0.1869716644287109
QuantileTransformer,223,1,88.25558348628621,99.5552208212563,78.01038352034834,0.2690423341500086,0.872586123241145,0.995968277878694,0.7764039510948401,0.9231951236724854,0.1927108764648437
QuantileTransformer,226,1,85.90515040237194,99.48291771249168,71.76017417518004,0.2440079249843276,0.8299138574512296,0.9977686150861024,0.7104027077433169,1.360400915145874,0.1526916027069091
QuantileTransformer,229,1,85.65353616517669,99.47891842686374,73.4449840897672,0.254072155520246,0.841674322003435,0.9977746212121212,0.7278096290667956,0.9141342639923096,0.1774349212646484
QuantileTransformer,232,1,89.19960069847868,99.57586523056924,76.8246524870206,0.2707836863606345,0.864643856251345,0.9971123042909352,0.7632451474753057,0.927117109298706,0.1714570522308349
QuantileTransformer,235,1,87.07935209257258,99.5213385874172,72.31954446491375,0.2535459840264101,0.8337357154353774,0.99855421686747,0.7156178766318989,1.112640380859375,0.1948390007019043
QuantileTransformer,238,1,86.86990930617718,99.51225923661238,72.62100150728521,0.2515675018778982,0.8359095836511824,0.9980824544582934,0.7190716308627478,0.3730130195617676,0.1778995990753173
QuantileTransformer,241,1,87.05157064552698,99.51037032270509,74.09144196951935,0.2578947622423931,0.8461278322624282,0.9977480647431386,0.7345099122746426,0.7136995792388916,0.2037580013275146
QuantileTransformer,244,1,86.412683611503,99.50312498104104,73.36459554513482,0.2461931816197408,0.8412394186232232,0.9968770701239708,0.7276369413552531,0.830085277557373,0.1697051525115966
QuantileTransformer,247,1,87.35663374189853,99.50564880119217,77.78261597722324,0.2680718860624949,0.8710862340388316,0.9960442686341616,0.7739863231332459,0.6824507713317871,0.2102370262145996
QuantileTransformer,250,1,84.33404871917082,99.41708276524932,72.30949589683469,0.249642608223344,0.833732225820076,0.998073867193143,0.7158596394280583,1.046552658081055,0.1747975349426269
QuantileTransformer,253,1,86.61372775692193,99.48968924023262,76.30882599229611,0.2610347080915765,0.8612946875061283,0.9964154453468852,0.7584444290944257,0.6351242065429688,0.1976170539855957
QuantileTransformer,256,1,84.91961147449854,99.41130518124616,75.11974543627534,0.246771647287374,0.8533985947738217,0.9956709956709956,0.7467016647095392,1.2965037822723389,0.2565491199493408
QuantileTransformer,259,1,86.83565734066137,99.50261351972968,75.66906715792999,0.2655498095360899,0.8568839152021436,0.9974314283093294,0.7510533950404089,0.806105375289917,0.2090981006622314
QuantileTransformer,262,1,87.92243611647149,99.54239785483038,76.1848936526545,0.2672698859241914,0.8603692065985861,0.9972229809705908,0.7565448642674587,0.8919780254364014,0.2036373615264892
QuantileTransformer,265,1,86.73462448798381,99.50148509645445,77.96683972533914,0.2763499135293422,0.872207327971403,0.9968028419182948,0.7752987497409685,0.9924492835998536,0.2046566009521484
QuantileTransformer,268,1,85.48955758749939,99.44901966061678,73.67610115558533,0.2505177137674491,0.8433494787617851,0.997171812396889,0.7306417075360917,1.2168197631835938,0.1775033473968505
QuantileTransformer,271,1,86.52188511042468,99.47699311937608,71.45536761011556,0.2471651387397166,0.8276712771980911,0.9983900868377402,0.7068108033432341,0.6063394546508789,0.197533369064331
QuantileTransformer,274,1,89.18181443917663,99.5769717404498,75.03600736894992,0.2603506828349232,0.8526230448280635,0.997316926493038,0.7445948746287214,0.9235832691192628,0.2313704490661621
QuantileTransformer,277,1,86.10968663447711,99.47275071336728,75.26042538938201,0.2508847142816393,0.8543022842939992,0.9960441582336708,0.7478759411480279,0.6592183113098145,0.2119464874267578
QuantileTransformer,280,1,85.72147660911406,99.46516843297309,74.55367610115559,0.2605894439354787,0.8492927850185483,0.997716150081566,0.7393106306555226,0.8703951835632324,0.2199516296386718
QuantileTransformer,283,1,84.84708646889625,99.41971468711884,74.55367610115559,0.2535568874335788,0.8494003370006938,0.9968824158950258,0.7399323064170754,0.7100141048431396,0.261955976486206
QuantileTransformer,286,1,86.61257778326016,99.5067813449235,74.77809412158767,0.2581988947231791,0.8508792775665399,0.9972611642373038,0.7419700214132763,1.174403429031372,0.2084050178527832
QuantileTransformer,289,1,86.0667542844377,99.44441800150037,76.87824485010886,0.2652099312676796,0.8650782792252214,0.996442883515692,0.7643158112868689,0.9238171577453612,0.2423522472381591
QuantileTransformer,292,1,87.00932827968464,99.4978513475436,77.36057611790321,0.2684406207054763,0.8682687247851254,0.9964213822411092,0.7693237549215998,0.6136469841003418,0.2218961715698242
QuantileTransformer,295,1,88.39261818106826,99.53693293349028,80.57946742589182,0.2898656221420468,0.8891310998929173,0.9960157655727871,0.8029633211300684,0.4065253734588623,0.2071266174316406
QuantileTransformer,298,1,87.76967936511026,99.51929211471445,72.23245687489532,0.2464801064432862,0.8332394592854844,0.9977358126987186,0.7153070387511224,0.9623656272888184,0.2314045429229736
QuantileTransformer,301,1,86.41214695712752,99.4663915948458,74.67425891810417,0.2594510093527825,0.8501436923991675,0.9974884889074926,0.7407266698901707,0.6922533512115479,0.2266378402709961
QuantileTransformer,304,1,86.32082754864638,99.40578160284689,75.03935689164294,0.2485893906216364,0.8528203507663138,0.9959405849248084,0.7456655384402846,0.6442773342132568,0.2633824348449707
QuantileTransformer,307,1,87.32704108633564,99.48776789738208,75.29057109361916,0.2652491650578341,0.8542987497778041,0.9976934077593764,0.7469434275056986,0.5824575424194336,0.2350070476531982
QuantileTransformer,310,1,85.39949931680064,99.448260911103,72.05158264947245,0.2480674586939758,0.8319232938522279,0.998066698888352,0.7132002486703046,1.2111246585845947,0.2112274169921875
QuantileTransformer,313,1,89.23224078424523,99.54308234542889,78.55635571931,0.2786499473328622,0.8760791297278464,0.9965650871939404,0.7815845824411135,0.8572475910186768,0.2050764560699463
QuantileTransformer,316,1,88.88584188460136,99.5482259631824,75.81979567911573,0.2678028547532162,0.8578797125701348,0.997573371182638,0.7525039718173655,0.6495306491851807,0.2141973972320556
QuantileTransformer,319,1,86.39176942384097,99.42298933480912,75.73940713448334,0.2597388730803959,0.8574465153811333,0.9967055593685656,0.7523312841058231,0.6933939456939697,0.2588095664978027
QuantileTransformer,322,1,85.78088616510387,99.42024704110663,72.27600066990453,0.2359619555413645,0.8337317450432896,0.9963989052672012,0.7167230779857705,0.4842350482940674,0.21730637550354
QuantileTransformer,325,1,87.46323246709906,99.50651048974376,75.05945402780104,0.2616877864181389,0.8527643755437792,0.9974558238504948,0.7447330247979553,0.8321974277496338,0.247467041015625
QuantileTransformer,328,1,87.89166282128251,99.5055298599113,73.93066488025455,0.255281861800924,0.8450496724999502,0.9975558166862516,0.732990260413069,0.3428120613098144,0.232105016708374
QuantileTransformer,331,1,87.83611334355072,99.4786226246954,80.00334952269301,0.2797966797576857,0.885518140676536,0.995472967146676,0.7974373143607101,0.981193780899048,0.237056016921997
QuantileTransformer,334,1,86.27529242488583,99.43170444604743,76.02411656338973,0.2578020258044018,0.8594099854656873,0.9962659380692168,0.7556123506251295,0.6140751838684082,0.262826919555664
QuantileTransformer,337,1,89.17108135166679,99.56475234809044,76.41601071847262,0.2677641171945827,0.8619276399647025,0.9970963204936256,0.7590315673136699,0.957862377166748,0.2239472866058349
QuantileTransformer,340,1,88.22248149443217,99.49805282104532,74.47663707921622,0.2581201937290536,0.8487975236129851,0.9974815782109878,0.7386889548939698,1.1395745277404783,0.2449073791503906
QuantileTransformer,343,1,88.01660362638827,99.5147520901459,77.36057611790321,0.2756375873025643,0.868176233105143,0.9972220977642368,0.768702079160047,0.5599443912506104,0.2485609054565429
QuantileTransformer,346,1,85.60081178940732,99.42118722426471,72.64444816613633,0.2440026745946801,0.8362046489240087,0.9971301477973884,0.720004144505077,0.9049601554870604,0.241443395614624
QuantileTransformer,349,1,84.84797003199304,99.37365882633256,72.85211857310333,0.2344532450095939,0.8378318893935452,0.9958145065398336,0.723112523312841,0.9831323623657228,0.2473793029785156
RobustScaler,1,1,92.19394428469606,99.73277855202174,82.62937531401775,0.3436056531932058,0.9016797482273538,0.999495628782784,0.8213027560958762,4.513762474060059,0.04685640335083
RobustScaler,4,1,88.55594510700391,99.5884479020769,77.8127616814604,0.273131316125466,0.8712236090050157,0.9965753424657534,0.7738827105063204,5.7164366245269775,0.0841412544250488
RobustScaler,7,1,88.61378494894538,99.60431589889949,73.53207167978563,0.2700978240820534,0.8420231907237106,0.9996677110035128,0.7273261034744768,4.1022655963897705,0.0962746143341064
RobustScaler,10,1,93.10290646643224,99.74976015880776,75.26377491207504,0.2674150103933504,0.8540831044634566,0.997968324329316,0.7464599019133799,4.782245397567749,0.0957026481628418
RobustScaler,13,1,92.45089439968194,99.73320773335077,82.23078211354881,0.3106673114902524,0.8994598692314981,0.9965982109109236,0.8195758789804517,4.336003065109253,0.1621487140655517
RobustScaler,16,1,83.13360463000863,99.34744719415274,63.68112543962485,0.1946012109662896,0.7702608216623938,0.996382173984542,0.6277889065414105,7.382989168167114,0.0966176986694336
RobustScaler,19,1,86.44308699849745,99.47331406058676,65.0510802210685,0.1953341123910813,0.7809639768242506,0.9956642757734718,0.64243282448021,4.298461437225342,0.1509006023406982
RobustScaler,22,1,85.60059712765712,99.45830240340298,67.4861832188913,0.1974034701358222,0.7995042858618197,0.9945018241611427,0.6684395938385025,5.7513697147369385,0.0889313220977783
RobustScaler,25,1,80.59174501373336,99.2636484732993,64.60894322559035,0.1999753827089186,0.7774079379792702,0.9965971697094091,0.6372521931339366,4.4985127449035645,0.1445586681365966
RobustScaler,28,1,87.24163445909876,99.53563471434036,67.66705744431418,0.2340585786817449,0.800057996230245,0.999379042690815,0.6670235546038544,4.923460483551025,0.0636970996856689
RobustScaler,31,1,86.328484456611,99.5015776733942,67.90822307821135,0.235693614039881,0.8018366460526588,0.9994328435163702,0.6694757201077571,4.415024757385254,0.0725312232971191
RobustScaler,34,1,89.89582925252402,99.63725397807626,82.682967677106,0.3123581433938228,0.902294288846052,0.9963272120200334,0.8244802099882572,4.191915273666382,0.1169564723968505
RobustScaler,37,1,85.94342344245842,99.47955837771411,67.61346508122593,0.233030331243586,0.7996767978121698,0.9992750996737948,0.6665400290115355,6.718783140182495,0.106560468673706
RobustScaler,40,1,84.33729547814256,99.43068934292477,66.25020934516832,0.2249968493176871,0.7894956754272343,0.9991010998307952,0.6525868619189058,4.243492126464844,0.1029067039489746
RobustScaler,43,1,83.43537113521643,99.36768766296932,65.98894657511305,0.2132601815053667,0.7877685812223059,0.9976177871889887,0.6508599848034814,4.3929123878479,0.1201081275939941
RobustScaler,46,1,76.45606406794596,99.04116077176496,49.9179366940211,0.1602363971139166,0.652165821430233,0.9989310148232612,0.4841127305380949,4.106889486312866,0.1440951824188232
RobustScaler,49,1,85.46697785465054,99.4620216059434,72.33629207837883,0.2347833626576665,0.8341799345473527,0.9962115762719992,0.7174829039165573,6.821062803268433,0.1486814022064209
RobustScaler,52,1,85.63926499203413,99.45379587590124,67.9584659186066,0.2126333895159738,0.802714073585217,0.996262926179994,0.6721351108655108,4.965704441070557,0.1238768100738525
RobustScaler,55,1,85.14795599464786,99.43049477345932,66.41768547981913,0.2172355028463132,0.790959509611776,0.997895622895623,0.6551081025074256,5.168529272079468,0.1366186141967773
RobustScaler,58,1,70.28044484354493,98.66432094923628,74.08809244682632,0.1449153841985302,0.8478303631142059,0.984783403399744,0.7443185742902535,4.863227844238281,0.1362216472625732
RobustScaler,61,1,90.94039441183332,99.6555654520842,78.10082063305978,0.2910549961869746,0.8729152898184505,0.9983105104036992,0.7755059749948193,3.876225233078003,0.0993001461029052
RobustScaler,64,1,85.8143235659426,99.4552627556893,65.66404287389047,0.2236096804683719,0.7850177212004278,0.9993058892626407,0.6464046418456862,4.357451677322388,0.2205698490142822
RobustScaler,67,1,84.17865469487865,99.38805993268932,68.4742924133311,0.222871473471148,0.8063454178840377,0.9973025244299676,0.6767631415348484,5.665098428726196,0.1641004085540771
RobustScaler,70,1,91.13944910281737,99.65725795296368,80.44548651817117,0.3124680474136161,0.8880322209436133,0.998490468386095,0.7995786419838364,2.772399425506592,0.2114484310150146
RobustScaler,73,1,88.68205505199913,99.55192464200056,88.50443811756826,0.3257361560104732,0.9375136552326852,0.9913746630727764,0.8892035642743662,3.4294137954711914,0.1130173206329345
RobustScaler,76,1,85.77277118429731,99.45996787910671,66.63540445486518,0.22691725354408,0.7923969904753965,0.9991065328217796,0.6565586792843822,4.692070722579956,0.1209523677825927
RobustScaler,79,1,88.73269414219516,99.58547667986149,84.21035002512141,0.3239552335420573,0.9117129265460538,0.9959083469721768,0.8406437797886303,3.728601694107056,0.139631986618042
RobustScaler,82,1,92.39224382630891,99.69340477968616,85.15156590185899,0.3521154899060746,0.9172901468365768,0.9975246520310028,0.8490018650272847,5.37040376663208,0.1981825828552246
RobustScaler,85,1,90.41983391773717,99.64785236433062,86.87991961145536,0.3649035420184888,0.9276785879138124,0.9966279208156464,0.8676521378738689,3.9576163291931152,0.1421411037445068
RobustScaler,88,1,92.16343931669483,99.695134644191,84.61229274828337,0.3497436947793045,0.9139958064999252,0.9979151336767232,0.843095945292533,7.160305023193359,0.1220083236694336
RobustScaler,91,1,90.44248456562848,99.62281518351264,82.29442304471613,0.3180171967993527,0.8997952684258417,0.9972686780401716,0.8196794916073772,4.3415846824646,0.1464338302612304
RobustScaler,94,1,87.43471695353271,99.51029319560514,78.82096801205827,0.2885045222132338,0.8777053555886506,0.9974064794056882,0.7836568349796228,4.030776262283325,0.1536304950714111
RobustScaler,97,1,86.97668627729529,99.52515061190304,79.97655334114889,0.3077987951987317,0.8850428829660397,0.9984380423464077,0.7947779236029564,4.937744617462158,0.1166517734527587
RobustScaler,100,1,94.0658081627737,99.74053352283416,84.06967007201473,0.3454173425818654,0.9106753812636166,0.9981062165500206,0.8373281757270152,5.354447603225708,0.13454270362854
RobustScaler,103,1,92.8497014323382,99.73384550040448,83.9993300954614,0.3301159824300098,0.910360098328048,0.9967128240949994,0.8377771637770256,4.857836723327637,0.1292173862457275
RobustScaler,106,1,91.22512597386478,99.64927738511426,76.82130296432759,0.2854320586144934,0.8644253751812233,0.9987776168055053,0.761932720867583,5.508665323257446,0.1413350105285644
RobustScaler,109,1,89.09184049987975,99.59456053352356,80.42203985932005,0.3187740770303708,0.887814053473062,0.9991791592863006,0.7987842785107412,2.9119977951049805,0.1801557540893554
RobustScaler,112,1,89.55779449464676,99.58961057152992,85.72768380505778,0.324417068139965,0.9209887073745108,0.9943543543543544,0.857705325689024,6.28504490852356,0.1698102951049804
RobustScaler,115,1,88.19804455411956,99.55388048942692,79.56121252721488,0.3053365807332344,0.8823642813078346,0.998560083776944,0.7903916557297783,3.1503660678863525,0.1368160247802734
RobustScaler,118,1,90.720601862482,99.63724754724488,79.49422207335455,0.3043462661014876,0.881937748293285,0.9985152838427948,0.789735442425917,4.381452322006226,0.2688851356506347
RobustScaler,121,1,88.02275215223321,99.55052978804189,83.33612460224418,0.3290584687757603,0.9062435218513842,0.9973039114023808,0.8304206672653174,4.874366521835327,0.1541724205017089
RobustScaler,124,1,82.85164258787927,99.2721318749631,81.62786802880589,0.2565904104770519,0.8961429950959044,0.9918269835282284,0.8172964011880914,5.962813138961792,0.1811540126800537
RobustScaler,127,1,86.88860212804926,99.50510213979427,76.64712778429073,0.2856974634808175,0.8632458514769918,0.9989558743417468,0.7599986184983076,5.318209409713745,0.1087539196014404
RobustScaler,130,1,90.56439135688996,99.64591363298206,81.9594707754145,0.3225334376192675,0.8976318090242141,0.9980557903634828,0.815569524072667,4.422554016113281,0.1306757926940918
RobustScaler,133,1,86.99936567452818,99.52405320417384,79.10232791827164,0.2977371890211016,0.8794466021293451,0.998157813939208,0.7859708503142916,5.836994171142578,0.1263332366943359
RobustScaler,136,1,92.85303635595731,99.709089929748,85.87506280355049,0.3588876112034442,0.9216535067347886,0.997306099473282,0.8566691994197693,6.454139709472656,0.1780264377593994
RobustScaler,139,1,91.11136674599696,99.65289561123492,80.07703902193938,0.2931819115759644,0.8858524602748139,0.996804007946791,0.7971264764799337,6.051668882369995,0.1508493423461914
RobustScaler,142,1,86.32559802271996,99.49584771635804,78.57310333277509,0.2860556128072179,0.8761015668881098,0.9973541473739912,0.7811355943911031,3.55005145072937,0.1967349052429199
RobustScaler,145,1,92.75133651855596,99.71643708901914,86.00569418857813,0.3588911322271522,0.9224457974457976,0.9971506541455976,0.8581543137390343,5.753470420837402,0.15696382522583
RobustScaler,148,1,90.67687219737044,99.61576912925617,84.6993803383018,0.3210086086908301,0.9147443075774544,0.995127101437505,0.8463770118118394,4.516911506652832,0.1754865646362304
RobustScaler,151,1,89.68026285637971,99.610397138003,81.66471277842908,0.3195884393976829,0.8957849445988654,0.9980485321567962,0.8125302203495199,6.18325400352478,0.1909890174865722
RobustScaler,154,1,93.41955554744612,99.72946729460745,84.94389549489198,0.3521002867623877,0.9160174130747528,0.9977614066506574,0.8466533121503074,5.460654973983765,0.244849681854248
RobustScaler,157,1,93.37658103170575,99.73398878551932,84.88025456372466,0.3388139075452127,0.9157238340614616,0.9965864759427828,0.8469986875733923,5.53634524345398,0.2344567775726318
RobustScaler,160,1,90.32034586301192,99.63955101412849,81.96951934349356,0.3259542953467554,0.8976635425182031,0.9983930308284348,0.8153968363611246,7.523131370544434,0.1574430465698242
RobustScaler,163,1,93.11042921080298,99.72459600916352,87.92497069167644,0.3829639951348511,0.9338082735067844,0.9968638519738132,0.8782551633625751,5.302693605422974,0.1653013229370117
RobustScaler,166,1,91.21446571802018,99.63704659131282,84.33428236476303,0.3318511689644312,0.9124173704612272,0.9965230907677832,0.841403605719417,6.124330997467041,0.1231462955474853
RobustScaler,169,1,89.70177694696866,99.57858089777108,88.866186568414,0.3729943191228243,0.9394049876039084,0.994749440197668,0.8898943151205361,5.544777631759644,0.1946768760681152
RobustScaler,172,1,91.27088725911214,99.67300901458414,81.23932339641601,0.3224319906070591,0.8930392437696935,0.9987612660715048,0.8075568142570975,6.936342239379883,0.1925387382507324
RobustScaler,175,1,90.48163350232068,99.62642756936177,80.50242840395244,0.3187058377656224,0.8883347081279135,0.999093851132686,0.7996822546107619,4.9738523960113525,0.1835079193115234
RobustScaler,178,1,90.73360806459662,99.64113893114263,83.2590855803048,0.3299043569328425,0.9057550158394932,0.997466566990614,0.8294881536229882,5.657123565673828,0.1590635776519775
RobustScaler,181,1,90.31974021021672,99.59039068041766,82.05660693351197,0.3342940976302894,0.8981384647563271,0.999153868934298,0.8156731366995924,5.668871641159058,0.1483116149902343
RobustScaler,184,1,93.17022592459226,99.72410619765516,83.503600736895,0.3385220317629019,0.907210279405392,0.9980516519504208,0.8315258686191891,6.314867496490479,0.2041151523590088
RobustScaler,187,1,92.63196158597314,99.70280639625486,80.28470942890638,0.3114008409211022,0.8870032635822614,0.998530428769018,0.7978863024107204,5.74185037612915,0.4760596752166748
RobustScaler,190,1,83.42286133839914,99.37854181359424,74.74459889465751,0.2642256950681552,0.8505569429579419,0.998,0.7410720453132555,2.9680933952331543,0.1891713142395019
RobustScaler,193,1,90.5638451194006,99.65252181078591,84.5754479986602,0.3398675101166764,0.9138431027708656,0.9970197999591752,0.8434758582579264,5.733224153518677,0.1656863689422607
RobustScaler,196,1,85.76879610867313,99.46158359419,73.43828504438117,0.2505415738397385,0.8416849670592933,0.9973504920514762,0.728051391862955,6.414037704467773,0.1607627868652343
RobustScaler,199,1,89.90042339730279,99.6279825611739,83.27583319376988,0.3464878931425034,0.9057195188730904,0.999083524265778,0.8283138771844996,6.242304801940918,0.2778747081756592
RobustScaler,202,1,87.40878888070533,99.5025156782657,76.81125439624853,0.2778315074514517,0.8644595414765942,0.9979207159969262,0.7624853215445189,6.754257440567017,0.2216088771820068
RobustScaler,205,1,90.1792785939226,99.63365515926569,82.3279182716463,0.3283780626951583,0.8999127366543992,0.9982744107744108,0.8191959660150584,5.812052488327026,0.3542149066925049
RobustScaler,208,1,91.28678564498613,99.66480074141693,82.61262770055268,0.3078281026731478,0.9018918561357752,0.9959510790165712,0.8240657594805554,6.247921705245972,0.2052712440490722
RobustScaler,211,1,91.32067153555292,99.6652153059333,83.15190085412829,0.3329488979107929,0.9050585126462816,0.9978772995921086,0.8280375768460316,5.426254987716675,0.2658298015594482
RobustScaler,214,1,92.89423991225856,99.72078667910176,85.99229609780606,0.3626376431072134,0.9223398328690808,0.9975096401028276,0.857705325689024,5.5272536277771,0.271153450012207
RobustScaler,217,1,86.10329278091767,99.48304463553946,74.36610283034668,0.2628362015266441,0.8479586768650045,0.9981291801131846,0.7370656904054708,6.108404159545898,0.1920218467712402
RobustScaler,220,1,93.59334340045832,99.74891821325032,83.17199799028639,0.3424063331368492,0.905103698386914,0.9987910621977656,0.8274849761690958,5.591840982437134,0.1932129859924316
RobustScaler,223,1,91.04614982301524,99.60530688138265,85.04773069837547,0.3382711237188809,0.9167536923765478,0.9963518443453588,0.8489327899426676,7.389655351638794,0.4214918613433838
RobustScaler,226,1,85.8393220767267,99.45598136007774,66.8866186568414,0.2281829022379754,0.794281671383386,0.9991100408334206,0.6591489949575188,5.987766981124878,0.2013144493103027
RobustScaler,229,1,87.15146310765662,99.52168709897067,81.49723664377827,0.3175264596419356,0.8947368421052632,0.998002040469308,0.810837880776404,5.294184923171997,0.171276569366455
RobustScaler,232,1,90.43126657255792,99.63027662747804,84.43476804555351,0.3183364201319786,0.9131385633376324,0.995151762069668,0.8436140084271603,4.783775091171265,0.1801483631134033
RobustScaler,235,1,90.58696725649328,99.64564625200669,81.92597554848435,0.3267568142555025,0.8973793313301129,0.9985187066192652,0.8148442356841887,4.239626169204712,0.2149677276611328
RobustScaler,238,1,89.84155432893401,99.62148562276045,78.48936526544968,0.303837676641965,0.8753348604262918,0.9993794326241134,0.7786834288872004,3.952071666717529,0.4004518985748291
RobustScaler,241,1,87.71417205307941,99.5387393528556,75.97722324568748,0.2712966742528769,0.8589022230965965,0.9978515267873468,0.7539200110520136,7.241226673126221,0.308690071105957
RobustScaler,244,1,92.24571609894896,99.69629960042506,81.96951934349356,0.3155627185365011,0.8977607262919982,0.9973414356247626,0.8162602749188368,5.839171409606934,0.280698299407959
RobustScaler,247,1,88.6613095271408,99.58073295911252,77.48115893485178,0.290119486823172,0.8687964715754962,0.9987436622246152,0.7687711542446639,4.768107175827026,0.4992802143096924
RobustScaler,250,1,92.05588228010951,99.67926247732257,84.27734047898174,0.3354762678499072,0.9120380781050896,0.9969274887341254,0.8404710920770878,4.308759689331055,0.2798068523406982
RobustScaler,253,1,91.31123025178982,99.67540287264154,82.71981242672919,0.3312356252463918,0.9023600885742944,0.9981576853829084,0.8233404710920771,5.372972011566162,0.3762099742889404
RobustScaler,256,1,89.60753852200938,99.57843631172544,81.59772232456875,0.3176853033773043,0.8953762949421085,0.997920027166992,0.8119430821302757,5.0272393226623535,0.3479714393615722
RobustScaler,259,1,86.17405449357192,99.45606220362372,79.4205325741082,0.2698866800079381,0.8818416092926651,0.9949227564658912,0.7918422325067348,5.81564211845398,0.3042037487030029
RobustScaler,262,1,88.88602204714171,99.55822204309274,83.61748450845754,0.3292076531880898,0.90799646357292,0.9970256537365224,0.83356358361539,4.063478946685791,0.1889340877532959
RobustScaler,265,1,91.58205288238214,99.63216527095727,87.33545469770557,0.3563686596894333,0.9304515773015728,0.9953169887056786,0.8735235200663121,4.513256072998047,0.1802341938018798
RobustScaler,268,1,94.13421817928965,99.74640836382264,82.25422877239993,0.3272007326412705,0.8994572437089612,0.9982308340353834,0.8184706776265801,3.822224140167236,0.3684949874877929
RobustScaler,271,1,88.2314877048266,99.5623241449778,80.51582649472451,0.301647477946065,0.8885994982476971,0.9972918368224218,0.8012709815569524,5.206360340118408,0.3966062068939209
RobustScaler,274,1,91.69130996336416,99.6800847975954,85.98559705242003,0.3716712379137205,0.9222391554845184,0.9983502333816192,0.8569109622159287,5.982798099517822,0.1952948570251464
RobustScaler,277,1,92.8485399589398,99.72119577328556,85.10132306146375,0.3428391169392071,0.9170489724366864,0.9967163937084482,0.8491745527388271,4.237248420715332,0.3413267135620117
RobustScaler,280,1,92.42968121886784,99.70967123281582,87.91157260090438,0.3809559189142074,0.9337396955954982,0.9967075608513308,0.8782551633625751,5.048400163650513,0.4701566696166992
RobustScaler,283,1,88.47238035424863,99.56584259631607,79.67509629877742,0.3030924793386793,0.8831323908940334,0.9982149076976664,0.7918422325067348,6.292526721954346,0.2892282009124756
RobustScaler,286,1,90.83501082546871,99.63274925952948,83.06816278680287,0.3269856279620895,0.9045848355008588,0.9973777315296566,0.8275885887960213,5.896164894104004,0.2982213497161865
RobustScaler,289,1,91.74279811744712,99.67738429462068,85.00418690336627,0.3562874533641002,0.9163568425969172,0.9980871759391152,0.8469986875733923,6.755733489990234,0.4908204078674316
RobustScaler,292,1,92.72830062948792,99.70367183706462,84.14670909395412,0.3480179893674786,0.9111323907696351,0.9982719605019544,0.8379843890308766,5.83167290687561,0.222571849822998
RobustScaler,295,1,88.90941251142212,99.56767655495452,79.07553173672751,0.2882037358493332,0.8793805873607383,0.997153741734904,0.786488913448919,5.679926633834839,0.4841823577880859
RobustScaler,298,1,83.24433942714599,99.3096445237512,78.33528722157092,0.2671586759563417,0.8747579583301061,0.9955046275892464,0.7801340056641569,6.724234104156494,0.3232960700988769
RobustScaler,301,1,90.94600628330276,99.65000366746062,80.47563222240831,0.304562355425981,0.8883097970836766,0.9976328814288788,0.8005802307107827,4.766305685043335,0.3181900978088379
RobustScaler,304,1,86.42215939447601,99.45423334505216,77.41081895829845,0.2792173577877202,0.8684662193789983,0.9975804283537952,0.7689438419562064,5.433930158615112,0.5000300407409668
RobustScaler,307,1,91.92843836566664,99.6889548707038,80.27131133813432,0.3181967260872818,0.8868439253054637,0.9992640055416052,0.7971610140222422,5.977867603302002,0.5017077922821045
RobustScaler,310,1,87.75002248198508,99.52685031359388,77.8764026126277,0.2611372103146669,0.8717948717948718,0.9952138267228008,0.7756095876217448,4.934483289718628,0.3650541305541992
RobustScaler,313,1,91.25327349585936,99.65928074670538,83.98593200468933,0.3380690509687643,0.910214276324438,0.9974891953076764,0.8369828003039304,4.830572843551636,0.2139766216278076
RobustScaler,316,1,91.98925280614657,99.69500242098977,82.34801540780438,0.3335772643656777,0.8999924092910278,0.9987785359278916,0.8189887407612074,5.894895315170288,0.420684814453125
RobustScaler,319,1,91.6803679639724,99.66460410701372,85.00418690336627,0.3519910229565371,0.9163880847884956,0.9976820788093204,0.8473440629964771,4.348403453826904,0.3341062068939209
RobustScaler,322,1,90.72132442926616,99.64097315926124,79.91961145536762,0.3085083348729499,0.8846649608495739,0.9985667752442996,0.7940871727567866,5.736676692962647,0.4108448028564453
RobustScaler,325,1,86.74329720601632,99.49253776493416,75.29727013900519,0.2535020930160444,0.8545164026591443,0.9963199779198676,0.7480486288595704,5.999705314636231,0.4065933227539062
RobustScaler,328,1,92.75614724170768,99.72356493905228,84.7194774744599,0.3420344749167907,0.9147130304729856,0.997065536354744,0.844926435034883,3.604589700698853,0.4777810573577881
RobustScaler,331,1,85.85192195481417,99.4789503876152,78.10751967844583,0.2971053248887821,0.8728849819129487,0.9989761396011396,0.775056986944809,6.489241361618042,0.3179643154144287
RobustScaler,334,1,92.04832311990614,99.677100632538,84.02612627700553,0.3457584020132661,0.910402615214083,0.9981872862851728,0.8368101125923879,4.794229745864868,0.5331511497497559
RobustScaler,337,1,93.73135173960732,99.74667109558656,80.87087590018423,0.3238064697870695,0.89065880415845,0.99926966533488,0.8033432340954618,5.715357542037964,0.2865400314331054
RobustScaler,340,1,86.23984448676177,99.4113387243733,76.83135153240663,0.2664554798551678,0.8647464852075634,0.9966196421327804,0.7636941355253161,6.152360677719116,0.4225785732269287
RobustScaler,343,1,93.3093478215704,99.71510399653434,86.96030815608776,0.37712200160124,0.9280871894338228,0.9976172511020214,0.8676176003315604,3.8581748008728023,0.2569468021392822
RobustScaler,346,1,89.34395305899511,99.57136144555535,79.10902696365768,0.2840205612741216,0.8796480327267815,0.9966767239494512,0.7872142018373972,5.780735731124878,0.4645960330963135
RobustScaler,349,1,92.42173106761943,99.68796030846356,85.16161446993803,0.3483548823653267,0.9173784922973628,0.997161855335712,0.8494163155349865,5.783897399902344,0.3866961002349853
Normalizer,1,1,63.06524176241284,97.5486603076451,85.55685814771395,0.1757403236928225,0.92089234607764,0.9821554355482508,0.8668232368584652,4.229892253875732,0.110323429107666
Normalizer,4,1,69.48891030565763,98.4916511118459,98.03048065650644,0.6077844607487976,0.9899028059209396,0.9843920765027322,0.995475581957588,4.419352054595947,0.0787436962127685
Normalizer,7,1,68.54457876733096,98.41232595331743,98.0405292245855,0.6094743085653518,0.9899548397067156,0.9843936755113888,0.9955791945845134,7.217535257339477,0.1547503471374511
Normalizer,10,1,68.61074825182921,98.4321541696153,97.78931502260929,0.5699521357172773,0.988653165079256,0.9842872792003288,0.9930579539959936,3.7116522789001465,0.154390811920166
Normalizer,13,1,68.0483306330674,98.39789374954104,97.91324736225089,0.588626949378432,0.9892957165684438,0.9843402742161588,0.9943013055190992,4.852815389633179,0.1880886554718017
Normalizer,16,1,67.90452259341754,98.38994908650588,97.81946072684642,0.5750441720653191,0.9888088566467828,0.9843584214669542,0.9932997167921532,3.7184906005859375,0.1578016281127929
Normalizer,19,1,69.89577482043737,98.51784022692112,97.76921788645116,0.5679411744725156,0.9885480431941674,0.9843503869597972,0.9927816536575256,4.833430528640747,0.0668485164642334
Normalizer,22,1,70.71329492983513,98.56808079636478,97.6888293418188,0.5587885274943498,0.9881288280228476,0.9844703462461432,0.991814602472888,5.956364870071411,0.1541895866394043
Normalizer,25,1,67.59867943157876,98.37448260161514,97.61848936526545,0.5475415143343045,0.9877652160446028,0.9842930141637232,0.9912620017959524,4.987578630447388,0.1251766681671142
Normalizer,28,1,68.01104082046174,98.41209366952673,97.64193602411656,0.5500802182607472,0.9878875468841404,0.984263576522216,0.99153830213442,3.6244125366210938,0.0871851444244384
Normalizer,31,1,67.52426463592562,98.37615741944154,97.58164461564228,0.5424797076859497,0.9875740052319978,0.984253859348199,0.9909166263728671,4.3889689445495605,0.0988008975982666
Normalizer,34,1,67.43258873560933,98.34862208141448,97.43091609445656,0.5256484699438478,0.9867883903195246,0.984296072299921,0.9892933618843684,6.480426073074341,0.0819747447967529
Normalizer,37,1,67.13874938217666,98.34395675983436,97.2131971194105,0.5015102824055728,0.985653688312584,0.9841942148760332,0.9871174967189336,4.814950227737427,0.1133327484130859
Normalizer,40,1,67.3978710307605,98.35774967012314,97.4443141852286,0.5291240222069585,0.9868563849029302,0.9844313846788328,0.9892933618843684,5.572694301605225,0.2657430171966553
Normalizer,43,1,67.87986140824088,98.38146058026707,97.23329425556858,0.5072175701379225,0.9857551822853792,0.9844309727197575,0.987082959176625,5.961285352706909,0.1432845592498779
Normalizer,46,1,67.13134163517208,98.34032001048485,97.1328085747781,0.4957948179429198,0.9852317035298988,0.9843146718146718,0.9861504455342958,4.144088745117188,0.098391056060791
Normalizer,49,1,66.98181822642323,98.32673624407856,96.92513816781108,0.4764052323084336,0.9841456253669996,0.9842476164156418,0.984043655453478,4.558418035507202,0.1401417255401611
Normalizer,52,1,67.27155409050614,98.34280348037058,96.85144866856471,0.4707301751114781,0.9837589412211896,0.984269119070668,0.9832492919803828,5.555691003799439,0.1507790088653564
Normalizer,55,1,66.96651207698507,98.32324361438376,96.85479819125774,0.4698702589204793,0.98377762037213,0.9842027031698296,0.9833529046073082,5.213306903839111,0.0865528583526611
Normalizer,58,1,66.53455130365998,98.29197014024496,96.75431251046726,0.4616721834019651,0.9832506525158592,0.9841863040243608,0.9823167783380534,5.499459743499756,0.1079697608947753
Normalizer,61,1,67.05265277074271,98.33054705714584,96.49974878579802,0.4442528127632808,0.981911339599453,0.984245410695076,0.9795883124956828,3.5256364345550537,0.1992189884185791
Normalizer,64,1,67.13008624725798,98.338405406436,96.58013733043042,0.4500753204729118,0.9823341119474004,0.9842585208557262,0.9804172135110866,4.648845195770264,0.1006104946136474
Normalizer,67,1,67.07743853639938,98.31224285618512,96.5164963992631,0.4442667298000824,0.982000692281066,0.9841809477554984,0.9798300752918422,5.688696622848511,0.0991017818450927
Normalizer,70,1,67.72964034880388,98.37716229791042,96.41601071847262,0.439580979218888,0.9814692944477156,0.984299013477838,0.9786557988533536,5.666530609130859,0.1208140850067138
Normalizer,73,1,66.9992096614347,98.32488165616635,96.11790319879418,0.4178250874532102,0.9798997589358492,0.984115372557216,0.975720107757132,4.535630464553833,0.1351358890533447
Normalizer,76,1,67.07486259539704,98.3138417003284,96.14134985764528,0.4222946068119086,0.9800201186305456,0.9842879041248608,0.975789182841749,5.195668458938599,0.1247529983520507
Normalizer,79,1,67.29185879212747,98.35069651426248,96.11120415340814,0.4198394689525314,0.9798615808919188,0.9842492246576298,0.975512882503281,5.782732963562012,0.1387500762939453
Normalizer,82,1,67.08058179774157,98.32902188165036,95.76285379333444,0.4016764809635655,0.9780156757790096,0.9842935600097946,0.9718173654762728,5.044772624969482,0.15679931640625
Normalizer,85,1,66.81284109656276,98.2755471913537,95.45804722826998,0.3848091800060808,0.9763985101124376,0.9841754385964911,0.9687435242108172,4.594758749008179,0.1157267093658447
Normalizer,88,1,66.81864463030915,98.31246502783613,95.6288728856138,0.3897008370280431,0.9773110558617452,0.9840002800826244,0.970712164122401,4.868973255157471,0.1483254432678222
Normalizer,91,1,66.9364824314307,98.3014129969919,95.74275665717636,0.396311759800215,0.9779144728839771,0.9840531561461794,0.9718519030185812,3.8880767822265625,0.1292033195495605
Normalizer,94,1,67.4618977310023,98.34929310326766,95.53508625020936,0.3886189912007342,0.976808114550168,0.9841881989973004,0.9695378876839124,5.56595516204834,0.1082756519317627
Normalizer,97,1,66.49706216228628,98.29572076731802,95.43125104672583,0.3816624206940391,0.9762584418297012,0.9840690574777178,0.9685708364992748,5.878971099853516,0.257375955581665
Normalizer,100,1,66.75806785105266,98.30061496760204,95.260425389382,0.3754447570694913,0.9753462845195574,0.9841426110193032,0.9667058092146162,4.060717821121216,0.1677131652832031
Normalizer,103,1,67.04496328019101,98.29358771548364,95.62217384022776,0.3893551602145287,0.977275493349561,0.983999159693288,0.970643089037784,4.445620059967041,0.2511789798736572
Normalizer,106,1,62.66812135779383,97.84408921822818,98.42907385697538,0.6868481744723918,0.9919627097150104,0.9844552535800536,0.9995855494922982,4.600516319274902,0.1309161186218261
Normalizer,109,1,62.716508416235584,97.83156864666998,98.41567576620332,0.6838159509359641,0.9918927720549168,0.9845520432815,0.9993437866961388,4.850177764892578,0.1512966156005859
Normalizer,112,1,62.54710579612025,97.82002902286044,98.43577290236142,0.6884446111409731,0.991996983874008,0.9844892683424606,0.9996200870346066,6.053959846496582,0.1632883548736572
Normalizer,115,1,62.796995072822845,97.85774656146552,98.4324233796684,0.6876390756832044,0.991979984234157,0.9844557823129252,0.9996200870346066,4.0696775913238525,0.1681416034698486
Normalizer,118,1,62.82726237960063,97.86461809468116,98.43577290236142,0.6884325473047488,0.9919972581612544,0.9844563110098296,0.9996546245769152,5.904896259307861,0.1148371696472168
Normalizer,121,1,62.848851218477584,97.85440063932306,98.43577290236142,0.6884446111409731,0.991996983874008,0.9844892683424606,0.9996200870346066,4.650705575942993,0.2474415302276611
Normalizer,124,1,63.13830342239062,97.8906148088841,98.41567576620332,0.6837099947866563,0.9918936057173215,0.9844531382888246,0.999447399323064,5.5188610553741455,0.169459581375122
Normalizer,127,1,62.64113914244318,97.81847584659816,98.43577290236142,0.6884325473047488,0.9919972581612544,0.9844563110098296,0.9996546245769152,5.201140880584717,0.1576316356658935
Normalizer,130,1,62.59594709415839,97.7721629430207,98.42237481158936,0.685217130686528,0.9919289888102542,0.9843553378906914,0.9996200870346066,4.723118782043457,0.1801235675811767
Normalizer,133,1,62.55667932685449,97.8123620367074,98.42907385697538,0.6868481744723918,0.9919627097150104,0.9844552535800536,0.9995855494922982,3.1861140727996826,0.2104725837707519
Normalizer,136,1,62.66794502849903,97.83586607551764,98.4324233796684,0.6876390756832044,0.991979984234157,0.9844557823129252,0.9996200870346066,3.737934112548828,0.1550352573394775
Normalizer,139,1,62.504629602300014,97.82983911490852,98.4324233796684,0.6876390756832044,0.991979984234157,0.9844557823129252,0.9996200870346066,6.300564289093018,0.148099660873413
Normalizer,142,1,62.33435683544728,97.72368400819816,98.42572433428236,0.6860598296447985,0.991945434603784,0.9844547248112115,0.9995510119499896,3.806750774383545,0.7283592224121094
Normalizer,145,1,62.15882293909194,97.72269706664883,98.4089767208173,0.6819911400176428,0.991860724138522,0.9842543785070568,0.9995855494922982,5.052749156951904,0.3688771724700928
Normalizer,148,1,62.98319114164555,97.88569122352594,98.4324233796684,0.6876390756832044,0.991979984234157,0.9844557823129252,0.9996200870346066,5.712590932846069,0.4662058353424072
Normalizer,151,1,62.54233340542391,97.77142795014882,98.41567576620332,0.6836328630078441,0.991894439208294,0.9843542736641612,0.9995510119499896,4.763124465942383,0.2171831130981445
Normalizer,154,1,62.518168625544575,97.8312413841289,98.4324233796684,0.6876390756832044,0.991979984234157,0.9844557823129252,0.9996200870346066,5.10206937789917,0.5882449150085449
Normalizer,157,1,61.86944548346695,97.6887948564478,98.41902528889634,0.6844237061439244,0.9919117143052986,0.984354805795524,0.9995855494922982,5.569231033325195,0.2778267860412597
Normalizer,160,1,62.13492073653206,97.71363765724084,98.40562719812426,0.6811784702000986,0.99184372858122,0.9842209072978304,0.9995855494922982,3.303304672241211,0.4747722148895263
Normalizer,163,1,62.14401894481944,97.73175930849436,98.41902528889634,0.6844237061439244,0.9919117143052986,0.984354805795524,0.9995855494922982,5.409159660339356,0.5142154693603516
Normalizer,166,1,62.831275787680205,97.7942583791296,98.29844247194774,0.657735546611364,0.9912888401124904,0.9844016075199236,0.9982731228845756,3.310675859451294,0.2498574256896972
Normalizer,169,1,61.899064971748594,97.68788833716556,98.40227767543124,0.6804330734765743,0.991825893239654,0.9842862487670488,0.9994819368653728,4.629889011383057,0.2832729816436767
Normalizer,172,1,62.24331917051327,97.6990381795447,98.40562719812426,0.6812464242776066,0.9918428899475614,0.9843197278911564,0.9994819368653728,7.554208517074585,0.312542200088501
Normalizer,175,1,61.74365369785148,97.6701928616072,98.38553006196616,0.6764519357234082,0.9917400692326148,0.98421768707483,0.9993783242384472,5.549740076065064,0.2741487026214599
Normalizer,178,1,61.98763210993259,97.66162166590448,98.41902528889634,0.6844237061439244,0.9919117143052986,0.984354805795524,0.9995855494922982,5.076313734054565,0.3318018913269043
Normalizer,181,1,61.855657299262326,97.67091837484368,98.31519008541282,0.6609292196668121,0.9913762065595694,0.984305314404385,0.9985494232230434,5.730275869369507,0.4224781990051269
Normalizer,184,1,62.02658746772504,97.69099117266458,98.3084910400268,0.6591524180979027,0.9913425108432908,0.9842053307008884,0.998583960765352,5.396588087081909,0.344261884689331
Normalizer,187,1,61.96326416803966,97.6802051055294,98.32188913079884,0.6620718292420205,0.9914116739521728,0.9842074810251524,0.9987221109345858,5.46528172492981,0.3163599967956543
Normalizer,190,1,62.15557043025191,97.7473742455967,98.37213197119412,0.6734601162469795,0.9916703801460256,0.9842814371257484,0.9991710989845962,4.65862774848938,0.3937621116638183
Normalizer,193,1,62.03747580167921,97.7039892531932,98.3687824485011,0.672759567994363,0.9916528118197556,0.9843138589268092,0.9991020238999792,5.130153179168701,0.2761139869689941
Normalizer,196,1,62.007035998852174,97.691014802367,98.42237481158936,0.685217130686528,0.9919289888102542,0.9843553378906914,0.9996200870346066,4.367804527282715,0.3026254177093506
Normalizer,199,1,62.187474532874965,97.75008908769682,98.40562719812426,0.6811977752510364,0.9918434490558278,0.984253843014556,0.9995510119499896,4.900270700454712,0.5407938957214355
Normalizer,202,1,62.40178170785961,97.73422592149257,98.39892815273824,0.6795926500365365,0.9918091778333732,0.9842198340361856,0.9995164744076812,4.1410300731658936,0.4652490615844726
Normalizer,205,1,62.408625967769936,97.72873944247095,98.38887958465918,0.6772332839453045,0.9917573472710136,0.9842182238699364,0.9994128617807556,4.497631788253784,0.4597592353820801
Normalizer,208,1,62.23031871826695,97.72904009999452,98.23145201808742,0.6435592660142291,0.9909437069054234,0.9842919449366226,0.9976859846653312,4.537269592285156,0.1782951354980468
Normalizer,211,1,61.94869016849951,97.6548260761313,98.27499581309664,0.6522873859095847,0.9911689558790748,0.9842659128835608,0.99816951025765,3.907312631607056,0.1479477882385254
Normalizer,214,1,61.96110221755555,97.66739367297342,98.27834533578964,0.6529866314145647,0.9911862546726568,0.9842664487127094,0.9982040477999584,4.144604444503784,0.2429971694946289
Normalizer,217,1,61.906972957296034,97.66044134887468,98.14101490537598,0.6264009607412566,0.9904758636075026,0.9843105153654628,0.9967189334806936,3.8310742378234863,0.2125666141510009
Normalizer,220,1,62.04841396782543,97.68439573424104,98.38553006196616,0.6764915325301164,0.9917397861255828,0.9842506292945098,0.9993437866961388,5.927284240722656,0.2102258205413818
Normalizer,223,1,62.10180532831863,97.69731302993286,98.35538435772902,0.6695320297707759,0.99158454023481,0.9842128542751184,0.9990674863576708,3.986637115478516,0.268054723739624
Normalizer,226,1,61.76215677406936,97.6291485435131,98.29509294925474,0.6566410728618813,0.99127244045884,0.984302107808084,0.9983421979691924,4.350956678390503,0.2270715236663818
Normalizer,229,1,61.815247224787726,97.674841575711,98.29844247194774,0.6571053041596975,0.9912903336419436,0.9842366880021788,0.998445810596118,6.579628467559815,0.3276140689849853
Normalizer,232,1,62.09232954534565,97.6852275760052,98.2883939038687,0.6553631117880645,0.9912375465130236,0.9843340258148008,0.9982385853422672,6.11424708366394,0.1873469352722168
Normalizer,235,1,62.464436106198384,97.77796217206324,98.34533578964998,0.6674277609708544,0.9915321060029484,0.9842771576368092,0.9988947986461284,4.784906387329102,0.3541650772094726
Normalizer,238,1,61.68983109723511,97.64898304862852,98.39892815273824,0.6796809649016771,0.9918083356183164,0.9843186611334104,0.9994128617807556,6.601142644882202,0.2165079116821289
Normalizer,241,1,62.25238096296801,97.7428756648969,98.38887958465918,0.6772695544609039,0.9917570647610234,0.9842511650056124,0.9993783242384472,3.952836275100708,0.1899363994598388
Normalizer,244,1,61.71674814741159,97.63995563255558,98.40227767543124,0.6804624277980665,0.9918256130790192,0.9843191945304262,0.999447399323064,5.804866075515747,0.3711504936218261
Normalizer,247,1,61.77746484013028,97.65572994694298,98.39557863004522,0.6788659911294852,0.9917913389200212,0.9842851797680192,0.9994128617807556,5.171942472457886,0.3549199104309082
Normalizer,250,1,61.8283760907596,97.65253597689627,98.2481996315525,0.6466067462538665,0.9910308518118364,0.9842286337159792,0.9979277474614906,5.314587354660034,0.2345438003540039
Normalizer,253,1,62.58850868118952,97.77701357743918,98.36208340311504,0.671393058895673,0.991617669746473,0.984378722390498,0.9989638737307454,5.839609146118164,0.4238429069519043
Normalizer,256,1,61.873318978084335,97.67479532829024,98.348685312343,0.6681735119487752,0.9915493923447436,0.9842776927003574,0.9989293361884368,5.36438512802124,0.4768576622009277
Normalizer,259,1,62.17691777465991,97.72120244311556,98.28504438117568,0.6542591391293782,0.991221151538013,0.9842345409970036,0.998307660426884,6.813631534576416,0.2529449462890625
Normalizer,262,1,61.90891641278442,97.6582118252792,98.3922291073522,0.6780500985748077,0.9917743428042636,0.984251700680272,0.9994128617807556,5.502185821533203,0.5424058437347412
Normalizer,265,1,61.776803605274765,97.64109387653532,98.20130631385028,0.6372200978789795,0.9907885482957955,0.9842211089527316,0.9974442218691718,6.093234539031982,0.2347261905670166
Normalizer,268,1,61.67196817302227,97.62807097510016,98.26159772232457,0.6493603606733034,0.9911000600188632,0.984230782330302,0.9980658976307246,4.974740505218506,0.2660410404205322
Normalizer,271,1,61.42201373114552,97.55922465043514,98.38218053927316,0.6757620516513182,0.9917222231743474,0.98428304133356,0.9992747116115216,5.099257469177246,0.2053442001342773
Normalizer,274,1,61.80455630297881,97.63702244833208,98.20130631385028,0.6372200978789795,0.9907885482957955,0.9842211089527316,0.9974442218691718,5.383520126342773,0.2504372596740722
Normalizer,277,1,61.37096640029955,97.57669452506988,98.34198626695697,0.6667707615888796,0.9915145281563384,0.984309587828869,0.9988257235615112,5.440743923187256,0.3028440475463867
Normalizer,280,1,85.79666763698887,99.32326845379166,96.905041031653,0.5269773774503104,0.9839866902360404,0.9875121747599832,0.9804862885957036,6.085335969924927,0.2430391311645507
Normalizer,283,1,86.87546942883185,99.37193802677862,90.07536426059286,0.3328027149662523,0.9465885534024336,0.9900079182534596,0.9068177108516958,5.203282356262207,0.4622321128845215
Normalizer,286,1,86.93278794938001,99.40318535167806,89.59638251549154,0.3206821156548324,0.9438803165540418,0.989693846620188,0.9021206050977412,5.362064599990845,0.2469451427459716
Normalizer,289,1,87.62811569072363,99.38076983213804,89.42555685814771,0.3294803118174691,0.942856625699133,0.9905678317422888,0.8995302894246046,5.363834619522095,0.2196946144104004
Normalizer,292,1,85.74141715240913,99.203397029459,90.59454027801038,0.3392811255995849,0.9495363381496658,0.9898089171974522,0.9124127927056712,4.780211687088013,0.1671128273010254
Normalizer,295,1,80.40402714643159,98.96418938938776,97.53140177524703,0.5574237038484865,0.9872928843600752,0.98574625580995,0.988844373834358,4.827139854431152,0.3853967189788818
Normalizer,298,1,86.75736713376807,99.32616107909094,90.4136660525875,0.3307090822246183,0.9485344362524726,0.989420768307323,0.9108931408440976,5.138350486755371,0.4550063610076904
Normalizer,301,1,86.40022748012328,99.35750523940774,90.56439457377324,0.3265474092930241,0.9494100533376436,0.9889258857420778,0.9129308558402984,5.715342998504639,0.4860107898712158
Normalizer,304,1,79.80448837786784,98.91736016794282,97.49790654831686,0.5607619690215094,0.9871115788747218,0.9862437510774004,0.9879809352766458,5.606019020080566,0.2335152626037597
Normalizer,307,1,83.04858899381675,99.09004040216456,97.20314855133142,0.5411875325746444,0.9855618764373282,0.986841649641608,0.9842854182496372,7.745097875595093,0.2454011440277099
Normalizer,310,1,87.96241686744568,99.362881689348,88.40395243677776,0.3241481626755663,0.9369329981418736,0.9913646877409408,0.8881674380051116,4.580455541610718,0.294579267501831
Normalizer,313,1,88.63044998392719,99.4880997592409,88.79249706916764,0.3231959152888864,0.9392078488372092,0.9908379973932376,0.8926918560475237,5.134894609451294,0.5117096900939941
Normalizer,316,1,79.93256094457918,98.95568860918208,91.42857142857144,0.3070442397895941,0.9543711998288252,0.9864720409893472,0.9242937072597914,5.184373617172241,0.28826904296875
Normalizer,319,1,83.87436399748324,99.18049375167016,91.41852286049236,0.3369747790440244,0.9542222063395632,0.9885236191322376,0.922221454721282,5.625002861022949,0.3981475830078125
Normalizer,322,1,87.84736583583113,99.29891666423656,88.62167141182381,0.3356832294915664,0.9381520254893037,0.9920295714450732,0.889825240035919,4.253106355667114,0.482208251953125
Normalizer,325,1,83.63152022608176,99.12014283666592,91.44196951934347,0.338529063198026,0.954349729314442,0.9885989265223024,0.9223941424328244,4.764305591583252,0.3992509841918945
Normalizer,328,1,83.87178805648088,99.10453340337698,90.87255066153072,0.3383039024576577,0.9511237063476404,0.9893652748236874,0.915728396767286,5.501348257064819,0.5526707172393799
Normalizer,331,1,84.0385859862523,99.1151868941214,90.69502595880088,0.3275902441060839,0.9501507321274764,0.9888324493912004,0.9143814326172548,5.930722951889038,0.3557446002960205
Normalizer,334,1,85.0566442526578,99.1399377988692,90.15240328253223,0.3347420970208662,0.9470232088799192,0.9900535001130284,0.9075775367824824,4.451421499252319,0.4058308601379394
Normalizer,337,1,83.52408202010812,99.15114004948758,91.5926980405292,0.3340123264619331,0.9552137606166584,0.9880767811000368,0.924466394971334,4.230319499969482,0.2527706623077392
Normalizer,340,1,86.41977703237337,99.32573058647976,90.57444314185229,0.3343471032527669,0.9494394135403192,0.9894764437120817,0.9125164053325964,6.629709005355835,0.2306277751922607
Normalizer,343,1,82.64519164962726,99.095727633144,97.4041199129124,0.5648392589406527,0.9866086085048296,0.9872056433486636,0.986012295365062,5.71347188949585,0.28204345703125
Normalizer,346,1,82.43632768330829,99.07899684329324,97.4007703902194,0.5626225634131332,0.9865929509329648,0.98707045564544,0.9861159079919872,6.377912998199463,0.2848587036132812
Normalizer,349,1,82.86205751600937,99.1247487688753,97.25339139172668,0.5452618947960196,0.9858254105445116,0.986814784053156,0.9848380189265732,4.617849111557007,0.4580733776092529
