Dataset,Model,scaled,noise_percentage,AUCROC,AUCPR,Accuracy,MCC,F1 Score,Precision,Recall,Time Train,Time Test
data_ToNIoT.csv,KNN,QuantileTransformer,0,92.22068736244613,97.89870685262869,82.07843673134735,0.5104665273507502,0.8887380699893955,0.9830158581214226,0.8109614491407339,0.05401206016540527,2.656890630722046
data_ToNIoT.csv,LUNAR,QuantileTransformer,0,94.48575378572211,98.70856809471587,89.58731893960098,0.6406359357577441,0.9382245642480745,0.9847685500340367,0.895881715435826,1.7764256000518799,0.23394274711608887
data_ToNIoT.csv,NeuTraLAD,QuantileTransformer,0,83.53246708304789,96.23401098056299,58.93686799672041,0.27765054106911985,0.7030045463530342,0.9719868816616561,0.5506270320483047,49.91943430900574,0.6265208721160889
data_ToNIoT.csv,LOF,QuantileTransformer,0,84.98958280952245,96.49319026596923,52.45968843946434,0.23673798070682184,0.6387706364863461,0.969735182849937,0.47623471125561234,0.03411698341369629,0.16156625747680664
data_ToNIoT.csv,AutoEncoder,QuantileTransformer,0,71.03186554538243,93.15560545011878,28.757857338070515,0.08159700857502304,0.33901743264659273,0.935946797339867,0.2069979873045363,3.912515640258789,0.8015751838684082
data_ToNIoT.csv,CBLOF,QuantileTransformer,0,64.66074131789648,90.55086962612545,17.668761956818805,-0.03251034283236187,0.14925162383507484,0.848314606741573,0.08182381173556279,0.4690721035003662,0.014255046844482422
data_ToNIoT.csv,HBOS,QuantileTransformer,0,82.44037657789865,96.8782853575566,67.00601257174091,0.34003219381265354,0.7745880595621528,0.97554379776602,0.6422820870103731,1.365229606628418,1.0659220218658447
data_ToNIoT.csv,DASVDD,QuantileTransformer,0,59.60014236842006,90.5009093906426,52.82864170538398,0.08788021712738198,0.6588258549120379,0.9109046187482919,0.5160241523455643,11.540854692459106,15.23318099975586
data_ToNIoT.csv,AE1SVM,QuantileTransformer,0,52.247574519026706,88.85540644759335,17.245148947799947,-0.032664778130890054,0.13977272727272727,0.846815834767642,0.07617278216442173,25.109400272369385,1.0574936866760254
data_ToNIoT.csv,DevNet,QuantileTransformer,0,52.05217841345815,88.5358683325676,25.990707843673132,0.06413967781339476,0.29433224755700327,0.9288651315789473,0.17487227124941943,1.9463179111480713,0.23081731796264648
data_ToNIoT.csv,DeepSVDD,QuantileTransformer,0,43.8285389654922,85.86814888247402,15.455042361300903,-0.06636479511976262,0.10501952842470708,0.7995594713656388,0.0562006502554575,5.969141244888306,0.006833076477050781
data_ToNIoT.csv,IForest,QuantileTransformer,0,79.59121708147083,94.29151956296818,30.568461328231756,0.10010909613545013,0.3655094905094905,0.9448030987734022,0.22658306239355938,0.14765691757202148,0.10961198806762695
data_ToNIoT.csv,OCSVM,QuantileTransformer,0,30.26246102171105,83.77876474773336,18.44083082809511,-0.02319342080486545,0.1642512077294686,0.8593406593406593,0.09080352995819786,0.7790834903717041,2.9347293376922607
data_ToNIoT.csv,LODA,QuantileTransformer,0,45.61397935684944,83.89142173664538,12.011478546050833,-0.15765100721592198,0.029247700889491933,0.5574712643678161,0.015017804613717293,0.022706270217895508,0.0668179988861084
data_ToNIoT.csv,MO_GAAL,QuantileTransformer,0,49.308792669297034,87.08456073500858,22.0552063405302,0.03771874427065556,0.22594653277242502,0.9148351648351648,0.12888992104040872,7.526386976242065,0.006718635559082031
data_ToNIoT.csv,SUOD,QuantileTransformer,0,50.909315425804856,87.19517372025676,24.92484285323859,-0.08394735643884185,0.306925696984988,0.8286784741144414,0.18834184858337205,0.18228387832641602,0.35147929191589355
data_ToNIoT.csv,DIF,QuantileTransformer,0,46.43284334373115,88.5167003163932,45.70921016671222,-0.13330622308211565,0.6073334651116822,0.8397103033615742,0.47569283170769466,0.5050618648529053,36.63776206970215
data_ToNIoT.csv,ALAD,QuantileTransformer,0,46.047131534974525,86.47491215768204,16.049467067504782,-0.046565335291020124,0.11508822470291681,0.8262668045501551,0.061851679826598546,4.285452604293823,0.011716365814208984
data_ToNIoT.csv,COPOD,QuantileTransformer,0,22.39722312190028,79.55632579494127,20.319759497130363,-0.19824184984822485,0.24702995867768596,0.7443579766536965,0.14808793930949063,0.010486125946044922,0.10627007484436035
data_ToNIoT.csv,ECOD,QuantileTransformer,0,19.598320182413254,78.75328046475127,20.08062312107133,-0.23845410156756855,0.2530174340634779,0.7227289310470632,0.15335191206069052,0.009517908096313477,0.11114811897277832
data_ToNIoT.csv,VAE,QuantileTransformer,0,57.459278828884116,90.54968838712419,24.569554523093743,0.037617288084857044,0.27387529597474347,0.910761154855643,0.1611704598235021,14.538353204727173,0.9695188999176025
data_ToNIoT.csv,SO_GAAL,QuantileTransformer,0,40.02339643576091,81.95912580742272,11.567368133369774,-0.1824110866086433,0.01850307120649124,0.45353159851301117,0.009444186406564484,1.9012460708618164,0.003300189971923828
data_ToNIoT.csv,KNN,QuantileTransformer,1,91.81864842462016,97.69248800920953,81.03990161246242,0.49791169659617995,0.8814659775319295,0.9833222148098733,0.7987304536305929,0.04072237014770508,2.6993660926818848
data_ToNIoT.csv,LUNAR,QuantileTransformer,1,89.94312157224913,97.91890997724212,71.39928942333971,0.3913241277437593,0.8096407457935425,0.9812610229276896,0.6891159622232543,1.3238451480865479,0.278653621673584
data_ToNIoT.csv,NeuTraLAD,QuantileTransformer,1,71.31992999273106,93.61305355126402,55.9100847226018,0.18995222485829377,0.6804971035302273,0.9440857260612722,0.5319708933271404,51.77764320373535,0.5836548805236816
data_ToNIoT.csv,LOF,QuantileTransformer,1,83.12987391950769,95.9827999382452,44.520360754304455,0.18548295528682238,0.5512820512820513,0.9633062958671301,0.3861278835733086,0.04339241981506348,0.1720733642578125
data_ToNIoT.csv,AutoEncoder,QuantileTransformer,1,66.07234745320217,92.32679696949873,27.029242962558076,0.06808235016552326,0.3119443370699652,0.9297235023041475,0.18741291221551323,3.0522913932800293,0.8812224864959717
data_ToNIoT.csv,CBLOF,QuantileTransformer,1,64.08399060898321,90.24042960512604,17.764416507242416,-0.015197951780736853,0.14771278855686162,0.8662790697674418,0.08074005263972751,0.006803750991821289,0.00955510139465332
data_ToNIoT.csv,HBOS,QuantileTransformer,1,82.08545583758286,96.79171683692107,65.68734626947254,0.33337696994032356,0.7631355532496934,0.9765813616610333,0.6262579346648088,0.005922794342041016,0.01190185546875
data_ToNIoT.csv,DASVDD,QuantileTransformer,1,62.25602353233371,90.59670549209613,51.42115332057939,0.04415237961955423,0.6486459774659024,0.896829734900246,0.5080507818547763,11.539790868759155,14.82296872138977
data_ToNIoT.csv,AE1SVM,QuantileTransformer,1,54.17530673013857,88.8671651150536,15.96064498496857,-0.05602185314241556,0.11498057274427975,0.8153061224489796,0.061851679826598546,24.065208911895752,1.0472137928009033
data_ToNIoT.csv,DevNet,QuantileTransformer,1,52.05407314445682,88.53685833621736,25.95654550423613,0.06477389221315114,0.2935923342676488,0.9294263309946348,0.17433039170150177,1.7585639953613281,0.2614552974700928
data_ToNIoT.csv,DeepSVDD,QuantileTransformer,1,43.55548817732916,85.79995203751314,15.4413774255261,-0.06784841188397081,0.10500433902227364,0.7978021978021979,0.0562006502554575,6.123463869094849,0.0074651241302490234
data_ToNIoT.csv,IForest,QuantileTransformer,1,79.96324672452604,94.05823893535789,28.354741732713855,0.08681050987224123,0.33116468937364457,0.9405797101449276,0.2009599009134541,0.1420760154724121,0.11130452156066895
data_ToNIoT.csv,OCSVM,QuantileTransformer,1,30.220745398439625,83.75580142885984,18.276851598797485,-0.025997393357947984,0.16127901269195707,0.8562918838421445,0.0890230685864685,0.7214722633361816,2.7265570163726807
data_ToNIoT.csv,LODA,QuantileTransformer,1,30.030751867109828,83.13135569062932,18.153867176824267,0.010113590887888428,0.15108780384097512,0.8935456831517183,0.08252051401145688,0.022944211959838867,0.06645727157592773
data_ToNIoT.csv,MO_GAAL,QuantileTransformer,1,49.207026915183285,86.93688700334124,18.932768515987974,0.006461974880732139,0.16859365146100483,0.8891352549889135,0.09312587087784487,7.66584849357605,0.005939960479736328
data_ToNIoT.csv,SUOD,QuantileTransformer,1,49.48956938194009,86.89804886182309,24.569554523093743,-0.09007964331784674,0.30188440622233464,0.8242403314917127,0.1847809258399133,0.10329508781433105,0.3056817054748535
data_ToNIoT.csv,DIF,QuantileTransformer,1,46.668042317971995,88.56509219190565,45.90051926755944,-0.12736263351794488,0.6087171377742637,0.8416233943700464,0.47677659080352996,0.4761230945587158,35.07716464996338
data_ToNIoT.csv,ALAD,QuantileTransformer,1,46.06882969698182,86.49226508242891,16.466247608636237,-0.04408558459199095,0.12433748746597909,0.8314176245210728,0.06719306394178666,4.769806385040283,0.012058496475219727
data_ToNIoT.csv,COPOD,QuantileTransformer,1,22.389828939810368,79.55405402166261,20.326591965017766,-0.19777971571271177,0.24704590947246077,0.7446477228493578,0.14808793930949063,0.009663105010986328,0.11796379089355469
data_ToNIoT.csv,ECOD,QuantileTransformer,1,19.59165820909215,78.75374033647049,20.087455588958733,-0.2383567797766947,0.25312899106002557,0.7228300510576222,0.15342932342467874,0.009727954864501953,0.11270737648010254
data_ToNIoT.csv,VAE,QuantileTransformer,1,46.44444378357909,87.85816545285095,17.108499590051927,-0.03536041886997462,0.13724932442042384,0.8435314685314685,0.07470196624864531,14.334647178649902,0.9477138519287109
data_ToNIoT.csv,SO_GAAL,QuantileTransformer,1,40.11611659539234,81.98966796667206,11.62202787646898,-0.1805752465218436,0.020298417026433386,0.47017543859649125,0.010373122774423286,1.797281265258789,0.0036306381225585938
data_ToNIoT.csv,KNN,QuantileTransformer,3,87.65635473401582,96.89356534936894,62.858704564088555,0.3212587215427395,0.7376701090628318,0.9793695540748334,0.5916550549620684,0.030714750289916992,2.593532085418701
data_ToNIoT.csv,LUNAR,QuantileTransformer,3,84.9044776210866,96.68182028247618,58.294616015304726,0.27624846262225344,0.6966504323625882,0.9729317046085508,0.5425762501935284,1.445711374282837,0.2844221591949463
data_ToNIoT.csv,NeuTraLAD,QuantileTransformer,3,68.53144244136156,93.09711540210628,55.58895873189395,0.17363772369613154,0.6787902747578572,0.9385077890133916,0.5316612478711875,53.066805601119995,0.6200003623962402
data_ToNIoT.csv,LOF,QuantileTransformer,3,78.09977090201453,94.89072777409122,34.17600437277945,0.11962537153721205,0.4186579773111272,0.9493705528188287,0.26854002167518193,0.03657174110412598,0.17898178100585938
data_ToNIoT.csv,AutoEncoder,QuantileTransformer,3,67.45858311790624,92.19198383849574,23.708663569281224,0.03673325056747041,0.2579744816586922,0.9112676056338028,0.15025545750116118,3.0744423866271973,0.8101208209991455
data_ToNIoT.csv,CBLOF,QuantileTransformer,3,66.08123984708057,90.49728477237731,15.455042361300903,-0.05276220454721701,0.10216224060368596,0.8148148148148148,0.05449760024771636,0.02574300765991211,0.009286165237426758
data_ToNIoT.csv,HBOS,QuantileTransformer,3,81.36896364838046,96.59852619122624,61.92948893140202,0.30899539306671187,0.7297507032689883,0.977012987012987,0.5823656912834804,0.0060977935791015625,0.01232004165649414
data_ToNIoT.csv,DASVDD,QuantileTransformer,3,64.1300611847165,90.79353938081034,52.74665209073517,0.08533296445702308,0.6582328523423602,0.9100847226018037,0.5155596841616349,11.505581855773926,14.898700475692749
data_ToNIoT.csv,AE1SVM,QuantileTransformer,3,50.123040361510164,87.73839446422271,13.883574747198688,-0.10530732503444173,0.07337156300544037,0.72953216374269,0.038628270630128504,26.025595903396606,1.0696125030517578
data_ToNIoT.csv,DevNet,QuantileTransformer,3,52.049571750241206,88.53541336983116,25.676414320852693,0.06383707154779776,0.28874068262063557,0.9292929292929293,0.1709242916860195,1.9110629558563232,0.20888376235961914
data_ToNIoT.csv,DeepSVDD,QuantileTransformer,3,42.78981859426369,85.61821451957216,15.427712489751297,-0.07052888779647129,0.10524793985832008,0.7947598253275109,0.05635547298343397,5.9463794231414795,0.0067865848541259766
data_ToNIoT.csv,IForest,QuantileTransformer,3,75.93468364345641,93.13761111761687,27.9379611915824,0.07966767806312802,0.3254237288135593,0.9363268310636732,0.19693450998606596,0.14486908912658691,0.10815191268920898
data_ToNIoT.csv,OCSVM,QuantileTransformer,3,29.937919059975513,83.64088713291669,18.140202241049465,-0.027911382416172147,0.15869672073590338,0.854119425547997,0.08747484130670383,0.7434473037719727,2.706252098083496
data_ToNIoT.csv,LODA,QuantileTransformer,3,27.020182016736356,80.3450076257534,13.104673408034984,-0.1251803037887859,0.05610805996734452,0.6798561151079137,0.029261495587552252,0.022416114807128906,0.0624241828918457
data_ToNIoT.csv,MO_GAAL,QuantileTransformer,3,52.86217253596204,84.93629518288755,10.720142115332058,-0.2779357184271053,0.006840465151630311,0.18828451882845187,0.003483511379470506,8.026665449142456,0.0030863285064697266
data_ToNIoT.csv,SUOD,QuantileTransformer,3,48.043752200005734,86.40477984611428,24.822355834927574,-0.0683347354074238,0.3015298673268584,0.8377425044091711,0.1838519894720545,0.09870553016662598,0.28496241569519043
data_ToNIoT.csv,DIF,QuantileTransformer,3,45.76060359956534,87.99229473436785,45.6135556162886,-0.13627801786420105,0.6066416287803914,0.8387537578573381,0.47515095215977704,0.47118520736694336,34.27950191497803
data_ToNIoT.csv,ALAD,QuantileTransformer,3,46.026875261004264,86.46636809226487,16.056299535392185,-0.04765856208267778,0.11547876169906407,0.8251028806584362,0.062083913918563244,4.489840507507324,0.015016317367553711
data_ToNIoT.csv,COPOD,QuantileTransformer,3,22.36380286074191,79.54288783115909,20.319759497130363,-0.19677549791150772,0.246640826873385,0.7451209992193599,0.1477782938535377,0.010228633880615234,0.12720489501953125
data_ToNIoT.csv,ECOD,QuantileTransformer,3,19.585753226990487,78.7555592138867,20.046460781634327,-0.23789242502399377,0.2521728016359918,0.7227106227106227,0.15273262114878464,0.012603998184204102,0.13786935806274414
data_ToNIoT.csv,VAE,QuantileTransformer,3,55.69077611606189,90.11967963879147,24.17327138562449,0.03772057719966299,0.26649041639127563,0.9113924050632911,0.15606130980027869,14.824827671051025,0.9412651062011719
data_ToNIoT.csv,SO_GAAL,QuantileTransformer,3,51.91004430020758,88.53335009959167,19.383711396556436,-0.0034282624237239614,0.18022649899256582,0.8793220338983051,0.10040253909273882,1.8817126750946045,0.003638029098510742
data_ToNIoT.csv,KNN,QuantileTransformer,5,84.65470881882156,96.14998042293446,49.747198688166165,0.23004754642505473,0.6087557848821746,0.972963781669784,0.44294782474067196,0.03188967704772949,2.646644115447998
data_ToNIoT.csv,LUNAR,QuantileTransformer,5,82.1425365802489,96.0271872186445,42.06067231484012,0.18242514304827506,0.5199818861089097,0.9673546756529064,0.35555039479795636,1.4381577968597412,0.25023651123046875
data_ToNIoT.csv,NeuTraLAD,QuantileTransformer,5,72.53350181795045,93.57510002905761,55.99890680513801,0.18637398704792604,0.6817552876062463,0.9426072697458322,0.5339835887908345,51.94943284988403,0.5985825061798096
data_ToNIoT.csv,LOF,QuantileTransformer,5,71.23823802363292,93.52752762082449,31.080896419786825,0.10044082321113608,0.3737505432420687,0.9438695515835686,0.23300820560458274,0.042153120040893555,0.17715096473693848
data_ToNIoT.csv,AutoEncoder,QuantileTransformer,5,72.37751656774414,93.12315450334461,24.644711669855152,0.0531980328847869,0.2720612500825028,0.9229735781459919,0.1595448211797492,2.989217758178711,0.8015286922454834
data_ToNIoT.csv,CBLOF,QuantileTransformer,5,60.17430218476677,89.18042990397446,15.427712489751297,-0.06932908030589459,0.10498915401301519,0.7960526315789473,0.0562006502554575,0.005071878433227539,0.008257865905761719
data_ToNIoT.csv,HBOS,QuantileTransformer,5,80.52712632975872,96.39919816262574,58.0418147034709,0.2884920611904766,0.6929346467323366,0.9785341053523514,0.5363833410744697,0.005884647369384766,0.010961771011352539
data_ToNIoT.csv,DASVDD,QuantileTransformer,5,51.287268074562185,89.12600886235276,50.16397922929762,0.005094505340717796,0.6395532713975094,0.8842579939874282,0.5009289363678588,11.351755380630493,14.95132327079773
data_ToNIoT.csv,AE1SVM,QuantileTransformer,5,50.003688079244725,88.1032750988084,14.976769609182835,-0.07946488469918428,0.09603370623274735,0.7794811320754716,0.051168911596222326,28.343014240264893,1.1268155574798584
data_ToNIoT.csv,DevNet,QuantileTransformer,5,52.043754633191796,88.53300045760545,24.453402569007928,0.053895273605994984,0.26837821742870377,0.9239179954441914,0.15699024616813748,3.7222912311553955,0.2890331745147705
data_ToNIoT.csv,DeepSVDD,QuantileTransformer,5,42.03089434367149,85.4616260609291,15.407215086089096,-0.07570337446547681,0.10587130786451938,0.7890204520990313,0.05674252980337514,9.933968782424927,0.007394075393676758
data_ToNIoT.csv,IForest,QuantileTransformer,5,75.02049733962646,93.10418608929612,24.63104673408035,0.05733656351765094,0.2709668891679334,0.9263443289652056,0.15869329617587863,0.15684843063354492,0.11003518104553223
data_ToNIoT.csv,OCSVM,QuantileTransformer,5,29.833742649299843,83.5899958141057,17.921563268652637,-0.032682649815435026,0.15490678860358775,0.848882035466461,0.08522991175104505,0.867178201675415,3.3008804321289062
data_ToNIoT.csv,LODA,QuantileTransformer,5,57.45024224620202,89.39950010991032,24.34408308280951,0.05151066472080084,0.2668344037608422,0.9221967963386728,0.15598389843629046,0.028780698776245117,0.08493614196777344
data_ToNIoT.csv,MO_GAAL,QuantileTransformer,5,53.66062479531948,85.2498831861657,10.699644711669855,-0.28064405414540305,0.006838905775075988,0.1859504132231405,0.003483511379470506,10.609408140182495,0.0037641525268554688
data_ToNIoT.csv,SUOD,QuantileTransformer,5,48.890478420253054,86.67261996677925,24.49439737633233,-0.07614894304569386,0.2973230749666179,0.8323246707013172,0.18098776900448985,0.10833954811096191,0.31043100357055664
data_ToNIoT.csv,DIF,QuantileTransformer,5,43.85390042429358,87.80301697224333,45.640885487838204,-0.13542893364074807,0.6068392963036173,0.8390270565728342,0.4753057748877535,0.5331888198852539,53.54596710205078
data_ToNIoT.csv,ALAD,QuantileTransformer,5,46.238706637244945,86.5465799992261,16.746378792019676,-0.04174941913705487,0.1303261722931982,0.8353156450137237,0.07067657532125717,5.216558456420898,0.011787652969360352
data_ToNIoT.csv,COPOD,QuantileTransformer,5,22.34540527056939,79.53605724178865,20.29242962558076,-0.19825920663663324,0.24647978297377598,0.7441497659906396,0.14770088248954946,0.010675430297851562,0.10165023803710938
data_ToNIoT.csv,ECOD,QuantileTransformer,5,19.567339866167558,78.75142708639599,20.046460781634327,-0.23579063322322474,0.25159887439242773,0.7236938925680647,0.15226815296485524,0.010282754898071289,0.10225272178649902
data_ToNIoT.csv,VAE,QuantileTransformer,5,54.438755445154996,89.8174512597225,24.016124624214267,0.03909758834070452,0.26326598211328256,0.9127239320165366,0.1538163802446199,17.564202308654785,1.4615895748138428
data_ToNIoT.csv,SO_GAAL,QuantileTransformer,5,49.2576349323331,87.38604151706465,17.381798305547964,-0.027131312307281774,0.1416808631459398,0.852991452991453,0.07725654126025701,4.256758451461792,0.0038945674896240234
data_ToNIoT.csv,KNN,MinMaxScaler,0,85.52108526947355,96.14435278402449,61.382891500409954,0.30227396735212597,0.7250170283156563,0.9757726558407543,0.5767920730763276,0.03187894821166992,2.924853563308716
data_ToNIoT.csv,LUNAR,MinMaxScaler,0,87.31578303261855,96.66836050158646,70.01229844219732,0.3567140958129138,0.7998358188534683,0.9733599733599734,0.6788202508128193,1.920590877532959,0.2862722873687744
data_ToNIoT.csv,NeuTraLAD,MinMaxScaler,0,78.84725241926283,94.81632530003861,57.67286143755125,0.23886772842416548,0.6938170315820689,0.9595352016404648,0.5433503638334107,58.967206954956055,0.8538885116577148
data_ToNIoT.csv,LOF,MinMaxScaler,0,80.39690581641412,96.01417997804619,62.84503962831375,0.31220446008707414,0.7382556796303427,0.9759480783914483,0.5936677504257625,0.2101120948791504,0.3377416133880615
data_ToNIoT.csv,AutoEncoder,MinMaxScaler,0,54.988225181817576,88.77537390227374,24.289423339710304,0.04487395888029638,0.2671780966867271,0.9169314571039492,0.15637095525623163,4.658435106277466,1.832949161529541
data_ToNIoT.csv,CBLOF,MinMaxScaler,0,55.44461653978953,87.92565987196032,14.307187756217546,-0.077442627466818,0.07860711137231854,0.770893371757925,0.04141507973370491,0.15236353874206543,0.05611252784729004
data_ToNIoT.csv,HBOS,MinMaxScaler,0,43.82893097880227,83.88973703963026,10.95927849139109,-0.24375470075497518,0.006252859539423517,0.20918367346938777,0.0031738659235175724,0.0067331790924072266,0.011623620986938477
data_ToNIoT.csv,DASVDD,MinMaxScaler,0,55.33451261751162,88.76882707579347,48.67450122984422,-0.034033948293359984,0.6279714738510301,0.8715974704426726,0.49078804768540024,14.420862674713135,18.93299126625061
data_ToNIoT.csv,AE1SVM,MinMaxScaler,0,50.0785896568685,87.10337722719439,13.29598250888221,-0.11356309914113774,0.05902417321666914,0.7007042253521126,0.03080972286731692,33.567442655563354,1.0582997798919678
data_ToNIoT.csv,DevNet,MinMaxScaler,0,53.92947833752471,87.70519141416331,18.078710030062858,-0.012556612238670838,0.15408494426414562,0.8694267515923567,0.08453320947515096,21.17276382446289,1.6444857120513916
data_ToNIoT.csv,DeepSVDD,MinMaxScaler,0,46.06975791240566,86.14637296961473,19.80049193768789,0.004254161915637014,0.1873442259761839,0.8866317169069463,0.10473757547607988,37.49629068374634,0.006229877471923828
data_ToNIoT.csv,IForest,MinMaxScaler,0,54.0115014902814,88.67009714118795,22.232850505602624,0.02640545247547294,0.23177645788336934,0.90463645943098,0.13291531196779688,0.1514904499053955,0.09203767776489258
data_ToNIoT.csv,OCSVM,MinMaxScaler,0,48.765565857244795,87.95683983126555,22.294342716589234,0.034488756866767424,0.2312943562014194,0.9115610015982951,0.13245084378386748,0.7132322788238525,2.8208162784576416
data_ToNIoT.csv,LODA,MinMaxScaler,0,45.41076776753016,84.92544690700726,10.562995353921837,-0.29827972639625,0.0006107802717972209,0.022222222222222223,0.0003096454559529339,0.027785778045654297,0.0775139331817627
data_ToNIoT.csv,MO_GAAL,MinMaxScaler,0,44.631127641155885,86.10367484485222,15.721508608909538,0.007726324302775682,0.09693242550699173,0.893387314439946,0.05124632296021056,10.990205764770508,0.003332376480102539
data_ToNIoT.csv,SUOD,MinMaxScaler,0,28.783782310232663,81.54234444099299,20.28559715769336,-0.1638270532552658,0.23730143165326534,0.7629255989911727,0.14050162563864374,0.09733366966247559,0.3067312240600586
data_ToNIoT.csv,DIF,MinMaxScaler,0,39.408271228512035,86.95695756192382,43.372506149221095,-0.20590292418734424,0.5904328918758648,0.8163432631866631,0.4624554884657068,0.5018503665924072,83.69273066520691
data_ToNIoT.csv,ALAD,MinMaxScaler,0,47.21974472814192,87.08382382215778,17.409128177097568,-0.02672214462604119,0.14220834516037467,0.8534923339011925,0.07756618671620993,7.277735471725464,0.05080270767211914
data_ToNIoT.csv,COPOD,MinMaxScaler,0,24.613499658723125,80.38064992064048,20.900519267559442,-0.18987138457506836,0.25650247254511593,0.7527327553712778,0.15459049388450224,0.014271020889282227,0.19759559631347656
data_ToNIoT.csv,ECOD,MinMaxScaler,0,19.598545477419044,78.74320260939814,20.08062312107133,-0.23845410156756855,0.2530174340634779,0.7227289310470632,0.15335191206069052,0.01808476448059082,0.2357039451599121
data_ToNIoT.csv,VAE,MinMaxScaler,0,66.5879891447459,91.18416989777329,16.9308554249795,-0.03759311151522267,0.13367535984038764,0.8405017921146953,0.072611859420963,19.251542568206787,1.795083999633789
data_ToNIoT.csv,SO_GAAL,MinMaxScaler,0,59.79595076384919,89.8359407131672,11.355561628860345,-0.20576904680468433,0.015779092702169626,0.3939393939393939,0.008050781854776281,15.664612531661987,0.004832744598388672
data_ToNIoT.csv,KNN,MinMaxScaler,1,84.93931949373149,95.9434913706584,56.42935228204428,0.2669302096777706,0.6783354350567465,0.9735051397133343,0.5205140114568819,0.030390024185180664,2.45167875289917
data_ToNIoT.csv,LUNAR,MinMaxScaler,1,84.25136542291207,95.89955547251942,54.63241322765783,0.23789184596382404,0.6622927474315939,0.9654507710557533,0.5040253909273882,1.3573198318481445,0.2701244354248047
data_ToNIoT.csv,NeuTraLAD,MinMaxScaler,1,65.28905980068421,91.83574448116735,54.17463787920197,0.13148457660584967,0.668380716934487,0.9250034213767621,0.52322340919647,65.83613634109497,0.5781865119934082
data_ToNIoT.csv,LOF,MinMaxScaler,1,77.20935547424509,95.39297864806532,58.55424979502596,0.2804039470667069,0.6988980442767795,0.9739900387382402,0.5449760024771636,0.03560972213745117,0.18600010871887207
data_ToNIoT.csv,AutoEncoder,MinMaxScaler,1,54.015230122627166,88.76705149750816,17.333971030336155,-0.036999299998379476,0.14270530716360802,0.8426778242677824,0.0779532435361511,3.1238632202148438,1.8424606323242188
data_ToNIoT.csv,CBLOF,MinMaxScaler,1,55.72486775633752,89.47073657127942,20.504236130090188,0.01755352242658271,0.19907757967921802,0.8986948415164698,0.1119368323269856,0.18450164794921875,0.06535482406616211
data_ToNIoT.csv,HBOS,MinMaxScaler,1,42.2133269746071,83.44504591090339,10.95927849139109,-0.24375470075497518,0.006252859539423517,0.20918367346938777,0.0031738659235175724,0.0155487060546875,0.024040937423706055
data_ToNIoT.csv,DASVDD,MinMaxScaler,1,54.72927335511666,88.38326700308265,48.66083629406942,-0.036082640054694276,0.6280566280566281,0.870950027457441,0.49109769314135315,18.803876161575317,18.829638481140137
data_ToNIoT.csv,AE1SVM,MinMaxScaler,1,67.0507631102318,91.02769429611581,16.172451489478,-0.04558909274587346,0.11778241173509743,0.8281092012133469,0.06339990710636322,35.2901554107666,1.1111369132995605
data_ToNIoT.csv,DevNet,MinMaxScaler,1,53.93332187032344,87.68419094724322,18.010385351188848,-0.01917665001763085,0.15397631133671744,0.8625592417061612,0.08453320947515096,2.6624372005462646,0.24696826934814453
data_ToNIoT.csv,DeepSVDD,MinMaxScaler,1,45.753186887974856,86.07299035218708,19.807324405575294,0.003800863388965724,0.1875821969959161,0.8862001308044474,0.10489239820405635,16.627073764801025,0.007112979888916016
data_ToNIoT.csv,IForest,MinMaxScaler,1,51.526384928953675,88.15505492712833,17.79174637879202,-0.025664823823880033,0.15052245128494776,0.85553772070626,0.08252051401145688,0.21861839294433594,0.1497037410736084
data_ToNIoT.csv,OCSVM,MinMaxScaler,1,48.59763997173178,87.95163966535651,22.27384531292703,0.03378706222792263,0.2310396106529674,0.9109808102345416,0.132296021055891,1.605999231338501,4.8607659339904785
data_ToNIoT.csv,LODA,MinMaxScaler,1,40.30035383932429,81.74078259089092,10.556162886034436,-0.2988573395080725,0.0009158208043959399,0.032432432432432434,0.00046446818392940084,0.028418302536010742,0.08279871940612793
data_ToNIoT.csv,MO_GAAL,MinMaxScaler,1,44.303848345100036,85.8672080247936,15.721508608909538,0.007726324302775682,0.09693242550699173,0.893387314439946,0.05124632296021056,14.816603183746338,0.003257274627685547
data_ToNIoT.csv,SUOD,MinMaxScaler,1,27.831816286882372,81.33620199744142,20.63405301995081,-0.12311809101431427,0.23407622313068707,0.7895907473309609,0.1374051710791144,0.09348559379577637,0.3036997318267822
data_ToNIoT.csv,DIF,MinMaxScaler,1,35.31886948407983,85.41549856740299,41.432085269199234,-0.2661879040525048,0.5763984977268235,0.7969390543864444,0.45146307477937764,0.4753837585449219,104.82355618476868
data_ToNIoT.csv,ALAD,MinMaxScaler,1,47.223390001335545,87.09022269925374,17.87373599344083,-0.030066693262682236,0.15328261482107636,0.8513302034428795,0.08422356401919802,4.53761887550354,0.013310432434082031
data_ToNIoT.csv,COPOD,MinMaxScaler,1,24.597255888805922,80.37547439359051,20.934681606996445,-0.18940914591189192,0.2570621468926554,0.7531978931527464,0.1549775507044434,0.010351419448852539,0.12440037727355957
data_ToNIoT.csv,ECOD,MinMaxScaler,1,19.592018681101408,78.74348731258361,20.087455588958733,-0.2383567797766947,0.25312899106002557,0.7228300510576222,0.15342932342467874,0.009759664535522461,0.11960244178771973
data_ToNIoT.csv,VAE,MinMaxScaler,1,66.88326077932967,91.18424516065711,16.924022957092102,-0.03770249784177388,0.13354236442670847,0.8403587443946189,0.07253444805697476,17.54099440574646,0.9639871120452881
data_ToNIoT.csv,SO_GAAL,MinMaxScaler,1,59.94264484801689,89.8683900596889,11.33506422519814,-0.20883102852804247,0.01577550246492226,0.3895131086142322,0.008050781854776281,2.677908182144165,0.004210472106933594
data_ToNIoT.csv,KNN,MinMaxScaler,3,82.92917887540303,95.29158270983675,39.84012025143482,0.15862246868592803,0.4937618582188237,0.9595530726256983,0.3324043969654745,0.029350996017456055,3.648843765258789
data_ToNIoT.csv,LUNAR,MinMaxScaler,3,82.77761166026019,95.36646226131677,60.94561355561628,0.279350692217314,0.7226858140888802,0.9680270340525085,0.5765598389843629,3.6375536918640137,0.8860671520233154
data_ToNIoT.csv,NeuTraLAD,MinMaxScaler,3,58.31680794465889,90.59200231708463,49.883848045914185,-0.001172047321833064,0.6372582958310667,0.8822401752704369,0.49876141817618824,68.82180619239807,1.5389673709869385
data_ToNIoT.csv,LOF,MinMaxScaler,3,75.69257712433814,94.99072851137565,55.1311833834381,0.25957122251268083,0.665375796178344,0.9734605635902788,0.5054187954791763,0.6436607837677002,0.4495987892150879
data_ToNIoT.csv,AutoEncoder,MinMaxScaler,3,41.84783764556986,86.85916136065444,24.070784367313475,0.040068756645433634,0.26408847096218796,0.913421896472744,0.15435825979253753,4.019359350204468,1.2981460094451904
data_ToNIoT.csv,CBLOF,MinMaxScaler,3,50.994895986702915,87.10845755814891,18.44083082809511,0.0014265813037543501,0.15907009510390982,0.8841033672670321,0.08739742994271558,0.17033934593200684,0.055840492248535156
data_ToNIoT.csv,HBOS,MinMaxScaler,3,42.01347453382409,83.44905230691717,10.918283684066685,-0.2503317349633821,0.006704251104677739,0.21153846153846154,0.0034061000154822726,0.024157047271728516,0.04329967498779297
data_ToNIoT.csv,DASVDD,MinMaxScaler,3,52.57713830644122,87.46917884552239,49.555889587318944,-0.011685949058741962,0.6349206349206349,0.8788501026694046,0.4969809568044589,13.549523830413818,23.985289096832275
data_ToNIoT.csv,AE1SVM,MinMaxScaler,3,58.15389036712452,88.99231442967933,13.289150040994807,-0.11765105522975419,0.05971697414240201,0.696027633851468,0.031196779687258088,30.314515352249146,1.984302043914795
data_ToNIoT.csv,DevNet,MinMaxScaler,3,53.92563705767607,87.67502794868211,18.00355288330145,-0.019836064675897387,0.15396545646810011,0.861878453038674,0.08453320947515096,7.907079696655273,0.22658181190490723
data_ToNIoT.csv,DeepSVDD,MinMaxScaler,3,45.113626184398385,85.9300674387381,19.77316206613829,0.0017998143237269613,0.1872923588039867,0.884313725490196,0.10473757547607988,39.69184160232544,0.0070400238037109375
data_ToNIoT.csv,IForest,MinMaxScaler,3,45.70379095795617,87.081176714734,22.007379065318393,0.03267528641527291,0.22604922367618144,0.9104314582195522,0.1290447437683852,0.12968873977661133,0.07934904098510742
data_ToNIoT.csv,OCSVM,MinMaxScaler,3,47.9995988847717,87.78953265067626,21.91172451489478,0.030204546544123006,0.22467946543653755,0.9083927591881514,0.12819321876451464,0.7736630439758301,2.8741989135742188
data_ToNIoT.csv,LODA,MinMaxScaler,3,57.548470868724934,88.43265517463688,10.481005739273025,-0.30940761304712067,0.0,0.0,0.0,0.022640466690063477,0.05688309669494629
data_ToNIoT.csv,MO_GAAL,MinMaxScaler,3,74.17890784551108,94.34870347121564,36.86116425252801,0.14536291299273418,0.4540029542097489,0.958822061392563,0.297414460442793,18.368035554885864,0.00963735580444336
data_ToNIoT.csv,SUOD,MinMaxScaler,3,27.6528148988849,81.29838665951753,20.333424432905165,-0.1565894489774013,0.2364112639161755,0.7674319727891157,0.1397275119987614,0.2820279598236084,0.6037743091583252
data_ToNIoT.csv,DIF,MinMaxScaler,3,36.09304170066368,85.64961990265434,41.82836840666849,-0.25387618281243685,0.5792646768135995,0.800901885761137,0.4537080043350364,0.9311597347259521,101.97990155220032
data_ToNIoT.csv,ALAD,MinMaxScaler,3,47.20059690560013,87.07635847271419,17.477452855971578,-0.028001939973453856,0.14401133947554925,0.8523489932885906,0.07864994581204521,4.926407098770142,0.012368202209472656
data_ToNIoT.csv,COPOD,MinMaxScaler,3,24.534637394897626,80.35725218126571,21.125990707843673,-0.18683759926727853,0.2601896949500128,0.7557706626954579,0.15714506889611396,0.010123491287231445,0.10996317863464355
data_ToNIoT.csv,ECOD,MinMaxScaler,3,19.58591093349453,78.74527430248732,20.046460781634327,-0.23789242502399377,0.2521728016359918,0.7227106227106227,0.15273262114878464,0.014369726181030273,0.1321094036102295
data_ToNIoT.csv,VAE,MinMaxScaler,3,67.56539322719955,91.13863883094473,16.9171904892047,-0.038392932395756446,0.13353284879578167,0.839605734767025,0.07253444805697476,16.364891052246094,0.9557723999023438
data_ToNIoT.csv,SO_GAAL,MinMaxScaler,3,44.09803910436404,81.93314807504674,10.726974583219459,-0.2763506272635798,0.0006119014838610984,0.02564102564102564,0.0003096454559529339,2.885091543197632,0.003941059112548828
data_ToNIoT.csv,KNN,MinMaxScaler,5,80.20821223726772,94.64169619041314,31.75047827275212,0.10644669207821962,0.38335699734551515,0.9463578177384944,0.24036228518346492,0.033023834228515625,3.256016731262207
data_ToNIoT.csv,LUNAR,MinMaxScaler,5,79.68515158118345,94.7930226398863,38.39846952719322,0.13685481990737608,0.4772727272727273,0.9505773672055428,0.31862517417556896,1.4772367477416992,0.29808759689331055
data_ToNIoT.csv,NeuTraLAD,MinMaxScaler,5,64.0810662798081,91.31414175992154,52.35720142115332,0.0769699578346335,0.6550239944590115,0.9074708704592186,0.5124632296021056,55.67302846908569,0.6445398330688477
data_ToNIoT.csv,LOF,MinMaxScaler,5,72.76460267603605,94.35476210950716,48.735993440830825,0.22038115995598312,0.5981038084525149,0.9707876890975482,0.4321876451463075,0.03733086585998535,0.17404770851135254
data_ToNIoT.csv,AutoEncoder,MinMaxScaler,5,43.7881052708037,86.77283439141166,17.72342169991801,-0.026654911284181276,0.14921576939381093,0.8543689320388349,0.08174640037157455,3.382692813873291,0.9163618087768555
data_ToNIoT.csv,CBLOF,MinMaxScaler,5,57.18133913909551,88.97328688607136,16.69171904892047,-0.04030846850602614,0.12876027152554484,0.8365831012070566,0.06974763895339836,0.005176544189453125,0.008986473083496094
data_ToNIoT.csv,HBOS,MinMaxScaler,5,41.60286086807788,83.2874391766163,10.911451216179284,-0.2511379904913224,0.006552380952380953,0.20772946859903382,0.0033286886514940395,0.006124258041381836,0.009371519088745117
data_ToNIoT.csv,DASVDD,MinMaxScaler,5,53.07444999631418,87.6288733174291,48.79065318393003,-0.03578520438239825,0.6294190358467243,0.8710825236074996,0.4927233317851061,13.332967042922974,15.992364645004272
data_ToNIoT.csv,AE1SVM,MinMaxScaler,5,49.671310357207936,87.1674781461439,13.794752664662477,-0.10278322183502807,0.07043394975318647,0.7297709923664122,0.0370026319863756,28.22251319885254,1.0876238346099854
data_ToNIoT.csv,DevNet,MinMaxScaler,5,53.92600654148555,87.68168841116714,18.00355288330145,-0.019836064675897387,0.15396545646810011,0.861878453038674,0.08453320947515096,5.014437198638916,0.2279374599456787
data_ToNIoT.csv,DeepSVDD,MinMaxScaler,5,44.57015830668995,85.80069192098956,19.77316206613829,0.0017998143237269613,0.1872923588039867,0.884313725490196,0.10473757547607988,10.464056015014648,0.005925893783569336
data_ToNIoT.csv,IForest,MinMaxScaler,5,46.001340325048425,87.42081557457985,23.640338890407214,0.03895813304676562,0.2562225475841874,0.9131878557874763,0.14901687567734945,0.13492417335510254,0.0811624526977539
data_ToNIoT.csv,OCSVM,MinMaxScaler,5,47.683145013743896,87.71044532225342,21.91172451489478,0.030204546544123006,0.22467946543653755,0.9083927591881514,0.12819321876451464,0.911210298538208,2.8744587898254395
data_ToNIoT.csv,LODA,MinMaxScaler,5,55.202992151983665,85.1079444496524,10.658649904345449,-0.2856829324079329,0.0006114338122898196,0.024096385542168676,0.0003096454559529339,0.0225369930267334,0.05713224411010742
data_ToNIoT.csv,MO_GAAL,MinMaxScaler,5,74.18887714951711,94.41671253310697,33.567914730800766,0.12430498934422923,0.40854066549060164,0.9537063334280034,0.259947360272488,10.256076574325562,0.016501665115356445
data_ToNIoT.csv,SUOD,MinMaxScaler,5,28.013899710559002,81.43570761439727,20.26509975403116,-0.16372817570988543,0.23685587235155636,0.7628475147430497,0.14019198018269083,0.11426305770874023,0.3862617015838623
data_ToNIoT.csv,DIF,MinMaxScaler,5,37.00950573700215,85.77429161687787,41.85569827821809,-0.25302709858898387,0.5794623443368254,0.8011751844766329,0.45386282706301284,0.7734363079071045,64.95101165771484
data_ToNIoT.csv,ALAD,MinMaxScaler,5,47.23799587656069,87.09188303947484,17.921563268652637,-0.03103280976418992,0.154549933140967,0.8505034856700232,0.08499767765908035,4.193123817443848,0.011228322982788086
data_ToNIoT.csv,COPOD,MinMaxScaler,5,24.492025097503177,80.3429523411388,21.214812790379884,-0.1856533259913848,0.26163795863482103,0.756947017413857,0.15815141662796098,0.010576009750366211,0.11340093612670898
data_ToNIoT.csv,ECOD,MinMaxScaler,5,19.56761697902467,78.74115035771962,20.032795845859525,-0.2359858295411866,0.25137520788026096,0.7234904270986745,0.15211333023687879,0.011937856674194336,0.11602997779846191
data_ToNIoT.csv,VAE,MinMaxScaler,5,66.05995397493385,90.65040936864705,16.9103580213173,-0.03850264771520342,0.13339984322667997,0.8394618834080717,0.07245703669298653,14.857324600219727,0.9682369232177734
data_ToNIoT.csv,SO_GAAL,MinMaxScaler,5,44.3639930998448,82.24638768768651,11.123257720688713,-0.21472557549169324,0.0006146281499692685,0.04081632653061224,0.0003096454559529339,1.9940869808197021,0.0034554004669189453
data_ToNIoT.csv,KNN,Normalizer,0,92.00544501981783,97.98299757401516,76.04536758677234,0.4360883807786646,0.845468970380818,0.9816786079836234,0.7424523920111472,0.026700496673583984,2.1677324771881104
data_ToNIoT.csv,LUNAR,Normalizer,0,92.84579989730153,98.24932004976436,95.27876468980597,0.7653215543010338,0.9733852020182567,0.9686469911843618,0.9781699953553181,1.5337891578674316,0.26644134521484375
data_ToNIoT.csv,NeuTraLAD,Normalizer,0,80.90591707593758,96.5855403173861,58.66356928122438,0.26915969883459023,0.7010278711207748,0.9692538945066959,0.54907880476854,51.31033277511597,0.5882768630981445
data_ToNIoT.csv,LOF,Normalizer,0,76.90880968357587,94.42439061900876,32.07160426345996,0.09809374641488683,0.3899865014112161,0.9402366863905326,0.24601331475460597,0.038994550704956055,0.16137456893920898
data_ToNIoT.csv,AutoEncoder,Normalizer,0,55.30368324891981,90.61620329297963,30.19950806231211,0.10084027744692858,0.359337764956729,0.9461690885072656,0.2217835578262889,2.9224956035614014,0.7838006019592285
data_ToNIoT.csv,CBLOF,Normalizer,0,77.86042199376708,95.52859689365776,54.591418420333426,0.2598664022662043,0.6595635693064236,0.9748637189582071,0.4983743613562471,0.00690913200378418,0.008928298950195312
data_ToNIoT.csv,HBOS,Normalizer,0,67.1997506975584,92.91951669150123,37.63323312380432,0.15422484969152805,0.46362674814901866,0.9621951219512195,0.3053878309335811,0.005338430404663086,0.010125875473022461
data_ToNIoT.csv,DASVDD,Normalizer,0,35.20982444832913,81.59611176824309,48.257720688712766,-0.05396668220965543,0.6257474672596985,0.8652453191198579,0.4900913454095061,11.667597770690918,15.19485592842102
data_ToNIoT.csv,AE1SVM,Normalizer,0,40.79436270441241,87.52770847838867,28.019950806231208,0.08250213333927538,0.3262774189422524,0.938212578153733,0.19747638953398358,24.835529804229736,1.1233255863189697
data_ToNIoT.csv,DevNet,Normalizer,0,24.576055628761413,78.93685625053888,11.239409674774528,-0.21629740038978879,0.013366750208855471,0.3534136546184739,0.006812200030964545,1.704099416732788,0.1875917911529541
data_ToNIoT.csv,DeepSVDD,Normalizer,0,48.75831811690865,88.58194733579352,25.334790926482647,0.06988878198654581,0.2813363146126529,0.9348776223776224,0.1655829075708314,5.932363510131836,0.007201671600341797
data_ToNIoT.csv,IForest,Normalizer,0,66.69120129279682,91.4210381181148,25.997540311560535,0.07063160791413362,0.2931540820988057,0.9338877338877339,0.17386592351757238,0.13558626174926758,0.08100628852844238
data_ToNIoT.csv,OCSVM,Normalizer,0,27.638389259664393,81.73870900446047,13.09100847226018,-0.12565828178781382,0.055819477434679333,0.6787003610108303,0.029106672859575786,0.7094392776489258,2.5968172550201416
data_ToNIoT.csv,LODA,Normalizer,0,44.67367685594873,88.2997255829164,26.5031429352282,0.06968769343189167,0.3023542382774499,0.9320271891243502,0.18044588945657222,0.02611541748046875,0.06148862838745117
data_ToNIoT.csv,MO_GAAL,Normalizer,0,29.591958302039856,80.00700296246978,11.546870729707571,-0.14860283554124867,0.008880722707089266,0.4027777777777778,0.004489859111317542,7.333603620529175,0.005406379699707031
data_ToNIoT.csv,SUOD,Normalizer,0,42.87499813005145,85.8962041416894,21.337797212353102,0.0046881630208530515,0.2186630471666101,0.8866263070996148,0.12470970738504412,0.10039329528808594,0.2761971950531006
data_ToNIoT.csv,DIF,Normalizer,0,61.0208571808097,92.43319441331748,51.99508062312107,0.06198314831206652,0.652796995453647,0.9025690079256627,0.5113020591422821,0.46814441680908203,50.92403745651245
data_ToNIoT.csv,ALAD,Normalizer,0,48.55491052093433,87.71607844988529,19.06258540584859,-0.014424830960505458,0.175758419148344,0.8686382393397524,0.09777055271713887,4.706917762756348,0.016639232635498047
data_ToNIoT.csv,COPOD,Normalizer,0,29.82631016705895,80.67508788828505,12.414594151407488,-0.25295027790163005,0.06980625498875263,0.5573580533024334,0.0372348660783403,0.011162519454956055,0.11971569061279297
data_ToNIoT.csv,ECOD,Normalizer,0,23.590635550001885,78.95173221267193,12.687892866903525,-0.27928538843327577,0.08714908207729123,0.5642923219241444,0.04722093203282242,0.010594606399536133,0.11487865447998047
data_ToNIoT.csv,VAE,Normalizer,0,46.439417452,88.1957691847947,25.573927302541676,0.07137592155934368,0.2853768943121433,0.9354838709677419,0.1683697166744078,14.554834365844727,0.9443297386169434
data_ToNIoT.csv,SO_GAAL,Normalizer,0,23.397710930646806,80.4423954873639,13.73326045367587,-0.10645739033654074,0.06956521739130435,0.7239263803680982,0.0365381638024462,2.137969493865967,0.003735065460205078
data_ToNIoT.csv,KNN,Normalizer,1,91.82296057103092,97.90756195685022,74.95217272478818,0.4266664284735797,0.8371535181236673,0.9821763602251408,0.729447282861124,0.055762529373168945,2.072770357131958
data_ToNIoT.csv,LUNAR,Normalizer,1,88.79676651200614,97.28565536652206,82.68652637332605,0.47379408411646495,0.8943374197314653,0.9692697035430224,0.8301594674098157,1.3081109523773193,0.2650275230407715
data_ToNIoT.csv,NeuTraLAD,Normalizer,1,70.08605232864016,94.92146004513693,58.28778354741733,0.2576472307069737,0.698295033358043,0.965559655596556,0.5469112865768695,52.57701396942139,0.5565371513366699
data_ToNIoT.csv,LOF,Normalizer,1,71.27148255468676,93.47276126898622,30.896419786827,0.08998181392706997,0.37273629372364175,0.9373050530255771,0.23262114878464157,0.03310441970825195,0.16412615776062012
data_ToNIoT.csv,AutoEncoder,Normalizer,1,55.9269348470274,90.80459576276428,30.117518447663294,0.10152892599261126,0.3578603716725264,0.946843853820598,0.2206223873664654,2.78779935836792,0.7847177982330322
data_ToNIoT.csv,CBLOF,Normalizer,1,75.22708159518237,95.17106408095015,49.71986881661656,0.22780558418680227,0.6087095230499282,0.9719816607233825,0.4431026474686484,0.00537109375,0.008405208587646484
data_ToNIoT.csv,HBOS,Normalizer,1,67.16019340044241,92.89008388322706,37.01831101393823,0.1502560825583644,0.4554584120982987,0.9613466334164589,0.29842080817464006,0.006902456283569336,0.011283636093139648
data_ToNIoT.csv,DASVDD,Normalizer,1,32.561839874368296,80.63879531153592,47.41732713856245,-0.07926386052207589,0.619574888779041,0.8570842450765864,0.4851370181142592,12.049771070480347,15.08634328842163
data_ToNIoT.csv,AE1SVM,Normalizer,1,41.54941413385516,87.16434977120987,27.42552610002733,0.08193176145298844,0.31612155549832605,0.9391736801836267,0.19004489859111318,25.637314796447754,1.0368921756744385
data_ToNIoT.csv,DevNet,Normalizer,1,24.566685609470753,78.93351934040757,11.205247335337525,-0.2217566310943201,0.013511461970548049,0.34765625,0.006889611394952779,1.9549894332885742,0.23059630393981934
data_ToNIoT.csv,DeepSVDD,Normalizer,1,48.585174399061614,88.51579904807254,25.266466247608637,0.06979942697816371,0.28011056996182704,0.9349736379613357,0.16473138256696082,5.431544065475464,0.005624532699584961
data_ToNIoT.csv,IForest,Normalizer,1,60.52615440710376,91.0543561072443,29.721235310194043,0.10124816828168043,0.3513683945011981,0.9476190476190476,0.21566806007121844,0.12946462631225586,0.08477234840393066
data_ToNIoT.csv,OCSVM,Normalizer,1,27.599363658762055,81.73662406356308,13.104673408034984,-0.1258128854243985,0.05624814485010389,0.6792114695340502,0.029338906951540487,0.7967488765716553,2.6991097927093506
data_ToNIoT.csv,LODA,Normalizer,1,56.670027617563,89.47286458929614,20.839027056572835,0.042590283065406,0.2007450331125828,0.9220532319391636,0.1126335346028797,0.020562171936035156,0.06058049201965332
data_ToNIoT.csv,MO_GAAL,Normalizer,1,29.623375690596788,79.99030764699538,11.136922656463515,-0.22099744696308965,0.00884011583600061,0.28431372549019607,0.004489859111317542,7.253363132476807,0.003790616989135742
data_ToNIoT.csv,SUOD,Normalizer,1,44.24166917645303,85.99771791675042,18.905438644438373,-0.021260682261903203,0.17387067585438853,0.8619737750172533,0.09668679362130361,0.10085225105285645,0.2846503257751465
data_ToNIoT.csv,DIF,Normalizer,1,62.13498604342498,92.69783083761916,52.623667668761954,0.08151208545148474,0.6573433484878435,0.9088548783820716,0.5148629818857409,0.4630284309387207,48.981637477874756
data_ToNIoT.csv,ALAD,Normalizer,1,48.50783738242529,87.69366050957841,19.13774255261,-0.012929967069892339,0.17703914887699046,0.8701298701298701,0.09854466635702121,4.4274821281433105,0.012655019760131836
data_ToNIoT.csv,COPOD,Normalizer,1,29.816018691194625,80.67294738269462,12.469253894506696,-0.2547455555383823,0.0721373216484392,0.5601799775028121,0.03855085926614027,0.011174201965332031,0.11310911178588867
data_ToNIoT.csv,ECOD,Normalizer,1,23.58733723111717,78.95172719157829,12.687892866903525,-0.2796685252365862,0.0872794800371402,0.564173591874423,0.04729834339681065,0.010540962219238281,0.1154944896697998
data_ToNIoT.csv,VAE,Normalizer,1,43.51940042330228,87.36885042947462,25.655916917190492,0.06877285649285506,0.28737965813085337,0.9332199064227988,0.16984053259018425,14.805581331253052,1.0244338512420654
data_ToNIoT.csv,SO_GAAL,Normalizer,1,23.40073438962446,80.38137459032617,13.835747471986881,-0.10034300613684184,0.07101289134438306,0.7336377473363774,0.03731227744232853,2.323934316635132,0.004599809646606445
data_ToNIoT.csv,KNN,Normalizer,3,90.54329845586406,97.36407482926157,63.50778901339164,0.3263137182254033,0.7434308497862324,0.9796176731231802,0.5990091345409506,0.03330183029174805,2.1751930713653564
data_ToNIoT.csv,LUNAR,Normalizer,3,85.12249559818616,96.12304618322895,57.98715496037169,0.26555406862874603,0.6945203437826022,0.9693523783109139,0.5411054342777519,1.5623741149902344,0.281221866607666
data_ToNIoT.csv,NeuTraLAD,Normalizer,3,75.799641816988,95.4955760453588,58.52691992347636,0.26556406754578016,0.69998022933966,0.9681432868471425,0.5481498684006813,56.57363963127136,0.7079031467437744
data_ToNIoT.csv,LOF,Normalizer,3,66.7621286665185,92.70451050345841,29.031156053566548,0.07810845186259595,0.3442964459314437,0.9329456038316798,0.2111007895959127,0.05037999153137207,0.17815923690795898
data_ToNIoT.csv,AutoEncoder,Normalizer,3,60.161913212398574,91.61204997001799,30.22000546597431,0.10056249048258767,0.359726662905147,0.945928123969667,0.22209320328224183,3.17838716506958,0.9559109210968018
data_ToNIoT.csv,CBLOF,Normalizer,3,76.62834668972245,95.35459174257187,57.044274391910356,0.2840866128380621,0.683066996017543,0.9791877438936263,0.5244619910202818,0.005655527114868164,0.009466409683227539
data_ToNIoT.csv,HBOS,Normalizer,3,67.04868589027845,92.83446553898915,34.818256354195135,0.13707325083833824,0.42530120481927713,0.9587180879956545,0.27326211487846414,0.005717277526855469,0.010527610778808594
data_ToNIoT.csv,DASVDD,Normalizer,3,32.2215700682788,80.56180312310832,47.383164799125446,-0.07918825133336115,0.6191959649903576,0.8570841889117043,0.48467254993032977,12.642953634262085,20.112762689590454
data_ToNIoT.csv,AE1SVM,Normalizer,3,39.57128793584896,87.19514981432283,25.628587045640888,0.0694819203463239,0.286743987943123,0.9338454972257789,0.16937606440625483,27.30973529815674,1.2212512493133545
data_ToNIoT.csv,DevNet,Normalizer,3,24.55515951697472,78.92836301171229,11.198414867450122,-0.2223737333795102,0.013360661960069839,0.34509803921568627,0.006812200030964545,2.3731768131256104,0.38627099990844727
data_ToNIoT.csv,DeepSVDD,Normalizer,3,48.24790777539926,88.42216767597469,25.266466247608637,0.07027286950691337,0.28001579778830965,0.9353562005277045,0.1646539712029726,6.828632593154907,0.006855010986328125
data_ToNIoT.csv,IForest,Normalizer,3,55.606222900390236,89.95741248606342,27.03607543044548,0.08071475757310904,0.30956229391607937,0.9391918399372303,0.18532280538783094,0.12743544578552246,0.07967281341552734
data_ToNIoT.csv,OCSVM,Normalizer,3,27.76123812041964,81.7230916582269,13.056846132823175,-0.12875307396693295,0.055518444295999406,0.6738738738738739,0.02895185013159932,0.7970480918884277,2.8113443851470947
data_ToNIoT.csv,LODA,Normalizer,3,38.745016249177,85.61820812806803,19.117245148947802,0.006466913606293253,0.1725150286593038,0.8890489913544669,0.09552562316148011,0.021604061126708984,0.0601499080657959
data_ToNIoT.csv,MO_GAAL,Normalizer,3,29.96796214899714,83.53969069716484,15.940147581306368,-0.050982418692427825,0.11342509187864812,0.8206465067778936,0.06092274345873974,9.281445503234863,0.003200054168701172
data_ToNIoT.csv,SUOD,Normalizer,3,42.6456433082607,85.7611280781916,20.12845039628314,-0.0065233287518259185,0.19645312070387683,0.8766871165644172,0.11062083913918563,0.09174442291259766,0.3105432987213135
data_ToNIoT.csv,DIF,Normalizer,3,59.53865485544081,91.8554571609458,51.02487018311014,0.03184065837948622,0.6457797983791264,0.8928669035255534,0.5058058522991176,0.5021302700042725,32.527700424194336
data_ToNIoT.csv,ALAD,Normalizer,3,48.542667990319885,87.71385224728421,19.151407488384805,-0.012222267923145652,0.177178221264168,0.8708133971291866,0.09862207772100945,4.5542683601379395,0.015375852584838867
data_ToNIoT.csv,COPOD,Normalizer,3,29.794083969431252,80.66717347384197,12.626400655916918,-0.25225749648262913,0.0762785322161225,0.5701943844492441,0.04087320018578727,0.011754512786865234,0.11661601066589355
data_ToNIoT.csv,ECOD,Normalizer,3,23.579276175810133,78.95086205384064,12.79037988521454,-0.2768717280001675,0.08945641318305037,0.57,0.04853692522062239,0.010593175888061523,0.11297726631164551
data_ToNIoT.csv,VAE,Normalizer,3,40.31343221441019,87.02711450263116,29.085815796665752,0.09793724509394196,0.34139222031854816,0.9468497008095741,0.20823656912834804,15.557718515396118,1.2137820720672607
data_ToNIoT.csv,SO_GAAL,Normalizer,3,27.631402861534948,80.54166192150336,14.723968297349002,-0.08578876981357948,0.09103488456776637,0.7687576875768758,0.04838210249264592,2.2252042293548584,0.00415802001953125
data_ToNIoT.csv,KNN,Normalizer,5,87.51440085676987,96.74018127695824,53.42989887947527,0.25502336156181954,0.6474604323988828,0.9755299251870324,0.4845177272023533,0.03623223304748535,2.209285020828247
data_ToNIoT.csv,LUNAR,Normalizer,5,80.69270689426149,95.19313081936832,43.99426072697458,0.17353850319034733,0.5462998837659822,0.9584385317537386,0.3820250812819322,1.4333009719848633,0.28305792808532715
data_ToNIoT.csv,NeuTraLAD,Normalizer,5,74.26806834405106,94.8861767894951,58.50642251981416,0.2644399045580174,0.6998764516926118,0.967746344130108,0.5481498684006813,58.126697063446045,0.7130916118621826
data_ToNIoT.csv,LOF,Normalizer,5,69.20968404448152,92.88074746280756,28.054113145668214,0.07182581247860226,0.3289574305378537,0.9304253785147801,0.19979873045363059,0.05133628845214844,0.21981334686279297
data_ToNIoT.csv,AutoEncoder,Normalizer,5,56.202389532902174,90.98944487239152,30.49330418147035,0.10804764706223469,0.3627936110241152,0.9504430587463079,0.22418331010992415,3.581822633743286,1.017815113067627
data_ToNIoT.csv,CBLOF,Normalizer,5,73.32533265708786,94.87589949513126,49.44657010112052,0.23604409186794517,0.6045218878614571,0.9765152823346572,0.4377612633534603,0.0053501129150390625,0.00869607925415039
data_ToNIoT.csv,HBOS,Normalizer,5,66.97809645906544,92.77652068106978,33.943700464607815,0.13410540201854537,0.4125653177785879,0.9590395480225988,0.2628115807400526,0.005719423294067383,0.010548591613769531
data_ToNIoT.csv,DASVDD,Normalizer,5,38.74732552298631,85.48409396135669,47.157693358841215,-0.08830475923910847,0.6178098438426567,0.8541951352828642,0.48389843629044743,12.903994798660278,20.25674605369568
data_ToNIoT.csv,AE1SVM,Normalizer,5,40.44067207482822,86.92810097076656,25.36212079803225,0.07200367102946673,0.2814103407446389,0.9365148861646234,0.1655829075708314,27.950061082839966,1.305567741394043
data_ToNIoT.csv,DevNet,Normalizer,5,24.556144056150004,78.91999370503298,11.17108499590052,-0.22636467693175938,0.013356606207786295,0.33976833976833976,0.006812200030964545,2.178419351577759,0.33574461936950684
data_ToNIoT.csv,DeepSVDD,Normalizer,5,48.131639781763035,88.38236310652118,25.252801311833835,0.07158342616620561,0.27950474183350893,0.9364518976169461,0.16426691438303143,7.262831211090088,0.007536649703979492
data_ToNIoT.csv,IForest,Normalizer,5,59.812404058121786,90.43038040381315,24.77452855971577,0.060940063903737414,0.2728833707568353,0.9289568345323741,0.15993187799969036,0.1431410312652588,0.08091449737548828
data_ToNIoT.csv,OCSVM,Normalizer,5,27.954644871087105,81.69296513054599,12.831374692538944,-0.1364149561385864,0.05060276826908766,0.6538461538461539,0.02631986375599938,0.8401651382446289,2.8913750648498535
data_ToNIoT.csv,LODA,Normalizer,5,46.4346209213268,86.5333658773589,19.54769062585406,-0.003566071654701876,0.18370883882149047,0.8792302587923025,0.10257005728440935,0.028488874435424805,0.06667566299438477
data_ToNIoT.csv,MO_GAAL,Normalizer,5,30.333998944898433,83.6423764908069,16.82153593878109,-0.0387715630521799,0.13142123287671234,0.8387978142076503,0.07129586623316303,9.780502796173096,0.003013134002685547
data_ToNIoT.csv,SUOD,Normalizer,5,42.99845528732232,85.76741618914984,19.595517901065865,-0.013497579479596093,0.18684355997788835,0.87001287001287,0.10466016411209166,0.09773468971252441,0.2815101146697998
data_ToNIoT.csv,DIF,Normalizer,5,57.89560541364074,91.47633246011786,50.819896146488105,0.02547252670358898,0.6442972919549318,0.8908171631593331,0.504644681839294,0.5074341297149658,27.55163812637329
data_ToNIoT.csv,ALAD,Normalizer,5,48.54812012945992,87.71011317589354,19.144575020497403,-0.012309079394715832,0.17705146036161334,0.8707250341997264,0.09854466635702121,4.547255992889404,0.013376951217651367
data_ToNIoT.csv,COPOD,Normalizer,5,29.759978811455294,80.65849079212578,12.824542224651545,-0.2503071441567495,0.0817560273479669,0.5813715455475946,0.04396965474531661,0.012108325958251953,0.13710951805114746
data_ToNIoT.csv,ECOD,Normalizer,5,23.561960001665383,78.94856897731192,12.804044820989342,-0.2764519472773522,0.08972895863052782,0.5707803992740472,0.04869174794859885,0.014618635177612305,0.1447162628173828
data_ToNIoT.csv,VAE,Normalizer,5,39.265709054750474,86.65231725670787,25.437277944793657,0.07072957547785608,0.28303002430852114,0.9353017802865827,0.1667440780306549,16.153278350830078,1.1781091690063477
data_ToNIoT.csv,SO_GAAL,Normalizer,5,26.310180576650676,79.23639138107865,10.877288876742279,-0.2599116111701839,0.009416767922235723,0.248,0.004799504567270475,2.2144062519073486,0.003586292266845703
data_ToNIoT.csv,KNN,RobustScaler,0,86.59522201561168,96.40213456838629,51.61246242142662,0.23174479982384938,0.6298735235706073,0.9694337194337195,0.4664808793930949,0.04678535461425781,3.381112813949585
data_ToNIoT.csv,LUNAR,RobustScaler,0,87.9856098672724,96.81565565729085,74.42607269745832,0.39747234869067066,0.8343145500420521,0.9742582445983666,0.7295246942251122,1.384418249130249,0.2845573425292969
data_ToNIoT.csv,NeuTraLAD,RobustScaler,0,88.94048895504751,98.02064228015199,59.71576933588412,0.3018494414375294,0.7086380707649733,0.9797758950532932,0.555039479795634,56.62403464317322,0.7294278144836426
data_ToNIoT.csv,LOF,RobustScaler,0,80.55538733528456,95.48296233241939,38.35064225198141,0.15350442593939168,0.4739082269255437,0.9600755965036617,0.31459978324818083,0.037297964096069336,0.16442275047302246
data_ToNIoT.csv,AutoEncoder,RobustScaler,0,55.343161692783774,88.83108705833762,24.316753211259908,0.0460612246895711,0.26744262945572383,0.9178393100317749,0.15652577798420808,3.4277989864349365,0.9819447994232178
data_ToNIoT.csv,CBLOF,RobustScaler,0,34.80495129933037,84.18457572834517,21.529106313200327,0.02581881426873652,0.21801593245727513,0.9050310910118711,0.12393559374516179,0.005138397216796875,0.00861501693725586
data_ToNIoT.csv,HBOS,RobustScaler,0,51.50011102537885,85.81662596291405,12.489751298168898,-0.1389750248823753,0.04074295985620132,0.6267281105990783,0.021055891004799505,0.005885601043701172,0.009286165237426758
data_ToNIoT.csv,DASVDD,RobustScaler,0,75.00127066383264,94.20489737348818,58.116971850232304,0.2521780143655309,0.6970745206562562,0.9637879201967751,0.5459823502090106,12.978793859481812,20.334580659866333
data_ToNIoT.csv,AE1SVM,RobustScaler,0,55.11470129216599,88.4649908248065,14.013391637059305,-0.093516037127594,0.07429201912467819,0.7459379615952733,0.039092738814057906,25.587210178375244,1.2150704860687256
data_ToNIoT.csv,DevNet,RobustScaler,0,63.299134903224974,89.7130754262809,11.458048647171358,-0.1995004616796871,0.018629307080651268,0.42857142857142855,0.009521597770552717,2.0906553268432617,0.5024495124816895
data_ToNIoT.csv,DeepSVDD,RobustScaler,0,46.0698255009074,86.14984970863703,19.80049193768789,0.004254161915637014,0.1873442259761839,0.8866317169069463,0.10473757547607988,6.498079776763916,0.006892681121826172
data_ToNIoT.csv,IForest,RobustScaler,0,54.0115014902814,88.67009714118795,22.232850505602624,0.02640545247547294,0.23177645788336934,0.90463645943098,0.13291531196779688,0.15310931205749512,0.08297085762023926
data_ToNIoT.csv,OCSVM,RobustScaler,0,39.89588171543583,88.20067887383503,31.046734080349825,0.10186312451445756,0.3729340126755313,0.9448992443324937,0.23231150332868866,0.845451831817627,3.0155158042907715
data_ToNIoT.csv,LODA,RobustScaler,0,62.942384767462215,88.9418050905582,10.945613555616289,-0.2533415192750454,0.011077389984825494,0.2786259541984733,0.0056510295711410434,0.020952224731445312,0.05164051055908203
data_ToNIoT.csv,MO_GAAL,RobustScaler,0,31.429236821278515,83.54567809197222,11.738179830554795,0.0,0.0,0.0,0.0,7.247244834899902,0.002920389175415039
data_ToNIoT.csv,SUOD,RobustScaler,0,29.591005304165378,81.75559456248074,20.230937414594152,-0.1653599863614128,0.2365788269142745,0.7616842105263157,0.14003715745471434,0.09055948257446289,0.2721235752105713
data_ToNIoT.csv,DIF,RobustScaler,0,76.931474361158,95.42250311978766,57.32440557529379,0.22755457188539488,0.6913421624827041,0.95586225744739,0.5414924910976932,0.5096511840820312,28.820656776428223
data_ToNIoT.csv,ALAD,RobustScaler,0,42.69434983556168,85.04918892669893,15.161246242142662,-0.06812895564250528,0.09819158980318106,0.7943595769682726,0.05233008205604583,4.450042486190796,0.011578798294067383
data_ToNIoT.csv,COPOD,RobustScaler,0,24.613499658723125,80.38064992064048,20.900519267559442,-0.18987138457506836,0.25650247254511593,0.7527327553712778,0.15459049388450224,0.011635303497314453,0.1010293960571289
data_ToNIoT.csv,ECOD,RobustScaler,0,19.598545477419044,78.74320260939814,20.08062312107133,-0.23845410156756855,0.2530174340634779,0.7227289310470632,0.15335191206069052,0.010227203369140625,0.10286140441894531
data_ToNIoT.csv,VAE,RobustScaler,0,67.01587617858576,91.2287883118607,16.9308554249795,-0.03759311151522267,0.13367535984038764,0.8405017921146953,0.072611859420963,13.438863515853882,0.9943356513977051
data_ToNIoT.csv,SO_GAAL,RobustScaler,0,30.33254579211111,83.47959280626421,11.738179830554795,0.0,0.0,0.0,0.0,1.9613008499145508,0.0037050247192382812
data_ToNIoT.csv,KNN,RobustScaler,1,86.3339586621514,96.226547904005,48.74282590871823,0.2145505643702147,0.5989093242087254,0.9680262703076391,0.4335810496980957,0.025641441345214844,3.1414031982421875
data_ToNIoT.csv,LUNAR,RobustScaler,1,84.24956306286578,95.90953741900763,54.63241322765783,0.23789184596382404,0.6622927474315939,0.9654507710557533,0.5040253909273882,1.368786096572876,0.25757598876953125
data_ToNIoT.csv,NeuTraLAD,RobustScaler,1,84.66552297909928,97.36126754015619,59.62011478546051,0.29887764665544403,0.7079462344336825,0.9788193495490571,0.5544976002477163,51.21818137168884,0.5975570678710938
data_ToNIoT.csv,LOF,RobustScaler,1,79.025735628747,95.08767838448856,35.53566548237223,0.1378409006029362,0.4358744394618834,0.9574468085106383,0.282164421737111,0.04489707946777344,0.163346529006958
data_ToNIoT.csv,AutoEncoder,RobustScaler,1,54.32158852444569,88.83674557146801,17.395463241322766,-0.0326584661829464,0.14316087880935507,0.8473154362416108,0.07818547762811581,2.94378662109375,0.8127188682556152
data_ToNIoT.csv,CBLOF,RobustScaler,1,34.79897647577691,84.18162244810547,21.419786827001914,0.024692443391743646,0.21607252402699204,0.9041642897889333,0.12269701192135006,0.0053141117095947266,0.009037017822265625
data_ToNIoT.csv,HBOS,RobustScaler,1,49.60831787359004,85.54173853838493,12.42825908718229,-0.14744181865650216,0.040715515305740586,0.6139954853273137,0.021055891004799505,0.005852460861206055,0.010016918182373047
data_ToNIoT.csv,DASVDD,RobustScaler,1,60.79672019135296,88.97167441250448,53.08827548510522,0.09594651725018516,0.6607036963826843,0.9135009565455042,0.5174949682613408,11.863065004348755,14.85571002960205
data_ToNIoT.csv,AE1SVM,RobustScaler,1,70.50980970502394,91.60001635449007,13.712763050013665,-0.10259304148522827,0.0681767874271379,0.7275590551181103,0.035764050162563864,25.818651914596558,1.1010746955871582
data_ToNIoT.csv,DevNet,RobustScaler,1,63.328569695730984,89.71741905694326,11.478546050833561,-0.19844659695524078,0.01922785768357305,0.4349315068493151,0.009831243226505651,1.8979918956756592,0.21556615829467773
data_ToNIoT.csv,DeepSVDD,RobustScaler,1,45.75325447647659,86.07646709120937,19.807324405575294,0.003800863388965724,0.1875821969959161,0.8862001308044474,0.10489239820405635,6.082738399505615,0.006219387054443359
data_ToNIoT.csv,IForest,RobustScaler,1,51.526384928953675,88.15505492712833,17.79174637879202,-0.025664823823880033,0.15052245128494776,0.85553772070626,0.08252051401145688,0.1263880729675293,0.07841372489929199
data_ToNIoT.csv,OCSVM,RobustScaler,1,39.726682913140124,87.94258519302154,30.910084722601805,0.10172132182414104,0.370752955818295,0.9451142131979695,0.2306084533209475,0.8511238098144531,2.868971347808838
data_ToNIoT.csv,LODA,RobustScaler,1,53.146925146725636,89.21682319351187,16.99918010385351,0.028853889103425956,0.12212747506865154,0.9184782608695652,0.06541260257005728,0.02103567123413086,0.05380654335021973
data_ToNIoT.csv,MO_GAAL,RobustScaler,1,33.82983396118545,84.7140775192653,11.738179830554795,0.0,0.0,0.0,0.0,7.319417715072632,0.003225564956665039
data_ToNIoT.csv,SUOD,RobustScaler,1,28.451620871401428,81.52072983485162,20.599890680513802,-0.12802433402396635,0.23460449186590265,0.7863134657836645,0.13786963926304382,0.09355616569519043,0.2967495918273926
data_ToNIoT.csv,DIF,RobustScaler,1,77.24229585704113,95.35032381451138,57.87100300628587,0.2445362563544542,0.6952955129472228,0.9613282317573107,0.5445889456572225,0.48071765899658203,29.28214693069458
data_ToNIoT.csv,ALAD,RobustScaler,1,42.82399809959157,85.06429691034529,15.509702104400109,-0.06345309195869436,0.10572750940121492,0.8032967032967033,0.05658770707539867,4.509329557418823,0.012140989303588867
data_ToNIoT.csv,COPOD,RobustScaler,1,24.597255888805922,80.37547439359051,20.934681606996445,-0.18940914591189192,0.2570621468926554,0.7531978931527464,0.1549775507044434,0.009523868560791016,0.10885167121887207
data_ToNIoT.csv,ECOD,RobustScaler,1,19.592018681101408,78.74348731258361,20.087455588958733,-0.2383567797766947,0.25312899106002557,0.7228300510576222,0.15342932342467874,0.009456872940063477,0.11590695381164551
data_ToNIoT.csv,VAE,RobustScaler,1,66.95246915215722,91.16277309649293,16.924022957092102,-0.03828331626312743,0.1336658354114713,0.8397493285586393,0.072611859420963,13.844024658203125,0.9646141529083252
data_ToNIoT.csv,SO_GAAL,RobustScaler,1,30.706197559207983,83.03874914522137,11.738179830554795,0.0,0.0,0.0,0.0,2.2541890144348145,0.0055158138275146484
data_ToNIoT.csv,KNN,RobustScaler,3,84.65816033831018,95.86751064970413,45.640885487838204,0.20083841005479258,0.5631931481278137,0.9684667673716012,0.39704288589564946,0.06914567947387695,3.3443315029144287
data_ToNIoT.csv,LUNAR,RobustScaler,3,82.63539869375758,95.41680456188331,49.57638699098114,0.20597618951179192,0.6096890205204146,0.9622704507512521,0.44619910202817775,1.263106107711792,0.24005818367004395
data_ToNIoT.csv,NeuTraLAD,RobustScaler,3,82.13367572767132,96.78456112422055,58.77288876742279,0.2725560357284021,0.7018185412136786,0.97034708936868,0.5496980956804459,52.53936266899109,0.633948564529419
data_ToNIoT.csv,LOF,RobustScaler,3,74.6182173361443,93.9458095506144,30.78026783274119,0.10710630440271003,0.36764246925909744,0.9490815339993555,0.22797646694534757,0.03349804878234863,0.16428470611572266
data_ToNIoT.csv,AutoEncoder,RobustScaler,3,40.941189712633516,86.77020574740816,24.05711943153867,0.037592253393243194,0.2643457541862466,0.9114559561843907,0.15459049388450224,3.0276730060577393,0.7764139175415039
data_ToNIoT.csv,CBLOF,RobustScaler,3,34.79794913055053,84.18542993002072,21.440284230664115,0.024904260959275774,0.2164372359274908,0.9043280182232346,0.12292924601331476,0.0067331790924072266,0.023013830184936523
data_ToNIoT.csv,HBOS,RobustScaler,3,49.58260946047975,85.54503716019892,12.42825908718229,-0.14744181865650216,0.040715515305740586,0.6139954853273137,0.021055891004799505,0.005861043930053711,0.009634256362915039
data_ToNIoT.csv,DASVDD,RobustScaler,3,61.63315718868601,90.42363212511108,53.03361574200601,0.09424834880327923,0.6603083613362325,0.9129543591145122,0.5171853228053879,12.273714542388916,14.706242084503174
data_ToNIoT.csv,AE1SVM,RobustScaler,3,60.37144207368013,89.27954058240151,14.525826728614375,-0.07923297642305575,0.08458949217034978,0.7727272727272727,0.044743768385198945,26.117656230926514,1.0256414413452148
data_ToNIoT.csv,DevNet,RobustScaler,3,63.19886736089971,89.68060803062473,11.444383711396556,-0.20248320979476486,0.01892362425251684,0.42662116040955633,0.009676420498529185,2.12776255607605,0.2432408332824707
data_ToNIoT.csv,DeepSVDD,RobustScaler,3,45.11370729060046,85.9333635149797,19.77316206613829,0.0017998143237269613,0.1872923588039867,0.884313725490196,0.10473757547607988,6.872596502304077,0.006211757659912109
data_ToNIoT.csv,IForest,RobustScaler,3,45.70379095795617,87.081176714734,22.007379065318393,0.03267528641527291,0.22604922367618144,0.9104314582195522,0.1290447437683852,0.13663601875305176,0.07972025871276855
data_ToNIoT.csv,OCSVM,RobustScaler,3,39.468832779017504,87.78269559881066,29.652910631320033,0.09259463275741082,0.3518821603927987,0.941711590296496,0.21636476234711255,0.803016185760498,2.8450348377227783
data_ToNIoT.csv,LODA,RobustScaler,3,78.02947660725907,94.96624141798335,36.061765509702106,0.14208336721152612,0.44290987022264555,0.9587628865979382,0.2879702740362285,0.020435333251953125,0.04995012283325195
data_ToNIoT.csv,MO_GAAL,RobustScaler,3,30.41298286802705,83.18197194309478,11.738179830554795,0.0,0.0,0.0,0.0,8.359116792678833,0.003219127655029297
data_ToNIoT.csv,SUOD,RobustScaler,3,28.47786323367544,81.52464238364294,20.278764689805957,-0.1585136400009828,0.23578726748755569,0.7659574468085106,0.13934045517882024,0.0959620475769043,0.2823054790496826
data_ToNIoT.csv,DIF,RobustScaler,3,76.23752068433448,94.88757744045739,57.14676141022137,0.2220355244329506,0.6900573235817355,0.9540858157966657,0.5404861433658461,0.46430206298828125,29.41162610054016
data_ToNIoT.csv,ALAD,RobustScaler,3,42.693854186548954,85.05922637129125,15.420880021863898,-0.06765912304873878,0.10446357520075238,0.7977900552486188,0.05589100479950457,4.607269287109375,0.012239933013916016
data_ToNIoT.csv,COPOD,RobustScaler,3,24.534637394897626,80.35725218126571,21.125990707843673,-0.18683759926727853,0.2601896949500128,0.7557706626954579,0.15714506889611396,0.009967565536499023,0.10642266273498535
data_ToNIoT.csv,ECOD,RobustScaler,3,19.58591093349453,78.74527430248732,20.046460781634327,-0.23789242502399377,0.2521728016359918,0.7227106227106227,0.15273262114878464,0.009343624114990234,0.11220979690551758
data_ToNIoT.csv,VAE,RobustScaler,3,67.60973579023845,91.1398762591582,16.924022957092102,-0.03828331626312743,0.1336658354114713,0.8397493285586393,0.072611859420963,15.403851509094238,0.9647359848022461
data_ToNIoT.csv,SO_GAAL,RobustScaler,3,37.66590273636105,85.34564826583014,11.738179830554795,0.0,0.0,0.0,0.0,2.021099090576172,0.003483295440673828
data_ToNIoT.csv,KNN,RobustScaler,5,80.69148804828018,95.05679941327722,39.24569554523094,0.16191465475774136,0.4850590687977762,0.9627586206896551,0.32419879238272176,0.03708076477050781,3.4188859462738037
data_ToNIoT.csv,LUNAR,RobustScaler,5,80.39068542130437,95.05610115731432,48.599344083082805,0.1902592341737558,0.6002444338168872,0.9571259108625657,0.43721938380554265,1.389305830001831,0.27495908737182617
data_ToNIoT.csv,NeuTraLAD,RobustScaler,5,85.2931903593203,96.98843025982643,58.950532932495214,0.27807508318084634,0.7031033801146471,0.9721235310194042,0.550704443412293,55.23376703262329,0.698920488357544
data_ToNIoT.csv,LOF,RobustScaler,5,67.13000612261708,92.28083122843776,25.96337797212353,0.06896884482543877,0.29287392325763506,0.9326683291770573,0.17371110078959592,0.1403365135192871,0.17972469329833984
data_ToNIoT.csv,AutoEncoder,RobustScaler,5,44.424703345054084,86.79098080977839,17.737086635692812,-0.024192358721550362,0.14899632456884365,0.8569105691056911,0.08159157764359808,3.2430293560028076,0.80137038230896
data_ToNIoT.csv,CBLOF,RobustScaler,5,34.80076081222274,84.18950865793929,21.153320579393274,0.02242850413474726,0.21120984278879015,0.9024532710280374,0.11960055736182071,0.007544279098510742,0.008568763732910156
data_ToNIoT.csv,HBOS,RobustScaler,5,49.7372879996525,85.58608068536238,12.42825908718229,-0.14744181865650216,0.040715515305740586,0.6139954853273137,0.021055891004799505,0.005801200866699219,0.008939504623413086
data_ToNIoT.csv,DASVDD,RobustScaler,5,72.98164737871065,93.61248194604487,57.980322492484284,0.24793259324826608,0.6960861830401265,0.9624214266192949,0.5452082365691283,11.952228307723999,14.441456079483032
data_ToNIoT.csv,AE1SVM,RobustScaler,5,49.60260664519335,87.2174739165144,19.40420880021864,-0.0026395622852418647,0.18049187161317215,0.8800813008130082,0.10055736182071529,25.78825044631958,1.1018905639648438
data_ToNIoT.csv,DevNet,RobustScaler,5,63.23648261506582,89.68638352558148,11.40338890407215,-0.20842968720987182,0.01891503366875993,0.4180602006688963,0.009676420498529185,2.30600905418396,0.4380369186401367
data_ToNIoT.csv,DeepSVDD,RobustScaler,5,44.57023941289203,85.80398799723118,19.77316206613829,0.0017998143237269613,0.1872923588039867,0.884313725490196,0.10473757547607988,6.321645736694336,0.006981611251831055
data_ToNIoT.csv,IForest,RobustScaler,5,46.001340325048425,87.42081557457985,23.640338890407214,0.03895813304676562,0.2562225475841874,0.9131878557874763,0.14901687567734945,0.17929506301879883,0.09226512908935547
data_ToNIoT.csv,OCSVM,RobustScaler,5,39.34542969254802,87.70571131748054,26.824268925936046,0.07091351014838208,0.3077817993795243,0.9322631166797181,0.1843164576559839,1.0286314487457275,2.963576555252075
data_ToNIoT.csv,LODA,RobustScaler,5,66.96577958109908,92.97822941066222,43.07871003006286,0.18053047250157275,0.533564750013997,0.9639894800728303,0.3688651494039325,0.019979238510131836,0.049951791763305664
data_ToNIoT.csv,MO_GAAL,RobustScaler,5,31.612922092446293,82.94507210309216,11.738179830554795,0.0,0.0,0.0,0.0,8.111592054367065,0.0037384033203125
data_ToNIoT.csv,SUOD,RobustScaler,5,28.655895853148028,81.64228804075925,20.176277671494944,-0.1680464437755723,0.23615560640732267,0.7597812368531762,0.13980492336274966,0.1046745777130127,0.28553128242492676
data_ToNIoT.csv,DIF,RobustScaler,5,75.59501988093248,94.78422635506239,57.201421153320574,0.22373369287985653,0.6904526586281874,0.9546324132276578,0.540795788821799,0.46772289276123047,29.87216019630432
data_ToNIoT.csv,ALAD,RobustScaler,5,42.8878602219318,85.0916271864544,15.666848865810332,-0.06517403099600676,0.1099012042979736,0.8029504741833509,0.058987459359033906,4.258570671081543,0.012803792953491211
data_ToNIoT.csv,COPOD,RobustScaler,5,24.492025097503177,80.3429523411388,21.214812790379884,-0.1856533259913848,0.26163795863482103,0.756947017413857,0.15815141662796098,0.012438058853149414,0.11216282844543457
data_ToNIoT.csv,ECOD,RobustScaler,5,19.56761697902467,78.74115035771962,20.032795845859525,-0.2359858295411866,0.25137520788026096,0.7234904270986745,0.15211333023687879,0.010949850082397461,0.11281275749206543
data_ToNIoT.csv,VAE,RobustScaler,5,66.07353926378278,90.6604871018162,16.9103580213173,-0.03850264771520342,0.13339984322667997,0.8394618834080717,0.07245703669298653,15.018223285675049,0.9257731437683105
data_ToNIoT.csv,SO_GAAL,RobustScaler,5,29.884210983546076,82.98680455820636,11.738179830554795,0.0,0.0,0.0,0.0,2.303917407989502,0.0044629573822021484
data_N_BaIoT.csv,KNN,QuantileTransformer,0,96.10644901260079,99.57147567289528,89.7275663530403,0.605883728884932,0.9406177700207006,0.9884831939941989,0.8971738288811459,0.11921906471252441,28.839648723602295
data_N_BaIoT.csv,LUNAR,QuantileTransformer,0,91.45152015628241,99.07696349518741,79.75354585030192,0.44667636173900616,0.8757620801826839,0.987226188741561,0.7869144405729771,2.0799596309661865,1.3954601287841797
data_N_BaIoT.csv,NeuTraLAD,QuantileTransformer,0,98.92548329886357,99.8873314023135,59.3069793568319,0.32028038394509056,0.7107384392702952,0.9999297802120638,0.551296941540844,84.8775200843811,1.3313825130462646
data_N_BaIoT.csv,LOF,QuantileTransformer,0,90.91153361743544,98.45609662620015,85.64106164864485,0.5263226008942032,0.9150288777163751,0.9873565279770444,0.8525745257452575,0.10483741760253906,0.7895097732543945
data_N_BaIoT.csv,AutoEncoder,QuantileTransformer,0,99.92760910492086,99.99018907351038,99.0415671956186,0.9421980647728487,0.9947428219299428,0.9896164604007817,0.9999225706542779,4.786834239959717,1.5904345512390137
data_N_BaIoT.csv,CBLOF,QuantileTransformer,0,94.40414413294742,99.38809367833645,89.2009549220615,0.5979177582675466,0.9373319207888517,0.9892491614345919,0.8905923344947735,0.16930365562438965,0.09314489364624023
data_N_BaIoT.csv,HBOS,QuantileTransformer,0,99.97033820052917,99.99697103571188,99.01348125263306,0.940423619246745,0.9945856374881983,0.9900264682189573,0.9991869918699187,0.03497052192687988,0.1363527774810791
data_N_BaIoT.csv,DASVDD,QuantileTransformer,0,94.86142947875813,99.38266825462017,58.93835135514674,0.30750043676159344,0.7081253743262128,0.9962083976969527,0.5492837785520712,18.64411973953247,28.72431445121765
data_N_BaIoT.csv,PCA,QuantileTransformer,0,99.76360491078266,99.9728393846607,99.03103496699902,0.9415138563118968,0.994682900516298,0.9899532172712632,0.9994579945799458,0.18403077125549316,0.611513614654541
data_N_BaIoT.csv,AE1SVM,QuantileTransformer,0,99.7635954290429,99.97512213269701,98.95379862378878,0.936737812092094,0.9942581888246628,0.9896816263904872,0.9988772744870306,40.631795167922974,2.2815871238708496
data_N_BaIoT.csv,DevNet,QuantileTransformer,0,64.51929038076041,95.50493432103202,51.509619435472544,0.2225896224565652,0.6398623279098874,0.9798754192620988,0.47502903600464574,3.778231620788574,0.47674083709716797
data_N_BaIoT.csv,DeepSVDD,QuantileTransformer,0,99.45986467077502,99.94380990854717,97.73557084679119,0.8681803416501891,0.98749248579573,0.9892381211391273,0.9857530003871467,10.385804891586304,0.1781165599822998
data_N_BaIoT.csv,IForest,QuantileTransformer,0,99.33598938745334,99.92505959081228,98.35697233534616,0.9020518621318118,0.9909488260550033,0.990068016695007,0.991831204026326,0.177354097366333,0.193619966506958
data_N_BaIoT.csv,OCSVM,QuantileTransformer,0,92.18805149080666,99.16400098086832,84.77390815896644,0.5194713440654852,0.9092810676260799,0.9889884879646904,0.8414634146341463,2.4400477409362793,11.57857346534729
data_N_BaIoT.csv,LODA,QuantileTransformer,0,93.65604653462833,99.29349757792225,89.31329869400365,0.5964826203105458,0.9380822586550588,0.9882993313903652,0.8927216415021293,0.12718677520751953,0.7193572521209717
data_N_BaIoT.csv,MO_GAAL,QuantileTransformer,0,0.6750619449353062,77.12748175169702,8.299396152225812,-0.3162983979852617,7.656381594058648e-05,0.003424657534246575,3.8714672861014324e-05,13.130387544631958,0.01837754249572754
data_N_BaIoT.csv,SUOD,QuantileTransformer,0,99.54913014519316,99.93398502439278,98.79581519449515,0.9299212936604119,0.9933492331258604,0.9950277745406518,0.9916763453348819,0.3592379093170166,6.245376110076904
data_N_BaIoT.csv,DIF,QuantileTransformer,0,30.352913271839142,85.79779076476702,43.58938351355147,-0.22054037609060081,0.5990217608305051,0.8427187192809998,0.46465350367789393,0.601184606552124,461.05027055740356
data_N_BaIoT.csv,ALAD,QuantileTransformer,0,30.475909670820258,86.25579989808284,13.049431259654543,-0.06477924129007095,0.09744542837360154,0.8299193047796399,0.05176151761517615,5.278311491012573,0.06373429298400879
data_N_BaIoT.csv,COPOD,QuantileTransformer,0,26.261964132183042,82.81012917405509,8.40471843842157,-0.3012689199896482,0.00594376285910234,0.1875,0.0030197444831591173,0.09365677833557129,2.734041452407837
data_N_BaIoT.csv,ECOD,QuantileTransformer,0,24.7922871735984,82.90134381799483,8.629405982305856,-0.25967103961010723,0.0034461632715576656,0.15734265734265734,0.0017421602787456446,0.10377693176269531,2.824068784713745
data_N_BaIoT.csv,VAE,QuantileTransformer,0,99.74100700744332,99.97043720198324,98.92922342367645,0.935227801033436,0.9941222948102754,0.989716434519013,0.9985675571041425,24.075555562973022,1.9739413261413574
data_N_BaIoT.csv,SO_GAAL,QuantileTransformer,0,10.923827787099057,80.93151752271048,10.8833029068951,-0.09792125527827024,0.050213275462096835,0.7488839285714286,0.02597754548974061,4.34479022026062,0.01743769645690918
data_N_BaIoT.csv,KNN,QuantileTransformer,1,53.805548772464796,93.02091424403106,31.350933857604268,0.10334846802862963,0.4010292225693806,0.960387323943662,0.2534262485481998,0.12647008895874023,21.43176579475403
data_N_BaIoT.csv,LUNAR,QuantileTransformer,1,45.45621682667468,90.42547925753586,16.41974441791883,0.04171693108802495,0.1523836650407662,0.9481612760301285,0.08284939992257065,2.1459102630615234,1.3860294818878174
data_N_BaIoT.csv,NeuTraLAD,QuantileTransformer,1,94.94458579530351,99.40643290158857,59.06473809858166,0.31243809279840645,0.7089801826985473,0.9976819331272829,0.5498644986449864,87.77391290664673,1.258387565612793
data_N_BaIoT.csv,LOF,QuantileTransformer,1,55.724076704649065,92.84706597564296,22.545990731638817,0.04344665599809203,0.26811305732484075,0.9367176634214186,0.1564459930313589,0.09160089492797852,0.802804708480835
data_N_BaIoT.csv,AutoEncoder,QuantileTransformer,1,99.14900802038487,99.89065153453629,97.47928661704816,0.858263365063874,0.9860311284046692,0.9910441924129839,0.981068524970964,4.694046497344971,1.5612220764160156
data_N_BaIoT.csv,CBLOF,QuantileTransformer,1,95.72376891278871,99.53846619133488,92.44839207976408,0.677253691097989,0.9569653682251966,0.9901875543410756,0.9259001161440186,0.10954952239990234,0.09347248077392578
data_N_BaIoT.csv,HBOS,QuantileTransformer,1,99.95890176363277,99.99575180277499,99.07316388147733,0.944102105859331,0.9949101565512455,0.9909363238343959,0.9989159891598915,0.03667640686035156,0.14100074768066406
data_N_BaIoT.csv,DASVDD,QuantileTransformer,1,74.49316162340222,96.85716014762036,57.63937649206572,0.26281262780566667,0.6988919944100619,0.9832186490661424,0.5421215640727836,19.247668027877808,28.554147958755493
data_N_BaIoT.csv,PCA,QuantileTransformer,1,99.53780019552805,99.95126484930117,98.18845667743294,0.8935502651253638,0.9900038744672608,0.9907716169057774,0.989237320944638,0.10017848014831543,0.36925697326660156
data_N_BaIoT.csv,AE1SVM,QuantileTransformer,1,98.49646010186014,99.83564256217458,95.28507232130319,0.7662777798680255,0.9735583075741765,0.9905051880934257,0.9571815718157182,41.354651927948,2.115220308303833
data_N_BaIoT.csv,DevNet,QuantileTransformer,1,64.51219001639903,95.5038914886058,51.53770537845808,0.22437041616277983,0.6399958272480701,0.9805018379415055,0.47502903600464574,4.00374698638916,0.6025347709655762
data_N_BaIoT.csv,DeepSVDD,QuantileTransformer,1,98.83646507904416,99.87973202504324,94.9304872911108,0.7547028172941717,0.9715029996842438,0.9908219950084535,0.9529229578010066,9.506687641143799,0.03362298011779785
data_N_BaIoT.csv,IForest,QuantileTransformer,1,99.7108638273378,99.96899171964895,98.9467771380424,0.9365793140699072,0.9942084942084942,0.9915286869464767,0.9969028261711188,0.17532825469970703,0.22673320770263672
data_N_BaIoT.csv,OCSVM,QuantileTransformer,1,91.91632379236916,99.13380632270642,84.00856621261059,0.5122342750935817,0.9041839331916952,0.9900041457460039,0.8320557491289199,2.530256509780884,11.991814136505127
data_N_BaIoT.csv,LODA,QuantileTransformer,1,93.23350665953639,99.28606950930569,86.09043673641342,0.5408792331156933,0.9177701216221825,0.9891732283464567,0.8559814169570267,0.6611275672912598,1.1709794998168945
data_N_BaIoT.csv,MO_GAAL,QuantileTransformer,1,3.1836764702021,76.23505426086396,8.309928380845387,-0.3146402593565224,7.657260997741108e-05,0.0034602076124567475,3.8714672861014324e-05,13.305156230926514,0.018488407135009766
data_N_BaIoT.csv,SUOD,QuantileTransformer,1,99.03921676745027,99.66991680743814,95.04283106305294,0.7726699638981472,0.9720196575776792,0.9956158155394983,0.9495160665892374,0.4006805419921875,5.838313341140747
data_N_BaIoT.csv,DIF,QuantileTransformer,1,33.66479890980415,87.10885992333834,43.87726442915321,-0.2106365914030711,0.601068077460571,0.8455975284370173,0.4662408052651955,0.5817403793334961,469.2180287837982
data_N_BaIoT.csv,ALAD,QuantileTransformer,1,30.63763605931893,86.30260213850154,13.4180592613397,-0.06696599490106207,0.10625498296731173,0.8310657596371882,0.056755710414247,4.766337633132935,0.06012392044067383
data_N_BaIoT.csv,COPOD,QuantileTransformer,1,26.127604962129926,82.36430937276471,8.40471843842157,-0.3012689199896482,0.00594376285910234,0.1875,0.0030197444831591173,0.09213900566101074,2.872009754180908
data_N_BaIoT.csv,ECOD,QuantileTransformer,1,24.735449249206667,82.88738726012228,8.629405982305856,-0.25967103961010723,0.0034461632715576656,0.15734265734265734,0.0017421602787456446,0.11339831352233887,2.7404861450195312
data_N_BaIoT.csv,VAE,QuantileTransformer,1,99.08394359269246,99.90357025076668,96.32425221176801,0.8059033388544518,0.9795103622380086,0.9903834738216787,0.9688734030197445,23.224499702453613,1.851806402206421
data_N_BaIoT.csv,SO_GAAL,QuantileTransformer,1,15.08974977251118,81.87815867801079,12.856340401628986,-0.04885886026656489,0.09036939313984169,0.845679012345679,0.04773519163763066,5.515669345855713,0.017307519912719727
data_N_BaIoT.csv,KNN,QuantileTransformer,3,38.15084631091762,88.58194611293357,16.946355848897625,-0.009073812131679309,0.17152862896165294,0.8987155963302752,0.09481223383662409,0.13995790481567383,20.874242544174194
data_N_BaIoT.csv,LUNAR,QuantileTransformer,3,37.71222540516932,87.53350823207701,13.909563263586575,-0.059047739719748825,0.11594202898550725,0.8427672955974843,0.06225319396051104,2.1229498386383057,1.4640929698944092
data_N_BaIoT.csv,NeuTraLAD,QuantileTransformer,3,87.99859582727596,98.2638486606835,57.65693020643168,0.2644975756824087,0.6989341254586755,0.9837678307919331,0.5420054200542005,89.32877087593079,1.3524954319000244
data_N_BaIoT.csv,LOF,QuantileTransformer,3,39.311937860470216,89.33277878030721,19.340682488414547,0.013588735720159466,0.21450305993367294,0.9175197426147996,0.12144792876500193,0.10888671875,0.8954071998596191
data_N_BaIoT.csv,AutoEncoder,QuantileTransformer,3,76.72942119667725,97.23170675864941,64.82937789636287,0.3188762734685895,0.7617598097502972,0.987422934648582,0.6200542005420054,5.2279369831085205,1.6633548736572266
data_N_BaIoT.csv,CBLOF,QuantileTransformer,3,92.53226052553345,99.19393687514619,79.23044516219632,0.4500107668469664,0.8718537451804358,0.9896243115656963,0.7791327913279132,0.14867520332336426,0.08246874809265137
data_N_BaIoT.csv,HBOS,QuantileTransformer,3,99.9550171677839,99.99531090607422,99.23816879651734,0.9542245114685312,0.9958121851901885,0.9928040943548697,0.9988385598141696,0.03447675704956055,0.14178252220153809
data_N_BaIoT.csv,DASVDD,QuantileTransformer,3,56.86357614464291,93.85149209332198,52.28900435332117,0.07874716605206557,0.6608604511878619,0.9297149276786968,0.5126209833526907,19.93551254272461,28.154382705688477
data_N_BaIoT.csv,PCA,QuantileTransformer,3,99.24775231711838,99.92086395258933,95.39741609324534,0.7766904884861355,0.9741466011950541,0.9927649825153744,0.9562137049941928,0.18020391464233398,0.36497926712036133
data_N_BaIoT.csv,AE1SVM,QuantileTransformer,3,96.43189587240904,99.54975968875652,88.9446706923185,0.6023940965529195,0.9355940523183278,0.991718336729827,0.8854819976771197,40.92575669288635,2.2124714851379395
data_N_BaIoT.csv,DevNet,QuantileTransformer,3,64.51149930812474,95.5037801902126,51.569302064316815,0.22677812564610422,0.6401085283452036,0.9813614910807136,0.4749516066589237,4.188162803649902,0.46249842643737793
data_N_BaIoT.csv,DeepSVDD,QuantileTransformer,3,97.9567492628312,99.78787983348904,93.69470579974723,0.7178991976334331,0.9642715047346224,0.9917341844668139,0.9382888114595431,9.919829845428467,0.03484654426574707
data_N_BaIoT.csv,IForest,QuantileTransformer,3,99.79161907562664,99.97772002851487,99.12582502457519,0.9474939849356976,0.9951914721047448,0.9928331984741648,0.9975609756097561,0.16841602325439453,0.25298357009887695
data_N_BaIoT.csv,OCSVM,QuantileTransformer,3,91.33431418284471,99.06964836514993,81.7722230023873,0.4876396514010023,0.8891214282663478,0.9914745665841113,0.8059233449477352,2.700914144515991,12.281843900680542
data_N_BaIoT.csv,LODA,QuantileTransformer,3,97.2596765530579,99.70120582337934,90.89664372981323,0.6466964328685639,0.947538794585955,0.9923719116836887,0.9065814943863725,0.6543233394622803,1.1740074157714844
data_N_BaIoT.csv,MO_GAAL,QuantileTransformer,3,10.801914494545958,77.83861710291318,8.380143238309227,-0.30336385472357175,7.663128855511705e-05,0.0037174721189591076,3.8714672861014324e-05,13.591955423355103,0.01749420166015625
data_N_BaIoT.csv,SUOD,QuantileTransformer,3,98.36299805026255,99.48745599166013,91.06515938772645,0.6591694225085782,0.9484452547351362,0.994688761419163,0.9063104916763454,0.3929457664489746,5.84027886390686
data_N_BaIoT.csv,DIF,QuantileTransformer,3,22.87678464576658,82.27078228721372,43.09085802555821,-0.23769083250071324,0.5954781393491715,0.8377334644010672,0.46190476190476193,0.580784797668457,471.7357051372528
data_N_BaIoT.csv,ALAD,QuantileTransformer,3,30.718117795883526,86.32803046268394,13.228479146187333,-0.06521537938148642,0.101628380343123,0.83115338882283,0.054123112659698026,4.9531731605529785,0.06342053413391113
data_N_BaIoT.csv,COPOD,QuantileTransformer,3,26.166067274840042,82.23655971212803,8.432804381407106,-0.2961539441497298,0.00549073438572409,0.18181818181818182,0.0027874564459930314,0.09597897529602051,3.015458106994629
data_N_BaIoT.csv,ECOD,QuantileTransformer,3,24.645660091007198,82.86314959202062,8.678556382530543,-0.2498970389058677,0.0029896512073591414,0.15,0.0015098722415795587,0.10955619812011719,2.8799455165863037
data_N_BaIoT.csv,VAE,QuantileTransformer,3,98.24321304360639,99.8124338865679,92.14646819266957,0.6757959113782537,0.955086634408818,0.9919923259790633,0.9208284939992257,25.07604169845581,1.8444745540618896
data_N_BaIoT.csv,SO_GAAL,QuantileTransformer,3,13.64104423421239,81.38931834812718,12.6316528577447,-0.056584167143217935,0.08641703377386196,0.8347517730496454,0.04556716995741386,4.704624176025391,0.021282434463500977
data_N_BaIoT.csv,KNN,QuantileTransformer,5,33.5258578713465,86.78845726659374,13.902541777840192,-0.05292138549341877,0.11472095877553967,0.8488247863247863,0.061517615176151765,0.1277148723602295,20.270406007766724
data_N_BaIoT.csv,LUNAR,QuantileTransformer,5,34.48968328363443,86.08983475328456,10.658615363010814,-0.06165852014996536,0.03926306251887647,0.790273556231003,0.02013162988772745,2.253380298614502,1.4209973812103271
data_N_BaIoT.csv,NeuTraLAD,QuantileTransformer,5,66.27930477550012,94.62326096488748,53.057857042550204,0.10686819892369252,0.6661839970041193,0.9379261862917398,0.5165311653116531,91.93137836456299,1.2753806114196777
data_N_BaIoT.csv,LOF,QuantileTransformer,5,44.824475492036655,89.05231156229387,15.819407386603004,-0.02431759057674803,0.15104092904687721,0.8835956917978459,0.08257839721254355,0.10827851295471191,0.8319754600524902
data_N_BaIoT.csv,AutoEncoder,QuantileTransformer,5,66.8302872150263,95.7587130443933,52.71380424097739,0.2400015577506475,0.6509988858083072,0.9842513515631122,0.48633372048006196,5.141739845275879,1.5667521953582764
data_N_BaIoT.csv,CBLOF,QuantileTransformer,5,91.87529119881575,99.03732003025108,81.31231568599915,0.4850670687078518,0.8859120817883704,0.9923176645700292,0.800116144018583,0.13747215270996094,0.09283328056335449
data_N_BaIoT.csv,HBOS,QuantileTransformer,5,99.94513719493962,99.99389124536594,99.39966296868418,0.9640670678180474,0.9966967373036877,0.9946408605467093,0.9987611304684475,0.03420138359069824,0.1353306770324707
data_N_BaIoT.csv,DASVDD,QuantileTransformer,5,38.116948361861695,89.69118490037364,46.61564387024295,-0.11642985900949572,0.6205330405270513,0.8729813228479146,0.4813395276809911,19.434943914413452,27.48069715499878
data_N_BaIoT.csv,PCA,QuantileTransformer,5,98.92770129660605,99.88754953342979,93.23479848335909,0.7118859199997724,0.9614808003678014,0.9939248667190147,0.9310878823073945,0.17035460472106934,0.35360050201416016
data_N_BaIoT.csv,AE1SVM,QuantileTransformer,5,96.34136567977801,99.51235220433237,78.97065018958011,0.4548845817225916,0.869799591357649,0.9916732751784298,0.7746031746031746,40.319807052612305,2.103801965713501
data_N_BaIoT.csv,DevNet,QuantileTransformer,5,64.5101740526502,95.50358074318187,51.62547395028788,0.23054376591459458,0.6403570589617101,0.9826964671953857,0.47491289198606274,4.14759635925293,0.47489190101623535
data_N_BaIoT.csv,DeepSVDD,QuantileTransformer,5,97.16467170861826,99.70397031970035,92.29040865047044,0.6863087716059278,0.9558646193423909,0.9938978517094375,0.9206349206349206,11.260533332824707,0.041466474533081055
data_N_BaIoT.csv,IForest,QuantileTransformer,5,99.7452854601751,99.97121312044115,99.0836961100969,0.9455430742705573,0.9949503743687967,0.9944309084580578,0.9954703832752613,0.16721677780151367,0.25544095039367676
data_N_BaIoT.csv,OCSVM,QuantileTransformer,5,90.67424505658556,98.99626130557462,79.16725179047887,0.46012217517089243,0.8710840756028677,0.9924752475247525,0.7761517615176152,2.7448906898498535,12.277334690093994
data_N_BaIoT.csv,LODA,QuantileTransformer,5,88.46643362009033,98.61911958869297,66.17750315966859,0.32821883121274326,0.7730078695631686,0.9874789308933302,0.6350754936120789,0.3416421413421631,1.0858194828033447
data_N_BaIoT.csv,MO_GAAL,QuantileTransformer,5,11.866824734562343,78.12293161309928,8.348546552450498,-0.3085887841959757,0.0,0.0,0.0,14.232951641082764,0.018511533737182617
data_N_BaIoT.csv,SUOD,QuantileTransformer,5,97.52740149858168,99.32522042353426,89.95225389692459,0.6330587868893803,0.9416656475480005,0.9943181818181818,0.8943089430894309,0.3617274761199951,6.052953481674194
data_N_BaIoT.csv,DIF,QuantileTransformer,5,30.221788104413505,84.95284786727176,43.89832888639236,-0.2099119242308128,0.6012178079456978,0.8458081730094088,0.4663569492837786,0.5934998989105225,504.9974913597107
data_N_BaIoT.csv,ALAD,QuantileTransformer,5,30.880996580447018,86.37662799566984,13.597107147872489,-0.06631036183591045,0.11019921182978416,0.833242208857299,0.05900116144018583,5.302318572998047,0.06702494621276855
data_N_BaIoT.csv,COPOD,QuantileTransformer,5,26.217518112311062,82.13744232680995,8.531105181856482,-0.27802086271559934,0.004128124761103891,0.16265060240963855,0.0020905923344947735,0.12210702896118164,3.1051037311553955
data_N_BaIoT.csv,ECOD,QuantileTransformer,5,24.541579033510217,82.82361819435124,8.668024153910968,-0.25191622266422553,0.002989307477101138,0.1482889733840304,0.0015098722415795587,0.12377262115478516,3.375563144683838
data_N_BaIoT.csv,VAE,QuantileTransformer,5,97.29260298846934,99.70955382980048,87.07344474090718,0.5734883908624206,0.9237396959529431,0.9932300017815785,0.8633372048006195,26.112913608551025,2.1544189453125
data_N_BaIoT.csv,SO_GAAL,QuantileTransformer,5,15.334453053864157,81.92466310043505,10.553293076815054,-0.046337494414413365,0.03470485716450709,0.8120567375886525,0.01773132017034456,6.365281820297241,0.030306339263916016
data_N_BaIoT.csv,KNN,MinMaxScaler,0,99.73249749998003,99.96563581965245,99.02425327296339,0.9413736593176428,0.99464643352334,0.9893498831551929,1.0,0.12561774253845215,32.91525387763977
data_N_BaIoT.csv,LUNAR,MinMaxScaler,0,99.4127186201197,99.93954424990748,95.42311607174196,0.6973675800332637,0.9753748536465612,0.9519333554498876,1.0,2.4211196899414062,1.3913884162902832
data_N_BaIoT.csv,NeuTraLAD,MinMaxScaler,0,99.63910968061474,99.96019471637317,59.35558597451826,0.32128811772080995,0.7110057399550787,1.0,0.5515972894482091,94.06694746017456,1.6083362102508545
data_N_BaIoT.csv,LOF,MinMaxScaler,0,97.3027954471677,99.29498582632974,93.84366993085536,0.7149854158046346,0.9652163566414151,0.9892280801593432,0.9423426911907067,0.09935379028320312,0.8767490386962891
data_N_BaIoT.csv,AutoEncoder,MinMaxScaler,0,99.96117761289305,99.99210465079248,99.02425327296339,0.9413736593176428,0.99464643352334,0.9893498831551929,1.0,5.231225967407227,1.8933398723602295
data_N_BaIoT.csv,CBLOF,MinMaxScaler,0,98.611240903159,99.56993237333731,98.90491734231863,0.9340246164901587,0.9939840345532375,0.9899373967815033,0.9980638915779284,0.1814870834350586,0.10811567306518555
data_N_BaIoT.csv,HBOS,MinMaxScaler,0,89.9546212787466,98.32391662626789,76.25214980169176,0.40827361994731726,0.8509954193093728,0.9866210488689169,0.7481510164569216,0.032507896423339844,0.11507534980773926
data_N_BaIoT.csv,DASVDD,MinMaxScaler,0,99.13527123310352,99.77905424534548,59.222210522621175,0.3167084564275201,0.7100573995507862,0.9986661986661987,0.5508615682478218,20.863073348999023,38.2378945350647
data_N_BaIoT.csv,AE1SVM,MinMaxScaler,0,99.93328777499312,99.9926151682383,98.99266435014566,0.9394361002230536,0.9944740743593199,0.9890088848039216,1.0,44.426706314086914,2.5878231525421143
data_N_BaIoT.csv,DevNet,MinMaxScaler,0,11.425312039529727,81.30385047359414,8.462321434839073,-0.2957730475331232,0.0,0.0,0.0,5.036028861999512,0.6717827320098877
data_N_BaIoT.csv,DeepSVDD,MinMaxScaler,0,99.836653742332,99.9819258983907,99.05584219578112,0.9433085711035336,0.9948188524432289,0.9896911167318158,1.0,12.077021360397339,0.03621506690979004
data_N_BaIoT.csv,IForest,MinMaxScaler,0,93.17864993838005,98.7747732257507,74.78852971113685,0.39221325721945893,0.8403884185498744,0.9860256543956617,0.7322362052274928,0.14387178421020508,0.14130902290344238
data_N_BaIoT.csv,OCSVM,MinMaxScaler,0,98.20130153545163,99.41349376750863,98.72591344635147,0.9232574863095211,0.9929956584659914,0.9896538461538461,0.9963601161665053,2.6367995738983154,11.821987867355347
data_N_BaIoT.csv,LODA,MinMaxScaler,0,97.9419559633374,99.46607926520906,96.08297357060124,0.7949474623130466,0.9781425046026088,0.9896167716878691,0.9669312681510165,0.7704386711120605,1.20894193649292
data_N_BaIoT.csv,MO_GAAL,MinMaxScaler,0,0.43627944740299307,76.83598640035336,8.451791793899828,-0.2975236076563507,0.0,0.0,0.0,15.57714033126831,0.019577741622924805
data_N_BaIoT.csv,SUOD,MinMaxScaler,0,98.33952994540986,99.80536572256217,99.1541188445474,0.949300458287128,0.9953551122675147,0.9908672294704528,0.9998838334946757,0.369063138961792,6.198096752166748
data_N_BaIoT.csv,DIF,MinMaxScaler,0,48.74338429718756,90.94948457237817,52.65171457653294,0.09109987903176771,0.6633391564761667,0.932958932958933,0.5146176185866409,0.618720531463623,270.5403320789337
data_N_BaIoT.csv,ALAD,MinMaxScaler,0,32.08704789943855,84.35990950414931,10.006668772594853,-0.14883218833882494,0.033255410602518666,0.6327116212338594,0.01707647628267183,4.953916788101196,0.06180882453918457
data_N_BaIoT.csv,COPOD,MinMaxScaler,0,31.940640048685935,85.76203090395252,8.785230423642554,-0.23703074789907164,0.00360401809677172,0.1828793774319066,0.0018199419167473378,0.1256275177001953,3.225208282470703
data_N_BaIoT.csv,ECOD,MinMaxScaler,0,30.477889075366615,84.03110836749612,8.609736407988487,-0.26920835441021856,0.0026811705224452274,0.12367491166077739,0.0013552758954501452,0.15624117851257324,3.231140375137329
data_N_BaIoT.csv,VAE,MinMaxScaler,0,99.96009699423888,99.99348343856967,99.01372363202415,0.940728101307081,0.9945889738306599,0.9892361909139661,1.0,24.086841821670532,1.8490583896636963
data_N_BaIoT.csv,SO_GAAL,MinMaxScaler,0,0.37540968010637643,77.12935661153789,8.606226527675407,-0.2706698428712515,0.0036732351253108858,0.15483870967741936,0.0018586640851887706,4.967944860458374,0.0372767448425293
data_N_BaIoT.csv,KNN,MinMaxScaler,1,77.99632967293131,97.24274999350592,80.87466217401986,0.4618907061493203,0.883376495516127,0.987510766580534,0.799109390125847,0.12772297859191895,31.573168754577637
data_N_BaIoT.csv,LUNAR,MinMaxScaler,1,77.54801091366743,97.339226659344,80.75883612368818,0.45308301806363815,0.882788112037631,0.9856290284077346,0.7993804453049371,2.114896774291992,1.2307803630828857
data_N_BaIoT.csv,NeuTraLAD,MinMaxScaler,1,97.56560727790854,99.41814300332913,58.87122249131305,0.3048526465967644,0.7075471698113207,0.9952257249175034,0.5488867376573088,86.5243968963623,1.2880549430847168
data_N_BaIoT.csv,LOF,MinMaxScaler,1,46.63411908156129,90.47962474705459,18.497069249938576,0.012467617976552759,0.19786521123354867,0.9167733674775929,0.11090029041626331,0.09061264991760254,0.8303842544555664
data_N_BaIoT.csv,AutoEncoder,MinMaxScaler,1,98.13009399494113,99.7123678446987,99.12252992172968,0.9473768680864192,0.9951826730383845,0.990487514863258,0.9999225556631172,4.62656569480896,1.563600778579712
data_N_BaIoT.csv,CBLOF,MinMaxScaler,1,98.60289951481094,99.56910490329729,98.95054578638869,0.9368572887966037,0.9942325868487549,0.9905450073026366,0.9979477250726041,0.10523629188537598,0.0645906925201416
data_N_BaIoT.csv,HBOS,MinMaxScaler,1,88.75914477167211,98.03686816418617,58.860692850373795,0.2705770758326417,0.709983916862551,0.9833447566826593,0.5555469506292352,0.030478477478027344,0.11055350303649902
data_N_BaIoT.csv,DASVDD,MinMaxScaler,1,99.03768149200903,99.77806777314751,59.22923028324733,0.3169494912324301,0.7101073122036436,0.9987363987363987,0.5509002904162633,19.1683509349823,27.26709485054016
data_N_BaIoT.csv,AE1SVM,MinMaxScaler,1,98.99635654315321,99.84322212888353,99.02425327296339,0.9413212758821032,0.9946425130082868,0.9900633032802609,0.9992642787996128,42.58979630470276,2.223208427429199
data_N_BaIoT.csv,DevNet,MinMaxScaler,1,10.60396924013191,80.55675510569789,8.45881155452599,-0.29635767513740463,0.0,0.0,0.0,3.9316155910491943,0.5473144054412842
data_N_BaIoT.csv,DeepSVDD,MinMaxScaler,1,97.02718177124147,99.5563519585157,98.95756554701485,0.9372904125899452,0.9942709438475338,0.9906211562115621,0.9979477250726041,10.1054105758667,0.03484296798706055
data_N_BaIoT.csv,IForest,MinMaxScaler,1,92.4947330733942,98.65229862421651,63.223474079533894,0.30021185416876867,0.7484877580412866,0.9845910956741396,0.6037173281703775,0.1377100944519043,0.13373351097106934
data_N_BaIoT.csv,OCSVM,MinMaxScaler,1,98.16451838032114,99.3969514430162,98.59955775508055,0.9162860717654981,0.9922891100589429,0.9904706790123456,0.9941142303969023,2.557380199432373,11.47124719619751
data_N_BaIoT.csv,LODA,MinMaxScaler,1,94.85599667099737,99.33289519917268,93.26453967919693,0.7007466829659764,0.9617812829857999,0.9901582875420323,0.9349854791868345,0.5029206275939941,1.2791328430175781
data_N_BaIoT.csv,MO_GAAL,MinMaxScaler,1,1.456888907609286,78.51785747611912,8.437752272647502,-0.2998423626829732,0.0,0.0,0.0,13.362661361694336,0.01751089096069336
data_N_BaIoT.csv,SUOD,MinMaxScaler,1,88.81567245635222,97.6248894141791,57.27773682917413,0.2675966286523091,0.6948608673853096,0.9853537148951298,0.5366505324298161,0.39161109924316406,5.744542121887207
data_N_BaIoT.csv,DIF,MinMaxScaler,1,42.68594592985129,89.82954112316617,49.58407918289986,-0.014232330713898745,0.6415273271774394,0.9022815022815023,0.49769603097773474,0.6136975288391113,275.4694082736969
data_N_BaIoT.csv,ALAD,MinMaxScaler,1,32.18131444768259,84.43254950957603,10.080376259169563,-0.1395444408035088,0.03386506769242373,0.6488439306358381,0.01738625363020329,5.1452085971832275,0.06043863296508789
data_N_BaIoT.csv,COPOD,MinMaxScaler,1,31.876912596977895,85.74990744919273,8.781720543329472,-0.2377283218597857,0.003603879921788138,0.1821705426356589,0.0018199419167473378,0.11124634742736816,2.966369152069092
data_N_BaIoT.csv,ECOD,MinMaxScaler,1,30.41945360493076,84.01582581186108,8.609736407988487,-0.26920835441021856,0.0026811705224452274,0.12367491166077739,0.0013552758954501452,0.11700773239135742,3.0065712928771973
data_N_BaIoT.csv,VAE,MinMaxScaler,1,99.1623854656791,99.79733437334379,99.08392123828578,0.9449927452564983,0.9949702260507602,0.9903705977134966,0.9996127783155857,23.345451593399048,1.8620998859405518
data_N_BaIoT.csv,SO_GAAL,MinMaxScaler,1,1.1936820119841187,77.56214977295386,8.665894492997788,-0.26031152865328666,0.00398070887238766,0.17275747508305647,0.0020135527589545013,4.78611421585083,0.01773667335510254
data_N_BaIoT.csv,KNN,MinMaxScaler,3,75.92032325603179,96.57746034880202,69.35874486680004,0.34837922554227735,0.79883865615927,0.986399590280544,0.6712100677637948,0.12831330299377441,25.75615382194519
data_N_BaIoT.csv,LUNAR,MinMaxScaler,3,75.37570380010298,96.92749152124809,78.26331122108736,0.3105772929010811,0.8688951457543874,0.9584345226975528,0.7946563407550823,2.2826247215270996,1.3716440200805664
data_N_BaIoT.csv,NeuTraLAD,MinMaxScaler,3,92.9877028792532,98.37110236609664,58.035870976799686,0.27597357439773146,0.7016221612178687,0.9868023868023869,0.5443175217812197,90.57965874671936,1.3156061172485352
data_N_BaIoT.csv,LOF,MinMaxScaler,3,43.36302904380499,88.92421813077503,13.197149977185779,-0.05914736629691273,0.09908564351025463,0.8364083640836408,0.0526621490803485,0.10073709487915039,0.8828496932983398
data_N_BaIoT.csv,AutoEncoder,MinMaxScaler,3,93.90896586682973,98.91509325982038,76.49784142360745,0.42108594251219794,0.8524069828954329,0.9894079721639462,0.7487318489835431,4.978296279907227,1.621748685836792
data_N_BaIoT.csv,CBLOF,MinMaxScaler,3,98.60207452637604,99.56894172752713,98.99968411077182,0.9400452730491673,0.9944964758134595,0.9919106317411402,0.9970958373668926,0.11232137680053711,0.08107471466064453
data_N_BaIoT.csv,HBOS,MinMaxScaler,3,87.7957224059161,97.8376073138119,57.88494612333719,0.26893025657625247,0.7006909626081967,0.98464666292765,0.5438528557599226,0.03569626808166504,0.11125302314758301
data_N_BaIoT.csv,DASVDD,MinMaxScaler,3,98.97657134515961,99.75719276211272,59.19413148011653,0.3157443172078801,0.7098577489393562,0.9983853983853984,0.5507066795740562,19.680606603622437,27.19063377380371
data_N_BaIoT.csv,AE1SVM,MinMaxScaler,3,93.55608142112972,98.62189858521664,70.0993296128602,0.3568835577356418,0.8045428473098543,0.9872184684684685,0.6789157792836399,40.59319567680359,2.073349714279175
data_N_BaIoT.csv,DevNet,MinMaxScaler,3,9.973125420754995,79.93796040028039,8.43073251202134,-0.30099528625457556,0.0,0.0,0.0,3.9877099990844727,0.6452105045318604
data_N_BaIoT.csv,DeepSVDD,MinMaxScaler,3,93.49779845735878,98.96554809434298,65.80323610964867,0.32377793079155015,0.7699246699884289,0.9866844207723036,0.6312487899322362,10.0341317653656,0.04698514938354492
data_N_BaIoT.csv,IForest,MinMaxScaler,3,93.01894786378104,98.65004204739174,64.9503351935699,0.31910957788256933,0.762723946205389,0.9870241682553349,0.6214908034849952,0.14814376831054688,0.1518700122833252
data_N_BaIoT.csv,OCSVM,MinMaxScaler,3,98.07398606670061,99.35913203749132,98.52234038819276,0.9132376659106628,0.9918453522381699,0.9922874195798775,0.991403678606002,2.76161527633667,11.645630836486816
data_N_BaIoT.csv,LODA,MinMaxScaler,3,96.87513553122066,99.43551317978756,90.91642974974553,0.6469179460358583,0.9476494862043855,0.9920799627292364,0.90702807357212,0.7013828754425049,0.8278846740722656
data_N_BaIoT.csv,MO_GAAL,MinMaxScaler,3,4.527338998350748,78.37604975758147,8.378084307325121,-0.3095104071832619,0.0,0.0,0.0,13.621026277542114,0.01999044418334961
data_N_BaIoT.csv,SUOD,MinMaxScaler,3,84.19201605822559,96.68075308532178,42.05538591134042,0.18007269013795532,0.5355203556255803,0.9793167318378267,0.3685188770571152,0.35982465744018555,5.980024814605713
data_N_BaIoT.csv,DIF,MinMaxScaler,3,44.57906199686417,90.34548356573728,50.412410936787055,0.014209776265480296,0.6474170202146244,0.9105651105651106,0.5022652468538238,0.5929944515228271,277.2993333339691
data_N_BaIoT.csv,ALAD,MinMaxScaler,3,33.985249700614894,85.07592344233466,10.484012495173916,-0.13081196238878334,0.04386293769213466,0.6890459363957597,0.02265246853823814,4.912414312362671,0.06223440170288086
data_N_BaIoT.csv,COPOD,MinMaxScaler,3,31.740531696331637,85.72098061818345,8.764171141764066,-0.24206285888795703,0.004137613975940541,0.19494584837545126,0.002090997095837367,0.09929156303405762,2.928112745285034
data_N_BaIoT.csv,ECOD,MinMaxScaler,3,30.2310780986631,83.98822895799535,8.61324628830157,-0.26838388541569447,0.0022991148407862975,0.11029411764705882,0.0011616650532429815,0.14079999923706055,3.2525689601898193
data_N_BaIoT.csv,VAE,MinMaxScaler,3,97.66968000470592,99.35369982599553,98.88385806044015,0.9333286077956847,0.9938543599257885,0.9920521625062695,0.9956631171345596,24.06124472618103,1.841813564300537
data_N_BaIoT.csv,SO_GAAL,MinMaxScaler,3,5.570946463624617,77.20535763043193,8.465831315152153,-0.2942905927938048,0.0008428795831577334,0.03985507246376811,0.00042594385285575994,4.949740648269653,0.01858353614807129
data_N_BaIoT.csv,KNN,MinMaxScaler,5,74.94443020241994,96.29405871257569,62.686462391632446,0.300636490117615,0.7436027301449485,0.9858038112290575,0.5969409486931269,0.12851905822753906,26.424891710281372
data_N_BaIoT.csv,LUNAR,MinMaxScaler,5,72.65411633644133,96.30078716029809,75.44838720999614,0.3073794991703815,0.8484388880462809,0.9631542699724518,0.7581413359148113,2.2642736434936523,1.3264107704162598
data_N_BaIoT.csv,NeuTraLAD,MinMaxScaler,5,93.55643363890344,98.20442597049882,57.59362605735144,0.2821774999401627,0.6968282645789421,0.9898766664290297,0.5376573088092933,89.98401594161987,1.3050858974456787
data_N_BaIoT.csv,LOF,MinMaxScaler,5,38.081452357280995,87.01484337716727,11.5018777859675,-0.09892640132395746,0.06524801660858605,0.7658833768494343,0.034075508228460796,0.10306239128112793,0.766057014465332
data_N_BaIoT.csv,AutoEncoder,MinMaxScaler,5,92.31376648615203,98.18742295704261,60.791127022568524,0.2883080913575038,0.7269705486985213,0.9855533465871438,0.5758760890609874,5.15495491027832,1.6811256408691406
data_N_BaIoT.csv,CBLOF,MinMaxScaler,5,98.60672670587782,99.56800923202003,98.71187392509916,0.924589318711534,0.992889112786034,0.9936399596680369,0.9921393998063892,0.11332201957702637,0.06001162528991699
data_N_BaIoT.csv,HBOS,MinMaxScaler,5,86.74084106699472,97.6183476572128,45.50208837878628,0.195379780822763,0.5753124914526407,0.9796013412816692,0.4072410454985479,0.033950090408325195,0.11286616325378418
data_N_BaIoT.csv,DASVDD,MinMaxScaler,5,94.87858363429191,99.24446599175054,58.864202730686884,0.3044156813771105,0.7075118542550537,0.995085995085995,0.5488867376573088,20.666425228118896,27.538474559783936
data_N_BaIoT.csv,AE1SVM,MinMaxScaler,5,90.80637971690408,98.21955563084866,65.05563160296234,0.320656646942174,0.7635603685760426,0.9872873549100288,0.6224975798644724,42.643855571746826,2.22829008102417
data_N_BaIoT.csv,DevNet,MinMaxScaler,5,9.84080918583954,79.89228820418784,8.40265346951669,-0.3055650893344383,0.0,0.0,0.0,4.42056131362915,0.662717342376709
data_N_BaIoT.csv,DeepSVDD,MinMaxScaler,5,90.4201907204778,98.41545566559557,61.53522164894177,0.2962916943118542,0.7333381998686036,0.9867077003666841,0.5835043562439497,13.331506490707397,0.03895688056945801
data_N_BaIoT.csv,IForest,MinMaxScaler,5,91.52969704187906,98.33772276746849,58.62202098908427,0.2799547589112108,0.7069963961724867,0.9870229007633587,0.5507454017424975,0.14909100532531738,0.17292165756225586
data_N_BaIoT.csv,OCSVM,MinMaxScaler,5,97.99853157868363,99.32215409603249,96.47257028535327,0.8204659950284451,0.9802782629172472,0.9937534813400175,0.967163601161665,3.2313621044158936,12.40824818611145
data_N_BaIoT.csv,LODA,MinMaxScaler,5,92.70598966295302,98.97575745481862,88.39984556526622,0.5990810156932497,0.9320615865315436,0.9933835772500219,0.8778702807357212,0.41095829010009766,0.9596219062805176
data_N_BaIoT.csv,MO_GAAL,MinMaxScaler,5,2.9211308151335995,76.71929577802842,8.413183110455934,-0.30385916410756353,0.0,0.0,0.0,14.201429605484009,0.01716446876525879
data_N_BaIoT.csv,SUOD,MinMaxScaler,5,80.864798484229,95.96707418898454,30.202520094064795,0.11392314543080095,0.3817311279691581,0.9684492822211705,0.23771539206195547,0.4169473648071289,6.024135589599609
data_N_BaIoT.csv,DIF,MinMaxScaler,5,40.041997430625806,89.17833501509223,47.87827735074234,-0.07280378830702677,0.6293985525330671,0.8852228852228852,0.4882865440464666,0.6261210441589355,303.1517698764801
data_N_BaIoT.csv,ALAD,MinMaxScaler,5,34.94771781038193,85.43765975176575,10.73672387771577,-0.11859395118435989,0.04870202738086332,0.7161716171617162,0.025208131655372702,5.146809816360474,0.0674138069152832
data_N_BaIoT.csv,COPOD,MinMaxScaler,5,31.615899618660713,85.696232419191,8.708013056754766,-0.25336577408497074,0.004516227801592162,0.19471947194719472,0.0022846079380445306,0.11358976364135742,3.1921958923339844
data_N_BaIoT.csv,ECOD,MinMaxScaler,5,30.08641172877924,83.96128434332542,8.602716647362325,-0.2702820961623352,0.0022988505747126436,0.10909090909090909,0.0011616650532429815,0.11565709114074707,2.9601852893829346
data_N_BaIoT.csv,VAE,MinMaxScaler,5,96.17714084861971,98.96253792335752,81.8644484223088,0.4922276357205267,0.8896246769059877,0.9921383647798742,0.8063117134559535,25.247849464416504,1.9634339809417725
data_N_BaIoT.csv,SO_GAAL,MinMaxScaler,5,4.759242085448759,80.66451291148226,8.532519041100699,-0.28351778792103294,0.0037464637969263706,0.14714714714714713,0.0018973862536302032,4.947040796279907,0.02159404754638672
data_N_BaIoT.csv,KNN,Normalizer,0,54.6281386416304,90.52882019863422,8.472851075778316,-0.29401243996650944,0.0,0.0,0.0,0.11086249351501465,6.130234003067017
data_N_BaIoT.csv,LUNAR,Normalizer,0,57.13994883038283,94.25418731178297,51.96377803516901,0.24235158485731192,0.6427005012531328,0.9863771135507653,0.47663117134559535,2.20601224899292,1.4431090354919434
data_N_BaIoT.csv,NeuTraLAD,Normalizer,0,64.29047290864342,95.63998144457422,54.339967007125054,0.15191000090689585,0.6751080142853575,0.9507597073719752,0.5233688286544046,87.92883539199829,1.3766965866088867
data_N_BaIoT.csv,LOF,Normalizer,0,83.91217068545936,98.19163830257587,74.82011863395458,0.38521954578245315,0.8408959858061654,0.9840643654295355,0.7340948693126815,0.09752821922302246,0.8529932498931885
data_N_BaIoT.csv,AutoEncoder,Normalizer,0,59.48672792593115,94.62383422211909,51.602260362921626,0.21867551899217283,0.6410516725237537,0.9779984114376489,0.4767860600193611,4.947319984436035,1.548858880996704
data_N_BaIoT.csv,CBLOF,Normalizer,0,62.214900046405596,95.43638716644882,54.33645712681198,0.23620120880500656,0.6679767251939567,0.9796391945504903,0.50675701839303,0.10734057426452637,0.09076547622680664
data_N_BaIoT.csv,HBOS,Normalizer,0,31.31799382565874,89.84050110900425,8.371064546698957,-0.31062879319695397,0.0,0.0,0.0,0.03254342079162598,0.09056210517883301
data_N_BaIoT.csv,DASVDD,Normalizer,0,93.62982928694422,99.15005931581322,58.77996560317293,0.3015232637181906,0.7069129024207637,0.9942435942435942,0.5484220716360116,19.37944722175598,27.204439401626587
data_N_BaIoT.csv,AE1SVM,Normalizer,0,82.01461740071997,97.65930127740927,54.385595451195115,0.23967759870494842,0.6681815860695501,0.980811033655648,0.5066795740561472,40.18688488006592,2.1960816383361816
data_N_BaIoT.csv,DevNet,Normalizer,0,78.16703038295876,94.30258138123027,16.633322803692394,-0.009299951506659266,0.1645444952514949,0.8978886756238004,0.09057115198451113,3.875812530517578,0.508246898651123
data_N_BaIoT.csv,DeepSVDD,Normalizer,0,62.71271738554193,94.90577375574853,51.68649749043558,0.22480393924089537,0.6413776932496157,0.9801720019111323,0.47663117134559535,10.41244387626648,0.03786110877990723
data_N_BaIoT.csv,IForest,Normalizer,0,31.500114379998678,87.49623238977678,8.42722263170826,-0.30157015618992977,0.0,0.0,0.0,0.1445004940032959,0.12528133392333984
data_N_BaIoT.csv,OCSVM,Normalizer,0,80.35540225811535,97.46063225199589,54.31188796462041,0.23406671127834414,0.6679082582850728,0.9789111576428358,0.5068731848983543,2.481335163116455,11.611084699630737
data_N_BaIoT.csv,LODA,Normalizer,0,79.02690072324472,97.32098651975029,51.7180864132533,0.22559461152405313,0.6416401813161048,0.9804155720085981,0.476863504356244,0.195814847946167,0.7577691078186035
data_N_BaIoT.csv,MO_GAAL,Normalizer,0,80.44283505532724,95.31212331727158,9.350321154048647,-0.02607753204661502,0.0,0.0,0.0,13.413855791091919,0.021867990493774414
data_N_BaIoT.csv,SUOD,Normalizer,0,27.645641323205915,82.03284785553629,6.135270787266154,-0.5678539396142525,7.478033277248083e-05,0.0010869565217391304,3.872216844143272e-05,0.4095473289489746,6.0790464878082275
data_N_BaIoT.csv,DIF,Normalizer,0,4.040178970202376,76.63513929338053,40.74620055456109,-0.3176951500955785,0.5786872972298478,0.8138996138996138,0.44894482090997095,0.5722382068634033,437.1058211326599
data_N_BaIoT.csv,ALAD,Normalizer,0,33.43499040297345,84.37184692259162,9.445087922501843,-0.1707710988368845,0.01916058394160584,0.5260960334029228,0.009757986447241046,4.787051439285278,0.06688165664672852
data_N_BaIoT.csv,COPOD,Normalizer,0,1.5583711997699319,76.30500822595731,4.1872872135060195,-0.7261959897591197,0.0020472325802442055,0.01831262262916939,0.001084220716360116,0.08379602432250977,3.080711841583252
data_N_BaIoT.csv,ECOD,Normalizer,0,6.638050122404753,78.04998591461212,8.188550770418729,-0.4814555958120116,0.06765041345879669,0.42536978933213804,0.03674733785091965,0.10901641845703125,3.0393149852752686
data_N_BaIoT.csv,VAE,Normalizer,0,76.97976599667827,96.9803828669035,51.7180864132533,0.2229811547223728,0.6418827449755284,0.9794232144275841,0.4773668925459826,23.284133911132812,1.9348838329315186
data_N_BaIoT.csv,SO_GAAL,Normalizer,0,41.62419307634266,88.74608109440601,8.409673230142852,-0.30442882767917123,0.0,0.0,0.0,4.556295871734619,0.018136978149414062
data_N_BaIoT.csv,KNN,Normalizer,1,14.846472992885202,78.74540679200034,8.451791793899828,-0.2975236076563507,0.0,0.0,0.0,0.11464858055114746,6.613544940948486
data_N_BaIoT.csv,LUNAR,Normalizer,1,13.415582114308828,78.31713510454517,8.823839107086448,-0.22793951818065772,0.0,0.0,0.0,2.625002145767212,1.1993136405944824
data_N_BaIoT.csv,NeuTraLAD,Normalizer,1,61.078940354643365,95.06680916996376,51.1354462812818,0.03903636117120946,0.6525580234589469,0.9177957177957178,0.5062536302032914,86.50172352790833,1.22532320022583
data_N_BaIoT.csv,LOF,Normalizer,1,51.283648598500065,92.48704773017018,37.47148222245622,0.1353764983386141,0.4822876405800471,0.9664570230607966,0.32131655372700874,0.10378241539001465,0.7525708675384521
data_N_BaIoT.csv,AutoEncoder,Normalizer,1,57.818794485649484,92.64954692562154,51.64788880699168,0.22155905239328108,0.6412686839227124,0.9790093026953963,0.4767860600193611,4.433210134506226,1.5408782958984375
data_N_BaIoT.csv,CBLOF,Normalizer,1,60.51379350161839,95.25648929290132,54.357516408690465,0.23851305571551049,0.6679942810457516,0.9804391815933449,0.5065634075508229,0.18855071067810059,0.08897757530212402
data_N_BaIoT.csv,HBOS,Normalizer,1,30.653246322229155,89.70626780700577,8.357025025446632,-0.3128540430400434,0.0,0.0,0.0,0.03394818305969238,0.09391546249389648
data_N_BaIoT.csv,DASVDD,Normalizer,1,93.37230217525341,99.11011718868347,58.71678775753747,0.29935395047400065,0.7064636885450462,0.9936117936117936,0.5480735721200387,19.222235441207886,25.143187522888184
data_N_BaIoT.csv,AE1SVM,Normalizer,1,68.53028891298332,91.78062209224368,8.585167245796917,-0.27354999124610285,0.0026040669398383945,0.11805555555555555,0.0013165537270087124,41.05222463607788,2.1621148586273193
data_N_BaIoT.csv,DevNet,Normalizer,1,78.31936493319844,94.23162647179487,16.59120423993542,-0.009114927729302539,0.1636517209826142,0.8980301274623407,0.09002904162633107,4.06309700012207,0.5332322120666504
data_N_BaIoT.csv,DeepSVDD,Normalizer,1,57.91214744634851,93.07146891315834,8.45881155452599,-0.29635767513740463,0.0,0.0,0.0,9.708401441574097,0.047102928161621094
data_N_BaIoT.csv,IForest,Normalizer,1,30.534032588495624,84.83954785615352,8.45881155452599,-0.29635767513740463,0.0,0.0,0.0,0.15198111534118652,0.1108708381652832
data_N_BaIoT.csv,OCSVM,Normalizer,1,79.9977835698034,97.41588507465028,54.3329472464989,0.23637803205522698,0.667925780352722,0.9797094938604373,0.5066795740561472,2.5078327655792236,11.598353624343872
data_N_BaIoT.csv,LODA,Normalizer,1,85.70600854473057,98.04166668981173,51.746165455757954,0.22656556283112425,0.6418485906320013,0.9807340179921981,0.4770183930300097,0.16040802001953125,0.7816259860992432
data_N_BaIoT.csv,MO_GAAL,Normalizer,1,80.62346685412884,95.34044800140005,9.350321154048647,-0.02607753204661502,0.0,0.0,0.0,12.883228778839111,0.01611018180847168
data_N_BaIoT.csv,SUOD,Normalizer,1,21.029956666320498,80.21504952237996,6.04401389912604,-0.5761127661297644,7.47077060998842e-05,0.0010570824524312897,3.872216844143272e-05,0.4031989574432373,5.144304990768433
data_N_BaIoT.csv,DIF,Normalizer,1,2.711269298447554,76.48828905345566,40.75322031518725,-0.3174541152906685,0.5787372098827053,0.8139698139698139,0.4489835430784124,0.5747556686401367,343.15063214302063
data_N_BaIoT.csv,ALAD,Normalizer,1,33.34886190085759,84.32436135980399,9.476676845319574,-0.17894655959470232,0.02177128769201593,0.5314814814814814,0.01111326234269119,5.010290145874023,0.06207108497619629
data_N_BaIoT.csv,COPOD,Normalizer,1,1.5571235500065714,76.27266554025205,4.183777333192938,-0.7264566871730058,0.0020471577408152073,0.018300653594771243,0.001084220716360116,0.09317493438720703,2.708890914916992
data_N_BaIoT.csv,ECOD,Normalizer,1,6.622806718136455,78.0103318400191,8.230669334175705,-0.48178906224809315,0.06927239071621814,0.42920158800176444,0.037676669893514037,0.11200737953186035,2.7248356342315674
data_N_BaIoT.csv,VAE,Normalizer,1,76.5251734037091,96.86743323679627,51.76020497701028,0.22584444454109145,0.6420646908693161,0.9804342638988308,0.47732817037754116,23.374555349349976,1.773061752319336
data_N_BaIoT.csv,SO_GAAL,Normalizer,1,43.53128964719398,88.94679277153182,8.420202871082095,-0.30271674261109915,0.0,0.0,0.0,4.401142835617065,0.019408464431762695
data_N_BaIoT.csv,KNN,Normalizer,3,13.045190629700018,78.21402139824721,8.434242392334422,-0.30041935712151824,0.0,0.0,0.0,0.13769030570983887,6.828636646270752
data_N_BaIoT.csv,LUNAR,Normalizer,3,12.395908754536167,78.02276464152354,8.820329226773367,-0.22869212501394875,0.0,0.0,0.0,2.2927651405334473,1.3647534847259521
data_N_BaIoT.csv,NeuTraLAD,Normalizer,3,93.97925110512865,98.4447228204967,58.47811589624794,0.2915506332899595,0.7047371836469825,0.9913629660838424,0.5466795740561472,87.51383543014526,1.2637064456939697
data_N_BaIoT.csv,LOF,Normalizer,3,46.801560506293086,91.55332616991015,26.071390965568074,0.0640213363533062,0.3243191223173901,0.9452131637995512,0.1957405614714424,0.10756397247314453,0.8619694709777832
data_N_BaIoT.csv,AutoEncoder,Normalizer,3,21.8447925146824,81.07027638695935,8.43073251202134,-0.3006075954786058,0.000306548645438173,0.014705882352941176,0.00015488867376573087,4.662384986877441,1.525132179260254
data_N_BaIoT.csv,CBLOF,Normalizer,3,63.20885061536438,95.64034395096374,57.44972096451511,0.26300196434040296,0.6969022676700752,0.9834180073384138,0.5396708615682478,0.12589597702026367,0.08818197250366211
data_N_BaIoT.csv,HBOS,Normalizer,3,29.475745993613607,89.4742932389513,8.332455863255063,-0.3167121062611694,0.0,0.0,0.0,0.03659319877624512,0.09282708168029785
data_N_BaIoT.csv,DASVDD,Normalizer,3,92.31833224521039,98.95531167635153,58.28858235934155,0.28465082737449116,0.7034190167207387,0.9893295893295894,0.5457115198451113,18.71356439590454,25.52892231941223
data_N_BaIoT.csv,AE1SVM,Normalizer,3,61.413524000554844,89.13631494660635,8.560598083605349,-0.2778726578777356,0.0026033690658499235,0.1152542372881356,0.0013165537270087124,41.26940393447876,2.072131633758545
data_N_BaIoT.csv,DevNet,Normalizer,3,78.2850371353729,94.1738259835093,16.801797058720297,-0.007695756727910121,0.16769662921348313,0.8994350282485876,0.09246853823814133,4.105705499649048,0.6716890335083008
data_N_BaIoT.csv,DeepSVDD,Normalizer,3,48.000191722664454,89.7634947328486,8.455301674212908,-0.29694119300054206,0.0,0.0,0.0,9.778284788131714,0.04123735427856445
data_N_BaIoT.csv,IForest,Normalizer,3,33.68667142584291,84.28577654386001,8.465831315152153,-0.29518730358965495,0.0,0.0,0.0,0.15326857566833496,0.13335299491882324
data_N_BaIoT.csv,OCSVM,Normalizer,3,79.53015601431821,97.35651072907142,51.81285318170651,0.22434825354428134,0.6427623533085269,0.9797715373631604,0.47825750242013554,2.5767993927001953,11.598735809326172
data_N_BaIoT.csv,LODA,Normalizer,3,90.907951334397,98.72238332204786,58.379839247481655,0.2719317567753204,0.7052594949294094,0.984729645311307,0.549351403678606,0.6264748573303223,1.1173882484436035
data_N_BaIoT.csv,MO_GAAL,Normalizer,3,67.22572584094718,93.38113275290634,9.030922045558247,-0.17810974809306257,0.0,0.0,0.0,13.165841341018677,0.023647308349609375
data_N_BaIoT.csv,SUOD,Normalizer,3,13.180448064581487,78.32353833243914,6.054543540065284,-0.5751650856318281,7.471607890017931e-05,0.0010604453870625664,3.872216844143272e-05,0.4325251579284668,5.584974050521851
data_N_BaIoT.csv,DIF,Normalizer,3,4.1360896855385185,76.7562979142018,40.73918079393493,-0.3179361849004885,0.5786373845769903,0.8138294138294139,0.44890609874152954,0.6235709190368652,160.89420557022095
data_N_BaIoT.csv,ALAD,Normalizer,3,34.18290196944203,84.66358275947906,9.718858586922185,-0.16416106384780418,0.02708223012330736,0.5840130505709625,0.013862536302032914,4.779052734375,0.06630444526672363
data_N_BaIoT.csv,COPOD,Normalizer,3,1.5531845207187558,76.2284723814961,4.194306974132182,-0.7256743724248811,0.0020473822755191578,0.0183366077275704,0.001084220716360116,0.08528280258178711,1.4297034740447998
data_N_BaIoT.csv,ECOD,Normalizer,3,6.601163843719885,77.86983535942922,8.30086694043733,-0.4824126110116595,0.0719664677465189,0.4353244520842286,0.039225556631171346,0.09596610069274902,1.4168615341186523
data_N_BaIoT.csv,VAE,Normalizer,3,74.70067807368103,96.23570408494264,51.830402583271905,0.23108817480042929,0.6423247328642169,0.9823037066560383,0.47717328170377543,24.747909545898438,1.8151500225067139
data_N_BaIoT.csv,SO_GAAL,Normalizer,3,42.80447991959267,89.09725680053025,15.640026675090379,-0.024597429701202912,0.14663589561512516,0.8824786324786325,0.07996127783155857,4.815898180007935,0.019701004028320312
data_N_BaIoT.csv,KNN,Normalizer,5,11.85261029681428,77.8958859247399,8.420202871082095,-0.30271674261109915,0.0,0.0,0.0,0.146651029586792,6.895401477813721
data_N_BaIoT.csv,LUNAR,Normalizer,5,11.456055930730018,77.78861849792978,8.813309466147205,-0.23019011491026944,0.0,0.0,0.0,2.169168710708618,1.3910257816314697
data_N_BaIoT.csv,NeuTraLAD,Normalizer,5,44.76962415821768,86.20747496767807,51.55312203853849,0.05367182251233675,0.6555020340928944,0.9220615082151383,0.5084995159728944,89.86727046966553,1.2444474697113037
data_N_BaIoT.csv,LOF,Normalizer,5,44.39203435902538,90.24619076037055,19.99227826331122,0.01433914300503454,0.22610762179595995,0.9173553719008265,0.12894482090997095,0.09783053398132324,0.8292226791381836
data_N_BaIoT.csv,AutoEncoder,Normalizer,5,26.86458207000928,82.19055242304513,8.40265346951669,-0.3051832325615692,0.00030645470216433634,0.014285714285714285,0.00015488867376573087,4.82971715927124,1.5184662342071533
data_N_BaIoT.csv,CBLOF,Normalizer,5,59.8352042027932,95.13605111785601,51.78477413920185,0.2284035248802681,0.6420885333889164,0.981363491557821,0.47713455953533396,0.12891268730163574,0.08583521842956543
data_N_BaIoT.csv,HBOS,Normalizer,5,28.81942629897552,89.37615368873179,8.307886701063493,-0.3205256158878906,0.0,0.0,0.0,0.035208702087402344,0.0897374153137207
data_N_BaIoT.csv,DASVDD,Normalizer,5,93.3070903253403,99.11095910964556,58.674669193780495,0.2979077416445407,0.7061642126279012,0.9931905931905932,0.5478412391093901,19.41300678253174,25.368582248687744
data_N_BaIoT.csv,AE1SVM,Normalizer,5,55.97272817720405,88.12456401683274,8.567617844231512,-0.27708977352347086,0.003290480563207836,0.1382636655948553,0.001665053242981607,41.14433717727661,2.0408878326416016
data_N_BaIoT.csv,DevNet,Normalizer,5,78.26766662624031,94.23127488780307,16.88954406654733,-0.0070309350347801764,0.16936191110955204,0.9000745712155108,0.09347531461761859,4.051837921142578,0.5790591239929199
data_N_BaIoT.csv,DeepSVDD,Normalizer,5,44.15482549243313,88.63051853279377,8.434242392334422,-0.30041935712151824,0.0,0.0,0.0,10.774490594863892,0.03265857696533203
data_N_BaIoT.csv,IForest,Normalizer,5,30.269875067992558,83.55987294561159,8.413183110455934,-0.30385916410756353,0.0,0.0,0.0,0.14281678199768066,0.12317895889282227
data_N_BaIoT.csv,OCSVM,Normalizer,5,79.17542333308398,97.30947245686765,51.833912463584994,0.22849349042631265,0.6426022866369768,0.9813076678332803,0.47771539206195546,2.768155813217163,12.021829605102539
data_N_BaIoT.csv,LODA,Normalizer,5,80.91264272989834,97.43110337593318,54.603208030606154,0.2503424247064143,0.6694945571625697,0.9842963408220001,0.5072604065827686,0.354520320892334,0.7023177146911621
data_N_BaIoT.csv,MO_GAAL,Normalizer,5,67.96546885995458,94.43625164834181,23.035344494752728,0.10212778234905871,0.26637671462027435,0.9793357933579335,0.15415295256534367,14.07560658454895,0.017034292221069336
data_N_BaIoT.csv,SUOD,Normalizer,5,8.239517527010019,77.23428629302961,6.065073181004528,-0.5742160479962688,7.472445357743322e-05,0.0010638297872340426,3.872216844143272e-05,0.393021821975708,3.0943148136138916
data_N_BaIoT.csv,DIF,Normalizer,5,5.6316397589232725,77.24030877687899,40.73918079393493,-0.31774026368960534,0.5786163522012578,0.8138734817103138,0.4488673765730881,0.6941134929656982,62.028374433517456
data_N_BaIoT.csv,ALAD,Normalizer,5,34.184286148981585,84.63921457206524,9.722368467235269,-0.1660093450454943,0.027524670119853302,0.5833333333333334,0.01409486931268151,4.82888388633728,0.06696748733520508
data_N_BaIoT.csv,COPOD,Normalizer,5,1.5472265936764917,76.20188544338056,4.194306974132182,-0.7256743724248811,0.0020473822755191578,0.0183366077275704,0.001084220716360116,0.09643006324768066,1.4607234001159668
data_N_BaIoT.csv,ECOD,Normalizer,5,6.572733696492855,77.77391624739427,8.335965743568144,-0.48478389908112407,0.0740977097071545,0.4388912221755565,0.04046466602129719,0.0894320011138916,1.4248411655426025
data_N_BaIoT.csv,VAE,Normalizer,5,74.32962645307987,96.11242903352932,51.9076199501597,0.23617522407067548,0.6426745944818234,0.9841067007427522,0.47713455953533396,23.800813674926758,1.8393826484680176
data_N_BaIoT.csv,SO_GAAL,Normalizer,5,64.33553935434489,93.36017997309386,24.97279842757362,0.09491442303508717,0.3008895866038723,0.9682172174279099,0.1781219748305905,4.743082046508789,0.01733565330505371
data_N_BaIoT.csv,KNN,RobustScaler,0,43.75214035841971,88.8587783336336,16.587694359622336,-0.008479879205544437,0.16346932310183393,0.8986068111455109,0.08991287512100678,0.11163163185119629,25.729729175567627
data_N_BaIoT.csv,LUNAR,RobustScaler,0,99.54065137775247,99.95003969347268,96.77091011196518,0.7952266229317119,0.982499524443599,0.9656010469246589,1.0,2.1342172622680664,1.3426542282104492
data_N_BaIoT.csv,NeuTraLAD,RobustScaler,0,88.5465708150174,98.6179457979982,56.414306272156125,0.3009253603037841,0.6836339549577092,0.9992552319952335,0.5195353339787028,88.66045451164246,1.219163179397583
data_N_BaIoT.csv,LOF,RobustScaler,0,91.22047162323011,98.67540393884232,86.80986978344039,0.5504433424906645,0.9223874432052871,0.9883159991148485,0.8647047434656341,0.1006319522857666,0.7922844886779785
data_N_BaIoT.csv,AutoEncoder,RobustScaler,0,99.97987057267706,99.99597791360728,98.98915446983257,0.9392206516935181,0.99445492702838,0.9889710106077433,1.0,4.518076658248901,1.644063949584961
data_N_BaIoT.csv,CBLOF,RobustScaler,0,58.756403282814894,92.81413265873498,11.217577480607911,-0.09613826810319201,0.05759845013226035,0.7608267716535433,0.029932236205227492,0.20241999626159668,0.17416143417358398
data_N_BaIoT.csv,HBOS,RobustScaler,0,94.70813056603939,99.36726987248744,81.00452774560387,0.4690302709566341,0.8841113490364025,0.988934131736527,0.7993804453049371,0.035056352615356445,0.12228846549987793
data_N_BaIoT.csv,AE1SVM,RobustScaler,0,99.9450700041903,99.98960665205983,98.98915446983257,0.9392206516935181,0.99445492702838,0.9889710106077433,1.0,39.67261791229248,2.1000242233276367
data_N_BaIoT.csv,DevNet,RobustScaler,0,61.80016034986481,93.01430446089972,59.05724614790636,0.2673860699551583,0.7120961571685959,0.9818949087939014,0.5586060019361084,3.823410749435425,0.6106982231140137
data_N_BaIoT.csv,DeepSVDD,RobustScaler,0,99.836653742332,99.9819258983907,99.05584219578112,0.9433085711035336,0.9948188524432289,0.9896911167318158,1.0,9.534810781478882,0.03551077842712402
data_N_BaIoT.csv,IForest,RobustScaler,0,93.28161953363461,98.83221683706122,74.98157312835633,0.39301530814264846,0.8418460173064123,0.9857625357235645,0.7345982575024201,0.13402175903320312,0.138092041015625
data_N_BaIoT.csv,OCSVM,RobustScaler,0,43.9442406584221,88.15966115946745,72.16313923695202,0.03652835595655781,0.8331053639443614,0.9123801622418879,0.7665053242981607,5.3628082275390625,19.36545205116272
data_N_BaIoT.csv,LODA,RobustScaler,0,44.04420151504478,89.2244943773766,14.02548173107297,-0.04847038191916494,0.11592738297181218,0.8533475026567482,0.06218780251694095,0.531238317489624,0.8261623382568359
data_N_BaIoT.csv,MO_GAAL,RobustScaler,0,27.144886415214653,86.06925891861331,9.35734091467481,0.0,0.0,0.0,0.0,12.669525861740112,0.020222902297973633
data_N_BaIoT.csv,SUOD,RobustScaler,0,98.42328733199757,99.81802284748895,99.16113860517356,0.9497393827864129,0.99539401414558,0.9908302639656231,1.0,0.46019625663757324,3.2811543941497803
data_N_BaIoT.csv,DIF,RobustScaler,0,60.05182103851229,94.34578678294491,55.83166614018462,0.20028864565599402,0.6859495882206139,0.9647595647595648,0.5321587608906099,0.5544447898864746,58.309253454208374
data_N_BaIoT.csv,ALAD,RobustScaler,0,27.7979279427795,84.857519642655,12.765434698676776,-0.06159519890042673,0.08953036852516667,0.8295994568906992,0.047318489835430785,4.632780313491821,0.06365823745727539
data_N_BaIoT.csv,COPOD,RobustScaler,0,29.22397637163405,85.11787751005767,8.788740303955635,-0.2363313945000059,0.0036041562823511367,0.18359375,0.0018199419167473378,0.0934908390045166,1.4740097522735596
data_N_BaIoT.csv,ECOD,RobustScaler,0,24.24633167004239,82.61048021420005,8.560598083605349,-0.2778726578777356,0.0026033690658499235,0.1152542372881356,0.0013165537270087124,0.08794498443603516,1.4258308410644531
data_N_BaIoT.csv,VAE,RobustScaler,0,99.9600614093504,99.99353056597775,98.99968411077182,0.9398668985994375,0.9945123712332724,0.9890846418996553,1.0,23.64078450202942,1.8729207515716553
data_N_BaIoT.csv,SO_GAAL,RobustScaler,0,24.947529718828548,85.61096358799671,9.35734091467481,0.0,0.0,0.0,0.0,4.353890657424927,0.015189647674560547
data_N_BaIoT.csv,KNN,RobustScaler,1,37.4823517108706,88.22525322601007,16.570144958056932,-0.009022069256500577,0.1632049566992889,0.8981015110422317,0.08975798644724105,0.13774538040161133,25.912599802017212
data_N_BaIoT.csv,LUNAR,RobustScaler,1,77.54744809145173,97.34154666785928,80.75883612368818,0.45308301806363815,0.882788112037631,0.9856290284077346,0.7993804453049371,2.0256187915802,1.2152996063232422
data_N_BaIoT.csv,NeuTraLAD,RobustScaler,1,82.25245590197163,97.24530160932046,57.76561019269243,0.2667916986774039,0.699693029524071,0.9841336703173266,0.5428073572120039,85.8308219909668,1.3022856712341309
data_N_BaIoT.csv,LOF,RobustScaler,1,72.30480272536673,95.9817032619697,40.04071461163174,0.15674702976395397,0.5130412473988769,0.9722342264477096,0.34846079380445305,0.12047243118286133,0.706540584564209
data_N_BaIoT.csv,AutoEncoder,RobustScaler,1,98.30038293697334,99.73269828154513,99.12603980204275,0.9475911175324655,0.9952018498891994,0.9905255082470272,0.9999225556631172,4.531407117843628,1.6752569675445557
data_N_BaIoT.csv,CBLOF,RobustScaler,1,58.76158052097728,92.81643984664011,11.217577480607911,-0.09613826810319201,0.05759845013226035,0.7608267716535433,0.029932236205227492,0.11292743682861328,0.08953166007995605
data_N_BaIoT.csv,HBOS,RobustScaler,1,94.67126462157648,99.39946059238277,79.29872591344636,0.4509234057745371,0.8722879043783293,0.9894385223755956,0.7799419167473378,0.0311892032623291,0.10993003845214844
data_N_BaIoT.csv,AE1SVM,RobustScaler,1,98.4587436791434,99.63708985309592,99.03127303358956,0.9417503265098648,0.9946802359199722,0.9902521395402387,0.9991481122942885,41.9743173122406,2.1928024291992188
data_N_BaIoT.csv,DevNet,RobustScaler,1,61.8075634591126,93.01618518431911,59.07830542978485,0.27044788586060065,0.7120736917491912,0.9828879192800655,0.5582575024201355,3.8210277557373047,0.561295747756958
data_N_BaIoT.csv,DeepSVDD,RobustScaler,1,97.02718177124147,99.5563519585157,98.95756554701485,0.9372904125899452,0.9942709438475338,0.9906211562115621,0.9979477250726041,13.865288019180298,0.03467154502868652
data_N_BaIoT.csv,IForest,RobustScaler,1,92.39318396878986,98.6045055021163,63.21294443859464,0.2995594290415703,0.7484338621798718,0.9844045965399671,0.6037173281703775,0.1378023624420166,0.1355752944946289
data_N_BaIoT.csv,OCSVM,RobustScaler,1,34.358831479409055,86.93394886226132,47.07100487873363,-0.1299403980620596,0.6264552885806292,0.8693709178411826,0.48964181994191674,5.3259217739105225,19.49561643600464
data_N_BaIoT.csv,LODA,RobustScaler,1,51.4377652980525,91.00813261340306,15.90677757888456,-0.007917701377659259,0.14933428013491923,0.8987179487179487,0.08143272023233301,0.34374237060546875,0.9954144954681396
data_N_BaIoT.csv,MO_GAAL,RobustScaler,1,50.40863144150026,89.73850246524343,9.35734091467481,0.0,0.0,0.0,0.0,13.117475748062134,0.018111467361450195
data_N_BaIoT.csv,SUOD,RobustScaler,1,90.80055541474913,98.28830182074614,61.09648660980661,0.29329003128944175,0.7294737869764717,0.9865980062058494,0.5786640851887705,0.35379791259765625,3.1593778133392334
data_N_BaIoT.csv,DIF,RobustScaler,1,65.57547010179456,94.99126883555269,56.17563441086659,0.21209935109658362,0.6883953082106314,0.9681993681993682,0.5340561471442401,0.557365894317627,57.28635334968567
data_N_BaIoT.csv,ALAD,RobustScaler,1,27.839255796524153,84.82366275097068,12.572391281457302,-0.06352706360389715,0.08533764183160136,0.8252840909090909,0.04499515972894482,5.275881290435791,0.0628962516784668
data_N_BaIoT.csv,COPOD,RobustScaler,1,29.089297735857006,85.09758043495707,8.788740303955635,-0.23620942439636403,0.003527742628168258,0.18110236220472442,0.0017812197483059052,0.10064482688903809,1.4965388774871826
data_N_BaIoT.csv,ECOD,RobustScaler,1,24.205961703397776,82.59582002375198,8.560598083605349,-0.2778726578777356,0.0026033690658499235,0.1152542372881356,0.0013165537270087124,0.08670663833618164,1.4529731273651123
data_N_BaIoT.csv,VAE,RobustScaler,1,99.14800408717862,99.79893994465672,99.01372363202415,0.9406747806765712,0.9945829236789853,0.9903255528255528,0.9988770571151985,24.057106971740723,1.9273159503936768
data_N_BaIoT.csv,SO_GAAL,RobustScaler,1,50.0,90.64265908532519,9.35734091467481,0.0,0.0,0.0,0.0,4.517507314682007,0.017618656158447266
data_N_BaIoT.csv,KNN,RobustScaler,3,35.79280589750535,87.95532168802119,16.535046154926118,-0.009769921002520662,0.1626170857102613,0.897396035755927,0.08940948693126816,0.13639116287231445,26.605469226837158
data_N_BaIoT.csv,LUNAR,RobustScaler,3,75.3769921183103,96.90751719562107,78.2562914604612,0.31049574330434027,0.868847253096221,0.9584306398879029,0.7945788964181995,2.3210716247558594,1.457146406173706
data_N_BaIoT.csv,NeuTraLAD,RobustScaler,3,88.00757231902361,98.2565478040342,57.85335720051946,0.2763713453245071,0.6998150092495375,0.9873033787119984,0.5419941916747338,87.54432463645935,1.3033325672149658
data_N_BaIoT.csv,LOF,RobustScaler,3,62.25143628598341,94.63948887125026,40.17409006352884,0.15880175003736943,0.5144842908821603,0.9729584141348847,0.3496999031945789,0.10729169845581055,0.7554962635040283
data_N_BaIoT.csv,AutoEncoder,RobustScaler,3,93.20963203046648,98.76083697667015,67.42129093397915,0.33514059298847226,0.783232134516581,0.9867019711679906,0.6493320425943853,5.2527689933776855,1.568458080291748
data_N_BaIoT.csv,CBLOF,RobustScaler,3,62.21281143131863,93.36743649081171,13.65694429819943,-0.04204943832041484,0.10662405578152237,0.8579777907656342,0.05684414327202323,0.10609126091003418,0.1106424331665039
data_N_BaIoT.csv,HBOS,RobustScaler,3,94.41673535518437,99.36624073520676,79.01793548839984,0.44779862469757614,0.8703253796095445,0.9894451294697904,0.7768054211035818,0.03335142135620117,0.11322879791259766
data_N_BaIoT.csv,AE1SVM,RobustScaler,3,92.67011138070094,98.46780696712143,65.90151275841494,0.32204011313816766,0.7708780453291196,0.9859435328185329,0.632836398838335,41.34936857223511,2.333293914794922
data_N_BaIoT.csv,DevNet,RobustScaler,3,61.78099244075298,93.0102218316636,59.17658207855112,0.27694228547896055,0.7125379995551272,0.984900245968844,0.5581800580832527,3.9523448944091797,0.5406279563903809
data_N_BaIoT.csv,DeepSVDD,RobustScaler,3,93.49779845735878,98.96554809434298,65.80323610964867,0.32377793079155015,0.7699246699884289,0.9866844207723036,0.6312487899322362,9.92559003829956,0.03540349006652832
data_N_BaIoT.csv,IForest,RobustScaler,3,93.1010066166106,98.64801765195523,64.32908637815451,0.3143460992735882,0.757509961585264,0.9868208379957727,0.614675701839303,0.14486312866210938,0.16001653671264648
data_N_BaIoT.csv,OCSVM,RobustScaler,3,31.277039976354203,86.50217978376259,43.146958688708715,-0.15557923806877674,0.5873541549905742,0.8584406880631469,0.4463891577928364,5.709524869918823,20.450330018997192
data_N_BaIoT.csv,LODA,RobustScaler,3,54.812655003053756,90.96656243351705,16.345512618019725,-0.014388288828264187,0.15953170181253967,0.8930122384524279,0.08758954501452082,0.11307001113891602,0.31290364265441895
data_N_BaIoT.csv,MO_GAAL,RobustScaler,3,50.0,90.64265908532519,9.35734091467481,0.0,0.0,0.0,0.0,13.096189022064209,0.016505002975463867
data_N_BaIoT.csv,SUOD,RobustScaler,3,86.2167860454949,97.44557522209185,55.47014846793724,0.25824480666550803,0.6776267310379875,0.9855136733185513,0.5163213939980639,0.33843255043029785,3.231497287750244
data_N_BaIoT.csv,DIF,RobustScaler,3,61.0851597216826,94.58883111999809,55.83868590081078,0.20052968046090403,0.6859995008734714,0.9648297648297648,0.5321974830590513,0.557013750076294,58.209922552108765
data_N_BaIoT.csv,ALAD,RobustScaler,3,32.93748969672234,86.0864703704168,13.04973500403636,-0.06155570256528235,0.09610683402050571,0.8324905183312263,0.05099709583736689,5.214599370956421,0.05775642395019531
data_N_BaIoT.csv,COPOD,RobustScaler,3,28.87772959696846,85.06110983670044,8.795760064581797,-0.23572754247631997,0.004062703614273121,0.19924812030075187,0.002052274927395934,0.09107732772827148,1.4669830799102783
data_N_BaIoT.csv,ECOD,RobustScaler,3,24.13229081713797,82.57420548359957,8.61675616861465,-0.2676721922248971,0.0020697585281717135,0.1018867924528302,0.0010454985479186835,0.10794639587402344,1.5677618980407715
data_N_BaIoT.csv,VAE,RobustScaler,3,97.77396478838975,99.38803187317725,98.86630865887473,0.9322695949296764,0.9937578510000966,0.9919367283950618,0.9955856727976766,24.758981704711914,1.9325835704803467
data_N_BaIoT.csv,SO_GAAL,RobustScaler,3,50.0,90.64265908532519,9.35734091467481,0.0,0.0,0.0,0.0,4.618087291717529,0.018407344818115234
data_N_BaIoT.csv,KNN,RobustScaler,5,35.320947371402376,87.84629198324505,16.531536274613035,-0.009810983457659241,0.16255238229390429,0.8973561430793157,0.08937076476282672,0.12888479232788086,26.618478059768677
data_N_BaIoT.csv,LUNAR,RobustScaler,5,72.58629807500277,96.28800275423518,76.68035519988769,0.23697233644254184,0.8596594989649783,0.9457173397778501,0.7879574056147144,2.2782230377197266,1.3383429050445557
data_N_BaIoT.csv,NeuTraLAD,RobustScaler,5,74.66164362968767,96.46686490339096,58.657119792215084,0.2974031190518168,0.7060320946367517,0.9930497051390059,0.5477250726040658,89.56494688987732,1.3037018775939941
data_N_BaIoT.csv,LOF,RobustScaler,5,55.67518985264225,93.50201585913881,31.609982099610402,0.11125545712802337,0.40330730362884704,0.9641288433382138,0.25498547918683445,0.12234139442443848,0.8424844741821289
data_N_BaIoT.csv,AutoEncoder,RobustScaler,5,92.31375196170777,98.18123744309301,60.791127022568524,0.2883080913575038,0.7269705486985213,0.9855533465871438,0.5758760890609874,4.848342180252075,1.6714155673980713
data_N_BaIoT.csv,CBLOF,RobustScaler,5,61.912858417895855,93.3114245285282,13.649924537573268,-0.042167448143490854,0.10648652574998184,0.8578115857226448,0.056766698935140365,0.08781027793884277,0.07831740379333496
data_N_BaIoT.csv,HBOS,RobustScaler,5,93.93474602919851,99.31289012273464,77.96146151416237,0.44381374524601125,0.8626370020345212,0.9914512722518355,0.7634462729912875,0.03350067138671875,0.10831069946289062
data_N_BaIoT.csv,AE1SVM,RobustScaler,5,91.56925363964417,98.43060638661211,68.40054754132883,0.3477151005419223,0.7908662222118981,0.9883302368787737,0.6591674733785092,41.912808895111084,2.3700320720672607
data_N_BaIoT.csv,DevNet,RobustScaler,5,61.777370770572595,93.00987756919476,59.26081920606507,0.28256509502241783,0.7129325056265922,0.9866511500547646,0.5581026137463698,4.082979679107666,0.7068877220153809
data_N_BaIoT.csv,DeepSVDD,RobustScaler,5,90.4201907204778,98.41545566559557,61.53522164894177,0.2962916943118542,0.7333381998686036,0.9867077003666841,0.5835043562439497,10.435806274414062,0.035486698150634766
data_N_BaIoT.csv,IForest,RobustScaler,5,91.45005079924387,98.31414879014501,58.82910392755607,0.2816920986643728,0.7088607594936709,0.9872105081230557,0.5529525653436592,0.14046072959899902,0.15792346000671387
data_N_BaIoT.csv,OCSVM,RobustScaler,5,30.82344739137349,86.4072119079432,41.58155206907445,-0.1660360941019119,0.5711193568336426,0.8535777555264576,0.4291190706679574,5.845575332641602,21.217953205108643
data_N_BaIoT.csv,LODA,RobustScaler,5,47.70444861941527,90.00061772255721,12.361798462672423,-0.07499255538934667,0.08225824236409747,0.8096960926193922,0.043330106485963214,0.6839234828948975,1.1647560596466064
data_N_BaIoT.csv,MO_GAAL,RobustScaler,5,30.403372866449917,86.30538576892026,9.35734091467481,0.0,0.0,0.0,0.0,22.117849588394165,0.04088282585144043
data_N_BaIoT.csv,SUOD,RobustScaler,5,82.49754791069502,96.79635111532919,46.2883015689165,0.20521575518407253,0.5833991234040237,0.9823065639897323,0.4149080348499516,0.6877918243408203,4.3248231410980225
data_N_BaIoT.csv,DIF,RobustScaler,5,56.35595854433115,93.33973964301813,53.36071039977537,0.11544439432767688,0.6683803344147742,0.9400491400491401,0.5185285575992256,0.791358232498169,72.2918689250946
data_N_BaIoT.csv,ALAD,RobustScaler,5,33.42183125645883,86.19608686342265,13.155031413428803,-0.059160401603695324,0.09812283579369419,0.8360248447204969,0.052120038722168444,6.137038707733154,0.0729212760925293
data_N_BaIoT.csv,COPOD,RobustScaler,5,28.740244112334956,85.03150015891498,8.746621740198659,-0.24611267747286406,0.004518129953670023,0.20205479452054795,0.0022846079380445306,0.1106574535369873,1.9990589618682861
data_N_BaIoT.csv,ECOD,RobustScaler,5,24.05906365265082,82.55267459375105,8.602716647362325,-0.27025512058364437,0.002222392520499655,0.10622710622710622,0.001122942884801549,0.18733501434326172,2.0352821350097656
data_N_BaIoT.csv,VAE,RobustScaler,5,96.17912270904124,98.94974076596147,91.3727141904461,0.661037246681793,0.9503674985865439,0.992995485041563,0.9112487899322362,23.743321895599365,1.9647085666656494
data_N_BaIoT.csv,SO_GAAL,RobustScaler,5,50.0,90.64265908532519,9.35734091467481,0.0,0.0,0.0,0.0,4.909683465957642,0.01866006851196289
data_CICIoT2023.csv,KNN,QuantileTransformer,0,93.1152782664101,99.75981039511255,77.7725674091442,0.2687985900704436,0.8710103798157292,0.9961319580295216,0.7738136354217033,0.013982057571411133,6.35168981552124
data_CICIoT2023.csv,LUNAR,QuantileTransformer,0,93.91492395185843,99.7904875414319,76.22173840227767,0.2726753884803336,0.8605441508692663,0.997813311466448,0.7564757891828418,1.114382266998291,0.30939579010009766
data_CICIoT2023.csv,NeuTraLAD,QuantileTransformer,0,92.05114822186854,99.72269494072505,52.95595377658684,0.17287380049162168,0.67992981016841,0.9993970657198366,0.5152310561580438,28.187586307525635,1.2637085914611816
data_CICIoT2023.csv,LOF,QuantileTransformer,0,87.45550847733752,99.47638586531963,73.92396583486854,0.23847752218885723,0.8452686184485123,0.9955522262278197,0.7344062996477171,0.034914493560791016,0.2615244388580322
data_CICIoT2023.csv,AutoEncoder,QuantileTransformer,0,92.59021370880535,99.73747721128895,79.47077541450344,0.2772788352030895,0.8820869966717328,0.995656894679696,0.7917731574221178,1.498483657836914,1.5971729755401611
data_CICIoT2023.csv,CBLOF,QuantileTransformer,0,90.77665541200221,99.67797869934844,75.84324233796684,0.25493637367676125,0.8582212786034442,0.9960755681299626,0.753885473509705,0.007543802261352539,0.03052234649658203
data_CICIoT2023.csv,HBOS,QuantileTransformer,0,94.19688024411947,99.79912886479697,84.50845754479987,0.33347409757085655,0.9134786268824244,0.9964899391861557,0.843234095461767,0.006749153137207031,0.044075727462768555
data_CICIoT2023.csv,DASVDD,QuantileTransformer,0,86.15467360412555,99.49158219053585,52.80187573270809,0.16386760952644824,0.6788815204758324,0.9978562336705299,0.5144366926849485,6.841482400894165,30.135497093200684
data_CICIoT2023.csv,AE1SVM,QuantileTransformer,0,91.30529255444952,99.69340857263585,75.7327080890973,0.25178507843831116,0.8575137176234586,0.9957977435710045,0.7529529598673759,13.3841712474823,2.365729570388794
data_CICIoT2023.csv,DevNet,QuantileTransformer,0,81.08206120052498,99.26003200215911,54.00435437950092,0.14463880142077037,0.6904976559682654,0.9937718956792526,0.5290460730814395,1.2250010967254639,0.498401403427124
data_CICIoT2023.csv,DeepSVDD,QuantileTransformer,0,85.23377086253468,99.44444027554218,67.47613465081226,0.20150166995645788,0.799338706344286,0.995060712080675,0.6679560682461836,3.314767599105835,0.020445585250854492
data_CICIoT2023.csv,IForest,QuantileTransformer,0,92.01917512082582,99.71491582659823,75.83319376988779,0.25803061377158565,0.8581093040177781,0.996437542817995,0.7535055605443116,0.12119531631469727,0.22385501861572266
data_CICIoT2023.csv,OCSVM,QuantileTransformer,0,84.52781161468799,99.43424376546508,65.47646960308157,0.19510126436325406,0.7842595499738357,0.9953775038520801,0.647026317607239,0.19067907333374023,2.9521381855010986
data_CICIoT2023.csv,LODA,QuantileTransformer,0,68.54706271044039,98.71772340012055,51.013230614637415,0.13700744829509207,0.6634759198324858,0.9939331265081006,0.49792774746149066,0.01736927032470703,0.907717227935791
data_CICIoT2023.csv,MO_GAAL,QuantileTransformer,0,13.736947128120944,92.46655304255489,3.295930329927985,-0.19700901549422065,0.013193423796014628,0.636963696369637,0.00666574566553844,4.662491798400879,0.007112026214599609
data_CICIoT2023.csv,SUOD,QuantileTransformer,0,91.41565361014682,99.69983744601261,69.85094624016077,0.2364004540351206,0.8162348665809191,0.9981524941329205,0.6904054707467017,0.10149502754211426,0.9176840782165527
data_CICIoT2023.csv,DIF,QuantileTransformer,0,87.64509313521688,99.53769919797635,52.7616814603919,0.16151816840509864,0.6786080535995077,0.9974542774837543,0.5142294674310977,0.40134167671203613,67.21161890029907
data_CICIoT2023.csv,ALAD,QuantileTransformer,0,27.228677705851613,94.41999592146483,4.766370792162117,-0.06994918620999276,0.04017284450746067,0.8907185628742516,0.02054983767355115,4.03522253036499,0.059296607971191406
data_CICIoT2023.csv,COPOD,QuantileTransformer,0,44.89920749181775,96.80827904361713,7.030648132641098,0.017049984717491442,0.08068362480127186,0.9838449111470113,0.04206672653174,0.010030269622802734,0.467451810836792
data_CICIoT2023.csv,ECOD,QuantileTransformer,0,28.438936820217027,94.26246132052187,8.43074861832189,-0.16525516140160912,0.122150150921585,0.8692870201096892,0.0656904054707467,0.009349822998046875,0.4171428680419922
data_CICIoT2023.csv,VAE,QuantileTransformer,0,91.27247422276538,99.69127534528106,74.73455032657846,0.2445722774405568,0.850784356392554,0.9956938463675511,0.7426953098017545,8.34529972076416,2.189180612564087
data_CICIoT2023.csv,SO_GAAL,QuantileTransformer,0,10.45377040714511,92.49724604222489,3.6978730530899346,-0.14155904594012308,0.02024194922474016,0.7595907928388747,0.01025765006562133,11.520934343338013,0.009172677993774414
data_CICIoT2023.csv,KNN,QuantileTransformer,1,93.10797593365787,99.76129421700797,77.37732373136828,0.2665652371118922,0.8684046450003897,0.9962002682163612,0.7696691303446846,0.2846691608428955,8.012128591537476
data_CICIoT2023.csv,LUNAR,QuantileTransformer,1,91.68767029672463,99.69443288937457,63.6074359403785,0.20205887810029433,0.769482103833832,0.9975246163155289,0.6263037922221455,2.340496063232422,0.4646790027618408
data_CICIoT2023.csv,NeuTraLAD,QuantileTransformer,1,92.41142730361,99.72964443429746,52.942555685814774,0.1720906534511718,0.6798386545429684,0.9992630803242447,0.5151619810734268,31.194222450256348,1.221116304397583
data_CICIoT2023.csv,LOF,QuantileTransformer,1,86.97914338768594,99.40424693792814,73.32775079551163,0.23663658426773201,0.8411371571072319,0.9957489017996316,0.7280859294052635,0.014911413192749023,0.21419715881347656
data_CICIoT2023.csv,AutoEncoder,QuantileTransformer,1,92.43302380897805,99.73161693422225,78.83436610283034,0.2732095856927547,0.8779715350597687,0.9957510184414561,0.7851074117565794,1.4843871593475342,1.6039016246795654
data_CICIoT2023.csv,CBLOF,QuantileTransformer,1,89.50884394911076,99.62009281226617,70.75531736727515,0.22282445412031285,0.8230764554499584,0.9957832802157391,0.7014229467431098,0.007023811340332031,0.026955604553222656
data_CICIoT2023.csv,HBOS,QuantileTransformer,1,94.18196891897186,99.80429536394242,83.47010550996484,0.32629590876985326,0.9071023850309659,0.9968968513384915,0.8321475443807419,0.006682157516479492,0.04270434379577637
data_CICIoT2023.csv,DASVDD,QuantileTransformer,1,88.6113565878963,99.60008810184013,52.9693518673589,0.17365694753207153,0.6800209657938515,0.9995310511154284,0.5153001312426607,6.764476537704468,30.697559595108032
data_CICIoT2023.csv,AE1SVM,QuantileTransformer,1,90.7332573226298,99.67277737820328,73.84692681292915,0.24149628740119197,0.8446849140674729,0.9959658504550145,0.7333010982938454,13.391889572143555,2.3614954948425293
data_CICIoT2023.csv,DevNet,QuantileTransformer,1,80.82920882502054,99.24805270891879,52.54061296265282,0.1423416415178856,0.677353979278151,0.994118040237952,0.5136768667541618,1.1356914043426514,0.44922709465026855
data_CICIoT2023.csv,DeepSVDD,QuantileTransformer,1,85.19103592464053,99.47312032415812,67.49958130966337,0.20312777588199243,0.7994792204839943,0.9952662721893492,0.6680596808731091,3.0833961963653564,0.01994776725769043
data_CICIoT2023.csv,IForest,QuantileTransformer,1,92.38880348843745,99.73546699664261,76.4763021269469,0.262647971681689,0.8624047334495798,0.9964685108887581,0.7601367686675417,0.1206352710723877,0.2099769115447998
data_CICIoT2023.csv,OCSVM,QuantileTransformer,1,84.35796433809011,99.43285511533462,64.68933177022275,0.19252685454744556,0.7782219043211175,0.9954790096878364,0.6388063825378186,0.19995784759521484,2.905992269515991
data_CICIoT2023.csv,LODA,QuantileTransformer,1,78.54244211626738,99.17198523084967,56.06096131301289,0.1562735644566956,0.708229537366548,0.9946894914407097,0.5498722110934586,0.019407033920288086,0.6669397354125977
data_CICIoT2023.csv,MO_GAAL,QuantileTransformer,1,22.14120955916373,94.6662146934503,8.18958298442472,-0.03648386396085205,0.1068752036493972,0.9447004608294931,0.0566415693859225,4.510770797729492,0.006621360778808594
data_CICIoT2023.csv,SUOD,QuantileTransformer,1,90.39191639047493,99.66464013892318,68.92312845419528,0.23055287451318307,0.8095179436642851,0.9980257163106206,0.6809076466118671,0.08888626098632812,0.8573365211486816
data_CICIoT2023.csv,DIF,QuantileTransformer,1,87.7520406857615,99.5410794926066,52.74158432423379,0.16034344784442384,0.6784713201613455,0.9972532993903664,0.5141258548041722,0.39740490913391113,67.66783618927002
data_CICIoT2023.csv,ALAD,QuantileTransformer,1,27.21889717985826,94.41677075381499,4.7764193602411655,-0.06853534573898191,0.04030651858353307,0.8923766816143498,0.02061891275816813,4.685899496078491,0.033437490463256836
data_CICIoT2023.csv,COPOD,QuantileTransformer,1,44.89677338090032,96.80772308231317,7.090939541115391,0.014679770602138605,0.08200953137410644,0.9817749603803486,0.04279201492021828,0.010240554809570312,0.40025973320007324
data_CICIoT2023.csv,ECOD,QuantileTransformer,1,28.436893700344612,94.26246966240667,8.836040864176855,-0.16353496680480653,0.1298634866843569,0.8735483870967742,0.07014574842854182,0.009731531143188477,0.4122626781463623
data_CICIoT2023.csv,VAE,QuantileTransformer,1,90.93646725177837,99.67916006832559,73.8335287221571,0.23906839104785213,0.8446300715990454,0.9956860170683672,0.7333701733784624,9.092524766921997,2.60766339302063
data_CICIoT2023.csv,SO_GAAL,QuantileTransformer,1,30.696586195854163,95.57405756808987,8.71545804722827,-0.020054454302782687,0.11565045267222637,0.9565217391304348,0.06154590039372798,15.799237251281738,0.06766486167907715
data_CICIoT2023.csv,KNN,QuantileTransformer,3,92.81344467940536,99.74269955255428,76.20164126611958,0.260658340034605,0.8605741870915834,0.996455351056578,0.7573046901982455,0.21377801895141602,7.819698095321655
data_CICIoT2023.csv,LUNAR,QuantileTransformer,3,89.0229973266179,99.57786910867334,54.17183051415173,0.16766174877502055,0.6911233519956655,0.9977186807456655,0.5286661601160462,1.7926054000854492,0.5177133083343506
data_CICIoT2023.csv,NeuTraLAD,QuantileTransformer,3,91.63275905437513,99.67589235507752,52.9492547312008,0.17248222697139676,0.6798842323556893,0.9993300730220406,0.5151965186157353,31.08735728263855,1.2764489650726318
data_CICIoT2023.csv,LOF,QuantileTransformer,3,83.7168271889346,99.12104605093681,51.951096968681966,0.14174038408587583,0.6719718277652009,0.9943154902889626,0.5074601091386337,0.1499338150024414,0.283397912979126
data_CICIoT2023.csv,AutoEncoder,QuantileTransformer,3,91.93666451059383,99.6976104409149,75.9169318372132,0.2609967060811293,0.85863709645708,0.9967135293043637,0.754161773848173,1.7114744186401367,1.5815496444702148
data_CICIoT2023.csv,CBLOF,QuantileTransformer,3,90.12195624012892,99.65142504238142,70.83905543460057,0.22827590310973056,0.8235794763718894,0.9964205158379915,0.7018373972508116,0.007547616958618164,0.0372929573059082
data_CICIoT2023.csv,HBOS,QuantileTransformer,3,94.6499085349282,99.81952490633132,83.01457042371462,0.32640840427086965,0.9042539131091517,0.9973759840059977,0.8270359881190854,0.007535219192504883,0.04225039482116699
data_CICIoT2023.csv,DASVDD,QuantileTransformer,3,87.83836729192778,99.56453091193546,52.942555685814774,0.1720906534511718,0.6798386545429684,0.9992630803242447,0.5151619810734268,6.491861343383789,30.461662530899048
data_CICIoT2023.csv,AE1SVM,QuantileTransformer,3,90.59297778549879,99.66229392538455,72.23915592028136,0.23149441216407143,0.833547557840617,0.9958729244649198,0.7167230779857705,13.000145673751831,2.2357025146484375
data_CICIoT2023.csv,DevNet,QuantileTransformer,3,80.71085161912843,99.24164222482256,51.17735722659521,0.13978586478026592,0.6648887254000367,0.9943611607756843,0.49941286178075567,1.2208976745605469,0.4838120937347412
data_CICIoT2023.csv,DeepSVDD,QuantileTransformer,3,84.47623337933483,99.44179687296281,65.982247529727,0.1982694658550338,0.7880722841283753,0.9955187684521299,0.652172411411204,3.1435811519622803,0.023615598678588867
data_CICIoT2023.csv,IForest,QuantileTransformer,3,92.90607697448368,99.75606096871839,77.5682465248702,0.2764404534718709,0.8695533609926177,0.997140942595488,0.7709124818677903,0.12911343574523926,0.2279050350189209
data_CICIoT2023.csv,OCSVM,QuantileTransformer,3,83.94519279193442,99.41676626962543,62.84374476637079,0.18566561803844567,0.7638531133581692,0.9955607346984074,0.619638046556607,0.22327733039855957,2.973344326019287
data_CICIoT2023.csv,LODA,QuantileTransformer,3,80.82663288401817,99.25842372633657,55.153240663205494,0.15251913959118696,0.7004094784184736,0.9945351718879075,0.5405470746701665,0.017574310302734375,0.6810922622680664
data_CICIoT2023.csv,MO_GAAL,QuantileTransformer,3,24.566783838760813,95.09995320180886,9.157595042706413,-0.02572447406455424,0.1244229217110573,0.9534883720930233,0.06655384402845893,4.5011887550354,0.0065839290618896484
data_CICIoT2023.csv,SUOD,QuantileTransformer,3,90.21213717468491,99.65729998932802,67.26511472115223,0.223365162589335,0.7972616948449331,0.9981819126279154,0.6636734129999309,0.09462690353393555,0.9321610927581787
data_CICIoT2023.csv,DIF,QuantileTransformer,3,88.21190365336666,99.56142779336142,52.795176687322055,0.16347603600622332,0.6788359426631116,0.997789240972734,0.5144021551426401,0.4312303066253662,67.26656413078308
data_CICIoT2023.csv,ALAD,QuantileTransformer,3,27.255380094277903,94.42091528952668,4.793166973706247,-0.06808762761003562,0.040637235047927635,0.8931750741839762,0.020791600469710576,4.664453983306885,0.0377497673034668
data_CICIoT2023.csv,COPOD,QuantileTransformer,3,44.90168760168163,96.80937366753601,7.147881426896667,0.015082266911584078,0.08308801640591407,0.982017200938233,0.0433791531394626,0.01141214370727539,0.5285568237304688
data_CICIoT2023.csv,ECOD,QuantileTransformer,3,28.434340758815484,94.26282629140526,8.879584659186065,-0.16407345559295933,0.13075153374233128,0.8736122971818958,0.07066381156316917,0.010480642318725586,0.5270521640777588
data_CICIoT2023.csv,VAE,QuantileTransformer,3,90.59972429764782,99.6624036509405,71.70323228939877,0.23022850690644434,0.8297529321671839,0.9960808980065802,0.7110243835048697,9.107110738754272,2.2866084575653076
data_CICIoT2023.csv,SO_GAAL,QuantileTransformer,3,32.00930413023774,95.71402693696855,9.485848266622005,-0.015816739868003526,0.12977812127652721,0.9599809433063363,0.069593147751606,18.75333833694458,0.029312610626220703
data_CICIoT2023.csv,KNN,QuantileTransformer,5,91.94130848756461,99.69372109307875,69.80405292245855,0.223608206316317,0.8161442293965289,0.9965137706061059,0.691061684050563,0.19374585151672363,7.931018114089966
data_CICIoT2023.csv,LUNAR,QuantileTransformer,5,83.15085040168964,99.31029889877233,39.527717300284706,0.12062008127936637,0.5477681478883824,0.9969000729394603,0.37763348760102233,1.998741865158081,0.3447074890136719
data_CICIoT2023.csv,NeuTraLAD,QuantileTransformer,5,90.73395497331794,99.65719542633255,52.92915759504271,0.17130750641072195,0.679747498917527,0.9991290949286528,0.5150929059888099,32.98920655250549,1.480544090270996
data_CICIoT2023.csv,LOF,QuantileTransformer,5,75.08621160880011,98.64432947414458,32.45017584994138,0.08039281585969477,0.4679593721144968,0.990839012400849,0.30631346273399185,0.05553603172302246,0.251589298248291
data_CICIoT2023.csv,AutoEncoder,QuantileTransformer,5,91.4245544062889,99.66720318140419,73.87707251716631,0.24792831541005503,0.844792931202611,0.9967128433904673,0.733059335497686,1.8874976634979248,1.941164255142212
data_CICIoT2023.csv,CBLOF,QuantileTransformer,5,90.26243702265072,99.65133437361096,67.90152403282532,0.2149782049410986,0.8022370348969189,0.9966159052453468,0.671306209850107,0.005488157272338867,0.033464670181274414
data_CICIoT2023.csv,HBOS,QuantileTransformer,5,94.5750433329242,99.81690814080741,82.10015072852119,0.319379692235625,0.8985534758343141,0.9975973697521497,0.8174000138150169,0.00692439079284668,0.04308795928955078
data_CICIoT2023.csv,DASVDD,QuantileTransformer,5,87.5687080513566,99.55586626924014,52.9492547312008,0.17248222697139676,0.6798842323556893,0.9993300730220406,0.5151965186157353,7.323480129241943,30.644898653030396
data_CICIoT2023.csv,AE1SVM,QuantileTransformer,5,90.46333358811638,99.65836899944091,70.63138502763357,0.2259459530868327,0.8221212367118397,0.9962631527190481,0.6997996822546108,13.48445749282837,2.165764808654785
data_CICIoT2023.csv,DevNet,QuantileTransformer,5,80.63037454565499,99.23738097457145,50.52420030145704,0.13901468407259213,0.6588132030582311,0.9945602901178604,0.4925398908613663,1.1879675388336182,0.4575319290161133
data_CICIoT2023.csv,DeepSVDD,QuantileTransformer,5,83.81970574933932,99.41544187406213,64.07971864009379,0.19269833992087604,0.7734493831333445,0.9958655206179958,0.6322442494992057,3.515817880630493,0.017648696899414062
data_CICIoT2023.csv,IForest,QuantileTransformer,5,92.37702392489538,99.7350676776265,73.98760676603584,0.25293163570045973,0.845483485873458,0.99723082699709,0.7338191614284727,0.14369773864746094,0.21529316902160645
data_CICIoT2023.csv,OCSVM,QuantileTransformer,5,83.52635896795843,99.40093826287762,60.27801038352035,0.17840673106268815,0.7432505574920436,0.9959384972439803,0.5928369137252193,0.21278166770935059,3.0764307975769043
data_CICIoT2023.csv,LODA,QuantileTransformer,5,81.22315530233305,99.18471232578916,47.89817451013231,0.13093553472508918,0.6340430537583813,0.9943915578186112,0.46539338260689367,0.017094850540161133,1.2776315212249756
data_CICIoT2023.csv,MO_GAAL,QuantileTransformer,5,26.157605653638516,95.34422332978684,10.072014737899849,-0.019573896512313955,0.14091898118520416,0.95822454308094,0.0760516681632935,4.496674060821533,0.0072939395904541016
data_CICIoT2023.csv,SUOD,QuantileTransformer,5,89.78619459685642,99.64247212106869,66.5349187740747,0.2208087845833971,0.7917717429815969,0.9983181794292322,0.6560406161497547,0.08465456962585449,0.8158218860626221
data_CICIoT2023.csv,DIF,QuantileTransformer,5,87.33004635083842,99.52175624457897,52.74158432423379,0.16034344784442384,0.6784713201613455,0.9972532993903664,0.5141258548041722,0.40410280227661133,66.75202894210815
data_CICIoT2023.csv,ALAD,QuantileTransformer,5,27.32276088436655,94.42853455877763,4.8065650644783116,-0.06886823871939075,0.04096645744752649,0.8926470588235295,0.02096428818125302,4.371281623840332,0.025422096252441406
data_CICIoT2023.csv,COPOD,QuantileTransformer,5,44.90555151318517,96.80980393573807,7.171328085747781,0.015246727427315625,0.08353174603174603,0.9821150855365475,0.04362091593562202,0.00889134407043457,0.41948461532592773
data_CICIoT2023.csv,ECOD,QuantileTransformer,5,28.436935866045545,94.2635876016188,8.759001842237481,-0.16479073727351212,0.12848733043255695,0.8722849695916595,0.06935138495544657,0.008219718933105469,0.3662223815917969
data_CICIoT2023.csv,VAE,QuantileTransformer,5,90.43517456638519,99.65371980145156,70.87590018422375,0.22963436184962158,0.8238202338257046,0.9965684592381979,0.7021136975892796,8.3467435836792,1.9106450080871582
data_CICIoT2023.csv,SO_GAAL,QuantileTransformer,5,32.60503648598101,95.74322941612478,9.449003516998827,-0.01896180772607149,0.12933977455716586,0.9580152671755725,0.06935138495544657,1.1126132011413574,0.007820606231689453
data_CICIoT2023.csv,KNN,MinMaxScaler,0,81.88673227087521,99.37385419092081,72.85211857310333,0.23135020077241625,0.8378837883788379,0.995437479207262,0.723388823651309,0.018101215362548828,6.046539306640625
data_CICIoT2023.csv,LUNAR,MinMaxScaler,0,89.75960337255076,99.65753527023632,76.52989449003516,0.27850021618622955,0.8625512465917339,0.9982292849035187,0.7593424051944464,1.5238354206085205,0.256350040435791
data_CICIoT2023.csv,NeuTraLAD,MinMaxScaler,0,89.45012437731802,99.64522162783678,53.0095461396751,0.17600638865342114,0.6802944326701762,0.999933007302204,0.5155073564965117,29.077183961868286,1.3123068809509277
data_CICIoT2023.csv,LOF,MinMaxScaler,0,84.50238761364903,99.4025222532607,70.05861664712778,0.2185392886775153,0.8181022729585088,0.9956907226707613,0.6942736754852524,0.024146080017089844,0.2401878833770752
data_CICIoT2023.csv,AutoEncoder,MinMaxScaler,0,88.99596527907522,99.60257354576908,79.13917266789483,0.2773541460893013,0.8799213357498168,0.9959409916201117,0.788112177937418,1.596257209777832,1.6108596324920654
data_CICIoT2023.csv,CBLOF,MinMaxScaler,0,85.53362266159563,99.4820064003808,68.65516663875397,0.21172946664118344,0.8079228243021347,0.9956996863300617,0.6797333701733784,0.004778385162353516,0.028157472610473633
data_CICIoT2023.csv,HBOS,MinMaxScaler,0,77.251211439754,98.91368161331252,48.83604086417685,0.12331508683228802,0.6434656770067455,0.9924400604795162,0.4760654831802169,0.006379842758178711,0.035085201263427734
data_CICIoT2023.csv,DASVDD,MinMaxScaler,0,79.6345951023235,99.12767990809753,52.27935019259755,0.13332487494890352,0.6753264510836124,0.9926308032424466,0.5117427643848864,6.594509601593018,30.617658615112305
data_CICIoT2023.csv,AE1SVM,MinMaxScaler,0,87.3220482840208,99.53595674817133,74.8249874392899,0.24124208977062897,0.8514565793114353,0.9952411753834781,0.7439731988671686,13.207766771316528,2.180114507675171
data_CICIoT2023.csv,DevNet,MinMaxScaler,0,79.01882445552388,98.90491680450634,53.55886786132976,0.14597107866527334,0.6864470024197743,0.9942351785129381,0.5241762796159425,1.1682817935943604,0.49466967582702637
data_CICIoT2023.csv,DeepSVDD,MinMaxScaler,0,70.14801196003275,98.50904080815283,25.915257075866688,0.056213496250582924,0.38509869335557406,0.9871721778791334,0.2392070180285971,3.267167091369629,0.017952919006347656
data_CICIoT2023.csv,IForest,MinMaxScaler,0,80.30745235831614,98.92736751386938,41.16898341986267,0.10301150149546538,0.5666419935849988,0.9919661368348307,0.39659459832838295,0.1159968376159668,0.17213964462280273
data_CICIoT2023.csv,OCSVM,MinMaxScaler,0,77.55666744379332,99.07911191141486,53.97755819795679,0.14784924426281532,0.6901357629335618,0.9943462438263582,0.5284589348621952,0.24846196174621582,2.980104923248291
data_CICIoT2023.csv,LODA,MinMaxScaler,0,78.76211775162976,99.11161493365029,41.52738234801541,0.10223521362109744,0.5705218097276552,0.9916189173009493,0.40046280306693377,0.01768803596496582,1.1244819164276123
data_CICIoT2023.csv,MO_GAAL,MinMaxScaler,0,23.216091857442827,94.35717976493427,5.841567576620331,-0.07025415795314367,0.06268547230835918,0.9064609450337512,0.03246528976997997,4.666900396347046,0.0077953338623046875
data_CICIoT2023.csv,SUOD,MinMaxScaler,0,61.775803128189025,97.7339917919123,37.58499413833529,0.05349699320939421,0.5301326340208785,0.9820627802690582,0.3630586447468398,0.08773088455200195,0.9341270923614502
data_CICIoT2023.csv,DIF,MinMaxScaler,0,81.85395227164646,99.2859568517895,52.54731200803885,0.14898781575790082,0.6771495635924432,0.9953105111542841,0.5131242660772259,0.42174291610717773,78.17094945907593
data_CICIoT2023.csv,ALAD,MinMaxScaler,0,37.24403215418356,95.61897897178405,6.484675933679451,-0.05195633791711222,0.07451851360758445,0.9266281945589447,0.038820197554742,4.392282962799072,0.03309178352355957
data_CICIoT2023.csv,COPOD,MinMaxScaler,0,22.109780778987556,93.5442074287908,10.89264779768883,-0.20781396361447257,0.1726636603949619,0.8672289909403311,0.09587621744836637,0.011226415634155273,0.4457268714904785
data_CICIoT2023.csv,ECOD,MinMaxScaler,0,28.44296172803322,94.26325399326345,8.437447663707921,-0.16514032944350898,0.1222707423580786,0.869406392694064,0.06575948055536368,0.010688066482543945,0.5323600769042969
data_CICIoT2023.csv,VAE,MinMaxScaler,0,86.18014743735651,99.47705492517632,63.151900854128286,0.17997783290801397,0.7664579131726993,0.9945457550548179,0.6234717137528494,8.527304649353027,2.320247173309326
data_CICIoT2023.csv,SO_GAAL,MinMaxScaler,0,32.123452432527785,96.39115073662612,19.919611455367612,0.03733763682477243,0.3003219198127012,0.9837039877300614,0.17721212958485874,1.4969282150268555,0.009221792221069336
data_CICIoT2023.csv,KNN,MinMaxScaler,1,81.83770889367398,99.371271607418,72.76503098308491,0.23236709475664227,0.8372530573847601,0.9956205074498976,0.7223526973820543,0.01575613021850586,6.171880006790161
data_CICIoT2023.csv,LUNAR,MinMaxScaler,1,81.56160980059687,99.330675620665,59.0922793501926,0.18534380241906034,0.7331716589106639,0.9977403817565559,0.5795054223941424,1.5297131538391113,0.30068206787109375
data_CICIoT2023.csv,NeuTraLAD,MinMaxScaler,1,86.80500095946137,99.5266438718856,52.96600234466589,0.1736451309359707,0.6799908842297174,0.9995310196971727,0.5152655937003523,28.777568101882935,1.3247966766357422
data_CICIoT2023.csv,LOF,MinMaxScaler,1,83.37424428522505,99.35028611995361,61.661363255736056,0.17794362166509084,0.7545672870743632,0.995079742110621,0.6076880569178698,0.01620173454284668,0.20535612106323242
data_CICIoT2023.csv,AutoEncoder,MinMaxScaler,1,85.9078528404771,99.47645884277746,70.83235638921454,0.22134718577900248,0.8236604430764246,0.995545329939299,0.7023899979277475,1.6101510524749756,1.7525982856750488
data_CICIoT2023.csv,CBLOF,MinMaxScaler,1,84.15344727221265,99.34666476939378,64.09981577625189,0.18981421113833,0.7736813210017315,0.9954357748315583,0.6327277750915244,0.0051822662353515625,0.03178596496582031
data_CICIoT2023.csv,HBOS,MinMaxScaler,1,76.21460409818414,98.91121904060566,54.34265617149556,0.1447661704560597,0.6935132096683531,0.9936215450035436,0.5326379774815224,0.006622791290283203,0.034026145935058594
data_CICIoT2023.csv,DASVDD,MinMaxScaler,1,79.71328779999843,99.12603712213021,52.30614637414168,0.13489116902980325,0.6755087623344955,0.9928987740336304,0.5118809145541203,5.966842412948608,30.55773401260376
data_CICIoT2023.csv,AE1SVM,MinMaxScaler,1,85.04994182283244,99.42942623039063,68.47764193602411,0.20890584522152372,0.8066643383939026,0.9954367996755058,0.678075568142571,14.270003080368042,2.2561354637145996
data_CICIoT2023.csv,DevNet,MinMaxScaler,1,78.33735581342735,98.7999644976109,48.6384190252889,0.12894500724890504,0.6413099415204678,0.993621339518701,0.4734406299647717,1.2426574230194092,0.5199666023254395
data_CICIoT2023.csv,DeepSVDD,MinMaxScaler,1,74.97686252992519,98.95526599970073,40.02679618154413,0.10097546877861953,0.5543913790099798,0.9920726819274962,0.38467914623195415,3.3297228813171387,0.018445253372192383
data_CICIoT2023.csv,IForest,MinMaxScaler,1,84.38330784097275,99.26429800124363,60.415340813934016,0.17270578725356403,0.7445530001729206,0.9949740034662045,0.5948400911791117,0.12711453437805176,0.17799091339111328
data_CICIoT2023.csv,OCSVM,MinMaxScaler,1,77.33357063678719,99.0669700665908,53.61580974711103,0.14764619732418244,0.6868951795242833,0.9945004582951421,0.5246252676659529,0.19301176071166992,2.9538159370422363
data_CICIoT2023.csv,LODA,MinMaxScaler,1,73.43758636781355,98.73825634681003,33.19711941048401,0.08875483105215809,0.47650795317339495,0.9926727909011374,0.31349727153415763,0.017357587814331055,0.9905741214752197
data_CICIoT2023.csv,MO_GAAL,MinMaxScaler,1,22.50296444043777,94.10391497979023,5.081225925305644,-0.101597440905337,0.04880504833512352,0.8675417661097852,0.02510879325827174,4.771279335021973,0.007894754409790039
data_CICIoT2023.csv,SUOD,MinMaxScaler,1,67.22301945211116,98.28265050613413,50.427064143359566,0.09665179469702105,0.6597075324197553,0.9867932315311597,0.4954755819575879,0.08782768249511719,0.8769330978393555
data_CICIoT2023.csv,DIF,MinMaxScaler,1,83.25027712448626,99.3442224791784,52.72818623346173,0.159560300803974,0.6783801645359039,0.9971193139947746,0.5140567797195551,0.4597642421722412,65.39246392250061
data_CICIoT2023.csv,ALAD,MinMaxScaler,1,37.220170200701844,95.61517102684635,6.514821637916597,-0.0532780418822665,0.0752153744201458,0.9257748776508973,0.03920011052013539,3.5881149768829346,0.026204586029052734
data_CICIoT2023.csv,COPOD,MinMaxScaler,1,22.107293002632595,93.54347346287318,10.698375481493887,-0.20682256526138504,0.16899915843281488,0.8664109939277724,0.09363127719831457,0.007987737655639648,0.3579838275909424
data_CICIoT2023.csv,ECOD,MinMaxScaler,1,28.440941607634045,94.2630623686585,8.846089432255903,-0.16337235904899627,0.13004283613579695,0.8737113402061856,0.0702493610554673,0.008710861206054688,0.32755327224731445
data_CICIoT2023.csv,VAE,MinMaxScaler,1,84.29936359690909,99.3907120183939,58.697035672416675,0.16094920123215947,0.730628918452498,0.9940557569993461,0.577571320024867,8.096274852752686,1.9622924327850342
data_CICIoT2023.csv,SO_GAAL,MinMaxScaler,1,25.431199874085554,94.21768228735044,4.270641433595713,-0.11329718820288474,0.03184281842818428,0.8303886925795053,0.016232644884989985,1.1450817584991455,0.007180929183959961
data_CICIoT2023.csv,KNN,MinMaxScaler,3,78.13217176282605,99.17976976109787,55.12979400435438,0.1539018869381603,0.700152207001522,0.9947843785777891,0.5401671617047731,0.013037681579589844,6.477857828140259
data_CICIoT2023.csv,LUNAR,MinMaxScaler,3,68.01291719415319,98.67616391919519,32.29274828336962,0.09706218853530342,0.46487001641340603,0.9954648526077098,0.3032396214685363,1.4660670757293701,0.3351471424102783
data_CICIoT2023.csv,NeuTraLAD,MinMaxScaler,3,88.36594454198352,99.57455737236408,52.89566236811254,0.16934963880959727,0.6795196098539231,0.9987941314396731,0.5149202182772674,32.011199712753296,1.6444990634918213
data_CICIoT2023.csv,LOF,MinMaxScaler,3,80.35317914435367,99.17425921946689,57.28688661865684,0.1620483111287679,0.7186231244483672,0.9949896126115116,0.5624093389514402,0.11353397369384766,0.3850224018096924
data_CICIoT2023.csv,AutoEncoder,MinMaxScaler,3,86.03103993574867,99.47712154408438,69.47579969854296,0.21801162433799004,0.8138494535798182,0.9960001999900004,0.6880223803274159,1.8949143886566162,2.252880334854126
data_CICIoT2023.csv,CBLOF,MinMaxScaler,3,85.55738495069333,99.47501821778489,61.91257745771228,0.18308887054120074,0.7564522692711345,0.9957146884691288,0.6098984596256131,0.17321562767028809,0.04610466957092285
data_CICIoT2023.csv,HBOS,MinMaxScaler,3,74.43119619416983,98.7496043120985,49.47579969854296,0.13101907598017024,0.6492419309831644,0.993594306049822,0.48214409062651103,0.007592916488647461,0.03715014457702637
data_CICIoT2023.csv,DASVDD,MinMaxScaler,3,79.16487494381421,99.10174530343735,52.299447328755654,0.13449959550957832,0.6754631845217748,0.9928317813358344,0.5118463770118118,7.609255313873291,34.32273554801941
data_CICIoT2023.csv,AE1SVM,MinMaxScaler,3,84.1527496215245,99.3836643655383,62.91073522023112,0.1852197465725245,0.7643992425370753,0.9954558049321142,0.6203978724873938,14.997507810592651,2.191753387451172
data_CICIoT2023.csv,DevNet,MinMaxScaler,3,78.01117153413463,98.7744229903318,45.58365432925808,0.11966347170017264,0.6116555911459578,0.9933229813664596,0.44187331629481247,1.031679391860962,0.4747021198272705
data_CICIoT2023.csv,DeepSVDD,MinMaxScaler,3,73.7977006199968,98.88657861610226,38.502763356221735,0.09896104067210544,0.5376712328767124,0.9923777653839003,0.3687228016854321,3.1601357460021973,0.016070127487182617
data_CICIoT2023.csv,IForest,MinMaxScaler,3,85.05299116965891,99.2540408672597,61.75514989114051,0.18426074436985734,0.7551466803911477,0.9959837085643173,0.6081025074255716,0.11527156829833984,0.17188763618469238
data_CICIoT2023.csv,OCSVM,MinMaxScaler,3,76.74931118494281,99.03585475965416,51.58599899514319,0.14414974422658486,0.6685014448878491,0.9949481157837248,0.5033501416039234,0.2322218418121338,3.0093913078308105
data_CICIoT2023.csv,LODA,MinMaxScaler,3,83.85850969393299,99.36978761617783,58.84106514821637,0.16925272959885254,0.73157411857224,0.995304327151688,0.5783311459556538,0.017529010772705078,1.0656466484069824
data_CICIoT2023.csv,MO_GAAL,MinMaxScaler,3,22.99491933969739,94.14674338370229,5.0175849941383355,-0.1014112343105481,0.047431892236890726,0.8662576687116564,0.024383504869793467,4.755979537963867,0.006571531295776367
data_CICIoT2023.csv,SUOD,MinMaxScaler,3,65.41512860883776,98.03086470752388,40.81728353709597,0.07033185782773677,0.5647064620236013,0.9848758271032053,0.3958347723975962,0.08417677879333496,0.8659412860870361
data_CICIoT2023.csv,DIF,MinMaxScaler,3,80.84472771958613,99.23605968811687,52.533913917266794,0.14820466871745094,0.6770584079670017,0.9951765257586923,0.513055190992609,0.4165511131286621,67.77073788642883
data_CICIoT2023.csv,ALAD,MinMaxScaler,3,37.209406447227664,95.61202108927344,6.702394908725506,-0.05398957890445555,0.07902393863245602,0.9263565891472868,0.04127236305864475,4.859495401382446,0.03155064582824707
data_CICIoT2023.csv,COPOD,MinMaxScaler,3,22.102869437280322,93.54444893063865,10.611287891475465,-0.20700203165255157,0.1674102268118429,0.8657631494030332,0.09266422601367687,0.010836362838745117,0.446580171585083
data_CICIoT2023.csv,ECOD,MinMaxScaler,3,28.43836949987722,94.26333863506305,8.892982749958131,-0.16385760413854028,0.13099041533546327,0.8738277919863597,0.07080196173240312,0.010105609893798828,0.46349215507507324
data_CICIoT2023.csv,VAE,MinMaxScaler,3,83.4818952363261,99.3467246916413,57.685479819125774,0.1599164749672415,0.7221012340790602,0.9944259315358982,0.5668646819092353,9.026648759841919,2.4390389919281006
data_CICIoT2023.csv,SO_GAAL,MinMaxScaler,3,26.925713311412792,94.37572919615157,4.45151565901859,-0.10946648404836098,0.035632183908045977,0.84185303514377,0.018201284796573874,16.388892889022827,0.01621723175048828
data_CICIoT2023.csv,KNN,MinMaxScaler,5,70.46704531977204,98.82826894599808,46.50142354714453,0.12487456753180286,0.620581527936146,0.9939126464769441,0.4511293776334876,0.09284758567810059,7.318028450012207
data_CICIoT2023.csv,LUNAR,MinMaxScaler,5,66.42600912297105,98.5091129015625,28.487690504103163,0.08465341017583689,0.417367099661609,0.994408322496749,0.2641085860330179,2.144500255584717,0.5662376880645752
data_CICIoT2023.csv,NeuTraLAD,MinMaxScaler,5,85.81892537721245,99.4436430039221,52.71478814268966,0.1587771537635241,0.6782890089104624,0.9969853285991827,0.5139877046349381,33.11329770088196,1.3799548149108887
data_CICIoT2023.csv,LOF,MinMaxScaler,5,75.33325853393538,98.92471635795224,50.3299279852621,0.143149749166282,0.6568076095257932,0.995440196422308,0.4900877253574636,0.04735875129699707,0.3146495819091797
data_CICIoT2023.csv,AutoEncoder,MinMaxScaler,5,85.3977168576249,99.43853606021858,65.07452687991962,0.19544421426670316,0.7811430850282308,0.9956658997271122,0.6426745872763694,2.0204477310180664,1.7815320491790771
data_CICIoT2023.csv,CBLOF,MinMaxScaler,5,84.50554429135057,99.36694347216995,52.932507117735724,0.14924786031914253,0.680650879505477,0.9951488569909622,0.5171996960696277,0.005677938461303711,0.03123188018798828
data_CICIoT2023.csv,HBOS,MinMaxScaler,5,73.2392504103681,98.6574108481808,42.48869536091107,0.11018939029346002,0.5802776962941234,0.9928894094027104,0.4099260896594598,0.0063288211822509766,0.033275604248046875
data_CICIoT2023.csv,DASVDD,MinMaxScaler,5,78.92367755137182,99.09384824153788,52.27935019259755,0.13332487494890352,0.6753264510836124,0.9926308032424466,0.5117427643848864,6.438131093978882,30.62929344177246
data_CICIoT2023.csv,AE1SVM,MinMaxScaler,5,83.19795332287573,99.30847990132115,57.26343995980573,0.16379546253231497,0.7183630223164029,0.9952902318184599,0.5619948884437383,13.864477634429932,2.323845863342285
data_CICIoT2023.csv,DevNet,MinMaxScaler,5,77.74879162684243,98.75870629330223,40.850778764026124,0.10506801618640446,0.5631015116653059,0.9925861317051897,0.39303723147060854,1.2019953727722168,0.46700048446655273
data_CICIoT2023.csv,DeepSVDD,MinMaxScaler,5,73.147789171802,98.84936586933964,38.087422542287726,0.09884973705275715,0.533020059623061,0.9925668046669176,0.3643365338122539,3.4399404525756836,0.016527891159057617
data_CICIoT2023.csv,IForest,MinMaxScaler,5,80.96230869325656,99.01564960098118,51.52235806397588,0.1413500464834881,0.6680276165791225,0.9944683466502766,0.5029356910962216,0.11588621139526367,0.17229962348937988
data_CICIoT2023.csv,OCSVM,MinMaxScaler,5,76.24785366999146,99.00408237451911,50.259588008708754,0.13958778678171957,0.6562977364254965,0.9948077462812237,0.4896732748497617,0.21277832984924316,2.980433940887451
data_CICIoT2023.csv,LODA,MinMaxScaler,5,76.66626200371257,98.6337834837668,33.45503265784625,0.08670933750383941,0.4797716619969101,0.9919870059556036,0.31639842508807076,0.017220258712768555,0.9475407600402832
data_CICIoT2023.csv,MO_GAAL,MinMaxScaler,5,23.60184093916969,94.21170286522292,5.151565901858985,-0.0986529375091223,0.050115729093287716,0.8716452742123687,0.02579954410444153,4.472866058349609,0.0063686370849609375
data_CICIoT2023.csv,SUOD,MinMaxScaler,5,64.3482942095683,97.96440666404497,34.67425891810417,0.05430567884032011,0.49650187169226795,0.9831305592475207,0.33211300683843337,0.08562922477722168,0.8378279209136963
data_CICIoT2023.csv,DIF,MinMaxScaler,5,81.45080983828534,99.24215730930763,52.56740914419695,0.15016253631857562,0.6772862970306055,0.995511489247672,0.5132278787041514,0.5903060436248779,78.43261075019836
data_CICIoT2023.csv,ALAD,MinMaxScaler,5,37.39784113144529,95.6375185358705,6.739239658348685,-0.054314147379322185,0.0797831906666226,0.9263238679969301,0.04168681356634662,4.525456666946411,0.033086299896240234
data_CICIoT2023.csv,COPOD,MinMaxScaler,5,22.104272405147682,93.5442358195241,10.306481326410987,-0.2071403958512382,0.16177299192387154,0.8636363636363636,0.08924500932513642,0.009631633758544922,0.4643216133117676
data_CICIoT2023.csv,ECOD,MinMaxScaler,5,28.440941607634045,94.26409969196392,8.76905041031653,-0.16462601951188607,0.128666943920151,0.8724511930585683,0.06945499758237204,0.01144099235534668,0.4547407627105713
data_CICIoT2023.csv,VAE,MinMaxScaler,5,83.36562139938455,99.32821787533908,57.08591525707587,0.15833398486191466,0.717024472126513,0.9944859698566352,0.5606133867513988,8.928419589996338,2.069301128387451
data_CICIoT2023.csv,SO_GAAL,MinMaxScaler,5,27.577905540703433,94.43391556398728,4.407971864009379,-0.11448287741634579,0.03496432556724039,0.8352180936995154,0.017855909373488982,1.834812879562378,0.00865483283996582
data_CICIoT2023.csv,KNN,Normalizer,0,28.54776649432139,95.68859861622052,14.349355216881593,0.010585834989776426,0.21361134175969493,0.9747403873140612,0.11994888443738344,0.03165721893310547,3.738731861114502
data_CICIoT2023.csv,LUNAR,Normalizer,0,34.51589597092928,96.19144082165187,14.439792329593033,0.028215381715323132,0.21364363994581947,0.9830028328611898,0.11984527181045797,1.6151134967803955,0.29735326766967773
data_CICIoT2023.csv,NeuTraLAD,Normalizer,0,40.81735297989225,96.33647969918435,48.90973036342321,-0.06106106311049969,0.6522898762167461,0.9593643130154899,0.4941286178075568,27.604235649108887,1.2165486812591553
data_CICIoT2023.csv,LOF,Normalizer,0,70.50804188081412,98.61464323846307,28.7623513649305,0.06719941456421262,0.4222536129522982,0.9890557393738865,0.26842577882157903,0.019707441329956055,0.21918320655822754
data_CICIoT2023.csv,AutoEncoder,Normalizer,0,53.23705511064778,97.40559981457679,14.999162619326745,0.006573051230213879,0.22482206677459754,0.9727729315358181,0.12709815569524072,1.4946136474609375,1.608670949935913
data_CICIoT2023.csv,CBLOF,Normalizer,0,43.40975202197953,96.18106319518563,11.113716295427901,-0.005472433591860073,0.15870399137685065,0.9667825415218231,0.08644746839814879,0.016592741012573242,0.04722094535827637
data_CICIoT2023.csv,HBOS,Normalizer,0,36.18298403905556,97.03097558485139,14.248869536091108,0.010648003771081495,0.21191319070340156,0.9747946757292552,0.11887822062582026,0.00641179084777832,0.03385305404663086
data_CICIoT2023.csv,DASVDD,Normalizer,0,48.749054817481166,96.52796403204384,49.85764528554681,-0.003629723287879773,0.6586556001459322,0.9691987652664072,0.49882572356151134,6.414899826049805,30.97141170501709
data_CICIoT2023.csv,AE1SVM,Normalizer,0,64.20877365505405,97.7550183770213,14.399598057276839,0.012547945837254007,0.2142901063764373,0.9756438969764838,0.1203633349450853,14.169101238250732,2.229884386062622
data_CICIoT2023.csv,DevNet,Normalizer,0,77.149109111571,99.13160045157123,55.49489197789315,0.1563585221481915,0.703276089238259,0.9950078988941549,0.543828141189473,1.1816744804382324,0.49512219429016113
data_CICIoT2023.csv,DeepSVDD,Normalizer,0,48.85610586565532,96.7592492978026,14.191927650309829,0.010358581924142098,0.21097696193174817,0.9746727376209448,0.11829108240657595,3.279953956604004,0.016367197036743164
data_CICIoT2023.csv,IForest,Normalizer,0,59.08955090231917,97.50243105978744,15.374309160944566,0.0122988810044495,0.23054667275772803,0.9752641071888688,0.1307245976376321,0.13238048553466797,0.14205074310302734
data_CICIoT2023.csv,OCSVM,Normalizer,0,63.00717000911622,97.34953340201005,9.921286216714119,-0.015929063858041277,0.13785144102843586,0.9602501116569897,0.07425571596325206,0.2015213966369629,2.946281909942627
data_CICIoT2023.csv,LODA,Normalizer,0,25.236771910467347,95.41780511973784,8.725506615307319,0.0036509949215349454,0.11405162884452826,0.9722838137472284,0.060578849209090284,0.016448020935058594,0.8023107051849365
data_CICIoT2023.csv,MO_GAAL,Normalizer,0,50.56790874299675,96.26124383123455,6.226762686317199,-0.054162865819283236,0.06946752642425048,0.9231448763250883,0.036091731712371344,4.555362701416016,0.008861303329467773
data_CICIoT2023.csv,SUOD,Normalizer,0,34.21729955978242,96.13984977235476,15.00251214201976,0.012704474139427402,0.22435505563027264,0.9755449229133439,0.12675278027215583,0.08132219314575195,0.8161585330963135
data_CICIoT2023.csv,DIF,Normalizer,0,31.323082263672557,95.67557713685463,47.99196114553676,-0.11728217799505303,0.6461566509423213,0.9497554766530448,0.4896387373074532,0.40623974800109863,52.86554193496704
data_CICIoT2023.csv,ALAD,Normalizer,0,48.87436361415869,96.86607066185556,10.875900184223749,-0.021446338778196117,0.1557304226424673,0.9578454332552693,0.0847551288250328,4.147958040237427,0.0297238826751709
data_CICIoT2023.csv,COPOD,Normalizer,0,31.64919179467726,95.92410760494397,15.839892815273823,-0.0037744905450701528,0.2395738756733854,0.9681996086105675,0.13669959245700075,0.009644508361816406,0.3930058479309082
data_CICIoT2023.csv,ECOD,Normalizer,0,34.856859328398514,96.27419638884459,14.45988946575113,0.02312943602856268,0.21440876092038882,0.9805852560495216,0.1203633349450853,0.007586956024169922,0.3559224605560303
data_CICIoT2023.csv,VAE,Normalizer,0,67.42252454944607,98.0133723457599,14.670909395411154,0.009378884274939128,0.21910921742329031,0.9741073862087762,0.12343717621054086,7.605353116989136,2.0254106521606445
data_CICIoT2023.csv,SO_GAAL,Normalizer,0,61.51950083169928,97.02040260456812,5.74443141852286,-0.06931422412752414,0.06062224596074242,0.906187624750499,0.03136008841610831,1.2871208190917969,0.008816242218017578
data_CICIoT2023.csv,KNN,Normalizer,1,27.076543856890535,95.65047388222683,14.33595712610953,0.010518037567802589,0.21339156645034293,0.9747119977521775,0.11981073426814948,0.014709949493408203,3.5147407054901123
data_CICIoT2023.csv,LUNAR,Normalizer,1,31.224345525072994,95.9979097249841,13.39809077206498,0.02946134539099803,0.19587596802786678,0.9843701156611441,0.10875872072943289,1.3612356185913086,0.3257718086242676
data_CICIoT2023.csv,NeuTraLAD,Normalizer,1,41.69952460855471,96.43869623724764,48.22307821135488,-0.05650116661768379,0.6456537685677609,0.959986366734833,0.4863922083304552,26.509238958358765,1.3028950691223145
data_CICIoT2023.csv,LOF,Normalizer,1,65.58192653860918,98.32221083179749,28.48099145871713,0.066726651573345,0.4186135163099711,0.9890633041688112,0.2654900877253575,0.014398336410522461,0.21512508392333984
data_CICIoT2023.csv,AutoEncoder,Normalizer,1,43.52333683717531,96.92437303197428,14.670909395411154,0.011067700687632409,0.21896557010148082,0.9748839748839749,0.12333356358361539,1.6163737773895264,1.6451947689056396
data_CICIoT2023.csv,CBLOF,Normalizer,1,43.39464711793218,96.17563328099236,11.023279182716463,-0.003445648072400557,0.15691253015107273,0.9678935003915426,0.08537680458658561,0.013182401657104492,0.0356600284576416
data_CICIoT2023.csv,HBOS,Normalizer,1,48.277774528037384,97.41571407941132,15.344163456707419,0.01766749080894216,0.2295921477778455,0.9776739356178609,0.1300683843337708,0.006629228591918945,0.032517194747924805
data_CICIoT2023.csv,DASVDD,Normalizer,1,48.74872707498756,96.56266381823708,49.89114051247697,-0.0035115461312347548,0.6589613823918297,0.9692194206008584,0.4991710989845963,6.435071706771851,30.223892211914062
data_CICIoT2023.csv,AE1SVM,Normalizer,1,67.78541598802248,97.97817980228476,13.967509629877743,0.01094200928012825,0.2071307300509338,0.9750072653298459,0.11587345444498169,13.394023418426514,2.1899168491363525
data_CICIoT2023.csv,DevNet,Normalizer,1,77.22605959914833,99.13982083811084,55.07955116395914,0.1555529942254341,0.6996483841347338,0.9950946040644709,0.5394764108586033,1.1038415431976318,0.5523135662078857
data_CICIoT2023.csv,DeepSVDD,Normalizer,1,61.51732163161023,98.19838169136979,34.77139507620164,0.08752342912582417,0.49546608632571637,0.9914973040232269,0.33024797955377494,3.2139017581939697,0.01506352424621582
data_CICIoT2023.csv,IForest,Normalizer,1,69.72822174129472,98.16975621094085,15.20013398090772,0.01034584708501813,0.22783420258029097,0.9744325593529872,0.12899772052220765,0.10819435119628906,0.1197500228881836
data_CICIoT2023.csv,OCSVM,Normalizer,1,63.035250449313885,97.3539683063371,9.753810082063307,-0.013728833181076027,0.1345838820544117,0.9614502065167508,0.07235615113628514,0.200394868850708,2.8725802898406982
data_CICIoT2023.csv,LODA,Normalizer,1,62.291177241070585,97.74011354958098,3.7481158934851786,-0.006202721300296576,0.015620718004932858,0.957983193277311,0.007874559646335566,0.01595473289489746,0.5792446136474609
data_CICIoT2023.csv,MO_GAAL,Normalizer,1,51.00873772987685,96.1123645197166,5.4195277173002845,-0.07217262529581231,0.054068540417406455,0.8996655518394648,0.027871796642950888,4.559868335723877,0.006913661956787109
data_CICIoT2023.csv,SUOD,Normalizer,1,49.189494729939035,97.42023413544413,20.09713615809747,0.03801083569591864,0.30295415363936534,0.9838679066236478,0.17904261932720866,0.09100508689880371,0.8674571514129639
data_CICIoT2023.csv,DIF,Normalizer,1,33.111065146237934,95.71765029629339,48.440797186400935,-0.09104675213998258,0.6492103643946127,0.9542439874053729,0.49195275264212196,0.4111063480377197,52.61827564239502
data_CICIoT2023.csv,ALAD,Normalizer,1,48.86756151994932,96.86374402092979,10.859152570758667,-0.021570902352956202,0.15543778363111294,0.9577630035197497,0.08458244111349036,4.2088258266448975,0.02698826789855957
data_CICIoT2023.csv,COPOD,Normalizer,1,31.64740933550152,95.92405735068189,15.947077541450344,-0.0037465650739502347,0.24132301366549763,0.9682193110140709,0.1378393313531809,0.008170604705810547,0.36682939529418945
data_CICIoT2023.csv,ECOD,Normalizer,1,34.86159338663947,96.27489707350814,14.476637079216212,0.023206554109408896,0.21468335742626027,0.9806125316100028,0.12053602265662776,0.008188486099243164,0.3846261501312256
data_CICIoT2023.csv,VAE,Normalizer,1,70.46684599100399,98.13226770621323,14.309160944565399,0.006393283613360275,0.21329069159568254,0.9727910238429173,0.11977619672584099,8.373773574829102,1.975893497467041
data_CICIoT2023.csv,SO_GAAL,Normalizer,1,46.939939252257986,95.37141539870593,3.7246692346340646,-0.1295121583713411,0.020247469066366704,0.7754569190600522,0.01025765006562133,1.111868143081665,0.007241487503051758
data_CICIoT2023.csv,KNN,Normalizer,3,26.58071354639074,95.61386404182235,14.319209512644449,0.010433204098255678,0.21311677125630615,0.9746764209341587,0.11963804655660704,0.03371429443359375,3.639087677001953
data_CICIoT2023.csv,LUNAR,Normalizer,3,28.15451575107425,95.76222716252563,14.054597219896165,0.02415249780525145,0.20749297340704823,0.981302950628104,0.11601160461421565,1.5915312767028809,0.3311734199523926
data_CICIoT2023.csv,NeuTraLAD,Normalizer,3,64.25220624363634,97.83229103740828,48.4340981410149,0.05323555366926997,0.6427659821324979,0.9794215402022488,0.47834496097257717,27.909607648849487,1.2236087322235107
data_CICIoT2023.csv,LOF,Normalizer,3,51.21505067128946,97.6456139088655,28.39390386869871,0.06687406587875559,0.41746144204043817,0.9891528925619835,0.26455757408302827,0.024613142013549805,0.22267746925354004
data_CICIoT2023.csv,AutoEncoder,Normalizer,3,41.872927220390224,96.86687780607099,14.724501758499414,0.011334597392596074,0.21983881347102627,0.9749932046751835,0.12388616426055121,1.676553726196289,1.630094289779663
data_CICIoT2023.csv,CBLOF,Normalizer,3,42.651836964094066,96.09168634211709,10.534248869536091,-0.012744132531463361,0.14882090503505419,0.9624896949711459,0.08064516129032258,0.0062100887298583984,0.03460955619812012
data_CICIoT2023.csv,HBOS,Normalizer,3,47.61757848206082,97.32366876080148,14.1651314687657,0.01367097034202523,0.21024408284023668,0.9762449914138523,0.1178075568142571,0.00627899169921875,0.03164863586425781
data_CICIoT2023.csv,DASVDD,Normalizer,3,48.797223380927164,96.58300871653528,49.844247194774745,-0.0036769946734613976,0.6585332481984858,0.9691904953685059,0.49868757339227743,6.58333683013916,30.18322515487671
data_CICIoT2023.csv,AE1SVM,Normalizer,3,69.50016088131528,98.12651663801644,14.684307486183219,0.011697730802250101,0.21913608633005305,0.9751705320600272,0.12343717621054086,12.852360010147095,2.216082811355591
data_CICIoT2023.csv,DevNet,Normalizer,3,77.18602709935934,99.1381408586815,53.759839222910735,0.15367821702480433,0.6879591329309916,0.9954863609602931,0.5255923188505905,1.1877236366271973,0.5897984504699707
data_CICIoT2023.csv,DeepSVDD,Normalizer,3,60.77957902837498,98.16228525786417,34.91877407469436,0.0887703580551816,0.4971271804958849,0.9917389508467576,0.33169855633073153,3.157554864883423,0.018473148345947266
data_CICIoT2023.csv,IForest,Normalizer,3,68.45667669724804,98.13112380537913,15.233629207837884,0.009959251711837864,0.2284215982194579,0.9742522756827048,0.12937763348760103,0.11207270622253418,0.12324333190917969
data_CICIoT2023.csv,OCSVM,Normalizer,3,62.91841695852358,97.34307703904786,9.753810082063307,-0.014429999341875572,0.1346394732616027,0.9610270518110958,0.07239068867859363,0.21608543395996094,2.990212917327881
data_CICIoT2023.csv,LODA,Normalizer,3,63.7320424904535,97.89765901701544,4.9606431083570595,0.022089483356558564,0.039406865732277065,0.9965753424657534,0.02010084962354079,0.016052722930908203,0.9021549224853516
data_CICIoT2023.csv,MO_GAAL,Normalizer,3,51.036015105134034,96.10980701866426,5.4597219896164795,-0.07328234156735629,0.05497706498811397,0.8992332968236583,0.028355322235269736,4.528373718261719,0.008692502975463867
data_CICIoT2023.csv,SUOD,Normalizer,3,47.87706045572536,97.27459697166485,18.3922291073522,0.03187644133044571,0.27728998576174657,0.9823455233291298,0.16142847274987912,0.08786654472351074,0.8880887031555176
data_CICIoT2023.csv,DIF,Normalizer,3,31.84166671969323,95.60948220765019,48.259922960978066,-0.10161923718605574,0.6479797634511519,0.9524351845648824,0.4910202389997928,0.40923190116882324,51.55396914482117
data_CICIoT2023.csv,ALAD,Normalizer,3,48.952092250580485,96.87474826508289,11.033327750795511,-0.020931425735329676,0.15853001742436243,0.9582535427039448,0.0864129308558403,3.9937241077423096,0.02635955810546875
data_CICIoT2023.csv,COPOD,Normalizer,3,31.64711034234946,95.92400965136825,15.809747111036677,-0.003932826456927169,0.2390942390942391,0.9681294434910517,0.13638875457622435,0.009715080261230469,0.39008593559265137
data_CICIoT2023.csv,ECOD,Normalizer,3,34.86099156708981,96.27458819052475,13.800033495226929,0.024145624892781374,0.20317676564386786,0.9814537840263237,0.11331767631415349,0.007867813110351562,0.4050765037536621
data_CICIoT2023.csv,VAE,Normalizer,3,71.088736414307,98.19557334292256,14.831686484675934,0.011305397756532233,0.22163039152661707,0.9749528683005656,0.12502590315673137,7.995466709136963,1.886028528213501
data_CICIoT2023.csv,SO_GAAL,Normalizer,3,47.166139071528136,95.38241520320977,3.741416848099146,-0.12842503126721821,0.02058482721014246,0.7783505154639175,0.010430337777163777,1.0742988586425781,0.008607149124145508
data_CICIoT2023.csv,KNN,Normalizer,5,26.459736317172545,95.58257494659405,14.309160944565399,0.009811569766722837,0.2130002768634448,0.9743878412609063,0.11956897147199005,0.024005889892578125,3.6207966804504395
data_CICIoT2023.csv,LUNAR,Normalizer,5,26.59058032040873,95.66253211257187,14.161781946072685,0.02406487088366214,0.20931165345098887,0.9811975701475267,0.1171513435103958,1.4151861667633057,0.3115708827972412
data_CICIoT2023.csv,NeuTraLAD,Normalizer,5,36.817974578988895,96.13706341995368,45.41617819460727,-0.10374354557579048,0.6209174653391644,0.9509762006555508,0.4609380396490986,31.30892324447632,1.2007286548614502
data_CICIoT2023.csv,LOF,Normalizer,5,52.93956842408453,97.88829732028248,31.971194104840063,0.07728031347606565,0.46227164416203337,0.9902450090744102,0.3015127443531118,0.053969621658325195,0.21961593627929688
data_CICIoT2023.csv,AutoEncoder,Normalizer,5,40.09323564792621,96.76480807698476,14.62066655501591,0.011381049909041938,0.21809815950920244,0.9750411409764125,0.12278096290667956,1.5756893157958984,1.6706421375274658
data_CICIoT2023.csv,CBLOF,Normalizer,5,42.59548825466734,96.08752284732218,10.530899346843075,-0.013436539233803255,0.1488161626461872,0.9620931190770499,0.08064516129032258,0.004826784133911133,0.02890157699584961
data_CICIoT2023.csv,HBOS,Normalizer,5,47.951519333702194,97.37973345097912,17.02897337129459,0.02677786062205505,0.2561931357535357,0.9809151529087147,0.1473371554880155,0.006357908248901367,0.03163027763366699
data_CICIoT2023.csv,DASVDD,Normalizer,5,48.72207260213051,96.4903529718012,49.87774242170491,-0.003558816776147263,0.6588390862249783,0.9692111617923262,0.4990329488153623,6.597316741943359,30.391591787338257
data_CICIoT2023.csv,AE1SVM,Normalizer,5,63.60928471868233,97.78560210197605,13.800033495226929,0.008916723219659422,0.20445763392995148,0.974079528718704,0.11421565241417421,13.547728300094604,2.1315903663635254
data_CICIoT2023.csv,DevNet,Normalizer,5,77.19279277773607,99.13840076336167,51.67643610785463,0.1488843512642704,0.6691434468524252,0.9957682069483311,0.5038682047385508,1.2247498035430908,0.5248293876647949
data_CICIoT2023.csv,DeepSVDD,Normalizer,5,60.73103480686615,98.16119490637341,34.73120080388545,0.08979080304512274,0.4948410846684295,0.9920997920997922,0.32962630379222213,3.167811155319214,0.015685081481933594
data_CICIoT2023.csv,IForest,Normalizer,5,69.9060479184825,98.2104568669435,14.835036007368949,0.00908393835878619,0.22187538254376302,0.9739387426114992,0.1251985908682738,0.11012578010559082,0.12571454048156738
data_CICIoT2023.csv,OCSVM,Normalizer,5,62.89839975031772,97.34163536136568,9.737062468598225,-0.013154632534226034,0.13422861916083018,0.9617863720073665,0.07214892588243421,0.22083830833435059,3.0627148151397705
data_CICIoT2023.csv,LODA,Normalizer,5,66.54280236468317,98.02125926162206,5.463071512309496,0.023040447536564472,0.049440926848982894,0.994579945799458,0.025350556054431168,0.01586294174194336,0.7285811901092529
data_CICIoT2023.csv,MO_GAAL,Normalizer,5,51.05748128015375,96.10310502473575,5.4697705576955284,-0.0740517830503217,0.05523567220139261,0.8986928104575164,0.028493472404503697,4.480501651763916,0.008506536483764648
data_CICIoT2023.csv,SUOD,Normalizer,5,46.668813795268036,97.20852582683328,17.615139842572432,0.028710846408868913,0.26535244922341694,0.9814405656208572,0.15341576293430959,0.09395718574523926,0.9059488773345947
data_CICIoT2023.csv,DIF,Normalizer,5,32.39365024409724,95.66417853226987,48.34031150561045,-0.09692035494335656,0.6485266972038012,0.9532390969384337,0.49143468950749464,0.4341115951538086,51.10397911071777
data_CICIoT2023.csv,ALAD,Normalizer,5,48.90149149283984,96.86773730437675,11.12376486350695,-0.020272258837718646,0.16010382375284882,0.9586808188021229,0.08734544449816951,3.950446367263794,0.025066614151000977
data_CICIoT2023.csv,COPOD,Normalizer,5,31.649540620021334,95.92417536746756,15.749455702562384,-0.002642113835159312,0.23799569814293073,0.9686806411837238,0.13566346618774608,0.009348869323730469,0.3836333751678467
data_CICIoT2023.csv,ECOD,Normalizer,5,34.86382816878884,96.27475670209503,13.803383017919945,0.02416120500320804,0.20323239829091586,0.9814593301435407,0.11335221385646198,0.008812665939331055,0.33889007568359375
data_CICIoT2023.csv,VAE,Normalizer,5,71.02252284748505,98.1928102010177,14.724501758499414,0.011897065368452754,0.21979099629186968,0.9752515637748165,0.12385162671824274,7.5795578956604,1.9140315055847168
data_CICIoT2023.csv,SO_GAAL,Normalizer,5,47.05156336236045,95.36293319537342,3.774912075029308,-0.1288786614220709,0.021392560294318026,0.7810945273631841,0.01084478828486565,1.360994577407837,0.008031606674194336
data_CICIoT2023.csv,KNN,RobustScaler,0,79.53578169881315,99.1917070079831,71.11706581812092,0.22028659009625073,0.8257310887007134,0.9952258001656356,0.7055674518201285,0.012476205825805664,6.156384706497192
data_CICIoT2023.csv,LUNAR,RobustScaler,0,89.76185157105951,99.65760063543951,76.56004019427232,0.2787244361053956,0.8627520200831568,0.998230008169193,0.7596532430752228,1.4325883388519287,0.3277723789215088
data_CICIoT2023.csv,NeuTraLAD,RobustScaler,0,88.91538470797225,99.62622499802625,53.0095461396751,0.17600638865342114,0.6802944326701762,0.999933007302204,0.5155073564965117,27.555011987686157,1.1880249977111816
data_CICIoT2023.csv,LOF,RobustScaler,0,89.05376295531579,99.6302224818626,78.26494724501758,0.2690300408612452,0.8742709887427099,0.9957628988833473,0.7792014920218278,0.020714998245239258,0.21901369094848633
data_CICIoT2023.csv,AutoEncoder,RobustScaler,0,89.00046934258381,99.60278327904493,79.0520850778764,0.2770375816523207,0.8793549133840041,0.9959797238245062,0.7871796642950888,1.564333200454712,1.6200692653656006
data_CICIoT2023.csv,CBLOF,RobustScaler,0,83.44440801157518,99.22715786096593,66.98375481493886,0.1948996682176446,0.7957733347145965,0.994459116565688,0.663258962492229,0.004846811294555664,0.03155398368835449
data_CICIoT2023.csv,HBOS,RobustScaler,0,73.56228376182757,98.86291829552813,42.059956456204986,0.11225858117132526,0.5756341690790442,0.9935636856368564,0.4051944463631968,0.006769657135009766,0.035919189453125
data_CICIoT2023.csv,DASVDD,RobustScaler,0,75.65006477801636,99.01711329336209,52.95595377658684,0.17287380049162168,0.67992981016841,0.9993970657198366,0.5152310561580438,6.388537406921387,31.0751211643219
data_CICIoT2023.csv,AE1SVM,RobustScaler,0,86.72900878326884,99.50490662162883,70.4538603249037,0.21653428713697048,0.8210133311689629,0.9951793005066654,0.6987290184430476,14.198356866836548,2.2337565422058105
data_CICIoT2023.csv,DevNet,RobustScaler,0,84.16567149223727,99.44744512968951,67.22492044883604,0.20513387291566673,0.7973658597196048,0.995707266614947,0.6649167645230365,1.090564489364624,0.45851993560791016
data_CICIoT2023.csv,DeepSVDD,RobustScaler,0,70.14801196003275,98.50904080815283,25.915257075866688,0.056213496250582924,0.38509869335557406,0.9871721778791334,0.2392070180285971,3.351743698120117,0.015987157821655273
data_CICIoT2023.csv,IForest,RobustScaler,0,79.52229634100613,98.85115723477334,39.35689164294088,0.09581774208754763,0.5473410505787935,0.991216155030336,0.37804793810872417,0.12293863296508789,0.16952204704284668
data_CICIoT2023.csv,OCSVM,RobustScaler,0,77.03108156479523,98.84366326241017,73.98425724334282,0.1963442244401715,0.8463410291411954,0.9905988051683416,0.7387580299785867,0.32743287086486816,4.565701723098755
data_CICIoT2023.csv,LODA,RobustScaler,0,81.61114299945483,99.34685075196047,68.4140010048568,0.20933058491879813,0.8061824310436964,0.9955329949238578,0.6773502797540927,0.018786191940307617,0.7999744415283203
data_CICIoT2023.csv,MO_GAAL,RobustScaler,0,21.36113450881597,95.30571953163948,3.0179199464076367,0.0,0.0,0.0,0.0,4.310893535614014,0.006999492645263672
data_CICIoT2023.csv,SUOD,RobustScaler,0,59.3228288094775,97.63744776020484,33.28085747780941,0.03926714033652279,0.48088400093820854,0.9797175321227567,0.31864336533812254,0.08590269088745117,0.916196346282959
data_CICIoT2023.csv,DIF,RobustScaler,0,77.71632403712513,99.2130311325784,53.01624518506113,0.17639796217364606,0.6803400104828969,1.0,0.5155418940388202,0.3901808261871338,74.78035736083984
data_CICIoT2023.csv,ALAD,RobustScaler,0,30.6697113113786,94.4762621426648,4.3543795009211195,-0.10757785722389543,0.03337733996817982,0.8398637137989778,0.01702700835808524,4.3604207038879395,0.027769804000854492
data_CICIoT2023.csv,COPOD,RobustScaler,0,22.109738613286627,93.54420104910287,10.89264779768883,-0.20781396361447257,0.1726636603949619,0.8672289909403311,0.09587621744836637,0.008194208145141602,0.36539483070373535
data_CICIoT2023.csv,ECOD,RobustScaler,0,28.44289272961352,94.2632384999978,8.437447663707921,-0.16514032944350898,0.1222707423580786,0.869406392694064,0.06575948055536368,0.007496356964111328,0.392315149307251
data_CICIoT2023.csv,VAE,RobustScaler,0,86.15292564415967,99.47646820875403,63.10500753642606,0.17939895997944885,0.7661011190622811,0.9944870169248581,0.623022725702839,8.365795373916626,2.025017261505127
data_CICIoT2023.csv,SO_GAAL,RobustScaler,0,50.0,96.98208005359237,3.0179199464076367,0.0,0.0,0.0,0.0,1.7908368110656738,0.00939798355102539
data_CICIoT2023.csv,KNN,RobustScaler,1,47.664721652325085,97.35985921827118,23.520348350360074,0.04440870548548687,0.3526409798417964,0.9844863067911983,0.21478897561649513,0.014801025390625,4.672865867614746
data_CICIoT2023.csv,LUNAR,RobustScaler,1,81.6518252343627,99.33489431274137,59.54446491374979,0.18717775799018235,0.736897137629068,0.9977583765927324,0.5841679906057885,1.5412178039550781,0.39801549911499023
data_CICIoT2023.csv,NeuTraLAD,RobustScaler,1,90.80479335088296,99.68353032349178,53.0095461396751,0.17600638865342114,0.6802944326701762,0.999933007302204,0.5155073564965117,29.785093069076538,1.2956666946411133
data_CICIoT2023.csv,LOF,RobustScaler,1,88.91155912892408,99.6264620890395,77.92999497571597,0.27002497787905344,0.872040859922708,0.996140023958472,0.7754368999102024,0.017686128616333008,0.24707388877868652
data_CICIoT2023.csv,AutoEncoder,RobustScaler,1,85.90788158981866,99.47646001794728,70.83235638921454,0.22134718577900248,0.8236604430764246,0.995545329939299,0.7023899979277475,1.8593244552612305,1.5986659526824951
data_CICIoT2023.csv,CBLOF,RobustScaler,1,84.78570087483097,99.31655454381804,67.0942890638084,0.20184672799182807,0.7964528426984916,0.9953392024857587,0.6638115631691649,0.010329723358154297,0.03653717041015625
data_CICIoT2023.csv,HBOS,RobustScaler,1,76.93081344460273,99.0906884903911,52.36308825992296,0.14723485322367594,0.6755338565431648,0.9950934265358247,0.5113283138771845,0.0064809322357177734,0.03577780723571777
data_CICIoT2023.csv,DASVDD,RobustScaler,1,17.37214228670116,94.24221957724733,46.980405292245855,-0.1764097795490178,0.6392744012214854,0.9396395792858578,0.4844235684188713,6.605104684829712,30.486666917800903
data_CICIoT2023.csv,AE1SVM,RobustScaler,1,84.72993098548068,99.42048179528739,63.84525205158265,0.18791326178081777,0.7717294759548281,0.9953087497272529,0.6301719969606963,13.513143062591553,2.2458720207214355
data_CICIoT2023.csv,DevNet,RobustScaler,1,84.12716654079566,99.44786955144448,67.00050242840395,0.2040114407466152,0.7956949110364564,0.9956923396304754,0.6626027491883677,1.030277967453003,0.6983098983764648
data_CICIoT2023.csv,DeepSVDD,RobustScaler,1,74.97686252992519,98.95526599970073,40.02679618154413,0.10097546877861953,0.5543913790099798,0.9920726819274962,0.38467914623195415,2.9755258560180664,0.01774764060974121
data_CICIoT2023.csv,IForest,RobustScaler,1,84.197278518331,99.26387433317817,61.20917769217886,0.17158932876871394,0.7510800644814616,0.9943657162369814,0.6034399392139256,0.12528085708618164,0.18047308921813965
data_CICIoT2023.csv,OCSVM,RobustScaler,1,61.87238174955,97.81475972552194,36.30547646960308,0.04491942229161991,0.5161076899587765,0.9803750966744006,0.35024521655039026,0.42946577072143555,4.655505657196045
data_CICIoT2023.csv,LODA,RobustScaler,1,78.75960122593327,99.21540931205615,64.67258415675767,0.18834767066367183,0.7781960421442241,0.9948916491907297,0.6390136077916695,0.018673419952392578,0.7908449172973633
data_CICIoT2023.csv,MO_GAAL,RobustScaler,1,23.646128341507218,94.87529369072696,3.0179199464076367,0.0,0.0,0.0,0.0,4.537467002868652,0.006484508514404297
data_CICIoT2023.csv,SUOD,RobustScaler,1,66.76466486662568,98.32308799027575,49.15089599732038,0.09150129708363484,0.6478951640960222,0.9863004025139468,0.48238585342267043,0.08834362030029297,0.8866469860076904
data_CICIoT2023.csv,DIF,RobustScaler,1,77.34983509761014,99.20094419305586,53.01624518506113,0.17639796217364606,0.6803400104828969,1.0,0.5155418940388202,0.40703773498535156,63.80864477157593
data_CICIoT2023.csv,ALAD,RobustScaler,1,29.91832618726923,94.41423406296617,4.304136660525875,-0.11075025137189334,0.03244378217285288,0.8344947735191638,0.01654348276576639,4.285845756530762,0.02567291259765625
data_CICIoT2023.csv,COPOD,RobustScaler,1,22.107266169913824,93.54346900697458,10.698375481493887,-0.20682256526138504,0.16899915843281488,0.8664109939277724,0.09363127719831457,0.007873296737670898,0.335918664932251
data_CICIoT2023.csv,ECOD,RobustScaler,1,28.440853442986647,94.26304591491564,8.846089432255903,-0.16337235904899627,0.13004283613579695,0.8737113402061856,0.0702493610554673,0.008193492889404297,0.36287689208984375
data_CICIoT2023.csv,VAE,RobustScaler,1,84.1682685160901,99.38430775521518,58.532909060458884,0.160666489736392,0.7292568779250317,0.9940973050321965,0.5758444429094426,8.067455291748047,1.9891836643218994
data_CICIoT2023.csv,SO_GAAL,RobustScaler,1,23.322853495578773,94.84981430956549,3.0179199464076367,0.0,0.0,0.0,0.0,1.0923311710357666,0.008406639099121094
data_CICIoT2023.csv,KNN,RobustScaler,3,41.96312540455115,97.02738592178149,22.91743426561715,0.04363365794970436,0.34407866609662247,0.984504974718643,0.20846860537404158,0.012623310089111328,4.52893328666687
data_CICIoT2023.csv,LUNAR,RobustScaler,3,70.98402556253454,98.82155172175524,39.547814436442806,0.11913536843583225,0.5480769230769231,0.9965397923875432,0.3779788630241072,1.3705494403839111,0.3250563144683838
data_CICIoT2023.csv,NeuTraLAD,RobustScaler,3,89.72378744285493,99.64372934885755,53.0095461396751,0.17600638865342114,0.6802944326701762,0.999933007302204,0.5155073564965117,26.928772687911987,1.2004282474517822
data_CICIoT2023.csv,LOF,RobustScaler,3,56.12761165726767,98.10381627785698,32.57410818958299,0.07833881271558231,0.4696211203035253,0.9902222222222222,0.3077985770532569,0.015556812286376953,0.24687838554382324
data_CICIoT2023.csv,AutoEncoder,RobustScaler,3,86.0303940338753,99.47711215945556,69.5059454027801,0.21779523143739957,0.8140750724992852,0.9959524285428742,0.6883677557505008,1.7075586318969727,1.6579008102416992
data_CICIoT2023.csv,CBLOF,RobustScaler,3,83.14475170803671,99.19258103660394,66.38419025288897,0.19834479841987163,0.7911429284941314,0.9952874646559849,0.6564896041997651,0.004515886306762695,0.03589463233947754
data_CICIoT2023.csv,HBOS,RobustScaler,3,76.02313156687669,99.03598197153799,50.23949087255066,0.1402577341419141,0.6560792665987591,0.9949445302626035,0.48939697451129377,0.0067217350006103516,0.03421783447265625
data_CICIoT2023.csv,DASVDD,RobustScaler,3,17.277905778364655,94.2330568472898,46.980405292245855,-0.1764097795490178,0.6392744012214854,0.9396395792858578,0.4844235684188713,6.078382968902588,30.73427677154541
data_CICIoT2023.csv,AE1SVM,RobustScaler,3,83.48884491048872,99.35990934973809,56.99882766705744,0.1642469500670546,0.7160739561217269,0.99551100725618,0.5591282724321337,14.109482288360596,2.2217648029327393
data_CICIoT2023.csv,DevNet,RobustScaler,3,83.85420687581518,99.43803841484227,65.96884943895495,0.20157370569224486,0.7878914405010439,0.9959885991766072,0.6517234233611936,1.2268610000610352,0.4455578327178955
data_CICIoT2023.csv,DeepSVDD,RobustScaler,3,73.7977006199968,98.88657861610226,38.502763356221735,0.09896104067210544,0.5376712328767124,0.9923777653839003,0.3687228016854321,3.5784659385681152,0.014813661575317383
data_CICIoT2023.csv,IForest,RobustScaler,3,84.86731642222955,99.25899614620414,61.56422709763859,0.18159558815138185,0.7536760759901255,0.9956894106970676,0.6063065552255301,0.1140284538269043,0.16797542572021484
data_CICIoT2023.csv,OCSVM,RobustScaler,3,55.51670348243458,97.35977811855103,28.87288561380003,0.01939632268143219,0.427242076871207,0.9752493535278907,0.27353733508323547,0.36776113510131836,4.780416488647461
data_CICIoT2023.csv,LODA,RobustScaler,3,85.21328024850472,99.4745642850319,73.35454697705576,0.24069340957386187,0.8412587552132181,0.9962191029821825,0.7280168543206466,0.01936936378479004,1.212641716003418
data_CICIoT2023.csv,MO_GAAL,RobustScaler,3,23.965600607860747,94.88988480501112,3.0179199464076367,0.0,0.0,0.0,0.0,4.856060981750488,0.00672602653503418
data_CICIoT2023.csv,SUOD,RobustScaler,3,65.25036804907045,98.1172329136925,43.473455032657846,0.07608822840259515,0.5923671497584541,0.9852161336975735,0.4234993437866961,0.09100484848022461,0.925483226776123
data_CICIoT2023.csv,DIF,RobustScaler,3,76.9758368300838,99.18709267954557,53.0095461396751,0.17600638865342114,0.6802944326701762,0.999933007302204,0.5155073564965117,0.3968508243560791,64.54603409767151
data_CICIoT2023.csv,ALAD,RobustScaler,3,30.701270421903104,94.51289033807022,4.4146709093954115,-0.10750706440700704,0.03470554409227751,0.8423645320197044,0.017717759204255026,4.028432607650757,0.027649879455566406
data_CICIoT2023.csv,COPOD,RobustScaler,3,22.102846437807084,93.54444687477067,10.611287891475465,-0.20700203165255157,0.1674102268118429,0.8657631494030332,0.09266422601367687,0.008592844009399414,0.394787073135376
data_CICIoT2023.csv,ECOD,RobustScaler,3,28.438319667685207,94.26333240508387,8.892982749958131,-0.16385760413854028,0.13099041533546327,0.8738277919863597,0.07080196173240312,0.009572505950927734,0.4518308639526367
data_CICIoT2023.csv,VAE,RobustScaler,3,83.48902890627463,99.3471058404985,57.72232456874895,0.16005984767293432,0.72241038047064,0.9944296439815936,0.5672445948746287,8.221585750579834,1.9198956489562988
data_CICIoT2023.csv,SO_GAAL,RobustScaler,3,24.537196933066244,94.95469343720205,3.0179199464076367,0.0,0.0,0.0,0.0,1.3407459259033203,0.007075786590576172
data_CICIoT2023.csv,KNN,RobustScaler,5,40.353633767274616,96.90511591092987,22.374811589348518,0.04214355065703373,0.33635921079006903,0.9842466901290431,0.20283898597775782,0.012151002883911133,4.49017596244812
data_CICIoT2023.csv,LUNAR,RobustScaler,5,70.18931134747245,98.68917452090871,29.469100653156925,0.0905116402323472,0.4297050618855456,0.995482494666834,0.27398632313324583,1.2018733024597168,0.3575553894042969
data_CICIoT2023.csv,NeuTraLAD,RobustScaler,5,88.62140735770016,99.60469854867517,53.0095461396751,0.17600638865342114,0.6802944326701762,0.999933007302204,0.5155073564965117,28.508498668670654,1.3285386562347412
data_CICIoT2023.csv,LOF,RobustScaler,5,65.82146221911032,98.60990350720725,49.02026461229275,0.13318432032550395,0.6447908887229276,0.9942421189002447,0.47710160944947155,0.04089927673339844,0.24449896812438965
data_CICIoT2023.csv,AutoEncoder,RobustScaler,5,85.39767277530119,99.4385342479743,65.07452687991962,0.19544421426670316,0.7811430850282308,0.9956658997271122,0.6426745872763694,1.7920019626617432,2.3659298419952393
data_CICIoT2023.csv,CBLOF,RobustScaler,5,65.41142569364686,97.65788663157689,12.289398760676603,-0.00559713339649189,0.1795851870417946,0.9669365721997301,0.09898459625613042,0.21058440208435059,0.07910561561584473
data_CICIoT2023.csv,HBOS,RobustScaler,5,75.4171606122981,99.00735642188558,48.675263774912075,0.13610537368264036,0.6413407298176627,0.9949887428280921,0.4731643296263038,0.007565736770629883,0.039804935455322266
data_CICIoT2023.csv,DASVDD,RobustScaler,5,17.188518325635282,94.21432316936344,46.980405292245855,-0.1764097795490178,0.6392744012214854,0.9396395792858578,0.4844235684188713,6.832807779312134,30.780099630355835
data_CICIoT2023.csv,AE1SVM,RobustScaler,5,83.73419945771843,99.33530903267354,56.49304974041199,0.1586419121958035,0.7118997449262504,0.9948546277354163,0.5542584789666367,14.323506832122803,2.329500198364258
data_CICIoT2023.csv,DevNet,RobustScaler,5,84.13867777714998,99.44969302573237,65.32909060458884,0.20187103938494427,0.7829569520454593,0.9964241874366228,0.6448159148994957,1.1127703189849854,0.5707430839538574
data_CICIoT2023.csv,DeepSVDD,RobustScaler,5,73.147789171802,98.84936586933964,38.087422542287726,0.09884973705275715,0.533020059623061,0.9925668046669176,0.3643365338122539,3.5158705711364746,0.018853425979614258
data_CICIoT2023.csv,IForest,RobustScaler,5,82.20635403380479,99.08235996786044,54.73120080388545,0.1542705608848945,0.6966125665027948,0.9950618867440518,0.5358845064585204,0.11353564262390137,0.18645882606506348
data_CICIoT2023.csv,OCSVM,RobustScaler,5,52.74422239815968,97.1880446650053,28.102495394406297,0.01691037018580697,0.41739272046250303,0.9746482443909241,0.26555916280997444,0.3890416622161865,4.893333435058594
data_CICIoT2023.csv,LODA,RobustScaler,5,83.32499857978252,99.39874228562857,67.88142689666724,0.2118594282428432,0.8021540429570636,0.9962076564341721,0.6713752849347241,0.01662731170654297,1.1029021739959717
data_CICIoT2023.csv,MO_GAAL,RobustScaler,5,24.383504869793466,94.93743637244457,3.0179199464076367,0.0,0.0,0.0,0.0,4.5790557861328125,0.00849294662475586
data_CICIoT2023.csv,SUOD,RobustScaler,5,63.88878006730718,98.02136976790467,38.482666220063635,0.06456293096906957,0.5395145923177214,0.9843549862763038,0.3715894176970367,0.0967707633972168,0.9658646583557129
data_CICIoT2023.csv,DIF,RobustScaler,5,77.93186360055067,99.220341235385,53.0095461396751,0.17600638865342114,0.6802944326701762,0.999933007302204,0.5155073564965117,0.4247715473175049,65.81871819496155
data_CICIoT2023.csv,ALAD,RobustScaler,5,30.960058578125032,94.53929798482747,4.461564227097639,-0.11019703019191952,0.0358965692073686,0.8415213946117274,0.018339434965807835,4.291752338409424,0.02788710594177246
data_CICIoT2023.csv,COPOD,RobustScaler,5,22.10424173918337,93.54423200430368,10.306481326410987,-0.2071403958512382,0.16177299192387154,0.8636363636363636,0.08924500932513642,0.00874781608581543,0.3635532855987549
data_CICIoT2023.csv,ECOD,RobustScaler,5,28.440910941669735,94.26409323527926,8.76905041031653,-0.16462601951188607,0.128666943920151,0.8724511930585683,0.06945499758237204,0.009210824966430664,0.35589098930358887
data_CICIoT2023.csv,VAE,RobustScaler,5,83.36954664281674,99.32819779976404,57.12610952939207,0.15848847521939258,0.7173644232467762,0.9944900208154769,0.5610278372591007,7.801603555679321,1.9642128944396973
data_CICIoT2023.csv,SO_GAAL,RobustScaler,5,25.048352559231883,95.01153961991092,3.0179199464076367,0.0,0.0,0.0,0.0,1.2564637660980225,0.008745908737182617
data_BoTIoT.csv,KNN,QuantileTransformer,0,99.59370149445192,99.94449241679968,99.0866306431933,0.9454890282378219,0.9949839179047327,0.9900179068083972,1.0,0.06394004821777344,9.624319076538086
data_BoTIoT.csv,LUNAR,QuantileTransformer,0,99.90485536527484,99.98692072671184,99.22259020393935,0.9537266929067145,0.9957272326646357,0.9915286575593376,0.9999615162593805,1.8984930515289307,0.767784595489502
data_BoTIoT.csv,NeuTraLAD,QuantileTransformer,0,99.50527227246488,99.92837334369207,59.36900819243507,0.3209008105075351,0.7109876757507377,0.9995816483056756,0.5517029055224167,83.15579605102539,1.2263209819793701
data_BoTIoT.csv,LOF,QuantileTransformer,0,98.35488850405149,99.79007519543997,95.98396374411713,0.793732865885504,0.9775473610353161,0.9903250009872449,0.9650952472580335,0.06521391868591309,0.500974178314209
data_BoTIoT.csv,AutoEncoder,QuantileTransformer,0,99.54536377824813,99.94330147804718,98.89489280111556,0.9337318699005883,0.9939280173156856,0.9894363511555183,0.9984606503752165,5.166384220123291,1.5495977401733398
data_BoTIoT.csv,CBLOF,QuantileTransformer,0,96.32781875583491,99.43383306653219,94.62785427924003,0.7383998097297899,0.9697955663576314,0.9882160262043621,0.9520492591879931,0.058608055114746094,0.025341272354125977
data_BoTIoT.csv,HBOS,QuantileTransformer,0,98.84840755706638,99.84218705785445,97.88042530939516,0.8769536924155138,0.9882878717830175,0.9893932965634281,0.9871849143736772,0.008187294006347656,0.035611867904663086
data_BoTIoT.csv,DASVDD,QuantileTransformer,0,98.08042674192376,99.71564530768272,59.02736621927836,0.30920089209440227,0.7085575420933866,0.9961651094686933,0.549817202232057,18.55644989013672,29.073367834091187
data_BoTIoT.csv,PCA,QuantileTransformer,0,90.85807766588985,98.63441312701478,77.82813317064668,0.42371329825230264,0.8622422457113152,0.9861764851607788,0.765980373292284,0.00529026985168457,0.025621652603149414
data_BoTIoT.csv,AE1SVM,QuantileTransformer,0,97.39598343773828,99.64789151127262,92.22241589681019,0.6720025792414452,0.9555869647442916,0.989813592873639,0.923648258610737,40.18029737472534,2.0639078617095947
data_BoTIoT.csv,DevNet,QuantileTransformer,0,48.07628902714529,89.74355791232264,16.684678403346698,-0.002071988464194079,0.163405327825813,0.9039504260263361,0.08982105060611892,3.4372262954711914,0.427720308303833
data_BoTIoT.csv,DeepSVDD,QuantileTransformer,0,88.60313286155119,98.56395319796854,76.03625588286562,0.4019588416582995,0.8495183887915937,0.9851739020055852,0.7467000192418703,10.387669086456299,0.011363029479980469
data_BoTIoT.csv,IForest,QuantileTransformer,0,97.39454956206929,99.63804463815939,97.75143803381559,0.8704482739509519,0.9875653062404812,0.9894537587885344,0.9856840484895132,0.16486501693725586,0.1892240047454834
data_BoTIoT.csv,OCSVM,QuantileTransformer,0,79.78327810203893,95.93073690193614,29.29056998431236,0.09482567063453992,0.37015184920659566,0.9585075587005468,0.22936309409274583,1.9656736850738525,8.380123853683472
data_BoTIoT.csv,LODA,QuantileTransformer,0,88.68150713730857,98.55775441912711,77.56318633432107,0.4246148739016447,0.8602388707926167,0.9871417891851483,0.762247450452184,0.03342580795288086,1.024989128112793
data_BoTIoT.csv,MO_GAAL,QuantileTransformer,0,6.122909940920332,76.84773396353923,8.858288303991634,-0.24395878126995693,0.008344712486724321,0.29023746701846964,0.004233211468154705,12.710620164871216,0.005122184753417969
data_BoTIoT.csv,SUOD,QuantileTransformer,0,86.28988519017382,97.23713594836158,61.68380686770089,0.252578326811123,0.737465663442016,0.972103274559194,0.5940735039445834,0.12996149063110352,0.6540024280548096
data_BoTIoT.csv,DIF,QuantileTransformer,0,86.72566651700768,97.32864588519983,57.38190691999303,0.2528502646352319,0.6968532248865524,0.9797099428252685,0.5407350394458341,0.5664117336273193,65.24247217178345
data_BoTIoT.csv,ALAD,QuantileTransformer,0,47.30834313243395,89.82215084923915,16.96705595258846,-0.009491607487822198,0.1704513792142658,0.8973230656398973,0.09416971329613238,4.821514129638672,0.018704891204833984
data_BoTIoT.csv,COPOD,QuantileTransformer,0,40.257957938696826,85.05378957951213,8.108767648596828,-0.35953855489182995,0.008799308088594743,0.1924342105263158,0.004502597652491822,0.020180225372314453,0.2893390655517578
data_BoTIoT.csv,ECOD,QuantileTransformer,0,37.082283938739586,83.95168094372738,7.976294230434025,-0.389365245336686,0.017127750679524892,0.26376146788990823,0.008851260342505291,0.017657041549682617,0.24869036674499512
data_BoTIoT.csv,VAE,QuantileTransformer,0,96.6626180346211,99.57814749567142,87.04200801812793,0.5590589791782157,0.9237491537940796,0.9891485809682805,0.8664614200500289,24.45587134361267,2.0033462047576904
data_BoTIoT.csv,SO_GAAL,QuantileTransformer,0,13.397911900740455,78.45337893130834,8.45389576433676,-0.3051158833207647,7.61556621734826e-05,0.0036101083032490976,3.8483740619588224e-05,3.3646187782287598,0.008533000946044922
data_BoTIoT.csv,KNN,QuantileTransformer,1,98.26755606867209,99.73668389218307,98.42077740979606,0.9070207062220423,0.9912876238099817,0.9908112264513649,0.9917644795074081,0.0460352897644043,9.213212966918945
data_BoTIoT.csv,LUNAR,QuantileTransformer,1,98.05324866910397,99.72185996836964,91.9051769217361,0.6800520045206838,0.9534837132897953,0.994359252914386,0.9158360592649606,1.8954894542694092,0.7455933094024658
data_BoTIoT.csv,NeuTraLAD,QuantileTransformer,1,96.80644673921566,99.51578896085329,58.999477078612514,0.30824579671373836,0.7083591638356436,0.9958862083391438,0.5496632672695786,81.38430786132812,1.2020034790039062
data_BoTIoT.csv,LOF,QuantileTransformer,1,71.81839950398735,96.3523869361064,47.97629423043402,0.20565781068260874,0.6023820308544936,0.9790403602979387,0.4350202039638253,0.05322432518005371,0.37785816192626953
data_BoTIoT.csv,AutoEncoder,QuantileTransformer,1,98.34163299339362,99.75393173796908,98.67526581837197,0.9210109841789924,0.992705213852415,0.990385720304899,0.9950355974600731,4.95642352104187,1.568556308746338
data_BoTIoT.csv,CBLOF,QuantileTransformer,1,95.58538758115436,99.29111370164406,88.78507930974376,0.5888577403300224,0.9347318874393881,0.9884998283556471,0.8865114489128343,0.010359525680541992,0.02031564712524414
data_BoTIoT.csv,HBOS,QuantileTransformer,1,98.75433120247436,99.83054396983404,97.35401777932718,0.8523964491485496,0.9853217041520819,0.9903203234333696,0.98037329228401,0.009566783905029297,0.033824920654296875
data_BoTIoT.csv,DASVDD,QuantileTransformer,1,97.57096615568811,99.60733409722131,58.97158793794666,0.30729070133307446,0.7081607855779006,0.9956073072095942,0.5495093323071002,20.13397789001465,28.58591055870056
data_BoTIoT.csv,PCA,QuantileTransformer,1,89.95506381886986,98.29763951666558,76.96356981000523,0.4175112615541783,0.8559846569610322,0.9868837630031659,0.7557436982874736,0.005330562591552734,0.025565624237060547
data_BoTIoT.csv,AE1SVM,QuantileTransformer,1,96.9834320370014,99.5794666784214,89.94247864737667,0.6199264015307212,0.9417630553705162,0.9903625711131867,0.8977102174331345,40.74940085411072,2.103726863861084
data_BoTIoT.csv,DevNet,QuantileTransformer,1,48.061135697945396,89.73799865982006,16.67073383301377,-0.0022306031336577544,0.1631481286979659,0.9038013964313422,0.08966711564364056,3.4807639122009277,0.42435407638549805
data_BoTIoT.csv,DeepSVDD,QuantileTransformer,1,87.15337267226818,98.31522594779831,67.47428969844866,0.32779534028188545,0.7839677688246736,0.9840725454862524,0.651491244949009,9.72789978981018,0.013703584671020508
data_BoTIoT.csv,IForest,QuantileTransformer,1,98.34249103827707,99.7611574282365,98.41380512462959,0.9066101434733466,0.9912491585729397,0.9907727797001153,0.9917259957667885,0.16983628273010254,0.194685697555542
data_BoTIoT.csv,OCSVM,QuantileTransformer,1,79.15356580363316,95.7924926312706,26.470280634477948,0.07716383666473536,0.32806626314112775,0.95263644773358,0.19815278045025977,2.0502688884735107,8.527264595031738
data_BoTIoT.csv,LODA,QuantileTransformer,1,93.28673665006166,99.17833023938776,79.98256928708383,0.4553280245102711,0.877087079373234,0.9882301866769572,0.788416394073504,0.03459668159484863,0.7022111415863037
data_BoTIoT.csv,MO_GAAL,QuantileTransformer,1,8.135846891725283,78.06898183177424,9.994770786125153,-0.14574020937267881,0.030855855855855856,0.6274809160305344,0.01581681739465076,12.507569789886475,0.005548715591430664
data_BoTIoT.csv,SUOD,QuantileTransformer,1,84.10489099836799,96.44621864147054,55.468014641798845,0.21185870782844307,0.6812397065428957,0.9688409397402229,0.5253030594573792,0.13242769241333008,0.70475172996521
data_BoTIoT.csv,DIF,QuantileTransformer,1,87.91484260862748,97.51071554845505,57.38190691999303,0.2528502646352319,0.6968532248865524,0.9797099428252685,0.5407350394458341,0.5795407295227051,65.70452427864075
data_BoTIoT.csv,ALAD,QuantileTransformer,1,47.396414598165606,89.84339589887773,17.162279937249433,-0.008578369240748056,0.17424242424242425,0.8982443568613401,0.09647873773330767,4.783260345458984,0.018225431442260742
data_BoTIoT.csv,COPOD,QuantileTransformer,1,40.24016847326449,85.05008010427282,8.119226076346523,-0.35815161337733775,0.008800300864986838,0.1933884297520661,0.004502597652491822,0.016785621643066406,0.2397472858428955
data_BoTIoT.csv,ECOD,QuantileTransformer,1,37.04805336412032,83.94653811307997,7.94491894718494,-0.3933351405237352,0.01726832899144027,0.2621468926553672,0.008928227823744467,0.015574455261230469,0.23208141326904297
data_BoTIoT.csv,VAE,QuantileTransformer,1,95.95520777656625,99.48494228216626,83.36064145023532,0.5040020337311485,0.8998173918518985,0.9897035737371872,0.8248989801808736,22.641879081726074,1.8840875625610352
data_BoTIoT.csv,SO_GAAL,QuantileTransformer,1,34.465140857617286,85.80632774819091,10.085410493289174,-0.15494190685986958,0.03516384857100105,0.6291834002677377,0.018087358091206464,3.743832588195801,0.009782552719116211
data_BoTIoT.csv,KNN,QuantileTransformer,3,97.05987784975665,99.44720795207927,95.2762767997211,0.7705024674249267,0.973452714484434,0.9914990421455939,0.9560515682124302,0.06794953346252441,9.154918670654297
data_BoTIoT.csv,LUNAR,QuantileTransformer,3,95.73225792658158,99.32561185792366,78.29179013421648,0.45934813013907694,0.8645332521156481,0.994394955459914,0.764671926111218,1.872683048248291,0.8353226184844971
data_BoTIoT.csv,NeuTraLAD,QuantileTransformer,3,97.5532714742836,99.52909129529178,59.04131078961129,0.30987226856687683,0.7086422814631123,0.9963737796373779,0.5498556859726765,90.41682267189026,1.1521632671356201
data_BoTIoT.csv,LOF,QuantileTransformer,3,61.063959976909764,93.95134149115565,28.439951194003836,0.09322218132761893,0.35710482633342727,0.9591184387617766,0.21939580527227245,0.053647756576538086,0.49286508560180664
data_BoTIoT.csv,AutoEncoder,QuantileTransformer,3,95.33822575702506,99.28827846118793,84.02998082621579,0.5131426662538536,0.9042493154693476,0.9896147863482477,0.8324417933423128,4.920478105545044,1.5813498497009277
data_BoTIoT.csv,CBLOF,QuantileTransformer,3,94.84852942224504,99.18143445397169,79.23653477427227,0.44960337678848433,0.8718202556708131,0.9889653825496801,0.7794881662497595,0.03729128837585449,0.040282249450683594
data_BoTIoT.csv,HBOS,QuantileTransformer,3,98.59082946714273,99.80643039229935,96.06414502353147,0.8017055193871072,0.9779625617302025,0.9922760041194645,0.9640561862613046,0.010659456253051758,0.03812360763549805
data_BoTIoT.csv,DASVDD,QuantileTransformer,3,97.22696569958453,99.44020528735079,58.90186508628202,0.3049029628814147,0.7076648399335432,0.9949100543857202,0.5491244949009043,20.62832999229431,28.819623708724976
data_BoTIoT.csv,PCA,QuantileTransformer,3,88.10293117824386,97.77085077690849,63.10615304165941,0.3017608912091613,0.7471991973819363,0.9850107066381156,0.6018857032903598,0.005533456802368164,0.025528430938720703
data_BoTIoT.csv,AE1SVM,QuantileTransformer,3,93.34849663979932,98.71190743073745,75.18215094997386,0.4116418855598996,0.8426218636011937,0.990025974025974,0.7334231287281123,40.399189949035645,2.041625499725342
data_BoTIoT.csv,DevNet,QuantileTransformer,3,48.0539028926945,89.73506089440251,16.66724769043054,-0.00227029170341714,0.16308381765982774,0.9037640667442763,0.08962863190302098,3.800861358642578,0.43892979621887207
data_BoTIoT.csv,DeepSVDD,QuantileTransformer,3,84.28418603325281,97.84894010810041,53.439079658358025,0.2352385851690355,0.6586238625907371,0.9805921302991095,0.4958245141427747,9.852065563201904,0.009725093841552734
data_BoTIoT.csv,IForest,QuantileTransformer,3,98.60343645550496,99.80709923122386,97.67822903956773,0.8713194689945696,0.9871144990906628,0.992568382553208,0.9817202232056956,0.1606764793395996,0.19914913177490234
data_BoTIoT.csv,OCSVM,QuantileTransformer,3,77.9143779530926,95.5188540566076,23.151472895241415,0.054617445095501704,0.27563091482649843,0.9431077130649876,0.161400808158553,1.9617385864257812,8.57187533378601
data_BoTIoT.csv,LODA,QuantileTransformer,3,90.13235413593313,98.67409865878382,69.23827784556387,0.35394530939522645,0.797466030113845,0.9879997725075357,0.6685395420434866,0.033333778381347656,0.5208485126495361
data_BoTIoT.csv,MO_GAAL,QuantileTransformer,3,5.634839187850541,76.589005773606,8.600313752832491,-0.2795491921126855,0.0023592085235920853,0.10508474576271186,0.001192995959207235,13.079344749450684,0.0048847198486328125
data_BoTIoT.csv,SUOD,QuantileTransformer,3,83.23738481602635,96.15633763966838,47.38364999128464,0.1659633120223752,0.5998568360773086,0.9641213567410942,0.4353665576294016,0.12388348579406738,0.6411232948303223
data_BoTIoT.csv,DIF,QuantileTransformer,3,85.61091227845125,96.98009393765193,56.93568066933937,0.23756873854460944,0.6936791727626652,0.9752475247524752,0.5382720800461804,0.5440912246704102,64.0181303024292
data_BoTIoT.csv,ALAD,QuantileTransformer,3,47.56412388913832,89.88019445764515,17.22154436116437,-0.006940570245163781,0.17514850453329628,0.8997144896502498,0.09701751010198191,5.067164421081543,0.02347111701965332
data_BoTIoT.csv,COPOD,QuantileTransformer,3,40.207601251434234,85.04374948255621,8.115739933763292,-0.3588056636030756,0.008949050573416056,0.19508196721311474,0.004579565133730998,0.018717050552368164,0.2505300045013428
data_BoTIoT.csv,ECOD,QuantileTransformer,3,36.98773081336098,83.93708212165207,7.903085236186159,-0.39861880588700893,0.017479916691460876,0.2602436323366556,0.009043679045603232,0.01815199851989746,0.23866033554077148
data_BoTIoT.csv,VAE,QuantileTransformer,3,92.80623151533291,99.08146082648184,79.45616175701586,0.46091022672127036,0.8730859518015205,0.9912949921752738,0.7800654223590533,24.533111810684204,1.7876813411712646
data_BoTIoT.csv,SO_GAAL,QuantileTransformer,3,37.72698137814551,85.54746521200876,8.652605891580965,-0.27147939621428807,0.0,0.0,0.0,4.115257740020752,0.009467601776123047
data_BoTIoT.csv,KNN,QuantileTransformer,5,96.18888817622701,99.24447358631662,87.29649642670385,0.5744450487900966,0.9251622443111804,0.9919408112035936,0.8668077737156051,0.07521915435791016,9.37074327468872
data_BoTIoT.csv,LUNAR,QuantileTransformer,5,94.66608584724806,99.1747222892245,78.38940212654698,0.4508467338526277,0.8655343701871977,0.9917975740703917,0.7677891091014046,1.874931812286377,0.7175121307373047
data_BoTIoT.csv,NeuTraLAD,QuantileTransformer,5,93.63760289055651,98.80309658271341,58.11051071988844,0.2778990449375297,0.7020284679859148,0.9870301931524998,0.5447373484702713,88.75758457183838,1.26595139503479
data_BoTIoT.csv,LOF,QuantileTransformer,5,55.56625688609525,92.51593370372457,21.167857765382603,0.03998896560746121,0.2426231704457916,0.9354338842975206,0.13938810852414854,0.05504655838012695,0.4070124626159668
data_BoTIoT.csv,AutoEncoder,QuantileTransformer,5,92.97322101782368,98.83263972149818,71.81453721457207,0.37672952219099154,0.8174984763323627,0.9886438086918541,0.6968635751395036,5.055834054946899,1.5119764804840088
data_BoTIoT.csv,CBLOF,QuantileTransformer,5,93.59973488978684,98.97659734021799,67.27906571378769,0.3422495843114312,0.7815278618313859,0.9888672910408199,0.6460650375216471,0.008211135864257812,0.01914072036743164
data_BoTIoT.csv,HBOS,QuantileTransformer,5,98.44815171145747,99.78473445110663,93.93411190517692,0.7330198273479679,0.9655745489078822,0.9936072315648031,0.9390802385991919,0.008498430252075195,0.03360724449157715
data_BoTIoT.csv,DASVDD,QuantileTransformer,5,96.56341193993686,99.29014608810094,58.92278194178142,0.3056192844169126,0.7078136236268505,0.9951192302328824,0.5492399461227632,19.93178081512451,28.568466663360596
data_BoTIoT.csv,PCA,QuantileTransformer,5,85.99265815748402,97.23821314710013,50.751263726686425,0.2239706868407695,0.6311969716747161,0.98125,0.46522994035020204,0.0054624080657958984,0.025263309478759766
data_BoTIoT.csv,AE1SVM,QuantileTransformer,5,90.873375665448,98.20410488581794,55.34251350880252,0.25810184635719724,0.676155324097482,0.9854100655810184,0.5146430633057533,42.57509899139404,2.1616885662078857
data_BoTIoT.csv,DevNet,QuantileTransformer,5,48.07427860802885,89.74124260148228,16.674219975597,-0.002190928537626061,0.16321243523316062,0.9038386971694455,0.08970559938426015,3.2072489261627197,0.49482035636901855
data_BoTIoT.csv,DeepSVDD,QuantileTransformer,5,69.0780143815164,89.95503417765873,9.287083841729126,-0.21034187218509504,0.01944454912009647,0.4673913043478261,0.009928805079853761,10.470934629440308,0.013730049133300781
data_BoTIoT.csv,IForest,QuantileTransformer,5,97.65455996693248,99.65336976861832,89.33240369531113,0.6156738728718739,0.9378730661469119,0.9926081911556147,0.8888589570906292,0.17780661582946777,0.21902132034301758
data_BoTIoT.csv,OCSVM,QuantileTransformer,5,76.53959620578823,95.21638174947356,21.004009063970717,0.037468755486510234,0.24005634180696223,0.9337333681189669,0.13773330767750624,2.136563777923584,8.826783895492554
data_BoTIoT.csv,LODA,QuantileTransformer,5,76.12957903063734,94.77476422334105,19.51891232351403,0.022167602477960784,0.21497551686615887,0.9234589541338007,0.12164710409851838,0.03224825859069824,1.2581782341003418
data_BoTIoT.csv,MO_GAAL,QuantileTransformer,5,11.579607180780934,78.28312339704348,8.792051594910232,-0.25379788829876027,0.0075863900163107385,0.26455026455026454,0.0038483740619588225,13.40723729133606,0.00450587272644043
data_BoTIoT.csv,SUOD,QuantileTransformer,5,81.15850169969853,95.48466919922531,43.57329614781244,0.1498914109641236,0.5573241439667432,0.9631345117685982,0.3921108331729844,0.13325905799865723,0.6183609962463379
data_BoTIoT.csv,DIF,QuantileTransformer,5,83.94504094242406,96.7504874493805,56.85898553250828,0.2349422262477837,0.6931336325538721,0.9744805466462139,0.537848758899365,0.5521972179412842,64.82164859771729
data_BoTIoT.csv,ALAD,QuantileTransformer,5,47.6653097584789,89.92741464133441,17.7096043228168,-0.004786199571503997,0.18454416692576087,0.9017555705604321,0.10279007119492015,4.935052871704102,0.018410205841064453
data_BoTIoT.csv,COPOD,QuantileTransformer,5,40.17387666673793,85.03724554698056,8.077392365347743,-0.3645248583213423,0.009466566491359879,0.1984251968503937,0.004848951318068116,0.016986370086669922,0.22736001014709473
data_BoTIoT.csv,ECOD,QuantileTransformer,5,36.91972006642009,83.92660906481937,7.896112951019697,-0.39981329531441984,0.017697798929208804,0.26125137211855104,0.009159130267461997,0.018754005432128906,0.25160932540893555
data_BoTIoT.csv,VAE,QuantileTransformer,5,90.16828725974386,98.5161801891424,70.90465400034861,0.37557528465517054,0.8101714961561206,0.990489961626161,0.6853954204348662,25.18863010406494,1.8560261726379395
data_BoTIoT.csv,SO_GAAL,QuantileTransformer,5,37.67366073019335,85.60232449508231,8.331880773923654,-0.32425926228761986,0.0,0.0,0.0,3.938366174697876,0.012616634368896484
data_BoTIoT.csv,KNN,MinMaxScaler,0,98.4996016220184,99.751672561579,98.86351751786648,0.9317998375001908,0.9937569420506339,0.9890595814432204,0.998499134115836,0.04487776756286621,8.98436951637268
data_BoTIoT.csv,LUNAR,MinMaxScaler,0,99.33029454314811,99.86169816261524,99.29579919818721,0.9581216555100358,0.9961262608829057,0.9927755055234891,0.9994997113719454,1.891584873199463,0.724755048751831
data_BoTIoT.csv,NeuTraLAD,MinMaxScaler,0,96.84082768548808,99.3776647532741,59.01342164894544,0.30872334440407034,0.7084583529645151,0.9960256589039186,0.5497402347508178,86.18127250671387,1.190347671508789
data_BoTIoT.csv,LOF,MinMaxScaler,0,98.07893442798196,99.73091651444112,97.90134216489454,0.877732232276528,0.9884079180466764,0.9891316915250318,0.9876852030017318,0.06845569610595703,0.49395084381103516
data_BoTIoT.csv,AutoEncoder,MinMaxScaler,0,97.03545706568605,99.49274290183968,96.23496601010982,0.7999718982224213,0.9790144567076015,0.9887358216570509,0.9694823936886665,5.0352942943573,1.5875928401947021
data_BoTIoT.csv,CBLOF,MinMaxScaler,0,87.41252717023353,96.8545012495138,47.6869443960258,0.1946408000491514,0.6002663825253063,0.9750757247944613,0.4335963055609005,0.010707855224609375,0.025040864944458008
data_BoTIoT.csv,HBOS,MinMaxScaler,0,80.7396147349967,95.97220184521527,40.8262157922259,0.15592214914161914,0.5227732793522267,0.9701554836689972,0.3577833365403117,0.00783681869506836,0.026376008987426758
data_BoTIoT.csv,DASVDD,MinMaxScaler,0,86.56228094555975,97.14740102479944,56.538260414850974,0.2239586293701488,0.6908522825898281,0.9712731836563938,0.536078506830864,19.821272373199463,28.87527370452881
data_BoTIoT.csv,AE1SVM,MinMaxScaler,0,90.0725076432985,98.31011279443797,68.34931148683981,0.33125362350531246,0.7911769441313798,0.9832494854790762,0.6618818549162979,40.394131660461426,2.125079393386841
data_BoTIoT.csv,DevNet,MinMaxScaler,0,47.27758535907467,90.56972251175506,21.924350705943873,0.04177423830634055,0.25604570821153333,0.9356639961155621,0.148316336347893,3.79484224319458,0.4600508213043213
data_BoTIoT.csv,DeepSVDD,MinMaxScaler,0,86.11273526749763,97.67464175562289,45.473243855673694,0.18541789815936927,0.5757912722736026,0.9751056402719088,0.408504906676929,10.744418382644653,0.011244773864746094
data_BoTIoT.csv,IForest,MinMaxScaler,0,80.70816211632066,95.12926233477666,26.546975771309043,0.07149504334591679,0.3302606484424666,0.9488584474885845,0.1999230325187608,0.14890575408935547,0.1505112648010254
data_BoTIoT.csv,OCSVM,MinMaxScaler,0,76.37590775304841,95.45793477787923,32.57103015513334,0.10537200816604024,0.4178304839874789,0.9588340931067827,0.26711564364056184,1.88240647315979,8.443143844604492
data_BoTIoT.csv,LODA,MinMaxScaler,0,75.6208410835311,95.66587314773875,40.36255882865609,0.1552229717904477,0.5169833695682864,0.9706318914334181,0.3523186453723302,0.030902624130249023,1.239985466003418
data_BoTIoT.csv,MO_GAAL,MinMaxScaler,0,49.21080894248105,92.14588040072454,32.145720759979085,0.10795699968400853,0.41121664952507714,0.9609783684433763,0.26157398499134116,12.907889127731323,0.007325410842895508
data_BoTIoT.csv,SUOD,MinMaxScaler,0,67.48680364027679,91.82213221609975,18.117483005054908,-0.05099784404584748,0.2011427794027617,0.8653789874158618,0.11379642101212238,0.1393446922302246,0.6570329666137695
data_BoTIoT.csv,DIF,MinMaxScaler,0,53.11686229234815,90.26892700109602,50.99529370751264,0.034133422463197755,0.6514246038634166,0.9158415841584159,0.5054839330382913,0.545534610748291,64.29146409034729
data_BoTIoT.csv,ALAD,MinMaxScaler,0,51.33649683934463,90.93627707989003,18.863517517866484,0.014178306360761034,0.20381773399014777,0.9174622728672621,0.11464306330575331,4.9069390296936035,0.018987417221069336
data_BoTIoT.csv,COPOD,MinMaxScaler,0,39.2615126960711,84.83759225127334,7.387136133867875,-0.4456463564807979,0.007472166180975865,0.12804097311139565,0.0038483740619588225,0.01683831214904785,0.24575424194335938
data_BoTIoT.csv,ECOD,MinMaxScaler,0,37.064815171145746,83.9462937984196,7.976294230434025,-0.38949733332145564,0.017200938232994525,0.2643020594965675,0.00888974408312488,0.017580747604370117,0.2704734802246094
data_BoTIoT.csv,VAE,MinMaxScaler,0,90.0620956534753,98.31944550425423,72.52919644413457,0.37020289383660926,0.8235004255700399,0.9851026204383474,0.7074466038098903,23.67025327682495,1.7972192764282227
data_BoTIoT.csv,SO_GAAL,MinMaxScaler,0,7.061177032333468,76.93571686156943,8.509674045668469,-0.2961225528119504,0.0,0.0,0.0,3.744533061981201,0.01075434684753418
data_BoTIoT.csv,KNN,MinMaxScaler,1,95.57292455048854,99.234070955703,90.0331183545407,0.6157550110409481,0.9424087988236005,0.9887564460224871,0.9002116605734077,0.07095074653625488,8.256603956222534
data_BoTIoT.csv,LUNAR,MinMaxScaler,1,93.99618654636934,99.08779567070654,75.38086107721806,0.4103345025515339,0.8442022590893046,0.9891433593548054,0.7363094092745814,1.9906177520751953,0.8152468204498291
data_BoTIoT.csv,NeuTraLAD,MinMaxScaler,1,92.36748907845696,98.49315624795344,58.2604148509674,0.2829357691261449,0.7031021400054555,0.98849532840608,0.5455839907639023,87.31408190727234,1.1493263244628906
data_BoTIoT.csv,LOF,MinMaxScaler,1,78.05883593811245,96.63354752626918,51.29510196967056,0.21819689622451363,0.6375969494954735,0.9780359700779883,0.47296517221473927,0.05370497703552246,0.427290678024292
data_BoTIoT.csv,AutoEncoder,MinMaxScaler,1,95.02641980059721,99.12285687443399,85.81837197141363,0.5344335208709827,0.9160128829796019,0.9881074339673066,0.8537233019049452,4.887676477432251,1.5359981060028076
data_BoTIoT.csv,CBLOF,MinMaxScaler,1,87.7853462467663,97.06153942077631,39.98256928708384,0.15199574469429183,0.5125431791154652,0.9697846351655416,0.348316336347893,0.011311054229736328,0.017630577087402344
data_BoTIoT.csv,HBOS,MinMaxScaler,1,79.53698073674984,95.72360196564466,38.52536168729301,0.14415273769143652,0.49466987620357633,0.9685781618224666,0.332153165287666,0.007865428924560547,0.02645421028137207
data_BoTIoT.csv,DASVDD,MinMaxScaler,1,84.59526721256564,96.47346053537231,56.405786996688164,0.21942192631199525,0.6899099858655492,0.9699484032910334,0.5353473157590918,19.216678857803345,28.519558906555176
data_BoTIoT.csv,AE1SVM,MinMaxScaler,1,90.2934805692743,98.25582112966327,65.39306257625937,0.3130231608063762,0.7668459496911478,0.9839079074252652,0.6282470656147777,41.16524267196655,2.103734254837036
data_BoTIoT.csv,DevNet,MinMaxScaler,1,47.262631575196515,90.56158568304909,21.85811399686247,0.041244713502401345,0.2549443244141599,0.9353658536585366,0.14758514527612085,3.6639745235443115,0.43213891983032227
data_BoTIoT.csv,DeepSVDD,MinMaxScaler,1,85.31406651985832,97.43839482896814,42.40195223984661,0.1690763359224946,0.5408004446914952,0.9733866933466734,0.37440831248797385,9.897154331207275,0.011829614639282227
data_BoTIoT.csv,IForest,MinMaxScaler,1,81.40538344771558,95.552043309556,35.729475335541224,0.12700162564364903,0.4594182500586442,0.9648971548220224,0.30148162401385414,0.1429438591003418,0.15151762962341309
data_BoTIoT.csv,OCSVM,MinMaxScaler,1,75.59224196295582,95.28654233665179,31.730869792574516,0.10097427910838387,0.4061618703945174,0.9578089244851259,0.25772561092938234,2.038203477859497,8.526607275009155
data_BoTIoT.csv,LODA,MinMaxScaler,1,87.72490681946137,97.74195718688262,48.16803207251177,0.20148145764949532,0.6049736967957915,0.9770016304814211,0.43813738695401194,0.03240227699279785,0.7922086715698242
data_BoTIoT.csv,MO_GAAL,MinMaxScaler,1,61.70436006527983,94.65747515344434,39.89890186508628,0.1647161909432091,0.509837370635733,0.9759442690758681,0.345045218395228,12.315574645996094,0.004992961883544922
data_BoTIoT.csv,SUOD,MinMaxScaler,1,68.47059984749038,91.72235440995019,18.28830399163326,-0.05127264452090553,0.20456782163097703,0.8655944859276278,0.11598999422743891,0.11858701705932617,0.6206965446472168
data_BoTIoT.csv,DIF,MinMaxScaler,1,46.63941590233682,88.49679782741961,50.04009063970717,0.0014214056754590235,0.6446301485357205,0.9062892204713429,0.5002116605734077,0.5513813495635986,63.12043237686157
data_BoTIoT.csv,ALAD,MinMaxScaler,1,51.47364433897048,90.98375109286454,19.504967753181106,0.013569796286372868,0.21622539035980992,0.9165467625899281,0.1225707138733885,4.86513352394104,0.01901698112487793
data_BoTIoT.csv,COPOD,MinMaxScaler,1,39.23741759847206,84.8341097773813,7.369705420951717,-0.44761944044056107,0.007544914652821873,0.1281725888324873,0.0038868578025784105,0.01903510093688965,0.24885177612304688
data_BoTIoT.csv,ECOD,MinMaxScaler,1,37.030593148468846,83.94110715730415,7.948405089768172,-0.3930552245151366,0.017342116035875106,0.26297968397291194,0.008966711564364056,0.01784539222717285,0.2510042190551758
data_BoTIoT.csv,VAE,MinMaxScaler,1,88.4046964416793,98.00140229174676,56.691650688513164,0.2532838825216169,0.6900371765762618,0.9811267205903221,0.532153165287666,23.705036401748657,1.9066352844238281
data_BoTIoT.csv,SO_GAAL,MinMaxScaler,1,24.2591865677492,82.82124248275522,8.865260589158098,-0.24802688405571446,0.010147671336614919,0.31529411764705884,0.005156821243024822,3.9028236865997314,0.007962226867675781
data_BoTIoT.csv,KNN,MinMaxScaler,3,91.64297921165344,98.52954378984722,67.08035558654349,0.3288288625577676,0.7805535544142594,0.9852164730728616,0.6462959399653646,0.06335711479187012,7.7011260986328125
data_BoTIoT.csv,LUNAR,MinMaxScaler,3,90.65935831925825,98.38874923123852,67.7531811051072,0.337730130550962,0.7858102162737924,0.986454275914191,0.652992110833173,1.9590532779693604,0.7754054069519043
data_BoTIoT.csv,NeuTraLAD,MinMaxScaler,3,74.46594830350844,95.45812311608532,53.19504967753181,0.10956348327719088,0.6670634330208798,0.9378704413918136,0.5176063113334616,86.39356660842896,1.277613639831543
data_BoTIoT.csv,LOF,MinMaxScaler,3,63.52469444622609,94.10445899625284,37.85602231131253,0.14407875328309377,0.48583790020190365,0.9697179044329304,0.324110063498172,0.05508089065551758,0.4223897457122803
data_BoTIoT.csv,AutoEncoder,MinMaxScaler,3,86.60237031335743,97.57079678338292,54.80216140840161,0.24084360370983576,0.6721290746781984,0.9801593155332645,0.5114104290937079,5.1588568687438965,1.5583484172821045
data_BoTIoT.csv,CBLOF,MinMaxScaler,3,87.41012264910667,97.30840488362193,45.22921387484748,0.1850627952004294,0.5729662145633443,0.9753840459004257,0.4056186261304599,0.018485546112060547,0.022616147994995117
data_BoTIoT.csv,HBOS,MinMaxScaler,3,78.25822875020489,95.44836365358945,35.516820637964095,0.1280208784347935,0.4563383593451489,0.9657875093306793,0.2987492784298634,0.008943796157836914,0.026675701141357422
data_BoTIoT.csv,DASVDD,MinMaxScaler,3,83.54934256943109,96.37112926960141,56.19661844169427,0.21225871095701596,0.688422148932477,0.9678566448194115,0.5341928035405041,19.750139236450195,28.66296696662903
data_BoTIoT.csv,PCA,MinMaxScaler,3,81.57414320227481,96.73012303991665,40.85410493289176,0.16164078126769652,0.5224073865555681,0.9727434741587169,0.3570906292091591,0.005423069000244141,0.025530099868774414
data_BoTIoT.csv,AE1SVM,MinMaxScaler,3,88.19355397344623,97.42103615508226,43.16541746557434,0.1733820204832392,0.5496284427746623,0.9739573134912864,0.38283625168366364,43.07024359703064,2.125189781188965
data_BoTIoT.csv,DevNet,MinMaxScaler,3,47.248304933758085,90.55621827863601,21.75701586194875,0.041291658075481484,0.2531114808652246,0.9355473554735547,0.146353665576294,3.466999053955078,0.47839832305908203
data_BoTIoT.csv,DeepSVDD,MinMaxScaler,3,84.05197514235422,97.16506912739129,40.275405264075296,0.1596787561025231,0.5153058337577096,0.9728661467791903,0.35047142582258994,10.070536375045776,0.01072072982788086
data_BoTIoT.csv,IForest,MinMaxScaler,3,80.58202381715948,94.98305296417644,30.09586892103887,0.09423544116089845,0.3826354679802956,0.9567359507313318,0.23913796421012123,0.1500074863433838,0.1574251651763916
data_BoTIoT.csv,OCSVM,MinMaxScaler,3,74.15518212073917,94.96962380952962,30.200453198535822,0.09367985998391865,0.38431734317343175,0.9562356541698547,0.24048489513180682,2.031630039215088,8.553128719329834
data_BoTIoT.csv,LODA,MinMaxScaler,3,55.01298469914979,92.43556839996167,23.928882691302075,0.05326929938267934,0.2893802715993096,0.9409148665819568,0.17098325957283048,0.03168892860412598,0.6185362339019775
data_BoTIoT.csv,MO_GAAL,MinMaxScaler,3,43.69792757930146,87.30910171042743,10.475858462611122,-0.13195410358256834,0.042434185994481316,0.6830732292917167,0.0218972484125457,13.562784671783447,0.009878158569335938
data_BoTIoT.csv,SUOD,MinMaxScaler,3,66.13415717044735,90.81064966099919,14.777758410318981,-0.09621973421711384,0.1403150935433957,0.813953488372093,0.0767750625360785,0.1305544376373291,0.628258466720581
data_BoTIoT.csv,DIF,MinMaxScaler,3,49.19921464662661,89.2048205524678,50.20045319853582,0.006913204114276475,0.6457708235177425,0.9078929019662529,0.5010967866076582,0.5625824928283691,62.8760347366333
data_BoTIoT.csv,ALAD,MinMaxScaler,3,51.44798281059586,90.96976671977276,19.421300331183545,0.013383895258537684,0.2146643109540636,0.9164490861618799,0.1215701366172792,4.855100870132446,0.01911616325378418
data_BoTIoT.csv,COPOD,MinMaxScaler,3,39.19627562910226,84.82803041237396,7.324385567369705,-0.4526489524842928,0.007615350156786621,0.12702366127023662,0.0039253415431979985,0.018331050872802734,0.2504301071166992
data_BoTIoT.csv,ECOD,MinMaxScaler,3,36.970259195119695,83.93165238426657,7.910057521352623,-0.39793507376625004,0.017554299315679856,0.26135105204872644,0.00908216278622282,0.0178525447845459,0.24944138526916504
data_BoTIoT.csv,VAE,MinMaxScaler,3,88.33396688972984,97.92393335013396,53.67962349660102,0.23571618902482308,0.6610718567456573,0.9803298532304433,0.4986723109486242,24.715035438537598,1.8800759315490723
data_BoTIoT.csv,SO_GAAL,MinMaxScaler,3,19.686547082006,81.10424648467972,8.565452327000173,-0.2861709433272948,0.003571157206899172,0.1394658753709199,0.0018087358091206465,3.633063554763794,0.009613990783691406
data_BoTIoT.csv,KNN,MinMaxScaler,5,87.86836565254885,97.7062103540016,52.12131776189646,0.22908694122906595,0.6453728568477587,0.9806952836851605,0.48093130652299404,0.05342912673950195,7.730803728103638
data_BoTIoT.csv,LUNAR,MinMaxScaler,5,86.248065479372,97.69236570607555,39.61652431584452,0.18353474336435563,0.5037673685718378,0.9856502242152466,0.3383490475274197,1.9572877883911133,0.8173527717590332
data_BoTIoT.csv,NeuTraLAD,MinMaxScaler,5,75.72375088191906,95.5331372479912,54.37336587066412,0.14991626330640687,0.6754451222536328,0.94965483578551,0.524110063498172,89.70627737045288,1.1851553916931152
data_BoTIoT.csv,LOF,MinMaxScaler,5,61.240023090244364,93.31439954727414,29.949450932543144,0.09891136699749602,0.3796616448505804,0.959731543624161,0.23663652106984798,0.06739354133605957,0.4808681011199951
data_BoTIoT.csv,AutoEncoder,MinMaxScaler,5,85.07259031207464,97.21839102663377,43.75108941955726,0.18108384527148244,0.5558155540261528,0.9763056092843327,0.3884933615547431,4.920380592346191,1.501598596572876
data_BoTIoT.csv,CBLOF,MinMaxScaler,5,85.16831932952772,96.05399173215461,32.28168032072512,0.1118277364216833,0.41262737746061506,0.962884561106407,0.26257456224745046,0.022733211517333984,0.02420520782470703
data_BoTIoT.csv,HBOS,MinMaxScaler,5,77.31585316314968,95.23783807959403,33.243855673697055,0.11566289519825806,0.4260408236669364,0.9632691786391976,0.2735039445834135,0.007803916931152344,0.025042295455932617
data_BoTIoT.csv,DASVDD,MinMaxScaler,5,82.81178600189567,96.14911661514135,56.133867875196096,0.21010974635052218,0.6879757978525554,0.9672291172779249,0.5338464498749278,20.177287340164185,28.5040545463562
data_BoTIoT.csv,AE1SVM,MinMaxScaler,5,83.65446161959534,96.52266526084622,26.595781767474293,0.06977685191534705,0.33134328358208953,0.9476839237057221,0.20076967481239177,42.55543541908264,2.106827974319458
data_BoTIoT.csv,DevNet,MinMaxScaler,5,47.26191036139083,90.5631303326606,21.669862297367963,0.042314782517640565,0.25135774497717656,0.9364448857994042,0.1451606696170868,3.8505263328552246,0.45465564727783203
data_BoTIoT.csv,DeepSVDD,MinMaxScaler,5,76.92793634504238,95.41486014357264,34.42565800941259,0.1251118022391598,0.4415083135391924,0.9662118258609487,0.28612661150663843,10.089251518249512,0.012551069259643555
data_BoTIoT.csv,IForest,MinMaxScaler,5,77.82997598329521,94.17481397725368,20.930800069722853,0.02608484361417895,0.2407016839074688,0.9251158003088008,0.13834904752741967,0.14887094497680664,0.16058039665222168
data_BoTIoT.csv,OCSVM,MinMaxScaler,5,72.7077359445264,94.64260914776236,29.206902562314795,0.08815817576253612,0.36991529367960535,0.9546764894298526,0.2294015778333654,2.1468799114227295,8.83985161781311
data_BoTIoT.csv,LODA,MinMaxScaler,5,22.669089717001974,82.04149309236682,10.336412759281854,-0.13914861013401697,0.03972520908004779,0.6658322903629537,0.020473350009620934,0.03201484680175781,1.3699486255645752
data_BoTIoT.csv,MO_GAAL,MinMaxScaler,5,20.212566366636022,81.33155223262285,8.697925745162976,-0.2661465427840562,0.005619257346799301,0.2096317280453258,0.0028477968058495287,13.225981950759888,0.004753589630126953
data_BoTIoT.csv,SUOD,MinMaxScaler,5,65.38375130951617,90.4085957956548,13.770263203765035,-0.11768149166728871,0.12190706095353047,0.7861721611721612,0.06607658264383298,0.11847949028015137,0.6006016731262207
data_BoTIoT.csv,DIF,MinMaxScaler,5,47.444364626315746,88.59279488483531,49.991284643541924,-0.0002500112407028096,0.6442829865846703,0.9058011434946311,0.49994227438907063,0.5671029090881348,62.82963252067566
data_BoTIoT.csv,ALAD,MinMaxScaler,5,51.49138463073426,90.98242513120172,19.351577479518912,0.014236598333614098,0.21318277668185837,0.9171788118232368,0.12060804310178949,4.946964502334595,0.021271944046020508
data_BoTIoT.csv,COPOD,MinMaxScaler,5,39.15417441686443,84.82168357169778,7.289524141537389,-0.45645424969052545,0.0076125083961489665,0.12546125461254612,0.0039253415431979985,0.01873326301574707,0.25117921829223633
data_BoTIoT.csv,ECOD,MinMaxScaler,5,36.902445142853075,83.92123662935415,7.896112951019697,-0.3999415937171861,0.017770837980518997,0.2617743702081051,0.009197614008081586,0.018690824508666992,0.3011021614074707
data_BoTIoT.csv,VAE,MinMaxScaler,5,88.0215950797825,97.7504464637929,47.516123409447445,0.2026130874280307,0.5974921797716761,0.9786302329654931,0.43001731768327883,25.00655174255371,1.8808534145355225
data_BoTIoT.csv,SO_GAAL,MinMaxScaler,5,22.958797454371823,82.22859818637787,8.805996165243158,-0.25508623713905687,0.009016176080615222,0.28883495145631066,0.004579565133730998,3.33998441696167,0.008678913116455078
data_BoTIoT.csv,KNN,Normalizer,0,68.57508534125813,89.98776448770911,8.380686770088897,-0.3159789413718763,0.0007604273601764191,0.03164556962025317,0.00038483740619588223,0.05361175537109375,3.6649608612060547
data_BoTIoT.csv,LUNAR,Normalizer,0,97.13220946557487,99.38988678059809,98.17674742896985,0.888874328708221,0.9900162260188985,0.9822348484848484,0.9979218780065422,1.884244680404663,0.7206611633300781
data_BoTIoT.csv,NeuTraLAD,Normalizer,0,60.02544915513936,91.74794154540422,48.75370402649468,0.09751176314266916,0.6219719179139022,0.9373691961863422,0.4653838753126804,85.5012879371643,1.2303848266601562
data_BoTIoT.csv,LOF,Normalizer,0,62.21433305539521,94.68047331162634,44.97123932368834,0.18194152918769918,0.5702774072360003,0.9745068850018608,0.4030786992495671,0.05333256721496582,0.4598429203033447
data_BoTIoT.csv,AutoEncoder,Normalizer,0,80.70904724235493,96.81295198440448,42.86560920341642,0.16538647598057357,0.5469272661930169,0.9709462112288968,0.3806811622089667,5.080464124679565,1.607853889465332
data_BoTIoT.csv,CBLOF,Normalizer,0,58.831793271046685,91.03168446004923,17.559700191737843,-0.014007166389379587,0.1831997789444598,0.8938321536905965,0.10205888012314797,0.00961923599243164,0.01943063735961914
data_BoTIoT.csv,HBOS,Normalizer,0,86.40920260264112,97.71129765112421,60.42879553773749,0.27223258928076216,0.7245504622776578,0.9806227009984235,0.5745237637098326,0.007595539093017578,0.024866819381713867
data_BoTIoT.csv,DASVDD,Normalizer,0,50.998596056129244,90.87937918263924,50.87327871709954,0.031408580467731935,0.650426671958722,0.915055489634955,0.5045218395228016,18.78290891647339,28.757299661636353
data_BoTIoT.csv,AE1SVM,Normalizer,0,79.40751715733437,96.12780704836754,26.240195223984664,0.06966643187031425,0.3255339496334077,0.9481894150417828,0.19649797960361748,41.173346519470215,2.0788259506225586
data_BoTIoT.csv,DevNet,Normalizer,0,40.40811365531397,87.47762172630704,10.193480913369356,-0.14226539674196545,0.03614322595128522,0.6509433962264151,0.018587646719261112,3.540755033493042,0.39296388626098633
data_BoTIoT.csv,DeepSVDD,Normalizer,0,88.46903626736223,98.03538695016262,55.398291790134216,0.24474553771919635,0.6778303787268332,0.9804764333066219,0.5179526649990379,9.726359844207764,0.011364221572875977
data_BoTIoT.csv,IForest,Normalizer,0,80.07176647496064,95.44376738353095,31.59142408924525,0.10343042844970428,0.4037193472910146,0.9594165222414789,0.2556474889359246,0.1515638828277588,0.1481008529663086
data_BoTIoT.csv,OCSVM,Normalizer,0,49.287842701273526,90.47996264010439,18.633432107373192,0.010075669641036178,0.20008225375282748,0.914187284685249,0.11233403886857803,1.8365004062652588,8.368717432022095
data_BoTIoT.csv,LODA,Normalizer,0,46.38992509923817,90.39792354630664,17.692173609900642,0.003983100823856766,0.18264903413418265,0.9093416063426405,0.10152010775447373,0.030483722686767578,1.3103375434875488
data_BoTIoT.csv,MO_GAAL,Normalizer,0,39.82187159258547,87.1628940371997,10.050549067456858,-0.1529903082307268,0.033777711204313964,0.627260083449235,0.01735616701943429,12.353818893432617,0.0049245357513427734
data_BoTIoT.csv,SUOD,Normalizer,0,70.99132690512333,93.24483266179355,23.991633257800242,0.00023271574044800256,0.29972699534286174,0.9060194174757281,0.17956513373099867,0.12728071212768555,0.5979764461517334
data_BoTIoT.csv,DIF,Normalizer,0,32.71563223797205,85.22803043769358,45.48021614084016,-0.15473668906308938,0.6121953033947479,0.8606888857899875,0.475043294208197,0.5557997226715088,42.135154724121094
data_BoTIoT.csv,ALAD,Normalizer,0,49.319802735196234,90.32462241587724,17.137876939166812,-1.4821126282138686e-05,0.17224447153055894,0.9058608058608059,0.09517029055224167,4.666581153869629,0.017546415328979492
data_BoTIoT.csv,COPOD,Normalizer,0,40.75754530747796,84.77756916120246,7.230259717622451,-0.46222193221688523,0.0020251265704106505,0.039705882352941174,0.001039060996728882,0.01685047149658203,0.23140192031860352
data_BoTIoT.csv,ECOD,Normalizer,0,42.378932289996364,84.47710903472714,8.073906222764512,-0.37934463873238833,0.018024056902394517,0.27880184331797236,0.00931306522994035,0.01679205894470215,0.258225679397583
data_BoTIoT.csv,VAE,Normalizer,0,76.60128279135398,95.53992003549665,23.482656440648423,0.04912195610425909,0.2823606342978584,0.938695652173913,0.16617279199538196,23.137142658233643,1.7868525981903076
data_BoTIoT.csv,SO_GAAL,Normalizer,0,39.448111089731256,86.94488112208762,10.092382778455638,-0.15090624189570126,0.03466087737685282,0.6333789329685362,0.01781797190686935,3.3033528327941895,0.008718490600585938
data_BoTIoT.csv,KNN,Normalizer,1,68.3534232712605,89.94165354502334,8.363256057172737,-0.31867661236768796,0.0007602828252109785,0.03115264797507788,0.00038483740619588223,0.057640790939331055,3.5776450634002686
data_BoTIoT.csv,LUNAR,Normalizer,1,95.96072734269771,99.18208646385239,97.2564057869967,0.8293096730756405,0.9850160881899358,0.9747531841133469,0.9954974023475082,1.8904941082000732,0.7671809196472168
data_BoTIoT.csv,NeuTraLAD,Normalizer,1,57.35670935511228,91.33834439287315,51.73784207774098,0.0866177703334503,0.654314822213344,0.9316646519234871,0.5042139695978449,88.89777040481567,1.2662684917449951
data_BoTIoT.csv,LOF,Normalizer,1,61.46990215152617,94.5168173003005,42.84469234791703,0.17199364687435537,0.5458826136332161,0.9739078869341767,0.37921878006542237,0.0717020034790039,0.49176621437072754
data_BoTIoT.csv,AutoEncoder,Normalizer,1,78.75299496148062,96.23144448322971,34.519783859159844,0.120406435586149,0.4435161318993867,0.9635684860968075,0.28805079853761784,4.774045944213867,1.6391017436981201
data_BoTIoT.csv,CBLOF,Normalizer,1,58.60887121487468,91.03133320166278,17.082098657835104,-0.0042560763554982135,0.17186031127049894,0.902046783625731,0.09497787184914373,0.009403705596923828,0.019460201263427734
data_BoTIoT.csv,HBOS,Normalizer,1,82.46551429243367,96.5097766835457,48.056475509848354,0.196578871898893,0.6042286442838929,0.9752207836748692,0.43771406580719646,0.007843971252441406,0.02502608299255371
data_BoTIoT.csv,DASVDD,Normalizer,1,50.558091206465264,90.7559978383559,50.45842774969497,0.01574783638541759,0.6476058224018647,0.9104727374145866,0.502520685010583,19.692203760147095,28.572702407836914
data_BoTIoT.csv,AE1SVM,Normalizer,1,77.10493447074167,95.56161427455918,22.56928708384173,0.044044909069683696,0.2671813652710416,0.9364014801110083,0.15582066576871273,40.62842845916748,2.160895586013794
data_BoTIoT.csv,DevNet,Normalizer,1,40.37863653532309,87.46354965459074,10.183022485619663,-0.143182240388699,0.035994911322307865,0.6491228070175439,0.018510679238021934,3.541654348373413,0.5443356037139893
data_BoTIoT.csv,DeepSVDD,Normalizer,1,87.58370356117133,97.79252703557802,49.65312881296845,0.21212564412834334,0.6203869204079487,0.9786051911435443,0.4541466230517606,9.532728910446167,0.011029243469238281
data_BoTIoT.csv,IForest,Normalizer,1,78.98406915670722,94.97048875711208,30.88025100226599,0.0959842547649986,0.3942439888790443,0.9564186184405574,0.24829709447758322,0.1511974334716797,0.1494123935699463
data_BoTIoT.csv,OCSVM,Normalizer,1,49.25465760160777,90.47241169152132,18.62645982220673,0.010006954027279098,0.19995887030435974,0.914133500470072,0.11225707138733886,1.7983522415161133,8.501174688339233
data_BoTIoT.csv,LODA,Normalizer,1,59.22645400836666,92.45491522360365,24.52849921561792,0.06086219824970223,0.2983633122670556,0.9451745379876797,0.1771406580719646,0.028347253799438477,0.9313867092132568
data_BoTIoT.csv,MO_GAAL,Normalizer,1,39.77266442890841,87.27706367934832,10.054035210040091,-0.14990566319378598,0.033344573077067174,0.6303116147308782,0.01712526457571676,12.895029067993164,0.005180835723876953
data_BoTIoT.csv,SUOD,Normalizer,1,68.66604522552186,91.61026936861893,18.12445529022137,-0.05490914485293163,0.2020250067953248,0.8624891209747607,0.11441216086203579,0.12542009353637695,0.6858048439025879
data_BoTIoT.csv,DIF,Normalizer,1,32.67653418282628,85.4004571735441,45.89855325082796,-0.1404102583531308,0.6151709772608922,0.8648724027332311,0.4773523186453723,0.5599334239959717,43.56953430175781
data_BoTIoT.csv,ALAD,Normalizer,1,49.32529735816247,90.32451025316699,17.535297193655218,-0.0015562461373164838,0.18049540966568509,0.9045138888888888,0.10025014431402732,4.873438835144043,0.018053293228149414
data_BoTIoT.csv,COPOD,Normalizer,1,40.72802970374646,84.77382601773384,7.209342862123061,-0.4644423648127388,0.002174320524835989,0.042028985507246375,0.0011160284779680584,0.017192602157592773,0.2277686595916748
data_BoTIoT.csv,ECOD,Normalizer,1,42.349366799934444,84.47260127517661,8.046017082098658,-0.3829718544228161,0.018164898566908616,0.2772727272727273,0.009390032711179526,0.016022682189941406,0.2353038787841797
data_BoTIoT.csv,VAE,Normalizer,1,76.44290438215779,95.3991910011935,22.47516123409447,0.04218986013691522,0.26583030703202376,0.935191637630662,0.1549355397344622,23.68291401863098,1.7732577323913574
data_BoTIoT.csv,SO_GAAL,Normalizer,1,39.64481787926083,87.11292266608865,10.13770263203765,-0.14828216286670823,0.0355445803868747,0.6401617250673854,0.018279776794304408,3.9571194648742676,0.008397817611694336
data_BoTIoT.csv,KNN,Normalizer,3,67.84403110056371,89.80421379435433,8.349311486839811,-0.32081916494577273,0.0007601672367920942,0.03076923076923077,0.00038483740619588223,0.06184983253479004,3.6390631198883057
data_BoTIoT.csv,LUNAR,Normalizer,3,94.7603332406873,98.89988480916145,76.33955028760676,0.42407898434355257,0.8510348763196594,0.9903453208009808,0.7460842793919569,1.9619450569152832,0.8290433883666992
data_BoTIoT.csv,NeuTraLAD,Normalizer,3,57.00108894732717,91.77056546673069,47.79501481610598,0.07695601832808742,0.6136381227585851,0.9309534992954439,0.45764864344814316,87.68448400497437,1.1937386989593506
data_BoTIoT.csv,LOF,Normalizer,3,60.61809092140052,94.28323594918785,41.101621056301205,0.16731245094294298,0.5248207003234425,0.9749216300940439,0.35905329998075813,0.05941057205200195,0.49550604820251465
data_BoTIoT.csv,AutoEncoder,Normalizer,3,75.72189012179392,95.1976896101287,25.25013073034687,0.0646445465529867,0.30992533470648814,0.9465303715352861,0.1852992110833173,5.187726259231567,1.537745475769043
data_BoTIoT.csv,CBLOF,Normalizer,3,58.93861700838803,91.0238248495829,17.270350357329615,-0.015380859641681361,0.1776345427452611,0.8924094707520891,0.09863382720800462,0.008497476577758789,0.026505470275878906
data_BoTIoT.csv,HBOS,Normalizer,3,80.33408091562796,96.00735931939798,42.405438382429836,0.16698459284033676,0.5410960806644259,0.972444089456869,0.3748316336347893,0.0077457427978515625,0.02502131462097168
data_BoTIoT.csv,DASVDD,Normalizer,3,50.93356851174823,90.85387364341713,50.632734878856546,0.022492483502960077,0.6487760113098043,0.9124459327473141,0.5033288435635944,19.36273431777954,27.689029932022095
data_BoTIoT.csv,AE1SVM,Normalizer,3,78.43482992324633,95.72919506056665,22.99459647899599,0.04650484985996093,0.2742714459375103,0.9375561545372866,0.16063113334616125,41.86355757713318,2.140305519104004
data_BoTIoT.csv,DevNet,Normalizer,3,40.35273341457678,87.45114204606512,10.176050200453199,-0.14603362465129446,0.03628067025733094,0.6458055925432756,0.01866461420050029,3.81266713142395,0.5678133964538574
data_BoTIoT.csv,DeepSVDD,Normalizer,3,86.33804759155923,97.53228890707265,45.065365173435595,0.18786180687637502,0.5707202789582653,0.9768721439895551,0.4031171829901867,10.26435399055481,0.011852264404296875
data_BoTIoT.csv,IForest,Normalizer,3,80.61646248904283,95.73048947459736,32.53616872930103,0.10982795537690679,0.41665159462229456,0.9613298094310753,0.2659611314219742,0.14823126792907715,0.15129756927490234
data_BoTIoT.csv,OCSVM,Normalizer,3,49.12960611178814,90.44643858833025,18.50095868921039,0.010013915173689415,0.1975147604009337,0.9142040038131554,0.11071772176255532,1.908456563949585,8.58806300163269
data_BoTIoT.csv,LODA,Normalizer,3,51.05201505141854,91.1859481586213,21.0353843472198,0.038901020614467936,0.24038364800965828,0.9347939488784559,0.13792572638060419,0.028682470321655273,0.813513994216919
data_BoTIoT.csv,MO_GAAL,Normalizer,3,39.75151618811423,87.25029980100454,10.081924350705943,-0.15307116745711297,0.034729239175180567,0.6304347826086957,0.017856455647488934,13.903518915176392,0.0055277347564697266
data_BoTIoT.csv,SUOD,Normalizer,3,67.67052359267099,91.10966768192922,15.861948753704027,-0.08445800314891279,0.16142594072478372,0.830829756795422,0.08939772945930344,0.12272930145263672,0.5954732894897461
data_BoTIoT.csv,DIF,Normalizer,3,32.27064902115893,85.0115352470166,45.50113299633955,-0.15402036752759143,0.6123440870880551,0.8608980616371497,0.4751587454300558,0.5518004894256592,43.509963274002075
data_BoTIoT.csv,ALAD,Normalizer,3,49.32035789878776,90.3250622286425,17.59107547498693,-0.0006341492175261219,0.1814467259946674,0.9053213545266068,0.10082740042332115,5.040323257446289,0.01921701431274414
data_BoTIoT.csv,COPOD,Normalizer,3,40.678515382806324,84.7669757433717,7.167509151124281,-0.46888632711001493,0.0023976323380661595,0.04519774011299435,0.0012314796998268232,0.01750802993774414,0.2696707248687744
data_BoTIoT.csv,ECOD,Normalizer,3,42.30070624790655,84.46459754575864,8.063447795014817,-0.3834735813688273,0.019482450922070196,0.287596048298573,0.010082740042332115,0.0168917179107666,0.261519193649292
data_BoTIoT.csv,VAE,Normalizer,3,75.23727720408498,95.33242457921442,23.566323862645984,0.05576557129033632,0.2826762637003108,0.9432314410480349,0.16624975947662113,24.485775470733643,1.8631680011749268
data_BoTIoT.csv,SO_GAAL,Normalizer,3,43.27157761956685,89.29329736373252,18.23252571030155,0.012715984627581486,0.19179215051169843,0.9166666666666666,0.10710025014431403,3.549922227859497,0.04061079025268555
data_BoTIoT.csv,KNN,Normalizer,5,66.83036794732004,89.64036295066849,8.321422346173959,-0.32506386663846576,0.0007599361653621095,0.03003003003003003,0.00038483740619588223,0.05591392517089844,3.7105660438537598
data_BoTIoT.csv,LUNAR,Normalizer,5,93.80089153999103,98.70109043207471,77.00191737842079,0.42727794669424335,0.8559386805843688,0.9893982229402262,0.75420434866269,2.04617977142334,0.7559151649475098
data_BoTIoT.csv,NeuTraLAD,Normalizer,5,38.22694004375744,86.91549566438839,38.263900993550635,-0.09235988627062895,0.5227842302406425,0.8719884933477167,0.37329228401000575,89.84443831443787,1.1843018531799316
data_BoTIoT.csv,LOF,Normalizer,5,60.43248740370157,94.14618060399896,39.01342164894544,0.15761097167245122,0.4992844467342149,0.9741985926505082,0.3356551856840485,0.07240581512451172,0.45941805839538574
data_BoTIoT.csv,AutoEncoder,Normalizer,5,79.34480433868542,95.77653692372321,26.80495032246819,0.07887174271204149,0.3332486503651953,0.953133514986376,0.20192418703097942,5.082455635070801,1.565518856048584
data_BoTIoT.csv,CBLOF,Normalizer,5,58.890339868442624,90.98696512327278,17.549241763988146,-0.013180852518297257,0.18284213799537022,0.8945233265720081,0.10182797767943044,0.009801626205444336,0.02001047134399414
data_BoTIoT.csv,HBOS,Normalizer,5,79.06040023090245,95.71471514786788,39.35506362210214,0.15168587782566684,0.5045003987695112,0.9707333114107202,0.3408120069270733,0.007642507553100586,0.0249025821685791
data_BoTIoT.csv,DASVDD,Normalizer,5,49.57579087650282,90.57326201537063,50.34338504444832,0.0119049801295617,0.6467787531617318,0.9093508123561815,0.50186646142005,20.088770866394043,27.819313287734985
data_BoTIoT.csv,PCA,Normalizer,5,81.40641181878433,96.54242660803128,38.55673697054209,0.1513308749034208,0.4941304784592865,0.971996386630533,0.3312680392534154,0.005797863006591797,0.02716064453125
data_BoTIoT.csv,AE1SVM,Normalizer,5,77.24029960304735,95.54024344370299,23.343210737319158,0.05300775366883071,0.27926185715690455,0.9416445623342176,0.16394073503944584,42.68048620223999,2.0634613037109375
data_BoTIoT.csv,DevNet,Normalizer,5,40.29575538594203,87.43867591843689,10.172564057869966,-0.1474480409440569,0.03642346957854979,0.6441798941798942,0.018741581681739464,4.353044748306274,0.4718451499938965
data_BoTIoT.csv,DeepSVDD,Normalizer,5,75.61999515389932,95.16828569753845,34.31061530416594,0.1251326183646338,0.43987990844505215,0.9664315569487983,0.28474119684433324,9.463240146636963,0.011956453323364258
data_BoTIoT.csv,IForest,Normalizer,5,75.13699071401592,93.79413342458685,22.220672825518566,0.04214609122878758,0.2612985465020031,0.9355144618302513,0.15185684048489514,0.15442276000976562,0.16290640830993652
data_BoTIoT.csv,OCSVM,Normalizer,5,49.07391443781669,90.43518746684329,18.490500261460692,0.009910188323399112,0.19732912218064472,0.9141221374045801,0.11060227054069656,2.0235354900360107,8.834566354751587
data_BoTIoT.csv,LODA,Normalizer,5,34.12603781383846,87.01898414777783,14.219975597001918,-0.048538155002151646,0.11920103092783506,0.8534085084572014,0.06407542813161439,0.02900242805480957,0.9637255668640137
data_BoTIoT.csv,MO_GAAL,Normalizer,5,40.04852372095012,87.3595583724357,10.088896635872407,-0.15272712658458773,0.03487632376604423,0.6314363143631436,0.017933423128728112,13.977030992507935,0.005267143249511719
data_BoTIoT.csv,SUOD,Normalizer,5,66.34445370904866,90.53847008615782,13.86787519609552,-0.12114331857417783,0.12482731748786795,0.7845057880676759,0.06780835097171445,0.1244814395904541,0.6088979244232178
data_BoTIoT.csv,DIF,Normalizer,5,32.919409345847676,85.32704115591827,45.919470106327346,-0.13969393681763287,0.6153197609541994,0.8650815785803933,0.4774677698672311,0.5408656597137451,43.53507161140442
data_BoTIoT.csv,ALAD,Normalizer,5,49.32009635188392,90.32307957470704,17.448143629074426,-0.0012073354694313474,0.17869034406215317,0.9048120828942747,0.09913411583605926,4.963871002197266,0.02007150650024414
data_BoTIoT.csv,COPOD,Normalizer,5,40.627367640875434,84.75990010255315,7.132647725291965,-0.47255752375559473,0.002620839417424838,0.04834254143646409,0.0013469309216855877,0.017679691314697266,0.27414631843566895
data_BoTIoT.csv,ECOD,Normalizer,5,42.2450943920638,84.45611052317862,8.073906222764512,-0.38355688346429173,0.02014046300769202,0.29265658747300216,0.01042909370790841,0.020222187042236328,0.2539966106414795
data_BoTIoT.csv,VAE,Normalizer,5,73.9294514641638,94.93219942926375,21.526930451455463,0.035699818230273565,0.24991669443518827,0.9316770186335404,0.14431402732345583,23.733425855636597,1.7518370151519775
data_BoTIoT.csv,SO_GAAL,Normalizer,5,39.837911473143336,87.05900929860009,10.20045319853582,-0.1486176557937108,0.03744254699002279,0.645618556701031,0.0192803540504137,3.592498540878296,0.008496522903442383
data_BoTIoT.csv,KNN,RobustScaler,0,74.16818392377368,92.60202382850511,11.9714136308175,-0.09259737217443367,0.07461428519075017,0.7818740399385561,0.03917644795074081,0.05763578414916992,6.155660629272461
data_BoTIoT.csv,LUNAR,RobustScaler,0,99.32939088790542,99.861490606302,99.38643890535123,0.9635783640737924,0.9966229181057641,0.993838735601393,0.9994227438907062,1.8931760787963867,0.7167158126831055
data_BoTIoT.csv,NeuTraLAD,RobustScaler,0,98.24954781604771,99.7974510023449,59.37598047760153,0.32113958435270107,0.7110372703151735,0.999651373588063,0.5517413892630364,85.92042851448059,1.1714138984680176
data_BoTIoT.csv,LOF,RobustScaler,0,93.40858686279122,99.21834098494604,89.65661495555169,0.6053899184147329,0.940134379855128,0.9881659314557176,0.8965557052145469,0.059671640396118164,0.4925975799560547
data_BoTIoT.csv,AutoEncoder,RobustScaler,0,97.04532030587445,99.49556417451478,96.24891058044274,0.8006404991082294,0.9790929934325574,0.988775950708371,0.9695978449105253,4.775165557861328,1.5543947219848633
data_BoTIoT.csv,CBLOF,RobustScaler,0,49.29226191748801,88.79019476821671,10.291092905699843,-0.14776369004934992,0.03992090437637578,0.6540342298288508,0.0205888012314797,0.007856130599975586,0.018856525421142578
data_BoTIoT.csv,HBOS,RobustScaler,0,86.2053634931834,97.84453957979402,53.76329091859857,0.2316991097515802,0.6622870674509205,0.9787025888019265,0.5004810467577449,0.007415771484375,0.026124000549316406
data_BoTIoT.csv,DASVDD,RobustScaler,0,69.61008274004233,92.19306316850468,54.99041310789611,0.17095083574330208,0.6798422892850944,0.9557941709663924,0.5275351164133154,18.74257230758667,27.789306640625
data_BoTIoT.csv,AE1SVM,RobustScaler,0,91.18265167226106,98.45130928377708,75.59002963221195,0.3956776909353324,0.8463462804476629,0.9846310952259382,0.7421204541081393,41.19768691062927,2.0682432651519775
data_BoTIoT.csv,DevNet,RobustScaler,0,64.65723672489113,94.18111329501784,29.98779850095869,0.1025628247361416,0.3796756756756757,0.9618153364632238,0.23652106984798923,3.4907753467559814,0.5332210063934326
data_BoTIoT.csv,DeepSVDD,RobustScaler,0,86.11273526749763,97.67464175562289,45.473243855673694,0.18541789815936927,0.5757912722736026,0.9751056402719088,0.408504906676929,9.995514392852783,0.01145625114440918
data_BoTIoT.csv,IForest,RobustScaler,0,80.70816211632066,95.12926233477666,26.546975771309043,0.07149504334591679,0.3302606484424666,0.9488584474885845,0.1999230325187608,0.14449214935302734,0.14972925186157227
data_BoTIoT.csv,OCSVM,RobustScaler,0,73.33393196929853,94.5454964689303,46.16001394457033,0.09929692673373558,0.5931506849315068,0.940125260960334,0.4332499518953242,2.548283815383911,10.335304737091064
data_BoTIoT.csv,LODA,RobustScaler,0,47.30498221908652,90.45645882013318,24.34024751612341,0.06545355163886984,0.2943720128751179,0.9486588432523051,0.1742158937848759,0.027812480926513672,0.832261323928833
data_BoTIoT.csv,MO_GAAL,RobustScaler,0,17.749996793021612,83.28939501843516,9.412584974725466,0.0,0.0,0.0,0.0,12.677843570709229,0.00481867790222168
data_BoTIoT.csv,SUOD,RobustScaler,0,69.21627862228209,92.39595617655964,19.12149206902562,-0.04462465470534141,0.2195384511875126,0.872226677358995,0.12557244564171638,0.1248469352722168,0.595635175704956
data_BoTIoT.csv,DIF,RobustScaler,0,91.539122998311,98.69530651673081,57.967578873975945,0.2729072676291739,0.7010191682991544,0.9855668665458095,0.5439676736578796,0.5830862522125244,64.36364459991455
data_BoTIoT.csv,ALAD,RobustScaler,0,40.20763759718926,88.03111327152942,14.251350880251001,-0.047310456563534886,0.11968075587845818,0.8548057259713702,0.06434481431595152,5.099847316741943,0.020782947540283203
data_BoTIoT.csv,COPOD,RobustScaler,0,39.2615126960711,84.83759225127334,7.387136133867875,-0.4456463564807979,0.007472166180975865,0.12804097311139565,0.0038483740619588225,0.01679229736328125,0.24706292152404785
data_BoTIoT.csv,ECOD,RobustScaler,0,37.064815171145746,83.9462937984196,7.976294230434025,-0.38949733332145564,0.017200938232994525,0.2643020594965675,0.00888974408312488,0.016478776931762695,0.23989033699035645
data_BoTIoT.csv,VAE,RobustScaler,0,90.2674377668028,98.34082496719199,70.62576259369008,0.35262727123419774,0.808960232167959,0.9844931295182385,0.6865499326534539,24.707014322280884,1.7603392601013184
data_BoTIoT.csv,SO_GAAL,RobustScaler,0,36.11123368895161,88.05608001333691,9.412584974725466,0.0,0.0,0.0,0.0,3.5147993564605713,0.00870370864868164
data_BoTIoT.csv,KNN,RobustScaler,1,71.16349033274182,91.89725821314167,11.50427052466446,-0.10554947468694721,0.06518136623089671,0.7564102564102564,0.03405811044833558,0.06714415550231934,6.152788400650024
data_BoTIoT.csv,LUNAR,RobustScaler,1,93.95703005295077,99.08226603512351,64.78298762419384,0.3291116250627212,0.7605253176559833,0.99024631150071,0.6173176832788148,1.848489761352539,0.8041629791259766
data_BoTIoT.csv,NeuTraLAD,RobustScaler,1,97.04727371204186,99.59697860951047,59.24350705943873,0.31660288129454756,0.7100949735908945,0.9983265932227026,0.5510101981912642,87.42961621284485,1.116502046585083
data_BoTIoT.csv,LOF,RobustScaler,1,90.65333632651317,98.78649518603797,78.67875196095521,0.4377904255386253,0.8680873091191441,0.9874871190931842,0.7744467962285935,0.06068825721740723,0.4657435417175293
data_BoTIoT.csv,AutoEncoder,RobustScaler,1,94.99086581289775,99.11716198583174,85.77653826041485,0.5333895609636322,0.9157512183034608,0.9880140801140668,0.8533384644987493,4.831530332565308,1.5274498462677002
data_BoTIoT.csv,CBLOF,RobustScaler,1,49.247955729445046,88.7892803425764,10.287606763116612,-0.14791899512732976,0.039847772554286995,0.653610771113831,0.02055031749086011,0.008000612258911133,0.05620431900024414
data_BoTIoT.csv,HBOS,RobustScaler,1,85.51197770793692,97.72922422757615,51.124280983092206,0.2183779277688533,0.635749545336451,0.9784086365453818,0.4708485664806619,0.008038997650146484,0.026866436004638672
data_BoTIoT.csv,DASVDD,RobustScaler,1,72.14664086830722,92.31273302661745,54.70454941607111,0.16116110809149706,0.6778089121432291,0.9529354343885093,0.5259572830479122,19.697810649871826,27.94678235054016
data_BoTIoT.csv,AE1SVM,RobustScaler,1,89.92287858379835,98.18064873803058,56.96356981000523,0.2526861871863865,0.692765237301212,0.9804170188785574,0.5356167019434289,41.50619554519653,2.0355262756347656
data_BoTIoT.csv,DevNet,RobustScaler,1,63.94258439698116,94.01179006908544,29.074429144152,0.09817974900688908,0.3662586051147868,0.9609349460608042,0.22624591110255918,3.70792555809021,0.41138458251953125
data_BoTIoT.csv,DeepSVDD,RobustScaler,1,85.31406651985832,97.43839482896814,42.40195223984661,0.1690763359224946,0.5408004446914952,0.9733866933466734,0.37440831248797385,9.666808843612671,0.011465787887573242
data_BoTIoT.csv,IForest,RobustScaler,1,81.40527369778863,95.55202975069325,35.729475335541224,0.12700162564364903,0.4594182500586442,0.9648971548220224,0.30148162401385414,0.1492748260498047,0.16164660453796387
data_BoTIoT.csv,OCSVM,RobustScaler,1,69.90273305824586,93.50478808584846,34.868398117483004,0.027524428061951656,0.46187966243267375,0.9180215250744218,0.3085626322878584,2.605678081512451,10.52636456489563
data_BoTIoT.csv,LODA,RobustScaler,1,54.25049351834035,91.12673013889112,19.877985009586894,0.025712601642917925,0.22115286861635433,0.9259364358683314,0.12557244564171638,0.030797243118286133,1.1484787464141846
data_BoTIoT.csv,MO_GAAL,RobustScaler,1,24.558603610345,85.02922108373541,9.412584974725466,0.0,0.0,0.0,0.0,12.702215194702148,0.0055239200592041016
data_BoTIoT.csv,SUOD,RobustScaler,1,70.130774877244,92.37082610596772,19.28185462785428,-0.045627653899930065,0.22281149301825995,0.8718150774888364,0.12772753511641333,0.1154322624206543,0.5720233917236328
data_BoTIoT.csv,DIF,RobustScaler,1,89.8753012778027,98.21129152666597,57.61896461565278,0.2609685753708751,0.6985394400773676,0.9820806024264398,0.5420434866269002,0.5554039478302002,64.98712491989136
data_BoTIoT.csv,ALAD,RobustScaler,1,40.13553332050542,88.06122018754549,14.251350880251001,-0.043673403245637454,0.11905017728591383,0.8584710743801653,0.06395997690975563,4.933841943740845,0.018114805221557617
data_BoTIoT.csv,COPOD,RobustScaler,1,39.23741759847206,84.8341097773813,7.369705420951717,-0.44761944044056107,0.007544914652821873,0.1281725888324873,0.0038868578025784105,0.017133712768554688,0.22958040237426758
data_BoTIoT.csv,ECOD,RobustScaler,1,37.030593148468846,83.94110715730415,7.948405089768172,-0.3930552245151366,0.017342116035875106,0.26297968397291194,0.008966711564364056,0.015579700469970703,0.23711228370666504
data_BoTIoT.csv,VAE,RobustScaler,1,89.50144456559697,98.11144231628847,61.01446749172042,0.28063941662399844,0.729428274176768,0.9822755115339502,0.5801039060996729,24.636741399765015,1.790661334991455
data_BoTIoT.csv,SO_GAAL,RobustScaler,1,31.366226241635125,86.45604650046232,9.412584974725466,0.0,0.0,0.0,0.0,3.6657609939575195,0.009985685348510742
data_BoTIoT.csv,KNN,RobustScaler,3,68.5427219407208,91.20604300839794,11.263726686421474,-0.11593645297136387,0.06080732049295255,0.7376902417188899,0.0317106022705407,0.0691685676574707,6.199784278869629
data_BoTIoT.csv,LUNAR,RobustScaler,3,90.48045239775084,98.37002381109954,73.0067979780373,0.37147497684354475,0.8272307383358993,0.9843351741716228,0.713373099865307,1.8839595317840576,0.7338964939117432
data_BoTIoT.csv,NeuTraLAD,RobustScaler,3,95.96532686236363,99.39194711335986,58.929754226947885,0.3058580582620786,0.7078632181912863,0.9951889555152699,0.5492784298633827,92.86379528045654,1.1646625995635986
data_BoTIoT.csv,LOF,RobustScaler,3,64.94318873424126,94.43406353955129,34.16071117308698,0.12242514143709682,0.43815077051228657,0.9652641237383668,0.28339426592264766,0.052492618560791016,0.41973304748535156
data_BoTIoT.csv,AutoEncoder,RobustScaler,3,86.66300643533663,97.57070534853867,54.72895241415374,0.24019447932604676,0.6714401376378909,0.9800576113450034,0.5106407542813162,5.1627442836761475,1.550337553024292
data_BoTIoT.csv,CBLOF,RobustScaler,3,49.062183310884485,88.74352418572798,10.26320376503399,-0.15224114342897915,0.039908992577673344,0.6476997578692494,0.0205888012314797,0.015233993530273438,0.025130510330200195
data_BoTIoT.csv,HBOS,RobustScaler,3,84.53934819945981,97.56071006808007,46.323862645982224,0.19458270654466903,0.5846842715723033,0.9774531024531025,0.41708678083509715,0.010576486587524414,0.02913212776184082
data_BoTIoT.csv,DASVDD,RobustScaler,3,68.2527797375979,90.9491705548987,54.42565800941258,0.15161015428485802,0.6758251295657995,0.9501464230930136,0.5244179334231287,19.995614051818848,27.609850645065308
data_BoTIoT.csv,PCA,RobustScaler,3,81.57414320227481,96.73012303991665,40.85410493289176,0.16164078126769652,0.5224073865555681,0.9727434741587169,0.3570906292091591,0.005433082580566406,0.025991201400756836
data_BoTIoT.csv,AE1SVM,RobustScaler,3,87.83380012685382,97.74828081093978,44.98518389402126,0.18471318770675393,0.5701288442156301,0.9756666045123997,0.40273234558399074,40.72095513343811,2.0076651573181152
data_BoTIoT.csv,DevNet,RobustScaler,3,63.4924158524505,93.89572334607554,28.45389576433676,0.0968252502766812,0.3567465914433474,0.9613175675675676,0.21901096786607657,3.431166410446167,0.7018804550170898
data_BoTIoT.csv,DeepSVDD,RobustScaler,3,84.05197514235422,97.16506912739129,40.275405264075296,0.1596787561025231,0.5153058337577096,0.9728661467791903,0.35047142582258994,9.998947858810425,0.013296842575073242
data_BoTIoT.csv,IForest,RobustScaler,3,80.58202381715948,94.98305296417644,30.09586892103887,0.09423544116089845,0.3826354679802956,0.9567359507313318,0.23913796421012123,0.1453399658203125,0.16092753410339355
data_BoTIoT.csv,OCSVM,RobustScaler,3,64.86207569894312,92.05590271170652,24.748126198361515,-0.0493528535878494,0.32149368202678064,0.8773374506776462,0.1968058495285742,2.7379117012023926,10.857815742492676
data_BoTIoT.csv,LODA,RobustScaler,3,45.871357407051086,87.93779802426087,10.984835279762942,-0.10917088143186923,0.05240109849328286,0.7346514047866806,0.027169520877429285,0.03057408332824707,1.8680531978607178
data_BoTIoT.csv,MO_GAAL,RobustScaler,3,27.538880693277463,85.50958175470097,9.412584974725466,0.0,0.0,0.0,0.0,24.44345450401306,0.010872840881347656
data_BoTIoT.csv,SUOD,RobustScaler,3,67.86850462161217,91.434077452452,17.144849224333274,-0.0679264565020429,0.18486126830606717,0.8496216897856242,0.10371368096979026,0.16211771965026855,1.0861091613769531
data_BoTIoT.csv,DIF,RobustScaler,3,90.34671854845033,98.40293720547514,57.5213526233223,0.25762574153855144,0.6978451161752672,0.9811044484730164,0.5415047142582259,1.1325206756591797,65.50810837745667
data_BoTIoT.csv,ALAD,RobustScaler,3,41.148022719660204,88.35467642038783,14.711521701237581,-0.03447039634091705,0.12752754894618595,0.8696498054474708,0.06880892822782375,4.700284004211426,0.026552200317382812
data_BoTIoT.csv,COPOD,RobustScaler,3,39.19627562910226,84.82803041237396,7.324385567369705,-0.4526489524842928,0.007615350156786621,0.12702366127023662,0.0039253415431979985,0.022112369537353516,0.24355149269104004
data_BoTIoT.csv,ECOD,RobustScaler,3,36.970259195119695,83.93165238426657,7.910057521352623,-0.39793507376625004,0.017554299315679856,0.26135105204872644,0.00908216278622282,0.016405105590820312,0.22550106048583984
data_BoTIoT.csv,VAE,RobustScaler,3,88.62465239917616,97.96124228322562,54.17116960083668,0.2391146177391758,0.6658362989323844,0.9806813927368027,0.504021550894747,24.878612279891968,1.972771167755127
data_BoTIoT.csv,SO_GAAL,RobustScaler,3,28.715013647474684,85.7065110640874,9.412584974725466,0.0,0.0,0.0,0.0,3.825869560241699,0.009593963623046875
data_BoTIoT.csv,KNN,RobustScaler,5,67.07225963697005,90.88332247855789,11.25326825867178,-0.11865885674426503,0.06100844675592933,0.7344582593250444,0.03182605349239946,0.0634145736694336,6.3656229972839355
data_BoTIoT.csv,LUNAR,RobustScaler,5,86.30557087778563,97.69591265182346,37.31567021091163,0.17327918053135682,0.4746545125193561,0.9855617568551323,0.31260342505291516,2.080199718475342,0.698333740234375
data_BoTIoT.csv,NeuTraLAD,RobustScaler,5,94.94064096807988,99.18411167243443,58.81819766428447,0.302037676739423,0.7070697051603144,0.9940733509970715,0.5486626900134693,107.66292381286621,1.5893597602844238
data_BoTIoT.csv,LOF,RobustScaler,5,62.19032276455789,93.8220162416898,28.426006623670908,0.08738469533593698,0.357824278252166,0.9555629802873371,0.22012699634404465,0.09116864204406738,0.5760869979858398
data_BoTIoT.csv,AutoEncoder,RobustScaler,5,85.09789337153202,97.21876622493592,43.62558828656092,0.18037896730904768,0.554382870842404,0.9762228260869565,0.38710794689243794,6.678439140319824,2.6157500743865967
data_BoTIoT.csv,CBLOF,RobustScaler,5,48.90551172685097,88.71163386851413,10.256231479867527,-0.15573681747302925,0.040335507921714815,0.6440476190476191,0.02081970367519723,0.06977081298828125,0.020158052444458008
data_BoTIoT.csv,HBOS,RobustScaler,5,83.71821207391727,97.41971520012144,43.96374411713439,0.182697172079501,0.558188115001924,0.9766278734250264,0.3907639022512988,0.008307933807373047,0.027647733688354492
data_BoTIoT.csv,DASVDD,RobustScaler,5,68.24383796919876,90.97722988268673,54.45354715007844,0.15256524966552193,0.6760235078235426,0.9504253242225631,0.5245718683856071,26.40951180458069,34.98651385307312
data_BoTIoT.csv,AE1SVM,RobustScaler,5,86.65084343531524,97.17403518427258,35.795712044622626,0.1327827173660302,0.4595157740278797,0.9677379480840543,0.3012892053107562,55.44826650619507,3.099248170852661
data_BoTIoT.csv,DevNet,RobustScaler,5,64.03168352111975,94.0147064598709,29.241763988147113,0.10218981585235179,0.3682261026550876,0.9630413546076196,0.22763132576486433,18.282591819763184,1.5337657928466797
data_BoTIoT.csv,DeepSVDD,RobustScaler,5,76.92793634504238,95.41486014357264,34.42565800941259,0.1251118022391598,0.4415083135391924,0.9662118258609487,0.28612661150663843,48.27230262756348,0.012415409088134766
data_BoTIoT.csv,IForest,RobustScaler,5,77.82997313264775,94.17481309889256,20.930800069722853,0.02608484361417895,0.2407016839074688,0.9251158003088008,0.13834904752741967,0.1573498249053955,0.17667269706726074
data_BoTIoT.csv,OCSVM,RobustScaler,5,62.230055088762036,91.35203352309614,21.57225030503748,-0.0798517032182175,0.27201242597806036,0.8546156974379829,0.1617471618241293,4.930965900421143,15.703656196594238
data_BoTIoT.csv,LODA,RobustScaler,5,81.50410707031834,96.78511076899768,34.05961303817326,0.12160582146941655,0.43683568047161103,0.9650092081031307,0.2823167211852992,0.03077530860900879,1.8617792129516602
data_BoTIoT.csv,MO_GAAL,RobustScaler,5,26.333180111032718,84.93878202683705,9.412584974725466,0.0,0.0,0.0,0.0,22.158398151397705,0.006901741027832031
data_BoTIoT.csv,SUOD,RobustScaler,5,67.06905835987999,91.00942393969372,16.451106850270175,-0.08016942207621931,0.172958796328249,0.8372870030070164,0.09644025399268809,0.17637276649475098,0.7044792175292969
data_BoTIoT.csv,DIF,RobustScaler,5,89.91658577954519,98.26961707793046,57.653826041485104,0.26216244459670496,0.6987874128995462,0.9824292288383768,0.5422359053299981,1.0034239292144775,89.3757164478302
data_BoTIoT.csv,ALAD,RobustScaler,5,40.57996208638887,88.19490189384408,14.537214572076,-0.04247537907598942,0.12512044538025052,0.8610019646365422,0.06746199730613815,7.406104803085327,0.03418564796447754
data_BoTIoT.csv,COPOD,RobustScaler,5,39.15417441686443,84.82168357169778,7.289524141537389,-0.45645424969052545,0.0076125083961489665,0.12546125461254612,0.0039253415431979985,0.028853654861450195,0.3402225971221924
data_BoTIoT.csv,ECOD,RobustScaler,5,36.902445142853075,83.92123662935415,7.896112951019697,-0.3999415937171861,0.017770837980518997,0.2617743702081051,0.009197614008081586,0.04626131057739258,0.4830188751220703
data_BoTIoT.csv,VAE,RobustScaler,5,87.71851851851852,97.71478540384206,48.98030329440474,0.21063393421754642,0.6131070399450128,0.9792264820131734,0.44625745622474505,31.560347080230713,3.0153017044067383
data_BoTIoT.csv,SO_GAAL,RobustScaler,5,30.452709896735296,86.32848890688469,9.412584974725466,0.0,0.0,0.0,0.0,16.388801097869873,0.0174100399017334
