Dataset,Model,scaled,noise_percentage,AUCROC,AUCPR,Accuracy,MCC,F1 Score,Precision,Recall,Time Train,Time Test
data_ToNIoT.csv,KNN,QuantileTransformer,0,92.22068736244613,97.89870685262869,82.07843673134735,0.5104665273507502,0.8887380699893955,0.9830158581214226,0.8109614491407339,0.048229217529296875,2.397005796432495
data_ToNIoT.csv,LUNAR,QuantileTransformer,0,94.48575378572211,98.70856809471587,89.58731893960098,0.6406359357577441,0.9382245642480745,0.9847685500340367,0.895881715435826,1.5367982387542725,0.1438922882080078
data_ToNIoT.csv,NeuTraLAD,QuantileTransformer,0,83.53246708304789,96.23401098056299,58.93686799672041,0.27765054106911985,0.7030045463530342,0.9719868816616561,0.5506270320483047,60.200034618377686,0.47347378730773926
data_ToNIoT.csv,LOF,QuantileTransformer,0,84.98958280952245,96.49319026596923,52.45968843946434,0.23673798070682184,0.6387706364863461,0.969735182849937,0.47623471125561234,0.03284192085266113,0.10189151763916016
data_ToNIoT.csv,AutoEncoder,QuantileTransformer,0,71.03186554538243,93.15560545011878,28.757857338070515,0.08159700857502304,0.33901743264659273,0.935946797339867,0.2069979873045363,3.1437251567840576,0.6469454765319824
data_ToNIoT.csv,CBLOF,QuantileTransformer,0,64.66074131789648,90.55086962612545,17.668761956818805,-0.03251034283236187,0.14925162383507484,0.848314606741573,0.08182381173556279,0.36024999618530273,0.012663841247558594
data_ToNIoT.csv,HBOS,QuantileTransformer,0,82.44037657789865,96.8782853575566,67.00601257174091,0.34003219381265354,0.7745880595621528,0.97554379776602,0.6422820870103731,1.2240750789642334,0.9213340282440186
data_ToNIoT.csv,DASVDD,QuantileTransformer,0,59.60014236842006,90.5009093906426,52.82864170538398,0.08788021712738198,0.6588258549120379,0.9109046187482919,0.5160241523455643,14.262759923934937,11.113393783569336
data_ToNIoT.csv,AE1SVM,QuantileTransformer,0,52.247574519026706,88.85540644759335,17.245148947799947,-0.032664778130890054,0.13977272727272727,0.846815834767642,0.07617278216442173,29.774177074432373,0.8964235782623291
data_ToNIoT.csv,DevNet,QuantileTransformer,0,52.05217841345815,88.5358683325676,25.990707843673132,0.06413967781339476,0.29433224755700327,0.9288651315789473,0.17487227124941943,1.2579329013824463,0.17969560623168945
data_ToNIoT.csv,DeepSVDD,QuantileTransformer,0,43.8285389654922,85.86814888247402,15.455042361300903,-0.06636479511976262,0.10501952842470708,0.7995594713656388,0.0562006502554575,4.460141897201538,0.004986763000488281
data_ToNIoT.csv,IForest,QuantileTransformer,0,79.59121708147083,94.29151956296818,30.568461328231756,0.10010909613545013,0.3655094905094905,0.9448030987734022,0.22658306239355938,0.13012433052062988,0.10421180725097656
data_ToNIoT.csv,OCSVM,QuantileTransformer,0,30.26246102171105,83.77876474773336,18.44083082809511,-0.02319342080486545,0.1642512077294686,0.8593406593406593,0.09080352995819786,0.6793246269226074,2.4486756324768066
data_ToNIoT.csv,LODA,QuantileTransformer,0,45.61397935684944,83.89142173664538,12.011478546050833,-0.15765100721592198,0.029247700889491933,0.5574712643678161,0.015017804613717293,0.02109980583190918,0.061647653579711914
data_ToNIoT.csv,MO_GAAL,QuantileTransformer,0,49.308792669297034,87.08456073500858,22.0552063405302,0.03771874427065556,0.22594653277242502,0.9148351648351648,0.12888992104040872,7.002654552459717,0.002862215042114258
data_ToNIoT.csv,SUOD,QuantileTransformer,0,50.909315425804856,87.19517372025676,24.92484285323859,-0.08394735643884185,0.306925696984988,0.8286784741144414,0.18834184858337205,0.15483665466308594,0.2788257598876953
data_ToNIoT.csv,DIF,QuantileTransformer,0,46.43284334373115,88.5167003163932,45.70921016671222,-0.13330622308211565,0.6073334651116822,0.8397103033615742,0.47569283170769466,0.43273067474365234,24.269864559173584
data_ToNIoT.csv,ALAD,QuantileTransformer,0,46.047131534974525,86.47491215768204,16.049467067504782,-0.046565335291020124,0.11508822470291681,0.8262668045501551,0.061851679826598546,5.492347240447998,0.01215505599975586
data_ToNIoT.csv,COPOD,QuantileTransformer,0,22.39722312190028,79.55632579494127,20.319759497130363,-0.19824184984822485,0.24702995867768596,0.7443579766536965,0.14808793930949063,0.010982751846313477,0.09390687942504883
data_ToNIoT.csv,ECOD,QuantileTransformer,0,19.598320182413254,78.75328046475127,20.08062312107133,-0.23845410156756855,0.2530174340634779,0.7227289310470632,0.15335191206069052,0.00845956802368164,0.09339761734008789
data_ToNIoT.csv,VAE,QuantileTransformer,0,57.459278828884116,90.54968838712419,24.569554523093743,0.037617288084857044,0.27387529597474347,0.910761154855643,0.1611704598235021,16.87398934364319,0.7746937274932861
data_ToNIoT.csv,SO_GAAL,QuantileTransformer,0,40.02339643576091,81.95912580742272,11.567368133369774,-0.1824110866086433,0.01850307120649124,0.45353159851301117,0.009444186406564484,1.4818229675292969,0.0031495094299316406
data_ToNIoT.csv,KNN,QuantileTransformer,1,91.81864842462016,97.69248800920953,81.03990161246242,0.49791169659617995,0.8814659775319295,0.9833222148098733,0.7987304536305929,0.02940082550048828,2.4122819900512695
data_ToNIoT.csv,LUNAR,QuantileTransformer,1,89.94312157224913,97.91890997724212,71.39928942333971,0.3913241277437593,0.8096407457935425,0.9812610229276896,0.6891159622232543,1.1201305389404297,0.19237589836120605
data_CICIoT2023.csv,KNN,QuantileTransformer,0,93.1152782664101,99.75981039511255,77.7725674091442,0.2687985900704436,0.8710103798157292,0.9961319580295216,0.7738136354217033,0.03699445724487305,5.910343170166016
data_CICIoT2023.csv,LUNAR,QuantileTransformer,0,93.91667574506985,99.79053700969278,75.28387204823312,0.2679472852811692,0.8542131779116863,0.9980148654263423,0.7466325896249223,1.4016129970550537,0.20309972763061523
data_CICIoT2023.csv,KNN,QuantileTransformer,0,93.1152782664101,99.75981039511255,77.7725674091442,0.2687985900704436,0.8710103798157292,0.9961319580295216,0.7738136354217033,0.035275936126708984,5.947880029678345
data_CICIoT2023.csv,LUNAR,QuantileTransformer,0,93.91667574506985,99.79053700969278,75.28387204823312,0.2679472852811692,0.8542131779116863,0.9980148654263423,0.7466325896249223,1.3832793235778809,0.20984435081481934
data_CICIoT2023.csv,NeuTraLAD,QuantileTransformer,0,91.87048352635897,99.71600385908708,52.9492547312008,0.17248222697139676,0.6798842323556893,0.9993300730220406,0.5151965186157353,27.355337142944336,0.9122164249420166
data_CICIoT2023.csv,LOF,QuantileTransformer,0,87.45550847733752,99.47638586531963,73.92396583486854,0.23847752218885723,0.8452686184485123,0.9955522262278197,0.7344062996477171,0.012250900268554688,0.16277861595153809
data_CICIoT2023.csv,AutoEncoder,QuantileTransformer,0,92.59021370880535,99.73747721128895,79.47077541450344,0.2772788352030895,0.8820869966717328,0.995656894679696,0.7917731574221178,2.226855754852295,1.37066650390625
data_CICIoT2023.csv,CBLOF,QuantileTransformer,0,90.77665541200221,99.67797869934844,75.84324233796684,0.25493637367676125,0.8582212786034442,0.9960755681299626,0.753885473509705,0.3573799133300781,0.033111572265625
data_CICIoT2023.csv,HBOS,QuantileTransformer,0,94.19688024411947,99.79912886479697,84.50845754479987,0.33347409757085655,0.9134786268824244,0.9964899391861557,0.843234095461767,1.2250685691833496,0.882986307144165
data_CICIoT2023.csv,DASVDD,QuantileTransformer,0,86.15467360412555,99.49158219053585,52.80187573270809,0.16386760952644824,0.6788815204758324,0.9978562336705299,0.5144366926849485,8.045344114303589,22.90689754486084
data_CICIoT2023.csv,AE1SVM,QuantileTransformer,0,91.30529255444952,99.69340857263585,75.7327080890973,0.25178507843831116,0.8575137176234586,0.9957977435710045,0.7529529598673759,13.074280738830566,1.8363640308380127
data_CICIoT2023.csv,DevNet,QuantileTransformer,0,81.08206120052498,99.26003200215911,54.00435437950092,0.14463880142077037,0.6904976559682654,0.9937718956792526,0.5290460730814395,0.722041130065918,0.35263848304748535
data_CICIoT2023.csv,DeepSVDD,QuantileTransformer,0,85.23377086253468,99.44444027554218,67.47613465081226,0.20150166995645788,0.799338706344286,0.995060712080675,0.6679560682461836,2.3998584747314453,0.013588666915893555
data_CICIoT2023.csv,IForest,QuantileTransformer,0,92.01917512082582,99.71491582659823,75.83319376988779,0.25803061377158565,0.8581093040177781,0.996437542817995,0.7535055605443116,0.11521172523498535,0.20749998092651367
data_CICIoT2023.csv,OCSVM,QuantileTransformer,0,84.52781161468799,99.43424376546508,65.47646960308157,0.19510126436325406,0.7842595499738357,0.9953775038520801,0.647026317607239,0.18569445610046387,2.7567732334136963
data_CICIoT2023.csv,LODA,QuantileTransformer,0,68.54706271044039,98.71772340012055,51.013230614637415,0.13700744829509207,0.6634759198324858,0.9939331265081006,0.49792774746149066,0.016439199447631836,0.18769621849060059
data_CICIoT2023.csv,MO_GAAL,QuantileTransformer,0,13.736947128120944,92.46655304255489,3.295930329927985,-0.19700901549422065,0.013193423796014628,0.636963696369637,0.00666574566553844,3.776609420776367,0.006107807159423828
data_CICIoT2023.csv,SUOD,QuantileTransformer,0,91.41565361014682,99.69983744601261,69.85094624016077,0.2364004540351206,0.8162348665809191,0.9981524941329205,0.6904054707467017,0.14040780067443848,0.77712082862854
data_CICIoT2023.csv,DIF,QuantileTransformer,0,87.64509313521688,99.53769919797635,52.7616814603919,0.16151816840509864,0.6786080535995077,0.9974542774837543,0.5142294674310977,0.38109660148620605,59.25088906288147
data_CICIoT2023.csv,ALAD,QuantileTransformer,0,27.228677705851613,94.41999592146483,4.766370792162117,-0.06994918620999276,0.04017284450746067,0.8907185628742516,0.02054983767355115,4.0119640827178955,0.0234222412109375
data_CICIoT2023.csv,COPOD,QuantileTransformer,0,44.89920749181775,96.80827904361713,7.030648132641098,0.017049984717491442,0.08068362480127186,0.9838449111470113,0.04206672653174,0.007310152053833008,0.308621883392334
data_CICIoT2023.csv,ECOD,QuantileTransformer,0,28.438936820217027,94.26246132052187,8.43074861832189,-0.16525516140160912,0.122150150921585,0.8692870201096892,0.0656904054707467,0.006860017776489258,0.30542421340942383
data_CICIoT2023.csv,VAE,QuantileTransformer,0,91.27247422276538,99.69127534528106,74.73455032657846,0.2445722774405568,0.850784356392554,0.9956938463675511,0.7426953098017545,9.174207925796509,1.4960196018218994
data_CICIoT2023.csv,SO_GAAL,QuantileTransformer,0,10.45377040714511,92.49724604222489,3.6978730530899346,-0.14155904594012308,0.02024194922474016,0.7595907928388747,0.01025765006562133,0.7679586410522461,0.00679779052734375
data_CICIoT2023.csv,KNN,QuantileTransformer,1,93.10797593365787,99.76129421700797,77.37732373136828,0.2665652371118922,0.8684046450003897,0.9962002682163612,0.7696691303446846,0.012168169021606445,5.95563817024231
data_CICIoT2023.csv,LUNAR,QuantileTransformer,1,91.68767029672463,99.69443288937457,63.6074359403785,0.20205887810029433,0.769482103833832,0.9975246163155289,0.6263037922221455,1.2234125137329102,0.20728230476379395
data_CICIoT2023.csv,NeuTraLAD,QuantileTransformer,1,92.41142730361,99.72964443429746,52.942555685814774,0.1720906534511718,0.6798386545429684,0.9992630803242447,0.5151619810734268,27.07480025291443,0.9294266700744629
data_CICIoT2023.csv,LOF,QuantileTransformer,1,86.97914338768594,99.40424693792814,73.32775079551163,0.23663658426773201,0.8411371571072319,0.9957489017996316,0.7280859294052635,0.013929605484008789,0.17222094535827637
data_CICIoT2023.csv,AutoEncoder,QuantileTransformer,1,92.43302380897805,99.73161693422225,78.83436610283034,0.2732095856927547,0.8779715350597687,0.9957510184414561,0.7851074117565794,1.4612035751342773,1.3283541202545166
data_CICIoT2023.csv,CBLOF,QuantileTransformer,1,89.50884394911076,99.62009281226617,70.75531736727515,0.22282445412031285,0.8230764554499584,0.9957832802157391,0.7014229467431098,0.005866050720214844,0.025325536727905273
data_CICIoT2023.csv,HBOS,QuantileTransformer,1,94.18196891897186,99.80429536394242,83.47010550996484,0.32629590876985326,0.9071023850309659,0.9968968513384915,0.8321475443807419,0.006390571594238281,0.0415349006652832
data_CICIoT2023.csv,DASVDD,QuantileTransformer,1,88.6113565878963,99.60008810184013,52.9693518673589,0.17365694753207153,0.6800209657938515,0.9995310511154284,0.5153001312426607,7.612127304077148,22.980767726898193
data_CICIoT2023.csv,AE1SVM,QuantileTransformer,1,90.7332573226298,99.67277737820328,73.84692681292915,0.24149628740119197,0.8446849140674729,0.9959658504550145,0.7333010982938454,16.12723970413208,1.8334267139434814
data_CICIoT2023.csv,DevNet,QuantileTransformer,1,80.82920882502054,99.24805270891879,52.54061296265282,0.1423416415178856,0.677353979278151,0.994118040237952,0.5136768667541618,0.7343089580535889,0.3979766368865967
data_CICIoT2023.csv,DeepSVDD,QuantileTransformer,1,85.19103592464053,99.47312032415812,67.49958130966337,0.20312777588199243,0.7994792204839943,0.9952662721893492,0.6680596808731091,2.436171054840088,0.01400613784790039
data_CICIoT2023.csv,IForest,QuantileTransformer,1,92.38880348843745,99.73546699664261,76.4763021269469,0.262647971681689,0.8624047334495798,0.9964685108887581,0.7601367686675417,0.11252593994140625,0.199782133102417
data_CICIoT2023.csv,OCSVM,QuantileTransformer,1,84.35796433809011,99.43285511533462,64.68933177022275,0.19252685454744556,0.7782219043211175,0.9954790096878364,0.6388063825378186,0.1890089511871338,2.7542989253997803
data_CICIoT2023.csv,LODA,QuantileTransformer,1,78.54244211626738,99.17198523084967,56.06096131301289,0.1562735644566956,0.708229537366548,0.9946894914407097,0.5498722110934586,0.016425132751464844,0.1968538761138916
data_CICIoT2023.csv,MO_GAAL,QuantileTransformer,1,22.14120955916373,94.6662146934503,8.18958298442472,-0.03648386396085205,0.1068752036493972,0.9447004608294931,0.0566415693859225,4.17662239074707,0.006154298782348633
data_CICIoT2023.csv,SUOD,QuantileTransformer,1,90.39191639047493,99.66464013892318,68.92312845419528,0.23055287451318307,0.8095179436642851,0.9980257163106206,0.6809076466118671,0.08117437362670898,0.7626333236694336
data_CICIoT2023.csv,DIF,QuantileTransformer,1,87.7520406857615,99.5410794926066,52.74158432423379,0.16034344784442384,0.6784713201613455,0.9972532993903664,0.5141258548041722,0.3680267333984375,59.202462911605835
data_CICIoT2023.csv,ALAD,QuantileTransformer,1,27.21889717985826,94.41677075381499,4.7764193602411655,-0.06853534573898191,0.04030651858353307,0.8923766816143498,0.02061891275816813,2.8615834712982178,0.023601531982421875
data_CICIoT2023.csv,COPOD,QuantileTransformer,1,44.89677338090032,96.80772308231317,7.090939541115391,0.014679770602138605,0.08200953137410644,0.9817749603803486,0.04279201492021828,0.007992267608642578,0.30150365829467773
data_CICIoT2023.csv,ECOD,QuantileTransformer,1,28.436893700344612,94.26246966240667,8.836040864176855,-0.16353496680480653,0.1298634866843569,0.8735483870967742,0.07014574842854182,0.007195472717285156,0.2976045608520508
data_CICIoT2023.csv,VAE,QuantileTransformer,1,90.93646725177837,99.67916006832559,73.8335287221571,0.23906839104785213,0.8446300715990454,0.9956860170683672,0.7333701733784624,5.430242300033569,1.5723586082458496
data_CICIoT2023.csv,SO_GAAL,QuantileTransformer,1,30.696586195854163,95.57405756808987,8.71545804722827,-0.020054454302782687,0.11565045267222637,0.9565217391304348,0.06154590039372798,0.7807419300079346,0.006804466247558594
data_CICIoT2023.csv,KNN,QuantileTransformer,3,92.81344467940536,99.74269955255428,76.20164126611958,0.260658340034605,0.8605741870915834,0.996455351056578,0.7573046901982455,0.011367321014404297,6.134409666061401
data_CICIoT2023.csv,LUNAR,QuantileTransformer,3,89.0229973266179,99.57786910867334,54.17183051415173,0.16766174877502055,0.6911233519956655,0.9977186807456655,0.5286661601160462,1.0813219547271729,0.21111488342285156
data_CICIoT2023.csv,NeuTraLAD,QuantileTransformer,3,91.63275905437513,99.67589235507752,52.9492547312008,0.17248222697139676,0.6798842323556893,0.9993300730220406,0.5151965186157353,29.940675258636475,0.967954158782959
data_CICIoT2023.csv,LOF,QuantileTransformer,3,83.7168271889346,99.12104605093681,51.951096968681966,0.14174038408587583,0.6719718277652009,0.9943154902889626,0.5074601091386337,0.01443934440612793,0.15700793266296387
data_CICIoT2023.csv,AutoEncoder,QuantileTransformer,3,91.93666451059383,99.6976104409149,75.9169318372132,0.2609967060811293,0.85863709645708,0.9967135293043637,0.754161773848173,1.436638355255127,1.3430109024047852
data_CICIoT2023.csv,CBLOF,QuantileTransformer,3,90.12195624012892,99.65142504238142,70.83905543460057,0.22827590310973056,0.8235794763718894,0.9964205158379915,0.7018373972508116,0.0058557987213134766,0.03032851219177246
data_CICIoT2023.csv,HBOS,QuantileTransformer,3,94.6499085349282,99.81952490633132,83.01457042371462,0.32640840427086965,0.9042539131091517,0.9973759840059977,0.8270359881190854,0.006537914276123047,0.041036128997802734
data_CICIoT2023.csv,DASVDD,QuantileTransformer,3,87.83836729192778,99.56453091193546,52.942555685814774,0.1720906534511718,0.6798386545429684,0.9992630803242447,0.5151619810734268,7.774814605712891,22.9208025932312
data_CICIoT2023.csv,AE1SVM,QuantileTransformer,3,90.59297778549879,99.66229392538455,72.23915592028136,0.23149441216407143,0.833547557840617,0.9958729244649198,0.7167230779857705,16.74390935897827,1.75594162940979
data_CICIoT2023.csv,DevNet,QuantileTransformer,3,80.71085161912843,99.24164222482256,51.17735722659521,0.13978586478026592,0.6648887254000367,0.9943611607756843,0.49941286178075567,0.741523265838623,0.36166954040527344
data_CICIoT2023.csv,DeepSVDD,QuantileTransformer,3,84.47623337933483,99.44179687296281,65.982247529727,0.1982694658550338,0.7880722841283753,0.9955187684521299,0.652172411411204,2.4590775966644287,0.013975381851196289
data_CICIoT2023.csv,IForest,QuantileTransformer,3,92.90607697448368,99.75606096871839,77.5682465248702,0.2764404534718709,0.8695533609926177,0.997140942595488,0.7709124818677903,0.11336469650268555,0.20683979988098145
data_CICIoT2023.csv,OCSVM,QuantileTransformer,3,83.94519279193442,99.41676626962543,62.84374476637079,0.18566561803844567,0.7638531133581692,0.9955607346984074,0.619638046556607,0.1989436149597168,2.815371513366699
data_CICIoT2023.csv,LODA,QuantileTransformer,3,80.82663288401817,99.25842372633657,55.153240663205494,0.15251913959118696,0.7004094784184736,0.9945351718879075,0.5405470746701665,0.01663970947265625,0.18966150283813477
data_CICIoT2023.csv,MO_GAAL,QuantileTransformer,3,24.566783838760813,95.09995320180886,9.157595042706413,-0.02572447406455424,0.1244229217110573,0.9534883720930233,0.06655384402845893,4.200833797454834,0.0060503482818603516
data_CICIoT2023.csv,SUOD,QuantileTransformer,3,90.21213717468491,99.65729998932802,67.26511472115223,0.223365162589335,0.7972616948449331,0.9981819126279154,0.6636734129999309,0.08077454566955566,0.762836217880249
data_CICIoT2023.csv,DIF,QuantileTransformer,3,88.21190365336666,99.56142779336142,52.795176687322055,0.16347603600622332,0.6788359426631116,0.997789240972734,0.5144021551426401,0.3647735118865967,58.48965764045715
data_CICIoT2023.csv,ALAD,QuantileTransformer,3,27.255380094277903,94.42091528952668,4.793166973706247,-0.06808762761003562,0.040637235047927635,0.8931750741839762,0.020791600469710576,5.040936231613159,0.023256778717041016
data_CICIoT2023.csv,COPOD,QuantileTransformer,3,44.90168760168163,96.80937366753601,7.147881426896667,0.015082266911584078,0.08308801640591407,0.982017200938233,0.0433791531394626,0.007792472839355469,0.2966654300689697
data_CICIoT2023.csv,ECOD,QuantileTransformer,3,28.434340758815484,94.26282629140526,8.879584659186065,-0.16407345559295933,0.13075153374233128,0.8736122971818958,0.07066381156316917,0.007410287857055664,0.2961001396179199
data_CICIoT2023.csv,VAE,QuantileTransformer,3,90.59972429764782,99.6624036509405,71.70323228939877,0.23022850690644434,0.8297529321671839,0.9960808980065802,0.7110243835048697,9.20804238319397,1.5995538234710693
data_CICIoT2023.csv,SO_GAAL,QuantileTransformer,3,32.00930413023774,95.71402693696855,9.485848266622005,-0.015816739868003526,0.12977812127652721,0.9599809433063363,0.069593147751606,0.8107962608337402,0.007332563400268555
data_CICIoT2023.csv,KNN,QuantileTransformer,5,91.94130848756461,99.69372109307875,69.80405292245855,0.223608206316317,0.8161442293965289,0.9965137706061059,0.691061684050563,0.012582540512084961,5.993332624435425
data_CICIoT2023.csv,LUNAR,QuantileTransformer,5,83.15085040168964,99.31029889877233,39.527717300284706,0.12062008127936637,0.5477681478883824,0.9969000729394603,0.37763348760102233,0.9984281063079834,0.21153831481933594
data_CICIoT2023.csv,NeuTraLAD,QuantileTransformer,5,90.73395497331794,99.65719542633255,52.92915759504271,0.17130750641072195,0.679747498917527,0.9991290949286528,0.5150929059888099,34.82389807701111,0.936729907989502
data_CICIoT2023.csv,LOF,QuantileTransformer,5,75.08621160880011,98.64432947414458,32.45017584994138,0.08039281585969477,0.4679593721144968,0.990839012400849,0.30631346273399185,0.01325225830078125,0.16718411445617676
data_CICIoT2023.csv,AutoEncoder,QuantileTransformer,5,91.4245544062889,99.66720318140419,73.87707251716631,0.24792831541005503,0.844792931202611,0.9967128433904673,0.733059335497686,1.3470458984375,1.3196115493774414
data_CICIoT2023.csv,CBLOF,QuantileTransformer,5,90.26243702265072,99.65133437361096,67.90152403282532,0.2149782049410986,0.8022370348969189,0.9966159052453468,0.671306209850107,0.004744291305541992,0.026986122131347656
data_CICIoT2023.csv,HBOS,QuantileTransformer,5,94.5750433329242,99.81690814080741,82.10015072852119,0.319379692235625,0.8985534758343141,0.9975973697521497,0.8174000138150169,0.006452798843383789,0.040915489196777344
data_CICIoT2023.csv,DASVDD,QuantileTransformer,5,87.5687080513566,99.55586626924014,52.9492547312008,0.17248222697139676,0.6798842323556893,0.9993300730220406,0.5151965186157353,6.841918230056763,22.677896976470947
data_CICIoT2023.csv,AE1SVM,QuantileTransformer,5,90.46333358811638,99.65836899944091,70.63138502763357,0.2259459530868327,0.8221212367118397,0.9962631527190481,0.6997996822546108,17.07389521598816,1.781219244003296
data_CICIoT2023.csv,DevNet,QuantileTransformer,5,80.63037454565499,99.23738097457145,50.52420030145704,0.13901468407259213,0.6588132030582311,0.9945602901178604,0.4925398908613663,0.7647321224212646,0.3544027805328369
data_CICIoT2023.csv,DeepSVDD,QuantileTransformer,5,83.81970574933932,99.41544187406213,64.07971864009379,0.19269833992087604,0.7734493831333445,0.9958655206179958,0.6322442494992057,2.508910655975342,0.012679338455200195
data_CICIoT2023.csv,IForest,QuantileTransformer,5,92.37702392489538,99.7350676776265,73.98760676603584,0.25293163570045973,0.845483485873458,0.99723082699709,0.7338191614284727,0.11556196212768555,0.21277141571044922
data_CICIoT2023.csv,OCSVM,QuantileTransformer,5,83.52635896795843,99.40093826287762,60.27801038352035,0.17840673106268815,0.7432505574920436,0.9959384972439803,0.5928369137252193,0.20581459999084473,2.872668981552124
data_CICIoT2023.csv,LODA,QuantileTransformer,5,81.22315530233305,99.18471232578916,47.89817451013231,0.13093553472508918,0.6340430537583813,0.9943915578186112,0.46539338260689367,0.01658940315246582,0.18663358688354492
data_CICIoT2023.csv,MO_GAAL,QuantileTransformer,5,26.157605653638516,95.34422332978684,10.072014737899849,-0.019573896512313955,0.14091898118520416,0.95822454308094,0.0760516681632935,3.73130464553833,0.006024837493896484
data_CICIoT2023.csv,SUOD,QuantileTransformer,5,89.78619459685642,99.64247212106869,66.5349187740747,0.2208087845833971,0.7917717429815969,0.9983181794292322,0.6560406161497547,0.08076357841491699,0.7696270942687988
data_CICIoT2023.csv,DIF,QuantileTransformer,5,87.33004635083842,99.52175624457897,52.74158432423379,0.16034344784442384,0.6784713201613455,0.9972532993903664,0.5141258548041722,0.37628698348999023,58.75948095321655
data_CICIoT2023.csv,ALAD,QuantileTransformer,5,27.32276088436655,94.42853455877763,4.8065650644783116,-0.06886823871939075,0.04096645744752649,0.8926470588235295,0.02096428818125302,5.0102009773254395,0.023944854736328125
data_CICIoT2023.csv,COPOD,QuantileTransformer,5,44.90555151318517,96.80980393573807,7.171328085747781,0.015246727427315625,0.08353174603174603,0.9821150855365475,0.04362091593562202,0.008158206939697266,0.3009319305419922
data_CICIoT2023.csv,ECOD,QuantileTransformer,5,28.436935866045545,94.2635876016188,8.759001842237481,-0.16479073727351212,0.12848733043255695,0.8722849695916595,0.06935138495544657,0.007446765899658203,0.2945563793182373
data_CICIoT2023.csv,VAE,QuantileTransformer,5,90.43517456638519,99.65371980145156,70.87590018422375,0.22963436184962158,0.8238202338257046,0.9965684592381979,0.7021136975892796,9.994915008544922,1.5745573043823242
data_CICIoT2023.csv,SO_GAAL,QuantileTransformer,5,32.60503648598101,95.74322941612478,9.449003516998827,-0.01896180772607149,0.12933977455716586,0.9580152671755725,0.06935138495544657,0.8140206336975098,0.007180213928222656
data_CICIoT2023.csv,KNN,MinMaxScaler,0,81.88673227087521,99.37385419092081,72.85211857310333,0.23135020077241625,0.8378837883788379,0.995437479207262,0.723388823651309,0.010286331176757812,5.707701206207275
data_CICIoT2023.csv,LUNAR,MinMaxScaler,0,89.75960337255076,99.65753527023632,76.52989449003516,0.27850021618622955,0.8625512465917339,0.9982292849035187,0.7593424051944464,1.1629884243011475,0.19720220565795898
data_CICIoT2023.csv,NeuTraLAD,MinMaxScaler,0,89.45012437731802,99.64522162783678,53.0095461396751,0.17600638865342114,0.6802944326701762,0.999933007302204,0.5155073564965117,32.63217568397522,0.9292190074920654
data_CICIoT2023.csv,LOF,MinMaxScaler,0,84.50238761364903,99.4025222532607,70.05861664712778,0.2185392886775153,0.8181022729585088,0.9956907226707613,0.6942736754852524,0.012218713760375977,0.15420007705688477
data_CICIoT2023.csv,AutoEncoder,MinMaxScaler,0,88.99596527907522,99.60257354576908,79.13917266789483,0.2773541460893013,0.8799213357498168,0.9959409916201117,0.788112177937418,1.3563950061798096,1.283881425857544
data_CICIoT2023.csv,CBLOF,MinMaxScaler,0,85.53362266159563,99.4820064003808,68.65516663875397,0.21172946664118344,0.8079228243021347,0.9956996863300617,0.6797333701733784,0.004679679870605469,0.024567604064941406
data_CICIoT2023.csv,HBOS,MinMaxScaler,0,77.251211439754,98.91368161331252,48.83604086417685,0.12331508683228802,0.6434656770067455,0.9924400604795162,0.4760654831802169,0.006124258041381836,0.0339655876159668
data_CICIoT2023.csv,DASVDD,MinMaxScaler,0,79.6345951023235,99.12767990809753,52.27935019259755,0.13332487494890352,0.6753264510836124,0.9926308032424466,0.5117427643848864,6.8147242069244385,22.748348712921143
data_CICIoT2023.csv,AE1SVM,MinMaxScaler,0,87.3220482840208,99.53595674817133,74.8249874392899,0.24124208977062897,0.8514565793114353,0.9952411753834781,0.7439731988671686,15.259586095809937,1.7549479007720947
data_CICIoT2023.csv,DevNet,MinMaxScaler,0,79.01882445552388,98.90491680450634,53.55886786132976,0.14597107866527334,0.6864470024197743,0.9942351785129381,0.5241762796159425,0.7396438121795654,0.35791897773742676
data_CICIoT2023.csv,DeepSVDD,MinMaxScaler,0,70.14801196003275,98.50904080815283,25.915257075866688,0.056213496250582924,0.38509869335557406,0.9871721778791334,0.2392070180285971,2.38071346282959,0.013142108917236328
data_CICIoT2023.csv,IForest,MinMaxScaler,0,80.30745235831614,98.92736751386938,41.16898341986267,0.10301150149546538,0.5666419935849988,0.9919661368348307,0.39659459832838295,0.11051416397094727,0.16321873664855957
data_CICIoT2023.csv,OCSVM,MinMaxScaler,0,77.55666744379332,99.07911191141486,53.97755819795679,0.14784924426281532,0.6901357629335618,0.9943462438263582,0.5284589348621952,0.18671965599060059,2.73332142829895
data_CICIoT2023.csv,LODA,MinMaxScaler,0,78.76211775162976,99.11161493365029,41.52738234801541,0.10223521362109744,0.5705218097276552,0.9916189173009493,0.40046280306693377,0.016495227813720703,0.1597447395324707
data_CICIoT2023.csv,MO_GAAL,MinMaxScaler,0,23.216091857442827,94.35717976493427,5.841567576620331,-0.07025415795314367,0.06268547230835918,0.9064609450337512,0.03246528976997997,3.7775330543518066,0.0060977935791015625
data_CICIoT2023.csv,SUOD,MinMaxScaler,0,61.775803128189025,97.7339917919123,37.58499413833529,0.05349699320939421,0.5301326340208785,0.9820627802690582,0.3630586447468398,0.07679367065429688,0.7378952503204346
data_CICIoT2023.csv,DIF,MinMaxScaler,0,81.85395227164646,99.2859568517895,52.54731200803885,0.14898781575790082,0.6771495635924432,0.9953105111542841,0.5131242660772259,0.3624267578125,57.4398307800293
data_CICIoT2023.csv,ALAD,MinMaxScaler,0,37.24403215418356,95.61897897178405,6.484675933679451,-0.05195633791711222,0.07451851360758445,0.9266281945589447,0.038820197554742,5.048642635345459,0.02536749839782715
data_CICIoT2023.csv,COPOD,MinMaxScaler,0,22.109780778987556,93.5442074287908,10.89264779768883,-0.20781396361447257,0.1726636603949619,0.8672289909403311,0.09587621744836637,0.00738835334777832,0.29674649238586426
data_CICIoT2023.csv,ECOD,MinMaxScaler,0,28.44296172803322,94.26325399326345,8.437447663707921,-0.16514032944350898,0.1222707423580786,0.869406392694064,0.06575948055536368,0.006765842437744141,0.29538989067077637
data_CICIoT2023.csv,VAE,MinMaxScaler,0,86.18014743735651,99.47705492517632,63.151900854128286,0.17997783290801397,0.7664579131726993,0.9945457550548179,0.6234717137528494,6.088432550430298,1.5955474376678467
data_CICIoT2023.csv,SO_GAAL,MinMaxScaler,0,32.123452432527785,96.39115073662612,19.919611455367612,0.03733763682477243,0.3003219198127012,0.9837039877300614,0.17721212958485874,0.948521614074707,0.00630950927734375
data_CICIoT2023.csv,KNN,MinMaxScaler,1,81.83770889367398,99.371271607418,72.76503098308491,0.23236709475664227,0.8372530573847601,0.9956205074498976,0.7223526973820543,0.013716459274291992,5.7305848598480225
data_CICIoT2023.csv,LUNAR,MinMaxScaler,1,81.56160980059687,99.330675620665,59.0922793501926,0.18534380241906034,0.7331716589106639,0.9977403817565559,0.5795054223941424,1.140641689300537,0.19741368293762207
data_CICIoT2023.csv,KNN,QuantileTransformer,0,93.1152782664101,99.75981039511255,77.7725674091442,0.2687985900704436,0.8710103798157292,0.9961319580295216,0.7738136354217033,0.03666186332702637,6.020832538604736
data_CICIoT2023.csv,LUNAR,QuantileTransformer,0,93.91667574506985,99.79053700969278,75.28387204823312,0.2679472852811692,0.8542131779116863,0.9980148654263423,0.7466325896249223,1.3947243690490723,0.2012166976928711
data_CICIoT2023.csv,NeuTraLAD,QuantileTransformer,0,91.87048352635897,99.71600385908708,52.9492547312008,0.17248222697139676,0.6798842323556893,0.9993300730220406,0.5151965186157353,33.19938611984253,0.9518334865570068
data_CICIoT2023.csv,LOF,QuantileTransformer,0,87.45550847733752,99.47638586531963,73.92396583486854,0.23847752218885723,0.8452686184485123,0.9955522262278197,0.7344062996477171,0.012593507766723633,0.1753699779510498
data_CICIoT2023.csv,AutoEncoder,QuantileTransformer,0,92.59021370880535,99.73747721128895,79.47077541450344,0.2772788352030895,0.8820869966717328,0.995656894679696,0.7917731574221178,2.162480592727661,1.308241367340088
data_CICIoT2023.csv,CBLOF,QuantileTransformer,0,90.77665541200221,99.67797869934844,75.84324233796684,0.25493637367676125,0.8582212786034442,0.9960755681299626,0.753885473509705,0.3623509407043457,0.032971858978271484
data_CICIoT2023.csv,HBOS,QuantileTransformer,0,94.19688024411947,99.79912886479697,84.50845754479987,0.33347409757085655,0.9134786268824244,0.9964899391861557,0.843234095461767,1.2720022201538086,0.8944504261016846
data_CICIoT2023.csv,DASVDD,QuantileTransformer,0,86.15467360412555,99.49158219053585,52.80187573270809,0.16386760952644824,0.6788815204758324,0.9978562336705299,0.5144366926849485,7.965769529342651,22.81670570373535
data_CICIoT2023.csv,AE1SVM,QuantileTransformer,0,91.30529255444952,99.69340857263585,75.7327080890973,0.25178507843831116,0.8575137176234586,0.9957977435710045,0.7529529598673759,15.110759973526001,1.8685696125030518
data_CICIoT2023.csv,DevNet,QuantileTransformer,0,81.08206120052498,99.26003200215911,54.00435437950092,0.14463880142077037,0.6904976559682654,0.9937718956792526,0.5290460730814395,0.7287905216217041,0.3648202419281006
data_CICIoT2023.csv,DeepSVDD,QuantileTransformer,0,85.23377086253468,99.44444027554218,67.47613465081226,0.20150166995645788,0.799338706344286,0.995060712080675,0.6679560682461836,2.404669761657715,0.013481616973876953
data_CICIoT2023.csv,IForest,QuantileTransformer,0,92.01917512082582,99.71491582659823,75.83319376988779,0.25803061377158565,0.8581093040177781,0.996437542817995,0.7535055605443116,0.11666345596313477,0.20836305618286133
data_CICIoT2023.csv,OCSVM,QuantileTransformer,0,84.52781161468799,99.43424376546508,65.47646960308157,0.19510126436325406,0.7842595499738357,0.9953775038520801,0.647026317607239,0.1976149082183838,2.7325611114501953
data_CICIoT2023.csv,LODA,QuantileTransformer,0,68.54706271044039,98.71772340012055,51.013230614637415,0.13700744829509207,0.6634759198324858,0.9939331265081006,0.49792774746149066,0.01610279083251953,0.18825984001159668
data_CICIoT2023.csv,MO_GAAL,QuantileTransformer,0,13.736947128120944,92.46655304255489,3.295930329927985,-0.19700901549422065,0.013193423796014628,0.636963696369637,0.00666574566553844,4.072853326797485,0.00611424446105957
data_CICIoT2023.csv,SUOD,QuantileTransformer,0,91.41565361014682,99.69983744601261,69.85094624016077,0.2364004540351206,0.8162348665809191,0.9981524941329205,0.6904054707467017,0.14373350143432617,0.7751507759094238
data_CICIoT2023.csv,DIF,QuantileTransformer,0,87.64509313521688,99.53769919797635,52.7616814603919,0.16151816840509864,0.6786080535995077,0.9974542774837543,0.5142294674310977,0.3795323371887207,58.95432233810425
data_CICIoT2023.csv,ALAD,QuantileTransformer,0,27.228677705851613,94.41999592146483,4.766370792162117,-0.06994918620999276,0.04017284450746067,0.8907185628742516,0.02054983767355115,5.0432305335998535,0.025539398193359375
data_CICIoT2023.csv,COPOD,QuantileTransformer,0,44.89920749181775,96.80827904361713,7.030648132641098,0.017049984717491442,0.08068362480127186,0.9838449111470113,0.04206672653174,0.007935047149658203,0.31542444229125977
data_CICIoT2023.csv,ECOD,QuantileTransformer,0,28.438936820217027,94.26246132052187,8.43074861832189,-0.16525516140160912,0.122150150921585,0.8692870201096892,0.0656904054707467,0.006842374801635742,0.3129844665527344
data_CICIoT2023.csv,VAE,QuantileTransformer,0,91.27247422276538,99.69127534528106,74.73455032657846,0.2445722774405568,0.850784356392554,0.9956938463675511,0.7426953098017545,9.28798222541809,1.561694622039795
data_CICIoT2023.csv,SO_GAAL,QuantileTransformer,0,10.45377040714511,92.49724604222489,3.6978730530899346,-0.14155904594012308,0.02024194922474016,0.7595907928388747,0.01025765006562133,0.9441595077514648,0.006598472595214844
data_CICIoT2023.csv,KNN,QuantileTransformer,1,93.10797593365787,99.76129421700797,77.37732373136828,0.2665652371118922,0.8684046450003897,0.9962002682163612,0.7696691303446846,0.009862422943115234,5.980947494506836
data_CICIoT2023.csv,LUNAR,QuantileTransformer,1,91.68767029672463,99.69443288937457,63.6074359403785,0.20205887810029433,0.769482103833832,0.9975246163155289,0.6263037922221455,1.093583106994629,0.20799756050109863
data_CICIoT2023.csv,NeuTraLAD,QuantileTransformer,1,92.41142730361,99.72964443429746,52.942555685814774,0.1720906534511718,0.6798386545429684,0.9992630803242447,0.5151619810734268,29.452224016189575,0.9258809089660645
data_CICIoT2023.csv,LOF,QuantileTransformer,1,86.97914338768594,99.40424693792814,73.32775079551163,0.23663658426773201,0.8411371571072319,0.9957489017996316,0.7280859294052635,0.012792110443115234,0.14336466789245605
data_CICIoT2023.csv,AutoEncoder,QuantileTransformer,1,92.43302380897805,99.73161693422225,78.83436610283034,0.2732095856927547,0.8779715350597687,0.9957510184414561,0.7851074117565794,1.3787834644317627,1.3291685581207275
data_CICIoT2023.csv,CBLOF,QuantileTransformer,1,89.50884394911076,99.62009281226617,70.75531736727515,0.22282445412031285,0.8230764554499584,0.9957832802157391,0.7014229467431098,0.006203413009643555,0.0270688533782959
data_CICIoT2023.csv,HBOS,QuantileTransformer,1,94.18196891897186,99.80429536394242,83.47010550996484,0.32629590876985326,0.9071023850309659,0.9968968513384915,0.8321475443807419,0.006057024002075195,0.04101705551147461
data_CICIoT2023.csv,DASVDD,QuantileTransformer,1,88.6113565878963,99.60008810184013,52.9693518673589,0.17365694753207153,0.6800209657938515,0.9995310511154284,0.5153001312426607,7.706196546554565,22.68280053138733
data_CICIoT2023.csv,AE1SVM,QuantileTransformer,1,90.7332573226298,99.67277737820328,73.84692681292915,0.24149628740119197,0.8446849140674729,0.9959658504550145,0.7333010982938454,16.735769033432007,1.7747647762298584
data_CICIoT2023.csv,DevNet,QuantileTransformer,1,80.82920882502054,99.24805270891879,52.54061296265282,0.1423416415178856,0.677353979278151,0.994118040237952,0.5136768667541618,0.729053258895874,0.3533625602722168
data_CICIoT2023.csv,DeepSVDD,QuantileTransformer,1,85.19103592464053,99.47312032415812,67.49958130966337,0.20312777588199243,0.7994792204839943,0.9952662721893492,0.6680596808731091,2.3814170360565186,0.014037847518920898
data_CICIoT2023.csv,IForest,QuantileTransformer,1,92.38880348843745,99.73546699664261,76.4763021269469,0.262647971681689,0.8624047334495798,0.9964685108887581,0.7601367686675417,0.11524152755737305,0.20060086250305176
data_CICIoT2023.csv,OCSVM,QuantileTransformer,1,84.35796433809011,99.43285511533462,64.68933177022275,0.19252685454744556,0.7782219043211175,0.9954790096878364,0.6388063825378186,0.18962478637695312,2.7408225536346436
data_CICIoT2023.csv,LODA,QuantileTransformer,1,78.54244211626738,99.17198523084967,56.06096131301289,0.1562735644566956,0.708229537366548,0.9946894914407097,0.5498722110934586,0.015946149826049805,0.1881546974182129
data_CICIoT2023.csv,MO_GAAL,QuantileTransformer,1,22.14120955916373,94.6662146934503,8.18958298442472,-0.03648386396085205,0.1068752036493972,0.9447004608294931,0.0566415693859225,3.911691427230835,0.006051540374755859
data_CICIoT2023.csv,SUOD,QuantileTransformer,1,90.39191639047493,99.66464013892318,68.92312845419528,0.23055287451318307,0.8095179436642851,0.9980257163106206,0.6809076466118671,0.08214116096496582,0.7641522884368896
data_CICIoT2023.csv,DIF,QuantileTransformer,1,87.7520406857615,99.5410794926066,52.74158432423379,0.16034344784442384,0.6784713201613455,0.9972532993903664,0.5141258548041722,0.37340664863586426,59.04422974586487
data_CICIoT2023.csv,ALAD,QuantileTransformer,1,27.21889717985826,94.41677075381499,4.7764193602411655,-0.06853534573898191,0.04030651858353307,0.8923766816143498,0.02061891275816813,4.967594623565674,0.023382186889648438
data_CICIoT2023.csv,COPOD,QuantileTransformer,1,44.89677338090032,96.80772308231317,7.090939541115391,0.014679770602138605,0.08200953137410644,0.9817749603803486,0.04279201492021828,0.007620811462402344,0.3050518035888672
data_CICIoT2023.csv,ECOD,QuantileTransformer,1,28.436893700344612,94.26246966240667,8.836040864176855,-0.16353496680480653,0.1298634866843569,0.8735483870967742,0.07014574842854182,0.007250070571899414,0.3058497905731201
data_CICIoT2023.csv,VAE,QuantileTransformer,1,90.93646725177837,99.67916006832559,73.8335287221571,0.23906839104785213,0.8446300715990454,0.9956860170683672,0.7333701733784624,9.265965461730957,1.4985005855560303
data_CICIoT2023.csv,SO_GAAL,QuantileTransformer,1,30.696586195854163,95.57405756808987,8.71545804722827,-0.020054454302782687,0.11565045267222637,0.9565217391304348,0.06154590039372798,0.7777078151702881,0.00666356086730957
data_CICIoT2023.csv,KNN,QuantileTransformer,3,92.81344467940536,99.74269955255428,76.20164126611958,0.260658340034605,0.8605741870915834,0.996455351056578,0.7573046901982455,0.010154008865356445,6.015303373336792
data_CICIoT2023.csv,LUNAR,QuantileTransformer,3,89.0229973266179,99.57786910867334,54.17183051415173,0.16766174877502055,0.6911233519956655,0.9977186807456655,0.5286661601160462,0.9966254234313965,0.20598077774047852
data_CICIoT2023.csv,NeuTraLAD,QuantileTransformer,3,91.63275905437513,99.67589235507752,52.9492547312008,0.17248222697139676,0.6798842323556893,0.9993300730220406,0.5151965186157353,33.34225273132324,0.9654054641723633
data_CICIoT2023.csv,LOF,QuantileTransformer,3,83.7168271889346,99.12104605093681,51.951096968681966,0.14174038408587583,0.6719718277652009,0.9943154902889626,0.5074601091386337,0.015035390853881836,0.16602754592895508
data_CICIoT2023.csv,AutoEncoder,QuantileTransformer,3,91.93666451059383,99.6976104409149,75.9169318372132,0.2609967060811293,0.85863709645708,0.9967135293043637,0.754161773848173,1.4046545028686523,1.3268020153045654
data_CICIoT2023.csv,CBLOF,QuantileTransformer,3,90.12195624012892,99.65142504238142,70.83905543460057,0.22827590310973056,0.8235794763718894,0.9964205158379915,0.7018373972508116,0.0055234432220458984,0.030999183654785156
data_CICIoT2023.csv,HBOS,QuantileTransformer,3,94.6499085349282,99.81952490633132,83.01457042371462,0.32640840427086965,0.9042539131091517,0.9973759840059977,0.8270359881190854,0.006235599517822266,0.0409550666809082
data_CICIoT2023.csv,DASVDD,QuantileTransformer,3,87.83836729192778,99.56453091193546,52.942555685814774,0.1720906534511718,0.6798386545429684,0.9992630803242447,0.5151619810734268,7.8802642822265625,23.684410095214844
data_CICIoT2023.csv,AE1SVM,QuantileTransformer,3,90.59297778549879,99.66229392538455,72.23915592028136,0.23149441216407143,0.833547557840617,0.9958729244649198,0.7167230779857705,17.323842763900757,1.8265259265899658
data_CICIoT2023.csv,DevNet,QuantileTransformer,3,80.71085161912843,99.24164222482256,51.17735722659521,0.13978586478026592,0.6648887254000367,0.9943611607756843,0.49941286178075567,0.7465205192565918,0.35953664779663086
data_CICIoT2023.csv,DeepSVDD,QuantileTransformer,3,84.47623337933483,99.44179687296281,65.982247529727,0.1982694658550338,0.7880722841283753,0.9955187684521299,0.652172411411204,2.423081159591675,0.013691902160644531
data_CICIoT2023.csv,IForest,QuantileTransformer,3,92.90607697448368,99.75606096871839,77.5682465248702,0.2764404534718709,0.8695533609926177,0.997140942595488,0.7709124818677903,0.11371159553527832,0.20598506927490234
data_CICIoT2023.csv,OCSVM,QuantileTransformer,3,83.94519279193442,99.41676626962543,62.84374476637079,0.18566561803844567,0.7638531133581692,0.9955607346984074,0.619638046556607,0.19772648811340332,2.8623228073120117
data_CICIoT2023.csv,LODA,QuantileTransformer,3,80.82663288401817,99.25842372633657,55.153240663205494,0.15251913959118696,0.7004094784184736,0.9945351718879075,0.5405470746701665,0.018000125885009766,0.267071008682251
data_CICIoT2023.csv,MO_GAAL,QuantileTransformer,3,24.566783838760813,95.09995320180886,9.157595042706413,-0.02572447406455424,0.1244229217110573,0.9534883720930233,0.06655384402845893,4.0792365074157715,0.006365299224853516
data_CICIoT2023.csv,SUOD,QuantileTransformer,3,90.21213717468491,99.65729998932802,67.26511472115223,0.223365162589335,0.7972616948449331,0.9981819126279154,0.6636734129999309,0.08247756958007812,0.8004724979400635
data_CICIoT2023.csv,DIF,QuantileTransformer,3,88.21190365336666,99.56142779336142,52.795176687322055,0.16347603600622332,0.6788359426631116,0.997789240972734,0.5144021551426401,0.3840603828430176,59.18619084358215
data_CICIoT2023.csv,ALAD,QuantileTransformer,3,27.255380094277903,94.42091528952668,4.793166973706247,-0.06808762761003562,0.040637235047927635,0.8931750741839762,0.020791600469710576,5.005389213562012,0.025305747985839844
data_CICIoT2023.csv,COPOD,QuantileTransformer,3,44.90168760168163,96.80937366753601,7.147881426896667,0.015082266911584078,0.08308801640591407,0.982017200938233,0.0433791531394626,0.008167505264282227,0.30013060569763184
data_CICIoT2023.csv,ECOD,QuantileTransformer,3,28.434340758815484,94.26282629140526,8.879584659186065,-0.16407345559295933,0.13075153374233128,0.8736122971818958,0.07066381156316917,0.007453203201293945,0.2959170341491699
data_CICIoT2023.csv,VAE,QuantileTransformer,3,90.59972429764782,99.6624036509405,71.70323228939877,0.23022850690644434,0.8297529321671839,0.9960808980065802,0.7110243835048697,9.423628330230713,1.6086478233337402
data_CICIoT2023.csv,SO_GAAL,QuantileTransformer,3,32.00930413023774,95.71402693696855,9.485848266622005,-0.015816739868003526,0.12977812127652721,0.9599809433063363,0.069593147751606,0.8057947158813477,0.007078409194946289
data_CICIoT2023.csv,KNN,QuantileTransformer,5,91.94130848756461,99.69372109307875,69.80405292245855,0.223608206316317,0.8161442293965289,0.9965137706061059,0.691061684050563,0.01027536392211914,5.9998557567596436
data_CICIoT2023.csv,LUNAR,QuantileTransformer,5,83.15085040168964,99.31029889877233,39.527717300284706,0.12062008127936637,0.5477681478883824,0.9969000729394603,0.37763348760102233,1.012190341949463,0.20720767974853516
data_CICIoT2023.csv,NeuTraLAD,QuantileTransformer,5,90.73395497331794,99.65719542633255,52.92915759504271,0.17130750641072195,0.679747498917527,0.9991290949286528,0.5150929059888099,31.463884592056274,0.9760475158691406
data_CICIoT2023.csv,LOF,QuantileTransformer,5,75.08621160880011,98.64432947414458,32.45017584994138,0.08039281585969477,0.4679593721144968,0.990839012400849,0.30631346273399185,0.015302658081054688,0.16176939010620117
data_CICIoT2023.csv,AutoEncoder,QuantileTransformer,5,91.4245544062889,99.66720318140419,73.87707251716631,0.24792831541005503,0.844792931202611,0.9967128433904673,0.733059335497686,1.439319133758545,1.3338356018066406
data_CICIoT2023.csv,CBLOF,QuantileTransformer,5,90.26243702265072,99.65133437361096,67.90152403282532,0.2149782049410986,0.8022370348969189,0.9966159052453468,0.671306209850107,0.005133390426635742,0.029404640197753906
data_CICIoT2023.csv,HBOS,QuantileTransformer,5,94.5750433329242,99.81690814080741,82.10015072852119,0.319379692235625,0.8985534758343141,0.9975973697521497,0.8174000138150169,0.0062713623046875,0.04057741165161133
data_CICIoT2023.csv,DASVDD,QuantileTransformer,5,87.5687080513566,99.55586626924014,52.9492547312008,0.17248222697139676,0.6798842323556893,0.9993300730220406,0.5151965186157353,8.11750316619873,22.80745553970337
data_CICIoT2023.csv,AE1SVM,QuantileTransformer,5,90.46333358811638,99.65836899944091,70.63138502763357,0.2259459530868327,0.8221212367118397,0.9962631527190481,0.6997996822546108,17.13542342185974,1.8246574401855469
data_CICIoT2023.csv,DevNet,QuantileTransformer,5,80.63037454565499,99.23738097457145,50.52420030145704,0.13901468407259213,0.6588132030582311,0.9945602901178604,0.4925398908613663,0.7659702301025391,0.36994266510009766
data_CICIoT2023.csv,DeepSVDD,QuantileTransformer,5,83.81970574933932,99.41544187406213,64.07971864009379,0.19269833992087604,0.7734493831333445,0.9958655206179958,0.6322442494992057,2.5024237632751465,0.014007091522216797
data_CICIoT2023.csv,IForest,QuantileTransformer,5,92.37702392489538,99.7350676776265,73.98760676603584,0.25293163570045973,0.845483485873458,0.99723082699709,0.7338191614284727,0.1128702163696289,0.20825910568237305
data_CICIoT2023.csv,OCSVM,QuantileTransformer,5,83.52635896795843,99.40093826287762,60.27801038352035,0.17840673106268815,0.7432505574920436,0.9959384972439803,0.5928369137252193,0.20221543312072754,2.848400592803955
data_CICIoT2023.csv,LODA,QuantileTransformer,5,81.22315530233305,99.18471232578916,47.89817451013231,0.13093553472508918,0.6340430537583813,0.9943915578186112,0.46539338260689367,0.015964031219482422,0.19834542274475098
data_CICIoT2023.csv,MO_GAAL,QuantileTransformer,5,26.157605653638516,95.34422332978684,10.072014737899849,-0.019573896512313955,0.14091898118520416,0.95822454308094,0.0760516681632935,4.311957359313965,0.006103038787841797
data_CICIoT2023.csv,SUOD,QuantileTransformer,5,89.78619459685642,99.64247212106869,66.5349187740747,0.2208087845833971,0.7917717429815969,0.9983181794292322,0.6560406161497547,0.08343648910522461,0.7674691677093506
data_CICIoT2023.csv,DIF,QuantileTransformer,5,87.33004635083842,99.52175624457897,52.74158432423379,0.16034344784442384,0.6784713201613455,0.9972532993903664,0.5141258548041722,0.3773677349090576,58.680498361587524
data_CICIoT2023.csv,ALAD,QuantileTransformer,5,27.32276088436655,94.42853455877763,4.8065650644783116,-0.06886823871939075,0.04096645744752649,0.8926470588235295,0.02096428818125302,4.266592025756836,0.02354288101196289
data_CICIoT2023.csv,COPOD,QuantileTransformer,5,44.90555151318517,96.80980393573807,7.171328085747781,0.015246727427315625,0.08353174603174603,0.9821150855365475,0.04362091593562202,0.007849693298339844,0.2999989986419678
data_CICIoT2023.csv,ECOD,QuantileTransformer,5,28.436935866045545,94.2635876016188,8.759001842237481,-0.16479073727351212,0.12848733043255695,0.8722849695916595,0.06935138495544657,0.00741124153137207,0.29838132858276367
data_CICIoT2023.csv,VAE,QuantileTransformer,5,90.43517456638519,99.65371980145156,70.87590018422375,0.22963436184962158,0.8238202338257046,0.9965684592381979,0.7021136975892796,5.5436530113220215,1.5869808197021484
data_CICIoT2023.csv,SO_GAAL,QuantileTransformer,5,32.60503648598101,95.74322941612478,9.449003516998827,-0.01896180772607149,0.12933977455716586,0.9580152671755725,0.06935138495544657,0.8133080005645752,0.006875514984130859
data_CICIoT2023.csv,KNN,MinMaxScaler,0,81.88673227087521,99.37385419092081,72.85211857310333,0.23135020077241625,0.8378837883788379,0.995437479207262,0.723388823651309,0.012264251708984375,5.636976003646851
data_CICIoT2023.csv,LUNAR,MinMaxScaler,0,89.75960337255076,99.65753527023632,76.52989449003516,0.27850021618622955,0.8625512465917339,0.9982292849035187,0.7593424051944464,1.1804537773132324,0.2010807991027832
data_CICIoT2023.csv,NeuTraLAD,MinMaxScaler,0,89.45012437731802,99.64522162783678,53.0095461396751,0.17600638865342114,0.6802944326701762,0.999933007302204,0.5155073564965117,28.20163583755493,0.9632527828216553
data_CICIoT2023.csv,LOF,MinMaxScaler,0,84.50238761364903,99.4025222532607,70.05861664712778,0.2185392886775153,0.8181022729585088,0.9956907226707613,0.6942736754852524,0.016505956649780273,0.15447044372558594
data_CICIoT2023.csv,AutoEncoder,MinMaxScaler,0,88.99596527907522,99.60257354576908,79.13917266789483,0.2773541460893013,0.8799213357498168,0.9959409916201117,0.788112177937418,1.4346003532409668,1.3489580154418945
data_CICIoT2023.csv,CBLOF,MinMaxScaler,0,85.53362266159563,99.4820064003808,68.65516663875397,0.21172946664118344,0.8079228243021347,0.9956996863300617,0.6797333701733784,0.00505375862121582,0.0298922061920166
data_CICIoT2023.csv,HBOS,MinMaxScaler,0,77.251211439754,98.91368161331252,48.83604086417685,0.12331508683228802,0.6434656770067455,0.9924400604795162,0.4760654831802169,0.005976200103759766,0.03458809852600098
data_CICIoT2023.csv,DASVDD,MinMaxScaler,0,79.6345951023235,99.12767990809753,52.27935019259755,0.13332487494890352,0.6753264510836124,0.9926308032424466,0.5117427643848864,7.821935176849365,22.56547236442566
data_CICIoT2023.csv,AE1SVM,MinMaxScaler,0,87.3220482840208,99.53595674817133,74.8249874392899,0.24124208977062897,0.8514565793114353,0.9952411753834781,0.7439731988671686,9.606811046600342,1.809370517730713
data_CICIoT2023.csv,DevNet,MinMaxScaler,0,79.01882445552388,98.90491680450634,53.55886786132976,0.14597107866527334,0.6864470024197743,0.9942351785129381,0.5241762796159425,0.7280428409576416,0.3558235168457031
data_CICIoT2023.csv,DeepSVDD,MinMaxScaler,0,70.14801196003275,98.50904080815283,25.915257075866688,0.056213496250582924,0.38509869335557406,0.9871721778791334,0.2392070180285971,2.3798558712005615,0.013329505920410156
data_CICIoT2023.csv,IForest,MinMaxScaler,0,80.30745235831614,98.92736751386938,41.16898341986267,0.10301150149546538,0.5666419935849988,0.9919661368348307,0.39659459832838295,0.1095883846282959,0.1630551815032959
data_CICIoT2023.csv,OCSVM,MinMaxScaler,0,77.55666744379332,99.07911191141486,53.97755819795679,0.14784924426281532,0.6901357629335618,0.9943462438263582,0.5284589348621952,0.18824505805969238,2.7419936656951904
data_CICIoT2023.csv,LODA,MinMaxScaler,0,78.76211775162976,99.11161493365029,41.52738234801541,0.10223521362109744,0.5705218097276552,0.9916189173009493,0.40046280306693377,0.015597820281982422,0.16190552711486816
data_CICIoT2023.csv,MO_GAAL,MinMaxScaler,0,23.216091857442827,94.35717976493427,5.841567576620331,-0.07025415795314367,0.06268547230835918,0.9064609450337512,0.03246528976997997,4.1072821617126465,0.006513357162475586
data_CICIoT2023.csv,SUOD,MinMaxScaler,0,61.775803128189025,97.7339917919123,37.58499413833529,0.05349699320939421,0.5301326340208785,0.9820627802690582,0.3630586447468398,0.07928776741027832,0.7536513805389404
data_CICIoT2023.csv,DIF,MinMaxScaler,0,81.85395227164646,99.2859568517895,52.54731200803885,0.14898781575790082,0.6771495635924432,0.9953105111542841,0.5131242660772259,0.36106348037719727,56.75133943557739
data_CICIoT2023.csv,ALAD,MinMaxScaler,0,37.24403215418356,95.61897897178405,6.484675933679451,-0.05195633791711222,0.07451851360758445,0.9266281945589447,0.038820197554742,4.895507097244263,0.023352622985839844
data_CICIoT2023.csv,COPOD,MinMaxScaler,0,22.109780778987556,93.5442074287908,10.89264779768883,-0.20781396361447257,0.1726636603949619,0.8672289909403311,0.09587621744836637,0.007140398025512695,0.29961419105529785
data_CICIoT2023.csv,ECOD,MinMaxScaler,0,28.44296172803322,94.26325399326345,8.437447663707921,-0.16514032944350898,0.1222707423580786,0.869406392694064,0.06575948055536368,0.006948232650756836,0.2963266372680664
data_CICIoT2023.csv,VAE,MinMaxScaler,0,86.18014743735651,99.47705492517632,63.151900854128286,0.17997783290801397,0.7664579131726993,0.9945457550548179,0.6234717137528494,9.016607522964478,1.5656383037567139
data_CICIoT2023.csv,SO_GAAL,MinMaxScaler,0,32.123452432527785,96.39115073662612,19.919611455367612,0.03733763682477243,0.3003219198127012,0.9837039877300614,0.17721212958485874,0.9370968341827393,0.006438732147216797
data_CICIoT2023.csv,KNN,MinMaxScaler,1,81.83770889367398,99.371271607418,72.76503098308491,0.23236709475664227,0.8372530573847601,0.9956205074498976,0.7223526973820543,0.013794183731079102,5.783726692199707
data_CICIoT2023.csv,LUNAR,MinMaxScaler,1,81.56160980059687,99.330675620665,59.0922793501926,0.18534380241906034,0.7331716589106639,0.9977403817565559,0.5795054223941424,1.1465246677398682,0.20372724533081055
data_CICIoT2023.csv,NeuTraLAD,MinMaxScaler,1,86.80500095946137,99.5266438718856,52.96600234466589,0.1736451309359707,0.6799908842297174,0.9995310196971727,0.5152655937003523,32.50050759315491,0.9669849872589111
data_CICIoT2023.csv,LOF,MinMaxScaler,1,83.37424428522505,99.35028611995361,61.661363255736056,0.17794362166509084,0.7545672870743632,0.995079742110621,0.6076880569178698,0.016262531280517578,0.15134501457214355
data_CICIoT2023.csv,AutoEncoder,MinMaxScaler,1,85.9078528404771,99.47645884277746,70.83235638921454,0.22134718577900248,0.8236604430764246,0.995545329939299,0.7023899979277475,1.383138656616211,1.3459665775299072
data_CICIoT2023.csv,CBLOF,MinMaxScaler,1,84.15344727221265,99.34666476939378,64.09981577625189,0.18981421113833,0.7736813210017315,0.9954357748315583,0.6327277750915244,0.004601478576660156,0.02737283706665039
data_CICIoT2023.csv,HBOS,MinMaxScaler,1,76.21460409818414,98.91121904060566,54.34265617149556,0.1447661704560597,0.6935132096683531,0.9936215450035436,0.5326379774815224,0.005917072296142578,0.03237605094909668
data_CICIoT2023.csv,DASVDD,MinMaxScaler,1,79.71328779999843,99.12603712213021,52.30614637414168,0.13489116902980325,0.6755087623344955,0.9928987740336304,0.5118809145541203,7.93052864074707,22.960670471191406
data_CICIoT2023.csv,AE1SVM,MinMaxScaler,1,85.04994182283244,99.42942623039063,68.47764193602411,0.20890584522152372,0.8066643383939026,0.9954367996755058,0.678075568142571,16.272051095962524,1.8336308002471924
data_CICIoT2023.csv,DevNet,MinMaxScaler,1,78.33735581342735,98.7999644976109,48.6384190252889,0.12894500724890504,0.6413099415204678,0.993621339518701,0.4734406299647717,0.7585313320159912,0.35618090629577637
data_CICIoT2023.csv,DeepSVDD,MinMaxScaler,1,74.97686252992519,98.95526599970073,40.02679618154413,0.10097546877861953,0.5543913790099798,0.9920726819274962,0.38467914623195415,2.4122517108917236,0.012846708297729492
data_CICIoT2023.csv,IForest,MinMaxScaler,1,84.38330784097275,99.26429800124363,60.415340813934016,0.17270578725356403,0.7445530001729206,0.9949740034662045,0.5948400911791117,0.10942840576171875,0.16185641288757324
data_CICIoT2023.csv,OCSVM,MinMaxScaler,1,77.33357063678719,99.0669700665908,53.61580974711103,0.14764619732418244,0.6868951795242833,0.9945004582951421,0.5246252676659529,0.18630671501159668,2.7365620136260986
data_CICIoT2023.csv,LODA,MinMaxScaler,1,73.43758636781355,98.73825634681003,33.19711941048401,0.08875483105215809,0.47650795317339495,0.9926727909011374,0.31349727153415763,0.01537179946899414,0.15764832496643066
data_CICIoT2023.csv,MO_GAAL,MinMaxScaler,1,22.50296444043777,94.10391497979023,5.081225925305644,-0.101597440905337,0.04880504833512352,0.8675417661097852,0.02510879325827174,3.9056029319763184,0.006110429763793945
data_CICIoT2023.csv,SUOD,MinMaxScaler,1,67.22301945211116,98.28265050613413,50.427064143359566,0.09665179469702105,0.6597075324197553,0.9867932315311597,0.4954755819575879,0.07912492752075195,0.7444679737091064
data_CICIoT2023.csv,DIF,MinMaxScaler,1,83.25027712448626,99.3442224791784,52.72818623346173,0.159560300803974,0.6783801645359039,0.9971193139947746,0.5140567797195551,0.3692598342895508,56.6779568195343
data_CICIoT2023.csv,ALAD,MinMaxScaler,1,37.220170200701844,95.61517102684635,6.514821637916597,-0.0532780418822665,0.0752153744201458,0.9257748776508973,0.03920011052013539,4.945831537246704,0.0252230167388916
data_CICIoT2023.csv,COPOD,MinMaxScaler,1,22.107293002632595,93.54347346287318,10.698375481493887,-0.20682256526138504,0.16899915843281488,0.8664109939277724,0.09363127719831457,0.0076024532318115234,0.3027455806732178
data_CICIoT2023.csv,ECOD,MinMaxScaler,1,28.440941607634045,94.2630623686585,8.846089432255903,-0.16337235904899627,0.13004283613579695,0.8737113402061856,0.0702493610554673,0.007178544998168945,0.30127763748168945
data_CICIoT2023.csv,VAE,MinMaxScaler,1,84.29936359690909,99.3907120183939,58.697035672416675,0.16094920123215947,0.730628918452498,0.9940557569993461,0.577571320024867,9.372519731521606,1.543652057647705
data_CICIoT2023.csv,SO_GAAL,MinMaxScaler,1,25.431199874085554,94.21768228735044,4.270641433595713,-0.11329718820288474,0.03184281842818428,0.8303886925795053,0.016232644884989985,0.7870075702667236,0.00673365592956543
data_CICIoT2023.csv,KNN,MinMaxScaler,3,78.13217176282605,99.17976976109787,55.12979400435438,0.1539018869381603,0.700152207001522,0.9947843785777891,0.5401671617047731,0.013938188552856445,5.734817028045654
data_CICIoT2023.csv,LUNAR,MinMaxScaler,3,68.01291719415319,98.67616391919519,32.29274828336962,0.09706218853530342,0.46487001641340603,0.9954648526077098,0.3032396214685363,1.0568130016326904,0.20304155349731445
data_CICIoT2023.csv,NeuTraLAD,MinMaxScaler,3,88.36594454198352,99.57455737236408,52.89566236811254,0.16934963880959727,0.6795196098539231,0.9987941314396731,0.5149202182772674,28.27466320991516,0.9735782146453857
data_CICIoT2023.csv,LOF,MinMaxScaler,3,80.35317914435367,99.17425921946689,57.28688661865684,0.1620483111287679,0.7186231244483672,0.9949896126115116,0.5624093389514402,0.016478776931762695,0.15932703018188477
data_CICIoT2023.csv,AutoEncoder,MinMaxScaler,3,86.03103993574867,99.47712154408438,69.47579969854296,0.21801162433799004,0.8138494535798182,0.9960001999900004,0.6880223803274159,1.4285049438476562,1.3798949718475342
data_CICIoT2023.csv,CBLOF,MinMaxScaler,3,85.55738495069333,99.47501821778489,61.91257745771228,0.18308887054120074,0.7564522692711345,0.9957146884691288,0.6098984596256131,0.005182504653930664,0.029401063919067383
data_CICIoT2023.csv,HBOS,MinMaxScaler,3,74.43119619416983,98.7496043120985,49.47579969854296,0.13101907598017024,0.6492419309831644,0.993594306049822,0.48214409062651103,0.005972385406494141,0.032433509826660156
data_CICIoT2023.csv,DASVDD,MinMaxScaler,3,79.16487494381421,99.10174530343735,52.299447328755654,0.13449959550957832,0.6754631845217748,0.9928317813358344,0.5118463770118118,5.600183963775635,22.92762589454651
data_CICIoT2023.csv,AE1SVM,MinMaxScaler,3,84.1527496215245,99.3836643655383,62.91073522023112,0.1852197465725245,0.7643992425370753,0.9954558049321142,0.6203978724873938,10.874473810195923,1.8434536457061768
data_CICIoT2023.csv,DevNet,MinMaxScaler,3,78.01117153413463,98.7744229903318,45.58365432925808,0.11966347170017264,0.6116555911459578,0.9933229813664596,0.44187331629481247,0.7440159320831299,0.3581070899963379
data_CICIoT2023.csv,DeepSVDD,MinMaxScaler,3,73.7977006199968,98.88657861610226,38.502763356221735,0.09896104067210544,0.5376712328767124,0.9923777653839003,0.3687228016854321,2.453937530517578,0.013241767883300781
data_CICIoT2023.csv,IForest,MinMaxScaler,3,85.05299116965891,99.2540408672597,61.75514989114051,0.18426074436985734,0.7551466803911477,0.9959837085643173,0.6081025074255716,0.11037635803222656,0.16635608673095703
data_CICIoT2023.csv,OCSVM,MinMaxScaler,3,76.74931118494281,99.03585475965416,51.58599899514319,0.14414974422658486,0.6685014448878491,0.9949481157837248,0.5033501416039234,0.19673657417297363,2.7828617095947266
data_CICIoT2023.csv,LODA,MinMaxScaler,3,83.85850969393299,99.36978761617783,58.84106514821637,0.16925272959885254,0.73157411857224,0.995304327151688,0.5783311459556538,0.01537179946899414,0.1724228858947754
data_CICIoT2023.csv,MO_GAAL,MinMaxScaler,3,22.99491933969739,94.14674338370229,5.0175849941383355,-0.1014112343105481,0.047431892236890726,0.8662576687116564,0.024383504869793467,4.502296209335327,0.007853984832763672
data_CICIoT2023.csv,SUOD,MinMaxScaler,3,65.41512860883776,98.03086470752388,40.81728353709597,0.07033185782773677,0.5647064620236013,0.9848758271032053,0.3958347723975962,0.08801078796386719,0.741600513458252
data_CICIoT2023.csv,DIF,MinMaxScaler,3,80.84472771958613,99.23605968811687,52.533913917266794,0.14820466871745094,0.6770584079670017,0.9951765257586923,0.513055190992609,0.3698079586029053,57.206995725631714
data_CICIoT2023.csv,ALAD,MinMaxScaler,3,37.209406447227664,95.61202108927344,6.702394908725506,-0.05398957890445555,0.07902393863245602,0.9263565891472868,0.04127236305864475,4.968999147415161,0.025249242782592773
data_CICIoT2023.csv,COPOD,MinMaxScaler,3,22.102869437280322,93.54444893063865,10.611287891475465,-0.20700203165255157,0.1674102268118429,0.8657631494030332,0.09266422601367687,0.007860183715820312,0.30828189849853516
data_CICIoT2023.csv,ECOD,MinMaxScaler,3,28.43836949987722,94.26333863506305,8.892982749958131,-0.16385760413854028,0.13099041533546327,0.8738277919863597,0.07080196173240312,0.007727622985839844,0.30561304092407227
data_CICIoT2023.csv,VAE,MinMaxScaler,3,83.4818952363261,99.3467246916413,57.685479819125774,0.1599164749672415,0.7221012340790602,0.9944259315358982,0.5668646819092353,9.407554388046265,1.5600745677947998
data_CICIoT2023.csv,SO_GAAL,MinMaxScaler,3,26.925713311412792,94.37572919615157,4.45151565901859,-0.10946648404836098,0.035632183908045977,0.84185303514377,0.018201284796573874,0.80564284324646,0.006926059722900391
data_CICIoT2023.csv,KNN,MinMaxScaler,5,70.46704531977204,98.82826894599808,46.50142354714453,0.12487456753180286,0.620581527936146,0.9939126464769441,0.4511293776334876,0.012350082397460938,5.864931106567383
data_CICIoT2023.csv,LUNAR,MinMaxScaler,5,66.42600912297105,98.5091129015625,28.487690504103163,0.08465341017583689,0.417367099661609,0.994408322496749,0.2641085860330179,1.478774070739746,0.4160647392272949
data_CICIoT2023.csv,NeuTraLAD,MinMaxScaler,5,85.81892537721245,99.4436430039221,52.71478814268966,0.1587771537635241,0.6782890089104624,0.9969853285991827,0.5139877046349381,35.25767540931702,0.9709436893463135
data_CICIoT2023.csv,LOF,MinMaxScaler,5,75.33325853393538,98.92471635795224,50.3299279852621,0.143149749166282,0.6568076095257932,0.995440196422308,0.4900877253574636,0.014231443405151367,0.15601539611816406
data_CICIoT2023.csv,AutoEncoder,MinMaxScaler,5,85.3977168576249,99.43853606021858,65.07452687991962,0.19544421426670316,0.7811430850282308,0.9956658997271122,0.6426745872763694,1.443432092666626,1.3597397804260254
data_CICIoT2023.csv,CBLOF,MinMaxScaler,5,84.50554429135057,99.36694347216995,52.932507117735724,0.14924786031914253,0.680650879505477,0.9951488569909622,0.5171996960696277,0.005281686782836914,0.027838468551635742
data_CICIoT2023.csv,HBOS,MinMaxScaler,5,73.2392504103681,98.6574108481808,42.48869536091107,0.11018939029346002,0.5802776962941234,0.9928894094027104,0.4099260896594598,0.005997896194458008,0.03205132484436035
data_CICIoT2023.csv,DASVDD,MinMaxScaler,5,78.92367755137182,99.09384824153788,52.27935019259755,0.13332487494890352,0.6753264510836124,0.9926308032424466,0.5117427643848864,8.324927568435669,23.157654285430908
data_CICIoT2023.csv,AE1SVM,MinMaxScaler,5,83.19795332287573,99.30847990132115,57.26343995980573,0.16379546253231497,0.7183630223164029,0.9952902318184599,0.5619948884437383,17.089262008666992,1.875720739364624
data_CICIoT2023.csv,DevNet,MinMaxScaler,5,77.74879162684243,98.75870629330223,40.850778764026124,0.10506801618640446,0.5631015116653059,0.9925861317051897,0.39303723147060854,0.8054146766662598,0.37581944465637207
data_CICIoT2023.csv,DeepSVDD,MinMaxScaler,5,73.147789171802,98.84936586933964,38.087422542287726,0.09884973705275715,0.533020059623061,0.9925668046669176,0.3643365338122539,2.492128372192383,0.012805461883544922
data_CICIoT2023.csv,IForest,MinMaxScaler,5,80.96230869325656,99.01564960098118,51.52235806397588,0.1413500464834881,0.6680276165791225,0.9944683466502766,0.5029356910962216,0.11159825325012207,0.16606926918029785
data_CICIoT2023.csv,OCSVM,MinMaxScaler,5,76.24785366999146,99.00408237451911,50.259588008708754,0.13958778678171957,0.6562977364254965,0.9948077462812237,0.4896732748497617,0.20685243606567383,2.8827333450317383
data_CICIoT2023.csv,LODA,MinMaxScaler,5,76.66626200371257,98.6337834837668,33.45503265784625,0.08670933750383941,0.4797716619969101,0.9919870059556036,0.31639842508807076,0.01588582992553711,0.15636634826660156
data_CICIoT2023.csv,MO_GAAL,MinMaxScaler,5,23.60184093916969,94.21170286522292,5.151565901858985,-0.0986529375091223,0.050115729093287716,0.8716452742123687,0.02579954410444153,3.407679796218872,0.006196498870849609
data_CICIoT2023.csv,SUOD,MinMaxScaler,5,64.3482942095683,97.96440666404497,34.67425891810417,0.05430567884032011,0.49650187169226795,0.9831305592475207,0.33211300683843337,0.07915186882019043,0.7445271015167236
data_CICIoT2023.csv,DIF,MinMaxScaler,5,81.45080983828534,99.24215730930763,52.56740914419695,0.15016253631857562,0.6772862970306055,0.995511489247672,0.5132278787041514,0.36702442169189453,56.74987578392029
data_CICIoT2023.csv,ALAD,MinMaxScaler,5,37.39784113144529,95.6375185358705,6.739239658348685,-0.054314147379322185,0.0797831906666226,0.9263238679969301,0.04168681356634662,5.0708417892456055,0.02373504638671875
data_CICIoT2023.csv,COPOD,MinMaxScaler,5,22.104272405147682,93.5442358195241,10.306481326410987,-0.2071403958512382,0.16177299192387154,0.8636363636363636,0.08924500932513642,0.007950067520141602,0.3038926124572754
data_CICIoT2023.csv,ECOD,MinMaxScaler,5,28.440941607634045,94.26409969196392,8.76905041031653,-0.16462601951188607,0.128666943920151,0.8724511930585683,0.06945499758237204,0.007527589797973633,0.3036932945251465
data_CICIoT2023.csv,VAE,MinMaxScaler,5,83.36562139938455,99.32821787533908,57.08591525707587,0.15833398486191466,0.717024472126513,0.9944859698566352,0.5606133867513988,9.73528265953064,1.5662360191345215
data_CICIoT2023.csv,SO_GAAL,MinMaxScaler,5,27.577905540703433,94.43391556398728,4.407971864009379,-0.11448287741634579,0.03496432556724039,0.8352180936995154,0.017855909373488982,0.8131608963012695,0.007166624069213867
data_CICIoT2023.csv,KNN,Normalizer,0,28.54776649432139,95.68859861622052,14.349355216881593,0.010585834989776426,0.21361134175969493,0.9747403873140612,0.11994888443738344,0.010697603225708008,3.3049144744873047
data_CICIoT2023.csv,LUNAR,Normalizer,0,34.51589597092928,96.19144082165187,14.439792329593033,0.028215381715323132,0.21364363994581947,0.9830028328611898,0.11984527181045797,1.2533605098724365,0.20133209228515625
data_CICIoT2023.csv,NeuTraLAD,Normalizer,0,40.81735297989225,96.33647969918435,48.90973036342321,-0.06106106311049969,0.6522898762167461,0.9593643130154899,0.4941286178075568,28.985152006149292,0.956918478012085
data_CICIoT2023.csv,LOF,Normalizer,0,70.50804188081412,98.61464323846307,28.7623513649305,0.06719941456421262,0.4222536129522982,0.9890557393738865,0.26842577882157903,0.014143705368041992,0.19218707084655762
data_CICIoT2023.csv,AutoEncoder,Normalizer,0,53.23705511064778,97.40559981457679,14.999162619326745,0.006573051230213879,0.22482206677459754,0.9727729315358181,0.12709815569524072,1.3632197380065918,1.3621578216552734
data_CICIoT2023.csv,CBLOF,Normalizer,0,43.40975202197953,96.18106319518563,11.113716295427901,-0.005472433591860073,0.15870399137685065,0.9667825415218231,0.08644746839814879,0.005179166793823242,0.030087947845458984
data_CICIoT2023.csv,HBOS,Normalizer,0,36.18298403905556,97.03097558485139,14.248869536091108,0.010648003771081495,0.21191319070340156,0.9747946757292552,0.11887822062582026,0.005611419677734375,0.030428171157836914
data_CICIoT2023.csv,DASVDD,Normalizer,0,48.749054817481166,96.52796403204384,49.85764528554681,-0.003629723287879773,0.6586556001459322,0.9691987652664072,0.49882572356151134,7.588476657867432,22.948312997817993
data_CICIoT2023.csv,AE1SVM,Normalizer,0,64.20877365505405,97.7550183770213,14.399598057276839,0.012547945837254007,0.2142901063764373,0.9756438969764838,0.1203633349450853,16.28855800628662,2.038296699523926
data_CICIoT2023.csv,DevNet,Normalizer,0,77.149109111571,99.13160045157123,55.49489197789315,0.1563585221481915,0.703276089238259,0.9950078988941549,0.543828141189473,0.9936113357543945,0.36214566230773926
data_CICIoT2023.csv,DeepSVDD,Normalizer,0,48.85610586565532,96.7592492978026,14.191927650309829,0.010358581924142098,0.21097696193174817,0.9746727376209448,0.11829108240657595,2.422333002090454,0.012786388397216797
data_CICIoT2023.csv,IForest,Normalizer,0,59.08955090231917,97.50243105978744,15.374309160944566,0.0122988810044495,0.23054667275772803,0.9752641071888688,0.1307245976376321,0.10448455810546875,0.11722993850708008
data_CICIoT2023.csv,OCSVM,Normalizer,0,63.00717000911622,97.34953340201005,9.921286216714119,-0.015929063858041277,0.13785144102843586,0.9602501116569897,0.07425571596325206,0.19119834899902344,2.7311642169952393
data_CICIoT2023.csv,LODA,Normalizer,0,25.236771910467347,95.41780511973784,8.725506615307319,0.0036509949215349454,0.11405162884452826,0.9722838137472284,0.060578849209090284,0.015703916549682617,0.16531133651733398
data_CICIoT2023.csv,MO_GAAL,Normalizer,0,50.56790874299675,96.26124383123455,6.226762686317199,-0.054162865819283236,0.06946752642425048,0.9231448763250883,0.036091731712371344,3.980158567428589,0.006109714508056641
data_CICIoT2023.csv,SUOD,Normalizer,0,34.21729955978242,96.13984977235476,15.00251214201976,0.012704474139427402,0.22435505563027264,0.9755449229133439,0.12675278027215583,0.07671236991882324,0.7312178611755371
data_CICIoT2023.csv,DIF,Normalizer,0,31.323082263672557,95.67557713685463,47.99196114553676,-0.11728217799505303,0.6461566509423213,0.9497554766530448,0.4896387373074532,0.36194515228271484,46.361074686050415
data_CICIoT2023.csv,ALAD,Normalizer,0,48.87436361415869,96.86607066185556,10.875900184223749,-0.021446338778196117,0.1557304226424673,0.9578454332552693,0.0847551288250328,5.097548007965088,0.023397207260131836
data_CICIoT2023.csv,COPOD,Normalizer,0,31.64919179467726,95.92410760494397,15.839892815273823,-0.0037744905450701528,0.2395738756733854,0.9681996086105675,0.13669959245700075,0.007725954055786133,0.3093299865722656
data_CICIoT2023.csv,ECOD,Normalizer,0,34.856859328398514,96.27419638884459,14.45988946575113,0.02312943602856268,0.21440876092038882,0.9805852560495216,0.1203633349450853,0.007277727127075195,0.3071708679199219
data_CICIoT2023.csv,VAE,Normalizer,0,67.42252454944607,98.0133723457599,14.670909395411154,0.009378884274939128,0.21910921742329031,0.9741073862087762,0.12343717621054086,9.261739492416382,1.56083345413208
data_CICIoT2023.csv,SO_GAAL,Normalizer,0,61.51950083169928,97.02040260456812,5.74443141852286,-0.06931422412752414,0.06062224596074242,0.906187624750499,0.03136008841610831,0.937004566192627,0.006392478942871094
data_CICIoT2023.csv,KNN,Normalizer,1,27.076543856890535,95.65047388222683,14.33595712610953,0.010518037567802589,0.21339156645034293,0.9747119977521775,0.11981073426814948,0.013674497604370117,3.233048915863037
data_CICIoT2023.csv,LUNAR,Normalizer,1,31.224345525072994,95.9979097249841,13.39809077206498,0.02946134539099803,0.19587596802786678,0.9843701156611441,0.10875872072943289,1.0881426334381104,0.20214009284973145
data_CICIoT2023.csv,NeuTraLAD,Normalizer,1,41.69952460855471,96.43869623724764,48.22307821135488,-0.05650116661768379,0.6456537685677609,0.959986366734833,0.4863922083304552,33.088990211486816,0.9385085105895996
data_CICIoT2023.csv,LOF,Normalizer,1,65.58192653860918,98.32221083179749,28.48099145871713,0.066726651573345,0.4186135163099711,0.9890633041688112,0.2654900877253575,0.011939287185668945,0.1607072353363037
data_CICIoT2023.csv,AutoEncoder,Normalizer,1,43.52333683717531,96.92437303197428,14.670909395411154,0.011067700687632409,0.21896557010148082,0.9748839748839749,0.12333356358361539,1.368687391281128,1.3075151443481445
data_CICIoT2023.csv,CBLOF,Normalizer,1,43.39464711793217,96.1756333063521,11.023279182716463,-0.003445648072400557,0.15691253015107273,0.9678935003915426,0.08537680458658561,0.005173206329345703,0.024155378341674805
data_CICIoT2023.csv,HBOS,Normalizer,1,48.277774528037384,97.41571407941132,15.344163456707419,0.01766749080894216,0.2295921477778455,0.9776739356178609,0.1300683843337708,0.005698680877685547,0.03026866912841797
data_CICIoT2023.csv,DASVDD,Normalizer,1,48.74872707498756,96.56266381823708,49.89114051247697,-0.0035115461312347548,0.6589613823918297,0.9692194206008584,0.4991710989845963,7.834743976593018,22.686612367630005
data_CICIoT2023.csv,AE1SVM,Normalizer,1,67.78541598802248,97.97817980228476,13.967509629877743,0.01094200928012825,0.2071307300509338,0.9750072653298459,0.11587345444498169,16.27446675300598,1.8537771701812744
data_CICIoT2023.csv,DevNet,Normalizer,1,77.22605959914833,99.13982083811084,55.07955116395914,0.1555529942254341,0.6996483841347338,0.9950946040644709,0.5394764108586033,0.7647092342376709,0.3681824207305908
data_CICIoT2023.csv,DeepSVDD,Normalizer,1,61.51732163161023,98.19838169136979,34.77139507620164,0.08752342912582417,0.49546608632571637,0.9914973040232269,0.33024797955377494,2.4179117679595947,0.01250457763671875
data_CICIoT2023.csv,IForest,Normalizer,1,69.72822174129472,98.16975621094085,15.20013398090772,0.01034584708501813,0.22783420258029097,0.9744325593529872,0.12899772052220765,0.10505151748657227,0.1145026683807373
data_CICIoT2023.csv,OCSVM,Normalizer,1,63.035250449313885,97.3539683063371,9.753810082063307,-0.013728833181076027,0.1345838820544117,0.9614502065167508,0.07235615113628514,0.1935112476348877,2.767307758331299
data_CICIoT2023.csv,LODA,Normalizer,1,62.291177241070585,97.74011354958098,3.7481158934851786,-0.006202721300296576,0.015620718004932858,0.957983193277311,0.007874559646335566,0.014792919158935547,0.1353466510772705
data_CICIoT2023.csv,MO_GAAL,Normalizer,1,51.00873772987685,96.1123645197166,5.4195277173002845,-0.07217262529581231,0.054068540417406455,0.8996655518394648,0.027871796642950888,4.01337456703186,0.0061397552490234375
data_CICIoT2023.csv,SUOD,Normalizer,1,49.189494729939035,97.42023413544413,20.09713615809747,0.03801083569591864,0.30295415363936534,0.9838679066236478,0.17904261932720866,0.07877397537231445,0.7324943542480469
data_CICIoT2023.csv,DIF,Normalizer,1,33.111065146237934,95.71765029629339,48.440797186400935,-0.09104675213998258,0.6492103643946127,0.9542439874053729,0.49195275264212196,0.36423420906066895,45.01888608932495
data_CICIoT2023.csv,ALAD,Normalizer,1,48.86756151994932,96.86374402092979,10.859152570758667,-0.021570902352956202,0.15543778363111294,0.9577630035197497,0.08458244111349036,5.100383281707764,0.023392200469970703
data_CICIoT2023.csv,COPOD,Normalizer,1,31.64740933550152,95.92405735068189,15.947077541450344,-0.0037465650739502347,0.24132301366549763,0.9682193110140709,0.1378393313531809,0.0077745914459228516,0.30719542503356934
data_CICIoT2023.csv,ECOD,Normalizer,1,34.86159338663947,96.27489707350814,14.476637079216212,0.023206554109408896,0.21468335742626027,0.9806125316100028,0.12053602265662776,0.007258892059326172,0.3042922019958496
data_CICIoT2023.csv,VAE,Normalizer,1,70.46684599100399,98.13226770621323,14.309160944565399,0.006393283613360275,0.21329069159568254,0.9727910238429173,0.11977619672584099,9.555110216140747,1.6139497756958008
data_CICIoT2023.csv,SO_GAAL,Normalizer,1,46.939939252257986,95.37141539870593,3.7246692346340646,-0.1295121583713411,0.020247469066366704,0.7754569190600522,0.01025765006562133,0.8049437999725342,0.007162332534790039
data_CICIoT2023.csv,KNN,Normalizer,3,26.58071354639074,95.61386404182235,14.319209512644449,0.010433204098255678,0.21311677125630615,0.9746764209341587,0.11963804655660704,0.01413273811340332,3.3776330947875977
data_CICIoT2023.csv,LUNAR,Normalizer,3,28.15451575107425,95.76222716252563,14.054597219896165,0.02415249780525145,0.20749297340704823,0.981302950628104,0.11601160461421565,1.2819645404815674,0.21894359588623047
data_CICIoT2023.csv,NeuTraLAD,Normalizer,3,64.25220624363634,97.83229103740828,48.4340981410149,0.05323555366926997,0.6427659821324979,0.9794215402022488,0.47834496097257717,29.904555559158325,0.9875168800354004
data_CICIoT2023.csv,LOF,Normalizer,3,51.21505067128946,97.6456139088655,28.39390386869871,0.06687406587875559,0.41746144204043817,0.9891528925619835,0.26455757408302827,0.015002727508544922,0.20700860023498535
data_CICIoT2023.csv,AutoEncoder,Normalizer,3,41.872927220390224,96.86687780607099,14.724501758499414,0.011334597392596074,0.21983881347102627,0.9749932046751835,0.12388616426055121,1.4088144302368164,1.386505365371704
data_CICIoT2023.csv,CBLOF,Normalizer,3,42.651836964094066,96.09168634211709,10.534248869536091,-0.012744132531463361,0.14882090503505419,0.9624896949711459,0.08064516129032258,0.005753755569458008,0.02714228630065918
data_CICIoT2023.csv,HBOS,Normalizer,3,47.61757848206082,97.32366876080148,14.1651314687657,0.01367097034202523,0.21024408284023668,0.9762449914138523,0.1178075568142571,0.006085395812988281,0.030732393264770508
data_CICIoT2023.csv,DASVDD,Normalizer,3,48.797223380927164,96.58300871653528,49.844247194774745,-0.0036769946734613976,0.6585332481984858,0.9691904953685059,0.49868757339227743,8.52890682220459,52.20798587799072
data_CICIoT2023.csv,AE1SVM,Normalizer,3,69.50016088131528,98.12651663801644,14.684307486183219,0.011697730802250101,0.21913608633005305,0.9751705320600272,0.12343717621054086,22.74910068511963,8.194756984710693
data_CICIoT2023.csv,DevNet,Normalizer,3,77.18602709935934,99.1381408586815,53.759839222910735,0.15367821702480433,0.6879591329309916,0.9954863609602931,0.5255923188505905,1.0049493312835693,0.41618824005126953
data_CICIoT2023.csv,DeepSVDD,Normalizer,3,60.77957902837498,98.16228525786417,34.91877407469436,0.0887703580551816,0.4971271804958849,0.9917389508467576,0.33169855633073153,2.7288320064544678,0.013767480850219727
data_CICIoT2023.csv,IForest,Normalizer,3,68.45667669724804,98.13112380537913,15.233629207837884,0.009959251711837864,0.2284215982194579,0.9742522756827048,0.12937763348760103,0.11261415481567383,0.12060546875
data_CICIoT2023.csv,OCSVM,Normalizer,3,62.91841695852358,97.34307703904786,9.753810082063307,-0.014429999341875572,0.1346394732616027,0.9610270518110958,0.07239068867859363,0.21283411979675293,2.911364793777466
data_CICIoT2023.csv,LODA,Normalizer,3,63.7320424904535,97.89765901701544,4.9606431083570595,0.022089483356558564,0.039406865732277065,0.9965753424657534,0.02010084962354079,0.01588749885559082,1.0634584426879883
data_CICIoT2023.csv,MO_GAAL,Normalizer,3,51.036015105134034,96.10980701866426,5.4597219896164795,-0.07328234156735629,0.05497706498811397,0.8992332968236583,0.028355322235269736,15.133225917816162,0.009250879287719727
data_CICIoT2023.csv,SUOD,Normalizer,3,47.87706045572536,97.27459697166485,18.3922291073522,0.03187644133044571,0.27728998576174657,0.9823455233291298,0.16142847274987912,0.08098030090332031,0.785114049911499
data_CICIoT2023.csv,DIF,Normalizer,3,31.84166671969323,95.60948220765019,48.259922960978066,-0.10161923718605574,0.6479797634511519,0.9524351845648824,0.4910202389997928,0.5393328666687012,47.272690773010254
data_CICIoT2023.csv,ALAD,Normalizer,3,48.952092250580485,96.87474826508289,11.033327750795511,-0.020931425735329676,0.15853001742436243,0.9582535427039448,0.0864129308558403,5.0688087940216064,0.02580714225769043
data_CICIoT2023.csv,COPOD,Normalizer,3,31.64711034234946,95.92400965136825,15.809747111036677,-0.003932826456927169,0.2390942390942391,0.9681294434910517,0.13638875457622435,0.007964849472045898,0.3067896366119385
data_CICIoT2023.csv,ECOD,Normalizer,3,34.86099156708981,96.27458819052475,13.800033495226929,0.024145624892781374,0.20317676564386786,0.9814537840263237,0.11331767631415349,0.0073413848876953125,0.30237364768981934
data_CICIoT2023.csv,VAE,Normalizer,3,71.088736414307,98.19557334292256,14.831686484675934,0.011305397756532233,0.22163039152661707,0.9749528683005656,0.12502590315673137,9.521919250488281,1.602461814880371
data_CICIoT2023.csv,SO_GAAL,Normalizer,3,47.166139071528136,95.38241520320977,3.741416848099146,-0.12842503126721821,0.02058482721014246,0.7783505154639175,0.010430337777163777,0.7930033206939697,0.007114410400390625
data_CICIoT2023.csv,KNN,Normalizer,5,26.459736317172545,95.58257494659405,14.309160944565399,0.009811569766722837,0.2130002768634448,0.9743878412609063,0.11956897147199005,0.014527082443237305,3.23197865486145
data_CICIoT2023.csv,LUNAR,Normalizer,5,26.59058032040873,95.66253211257187,14.161781946072685,0.02406487088366214,0.20931165345098887,0.9811975701475267,0.1171513435103958,1.1033968925476074,0.2080678939819336
data_CICIoT2023.csv,NeuTraLAD,Normalizer,5,36.817974578988895,96.13706341995368,45.41617819460727,-0.10374354557579048,0.6209174653391644,0.9509762006555508,0.4609380396490986,35.299607038497925,0.9789454936981201
data_CICIoT2023.csv,LOF,Normalizer,5,52.93956842408453,97.88829732028248,31.971194104840063,0.07728031347606565,0.46227164416203337,0.9902450090744102,0.3015127443531118,0.01244044303894043,0.15406394004821777
data_CICIoT2023.csv,AutoEncoder,Normalizer,5,40.09323564792621,96.76480807698476,14.62066655501591,0.011381049909041938,0.21809815950920244,0.9750411409764125,0.12278096290667956,1.4130537509918213,1.3457880020141602
data_CICIoT2023.csv,CBLOF,Normalizer,5,42.59548825466734,96.08752284732218,10.530899346843075,-0.013436539233803255,0.1488161626461872,0.9620931190770499,0.08064516129032258,0.005043506622314453,0.030304670333862305
data_CICIoT2023.csv,HBOS,Normalizer,5,47.951519333702194,97.37973345097912,17.02897337129459,0.02677786062205505,0.2561931357535357,0.9809151529087147,0.1473371554880155,0.005998849868774414,0.03027939796447754
data_CICIoT2023.csv,DASVDD,Normalizer,5,48.72207260213051,96.4903529718012,49.87774242170491,-0.003558816776147263,0.6588390862249783,0.9692111617923262,0.4990329488153623,5.698525428771973,23.192135095596313
data_CICIoT2023.csv,AE1SVM,Normalizer,5,63.60928471868233,97.78560210197605,13.800033495226929,0.008916723219659422,0.20445763392995148,0.974079528718704,0.11421565241417421,15.71875262260437,1.8409404754638672
data_CICIoT2023.csv,DevNet,Normalizer,5,77.19279277773607,99.13840076336167,51.67643610785463,0.1488843512642704,0.6691434468524252,0.9957682069483311,0.5038682047385508,0.8092386722564697,0.372894287109375
data_CICIoT2023.csv,DeepSVDD,Normalizer,5,60.73103480686615,98.16119490637341,34.73120080388545,0.08979080304512274,0.4948410846684295,0.9920997920997922,0.32962630379222213,2.4935524463653564,0.011060953140258789
data_CICIoT2023.csv,IForest,Normalizer,5,69.9060479184825,98.2104568669435,14.835036007368949,0.00908393835878619,0.22187538254376302,0.9739387426114992,0.1251985908682738,0.10378003120422363,0.11510324478149414
data_CICIoT2023.csv,OCSVM,Normalizer,5,62.89839975031772,97.34163536136568,9.737062468598225,-0.013154632534226034,0.13422861916083018,0.9617863720073665,0.07214892588243421,0.21419382095336914,2.8731789588928223
data_CICIoT2023.csv,LODA,Normalizer,5,66.54280236468317,98.02125926162206,5.463071512309496,0.023040447536564472,0.049440926848982894,0.994579945799458,0.025350556054431168,0.01492619514465332,0.13299250602722168
data_CICIoT2023.csv,MO_GAAL,Normalizer,5,51.05748128015375,96.10310502473575,5.4697705576955284,-0.0740517830503217,0.05523567220139261,0.8986928104575164,0.028493472404503697,4.315106153488159,0.006212472915649414
data_CICIoT2023.csv,SUOD,Normalizer,5,46.668813795268036,97.20852582683328,17.615139842572432,0.028710846408868913,0.26535244922341694,0.9814405656208572,0.15341576293430959,0.07875895500183105,0.733374834060669
data_CICIoT2023.csv,DIF,Normalizer,5,32.39365024409724,95.66417853226987,48.34031150561045,-0.09692035494335656,0.6485266972038012,0.9532390969384337,0.49143468950749464,0.3635261058807373,45.49186825752258
data_CICIoT2023.csv,ALAD,Normalizer,5,48.90149149283984,96.86773730437675,11.12376486350695,-0.020272258837718646,0.16010382375284882,0.9586808188021229,0.08734544449816951,5.045905351638794,0.024623394012451172
data_CICIoT2023.csv,COPOD,Normalizer,5,31.649540620021334,95.92417536746756,15.749455702562384,-0.002642113835159312,0.23799569814293073,0.9686806411837238,0.13566346618774608,0.008909463882446289,0.31155872344970703
data_CICIoT2023.csv,ECOD,Normalizer,5,34.86382816878884,96.27475670209503,13.803383017919945,0.02416120500320804,0.20323239829091586,0.9814593301435407,0.11335221385646198,0.007972478866577148,0.3084266185760498
data_CICIoT2023.csv,VAE,Normalizer,5,71.02252284748505,98.1928102010177,14.724501758499414,0.011897065368452754,0.21979099629186968,0.9752515637748165,0.12385162671824274,9.06181263923645,1.593299388885498
data_CICIoT2023.csv,SO_GAAL,Normalizer,5,47.05156336236045,95.36293319537342,3.774912075029308,-0.1288786614220709,0.021392560294318026,0.7810945273631841,0.01084478828486565,0.8158795833587646,0.007328510284423828
data_CICIoT2023.csv,KNN,RobustScaler,0,79.53578169881315,99.1917070079831,71.11706581812092,0.22028659009625073,0.8257310887007134,0.9952258001656356,0.7055674518201285,0.00994873046875,5.444114923477173
data_CICIoT2023.csv,LUNAR,RobustScaler,0,89.76185157105951,99.65760063543951,76.56004019427232,0.2787244361053956,0.8627520200831568,0.998230008169193,0.7596532430752228,1.1482958793640137,0.2022559642791748
data_CICIoT2023.csv,NeuTraLAD,RobustScaler,0,88.91538470797225,99.62622499802625,53.0095461396751,0.17600638865342114,0.6802944326701762,0.999933007302204,0.5155073564965117,25.584386110305786,0.9492530822753906
data_CICIoT2023.csv,LOF,RobustScaler,0,89.05376295531579,99.6302224818626,78.26494724501758,0.2690300408612452,0.8742709887427099,0.9957628988833473,0.7792014920218278,0.013092041015625,0.164459228515625
data_CICIoT2023.csv,AutoEncoder,RobustScaler,0,89.00046934258381,99.60278327904493,79.0520850778764,0.2770375816523207,0.8793549133840041,0.9959797238245062,0.7871796642950888,1.3665413856506348,1.3289110660552979
data_CICIoT2023.csv,CBLOF,RobustScaler,0,83.44440801157518,99.22715786096593,66.98375481493886,0.1948996682176446,0.7957733347145965,0.994459116565688,0.663258962492229,0.004334688186645508,0.027498960494995117
data_CICIoT2023.csv,HBOS,RobustScaler,0,73.56228376182757,98.86291829552813,42.059956456204986,0.11225858117132526,0.5756341690790442,0.9935636856368564,0.4051944463631968,0.0060901641845703125,0.03444314002990723
data_CICIoT2023.csv,DASVDD,RobustScaler,0,75.65006477801636,99.01711329336209,52.95595377658684,0.17287380049162168,0.67992981016841,0.9993970657198366,0.5152310561580438,7.800188064575195,22.364020586013794
data_CICIoT2023.csv,AE1SVM,RobustScaler,0,86.72900878326884,99.50490662162883,70.4538603249037,0.21653428713697048,0.8210133311689629,0.9951793005066654,0.6987290184430476,16.21125316619873,1.809124231338501
data_CICIoT2023.csv,DevNet,RobustScaler,0,84.16567149223727,99.44744512968951,67.22492044883604,0.20513387291566673,0.7973658597196048,0.995707266614947,0.6649167645230365,0.7561933994293213,0.35711169242858887
data_CICIoT2023.csv,DeepSVDD,RobustScaler,0,70.14801196003275,98.50904080815283,25.915257075866688,0.056213496250582924,0.38509869335557406,0.9871721778791334,0.2392070180285971,2.3646156787872314,0.012664079666137695
data_CICIoT2023.csv,IForest,RobustScaler,0,79.52229634100613,98.85115723477334,39.35689164294088,0.09581774208754763,0.5473410505787935,0.991216155030336,0.37804793810872417,0.1107325553894043,0.1631929874420166
data_CICIoT2023.csv,OCSVM,RobustScaler,0,77.03108156479523,98.84366326241017,73.98425724334282,0.1963442244401715,0.8463410291411954,0.9905988051683416,0.7387580299785867,0.32190990447998047,4.33678936958313
data_CICIoT2023.csv,LODA,RobustScaler,0,81.61114299945483,99.34685075196047,68.4140010048568,0.20933058491879813,0.8061824310436964,0.9955329949238578,0.6773502797540927,0.015187740325927734,0.14283227920532227
data_CICIoT2023.csv,MO_GAAL,RobustScaler,0,21.36113450881597,95.30571953163948,3.0179199464076367,0.0,0.0,0.0,0.0,3.9414336681365967,0.006051778793334961
data_CICIoT2023.csv,SUOD,RobustScaler,0,59.3228288094775,97.63744776020484,33.28085747780941,0.03926714033652279,0.48088400093820854,0.9797175321227567,0.31864336533812254,0.07817864418029785,0.7544119358062744
data_CICIoT2023.csv,DIF,RobustScaler,0,77.71632403712513,99.2130311325784,53.01624518506113,0.17639796217364606,0.6803400104828969,1.0,0.5155418940388202,0.37331223487854004,55.72785830497742
data_CICIoT2023.csv,ALAD,RobustScaler,0,30.6697113113786,94.4762621426648,4.3543795009211195,-0.10757785722389543,0.03337733996817982,0.8398637137989778,0.01702700835808524,4.960824251174927,0.025522947311401367
data_CICIoT2023.csv,COPOD,RobustScaler,0,22.109738613286627,93.54420104910287,10.89264779768883,-0.20781396361447257,0.1726636603949619,0.8672289909403311,0.09587621744836637,0.007470846176147461,0.3136475086212158
data_CICIoT2023.csv,ECOD,RobustScaler,0,28.44289272961352,94.2632384999978,8.437447663707921,-0.16514032944350898,0.1222707423580786,0.869406392694064,0.06575948055536368,0.006777763366699219,0.3043534755706787
data_CICIoT2023.csv,VAE,RobustScaler,0,86.15292564415967,99.47646820875403,63.10500753642606,0.17939895997944885,0.7661011190622811,0.9944870169248581,0.623022725702839,9.253130912780762,1.5464560985565186
data_CICIoT2023.csv,SO_GAAL,RobustScaler,0,50.0,96.98208005359237,3.0179199464076367,0.0,0.0,0.0,0.0,0.9532911777496338,0.006906270980834961
data_CICIoT2023.csv,KNN,RobustScaler,1,47.664721652325085,97.35985921827118,23.520348350360074,0.04440870548548687,0.3526409798417964,0.9844863067911983,0.21478897561649513,0.011984109878540039,4.0684497356414795
data_CICIoT2023.csv,LUNAR,RobustScaler,1,81.6518252343627,99.33489431274137,59.54446491374979,0.18717775799018235,0.736897137629068,0.9977583765927324,0.5841679906057885,1.0329091548919678,0.2054140567779541
data_CICIoT2023.csv,NeuTraLAD,RobustScaler,1,90.80479335088296,99.68353032349178,53.0095461396751,0.17600638865342114,0.6802944326701762,0.999933007302204,0.5155073564965117,19.25230646133423,0.967900276184082
data_CICIoT2023.csv,LOF,RobustScaler,1,88.91155912892408,99.6264620890395,77.92999497571597,0.27002497787905344,0.872040859922708,0.996140023958472,0.7754368999102024,0.016141653060913086,0.15226960182189941
data_CICIoT2023.csv,AutoEncoder,RobustScaler,1,85.90788158981866,99.47646001794728,70.83235638921454,0.22134718577900248,0.8236604430764246,0.995545329939299,0.7023899979277475,1.3785779476165771,1.3291511535644531
data_CICIoT2023.csv,CBLOF,RobustScaler,1,84.78570087483097,99.31655454381804,67.0942890638084,0.20184672799182807,0.7964528426984916,0.9953392024857587,0.6638115631691649,0.004471778869628906,0.027826309204101562
data_CICIoT2023.csv,HBOS,RobustScaler,1,76.93081344460273,99.0906884903911,52.36308825992296,0.14723485322367594,0.6755338565431648,0.9950934265358247,0.5113283138771845,0.0061359405517578125,0.03262209892272949
data_CICIoT2023.csv,DASVDD,RobustScaler,1,17.37214228670116,94.24221957724733,46.980405292245855,-0.1764097795490178,0.6392744012214854,0.9396395792858578,0.4844235684188713,7.901988506317139,22.6952702999115
data_CICIoT2023.csv,AE1SVM,RobustScaler,1,84.72993098548068,99.42048179528739,63.84525205158265,0.18791326178081777,0.7717294759548281,0.9953087497272529,0.6301719969606963,15.67682695388794,1.8187639713287354
data_CICIoT2023.csv,DevNet,RobustScaler,1,84.12716654079566,99.44786955144448,67.00050242840395,0.2040114407466152,0.7956949110364564,0.9956923396304754,0.6626027491883677,0.7540488243103027,0.35966920852661133
data_CICIoT2023.csv,DeepSVDD,RobustScaler,1,74.97686252992519,98.95526599970073,40.02679618154413,0.10097546877861953,0.5543913790099798,0.9920726819274962,0.38467914623195415,2.4321064949035645,0.012671470642089844
data_CICIoT2023.csv,IForest,RobustScaler,1,84.197278518331,99.26387433317817,61.20917769217886,0.17158932876871394,0.7510800644814616,0.9943657162369814,0.6034399392139256,0.10907816886901855,0.17122650146484375
data_CICIoT2023.csv,OCSVM,RobustScaler,1,61.87238174955,97.81475972552194,36.30547646960308,0.04491942229161991,0.5161076899587765,0.9803750966744006,0.35024521655039026,0.3256096839904785,4.368736743927002
data_CICIoT2023.csv,LODA,RobustScaler,1,78.75960122593327,99.21540931205615,64.67258415675767,0.18834767066367183,0.7781960421442241,0.9948916491907297,0.6390136077916695,0.015087127685546875,0.14049768447875977
data_CICIoT2023.csv,MO_GAAL,RobustScaler,1,23.646128341507218,94.87529369072696,3.0179199464076367,0.0,0.0,0.0,0.0,4.029325723648071,0.006140470504760742
data_CICIoT2023.csv,SUOD,RobustScaler,1,66.76466486662568,98.32308799027575,49.15089599732038,0.09150129708363484,0.6478951640960222,0.9863004025139468,0.48238585342267043,0.08176207542419434,0.7577805519104004
data_CICIoT2023.csv,DIF,RobustScaler,1,77.34983509761014,99.20094419305586,53.01624518506113,0.17639796217364606,0.6803400104828969,1.0,0.5155418940388202,0.3788940906524658,55.98178672790527
data_CICIoT2023.csv,ALAD,RobustScaler,1,29.91832618726923,94.41423406296617,4.304136660525875,-0.11075025137189334,0.03244378217285288,0.8344947735191638,0.01654348276576639,5.083323240280151,0.02591872215270996
data_CICIoT2023.csv,COPOD,RobustScaler,1,22.107266169913824,93.54346900697458,10.698375481493887,-0.20682256526138504,0.16899915843281488,0.8664109939277724,0.09363127719831457,0.007969141006469727,0.32045626640319824
data_CICIoT2023.csv,ECOD,RobustScaler,1,28.440853442986647,94.26304591491564,8.846089432255903,-0.16337235904899627,0.13004283613579695,0.8737113402061856,0.0702493610554673,0.007134199142456055,0.30497002601623535
data_CICIoT2023.csv,VAE,RobustScaler,1,84.1682685160901,99.38430775521518,58.532909060458884,0.160666489736392,0.7292568779250317,0.9940973050321965,0.5758444429094426,9.07374095916748,1.5901854038238525
data_CICIoT2023.csv,SO_GAAL,RobustScaler,1,23.322853495578773,94.84981430956549,3.0179199464076367,0.0,0.0,0.0,0.0,0.7789649963378906,0.0073964595794677734
data_CICIoT2023.csv,KNN,RobustScaler,3,41.96312540455115,97.02738592178149,22.91743426561715,0.04363365794970436,0.34407866609662247,0.984504974718643,0.20846860537404158,0.014187812805175781,4.092883348464966
data_CICIoT2023.csv,LUNAR,RobustScaler,3,70.98402556253454,98.82155172175524,39.547814436442806,0.11913536843583225,0.5480769230769231,0.9965397923875432,0.3779788630241072,1.0891916751861572,0.2048203945159912
data_CICIoT2023.csv,NeuTraLAD,RobustScaler,3,89.72378744285493,99.64372934885755,53.0095461396751,0.17600638865342114,0.6802944326701762,0.999933007302204,0.5155073564965117,27.518152952194214,0.961601972579956
data_CICIoT2023.csv,LOF,RobustScaler,3,56.12761165726767,98.10381627785698,32.57410818958299,0.07833881271558231,0.4696211203035253,0.9902222222222222,0.3077985770532569,0.01523900032043457,0.1644296646118164
data_CICIoT2023.csv,AutoEncoder,RobustScaler,3,86.0303940338753,99.47711215945556,69.5059454027801,0.21779523143739957,0.8140750724992852,0.9959524285428742,0.6883677557505008,1.3531806468963623,1.3127052783966064
data_CICIoT2023.csv,CBLOF,RobustScaler,3,83.14475170803671,99.19258103660394,66.38419025288897,0.19834479841987163,0.7911429284941314,0.9952874646559849,0.6564896041997651,0.0047760009765625,0.030242443084716797
data_CICIoT2023.csv,HBOS,RobustScaler,3,76.02313156687669,99.03598197153799,50.23949087255066,0.1402577341419141,0.6560792665987591,0.9949445302626035,0.48939697451129377,0.0059468746185302734,0.03182673454284668
data_CICIoT2023.csv,DASVDD,RobustScaler,3,17.277905778364655,94.2330568472898,46.980405292245855,-0.1764097795490178,0.6392744012214854,0.9396395792858578,0.4844235684188713,7.651504993438721,23.105331659317017
data_CICIoT2023.csv,AE1SVM,RobustScaler,3,83.48884491048872,99.35990934973809,56.99882766705744,0.1642469500670546,0.7160739561217269,0.99551100725618,0.5591282724321337,16.88285493850708,1.7528080940246582
data_CICIoT2023.csv,DevNet,RobustScaler,3,83.85420687581518,99.43803841484227,65.96884943895495,0.20157370569224486,0.7878914405010439,0.9959885991766072,0.6517234233611936,0.7517108917236328,0.5118865966796875
data_CICIoT2023.csv,DeepSVDD,RobustScaler,3,73.7977006199968,98.88657861610226,38.502763356221735,0.09896104067210544,0.5376712328767124,0.9923777653839003,0.3687228016854321,2.453906536102295,0.012589454650878906
data_CICIoT2023.csv,IForest,RobustScaler,3,84.86731642222955,99.25899614620414,61.56422709763859,0.18159558815138185,0.7536760759901255,0.9956894106970676,0.6063065552255301,0.10946178436279297,0.16432642936706543
data_CICIoT2023.csv,OCSVM,RobustScaler,3,55.51670348243458,97.35977811855103,28.87288561380003,0.01939632268143219,0.427242076871207,0.9752493535278907,0.27353733508323547,0.3321988582611084,4.364890098571777
data_CICIoT2023.csv,LODA,RobustScaler,3,85.21328024850472,99.4745642850319,73.35454697705576,0.24069340957386187,0.8412587552132181,0.9962191029821825,0.7280168543206466,0.014905691146850586,0.15050745010375977
data_CICIoT2023.csv,MO_GAAL,RobustScaler,3,23.965600607860747,94.88988480501112,3.0179199464076367,0.0,0.0,0.0,0.0,3.166621685028076,0.006052732467651367
data_CICIoT2023.csv,SUOD,RobustScaler,3,65.25036804907045,98.1172329136925,43.473455032657846,0.07608822840259515,0.5923671497584541,0.9852161336975735,0.4234993437866961,0.08036422729492188,0.741586446762085
data_CICIoT2023.csv,DIF,RobustScaler,3,76.9758368300838,99.18709267954557,53.0095461396751,0.17600638865342114,0.6802944326701762,0.999933007302204,0.5155073564965117,0.3674962520599365,55.46406006813049
data_CICIoT2023.csv,ALAD,RobustScaler,3,30.701270421903104,94.51289033807022,4.4146709093954115,-0.10750706440700704,0.03470554409227751,0.8423645320197044,0.017717759204255026,5.090235948562622,0.025400400161743164
data_CICIoT2023.csv,COPOD,RobustScaler,3,22.102846437807084,93.54444687477067,10.611287891475465,-0.20700203165255157,0.1674102268118429,0.8657631494030332,0.09266422601367687,0.007897138595581055,0.30661821365356445
data_CICIoT2023.csv,ECOD,RobustScaler,3,28.438319667685207,94.26333240508387,8.892982749958131,-0.16385760413854028,0.13099041533546327,0.8738277919863597,0.07080196173240312,0.007422447204589844,0.29773449897766113
data_CICIoT2023.csv,VAE,RobustScaler,3,83.48902890627463,99.3471058404985,57.72232456874895,0.16005984767293432,0.72241038047064,0.9944296439815936,0.5672445948746287,10.115394115447998,2.3078792095184326
data_CICIoT2023.csv,SO_GAAL,RobustScaler,3,24.537196933066244,94.95469343720205,3.0179199464076367,0.0,0.0,0.0,0.0,1.146972417831421,0.009074687957763672
data_CICIoT2023.csv,KNN,RobustScaler,5,40.353633767274616,96.90511591092987,22.374811589348518,0.04214355065703373,0.33635921079006903,0.9842466901290431,0.20283898597775782,0.020781517028808594,4.583717346191406
data_CICIoT2023.csv,LUNAR,RobustScaler,5,70.18931134747245,98.68917452090871,29.469100653156925,0.0905116402323472,0.4297050618855456,0.995482494666834,0.27398632313324583,1.0220558643341064,0.2331984043121338
data_CICIoT2023.csv,NeuTraLAD,RobustScaler,5,88.62140735770016,99.60469854867517,53.0095461396751,0.17600638865342114,0.6802944326701762,0.999933007302204,0.5155073564965117,35.223042726516724,0.9327237606048584
data_CICIoT2023.csv,LOF,RobustScaler,5,65.82146221911032,98.60990350720725,49.02026461229275,0.13318432032550395,0.6447908887229276,0.9942421189002447,0.47710160944947155,0.014283180236816406,0.16411805152893066
data_CICIoT2023.csv,AutoEncoder,RobustScaler,5,85.39767277530119,99.4385342479743,65.07452687991962,0.19544421426670316,0.7811430850282308,0.9956658997271122,0.6426745872763694,1.3964695930480957,1.3161249160766602
data_CICIoT2023.csv,CBLOF,RobustScaler,5,65.41142569364686,97.65788663157689,12.289398760676603,-0.00559713339649189,0.1795851870417946,0.9669365721997301,0.09898459625613042,0.0045719146728515625,0.030314922332763672
data_CICIoT2023.csv,HBOS,RobustScaler,5,75.4171606122981,99.00735642188558,48.675263774912075,0.13610537368264036,0.6413407298176627,0.9949887428280921,0.4731643296263038,0.0061187744140625,0.031824350357055664
data_CICIoT2023.csv,DASVDD,RobustScaler,5,17.188518325635282,94.21432316936344,46.980405292245855,-0.1764097795490178,0.6392744012214854,0.9396395792858578,0.4844235684188713,6.615792751312256,22.585298538208008
data_CICIoT2023.csv,AE1SVM,RobustScaler,5,83.73419945771843,99.33530903267354,56.49304974041199,0.1586419121958035,0.7118997449262504,0.9948546277354163,0.5542584789666367,16.661539316177368,1.8144161701202393
data_CICIoT2023.csv,DevNet,RobustScaler,5,84.13867777714998,99.44969302573237,65.32909060458884,0.20187103938494427,0.7829569520454593,0.9964241874366228,0.6448159148994957,0.7560436725616455,0.35053157806396484
data_CICIoT2023.csv,DeepSVDD,RobustScaler,5,73.147789171802,98.84936586933964,38.087422542287726,0.09884973705275715,0.533020059623061,0.9925668046669176,0.3643365338122539,2.4806089401245117,0.013361215591430664
data_CICIoT2023.csv,IForest,RobustScaler,5,82.20635403380479,99.08235996786044,54.73120080388545,0.1542705608848945,0.6966125665027948,0.9950618867440518,0.5358845064585204,0.11322736740112305,0.16468286514282227
data_CICIoT2023.csv,OCSVM,RobustScaler,5,52.74422239815968,97.1880446650053,28.102495394406297,0.01691037018580697,0.41739272046250303,0.9746482443909241,0.26555916280997444,0.35181355476379395,4.5193469524383545
data_CICIoT2023.csv,LODA,RobustScaler,5,83.32499857978252,99.39874228562857,67.88142689666724,0.2118594282428432,0.8021540429570636,0.9962076564341721,0.6713752849347241,0.015207052230834961,0.13744354248046875
data_CICIoT2023.csv,MO_GAAL,RobustScaler,5,24.383504869793466,94.93743637244457,3.0179199464076367,0.0,0.0,0.0,0.0,4.128811836242676,0.006134510040283203
data_CICIoT2023.csv,SUOD,RobustScaler,5,63.88878006730718,98.02136976790467,38.482666220063635,0.06456293096906957,0.5395145923177214,0.9843549862763038,0.3715894176970367,0.08193254470825195,0.7617282867431641
data_CICIoT2023.csv,DIF,RobustScaler,5,77.93186360055067,99.220341235385,53.0095461396751,0.17600638865342114,0.6802944326701762,0.999933007302204,0.5155073564965117,0.37943339347839355,55.49497699737549
data_CICIoT2023.csv,ALAD,RobustScaler,5,30.960058578125032,94.53929798482747,4.461564227097639,-0.11019703019191952,0.0358965692073686,0.8415213946117274,0.018339434965807835,5.106186389923096,0.02544999122619629
data_CICIoT2023.csv,COPOD,RobustScaler,5,22.10424173918337,93.54423200430368,10.306481326410987,-0.2071403958512382,0.16177299192387154,0.8636363636363636,0.08924500932513642,0.007985115051269531,0.315199613571167
data_CICIoT2023.csv,ECOD,RobustScaler,5,28.440910941669735,94.26409323527926,8.76905041031653,-0.16462601951188607,0.128666943920151,0.8724511930585683,0.06945499758237204,0.007497549057006836,0.30139923095703125
data_CICIoT2023.csv,VAE,RobustScaler,5,83.36954664281674,99.32819779976404,57.12610952939207,0.15848847521939258,0.7173644232467762,0.9944900208154769,0.5610278372591007,9.877926111221313,1.547515869140625
data_CICIoT2023.csv,SO_GAAL,RobustScaler,5,25.048352559231883,95.01153961991092,3.0179199464076367,0.0,0.0,0.0,0.0,0.9555091857910156,0.00682520866394043
data_ToNIoT.csv,KNN,QuantileTransformer,0,92.22068736244613,97.89870685262869,82.07843673134735,0.5104665273507502,0.8887380699893955,0.9830158581214226,0.8109614491407339,0.01922893524169922,2.399994134902954
data_ToNIoT.csv,LUNAR,QuantileTransformer,0,94.51565268594003,98.71384399685869,87.41459415140748,0.60135875140781,0.9242598684210527,0.9857042624101034,0.870026319863756,1.1133801937103271,0.15074849128723145
data_ToNIoT.csv,NeuTraLAD,QuantileTransformer,0,82.83800423951129,96.22926284293206,59.06668488658104,0.28184613130131686,0.7039288361749444,0.973349733497335,0.5513237343241988,58.58175992965698,0.4789764881134033
data_ToNIoT.csv,LOF,QuantileTransformer,0,84.98958280952245,96.49319026596923,52.45968843946434,0.23673798070682184,0.6387706364863461,0.969735182849937,0.47623471125561234,0.03301095962524414,0.09872579574584961
data_ToNIoT.csv,AutoEncoder,QuantileTransformer,0,71.03186554538243,93.15560545011878,28.757857338070515,0.08159700857502304,0.33901743264659273,0.935946797339867,0.2069979873045363,2.4275898933410645,0.6469221115112305
data_ToNIoT.csv,CBLOF,QuantileTransformer,0,64.66074131789648,90.55086962612545,17.668761956818805,-0.03251034283236187,0.14925162383507484,0.848314606741573,0.08182381173556279,0.0051538944244384766,0.006747007369995117
data_ToNIoT.csv,HBOS,QuantileTransformer,0,82.44037657789865,96.8782853575566,67.00601257174091,0.34003219381265354,0.7745880595621528,0.97554379776602,0.6422820870103731,0.005498409271240234,0.010680675506591797
data_ToNIoT.csv,DASVDD,QuantileTransformer,0,59.60014236842006,90.5009093906426,52.82864170538398,0.08788021712738198,0.6588258549120379,0.9109046187482919,0.5160241523455643,14.079572677612305,11.22939920425415
data_ToNIoT.csv,AE1SVM,QuantileTransformer,0,52.247574519026706,88.85540644759335,17.245148947799947,-0.032664778130890054,0.13977272727272727,0.846815834767642,0.07617278216442173,28.734311819076538,0.8958919048309326
data_ToNIoT.csv,DevNet,QuantileTransformer,0,52.05217841345815,88.5358683325676,25.990707843673132,0.06413967781339476,0.29433224755700327,0.9288651315789473,0.17487227124941943,1.273059368133545,0.16845226287841797
data_ToNIoT.csv,DeepSVDD,QuantileTransformer,0,43.8285389654922,85.86814888247402,15.455042361300903,-0.06636479511976262,0.10501952842470708,0.7995594713656388,0.0562006502554575,4.397387504577637,0.005056858062744141
data_ToNIoT.csv,IForest,QuantileTransformer,0,79.59121708147083,94.29151956296818,30.568461328231756,0.10010909613545013,0.3655094905094905,0.9448030987734022,0.22658306239355938,0.1340484619140625,0.10642409324645996
data_ToNIoT.csv,OCSVM,QuantileTransformer,0,30.26246102171105,83.77876474773336,18.44083082809511,-0.02319342080486545,0.1642512077294686,0.8593406593406593,0.09080352995819786,0.677161693572998,2.4806337356567383
data_ToNIoT.csv,LODA,QuantileTransformer,0,45.61397935684944,83.89142173664538,12.011478546050833,-0.15765100721592198,0.029247700889491933,0.5574712643678161,0.015017804613717293,0.020524024963378906,0.06140279769897461
data_ToNIoT.csv,MO_GAAL,QuantileTransformer,0,49.308792669297034,87.08456073500858,22.0552063405302,0.03771874427065556,0.22594653277242502,0.9148351648351648,0.12888992104040872,7.114874362945557,0.002785205841064453
data_ToNIoT.csv,SUOD,QuantileTransformer,0,50.909315425804856,87.19517372025676,24.92484285323859,-0.08394735643884185,0.306925696984988,0.8286784741144414,0.18834184858337205,0.09361124038696289,0.2592015266418457
data_ToNIoT.csv,DIF,QuantileTransformer,0,46.43284334373115,88.5167003163932,45.70921016671222,-0.13330622308211565,0.6073334651116822,0.8397103033615742,0.47569283170769466,0.4277806282043457,24.162875175476074
data_ToNIoT.csv,ALAD,QuantileTransformer,0,46.047131534974525,86.47491215768204,16.049467067504782,-0.046565335291020124,0.11508822470291681,0.8262668045501551,0.061851679826598546,5.582552671432495,0.010387659072875977
data_ToNIoT.csv,COPOD,QuantileTransformer,0,22.39722312190028,79.55632579494127,20.319759497130363,-0.19824184984822485,0.24702995867768596,0.7443579766536965,0.14808793930949063,0.008814334869384766,0.09174323081970215
data_ToNIoT.csv,ECOD,QuantileTransformer,0,19.598320182413254,78.75328046475127,20.08062312107133,-0.23845410156756855,0.2530174340634779,0.7227289310470632,0.15335191206069052,0.008394241333007812,0.09238123893737793
data_ToNIoT.csv,VAE,QuantileTransformer,0,57.459278828884116,90.54968838712419,24.569554523093743,0.037617288084857044,0.27387529597474347,0.910761154855643,0.1611704598235021,16.973139762878418,0.7736544609069824
data_ToNIoT.csv,SO_GAAL,QuantileTransformer,0,40.02339643576091,81.95912580742272,11.567368133369774,-0.1824110866086433,0.01850307120649124,0.45353159851301117,0.009444186406564484,1.4745168685913086,0.0030755996704101562
data_ToNIoT.csv,KNN,QuantileTransformer,1,91.81864842462016,97.69248800920953,81.03990161246242,0.49791169659617995,0.8814659775319295,0.9833222148098733,0.7987304536305929,0.024306774139404297,2.379143476486206
data_ToNIoT.csv,LUNAR,QuantileTransformer,1,89.94312157224913,97.91890997724212,71.39928942333971,0.3913241277437593,0.8096407457935425,0.9812610229276896,0.6891159622232543,1.1755051612854004,0.1497337818145752
data_ToNIoT.csv,NeuTraLAD,QuantileTransformer,1,71.31992999273106,93.61305355126402,55.9100847226018,0.18995222485829377,0.6804971035302273,0.9440857260612722,0.5319708933271404,61.22277021408081,0.4603464603424072
data_ToNIoT.csv,LOF,QuantileTransformer,1,83.12987391950769,95.9827999382452,44.520360754304455,0.18548295528682238,0.5512820512820513,0.9633062958671301,0.3861278835733086,0.025423288345336914,0.10958981513977051
data_ToNIoT.csv,AutoEncoder,QuantileTransformer,1,66.07234745320217,92.32679696949873,27.029242962558076,0.06808235016552326,0.3119443370699652,0.9297235023041475,0.18741291221551323,2.5986576080322266,0.666863203048706
data_ToNIoT.csv,CBLOF,QuantileTransformer,1,64.08399060898321,90.24042960512604,17.764416507242416,-0.015197951780736853,0.14771278855686162,0.8662790697674418,0.08074005263972751,0.005789995193481445,0.008359193801879883
data_ToNIoT.csv,HBOS,QuantileTransformer,1,82.08545583758286,96.79171683692107,65.68734626947254,0.33337696994032356,0.7631355532496934,0.9765813616610333,0.6262579346648088,0.005697965621948242,0.010662555694580078
data_ToNIoT.csv,DASVDD,QuantileTransformer,1,62.25602353233371,90.59670549209613,51.42115332057939,0.04415237961955423,0.6486459774659024,0.896829734900246,0.5080507818547763,14.374826908111572,11.42813777923584
data_ToNIoT.csv,AE1SVM,QuantileTransformer,1,54.17530673013857,88.8671651150536,15.96064498496857,-0.05602185314241556,0.11498057274427975,0.8153061224489796,0.061851679826598546,28.232853651046753,0.8969697952270508
data_ToNIoT.csv,DevNet,QuantileTransformer,1,52.05407314445682,88.53685833621736,25.95654550423613,0.06477389221315114,0.2935923342676488,0.9294263309946348,0.17433039170150177,1.2501819133758545,0.17600250244140625
data_ToNIoT.csv,DeepSVDD,QuantileTransformer,1,43.55548817732916,85.79995203751314,15.4413774255261,-0.06784841188397081,0.10500433902227364,0.7978021978021979,0.0562006502554575,4.465471267700195,0.004358530044555664
data_ToNIoT.csv,IForest,QuantileTransformer,1,79.96324672452604,94.05823893535789,28.354741732713855,0.08681050987224123,0.33116468937364457,0.9405797101449276,0.2009599009134541,0.13607525825500488,0.10745692253112793
data_ToNIoT.csv,OCSVM,QuantileTransformer,1,30.220745398439625,83.75580142885984,18.276851598797485,-0.025997393357947984,0.16127901269195707,0.8562918838421445,0.0890230685864685,0.6890683174133301,2.5754847526550293
data_ToNIoT.csv,LODA,QuantileTransformer,1,30.030751867109828,83.13135569062932,18.153867176824267,0.010113590887888428,0.15108780384097512,0.8935456831517183,0.08252051401145688,0.02207469940185547,0.0643763542175293
data_ToNIoT.csv,MO_GAAL,QuantileTransformer,1,49.207026915183285,86.93688700334124,18.932768515987974,0.006461974880732139,0.16859365146100483,0.8891352549889135,0.09312587087784487,7.53642725944519,0.0027930736541748047
data_ToNIoT.csv,SUOD,QuantileTransformer,1,49.48956938194009,86.89804886182309,24.569554523093743,-0.09007964331784674,0.30188440622233464,0.8242403314917127,0.1847809258399133,0.09037184715270996,0.259227991104126
data_ToNIoT.csv,DIF,QuantileTransformer,1,46.668042317971995,88.56509219190565,45.90051926755944,-0.12736263351794488,0.6087171377742637,0.8416233943700464,0.47677659080352996,0.41871213912963867,23.83730459213257
data_ToNIoT.csv,ALAD,QuantileTransformer,1,46.06882969698182,86.49226508242891,16.466247608636237,-0.04408558459199095,0.12433748746597909,0.8314176245210728,0.06719306394178666,4.552211284637451,0.011775493621826172
data_ToNIoT.csv,COPOD,QuantileTransformer,1,22.389828939810368,79.55405402166261,20.326591965017766,-0.19777971571271177,0.24704590947246077,0.7446477228493578,0.14808793930949063,0.009282112121582031,0.09839200973510742
data_ToNIoT.csv,ECOD,QuantileTransformer,1,19.59165820909215,78.75374033647049,20.087455588958733,-0.2383567797766947,0.25312899106002557,0.7228300510576222,0.15342932342467874,0.00899362564086914,0.09824466705322266
data_ToNIoT.csv,VAE,QuantileTransformer,1,46.44444378357909,87.85816545285095,17.108499590051927,-0.03536041886997462,0.13724932442042384,0.8435314685314685,0.07470196624864531,13.14179015159607,0.7804534435272217
data_ToNIoT.csv,SO_GAAL,QuantileTransformer,1,40.11611659539234,81.98966796667206,11.62202787646898,-0.1805752465218436,0.020298417026433386,0.47017543859649125,0.010373122774423286,1.3291091918945312,0.003074169158935547
data_ToNIoT.csv,KNN,QuantileTransformer,3,87.65635473401582,96.89356534936894,62.858704564088555,0.3212587215427395,0.7376701090628318,0.9793695540748334,0.5916550549620684,0.019701480865478516,2.345501661300659
data_ToNIoT.csv,LUNAR,QuantileTransformer,3,84.9044776210866,96.68182028247618,58.294616015304726,0.27624846262225344,0.6966504323625882,0.9729317046085508,0.5425762501935284,1.159830093383789,0.15655803680419922
data_ToNIoT.csv,NeuTraLAD,QuantileTransformer,3,68.53144244136156,93.09711540210628,55.58895873189395,0.17363772369613154,0.6787902747578572,0.9385077890133916,0.5316612478711875,62.65897250175476,0.45034027099609375
data_ToNIoT.csv,LOF,QuantileTransformer,3,78.09977090201453,94.89072777409122,34.17600437277945,0.11962537153721205,0.4186579773111272,0.9493705528188287,0.26854002167518193,0.03650689125061035,0.10468077659606934
data_ToNIoT.csv,AutoEncoder,QuantileTransformer,3,67.45858311790624,92.19198383849574,23.708663569281224,0.03673325056747041,0.2579744816586922,0.9112676056338028,0.15025545750116118,2.5463168621063232,0.6544439792633057
data_ToNIoT.csv,CBLOF,QuantileTransformer,3,66.08123984708057,90.49728477237731,15.455042361300903,-0.05276220454721701,0.10216224060368596,0.8148148148148148,0.05449760024771636,0.0060613155364990234,0.008618831634521484
data_ToNIoT.csv,HBOS,QuantileTransformer,3,81.36896364838046,96.59852619122624,61.92948893140202,0.30899539306671187,0.7297507032689883,0.977012987012987,0.5823656912834804,0.005705595016479492,0.010725259780883789
data_ToNIoT.csv,DASVDD,QuantileTransformer,3,64.1300611847165,90.79353938081034,52.74665209073517,0.08533296445702308,0.6582328523423602,0.9100847226018037,0.5155596841616349,12.012479305267334,11.269323348999023
data_ToNIoT.csv,AE1SVM,QuantileTransformer,3,50.123040361510164,87.73839446422271,13.883574747198688,-0.10530732503444173,0.07337156300544037,0.72953216374269,0.038628270630128504,21.253000736236572,0.8935263156890869
data_ToNIoT.csv,DevNet,QuantileTransformer,3,52.049571750241206,88.53541336983116,25.676414320852693,0.06383707154779776,0.28874068262063557,0.9292929292929293,0.1709242916860195,1.2678582668304443,0.1858201026916504
data_ToNIoT.csv,DeepSVDD,QuantileTransformer,3,42.78981859426369,85.61821451957216,15.427712489751297,-0.07052888779647129,0.10524793985832008,0.7947598253275109,0.05635547298343397,4.538426160812378,0.004441738128662109
data_ToNIoT.csv,IForest,QuantileTransformer,3,75.93468364345641,93.13761111761687,27.9379611915824,0.07966767806312802,0.3254237288135593,0.9363268310636732,0.19693450998606596,0.1341865062713623,0.10358572006225586
data_ToNIoT.csv,OCSVM,QuantileTransformer,3,29.937919059975513,83.64088713291669,18.140202241049465,-0.027911382416172147,0.15869672073590338,0.854119425547997,0.08747484130670383,0.7013916969299316,2.57658052444458
data_ToNIoT.csv,LODA,QuantileTransformer,3,27.020182016736356,80.3450076257534,13.104673408034984,-0.1251803037887859,0.05610805996734452,0.6798561151079137,0.029261495587552252,0.020975351333618164,0.06049489974975586
data_ToNIoT.csv,MO_GAAL,QuantileTransformer,3,52.86217253596204,84.93629518288755,10.720142115332058,-0.2779357184271053,0.006840465151630311,0.18828451882845187,0.003483511379470506,7.949525594711304,0.0027670860290527344
data_ToNIoT.csv,SUOD,QuantileTransformer,3,48.043752200005734,86.40477984611428,24.822355834927574,-0.0683347354074238,0.3015298673268584,0.8377425044091711,0.1838519894720545,0.09406733512878418,0.2564425468444824
data_ToNIoT.csv,DIF,QuantileTransformer,3,45.76060359956534,87.99229473436785,45.6135556162886,-0.13627801786420105,0.6066416287803914,0.8387537578573381,0.47515095215977704,0.42643117904663086,23.957642555236816
data_ToNIoT.csv,ALAD,QuantileTransformer,3,46.026875261004264,86.46636809226487,16.056299535392185,-0.04765856208267778,0.11547876169906407,0.8251028806584362,0.062083913918563244,5.5795207023620605,0.012938737869262695
data_ToNIoT.csv,COPOD,QuantileTransformer,3,22.36380286074191,79.54288783115909,20.319759497130363,-0.19677549791150772,0.246640826873385,0.7451209992193599,0.1477782938535377,0.012295246124267578,0.09496879577636719
data_ToNIoT.csv,ECOD,QuantileTransformer,3,19.585753226990487,78.7555592138867,20.046460781634327,-0.23789242502399377,0.2521728016359918,0.7227106227106227,0.15273262114878464,0.00914144515991211,0.09473776817321777
data_ToNIoT.csv,VAE,QuantileTransformer,3,55.69077611606189,90.11967963879147,24.17327138562449,0.03772057719966299,0.26649041639127563,0.9113924050632911,0.15606130980027869,18.264168739318848,0.7565085887908936
data_ToNIoT.csv,SO_GAAL,QuantileTransformer,3,51.91004430020758,88.53335009959167,19.383711396556436,-0.0034282624237239614,0.18022649899256582,0.8793220338983051,0.10040253909273882,1.3691794872283936,0.00305938720703125
data_ToNIoT.csv,KNN,QuantileTransformer,5,84.65470881882156,96.14998042293446,49.747198688166165,0.23004754642505473,0.6087557848821746,0.972963781669784,0.44294782474067196,0.027488231658935547,2.5528337955474854
data_ToNIoT.csv,LUNAR,QuantileTransformer,5,82.1425365802489,96.0271872186445,42.06067231484012,0.18242514304827506,0.5199818861089097,0.9673546756529064,0.35555039479795636,1.1788349151611328,0.16616106033325195
data_ToNIoT.csv,NeuTraLAD,QuantileTransformer,5,72.53350181795045,93.57510002905761,55.99890680513801,0.18637398704792604,0.6817552876062463,0.9426072697458322,0.5339835887908345,61.28956842422485,0.45310211181640625
data_ToNIoT.csv,LOF,QuantileTransformer,5,71.23823802363292,93.52752762082449,31.080896419786825,0.10044082321113608,0.3737505432420687,0.9438695515835686,0.23300820560458274,0.026065587997436523,0.11052608489990234
data_ToNIoT.csv,AutoEncoder,QuantileTransformer,5,72.37751656774414,93.12315450334461,24.644711669855152,0.0531980328847869,0.2720612500825028,0.9229735781459919,0.1595448211797492,2.6591813564300537,0.6550068855285645
data_ToNIoT.csv,CBLOF,QuantileTransformer,5,60.17430218476677,89.18042990397446,15.427712489751297,-0.06932908030589459,0.10498915401301519,0.7960526315789473,0.0562006502554575,0.005377054214477539,0.008579015731811523
data_ToNIoT.csv,HBOS,QuantileTransformer,5,80.52712632975872,96.39919816262574,58.0418147034709,0.2884920611904766,0.6929346467323366,0.9785341053523514,0.5363833410744697,0.0058040618896484375,0.010709285736083984
data_ToNIoT.csv,DASVDD,QuantileTransformer,5,51.287268074562185,89.12600886235276,50.16397922929762,0.005094505340717796,0.6395532713975094,0.8842579939874282,0.5009289363678588,14.986380338668823,11.033121585845947
data_ToNIoT.csv,AE1SVM,QuantileTransformer,5,50.003688079244725,88.1032750988084,14.976769609182835,-0.07946488469918428,0.09603370623274735,0.7794811320754716,0.051168911596222326,31.923982620239258,0.8921616077423096
data_ToNIoT.csv,DevNet,QuantileTransformer,5,52.043754633191796,88.53300045760545,24.453402569007928,0.053895273605994984,0.26837821742870377,0.9239179954441914,0.15699024616813748,1.307532787322998,0.17224717140197754
data_ToNIoT.csv,DeepSVDD,QuantileTransformer,5,42.03089434367149,85.4616260609291,15.407215086089096,-0.07570337446547681,0.10587130786451938,0.7890204520990313,0.05674252980337514,4.654619932174683,0.004940032958984375
data_ToNIoT.csv,IForest,QuantileTransformer,5,75.02049733962646,93.10418608929612,24.63104673408035,0.05733656351765094,0.2709668891679334,0.9263443289652056,0.15869329617587863,0.1345829963684082,0.1037588119506836
data_ToNIoT.csv,OCSVM,QuantileTransformer,5,29.833742649299843,83.5899958141057,17.921563268652637,-0.032682649815435026,0.15490678860358775,0.848882035466461,0.08522991175104505,0.7418539524078369,2.6843247413635254
data_ToNIoT.csv,LODA,QuantileTransformer,5,57.45024224620202,89.39950010991032,24.34408308280951,0.05151066472080084,0.2668344037608422,0.9221967963386728,0.15598389843629046,0.022274255752563477,0.06222176551818848
data_ToNIoT.csv,MO_GAAL,QuantileTransformer,5,53.66062479531948,85.2498831861657,10.699644711669855,-0.28064405414540305,0.006838905775075988,0.1859504132231405,0.003483511379470506,8.033079862594604,0.00272369384765625
data_ToNIoT.csv,SUOD,QuantileTransformer,5,48.890478420253054,86.67261996677925,24.49439737633233,-0.07614894304569386,0.2973230749666179,0.8323246707013172,0.18098776900448985,0.09482550621032715,0.2573111057281494
data_ToNIoT.csv,DIF,QuantileTransformer,5,43.85390042429358,87.80301697224333,45.640885487838204,-0.13542893364074807,0.6068392963036173,0.8390270565728342,0.4753057748877535,0.43706297874450684,24.22929096221924
data_ToNIoT.csv,ALAD,QuantileTransformer,5,46.238706637244945,86.5465799992261,16.746378792019676,-0.04174941913705487,0.1303261722931982,0.8353156450137237,0.07067657532125717,5.589619874954224,0.012798070907592773
data_ToNIoT.csv,COPOD,QuantileTransformer,5,22.34540527056939,79.53605724178865,20.29242962558076,-0.19825920663663324,0.24647978297377598,0.7441497659906396,0.14770088248954946,0.012735843658447266,0.0942225456237793
data_ToNIoT.csv,ECOD,QuantileTransformer,5,19.567339866167558,78.75142708639599,20.046460781634327,-0.23579063322322474,0.25159887439242773,0.7236938925680647,0.15226815296485524,0.009658098220825195,0.09296894073486328
data_ToNIoT.csv,VAE,QuantileTransformer,5,54.438755445154996,89.8174512597225,24.016124624214267,0.03909758834070452,0.26326598211328256,0.9127239320165366,0.1538163802446199,18.02232575416565,0.7747938632965088
data_ToNIoT.csv,SO_GAAL,QuantileTransformer,5,49.2576349323331,87.38604151706465,17.381798305547964,-0.027131312307281774,0.1416808631459398,0.852991452991453,0.07725654126025701,1.4001529216766357,0.002872467041015625
data_ToNIoT.csv,KNN,MinMaxScaler,0,85.52108526947355,96.14435278402449,61.382891500409954,0.30227396735212597,0.7250170283156563,0.9757726558407543,0.5767920730763276,0.023966312408447266,2.198883295059204
data_ToNIoT.csv,LUNAR,MinMaxScaler,0,87.31578303261855,96.66836050158646,70.01229844219732,0.3567140958129138,0.7998358188534683,0.9733599733599734,0.6788202508128193,1.1140820980072021,0.15143942832946777
data_ToNIoT.csv,NeuTraLAD,MinMaxScaler,0,78.84725241926283,94.81632530003861,57.67286143755125,0.23886772842416548,0.6938170315820689,0.9595352016404648,0.5433503638334107,50.0137414932251,0.46802496910095215
data_ToNIoT.csv,LOF,MinMaxScaler,0,80.39690581641412,96.01417997804619,62.84503962831375,0.31220446008707414,0.7382556796303427,0.9759480783914483,0.5936677504257625,0.03203701972961426,0.123931884765625
data_ToNIoT.csv,AutoEncoder,MinMaxScaler,0,54.988225181817576,88.77537390227374,24.289423339710304,0.04487395888029638,0.2671780966867271,0.9169314571039492,0.15637095525623163,2.7347099781036377,0.657813549041748
data_ToNIoT.csv,CBLOF,MinMaxScaler,0,55.44461653978953,87.92565987196032,14.307187756217546,-0.077442627466818,0.07860711137231854,0.770893371757925,0.04141507973370491,0.005076408386230469,0.006832599639892578
data_ToNIoT.csv,HBOS,MinMaxScaler,0,43.82893097880227,83.88973703963026,10.95927849139109,-0.24375470075497518,0.006252859539423517,0.20918367346938777,0.0031738659235175724,0.005465984344482422,0.008728742599487305
data_ToNIoT.csv,DASVDD,MinMaxScaler,0,55.33451261751162,88.76882707579347,48.67450122984422,-0.034033948293359984,0.6279714738510301,0.8715974704426726,0.49078804768540024,12.12084150314331,11.202697277069092
data_ToNIoT.csv,AE1SVM,MinMaxScaler,0,50.0785896568685,87.10337722719439,13.29598250888221,-0.11356309914113774,0.05902417321666914,0.7007042253521126,0.03080972286731692,30.28857660293579,0.9065604209899902
data_ToNIoT.csv,DevNet,MinMaxScaler,0,53.92947833752471,87.70519141416331,18.078710030062858,-0.012556612238670838,0.15408494426414562,0.8694267515923567,0.08453320947515096,1.2346320152282715,0.17807674407958984
data_ToNIoT.csv,DeepSVDD,MinMaxScaler,0,46.06975791240566,86.14637296961473,19.80049193768789,0.004254161915637014,0.1873442259761839,0.8866317169069463,0.10473757547607988,4.426259994506836,0.004466056823730469
data_ToNIoT.csv,IForest,MinMaxScaler,0,54.0115014902814,88.67009714118795,22.232850505602624,0.02640545247547294,0.23177645788336934,0.90463645943098,0.13291531196779688,0.12438726425170898,0.08017301559448242
data_ToNIoT.csv,OCSVM,MinMaxScaler,0,48.765565857244795,87.95683983126555,22.294342716589234,0.034488756866767424,0.2312943562014194,0.9115610015982951,0.13245084378386748,0.6640586853027344,2.4955291748046875
data_ToNIoT.csv,LODA,MinMaxScaler,0,45.41076776753016,84.92544690700726,10.562995353921837,-0.29827972639625,0.0006107802717972209,0.022222222222222223,0.0003096454559529339,0.02025580406188965,0.056287288665771484
data_ToNIoT.csv,MO_GAAL,MinMaxScaler,0,44.631127641155885,86.10367484485222,15.721508608909538,0.007726324302775682,0.09693242550699173,0.893387314439946,0.05124632296021056,6.911933898925781,0.0027887821197509766
data_ToNIoT.csv,SUOD,MinMaxScaler,0,28.783782310232663,81.54234444099299,20.28559715769336,-0.1638270532552658,0.23730143165326534,0.7629255989911727,0.14050162563864374,0.09094452857971191,0.24380135536193848
data_ToNIoT.csv,DIF,MinMaxScaler,0,39.408271228512035,86.95695756192382,43.372506149221095,-0.20590292418734424,0.5904328918758648,0.8163432631866631,0.4624554884657068,0.4190840721130371,23.77870798110962
data_ToNIoT.csv,ALAD,MinMaxScaler,0,47.21974472814192,87.08382382215778,17.409128177097568,-0.02672214462604119,0.14220834516037467,0.8534923339011925,0.07756618671620993,5.3969011306762695,0.010000467300415039
data_ToNIoT.csv,COPOD,MinMaxScaler,0,24.613499658723125,80.38064992064048,20.900519267559442,-0.18987138457506836,0.25650247254511593,0.7527327553712778,0.15459049388450224,0.009115934371948242,0.09140443801879883
data_ToNIoT.csv,ECOD,MinMaxScaler,0,19.598545477419044,78.74320260939814,20.08062312107133,-0.23845410156756855,0.2530174340634779,0.7227289310470632,0.15335191206069052,0.00845956802368164,0.09253263473510742
data_ToNIoT.csv,VAE,MinMaxScaler,0,66.5879891447459,91.18416989777329,16.9308554249795,-0.03759311151522267,0.13367535984038764,0.8405017921146953,0.072611859420963,17.179299116134644,0.7354919910430908
data_ToNIoT.csv,SO_GAAL,MinMaxScaler,0,59.79595076384919,89.8359407131672,11.355561628860345,-0.20576904680468433,0.015779092702169626,0.3939393939393939,0.008050781854776281,1.3531463146209717,0.003659963607788086
data_ToNIoT.csv,KNN,MinMaxScaler,1,84.93931949373149,95.9434913706584,56.42935228204428,0.2669302096777706,0.6783354350567465,0.9735051397133343,0.5205140114568819,0.029700040817260742,2.206789016723633
data_ToNIoT.csv,LUNAR,MinMaxScaler,1,84.25136542291207,95.89955547251942,54.63241322765783,0.23789184596382404,0.6622927474315939,0.9654507710557533,0.5040253909273882,1.1693615913391113,0.15327954292297363
data_ToNIoT.csv,NeuTraLAD,MinMaxScaler,1,65.28905980068421,91.83574448116735,54.17463787920197,0.13148457660584967,0.668380716934487,0.9250034213767621,0.52322340919647,61.55490803718567,0.4821164608001709
data_ToNIoT.csv,LOF,MinMaxScaler,1,77.20935547424509,95.39297864806532,58.55424979502596,0.2804039470667069,0.6988980442767795,0.9739900387382402,0.5449760024771636,0.0322420597076416,0.11178803443908691
data_ToNIoT.csv,AutoEncoder,MinMaxScaler,1,54.015230122627166,88.76705149750816,17.333971030336155,-0.036999299998379476,0.14270530716360802,0.8426778242677824,0.0779532435361511,2.6788218021392822,0.6553466320037842
data_ToNIoT.csv,CBLOF,MinMaxScaler,1,55.72486775633752,89.47073657127942,20.504236130090188,0.01755352242658271,0.19907757967921802,0.8986948415164698,0.1119368323269856,0.0055310726165771484,0.008333683013916016
data_ToNIoT.csv,HBOS,MinMaxScaler,1,42.2133269746071,83.44504591090339,10.95927849139109,-0.24375470075497518,0.006252859539423517,0.20918367346938777,0.0031738659235175724,0.005446672439575195,0.008658647537231445
data_ToNIoT.csv,DASVDD,MinMaxScaler,1,54.72927335511666,88.38326700308265,48.66083629406942,-0.036082640054694276,0.6280566280566281,0.870950027457441,0.49109769314135315,12.90175747871399,11.406908750534058
data_ToNIoT.csv,AE1SVM,MinMaxScaler,1,67.0507631102318,91.02769429611581,16.172451489478,-0.04558909274587346,0.11778241173509743,0.8281092012133469,0.06339990710636322,26.76830267906189,0.8939275741577148
data_ToNIoT.csv,DevNet,MinMaxScaler,1,53.93332187032344,87.68419094724322,18.010385351188848,-0.01917665001763085,0.15397631133671744,0.8625592417061612,0.08453320947515096,1.2902026176452637,0.32771849632263184
data_ToNIoT.csv,DeepSVDD,MinMaxScaler,1,45.753186887974856,86.07299035218708,19.807324405575294,0.003800863388965724,0.1875821969959161,0.8862001308044474,0.10489239820405635,4.4170310497283936,0.005332469940185547
data_ToNIoT.csv,IForest,MinMaxScaler,1,51.526384928953675,88.15505492712833,17.79174637879202,-0.025664823823880033,0.15052245128494776,0.85553772070626,0.08252051401145688,0.12395262718200684,0.07772135734558105
data_ToNIoT.csv,OCSVM,MinMaxScaler,1,48.59763997173178,87.95163966535651,22.27384531292703,0.03378706222792263,0.2310396106529674,0.9109808102345416,0.132296021055891,0.6808016300201416,2.5833661556243896
data_ToNIoT.csv,LODA,MinMaxScaler,1,40.30035383932429,81.74078259089092,10.556162886034436,-0.2988573395080725,0.0009158208043959399,0.032432432432432434,0.00046446818392940084,0.020784854888916016,0.055006980895996094
data_ToNIoT.csv,MO_GAAL,MinMaxScaler,1,44.303848345100036,85.8672080247936,15.721508608909538,0.007726324302775682,0.09693242550699173,0.893387314439946,0.05124632296021056,6.316464185714722,0.0027618408203125
data_ToNIoT.csv,SUOD,MinMaxScaler,1,27.831816286882372,81.33620199744142,20.63405301995081,-0.12311809101431427,0.23407622313068707,0.7895907473309609,0.1374051710791144,0.09166860580444336,0.2532169818878174
data_ToNIoT.csv,DIF,MinMaxScaler,1,35.31886948407983,85.41549856740299,41.432085269199234,-0.2661879040525048,0.5763984977268235,0.7969390543864444,0.45146307477937764,0.43050670623779297,23.332228899002075
data_ToNIoT.csv,ALAD,MinMaxScaler,1,47.223390001335545,87.09022269925374,17.87373599344083,-0.030066693262682236,0.15328261482107636,0.8513302034428795,0.08422356401919802,5.567587614059448,0.010254621505737305
data_ToNIoT.csv,COPOD,MinMaxScaler,1,24.597255888805922,80.37547439359051,20.934681606996445,-0.18940914591189192,0.2570621468926554,0.7531978931527464,0.1549775507044434,0.008961677551269531,0.09574460983276367
data_ToNIoT.csv,ECOD,MinMaxScaler,1,19.592018681101408,78.74348731258361,20.087455588958733,-0.2383567797766947,0.25312899106002557,0.7228300510576222,0.15342932342467874,0.008842945098876953,0.09621500968933105
data_ToNIoT.csv,VAE,MinMaxScaler,1,66.88326077932967,91.18424516065711,16.924022957092102,-0.03770249784177388,0.13354236442670847,0.8403587443946189,0.07253444805697476,17.130248308181763,0.7550210952758789
data_ToNIoT.csv,SO_GAAL,MinMaxScaler,1,59.94264484801689,89.8683900596889,11.33506422519814,-0.20883102852804247,0.01577550246492226,0.3895131086142322,0.008050781854776281,1.5181708335876465,0.0036869049072265625
data_ToNIoT.csv,KNN,MinMaxScaler,3,82.92917887540303,95.29158270983675,39.84012025143482,0.15862246868592803,0.4937618582188237,0.9595530726256983,0.3324043969654745,0.030157804489135742,2.2754242420196533
data_ToNIoT.csv,LUNAR,MinMaxScaler,3,82.77761166026019,95.36646226131677,60.94561355561628,0.279350692217314,0.7226858140888802,0.9680270340525085,0.5765598389843629,1.1145133972167969,0.14578819274902344
data_ToNIoT.csv,NeuTraLAD,MinMaxScaler,3,58.31680794465889,90.59200231708463,49.883848045914185,-0.001172047321833064,0.6372582958310667,0.8822401752704369,0.49876141817618824,62.97522211074829,0.46794867515563965
data_ToNIoT.csv,LOF,MinMaxScaler,3,75.69257712433814,94.99072851137565,55.1311833834381,0.25957122251268083,0.665375796178344,0.9734605635902788,0.5054187954791763,0.02574944496154785,0.1047666072845459
data_ToNIoT.csv,AutoEncoder,MinMaxScaler,3,41.84783764556986,86.85916136065444,24.070784367313475,0.040068756645433634,0.26408847096218796,0.913421896472744,0.15435825979253753,2.741302490234375,0.6545441150665283
data_ToNIoT.csv,CBLOF,MinMaxScaler,3,50.994895986702915,87.10845755814891,18.44083082809511,0.0014265813037543501,0.15907009510390982,0.8841033672670321,0.08739742994271558,0.0053863525390625,0.008383989334106445
data_ToNIoT.csv,HBOS,MinMaxScaler,3,42.01347453382409,83.44905230691717,10.918283684066685,-0.2503317349633821,0.006704251104677739,0.21153846153846154,0.0034061000154822726,0.0056476593017578125,0.008792400360107422
data_ToNIoT.csv,DASVDD,MinMaxScaler,3,52.57713830644122,87.46917884552239,49.555889587318944,-0.011685949058741962,0.6349206349206349,0.8788501026694046,0.4969809568044589,15.07359004020691,10.915701866149902
data_ToNIoT.csv,AE1SVM,MinMaxScaler,3,58.15389036712452,88.99231442967933,13.289150040994807,-0.11765105522975419,0.05971697414240201,0.696027633851468,0.031196779687258088,30.686891317367554,0.8835816383361816
data_ToNIoT.csv,DevNet,MinMaxScaler,3,53.92563705767607,87.67502794868211,18.00355288330145,-0.019836064675897387,0.15396545646810011,0.861878453038674,0.08453320947515096,1.292179822921753,0.1701345443725586
data_ToNIoT.csv,DeepSVDD,MinMaxScaler,3,45.113626184398385,85.9300674387381,19.77316206613829,0.0017998143237269613,0.1872923588039867,0.884313725490196,0.10473757547607988,4.506747245788574,0.005145549774169922
data_ToNIoT.csv,IForest,MinMaxScaler,3,45.70379095795617,87.081176714734,22.007379065318393,0.03267528641527291,0.22604922367618144,0.9104314582195522,0.1290447437683852,0.12420845031738281,0.07676434516906738
data_ToNIoT.csv,OCSVM,MinMaxScaler,3,47.9995988847717,87.78953265067626,21.91172451489478,0.030204546544123006,0.22467946543653755,0.9083927591881514,0.12819321876451464,0.6995589733123779,2.586212158203125
data_ToNIoT.csv,LODA,MinMaxScaler,3,57.548470868724934,88.43265517463688,10.481005739273025,-0.30940761304712067,0.0,0.0,0.0,0.020315170288085938,0.053473711013793945
data_ToNIoT.csv,MO_GAAL,MinMaxScaler,3,74.17890784551108,94.34870347121564,36.86116425252801,0.14536291299273418,0.4540029542097489,0.958822061392563,0.297414460442793,6.970555543899536,0.002691030502319336
data_ToNIoT.csv,SUOD,MinMaxScaler,3,27.6528148988849,81.29838665951753,20.333424432905165,-0.1565894489774013,0.2364112639161755,0.7674319727891157,0.1397275119987614,0.09177064895629883,0.24891161918640137
data_ToNIoT.csv,DIF,MinMaxScaler,3,36.09304170066368,85.64961990265434,41.82836840666849,-0.25387618281243685,0.5792646768135995,0.800901885761137,0.4537080043350364,0.4318399429321289,24.042418003082275
data_ToNIoT.csv,ALAD,MinMaxScaler,3,47.20059690560013,87.07635847271419,17.477452855971578,-0.028001939973453856,0.14401133947554925,0.8523489932885906,0.07864994581204521,5.324538707733154,0.010354757308959961
data_ToNIoT.csv,COPOD,MinMaxScaler,3,24.534637394897626,80.35725218126571,21.125990707843673,-0.18683759926727853,0.2601896949500128,0.7557706626954579,0.15714506889611396,0.009156942367553711,0.0960395336151123
data_ToNIoT.csv,ECOD,MinMaxScaler,3,19.58591093349453,78.74527430248732,20.046460781634327,-0.23789242502399377,0.2521728016359918,0.7227106227106227,0.15273262114878464,0.009164810180664062,0.09409523010253906
data_ToNIoT.csv,VAE,MinMaxScaler,3,67.56539322719955,91.13863883094473,16.9171904892047,-0.038392932395756446,0.13353284879578167,0.839605734767025,0.07253444805697476,17.39425802230835,0.7978231906890869
data_ToNIoT.csv,SO_GAAL,MinMaxScaler,3,44.09803910436404,81.93314807504674,10.726974583219459,-0.2763506272635798,0.0006119014838610984,0.02564102564102564,0.0003096454559529339,1.4438755512237549,0.003066539764404297
data_ToNIoT.csv,KNN,MinMaxScaler,5,80.20821223726772,94.64169619041314,31.75047827275212,0.10644669207821962,0.38335699734551515,0.9463578177384944,0.24036228518346492,0.0276339054107666,2.346996784210205
data_ToNIoT.csv,LUNAR,MinMaxScaler,5,79.68515158118345,94.7930226398863,38.39846952719322,0.13685481990737608,0.4772727272727273,0.9505773672055428,0.31862517417556896,1.1715223789215088,0.15486502647399902
data_ToNIoT.csv,NeuTraLAD,MinMaxScaler,5,64.0810662798081,91.31414175992154,52.35720142115332,0.0769699578346335,0.6550239944590115,0.9074708704592186,0.5124632296021056,61.90597701072693,0.4659690856933594
data_ToNIoT.csv,LOF,MinMaxScaler,5,72.76460267603605,94.35476210950716,48.735993440830825,0.22038115995598312,0.5981038084525149,0.9707876890975482,0.4321876451463075,0.03290677070617676,0.1040492057800293
data_ToNIoT.csv,AutoEncoder,MinMaxScaler,5,43.7881052708037,86.77283439141166,17.72342169991801,-0.026654911284181276,0.14921576939381093,0.8543689320388349,0.08174640037157455,2.416304349899292,0.6489512920379639
data_ToNIoT.csv,CBLOF,MinMaxScaler,5,57.18133913909551,88.97328688607136,16.69171904892047,-0.04030846850602614,0.12876027152554484,0.8365831012070566,0.06974763895339836,0.004892826080322266,0.00706934928894043
data_ToNIoT.csv,HBOS,MinMaxScaler,5,41.60286086807788,83.2874391766163,10.911451216179284,-0.2511379904913224,0.006552380952380953,0.20772946859903382,0.0033286886514940395,0.00563812255859375,0.008806228637695312
data_ToNIoT.csv,DASVDD,MinMaxScaler,5,53.07444999631418,87.6288733174291,48.79065318393003,-0.03578520438239825,0.6294190358467243,0.8710825236074996,0.4927233317851061,10.054616212844849,11.184479475021362
data_ToNIoT.csv,AE1SVM,MinMaxScaler,5,49.671310357207936,87.1674781461439,13.794752664662477,-0.10278322183502807,0.07043394975318647,0.7297709923664122,0.0370026319863756,32.3341166973114,0.8908617496490479
data_ToNIoT.csv,DevNet,MinMaxScaler,5,53.92600654148555,87.68168841116714,18.00355288330145,-0.019836064675897387,0.15396545646810011,0.861878453038674,0.08453320947515096,1.222282886505127,0.1671278476715088
data_ToNIoT.csv,DeepSVDD,MinMaxScaler,5,44.57015830668995,85.80069192098956,19.77316206613829,0.0017998143237269613,0.1872923588039867,0.884313725490196,0.10473757547607988,4.58560848236084,0.0040874481201171875
data_ToNIoT.csv,IForest,MinMaxScaler,5,46.001340325048425,87.42081557457985,23.640338890407214,0.03895813304676562,0.2562225475841874,0.9131878557874763,0.14901687567734945,0.12203836441040039,0.0753946304321289
data_ToNIoT.csv,OCSVM,MinMaxScaler,5,47.683145013743896,87.71044532225342,21.91172451489478,0.030204546544123006,0.22467946543653755,0.9083927591881514,0.12819321876451464,0.7453262805938721,2.6522884368896484
data_ToNIoT.csv,LODA,MinMaxScaler,5,55.202992151983665,85.1079444496524,10.658649904345449,-0.2856829324079329,0.0006114338122898196,0.024096385542168676,0.0003096454559529339,0.020807743072509766,0.054715871810913086
data_ToNIoT.csv,MO_GAAL,MinMaxScaler,5,74.18887714951711,94.41671253310697,33.567914730800766,0.12430498934422923,0.40854066549060164,0.9537063334280034,0.259947360272488,8.071686744689941,0.0027294158935546875
data_ToNIoT.csv,SUOD,MinMaxScaler,5,28.013899710559002,81.43570761439727,20.26509975403116,-0.16372817570988543,0.23685587235155636,0.7628475147430497,0.14019198018269083,0.09085369110107422,0.2430875301361084
data_ToNIoT.csv,DIF,MinMaxScaler,5,37.00950573700215,85.77429161687787,41.85569827821809,-0.25302709858898387,0.5794623443368254,0.8011751844766329,0.45386282706301284,0.4338703155517578,23.49032235145569
data_ToNIoT.csv,ALAD,MinMaxScaler,5,47.23799587656069,87.09188303947484,17.921563268652637,-0.03103280976418992,0.154549933140967,0.8505034856700232,0.08499767765908035,3.8001646995544434,0.009897470474243164
data_ToNIoT.csv,COPOD,MinMaxScaler,5,24.492025097503177,80.3429523411388,21.214812790379884,-0.1856533259913848,0.26163795863482103,0.756947017413857,0.15815141662796098,0.009775876998901367,0.0956418514251709
data_ToNIoT.csv,ECOD,MinMaxScaler,5,19.56761697902467,78.74115035771962,20.032795845859525,-0.2359858295411866,0.25137520788026096,0.7234904270986745,0.15211333023687879,0.009801626205444336,0.09559059143066406
data_ToNIoT.csv,VAE,MinMaxScaler,5,66.05995397493385,90.65040936864705,16.9103580213173,-0.03850264771520342,0.13339984322667997,0.8394618834080717,0.07245703669298653,18.131756067276,0.7758162021636963
data_ToNIoT.csv,SO_GAAL,MinMaxScaler,5,44.3639930998448,82.24638768768651,11.123257720688713,-0.21472557549169324,0.0006146281499692685,0.04081632653061224,0.0003096454559529339,1.547358751296997,0.0032987594604492188
data_ToNIoT.csv,KNN,Normalizer,0,92.00544501981783,97.98299757401516,76.04536758677234,0.4360883807786646,0.845468970380818,0.9816786079836234,0.7424523920111472,0.025789737701416016,1.9682762622833252
data_ToNIoT.csv,LUNAR,Normalizer,0,92.84579989730153,98.24932004976436,95.27876468980597,0.7653215543010338,0.9733852020182567,0.9686469911843618,0.9781699953553181,1.1760871410369873,0.21828103065490723
data_ToNIoT.csv,NeuTraLAD,Normalizer,0,80.90591707593758,96.5855403173861,58.66356928122438,0.26915969883459023,0.7010278711207748,0.9692538945066959,0.54907880476854,55.9640953540802,0.45920705795288086
data_ToNIoT.csv,LOF,Normalizer,0,76.90880968357587,94.42439061900876,32.07160426345996,0.09809374641488683,0.3899865014112161,0.9402366863905326,0.24601331475460597,0.03233957290649414,0.12908101081848145
data_ToNIoT.csv,AutoEncoder,Normalizer,0,55.30368324891981,90.61620329297963,30.19950806231211,0.10084027744692858,0.359337764956729,0.9461690885072656,0.2217835578262889,2.5257091522216797,0.6572484970092773
data_ToNIoT.csv,CBLOF,Normalizer,0,77.86042199376708,95.52859689365776,54.591418420333426,0.2598664022662043,0.6595635693064236,0.9748637189582071,0.4983743613562471,0.006741523742675781,0.007180690765380859
data_ToNIoT.csv,HBOS,Normalizer,0,67.1997506975584,92.91951669150123,37.63323312380432,0.15422484969152805,0.46362674814901866,0.9621951219512195,0.3053878309335811,0.0055675506591796875,0.010073661804199219
data_ToNIoT.csv,DASVDD,Normalizer,0,35.20982444832913,81.59611176824309,48.257720688712766,-0.05396668220965543,0.6257474672596985,0.8652453191198579,0.4900913454095061,14.044970035552979,11.009808540344238
data_ToNIoT.csv,AE1SVM,Normalizer,0,40.79436270441241,87.52770847838867,28.019950806231208,0.08250213333927538,0.3262774189422524,0.938212578153733,0.19747638953398358,30.50156593322754,0.8800654411315918
data_ToNIoT.csv,DevNet,Normalizer,0,24.576055628761413,78.93685625053888,11.239409674774528,-0.21629740038978879,0.013366750208855471,0.3534136546184739,0.006812200030964545,1.194441556930542,0.16531062126159668
data_ToNIoT.csv,DeepSVDD,Normalizer,0,48.75831811690865,88.58194733579352,25.334790926482647,0.06988878198654581,0.2813363146126529,0.9348776223776224,0.1655829075708314,4.453631162643433,0.004245758056640625
data_ToNIoT.csv,IForest,Normalizer,0,66.69120129279682,91.4210381181148,25.997540311560535,0.07063160791413362,0.2931540820988057,0.9338877338877339,0.17386592351757238,0.1215064525604248,0.08042740821838379
data_ToNIoT.csv,OCSVM,Normalizer,0,27.638389259664393,81.73870900446047,13.09100847226018,-0.12565828178781382,0.055819477434679333,0.6787003610108303,0.029106672859575786,0.6724081039428711,2.534759998321533
data_ToNIoT.csv,LODA,Normalizer,0,44.67367685594873,88.2997255829164,26.5031429352282,0.06968769343189167,0.3023542382774499,0.9320271891243502,0.18044588945657222,0.020472049713134766,0.05951809883117676
data_ToNIoT.csv,MO_GAAL,Normalizer,0,29.591958302039856,80.00700296246978,11.546870729707571,-0.14860283554124867,0.008880722707089266,0.4027777777777778,0.004489859111317542,6.722947597503662,0.002683401107788086
data_ToNIoT.csv,SUOD,Normalizer,0,42.87499813005145,85.8962041416894,21.337797212353102,0.0046881630208530515,0.2186630471666101,0.8866263070996148,0.12470970738504412,0.08782601356506348,0.2561070919036865
data_ToNIoT.csv,DIF,Normalizer,0,61.0208571808097,92.43319441331748,51.99508062312107,0.06198314831206652,0.652796995453647,0.9025690079256627,0.5113020591422821,0.4257161617279053,22.169919967651367
data_ToNIoT.csv,ALAD,Normalizer,0,48.55491052093433,87.71607844988529,19.06258540584859,-0.014424830960505458,0.175758419148344,0.8686382393397524,0.09777055271713887,5.503558397293091,0.010267019271850586
data_ToNIoT.csv,COPOD,Normalizer,0,29.82631016705895,80.67508788828505,12.414594151407488,-0.25295027790163005,0.06980625498875263,0.5573580533024334,0.0372348660783403,0.009721040725708008,0.09858465194702148
data_ToNIoT.csv,ECOD,Normalizer,0,23.590635550001885,78.95173221267193,12.687892866903525,-0.27928538843327577,0.08714908207729123,0.5642923219241444,0.04722093203282242,0.009325504302978516,0.09746813774108887
data_ToNIoT.csv,VAE,Normalizer,0,46.439417452,88.1957691847947,25.573927302541676,0.07137592155934368,0.2853768943121433,0.9354838709677419,0.1683697166744078,17.003132104873657,0.7601280212402344
data_ToNIoT.csv,SO_GAAL,Normalizer,0,23.397710930646806,80.4423954873639,13.73326045367587,-0.10645739033654074,0.06956521739130435,0.7239263803680982,0.0365381638024462,1.47660493850708,0.002739429473876953
data_ToNIoT.csv,KNN,Normalizer,1,91.82296057103092,97.90756195685022,74.95217272478818,0.4266664284735797,0.8371535181236673,0.9821763602251408,0.729447282861124,0.019394397735595703,1.9953536987304688
data_ToNIoT.csv,LUNAR,Normalizer,1,88.79676651200614,97.28565536652206,82.68652637332605,0.47379408411646495,0.8943374197314653,0.9692697035430224,0.8301594674098157,1.1663522720336914,0.15030431747436523
data_ToNIoT.csv,NeuTraLAD,Normalizer,1,70.08605232864016,94.92146004513693,58.28778354741733,0.2576472307069737,0.698295033358043,0.965559655596556,0.5469112865768695,59.8403205871582,0.453061580657959
data_ToNIoT.csv,LOF,Normalizer,1,71.27148255468676,93.47276126898622,30.896419786827,0.08998181392706997,0.37273629372364175,0.9373050530255771,0.23262114878464157,0.024579286575317383,0.10928201675415039
data_ToNIoT.csv,AutoEncoder,Normalizer,1,55.9269348470274,90.80459576276428,30.117518447663294,0.10152892599261126,0.3578603716725264,0.946843853820598,0.2206223873664654,2.5513241291046143,0.6474606990814209
data_ToNIoT.csv,CBLOF,Normalizer,1,75.22708159518237,95.17106408095015,49.71986881661656,0.22780558418680227,0.6087095230499282,0.9719816607233825,0.4431026474686484,0.005125522613525391,0.006826877593994141
data_ToNIoT.csv,HBOS,Normalizer,1,67.16019340044241,92.89008388322706,37.01831101393823,0.1502560825583644,0.4554584120982987,0.9613466334164589,0.29842080817464006,0.005455970764160156,0.009926557540893555
data_ToNIoT.csv,DASVDD,Normalizer,1,32.561839874368296,80.63879531153592,47.41732713856245,-0.07926386052207589,0.619574888779041,0.8570842450765864,0.4851370181142592,14.365263938903809,11.163717985153198
data_ToNIoT.csv,AE1SVM,Normalizer,1,41.54941413385516,87.16434977120987,27.42552610002733,0.08193176145298844,0.31612155549832605,0.9391736801836267,0.19004489859111318,29.912150382995605,0.8954944610595703
data_ToNIoT.csv,DevNet,Normalizer,1,24.566685609470753,78.93351934040757,11.205247335337525,-0.2217566310943201,0.013511461970548049,0.34765625,0.006889611394952779,1.2930150032043457,0.17134618759155273
data_ToNIoT.csv,DeepSVDD,Normalizer,1,48.585174399061614,88.51579904807254,25.266466247608637,0.06979942697816371,0.28011056996182704,0.9349736379613357,0.16473138256696082,4.47481107711792,0.005192279815673828
data_ToNIoT.csv,IForest,Normalizer,1,60.52615440710376,91.0543561072443,29.721235310194043,0.10124816828168043,0.3513683945011981,0.9476190476190476,0.21566806007121844,0.12029027938842773,0.07627415657043457
data_ToNIoT.csv,OCSVM,Normalizer,1,27.599363658762055,81.73662406356308,13.104673408034984,-0.1258128854243985,0.05624814485010389,0.6792114695340502,0.029338906951540487,0.6709575653076172,2.4778759479522705
data_ToNIoT.csv,LODA,Normalizer,1,56.670027617563,89.47286458929614,20.839027056572835,0.042590283065406,0.2007450331125828,0.9220532319391636,0.1126335346028797,0.02008509635925293,0.058768510818481445
data_ToNIoT.csv,MO_GAAL,Normalizer,1,29.623375690596788,79.99030764699538,11.136922656463515,-0.22099744696308965,0.00884011583600061,0.28431372549019607,0.004489859111317542,7.1461241245269775,0.002753019332885742
data_ToNIoT.csv,SUOD,Normalizer,1,44.24166917645303,85.99771791675042,18.905438644438373,-0.021260682261903203,0.17387067585438853,0.8619737750172533,0.09668679362130361,0.08936572074890137,0.2609868049621582
data_ToNIoT.csv,DIF,Normalizer,1,62.13498604342498,92.69783083761916,52.623667668761954,0.08151208545148474,0.6573433484878435,0.9088548783820716,0.5148629818857409,0.4255177974700928,22.24293041229248
data_ToNIoT.csv,ALAD,Normalizer,1,48.50783738242529,87.69366050957841,19.13774255261,-0.012929967069892339,0.17703914887699046,0.8701298701298701,0.09854466635702121,5.493696928024292,0.012985706329345703
data_ToNIoT.csv,COPOD,Normalizer,1,29.816018691194625,80.67294738269462,12.469253894506696,-0.2547455555383823,0.0721373216484392,0.5601799775028121,0.03855085926614027,0.012818098068237305,0.10226583480834961
data_ToNIoT.csv,ECOD,Normalizer,1,23.58733723111717,78.95172719157829,12.687892866903525,-0.2796685252365862,0.0872794800371402,0.564173591874423,0.04729834339681065,0.00981450080871582,0.10250425338745117
data_ToNIoT.csv,VAE,Normalizer,1,43.51940042330228,87.36885042947462,25.655916917190492,0.06877285649285506,0.28737965813085337,0.9332199064227988,0.16984053259018425,16.09114694595337,0.7757554054260254
data_ToNIoT.csv,SO_GAAL,Normalizer,1,23.40073438962446,80.38137459032617,13.835747471986881,-0.10034300613684184,0.07101289134438306,0.7336377473363774,0.03731227744232853,1.5322859287261963,0.003690004348754883
data_ToNIoT.csv,KNN,Normalizer,3,90.54329845586406,97.36407482926157,63.50778901339164,0.3263137182254033,0.7434308497862324,0.9796176731231802,0.5990091345409506,0.026778221130371094,1.9709134101867676
data_ToNIoT.csv,LUNAR,Normalizer,3,85.12249559818616,96.12304618322895,57.98715496037169,0.26555406862874603,0.6945203437826022,0.9693523783109139,0.5411054342777519,1.1414368152618408,0.1536426544189453
data_ToNIoT.csv,NeuTraLAD,Normalizer,3,75.799641816988,95.4955760453588,58.52691992347636,0.26556406754578016,0.69998022933966,0.9681432868471425,0.5481498684006813,57.87112998962402,0.4556241035461426
data_ToNIoT.csv,LOF,Normalizer,3,66.7621286665185,92.70451050345841,29.031156053566548,0.07810845186259595,0.3442964459314437,0.9329456038316798,0.2111007895959127,0.03540539741516113,0.11916732788085938
data_ToNIoT.csv,AutoEncoder,Normalizer,3,60.161913212398574,91.61204997001799,30.22000546597431,0.10056249048258767,0.359726662905147,0.945928123969667,0.22209320328224183,2.6144018173217773,0.6457223892211914
data_ToNIoT.csv,CBLOF,Normalizer,3,76.62834668972245,95.35459174257187,57.044274391910356,0.2840866128380621,0.683066996017543,0.9791877438936263,0.5244619910202818,0.005182027816772461,0.006821155548095703
data_ToNIoT.csv,HBOS,Normalizer,3,67.04868589027845,92.83446553898915,34.818256354195135,0.13707325083833824,0.42530120481927713,0.9587180879956545,0.27326211487846414,0.005358219146728516,0.009795188903808594
data_ToNIoT.csv,DASVDD,Normalizer,3,32.2215700682788,80.56180312310832,47.383164799125446,-0.07918825133336115,0.6191959649903576,0.8570841889117043,0.48467254993032977,14.422102451324463,11.34853482246399
data_ToNIoT.csv,AE1SVM,Normalizer,3,39.57128793584896,87.19514981432283,25.628587045640888,0.0694819203463239,0.286743987943123,0.9338454972257789,0.16937606440625483,22.37807321548462,0.8992855548858643
data_ToNIoT.csv,DevNet,Normalizer,3,24.55515951697472,78.92836301171229,11.198414867450122,-0.2223737333795102,0.013360661960069839,0.34509803921568627,0.006812200030964545,1.314605474472046,0.1807844638824463
data_ToNIoT.csv,DeepSVDD,Normalizer,3,48.24790777539926,88.42216767597469,25.266466247608637,0.07027286950691337,0.28001579778830965,0.9353562005277045,0.1646539712029726,4.583901643753052,0.00532984733581543
data_ToNIoT.csv,IForest,Normalizer,3,55.606222900390236,89.95741248606342,27.03607543044548,0.08071475757310904,0.30956229391607937,0.9391918399372303,0.18532280538783094,0.12140583992004395,0.07690072059631348
data_ToNIoT.csv,OCSVM,Normalizer,3,27.76123812041964,81.7230916582269,13.056846132823175,-0.12875307396693295,0.055518444295999406,0.6738738738738739,0.02895185013159932,0.706310510635376,2.568225145339966
data_ToNIoT.csv,LODA,Normalizer,3,38.745016249177,85.61820812806803,19.117245148947802,0.006466913606293253,0.1725150286593038,0.8890489913544669,0.09552562316148011,0.020146846771240234,0.057425498962402344
data_ToNIoT.csv,MO_GAAL,Normalizer,3,29.96796214899714,83.53969069716484,15.940147581306368,-0.050982418692427825,0.11342509187864812,0.8206465067778936,0.06092274345873974,7.930972099304199,0.002737283706665039
data_ToNIoT.csv,SUOD,Normalizer,3,42.6456433082607,85.7611280781916,20.12845039628314,-0.0065233287518259185,0.19645312070387683,0.8766871165644172,0.11062083913918563,0.09067249298095703,0.25823450088500977
data_ToNIoT.csv,DIF,Normalizer,3,59.53865485544081,91.8554571609458,51.02487018311014,0.03184065837948622,0.6457797983791264,0.8928669035255534,0.5058058522991176,0.42690181732177734,22.699702739715576
data_ToNIoT.csv,ALAD,Normalizer,3,48.542667990319885,87.71385224728421,19.151407488384805,-0.012222267923145652,0.177178221264168,0.8708133971291866,0.09862207772100945,5.644701242446899,0.012984514236450195
data_ToNIoT.csv,COPOD,Normalizer,3,29.794083969431252,80.66717347384197,12.626400655916918,-0.25225749648262913,0.0762785322161225,0.5701943844492441,0.04087320018578727,0.01250600814819336,0.09792733192443848
data_ToNIoT.csv,ECOD,Normalizer,3,23.579276175810133,78.95086205384064,12.79037988521454,-0.2768717280001675,0.08945641318305037,0.57,0.04853692522062239,0.009489774703979492,0.10035824775695801
data_ToNIoT.csv,VAE,Normalizer,3,40.31343221441019,87.02711450263116,29.085815796665752,0.09793724509394196,0.34139222031854816,0.9468497008095741,0.20823656912834804,17.719037771224976,0.7573108673095703
data_ToNIoT.csv,SO_GAAL,Normalizer,3,27.631402861534948,80.54166192150336,14.723968297349002,-0.08578876981357948,0.09103488456776637,0.7687576875768758,0.04838210249264592,1.5366883277893066,0.003061056137084961
data_ToNIoT.csv,KNN,Normalizer,5,87.51440085676987,96.74018127695824,53.42989887947527,0.25502336156181954,0.6474604323988828,0.9755299251870324,0.4845177272023533,0.030586957931518555,2.022167921066284
data_ToNIoT.csv,LUNAR,Normalizer,5,80.69270689426149,95.19313081936832,43.99426072697458,0.17353850319034733,0.5462998837659822,0.9584385317537386,0.3820250812819322,1.1844055652618408,0.15684080123901367
data_ToNIoT.csv,NeuTraLAD,Normalizer,5,74.26806834405106,94.8861767894951,58.50642251981416,0.2644399045580174,0.6998764516926118,0.967746344130108,0.5481498684006813,62.9326868057251,0.46484899520874023
data_ToNIoT.csv,LOF,Normalizer,5,69.20968404448152,92.88074746280756,28.054113145668214,0.07182581247860226,0.3289574305378537,0.9304253785147801,0.19979873045363059,0.025884389877319336,0.11156010627746582
data_ToNIoT.csv,AutoEncoder,Normalizer,5,56.202389532902174,90.98944487239152,30.49330418147035,0.10804764706223469,0.3627936110241152,0.9504430587463079,0.22418331010992415,2.6836318969726562,0.6464231014251709
data_ToNIoT.csv,CBLOF,Normalizer,5,73.32533265708786,94.87589949513126,49.44657010112052,0.23604409186794517,0.6045218878614571,0.9765152823346572,0.4377612633534603,0.0055310726165771484,0.008403301239013672
data_ToNIoT.csv,HBOS,Normalizer,5,66.97809645906544,92.77652068106978,33.943700464607815,0.13410540201854537,0.4125653177785879,0.9590395480225988,0.2628115807400526,0.0054132938385009766,0.009915351867675781
data_ToNIoT.csv,DASVDD,Normalizer,5,38.74732552298631,85.48409396135669,47.157693358841215,-0.08830475923910847,0.6178098438426567,0.8541951352828642,0.48389843629044743,15.00351881980896,11.003666639328003
data_ToNIoT.csv,AE1SVM,Normalizer,5,40.44067207482822,86.92810097076656,25.36212079803225,0.07200367102946673,0.2814103407446389,0.9365148861646234,0.1655829075708314,32.64819884300232,0.8750717639923096
data_ToNIoT.csv,DevNet,Normalizer,5,24.556144056150004,78.91999370503298,11.17108499590052,-0.22636467693175938,0.013356606207786295,0.33976833976833976,0.006812200030964545,1.333127737045288,0.16964244842529297
data_ToNIoT.csv,DeepSVDD,Normalizer,5,48.131639781763035,88.38236310652118,25.252801311833835,0.07158342616620561,0.27950474183350893,0.9364518976169461,0.16426691438303143,4.61632227897644,0.005185842514038086
data_ToNIoT.csv,IForest,Normalizer,5,59.812404058121786,90.43038040381315,24.77452855971577,0.060940063903737414,0.2728833707568353,0.9289568345323741,0.15993187799969036,0.12136220932006836,0.0786445140838623
data_ToNIoT.csv,OCSVM,Normalizer,5,27.954644871087105,81.69296513054599,12.831374692538944,-0.1364149561385864,0.05060276826908766,0.6538461538461539,0.02631986375599938,0.7375245094299316,2.6466689109802246
data_ToNIoT.csv,LODA,Normalizer,5,46.4346209213268,86.5333658773589,19.54769062585406,-0.003566071654701876,0.18370883882149047,0.8792302587923025,0.10257005728440935,0.020951271057128906,0.05861544609069824
data_ToNIoT.csv,MO_GAAL,Normalizer,5,30.333998944898433,83.6423764908069,16.82153593878109,-0.0387715630521799,0.13142123287671234,0.8387978142076503,0.07129586623316303,7.916062831878662,0.0027375221252441406
data_ToNIoT.csv,SUOD,Normalizer,5,42.99845528732232,85.76741618914984,19.595517901065865,-0.013497579479596093,0.18684355997788835,0.87001287001287,0.10466016411209166,0.09146904945373535,0.2568669319152832
data_ToNIoT.csv,DIF,Normalizer,5,57.89560541364074,91.47633246011786,50.819896146488105,0.02547252670358898,0.6442972919549318,0.8908171631593331,0.504644681839294,0.42589521408081055,22.600036144256592
data_ToNIoT.csv,ALAD,Normalizer,5,48.54812012945992,87.71011317589354,19.144575020497403,-0.012309079394715832,0.17705146036161334,0.8707250341997264,0.09854466635702121,5.605087518692017,0.012996673583984375
data_ToNIoT.csv,COPOD,Normalizer,5,29.759978811455294,80.65849079212578,12.824542224651545,-0.2503071441567495,0.0817560273479669,0.5813715455475946,0.04396965474531661,0.016110897064208984,0.10314702987670898
data_ToNIoT.csv,ECOD,Normalizer,5,23.561960001665383,78.94856897731192,12.804044820989342,-0.2764519472773522,0.08972895863052782,0.5707803992740472,0.04869174794859885,0.010618448257446289,0.10167336463928223
data_ToNIoT.csv,VAE,Normalizer,5,39.265709054750474,86.65231725670787,25.437277944793657,0.07072957547785608,0.28303002430852114,0.9353017802865827,0.1667440780306549,18.425686359405518,0.7788236141204834
data_ToNIoT.csv,SO_GAAL,Normalizer,5,26.310180576650676,79.23639138107865,10.877288876742279,-0.2599116111701839,0.009416767922235723,0.248,0.004799504567270475,1.5748248100280762,0.0031452178955078125
data_ToNIoT.csv,KNN,RobustScaler,0,86.59522201561168,96.40213456838629,51.61246242142662,0.23174479982384938,0.6298735235706073,0.9694337194337195,0.4664808793930949,0.027855634689331055,2.93597149848938
data_ToNIoT.csv,LUNAR,RobustScaler,0,87.9856098672724,96.81565565729085,74.42607269745832,0.39747234869067066,0.8343145500420521,0.9742582445983666,0.7295246942251122,1.1317965984344482,0.15449166297912598
data_ToNIoT.csv,NeuTraLAD,RobustScaler,0,88.94048895504751,98.02064228015199,59.71576933588412,0.3018494414375294,0.7086380707649733,0.9797758950532932,0.555039479795634,58.63663983345032,0.4653024673461914
data_ToNIoT.csv,LOF,RobustScaler,0,80.55538733528456,95.48296233241939,38.35064225198141,0.15350442593939168,0.4739082269255437,0.9600755965036617,0.31459978324818083,0.024462223052978516,0.11496448516845703
data_ToNIoT.csv,AutoEncoder,RobustScaler,0,55.343161692783774,88.83108705833762,24.316753211259908,0.0460612246895711,0.26744262945572383,0.9178393100317749,0.15652577798420808,2.557373523712158,0.647803783416748
data_ToNIoT.csv,CBLOF,RobustScaler,0,34.80495129933037,84.18457572834517,21.529106313200327,0.02581881426873652,0.21801593245727513,0.9050310910118711,0.12393559374516179,0.004720449447631836,0.00687861442565918
data_ToNIoT.csv,HBOS,RobustScaler,0,51.50011102537885,85.81662596291405,12.489751298168898,-0.1389750248823753,0.04074295985620132,0.6267281105990783,0.021055891004799505,0.005469560623168945,0.00878143310546875
data_ToNIoT.csv,DASVDD,RobustScaler,0,75.00127066383264,94.20489737348818,58.116971850232304,0.2521780143655309,0.6970745206562562,0.9637879201967751,0.5459823502090106,14.381680727005005,10.931531190872192
data_ToNIoT.csv,AE1SVM,RobustScaler,0,55.11470129216599,88.4649908248065,14.013391637059305,-0.093516037127594,0.07429201912467819,0.7459379615952733,0.039092738814057906,31.134530305862427,0.8950104713439941
data_ToNIoT.csv,DevNet,RobustScaler,0,63.299134903224974,89.7130754262809,11.458048647171358,-0.1995004616796871,0.018629307080651268,0.42857142857142855,0.009521597770552717,1.284083366394043,0.1681962013244629
data_ToNIoT.csv,DeepSVDD,RobustScaler,0,46.0698255009074,86.14984970863703,19.80049193768789,0.004254161915637014,0.1873442259761839,0.8866317169069463,0.10473757547607988,4.374246120452881,0.005127668380737305
data_ToNIoT.csv,IForest,RobustScaler,0,54.0115014902814,88.67009714118795,22.232850505602624,0.02640545247547294,0.23177645788336934,0.90463645943098,0.13291531196779688,0.12759804725646973,0.08012104034423828
data_ToNIoT.csv,OCSVM,RobustScaler,0,39.89588171543583,88.20067887383503,31.046734080349825,0.10186312451445756,0.3729340126755313,0.9448992443324937,0.23231150332868866,0.7266473770141602,2.670022487640381
data_ToNIoT.csv,LODA,RobustScaler,0,62.942384767462215,88.9418050905582,10.945613555616289,-0.2533415192750454,0.011077389984825494,0.2786259541984733,0.0056510295711410434,0.01950550079345703,0.04798531532287598
data_ToNIoT.csv,MO_GAAL,RobustScaler,0,31.429236821278515,83.54567809197222,11.738179830554795,0.0,0.0,0.0,0.0,7.176711320877075,0.0027010440826416016
data_ToNIoT.csv,SUOD,RobustScaler,0,29.591005304165378,81.75559456248074,20.230937414594152,-0.1653599863614128,0.2365788269142745,0.7616842105263157,0.14003715745471434,0.09106588363647461,0.24756836891174316
data_ToNIoT.csv,DIF,RobustScaler,0,76.931474361158,95.42250311978766,57.32440557529379,0.22755457188539488,0.6913421624827041,0.95586225744739,0.5414924910976932,0.4288148880004883,24.674248933792114
data_ToNIoT.csv,ALAD,RobustScaler,0,42.69434983556168,85.04918892669893,15.161246242142662,-0.06812895564250528,0.09819158980318106,0.7943595769682726,0.05233008205604583,5.622252702713013,0.01291513442993164
data_ToNIoT.csv,COPOD,RobustScaler,0,24.613499658723125,80.38064992064048,20.900519267559442,-0.18987138457506836,0.25650247254511593,0.7527327553712778,0.15459049388450224,0.012396097183227539,0.09322595596313477
data_ToNIoT.csv,ECOD,RobustScaler,0,19.598545477419044,78.74320260939814,20.08062312107133,-0.23845410156756855,0.2530174340634779,0.7227289310470632,0.15335191206069052,0.008844375610351562,0.09421777725219727
data_ToNIoT.csv,VAE,RobustScaler,0,67.01587617858576,91.2287883118607,16.9308554249795,-0.03759311151522267,0.13367535984038764,0.8405017921146953,0.072611859420963,17.152716159820557,0.7617242336273193
data_ToNIoT.csv,SO_GAAL,RobustScaler,0,30.33254579211111,83.47959280626421,11.738179830554795,0.0,0.0,0.0,0.0,1.3168578147888184,0.0035164356231689453
data_ToNIoT.csv,KNN,RobustScaler,1,86.3339586621514,96.226547904005,48.74282590871823,0.2145505643702147,0.5989093242087254,0.9680262703076391,0.4335810496980957,0.029153108596801758,2.940099000930786
data_ToNIoT.csv,LUNAR,RobustScaler,1,84.24956306286578,95.90953741900763,54.63241322765783,0.23789184596382404,0.6622927474315939,0.9654507710557533,0.5040253909273882,1.1842193603515625,0.18494606018066406
data_ToNIoT.csv,NeuTraLAD,RobustScaler,1,84.66552297909928,97.36126754015619,59.62011478546051,0.29887764665544403,0.7079462344336825,0.9788193495490571,0.5544976002477163,60.31712746620178,0.4520413875579834
data_ToNIoT.csv,LOF,RobustScaler,1,79.025735628747,95.08767838448856,35.53566548237223,0.1378409006029362,0.4358744394618834,0.9574468085106383,0.282164421737111,0.034905195236206055,0.10717010498046875
data_ToNIoT.csv,AutoEncoder,RobustScaler,1,54.32158852444569,88.83674557146801,17.395463241322766,-0.0326584661829464,0.14316087880935507,0.8473154362416108,0.07818547762811581,2.531738758087158,0.6446778774261475
data_ToNIoT.csv,CBLOF,RobustScaler,1,34.79897647577691,84.18162244810547,21.419786827001914,0.024692443391743646,0.21607252402699204,0.9041642897889333,0.12269701192135006,0.004559040069580078,0.0069544315338134766
data_ToNIoT.csv,HBOS,RobustScaler,1,49.60831787359004,85.54173853838493,12.42825908718229,-0.14744181865650216,0.040715515305740586,0.6139954853273137,0.021055891004799505,0.00544285774230957,0.008827924728393555
data_ToNIoT.csv,DASVDD,RobustScaler,1,60.79672019135296,88.97167441250448,53.08827548510522,0.09594651725018516,0.6607036963826843,0.9135009565455042,0.5174949682613408,15.005774736404419,11.151145219802856
data_ToNIoT.csv,AE1SVM,RobustScaler,1,70.50980970502394,91.60001635449007,13.712763050013665,-0.10259304148522827,0.0681767874271379,0.7275590551181103,0.035764050162563864,30.558398723602295,0.8866257667541504
data_ToNIoT.csv,DevNet,RobustScaler,1,63.328569695730984,89.71741905694326,11.478546050833561,-0.19844659695524078,0.01922785768357305,0.4349315068493151,0.009831243226505651,1.27958083152771,0.16958117485046387
data_ToNIoT.csv,DeepSVDD,RobustScaler,1,45.75325447647659,86.07646709120937,19.807324405575294,0.003800863388965724,0.1875821969959161,0.8862001308044474,0.10489239820405635,4.423401594161987,0.004915714263916016
data_ToNIoT.csv,IForest,RobustScaler,1,51.526384928953675,88.15505492712833,17.79174637879202,-0.025664823823880033,0.15052245128494776,0.85553772070626,0.08252051401145688,0.1248941421508789,0.07812356948852539
data_ToNIoT.csv,OCSVM,RobustScaler,1,39.726682913140124,87.94258519302154,30.910084722601805,0.10172132182414104,0.370752955818295,0.9451142131979695,0.2306084533209475,0.7416677474975586,2.684110641479492
data_ToNIoT.csv,LODA,RobustScaler,1,53.146925146725636,89.21682319351187,16.99918010385351,0.028853889103425956,0.12212747506865154,0.9184782608695652,0.06541260257005728,0.019125938415527344,0.04853487014770508
data_ToNIoT.csv,MO_GAAL,RobustScaler,1,33.82983396118545,84.7140775192653,11.738179830554795,0.0,0.0,0.0,0.0,7.048518896102905,0.0027618408203125
data_ToNIoT.csv,SUOD,RobustScaler,1,28.451620871401428,81.52072983485162,20.599890680513802,-0.12802433402396635,0.23460449186590265,0.7863134657836645,0.13786963926304382,0.08948659896850586,0.25126123428344727
data_ToNIoT.csv,DIF,RobustScaler,1,77.24229585704113,95.35032381451138,57.87100300628587,0.2445362563544542,0.6952955129472228,0.9613282317573107,0.5445889456572225,0.4262959957122803,24.679152011871338
data_ToNIoT.csv,ALAD,RobustScaler,1,42.82399809959157,85.06429691034529,15.509702104400109,-0.06345309195869436,0.10572750940121492,0.8032967032967033,0.05658770707539867,5.533900022506714,0.01031041145324707
data_ToNIoT.csv,COPOD,RobustScaler,1,24.597255888805922,80.37547439359051,20.934681606996445,-0.18940914591189192,0.2570621468926554,0.7531978931527464,0.1549775507044434,0.008957147598266602,0.09459853172302246
data_ToNIoT.csv,ECOD,RobustScaler,1,19.592018681101408,78.74348731258361,20.087455588958733,-0.2383567797766947,0.25312899106002557,0.7228300510576222,0.15342932342467874,0.008629560470581055,0.09502077102661133
data_ToNIoT.csv,VAE,RobustScaler,1,66.95246915215722,91.16277309649293,16.924022957092102,-0.03828331626312743,0.1336658354114713,0.8397493285586393,0.072611859420963,17.291712522506714,0.7562620639801025
data_ToNIoT.csv,SO_GAAL,RobustScaler,1,30.706197559207983,83.03874914522137,11.738179830554795,0.0,0.0,0.0,0.0,1.4875378608703613,0.003994464874267578
data_ToNIoT.csv,KNN,RobustScaler,3,84.65816033831018,95.86751064970413,45.640885487838204,0.20083841005479258,0.5631931481278137,0.9684667673716012,0.39704288589564946,0.01952981948852539,3.0365567207336426
data_ToNIoT.csv,LUNAR,RobustScaler,3,82.63539869375758,95.41680456188331,49.57638699098114,0.20597618951179192,0.6096890205204146,0.9622704507512521,0.44619910202817775,1.132524013519287,0.14900565147399902
data_ToNIoT.csv,NeuTraLAD,RobustScaler,3,82.13367572767132,96.78456112422055,58.77288876742279,0.2725560357284021,0.7018185412136786,0.97034708936868,0.5496980956804459,62.23211741447449,0.46651482582092285
data_ToNIoT.csv,LOF,RobustScaler,3,74.6182173361443,93.9458095506144,30.78026783274119,0.10710630440271003,0.36764246925909744,0.9490815339993555,0.22797646694534757,0.03613615036010742,0.1098473072052002
data_ToNIoT.csv,AutoEncoder,RobustScaler,3,40.941189712633516,86.77020574740816,24.05711943153867,0.037592253393243194,0.2643457541862466,0.9114559561843907,0.15459049388450224,2.7000157833099365,0.6670782566070557
data_ToNIoT.csv,CBLOF,RobustScaler,3,34.79794913055053,84.18542993002072,21.440284230664115,0.024904260959275774,0.2164372359274908,0.9043280182232346,0.12292924601331476,0.004769563674926758,0.007876873016357422
data_ToNIoT.csv,HBOS,RobustScaler,3,49.58260946047975,85.54503716019892,12.42825908718229,-0.14744181865650216,0.040715515305740586,0.6139954853273137,0.021055891004799505,0.005403280258178711,0.008739233016967773
data_ToNIoT.csv,DASVDD,RobustScaler,3,61.63315718868601,90.42363212511108,53.03361574200601,0.09424834880327923,0.6603083613362325,0.9129543591145122,0.5171853228053879,14.955065250396729,11.042268514633179
data_ToNIoT.csv,AE1SVM,RobustScaler,3,60.37144207368013,89.27954058240151,14.525826728614375,-0.07923297642305575,0.08458949217034978,0.7727272727272727,0.044743768385198945,30.730161666870117,0.8869373798370361
data_ToNIoT.csv,DevNet,RobustScaler,3,63.19886736089971,89.68060803062473,11.444383711396556,-0.20248320979476486,0.01892362425251684,0.42662116040955633,0.009676420498529185,1.2981114387512207,0.1698455810546875
data_ToNIoT.csv,DeepSVDD,RobustScaler,3,45.11370729060046,85.9333635149797,19.77316206613829,0.0017998143237269613,0.1872923588039867,0.884313725490196,0.10473757547607988,4.5294764041900635,0.005187273025512695
data_ToNIoT.csv,IForest,RobustScaler,3,45.70379095795617,87.081176714734,22.007379065318393,0.03267528641527291,0.22604922367618144,0.9104314582195522,0.1290447437683852,0.1255636215209961,0.07645273208618164
data_ToNIoT.csv,OCSVM,RobustScaler,3,39.468832779017504,87.78269559881066,29.652910631320033,0.09259463275741082,0.3518821603927987,0.941711590296496,0.21636476234711255,0.7685208320617676,2.7761337757110596
data_ToNIoT.csv,LODA,RobustScaler,3,78.02947660725907,94.96624141798335,36.061765509702106,0.14208336721152612,0.44290987022264555,0.9587628865979382,0.2879702740362285,0.019951581954956055,0.04833197593688965
data_ToNIoT.csv,MO_GAAL,RobustScaler,3,30.41298286802705,83.18197194309478,11.738179830554795,0.0,0.0,0.0,0.0,7.829491376876831,0.002729654312133789
data_ToNIoT.csv,SUOD,RobustScaler,3,28.47786323367544,81.52464238364294,20.278764689805957,-0.1585136400009828,0.23578726748755569,0.7659574468085106,0.13934045517882024,0.0912179946899414,0.2488574981689453
data_ToNIoT.csv,DIF,RobustScaler,3,76.23752068433448,94.88757744045739,57.14676141022137,0.2220355244329506,0.6900573235817355,0.9540858157966657,0.5404861433658461,0.43270087242126465,24.82313346862793
data_ToNIoT.csv,ALAD,RobustScaler,3,42.693854186548954,85.05922637129125,15.420880021863898,-0.06765912304873878,0.10446357520075238,0.7977900552486188,0.05589100479950457,5.660145282745361,0.011503458023071289
data_ToNIoT.csv,COPOD,RobustScaler,3,24.534637394897626,80.35725218126571,21.125990707843673,-0.18683759926727853,0.2601896949500128,0.7557706626954579,0.15714506889611396,0.01132655143737793,0.09506440162658691
data_ToNIoT.csv,ECOD,RobustScaler,3,19.58591093349453,78.74527430248732,20.046460781634327,-0.23789242502399377,0.2521728016359918,0.7227106227106227,0.15273262114878464,0.009171247482299805,0.09499621391296387
data_ToNIoT.csv,VAE,RobustScaler,3,67.60973579023845,91.1398762591582,16.924022957092102,-0.03828331626312743,0.1336658354114713,0.8397493285586393,0.072611859420963,17.981796741485596,0.7443094253540039
data_ToNIoT.csv,SO_GAAL,RobustScaler,3,37.66590273636105,85.34564826583014,11.738179830554795,0.0,0.0,0.0,0.0,1.3801312446594238,0.0030333995819091797
data_ToNIoT.csv,KNN,RobustScaler,5,80.69148804828018,95.05679941327722,39.24569554523094,0.16191465475774136,0.4850590687977762,0.9627586206896551,0.32419879238272176,0.02748394012451172,3.044947624206543
data_ToNIoT.csv,LUNAR,RobustScaler,5,80.39068542130437,95.05610115731432,48.599344083082805,0.1902592341737558,0.6002444338168872,0.9571259108625657,0.43721938380554265,1.1942617893218994,0.14965176582336426
data_ToNIoT.csv,NeuTraLAD,RobustScaler,5,85.2931903593203,96.98843025982643,58.950532932495214,0.27807508318084634,0.7031033801146471,0.9721235310194042,0.550704443412293,57.37214756011963,0.4723083972930908
data_ToNIoT.csv,LOF,RobustScaler,5,67.13000612261708,92.28083122843776,25.96337797212353,0.06896884482543877,0.29287392325763506,0.9326683291770573,0.17371110078959592,0.035811662673950195,0.10382366180419922
data_ToNIoT.csv,AutoEncoder,RobustScaler,5,44.424703345054084,86.79098080977839,17.737086635692812,-0.024192358721550362,0.14899632456884365,0.8569105691056911,0.08159157764359808,2.7170701026916504,0.6751539707183838
data_ToNIoT.csv,CBLOF,RobustScaler,5,34.80076081222274,84.18950865793929,21.153320579393274,0.02242850413474726,0.21120984278879015,0.9024532710280374,0.11960055736182071,0.005172252655029297,0.008426189422607422
data_ToNIoT.csv,HBOS,RobustScaler,5,49.7372879996525,85.58608068536238,12.42825908718229,-0.14744181865650216,0.040715515305740586,0.6139954853273137,0.021055891004799505,0.0056765079498291016,0.008788824081420898
data_ToNIoT.csv,DASVDD,RobustScaler,5,72.98164737871065,93.61248194604487,57.980322492484284,0.24793259324826608,0.6960861830401265,0.9624214266192949,0.5452082365691283,14.006131172180176,11.283652305603027
data_ToNIoT.csv,AE1SVM,RobustScaler,5,49.60260664519335,87.2174739165144,19.40420880021864,-0.0026395622852418647,0.18049187161317215,0.8800813008130082,0.10055736182071529,32.4827766418457,0.8945009708404541
data_ToNIoT.csv,DevNet,RobustScaler,5,63.23648261506582,89.68638352558148,11.40338890407215,-0.20842968720987182,0.01891503366875993,0.4180602006688963,0.009676420498529185,1.2869431972503662,0.16991901397705078
data_ToNIoT.csv,DeepSVDD,RobustScaler,5,44.57023941289203,85.80398799723118,19.77316206613829,0.0017998143237269613,0.1872923588039867,0.884313725490196,0.10473757547607988,4.651248455047607,0.004735469818115234
data_ToNIoT.csv,IForest,RobustScaler,5,46.001340325048425,87.42081557457985,23.640338890407214,0.03895813304676562,0.2562225475841874,0.9131878557874763,0.14901687567734945,0.12443947792053223,0.07561182975769043
data_ToNIoT.csv,OCSVM,RobustScaler,5,39.34542969254802,87.70571131748054,26.824268925936046,0.07091351014838208,0.3077817993795243,0.9322631166797181,0.1843164576559839,0.8070094585418701,2.8138415813446045
data_ToNIoT.csv,LODA,RobustScaler,5,66.96577958109908,92.97822941066222,43.07871003006286,0.18053047250157275,0.533564750013997,0.9639894800728303,0.3688651494039325,0.019460439682006836,0.04816937446594238
data_ToNIoT.csv,MO_GAAL,RobustScaler,5,31.612922092446293,82.94507210309216,11.738179830554795,0.0,0.0,0.0,0.0,8.07049012184143,0.0027544498443603516
data_ToNIoT.csv,SUOD,RobustScaler,5,28.655895853148028,81.64228804075925,20.176277671494944,-0.1680464437755723,0.23615560640732267,0.7597812368531762,0.13980492336274966,0.09200477600097656,0.24611806869506836
data_ToNIoT.csv,DIF,RobustScaler,5,75.59501988093248,94.78422635506239,57.201421153320574,0.22373369287985653,0.6904526586281874,0.9546324132276578,0.540795788821799,0.4296848773956299,24.684996604919434
data_ToNIoT.csv,ALAD,RobustScaler,5,42.8878602219318,85.0916271864544,15.666848865810332,-0.06517403099600676,0.1099012042979736,0.8029504741833509,0.058987459359033906,5.568181276321411,0.013022661209106445
data_ToNIoT.csv,COPOD,RobustScaler,5,24.492025097503177,80.3429523411388,21.214812790379884,-0.1856533259913848,0.26163795863482103,0.756947017413857,0.15815141662796098,0.013112306594848633,0.09414434432983398
data_ToNIoT.csv,ECOD,RobustScaler,5,19.56761697902467,78.74115035771962,20.032795845859525,-0.2359858295411866,0.25137520788026096,0.7234904270986745,0.15211333023687879,0.009360074996948242,0.09280610084533691
data_ToNIoT.csv,VAE,RobustScaler,5,66.07353926378278,90.6604871018162,16.9103580213173,-0.03850264771520342,0.13339984322667997,0.8394618834080717,0.07245703669298653,18.150086402893066,0.7798230648040771
data_ToNIoT.csv,SO_GAAL,RobustScaler,5,29.884210983546076,82.98680455820636,11.738179830554795,0.0,0.0,0.0,0.0,1.5558321475982666,0.0028755664825439453
data_N_BaIoT.csv,KNN,QuantileTransformer,0,96.10644901260079,99.57147567289528,89.7275663530403,0.605883728884932,0.9406177700207006,0.9884831939941989,0.8971738288811459,0.0985250473022461,26.235772609710693
data_N_BaIoT.csv,LUNAR,QuantileTransformer,0,91.45152015628241,99.07696349518741,79.75354585030192,0.44667636173900616,0.8757620801826839,0.987226188741561,0.7869144405729771,1.6928083896636963,0.8074018955230713
data_N_BaIoT.csv,NeuTraLAD,QuantileTransformer,0,98.92548329886357,99.8873314023135,59.3069793568319,0.32028038394509056,0.7107384392702952,0.9999297802120638,0.551296941540844,101.45104026794434,1.0230662822723389
data_N_BaIoT.csv,LOF,QuantileTransformer,0,90.91153361743544,98.45609662620015,85.64106164864485,0.5263226008942032,0.9150288777163751,0.9873565279770444,0.8525745257452575,0.07346487045288086,0.4921417236328125
data_N_BaIoT.csv,AutoEncoder,QuantileTransformer,0,99.92760910492086,99.99018907351038,99.0415671956186,0.9421980647728487,0.9947428219299428,0.9896164604007817,0.9999225706542779,4.20949912071228,1.3251104354858398
data_N_BaIoT.csv,CBLOF,QuantileTransformer,0,94.40414413294742,99.38809367833645,89.2009549220615,0.5979177582675466,0.9373319207888517,0.9892491614345919,0.8905923344947735,0.09362006187438965,0.06725931167602539
data_N_BaIoT.csv,HBOS,QuantileTransformer,0,99.97033820052917,99.99697103571188,99.01348125263306,0.940423619246745,0.9945856374881983,0.9900264682189573,0.9991869918699187,0.03160238265991211,0.13031315803527832
data_N_BaIoT.csv,DASVDD,QuantileTransformer,0,94.86142947875813,99.38266825462017,58.93835135514674,0.30750043676159344,0.7081253743262128,0.9962083976969527,0.5492837785520712,23.488521575927734,21.79923963546753
data_N_BaIoT.csv,PCA,QuantileTransformer,0,99.76360491078266,99.9728393846607,99.03103496699902,0.9415138563118968,0.994682900516298,0.9899532172712632,0.9994579945799458,0.06595659255981445,0.3092048168182373
data_N_BaIoT.csv,AE1SVM,QuantileTransformer,0,99.7635954290429,99.97512213269701,98.95379862378878,0.936737812092094,0.9942581888246628,0.9896816263904872,0.9988772744870306,45.94350600242615,1.8168253898620605
data_N_BaIoT.csv,DevNet,QuantileTransformer,0,64.51929038076041,95.50493432103202,51.509619435472544,0.2225896224565652,0.6398623279098874,0.9798754192620988,0.47502903600464574,2.477858543395996,0.41623735427856445
data_N_BaIoT.csv,DeepSVDD,QuantileTransformer,0,99.45986467077502,99.94380990854717,97.73557084679119,0.8681803416501891,0.98749248579573,0.9892381211391273,0.9857530003871467,7.251772403717041,0.0278933048248291
data_N_BaIoT.csv,IForest,QuantileTransformer,0,99.33598938745334,99.92505959081228,98.35697233534616,0.9020518621318118,0.9909488260550033,0.990068016695007,0.991831204026326,0.16260552406311035,0.1771864891052246
data_N_BaIoT.csv,OCSVM,QuantileTransformer,0,92.18805149080666,99.16400098086832,84.77390815896644,0.5194713440654852,0.9092810676260799,0.9889884879646904,0.8414634146341463,2.234083414077759,10.565152645111084
data_N_BaIoT.csv,LODA,QuantileTransformer,0,93.65604653462833,99.29349757792225,89.31329869400365,0.5964826203105458,0.9380822586550588,0.9882993313903652,0.8927216415021293,0.04657149314880371,0.21872353553771973
data_N_BaIoT.csv,MO_GAAL,QuantileTransformer,0,0.6750619449353062,77.12748175169702,8.299396152225812,-0.3162983979852617,7.656381594058648e-05,0.003424657534246575,3.8714672861014324e-05,10.886407375335693,0.015236616134643555
data_N_BaIoT.csv,SUOD,QuantileTransformer,0,99.54913014519316,99.93398502439278,98.79581519449515,0.9299212936604119,0.9933492331258604,0.9950277745406518,0.9916763453348819,0.2845122814178467,2.784353494644165
data_N_BaIoT.csv,DIF,QuantileTransformer,0,30.352913271839142,85.79779076476702,43.58938351355147,-0.22054037609060081,0.5990217608305051,0.8427187192809998,0.46465350367789393,0.4986400604248047,59.56561851501465
data_N_BaIoT.csv,ALAD,QuantileTransformer,0,30.475909670820258,86.25579989808284,13.049431259654543,-0.06477924129007095,0.09744542837360154,0.8299193047796399,0.05176151761517615,3.679050922393799,0.05416536331176758
data_N_BaIoT.csv,COPOD,QuantileTransformer,0,26.261964132183042,82.81012917405509,8.40471843842157,-0.3012689199896482,0.00594376285910234,0.1875,0.0030197444831591173,0.07913875579833984,1.2806220054626465
data_N_BaIoT.csv,ECOD,QuantileTransformer,0,24.7922871735984,82.90134381799483,8.629405982305856,-0.25967103961010723,0.0034461632715576656,0.15734265734265734,0.0017421602787456446,0.07910466194152832,1.270174264907837
data_N_BaIoT.csv,VAE,QuantileTransformer,0,99.74100700744332,99.97043720198324,98.92922342367645,0.935227801033436,0.9941222948102754,0.989716434519013,0.9985675571041425,27.749387741088867,1.553678035736084
data_N_BaIoT.csv,SO_GAAL,QuantileTransformer,0,10.923827787099057,80.93151752271048,10.8833029068951,-0.09792125527827024,0.050213275462096835,0.7488839285714286,0.02597754548974061,3.195366144180298,0.014609575271606445
data_N_BaIoT.csv,KNN,QuantileTransformer,1,53.805548772464796,93.02091424403106,31.350933857604268,0.10334846802862963,0.4010292225693806,0.960387323943662,0.2534262485481998,0.08651161193847656,19.884047746658325
data_N_BaIoT.csv,LUNAR,QuantileTransformer,1,45.45621682667468,90.42547925753586,16.41974441791883,0.04171693108802495,0.1523836650407662,0.9481612760301285,0.08284939992257065,1.706409215927124,0.8217411041259766
data_N_BaIoT.csv,NeuTraLAD,QuantileTransformer,1,94.94458579530351,99.40643290158857,59.06473809858166,0.31243809279840645,0.7089801826985473,0.9976819331272829,0.5498644986449864,101.83634066581726,1.015817642211914
data_N_BaIoT.csv,LOF,QuantileTransformer,1,55.724076704649065,92.84706597564296,22.545990731638817,0.04344665599809203,0.26811305732484075,0.9367176634214186,0.1564459930313589,0.09444689750671387,0.49904441833496094
data_N_BaIoT.csv,AutoEncoder,QuantileTransformer,1,99.14900802038487,99.89065153453629,97.47928661704816,0.858263365063874,0.9860311284046692,0.9910441924129839,0.981068524970964,4.185699939727783,1.3312325477600098
data_N_BaIoT.csv,CBLOF,QuantileTransformer,1,95.72376891278871,99.53846619133488,92.44839207976408,0.677253691097989,0.9569653682251966,0.9901875543410756,0.9259001161440186,0.0904541015625,0.07126522064208984
data_N_BaIoT.csv,HBOS,QuantileTransformer,1,99.95890176363277,99.99575180277499,99.07316388147733,0.944102105859331,0.9949101565512455,0.9909363238343959,0.9989159891598915,0.0314176082611084,0.1269237995147705
data_N_BaIoT.csv,DASVDD,QuantileTransformer,1,74.49316162340222,96.85716014762036,57.63937649206572,0.26281262780566667,0.6988919944100619,0.9832186490661424,0.5421215640727836,21.628021478652954,21.532482862472534
data_N_BaIoT.csv,PCA,QuantileTransformer,1,99.53780019552805,99.95126484930117,98.18845667743294,0.8935502651253638,0.9900038744672608,0.9907716169057774,0.989237320944638,0.061257123947143555,0.3108503818511963
data_N_BaIoT.csv,AE1SVM,QuantileTransformer,1,98.49646010186014,99.83564256217458,95.28507232130319,0.7662777798680255,0.9735583075741765,0.9905051880934257,0.9571815718157182,48.390793561935425,1.808459758758545
data_N_BaIoT.csv,DevNet,QuantileTransformer,1,64.51219001639903,95.5038914886058,51.53770537845808,0.22437041616277983,0.6399958272480701,0.9805018379415055,0.47502903600464574,2.5316264629364014,0.38445568084716797
data_N_BaIoT.csv,DeepSVDD,QuantileTransformer,1,98.83646507904416,99.87973202504324,94.9304872911108,0.7547028172941717,0.9715029996842438,0.9908219950084535,0.9529229578010066,7.333153486251831,0.028950929641723633
data_N_BaIoT.csv,IForest,QuantileTransformer,1,99.7108638273378,99.96899171964895,98.9467771380424,0.9365793140699072,0.9942084942084942,0.9915286869464767,0.9969028261711188,0.15798687934875488,0.17281246185302734
data_N_BaIoT.csv,OCSVM,QuantileTransformer,1,91.91632379236916,99.13380632270642,84.00856621261059,0.5122342750935817,0.9041839331916952,0.9900041457460039,0.8320557491289199,2.2773332595825195,10.782695770263672
data_N_BaIoT.csv,LODA,QuantileTransformer,1,93.23350665953639,99.28606950930569,86.09043673641342,0.5408792331156933,0.9177701216221825,0.9891732283464567,0.8559814169570267,0.04814434051513672,0.22113561630249023
data_N_BaIoT.csv,MO_GAAL,QuantileTransformer,1,3.1836764702021,76.23505426086396,8.309928380845387,-0.3146402593565224,7.657260997741108e-05,0.0034602076124567475,3.8714672861014324e-05,12.293319940567017,0.01542210578918457
data_N_BaIoT.csv,SUOD,QuantileTransformer,1,99.03921676745027,99.66991680743814,95.04283106305294,0.7726699638981472,0.9720196575776792,0.9956158155394983,0.9495160665892374,0.2766859531402588,2.7954349517822266
data_N_BaIoT.csv,DIF,QuantileTransformer,1,33.66479890980415,87.10885992333834,43.87726442915321,-0.2106365914030711,0.601068077460571,0.8455975284370173,0.4662408052651955,0.5033588409423828,59.69962692260742
data_N_BaIoT.csv,ALAD,QuantileTransformer,1,30.63763605931893,86.30260213850154,13.4180592613397,-0.06696599490106207,0.10625498296731173,0.8310657596371882,0.056755710414247,5.780161619186401,0.05442237854003906
data_N_BaIoT.csv,COPOD,QuantileTransformer,1,26.127604962129926,82.36430937276471,8.40471843842157,-0.3012689199896482,0.00594376285910234,0.1875,0.0030197444831591173,0.0785989761352539,1.286144733428955
data_N_BaIoT.csv,ECOD,QuantileTransformer,1,24.735449249206667,82.88738726012228,8.629405982305856,-0.25967103961010723,0.0034461632715576656,0.15734265734265734,0.0017421602787456446,0.08325910568237305,1.277916669845581
data_N_BaIoT.csv,VAE,QuantileTransformer,1,99.08394359269246,99.90357025076668,96.32425221176801,0.8059033388544518,0.9795103622380086,0.9903834738216787,0.9688734030197445,27.9120934009552,1.5775699615478516
data_N_BaIoT.csv,SO_GAAL,QuantileTransformer,1,15.08974977251118,81.87815867801079,12.856340401628986,-0.04885886026656489,0.09036939313984169,0.845679012345679,0.04773519163763066,3.216696262359619,0.014685630798339844
data_N_BaIoT.csv,KNN,QuantileTransformer,3,38.15084631091762,88.58194611293357,16.946355848897625,-0.009073812131679309,0.17152862896165294,0.8987155963302752,0.09481223383662409,0.09345626831054688,18.679003953933716
data_N_BaIoT.csv,LUNAR,QuantileTransformer,3,37.71222540516932,87.53350823207701,13.909563263586575,-0.059047739719748825,0.11594202898550725,0.8427672955974843,0.06225319396051104,1.74635648727417,0.8308827877044678
data_N_BaIoT.csv,NeuTraLAD,QuantileTransformer,3,87.99859582727596,98.2638486606835,57.65693020643168,0.2644975756824087,0.6989341254586755,0.9837678307919331,0.5420054200542005,100.76666569709778,0.9751262664794922
data_N_BaIoT.csv,LOF,QuantileTransformer,3,39.311937860470216,89.33277878030721,19.340682488414547,0.013588735720159466,0.21450305993367294,0.9175197426147996,0.12144792876500193,0.09341120719909668,0.5148510932922363
data_N_BaIoT.csv,AutoEncoder,QuantileTransformer,3,76.72942119667725,97.23170675864941,64.82937789636287,0.3188762734685895,0.7617598097502972,0.987422934648582,0.6200542005420054,4.250648498535156,1.3134562969207764
data_N_BaIoT.csv,CBLOF,QuantileTransformer,3,92.53226052553345,99.19393687514619,79.23044516219632,0.4500107668469664,0.8718537451804358,0.9896243115656963,0.7791327913279132,0.09480738639831543,0.07071280479431152
data_N_BaIoT.csv,HBOS,QuantileTransformer,3,99.9550171677839,99.99531090607422,99.23816879651734,0.9542245114685312,0.9958121851901885,0.9928040943548697,0.9988385598141696,0.030841588973999023,0.12497234344482422
data_N_BaIoT.csv,DASVDD,QuantileTransformer,3,56.86357614464291,93.85149209332198,52.28900435332117,0.07874716605206557,0.6608604511878619,0.9297149276786968,0.5126209833526907,24.24091100692749,21.366255521774292
data_N_BaIoT.csv,PCA,QuantileTransformer,3,99.24775231711838,99.92086395258933,95.39741609324534,0.7766904884861355,0.9741466011950541,0.9927649825153744,0.9562137049941928,0.062345266342163086,0.3056151866912842
data_N_BaIoT.csv,AE1SVM,QuantileTransformer,3,96.43189587240904,99.54975968875652,88.9446706923185,0.6023940965529195,0.9355940523183278,0.991718336729827,0.8854819976771197,51.98812675476074,1.7454826831817627
data_N_BaIoT.csv,DevNet,QuantileTransformer,3,64.51149930812474,95.5037801902126,51.569302064316815,0.22677812564610422,0.6401085283452036,0.9813614910807136,0.4749516066589237,2.594879150390625,0.41608476638793945
data_N_BaIoT.csv,DeepSVDD,QuantileTransformer,3,97.9567492628312,99.78787983348904,93.69470579974723,0.7178991976334331,0.9642715047346224,0.9917341844668139,0.9382888114595431,7.4758148193359375,0.029118776321411133
data_N_BaIoT.csv,IForest,QuantileTransformer,3,99.79161907562664,99.97772002851487,99.12582502457519,0.9474939849356976,0.9951914721047448,0.9928331984741648,0.9975609756097561,0.15883088111877441,0.1857743263244629
data_N_BaIoT.csv,OCSVM,QuantileTransformer,3,91.33431418284471,99.06964836514993,81.7722230023873,0.4876396514010023,0.8891214282663478,0.9914745665841113,0.8059233449477352,2.367210626602173,10.724483489990234
data_N_BaIoT.csv,LODA,QuantileTransformer,3,97.2596765530579,99.70120582337934,90.89664372981323,0.6466964328685639,0.947538794585955,0.9923719116836887,0.9065814943863725,0.04062914848327637,0.19851469993591309
data_N_BaIoT.csv,MO_GAAL,QuantileTransformer,3,10.801914494545958,77.83861710291318,8.380143238309227,-0.30336385472357175,7.663128855511705e-05,0.0037174721189591076,3.8714672861014324e-05,12.688294410705566,0.015413045883178711
data_N_BaIoT.csv,SUOD,QuantileTransformer,3,98.36299805026255,99.48745599166013,91.06515938772645,0.6591694225085782,0.9484452547351362,0.994688761419163,0.9063104916763454,0.28226542472839355,2.801389455795288
data_N_BaIoT.csv,DIF,QuantileTransformer,3,22.87678464576658,82.27078228721372,43.09085802555821,-0.23769083250071324,0.5954781393491715,0.8377334644010672,0.46190476190476193,0.5146055221557617,59.94532084465027
data_N_BaIoT.csv,ALAD,QuantileTransformer,3,30.718117795883526,86.32803046268394,13.228479146187333,-0.06521537938148642,0.101628380343123,0.83115338882283,0.054123112659698026,5.765531301498413,0.05420494079589844
data_N_BaIoT.csv,COPOD,QuantileTransformer,3,26.166067274840042,82.23655971212803,8.432804381407106,-0.2961539441497298,0.00549073438572409,0.18181818181818182,0.0027874564459930314,0.0813450813293457,1.3002197742462158
data_N_BaIoT.csv,ECOD,QuantileTransformer,3,24.645660091007198,82.86314959202062,8.678556382530543,-0.2498970389058677,0.0029896512073591414,0.15,0.0015098722415795587,0.08263826370239258,1.2767682075500488
data_N_BaIoT.csv,VAE,QuantileTransformer,3,98.24321304360639,99.8124338865679,92.14646819266957,0.6757959113782537,0.955086634408818,0.9919923259790633,0.9208284939992257,29.533118963241577,1.5273857116699219
data_N_BaIoT.csv,SO_GAAL,QuantileTransformer,3,13.64104423421239,81.38931834812718,12.6316528577447,-0.056584167143217935,0.08641703377386196,0.8347517730496454,0.04556716995741386,3.3954644203186035,0.015598535537719727
data_N_BaIoT.csv,KNN,QuantileTransformer,5,33.5258578713465,86.78845726659374,13.902541777840192,-0.05292138549341877,0.11472095877553967,0.8488247863247863,0.061517615176151765,0.08940863609313965,18.466150283813477
data_N_BaIoT.csv,LUNAR,QuantileTransformer,5,34.48968328363443,86.08983475328456,10.658615363010814,-0.06165852014996536,0.03926306251887647,0.790273556231003,0.02013162988772745,1.737863302230835,0.8483991622924805
data_N_BaIoT.csv,NeuTraLAD,QuantileTransformer,5,66.27930477550012,94.62326096488748,53.057857042550204,0.10686819892369252,0.6661839970041193,0.9379261862917398,0.5165311653116531,101.9608941078186,1.012317180633545
data_N_BaIoT.csv,LOF,QuantileTransformer,5,44.824475492036655,89.05231156229387,15.819407386603004,-0.02431759057674803,0.15104092904687721,0.8835956917978459,0.08257839721254355,0.06742429733276367,0.537733793258667
data_N_BaIoT.csv,AutoEncoder,QuantileTransformer,5,66.8302872150263,95.7587130443933,52.71380424097739,0.2400015577506475,0.6509988858083072,0.9842513515631122,0.48633372048006196,4.482235431671143,1.3085660934448242
data_N_BaIoT.csv,CBLOF,QuantileTransformer,5,91.87529119881575,99.03732003025108,81.31231568599915,0.4850670687078518,0.8859120817883704,0.9923176645700292,0.800116144018583,0.0912625789642334,0.09483075141906738
data_N_BaIoT.csv,HBOS,QuantileTransformer,5,99.94513719493962,99.99389124536594,99.39966296868418,0.9640670678180474,0.9966967373036877,0.9946408605467093,0.9987611304684475,0.03066086769104004,0.125014066696167
data_N_BaIoT.csv,DASVDD,QuantileTransformer,5,38.116948361861695,89.69118490037364,46.61564387024295,-0.11642985900949572,0.6205330405270513,0.8729813228479146,0.4813395276809911,20.10423994064331,21.812458276748657
data_N_BaIoT.csv,PCA,QuantileTransformer,5,98.92770129660605,99.88754953342979,93.23479848335909,0.7118859199997724,0.9614808003678014,0.9939248667190147,0.9310878823073945,0.06312179565429688,0.3023056983947754
data_N_BaIoT.csv,AE1SVM,QuantileTransformer,5,96.34136567977801,99.51235220433237,78.97065018958011,0.4548845817225916,0.869799591357649,0.9916732751784298,0.7746031746031746,51.39345693588257,1.7917966842651367
data_N_BaIoT.csv,DevNet,QuantileTransformer,5,64.5101740526502,95.50358074318187,51.62547395028788,0.23054376591459458,0.6403570589617101,0.9826964671953857,0.47491289198606274,2.6052393913269043,0.3852226734161377
data_N_BaIoT.csv,DeepSVDD,QuantileTransformer,5,97.16467170861826,99.70397031970035,92.29040865047044,0.6863087716059278,0.9558646193423909,0.9938978517094375,0.9206349206349206,7.628599643707275,0.02901434898376465
data_N_BaIoT.csv,IForest,QuantileTransformer,5,99.7452854601751,99.97121312044115,99.0836961100969,0.9455430742705573,0.9949503743687967,0.9944309084580578,0.9954703832752613,0.15888237953186035,0.19777441024780273
data_N_BaIoT.csv,OCSVM,QuantileTransformer,5,90.67424505658556,98.99626130557462,79.16725179047887,0.46012217517089243,0.8710840756028677,0.9924752475247525,0.7761517615176152,2.512129068374634,11.408004760742188
data_N_BaIoT.csv,LODA,QuantileTransformer,5,88.46643362009033,98.61911958869297,66.17750315966859,0.32821883121274326,0.7730078695631686,0.9874789308933302,0.6350754936120789,0.04144573211669922,0.18480801582336426
data_N_BaIoT.csv,MO_GAAL,QuantileTransformer,5,11.866824734562343,78.12293161309928,8.348546552450498,-0.3085887841959757,0.0,0.0,0.0,12.508533954620361,0.015610456466674805
data_N_BaIoT.csv,SUOD,QuantileTransformer,5,97.52740149858168,99.32522042353426,89.95225389692459,0.6330587868893803,0.9416656475480005,0.9943181818181818,0.8943089430894309,0.29755091667175293,2.8530774116516113
data_N_BaIoT.csv,DIF,QuantileTransformer,5,30.221788104413505,84.95284786727176,43.89832888639236,-0.2099119242308128,0.6012178079456978,0.8458081730094088,0.4663569492837786,0.5073394775390625,59.16568636894226
data_N_BaIoT.csv,ALAD,QuantileTransformer,5,30.880996580447018,86.37662799566984,13.597107147872489,-0.06631036183591045,0.11019921182978416,0.833242208857299,0.05900116144018583,5.374403476715088,0.05387449264526367
data_N_BaIoT.csv,COPOD,QuantileTransformer,5,26.217518112311062,82.13744232680995,8.531105181856482,-0.27802086271559934,0.004128124761103891,0.16265060240963855,0.0020905923344947735,0.08185696601867676,1.2794432640075684
data_N_BaIoT.csv,ECOD,QuantileTransformer,5,24.541579033510217,82.82361819435124,8.668024153910968,-0.25191622266422553,0.002989307477101138,0.1482889733840304,0.0015098722415795587,0.08632683753967285,1.2833173274993896
data_N_BaIoT.csv,VAE,QuantileTransformer,5,97.29260298846934,99.70955382980048,87.07344474090718,0.5734883908624206,0.9237396959529431,0.9932300017815785,0.8633372048006195,29.656487226486206,1.5424799919128418
data_N_BaIoT.csv,SO_GAAL,QuantileTransformer,5,15.334453053864157,81.92466310043505,10.553293076815054,-0.046337494414413365,0.03470485716450709,0.8120567375886525,0.01773132017034456,3.4913878440856934,0.015714168548583984
data_N_BaIoT.csv,KNN,MinMaxScaler,0,99.73249749998003,99.96563581965245,99.02425327296339,0.9413736593176428,0.99464643352334,0.9893498831551929,1.0,0.09347033500671387,28.884755611419678
data_N_BaIoT.csv,LUNAR,MinMaxScaler,0,99.4127186201197,99.93954424990748,95.42311607174196,0.6973675800332637,0.9753748536465612,0.9519333554498876,1.0,1.6756446361541748,0.8186752796173096
data_N_BaIoT.csv,NeuTraLAD,MinMaxScaler,0,99.63910968061474,99.96019471637317,59.35558597451826,0.32128811772080995,0.7110057399550787,1.0,0.5515972894482091,89.70692014694214,1.018359661102295
data_N_BaIoT.csv,LOF,MinMaxScaler,0,97.3027954471677,99.29498582632974,93.84366993085536,0.7149854158046346,0.9652163566414151,0.9892280801593432,0.9423426911907067,0.07434535026550293,0.490584135055542
data_N_BaIoT.csv,AutoEncoder,MinMaxScaler,0,99.96117761289305,99.99210465079248,99.02425327296339,0.9413736593176428,0.99464643352334,0.9893498831551929,1.0,3.901596784591675,1.3112194538116455
data_N_BaIoT.csv,CBLOF,MinMaxScaler,0,98.611240903159,99.56993237333731,98.90491734231863,0.9340246164901587,0.9939840345532375,0.9899373967815033,0.9980638915779284,0.09041333198547363,0.08676266670227051
data_N_BaIoT.csv,HBOS,MinMaxScaler,0,89.9546212787466,98.32391662626789,76.25214980169176,0.40827361994731726,0.8509954193093728,0.9866210488689169,0.7481510164569216,0.0279541015625,0.10813403129577637
data_N_BaIoT.csv,DASVDD,MinMaxScaler,0,99.13527123310352,99.77905424534548,59.222210522621175,0.3167084564275201,0.7100573995507862,0.9986661986661987,0.5508615682478218,22.956586360931396,21.371886253356934
data_N_BaIoT.csv,AE1SVM,MinMaxScaler,0,99.93328777499312,99.9926151682383,98.99266435014566,0.9394361002230536,0.9944740743593199,0.9890088848039216,1.0,49.27832221984863,1.8283641338348389
data_N_BaIoT.csv,DevNet,MinMaxScaler,0,11.425312039529727,81.30385047359414,8.462321434839073,-0.2957730475331232,0.0,0.0,0.0,2.5747203826904297,0.42579150199890137
data_N_BaIoT.csv,DeepSVDD,MinMaxScaler,0,99.836653742332,99.9819258983907,99.05584219578112,0.9433085711035336,0.9948188524432289,0.9896911167318158,1.0,7.362670660018921,0.029645204544067383
data_N_BaIoT.csv,IForest,MinMaxScaler,0,93.17864993838005,98.7747732257507,74.78852971113685,0.39221325721945893,0.8403884185498744,0.9860256543956617,0.7322362052274928,0.1321728229522705,0.12502145767211914
data_N_BaIoT.csv,OCSVM,MinMaxScaler,0,98.20130153545163,99.41349376750863,98.72591344635147,0.9232574863095211,0.9929956584659914,0.9896538461538461,0.9963601161665053,2.266464948654175,10.424131870269775
data_N_BaIoT.csv,LODA,MinMaxScaler,0,97.9419559633374,99.46607926520906,96.08297357060124,0.7949474623130466,0.9781425046026088,0.9896167716878691,0.9669312681510165,0.04014015197753906,0.17905807495117188
data_N_BaIoT.csv,MO_GAAL,MinMaxScaler,0,0.43627944740299307,76.83598640035336,8.451791793899828,-0.2975236076563507,0.0,0.0,0.0,12.90915822982788,0.015366077423095703
data_N_BaIoT.csv,SUOD,MinMaxScaler,0,98.33952994540986,99.80536572256217,99.1541188445474,0.949300458287128,0.9953551122675147,0.9908672294704528,0.9998838334946757,0.26566314697265625,2.73399019241333
data_N_BaIoT.csv,DIF,MinMaxScaler,0,48.74338429718756,90.94948457237817,52.65171457653294,0.09109987903176771,0.6633391564761667,0.932958932958933,0.5146176185866409,0.49025583267211914,46.59207081794739
data_N_BaIoT.csv,ALAD,MinMaxScaler,0,32.08704789943855,84.35990950414931,10.006668772594853,-0.14883218833882494,0.033255410602518666,0.6327116212338594,0.01707647628267183,5.3109471797943115,0.054286956787109375
data_N_BaIoT.csv,COPOD,MinMaxScaler,0,31.940640048685935,85.76203090395252,8.785230423642554,-0.23703074789907164,0.00360401809677172,0.1828793774319066,0.0018199419167473378,0.08083438873291016,1.2985334396362305
data_N_BaIoT.csv,ECOD,MinMaxScaler,0,30.477889075366615,84.03110836749612,8.609736407988487,-0.26920835441021856,0.0026811705224452274,0.12367491166077739,0.0013552758954501452,0.08214950561523438,1.2802979946136475
data_N_BaIoT.csv,VAE,MinMaxScaler,0,99.96009699423888,99.99348343856967,99.01372363202415,0.940728101307081,0.9945889738306599,0.9892361909139661,1.0,25.611390829086304,1.5193281173706055
data_N_BaIoT.csv,SO_GAAL,MinMaxScaler,0,0.37540968010637643,77.12935661153789,8.606226527675407,-0.2706698428712515,0.0036732351253108858,0.15483870967741936,0.0018586640851887706,3.269052743911743,0.014550924301147461
data_N_BaIoT.csv,KNN,MinMaxScaler,1,77.99632967293131,97.24274999350592,80.87466217401986,0.4618907061493203,0.883376495516127,0.987510766580534,0.799109390125847,0.10514664649963379,28.34377121925354
data_N_BaIoT.csv,LUNAR,MinMaxScaler,1,77.54801091366743,97.339226659344,80.75883612368818,0.45308301806363815,0.882788112037631,0.9856290284077346,0.7993804453049371,1.7060034275054932,0.8193483352661133
data_N_BaIoT.csv,NeuTraLAD,MinMaxScaler,1,97.56560727790854,99.41814300332913,58.87122249131305,0.3048526465967644,0.7075471698113207,0.9952257249175034,0.5488867376573088,99.18145155906677,1.0042698383331299
data_N_BaIoT.csv,LOF,MinMaxScaler,1,46.63411908156129,90.47962474705459,18.497069249938576,0.012467617976552759,0.19786521123354867,0.9167733674775929,0.11090029041626331,0.09561800956726074,0.5020861625671387
data_N_BaIoT.csv,AutoEncoder,MinMaxScaler,1,98.13009399494113,99.7123678446987,99.12252992172968,0.9473768680864192,0.9951826730383845,0.990487514863258,0.9999225556631172,4.102772951126099,1.3026134967803955
data_N_BaIoT.csv,CBLOF,MinMaxScaler,1,98.60289951481094,99.56910490329729,98.95054578638869,0.9368572887966037,0.9942325868487549,0.9905450073026366,0.9979477250726041,0.0869607925415039,0.054413795471191406
data_N_BaIoT.csv,HBOS,MinMaxScaler,1,88.75914477167211,98.03686816418617,58.860692850373795,0.2705770758326417,0.709983916862551,0.9833447566826593,0.5555469506292352,0.0283963680267334,0.10576176643371582
data_N_BaIoT.csv,DASVDD,MinMaxScaler,1,99.03768149200903,99.77806777314751,59.22923028324733,0.3169494912324301,0.7101073122036436,0.9987363987363987,0.5509002904162633,23.725189924240112,21.516138553619385
data_N_BaIoT.csv,AE1SVM,MinMaxScaler,1,98.99635654315321,99.84322212888353,99.02425327296339,0.9413212758821032,0.9946425130082868,0.9900633032802609,0.9992642787996128,44.19392728805542,1.8002099990844727
data_N_BaIoT.csv,DevNet,MinMaxScaler,1,10.60396924013191,80.55675510569789,8.45881155452599,-0.29635767513740463,0.0,0.0,0.0,2.5614142417907715,0.3918581008911133
data_N_BaIoT.csv,DeepSVDD,MinMaxScaler,1,97.02718177124147,99.5563519585157,98.95756554701485,0.9372904125899452,0.9942709438475338,0.9906211562115621,0.9979477250726041,7.336684226989746,0.02891707420349121
data_N_BaIoT.csv,IForest,MinMaxScaler,1,92.4947330733942,98.65229862421651,63.223474079533894,0.30021185416876867,0.7484877580412866,0.9845910956741396,0.6037173281703775,0.13230466842651367,0.12667584419250488
data_N_BaIoT.csv,OCSVM,MinMaxScaler,1,98.16451838032114,99.3969514430162,98.59955775508055,0.9162860717654981,0.9922891100589429,0.9904706790123456,0.9941142303969023,2.3245081901550293,10.815720319747925
data_N_BaIoT.csv,LODA,MinMaxScaler,1,94.85599667099737,99.33289519917268,93.26453967919693,0.7007466829659764,0.9617812829857999,0.9901582875420323,0.9349854791868345,0.036429405212402344,0.171614408493042
data_N_BaIoT.csv,MO_GAAL,MinMaxScaler,1,1.456888907609286,78.51785747611912,8.437752272647502,-0.2998423626829732,0.0,0.0,0.0,11.14597749710083,0.015609264373779297
data_N_BaIoT.csv,SUOD,MinMaxScaler,1,88.81567245635222,97.6248894141791,57.27773682917413,0.2675966286523091,0.6948608673853096,0.9853537148951298,0.5366505324298161,0.2707490921020508,2.768435478210449
data_N_BaIoT.csv,DIF,MinMaxScaler,1,42.68594592985129,89.82954112316617,49.58407918289986,-0.014232330713898745,0.6415273271774394,0.9022815022815023,0.49769603097773474,0.4977607727050781,46.81689429283142
data_N_BaIoT.csv,ALAD,MinMaxScaler,1,32.18131444768259,84.43254950957603,10.080376259169563,-0.1395444408035088,0.03386506769242373,0.6488439306358381,0.01738625363020329,3.7378554344177246,0.05374932289123535
data_N_BaIoT.csv,COPOD,MinMaxScaler,1,31.876912596977895,85.74990744919273,8.781720543329472,-0.2377283218597857,0.003603879921788138,0.1821705426356589,0.0018199419167473378,0.07921028137207031,1.2981793880462646
data_N_BaIoT.csv,ECOD,MinMaxScaler,1,30.41945360493076,84.01582581186108,8.609736407988487,-0.26920835441021856,0.0026811705224452274,0.12367491166077739,0.0013552758954501452,0.08227038383483887,1.281212568283081
data_N_BaIoT.csv,VAE,MinMaxScaler,1,99.1623854656791,99.79733437334379,99.08392123828578,0.9449927452564983,0.9949702260507602,0.9903705977134966,0.9996127783155857,24.57190179824829,1.568000078201294
data_N_BaIoT.csv,SO_GAAL,MinMaxScaler,1,1.1936820119841187,77.56214977295386,8.665894492997788,-0.26031152865328666,0.00398070887238766,0.17275747508305647,0.0020135527589545013,3.2923293113708496,0.014597177505493164
data_N_BaIoT.csv,KNN,MinMaxScaler,3,75.92032325603179,96.57746034880202,69.35874486680004,0.34837922554227735,0.79883865615927,0.986399590280544,0.6712100677637948,0.10490798950195312,23.602347135543823
data_N_BaIoT.csv,LUNAR,MinMaxScaler,3,75.37570380010298,96.92749152124809,78.26331122108736,0.3105772929010811,0.8688951457543874,0.9584345226975528,0.7946563407550823,1.7500355243682861,0.8258211612701416
data_N_BaIoT.csv,NeuTraLAD,MinMaxScaler,3,92.9877028792532,98.37110236609664,58.035870976799686,0.27597357439773146,0.7016221612178687,0.9868023868023869,0.5443175217812197,100.18928456306458,0.9847145080566406
data_N_BaIoT.csv,LOF,MinMaxScaler,3,43.36302904380499,88.92421813077503,13.197149977185779,-0.05914736629691273,0.09908564351025463,0.8364083640836408,0.0526621490803485,0.07367944717407227,0.5167713165283203
data_N_BaIoT.csv,AutoEncoder,MinMaxScaler,3,93.90896586682973,98.91509325982038,76.49784142360745,0.42108594251219794,0.8524069828954329,0.9894079721639462,0.7487318489835431,4.31847071647644,1.3316230773925781
data_N_BaIoT.csv,CBLOF,MinMaxScaler,3,98.60207452637604,99.56894172752713,98.99968411077182,0.9400452730491673,0.9944964758134595,0.9919106317411402,0.9970958373668926,0.08899760246276855,0.05439901351928711
data_N_BaIoT.csv,HBOS,MinMaxScaler,3,87.7957224059161,97.8376073138119,57.88494612333719,0.26893025657625247,0.7006909626081967,0.98464666292765,0.5438528557599226,0.028988361358642578,0.10524606704711914
data_N_BaIoT.csv,DASVDD,MinMaxScaler,3,98.97657134515961,99.75719276211272,59.19413148011653,0.3157443172078801,0.7098577489393562,0.9983853983853984,0.5507066795740562,24.202529191970825,21.655881881713867
data_N_BaIoT.csv,AE1SVM,MinMaxScaler,3,93.55608142112972,98.62189858521664,70.0993296128602,0.3568835577356418,0.8045428473098543,0.9872184684684685,0.6789157792836399,52.674500703811646,1.816521167755127
data_N_BaIoT.csv,DevNet,MinMaxScaler,3,9.973125420754995,79.93796040028039,8.43073251202134,-0.30099528625457556,0.0,0.0,0.0,2.571749687194824,0.3887350559234619
data_N_BaIoT.csv,DeepSVDD,MinMaxScaler,3,93.49779845735878,98.96554809434298,65.80323610964867,0.32377793079155015,0.7699246699884289,0.9866844207723036,0.6312487899322362,7.430495738983154,0.028907299041748047
data_N_BaIoT.csv,IForest,MinMaxScaler,3,93.01894786378104,98.65004204739174,64.9503351935699,0.31910957788256933,0.762723946205389,0.9870241682553349,0.6214908034849952,0.13163471221923828,0.1381971836090088
data_N_BaIoT.csv,OCSVM,MinMaxScaler,3,98.07398606670061,99.35913203749132,98.52234038819276,0.9132376659106628,0.9918453522381699,0.9922874195798775,0.991403678606002,2.4692983627319336,11.179191827774048
data_N_BaIoT.csv,LODA,MinMaxScaler,3,96.87513553122066,99.43551317978756,90.91642974974553,0.6469179460358583,0.9476494862043855,0.9920799627292364,0.90702807357212,0.03558683395385742,0.18805170059204102
data_N_BaIoT.csv,MO_GAAL,MinMaxScaler,3,4.527338998350748,78.37604975758147,8.378084307325121,-0.3095104071832619,0.0,0.0,0.0,12.085446834564209,0.015253543853759766
data_N_BaIoT.csv,SUOD,MinMaxScaler,3,84.19201605822559,96.68075308532178,42.05538591134042,0.18007269013795532,0.5355203556255803,0.9793167318378267,0.3685188770571152,0.2816154956817627,2.771782636642456
data_N_BaIoT.csv,DIF,MinMaxScaler,3,44.57906199686417,90.34548356573728,50.412410936787055,0.014209776265480296,0.6474170202146244,0.9105651105651106,0.5022652468538238,0.5084397792816162,47.23095703125
data_N_BaIoT.csv,ALAD,MinMaxScaler,3,33.985249700614894,85.07592344233466,10.484012495173916,-0.13081196238878334,0.04386293769213466,0.6890459363957597,0.02265246853823814,5.883182048797607,0.05376911163330078
data_N_BaIoT.csv,COPOD,MinMaxScaler,3,31.740531696331637,85.72098061818345,8.764171141764066,-0.24206285888795703,0.004137613975940541,0.19494584837545126,0.002090997095837367,0.08354306221008301,1.3042411804199219
data_N_BaIoT.csv,ECOD,MinMaxScaler,3,30.2310780986631,83.98822895799535,8.61324628830157,-0.26838388541569447,0.0022991148407862975,0.11029411764705882,0.0011616650532429815,0.08597946166992188,1.2963473796844482
data_N_BaIoT.csv,VAE,MinMaxScaler,3,97.66968000470592,99.35369982599553,98.88385806044015,0.9333286077956847,0.9938543599257885,0.9920521625062695,0.9956631171345596,28.862837553024292,1.5551397800445557
data_N_BaIoT.csv,SO_GAAL,MinMaxScaler,3,5.570946463624617,77.20535763043193,8.465831315152153,-0.2942905927938048,0.0008428795831577334,0.03985507246376811,0.00042594385285575994,3.379936456680298,0.015717506408691406
data_N_BaIoT.csv,KNN,MinMaxScaler,5,74.94443020241994,96.29405871257569,62.686462391632446,0.300636490117615,0.7436027301449485,0.9858038112290575,0.5969409486931269,0.09073972702026367,23.682091236114502
data_N_BaIoT.csv,LUNAR,MinMaxScaler,5,72.65411633644133,96.30078716029809,75.44838720999614,0.3073794991703815,0.8484388880462809,0.9631542699724518,0.7581413359148113,1.7410595417022705,0.8488757610321045
data_N_BaIoT.csv,NeuTraLAD,MinMaxScaler,5,93.55643363890344,98.20442597049882,57.59362605735144,0.2821774999401627,0.6968282645789421,0.9898766664290297,0.5376573088092933,104.43002891540527,0.9842193126678467
data_N_BaIoT.csv,LOF,MinMaxScaler,5,38.081452357280995,87.01484337716727,11.5018777859675,-0.09892640132395746,0.06524801660858605,0.7658833768494343,0.034075508228460796,0.08222556114196777,0.5233285427093506
data_N_BaIoT.csv,AutoEncoder,MinMaxScaler,5,92.31376648615203,98.18742295704261,60.791127022568524,0.2883080913575038,0.7269705486985213,0.9855533465871438,0.5758760890609874,4.3557939529418945,1.3209083080291748
data_N_BaIoT.csv,CBLOF,MinMaxScaler,5,98.60672670587782,99.56800923202003,98.71187392509916,0.924589318711534,0.992889112786034,0.9936399596680369,0.9921393998063892,0.08755302429199219,0.053160905838012695
data_N_BaIoT.csv,HBOS,MinMaxScaler,5,86.74084106699472,97.6183476572128,45.50208837878628,0.195379780822763,0.5753124914526407,0.9796013412816692,0.4072410454985479,0.02933502197265625,0.10431671142578125
data_N_BaIoT.csv,DASVDD,MinMaxScaler,5,94.87858363429191,99.24446599175054,58.864202730686884,0.3044156813771105,0.7075118542550537,0.995085995085995,0.5488867376573088,22.033635139465332,21.436928510665894
data_N_BaIoT.csv,AE1SVM,MinMaxScaler,5,90.80637971690408,98.21955563084866,65.05563160296234,0.320656646942174,0.7635603685760426,0.9872873549100288,0.6224975798644724,48.64253830909729,1.8113980293273926
data_N_BaIoT.csv,DevNet,MinMaxScaler,5,9.84080918583954,79.89228820418784,8.40265346951669,-0.3055650893344383,0.0,0.0,0.0,2.6135759353637695,0.39456653594970703
data_N_BaIoT.csv,DeepSVDD,MinMaxScaler,5,90.4201907204778,98.41545566559557,61.53522164894177,0.2962916943118542,0.7333381998686036,0.9867077003666841,0.5835043562439497,7.642144680023193,0.02921891212463379
data_N_BaIoT.csv,IForest,MinMaxScaler,5,91.52969704187906,98.33772276746849,58.62202098908427,0.2799547589112108,0.7069963961724867,0.9870229007633587,0.5507454017424975,0.1296534538269043,0.1414628028869629
data_N_BaIoT.csv,OCSVM,MinMaxScaler,5,97.99853157868363,99.32215409603249,96.47257028535327,0.8204659950284451,0.9802782629172472,0.9937534813400175,0.967163601161665,2.472381114959717,10.84464430809021
data_N_BaIoT.csv,LODA,MinMaxScaler,5,92.70598966295302,98.97575745481862,88.39984556526622,0.5990810156932497,0.9320615865315436,0.9933835772500219,0.8778702807357212,0.05691361427307129,0.17520499229431152
data_N_BaIoT.csv,MO_GAAL,MinMaxScaler,5,2.9211308151335995,76.71929577802842,8.413183110455934,-0.30385916410756353,0.0,0.0,0.0,13.977468729019165,0.015332698822021484
data_N_BaIoT.csv,SUOD,MinMaxScaler,5,80.864798484229,95.96707418898454,30.202520094064795,0.11392314543080095,0.3817311279691581,0.9684492822211705,0.23771539206195547,0.2824587821960449,2.780261278152466
data_N_BaIoT.csv,DIF,MinMaxScaler,5,40.041997430625806,89.17833501509223,47.87827735074234,-0.07280378830702677,0.6293985525330671,0.8852228852228852,0.4882865440464666,0.4996497631072998,47.0498948097229
data_N_BaIoT.csv,ALAD,MinMaxScaler,5,34.94771781038193,85.43765975176575,10.73672387771577,-0.11859395118435989,0.04870202738086332,0.7161716171617162,0.025208131655372702,4.848731279373169,0.054219961166381836
data_N_BaIoT.csv,COPOD,MinMaxScaler,5,31.615899618660713,85.696232419191,8.708013056754766,-0.25336577408497074,0.004516227801592162,0.19471947194719472,0.0022846079380445306,0.08685111999511719,1.3171095848083496
data_N_BaIoT.csv,ECOD,MinMaxScaler,5,30.08641172877924,83.96128434332542,8.602716647362325,-0.2702820961623352,0.0022988505747126436,0.10909090909090909,0.0011616650532429815,0.08793354034423828,1.3060157299041748
data_N_BaIoT.csv,VAE,MinMaxScaler,5,96.17714084861971,98.96253792335752,81.8644484223088,0.4922276357205267,0.8896246769059877,0.9921383647798742,0.8063117134559535,29.766080141067505,1.533827543258667
data_N_BaIoT.csv,SO_GAAL,MinMaxScaler,5,4.759242085448759,80.66451291148226,8.532519041100699,-0.28351778792103294,0.0037464637969263706,0.14714714714714713,0.0018973862536302032,3.4079623222351074,0.015819787979125977
data_N_BaIoT.csv,KNN,Normalizer,0,54.6281386416304,90.52882019863422,8.472851075778316,-0.29401243996650944,0.0,0.0,0.0,0.10466694831848145,5.501523494720459
data_N_BaIoT.csv,LUNAR,Normalizer,0,57.13994883038283,94.25418731178297,51.96377803516901,0.24235158485731192,0.6427005012531328,0.9863771135507653,0.47663117134559535,1.686861276626587,0.8118278980255127
data_N_BaIoT.csv,NeuTraLAD,Normalizer,0,64.29047290864342,95.63998144457422,54.339967007125054,0.15191000090689585,0.6751080142853575,0.9507597073719752,0.5233688286544046,97.07323741912842,1.0175881385803223
data_N_BaIoT.csv,LOF,Normalizer,0,83.91217068545936,98.19163830257587,74.82011863395458,0.38521954578245315,0.8408959858061654,0.9840643654295355,0.7340948693126815,0.0854499340057373,0.4940640926361084
data_N_BaIoT.csv,AutoEncoder,Normalizer,0,59.48672792593115,94.62383422211909,51.602260362921626,0.21867551899217283,0.6410516725237537,0.9779984114376489,0.4767860600193611,4.0617640018463135,1.3191096782684326
data_N_BaIoT.csv,CBLOF,Normalizer,0,62.214900046405596,95.43638716077592,54.33645712681198,0.23620120880500656,0.6679767251939567,0.9796391945504903,0.50675701839303,0.08772873878479004,0.07030105590820312
data_N_BaIoT.csv,HBOS,Normalizer,0,31.31799382565874,89.84050110900425,8.371064546698957,-0.31062879319695397,0.0,0.0,0.0,0.030678510665893555,0.08444070816040039
data_N_BaIoT.csv,DASVDD,Normalizer,0,93.62982928694422,99.15005931581322,58.77996560317293,0.3015232637181906,0.7069129024207637,0.9942435942435942,0.5484220716360116,23.476146936416626,22.20865225791931
data_N_BaIoT.csv,AE1SVM,Normalizer,0,82.01461740071997,97.65930127740927,54.385595451195115,0.23967759870494842,0.6681815860695501,0.980811033655648,0.5066795740561472,49.642751693725586,1.8042724132537842
data_N_BaIoT.csv,DevNet,Normalizer,0,78.16703038295876,94.30258138123027,16.633322803692394,-0.009299951506659266,0.1645444952514949,0.8978886756238004,0.09057115198451113,2.5350046157836914,0.38959622383117676
data_N_BaIoT.csv,DeepSVDD,Normalizer,0,62.71271738554193,94.90577375574853,51.68649749043558,0.22480393924089537,0.6413776932496157,0.9801720019111323,0.47663117134559535,7.252652645111084,0.02870774269104004
data_N_BaIoT.csv,IForest,Normalizer,0,31.500114379998678,87.49623238977678,8.42722263170826,-0.30157015618992977,0.0,0.0,0.0,0.1403348445892334,0.10461211204528809
data_N_BaIoT.csv,OCSVM,Normalizer,0,80.35540225811535,97.46063225199589,54.31188796462041,0.23406671127834414,0.6679082582850728,0.9789111576428358,0.5068731848983543,2.2979111671447754,10.488028049468994
data_N_BaIoT.csv,LODA,Normalizer,0,79.02690072324472,97.32098651975029,51.7180864132533,0.22559461152405313,0.6416401813161048,0.9804155720085981,0.476863504356244,0.037863969802856445,0.14863252639770508
data_N_BaIoT.csv,MO_GAAL,Normalizer,0,80.44283505532724,95.31212331727158,9.350321154048647,-0.02607753204661502,0.0,0.0,0.0,12.320010900497437,0.015198230743408203
data_N_BaIoT.csv,SUOD,Normalizer,0,27.645641323205915,82.03284785553629,6.135270787266154,-0.5678539396142525,7.478033277248083e-05,0.0010869565217391304,3.872216844143272e-05,0.2804443836212158,2.710510492324829
data_N_BaIoT.csv,DIF,Normalizer,0,4.040178970202376,76.63513929338053,40.74620055456109,-0.3176951500955785,0.5786872972298478,0.8138996138996138,0.44894482090997095,0.5060455799102783,53.06173133850098
data_N_BaIoT.csv,ALAD,Normalizer,0,33.43499040297345,84.37184692259162,9.445087922501843,-0.1707710988368845,0.01916058394160584,0.5260960334029228,0.009757986447241046,5.887577056884766,0.053844451904296875
data_N_BaIoT.csv,COPOD,Normalizer,0,1.5583711997699319,76.30500822595731,4.1872872135060195,-0.7261959897591197,0.0020472325802442055,0.01831262262916939,0.001084220716360116,0.0760049819946289,1.245615005493164
data_N_BaIoT.csv,ECOD,Normalizer,0,6.638050122404753,78.04998591461212,8.188550770418729,-0.4814555958120116,0.06765041345879669,0.42536978933213804,0.03674733785091965,0.07720375061035156,1.237318992614746
data_N_BaIoT.csv,VAE,Normalizer,0,76.97976599667827,96.9803828669035,51.7180864132533,0.2229811547223728,0.6418827449755284,0.9794232144275841,0.4773668925459826,19.523149490356445,1.5638833045959473
data_N_BaIoT.csv,SO_GAAL,Normalizer,0,41.62419307634266,88.74608109440601,8.409673230142852,-0.30442882767917123,0.0,0.0,0.0,3.2768425941467285,0.01444244384765625
data_N_BaIoT.csv,KNN,Normalizer,1,14.846472992885202,78.74540679200034,8.451791793899828,-0.2975236076563507,0.0,0.0,0.0,0.1140599250793457,6.016003370285034
data_N_BaIoT.csv,LUNAR,Normalizer,1,13.415582114308828,78.31713510454517,8.823839107086448,-0.22793951818065772,0.0,0.0,0.0,1.975376844406128,0.8167486190795898
data_N_BaIoT.csv,NeuTraLAD,Normalizer,1,61.078940354643365,95.06680916996376,51.1354462812818,0.03903636117120946,0.6525580234589469,0.9177957177957178,0.5062536302032914,93.25406050682068,0.9818732738494873
data_N_BaIoT.csv,LOF,Normalizer,1,51.283648598500065,92.48704773017018,37.47148222245622,0.1353764983386141,0.4822876405800471,0.9664570230607966,0.32131655372700874,0.0912783145904541,0.4882516860961914
data_N_BaIoT.csv,AutoEncoder,Normalizer,1,57.818794485649484,92.64954692562154,51.64788880699168,0.22155905239328108,0.6412686839227124,0.9790093026953963,0.4767860600193611,4.369145154953003,1.3330004215240479
data_N_BaIoT.csv,CBLOF,Normalizer,1,60.51379350161839,95.25648929290132,54.357516408690465,0.23851305571551049,0.6679942810457516,0.9804391815933449,0.5065634075508229,0.09168076515197754,0.07049417495727539
data_N_BaIoT.csv,HBOS,Normalizer,1,30.653246322229155,89.70626780700577,8.357025025446632,-0.3128540430400434,0.0,0.0,0.0,0.0313265323638916,0.08538985252380371
data_N_BaIoT.csv,DASVDD,Normalizer,1,93.37230217525341,99.11011718868347,58.71678775753747,0.29935395047400065,0.7064636885450462,0.9936117936117936,0.5480735721200387,22.877259492874146,21.80861520767212
data_N_BaIoT.csv,AE1SVM,Normalizer,1,68.53028891298332,91.78062209224368,8.585167245796917,-0.27354999124610285,0.0026040669398383945,0.11805555555555555,0.0013165537270087124,45.16745400428772,1.8334863185882568
data_N_BaIoT.csv,DevNet,Normalizer,1,78.31936493319844,94.23162647179487,16.59120423993542,-0.009114927729302539,0.1636517209826142,0.8980301274623407,0.09002904162633107,2.5424020290374756,0.4084129333496094
data_N_BaIoT.csv,DeepSVDD,Normalizer,1,57.91214744634851,93.07146891315834,8.45881155452599,-0.29635767513740463,0.0,0.0,0.0,7.423553228378296,0.029125690460205078
data_N_BaIoT.csv,IForest,Normalizer,1,30.534032588495624,84.83954785615352,8.45881155452599,-0.29635767513740463,0.0,0.0,0.0,0.13933539390563965,0.10611128807067871
data_N_BaIoT.csv,OCSVM,Normalizer,1,79.9977835698034,97.41588507465028,54.3329472464989,0.23637803205522698,0.667925780352722,0.9797094938604373,0.5066795740561472,2.292396306991577,10.516860246658325
data_N_BaIoT.csv,LODA,Normalizer,1,85.70600854473057,98.04166668981173,51.746165455757954,0.22656556283112425,0.6418485906320013,0.9807340179921981,0.4770183930300097,0.04369974136352539,0.14822626113891602
data_N_BaIoT.csv,MO_GAAL,Normalizer,1,80.62346685412884,95.34044800140005,9.350321154048647,-0.02607753204661502,0.0,0.0,0.0,12.520513772964478,0.015339374542236328
data_N_BaIoT.csv,SUOD,Normalizer,1,21.029956666320498,80.21504952237996,6.04401389912604,-0.5761127661297644,7.47077060998842e-05,0.0010570824524312897,3.872216844143272e-05,0.2760446071624756,2.699652910232544
data_N_BaIoT.csv,DIF,Normalizer,1,2.711269298447554,76.48828905345566,40.75322031518725,-0.3174541152906685,0.5787372098827053,0.8139698139698139,0.4489835430784124,0.5007462501525879,52.726595401763916
data_N_BaIoT.csv,ALAD,Normalizer,1,33.34886190085759,84.32436135980399,9.476676845319574,-0.17894655959470232,0.02177128769201593,0.5314814814814814,0.01111326234269119,5.796278953552246,0.05405306816101074
data_N_BaIoT.csv,COPOD,Normalizer,1,1.5571235500065714,76.27266554025205,4.183777333192938,-0.7264566871730058,0.0020471577408152073,0.018300653594771243,0.001084220716360116,0.07786798477172852,1.2730247974395752
data_N_BaIoT.csv,ECOD,Normalizer,1,6.622806718136455,78.0103318400191,8.230669334175705,-0.48178906224809315,0.06927239071621814,0.42920158800176444,0.037676669893514037,0.0805351734161377,1.2710494995117188
data_N_BaIoT.csv,VAE,Normalizer,1,76.5251734037091,96.86743323679627,51.76020497701028,0.22584444454109145,0.6420646908693161,0.9804342638988308,0.47732817037754116,23.101974725723267,1.5054848194122314
data_N_BaIoT.csv,SO_GAAL,Normalizer,1,43.53128964719398,88.94679277153182,8.420202871082095,-0.30271674261109915,0.0,0.0,0.0,3.2770988941192627,0.014456510543823242
data_N_BaIoT.csv,KNN,Normalizer,3,13.045190629700018,78.21402139824721,8.434242392334422,-0.30041935712151824,0.0,0.0,0.0,0.09615159034729004,6.110583543777466
data_N_BaIoT.csv,LUNAR,Normalizer,3,12.395908754536167,78.02276464152354,8.820329226773367,-0.22869212501394875,0.0,0.0,0.0,1.7779781818389893,0.8295457363128662
data_N_BaIoT.csv,NeuTraLAD,Normalizer,3,93.97925110512865,98.4447228204967,58.47811589624794,0.2915506332899595,0.7047371836469825,0.9913629660838424,0.5466795740561472,70.70387768745422,1.0102670192718506
data_N_BaIoT.csv,LOF,Normalizer,3,46.801560506293086,91.55332616991015,26.071390965568074,0.0640213363533062,0.3243191223173901,0.9452131637995512,0.1957405614714424,0.06602311134338379,0.4961557388305664
data_N_BaIoT.csv,AutoEncoder,Normalizer,3,21.8447925146824,81.07027638695935,8.43073251202134,-0.3006075954786058,0.000306548645438173,0.014705882352941176,0.00015488867376573087,3.659449338912964,1.2914762496948242
data_N_BaIoT.csv,CBLOF,Normalizer,3,63.20885061536438,95.64034395096374,57.44972096451511,0.26300196434040296,0.6969022676700752,0.9834180073384138,0.5396708615682478,0.09003949165344238,0.07412028312683105
data_N_BaIoT.csv,HBOS,Normalizer,3,29.475745993613607,89.4742932389513,8.332455863255063,-0.3167121062611694,0.0,0.0,0.0,0.03134799003601074,0.08397793769836426
data_N_BaIoT.csv,DASVDD,Normalizer,3,92.31833224521039,98.95531167635153,58.28858235934155,0.28465082737449116,0.7034190167207387,0.9893295893295894,0.5457115198451113,25.056950092315674,21.58446455001831
data_N_BaIoT.csv,AE1SVM,Normalizer,3,61.413524000554844,89.13631494660635,8.560598083605349,-0.2778726578777356,0.0026033690658499235,0.1152542372881356,0.0013165537270087124,50.65442943572998,1.8109304904937744
data_N_BaIoT.csv,DevNet,Normalizer,3,78.2850371353729,94.1738259835093,16.801797058720297,-0.007695756727910121,0.16769662921348313,0.8994350282485876,0.09246853823814133,2.5816428661346436,0.4220738410949707
data_N_BaIoT.csv,DeepSVDD,Normalizer,3,48.000191722664454,89.7634947328486,8.455301674212908,-0.29694119300054206,0.0,0.0,0.0,7.490827322006226,0.02805781364440918
data_N_BaIoT.csv,IForest,Normalizer,3,33.68667142584291,84.28577654386001,8.465831315152153,-0.29518730358965495,0.0,0.0,0.0,0.14049649238586426,0.11051273345947266
data_N_BaIoT.csv,OCSVM,Normalizer,3,79.53015601431821,97.35651072907142,51.81285318170651,0.22434825354428134,0.6427623533085269,0.9797715373631604,0.47825750242013554,2.3909482955932617,10.694042444229126
data_N_BaIoT.csv,LODA,Normalizer,3,90.907951334397,98.72238332204786,58.379839247481655,0.2719317567753204,0.7052594949294094,0.984729645311307,0.549351403678606,0.03810572624206543,0.15507936477661133
data_N_BaIoT.csv,MO_GAAL,Normalizer,3,67.22572584094718,93.38113275290634,9.030922045558247,-0.17810974809306257,0.0,0.0,0.0,12.450286149978638,0.015296459197998047
data_N_BaIoT.csv,SUOD,Normalizer,3,13.180448064581487,78.32353833243914,6.054543540065284,-0.5751650856318281,7.471607890017931e-05,0.0010604453870625664,3.872216844143272e-05,0.2740459442138672,2.68636417388916
data_N_BaIoT.csv,DIF,Normalizer,3,4.1360896855385185,76.7562979142018,40.73918079393493,-0.3179361849004885,0.5786373845769903,0.8138294138294139,0.44890609874152954,0.5046429634094238,53.22865343093872
data_N_BaIoT.csv,ALAD,Normalizer,3,34.18290196944203,84.66358275947906,9.718858586922185,-0.16416106384780418,0.02708223012330736,0.5840130505709625,0.013862536302032914,3.8492627143859863,0.054006099700927734
data_N_BaIoT.csv,COPOD,Normalizer,3,1.5531845207187558,76.2284723814961,4.194306974132182,-0.7256743724248811,0.0020473822755191578,0.0183366077275704,0.001084220716360116,0.0800771713256836,1.244459629058838
data_N_BaIoT.csv,ECOD,Normalizer,3,6.601163843719885,77.86983535942922,8.30086694043733,-0.4824126110116595,0.0719664677465189,0.4353244520842286,0.039225556631171346,0.08045077323913574,1.2511043548583984
data_N_BaIoT.csv,VAE,Normalizer,3,74.70067807368103,96.23570408494264,51.830402583271905,0.23108817480042929,0.6423247328642169,0.9823037066560383,0.47717328170377543,28.95083785057068,1.5447430610656738
data_N_BaIoT.csv,SO_GAAL,Normalizer,3,42.80447991959267,89.09725680053025,15.640026675090379,-0.024597429701202912,0.14663589561512516,0.8824786324786325,0.07996127783155857,3.591503620147705,0.015915870666503906
data_N_BaIoT.csv,KNN,Normalizer,5,11.85261029681428,77.8958859247399,8.420202871082095,-0.30271674261109915,0.0,0.0,0.0,0.08965134620666504,6.484323024749756
data_N_BaIoT.csv,LUNAR,Normalizer,5,11.456055930730018,77.78861849792978,8.813309466147205,-0.23019011491026944,0.0,0.0,0.0,1.767221450805664,0.8490307331085205
data_N_BaIoT.csv,NeuTraLAD,Normalizer,5,44.76962415821768,86.20747496767807,51.55312203853849,0.05367182251233675,0.6555020340928944,0.9220615082151383,0.5084995159728944,105.42325282096863,1.0290884971618652
data_N_BaIoT.csv,LOF,Normalizer,5,44.39203435902538,90.24619076037055,19.99227826331122,0.01433914300503454,0.22610762179595995,0.9173553719008265,0.12894482090997095,0.08491992950439453,0.5065522193908691
data_N_BaIoT.csv,AutoEncoder,Normalizer,5,26.86458207000928,82.19055242304513,8.40265346951669,-0.3051832325615692,0.00030645470216433634,0.014285714285714285,0.00015488867376573087,4.507927656173706,1.3347885608673096
data_N_BaIoT.csv,CBLOF,Normalizer,5,59.8352042027932,95.13605111785601,51.78477413920185,0.2284035248802681,0.6420885333889164,0.981363491557821,0.47713455953533396,0.0947885513305664,0.06597709655761719
data_N_BaIoT.csv,HBOS,Normalizer,5,28.81942629897552,89.37615368873179,8.307886701063493,-0.3205256158878906,0.0,0.0,0.0,0.031970977783203125,0.08504509925842285
data_N_BaIoT.csv,DASVDD,Normalizer,5,93.3070903253403,99.11095910964556,58.674669193780495,0.2979077416445407,0.7061642126279012,0.9931905931905932,0.5478412391093901,24.804784297943115,21.94153618812561
data_N_BaIoT.csv,AE1SVM,Normalizer,5,55.97272817720405,88.12456401683274,8.567617844231512,-0.27708977352347086,0.003290480563207836,0.1382636655948553,0.001665053242981607,51.68492078781128,1.8460040092468262
data_N_BaIoT.csv,DevNet,Normalizer,5,78.26766662624031,94.23127488780307,16.88954406654733,-0.0070309350347801764,0.16936191110955204,0.9000745712155108,0.09347531461761859,2.4344143867492676,0.39104795455932617
data_N_BaIoT.csv,DeepSVDD,Normalizer,5,44.15482549243313,88.63051853279377,8.434242392334422,-0.30041935712151824,0.0,0.0,0.0,7.658285617828369,0.02817535400390625
data_N_BaIoT.csv,IForest,Normalizer,5,30.269875067992558,83.55987294561159,8.413183110455934,-0.30385916410756353,0.0,0.0,0.0,0.13884949684143066,0.11128950119018555
data_N_BaIoT.csv,OCSVM,Normalizer,5,79.17542333308398,97.30947245686765,51.833912463584994,0.22849349042631265,0.6426022866369768,0.9813076678332803,0.47771539206195546,2.5214598178863525,10.960017681121826
data_N_BaIoT.csv,LODA,Normalizer,5,80.91264272989834,97.43110337593318,54.603208030606154,0.2503424247064143,0.6694945571625697,0.9842963408220001,0.5072604065827686,0.0443727970123291,0.15066814422607422
data_N_BaIoT.csv,MO_GAAL,Normalizer,5,67.96546885995458,94.43625164834181,23.035344494752728,0.10212778234905871,0.26637671462027435,0.9793357933579335,0.15415295256534367,13.081681728363037,0.015205144882202148
data_N_BaIoT.csv,SUOD,Normalizer,5,8.239517527010019,77.23428629302961,6.065073181004528,-0.5742160479962688,7.472445357743322e-05,0.0010638297872340426,3.872216844143272e-05,0.28020596504211426,2.686643123626709
data_N_BaIoT.csv,DIF,Normalizer,5,5.6316397589232725,77.24030877687899,40.73918079393493,-0.31774026368960534,0.5786163522012578,0.8138734817103138,0.4488673765730881,0.50581955909729,53.08840465545654
data_N_BaIoT.csv,ALAD,Normalizer,5,34.184286148981585,84.63921457206524,9.722368467235269,-0.1660093450454943,0.027524670119853302,0.5833333333333334,0.01409486931268151,4.763306140899658,0.05386662483215332
data_N_BaIoT.csv,COPOD,Normalizer,5,1.5472265936764917,76.20188544338056,4.194306974132182,-0.7256743724248811,0.0020473822755191578,0.0183366077275704,0.001084220716360116,0.08124303817749023,1.2721836566925049
data_N_BaIoT.csv,ECOD,Normalizer,5,6.572733696492855,77.77391624739427,8.335965743568144,-0.48478389908112407,0.0740977097071545,0.4388912221755565,0.04046466602129719,0.08455371856689453,1.254791259765625
data_N_BaIoT.csv,VAE,Normalizer,5,74.32962645307987,96.11242903352932,51.9076199501597,0.23617522407067548,0.6426745944818234,0.9841067007427522,0.47713455953533396,29.536911010742188,1.5447947978973389
data_N_BaIoT.csv,SO_GAAL,Normalizer,5,64.33553935434489,93.36017997309386,24.97279842757362,0.09491442303508717,0.3008895866038723,0.9682172174279099,0.1781219748305905,3.2725300788879395,0.015332460403442383
data_N_BaIoT.csv,KNN,RobustScaler,0,43.75214035841971,88.8587783336336,16.587694359622336,-0.008479879205544437,0.16346932310183393,0.8986068111455109,0.08991287512100678,0.10069417953491211,24.100959062576294
data_N_BaIoT.csv,LUNAR,RobustScaler,0,99.54065137775247,99.95003969347268,96.77091011196518,0.7952266229317119,0.982499524443599,0.9656010469246589,1.0,1.663670539855957,0.8043816089630127
data_N_BaIoT.csv,NeuTraLAD,RobustScaler,0,88.5465708150174,98.6179457979982,56.414306272156125,0.3009253603037841,0.6836339549577092,0.9992552319952335,0.5195353339787028,101.27534794807434,1.0138161182403564
data_N_BaIoT.csv,LOF,RobustScaler,0,91.22047162323011,98.67540393884232,86.80986978344039,0.5504433424906645,0.9223874432052871,0.9883159991148485,0.8647047434656341,0.06352972984313965,0.48305273056030273
data_N_BaIoT.csv,AutoEncoder,RobustScaler,0,99.97987057267706,99.99597791360728,98.98915446983257,0.9392206516935181,0.99445492702838,0.9889710106077433,1.0,3.5638587474823,1.3268489837646484
data_N_BaIoT.csv,CBLOF,RobustScaler,0,58.749092403788275,92.81163105440622,11.217577480607911,-0.09613826810319201,0.05759845013226035,0.7608267716535433,0.029932236205227492,0.06232452392578125,0.08309817314147949
data_N_BaIoT.csv,HBOS,RobustScaler,0,94.70813056603939,99.36726987248744,81.00452774560387,0.4690302709566341,0.8841113490364025,0.988934131736527,0.7993804453049371,0.029007673263549805,0.10945677757263184
data_N_BaIoT.csv,AE1SVM,RobustScaler,0,99.9450700041903,99.98960665205983,98.98915446983257,0.9392206516935181,0.99445492702838,0.9889710106077433,1.0,46.868321657180786,1.7360191345214844
data_N_BaIoT.csv,DevNet,RobustScaler,0,61.80016034986481,93.01430446089972,59.05724614790636,0.2673860699551583,0.7120961571685959,0.9818949087939014,0.5586060019361084,2.6460976600646973,0.3866300582885742
data_N_BaIoT.csv,DeepSVDD,RobustScaler,0,99.836653742332,99.9819258983907,99.05584219578112,0.9433085711035336,0.9948188524432289,0.9896911167318158,1.0,7.218657732009888,0.02778768539428711
data_N_BaIoT.csv,IForest,RobustScaler,0,93.28161953363461,98.83221683706122,74.98157312835633,0.39301530814264846,0.8418460173064123,0.9857625357235645,0.7345982575024201,0.13212037086486816,0.12890124320983887
data_N_BaIoT.csv,OCSVM,RobustScaler,0,43.9442406584221,88.15966115946745,72.16313923695202,0.03652835595655781,0.8331053639443614,0.9123801622418879,0.7665053242981607,4.995493650436401,18.31808567047119
data_N_BaIoT.csv,LODA,RobustScaler,0,44.04420151504478,89.2244943773766,14.02548173107297,-0.04847038191916494,0.11592738297181218,0.8533475026567482,0.06218780251694095,0.03544735908508301,0.1370999813079834
data_N_BaIoT.csv,MO_GAAL,RobustScaler,0,27.144886415214653,86.06925891861331,9.35734091467481,0.0,0.0,0.0,0.0,12.197158336639404,0.015082597732543945
data_N_BaIoT.csv,SUOD,RobustScaler,0,98.42328733199757,99.81802284748895,99.16113860517356,0.9497393827864129,0.99539401414558,0.9908302639656231,1.0,0.27662038803100586,2.798663854598999
data_N_BaIoT.csv,DIF,RobustScaler,0,60.05182103851229,94.34578678294491,55.83166614018462,0.20028864565599402,0.6859495882206139,0.9647595647595648,0.5321587608906099,0.5033049583435059,50.85462951660156
data_N_BaIoT.csv,ALAD,RobustScaler,0,27.7979279427795,84.857519642655,12.765434698676776,-0.06159519890042673,0.08953036852516667,0.8295994568906992,0.047318489835430785,5.8124449253082275,0.053829193115234375
data_N_BaIoT.csv,COPOD,RobustScaler,0,29.22397637163405,85.11787751005767,8.788740303955635,-0.2363313945000059,0.0036041562823511367,0.18359375,0.0018199419167473378,0.0776526927947998,1.2764320373535156
data_N_BaIoT.csv,ECOD,RobustScaler,0,24.24633167004239,82.61048021420005,8.560598083605349,-0.2778726578777356,0.0026033690658499235,0.1152542372881356,0.0013165537270087124,0.0788266658782959,1.2781836986541748
data_N_BaIoT.csv,VAE,RobustScaler,0,99.9600614093504,99.99353056597775,98.99968411077182,0.9398668985994375,0.9945123712332724,0.9890846418996553,1.0,28.04736065864563,1.5474457740783691
data_N_BaIoT.csv,SO_GAAL,RobustScaler,0,24.947529718828548,85.61096358799671,9.35734091467481,0.0,0.0,0.0,0.0,3.1372671127319336,0.013021469116210938
data_N_BaIoT.csv,KNN,RobustScaler,1,37.4823517108706,88.22525322601007,16.570144958056932,-0.009022069256500577,0.1632049566992889,0.8981015110422317,0.08975798644724105,0.11583852767944336,23.72505760192871
data_N_BaIoT.csv,LUNAR,RobustScaler,1,77.54744809145173,97.34154666785928,80.75883612368818,0.45308301806363815,0.882788112037631,0.9856290284077346,0.7993804453049371,1.7018647193908691,0.8185362815856934
data_N_BaIoT.csv,NeuTraLAD,RobustScaler,1,82.25245590197163,97.24530160932046,57.76561019269243,0.2667916986774039,0.699693029524071,0.9841336703173266,0.5428073572120039,92.6235888004303,1.084470510482788
data_N_BaIoT.csv,LOF,RobustScaler,1,72.30480272536673,95.9817032619697,40.04071461163174,0.15674702976395397,0.5130412473988769,0.9722342264477096,0.34846079380445305,0.08453488349914551,0.5058135986328125
data_N_BaIoT.csv,AutoEncoder,RobustScaler,1,98.30038293697334,99.73269828154513,99.12603980204275,0.9475911175324655,0.9952018498891994,0.9905255082470272,0.9999225556631172,4.407154560089111,1.3211708068847656
data_N_BaIoT.csv,CBLOF,RobustScaler,1,58.30055505163803,92.71507197791387,11.217577480607911,-0.09613826810319201,0.05759845013226035,0.7608267716535433,0.029932236205227492,0.06322979927062988,0.09920167922973633
data_N_BaIoT.csv,HBOS,RobustScaler,1,94.67126462157648,99.39946059238277,79.29872591344636,0.4509234057745371,0.8722879043783293,0.9894385223755956,0.7799419167473378,0.0302581787109375,0.10437893867492676
data_N_BaIoT.csv,AE1SVM,RobustScaler,1,98.4587436791434,99.63708985309592,99.03127303358956,0.9417503265098648,0.9946802359199722,0.9902521395402387,0.9991481122942885,50.187719106674194,1.8310377597808838
data_N_BaIoT.csv,DevNet,RobustScaler,1,61.8075634591126,93.01618518431911,59.07830542978485,0.27044788586060065,0.7120736917491912,0.9828879192800655,0.5582575024201355,2.375739097595215,0.3963937759399414
data_N_BaIoT.csv,DeepSVDD,RobustScaler,1,97.02718177124147,99.5563519585157,98.95756554701485,0.9372904125899452,0.9942709438475338,0.9906211562115621,0.9979477250726041,7.395813465118408,0.027996540069580078
data_N_BaIoT.csv,IForest,RobustScaler,1,92.39318396878986,98.6045055021163,63.21294443859464,0.2995594290415703,0.7484338621798718,0.9844045965399671,0.6037173281703775,0.13129138946533203,0.1257190704345703
data_N_BaIoT.csv,OCSVM,RobustScaler,1,34.358831479409055,86.93394886226132,47.07100487873363,-0.1299403980620596,0.6264552885806292,0.8693709178411826,0.48964181994191674,5.065672874450684,18.35450768470764
data_N_BaIoT.csv,LODA,RobustScaler,1,51.4377652980525,91.00813261340306,15.90677757888456,-0.007917701377659259,0.14933428013491923,0.8987179487179487,0.08143272023233301,0.034116506576538086,0.13790583610534668
data_N_BaIoT.csv,MO_GAAL,RobustScaler,1,50.40863144150026,89.73850246524343,9.35734091467481,0.0,0.0,0.0,0.0,12.779011964797974,0.015161514282226562
data_N_BaIoT.csv,SUOD,RobustScaler,1,90.80055541474913,98.28830182074614,61.09648660980661,0.29329003128944175,0.7294737869764717,0.9865980062058494,0.5786640851887705,0.2763955593109131,2.881113290786743
data_N_BaIoT.csv,DIF,RobustScaler,1,65.57547010179456,94.99126883555269,56.17563441086659,0.21209935109658362,0.6883953082106314,0.9681993681993682,0.5340561471442401,0.5068559646606445,50.544254541397095
data_N_BaIoT.csv,ALAD,RobustScaler,1,27.839255796524153,84.82366275097068,12.572391281457302,-0.06352706360389715,0.08533764183160136,0.8252840909090909,0.04499515972894482,4.890630722045898,0.05423235893249512
data_N_BaIoT.csv,COPOD,RobustScaler,1,29.089297735857006,85.09758043495707,8.788740303955635,-0.23620942439636403,0.003527742628168258,0.18110236220472442,0.0017812197483059052,0.08212161064147949,1.3481428623199463
data_N_BaIoT.csv,ECOD,RobustScaler,1,24.205961703397776,82.59582002375198,8.560598083605349,-0.2778726578777356,0.0026033690658499235,0.1152542372881356,0.0013165537270087124,0.08305120468139648,1.3048877716064453
data_N_BaIoT.csv,VAE,RobustScaler,1,99.14800408717862,99.79893994465672,99.01372363202415,0.9406747806765712,0.9945829236789853,0.9903255528255528,0.9988770571151985,28.435232162475586,1.5494394302368164
data_N_BaIoT.csv,SO_GAAL,RobustScaler,1,50.0,90.64265908532519,9.35734091467481,0.0,0.0,0.0,0.0,3.282926559448242,0.014474153518676758
data_N_BaIoT.csv,KNN,RobustScaler,3,35.79280589750535,87.95532168802119,16.535046154926118,-0.009769921002520662,0.1626170857102613,0.897396035755927,0.08940948693126816,0.09402966499328613,24.34001922607422
data_N_BaIoT.csv,LUNAR,RobustScaler,3,75.3769921183103,96.90751719562107,78.2562914604612,0.31049574330434027,0.868847253096221,0.9584306398879029,0.7945788964181995,1.7888097763061523,0.823671817779541
data_N_BaIoT.csv,NeuTraLAD,RobustScaler,3,88.00757231902361,98.2565478040342,57.85335720051946,0.2763713453245071,0.6998150092495375,0.9873033787119984,0.5419941916747338,97.98099112510681,1.0216431617736816
data_N_BaIoT.csv,LOF,RobustScaler,3,62.25143628598341,94.63948887125026,40.17409006352884,0.15880175003736943,0.5144842908821603,0.9729584141348847,0.3496999031945789,0.0870199203491211,0.4977686405181885
data_N_BaIoT.csv,AutoEncoder,RobustScaler,3,93.20963203046648,98.76083697667015,67.42129093397915,0.33514059298847226,0.783232134516581,0.9867019711679906,0.6493320425943853,4.279560089111328,1.320760726928711
data_N_BaIoT.csv,CBLOF,RobustScaler,3,62.14135261792215,93.35152195607573,13.65694429819943,-0.04204943832041484,0.10662405578152237,0.8579777907656342,0.05684414327202323,0.06383323669433594,0.08063316345214844
data_N_BaIoT.csv,HBOS,RobustScaler,3,94.41673535518437,99.36624073520676,79.01793548839984,0.44779862469757614,0.8703253796095445,0.9894451294697904,0.7768054211035818,0.031676530838012695,0.1065678596496582
data_N_BaIoT.csv,AE1SVM,RobustScaler,3,92.67011138070094,98.46780696712143,65.90151275841494,0.32204011313816766,0.7708780453291196,0.9859435328185329,0.632836398838335,51.32209610939026,1.790233850479126
data_N_BaIoT.csv,DevNet,RobustScaler,3,61.78099244075298,93.0102218316636,59.17658207855112,0.27694228547896055,0.7125379995551272,0.984900245968844,0.5581800580832527,2.5977389812469482,0.3927295207977295
data_N_BaIoT.csv,DeepSVDD,RobustScaler,3,93.49779845735878,98.96554809434298,65.80323610964867,0.32377793079155015,0.7699246699884289,0.9866844207723036,0.6312487899322362,7.551421403884888,0.02838587760925293
data_N_BaIoT.csv,IForest,RobustScaler,3,93.1010066166106,98.64801765195523,64.32908637815451,0.3143460992735882,0.757509961585264,0.9868208379957727,0.614675701839303,0.13188481330871582,0.13689637184143066
data_N_BaIoT.csv,OCSVM,RobustScaler,3,31.277039976354203,86.50217978376259,43.146958688708715,-0.15557923806877674,0.5873541549905742,0.8584406880631469,0.4463891577928364,5.3238606452941895,19.379924297332764
data_N_BaIoT.csv,LODA,RobustScaler,3,54.812655003053756,90.96656243351705,16.345512618019725,-0.014388288828264187,0.15953170181253967,0.8930122384524279,0.08758954501452082,0.03813767433166504,0.16150283813476562
data_N_BaIoT.csv,MO_GAAL,RobustScaler,3,50.0,90.64265908532519,9.35734091467481,0.0,0.0,0.0,0.0,11.117608070373535,0.015189409255981445
data_N_BaIoT.csv,SUOD,RobustScaler,3,86.2167860454949,97.44557522209185,55.47014846793724,0.25824480666550803,0.6776267310379875,0.9855136733185513,0.5163213939980639,0.27857017517089844,2.809674024581909
data_N_BaIoT.csv,DIF,RobustScaler,3,61.0851597216826,94.58883111999809,55.83868590081078,0.20052968046090403,0.6859995008734714,0.9648297648297648,0.5321974830590513,0.5035254955291748,51.29393815994263
data_N_BaIoT.csv,ALAD,RobustScaler,3,32.93748969672234,86.0864703704168,13.04973500403636,-0.06155570256528235,0.09610683402050571,0.8324905183312263,0.05099709583736689,5.717142820358276,0.05383944511413574
data_N_BaIoT.csv,COPOD,RobustScaler,3,28.87772959696846,85.06110983670044,8.795760064581797,-0.23572754247631997,0.004062703614273121,0.19924812030075187,0.002052274927395934,0.0809938907623291,1.3046579360961914
data_N_BaIoT.csv,ECOD,RobustScaler,3,24.13229081713797,82.57420548359957,8.61675616861465,-0.2676721922248971,0.0020697585281717135,0.1018867924528302,0.0010454985479186835,0.08510875701904297,1.31449294090271
data_N_BaIoT.csv,VAE,RobustScaler,3,97.77396478838975,99.38803187317725,98.86630865887473,0.9322695949296764,0.9937578510000966,0.9919367283950618,0.9955856727976766,27.549046993255615,1.5688581466674805
data_N_BaIoT.csv,SO_GAAL,RobustScaler,3,50.0,90.64265908532519,9.35734091467481,0.0,0.0,0.0,0.0,3.4804623126983643,0.015313148498535156
data_N_BaIoT.csv,KNN,RobustScaler,5,35.320947371402376,87.84629198324505,16.531536274613035,-0.009810983457659241,0.16255238229390429,0.8973561430793157,0.08937076476282672,0.10103487968444824,25.023497104644775
data_N_BaIoT.csv,LUNAR,RobustScaler,5,72.58629807500277,96.28800275423518,76.68035519988769,0.23697233644254184,0.8596594989649783,0.9457173397778501,0.7879574056147144,1.7354109287261963,0.8439242839813232
data_N_BaIoT.csv,NeuTraLAD,RobustScaler,5,74.66164362968767,96.46686490339096,58.657119792215084,0.2974031190518168,0.7060320946367517,0.9930497051390059,0.5477250726040658,85.44518494606018,1.0194334983825684
data_N_BaIoT.csv,LOF,RobustScaler,5,55.67518985264225,93.50201585913881,31.609982099610402,0.11125545712802337,0.40330730362884704,0.9641288433382138,0.25498547918683445,0.06645774841308594,0.5140359401702881
data_N_BaIoT.csv,AutoEncoder,RobustScaler,5,92.31375196170777,98.18123744309301,60.791127022568524,0.2883080913575038,0.7269705486985213,0.9855533465871438,0.5758760890609874,4.130920171737671,1.3112006187438965
data_N_BaIoT.csv,CBLOF,RobustScaler,5,61.912858417895855,93.3114245285282,13.649924537573268,-0.042167448143490854,0.10648652574998184,0.8578115857226448,0.056766698935140365,0.04555988311767578,0.10733604431152344
data_N_BaIoT.csv,HBOS,RobustScaler,5,93.93474602919851,99.31289012273464,77.96146151416237,0.44381374524601125,0.8626370020345212,0.9914512722518355,0.7634462729912875,0.030143022537231445,0.10332059860229492
data_N_BaIoT.csv,AE1SVM,RobustScaler,5,91.56925363964417,98.43060638661211,68.40054754132883,0.3477151005419223,0.7908662222118981,0.9883302368787737,0.6591674733785092,49.8621871471405,1.7888572216033936
data_N_BaIoT.csv,DevNet,RobustScaler,5,61.777370770572595,93.00987756919476,59.26081920606507,0.28256509502241783,0.7129325056265922,0.9866511500547646,0.5581026137463698,2.6199848651885986,0.38968753814697266
data_N_BaIoT.csv,DeepSVDD,RobustScaler,5,90.4201907204778,98.41545566559557,61.53522164894177,0.2962916943118542,0.7333381998686036,0.9867077003666841,0.5835043562439497,7.59414267539978,0.02856159210205078
data_N_BaIoT.csv,IForest,RobustScaler,5,91.45005079924387,98.31414879014501,58.82910392755607,0.2816920986643728,0.7088607594936709,0.9872105081230557,0.5529525653436592,0.13222026824951172,0.14322710037231445
data_N_BaIoT.csv,OCSVM,RobustScaler,5,30.82344739137349,86.4072119079432,41.58155206907445,-0.1660360941019119,0.5711193568336426,0.8535777555264576,0.4291190706679574,5.452757835388184,18.91238570213318
data_N_BaIoT.csv,LODA,RobustScaler,5,47.70444861941527,90.00061772255721,12.361798462672423,-0.07499255538934667,0.08225824236409747,0.8096960926193922,0.043330106485963214,0.03497147560119629,0.13646245002746582
data_N_BaIoT.csv,MO_GAAL,RobustScaler,5,30.403372866449917,86.30538576892026,9.35734091467481,0.0,0.0,0.0,0.0,13.495186567306519,0.015040874481201172
data_N_BaIoT.csv,SUOD,RobustScaler,5,82.49754791069502,96.79635111532919,46.2883015689165,0.20521575518407253,0.5833991234040237,0.9823065639897323,0.4149080348499516,0.28063154220581055,2.8226022720336914
data_N_BaIoT.csv,DIF,RobustScaler,5,56.35595854433115,93.33973964301813,53.36071039977537,0.11544439432767688,0.6683803344147742,0.9400491400491401,0.5185285575992256,0.5090489387512207,51.57054257392883
data_N_BaIoT.csv,ALAD,RobustScaler,5,33.42183125645883,86.19608686342265,13.155031413428803,-0.059160401603695324,0.09812283579369419,0.8360248447204969,0.052120038722168444,5.359468460083008,0.05391502380371094
data_N_BaIoT.csv,COPOD,RobustScaler,5,28.740244112334956,85.03150015891498,8.746621740198659,-0.24611267747286406,0.004518129953670023,0.20205479452054795,0.0022846079380445306,0.08270692825317383,1.293001651763916
data_N_BaIoT.csv,ECOD,RobustScaler,5,24.05906365265082,82.55267459375105,8.602716647362325,-0.27025512058364437,0.002222392520499655,0.10622710622710622,0.001122942884801549,0.08737683296203613,1.3054559230804443
data_N_BaIoT.csv,VAE,RobustScaler,5,96.17912270904124,98.94974076596147,91.3727141904461,0.661037246681793,0.9503674985865439,0.992995485041563,0.9112487899322362,28.64894962310791,1.6019787788391113
data_N_BaIoT.csv,SO_GAAL,RobustScaler,5,50.0,90.64265908532519,9.35734091467481,0.0,0.0,0.0,0.0,3.4694998264312744,0.015754222869873047
data_BoTIoT.csv,KNN,QuantileTransformer,0,99.59370149445192,99.94449241679968,99.0866306431933,0.9454890282378219,0.9949839179047327,0.9900179068083972,1.0,0.03914308547973633,8.861809492111206
data_BoTIoT.csv,LUNAR,QuantileTransformer,0,99.90486106656974,99.98692273634504,99.53634303643018,0.9725715092127032,0.997447265887411,0.9949456272017154,0.9999615162593805,1.5739781856536865,0.5459001064300537
data_BoTIoT.csv,NeuTraLAD,QuantileTransformer,0,99.42375515789024,99.91815696374312,59.36900819243507,0.3209008105075351,0.7109876757507377,0.9995816483056756,0.5517029055224167,89.29855227470398,0.9006171226501465
data_BoTIoT.csv,LOF,QuantileTransformer,0,98.35488850405149,99.79007519543997,95.98396374411713,0.793732865885504,0.9775473610353161,0.9903250009872449,0.9650952472580335,0.04802107810974121,0.277432918548584
data_BoTIoT.csv,AutoEncoder,QuantileTransformer,0,99.54536377824813,99.94330147804718,98.89489280111556,0.9337318699005883,0.9939280173156856,0.9894363511555183,0.9984606503752165,3.90470027923584,1.2903029918670654
data_BoTIoT.csv,CBLOF,QuantileTransformer,0,96.32781875583491,99.43383306653219,94.62785427924003,0.7383998097297899,0.9697955663576314,0.9882160262043621,0.9520492591879931,0.01023721694946289,0.016788482666015625
data_BoTIoT.csv,HBOS,QuantileTransformer,0,98.84840755706638,99.84218705785445,97.88042530939516,0.8769536924155138,0.9882878717830175,0.9893932965634281,0.9871849143736772,0.0076372623443603516,0.032227516174316406
data_BoTIoT.csv,DASVDD,QuantileTransformer,0,98.08042674192376,99.71564530768272,59.02736621927836,0.30920089209440227,0.7085575420933866,0.9961651094686933,0.549817202232057,24.618348360061646,22.35336470603943
data_BoTIoT.csv,PCA,QuantileTransformer,0,90.85807766588985,98.63441312701478,77.82813317064668,0.42371329825230264,0.8622422457113152,0.9861764851607788,0.765980373292284,0.0054607391357421875,0.026099205017089844
data_BoTIoT.csv,AE1SVM,QuantileTransformer,0,97.39598343773828,99.64789151127262,92.22241589681019,0.6720025792414452,0.9555869647442916,0.989813592873639,0.923648258610737,47.20220470428467,1.7367637157440186
data_BoTIoT.csv,DevNet,QuantileTransformer,0,48.07628902714529,89.74355791232264,16.684678403346698,-0.002071988464194079,0.163405327825813,0.9039504260263361,0.08982105060611892,2.2430763244628906,0.34876084327697754
data_BoTIoT.csv,DeepSVDD,QuantileTransformer,0,88.60313286155119,98.56395319796854,76.03625588286562,0.4019588416582995,0.8495183887915937,0.9851739020055852,0.7467000192418703,7.2229650020599365,0.00909423828125
data_BoTIoT.csv,IForest,QuantileTransformer,0,97.39454956206929,99.63804463815939,97.75143803381559,0.8704482739509519,0.9875653062404812,0.9894537587885344,0.9856840484895132,0.1566152572631836,0.1817927360534668
data_BoTIoT.csv,OCSVM,QuantileTransformer,0,79.78327810203893,95.93073690193614,29.29056998431236,0.09482567063453992,0.37015184920659566,0.9585075587005468,0.22936309409274583,1.7465009689331055,7.869421005249023
data_BoTIoT.csv,LODA,QuantileTransformer,0,88.68150713730857,98.55775441912711,77.56318633432107,0.4246148739016447,0.8602388707926167,0.9871417891851483,0.762247450452184,0.031159639358520508,0.1832106113433838
data_BoTIoT.csv,MO_GAAL,QuantileTransformer,0,6.122909940920332,76.84773396353923,8.858288303991634,-0.24395878126995693,0.008344712486724321,0.29023746701846964,0.004233211468154705,12.053107738494873,0.004430532455444336
data_BoTIoT.csv,SUOD,QuantileTransformer,0,86.28988519017382,97.23713594836158,61.68380686770089,0.252578326811123,0.737465663442016,0.972103274559194,0.5940735039445834,0.11848926544189453,0.5468270778656006
data_BoTIoT.csv,DIF,QuantileTransformer,0,86.72566651700768,97.32864588519983,57.38190691999303,0.2528502646352319,0.6968532248865524,0.9797099428252685,0.5407350394458341,0.4943363666534424,55.97463274002075
data_BoTIoT.csv,ALAD,QuantileTransformer,0,47.30834313243395,89.82215084923915,16.96705595258846,-0.009491607487822198,0.1704513792142658,0.8973230656398973,0.09416971329613238,5.588486194610596,0.01766347885131836
data_BoTIoT.csv,COPOD,QuantileTransformer,0,40.257957938696826,85.05378957951213,8.108767648596828,-0.35953855489182995,0.008799308088594743,0.1924342105263158,0.004502597652491822,0.015733957290649414,0.20607876777648926
data_BoTIoT.csv,ECOD,QuantileTransformer,0,37.082283938739586,83.95168094372738,7.976294230434025,-0.389365245336686,0.017127750679524892,0.26376146788990823,0.008851260342505291,0.015356302261352539,0.2034454345703125
data_BoTIoT.csv,VAE,QuantileTransformer,0,96.6626180346211,99.57814749567142,87.04200801812793,0.5590589791782157,0.9237491537940796,0.9891485809682805,0.8664614200500289,28.444599390029907,1.4966721534729004
data_BoTIoT.csv,SO_GAAL,QuantileTransformer,0,13.397911900740455,78.45337893130834,8.45389576433676,-0.3051158833207647,7.61556621734826e-05,0.0036101083032490976,3.8483740619588224e-05,2.4018046855926514,0.0071451663970947266
data_BoTIoT.csv,KNN,QuantileTransformer,1,98.26755606867209,99.73668389218307,98.42077740979606,0.9070207062220423,0.9912876238099817,0.9908112264513649,0.9917644795074081,0.06103157997131348,8.599283218383789
data_BoTIoT.csv,LUNAR,QuantileTransformer,1,98.05324866910397,99.72185996836964,91.9051769217361,0.6800520045206838,0.9534837132897953,0.994359252914386,0.9158360592649606,1.529019832611084,0.4256124496459961
data_BoTIoT.csv,NeuTraLAD,QuantileTransformer,1,96.80644673921566,99.51578896085329,58.999477078612514,0.30824579671373836,0.7083591638356436,0.9958862083391438,0.5496632672695786,96.81655359268188,0.8747799396514893
data_BoTIoT.csv,LOF,QuantileTransformer,1,71.81839950398735,96.3523869361064,47.97629423043402,0.20565781068260874,0.6023820308544936,0.9790403602979387,0.4350202039638253,0.04057145118713379,0.28374743461608887
data_BoTIoT.csv,AutoEncoder,QuantileTransformer,1,98.34163299339362,99.75393173796908,98.67526581837197,0.9210109841789924,0.992705213852415,0.990385720304899,0.9950355974600731,4.474581480026245,1.30912446975708
data_BoTIoT.csv,CBLOF,QuantileTransformer,1,95.58538758115436,99.29111370164406,88.78507930974376,0.5888577403300224,0.9347318874393881,0.9884998283556471,0.8865114489128343,0.008901119232177734,0.016431093215942383
data_BoTIoT.csv,HBOS,QuantileTransformer,1,98.75433120247436,99.83054396983404,97.35401777932718,0.8523964491485496,0.9853217041520819,0.9903203234333696,0.98037329228401,0.007662057876586914,0.03181600570678711
data_BoTIoT.csv,DASVDD,QuantileTransformer,1,97.57096615568811,99.60733409722131,58.97158793794666,0.30729070133307446,0.7081607855779006,0.9956073072095942,0.5495093323071002,23.364579439163208,21.83516263961792
data_BoTIoT.csv,PCA,QuantileTransformer,1,89.95506381886986,98.29763951666558,76.96356981000523,0.4175112615541783,0.8559846569610322,0.9868837630031659,0.7557436982874736,0.00510716438293457,0.024437427520751953
data_BoTIoT.csv,AE1SVM,QuantileTransformer,1,96.9834320370014,99.5794666784214,89.94247864737667,0.6199264015307212,0.9417630553705162,0.9903625711131867,0.8977102174331345,48.935460805892944,1.7351374626159668
data_BoTIoT.csv,DevNet,QuantileTransformer,1,48.061135697945396,89.73799865982006,16.67073383301377,-0.0022306031336577544,0.1631481286979659,0.9038013964313422,0.08966711564364056,2.2011430263519287,0.3344097137451172
data_BoTIoT.csv,DeepSVDD,QuantileTransformer,1,87.15337267226818,98.31522594779831,67.47428969844866,0.32779534028188545,0.7839677688246736,0.9840725454862524,0.651491244949009,7.263184309005737,0.009586811065673828
data_BoTIoT.csv,IForest,QuantileTransformer,1,98.34249103827707,99.7611574282365,98.41380512462959,0.9066101434733466,0.9912491585729397,0.9907727797001153,0.9917259957667885,0.15718293190002441,0.18864965438842773
data_BoTIoT.csv,OCSVM,QuantileTransformer,1,79.15356580363316,95.7924926312706,26.470280634477948,0.07716383666473536,0.32806626314112775,0.95263644773358,0.19815278045025977,1.7824642658233643,7.962476968765259
data_BoTIoT.csv,LODA,QuantileTransformer,1,93.28673665006166,99.17833023938776,79.98256928708383,0.4553280245102711,0.877087079373234,0.9882301866769572,0.788416394073504,0.03073287010192871,0.18881654739379883
data_BoTIoT.csv,MO_GAAL,QuantileTransformer,1,8.135846891725283,78.06898183177424,9.994770786125153,-0.14574020937267881,0.030855855855855856,0.6274809160305344,0.01581681739465076,11.883257150650024,0.004362821578979492
data_BoTIoT.csv,SUOD,QuantileTransformer,1,84.10489099836799,96.44621864147054,55.468014641798845,0.21185870782844307,0.6812397065428957,0.9688409397402229,0.5253030594573792,0.11944293975830078,0.5700523853302002
data_BoTIoT.csv,DIF,QuantileTransformer,1,87.91484260862748,97.51071554845505,57.38190691999303,0.2528502646352319,0.6968532248865524,0.9797099428252685,0.5407350394458341,0.5107948780059814,56.555058002471924
data_BoTIoT.csv,ALAD,QuantileTransformer,1,47.396414598165606,89.84339589887773,17.162279937249433,-0.008578369240748056,0.17424242424242425,0.8982443568613401,0.09647873773330767,5.6712775230407715,0.016565799713134766
data_BoTIoT.csv,COPOD,QuantileTransformer,1,40.24016847326449,85.05008010427282,8.119226076346523,-0.35815161337733775,0.008800300864986838,0.1933884297520661,0.004502597652491822,0.015450239181518555,0.20803427696228027
data_BoTIoT.csv,ECOD,QuantileTransformer,1,37.04805336412032,83.94653811307997,7.94491894718494,-0.3933351405237352,0.01726832899144027,0.2621468926553672,0.008928227823744467,0.015729904174804688,0.21140551567077637
data_BoTIoT.csv,VAE,QuantileTransformer,1,95.95520777656625,99.48494228216626,83.36064145023532,0.5040020337311485,0.8998173918518985,0.9897035737371872,0.8248989801808736,27.13956618309021,1.504687786102295
data_BoTIoT.csv,SO_GAAL,QuantileTransformer,1,34.465140857617286,85.80632774819091,10.085410493289174,-0.15494190685986958,0.03516384857100105,0.6291834002677377,0.018087358091206464,2.488428831100464,0.007813453674316406
data_BoTIoT.csv,KNN,QuantileTransformer,3,97.05987784975665,99.44720795207927,95.2762767997211,0.7705024674249267,0.973452714484434,0.9914990421455939,0.9560515682124302,0.06210947036743164,8.732203722000122
data_BoTIoT.csv,LUNAR,QuantileTransformer,3,95.73225792658158,99.32561185792366,78.29179013421648,0.45934813013907694,0.8645332521156481,0.994394955459914,0.764671926111218,1.790306568145752,0.4652092456817627
data_BoTIoT.csv,NeuTraLAD,QuantileTransformer,3,97.5532714742836,99.52909129529178,59.04131078961129,0.30987226856687683,0.7086422814631123,0.9963737796373779,0.5498556859726765,139.50986337661743,3.7161612510681152
data_BoTIoT.csv,LOF,QuantileTransformer,3,61.063959976909764,93.95134149115565,28.439951194003836,0.09322218132761893,0.35710482633342727,0.9591184387617766,0.21939580527227245,0.059670448303222656,0.44414258003234863
data_BoTIoT.csv,AutoEncoder,QuantileTransformer,3,95.33822575702506,99.28827846118793,84.02998082621579,0.5131426662538536,0.9042493154693476,0.9896147863482477,0.8324417933423128,9.435772180557251,5.213073968887329
data_BoTIoT.csv,CBLOF,QuantileTransformer,3,94.84852942224504,99.18143445397169,79.23653477427227,0.44960337678848433,0.8718202556708131,0.9889653825496801,0.7794881662497595,0.013093709945678711,0.020790815353393555
data_BoTIoT.csv,HBOS,QuantileTransformer,3,98.59082946714273,99.80643039229935,96.06414502353147,0.8017055193871072,0.9779625617302025,0.9922760041194645,0.9640561862613046,0.007790803909301758,0.0317683219909668
data_BoTIoT.csv,DASVDD,QuantileTransformer,3,97.22696569958453,99.44020528735079,58.90186508628202,0.3049029628814147,0.7076648399335432,0.9949100543857202,0.5491244949009043,25.241477727890015,22.49871516227722
data_BoTIoT.csv,PCA,QuantileTransformer,3,88.10293117824386,97.77085077690849,63.10615304165941,0.3017608912091613,0.7471991973819363,0.9850107066381156,0.6018857032903598,0.0054988861083984375,0.025356292724609375
data_BoTIoT.csv,AE1SVM,QuantileTransformer,3,93.34849663979932,98.71190743073745,75.18215094997386,0.4116418855598996,0.8426218636011937,0.990025974025974,0.7334231287281123,50.844194412231445,1.7316324710845947
data_BoTIoT.csv,DevNet,QuantileTransformer,3,48.0539028926945,89.73506089440251,16.66724769043054,-0.00227029170341714,0.16308381765982774,0.9037640667442763,0.08962863190302098,2.317337989807129,0.33016014099121094
data_BoTIoT.csv,DeepSVDD,QuantileTransformer,3,84.28418603325281,97.84894010810041,53.439079658358025,0.2352385851690355,0.6586238625907371,0.9805921302991095,0.4958245141427747,7.403473615646362,0.009445667266845703
data_BoTIoT.csv,IForest,QuantileTransformer,3,98.60343645550496,99.80709923122386,97.67822903956773,0.8713194689945696,0.9871144990906628,0.992568382553208,0.9817202232056956,0.15663743019104004,0.19303178787231445
data_BoTIoT.csv,OCSVM,QuantileTransformer,3,77.9143779530926,95.5188540566076,23.151472895241415,0.054617445095501704,0.27563091482649843,0.9431077130649876,0.161400808158553,1.8588175773620605,8.362283945083618
data_BoTIoT.csv,LODA,QuantileTransformer,3,90.13235413593313,98.67409865878382,69.23827784556387,0.35394530939522645,0.797466030113845,0.9879997725075357,0.6685395420434866,0.03211355209350586,0.19002866744995117
data_BoTIoT.csv,MO_GAAL,QuantileTransformer,3,5.634839187850541,76.589005773606,8.600313752832491,-0.2795491921126855,0.0023592085235920853,0.10508474576271186,0.001192995959207235,12.46308946609497,0.004331111907958984
data_BoTIoT.csv,SUOD,QuantileTransformer,3,83.23738481602635,96.15633763966838,47.38364999128464,0.1659633120223752,0.5998568360773086,0.9641213567410942,0.4353665576294016,0.12161850929260254,0.5529236793518066
data_BoTIoT.csv,DIF,QuantileTransformer,3,85.61091227845125,96.98009393765193,56.93568066933937,0.23756873854460944,0.6936791727626652,0.9752475247524752,0.5382720800461804,0.5068447589874268,55.81056880950928
data_BoTIoT.csv,ALAD,QuantileTransformer,3,47.56412388913832,89.88019445764515,17.22154436116437,-0.006940570245163781,0.17514850453329628,0.8997144896502498,0.09701751010198191,5.377124547958374,0.017647743225097656
data_BoTIoT.csv,COPOD,QuantileTransformer,3,40.207601251434234,85.04374948255621,8.115739933763292,-0.3588056636030756,0.008949050573416056,0.19508196721311474,0.004579565133730998,0.016618013381958008,0.20732378959655762
data_BoTIoT.csv,ECOD,QuantileTransformer,3,36.98773081336098,83.93708212165207,7.903085236186159,-0.39861880588700893,0.017479916691460876,0.2602436323366556,0.009043679045603232,0.015417337417602539,0.20498037338256836
data_BoTIoT.csv,VAE,QuantileTransformer,3,92.80623151533291,99.08146082648184,79.45616175701586,0.46091022672127036,0.8730859518015205,0.9912949921752738,0.7800654223590533,29.197014570236206,1.469742774963379
data_BoTIoT.csv,SO_GAAL,QuantileTransformer,3,37.72698137814551,85.54746521200876,8.652605891580965,-0.27147939621428807,0.0,0.0,0.0,2.6967720985412598,0.007923126220703125
data_BoTIoT.csv,KNN,QuantileTransformer,5,96.18888817622701,99.24447358631662,87.29649642670385,0.5744450487900966,0.9251622443111804,0.9919408112035936,0.8668077737156051,0.05218148231506348,8.809266567230225
data_BoTIoT.csv,LUNAR,QuantileTransformer,5,94.66608584724806,99.1747222892245,78.38940212654698,0.4508467338526277,0.8655343701871977,0.9917975740703917,0.7677891091014046,1.7381668090820312,0.48242974281311035
data_BoTIoT.csv,NeuTraLAD,QuantileTransformer,5,93.63760289055651,98.80309658271341,58.11051071988844,0.2778990449375297,0.7020284679859148,0.9870301931524998,0.5447373484702713,99.67041015625,0.9001100063323975
data_BoTIoT.csv,LOF,QuantileTransformer,5,55.56625688609525,92.51593370372457,21.167857765382603,0.03998896560746121,0.2426231704457916,0.9354338842975206,0.13938810852414854,0.0492863655090332,0.2971346378326416
data_BoTIoT.csv,AutoEncoder,QuantileTransformer,5,92.97322101782368,98.83263972149818,71.81453721457207,0.37672952219099154,0.8174984763323627,0.9886438086918541,0.6968635751395036,4.5891172885894775,1.283656120300293
data_BoTIoT.csv,CBLOF,QuantileTransformer,5,93.59973488978684,98.97659734021799,67.27906571378769,0.3422495843114312,0.7815278618313859,0.9888672910408199,0.6460650375216471,0.008529186248779297,0.01777958869934082
data_BoTIoT.csv,HBOS,QuantileTransformer,5,98.44815171145747,99.78473445110663,93.93411190517692,0.7330198273479679,0.9655745489078822,0.9936072315648031,0.9390802385991919,0.007730960845947266,0.03279542922973633
data_BoTIoT.csv,DASVDD,QuantileTransformer,5,96.56341193993686,99.29014608810094,58.92278194178142,0.3056192844169126,0.7078136236268505,0.9951192302328824,0.5492399461227632,24.737505674362183,21.780207872390747
data_BoTIoT.csv,PCA,QuantileTransformer,5,85.99265815748402,97.23821314710013,50.751263726686425,0.2239706868407695,0.6311969716747161,0.98125,0.46522994035020204,0.005145549774169922,0.024037599563598633
data_BoTIoT.csv,AE1SVM,QuantileTransformer,5,90.873375665448,98.20410488581794,55.34251350880252,0.25810184635719724,0.676155324097482,0.9854100655810184,0.5146430633057533,51.28539037704468,1.7465131282806396
data_BoTIoT.csv,DevNet,QuantileTransformer,5,48.07427860802885,89.74124260148228,16.674219975597,-0.002190928537626061,0.16321243523316062,0.9038386971694455,0.08970559938426015,2.403409957885742,0.33481597900390625
data_BoTIoT.csv,DeepSVDD,QuantileTransformer,5,69.0780143815164,89.95503417765873,9.287083841729126,-0.21034187218509504,0.01944454912009647,0.4673913043478261,0.009928805079853761,7.624313116073608,0.01035165786743164
data_BoTIoT.csv,IForest,QuantileTransformer,5,97.65455996693248,99.65336976861832,89.33240369531113,0.6156738728718739,0.9378730661469119,0.9926081911556147,0.8888589570906292,0.15649151802062988,0.20180058479309082
data_BoTIoT.csv,OCSVM,QuantileTransformer,5,76.53959620578823,95.21638174947356,21.004009063970717,0.037468755486510234,0.24005634180696223,0.9337333681189669,0.13773330767750624,1.891136884689331,8.370667695999146
data_BoTIoT.csv,LODA,QuantileTransformer,5,76.12957903063734,94.77476422334105,19.51891232351403,0.022167602477960784,0.21497551686615887,0.9234589541338007,0.12164710409851838,0.03192925453186035,0.18154168128967285
data_BoTIoT.csv,MO_GAAL,QuantileTransformer,5,11.579607180780934,78.28312339704348,8.792051594910232,-0.25379788829876027,0.0075863900163107385,0.26455026455026454,0.0038483740619588225,12.565109491348267,0.004344463348388672
data_BoTIoT.csv,SUOD,QuantileTransformer,5,81.15850169969853,95.48466919922531,43.57329614781244,0.1498914109641236,0.5573241439667432,0.9631345117685982,0.3921108331729844,0.12057638168334961,0.5609300136566162
data_BoTIoT.csv,DIF,QuantileTransformer,5,83.94504094242406,96.7504874493805,56.85898553250828,0.2349422262477837,0.6931336325538721,0.9744805466462139,0.537848758899365,0.5900287628173828,56.576696157455444
data_BoTIoT.csv,ALAD,QuantileTransformer,5,47.6653097584789,89.92741464133441,17.7096043228168,-0.004786199571503997,0.18454416692576087,0.9017555705604321,0.10279007119492015,5.674210786819458,0.01629328727722168
data_BoTIoT.csv,COPOD,QuantileTransformer,5,40.17387666673793,85.03724554698056,8.077392365347743,-0.3645248583213423,0.009466566491359879,0.1984251968503937,0.004848951318068116,0.016890764236450195,0.21206140518188477
data_BoTIoT.csv,ECOD,QuantileTransformer,5,36.91972006642009,83.92660906481937,7.896112951019697,-0.39981329531441984,0.017697798929208804,0.26125137211855104,0.009159130267461997,0.015868425369262695,0.20780110359191895
data_BoTIoT.csv,VAE,QuantileTransformer,5,90.16828725974386,98.5161801891424,70.90465400034861,0.37557528465517054,0.8101714961561206,0.990489961626161,0.6853954204348662,30.035172939300537,1.5212135314941406
data_BoTIoT.csv,SO_GAAL,QuantileTransformer,5,37.67366073019335,85.60232449508231,8.331880773923654,-0.32425926228761986,0.0,0.0,0.0,2.426673412322998,0.007945537567138672
data_BoTIoT.csv,KNN,MinMaxScaler,0,98.4996016220184,99.751672561579,98.86351751786648,0.9317998375001908,0.9937569420506339,0.9890595814432204,0.998499134115836,0.05393195152282715,8.111606359481812
data_BoTIoT.csv,LUNAR,MinMaxScaler,0,99.33029454314811,99.86169816261524,99.29579919818721,0.9581216555100358,0.9961262608829057,0.9927755055234891,0.9994997113719454,1.53419828414917,0.4222447872161865
data_BoTIoT.csv,NeuTraLAD,MinMaxScaler,0,96.84082768548808,99.3776647532741,59.01342164894544,0.30872334440407034,0.7084583529645151,0.9960256589039186,0.5497402347508178,92.3597936630249,0.9099986553192139
data_BoTIoT.csv,LOF,MinMaxScaler,0,98.07893442798196,99.73091651444112,97.90134216489454,0.877732232276528,0.9884079180466764,0.9891316915250318,0.9876852030017318,0.05145096778869629,0.31703710556030273
data_BoTIoT.csv,AutoEncoder,MinMaxScaler,0,97.03545706568605,99.49274290183968,96.23496601010982,0.7999718982224213,0.9790144567076015,0.9887358216570509,0.9694823936886665,4.220546007156372,1.2986228466033936
data_BoTIoT.csv,CBLOF,MinMaxScaler,0,87.41252717023353,96.8545012495138,47.6869443960258,0.1946408000491514,0.6002663825253063,0.9750757247944613,0.4335963055609005,0.008719444274902344,0.015305519104003906
data_BoTIoT.csv,HBOS,MinMaxScaler,0,80.7396147349967,95.97220184521527,40.8262157922259,0.15592214914161914,0.5227732793522267,0.9701554836689972,0.3577833365403117,0.007093906402587891,0.023928403854370117
data_BoTIoT.csv,DASVDD,MinMaxScaler,0,86.56228094555975,97.14740102479944,56.538260414850974,0.2239586293701488,0.6908522825898281,0.9712731836563938,0.536078506830864,23.48798394203186,22.347753763198853
data_BoTIoT.csv,AE1SVM,MinMaxScaler,0,90.0725076432985,98.31011279443797,68.34931148683981,0.33125362350531246,0.7911769441313798,0.9832494854790762,0.6618818549162979,41.48899793624878,1.7620015144348145
data_BoTIoT.csv,DevNet,MinMaxScaler,0,47.27758535907467,90.56972251175506,21.924350705943873,0.04177423830634055,0.25604570821153333,0.9356639961155621,0.148316336347893,2.214693546295166,0.5063059329986572
data_BoTIoT.csv,DeepSVDD,MinMaxScaler,0,86.11273526749763,97.67464175562289,45.473243855673694,0.18541789815936927,0.5757912722736026,0.9751056402719088,0.408504906676929,7.259878158569336,0.009174108505249023
data_BoTIoT.csv,IForest,MinMaxScaler,0,80.70816211632066,95.12926233477666,26.546975771309043,0.07149504334591679,0.3302606484424666,0.9488584474885845,0.1999230325187608,0.1385493278503418,0.1443026065826416
data_BoTIoT.csv,OCSVM,MinMaxScaler,0,76.37590775304841,95.45793477787923,32.57103015513334,0.10537200816604024,0.4178304839874789,0.9588340931067827,0.26711564364056184,1.7511909008026123,7.740861177444458
data_BoTIoT.csv,LODA,MinMaxScaler,0,75.6208410835311,95.66587314773875,40.36255882865609,0.1552229717904477,0.5169833695682864,0.9706318914334181,0.3523186453723302,0.028293371200561523,0.15354704856872559
data_BoTIoT.csv,MO_GAAL,MinMaxScaler,0,49.21080894248105,92.14588040072454,32.145720759979085,0.10795699968400853,0.41121664952507714,0.9609783684433763,0.26157398499134116,11.470789432525635,0.004347562789916992
data_BoTIoT.csv,SUOD,MinMaxScaler,0,67.48680364027679,91.82213221609975,18.117483005054908,-0.05099784404584748,0.2011427794027617,0.8653789874158618,0.11379642101212238,0.11439871788024902,0.5256762504577637
data_BoTIoT.csv,DIF,MinMaxScaler,0,53.11686229234815,90.26892700109602,50.99529370751264,0.034133422463197755,0.6514246038634166,0.9158415841584159,0.5054839330382913,0.5080564022064209,56.010504484176636
data_BoTIoT.csv,ALAD,MinMaxScaler,0,51.33649683934463,90.93627707989003,18.863517517866484,0.014178306360761034,0.20381773399014777,0.9174622728672621,0.11464306330575331,5.579911231994629,0.028899192810058594
data_BoTIoT.csv,COPOD,MinMaxScaler,0,39.2615126960711,84.83759225127334,7.387136133867875,-0.4456463564807979,0.007472166180975865,0.12804097311139565,0.0038483740619588225,0.01749587059020996,0.2327866554260254
data_BoTIoT.csv,ECOD,MinMaxScaler,0,37.064815171145746,83.9462937984196,7.976294230434025,-0.38949733332145564,0.017200938232994525,0.2643020594965675,0.00888974408312488,0.016659021377563477,0.23040437698364258
data_BoTIoT.csv,VAE,MinMaxScaler,0,90.0620956534753,98.31944550425423,72.52919644413457,0.37020289383660926,0.8235004255700399,0.9851026204383474,0.7074466038098903,36.48743963241577,5.630708456039429
data_BoTIoT.csv,SO_GAAL,MinMaxScaler,0,7.061177032333468,76.93571686156943,8.509674045668469,-0.2961225528119504,0.0,0.0,0.0,2.8355295658111572,0.010384559631347656
data_BoTIoT.csv,KNN,MinMaxScaler,1,95.57292455048854,99.234070955703,90.0331183545407,0.6157550110409481,0.9424087988236005,0.9887564460224871,0.9002116605734077,0.06087684631347656,7.627945423126221
data_BoTIoT.csv,LUNAR,MinMaxScaler,1,93.99618654636934,99.08779567070654,75.38086107721806,0.4103345025515339,0.8442022590893046,0.9891433593548054,0.7363094092745814,2.5032474994659424,0.6957268714904785
data_BoTIoT.csv,NeuTraLAD,MinMaxScaler,1,92.36748907845696,98.49315624795344,58.2604148509674,0.2829357691261449,0.7031021400054555,0.98849532840608,0.5455839907639023,134.8221640586853,0.881709098815918
data_BoTIoT.csv,LOF,MinMaxScaler,1,78.05883593811245,96.63354752626918,51.29510196967056,0.21819689622451363,0.6375969494954735,0.9780359700779883,0.47296517221473927,0.06011700630187988,0.31904006004333496
data_BoTIoT.csv,AutoEncoder,MinMaxScaler,1,95.02641980059721,99.12285687443399,85.81837197141363,0.5344335208709827,0.9160128829796019,0.9881074339673066,0.8537233019049452,4.296582460403442,1.3084592819213867
data_BoTIoT.csv,CBLOF,MinMaxScaler,1,87.7853462467663,97.06153942077631,39.98256928708384,0.15199574469429183,0.5125431791154652,0.9697846351655416,0.348316336347893,0.008002281188964844,0.015741586685180664
data_BoTIoT.csv,HBOS,MinMaxScaler,1,79.53698073674984,95.72360196564466,38.52536168729301,0.14415273769143652,0.49466987620357633,0.9685781618224666,0.332153165287666,0.007121086120605469,0.02395153045654297
data_BoTIoT.csv,DASVDD,MinMaxScaler,1,84.59526721256564,96.47346053537231,56.405786996688164,0.21942192631199525,0.6899099858655492,0.9699484032910334,0.5353473157590918,20.34996247291565,22.174598455429077
data_BoTIoT.csv,AE1SVM,MinMaxScaler,1,90.2934805692743,98.25582112966327,65.39306257625937,0.3130231608063762,0.7668459496911478,0.9839079074252652,0.6282470656147777,34.21145224571228,1.7650091648101807
data_BoTIoT.csv,DevNet,MinMaxScaler,1,47.262631575196515,90.56158568304909,21.85811399686247,0.041244713502401345,0.2549443244141599,0.9353658536585366,0.14758514527612085,2.3051397800445557,0.3327755928039551
data_BoTIoT.csv,DeepSVDD,MinMaxScaler,1,85.31406651985832,97.43839482896814,42.40195223984661,0.1690763359224946,0.5408004446914952,0.9733866933466734,0.37440831248797385,7.34411096572876,0.010421037673950195
data_BoTIoT.csv,IForest,MinMaxScaler,1,81.40538344771558,95.552043309556,35.729475335541224,0.12700162564364903,0.4594182500586442,0.9648971548220224,0.30148162401385414,0.13769865036010742,0.14654064178466797
data_BoTIoT.csv,OCSVM,MinMaxScaler,1,75.59224196295582,95.28654233665179,31.730869792574516,0.10097427910838387,0.4061618703945174,0.9578089244851259,0.25772561092938234,1.8262462615966797,7.9401304721832275
data_BoTIoT.csv,LODA,MinMaxScaler,1,87.72490681946137,97.74195718688262,48.16803207251177,0.20148145764949532,0.6049736967957915,0.9770016304814211,0.43813738695401194,0.02869725227355957,0.16028714179992676
data_BoTIoT.csv,MO_GAAL,MinMaxScaler,1,61.70436006527983,94.65747515344434,39.89890186508628,0.1647161909432091,0.509837370635733,0.9759442690758681,0.345045218395228,11.747207880020142,0.004351139068603516
data_BoTIoT.csv,SUOD,MinMaxScaler,1,68.47059984749038,91.72235440995019,18.28830399163326,-0.05127264452090553,0.20456782163097703,0.8655944859276278,0.11598999422743891,0.11440014839172363,0.5367186069488525
data_BoTIoT.csv,DIF,MinMaxScaler,1,46.63941590233682,88.49679782741961,50.04009063970717,0.0014214056754590235,0.6446301485357205,0.9062892204713429,0.5002116605734077,0.5053853988647461,55.038052558898926
data_BoTIoT.csv,ALAD,MinMaxScaler,1,51.47364433897048,90.98375109286454,19.504967753181106,0.013569796286372868,0.21622539035980992,0.9165467625899281,0.1225707138733885,5.251315355300903,0.01639699935913086
data_BoTIoT.csv,COPOD,MinMaxScaler,1,39.23741759847206,84.8341097773813,7.369705420951717,-0.44761944044056107,0.007544914652821873,0.1281725888324873,0.0038868578025784105,0.01659226417541504,0.20889830589294434
data_BoTIoT.csv,ECOD,MinMaxScaler,1,37.030593148468846,83.94110715730415,7.948405089768172,-0.3930552245151366,0.017342116035875106,0.26297968397291194,0.008966711564364056,0.015338659286499023,0.21737289428710938
data_BoTIoT.csv,VAE,MinMaxScaler,1,88.4046964416793,98.00140229174676,56.691650688513164,0.2532838825216169,0.6900371765762618,0.9811267205903221,0.532153165287666,27.12062168121338,1.7622380256652832
data_BoTIoT.csv,SO_GAAL,MinMaxScaler,1,24.2591865677492,82.82124248275522,8.865260589158098,-0.24802688405571446,0.010147671336614919,0.31529411764705884,0.005156821243024822,2.8661670684814453,0.009686946868896484
data_BoTIoT.csv,KNN,MinMaxScaler,3,91.64297921165344,98.52954378984722,67.08035558654349,0.3288288625577676,0.7805535544142594,0.9852164730728616,0.6462959399653646,0.0636751651763916,7.44905161857605
data_BoTIoT.csv,LUNAR,MinMaxScaler,3,90.65935831925825,98.38874923123852,67.7531811051072,0.337730130550962,0.7858102162737924,0.986454275914191,0.652992110833173,2.6084063053131104,0.6627507209777832
data_BoTIoT.csv,NeuTraLAD,MinMaxScaler,3,74.46594830350844,95.45812311608532,53.19504967753181,0.10956348327719088,0.6670634330208798,0.9378704413918136,0.5176063113334616,145.86417722702026,2.9144623279571533
data_BoTIoT.csv,LOF,MinMaxScaler,3,63.52469444622609,94.10445899625284,37.85602231131253,0.14407875328309377,0.48583790020190365,0.9697179044329304,0.324110063498172,0.05605340003967285,0.43263840675354004
data_BoTIoT.csv,AutoEncoder,MinMaxScaler,3,86.60237031335743,97.57079678338292,54.80216140840161,0.24084360370983576,0.6721290746781984,0.9801593155332645,0.5114104290937079,8.403680801391602,3.4677562713623047
data_BoTIoT.csv,CBLOF,MinMaxScaler,3,87.41012264910667,97.30840488362193,45.22921387484748,0.1850627952004294,0.5729662145633443,0.9753840459004257,0.4056186261304599,0.01065206527709961,0.017497777938842773
data_BoTIoT.csv,HBOS,MinMaxScaler,3,78.25822875020489,95.44836365358945,35.516820637964095,0.1280208784347935,0.4563383593451489,0.9657875093306793,0.2987492784298634,0.007281064987182617,0.024493932723999023
data_BoTIoT.csv,DASVDD,MinMaxScaler,3,83.54934256943109,96.37112926960141,56.19661844169427,0.21225871095701596,0.688422148932477,0.9678566448194115,0.5341928035405041,24.734597206115723,127.76604294776917
data_BoTIoT.csv,PCA,MinMaxScaler,3,81.57414320227481,96.73012303991665,40.85410493289176,0.16164078126769652,0.5224073865555681,0.9727434741587169,0.3570906292091591,0.005194664001464844,0.024420976638793945
data_BoTIoT.csv,AE1SVM,MinMaxScaler,3,88.19355397344623,97.42103615508226,43.16541746557434,0.1733820204832392,0.5496284427746623,0.9739573134912864,0.38283625168366364,61.731115102767944,6.047267913818359
data_BoTIoT.csv,DevNet,MinMaxScaler,3,47.248304933758085,90.55621827863601,21.75701586194875,0.041291658075481484,0.2531114808652246,0.9355473554735547,0.146353665576294,2.8149449825286865,0.4754059314727783
data_BoTIoT.csv,DeepSVDD,MinMaxScaler,3,84.05197514235422,97.16506912739129,40.275405264075296,0.1596787561025231,0.5153058337577096,0.9728661467791903,0.35047142582258994,8.36275339126587,0.011136770248413086
data_BoTIoT.csv,IForest,MinMaxScaler,3,80.58202381715948,94.98305296417644,30.09586892103887,0.09423544116089845,0.3826354679802956,0.9567359507313318,0.23913796421012123,0.1435537338256836,0.15523195266723633
data_BoTIoT.csv,OCSVM,MinMaxScaler,3,74.15518212073917,94.96962380952962,30.200453198535822,0.09367985998391865,0.38431734317343175,0.9562356541698547,0.24048489513180682,1.952864170074463,8.265705585479736
data_BoTIoT.csv,LODA,MinMaxScaler,3,55.01298469914979,92.43556839996167,23.928882691302075,0.05326929938267934,0.2893802715993096,0.9409148665819568,0.17098325957283048,0.03005504608154297,0.8409850597381592
data_BoTIoT.csv,MO_GAAL,MinMaxScaler,3,43.69792757930146,87.30910171042743,10.475858462611122,-0.13195410358256834,0.042434185994481316,0.6830732292917167,0.0218972484125457,33.305724143981934,0.007133960723876953
data_BoTIoT.csv,SUOD,MinMaxScaler,3,66.13415717044735,90.81064966099919,14.777758410318981,-0.09621973421711384,0.1403150935433957,0.813953488372093,0.0767750625360785,0.11796808242797852,0.5708458423614502
data_BoTIoT.csv,DIF,MinMaxScaler,3,49.19921464662661,89.2048205524678,50.20045319853582,0.006913204114276475,0.6457708235177425,0.9078929019662529,0.5010967866076582,0.7567861080169678,58.51422715187073
data_BoTIoT.csv,ALAD,MinMaxScaler,3,51.44798281059586,90.96976671977276,19.421300331183545,0.013383895258537684,0.2146643109540636,0.9164490861618799,0.1215701366172792,4.726885080337524,0.02812051773071289
data_BoTIoT.csv,COPOD,MinMaxScaler,3,39.19627562910226,84.82803041237396,7.324385567369705,-0.4526489524842928,0.007615350156786621,0.12702366127023662,0.0039253415431979985,0.017200231552124023,0.2260594367980957
data_BoTIoT.csv,ECOD,MinMaxScaler,3,36.970259195119695,83.93165238426657,7.910057521352623,-0.39793507376625004,0.017554299315679856,0.26135105204872644,0.00908216278622282,0.0158236026763916,0.22093987464904785
data_BoTIoT.csv,VAE,MinMaxScaler,3,88.33396688972984,97.92393335013396,53.67962349660102,0.23571618902482308,0.6610718567456573,0.9803298532304433,0.4986723109486242,34.84767723083496,5.704118013381958
data_BoTIoT.csv,SO_GAAL,MinMaxScaler,3,19.686547082006,81.10424648467972,8.565452327000173,-0.2861709433272948,0.003571157206899172,0.1394658753709199,0.0018087358091206465,3.2164499759674072,0.0076673030853271484
data_BoTIoT.csv,KNN,MinMaxScaler,5,87.86836565254885,97.7062103540016,52.12131776189646,0.22908694122906595,0.6453728568477587,0.9806952836851605,0.48093130652299404,0.060173749923706055,7.327569961547852
data_BoTIoT.csv,LUNAR,MinMaxScaler,5,86.248065479372,97.69236570607555,39.61652431584452,0.18353474336435563,0.5037673685718378,0.9856502242152466,0.3383490475274197,2.666656970977783,0.7016544342041016
data_BoTIoT.csv,NeuTraLAD,MinMaxScaler,5,75.72375088191906,95.5331372479912,54.37336587066412,0.14991626330640687,0.6754451222536328,0.94965483578551,0.524110063498172,147.84088826179504,3.6402766704559326
data_BoTIoT.csv,LOF,MinMaxScaler,5,61.240023090244364,93.31439954727414,29.949450932543144,0.09891136699749602,0.3796616448505804,0.959731543624161,0.23663652106984798,0.062308549880981445,0.4475271701812744
data_BoTIoT.csv,AutoEncoder,MinMaxScaler,5,85.07259031207464,97.21839102663377,43.75108941955726,0.18108384527148244,0.5558155540261528,0.9763056092843327,0.3884933615547431,9.40054202079773,5.219557285308838
data_BoTIoT.csv,CBLOF,MinMaxScaler,5,85.16831932952772,96.05399173215461,32.28168032072512,0.1118277364216833,0.41262737746061506,0.962884561106407,0.26257456224745046,0.0103607177734375,0.01827216148376465
data_BoTIoT.csv,HBOS,MinMaxScaler,5,77.31585316314968,95.23783807959403,33.243855673697055,0.11566289519825806,0.4260408236669364,0.9632691786391976,0.2735039445834135,0.007719278335571289,0.02579355239868164
data_BoTIoT.csv,DASVDD,MinMaxScaler,5,82.81178600189567,96.14911661514135,56.133867875196096,0.21010974635052218,0.6879757978525554,0.9672291172779249,0.5338464498749278,26.087708473205566,107.13211512565613
data_BoTIoT.csv,AE1SVM,MinMaxScaler,5,83.65446161959534,96.52266526084622,26.595781767474293,0.06977685191534705,0.33134328358208953,0.9476839237057221,0.20076967481239177,63.771503925323486,6.044378280639648
data_BoTIoT.csv,DevNet,MinMaxScaler,5,47.26191036139083,90.5631303326606,21.669862297367963,0.042314782517640565,0.25135774497717656,0.9364448857994042,0.1451606696170868,2.822587013244629,0.5032567977905273
data_BoTIoT.csv,DeepSVDD,MinMaxScaler,5,76.92793634504238,95.41486014357264,34.42565800941259,0.1251118022391598,0.4415083135391924,0.9662118258609487,0.28612661150663843,8.340606212615967,0.012360334396362305
data_BoTIoT.csv,IForest,MinMaxScaler,5,77.82997598329521,94.17481397725368,20.930800069722853,0.02608484361417895,0.2407016839074688,0.9251158003088008,0.13834904752741967,0.1497504711151123,0.15992975234985352
data_BoTIoT.csv,OCSVM,MinMaxScaler,5,72.7077359445264,94.64260914776236,29.206902562314795,0.08815817576253612,0.36991529367960535,0.9546764894298526,0.2294015778333654,2.0283772945404053,8.401739597320557
data_BoTIoT.csv,LODA,MinMaxScaler,5,22.669089717001974,82.04149309236682,10.336412759281854,-0.13914861013401697,0.03972520908004779,0.6658322903629537,0.020473350009620934,0.031107664108276367,0.6741757392883301
data_BoTIoT.csv,MO_GAAL,MinMaxScaler,5,20.212566366636022,81.33155223262285,8.697925745162976,-0.2661465427840562,0.005619257346799301,0.2096317280453258,0.0028477968058495287,33.97278118133545,0.006578207015991211
data_BoTIoT.csv,SUOD,MinMaxScaler,5,65.38375130951617,90.4085957956548,13.770263203765035,-0.11768149166728871,0.12190706095353047,0.7861721611721612,0.06607658264383298,0.1176764965057373,0.5577785968780518
data_BoTIoT.csv,DIF,MinMaxScaler,5,47.444364626315746,88.59279488483531,49.991284643541924,-0.0002500112407028096,0.6442829865846703,0.9058011434946311,0.49994227438907063,0.7019014358520508,58.68622970581055
data_BoTIoT.csv,ALAD,MinMaxScaler,5,51.49138463073426,90.98242513120172,19.351577479518912,0.014236598333614098,0.21318277668185837,0.9171788118232368,0.12060804310178949,5.466711759567261,0.023087739944458008
data_BoTIoT.csv,COPOD,MinMaxScaler,5,39.15417441686443,84.82168357169778,7.289524141537389,-0.45645424969052545,0.0076125083961489665,0.12546125461254612,0.0039253415431979985,0.01739025115966797,0.2213273048400879
data_BoTIoT.csv,ECOD,MinMaxScaler,5,36.902445142853075,83.92123662935415,7.896112951019697,-0.3999415937171861,0.017770837980518997,0.2617743702081051,0.009197614008081586,0.01735544204711914,0.22106242179870605
data_BoTIoT.csv,VAE,MinMaxScaler,5,88.0215950797825,97.7504464637929,47.516123409447445,0.2026130874280307,0.5974921797716761,0.9786302329654931,0.43001731768327883,37.38606905937195,5.663938999176025
data_BoTIoT.csv,SO_GAAL,MinMaxScaler,5,22.958797454371823,82.22859818637787,8.805996165243158,-0.25508623713905687,0.009016176080615222,0.28883495145631066,0.004579565133730998,2.7084410190582275,0.008923053741455078
data_BoTIoT.csv,KNN,Normalizer,0,68.57508534125813,89.98776448770911,8.380686770088897,-0.3159789413718763,0.0007604273601764191,0.03164556962025317,0.00038483740619588223,0.061452388763427734,3.4944000244140625
data_BoTIoT.csv,LUNAR,Normalizer,0,97.13220946557487,99.38988678059809,98.17674742896985,0.888874328708221,0.9900162260188985,0.9822348484848484,0.9979218780065422,2.489816188812256,0.6720287799835205
data_BoTIoT.csv,NeuTraLAD,Normalizer,0,60.02544915513936,91.74794154540422,48.75370402649468,0.09751176314266916,0.6219719179139022,0.9373691961863422,0.4653838753126804,139.1848692893982,3.8573412895202637
data_BoTIoT.csv,LOF,Normalizer,0,62.21433305539521,94.68047331162634,44.97123932368834,0.18194152918769918,0.5702774072360003,0.9745068850018608,0.4030786992495671,0.05164480209350586,0.4064197540283203
data_BoTIoT.csv,AutoEncoder,Normalizer,0,80.70904724235493,96.81295198440448,42.86560920341642,0.16538647598057357,0.5469272661930169,0.9709462112288968,0.3806811622089667,8.989999294281006,5.313830375671387
data_BoTIoT.csv,CBLOF,Normalizer,0,58.831793271046685,91.03168446004923,17.559700191737843,-0.014007166389379587,0.1831997789444598,0.8938321536905965,0.10205888012314797,0.009500741958618164,0.017340660095214844
data_BoTIoT.csv,HBOS,Normalizer,0,86.40920260264112,97.71129765112421,60.42879553773749,0.27223258928076216,0.7245504622776578,0.9806227009984235,0.5745237637098326,0.0070323944091796875,0.023985862731933594
data_BoTIoT.csv,DASVDD,Normalizer,0,50.998596056129244,90.87937918263924,50.87327871709954,0.031408580467731935,0.650426671958722,0.915055489634955,0.5045218395228016,24.707619667053223,112.98340344429016
data_BoTIoT.csv,AE1SVM,Normalizer,0,79.40751715733437,96.12780704836754,26.240195223984664,0.06966643187031425,0.3255339496334077,0.9481894150417828,0.19649797960361748,61.84292030334473,6.037668228149414
data_BoTIoT.csv,DevNet,Normalizer,0,40.40811365531397,87.47762172630704,10.193480913369356,-0.14226539674196545,0.03614322595128522,0.6509433962264151,0.018587646719261112,2.7109265327453613,0.47677063941955566
data_BoTIoT.csv,DeepSVDD,Normalizer,0,88.46903626736223,98.03538695016262,55.398291790134216,0.24474553771919635,0.6778303787268332,0.9804764333066219,0.5179526649990379,7.868577003479004,0.009041309356689453
data_BoTIoT.csv,IForest,Normalizer,0,80.07176647496064,95.44376738353095,31.59142408924525,0.10343042844970428,0.4037193472910146,0.9594165222414789,0.2556474889359246,0.13941454887390137,0.14305353164672852
data_BoTIoT.csv,OCSVM,Normalizer,0,49.287842701273526,90.47996264010439,18.633432107373192,0.010075669641036178,0.20008225375282748,0.914187284685249,0.11233403886857803,1.6458158493041992,7.98011589050293
data_BoTIoT.csv,LODA,Normalizer,0,46.38992509923817,90.39792354630664,17.692173609900642,0.003983100823856766,0.18264903413418265,0.9093416063426405,0.10152010775447373,0.026453256607055664,0.9410262107849121
data_BoTIoT.csv,MO_GAAL,Normalizer,0,39.82187159258547,87.1628940371997,10.050549067456858,-0.1529903082307268,0.033777711204313964,0.627260083449235,0.01735616701943429,31.12938356399536,0.0045166015625
data_BoTIoT.csv,SUOD,Normalizer,0,70.99132690512333,93.24483266179355,23.991633257800242,0.00023271574044800256,0.29972699534286174,0.9060194174757281,0.17956513373099867,0.11382317543029785,0.5737340450286865
data_BoTIoT.csv,DIF,Normalizer,0,32.71563223797205,85.22803043769358,45.48021614084016,-0.15473668906308938,0.6121953033947479,0.8606888857899875,0.475043294208197,0.5060808658599854,40.55165219306946
data_BoTIoT.csv,ALAD,Normalizer,0,49.319802735196234,90.32462241587724,17.137876939166812,-1.4821126282138686e-05,0.17224447153055894,0.9058608058608059,0.09517029055224167,5.390722274780273,0.029010534286499023
data_BoTIoT.csv,COPOD,Normalizer,0,40.75754530747796,84.77756916120246,7.230259717622451,-0.46222193221688523,0.0020251265704106505,0.039705882352941174,0.001039060996728882,0.016148805618286133,0.24039864540100098
data_BoTIoT.csv,ECOD,Normalizer,0,42.378932289996364,84.47710903472714,8.073906222764512,-0.37934463873238833,0.018024056902394517,0.27880184331797236,0.00931306522994035,0.01670980453491211,0.24046564102172852
data_BoTIoT.csv,VAE,Normalizer,0,76.60128279135398,95.53992003549665,23.482656440648423,0.04912195610425909,0.2823606342978584,0.938695652173913,0.16617279199538196,35.92215156555176,5.678807497024536
data_BoTIoT.csv,SO_GAAL,Normalizer,0,39.448111089731256,86.94488112208762,10.092382778455638,-0.15090624189570126,0.03466087737685282,0.6333789329685362,0.01781797190686935,2.7662954330444336,0.007880449295043945
data_BoTIoT.csv,KNN,Normalizer,1,68.3534232712605,89.94165354502334,8.363256057172737,-0.31867661236768796,0.0007602828252109785,0.03115264797507788,0.00038483740619588223,0.06213688850402832,3.444403886795044
data_BoTIoT.csv,LUNAR,Normalizer,1,95.96072734269771,99.18208646385239,97.2564057869967,0.8293096730756405,0.9850160881899358,0.9747531841133469,0.9954974023475082,2.4252021312713623,0.6826910972595215
data_BoTIoT.csv,NeuTraLAD,Normalizer,1,57.35670935511228,91.33834439287315,51.73784207774098,0.0866177703334503,0.654314822213344,0.9316646519234871,0.5042139695978449,140.96736574172974,3.794668197631836
data_BoTIoT.csv,LOF,Normalizer,1,61.46990215152617,94.5168173003005,42.84469234791703,0.17199364687435537,0.5458826136332161,0.9739078869341767,0.37921878006542237,0.04821181297302246,0.4450688362121582
data_BoTIoT.csv,AutoEncoder,Normalizer,1,78.75299496148062,96.23144448322971,34.519783859159844,0.120406435586149,0.4435161318993867,0.9635684860968075,0.28805079853761784,9.009729623794556,5.271835088729858
data_BoTIoT.csv,CBLOF,Normalizer,1,58.60887121487468,91.03133320166278,17.082098657835104,-0.0042560763554982135,0.17186031127049894,0.902046783625731,0.09497787184914373,0.008363008499145508,0.015241384506225586
data_BoTIoT.csv,HBOS,Normalizer,1,82.46551429243367,96.5097766835457,48.056475509848354,0.196578871898893,0.6042286442838929,0.9752207836748692,0.43771406580719646,0.007034778594970703,0.023525714874267578
data_BoTIoT.csv,DASVDD,Normalizer,1,50.558091206465264,90.7559978383559,50.45842774969497,0.01574783638541759,0.6476058224018647,0.9104727374145866,0.502520685010583,25.052446842193604,112.00012373924255
data_BoTIoT.csv,AE1SVM,Normalizer,1,77.10493447074167,95.56161427455918,22.56928708384173,0.044044909069683696,0.2671813652710416,0.9364014801110083,0.15582066576871273,60.04901909828186,6.070192098617554
data_BoTIoT.csv,DevNet,Normalizer,1,40.37863653532309,87.46354965459074,10.183022485619663,-0.143182240388699,0.035994911322307865,0.6491228070175439,0.018510679238021934,2.850447654724121,0.4845850467681885
data_BoTIoT.csv,DeepSVDD,Normalizer,1,87.58370356117133,97.79252703557802,49.65312881296845,0.21212564412834334,0.6203869204079487,0.9786051911435443,0.4541466230517606,7.887969017028809,0.01189732551574707
data_BoTIoT.csv,IForest,Normalizer,1,78.98406915670722,94.97048875711208,30.88025100226599,0.0959842547649986,0.3942439888790443,0.9564186184405574,0.24829709447758322,0.14213180541992188,0.14226579666137695
data_BoTIoT.csv,OCSVM,Normalizer,1,49.25465760160777,90.47241169152132,18.62645982220673,0.010006954027279098,0.19995887030435974,0.914133500470072,0.11225707138733886,1.6719143390655518,8.108242511749268
data_BoTIoT.csv,LODA,Normalizer,1,59.22645400836666,92.45491522360365,24.52849921561792,0.06086219824970223,0.2983633122670556,0.9451745379876797,0.1771406580719646,0.030025243759155273,0.8965904712677002
data_BoTIoT.csv,MO_GAAL,Normalizer,1,39.77266442890841,87.27706367934832,10.054035210040091,-0.14990566319378598,0.033344573077067174,0.6303116147308782,0.01712526457571676,31.934805870056152,0.0047223567962646484
data_BoTIoT.csv,SUOD,Normalizer,1,68.66604522552186,91.61026936861893,18.12445529022137,-0.05490914485293163,0.2020250067953248,0.8624891209747607,0.11441216086203579,0.11488628387451172,0.5621035099029541
data_BoTIoT.csv,DIF,Normalizer,1,32.67653418282628,85.4004571735441,45.89855325082796,-0.1404102583531308,0.6151709772608922,0.8648724027332311,0.4773523186453723,0.6531381607055664,40.05638146400452
data_BoTIoT.csv,ALAD,Normalizer,1,49.32529735816247,90.32451025316699,17.535297193655218,-0.0015562461373164838,0.18049540966568509,0.9045138888888888,0.10025014431402732,5.096410751342773,0.029085636138916016
data_BoTIoT.csv,COPOD,Normalizer,1,40.72802970374646,84.77382601773384,7.209342862123061,-0.4644423648127388,0.002174320524835989,0.042028985507246375,0.0011160284779680584,0.016247987747192383,0.21847987174987793
data_BoTIoT.csv,ECOD,Normalizer,1,42.349366799934444,84.47260127517661,8.046017082098658,-0.3829718544228161,0.018164898566908616,0.2772727272727273,0.009390032711179526,0.016512155532836914,0.22165298461914062
data_BoTIoT.csv,VAE,Normalizer,1,76.44290438215779,95.3991910011935,22.47516123409447,0.04218986013691522,0.26583030703202376,0.935191637630662,0.1549355397344622,35.40172624588013,5.672677516937256
data_BoTIoT.csv,SO_GAAL,Normalizer,1,39.64481787926083,87.11292266608865,10.13770263203765,-0.14828216286670823,0.0355445803868747,0.6401617250673854,0.018279776794304408,2.6260769367218018,0.008155584335327148
data_BoTIoT.csv,KNN,Normalizer,3,67.84403110056371,89.80421379435433,8.349311486839811,-0.32081916494577273,0.0007601672367920942,0.03076923076923077,0.00038483740619588223,0.06206536293029785,3.462449550628662
data_BoTIoT.csv,LUNAR,Normalizer,3,94.7603332406873,98.89988480916145,76.33955028760676,0.42407898434355257,0.8510348763196594,0.9903453208009808,0.7460842793919569,2.3686718940734863,0.680532693862915
data_BoTIoT.csv,NeuTraLAD,Normalizer,3,57.00108894732717,91.77056546673069,47.79501481610598,0.07695601832808742,0.6136381227585851,0.9309534992954439,0.45764864344814316,144.25228452682495,3.727825880050659
data_BoTIoT.csv,LOF,Normalizer,3,60.61809092140052,94.28323594918785,41.101621056301205,0.16731245094294298,0.5248207003234425,0.9749216300940439,0.35905329998075813,0.06183934211730957,0.4485805034637451
data_BoTIoT.csv,AutoEncoder,Normalizer,3,75.72189012179392,95.1976896101287,25.25013073034687,0.0646445465529867,0.30992533470648814,0.9465303715352861,0.1852992110833173,9.170198202133179,5.2680370807647705
data_BoTIoT.csv,CBLOF,Normalizer,3,58.93861700838803,91.0238248495829,17.270350357329615,-0.015380859641681361,0.1776345427452611,0.8924094707520891,0.09863382720800462,0.008605241775512695,0.01511240005493164
data_BoTIoT.csv,HBOS,Normalizer,3,80.33408091562796,96.00735931939798,42.405438382429836,0.16698459284033676,0.5410960806644259,0.972444089456869,0.3748316336347893,0.00735926628112793,0.024654388427734375
data_BoTIoT.csv,DASVDD,Normalizer,3,50.93356851174823,90.85387364341713,50.632734878856546,0.022492483502960077,0.6487760113098043,0.9124459327473141,0.5033288435635944,25.80151391029358,114.81136131286621
data_BoTIoT.csv,AE1SVM,Normalizer,3,78.43482992324633,95.72919506056665,22.99459647899599,0.04650484985996093,0.2742714459375103,0.9375561545372866,0.16063113334616125,61.434773683547974,6.088712215423584
data_BoTIoT.csv,DevNet,Normalizer,3,40.35273341457678,87.45114204606512,10.176050200453199,-0.14603362465129446,0.03628067025733094,0.6458055925432756,0.01866461420050029,2.9433209896087646,0.5024728775024414
data_BoTIoT.csv,DeepSVDD,Normalizer,3,86.33804759155923,97.53228890707265,45.065365173435595,0.18786180687637502,0.5707202789582653,0.9768721439895551,0.4031171829901867,8.204455852508545,0.011305809020996094
data_BoTIoT.csv,IForest,Normalizer,3,80.61646248904283,95.73048947459736,32.53616872930103,0.10982795537690679,0.41665159462229456,0.9613298094310753,0.2659611314219742,0.14350295066833496,0.15277886390686035
data_BoTIoT.csv,OCSVM,Normalizer,3,49.12960611178814,90.44643858833025,18.50095868921039,0.010013915173689415,0.1975147604009337,0.9142040038131554,0.11071772176255532,1.7638413906097412,8.198931455612183
data_BoTIoT.csv,LODA,Normalizer,3,51.05201505141854,91.1859481586213,21.0353843472198,0.038901020614467936,0.24038364800965828,0.9347939488784559,0.13792572638060419,0.02719569206237793,0.9789605140686035
data_BoTIoT.csv,MO_GAAL,Normalizer,3,39.75151618811423,87.25029980100454,10.081924350705943,-0.15307116745711297,0.034729239175180567,0.6304347826086957,0.017856455647488934,30.299964427947998,0.0052640438079833984
data_BoTIoT.csv,SUOD,Normalizer,3,67.67052359267099,91.10966768192922,15.861948753704027,-0.08445800314891279,0.16142594072478372,0.830829756795422,0.08939772945930344,0.1210026741027832,0.6153337955474854
data_BoTIoT.csv,DIF,Normalizer,3,32.27064902115893,85.0115352470166,45.50113299633955,-0.15402036752759143,0.6123440870880551,0.8608980616371497,0.4751587454300558,0.695141077041626,39.75110602378845
data_BoTIoT.csv,ALAD,Normalizer,3,49.32035789878776,90.3250622286425,17.59107547498693,-0.0006341492175261219,0.1814467259946674,0.9053213545266068,0.10082740042332115,5.338089227676392,0.026851892471313477
data_BoTIoT.csv,COPOD,Normalizer,3,40.678515382806324,84.7669757433717,7.167509151124281,-0.46888632711001493,0.0023976323380661595,0.04519774011299435,0.0012314796998268232,0.016927719116210938,0.23090052604675293
data_BoTIoT.csv,ECOD,Normalizer,3,42.30070624790655,84.46459754575864,8.063447795014817,-0.3834735813688273,0.019482450922070196,0.287596048298573,0.010082740042332115,0.017357587814331055,0.22583317756652832
data_BoTIoT.csv,VAE,Normalizer,3,75.23727720408498,95.33242457921442,23.566323862645984,0.05576557129033632,0.2826762637003108,0.9432314410480349,0.16624975947662113,37.94444036483765,5.681983709335327
data_BoTIoT.csv,SO_GAAL,Normalizer,3,43.27157761956685,89.29329736373252,18.23252571030155,0.012715984627581486,0.19179215051169843,0.9166666666666666,0.10710025014431403,3.0887906551361084,0.009121417999267578
data_BoTIoT.csv,KNN,Normalizer,5,66.83036794732004,89.64036295066849,8.321422346173959,-0.32506386663846576,0.0007599361653621095,0.03003003003003003,0.00038483740619588223,0.06485533714294434,3.5692903995513916
data_BoTIoT.csv,LUNAR,Normalizer,5,93.80089153999103,98.70109043207471,77.00191737842079,0.42727794669424335,0.8559386805843688,0.9893982229402262,0.75420434866269,2.5726027488708496,0.7262263298034668
data_BoTIoT.csv,NeuTraLAD,Normalizer,5,38.22694004375744,86.91549566438839,38.263900993550635,-0.09235988627062895,0.5227842302406425,0.8719884933477167,0.37329228401000575,147.6146378517151,3.8016765117645264
data_BoTIoT.csv,LOF,Normalizer,5,60.43248740370157,94.14618060399896,39.01342164894544,0.15761097167245122,0.4992844467342149,0.9741985926505082,0.3356551856840485,0.06211566925048828,0.42444705963134766
data_BoTIoT.csv,AutoEncoder,Normalizer,5,79.34480433868542,95.77653692372321,26.80495032246819,0.07887174271204149,0.3332486503651953,0.953133514986376,0.20192418703097942,9.441079139709473,5.262845754623413
data_BoTIoT.csv,CBLOF,Normalizer,5,58.890339868442624,90.98696512327278,17.549241763988146,-0.013180852518297257,0.18284213799537022,0.8945233265720081,0.10182797767943044,0.00843358039855957,0.01723027229309082
data_BoTIoT.csv,HBOS,Normalizer,5,79.06040023090245,95.71471514786788,39.35506362210214,0.15168587782566684,0.5045003987695112,0.9707333114107202,0.3408120069270733,0.007784605026245117,0.024883031845092773
data_BoTIoT.csv,DASVDD,Normalizer,5,49.57579087650282,90.57326201537063,50.34338504444832,0.0119049801295617,0.6467787531617318,0.9093508123561815,0.50186646142005,26.275824546813965,73.06174755096436
data_BoTIoT.csv,PCA,Normalizer,5,81.40641181878433,96.54242660803128,38.55673697054209,0.1513308749034208,0.4941304784592865,0.971996386630533,0.3312680392534154,0.005231618881225586,0.024271249771118164
data_BoTIoT.csv,AE1SVM,Normalizer,5,77.24029960304735,95.54024344370299,23.343210737319158,0.05300775366883071,0.27926185715690455,0.9416445623342176,0.16394073503944584,44.22936391830444,1.802492618560791
data_BoTIoT.csv,DevNet,Normalizer,5,40.29575538594203,87.43867591843689,10.172564057869966,-0.1474480409440569,0.03642346957854979,0.6441798941798942,0.018741581681739464,3.039088249206543,0.33967041969299316
data_BoTIoT.csv,DeepSVDD,Normalizer,5,75.61999515389932,95.16828569753845,34.31061530416594,0.1251326183646338,0.43987990844505215,0.9664315569487983,0.28474119684433324,7.711085796356201,0.0096282958984375
data_BoTIoT.csv,IForest,Normalizer,5,75.13699071401592,93.79413342458685,22.220672825518566,0.04214609122878758,0.2612985465020031,0.9355144618302513,0.15185684048489514,0.13875651359558105,0.14992666244506836
data_BoTIoT.csv,OCSVM,Normalizer,5,49.07391443781669,90.43518746684329,18.490500261460692,0.009910188323399112,0.19732912218064472,0.9141221374045801,0.11060227054069656,1.868501901626587,8.236485481262207
data_BoTIoT.csv,LODA,Normalizer,5,34.12603781383846,87.01898414777783,14.219975597001918,-0.048538155002151646,0.11920103092783506,0.8534085084572014,0.06407542813161439,0.027460813522338867,0.13465547561645508
data_BoTIoT.csv,MO_GAAL,Normalizer,5,40.04852372095012,87.3595583724357,10.088896635872407,-0.15272712658458773,0.03487632376604423,0.6314363143631436,0.017933423128728112,13.331208944320679,0.00441431999206543
data_BoTIoT.csv,SUOD,Normalizer,5,66.34445370904866,90.53847008615782,13.86787519609552,-0.12114331857417783,0.12482731748786795,0.7845057880676759,0.06780835097171445,0.1153104305267334,0.585843563079834
data_BoTIoT.csv,DIF,Normalizer,5,32.919409345847676,85.32704115591827,45.919470106327346,-0.13969393681763287,0.6153197609541994,0.8650815785803933,0.4774677698672311,0.5234873294830322,38.032500982284546
data_BoTIoT.csv,ALAD,Normalizer,5,49.32009635188392,90.32307957470704,17.448143629074426,-0.0012073354694313474,0.17869034406215317,0.9048120828942747,0.09913411583605926,4.973301410675049,0.01720261573791504
data_BoTIoT.csv,COPOD,Normalizer,5,40.627367640875434,84.75990010255315,7.132647725291965,-0.47255752375559473,0.002620839417424838,0.04834254143646409,0.0013469309216855877,0.019182205200195312,0.22963833808898926
data_BoTIoT.csv,ECOD,Normalizer,5,42.2450943920638,84.45611052317862,8.073906222764512,-0.38355688346429173,0.02014046300769202,0.29265658747300216,0.01042909370790841,0.01619696617126465,0.22745466232299805
data_BoTIoT.csv,VAE,Normalizer,5,73.9294514641638,94.93219942926375,21.526930451455463,0.035699818230273565,0.24991669443518827,0.9316770186335404,0.14431402732345583,28.582746267318726,1.4989333152770996
data_BoTIoT.csv,SO_GAAL,Normalizer,5,39.837911473143336,87.05900929860009,10.20045319853582,-0.1486176557937108,0.03744254699002279,0.645618556701031,0.0192803540504137,2.4183154106140137,0.007851839065551758
data_BoTIoT.csv,KNN,RobustScaler,0,74.16818392377368,92.60202382850511,11.9714136308175,-0.09259737217443367,0.07461428519075017,0.7818740399385561,0.03917644795074081,0.048024892807006836,5.760621786117554
data_BoTIoT.csv,LUNAR,RobustScaler,0,99.32939088790542,99.861490606302,99.38643890535123,0.9635783640737924,0.9966229181057641,0.993838735601393,0.9994227438907062,1.5547397136688232,0.4275064468383789
data_BoTIoT.csv,NeuTraLAD,RobustScaler,0,98.24954781604771,99.7974510023449,59.37598047760153,0.32113958435270107,0.7110372703151735,0.999651373588063,0.5517413892630364,91.49365043640137,0.905055046081543
data_BoTIoT.csv,LOF,RobustScaler,0,93.40858686279122,99.21834098494604,89.65661495555169,0.6053899184147329,0.940134379855128,0.9881659314557176,0.8965557052145469,0.04930400848388672,0.27839016914367676
data_BoTIoT.csv,AutoEncoder,RobustScaler,0,97.04532030587445,99.49556417451478,96.24891058044274,0.8006404991082294,0.9790929934325574,0.988775950708371,0.9695978449105253,4.083776473999023,1.2767715454101562
data_BoTIoT.csv,CBLOF,RobustScaler,0,49.29226191748801,88.79019476821671,10.291092905699843,-0.14776369004934992,0.03992090437637578,0.6540342298288508,0.0205888012314797,0.007385969161987305,0.01617574691772461
data_BoTIoT.csv,HBOS,RobustScaler,0,86.2053634931834,97.84453957979402,53.76329091859857,0.2316991097515802,0.6622870674509205,0.9787025888019265,0.5004810467577449,0.007202625274658203,0.02405095100402832
data_BoTIoT.csv,DASVDD,RobustScaler,0,69.61008274004233,92.19306316850468,54.99041310789611,0.17095083574330208,0.6798422892850944,0.9557941709663924,0.5275351164133154,20.23416495323181,22.365525245666504
data_BoTIoT.csv,AE1SVM,RobustScaler,0,91.18265167226106,98.45130928377708,75.59002963221195,0.3956776909353324,0.8463462804476629,0.9846310952259382,0.7421204541081393,44.73404240608215,1.7568912506103516
data_BoTIoT.csv,DevNet,RobustScaler,0,64.65723672489113,94.18111329501784,29.98779850095869,0.1025628247361416,0.3796756756756757,0.9618153364632238,0.23652106984798923,2.398941993713379,0.33395910263061523
data_BoTIoT.csv,DeepSVDD,RobustScaler,0,86.11273526749763,97.67464175562289,45.473243855673694,0.18541789815936927,0.5757912722736026,0.9751056402719088,0.408504906676929,7.184333562850952,0.009012937545776367
data_BoTIoT.csv,IForest,RobustScaler,0,80.70816211632066,95.12926233477666,26.546975771309043,0.07149504334591679,0.3302606484424666,0.9488584474885845,0.1999230325187608,0.14290261268615723,0.17620015144348145
data_BoTIoT.csv,OCSVM,RobustScaler,0,73.33393196929853,94.5454964689303,46.16001394457033,0.09929692673373558,0.5931506849315068,0.940125260960334,0.4332499518953242,2.4129812717437744,9.955543041229248
data_BoTIoT.csv,LODA,RobustScaler,0,47.30498221908652,90.45645882013318,24.34024751612341,0.06545355163886984,0.2943720128751179,0.9486588432523051,0.1742158937848759,0.026459932327270508,0.12558889389038086
data_BoTIoT.csv,MO_GAAL,RobustScaler,0,17.749996793021612,83.28939501843516,9.412584974725466,0.0,0.0,0.0,0.0,11.260626316070557,0.0043489933013916016
data_BoTIoT.csv,SUOD,RobustScaler,0,69.21627862228209,92.39595617655964,19.12149206902562,-0.04462465470534141,0.2195384511875126,0.872226677358995,0.12557244564171638,0.11474847793579102,0.5323531627655029
data_BoTIoT.csv,DIF,RobustScaler,0,91.539122998311,98.69530651673081,57.967578873975945,0.2729072676291739,0.7010191682991544,0.9855668665458095,0.5439676736578796,0.5021591186523438,55.16535758972168
data_BoTIoT.csv,ALAD,RobustScaler,0,40.20763759718926,88.03111327152942,14.251350880251001,-0.047310456563534886,0.11968075587845818,0.8548057259713702,0.06434481431595152,5.487300872802734,0.016352176666259766
data_BoTIoT.csv,COPOD,RobustScaler,0,39.2615126960711,84.83759225127334,7.387136133867875,-0.4456463564807979,0.007472166180975865,0.12804097311139565,0.0038483740619588225,0.016487598419189453,0.20725321769714355
data_BoTIoT.csv,ECOD,RobustScaler,0,37.064815171145746,83.9462937984196,7.976294230434025,-0.38949733332145564,0.017200938232994525,0.2643020594965675,0.00888974408312488,0.015456438064575195,0.2040548324584961
data_BoTIoT.csv,VAE,RobustScaler,0,90.2674377668028,98.34082496719199,70.62576259369008,0.35262727123419774,0.808960232167959,0.9844931295182385,0.6865499326534539,27.97196936607361,1.4946866035461426
data_BoTIoT.csv,SO_GAAL,RobustScaler,0,36.11123368895161,88.05608001333691,9.412584974725466,0.0,0.0,0.0,0.0,2.361880302429199,0.006822347640991211
data_BoTIoT.csv,KNN,RobustScaler,1,71.16349033274182,91.89725821314167,11.50427052466446,-0.10554947468694721,0.06518136623089671,0.7564102564102564,0.03405811044833558,0.05330348014831543,5.779394149780273
data_BoTIoT.csv,LUNAR,RobustScaler,1,93.95703005295077,99.08226603512351,64.78298762419384,0.3291116250627212,0.7605253176559833,0.99024631150071,0.6173176832788148,1.633085012435913,0.6613099575042725
data_BoTIoT.csv,NeuTraLAD,RobustScaler,1,97.04727371204186,99.59697860951047,59.24350705943873,0.31660288129454756,0.7100949735908945,0.9983265932227026,0.5510101981912642,101.88702964782715,0.9117076396942139
data_BoTIoT.csv,LOF,RobustScaler,1,90.65333632651317,98.78649518603797,78.67875196095521,0.4377904255386253,0.8680873091191441,0.9874871190931842,0.7744467962285935,0.05529665946960449,0.29813337326049805
data_BoTIoT.csv,AutoEncoder,RobustScaler,1,94.99086581289775,99.11716198583174,85.77653826041485,0.5333895609636322,0.9157512183034608,0.9880140801140668,0.8533384644987493,4.321296215057373,1.277641773223877
data_BoTIoT.csv,CBLOF,RobustScaler,1,49.247955729445046,88.7892803425764,10.287606763116612,-0.14791899512732976,0.039847772554286995,0.653610771113831,0.02055031749086011,0.00697779655456543,0.014110565185546875
data_BoTIoT.csv,HBOS,RobustScaler,1,85.51197770793692,97.72922422757615,51.124280983092206,0.2183779277688533,0.635749545336451,0.9784086365453818,0.4708485664806619,0.00729680061340332,0.024366378784179688
data_BoTIoT.csv,DASVDD,RobustScaler,1,72.14664086830722,92.31273302661745,54.70454941607111,0.16116110809149706,0.6778089121432291,0.9529354343885093,0.5259572830479122,23.376950979232788,21.935227632522583
data_BoTIoT.csv,AE1SVM,RobustScaler,1,89.92287858379835,98.18064873803058,56.96356981000523,0.2526861871863865,0.692765237301212,0.9804170188785574,0.5356167019434289,50.8643741607666,1.7221448421478271
data_BoTIoT.csv,DevNet,RobustScaler,1,63.94258439698116,94.01179006908544,29.074429144152,0.09817974900688908,0.3662586051147868,0.9609349460608042,0.22624591110255918,2.318650484085083,0.33092308044433594
data_BoTIoT.csv,DeepSVDD,RobustScaler,1,85.31406651985832,97.43839482896814,42.40195223984661,0.1690763359224946,0.5408004446914952,0.9733866933466734,0.37440831248797385,7.343882083892822,0.009499073028564453
data_BoTIoT.csv,IForest,RobustScaler,1,81.40527369778863,95.55202975069325,35.729475335541224,0.12700162564364903,0.4594182500586442,0.9648971548220224,0.30148162401385414,0.13759088516235352,0.1478562355041504
data_BoTIoT.csv,OCSVM,RobustScaler,1,69.90273305824586,93.50478808584846,34.868398117483004,0.027524428061951656,0.46187966243267375,0.9180215250744218,0.3085626322878584,2.4392356872558594,10.01744294166565
data_BoTIoT.csv,LODA,RobustScaler,1,54.25049351834035,91.12673013889112,19.877985009586894,0.025712601642917925,0.22115286861635433,0.9259364358683314,0.12557244564171638,0.026546478271484375,0.11928844451904297
data_BoTIoT.csv,MO_GAAL,RobustScaler,1,24.558603610345,85.02922108373541,9.412584974725466,0.0,0.0,0.0,0.0,11.976874113082886,0.004390716552734375
data_BoTIoT.csv,SUOD,RobustScaler,1,70.130774877244,92.37082610596772,19.28185462785428,-0.045627653899930065,0.22281149301825995,0.8718150774888364,0.12772753511641333,0.11515951156616211,0.5352740287780762
data_BoTIoT.csv,DIF,RobustScaler,1,89.8753012778027,98.21129152666597,57.61896461565278,0.2609685753708751,0.6985394400773676,0.9820806024264398,0.5420434866269002,0.5044889450073242,54.4227454662323
data_BoTIoT.csv,ALAD,RobustScaler,1,40.13553332050542,88.06122018754549,14.251350880251001,-0.043673403245637454,0.11905017728591383,0.8584710743801653,0.06395997690975563,5.799206018447876,0.016747474670410156
data_BoTIoT.csv,COPOD,RobustScaler,1,39.23741759847206,84.8341097773813,7.369705420951717,-0.44761944044056107,0.007544914652821873,0.1281725888324873,0.0038868578025784105,0.015510082244873047,0.2065448760986328
data_BoTIoT.csv,ECOD,RobustScaler,1,37.030593148468846,83.94110715730415,7.948405089768172,-0.3930552245151366,0.017342116035875106,0.26297968397291194,0.008966711564364056,0.015789508819580078,0.2101149559020996
data_BoTIoT.csv,VAE,RobustScaler,1,89.50144456559697,98.11144231628847,61.01446749172042,0.28063941662399844,0.729428274176768,0.9822755115339502,0.5801039060996729,27.208882093429565,1.5524721145629883
data_BoTIoT.csv,SO_GAAL,RobustScaler,1,31.366226241635125,86.45604650046232,9.412584974725466,0.0,0.0,0.0,0.0,2.5456719398498535,0.008260726928710938
data_BoTIoT.csv,KNN,RobustScaler,3,68.5427219407208,91.20604300839794,11.263726686421474,-0.11593645297136387,0.06080732049295255,0.7376902417188899,0.0317106022705407,0.05234026908874512,5.733011484146118
data_BoTIoT.csv,LUNAR,RobustScaler,3,90.48045239775084,98.37002381109954,73.0067979780373,0.37147497684354475,0.8272307383358993,0.9843351741716228,0.713373099865307,1.58782958984375,0.44176387786865234
data_BoTIoT.csv,NeuTraLAD,RobustScaler,3,95.96532686236363,99.39194711335986,58.929754226947885,0.3058580582620786,0.7078632181912863,0.9951889555152699,0.5492784298633827,123.81952452659607,3.248908281326294
data_BoTIoT.csv,LOF,RobustScaler,3,64.94318873424126,94.43406353955129,34.16071117308698,0.12242514143709682,0.43815077051228657,0.9652641237383668,0.28339426592264766,0.06302690505981445,0.44228386878967285
data_BoTIoT.csv,AutoEncoder,RobustScaler,3,86.66300643533663,97.57070534853867,54.72895241415374,0.24019447932604676,0.6714401376378909,0.9800576113450034,0.5106407542813162,8.931013107299805,4.664804220199585
data_BoTIoT.csv,CBLOF,RobustScaler,3,49.062183310884485,88.74352418572798,10.26320376503399,-0.15224114342897915,0.039908992577673344,0.6476997578692494,0.0205888012314797,0.008601903915405273,0.02171802520751953
data_BoTIoT.csv,HBOS,RobustScaler,3,84.53934819945981,97.56071006808007,46.323862645982224,0.19458270654466903,0.5846842715723033,0.9774531024531025,0.41708678083509715,0.009669780731201172,0.024094104766845703
data_BoTIoT.csv,DASVDD,RobustScaler,3,68.2527797375979,90.9491705548987,54.42565800941258,0.15161015428485802,0.6758251295657995,0.9501464230930136,0.5244179334231287,25.850000381469727,92.01159167289734
data_BoTIoT.csv,PCA,RobustScaler,3,81.57414320227481,96.73012303991665,40.85410493289176,0.16164078126769652,0.5224073865555681,0.9727434741587169,0.3570906292091591,0.0052983760833740234,0.02482748031616211
data_BoTIoT.csv,AE1SVM,RobustScaler,3,87.83380012685382,97.74828081093978,44.98518389402126,0.18471318770675393,0.5701288442156301,0.9756666045123997,0.40273234558399074,50.92770028114319,1.7446355819702148
data_BoTIoT.csv,DevNet,RobustScaler,3,63.4924158524505,93.89572334607554,28.45389576433676,0.0968252502766812,0.3567465914433474,0.9613175675675676,0.21901096786607657,2.2756388187408447,0.3387432098388672
data_BoTIoT.csv,DeepSVDD,RobustScaler,3,84.05197514235422,97.16506912739129,40.275405264075296,0.1596787561025231,0.5153058337577096,0.9728661467791903,0.35047142582258994,7.616012334823608,0.009640216827392578
data_BoTIoT.csv,IForest,RobustScaler,3,80.58202381715948,94.98305296417644,30.09586892103887,0.09423544116089845,0.3826354679802956,0.9567359507313318,0.23913796421012123,0.14078068733215332,0.1524181365966797
data_BoTIoT.csv,OCSVM,RobustScaler,3,64.86207569894312,92.05590271170652,24.748126198361515,-0.0493528535878494,0.32149368202678064,0.8773374506776462,0.1968058495285742,2.5248265266418457,10.144453525543213
data_BoTIoT.csv,LODA,RobustScaler,3,45.871357407051086,87.93779802426087,10.984835279762942,-0.10917088143186923,0.05240109849328286,0.7346514047866806,0.027169520877429285,0.026849031448364258,0.12244725227355957
data_BoTIoT.csv,MO_GAAL,RobustScaler,3,27.538880693277463,85.50958175470097,9.412584974725466,0.0,0.0,0.0,0.0,12.455710172653198,0.00435328483581543
data_BoTIoT.csv,SUOD,RobustScaler,3,67.86850462161217,91.434077452452,17.144849224333274,-0.0679264565020429,0.18486126830606717,0.8496216897856242,0.10371368096979026,0.11301398277282715,0.5213251113891602
data_BoTIoT.csv,DIF,RobustScaler,3,90.34671854845033,98.40293720547514,57.5213526233223,0.25762574153855144,0.6978451161752672,0.9811044484730164,0.5415047142582259,0.5065109729766846,54.279871463775635
data_BoTIoT.csv,ALAD,RobustScaler,3,41.148022719660204,88.35467642038783,14.711521701237581,-0.03447039634091705,0.12752754894618595,0.8696498054474708,0.06880892822782375,5.658370733261108,0.016447067260742188
data_BoTIoT.csv,COPOD,RobustScaler,3,39.19627562910226,84.82803041237396,7.324385567369705,-0.4526489524842928,0.007615350156786621,0.12702366127023662,0.0039253415431979985,0.01593756675720215,0.20911931991577148
data_BoTIoT.csv,ECOD,RobustScaler,3,36.970259195119695,83.93165238426657,7.910057521352623,-0.39793507376625004,0.017554299315679856,0.26135105204872644,0.00908216278622282,0.016173839569091797,0.20607972145080566
data_BoTIoT.csv,VAE,RobustScaler,3,88.62465239917616,97.96124228322562,54.17116960083668,0.2391146177391758,0.6658362989323844,0.9806813927368027,0.504021550894747,29.153681755065918,1.466437816619873
data_BoTIoT.csv,SO_GAAL,RobustScaler,3,28.715013647474684,85.7065110640874,9.412584974725466,0.0,0.0,0.0,0.0,2.7446601390838623,0.007978200912475586
data_BoTIoT.csv,KNN,RobustScaler,5,67.07225963697005,90.88332247855789,11.25326825867178,-0.11865885674426503,0.06100844675592933,0.7344582593250444,0.03182605349239946,0.06249547004699707,5.6691954135894775
data_BoTIoT.csv,LUNAR,RobustScaler,5,86.30557087778563,97.69591265182346,37.31567021091163,0.17327918053135682,0.4746545125193561,0.9855617568551323,0.31260342505291516,1.5446209907531738,0.4370884895324707
data_BoTIoT.csv,NeuTraLAD,RobustScaler,5,94.94064096807988,99.18411167243443,58.81819766428447,0.302037676739423,0.7070697051603144,0.9940733509970715,0.5486626900134693,101.49561548233032,0.8697085380554199
data_BoTIoT.csv,LOF,RobustScaler,5,62.19032276455789,93.8220162416898,28.426006623670908,0.08738469533593698,0.357824278252166,0.9555629802873371,0.22012699634404465,0.03854489326477051,0.29509806632995605
data_BoTIoT.csv,AutoEncoder,RobustScaler,5,85.09789337153202,97.21876622493592,43.62558828656092,0.18037896730904768,0.554382870842404,0.9762228260869565,0.38710794689243794,4.009820938110352,1.256812572479248
data_BoTIoT.csv,CBLOF,RobustScaler,5,48.90551172685097,88.71163386851413,10.256231479867527,-0.15573681747302925,0.040335507921714815,0.6440476190476191,0.02081970367519723,0.007636547088623047,0.016986370086669922
data_BoTIoT.csv,HBOS,RobustScaler,5,83.71821207391727,97.41971520012144,43.96374411713439,0.182697172079501,0.558188115001924,0.9766278734250264,0.3907639022512988,0.00729823112487793,0.02386617660522461
data_BoTIoT.csv,DASVDD,RobustScaler,5,68.24383796919876,90.97722988268673,54.45354715007844,0.15256524966552193,0.6760235078235426,0.9504253242225631,0.5245718683856071,24.295631647109985,21.60431933403015
data_BoTIoT.csv,AE1SVM,RobustScaler,5,86.65084343531524,97.17403518427258,35.795712044622626,0.1327827173660302,0.4595157740278797,0.9677379480840543,0.3012892053107562,51.32558035850525,1.678828477859497
data_BoTIoT.csv,DevNet,RobustScaler,5,64.03168352111975,94.0147064598709,29.241763988147113,0.10218981585235179,0.3682261026550876,0.9630413546076196,0.22763132576486433,2.1210222244262695,0.33524608612060547
data_BoTIoT.csv,DeepSVDD,RobustScaler,5,76.92793634504238,95.41486014357264,34.42565800941259,0.1251118022391598,0.4415083135391924,0.9662118258609487,0.28612661150663843,7.595462322235107,0.00821232795715332
data_BoTIoT.csv,IForest,RobustScaler,5,77.82997313264775,94.17481309889256,20.930800069722853,0.02608484361417895,0.2407016839074688,0.9251158003088008,0.13834904752741967,0.13967204093933105,0.15568089485168457
data_BoTIoT.csv,OCSVM,RobustScaler,5,62.230055088762036,91.35203352309614,21.57225030503748,-0.0798517032182175,0.27201242597806036,0.8546156974379829,0.1617471618241293,2.6281237602233887,10.336011171340942
data_BoTIoT.csv,LODA,RobustScaler,5,81.50410707031834,96.78511076899768,34.05961303817326,0.12160582146941655,0.43683568047161103,0.9650092081031307,0.2823167211852992,0.0274503231048584,0.13181805610656738
data_BoTIoT.csv,MO_GAAL,RobustScaler,5,26.333180111032718,84.93878202683705,9.412584974725466,0.0,0.0,0.0,0.0,12.44864010810852,0.0043065547943115234
data_BoTIoT.csv,SUOD,RobustScaler,5,67.06905835987999,91.00942393969372,16.451106850270175,-0.08016942207621931,0.172958796328249,0.8372870030070164,0.09644025399268809,0.1132805347442627,0.5218706130981445
data_BoTIoT.csv,DIF,RobustScaler,5,89.91658577954519,98.26961707793046,57.653826041485104,0.26216244459670496,0.6987874128995462,0.9824292288383768,0.5422359053299981,0.49576282501220703,54.23299956321716
data_BoTIoT.csv,ALAD,RobustScaler,5,40.57996208638887,88.19490189384408,14.537214572076,-0.04247537907598942,0.12512044538025052,0.8610019646365422,0.06746199730613815,5.884670734405518,0.017163991928100586
data_BoTIoT.csv,COPOD,RobustScaler,5,39.15417441686443,84.82168357169778,7.289524141537389,-0.45645424969052545,0.0076125083961489665,0.12546125461254612,0.0039253415431979985,0.01636195182800293,0.20541048049926758
data_BoTIoT.csv,ECOD,RobustScaler,5,36.902445142853075,83.92123662935415,7.896112951019697,-0.3999415937171861,0.017770837980518997,0.2617743702081051,0.009197614008081586,0.015778541564941406,0.20469903945922852
data_BoTIoT.csv,VAE,RobustScaler,5,87.71851851851852,97.71478540384206,48.98030329440474,0.21063393421754642,0.6131070399450128,0.9792264820131734,0.44625745622474505,29.631839752197266,1.4971210956573486
data_BoTIoT.csv,SO_GAAL,RobustScaler,5,30.452709896735296,86.32848890688469,9.412584974725466,0.0,0.0,0.0,0.0,2.37591552734375,0.00787353515625
