2026-03-21 03:44:37 | INFO | Run started at 20260321_025037
2026-03-21 03:44:37 | INFO | Dataset prefix : data_BoTIoT
2026-03-21 03:44:37 | INFO | Scalers        : ['StandardScaler', 'MinMaxScaler', 'Normalizer', 'QuantileTransformer', 'RobustScaler']
2026-03-21 03:44:37 | INFO | N_CLUSTERS     : range(1, 301, 3) — 100 values
2026-03-21 03:44:37 | INFO | NOISE_LIST     : [0, 1, 3, 5]
2026-03-21 03:44:37 | INFO | CSV output     : /home/jupyter-iclr2025/New Project/NFST/GMM-nfst/notebooks/experiments/outputs/Experiment_OC_NFST_MemOpt_20260321_025037/data_BoTIoT_memopt.csv
2026-03-21 03:44:37 | INFO | Log file       : /home/jupyter-iclr2025/New Project/NFST/GMM-nfst/notebooks/experiments/outputs/Experiment_OC_NFST_MemOpt_20260321_025037/data_BoTIoT_memopt.log
2026-03-21 03:44:37 | INFO | ------------------------------------------------------------
2026-03-21 03:44:37 | INFO | 
>>> Processing data_BoTIoT | scaler=StandardScaler
2026-03-21 03:44:37 | INFO | --- noise=0% ---
2026-03-21 03:44:37 | INFO | ============================================================
2026-03-21 03:44:37 | INFO | Dataset  : Train_StandardScaler_data_BoTIoT.csv
2026-03-21 03:44:37 | INFO | Scaler   : StandardScaler
2026-03-21 03:44:37 | INFO | Noise    : 0%
2026-03-21 03:44:37 | INFO | nClusters: 100 values (1..298)
2026-03-21 03:44:37 | INFO | ============================================================
2026-03-21 03:44:37 | INFO | Loaded Raw Shape -> Train: (9072, 27), Test: (15000, 27)
2026-03-21 03:44:37 | INFO | Dropped metadata features: ['pkSeqID', 'stime', 'ltime', 'seq', 'saddr', 'daddr', 'sport', 'dport', 'state', 'flgs', 'proto']
2026-03-21 03:44:37 | INFO | Dropped metadata features: ['pkSeqID', 'stime', 'ltime', 'seq', 'saddr', 'daddr', 'sport', 'dport', 'state', 'flgs', 'proto']
2026-03-21 03:44:37 | INFO | Training size : 9,072  |  Testing size: 15,000  |  Features: 15
2026-03-21 03:44:37 | INFO | Firing up Parallel execution for 100 cluster configs...
2026-03-21 03:45:08 | INFO | [ncluster=1/1] AUC-ROC=nan%  AUC-PR=0.00%  F1=0.0000  MCC=0.0000  Train=0.008s  Test=0.003s  Peak RAM=4.168 MB
2026-03-21 03:45:08 | INFO | [ncluster=4/4] AUC-ROC=nan%  AUC-PR=0.00%  F1=0.0000  MCC=0.0000  Train=0.008s  Test=0.004s  Peak RAM=4.168 MB
2026-03-21 03:45:08 | INFO | [ncluster=7/7] AUC-ROC=nan%  AUC-PR=0.00%  F1=0.0000  MCC=0.0000  Train=0.008s  Test=0.004s  Peak RAM=4.169 MB
2026-03-21 03:45:08 | INFO | [ncluster=10/10] AUC-ROC=nan%  AUC-PR=0.00%  F1=0.0000  MCC=0.0000  Train=0.008s  Test=0.003s  Peak RAM=4.17 MB
2026-03-21 03:45:08 | INFO | [ncluster=13/13] AUC-ROC=nan%  AUC-PR=0.00%  F1=0.0000  MCC=0.0000  Train=0.009s  Test=0.004s  Peak RAM=4.169 MB
2026-03-21 03:45:08 | INFO | [ncluster=16/16] AUC-ROC=nan%  AUC-PR=0.00%  F1=0.0000  MCC=0.0000  Train=0.009s  Test=0.003s  Peak RAM=4.17 MB
2026-03-21 03:45:08 | INFO | [ncluster=19/19] AUC-ROC=nan%  AUC-PR=0.00%  F1=0.0000  MCC=0.0000  Train=0.009s  Test=0.004s  Peak RAM=4.17 MB
2026-03-21 03:45:08 | INFO | [ncluster=22/22] AUC-ROC=nan%  AUC-PR=0.00%  F1=0.0000  MCC=0.0000  Train=0.019s  Test=0.004s  Peak RAM=4.17 MB
2026-03-21 03:45:08 | INFO | [ncluster=25/25] AUC-ROC=nan%  AUC-PR=0.00%  F1=0.0000  MCC=0.0000  Train=0.010s  Test=0.004s  Peak RAM=4.171 MB
2026-03-21 03:45:08 | INFO | [ncluster=28/28] AUC-ROC=nan%  AUC-PR=0.00%  F1=0.0000  MCC=0.0000  Train=0.010s  Test=0.004s  Peak RAM=4.171 MB
2026-03-21 03:45:08 | INFO | [ncluster=31/31] AUC-ROC=nan%  AUC-PR=0.00%  F1=0.0000  MCC=0.0000  Train=0.011s  Test=0.005s  Peak RAM=4.17 MB
2026-03-21 03:45:08 | INFO | [ncluster=34/34] AUC-ROC=nan%  AUC-PR=0.00%  F1=0.0000  MCC=0.0000  Train=0.011s  Test=0.004s  Peak RAM=4.17 MB
2026-03-21 03:45:08 | INFO | [ncluster=37/37] AUC-ROC=nan%  AUC-PR=0.00%  F1=0.0000  MCC=0.0000  Train=0.011s  Test=0.004s  Peak RAM=4.171 MB
2026-03-21 03:45:08 | INFO | [ncluster=40/40] AUC-ROC=nan%  AUC-PR=0.00%  F1=0.0000  MCC=0.0000  Train=0.011s  Test=0.003s  Peak RAM=4.172 MB
2026-03-21 03:45:08 | INFO | [ncluster=43/43] AUC-ROC=nan%  AUC-PR=0.00%  F1=0.0000  MCC=0.0000  Train=0.011s  Test=0.004s  Peak RAM=4.173 MB
2026-03-21 03:45:08 | INFO | [ncluster=46/46] AUC-ROC=nan%  AUC-PR=0.00%  F1=0.0000  MCC=0.0000  Train=0.012s  Test=0.005s  Peak RAM=4.172 MB
2026-03-21 03:45:08 | INFO | [ncluster=49/49] AUC-ROC=nan%  AUC-PR=0.00%  F1=0.0000  MCC=0.0000  Train=0.012s  Test=0.004s  Peak RAM=4.174 MB
2026-03-21 03:45:08 | INFO | [ncluster=52/52] AUC-ROC=nan%  AUC-PR=0.00%  F1=0.0000  MCC=0.0000  Train=0.013s  Test=0.004s  Peak RAM=4.173 MB
2026-03-21 03:45:08 | INFO | [ncluster=55/55] AUC-ROC=nan%  AUC-PR=0.00%  F1=0.0000  MCC=0.0000  Train=0.013s  Test=0.005s  Peak RAM=4.174 MB
2026-03-21 03:45:08 | INFO | [ncluster=58/58] AUC-ROC=nan%  AUC-PR=0.00%  F1=0.0000  MCC=0.0000  Train=0.013s  Test=0.004s  Peak RAM=4.174 MB
2026-03-21 03:45:08 | INFO | [ncluster=61/61] AUC-ROC=nan%  AUC-PR=0.00%  F1=0.0000  MCC=0.0000  Train=0.013s  Test=0.005s  Peak RAM=4.172 MB
2026-03-21 03:45:08 | INFO | [ncluster=64/64] AUC-ROC=nan%  AUC-PR=0.00%  F1=0.0000  MCC=0.0000  Train=0.013s  Test=0.004s  Peak RAM=4.172 MB
2026-03-21 03:45:08 | INFO | [ncluster=67/67] AUC-ROC=nan%  AUC-PR=0.00%  F1=0.0000  MCC=0.0000  Train=0.014s  Test=0.005s  Peak RAM=4.172 MB
2026-03-21 03:45:08 | INFO | [ncluster=70/70] AUC-ROC=nan%  AUC-PR=0.00%  F1=0.0000  MCC=0.0000  Train=0.013s  Test=0.005s  Peak RAM=4.173 MB
2026-03-21 03:45:08 | INFO | [ncluster=73/73] AUC-ROC=nan%  AUC-PR=0.00%  F1=0.0000  MCC=0.0000  Train=0.030s  Test=0.010s  Peak RAM=4.173 MB
2026-03-21 03:45:08 | INFO | [ncluster=76/76] AUC-ROC=nan%  AUC-PR=0.00%  F1=0.0000  MCC=0.0000  Train=0.015s  Test=0.005s  Peak RAM=4.171 MB
2026-03-21 03:45:08 | INFO | [ncluster=79/79] AUC-ROC=nan%  AUC-PR=0.00%  F1=0.0000  MCC=0.0000  Train=0.015s  Test=0.005s  Peak RAM=4.173 MB
2026-03-21 03:45:08 | INFO | [ncluster=82/82] AUC-ROC=nan%  AUC-PR=0.00%  F1=0.0000  MCC=0.0000  Train=0.015s  Test=0.004s  Peak RAM=4.17 MB
2026-03-21 03:45:08 | INFO | [ncluster=85/85] AUC-ROC=nan%  AUC-PR=0.00%  F1=0.0000  MCC=0.0000  Train=0.025s  Test=0.011s  Peak RAM=4.174 MB
2026-03-21 03:45:08 | INFO | [ncluster=88/88] AUC-ROC=nan%  AUC-PR=0.00%  F1=0.0000  MCC=0.0000  Train=0.015s  Test=0.004s  Peak RAM=4.174 MB
2026-03-21 03:45:08 | INFO | [ncluster=91/91] AUC-ROC=nan%  AUC-PR=0.00%  F1=0.0000  MCC=0.0000  Train=0.016s  Test=0.005s  Peak RAM=4.174 MB
2026-03-21 03:45:08 | INFO | [ncluster=94/94] AUC-ROC=nan%  AUC-PR=0.00%  F1=0.0000  MCC=0.0000  Train=0.016s  Test=0.005s  Peak RAM=4.172 MB
2026-03-21 03:45:08 | INFO | [ncluster=97/97] AUC-ROC=nan%  AUC-PR=0.00%  F1=0.0000  MCC=0.0000  Train=0.016s  Test=0.004s  Peak RAM=4.176 MB
2026-03-21 03:45:08 | INFO | [ncluster=100/100] AUC-ROC=nan%  AUC-PR=0.00%  F1=0.0000  MCC=0.0000  Train=0.017s  Test=0.005s  Peak RAM=4.173 MB
2026-03-21 03:45:08 | INFO | [ncluster=103/103] AUC-ROC=nan%  AUC-PR=0.00%  F1=0.0000  MCC=0.0000  Train=0.017s  Test=0.006s  Peak RAM=4.175 MB
2026-03-21 03:45:08 | INFO | [ncluster=106/106] AUC-ROC=nan%  AUC-PR=0.00%  F1=0.0000  MCC=0.0000  Train=0.018s  Test=0.005s  Peak RAM=4.173 MB
2026-03-21 03:45:08 | INFO | [ncluster=109/109] AUC-ROC=nan%  AUC-PR=0.00%  F1=0.0000  MCC=0.0000  Train=0.018s  Test=0.005s  Peak RAM=4.175 MB
2026-03-21 03:45:08 | INFO | [ncluster=112/112] AUC-ROC=nan%  AUC-PR=0.00%  F1=0.0000  MCC=0.0000  Train=0.018s  Test=0.004s  Peak RAM=4.172 MB
2026-03-21 03:45:08 | INFO | [ncluster=115/115] AUC-ROC=nan%  AUC-PR=0.00%  F1=0.0000  MCC=0.0000  Train=0.018s  Test=0.005s  Peak RAM=4.175 MB
2026-03-21 03:45:08 | INFO | [ncluster=118/118] AUC-ROC=nan%  AUC-PR=0.00%  F1=0.0000  MCC=0.0000  Train=0.017s  Test=0.006s  Peak RAM=4.172 MB
2026-03-21 03:45:08 | INFO | [ncluster=121/121] AUC-ROC=nan%  AUC-PR=0.00%  F1=0.0000  MCC=0.0000  Train=0.019s  Test=0.005s  Peak RAM=4.179 MB
2026-03-21 03:45:08 | INFO | [ncluster=124/124] AUC-ROC=nan%  AUC-PR=0.00%  F1=0.0000  MCC=0.0000  Train=0.019s  Test=0.005s  Peak RAM=4.174 MB
2026-03-21 03:45:08 | INFO | [ncluster=127/127] AUC-ROC=nan%  AUC-PR=0.00%  F1=0.0000  MCC=0.0000  Train=0.019s  Test=0.006s  Peak RAM=4.176 MB
2026-03-21 03:45:08 | INFO | [ncluster=130/130] AUC-ROC=nan%  AUC-PR=0.00%  F1=0.0000  MCC=0.0000  Train=0.020s  Test=0.005s  Peak RAM=4.174 MB
2026-03-21 03:45:08 | INFO | [ncluster=133/133] AUC-ROC=nan%  AUC-PR=0.00%  F1=0.0000  MCC=0.0000  Train=0.018s  Test=0.005s  Peak RAM=4.177 MB
2026-03-21 03:45:08 | INFO | [ncluster=136/136] AUC-ROC=nan%  AUC-PR=0.00%  F1=0.0000  MCC=0.0000  Train=0.018s  Test=0.005s  Peak RAM=4.174 MB
2026-03-21 03:45:08 | INFO | [ncluster=139/139] AUC-ROC=nan%  AUC-PR=0.00%  F1=0.0000  MCC=0.0000  Train=0.020s  Test=0.006s  Peak RAM=4.177 MB
2026-03-21 03:45:08 | INFO | [ncluster=142/142] AUC-ROC=nan%  AUC-PR=0.00%  F1=0.0000  MCC=0.0000  Train=0.019s  Test=0.006s  Peak RAM=4.174 MB
2026-03-21 03:45:08 | INFO | [ncluster=145/145] AUC-ROC=nan%  AUC-PR=0.00%  F1=0.0000  MCC=0.0000  Train=0.021s  Test=0.005s  Peak RAM=4.177 MB
2026-03-21 03:45:08 | INFO | [ncluster=148/148] AUC-ROC=nan%  AUC-PR=0.00%  F1=0.0000  MCC=0.0000  Train=0.022s  Test=0.006s  Peak RAM=4.175 MB
2026-03-21 03:45:08 | INFO | [ncluster=151/151] AUC-ROC=nan%  AUC-PR=0.00%  F1=0.0000  MCC=0.0000  Train=0.022s  Test=0.006s  Peak RAM=4.179 MB
2026-03-21 03:45:08 | INFO | [ncluster=154/154] AUC-ROC=nan%  AUC-PR=0.00%  F1=0.0000  MCC=0.0000  Train=0.022s  Test=0.005s  Peak RAM=4.176 MB
2026-03-21 03:45:08 | INFO | [ncluster=157/157] AUC-ROC=nan%  AUC-PR=0.00%  F1=0.0000  MCC=0.0000  Train=0.021s  Test=0.006s  Peak RAM=4.178 MB
2026-03-21 03:45:08 | INFO | [ncluster=160/160] AUC-ROC=nan%  AUC-PR=0.00%  F1=0.0000  MCC=0.0000  Train=0.037s  Test=0.010s  Peak RAM=4.177 MB
2026-03-21 03:45:08 | INFO | [ncluster=163/163] AUC-ROC=nan%  AUC-PR=0.00%  F1=0.0000  MCC=0.0000  Train=0.047s  Test=0.009s  Peak RAM=4.179 MB
2026-03-21 03:45:08 | INFO | [ncluster=166/166] AUC-ROC=nan%  AUC-PR=0.00%  F1=0.0000  MCC=0.0000  Train=0.022s  Test=0.006s  Peak RAM=4.176 MB
2026-03-21 03:45:08 | INFO | [ncluster=169/169] AUC-ROC=nan%  AUC-PR=0.00%  F1=0.0000  MCC=0.0000  Train=0.023s  Test=0.005s  Peak RAM=4.18 MB
2026-03-21 03:45:08 | INFO | [ncluster=172/172] AUC-ROC=nan%  AUC-PR=0.00%  F1=0.0000  MCC=0.0000  Train=0.023s  Test=0.006s  Peak RAM=4.178 MB
2026-03-21 03:45:08 | INFO | [ncluster=175/175] AUC-ROC=nan%  AUC-PR=0.00%  F1=0.0000  MCC=0.0000  Train=0.024s  Test=0.007s  Peak RAM=4.181 MB
2026-03-21 03:45:08 | INFO | [ncluster=178/178] AUC-ROC=nan%  AUC-PR=0.00%  F1=0.0000  MCC=0.0000  Train=0.024s  Test=0.006s  Peak RAM=4.177 MB
2026-03-21 03:45:08 | INFO | [ncluster=181/181] AUC-ROC=nan%  AUC-PR=0.00%  F1=0.0000  MCC=0.0000  Train=0.024s  Test=0.006s  Peak RAM=4.18 MB
2026-03-21 03:45:08 | INFO | [ncluster=184/184] AUC-ROC=nan%  AUC-PR=0.00%  F1=0.0000  MCC=0.0000  Train=0.024s  Test=0.005s  Peak RAM=4.176 MB
2026-03-21 03:45:08 | INFO | [ncluster=187/187] AUC-ROC=nan%  AUC-PR=0.00%  F1=0.0000  MCC=0.0000  Train=0.025s  Test=0.006s  Peak RAM=4.179 MB
2026-03-21 03:45:08 | INFO | [ncluster=190/190] AUC-ROC=nan%  AUC-PR=0.00%  F1=0.0000  MCC=0.0000  Train=0.031s  Test=0.007s  Peak RAM=4.177 MB
2026-03-21 03:45:08 | INFO | [ncluster=193/193] AUC-ROC=nan%  AUC-PR=0.00%  F1=0.0000  MCC=0.0000  Train=0.025s  Test=0.006s  Peak RAM=4.18 MB
2026-03-21 03:45:08 | INFO | [ncluster=196/196] AUC-ROC=nan%  AUC-PR=0.00%  F1=0.0000  MCC=0.0000  Train=0.026s  Test=0.006s  Peak RAM=4.178 MB
2026-03-21 03:45:08 | INFO | [ncluster=199/199] AUC-ROC=nan%  AUC-PR=0.00%  F1=0.0000  MCC=0.0000  Train=0.023s  Test=0.007s  Peak RAM=4.181 MB
2026-03-21 03:45:08 | INFO | [ncluster=202/202] AUC-ROC=nan%  AUC-PR=0.00%  F1=0.0000  MCC=0.0000  Train=0.023s  Test=0.006s  Peak RAM=4.178 MB
2026-03-21 03:45:08 | INFO | [ncluster=205/205] AUC-ROC=nan%  AUC-PR=0.00%  F1=0.0000  MCC=0.0000  Train=0.026s  Test=0.007s  Peak RAM=4.182 MB
2026-03-21 03:45:08 | INFO | [ncluster=208/208] AUC-ROC=nan%  AUC-PR=0.00%  F1=0.0000  MCC=0.0000  Train=0.039s  Test=0.011s  Peak RAM=4.18 MB
2026-03-21 03:45:08 | INFO | [ncluster=211/211] AUC-ROC=nan%  AUC-PR=0.00%  F1=0.0000  MCC=0.0000  Train=0.027s  Test=0.006s  Peak RAM=4.18 MB
2026-03-21 03:45:08 | INFO | [ncluster=214/214] AUC-ROC=nan%  AUC-PR=0.00%  F1=0.0000  MCC=0.0000  Train=0.045s  Test=0.007s  Peak RAM=4.179 MB
2026-03-21 03:45:08 | INFO | [ncluster=217/217] AUC-ROC=nan%  AUC-PR=0.00%  F1=0.0000  MCC=0.0000  Train=0.028s  Test=0.006s  Peak RAM=4.18 MB
2026-03-21 03:45:08 | INFO | [ncluster=220/220] AUC-ROC=nan%  AUC-PR=0.00%  F1=0.0000  MCC=0.0000  Train=0.028s  Test=0.007s  Peak RAM=4.182 MB
2026-03-21 03:45:08 | INFO | [ncluster=223/223] AUC-ROC=nan%  AUC-PR=0.00%  F1=0.0000  MCC=0.0000  Train=0.028s  Test=0.007s  Peak RAM=4.183 MB
2026-03-21 03:45:08 | INFO | [ncluster=226/226] AUC-ROC=nan%  AUC-PR=0.00%  F1=0.0000  MCC=0.0000  Train=0.053s  Test=0.006s  Peak RAM=4.182 MB
2026-03-21 03:45:08 | INFO | [ncluster=229/229] AUC-ROC=nan%  AUC-PR=0.00%  F1=0.0000  MCC=0.0000  Train=0.029s  Test=0.007s  Peak RAM=4.183 MB
2026-03-21 03:45:08 | INFO | [ncluster=232/232] AUC-ROC=nan%  AUC-PR=0.00%  F1=0.0000  MCC=0.0000  Train=0.029s  Test=0.006s  Peak RAM=4.181 MB
2026-03-21 03:45:08 | INFO | [ncluster=235/235] AUC-ROC=nan%  AUC-PR=0.00%  F1=0.0000  MCC=0.0000  Train=0.029s  Test=0.007s  Peak RAM=4.183 MB
2026-03-21 03:45:08 | INFO | [ncluster=238/238] AUC-ROC=nan%  AUC-PR=0.00%  F1=0.0000  MCC=0.0000  Train=0.029s  Test=0.007s  Peak RAM=4.182 MB
2026-03-21 03:45:08 | INFO | [ncluster=241/241] AUC-ROC=nan%  AUC-PR=0.00%  F1=0.0000  MCC=0.0000  Train=0.027s  Test=0.006s  Peak RAM=4.184 MB
2026-03-21 03:45:08 | INFO | [ncluster=244/244] AUC-ROC=nan%  AUC-PR=0.00%  F1=0.0000  MCC=0.0000  Train=0.030s  Test=0.007s  Peak RAM=4.182 MB
2026-03-21 03:45:08 | INFO | [ncluster=247/247] AUC-ROC=nan%  AUC-PR=0.00%  F1=0.0000  MCC=0.0000  Train=0.030s  Test=0.008s  Peak RAM=4.182 MB
2026-03-21 03:45:08 | INFO | [ncluster=250/250] AUC-ROC=nan%  AUC-PR=0.00%  F1=0.0000  MCC=0.0000  Train=0.058s  Test=0.007s  Peak RAM=4.184 MB
2026-03-21 03:45:08 | INFO | [ncluster=253/253] AUC-ROC=nan%  AUC-PR=0.00%  F1=0.0000  MCC=0.0000  Train=0.031s  Test=0.007s  Peak RAM=4.185 MB
2026-03-21 03:45:08 | INFO | [ncluster=256/256] AUC-ROC=nan%  AUC-PR=0.00%  F1=0.0000  MCC=0.0000  Train=0.065s  Test=0.010s  Peak RAM=4.184 MB
2026-03-21 03:45:08 | INFO | [ncluster=259/259] AUC-ROC=nan%  AUC-PR=0.00%  F1=0.0000  MCC=0.0000  Train=0.031s  Test=0.010s  Peak RAM=4.184 MB
2026-03-21 03:45:08 | INFO | [ncluster=262/262] AUC-ROC=nan%  AUC-PR=0.00%  F1=0.0000  MCC=0.0000  Train=0.031s  Test=0.008s  Peak RAM=4.184 MB
2026-03-21 03:45:08 | INFO | [ncluster=265/265] AUC-ROC=nan%  AUC-PR=0.00%  F1=0.0000  MCC=0.0000  Train=0.032s  Test=0.007s  Peak RAM=4.185 MB
2026-03-21 03:45:08 | INFO | [ncluster=268/268] AUC-ROC=nan%  AUC-PR=0.00%  F1=0.0000  MCC=0.0000  Train=0.021s  Test=0.005s  Peak RAM=4.184 MB
2026-03-21 03:45:08 | INFO | [ncluster=271/271] AUC-ROC=nan%  AUC-PR=0.00%  F1=0.0000  MCC=0.0000  Train=0.032s  Test=0.008s  Peak RAM=4.185 MB
2026-03-21 03:45:08 | INFO | [ncluster=274/274] AUC-ROC=nan%  AUC-PR=0.00%  F1=0.0000  MCC=0.0000  Train=0.033s  Test=0.008s  Peak RAM=4.185 MB
2026-03-21 03:45:08 | INFO | [ncluster=277/277] AUC-ROC=nan%  AUC-PR=0.00%  F1=0.0000  MCC=0.0000  Train=0.024s  Test=0.006s  Peak RAM=4.186 MB
2026-03-21 03:45:08 | INFO | [ncluster=280/280] AUC-ROC=nan%  AUC-PR=0.00%  F1=0.0000  MCC=0.0000  Train=0.029s  Test=0.006s  Peak RAM=4.186 MB
2026-03-21 03:45:08 | INFO | [ncluster=283/283] AUC-ROC=nan%  AUC-PR=0.00%  F1=0.0000  MCC=0.0000  Train=0.022s  Test=0.005s  Peak RAM=4.184 MB
2026-03-21 03:45:08 | INFO | [ncluster=286/286] AUC-ROC=nan%  AUC-PR=0.00%  F1=0.0000  MCC=0.0000  Train=0.022s  Test=0.006s  Peak RAM=4.188 MB
2026-03-21 03:45:08 | INFO | [ncluster=289/289] AUC-ROC=nan%  AUC-PR=0.00%  F1=0.0000  MCC=0.0000  Train=0.022s  Test=0.005s  Peak RAM=4.187 MB
2026-03-21 03:45:08 | INFO | [ncluster=292/292] AUC-ROC=nan%  AUC-PR=0.00%  F1=0.0000  MCC=0.0000  Train=0.022s  Test=0.006s  Peak RAM=4.186 MB
2026-03-21 03:45:08 | INFO | [ncluster=295/295] AUC-ROC=nan%  AUC-PR=0.00%  F1=0.0000  MCC=0.0000  Train=0.022s  Test=0.006s  Peak RAM=4.185 MB
2026-03-21 03:45:08 | INFO | [ncluster=298/298] AUC-ROC=nan%  AUC-PR=0.00%  F1=0.0000  MCC=0.0000  Train=0.022s  Test=0.005s  Peak RAM=4.186 MB
2026-03-21 03:45:08 | INFO | --- noise=1% ---
2026-03-21 03:45:08 | INFO | ============================================================
2026-03-21 03:45:08 | INFO | Dataset  : Train_StandardScaler_data_BoTIoT.csv
2026-03-21 03:45:08 | INFO | Scaler   : StandardScaler
2026-03-21 03:45:08 | INFO | Noise    : 1%
2026-03-21 03:45:08 | INFO | nClusters: 100 values (1..298)
2026-03-21 03:45:08 | INFO | ============================================================
2026-03-21 03:45:08 | INFO | Loaded Raw Shape -> Train: (9072, 27), Test: (15000, 27)
2026-03-21 03:45:08 | INFO | Dropped metadata features: ['pkSeqID', 'stime', 'ltime', 'seq', 'saddr', 'daddr', 'sport', 'dport', 'state', 'flgs', 'proto']
2026-03-21 03:45:08 | INFO | Dropped metadata features: ['pkSeqID', 'stime', 'ltime', 'seq', 'saddr', 'daddr', 'sport', 'dport', 'state', 'flgs', 'proto']
2026-03-21 03:45:08 | INFO | Training size : 9,162  |  Testing size: 14,910  |  Features: 15
2026-03-21 03:45:08 | INFO | Firing up Parallel execution for 100 cluster configs...
2026-03-21 03:45:38 | INFO | [ncluster=1/1] AUC-ROC=nan%  AUC-PR=0.00%  F1=0.0000  MCC=0.0000  Train=0.008s  Test=0.003s  Peak RAM=3.893 MB
2026-03-21 03:45:38 | INFO | [ncluster=4/4] AUC-ROC=nan%  AUC-PR=0.00%  F1=0.0000  MCC=0.0000  Train=0.011s  Test=0.003s  Peak RAM=3.894 MB
2026-03-21 03:45:38 | INFO | [ncluster=7/7] AUC-ROC=nan%  AUC-PR=0.00%  F1=0.0000  MCC=0.0000  Train=0.008s  Test=0.004s  Peak RAM=3.896 MB
2026-03-21 03:45:38 | INFO | [ncluster=10/10] AUC-ROC=nan%  AUC-PR=0.00%  F1=0.0000  MCC=0.0000  Train=0.009s  Test=0.003s  Peak RAM=3.896 MB
2026-03-21 03:45:38 | INFO | [ncluster=13/13] AUC-ROC=nan%  AUC-PR=0.00%  F1=0.0000  MCC=0.0000  Train=0.009s  Test=0.004s  Peak RAM=3.896 MB
2026-03-21 03:45:38 | INFO | [ncluster=16/16] AUC-ROC=nan%  AUC-PR=0.00%  F1=0.0000  MCC=0.0000  Train=0.009s  Test=0.003s  Peak RAM=3.896 MB
2026-03-21 03:45:38 | INFO | [ncluster=19/19] AUC-ROC=nan%  AUC-PR=0.00%  F1=0.0000  MCC=0.0000  Train=0.009s  Test=0.003s  Peak RAM=3.895 MB
2026-03-21 03:45:38 | INFO | [ncluster=22/22] AUC-ROC=nan%  AUC-PR=0.00%  F1=0.0000  MCC=0.0000  Train=0.010s  Test=0.004s  Peak RAM=3.897 MB
2026-03-21 03:45:38 | INFO | [ncluster=25/25] AUC-ROC=nan%  AUC-PR=0.00%  F1=0.0000  MCC=0.0000  Train=0.010s  Test=0.003s  Peak RAM=3.897 MB
2026-03-21 03:45:38 | INFO | [ncluster=28/28] AUC-ROC=nan%  AUC-PR=0.00%  F1=0.0000  MCC=0.0000  Train=0.011s  Test=0.004s  Peak RAM=3.896 MB
2026-03-21 03:45:38 | INFO | [ncluster=31/31] AUC-ROC=nan%  AUC-PR=0.00%  F1=0.0000  MCC=0.0000  Train=0.010s  Test=0.004s  Peak RAM=3.897 MB
2026-03-21 03:45:38 | INFO | [ncluster=34/34] AUC-ROC=nan%  AUC-PR=0.00%  F1=0.0000  MCC=0.0000  Train=0.020s  Test=0.007s  Peak RAM=3.896 MB
2026-03-21 03:45:38 | INFO | [ncluster=37/37] AUC-ROC=nan%  AUC-PR=0.00%  F1=0.0000  MCC=0.0000  Train=0.011s  Test=0.004s  Peak RAM=3.897 MB
2026-03-21 03:45:38 | INFO | [ncluster=40/40] AUC-ROC=nan%  AUC-PR=0.00%  F1=0.0000  MCC=0.0000  Train=0.012s  Test=0.003s  Peak RAM=3.896 MB
2026-03-21 03:45:38 | INFO | [ncluster=43/43] AUC-ROC=nan%  AUC-PR=0.00%  F1=0.0000  MCC=0.0000  Train=0.011s  Test=0.004s  Peak RAM=3.897 MB
2026-03-21 03:45:38 | INFO | [ncluster=46/46] AUC-ROC=nan%  AUC-PR=0.00%  F1=0.0000  MCC=0.0000  Train=0.015s  Test=0.004s  Peak RAM=3.898 MB
2026-03-21 03:45:38 | INFO | [ncluster=49/49] AUC-ROC=nan%  AUC-PR=0.00%  F1=0.0000  MCC=0.0000  Train=0.012s  Test=0.003s  Peak RAM=3.897 MB
2026-03-21 03:45:38 | INFO | [ncluster=52/52] AUC-ROC=nan%  AUC-PR=0.00%  F1=0.0000  MCC=0.0000  Train=0.013s  Test=0.004s  Peak RAM=3.897 MB
2026-03-21 03:45:38 | INFO | [ncluster=55/55] AUC-ROC=nan%  AUC-PR=0.00%  F1=0.0000  MCC=0.0000  Train=0.013s  Test=0.005s  Peak RAM=3.898 MB
2026-03-21 03:45:38 | INFO | [ncluster=58/58] AUC-ROC=nan%  AUC-PR=0.00%  F1=0.0000  MCC=0.0000  Train=0.013s  Test=0.004s  Peak RAM=3.898 MB
2026-03-21 03:45:38 | INFO | [ncluster=61/61] AUC-ROC=nan%  AUC-PR=0.00%  F1=0.0000  MCC=0.0000  Train=0.013s  Test=0.005s  Peak RAM=3.9 MB
2026-03-21 03:45:38 | INFO | [ncluster=64/64] AUC-ROC=nan%  AUC-PR=0.00%  F1=0.0000  MCC=0.0000  Train=0.013s  Test=0.003s  Peak RAM=3.898 MB
2026-03-21 03:45:38 | INFO | [ncluster=67/67] AUC-ROC=nan%  AUC-PR=0.00%  F1=0.0000  MCC=0.0000  Train=0.014s  Test=0.004s  Peak RAM=3.899 MB
2026-03-21 03:45:38 | INFO | [ncluster=70/70] AUC-ROC=nan%  AUC-PR=0.00%  F1=0.0000  MCC=0.0000  Train=0.014s  Test=0.005s  Peak RAM=3.898 MB
2026-03-21 03:45:38 | INFO | [ncluster=73/73] AUC-ROC=nan%  AUC-PR=0.00%  F1=0.0000  MCC=0.0000  Train=0.018s  Test=0.004s  Peak RAM=3.899 MB
2026-03-21 03:45:38 | INFO | [ncluster=76/76] AUC-ROC=nan%  AUC-PR=0.00%  F1=0.0000  MCC=0.0000  Train=0.030s  Test=0.007s  Peak RAM=3.896 MB
2026-03-21 03:45:38 | INFO | [ncluster=79/79] AUC-ROC=nan%  AUC-PR=0.00%  F1=0.0000  MCC=0.0000  Train=0.015s  Test=0.005s  Peak RAM=3.899 MB
2026-03-21 03:45:38 | INFO | [ncluster=82/82] AUC-ROC=nan%  AUC-PR=0.00%  F1=0.0000  MCC=0.0000  Train=0.015s  Test=0.004s  Peak RAM=3.897 MB
2026-03-21 03:45:38 | INFO | [ncluster=85/85] AUC-ROC=nan%  AUC-PR=0.00%  F1=0.0000  MCC=0.0000  Train=0.016s  Test=0.005s  Peak RAM=3.901 MB
2026-03-21 03:45:38 | INFO | [ncluster=88/88] AUC-ROC=nan%  AUC-PR=0.00%  F1=0.0000  MCC=0.0000  Train=0.016s  Test=0.004s  Peak RAM=3.898 MB
2026-03-21 03:45:38 | INFO | [ncluster=91/91] AUC-ROC=nan%  AUC-PR=0.00%  F1=0.0000  MCC=0.0000  Train=0.016s  Test=0.004s  Peak RAM=3.901 MB
2026-03-21 03:45:38 | INFO | [ncluster=94/94] AUC-ROC=nan%  AUC-PR=0.00%  F1=0.0000  MCC=0.0000  Train=0.016s  Test=0.005s  Peak RAM=3.898 MB
2026-03-21 03:45:38 | INFO | [ncluster=97/97] AUC-ROC=nan%  AUC-PR=0.00%  F1=0.0000  MCC=0.0000  Train=0.017s  Test=0.004s  Peak RAM=3.901 MB
2026-03-21 03:45:38 | INFO | [ncluster=100/100] AUC-ROC=nan%  AUC-PR=0.00%  F1=0.0000  MCC=0.0000  Train=0.023s  Test=0.011s  Peak RAM=3.899 MB
2026-03-21 03:45:38 | INFO | [ncluster=103/103] AUC-ROC=nan%  AUC-PR=0.00%  F1=0.0000  MCC=0.0000  Train=0.017s  Test=0.005s  Peak RAM=3.9 MB
2026-03-21 03:45:38 | INFO | [ncluster=106/106] AUC-ROC=nan%  AUC-PR=0.00%  F1=0.0000  MCC=0.0000  Train=0.020s  Test=0.004s  Peak RAM=3.898 MB
2026-03-21 03:45:38 | INFO | [ncluster=109/109] AUC-ROC=nan%  AUC-PR=0.00%  F1=0.0000  MCC=0.0000  Train=0.016s  Test=0.005s  Peak RAM=3.901 MB
2026-03-21 03:45:38 | INFO | [ncluster=112/112] AUC-ROC=nan%  AUC-PR=0.00%  F1=0.0000  MCC=0.0000  Train=0.016s  Test=0.004s  Peak RAM=3.9 MB
2026-03-21 03:45:38 | INFO | [ncluster=115/115] AUC-ROC=nan%  AUC-PR=0.00%  F1=0.0000  MCC=0.0000  Train=0.018s  Test=0.005s  Peak RAM=3.902 MB
2026-03-21 03:45:38 | INFO | [ncluster=118/118] AUC-ROC=nan%  AUC-PR=0.00%  F1=0.0000  MCC=0.0000  Train=0.019s  Test=0.005s  Peak RAM=3.9 MB
2026-03-21 03:45:38 | INFO | [ncluster=121/121] AUC-ROC=nan%  AUC-PR=0.00%  F1=0.0000  MCC=0.0000  Train=0.018s  Test=0.004s  Peak RAM=3.901 MB
2026-03-21 03:45:38 | INFO | [ncluster=124/124] AUC-ROC=nan%  AUC-PR=0.00%  F1=0.0000  MCC=0.0000  Train=0.019s  Test=0.005s  Peak RAM=3.899 MB
2026-03-21 03:45:38 | INFO | [ncluster=127/127] AUC-ROC=nan%  AUC-PR=0.00%  F1=0.0000  MCC=0.0000  Train=0.020s  Test=0.006s  Peak RAM=3.903 MB
2026-03-21 03:45:38 | INFO | [ncluster=130/130] AUC-ROC=nan%  AUC-PR=0.00%  F1=0.0000  MCC=0.0000  Train=0.020s  Test=0.005s  Peak RAM=3.901 MB
2026-03-21 03:45:38 | INFO | [ncluster=133/133] AUC-ROC=nan%  AUC-PR=0.00%  F1=0.0000  MCC=0.0000  Train=0.020s  Test=0.005s  Peak RAM=3.905 MB
2026-03-21 03:45:38 | INFO | [ncluster=136/136] AUC-ROC=nan%  AUC-PR=0.00%  F1=0.0000  MCC=0.0000  Train=0.020s  Test=0.004s  Peak RAM=3.901 MB
2026-03-21 03:45:38 | INFO | [ncluster=139/139] AUC-ROC=nan%  AUC-PR=0.00%  F1=0.0000  MCC=0.0000  Train=0.020s  Test=0.005s  Peak RAM=3.903 MB
2026-03-21 03:45:38 | INFO | [ncluster=142/142] AUC-ROC=nan%  AUC-PR=0.00%  F1=0.0000  MCC=0.0000  Train=0.021s  Test=0.006s  Peak RAM=3.901 MB
2026-03-21 03:45:38 | INFO | [ncluster=145/145] AUC-ROC=nan%  AUC-PR=0.00%  F1=0.0000  MCC=0.0000  Train=0.037s  Test=0.011s  Peak RAM=3.903 MB
2026-03-21 03:45:38 | INFO | [ncluster=148/148] AUC-ROC=nan%  AUC-PR=0.00%  F1=0.0000  MCC=0.0000  Train=0.021s  Test=0.005s  Peak RAM=3.901 MB
2026-03-21 03:45:38 | INFO | [ncluster=151/151] AUC-ROC=nan%  AUC-PR=0.00%  F1=0.0000  MCC=0.0000  Train=0.021s  Test=0.006s  Peak RAM=3.904 MB
2026-03-21 03:45:38 | INFO | [ncluster=154/154] AUC-ROC=nan%  AUC-PR=0.00%  F1=0.0000  MCC=0.0000  Train=0.022s  Test=0.005s  Peak RAM=3.903 MB
2026-03-21 03:45:38 | INFO | [ncluster=157/157] AUC-ROC=nan%  AUC-PR=0.00%  F1=0.0000  MCC=0.0000  Train=0.044s  Test=0.006s  Peak RAM=3.904 MB
2026-03-21 03:45:38 | INFO | [ncluster=160/160] AUC-ROC=nan%  AUC-PR=0.00%  F1=0.0000  MCC=0.0000  Train=0.044s  Test=0.005s  Peak RAM=3.902 MB
2026-03-21 03:45:38 | INFO | [ncluster=163/163] AUC-ROC=nan%  AUC-PR=0.00%  F1=0.0000  MCC=0.0000  Train=0.020s  Test=0.005s  Peak RAM=3.905 MB
2026-03-21 03:45:38 | INFO | [ncluster=166/166] AUC-ROC=nan%  AUC-PR=0.00%  F1=0.0000  MCC=0.0000  Train=0.021s  Test=0.006s  Peak RAM=3.903 MB
2026-03-21 03:45:38 | INFO | [ncluster=169/169] AUC-ROC=nan%  AUC-PR=0.00%  F1=0.0000  MCC=0.0000  Train=0.023s  Test=0.005s  Peak RAM=3.905 MB
2026-03-21 03:45:38 | INFO | [ncluster=172/172] AUC-ROC=nan%  AUC-PR=0.00%  F1=0.0000  MCC=0.0000  Train=0.023s  Test=0.006s  Peak RAM=3.903 MB
2026-03-21 03:45:38 | INFO | [ncluster=175/175] AUC-ROC=nan%  AUC-PR=0.00%  F1=0.0000  MCC=0.0000  Train=0.046s  Test=0.012s  Peak RAM=3.906 MB
2026-03-21 03:45:38 | INFO | [ncluster=178/178] AUC-ROC=nan%  AUC-PR=0.00%  F1=0.0000  MCC=0.0000  Train=0.024s  Test=0.008s  Peak RAM=3.903 MB
2026-03-21 03:45:38 | INFO | [ncluster=181/181] AUC-ROC=nan%  AUC-PR=0.00%  F1=0.0000  MCC=0.0000  Train=0.024s  Test=0.006s  Peak RAM=3.906 MB
2026-03-21 03:45:38 | INFO | [ncluster=184/184] AUC-ROC=nan%  AUC-PR=0.00%  F1=0.0000  MCC=0.0000  Train=0.024s  Test=0.005s  Peak RAM=3.904 MB
2026-03-21 03:45:38 | INFO | [ncluster=187/187] AUC-ROC=nan%  AUC-PR=0.00%  F1=0.0000  MCC=0.0000  Train=0.023s  Test=0.006s  Peak RAM=3.907 MB
2026-03-21 03:45:38 | INFO | [ncluster=190/190] AUC-ROC=nan%  AUC-PR=0.00%  F1=0.0000  MCC=0.0000  Train=0.025s  Test=0.006s  Peak RAM=3.904 MB
2026-03-21 03:45:38 | INFO | [ncluster=193/193] AUC-ROC=nan%  AUC-PR=0.00%  F1=0.0000  MCC=0.0000  Train=0.026s  Test=0.005s  Peak RAM=3.906 MB
2026-03-21 03:45:38 | INFO | [ncluster=196/196] AUC-ROC=nan%  AUC-PR=0.00%  F1=0.0000  MCC=0.0000  Train=0.026s  Test=0.006s  Peak RAM=3.904 MB
2026-03-21 03:45:38 | INFO | [ncluster=199/199] AUC-ROC=nan%  AUC-PR=0.00%  F1=0.0000  MCC=0.0000  Train=0.026s  Test=0.006s  Peak RAM=3.909 MB
2026-03-21 03:45:38 | INFO | [ncluster=202/202] AUC-ROC=nan%  AUC-PR=0.00%  F1=0.0000  MCC=0.0000  Train=0.026s  Test=0.006s  Peak RAM=3.906 MB
2026-03-21 03:45:38 | INFO | [ncluster=205/205] AUC-ROC=nan%  AUC-PR=0.00%  F1=0.0000  MCC=0.0000  Train=0.032s  Test=0.006s  Peak RAM=3.909 MB
2026-03-21 03:45:38 | INFO | [ncluster=208/208] AUC-ROC=nan%  AUC-PR=0.00%  F1=0.0000  MCC=0.0000  Train=0.025s  Test=0.005s  Peak RAM=3.906 MB
2026-03-21 03:45:38 | INFO | [ncluster=211/211] AUC-ROC=nan%  AUC-PR=0.00%  F1=0.0000  MCC=0.0000  Train=0.055s  Test=0.014s  Peak RAM=3.907 MB
2026-03-21 03:45:38 | INFO | [ncluster=214/214] AUC-ROC=nan%  AUC-PR=0.00%  F1=0.0000  MCC=0.0000  Train=0.025s  Test=0.007s  Peak RAM=3.905 MB
2026-03-21 03:45:38 | INFO | [ncluster=217/217] AUC-ROC=nan%  AUC-PR=0.00%  F1=0.0000  MCC=0.0000  Train=0.028s  Test=0.006s  Peak RAM=3.908 MB
2026-03-21 03:45:38 | INFO | [ncluster=220/220] AUC-ROC=nan%  AUC-PR=0.00%  F1=0.0000  MCC=0.0000  Train=0.025s  Test=0.006s  Peak RAM=3.908 MB
2026-03-21 03:45:38 | INFO | [ncluster=223/223] AUC-ROC=nan%  AUC-PR=0.00%  F1=0.0000  MCC=0.0000  Train=0.028s  Test=0.007s  Peak RAM=3.909 MB
2026-03-21 03:45:38 | INFO | [ncluster=226/226] AUC-ROC=nan%  AUC-PR=0.00%  F1=0.0000  MCC=0.0000  Train=0.028s  Test=0.006s  Peak RAM=3.909 MB
2026-03-21 03:45:38 | INFO | [ncluster=229/229] AUC-ROC=nan%  AUC-PR=0.00%  F1=0.0000  MCC=0.0000  Train=0.028s  Test=0.007s  Peak RAM=3.909 MB
2026-03-21 03:45:38 | INFO | [ncluster=232/232] AUC-ROC=nan%  AUC-PR=0.00%  F1=0.0000  MCC=0.0000  Train=0.027s  Test=0.006s  Peak RAM=3.91 MB
2026-03-21 03:45:38 | INFO | [ncluster=235/235] AUC-ROC=nan%  AUC-PR=0.00%  F1=0.0000  MCC=0.0000  Train=0.029s  Test=0.007s  Peak RAM=3.91 MB
2026-03-21 03:45:38 | INFO | [ncluster=238/238] AUC-ROC=nan%  AUC-PR=0.00%  F1=0.0000  MCC=0.0000  Train=0.038s  Test=0.007s  Peak RAM=3.911 MB
2026-03-21 03:45:38 | INFO | [ncluster=241/241] AUC-ROC=nan%  AUC-PR=0.00%  F1=0.0000  MCC=0.0000  Train=0.030s  Test=0.012s  Peak RAM=3.911 MB
2026-03-21 03:45:38 | INFO | [ncluster=244/244] AUC-ROC=nan%  AUC-PR=0.00%  F1=0.0000  MCC=0.0000  Train=0.030s  Test=0.006s  Peak RAM=3.91 MB
2026-03-21 03:45:38 | INFO | [ncluster=247/247] AUC-ROC=nan%  AUC-PR=0.00%  F1=0.0000  MCC=0.0000  Train=0.027s  Test=0.007s  Peak RAM=3.911 MB
2026-03-21 03:45:38 | INFO | [ncluster=250/250] AUC-ROC=nan%  AUC-PR=0.00%  F1=0.0000  MCC=0.0000  Train=0.030s  Test=0.006s  Peak RAM=3.909 MB
2026-03-21 03:45:38 | INFO | [ncluster=253/253] AUC-ROC=nan%  AUC-PR=0.00%  F1=0.0000  MCC=0.0000  Train=0.031s  Test=0.007s  Peak RAM=3.911 MB
2026-03-21 03:45:38 | INFO | [ncluster=256/256] AUC-ROC=nan%  AUC-PR=0.00%  F1=0.0000  MCC=0.0000  Train=0.031s  Test=0.006s  Peak RAM=3.911 MB
2026-03-21 03:45:38 | INFO | [ncluster=259/259] AUC-ROC=nan%  AUC-PR=0.00%  F1=0.0000  MCC=0.0000  Train=0.030s  Test=0.007s  Peak RAM=3.914 MB
2026-03-21 03:45:38 | INFO | [ncluster=262/262] AUC-ROC=nan%  AUC-PR=0.00%  F1=0.0000  MCC=0.0000  Train=0.031s  Test=0.007s  Peak RAM=3.911 MB
2026-03-21 03:45:38 | INFO | [ncluster=265/265] AUC-ROC=nan%  AUC-PR=0.00%  F1=0.0000  MCC=0.0000  Train=0.032s  Test=0.006s  Peak RAM=3.911 MB
2026-03-21 03:45:38 | INFO | [ncluster=268/268] AUC-ROC=nan%  AUC-PR=0.00%  F1=0.0000  MCC=0.0000  Train=0.032s  Test=0.007s  Peak RAM=3.911 MB
2026-03-21 03:45:38 | INFO | [ncluster=271/271] AUC-ROC=nan%  AUC-PR=0.00%  F1=0.0000  MCC=0.0000  Train=0.033s  Test=0.008s  Peak RAM=3.912 MB
2026-03-21 03:45:38 | INFO | [ncluster=274/274] AUC-ROC=nan%  AUC-PR=0.00%  F1=0.0000  MCC=0.0000  Train=0.029s  Test=0.006s  Peak RAM=3.912 MB
2026-03-21 03:45:38 | INFO | [ncluster=277/277] AUC-ROC=nan%  AUC-PR=0.00%  F1=0.0000  MCC=0.0000  Train=0.021s  Test=0.005s  Peak RAM=3.913 MB
2026-03-21 03:45:38 | INFO | [ncluster=280/280] AUC-ROC=nan%  AUC-PR=0.00%  F1=0.0000  MCC=0.0000  Train=0.028s  Test=0.005s  Peak RAM=3.913 MB
2026-03-21 03:45:38 | INFO | [ncluster=283/283] AUC-ROC=nan%  AUC-PR=0.00%  F1=0.0000  MCC=0.0000  Train=0.022s  Test=0.005s  Peak RAM=3.913 MB
2026-03-21 03:45:38 | INFO | [ncluster=286/286] AUC-ROC=nan%  AUC-PR=0.00%  F1=0.0000  MCC=0.0000  Train=0.022s  Test=0.006s  Peak RAM=3.912 MB
2026-03-21 03:45:38 | INFO | [ncluster=289/289] AUC-ROC=nan%  AUC-PR=0.00%  F1=0.0000  MCC=0.0000  Train=0.022s  Test=0.005s  Peak RAM=3.913 MB
2026-03-21 03:45:38 | INFO | [ncluster=292/292] AUC-ROC=nan%  AUC-PR=0.00%  F1=0.0000  MCC=0.0000  Train=0.022s  Test=0.005s  Peak RAM=3.914 MB
2026-03-21 03:45:38 | INFO | [ncluster=295/295] AUC-ROC=nan%  AUC-PR=0.00%  F1=0.0000  MCC=0.0000  Train=0.022s  Test=0.006s  Peak RAM=3.914 MB
2026-03-21 03:45:38 | INFO | [ncluster=298/298] AUC-ROC=nan%  AUC-PR=0.00%  F1=0.0000  MCC=0.0000  Train=0.022s  Test=0.005s  Peak RAM=3.914 MB
2026-03-21 03:45:38 | INFO | --- noise=3% ---
2026-03-21 03:45:38 | INFO | ============================================================
2026-03-21 03:45:38 | INFO | Dataset  : Train_StandardScaler_data_BoTIoT.csv
2026-03-21 03:45:38 | INFO | Scaler   : StandardScaler
2026-03-21 03:45:38 | INFO | Noise    : 3%
2026-03-21 03:45:38 | INFO | nClusters: 100 values (1..298)
2026-03-21 03:45:38 | INFO | ============================================================
2026-03-21 03:45:38 | INFO | Loaded Raw Shape -> Train: (9072, 27), Test: (15000, 27)
2026-03-21 03:45:38 | INFO | Dropped metadata features: ['pkSeqID', 'stime', 'ltime', 'seq', 'saddr', 'daddr', 'sport', 'dport', 'state', 'flgs', 'proto']
2026-03-21 03:45:38 | INFO | Dropped metadata features: ['pkSeqID', 'stime', 'ltime', 'seq', 'saddr', 'daddr', 'sport', 'dport', 'state', 'flgs', 'proto']
2026-03-21 03:45:38 | INFO | Training size : 9,344  |  Testing size: 14,728  |  Features: 15
2026-03-21 03:45:38 | INFO | Firing up Parallel execution for 100 cluster configs...
2026-03-21 03:46:09 | INFO | [ncluster=1/1] AUC-ROC=nan%  AUC-PR=0.00%  F1=0.0000  MCC=0.0000  Train=0.008s  Test=0.003s  Peak RAM=3.97 MB
2026-03-21 03:46:09 | INFO | [ncluster=4/4] AUC-ROC=nan%  AUC-PR=0.00%  F1=0.0000  MCC=0.0000  Train=0.008s  Test=0.003s  Peak RAM=3.972 MB
2026-03-21 03:46:09 | INFO | [ncluster=7/7] AUC-ROC=nan%  AUC-PR=0.00%  F1=0.0000  MCC=0.0000  Train=0.008s  Test=0.004s  Peak RAM=3.971 MB
2026-03-21 03:46:09 | INFO | [ncluster=10/10] AUC-ROC=nan%  AUC-PR=0.00%  F1=0.0000  MCC=0.0000  Train=0.009s  Test=0.003s  Peak RAM=3.972 MB
2026-03-21 03:46:09 | INFO | [ncluster=13/13] AUC-ROC=nan%  AUC-PR=0.00%  F1=0.0000  MCC=0.0000  Train=0.009s  Test=0.004s  Peak RAM=3.973 MB
2026-03-21 03:46:09 | INFO | [ncluster=16/16] AUC-ROC=nan%  AUC-PR=0.00%  F1=0.0000  MCC=0.0000  Train=0.009s  Test=0.003s  Peak RAM=3.972 MB
2026-03-21 03:46:09 | INFO | [ncluster=19/19] AUC-ROC=nan%  AUC-PR=0.00%  F1=0.0000  MCC=0.0000  Train=0.012s  Test=0.005s  Peak RAM=3.973 MB
2026-03-21 03:46:09 | INFO | [ncluster=22/22] AUC-ROC=nan%  AUC-PR=0.00%  F1=0.0000  MCC=0.0000  Train=0.010s  Test=0.004s  Peak RAM=3.973 MB
2026-03-21 03:46:09 | INFO | [ncluster=25/25] AUC-ROC=nan%  AUC-PR=0.00%  F1=0.0000  MCC=0.0000  Train=0.016s  Test=0.003s  Peak RAM=3.973 MB
2026-03-21 03:46:09 | INFO | [ncluster=28/28] AUC-ROC=nan%  AUC-PR=0.00%  F1=0.0000  MCC=0.0000  Train=0.010s  Test=0.004s  Peak RAM=3.974 MB
2026-03-21 03:46:09 | INFO | [ncluster=31/31] AUC-ROC=nan%  AUC-PR=0.00%  F1=0.0000  MCC=0.0000  Train=0.011s  Test=0.004s  Peak RAM=3.974 MB
2026-03-21 03:46:09 | INFO | [ncluster=34/34] AUC-ROC=nan%  AUC-PR=0.00%  F1=0.0000  MCC=0.0000  Train=0.011s  Test=0.003s  Peak RAM=3.975 MB
2026-03-21 03:46:09 | INFO | [ncluster=37/37] AUC-ROC=nan%  AUC-PR=0.00%  F1=0.0000  MCC=0.0000  Train=0.011s  Test=0.004s  Peak RAM=3.974 MB
2026-03-21 03:46:09 | INFO | [ncluster=40/40] AUC-ROC=nan%  AUC-PR=0.00%  F1=0.0000  MCC=0.0000  Train=0.011s  Test=0.003s  Peak RAM=3.973 MB
2026-03-21 03:46:09 | INFO | [ncluster=43/43] AUC-ROC=nan%  AUC-PR=0.00%  F1=0.0000  MCC=0.0000  Train=0.012s  Test=0.004s  Peak RAM=3.974 MB
2026-03-21 03:46:09 | INFO | [ncluster=46/46] AUC-ROC=nan%  AUC-PR=0.00%  F1=0.0000  MCC=0.0000  Train=0.012s  Test=0.004s  Peak RAM=3.974 MB
2026-03-21 03:46:09 | INFO | [ncluster=49/49] AUC-ROC=nan%  AUC-PR=0.00%  F1=0.0000  MCC=0.0000  Train=0.012s  Test=0.003s  Peak RAM=3.975 MB
2026-03-21 03:46:09 | INFO | [ncluster=52/52] AUC-ROC=nan%  AUC-PR=0.00%  F1=0.0000  MCC=0.0000  Train=0.028s  Test=0.007s  Peak RAM=3.975 MB
2026-03-21 03:46:09 | INFO | [ncluster=55/55] AUC-ROC=nan%  AUC-PR=0.00%  F1=0.0000  MCC=0.0000  Train=0.013s  Test=0.005s  Peak RAM=3.975 MB
2026-03-21 03:46:09 | INFO | [ncluster=58/58] AUC-ROC=nan%  AUC-PR=0.00%  F1=0.0000  MCC=0.0000  Train=0.013s  Test=0.004s  Peak RAM=3.975 MB
2026-03-21 03:46:09 | INFO | [ncluster=61/61] AUC-ROC=nan%  AUC-PR=0.00%  F1=0.0000  MCC=0.0000  Train=0.017s  Test=0.004s  Peak RAM=3.975 MB
2026-03-21 03:46:09 | INFO | [ncluster=64/64] AUC-ROC=nan%  AUC-PR=0.00%  F1=0.0000  MCC=0.0000  Train=0.014s  Test=0.003s  Peak RAM=3.976 MB
2026-03-21 03:46:09 | INFO | [ncluster=67/67] AUC-ROC=nan%  AUC-PR=0.00%  F1=0.0000  MCC=0.0000  Train=0.014s  Test=0.004s  Peak RAM=3.976 MB
2026-03-21 03:46:09 | INFO | [ncluster=70/70] AUC-ROC=nan%  AUC-PR=0.00%  F1=0.0000  MCC=0.0000  Train=0.014s  Test=0.005s  Peak RAM=3.977 MB
2026-03-21 03:46:09 | INFO | [ncluster=73/73] AUC-ROC=nan%  AUC-PR=0.00%  F1=0.0000  MCC=0.0000  Train=0.013s  Test=0.004s  Peak RAM=3.976 MB
2026-03-21 03:46:09 | INFO | [ncluster=76/76] AUC-ROC=nan%  AUC-PR=0.00%  F1=0.0000  MCC=0.0000  Train=0.014s  Test=0.004s  Peak RAM=3.974 MB
2026-03-21 03:46:09 | INFO | [ncluster=79/79] AUC-ROC=nan%  AUC-PR=0.00%  F1=0.0000  MCC=0.0000  Train=0.031s  Test=0.011s  Peak RAM=3.976 MB
2026-03-21 03:46:09 | INFO | [ncluster=82/82] AUC-ROC=nan%  AUC-PR=0.00%  F1=0.0000  MCC=0.0000  Train=0.031s  Test=0.007s  Peak RAM=3.974 MB
2026-03-21 03:46:09 | INFO | [ncluster=85/85] AUC-ROC=nan%  AUC-PR=0.00%  F1=0.0000  MCC=0.0000  Train=0.016s  Test=0.005s  Peak RAM=3.978 MB
2026-03-21 03:46:09 | INFO | [ncluster=88/88] AUC-ROC=nan%  AUC-PR=0.00%  F1=0.0000  MCC=0.0000  Train=0.016s  Test=0.004s  Peak RAM=3.975 MB
2026-03-21 03:46:09 | INFO | [ncluster=91/91] AUC-ROC=nan%  AUC-PR=0.00%  F1=0.0000  MCC=0.0000  Train=0.016s  Test=0.004s  Peak RAM=3.976 MB
2026-03-21 03:46:09 | INFO | [ncluster=94/94] AUC-ROC=nan%  AUC-PR=0.00%  F1=0.0000  MCC=0.0000  Train=0.017s  Test=0.005s  Peak RAM=3.975 MB
2026-03-21 03:46:09 | INFO | [ncluster=97/97] AUC-ROC=nan%  AUC-PR=0.00%  F1=0.0000  MCC=0.0000  Train=0.016s  Test=0.004s  Peak RAM=3.978 MB
2026-03-21 03:46:09 | INFO | [ncluster=100/100] AUC-ROC=nan%  AUC-PR=0.00%  F1=0.0000  MCC=0.0000  Train=0.017s  Test=0.005s  Peak RAM=3.975 MB
2026-03-21 03:46:09 | INFO | [ncluster=103/103] AUC-ROC=nan%  AUC-PR=0.00%  F1=0.0000  MCC=0.0000  Train=0.017s  Test=0.005s  Peak RAM=3.979 MB
2026-03-21 03:46:09 | INFO | [ncluster=106/106] AUC-ROC=nan%  AUC-PR=0.00%  F1=0.0000  MCC=0.0000  Train=0.020s  Test=0.004s  Peak RAM=3.976 MB
2026-03-21 03:46:09 | INFO | [ncluster=109/109] AUC-ROC=nan%  AUC-PR=0.00%  F1=0.0000  MCC=0.0000  Train=0.018s  Test=0.005s  Peak RAM=3.979 MB
2026-03-21 03:46:09 | INFO | [ncluster=112/112] AUC-ROC=nan%  AUC-PR=0.00%  F1=0.0000  MCC=0.0000  Train=0.018s  Test=0.004s  Peak RAM=3.977 MB
2026-03-21 03:46:09 | INFO | [ncluster=115/115] AUC-ROC=nan%  AUC-PR=0.00%  F1=0.0000  MCC=0.0000  Train=0.019s  Test=0.005s  Peak RAM=3.979 MB
2026-03-21 03:46:09 | INFO | [ncluster=118/118] AUC-ROC=nan%  AUC-PR=0.00%  F1=0.0000  MCC=0.0000  Train=0.019s  Test=0.005s  Peak RAM=3.977 MB
2026-03-21 03:46:09 | INFO | [ncluster=121/121] AUC-ROC=nan%  AUC-PR=0.00%  F1=0.0000  MCC=0.0000  Train=0.019s  Test=0.004s  Peak RAM=3.98 MB
2026-03-21 03:46:09 | INFO | [ncluster=124/124] AUC-ROC=nan%  AUC-PR=0.00%  F1=0.0000  MCC=0.0000  Train=0.019s  Test=0.005s  Peak RAM=3.977 MB
2026-03-21 03:46:09 | INFO | [ncluster=127/127] AUC-ROC=nan%  AUC-PR=0.00%  F1=0.0000  MCC=0.0000  Train=0.020s  Test=0.006s  Peak RAM=3.979 MB
2026-03-21 03:46:09 | INFO | [ncluster=130/130] AUC-ROC=nan%  AUC-PR=0.00%  F1=0.0000  MCC=0.0000  Train=0.020s  Test=0.005s  Peak RAM=3.977 MB
2026-03-21 03:46:09 | INFO | [ncluster=133/133] AUC-ROC=nan%  AUC-PR=0.00%  F1=0.0000  MCC=0.0000  Train=0.019s  Test=0.005s  Peak RAM=3.983 MB
2026-03-21 03:46:09 | INFO | [ncluster=136/136] AUC-ROC=nan%  AUC-PR=0.00%  F1=0.0000  MCC=0.0000  Train=0.021s  Test=0.004s  Peak RAM=3.979 MB
2026-03-21 03:46:09 | INFO | [ncluster=139/139] AUC-ROC=nan%  AUC-PR=0.00%  F1=0.0000  MCC=0.0000  Train=0.021s  Test=0.005s  Peak RAM=3.981 MB
2026-03-21 03:46:09 | INFO | [ncluster=142/142] AUC-ROC=nan%  AUC-PR=0.00%  F1=0.0000  MCC=0.0000  Train=0.021s  Test=0.006s  Peak RAM=3.978 MB
2026-03-21 03:46:09 | INFO | [ncluster=145/145] AUC-ROC=nan%  AUC-PR=0.00%  F1=0.0000  MCC=0.0000  Train=0.019s  Test=0.005s  Peak RAM=3.98 MB
2026-03-21 03:46:09 | INFO | [ncluster=148/148] AUC-ROC=nan%  AUC-PR=0.00%  F1=0.0000  MCC=0.0000  Train=0.019s  Test=0.005s  Peak RAM=3.978 MB
2026-03-21 03:46:09 | INFO | [ncluster=151/151] AUC-ROC=nan%  AUC-PR=0.00%  F1=0.0000  MCC=0.0000  Train=0.022s  Test=0.006s  Peak RAM=3.981 MB
2026-03-21 03:46:09 | INFO | [ncluster=154/154] AUC-ROC=nan%  AUC-PR=0.00%  F1=0.0000  MCC=0.0000  Train=0.022s  Test=0.005s  Peak RAM=3.979 MB
2026-03-21 03:46:09 | INFO | [ncluster=157/157] AUC-ROC=nan%  AUC-PR=0.00%  F1=0.0000  MCC=0.0000  Train=0.022s  Test=0.006s  Peak RAM=3.981 MB
2026-03-21 03:46:09 | INFO | [ncluster=160/160] AUC-ROC=nan%  AUC-PR=0.00%  F1=0.0000  MCC=0.0000  Train=0.022s  Test=0.005s  Peak RAM=3.979 MB
2026-03-21 03:46:09 | INFO | [ncluster=163/163] AUC-ROC=nan%  AUC-PR=0.00%  F1=0.0000  MCC=0.0000  Train=0.023s  Test=0.005s  Peak RAM=3.982 MB
2026-03-21 03:46:09 | INFO | [ncluster=166/166] AUC-ROC=nan%  AUC-PR=0.00%  F1=0.0000  MCC=0.0000  Train=0.021s  Test=0.006s  Peak RAM=3.979 MB
2026-03-21 03:46:09 | INFO | [ncluster=169/169] AUC-ROC=nan%  AUC-PR=0.00%  F1=0.0000  MCC=0.0000  Train=0.025s  Test=0.005s  Peak RAM=3.983 MB
2026-03-21 03:46:09 | INFO | [ncluster=172/172] AUC-ROC=nan%  AUC-PR=0.00%  F1=0.0000  MCC=0.0000  Train=0.024s  Test=0.006s  Peak RAM=3.98 MB
2026-03-21 03:46:09 | INFO | [ncluster=175/175] AUC-ROC=nan%  AUC-PR=0.00%  F1=0.0000  MCC=0.0000  Train=0.024s  Test=0.006s  Peak RAM=3.983 MB
2026-03-21 03:46:09 | INFO | [ncluster=178/178] AUC-ROC=nan%  AUC-PR=0.00%  F1=0.0000  MCC=0.0000  Train=0.024s  Test=0.005s  Peak RAM=3.98 MB
2026-03-21 03:46:09 | INFO | [ncluster=181/181] AUC-ROC=nan%  AUC-PR=0.00%  F1=0.0000  MCC=0.0000  Train=0.025s  Test=0.006s  Peak RAM=3.984 MB
2026-03-21 03:46:09 | INFO | [ncluster=184/184] AUC-ROC=nan%  AUC-PR=0.00%  F1=0.0000  MCC=0.0000  Train=0.024s  Test=0.005s  Peak RAM=3.981 MB
2026-03-21 03:46:09 | INFO | [ncluster=187/187] AUC-ROC=nan%  AUC-PR=0.00%  F1=0.0000  MCC=0.0000  Train=0.025s  Test=0.006s  Peak RAM=3.983 MB
2026-03-21 03:46:09 | INFO | [ncluster=190/190] AUC-ROC=nan%  AUC-PR=0.00%  F1=0.0000  MCC=0.0000  Train=0.026s  Test=0.006s  Peak RAM=3.981 MB
2026-03-21 03:46:09 | INFO | [ncluster=193/193] AUC-ROC=nan%  AUC-PR=0.00%  F1=0.0000  MCC=0.0000  Train=0.026s  Test=0.005s  Peak RAM=3.984 MB
2026-03-21 03:46:09 | INFO | [ncluster=196/196] AUC-ROC=nan%  AUC-PR=0.00%  F1=0.0000  MCC=0.0000  Train=0.047s  Test=0.006s  Peak RAM=3.982 MB
2026-03-21 03:46:09 | INFO | [ncluster=199/199] AUC-ROC=nan%  AUC-PR=0.00%  F1=0.0000  MCC=0.0000  Train=0.026s  Test=0.007s  Peak RAM=3.984 MB
2026-03-21 03:46:09 | INFO | [ncluster=202/202] AUC-ROC=nan%  AUC-PR=0.00%  F1=0.0000  MCC=0.0000  Train=0.026s  Test=0.006s  Peak RAM=3.981 MB
2026-03-21 03:46:09 | INFO | [ncluster=205/205] AUC-ROC=nan%  AUC-PR=0.00%  F1=0.0000  MCC=0.0000  Train=0.045s  Test=0.006s  Peak RAM=3.987 MB
2026-03-21 03:46:09 | INFO | [ncluster=208/208] AUC-ROC=nan%  AUC-PR=0.00%  F1=0.0000  MCC=0.0000  Train=0.027s  Test=0.005s  Peak RAM=3.984 MB
2026-03-21 03:46:09 | INFO | [ncluster=211/211] AUC-ROC=nan%  AUC-PR=0.00%  F1=0.0000  MCC=0.0000  Train=0.027s  Test=0.006s  Peak RAM=3.985 MB
2026-03-21 03:46:09 | INFO | [ncluster=214/214] AUC-ROC=nan%  AUC-PR=0.00%  F1=0.0000  MCC=0.0000  Train=0.028s  Test=0.006s  Peak RAM=3.982 MB
2026-03-21 03:46:09 | INFO | [ncluster=217/217] AUC-ROC=nan%  AUC-PR=0.00%  F1=0.0000  MCC=0.0000  Train=0.026s  Test=0.006s  Peak RAM=3.987 MB
2026-03-21 03:46:09 | INFO | [ncluster=220/220] AUC-ROC=nan%  AUC-PR=0.00%  F1=0.0000  MCC=0.0000  Train=0.028s  Test=0.006s  Peak RAM=3.985 MB
2026-03-21 03:46:09 | INFO | [ncluster=223/223] AUC-ROC=nan%  AUC-PR=0.00%  F1=0.0000  MCC=0.0000  Train=0.025s  Test=0.006s  Peak RAM=3.986 MB
2026-03-21 03:46:09 | INFO | [ncluster=226/226] AUC-ROC=nan%  AUC-PR=0.00%  F1=0.0000  MCC=0.0000  Train=0.029s  Test=0.006s  Peak RAM=3.986 MB
2026-03-21 03:46:09 | INFO | [ncluster=229/229] AUC-ROC=nan%  AUC-PR=0.00%  F1=0.0000  MCC=0.0000  Train=0.029s  Test=0.006s  Peak RAM=3.987 MB
2026-03-21 03:46:09 | INFO | [ncluster=232/232] AUC-ROC=nan%  AUC-PR=0.00%  F1=0.0000  MCC=0.0000  Train=0.029s  Test=0.005s  Peak RAM=3.987 MB
2026-03-21 03:46:09 | INFO | [ncluster=235/235] AUC-ROC=nan%  AUC-PR=0.00%  F1=0.0000  MCC=0.0000  Train=0.029s  Test=0.006s  Peak RAM=3.987 MB
2026-03-21 03:46:09 | INFO | [ncluster=238/238] AUC-ROC=nan%  AUC-PR=0.00%  F1=0.0000  MCC=0.0000  Train=0.029s  Test=0.013s  Peak RAM=3.987 MB
2026-03-21 03:46:09 | INFO | [ncluster=241/241] AUC-ROC=nan%  AUC-PR=0.00%  F1=0.0000  MCC=0.0000  Train=0.027s  Test=0.006s  Peak RAM=3.987 MB
2026-03-21 03:46:09 | INFO | [ncluster=244/244] AUC-ROC=nan%  AUC-PR=0.00%  F1=0.0000  MCC=0.0000  Train=0.030s  Test=0.007s  Peak RAM=3.987 MB
2026-03-21 03:46:09 | INFO | [ncluster=247/247] AUC-ROC=nan%  AUC-PR=0.00%  F1=0.0000  MCC=0.0000  Train=0.061s  Test=0.007s  Peak RAM=3.987 MB
2026-03-21 03:46:09 | INFO | [ncluster=250/250] AUC-ROC=nan%  AUC-PR=0.00%  F1=0.0000  MCC=0.0000  Train=0.031s  Test=0.006s  Peak RAM=3.988 MB
2026-03-21 03:46:09 | INFO | [ncluster=253/253] AUC-ROC=nan%  AUC-PR=0.00%  F1=0.0000  MCC=0.0000  Train=0.031s  Test=0.007s  Peak RAM=3.987 MB
2026-03-21 03:46:09 | INFO | [ncluster=256/256] AUC-ROC=nan%  AUC-PR=0.00%  F1=0.0000  MCC=0.0000  Train=0.031s  Test=0.006s  Peak RAM=3.988 MB
2026-03-21 03:46:09 | INFO | [ncluster=259/259] AUC-ROC=nan%  AUC-PR=0.00%  F1=0.0000  MCC=0.0000  Train=0.044s  Test=0.009s  Peak RAM=3.988 MB
2026-03-21 03:46:09 | INFO | [ncluster=262/262] AUC-ROC=nan%  AUC-PR=0.00%  F1=0.0000  MCC=0.0000  Train=0.030s  Test=0.007s  Peak RAM=3.988 MB
2026-03-21 03:46:09 | INFO | [ncluster=265/265] AUC-ROC=nan%  AUC-PR=0.00%  F1=0.0000  MCC=0.0000  Train=0.032s  Test=0.006s  Peak RAM=3.99 MB
2026-03-21 03:46:09 | INFO | [ncluster=268/268] AUC-ROC=nan%  AUC-PR=0.00%  F1=0.0000  MCC=0.0000  Train=0.032s  Test=0.007s  Peak RAM=3.99 MB
2026-03-21 03:46:09 | INFO | [ncluster=271/271] AUC-ROC=nan%  AUC-PR=0.00%  F1=0.0000  MCC=0.0000  Train=0.030s  Test=0.007s  Peak RAM=3.989 MB
2026-03-21 03:46:09 | INFO | [ncluster=274/274] AUC-ROC=nan%  AUC-PR=0.00%  F1=0.0000  MCC=0.0000  Train=0.033s  Test=0.006s  Peak RAM=3.989 MB
2026-03-21 03:46:09 | INFO | [ncluster=277/277] AUC-ROC=nan%  AUC-PR=0.00%  F1=0.0000  MCC=0.0000  Train=0.021s  Test=0.006s  Peak RAM=3.99 MB
2026-03-21 03:46:09 | INFO | [ncluster=280/280] AUC-ROC=nan%  AUC-PR=0.00%  F1=0.0000  MCC=0.0000  Train=0.033s  Test=0.006s  Peak RAM=3.991 MB
2026-03-21 03:46:09 | INFO | [ncluster=283/283] AUC-ROC=nan%  AUC-PR=0.00%  F1=0.0000  MCC=0.0000  Train=0.032s  Test=0.006s  Peak RAM=3.99 MB
2026-03-21 03:46:09 | INFO | [ncluster=286/286] AUC-ROC=nan%  AUC-PR=0.00%  F1=0.0000  MCC=0.0000  Train=0.022s  Test=0.006s  Peak RAM=3.989 MB
2026-03-21 03:46:09 | INFO | [ncluster=289/289] AUC-ROC=nan%  AUC-PR=0.00%  F1=0.0000  MCC=0.0000  Train=0.022s  Test=0.005s  Peak RAM=3.991 MB
2026-03-21 03:46:09 | INFO | [ncluster=292/292] AUC-ROC=nan%  AUC-PR=0.00%  F1=0.0000  MCC=0.0000  Train=0.022s  Test=0.005s  Peak RAM=3.99 MB
2026-03-21 03:46:09 | INFO | [ncluster=295/295] AUC-ROC=nan%  AUC-PR=0.00%  F1=0.0000  MCC=0.0000  Train=0.022s  Test=0.006s  Peak RAM=3.99 MB
2026-03-21 03:46:09 | INFO | [ncluster=298/298] AUC-ROC=nan%  AUC-PR=0.00%  F1=0.0000  MCC=0.0000  Train=0.022s  Test=0.005s  Peak RAM=3.991 MB
2026-03-21 03:46:09 | INFO | --- noise=5% ---
2026-03-21 03:46:09 | INFO | ============================================================
2026-03-21 03:46:09 | INFO | Dataset  : Train_StandardScaler_data_BoTIoT.csv
2026-03-21 03:46:09 | INFO | Scaler   : StandardScaler
2026-03-21 03:46:09 | INFO | Noise    : 5%
2026-03-21 03:46:09 | INFO | nClusters: 100 values (1..298)
2026-03-21 03:46:09 | INFO | ============================================================
2026-03-21 03:46:09 | INFO | Loaded Raw Shape -> Train: (9072, 27), Test: (15000, 27)
2026-03-21 03:46:09 | INFO | Dropped metadata features: ['pkSeqID', 'stime', 'ltime', 'seq', 'saddr', 'daddr', 'sport', 'dport', 'state', 'flgs', 'proto']
2026-03-21 03:46:09 | INFO | Dropped metadata features: ['pkSeqID', 'stime', 'ltime', 'seq', 'saddr', 'daddr', 'sport', 'dport', 'state', 'flgs', 'proto']
2026-03-21 03:46:09 | INFO | Training size : 9,525  |  Testing size: 14,547  |  Features: 15
2026-03-21 03:46:09 | INFO | Firing up Parallel execution for 100 cluster configs...
2026-03-21 03:46:40 | INFO | [ncluster=1/1] AUC-ROC=nan%  AUC-PR=0.00%  F1=0.0000  MCC=0.0000  Train=0.008s  Test=0.003s  Peak RAM=4.047 MB
2026-03-21 03:46:40 | INFO | [ncluster=4/4] AUC-ROC=nan%  AUC-PR=0.00%  F1=0.0000  MCC=0.0000  Train=0.008s  Test=0.003s  Peak RAM=4.049 MB
2026-03-21 03:46:40 | INFO | [ncluster=7/7] AUC-ROC=nan%  AUC-PR=0.00%  F1=0.0000  MCC=0.0000  Train=0.009s  Test=0.004s  Peak RAM=4.051 MB
2026-03-21 03:46:40 | INFO | [ncluster=10/10] AUC-ROC=nan%  AUC-PR=0.00%  F1=0.0000  MCC=0.0000  Train=0.009s  Test=0.003s  Peak RAM=4.049 MB
2026-03-21 03:46:40 | INFO | [ncluster=13/13] AUC-ROC=nan%  AUC-PR=0.00%  F1=0.0000  MCC=0.0000  Train=0.009s  Test=0.004s  Peak RAM=4.056 MB
2026-03-21 03:46:40 | INFO | [ncluster=16/16] AUC-ROC=nan%  AUC-PR=0.00%  F1=0.0000  MCC=0.0000  Train=0.009s  Test=0.003s  Peak RAM=4.05 MB
2026-03-21 03:46:40 | INFO | [ncluster=19/19] AUC-ROC=nan%  AUC-PR=0.00%  F1=0.0000  MCC=0.0000  Train=0.010s  Test=0.003s  Peak RAM=4.055 MB
2026-03-21 03:46:40 | INFO | [ncluster=22/22] AUC-ROC=nan%  AUC-PR=0.00%  F1=0.0000  MCC=0.0000  Train=0.010s  Test=0.004s  Peak RAM=4.049 MB
2026-03-21 03:46:40 | INFO | [ncluster=25/25] AUC-ROC=nan%  AUC-PR=0.00%  F1=0.0000  MCC=0.0000  Train=0.010s  Test=0.003s  Peak RAM=4.049 MB
2026-03-21 03:46:40 | INFO | [ncluster=28/28] AUC-ROC=nan%  AUC-PR=0.00%  F1=0.0000  MCC=0.0000  Train=0.011s  Test=0.004s  Peak RAM=4.05 MB
2026-03-21 03:46:40 | INFO | [ncluster=31/31] AUC-ROC=nan%  AUC-PR=0.00%  F1=0.0000  MCC=0.0000  Train=0.011s  Test=0.004s  Peak RAM=4.051 MB
2026-03-21 03:46:40 | INFO | [ncluster=34/34] AUC-ROC=nan%  AUC-PR=0.00%  F1=0.0000  MCC=0.0000  Train=0.011s  Test=0.004s  Peak RAM=4.05 MB
2026-03-21 03:46:40 | INFO | [ncluster=37/37] AUC-ROC=nan%  AUC-PR=0.00%  F1=0.0000  MCC=0.0000  Train=0.024s  Test=0.010s  Peak RAM=4.05 MB
2026-03-21 03:46:40 | INFO | [ncluster=40/40] AUC-ROC=nan%  AUC-PR=0.00%  F1=0.0000  MCC=0.0000  Train=0.011s  Test=0.003s  Peak RAM=4.051 MB
2026-03-21 03:46:40 | INFO | [ncluster=43/43] AUC-ROC=nan%  AUC-PR=0.00%  F1=0.0000  MCC=0.0000  Train=0.012s  Test=0.004s  Peak RAM=4.052 MB
2026-03-21 03:46:40 | INFO | [ncluster=46/46] AUC-ROC=nan%  AUC-PR=0.00%  F1=0.0000  MCC=0.0000  Train=0.012s  Test=0.004s  Peak RAM=4.051 MB
2026-03-21 03:46:40 | INFO | [ncluster=49/49] AUC-ROC=nan%  AUC-PR=0.00%  F1=0.0000  MCC=0.0000  Train=0.013s  Test=0.004s  Peak RAM=4.057 MB
2026-03-21 03:46:40 | INFO | [ncluster=52/52] AUC-ROC=nan%  AUC-PR=0.00%  F1=0.0000  MCC=0.0000  Train=0.028s  Test=0.007s  Peak RAM=4.053 MB
2026-03-21 03:46:40 | INFO | [ncluster=55/55] AUC-ROC=nan%  AUC-PR=0.00%  F1=0.0000  MCC=0.0000  Train=0.014s  Test=0.005s  Peak RAM=4.057 MB
2026-03-21 03:46:40 | INFO | [ncluster=58/58] AUC-ROC=nan%  AUC-PR=0.00%  F1=0.0000  MCC=0.0000  Train=0.013s  Test=0.004s  Peak RAM=4.052 MB
2026-03-21 03:46:40 | INFO | [ncluster=61/61] AUC-ROC=nan%  AUC-PR=0.00%  F1=0.0000  MCC=0.0000  Train=0.013s  Test=0.004s  Peak RAM=4.051 MB
2026-03-21 03:46:40 | INFO | [ncluster=64/64] AUC-ROC=nan%  AUC-PR=0.00%  F1=0.0000  MCC=0.0000  Train=0.014s  Test=0.003s  Peak RAM=4.052 MB
2026-03-21 03:46:40 | INFO | [ncluster=67/67] AUC-ROC=nan%  AUC-PR=0.00%  F1=0.0000  MCC=0.0000  Train=0.014s  Test=0.004s  Peak RAM=4.052 MB
2026-03-21 03:46:40 | INFO | [ncluster=70/70] AUC-ROC=nan%  AUC-PR=0.00%  F1=0.0000  MCC=0.0000  Train=0.015s  Test=0.005s  Peak RAM=4.053 MB
2026-03-21 03:46:40 | INFO | [ncluster=73/73] AUC-ROC=nan%  AUC-PR=0.00%  F1=0.0000  MCC=0.0000  Train=0.015s  Test=0.004s  Peak RAM=4.053 MB
2026-03-21 03:46:40 | INFO | [ncluster=76/76] AUC-ROC=nan%  AUC-PR=0.00%  F1=0.0000  MCC=0.0000  Train=0.015s  Test=0.004s  Peak RAM=4.061 MB
2026-03-21 03:46:40 | INFO | [ncluster=79/79] AUC-ROC=nan%  AUC-PR=0.00%  F1=0.0000  MCC=0.0000  Train=0.016s  Test=0.005s  Peak RAM=4.056 MB
2026-03-21 03:46:40 | INFO | [ncluster=82/82] AUC-ROC=nan%  AUC-PR=0.00%  F1=0.0000  MCC=0.0000  Train=0.031s  Test=0.007s  Peak RAM=4.052 MB
2026-03-21 03:46:40 | INFO | [ncluster=85/85] AUC-ROC=nan%  AUC-PR=0.00%  F1=0.0000  MCC=0.0000  Train=0.016s  Test=0.005s  Peak RAM=4.053 MB
2026-03-21 03:46:40 | INFO | [ncluster=88/88] AUC-ROC=nan%  AUC-PR=0.00%  F1=0.0000  MCC=0.0000  Train=0.016s  Test=0.004s  Peak RAM=4.051 MB
2026-03-21 03:46:40 | INFO | [ncluster=91/91] AUC-ROC=nan%  AUC-PR=0.00%  F1=0.0000  MCC=0.0000  Train=0.017s  Test=0.004s  Peak RAM=4.063 MB
2026-03-21 03:46:40 | INFO | [ncluster=94/94] AUC-ROC=nan%  AUC-PR=0.00%  F1=0.0000  MCC=0.0000  Train=0.017s  Test=0.005s  Peak RAM=4.056 MB
2026-03-21 03:46:40 | INFO | [ncluster=97/97] AUC-ROC=nan%  AUC-PR=0.00%  F1=0.0000  MCC=0.0000  Train=0.032s  Test=0.010s  Peak RAM=4.054 MB
2026-03-21 03:46:40 | INFO | [ncluster=100/100] AUC-ROC=nan%  AUC-PR=0.00%  F1=0.0000  MCC=0.0000  Train=0.017s  Test=0.005s  Peak RAM=4.052 MB
2026-03-21 03:46:40 | INFO | [ncluster=103/103] AUC-ROC=nan%  AUC-PR=0.00%  F1=0.0000  MCC=0.0000  Train=0.016s  Test=0.005s  Peak RAM=4.054 MB
2026-03-21 03:46:40 | INFO | [ncluster=106/106] AUC-ROC=nan%  AUC-PR=0.00%  F1=0.0000  MCC=0.0000  Train=0.016s  Test=0.004s  Peak RAM=4.053 MB
2026-03-21 03:46:40 | INFO | [ncluster=109/109] AUC-ROC=nan%  AUC-PR=0.00%  F1=0.0000  MCC=0.0000  Train=0.018s  Test=0.005s  Peak RAM=4.057 MB
2026-03-21 03:46:40 | INFO | [ncluster=112/112] AUC-ROC=nan%  AUC-PR=0.00%  F1=0.0000  MCC=0.0000  Train=0.019s  Test=0.004s  Peak RAM=4.053 MB
2026-03-21 03:46:40 | INFO | [ncluster=115/115] AUC-ROC=nan%  AUC-PR=0.00%  F1=0.0000  MCC=0.0000  Train=0.018s  Test=0.005s  Peak RAM=4.056 MB
2026-03-21 03:46:40 | INFO | [ncluster=118/118] AUC-ROC=nan%  AUC-PR=0.00%  F1=0.0000  MCC=0.0000  Train=0.019s  Test=0.005s  Peak RAM=4.054 MB
2026-03-21 03:46:40 | INFO | [ncluster=121/121] AUC-ROC=nan%  AUC-PR=0.00%  F1=0.0000  MCC=0.0000  Train=0.019s  Test=0.004s  Peak RAM=4.055 MB
2026-03-21 03:46:40 | INFO | [ncluster=124/124] AUC-ROC=nan%  AUC-PR=0.00%  F1=0.0000  MCC=0.0000  Train=0.020s  Test=0.006s  Peak RAM=4.053 MB
2026-03-21 03:46:40 | INFO | [ncluster=127/127] AUC-ROC=nan%  AUC-PR=0.00%  F1=0.0000  MCC=0.0000  Train=0.020s  Test=0.006s  Peak RAM=4.057 MB
2026-03-21 03:46:40 | INFO | [ncluster=130/130] AUC-ROC=nan%  AUC-PR=0.00%  F1=0.0000  MCC=0.0000  Train=0.020s  Test=0.005s  Peak RAM=4.054 MB
2026-03-21 03:46:40 | INFO | [ncluster=133/133] AUC-ROC=nan%  AUC-PR=0.00%  F1=0.0000  MCC=0.0000  Train=0.020s  Test=0.005s  Peak RAM=4.057 MB
2026-03-21 03:46:40 | INFO | [ncluster=136/136] AUC-ROC=nan%  AUC-PR=0.00%  F1=0.0000  MCC=0.0000  Train=0.021s  Test=0.004s  Peak RAM=4.065 MB
2026-03-21 03:46:40 | INFO | [ncluster=139/139] AUC-ROC=nan%  AUC-PR=0.00%  F1=0.0000  MCC=0.0000  Train=0.021s  Test=0.005s  Peak RAM=4.058 MB
2026-03-21 03:46:40 | INFO | [ncluster=142/142] AUC-ROC=nan%  AUC-PR=0.00%  F1=0.0000  MCC=0.0000  Train=0.021s  Test=0.006s  Peak RAM=4.055 MB
2026-03-21 03:46:40 | INFO | [ncluster=145/145] AUC-ROC=nan%  AUC-PR=0.00%  F1=0.0000  MCC=0.0000  Train=0.022s  Test=0.005s  Peak RAM=4.059 MB
2026-03-21 03:46:40 | INFO | [ncluster=148/148] AUC-ROC=nan%  AUC-PR=0.00%  F1=0.0000  MCC=0.0000  Train=0.022s  Test=0.005s  Peak RAM=4.06 MB
2026-03-21 03:46:40 | INFO | [ncluster=151/151] AUC-ROC=nan%  AUC-PR=0.00%  F1=0.0000  MCC=0.0000  Train=0.022s  Test=0.006s  Peak RAM=4.059 MB
2026-03-21 03:46:40 | INFO | [ncluster=154/154] AUC-ROC=nan%  AUC-PR=0.00%  F1=0.0000  MCC=0.0000  Train=0.022s  Test=0.005s  Peak RAM=4.065 MB
2026-03-21 03:46:40 | INFO | [ncluster=157/157] AUC-ROC=nan%  AUC-PR=0.00%  F1=0.0000  MCC=0.0000  Train=0.038s  Test=0.012s  Peak RAM=4.058 MB
2026-03-21 03:46:40 | INFO | [ncluster=160/160] AUC-ROC=nan%  AUC-PR=0.00%  F1=0.0000  MCC=0.0000  Train=0.035s  Test=0.005s  Peak RAM=4.056 MB
2026-03-21 03:46:40 | INFO | [ncluster=163/163] AUC-ROC=nan%  AUC-PR=0.00%  F1=0.0000  MCC=0.0000  Train=0.023s  Test=0.005s  Peak RAM=4.059 MB
2026-03-21 03:46:40 | INFO | [ncluster=166/166] AUC-ROC=nan%  AUC-PR=0.00%  F1=0.0000  MCC=0.0000  Train=0.022s  Test=0.006s  Peak RAM=4.06 MB
2026-03-21 03:46:40 | INFO | [ncluster=169/169] AUC-ROC=nan%  AUC-PR=0.00%  F1=0.0000  MCC=0.0000  Train=0.024s  Test=0.005s  Peak RAM=4.06 MB
2026-03-21 03:46:40 | INFO | [ncluster=172/172] AUC-ROC=nan%  AUC-PR=0.00%  F1=0.0000  MCC=0.0000  Train=0.042s  Test=0.008s  Peak RAM=4.057 MB
2026-03-21 03:46:40 | INFO | [ncluster=175/175] AUC-ROC=nan%  AUC-PR=0.00%  F1=0.0000  MCC=0.0000  Train=0.024s  Test=0.006s  Peak RAM=4.06 MB
2026-03-21 03:46:40 | INFO | [ncluster=178/178] AUC-ROC=nan%  AUC-PR=0.00%  F1=0.0000  MCC=0.0000  Train=0.025s  Test=0.006s  Peak RAM=4.057 MB
2026-03-21 03:46:40 | INFO | [ncluster=181/181] AUC-ROC=nan%  AUC-PR=0.00%  F1=0.0000  MCC=0.0000  Train=0.023s  Test=0.006s  Peak RAM=4.06 MB
2026-03-21 03:46:40 | INFO | [ncluster=184/184] AUC-ROC=nan%  AUC-PR=0.00%  F1=0.0000  MCC=0.0000  Train=0.023s  Test=0.005s  Peak RAM=4.058 MB
2026-03-21 03:46:40 | INFO | [ncluster=187/187] AUC-ROC=nan%  AUC-PR=0.00%  F1=0.0000  MCC=0.0000  Train=0.025s  Test=0.006s  Peak RAM=4.06 MB
2026-03-21 03:46:40 | INFO | [ncluster=190/190] AUC-ROC=nan%  AUC-PR=0.00%  F1=0.0000  MCC=0.0000  Train=0.026s  Test=0.006s  Peak RAM=4.058 MB
2026-03-21 03:46:40 | INFO | [ncluster=193/193] AUC-ROC=nan%  AUC-PR=0.00%  F1=0.0000  MCC=0.0000  Train=0.026s  Test=0.005s  Peak RAM=4.061 MB
2026-03-21 03:46:40 | INFO | [ncluster=196/196] AUC-ROC=nan%  AUC-PR=0.00%  F1=0.0000  MCC=0.0000  Train=0.026s  Test=0.006s  Peak RAM=4.059 MB
2026-03-21 03:46:40 | INFO | [ncluster=199/199] AUC-ROC=nan%  AUC-PR=0.00%  F1=0.0000  MCC=0.0000  Train=0.027s  Test=0.007s  Peak RAM=4.061 MB
2026-03-21 03:46:40 | INFO | [ncluster=202/202] AUC-ROC=nan%  AUC-PR=0.00%  F1=0.0000  MCC=0.0000  Train=0.027s  Test=0.006s  Peak RAM=4.068 MB
2026-03-21 03:46:40 | INFO | [ncluster=205/205] AUC-ROC=nan%  AUC-PR=0.00%  F1=0.0000  MCC=0.0000  Train=0.026s  Test=0.006s  Peak RAM=4.067 MB
2026-03-21 03:46:40 | INFO | [ncluster=208/208] AUC-ROC=nan%  AUC-PR=0.00%  F1=0.0000  MCC=0.0000  Train=0.027s  Test=0.005s  Peak RAM=4.062 MB
2026-03-21 03:46:40 | INFO | [ncluster=211/211] AUC-ROC=nan%  AUC-PR=0.00%  F1=0.0000  MCC=0.0000  Train=0.056s  Test=0.009s  Peak RAM=4.062 MB
2026-03-21 03:46:40 | INFO | [ncluster=214/214] AUC-ROC=nan%  AUC-PR=0.00%  F1=0.0000  MCC=0.0000  Train=0.031s  Test=0.016s  Peak RAM=4.071 MB
2026-03-21 03:46:40 | INFO | [ncluster=217/217] AUC-ROC=nan%  AUC-PR=0.00%  F1=0.0000  MCC=0.0000  Train=0.040s  Test=0.012s  Peak RAM=4.063 MB
2026-03-21 03:46:40 | INFO | [ncluster=220/220] AUC-ROC=nan%  AUC-PR=0.00%  F1=0.0000  MCC=0.0000  Train=0.040s  Test=0.012s  Peak RAM=4.064 MB
2026-03-21 03:46:40 | INFO | [ncluster=223/223] AUC-ROC=nan%  AUC-PR=0.00%  F1=0.0000  MCC=0.0000  Train=0.028s  Test=0.007s  Peak RAM=4.062 MB
2026-03-21 03:46:40 | INFO | [ncluster=226/226] AUC-ROC=nan%  AUC-PR=0.00%  F1=0.0000  MCC=0.0000  Train=0.054s  Test=0.006s  Peak RAM=4.064 MB
2026-03-21 03:46:40 | INFO | [ncluster=229/229] AUC-ROC=nan%  AUC-PR=0.00%  F1=0.0000  MCC=0.0000  Train=0.027s  Test=0.007s  Peak RAM=4.063 MB
2026-03-21 03:46:40 | INFO | [ncluster=232/232] AUC-ROC=nan%  AUC-PR=0.00%  F1=0.0000  MCC=0.0000  Train=0.033s  Test=0.005s  Peak RAM=4.063 MB
2026-03-21 03:46:40 | INFO | [ncluster=235/235] AUC-ROC=nan%  AUC-PR=0.00%  F1=0.0000  MCC=0.0000  Train=0.061s  Test=0.012s  Peak RAM=4.063 MB
2026-03-21 03:46:40 | INFO | [ncluster=238/238] AUC-ROC=nan%  AUC-PR=0.00%  F1=0.0000  MCC=0.0000  Train=0.029s  Test=0.007s  Peak RAM=4.063 MB
2026-03-21 03:46:40 | INFO | [ncluster=241/241] AUC-ROC=nan%  AUC-PR=0.00%  F1=0.0000  MCC=0.0000  Train=0.030s  Test=0.006s  Peak RAM=4.063 MB
2026-03-21 03:46:40 | INFO | [ncluster=244/244] AUC-ROC=nan%  AUC-PR=0.00%  F1=0.0000  MCC=0.0000  Train=0.031s  Test=0.007s  Peak RAM=4.066 MB
2026-03-21 03:46:40 | INFO | [ncluster=247/247] AUC-ROC=nan%  AUC-PR=0.00%  F1=0.0000  MCC=0.0000  Train=0.031s  Test=0.007s  Peak RAM=4.069 MB
2026-03-21 03:46:40 | INFO | [ncluster=250/250] AUC-ROC=nan%  AUC-PR=0.00%  F1=0.0000  MCC=0.0000  Train=0.031s  Test=0.006s  Peak RAM=4.069 MB
2026-03-21 03:46:40 | INFO | [ncluster=253/253] AUC-ROC=nan%  AUC-PR=0.00%  F1=0.0000  MCC=0.0000  Train=0.028s  Test=0.007s  Peak RAM=4.065 MB
2026-03-21 03:46:40 | INFO | [ncluster=256/256] AUC-ROC=nan%  AUC-PR=0.00%  F1=0.0000  MCC=0.0000  Train=0.031s  Test=0.006s  Peak RAM=4.065 MB
2026-03-21 03:46:40 | INFO | [ncluster=259/259] AUC-ROC=nan%  AUC-PR=0.00%  F1=0.0000  MCC=0.0000  Train=0.032s  Test=0.007s  Peak RAM=4.08 MB
2026-03-21 03:46:40 | INFO | [ncluster=262/262] AUC-ROC=nan%  AUC-PR=0.00%  F1=0.0000  MCC=0.0000  Train=0.066s  Test=0.013s  Peak RAM=4.074 MB
2026-03-21 03:46:40 | INFO | [ncluster=265/265] AUC-ROC=nan%  AUC-PR=0.00%  F1=0.0000  MCC=0.0000  Train=0.032s  Test=0.006s  Peak RAM=4.066 MB
2026-03-21 03:46:40 | INFO | [ncluster=268/268] AUC-ROC=nan%  AUC-PR=0.00%  F1=0.0000  MCC=0.0000  Train=0.033s  Test=0.007s  Peak RAM=4.069 MB
2026-03-21 03:46:40 | INFO | [ncluster=271/271] AUC-ROC=nan%  AUC-PR=0.00%  F1=0.0000  MCC=0.0000  Train=0.033s  Test=0.007s  Peak RAM=4.072 MB
2026-03-21 03:46:40 | INFO | [ncluster=274/274] AUC-ROC=nan%  AUC-PR=0.00%  F1=0.0000  MCC=0.0000  Train=0.034s  Test=0.006s  Peak RAM=4.073 MB
2026-03-21 03:46:40 | INFO | [ncluster=277/277] AUC-ROC=nan%  AUC-PR=0.00%  F1=0.0000  MCC=0.0000  Train=0.033s  Test=0.007s  Peak RAM=4.066 MB
2026-03-21 03:46:40 | INFO | [ncluster=280/280] AUC-ROC=nan%  AUC-PR=0.00%  F1=0.0000  MCC=0.0000  Train=0.022s  Test=0.005s  Peak RAM=4.068 MB
2026-03-21 03:46:40 | INFO | [ncluster=283/283] AUC-ROC=nan%  AUC-PR=0.00%  F1=0.0000  MCC=0.0000  Train=0.022s  Test=0.005s  Peak RAM=4.066 MB
2026-03-21 03:46:40 | INFO | [ncluster=286/286] AUC-ROC=nan%  AUC-PR=0.00%  F1=0.0000  MCC=0.0000  Train=0.024s  Test=0.006s  Peak RAM=4.067 MB
2026-03-21 03:46:40 | INFO | [ncluster=289/289] AUC-ROC=nan%  AUC-PR=0.00%  F1=0.0000  MCC=0.0000  Train=0.022s  Test=0.005s  Peak RAM=4.067 MB
2026-03-21 03:46:40 | INFO | [ncluster=292/292] AUC-ROC=nan%  AUC-PR=0.00%  F1=0.0000  MCC=0.0000  Train=0.022s  Test=0.005s  Peak RAM=4.067 MB
2026-03-21 03:46:40 | INFO | [ncluster=295/295] AUC-ROC=nan%  AUC-PR=0.00%  F1=0.0000  MCC=0.0000  Train=0.022s  Test=0.006s  Peak RAM=4.067 MB
2026-03-21 03:46:40 | INFO | [ncluster=298/298] AUC-ROC=nan%  AUC-PR=0.00%  F1=0.0000  MCC=0.0000  Train=0.022s  Test=0.005s  Peak RAM=4.069 MB
2026-03-21 03:46:40 | INFO | 
>>> Processing data_BoTIoT | scaler=MinMaxScaler
2026-03-21 03:46:40 | INFO | --- noise=0% ---
2026-03-21 03:46:40 | INFO | ============================================================
2026-03-21 03:46:40 | INFO | Dataset  : Train_MinMaxScaler_data_BoTIoT.csv
2026-03-21 03:46:40 | INFO | Scaler   : MinMaxScaler
2026-03-21 03:46:40 | INFO | Noise    : 0%
2026-03-21 03:46:40 | INFO | nClusters: 100 values (1..298)
2026-03-21 03:46:40 | INFO | ============================================================
2026-03-21 03:46:40 | INFO | Loaded Raw Shape -> Train: (9072, 27), Test: (15000, 27)
2026-03-21 03:46:40 | INFO | Dropped metadata features: ['pkSeqID', 'stime', 'ltime', 'seq', 'saddr', 'daddr', 'sport', 'dport', 'state', 'flgs', 'proto']
2026-03-21 03:46:40 | INFO | Dropped metadata features: ['pkSeqID', 'stime', 'ltime', 'seq', 'saddr', 'daddr', 'sport', 'dport', 'state', 'flgs', 'proto']
2026-03-21 03:46:40 | INFO | Training size : 9,072  |  Testing size: 15,000  |  Features: 15
2026-03-21 03:46:40 | INFO | Firing up Parallel execution for 100 cluster configs...
2026-03-21 03:47:10 | INFO | [ncluster=1/1] AUC-ROC=nan%  AUC-PR=0.00%  F1=0.0000  MCC=0.0000  Train=0.008s  Test=0.003s  Peak RAM=4.167 MB
2026-03-21 03:47:10 | INFO | [ncluster=4/4] AUC-ROC=nan%  AUC-PR=0.00%  F1=0.0000  MCC=0.0000  Train=0.008s  Test=0.004s  Peak RAM=4.171 MB
2026-03-21 03:47:10 | INFO | [ncluster=7/7] AUC-ROC=nan%  AUC-PR=0.00%  F1=0.0000  MCC=0.0000  Train=0.008s  Test=0.004s  Peak RAM=4.169 MB
2026-03-21 03:47:10 | INFO | [ncluster=10/10] AUC-ROC=nan%  AUC-PR=0.00%  F1=0.0000  MCC=0.0000  Train=0.008s  Test=0.003s  Peak RAM=4.171 MB
2026-03-21 03:47:10 | INFO | [ncluster=13/13] AUC-ROC=nan%  AUC-PR=0.00%  F1=0.0000  MCC=0.0000  Train=0.009s  Test=0.004s  Peak RAM=4.175 MB
2026-03-21 03:47:10 | INFO | [ncluster=16/16] AUC-ROC=nan%  AUC-PR=0.00%  F1=0.0000  MCC=0.0000  Train=0.009s  Test=0.003s  Peak RAM=4.17 MB
2026-03-21 03:47:10 | INFO | [ncluster=19/19] AUC-ROC=nan%  AUC-PR=0.00%  F1=0.0000  MCC=0.0000  Train=0.009s  Test=0.004s  Peak RAM=4.169 MB
2026-03-21 03:47:10 | INFO | [ncluster=22/22] AUC-ROC=nan%  AUC-PR=0.00%  F1=0.0000  MCC=0.0000  Train=0.010s  Test=0.004s  Peak RAM=4.17 MB
2026-03-21 03:47:10 | INFO | [ncluster=25/25] AUC-ROC=nan%  AUC-PR=0.00%  F1=0.0000  MCC=0.0000  Train=0.010s  Test=0.004s  Peak RAM=4.17 MB
2026-03-21 03:47:10 | INFO | [ncluster=28/28] AUC-ROC=nan%  AUC-PR=0.00%  F1=0.0000  MCC=0.0000  Train=0.010s  Test=0.004s  Peak RAM=4.171 MB
2026-03-21 03:47:10 | INFO | [ncluster=31/31] AUC-ROC=nan%  AUC-PR=0.00%  F1=0.0000  MCC=0.0000  Train=0.011s  Test=0.005s  Peak RAM=4.171 MB
2026-03-21 03:47:10 | INFO | [ncluster=34/34] AUC-ROC=nan%  AUC-PR=0.00%  F1=0.0000  MCC=0.0000  Train=0.011s  Test=0.004s  Peak RAM=4.171 MB
2026-03-21 03:47:10 | INFO | [ncluster=37/37] AUC-ROC=nan%  AUC-PR=0.00%  F1=0.0000  MCC=0.0000  Train=0.011s  Test=0.004s  Peak RAM=4.17 MB
2026-03-21 03:47:10 | INFO | [ncluster=40/40] AUC-ROC=nan%  AUC-PR=0.00%  F1=0.0000  MCC=0.0000  Train=0.048s  Test=0.006s  Peak RAM=4.171 MB
2026-03-21 03:47:10 | INFO | [ncluster=43/43] AUC-ROC=nan%  AUC-PR=0.00%  F1=0.0000  MCC=0.0000  Train=0.011s  Test=0.004s  Peak RAM=4.171 MB
2026-03-21 03:47:10 | INFO | [ncluster=46/46] AUC-ROC=nan%  AUC-PR=0.00%  F1=0.0000  MCC=0.0000  Train=0.012s  Test=0.005s  Peak RAM=4.171 MB
2026-03-21 03:47:10 | INFO | [ncluster=49/49] AUC-ROC=nan%  AUC-PR=0.00%  F1=0.0000  MCC=0.0000  Train=0.012s  Test=0.004s  Peak RAM=4.178 MB
2026-03-21 03:47:10 | INFO | [ncluster=52/52] AUC-ROC=nan%  AUC-PR=0.00%  F1=0.0000  MCC=0.0000  Train=0.013s  Test=0.005s  Peak RAM=4.173 MB
2026-03-21 03:47:10 | INFO | [ncluster=55/55] AUC-ROC=nan%  AUC-PR=0.00%  F1=0.0000  MCC=0.0000  Train=0.013s  Test=0.005s  Peak RAM=4.172 MB
2026-03-21 03:47:10 | INFO | [ncluster=58/58] AUC-ROC=nan%  AUC-PR=0.00%  F1=0.0000  MCC=0.0000  Train=0.013s  Test=0.004s  Peak RAM=4.173 MB
2026-03-21 03:47:10 | INFO | [ncluster=61/61] AUC-ROC=nan%  AUC-PR=0.00%  F1=0.0000  MCC=0.0000  Train=0.012s  Test=0.005s  Peak RAM=4.172 MB
2026-03-21 03:47:10 | INFO | [ncluster=64/64] AUC-ROC=nan%  AUC-PR=0.00%  F1=0.0000  MCC=0.0000  Train=0.014s  Test=0.004s  Peak RAM=4.173 MB
2026-03-21 03:47:10 | INFO | [ncluster=67/67] AUC-ROC=nan%  AUC-PR=0.00%  F1=0.0000  MCC=0.0000  Train=0.014s  Test=0.005s  Peak RAM=4.173 MB
2026-03-21 03:47:10 | INFO | [ncluster=70/70] AUC-ROC=nan%  AUC-PR=0.00%  F1=0.0000  MCC=0.0000  Train=0.013s  Test=0.005s  Peak RAM=4.173 MB
2026-03-21 03:47:10 | INFO | [ncluster=73/73] AUC-ROC=nan%  AUC-PR=0.00%  F1=0.0000  MCC=0.0000  Train=0.015s  Test=0.004s  Peak RAM=4.174 MB
2026-03-21 03:47:10 | INFO | [ncluster=76/76] AUC-ROC=nan%  AUC-PR=0.00%  F1=0.0000  MCC=0.0000  Train=0.015s  Test=0.005s  Peak RAM=4.171 MB
2026-03-21 03:47:10 | INFO | [ncluster=79/79] AUC-ROC=nan%  AUC-PR=0.00%  F1=0.0000  MCC=0.0000  Train=0.015s  Test=0.005s  Peak RAM=4.174 MB
2026-03-21 03:47:10 | INFO | [ncluster=82/82] AUC-ROC=nan%  AUC-PR=0.00%  F1=0.0000  MCC=0.0000  Train=0.015s  Test=0.004s  Peak RAM=4.171 MB
2026-03-21 03:47:10 | INFO | [ncluster=85/85] AUC-ROC=nan%  AUC-PR=0.00%  F1=0.0000  MCC=0.0000  Train=0.016s  Test=0.005s  Peak RAM=4.174 MB
2026-03-21 03:47:10 | INFO | [ncluster=88/88] AUC-ROC=nan%  AUC-PR=0.00%  F1=0.0000  MCC=0.0000  Train=0.031s  Test=0.010s  Peak RAM=4.172 MB
2026-03-21 03:47:10 | INFO | [ncluster=91/91] AUC-ROC=nan%  AUC-PR=0.00%  F1=0.0000  MCC=0.0000  Train=0.015s  Test=0.005s  Peak RAM=4.174 MB
2026-03-21 03:47:10 | INFO | [ncluster=94/94] AUC-ROC=nan%  AUC-PR=0.00%  F1=0.0000  MCC=0.0000  Train=0.016s  Test=0.006s  Peak RAM=4.171 MB
2026-03-21 03:47:10 | INFO | [ncluster=97/97] AUC-ROC=nan%  AUC-PR=0.00%  F1=0.0000  MCC=0.0000  Train=0.017s  Test=0.004s  Peak RAM=4.175 MB
2026-03-21 03:47:10 | INFO | [ncluster=100/100] AUC-ROC=nan%  AUC-PR=0.00%  F1=0.0000  MCC=0.0000  Train=0.017s  Test=0.005s  Peak RAM=4.172 MB
2026-03-21 03:47:10 | INFO | [ncluster=103/103] AUC-ROC=nan%  AUC-PR=0.00%  F1=0.0000  MCC=0.0000  Train=0.017s  Test=0.006s  Peak RAM=4.175 MB
2026-03-21 03:47:10 | INFO | [ncluster=106/106] AUC-ROC=nan%  AUC-PR=0.00%  F1=0.0000  MCC=0.0000  Train=0.017s  Test=0.005s  Peak RAM=4.172 MB
2026-03-21 03:47:10 | INFO | [ncluster=109/109] AUC-ROC=nan%  AUC-PR=0.00%  F1=0.0000  MCC=0.0000  Train=0.018s  Test=0.005s  Peak RAM=4.176 MB
2026-03-21 03:47:10 | INFO | [ncluster=112/112] AUC-ROC=nan%  AUC-PR=0.00%  F1=0.0000  MCC=0.0000  Train=0.018s  Test=0.004s  Peak RAM=4.173 MB
2026-03-21 03:47:10 | INFO | [ncluster=115/115] AUC-ROC=nan%  AUC-PR=0.00%  F1=0.0000  MCC=0.0000  Train=0.018s  Test=0.005s  Peak RAM=4.175 MB
2026-03-21 03:47:10 | INFO | [ncluster=118/118] AUC-ROC=nan%  AUC-PR=0.00%  F1=0.0000  MCC=0.0000  Train=0.018s  Test=0.006s  Peak RAM=4.174 MB
2026-03-21 03:47:10 | INFO | [ncluster=121/121] AUC-ROC=nan%  AUC-PR=0.00%  F1=0.0000  MCC=0.0000  Train=0.019s  Test=0.005s  Peak RAM=4.177 MB
2026-03-21 03:47:10 | INFO | [ncluster=124/124] AUC-ROC=nan%  AUC-PR=0.00%  F1=0.0000  MCC=0.0000  Train=0.019s  Test=0.005s  Peak RAM=4.174 MB
2026-03-21 03:47:10 | INFO | [ncluster=127/127] AUC-ROC=nan%  AUC-PR=0.00%  F1=0.0000  MCC=0.0000  Train=0.019s  Test=0.006s  Peak RAM=4.176 MB
2026-03-21 03:47:10 | INFO | [ncluster=130/130] AUC-ROC=nan%  AUC-PR=0.00%  F1=0.0000  MCC=0.0000  Train=0.020s  Test=0.005s  Peak RAM=4.174 MB
2026-03-21 03:47:10 | INFO | [ncluster=133/133] AUC-ROC=nan%  AUC-PR=0.00%  F1=0.0000  MCC=0.0000  Train=0.020s  Test=0.006s  Peak RAM=4.177 MB
2026-03-21 03:47:10 | INFO | [ncluster=136/136] AUC-ROC=nan%  AUC-PR=0.00%  F1=0.0000  MCC=0.0000  Train=0.020s  Test=0.005s  Peak RAM=4.174 MB
2026-03-21 03:47:10 | INFO | [ncluster=139/139] AUC-ROC=nan%  AUC-PR=0.00%  F1=0.0000  MCC=0.0000  Train=0.021s  Test=0.006s  Peak RAM=4.177 MB
2026-03-21 03:47:10 | INFO | [ncluster=142/142] AUC-ROC=nan%  AUC-PR=0.00%  F1=0.0000  MCC=0.0000  Train=0.021s  Test=0.006s  Peak RAM=4.174 MB
2026-03-21 03:47:10 | INFO | [ncluster=145/145] AUC-ROC=nan%  AUC-PR=0.00%  F1=0.0000  MCC=0.0000  Train=0.021s  Test=0.005s  Peak RAM=4.178 MB
2026-03-21 03:47:10 | INFO | [ncluster=148/148] AUC-ROC=nan%  AUC-PR=0.00%  F1=0.0000  MCC=0.0000  Train=0.024s  Test=0.009s  Peak RAM=4.175 MB
2026-03-21 03:47:10 | INFO | [ncluster=151/151] AUC-ROC=nan%  AUC-PR=0.00%  F1=0.0000  MCC=0.0000  Train=0.021s  Test=0.006s  Peak RAM=4.178 MB
2026-03-21 03:47:10 | INFO | [ncluster=154/154] AUC-ROC=nan%  AUC-PR=0.00%  F1=0.0000  MCC=0.0000  Train=0.022s  Test=0.005s  Peak RAM=4.175 MB
2026-03-21 03:47:10 | INFO | [ncluster=157/157] AUC-ROC=nan%  AUC-PR=0.00%  F1=0.0000  MCC=0.0000  Train=0.022s  Test=0.006s  Peak RAM=4.178 MB
2026-03-21 03:47:10 | INFO | [ncluster=160/160] AUC-ROC=nan%  AUC-PR=0.00%  F1=0.0000  MCC=0.0000  Train=0.022s  Test=0.005s  Peak RAM=4.176 MB
2026-03-21 03:47:10 | INFO | [ncluster=163/163] AUC-ROC=nan%  AUC-PR=0.00%  F1=0.0000  MCC=0.0000  Train=0.020s  Test=0.005s  Peak RAM=4.179 MB
2026-03-21 03:47:10 | INFO | [ncluster=166/166] AUC-ROC=nan%  AUC-PR=0.00%  F1=0.0000  MCC=0.0000  Train=0.023s  Test=0.006s  Peak RAM=4.176 MB
2026-03-21 03:47:10 | INFO | [ncluster=169/169] AUC-ROC=nan%  AUC-PR=0.00%  F1=0.0000  MCC=0.0000  Train=0.022s  Test=0.005s  Peak RAM=4.179 MB
2026-03-21 03:47:10 | INFO | [ncluster=172/172] AUC-ROC=nan%  AUC-PR=0.00%  F1=0.0000  MCC=0.0000  Train=0.023s  Test=0.006s  Peak RAM=4.176 MB
2026-03-21 03:47:10 | INFO | [ncluster=175/175] AUC-ROC=nan%  AUC-PR=0.00%  F1=0.0000  MCC=0.0000  Train=0.024s  Test=0.007s  Peak RAM=4.18 MB
2026-03-21 03:47:10 | INFO | [ncluster=178/178] AUC-ROC=nan%  AUC-PR=0.00%  F1=0.0000  MCC=0.0000  Train=0.036s  Test=0.026s  Peak RAM=4.178 MB
2026-03-21 03:47:10 | INFO | [ncluster=181/181] AUC-ROC=nan%  AUC-PR=0.00%  F1=0.0000  MCC=0.0000  Train=0.024s  Test=0.006s  Peak RAM=4.179 MB
2026-03-21 03:47:10 | INFO | [ncluster=184/184] AUC-ROC=nan%  AUC-PR=0.00%  F1=0.0000  MCC=0.0000  Train=0.025s  Test=0.005s  Peak RAM=4.177 MB
2026-03-21 03:47:10 | INFO | [ncluster=187/187] AUC-ROC=nan%  AUC-PR=0.00%  F1=0.0000  MCC=0.0000  Train=0.025s  Test=0.006s  Peak RAM=4.18 MB
2026-03-21 03:47:10 | INFO | [ncluster=190/190] AUC-ROC=nan%  AUC-PR=0.00%  F1=0.0000  MCC=0.0000  Train=0.023s  Test=0.007s  Peak RAM=4.178 MB
2026-03-21 03:47:10 | INFO | [ncluster=193/193] AUC-ROC=nan%  AUC-PR=0.00%  F1=0.0000  MCC=0.0000  Train=0.025s  Test=0.006s  Peak RAM=4.181 MB
2026-03-21 03:47:10 | INFO | [ncluster=196/196] AUC-ROC=nan%  AUC-PR=0.00%  F1=0.0000  MCC=0.0000  Train=0.026s  Test=0.006s  Peak RAM=4.178 MB
2026-03-21 03:47:10 | INFO | [ncluster=199/199] AUC-ROC=nan%  AUC-PR=0.00%  F1=0.0000  MCC=0.0000  Train=0.026s  Test=0.007s  Peak RAM=4.18 MB
2026-03-21 03:47:10 | INFO | [ncluster=202/202] AUC-ROC=nan%  AUC-PR=0.00%  F1=0.0000  MCC=0.0000  Train=0.026s  Test=0.006s  Peak RAM=4.178 MB
2026-03-21 03:47:10 | INFO | [ncluster=205/205] AUC-ROC=nan%  AUC-PR=0.00%  F1=0.0000  MCC=0.0000  Train=0.048s  Test=0.016s  Peak RAM=4.18 MB
2026-03-21 03:47:10 | INFO | [ncluster=208/208] AUC-ROC=nan%  AUC-PR=0.00%  F1=0.0000  MCC=0.0000  Train=0.026s  Test=0.006s  Peak RAM=4.179 MB
2026-03-21 03:47:10 | INFO | [ncluster=211/211] AUC-ROC=nan%  AUC-PR=0.00%  F1=0.0000  MCC=0.0000  Train=0.024s  Test=0.006s  Peak RAM=4.181 MB
2026-03-21 03:47:10 | INFO | [ncluster=214/214] AUC-ROC=nan%  AUC-PR=0.00%  F1=0.0000  MCC=0.0000  Train=0.027s  Test=0.007s  Peak RAM=4.179 MB
2026-03-21 03:47:10 | INFO | [ncluster=217/217] AUC-ROC=nan%  AUC-PR=0.00%  F1=0.0000  MCC=0.0000  Train=0.057s  Test=0.012s  Peak RAM=4.182 MB
2026-03-21 03:47:10 | INFO | [ncluster=220/220] AUC-ROC=nan%  AUC-PR=0.00%  F1=0.0000  MCC=0.0000  Train=0.025s  Test=0.007s  Peak RAM=4.182 MB
2026-03-21 03:47:10 | INFO | [ncluster=223/223] AUC-ROC=nan%  AUC-PR=0.00%  F1=0.0000  MCC=0.0000  Train=0.028s  Test=0.007s  Peak RAM=4.182 MB
2026-03-21 03:47:10 | INFO | [ncluster=226/226] AUC-ROC=nan%  AUC-PR=0.00%  F1=0.0000  MCC=0.0000  Train=0.028s  Test=0.006s  Peak RAM=4.183 MB
2026-03-21 03:47:10 | INFO | [ncluster=229/229] AUC-ROC=nan%  AUC-PR=0.00%  F1=0.0000  MCC=0.0000  Train=0.028s  Test=0.007s  Peak RAM=4.182 MB
2026-03-21 03:47:10 | INFO | [ncluster=232/232] AUC-ROC=nan%  AUC-PR=0.00%  F1=0.0000  MCC=0.0000  Train=0.029s  Test=0.006s  Peak RAM=4.182 MB
2026-03-21 03:47:10 | INFO | [ncluster=235/235] AUC-ROC=nan%  AUC-PR=0.00%  F1=0.0000  MCC=0.0000  Train=0.030s  Test=0.007s  Peak RAM=4.182 MB
2026-03-21 03:47:10 | INFO | [ncluster=238/238] AUC-ROC=nan%  AUC-PR=0.00%  F1=0.0000  MCC=0.0000  Train=0.030s  Test=0.007s  Peak RAM=4.184 MB
2026-03-21 03:47:10 | INFO | [ncluster=241/241] AUC-ROC=nan%  AUC-PR=0.00%  F1=0.0000  MCC=0.0000  Train=0.051s  Test=0.006s  Peak RAM=4.183 MB
2026-03-21 03:47:10 | INFO | [ncluster=244/244] AUC-ROC=nan%  AUC-PR=0.00%  F1=0.0000  MCC=0.0000  Train=0.027s  Test=0.012s  Peak RAM=4.183 MB
2026-03-21 03:47:10 | INFO | [ncluster=247/247] AUC-ROC=nan%  AUC-PR=0.00%  F1=0.0000  MCC=0.0000  Train=0.028s  Test=0.007s  Peak RAM=4.185 MB
2026-03-21 03:47:10 | INFO | [ncluster=250/250] AUC-ROC=nan%  AUC-PR=0.00%  F1=0.0000  MCC=0.0000  Train=0.031s  Test=0.007s  Peak RAM=4.183 MB
2026-03-21 03:47:10 | INFO | [ncluster=253/253] AUC-ROC=nan%  AUC-PR=0.00%  F1=0.0000  MCC=0.0000  Train=0.028s  Test=0.007s  Peak RAM=4.184 MB
2026-03-21 03:47:10 | INFO | [ncluster=256/256] AUC-ROC=nan%  AUC-PR=0.00%  F1=0.0000  MCC=0.0000  Train=0.031s  Test=0.006s  Peak RAM=4.185 MB
2026-03-21 03:47:10 | INFO | [ncluster=259/259] AUC-ROC=nan%  AUC-PR=0.00%  F1=0.0000  MCC=0.0000  Train=0.032s  Test=0.008s  Peak RAM=4.184 MB
2026-03-21 03:47:10 | INFO | [ncluster=262/262] AUC-ROC=nan%  AUC-PR=0.00%  F1=0.0000  MCC=0.0000  Train=0.032s  Test=0.008s  Peak RAM=4.184 MB
2026-03-21 03:47:10 | INFO | [ncluster=265/265] AUC-ROC=nan%  AUC-PR=0.00%  F1=0.0000  MCC=0.0000  Train=0.032s  Test=0.007s  Peak RAM=4.185 MB
2026-03-21 03:47:10 | INFO | [ncluster=268/268] AUC-ROC=nan%  AUC-PR=0.00%  F1=0.0000  MCC=0.0000  Train=0.032s  Test=0.007s  Peak RAM=4.184 MB
2026-03-21 03:47:10 | INFO | [ncluster=271/271] AUC-ROC=nan%  AUC-PR=0.00%  F1=0.0000  MCC=0.0000  Train=0.032s  Test=0.008s  Peak RAM=4.185 MB
2026-03-21 03:47:10 | INFO | [ncluster=274/274] AUC-ROC=nan%  AUC-PR=0.00%  F1=0.0000  MCC=0.0000  Train=0.029s  Test=0.007s  Peak RAM=4.185 MB
2026-03-21 03:47:10 | INFO | [ncluster=277/277] AUC-ROC=nan%  AUC-PR=0.00%  F1=0.0000  MCC=0.0000  Train=0.021s  Test=0.006s  Peak RAM=4.186 MB
2026-03-21 03:47:10 | INFO | [ncluster=280/280] AUC-ROC=nan%  AUC-PR=0.00%  F1=0.0000  MCC=0.0000  Train=0.021s  Test=0.005s  Peak RAM=4.186 MB
2026-03-21 03:47:10 | INFO | [ncluster=283/283] AUC-ROC=nan%  AUC-PR=0.00%  F1=0.0000  MCC=0.0000  Train=0.021s  Test=0.005s  Peak RAM=4.184 MB
2026-03-21 03:47:10 | INFO | [ncluster=286/286] AUC-ROC=nan%  AUC-PR=0.00%  F1=0.0000  MCC=0.0000  Train=0.022s  Test=0.006s  Peak RAM=4.185 MB
2026-03-21 03:47:10 | INFO | [ncluster=289/289] AUC-ROC=nan%  AUC-PR=0.00%  F1=0.0000  MCC=0.0000  Train=0.022s  Test=0.005s  Peak RAM=4.187 MB
2026-03-21 03:47:10 | INFO | [ncluster=292/292] AUC-ROC=nan%  AUC-PR=0.00%  F1=0.0000  MCC=0.0000  Train=0.022s  Test=0.005s  Peak RAM=4.185 MB
2026-03-21 03:47:10 | INFO | [ncluster=295/295] AUC-ROC=nan%  AUC-PR=0.00%  F1=0.0000  MCC=0.0000  Train=0.022s  Test=0.006s  Peak RAM=4.186 MB
2026-03-21 03:47:10 | INFO | [ncluster=298/298] AUC-ROC=nan%  AUC-PR=0.00%  F1=0.0000  MCC=0.0000  Train=0.021s  Test=0.005s  Peak RAM=4.186 MB
2026-03-21 03:47:10 | INFO | --- noise=1% ---
2026-03-21 03:47:10 | INFO | ============================================================
2026-03-21 03:47:10 | INFO | Dataset  : Train_MinMaxScaler_data_BoTIoT.csv
2026-03-21 03:47:10 | INFO | Scaler   : MinMaxScaler
2026-03-21 03:47:10 | INFO | Noise    : 1%
2026-03-21 03:47:10 | INFO | nClusters: 100 values (1..298)
2026-03-21 03:47:10 | INFO | ============================================================
2026-03-21 03:47:11 | INFO | Loaded Raw Shape -> Train: (9072, 27), Test: (15000, 27)
2026-03-21 03:47:11 | INFO | Dropped metadata features: ['pkSeqID', 'stime', 'ltime', 'seq', 'saddr', 'daddr', 'sport', 'dport', 'state', 'flgs', 'proto']
2026-03-21 03:47:11 | INFO | Dropped metadata features: ['pkSeqID', 'stime', 'ltime', 'seq', 'saddr', 'daddr', 'sport', 'dport', 'state', 'flgs', 'proto']
2026-03-21 03:47:11 | INFO | Training size : 9,162  |  Testing size: 14,910  |  Features: 15
2026-03-21 03:47:11 | INFO | Firing up Parallel execution for 100 cluster configs...
2026-03-21 03:47:41 | INFO | [ncluster=1/1] AUC-ROC=nan%  AUC-PR=0.00%  F1=0.0000  MCC=0.0000  Train=0.008s  Test=0.003s  Peak RAM=3.893 MB
2026-03-21 03:47:41 | INFO | [ncluster=4/4] AUC-ROC=nan%  AUC-PR=0.00%  F1=0.0000  MCC=0.0000  Train=0.008s  Test=0.003s  Peak RAM=3.894 MB
2026-03-21 03:47:41 | INFO | [ncluster=7/7] AUC-ROC=nan%  AUC-PR=0.00%  F1=0.0000  MCC=0.0000  Train=0.008s  Test=0.004s  Peak RAM=3.894 MB
2026-03-21 03:47:41 | INFO | [ncluster=10/10] AUC-ROC=nan%  AUC-PR=0.00%  F1=0.0000  MCC=0.0000  Train=0.009s  Test=0.003s  Peak RAM=3.895 MB
2026-03-21 03:47:41 | INFO | [ncluster=13/13] AUC-ROC=nan%  AUC-PR=0.00%  F1=0.0000  MCC=0.0000  Train=0.009s  Test=0.004s  Peak RAM=3.896 MB
2026-03-21 03:47:41 | INFO | [ncluster=16/16] AUC-ROC=nan%  AUC-PR=0.00%  F1=0.0000  MCC=0.0000  Train=0.009s  Test=0.003s  Peak RAM=3.896 MB
2026-03-21 03:47:41 | INFO | [ncluster=19/19] AUC-ROC=nan%  AUC-PR=0.00%  F1=0.0000  MCC=0.0000  Train=0.009s  Test=0.003s  Peak RAM=3.896 MB
2026-03-21 03:47:41 | INFO | [ncluster=22/22] AUC-ROC=nan%  AUC-PR=0.00%  F1=0.0000  MCC=0.0000  Train=0.010s  Test=0.004s  Peak RAM=3.895 MB
2026-03-21 03:47:41 | INFO | [ncluster=25/25] AUC-ROC=nan%  AUC-PR=0.00%  F1=0.0000  MCC=0.0000  Train=0.010s  Test=0.003s  Peak RAM=3.896 MB
2026-03-21 03:47:41 | INFO | [ncluster=28/28] AUC-ROC=nan%  AUC-PR=0.00%  F1=0.0000  MCC=0.0000  Train=0.010s  Test=0.004s  Peak RAM=3.897 MB
2026-03-21 03:47:41 | INFO | [ncluster=31/31] AUC-ROC=nan%  AUC-PR=0.00%  F1=0.0000  MCC=0.0000  Train=0.010s  Test=0.004s  Peak RAM=3.897 MB
2026-03-21 03:47:41 | INFO | [ncluster=34/34] AUC-ROC=nan%  AUC-PR=0.00%  F1=0.0000  MCC=0.0000  Train=0.011s  Test=0.003s  Peak RAM=3.897 MB
2026-03-21 03:47:41 | INFO | [ncluster=37/37] AUC-ROC=nan%  AUC-PR=0.00%  F1=0.0000  MCC=0.0000  Train=0.011s  Test=0.004s  Peak RAM=3.896 MB
2026-03-21 03:47:41 | INFO | [ncluster=40/40] AUC-ROC=nan%  AUC-PR=0.00%  F1=0.0000  MCC=0.0000  Train=0.011s  Test=0.003s  Peak RAM=3.897 MB
2026-03-21 03:47:41 | INFO | [ncluster=43/43] AUC-ROC=nan%  AUC-PR=0.00%  F1=0.0000  MCC=0.0000  Train=0.012s  Test=0.004s  Peak RAM=3.897 MB
2026-03-21 03:47:41 | INFO | [ncluster=46/46] AUC-ROC=nan%  AUC-PR=0.00%  F1=0.0000  MCC=0.0000  Train=0.021s  Test=0.007s  Peak RAM=3.896 MB
2026-03-21 03:47:41 | INFO | [ncluster=49/49] AUC-ROC=nan%  AUC-PR=0.00%  F1=0.0000  MCC=0.0000  Train=0.012s  Test=0.003s  Peak RAM=3.897 MB
2026-03-21 03:47:41 | INFO | [ncluster=52/52] AUC-ROC=nan%  AUC-PR=0.00%  F1=0.0000  MCC=0.0000  Train=0.025s  Test=0.010s  Peak RAM=3.898 MB
2026-03-21 03:47:41 | INFO | [ncluster=55/55] AUC-ROC=nan%  AUC-PR=0.00%  F1=0.0000  MCC=0.0000  Train=0.012s  Test=0.004s  Peak RAM=3.898 MB
2026-03-21 03:47:41 | INFO | [ncluster=58/58] AUC-ROC=nan%  AUC-PR=0.00%  F1=0.0000  MCC=0.0000  Train=0.013s  Test=0.004s  Peak RAM=3.898 MB
2026-03-21 03:47:41 | INFO | [ncluster=61/61] AUC-ROC=nan%  AUC-PR=0.00%  F1=0.0000  MCC=0.0000  Train=0.013s  Test=0.004s  Peak RAM=3.898 MB
2026-03-21 03:47:41 | INFO | [ncluster=64/64] AUC-ROC=nan%  AUC-PR=0.00%  F1=0.0000  MCC=0.0000  Train=0.014s  Test=0.003s  Peak RAM=3.899 MB
2026-03-21 03:47:41 | INFO | [ncluster=67/67] AUC-ROC=nan%  AUC-PR=0.00%  F1=0.0000  MCC=0.0000  Train=0.013s  Test=0.004s  Peak RAM=3.899 MB
2026-03-21 03:47:41 | INFO | [ncluster=70/70] AUC-ROC=nan%  AUC-PR=0.00%  F1=0.0000  MCC=0.0000  Train=0.014s  Test=0.005s  Peak RAM=3.898 MB
2026-03-21 03:47:41 | INFO | [ncluster=73/73] AUC-ROC=nan%  AUC-PR=0.00%  F1=0.0000  MCC=0.0000  Train=0.015s  Test=0.004s  Peak RAM=3.898 MB
2026-03-21 03:47:41 | INFO | [ncluster=76/76] AUC-ROC=nan%  AUC-PR=0.00%  F1=0.0000  MCC=0.0000  Train=0.015s  Test=0.004s  Peak RAM=3.897 MB
2026-03-21 03:47:41 | INFO | [ncluster=79/79] AUC-ROC=nan%  AUC-PR=0.00%  F1=0.0000  MCC=0.0000  Train=0.015s  Test=0.005s  Peak RAM=3.899 MB
2026-03-21 03:47:41 | INFO | [ncluster=82/82] AUC-ROC=nan%  AUC-PR=0.00%  F1=0.0000  MCC=0.0000  Train=0.015s  Test=0.004s  Peak RAM=3.897 MB
2026-03-21 03:47:41 | INFO | [ncluster=85/85] AUC-ROC=nan%  AUC-PR=0.00%  F1=0.0000  MCC=0.0000  Train=0.016s  Test=0.005s  Peak RAM=3.9 MB
2026-03-21 03:47:41 | INFO | [ncluster=88/88] AUC-ROC=nan%  AUC-PR=0.00%  F1=0.0000  MCC=0.0000  Train=0.015s  Test=0.004s  Peak RAM=3.898 MB
2026-03-21 03:47:41 | INFO | [ncluster=91/91] AUC-ROC=nan%  AUC-PR=0.00%  F1=0.0000  MCC=0.0000  Train=0.016s  Test=0.004s  Peak RAM=3.902 MB
2026-03-21 03:47:41 | INFO | [ncluster=94/94] AUC-ROC=nan%  AUC-PR=0.00%  F1=0.0000  MCC=0.0000  Train=0.016s  Test=0.005s  Peak RAM=3.901 MB
2026-03-21 03:47:41 | INFO | [ncluster=97/97] AUC-ROC=nan%  AUC-PR=0.00%  F1=0.0000  MCC=0.0000  Train=0.016s  Test=0.004s  Peak RAM=3.9 MB
2026-03-21 03:47:41 | INFO | [ncluster=100/100] AUC-ROC=nan%  AUC-PR=0.00%  F1=0.0000  MCC=0.0000  Train=0.017s  Test=0.005s  Peak RAM=3.898 MB
2026-03-21 03:47:41 | INFO | [ncluster=103/103] AUC-ROC=nan%  AUC-PR=0.00%  F1=0.0000  MCC=0.0000  Train=0.015s  Test=0.005s  Peak RAM=3.901 MB
2026-03-21 03:47:41 | INFO | [ncluster=106/106] AUC-ROC=nan%  AUC-PR=0.00%  F1=0.0000  MCC=0.0000  Train=0.016s  Test=0.004s  Peak RAM=3.899 MB
2026-03-21 03:47:41 | INFO | [ncluster=109/109] AUC-ROC=nan%  AUC-PR=0.00%  F1=0.0000  MCC=0.0000  Train=0.018s  Test=0.005s  Peak RAM=3.902 MB
2026-03-21 03:47:41 | INFO | [ncluster=112/112] AUC-ROC=nan%  AUC-PR=0.00%  F1=0.0000  MCC=0.0000  Train=0.018s  Test=0.004s  Peak RAM=3.899 MB
2026-03-21 03:47:41 | INFO | [ncluster=115/115] AUC-ROC=nan%  AUC-PR=0.00%  F1=0.0000  MCC=0.0000  Train=0.018s  Test=0.005s  Peak RAM=3.902 MB
2026-03-21 03:47:41 | INFO | [ncluster=118/118] AUC-ROC=nan%  AUC-PR=0.00%  F1=0.0000  MCC=0.0000  Train=0.019s  Test=0.005s  Peak RAM=3.9 MB
2026-03-21 03:47:41 | INFO | [ncluster=121/121] AUC-ROC=nan%  AUC-PR=0.00%  F1=0.0000  MCC=0.0000  Train=0.019s  Test=0.004s  Peak RAM=3.902 MB
2026-03-21 03:47:41 | INFO | [ncluster=124/124] AUC-ROC=nan%  AUC-PR=0.00%  F1=0.0000  MCC=0.0000  Train=0.019s  Test=0.005s  Peak RAM=3.899 MB
2026-03-21 03:47:41 | INFO | [ncluster=127/127] AUC-ROC=nan%  AUC-PR=0.00%  F1=0.0000  MCC=0.0000  Train=0.020s  Test=0.006s  Peak RAM=3.902 MB
2026-03-21 03:47:41 | INFO | [ncluster=130/130] AUC-ROC=nan%  AUC-PR=0.00%  F1=0.0000  MCC=0.0000  Train=0.020s  Test=0.005s  Peak RAM=3.9 MB
2026-03-21 03:47:41 | INFO | [ncluster=133/133] AUC-ROC=nan%  AUC-PR=0.00%  F1=0.0000  MCC=0.0000  Train=0.020s  Test=0.005s  Peak RAM=3.904 MB
2026-03-21 03:47:41 | INFO | [ncluster=136/136] AUC-ROC=nan%  AUC-PR=0.00%  F1=0.0000  MCC=0.0000  Train=0.020s  Test=0.004s  Peak RAM=3.901 MB
2026-03-21 03:47:41 | INFO | [ncluster=139/139] AUC-ROC=nan%  AUC-PR=0.00%  F1=0.0000  MCC=0.0000  Train=0.021s  Test=0.005s  Peak RAM=3.903 MB
2026-03-21 03:47:41 | INFO | [ncluster=142/142] AUC-ROC=nan%  AUC-PR=0.00%  F1=0.0000  MCC=0.0000  Train=0.021s  Test=0.006s  Peak RAM=3.901 MB
2026-03-21 03:47:41 | INFO | [ncluster=145/145] AUC-ROC=nan%  AUC-PR=0.00%  F1=0.0000  MCC=0.0000  Train=0.021s  Test=0.005s  Peak RAM=3.903 MB
2026-03-21 03:47:41 | INFO | [ncluster=148/148] AUC-ROC=nan%  AUC-PR=0.00%  F1=0.0000  MCC=0.0000  Train=0.021s  Test=0.006s  Peak RAM=3.901 MB
2026-03-21 03:47:41 | INFO | [ncluster=151/151] AUC-ROC=nan%  AUC-PR=0.00%  F1=0.0000  MCC=0.0000  Train=0.022s  Test=0.006s  Peak RAM=3.903 MB
2026-03-21 03:47:41 | INFO | [ncluster=154/154] AUC-ROC=nan%  AUC-PR=0.00%  F1=0.0000  MCC=0.0000  Train=0.022s  Test=0.005s  Peak RAM=3.901 MB
2026-03-21 03:47:41 | INFO | [ncluster=157/157] AUC-ROC=nan%  AUC-PR=0.00%  F1=0.0000  MCC=0.0000  Train=0.022s  Test=0.006s  Peak RAM=3.905 MB
2026-03-21 03:47:41 | INFO | [ncluster=160/160] AUC-ROC=nan%  AUC-PR=0.00%  F1=0.0000  MCC=0.0000  Train=0.021s  Test=0.005s  Peak RAM=3.902 MB
2026-03-21 03:47:41 | INFO | [ncluster=163/163] AUC-ROC=nan%  AUC-PR=0.00%  F1=0.0000  MCC=0.0000  Train=0.023s  Test=0.005s  Peak RAM=3.907 MB
2026-03-21 03:47:41 | INFO | [ncluster=166/166] AUC-ROC=nan%  AUC-PR=0.00%  F1=0.0000  MCC=0.0000  Train=0.023s  Test=0.006s  Peak RAM=3.905 MB
2026-03-21 03:47:41 | INFO | [ncluster=169/169] AUC-ROC=nan%  AUC-PR=0.00%  F1=0.0000  MCC=0.0000  Train=0.021s  Test=0.005s  Peak RAM=3.905 MB
2026-03-21 03:47:41 | INFO | [ncluster=172/172] AUC-ROC=nan%  AUC-PR=0.00%  F1=0.0000  MCC=0.0000  Train=0.021s  Test=0.005s  Peak RAM=3.903 MB
2026-03-21 03:47:41 | INFO | [ncluster=175/175] AUC-ROC=nan%  AUC-PR=0.00%  F1=0.0000  MCC=0.0000  Train=0.024s  Test=0.006s  Peak RAM=3.905 MB
2026-03-21 03:47:41 | INFO | [ncluster=178/178] AUC-ROC=nan%  AUC-PR=0.00%  F1=0.0000  MCC=0.0000  Train=0.030s  Test=0.005s  Peak RAM=3.903 MB
2026-03-21 03:47:41 | INFO | [ncluster=181/181] AUC-ROC=nan%  AUC-PR=0.00%  F1=0.0000  MCC=0.0000  Train=0.024s  Test=0.006s  Peak RAM=3.907 MB
2026-03-21 03:47:41 | INFO | [ncluster=184/184] AUC-ROC=nan%  AUC-PR=0.00%  F1=0.0000  MCC=0.0000  Train=0.025s  Test=0.005s  Peak RAM=3.904 MB
2026-03-21 03:47:41 | INFO | [ncluster=187/187] AUC-ROC=nan%  AUC-PR=0.00%  F1=0.0000  MCC=0.0000  Train=0.025s  Test=0.006s  Peak RAM=3.907 MB
2026-03-21 03:47:41 | INFO | [ncluster=190/190] AUC-ROC=nan%  AUC-PR=0.00%  F1=0.0000  MCC=0.0000  Train=0.025s  Test=0.006s  Peak RAM=3.904 MB
2026-03-21 03:47:41 | INFO | [ncluster=193/193] AUC-ROC=nan%  AUC-PR=0.00%  F1=0.0000  MCC=0.0000  Train=0.026s  Test=0.005s  Peak RAM=3.906 MB
2026-03-21 03:47:41 | INFO | [ncluster=196/196] AUC-ROC=nan%  AUC-PR=0.00%  F1=0.0000  MCC=0.0000  Train=0.049s  Test=0.012s  Peak RAM=3.904 MB
2026-03-21 03:47:41 | INFO | [ncluster=199/199] AUC-ROC=nan%  AUC-PR=0.00%  F1=0.0000  MCC=0.0000  Train=0.026s  Test=0.006s  Peak RAM=3.907 MB
2026-03-21 03:47:41 | INFO | [ncluster=202/202] AUC-ROC=nan%  AUC-PR=0.00%  F1=0.0000  MCC=0.0000  Train=0.026s  Test=0.006s  Peak RAM=3.904 MB
2026-03-21 03:47:41 | INFO | [ncluster=205/205] AUC-ROC=nan%  AUC-PR=0.00%  F1=0.0000  MCC=0.0000  Train=0.025s  Test=0.006s  Peak RAM=3.908 MB
2026-03-21 03:47:41 | INFO | [ncluster=208/208] AUC-ROC=nan%  AUC-PR=0.00%  F1=0.0000  MCC=0.0000  Train=0.027s  Test=0.005s  Peak RAM=3.905 MB
2026-03-21 03:47:41 | INFO | [ncluster=211/211] AUC-ROC=nan%  AUC-PR=0.00%  F1=0.0000  MCC=0.0000  Train=0.027s  Test=0.006s  Peak RAM=3.907 MB
2026-03-21 03:47:41 | INFO | [ncluster=214/214] AUC-ROC=nan%  AUC-PR=0.00%  F1=0.0000  MCC=0.0000  Train=0.055s  Test=0.013s  Peak RAM=3.905 MB
2026-03-21 03:47:41 | INFO | [ncluster=217/217] AUC-ROC=nan%  AUC-PR=0.00%  F1=0.0000  MCC=0.0000  Train=0.025s  Test=0.005s  Peak RAM=3.908 MB
2026-03-21 03:47:41 | INFO | [ncluster=220/220] AUC-ROC=nan%  AUC-PR=0.00%  F1=0.0000  MCC=0.0000  Train=0.028s  Test=0.006s  Peak RAM=3.908 MB
2026-03-21 03:47:41 | INFO | [ncluster=223/223] AUC-ROC=nan%  AUC-PR=0.00%  F1=0.0000  MCC=0.0000  Train=0.026s  Test=0.007s  Peak RAM=3.909 MB
2026-03-21 03:47:41 | INFO | [ncluster=226/226] AUC-ROC=nan%  AUC-PR=0.00%  F1=0.0000  MCC=0.0000  Train=0.027s  Test=0.009s  Peak RAM=3.91 MB
2026-03-21 03:47:41 | INFO | [ncluster=229/229] AUC-ROC=nan%  AUC-PR=0.00%  F1=0.0000  MCC=0.0000  Train=0.029s  Test=0.007s  Peak RAM=3.909 MB
2026-03-21 03:47:41 | INFO | [ncluster=232/232] AUC-ROC=nan%  AUC-PR=0.00%  F1=0.0000  MCC=0.0000  Train=0.029s  Test=0.006s  Peak RAM=3.91 MB
2026-03-21 03:47:41 | INFO | [ncluster=235/235] AUC-ROC=nan%  AUC-PR=0.00%  F1=0.0000  MCC=0.0000  Train=0.029s  Test=0.006s  Peak RAM=3.909 MB
2026-03-21 03:47:41 | INFO | [ncluster=238/238] AUC-ROC=nan%  AUC-PR=0.00%  F1=0.0000  MCC=0.0000  Train=0.029s  Test=0.007s  Peak RAM=3.909 MB
2026-03-21 03:47:41 | INFO | [ncluster=241/241] AUC-ROC=nan%  AUC-PR=0.00%  F1=0.0000  MCC=0.0000  Train=0.031s  Test=0.006s  Peak RAM=3.909 MB
2026-03-21 03:47:41 | INFO | [ncluster=244/244] AUC-ROC=nan%  AUC-PR=0.00%  F1=0.0000  MCC=0.0000  Train=0.030s  Test=0.007s  Peak RAM=3.909 MB
2026-03-21 03:47:41 | INFO | [ncluster=247/247] AUC-ROC=nan%  AUC-PR=0.00%  F1=0.0000  MCC=0.0000  Train=0.030s  Test=0.007s  Peak RAM=3.911 MB
2026-03-21 03:47:41 | INFO | [ncluster=250/250] AUC-ROC=nan%  AUC-PR=0.00%  F1=0.0000  MCC=0.0000  Train=0.030s  Test=0.006s  Peak RAM=3.91 MB
2026-03-21 03:47:41 | INFO | [ncluster=253/253] AUC-ROC=nan%  AUC-PR=0.00%  F1=0.0000  MCC=0.0000  Train=0.031s  Test=0.007s  Peak RAM=3.911 MB
2026-03-21 03:47:41 | INFO | [ncluster=256/256] AUC-ROC=nan%  AUC-PR=0.00%  F1=0.0000  MCC=0.0000  Train=0.031s  Test=0.006s  Peak RAM=3.911 MB
2026-03-21 03:47:41 | INFO | [ncluster=259/259] AUC-ROC=nan%  AUC-PR=0.00%  F1=0.0000  MCC=0.0000  Train=0.031s  Test=0.007s  Peak RAM=3.912 MB
2026-03-21 03:47:41 | INFO | [ncluster=262/262] AUC-ROC=nan%  AUC-PR=0.00%  F1=0.0000  MCC=0.0000  Train=0.032s  Test=0.007s  Peak RAM=3.911 MB
2026-03-21 03:47:41 | INFO | [ncluster=265/265] AUC-ROC=nan%  AUC-PR=0.00%  F1=0.0000  MCC=0.0000  Train=0.032s  Test=0.006s  Peak RAM=3.912 MB
2026-03-21 03:47:41 | INFO | [ncluster=268/268] AUC-ROC=nan%  AUC-PR=0.00%  F1=0.0000  MCC=0.0000  Train=0.032s  Test=0.007s  Peak RAM=3.911 MB
2026-03-21 03:47:41 | INFO | [ncluster=271/271] AUC-ROC=nan%  AUC-PR=0.00%  F1=0.0000  MCC=0.0000  Train=0.032s  Test=0.007s  Peak RAM=3.912 MB
2026-03-21 03:47:41 | INFO | [ncluster=274/274] AUC-ROC=nan%  AUC-PR=0.00%  F1=0.0000  MCC=0.0000  Train=0.029s  Test=0.006s  Peak RAM=3.911 MB
2026-03-21 03:47:41 | INFO | [ncluster=277/277] AUC-ROC=nan%  AUC-PR=0.00%  F1=0.0000  MCC=0.0000  Train=0.033s  Test=0.007s  Peak RAM=3.911 MB
2026-03-21 03:47:41 | INFO | [ncluster=280/280] AUC-ROC=nan%  AUC-PR=0.00%  F1=0.0000  MCC=0.0000  Train=0.021s  Test=0.005s  Peak RAM=3.914 MB
2026-03-21 03:47:41 | INFO | [ncluster=283/283] AUC-ROC=nan%  AUC-PR=0.00%  F1=0.0000  MCC=0.0000  Train=0.022s  Test=0.005s  Peak RAM=3.912 MB
2026-03-21 03:47:41 | INFO | [ncluster=286/286] AUC-ROC=nan%  AUC-PR=0.00%  F1=0.0000  MCC=0.0000  Train=0.022s  Test=0.006s  Peak RAM=3.912 MB
2026-03-21 03:47:41 | INFO | [ncluster=289/289] AUC-ROC=nan%  AUC-PR=0.00%  F1=0.0000  MCC=0.0000  Train=0.022s  Test=0.005s  Peak RAM=3.913 MB
2026-03-21 03:47:41 | INFO | [ncluster=292/292] AUC-ROC=nan%  AUC-PR=0.00%  F1=0.0000  MCC=0.0000  Train=0.022s  Test=0.005s  Peak RAM=3.914 MB
2026-03-21 03:47:41 | INFO | [ncluster=295/295] AUC-ROC=nan%  AUC-PR=0.00%  F1=0.0000  MCC=0.0000  Train=0.021s  Test=0.006s  Peak RAM=3.914 MB
2026-03-21 03:47:41 | INFO | [ncluster=298/298] AUC-ROC=nan%  AUC-PR=0.00%  F1=0.0000  MCC=0.0000  Train=0.022s  Test=0.005s  Peak RAM=3.913 MB
2026-03-21 03:47:41 | INFO | --- noise=3% ---
2026-03-21 03:47:41 | INFO | ============================================================
2026-03-21 03:47:41 | INFO | Dataset  : Train_MinMaxScaler_data_BoTIoT.csv
2026-03-21 03:47:41 | INFO | Scaler   : MinMaxScaler
2026-03-21 03:47:41 | INFO | Noise    : 3%
2026-03-21 03:47:41 | INFO | nClusters: 100 values (1..298)
2026-03-21 03:47:41 | INFO | ============================================================
2026-03-21 03:47:41 | INFO | Loaded Raw Shape -> Train: (9072, 27), Test: (15000, 27)
2026-03-21 03:47:41 | INFO | Dropped metadata features: ['pkSeqID', 'stime', 'ltime', 'seq', 'saddr', 'daddr', 'sport', 'dport', 'state', 'flgs', 'proto']
2026-03-21 03:47:41 | INFO | Dropped metadata features: ['pkSeqID', 'stime', 'ltime', 'seq', 'saddr', 'daddr', 'sport', 'dport', 'state', 'flgs', 'proto']
2026-03-21 03:47:41 | INFO | Training size : 9,344  |  Testing size: 14,728  |  Features: 15
2026-03-21 03:47:41 | INFO | Firing up Parallel execution for 100 cluster configs...
2026-03-21 03:48:12 | INFO | [ncluster=1/1] AUC-ROC=nan%  AUC-PR=0.00%  F1=0.0000  MCC=0.0000  Train=0.008s  Test=0.003s  Peak RAM=3.97 MB
2026-03-21 03:48:12 | INFO | [ncluster=4/4] AUC-ROC=nan%  AUC-PR=0.00%  F1=0.0000  MCC=0.0000  Train=0.008s  Test=0.003s  Peak RAM=3.971 MB
2026-03-21 03:48:12 | INFO | [ncluster=7/7] AUC-ROC=nan%  AUC-PR=0.00%  F1=0.0000  MCC=0.0000  Train=0.018s  Test=0.004s  Peak RAM=3.972 MB
2026-03-21 03:48:12 | INFO | [ncluster=10/10] AUC-ROC=nan%  AUC-PR=0.00%  F1=0.0000  MCC=0.0000  Train=0.009s  Test=0.003s  Peak RAM=3.972 MB
2026-03-21 03:48:12 | INFO | [ncluster=13/13] AUC-ROC=nan%  AUC-PR=0.00%  F1=0.0000  MCC=0.0000  Train=0.009s  Test=0.004s  Peak RAM=3.971 MB
2026-03-21 03:48:12 | INFO | [ncluster=16/16] AUC-ROC=nan%  AUC-PR=0.00%  F1=0.0000  MCC=0.0000  Train=0.009s  Test=0.003s  Peak RAM=3.972 MB
2026-03-21 03:48:12 | INFO | [ncluster=19/19] AUC-ROC=nan%  AUC-PR=0.00%  F1=0.0000  MCC=0.0000  Train=0.009s  Test=0.003s  Peak RAM=3.973 MB
2026-03-21 03:48:12 | INFO | [ncluster=22/22] AUC-ROC=nan%  AUC-PR=0.00%  F1=0.0000  MCC=0.0000  Train=0.010s  Test=0.004s  Peak RAM=3.973 MB
2026-03-21 03:48:12 | INFO | [ncluster=25/25] AUC-ROC=nan%  AUC-PR=0.00%  F1=0.0000  MCC=0.0000  Train=0.010s  Test=0.003s  Peak RAM=3.973 MB
2026-03-21 03:48:12 | INFO | [ncluster=28/28] AUC-ROC=nan%  AUC-PR=0.00%  F1=0.0000  MCC=0.0000  Train=0.010s  Test=0.004s  Peak RAM=3.973 MB
2026-03-21 03:48:12 | INFO | [ncluster=31/31] AUC-ROC=nan%  AUC-PR=0.00%  F1=0.0000  MCC=0.0000  Train=0.011s  Test=0.004s  Peak RAM=3.973 MB
2026-03-21 03:48:12 | INFO | [ncluster=34/34] AUC-ROC=nan%  AUC-PR=0.00%  F1=0.0000  MCC=0.0000  Train=0.011s  Test=0.003s  Peak RAM=3.974 MB
2026-03-21 03:48:12 | INFO | [ncluster=37/37] AUC-ROC=nan%  AUC-PR=0.00%  F1=0.0000  MCC=0.0000  Train=0.011s  Test=0.004s  Peak RAM=3.973 MB
2026-03-21 03:48:12 | INFO | [ncluster=40/40] AUC-ROC=nan%  AUC-PR=0.00%  F1=0.0000  MCC=0.0000  Train=0.012s  Test=0.003s  Peak RAM=3.974 MB
2026-03-21 03:48:12 | INFO | [ncluster=43/43] AUC-ROC=nan%  AUC-PR=0.00%  F1=0.0000  MCC=0.0000  Train=0.011s  Test=0.004s  Peak RAM=3.974 MB
2026-03-21 03:48:12 | INFO | [ncluster=46/46] AUC-ROC=nan%  AUC-PR=0.00%  F1=0.0000  MCC=0.0000  Train=0.012s  Test=0.004s  Peak RAM=3.975 MB
2026-03-21 03:48:12 | INFO | [ncluster=49/49] AUC-ROC=nan%  AUC-PR=0.00%  F1=0.0000  MCC=0.0000  Train=0.013s  Test=0.004s  Peak RAM=3.974 MB
2026-03-21 03:48:12 | INFO | [ncluster=52/52] AUC-ROC=nan%  AUC-PR=0.00%  F1=0.0000  MCC=0.0000  Train=0.013s  Test=0.004s  Peak RAM=3.976 MB
2026-03-21 03:48:12 | INFO | [ncluster=55/55] AUC-ROC=nan%  AUC-PR=0.00%  F1=0.0000  MCC=0.0000  Train=0.013s  Test=0.005s  Peak RAM=3.975 MB
2026-03-21 03:48:12 | INFO | [ncluster=58/58] AUC-ROC=nan%  AUC-PR=0.00%  F1=0.0000  MCC=0.0000  Train=0.012s  Test=0.004s  Peak RAM=3.976 MB
2026-03-21 03:48:12 | INFO | [ncluster=61/61] AUC-ROC=nan%  AUC-PR=0.00%  F1=0.0000  MCC=0.0000  Train=0.014s  Test=0.004s  Peak RAM=3.976 MB
2026-03-21 03:48:12 | INFO | [ncluster=64/64] AUC-ROC=nan%  AUC-PR=0.00%  F1=0.0000  MCC=0.0000  Train=0.014s  Test=0.003s  Peak RAM=3.976 MB
2026-03-21 03:48:12 | INFO | [ncluster=67/67] AUC-ROC=nan%  AUC-PR=0.00%  F1=0.0000  MCC=0.0000  Train=0.014s  Test=0.004s  Peak RAM=3.976 MB
2026-03-21 03:48:12 | INFO | [ncluster=70/70] AUC-ROC=nan%  AUC-PR=0.00%  F1=0.0000  MCC=0.0000  Train=0.014s  Test=0.005s  Peak RAM=3.977 MB
2026-03-21 03:48:12 | INFO | [ncluster=73/73] AUC-ROC=nan%  AUC-PR=0.00%  F1=0.0000  MCC=0.0000  Train=0.014s  Test=0.004s  Peak RAM=3.977 MB
2026-03-21 03:48:12 | INFO | [ncluster=76/76] AUC-ROC=nan%  AUC-PR=0.00%  F1=0.0000  MCC=0.0000  Train=0.015s  Test=0.004s  Peak RAM=3.973 MB
2026-03-21 03:48:12 | INFO | [ncluster=79/79] AUC-ROC=nan%  AUC-PR=0.00%  F1=0.0000  MCC=0.0000  Train=0.015s  Test=0.005s  Peak RAM=3.976 MB
2026-03-21 03:48:12 | INFO | [ncluster=82/82] AUC-ROC=nan%  AUC-PR=0.00%  F1=0.0000  MCC=0.0000  Train=0.030s  Test=0.007s  Peak RAM=3.974 MB
2026-03-21 03:48:12 | INFO | [ncluster=85/85] AUC-ROC=nan%  AUC-PR=0.00%  F1=0.0000  MCC=0.0000  Train=0.035s  Test=0.008s  Peak RAM=3.976 MB
2026-03-21 03:48:12 | INFO | [ncluster=88/88] AUC-ROC=nan%  AUC-PR=0.00%  F1=0.0000  MCC=0.0000  Train=0.016s  Test=0.004s  Peak RAM=3.974 MB
2026-03-21 03:48:12 | INFO | [ncluster=91/91] AUC-ROC=nan%  AUC-PR=0.00%  F1=0.0000  MCC=0.0000  Train=0.016s  Test=0.004s  Peak RAM=3.978 MB
2026-03-21 03:48:12 | INFO | [ncluster=94/94] AUC-ROC=nan%  AUC-PR=0.00%  F1=0.0000  MCC=0.0000  Train=0.031s  Test=0.012s  Peak RAM=3.975 MB
2026-03-21 03:48:12 | INFO | [ncluster=97/97] AUC-ROC=nan%  AUC-PR=0.00%  F1=0.0000  MCC=0.0000  Train=0.015s  Test=0.004s  Peak RAM=3.977 MB
2026-03-21 03:48:12 | INFO | [ncluster=100/100] AUC-ROC=nan%  AUC-PR=0.00%  F1=0.0000  MCC=0.0000  Train=0.016s  Test=0.004s  Peak RAM=3.976 MB
2026-03-21 03:48:12 | INFO | [ncluster=103/103] AUC-ROC=nan%  AUC-PR=0.00%  F1=0.0000  MCC=0.0000  Train=0.018s  Test=0.005s  Peak RAM=3.978 MB
2026-03-21 03:48:12 | INFO | [ncluster=106/106] AUC-ROC=nan%  AUC-PR=0.00%  F1=0.0000  MCC=0.0000  Train=0.018s  Test=0.004s  Peak RAM=3.976 MB
2026-03-21 03:48:12 | INFO | [ncluster=109/109] AUC-ROC=nan%  AUC-PR=0.00%  F1=0.0000  MCC=0.0000  Train=0.018s  Test=0.005s  Peak RAM=3.978 MB
2026-03-21 03:48:12 | INFO | [ncluster=112/112] AUC-ROC=nan%  AUC-PR=0.00%  F1=0.0000  MCC=0.0000  Train=0.018s  Test=0.004s  Peak RAM=3.976 MB
2026-03-21 03:48:12 | INFO | [ncluster=115/115] AUC-ROC=nan%  AUC-PR=0.00%  F1=0.0000  MCC=0.0000  Train=0.018s  Test=0.005s  Peak RAM=3.981 MB
2026-03-21 03:48:12 | INFO | [ncluster=118/118] AUC-ROC=nan%  AUC-PR=0.00%  F1=0.0000  MCC=0.0000  Train=0.031s  Test=0.011s  Peak RAM=3.977 MB
2026-03-21 03:48:12 | INFO | [ncluster=121/121] AUC-ROC=nan%  AUC-PR=0.00%  F1=0.0000  MCC=0.0000  Train=0.019s  Test=0.004s  Peak RAM=3.979 MB
2026-03-21 03:48:12 | INFO | [ncluster=124/124] AUC-ROC=nan%  AUC-PR=0.00%  F1=0.0000  MCC=0.0000  Train=0.018s  Test=0.005s  Peak RAM=3.978 MB
2026-03-21 03:48:12 | INFO | [ncluster=127/127] AUC-ROC=nan%  AUC-PR=0.00%  F1=0.0000  MCC=0.0000  Train=0.018s  Test=0.005s  Peak RAM=3.98 MB
2026-03-21 03:48:12 | INFO | [ncluster=130/130] AUC-ROC=nan%  AUC-PR=0.00%  F1=0.0000  MCC=0.0000  Train=0.020s  Test=0.005s  Peak RAM=3.978 MB
2026-03-21 03:48:12 | INFO | [ncluster=133/133] AUC-ROC=nan%  AUC-PR=0.00%  F1=0.0000  MCC=0.0000  Train=0.020s  Test=0.005s  Peak RAM=3.979 MB
2026-03-21 03:48:12 | INFO | [ncluster=136/136] AUC-ROC=nan%  AUC-PR=0.00%  F1=0.0000  MCC=0.0000  Train=0.019s  Test=0.004s  Peak RAM=3.978 MB
2026-03-21 03:48:12 | INFO | [ncluster=139/139] AUC-ROC=nan%  AUC-PR=0.00%  F1=0.0000  MCC=0.0000  Train=0.021s  Test=0.005s  Peak RAM=3.981 MB
2026-03-21 03:48:12 | INFO | [ncluster=142/142] AUC-ROC=nan%  AUC-PR=0.00%  F1=0.0000  MCC=0.0000  Train=0.042s  Test=0.012s  Peak RAM=3.979 MB
2026-03-21 03:48:12 | INFO | [ncluster=145/145] AUC-ROC=nan%  AUC-PR=0.00%  F1=0.0000  MCC=0.0000  Train=0.021s  Test=0.005s  Peak RAM=3.98 MB
2026-03-21 03:48:12 | INFO | [ncluster=148/148] AUC-ROC=nan%  AUC-PR=0.00%  F1=0.0000  MCC=0.0000  Train=0.021s  Test=0.005s  Peak RAM=3.978 MB
2026-03-21 03:48:12 | INFO | [ncluster=151/151] AUC-ROC=nan%  AUC-PR=0.00%  F1=0.0000  MCC=0.0000  Train=0.022s  Test=0.006s  Peak RAM=3.981 MB
2026-03-21 03:48:12 | INFO | [ncluster=154/154] AUC-ROC=nan%  AUC-PR=0.00%  F1=0.0000  MCC=0.0000  Train=0.038s  Test=0.009s  Peak RAM=3.979 MB
2026-03-21 03:48:12 | INFO | [ncluster=157/157] AUC-ROC=nan%  AUC-PR=0.00%  F1=0.0000  MCC=0.0000  Train=0.020s  Test=0.005s  Peak RAM=3.982 MB
2026-03-21 03:48:12 | INFO | [ncluster=160/160] AUC-ROC=nan%  AUC-PR=0.00%  F1=0.0000  MCC=0.0000  Train=0.020s  Test=0.004s  Peak RAM=3.979 MB
2026-03-21 03:48:12 | INFO | [ncluster=163/163] AUC-ROC=nan%  AUC-PR=0.00%  F1=0.0000  MCC=0.0000  Train=0.023s  Test=0.005s  Peak RAM=3.981 MB
2026-03-21 03:48:12 | INFO | [ncluster=166/166] AUC-ROC=nan%  AUC-PR=0.00%  F1=0.0000  MCC=0.0000  Train=0.023s  Test=0.006s  Peak RAM=3.98 MB
2026-03-21 03:48:12 | INFO | [ncluster=169/169] AUC-ROC=nan%  AUC-PR=0.00%  F1=0.0000  MCC=0.0000  Train=0.024s  Test=0.005s  Peak RAM=3.983 MB
2026-03-21 03:48:12 | INFO | [ncluster=172/172] AUC-ROC=nan%  AUC-PR=0.00%  F1=0.0000  MCC=0.0000  Train=0.023s  Test=0.006s  Peak RAM=3.98 MB
2026-03-21 03:48:12 | INFO | [ncluster=175/175] AUC-ROC=nan%  AUC-PR=0.00%  F1=0.0000  MCC=0.0000  Train=0.024s  Test=0.006s  Peak RAM=3.982 MB
2026-03-21 03:48:12 | INFO | [ncluster=178/178] AUC-ROC=nan%  AUC-PR=0.00%  F1=0.0000  MCC=0.0000  Train=0.024s  Test=0.012s  Peak RAM=3.98 MB
2026-03-21 03:48:12 | INFO | [ncluster=181/181] AUC-ROC=nan%  AUC-PR=0.00%  F1=0.0000  MCC=0.0000  Train=0.023s  Test=0.006s  Peak RAM=3.983 MB
2026-03-21 03:48:12 | INFO | [ncluster=184/184] AUC-ROC=nan%  AUC-PR=0.00%  F1=0.0000  MCC=0.0000  Train=0.036s  Test=0.012s  Peak RAM=3.98 MB
2026-03-21 03:48:12 | INFO | [ncluster=187/187] AUC-ROC=nan%  AUC-PR=0.00%  F1=0.0000  MCC=0.0000  Train=0.025s  Test=0.006s  Peak RAM=3.984 MB
2026-03-21 03:48:12 | INFO | [ncluster=190/190] AUC-ROC=nan%  AUC-PR=0.00%  F1=0.0000  MCC=0.0000  Train=0.025s  Test=0.006s  Peak RAM=3.981 MB
2026-03-21 03:48:12 | INFO | [ncluster=193/193] AUC-ROC=nan%  AUC-PR=0.00%  F1=0.0000  MCC=0.0000  Train=0.026s  Test=0.005s  Peak RAM=3.986 MB
2026-03-21 03:48:12 | INFO | [ncluster=196/196] AUC-ROC=nan%  AUC-PR=0.00%  F1=0.0000  MCC=0.0000  Train=0.026s  Test=0.006s  Peak RAM=3.983 MB
2026-03-21 03:48:12 | INFO | [ncluster=199/199] AUC-ROC=nan%  AUC-PR=0.00%  F1=0.0000  MCC=0.0000  Train=0.026s  Test=0.006s  Peak RAM=3.984 MB
2026-03-21 03:48:12 | INFO | [ncluster=202/202] AUC-ROC=nan%  AUC-PR=0.00%  F1=0.0000  MCC=0.0000  Train=0.026s  Test=0.006s  Peak RAM=3.982 MB
2026-03-21 03:48:12 | INFO | [ncluster=205/205] AUC-ROC=nan%  AUC-PR=0.00%  F1=0.0000  MCC=0.0000  Train=0.026s  Test=0.006s  Peak RAM=3.985 MB
2026-03-21 03:48:12 | INFO | [ncluster=208/208] AUC-ROC=nan%  AUC-PR=0.00%  F1=0.0000  MCC=0.0000  Train=0.027s  Test=0.005s  Peak RAM=3.982 MB
2026-03-21 03:48:12 | INFO | [ncluster=211/211] AUC-ROC=nan%  AUC-PR=0.00%  F1=0.0000  MCC=0.0000  Train=0.055s  Test=0.009s  Peak RAM=3.985 MB
2026-03-21 03:48:12 | INFO | [ncluster=214/214] AUC-ROC=nan%  AUC-PR=0.00%  F1=0.0000  MCC=0.0000  Train=0.028s  Test=0.007s  Peak RAM=3.983 MB
2026-03-21 03:48:12 | INFO | [ncluster=217/217] AUC-ROC=nan%  AUC-PR=0.00%  F1=0.0000  MCC=0.0000  Train=0.025s  Test=0.005s  Peak RAM=3.985 MB
2026-03-21 03:48:12 | INFO | [ncluster=220/220] AUC-ROC=nan%  AUC-PR=0.00%  F1=0.0000  MCC=0.0000  Train=0.028s  Test=0.006s  Peak RAM=3.985 MB
2026-03-21 03:48:12 | INFO | [ncluster=223/223] AUC-ROC=nan%  AUC-PR=0.00%  F1=0.0000  MCC=0.0000  Train=0.027s  Test=0.007s  Peak RAM=3.986 MB
2026-03-21 03:48:12 | INFO | [ncluster=226/226] AUC-ROC=nan%  AUC-PR=0.00%  F1=0.0000  MCC=0.0000  Train=0.028s  Test=0.006s  Peak RAM=3.986 MB
2026-03-21 03:48:12 | INFO | [ncluster=229/229] AUC-ROC=nan%  AUC-PR=0.00%  F1=0.0000  MCC=0.0000  Train=0.029s  Test=0.007s  Peak RAM=3.987 MB
2026-03-21 03:48:12 | INFO | [ncluster=232/232] AUC-ROC=nan%  AUC-PR=0.00%  F1=0.0000  MCC=0.0000  Train=0.028s  Test=0.006s  Peak RAM=3.986 MB
2026-03-21 03:48:12 | INFO | [ncluster=235/235] AUC-ROC=nan%  AUC-PR=0.00%  F1=0.0000  MCC=0.0000  Train=0.029s  Test=0.006s  Peak RAM=3.987 MB
2026-03-21 03:48:12 | INFO | [ncluster=238/238] AUC-ROC=nan%  AUC-PR=0.00%  F1=0.0000  MCC=0.0000  Train=0.027s  Test=0.006s  Peak RAM=3.987 MB
2026-03-21 03:48:12 | INFO | [ncluster=241/241] AUC-ROC=nan%  AUC-PR=0.00%  F1=0.0000  MCC=0.0000  Train=0.030s  Test=0.006s  Peak RAM=3.987 MB
2026-03-21 03:48:12 | INFO | [ncluster=244/244] AUC-ROC=nan%  AUC-PR=0.00%  F1=0.0000  MCC=0.0000  Train=0.063s  Test=0.013s  Peak RAM=3.987 MB
2026-03-21 03:48:12 | INFO | [ncluster=247/247] AUC-ROC=nan%  AUC-PR=0.00%  F1=0.0000  MCC=0.0000  Train=0.030s  Test=0.007s  Peak RAM=3.987 MB
2026-03-21 03:48:12 | INFO | [ncluster=250/250] AUC-ROC=nan%  AUC-PR=0.00%  F1=0.0000  MCC=0.0000  Train=0.030s  Test=0.012s  Peak RAM=3.988 MB
2026-03-21 03:48:12 | INFO | [ncluster=253/253] AUC-ROC=nan%  AUC-PR=0.00%  F1=0.0000  MCC=0.0000  Train=0.037s  Test=0.007s  Peak RAM=3.986 MB
2026-03-21 03:48:12 | INFO | [ncluster=256/256] AUC-ROC=nan%  AUC-PR=0.00%  F1=0.0000  MCC=0.0000  Train=0.031s  Test=0.006s  Peak RAM=3.988 MB
2026-03-21 03:48:12 | INFO | [ncluster=259/259] AUC-ROC=nan%  AUC-PR=0.00%  F1=0.0000  MCC=0.0000  Train=0.031s  Test=0.007s  Peak RAM=3.988 MB
2026-03-21 03:48:12 | INFO | [ncluster=262/262] AUC-ROC=nan%  AUC-PR=0.00%  F1=0.0000  MCC=0.0000  Train=0.032s  Test=0.007s  Peak RAM=3.988 MB
2026-03-21 03:48:12 | INFO | [ncluster=265/265] AUC-ROC=nan%  AUC-PR=0.00%  F1=0.0000  MCC=0.0000  Train=0.029s  Test=0.006s  Peak RAM=3.988 MB
2026-03-21 03:48:12 | INFO | [ncluster=268/268] AUC-ROC=nan%  AUC-PR=0.00%  F1=0.0000  MCC=0.0000  Train=0.032s  Test=0.007s  Peak RAM=3.988 MB
2026-03-21 03:48:12 | INFO | [ncluster=271/271] AUC-ROC=nan%  AUC-PR=0.00%  F1=0.0000  MCC=0.0000  Train=0.033s  Test=0.007s  Peak RAM=3.988 MB
2026-03-21 03:48:12 | INFO | [ncluster=274/274] AUC-ROC=nan%  AUC-PR=0.00%  F1=0.0000  MCC=0.0000  Train=0.033s  Test=0.006s  Peak RAM=3.989 MB
2026-03-21 03:48:12 | INFO | [ncluster=277/277] AUC-ROC=nan%  AUC-PR=0.00%  F1=0.0000  MCC=0.0000  Train=0.033s  Test=0.007s  Peak RAM=3.989 MB
2026-03-21 03:48:12 | INFO | [ncluster=280/280] AUC-ROC=nan%  AUC-PR=0.00%  F1=0.0000  MCC=0.0000  Train=0.029s  Test=0.006s  Peak RAM=3.989 MB
2026-03-21 03:48:12 | INFO | [ncluster=283/283] AUC-ROC=nan%  AUC-PR=0.00%  F1=0.0000  MCC=0.0000  Train=0.034s  Test=0.007s  Peak RAM=3.989 MB
2026-03-21 03:48:12 | INFO | [ncluster=286/286] AUC-ROC=nan%  AUC-PR=0.00%  F1=0.0000  MCC=0.0000  Train=0.022s  Test=0.006s  Peak RAM=3.992 MB
2026-03-21 03:48:12 | INFO | [ncluster=289/289] AUC-ROC=nan%  AUC-PR=0.00%  F1=0.0000  MCC=0.0000  Train=0.022s  Test=0.005s  Peak RAM=3.989 MB
2026-03-21 03:48:12 | INFO | [ncluster=292/292] AUC-ROC=nan%  AUC-PR=0.00%  F1=0.0000  MCC=0.0000  Train=0.022s  Test=0.005s  Peak RAM=3.991 MB
2026-03-21 03:48:12 | INFO | [ncluster=295/295] AUC-ROC=nan%  AUC-PR=0.00%  F1=0.0000  MCC=0.0000  Train=0.022s  Test=0.006s  Peak RAM=3.991 MB
2026-03-21 03:48:12 | INFO | [ncluster=298/298] AUC-ROC=nan%  AUC-PR=0.00%  F1=0.0000  MCC=0.0000  Train=0.022s  Test=0.005s  Peak RAM=3.991 MB
2026-03-21 03:48:12 | INFO | --- noise=5% ---
2026-03-21 03:48:12 | INFO | ============================================================
2026-03-21 03:48:12 | INFO | Dataset  : Train_MinMaxScaler_data_BoTIoT.csv
2026-03-21 03:48:12 | INFO | Scaler   : MinMaxScaler
2026-03-21 03:48:12 | INFO | Noise    : 5%
2026-03-21 03:48:12 | INFO | nClusters: 100 values (1..298)
2026-03-21 03:48:12 | INFO | ============================================================
2026-03-21 03:48:12 | INFO | Loaded Raw Shape -> Train: (9072, 27), Test: (15000, 27)
2026-03-21 03:48:12 | INFO | Dropped metadata features: ['pkSeqID', 'stime', 'ltime', 'seq', 'saddr', 'daddr', 'sport', 'dport', 'state', 'flgs', 'proto']
2026-03-21 03:48:12 | INFO | Dropped metadata features: ['pkSeqID', 'stime', 'ltime', 'seq', 'saddr', 'daddr', 'sport', 'dport', 'state', 'flgs', 'proto']
2026-03-21 03:48:12 | INFO | Training size : 9,525  |  Testing size: 14,547  |  Features: 15
2026-03-21 03:48:12 | INFO | Firing up Parallel execution for 100 cluster configs...
2026-03-21 03:48:43 | INFO | [ncluster=1/1] AUC-ROC=nan%  AUC-PR=0.00%  F1=0.0000  MCC=0.0000  Train=0.008s  Test=0.003s  Peak RAM=4.047 MB
2026-03-21 03:48:43 | INFO | [ncluster=4/4] AUC-ROC=nan%  AUC-PR=0.00%  F1=0.0000  MCC=0.0000  Train=0.008s  Test=0.003s  Peak RAM=4.048 MB
2026-03-21 03:48:43 | INFO | [ncluster=7/7] AUC-ROC=nan%  AUC-PR=0.00%  F1=0.0000  MCC=0.0000  Train=0.009s  Test=0.004s  Peak RAM=4.054 MB
2026-03-21 03:48:43 | INFO | [ncluster=10/10] AUC-ROC=nan%  AUC-PR=0.00%  F1=0.0000  MCC=0.0000  Train=0.009s  Test=0.003s  Peak RAM=4.048 MB
2026-03-21 03:48:43 | INFO | [ncluster=13/13] AUC-ROC=nan%  AUC-PR=0.00%  F1=0.0000  MCC=0.0000  Train=0.009s  Test=0.004s  Peak RAM=4.049 MB
2026-03-21 03:48:43 | INFO | [ncluster=16/16] AUC-ROC=nan%  AUC-PR=0.00%  F1=0.0000  MCC=0.0000  Train=0.009s  Test=0.003s  Peak RAM=4.05 MB
2026-03-21 03:48:43 | INFO | [ncluster=19/19] AUC-ROC=nan%  AUC-PR=0.00%  F1=0.0000  MCC=0.0000  Train=0.010s  Test=0.003s  Peak RAM=4.049 MB
2026-03-21 03:48:43 | INFO | [ncluster=22/22] AUC-ROC=nan%  AUC-PR=0.00%  F1=0.0000  MCC=0.0000  Train=0.010s  Test=0.004s  Peak RAM=4.051 MB
2026-03-21 03:48:43 | INFO | [ncluster=25/25] AUC-ROC=nan%  AUC-PR=0.00%  F1=0.0000  MCC=0.0000  Train=0.010s  Test=0.003s  Peak RAM=4.05 MB
2026-03-21 03:48:43 | INFO | [ncluster=28/28] AUC-ROC=nan%  AUC-PR=0.00%  F1=0.0000  MCC=0.0000  Train=0.028s  Test=0.004s  Peak RAM=4.05 MB
2026-03-21 03:48:43 | INFO | [ncluster=31/31] AUC-ROC=nan%  AUC-PR=0.00%  F1=0.0000  MCC=0.0000  Train=0.011s  Test=0.004s  Peak RAM=4.05 MB
2026-03-21 03:48:43 | INFO | [ncluster=34/34] AUC-ROC=nan%  AUC-PR=0.00%  F1=0.0000  MCC=0.0000  Train=0.011s  Test=0.003s  Peak RAM=4.051 MB
2026-03-21 03:48:43 | INFO | [ncluster=37/37] AUC-ROC=nan%  AUC-PR=0.00%  F1=0.0000  MCC=0.0000  Train=0.012s  Test=0.004s  Peak RAM=4.051 MB
2026-03-21 03:48:43 | INFO | [ncluster=40/40] AUC-ROC=nan%  AUC-PR=0.00%  F1=0.0000  MCC=0.0000  Train=0.012s  Test=0.003s  Peak RAM=4.05 MB
2026-03-21 03:48:43 | INFO | [ncluster=43/43] AUC-ROC=nan%  AUC-PR=0.00%  F1=0.0000  MCC=0.0000  Train=0.021s  Test=0.004s  Peak RAM=4.053 MB
2026-03-21 03:48:43 | INFO | [ncluster=46/46] AUC-ROC=nan%  AUC-PR=0.00%  F1=0.0000  MCC=0.0000  Train=0.026s  Test=0.009s  Peak RAM=4.05 MB
2026-03-21 03:48:43 | INFO | [ncluster=49/49] AUC-ROC=nan%  AUC-PR=0.00%  F1=0.0000  MCC=0.0000  Train=0.013s  Test=0.003s  Peak RAM=4.051 MB
2026-03-21 03:48:43 | INFO | [ncluster=52/52] AUC-ROC=nan%  AUC-PR=0.00%  F1=0.0000  MCC=0.0000  Train=0.013s  Test=0.004s  Peak RAM=4.051 MB
2026-03-21 03:48:43 | INFO | [ncluster=55/55] AUC-ROC=nan%  AUC-PR=0.00%  F1=0.0000  MCC=0.0000  Train=0.013s  Test=0.005s  Peak RAM=4.052 MB
2026-03-21 03:48:43 | INFO | [ncluster=58/58] AUC-ROC=nan%  AUC-PR=0.00%  F1=0.0000  MCC=0.0000  Train=0.014s  Test=0.004s  Peak RAM=4.053 MB
2026-03-21 03:48:43 | INFO | [ncluster=61/61] AUC-ROC=nan%  AUC-PR=0.00%  F1=0.0000  MCC=0.0000  Train=0.013s  Test=0.004s  Peak RAM=4.052 MB
2026-03-21 03:48:43 | INFO | [ncluster=64/64] AUC-ROC=nan%  AUC-PR=0.00%  F1=0.0000  MCC=0.0000  Train=0.014s  Test=0.003s  Peak RAM=4.053 MB
2026-03-21 03:48:43 | INFO | [ncluster=67/67] AUC-ROC=nan%  AUC-PR=0.00%  F1=0.0000  MCC=0.0000  Train=0.014s  Test=0.004s  Peak RAM=4.053 MB
2026-03-21 03:48:43 | INFO | [ncluster=70/70] AUC-ROC=nan%  AUC-PR=0.00%  F1=0.0000  MCC=0.0000  Train=0.015s  Test=0.005s  Peak RAM=4.052 MB
2026-03-21 03:48:43 | INFO | [ncluster=73/73] AUC-ROC=nan%  AUC-PR=0.00%  F1=0.0000  MCC=0.0000  Train=0.015s  Test=0.004s  Peak RAM=4.053 MB
2026-03-21 03:48:43 | INFO | [ncluster=76/76] AUC-ROC=nan%  AUC-PR=0.00%  F1=0.0000  MCC=0.0000  Train=0.015s  Test=0.004s  Peak RAM=4.051 MB
2026-03-21 03:48:43 | INFO | [ncluster=79/79] AUC-ROC=nan%  AUC-PR=0.00%  F1=0.0000  MCC=0.0000  Train=0.015s  Test=0.005s  Peak RAM=4.056 MB
2026-03-21 03:48:43 | INFO | [ncluster=82/82] AUC-ROC=nan%  AUC-PR=0.00%  F1=0.0000  MCC=0.0000  Train=0.015s  Test=0.004s  Peak RAM=4.053 MB
2026-03-21 03:48:43 | INFO | [ncluster=85/85] AUC-ROC=nan%  AUC-PR=0.00%  F1=0.0000  MCC=0.0000  Train=0.016s  Test=0.005s  Peak RAM=4.053 MB
2026-03-21 03:48:43 | INFO | [ncluster=88/88] AUC-ROC=nan%  AUC-PR=0.00%  F1=0.0000  MCC=0.0000  Train=0.030s  Test=0.004s  Peak RAM=4.051 MB
2026-03-21 03:48:43 | INFO | [ncluster=91/91] AUC-ROC=nan%  AUC-PR=0.00%  F1=0.0000  MCC=0.0000  Train=0.016s  Test=0.004s  Peak RAM=4.054 MB
2026-03-21 03:48:43 | INFO | [ncluster=94/94] AUC-ROC=nan%  AUC-PR=0.00%  F1=0.0000  MCC=0.0000  Train=0.018s  Test=0.005s  Peak RAM=4.056 MB
2026-03-21 03:48:43 | INFO | [ncluster=97/97] AUC-ROC=nan%  AUC-PR=0.00%  F1=0.0000  MCC=0.0000  Train=0.016s  Test=0.004s  Peak RAM=4.054 MB
2026-03-21 03:48:43 | INFO | [ncluster=100/100] AUC-ROC=nan%  AUC-PR=0.00%  F1=0.0000  MCC=0.0000  Train=0.017s  Test=0.005s  Peak RAM=4.052 MB
2026-03-21 03:48:43 | INFO | [ncluster=103/103] AUC-ROC=nan%  AUC-PR=0.00%  F1=0.0000  MCC=0.0000  Train=0.017s  Test=0.005s  Peak RAM=4.057 MB
2026-03-21 03:48:43 | INFO | [ncluster=106/106] AUC-ROC=nan%  AUC-PR=0.00%  F1=0.0000  MCC=0.0000  Train=0.018s  Test=0.004s  Peak RAM=4.054 MB
2026-03-21 03:48:43 | INFO | [ncluster=109/109] AUC-ROC=nan%  AUC-PR=0.00%  F1=0.0000  MCC=0.0000  Train=0.018s  Test=0.005s  Peak RAM=4.056 MB
2026-03-21 03:48:43 | INFO | [ncluster=112/112] AUC-ROC=nan%  AUC-PR=0.00%  F1=0.0000  MCC=0.0000  Train=0.018s  Test=0.004s  Peak RAM=4.053 MB
2026-03-21 03:48:43 | INFO | [ncluster=115/115] AUC-ROC=nan%  AUC-PR=0.00%  F1=0.0000  MCC=0.0000  Train=0.017s  Test=0.004s  Peak RAM=4.064 MB
2026-03-21 03:48:43 | INFO | [ncluster=118/118] AUC-ROC=nan%  AUC-PR=0.00%  F1=0.0000  MCC=0.0000  Train=0.017s  Test=0.005s  Peak RAM=4.054 MB
2026-03-21 03:48:43 | INFO | [ncluster=121/121] AUC-ROC=nan%  AUC-PR=0.00%  F1=0.0000  MCC=0.0000  Train=0.019s  Test=0.004s  Peak RAM=4.057 MB
2026-03-21 03:48:43 | INFO | [ncluster=124/124] AUC-ROC=nan%  AUC-PR=0.00%  F1=0.0000  MCC=0.0000  Train=0.020s  Test=0.005s  Peak RAM=4.055 MB
2026-03-21 03:48:43 | INFO | [ncluster=127/127] AUC-ROC=nan%  AUC-PR=0.00%  F1=0.0000  MCC=0.0000  Train=0.020s  Test=0.006s  Peak RAM=4.056 MB
2026-03-21 03:48:43 | INFO | [ncluster=130/130] AUC-ROC=nan%  AUC-PR=0.00%  F1=0.0000  MCC=0.0000  Train=0.020s  Test=0.005s  Peak RAM=4.054 MB
2026-03-21 03:48:43 | INFO | [ncluster=133/133] AUC-ROC=nan%  AUC-PR=0.00%  F1=0.0000  MCC=0.0000  Train=0.021s  Test=0.005s  Peak RAM=4.056 MB
2026-03-21 03:48:43 | INFO | [ncluster=136/136] AUC-ROC=nan%  AUC-PR=0.00%  F1=0.0000  MCC=0.0000  Train=0.045s  Test=0.007s  Peak RAM=4.054 MB
2026-03-21 03:48:43 | INFO | [ncluster=139/139] AUC-ROC=nan%  AUC-PR=0.00%  F1=0.0000  MCC=0.0000  Train=0.027s  Test=0.011s  Peak RAM=4.057 MB
2026-03-21 03:48:43 | INFO | [ncluster=142/142] AUC-ROC=nan%  AUC-PR=0.00%  F1=0.0000  MCC=0.0000  Train=0.021s  Test=0.006s  Peak RAM=4.055 MB
2026-03-21 03:48:43 | INFO | [ncluster=145/145] AUC-ROC=nan%  AUC-PR=0.00%  F1=0.0000  MCC=0.0000  Train=0.020s  Test=0.005s  Peak RAM=4.059 MB
2026-03-21 03:48:43 | INFO | [ncluster=148/148] AUC-ROC=nan%  AUC-PR=0.00%  F1=0.0000  MCC=0.0000  Train=0.046s  Test=0.008s  Peak RAM=4.055 MB
2026-03-21 03:48:43 | INFO | [ncluster=151/151] AUC-ROC=nan%  AUC-PR=0.00%  F1=0.0000  MCC=0.0000  Train=0.044s  Test=0.010s  Peak RAM=4.059 MB
2026-03-21 03:48:43 | INFO | [ncluster=154/154] AUC-ROC=nan%  AUC-PR=0.00%  F1=0.0000  MCC=0.0000  Train=0.022s  Test=0.005s  Peak RAM=4.056 MB
2026-03-21 03:48:43 | INFO | [ncluster=157/157] AUC-ROC=nan%  AUC-PR=0.00%  F1=0.0000  MCC=0.0000  Train=0.023s  Test=0.006s  Peak RAM=4.059 MB
2026-03-21 03:48:43 | INFO | [ncluster=160/160] AUC-ROC=nan%  AUC-PR=0.00%  F1=0.0000  MCC=0.0000  Train=0.023s  Test=0.005s  Peak RAM=4.056 MB
2026-03-21 03:48:43 | INFO | [ncluster=163/163] AUC-ROC=nan%  AUC-PR=0.00%  F1=0.0000  MCC=0.0000  Train=0.023s  Test=0.006s  Peak RAM=4.058 MB
2026-03-21 03:48:43 | INFO | [ncluster=166/166] AUC-ROC=nan%  AUC-PR=0.00%  F1=0.0000  MCC=0.0000  Train=0.022s  Test=0.006s  Peak RAM=4.057 MB
2026-03-21 03:48:43 | INFO | [ncluster=169/169] AUC-ROC=nan%  AUC-PR=0.00%  F1=0.0000  MCC=0.0000  Train=0.021s  Test=0.005s  Peak RAM=4.059 MB
2026-03-21 03:48:43 | INFO | [ncluster=172/172] AUC-ROC=nan%  AUC-PR=0.00%  F1=0.0000  MCC=0.0000  Train=0.021s  Test=0.005s  Peak RAM=4.057 MB
2026-03-21 03:48:43 | INFO | [ncluster=175/175] AUC-ROC=nan%  AUC-PR=0.00%  F1=0.0000  MCC=0.0000  Train=0.032s  Test=0.006s  Peak RAM=4.06 MB
2026-03-21 03:48:43 | INFO | [ncluster=178/178] AUC-ROC=nan%  AUC-PR=0.00%  F1=0.0000  MCC=0.0000  Train=0.025s  Test=0.005s  Peak RAM=4.057 MB
2026-03-21 03:48:43 | INFO | [ncluster=181/181] AUC-ROC=nan%  AUC-PR=0.00%  F1=0.0000  MCC=0.0000  Train=0.040s  Test=0.006s  Peak RAM=4.061 MB
2026-03-21 03:48:43 | INFO | [ncluster=184/184] AUC-ROC=nan%  AUC-PR=0.00%  F1=0.0000  MCC=0.0000  Train=0.024s  Test=0.005s  Peak RAM=4.06 MB
2026-03-21 03:48:43 | INFO | [ncluster=187/187] AUC-ROC=nan%  AUC-PR=0.00%  F1=0.0000  MCC=0.0000  Train=0.025s  Test=0.006s  Peak RAM=4.06 MB
2026-03-21 03:48:43 | INFO | [ncluster=190/190] AUC-ROC=nan%  AUC-PR=0.00%  F1=0.0000  MCC=0.0000  Train=0.028s  Test=0.009s  Peak RAM=4.057 MB
2026-03-21 03:48:43 | INFO | [ncluster=193/193] AUC-ROC=nan%  AUC-PR=0.00%  F1=0.0000  MCC=0.0000  Train=0.026s  Test=0.005s  Peak RAM=4.063 MB
2026-03-21 03:48:43 | INFO | [ncluster=196/196] AUC-ROC=nan%  AUC-PR=0.00%  F1=0.0000  MCC=0.0000  Train=0.026s  Test=0.006s  Peak RAM=4.064 MB
2026-03-21 03:48:43 | INFO | [ncluster=199/199] AUC-ROC=nan%  AUC-PR=0.00%  F1=0.0000  MCC=0.0000  Train=0.027s  Test=0.006s  Peak RAM=4.061 MB
2026-03-21 03:48:43 | INFO | [ncluster=202/202] AUC-ROC=nan%  AUC-PR=0.00%  F1=0.0000  MCC=0.0000  Train=0.027s  Test=0.006s  Peak RAM=4.063 MB
2026-03-21 03:48:43 | INFO | [ncluster=205/205] AUC-ROC=nan%  AUC-PR=0.00%  F1=0.0000  MCC=0.0000  Train=0.027s  Test=0.006s  Peak RAM=4.062 MB
2026-03-21 03:48:43 | INFO | [ncluster=208/208] AUC-ROC=nan%  AUC-PR=0.00%  F1=0.0000  MCC=0.0000  Train=0.027s  Test=0.005s  Peak RAM=4.067 MB
2026-03-21 03:48:43 | INFO | [ncluster=211/211] AUC-ROC=nan%  AUC-PR=0.00%  F1=0.0000  MCC=0.0000  Train=0.057s  Test=0.011s  Peak RAM=4.061 MB
2026-03-21 03:48:43 | INFO | [ncluster=214/214] AUC-ROC=nan%  AUC-PR=0.00%  F1=0.0000  MCC=0.0000  Train=0.046s  Test=0.011s  Peak RAM=4.066 MB
2026-03-21 03:48:43 | INFO | [ncluster=217/217] AUC-ROC=nan%  AUC-PR=0.00%  F1=0.0000  MCC=0.0000  Train=0.028s  Test=0.006s  Peak RAM=4.062 MB
2026-03-21 03:48:43 | INFO | [ncluster=220/220] AUC-ROC=nan%  AUC-PR=0.00%  F1=0.0000  MCC=0.0000  Train=0.028s  Test=0.006s  Peak RAM=4.063 MB
2026-03-21 03:48:43 | INFO | [ncluster=223/223] AUC-ROC=nan%  AUC-PR=0.00%  F1=0.0000  MCC=0.0000  Train=0.026s  Test=0.007s  Peak RAM=4.062 MB
2026-03-21 03:48:43 | INFO | [ncluster=226/226] AUC-ROC=nan%  AUC-PR=0.00%  F1=0.0000  MCC=0.0000  Train=0.028s  Test=0.006s  Peak RAM=4.063 MB
2026-03-21 03:48:43 | INFO | [ncluster=229/229] AUC-ROC=nan%  AUC-PR=0.00%  F1=0.0000  MCC=0.0000  Train=0.035s  Test=0.013s  Peak RAM=4.062 MB
2026-03-21 03:48:43 | INFO | [ncluster=232/232] AUC-ROC=nan%  AUC-PR=0.00%  F1=0.0000  MCC=0.0000  Train=0.029s  Test=0.005s  Peak RAM=4.063 MB
2026-03-21 03:48:43 | INFO | [ncluster=235/235] AUC-ROC=nan%  AUC-PR=0.00%  F1=0.0000  MCC=0.0000  Train=0.030s  Test=0.006s  Peak RAM=4.065 MB
2026-03-21 03:48:43 | INFO | [ncluster=238/238] AUC-ROC=nan%  AUC-PR=0.00%  F1=0.0000  MCC=0.0000  Train=0.030s  Test=0.007s  Peak RAM=4.064 MB
2026-03-21 03:48:43 | INFO | [ncluster=241/241] AUC-ROC=nan%  AUC-PR=0.00%  F1=0.0000  MCC=0.0000  Train=0.030s  Test=0.006s  Peak RAM=4.064 MB
2026-03-21 03:48:43 | INFO | [ncluster=244/244] AUC-ROC=nan%  AUC-PR=0.00%  F1=0.0000  MCC=0.0000  Train=0.031s  Test=0.007s  Peak RAM=4.063 MB
2026-03-21 03:48:43 | INFO | [ncluster=247/247] AUC-ROC=nan%  AUC-PR=0.00%  F1=0.0000  MCC=0.0000  Train=0.031s  Test=0.007s  Peak RAM=4.065 MB
2026-03-21 03:48:43 | INFO | [ncluster=250/250] AUC-ROC=nan%  AUC-PR=0.00%  F1=0.0000  MCC=0.0000  Train=0.027s  Test=0.006s  Peak RAM=4.065 MB
2026-03-21 03:48:43 | INFO | [ncluster=253/253] AUC-ROC=nan%  AUC-PR=0.00%  F1=0.0000  MCC=0.0000  Train=0.031s  Test=0.007s  Peak RAM=4.065 MB
2026-03-21 03:48:43 | INFO | [ncluster=256/256] AUC-ROC=nan%  AUC-PR=0.00%  F1=0.0000  MCC=0.0000  Train=0.032s  Test=0.006s  Peak RAM=4.065 MB
2026-03-21 03:48:43 | INFO | [ncluster=259/259] AUC-ROC=nan%  AUC-PR=0.00%  F1=0.0000  MCC=0.0000  Train=0.032s  Test=0.007s  Peak RAM=4.065 MB
2026-03-21 03:48:43 | INFO | [ncluster=262/262] AUC-ROC=nan%  AUC-PR=0.00%  F1=0.0000  MCC=0.0000  Train=0.032s  Test=0.007s  Peak RAM=4.069 MB
2026-03-21 03:48:43 | INFO | [ncluster=265/265] AUC-ROC=nan%  AUC-PR=0.00%  F1=0.0000  MCC=0.0000  Train=0.030s  Test=0.006s  Peak RAM=4.066 MB
2026-03-21 03:48:43 | INFO | [ncluster=268/268] AUC-ROC=nan%  AUC-PR=0.00%  F1=0.0000  MCC=0.0000  Train=0.033s  Test=0.007s  Peak RAM=4.066 MB
2026-03-21 03:48:43 | INFO | [ncluster=271/271] AUC-ROC=nan%  AUC-PR=0.00%  F1=0.0000  MCC=0.0000  Train=0.033s  Test=0.007s  Peak RAM=4.066 MB
2026-03-21 03:48:43 | INFO | [ncluster=274/274] AUC-ROC=nan%  AUC-PR=0.00%  F1=0.0000  MCC=0.0000  Train=0.033s  Test=0.007s  Peak RAM=4.066 MB
2026-03-21 03:48:43 | INFO | [ncluster=277/277] AUC-ROC=nan%  AUC-PR=0.00%  F1=0.0000  MCC=0.0000  Train=0.033s  Test=0.007s  Peak RAM=4.067 MB
2026-03-21 03:48:43 | INFO | [ncluster=280/280] AUC-ROC=nan%  AUC-PR=0.00%  F1=0.0000  MCC=0.0000  Train=0.034s  Test=0.006s  Peak RAM=4.067 MB
2026-03-21 03:48:43 | INFO | [ncluster=283/283] AUC-ROC=nan%  AUC-PR=0.00%  F1=0.0000  MCC=0.0000  Train=0.022s  Test=0.005s  Peak RAM=4.067 MB
2026-03-21 03:48:43 | INFO | [ncluster=286/286] AUC-ROC=nan%  AUC-PR=0.00%  F1=0.0000  MCC=0.0000  Train=0.022s  Test=0.006s  Peak RAM=4.066 MB
2026-03-21 03:48:43 | INFO | [ncluster=289/289] AUC-ROC=nan%  AUC-PR=0.00%  F1=0.0000  MCC=0.0000  Train=0.022s  Test=0.005s  Peak RAM=4.07 MB
2026-03-21 03:48:43 | INFO | [ncluster=292/292] AUC-ROC=nan%  AUC-PR=0.00%  F1=0.0000  MCC=0.0000  Train=0.022s  Test=0.005s  Peak RAM=4.066 MB
2026-03-21 03:48:43 | INFO | [ncluster=295/295] AUC-ROC=nan%  AUC-PR=0.00%  F1=0.0000  MCC=0.0000  Train=0.022s  Test=0.006s  Peak RAM=4.068 MB
2026-03-21 03:48:43 | INFO | [ncluster=298/298] AUC-ROC=nan%  AUC-PR=0.00%  F1=0.0000  MCC=0.0000  Train=0.022s  Test=0.005s  Peak RAM=4.07 MB
2026-03-21 03:48:43 | INFO | 
>>> Processing data_BoTIoT | scaler=Normalizer
2026-03-21 03:48:43 | INFO | --- noise=0% ---
2026-03-21 03:48:43 | INFO | ============================================================
2026-03-21 03:48:43 | INFO | Dataset  : Train_Normalizer_data_BoTIoT.csv
2026-03-21 03:48:43 | INFO | Scaler   : Normalizer
2026-03-21 03:48:43 | INFO | Noise    : 0%
2026-03-21 03:48:43 | INFO | nClusters: 100 values (1..298)
2026-03-21 03:48:43 | INFO | ============================================================
2026-03-21 03:48:43 | INFO | Loaded Raw Shape -> Train: (9072, 27), Test: (15000, 27)
2026-03-21 03:48:43 | INFO | Dropped metadata features: ['pkSeqID', 'stime', 'ltime', 'seq', 'saddr', 'daddr', 'sport', 'dport', 'state', 'flgs', 'proto']
2026-03-21 03:48:43 | INFO | Dropped metadata features: ['pkSeqID', 'stime', 'ltime', 'seq', 'saddr', 'daddr', 'sport', 'dport', 'state', 'flgs', 'proto']
2026-03-21 03:48:43 | INFO | Training size : 9,072  |  Testing size: 15,000  |  Features: 15
2026-03-21 03:48:43 | INFO | Firing up Parallel execution for 100 cluster configs...
2026-03-21 03:49:15 | INFO | [ncluster=1/1] AUC-ROC=nan%  AUC-PR=0.00%  F1=0.0000  MCC=0.0000  Train=0.008s  Test=0.003s  Peak RAM=4.167 MB
2026-03-21 03:49:15 | INFO | [ncluster=4/4] AUC-ROC=nan%  AUC-PR=0.00%  F1=0.0000  MCC=0.0000  Train=0.008s  Test=0.004s  Peak RAM=4.168 MB
2026-03-21 03:49:15 | INFO | [ncluster=7/7] AUC-ROC=nan%  AUC-PR=0.00%  F1=0.0000  MCC=0.0000  Train=0.008s  Test=0.004s  Peak RAM=4.169 MB
2026-03-21 03:49:15 | INFO | [ncluster=10/10] AUC-ROC=nan%  AUC-PR=0.00%  F1=0.0000  MCC=0.0000  Train=0.009s  Test=0.004s  Peak RAM=4.169 MB
2026-03-21 03:49:15 | INFO | [ncluster=13/13] AUC-ROC=nan%  AUC-PR=0.00%  F1=0.0000  MCC=0.0000  Train=0.009s  Test=0.004s  Peak RAM=4.17 MB
2026-03-21 03:49:15 | INFO | [ncluster=16/16] AUC-ROC=nan%  AUC-PR=0.00%  F1=0.0000  MCC=0.0000  Train=0.009s  Test=0.007s  Peak RAM=4.17 MB
2026-03-21 03:49:15 | INFO | [ncluster=19/19] AUC-ROC=nan%  AUC-PR=0.00%  F1=0.0000  MCC=0.0000  Train=0.009s  Test=0.004s  Peak RAM=4.175 MB
2026-03-21 03:49:15 | INFO | [ncluster=22/22] AUC-ROC=nan%  AUC-PR=0.00%  F1=0.0000  MCC=0.0000  Train=0.010s  Test=0.004s  Peak RAM=4.169 MB
2026-03-21 03:49:15 | INFO | [ncluster=25/25] AUC-ROC=nan%  AUC-PR=0.00%  F1=0.0000  MCC=0.0000  Train=0.010s  Test=0.004s  Peak RAM=4.17 MB
2026-03-21 03:49:15 | INFO | [ncluster=28/28] AUC-ROC=nan%  AUC-PR=0.00%  F1=0.0000  MCC=0.0000  Train=0.010s  Test=0.004s  Peak RAM=4.171 MB
2026-03-21 03:49:15 | INFO | [ncluster=31/31] AUC-ROC=nan%  AUC-PR=0.00%  F1=0.0000  MCC=0.0000  Train=0.010s  Test=0.005s  Peak RAM=4.17 MB
2026-03-21 03:49:15 | INFO | [ncluster=34/34] AUC-ROC=nan%  AUC-PR=0.00%  F1=0.0000  MCC=0.0000  Train=0.011s  Test=0.004s  Peak RAM=4.172 MB
2026-03-21 03:49:15 | INFO | [ncluster=37/37] AUC-ROC=nan%  AUC-PR=0.00%  F1=0.0000  MCC=0.0000  Train=0.011s  Test=0.004s  Peak RAM=4.172 MB
2026-03-21 03:49:15 | INFO | [ncluster=40/40] AUC-ROC=nan%  AUC-PR=0.00%  F1=0.0000  MCC=0.0000  Train=0.011s  Test=0.003s  Peak RAM=4.172 MB
2026-03-21 03:49:15 | INFO | [ncluster=43/43] AUC-ROC=nan%  AUC-PR=0.00%  F1=0.0000  MCC=0.0000  Train=0.024s  Test=0.007s  Peak RAM=4.17 MB
2026-03-21 03:49:15 | INFO | [ncluster=46/46] AUC-ROC=nan%  AUC-PR=0.00%  F1=0.0000  MCC=0.0000  Train=0.012s  Test=0.005s  Peak RAM=4.171 MB
2026-03-21 03:49:15 | INFO | [ncluster=49/49] AUC-ROC=nan%  AUC-PR=0.00%  F1=0.0000  MCC=0.0000  Train=0.012s  Test=0.004s  Peak RAM=4.171 MB
2026-03-21 03:49:15 | INFO | [ncluster=52/52] AUC-ROC=nan%  AUC-PR=0.00%  F1=0.0000  MCC=0.0000  Train=0.012s  Test=0.004s  Peak RAM=4.172 MB
2026-03-21 03:49:15 | INFO | [ncluster=55/55] AUC-ROC=nan%  AUC-PR=0.00%  F1=0.0000  MCC=0.0000  Train=0.013s  Test=0.005s  Peak RAM=4.179 MB
2026-03-21 03:49:15 | INFO | [ncluster=58/58] AUC-ROC=nan%  AUC-PR=0.00%  F1=0.0000  MCC=0.0000  Train=0.013s  Test=0.004s  Peak RAM=4.174 MB
2026-03-21 03:49:15 | INFO | [ncluster=61/61] AUC-ROC=nan%  AUC-PR=0.00%  F1=0.0000  MCC=0.0000  Train=0.013s  Test=0.005s  Peak RAM=4.174 MB
2026-03-21 03:49:15 | INFO | [ncluster=64/64] AUC-ROC=nan%  AUC-PR=0.00%  F1=0.0000  MCC=0.0000  Train=0.014s  Test=0.004s  Peak RAM=4.172 MB
2026-03-21 03:49:15 | INFO | [ncluster=67/67] AUC-ROC=nan%  AUC-PR=0.00%  F1=0.0000  MCC=0.0000  Train=0.013s  Test=0.004s  Peak RAM=4.175 MB
2026-03-21 03:49:15 | INFO | [ncluster=70/70] AUC-ROC=nan%  AUC-PR=0.00%  F1=0.0000  MCC=0.0000  Train=0.014s  Test=0.005s  Peak RAM=4.175 MB
2026-03-21 03:49:15 | INFO | [ncluster=73/73] AUC-ROC=nan%  AUC-PR=0.00%  F1=0.0000  MCC=0.0000  Train=0.014s  Test=0.004s  Peak RAM=4.173 MB
2026-03-21 03:49:15 | INFO | [ncluster=76/76] AUC-ROC=nan%  AUC-PR=0.00%  F1=0.0000  MCC=0.0000  Train=0.015s  Test=0.005s  Peak RAM=4.17 MB
2026-03-21 03:49:15 | INFO | [ncluster=79/79] AUC-ROC=nan%  AUC-PR=0.00%  F1=0.0000  MCC=0.0000  Train=0.015s  Test=0.005s  Peak RAM=4.172 MB
2026-03-21 03:49:15 | INFO | [ncluster=82/82] AUC-ROC=nan%  AUC-PR=0.00%  F1=0.0000  MCC=0.0000  Train=0.015s  Test=0.005s  Peak RAM=4.171 MB
2026-03-21 03:49:15 | INFO | [ncluster=85/85] AUC-ROC=nan%  AUC-PR=0.00%  F1=0.0000  MCC=0.0000  Train=0.016s  Test=0.005s  Peak RAM=4.175 MB
2026-03-21 03:49:15 | INFO | [ncluster=88/88] AUC-ROC=nan%  AUC-PR=0.00%  F1=0.0000  MCC=0.0000  Train=0.015s  Test=0.004s  Peak RAM=4.172 MB
2026-03-21 03:49:15 | INFO | [ncluster=91/91] AUC-ROC=nan%  AUC-PR=0.00%  F1=0.0000  MCC=0.0000  Train=0.016s  Test=0.005s  Peak RAM=4.174 MB
2026-03-21 03:49:15 | INFO | [ncluster=94/94] AUC-ROC=nan%  AUC-PR=0.00%  F1=0.0000  MCC=0.0000  Train=0.016s  Test=0.005s  Peak RAM=4.171 MB
2026-03-21 03:49:15 | INFO | [ncluster=97/97] AUC-ROC=nan%  AUC-PR=0.00%  F1=0.0000  MCC=0.0000  Train=0.016s  Test=0.004s  Peak RAM=4.174 MB
2026-03-21 03:49:15 | INFO | [ncluster=100/100] AUC-ROC=nan%  AUC-PR=0.00%  F1=0.0000  MCC=0.0000  Train=0.037s  Test=0.008s  Peak RAM=4.173 MB
2026-03-21 03:49:15 | INFO | [ncluster=103/103] AUC-ROC=nan%  AUC-PR=0.00%  F1=0.0000  MCC=0.0000  Train=0.016s  Test=0.006s  Peak RAM=4.174 MB
2026-03-21 03:49:15 | INFO | [ncluster=106/106] AUC-ROC=nan%  AUC-PR=0.00%  F1=0.0000  MCC=0.0000  Train=0.017s  Test=0.005s  Peak RAM=4.172 MB
2026-03-21 03:49:15 | INFO | [ncluster=109/109] AUC-ROC=nan%  AUC-PR=0.00%  F1=0.0000  MCC=0.0000  Train=0.018s  Test=0.005s  Peak RAM=4.176 MB
2026-03-21 03:49:15 | INFO | [ncluster=112/112] AUC-ROC=nan%  AUC-PR=0.00%  F1=0.0000  MCC=0.0000  Train=0.018s  Test=0.004s  Peak RAM=4.173 MB
2026-03-21 03:49:15 | INFO | [ncluster=115/115] AUC-ROC=nan%  AUC-PR=0.00%  F1=0.0000  MCC=0.0000  Train=0.018s  Test=0.005s  Peak RAM=4.176 MB
2026-03-21 03:49:15 | INFO | [ncluster=118/118] AUC-ROC=nan%  AUC-PR=0.00%  F1=0.0000  MCC=0.0000  Train=0.018s  Test=0.006s  Peak RAM=4.173 MB
2026-03-21 03:49:15 | INFO | [ncluster=121/121] AUC-ROC=nan%  AUC-PR=0.00%  F1=0.0000  MCC=0.0000  Train=0.017s  Test=0.004s  Peak RAM=4.176 MB
2026-03-21 03:49:15 | INFO | [ncluster=124/124] AUC-ROC=nan%  AUC-PR=0.00%  F1=0.0000  MCC=0.0000  Train=0.017s  Test=0.005s  Peak RAM=4.173 MB
2026-03-21 03:49:15 | INFO | [ncluster=127/127] AUC-ROC=nan%  AUC-PR=0.00%  F1=0.0000  MCC=0.0000  Train=0.019s  Test=0.006s  Peak RAM=4.176 MB
2026-03-21 03:49:15 | INFO | [ncluster=130/130] AUC-ROC=nan%  AUC-PR=0.00%  F1=0.0000  MCC=0.0000  Train=0.020s  Test=0.005s  Peak RAM=4.174 MB
2026-03-21 03:49:15 | INFO | [ncluster=133/133] AUC-ROC=nan%  AUC-PR=0.00%  F1=0.0000  MCC=0.0000  Train=0.020s  Test=0.006s  Peak RAM=4.177 MB
2026-03-21 03:49:15 | INFO | [ncluster=136/136] AUC-ROC=nan%  AUC-PR=0.00%  F1=0.0000  MCC=0.0000  Train=0.020s  Test=0.005s  Peak RAM=4.175 MB
2026-03-21 03:49:15 | INFO | [ncluster=139/139] AUC-ROC=nan%  AUC-PR=0.00%  F1=0.0000  MCC=0.0000  Train=0.021s  Test=0.006s  Peak RAM=4.178 MB
2026-03-21 03:49:15 | INFO | [ncluster=142/142] AUC-ROC=nan%  AUC-PR=0.00%  F1=0.0000  MCC=0.0000  Train=0.021s  Test=0.006s  Peak RAM=4.175 MB
2026-03-21 03:49:15 | INFO | [ncluster=145/145] AUC-ROC=nan%  AUC-PR=0.00%  F1=0.0000  MCC=0.0000  Train=0.021s  Test=0.005s  Peak RAM=4.177 MB
2026-03-21 03:49:15 | INFO | [ncluster=148/148] AUC-ROC=nan%  AUC-PR=0.00%  F1=0.0000  MCC=0.0000  Train=0.020s  Test=0.006s  Peak RAM=4.175 MB
2026-03-21 03:49:15 | INFO | [ncluster=151/151] AUC-ROC=nan%  AUC-PR=0.00%  F1=0.0000  MCC=0.0000  Train=0.022s  Test=0.006s  Peak RAM=4.177 MB
2026-03-21 03:49:15 | INFO | [ncluster=154/154] AUC-ROC=nan%  AUC-PR=0.00%  F1=0.0000  MCC=0.0000  Train=0.020s  Test=0.005s  Peak RAM=4.175 MB
2026-03-21 03:49:15 | INFO | [ncluster=157/157] AUC-ROC=nan%  AUC-PR=0.00%  F1=0.0000  MCC=0.0000  Train=0.022s  Test=0.006s  Peak RAM=4.177 MB
2026-03-21 03:49:15 | INFO | [ncluster=160/160] AUC-ROC=nan%  AUC-PR=0.00%  F1=0.0000  MCC=0.0000  Train=0.022s  Test=0.005s  Peak RAM=4.175 MB
2026-03-21 03:49:15 | INFO | [ncluster=163/163] AUC-ROC=nan%  AUC-PR=0.00%  F1=0.0000  MCC=0.0000  Train=0.046s  Test=0.013s  Peak RAM=4.179 MB
2026-03-21 03:49:15 | INFO | [ncluster=166/166] AUC-ROC=nan%  AUC-PR=0.00%  F1=0.0000  MCC=0.0000  Train=0.041s  Test=0.012s  Peak RAM=4.176 MB
2026-03-21 03:49:15 | INFO | [ncluster=169/169] AUC-ROC=nan%  AUC-PR=0.00%  F1=0.0000  MCC=0.0000  Train=0.022s  Test=0.005s  Peak RAM=4.179 MB
2026-03-21 03:49:15 | INFO | [ncluster=172/172] AUC-ROC=nan%  AUC-PR=0.00%  F1=0.0000  MCC=0.0000  Train=0.024s  Test=0.006s  Peak RAM=4.177 MB
2026-03-21 03:49:15 | INFO | [ncluster=175/175] AUC-ROC=nan%  AUC-PR=0.00%  F1=0.0000  MCC=0.0000  Train=0.021s  Test=0.006s  Peak RAM=4.178 MB
2026-03-21 03:49:15 | INFO | [ncluster=178/178] AUC-ROC=nan%  AUC-PR=0.00%  F1=0.0000  MCC=0.0000  Train=0.021s  Test=0.005s  Peak RAM=4.176 MB
2026-03-21 03:49:15 | INFO | [ncluster=181/181] AUC-ROC=nan%  AUC-PR=0.00%  F1=0.0000  MCC=0.0000  Train=0.024s  Test=0.006s  Peak RAM=4.18 MB
2026-03-21 03:49:15 | INFO | [ncluster=184/184] AUC-ROC=nan%  AUC-PR=0.00%  F1=0.0000  MCC=0.0000  Train=0.024s  Test=0.006s  Peak RAM=4.177 MB
2026-03-21 03:49:15 | INFO | [ncluster=187/187] AUC-ROC=nan%  AUC-PR=0.00%  F1=0.0000  MCC=0.0000  Train=0.025s  Test=0.006s  Peak RAM=4.181 MB
2026-03-21 03:49:15 | INFO | [ncluster=190/190] AUC-ROC=nan%  AUC-PR=0.00%  F1=0.0000  MCC=0.0000  Train=0.025s  Test=0.007s  Peak RAM=4.178 MB
2026-03-21 03:49:15 | INFO | [ncluster=193/193] AUC-ROC=nan%  AUC-PR=0.00%  F1=0.0000  MCC=0.0000  Train=0.025s  Test=0.006s  Peak RAM=4.18 MB
2026-03-21 03:49:15 | INFO | [ncluster=196/196] AUC-ROC=nan%  AUC-PR=0.00%  F1=0.0000  MCC=0.0000  Train=0.026s  Test=0.006s  Peak RAM=4.178 MB
2026-03-21 03:49:15 | INFO | [ncluster=199/199] AUC-ROC=nan%  AUC-PR=0.00%  F1=0.0000  MCC=0.0000  Train=0.026s  Test=0.007s  Peak RAM=4.181 MB
2026-03-21 03:49:15 | INFO | [ncluster=202/202] AUC-ROC=nan%  AUC-PR=0.00%  F1=0.0000  MCC=0.0000  Train=0.026s  Test=0.006s  Peak RAM=4.178 MB
2026-03-21 03:49:15 | INFO | [ncluster=205/205] AUC-ROC=nan%  AUC-PR=0.00%  F1=0.0000  MCC=0.0000  Train=0.026s  Test=0.007s  Peak RAM=4.182 MB
2026-03-21 03:49:15 | INFO | [ncluster=208/208] AUC-ROC=nan%  AUC-PR=0.00%  F1=0.0000  MCC=0.0000  Train=0.027s  Test=0.006s  Peak RAM=4.18 MB
2026-03-21 03:49:15 | INFO | [ncluster=211/211] AUC-ROC=nan%  AUC-PR=0.00%  F1=0.0000  MCC=0.0000  Train=0.027s  Test=0.006s  Peak RAM=4.182 MB
2026-03-21 03:49:15 | INFO | [ncluster=214/214] AUC-ROC=nan%  AUC-PR=0.00%  F1=0.0000  MCC=0.0000  Train=0.027s  Test=0.007s  Peak RAM=4.179 MB
2026-03-21 03:49:15 | INFO | [ncluster=217/217] AUC-ROC=nan%  AUC-PR=0.00%  F1=0.0000  MCC=0.0000  Train=0.049s  Test=0.012s  Peak RAM=4.182 MB
2026-03-21 03:49:15 | INFO | [ncluster=220/220] AUC-ROC=nan%  AUC-PR=0.00%  F1=0.0000  MCC=0.0000  Train=0.026s  Test=0.007s  Peak RAM=4.181 MB
2026-03-21 03:49:15 | INFO | [ncluster=223/223] AUC-ROC=nan%  AUC-PR=0.00%  F1=0.0000  MCC=0.0000  Train=0.026s  Test=0.007s  Peak RAM=4.182 MB
2026-03-21 03:49:15 | INFO | [ncluster=226/226] AUC-ROC=nan%  AUC-PR=0.00%  F1=0.0000  MCC=0.0000  Train=0.026s  Test=0.007s  Peak RAM=4.182 MB
2026-03-21 03:49:15 | INFO | [ncluster=229/229] AUC-ROC=nan%  AUC-PR=0.00%  F1=0.0000  MCC=0.0000  Train=0.026s  Test=0.007s  Peak RAM=4.182 MB
2026-03-21 03:49:15 | INFO | [ncluster=232/232] AUC-ROC=nan%  AUC-PR=0.00%  F1=0.0000  MCC=0.0000  Train=0.029s  Test=0.006s  Peak RAM=4.183 MB
2026-03-21 03:49:15 | INFO | [ncluster=235/235] AUC-ROC=nan%  AUC-PR=0.00%  F1=0.0000  MCC=0.0000  Train=0.029s  Test=0.007s  Peak RAM=4.182 MB
2026-03-21 03:49:15 | INFO | [ncluster=238/238] AUC-ROC=nan%  AUC-PR=0.00%  F1=0.0000  MCC=0.0000  Train=0.030s  Test=0.007s  Peak RAM=4.182 MB
2026-03-21 03:49:15 | INFO | [ncluster=241/241] AUC-ROC=nan%  AUC-PR=0.00%  F1=0.0000  MCC=0.0000  Train=0.030s  Test=0.007s  Peak RAM=4.183 MB
2026-03-21 03:49:15 | INFO | [ncluster=244/244] AUC-ROC=nan%  AUC-PR=0.00%  F1=0.0000  MCC=0.0000  Train=0.028s  Test=0.007s  Peak RAM=4.182 MB
2026-03-21 03:49:15 | INFO | [ncluster=247/247] AUC-ROC=nan%  AUC-PR=0.00%  F1=0.0000  MCC=0.0000  Train=0.030s  Test=0.008s  Peak RAM=4.183 MB
2026-03-21 03:49:15 | INFO | [ncluster=250/250] AUC-ROC=nan%  AUC-PR=0.00%  F1=0.0000  MCC=0.0000  Train=0.054s  Test=0.007s  Peak RAM=4.183 MB
2026-03-21 03:49:15 | INFO | [ncluster=253/253] AUC-ROC=nan%  AUC-PR=0.00%  F1=0.0000  MCC=0.0000  Train=0.031s  Test=0.007s  Peak RAM=4.183 MB
2026-03-21 03:49:15 | INFO | [ncluster=256/256] AUC-ROC=nan%  AUC-PR=0.00%  F1=0.0000  MCC=0.0000  Train=0.027s  Test=0.006s  Peak RAM=4.184 MB
2026-03-21 03:49:15 | INFO | [ncluster=259/259] AUC-ROC=nan%  AUC-PR=0.00%  F1=0.0000  MCC=0.0000  Train=0.032s  Test=0.007s  Peak RAM=4.184 MB
2026-03-21 03:49:15 | INFO | [ncluster=262/262] AUC-ROC=nan%  AUC-PR=0.00%  F1=0.0000  MCC=0.0000  Train=0.032s  Test=0.008s  Peak RAM=4.185 MB
2026-03-21 03:49:15 | INFO | [ncluster=265/265] AUC-ROC=nan%  AUC-PR=0.00%  F1=0.0000  MCC=0.0000  Train=0.032s  Test=0.007s  Peak RAM=4.186 MB
2026-03-21 03:49:15 | INFO | [ncluster=268/268] AUC-ROC=nan%  AUC-PR=0.00%  F1=0.0000  MCC=0.0000  Train=0.032s  Test=0.007s  Peak RAM=4.185 MB
2026-03-21 03:49:15 | INFO | [ncluster=271/271] AUC-ROC=nan%  AUC-PR=0.00%  F1=0.0000  MCC=0.0000  Train=0.032s  Test=0.008s  Peak RAM=4.185 MB
2026-03-21 03:49:15 | INFO | [ncluster=274/274] AUC-ROC=nan%  AUC-PR=0.00%  F1=0.0000  MCC=0.0000  Train=0.033s  Test=0.007s  Peak RAM=4.186 MB
2026-03-21 03:49:15 | INFO | [ncluster=277/277] AUC-ROC=nan%  AUC-PR=0.00%  F1=0.0000  MCC=0.0000  Train=0.033s  Test=0.007s  Peak RAM=4.185 MB
2026-03-21 03:49:15 | INFO | [ncluster=280/280] AUC-ROC=nan%  AUC-PR=0.00%  F1=0.0000  MCC=0.0000  Train=0.021s  Test=0.005s  Peak RAM=4.185 MB
2026-03-21 03:49:15 | INFO | [ncluster=283/283] AUC-ROC=nan%  AUC-PR=0.00%  F1=0.0000  MCC=0.0000  Train=0.024s  Test=0.005s  Peak RAM=4.185 MB
2026-03-21 03:49:15 | INFO | [ncluster=286/286] AUC-ROC=nan%  AUC-PR=0.00%  F1=0.0000  MCC=0.0000  Train=0.022s  Test=0.006s  Peak RAM=4.185 MB
2026-03-21 03:49:15 | INFO | [ncluster=289/289] AUC-ROC=nan%  AUC-PR=0.00%  F1=0.0000  MCC=0.0000  Train=0.022s  Test=0.005s  Peak RAM=4.186 MB
2026-03-21 03:49:15 | INFO | [ncluster=292/292] AUC-ROC=nan%  AUC-PR=0.00%  F1=0.0000  MCC=0.0000  Train=0.022s  Test=0.006s  Peak RAM=4.186 MB
2026-03-21 03:49:15 | INFO | [ncluster=295/295] AUC-ROC=nan%  AUC-PR=0.00%  F1=0.0000  MCC=0.0000  Train=0.022s  Test=0.006s  Peak RAM=4.186 MB
2026-03-21 03:49:15 | INFO | [ncluster=298/298] AUC-ROC=nan%  AUC-PR=0.00%  F1=0.0000  MCC=0.0000  Train=0.022s  Test=0.005s  Peak RAM=4.187 MB
2026-03-21 03:49:15 | INFO | --- noise=1% ---
2026-03-21 03:49:15 | INFO | ============================================================
2026-03-21 03:49:15 | INFO | Dataset  : Train_Normalizer_data_BoTIoT.csv
2026-03-21 03:49:15 | INFO | Scaler   : Normalizer
2026-03-21 03:49:15 | INFO | Noise    : 1%
2026-03-21 03:49:15 | INFO | nClusters: 100 values (1..298)
2026-03-21 03:49:15 | INFO | ============================================================
2026-03-21 03:49:15 | INFO | Loaded Raw Shape -> Train: (9072, 27), Test: (15000, 27)
2026-03-21 03:49:15 | INFO | Dropped metadata features: ['pkSeqID', 'stime', 'ltime', 'seq', 'saddr', 'daddr', 'sport', 'dport', 'state', 'flgs', 'proto']
2026-03-21 03:49:15 | INFO | Dropped metadata features: ['pkSeqID', 'stime', 'ltime', 'seq', 'saddr', 'daddr', 'sport', 'dport', 'state', 'flgs', 'proto']
2026-03-21 03:49:15 | INFO | Training size : 9,162  |  Testing size: 14,910  |  Features: 15
2026-03-21 03:49:15 | INFO | Firing up Parallel execution for 100 cluster configs...
2026-03-21 03:49:47 | INFO | [ncluster=1/1] AUC-ROC=nan%  AUC-PR=0.00%  F1=0.0000  MCC=0.0000  Train=0.008s  Test=0.003s  Peak RAM=3.894 MB
2026-03-21 03:49:47 | INFO | [ncluster=4/4] AUC-ROC=nan%  AUC-PR=0.00%  F1=0.0000  MCC=0.0000  Train=0.008s  Test=0.003s  Peak RAM=3.895 MB
2026-03-21 03:49:47 | INFO | [ncluster=7/7] AUC-ROC=nan%  AUC-PR=0.00%  F1=0.0000  MCC=0.0000  Train=0.017s  Test=0.007s  Peak RAM=3.895 MB
2026-03-21 03:49:47 | INFO | [ncluster=10/10] AUC-ROC=nan%  AUC-PR=0.00%  F1=0.0000  MCC=0.0000  Train=0.009s  Test=0.003s  Peak RAM=3.896 MB
2026-03-21 03:49:47 | INFO | [ncluster=13/13] AUC-ROC=nan%  AUC-PR=0.00%  F1=0.0000  MCC=0.0000  Train=0.009s  Test=0.004s  Peak RAM=3.895 MB
2026-03-21 03:49:47 | INFO | [ncluster=16/16] AUC-ROC=nan%  AUC-PR=0.00%  F1=0.0000  MCC=0.0000  Train=0.009s  Test=0.003s  Peak RAM=3.895 MB
2026-03-21 03:49:47 | INFO | [ncluster=19/19] AUC-ROC=nan%  AUC-PR=0.00%  F1=0.0000  MCC=0.0000  Train=0.010s  Test=0.003s  Peak RAM=3.896 MB
2026-03-21 03:49:47 | INFO | [ncluster=22/22] AUC-ROC=nan%  AUC-PR=0.00%  F1=0.0000  MCC=0.0000  Train=0.010s  Test=0.004s  Peak RAM=3.896 MB
2026-03-21 03:49:47 | INFO | [ncluster=25/25] AUC-ROC=nan%  AUC-PR=0.00%  F1=0.0000  MCC=0.0000  Train=0.010s  Test=0.003s  Peak RAM=3.896 MB
2026-03-21 03:49:47 | INFO | [ncluster=28/28] AUC-ROC=nan%  AUC-PR=0.00%  F1=0.0000  MCC=0.0000  Train=0.010s  Test=0.004s  Peak RAM=3.896 MB
2026-03-21 03:49:47 | INFO | [ncluster=31/31] AUC-ROC=nan%  AUC-PR=0.00%  F1=0.0000  MCC=0.0000  Train=0.010s  Test=0.004s  Peak RAM=3.897 MB
2026-03-21 03:49:47 | INFO | [ncluster=34/34] AUC-ROC=nan%  AUC-PR=0.00%  F1=0.0000  MCC=0.0000  Train=0.011s  Test=0.003s  Peak RAM=3.897 MB
2026-03-21 03:49:47 | INFO | [ncluster=37/37] AUC-ROC=nan%  AUC-PR=0.00%  F1=0.0000  MCC=0.0000  Train=0.011s  Test=0.004s  Peak RAM=3.897 MB
2026-03-21 03:49:47 | INFO | [ncluster=40/40] AUC-ROC=nan%  AUC-PR=0.00%  F1=0.0000  MCC=0.0000  Train=0.011s  Test=0.008s  Peak RAM=3.897 MB
2026-03-21 03:49:47 | INFO | [ncluster=43/43] AUC-ROC=nan%  AUC-PR=0.00%  F1=0.0000  MCC=0.0000  Train=0.012s  Test=0.004s  Peak RAM=3.897 MB
2026-03-21 03:49:47 | INFO | [ncluster=46/46] AUC-ROC=nan%  AUC-PR=0.00%  F1=0.0000  MCC=0.0000  Train=0.012s  Test=0.004s  Peak RAM=3.898 MB
2026-03-21 03:49:47 | INFO | [ncluster=49/49] AUC-ROC=nan%  AUC-PR=0.00%  F1=0.0000  MCC=0.0000  Train=0.012s  Test=0.003s  Peak RAM=3.897 MB
2026-03-21 03:49:47 | INFO | [ncluster=52/52] AUC-ROC=nan%  AUC-PR=0.00%  F1=0.0000  MCC=0.0000  Train=0.013s  Test=0.004s  Peak RAM=3.898 MB
2026-03-21 03:49:47 | INFO | [ncluster=55/55] AUC-ROC=nan%  AUC-PR=0.00%  F1=0.0000  MCC=0.0000  Train=0.013s  Test=0.005s  Peak RAM=3.898 MB
2026-03-21 03:49:47 | INFO | [ncluster=58/58] AUC-ROC=nan%  AUC-PR=0.00%  F1=0.0000  MCC=0.0000  Train=0.026s  Test=0.010s  Peak RAM=3.897 MB
2026-03-21 03:49:47 | INFO | [ncluster=61/61] AUC-ROC=nan%  AUC-PR=0.00%  F1=0.0000  MCC=0.0000  Train=0.013s  Test=0.004s  Peak RAM=3.897 MB
2026-03-21 03:49:47 | INFO | [ncluster=64/64] AUC-ROC=nan%  AUC-PR=0.00%  F1=0.0000  MCC=0.0000  Train=0.013s  Test=0.003s  Peak RAM=3.898 MB
2026-03-21 03:49:47 | INFO | [ncluster=67/67] AUC-ROC=nan%  AUC-PR=0.00%  F1=0.0000  MCC=0.0000  Train=0.014s  Test=0.004s  Peak RAM=3.9 MB
2026-03-21 03:49:47 | INFO | [ncluster=70/70] AUC-ROC=nan%  AUC-PR=0.00%  F1=0.0000  MCC=0.0000  Train=0.014s  Test=0.005s  Peak RAM=3.898 MB
2026-03-21 03:49:47 | INFO | [ncluster=73/73] AUC-ROC=nan%  AUC-PR=0.00%  F1=0.0000  MCC=0.0000  Train=0.030s  Test=0.007s  Peak RAM=3.899 MB
2026-03-21 03:49:47 | INFO | [ncluster=76/76] AUC-ROC=nan%  AUC-PR=0.00%  F1=0.0000  MCC=0.0000  Train=0.014s  Test=0.004s  Peak RAM=3.897 MB
2026-03-21 03:49:47 | INFO | [ncluster=79/79] AUC-ROC=nan%  AUC-PR=0.00%  F1=0.0000  MCC=0.0000  Train=0.031s  Test=0.011s  Peak RAM=3.899 MB
2026-03-21 03:49:47 | INFO | [ncluster=82/82] AUC-ROC=nan%  AUC-PR=0.00%  F1=0.0000  MCC=0.0000  Train=0.015s  Test=0.004s  Peak RAM=3.897 MB
2026-03-21 03:49:47 | INFO | [ncluster=85/85] AUC-ROC=nan%  AUC-PR=0.00%  F1=0.0000  MCC=0.0000  Train=0.031s  Test=0.011s  Peak RAM=3.9 MB
2026-03-21 03:49:47 | INFO | [ncluster=88/88] AUC-ROC=nan%  AUC-PR=0.00%  F1=0.0000  MCC=0.0000  Train=0.016s  Test=0.004s  Peak RAM=3.898 MB
2026-03-21 03:49:47 | INFO | [ncluster=91/91] AUC-ROC=nan%  AUC-PR=0.00%  F1=0.0000  MCC=0.0000  Train=0.016s  Test=0.004s  Peak RAM=3.899 MB
2026-03-21 03:49:47 | INFO | [ncluster=94/94] AUC-ROC=nan%  AUC-PR=0.00%  F1=0.0000  MCC=0.0000  Train=0.015s  Test=0.005s  Peak RAM=3.897 MB
2026-03-21 03:49:47 | INFO | [ncluster=97/97] AUC-ROC=nan%  AUC-PR=0.00%  F1=0.0000  MCC=0.0000  Train=0.017s  Test=0.004s  Peak RAM=3.9 MB
2026-03-21 03:49:47 | INFO | [ncluster=100/100] AUC-ROC=nan%  AUC-PR=0.00%  F1=0.0000  MCC=0.0000  Train=0.017s  Test=0.005s  Peak RAM=3.898 MB
2026-03-21 03:49:47 | INFO | [ncluster=103/103] AUC-ROC=nan%  AUC-PR=0.00%  F1=0.0000  MCC=0.0000  Train=0.017s  Test=0.005s  Peak RAM=3.901 MB
2026-03-21 03:49:47 | INFO | [ncluster=106/106] AUC-ROC=nan%  AUC-PR=0.00%  F1=0.0000  MCC=0.0000  Train=0.018s  Test=0.004s  Peak RAM=3.899 MB
2026-03-21 03:49:47 | INFO | [ncluster=109/109] AUC-ROC=nan%  AUC-PR=0.00%  F1=0.0000  MCC=0.0000  Train=0.018s  Test=0.005s  Peak RAM=3.902 MB
2026-03-21 03:49:47 | INFO | [ncluster=112/112] AUC-ROC=nan%  AUC-PR=0.00%  F1=0.0000  MCC=0.0000  Train=0.018s  Test=0.004s  Peak RAM=3.9 MB
2026-03-21 03:49:47 | INFO | [ncluster=115/115] AUC-ROC=nan%  AUC-PR=0.00%  F1=0.0000  MCC=0.0000  Train=0.017s  Test=0.005s  Peak RAM=3.902 MB
2026-03-21 03:49:47 | INFO | [ncluster=118/118] AUC-ROC=nan%  AUC-PR=0.00%  F1=0.0000  MCC=0.0000  Train=0.017s  Test=0.005s  Peak RAM=3.899 MB
2026-03-21 03:49:47 | INFO | [ncluster=121/121] AUC-ROC=nan%  AUC-PR=0.00%  F1=0.0000  MCC=0.0000  Train=0.019s  Test=0.005s  Peak RAM=3.901 MB
2026-03-21 03:49:47 | INFO | [ncluster=124/124] AUC-ROC=nan%  AUC-PR=0.00%  F1=0.0000  MCC=0.0000  Train=0.038s  Test=0.011s  Peak RAM=3.9 MB
2026-03-21 03:49:47 | INFO | [ncluster=127/127] AUC-ROC=nan%  AUC-PR=0.00%  F1=0.0000  MCC=0.0000  Train=0.020s  Test=0.006s  Peak RAM=3.902 MB
2026-03-21 03:49:47 | INFO | [ncluster=130/130] AUC-ROC=nan%  AUC-PR=0.00%  F1=0.0000  MCC=0.0000  Train=0.020s  Test=0.005s  Peak RAM=3.9 MB
2026-03-21 03:49:47 | INFO | [ncluster=133/133] AUC-ROC=nan%  AUC-PR=0.00%  F1=0.0000  MCC=0.0000  Train=0.020s  Test=0.005s  Peak RAM=3.903 MB
2026-03-21 03:49:47 | INFO | [ncluster=136/136] AUC-ROC=nan%  AUC-PR=0.00%  F1=0.0000  MCC=0.0000  Train=0.020s  Test=0.004s  Peak RAM=3.9 MB
2026-03-21 03:49:47 | INFO | [ncluster=139/139] AUC-ROC=nan%  AUC-PR=0.00%  F1=0.0000  MCC=0.0000  Train=0.020s  Test=0.005s  Peak RAM=3.904 MB
2026-03-21 03:49:47 | INFO | [ncluster=142/142] AUC-ROC=nan%  AUC-PR=0.00%  F1=0.0000  MCC=0.0000  Train=0.019s  Test=0.009s  Peak RAM=3.901 MB
2026-03-21 03:49:47 | INFO | [ncluster=145/145] AUC-ROC=nan%  AUC-PR=0.00%  F1=0.0000  MCC=0.0000  Train=0.021s  Test=0.005s  Peak RAM=3.903 MB
2026-03-21 03:49:47 | INFO | [ncluster=148/148] AUC-ROC=nan%  AUC-PR=0.00%  F1=0.0000  MCC=0.0000  Train=0.022s  Test=0.005s  Peak RAM=3.902 MB
2026-03-21 03:49:47 | INFO | [ncluster=151/151] AUC-ROC=nan%  AUC-PR=0.00%  F1=0.0000  MCC=0.0000  Train=0.022s  Test=0.006s  Peak RAM=3.903 MB
2026-03-21 03:49:47 | INFO | [ncluster=154/154] AUC-ROC=nan%  AUC-PR=0.00%  F1=0.0000  MCC=0.0000  Train=0.022s  Test=0.005s  Peak RAM=3.901 MB
2026-03-21 03:49:47 | INFO | [ncluster=157/157] AUC-ROC=nan%  AUC-PR=0.00%  F1=0.0000  MCC=0.0000  Train=0.021s  Test=0.006s  Peak RAM=3.905 MB
2026-03-21 03:49:47 | INFO | [ncluster=160/160] AUC-ROC=nan%  AUC-PR=0.00%  F1=0.0000  MCC=0.0000  Train=0.021s  Test=0.005s  Peak RAM=3.902 MB
2026-03-21 03:49:47 | INFO | [ncluster=163/163] AUC-ROC=nan%  AUC-PR=0.00%  F1=0.0000  MCC=0.0000  Train=0.023s  Test=0.005s  Peak RAM=3.905 MB
2026-03-21 03:49:47 | INFO | [ncluster=166/166] AUC-ROC=nan%  AUC-PR=0.00%  F1=0.0000  MCC=0.0000  Train=0.023s  Test=0.006s  Peak RAM=3.902 MB
2026-03-21 03:49:47 | INFO | [ncluster=169/169] AUC-ROC=nan%  AUC-PR=0.00%  F1=0.0000  MCC=0.0000  Train=0.021s  Test=0.005s  Peak RAM=3.905 MB
2026-03-21 03:49:47 | INFO | [ncluster=172/172] AUC-ROC=nan%  AUC-PR=0.00%  F1=0.0000  MCC=0.0000  Train=0.021s  Test=0.005s  Peak RAM=3.903 MB
2026-03-21 03:49:47 | INFO | [ncluster=175/175] AUC-ROC=nan%  AUC-PR=0.00%  F1=0.0000  MCC=0.0000  Train=0.026s  Test=0.012s  Peak RAM=3.906 MB
2026-03-21 03:49:47 | INFO | [ncluster=178/178] AUC-ROC=nan%  AUC-PR=0.00%  F1=0.0000  MCC=0.0000  Train=0.030s  Test=0.005s  Peak RAM=3.903 MB
2026-03-21 03:49:47 | INFO | [ncluster=181/181] AUC-ROC=nan%  AUC-PR=0.00%  F1=0.0000  MCC=0.0000  Train=0.031s  Test=0.006s  Peak RAM=3.907 MB
2026-03-21 03:49:47 | INFO | [ncluster=184/184] AUC-ROC=nan%  AUC-PR=0.00%  F1=0.0000  MCC=0.0000  Train=0.025s  Test=0.005s  Peak RAM=3.903 MB
2026-03-21 03:49:47 | INFO | [ncluster=187/187] AUC-ROC=nan%  AUC-PR=0.00%  F1=0.0000  MCC=0.0000  Train=0.031s  Test=0.006s  Peak RAM=3.906 MB
2026-03-21 03:49:47 | INFO | [ncluster=190/190] AUC-ROC=nan%  AUC-PR=0.00%  F1=0.0000  MCC=0.0000  Train=0.025s  Test=0.009s  Peak RAM=3.904 MB
2026-03-21 03:49:47 | INFO | [ncluster=193/193] AUC-ROC=nan%  AUC-PR=0.00%  F1=0.0000  MCC=0.0000  Train=0.026s  Test=0.005s  Peak RAM=3.906 MB
2026-03-21 03:49:47 | INFO | [ncluster=196/196] AUC-ROC=nan%  AUC-PR=0.00%  F1=0.0000  MCC=0.0000  Train=0.026s  Test=0.006s  Peak RAM=3.904 MB
2026-03-21 03:49:47 | INFO | [ncluster=199/199] AUC-ROC=nan%  AUC-PR=0.00%  F1=0.0000  MCC=0.0000  Train=0.026s  Test=0.006s  Peak RAM=3.907 MB
2026-03-21 03:49:47 | INFO | [ncluster=202/202] AUC-ROC=nan%  AUC-PR=0.00%  F1=0.0000  MCC=0.0000  Train=0.026s  Test=0.006s  Peak RAM=3.905 MB
2026-03-21 03:49:47 | INFO | [ncluster=205/205] AUC-ROC=nan%  AUC-PR=0.00%  F1=0.0000  MCC=0.0000  Train=0.027s  Test=0.006s  Peak RAM=3.908 MB
2026-03-21 03:49:47 | INFO | [ncluster=208/208] AUC-ROC=nan%  AUC-PR=0.00%  F1=0.0000  MCC=0.0000  Train=0.025s  Test=0.005s  Peak RAM=3.905 MB
2026-03-21 03:49:47 | INFO | [ncluster=211/211] AUC-ROC=nan%  AUC-PR=0.00%  F1=0.0000  MCC=0.0000  Train=0.027s  Test=0.006s  Peak RAM=3.91 MB
2026-03-21 03:49:47 | INFO | [ncluster=214/214] AUC-ROC=nan%  AUC-PR=0.00%  F1=0.0000  MCC=0.0000  Train=0.027s  Test=0.007s  Peak RAM=3.907 MB
2026-03-21 03:49:47 | INFO | [ncluster=217/217] AUC-ROC=nan%  AUC-PR=0.00%  F1=0.0000  MCC=0.0000  Train=0.028s  Test=0.006s  Peak RAM=3.908 MB
2026-03-21 03:49:47 | INFO | [ncluster=220/220] AUC-ROC=nan%  AUC-PR=0.00%  F1=0.0000  MCC=0.0000  Train=0.026s  Test=0.006s  Peak RAM=3.907 MB
2026-03-21 03:49:47 | INFO | [ncluster=223/223] AUC-ROC=nan%  AUC-PR=0.00%  F1=0.0000  MCC=0.0000  Train=0.026s  Test=0.006s  Peak RAM=3.908 MB
2026-03-21 03:49:47 | INFO | [ncluster=226/226] AUC-ROC=nan%  AUC-PR=0.00%  F1=0.0000  MCC=0.0000  Train=0.060s  Test=0.012s  Peak RAM=3.908 MB
2026-03-21 03:49:47 | INFO | [ncluster=229/229] AUC-ROC=nan%  AUC-PR=0.00%  F1=0.0000  MCC=0.0000  Train=0.028s  Test=0.007s  Peak RAM=3.909 MB
2026-03-21 03:49:47 | INFO | [ncluster=232/232] AUC-ROC=nan%  AUC-PR=0.00%  F1=0.0000  MCC=0.0000  Train=0.027s  Test=0.006s  Peak RAM=3.91 MB
2026-03-21 03:49:47 | INFO | [ncluster=235/235] AUC-ROC=nan%  AUC-PR=0.00%  F1=0.0000  MCC=0.0000  Train=0.029s  Test=0.006s  Peak RAM=3.909 MB
2026-03-21 03:49:47 | INFO | [ncluster=238/238] AUC-ROC=nan%  AUC-PR=0.00%  F1=0.0000  MCC=0.0000  Train=0.030s  Test=0.007s  Peak RAM=3.91 MB
2026-03-21 03:49:47 | INFO | [ncluster=241/241] AUC-ROC=nan%  AUC-PR=0.00%  F1=0.0000  MCC=0.0000  Train=0.030s  Test=0.006s  Peak RAM=3.909 MB
2026-03-21 03:49:47 | INFO | [ncluster=244/244] AUC-ROC=nan%  AUC-PR=0.00%  F1=0.0000  MCC=0.0000  Train=0.030s  Test=0.007s  Peak RAM=3.911 MB
2026-03-21 03:49:47 | INFO | [ncluster=247/247] AUC-ROC=nan%  AUC-PR=0.00%  F1=0.0000  MCC=0.0000  Train=0.031s  Test=0.007s  Peak RAM=3.91 MB
2026-03-21 03:49:47 | INFO | [ncluster=250/250] AUC-ROC=nan%  AUC-PR=0.00%  F1=0.0000  MCC=0.0000  Train=0.031s  Test=0.006s  Peak RAM=3.91 MB
2026-03-21 03:49:47 | INFO | [ncluster=253/253] AUC-ROC=nan%  AUC-PR=0.00%  F1=0.0000  MCC=0.0000  Train=0.027s  Test=0.007s  Peak RAM=3.911 MB
2026-03-21 03:49:47 | INFO | [ncluster=256/256] AUC-ROC=nan%  AUC-PR=0.00%  F1=0.0000  MCC=0.0000  Train=0.031s  Test=0.006s  Peak RAM=3.91 MB
2026-03-21 03:49:47 | INFO | [ncluster=259/259] AUC-ROC=nan%  AUC-PR=0.00%  F1=0.0000  MCC=0.0000  Train=0.029s  Test=0.007s  Peak RAM=3.912 MB
2026-03-21 03:49:47 | INFO | [ncluster=262/262] AUC-ROC=nan%  AUC-PR=0.00%  F1=0.0000  MCC=0.0000  Train=0.032s  Test=0.010s  Peak RAM=3.911 MB
2026-03-21 03:49:47 | INFO | [ncluster=265/265] AUC-ROC=nan%  AUC-PR=0.00%  F1=0.0000  MCC=0.0000  Train=0.032s  Test=0.006s  Peak RAM=3.911 MB
2026-03-21 03:49:47 | INFO | [ncluster=268/268] AUC-ROC=nan%  AUC-PR=0.00%  F1=0.0000  MCC=0.0000  Train=0.031s  Test=0.007s  Peak RAM=3.911 MB
2026-03-21 03:49:47 | INFO | [ncluster=271/271] AUC-ROC=nan%  AUC-PR=0.00%  F1=0.0000  MCC=0.0000  Train=0.031s  Test=0.007s  Peak RAM=3.913 MB
2026-03-21 03:49:47 | INFO | [ncluster=274/274] AUC-ROC=nan%  AUC-PR=0.00%  F1=0.0000  MCC=0.0000  Train=0.021s  Test=0.005s  Peak RAM=3.911 MB
2026-03-21 03:49:47 | INFO | [ncluster=277/277] AUC-ROC=nan%  AUC-PR=0.00%  F1=0.0000  MCC=0.0000  Train=0.033s  Test=0.007s  Peak RAM=3.911 MB
2026-03-21 03:49:47 | INFO | [ncluster=280/280] AUC-ROC=nan%  AUC-PR=0.00%  F1=0.0000  MCC=0.0000  Train=0.033s  Test=0.006s  Peak RAM=3.913 MB
2026-03-21 03:49:47 | INFO | [ncluster=283/283] AUC-ROC=nan%  AUC-PR=0.00%  F1=0.0000  MCC=0.0000  Train=0.022s  Test=0.005s  Peak RAM=3.912 MB
2026-03-21 03:49:47 | INFO | [ncluster=286/286] AUC-ROC=nan%  AUC-PR=0.00%  F1=0.0000  MCC=0.0000  Train=0.022s  Test=0.006s  Peak RAM=3.913 MB
2026-03-21 03:49:47 | INFO | [ncluster=289/289] AUC-ROC=nan%  AUC-PR=0.00%  F1=0.0000  MCC=0.0000  Train=0.022s  Test=0.005s  Peak RAM=3.914 MB
2026-03-21 03:49:47 | INFO | [ncluster=292/292] AUC-ROC=nan%  AUC-PR=0.00%  F1=0.0000  MCC=0.0000  Train=0.022s  Test=0.005s  Peak RAM=3.913 MB
2026-03-21 03:49:47 | INFO | [ncluster=295/295] AUC-ROC=nan%  AUC-PR=0.00%  F1=0.0000  MCC=0.0000  Train=0.022s  Test=0.006s  Peak RAM=3.913 MB
2026-03-21 03:49:47 | INFO | [ncluster=298/298] AUC-ROC=nan%  AUC-PR=0.00%  F1=0.0000  MCC=0.0000  Train=0.022s  Test=0.005s  Peak RAM=3.913 MB
2026-03-21 03:49:47 | INFO | --- noise=3% ---
2026-03-21 03:49:47 | INFO | ============================================================
2026-03-21 03:49:47 | INFO | Dataset  : Train_Normalizer_data_BoTIoT.csv
2026-03-21 03:49:47 | INFO | Scaler   : Normalizer
2026-03-21 03:49:47 | INFO | Noise    : 3%
2026-03-21 03:49:47 | INFO | nClusters: 100 values (1..298)
2026-03-21 03:49:47 | INFO | ============================================================
2026-03-21 03:49:47 | INFO | Loaded Raw Shape -> Train: (9072, 27), Test: (15000, 27)
2026-03-21 03:49:47 | INFO | Dropped metadata features: ['pkSeqID', 'stime', 'ltime', 'seq', 'saddr', 'daddr', 'sport', 'dport', 'state', 'flgs', 'proto']
2026-03-21 03:49:47 | INFO | Dropped metadata features: ['pkSeqID', 'stime', 'ltime', 'seq', 'saddr', 'daddr', 'sport', 'dport', 'state', 'flgs', 'proto']
2026-03-21 03:49:47 | INFO | Training size : 9,344  |  Testing size: 14,728  |  Features: 15
2026-03-21 03:49:47 | INFO | Firing up Parallel execution for 100 cluster configs...
2026-03-21 03:50:20 | INFO | [ncluster=1/1] AUC-ROC=nan%  AUC-PR=0.00%  F1=0.0000  MCC=0.0000  Train=0.008s  Test=0.003s  Peak RAM=3.971 MB
2026-03-21 03:50:20 | INFO | [ncluster=4/4] AUC-ROC=nan%  AUC-PR=0.00%  F1=0.0000  MCC=0.0000  Train=0.008s  Test=0.003s  Peak RAM=3.972 MB
2026-03-21 03:50:20 | INFO | [ncluster=7/7] AUC-ROC=nan%  AUC-PR=0.00%  F1=0.0000  MCC=0.0000  Train=0.008s  Test=0.004s  Peak RAM=3.971 MB
2026-03-21 03:50:20 | INFO | [ncluster=10/10] AUC-ROC=nan%  AUC-PR=0.00%  F1=0.0000  MCC=0.0000  Train=0.010s  Test=0.003s  Peak RAM=3.972 MB
2026-03-21 03:50:20 | INFO | [ncluster=13/13] AUC-ROC=nan%  AUC-PR=0.00%  F1=0.0000  MCC=0.0000  Train=0.009s  Test=0.004s  Peak RAM=3.971 MB
2026-03-21 03:50:20 | INFO | [ncluster=16/16] AUC-ROC=nan%  AUC-PR=0.00%  F1=0.0000  MCC=0.0000  Train=0.009s  Test=0.003s  Peak RAM=3.973 MB
2026-03-21 03:50:20 | INFO | [ncluster=19/19] AUC-ROC=nan%  AUC-PR=0.00%  F1=0.0000  MCC=0.0000  Train=0.010s  Test=0.003s  Peak RAM=3.973 MB
2026-03-21 03:50:20 | INFO | [ncluster=22/22] AUC-ROC=nan%  AUC-PR=0.00%  F1=0.0000  MCC=0.0000  Train=0.010s  Test=0.004s  Peak RAM=3.974 MB
2026-03-21 03:50:20 | INFO | [ncluster=25/25] AUC-ROC=nan%  AUC-PR=0.00%  F1=0.0000  MCC=0.0000  Train=0.010s  Test=0.003s  Peak RAM=3.973 MB
2026-03-21 03:50:20 | INFO | [ncluster=28/28] AUC-ROC=nan%  AUC-PR=0.00%  F1=0.0000  MCC=0.0000  Train=0.010s  Test=0.004s  Peak RAM=3.973 MB
2026-03-21 03:50:20 | INFO | [ncluster=31/31] AUC-ROC=nan%  AUC-PR=0.00%  F1=0.0000  MCC=0.0000  Train=0.010s  Test=0.004s  Peak RAM=3.974 MB
2026-03-21 03:50:20 | INFO | [ncluster=34/34] AUC-ROC=nan%  AUC-PR=0.00%  F1=0.0000  MCC=0.0000  Train=0.010s  Test=0.003s  Peak RAM=3.973 MB
2026-03-21 03:50:20 | INFO | [ncluster=37/37] AUC-ROC=nan%  AUC-PR=0.00%  F1=0.0000  MCC=0.0000  Train=0.011s  Test=0.004s  Peak RAM=3.975 MB
2026-03-21 03:50:20 | INFO | [ncluster=40/40] AUC-ROC=nan%  AUC-PR=0.00%  F1=0.0000  MCC=0.0000  Train=0.011s  Test=0.003s  Peak RAM=3.974 MB
2026-03-21 03:50:20 | INFO | [ncluster=43/43] AUC-ROC=nan%  AUC-PR=0.00%  F1=0.0000  MCC=0.0000  Train=0.012s  Test=0.004s  Peak RAM=3.974 MB
2026-03-21 03:50:20 | INFO | [ncluster=46/46] AUC-ROC=nan%  AUC-PR=0.00%  F1=0.0000  MCC=0.0000  Train=0.012s  Test=0.004s  Peak RAM=3.974 MB
2026-03-21 03:50:20 | INFO | [ncluster=49/49] AUC-ROC=nan%  AUC-PR=0.00%  F1=0.0000  MCC=0.0000  Train=0.013s  Test=0.004s  Peak RAM=3.974 MB
2026-03-21 03:50:20 | INFO | [ncluster=52/52] AUC-ROC=nan%  AUC-PR=0.00%  F1=0.0000  MCC=0.0000  Train=0.012s  Test=0.004s  Peak RAM=3.975 MB
2026-03-21 03:50:20 | INFO | [ncluster=55/55] AUC-ROC=nan%  AUC-PR=0.00%  F1=0.0000  MCC=0.0000  Train=0.013s  Test=0.005s  Peak RAM=3.975 MB
2026-03-21 03:50:20 | INFO | [ncluster=58/58] AUC-ROC=nan%  AUC-PR=0.00%  F1=0.0000  MCC=0.0000  Train=0.013s  Test=0.004s  Peak RAM=3.977 MB
2026-03-21 03:50:20 | INFO | [ncluster=61/61] AUC-ROC=nan%  AUC-PR=0.00%  F1=0.0000  MCC=0.0000  Train=0.013s  Test=0.004s  Peak RAM=3.975 MB
2026-03-21 03:50:20 | INFO | [ncluster=64/64] AUC-ROC=nan%  AUC-PR=0.00%  F1=0.0000  MCC=0.0000  Train=0.014s  Test=0.003s  Peak RAM=3.974 MB
2026-03-21 03:50:20 | INFO | [ncluster=67/67] AUC-ROC=nan%  AUC-PR=0.00%  F1=0.0000  MCC=0.0000  Train=0.013s  Test=0.004s  Peak RAM=3.976 MB
2026-03-21 03:50:20 | INFO | [ncluster=70/70] AUC-ROC=nan%  AUC-PR=0.00%  F1=0.0000  MCC=0.0000  Train=0.020s  Test=0.005s  Peak RAM=3.977 MB
2026-03-21 03:50:20 | INFO | [ncluster=73/73] AUC-ROC=nan%  AUC-PR=0.00%  F1=0.0000  MCC=0.0000  Train=0.014s  Test=0.004s  Peak RAM=3.977 MB
2026-03-21 03:50:20 | INFO | [ncluster=76/76] AUC-ROC=nan%  AUC-PR=0.00%  F1=0.0000  MCC=0.0000  Train=0.015s  Test=0.004s  Peak RAM=3.974 MB
2026-03-21 03:50:20 | INFO | [ncluster=79/79] AUC-ROC=nan%  AUC-PR=0.00%  F1=0.0000  MCC=0.0000  Train=0.014s  Test=0.005s  Peak RAM=3.977 MB
2026-03-21 03:50:20 | INFO | [ncluster=82/82] AUC-ROC=nan%  AUC-PR=0.00%  F1=0.0000  MCC=0.0000  Train=0.016s  Test=0.004s  Peak RAM=3.974 MB
2026-03-21 03:50:20 | INFO | [ncluster=85/85] AUC-ROC=nan%  AUC-PR=0.00%  F1=0.0000  MCC=0.0000  Train=0.034s  Test=0.008s  Peak RAM=3.977 MB
2026-03-21 03:50:20 | INFO | [ncluster=88/88] AUC-ROC=nan%  AUC-PR=0.00%  F1=0.0000  MCC=0.0000  Train=0.034s  Test=0.007s  Peak RAM=3.974 MB
2026-03-21 03:50:20 | INFO | [ncluster=91/91] AUC-ROC=nan%  AUC-PR=0.00%  F1=0.0000  MCC=0.0000  Train=0.016s  Test=0.004s  Peak RAM=3.977 MB
2026-03-21 03:50:20 | INFO | [ncluster=94/94] AUC-ROC=nan%  AUC-PR=0.00%  F1=0.0000  MCC=0.0000  Train=0.017s  Test=0.005s  Peak RAM=3.975 MB
2026-03-21 03:50:20 | INFO | [ncluster=97/97] AUC-ROC=nan%  AUC-PR=0.00%  F1=0.0000  MCC=0.0000  Train=0.017s  Test=0.004s  Peak RAM=3.978 MB
2026-03-21 03:50:20 | INFO | [ncluster=100/100] AUC-ROC=nan%  AUC-PR=0.00%  F1=0.0000  MCC=0.0000  Train=0.017s  Test=0.005s  Peak RAM=3.976 MB
2026-03-21 03:50:20 | INFO | [ncluster=103/103] AUC-ROC=nan%  AUC-PR=0.00%  F1=0.0000  MCC=0.0000  Train=0.016s  Test=0.005s  Peak RAM=3.978 MB
2026-03-21 03:50:20 | INFO | [ncluster=106/106] AUC-ROC=nan%  AUC-PR=0.00%  F1=0.0000  MCC=0.0000  Train=0.018s  Test=0.004s  Peak RAM=3.975 MB
2026-03-21 03:50:20 | INFO | [ncluster=109/109] AUC-ROC=nan%  AUC-PR=0.00%  F1=0.0000  MCC=0.0000  Train=0.018s  Test=0.005s  Peak RAM=3.979 MB
2026-03-21 03:50:20 | INFO | [ncluster=112/112] AUC-ROC=nan%  AUC-PR=0.00%  F1=0.0000  MCC=0.0000  Train=0.018s  Test=0.004s  Peak RAM=3.976 MB
2026-03-21 03:50:20 | INFO | [ncluster=115/115] AUC-ROC=nan%  AUC-PR=0.00%  F1=0.0000  MCC=0.0000  Train=0.019s  Test=0.005s  Peak RAM=3.98 MB
2026-03-21 03:50:20 | INFO | [ncluster=118/118] AUC-ROC=nan%  AUC-PR=0.00%  F1=0.0000  MCC=0.0000  Train=0.019s  Test=0.005s  Peak RAM=3.978 MB
2026-03-21 03:50:20 | INFO | [ncluster=121/121] AUC-ROC=nan%  AUC-PR=0.00%  F1=0.0000  MCC=0.0000  Train=0.019s  Test=0.005s  Peak RAM=3.979 MB
2026-03-21 03:50:20 | INFO | [ncluster=124/124] AUC-ROC=nan%  AUC-PR=0.00%  F1=0.0000  MCC=0.0000  Train=0.018s  Test=0.005s  Peak RAM=3.977 MB
2026-03-21 03:50:20 | INFO | [ncluster=127/127] AUC-ROC=nan%  AUC-PR=0.00%  F1=0.0000  MCC=0.0000  Train=0.018s  Test=0.005s  Peak RAM=3.98 MB
2026-03-21 03:50:20 | INFO | [ncluster=130/130] AUC-ROC=nan%  AUC-PR=0.00%  F1=0.0000  MCC=0.0000  Train=0.018s  Test=0.004s  Peak RAM=3.977 MB
2026-03-21 03:50:20 | INFO | [ncluster=133/133] AUC-ROC=nan%  AUC-PR=0.00%  F1=0.0000  MCC=0.0000  Train=0.035s  Test=0.008s  Peak RAM=3.98 MB
2026-03-21 03:50:20 | INFO | [ncluster=136/136] AUC-ROC=nan%  AUC-PR=0.00%  F1=0.0000  MCC=0.0000  Train=0.021s  Test=0.004s  Peak RAM=3.978 MB
2026-03-21 03:50:20 | INFO | [ncluster=139/139] AUC-ROC=nan%  AUC-PR=0.00%  F1=0.0000  MCC=0.0000  Train=0.021s  Test=0.005s  Peak RAM=3.981 MB
2026-03-21 03:50:20 | INFO | [ncluster=142/142] AUC-ROC=nan%  AUC-PR=0.00%  F1=0.0000  MCC=0.0000  Train=0.040s  Test=0.006s  Peak RAM=3.978 MB
2026-03-21 03:50:20 | INFO | [ncluster=145/145] AUC-ROC=nan%  AUC-PR=0.00%  F1=0.0000  MCC=0.0000  Train=0.021s  Test=0.005s  Peak RAM=3.981 MB
2026-03-21 03:50:20 | INFO | [ncluster=148/148] AUC-ROC=nan%  AUC-PR=0.00%  F1=0.0000  MCC=0.0000  Train=0.042s  Test=0.012s  Peak RAM=3.979 MB
2026-03-21 03:50:20 | INFO | [ncluster=151/151] AUC-ROC=nan%  AUC-PR=0.00%  F1=0.0000  MCC=0.0000  Train=0.023s  Test=0.006s  Peak RAM=3.981 MB
2026-03-21 03:50:20 | INFO | [ncluster=154/154] AUC-ROC=nan%  AUC-PR=0.00%  F1=0.0000  MCC=0.0000  Train=0.042s  Test=0.011s  Peak RAM=3.979 MB
2026-03-21 03:50:20 | INFO | [ncluster=157/157] AUC-ROC=nan%  AUC-PR=0.00%  F1=0.0000  MCC=0.0000  Train=0.023s  Test=0.006s  Peak RAM=3.982 MB
2026-03-21 03:50:20 | INFO | [ncluster=160/160] AUC-ROC=nan%  AUC-PR=0.00%  F1=0.0000  MCC=0.0000  Train=0.023s  Test=0.005s  Peak RAM=3.979 MB
2026-03-21 03:50:20 | INFO | [ncluster=163/163] AUC-ROC=nan%  AUC-PR=0.00%  F1=0.0000  MCC=0.0000  Train=0.023s  Test=0.005s  Peak RAM=3.982 MB
2026-03-21 03:50:20 | INFO | [ncluster=166/166] AUC-ROC=nan%  AUC-PR=0.00%  F1=0.0000  MCC=0.0000  Train=0.023s  Test=0.006s  Peak RAM=3.98 MB
2026-03-21 03:50:20 | INFO | [ncluster=169/169] AUC-ROC=nan%  AUC-PR=0.00%  F1=0.0000  MCC=0.0000  Train=0.033s  Test=0.005s  Peak RAM=3.982 MB
2026-03-21 03:50:20 | INFO | [ncluster=172/172] AUC-ROC=nan%  AUC-PR=0.00%  F1=0.0000  MCC=0.0000  Train=0.022s  Test=0.006s  Peak RAM=3.98 MB
2026-03-21 03:50:20 | INFO | [ncluster=175/175] AUC-ROC=nan%  AUC-PR=0.00%  F1=0.0000  MCC=0.0000  Train=0.024s  Test=0.006s  Peak RAM=3.982 MB
2026-03-21 03:50:20 | INFO | [ncluster=178/178] AUC-ROC=nan%  AUC-PR=0.00%  F1=0.0000  MCC=0.0000  Train=0.024s  Test=0.005s  Peak RAM=3.98 MB
2026-03-21 03:50:20 | INFO | [ncluster=181/181] AUC-ROC=nan%  AUC-PR=0.00%  F1=0.0000  MCC=0.0000  Train=0.025s  Test=0.006s  Peak RAM=3.986 MB
2026-03-21 03:50:20 | INFO | [ncluster=184/184] AUC-ROC=nan%  AUC-PR=0.00%  F1=0.0000  MCC=0.0000  Train=0.025s  Test=0.005s  Peak RAM=3.982 MB
2026-03-21 03:50:20 | INFO | [ncluster=187/187] AUC-ROC=nan%  AUC-PR=0.00%  F1=0.0000  MCC=0.0000  Train=0.025s  Test=0.006s  Peak RAM=3.983 MB
2026-03-21 03:50:20 | INFO | [ncluster=190/190] AUC-ROC=nan%  AUC-PR=0.00%  F1=0.0000  MCC=0.0000  Train=0.044s  Test=0.006s  Peak RAM=3.98 MB
2026-03-21 03:50:20 | INFO | [ncluster=193/193] AUC-ROC=nan%  AUC-PR=0.00%  F1=0.0000  MCC=0.0000  Train=0.025s  Test=0.005s  Peak RAM=3.984 MB
2026-03-21 03:50:20 | INFO | [ncluster=196/196] AUC-ROC=nan%  AUC-PR=0.00%  F1=0.0000  MCC=0.0000  Train=0.024s  Test=0.006s  Peak RAM=3.982 MB
2026-03-21 03:50:20 | INFO | [ncluster=199/199] AUC-ROC=nan%  AUC-PR=0.00%  F1=0.0000  MCC=0.0000  Train=0.026s  Test=0.007s  Peak RAM=3.984 MB
2026-03-21 03:50:20 | INFO | [ncluster=202/202] AUC-ROC=nan%  AUC-PR=0.00%  F1=0.0000  MCC=0.0000  Train=0.027s  Test=0.006s  Peak RAM=3.982 MB
2026-03-21 03:50:20 | INFO | [ncluster=205/205] AUC-ROC=nan%  AUC-PR=0.00%  F1=0.0000  MCC=0.0000  Train=0.034s  Test=0.006s  Peak RAM=3.984 MB
2026-03-21 03:50:20 | INFO | [ncluster=208/208] AUC-ROC=nan%  AUC-PR=0.00%  F1=0.0000  MCC=0.0000  Train=0.030s  Test=0.011s  Peak RAM=3.982 MB
2026-03-21 03:50:20 | INFO | [ncluster=211/211] AUC-ROC=nan%  AUC-PR=0.00%  F1=0.0000  MCC=0.0000  Train=0.026s  Test=0.006s  Peak RAM=3.986 MB
2026-03-21 03:50:20 | INFO | [ncluster=214/214] AUC-ROC=nan%  AUC-PR=0.00%  F1=0.0000  MCC=0.0000  Train=0.042s  Test=0.010s  Peak RAM=3.983 MB
2026-03-21 03:50:20 | INFO | [ncluster=217/217] AUC-ROC=nan%  AUC-PR=0.00%  F1=0.0000  MCC=0.0000  Train=0.028s  Test=0.006s  Peak RAM=3.985 MB
2026-03-21 03:50:20 | INFO | [ncluster=220/220] AUC-ROC=nan%  AUC-PR=0.00%  F1=0.0000  MCC=0.0000  Train=0.028s  Test=0.006s  Peak RAM=3.986 MB
2026-03-21 03:50:20 | INFO | [ncluster=223/223] AUC-ROC=nan%  AUC-PR=0.00%  F1=0.0000  MCC=0.0000  Train=0.028s  Test=0.007s  Peak RAM=3.986 MB
2026-03-21 03:50:20 | INFO | [ncluster=226/226] AUC-ROC=nan%  AUC-PR=0.00%  F1=0.0000  MCC=0.0000  Train=0.062s  Test=0.012s  Peak RAM=3.986 MB
2026-03-21 03:50:20 | INFO | [ncluster=229/229] AUC-ROC=nan%  AUC-PR=0.00%  F1=0.0000  MCC=0.0000  Train=0.029s  Test=0.007s  Peak RAM=3.986 MB
2026-03-21 03:50:20 | INFO | [ncluster=232/232] AUC-ROC=nan%  AUC-PR=0.00%  F1=0.0000  MCC=0.0000  Train=0.026s  Test=0.005s  Peak RAM=3.986 MB
2026-03-21 03:50:20 | INFO | [ncluster=235/235] AUC-ROC=nan%  AUC-PR=0.00%  F1=0.0000  MCC=0.0000  Train=0.030s  Test=0.006s  Peak RAM=3.986 MB
2026-03-21 03:50:20 | INFO | [ncluster=238/238] AUC-ROC=nan%  AUC-PR=0.00%  F1=0.0000  MCC=0.0000  Train=0.030s  Test=0.007s  Peak RAM=3.989 MB
2026-03-21 03:50:20 | INFO | [ncluster=241/241] AUC-ROC=nan%  AUC-PR=0.00%  F1=0.0000  MCC=0.0000  Train=0.030s  Test=0.006s  Peak RAM=3.986 MB
2026-03-21 03:50:20 | INFO | [ncluster=244/244] AUC-ROC=nan%  AUC-PR=0.00%  F1=0.0000  MCC=0.0000  Train=0.028s  Test=0.007s  Peak RAM=3.987 MB
2026-03-21 03:50:20 | INFO | [ncluster=247/247] AUC-ROC=nan%  AUC-PR=0.00%  F1=0.0000  MCC=0.0000  Train=0.031s  Test=0.007s  Peak RAM=3.987 MB
2026-03-21 03:50:20 | INFO | [ncluster=250/250] AUC-ROC=nan%  AUC-PR=0.00%  F1=0.0000  MCC=0.0000  Train=0.030s  Test=0.006s  Peak RAM=3.988 MB
2026-03-21 03:50:20 | INFO | [ncluster=253/253] AUC-ROC=nan%  AUC-PR=0.00%  F1=0.0000  MCC=0.0000  Train=0.028s  Test=0.007s  Peak RAM=3.988 MB
2026-03-21 03:50:20 | INFO | [ncluster=256/256] AUC-ROC=nan%  AUC-PR=0.00%  F1=0.0000  MCC=0.0000  Train=0.050s  Test=0.006s  Peak RAM=3.988 MB
2026-03-21 03:50:20 | INFO | [ncluster=259/259] AUC-ROC=nan%  AUC-PR=0.00%  F1=0.0000  MCC=0.0000  Train=0.037s  Test=0.007s  Peak RAM=3.988 MB
2026-03-21 03:50:20 | INFO | [ncluster=262/262] AUC-ROC=nan%  AUC-PR=0.00%  F1=0.0000  MCC=0.0000  Train=0.032s  Test=0.007s  Peak RAM=3.988 MB
2026-03-21 03:50:20 | INFO | [ncluster=265/265] AUC-ROC=nan%  AUC-PR=0.00%  F1=0.0000  MCC=0.0000  Train=0.031s  Test=0.007s  Peak RAM=3.989 MB
2026-03-21 03:50:20 | INFO | [ncluster=268/268] AUC-ROC=nan%  AUC-PR=0.00%  F1=0.0000  MCC=0.0000  Train=0.033s  Test=0.007s  Peak RAM=3.989 MB
2026-03-21 03:50:20 | INFO | [ncluster=271/271] AUC-ROC=nan%  AUC-PR=0.00%  F1=0.0000  MCC=0.0000  Train=0.021s  Test=0.006s  Peak RAM=3.988 MB
2026-03-21 03:50:20 | INFO | [ncluster=274/274] AUC-ROC=nan%  AUC-PR=0.00%  F1=0.0000  MCC=0.0000  Train=0.033s  Test=0.007s  Peak RAM=3.989 MB
2026-03-21 03:50:20 | INFO | [ncluster=277/277] AUC-ROC=nan%  AUC-PR=0.00%  F1=0.0000  MCC=0.0000  Train=0.022s  Test=0.006s  Peak RAM=3.989 MB
2026-03-21 03:50:20 | INFO | [ncluster=280/280] AUC-ROC=nan%  AUC-PR=0.00%  F1=0.0000  MCC=0.0000  Train=0.022s  Test=0.005s  Peak RAM=3.989 MB
2026-03-21 03:50:20 | INFO | [ncluster=283/283] AUC-ROC=nan%  AUC-PR=0.00%  F1=0.0000  MCC=0.0000  Train=0.023s  Test=0.005s  Peak RAM=3.99 MB
2026-03-21 03:50:20 | INFO | [ncluster=286/286] AUC-ROC=nan%  AUC-PR=0.00%  F1=0.0000  MCC=0.0000  Train=0.022s  Test=0.006s  Peak RAM=3.99 MB
2026-03-21 03:50:20 | INFO | [ncluster=289/289] AUC-ROC=nan%  AUC-PR=0.00%  F1=0.0000  MCC=0.0000  Train=0.022s  Test=0.005s  Peak RAM=3.989 MB
2026-03-21 03:50:20 | INFO | [ncluster=292/292] AUC-ROC=nan%  AUC-PR=0.00%  F1=0.0000  MCC=0.0000  Train=0.023s  Test=0.005s  Peak RAM=3.99 MB
2026-03-21 03:50:20 | INFO | [ncluster=295/295] AUC-ROC=nan%  AUC-PR=0.00%  F1=0.0000  MCC=0.0000  Train=0.022s  Test=0.006s  Peak RAM=3.99 MB
2026-03-21 03:50:20 | INFO | [ncluster=298/298] AUC-ROC=nan%  AUC-PR=0.00%  F1=0.0000  MCC=0.0000  Train=0.022s  Test=0.005s  Peak RAM=3.992 MB
2026-03-21 03:50:20 | INFO | --- noise=5% ---
2026-03-21 03:50:20 | INFO | ============================================================
2026-03-21 03:50:20 | INFO | Dataset  : Train_Normalizer_data_BoTIoT.csv
2026-03-21 03:50:20 | INFO | Scaler   : Normalizer
2026-03-21 03:50:20 | INFO | Noise    : 5%
2026-03-21 03:50:20 | INFO | nClusters: 100 values (1..298)
2026-03-21 03:50:20 | INFO | ============================================================
2026-03-21 03:50:20 | INFO | Loaded Raw Shape -> Train: (9072, 27), Test: (15000, 27)
2026-03-21 03:50:20 | INFO | Dropped metadata features: ['pkSeqID', 'stime', 'ltime', 'seq', 'saddr', 'daddr', 'sport', 'dport', 'state', 'flgs', 'proto']
2026-03-21 03:50:20 | INFO | Dropped metadata features: ['pkSeqID', 'stime', 'ltime', 'seq', 'saddr', 'daddr', 'sport', 'dport', 'state', 'flgs', 'proto']
2026-03-21 03:50:20 | INFO | Training size : 9,525  |  Testing size: 14,547  |  Features: 15
2026-03-21 03:50:20 | INFO | Firing up Parallel execution for 100 cluster configs...
2026-03-21 03:50:52 | INFO | [ncluster=1/1] AUC-ROC=nan%  AUC-PR=0.00%  F1=0.0000  MCC=0.0000  Train=0.008s  Test=0.003s  Peak RAM=4.047 MB
2026-03-21 03:50:52 | INFO | [ncluster=4/4] AUC-ROC=nan%  AUC-PR=0.00%  F1=0.0000  MCC=0.0000  Train=0.008s  Test=0.003s  Peak RAM=4.05 MB
2026-03-21 03:50:52 | INFO | [ncluster=7/7] AUC-ROC=nan%  AUC-PR=0.00%  F1=0.0000  MCC=0.0000  Train=0.009s  Test=0.004s  Peak RAM=4.049 MB
2026-03-21 03:50:52 | INFO | [ncluster=10/10] AUC-ROC=nan%  AUC-PR=0.00%  F1=0.0000  MCC=0.0000  Train=0.009s  Test=0.003s  Peak RAM=4.049 MB
2026-03-21 03:50:52 | INFO | [ncluster=13/13] AUC-ROC=nan%  AUC-PR=0.00%  F1=0.0000  MCC=0.0000  Train=0.009s  Test=0.004s  Peak RAM=4.049 MB
2026-03-21 03:50:52 | INFO | [ncluster=16/16] AUC-ROC=nan%  AUC-PR=0.00%  F1=0.0000  MCC=0.0000  Train=0.010s  Test=0.003s  Peak RAM=4.048 MB
2026-03-21 03:50:52 | INFO | [ncluster=19/19] AUC-ROC=nan%  AUC-PR=0.00%  F1=0.0000  MCC=0.0000  Train=0.010s  Test=0.003s  Peak RAM=4.049 MB
2026-03-21 03:50:52 | INFO | [ncluster=22/22] AUC-ROC=nan%  AUC-PR=0.00%  F1=0.0000  MCC=0.0000  Train=0.010s  Test=0.004s  Peak RAM=4.049 MB
2026-03-21 03:50:52 | INFO | [ncluster=25/25] AUC-ROC=nan%  AUC-PR=0.00%  F1=0.0000  MCC=0.0000  Train=0.010s  Test=0.003s  Peak RAM=4.05 MB
2026-03-21 03:50:52 | INFO | [ncluster=28/28] AUC-ROC=nan%  AUC-PR=0.00%  F1=0.0000  MCC=0.0000  Train=0.010s  Test=0.004s  Peak RAM=4.051 MB
2026-03-21 03:50:52 | INFO | [ncluster=31/31] AUC-ROC=nan%  AUC-PR=0.00%  F1=0.0000  MCC=0.0000  Train=0.011s  Test=0.004s  Peak RAM=4.051 MB
2026-03-21 03:50:52 | INFO | [ncluster=34/34] AUC-ROC=nan%  AUC-PR=0.00%  F1=0.0000  MCC=0.0000  Train=0.011s  Test=0.004s  Peak RAM=4.051 MB
2026-03-21 03:50:52 | INFO | [ncluster=37/37] AUC-ROC=nan%  AUC-PR=0.00%  F1=0.0000  MCC=0.0000  Train=0.012s  Test=0.004s  Peak RAM=4.05 MB
2026-03-21 03:50:52 | INFO | [ncluster=40/40] AUC-ROC=nan%  AUC-PR=0.00%  F1=0.0000  MCC=0.0000  Train=0.012s  Test=0.003s  Peak RAM=4.051 MB
2026-03-21 03:50:52 | INFO | [ncluster=43/43] AUC-ROC=nan%  AUC-PR=0.00%  F1=0.0000  MCC=0.0000  Train=0.012s  Test=0.007s  Peak RAM=4.051 MB
2026-03-21 03:50:52 | INFO | [ncluster=46/46] AUC-ROC=nan%  AUC-PR=0.00%  F1=0.0000  MCC=0.0000  Train=0.012s  Test=0.004s  Peak RAM=4.051 MB
2026-03-21 03:50:52 | INFO | [ncluster=49/49] AUC-ROC=nan%  AUC-PR=0.00%  F1=0.0000  MCC=0.0000  Train=0.013s  Test=0.003s  Peak RAM=4.05 MB
2026-03-21 03:50:52 | INFO | [ncluster=52/52] AUC-ROC=nan%  AUC-PR=0.00%  F1=0.0000  MCC=0.0000  Train=0.013s  Test=0.004s  Peak RAM=4.052 MB
2026-03-21 03:50:52 | INFO | [ncluster=55/55] AUC-ROC=nan%  AUC-PR=0.00%  F1=0.0000  MCC=0.0000  Train=0.013s  Test=0.005s  Peak RAM=4.052 MB
2026-03-21 03:50:52 | INFO | [ncluster=58/58] AUC-ROC=nan%  AUC-PR=0.00%  F1=0.0000  MCC=0.0000  Train=0.013s  Test=0.004s  Peak RAM=4.052 MB
2026-03-21 03:50:52 | INFO | [ncluster=61/61] AUC-ROC=nan%  AUC-PR=0.00%  F1=0.0000  MCC=0.0000  Train=0.013s  Test=0.004s  Peak RAM=4.052 MB
2026-03-21 03:50:52 | INFO | [ncluster=64/64] AUC-ROC=nan%  AUC-PR=0.00%  F1=0.0000  MCC=0.0000  Train=0.014s  Test=0.003s  Peak RAM=4.052 MB
2026-03-21 03:50:52 | INFO | [ncluster=67/67] AUC-ROC=nan%  AUC-PR=0.00%  F1=0.0000  MCC=0.0000  Train=0.014s  Test=0.004s  Peak RAM=4.059 MB
2026-03-21 03:50:52 | INFO | [ncluster=70/70] AUC-ROC=nan%  AUC-PR=0.00%  F1=0.0000  MCC=0.0000  Train=0.018s  Test=0.005s  Peak RAM=4.053 MB
2026-03-21 03:50:52 | INFO | [ncluster=73/73] AUC-ROC=nan%  AUC-PR=0.00%  F1=0.0000  MCC=0.0000  Train=0.015s  Test=0.004s  Peak RAM=4.055 MB
2026-03-21 03:50:52 | INFO | [ncluster=76/76] AUC-ROC=nan%  AUC-PR=0.00%  F1=0.0000  MCC=0.0000  Train=0.035s  Test=0.007s  Peak RAM=4.052 MB
2026-03-21 03:50:52 | INFO | [ncluster=79/79] AUC-ROC=nan%  AUC-PR=0.00%  F1=0.0000  MCC=0.0000  Train=0.015s  Test=0.005s  Peak RAM=4.054 MB
2026-03-21 03:50:52 | INFO | [ncluster=82/82] AUC-ROC=nan%  AUC-PR=0.00%  F1=0.0000  MCC=0.0000  Train=0.016s  Test=0.004s  Peak RAM=4.056 MB
2026-03-21 03:50:52 | INFO | [ncluster=85/85] AUC-ROC=nan%  AUC-PR=0.00%  F1=0.0000  MCC=0.0000  Train=0.033s  Test=0.011s  Peak RAM=4.063 MB
2026-03-21 03:50:52 | INFO | [ncluster=88/88] AUC-ROC=nan%  AUC-PR=0.00%  F1=0.0000  MCC=0.0000  Train=0.015s  Test=0.004s  Peak RAM=4.052 MB
2026-03-21 03:50:52 | INFO | [ncluster=91/91] AUC-ROC=nan%  AUC-PR=0.00%  F1=0.0000  MCC=0.0000  Train=0.016s  Test=0.004s  Peak RAM=4.053 MB
2026-03-21 03:50:52 | INFO | [ncluster=94/94] AUC-ROC=nan%  AUC-PR=0.00%  F1=0.0000  MCC=0.0000  Train=0.017s  Test=0.005s  Peak RAM=4.051 MB
2026-03-21 03:50:52 | INFO | [ncluster=97/97] AUC-ROC=nan%  AUC-PR=0.00%  F1=0.0000  MCC=0.0000  Train=0.017s  Test=0.004s  Peak RAM=4.055 MB
2026-03-21 03:50:52 | INFO | [ncluster=100/100] AUC-ROC=nan%  AUC-PR=0.00%  F1=0.0000  MCC=0.0000  Train=0.032s  Test=0.005s  Peak RAM=4.052 MB
2026-03-21 03:50:52 | INFO | [ncluster=103/103] AUC-ROC=nan%  AUC-PR=0.00%  F1=0.0000  MCC=0.0000  Train=0.036s  Test=0.008s  Peak RAM=4.055 MB
2026-03-21 03:50:52 | INFO | [ncluster=106/106] AUC-ROC=nan%  AUC-PR=0.00%  F1=0.0000  MCC=0.0000  Train=0.018s  Test=0.004s  Peak RAM=4.052 MB
2026-03-21 03:50:52 | INFO | [ncluster=109/109] AUC-ROC=nan%  AUC-PR=0.00%  F1=0.0000  MCC=0.0000  Train=0.017s  Test=0.005s  Peak RAM=4.055 MB
2026-03-21 03:50:52 | INFO | [ncluster=112/112] AUC-ROC=nan%  AUC-PR=0.00%  F1=0.0000  MCC=0.0000  Train=0.030s  Test=0.009s  Peak RAM=4.053 MB
2026-03-21 03:50:52 | INFO | [ncluster=115/115] AUC-ROC=nan%  AUC-PR=0.00%  F1=0.0000  MCC=0.0000  Train=0.018s  Test=0.005s  Peak RAM=4.055 MB
2026-03-21 03:50:52 | INFO | [ncluster=118/118] AUC-ROC=nan%  AUC-PR=0.00%  F1=0.0000  MCC=0.0000  Train=0.018s  Test=0.005s  Peak RAM=4.053 MB
2026-03-21 03:50:52 | INFO | [ncluster=121/121] AUC-ROC=nan%  AUC-PR=0.00%  F1=0.0000  MCC=0.0000  Train=0.019s  Test=0.004s  Peak RAM=4.06 MB
2026-03-21 03:50:52 | INFO | [ncluster=124/124] AUC-ROC=nan%  AUC-PR=0.00%  F1=0.0000  MCC=0.0000  Train=0.020s  Test=0.005s  Peak RAM=4.055 MB
2026-03-21 03:50:52 | INFO | [ncluster=127/127] AUC-ROC=nan%  AUC-PR=0.00%  F1=0.0000  MCC=0.0000  Train=0.019s  Test=0.006s  Peak RAM=4.056 MB
2026-03-21 03:50:52 | INFO | [ncluster=130/130] AUC-ROC=nan%  AUC-PR=0.00%  F1=0.0000  MCC=0.0000  Train=0.020s  Test=0.005s  Peak RAM=4.054 MB
2026-03-21 03:50:52 | INFO | [ncluster=133/133] AUC-ROC=nan%  AUC-PR=0.00%  F1=0.0000  MCC=0.0000  Train=0.020s  Test=0.005s  Peak RAM=4.059 MB
2026-03-21 03:50:52 | INFO | [ncluster=136/136] AUC-ROC=nan%  AUC-PR=0.00%  F1=0.0000  MCC=0.0000  Train=0.021s  Test=0.004s  Peak RAM=4.057 MB
2026-03-21 03:50:52 | INFO | [ncluster=139/139] AUC-ROC=nan%  AUC-PR=0.00%  F1=0.0000  MCC=0.0000  Train=0.026s  Test=0.005s  Peak RAM=4.057 MB
2026-03-21 03:50:52 | INFO | [ncluster=142/142] AUC-ROC=nan%  AUC-PR=0.00%  F1=0.0000  MCC=0.0000  Train=0.020s  Test=0.006s  Peak RAM=4.054 MB
2026-03-21 03:50:52 | INFO | [ncluster=145/145] AUC-ROC=nan%  AUC-PR=0.00%  F1=0.0000  MCC=0.0000  Train=0.022s  Test=0.005s  Peak RAM=4.059 MB
2026-03-21 03:50:52 | INFO | [ncluster=148/148] AUC-ROC=nan%  AUC-PR=0.00%  F1=0.0000  MCC=0.0000  Train=0.022s  Test=0.005s  Peak RAM=4.056 MB
2026-03-21 03:50:52 | INFO | [ncluster=151/151] AUC-ROC=nan%  AUC-PR=0.00%  F1=0.0000  MCC=0.0000  Train=0.020s  Test=0.006s  Peak RAM=4.058 MB
2026-03-21 03:50:52 | INFO | [ncluster=154/154] AUC-ROC=nan%  AUC-PR=0.00%  F1=0.0000  MCC=0.0000  Train=0.020s  Test=0.005s  Peak RAM=4.056 MB
2026-03-21 03:50:52 | INFO | [ncluster=157/157] AUC-ROC=nan%  AUC-PR=0.00%  F1=0.0000  MCC=0.0000  Train=0.021s  Test=0.006s  Peak RAM=4.058 MB
2026-03-21 03:50:52 | INFO | [ncluster=160/160] AUC-ROC=nan%  AUC-PR=0.00%  F1=0.0000  MCC=0.0000  Train=0.023s  Test=0.005s  Peak RAM=4.055 MB
2026-03-21 03:50:52 | INFO | [ncluster=163/163] AUC-ROC=nan%  AUC-PR=0.00%  F1=0.0000  MCC=0.0000  Train=0.023s  Test=0.005s  Peak RAM=4.06 MB
2026-03-21 03:50:52 | INFO | [ncluster=166/166] AUC-ROC=nan%  AUC-PR=0.00%  F1=0.0000  MCC=0.0000  Train=0.030s  Test=0.006s  Peak RAM=4.059 MB
2026-03-21 03:50:52 | INFO | [ncluster=169/169] AUC-ROC=nan%  AUC-PR=0.00%  F1=0.0000  MCC=0.0000  Train=0.024s  Test=0.005s  Peak RAM=4.059 MB
2026-03-21 03:50:52 | INFO | [ncluster=172/172] AUC-ROC=nan%  AUC-PR=0.00%  F1=0.0000  MCC=0.0000  Train=0.024s  Test=0.006s  Peak RAM=4.057 MB
2026-03-21 03:50:52 | INFO | [ncluster=175/175] AUC-ROC=nan%  AUC-PR=0.00%  F1=0.0000  MCC=0.0000  Train=0.024s  Test=0.006s  Peak RAM=4.059 MB
2026-03-21 03:50:52 | INFO | [ncluster=178/178] AUC-ROC=nan%  AUC-PR=0.00%  F1=0.0000  MCC=0.0000  Train=0.025s  Test=0.005s  Peak RAM=4.057 MB
2026-03-21 03:50:53 | INFO | [ncluster=181/181] AUC-ROC=nan%  AUC-PR=0.00%  F1=0.0000  MCC=0.0000  Train=0.026s  Test=0.006s  Peak RAM=4.06 MB
2026-03-21 03:50:53 | INFO | [ncluster=184/184] AUC-ROC=nan%  AUC-PR=0.00%  F1=0.0000  MCC=0.0000  Train=0.024s  Test=0.005s  Peak RAM=4.058 MB
2026-03-21 03:50:53 | INFO | [ncluster=187/187] AUC-ROC=nan%  AUC-PR=0.00%  F1=0.0000  MCC=0.0000  Train=0.025s  Test=0.006s  Peak RAM=4.061 MB
2026-03-21 03:50:53 | INFO | [ncluster=190/190] AUC-ROC=nan%  AUC-PR=0.00%  F1=0.0000  MCC=0.0000  Train=0.026s  Test=0.006s  Peak RAM=4.058 MB
2026-03-21 03:50:53 | INFO | [ncluster=193/193] AUC-ROC=nan%  AUC-PR=0.00%  F1=0.0000  MCC=0.0000  Train=0.026s  Test=0.006s  Peak RAM=4.061 MB
2026-03-21 03:50:53 | INFO | [ncluster=196/196] AUC-ROC=nan%  AUC-PR=0.00%  F1=0.0000  MCC=0.0000  Train=0.039s  Test=0.012s  Peak RAM=4.068 MB
2026-03-21 03:50:53 | INFO | [ncluster=199/199] AUC-ROC=nan%  AUC-PR=0.00%  F1=0.0000  MCC=0.0000  Train=0.026s  Test=0.007s  Peak RAM=4.063 MB
2026-03-21 03:50:53 | INFO | [ncluster=202/202] AUC-ROC=nan%  AUC-PR=0.00%  F1=0.0000  MCC=0.0000  Train=0.025s  Test=0.006s  Peak RAM=4.059 MB
2026-03-21 03:50:53 | INFO | [ncluster=205/205] AUC-ROC=nan%  AUC-PR=0.00%  F1=0.0000  MCC=0.0000  Train=0.025s  Test=0.006s  Peak RAM=4.062 MB
2026-03-21 03:50:53 | INFO | [ncluster=208/208] AUC-ROC=nan%  AUC-PR=0.00%  F1=0.0000  MCC=0.0000  Train=0.027s  Test=0.005s  Peak RAM=4.059 MB
2026-03-21 03:50:53 | INFO | [ncluster=211/211] AUC-ROC=nan%  AUC-PR=0.00%  F1=0.0000  MCC=0.0000  Train=0.028s  Test=0.006s  Peak RAM=4.061 MB
2026-03-21 03:50:53 | INFO | [ncluster=214/214] AUC-ROC=nan%  AUC-PR=0.00%  F1=0.0000  MCC=0.0000  Train=0.028s  Test=0.007s  Peak RAM=4.06 MB
2026-03-21 03:50:53 | INFO | [ncluster=217/217] AUC-ROC=nan%  AUC-PR=0.00%  F1=0.0000  MCC=0.0000  Train=0.025s  Test=0.005s  Peak RAM=4.062 MB
2026-03-21 03:50:53 | INFO | [ncluster=220/220] AUC-ROC=nan%  AUC-PR=0.00%  F1=0.0000  MCC=0.0000  Train=0.027s  Test=0.015s  Peak RAM=4.061 MB
2026-03-21 03:50:53 | INFO | [ncluster=223/223] AUC-ROC=nan%  AUC-PR=0.00%  F1=0.0000  MCC=0.0000  Train=0.029s  Test=0.007s  Peak RAM=4.064 MB
2026-03-21 03:50:53 | INFO | [ncluster=226/226] AUC-ROC=nan%  AUC-PR=0.00%  F1=0.0000  MCC=0.0000  Train=0.029s  Test=0.006s  Peak RAM=4.062 MB
2026-03-21 03:50:53 | INFO | [ncluster=229/229] AUC-ROC=nan%  AUC-PR=0.00%  F1=0.0000  MCC=0.0000  Train=0.029s  Test=0.007s  Peak RAM=4.063 MB
2026-03-21 03:50:53 | INFO | [ncluster=232/232] AUC-ROC=nan%  AUC-PR=0.00%  F1=0.0000  MCC=0.0000  Train=0.031s  Test=0.006s  Peak RAM=4.064 MB
2026-03-21 03:50:53 | INFO | [ncluster=235/235] AUC-ROC=nan%  AUC-PR=0.00%  F1=0.0000  MCC=0.0000  Train=0.030s  Test=0.006s  Peak RAM=4.063 MB
2026-03-21 03:50:53 | INFO | [ncluster=238/238] AUC-ROC=nan%  AUC-PR=0.00%  F1=0.0000  MCC=0.0000  Train=0.029s  Test=0.007s  Peak RAM=4.063 MB
2026-03-21 03:50:53 | INFO | [ncluster=241/241] AUC-ROC=nan%  AUC-PR=0.00%  F1=0.0000  MCC=0.0000  Train=0.031s  Test=0.006s  Peak RAM=4.063 MB
2026-03-21 03:50:53 | INFO | [ncluster=244/244] AUC-ROC=nan%  AUC-PR=0.00%  F1=0.0000  MCC=0.0000  Train=0.029s  Test=0.007s  Peak RAM=4.064 MB
2026-03-21 03:50:53 | INFO | [ncluster=247/247] AUC-ROC=nan%  AUC-PR=0.00%  F1=0.0000  MCC=0.0000  Train=0.031s  Test=0.007s  Peak RAM=4.066 MB
2026-03-21 03:50:53 | INFO | [ncluster=250/250] AUC-ROC=nan%  AUC-PR=0.00%  F1=0.0000  MCC=0.0000  Train=0.029s  Test=0.006s  Peak RAM=4.065 MB
2026-03-21 03:50:53 | INFO | [ncluster=253/253] AUC-ROC=nan%  AUC-PR=0.00%  F1=0.0000  MCC=0.0000  Train=0.031s  Test=0.007s  Peak RAM=4.064 MB
2026-03-21 03:50:53 | INFO | [ncluster=256/256] AUC-ROC=nan%  AUC-PR=0.00%  F1=0.0000  MCC=0.0000  Train=0.032s  Test=0.006s  Peak RAM=4.066 MB
2026-03-21 03:50:53 | INFO | [ncluster=259/259] AUC-ROC=nan%  AUC-PR=0.00%  F1=0.0000  MCC=0.0000  Train=0.032s  Test=0.013s  Peak RAM=4.065 MB
2026-03-21 03:50:53 | INFO | [ncluster=262/262] AUC-ROC=nan%  AUC-PR=0.00%  F1=0.0000  MCC=0.0000  Train=0.030s  Test=0.007s  Peak RAM=4.065 MB
2026-03-21 03:50:53 | INFO | [ncluster=265/265] AUC-ROC=nan%  AUC-PR=0.00%  F1=0.0000  MCC=0.0000  Train=0.035s  Test=0.006s  Peak RAM=4.065 MB
2026-03-21 03:50:53 | INFO | [ncluster=268/268] AUC-ROC=nan%  AUC-PR=0.00%  F1=0.0000  MCC=0.0000  Train=0.033s  Test=0.007s  Peak RAM=4.065 MB
2026-03-21 03:50:53 | INFO | [ncluster=271/271] AUC-ROC=nan%  AUC-PR=0.00%  F1=0.0000  MCC=0.0000  Train=0.033s  Test=0.007s  Peak RAM=4.066 MB
2026-03-21 03:50:53 | INFO | [ncluster=274/274] AUC-ROC=nan%  AUC-PR=0.00%  F1=0.0000  MCC=0.0000  Train=0.022s  Test=0.005s  Peak RAM=4.066 MB
2026-03-21 03:50:53 | INFO | [ncluster=277/277] AUC-ROC=nan%  AUC-PR=0.00%  F1=0.0000  MCC=0.0000  Train=0.022s  Test=0.005s  Peak RAM=4.067 MB
2026-03-21 03:50:53 | INFO | [ncluster=280/280] AUC-ROC=nan%  AUC-PR=0.00%  F1=0.0000  MCC=0.0000  Train=0.031s  Test=0.006s  Peak RAM=4.066 MB
2026-03-21 03:50:53 | INFO | [ncluster=283/283] AUC-ROC=nan%  AUC-PR=0.00%  F1=0.0000  MCC=0.0000  Train=0.034s  Test=0.007s  Peak RAM=4.067 MB
2026-03-21 03:50:53 | INFO | [ncluster=286/286] AUC-ROC=nan%  AUC-PR=0.00%  F1=0.0000  MCC=0.0000  Train=0.022s  Test=0.006s  Peak RAM=4.068 MB
2026-03-21 03:50:53 | INFO | [ncluster=289/289] AUC-ROC=nan%  AUC-PR=0.00%  F1=0.0000  MCC=0.0000  Train=0.022s  Test=0.005s  Peak RAM=4.067 MB
2026-03-21 03:50:53 | INFO | [ncluster=292/292] AUC-ROC=nan%  AUC-PR=0.00%  F1=0.0000  MCC=0.0000  Train=0.023s  Test=0.005s  Peak RAM=4.068 MB
2026-03-21 03:50:53 | INFO | [ncluster=295/295] AUC-ROC=nan%  AUC-PR=0.00%  F1=0.0000  MCC=0.0000  Train=0.022s  Test=0.006s  Peak RAM=4.068 MB
2026-03-21 03:50:53 | INFO | [ncluster=298/298] AUC-ROC=nan%  AUC-PR=0.00%  F1=0.0000  MCC=0.0000  Train=0.022s  Test=0.005s  Peak RAM=4.074 MB
2026-03-21 03:50:53 | INFO | 
>>> Processing data_BoTIoT | scaler=QuantileTransformer
2026-03-21 03:50:53 | INFO | --- noise=0% ---
2026-03-21 03:50:53 | INFO | ============================================================
2026-03-21 03:50:53 | INFO | Dataset  : Train_QuantileTransformer_data_BoTIoT.csv
2026-03-21 03:50:53 | INFO | Scaler   : QuantileTransformer
2026-03-21 03:50:53 | INFO | Noise    : 0%
2026-03-21 03:50:53 | INFO | nClusters: 100 values (1..298)
2026-03-21 03:50:53 | INFO | ============================================================
2026-03-21 03:50:53 | INFO | Loaded Raw Shape -> Train: (9072, 27), Test: (15000, 27)
2026-03-21 03:50:53 | INFO | Dropped metadata features: ['pkSeqID', 'stime', 'ltime', 'seq', 'saddr', 'daddr', 'sport', 'dport', 'state', 'flgs', 'proto']
2026-03-21 03:50:53 | INFO | Dropped metadata features: ['pkSeqID', 'stime', 'ltime', 'seq', 'saddr', 'daddr', 'sport', 'dport', 'state', 'flgs', 'proto']
2026-03-21 03:50:53 | INFO | Training size : 9,072  |  Testing size: 15,000  |  Features: 15
2026-03-21 03:50:53 | INFO | Firing up Parallel execution for 100 cluster configs...
2026-03-21 03:51:23 | INFO | [ncluster=1/1] AUC-ROC=nan%  AUC-PR=0.00%  F1=0.0000  MCC=0.0000  Train=0.008s  Test=0.003s  Peak RAM=4.168 MB
2026-03-21 03:51:23 | INFO | [ncluster=4/4] AUC-ROC=nan%  AUC-PR=0.00%  F1=0.0000  MCC=0.0000  Train=0.008s  Test=0.004s  Peak RAM=4.168 MB
2026-03-21 03:51:23 | INFO | [ncluster=7/7] AUC-ROC=nan%  AUC-PR=0.00%  F1=0.0000  MCC=0.0000  Train=0.008s  Test=0.004s  Peak RAM=4.17 MB
2026-03-21 03:51:23 | INFO | [ncluster=10/10] AUC-ROC=nan%  AUC-PR=0.00%  F1=0.0000  MCC=0.0000  Train=0.009s  Test=0.003s  Peak RAM=4.169 MB
2026-03-21 03:51:23 | INFO | [ncluster=13/13] AUC-ROC=nan%  AUC-PR=0.00%  F1=0.0000  MCC=0.0000  Train=0.009s  Test=0.004s  Peak RAM=4.175 MB
2026-03-21 03:51:23 | INFO | [ncluster=16/16] AUC-ROC=nan%  AUC-PR=0.00%  F1=0.0000  MCC=0.0000  Train=0.009s  Test=0.003s  Peak RAM=4.17 MB
2026-03-21 03:51:23 | INFO | [ncluster=19/19] AUC-ROC=nan%  AUC-PR=0.00%  F1=0.0000  MCC=0.0000  Train=0.009s  Test=0.004s  Peak RAM=4.169 MB
2026-03-21 03:51:23 | INFO | [ncluster=22/22] AUC-ROC=nan%  AUC-PR=0.00%  F1=0.0000  MCC=0.0000  Train=0.010s  Test=0.004s  Peak RAM=4.176 MB
2026-03-21 03:51:23 | INFO | [ncluster=25/25] AUC-ROC=nan%  AUC-PR=0.00%  F1=0.0000  MCC=0.0000  Train=0.020s  Test=0.007s  Peak RAM=4.171 MB
2026-03-21 03:51:23 | INFO | [ncluster=28/28] AUC-ROC=nan%  AUC-PR=0.00%  F1=0.0000  MCC=0.0000  Train=0.010s  Test=0.004s  Peak RAM=4.17 MB
2026-03-21 03:51:23 | INFO | [ncluster=31/31] AUC-ROC=nan%  AUC-PR=0.00%  F1=0.0000  MCC=0.0000  Train=0.011s  Test=0.005s  Peak RAM=4.171 MB
2026-03-21 03:51:23 | INFO | [ncluster=34/34] AUC-ROC=nan%  AUC-PR=0.00%  F1=0.0000  MCC=0.0000  Train=0.017s  Test=0.004s  Peak RAM=4.172 MB
2026-03-21 03:51:23 | INFO | [ncluster=37/37] AUC-ROC=nan%  AUC-PR=0.00%  F1=0.0000  MCC=0.0000  Train=0.011s  Test=0.004s  Peak RAM=4.175 MB
2026-03-21 03:51:23 | INFO | [ncluster=40/40] AUC-ROC=nan%  AUC-PR=0.00%  F1=0.0000  MCC=0.0000  Train=0.011s  Test=0.003s  Peak RAM=4.171 MB
2026-03-21 03:51:23 | INFO | [ncluster=43/43] AUC-ROC=nan%  AUC-PR=0.00%  F1=0.0000  MCC=0.0000  Train=0.012s  Test=0.004s  Peak RAM=4.171 MB
2026-03-21 03:51:23 | INFO | [ncluster=46/46] AUC-ROC=nan%  AUC-PR=0.00%  F1=0.0000  MCC=0.0000  Train=0.012s  Test=0.005s  Peak RAM=4.176 MB
2026-03-21 03:51:23 | INFO | [ncluster=49/49] AUC-ROC=nan%  AUC-PR=0.00%  F1=0.0000  MCC=0.0000  Train=0.013s  Test=0.004s  Peak RAM=4.174 MB
2026-03-21 03:51:23 | INFO | [ncluster=52/52] AUC-ROC=nan%  AUC-PR=0.00%  F1=0.0000  MCC=0.0000  Train=0.013s  Test=0.004s  Peak RAM=4.171 MB
2026-03-21 03:51:23 | INFO | [ncluster=55/55] AUC-ROC=nan%  AUC-PR=0.00%  F1=0.0000  MCC=0.0000  Train=0.013s  Test=0.005s  Peak RAM=4.172 MB
2026-03-21 03:51:23 | INFO | [ncluster=58/58] AUC-ROC=nan%  AUC-PR=0.00%  F1=0.0000  MCC=0.0000  Train=0.013s  Test=0.004s  Peak RAM=4.172 MB
2026-03-21 03:51:23 | INFO | [ncluster=61/61] AUC-ROC=nan%  AUC-PR=0.00%  F1=0.0000  MCC=0.0000  Train=0.013s  Test=0.005s  Peak RAM=4.173 MB
2026-03-21 03:51:23 | INFO | [ncluster=64/64] AUC-ROC=nan%  AUC-PR=0.00%  F1=0.0000  MCC=0.0000  Train=0.014s  Test=0.004s  Peak RAM=4.173 MB
2026-03-21 03:51:23 | INFO | [ncluster=67/67] AUC-ROC=nan%  AUC-PR=0.00%  F1=0.0000  MCC=0.0000  Train=0.014s  Test=0.004s  Peak RAM=4.172 MB
2026-03-21 03:51:23 | INFO | [ncluster=70/70] AUC-ROC=nan%  AUC-PR=0.00%  F1=0.0000  MCC=0.0000  Train=0.013s  Test=0.005s  Peak RAM=4.174 MB
2026-03-21 03:51:23 | INFO | [ncluster=73/73] AUC-ROC=nan%  AUC-PR=0.00%  F1=0.0000  MCC=0.0000  Train=0.014s  Test=0.004s  Peak RAM=4.173 MB
2026-03-21 03:51:23 | INFO | [ncluster=76/76] AUC-ROC=nan%  AUC-PR=0.00%  F1=0.0000  MCC=0.0000  Train=0.015s  Test=0.005s  Peak RAM=4.171 MB
2026-03-21 03:51:23 | INFO | [ncluster=79/79] AUC-ROC=nan%  AUC-PR=0.00%  F1=0.0000  MCC=0.0000  Train=0.015s  Test=0.005s  Peak RAM=4.175 MB
2026-03-21 03:51:23 | INFO | [ncluster=82/82] AUC-ROC=nan%  AUC-PR=0.00%  F1=0.0000  MCC=0.0000  Train=0.015s  Test=0.005s  Peak RAM=4.172 MB
2026-03-21 03:51:23 | INFO | [ncluster=85/85] AUC-ROC=nan%  AUC-PR=0.00%  F1=0.0000  MCC=0.0000  Train=0.015s  Test=0.005s  Peak RAM=4.175 MB
2026-03-21 03:51:23 | INFO | [ncluster=88/88] AUC-ROC=nan%  AUC-PR=0.00%  F1=0.0000  MCC=0.0000  Train=0.016s  Test=0.004s  Peak RAM=4.171 MB
2026-03-21 03:51:23 | INFO | [ncluster=91/91] AUC-ROC=nan%  AUC-PR=0.00%  F1=0.0000  MCC=0.0000  Train=0.016s  Test=0.005s  Peak RAM=4.174 MB
2026-03-21 03:51:23 | INFO | [ncluster=94/94] AUC-ROC=nan%  AUC-PR=0.00%  F1=0.0000  MCC=0.0000  Train=0.016s  Test=0.005s  Peak RAM=4.171 MB
2026-03-21 03:51:23 | INFO | [ncluster=97/97] AUC-ROC=nan%  AUC-PR=0.00%  F1=0.0000  MCC=0.0000  Train=0.017s  Test=0.004s  Peak RAM=4.175 MB
2026-03-21 03:51:23 | INFO | [ncluster=100/100] AUC-ROC=nan%  AUC-PR=0.00%  F1=0.0000  MCC=0.0000  Train=0.016s  Test=0.005s  Peak RAM=4.172 MB
2026-03-21 03:51:23 | INFO | [ncluster=103/103] AUC-ROC=nan%  AUC-PR=0.00%  F1=0.0000  MCC=0.0000  Train=0.017s  Test=0.006s  Peak RAM=4.175 MB
2026-03-21 03:51:23 | INFO | [ncluster=106/106] AUC-ROC=nan%  AUC-PR=0.00%  F1=0.0000  MCC=0.0000  Train=0.017s  Test=0.005s  Peak RAM=4.172 MB
2026-03-21 03:51:23 | INFO | [ncluster=109/109] AUC-ROC=nan%  AUC-PR=0.00%  F1=0.0000  MCC=0.0000  Train=0.033s  Test=0.008s  Peak RAM=4.177 MB
2026-03-21 03:51:23 | INFO | [ncluster=112/112] AUC-ROC=nan%  AUC-PR=0.00%  F1=0.0000  MCC=0.0000  Train=0.055s  Test=0.007s  Peak RAM=4.177 MB
2026-03-21 03:51:23 | INFO | [ncluster=115/115] AUC-ROC=nan%  AUC-PR=0.00%  F1=0.0000  MCC=0.0000  Train=0.018s  Test=0.005s  Peak RAM=4.176 MB
2026-03-21 03:51:23 | INFO | [ncluster=118/118] AUC-ROC=nan%  AUC-PR=0.00%  F1=0.0000  MCC=0.0000  Train=0.019s  Test=0.006s  Peak RAM=4.173 MB
2026-03-21 03:51:23 | INFO | [ncluster=121/121] AUC-ROC=nan%  AUC-PR=0.00%  F1=0.0000  MCC=0.0000  Train=0.019s  Test=0.005s  Peak RAM=4.176 MB
2026-03-21 03:51:23 | INFO | [ncluster=124/124] AUC-ROC=nan%  AUC-PR=0.00%  F1=0.0000  MCC=0.0000  Train=0.057s  Test=0.014s  Peak RAM=4.173 MB
2026-03-21 03:51:23 | INFO | [ncluster=127/127] AUC-ROC=nan%  AUC-PR=0.00%  F1=0.0000  MCC=0.0000  Train=0.019s  Test=0.006s  Peak RAM=4.176 MB
2026-03-21 03:51:23 | INFO | [ncluster=130/130] AUC-ROC=nan%  AUC-PR=0.00%  F1=0.0000  MCC=0.0000  Train=0.020s  Test=0.005s  Peak RAM=4.174 MB
2026-03-21 03:51:23 | INFO | [ncluster=133/133] AUC-ROC=nan%  AUC-PR=0.00%  F1=0.0000  MCC=0.0000  Train=0.019s  Test=0.005s  Peak RAM=4.177 MB
2026-03-21 03:51:23 | INFO | [ncluster=136/136] AUC-ROC=nan%  AUC-PR=0.00%  F1=0.0000  MCC=0.0000  Train=0.019s  Test=0.005s  Peak RAM=4.175 MB
2026-03-21 03:51:23 | INFO | [ncluster=139/139] AUC-ROC=nan%  AUC-PR=0.00%  F1=0.0000  MCC=0.0000  Train=0.019s  Test=0.005s  Peak RAM=4.177 MB
2026-03-21 03:51:23 | INFO | [ncluster=142/142] AUC-ROC=nan%  AUC-PR=0.00%  F1=0.0000  MCC=0.0000  Train=0.021s  Test=0.006s  Peak RAM=4.175 MB
2026-03-21 03:51:23 | INFO | [ncluster=145/145] AUC-ROC=nan%  AUC-PR=0.00%  F1=0.0000  MCC=0.0000  Train=0.021s  Test=0.005s  Peak RAM=4.177 MB
2026-03-21 03:51:23 | INFO | [ncluster=148/148] AUC-ROC=nan%  AUC-PR=0.00%  F1=0.0000  MCC=0.0000  Train=0.021s  Test=0.006s  Peak RAM=4.175 MB
2026-03-21 03:51:23 | INFO | [ncluster=151/151] AUC-ROC=nan%  AUC-PR=0.00%  F1=0.0000  MCC=0.0000  Train=0.022s  Test=0.006s  Peak RAM=4.178 MB
2026-03-21 03:51:23 | INFO | [ncluster=154/154] AUC-ROC=nan%  AUC-PR=0.00%  F1=0.0000  MCC=0.0000  Train=0.022s  Test=0.005s  Peak RAM=4.176 MB
2026-03-21 03:51:23 | INFO | [ncluster=157/157] AUC-ROC=nan%  AUC-PR=0.00%  F1=0.0000  MCC=0.0000  Train=0.022s  Test=0.006s  Peak RAM=4.18 MB
2026-03-21 03:51:23 | INFO | [ncluster=160/160] AUC-ROC=nan%  AUC-PR=0.00%  F1=0.0000  MCC=0.0000  Train=0.019s  Test=0.005s  Peak RAM=4.176 MB
2026-03-21 03:51:23 | INFO | [ncluster=163/163] AUC-ROC=nan%  AUC-PR=0.00%  F1=0.0000  MCC=0.0000  Train=0.023s  Test=0.006s  Peak RAM=4.179 MB
2026-03-21 03:51:23 | INFO | [ncluster=166/166] AUC-ROC=nan%  AUC-PR=0.00%  F1=0.0000  MCC=0.0000  Train=0.023s  Test=0.006s  Peak RAM=4.176 MB
2026-03-21 03:51:23 | INFO | [ncluster=169/169] AUC-ROC=nan%  AUC-PR=0.00%  F1=0.0000  MCC=0.0000  Train=0.023s  Test=0.005s  Peak RAM=4.18 MB
2026-03-21 03:51:23 | INFO | [ncluster=172/172] AUC-ROC=nan%  AUC-PR=0.00%  F1=0.0000  MCC=0.0000  Train=0.024s  Test=0.006s  Peak RAM=4.176 MB
2026-03-21 03:51:23 | INFO | [ncluster=175/175] AUC-ROC=nan%  AUC-PR=0.00%  F1=0.0000  MCC=0.0000  Train=0.024s  Test=0.007s  Peak RAM=4.178 MB
2026-03-21 03:51:23 | INFO | [ncluster=178/178] AUC-ROC=nan%  AUC-PR=0.00%  F1=0.0000  MCC=0.0000  Train=0.021s  Test=0.005s  Peak RAM=4.176 MB
2026-03-21 03:51:23 | INFO | [ncluster=181/181] AUC-ROC=nan%  AUC-PR=0.00%  F1=0.0000  MCC=0.0000  Train=0.050s  Test=0.010s  Peak RAM=4.181 MB
2026-03-21 03:51:23 | INFO | [ncluster=184/184] AUC-ROC=nan%  AUC-PR=0.00%  F1=0.0000  MCC=0.0000  Train=0.025s  Test=0.005s  Peak RAM=4.178 MB
2026-03-21 03:51:23 | INFO | [ncluster=187/187] AUC-ROC=nan%  AUC-PR=0.00%  F1=0.0000  MCC=0.0000  Train=0.025s  Test=0.006s  Peak RAM=4.18 MB
2026-03-21 03:51:23 | INFO | [ncluster=190/190] AUC-ROC=nan%  AUC-PR=0.00%  F1=0.0000  MCC=0.0000  Train=0.024s  Test=0.007s  Peak RAM=4.178 MB
2026-03-21 03:51:23 | INFO | [ncluster=193/193] AUC-ROC=nan%  AUC-PR=0.00%  F1=0.0000  MCC=0.0000  Train=0.026s  Test=0.006s  Peak RAM=4.18 MB
2026-03-21 03:51:23 | INFO | [ncluster=196/196] AUC-ROC=nan%  AUC-PR=0.00%  F1=0.0000  MCC=0.0000  Train=0.026s  Test=0.006s  Peak RAM=4.178 MB
2026-03-21 03:51:23 | INFO | [ncluster=199/199] AUC-ROC=nan%  AUC-PR=0.00%  F1=0.0000  MCC=0.0000  Train=0.026s  Test=0.007s  Peak RAM=4.18 MB
2026-03-21 03:51:23 | INFO | [ncluster=202/202] AUC-ROC=nan%  AUC-PR=0.00%  F1=0.0000  MCC=0.0000  Train=0.026s  Test=0.006s  Peak RAM=4.177 MB
2026-03-21 03:51:23 | INFO | [ncluster=205/205] AUC-ROC=nan%  AUC-PR=0.00%  F1=0.0000  MCC=0.0000  Train=0.031s  Test=0.007s  Peak RAM=4.18 MB
2026-03-21 03:51:23 | INFO | [ncluster=208/208] AUC-ROC=nan%  AUC-PR=0.00%  F1=0.0000  MCC=0.0000  Train=0.030s  Test=0.006s  Peak RAM=4.178 MB
2026-03-21 03:51:23 | INFO | [ncluster=211/211] AUC-ROC=nan%  AUC-PR=0.00%  F1=0.0000  MCC=0.0000  Train=0.026s  Test=0.006s  Peak RAM=4.183 MB
2026-03-21 03:51:23 | INFO | [ncluster=214/214] AUC-ROC=nan%  AUC-PR=0.00%  F1=0.0000  MCC=0.0000  Train=0.027s  Test=0.007s  Peak RAM=4.179 MB
2026-03-21 03:51:23 | INFO | [ncluster=217/217] AUC-ROC=nan%  AUC-PR=0.00%  F1=0.0000  MCC=0.0000  Train=0.062s  Test=0.012s  Peak RAM=4.181 MB
2026-03-21 03:51:23 | INFO | [ncluster=220/220] AUC-ROC=nan%  AUC-PR=0.00%  F1=0.0000  MCC=0.0000  Train=0.028s  Test=0.007s  Peak RAM=4.183 MB
2026-03-21 03:51:23 | INFO | [ncluster=223/223] AUC-ROC=nan%  AUC-PR=0.00%  F1=0.0000  MCC=0.0000  Train=0.043s  Test=0.031s  Peak RAM=4.183 MB
2026-03-21 03:51:23 | INFO | [ncluster=226/226] AUC-ROC=nan%  AUC-PR=0.00%  F1=0.0000  MCC=0.0000  Train=0.029s  Test=0.006s  Peak RAM=4.181 MB
2026-03-21 03:51:23 | INFO | [ncluster=229/229] AUC-ROC=nan%  AUC-PR=0.00%  F1=0.0000  MCC=0.0000  Train=0.028s  Test=0.006s  Peak RAM=4.182 MB
2026-03-21 03:51:23 | INFO | [ncluster=232/232] AUC-ROC=nan%  AUC-PR=0.00%  F1=0.0000  MCC=0.0000  Train=0.028s  Test=0.006s  Peak RAM=4.182 MB
2026-03-21 03:51:23 | INFO | [ncluster=235/235] AUC-ROC=nan%  AUC-PR=0.00%  F1=0.0000  MCC=0.0000  Train=0.028s  Test=0.006s  Peak RAM=4.183 MB
2026-03-21 03:51:23 | INFO | [ncluster=238/238] AUC-ROC=nan%  AUC-PR=0.00%  F1=0.0000  MCC=0.0000  Train=0.029s  Test=0.007s  Peak RAM=4.184 MB
2026-03-21 03:51:23 | INFO | [ncluster=241/241] AUC-ROC=nan%  AUC-PR=0.00%  F1=0.0000  MCC=0.0000  Train=0.029s  Test=0.006s  Peak RAM=4.183 MB
2026-03-21 03:51:23 | INFO | [ncluster=244/244] AUC-ROC=nan%  AUC-PR=0.00%  F1=0.0000  MCC=0.0000  Train=0.030s  Test=0.007s  Peak RAM=4.185 MB
2026-03-21 03:51:23 | INFO | [ncluster=247/247] AUC-ROC=nan%  AUC-PR=0.00%  F1=0.0000  MCC=0.0000  Train=0.030s  Test=0.008s  Peak RAM=4.183 MB
2026-03-21 03:51:23 | INFO | [ncluster=250/250] AUC-ROC=nan%  AUC-PR=0.00%  F1=0.0000  MCC=0.0000  Train=0.031s  Test=0.007s  Peak RAM=4.183 MB
2026-03-21 03:51:23 | INFO | [ncluster=253/253] AUC-ROC=nan%  AUC-PR=0.00%  F1=0.0000  MCC=0.0000  Train=0.046s  Test=0.007s  Peak RAM=4.183 MB
2026-03-21 03:51:23 | INFO | [ncluster=256/256] AUC-ROC=nan%  AUC-PR=0.00%  F1=0.0000  MCC=0.0000  Train=0.031s  Test=0.006s  Peak RAM=4.184 MB
2026-03-21 03:51:23 | INFO | [ncluster=259/259] AUC-ROC=nan%  AUC-PR=0.00%  F1=0.0000  MCC=0.0000  Train=0.031s  Test=0.007s  Peak RAM=4.185 MB
2026-03-21 03:51:23 | INFO | [ncluster=262/262] AUC-ROC=nan%  AUC-PR=0.00%  F1=0.0000  MCC=0.0000  Train=0.032s  Test=0.008s  Peak RAM=4.184 MB
2026-03-21 03:51:23 | INFO | [ncluster=265/265] AUC-ROC=nan%  AUC-PR=0.00%  F1=0.0000  MCC=0.0000  Train=0.029s  Test=0.007s  Peak RAM=4.185 MB
2026-03-21 03:51:23 | INFO | [ncluster=268/268] AUC-ROC=nan%  AUC-PR=0.00%  F1=0.0000  MCC=0.0000  Train=0.032s  Test=0.007s  Peak RAM=4.185 MB
2026-03-21 03:51:23 | INFO | [ncluster=271/271] AUC-ROC=nan%  AUC-PR=0.00%  F1=0.0000  MCC=0.0000  Train=0.030s  Test=0.008s  Peak RAM=4.185 MB
2026-03-21 03:51:23 | INFO | [ncluster=274/274] AUC-ROC=nan%  AUC-PR=0.00%  F1=0.0000  MCC=0.0000  Train=0.021s  Test=0.005s  Peak RAM=4.185 MB
2026-03-21 03:51:23 | INFO | [ncluster=277/277] AUC-ROC=nan%  AUC-PR=0.00%  F1=0.0000  MCC=0.0000  Train=0.021s  Test=0.006s  Peak RAM=4.186 MB
2026-03-21 03:51:23 | INFO | [ncluster=280/280] AUC-ROC=nan%  AUC-PR=0.00%  F1=0.0000  MCC=0.0000  Train=0.033s  Test=0.006s  Peak RAM=4.187 MB
2026-03-21 03:51:23 | INFO | [ncluster=283/283] AUC-ROC=nan%  AUC-PR=0.00%  F1=0.0000  MCC=0.0000  Train=0.030s  Test=0.007s  Peak RAM=4.187 MB
2026-03-21 03:51:23 | INFO | [ncluster=286/286] AUC-ROC=nan%  AUC-PR=0.00%  F1=0.0000  MCC=0.0000  Train=0.022s  Test=0.006s  Peak RAM=4.186 MB
2026-03-21 03:51:23 | INFO | [ncluster=289/289] AUC-ROC=nan%  AUC-PR=0.00%  F1=0.0000  MCC=0.0000  Train=0.022s  Test=0.005s  Peak RAM=4.186 MB
2026-03-21 03:51:23 | INFO | [ncluster=292/292] AUC-ROC=nan%  AUC-PR=0.00%  F1=0.0000  MCC=0.0000  Train=0.022s  Test=0.006s  Peak RAM=4.186 MB
2026-03-21 03:51:23 | INFO | [ncluster=295/295] AUC-ROC=nan%  AUC-PR=0.00%  F1=0.0000  MCC=0.0000  Train=0.022s  Test=0.006s  Peak RAM=4.186 MB
2026-03-21 03:51:23 | INFO | [ncluster=298/298] AUC-ROC=nan%  AUC-PR=0.00%  F1=0.0000  MCC=0.0000  Train=0.022s  Test=0.005s  Peak RAM=4.186 MB
2026-03-21 03:51:23 | INFO | --- noise=1% ---
2026-03-21 03:51:23 | INFO | ============================================================
2026-03-21 03:51:23 | INFO | Dataset  : Train_QuantileTransformer_data_BoTIoT.csv
2026-03-21 03:51:23 | INFO | Scaler   : QuantileTransformer
2026-03-21 03:51:23 | INFO | Noise    : 1%
2026-03-21 03:51:23 | INFO | nClusters: 100 values (1..298)
2026-03-21 03:51:23 | INFO | ============================================================
2026-03-21 03:51:23 | INFO | Loaded Raw Shape -> Train: (9072, 27), Test: (15000, 27)
2026-03-21 03:51:23 | INFO | Dropped metadata features: ['pkSeqID', 'stime', 'ltime', 'seq', 'saddr', 'daddr', 'sport', 'dport', 'state', 'flgs', 'proto']
2026-03-21 03:51:23 | INFO | Dropped metadata features: ['pkSeqID', 'stime', 'ltime', 'seq', 'saddr', 'daddr', 'sport', 'dport', 'state', 'flgs', 'proto']
2026-03-21 03:51:23 | INFO | Training size : 9,162  |  Testing size: 14,910  |  Features: 15
2026-03-21 03:51:23 | INFO | Firing up Parallel execution for 100 cluster configs...
2026-03-21 03:51:55 | INFO | [ncluster=1/1] AUC-ROC=nan%  AUC-PR=0.00%  F1=0.0000  MCC=0.0000  Train=0.008s  Test=0.003s  Peak RAM=3.893 MB
2026-03-21 03:51:55 | INFO | [ncluster=4/4] AUC-ROC=nan%  AUC-PR=0.00%  F1=0.0000  MCC=0.0000  Train=0.008s  Test=0.003s  Peak RAM=3.894 MB
2026-03-21 03:51:55 | INFO | [ncluster=7/7] AUC-ROC=nan%  AUC-PR=0.00%  F1=0.0000  MCC=0.0000  Train=0.008s  Test=0.004s  Peak RAM=3.896 MB
2026-03-21 03:51:55 | INFO | [ncluster=10/10] AUC-ROC=nan%  AUC-PR=0.00%  F1=0.0000  MCC=0.0000  Train=0.009s  Test=0.003s  Peak RAM=3.895 MB
2026-03-21 03:51:55 | INFO | [ncluster=13/13] AUC-ROC=nan%  AUC-PR=0.00%  F1=0.0000  MCC=0.0000  Train=0.009s  Test=0.004s  Peak RAM=3.895 MB
2026-03-21 03:51:55 | INFO | [ncluster=16/16] AUC-ROC=nan%  AUC-PR=0.00%  F1=0.0000  MCC=0.0000  Train=0.009s  Test=0.003s  Peak RAM=3.895 MB
2026-03-21 03:51:55 | INFO | [ncluster=19/19] AUC-ROC=nan%  AUC-PR=0.00%  F1=0.0000  MCC=0.0000  Train=0.013s  Test=0.007s  Peak RAM=3.896 MB
2026-03-21 03:51:55 | INFO | [ncluster=22/22] AUC-ROC=nan%  AUC-PR=0.00%  F1=0.0000  MCC=0.0000  Train=0.018s  Test=0.004s  Peak RAM=3.896 MB
2026-03-21 03:51:55 | INFO | [ncluster=25/25] AUC-ROC=nan%  AUC-PR=0.00%  F1=0.0000  MCC=0.0000  Train=0.010s  Test=0.003s  Peak RAM=3.896 MB
2026-03-21 03:51:55 | INFO | [ncluster=28/28] AUC-ROC=nan%  AUC-PR=0.00%  F1=0.0000  MCC=0.0000  Train=0.010s  Test=0.004s  Peak RAM=3.895 MB
2026-03-21 03:51:55 | INFO | [ncluster=31/31] AUC-ROC=nan%  AUC-PR=0.00%  F1=0.0000  MCC=0.0000  Train=0.010s  Test=0.004s  Peak RAM=3.897 MB
2026-03-21 03:51:55 | INFO | [ncluster=34/34] AUC-ROC=nan%  AUC-PR=0.00%  F1=0.0000  MCC=0.0000  Train=0.011s  Test=0.003s  Peak RAM=3.897 MB
2026-03-21 03:51:55 | INFO | [ncluster=37/37] AUC-ROC=nan%  AUC-PR=0.00%  F1=0.0000  MCC=0.0000  Train=0.011s  Test=0.004s  Peak RAM=3.897 MB
2026-03-21 03:51:55 | INFO | [ncluster=40/40] AUC-ROC=nan%  AUC-PR=0.00%  F1=0.0000  MCC=0.0000  Train=0.011s  Test=0.003s  Peak RAM=3.897 MB
2026-03-21 03:51:55 | INFO | [ncluster=43/43] AUC-ROC=nan%  AUC-PR=0.00%  F1=0.0000  MCC=0.0000  Train=0.012s  Test=0.004s  Peak RAM=3.896 MB
2026-03-21 03:51:55 | INFO | [ncluster=46/46] AUC-ROC=nan%  AUC-PR=0.00%  F1=0.0000  MCC=0.0000  Train=0.013s  Test=0.004s  Peak RAM=3.897 MB
2026-03-21 03:51:55 | INFO | [ncluster=49/49] AUC-ROC=nan%  AUC-PR=0.00%  F1=0.0000  MCC=0.0000  Train=0.012s  Test=0.004s  Peak RAM=3.898 MB
2026-03-21 03:51:55 | INFO | [ncluster=52/52] AUC-ROC=nan%  AUC-PR=0.00%  F1=0.0000  MCC=0.0000  Train=0.013s  Test=0.004s  Peak RAM=3.899 MB
2026-03-21 03:51:55 | INFO | [ncluster=55/55] AUC-ROC=nan%  AUC-PR=0.00%  F1=0.0000  MCC=0.0000  Train=0.013s  Test=0.005s  Peak RAM=3.898 MB
2026-03-21 03:51:55 | INFO | [ncluster=58/58] AUC-ROC=nan%  AUC-PR=0.00%  F1=0.0000  MCC=0.0000  Train=0.029s  Test=0.007s  Peak RAM=3.898 MB
2026-03-21 03:51:55 | INFO | [ncluster=61/61] AUC-ROC=nan%  AUC-PR=0.00%  F1=0.0000  MCC=0.0000  Train=0.013s  Test=0.004s  Peak RAM=3.898 MB
2026-03-21 03:51:55 | INFO | [ncluster=64/64] AUC-ROC=nan%  AUC-PR=0.00%  F1=0.0000  MCC=0.0000  Train=0.014s  Test=0.003s  Peak RAM=3.899 MB
2026-03-21 03:51:55 | INFO | [ncluster=67/67] AUC-ROC=nan%  AUC-PR=0.00%  F1=0.0000  MCC=0.0000  Train=0.028s  Test=0.010s  Peak RAM=3.898 MB
2026-03-21 03:51:55 | INFO | [ncluster=70/70] AUC-ROC=nan%  AUC-PR=0.00%  F1=0.0000  MCC=0.0000  Train=0.014s  Test=0.008s  Peak RAM=3.899 MB
2026-03-21 03:51:55 | INFO | [ncluster=73/73] AUC-ROC=nan%  AUC-PR=0.00%  F1=0.0000  MCC=0.0000  Train=0.014s  Test=0.004s  Peak RAM=3.898 MB
2026-03-21 03:51:55 | INFO | [ncluster=76/76] AUC-ROC=nan%  AUC-PR=0.00%  F1=0.0000  MCC=0.0000  Train=0.014s  Test=0.004s  Peak RAM=3.896 MB
2026-03-21 03:51:55 | INFO | [ncluster=79/79] AUC-ROC=nan%  AUC-PR=0.00%  F1=0.0000  MCC=0.0000  Train=0.015s  Test=0.005s  Peak RAM=3.899 MB
2026-03-21 03:51:55 | INFO | [ncluster=82/82] AUC-ROC=nan%  AUC-PR=0.00%  F1=0.0000  MCC=0.0000  Train=0.015s  Test=0.004s  Peak RAM=3.897 MB
2026-03-21 03:51:55 | INFO | [ncluster=85/85] AUC-ROC=nan%  AUC-PR=0.00%  F1=0.0000  MCC=0.0000  Train=0.016s  Test=0.005s  Peak RAM=3.9 MB
2026-03-21 03:51:55 | INFO | [ncluster=88/88] AUC-ROC=nan%  AUC-PR=0.00%  F1=0.0000  MCC=0.0000  Train=0.015s  Test=0.004s  Peak RAM=3.897 MB
2026-03-21 03:51:55 | INFO | [ncluster=91/91] AUC-ROC=nan%  AUC-PR=0.00%  F1=0.0000  MCC=0.0000  Train=0.028s  Test=0.010s  Peak RAM=3.901 MB
2026-03-21 03:51:55 | INFO | [ncluster=94/94] AUC-ROC=nan%  AUC-PR=0.00%  F1=0.0000  MCC=0.0000  Train=0.016s  Test=0.005s  Peak RAM=3.898 MB
2026-03-21 03:51:55 | INFO | [ncluster=97/97] AUC-ROC=nan%  AUC-PR=0.00%  F1=0.0000  MCC=0.0000  Train=0.017s  Test=0.004s  Peak RAM=3.901 MB
2026-03-21 03:51:55 | INFO | [ncluster=100/100] AUC-ROC=nan%  AUC-PR=0.00%  F1=0.0000  MCC=0.0000  Train=0.015s  Test=0.004s  Peak RAM=3.898 MB
2026-03-21 03:51:55 | INFO | [ncluster=103/103] AUC-ROC=nan%  AUC-PR=0.00%  F1=0.0000  MCC=0.0000  Train=0.018s  Test=0.005s  Peak RAM=3.902 MB
2026-03-21 03:51:55 | INFO | [ncluster=106/106] AUC-ROC=nan%  AUC-PR=0.00%  F1=0.0000  MCC=0.0000  Train=0.017s  Test=0.004s  Peak RAM=3.899 MB
2026-03-21 03:51:55 | INFO | [ncluster=109/109] AUC-ROC=nan%  AUC-PR=0.00%  F1=0.0000  MCC=0.0000  Train=0.018s  Test=0.005s  Peak RAM=3.903 MB
2026-03-21 03:51:55 | INFO | [ncluster=112/112] AUC-ROC=nan%  AUC-PR=0.00%  F1=0.0000  MCC=0.0000  Train=0.018s  Test=0.004s  Peak RAM=3.9 MB
2026-03-21 03:51:55 | INFO | [ncluster=115/115] AUC-ROC=nan%  AUC-PR=0.00%  F1=0.0000  MCC=0.0000  Train=0.019s  Test=0.005s  Peak RAM=3.901 MB
2026-03-21 03:51:55 | INFO | [ncluster=118/118] AUC-ROC=nan%  AUC-PR=0.00%  F1=0.0000  MCC=0.0000  Train=0.019s  Test=0.005s  Peak RAM=3.899 MB
2026-03-21 03:51:55 | INFO | [ncluster=121/121] AUC-ROC=nan%  AUC-PR=0.00%  F1=0.0000  MCC=0.0000  Train=0.019s  Test=0.004s  Peak RAM=3.903 MB
2026-03-21 03:51:55 | INFO | [ncluster=124/124] AUC-ROC=nan%  AUC-PR=0.00%  F1=0.0000  MCC=0.0000  Train=0.019s  Test=0.005s  Peak RAM=3.9 MB
2026-03-21 03:51:55 | INFO | [ncluster=127/127] AUC-ROC=nan%  AUC-PR=0.00%  F1=0.0000  MCC=0.0000  Train=0.020s  Test=0.005s  Peak RAM=3.903 MB
2026-03-21 03:51:55 | INFO | [ncluster=130/130] AUC-ROC=nan%  AUC-PR=0.00%  F1=0.0000  MCC=0.0000  Train=0.020s  Test=0.005s  Peak RAM=3.9 MB
2026-03-21 03:51:55 | INFO | [ncluster=133/133] AUC-ROC=nan%  AUC-PR=0.00%  F1=0.0000  MCC=0.0000  Train=0.020s  Test=0.005s  Peak RAM=3.903 MB
2026-03-21 03:51:55 | INFO | [ncluster=136/136] AUC-ROC=nan%  AUC-PR=0.00%  F1=0.0000  MCC=0.0000  Train=0.029s  Test=0.010s  Peak RAM=3.901 MB
2026-03-21 03:51:55 | INFO | [ncluster=139/139] AUC-ROC=nan%  AUC-PR=0.00%  F1=0.0000  MCC=0.0000  Train=0.021s  Test=0.005s  Peak RAM=3.903 MB
2026-03-21 03:51:55 | INFO | [ncluster=142/142] AUC-ROC=nan%  AUC-PR=0.00%  F1=0.0000  MCC=0.0000  Train=0.021s  Test=0.006s  Peak RAM=3.9 MB
2026-03-21 03:51:55 | INFO | [ncluster=145/145] AUC-ROC=nan%  AUC-PR=0.00%  F1=0.0000  MCC=0.0000  Train=0.021s  Test=0.008s  Peak RAM=3.902 MB
2026-03-21 03:51:55 | INFO | [ncluster=148/148] AUC-ROC=nan%  AUC-PR=0.00%  F1=0.0000  MCC=0.0000  Train=0.022s  Test=0.005s  Peak RAM=3.901 MB
2026-03-21 03:51:55 | INFO | [ncluster=151/151] AUC-ROC=nan%  AUC-PR=0.00%  F1=0.0000  MCC=0.0000  Train=0.022s  Test=0.006s  Peak RAM=3.904 MB
2026-03-21 03:51:55 | INFO | [ncluster=154/154] AUC-ROC=nan%  AUC-PR=0.00%  F1=0.0000  MCC=0.0000  Train=0.022s  Test=0.005s  Peak RAM=3.902 MB
2026-03-21 03:51:55 | INFO | [ncluster=157/157] AUC-ROC=nan%  AUC-PR=0.00%  F1=0.0000  MCC=0.0000  Train=0.022s  Test=0.006s  Peak RAM=3.904 MB
2026-03-21 03:51:55 | INFO | [ncluster=160/160] AUC-ROC=nan%  AUC-PR=0.00%  F1=0.0000  MCC=0.0000  Train=0.032s  Test=0.011s  Peak RAM=3.901 MB
2026-03-21 03:51:55 | INFO | [ncluster=163/163] AUC-ROC=nan%  AUC-PR=0.00%  F1=0.0000  MCC=0.0000  Train=0.023s  Test=0.005s  Peak RAM=3.904 MB
2026-03-21 03:51:55 | INFO | [ncluster=166/166] AUC-ROC=nan%  AUC-PR=0.00%  F1=0.0000  MCC=0.0000  Train=0.023s  Test=0.006s  Peak RAM=3.903 MB
2026-03-21 03:51:55 | INFO | [ncluster=169/169] AUC-ROC=nan%  AUC-PR=0.00%  F1=0.0000  MCC=0.0000  Train=0.023s  Test=0.005s  Peak RAM=3.906 MB
2026-03-21 03:51:55 | INFO | [ncluster=172/172] AUC-ROC=nan%  AUC-PR=0.00%  F1=0.0000  MCC=0.0000  Train=0.022s  Test=0.005s  Peak RAM=3.903 MB
2026-03-21 03:51:55 | INFO | [ncluster=175/175] AUC-ROC=nan%  AUC-PR=0.00%  F1=0.0000  MCC=0.0000  Train=0.024s  Test=0.006s  Peak RAM=3.906 MB
2026-03-21 03:51:55 | INFO | [ncluster=178/178] AUC-ROC=nan%  AUC-PR=0.00%  F1=0.0000  MCC=0.0000  Train=0.023s  Test=0.005s  Peak RAM=3.904 MB
2026-03-21 03:51:55 | INFO | [ncluster=181/181] AUC-ROC=nan%  AUC-PR=0.00%  F1=0.0000  MCC=0.0000  Train=0.025s  Test=0.006s  Peak RAM=3.906 MB
2026-03-21 03:51:55 | INFO | [ncluster=184/184] AUC-ROC=nan%  AUC-PR=0.00%  F1=0.0000  MCC=0.0000  Train=0.025s  Test=0.005s  Peak RAM=3.904 MB
2026-03-21 03:51:55 | INFO | [ncluster=187/187] AUC-ROC=nan%  AUC-PR=0.00%  F1=0.0000  MCC=0.0000  Train=0.025s  Test=0.006s  Peak RAM=3.906 MB
2026-03-21 03:51:55 | INFO | [ncluster=190/190] AUC-ROC=nan%  AUC-PR=0.00%  F1=0.0000  MCC=0.0000  Train=0.053s  Test=0.006s  Peak RAM=3.903 MB
2026-03-21 03:51:55 | INFO | [ncluster=193/193] AUC-ROC=nan%  AUC-PR=0.00%  F1=0.0000  MCC=0.0000  Train=0.024s  Test=0.005s  Peak RAM=3.906 MB
2026-03-21 03:51:55 | INFO | [ncluster=196/196] AUC-ROC=nan%  AUC-PR=0.00%  F1=0.0000  MCC=0.0000  Train=0.026s  Test=0.006s  Peak RAM=3.905 MB
2026-03-21 03:51:55 | INFO | [ncluster=199/199] AUC-ROC=nan%  AUC-PR=0.00%  F1=0.0000  MCC=0.0000  Train=0.026s  Test=0.007s  Peak RAM=3.907 MB
2026-03-21 03:51:55 | INFO | [ncluster=202/202] AUC-ROC=nan%  AUC-PR=0.00%  F1=0.0000  MCC=0.0000  Train=0.037s  Test=0.012s  Peak RAM=3.906 MB
2026-03-21 03:51:55 | INFO | [ncluster=205/205] AUC-ROC=nan%  AUC-PR=0.00%  F1=0.0000  MCC=0.0000  Train=0.027s  Test=0.006s  Peak RAM=3.91 MB
2026-03-21 03:51:55 | INFO | [ncluster=208/208] AUC-ROC=nan%  AUC-PR=0.00%  F1=0.0000  MCC=0.0000  Train=0.037s  Test=0.005s  Peak RAM=3.905 MB
2026-03-21 03:51:55 | INFO | [ncluster=211/211] AUC-ROC=nan%  AUC-PR=0.00%  F1=0.0000  MCC=0.0000  Train=0.027s  Test=0.010s  Peak RAM=3.907 MB
2026-03-21 03:51:55 | INFO | [ncluster=214/214] AUC-ROC=nan%  AUC-PR=0.00%  F1=0.0000  MCC=0.0000  Train=0.027s  Test=0.007s  Peak RAM=3.906 MB
2026-03-21 03:51:55 | INFO | [ncluster=217/217] AUC-ROC=nan%  AUC-PR=0.00%  F1=0.0000  MCC=0.0000  Train=0.028s  Test=0.006s  Peak RAM=3.907 MB
2026-03-21 03:51:55 | INFO | [ncluster=220/220] AUC-ROC=nan%  AUC-PR=0.00%  F1=0.0000  MCC=0.0000  Train=0.028s  Test=0.006s  Peak RAM=3.908 MB
2026-03-21 03:51:55 | INFO | [ncluster=223/223] AUC-ROC=nan%  AUC-PR=0.00%  F1=0.0000  MCC=0.0000  Train=0.025s  Test=0.006s  Peak RAM=3.908 MB
2026-03-21 03:51:55 | INFO | [ncluster=226/226] AUC-ROC=nan%  AUC-PR=0.00%  F1=0.0000  MCC=0.0000  Train=0.028s  Test=0.006s  Peak RAM=3.908 MB
2026-03-21 03:51:55 | INFO | [ncluster=229/229] AUC-ROC=nan%  AUC-PR=0.00%  F1=0.0000  MCC=0.0000  Train=0.029s  Test=0.007s  Peak RAM=3.908 MB
2026-03-21 03:51:55 | INFO | [ncluster=232/232] AUC-ROC=nan%  AUC-PR=0.00%  F1=0.0000  MCC=0.0000  Train=0.035s  Test=0.005s  Peak RAM=3.908 MB
2026-03-21 03:51:55 | INFO | [ncluster=235/235] AUC-ROC=nan%  AUC-PR=0.00%  F1=0.0000  MCC=0.0000  Train=0.061s  Test=0.012s  Peak RAM=3.91 MB
2026-03-21 03:51:55 | INFO | [ncluster=238/238] AUC-ROC=nan%  AUC-PR=0.00%  F1=0.0000  MCC=0.0000  Train=0.030s  Test=0.007s  Peak RAM=3.91 MB
2026-03-21 03:51:55 | INFO | [ncluster=241/241] AUC-ROC=nan%  AUC-PR=0.00%  F1=0.0000  MCC=0.0000  Train=0.030s  Test=0.006s  Peak RAM=3.91 MB
2026-03-21 03:51:55 | INFO | [ncluster=244/244] AUC-ROC=nan%  AUC-PR=0.00%  F1=0.0000  MCC=0.0000  Train=0.031s  Test=0.007s  Peak RAM=3.91 MB
2026-03-21 03:51:55 | INFO | [ncluster=247/247] AUC-ROC=nan%  AUC-PR=0.00%  F1=0.0000  MCC=0.0000  Train=0.027s  Test=0.007s  Peak RAM=3.91 MB
2026-03-21 03:51:55 | INFO | [ncluster=250/250] AUC-ROC=nan%  AUC-PR=0.00%  F1=0.0000  MCC=0.0000  Train=0.040s  Test=0.006s  Peak RAM=3.91 MB
2026-03-21 03:51:55 | INFO | [ncluster=253/253] AUC-ROC=nan%  AUC-PR=0.00%  F1=0.0000  MCC=0.0000  Train=0.031s  Test=0.007s  Peak RAM=3.911 MB
2026-03-21 03:51:55 | INFO | [ncluster=256/256] AUC-ROC=nan%  AUC-PR=0.00%  F1=0.0000  MCC=0.0000  Train=0.031s  Test=0.006s  Peak RAM=3.911 MB
2026-03-21 03:51:55 | INFO | [ncluster=259/259] AUC-ROC=nan%  AUC-PR=0.00%  F1=0.0000  MCC=0.0000  Train=0.032s  Test=0.007s  Peak RAM=3.91 MB
2026-03-21 03:51:55 | INFO | [ncluster=262/262] AUC-ROC=nan%  AUC-PR=0.00%  F1=0.0000  MCC=0.0000  Train=0.032s  Test=0.007s  Peak RAM=3.912 MB
2026-03-21 03:51:55 | INFO | [ncluster=265/265] AUC-ROC=nan%  AUC-PR=0.00%  F1=0.0000  MCC=0.0000  Train=0.032s  Test=0.006s  Peak RAM=3.911 MB
2026-03-21 03:51:55 | INFO | [ncluster=268/268] AUC-ROC=nan%  AUC-PR=0.00%  F1=0.0000  MCC=0.0000  Train=0.032s  Test=0.007s  Peak RAM=3.912 MB
2026-03-21 03:51:55 | INFO | [ncluster=271/271] AUC-ROC=nan%  AUC-PR=0.00%  F1=0.0000  MCC=0.0000  Train=0.033s  Test=0.007s  Peak RAM=3.914 MB
2026-03-21 03:51:55 | INFO | [ncluster=274/274] AUC-ROC=nan%  AUC-PR=0.00%  F1=0.0000  MCC=0.0000  Train=0.030s  Test=0.007s  Peak RAM=3.913 MB
2026-03-21 03:51:55 | INFO | [ncluster=277/277] AUC-ROC=nan%  AUC-PR=0.00%  F1=0.0000  MCC=0.0000  Train=0.029s  Test=0.007s  Peak RAM=3.912 MB
2026-03-21 03:51:55 | INFO | [ncluster=280/280] AUC-ROC=nan%  AUC-PR=0.00%  F1=0.0000  MCC=0.0000  Train=0.032s  Test=0.006s  Peak RAM=3.913 MB
2026-03-21 03:51:55 | INFO | [ncluster=283/283] AUC-ROC=nan%  AUC-PR=0.00%  F1=0.0000  MCC=0.0000  Train=0.022s  Test=0.005s  Peak RAM=3.913 MB
2026-03-21 03:51:55 | INFO | [ncluster=286/286] AUC-ROC=nan%  AUC-PR=0.00%  F1=0.0000  MCC=0.0000  Train=0.022s  Test=0.006s  Peak RAM=3.912 MB
2026-03-21 03:51:55 | INFO | [ncluster=289/289] AUC-ROC=nan%  AUC-PR=0.00%  F1=0.0000  MCC=0.0000  Train=0.022s  Test=0.005s  Peak RAM=3.912 MB
2026-03-21 03:51:55 | INFO | [ncluster=292/292] AUC-ROC=nan%  AUC-PR=0.00%  F1=0.0000  MCC=0.0000  Train=0.022s  Test=0.005s  Peak RAM=3.913 MB
2026-03-21 03:51:55 | INFO | [ncluster=295/295] AUC-ROC=nan%  AUC-PR=0.00%  F1=0.0000  MCC=0.0000  Train=0.022s  Test=0.006s  Peak RAM=3.913 MB
2026-03-21 03:51:55 | INFO | [ncluster=298/298] AUC-ROC=nan%  AUC-PR=0.00%  F1=0.0000  MCC=0.0000  Train=0.022s  Test=0.005s  Peak RAM=3.912 MB
2026-03-21 03:51:55 | INFO | --- noise=3% ---
2026-03-21 03:51:55 | INFO | ============================================================
2026-03-21 03:51:55 | INFO | Dataset  : Train_QuantileTransformer_data_BoTIoT.csv
2026-03-21 03:51:55 | INFO | Scaler   : QuantileTransformer
2026-03-21 03:51:55 | INFO | Noise    : 3%
2026-03-21 03:51:55 | INFO | nClusters: 100 values (1..298)
2026-03-21 03:51:55 | INFO | ============================================================
2026-03-21 03:51:55 | INFO | Loaded Raw Shape -> Train: (9072, 27), Test: (15000, 27)
2026-03-21 03:51:55 | INFO | Dropped metadata features: ['pkSeqID', 'stime', 'ltime', 'seq', 'saddr', 'daddr', 'sport', 'dport', 'state', 'flgs', 'proto']
2026-03-21 03:51:55 | INFO | Dropped metadata features: ['pkSeqID', 'stime', 'ltime', 'seq', 'saddr', 'daddr', 'sport', 'dport', 'state', 'flgs', 'proto']
2026-03-21 03:51:55 | INFO | Training size : 9,344  |  Testing size: 14,728  |  Features: 15
2026-03-21 03:51:55 | INFO | Firing up Parallel execution for 100 cluster configs...
2026-03-21 03:52:26 | INFO | [ncluster=1/1] AUC-ROC=nan%  AUC-PR=0.00%  F1=0.0000  MCC=0.0000  Train=0.008s  Test=0.003s  Peak RAM=3.97 MB
2026-03-21 03:52:26 | INFO | [ncluster=4/4] AUC-ROC=nan%  AUC-PR=0.00%  F1=0.0000  MCC=0.0000  Train=0.008s  Test=0.003s  Peak RAM=3.972 MB
2026-03-21 03:52:26 | INFO | [ncluster=7/7] AUC-ROC=nan%  AUC-PR=0.00%  F1=0.0000  MCC=0.0000  Train=0.008s  Test=0.004s  Peak RAM=3.971 MB
2026-03-21 03:52:26 | INFO | [ncluster=10/10] AUC-ROC=nan%  AUC-PR=0.00%  F1=0.0000  MCC=0.0000  Train=0.009s  Test=0.003s  Peak RAM=3.973 MB
2026-03-21 03:52:26 | INFO | [ncluster=13/13] AUC-ROC=nan%  AUC-PR=0.00%  F1=0.0000  MCC=0.0000  Train=0.009s  Test=0.004s  Peak RAM=3.972 MB
2026-03-21 03:52:26 | INFO | [ncluster=16/16] AUC-ROC=nan%  AUC-PR=0.00%  F1=0.0000  MCC=0.0000  Train=0.019s  Test=0.003s  Peak RAM=3.972 MB
2026-03-21 03:52:26 | INFO | [ncluster=19/19] AUC-ROC=nan%  AUC-PR=0.00%  F1=0.0000  MCC=0.0000  Train=0.010s  Test=0.003s  Peak RAM=3.973 MB
2026-03-21 03:52:26 | INFO | [ncluster=22/22] AUC-ROC=nan%  AUC-PR=0.00%  F1=0.0000  MCC=0.0000  Train=0.009s  Test=0.004s  Peak RAM=3.974 MB
2026-03-21 03:52:26 | INFO | [ncluster=25/25] AUC-ROC=nan%  AUC-PR=0.00%  F1=0.0000  MCC=0.0000  Train=0.010s  Test=0.003s  Peak RAM=3.972 MB
2026-03-21 03:52:26 | INFO | [ncluster=28/28] AUC-ROC=nan%  AUC-PR=0.00%  F1=0.0000  MCC=0.0000  Train=0.010s  Test=0.004s  Peak RAM=3.974 MB
2026-03-21 03:52:26 | INFO | [ncluster=31/31] AUC-ROC=nan%  AUC-PR=0.00%  F1=0.0000  MCC=0.0000  Train=0.011s  Test=0.004s  Peak RAM=3.974 MB
2026-03-21 03:52:26 | INFO | [ncluster=34/34] AUC-ROC=nan%  AUC-PR=0.00%  F1=0.0000  MCC=0.0000  Train=0.011s  Test=0.003s  Peak RAM=3.973 MB
2026-03-21 03:52:26 | INFO | [ncluster=37/37] AUC-ROC=nan%  AUC-PR=0.00%  F1=0.0000  MCC=0.0000  Train=0.011s  Test=0.004s  Peak RAM=3.974 MB
2026-03-21 03:52:26 | INFO | [ncluster=40/40] AUC-ROC=nan%  AUC-PR=0.00%  F1=0.0000  MCC=0.0000  Train=0.011s  Test=0.003s  Peak RAM=3.974 MB
2026-03-21 03:52:26 | INFO | [ncluster=43/43] AUC-ROC=nan%  AUC-PR=0.00%  F1=0.0000  MCC=0.0000  Train=0.012s  Test=0.004s  Peak RAM=3.974 MB
2026-03-21 03:52:26 | INFO | [ncluster=46/46] AUC-ROC=nan%  AUC-PR=0.00%  F1=0.0000  MCC=0.0000  Train=0.012s  Test=0.004s  Peak RAM=3.976 MB
2026-03-21 03:52:26 | INFO | [ncluster=49/49] AUC-ROC=nan%  AUC-PR=0.00%  F1=0.0000  MCC=0.0000  Train=0.013s  Test=0.004s  Peak RAM=3.974 MB
2026-03-21 03:52:26 | INFO | [ncluster=52/52] AUC-ROC=nan%  AUC-PR=0.00%  F1=0.0000  MCC=0.0000  Train=0.019s  Test=0.010s  Peak RAM=3.975 MB
2026-03-21 03:52:26 | INFO | [ncluster=55/55] AUC-ROC=nan%  AUC-PR=0.00%  F1=0.0000  MCC=0.0000  Train=0.012s  Test=0.004s  Peak RAM=3.975 MB
2026-03-21 03:52:26 | INFO | [ncluster=58/58] AUC-ROC=nan%  AUC-PR=0.00%  F1=0.0000  MCC=0.0000  Train=0.013s  Test=0.004s  Peak RAM=3.975 MB
2026-03-21 03:52:26 | INFO | [ncluster=61/61] AUC-ROC=nan%  AUC-PR=0.00%  F1=0.0000  MCC=0.0000  Train=0.026s  Test=0.010s  Peak RAM=3.975 MB
2026-03-21 03:52:26 | INFO | [ncluster=64/64] AUC-ROC=nan%  AUC-PR=0.00%  F1=0.0000  MCC=0.0000  Train=0.014s  Test=0.003s  Peak RAM=3.977 MB
2026-03-21 03:52:26 | INFO | [ncluster=67/67] AUC-ROC=nan%  AUC-PR=0.00%  F1=0.0000  MCC=0.0000  Train=0.014s  Test=0.004s  Peak RAM=3.975 MB
2026-03-21 03:52:26 | INFO | [ncluster=70/70] AUC-ROC=nan%  AUC-PR=0.00%  F1=0.0000  MCC=0.0000  Train=0.014s  Test=0.005s  Peak RAM=3.975 MB
2026-03-21 03:52:26 | INFO | [ncluster=73/73] AUC-ROC=nan%  AUC-PR=0.00%  F1=0.0000  MCC=0.0000  Train=0.014s  Test=0.004s  Peak RAM=3.976 MB
2026-03-21 03:52:26 | INFO | [ncluster=76/76] AUC-ROC=nan%  AUC-PR=0.00%  F1=0.0000  MCC=0.0000  Train=0.015s  Test=0.004s  Peak RAM=3.974 MB
2026-03-21 03:52:26 | INFO | [ncluster=79/79] AUC-ROC=nan%  AUC-PR=0.00%  F1=0.0000  MCC=0.0000  Train=0.015s  Test=0.005s  Peak RAM=3.976 MB
2026-03-21 03:52:26 | INFO | [ncluster=82/82] AUC-ROC=nan%  AUC-PR=0.00%  F1=0.0000  MCC=0.0000  Train=0.016s  Test=0.004s  Peak RAM=3.974 MB
2026-03-21 03:52:26 | INFO | [ncluster=85/85] AUC-ROC=nan%  AUC-PR=0.00%  F1=0.0000  MCC=0.0000  Train=0.016s  Test=0.005s  Peak RAM=3.977 MB
2026-03-21 03:52:26 | INFO | [ncluster=88/88] AUC-ROC=nan%  AUC-PR=0.00%  F1=0.0000  MCC=0.0000  Train=0.016s  Test=0.004s  Peak RAM=3.975 MB
2026-03-21 03:52:26 | INFO | [ncluster=91/91] AUC-ROC=nan%  AUC-PR=0.00%  F1=0.0000  MCC=0.0000  Train=0.015s  Test=0.004s  Peak RAM=3.977 MB
2026-03-21 03:52:26 | INFO | [ncluster=94/94] AUC-ROC=nan%  AUC-PR=0.00%  F1=0.0000  MCC=0.0000  Train=0.015s  Test=0.005s  Peak RAM=3.975 MB
2026-03-21 03:52:26 | INFO | [ncluster=97/97] AUC-ROC=nan%  AUC-PR=0.00%  F1=0.0000  MCC=0.0000  Train=0.017s  Test=0.004s  Peak RAM=3.978 MB
2026-03-21 03:52:26 | INFO | [ncluster=100/100] AUC-ROC=nan%  AUC-PR=0.00%  F1=0.0000  MCC=0.0000  Train=0.017s  Test=0.005s  Peak RAM=3.976 MB
2026-03-21 03:52:26 | INFO | [ncluster=103/103] AUC-ROC=nan%  AUC-PR=0.00%  F1=0.0000  MCC=0.0000  Train=0.017s  Test=0.005s  Peak RAM=3.98 MB
2026-03-21 03:52:26 | INFO | [ncluster=106/106] AUC-ROC=nan%  AUC-PR=0.00%  F1=0.0000  MCC=0.0000  Train=0.018s  Test=0.004s  Peak RAM=3.977 MB
2026-03-21 03:52:26 | INFO | [ncluster=109/109] AUC-ROC=nan%  AUC-PR=0.00%  F1=0.0000  MCC=0.0000  Train=0.018s  Test=0.005s  Peak RAM=3.978 MB
2026-03-21 03:52:26 | INFO | [ncluster=112/112] AUC-ROC=nan%  AUC-PR=0.00%  F1=0.0000  MCC=0.0000  Train=0.018s  Test=0.004s  Peak RAM=3.976 MB
2026-03-21 03:52:26 | INFO | [ncluster=115/115] AUC-ROC=nan%  AUC-PR=0.00%  F1=0.0000  MCC=0.0000  Train=0.018s  Test=0.005s  Peak RAM=3.979 MB
2026-03-21 03:52:26 | INFO | [ncluster=118/118] AUC-ROC=nan%  AUC-PR=0.00%  F1=0.0000  MCC=0.0000  Train=0.019s  Test=0.005s  Peak RAM=3.976 MB
2026-03-21 03:52:26 | INFO | [ncluster=121/121] AUC-ROC=nan%  AUC-PR=0.00%  F1=0.0000  MCC=0.0000  Train=0.019s  Test=0.004s  Peak RAM=3.979 MB
2026-03-21 03:52:26 | INFO | [ncluster=124/124] AUC-ROC=nan%  AUC-PR=0.00%  F1=0.0000  MCC=0.0000  Train=0.019s  Test=0.005s  Peak RAM=3.977 MB
2026-03-21 03:52:26 | INFO | [ncluster=127/127] AUC-ROC=nan%  AUC-PR=0.00%  F1=0.0000  MCC=0.0000  Train=0.020s  Test=0.005s  Peak RAM=3.98 MB
2026-03-21 03:52:26 | INFO | [ncluster=130/130] AUC-ROC=nan%  AUC-PR=0.00%  F1=0.0000  MCC=0.0000  Train=0.020s  Test=0.005s  Peak RAM=3.978 MB
2026-03-21 03:52:26 | INFO | [ncluster=133/133] AUC-ROC=nan%  AUC-PR=0.00%  F1=0.0000  MCC=0.0000  Train=0.019s  Test=0.005s  Peak RAM=3.98 MB
2026-03-21 03:52:26 | INFO | [ncluster=136/136] AUC-ROC=nan%  AUC-PR=0.00%  F1=0.0000  MCC=0.0000  Train=0.019s  Test=0.004s  Peak RAM=3.978 MB
2026-03-21 03:52:26 | INFO | [ncluster=139/139] AUC-ROC=nan%  AUC-PR=0.00%  F1=0.0000  MCC=0.0000  Train=0.024s  Test=0.005s  Peak RAM=3.981 MB
2026-03-21 03:52:26 | INFO | [ncluster=142/142] AUC-ROC=nan%  AUC-PR=0.00%  F1=0.0000  MCC=0.0000  Train=0.021s  Test=0.006s  Peak RAM=3.978 MB
2026-03-21 03:52:26 | INFO | [ncluster=145/145] AUC-ROC=nan%  AUC-PR=0.00%  F1=0.0000  MCC=0.0000  Train=0.026s  Test=0.005s  Peak RAM=3.981 MB
2026-03-21 03:52:26 | INFO | [ncluster=148/148] AUC-ROC=nan%  AUC-PR=0.00%  F1=0.0000  MCC=0.0000  Train=0.022s  Test=0.005s  Peak RAM=3.979 MB
2026-03-21 03:52:26 | INFO | [ncluster=151/151] AUC-ROC=nan%  AUC-PR=0.00%  F1=0.0000  MCC=0.0000  Train=0.021s  Test=0.006s  Peak RAM=3.981 MB
2026-03-21 03:52:26 | INFO | [ncluster=154/154] AUC-ROC=nan%  AUC-PR=0.00%  F1=0.0000  MCC=0.0000  Train=0.022s  Test=0.005s  Peak RAM=3.978 MB
2026-03-21 03:52:26 | INFO | [ncluster=157/157] AUC-ROC=nan%  AUC-PR=0.00%  F1=0.0000  MCC=0.0000  Train=0.023s  Test=0.006s  Peak RAM=3.982 MB
2026-03-21 03:52:26 | INFO | [ncluster=160/160] AUC-ROC=nan%  AUC-PR=0.00%  F1=0.0000  MCC=0.0000  Train=0.023s  Test=0.005s  Peak RAM=3.979 MB
2026-03-21 03:52:26 | INFO | [ncluster=163/163] AUC-ROC=nan%  AUC-PR=0.00%  F1=0.0000  MCC=0.0000  Train=0.021s  Test=0.005s  Peak RAM=3.982 MB
2026-03-21 03:52:26 | INFO | [ncluster=166/166] AUC-ROC=nan%  AUC-PR=0.00%  F1=0.0000  MCC=0.0000  Train=0.022s  Test=0.005s  Peak RAM=3.98 MB
2026-03-21 03:52:26 | INFO | [ncluster=169/169] AUC-ROC=nan%  AUC-PR=0.00%  F1=0.0000  MCC=0.0000  Train=0.024s  Test=0.005s  Peak RAM=3.984 MB
2026-03-21 03:52:26 | INFO | [ncluster=172/172] AUC-ROC=nan%  AUC-PR=0.00%  F1=0.0000  MCC=0.0000  Train=0.024s  Test=0.006s  Peak RAM=3.981 MB
2026-03-21 03:52:26 | INFO | [ncluster=175/175] AUC-ROC=nan%  AUC-PR=0.00%  F1=0.0000  MCC=0.0000  Train=0.024s  Test=0.006s  Peak RAM=3.983 MB
2026-03-21 03:52:26 | INFO | [ncluster=178/178] AUC-ROC=nan%  AUC-PR=0.00%  F1=0.0000  MCC=0.0000  Train=0.025s  Test=0.005s  Peak RAM=3.98 MB
2026-03-21 03:52:26 | INFO | [ncluster=181/181] AUC-ROC=nan%  AUC-PR=0.00%  F1=0.0000  MCC=0.0000  Train=0.023s  Test=0.007s  Peak RAM=3.983 MB
2026-03-21 03:52:26 | INFO | [ncluster=184/184] AUC-ROC=nan%  AUC-PR=0.00%  F1=0.0000  MCC=0.0000  Train=0.025s  Test=0.005s  Peak RAM=3.981 MB
2026-03-21 03:52:26 | INFO | [ncluster=187/187] AUC-ROC=nan%  AUC-PR=0.00%  F1=0.0000  MCC=0.0000  Train=0.050s  Test=0.012s  Peak RAM=3.984 MB
2026-03-21 03:52:26 | INFO | [ncluster=190/190] AUC-ROC=nan%  AUC-PR=0.00%  F1=0.0000  MCC=0.0000  Train=0.026s  Test=0.006s  Peak RAM=3.981 MB
2026-03-21 03:52:26 | INFO | [ncluster=193/193] AUC-ROC=nan%  AUC-PR=0.00%  F1=0.0000  MCC=0.0000  Train=0.026s  Test=0.005s  Peak RAM=3.986 MB
2026-03-21 03:52:26 | INFO | [ncluster=196/196] AUC-ROC=nan%  AUC-PR=0.00%  F1=0.0000  MCC=0.0000  Train=0.026s  Test=0.006s  Peak RAM=3.983 MB
2026-03-21 03:52:26 | INFO | [ncluster=199/199] AUC-ROC=nan%  AUC-PR=0.00%  F1=0.0000  MCC=0.0000  Train=0.026s  Test=0.006s  Peak RAM=3.984 MB
2026-03-21 03:52:26 | INFO | [ncluster=202/202] AUC-ROC=nan%  AUC-PR=0.00%  F1=0.0000  MCC=0.0000  Train=0.027s  Test=0.006s  Peak RAM=3.982 MB
2026-03-21 03:52:26 | INFO | [ncluster=205/205] AUC-ROC=nan%  AUC-PR=0.00%  F1=0.0000  MCC=0.0000  Train=0.027s  Test=0.006s  Peak RAM=3.985 MB
2026-03-21 03:52:26 | INFO | [ncluster=208/208] AUC-ROC=nan%  AUC-PR=0.00%  F1=0.0000  MCC=0.0000  Train=0.027s  Test=0.005s  Peak RAM=3.982 MB
2026-03-21 03:52:26 | INFO | [ncluster=211/211] AUC-ROC=nan%  AUC-PR=0.00%  F1=0.0000  MCC=0.0000  Train=0.027s  Test=0.006s  Peak RAM=3.985 MB
2026-03-21 03:52:26 | INFO | [ncluster=214/214] AUC-ROC=nan%  AUC-PR=0.00%  F1=0.0000  MCC=0.0000  Train=0.028s  Test=0.007s  Peak RAM=3.983 MB
2026-03-21 03:52:26 | INFO | [ncluster=217/217] AUC-ROC=nan%  AUC-PR=0.00%  F1=0.0000  MCC=0.0000  Train=0.028s  Test=0.006s  Peak RAM=3.985 MB
2026-03-21 03:52:26 | INFO | [ncluster=220/220] AUC-ROC=nan%  AUC-PR=0.00%  F1=0.0000  MCC=0.0000  Train=0.025s  Test=0.006s  Peak RAM=3.986 MB
2026-03-21 03:52:26 | INFO | [ncluster=223/223] AUC-ROC=nan%  AUC-PR=0.00%  F1=0.0000  MCC=0.0000  Train=0.050s  Test=0.014s  Peak RAM=3.985 MB
2026-03-21 03:52:26 | INFO | [ncluster=226/226] AUC-ROC=nan%  AUC-PR=0.00%  F1=0.0000  MCC=0.0000  Train=0.027s  Test=0.006s  Peak RAM=3.987 MB
2026-03-21 03:52:26 | INFO | [ncluster=229/229] AUC-ROC=nan%  AUC-PR=0.00%  F1=0.0000  MCC=0.0000  Train=0.029s  Test=0.007s  Peak RAM=3.986 MB
2026-03-21 03:52:26 | INFO | [ncluster=232/232] AUC-ROC=nan%  AUC-PR=0.00%  F1=0.0000  MCC=0.0000  Train=0.030s  Test=0.006s  Peak RAM=3.986 MB
2026-03-21 03:52:26 | INFO | [ncluster=235/235] AUC-ROC=nan%  AUC-PR=0.00%  F1=0.0000  MCC=0.0000  Train=0.028s  Test=0.006s  Peak RAM=3.986 MB
2026-03-21 03:52:26 | INFO | [ncluster=238/238] AUC-ROC=nan%  AUC-PR=0.00%  F1=0.0000  MCC=0.0000  Train=0.030s  Test=0.007s  Peak RAM=3.987 MB
2026-03-21 03:52:26 | INFO | [ncluster=241/241] AUC-ROC=nan%  AUC-PR=0.00%  F1=0.0000  MCC=0.0000  Train=0.027s  Test=0.006s  Peak RAM=3.988 MB
2026-03-21 03:52:26 | INFO | [ncluster=244/244] AUC-ROC=nan%  AUC-PR=0.00%  F1=0.0000  MCC=0.0000  Train=0.030s  Test=0.006s  Peak RAM=3.987 MB
2026-03-21 03:52:26 | INFO | [ncluster=247/247] AUC-ROC=nan%  AUC-PR=0.00%  F1=0.0000  MCC=0.0000  Train=0.031s  Test=0.007s  Peak RAM=3.987 MB
2026-03-21 03:52:26 | INFO | [ncluster=250/250] AUC-ROC=nan%  AUC-PR=0.00%  F1=0.0000  MCC=0.0000  Train=0.031s  Test=0.006s  Peak RAM=3.988 MB
2026-03-21 03:52:26 | INFO | [ncluster=253/253] AUC-ROC=nan%  AUC-PR=0.00%  F1=0.0000  MCC=0.0000  Train=0.031s  Test=0.007s  Peak RAM=3.989 MB
2026-03-21 03:52:26 | INFO | [ncluster=256/256] AUC-ROC=nan%  AUC-PR=0.00%  F1=0.0000  MCC=0.0000  Train=0.031s  Test=0.006s  Peak RAM=3.987 MB
2026-03-21 03:52:26 | INFO | [ncluster=259/259] AUC-ROC=nan%  AUC-PR=0.00%  F1=0.0000  MCC=0.0000  Train=0.032s  Test=0.007s  Peak RAM=3.988 MB
2026-03-21 03:52:26 | INFO | [ncluster=262/262] AUC-ROC=nan%  AUC-PR=0.00%  F1=0.0000  MCC=0.0000  Train=0.032s  Test=0.007s  Peak RAM=3.988 MB
2026-03-21 03:52:26 | INFO | [ncluster=265/265] AUC-ROC=nan%  AUC-PR=0.00%  F1=0.0000  MCC=0.0000  Train=0.032s  Test=0.006s  Peak RAM=3.988 MB
2026-03-21 03:52:26 | INFO | [ncluster=268/268] AUC-ROC=nan%  AUC-PR=0.00%  F1=0.0000  MCC=0.0000  Train=0.029s  Test=0.006s  Peak RAM=3.989 MB
2026-03-21 03:52:26 | INFO | [ncluster=271/271] AUC-ROC=nan%  AUC-PR=0.00%  F1=0.0000  MCC=0.0000  Train=0.030s  Test=0.007s  Peak RAM=3.99 MB
2026-03-21 03:52:26 | INFO | [ncluster=274/274] AUC-ROC=nan%  AUC-PR=0.00%  F1=0.0000  MCC=0.0000  Train=0.033s  Test=0.007s  Peak RAM=3.99 MB
2026-03-21 03:52:26 | INFO | [ncluster=277/277] AUC-ROC=nan%  AUC-PR=0.00%  F1=0.0000  MCC=0.0000  Train=0.033s  Test=0.007s  Peak RAM=3.989 MB
2026-03-21 03:52:26 | INFO | [ncluster=280/280] AUC-ROC=nan%  AUC-PR=0.00%  F1=0.0000  MCC=0.0000  Train=0.022s  Test=0.005s  Peak RAM=3.99 MB
2026-03-21 03:52:26 | INFO | [ncluster=283/283] AUC-ROC=nan%  AUC-PR=0.00%  F1=0.0000  MCC=0.0000  Train=0.022s  Test=0.005s  Peak RAM=3.99 MB
2026-03-21 03:52:26 | INFO | [ncluster=286/286] AUC-ROC=nan%  AUC-PR=0.00%  F1=0.0000  MCC=0.0000  Train=0.022s  Test=0.006s  Peak RAM=3.99 MB
2026-03-21 03:52:26 | INFO | [ncluster=289/289] AUC-ROC=nan%  AUC-PR=0.00%  F1=0.0000  MCC=0.0000  Train=0.022s  Test=0.006s  Peak RAM=3.991 MB
2026-03-21 03:52:26 | INFO | [ncluster=292/292] AUC-ROC=nan%  AUC-PR=0.00%  F1=0.0000  MCC=0.0000  Train=0.022s  Test=0.005s  Peak RAM=3.99 MB
2026-03-21 03:52:26 | INFO | [ncluster=295/295] AUC-ROC=nan%  AUC-PR=0.00%  F1=0.0000  MCC=0.0000  Train=0.022s  Test=0.006s  Peak RAM=3.991 MB
2026-03-21 03:52:26 | INFO | [ncluster=298/298] AUC-ROC=nan%  AUC-PR=0.00%  F1=0.0000  MCC=0.0000  Train=0.024s  Test=0.005s  Peak RAM=3.991 MB
2026-03-21 03:52:26 | INFO | --- noise=5% ---
2026-03-21 03:52:26 | INFO | ============================================================
2026-03-21 03:52:26 | INFO | Dataset  : Train_QuantileTransformer_data_BoTIoT.csv
2026-03-21 03:52:26 | INFO | Scaler   : QuantileTransformer
2026-03-21 03:52:26 | INFO | Noise    : 5%
2026-03-21 03:52:26 | INFO | nClusters: 100 values (1..298)
2026-03-21 03:52:26 | INFO | ============================================================
2026-03-21 03:52:26 | INFO | Loaded Raw Shape -> Train: (9072, 27), Test: (15000, 27)
2026-03-21 03:52:26 | INFO | Dropped metadata features: ['pkSeqID', 'stime', 'ltime', 'seq', 'saddr', 'daddr', 'sport', 'dport', 'state', 'flgs', 'proto']
2026-03-21 03:52:26 | INFO | Dropped metadata features: ['pkSeqID', 'stime', 'ltime', 'seq', 'saddr', 'daddr', 'sport', 'dport', 'state', 'flgs', 'proto']
2026-03-21 03:52:26 | INFO | Training size : 9,525  |  Testing size: 14,547  |  Features: 15
2026-03-21 03:52:26 | INFO | Firing up Parallel execution for 100 cluster configs...
2026-03-21 03:52:58 | INFO | [ncluster=1/1] AUC-ROC=nan%  AUC-PR=0.00%  F1=0.0000  MCC=0.0000  Train=0.008s  Test=0.002s  Peak RAM=4.047 MB
2026-03-21 03:52:58 | INFO | [ncluster=4/4] AUC-ROC=nan%  AUC-PR=0.00%  F1=0.0000  MCC=0.0000  Train=0.008s  Test=0.003s  Peak RAM=4.047 MB
2026-03-21 03:52:58 | INFO | [ncluster=7/7] AUC-ROC=nan%  AUC-PR=0.00%  F1=0.0000  MCC=0.0000  Train=0.009s  Test=0.004s  Peak RAM=4.049 MB
2026-03-21 03:52:58 | INFO | [ncluster=10/10] AUC-ROC=nan%  AUC-PR=0.00%  F1=0.0000  MCC=0.0000  Train=0.018s  Test=0.003s  Peak RAM=4.048 MB
2026-03-21 03:52:58 | INFO | [ncluster=13/13] AUC-ROC=nan%  AUC-PR=0.00%  F1=0.0000  MCC=0.0000  Train=0.009s  Test=0.004s  Peak RAM=4.049 MB
2026-03-21 03:52:58 | INFO | [ncluster=16/16] AUC-ROC=nan%  AUC-PR=0.00%  F1=0.0000  MCC=0.0000  Train=0.010s  Test=0.003s  Peak RAM=4.05 MB
2026-03-21 03:52:58 | INFO | [ncluster=19/19] AUC-ROC=nan%  AUC-PR=0.00%  F1=0.0000  MCC=0.0000  Train=0.010s  Test=0.003s  Peak RAM=4.056 MB
2026-03-21 03:52:58 | INFO | [ncluster=22/22] AUC-ROC=nan%  AUC-PR=0.00%  F1=0.0000  MCC=0.0000  Train=0.010s  Test=0.004s  Peak RAM=4.05 MB
2026-03-21 03:52:58 | INFO | [ncluster=25/25] AUC-ROC=nan%  AUC-PR=0.00%  F1=0.0000  MCC=0.0000  Train=0.010s  Test=0.003s  Peak RAM=4.05 MB
2026-03-21 03:52:58 | INFO | [ncluster=28/28] AUC-ROC=nan%  AUC-PR=0.00%  F1=0.0000  MCC=0.0000  Train=0.010s  Test=0.004s  Peak RAM=4.049 MB
2026-03-21 03:52:58 | INFO | [ncluster=31/31] AUC-ROC=nan%  AUC-PR=0.00%  F1=0.0000  MCC=0.0000  Train=0.011s  Test=0.005s  Peak RAM=4.05 MB
2026-03-21 03:52:58 | INFO | [ncluster=34/34] AUC-ROC=nan%  AUC-PR=0.00%  F1=0.0000  MCC=0.0000  Train=0.011s  Test=0.003s  Peak RAM=4.05 MB
2026-03-21 03:52:58 | INFO | [ncluster=37/37] AUC-ROC=nan%  AUC-PR=0.00%  F1=0.0000  MCC=0.0000  Train=0.012s  Test=0.004s  Peak RAM=4.051 MB
2026-03-21 03:52:58 | INFO | [ncluster=40/40] AUC-ROC=nan%  AUC-PR=0.00%  F1=0.0000  MCC=0.0000  Train=0.012s  Test=0.003s  Peak RAM=4.05 MB
2026-03-21 03:52:58 | INFO | [ncluster=43/43] AUC-ROC=nan%  AUC-PR=0.00%  F1=0.0000  MCC=0.0000  Train=0.012s  Test=0.004s  Peak RAM=4.052 MB
2026-03-21 03:52:58 | INFO | [ncluster=46/46] AUC-ROC=nan%  AUC-PR=0.00%  F1=0.0000  MCC=0.0000  Train=0.012s  Test=0.004s  Peak RAM=4.052 MB
2026-03-21 03:52:58 | INFO | [ncluster=49/49] AUC-ROC=nan%  AUC-PR=0.00%  F1=0.0000  MCC=0.0000  Train=0.015s  Test=0.009s  Peak RAM=4.052 MB
2026-03-21 03:52:58 | INFO | [ncluster=52/52] AUC-ROC=nan%  AUC-PR=0.00%  F1=0.0000  MCC=0.0000  Train=0.013s  Test=0.004s  Peak RAM=4.053 MB
2026-03-21 03:52:58 | INFO | [ncluster=55/55] AUC-ROC=nan%  AUC-PR=0.00%  F1=0.0000  MCC=0.0000  Train=0.013s  Test=0.008s  Peak RAM=4.054 MB
2026-03-21 03:52:58 | INFO | [ncluster=58/58] AUC-ROC=nan%  AUC-PR=0.00%  F1=0.0000  MCC=0.0000  Train=0.014s  Test=0.004s  Peak RAM=4.052 MB
2026-03-21 03:52:58 | INFO | [ncluster=61/61] AUC-ROC=nan%  AUC-PR=0.00%  F1=0.0000  MCC=0.0000  Train=0.014s  Test=0.004s  Peak RAM=4.052 MB
2026-03-21 03:52:58 | INFO | [ncluster=64/64] AUC-ROC=nan%  AUC-PR=0.00%  F1=0.0000  MCC=0.0000  Train=0.029s  Test=0.003s  Peak RAM=4.051 MB
2026-03-21 03:52:58 | INFO | [ncluster=67/67] AUC-ROC=nan%  AUC-PR=0.00%  F1=0.0000  MCC=0.0000  Train=0.014s  Test=0.004s  Peak RAM=4.052 MB
2026-03-21 03:52:58 | INFO | [ncluster=70/70] AUC-ROC=nan%  AUC-PR=0.00%  F1=0.0000  MCC=0.0000  Train=0.018s  Test=0.011s  Peak RAM=4.053 MB
2026-03-21 03:52:58 | INFO | [ncluster=73/73] AUC-ROC=nan%  AUC-PR=0.00%  F1=0.0000  MCC=0.0000  Train=0.029s  Test=0.007s  Peak RAM=4.053 MB
2026-03-21 03:52:58 | INFO | [ncluster=76/76] AUC-ROC=nan%  AUC-PR=0.00%  F1=0.0000  MCC=0.0000  Train=0.015s  Test=0.004s  Peak RAM=4.055 MB
2026-03-21 03:52:58 | INFO | [ncluster=79/79] AUC-ROC=nan%  AUC-PR=0.00%  F1=0.0000  MCC=0.0000  Train=0.015s  Test=0.005s  Peak RAM=4.053 MB
2026-03-21 03:52:58 | INFO | [ncluster=82/82] AUC-ROC=nan%  AUC-PR=0.00%  F1=0.0000  MCC=0.0000  Train=0.016s  Test=0.004s  Peak RAM=4.051 MB
2026-03-21 03:52:58 | INFO | [ncluster=85/85] AUC-ROC=nan%  AUC-PR=0.00%  F1=0.0000  MCC=0.0000  Train=0.016s  Test=0.005s  Peak RAM=4.054 MB
2026-03-21 03:52:58 | INFO | [ncluster=88/88] AUC-ROC=nan%  AUC-PR=0.00%  F1=0.0000  MCC=0.0000  Train=0.016s  Test=0.004s  Peak RAM=4.052 MB
2026-03-21 03:52:58 | INFO | [ncluster=91/91] AUC-ROC=nan%  AUC-PR=0.00%  F1=0.0000  MCC=0.0000  Train=0.017s  Test=0.004s  Peak RAM=4.054 MB
2026-03-21 03:52:58 | INFO | [ncluster=94/94] AUC-ROC=nan%  AUC-PR=0.00%  F1=0.0000  MCC=0.0000  Train=0.017s  Test=0.005s  Peak RAM=4.052 MB
2026-03-21 03:52:58 | INFO | [ncluster=97/97] AUC-ROC=nan%  AUC-PR=0.00%  F1=0.0000  MCC=0.0000  Train=0.016s  Test=0.004s  Peak RAM=4.055 MB
2026-03-21 03:52:58 | INFO | [ncluster=100/100] AUC-ROC=nan%  AUC-PR=0.00%  F1=0.0000  MCC=0.0000  Train=0.017s  Test=0.005s  Peak RAM=4.052 MB
2026-03-21 03:52:58 | INFO | [ncluster=103/103] AUC-ROC=nan%  AUC-PR=0.00%  F1=0.0000  MCC=0.0000  Train=0.018s  Test=0.005s  Peak RAM=4.055 MB
2026-03-21 03:52:58 | INFO | [ncluster=106/106] AUC-ROC=nan%  AUC-PR=0.00%  F1=0.0000  MCC=0.0000  Train=0.018s  Test=0.004s  Peak RAM=4.053 MB
2026-03-21 03:52:58 | INFO | [ncluster=109/109] AUC-ROC=nan%  AUC-PR=0.00%  F1=0.0000  MCC=0.0000  Train=0.017s  Test=0.005s  Peak RAM=4.057 MB
2026-03-21 03:52:58 | INFO | [ncluster=112/112] AUC-ROC=nan%  AUC-PR=0.00%  F1=0.0000  MCC=0.0000  Train=0.018s  Test=0.004s  Peak RAM=4.054 MB
2026-03-21 03:52:58 | INFO | [ncluster=115/115] AUC-ROC=nan%  AUC-PR=0.00%  F1=0.0000  MCC=0.0000  Train=0.018s  Test=0.004s  Peak RAM=4.056 MB
2026-03-21 03:52:58 | INFO | [ncluster=118/118] AUC-ROC=nan%  AUC-PR=0.00%  F1=0.0000  MCC=0.0000  Train=0.019s  Test=0.005s  Peak RAM=4.054 MB
2026-03-21 03:52:58 | INFO | [ncluster=121/121] AUC-ROC=nan%  AUC-PR=0.00%  F1=0.0000  MCC=0.0000  Train=0.020s  Test=0.004s  Peak RAM=4.057 MB
2026-03-21 03:52:58 | INFO | [ncluster=124/124] AUC-ROC=nan%  AUC-PR=0.00%  F1=0.0000  MCC=0.0000  Train=0.020s  Test=0.005s  Peak RAM=4.054 MB
2026-03-21 03:52:58 | INFO | [ncluster=127/127] AUC-ROC=nan%  AUC-PR=0.00%  F1=0.0000  MCC=0.0000  Train=0.020s  Test=0.006s  Peak RAM=4.055 MB
2026-03-21 03:52:58 | INFO | [ncluster=130/130] AUC-ROC=nan%  AUC-PR=0.00%  F1=0.0000  MCC=0.0000  Train=0.020s  Test=0.005s  Peak RAM=4.054 MB
2026-03-21 03:52:58 | INFO | [ncluster=133/133] AUC-ROC=nan%  AUC-PR=0.00%  F1=0.0000  MCC=0.0000  Train=0.021s  Test=0.005s  Peak RAM=4.056 MB
2026-03-21 03:52:58 | INFO | [ncluster=136/136] AUC-ROC=nan%  AUC-PR=0.00%  F1=0.0000  MCC=0.0000  Train=0.019s  Test=0.004s  Peak RAM=4.054 MB
2026-03-21 03:52:58 | INFO | [ncluster=139/139] AUC-ROC=nan%  AUC-PR=0.00%  F1=0.0000  MCC=0.0000  Train=0.023s  Test=0.005s  Peak RAM=4.057 MB
2026-03-21 03:52:58 | INFO | [ncluster=142/142] AUC-ROC=nan%  AUC-PR=0.00%  F1=0.0000  MCC=0.0000  Train=0.021s  Test=0.006s  Peak RAM=4.055 MB
2026-03-21 03:52:58 | INFO | [ncluster=145/145] AUC-ROC=nan%  AUC-PR=0.00%  F1=0.0000  MCC=0.0000  Train=0.022s  Test=0.005s  Peak RAM=4.058 MB
2026-03-21 03:52:58 | INFO | [ncluster=148/148] AUC-ROC=nan%  AUC-PR=0.00%  F1=0.0000  MCC=0.0000  Train=0.022s  Test=0.005s  Peak RAM=4.055 MB
2026-03-21 03:52:58 | INFO | [ncluster=151/151] AUC-ROC=nan%  AUC-PR=0.00%  F1=0.0000  MCC=0.0000  Train=0.023s  Test=0.006s  Peak RAM=4.059 MB
2026-03-21 03:52:58 | INFO | [ncluster=154/154] AUC-ROC=nan%  AUC-PR=0.00%  F1=0.0000  MCC=0.0000  Train=0.022s  Test=0.005s  Peak RAM=4.056 MB
2026-03-21 03:52:58 | INFO | [ncluster=157/157] AUC-ROC=nan%  AUC-PR=0.00%  F1=0.0000  MCC=0.0000  Train=0.023s  Test=0.006s  Peak RAM=4.059 MB
2026-03-21 03:52:58 | INFO | [ncluster=160/160] AUC-ROC=nan%  AUC-PR=0.00%  F1=0.0000  MCC=0.0000  Train=0.023s  Test=0.005s  Peak RAM=4.063 MB
2026-03-21 03:52:58 | INFO | [ncluster=163/163] AUC-ROC=nan%  AUC-PR=0.00%  F1=0.0000  MCC=0.0000  Train=0.022s  Test=0.006s  Peak RAM=4.059 MB
2026-03-21 03:52:58 | INFO | [ncluster=166/166] AUC-ROC=nan%  AUC-PR=0.00%  F1=0.0000  MCC=0.0000  Train=0.024s  Test=0.006s  Peak RAM=4.056 MB
2026-03-21 03:52:58 | INFO | [ncluster=169/169] AUC-ROC=nan%  AUC-PR=0.00%  F1=0.0000  MCC=0.0000  Train=0.022s  Test=0.005s  Peak RAM=4.06 MB
2026-03-21 03:52:58 | INFO | [ncluster=172/172] AUC-ROC=nan%  AUC-PR=0.00%  F1=0.0000  MCC=0.0000  Train=0.021s  Test=0.005s  Peak RAM=4.057 MB
2026-03-21 03:52:58 | INFO | [ncluster=175/175] AUC-ROC=nan%  AUC-PR=0.00%  F1=0.0000  MCC=0.0000  Train=0.024s  Test=0.006s  Peak RAM=4.06 MB
2026-03-21 03:52:58 | INFO | [ncluster=178/178] AUC-ROC=nan%  AUC-PR=0.00%  F1=0.0000  MCC=0.0000  Train=0.024s  Test=0.005s  Peak RAM=4.058 MB
2026-03-21 03:52:58 | INFO | [ncluster=181/181] AUC-ROC=nan%  AUC-PR=0.00%  F1=0.0000  MCC=0.0000  Train=0.025s  Test=0.006s  Peak RAM=4.061 MB
2026-03-21 03:52:58 | INFO | [ncluster=184/184] AUC-ROC=nan%  AUC-PR=0.00%  F1=0.0000  MCC=0.0000  Train=0.025s  Test=0.005s  Peak RAM=4.059 MB
2026-03-21 03:52:58 | INFO | [ncluster=187/187] AUC-ROC=nan%  AUC-PR=0.00%  F1=0.0000  MCC=0.0000  Train=0.026s  Test=0.006s  Peak RAM=4.061 MB
2026-03-21 03:52:58 | INFO | [ncluster=190/190] AUC-ROC=nan%  AUC-PR=0.00%  F1=0.0000  MCC=0.0000  Train=0.025s  Test=0.006s  Peak RAM=4.059 MB
2026-03-21 03:52:58 | INFO | [ncluster=193/193] AUC-ROC=nan%  AUC-PR=0.00%  F1=0.0000  MCC=0.0000  Train=0.026s  Test=0.005s  Peak RAM=4.06 MB
2026-03-21 03:52:58 | INFO | [ncluster=196/196] AUC-ROC=nan%  AUC-PR=0.00%  F1=0.0000  MCC=0.0000  Train=0.026s  Test=0.006s  Peak RAM=4.063 MB
2026-03-21 03:52:58 | INFO | [ncluster=199/199] AUC-ROC=nan%  AUC-PR=0.00%  F1=0.0000  MCC=0.0000  Train=0.027s  Test=0.007s  Peak RAM=4.061 MB
2026-03-21 03:52:58 | INFO | [ncluster=202/202] AUC-ROC=nan%  AUC-PR=0.00%  F1=0.0000  MCC=0.0000  Train=0.045s  Test=0.006s  Peak RAM=4.059 MB
2026-03-21 03:52:58 | INFO | [ncluster=205/205] AUC-ROC=nan%  AUC-PR=0.00%  F1=0.0000  MCC=0.0000  Train=0.027s  Test=0.006s  Peak RAM=4.06 MB
2026-03-21 03:52:58 | INFO | [ncluster=208/208] AUC-ROC=nan%  AUC-PR=0.00%  F1=0.0000  MCC=0.0000  Train=0.028s  Test=0.005s  Peak RAM=4.064 MB
2026-03-21 03:52:58 | INFO | [ncluster=211/211] AUC-ROC=nan%  AUC-PR=0.00%  F1=0.0000  MCC=0.0000  Train=0.028s  Test=0.006s  Peak RAM=4.062 MB
2026-03-21 03:52:58 | INFO | [ncluster=214/214] AUC-ROC=nan%  AUC-PR=0.00%  F1=0.0000  MCC=0.0000  Train=0.028s  Test=0.007s  Peak RAM=4.06 MB
2026-03-21 03:52:58 | INFO | [ncluster=217/217] AUC-ROC=nan%  AUC-PR=0.00%  F1=0.0000  MCC=0.0000  Train=0.028s  Test=0.006s  Peak RAM=4.063 MB
2026-03-21 03:52:58 | INFO | [ncluster=220/220] AUC-ROC=nan%  AUC-PR=0.00%  F1=0.0000  MCC=0.0000  Train=0.027s  Test=0.006s  Peak RAM=4.064 MB
2026-03-21 03:52:58 | INFO | [ncluster=223/223] AUC-ROC=nan%  AUC-PR=0.00%  F1=0.0000  MCC=0.0000  Train=0.026s  Test=0.006s  Peak RAM=4.063 MB
2026-03-21 03:52:58 | INFO | [ncluster=226/226] AUC-ROC=nan%  AUC-PR=0.00%  F1=0.0000  MCC=0.0000  Train=0.038s  Test=0.006s  Peak RAM=4.064 MB
2026-03-21 03:52:58 | INFO | [ncluster=229/229] AUC-ROC=nan%  AUC-PR=0.00%  F1=0.0000  MCC=0.0000  Train=0.030s  Test=0.007s  Peak RAM=4.064 MB
2026-03-21 03:52:58 | INFO | [ncluster=232/232] AUC-ROC=nan%  AUC-PR=0.00%  F1=0.0000  MCC=0.0000  Train=0.030s  Test=0.005s  Peak RAM=4.068 MB
2026-03-21 03:52:58 | INFO | [ncluster=235/235] AUC-ROC=nan%  AUC-PR=0.00%  F1=0.0000  MCC=0.0000  Train=0.061s  Test=0.012s  Peak RAM=4.063 MB
2026-03-21 03:52:58 | INFO | [ncluster=238/238] AUC-ROC=nan%  AUC-PR=0.00%  F1=0.0000  MCC=0.0000  Train=0.060s  Test=0.016s  Peak RAM=4.065 MB
2026-03-21 03:52:58 | INFO | [ncluster=241/241] AUC-ROC=nan%  AUC-PR=0.00%  F1=0.0000  MCC=0.0000  Train=0.030s  Test=0.006s  Peak RAM=4.065 MB
2026-03-21 03:52:58 | INFO | [ncluster=244/244] AUC-ROC=nan%  AUC-PR=0.00%  F1=0.0000  MCC=0.0000  Train=0.031s  Test=0.006s  Peak RAM=4.065 MB
2026-03-21 03:52:58 | INFO | [ncluster=247/247] AUC-ROC=nan%  AUC-PR=0.00%  F1=0.0000  MCC=0.0000  Train=0.032s  Test=0.007s  Peak RAM=4.064 MB
2026-03-21 03:52:58 | INFO | [ncluster=250/250] AUC-ROC=nan%  AUC-PR=0.00%  F1=0.0000  MCC=0.0000  Train=0.031s  Test=0.006s  Peak RAM=4.065 MB
2026-03-21 03:52:58 | INFO | [ncluster=253/253] AUC-ROC=nan%  AUC-PR=0.00%  F1=0.0000  MCC=0.0000  Train=0.032s  Test=0.007s  Peak RAM=4.065 MB
2026-03-21 03:52:58 | INFO | [ncluster=256/256] AUC-ROC=nan%  AUC-PR=0.00%  F1=0.0000  MCC=0.0000  Train=0.030s  Test=0.006s  Peak RAM=4.064 MB
2026-03-21 03:52:58 | INFO | [ncluster=259/259] AUC-ROC=nan%  AUC-PR=0.00%  F1=0.0000  MCC=0.0000  Train=0.032s  Test=0.007s  Peak RAM=4.065 MB
2026-03-21 03:52:58 | INFO | [ncluster=262/262] AUC-ROC=nan%  AUC-PR=0.00%  F1=0.0000  MCC=0.0000  Train=0.035s  Test=0.007s  Peak RAM=4.066 MB
2026-03-21 03:52:58 | INFO | [ncluster=265/265] AUC-ROC=nan%  AUC-PR=0.00%  F1=0.0000  MCC=0.0000  Train=0.033s  Test=0.006s  Peak RAM=4.066 MB
2026-03-21 03:52:58 | INFO | [ncluster=268/268] AUC-ROC=nan%  AUC-PR=0.00%  F1=0.0000  MCC=0.0000  Train=0.034s  Test=0.007s  Peak RAM=4.07 MB
2026-03-21 03:52:58 | INFO | [ncluster=271/271] AUC-ROC=nan%  AUC-PR=0.00%  F1=0.0000  MCC=0.0000  Train=0.033s  Test=0.007s  Peak RAM=4.066 MB
2026-03-21 03:52:58 | INFO | [ncluster=274/274] AUC-ROC=nan%  AUC-PR=0.00%  F1=0.0000  MCC=0.0000  Train=0.025s  Test=0.005s  Peak RAM=4.066 MB
2026-03-21 03:52:58 | INFO | [ncluster=277/277] AUC-ROC=nan%  AUC-PR=0.00%  F1=0.0000  MCC=0.0000  Train=0.033s  Test=0.007s  Peak RAM=4.066 MB
2026-03-21 03:52:58 | INFO | [ncluster=280/280] AUC-ROC=nan%  AUC-PR=0.00%  F1=0.0000  MCC=0.0000  Train=0.029s  Test=0.006s  Peak RAM=4.067 MB
2026-03-21 03:52:58 | INFO | [ncluster=283/283] AUC-ROC=nan%  AUC-PR=0.00%  F1=0.0000  MCC=0.0000  Train=0.022s  Test=0.005s  Peak RAM=4.067 MB
2026-03-21 03:52:58 | INFO | [ncluster=286/286] AUC-ROC=nan%  AUC-PR=0.00%  F1=0.0000  MCC=0.0000  Train=0.022s  Test=0.006s  Peak RAM=4.068 MB
2026-03-21 03:52:58 | INFO | [ncluster=289/289] AUC-ROC=nan%  AUC-PR=0.00%  F1=0.0000  MCC=0.0000  Train=0.023s  Test=0.005s  Peak RAM=4.071 MB
2026-03-21 03:52:58 | INFO | [ncluster=292/292] AUC-ROC=nan%  AUC-PR=0.00%  F1=0.0000  MCC=0.0000  Train=0.022s  Test=0.005s  Peak RAM=4.067 MB
2026-03-21 03:52:58 | INFO | [ncluster=295/295] AUC-ROC=nan%  AUC-PR=0.00%  F1=0.0000  MCC=0.0000  Train=0.022s  Test=0.006s  Peak RAM=4.067 MB
2026-03-21 03:52:58 | INFO | [ncluster=298/298] AUC-ROC=nan%  AUC-PR=0.00%  F1=0.0000  MCC=0.0000  Train=0.023s  Test=0.005s  Peak RAM=4.068 MB
2026-03-21 03:52:58 | INFO | 
>>> Processing data_BoTIoT | scaler=RobustScaler
2026-03-21 03:52:58 | INFO | --- noise=0% ---
2026-03-21 03:52:58 | INFO | ============================================================
2026-03-21 03:52:58 | INFO | Dataset  : Train_RobustScaler_data_BoTIoT.csv
2026-03-21 03:52:58 | INFO | Scaler   : RobustScaler
2026-03-21 03:52:58 | INFO | Noise    : 0%
2026-03-21 03:52:58 | INFO | nClusters: 100 values (1..298)
2026-03-21 03:52:58 | INFO | ============================================================
2026-03-21 03:52:58 | INFO | Loaded Raw Shape -> Train: (9072, 27), Test: (15000, 27)
2026-03-21 03:52:58 | INFO | Dropped metadata features: ['pkSeqID', 'stime', 'ltime', 'seq', 'saddr', 'daddr', 'sport', 'dport', 'state', 'flgs', 'proto']
2026-03-21 03:52:58 | INFO | Dropped metadata features: ['pkSeqID', 'stime', 'ltime', 'seq', 'saddr', 'daddr', 'sport', 'dport', 'state', 'flgs', 'proto']
2026-03-21 03:52:58 | INFO | Training size : 9,072  |  Testing size: 15,000  |  Features: 15
2026-03-21 03:52:58 | INFO | Firing up Parallel execution for 100 cluster configs...
2026-03-21 03:53:28 | INFO | [ncluster=1/1] AUC-ROC=nan%  AUC-PR=0.00%  F1=0.0000  MCC=0.0000  Train=0.008s  Test=0.003s  Peak RAM=4.169 MB
2026-03-21 03:53:28 | INFO | [ncluster=4/4] AUC-ROC=nan%  AUC-PR=0.00%  F1=0.0000  MCC=0.0000  Train=0.008s  Test=0.004s  Peak RAM=4.17 MB
2026-03-21 03:53:28 | INFO | [ncluster=7/7] AUC-ROC=nan%  AUC-PR=0.00%  F1=0.0000  MCC=0.0000  Train=0.008s  Test=0.004s  Peak RAM=4.169 MB
2026-03-21 03:53:28 | INFO | [ncluster=10/10] AUC-ROC=nan%  AUC-PR=0.00%  F1=0.0000  MCC=0.0000  Train=0.009s  Test=0.004s  Peak RAM=4.17 MB
2026-03-21 03:53:28 | INFO | [ncluster=13/13] AUC-ROC=nan%  AUC-PR=0.00%  F1=0.0000  MCC=0.0000  Train=0.009s  Test=0.004s  Peak RAM=4.17 MB
2026-03-21 03:53:28 | INFO | [ncluster=16/16] AUC-ROC=nan%  AUC-PR=0.00%  F1=0.0000  MCC=0.0000  Train=0.009s  Test=0.003s  Peak RAM=4.17 MB
2026-03-21 03:53:28 | INFO | [ncluster=19/19] AUC-ROC=nan%  AUC-PR=0.00%  F1=0.0000  MCC=0.0000  Train=0.009s  Test=0.004s  Peak RAM=4.17 MB
2026-03-21 03:53:28 | INFO | [ncluster=22/22] AUC-ROC=nan%  AUC-PR=0.00%  F1=0.0000  MCC=0.0000  Train=0.010s  Test=0.004s  Peak RAM=4.173 MB
2026-03-21 03:53:28 | INFO | [ncluster=25/25] AUC-ROC=nan%  AUC-PR=0.00%  F1=0.0000  MCC=0.0000  Train=0.009s  Test=0.003s  Peak RAM=4.173 MB
2026-03-21 03:53:28 | INFO | [ncluster=28/28] AUC-ROC=nan%  AUC-PR=0.00%  F1=0.0000  MCC=0.0000  Train=0.010s  Test=0.004s  Peak RAM=4.17 MB
2026-03-21 03:53:28 | INFO | [ncluster=31/31] AUC-ROC=nan%  AUC-PR=0.00%  F1=0.0000  MCC=0.0000  Train=0.011s  Test=0.005s  Peak RAM=4.171 MB
2026-03-21 03:53:28 | INFO | [ncluster=34/34] AUC-ROC=nan%  AUC-PR=0.00%  F1=0.0000  MCC=0.0000  Train=0.011s  Test=0.004s  Peak RAM=4.17 MB
2026-03-21 03:53:28 | INFO | [ncluster=37/37] AUC-ROC=nan%  AUC-PR=0.00%  F1=0.0000  MCC=0.0000  Train=0.023s  Test=0.011s  Peak RAM=4.172 MB
2026-03-21 03:53:28 | INFO | [ncluster=40/40] AUC-ROC=nan%  AUC-PR=0.00%  F1=0.0000  MCC=0.0000  Train=0.024s  Test=0.007s  Peak RAM=4.171 MB
2026-03-21 03:53:28 | INFO | [ncluster=43/43] AUC-ROC=nan%  AUC-PR=0.00%  F1=0.0000  MCC=0.0000  Train=0.012s  Test=0.004s  Peak RAM=4.176 MB
2026-03-21 03:53:28 | INFO | [ncluster=46/46] AUC-ROC=nan%  AUC-PR=0.00%  F1=0.0000  MCC=0.0000  Train=0.012s  Test=0.005s  Peak RAM=4.171 MB
2026-03-21 03:53:28 | INFO | [ncluster=49/49] AUC-ROC=nan%  AUC-PR=0.00%  F1=0.0000  MCC=0.0000  Train=0.024s  Test=0.007s  Peak RAM=4.172 MB
2026-03-21 03:53:28 | INFO | [ncluster=52/52] AUC-ROC=nan%  AUC-PR=0.00%  F1=0.0000  MCC=0.0000  Train=0.012s  Test=0.004s  Peak RAM=4.172 MB
2026-03-21 03:53:28 | INFO | [ncluster=55/55] AUC-ROC=nan%  AUC-PR=0.00%  F1=0.0000  MCC=0.0000  Train=0.013s  Test=0.005s  Peak RAM=4.175 MB
2026-03-21 03:53:28 | INFO | [ncluster=58/58] AUC-ROC=nan%  AUC-PR=0.00%  F1=0.0000  MCC=0.0000  Train=0.012s  Test=0.004s  Peak RAM=4.173 MB
2026-03-21 03:53:28 | INFO | [ncluster=61/61] AUC-ROC=nan%  AUC-PR=0.00%  F1=0.0000  MCC=0.0000  Train=0.012s  Test=0.005s  Peak RAM=4.173 MB
2026-03-21 03:53:28 | INFO | [ncluster=64/64] AUC-ROC=nan%  AUC-PR=0.00%  F1=0.0000  MCC=0.0000  Train=0.014s  Test=0.004s  Peak RAM=4.173 MB
2026-03-21 03:53:28 | INFO | [ncluster=67/67] AUC-ROC=nan%  AUC-PR=0.00%  F1=0.0000  MCC=0.0000  Train=0.014s  Test=0.005s  Peak RAM=4.172 MB
2026-03-21 03:53:28 | INFO | [ncluster=70/70] AUC-ROC=nan%  AUC-PR=0.00%  F1=0.0000  MCC=0.0000  Train=0.014s  Test=0.005s  Peak RAM=4.172 MB
2026-03-21 03:53:28 | INFO | [ncluster=73/73] AUC-ROC=nan%  AUC-PR=0.00%  F1=0.0000  MCC=0.0000  Train=0.014s  Test=0.004s  Peak RAM=4.173 MB
2026-03-21 03:53:28 | INFO | [ncluster=76/76] AUC-ROC=nan%  AUC-PR=0.00%  F1=0.0000  MCC=0.0000  Train=0.014s  Test=0.005s  Peak RAM=4.17 MB
2026-03-21 03:53:28 | INFO | [ncluster=79/79] AUC-ROC=nan%  AUC-PR=0.00%  F1=0.0000  MCC=0.0000  Train=0.015s  Test=0.005s  Peak RAM=4.174 MB
2026-03-21 03:53:28 | INFO | [ncluster=82/82] AUC-ROC=nan%  AUC-PR=0.00%  F1=0.0000  MCC=0.0000  Train=0.027s  Test=0.004s  Peak RAM=4.173 MB
2026-03-21 03:53:28 | INFO | [ncluster=85/85] AUC-ROC=nan%  AUC-PR=0.00%  F1=0.0000  MCC=0.0000  Train=0.033s  Test=0.008s  Peak RAM=4.175 MB
2026-03-21 03:53:28 | INFO | [ncluster=88/88] AUC-ROC=nan%  AUC-PR=0.00%  F1=0.0000  MCC=0.0000  Train=0.016s  Test=0.004s  Peak RAM=4.173 MB
2026-03-21 03:53:28 | INFO | [ncluster=91/91] AUC-ROC=nan%  AUC-PR=0.00%  F1=0.0000  MCC=0.0000  Train=0.016s  Test=0.005s  Peak RAM=4.173 MB
2026-03-21 03:53:28 | INFO | [ncluster=94/94] AUC-ROC=nan%  AUC-PR=0.00%  F1=0.0000  MCC=0.0000  Train=0.016s  Test=0.005s  Peak RAM=4.172 MB
2026-03-21 03:53:28 | INFO | [ncluster=97/97] AUC-ROC=nan%  AUC-PR=0.00%  F1=0.0000  MCC=0.0000  Train=0.017s  Test=0.005s  Peak RAM=4.174 MB
2026-03-21 03:53:28 | INFO | [ncluster=100/100] AUC-ROC=nan%  AUC-PR=0.00%  F1=0.0000  MCC=0.0000  Train=0.017s  Test=0.008s  Peak RAM=4.172 MB
2026-03-21 03:53:28 | INFO | [ncluster=103/103] AUC-ROC=nan%  AUC-PR=0.00%  F1=0.0000  MCC=0.0000  Train=0.017s  Test=0.006s  Peak RAM=4.175 MB
2026-03-21 03:53:28 | INFO | [ncluster=106/106] AUC-ROC=nan%  AUC-PR=0.00%  F1=0.0000  MCC=0.0000  Train=0.018s  Test=0.005s  Peak RAM=4.173 MB
2026-03-21 03:53:28 | INFO | [ncluster=109/109] AUC-ROC=nan%  AUC-PR=0.00%  F1=0.0000  MCC=0.0000  Train=0.018s  Test=0.005s  Peak RAM=4.177 MB
2026-03-21 03:53:28 | INFO | [ncluster=112/112] AUC-ROC=nan%  AUC-PR=0.00%  F1=0.0000  MCC=0.0000  Train=0.018s  Test=0.004s  Peak RAM=4.173 MB
2026-03-21 03:53:28 | INFO | [ncluster=115/115] AUC-ROC=nan%  AUC-PR=0.00%  F1=0.0000  MCC=0.0000  Train=0.016s  Test=0.005s  Peak RAM=4.177 MB
2026-03-21 03:53:28 | INFO | [ncluster=118/118] AUC-ROC=nan%  AUC-PR=0.00%  F1=0.0000  MCC=0.0000  Train=0.017s  Test=0.005s  Peak RAM=4.173 MB
2026-03-21 03:53:28 | INFO | [ncluster=121/121] AUC-ROC=nan%  AUC-PR=0.00%  F1=0.0000  MCC=0.0000  Train=0.019s  Test=0.005s  Peak RAM=4.177 MB
2026-03-21 03:53:28 | INFO | [ncluster=124/124] AUC-ROC=nan%  AUC-PR=0.00%  F1=0.0000  MCC=0.0000  Train=0.018s  Test=0.005s  Peak RAM=4.174 MB
2026-03-21 03:53:28 | INFO | [ncluster=127/127] AUC-ROC=nan%  AUC-PR=0.00%  F1=0.0000  MCC=0.0000  Train=0.019s  Test=0.006s  Peak RAM=4.175 MB
2026-03-21 03:53:28 | INFO | [ncluster=130/130] AUC-ROC=nan%  AUC-PR=0.00%  F1=0.0000  MCC=0.0000  Train=0.020s  Test=0.005s  Peak RAM=4.173 MB
2026-03-21 03:53:28 | INFO | [ncluster=133/133] AUC-ROC=nan%  AUC-PR=0.00%  F1=0.0000  MCC=0.0000  Train=0.020s  Test=0.006s  Peak RAM=4.18 MB
2026-03-21 03:53:28 | INFO | [ncluster=136/136] AUC-ROC=nan%  AUC-PR=0.00%  F1=0.0000  MCC=0.0000  Train=0.019s  Test=0.005s  Peak RAM=4.176 MB
2026-03-21 03:53:28 | INFO | [ncluster=139/139] AUC-ROC=nan%  AUC-PR=0.00%  F1=0.0000  MCC=0.0000  Train=0.020s  Test=0.005s  Peak RAM=4.176 MB
2026-03-21 03:53:28 | INFO | [ncluster=142/142] AUC-ROC=nan%  AUC-PR=0.00%  F1=0.0000  MCC=0.0000  Train=0.021s  Test=0.006s  Peak RAM=4.18 MB
2026-03-21 03:53:28 | INFO | [ncluster=145/145] AUC-ROC=nan%  AUC-PR=0.00%  F1=0.0000  MCC=0.0000  Train=0.021s  Test=0.005s  Peak RAM=4.177 MB
2026-03-21 03:53:28 | INFO | [ncluster=148/148] AUC-ROC=nan%  AUC-PR=0.00%  F1=0.0000  MCC=0.0000  Train=0.021s  Test=0.006s  Peak RAM=4.175 MB
2026-03-21 03:53:28 | INFO | [ncluster=151/151] AUC-ROC=nan%  AUC-PR=0.00%  F1=0.0000  MCC=0.0000  Train=0.022s  Test=0.006s  Peak RAM=4.179 MB
2026-03-21 03:53:28 | INFO | [ncluster=154/154] AUC-ROC=nan%  AUC-PR=0.00%  F1=0.0000  MCC=0.0000  Train=0.022s  Test=0.005s  Peak RAM=4.175 MB
2026-03-21 03:53:28 | INFO | [ncluster=157/157] AUC-ROC=nan%  AUC-PR=0.00%  F1=0.0000  MCC=0.0000  Train=0.020s  Test=0.006s  Peak RAM=4.178 MB
2026-03-21 03:53:28 | INFO | [ncluster=160/160] AUC-ROC=nan%  AUC-PR=0.00%  F1=0.0000  MCC=0.0000  Train=0.020s  Test=0.005s  Peak RAM=4.176 MB
2026-03-21 03:53:28 | INFO | [ncluster=163/163] AUC-ROC=nan%  AUC-PR=0.00%  F1=0.0000  MCC=0.0000  Train=0.029s  Test=0.012s  Peak RAM=4.179 MB
2026-03-21 03:53:28 | INFO | [ncluster=166/166] AUC-ROC=nan%  AUC-PR=0.00%  F1=0.0000  MCC=0.0000  Train=0.023s  Test=0.006s  Peak RAM=4.175 MB
2026-03-21 03:53:28 | INFO | [ncluster=169/169] AUC-ROC=nan%  AUC-PR=0.00%  F1=0.0000  MCC=0.0000  Train=0.023s  Test=0.008s  Peak RAM=4.179 MB
2026-03-21 03:53:28 | INFO | [ncluster=172/172] AUC-ROC=nan%  AUC-PR=0.00%  F1=0.0000  MCC=0.0000  Train=0.023s  Test=0.006s  Peak RAM=4.176 MB
2026-03-21 03:53:28 | INFO | [ncluster=175/175] AUC-ROC=nan%  AUC-PR=0.00%  F1=0.0000  MCC=0.0000  Train=0.024s  Test=0.007s  Peak RAM=4.18 MB
2026-03-21 03:53:28 | INFO | [ncluster=178/178] AUC-ROC=nan%  AUC-PR=0.00%  F1=0.0000  MCC=0.0000  Train=0.024s  Test=0.006s  Peak RAM=4.178 MB
2026-03-21 03:53:28 | INFO | [ncluster=181/181] AUC-ROC=nan%  AUC-PR=0.00%  F1=0.0000  MCC=0.0000  Train=0.024s  Test=0.006s  Peak RAM=4.181 MB
2026-03-21 03:53:28 | INFO | [ncluster=184/184] AUC-ROC=nan%  AUC-PR=0.00%  F1=0.0000  MCC=0.0000  Train=0.025s  Test=0.005s  Peak RAM=4.177 MB
2026-03-21 03:53:28 | INFO | [ncluster=187/187] AUC-ROC=nan%  AUC-PR=0.00%  F1=0.0000  MCC=0.0000  Train=0.037s  Test=0.006s  Peak RAM=4.18 MB
2026-03-21 03:53:28 | INFO | [ncluster=190/190] AUC-ROC=nan%  AUC-PR=0.00%  F1=0.0000  MCC=0.0000  Train=0.029s  Test=0.007s  Peak RAM=4.178 MB
2026-03-21 03:53:28 | INFO | [ncluster=193/193] AUC-ROC=nan%  AUC-PR=0.00%  F1=0.0000  MCC=0.0000  Train=0.026s  Test=0.006s  Peak RAM=4.179 MB
2026-03-21 03:53:28 | INFO | [ncluster=196/196] AUC-ROC=nan%  AUC-PR=0.00%  F1=0.0000  MCC=0.0000  Train=0.026s  Test=0.006s  Peak RAM=4.177 MB
2026-03-21 03:53:28 | INFO | [ncluster=199/199] AUC-ROC=nan%  AUC-PR=0.00%  F1=0.0000  MCC=0.0000  Train=0.026s  Test=0.007s  Peak RAM=4.181 MB
2026-03-21 03:53:28 | INFO | [ncluster=202/202] AUC-ROC=nan%  AUC-PR=0.00%  F1=0.0000  MCC=0.0000  Train=0.026s  Test=0.006s  Peak RAM=4.179 MB
2026-03-21 03:53:28 | INFO | [ncluster=205/205] AUC-ROC=nan%  AUC-PR=0.00%  F1=0.0000  MCC=0.0000  Train=0.026s  Test=0.007s  Peak RAM=4.182 MB
2026-03-21 03:53:28 | INFO | [ncluster=208/208] AUC-ROC=nan%  AUC-PR=0.00%  F1=0.0000  MCC=0.0000  Train=0.027s  Test=0.006s  Peak RAM=4.179 MB
2026-03-21 03:53:28 | INFO | [ncluster=211/211] AUC-ROC=nan%  AUC-PR=0.00%  F1=0.0000  MCC=0.0000  Train=0.027s  Test=0.006s  Peak RAM=4.182 MB
2026-03-21 03:53:28 | INFO | [ncluster=214/214] AUC-ROC=nan%  AUC-PR=0.00%  F1=0.0000  MCC=0.0000  Train=0.027s  Test=0.007s  Peak RAM=4.179 MB
2026-03-21 03:53:28 | INFO | [ncluster=217/217] AUC-ROC=nan%  AUC-PR=0.00%  F1=0.0000  MCC=0.0000  Train=0.027s  Test=0.006s  Peak RAM=4.181 MB
2026-03-21 03:53:28 | INFO | [ncluster=220/220] AUC-ROC=nan%  AUC-PR=0.00%  F1=0.0000  MCC=0.0000  Train=0.025s  Test=0.006s  Peak RAM=4.182 MB
2026-03-21 03:53:28 | INFO | [ncluster=223/223] AUC-ROC=nan%  AUC-PR=0.00%  F1=0.0000  MCC=0.0000  Train=0.028s  Test=0.007s  Peak RAM=4.183 MB
2026-03-21 03:53:28 | INFO | [ncluster=226/226] AUC-ROC=nan%  AUC-PR=0.00%  F1=0.0000  MCC=0.0000  Train=0.027s  Test=0.007s  Peak RAM=4.184 MB
2026-03-21 03:53:28 | INFO | [ncluster=229/229] AUC-ROC=nan%  AUC-PR=0.00%  F1=0.0000  MCC=0.0000  Train=0.029s  Test=0.007s  Peak RAM=4.183 MB
2026-03-21 03:53:28 | INFO | [ncluster=232/232] AUC-ROC=nan%  AUC-PR=0.00%  F1=0.0000  MCC=0.0000  Train=0.029s  Test=0.006s  Peak RAM=4.182 MB
2026-03-21 03:53:28 | INFO | [ncluster=235/235] AUC-ROC=nan%  AUC-PR=0.00%  F1=0.0000  MCC=0.0000  Train=0.035s  Test=0.007s  Peak RAM=4.182 MB
2026-03-21 03:53:28 | INFO | [ncluster=238/238] AUC-ROC=nan%  AUC-PR=0.00%  F1=0.0000  MCC=0.0000  Train=0.029s  Test=0.007s  Peak RAM=4.183 MB
2026-03-21 03:53:28 | INFO | [ncluster=241/241] AUC-ROC=nan%  AUC-PR=0.00%  F1=0.0000  MCC=0.0000  Train=0.027s  Test=0.006s  Peak RAM=4.182 MB
2026-03-21 03:53:28 | INFO | [ncluster=244/244] AUC-ROC=nan%  AUC-PR=0.00%  F1=0.0000  MCC=0.0000  Train=0.030s  Test=0.007s  Peak RAM=4.184 MB
2026-03-21 03:53:28 | INFO | [ncluster=247/247] AUC-ROC=nan%  AUC-PR=0.00%  F1=0.0000  MCC=0.0000  Train=0.029s  Test=0.008s  Peak RAM=4.183 MB
2026-03-21 03:53:28 | INFO | [ncluster=250/250] AUC-ROC=nan%  AUC-PR=0.00%  F1=0.0000  MCC=0.0000  Train=0.031s  Test=0.007s  Peak RAM=4.184 MB
2026-03-21 03:53:28 | INFO | [ncluster=253/253] AUC-ROC=nan%  AUC-PR=0.00%  F1=0.0000  MCC=0.0000  Train=0.063s  Test=0.016s  Peak RAM=4.185 MB
2026-03-21 03:53:28 | INFO | [ncluster=256/256] AUC-ROC=nan%  AUC-PR=0.00%  F1=0.0000  MCC=0.0000  Train=0.031s  Test=0.006s  Peak RAM=4.185 MB
2026-03-21 03:53:28 | INFO | [ncluster=259/259] AUC-ROC=nan%  AUC-PR=0.00%  F1=0.0000  MCC=0.0000  Train=0.031s  Test=0.008s  Peak RAM=4.184 MB
2026-03-21 03:53:28 | INFO | [ncluster=262/262] AUC-ROC=nan%  AUC-PR=0.00%  F1=0.0000  MCC=0.0000  Train=0.031s  Test=0.008s  Peak RAM=4.185 MB
2026-03-21 03:53:28 | INFO | [ncluster=265/265] AUC-ROC=nan%  AUC-PR=0.00%  F1=0.0000  MCC=0.0000  Train=0.032s  Test=0.010s  Peak RAM=4.184 MB
2026-03-21 03:53:28 | INFO | [ncluster=268/268] AUC-ROC=nan%  AUC-PR=0.00%  F1=0.0000  MCC=0.0000  Train=0.029s  Test=0.007s  Peak RAM=4.184 MB
2026-03-21 03:53:28 | INFO | [ncluster=271/271] AUC-ROC=nan%  AUC-PR=0.00%  F1=0.0000  MCC=0.0000  Train=0.032s  Test=0.008s  Peak RAM=4.185 MB
2026-03-21 03:53:28 | INFO | [ncluster=274/274] AUC-ROC=nan%  AUC-PR=0.00%  F1=0.0000  MCC=0.0000  Train=0.032s  Test=0.007s  Peak RAM=4.185 MB
2026-03-21 03:53:28 | INFO | [ncluster=277/277] AUC-ROC=nan%  AUC-PR=0.00%  F1=0.0000  MCC=0.0000  Train=0.029s  Test=0.007s  Peak RAM=4.185 MB
2026-03-21 03:53:28 | INFO | [ncluster=280/280] AUC-ROC=nan%  AUC-PR=0.00%  F1=0.0000  MCC=0.0000  Train=0.033s  Test=0.006s  Peak RAM=4.186 MB
2026-03-21 03:53:28 | INFO | [ncluster=283/283] AUC-ROC=nan%  AUC-PR=0.00%  F1=0.0000  MCC=0.0000  Train=0.021s  Test=0.005s  Peak RAM=4.186 MB
2026-03-21 03:53:28 | INFO | [ncluster=286/286] AUC-ROC=nan%  AUC-PR=0.00%  F1=0.0000  MCC=0.0000  Train=0.021s  Test=0.006s  Peak RAM=4.185 MB
2026-03-21 03:53:28 | INFO | [ncluster=289/289] AUC-ROC=nan%  AUC-PR=0.00%  F1=0.0000  MCC=0.0000  Train=0.021s  Test=0.005s  Peak RAM=4.186 MB
2026-03-21 03:53:28 | INFO | [ncluster=292/292] AUC-ROC=nan%  AUC-PR=0.00%  F1=0.0000  MCC=0.0000  Train=0.022s  Test=0.006s  Peak RAM=4.186 MB
2026-03-21 03:53:28 | INFO | [ncluster=295/295] AUC-ROC=nan%  AUC-PR=0.00%  F1=0.0000  MCC=0.0000  Train=0.022s  Test=0.006s  Peak RAM=4.186 MB
2026-03-21 03:53:28 | INFO | [ncluster=298/298] AUC-ROC=nan%  AUC-PR=0.00%  F1=0.0000  MCC=0.0000  Train=0.022s  Test=0.005s  Peak RAM=4.188 MB
2026-03-21 03:53:28 | INFO | --- noise=1% ---
2026-03-21 03:53:28 | INFO | ============================================================
2026-03-21 03:53:28 | INFO | Dataset  : Train_RobustScaler_data_BoTIoT.csv
2026-03-21 03:53:28 | INFO | Scaler   : RobustScaler
2026-03-21 03:53:28 | INFO | Noise    : 1%
2026-03-21 03:53:28 | INFO | nClusters: 100 values (1..298)
2026-03-21 03:53:28 | INFO | ============================================================
2026-03-21 03:53:28 | INFO | Loaded Raw Shape -> Train: (9072, 27), Test: (15000, 27)
2026-03-21 03:53:28 | INFO | Dropped metadata features: ['pkSeqID', 'stime', 'ltime', 'seq', 'saddr', 'daddr', 'sport', 'dport', 'state', 'flgs', 'proto']
2026-03-21 03:53:28 | INFO | Dropped metadata features: ['pkSeqID', 'stime', 'ltime', 'seq', 'saddr', 'daddr', 'sport', 'dport', 'state', 'flgs', 'proto']
2026-03-21 03:53:28 | INFO | Training size : 9,162  |  Testing size: 14,910  |  Features: 15
2026-03-21 03:53:28 | INFO | Firing up Parallel execution for 100 cluster configs...
2026-03-21 03:53:58 | INFO | [ncluster=1/1] AUC-ROC=nan%  AUC-PR=0.00%  F1=0.0000  MCC=0.0000  Train=0.008s  Test=0.003s  Peak RAM=3.892 MB
2026-03-21 03:53:58 | INFO | [ncluster=4/4] AUC-ROC=nan%  AUC-PR=0.00%  F1=0.0000  MCC=0.0000  Train=0.008s  Test=0.003s  Peak RAM=3.894 MB
2026-03-21 03:53:58 | INFO | [ncluster=7/7] AUC-ROC=nan%  AUC-PR=0.00%  F1=0.0000  MCC=0.0000  Train=0.008s  Test=0.004s  Peak RAM=3.894 MB
2026-03-21 03:53:58 | INFO | [ncluster=10/10] AUC-ROC=nan%  AUC-PR=0.00%  F1=0.0000  MCC=0.0000  Train=0.009s  Test=0.003s  Peak RAM=3.896 MB
2026-03-21 03:53:58 | INFO | [ncluster=13/13] AUC-ROC=nan%  AUC-PR=0.00%  F1=0.0000  MCC=0.0000  Train=0.009s  Test=0.004s  Peak RAM=3.896 MB
2026-03-21 03:53:58 | INFO | [ncluster=16/16] AUC-ROC=nan%  AUC-PR=0.00%  F1=0.0000  MCC=0.0000  Train=0.009s  Test=0.003s  Peak RAM=3.895 MB
2026-03-21 03:53:58 | INFO | [ncluster=19/19] AUC-ROC=nan%  AUC-PR=0.00%  F1=0.0000  MCC=0.0000  Train=0.009s  Test=0.003s  Peak RAM=3.896 MB
2026-03-21 03:53:58 | INFO | [ncluster=22/22] AUC-ROC=nan%  AUC-PR=0.00%  F1=0.0000  MCC=0.0000  Train=0.010s  Test=0.004s  Peak RAM=3.895 MB
2026-03-21 03:53:58 | INFO | [ncluster=25/25] AUC-ROC=nan%  AUC-PR=0.00%  F1=0.0000  MCC=0.0000  Train=0.009s  Test=0.003s  Peak RAM=3.896 MB
2026-03-21 03:53:58 | INFO | [ncluster=28/28] AUC-ROC=nan%  AUC-PR=0.00%  F1=0.0000  MCC=0.0000  Train=0.010s  Test=0.004s  Peak RAM=3.897 MB
2026-03-21 03:53:58 | INFO | [ncluster=31/31] AUC-ROC=nan%  AUC-PR=0.00%  F1=0.0000  MCC=0.0000  Train=0.011s  Test=0.004s  Peak RAM=3.896 MB
2026-03-21 03:53:58 | INFO | [ncluster=34/34] AUC-ROC=nan%  AUC-PR=0.00%  F1=0.0000  MCC=0.0000  Train=0.011s  Test=0.003s  Peak RAM=3.897 MB
2026-03-21 03:53:58 | INFO | [ncluster=37/37] AUC-ROC=nan%  AUC-PR=0.00%  F1=0.0000  MCC=0.0000  Train=0.011s  Test=0.004s  Peak RAM=3.896 MB
2026-03-21 03:53:58 | INFO | [ncluster=40/40] AUC-ROC=nan%  AUC-PR=0.00%  F1=0.0000  MCC=0.0000  Train=0.011s  Test=0.003s  Peak RAM=3.897 MB
2026-03-21 03:53:58 | INFO | [ncluster=43/43] AUC-ROC=nan%  AUC-PR=0.00%  F1=0.0000  MCC=0.0000  Train=0.011s  Test=0.004s  Peak RAM=3.897 MB
2026-03-21 03:53:58 | INFO | [ncluster=46/46] AUC-ROC=nan%  AUC-PR=0.00%  F1=0.0000  MCC=0.0000  Train=0.012s  Test=0.004s  Peak RAM=3.897 MB
2026-03-21 03:53:58 | INFO | [ncluster=49/49] AUC-ROC=nan%  AUC-PR=0.00%  F1=0.0000  MCC=0.0000  Train=0.012s  Test=0.003s  Peak RAM=3.897 MB
2026-03-21 03:53:58 | INFO | [ncluster=52/52] AUC-ROC=nan%  AUC-PR=0.00%  F1=0.0000  MCC=0.0000  Train=0.013s  Test=0.004s  Peak RAM=3.899 MB
2026-03-21 03:53:58 | INFO | [ncluster=55/55] AUC-ROC=nan%  AUC-PR=0.00%  F1=0.0000  MCC=0.0000  Train=0.013s  Test=0.005s  Peak RAM=3.899 MB
2026-03-21 03:53:58 | INFO | [ncluster=58/58] AUC-ROC=nan%  AUC-PR=0.00%  F1=0.0000  MCC=0.0000  Train=0.013s  Test=0.004s  Peak RAM=3.898 MB
2026-03-21 03:53:58 | INFO | [ncluster=61/61] AUC-ROC=nan%  AUC-PR=0.00%  F1=0.0000  MCC=0.0000  Train=0.012s  Test=0.004s  Peak RAM=3.898 MB
2026-03-21 03:53:58 | INFO | [ncluster=64/64] AUC-ROC=nan%  AUC-PR=0.00%  F1=0.0000  MCC=0.0000  Train=0.014s  Test=0.003s  Peak RAM=3.899 MB
2026-03-21 03:53:58 | INFO | [ncluster=67/67] AUC-ROC=nan%  AUC-PR=0.00%  F1=0.0000  MCC=0.0000  Train=0.014s  Test=0.004s  Peak RAM=3.901 MB
2026-03-21 03:53:58 | INFO | [ncluster=70/70] AUC-ROC=nan%  AUC-PR=0.00%  F1=0.0000  MCC=0.0000  Train=0.014s  Test=0.005s  Peak RAM=3.899 MB
2026-03-21 03:53:58 | INFO | [ncluster=73/73] AUC-ROC=nan%  AUC-PR=0.00%  F1=0.0000  MCC=0.0000  Train=0.017s  Test=0.007s  Peak RAM=3.899 MB
2026-03-21 03:53:58 | INFO | [ncluster=76/76] AUC-ROC=nan%  AUC-PR=0.00%  F1=0.0000  MCC=0.0000  Train=0.015s  Test=0.004s  Peak RAM=3.896 MB
2026-03-21 03:53:58 | INFO | [ncluster=79/79] AUC-ROC=nan%  AUC-PR=0.00%  F1=0.0000  MCC=0.0000  Train=0.021s  Test=0.008s  Peak RAM=3.898 MB
2026-03-21 03:53:58 | INFO | [ncluster=82/82] AUC-ROC=nan%  AUC-PR=0.00%  F1=0.0000  MCC=0.0000  Train=0.024s  Test=0.004s  Peak RAM=3.896 MB
2026-03-21 03:53:58 | INFO | [ncluster=85/85] AUC-ROC=nan%  AUC-PR=0.00%  F1=0.0000  MCC=0.0000  Train=0.016s  Test=0.005s  Peak RAM=3.9 MB
2026-03-21 03:53:58 | INFO | [ncluster=88/88] AUC-ROC=nan%  AUC-PR=0.00%  F1=0.0000  MCC=0.0000  Train=0.016s  Test=0.004s  Peak RAM=3.897 MB
2026-03-21 03:53:58 | INFO | [ncluster=91/91] AUC-ROC=nan%  AUC-PR=0.00%  F1=0.0000  MCC=0.0000  Train=0.031s  Test=0.011s  Peak RAM=3.901 MB
2026-03-21 03:53:58 | INFO | [ncluster=94/94] AUC-ROC=nan%  AUC-PR=0.00%  F1=0.0000  MCC=0.0000  Train=0.016s  Test=0.005s  Peak RAM=3.898 MB
2026-03-21 03:53:58 | INFO | [ncluster=97/97] AUC-ROC=nan%  AUC-PR=0.00%  F1=0.0000  MCC=0.0000  Train=0.017s  Test=0.004s  Peak RAM=3.902 MB
2026-03-21 03:53:58 | INFO | [ncluster=100/100] AUC-ROC=nan%  AUC-PR=0.00%  F1=0.0000  MCC=0.0000  Train=0.035s  Test=0.011s  Peak RAM=3.899 MB
2026-03-21 03:53:58 | INFO | [ncluster=103/103] AUC-ROC=nan%  AUC-PR=0.00%  F1=0.0000  MCC=0.0000  Train=0.017s  Test=0.005s  Peak RAM=3.902 MB
2026-03-21 03:53:58 | INFO | [ncluster=106/106] AUC-ROC=nan%  AUC-PR=0.00%  F1=0.0000  MCC=0.0000  Train=0.018s  Test=0.004s  Peak RAM=3.899 MB
2026-03-21 03:53:58 | INFO | [ncluster=109/109] AUC-ROC=nan%  AUC-PR=0.00%  F1=0.0000  MCC=0.0000  Train=0.018s  Test=0.005s  Peak RAM=3.902 MB
2026-03-21 03:53:58 | INFO | [ncluster=112/112] AUC-ROC=nan%  AUC-PR=0.00%  F1=0.0000  MCC=0.0000  Train=0.018s  Test=0.004s  Peak RAM=3.899 MB
2026-03-21 03:53:58 | INFO | [ncluster=115/115] AUC-ROC=nan%  AUC-PR=0.00%  F1=0.0000  MCC=0.0000  Train=0.017s  Test=0.004s  Peak RAM=3.902 MB
2026-03-21 03:53:58 | INFO | [ncluster=118/118] AUC-ROC=nan%  AUC-PR=0.00%  F1=0.0000  MCC=0.0000  Train=0.017s  Test=0.005s  Peak RAM=3.9 MB
2026-03-21 03:53:58 | INFO | [ncluster=121/121] AUC-ROC=nan%  AUC-PR=0.00%  F1=0.0000  MCC=0.0000  Train=0.019s  Test=0.004s  Peak RAM=3.902 MB
2026-03-21 03:53:58 | INFO | [ncluster=124/124] AUC-ROC=nan%  AUC-PR=0.00%  F1=0.0000  MCC=0.0000  Train=0.019s  Test=0.005s  Peak RAM=3.9 MB
2026-03-21 03:53:58 | INFO | [ncluster=127/127] AUC-ROC=nan%  AUC-PR=0.00%  F1=0.0000  MCC=0.0000  Train=0.019s  Test=0.006s  Peak RAM=3.903 MB
2026-03-21 03:53:58 | INFO | [ncluster=130/130] AUC-ROC=nan%  AUC-PR=0.00%  F1=0.0000  MCC=0.0000  Train=0.020s  Test=0.005s  Peak RAM=3.901 MB
2026-03-21 03:53:58 | INFO | [ncluster=133/133] AUC-ROC=nan%  AUC-PR=0.00%  F1=0.0000  MCC=0.0000  Train=0.020s  Test=0.005s  Peak RAM=3.905 MB
2026-03-21 03:53:58 | INFO | [ncluster=136/136] AUC-ROC=nan%  AUC-PR=0.00%  F1=0.0000  MCC=0.0000  Train=0.027s  Test=0.004s  Peak RAM=3.902 MB
2026-03-21 03:53:58 | INFO | [ncluster=139/139] AUC-ROC=nan%  AUC-PR=0.00%  F1=0.0000  MCC=0.0000  Train=0.043s  Test=0.006s  Peak RAM=3.904 MB
2026-03-21 03:53:58 | INFO | [ncluster=142/142] AUC-ROC=nan%  AUC-PR=0.00%  F1=0.0000  MCC=0.0000  Train=0.021s  Test=0.006s  Peak RAM=3.901 MB
2026-03-21 03:53:58 | INFO | [ncluster=145/145] AUC-ROC=nan%  AUC-PR=0.00%  F1=0.0000  MCC=0.0000  Train=0.021s  Test=0.005s  Peak RAM=3.904 MB
2026-03-21 03:53:58 | INFO | [ncluster=148/148] AUC-ROC=nan%  AUC-PR=0.00%  F1=0.0000  MCC=0.0000  Train=0.021s  Test=0.005s  Peak RAM=3.901 MB
2026-03-21 03:53:58 | INFO | [ncluster=151/151] AUC-ROC=nan%  AUC-PR=0.00%  F1=0.0000  MCC=0.0000  Train=0.026s  Test=0.006s  Peak RAM=3.903 MB
2026-03-21 03:53:58 | INFO | [ncluster=154/154] AUC-ROC=nan%  AUC-PR=0.00%  F1=0.0000  MCC=0.0000  Train=0.022s  Test=0.005s  Peak RAM=3.901 MB
2026-03-21 03:53:58 | INFO | [ncluster=157/157] AUC-ROC=nan%  AUC-PR=0.00%  F1=0.0000  MCC=0.0000  Train=0.022s  Test=0.006s  Peak RAM=3.903 MB
2026-03-21 03:53:58 | INFO | [ncluster=160/160] AUC-ROC=nan%  AUC-PR=0.00%  F1=0.0000  MCC=0.0000  Train=0.020s  Test=0.004s  Peak RAM=3.902 MB
2026-03-21 03:53:58 | INFO | [ncluster=163/163] AUC-ROC=nan%  AUC-PR=0.00%  F1=0.0000  MCC=0.0000  Train=0.023s  Test=0.005s  Peak RAM=3.905 MB
2026-03-21 03:53:58 | INFO | [ncluster=166/166] AUC-ROC=nan%  AUC-PR=0.00%  F1=0.0000  MCC=0.0000  Train=0.023s  Test=0.006s  Peak RAM=3.902 MB
2026-03-21 03:53:58 | INFO | [ncluster=169/169] AUC-ROC=nan%  AUC-PR=0.00%  F1=0.0000  MCC=0.0000  Train=0.023s  Test=0.005s  Peak RAM=3.906 MB
2026-03-21 03:53:58 | INFO | [ncluster=172/172] AUC-ROC=nan%  AUC-PR=0.00%  F1=0.0000  MCC=0.0000  Train=0.024s  Test=0.006s  Peak RAM=3.903 MB
2026-03-21 03:53:58 | INFO | [ncluster=175/175] AUC-ROC=nan%  AUC-PR=0.00%  F1=0.0000  MCC=0.0000  Train=0.024s  Test=0.006s  Peak RAM=3.905 MB
2026-03-21 03:53:58 | INFO | [ncluster=178/178] AUC-ROC=nan%  AUC-PR=0.00%  F1=0.0000  MCC=0.0000  Train=0.023s  Test=0.005s  Peak RAM=3.903 MB
2026-03-21 03:53:58 | INFO | [ncluster=181/181] AUC-ROC=nan%  AUC-PR=0.00%  F1=0.0000  MCC=0.0000  Train=0.024s  Test=0.006s  Peak RAM=3.906 MB
2026-03-21 03:53:58 | INFO | [ncluster=184/184] AUC-ROC=nan%  AUC-PR=0.00%  F1=0.0000  MCC=0.0000  Train=0.022s  Test=0.005s  Peak RAM=3.904 MB
2026-03-21 03:53:58 | INFO | [ncluster=187/187] AUC-ROC=nan%  AUC-PR=0.00%  F1=0.0000  MCC=0.0000  Train=0.024s  Test=0.005s  Peak RAM=3.906 MB
2026-03-21 03:53:58 | INFO | [ncluster=190/190] AUC-ROC=nan%  AUC-PR=0.00%  F1=0.0000  MCC=0.0000  Train=0.025s  Test=0.006s  Peak RAM=3.904 MB
2026-03-21 03:53:58 | INFO | [ncluster=193/193] AUC-ROC=nan%  AUC-PR=0.00%  F1=0.0000  MCC=0.0000  Train=0.025s  Test=0.005s  Peak RAM=3.908 MB
2026-03-21 03:53:58 | INFO | [ncluster=196/196] AUC-ROC=nan%  AUC-PR=0.00%  F1=0.0000  MCC=0.0000  Train=0.026s  Test=0.006s  Peak RAM=3.905 MB
2026-03-21 03:53:58 | INFO | [ncluster=199/199] AUC-ROC=nan%  AUC-PR=0.00%  F1=0.0000  MCC=0.0000  Train=0.046s  Test=0.013s  Peak RAM=3.908 MB
2026-03-21 03:53:58 | INFO | [ncluster=202/202] AUC-ROC=nan%  AUC-PR=0.00%  F1=0.0000  MCC=0.0000  Train=0.026s  Test=0.006s  Peak RAM=3.905 MB
2026-03-21 03:53:58 | INFO | [ncluster=205/205] AUC-ROC=nan%  AUC-PR=0.00%  F1=0.0000  MCC=0.0000  Train=0.025s  Test=0.006s  Peak RAM=3.909 MB
2026-03-21 03:53:58 | INFO | [ncluster=208/208] AUC-ROC=nan%  AUC-PR=0.00%  F1=0.0000  MCC=0.0000  Train=0.024s  Test=0.005s  Peak RAM=3.905 MB
2026-03-21 03:53:58 | INFO | [ncluster=211/211] AUC-ROC=nan%  AUC-PR=0.00%  F1=0.0000  MCC=0.0000  Train=0.027s  Test=0.006s  Peak RAM=3.908 MB
2026-03-21 03:53:58 | INFO | [ncluster=214/214] AUC-ROC=nan%  AUC-PR=0.00%  F1=0.0000  MCC=0.0000  Train=0.052s  Test=0.009s  Peak RAM=3.905 MB
2026-03-21 03:53:58 | INFO | [ncluster=217/217] AUC-ROC=nan%  AUC-PR=0.00%  F1=0.0000  MCC=0.0000  Train=0.083s  Test=0.006s  Peak RAM=3.908 MB
2026-03-21 03:53:58 | INFO | [ncluster=220/220] AUC-ROC=nan%  AUC-PR=0.00%  F1=0.0000  MCC=0.0000  Train=0.028s  Test=0.006s  Peak RAM=3.908 MB
2026-03-21 03:53:58 | INFO | [ncluster=223/223] AUC-ROC=nan%  AUC-PR=0.00%  F1=0.0000  MCC=0.0000  Train=0.025s  Test=0.007s  Peak RAM=3.908 MB
2026-03-21 03:53:58 | INFO | [ncluster=226/226] AUC-ROC=nan%  AUC-PR=0.00%  F1=0.0000  MCC=0.0000  Train=0.033s  Test=0.009s  Peak RAM=3.908 MB
2026-03-21 03:53:58 | INFO | [ncluster=229/229] AUC-ROC=nan%  AUC-PR=0.00%  F1=0.0000  MCC=0.0000  Train=0.025s  Test=0.006s  Peak RAM=3.908 MB
2026-03-21 03:53:58 | INFO | [ncluster=232/232] AUC-ROC=nan%  AUC-PR=0.00%  F1=0.0000  MCC=0.0000  Train=0.029s  Test=0.006s  Peak RAM=3.909 MB
2026-03-21 03:53:58 | INFO | [ncluster=235/235] AUC-ROC=nan%  AUC-PR=0.00%  F1=0.0000  MCC=0.0000  Train=0.029s  Test=0.006s  Peak RAM=3.909 MB
2026-03-21 03:53:58 | INFO | [ncluster=238/238] AUC-ROC=nan%  AUC-PR=0.00%  F1=0.0000  MCC=0.0000  Train=0.029s  Test=0.007s  Peak RAM=3.91 MB
2026-03-21 03:53:58 | INFO | [ncluster=241/241] AUC-ROC=nan%  AUC-PR=0.00%  F1=0.0000  MCC=0.0000  Train=0.088s  Test=0.013s  Peak RAM=3.911 MB
2026-03-21 03:53:58 | INFO | [ncluster=244/244] AUC-ROC=nan%  AUC-PR=0.00%  F1=0.0000  MCC=0.0000  Train=0.026s  Test=0.006s  Peak RAM=3.91 MB
2026-03-21 03:53:58 | INFO | [ncluster=247/247] AUC-ROC=nan%  AUC-PR=0.00%  F1=0.0000  MCC=0.0000  Train=0.030s  Test=0.007s  Peak RAM=3.909 MB
2026-03-21 03:53:58 | INFO | [ncluster=250/250] AUC-ROC=nan%  AUC-PR=0.00%  F1=0.0000  MCC=0.0000  Train=0.030s  Test=0.006s  Peak RAM=3.911 MB
2026-03-21 03:53:58 | INFO | [ncluster=253/253] AUC-ROC=nan%  AUC-PR=0.00%  F1=0.0000  MCC=0.0000  Train=0.031s  Test=0.007s  Peak RAM=3.911 MB
2026-03-21 03:53:58 | INFO | [ncluster=256/256] AUC-ROC=nan%  AUC-PR=0.00%  F1=0.0000  MCC=0.0000  Train=0.032s  Test=0.006s  Peak RAM=3.91 MB
2026-03-21 03:53:58 | INFO | [ncluster=259/259] AUC-ROC=nan%  AUC-PR=0.00%  F1=0.0000  MCC=0.0000  Train=0.031s  Test=0.007s  Peak RAM=3.911 MB
2026-03-21 03:53:58 | INFO | [ncluster=262/262] AUC-ROC=nan%  AUC-PR=0.00%  F1=0.0000  MCC=0.0000  Train=0.030s  Test=0.007s  Peak RAM=3.91 MB
2026-03-21 03:53:58 | INFO | [ncluster=265/265] AUC-ROC=nan%  AUC-PR=0.00%  F1=0.0000  MCC=0.0000  Train=0.030s  Test=0.006s  Peak RAM=3.911 MB
2026-03-21 03:53:58 | INFO | [ncluster=268/268] AUC-ROC=nan%  AUC-PR=0.00%  F1=0.0000  MCC=0.0000  Train=0.032s  Test=0.007s  Peak RAM=3.911 MB
2026-03-21 03:53:58 | INFO | [ncluster=271/271] AUC-ROC=nan%  AUC-PR=0.00%  F1=0.0000  MCC=0.0000  Train=0.033s  Test=0.007s  Peak RAM=3.911 MB
2026-03-21 03:53:58 | INFO | [ncluster=274/274] AUC-ROC=nan%  AUC-PR=0.00%  F1=0.0000  MCC=0.0000  Train=0.030s  Test=0.007s  Peak RAM=3.912 MB
2026-03-21 03:53:58 | INFO | [ncluster=277/277] AUC-ROC=nan%  AUC-PR=0.00%  F1=0.0000  MCC=0.0000  Train=0.021s  Test=0.005s  Peak RAM=3.912 MB
2026-03-21 03:53:58 | INFO | [ncluster=280/280] AUC-ROC=nan%  AUC-PR=0.00%  F1=0.0000  MCC=0.0000  Train=0.033s  Test=0.006s  Peak RAM=3.912 MB
2026-03-21 03:53:58 | INFO | [ncluster=283/283] AUC-ROC=nan%  AUC-PR=0.00%  F1=0.0000  MCC=0.0000  Train=0.021s  Test=0.005s  Peak RAM=3.912 MB
2026-03-21 03:53:58 | INFO | [ncluster=286/286] AUC-ROC=nan%  AUC-PR=0.00%  F1=0.0000  MCC=0.0000  Train=0.022s  Test=0.006s  Peak RAM=3.913 MB
2026-03-21 03:53:58 | INFO | [ncluster=289/289] AUC-ROC=nan%  AUC-PR=0.00%  F1=0.0000  MCC=0.0000  Train=0.022s  Test=0.005s  Peak RAM=3.914 MB
2026-03-21 03:53:58 | INFO | [ncluster=292/292] AUC-ROC=nan%  AUC-PR=0.00%  F1=0.0000  MCC=0.0000  Train=0.022s  Test=0.005s  Peak RAM=3.913 MB
2026-03-21 03:53:58 | INFO | [ncluster=295/295] AUC-ROC=nan%  AUC-PR=0.00%  F1=0.0000  MCC=0.0000  Train=0.022s  Test=0.006s  Peak RAM=3.914 MB
2026-03-21 03:53:58 | INFO | [ncluster=298/298] AUC-ROC=nan%  AUC-PR=0.00%  F1=0.0000  MCC=0.0000  Train=0.022s  Test=0.005s  Peak RAM=3.913 MB
2026-03-21 03:53:58 | INFO | --- noise=3% ---
2026-03-21 03:53:58 | INFO | ============================================================
2026-03-21 03:53:58 | INFO | Dataset  : Train_RobustScaler_data_BoTIoT.csv
2026-03-21 03:53:58 | INFO | Scaler   : RobustScaler
2026-03-21 03:53:58 | INFO | Noise    : 3%
2026-03-21 03:53:58 | INFO | nClusters: 100 values (1..298)
2026-03-21 03:53:58 | INFO | ============================================================
2026-03-21 03:53:58 | INFO | Loaded Raw Shape -> Train: (9072, 27), Test: (15000, 27)
2026-03-21 03:53:58 | INFO | Dropped metadata features: ['pkSeqID', 'stime', 'ltime', 'seq', 'saddr', 'daddr', 'sport', 'dport', 'state', 'flgs', 'proto']
2026-03-21 03:53:58 | INFO | Dropped metadata features: ['pkSeqID', 'stime', 'ltime', 'seq', 'saddr', 'daddr', 'sport', 'dport', 'state', 'flgs', 'proto']
2026-03-21 03:53:58 | INFO | Training size : 9,344  |  Testing size: 14,728  |  Features: 15
2026-03-21 03:53:58 | INFO | Firing up Parallel execution for 100 cluster configs...
2026-03-21 03:54:29 | INFO | [ncluster=1/1] AUC-ROC=nan%  AUC-PR=0.00%  F1=0.0000  MCC=0.0000  Train=0.008s  Test=0.003s  Peak RAM=3.97 MB
2026-03-21 03:54:29 | INFO | [ncluster=4/4] AUC-ROC=nan%  AUC-PR=0.00%  F1=0.0000  MCC=0.0000  Train=0.008s  Test=0.003s  Peak RAM=3.971 MB
2026-03-21 03:54:29 | INFO | [ncluster=7/7] AUC-ROC=nan%  AUC-PR=0.00%  F1=0.0000  MCC=0.0000  Train=0.008s  Test=0.004s  Peak RAM=3.973 MB
2026-03-21 03:54:29 | INFO | [ncluster=10/10] AUC-ROC=nan%  AUC-PR=0.00%  F1=0.0000  MCC=0.0000  Train=0.009s  Test=0.003s  Peak RAM=3.972 MB
2026-03-21 03:54:29 | INFO | [ncluster=13/13] AUC-ROC=nan%  AUC-PR=0.00%  F1=0.0000  MCC=0.0000  Train=0.009s  Test=0.004s  Peak RAM=3.972 MB
2026-03-21 03:54:29 | INFO | [ncluster=16/16] AUC-ROC=nan%  AUC-PR=0.00%  F1=0.0000  MCC=0.0000  Train=0.009s  Test=0.003s  Peak RAM=3.973 MB
2026-03-21 03:54:29 | INFO | [ncluster=19/19] AUC-ROC=nan%  AUC-PR=0.00%  F1=0.0000  MCC=0.0000  Train=0.009s  Test=0.003s  Peak RAM=3.973 MB
2026-03-21 03:54:29 | INFO | [ncluster=22/22] AUC-ROC=nan%  AUC-PR=0.00%  F1=0.0000  MCC=0.0000  Train=0.009s  Test=0.004s  Peak RAM=3.972 MB
2026-03-21 03:54:29 | INFO | [ncluster=25/25] AUC-ROC=nan%  AUC-PR=0.00%  F1=0.0000  MCC=0.0000  Train=0.010s  Test=0.003s  Peak RAM=3.973 MB
2026-03-21 03:54:29 | INFO | [ncluster=28/28] AUC-ROC=nan%  AUC-PR=0.00%  F1=0.0000  MCC=0.0000  Train=0.010s  Test=0.004s  Peak RAM=3.973 MB
2026-03-21 03:54:29 | INFO | [ncluster=31/31] AUC-ROC=nan%  AUC-PR=0.00%  F1=0.0000  MCC=0.0000  Train=0.020s  Test=0.004s  Peak RAM=3.973 MB
2026-03-21 03:54:29 | INFO | [ncluster=34/34] AUC-ROC=nan%  AUC-PR=0.00%  F1=0.0000  MCC=0.0000  Train=0.020s  Test=0.010s  Peak RAM=3.973 MB
2026-03-21 03:54:29 | INFO | [ncluster=37/37] AUC-ROC=nan%  AUC-PR=0.00%  F1=0.0000  MCC=0.0000  Train=0.011s  Test=0.004s  Peak RAM=3.974 MB
2026-03-21 03:54:29 | INFO | [ncluster=40/40] AUC-ROC=nan%  AUC-PR=0.00%  F1=0.0000  MCC=0.0000  Train=0.012s  Test=0.003s  Peak RAM=3.973 MB
2026-03-21 03:54:29 | INFO | [ncluster=43/43] AUC-ROC=nan%  AUC-PR=0.00%  F1=0.0000  MCC=0.0000  Train=0.012s  Test=0.004s  Peak RAM=3.974 MB
2026-03-21 03:54:29 | INFO | [ncluster=46/46] AUC-ROC=nan%  AUC-PR=0.00%  F1=0.0000  MCC=0.0000  Train=0.012s  Test=0.005s  Peak RAM=3.974 MB
2026-03-21 03:54:29 | INFO | [ncluster=49/49] AUC-ROC=nan%  AUC-PR=0.00%  F1=0.0000  MCC=0.0000  Train=0.012s  Test=0.003s  Peak RAM=3.975 MB
2026-03-21 03:54:29 | INFO | [ncluster=52/52] AUC-ROC=nan%  AUC-PR=0.00%  F1=0.0000  MCC=0.0000  Train=0.013s  Test=0.004s  Peak RAM=3.975 MB
2026-03-21 03:54:29 | INFO | [ncluster=55/55] AUC-ROC=nan%  AUC-PR=0.00%  F1=0.0000  MCC=0.0000  Train=0.012s  Test=0.004s  Peak RAM=3.974 MB
2026-03-21 03:54:29 | INFO | [ncluster=58/58] AUC-ROC=nan%  AUC-PR=0.00%  F1=0.0000  MCC=0.0000  Train=0.013s  Test=0.004s  Peak RAM=3.976 MB
2026-03-21 03:54:29 | INFO | [ncluster=61/61] AUC-ROC=nan%  AUC-PR=0.00%  F1=0.0000  MCC=0.0000  Train=0.014s  Test=0.004s  Peak RAM=3.977 MB
2026-03-21 03:54:29 | INFO | [ncluster=64/64] AUC-ROC=nan%  AUC-PR=0.00%  F1=0.0000  MCC=0.0000  Train=0.014s  Test=0.003s  Peak RAM=3.975 MB
2026-03-21 03:54:29 | INFO | [ncluster=67/67] AUC-ROC=nan%  AUC-PR=0.00%  F1=0.0000  MCC=0.0000  Train=0.014s  Test=0.004s  Peak RAM=3.976 MB
2026-03-21 03:54:29 | INFO | [ncluster=70/70] AUC-ROC=nan%  AUC-PR=0.00%  F1=0.0000  MCC=0.0000  Train=0.014s  Test=0.005s  Peak RAM=3.976 MB
2026-03-21 03:54:29 | INFO | [ncluster=73/73] AUC-ROC=nan%  AUC-PR=0.00%  F1=0.0000  MCC=0.0000  Train=0.021s  Test=0.004s  Peak RAM=3.976 MB
2026-03-21 03:54:29 | INFO | [ncluster=76/76] AUC-ROC=nan%  AUC-PR=0.00%  F1=0.0000  MCC=0.0000  Train=0.015s  Test=0.004s  Peak RAM=3.974 MB
2026-03-21 03:54:29 | INFO | [ncluster=79/79] AUC-ROC=nan%  AUC-PR=0.00%  F1=0.0000  MCC=0.0000  Train=0.015s  Test=0.005s  Peak RAM=3.976 MB
2026-03-21 03:54:29 | INFO | [ncluster=82/82] AUC-ROC=nan%  AUC-PR=0.00%  F1=0.0000  MCC=0.0000  Train=0.030s  Test=0.004s  Peak RAM=3.974 MB
2026-03-21 03:54:29 | INFO | [ncluster=85/85] AUC-ROC=nan%  AUC-PR=0.00%  F1=0.0000  MCC=0.0000  Train=0.025s  Test=0.005s  Peak RAM=3.978 MB
2026-03-21 03:54:29 | INFO | [ncluster=88/88] AUC-ROC=nan%  AUC-PR=0.00%  F1=0.0000  MCC=0.0000  Train=0.033s  Test=0.007s  Peak RAM=3.975 MB
2026-03-21 03:54:29 | INFO | [ncluster=91/91] AUC-ROC=nan%  AUC-PR=0.00%  F1=0.0000  MCC=0.0000  Train=0.016s  Test=0.004s  Peak RAM=3.977 MB
2026-03-21 03:54:29 | INFO | [ncluster=94/94] AUC-ROC=nan%  AUC-PR=0.00%  F1=0.0000  MCC=0.0000  Train=0.017s  Test=0.005s  Peak RAM=3.975 MB
2026-03-21 03:54:29 | INFO | [ncluster=97/97] AUC-ROC=nan%  AUC-PR=0.00%  F1=0.0000  MCC=0.0000  Train=0.017s  Test=0.004s  Peak RAM=3.977 MB
2026-03-21 03:54:29 | INFO | [ncluster=100/100] AUC-ROC=nan%  AUC-PR=0.00%  F1=0.0000  MCC=0.0000  Train=0.016s  Test=0.005s  Peak RAM=3.975 MB
2026-03-21 03:54:29 | INFO | [ncluster=103/103] AUC-ROC=nan%  AUC-PR=0.00%  F1=0.0000  MCC=0.0000  Train=0.016s  Test=0.005s  Peak RAM=3.977 MB
2026-03-21 03:54:29 | INFO | [ncluster=106/106] AUC-ROC=nan%  AUC-PR=0.00%  F1=0.0000  MCC=0.0000  Train=0.016s  Test=0.004s  Peak RAM=3.975 MB
2026-03-21 03:54:29 | INFO | [ncluster=109/109] AUC-ROC=nan%  AUC-PR=0.00%  F1=0.0000  MCC=0.0000  Train=0.019s  Test=0.005s  Peak RAM=3.978 MB
2026-03-21 03:54:29 | INFO | [ncluster=112/112] AUC-ROC=nan%  AUC-PR=0.00%  F1=0.0000  MCC=0.0000  Train=0.017s  Test=0.004s  Peak RAM=3.976 MB
2026-03-21 03:54:29 | INFO | [ncluster=115/115] AUC-ROC=nan%  AUC-PR=0.00%  F1=0.0000  MCC=0.0000  Train=0.019s  Test=0.005s  Peak RAM=3.98 MB
2026-03-21 03:54:29 | INFO | [ncluster=118/118] AUC-ROC=nan%  AUC-PR=0.00%  F1=0.0000  MCC=0.0000  Train=0.018s  Test=0.005s  Peak RAM=3.977 MB
2026-03-21 03:54:29 | INFO | [ncluster=121/121] AUC-ROC=nan%  AUC-PR=0.00%  F1=0.0000  MCC=0.0000  Train=0.019s  Test=0.004s  Peak RAM=3.979 MB
2026-03-21 03:54:29 | INFO | [ncluster=124/124] AUC-ROC=nan%  AUC-PR=0.00%  F1=0.0000  MCC=0.0000  Train=0.019s  Test=0.005s  Peak RAM=3.977 MB
2026-03-21 03:54:29 | INFO | [ncluster=127/127] AUC-ROC=nan%  AUC-PR=0.00%  F1=0.0000  MCC=0.0000  Train=0.020s  Test=0.006s  Peak RAM=3.979 MB
2026-03-21 03:54:29 | INFO | [ncluster=130/130] AUC-ROC=nan%  AUC-PR=0.00%  F1=0.0000  MCC=0.0000  Train=0.020s  Test=0.005s  Peak RAM=3.977 MB
2026-03-21 03:54:29 | INFO | [ncluster=133/133] AUC-ROC=nan%  AUC-PR=0.00%  F1=0.0000  MCC=0.0000  Train=0.020s  Test=0.008s  Peak RAM=3.98 MB
2026-03-21 03:54:29 | INFO | [ncluster=136/136] AUC-ROC=nan%  AUC-PR=0.00%  F1=0.0000  MCC=0.0000  Train=0.020s  Test=0.004s  Peak RAM=3.979 MB
2026-03-21 03:54:29 | INFO | [ncluster=139/139] AUC-ROC=nan%  AUC-PR=0.00%  F1=0.0000  MCC=0.0000  Train=0.040s  Test=0.008s  Peak RAM=3.98 MB
2026-03-21 03:54:29 | INFO | [ncluster=142/142] AUC-ROC=nan%  AUC-PR=0.00%  F1=0.0000  MCC=0.0000  Train=0.042s  Test=0.012s  Peak RAM=3.978 MB
2026-03-21 03:54:29 | INFO | [ncluster=145/145] AUC-ROC=nan%  AUC-PR=0.00%  F1=0.0000  MCC=0.0000  Train=0.021s  Test=0.005s  Peak RAM=3.98 MB
2026-03-21 03:54:29 | INFO | [ncluster=148/148] AUC-ROC=nan%  AUC-PR=0.00%  F1=0.0000  MCC=0.0000  Train=0.021s  Test=0.005s  Peak RAM=3.979 MB
2026-03-21 03:54:29 | INFO | [ncluster=151/151] AUC-ROC=nan%  AUC-PR=0.00%  F1=0.0000  MCC=0.0000  Train=0.047s  Test=0.009s  Peak RAM=3.98 MB
2026-03-21 03:54:29 | INFO | [ncluster=154/154] AUC-ROC=nan%  AUC-PR=0.00%  F1=0.0000  MCC=0.0000  Train=0.044s  Test=0.008s  Peak RAM=3.979 MB
2026-03-21 03:54:29 | INFO | [ncluster=157/157] AUC-ROC=nan%  AUC-PR=0.00%  F1=0.0000  MCC=0.0000  Train=0.022s  Test=0.006s  Peak RAM=3.983 MB
2026-03-21 03:54:29 | INFO | [ncluster=160/160] AUC-ROC=nan%  AUC-PR=0.00%  F1=0.0000  MCC=0.0000  Train=0.022s  Test=0.005s  Peak RAM=3.981 MB
2026-03-21 03:54:29 | INFO | [ncluster=163/163] AUC-ROC=nan%  AUC-PR=0.00%  F1=0.0000  MCC=0.0000  Train=0.021s  Test=0.005s  Peak RAM=3.981 MB
2026-03-21 03:54:29 | INFO | [ncluster=166/166] AUC-ROC=nan%  AUC-PR=0.00%  F1=0.0000  MCC=0.0000  Train=0.021s  Test=0.005s  Peak RAM=3.979 MB
2026-03-21 03:54:29 | INFO | [ncluster=169/169] AUC-ROC=nan%  AUC-PR=0.00%  F1=0.0000  MCC=0.0000  Train=0.024s  Test=0.005s  Peak RAM=3.982 MB
2026-03-21 03:54:29 | INFO | [ncluster=172/172] AUC-ROC=nan%  AUC-PR=0.00%  F1=0.0000  MCC=0.0000  Train=0.024s  Test=0.006s  Peak RAM=3.98 MB
2026-03-21 03:54:29 | INFO | [ncluster=175/175] AUC-ROC=nan%  AUC-PR=0.00%  F1=0.0000  MCC=0.0000  Train=0.024s  Test=0.006s  Peak RAM=3.983 MB
2026-03-21 03:54:29 | INFO | [ncluster=178/178] AUC-ROC=nan%  AUC-PR=0.00%  F1=0.0000  MCC=0.0000  Train=0.024s  Test=0.008s  Peak RAM=3.98 MB
2026-03-21 03:54:29 | INFO | [ncluster=181/181] AUC-ROC=nan%  AUC-PR=0.00%  F1=0.0000  MCC=0.0000  Train=0.025s  Test=0.006s  Peak RAM=3.984 MB
2026-03-21 03:54:29 | INFO | [ncluster=184/184] AUC-ROC=nan%  AUC-PR=0.00%  F1=0.0000  MCC=0.0000  Train=0.025s  Test=0.005s  Peak RAM=3.981 MB
2026-03-21 03:54:29 | INFO | [ncluster=187/187] AUC-ROC=nan%  AUC-PR=0.00%  F1=0.0000  MCC=0.0000  Train=0.025s  Test=0.006s  Peak RAM=3.983 MB
2026-03-21 03:54:29 | INFO | [ncluster=190/190] AUC-ROC=nan%  AUC-PR=0.00%  F1=0.0000  MCC=0.0000  Train=0.044s  Test=0.012s  Peak RAM=3.981 MB
2026-03-21 03:54:29 | INFO | [ncluster=193/193] AUC-ROC=nan%  AUC-PR=0.00%  F1=0.0000  MCC=0.0000  Train=0.026s  Test=0.005s  Peak RAM=3.984 MB
2026-03-21 03:54:29 | INFO | [ncluster=196/196] AUC-ROC=nan%  AUC-PR=0.00%  F1=0.0000  MCC=0.0000  Train=0.026s  Test=0.006s  Peak RAM=3.981 MB
2026-03-21 03:54:29 | INFO | [ncluster=199/199] AUC-ROC=nan%  AUC-PR=0.00%  F1=0.0000  MCC=0.0000  Train=0.026s  Test=0.006s  Peak RAM=3.984 MB
2026-03-21 03:54:29 | INFO | [ncluster=202/202] AUC-ROC=nan%  AUC-PR=0.00%  F1=0.0000  MCC=0.0000  Train=0.025s  Test=0.006s  Peak RAM=3.982 MB
2026-03-21 03:54:29 | INFO | [ncluster=205/205] AUC-ROC=nan%  AUC-PR=0.00%  F1=0.0000  MCC=0.0000  Train=0.027s  Test=0.006s  Peak RAM=3.985 MB
2026-03-21 03:54:29 | INFO | [ncluster=208/208] AUC-ROC=nan%  AUC-PR=0.00%  F1=0.0000  MCC=0.0000  Train=0.026s  Test=0.005s  Peak RAM=3.982 MB
2026-03-21 03:54:29 | INFO | [ncluster=211/211] AUC-ROC=nan%  AUC-PR=0.00%  F1=0.0000  MCC=0.0000  Train=0.027s  Test=0.006s  Peak RAM=3.985 MB
2026-03-21 03:54:29 | INFO | [ncluster=214/214] AUC-ROC=nan%  AUC-PR=0.00%  F1=0.0000  MCC=0.0000  Train=0.027s  Test=0.007s  Peak RAM=3.982 MB
2026-03-21 03:54:29 | INFO | [ncluster=217/217] AUC-ROC=nan%  AUC-PR=0.00%  F1=0.0000  MCC=0.0000  Train=0.028s  Test=0.006s  Peak RAM=3.984 MB
2026-03-21 03:54:29 | INFO | [ncluster=220/220] AUC-ROC=nan%  AUC-PR=0.00%  F1=0.0000  MCC=0.0000  Train=0.028s  Test=0.006s  Peak RAM=3.985 MB
2026-03-21 03:54:29 | INFO | [ncluster=223/223] AUC-ROC=nan%  AUC-PR=0.00%  F1=0.0000  MCC=0.0000  Train=0.026s  Test=0.007s  Peak RAM=3.986 MB
2026-03-21 03:54:29 | INFO | [ncluster=226/226] AUC-ROC=nan%  AUC-PR=0.00%  F1=0.0000  MCC=0.0000  Train=0.028s  Test=0.006s  Peak RAM=3.985 MB
2026-03-21 03:54:29 | INFO | [ncluster=229/229] AUC-ROC=nan%  AUC-PR=0.00%  F1=0.0000  MCC=0.0000  Train=0.029s  Test=0.007s  Peak RAM=3.987 MB
2026-03-21 03:54:29 | INFO | [ncluster=232/232] AUC-ROC=nan%  AUC-PR=0.00%  F1=0.0000  MCC=0.0000  Train=0.061s  Test=0.012s  Peak RAM=3.987 MB
2026-03-21 03:54:29 | INFO | [ncluster=235/235] AUC-ROC=nan%  AUC-PR=0.00%  F1=0.0000  MCC=0.0000  Train=0.029s  Test=0.006s  Peak RAM=3.986 MB
2026-03-21 03:54:29 | INFO | [ncluster=238/238] AUC-ROC=nan%  AUC-PR=0.00%  F1=0.0000  MCC=0.0000  Train=0.030s  Test=0.007s  Peak RAM=3.986 MB
2026-03-21 03:54:29 | INFO | [ncluster=241/241] AUC-ROC=nan%  AUC-PR=0.00%  F1=0.0000  MCC=0.0000  Train=0.030s  Test=0.006s  Peak RAM=3.986 MB
2026-03-21 03:54:29 | INFO | [ncluster=244/244] AUC-ROC=nan%  AUC-PR=0.00%  F1=0.0000  MCC=0.0000  Train=0.028s  Test=0.007s  Peak RAM=3.988 MB
2026-03-21 03:54:29 | INFO | [ncluster=247/247] AUC-ROC=nan%  AUC-PR=0.00%  F1=0.0000  MCC=0.0000  Train=0.027s  Test=0.007s  Peak RAM=3.988 MB
2026-03-21 03:54:29 | INFO | [ncluster=250/250] AUC-ROC=nan%  AUC-PR=0.00%  F1=0.0000  MCC=0.0000  Train=0.031s  Test=0.009s  Peak RAM=3.987 MB
2026-03-21 03:54:29 | INFO | [ncluster=253/253] AUC-ROC=nan%  AUC-PR=0.00%  F1=0.0000  MCC=0.0000  Train=0.031s  Test=0.007s  Peak RAM=3.987 MB
2026-03-21 03:54:29 | INFO | [ncluster=256/256] AUC-ROC=nan%  AUC-PR=0.00%  F1=0.0000  MCC=0.0000  Train=0.061s  Test=0.012s  Peak RAM=3.988 MB
2026-03-21 03:54:29 | INFO | [ncluster=259/259] AUC-ROC=nan%  AUC-PR=0.00%  F1=0.0000  MCC=0.0000  Train=0.032s  Test=0.007s  Peak RAM=3.987 MB
2026-03-21 03:54:29 | INFO | [ncluster=262/262] AUC-ROC=nan%  AUC-PR=0.00%  F1=0.0000  MCC=0.0000  Train=0.032s  Test=0.007s  Peak RAM=3.988 MB
2026-03-21 03:54:29 | INFO | [ncluster=265/265] AUC-ROC=nan%  AUC-PR=0.00%  F1=0.0000  MCC=0.0000  Train=0.031s  Test=0.006s  Peak RAM=3.988 MB
2026-03-21 03:54:29 | INFO | [ncluster=268/268] AUC-ROC=nan%  AUC-PR=0.00%  F1=0.0000  MCC=0.0000  Train=0.032s  Test=0.006s  Peak RAM=3.988 MB
2026-03-21 03:54:29 | INFO | [ncluster=271/271] AUC-ROC=nan%  AUC-PR=0.00%  F1=0.0000  MCC=0.0000  Train=0.033s  Test=0.007s  Peak RAM=3.988 MB
2026-03-21 03:54:29 | INFO | [ncluster=274/274] AUC-ROC=nan%  AUC-PR=0.00%  F1=0.0000  MCC=0.0000  Train=0.033s  Test=0.006s  Peak RAM=3.989 MB
2026-03-21 03:54:29 | INFO | [ncluster=277/277] AUC-ROC=nan%  AUC-PR=0.00%  F1=0.0000  MCC=0.0000  Train=0.030s  Test=0.007s  Peak RAM=3.99 MB
2026-03-21 03:54:29 | INFO | [ncluster=280/280] AUC-ROC=nan%  AUC-PR=0.00%  F1=0.0000  MCC=0.0000  Train=0.032s  Test=0.006s  Peak RAM=3.988 MB
2026-03-21 03:54:29 | INFO | [ncluster=283/283] AUC-ROC=nan%  AUC-PR=0.00%  F1=0.0000  MCC=0.0000  Train=0.022s  Test=0.005s  Peak RAM=3.99 MB
2026-03-21 03:54:29 | INFO | [ncluster=286/286] AUC-ROC=nan%  AUC-PR=0.00%  F1=0.0000  MCC=0.0000  Train=0.023s  Test=0.006s  Peak RAM=3.989 MB
2026-03-21 03:54:29 | INFO | [ncluster=289/289] AUC-ROC=nan%  AUC-PR=0.00%  F1=0.0000  MCC=0.0000  Train=0.022s  Test=0.005s  Peak RAM=3.99 MB
2026-03-21 03:54:29 | INFO | [ncluster=292/292] AUC-ROC=nan%  AUC-PR=0.00%  F1=0.0000  MCC=0.0000  Train=0.022s  Test=0.005s  Peak RAM=3.99 MB
2026-03-21 03:54:29 | INFO | [ncluster=295/295] AUC-ROC=nan%  AUC-PR=0.00%  F1=0.0000  MCC=0.0000  Train=0.022s  Test=0.006s  Peak RAM=3.991 MB
2026-03-21 03:54:29 | INFO | [ncluster=298/298] AUC-ROC=nan%  AUC-PR=0.00%  F1=0.0000  MCC=0.0000  Train=0.022s  Test=0.005s  Peak RAM=3.99 MB
2026-03-21 03:54:29 | INFO | --- noise=5% ---
2026-03-21 03:54:29 | INFO | ============================================================
2026-03-21 03:54:29 | INFO | Dataset  : Train_RobustScaler_data_BoTIoT.csv
2026-03-21 03:54:29 | INFO | Scaler   : RobustScaler
2026-03-21 03:54:29 | INFO | Noise    : 5%
2026-03-21 03:54:29 | INFO | nClusters: 100 values (1..298)
2026-03-21 03:54:29 | INFO | ============================================================
2026-03-21 03:54:29 | INFO | Loaded Raw Shape -> Train: (9072, 27), Test: (15000, 27)
2026-03-21 03:54:29 | INFO | Dropped metadata features: ['pkSeqID', 'stime', 'ltime', 'seq', 'saddr', 'daddr', 'sport', 'dport', 'state', 'flgs', 'proto']
2026-03-21 03:54:29 | INFO | Dropped metadata features: ['pkSeqID', 'stime', 'ltime', 'seq', 'saddr', 'daddr', 'sport', 'dport', 'state', 'flgs', 'proto']
2026-03-21 03:54:29 | INFO | Training size : 9,525  |  Testing size: 14,547  |  Features: 15
2026-03-21 03:54:29 | INFO | Firing up Parallel execution for 100 cluster configs...
2026-03-21 03:54:59 | INFO | [ncluster=1/1] AUC-ROC=nan%  AUC-PR=0.00%  F1=0.0000  MCC=0.0000  Train=0.008s  Test=0.003s  Peak RAM=4.047 MB
2026-03-21 03:54:59 | INFO | [ncluster=4/4] AUC-ROC=nan%  AUC-PR=0.00%  F1=0.0000  MCC=0.0000  Train=0.008s  Test=0.003s  Peak RAM=4.05 MB
2026-03-21 03:54:59 | INFO | [ncluster=7/7] AUC-ROC=nan%  AUC-PR=0.00%  F1=0.0000  MCC=0.0000  Train=0.009s  Test=0.004s  Peak RAM=4.049 MB
2026-03-21 03:54:59 | INFO | [ncluster=10/10] AUC-ROC=nan%  AUC-PR=0.00%  F1=0.0000  MCC=0.0000  Train=0.009s  Test=0.003s  Peak RAM=4.049 MB
2026-03-21 03:54:59 | INFO | [ncluster=13/13] AUC-ROC=nan%  AUC-PR=0.00%  F1=0.0000  MCC=0.0000  Train=0.009s  Test=0.004s  Peak RAM=4.048 MB
2026-03-21 03:54:59 | INFO | [ncluster=16/16] AUC-ROC=nan%  AUC-PR=0.00%  F1=0.0000  MCC=0.0000  Train=0.010s  Test=0.006s  Peak RAM=4.049 MB
2026-03-21 03:54:59 | INFO | [ncluster=19/19] AUC-ROC=nan%  AUC-PR=0.00%  F1=0.0000  MCC=0.0000  Train=0.010s  Test=0.004s  Peak RAM=4.05 MB
2026-03-21 03:54:59 | INFO | [ncluster=22/22] AUC-ROC=nan%  AUC-PR=0.00%  F1=0.0000  MCC=0.0000  Train=0.009s  Test=0.004s  Peak RAM=4.049 MB
2026-03-21 03:54:59 | INFO | [ncluster=25/25] AUC-ROC=nan%  AUC-PR=0.00%  F1=0.0000  MCC=0.0000  Train=0.010s  Test=0.003s  Peak RAM=4.05 MB
2026-03-21 03:54:59 | INFO | [ncluster=28/28] AUC-ROC=nan%  AUC-PR=0.00%  F1=0.0000  MCC=0.0000  Train=0.011s  Test=0.004s  Peak RAM=4.053 MB
2026-03-21 03:54:59 | INFO | [ncluster=31/31] AUC-ROC=nan%  AUC-PR=0.00%  F1=0.0000  MCC=0.0000  Train=0.011s  Test=0.004s  Peak RAM=4.05 MB
2026-03-21 03:54:59 | INFO | [ncluster=34/34] AUC-ROC=nan%  AUC-PR=0.00%  F1=0.0000  MCC=0.0000  Train=0.011s  Test=0.003s  Peak RAM=4.051 MB
2026-03-21 03:54:59 | INFO | [ncluster=37/37] AUC-ROC=nan%  AUC-PR=0.00%  F1=0.0000  MCC=0.0000  Train=0.018s  Test=0.007s  Peak RAM=4.05 MB
2026-03-21 03:54:59 | INFO | [ncluster=40/40] AUC-ROC=nan%  AUC-PR=0.00%  F1=0.0000  MCC=0.0000  Train=0.012s  Test=0.003s  Peak RAM=4.052 MB
2026-03-21 03:54:59 | INFO | [ncluster=43/43] AUC-ROC=nan%  AUC-PR=0.00%  F1=0.0000  MCC=0.0000  Train=0.012s  Test=0.004s  Peak RAM=4.051 MB
2026-03-21 03:54:59 | INFO | [ncluster=46/46] AUC-ROC=nan%  AUC-PR=0.00%  F1=0.0000  MCC=0.0000  Train=0.012s  Test=0.004s  Peak RAM=4.051 MB
2026-03-21 03:54:59 | INFO | [ncluster=49/49] AUC-ROC=nan%  AUC-PR=0.00%  F1=0.0000  MCC=0.0000  Train=0.013s  Test=0.004s  Peak RAM=4.051 MB
2026-03-21 03:54:59 | INFO | [ncluster=52/52] AUC-ROC=nan%  AUC-PR=0.00%  F1=0.0000  MCC=0.0000  Train=0.013s  Test=0.004s  Peak RAM=4.052 MB
2026-03-21 03:54:59 | INFO | [ncluster=55/55] AUC-ROC=nan%  AUC-PR=0.00%  F1=0.0000  MCC=0.0000  Train=0.013s  Test=0.005s  Peak RAM=4.052 MB
2026-03-21 03:54:59 | INFO | [ncluster=58/58] AUC-ROC=nan%  AUC-PR=0.00%  F1=0.0000  MCC=0.0000  Train=0.012s  Test=0.004s  Peak RAM=4.052 MB
2026-03-21 03:54:59 | INFO | [ncluster=61/61] AUC-ROC=nan%  AUC-PR=0.00%  F1=0.0000  MCC=0.0000  Train=0.014s  Test=0.004s  Peak RAM=4.052 MB
2026-03-21 03:54:59 | INFO | [ncluster=64/64] AUC-ROC=nan%  AUC-PR=0.00%  F1=0.0000  MCC=0.0000  Train=0.014s  Test=0.003s  Peak RAM=4.055 MB
2026-03-21 03:54:59 | INFO | [ncluster=67/67] AUC-ROC=nan%  AUC-PR=0.00%  F1=0.0000  MCC=0.0000  Train=0.014s  Test=0.004s  Peak RAM=4.052 MB
2026-03-21 03:54:59 | INFO | [ncluster=70/70] AUC-ROC=nan%  AUC-PR=0.00%  F1=0.0000  MCC=0.0000  Train=0.014s  Test=0.005s  Peak RAM=4.053 MB
2026-03-21 03:54:59 | INFO | [ncluster=73/73] AUC-ROC=nan%  AUC-PR=0.00%  F1=0.0000  MCC=0.0000  Train=0.015s  Test=0.004s  Peak RAM=4.053 MB
2026-03-21 03:54:59 | INFO | [ncluster=76/76] AUC-ROC=nan%  AUC-PR=0.00%  F1=0.0000  MCC=0.0000  Train=0.015s  Test=0.004s  Peak RAM=4.051 MB
2026-03-21 03:54:59 | INFO | [ncluster=79/79] AUC-ROC=nan%  AUC-PR=0.00%  F1=0.0000  MCC=0.0000  Train=0.015s  Test=0.005s  Peak RAM=4.054 MB
2026-03-21 03:54:59 | INFO | [ncluster=82/82] AUC-ROC=nan%  AUC-PR=0.00%  F1=0.0000  MCC=0.0000  Train=0.018s  Test=0.004s  Peak RAM=4.053 MB
2026-03-21 03:54:59 | INFO | [ncluster=85/85] AUC-ROC=nan%  AUC-PR=0.00%  F1=0.0000  MCC=0.0000  Train=0.016s  Test=0.005s  Peak RAM=4.054 MB
2026-03-21 03:54:59 | INFO | [ncluster=88/88] AUC-ROC=nan%  AUC-PR=0.00%  F1=0.0000  MCC=0.0000  Train=0.016s  Test=0.004s  Peak RAM=4.051 MB
2026-03-21 03:54:59 | INFO | [ncluster=91/91] AUC-ROC=nan%  AUC-PR=0.00%  F1=0.0000  MCC=0.0000  Train=0.019s  Test=0.008s  Peak RAM=4.054 MB
2026-03-21 03:54:59 | INFO | [ncluster=94/94] AUC-ROC=nan%  AUC-PR=0.00%  F1=0.0000  MCC=0.0000  Train=0.017s  Test=0.005s  Peak RAM=4.052 MB
2026-03-21 03:54:59 | INFO | [ncluster=97/97] AUC-ROC=nan%  AUC-PR=0.00%  F1=0.0000  MCC=0.0000  Train=0.017s  Test=0.004s  Peak RAM=4.054 MB
2026-03-21 03:54:59 | INFO | [ncluster=100/100] AUC-ROC=nan%  AUC-PR=0.00%  F1=0.0000  MCC=0.0000  Train=0.016s  Test=0.005s  Peak RAM=4.052 MB
2026-03-21 03:54:59 | INFO | [ncluster=103/103] AUC-ROC=nan%  AUC-PR=0.00%  F1=0.0000  MCC=0.0000  Train=0.016s  Test=0.005s  Peak RAM=4.055 MB
2026-03-21 03:54:59 | INFO | [ncluster=106/106] AUC-ROC=nan%  AUC-PR=0.00%  F1=0.0000  MCC=0.0000  Train=0.016s  Test=0.004s  Peak RAM=4.053 MB
2026-03-21 03:54:59 | INFO | [ncluster=109/109] AUC-ROC=nan%  AUC-PR=0.00%  F1=0.0000  MCC=0.0000  Train=0.018s  Test=0.005s  Peak RAM=4.055 MB
2026-03-21 03:54:59 | INFO | [ncluster=112/112] AUC-ROC=nan%  AUC-PR=0.00%  F1=0.0000  MCC=0.0000  Train=0.019s  Test=0.004s  Peak RAM=4.062 MB
2026-03-21 03:54:59 | INFO | [ncluster=115/115] AUC-ROC=nan%  AUC-PR=0.00%  F1=0.0000  MCC=0.0000  Train=0.039s  Test=0.008s  Peak RAM=4.056 MB
2026-03-21 03:54:59 | INFO | [ncluster=118/118] AUC-ROC=nan%  AUC-PR=0.00%  F1=0.0000  MCC=0.0000  Train=0.019s  Test=0.005s  Peak RAM=4.053 MB
2026-03-21 03:54:59 | INFO | [ncluster=121/121] AUC-ROC=nan%  AUC-PR=0.00%  F1=0.0000  MCC=0.0000  Train=0.019s  Test=0.004s  Peak RAM=4.056 MB
2026-03-21 03:54:59 | INFO | [ncluster=124/124] AUC-ROC=nan%  AUC-PR=0.00%  F1=0.0000  MCC=0.0000  Train=0.020s  Test=0.005s  Peak RAM=4.054 MB
2026-03-21 03:54:59 | INFO | [ncluster=127/127] AUC-ROC=nan%  AUC-PR=0.00%  F1=0.0000  MCC=0.0000  Train=0.019s  Test=0.006s  Peak RAM=4.057 MB
2026-03-21 03:54:59 | INFO | [ncluster=130/130] AUC-ROC=nan%  AUC-PR=0.00%  F1=0.0000  MCC=0.0000  Train=0.020s  Test=0.005s  Peak RAM=4.054 MB
2026-03-21 03:54:59 | INFO | [ncluster=133/133] AUC-ROC=nan%  AUC-PR=0.00%  F1=0.0000  MCC=0.0000  Train=0.021s  Test=0.005s  Peak RAM=4.056 MB
2026-03-21 03:54:59 | INFO | [ncluster=136/136] AUC-ROC=nan%  AUC-PR=0.00%  F1=0.0000  MCC=0.0000  Train=0.019s  Test=0.004s  Peak RAM=4.054 MB
2026-03-21 03:54:59 | INFO | [ncluster=139/139] AUC-ROC=nan%  AUC-PR=0.00%  F1=0.0000  MCC=0.0000  Train=0.046s  Test=0.008s  Peak RAM=4.06 MB
2026-03-21 03:54:59 | INFO | [ncluster=142/142] AUC-ROC=nan%  AUC-PR=0.00%  F1=0.0000  MCC=0.0000  Train=0.021s  Test=0.006s  Peak RAM=4.056 MB
2026-03-21 03:54:59 | INFO | [ncluster=145/145] AUC-ROC=nan%  AUC-PR=0.00%  F1=0.0000  MCC=0.0000  Train=0.021s  Test=0.005s  Peak RAM=4.058 MB
2026-03-21 03:54:59 | INFO | [ncluster=148/148] AUC-ROC=nan%  AUC-PR=0.00%  F1=0.0000  MCC=0.0000  Train=0.022s  Test=0.005s  Peak RAM=4.056 MB
2026-03-21 03:54:59 | INFO | [ncluster=151/151] AUC-ROC=nan%  AUC-PR=0.00%  F1=0.0000  MCC=0.0000  Train=0.022s  Test=0.006s  Peak RAM=4.058 MB
2026-03-21 03:54:59 | INFO | [ncluster=154/154] AUC-ROC=nan%  AUC-PR=0.00%  F1=0.0000  MCC=0.0000  Train=0.022s  Test=0.005s  Peak RAM=4.056 MB
2026-03-21 03:54:59 | INFO | [ncluster=157/157] AUC-ROC=nan%  AUC-PR=0.00%  F1=0.0000  MCC=0.0000  Train=0.023s  Test=0.006s  Peak RAM=4.058 MB
2026-03-21 03:54:59 | INFO | [ncluster=160/160] AUC-ROC=nan%  AUC-PR=0.00%  F1=0.0000  MCC=0.0000  Train=0.023s  Test=0.005s  Peak RAM=4.056 MB
2026-03-21 03:54:59 | INFO | [ncluster=163/163] AUC-ROC=nan%  AUC-PR=0.00%  F1=0.0000  MCC=0.0000  Train=0.021s  Test=0.005s  Peak RAM=4.061 MB
2026-03-21 03:54:59 | INFO | [ncluster=166/166] AUC-ROC=nan%  AUC-PR=0.00%  F1=0.0000  MCC=0.0000  Train=0.021s  Test=0.006s  Peak RAM=4.057 MB
2026-03-21 03:54:59 | INFO | [ncluster=169/169] AUC-ROC=nan%  AUC-PR=0.00%  F1=0.0000  MCC=0.0000  Train=0.023s  Test=0.005s  Peak RAM=4.058 MB
2026-03-21 03:54:59 | INFO | [ncluster=172/172] AUC-ROC=nan%  AUC-PR=0.00%  F1=0.0000  MCC=0.0000  Train=0.024s  Test=0.006s  Peak RAM=4.057 MB
2026-03-21 03:54:59 | INFO | [ncluster=175/175] AUC-ROC=nan%  AUC-PR=0.00%  F1=0.0000  MCC=0.0000  Train=0.024s  Test=0.006s  Peak RAM=4.062 MB
2026-03-21 03:54:59 | INFO | [ncluster=178/178] AUC-ROC=nan%  AUC-PR=0.00%  F1=0.0000  MCC=0.0000  Train=0.024s  Test=0.005s  Peak RAM=4.058 MB
2026-03-21 03:54:59 | INFO | [ncluster=181/181] AUC-ROC=nan%  AUC-PR=0.00%  F1=0.0000  MCC=0.0000  Train=0.025s  Test=0.006s  Peak RAM=4.059 MB
2026-03-21 03:54:59 | INFO | [ncluster=184/184] AUC-ROC=nan%  AUC-PR=0.00%  F1=0.0000  MCC=0.0000  Train=0.025s  Test=0.005s  Peak RAM=4.062 MB
2026-03-21 03:54:59 | INFO | [ncluster=187/187] AUC-ROC=nan%  AUC-PR=0.00%  F1=0.0000  MCC=0.0000  Train=0.052s  Test=0.012s  Peak RAM=4.06 MB
2026-03-21 03:54:59 | INFO | [ncluster=190/190] AUC-ROC=nan%  AUC-PR=0.00%  F1=0.0000  MCC=0.0000  Train=0.025s  Test=0.006s  Peak RAM=4.058 MB
2026-03-21 03:54:59 | INFO | [ncluster=193/193] AUC-ROC=nan%  AUC-PR=0.00%  F1=0.0000  MCC=0.0000  Train=0.026s  Test=0.005s  Peak RAM=4.061 MB
2026-03-21 03:54:59 | INFO | [ncluster=196/196] AUC-ROC=nan%  AUC-PR=0.00%  F1=0.0000  MCC=0.0000  Train=0.026s  Test=0.006s  Peak RAM=4.058 MB
2026-03-21 03:54:59 | INFO | [ncluster=199/199] AUC-ROC=nan%  AUC-PR=0.00%  F1=0.0000  MCC=0.0000  Train=0.027s  Test=0.007s  Peak RAM=4.062 MB
2026-03-21 03:54:59 | INFO | [ncluster=202/202] AUC-ROC=nan%  AUC-PR=0.00%  F1=0.0000  MCC=0.0000  Train=0.027s  Test=0.006s  Peak RAM=4.059 MB
2026-03-21 03:54:59 | INFO | [ncluster=205/205] AUC-ROC=nan%  AUC-PR=0.00%  F1=0.0000  MCC=0.0000  Train=0.027s  Test=0.006s  Peak RAM=4.061 MB
2026-03-21 03:54:59 | INFO | [ncluster=208/208] AUC-ROC=nan%  AUC-PR=0.00%  F1=0.0000  MCC=0.0000  Train=0.027s  Test=0.005s  Peak RAM=4.059 MB
2026-03-21 03:54:59 | INFO | [ncluster=211/211] AUC-ROC=nan%  AUC-PR=0.00%  F1=0.0000  MCC=0.0000  Train=0.028s  Test=0.006s  Peak RAM=4.063 MB
2026-03-21 03:54:59 | INFO | [ncluster=214/214] AUC-ROC=nan%  AUC-PR=0.00%  F1=0.0000  MCC=0.0000  Train=0.028s  Test=0.007s  Peak RAM=4.06 MB
2026-03-21 03:54:59 | INFO | [ncluster=217/217] AUC-ROC=nan%  AUC-PR=0.00%  F1=0.0000  MCC=0.0000  Train=0.025s  Test=0.005s  Peak RAM=4.064 MB
2026-03-21 03:54:59 | INFO | [ncluster=220/220] AUC-ROC=nan%  AUC-PR=0.00%  F1=0.0000  MCC=0.0000  Train=0.044s  Test=0.012s  Peak RAM=4.062 MB
2026-03-21 03:54:59 | INFO | [ncluster=223/223] AUC-ROC=nan%  AUC-PR=0.00%  F1=0.0000  MCC=0.0000  Train=0.028s  Test=0.007s  Peak RAM=4.062 MB
2026-03-21 03:54:59 | INFO | [ncluster=226/226] AUC-ROC=nan%  AUC-PR=0.00%  F1=0.0000  MCC=0.0000  Train=0.055s  Test=0.006s  Peak RAM=4.063 MB
2026-03-21 03:54:59 | INFO | [ncluster=229/229] AUC-ROC=nan%  AUC-PR=0.00%  F1=0.0000  MCC=0.0000  Train=0.029s  Test=0.007s  Peak RAM=4.065 MB
2026-03-21 03:54:59 | INFO | [ncluster=232/232] AUC-ROC=nan%  AUC-PR=0.00%  F1=0.0000  MCC=0.0000  Train=0.029s  Test=0.006s  Peak RAM=4.064 MB
2026-03-21 03:54:59 | INFO | [ncluster=235/235] AUC-ROC=nan%  AUC-PR=0.00%  F1=0.0000  MCC=0.0000  Train=0.030s  Test=0.006s  Peak RAM=4.063 MB
2026-03-21 03:54:59 | INFO | [ncluster=238/238] AUC-ROC=nan%  AUC-PR=0.00%  F1=0.0000  MCC=0.0000  Train=0.030s  Test=0.007s  Peak RAM=4.063 MB
2026-03-21 03:54:59 | INFO | [ncluster=241/241] AUC-ROC=nan%  AUC-PR=0.00%  F1=0.0000  MCC=0.0000  Train=0.031s  Test=0.006s  Peak RAM=4.065 MB
2026-03-21 03:54:59 | INFO | [ncluster=244/244] AUC-ROC=nan%  AUC-PR=0.00%  F1=0.0000  MCC=0.0000  Train=0.027s  Test=0.006s  Peak RAM=4.065 MB
2026-03-21 03:54:59 | INFO | [ncluster=247/247] AUC-ROC=nan%  AUC-PR=0.00%  F1=0.0000  MCC=0.0000  Train=0.029s  Test=0.007s  Peak RAM=4.063 MB
2026-03-21 03:54:59 | INFO | [ncluster=250/250] AUC-ROC=nan%  AUC-PR=0.00%  F1=0.0000  MCC=0.0000  Train=0.030s  Test=0.006s  Peak RAM=4.064 MB
2026-03-21 03:54:59 | INFO | [ncluster=253/253] AUC-ROC=nan%  AUC-PR=0.00%  F1=0.0000  MCC=0.0000  Train=0.053s  Test=0.007s  Peak RAM=4.071 MB
2026-03-21 03:54:59 | INFO | [ncluster=256/256] AUC-ROC=nan%  AUC-PR=0.00%  F1=0.0000  MCC=0.0000  Train=0.032s  Test=0.006s  Peak RAM=4.064 MB
2026-03-21 03:54:59 | INFO | [ncluster=259/259] AUC-ROC=nan%  AUC-PR=0.00%  F1=0.0000  MCC=0.0000  Train=0.032s  Test=0.007s  Peak RAM=4.065 MB
2026-03-21 03:54:59 | INFO | [ncluster=262/262] AUC-ROC=nan%  AUC-PR=0.00%  F1=0.0000  MCC=0.0000  Train=0.032s  Test=0.007s  Peak RAM=4.069 MB
2026-03-21 03:54:59 | INFO | [ncluster=265/265] AUC-ROC=nan%  AUC-PR=0.00%  F1=0.0000  MCC=0.0000  Train=0.033s  Test=0.006s  Peak RAM=4.065 MB
2026-03-21 03:54:59 | INFO | [ncluster=268/268] AUC-ROC=nan%  AUC-PR=0.00%  F1=0.0000  MCC=0.0000  Train=0.029s  Test=0.007s  Peak RAM=4.066 MB
2026-03-21 03:54:59 | INFO | [ncluster=271/271] AUC-ROC=nan%  AUC-PR=0.00%  F1=0.0000  MCC=0.0000  Train=0.033s  Test=0.007s  Peak RAM=4.066 MB
2026-03-21 03:54:59 | INFO | [ncluster=274/274] AUC-ROC=nan%  AUC-PR=0.00%  F1=0.0000  MCC=0.0000  Train=0.022s  Test=0.005s  Peak RAM=4.068 MB
2026-03-21 03:54:59 | INFO | [ncluster=277/277] AUC-ROC=nan%  AUC-PR=0.00%  F1=0.0000  MCC=0.0000  Train=0.033s  Test=0.007s  Peak RAM=4.067 MB
2026-03-21 03:54:59 | INFO | [ncluster=280/280] AUC-ROC=nan%  AUC-PR=0.00%  F1=0.0000  MCC=0.0000  Train=0.034s  Test=0.006s  Peak RAM=4.066 MB
2026-03-21 03:54:59 | INFO | [ncluster=283/283] AUC-ROC=nan%  AUC-PR=0.00%  F1=0.0000  MCC=0.0000  Train=0.034s  Test=0.007s  Peak RAM=4.065 MB
2026-03-21 03:54:59 | INFO | [ncluster=286/286] AUC-ROC=nan%  AUC-PR=0.00%  F1=0.0000  MCC=0.0000  Train=0.025s  Test=0.006s  Peak RAM=4.066 MB
2026-03-21 03:54:59 | INFO | [ncluster=289/289] AUC-ROC=nan%  AUC-PR=0.00%  F1=0.0000  MCC=0.0000  Train=0.022s  Test=0.005s  Peak RAM=4.067 MB
2026-03-21 03:54:59 | INFO | [ncluster=292/292] AUC-ROC=nan%  AUC-PR=0.00%  F1=0.0000  MCC=0.0000  Train=0.022s  Test=0.005s  Peak RAM=4.066 MB
2026-03-21 03:54:59 | INFO | [ncluster=295/295] AUC-ROC=nan%  AUC-PR=0.00%  F1=0.0000  MCC=0.0000  Train=0.022s  Test=0.006s  Peak RAM=4.071 MB
2026-03-21 03:54:59 | INFO | [ncluster=298/298] AUC-ROC=nan%  AUC-PR=0.00%  F1=0.0000  MCC=0.0000  Train=0.022s  Test=0.005s  Peak RAM=4.069 MB
2026-03-21 03:54:59 | INFO | Results saved to: /home/jupyter-iclr2025/New Project/NFST/GMM-nfst/notebooks/experiments/outputs/Experiment_OC_NFST_MemOpt_20260321_025037/data_BoTIoT_memopt.csv
2026-03-21 03:54:59 | INFO | Log saved to    : /home/jupyter-iclr2025/New Project/NFST/GMM-nfst/notebooks/experiments/outputs/Experiment_OC_NFST_MemOpt_20260321_025037/data_BoTIoT_memopt.log
