2026-03-21 02:50:37 | INFO | Run started at 20260321_025037
2026-03-21 02:50:37 | INFO | Dataset prefix : data_CICIoT2023
2026-03-21 02:50:37 | INFO | Scalers        : ['StandardScaler', 'MinMaxScaler', 'Normalizer', 'QuantileTransformer', 'RobustScaler']
2026-03-21 02:50:37 | INFO | N_CLUSTERS     : range(1, 301, 3) — 100 values
2026-03-21 02:50:37 | INFO | NOISE_LIST     : [0, 1, 3, 5]
2026-03-21 02:50:37 | INFO | CSV output     : /home/jupyter-iclr2025/New Project/NFST/GMM-nfst/notebooks/experiments/outputs/Experiment_OC_NFST_MemOpt_20260321_025037/data_CICIoT2023_memopt.csv
2026-03-21 02:50:37 | INFO | Log file       : /home/jupyter-iclr2025/New Project/NFST/GMM-nfst/notebooks/experiments/outputs/Experiment_OC_NFST_MemOpt_20260321_025037/data_CICIoT2023_memopt.log
2026-03-21 02:50:37 | INFO | ------------------------------------------------------------
2026-03-21 02:50:37 | INFO | 
>>> Processing data_CICIoT2023 | scaler=StandardScaler
2026-03-21 02:50:37 | INFO | --- noise=0% ---
2026-03-21 02:50:37 | INFO | ============================================================
2026-03-21 02:50:37 | INFO | Dataset  : Train_StandardScaler_data_CICIoT2023.csv
2026-03-21 02:50:37 | INFO | Scaler   : StandardScaler
2026-03-21 02:50:37 | INFO | Noise    : 0%
2026-03-21 02:50:37 | INFO | nClusters: 100 values (1..298)
2026-03-21 02:50:37 | INFO | ============================================================
2026-03-21 02:50:37 | INFO | Loaded Raw Shape -> Train: (30000, 45), Test: (30000, 45)
2026-03-21 02:50:37 | INFO | Training size : 30,000  |  Testing size: 30,000  |  Features: 44
2026-03-21 02:50:37 | INFO | Firing up Parallel execution for 100 cluster configs...
2026-03-21 02:53:15 | INFO | [ncluster=1/1] AUC-ROC=50.00%  AUC-PR=50.00%  F1=0.0000  MCC=0.0000  Train=0.256s  Test=0.030s  Peak RAM=37.293 MB
2026-03-21 02:53:15 | INFO | [ncluster=4/4] AUC-ROC=50.00%  AUC-PR=50.00%  F1=0.0000  MCC=0.0000  Train=0.241s  Test=0.020s  Peak RAM=37.303 MB
2026-03-21 02:53:15 | INFO | [ncluster=7/7] AUC-ROC=37.91%  AUC-PR=43.99%  F1=0.6856  MCC=0.2008  Train=0.218s  Test=0.021s  Peak RAM=37.308 MB
2026-03-21 02:53:15 | INFO | [ncluster=10/10] AUC-ROC=51.51%  AUC-PR=48.93%  F1=0.7107  MCC=0.3081  Train=0.147s  Test=0.023s  Peak RAM=37.305 MB
2026-03-21 02:53:15 | INFO | [ncluster=13/13] AUC-ROC=21.11%  AUC-PR=34.64%  F1=0.6701  MCC=0.0919  Train=0.291s  Test=0.047s  Peak RAM=37.305 MB
2026-03-21 02:53:15 | INFO | [ncluster=16/16] AUC-ROC=70.88%  AUC-PR=63.26%  F1=0.8020  MCC=0.5747  Train=0.268s  Test=0.024s  Peak RAM=37.31 MB
2026-03-21 02:53:15 | INFO | [ncluster=19/19] AUC-ROC=73.11%  AUC-PR=67.48%  F1=0.7912  MCC=0.5541  Train=0.294s  Test=0.027s  Peak RAM=37.314 MB
2026-03-21 02:53:15 | INFO | [ncluster=22/22] AUC-ROC=88.49%  AUC-PR=84.01%  F1=0.8712  MCC=0.7355  Train=0.233s  Test=0.028s  Peak RAM=37.312 MB
2026-03-21 02:53:15 | INFO | [ncluster=25/25] AUC-ROC=79.93%  AUC-PR=72.65%  F1=0.8314  MCC=0.6443  Train=0.249s  Test=0.028s  Peak RAM=37.308 MB
2026-03-21 02:53:15 | INFO | [ncluster=28/28] AUC-ROC=82.64%  AUC-PR=76.29%  F1=0.8271  MCC=0.6314  Train=0.204s  Test=0.026s  Peak RAM=37.315 MB
2026-03-21 02:53:15 | INFO | [ncluster=31/31] AUC-ROC=79.97%  AUC-PR=75.21%  F1=0.8318  MCC=0.6478  Train=0.220s  Test=0.047s  Peak RAM=37.309 MB
2026-03-21 02:53:15 | INFO | [ncluster=34/34] AUC-ROC=83.34%  AUC-PR=76.66%  F1=0.8561  MCC=0.6993  Train=0.253s  Test=0.025s  Peak RAM=37.312 MB
2026-03-21 02:53:15 | INFO | [ncluster=37/37] AUC-ROC=87.58%  AUC-PR=83.98%  F1=0.8594  MCC=0.7076  Train=0.163s  Test=0.031s  Peak RAM=37.127 MB
2026-03-21 02:53:15 | INFO | [ncluster=40/40] AUC-ROC=85.76%  AUC-PR=81.42%  F1=0.8392  MCC=0.6599  Train=0.165s  Test=0.030s  Peak RAM=37.126 MB
2026-03-21 02:53:15 | INFO | [ncluster=43/43] AUC-ROC=88.51%  AUC-PR=84.47%  F1=0.8620  MCC=0.7133  Train=0.170s  Test=0.031s  Peak RAM=37.126 MB
2026-03-21 02:53:15 | INFO | [ncluster=46/46] AUC-ROC=88.85%  AUC-PR=85.03%  F1=0.8661  MCC=0.7220  Train=0.174s  Test=0.040s  Peak RAM=37.126 MB
2026-03-21 02:53:15 | INFO | [ncluster=49/49] AUC-ROC=88.48%  AUC-PR=83.58%  F1=0.8602  MCC=0.7069  Train=0.158s  Test=0.031s  Peak RAM=37.132 MB
2026-03-21 02:53:15 | INFO | [ncluster=52/52] AUC-ROC=92.41%  AUC-PR=89.51%  F1=0.8914  MCC=0.7752  Train=0.242s  Test=0.032s  Peak RAM=37.133 MB
2026-03-21 02:53:15 | INFO | [ncluster=55/55] AUC-ROC=91.04%  AUC-PR=87.75%  F1=0.8791  MCC=0.7501  Train=0.159s  Test=0.031s  Peak RAM=37.13 MB
2026-03-21 02:53:15 | INFO | [ncluster=58/58] AUC-ROC=90.99%  AUC-PR=87.09%  F1=0.8732  MCC=0.7360  Train=0.179s  Test=0.043s  Peak RAM=37.13 MB
2026-03-21 02:53:15 | INFO | [ncluster=61/61] AUC-ROC=89.98%  AUC-PR=86.31%  F1=0.8762  MCC=0.7431  Train=0.200s  Test=0.033s  Peak RAM=37.132 MB
2026-03-21 02:53:15 | INFO | [ncluster=64/64] AUC-ROC=93.57%  AUC-PR=91.25%  F1=0.9030  MCC=0.8002  Train=0.171s  Test=0.034s  Peak RAM=37.136 MB
2026-03-21 02:53:15 | INFO | [ncluster=67/67] AUC-ROC=91.13%  AUC-PR=87.31%  F1=0.8844  MCC=0.7607  Train=0.154s  Test=0.035s  Peak RAM=37.118 MB
2026-03-21 02:53:15 | INFO | [ncluster=70/70] AUC-ROC=90.62%  AUC-PR=87.45%  F1=0.8574  MCC=0.7020  Train=0.184s  Test=0.035s  Peak RAM=37.133 MB
2026-03-21 02:53:15 | INFO | [ncluster=73/73] AUC-ROC=93.44%  AUC-PR=90.49%  F1=0.9013  MCC=0.7971  Train=0.296s  Test=0.062s  Peak RAM=37.135 MB
2026-03-21 02:53:15 | INFO | [ncluster=76/76] AUC-ROC=92.72%  AUC-PR=89.76%  F1=0.8839  MCC=0.7590  Train=0.169s  Test=0.035s  Peak RAM=37.123 MB
2026-03-21 02:53:15 | INFO | [ncluster=79/79] AUC-ROC=92.41%  AUC-PR=88.85%  F1=0.8796  MCC=0.7498  Train=0.145s  Test=0.035s  Peak RAM=37.12 MB
2026-03-21 02:53:15 | INFO | [ncluster=82/82] AUC-ROC=82.91%  AUC-PR=80.35%  F1=0.7800  MCC=0.5313  Train=0.240s  Test=0.037s  Peak RAM=37.124 MB
2026-03-21 02:53:15 | INFO | [ncluster=85/85] AUC-ROC=95.87%  AUC-PR=94.52%  F1=0.9204  MCC=0.8371  Train=0.202s  Test=0.050s  Peak RAM=37.122 MB
2026-03-21 02:53:15 | INFO | [ncluster=88/88] AUC-ROC=93.37%  AUC-PR=90.36%  F1=0.9014  MCC=0.7968  Train=0.220s  Test=0.039s  Peak RAM=37.123 MB
2026-03-21 02:53:15 | INFO | [ncluster=91/91] AUC-ROC=93.23%  AUC-PR=89.95%  F1=0.8914  MCC=0.7767  Train=0.183s  Test=0.039s  Peak RAM=37.123 MB
2026-03-21 02:53:15 | INFO | [ncluster=94/94] AUC-ROC=92.78%  AUC-PR=89.10%  F1=0.8877  MCC=0.7679  Train=0.178s  Test=0.039s  Peak RAM=37.126 MB
2026-03-21 02:53:15 | INFO | [ncluster=97/97] AUC-ROC=94.08%  AUC-PR=91.98%  F1=0.9011  MCC=0.7961  Train=0.236s  Test=0.052s  Peak RAM=37.125 MB
2026-03-21 02:53:15 | INFO | [ncluster=100/100] AUC-ROC=93.45%  AUC-PR=90.19%  F1=0.8977  MCC=0.7890  Train=0.145s  Test=0.039s  Peak RAM=37.125 MB
2026-03-21 02:53:15 | INFO | [ncluster=103/103] AUC-ROC=92.80%  AUC-PR=89.87%  F1=0.8868  MCC=0.7656  Train=0.171s  Test=0.039s  Peak RAM=37.128 MB
2026-03-21 02:53:15 | INFO | [ncluster=106/106] AUC-ROC=94.66%  AUC-PR=92.27%  F1=0.8996  MCC=0.7937  Train=0.157s  Test=0.036s  Peak RAM=37.127 MB
2026-03-21 02:53:15 | INFO | [ncluster=109/109] AUC-ROC=94.34%  AUC-PR=91.65%  F1=0.9004  MCC=0.7950  Train=0.169s  Test=0.040s  Peak RAM=37.125 MB
2026-03-21 02:53:15 | INFO | [ncluster=112/112] AUC-ROC=94.27%  AUC-PR=91.71%  F1=0.9009  MCC=0.7961  Train=0.169s  Test=0.038s  Peak RAM=37.125 MB
2026-03-21 02:53:15 | INFO | [ncluster=115/115] AUC-ROC=90.72%  AUC-PR=87.39%  F1=0.8781  MCC=0.7466  Train=0.186s  Test=0.042s  Peak RAM=37.13 MB
2026-03-21 02:53:15 | INFO | [ncluster=118/118] AUC-ROC=93.76%  AUC-PR=90.97%  F1=0.8919  MCC=0.7768  Train=0.130s  Test=0.043s  Peak RAM=37.129 MB
2026-03-21 02:53:15 | INFO | [ncluster=121/121] AUC-ROC=90.86%  AUC-PR=88.06%  F1=0.8516  MCC=0.7044  Train=0.201s  Test=0.041s  Peak RAM=37.127 MB
2026-03-21 02:53:15 | INFO | [ncluster=124/124] AUC-ROC=94.29%  AUC-PR=91.74%  F1=0.9077  MCC=0.8102  Train=0.307s  Test=0.042s  Peak RAM=37.132 MB
2026-03-21 02:53:15 | INFO | [ncluster=127/127] AUC-ROC=93.02%  AUC-PR=91.30%  F1=0.9036  MCC=0.8026  Train=0.357s  Test=0.045s  Peak RAM=37.13 MB
2026-03-21 02:53:15 | INFO | [ncluster=130/130] AUC-ROC=92.62%  AUC-PR=90.07%  F1=0.8883  MCC=0.7690  Train=0.158s  Test=0.042s  Peak RAM=37.13 MB
2026-03-21 02:53:15 | INFO | [ncluster=133/133] AUC-ROC=91.54%  AUC-PR=87.51%  F1=0.8915  MCC=0.7757  Train=0.178s  Test=0.046s  Peak RAM=37.128 MB
2026-03-21 02:53:15 | INFO | [ncluster=136/136] AUC-ROC=93.44%  AUC-PR=90.82%  F1=0.8983  MCC=0.7913  Train=0.163s  Test=0.043s  Peak RAM=37.128 MB
2026-03-21 02:53:15 | INFO | [ncluster=139/139] AUC-ROC=91.83%  AUC-PR=88.22%  F1=0.8803  MCC=0.7511  Train=0.230s  Test=0.044s  Peak RAM=37.13 MB
2026-03-21 02:53:15 | INFO | [ncluster=142/142] AUC-ROC=94.26%  AUC-PR=91.93%  F1=0.9025  MCC=0.7992  Train=0.204s  Test=0.049s  Peak RAM=37.131 MB
2026-03-21 02:53:15 | INFO | [ncluster=145/145] AUC-ROC=93.94%  AUC-PR=91.39%  F1=0.9018  MCC=0.7985  Train=0.152s  Test=0.041s  Peak RAM=37.133 MB
2026-03-21 02:53:15 | INFO | [ncluster=148/148] AUC-ROC=92.65%  AUC-PR=90.91%  F1=0.8849  MCC=0.7631  Train=0.253s  Test=0.103s  Peak RAM=37.134 MB
2026-03-21 02:53:15 | INFO | [ncluster=151/151] AUC-ROC=94.47%  AUC-PR=91.79%  F1=0.9091  MCC=0.8131  Train=0.220s  Test=0.049s  Peak RAM=37.134 MB
2026-03-21 02:53:15 | INFO | [ncluster=154/154] AUC-ROC=94.32%  AUC-PR=91.24%  F1=0.9103  MCC=0.8156  Train=0.203s  Test=0.047s  Peak RAM=37.135 MB
2026-03-21 02:53:15 | INFO | [ncluster=157/157] AUC-ROC=92.11%  AUC-PR=88.28%  F1=0.9015  MCC=0.7972  Train=0.238s  Test=0.052s  Peak RAM=37.134 MB
2026-03-21 02:53:15 | INFO | [ncluster=160/160] AUC-ROC=92.60%  AUC-PR=88.92%  F1=0.8925  MCC=0.7787  Train=0.174s  Test=0.049s  Peak RAM=37.137 MB
2026-03-21 02:53:15 | INFO | [ncluster=163/163] AUC-ROC=94.27%  AUC-PR=92.00%  F1=0.8990  MCC=0.7929  Train=0.254s  Test=0.047s  Peak RAM=37.137 MB
2026-03-21 02:53:15 | INFO | [ncluster=166/166] AUC-ROC=91.83%  AUC-PR=87.81%  F1=0.8869  MCC=0.7655  Train=0.158s  Test=0.058s  Peak RAM=37.134 MB
2026-03-21 02:53:15 | INFO | [ncluster=169/169] AUC-ROC=94.39%  AUC-PR=92.37%  F1=0.8977  MCC=0.7901  Train=0.175s  Test=0.049s  Peak RAM=37.137 MB
2026-03-21 02:53:15 | INFO | [ncluster=172/172] AUC-ROC=93.94%  AUC-PR=91.26%  F1=0.9003  MCC=0.7946  Train=0.167s  Test=0.052s  Peak RAM=37.136 MB
2026-03-21 02:53:15 | INFO | [ncluster=175/175] AUC-ROC=93.33%  AUC-PR=90.55%  F1=0.9023  MCC=0.7997  Train=0.210s  Test=0.057s  Peak RAM=37.137 MB
2026-03-21 02:53:15 | INFO | [ncluster=178/178] AUC-ROC=93.23%  AUC-PR=90.43%  F1=0.9066  MCC=0.8084  Train=0.191s  Test=0.063s  Peak RAM=37.138 MB
2026-03-21 02:53:15 | INFO | [ncluster=181/181] AUC-ROC=94.65%  AUC-PR=91.93%  F1=0.9042  MCC=0.8033  Train=0.268s  Test=0.095s  Peak RAM=37.139 MB
2026-03-21 02:53:15 | INFO | [ncluster=184/184] AUC-ROC=92.27%  AUC-PR=87.96%  F1=0.9040  MCC=0.8024  Train=0.176s  Test=0.055s  Peak RAM=37.139 MB
2026-03-21 02:53:15 | INFO | [ncluster=187/187] AUC-ROC=93.01%  AUC-PR=89.37%  F1=0.8943  MCC=0.7815  Train=0.221s  Test=0.054s  Peak RAM=37.14 MB
2026-03-21 02:53:15 | INFO | [ncluster=190/190] AUC-ROC=94.25%  AUC-PR=91.56%  F1=0.9046  MCC=0.8036  Train=0.161s  Test=0.051s  Peak RAM=37.141 MB
2026-03-21 02:53:15 | INFO | [ncluster=193/193] AUC-ROC=94.32%  AUC-PR=91.64%  F1=0.9091  MCC=0.8133  Train=0.273s  Test=0.054s  Peak RAM=37.141 MB
2026-03-21 02:53:15 | INFO | [ncluster=196/196] AUC-ROC=93.11%  AUC-PR=89.62%  F1=0.8917  MCC=0.7759  Train=0.263s  Test=0.055s  Peak RAM=37.14 MB
2026-03-21 02:53:15 | INFO | [ncluster=199/199] AUC-ROC=93.86%  AUC-PR=90.61%  F1=0.9058  MCC=0.8063  Train=0.154s  Test=0.057s  Peak RAM=37.141 MB
2026-03-21 02:53:15 | INFO | [ncluster=202/202] AUC-ROC=92.72%  AUC-PR=89.51%  F1=0.8864  MCC=0.7647  Train=0.187s  Test=0.055s  Peak RAM=37.142 MB
2026-03-21 02:53:15 | INFO | [ncluster=205/205] AUC-ROC=92.24%  AUC-PR=86.62%  F1=0.9049  MCC=0.8047  Train=0.225s  Test=0.059s  Peak RAM=37.144 MB
2026-03-21 02:53:15 | INFO | [ncluster=208/208] AUC-ROC=93.27%  AUC-PR=88.74%  F1=0.9098  MCC=0.8147  Train=0.182s  Test=0.055s  Peak RAM=37.142 MB
2026-03-21 02:53:15 | INFO | [ncluster=211/211] AUC-ROC=94.27%  AUC-PR=91.68%  F1=0.9053  MCC=0.8051  Train=0.159s  Test=0.056s  Peak RAM=37.144 MB
2026-03-21 02:53:15 | INFO | [ncluster=214/214] AUC-ROC=94.10%  AUC-PR=91.41%  F1=0.9069  MCC=0.8087  Train=0.248s  Test=0.062s  Peak RAM=37.144 MB
2026-03-21 02:53:15 | INFO | [ncluster=217/217] AUC-ROC=94.08%  AUC-PR=91.61%  F1=0.9004  MCC=0.7947  Train=0.154s  Test=0.056s  Peak RAM=37.144 MB
2026-03-21 02:53:15 | INFO | [ncluster=220/220] AUC-ROC=95.01%  AUC-PR=92.84%  F1=0.9092  MCC=0.8133  Train=0.221s  Test=0.064s  Peak RAM=37.145 MB
2026-03-21 02:53:15 | INFO | [ncluster=223/223] AUC-ROC=94.18%  AUC-PR=91.27%  F1=0.9070  MCC=0.8089  Train=0.244s  Test=0.064s  Peak RAM=37.146 MB
2026-03-21 02:53:15 | INFO | [ncluster=226/226] AUC-ROC=94.07%  AUC-PR=90.73%  F1=0.9075  MCC=0.8099  Train=0.236s  Test=0.064s  Peak RAM=37.146 MB
2026-03-21 02:53:15 | INFO | [ncluster=229/229] AUC-ROC=94.48%  AUC-PR=92.30%  F1=0.9062  MCC=0.8069  Train=0.204s  Test=0.063s  Peak RAM=37.148 MB
2026-03-21 02:53:15 | INFO | [ncluster=232/232] AUC-ROC=92.20%  AUC-PR=88.33%  F1=0.8903  MCC=0.7737  Train=0.177s  Test=0.058s  Peak RAM=37.148 MB
2026-03-21 02:53:15 | INFO | [ncluster=235/235] AUC-ROC=93.38%  AUC-PR=90.74%  F1=0.8751  MCC=0.7512  Train=0.209s  Test=0.064s  Peak RAM=37.146 MB
2026-03-21 02:53:15 | INFO | [ncluster=238/238] AUC-ROC=95.13%  AUC-PR=93.26%  F1=0.9110  MCC=0.8171  Train=0.196s  Test=0.060s  Peak RAM=37.148 MB
2026-03-21 02:53:15 | INFO | [ncluster=241/241] AUC-ROC=94.29%  AUC-PR=91.61%  F1=0.9024  MCC=0.7993  Train=0.170s  Test=0.058s  Peak RAM=37.151 MB
2026-03-21 02:53:15 | INFO | [ncluster=244/244] AUC-ROC=94.56%  AUC-PR=91.85%  F1=0.9054  MCC=0.8057  Train=0.174s  Test=0.060s  Peak RAM=37.148 MB
2026-03-21 02:53:15 | INFO | [ncluster=247/247] AUC-ROC=93.77%  AUC-PR=89.88%  F1=0.9057  MCC=0.8061  Train=0.291s  Test=0.071s  Peak RAM=37.15 MB
2026-03-21 02:53:15 | INFO | [ncluster=250/250] AUC-ROC=93.70%  AUC-PR=90.02%  F1=0.8967  MCC=0.7883  Train=0.308s  Test=0.073s  Peak RAM=37.151 MB
2026-03-21 02:53:15 | INFO | [ncluster=253/253] AUC-ROC=94.52%  AUC-PR=91.84%  F1=0.9125  MCC=0.8205  Train=0.213s  Test=0.067s  Peak RAM=37.151 MB
2026-03-21 02:53:15 | INFO | [ncluster=256/256] AUC-ROC=93.17%  AUC-PR=88.68%  F1=0.9097  MCC=0.8144  Train=0.231s  Test=0.069s  Peak RAM=37.152 MB
2026-03-21 02:53:15 | INFO | [ncluster=259/259] AUC-ROC=93.38%  AUC-PR=89.14%  F1=0.9079  MCC=0.8106  Train=0.192s  Test=0.062s  Peak RAM=37.152 MB
2026-03-21 02:53:15 | INFO | [ncluster=262/262] AUC-ROC=94.69%  AUC-PR=92.19%  F1=0.9121  MCC=0.8196  Train=0.180s  Test=0.063s  Peak RAM=37.153 MB
2026-03-21 02:53:15 | INFO | [ncluster=265/265] AUC-ROC=93.36%  AUC-PR=88.41%  F1=0.9013  MCC=0.7967  Train=0.229s  Test=0.071s  Peak RAM=37.154 MB
2026-03-21 02:53:15 | INFO | [ncluster=268/268] AUC-ROC=95.61%  AUC-PR=93.75%  F1=0.9142  MCC=0.8239  Train=0.139s  Test=0.044s  Peak RAM=37.153 MB
2026-03-21 02:53:15 | INFO | [ncluster=271/271] AUC-ROC=94.74%  AUC-PR=91.57%  F1=0.9125  MCC=0.8204  Train=0.116s  Test=0.043s  Peak RAM=37.155 MB
2026-03-21 02:53:15 | INFO | [ncluster=274/274] AUC-ROC=93.93%  AUC-PR=89.03%  F1=0.9078  MCC=0.8105  Train=0.198s  Test=0.065s  Peak RAM=37.154 MB
2026-03-21 02:53:15 | INFO | [ncluster=277/277] AUC-ROC=93.78%  AUC-PR=89.99%  F1=0.9067  MCC=0.8082  Train=0.115s  Test=0.042s  Peak RAM=37.155 MB
2026-03-21 02:53:15 | INFO | [ncluster=280/280] AUC-ROC=93.90%  AUC-PR=89.75%  F1=0.9059  MCC=0.8065  Train=0.122s  Test=0.043s  Peak RAM=37.157 MB
2026-03-21 02:53:15 | INFO | [ncluster=283/283] AUC-ROC=94.39%  AUC-PR=91.53%  F1=0.9094  MCC=0.8138  Train=0.117s  Test=0.047s  Peak RAM=37.157 MB
2026-03-21 02:53:15 | INFO | [ncluster=286/286] AUC-ROC=93.47%  AUC-PR=89.18%  F1=0.9079  MCC=0.8107  Train=0.103s  Test=0.041s  Peak RAM=37.162 MB
2026-03-21 02:53:15 | INFO | [ncluster=289/289] AUC-ROC=94.67%  AUC-PR=92.63%  F1=0.9052  MCC=0.8048  Train=0.101s  Test=0.042s  Peak RAM=37.157 MB
2026-03-21 02:53:15 | INFO | [ncluster=292/292] AUC-ROC=94.60%  AUC-PR=91.59%  F1=0.9103  MCC=0.8158  Train=0.102s  Test=0.041s  Peak RAM=37.161 MB
2026-03-21 02:53:15 | INFO | [ncluster=295/295] AUC-ROC=91.96%  AUC-PR=86.10%  F1=0.9099  MCC=0.8149  Train=0.091s  Test=0.040s  Peak RAM=37.162 MB
2026-03-21 02:53:15 | INFO | [ncluster=298/298] AUC-ROC=93.47%  AUC-PR=88.55%  F1=0.9111  MCC=0.8174  Train=0.093s  Test=0.040s  Peak RAM=37.16 MB
2026-03-21 02:53:15 | INFO | --- noise=1% ---
2026-03-21 02:53:15 | INFO | ============================================================
2026-03-21 02:53:15 | INFO | Dataset  : Train_StandardScaler_data_CICIoT2023.csv
2026-03-21 02:53:15 | INFO | Scaler   : StandardScaler
2026-03-21 02:53:15 | INFO | Noise    : 1%
2026-03-21 02:53:15 | INFO | nClusters: 100 values (1..298)
2026-03-21 02:53:15 | INFO | ============================================================
2026-03-21 02:53:16 | INFO | Loaded Raw Shape -> Train: (30000, 45), Test: (30000, 45)
2026-03-21 02:53:16 | INFO | Training size : 30,300  |  Testing size: 29,700  |  Features: 44
2026-03-21 02:53:16 | INFO | Firing up Parallel execution for 100 cluster configs...
2026-03-21 02:55:49 | INFO | [ncluster=1/1] AUC-ROC=89.64%  AUC-PR=84.69%  F1=0.8585  MCC=0.6996  Train=0.251s  Test=0.014s  Peak RAM=37.476 MB
2026-03-21 02:55:49 | INFO | [ncluster=4/4] AUC-ROC=45.46%  AUC-PR=50.16%  F1=0.5255  MCC=0.2203  Train=0.255s  Test=0.012s  Peak RAM=37.475 MB
2026-03-21 02:55:49 | INFO | [ncluster=7/7] AUC-ROC=58.35%  AUC-PR=65.91%  F1=0.5885  MCC=0.3557  Train=0.307s  Test=0.032s  Peak RAM=37.476 MB
2026-03-21 02:55:49 | INFO | [ncluster=10/10] AUC-ROC=17.28%  AUC-PR=33.97%  F1=0.6712  MCC=0.0144  Train=0.236s  Test=0.015s  Peak RAM=37.477 MB
2026-03-21 02:55:49 | INFO | [ncluster=13/13] AUC-ROC=24.30%  AUC-PR=37.45%  F1=0.6703  MCC=0.0006  Train=0.210s  Test=0.018s  Peak RAM=37.479 MB
2026-03-21 02:55:49 | INFO | [ncluster=16/16] AUC-ROC=28.29%  AUC-PR=37.94%  F1=0.6783  MCC=0.1284  Train=0.226s  Test=0.018s  Peak RAM=37.479 MB
2026-03-21 02:55:49 | INFO | [ncluster=19/19] AUC-ROC=37.76%  AUC-PR=41.12%  F1=0.7015  MCC=0.2627  Train=0.264s  Test=0.018s  Peak RAM=37.48 MB
2026-03-21 02:55:49 | INFO | [ncluster=22/22] AUC-ROC=37.32%  AUC-PR=41.73%  F1=0.6962  MCC=0.2389  Train=0.224s  Test=0.020s  Peak RAM=37.479 MB
2026-03-21 02:55:49 | INFO | [ncluster=25/25] AUC-ROC=55.20%  AUC-PR=50.06%  F1=0.6994  MCC=0.2495  Train=0.165s  Test=0.018s  Peak RAM=37.482 MB
2026-03-21 02:55:49 | INFO | [ncluster=28/28] AUC-ROC=35.78%  AUC-PR=40.69%  F1=0.6992  MCC=0.2544  Train=0.188s  Test=0.020s  Peak RAM=37.481 MB
2026-03-21 02:55:49 | INFO | [ncluster=31/31] AUC-ROC=79.49%  AUC-PR=70.99%  F1=0.8117  MCC=0.5897  Train=0.234s  Test=0.021s  Peak RAM=37.481 MB
2026-03-21 02:55:49 | INFO | [ncluster=34/34] AUC-ROC=42.97%  AUC-PR=45.54%  F1=0.7043  MCC=0.2771  Train=0.197s  Test=0.022s  Peak RAM=37.486 MB
2026-03-21 02:55:49 | INFO | [ncluster=37/37] AUC-ROC=48.45%  AUC-PR=47.36%  F1=0.7024  MCC=0.2686  Train=0.210s  Test=0.024s  Peak RAM=37.483 MB
2026-03-21 02:55:49 | INFO | [ncluster=40/40] AUC-ROC=72.91%  AUC-PR=71.63%  F1=0.6701  MCC=0.3949  Train=0.189s  Test=0.023s  Peak RAM=37.482 MB
2026-03-21 02:55:49 | INFO | [ncluster=43/43] AUC-ROC=50.84%  AUC-PR=49.59%  F1=0.6916  MCC=0.2168  Train=0.175s  Test=0.025s  Peak RAM=37.483 MB
2026-03-21 02:55:49 | INFO | [ncluster=46/46] AUC-ROC=80.13%  AUC-PR=74.42%  F1=0.7958  MCC=0.5530  Train=0.224s  Test=0.027s  Peak RAM=37.484 MB
2026-03-21 02:55:49 | INFO | [ncluster=49/49] AUC-ROC=62.78%  AUC-PR=55.22%  F1=0.6909  MCC=0.3132  Train=0.198s  Test=0.027s  Peak RAM=37.486 MB
2026-03-21 02:55:49 | INFO | [ncluster=52/52] AUC-ROC=83.73%  AUC-PR=78.26%  F1=0.7719  MCC=0.5331  Train=0.153s  Test=0.024s  Peak RAM=37.485 MB
2026-03-21 02:55:49 | INFO | [ncluster=55/55] AUC-ROC=85.02%  AUC-PR=77.01%  F1=0.8323  MCC=0.6418  Train=0.184s  Test=0.026s  Peak RAM=37.487 MB
2026-03-21 02:55:49 | INFO | [ncluster=58/58] AUC-ROC=85.41%  AUC-PR=79.66%  F1=0.8221  MCC=0.6160  Train=0.196s  Test=0.029s  Peak RAM=37.487 MB
2026-03-21 02:55:49 | INFO | [ncluster=61/61] AUC-ROC=63.90%  AUC-PR=56.85%  F1=0.7349  MCC=0.3850  Train=0.195s  Test=0.028s  Peak RAM=37.487 MB
2026-03-21 02:55:49 | INFO | [ncluster=64/64] AUC-ROC=90.05%  AUC-PR=84.59%  F1=0.8592  MCC=0.7013  Train=0.232s  Test=0.029s  Peak RAM=37.488 MB
2026-03-21 02:55:49 | INFO | [ncluster=67/67] AUC-ROC=65.80%  AUC-PR=59.09%  F1=0.7115  MCC=0.3219  Train=0.126s  Test=0.030s  Peak RAM=37.49 MB
2026-03-21 02:55:49 | INFO | [ncluster=70/70] AUC-ROC=71.87%  AUC-PR=63.66%  F1=0.7424  MCC=0.4194  Train=0.214s  Test=0.028s  Peak RAM=37.488 MB
2026-03-21 02:55:49 | INFO | [ncluster=73/73] AUC-ROC=83.68%  AUC-PR=76.35%  F1=0.8336  MCC=0.6418  Train=0.143s  Test=0.028s  Peak RAM=37.487 MB
2026-03-21 02:55:49 | INFO | [ncluster=76/76] AUC-ROC=87.82%  AUC-PR=81.83%  F1=0.8628  MCC=0.7093  Train=0.227s  Test=0.029s  Peak RAM=37.491 MB
2026-03-21 02:55:49 | INFO | [ncluster=79/79] AUC-ROC=68.45%  AUC-PR=61.55%  F1=0.7362  MCC=0.3874  Train=0.188s  Test=0.029s  Peak RAM=37.491 MB
2026-03-21 02:55:49 | INFO | [ncluster=82/82] AUC-ROC=85.48%  AUC-PR=76.91%  F1=0.8182  MCC=0.6161  Train=0.166s  Test=0.029s  Peak RAM=37.49 MB
2026-03-21 02:55:49 | INFO | [ncluster=85/85] AUC-ROC=89.47%  AUC-PR=82.64%  F1=0.8675  MCC=0.7196  Train=0.192s  Test=0.030s  Peak RAM=37.492 MB
2026-03-21 02:55:49 | INFO | [ncluster=88/88] AUC-ROC=73.24%  AUC-PR=64.91%  F1=0.7728  MCC=0.4897  Train=0.211s  Test=0.031s  Peak RAM=37.492 MB
2026-03-21 02:55:49 | INFO | [ncluster=91/91] AUC-ROC=90.11%  AUC-PR=85.87%  F1=0.8546  MCC=0.6907  Train=0.227s  Test=0.032s  Peak RAM=37.492 MB
2026-03-21 02:55:49 | INFO | [ncluster=94/94] AUC-ROC=69.84%  AUC-PR=61.01%  F1=0.7712  MCC=0.4846  Train=0.193s  Test=0.034s  Peak RAM=37.493 MB
2026-03-21 02:55:49 | INFO | [ncluster=97/97] AUC-ROC=84.04%  AUC-PR=75.80%  F1=0.8410  MCC=0.6590  Train=0.186s  Test=0.031s  Peak RAM=37.495 MB
2026-03-21 02:55:49 | INFO | [ncluster=100/100] AUC-ROC=84.32%  AUC-PR=75.03%  F1=0.8335  MCC=0.6421  Train=0.196s  Test=0.031s  Peak RAM=37.494 MB
2026-03-21 02:55:49 | INFO | [ncluster=103/103] AUC-ROC=72.92%  AUC-PR=63.92%  F1=0.7678  MCC=0.4764  Train=0.178s  Test=0.034s  Peak RAM=37.495 MB
2026-03-21 02:55:49 | INFO | [ncluster=106/106] AUC-ROC=75.81%  AUC-PR=65.60%  F1=0.7761  MCC=0.4977  Train=0.153s  Test=0.032s  Peak RAM=37.495 MB
2026-03-21 02:55:49 | INFO | [ncluster=109/109] AUC-ROC=85.48%  AUC-PR=78.46%  F1=0.8238  MCC=0.6229  Train=0.149s  Test=0.035s  Peak RAM=37.494 MB
2026-03-21 02:55:49 | INFO | [ncluster=112/112] AUC-ROC=71.81%  AUC-PR=63.00%  F1=0.7681  MCC=0.4776  Train=0.166s  Test=0.031s  Peak RAM=37.497 MB
2026-03-21 02:55:49 | INFO | [ncluster=115/115] AUC-ROC=90.55%  AUC-PR=85.98%  F1=0.8630  MCC=0.7121  Train=0.188s  Test=0.032s  Peak RAM=37.496 MB
2026-03-21 02:55:49 | INFO | [ncluster=118/118] AUC-ROC=87.23%  AUC-PR=83.17%  F1=0.8266  MCC=0.6274  Train=0.199s  Test=0.035s  Peak RAM=37.496 MB
2026-03-21 02:55:49 | INFO | [ncluster=121/121] AUC-ROC=84.91%  AUC-PR=78.75%  F1=0.8014  MCC=0.5760  Train=0.171s  Test=0.035s  Peak RAM=37.499 MB
2026-03-21 02:55:49 | INFO | [ncluster=124/124] AUC-ROC=89.43%  AUC-PR=83.89%  F1=0.8517  MCC=0.6843  Train=0.170s  Test=0.036s  Peak RAM=37.498 MB
2026-03-21 02:55:49 | INFO | [ncluster=127/127] AUC-ROC=89.54%  AUC-PR=83.89%  F1=0.8607  MCC=0.7053  Train=0.234s  Test=0.039s  Peak RAM=37.5 MB
2026-03-21 02:55:49 | INFO | [ncluster=130/130] AUC-ROC=90.17%  AUC-PR=86.98%  F1=0.8451  MCC=0.6730  Train=0.169s  Test=0.035s  Peak RAM=37.5 MB
2026-03-21 02:55:49 | INFO | [ncluster=133/133] AUC-ROC=84.62%  AUC-PR=78.08%  F1=0.8505  MCC=0.6814  Train=0.185s  Test=0.038s  Peak RAM=37.5 MB
2026-03-21 02:55:49 | INFO | [ncluster=136/136] AUC-ROC=75.84%  AUC-PR=68.17%  F1=0.7629  MCC=0.4717  Train=0.223s  Test=0.036s  Peak RAM=37.501 MB
2026-03-21 02:55:49 | INFO | [ncluster=139/139] AUC-ROC=88.31%  AUC-PR=83.76%  F1=0.8454  MCC=0.6721  Train=0.191s  Test=0.037s  Peak RAM=37.5 MB
2026-03-21 02:55:49 | INFO | [ncluster=142/142] AUC-ROC=89.29%  AUC-PR=85.07%  F1=0.8619  MCC=0.7071  Train=0.205s  Test=0.037s  Peak RAM=37.504 MB
2026-03-21 02:55:49 | INFO | [ncluster=145/145] AUC-ROC=85.84%  AUC-PR=79.46%  F1=0.8449  MCC=0.6709  Train=0.154s  Test=0.036s  Peak RAM=37.501 MB
2026-03-21 02:55:49 | INFO | [ncluster=148/148] AUC-ROC=89.16%  AUC-PR=85.27%  F1=0.8474  MCC=0.6749  Train=0.152s  Test=0.036s  Peak RAM=37.504 MB
2026-03-21 02:55:49 | INFO | [ncluster=151/151] AUC-ROC=70.13%  AUC-PR=64.47%  F1=0.6984  MCC=0.3415  Train=0.161s  Test=0.039s  Peak RAM=37.502 MB
2026-03-21 02:55:49 | INFO | [ncluster=154/154] AUC-ROC=88.28%  AUC-PR=83.25%  F1=0.8471  MCC=0.6736  Train=0.244s  Test=0.043s  Peak RAM=37.503 MB
2026-03-21 02:55:49 | INFO | [ncluster=157/157] AUC-ROC=80.91%  AUC-PR=77.95%  F1=0.7324  MCC=0.4782  Train=0.232s  Test=0.049s  Peak RAM=37.504 MB
2026-03-21 02:55:49 | INFO | [ncluster=160/160] AUC-ROC=89.05%  AUC-PR=86.44%  F1=0.8505  MCC=0.6869  Train=0.279s  Test=0.041s  Peak RAM=37.504 MB
2026-03-21 02:55:49 | INFO | [ncluster=163/163] AUC-ROC=72.00%  AUC-PR=64.22%  F1=0.6990  MCC=0.3651  Train=0.194s  Test=0.044s  Peak RAM=37.505 MB
2026-03-21 02:55:49 | INFO | [ncluster=166/166] AUC-ROC=79.84%  AUC-PR=77.68%  F1=0.7380  MCC=0.4563  Train=0.206s  Test=0.044s  Peak RAM=37.507 MB
2026-03-21 02:55:49 | INFO | [ncluster=169/169] AUC-ROC=90.03%  AUC-PR=85.82%  F1=0.8573  MCC=0.6966  Train=0.158s  Test=0.042s  Peak RAM=37.506 MB
2026-03-21 02:55:49 | INFO | [ncluster=172/172] AUC-ROC=88.13%  AUC-PR=82.50%  F1=0.8525  MCC=0.6860  Train=0.221s  Test=0.043s  Peak RAM=37.507 MB
2026-03-21 02:55:49 | INFO | [ncluster=175/175] AUC-ROC=90.69%  AUC-PR=88.54%  F1=0.8680  MCC=0.7208  Train=0.185s  Test=0.042s  Peak RAM=37.508 MB
2026-03-21 02:55:49 | INFO | [ncluster=178/178] AUC-ROC=81.50%  AUC-PR=75.96%  F1=0.7457  MCC=0.5010  Train=0.249s  Test=0.049s  Peak RAM=37.509 MB
2026-03-21 02:55:49 | INFO | [ncluster=181/181] AUC-ROC=92.61%  AUC-PR=89.46%  F1=0.8808  MCC=0.7501  Train=0.190s  Test=0.042s  Peak RAM=37.508 MB
2026-03-21 02:55:49 | INFO | [ncluster=184/184] AUC-ROC=88.79%  AUC-PR=84.73%  F1=0.8505  MCC=0.6812  Train=0.261s  Test=0.050s  Peak RAM=37.51 MB
2026-03-21 02:55:49 | INFO | [ncluster=187/187] AUC-ROC=83.39%  AUC-PR=77.20%  F1=0.8137  MCC=0.5940  Train=0.245s  Test=0.048s  Peak RAM=37.509 MB
2026-03-21 02:55:49 | INFO | [ncluster=190/190] AUC-ROC=88.05%  AUC-PR=84.84%  F1=0.8340  MCC=0.6516  Train=0.184s  Test=0.046s  Peak RAM=37.509 MB
2026-03-21 02:55:49 | INFO | [ncluster=193/193] AUC-ROC=87.34%  AUC-PR=81.37%  F1=0.8487  MCC=0.6774  Train=0.191s  Test=0.045s  Peak RAM=37.51 MB
2026-03-21 02:55:49 | INFO | [ncluster=196/196] AUC-ROC=90.61%  AUC-PR=86.22%  F1=0.8696  MCC=0.7263  Train=0.190s  Test=0.046s  Peak RAM=37.511 MB
2026-03-21 02:55:49 | INFO | [ncluster=199/199] AUC-ROC=80.77%  AUC-PR=74.39%  F1=0.7868  MCC=0.5358  Train=0.259s  Test=0.053s  Peak RAM=37.512 MB
2026-03-21 02:55:49 | INFO | [ncluster=202/202] AUC-ROC=89.43%  AUC-PR=84.64%  F1=0.8613  MCC=0.7057  Train=0.309s  Test=0.051s  Peak RAM=37.512 MB
2026-03-21 02:55:49 | INFO | [ncluster=205/205] AUC-ROC=88.05%  AUC-PR=83.37%  F1=0.8426  MCC=0.6641  Train=0.203s  Test=0.051s  Peak RAM=37.513 MB
2026-03-21 02:55:49 | INFO | [ncluster=208/208] AUC-ROC=88.13%  AUC-PR=85.19%  F1=0.8373  MCC=0.6561  Train=0.216s  Test=0.048s  Peak RAM=37.513 MB
2026-03-21 02:55:49 | INFO | [ncluster=211/211] AUC-ROC=89.90%  AUC-PR=87.13%  F1=0.8620  MCC=0.7072  Train=0.219s  Test=0.049s  Peak RAM=37.513 MB
2026-03-21 02:55:49 | INFO | [ncluster=214/214] AUC-ROC=86.52%  AUC-PR=83.73%  F1=0.8223  MCC=0.6245  Train=0.247s  Test=0.051s  Peak RAM=37.514 MB
2026-03-21 02:55:49 | INFO | [ncluster=217/217] AUC-ROC=81.37%  AUC-PR=78.04%  F1=0.7888  MCC=0.5626  Train=0.244s  Test=0.053s  Peak RAM=37.514 MB
2026-03-21 02:55:49 | INFO | [ncluster=220/220] AUC-ROC=90.81%  AUC-PR=87.06%  F1=0.8593  MCC=0.7044  Train=0.228s  Test=0.055s  Peak RAM=37.516 MB
2026-03-21 02:55:49 | INFO | [ncluster=223/223] AUC-ROC=88.73%  AUC-PR=82.39%  F1=0.8493  MCC=0.6841  Train=0.271s  Test=0.058s  Peak RAM=37.516 MB
2026-03-21 02:55:49 | INFO | [ncluster=226/226] AUC-ROC=87.12%  AUC-PR=82.82%  F1=0.8271  MCC=0.6322  Train=0.270s  Test=0.055s  Peak RAM=37.516 MB
2026-03-21 02:55:49 | INFO | [ncluster=229/229] AUC-ROC=81.24%  AUC-PR=76.12%  F1=0.7989  MCC=0.5644  Train=0.244s  Test=0.046s  Peak RAM=37.517 MB
2026-03-21 02:55:49 | INFO | [ncluster=232/232] AUC-ROC=81.77%  AUC-PR=78.68%  F1=0.7791  MCC=0.5471  Train=0.235s  Test=0.056s  Peak RAM=37.517 MB
2026-03-21 02:55:49 | INFO | [ncluster=235/235] AUC-ROC=87.44%  AUC-PR=84.13%  F1=0.8299  MCC=0.6404  Train=0.268s  Test=0.061s  Peak RAM=37.518 MB
2026-03-21 02:55:49 | INFO | [ncluster=238/238] AUC-ROC=88.90%  AUC-PR=85.99%  F1=0.8295  MCC=0.6423  Train=0.227s  Test=0.059s  Peak RAM=37.518 MB
2026-03-21 02:55:49 | INFO | [ncluster=241/241] AUC-ROC=82.27%  AUC-PR=78.75%  F1=0.7825  MCC=0.5266  Train=0.173s  Test=0.052s  Peak RAM=37.519 MB
2026-03-21 02:55:49 | INFO | [ncluster=244/244] AUC-ROC=85.20%  AUC-PR=82.02%  F1=0.7973  MCC=0.5747  Train=0.205s  Test=0.057s  Peak RAM=37.519 MB
2026-03-21 02:55:49 | INFO | [ncluster=247/247] AUC-ROC=83.65%  AUC-PR=78.51%  F1=0.8042  MCC=0.5848  Train=0.164s  Test=0.053s  Peak RAM=37.52 MB
2026-03-21 02:55:49 | INFO | [ncluster=250/250] AUC-ROC=89.44%  AUC-PR=86.71%  F1=0.8469  MCC=0.6748  Train=0.150s  Test=0.050s  Peak RAM=37.521 MB
2026-03-21 02:55:49 | INFO | [ncluster=253/253] AUC-ROC=90.30%  AUC-PR=88.25%  F1=0.8490  MCC=0.6857  Train=0.238s  Test=0.060s  Peak RAM=37.521 MB
2026-03-21 02:55:49 | INFO | [ncluster=256/256] AUC-ROC=85.28%  AUC-PR=83.52%  F1=0.8102  MCC=0.5993  Train=0.206s  Test=0.054s  Peak RAM=37.522 MB
2026-03-21 02:55:49 | INFO | [ncluster=259/259] AUC-ROC=85.83%  AUC-PR=80.75%  F1=0.8164  MCC=0.6094  Train=0.270s  Test=0.058s  Peak RAM=37.522 MB
2026-03-21 02:55:49 | INFO | [ncluster=262/262] AUC-ROC=87.97%  AUC-PR=84.90%  F1=0.8305  MCC=0.6383  Train=0.277s  Test=0.062s  Peak RAM=37.522 MB
2026-03-21 02:55:49 | INFO | [ncluster=265/265] AUC-ROC=88.83%  AUC-PR=85.74%  F1=0.8346  MCC=0.6527  Train=0.258s  Test=0.061s  Peak RAM=37.524 MB
2026-03-21 02:55:49 | INFO | [ncluster=268/268] AUC-ROC=83.42%  AUC-PR=80.20%  F1=0.8035  MCC=0.5788  Train=0.241s  Test=0.074s  Peak RAM=37.524 MB
2026-03-21 02:55:49 | INFO | [ncluster=271/271] AUC-ROC=89.42%  AUC-PR=87.12%  F1=0.8300  MCC=0.6563  Train=0.210s  Test=0.061s  Peak RAM=37.524 MB
2026-03-21 02:55:49 | INFO | [ncluster=274/274] AUC-ROC=88.02%  AUC-PR=84.73%  F1=0.8387  MCC=0.6546  Train=0.128s  Test=0.038s  Peak RAM=37.525 MB
2026-03-21 02:55:49 | INFO | [ncluster=277/277] AUC-ROC=81.24%  AUC-PR=72.54%  F1=0.8135  MCC=0.5934  Train=0.129s  Test=0.038s  Peak RAM=37.525 MB
2026-03-21 02:55:49 | INFO | [ncluster=280/280] AUC-ROC=78.20%  AUC-PR=74.49%  F1=0.7851  MCC=0.5292  Train=0.111s  Test=0.038s  Peak RAM=37.526 MB
2026-03-21 02:55:49 | INFO | [ncluster=283/283] AUC-ROC=84.91%  AUC-PR=79.88%  F1=0.8204  MCC=0.6112  Train=0.124s  Test=0.038s  Peak RAM=37.527 MB
2026-03-21 02:55:49 | INFO | [ncluster=286/286] AUC-ROC=89.47%  AUC-PR=86.86%  F1=0.8311  MCC=0.6499  Train=0.123s  Test=0.041s  Peak RAM=37.528 MB
2026-03-21 02:55:49 | INFO | [ncluster=289/289] AUC-ROC=90.96%  AUC-PR=88.46%  F1=0.8458  MCC=0.6780  Train=0.106s  Test=0.035s  Peak RAM=37.527 MB
2026-03-21 02:55:49 | INFO | [ncluster=292/292] AUC-ROC=88.01%  AUC-PR=85.26%  F1=0.8262  MCC=0.6334  Train=0.109s  Test=0.037s  Peak RAM=37.529 MB
2026-03-21 02:55:49 | INFO | [ncluster=295/295] AUC-ROC=87.38%  AUC-PR=84.59%  F1=0.8276  MCC=0.6282  Train=0.098s  Test=0.035s  Peak RAM=37.528 MB
2026-03-21 02:55:49 | INFO | [ncluster=298/298] AUC-ROC=89.80%  AUC-PR=87.15%  F1=0.8450  MCC=0.6746  Train=0.100s  Test=0.034s  Peak RAM=37.53 MB
2026-03-21 02:55:49 | INFO | --- noise=3% ---
2026-03-21 02:55:49 | INFO | ============================================================
2026-03-21 02:55:49 | INFO | Dataset  : Train_StandardScaler_data_CICIoT2023.csv
2026-03-21 02:55:49 | INFO | Scaler   : StandardScaler
2026-03-21 02:55:49 | INFO | Noise    : 3%
2026-03-21 02:55:49 | INFO | nClusters: 100 values (1..298)
2026-03-21 02:55:49 | INFO | ============================================================
2026-03-21 02:55:50 | INFO | Loaded Raw Shape -> Train: (30000, 45), Test: (30000, 45)
2026-03-21 02:55:50 | INFO | Training size : 30,900  |  Testing size: 29,100  |  Features: 44
2026-03-21 02:55:50 | INFO | Firing up Parallel execution for 100 cluster configs...
2026-03-21 02:58:25 | INFO | [ncluster=1/1] AUC-ROC=76.12%  AUC-PR=76.12%  F1=0.7229  MCC=0.3813  Train=0.263s  Test=0.014s  Peak RAM=38.215 MB
2026-03-21 02:58:25 | INFO | [ncluster=4/4] AUC-ROC=43.85%  AUC-PR=52.77%  F1=0.4629  MCC=0.1663  Train=0.262s  Test=0.014s  Peak RAM=38.218 MB
2026-03-21 02:58:25 | INFO | [ncluster=7/7] AUC-ROC=25.73%  AUC-PR=37.60%  F1=0.6914  MCC=0.1683  Train=0.274s  Test=0.017s  Peak RAM=38.218 MB
2026-03-21 02:58:25 | INFO | [ncluster=10/10] AUC-ROC=15.87%  AUC-PR=34.83%  F1=0.6921  MCC=0.1630  Train=0.257s  Test=0.017s  Peak RAM=38.22 MB
2026-03-21 02:58:25 | INFO | [ncluster=13/13] AUC-ROC=22.12%  AUC-PR=36.33%  F1=0.6956  MCC=0.1831  Train=0.247s  Test=0.018s  Peak RAM=38.22 MB
2026-03-21 02:58:25 | INFO | [ncluster=16/16] AUC-ROC=16.60%  AUC-PR=35.13%  F1=0.6893  MCC=0.1461  Train=0.265s  Test=0.017s  Peak RAM=38.221 MB
2026-03-21 02:58:25 | INFO | [ncluster=19/19] AUC-ROC=17.46%  AUC-PR=35.25%  F1=0.6905  MCC=0.1500  Train=0.195s  Test=0.020s  Peak RAM=38.221 MB
2026-03-21 02:58:25 | INFO | [ncluster=22/22] AUC-ROC=17.29%  AUC-PR=35.85%  F1=0.6892  MCC=0.1461  Train=0.216s  Test=0.018s  Peak RAM=38.223 MB
2026-03-21 02:58:25 | INFO | [ncluster=25/25] AUC-ROC=14.44%  AUC-PR=34.31%  F1=0.6892  MCC=0.1457  Train=0.217s  Test=0.019s  Peak RAM=38.222 MB
2026-03-21 02:58:25 | INFO | [ncluster=28/28] AUC-ROC=16.07%  AUC-PR=34.71%  F1=0.6936  MCC=0.1784  Train=0.216s  Test=0.021s  Peak RAM=38.224 MB
2026-03-21 02:58:25 | INFO | [ncluster=31/31] AUC-ROC=18.29%  AUC-PR=35.17%  F1=0.6923  MCC=0.1676  Train=0.204s  Test=0.020s  Peak RAM=38.222 MB
2026-03-21 02:58:25 | INFO | [ncluster=34/34] AUC-ROC=45.24%  AUC-PR=45.31%  F1=0.7200  MCC=0.3028  Train=0.238s  Test=0.019s  Peak RAM=38.224 MB
2026-03-21 02:58:25 | INFO | [ncluster=37/37] AUC-ROC=20.46%  AUC-PR=36.12%  F1=0.6949  MCC=0.1847  Train=0.172s  Test=0.024s  Peak RAM=38.224 MB
2026-03-21 02:58:25 | INFO | [ncluster=40/40] AUC-ROC=17.36%  AUC-PR=34.86%  F1=0.6940  MCC=0.1809  Train=0.155s  Test=0.023s  Peak RAM=38.225 MB
2026-03-21 02:58:25 | INFO | [ncluster=43/43] AUC-ROC=22.54%  AUC-PR=36.47%  F1=0.6939  MCC=0.1797  Train=0.176s  Test=0.024s  Peak RAM=38.226 MB
2026-03-21 02:58:25 | INFO | [ncluster=46/46] AUC-ROC=43.14%  AUC-PR=45.51%  F1=0.7079  MCC=0.2524  Train=0.191s  Test=0.026s  Peak RAM=38.227 MB
2026-03-21 02:58:25 | INFO | [ncluster=49/49] AUC-ROC=19.96%  AUC-PR=35.53%  F1=0.6955  MCC=0.1885  Train=0.177s  Test=0.026s  Peak RAM=38.227 MB
2026-03-21 02:58:25 | INFO | [ncluster=52/52] AUC-ROC=32.60%  AUC-PR=41.45%  F1=0.6936  MCC=0.1771  Train=0.224s  Test=0.025s  Peak RAM=38.229 MB
2026-03-21 02:58:25 | INFO | [ncluster=55/55] AUC-ROC=57.78%  AUC-PR=51.77%  F1=0.7375  MCC=0.3644  Train=0.210s  Test=0.028s  Peak RAM=38.229 MB
2026-03-21 02:58:25 | INFO | [ncluster=58/58] AUC-ROC=25.78%  AUC-PR=37.17%  F1=0.6940  MCC=0.1809  Train=0.132s  Test=0.027s  Peak RAM=38.228 MB
2026-03-21 02:58:25 | INFO | [ncluster=61/61] AUC-ROC=24.36%  AUC-PR=36.73%  F1=0.6933  MCC=0.1724  Train=0.207s  Test=0.029s  Peak RAM=38.229 MB
2026-03-21 02:58:25 | INFO | [ncluster=64/64] AUC-ROC=22.62%  AUC-PR=36.23%  F1=0.6940  MCC=0.1815  Train=0.118s  Test=0.026s  Peak RAM=38.229 MB
2026-03-21 02:58:25 | INFO | [ncluster=67/67] AUC-ROC=33.94%  AUC-PR=40.51%  F1=0.6963  MCC=0.1932  Train=0.202s  Test=0.027s  Peak RAM=38.228 MB
2026-03-21 02:58:25 | INFO | [ncluster=70/70] AUC-ROC=20.20%  AUC-PR=35.59%  F1=0.6940  MCC=0.1810  Train=0.147s  Test=0.027s  Peak RAM=38.229 MB
2026-03-21 02:58:25 | INFO | [ncluster=73/73] AUC-ROC=23.74%  AUC-PR=36.62%  F1=0.6940  MCC=0.1816  Train=0.217s  Test=0.029s  Peak RAM=38.23 MB
2026-03-21 02:58:25 | INFO | [ncluster=76/76] AUC-ROC=26.33%  AUC-PR=37.37%  F1=0.6939  MCC=0.1794  Train=0.170s  Test=0.029s  Peak RAM=38.23 MB
2026-03-21 02:58:25 | INFO | [ncluster=79/79] AUC-ROC=62.53%  AUC-PR=55.39%  F1=0.7382  MCC=0.3662  Train=0.150s  Test=0.028s  Peak RAM=38.232 MB
2026-03-21 02:58:25 | INFO | [ncluster=82/82] AUC-ROC=28.89%  AUC-PR=38.17%  F1=0.6941  MCC=0.1817  Train=0.226s  Test=0.031s  Peak RAM=38.233 MB
2026-03-21 02:58:25 | INFO | [ncluster=85/85] AUC-ROC=25.72%  AUC-PR=37.22%  F1=0.6940  MCC=0.1814  Train=0.208s  Test=0.029s  Peak RAM=38.232 MB
2026-03-21 02:58:25 | INFO | [ncluster=88/88] AUC-ROC=32.82%  AUC-PR=39.61%  F1=0.6952  MCC=0.1854  Train=0.229s  Test=0.029s  Peak RAM=38.235 MB
2026-03-21 02:58:25 | INFO | [ncluster=91/91] AUC-ROC=55.51%  AUC-PR=49.18%  F1=0.7319  MCC=0.3507  Train=0.216s  Test=0.031s  Peak RAM=38.234 MB
2026-03-21 02:58:25 | INFO | [ncluster=94/94] AUC-ROC=36.15%  AUC-PR=40.67%  F1=0.6966  MCC=0.1969  Train=0.212s  Test=0.033s  Peak RAM=38.234 MB
2026-03-21 02:58:25 | INFO | [ncluster=97/97] AUC-ROC=36.56%  AUC-PR=41.05%  F1=0.6954  MCC=0.1849  Train=0.199s  Test=0.032s  Peak RAM=38.235 MB
2026-03-21 02:58:25 | INFO | [ncluster=100/100] AUC-ROC=25.30%  AUC-PR=37.01%  F1=0.6952  MCC=0.1858  Train=0.186s  Test=0.030s  Peak RAM=38.235 MB
2026-03-21 02:58:25 | INFO | [ncluster=103/103] AUC-ROC=38.47%  AUC-PR=41.61%  F1=0.6959  MCC=0.1890  Train=0.179s  Test=0.036s  Peak RAM=38.235 MB
2026-03-21 02:58:25 | INFO | [ncluster=106/106] AUC-ROC=40.52%  AUC-PR=42.66%  F1=0.6994  MCC=0.2061  Train=0.193s  Test=0.033s  Peak RAM=38.236 MB
2026-03-21 02:58:25 | INFO | [ncluster=109/109] AUC-ROC=31.50%  AUC-PR=39.12%  F1=0.6923  MCC=0.1659  Train=0.283s  Test=0.035s  Peak RAM=38.237 MB
2026-03-21 02:58:25 | INFO | [ncluster=112/112] AUC-ROC=42.15%  AUC-PR=42.99%  F1=0.7009  MCC=0.2164  Train=0.221s  Test=0.040s  Peak RAM=38.237 MB
2026-03-21 02:58:25 | INFO | [ncluster=115/115] AUC-ROC=36.98%  AUC-PR=42.35%  F1=0.6919  MCC=0.1669  Train=0.228s  Test=0.036s  Peak RAM=38.238 MB
2026-03-21 02:58:25 | INFO | [ncluster=118/118] AUC-ROC=40.82%  AUC-PR=42.76%  F1=0.7011  MCC=0.2141  Train=0.223s  Test=0.036s  Peak RAM=38.238 MB
2026-03-21 02:58:25 | INFO | [ncluster=121/121] AUC-ROC=68.21%  AUC-PR=59.36%  F1=0.7662  MCC=0.4553  Train=0.209s  Test=0.037s  Peak RAM=38.239 MB
2026-03-21 02:58:25 | INFO | [ncluster=124/124] AUC-ROC=69.66%  AUC-PR=59.98%  F1=0.7765  MCC=0.4841  Train=0.213s  Test=0.037s  Peak RAM=38.24 MB
2026-03-21 02:58:25 | INFO | [ncluster=127/127] AUC-ROC=65.87%  AUC-PR=56.51%  F1=0.7606  MCC=0.4399  Train=0.214s  Test=0.036s  Peak RAM=38.24 MB
2026-03-21 02:58:25 | INFO | [ncluster=130/130] AUC-ROC=71.46%  AUC-PR=63.36%  F1=0.7880  MCC=0.5162  Train=0.193s  Test=0.037s  Peak RAM=38.242 MB
2026-03-21 02:58:25 | INFO | [ncluster=133/133] AUC-ROC=40.95%  AUC-PR=44.37%  F1=0.6965  MCC=0.1932  Train=0.273s  Test=0.041s  Peak RAM=38.241 MB
2026-03-21 02:58:25 | INFO | [ncluster=136/136] AUC-ROC=58.12%  AUC-PR=50.88%  F1=0.7600  MCC=0.4356  Train=0.200s  Test=0.037s  Peak RAM=38.241 MB
2026-03-21 02:58:25 | INFO | [ncluster=139/139] AUC-ROC=71.27%  AUC-PR=61.59%  F1=0.7854  MCC=0.5086  Train=0.222s  Test=0.038s  Peak RAM=38.242 MB
2026-03-21 02:58:25 | INFO | [ncluster=142/142] AUC-ROC=36.12%  AUC-PR=40.73%  F1=0.7150  MCC=0.2851  Train=0.213s  Test=0.039s  Peak RAM=38.242 MB
2026-03-21 02:58:25 | INFO | [ncluster=145/145] AUC-ROC=40.34%  AUC-PR=42.86%  F1=0.6917  MCC=0.1672  Train=0.246s  Test=0.041s  Peak RAM=38.243 MB
2026-03-21 02:58:25 | INFO | [ncluster=148/148] AUC-ROC=57.14%  AUC-PR=51.06%  F1=0.7394  MCC=0.3705  Train=0.263s  Test=0.046s  Peak RAM=38.244 MB
2026-03-21 02:58:25 | INFO | [ncluster=151/151] AUC-ROC=73.66%  AUC-PR=65.25%  F1=0.7905  MCC=0.5229  Train=0.238s  Test=0.041s  Peak RAM=38.247 MB
2026-03-21 02:58:25 | INFO | [ncluster=154/154] AUC-ROC=44.55%  AUC-PR=44.41%  F1=0.7105  MCC=0.2591  Train=0.293s  Test=0.036s  Peak RAM=38.245 MB
2026-03-21 02:58:25 | INFO | [ncluster=157/157] AUC-ROC=38.65%  AUC-PR=41.90%  F1=0.7070  MCC=0.2454  Train=0.221s  Test=0.042s  Peak RAM=38.248 MB
2026-03-21 02:58:25 | INFO | [ncluster=160/160] AUC-ROC=33.03%  AUC-PR=40.08%  F1=0.6938  MCC=0.1729  Train=0.207s  Test=0.040s  Peak RAM=38.246 MB
2026-03-21 02:58:25 | INFO | [ncluster=163/163] AUC-ROC=74.91%  AUC-PR=66.48%  F1=0.7887  MCC=0.5178  Train=0.263s  Test=0.041s  Peak RAM=38.247 MB
2026-03-21 02:58:25 | INFO | [ncluster=166/166] AUC-ROC=77.87%  AUC-PR=69.53%  F1=0.8011  MCC=0.5506  Train=0.160s  Test=0.041s  Peak RAM=38.247 MB
2026-03-21 02:58:25 | INFO | [ncluster=169/169] AUC-ROC=45.96%  AUC-PR=46.74%  F1=0.7026  MCC=0.2223  Train=0.252s  Test=0.045s  Peak RAM=38.247 MB
2026-03-21 02:58:25 | INFO | [ncluster=172/172] AUC-ROC=63.75%  AUC-PR=56.72%  F1=0.7583  MCC=0.4318  Train=0.291s  Test=0.048s  Peak RAM=38.248 MB
2026-03-21 02:58:25 | INFO | [ncluster=175/175] AUC-ROC=35.68%  AUC-PR=40.60%  F1=0.6961  MCC=0.1859  Train=0.260s  Test=0.045s  Peak RAM=38.248 MB
2026-03-21 02:58:25 | INFO | [ncluster=178/178] AUC-ROC=74.29%  AUC-PR=65.41%  F1=0.7601  MCC=0.4497  Train=0.251s  Test=0.048s  Peak RAM=38.251 MB
2026-03-21 02:58:25 | INFO | [ncluster=181/181] AUC-ROC=50.20%  AUC-PR=49.80%  F1=0.7076  MCC=0.2507  Train=0.227s  Test=0.045s  Peak RAM=38.249 MB
2026-03-21 02:58:25 | INFO | [ncluster=184/184] AUC-ROC=63.74%  AUC-PR=57.60%  F1=0.7515  MCC=0.4115  Train=0.212s  Test=0.048s  Peak RAM=38.251 MB
2026-03-21 02:58:25 | INFO | [ncluster=187/187] AUC-ROC=48.63%  AUC-PR=49.10%  F1=0.7100  MCC=0.2603  Train=0.214s  Test=0.045s  Peak RAM=38.252 MB
2026-03-21 02:58:25 | INFO | [ncluster=190/190] AUC-ROC=47.32%  AUC-PR=46.42%  F1=0.7075  MCC=0.2463  Train=0.200s  Test=0.049s  Peak RAM=38.251 MB
2026-03-21 02:58:25 | INFO | [ncluster=193/193] AUC-ROC=54.87%  AUC-PR=51.87%  F1=0.7089  MCC=0.2524  Train=0.195s  Test=0.044s  Peak RAM=38.252 MB
2026-03-21 02:58:25 | INFO | [ncluster=196/196] AUC-ROC=49.57%  AUC-PR=48.14%  F1=0.7098  MCC=0.2574  Train=0.195s  Test=0.048s  Peak RAM=38.252 MB
2026-03-21 02:58:25 | INFO | [ncluster=199/199] AUC-ROC=47.31%  AUC-PR=45.86%  F1=0.7010  MCC=0.2144  Train=0.191s  Test=0.044s  Peak RAM=38.254 MB
2026-03-21 02:58:25 | INFO | [ncluster=202/202] AUC-ROC=49.80%  AUC-PR=48.23%  F1=0.6962  MCC=0.1879  Train=0.198s  Test=0.046s  Peak RAM=38.254 MB
2026-03-21 02:58:25 | INFO | [ncluster=205/205] AUC-ROC=73.14%  AUC-PR=64.73%  F1=0.7846  MCC=0.5073  Train=0.237s  Test=0.051s  Peak RAM=38.254 MB
2026-03-21 02:58:25 | INFO | [ncluster=208/208] AUC-ROC=78.18%  AUC-PR=70.63%  F1=0.7953  MCC=0.5353  Train=0.227s  Test=0.051s  Peak RAM=38.256 MB
2026-03-21 02:58:25 | INFO | [ncluster=211/211] AUC-ROC=45.07%  AUC-PR=46.67%  F1=0.7025  MCC=0.2238  Train=0.172s  Test=0.047s  Peak RAM=38.255 MB
2026-03-21 02:58:25 | INFO | [ncluster=214/214] AUC-ROC=49.82%  AUC-PR=47.79%  F1=0.7074  MCC=0.2460  Train=0.235s  Test=0.053s  Peak RAM=38.255 MB
2026-03-21 02:58:25 | INFO | [ncluster=217/217] AUC-ROC=73.29%  AUC-PR=66.35%  F1=0.7474  MCC=0.4238  Train=0.173s  Test=0.049s  Peak RAM=38.256 MB
2026-03-21 02:58:25 | INFO | [ncluster=220/220] AUC-ROC=43.76%  AUC-PR=45.02%  F1=0.6960  MCC=0.1853  Train=0.216s  Test=0.054s  Peak RAM=38.257 MB
2026-03-21 02:58:25 | INFO | [ncluster=223/223] AUC-ROC=77.80%  AUC-PR=69.30%  F1=0.7890  MCC=0.5228  Train=0.233s  Test=0.056s  Peak RAM=38.258 MB
2026-03-21 02:58:25 | INFO | [ncluster=226/226] AUC-ROC=48.75%  AUC-PR=47.51%  F1=0.7060  MCC=0.2388  Train=0.264s  Test=0.056s  Peak RAM=38.26 MB
2026-03-21 02:58:25 | INFO | [ncluster=229/229] AUC-ROC=71.28%  AUC-PR=62.81%  F1=0.7556  MCC=0.4294  Train=0.226s  Test=0.051s  Peak RAM=38.258 MB
2026-03-21 02:58:25 | INFO | [ncluster=232/232] AUC-ROC=76.34%  AUC-PR=67.79%  F1=0.7818  MCC=0.5023  Train=0.217s  Test=0.053s  Peak RAM=38.266 MB
2026-03-21 02:58:25 | INFO | [ncluster=235/235] AUC-ROC=76.24%  AUC-PR=68.58%  F1=0.7945  MCC=0.5333  Train=0.222s  Test=0.053s  Peak RAM=38.259 MB
2026-03-21 02:58:25 | INFO | [ncluster=238/238] AUC-ROC=75.72%  AUC-PR=67.55%  F1=0.7753  MCC=0.4822  Train=0.249s  Test=0.056s  Peak RAM=38.261 MB
2026-03-21 02:58:25 | INFO | [ncluster=241/241] AUC-ROC=51.65%  AUC-PR=48.63%  F1=0.7073  MCC=0.2455  Train=0.222s  Test=0.055s  Peak RAM=38.263 MB
2026-03-21 02:58:25 | INFO | [ncluster=244/244] AUC-ROC=47.27%  AUC-PR=47.32%  F1=0.7026  MCC=0.2217  Train=0.221s  Test=0.056s  Peak RAM=38.261 MB
2026-03-21 02:58:25 | INFO | [ncluster=247/247] AUC-ROC=46.77%  AUC-PR=45.79%  F1=0.7058  MCC=0.2379  Train=0.260s  Test=0.061s  Peak RAM=38.263 MB
2026-03-21 02:58:25 | INFO | [ncluster=250/250] AUC-ROC=55.41%  AUC-PR=51.17%  F1=0.7028  MCC=0.2286  Train=0.225s  Test=0.055s  Peak RAM=38.261 MB
2026-03-21 02:58:25 | INFO | [ncluster=253/253] AUC-ROC=77.48%  AUC-PR=71.92%  F1=0.7678  MCC=0.4719  Train=0.219s  Test=0.055s  Peak RAM=38.264 MB
2026-03-21 02:58:25 | INFO | [ncluster=256/256] AUC-ROC=49.51%  AUC-PR=48.60%  F1=0.6986  MCC=0.2000  Train=0.223s  Test=0.060s  Peak RAM=38.264 MB
2026-03-21 02:58:25 | INFO | [ncluster=259/259] AUC-ROC=57.15%  AUC-PR=53.77%  F1=0.7104  MCC=0.2618  Train=0.245s  Test=0.054s  Peak RAM=38.268 MB
2026-03-21 02:58:25 | INFO | [ncluster=262/262] AUC-ROC=62.79%  AUC-PR=55.81%  F1=0.7163  MCC=0.3168  Train=0.272s  Test=0.066s  Peak RAM=38.266 MB
2026-03-21 02:58:25 | INFO | [ncluster=265/265] AUC-ROC=51.64%  AUC-PR=49.14%  F1=0.6701  MCC=0.1210  Train=0.246s  Test=0.067s  Peak RAM=38.267 MB
2026-03-21 02:58:25 | INFO | [ncluster=268/268] AUC-ROC=69.23%  AUC-PR=64.10%  F1=0.7032  MCC=0.3128  Train=0.250s  Test=0.064s  Peak RAM=38.266 MB
2026-03-21 02:58:25 | INFO | [ncluster=271/271] AUC-ROC=43.28%  AUC-PR=45.21%  F1=0.7044  MCC=0.2356  Train=0.136s  Test=0.038s  Peak RAM=38.27 MB
2026-03-21 02:58:25 | INFO | [ncluster=274/274] AUC-ROC=74.36%  AUC-PR=68.16%  F1=0.7599  MCC=0.4375  Train=0.158s  Test=0.042s  Peak RAM=38.267 MB
2026-03-21 02:58:25 | INFO | [ncluster=277/277] AUC-ROC=48.58%  AUC-PR=47.61%  F1=0.7017  MCC=0.2207  Train=0.153s  Test=0.040s  Peak RAM=38.268 MB
2026-03-21 02:58:25 | INFO | [ncluster=280/280] AUC-ROC=75.17%  AUC-PR=67.90%  F1=0.7452  MCC=0.4204  Train=0.113s  Test=0.036s  Peak RAM=38.268 MB
2026-03-21 02:58:25 | INFO | [ncluster=283/283] AUC-ROC=54.06%  AUC-PR=50.00%  F1=0.6942  MCC=0.2107  Train=0.115s  Test=0.037s  Peak RAM=38.268 MB
2026-03-21 02:58:25 | INFO | [ncluster=286/286] AUC-ROC=52.71%  AUC-PR=50.37%  F1=0.6728  MCC=0.1324  Train=0.124s  Test=0.038s  Peak RAM=38.268 MB
2026-03-21 02:58:25 | INFO | [ncluster=289/289] AUC-ROC=48.21%  AUC-PR=46.81%  F1=0.6556  MCC=0.1144  Train=0.102s  Test=0.035s  Peak RAM=38.269 MB
2026-03-21 02:58:25 | INFO | [ncluster=292/292] AUC-ROC=57.67%  AUC-PR=52.61%  F1=0.6900  MCC=0.2216  Train=0.102s  Test=0.036s  Peak RAM=38.271 MB
2026-03-21 02:58:25 | INFO | [ncluster=295/295] AUC-ROC=77.01%  AUC-PR=70.60%  F1=0.7764  MCC=0.4912  Train=0.099s  Test=0.036s  Peak RAM=38.27 MB
2026-03-21 02:58:25 | INFO | [ncluster=298/298] AUC-ROC=76.92%  AUC-PR=69.76%  F1=0.7705  MCC=0.4794  Train=0.099s  Test=0.034s  Peak RAM=38.271 MB
2026-03-21 02:58:25 | INFO | --- noise=5% ---
2026-03-21 02:58:25 | INFO | ============================================================
2026-03-21 02:58:25 | INFO | Dataset  : Train_StandardScaler_data_CICIoT2023.csv
2026-03-21 02:58:25 | INFO | Scaler   : StandardScaler
2026-03-21 02:58:25 | INFO | Noise    : 5%
2026-03-21 02:58:25 | INFO | nClusters: 100 values (1..298)
2026-03-21 02:58:25 | INFO | ============================================================
2026-03-21 02:58:25 | INFO | Loaded Raw Shape -> Train: (30000, 45), Test: (30000, 45)
2026-03-21 02:58:25 | INFO | Training size : 31,500  |  Testing size: 28,500  |  Features: 44
2026-03-21 02:58:25 | INFO | Firing up Parallel execution for 100 cluster configs...
2026-03-21 03:01:01 | INFO | [ncluster=1/1] AUC-ROC=74.43%  AUC-PR=74.88%  F1=0.7268  MCC=0.3695  Train=0.294s  Test=0.014s  Peak RAM=38.959 MB
2026-03-21 03:01:01 | INFO | [ncluster=4/4] AUC-ROC=41.99%  AUC-PR=54.70%  F1=0.4574  MCC=0.1837  Train=0.281s  Test=0.013s  Peak RAM=38.959 MB
2026-03-21 03:01:01 | INFO | [ncluster=7/7] AUC-ROC=13.81%  AUC-PR=35.17%  F1=0.6988  MCC=0.1509  Train=0.274s  Test=0.017s  Peak RAM=38.959 MB
2026-03-21 03:01:01 | INFO | [ncluster=10/10] AUC-ROC=15.92%  AUC-PR=35.70%  F1=0.6988  MCC=0.1494  Train=0.254s  Test=0.017s  Peak RAM=38.961 MB
2026-03-21 03:01:01 | INFO | [ncluster=13/13] AUC-ROC=17.69%  AUC-PR=35.97%  F1=0.6989  MCC=0.1515  Train=0.249s  Test=0.018s  Peak RAM=38.962 MB
2026-03-21 03:01:01 | INFO | [ncluster=16/16] AUC-ROC=21.65%  AUC-PR=38.13%  F1=0.6987  MCC=0.1497  Train=0.227s  Test=0.017s  Peak RAM=38.961 MB
2026-03-21 03:01:01 | INFO | [ncluster=19/19] AUC-ROC=20.21%  AUC-PR=37.74%  F1=0.6988  MCC=0.1503  Train=0.261s  Test=0.018s  Peak RAM=38.962 MB
2026-03-21 03:01:01 | INFO | [ncluster=22/22] AUC-ROC=25.42%  AUC-PR=38.87%  F1=0.6988  MCC=0.1499  Train=0.270s  Test=0.020s  Peak RAM=38.963 MB
2026-03-21 03:01:01 | INFO | [ncluster=25/25] AUC-ROC=21.86%  AUC-PR=37.22%  F1=0.6989  MCC=0.1509  Train=0.296s  Test=0.020s  Peak RAM=38.964 MB
2026-03-21 03:01:01 | INFO | [ncluster=28/28] AUC-ROC=19.61%  AUC-PR=36.37%  F1=0.6988  MCC=0.1494  Train=0.292s  Test=0.021s  Peak RAM=38.964 MB
2026-03-21 03:01:01 | INFO | [ncluster=31/31] AUC-ROC=27.94%  AUC-PR=40.02%  F1=0.6989  MCC=0.1508  Train=0.239s  Test=0.020s  Peak RAM=38.965 MB
2026-03-21 03:01:01 | INFO | [ncluster=34/34] AUC-ROC=41.82%  AUC-PR=47.02%  F1=0.7038  MCC=0.1870  Train=0.231s  Test=0.020s  Peak RAM=38.964 MB
2026-03-21 03:01:01 | INFO | [ncluster=37/37] AUC-ROC=28.86%  AUC-PR=40.18%  F1=0.7036  MCC=0.1864  Train=0.222s  Test=0.024s  Peak RAM=38.966 MB
2026-03-21 03:01:01 | INFO | [ncluster=40/40] AUC-ROC=19.66%  AUC-PR=36.74%  F1=0.7036  MCC=0.1863  Train=0.206s  Test=0.023s  Peak RAM=38.965 MB
2026-03-21 03:01:01 | INFO | [ncluster=43/43] AUC-ROC=26.43%  AUC-PR=41.94%  F1=0.7036  MCC=0.1862  Train=0.245s  Test=0.026s  Peak RAM=38.966 MB
2026-03-21 03:01:01 | INFO | [ncluster=46/46] AUC-ROC=27.13%  AUC-PR=39.74%  F1=0.7036  MCC=0.1860  Train=0.188s  Test=0.025s  Peak RAM=38.967 MB
2026-03-21 03:01:01 | INFO | [ncluster=49/49] AUC-ROC=55.38%  AUC-PR=53.62%  F1=0.7561  MCC=0.4073  Train=0.216s  Test=0.025s  Peak RAM=38.968 MB
2026-03-21 03:01:01 | INFO | [ncluster=52/52] AUC-ROC=27.83%  AUC-PR=39.56%  F1=0.7032  MCC=0.1801  Train=0.218s  Test=0.024s  Peak RAM=38.968 MB
2026-03-21 03:01:01 | INFO | [ncluster=55/55] AUC-ROC=25.50%  AUC-PR=40.00%  F1=0.7038  MCC=0.1841  Train=0.218s  Test=0.028s  Peak RAM=38.968 MB
2026-03-21 03:01:01 | INFO | [ncluster=58/58] AUC-ROC=28.60%  AUC-PR=40.10%  F1=0.7036  MCC=0.1862  Train=0.210s  Test=0.026s  Peak RAM=38.972 MB
2026-03-21 03:01:01 | INFO | [ncluster=61/61] AUC-ROC=24.15%  AUC-PR=38.40%  F1=0.7036  MCC=0.1861  Train=0.156s  Test=0.028s  Peak RAM=38.97 MB
2026-03-21 03:01:01 | INFO | [ncluster=64/64] AUC-ROC=60.08%  AUC-PR=57.88%  F1=0.7563  MCC=0.4034  Train=0.255s  Test=0.026s  Peak RAM=38.97 MB
2026-03-21 03:01:01 | INFO | [ncluster=67/67] AUC-ROC=30.38%  AUC-PR=40.28%  F1=0.7037  MCC=0.1820  Train=0.241s  Test=0.028s  Peak RAM=38.971 MB
2026-03-21 03:01:01 | INFO | [ncluster=70/70] AUC-ROC=30.05%  AUC-PR=40.21%  F1=0.7037  MCC=0.1820  Train=0.225s  Test=0.028s  Peak RAM=38.972 MB
2026-03-21 03:01:01 | INFO | [ncluster=73/73] AUC-ROC=32.15%  AUC-PR=41.50%  F1=0.7056  MCC=0.1962  Train=0.209s  Test=0.028s  Peak RAM=38.972 MB
2026-03-21 03:01:01 | INFO | [ncluster=76/76] AUC-ROC=55.71%  AUC-PR=52.94%  F1=0.7452  MCC=0.3675  Train=0.223s  Test=0.033s  Peak RAM=38.972 MB
2026-03-21 03:01:01 | INFO | [ncluster=79/79] AUC-ROC=28.29%  AUC-PR=39.51%  F1=0.7036  MCC=0.1859  Train=0.281s  Test=0.030s  Peak RAM=38.973 MB
2026-03-21 03:01:01 | INFO | [ncluster=82/82] AUC-ROC=32.92%  AUC-PR=41.01%  F1=0.7032  MCC=0.1782  Train=0.215s  Test=0.029s  Peak RAM=38.974 MB
2026-03-21 03:01:01 | INFO | [ncluster=85/85] AUC-ROC=34.43%  AUC-PR=42.21%  F1=0.7057  MCC=0.1966  Train=0.206s  Test=0.045s  Peak RAM=38.975 MB
2026-03-21 03:01:01 | INFO | [ncluster=88/88] AUC-ROC=32.95%  AUC-PR=41.10%  F1=0.7032  MCC=0.1794  Train=0.246s  Test=0.029s  Peak RAM=38.974 MB
2026-03-21 03:01:01 | INFO | [ncluster=91/91] AUC-ROC=33.95%  AUC-PR=41.15%  F1=0.7042  MCC=0.1870  Train=0.183s  Test=0.031s  Peak RAM=38.974 MB
2026-03-21 03:01:01 | INFO | [ncluster=94/94] AUC-ROC=34.65%  AUC-PR=41.69%  F1=0.7027  MCC=0.1766  Train=0.137s  Test=0.031s  Peak RAM=38.975 MB
2026-03-21 03:01:01 | INFO | [ncluster=97/97] AUC-ROC=39.63%  AUC-PR=44.82%  F1=0.7050  MCC=0.1922  Train=0.206s  Test=0.033s  Peak RAM=38.977 MB
2026-03-21 03:01:01 | INFO | [ncluster=100/100] AUC-ROC=36.21%  AUC-PR=42.34%  F1=0.7046  MCC=0.1893  Train=0.204s  Test=0.031s  Peak RAM=38.977 MB
2026-03-21 03:01:01 | INFO | [ncluster=103/103] AUC-ROC=32.98%  AUC-PR=40.69%  F1=0.7052  MCC=0.1928  Train=0.157s  Test=0.031s  Peak RAM=38.978 MB
2026-03-21 03:01:01 | INFO | [ncluster=106/106] AUC-ROC=44.36%  AUC-PR=46.17%  F1=0.7050  MCC=0.1924  Train=0.222s  Test=0.037s  Peak RAM=38.98 MB
2026-03-21 03:01:01 | INFO | [ncluster=109/109] AUC-ROC=56.60%  AUC-PR=51.51%  F1=0.7376  MCC=0.3379  Train=0.189s  Test=0.033s  Peak RAM=38.979 MB
2026-03-21 03:01:01 | INFO | [ncluster=112/112] AUC-ROC=66.39%  AUC-PR=58.95%  F1=0.7616  MCC=0.4208  Train=0.222s  Test=0.033s  Peak RAM=38.979 MB
2026-03-21 03:01:01 | INFO | [ncluster=115/115] AUC-ROC=29.19%  AUC-PR=39.21%  F1=0.7022  MCC=0.1729  Train=0.229s  Test=0.034s  Peak RAM=38.98 MB
2026-03-21 03:01:01 | INFO | [ncluster=118/118] AUC-ROC=70.61%  AUC-PR=64.05%  F1=0.7558  MCC=0.4078  Train=0.234s  Test=0.034s  Peak RAM=38.981 MB
2026-03-21 03:01:01 | INFO | [ncluster=121/121] AUC-ROC=27.32%  AUC-PR=38.61%  F1=0.7038  MCC=0.1845  Train=0.180s  Test=0.033s  Peak RAM=38.98 MB
2026-03-21 03:01:01 | INFO | [ncluster=124/124] AUC-ROC=72.52%  AUC-PR=64.16%  F1=0.7806  MCC=0.4797  Train=0.253s  Test=0.038s  Peak RAM=38.981 MB
2026-03-21 03:01:01 | INFO | [ncluster=127/127] AUC-ROC=40.36%  AUC-PR=43.35%  F1=0.7073  MCC=0.2060  Train=0.249s  Test=0.038s  Peak RAM=38.981 MB
2026-03-21 03:01:01 | INFO | [ncluster=130/130] AUC-ROC=32.80%  AUC-PR=40.48%  F1=0.7040  MCC=0.1860  Train=0.230s  Test=0.039s  Peak RAM=38.983 MB
2026-03-21 03:01:01 | INFO | [ncluster=133/133] AUC-ROC=63.64%  AUC-PR=55.78%  F1=0.7741  MCC=0.4607  Train=0.228s  Test=0.037s  Peak RAM=38.984 MB
2026-03-21 03:01:01 | INFO | [ncluster=136/136] AUC-ROC=41.57%  AUC-PR=44.06%  F1=0.7060  MCC=0.1978  Train=0.246s  Test=0.038s  Peak RAM=38.984 MB
2026-03-21 03:01:01 | INFO | [ncluster=139/139] AUC-ROC=36.04%  AUC-PR=41.63%  F1=0.7057  MCC=0.1953  Train=0.216s  Test=0.038s  Peak RAM=38.983 MB
2026-03-21 03:01:01 | INFO | [ncluster=142/142] AUC-ROC=34.33%  AUC-PR=41.00%  F1=0.7034  MCC=0.1813  Train=0.213s  Test=0.039s  Peak RAM=38.985 MB
2026-03-21 03:01:01 | INFO | [ncluster=145/145] AUC-ROC=64.47%  AUC-PR=56.31%  F1=0.7602  MCC=0.4157  Train=0.204s  Test=0.038s  Peak RAM=38.985 MB
2026-03-21 03:01:01 | INFO | [ncluster=148/148] AUC-ROC=53.12%  AUC-PR=49.10%  F1=0.7418  MCC=0.3556  Train=0.254s  Test=0.040s  Peak RAM=38.985 MB
2026-03-21 03:01:01 | INFO | [ncluster=151/151] AUC-ROC=69.49%  AUC-PR=59.98%  F1=0.7829  MCC=0.4853  Train=0.269s  Test=0.043s  Peak RAM=38.985 MB
2026-03-21 03:01:01 | INFO | [ncluster=154/154] AUC-ROC=41.86%  AUC-PR=44.21%  F1=0.7045  MCC=0.1908  Train=0.208s  Test=0.040s  Peak RAM=38.986 MB
2026-03-21 03:01:01 | INFO | [ncluster=157/157] AUC-ROC=32.64%  AUC-PR=40.32%  F1=0.7020  MCC=0.1717  Train=0.236s  Test=0.041s  Peak RAM=38.987 MB
2026-03-21 03:01:01 | INFO | [ncluster=160/160] AUC-ROC=43.26%  AUC-PR=44.43%  F1=0.7049  MCC=0.1929  Train=0.284s  Test=0.042s  Peak RAM=38.987 MB
2026-03-21 03:01:01 | INFO | [ncluster=163/163] AUC-ROC=38.53%  AUC-PR=42.48%  F1=0.7106  MCC=0.2213  Train=0.179s  Test=0.040s  Peak RAM=38.989 MB
2026-03-21 03:01:01 | INFO | [ncluster=166/166] AUC-ROC=35.14%  AUC-PR=41.21%  F1=0.7096  MCC=0.2158  Train=0.207s  Test=0.051s  Peak RAM=38.989 MB
2026-03-21 03:01:01 | INFO | [ncluster=169/169] AUC-ROC=33.96%  AUC-PR=40.74%  F1=0.7099  MCC=0.2163  Train=0.256s  Test=0.046s  Peak RAM=38.99 MB
2026-03-21 03:01:01 | INFO | [ncluster=172/172] AUC-ROC=37.38%  AUC-PR=41.92%  F1=0.7175  MCC=0.2580  Train=0.196s  Test=0.042s  Peak RAM=38.989 MB
2026-03-21 03:01:01 | INFO | [ncluster=175/175] AUC-ROC=43.74%  AUC-PR=44.69%  F1=0.7068  MCC=0.2080  Train=0.226s  Test=0.046s  Peak RAM=38.99 MB
2026-03-21 03:01:01 | INFO | [ncluster=178/178] AUC-ROC=35.75%  AUC-PR=41.52%  F1=0.7051  MCC=0.1901  Train=0.263s  Test=0.046s  Peak RAM=38.991 MB
2026-03-21 03:01:01 | INFO | [ncluster=181/181] AUC-ROC=39.18%  AUC-PR=42.57%  F1=0.7135  MCC=0.2353  Train=0.195s  Test=0.041s  Peak RAM=38.992 MB
2026-03-21 03:01:01 | INFO | [ncluster=184/184] AUC-ROC=35.81%  AUC-PR=41.42%  F1=0.7130  MCC=0.2349  Train=0.248s  Test=0.051s  Peak RAM=38.993 MB
2026-03-21 03:01:01 | INFO | [ncluster=187/187] AUC-ROC=55.52%  AUC-PR=50.18%  F1=0.7479  MCC=0.3754  Train=0.230s  Test=0.048s  Peak RAM=38.992 MB
2026-03-21 03:01:01 | INFO | [ncluster=190/190] AUC-ROC=34.88%  AUC-PR=41.07%  F1=0.7062  MCC=0.1989  Train=0.225s  Test=0.047s  Peak RAM=38.996 MB
2026-03-21 03:01:01 | INFO | [ncluster=193/193] AUC-ROC=37.28%  AUC-PR=42.05%  F1=0.7072  MCC=0.2027  Train=0.249s  Test=0.050s  Peak RAM=38.994 MB
2026-03-21 03:01:01 | INFO | [ncluster=196/196] AUC-ROC=30.33%  AUC-PR=39.52%  F1=0.7068  MCC=0.1998  Train=0.204s  Test=0.046s  Peak RAM=38.993 MB
2026-03-21 03:01:01 | INFO | [ncluster=199/199] AUC-ROC=36.03%  AUC-PR=41.46%  F1=0.7119  MCC=0.2277  Train=0.248s  Test=0.049s  Peak RAM=38.995 MB
2026-03-21 03:01:01 | INFO | [ncluster=202/202] AUC-ROC=35.20%  AUC-PR=41.13%  F1=0.7136  MCC=0.2345  Train=0.210s  Test=0.046s  Peak RAM=38.995 MB
2026-03-21 03:01:01 | INFO | [ncluster=205/205] AUC-ROC=36.87%  AUC-PR=41.94%  F1=0.7104  MCC=0.2217  Train=0.202s  Test=0.046s  Peak RAM=38.995 MB
2026-03-21 03:01:01 | INFO | [ncluster=208/208] AUC-ROC=63.87%  AUC-PR=55.83%  F1=0.7571  MCC=0.4114  Train=0.277s  Test=0.046s  Peak RAM=38.996 MB
2026-03-21 03:01:01 | INFO | [ncluster=211/211] AUC-ROC=30.49%  AUC-PR=39.55%  F1=0.7068  MCC=0.2013  Train=0.264s  Test=0.055s  Peak RAM=38.997 MB
2026-03-21 03:01:01 | INFO | [ncluster=214/214] AUC-ROC=34.14%  AUC-PR=40.74%  F1=0.7134  MCC=0.2366  Train=0.202s  Test=0.048s  Peak RAM=38.998 MB
2026-03-21 03:01:01 | INFO | [ncluster=217/217] AUC-ROC=36.34%  AUC-PR=41.59%  F1=0.7024  MCC=0.1745  Train=0.180s  Test=0.049s  Peak RAM=38.999 MB
2026-03-21 03:01:01 | INFO | [ncluster=220/220] AUC-ROC=34.06%  AUC-PR=40.77%  F1=0.7103  MCC=0.2233  Train=0.214s  Test=0.063s  Peak RAM=39.0 MB
2026-03-21 03:01:01 | INFO | [ncluster=223/223] AUC-ROC=39.00%  AUC-PR=42.53%  F1=0.7224  MCC=0.2767  Train=0.177s  Test=0.048s  Peak RAM=39.0 MB
2026-03-21 03:01:01 | INFO | [ncluster=226/226] AUC-ROC=65.55%  AUC-PR=57.34%  F1=0.7689  MCC=0.4460  Train=0.286s  Test=0.057s  Peak RAM=39.001 MB
2026-03-21 03:01:01 | INFO | [ncluster=229/229] AUC-ROC=42.76%  AUC-PR=44.19%  F1=0.7052  MCC=0.2105  Train=0.254s  Test=0.054s  Peak RAM=38.999 MB
2026-03-21 03:01:01 | INFO | [ncluster=232/232] AUC-ROC=40.60%  AUC-PR=43.30%  F1=0.7120  MCC=0.2264  Train=0.276s  Test=0.056s  Peak RAM=39.0 MB
2026-03-21 03:01:01 | INFO | [ncluster=235/235] AUC-ROC=37.99%  AUC-PR=42.18%  F1=0.7010  MCC=0.1882  Train=0.278s  Test=0.058s  Peak RAM=39.001 MB
2026-03-21 03:01:01 | INFO | [ncluster=238/238] AUC-ROC=55.47%  AUC-PR=50.11%  F1=0.7486  MCC=0.3776  Train=0.232s  Test=0.057s  Peak RAM=39.001 MB
2026-03-21 03:01:01 | INFO | [ncluster=241/241] AUC-ROC=55.50%  AUC-PR=50.88%  F1=0.7171  MCC=0.2757  Train=0.210s  Test=0.053s  Peak RAM=39.001 MB
2026-03-21 03:01:01 | INFO | [ncluster=244/244] AUC-ROC=35.35%  AUC-PR=41.30%  F1=0.7088  MCC=0.2129  Train=0.242s  Test=0.058s  Peak RAM=39.004 MB
2026-03-21 03:01:01 | INFO | [ncluster=247/247] AUC-ROC=36.71%  AUC-PR=41.73%  F1=0.7083  MCC=0.2073  Train=0.254s  Test=0.059s  Peak RAM=39.004 MB
2026-03-21 03:01:01 | INFO | [ncluster=250/250] AUC-ROC=35.55%  AUC-PR=41.40%  F1=0.7080  MCC=0.2049  Train=0.296s  Test=0.059s  Peak RAM=39.004 MB
2026-03-21 03:01:01 | INFO | [ncluster=253/253] AUC-ROC=52.10%  AUC-PR=48.34%  F1=0.7289  MCC=0.3186  Train=0.216s  Test=0.065s  Peak RAM=39.004 MB
2026-03-21 03:01:01 | INFO | [ncluster=256/256] AUC-ROC=34.88%  AUC-PR=40.99%  F1=0.7048  MCC=0.1984  Train=0.260s  Test=0.057s  Peak RAM=39.005 MB
2026-03-21 03:01:01 | INFO | [ncluster=259/259] AUC-ROC=35.79%  AUC-PR=41.55%  F1=0.7103  MCC=0.2182  Train=0.238s  Test=0.058s  Peak RAM=39.006 MB
2026-03-21 03:01:01 | INFO | [ncluster=262/262] AUC-ROC=38.74%  AUC-PR=42.67%  F1=0.7047  MCC=0.1966  Train=0.237s  Test=0.059s  Peak RAM=39.006 MB
2026-03-21 03:01:01 | INFO | [ncluster=265/265] AUC-ROC=34.02%  AUC-PR=40.96%  F1=0.7097  MCC=0.2173  Train=0.269s  Test=0.060s  Peak RAM=39.006 MB
2026-03-21 03:01:01 | INFO | [ncluster=268/268] AUC-ROC=39.43%  AUC-PR=42.72%  F1=0.7189  MCC=0.2653  Train=0.182s  Test=0.042s  Peak RAM=39.007 MB
2026-03-21 03:01:01 | INFO | [ncluster=271/271] AUC-ROC=46.76%  AUC-PR=46.02%  F1=0.6964  MCC=0.2147  Train=0.246s  Test=0.060s  Peak RAM=39.009 MB
2026-03-21 03:01:01 | INFO | [ncluster=274/274] AUC-ROC=41.32%  AUC-PR=43.57%  F1=0.7092  MCC=0.2187  Train=0.164s  Test=0.053s  Peak RAM=39.007 MB
2026-03-21 03:01:01 | INFO | [ncluster=277/277] AUC-ROC=39.52%  AUC-PR=42.94%  F1=0.7063  MCC=0.1949  Train=0.172s  Test=0.058s  Peak RAM=39.008 MB
2026-03-21 03:01:01 | INFO | [ncluster=280/280] AUC-ROC=38.25%  AUC-PR=42.66%  F1=0.7067  MCC=0.1976  Train=0.203s  Test=0.055s  Peak RAM=39.009 MB
2026-03-21 03:01:01 | INFO | [ncluster=283/283] AUC-ROC=43.29%  AUC-PR=44.48%  F1=0.6837  MCC=0.1622  Train=0.111s  Test=0.037s  Peak RAM=39.01 MB
2026-03-21 03:01:01 | INFO | [ncluster=286/286] AUC-ROC=39.37%  AUC-PR=42.72%  F1=0.7097  MCC=0.2140  Train=0.135s  Test=0.039s  Peak RAM=39.011 MB
2026-03-21 03:01:01 | INFO | [ncluster=289/289] AUC-ROC=38.77%  AUC-PR=42.75%  F1=0.7032  MCC=0.1867  Train=0.106s  Test=0.036s  Peak RAM=39.01 MB
2026-03-21 03:01:01 | INFO | [ncluster=292/292] AUC-ROC=63.57%  AUC-PR=56.20%  F1=0.7523  MCC=0.3974  Train=0.107s  Test=0.038s  Peak RAM=39.012 MB
2026-03-21 03:01:01 | INFO | [ncluster=295/295] AUC-ROC=41.61%  AUC-PR=44.07%  F1=0.7090  MCC=0.2112  Train=0.106s  Test=0.035s  Peak RAM=39.012 MB
2026-03-21 03:01:01 | INFO | [ncluster=298/298] AUC-ROC=64.54%  AUC-PR=57.89%  F1=0.7548  MCC=0.4041  Train=0.103s  Test=0.036s  Peak RAM=39.013 MB
2026-03-21 03:01:01 | INFO | 
>>> Processing data_CICIoT2023 | scaler=MinMaxScaler
2026-03-21 03:01:01 | INFO | --- noise=0% ---
2026-03-21 03:01:01 | INFO | ============================================================
2026-03-21 03:01:01 | INFO | Dataset  : Train_MinMaxScaler_data_CICIoT2023.csv
2026-03-21 03:01:01 | INFO | Scaler   : MinMaxScaler
2026-03-21 03:01:01 | INFO | Noise    : 0%
2026-03-21 03:01:01 | INFO | nClusters: 100 values (1..298)
2026-03-21 03:01:01 | INFO | ============================================================
2026-03-21 03:01:02 | INFO | Loaded Raw Shape -> Train: (30000, 45), Test: (30000, 45)
2026-03-21 03:01:02 | INFO | Training size : 30,000  |  Testing size: 30,000  |  Features: 44
2026-03-21 03:01:02 | INFO | Firing up Parallel execution for 100 cluster configs...
2026-03-21 03:03:19 | INFO | [ncluster=1/1] AUC-ROC=50.00%  AUC-PR=50.00%  F1=0.0000  MCC=0.0000  Train=0.242s  Test=0.023s  Peak RAM=37.103 MB
2026-03-21 03:03:19 | INFO | [ncluster=4/4] AUC-ROC=50.00%  AUC-PR=50.00%  F1=0.0000  MCC=0.0000  Train=0.235s  Test=0.021s  Peak RAM=37.106 MB
2026-03-21 03:03:19 | INFO | [ncluster=7/7] AUC-ROC=50.00%  AUC-PR=50.00%  F1=0.0000  MCC=0.0000  Train=0.221s  Test=0.027s  Peak RAM=37.106 MB
2026-03-21 03:03:19 | INFO | [ncluster=10/10] AUC-ROC=90.37%  AUC-PR=84.95%  F1=0.9016  MCC=0.7996  Train=0.215s  Test=0.024s  Peak RAM=37.108 MB
2026-03-21 03:03:19 | INFO | [ncluster=13/13] AUC-ROC=89.89%  AUC-PR=82.70%  F1=0.9051  MCC=0.8075  Train=0.186s  Test=0.027s  Peak RAM=37.107 MB
2026-03-21 03:03:19 | INFO | [ncluster=16/16] AUC-ROC=89.16%  AUC-PR=80.64%  F1=0.9006  MCC=0.7988  Train=0.223s  Test=0.025s  Peak RAM=37.107 MB
2026-03-21 03:03:19 | INFO | [ncluster=19/19] AUC-ROC=74.32%  AUC-PR=69.53%  F1=0.7893  MCC=0.5394  Train=0.200s  Test=0.025s  Peak RAM=37.108 MB
2026-03-21 03:03:19 | INFO | [ncluster=22/22] AUC-ROC=87.04%  AUC-PR=76.68%  F1=0.8981  MCC=0.7934  Train=0.195s  Test=0.027s  Peak RAM=37.108 MB
2026-03-21 03:03:19 | INFO | [ncluster=25/25] AUC-ROC=50.00%  AUC-PR=50.00%  F1=0.0000  MCC=0.0000  Train=0.207s  Test=0.029s  Peak RAM=37.11 MB
2026-03-21 03:03:19 | INFO | [ncluster=28/28] AUC-ROC=89.13%  AUC-PR=81.06%  F1=0.9026  MCC=0.8026  Train=0.195s  Test=0.027s  Peak RAM=37.11 MB
2026-03-21 03:03:19 | INFO | [ncluster=31/31] AUC-ROC=50.00%  AUC-PR=50.00%  F1=0.0000  MCC=0.0000  Train=0.229s  Test=0.028s  Peak RAM=37.11 MB
2026-03-21 03:03:19 | INFO | [ncluster=34/34] AUC-ROC=50.00%  AUC-PR=50.00%  F1=0.0000  MCC=0.0000  Train=0.208s  Test=0.026s  Peak RAM=37.111 MB
2026-03-21 03:03:19 | INFO | [ncluster=37/37] AUC-ROC=50.00%  AUC-PR=50.00%  F1=0.0000  MCC=0.0000  Train=0.202s  Test=0.027s  Peak RAM=37.112 MB
2026-03-21 03:03:19 | INFO | [ncluster=40/40] AUC-ROC=66.14%  AUC-PR=62.67%  F1=0.7020  MCC=0.4060  Train=0.186s  Test=0.029s  Peak RAM=37.113 MB
2026-03-21 03:03:19 | INFO | [ncluster=43/43] AUC-ROC=50.00%  AUC-PR=50.00%  F1=0.0000  MCC=0.0000  Train=0.182s  Test=0.028s  Peak RAM=37.113 MB
2026-03-21 03:03:19 | INFO | [ncluster=46/46] AUC-ROC=50.00%  AUC-PR=50.00%  F1=0.0000  MCC=0.0000  Train=0.185s  Test=0.029s  Peak RAM=37.114 MB
2026-03-21 03:03:19 | INFO | [ncluster=49/49] AUC-ROC=50.00%  AUC-PR=50.00%  F1=0.0000  MCC=0.0000  Train=0.205s  Test=0.028s  Peak RAM=37.114 MB
2026-03-21 03:03:19 | INFO | [ncluster=52/52] AUC-ROC=50.00%  AUC-PR=50.00%  F1=0.0000  MCC=0.0000  Train=0.197s  Test=0.029s  Peak RAM=37.114 MB
2026-03-21 03:03:19 | INFO | [ncluster=55/55] AUC-ROC=50.00%  AUC-PR=50.00%  F1=0.0000  MCC=0.0000  Train=0.239s  Test=0.035s  Peak RAM=37.115 MB
2026-03-21 03:03:19 | INFO | [ncluster=58/58] AUC-ROC=50.00%  AUC-PR=50.00%  F1=0.0000  MCC=0.0000  Train=0.236s  Test=0.031s  Peak RAM=37.116 MB
2026-03-21 03:03:19 | INFO | [ncluster=61/61] AUC-ROC=50.00%  AUC-PR=50.00%  F1=0.0000  MCC=0.0000  Train=0.215s  Test=0.033s  Peak RAM=37.116 MB
2026-03-21 03:03:19 | INFO | [ncluster=64/64] AUC-ROC=50.00%  AUC-PR=50.00%  F1=0.0000  MCC=0.0000  Train=0.163s  Test=0.030s  Peak RAM=37.116 MB
2026-03-21 03:03:19 | INFO | [ncluster=67/67] AUC-ROC=50.00%  AUC-PR=50.00%  F1=0.0000  MCC=0.0000  Train=0.163s  Test=0.031s  Peak RAM=37.116 MB
2026-03-21 03:03:19 | INFO | [ncluster=70/70] AUC-ROC=50.00%  AUC-PR=50.00%  F1=0.0000  MCC=0.0000  Train=0.160s  Test=0.033s  Peak RAM=37.12 MB
2026-03-21 03:03:19 | INFO | [ncluster=73/73] AUC-ROC=50.00%  AUC-PR=50.00%  F1=0.0000  MCC=0.0000  Train=0.129s  Test=0.034s  Peak RAM=37.121 MB
2026-03-21 03:03:19 | INFO | [ncluster=76/76] AUC-ROC=50.00%  AUC-PR=50.00%  F1=0.0000  MCC=0.0000  Train=0.166s  Test=0.032s  Peak RAM=37.119 MB
2026-03-21 03:03:19 | INFO | [ncluster=79/79] AUC-ROC=50.00%  AUC-PR=50.00%  F1=0.0000  MCC=0.0000  Train=0.237s  Test=0.034s  Peak RAM=37.122 MB
2026-03-21 03:03:19 | INFO | [ncluster=82/82] AUC-ROC=50.00%  AUC-PR=50.00%  F1=0.0000  MCC=0.0000  Train=0.202s  Test=0.032s  Peak RAM=37.12 MB
2026-03-21 03:03:19 | INFO | [ncluster=85/85] AUC-ROC=50.00%  AUC-PR=50.00%  F1=0.0000  MCC=0.0000  Train=0.236s  Test=0.035s  Peak RAM=37.12 MB
2026-03-21 03:03:19 | INFO | [ncluster=88/88] AUC-ROC=50.00%  AUC-PR=50.00%  F1=0.0000  MCC=0.0000  Train=0.188s  Test=0.034s  Peak RAM=37.121 MB
2026-03-21 03:03:19 | INFO | [ncluster=91/91] AUC-ROC=50.00%  AUC-PR=50.00%  F1=0.0000  MCC=0.0000  Train=0.232s  Test=0.035s  Peak RAM=37.121 MB
2026-03-21 03:03:19 | INFO | [ncluster=94/94] AUC-ROC=50.00%  AUC-PR=50.00%  F1=0.0000  MCC=0.0000  Train=0.162s  Test=0.038s  Peak RAM=37.121 MB
2026-03-21 03:03:19 | INFO | [ncluster=97/97] AUC-ROC=50.00%  AUC-PR=50.00%  F1=0.0000  MCC=0.0000  Train=0.199s  Test=0.038s  Peak RAM=37.123 MB
2026-03-21 03:03:19 | INFO | [ncluster=100/100] AUC-ROC=50.00%  AUC-PR=50.00%  F1=0.0000  MCC=0.0000  Train=0.218s  Test=0.035s  Peak RAM=37.125 MB
2026-03-21 03:03:19 | INFO | [ncluster=103/103] AUC-ROC=50.00%  AUC-PR=50.00%  F1=0.0000  MCC=0.0000  Train=0.217s  Test=0.037s  Peak RAM=37.123 MB
2026-03-21 03:03:19 | INFO | [ncluster=106/106] AUC-ROC=50.00%  AUC-PR=50.00%  F1=0.0000  MCC=0.0000  Train=0.246s  Test=0.038s  Peak RAM=37.124 MB
2026-03-21 03:03:19 | INFO | [ncluster=109/109] AUC-ROC=61.52%  AUC-PR=59.05%  F1=0.6933  MCC=0.2496  Train=0.248s  Test=0.040s  Peak RAM=37.127 MB
2026-03-21 03:03:19 | INFO | [ncluster=112/112] AUC-ROC=50.00%  AUC-PR=50.00%  F1=0.0000  MCC=0.0000  Train=0.217s  Test=0.040s  Peak RAM=37.128 MB
2026-03-21 03:03:19 | INFO | [ncluster=115/115] AUC-ROC=50.00%  AUC-PR=50.00%  F1=0.0000  MCC=0.0000  Train=0.199s  Test=0.039s  Peak RAM=37.126 MB
2026-03-21 03:03:19 | INFO | [ncluster=118/118] AUC-ROC=50.00%  AUC-PR=50.00%  F1=0.0000  MCC=0.0000  Train=0.210s  Test=0.038s  Peak RAM=37.127 MB
2026-03-21 03:03:19 | INFO | [ncluster=121/121] AUC-ROC=88.07%  AUC-PR=79.33%  F1=0.8975  MCC=0.7924  Train=0.196s  Test=0.040s  Peak RAM=37.132 MB
2026-03-21 03:03:19 | INFO | [ncluster=124/124] AUC-ROC=50.00%  AUC-PR=50.00%  F1=0.0000  MCC=0.0000  Train=0.233s  Test=0.041s  Peak RAM=37.132 MB
2026-03-21 03:03:19 | INFO | [ncluster=127/127] AUC-ROC=50.00%  AUC-PR=50.00%  F1=0.0000  MCC=0.0000  Train=0.223s  Test=0.042s  Peak RAM=37.13 MB
2026-03-21 03:03:19 | INFO | [ncluster=130/130] AUC-ROC=50.00%  AUC-PR=50.00%  F1=0.0000  MCC=0.0000  Train=0.173s  Test=0.039s  Peak RAM=37.131 MB
2026-03-21 03:03:19 | INFO | [ncluster=133/133] AUC-ROC=50.00%  AUC-PR=50.00%  F1=0.0000  MCC=0.0000  Train=0.183s  Test=0.042s  Peak RAM=37.131 MB
2026-03-21 03:03:19 | INFO | [ncluster=136/136] AUC-ROC=50.00%  AUC-PR=50.00%  F1=0.0000  MCC=0.0000  Train=0.248s  Test=0.047s  Peak RAM=37.129 MB
2026-03-21 03:03:19 | INFO | [ncluster=139/139] AUC-ROC=87.91%  AUC-PR=79.23%  F1=0.8974  MCC=0.7924  Train=0.185s  Test=0.042s  Peak RAM=37.13 MB
2026-03-21 03:03:19 | INFO | [ncluster=142/142] AUC-ROC=50.00%  AUC-PR=50.00%  F1=0.0000  MCC=0.0000  Train=0.224s  Test=0.043s  Peak RAM=37.13 MB
2026-03-21 03:03:19 | INFO | [ncluster=145/145] AUC-ROC=50.00%  AUC-PR=50.00%  F1=0.0000  MCC=0.0000  Train=0.191s  Test=0.041s  Peak RAM=37.132 MB
2026-03-21 03:03:19 | INFO | [ncluster=148/148] AUC-ROC=50.00%  AUC-PR=50.00%  F1=0.0000  MCC=0.0000  Train=0.179s  Test=0.041s  Peak RAM=37.132 MB
2026-03-21 03:03:19 | INFO | [ncluster=151/151] AUC-ROC=85.99%  AUC-PR=79.24%  F1=0.8770  MCC=0.7440  Train=0.251s  Test=0.051s  Peak RAM=37.132 MB
2026-03-21 03:03:19 | INFO | [ncluster=154/154] AUC-ROC=50.00%  AUC-PR=50.00%  F1=0.0000  MCC=0.0000  Train=0.231s  Test=0.045s  Peak RAM=37.134 MB
2026-03-21 03:03:19 | INFO | [ncluster=157/157] AUC-ROC=50.00%  AUC-PR=50.00%  F1=0.0000  MCC=0.0000  Train=0.167s  Test=0.043s  Peak RAM=37.133 MB
2026-03-21 03:03:19 | INFO | [ncluster=160/160] AUC-ROC=89.12%  AUC-PR=81.92%  F1=0.8979  MCC=0.7932  Train=0.196s  Test=0.046s  Peak RAM=37.134 MB
2026-03-21 03:03:19 | INFO | [ncluster=163/163] AUC-ROC=50.00%  AUC-PR=50.00%  F1=0.0000  MCC=0.0000  Train=0.239s  Test=0.048s  Peak RAM=37.134 MB
2026-03-21 03:03:19 | INFO | [ncluster=166/166] AUC-ROC=50.00%  AUC-PR=50.00%  F1=0.0000  MCC=0.0000  Train=0.216s  Test=0.048s  Peak RAM=37.136 MB
2026-03-21 03:03:19 | INFO | [ncluster=169/169] AUC-ROC=50.00%  AUC-PR=50.00%  F1=0.0000  MCC=0.0000  Train=0.170s  Test=0.046s  Peak RAM=37.135 MB
2026-03-21 03:03:19 | INFO | [ncluster=172/172] AUC-ROC=50.00%  AUC-PR=50.00%  F1=0.0000  MCC=0.0000  Train=0.216s  Test=0.048s  Peak RAM=37.136 MB
2026-03-21 03:03:19 | INFO | [ncluster=175/175] AUC-ROC=50.00%  AUC-PR=50.00%  F1=0.0000  MCC=0.0000  Train=0.201s  Test=0.050s  Peak RAM=37.137 MB
2026-03-21 03:03:19 | INFO | [ncluster=178/178] AUC-ROC=50.00%  AUC-PR=50.00%  F1=0.0000  MCC=0.0000  Train=0.226s  Test=0.047s  Peak RAM=37.137 MB
2026-03-21 03:03:19 | INFO | [ncluster=181/181] AUC-ROC=50.00%  AUC-PR=50.00%  F1=0.0000  MCC=0.0000  Train=0.193s  Test=0.047s  Peak RAM=37.139 MB
2026-03-21 03:03:19 | INFO | [ncluster=184/184] AUC-ROC=50.00%  AUC-PR=50.00%  F1=0.0000  MCC=0.0000  Train=0.209s  Test=0.049s  Peak RAM=37.139 MB
2026-03-21 03:03:19 | INFO | [ncluster=187/187] AUC-ROC=50.00%  AUC-PR=50.00%  F1=0.0000  MCC=0.0000  Train=0.256s  Test=0.054s  Peak RAM=37.139 MB
2026-03-21 03:03:19 | INFO | [ncluster=190/190] AUC-ROC=50.00%  AUC-PR=50.00%  F1=0.0000  MCC=0.0000  Train=0.191s  Test=0.051s  Peak RAM=37.139 MB
2026-03-21 03:03:19 | INFO | [ncluster=193/193] AUC-ROC=88.64%  AUC-PR=80.79%  F1=0.8963  MCC=0.7874  Train=0.192s  Test=0.053s  Peak RAM=37.139 MB
2026-03-21 03:03:19 | INFO | [ncluster=196/196] AUC-ROC=90.64%  AUC-PR=84.02%  F1=0.9073  MCC=0.8113  Train=0.218s  Test=0.055s  Peak RAM=37.14 MB
2026-03-21 03:03:19 | INFO | [ncluster=199/199] AUC-ROC=50.00%  AUC-PR=50.00%  F1=0.0000  MCC=0.0000  Train=0.224s  Test=0.050s  Peak RAM=37.141 MB
2026-03-21 03:03:19 | INFO | [ncluster=202/202] AUC-ROC=50.00%  AUC-PR=50.00%  F1=0.0000  MCC=0.0000  Train=0.236s  Test=0.057s  Peak RAM=37.141 MB
2026-03-21 03:03:19 | INFO | [ncluster=205/205] AUC-ROC=50.00%  AUC-PR=50.00%  F1=0.0000  MCC=0.0000  Train=0.221s  Test=0.053s  Peak RAM=37.142 MB
2026-03-21 03:03:19 | INFO | [ncluster=208/208] AUC-ROC=50.00%  AUC-PR=50.00%  F1=0.0000  MCC=0.0000  Train=0.178s  Test=0.050s  Peak RAM=37.143 MB
2026-03-21 03:03:19 | INFO | [ncluster=211/211] AUC-ROC=50.00%  AUC-PR=50.00%  F1=0.0000  MCC=0.0000  Train=0.210s  Test=0.058s  Peak RAM=37.143 MB
2026-03-21 03:03:19 | INFO | [ncluster=214/214] AUC-ROC=88.93%  AUC-PR=80.93%  F1=0.9010  MCC=0.7991  Train=0.236s  Test=0.055s  Peak RAM=37.143 MB
2026-03-21 03:03:19 | INFO | [ncluster=217/217] AUC-ROC=94.01%  AUC-PR=90.08%  F1=0.9113  MCC=0.8179  Train=0.246s  Test=0.057s  Peak RAM=37.144 MB
2026-03-21 03:03:19 | INFO | [ncluster=220/220] AUC-ROC=87.82%  AUC-PR=79.09%  F1=0.8971  MCC=0.7901  Train=0.235s  Test=0.058s  Peak RAM=37.145 MB
2026-03-21 03:03:19 | INFO | [ncluster=223/223] AUC-ROC=50.00%  AUC-PR=50.00%  F1=0.0000  MCC=0.0000  Train=0.182s  Test=0.057s  Peak RAM=37.144 MB
2026-03-21 03:03:19 | INFO | [ncluster=226/226] AUC-ROC=50.00%  AUC-PR=50.00%  F1=0.0000  MCC=0.0000  Train=0.284s  Test=0.059s  Peak RAM=37.145 MB
2026-03-21 03:03:19 | INFO | [ncluster=229/229] AUC-ROC=50.00%  AUC-PR=50.00%  F1=0.0000  MCC=0.0000  Train=0.216s  Test=0.062s  Peak RAM=37.145 MB
2026-03-21 03:03:19 | INFO | [ncluster=232/232] AUC-ROC=88.21%  AUC-PR=79.74%  F1=0.8994  MCC=0.7964  Train=0.172s  Test=0.057s  Peak RAM=37.147 MB
2026-03-21 03:03:19 | INFO | [ncluster=235/235] AUC-ROC=81.64%  AUC-PR=75.06%  F1=0.7853  MCC=0.5478  Train=0.246s  Test=0.064s  Peak RAM=37.147 MB
2026-03-21 03:03:19 | INFO | [ncluster=238/238] AUC-ROC=50.00%  AUC-PR=50.00%  F1=0.0000  MCC=0.0000  Train=0.188s  Test=0.056s  Peak RAM=37.149 MB
2026-03-21 03:03:19 | INFO | [ncluster=241/241] AUC-ROC=50.00%  AUC-PR=50.00%  F1=0.0000  MCC=0.0000  Train=0.142s  Test=0.052s  Peak RAM=37.148 MB
2026-03-21 03:03:19 | INFO | [ncluster=244/244] AUC-ROC=50.00%  AUC-PR=50.00%  F1=0.0000  MCC=0.0000  Train=0.282s  Test=0.068s  Peak RAM=37.149 MB
2026-03-21 03:03:19 | INFO | [ncluster=247/247] AUC-ROC=50.00%  AUC-PR=50.00%  F1=0.0000  MCC=0.0000  Train=0.194s  Test=0.058s  Peak RAM=37.15 MB
2026-03-21 03:03:19 | INFO | [ncluster=250/250] AUC-ROC=50.00%  AUC-PR=50.00%  F1=0.0000  MCC=0.0000  Train=0.236s  Test=0.061s  Peak RAM=37.15 MB
2026-03-21 03:03:19 | INFO | [ncluster=253/253] AUC-ROC=50.00%  AUC-PR=50.00%  F1=0.0000  MCC=0.0000  Train=0.209s  Test=0.062s  Peak RAM=37.152 MB
2026-03-21 03:03:19 | INFO | [ncluster=256/256] AUC-ROC=88.96%  AUC-PR=81.18%  F1=0.8994  MCC=0.7942  Train=0.212s  Test=0.065s  Peak RAM=37.151 MB
2026-03-21 03:03:19 | INFO | [ncluster=259/259] AUC-ROC=92.19%  AUC-PR=86.42%  F1=0.9040  MCC=0.8056  Train=0.211s  Test=0.062s  Peak RAM=37.152 MB
2026-03-21 03:03:19 | INFO | [ncluster=262/262] AUC-ROC=50.00%  AUC-PR=50.00%  F1=0.0000  MCC=0.0000  Train=0.234s  Test=0.071s  Peak RAM=37.152 MB
2026-03-21 03:03:19 | INFO | [ncluster=265/265] AUC-ROC=90.02%  AUC-PR=82.98%  F1=0.8994  MCC=0.7963  Train=0.248s  Test=0.071s  Peak RAM=37.151 MB
2026-03-21 03:03:19 | INFO | [ncluster=268/268] AUC-ROC=50.00%  AUC-PR=50.00%  F1=0.0000  MCC=0.0000  Train=0.142s  Test=0.039s  Peak RAM=37.153 MB
2026-03-21 03:03:19 | INFO | [ncluster=271/271] AUC-ROC=50.00%  AUC-PR=50.00%  F1=0.0000  MCC=0.0000  Train=0.172s  Test=0.064s  Peak RAM=37.154 MB
2026-03-21 03:03:19 | INFO | [ncluster=274/274] AUC-ROC=88.49%  AUC-PR=77.76%  F1=0.8992  MCC=0.7961  Train=0.118s  Test=0.041s  Peak RAM=37.154 MB
2026-03-21 03:03:19 | INFO | [ncluster=277/277] AUC-ROC=89.28%  AUC-PR=81.19%  F1=0.8990  MCC=0.7955  Train=0.120s  Test=0.042s  Peak RAM=37.155 MB
2026-03-21 03:03:19 | INFO | [ncluster=280/280] AUC-ROC=89.53%  AUC-PR=81.60%  F1=0.9025  MCC=0.8029  Train=0.132s  Test=0.046s  Peak RAM=37.156 MB
2026-03-21 03:03:19 | INFO | [ncluster=283/283] AUC-ROC=50.00%  AUC-PR=50.00%  F1=0.0000  MCC=0.0000  Train=0.116s  Test=0.040s  Peak RAM=37.155 MB
2026-03-21 03:03:19 | INFO | [ncluster=286/286] AUC-ROC=50.00%  AUC-PR=50.00%  F1=0.0000  MCC=0.0000  Train=0.103s  Test=0.039s  Peak RAM=37.156 MB
2026-03-21 03:03:19 | INFO | [ncluster=289/289] AUC-ROC=87.67%  AUC-PR=80.94%  F1=0.8478  MCC=0.6807  Train=0.097s  Test=0.040s  Peak RAM=37.158 MB
2026-03-21 03:03:19 | INFO | [ncluster=292/292] AUC-ROC=86.82%  AUC-PR=79.79%  F1=0.8551  MCC=0.6991  Train=0.094s  Test=0.040s  Peak RAM=37.158 MB
2026-03-21 03:03:19 | INFO | [ncluster=295/295] AUC-ROC=88.21%  AUC-PR=79.72%  F1=0.8925  MCC=0.7777  Train=0.099s  Test=0.042s  Peak RAM=37.157 MB
2026-03-21 03:03:19 | INFO | [ncluster=298/298] AUC-ROC=90.21%  AUC-PR=83.56%  F1=0.9060  MCC=0.8100  Train=0.090s  Test=0.040s  Peak RAM=37.158 MB
2026-03-21 03:03:19 | INFO | --- noise=1% ---
2026-03-21 03:03:19 | INFO | ============================================================
2026-03-21 03:03:19 | INFO | Dataset  : Train_MinMaxScaler_data_CICIoT2023.csv
2026-03-21 03:03:19 | INFO | Scaler   : MinMaxScaler
2026-03-21 03:03:19 | INFO | Noise    : 1%
2026-03-21 03:03:19 | INFO | nClusters: 100 values (1..298)
2026-03-21 03:03:19 | INFO | ============================================================
2026-03-21 03:03:19 | INFO | Loaded Raw Shape -> Train: (30000, 45), Test: (30000, 45)
2026-03-21 03:03:19 | INFO | Training size : 30,300  |  Testing size: 29,700  |  Features: 44
2026-03-21 03:03:19 | INFO | Firing up Parallel execution for 100 cluster configs...
2026-03-21 03:05:37 | INFO | [ncluster=1/1] AUC-ROC=50.00%  AUC-PR=50.51%  F1=0.0000  MCC=0.0000  Train=0.252s  Test=0.015s  Peak RAM=37.474 MB
2026-03-21 03:05:37 | INFO | [ncluster=4/4] AUC-ROC=50.00%  AUC-PR=50.51%  F1=0.0000  MCC=0.0000  Train=0.251s  Test=0.015s  Peak RAM=37.476 MB
2026-03-21 03:05:37 | INFO | [ncluster=7/7] AUC-ROC=50.00%  AUC-PR=50.51%  F1=0.0000  MCC=0.0000  Train=0.256s  Test=0.018s  Peak RAM=37.476 MB
2026-03-21 03:05:37 | INFO | [ncluster=10/10] AUC-ROC=50.00%  AUC-PR=50.51%  F1=0.0000  MCC=0.0000  Train=0.284s  Test=0.020s  Peak RAM=37.477 MB
2026-03-21 03:05:37 | INFO | [ncluster=13/13] AUC-ROC=50.00%  AUC-PR=50.51%  F1=0.0000  MCC=0.0000  Train=0.295s  Test=0.016s  Peak RAM=37.478 MB
2026-03-21 03:05:37 | INFO | [ncluster=16/16] AUC-ROC=50.00%  AUC-PR=50.51%  F1=0.0000  MCC=0.0000  Train=0.250s  Test=0.018s  Peak RAM=37.478 MB
2026-03-21 03:05:37 | INFO | [ncluster=19/19] AUC-ROC=50.00%  AUC-PR=50.51%  F1=0.0000  MCC=0.0000  Train=0.245s  Test=0.018s  Peak RAM=37.478 MB
2026-03-21 03:05:37 | INFO | [ncluster=22/22] AUC-ROC=50.00%  AUC-PR=50.51%  F1=0.0000  MCC=0.0000  Train=0.299s  Test=0.019s  Peak RAM=37.479 MB
2026-03-21 03:05:37 | INFO | [ncluster=25/25] AUC-ROC=50.00%  AUC-PR=50.51%  F1=0.0000  MCC=0.0000  Train=0.290s  Test=0.020s  Peak RAM=37.481 MB
2026-03-21 03:05:37 | INFO | [ncluster=28/28] AUC-ROC=50.00%  AUC-PR=50.51%  F1=0.0000  MCC=0.0000  Train=0.235s  Test=0.021s  Peak RAM=37.482 MB
2026-03-21 03:05:37 | INFO | [ncluster=31/31] AUC-ROC=50.00%  AUC-PR=50.51%  F1=0.0000  MCC=0.0000  Train=0.190s  Test=0.022s  Peak RAM=37.481 MB
2026-03-21 03:05:37 | INFO | [ncluster=34/34] AUC-ROC=50.00%  AUC-PR=50.51%  F1=0.0000  MCC=0.0000  Train=0.202s  Test=0.020s  Peak RAM=37.481 MB
2026-03-21 03:05:37 | INFO | [ncluster=37/37] AUC-ROC=50.00%  AUC-PR=50.51%  F1=0.0000  MCC=0.0000  Train=0.239s  Test=0.021s  Peak RAM=37.482 MB
2026-03-21 03:05:37 | INFO | [ncluster=40/40] AUC-ROC=50.00%  AUC-PR=50.51%  F1=0.0000  MCC=0.0000  Train=0.230s  Test=0.021s  Peak RAM=37.482 MB
2026-03-21 03:05:37 | INFO | [ncluster=43/43] AUC-ROC=50.00%  AUC-PR=50.51%  F1=0.0000  MCC=0.0000  Train=0.206s  Test=0.021s  Peak RAM=37.483 MB
2026-03-21 03:05:37 | INFO | [ncluster=46/46] AUC-ROC=50.00%  AUC-PR=50.51%  F1=0.0000  MCC=0.0000  Train=0.191s  Test=0.024s  Peak RAM=37.484 MB
2026-03-21 03:05:37 | INFO | [ncluster=49/49] AUC-ROC=50.00%  AUC-PR=50.51%  F1=0.0000  MCC=0.0000  Train=0.296s  Test=0.022s  Peak RAM=37.485 MB
2026-03-21 03:05:37 | INFO | [ncluster=52/52] AUC-ROC=50.00%  AUC-PR=50.51%  F1=0.0000  MCC=0.0000  Train=0.268s  Test=0.023s  Peak RAM=37.486 MB
2026-03-21 03:05:37 | INFO | [ncluster=55/55] AUC-ROC=50.00%  AUC-PR=50.51%  F1=0.0000  MCC=0.0000  Train=0.208s  Test=0.023s  Peak RAM=37.486 MB
2026-03-21 03:05:37 | INFO | [ncluster=58/58] AUC-ROC=50.00%  AUC-PR=50.51%  F1=0.0000  MCC=0.0000  Train=0.207s  Test=0.022s  Peak RAM=37.486 MB
2026-03-21 03:05:37 | INFO | [ncluster=61/61] AUC-ROC=50.00%  AUC-PR=50.51%  F1=0.0000  MCC=0.0000  Train=0.235s  Test=0.026s  Peak RAM=37.487 MB
2026-03-21 03:05:37 | INFO | [ncluster=64/64] AUC-ROC=50.00%  AUC-PR=50.51%  F1=0.0000  MCC=0.0000  Train=0.206s  Test=0.023s  Peak RAM=37.486 MB
2026-03-21 03:05:37 | INFO | [ncluster=67/67] AUC-ROC=50.00%  AUC-PR=50.51%  F1=0.0000  MCC=0.0000  Train=0.243s  Test=0.025s  Peak RAM=37.488 MB
2026-03-21 03:05:37 | INFO | [ncluster=70/70] AUC-ROC=50.00%  AUC-PR=50.51%  F1=0.0000  MCC=0.0000  Train=0.186s  Test=0.024s  Peak RAM=37.489 MB
2026-03-21 03:05:37 | INFO | [ncluster=73/73] AUC-ROC=50.00%  AUC-PR=50.51%  F1=0.0000  MCC=0.0000  Train=0.177s  Test=0.026s  Peak RAM=37.489 MB
2026-03-21 03:05:37 | INFO | [ncluster=76/76] AUC-ROC=50.00%  AUC-PR=50.51%  F1=0.0000  MCC=0.0000  Train=0.252s  Test=0.025s  Peak RAM=37.489 MB
2026-03-21 03:05:37 | INFO | [ncluster=79/79] AUC-ROC=50.00%  AUC-PR=50.51%  F1=0.0000  MCC=0.0000  Train=0.220s  Test=0.025s  Peak RAM=37.49 MB
2026-03-21 03:05:37 | INFO | [ncluster=82/82] AUC-ROC=50.00%  AUC-PR=50.51%  F1=0.0000  MCC=0.0000  Train=0.220s  Test=0.026s  Peak RAM=37.49 MB
2026-03-21 03:05:37 | INFO | [ncluster=85/85] AUC-ROC=50.00%  AUC-PR=50.51%  F1=0.0000  MCC=0.0000  Train=0.150s  Test=0.025s  Peak RAM=37.491 MB
2026-03-21 03:05:37 | INFO | [ncluster=88/88] AUC-ROC=50.00%  AUC-PR=50.51%  F1=0.0000  MCC=0.0000  Train=0.226s  Test=0.026s  Peak RAM=37.492 MB
2026-03-21 03:05:37 | INFO | [ncluster=91/91] AUC-ROC=50.00%  AUC-PR=50.51%  F1=0.0000  MCC=0.0000  Train=0.228s  Test=0.027s  Peak RAM=37.492 MB
2026-03-21 03:05:37 | INFO | [ncluster=94/94] AUC-ROC=50.00%  AUC-PR=50.51%  F1=0.0000  MCC=0.0000  Train=0.194s  Test=0.028s  Peak RAM=37.492 MB
2026-03-21 03:05:37 | INFO | [ncluster=97/97] AUC-ROC=50.00%  AUC-PR=50.51%  F1=0.0000  MCC=0.0000  Train=0.222s  Test=0.028s  Peak RAM=37.494 MB
2026-03-21 03:05:37 | INFO | [ncluster=100/100] AUC-ROC=50.00%  AUC-PR=50.51%  F1=0.0000  MCC=0.0000  Train=0.201s  Test=0.028s  Peak RAM=37.494 MB
2026-03-21 03:05:37 | INFO | [ncluster=103/103] AUC-ROC=50.00%  AUC-PR=50.51%  F1=0.0000  MCC=0.0000  Train=0.184s  Test=0.030s  Peak RAM=37.494 MB
2026-03-21 03:05:37 | INFO | [ncluster=106/106] AUC-ROC=50.00%  AUC-PR=50.51%  F1=0.0000  MCC=0.0000  Train=0.224s  Test=0.031s  Peak RAM=37.494 MB
2026-03-21 03:05:37 | INFO | [ncluster=109/109] AUC-ROC=50.00%  AUC-PR=50.51%  F1=0.0000  MCC=0.0000  Train=0.233s  Test=0.032s  Peak RAM=37.495 MB
2026-03-21 03:05:37 | INFO | [ncluster=112/112] AUC-ROC=50.00%  AUC-PR=50.51%  F1=0.0000  MCC=0.0000  Train=0.192s  Test=0.030s  Peak RAM=37.495 MB
2026-03-21 03:05:37 | INFO | [ncluster=115/115] AUC-ROC=50.00%  AUC-PR=50.51%  F1=0.0000  MCC=0.0000  Train=0.157s  Test=0.030s  Peak RAM=37.495 MB
2026-03-21 03:05:37 | INFO | [ncluster=118/118] AUC-ROC=50.00%  AUC-PR=50.51%  F1=0.0000  MCC=0.0000  Train=0.157s  Test=0.030s  Peak RAM=37.497 MB
2026-03-21 03:05:37 | INFO | [ncluster=121/121] AUC-ROC=50.00%  AUC-PR=50.51%  F1=0.0000  MCC=0.0000  Train=0.179s  Test=0.030s  Peak RAM=37.498 MB
2026-03-21 03:05:37 | INFO | [ncluster=124/124] AUC-ROC=50.00%  AUC-PR=50.51%  F1=0.0000  MCC=0.0000  Train=0.208s  Test=0.032s  Peak RAM=37.498 MB
2026-03-21 03:05:37 | INFO | [ncluster=127/127] AUC-ROC=50.00%  AUC-PR=50.51%  F1=0.0000  MCC=0.0000  Train=0.158s  Test=0.039s  Peak RAM=37.498 MB
2026-03-21 03:05:37 | INFO | [ncluster=130/130] AUC-ROC=50.00%  AUC-PR=50.51%  F1=0.0000  MCC=0.0000  Train=0.215s  Test=0.033s  Peak RAM=37.499 MB
2026-03-21 03:05:37 | INFO | [ncluster=133/133] AUC-ROC=50.00%  AUC-PR=50.51%  F1=0.0000  MCC=0.0000  Train=0.154s  Test=0.032s  Peak RAM=37.499 MB
2026-03-21 03:05:37 | INFO | [ncluster=136/136] AUC-ROC=50.00%  AUC-PR=50.51%  F1=0.0000  MCC=0.0000  Train=0.202s  Test=0.033s  Peak RAM=37.5 MB
2026-03-21 03:05:37 | INFO | [ncluster=139/139] AUC-ROC=50.00%  AUC-PR=50.51%  F1=0.0000  MCC=0.0000  Train=0.292s  Test=0.039s  Peak RAM=37.503 MB
2026-03-21 03:05:37 | INFO | [ncluster=142/142] AUC-ROC=50.00%  AUC-PR=50.51%  F1=0.0000  MCC=0.0000  Train=0.251s  Test=0.035s  Peak RAM=37.501 MB
2026-03-21 03:05:37 | INFO | [ncluster=145/145] AUC-ROC=50.00%  AUC-PR=50.51%  F1=0.0000  MCC=0.0000  Train=0.229s  Test=0.036s  Peak RAM=37.501 MB
2026-03-21 03:05:37 | INFO | [ncluster=148/148] AUC-ROC=50.00%  AUC-PR=50.51%  F1=0.0000  MCC=0.0000  Train=0.204s  Test=0.037s  Peak RAM=37.502 MB
2026-03-21 03:05:37 | INFO | [ncluster=151/151] AUC-ROC=50.00%  AUC-PR=50.51%  F1=0.0000  MCC=0.0000  Train=0.229s  Test=0.037s  Peak RAM=37.502 MB
2026-03-21 03:05:37 | INFO | [ncluster=154/154] AUC-ROC=50.00%  AUC-PR=50.51%  F1=0.0000  MCC=0.0000  Train=0.240s  Test=0.040s  Peak RAM=37.505 MB
2026-03-21 03:05:37 | INFO | [ncluster=157/157] AUC-ROC=80.51%  AUC-PR=73.81%  F1=0.7984  MCC=0.5576  Train=0.302s  Test=0.063s  Peak RAM=37.504 MB
2026-03-21 03:05:37 | INFO | [ncluster=160/160] AUC-ROC=81.21%  AUC-PR=73.36%  F1=0.8180  MCC=0.6044  Train=0.213s  Test=0.036s  Peak RAM=37.506 MB
2026-03-21 03:05:37 | INFO | [ncluster=163/163] AUC-ROC=89.09%  AUC-PR=84.12%  F1=0.8552  MCC=0.6933  Train=0.211s  Test=0.038s  Peak RAM=37.504 MB
2026-03-21 03:05:37 | INFO | [ncluster=166/166] AUC-ROC=82.60%  AUC-PR=74.59%  F1=0.8253  MCC=0.6219  Train=0.241s  Test=0.041s  Peak RAM=37.505 MB
2026-03-21 03:05:37 | INFO | [ncluster=169/169] AUC-ROC=50.00%  AUC-PR=50.51%  F1=0.0000  MCC=0.0000  Train=0.231s  Test=0.041s  Peak RAM=37.507 MB
2026-03-21 03:05:37 | INFO | [ncluster=172/172] AUC-ROC=81.98%  AUC-PR=73.36%  F1=0.8293  MCC=0.6316  Train=0.201s  Test=0.041s  Peak RAM=37.508 MB
2026-03-21 03:05:37 | INFO | [ncluster=175/175] AUC-ROC=81.13%  AUC-PR=75.54%  F1=0.7999  MCC=0.5598  Train=0.244s  Test=0.045s  Peak RAM=37.508 MB
2026-03-21 03:05:37 | INFO | [ncluster=178/178] AUC-ROC=81.56%  AUC-PR=74.76%  F1=0.8053  MCC=0.5735  Train=0.200s  Test=0.044s  Peak RAM=37.509 MB
2026-03-21 03:05:37 | INFO | [ncluster=181/181] AUC-ROC=80.92%  AUC-PR=73.77%  F1=0.8016  MCC=0.5646  Train=0.214s  Test=0.044s  Peak RAM=37.508 MB
2026-03-21 03:05:37 | INFO | [ncluster=184/184] AUC-ROC=50.00%  AUC-PR=50.51%  F1=0.0000  MCC=0.0000  Train=0.226s  Test=0.043s  Peak RAM=37.515 MB
2026-03-21 03:05:37 | INFO | [ncluster=187/187] AUC-ROC=50.00%  AUC-PR=50.51%  F1=0.0000  MCC=0.0000  Train=0.234s  Test=0.046s  Peak RAM=37.51 MB
2026-03-21 03:05:37 | INFO | [ncluster=190/190] AUC-ROC=85.46%  AUC-PR=80.74%  F1=0.8190  MCC=0.6092  Train=0.226s  Test=0.045s  Peak RAM=37.512 MB
2026-03-21 03:05:37 | INFO | [ncluster=193/193] AUC-ROC=78.91%  AUC-PR=71.57%  F1=0.7883  MCC=0.5319  Train=0.259s  Test=0.047s  Peak RAM=37.51 MB
2026-03-21 03:05:37 | INFO | [ncluster=196/196] AUC-ROC=50.00%  AUC-PR=50.51%  F1=0.0000  MCC=0.0000  Train=0.187s  Test=0.044s  Peak RAM=37.511 MB
2026-03-21 03:05:37 | INFO | [ncluster=199/199] AUC-ROC=79.87%  AUC-PR=72.28%  F1=0.7950  MCC=0.5498  Train=0.190s  Test=0.045s  Peak RAM=37.512 MB
2026-03-21 03:05:37 | INFO | [ncluster=202/202] AUC-ROC=77.29%  AUC-PR=69.90%  F1=0.7737  MCC=0.4966  Train=0.247s  Test=0.048s  Peak RAM=37.511 MB
2026-03-21 03:05:37 | INFO | [ncluster=205/205] AUC-ROC=81.02%  AUC-PR=74.62%  F1=0.8070  MCC=0.5777  Train=0.256s  Test=0.050s  Peak RAM=37.515 MB
2026-03-21 03:05:37 | INFO | [ncluster=208/208] AUC-ROC=50.00%  AUC-PR=50.51%  F1=0.0000  MCC=0.0000  Train=0.239s  Test=0.048s  Peak RAM=37.513 MB
2026-03-21 03:05:37 | INFO | [ncluster=211/211] AUC-ROC=50.00%  AUC-PR=50.51%  F1=0.0000  MCC=0.0000  Train=0.225s  Test=0.045s  Peak RAM=37.514 MB
2026-03-21 03:05:37 | INFO | [ncluster=214/214] AUC-ROC=85.37%  AUC-PR=79.24%  F1=0.8387  MCC=0.6547  Train=0.233s  Test=0.050s  Peak RAM=37.514 MB
2026-03-21 03:05:37 | INFO | [ncluster=217/217] AUC-ROC=50.00%  AUC-PR=50.51%  F1=0.0000  MCC=0.0000  Train=0.270s  Test=0.053s  Peak RAM=37.516 MB
2026-03-21 03:05:37 | INFO | [ncluster=220/220] AUC-ROC=84.94%  AUC-PR=79.34%  F1=0.8129  MCC=0.5959  Train=0.271s  Test=0.049s  Peak RAM=37.515 MB
2026-03-21 03:05:37 | INFO | [ncluster=223/223] AUC-ROC=87.95%  AUC-PR=81.95%  F1=0.8583  MCC=0.6991  Train=0.241s  Test=0.058s  Peak RAM=37.515 MB
2026-03-21 03:05:37 | INFO | [ncluster=226/226] AUC-ROC=50.00%  AUC-PR=50.51%  F1=0.0000  MCC=0.0000  Train=0.181s  Test=0.045s  Peak RAM=37.516 MB
2026-03-21 03:05:37 | INFO | [ncluster=229/229] AUC-ROC=50.00%  AUC-PR=50.51%  F1=0.0000  MCC=0.0000  Train=0.213s  Test=0.049s  Peak RAM=37.517 MB
2026-03-21 03:05:37 | INFO | [ncluster=232/232] AUC-ROC=87.46%  AUC-PR=81.93%  F1=0.8538  MCC=0.6887  Train=0.267s  Test=0.054s  Peak RAM=37.517 MB
2026-03-21 03:05:37 | INFO | [ncluster=235/235] AUC-ROC=50.00%  AUC-PR=50.51%  F1=0.0000  MCC=0.0000  Train=0.225s  Test=0.051s  Peak RAM=37.518 MB
2026-03-21 03:05:37 | INFO | [ncluster=238/238] AUC-ROC=81.72%  AUC-PR=73.76%  F1=0.8102  MCC=0.5875  Train=0.188s  Test=0.050s  Peak RAM=37.518 MB
2026-03-21 03:05:37 | INFO | [ncluster=241/241] AUC-ROC=88.77%  AUC-PR=83.68%  F1=0.8495  MCC=0.6823  Train=0.248s  Test=0.062s  Peak RAM=37.52 MB
2026-03-21 03:05:37 | INFO | [ncluster=244/244] AUC-ROC=86.61%  AUC-PR=80.08%  F1=0.8545  MCC=0.6908  Train=0.268s  Test=0.058s  Peak RAM=37.519 MB
2026-03-21 03:05:37 | INFO | [ncluster=247/247] AUC-ROC=87.98%  AUC-PR=82.75%  F1=0.8445  MCC=0.6681  Train=0.293s  Test=0.061s  Peak RAM=37.52 MB
2026-03-21 03:05:37 | INFO | [ncluster=250/250] AUC-ROC=50.00%  AUC-PR=50.51%  F1=0.0000  MCC=0.0000  Train=0.240s  Test=0.056s  Peak RAM=37.519 MB
2026-03-21 03:05:37 | INFO | [ncluster=253/253] AUC-ROC=83.67%  AUC-PR=77.31%  F1=0.8127  MCC=0.5941  Train=0.263s  Test=0.059s  Peak RAM=37.521 MB
2026-03-21 03:05:37 | INFO | [ncluster=256/256] AUC-ROC=88.69%  AUC-PR=83.97%  F1=0.8476  MCC=0.6772  Train=0.219s  Test=0.053s  Peak RAM=37.522 MB
2026-03-21 03:05:37 | INFO | [ncluster=259/259] AUC-ROC=80.19%  AUC-PR=73.70%  F1=0.7876  MCC=0.5290  Train=0.249s  Test=0.066s  Peak RAM=37.523 MB
2026-03-21 03:05:37 | INFO | [ncluster=262/262] AUC-ROC=87.20%  AUC-PR=81.56%  F1=0.8452  MCC=0.6689  Train=0.289s  Test=0.061s  Peak RAM=37.523 MB
2026-03-21 03:05:37 | INFO | [ncluster=265/265] AUC-ROC=80.49%  AUC-PR=74.73%  F1=0.7813  MCC=0.5214  Train=0.236s  Test=0.058s  Peak RAM=37.523 MB
2026-03-21 03:05:37 | INFO | [ncluster=268/268] AUC-ROC=85.76%  AUC-PR=80.49%  F1=0.8239  MCC=0.6198  Train=0.235s  Test=0.061s  Peak RAM=37.524 MB
2026-03-21 03:05:37 | INFO | [ncluster=271/271] AUC-ROC=91.71%  AUC-PR=89.38%  F1=0.8596  MCC=0.7043  Train=0.252s  Test=0.061s  Peak RAM=37.525 MB
2026-03-21 03:05:37 | INFO | [ncluster=274/274] AUC-ROC=78.55%  AUC-PR=71.43%  F1=0.7929  MCC=0.5419  Train=0.127s  Test=0.035s  Peak RAM=37.524 MB
2026-03-21 03:05:37 | INFO | [ncluster=277/277] AUC-ROC=50.00%  AUC-PR=50.51%  F1=0.0000  MCC=0.0000  Train=0.145s  Test=0.038s  Peak RAM=37.527 MB
2026-03-21 03:05:37 | INFO | [ncluster=280/280] AUC-ROC=50.00%  AUC-PR=50.51%  F1=0.0000  MCC=0.0000  Train=0.138s  Test=0.037s  Peak RAM=37.526 MB
2026-03-21 03:05:37 | INFO | [ncluster=283/283] AUC-ROC=78.78%  AUC-PR=72.17%  F1=0.7799  MCC=0.5095  Train=0.114s  Test=0.036s  Peak RAM=37.527 MB
2026-03-21 03:05:37 | INFO | [ncluster=286/286] AUC-ROC=88.85%  AUC-PR=85.06%  F1=0.8457  MCC=0.6702  Train=0.110s  Test=0.038s  Peak RAM=37.527 MB
2026-03-21 03:05:37 | INFO | [ncluster=289/289] AUC-ROC=85.76%  AUC-PR=79.76%  F1=0.8224  MCC=0.6204  Train=0.100s  Test=0.034s  Peak RAM=37.529 MB
2026-03-21 03:05:37 | INFO | [ncluster=292/292] AUC-ROC=50.00%  AUC-PR=50.51%  F1=0.0000  MCC=0.0000  Train=0.109s  Test=0.033s  Peak RAM=37.528 MB
2026-03-21 03:05:37 | INFO | [ncluster=295/295] AUC-ROC=87.25%  AUC-PR=81.19%  F1=0.8534  MCC=0.6878  Train=0.097s  Test=0.033s  Peak RAM=37.529 MB
2026-03-21 03:05:37 | INFO | [ncluster=298/298] AUC-ROC=89.20%  AUC-PR=84.38%  F1=0.8518  MCC=0.6860  Train=0.098s  Test=0.032s  Peak RAM=37.529 MB
2026-03-21 03:05:37 | INFO | --- noise=3% ---
2026-03-21 03:05:37 | INFO | ============================================================
2026-03-21 03:05:37 | INFO | Dataset  : Train_MinMaxScaler_data_CICIoT2023.csv
2026-03-21 03:05:37 | INFO | Scaler   : MinMaxScaler
2026-03-21 03:05:37 | INFO | Noise    : 3%
2026-03-21 03:05:37 | INFO | nClusters: 100 values (1..298)
2026-03-21 03:05:37 | INFO | ============================================================
2026-03-21 03:05:37 | INFO | Loaded Raw Shape -> Train: (30000, 45), Test: (30000, 45)
2026-03-21 03:05:37 | INFO | Training size : 30,900  |  Testing size: 29,100  |  Features: 44
2026-03-21 03:05:37 | INFO | Firing up Parallel execution for 100 cluster configs...
2026-03-21 03:07:58 | INFO | [ncluster=1/1] AUC-ROC=50.00%  AUC-PR=51.55%  F1=0.0000  MCC=0.0000  Train=0.265s  Test=0.015s  Peak RAM=38.216 MB
2026-03-21 03:07:58 | INFO | [ncluster=4/4] AUC-ROC=50.00%  AUC-PR=51.55%  F1=0.0000  MCC=0.0000  Train=0.270s  Test=0.015s  Peak RAM=38.218 MB
2026-03-21 03:07:58 | INFO | [ncluster=7/7] AUC-ROC=50.00%  AUC-PR=51.55%  F1=0.0000  MCC=0.0000  Train=0.292s  Test=0.017s  Peak RAM=38.218 MB
2026-03-21 03:07:58 | INFO | [ncluster=10/10] AUC-ROC=50.00%  AUC-PR=51.55%  F1=0.0000  MCC=0.0000  Train=0.266s  Test=0.022s  Peak RAM=38.22 MB
2026-03-21 03:07:58 | INFO | [ncluster=13/13] AUC-ROC=50.00%  AUC-PR=51.55%  F1=0.0000  MCC=0.0000  Train=0.278s  Test=0.020s  Peak RAM=38.219 MB
2026-03-21 03:07:58 | INFO | [ncluster=16/16] AUC-ROC=50.00%  AUC-PR=51.55%  F1=0.0000  MCC=0.0000  Train=0.292s  Test=0.015s  Peak RAM=38.219 MB
2026-03-21 03:07:58 | INFO | [ncluster=19/19] AUC-ROC=50.00%  AUC-PR=51.55%  F1=0.0000  MCC=0.0000  Train=0.244s  Test=0.018s  Peak RAM=38.22 MB
2026-03-21 03:07:58 | INFO | [ncluster=22/22] AUC-ROC=50.00%  AUC-PR=51.55%  F1=0.0000  MCC=0.0000  Train=0.249s  Test=0.019s  Peak RAM=38.221 MB
2026-03-21 03:07:58 | INFO | [ncluster=25/25] AUC-ROC=50.00%  AUC-PR=51.55%  F1=0.0000  MCC=0.0000  Train=0.250s  Test=0.018s  Peak RAM=38.222 MB
2026-03-21 03:07:58 | INFO | [ncluster=28/28] AUC-ROC=50.00%  AUC-PR=51.55%  F1=0.0000  MCC=0.0000  Train=0.232s  Test=0.020s  Peak RAM=38.222 MB
2026-03-21 03:07:58 | INFO | [ncluster=31/31] AUC-ROC=50.00%  AUC-PR=51.55%  F1=0.0000  MCC=0.0000  Train=0.236s  Test=0.021s  Peak RAM=38.223 MB
2026-03-21 03:07:58 | INFO | [ncluster=34/34] AUC-ROC=50.00%  AUC-PR=51.55%  F1=0.0000  MCC=0.0000  Train=0.267s  Test=0.019s  Peak RAM=38.223 MB
2026-03-21 03:07:58 | INFO | [ncluster=37/37] AUC-ROC=50.00%  AUC-PR=51.55%  F1=0.0000  MCC=0.0000  Train=0.220s  Test=0.021s  Peak RAM=38.223 MB
2026-03-21 03:07:58 | INFO | [ncluster=40/40] AUC-ROC=50.00%  AUC-PR=51.55%  F1=0.0000  MCC=0.0000  Train=0.202s  Test=0.020s  Peak RAM=38.225 MB
2026-03-21 03:07:58 | INFO | [ncluster=43/43] AUC-ROC=50.00%  AUC-PR=51.55%  F1=0.0000  MCC=0.0000  Train=0.229s  Test=0.021s  Peak RAM=38.224 MB
2026-03-21 03:07:58 | INFO | [ncluster=46/46] AUC-ROC=50.00%  AUC-PR=51.55%  F1=0.0000  MCC=0.0000  Train=0.256s  Test=0.022s  Peak RAM=38.225 MB
2026-03-21 03:07:58 | INFO | [ncluster=49/49] AUC-ROC=50.00%  AUC-PR=51.55%  F1=0.0000  MCC=0.0000  Train=0.231s  Test=0.022s  Peak RAM=38.227 MB
2026-03-21 03:07:58 | INFO | [ncluster=52/52] AUC-ROC=50.00%  AUC-PR=51.55%  F1=0.0000  MCC=0.0000  Train=0.251s  Test=0.025s  Peak RAM=38.227 MB
2026-03-21 03:07:58 | INFO | [ncluster=55/55] AUC-ROC=50.00%  AUC-PR=51.55%  F1=0.0000  MCC=0.0000  Train=0.200s  Test=0.023s  Peak RAM=38.228 MB
2026-03-21 03:07:58 | INFO | [ncluster=58/58] AUC-ROC=50.00%  AUC-PR=51.55%  F1=0.0000  MCC=0.0000  Train=0.160s  Test=0.026s  Peak RAM=38.227 MB
2026-03-21 03:07:58 | INFO | [ncluster=61/61] AUC-ROC=50.00%  AUC-PR=51.55%  F1=0.0000  MCC=0.0000  Train=0.262s  Test=0.026s  Peak RAM=38.228 MB
2026-03-21 03:07:58 | INFO | [ncluster=64/64] AUC-ROC=50.00%  AUC-PR=51.55%  F1=0.0000  MCC=0.0000  Train=0.229s  Test=0.022s  Peak RAM=38.228 MB
2026-03-21 03:07:58 | INFO | [ncluster=67/67] AUC-ROC=50.00%  AUC-PR=51.55%  F1=0.0000  MCC=0.0000  Train=0.219s  Test=0.024s  Peak RAM=38.229 MB
2026-03-21 03:07:58 | INFO | [ncluster=70/70] AUC-ROC=50.00%  AUC-PR=51.55%  F1=0.0000  MCC=0.0000  Train=0.209s  Test=0.024s  Peak RAM=38.23 MB
2026-03-21 03:07:58 | INFO | [ncluster=73/73] AUC-ROC=50.00%  AUC-PR=51.55%  F1=0.0000  MCC=0.0000  Train=0.206s  Test=0.025s  Peak RAM=38.23 MB
2026-03-21 03:07:58 | INFO | [ncluster=76/76] AUC-ROC=50.00%  AUC-PR=51.55%  F1=0.0000  MCC=0.0000  Train=0.183s  Test=0.026s  Peak RAM=38.23 MB
2026-03-21 03:07:58 | INFO | [ncluster=79/79] AUC-ROC=50.00%  AUC-PR=51.55%  F1=0.0000  MCC=0.0000  Train=0.254s  Test=0.026s  Peak RAM=38.232 MB
2026-03-21 03:07:58 | INFO | [ncluster=82/82] AUC-ROC=50.00%  AUC-PR=51.55%  F1=0.0000  MCC=0.0000  Train=0.198s  Test=0.025s  Peak RAM=38.232 MB
2026-03-21 03:07:58 | INFO | [ncluster=85/85] AUC-ROC=70.36%  AUC-PR=65.68%  F1=0.7524  MCC=0.4127  Train=0.218s  Test=0.026s  Peak RAM=38.232 MB
2026-03-21 03:07:58 | INFO | [ncluster=88/88] AUC-ROC=50.00%  AUC-PR=51.55%  F1=0.0000  MCC=0.0000  Train=0.208s  Test=0.027s  Peak RAM=38.232 MB
2026-03-21 03:07:58 | INFO | [ncluster=91/91] AUC-ROC=50.00%  AUC-PR=51.55%  F1=0.0000  MCC=0.0000  Train=0.161s  Test=0.026s  Peak RAM=38.233 MB
2026-03-21 03:07:58 | INFO | [ncluster=94/94] AUC-ROC=50.00%  AUC-PR=51.55%  F1=0.0000  MCC=0.0000  Train=0.219s  Test=0.030s  Peak RAM=38.235 MB
2026-03-21 03:07:58 | INFO | [ncluster=97/97] AUC-ROC=69.61%  AUC-PR=65.30%  F1=0.7374  MCC=0.3637  Train=0.251s  Test=0.040s  Peak RAM=38.235 MB
2026-03-21 03:07:58 | INFO | [ncluster=100/100] AUC-ROC=72.36%  AUC-PR=68.65%  F1=0.6897  MCC=0.3336  Train=0.254s  Test=0.030s  Peak RAM=38.235 MB
2026-03-21 03:07:58 | INFO | [ncluster=103/103] AUC-ROC=50.00%  AUC-PR=51.55%  F1=0.0000  MCC=0.0000  Train=0.271s  Test=0.031s  Peak RAM=38.235 MB
2026-03-21 03:07:58 | INFO | [ncluster=106/106] AUC-ROC=50.00%  AUC-PR=51.55%  F1=0.0000  MCC=0.0000  Train=0.207s  Test=0.028s  Peak RAM=38.236 MB
2026-03-21 03:07:58 | INFO | [ncluster=109/109] AUC-ROC=72.52%  AUC-PR=67.46%  F1=0.7148  MCC=0.3723  Train=0.257s  Test=0.034s  Peak RAM=38.237 MB
2026-03-21 03:07:58 | INFO | [ncluster=112/112] AUC-ROC=50.00%  AUC-PR=51.55%  F1=0.0000  MCC=0.0000  Train=0.237s  Test=0.030s  Peak RAM=38.238 MB
2026-03-21 03:07:58 | INFO | [ncluster=115/115] AUC-ROC=50.00%  AUC-PR=51.55%  F1=0.0000  MCC=0.0000  Train=0.201s  Test=0.030s  Peak RAM=38.237 MB
2026-03-21 03:07:58 | INFO | [ncluster=118/118] AUC-ROC=77.24%  AUC-PR=72.28%  F1=0.7431  MCC=0.4431  Train=0.187s  Test=0.031s  Peak RAM=38.239 MB
2026-03-21 03:07:58 | INFO | [ncluster=121/121] AUC-ROC=75.78%  AUC-PR=70.38%  F1=0.7580  MCC=0.4447  Train=0.218s  Test=0.034s  Peak RAM=38.239 MB
2026-03-21 03:07:58 | INFO | [ncluster=124/124] AUC-ROC=76.77%  AUC-PR=71.27%  F1=0.7682  MCC=0.4721  Train=0.136s  Test=0.033s  Peak RAM=38.239 MB
2026-03-21 03:07:58 | INFO | [ncluster=127/127] AUC-ROC=50.00%  AUC-PR=51.55%  F1=0.0000  MCC=0.0000  Train=0.222s  Test=0.035s  Peak RAM=38.239 MB
2026-03-21 03:07:58 | INFO | [ncluster=130/130] AUC-ROC=85.45%  AUC-PR=80.31%  F1=0.8334  MCC=0.6321  Train=0.236s  Test=0.039s  Peak RAM=38.241 MB
2026-03-21 03:07:58 | INFO | [ncluster=133/133] AUC-ROC=50.00%  AUC-PR=51.55%  F1=0.0000  MCC=0.0000  Train=0.214s  Test=0.039s  Peak RAM=38.241 MB
2026-03-21 03:07:58 | INFO | [ncluster=136/136] AUC-ROC=80.20%  AUC-PR=75.82%  F1=0.7759  MCC=0.5051  Train=0.223s  Test=0.034s  Peak RAM=38.242 MB
2026-03-21 03:07:58 | INFO | [ncluster=139/139] AUC-ROC=50.00%  AUC-PR=51.55%  F1=0.0000  MCC=0.0000  Train=0.241s  Test=0.037s  Peak RAM=38.243 MB
2026-03-21 03:07:58 | INFO | [ncluster=142/142] AUC-ROC=50.00%  AUC-PR=51.55%  F1=0.0000  MCC=0.0000  Train=0.249s  Test=0.035s  Peak RAM=38.242 MB
2026-03-21 03:07:58 | INFO | [ncluster=145/145] AUC-ROC=50.00%  AUC-PR=51.55%  F1=0.0000  MCC=0.0000  Train=0.257s  Test=0.034s  Peak RAM=38.244 MB
2026-03-21 03:07:58 | INFO | [ncluster=148/148] AUC-ROC=78.97%  AUC-PR=72.61%  F1=0.8017  MCC=0.5525  Train=0.273s  Test=0.041s  Peak RAM=38.244 MB
2026-03-21 03:07:58 | INFO | [ncluster=151/151] AUC-ROC=77.20%  AUC-PR=71.73%  F1=0.7601  MCC=0.4628  Train=0.177s  Test=0.037s  Peak RAM=38.244 MB
2026-03-21 03:07:58 | INFO | [ncluster=154/154] AUC-ROC=72.35%  AUC-PR=67.06%  F1=0.7374  MCC=0.3859  Train=0.200s  Test=0.036s  Peak RAM=38.245 MB
2026-03-21 03:07:58 | INFO | [ncluster=157/157] AUC-ROC=70.84%  AUC-PR=65.40%  F1=0.7239  MCC=0.3608  Train=0.261s  Test=0.040s  Peak RAM=38.246 MB
2026-03-21 03:07:58 | INFO | [ncluster=160/160] AUC-ROC=67.55%  AUC-PR=61.39%  F1=0.7341  MCC=0.3627  Train=0.288s  Test=0.042s  Peak RAM=38.247 MB
2026-03-21 03:07:58 | INFO | [ncluster=163/163] AUC-ROC=77.48%  AUC-PR=71.07%  F1=0.7748  MCC=0.4974  Train=0.387s  Test=0.063s  Peak RAM=38.248 MB
2026-03-21 03:07:58 | INFO | [ncluster=166/166] AUC-ROC=50.00%  AUC-PR=51.55%  F1=0.0000  MCC=0.0000  Train=0.241s  Test=0.041s  Peak RAM=38.247 MB
2026-03-21 03:07:58 | INFO | [ncluster=169/169] AUC-ROC=72.07%  AUC-PR=65.54%  F1=0.7516  MCC=0.4281  Train=0.251s  Test=0.040s  Peak RAM=38.248 MB
2026-03-21 03:07:58 | INFO | [ncluster=172/172] AUC-ROC=76.66%  AUC-PR=71.44%  F1=0.7517  MCC=0.4440  Train=0.245s  Test=0.042s  Peak RAM=38.248 MB
2026-03-21 03:07:58 | INFO | [ncluster=175/175] AUC-ROC=50.00%  AUC-PR=51.55%  F1=0.0000  MCC=0.0000  Train=0.290s  Test=0.048s  Peak RAM=38.248 MB
2026-03-21 03:07:58 | INFO | [ncluster=178/178] AUC-ROC=76.81%  AUC-PR=70.88%  F1=0.7748  MCC=0.4868  Train=0.173s  Test=0.037s  Peak RAM=38.249 MB
2026-03-21 03:07:58 | INFO | [ncluster=181/181] AUC-ROC=77.49%  AUC-PR=72.04%  F1=0.7431  MCC=0.4571  Train=0.241s  Test=0.056s  Peak RAM=38.249 MB
2026-03-21 03:07:58 | INFO | [ncluster=184/184] AUC-ROC=50.00%  AUC-PR=51.55%  F1=0.0000  MCC=0.0000  Train=0.297s  Test=0.047s  Peak RAM=38.251 MB
2026-03-21 03:07:58 | INFO | [ncluster=187/187] AUC-ROC=74.87%  AUC-PR=66.22%  F1=0.7830  MCC=0.5038  Train=0.245s  Test=0.046s  Peak RAM=38.251 MB
2026-03-21 03:07:58 | INFO | [ncluster=190/190] AUC-ROC=75.21%  AUC-PR=70.79%  F1=0.7719  MCC=0.4705  Train=0.237s  Test=0.045s  Peak RAM=38.251 MB
2026-03-21 03:07:58 | INFO | [ncluster=193/193] AUC-ROC=70.43%  AUC-PR=65.96%  F1=0.6889  MCC=0.3090  Train=0.280s  Test=0.047s  Peak RAM=38.252 MB
2026-03-21 03:07:58 | INFO | [ncluster=196/196] AUC-ROC=73.58%  AUC-PR=68.03%  F1=0.7560  MCC=0.4380  Train=0.294s  Test=0.048s  Peak RAM=38.253 MB
2026-03-21 03:07:58 | INFO | [ncluster=199/199] AUC-ROC=76.12%  AUC-PR=70.97%  F1=0.7648  MCC=0.4607  Train=0.300s  Test=0.052s  Peak RAM=38.254 MB
2026-03-21 03:07:58 | INFO | [ncluster=202/202] AUC-ROC=76.36%  AUC-PR=70.80%  F1=0.7535  MCC=0.4454  Train=0.251s  Test=0.048s  Peak RAM=38.253 MB
2026-03-21 03:07:58 | INFO | [ncluster=205/205] AUC-ROC=69.86%  AUC-PR=65.25%  F1=0.7351  MCC=0.3716  Train=0.285s  Test=0.052s  Peak RAM=38.254 MB
2026-03-21 03:07:58 | INFO | [ncluster=208/208] AUC-ROC=77.87%  AUC-PR=71.95%  F1=0.7563  MCC=0.4668  Train=0.254s  Test=0.047s  Peak RAM=38.256 MB
2026-03-21 03:07:58 | INFO | [ncluster=211/211] AUC-ROC=70.01%  AUC-PR=64.90%  F1=0.7267  MCC=0.3687  Train=0.260s  Test=0.052s  Peak RAM=38.255 MB
2026-03-21 03:07:58 | INFO | [ncluster=214/214] AUC-ROC=50.00%  AUC-PR=51.55%  F1=0.0000  MCC=0.0000  Train=0.226s  Test=0.045s  Peak RAM=38.255 MB
2026-03-21 03:07:58 | INFO | [ncluster=217/217] AUC-ROC=80.46%  AUC-PR=74.71%  F1=0.8043  MCC=0.5587  Train=0.212s  Test=0.049s  Peak RAM=38.257 MB
2026-03-21 03:07:58 | INFO | [ncluster=220/220] AUC-ROC=71.54%  AUC-PR=66.83%  F1=0.7339  MCC=0.3730  Train=0.265s  Test=0.053s  Peak RAM=38.257 MB
2026-03-21 03:07:58 | INFO | [ncluster=223/223] AUC-ROC=81.39%  AUC-PR=76.81%  F1=0.7841  MCC=0.5129  Train=0.232s  Test=0.054s  Peak RAM=38.257 MB
2026-03-21 03:07:58 | INFO | [ncluster=226/226] AUC-ROC=80.29%  AUC-PR=74.91%  F1=0.7772  MCC=0.4993  Train=0.262s  Test=0.056s  Peak RAM=38.259 MB
2026-03-21 03:07:58 | INFO | [ncluster=229/229] AUC-ROC=70.09%  AUC-PR=64.39%  F1=0.7457  MCC=0.4041  Train=0.218s  Test=0.048s  Peak RAM=38.259 MB
2026-03-21 03:07:58 | INFO | [ncluster=232/232] AUC-ROC=81.80%  AUC-PR=75.64%  F1=0.8137  MCC=0.5839  Train=0.269s  Test=0.058s  Peak RAM=38.259 MB
2026-03-21 03:07:58 | INFO | [ncluster=235/235] AUC-ROC=75.70%  AUC-PR=70.20%  F1=0.7729  MCC=0.4735  Train=0.261s  Test=0.068s  Peak RAM=38.261 MB
2026-03-21 03:07:58 | INFO | [ncluster=238/238] AUC-ROC=80.60%  AUC-PR=74.26%  F1=0.8160  MCC=0.5886  Train=0.250s  Test=0.055s  Peak RAM=38.261 MB
2026-03-21 03:07:58 | INFO | [ncluster=241/241] AUC-ROC=71.75%  AUC-PR=64.28%  F1=0.7659  MCC=0.4548  Train=0.260s  Test=0.056s  Peak RAM=38.26 MB
2026-03-21 03:07:58 | INFO | [ncluster=244/244] AUC-ROC=76.80%  AUC-PR=73.76%  F1=0.7623  MCC=0.4549  Train=0.208s  Test=0.055s  Peak RAM=38.262 MB
2026-03-21 03:07:58 | INFO | [ncluster=247/247] AUC-ROC=73.92%  AUC-PR=67.42%  F1=0.7584  MCC=0.4403  Train=0.212s  Test=0.061s  Peak RAM=38.262 MB
2026-03-21 03:07:58 | INFO | [ncluster=250/250] AUC-ROC=83.51%  AUC-PR=77.60%  F1=0.8178  MCC=0.5939  Train=0.211s  Test=0.050s  Peak RAM=38.261 MB
2026-03-21 03:07:58 | INFO | [ncluster=253/253] AUC-ROC=75.87%  AUC-PR=73.03%  F1=0.7633  MCC=0.4469  Train=0.291s  Test=0.061s  Peak RAM=38.269 MB
2026-03-21 03:07:58 | INFO | [ncluster=256/256] AUC-ROC=80.48%  AUC-PR=74.73%  F1=0.7884  MCC=0.5270  Train=0.274s  Test=0.058s  Peak RAM=38.264 MB
2026-03-21 03:07:58 | INFO | [ncluster=259/259] AUC-ROC=76.90%  AUC-PR=70.19%  F1=0.7490  MCC=0.4645  Train=0.242s  Test=0.058s  Peak RAM=38.264 MB
2026-03-21 03:07:58 | INFO | [ncluster=262/262] AUC-ROC=75.92%  AUC-PR=69.74%  F1=0.7729  MCC=0.4798  Train=0.285s  Test=0.062s  Peak RAM=38.267 MB
2026-03-21 03:07:58 | INFO | [ncluster=265/265] AUC-ROC=74.17%  AUC-PR=67.36%  F1=0.7756  MCC=0.4852  Train=0.262s  Test=0.058s  Peak RAM=38.265 MB
2026-03-21 03:07:58 | INFO | [ncluster=268/268] AUC-ROC=73.91%  AUC-PR=67.97%  F1=0.7828  MCC=0.5011  Train=0.170s  Test=0.042s  Peak RAM=38.267 MB
2026-03-21 03:07:58 | INFO | [ncluster=271/271] AUC-ROC=73.94%  AUC-PR=66.98%  F1=0.7785  MCC=0.4920  Train=0.197s  Test=0.055s  Peak RAM=38.273 MB
2026-03-21 03:07:58 | INFO | [ncluster=274/274] AUC-ROC=78.23%  AUC-PR=72.33%  F1=0.7871  MCC=0.5167  Train=0.242s  Test=0.059s  Peak RAM=38.269 MB
2026-03-21 03:07:58 | INFO | [ncluster=277/277] AUC-ROC=72.11%  AUC-PR=67.84%  F1=0.7604  MCC=0.4412  Train=0.115s  Test=0.035s  Peak RAM=38.271 MB
2026-03-21 03:07:58 | INFO | [ncluster=280/280] AUC-ROC=71.11%  AUC-PR=64.30%  F1=0.7531  MCC=0.4269  Train=0.148s  Test=0.036s  Peak RAM=38.27 MB
2026-03-21 03:07:58 | INFO | [ncluster=283/283] AUC-ROC=73.10%  AUC-PR=66.18%  F1=0.7542  MCC=0.4373  Train=0.129s  Test=0.035s  Peak RAM=38.271 MB
2026-03-21 03:07:58 | INFO | [ncluster=286/286] AUC-ROC=70.36%  AUC-PR=64.59%  F1=0.7550  MCC=0.4225  Train=0.136s  Test=0.035s  Peak RAM=38.27 MB
2026-03-21 03:07:58 | INFO | [ncluster=289/289] AUC-ROC=80.80%  AUC-PR=75.34%  F1=0.7954  MCC=0.5400  Train=0.106s  Test=0.034s  Peak RAM=38.27 MB
2026-03-21 03:07:59 | INFO | [ncluster=292/292] AUC-ROC=77.10%  AUC-PR=72.02%  F1=0.7764  MCC=0.4848  Train=0.101s  Test=0.033s  Peak RAM=38.276 MB
2026-03-21 03:07:59 | INFO | [ncluster=295/295] AUC-ROC=80.26%  AUC-PR=75.45%  F1=0.8015  MCC=0.5517  Train=0.099s  Test=0.033s  Peak RAM=38.27 MB
2026-03-21 03:07:59 | INFO | [ncluster=298/298] AUC-ROC=74.95%  AUC-PR=69.59%  F1=0.7774  MCC=0.4861  Train=0.100s  Test=0.034s  Peak RAM=38.271 MB
2026-03-21 03:07:59 | INFO | --- noise=5% ---
2026-03-21 03:07:59 | INFO | ============================================================
2026-03-21 03:07:59 | INFO | Dataset  : Train_MinMaxScaler_data_CICIoT2023.csv
2026-03-21 03:07:59 | INFO | Scaler   : MinMaxScaler
2026-03-21 03:07:59 | INFO | Noise    : 5%
2026-03-21 03:07:59 | INFO | nClusters: 100 values (1..298)
2026-03-21 03:07:59 | INFO | ============================================================
2026-03-21 03:07:59 | INFO | Loaded Raw Shape -> Train: (30000, 45), Test: (30000, 45)
2026-03-21 03:07:59 | INFO | Training size : 31,500  |  Testing size: 28,500  |  Features: 44
2026-03-21 03:07:59 | INFO | Firing up Parallel execution for 100 cluster configs...
2026-03-21 03:10:29 | INFO | [ncluster=1/1] AUC-ROC=50.00%  AUC-PR=52.63%  F1=0.0000  MCC=0.0000  Train=0.284s  Test=0.012s  Peak RAM=38.957 MB
2026-03-21 03:10:29 | INFO | [ncluster=4/4] AUC-ROC=50.00%  AUC-PR=52.63%  F1=0.0000  MCC=0.0000  Train=0.277s  Test=0.014s  Peak RAM=38.96 MB
2026-03-21 03:10:29 | INFO | [ncluster=7/7] AUC-ROC=50.00%  AUC-PR=52.63%  F1=0.0000  MCC=0.0000  Train=0.288s  Test=0.017s  Peak RAM=38.96 MB
2026-03-21 03:10:29 | INFO | [ncluster=10/10] AUC-ROC=50.00%  AUC-PR=52.63%  F1=0.0000  MCC=0.0000  Train=0.282s  Test=0.025s  Peak RAM=38.962 MB
2026-03-21 03:10:29 | INFO | [ncluster=13/13] AUC-ROC=50.00%  AUC-PR=52.63%  F1=0.0000  MCC=0.0000  Train=0.259s  Test=0.020s  Peak RAM=38.961 MB
2026-03-21 03:10:29 | INFO | [ncluster=16/16] AUC-ROC=50.00%  AUC-PR=52.63%  F1=0.0000  MCC=0.0000  Train=0.244s  Test=0.020s  Peak RAM=38.962 MB
2026-03-21 03:10:29 | INFO | [ncluster=19/19] AUC-ROC=50.00%  AUC-PR=52.63%  F1=0.0000  MCC=0.0000  Train=0.259s  Test=0.016s  Peak RAM=38.961 MB
2026-03-21 03:10:29 | INFO | [ncluster=22/22] AUC-ROC=50.00%  AUC-PR=52.63%  F1=0.0000  MCC=0.0000  Train=0.266s  Test=0.016s  Peak RAM=38.963 MB
2026-03-21 03:10:29 | INFO | [ncluster=25/25] AUC-ROC=50.00%  AUC-PR=52.63%  F1=0.0000  MCC=0.0000  Train=0.260s  Test=0.019s  Peak RAM=38.963 MB
2026-03-21 03:10:29 | INFO | [ncluster=28/28] AUC-ROC=50.00%  AUC-PR=52.63%  F1=0.0000  MCC=0.0000  Train=0.229s  Test=0.022s  Peak RAM=38.964 MB
2026-03-21 03:10:29 | INFO | [ncluster=31/31] AUC-ROC=50.00%  AUC-PR=52.63%  F1=0.0000  MCC=0.0000  Train=0.221s  Test=0.024s  Peak RAM=38.965 MB
2026-03-21 03:10:29 | INFO | [ncluster=34/34] AUC-ROC=50.00%  AUC-PR=52.63%  F1=0.0000  MCC=0.0000  Train=0.246s  Test=0.020s  Peak RAM=38.965 MB
2026-03-21 03:10:29 | INFO | [ncluster=37/37] AUC-ROC=50.00%  AUC-PR=52.63%  F1=0.0000  MCC=0.0000  Train=0.229s  Test=0.020s  Peak RAM=38.965 MB
2026-03-21 03:10:29 | INFO | [ncluster=40/40] AUC-ROC=50.00%  AUC-PR=52.63%  F1=0.0000  MCC=0.0000  Train=0.225s  Test=0.020s  Peak RAM=38.965 MB
2026-03-21 03:10:29 | INFO | [ncluster=43/43] AUC-ROC=50.00%  AUC-PR=52.63%  F1=0.0000  MCC=0.0000  Train=0.235s  Test=0.021s  Peak RAM=38.967 MB
2026-03-21 03:10:29 | INFO | [ncluster=46/46] AUC-ROC=50.00%  AUC-PR=52.63%  F1=0.0000  MCC=0.0000  Train=0.251s  Test=0.022s  Peak RAM=38.967 MB
2026-03-21 03:10:29 | INFO | [ncluster=49/49] AUC-ROC=50.00%  AUC-PR=52.63%  F1=0.0000  MCC=0.0000  Train=0.294s  Test=0.022s  Peak RAM=38.968 MB
2026-03-21 03:10:29 | INFO | [ncluster=52/52] AUC-ROC=50.00%  AUC-PR=52.63%  F1=0.0000  MCC=0.0000  Train=0.261s  Test=0.028s  Peak RAM=38.967 MB
2026-03-21 03:10:29 | INFO | [ncluster=55/55] AUC-ROC=50.00%  AUC-PR=52.63%  F1=0.0000  MCC=0.0000  Train=0.245s  Test=0.023s  Peak RAM=38.968 MB
2026-03-21 03:10:29 | INFO | [ncluster=58/58] AUC-ROC=50.00%  AUC-PR=52.63%  F1=0.0000  MCC=0.0000  Train=0.205s  Test=0.023s  Peak RAM=38.969 MB
2026-03-21 03:10:29 | INFO | [ncluster=61/61] AUC-ROC=50.00%  AUC-PR=52.63%  F1=0.0000  MCC=0.0000  Train=0.245s  Test=0.025s  Peak RAM=38.97 MB
2026-03-21 03:10:29 | INFO | [ncluster=64/64] AUC-ROC=50.00%  AUC-PR=52.63%  F1=0.0000  MCC=0.0000  Train=0.236s  Test=0.026s  Peak RAM=38.971 MB
2026-03-21 03:10:29 | INFO | [ncluster=67/67] AUC-ROC=50.00%  AUC-PR=52.63%  F1=0.0000  MCC=0.0000  Train=0.268s  Test=0.024s  Peak RAM=38.971 MB
2026-03-21 03:10:29 | INFO | [ncluster=70/70] AUC-ROC=50.00%  AUC-PR=52.63%  F1=0.0000  MCC=0.0000  Train=0.255s  Test=0.025s  Peak RAM=38.971 MB
2026-03-21 03:10:29 | INFO | [ncluster=73/73] AUC-ROC=50.00%  AUC-PR=52.63%  F1=0.0000  MCC=0.0000  Train=0.285s  Test=0.024s  Peak RAM=38.972 MB
2026-03-21 03:10:29 | INFO | [ncluster=76/76] AUC-ROC=67.60%  AUC-PR=62.65%  F1=0.7403  MCC=0.3641  Train=0.215s  Test=0.037s  Peak RAM=38.973 MB
2026-03-21 03:10:29 | INFO | [ncluster=79/79] AUC-ROC=65.99%  AUC-PR=63.60%  F1=0.7522  MCC=0.3936  Train=0.217s  Test=0.029s  Peak RAM=38.973 MB
2026-03-21 03:10:29 | INFO | [ncluster=82/82] AUC-ROC=50.00%  AUC-PR=52.63%  F1=0.0000  MCC=0.0000  Train=0.247s  Test=0.026s  Peak RAM=38.974 MB
2026-03-21 03:10:29 | INFO | [ncluster=85/85] AUC-ROC=63.75%  AUC-PR=59.25%  F1=0.7651  MCC=0.4353  Train=0.194s  Test=0.026s  Peak RAM=38.974 MB
2026-03-21 03:10:29 | INFO | [ncluster=88/88] AUC-ROC=66.80%  AUC-PR=64.11%  F1=0.7549  MCC=0.3992  Train=0.216s  Test=0.029s  Peak RAM=38.974 MB
2026-03-21 03:10:29 | INFO | [ncluster=91/91] AUC-ROC=50.00%  AUC-PR=52.63%  F1=0.0000  MCC=0.0000  Train=0.226s  Test=0.028s  Peak RAM=38.976 MB
2026-03-21 03:10:29 | INFO | [ncluster=94/94] AUC-ROC=66.74%  AUC-PR=61.57%  F1=0.7439  MCC=0.3777  Train=0.276s  Test=0.031s  Peak RAM=38.976 MB
2026-03-21 03:10:29 | INFO | [ncluster=97/97] AUC-ROC=59.32%  AUC-PR=55.16%  F1=0.7436  MCC=0.3602  Train=0.223s  Test=0.031s  Peak RAM=38.976 MB
2026-03-21 03:10:29 | INFO | [ncluster=100/100] AUC-ROC=50.00%  AUC-PR=52.63%  F1=0.0000  MCC=0.0000  Train=0.222s  Test=0.029s  Peak RAM=38.977 MB
2026-03-21 03:10:29 | INFO | [ncluster=103/103] AUC-ROC=67.99%  AUC-PR=63.43%  F1=0.7491  MCC=0.3822  Train=0.192s  Test=0.031s  Peak RAM=38.977 MB
2026-03-21 03:10:29 | INFO | [ncluster=106/106] AUC-ROC=70.97%  AUC-PR=64.65%  F1=0.7655  MCC=0.4343  Train=0.219s  Test=0.030s  Peak RAM=38.978 MB
2026-03-21 03:10:29 | INFO | [ncluster=109/109] AUC-ROC=69.02%  AUC-PR=64.50%  F1=0.7570  MCC=0.4072  Train=0.271s  Test=0.032s  Peak RAM=38.978 MB
2026-03-21 03:10:29 | INFO | [ncluster=112/112] AUC-ROC=60.21%  AUC-PR=57.12%  F1=0.7341  MCC=0.3287  Train=0.223s  Test=0.035s  Peak RAM=38.979 MB
2026-03-21 03:10:29 | INFO | [ncluster=115/115] AUC-ROC=72.13%  AUC-PR=66.58%  F1=0.7790  MCC=0.4738  Train=0.271s  Test=0.033s  Peak RAM=38.98 MB
2026-03-21 03:10:29 | INFO | [ncluster=118/118] AUC-ROC=74.52%  AUC-PR=71.51%  F1=0.7539  MCC=0.4072  Train=0.234s  Test=0.036s  Peak RAM=38.98 MB
2026-03-21 03:10:29 | INFO | [ncluster=121/121] AUC-ROC=72.63%  AUC-PR=68.23%  F1=0.7473  MCC=0.4001  Train=0.237s  Test=0.033s  Peak RAM=38.98 MB
2026-03-21 03:10:29 | INFO | [ncluster=124/124] AUC-ROC=68.61%  AUC-PR=63.10%  F1=0.7704  MCC=0.4483  Train=0.255s  Test=0.033s  Peak RAM=38.982 MB
2026-03-21 03:10:29 | INFO | [ncluster=127/127] AUC-ROC=61.79%  AUC-PR=58.08%  F1=0.7331  MCC=0.3279  Train=0.264s  Test=0.036s  Peak RAM=38.981 MB
2026-03-21 03:10:29 | INFO | [ncluster=130/130] AUC-ROC=50.00%  AUC-PR=52.63%  F1=0.0000  MCC=0.0000  Train=0.323s  Test=0.037s  Peak RAM=38.982 MB
2026-03-21 03:10:29 | INFO | [ncluster=133/133] AUC-ROC=66.75%  AUC-PR=62.11%  F1=0.7489  MCC=0.3798  Train=0.251s  Test=0.035s  Peak RAM=38.983 MB
2026-03-21 03:10:29 | INFO | [ncluster=136/136] AUC-ROC=75.42%  AUC-PR=69.53%  F1=0.7808  MCC=0.4836  Train=0.221s  Test=0.037s  Peak RAM=38.983 MB
2026-03-21 03:10:29 | INFO | [ncluster=139/139] AUC-ROC=59.18%  AUC-PR=55.03%  F1=0.7484  MCC=0.3775  Train=0.224s  Test=0.038s  Peak RAM=38.983 MB
2026-03-21 03:10:29 | INFO | [ncluster=142/142] AUC-ROC=50.00%  AUC-PR=52.63%  F1=0.0000  MCC=0.0000  Train=0.245s  Test=0.068s  Peak RAM=38.985 MB
2026-03-21 03:10:29 | INFO | [ncluster=145/145] AUC-ROC=71.31%  AUC-PR=66.01%  F1=0.7609  MCC=0.4271  Train=0.256s  Test=0.037s  Peak RAM=38.985 MB
2026-03-21 03:10:29 | INFO | [ncluster=148/148] AUC-ROC=61.08%  AUC-PR=55.98%  F1=0.7538  MCC=0.3952  Train=0.200s  Test=0.034s  Peak RAM=38.985 MB
2026-03-21 03:10:29 | INFO | [ncluster=151/151] AUC-ROC=68.82%  AUC-PR=65.27%  F1=0.7312  MCC=0.3374  Train=0.185s  Test=0.035s  Peak RAM=38.986 MB
2026-03-21 03:10:29 | INFO | [ncluster=154/154] AUC-ROC=65.44%  AUC-PR=61.16%  F1=0.7424  MCC=0.3591  Train=0.282s  Test=0.070s  Peak RAM=38.987 MB
2026-03-21 03:10:29 | INFO | [ncluster=157/157] AUC-ROC=63.82%  AUC-PR=61.08%  F1=0.7379  MCC=0.3411  Train=0.340s  Test=0.065s  Peak RAM=38.986 MB
2026-03-21 03:10:29 | INFO | [ncluster=160/160] AUC-ROC=72.79%  AUC-PR=67.40%  F1=0.7710  MCC=0.4544  Train=0.217s  Test=0.037s  Peak RAM=38.988 MB
2026-03-21 03:10:29 | INFO | [ncluster=163/163] AUC-ROC=64.24%  AUC-PR=59.45%  F1=0.7449  MCC=0.3674  Train=0.180s  Test=0.038s  Peak RAM=38.989 MB
2026-03-21 03:10:29 | INFO | [ncluster=166/166] AUC-ROC=61.13%  AUC-PR=57.63%  F1=0.7406  MCC=0.3499  Train=0.267s  Test=0.041s  Peak RAM=38.989 MB
2026-03-21 03:10:29 | INFO | [ncluster=169/169] AUC-ROC=50.00%  AUC-PR=52.63%  F1=0.0000  MCC=0.0000  Train=0.326s  Test=0.043s  Peak RAM=38.99 MB
2026-03-21 03:10:29 | INFO | [ncluster=172/172] AUC-ROC=74.58%  AUC-PR=69.16%  F1=0.7796  MCC=0.4790  Train=0.219s  Test=0.042s  Peak RAM=38.992 MB
2026-03-21 03:10:29 | INFO | [ncluster=175/175] AUC-ROC=68.69%  AUC-PR=63.93%  F1=0.7285  MCC=0.3468  Train=0.277s  Test=0.043s  Peak RAM=38.99 MB
2026-03-21 03:10:29 | INFO | [ncluster=178/178] AUC-ROC=50.00%  AUC-PR=52.63%  F1=0.0000  MCC=0.0000  Train=0.221s  Test=0.039s  Peak RAM=38.991 MB
2026-03-21 03:10:29 | INFO | [ncluster=181/181] AUC-ROC=59.51%  AUC-PR=57.39%  F1=0.7198  MCC=0.2822  Train=0.184s  Test=0.039s  Peak RAM=38.992 MB
2026-03-21 03:10:29 | INFO | [ncluster=184/184] AUC-ROC=75.87%  AUC-PR=70.36%  F1=0.7973  MCC=0.5258  Train=0.261s  Test=0.045s  Peak RAM=38.994 MB
2026-03-21 03:10:29 | INFO | [ncluster=187/187] AUC-ROC=50.00%  AUC-PR=52.63%  F1=0.0000  MCC=0.0000  Train=0.257s  Test=0.044s  Peak RAM=38.992 MB
2026-03-21 03:10:29 | INFO | [ncluster=190/190] AUC-ROC=50.00%  AUC-PR=52.63%  F1=0.0000  MCC=0.0000  Train=0.231s  Test=0.045s  Peak RAM=38.994 MB
2026-03-21 03:10:29 | INFO | [ncluster=193/193] AUC-ROC=64.03%  AUC-PR=59.82%  F1=0.7148  MCC=0.3106  Train=0.283s  Test=0.047s  Peak RAM=38.993 MB
2026-03-21 03:10:29 | INFO | [ncluster=196/196] AUC-ROC=65.08%  AUC-PR=61.40%  F1=0.7319  MCC=0.3398  Train=0.351s  Test=0.050s  Peak RAM=38.994 MB
2026-03-21 03:10:29 | INFO | [ncluster=199/199] AUC-ROC=65.70%  AUC-PR=61.46%  F1=0.7095  MCC=0.2986  Train=0.237s  Test=0.046s  Peak RAM=38.994 MB
2026-03-21 03:10:29 | INFO | [ncluster=202/202] AUC-ROC=50.00%  AUC-PR=52.63%  F1=0.0000  MCC=0.0000  Train=0.247s  Test=0.047s  Peak RAM=38.996 MB
2026-03-21 03:10:29 | INFO | [ncluster=205/205] AUC-ROC=63.39%  AUC-PR=59.91%  F1=0.7331  MCC=0.3300  Train=0.166s  Test=0.044s  Peak RAM=38.995 MB
2026-03-21 03:10:29 | INFO | [ncluster=208/208] AUC-ROC=50.00%  AUC-PR=52.63%  F1=0.0000  MCC=0.0000  Train=0.275s  Test=0.050s  Peak RAM=38.997 MB
2026-03-21 03:10:29 | INFO | [ncluster=211/211] AUC-ROC=50.00%  AUC-PR=52.63%  F1=0.0000  MCC=0.0000  Train=0.339s  Test=0.051s  Peak RAM=38.997 MB
2026-03-21 03:10:29 | INFO | [ncluster=214/214] AUC-ROC=50.00%  AUC-PR=52.63%  F1=0.0000  MCC=0.0000  Train=0.251s  Test=0.046s  Peak RAM=38.998 MB
2026-03-21 03:10:29 | INFO | [ncluster=217/217] AUC-ROC=50.00%  AUC-PR=52.63%  F1=0.0000  MCC=0.0000  Train=0.246s  Test=0.047s  Peak RAM=38.999 MB
2026-03-21 03:10:29 | INFO | [ncluster=220/220] AUC-ROC=50.00%  AUC-PR=52.63%  F1=0.0000  MCC=0.0000  Train=0.296s  Test=0.051s  Peak RAM=38.998 MB
2026-03-21 03:10:29 | INFO | [ncluster=223/223] AUC-ROC=50.00%  AUC-PR=52.63%  F1=0.0000  MCC=0.0000  Train=0.257s  Test=0.052s  Peak RAM=38.999 MB
2026-03-21 03:10:29 | INFO | [ncluster=226/226] AUC-ROC=50.00%  AUC-PR=52.63%  F1=0.0000  MCC=0.0000  Train=0.238s  Test=0.046s  Peak RAM=38.999 MB
2026-03-21 03:10:29 | INFO | [ncluster=229/229] AUC-ROC=68.79%  AUC-PR=63.45%  F1=0.7665  MCC=0.4385  Train=0.215s  Test=0.046s  Peak RAM=38.999 MB
2026-03-21 03:10:29 | INFO | [ncluster=232/232] AUC-ROC=50.00%  AUC-PR=52.63%  F1=0.0000  MCC=0.0000  Train=0.323s  Test=0.053s  Peak RAM=39.001 MB
2026-03-21 03:10:29 | INFO | [ncluster=235/235] AUC-ROC=50.00%  AUC-PR=52.63%  F1=0.0000  MCC=0.0000  Train=0.262s  Test=0.107s  Peak RAM=39.001 MB
2026-03-21 03:10:29 | INFO | [ncluster=238/238] AUC-ROC=68.79%  AUC-PR=65.20%  F1=0.7286  MCC=0.3411  Train=0.392s  Test=0.059s  Peak RAM=39.001 MB
2026-03-21 03:10:29 | INFO | [ncluster=241/241] AUC-ROC=50.00%  AUC-PR=52.63%  F1=0.0000  MCC=0.0000  Train=0.250s  Test=0.058s  Peak RAM=39.003 MB
2026-03-21 03:10:29 | INFO | [ncluster=244/244] AUC-ROC=50.00%  AUC-PR=52.63%  F1=0.0000  MCC=0.0000  Train=0.206s  Test=0.046s  Peak RAM=39.002 MB
2026-03-21 03:10:29 | INFO | [ncluster=247/247] AUC-ROC=67.24%  AUC-PR=62.52%  F1=0.7325  MCC=0.3422  Train=0.275s  Test=0.062s  Peak RAM=39.003 MB
2026-03-21 03:10:29 | INFO | [ncluster=250/250] AUC-ROC=50.00%  AUC-PR=52.63%  F1=0.0000  MCC=0.0000  Train=0.259s  Test=0.055s  Peak RAM=39.004 MB
2026-03-21 03:10:29 | INFO | [ncluster=253/253] AUC-ROC=74.39%  AUC-PR=69.47%  F1=0.7615  MCC=0.4396  Train=0.310s  Test=0.058s  Peak RAM=39.004 MB
2026-03-21 03:10:29 | INFO | [ncluster=256/256] AUC-ROC=50.00%  AUC-PR=52.63%  F1=0.0000  MCC=0.0000  Train=0.223s  Test=0.053s  Peak RAM=39.005 MB
2026-03-21 03:10:29 | INFO | [ncluster=259/259] AUC-ROC=50.00%  AUC-PR=52.63%  F1=0.0000  MCC=0.0000  Train=0.160s  Test=0.050s  Peak RAM=39.006 MB
2026-03-21 03:10:29 | INFO | [ncluster=262/262] AUC-ROC=50.00%  AUC-PR=52.63%  F1=0.0000  MCC=0.0000  Train=0.256s  Test=0.057s  Peak RAM=39.007 MB
2026-03-21 03:10:29 | INFO | [ncluster=265/265] AUC-ROC=66.98%  AUC-PR=61.46%  F1=0.7585  MCC=0.4134  Train=0.257s  Test=0.062s  Peak RAM=39.006 MB
2026-03-21 03:10:29 | INFO | [ncluster=268/268] AUC-ROC=50.00%  AUC-PR=52.63%  F1=0.0000  MCC=0.0000  Train=0.147s  Test=0.038s  Peak RAM=39.007 MB
2026-03-21 03:10:29 | INFO | [ncluster=271/271] AUC-ROC=50.00%  AUC-PR=52.63%  F1=0.0000  MCC=0.0000  Train=0.186s  Test=0.055s  Peak RAM=39.007 MB
2026-03-21 03:10:29 | INFO | [ncluster=274/274] AUC-ROC=50.00%  AUC-PR=52.63%  F1=0.0000  MCC=0.0000  Train=0.279s  Test=0.063s  Peak RAM=39.009 MB
2026-03-21 03:10:29 | INFO | [ncluster=277/277] AUC-ROC=75.07%  AUC-PR=70.14%  F1=0.7615  MCC=0.4434  Train=0.167s  Test=0.055s  Peak RAM=39.009 MB
2026-03-21 03:10:29 | INFO | [ncluster=280/280] AUC-ROC=50.00%  AUC-PR=52.63%  F1=0.0000  MCC=0.0000  Train=0.196s  Test=0.047s  Peak RAM=39.01 MB
2026-03-21 03:10:29 | INFO | [ncluster=283/283] AUC-ROC=50.00%  AUC-PR=52.63%  F1=0.0000  MCC=0.0000  Train=0.124s  Test=0.035s  Peak RAM=39.01 MB
2026-03-21 03:10:29 | INFO | [ncluster=286/286] AUC-ROC=70.38%  AUC-PR=67.43%  F1=0.7107  MCC=0.3460  Train=0.132s  Test=0.039s  Peak RAM=39.011 MB
2026-03-21 03:10:29 | INFO | [ncluster=289/289] AUC-ROC=61.61%  AUC-PR=59.31%  F1=0.7252  MCC=0.2894  Train=0.118s  Test=0.036s  Peak RAM=39.011 MB
2026-03-21 03:10:29 | INFO | [ncluster=292/292] AUC-ROC=66.43%  AUC-PR=62.44%  F1=0.7295  MCC=0.3350  Train=0.115s  Test=0.035s  Peak RAM=39.011 MB
2026-03-21 03:10:29 | INFO | [ncluster=295/295] AUC-ROC=73.65%  AUC-PR=68.04%  F1=0.7719  MCC=0.4582  Train=0.104s  Test=0.032s  Peak RAM=39.012 MB
2026-03-21 03:10:29 | INFO | [ncluster=298/298] AUC-ROC=50.00%  AUC-PR=52.63%  F1=0.0000  MCC=0.0000  Train=0.108s  Test=0.032s  Peak RAM=39.012 MB
2026-03-21 03:10:29 | INFO | 
>>> Processing data_CICIoT2023 | scaler=Normalizer
2026-03-21 03:10:29 | INFO | --- noise=0% ---
2026-03-21 03:10:29 | INFO | ============================================================
2026-03-21 03:10:29 | INFO | Dataset  : Train_Normalizer_data_CICIoT2023.csv
2026-03-21 03:10:29 | INFO | Scaler   : Normalizer
2026-03-21 03:10:29 | INFO | Noise    : 0%
2026-03-21 03:10:29 | INFO | nClusters: 100 values (1..298)
2026-03-21 03:10:29 | INFO | ============================================================
2026-03-21 03:10:29 | INFO | Loaded Raw Shape -> Train: (30000, 45), Test: (30000, 45)
2026-03-21 03:10:29 | INFO | Training size : 30,000  |  Testing size: 30,000  |  Features: 44
2026-03-21 03:10:29 | INFO | Firing up Parallel execution for 100 cluster configs...
2026-03-21 03:12:58 | INFO | [ncluster=1/1] AUC-ROC=50.00%  AUC-PR=50.00%  F1=0.0000  MCC=0.0000  Train=0.217s  Test=0.023s  Peak RAM=37.103 MB
2026-03-21 03:12:58 | INFO | [ncluster=4/4] AUC-ROC=50.00%  AUC-PR=50.00%  F1=0.0000  MCC=0.0000  Train=0.188s  Test=0.021s  Peak RAM=37.106 MB
2026-03-21 03:12:58 | INFO | [ncluster=7/7] AUC-ROC=50.00%  AUC-PR=50.00%  F1=0.0000  MCC=0.0000  Train=0.193s  Test=0.023s  Peak RAM=37.106 MB
2026-03-21 03:12:58 | INFO | [ncluster=10/10] AUC-ROC=50.00%  AUC-PR=50.00%  F1=0.0000  MCC=0.0000  Train=0.260s  Test=0.024s  Peak RAM=37.106 MB
2026-03-21 03:12:58 | INFO | [ncluster=13/13] AUC-ROC=50.00%  AUC-PR=50.00%  F1=0.0000  MCC=0.0000  Train=0.277s  Test=0.054s  Peak RAM=37.107 MB
2026-03-21 03:12:58 | INFO | [ncluster=16/16] AUC-ROC=50.00%  AUC-PR=50.00%  F1=0.0000  MCC=0.0000  Train=0.219s  Test=0.024s  Peak RAM=37.108 MB
2026-03-21 03:12:58 | INFO | [ncluster=19/19] AUC-ROC=50.00%  AUC-PR=50.00%  F1=0.0000  MCC=0.0000  Train=0.209s  Test=0.033s  Peak RAM=37.109 MB
2026-03-21 03:12:58 | INFO | [ncluster=22/22] AUC-ROC=50.00%  AUC-PR=50.00%  F1=0.0000  MCC=0.0000  Train=0.212s  Test=0.047s  Peak RAM=37.109 MB
2026-03-21 03:12:58 | INFO | [ncluster=25/25] AUC-ROC=50.00%  AUC-PR=50.00%  F1=0.0000  MCC=0.0000  Train=0.211s  Test=0.024s  Peak RAM=37.109 MB
2026-03-21 03:12:58 | INFO | [ncluster=28/28] AUC-ROC=50.00%  AUC-PR=50.00%  F1=0.0000  MCC=0.0000  Train=0.199s  Test=0.026s  Peak RAM=37.11 MB
2026-03-21 03:12:58 | INFO | [ncluster=31/31] AUC-ROC=50.00%  AUC-PR=50.00%  F1=0.0000  MCC=0.0000  Train=0.184s  Test=0.027s  Peak RAM=37.111 MB
2026-03-21 03:12:58 | INFO | [ncluster=34/34] AUC-ROC=50.00%  AUC-PR=50.00%  F1=0.0000  MCC=0.0000  Train=0.218s  Test=0.025s  Peak RAM=37.111 MB
2026-03-21 03:12:58 | INFO | [ncluster=37/37] AUC-ROC=50.00%  AUC-PR=50.00%  F1=0.0000  MCC=0.0000  Train=0.185s  Test=0.026s  Peak RAM=37.114 MB
2026-03-21 03:12:58 | INFO | [ncluster=40/40] AUC-ROC=50.00%  AUC-PR=50.00%  F1=0.0000  MCC=0.0000  Train=0.199s  Test=0.028s  Peak RAM=37.112 MB
2026-03-21 03:12:58 | INFO | [ncluster=43/43] AUC-ROC=50.00%  AUC-PR=50.00%  F1=0.0000  MCC=0.0000  Train=0.164s  Test=0.028s  Peak RAM=37.113 MB
2026-03-21 03:12:58 | INFO | [ncluster=46/46] AUC-ROC=50.00%  AUC-PR=50.00%  F1=0.0000  MCC=0.0000  Train=0.189s  Test=0.045s  Peak RAM=37.113 MB
2026-03-21 03:12:58 | INFO | [ncluster=49/49] AUC-ROC=50.00%  AUC-PR=50.00%  F1=0.0000  MCC=0.0000  Train=0.181s  Test=0.029s  Peak RAM=37.113 MB
2026-03-21 03:12:58 | INFO | [ncluster=52/52] AUC-ROC=50.00%  AUC-PR=50.00%  F1=0.0000  MCC=0.0000  Train=0.323s  Test=0.028s  Peak RAM=37.114 MB
2026-03-21 03:12:58 | INFO | [ncluster=55/55] AUC-ROC=50.00%  AUC-PR=50.00%  F1=0.0000  MCC=0.0000  Train=0.257s  Test=0.057s  Peak RAM=37.115 MB
2026-03-21 03:12:58 | INFO | [ncluster=58/58] AUC-ROC=50.00%  AUC-PR=50.00%  F1=0.0000  MCC=0.0000  Train=0.190s  Test=0.029s  Peak RAM=37.115 MB
2026-03-21 03:12:58 | INFO | [ncluster=61/61] AUC-ROC=50.00%  AUC-PR=50.00%  F1=0.0000  MCC=0.0000  Train=0.234s  Test=0.031s  Peak RAM=37.116 MB
2026-03-21 03:12:58 | INFO | [ncluster=64/64] AUC-ROC=50.00%  AUC-PR=50.00%  F1=0.0000  MCC=0.0000  Train=0.192s  Test=0.031s  Peak RAM=37.116 MB
2026-03-21 03:12:58 | INFO | [ncluster=67/67] AUC-ROC=50.00%  AUC-PR=50.00%  F1=0.0000  MCC=0.0000  Train=0.192s  Test=0.029s  Peak RAM=37.117 MB
2026-03-21 03:12:58 | INFO | [ncluster=70/70] AUC-ROC=50.00%  AUC-PR=50.00%  F1=0.0000  MCC=0.0000  Train=0.144s  Test=0.031s  Peak RAM=37.117 MB
2026-03-21 03:12:58 | INFO | [ncluster=73/73] AUC-ROC=50.00%  AUC-PR=50.00%  F1=0.0000  MCC=0.0000  Train=0.340s  Test=0.035s  Peak RAM=37.117 MB
2026-03-21 03:12:58 | INFO | [ncluster=76/76] AUC-ROC=50.00%  AUC-PR=50.00%  F1=0.0000  MCC=0.0000  Train=0.180s  Test=0.031s  Peak RAM=37.12 MB
2026-03-21 03:12:58 | INFO | [ncluster=79/79] AUC-ROC=50.00%  AUC-PR=50.00%  F1=0.0000  MCC=0.0000  Train=0.221s  Test=0.036s  Peak RAM=37.121 MB
2026-03-21 03:12:58 | INFO | [ncluster=82/82] AUC-ROC=50.00%  AUC-PR=50.00%  F1=0.0000  MCC=0.0000  Train=0.242s  Test=0.039s  Peak RAM=37.12 MB
2026-03-21 03:12:58 | INFO | [ncluster=85/85] AUC-ROC=50.00%  AUC-PR=50.00%  F1=0.0000  MCC=0.0000  Train=0.320s  Test=0.057s  Peak RAM=37.12 MB
2026-03-21 03:12:58 | INFO | [ncluster=88/88] AUC-ROC=50.00%  AUC-PR=50.00%  F1=0.0000  MCC=0.0000  Train=0.189s  Test=0.033s  Peak RAM=37.121 MB
2026-03-21 03:12:58 | INFO | [ncluster=91/91] AUC-ROC=50.00%  AUC-PR=50.00%  F1=0.0000  MCC=0.0000  Train=0.230s  Test=0.036s  Peak RAM=37.12 MB
2026-03-21 03:12:58 | INFO | [ncluster=94/94] AUC-ROC=50.00%  AUC-PR=50.00%  F1=0.0000  MCC=0.0000  Train=0.260s  Test=0.036s  Peak RAM=37.121 MB
2026-03-21 03:12:58 | INFO | [ncluster=97/97] AUC-ROC=50.00%  AUC-PR=50.00%  F1=0.0000  MCC=0.0000  Train=0.187s  Test=0.035s  Peak RAM=37.122 MB
2026-03-21 03:12:58 | INFO | [ncluster=100/100] AUC-ROC=50.00%  AUC-PR=50.00%  F1=0.0000  MCC=0.0000  Train=0.171s  Test=0.033s  Peak RAM=37.125 MB
2026-03-21 03:12:58 | INFO | [ncluster=103/103] AUC-ROC=50.00%  AUC-PR=50.00%  F1=0.0000  MCC=0.0000  Train=0.247s  Test=0.036s  Peak RAM=37.124 MB
2026-03-21 03:12:58 | INFO | [ncluster=106/106] AUC-ROC=50.00%  AUC-PR=50.00%  F1=0.0000  MCC=0.0000  Train=0.218s  Test=0.036s  Peak RAM=37.124 MB
2026-03-21 03:12:58 | INFO | [ncluster=109/109] AUC-ROC=50.00%  AUC-PR=50.00%  F1=0.0000  MCC=0.0000  Train=0.168s  Test=0.035s  Peak RAM=37.123 MB
2026-03-21 03:12:58 | INFO | [ncluster=112/112] AUC-ROC=50.00%  AUC-PR=50.00%  F1=0.0000  MCC=0.0000  Train=0.218s  Test=0.037s  Peak RAM=37.125 MB
2026-03-21 03:12:58 | INFO | [ncluster=115/115] AUC-ROC=50.00%  AUC-PR=50.00%  F1=0.0000  MCC=0.0000  Train=0.254s  Test=0.037s  Peak RAM=37.126 MB
2026-03-21 03:12:58 | INFO | [ncluster=118/118] AUC-ROC=50.00%  AUC-PR=50.00%  F1=0.0000  MCC=0.0000  Train=0.185s  Test=0.035s  Peak RAM=37.125 MB
2026-03-21 03:12:58 | INFO | [ncluster=121/121] AUC-ROC=50.00%  AUC-PR=50.00%  F1=0.0000  MCC=0.0000  Train=0.157s  Test=0.035s  Peak RAM=37.129 MB
2026-03-21 03:12:58 | INFO | [ncluster=124/124] AUC-ROC=50.00%  AUC-PR=50.00%  F1=0.0000  MCC=0.0000  Train=0.166s  Test=0.041s  Peak RAM=37.128 MB
2026-03-21 03:12:58 | INFO | [ncluster=127/127] AUC-ROC=50.00%  AUC-PR=50.00%  F1=0.0000  MCC=0.0000  Train=0.281s  Test=0.042s  Peak RAM=37.129 MB
2026-03-21 03:12:58 | INFO | [ncluster=130/130] AUC-ROC=50.00%  AUC-PR=50.00%  F1=0.0000  MCC=0.0000  Train=0.195s  Test=0.039s  Peak RAM=37.128 MB
2026-03-21 03:12:58 | INFO | [ncluster=133/133] AUC-ROC=50.00%  AUC-PR=50.00%  F1=0.0000  MCC=0.0000  Train=0.200s  Test=0.038s  Peak RAM=37.129 MB
2026-03-21 03:12:58 | INFO | [ncluster=136/136] AUC-ROC=50.00%  AUC-PR=50.00%  F1=0.0000  MCC=0.0000  Train=0.178s  Test=0.041s  Peak RAM=37.128 MB
2026-03-21 03:12:58 | INFO | [ncluster=139/139] AUC-ROC=50.00%  AUC-PR=50.00%  F1=0.0000  MCC=0.0000  Train=0.265s  Test=0.041s  Peak RAM=37.132 MB
2026-03-21 03:12:58 | INFO | [ncluster=142/142] AUC-ROC=50.00%  AUC-PR=50.00%  F1=0.0000  MCC=0.0000  Train=0.178s  Test=0.073s  Peak RAM=37.13 MB
2026-03-21 03:12:58 | INFO | [ncluster=145/145] AUC-ROC=50.00%  AUC-PR=50.00%  F1=0.0000  MCC=0.0000  Train=0.175s  Test=0.040s  Peak RAM=37.131 MB
2026-03-21 03:12:58 | INFO | [ncluster=148/148] AUC-ROC=50.00%  AUC-PR=50.00%  F1=0.0000  MCC=0.0000  Train=0.271s  Test=0.053s  Peak RAM=37.132 MB
2026-03-21 03:12:58 | INFO | [ncluster=151/151] AUC-ROC=50.00%  AUC-PR=50.00%  F1=0.0000  MCC=0.0000  Train=0.193s  Test=0.087s  Peak RAM=37.132 MB
2026-03-21 03:12:58 | INFO | [ncluster=154/154] AUC-ROC=50.00%  AUC-PR=50.00%  F1=0.0000  MCC=0.0000  Train=0.235s  Test=0.046s  Peak RAM=37.132 MB
2026-03-21 03:12:58 | INFO | [ncluster=157/157] AUC-ROC=50.00%  AUC-PR=50.00%  F1=0.0000  MCC=0.0000  Train=0.181s  Test=0.043s  Peak RAM=37.133 MB
2026-03-21 03:12:58 | INFO | [ncluster=160/160] AUC-ROC=50.00%  AUC-PR=50.00%  F1=0.0000  MCC=0.0000  Train=0.249s  Test=0.043s  Peak RAM=37.134 MB
2026-03-21 03:12:58 | INFO | [ncluster=163/163] AUC-ROC=50.00%  AUC-PR=50.00%  F1=0.0000  MCC=0.0000  Train=0.183s  Test=0.041s  Peak RAM=37.135 MB
2026-03-21 03:12:58 | INFO | [ncluster=166/166] AUC-ROC=50.00%  AUC-PR=50.00%  F1=0.0000  MCC=0.0000  Train=0.303s  Test=0.054s  Peak RAM=37.134 MB
2026-03-21 03:12:58 | INFO | [ncluster=169/169] AUC-ROC=50.00%  AUC-PR=50.00%  F1=0.0000  MCC=0.0000  Train=0.200s  Test=0.047s  Peak RAM=37.135 MB
2026-03-21 03:12:58 | INFO | [ncluster=172/172] AUC-ROC=50.00%  AUC-PR=50.00%  F1=0.0000  MCC=0.0000  Train=0.177s  Test=0.047s  Peak RAM=37.135 MB
2026-03-21 03:12:58 | INFO | [ncluster=175/175] AUC-ROC=50.00%  AUC-PR=50.00%  F1=0.0000  MCC=0.0000  Train=0.218s  Test=0.052s  Peak RAM=37.135 MB
2026-03-21 03:12:58 | INFO | [ncluster=178/178] AUC-ROC=50.00%  AUC-PR=50.00%  F1=0.0000  MCC=0.0000  Train=0.203s  Test=0.047s  Peak RAM=37.136 MB
2026-03-21 03:12:58 | INFO | [ncluster=181/181] AUC-ROC=50.00%  AUC-PR=50.00%  F1=0.0000  MCC=0.0000  Train=0.251s  Test=0.048s  Peak RAM=37.137 MB
2026-03-21 03:12:58 | INFO | [ncluster=184/184] AUC-ROC=50.00%  AUC-PR=50.00%  F1=0.0000  MCC=0.0000  Train=0.401s  Test=0.104s  Peak RAM=37.139 MB
2026-03-21 03:12:58 | INFO | [ncluster=187/187] AUC-ROC=50.00%  AUC-PR=50.00%  F1=0.0000  MCC=0.0000  Train=0.197s  Test=0.050s  Peak RAM=37.138 MB
2026-03-21 03:12:58 | INFO | [ncluster=190/190] AUC-ROC=50.00%  AUC-PR=50.00%  F1=0.0000  MCC=0.0000  Train=0.267s  Test=0.052s  Peak RAM=37.139 MB
2026-03-21 03:12:58 | INFO | [ncluster=193/193] AUC-ROC=50.00%  AUC-PR=50.00%  F1=0.0000  MCC=0.0000  Train=0.223s  Test=0.051s  Peak RAM=37.14 MB
2026-03-21 03:12:58 | INFO | [ncluster=196/196] AUC-ROC=50.00%  AUC-PR=50.00%  F1=0.0000  MCC=0.0000  Train=0.172s  Test=0.046s  Peak RAM=37.14 MB
2026-03-21 03:12:58 | INFO | [ncluster=199/199] AUC-ROC=50.00%  AUC-PR=50.00%  F1=0.0000  MCC=0.0000  Train=0.219s  Test=0.062s  Peak RAM=37.141 MB
2026-03-21 03:12:58 | INFO | [ncluster=202/202] AUC-ROC=50.00%  AUC-PR=50.00%  F1=0.0000  MCC=0.0000  Train=0.215s  Test=0.056s  Peak RAM=37.141 MB
2026-03-21 03:12:58 | INFO | [ncluster=205/205] AUC-ROC=50.00%  AUC-PR=50.00%  F1=0.0000  MCC=0.0000  Train=0.203s  Test=0.052s  Peak RAM=37.141 MB
2026-03-21 03:12:58 | INFO | [ncluster=208/208] AUC-ROC=50.00%  AUC-PR=50.00%  F1=0.0000  MCC=0.0000  Train=0.320s  Test=0.082s  Peak RAM=37.142 MB
2026-03-21 03:12:58 | INFO | [ncluster=211/211] AUC-ROC=50.00%  AUC-PR=50.00%  F1=0.0000  MCC=0.0000  Train=0.332s  Test=0.110s  Peak RAM=37.143 MB
2026-03-21 03:12:58 | INFO | [ncluster=214/214] AUC-ROC=50.00%  AUC-PR=50.00%  F1=0.0000  MCC=0.0000  Train=0.213s  Test=0.053s  Peak RAM=37.143 MB
2026-03-21 03:12:58 | INFO | [ncluster=217/217] AUC-ROC=50.00%  AUC-PR=50.00%  F1=0.0000  MCC=0.0000  Train=0.200s  Test=0.055s  Peak RAM=37.145 MB
2026-03-21 03:12:58 | INFO | [ncluster=220/220] AUC-ROC=50.00%  AUC-PR=50.00%  F1=0.0000  MCC=0.0000  Train=0.256s  Test=0.059s  Peak RAM=37.145 MB
2026-03-21 03:12:58 | INFO | [ncluster=223/223] AUC-ROC=50.00%  AUC-PR=50.00%  F1=0.0000  MCC=0.0000  Train=0.208s  Test=0.060s  Peak RAM=37.145 MB
2026-03-21 03:12:58 | INFO | [ncluster=226/226] AUC-ROC=50.00%  AUC-PR=50.00%  F1=0.0000  MCC=0.0000  Train=0.221s  Test=0.063s  Peak RAM=37.145 MB
2026-03-21 03:12:58 | INFO | [ncluster=229/229] AUC-ROC=50.00%  AUC-PR=50.00%  F1=0.0000  MCC=0.0000  Train=0.244s  Test=0.057s  Peak RAM=37.146 MB
2026-03-21 03:12:58 | INFO | [ncluster=232/232] AUC-ROC=50.00%  AUC-PR=50.00%  F1=0.0000  MCC=0.0000  Train=0.210s  Test=0.082s  Peak RAM=37.146 MB
2026-03-21 03:12:58 | INFO | [ncluster=235/235] AUC-ROC=50.00%  AUC-PR=50.00%  F1=0.0000  MCC=0.0000  Train=0.271s  Test=0.125s  Peak RAM=37.147 MB
2026-03-21 03:12:58 | INFO | [ncluster=238/238] AUC-ROC=50.00%  AUC-PR=50.00%  F1=0.0000  MCC=0.0000  Train=0.192s  Test=0.052s  Peak RAM=37.147 MB
2026-03-21 03:12:58 | INFO | [ncluster=241/241] AUC-ROC=50.00%  AUC-PR=50.00%  F1=0.0000  MCC=0.0000  Train=0.267s  Test=0.061s  Peak RAM=37.149 MB
2026-03-21 03:12:58 | INFO | [ncluster=244/244] AUC-ROC=50.00%  AUC-PR=50.00%  F1=0.0000  MCC=0.0000  Train=0.153s  Test=0.099s  Peak RAM=37.148 MB
2026-03-21 03:12:58 | INFO | [ncluster=247/247] AUC-ROC=50.00%  AUC-PR=50.00%  F1=0.0000  MCC=0.0000  Train=0.197s  Test=0.057s  Peak RAM=37.149 MB
2026-03-21 03:12:58 | INFO | [ncluster=250/250] AUC-ROC=50.00%  AUC-PR=50.00%  F1=0.0000  MCC=0.0000  Train=0.355s  Test=0.053s  Peak RAM=37.149 MB
2026-03-21 03:12:58 | INFO | [ncluster=253/253] AUC-ROC=50.00%  AUC-PR=50.00%  F1=0.0000  MCC=0.0000  Train=0.270s  Test=0.063s  Peak RAM=37.151 MB
2026-03-21 03:12:58 | INFO | [ncluster=256/256] AUC-ROC=50.00%  AUC-PR=50.00%  F1=0.0000  MCC=0.0000  Train=0.200s  Test=0.055s  Peak RAM=37.151 MB
2026-03-21 03:12:58 | INFO | [ncluster=259/259] AUC-ROC=50.00%  AUC-PR=50.00%  F1=0.0000  MCC=0.0000  Train=0.226s  Test=0.059s  Peak RAM=37.151 MB
2026-03-21 03:12:58 | INFO | [ncluster=262/262] AUC-ROC=50.00%  AUC-PR=50.00%  F1=0.0000  MCC=0.0000  Train=0.259s  Test=0.067s  Peak RAM=37.153 MB
2026-03-21 03:12:58 | INFO | [ncluster=265/265] AUC-ROC=50.00%  AUC-PR=50.00%  F1=0.0000  MCC=0.0000  Train=0.307s  Test=0.063s  Peak RAM=37.152 MB
2026-03-21 03:12:58 | INFO | [ncluster=268/268] AUC-ROC=50.00%  AUC-PR=50.00%  F1=0.0000  MCC=0.0000  Train=0.198s  Test=0.061s  Peak RAM=37.153 MB
2026-03-21 03:12:58 | INFO | [ncluster=271/271] AUC-ROC=50.00%  AUC-PR=50.00%  F1=0.0000  MCC=0.0000  Train=0.187s  Test=0.060s  Peak RAM=37.153 MB
2026-03-21 03:12:58 | INFO | [ncluster=274/274] AUC-ROC=50.00%  AUC-PR=50.00%  F1=0.0000  MCC=0.0000  Train=0.208s  Test=0.062s  Peak RAM=37.154 MB
2026-03-21 03:12:58 | INFO | [ncluster=277/277] AUC-ROC=50.00%  AUC-PR=50.00%  F1=0.0000  MCC=0.0000  Train=0.126s  Test=0.040s  Peak RAM=37.153 MB
2026-03-21 03:12:58 | INFO | [ncluster=280/280] AUC-ROC=50.00%  AUC-PR=50.00%  F1=0.0000  MCC=0.0000  Train=0.129s  Test=0.038s  Peak RAM=37.156 MB
2026-03-21 03:12:58 | INFO | [ncluster=283/283] AUC-ROC=50.00%  AUC-PR=50.00%  F1=0.0000  MCC=0.0000  Train=0.119s  Test=0.039s  Peak RAM=37.156 MB
2026-03-21 03:12:58 | INFO | [ncluster=286/286] AUC-ROC=50.00%  AUC-PR=50.00%  F1=0.0000  MCC=0.0000  Train=0.106s  Test=0.040s  Peak RAM=37.156 MB
2026-03-21 03:12:58 | INFO | [ncluster=289/289] AUC-ROC=50.00%  AUC-PR=50.00%  F1=0.0000  MCC=0.0000  Train=0.100s  Test=0.042s  Peak RAM=37.158 MB
2026-03-21 03:12:58 | INFO | [ncluster=292/292] AUC-ROC=50.00%  AUC-PR=50.00%  F1=0.0000  MCC=0.0000  Train=0.100s  Test=0.037s  Peak RAM=37.158 MB
2026-03-21 03:12:58 | INFO | [ncluster=295/295] AUC-ROC=50.00%  AUC-PR=50.00%  F1=0.0000  MCC=0.0000  Train=0.096s  Test=0.038s  Peak RAM=37.159 MB
2026-03-21 03:12:58 | INFO | [ncluster=298/298] AUC-ROC=50.00%  AUC-PR=50.00%  F1=0.0000  MCC=0.0000  Train=0.093s  Test=0.037s  Peak RAM=37.159 MB
2026-03-21 03:12:58 | INFO | --- noise=1% ---
2026-03-21 03:12:58 | INFO | ============================================================
2026-03-21 03:12:58 | INFO | Dataset  : Train_Normalizer_data_CICIoT2023.csv
2026-03-21 03:12:58 | INFO | Scaler   : Normalizer
2026-03-21 03:12:58 | INFO | Noise    : 1%
2026-03-21 03:12:58 | INFO | nClusters: 100 values (1..298)
2026-03-21 03:12:58 | INFO | ============================================================
2026-03-21 03:12:58 | INFO | Loaded Raw Shape -> Train: (30000, 45), Test: (30000, 45)
2026-03-21 03:12:58 | INFO | Training size : 30,300  |  Testing size: 29,700  |  Features: 44
2026-03-21 03:12:58 | INFO | Firing up Parallel execution for 100 cluster configs...
2026-03-21 03:15:26 | INFO | [ncluster=1/1] AUC-ROC=50.00%  AUC-PR=50.51%  F1=0.0000  MCC=0.0000  Train=0.249s  Test=0.014s  Peak RAM=37.475 MB
2026-03-21 03:15:26 | INFO | [ncluster=4/4] AUC-ROC=50.00%  AUC-PR=50.51%  F1=0.0000  MCC=0.0000  Train=0.359s  Test=0.014s  Peak RAM=37.475 MB
2026-03-21 03:15:26 | INFO | [ncluster=7/7] AUC-ROC=50.00%  AUC-PR=50.51%  F1=0.0000  MCC=0.0000  Train=0.252s  Test=0.017s  Peak RAM=37.477 MB
2026-03-21 03:15:26 | INFO | [ncluster=10/10] AUC-ROC=50.00%  AUC-PR=50.51%  F1=0.0000  MCC=0.0000  Train=0.249s  Test=0.018s  Peak RAM=37.477 MB
2026-03-21 03:15:26 | INFO | [ncluster=13/13] AUC-ROC=50.00%  AUC-PR=50.51%  F1=0.0000  MCC=0.0000  Train=0.314s  Test=0.018s  Peak RAM=37.478 MB
2026-03-21 03:15:26 | INFO | [ncluster=16/16] AUC-ROC=50.00%  AUC-PR=50.51%  F1=0.0000  MCC=0.0000  Train=0.221s  Test=0.018s  Peak RAM=37.479 MB
2026-03-21 03:15:26 | INFO | [ncluster=19/19] AUC-ROC=50.00%  AUC-PR=50.51%  F1=0.0000  MCC=0.0000  Train=0.276s  Test=0.019s  Peak RAM=37.479 MB
2026-03-21 03:15:26 | INFO | [ncluster=22/22] AUC-ROC=50.00%  AUC-PR=50.51%  F1=0.0000  MCC=0.0000  Train=0.282s  Test=0.020s  Peak RAM=37.479 MB
2026-03-21 03:15:26 | INFO | [ncluster=25/25] AUC-ROC=50.00%  AUC-PR=50.51%  F1=0.0000  MCC=0.0000  Train=0.235s  Test=0.019s  Peak RAM=37.48 MB
2026-03-21 03:15:26 | INFO | [ncluster=28/28] AUC-ROC=50.00%  AUC-PR=50.51%  F1=0.0000  MCC=0.0000  Train=0.208s  Test=0.020s  Peak RAM=37.481 MB
2026-03-21 03:15:26 | INFO | [ncluster=31/31] AUC-ROC=50.00%  AUC-PR=50.51%  F1=0.0000  MCC=0.0000  Train=0.168s  Test=0.021s  Peak RAM=37.481 MB
2026-03-21 03:15:26 | INFO | [ncluster=34/34] AUC-ROC=50.00%  AUC-PR=50.51%  F1=0.0000  MCC=0.0000  Train=0.213s  Test=0.019s  Peak RAM=37.483 MB
2026-03-21 03:15:26 | INFO | [ncluster=37/37] AUC-ROC=50.00%  AUC-PR=50.51%  F1=0.0000  MCC=0.0000  Train=0.236s  Test=0.022s  Peak RAM=37.483 MB
2026-03-21 03:15:26 | INFO | [ncluster=40/40] AUC-ROC=50.00%  AUC-PR=50.51%  F1=0.0000  MCC=0.0000  Train=0.275s  Test=0.023s  Peak RAM=37.482 MB
2026-03-21 03:15:26 | INFO | [ncluster=43/43] AUC-ROC=50.00%  AUC-PR=50.51%  F1=0.0000  MCC=0.0000  Train=0.275s  Test=0.022s  Peak RAM=37.483 MB
2026-03-21 03:15:26 | INFO | [ncluster=46/46] AUC-ROC=50.00%  AUC-PR=50.51%  F1=0.0000  MCC=0.0000  Train=0.252s  Test=0.023s  Peak RAM=37.483 MB
2026-03-21 03:15:26 | INFO | [ncluster=49/49] AUC-ROC=50.00%  AUC-PR=50.51%  F1=0.0000  MCC=0.0000  Train=0.183s  Test=0.020s  Peak RAM=37.484 MB
2026-03-21 03:15:26 | INFO | [ncluster=52/52] AUC-ROC=50.00%  AUC-PR=50.51%  F1=0.0000  MCC=0.0000  Train=0.180s  Test=0.020s  Peak RAM=37.485 MB
2026-03-21 03:15:26 | INFO | [ncluster=55/55] AUC-ROC=50.00%  AUC-PR=50.51%  F1=0.0000  MCC=0.0000  Train=0.188s  Test=0.022s  Peak RAM=37.486 MB
2026-03-21 03:15:26 | INFO | [ncluster=58/58] AUC-ROC=50.00%  AUC-PR=50.51%  F1=0.0000  MCC=0.0000  Train=0.200s  Test=0.025s  Peak RAM=37.488 MB
2026-03-21 03:15:26 | INFO | [ncluster=61/61] AUC-ROC=50.00%  AUC-PR=50.51%  F1=0.0000  MCC=0.0000  Train=0.218s  Test=0.025s  Peak RAM=37.485 MB
2026-03-21 03:15:26 | INFO | [ncluster=64/64] AUC-ROC=50.00%  AUC-PR=50.51%  F1=0.0000  MCC=0.0000  Train=0.230s  Test=0.022s  Peak RAM=37.487 MB
2026-03-21 03:15:26 | INFO | [ncluster=67/67] AUC-ROC=50.00%  AUC-PR=50.51%  F1=0.0000  MCC=0.0000  Train=0.229s  Test=0.023s  Peak RAM=37.487 MB
2026-03-21 03:15:26 | INFO | [ncluster=70/70] AUC-ROC=50.00%  AUC-PR=50.51%  F1=0.0000  MCC=0.0000  Train=0.327s  Test=0.026s  Peak RAM=37.488 MB
2026-03-21 03:15:26 | INFO | [ncluster=73/73] AUC-ROC=50.00%  AUC-PR=50.51%  F1=0.0000  MCC=0.0000  Train=0.268s  Test=0.028s  Peak RAM=37.489 MB
2026-03-21 03:15:26 | INFO | [ncluster=76/76] AUC-ROC=50.00%  AUC-PR=50.51%  F1=0.0000  MCC=0.0000  Train=0.278s  Test=0.029s  Peak RAM=37.489 MB
2026-03-21 03:15:26 | INFO | [ncluster=79/79] AUC-ROC=50.00%  AUC-PR=50.51%  F1=0.0000  MCC=0.0000  Train=0.302s  Test=0.033s  Peak RAM=37.489 MB
2026-03-21 03:15:26 | INFO | [ncluster=82/82] AUC-ROC=50.00%  AUC-PR=50.51%  F1=0.0000  MCC=0.0000  Train=0.208s  Test=0.026s  Peak RAM=37.49 MB
2026-03-21 03:15:26 | INFO | [ncluster=85/85] AUC-ROC=50.00%  AUC-PR=50.51%  F1=0.0000  MCC=0.0000  Train=0.228s  Test=0.028s  Peak RAM=37.49 MB
2026-03-21 03:15:26 | INFO | [ncluster=88/88] AUC-ROC=50.00%  AUC-PR=50.51%  F1=0.0000  MCC=0.0000  Train=0.210s  Test=0.026s  Peak RAM=37.492 MB
2026-03-21 03:15:26 | INFO | [ncluster=91/91] AUC-ROC=50.00%  AUC-PR=50.51%  F1=0.0000  MCC=0.0000  Train=0.180s  Test=0.028s  Peak RAM=37.491 MB
2026-03-21 03:15:26 | INFO | [ncluster=94/94] AUC-ROC=50.00%  AUC-PR=50.51%  F1=0.0000  MCC=0.0000  Train=0.262s  Test=0.029s  Peak RAM=37.492 MB
2026-03-21 03:15:26 | INFO | [ncluster=97/97] AUC-ROC=50.00%  AUC-PR=50.51%  F1=0.0000  MCC=0.0000  Train=0.204s  Test=0.028s  Peak RAM=37.492 MB
2026-03-21 03:15:26 | INFO | [ncluster=100/100] AUC-ROC=50.00%  AUC-PR=50.51%  F1=0.0000  MCC=0.0000  Train=0.180s  Test=0.028s  Peak RAM=37.493 MB
2026-03-21 03:15:26 | INFO | [ncluster=103/103] AUC-ROC=50.00%  AUC-PR=50.51%  F1=0.0000  MCC=0.0000  Train=0.241s  Test=0.030s  Peak RAM=37.495 MB
2026-03-21 03:15:26 | INFO | [ncluster=106/106] AUC-ROC=50.00%  AUC-PR=50.51%  F1=0.0000  MCC=0.0000  Train=0.209s  Test=0.030s  Peak RAM=37.494 MB
2026-03-21 03:15:26 | INFO | [ncluster=109/109] AUC-ROC=50.00%  AUC-PR=50.51%  F1=0.0000  MCC=0.0000  Train=0.303s  Test=0.033s  Peak RAM=37.496 MB
2026-03-21 03:15:26 | INFO | [ncluster=112/112] AUC-ROC=50.00%  AUC-PR=50.51%  F1=0.0000  MCC=0.0000  Train=0.300s  Test=0.028s  Peak RAM=37.495 MB
2026-03-21 03:15:26 | INFO | [ncluster=115/115] AUC-ROC=50.00%  AUC-PR=50.51%  F1=0.0000  MCC=0.0000  Train=0.218s  Test=0.036s  Peak RAM=37.497 MB
2026-03-21 03:15:26 | INFO | [ncluster=118/118] AUC-ROC=50.00%  AUC-PR=50.51%  F1=0.0000  MCC=0.0000  Train=0.235s  Test=0.053s  Peak RAM=37.496 MB
2026-03-21 03:15:26 | INFO | [ncluster=121/121] AUC-ROC=50.00%  AUC-PR=50.51%  F1=0.0000  MCC=0.0000  Train=0.189s  Test=0.034s  Peak RAM=37.497 MB
2026-03-21 03:15:26 | INFO | [ncluster=124/124] AUC-ROC=50.00%  AUC-PR=50.51%  F1=0.0000  MCC=0.0000  Train=0.217s  Test=0.033s  Peak RAM=37.497 MB
2026-03-21 03:15:26 | INFO | [ncluster=127/127] AUC-ROC=50.00%  AUC-PR=50.51%  F1=0.0000  MCC=0.0000  Train=0.161s  Test=0.032s  Peak RAM=37.498 MB
2026-03-21 03:15:26 | INFO | [ncluster=130/130] AUC-ROC=50.00%  AUC-PR=50.51%  F1=0.0000  MCC=0.0000  Train=0.203s  Test=0.033s  Peak RAM=37.498 MB
2026-03-21 03:15:26 | INFO | [ncluster=133/133] AUC-ROC=50.00%  AUC-PR=50.51%  F1=0.0000  MCC=0.0000  Train=0.242s  Test=0.073s  Peak RAM=37.499 MB
2026-03-21 03:15:26 | INFO | [ncluster=136/136] AUC-ROC=50.00%  AUC-PR=50.51%  F1=0.0000  MCC=0.0000  Train=0.262s  Test=0.035s  Peak RAM=37.5 MB
2026-03-21 03:15:26 | INFO | [ncluster=139/139] AUC-ROC=50.00%  AUC-PR=50.51%  F1=0.0000  MCC=0.0000  Train=0.212s  Test=0.043s  Peak RAM=37.5 MB
2026-03-21 03:15:26 | INFO | [ncluster=142/142] AUC-ROC=50.00%  AUC-PR=50.51%  F1=0.0000  MCC=0.0000  Train=0.318s  Test=0.039s  Peak RAM=37.501 MB
2026-03-21 03:15:26 | INFO | [ncluster=145/145] AUC-ROC=50.00%  AUC-PR=50.51%  F1=0.0000  MCC=0.0000  Train=0.188s  Test=0.035s  Peak RAM=37.502 MB
2026-03-21 03:15:26 | INFO | [ncluster=148/148] AUC-ROC=50.00%  AUC-PR=50.51%  F1=0.0000  MCC=0.0000  Train=0.249s  Test=0.036s  Peak RAM=37.502 MB
2026-03-21 03:15:26 | INFO | [ncluster=151/151] AUC-ROC=50.00%  AUC-PR=50.51%  F1=0.0000  MCC=0.0000  Train=0.358s  Test=0.042s  Peak RAM=37.502 MB
2026-03-21 03:15:26 | INFO | [ncluster=154/154] AUC-ROC=50.00%  AUC-PR=50.51%  F1=0.0000  MCC=0.0000  Train=0.148s  Test=0.035s  Peak RAM=37.504 MB
2026-03-21 03:15:26 | INFO | [ncluster=157/157] AUC-ROC=50.00%  AUC-PR=50.51%  F1=0.0000  MCC=0.0000  Train=0.347s  Test=0.039s  Peak RAM=37.503 MB
2026-03-21 03:15:26 | INFO | [ncluster=160/160] AUC-ROC=50.00%  AUC-PR=50.51%  F1=0.0000  MCC=0.0000  Train=0.180s  Test=0.036s  Peak RAM=37.506 MB
2026-03-21 03:15:26 | INFO | [ncluster=163/163] AUC-ROC=50.00%  AUC-PR=50.51%  F1=0.0000  MCC=0.0000  Train=0.347s  Test=0.080s  Peak RAM=37.505 MB
2026-03-21 03:15:26 | INFO | [ncluster=166/166] AUC-ROC=50.00%  AUC-PR=50.51%  F1=0.0000  MCC=0.0000  Train=0.205s  Test=0.040s  Peak RAM=37.505 MB
2026-03-21 03:15:26 | INFO | [ncluster=169/169] AUC-ROC=50.00%  AUC-PR=50.51%  F1=0.0000  MCC=0.0000  Train=0.247s  Test=0.038s  Peak RAM=37.505 MB
2026-03-21 03:15:26 | INFO | [ncluster=172/172] AUC-ROC=50.00%  AUC-PR=50.51%  F1=0.0000  MCC=0.0000  Train=0.231s  Test=0.090s  Peak RAM=37.506 MB
2026-03-21 03:15:26 | INFO | [ncluster=175/175] AUC-ROC=50.00%  AUC-PR=50.51%  F1=0.0000  MCC=0.0000  Train=0.373s  Test=0.083s  Peak RAM=37.507 MB
2026-03-21 03:15:26 | INFO | [ncluster=178/178] AUC-ROC=50.00%  AUC-PR=50.51%  F1=0.0000  MCC=0.0000  Train=0.226s  Test=0.045s  Peak RAM=37.507 MB
2026-03-21 03:15:26 | INFO | [ncluster=181/181] AUC-ROC=50.00%  AUC-PR=50.51%  F1=0.0000  MCC=0.0000  Train=0.260s  Test=0.081s  Peak RAM=37.508 MB
2026-03-21 03:15:26 | INFO | [ncluster=184/184] AUC-ROC=50.00%  AUC-PR=50.51%  F1=0.0000  MCC=0.0000  Train=0.218s  Test=0.041s  Peak RAM=37.511 MB
2026-03-21 03:15:26 | INFO | [ncluster=187/187] AUC-ROC=50.00%  AUC-PR=50.51%  F1=0.0000  MCC=0.0000  Train=0.179s  Test=0.036s  Peak RAM=37.51 MB
2026-03-21 03:15:26 | INFO | [ncluster=190/190] AUC-ROC=50.00%  AUC-PR=50.51%  F1=0.0000  MCC=0.0000  Train=0.398s  Test=0.045s  Peak RAM=37.51 MB
2026-03-21 03:15:26 | INFO | [ncluster=193/193] AUC-ROC=50.00%  AUC-PR=50.51%  F1=0.0000  MCC=0.0000  Train=0.319s  Test=0.047s  Peak RAM=37.509 MB
2026-03-21 03:15:26 | INFO | [ncluster=196/196] AUC-ROC=50.00%  AUC-PR=50.51%  F1=0.0000  MCC=0.0000  Train=0.507s  Test=0.050s  Peak RAM=37.511 MB
2026-03-21 03:15:26 | INFO | [ncluster=199/199] AUC-ROC=50.00%  AUC-PR=50.51%  F1=0.0000  MCC=0.0000  Train=0.181s  Test=0.044s  Peak RAM=37.51 MB
2026-03-21 03:15:26 | INFO | [ncluster=202/202] AUC-ROC=50.00%  AUC-PR=50.51%  F1=0.0000  MCC=0.0000  Train=0.261s  Test=0.049s  Peak RAM=37.512 MB
2026-03-21 03:15:26 | INFO | [ncluster=205/205] AUC-ROC=50.00%  AUC-PR=50.51%  F1=0.0000  MCC=0.0000  Train=0.287s  Test=0.050s  Peak RAM=37.512 MB
2026-03-21 03:15:26 | INFO | [ncluster=208/208] AUC-ROC=50.00%  AUC-PR=50.51%  F1=0.0000  MCC=0.0000  Train=0.344s  Test=0.042s  Peak RAM=37.512 MB
2026-03-21 03:15:26 | INFO | [ncluster=211/211] AUC-ROC=50.00%  AUC-PR=50.51%  F1=0.0000  MCC=0.0000  Train=0.196s  Test=0.045s  Peak RAM=37.513 MB
2026-03-21 03:15:26 | INFO | [ncluster=214/214] AUC-ROC=50.00%  AUC-PR=50.51%  F1=0.0000  MCC=0.0000  Train=0.268s  Test=0.055s  Peak RAM=37.514 MB
2026-03-21 03:15:26 | INFO | [ncluster=217/217] AUC-ROC=50.00%  AUC-PR=50.51%  F1=0.0000  MCC=0.0000  Train=0.272s  Test=0.049s  Peak RAM=37.514 MB
2026-03-21 03:15:26 | INFO | [ncluster=220/220] AUC-ROC=50.00%  AUC-PR=50.51%  F1=0.0000  MCC=0.0000  Train=0.209s  Test=0.047s  Peak RAM=37.515 MB
2026-03-21 03:15:26 | INFO | [ncluster=223/223] AUC-ROC=50.00%  AUC-PR=50.51%  F1=0.0000  MCC=0.0000  Train=0.300s  Test=0.051s  Peak RAM=37.515 MB
2026-03-21 03:15:26 | INFO | [ncluster=226/226] AUC-ROC=50.00%  AUC-PR=50.51%  F1=0.0000  MCC=0.0000  Train=0.267s  Test=0.053s  Peak RAM=37.516 MB
2026-03-21 03:15:26 | INFO | [ncluster=229/229] AUC-ROC=50.00%  AUC-PR=50.51%  F1=0.0000  MCC=0.0000  Train=0.197s  Test=0.057s  Peak RAM=37.515 MB
2026-03-21 03:15:26 | INFO | [ncluster=232/232] AUC-ROC=50.00%  AUC-PR=50.51%  F1=0.0000  MCC=0.0000  Train=0.299s  Test=0.055s  Peak RAM=37.517 MB
2026-03-21 03:15:26 | INFO | [ncluster=235/235] AUC-ROC=50.00%  AUC-PR=50.51%  F1=0.0000  MCC=0.0000  Train=0.166s  Test=0.055s  Peak RAM=37.518 MB
2026-03-21 03:15:26 | INFO | [ncluster=238/238] AUC-ROC=50.00%  AUC-PR=50.51%  F1=0.0000  MCC=0.0000  Train=0.305s  Test=0.055s  Peak RAM=37.518 MB
2026-03-21 03:15:26 | INFO | [ncluster=241/241] AUC-ROC=50.00%  AUC-PR=50.51%  F1=0.0000  MCC=0.0000  Train=0.221s  Test=0.050s  Peak RAM=37.519 MB
2026-03-21 03:15:26 | INFO | [ncluster=244/244] AUC-ROC=50.00%  AUC-PR=50.51%  F1=0.0000  MCC=0.0000  Train=0.246s  Test=0.052s  Peak RAM=37.519 MB
2026-03-21 03:15:26 | INFO | [ncluster=247/247] AUC-ROC=50.00%  AUC-PR=50.51%  F1=0.0000  MCC=0.0000  Train=0.244s  Test=0.053s  Peak RAM=37.519 MB
2026-03-21 03:15:26 | INFO | [ncluster=250/250] AUC-ROC=50.00%  AUC-PR=50.51%  F1=0.0000  MCC=0.0000  Train=0.309s  Test=0.074s  Peak RAM=37.521 MB
2026-03-21 03:15:26 | INFO | [ncluster=253/253] AUC-ROC=50.00%  AUC-PR=50.51%  F1=0.0000  MCC=0.0000  Train=0.224s  Test=0.054s  Peak RAM=37.522 MB
2026-03-21 03:15:26 | INFO | [ncluster=256/256] AUC-ROC=50.00%  AUC-PR=50.51%  F1=0.0000  MCC=0.0000  Train=0.246s  Test=0.055s  Peak RAM=37.521 MB
2026-03-21 03:15:26 | INFO | [ncluster=259/259] AUC-ROC=50.00%  AUC-PR=50.51%  F1=0.0000  MCC=0.0000  Train=0.335s  Test=0.053s  Peak RAM=37.523 MB
2026-03-21 03:15:26 | INFO | [ncluster=262/262] AUC-ROC=50.00%  AUC-PR=50.51%  F1=0.0000  MCC=0.0000  Train=0.244s  Test=0.067s  Peak RAM=37.522 MB
2026-03-21 03:15:26 | INFO | [ncluster=265/265] AUC-ROC=50.00%  AUC-PR=50.51%  F1=0.0000  MCC=0.0000  Train=0.233s  Test=0.055s  Peak RAM=37.523 MB
2026-03-21 03:15:26 | INFO | [ncluster=268/268] AUC-ROC=50.00%  AUC-PR=50.51%  F1=0.0000  MCC=0.0000  Train=0.268s  Test=0.061s  Peak RAM=37.523 MB
2026-03-21 03:15:26 | INFO | [ncluster=271/271] AUC-ROC=50.00%  AUC-PR=50.51%  F1=0.0000  MCC=0.0000  Train=0.144s  Test=0.036s  Peak RAM=37.524 MB
2026-03-21 03:15:26 | INFO | [ncluster=274/274] AUC-ROC=50.00%  AUC-PR=50.51%  F1=0.0000  MCC=0.0000  Train=0.189s  Test=0.055s  Peak RAM=37.525 MB
2026-03-21 03:15:26 | INFO | [ncluster=277/277] AUC-ROC=50.00%  AUC-PR=50.51%  F1=0.0000  MCC=0.0000  Train=0.238s  Test=0.060s  Peak RAM=37.525 MB
2026-03-21 03:15:26 | INFO | [ncluster=280/280] AUC-ROC=50.00%  AUC-PR=50.51%  F1=0.0000  MCC=0.0000  Train=0.145s  Test=0.037s  Peak RAM=37.526 MB
2026-03-21 03:15:26 | INFO | [ncluster=283/283] AUC-ROC=50.00%  AUC-PR=50.51%  F1=0.0000  MCC=0.0000  Train=0.125s  Test=0.038s  Peak RAM=37.526 MB
2026-03-21 03:15:26 | INFO | [ncluster=286/286] AUC-ROC=50.00%  AUC-PR=50.51%  F1=0.0000  MCC=0.0000  Train=0.123s  Test=0.034s  Peak RAM=37.528 MB
2026-03-21 03:15:26 | INFO | [ncluster=289/289] AUC-ROC=50.00%  AUC-PR=50.51%  F1=0.0000  MCC=0.0000  Train=0.104s  Test=0.033s  Peak RAM=37.529 MB
2026-03-21 03:15:26 | INFO | [ncluster=292/292] AUC-ROC=50.00%  AUC-PR=50.51%  F1=0.0000  MCC=0.0000  Train=0.105s  Test=0.033s  Peak RAM=37.527 MB
2026-03-21 03:15:26 | INFO | [ncluster=295/295] AUC-ROC=50.00%  AUC-PR=50.51%  F1=0.0000  MCC=0.0000  Train=0.102s  Test=0.035s  Peak RAM=37.529 MB
2026-03-21 03:15:26 | INFO | [ncluster=298/298] AUC-ROC=50.00%  AUC-PR=50.51%  F1=0.0000  MCC=0.0000  Train=0.098s  Test=0.032s  Peak RAM=37.529 MB
2026-03-21 03:15:26 | INFO | --- noise=3% ---
2026-03-21 03:15:26 | INFO | ============================================================
2026-03-21 03:15:26 | INFO | Dataset  : Train_Normalizer_data_CICIoT2023.csv
2026-03-21 03:15:26 | INFO | Scaler   : Normalizer
2026-03-21 03:15:26 | INFO | Noise    : 3%
2026-03-21 03:15:26 | INFO | nClusters: 100 values (1..298)
2026-03-21 03:15:26 | INFO | ============================================================
2026-03-21 03:15:26 | INFO | Loaded Raw Shape -> Train: (30000, 45), Test: (30000, 45)
2026-03-21 03:15:26 | INFO | Training size : 30,900  |  Testing size: 29,100  |  Features: 44
2026-03-21 03:15:26 | INFO | Firing up Parallel execution for 100 cluster configs...
2026-03-21 03:17:58 | INFO | [ncluster=1/1] AUC-ROC=50.00%  AUC-PR=51.55%  F1=0.0000  MCC=0.0000  Train=0.267s  Test=0.013s  Peak RAM=38.216 MB
2026-03-21 03:17:58 | INFO | [ncluster=4/4] AUC-ROC=50.00%  AUC-PR=51.55%  F1=0.0000  MCC=0.0000  Train=0.227s  Test=0.014s  Peak RAM=38.217 MB
2026-03-21 03:17:58 | INFO | [ncluster=7/7] AUC-ROC=50.00%  AUC-PR=51.55%  F1=0.0000  MCC=0.0000  Train=0.267s  Test=0.019s  Peak RAM=38.217 MB
2026-03-21 03:17:58 | INFO | [ncluster=10/10] AUC-ROC=50.00%  AUC-PR=51.55%  F1=0.0000  MCC=0.0000  Train=0.327s  Test=0.014s  Peak RAM=38.219 MB
2026-03-21 03:17:58 | INFO | [ncluster=13/13] AUC-ROC=50.00%  AUC-PR=51.55%  F1=0.0000  MCC=0.0000  Train=0.360s  Test=0.016s  Peak RAM=38.219 MB
2026-03-21 03:17:58 | INFO | [ncluster=16/16] AUC-ROC=50.00%  AUC-PR=51.55%  F1=0.0000  MCC=0.0000  Train=0.236s  Test=0.019s  Peak RAM=38.219 MB
2026-03-21 03:17:58 | INFO | [ncluster=19/19] AUC-ROC=50.00%  AUC-PR=51.55%  F1=0.0000  MCC=0.0000  Train=0.239s  Test=0.021s  Peak RAM=38.221 MB
2026-03-21 03:17:58 | INFO | [ncluster=22/22] AUC-ROC=50.00%  AUC-PR=51.55%  F1=0.0000  MCC=0.0000  Train=0.222s  Test=0.018s  Peak RAM=38.221 MB
2026-03-21 03:17:58 | INFO | [ncluster=25/25] AUC-ROC=50.00%  AUC-PR=51.55%  F1=0.0000  MCC=0.0000  Train=0.217s  Test=0.018s  Peak RAM=38.222 MB
2026-03-21 03:17:58 | INFO | [ncluster=28/28] AUC-ROC=50.00%  AUC-PR=51.55%  F1=0.0000  MCC=0.0000  Train=0.234s  Test=0.022s  Peak RAM=38.222 MB
2026-03-21 03:17:58 | INFO | [ncluster=31/31] AUC-ROC=50.00%  AUC-PR=51.55%  F1=0.0000  MCC=0.0000  Train=0.296s  Test=0.022s  Peak RAM=38.222 MB
2026-03-21 03:17:58 | INFO | [ncluster=34/34] AUC-ROC=50.00%  AUC-PR=51.55%  F1=0.0000  MCC=0.0000  Train=0.352s  Test=0.027s  Peak RAM=38.222 MB
2026-03-21 03:17:58 | INFO | [ncluster=37/37] AUC-ROC=50.00%  AUC-PR=51.55%  F1=0.0000  MCC=0.0000  Train=0.258s  Test=0.020s  Peak RAM=38.226 MB
2026-03-21 03:17:58 | INFO | [ncluster=40/40] AUC-ROC=50.00%  AUC-PR=51.55%  F1=0.0000  MCC=0.0000  Train=0.208s  Test=0.024s  Peak RAM=38.224 MB
2026-03-21 03:17:58 | INFO | [ncluster=43/43] AUC-ROC=50.00%  AUC-PR=51.55%  F1=0.0000  MCC=0.0000  Train=0.259s  Test=0.021s  Peak RAM=38.224 MB
2026-03-21 03:17:58 | INFO | [ncluster=46/46] AUC-ROC=50.00%  AUC-PR=51.55%  F1=0.0000  MCC=0.0000  Train=0.331s  Test=0.043s  Peak RAM=38.225 MB
2026-03-21 03:17:58 | INFO | [ncluster=49/49] AUC-ROC=50.00%  AUC-PR=51.55%  F1=0.0000  MCC=0.0000  Train=0.289s  Test=0.021s  Peak RAM=38.225 MB
2026-03-21 03:17:58 | INFO | [ncluster=52/52] AUC-ROC=50.00%  AUC-PR=51.55%  F1=0.0000  MCC=0.0000  Train=0.245s  Test=0.024s  Peak RAM=38.226 MB
2026-03-21 03:17:58 | INFO | [ncluster=55/55] AUC-ROC=50.00%  AUC-PR=51.55%  F1=0.0000  MCC=0.0000  Train=0.264s  Test=0.024s  Peak RAM=38.227 MB
2026-03-21 03:17:58 | INFO | [ncluster=58/58] AUC-ROC=50.00%  AUC-PR=51.55%  F1=0.0000  MCC=0.0000  Train=0.172s  Test=0.024s  Peak RAM=38.228 MB
2026-03-21 03:17:58 | INFO | [ncluster=61/61] AUC-ROC=50.00%  AUC-PR=51.55%  F1=0.0000  MCC=0.0000  Train=0.170s  Test=0.023s  Peak RAM=38.229 MB
2026-03-21 03:17:58 | INFO | [ncluster=64/64] AUC-ROC=50.00%  AUC-PR=51.55%  F1=0.0000  MCC=0.0000  Train=0.209s  Test=0.023s  Peak RAM=38.228 MB
2026-03-21 03:17:58 | INFO | [ncluster=67/67] AUC-ROC=50.00%  AUC-PR=51.55%  F1=0.0000  MCC=0.0000  Train=0.273s  Test=0.026s  Peak RAM=38.229 MB
2026-03-21 03:17:58 | INFO | [ncluster=70/70] AUC-ROC=50.00%  AUC-PR=51.55%  F1=0.0000  MCC=0.0000  Train=0.311s  Test=0.022s  Peak RAM=38.229 MB
2026-03-21 03:17:58 | INFO | [ncluster=73/73] AUC-ROC=50.00%  AUC-PR=51.55%  F1=0.0000  MCC=0.0000  Train=0.342s  Test=0.026s  Peak RAM=38.23 MB
2026-03-21 03:17:58 | INFO | [ncluster=76/76] AUC-ROC=50.00%  AUC-PR=51.55%  F1=0.0000  MCC=0.0000  Train=0.296s  Test=0.025s  Peak RAM=38.23 MB
2026-03-21 03:17:58 | INFO | [ncluster=79/79] AUC-ROC=50.00%  AUC-PR=51.55%  F1=0.0000  MCC=0.0000  Train=0.230s  Test=0.030s  Peak RAM=38.231 MB
2026-03-21 03:17:58 | INFO | [ncluster=82/82] AUC-ROC=50.00%  AUC-PR=51.55%  F1=0.0000  MCC=0.0000  Train=0.349s  Test=0.028s  Peak RAM=38.231 MB
2026-03-21 03:17:58 | INFO | [ncluster=85/85] AUC-ROC=50.00%  AUC-PR=51.55%  F1=0.0000  MCC=0.0000  Train=0.245s  Test=0.027s  Peak RAM=38.233 MB
2026-03-21 03:17:58 | INFO | [ncluster=88/88] AUC-ROC=50.00%  AUC-PR=51.55%  F1=0.0000  MCC=0.0000  Train=0.224s  Test=0.024s  Peak RAM=38.234 MB
2026-03-21 03:17:58 | INFO | [ncluster=91/91] AUC-ROC=50.00%  AUC-PR=51.55%  F1=0.0000  MCC=0.0000  Train=0.224s  Test=0.028s  Peak RAM=38.233 MB
2026-03-21 03:17:58 | INFO | [ncluster=94/94] AUC-ROC=50.00%  AUC-PR=51.55%  F1=0.0000  MCC=0.0000  Train=0.205s  Test=0.030s  Peak RAM=38.233 MB
2026-03-21 03:17:58 | INFO | [ncluster=97/97] AUC-ROC=50.00%  AUC-PR=51.55%  F1=0.0000  MCC=0.0000  Train=0.175s  Test=0.031s  Peak RAM=38.235 MB
2026-03-21 03:17:58 | INFO | [ncluster=100/100] AUC-ROC=50.00%  AUC-PR=51.55%  F1=0.0000  MCC=0.0000  Train=0.213s  Test=0.028s  Peak RAM=38.235 MB
2026-03-21 03:17:58 | INFO | [ncluster=103/103] AUC-ROC=50.00%  AUC-PR=51.55%  F1=0.0000  MCC=0.0000  Train=0.343s  Test=0.032s  Peak RAM=38.236 MB
2026-03-21 03:17:58 | INFO | [ncluster=106/106] AUC-ROC=50.00%  AUC-PR=51.55%  F1=0.0000  MCC=0.0000  Train=0.218s  Test=0.052s  Peak RAM=38.237 MB
2026-03-21 03:17:58 | INFO | [ncluster=109/109] AUC-ROC=50.00%  AUC-PR=51.55%  F1=0.0000  MCC=0.0000  Train=0.214s  Test=0.031s  Peak RAM=38.236 MB
2026-03-21 03:17:58 | INFO | [ncluster=112/112] AUC-ROC=50.00%  AUC-PR=51.55%  F1=0.0000  MCC=0.0000  Train=0.239s  Test=0.030s  Peak RAM=38.249 MB
2026-03-21 03:17:58 | INFO | [ncluster=115/115] AUC-ROC=50.00%  AUC-PR=51.55%  F1=0.0000  MCC=0.0000  Train=0.192s  Test=0.032s  Peak RAM=38.237 MB
2026-03-21 03:17:58 | INFO | [ncluster=118/118] AUC-ROC=50.00%  AUC-PR=51.55%  F1=0.0000  MCC=0.0000  Train=0.196s  Test=0.029s  Peak RAM=38.238 MB
2026-03-21 03:17:58 | INFO | [ncluster=121/121] AUC-ROC=50.00%  AUC-PR=51.55%  F1=0.0000  MCC=0.0000  Train=0.269s  Test=0.033s  Peak RAM=38.239 MB
2026-03-21 03:17:58 | INFO | [ncluster=124/124] AUC-ROC=50.00%  AUC-PR=51.55%  F1=0.0000  MCC=0.0000  Train=0.195s  Test=0.033s  Peak RAM=38.249 MB
2026-03-21 03:17:58 | INFO | [ncluster=127/127] AUC-ROC=50.00%  AUC-PR=51.55%  F1=0.0000  MCC=0.0000  Train=0.276s  Test=0.036s  Peak RAM=38.24 MB
2026-03-21 03:17:58 | INFO | [ncluster=130/130] AUC-ROC=50.00%  AUC-PR=51.55%  F1=0.0000  MCC=0.0000  Train=0.217s  Test=0.047s  Peak RAM=38.24 MB
2026-03-21 03:17:58 | INFO | [ncluster=133/133] AUC-ROC=50.00%  AUC-PR=51.55%  F1=0.0000  MCC=0.0000  Train=0.240s  Test=0.044s  Peak RAM=38.241 MB
2026-03-21 03:17:58 | INFO | [ncluster=136/136] AUC-ROC=50.00%  AUC-PR=51.55%  F1=0.0000  MCC=0.0000  Train=0.223s  Test=0.034s  Peak RAM=38.241 MB
2026-03-21 03:17:58 | INFO | [ncluster=139/139] AUC-ROC=50.00%  AUC-PR=51.55%  F1=0.0000  MCC=0.0000  Train=0.253s  Test=0.037s  Peak RAM=38.242 MB
2026-03-21 03:17:58 | INFO | [ncluster=142/142] AUC-ROC=50.00%  AUC-PR=51.55%  F1=0.0000  MCC=0.0000  Train=0.263s  Test=0.064s  Peak RAM=38.251 MB
2026-03-21 03:17:58 | INFO | [ncluster=145/145] AUC-ROC=50.00%  AUC-PR=51.55%  F1=0.0000  MCC=0.0000  Train=0.179s  Test=0.035s  Peak RAM=38.244 MB
2026-03-21 03:17:58 | INFO | [ncluster=148/148] AUC-ROC=50.00%  AUC-PR=51.55%  F1=0.0000  MCC=0.0000  Train=0.135s  Test=0.031s  Peak RAM=38.243 MB
2026-03-21 03:17:58 | INFO | [ncluster=151/151] AUC-ROC=50.00%  AUC-PR=51.55%  F1=0.0000  MCC=0.0000  Train=0.271s  Test=0.037s  Peak RAM=38.244 MB
2026-03-21 03:17:58 | INFO | [ncluster=154/154] AUC-ROC=50.00%  AUC-PR=51.55%  F1=0.0000  MCC=0.0000  Train=0.180s  Test=0.043s  Peak RAM=38.245 MB
2026-03-21 03:17:58 | INFO | [ncluster=157/157] AUC-ROC=50.00%  AUC-PR=51.55%  F1=0.0000  MCC=0.0000  Train=0.261s  Test=0.043s  Peak RAM=38.246 MB
2026-03-21 03:17:58 | INFO | [ncluster=160/160] AUC-ROC=50.00%  AUC-PR=51.55%  F1=0.0000  MCC=0.0000  Train=0.378s  Test=0.053s  Peak RAM=38.245 MB
2026-03-21 03:17:58 | INFO | [ncluster=163/163] AUC-ROC=50.00%  AUC-PR=51.55%  F1=0.0000  MCC=0.0000  Train=0.241s  Test=0.037s  Peak RAM=38.247 MB
2026-03-21 03:17:58 | INFO | [ncluster=166/166] AUC-ROC=50.00%  AUC-PR=51.55%  F1=0.0000  MCC=0.0000  Train=0.253s  Test=0.046s  Peak RAM=38.254 MB
2026-03-21 03:17:58 | INFO | [ncluster=169/169] AUC-ROC=50.00%  AUC-PR=51.55%  F1=0.0000  MCC=0.0000  Train=0.243s  Test=0.084s  Peak RAM=38.247 MB
2026-03-21 03:17:58 | INFO | [ncluster=172/172] AUC-ROC=50.00%  AUC-PR=51.55%  F1=0.0000  MCC=0.0000  Train=0.210s  Test=0.045s  Peak RAM=38.248 MB
2026-03-21 03:17:58 | INFO | [ncluster=175/175] AUC-ROC=50.00%  AUC-PR=51.55%  F1=0.0000  MCC=0.0000  Train=0.259s  Test=0.044s  Peak RAM=38.261 MB
2026-03-21 03:17:58 | INFO | [ncluster=178/178] AUC-ROC=50.00%  AUC-PR=51.55%  F1=0.0000  MCC=0.0000  Train=0.203s  Test=0.038s  Peak RAM=38.25 MB
2026-03-21 03:17:58 | INFO | [ncluster=181/181] AUC-ROC=50.00%  AUC-PR=51.55%  F1=0.0000  MCC=0.0000  Train=0.267s  Test=0.042s  Peak RAM=38.25 MB
2026-03-21 03:17:58 | INFO | [ncluster=184/184] AUC-ROC=50.00%  AUC-PR=51.55%  F1=0.0000  MCC=0.0000  Train=0.349s  Test=0.042s  Peak RAM=38.25 MB
2026-03-21 03:17:58 | INFO | [ncluster=187/187] AUC-ROC=50.00%  AUC-PR=51.55%  F1=0.0000  MCC=0.0000  Train=0.417s  Test=0.045s  Peak RAM=38.251 MB
2026-03-21 03:17:58 | INFO | [ncluster=190/190] AUC-ROC=50.00%  AUC-PR=51.55%  F1=0.0000  MCC=0.0000  Train=0.254s  Test=0.050s  Peak RAM=38.252 MB
2026-03-21 03:17:58 | INFO | [ncluster=193/193] AUC-ROC=50.00%  AUC-PR=51.55%  F1=0.0000  MCC=0.0000  Train=0.285s  Test=0.049s  Peak RAM=38.264 MB
2026-03-21 03:17:58 | INFO | [ncluster=196/196] AUC-ROC=50.00%  AUC-PR=51.55%  F1=0.0000  MCC=0.0000  Train=0.267s  Test=0.048s  Peak RAM=38.253 MB
2026-03-21 03:17:58 | INFO | [ncluster=199/199] AUC-ROC=50.00%  AUC-PR=51.55%  F1=0.0000  MCC=0.0000  Train=0.222s  Test=0.047s  Peak RAM=38.252 MB
2026-03-21 03:17:58 | INFO | [ncluster=202/202] AUC-ROC=50.00%  AUC-PR=51.55%  F1=0.0000  MCC=0.0000  Train=0.212s  Test=0.044s  Peak RAM=38.254 MB
2026-03-21 03:17:58 | INFO | [ncluster=205/205] AUC-ROC=50.00%  AUC-PR=51.55%  F1=0.0000  MCC=0.0000  Train=0.311s  Test=0.051s  Peak RAM=38.263 MB
2026-03-21 03:17:58 | INFO | [ncluster=208/208] AUC-ROC=50.00%  AUC-PR=51.55%  F1=0.0000  MCC=0.0000  Train=0.224s  Test=0.048s  Peak RAM=38.259 MB
2026-03-21 03:17:58 | INFO | [ncluster=211/211] AUC-ROC=50.00%  AUC-PR=51.55%  F1=0.0000  MCC=0.0000  Train=0.215s  Test=0.042s  Peak RAM=38.261 MB
2026-03-21 03:17:58 | INFO | [ncluster=214/214] AUC-ROC=50.00%  AUC-PR=51.55%  F1=0.0000  MCC=0.0000  Train=0.210s  Test=0.045s  Peak RAM=38.256 MB
2026-03-21 03:17:58 | INFO | [ncluster=217/217] AUC-ROC=50.00%  AUC-PR=51.55%  F1=0.0000  MCC=0.0000  Train=0.236s  Test=0.050s  Peak RAM=38.256 MB
2026-03-21 03:17:58 | INFO | [ncluster=220/220] AUC-ROC=50.00%  AUC-PR=51.55%  F1=0.0000  MCC=0.0000  Train=0.227s  Test=0.050s  Peak RAM=38.258 MB
2026-03-21 03:17:58 | INFO | [ncluster=223/223] AUC-ROC=50.00%  AUC-PR=51.55%  F1=0.0000  MCC=0.0000  Train=0.246s  Test=0.052s  Peak RAM=38.257 MB
2026-03-21 03:17:58 | INFO | [ncluster=226/226] AUC-ROC=50.00%  AUC-PR=51.55%  F1=0.0000  MCC=0.0000  Train=0.283s  Test=0.059s  Peak RAM=38.266 MB
2026-03-21 03:17:58 | INFO | [ncluster=229/229] AUC-ROC=50.00%  AUC-PR=51.55%  F1=0.0000  MCC=0.0000  Train=0.243s  Test=0.050s  Peak RAM=38.259 MB
2026-03-21 03:17:58 | INFO | [ncluster=232/232] AUC-ROC=50.00%  AUC-PR=51.55%  F1=0.0000  MCC=0.0000  Train=0.251s  Test=0.052s  Peak RAM=38.26 MB
2026-03-21 03:17:58 | INFO | [ncluster=235/235] AUC-ROC=50.00%  AUC-PR=51.55%  F1=0.0000  MCC=0.0000  Train=0.206s  Test=0.049s  Peak RAM=38.265 MB
2026-03-21 03:17:58 | INFO | [ncluster=238/238] AUC-ROC=50.00%  AUC-PR=51.55%  F1=0.0000  MCC=0.0000  Train=0.284s  Test=0.060s  Peak RAM=38.271 MB
2026-03-21 03:17:58 | INFO | [ncluster=241/241] AUC-ROC=50.00%  AUC-PR=51.55%  F1=0.0000  MCC=0.0000  Train=0.187s  Test=0.048s  Peak RAM=38.261 MB
2026-03-21 03:17:58 | INFO | [ncluster=244/244] AUC-ROC=50.00%  AUC-PR=51.55%  F1=0.0000  MCC=0.0000  Train=0.212s  Test=0.053s  Peak RAM=38.262 MB
2026-03-21 03:17:58 | INFO | [ncluster=247/247] AUC-ROC=50.00%  AUC-PR=51.55%  F1=0.0000  MCC=0.0000  Train=0.212s  Test=0.072s  Peak RAM=38.263 MB
2026-03-21 03:17:58 | INFO | [ncluster=250/250] AUC-ROC=50.00%  AUC-PR=51.55%  F1=0.0000  MCC=0.0000  Train=0.199s  Test=0.065s  Peak RAM=38.262 MB
2026-03-21 03:17:58 | INFO | [ncluster=253/253] AUC-ROC=50.00%  AUC-PR=51.55%  F1=0.0000  MCC=0.0000  Train=0.215s  Test=0.049s  Peak RAM=38.262 MB
2026-03-21 03:17:58 | INFO | [ncluster=256/256] AUC-ROC=50.00%  AUC-PR=51.55%  F1=0.0000  MCC=0.0000  Train=0.285s  Test=0.055s  Peak RAM=38.263 MB
2026-03-21 03:17:58 | INFO | [ncluster=259/259] AUC-ROC=50.00%  AUC-PR=51.55%  F1=0.0000  MCC=0.0000  Train=0.310s  Test=0.052s  Peak RAM=38.264 MB
2026-03-21 03:17:58 | INFO | [ncluster=262/262] AUC-ROC=50.00%  AUC-PR=51.55%  F1=0.0000  MCC=0.0000  Train=0.292s  Test=0.059s  Peak RAM=38.265 MB
2026-03-21 03:17:58 | INFO | [ncluster=265/265] AUC-ROC=50.00%  AUC-PR=51.55%  F1=0.0000  MCC=0.0000  Train=0.251s  Test=0.052s  Peak RAM=38.265 MB
2026-03-21 03:17:58 | INFO | [ncluster=268/268] AUC-ROC=50.00%  AUC-PR=51.55%  F1=0.0000  MCC=0.0000  Train=0.206s  Test=0.057s  Peak RAM=38.265 MB
2026-03-21 03:17:58 | INFO | [ncluster=271/271] AUC-ROC=50.00%  AUC-PR=51.55%  F1=0.0000  MCC=0.0000  Train=0.240s  Test=0.057s  Peak RAM=38.266 MB
2026-03-21 03:17:58 | INFO | [ncluster=274/274] AUC-ROC=50.00%  AUC-PR=51.55%  F1=0.0000  MCC=0.0000  Train=0.204s  Test=0.053s  Peak RAM=38.268 MB
2026-03-21 03:17:58 | INFO | [ncluster=277/277] AUC-ROC=50.00%  AUC-PR=51.55%  F1=0.0000  MCC=0.0000  Train=0.147s  Test=0.041s  Peak RAM=38.268 MB
2026-03-21 03:17:58 | INFO | [ncluster=280/280] AUC-ROC=50.00%  AUC-PR=51.55%  F1=0.0000  MCC=0.0000  Train=0.120s  Test=0.035s  Peak RAM=38.267 MB
2026-03-21 03:17:58 | INFO | [ncluster=283/283] AUC-ROC=50.00%  AUC-PR=51.55%  F1=0.0000  MCC=0.0000  Train=0.108s  Test=0.034s  Peak RAM=38.268 MB
2026-03-21 03:17:58 | INFO | [ncluster=286/286] AUC-ROC=50.00%  AUC-PR=51.55%  F1=0.0000  MCC=0.0000  Train=0.106s  Test=0.034s  Peak RAM=38.268 MB
2026-03-21 03:17:58 | INFO | [ncluster=289/289] AUC-ROC=50.00%  AUC-PR=51.55%  F1=0.0000  MCC=0.0000  Train=0.121s  Test=0.035s  Peak RAM=38.269 MB
2026-03-21 03:17:58 | INFO | [ncluster=292/292] AUC-ROC=50.00%  AUC-PR=51.55%  F1=0.0000  MCC=0.0000  Train=0.107s  Test=0.035s  Peak RAM=38.269 MB
2026-03-21 03:17:58 | INFO | [ncluster=295/295] AUC-ROC=50.00%  AUC-PR=51.55%  F1=0.0000  MCC=0.0000  Train=0.113s  Test=0.033s  Peak RAM=38.271 MB
2026-03-21 03:17:58 | INFO | [ncluster=298/298] AUC-ROC=50.00%  AUC-PR=51.55%  F1=0.0000  MCC=0.0000  Train=0.102s  Test=0.031s  Peak RAM=38.271 MB
2026-03-21 03:17:58 | INFO | --- noise=5% ---
2026-03-21 03:17:58 | INFO | ============================================================
2026-03-21 03:17:58 | INFO | Dataset  : Train_Normalizer_data_CICIoT2023.csv
2026-03-21 03:17:58 | INFO | Scaler   : Normalizer
2026-03-21 03:17:58 | INFO | Noise    : 5%
2026-03-21 03:17:58 | INFO | nClusters: 100 values (1..298)
2026-03-21 03:17:58 | INFO | ============================================================
2026-03-21 03:17:58 | INFO | Loaded Raw Shape -> Train: (30000, 45), Test: (30000, 45)
2026-03-21 03:17:58 | INFO | Training size : 31,500  |  Testing size: 28,500  |  Features: 44
2026-03-21 03:17:58 | INFO | Firing up Parallel execution for 100 cluster configs...
2026-03-21 03:20:29 | INFO | [ncluster=1/1] AUC-ROC=50.00%  AUC-PR=52.63%  F1=0.0000  MCC=0.0000  Train=0.281s  Test=0.012s  Peak RAM=38.957 MB
2026-03-21 03:20:29 | INFO | [ncluster=4/4] AUC-ROC=50.00%  AUC-PR=52.63%  F1=0.0000  MCC=0.0000  Train=0.263s  Test=0.015s  Peak RAM=38.96 MB
2026-03-21 03:20:29 | INFO | [ncluster=7/7] AUC-ROC=50.00%  AUC-PR=52.63%  F1=0.0000  MCC=0.0000  Train=0.373s  Test=0.018s  Peak RAM=38.96 MB
2026-03-21 03:20:29 | INFO | [ncluster=10/10] AUC-ROC=50.00%  AUC-PR=52.63%  F1=0.0000  MCC=0.0000  Train=0.368s  Test=0.031s  Peak RAM=38.961 MB
2026-03-21 03:20:29 | INFO | [ncluster=13/13] AUC-ROC=50.00%  AUC-PR=52.63%  F1=0.0000  MCC=0.0000  Train=0.294s  Test=0.020s  Peak RAM=38.96 MB
2026-03-21 03:20:29 | INFO | [ncluster=16/16] AUC-ROC=50.00%  AUC-PR=52.63%  F1=0.0000  MCC=0.0000  Train=0.348s  Test=0.019s  Peak RAM=38.961 MB
2026-03-21 03:20:29 | INFO | [ncluster=19/19] AUC-ROC=50.00%  AUC-PR=52.63%  F1=0.0000  MCC=0.0000  Train=0.241s  Test=0.015s  Peak RAM=38.961 MB
2026-03-21 03:20:29 | INFO | [ncluster=22/22] AUC-ROC=50.00%  AUC-PR=52.63%  F1=0.0000  MCC=0.0000  Train=0.299s  Test=0.020s  Peak RAM=38.962 MB
2026-03-21 03:20:29 | INFO | [ncluster=25/25] AUC-ROC=50.00%  AUC-PR=52.63%  F1=0.0000  MCC=0.0000  Train=0.294s  Test=0.019s  Peak RAM=38.963 MB
2026-03-21 03:20:29 | INFO | [ncluster=28/28] AUC-ROC=50.00%  AUC-PR=52.63%  F1=0.0000  MCC=0.0000  Train=0.240s  Test=0.019s  Peak RAM=38.963 MB
2026-03-21 03:20:29 | INFO | [ncluster=31/31] AUC-ROC=50.00%  AUC-PR=52.63%  F1=0.0000  MCC=0.0000  Train=0.251s  Test=0.021s  Peak RAM=38.964 MB
2026-03-21 03:20:29 | INFO | [ncluster=34/34] AUC-ROC=50.00%  AUC-PR=52.63%  F1=0.0000  MCC=0.0000  Train=0.323s  Test=0.019s  Peak RAM=38.965 MB
2026-03-21 03:20:29 | INFO | [ncluster=37/37] AUC-ROC=50.00%  AUC-PR=52.63%  F1=0.0000  MCC=0.0000  Train=0.303s  Test=0.020s  Peak RAM=38.966 MB
2026-03-21 03:20:29 | INFO | [ncluster=40/40] AUC-ROC=50.00%  AUC-PR=52.63%  F1=0.0000  MCC=0.0000  Train=0.326s  Test=0.021s  Peak RAM=38.965 MB
2026-03-21 03:20:29 | INFO | [ncluster=43/43] AUC-ROC=50.00%  AUC-PR=52.63%  F1=0.0000  MCC=0.0000  Train=0.266s  Test=0.021s  Peak RAM=38.966 MB
2026-03-21 03:20:29 | INFO | [ncluster=46/46] AUC-ROC=50.00%  AUC-PR=52.63%  F1=0.0000  MCC=0.0000  Train=0.303s  Test=0.022s  Peak RAM=38.966 MB
2026-03-21 03:20:29 | INFO | [ncluster=49/49] AUC-ROC=50.00%  AUC-PR=52.63%  F1=0.0000  MCC=0.0000  Train=0.313s  Test=0.021s  Peak RAM=38.968 MB
2026-03-21 03:20:29 | INFO | [ncluster=52/52] AUC-ROC=50.00%  AUC-PR=52.63%  F1=0.0000  MCC=0.0000  Train=0.342s  Test=0.023s  Peak RAM=38.967 MB
2026-03-21 03:20:29 | INFO | [ncluster=55/55] AUC-ROC=50.00%  AUC-PR=52.63%  F1=0.0000  MCC=0.0000  Train=0.376s  Test=0.042s  Peak RAM=38.968 MB
2026-03-21 03:20:29 | INFO | [ncluster=58/58] AUC-ROC=50.00%  AUC-PR=52.63%  F1=0.0000  MCC=0.0000  Train=0.225s  Test=0.023s  Peak RAM=38.969 MB
2026-03-21 03:20:29 | INFO | [ncluster=61/61] AUC-ROC=50.00%  AUC-PR=52.63%  F1=0.0000  MCC=0.0000  Train=0.239s  Test=0.030s  Peak RAM=38.97 MB
2026-03-21 03:20:29 | INFO | [ncluster=64/64] AUC-ROC=50.00%  AUC-PR=52.63%  F1=0.0000  MCC=0.0000  Train=0.180s  Test=0.021s  Peak RAM=38.971 MB
2026-03-21 03:20:29 | INFO | [ncluster=67/67] AUC-ROC=50.00%  AUC-PR=52.63%  F1=0.0000  MCC=0.0000  Train=0.295s  Test=0.022s  Peak RAM=38.972 MB
2026-03-21 03:20:29 | INFO | [ncluster=70/70] AUC-ROC=50.00%  AUC-PR=52.63%  F1=0.0000  MCC=0.0000  Train=0.210s  Test=0.048s  Peak RAM=38.971 MB
2026-03-21 03:20:29 | INFO | [ncluster=73/73] AUC-ROC=50.00%  AUC-PR=52.63%  F1=0.0000  MCC=0.0000  Train=0.276s  Test=0.028s  Peak RAM=38.971 MB
2026-03-21 03:20:29 | INFO | [ncluster=76/76] AUC-ROC=50.00%  AUC-PR=52.63%  F1=0.0000  MCC=0.0000  Train=0.217s  Test=0.026s  Peak RAM=38.973 MB
2026-03-21 03:20:29 | INFO | [ncluster=79/79] AUC-ROC=50.00%  AUC-PR=52.63%  F1=0.0000  MCC=0.0000  Train=0.187s  Test=0.027s  Peak RAM=38.974 MB
2026-03-21 03:20:29 | INFO | [ncluster=82/82] AUC-ROC=50.00%  AUC-PR=52.63%  F1=0.0000  MCC=0.0000  Train=0.218s  Test=0.027s  Peak RAM=38.973 MB
2026-03-21 03:20:29 | INFO | [ncluster=85/85] AUC-ROC=50.00%  AUC-PR=52.63%  F1=0.0000  MCC=0.0000  Train=0.377s  Test=0.029s  Peak RAM=38.974 MB
2026-03-21 03:20:29 | INFO | [ncluster=88/88] AUC-ROC=50.00%  AUC-PR=52.63%  F1=0.0000  MCC=0.0000  Train=0.233s  Test=0.024s  Peak RAM=38.975 MB
2026-03-21 03:20:29 | INFO | [ncluster=91/91] AUC-ROC=50.00%  AUC-PR=52.63%  F1=0.0000  MCC=0.0000  Train=0.205s  Test=0.030s  Peak RAM=38.974 MB
2026-03-21 03:20:29 | INFO | [ncluster=94/94] AUC-ROC=50.00%  AUC-PR=52.63%  F1=0.0000  MCC=0.0000  Train=0.299s  Test=0.064s  Peak RAM=38.976 MB
2026-03-21 03:20:29 | INFO | [ncluster=97/97] AUC-ROC=50.00%  AUC-PR=52.63%  F1=0.0000  MCC=0.0000  Train=0.216s  Test=0.026s  Peak RAM=38.976 MB
2026-03-21 03:20:29 | INFO | [ncluster=100/100] AUC-ROC=50.00%  AUC-PR=52.63%  F1=0.0000  MCC=0.0000  Train=0.213s  Test=0.027s  Peak RAM=38.976 MB
2026-03-21 03:20:29 | INFO | [ncluster=103/103] AUC-ROC=50.00%  AUC-PR=52.63%  F1=0.0000  MCC=0.0000  Train=0.275s  Test=0.030s  Peak RAM=38.977 MB
2026-03-21 03:20:29 | INFO | [ncluster=106/106] AUC-ROC=50.00%  AUC-PR=52.63%  F1=0.0000  MCC=0.0000  Train=0.345s  Test=0.060s  Peak RAM=38.979 MB
2026-03-21 03:20:29 | INFO | [ncluster=109/109] AUC-ROC=50.00%  AUC-PR=52.63%  F1=0.0000  MCC=0.0000  Train=0.414s  Test=0.032s  Peak RAM=38.979 MB
2026-03-21 03:20:29 | INFO | [ncluster=112/112] AUC-ROC=50.00%  AUC-PR=52.63%  F1=0.0000  MCC=0.0000  Train=0.218s  Test=0.031s  Peak RAM=38.979 MB
2026-03-21 03:20:29 | INFO | [ncluster=115/115] AUC-ROC=50.00%  AUC-PR=52.63%  F1=0.0000  MCC=0.0000  Train=0.262s  Test=0.035s  Peak RAM=38.98 MB
2026-03-21 03:20:29 | INFO | [ncluster=118/118] AUC-ROC=50.00%  AUC-PR=52.63%  F1=0.0000  MCC=0.0000  Train=0.230s  Test=0.033s  Peak RAM=38.981 MB
2026-03-21 03:20:29 | INFO | [ncluster=121/121] AUC-ROC=50.00%  AUC-PR=52.63%  F1=0.0000  MCC=0.0000  Train=0.256s  Test=0.030s  Peak RAM=38.981 MB
2026-03-21 03:20:29 | INFO | [ncluster=124/124] AUC-ROC=50.00%  AUC-PR=52.63%  F1=0.0000  MCC=0.0000  Train=0.216s  Test=0.033s  Peak RAM=38.98 MB
2026-03-21 03:20:29 | INFO | [ncluster=127/127] AUC-ROC=50.00%  AUC-PR=52.63%  F1=0.0000  MCC=0.0000  Train=0.209s  Test=0.030s  Peak RAM=38.981 MB
2026-03-21 03:20:29 | INFO | [ncluster=130/130] AUC-ROC=50.00%  AUC-PR=52.63%  F1=0.0000  MCC=0.0000  Train=0.184s  Test=0.032s  Peak RAM=38.981 MB
2026-03-21 03:20:29 | INFO | [ncluster=133/133] AUC-ROC=50.00%  AUC-PR=52.63%  F1=0.0000  MCC=0.0000  Train=0.190s  Test=0.033s  Peak RAM=38.982 MB
2026-03-21 03:20:29 | INFO | [ncluster=136/136] AUC-ROC=50.00%  AUC-PR=52.63%  F1=0.0000  MCC=0.0000  Train=0.292s  Test=0.033s  Peak RAM=38.984 MB
2026-03-21 03:20:29 | INFO | [ncluster=139/139] AUC-ROC=50.00%  AUC-PR=52.63%  F1=0.0000  MCC=0.0000  Train=0.356s  Test=0.037s  Peak RAM=38.983 MB
2026-03-21 03:20:29 | INFO | [ncluster=142/142] AUC-ROC=50.00%  AUC-PR=52.63%  F1=0.0000  MCC=0.0000  Train=0.310s  Test=0.035s  Peak RAM=38.984 MB
2026-03-21 03:20:29 | INFO | [ncluster=145/145] AUC-ROC=50.00%  AUC-PR=52.63%  F1=0.0000  MCC=0.0000  Train=0.254s  Test=0.040s  Peak RAM=38.986 MB
2026-03-21 03:20:29 | INFO | [ncluster=148/148] AUC-ROC=50.00%  AUC-PR=52.63%  F1=0.0000  MCC=0.0000  Train=0.236s  Test=0.041s  Peak RAM=38.985 MB
2026-03-21 03:20:29 | INFO | [ncluster=151/151] AUC-ROC=50.00%  AUC-PR=52.63%  F1=0.0000  MCC=0.0000  Train=0.273s  Test=0.036s  Peak RAM=38.985 MB
2026-03-21 03:20:29 | INFO | [ncluster=154/154] AUC-ROC=50.00%  AUC-PR=52.63%  F1=0.0000  MCC=0.0000  Train=0.219s  Test=0.035s  Peak RAM=38.987 MB
2026-03-21 03:20:29 | INFO | [ncluster=157/157] AUC-ROC=50.00%  AUC-PR=52.63%  F1=0.0000  MCC=0.0000  Train=0.294s  Test=0.042s  Peak RAM=38.986 MB
2026-03-21 03:20:29 | INFO | [ncluster=160/160] AUC-ROC=50.00%  AUC-PR=52.63%  F1=0.0000  MCC=0.0000  Train=0.258s  Test=0.035s  Peak RAM=38.988 MB
2026-03-21 03:20:29 | INFO | [ncluster=163/163] AUC-ROC=50.00%  AUC-PR=52.63%  F1=0.0000  MCC=0.0000  Train=0.259s  Test=0.043s  Peak RAM=38.989 MB
2026-03-21 03:20:29 | INFO | [ncluster=166/166] AUC-ROC=50.00%  AUC-PR=52.63%  F1=0.0000  MCC=0.0000  Train=0.202s  Test=0.037s  Peak RAM=38.989 MB
2026-03-21 03:20:29 | INFO | [ncluster=169/169] AUC-ROC=50.00%  AUC-PR=52.63%  F1=0.0000  MCC=0.0000  Train=0.396s  Test=0.083s  Peak RAM=38.989 MB
2026-03-21 03:20:29 | INFO | [ncluster=172/172] AUC-ROC=50.00%  AUC-PR=52.63%  F1=0.0000  MCC=0.0000  Train=0.289s  Test=0.037s  Peak RAM=38.99 MB
2026-03-21 03:20:29 | INFO | [ncluster=175/175] AUC-ROC=50.00%  AUC-PR=52.63%  F1=0.0000  MCC=0.0000  Train=0.307s  Test=0.042s  Peak RAM=38.991 MB
2026-03-21 03:20:29 | INFO | [ncluster=178/178] AUC-ROC=50.00%  AUC-PR=52.63%  F1=0.0000  MCC=0.0000  Train=0.198s  Test=0.040s  Peak RAM=38.991 MB
2026-03-21 03:20:29 | INFO | [ncluster=181/181] AUC-ROC=50.00%  AUC-PR=52.63%  F1=0.0000  MCC=0.0000  Train=0.241s  Test=0.043s  Peak RAM=38.991 MB
2026-03-21 03:20:29 | INFO | [ncluster=184/184] AUC-ROC=50.00%  AUC-PR=52.63%  F1=0.0000  MCC=0.0000  Train=0.231s  Test=0.040s  Peak RAM=38.993 MB
2026-03-21 03:20:29 | INFO | [ncluster=187/187] AUC-ROC=50.00%  AUC-PR=52.63%  F1=0.0000  MCC=0.0000  Train=0.184s  Test=0.041s  Peak RAM=38.992 MB
2026-03-21 03:20:29 | INFO | [ncluster=190/190] AUC-ROC=50.00%  AUC-PR=52.63%  F1=0.0000  MCC=0.0000  Train=0.245s  Test=0.056s  Peak RAM=38.993 MB
2026-03-21 03:20:29 | INFO | [ncluster=193/193] AUC-ROC=50.00%  AUC-PR=52.63%  F1=0.0000  MCC=0.0000  Train=0.228s  Test=0.040s  Peak RAM=38.993 MB
2026-03-21 03:20:29 | INFO | [ncluster=196/196] AUC-ROC=50.00%  AUC-PR=52.63%  F1=0.0000  MCC=0.0000  Train=0.252s  Test=0.059s  Peak RAM=38.994 MB
2026-03-21 03:20:29 | INFO | [ncluster=199/199] AUC-ROC=50.00%  AUC-PR=52.63%  F1=0.0000  MCC=0.0000  Train=0.244s  Test=0.049s  Peak RAM=38.994 MB
2026-03-21 03:20:29 | INFO | [ncluster=202/202] AUC-ROC=50.00%  AUC-PR=52.63%  F1=0.0000  MCC=0.0000  Train=0.254s  Test=0.056s  Peak RAM=38.994 MB
2026-03-21 03:20:29 | INFO | [ncluster=205/205] AUC-ROC=50.00%  AUC-PR=52.63%  F1=0.0000  MCC=0.0000  Train=0.317s  Test=0.047s  Peak RAM=38.996 MB
2026-03-21 03:20:29 | INFO | [ncluster=208/208] AUC-ROC=50.00%  AUC-PR=52.63%  F1=0.0000  MCC=0.0000  Train=0.291s  Test=0.049s  Peak RAM=38.996 MB
2026-03-21 03:20:29 | INFO | [ncluster=211/211] AUC-ROC=50.00%  AUC-PR=52.63%  F1=0.0000  MCC=0.0000  Train=0.233s  Test=0.044s  Peak RAM=38.997 MB
2026-03-21 03:20:29 | INFO | [ncluster=214/214] AUC-ROC=50.00%  AUC-PR=52.63%  F1=0.0000  MCC=0.0000  Train=0.284s  Test=0.053s  Peak RAM=38.997 MB
2026-03-21 03:20:29 | INFO | [ncluster=217/217] AUC-ROC=50.00%  AUC-PR=52.63%  F1=0.0000  MCC=0.0000  Train=0.205s  Test=0.061s  Peak RAM=38.997 MB
2026-03-21 03:20:29 | INFO | [ncluster=220/220] AUC-ROC=50.00%  AUC-PR=52.63%  F1=0.0000  MCC=0.0000  Train=0.297s  Test=0.061s  Peak RAM=38.999 MB
2026-03-21 03:20:29 | INFO | [ncluster=223/223] AUC-ROC=50.00%  AUC-PR=52.63%  F1=0.0000  MCC=0.0000  Train=0.189s  Test=0.045s  Peak RAM=38.998 MB
2026-03-21 03:20:29 | INFO | [ncluster=226/226] AUC-ROC=50.00%  AUC-PR=52.63%  F1=0.0000  MCC=0.0000  Train=0.212s  Test=0.045s  Peak RAM=39.0 MB
2026-03-21 03:20:29 | INFO | [ncluster=229/229] AUC-ROC=50.00%  AUC-PR=52.63%  F1=0.0000  MCC=0.0000  Train=0.314s  Test=0.048s  Peak RAM=39.0 MB
2026-03-21 03:20:29 | INFO | [ncluster=232/232] AUC-ROC=50.00%  AUC-PR=52.63%  F1=0.0000  MCC=0.0000  Train=0.207s  Test=0.048s  Peak RAM=39.0 MB
2026-03-21 03:20:29 | INFO | [ncluster=235/235] AUC-ROC=50.00%  AUC-PR=52.63%  F1=0.0000  MCC=0.0000  Train=0.173s  Test=0.050s  Peak RAM=39.001 MB
2026-03-21 03:20:29 | INFO | [ncluster=238/238] AUC-ROC=50.00%  AUC-PR=52.63%  F1=0.0000  MCC=0.0000  Train=0.225s  Test=0.049s  Peak RAM=39.002 MB
2026-03-21 03:20:29 | INFO | [ncluster=241/241] AUC-ROC=50.00%  AUC-PR=52.63%  F1=0.0000  MCC=0.0000  Train=0.315s  Test=0.062s  Peak RAM=39.001 MB
2026-03-21 03:20:29 | INFO | [ncluster=244/244] AUC-ROC=50.00%  AUC-PR=52.63%  F1=0.0000  MCC=0.0000  Train=0.187s  Test=0.049s  Peak RAM=39.002 MB
2026-03-21 03:20:29 | INFO | [ncluster=247/247] AUC-ROC=50.00%  AUC-PR=52.63%  F1=0.0000  MCC=0.0000  Train=0.245s  Test=0.053s  Peak RAM=39.003 MB
2026-03-21 03:20:29 | INFO | [ncluster=250/250] AUC-ROC=50.00%  AUC-PR=52.63%  F1=0.0000  MCC=0.0000  Train=0.311s  Test=0.060s  Peak RAM=39.006 MB
2026-03-21 03:20:29 | INFO | [ncluster=253/253] AUC-ROC=50.00%  AUC-PR=52.63%  F1=0.0000  MCC=0.0000  Train=0.285s  Test=0.116s  Peak RAM=39.004 MB
2026-03-21 03:20:29 | INFO | [ncluster=256/256] AUC-ROC=50.00%  AUC-PR=52.63%  F1=0.0000  MCC=0.0000  Train=0.218s  Test=0.052s  Peak RAM=39.005 MB
2026-03-21 03:20:29 | INFO | [ncluster=259/259] AUC-ROC=50.00%  AUC-PR=52.63%  F1=0.0000  MCC=0.0000  Train=0.251s  Test=0.050s  Peak RAM=39.006 MB
2026-03-21 03:20:29 | INFO | [ncluster=262/262] AUC-ROC=50.00%  AUC-PR=52.63%  F1=0.0000  MCC=0.0000  Train=0.237s  Test=0.060s  Peak RAM=39.006 MB
2026-03-21 03:20:29 | INFO | [ncluster=265/265] AUC-ROC=50.00%  AUC-PR=52.63%  F1=0.0000  MCC=0.0000  Train=0.225s  Test=0.058s  Peak RAM=39.006 MB
2026-03-21 03:20:29 | INFO | [ncluster=268/268] AUC-ROC=50.00%  AUC-PR=52.63%  F1=0.0000  MCC=0.0000  Train=0.213s  Test=0.053s  Peak RAM=39.007 MB
2026-03-21 03:20:29 | INFO | [ncluster=271/271] AUC-ROC=50.00%  AUC-PR=52.63%  F1=0.0000  MCC=0.0000  Train=0.239s  Test=0.058s  Peak RAM=39.008 MB
2026-03-21 03:20:29 | INFO | [ncluster=274/274] AUC-ROC=50.00%  AUC-PR=52.63%  F1=0.0000  MCC=0.0000  Train=0.199s  Test=0.052s  Peak RAM=39.009 MB
2026-03-21 03:20:29 | INFO | [ncluster=277/277] AUC-ROC=50.00%  AUC-PR=52.63%  F1=0.0000  MCC=0.0000  Train=0.213s  Test=0.052s  Peak RAM=39.01 MB
2026-03-21 03:20:29 | INFO | [ncluster=280/280] AUC-ROC=50.00%  AUC-PR=52.63%  F1=0.0000  MCC=0.0000  Train=0.119s  Test=0.033s  Peak RAM=39.009 MB
2026-03-21 03:20:29 | INFO | [ncluster=283/283] AUC-ROC=50.00%  AUC-PR=52.63%  F1=0.0000  MCC=0.0000  Train=0.171s  Test=0.053s  Peak RAM=39.01 MB
2026-03-21 03:20:29 | INFO | [ncluster=286/286] AUC-ROC=50.00%  AUC-PR=52.63%  F1=0.0000  MCC=0.0000  Train=0.125s  Test=0.034s  Peak RAM=39.011 MB
2026-03-21 03:20:29 | INFO | [ncluster=289/289] AUC-ROC=50.00%  AUC-PR=52.63%  F1=0.0000  MCC=0.0000  Train=0.116s  Test=0.036s  Peak RAM=39.011 MB
2026-03-21 03:20:29 | INFO | [ncluster=292/292] AUC-ROC=50.00%  AUC-PR=52.63%  F1=0.0000  MCC=0.0000  Train=0.104s  Test=0.033s  Peak RAM=39.011 MB
2026-03-21 03:20:29 | INFO | [ncluster=295/295] AUC-ROC=50.00%  AUC-PR=52.63%  F1=0.0000  MCC=0.0000  Train=0.104s  Test=0.034s  Peak RAM=39.011 MB
2026-03-21 03:20:29 | INFO | [ncluster=298/298] AUC-ROC=50.00%  AUC-PR=52.63%  F1=0.0000  MCC=0.0000  Train=0.106s  Test=0.035s  Peak RAM=39.012 MB
2026-03-21 03:20:29 | INFO | 
>>> Processing data_CICIoT2023 | scaler=QuantileTransformer
2026-03-21 03:20:29 | INFO | --- noise=0% ---
2026-03-21 03:20:29 | INFO | ============================================================
2026-03-21 03:20:29 | INFO | Dataset  : Train_QuantileTransformer_data_CICIoT2023.csv
2026-03-21 03:20:29 | INFO | Scaler   : QuantileTransformer
2026-03-21 03:20:29 | INFO | Noise    : 0%
2026-03-21 03:20:29 | INFO | nClusters: 100 values (1..298)
2026-03-21 03:20:29 | INFO | ============================================================
2026-03-21 03:20:30 | INFO | Loaded Raw Shape -> Train: (30000, 45), Test: (30000, 45)
2026-03-21 03:20:30 | INFO | Training size : 30,000  |  Testing size: 30,000  |  Features: 44
2026-03-21 03:20:30 | INFO | Firing up Parallel execution for 100 cluster configs...
2026-03-21 03:23:31 | INFO | [ncluster=1/1] AUC-ROC=59.09%  AUC-PR=60.54%  F1=0.4732  MCC=0.1916  Train=0.219s  Test=0.023s  Peak RAM=37.103 MB
2026-03-21 03:23:31 | INFO | [ncluster=4/4] AUC-ROC=59.26%  AUC-PR=60.86%  F1=0.4786  MCC=0.1982  Train=0.252s  Test=0.023s  Peak RAM=37.106 MB
2026-03-21 03:23:31 | INFO | [ncluster=7/7] AUC-ROC=59.89%  AUC-PR=62.15%  F1=0.4904  MCC=0.2256  Train=0.233s  Test=0.023s  Peak RAM=37.105 MB
2026-03-21 03:23:31 | INFO | [ncluster=10/10] AUC-ROC=59.20%  AUC-PR=60.73%  F1=0.4651  MCC=0.1990  Train=0.207s  Test=0.024s  Peak RAM=37.106 MB
2026-03-21 03:23:31 | INFO | [ncluster=13/13] AUC-ROC=59.01%  AUC-PR=60.31%  F1=0.4828  MCC=0.1892  Train=0.142s  Test=0.024s  Peak RAM=37.107 MB
2026-03-21 03:23:31 | INFO | [ncluster=16/16] AUC-ROC=59.05%  AUC-PR=60.43%  F1=0.4897  MCC=0.1889  Train=0.281s  Test=0.024s  Peak RAM=37.107 MB
2026-03-21 03:23:31 | INFO | [ncluster=19/19] AUC-ROC=59.09%  AUC-PR=60.40%  F1=0.4822  MCC=0.1965  Train=0.173s  Test=0.028s  Peak RAM=37.108 MB
2026-03-21 03:23:31 | INFO | [ncluster=22/22] AUC-ROC=59.34%  AUC-PR=61.40%  F1=0.4621  MCC=0.2136  Train=0.278s  Test=0.025s  Peak RAM=37.108 MB
2026-03-21 03:23:31 | INFO | [ncluster=25/25] AUC-ROC=58.97%  AUC-PR=60.14%  F1=0.4771  MCC=0.1950  Train=0.296s  Test=0.057s  Peak RAM=37.109 MB
2026-03-21 03:23:31 | INFO | [ncluster=28/28] AUC-ROC=58.87%  AUC-PR=59.94%  F1=0.4984  MCC=0.1843  Train=0.243s  Test=0.032s  Peak RAM=37.109 MB
2026-03-21 03:23:31 | INFO | [ncluster=31/31] AUC-ROC=59.18%  AUC-PR=60.91%  F1=0.4664  MCC=0.2064  Train=0.156s  Test=0.029s  Peak RAM=37.109 MB
2026-03-21 03:23:31 | INFO | [ncluster=34/34] AUC-ROC=59.09%  AUC-PR=60.58%  F1=0.4838  MCC=0.1947  Train=0.155s  Test=0.026s  Peak RAM=37.11 MB
2026-03-21 03:23:31 | INFO | [ncluster=37/37] AUC-ROC=59.53%  AUC-PR=61.15%  F1=0.5031  MCC=0.2005  Train=0.168s  Test=0.028s  Peak RAM=37.11 MB
2026-03-21 03:23:31 | INFO | [ncluster=40/40] AUC-ROC=59.35%  AUC-PR=60.87%  F1=0.4909  MCC=0.1950  Train=0.131s  Test=0.028s  Peak RAM=37.111 MB
2026-03-21 03:23:31 | INFO | [ncluster=43/43] AUC-ROC=59.66%  AUC-PR=61.40%  F1=0.4958  MCC=0.2156  Train=0.122s  Test=0.027s  Peak RAM=37.113 MB
2026-03-21 03:23:31 | INFO | [ncluster=46/46] AUC-ROC=61.48%  AUC-PR=64.76%  F1=0.5134  MCC=0.2700  Train=0.205s  Test=0.029s  Peak RAM=37.113 MB
2026-03-21 03:23:31 | INFO | [ncluster=49/49] AUC-ROC=60.10%  AUC-PR=62.34%  F1=0.4895  MCC=0.2335  Train=0.207s  Test=0.027s  Peak RAM=37.113 MB
2026-03-21 03:23:31 | INFO | [ncluster=52/52] AUC-ROC=62.30%  AUC-PR=65.73%  F1=0.5300  MCC=0.2946  Train=0.185s  Test=0.036s  Peak RAM=37.113 MB
2026-03-21 03:23:31 | INFO | [ncluster=55/55] AUC-ROC=61.92%  AUC-PR=65.23%  F1=0.5211  MCC=0.2827  Train=0.254s  Test=0.031s  Peak RAM=37.115 MB
2026-03-21 03:23:31 | INFO | [ncluster=58/58] AUC-ROC=60.17%  AUC-PR=62.12%  F1=0.4945  MCC=0.2308  Train=0.160s  Test=0.033s  Peak RAM=37.115 MB
2026-03-21 03:23:31 | INFO | [ncluster=61/61] AUC-ROC=60.77%  AUC-PR=63.36%  F1=0.5049  MCC=0.2576  Train=0.169s  Test=0.032s  Peak RAM=37.115 MB
2026-03-21 03:23:31 | INFO | [ncluster=64/64] AUC-ROC=59.62%  AUC-PR=61.23%  F1=0.4881  MCC=0.2125  Train=0.215s  Test=0.054s  Peak RAM=37.116 MB
2026-03-21 03:23:31 | INFO | [ncluster=67/67] AUC-ROC=60.83%  AUC-PR=63.62%  F1=0.4989  MCC=0.2583  Train=0.193s  Test=0.031s  Peak RAM=37.117 MB
2026-03-21 03:23:31 | INFO | [ncluster=70/70] AUC-ROC=60.79%  AUC-PR=63.62%  F1=0.5013  MCC=0.2548  Train=0.152s  Test=0.032s  Peak RAM=37.116 MB
2026-03-21 03:23:31 | INFO | [ncluster=73/73] AUC-ROC=60.47%  AUC-PR=63.25%  F1=0.4899  MCC=0.2493  Train=0.179s  Test=0.033s  Peak RAM=37.118 MB
2026-03-21 03:23:31 | INFO | [ncluster=76/76] AUC-ROC=60.32%  AUC-PR=63.02%  F1=0.4941  MCC=0.2433  Train=0.181s  Test=0.034s  Peak RAM=37.118 MB
2026-03-21 03:23:31 | INFO | [ncluster=79/79] AUC-ROC=60.99%  AUC-PR=64.25%  F1=0.5068  MCC=0.2638  Train=0.162s  Test=0.039s  Peak RAM=37.119 MB
2026-03-21 03:23:31 | INFO | [ncluster=82/82] AUC-ROC=59.10%  AUC-PR=60.22%  F1=0.4884  MCC=0.1983  Train=0.184s  Test=0.032s  Peak RAM=37.119 MB
2026-03-21 03:23:31 | INFO | [ncluster=85/85] AUC-ROC=59.34%  AUC-PR=60.26%  F1=0.4836  MCC=0.2104  Train=0.169s  Test=0.033s  Peak RAM=37.12 MB
2026-03-21 03:23:31 | INFO | [ncluster=88/88] AUC-ROC=59.30%  AUC-PR=61.29%  F1=0.4759  MCC=0.2028  Train=0.165s  Test=0.034s  Peak RAM=37.119 MB
2026-03-21 03:23:31 | INFO | [ncluster=91/91] AUC-ROC=59.65%  AUC-PR=61.17%  F1=0.4971  MCC=0.2190  Train=0.197s  Test=0.036s  Peak RAM=37.121 MB
2026-03-21 03:23:31 | INFO | [ncluster=94/94] AUC-ROC=60.53%  AUC-PR=63.30%  F1=0.4981  MCC=0.2369  Train=0.243s  Test=0.035s  Peak RAM=37.121 MB
2026-03-21 03:23:31 | INFO | [ncluster=97/97] AUC-ROC=59.43%  AUC-PR=60.91%  F1=0.4902  MCC=0.2128  Train=0.179s  Test=0.036s  Peak RAM=37.122 MB
2026-03-21 03:23:31 | INFO | [ncluster=100/100] AUC-ROC=59.88%  AUC-PR=62.11%  F1=0.4854  MCC=0.2336  Train=0.186s  Test=0.036s  Peak RAM=37.122 MB
2026-03-21 03:23:31 | INFO | [ncluster=103/103] AUC-ROC=58.62%  AUC-PR=59.14%  F1=0.4810  MCC=0.1852  Train=0.221s  Test=0.036s  Peak RAM=37.122 MB
2026-03-21 03:23:31 | INFO | [ncluster=106/106] AUC-ROC=58.79%  AUC-PR=59.79%  F1=0.4937  MCC=0.1875  Train=0.171s  Test=0.037s  Peak RAM=37.122 MB
2026-03-21 03:23:31 | INFO | [ncluster=109/109] AUC-ROC=59.05%  AUC-PR=60.86%  F1=0.4590  MCC=0.2004  Train=0.157s  Test=0.037s  Peak RAM=37.124 MB
2026-03-21 03:23:31 | INFO | [ncluster=112/112] AUC-ROC=59.79%  AUC-PR=61.66%  F1=0.4784  MCC=0.2259  Train=0.185s  Test=0.035s  Peak RAM=37.124 MB
2026-03-21 03:23:31 | INFO | [ncluster=115/115] AUC-ROC=58.29%  AUC-PR=58.55%  F1=0.5065  MCC=0.1661  Train=0.157s  Test=0.036s  Peak RAM=37.125 MB
2026-03-21 03:23:31 | INFO | [ncluster=118/118] AUC-ROC=59.36%  AUC-PR=60.81%  F1=0.4856  MCC=0.2099  Train=0.188s  Test=0.038s  Peak RAM=37.126 MB
2026-03-21 03:23:31 | INFO | [ncluster=121/121] AUC-ROC=59.42%  AUC-PR=61.40%  F1=0.4738  MCC=0.2157  Train=0.266s  Test=0.060s  Peak RAM=37.126 MB
2026-03-21 03:23:31 | INFO | [ncluster=124/124] AUC-ROC=58.55%  AUC-PR=59.29%  F1=0.4983  MCC=0.1767  Train=0.223s  Test=0.042s  Peak RAM=37.126 MB
2026-03-21 03:23:31 | INFO | [ncluster=127/127] AUC-ROC=59.94%  AUC-PR=61.92%  F1=0.5005  MCC=0.2137  Train=0.193s  Test=0.075s  Peak RAM=37.128 MB
2026-03-21 03:23:31 | INFO | [ncluster=130/130] AUC-ROC=59.49%  AUC-PR=61.08%  F1=0.4768  MCC=0.2120  Train=0.168s  Test=0.043s  Peak RAM=37.127 MB
2026-03-21 03:23:31 | INFO | [ncluster=133/133] AUC-ROC=59.82%  AUC-PR=61.62%  F1=0.5090  MCC=0.2230  Train=0.196s  Test=0.044s  Peak RAM=37.129 MB
2026-03-21 03:23:31 | INFO | [ncluster=136/136] AUC-ROC=59.38%  AUC-PR=60.76%  F1=0.5009  MCC=0.2070  Train=0.177s  Test=0.040s  Peak RAM=37.129 MB
2026-03-21 03:23:31 | INFO | [ncluster=139/139] AUC-ROC=59.27%  AUC-PR=60.85%  F1=0.4670  MCC=0.2094  Train=0.247s  Test=0.082s  Peak RAM=37.129 MB
2026-03-21 03:23:31 | INFO | [ncluster=142/142] AUC-ROC=59.02%  AUC-PR=60.65%  F1=0.4694  MCC=0.1953  Train=0.141s  Test=0.042s  Peak RAM=37.13 MB
2026-03-21 03:23:31 | INFO | [ncluster=145/145] AUC-ROC=60.44%  AUC-PR=62.20%  F1=0.5118  MCC=0.2383  Train=0.208s  Test=0.043s  Peak RAM=37.13 MB
2026-03-21 03:23:31 | INFO | [ncluster=148/148] AUC-ROC=59.86%  AUC-PR=61.85%  F1=0.5115  MCC=0.2139  Train=0.192s  Test=0.054s  Peak RAM=37.131 MB
2026-03-21 03:23:31 | INFO | [ncluster=151/151] AUC-ROC=58.45%  AUC-PR=59.05%  F1=0.4910  MCC=0.1787  Train=0.240s  Test=0.046s  Peak RAM=37.132 MB
2026-03-21 03:23:31 | INFO | [ncluster=154/154] AUC-ROC=59.34%  AUC-PR=60.84%  F1=0.4787  MCC=0.2056  Train=0.157s  Test=0.041s  Peak RAM=37.132 MB
2026-03-21 03:23:31 | INFO | [ncluster=157/157] AUC-ROC=59.13%  AUC-PR=60.56%  F1=0.4642  MCC=0.2010  Train=0.221s  Test=0.045s  Peak RAM=37.134 MB
2026-03-21 03:23:31 | INFO | [ncluster=160/160] AUC-ROC=60.27%  AUC-PR=63.82%  F1=0.5062  MCC=0.2301  Train=0.206s  Test=0.046s  Peak RAM=37.133 MB
2026-03-21 03:23:31 | INFO | [ncluster=163/163] AUC-ROC=59.66%  AUC-PR=61.25%  F1=0.4960  MCC=0.2161  Train=0.244s  Test=0.045s  Peak RAM=37.133 MB
2026-03-21 03:23:31 | INFO | [ncluster=166/166] AUC-ROC=60.07%  AUC-PR=61.44%  F1=0.4938  MCC=0.2254  Train=0.182s  Test=0.047s  Peak RAM=37.135 MB
2026-03-21 03:23:31 | INFO | [ncluster=169/169] AUC-ROC=59.85%  AUC-PR=61.53%  F1=0.5052  MCC=0.2168  Train=0.219s  Test=0.046s  Peak RAM=37.135 MB
2026-03-21 03:23:31 | INFO | [ncluster=172/172] AUC-ROC=59.26%  AUC-PR=60.96%  F1=0.4813  MCC=0.1941  Train=0.190s  Test=0.046s  Peak RAM=37.137 MB
2026-03-21 03:23:31 | INFO | [ncluster=175/175] AUC-ROC=63.36%  AUC-PR=68.22%  F1=0.5312  MCC=0.2871  Train=0.184s  Test=0.048s  Peak RAM=37.136 MB
2026-03-21 03:23:31 | INFO | [ncluster=178/178] AUC-ROC=59.39%  AUC-PR=61.83%  F1=0.4753  MCC=0.1986  Train=0.177s  Test=0.047s  Peak RAM=37.136 MB
2026-03-21 03:23:31 | INFO | [ncluster=181/181] AUC-ROC=59.42%  AUC-PR=61.51%  F1=0.4802  MCC=0.2010  Train=0.208s  Test=0.054s  Peak RAM=37.137 MB
2026-03-21 03:23:31 | INFO | [ncluster=184/184] AUC-ROC=59.71%  AUC-PR=61.57%  F1=0.4747  MCC=0.2205  Train=0.226s  Test=0.105s  Peak RAM=37.138 MB
2026-03-21 03:23:31 | INFO | [ncluster=187/187] AUC-ROC=60.85%  AUC-PR=63.42%  F1=0.5234  MCC=0.2377  Train=0.190s  Test=0.052s  Peak RAM=37.138 MB
2026-03-21 03:23:31 | INFO | [ncluster=190/190] AUC-ROC=59.15%  AUC-PR=61.22%  F1=0.5091  MCC=0.1791  Train=0.169s  Test=0.051s  Peak RAM=37.138 MB
2026-03-21 03:23:31 | INFO | [ncluster=193/193] AUC-ROC=59.82%  AUC-PR=63.36%  F1=0.5176  MCC=0.1904  Train=0.217s  Test=0.097s  Peak RAM=37.139 MB
2026-03-21 03:23:31 | INFO | [ncluster=196/196] AUC-ROC=60.61%  AUC-PR=64.07%  F1=0.5101  MCC=0.2203  Train=0.167s  Test=0.050s  Peak RAM=37.14 MB
2026-03-21 03:23:31 | INFO | [ncluster=199/199] AUC-ROC=61.74%  AUC-PR=65.67%  F1=0.5357  MCC=0.2454  Train=0.191s  Test=0.052s  Peak RAM=37.14 MB
2026-03-21 03:23:31 | INFO | [ncluster=202/202] AUC-ROC=60.71%  AUC-PR=64.32%  F1=0.5186  MCC=0.2206  Train=0.147s  Test=0.052s  Peak RAM=37.14 MB
2026-03-21 03:23:31 | INFO | [ncluster=205/205] AUC-ROC=60.73%  AUC-PR=64.98%  F1=0.5144  MCC=0.2186  Train=0.163s  Test=0.056s  Peak RAM=37.141 MB
2026-03-21 03:23:31 | INFO | [ncluster=208/208] AUC-ROC=60.13%  AUC-PR=62.69%  F1=0.5175  MCC=0.2235  Train=0.193s  Test=0.055s  Peak RAM=37.143 MB
2026-03-21 03:23:31 | INFO | [ncluster=211/211] AUC-ROC=59.57%  AUC-PR=62.94%  F1=0.5006  MCC=0.1997  Train=0.266s  Test=0.059s  Peak RAM=37.143 MB
2026-03-21 03:23:31 | INFO | [ncluster=214/214] AUC-ROC=61.45%  AUC-PR=66.64%  F1=0.5244  MCC=0.2303  Train=0.188s  Test=0.064s  Peak RAM=37.143 MB
2026-03-21 03:23:31 | INFO | [ncluster=217/217] AUC-ROC=59.91%  AUC-PR=61.43%  F1=0.5286  MCC=0.2091  Train=0.202s  Test=0.054s  Peak RAM=37.143 MB
2026-03-21 03:23:31 | INFO | [ncluster=220/220] AUC-ROC=61.59%  AUC-PR=64.39%  F1=0.5388  MCC=0.2538  Train=0.319s  Test=0.062s  Peak RAM=37.144 MB
2026-03-21 03:23:31 | INFO | [ncluster=223/223] AUC-ROC=60.05%  AUC-PR=61.48%  F1=0.5298  MCC=0.2158  Train=0.174s  Test=0.056s  Peak RAM=37.144 MB
2026-03-21 03:23:31 | INFO | [ncluster=226/226] AUC-ROC=62.50%  AUC-PR=65.60%  F1=0.5401  MCC=0.2717  Train=0.332s  Test=0.074s  Peak RAM=37.144 MB
2026-03-21 03:23:31 | INFO | [ncluster=229/229] AUC-ROC=60.80%  AUC-PR=62.88%  F1=0.4966  MCC=0.2426  Train=0.213s  Test=0.078s  Peak RAM=37.147 MB
2026-03-21 03:23:31 | INFO | [ncluster=232/232] AUC-ROC=59.89%  AUC-PR=61.28%  F1=0.5233  MCC=0.2181  Train=0.255s  Test=0.094s  Peak RAM=37.146 MB
2026-03-21 03:23:31 | INFO | [ncluster=235/235] AUC-ROC=60.34%  AUC-PR=61.75%  F1=0.5008  MCC=0.2291  Train=0.209s  Test=0.062s  Peak RAM=37.148 MB
2026-03-21 03:23:31 | INFO | [ncluster=238/238] AUC-ROC=62.42%  AUC-PR=68.27%  F1=0.4761  MCC=0.3128  Train=0.178s  Test=0.060s  Peak RAM=37.147 MB
2026-03-21 03:23:31 | INFO | [ncluster=241/241] AUC-ROC=60.52%  AUC-PR=64.61%  F1=0.5025  MCC=0.2265  Train=0.180s  Test=0.061s  Peak RAM=37.147 MB
2026-03-21 03:23:31 | INFO | [ncluster=244/244] AUC-ROC=59.46%  AUC-PR=60.42%  F1=0.5195  MCC=0.1925  Train=0.214s  Test=0.058s  Peak RAM=37.149 MB
2026-03-21 03:23:31 | INFO | [ncluster=247/247] AUC-ROC=59.57%  AUC-PR=63.40%  F1=0.4977  MCC=0.1993  Train=0.152s  Test=0.069s  Peak RAM=37.149 MB
2026-03-21 03:23:31 | INFO | [ncluster=250/250] AUC-ROC=59.46%  AUC-PR=60.77%  F1=0.5156  MCC=0.1913  Train=0.377s  Test=0.061s  Peak RAM=37.149 MB
2026-03-21 03:23:31 | INFO | [ncluster=253/253] AUC-ROC=61.44%  AUC-PR=65.88%  F1=0.5239  MCC=0.2363  Train=0.240s  Test=0.062s  Peak RAM=37.149 MB
2026-03-21 03:23:31 | INFO | [ncluster=256/256] AUC-ROC=59.97%  AUC-PR=63.65%  F1=0.5092  MCC=0.2183  Train=0.147s  Test=0.057s  Peak RAM=37.151 MB
2026-03-21 03:23:31 | INFO | [ncluster=259/259] AUC-ROC=63.32%  AUC-PR=65.79%  F1=0.5649  MCC=0.2737  Train=0.233s  Test=0.069s  Peak RAM=37.151 MB
2026-03-21 03:23:31 | INFO | [ncluster=262/262] AUC-ROC=64.30%  AUC-PR=68.72%  F1=0.5511  MCC=0.2937  Train=0.191s  Test=0.068s  Peak RAM=37.153 MB
2026-03-21 03:23:31 | INFO | [ncluster=265/265] AUC-ROC=61.12%  AUC-PR=63.16%  F1=0.5213  MCC=0.2374  Train=0.231s  Test=0.100s  Peak RAM=37.151 MB
2026-03-21 03:23:31 | INFO | [ncluster=268/268] AUC-ROC=59.44%  AUC-PR=62.33%  F1=0.5050  MCC=0.1975  Train=0.174s  Test=0.065s  Peak RAM=37.153 MB
2026-03-21 03:23:31 | INFO | [ncluster=271/271] AUC-ROC=61.14%  AUC-PR=65.10%  F1=0.5368  MCC=0.2394  Train=0.178s  Test=0.066s  Peak RAM=37.153 MB
2026-03-21 03:23:31 | INFO | [ncluster=274/274] AUC-ROC=60.09%  AUC-PR=62.77%  F1=0.5182  MCC=0.1977  Train=0.132s  Test=0.057s  Peak RAM=37.154 MB
2026-03-21 03:23:31 | INFO | [ncluster=277/277] AUC-ROC=62.50%  AUC-PR=66.88%  F1=0.5349  MCC=0.2655  Train=0.121s  Test=0.045s  Peak RAM=37.153 MB
2026-03-21 03:23:31 | INFO | [ncluster=280/280] AUC-ROC=60.35%  AUC-PR=62.19%  F1=0.5125  MCC=0.2332  Train=0.200s  Test=0.063s  Peak RAM=37.154 MB
2026-03-21 03:23:31 | INFO | [ncluster=283/283] AUC-ROC=59.43%  AUC-PR=60.54%  F1=0.5135  MCC=0.1904  Train=0.142s  Test=0.057s  Peak RAM=37.155 MB
2026-03-21 03:23:31 | INFO | [ncluster=286/286] AUC-ROC=60.53%  AUC-PR=62.45%  F1=0.5081  MCC=0.2447  Train=0.109s  Test=0.040s  Peak RAM=37.156 MB
2026-03-21 03:23:31 | INFO | [ncluster=289/289] AUC-ROC=60.29%  AUC-PR=61.92%  F1=0.4959  MCC=0.2198  Train=0.095s  Test=0.037s  Peak RAM=37.156 MB
2026-03-21 03:23:31 | INFO | [ncluster=292/292] AUC-ROC=59.46%  AUC-PR=61.67%  F1=0.4866  MCC=0.2044  Train=0.097s  Test=0.040s  Peak RAM=37.158 MB
2026-03-21 03:23:31 | INFO | [ncluster=295/295] AUC-ROC=61.14%  AUC-PR=63.95%  F1=0.5258  MCC=0.2409  Train=0.096s  Test=0.040s  Peak RAM=37.157 MB
2026-03-21 03:23:31 | INFO | [ncluster=298/298] AUC-ROC=60.78%  AUC-PR=64.50%  F1=0.5030  MCC=0.2408  Train=0.092s  Test=0.038s  Peak RAM=37.157 MB
2026-03-21 03:23:31 | INFO | --- noise=1% ---
2026-03-21 03:23:31 | INFO | ============================================================
2026-03-21 03:23:31 | INFO | Dataset  : Train_QuantileTransformer_data_CICIoT2023.csv
2026-03-21 03:23:31 | INFO | Scaler   : QuantileTransformer
2026-03-21 03:23:31 | INFO | Noise    : 1%
2026-03-21 03:23:31 | INFO | nClusters: 100 values (1..298)
2026-03-21 03:23:31 | INFO | ============================================================
2026-03-21 03:23:31 | INFO | Loaded Raw Shape -> Train: (30000, 45), Test: (30000, 45)
2026-03-21 03:23:31 | INFO | Training size : 30,300  |  Testing size: 29,700  |  Features: 44
2026-03-21 03:23:31 | INFO | Firing up Parallel execution for 100 cluster configs...
2026-03-21 03:26:29 | INFO | [ncluster=1/1] AUC-ROC=60.42%  AUC-PR=62.63%  F1=0.4851  MCC=0.2216  Train=0.257s  Test=0.015s  Peak RAM=37.474 MB
2026-03-21 03:26:29 | INFO | [ncluster=4/4] AUC-ROC=63.16%  AUC-PR=66.04%  F1=0.5355  MCC=0.2647  Train=0.312s  Test=0.019s  Peak RAM=37.476 MB
2026-03-21 03:26:29 | INFO | [ncluster=7/7] AUC-ROC=60.54%  AUC-PR=62.36%  F1=0.4960  MCC=0.2216  Train=0.313s  Test=0.020s  Peak RAM=37.477 MB
2026-03-21 03:26:29 | INFO | [ncluster=10/10] AUC-ROC=60.44%  AUC-PR=62.35%  F1=0.4855  MCC=0.2176  Train=0.261s  Test=0.017s  Peak RAM=37.477 MB
2026-03-21 03:26:29 | INFO | [ncluster=13/13] AUC-ROC=60.43%  AUC-PR=62.72%  F1=0.4967  MCC=0.2124  Train=0.226s  Test=0.019s  Peak RAM=37.477 MB
2026-03-21 03:26:29 | INFO | [ncluster=16/16] AUC-ROC=61.65%  AUC-PR=64.86%  F1=0.5023  MCC=0.2625  Train=0.198s  Test=0.017s  Peak RAM=37.477 MB
2026-03-21 03:26:29 | INFO | [ncluster=19/19] AUC-ROC=61.62%  AUC-PR=62.84%  F1=0.5119  MCC=0.2771  Train=0.194s  Test=0.017s  Peak RAM=37.478 MB
2026-03-21 03:26:29 | INFO | [ncluster=22/22] AUC-ROC=60.53%  AUC-PR=62.56%  F1=0.4781  MCC=0.2300  Train=0.178s  Test=0.018s  Peak RAM=37.479 MB
2026-03-21 03:26:29 | INFO | [ncluster=25/25] AUC-ROC=60.67%  AUC-PR=62.92%  F1=0.4791  MCC=0.2334  Train=0.208s  Test=0.021s  Peak RAM=37.481 MB
2026-03-21 03:26:29 | INFO | [ncluster=28/28] AUC-ROC=60.62%  AUC-PR=62.85%  F1=0.4639  MCC=0.2320  Train=0.190s  Test=0.020s  Peak RAM=37.48 MB
2026-03-21 03:26:29 | INFO | [ncluster=31/31] AUC-ROC=60.66%  AUC-PR=63.16%  F1=0.4885  MCC=0.2238  Train=0.197s  Test=0.020s  Peak RAM=37.481 MB
2026-03-21 03:26:29 | INFO | [ncluster=34/34] AUC-ROC=60.88%  AUC-PR=63.40%  F1=0.4721  MCC=0.2429  Train=0.223s  Test=0.021s  Peak RAM=37.48 MB
2026-03-21 03:26:29 | INFO | [ncluster=37/37] AUC-ROC=61.90%  AUC-PR=65.53%  F1=0.5142  MCC=0.2705  Train=0.230s  Test=0.022s  Peak RAM=37.482 MB
2026-03-21 03:26:29 | INFO | [ncluster=40/40] AUC-ROC=60.83%  AUC-PR=63.39%  F1=0.4945  MCC=0.2289  Train=0.188s  Test=0.020s  Peak RAM=37.482 MB
2026-03-21 03:26:29 | INFO | [ncluster=43/43] AUC-ROC=61.64%  AUC-PR=64.32%  F1=0.5091  MCC=0.2590  Train=0.283s  Test=0.021s  Peak RAM=37.486 MB
2026-03-21 03:26:29 | INFO | [ncluster=46/46] AUC-ROC=61.96%  AUC-PR=65.06%  F1=0.5106  MCC=0.2699  Train=0.168s  Test=0.023s  Peak RAM=37.483 MB
2026-03-21 03:26:29 | INFO | [ncluster=49/49] AUC-ROC=61.59%  AUC-PR=64.78%  F1=0.5073  MCC=0.2613  Train=0.207s  Test=0.021s  Peak RAM=37.483 MB
2026-03-21 03:26:29 | INFO | [ncluster=52/52] AUC-ROC=62.00%  AUC-PR=65.30%  F1=0.5115  MCC=0.2709  Train=0.182s  Test=0.023s  Peak RAM=37.485 MB
2026-03-21 03:26:29 | INFO | [ncluster=55/55] AUC-ROC=60.49%  AUC-PR=62.13%  F1=0.5224  MCC=0.2158  Train=0.135s  Test=0.022s  Peak RAM=37.485 MB
2026-03-21 03:26:29 | INFO | [ncluster=58/58] AUC-ROC=61.53%  AUC-PR=64.68%  F1=0.4856  MCC=0.2509  Train=0.200s  Test=0.025s  Peak RAM=37.486 MB
2026-03-21 03:26:29 | INFO | [ncluster=61/61] AUC-ROC=61.53%  AUC-PR=64.41%  F1=0.5041  MCC=0.2554  Train=0.315s  Test=0.045s  Peak RAM=37.487 MB
2026-03-21 03:26:29 | INFO | [ncluster=64/64] AUC-ROC=61.42%  AUC-PR=64.27%  F1=0.5048  MCC=0.2510  Train=0.265s  Test=0.027s  Peak RAM=37.487 MB
2026-03-21 03:26:29 | INFO | [ncluster=67/67] AUC-ROC=61.92%  AUC-PR=65.10%  F1=0.5079  MCC=0.2662  Train=0.186s  Test=0.023s  Peak RAM=37.49 MB
2026-03-21 03:26:29 | INFO | [ncluster=70/70] AUC-ROC=59.99%  AUC-PR=61.62%  F1=0.4993  MCC=0.2146  Train=0.247s  Test=0.040s  Peak RAM=37.487 MB
2026-03-21 03:26:29 | INFO | [ncluster=73/73] AUC-ROC=61.38%  AUC-PR=63.91%  F1=0.4905  MCC=0.2460  Train=0.218s  Test=0.026s  Peak RAM=37.488 MB
2026-03-21 03:26:29 | INFO | [ncluster=76/76] AUC-ROC=61.18%  AUC-PR=64.01%  F1=0.4940  MCC=0.2483  Train=0.189s  Test=0.028s  Peak RAM=37.488 MB
2026-03-21 03:26:29 | INFO | [ncluster=79/79] AUC-ROC=61.79%  AUC-PR=64.93%  F1=0.5056  MCC=0.2593  Train=0.237s  Test=0.027s  Peak RAM=37.489 MB
2026-03-21 03:26:29 | INFO | [ncluster=82/82] AUC-ROC=61.18%  AUC-PR=63.73%  F1=0.4967  MCC=0.2435  Train=0.227s  Test=0.026s  Peak RAM=37.491 MB
2026-03-21 03:26:29 | INFO | [ncluster=85/85] AUC-ROC=61.34%  AUC-PR=64.51%  F1=0.4997  MCC=0.2497  Train=0.173s  Test=0.028s  Peak RAM=37.49 MB
2026-03-21 03:26:29 | INFO | [ncluster=88/88] AUC-ROC=60.87%  AUC-PR=62.41%  F1=0.5000  MCC=0.2352  Train=0.321s  Test=0.058s  Peak RAM=37.49 MB
2026-03-21 03:26:29 | INFO | [ncluster=91/91] AUC-ROC=61.22%  AUC-PR=63.49%  F1=0.4919  MCC=0.2506  Train=0.208s  Test=0.029s  Peak RAM=37.492 MB
2026-03-21 03:26:29 | INFO | [ncluster=94/94] AUC-ROC=61.14%  AUC-PR=64.03%  F1=0.4844  MCC=0.2427  Train=0.214s  Test=0.029s  Peak RAM=37.492 MB
2026-03-21 03:26:29 | INFO | [ncluster=97/97] AUC-ROC=61.45%  AUC-PR=64.17%  F1=0.4914  MCC=0.2515  Train=0.207s  Test=0.028s  Peak RAM=37.492 MB
2026-03-21 03:26:29 | INFO | [ncluster=100/100] AUC-ROC=61.31%  AUC-PR=63.42%  F1=0.4951  MCC=0.2444  Train=0.236s  Test=0.029s  Peak RAM=37.494 MB
2026-03-21 03:26:29 | INFO | [ncluster=103/103] AUC-ROC=60.99%  AUC-PR=63.76%  F1=0.4792  MCC=0.2458  Train=0.223s  Test=0.030s  Peak RAM=37.493 MB
2026-03-21 03:26:29 | INFO | [ncluster=106/106] AUC-ROC=60.82%  AUC-PR=62.90%  F1=0.5002  MCC=0.2304  Train=0.318s  Test=0.061s  Peak RAM=37.493 MB
2026-03-21 03:26:29 | INFO | [ncluster=109/109] AUC-ROC=60.87%  AUC-PR=62.99%  F1=0.4771  MCC=0.2364  Train=0.169s  Test=0.031s  Peak RAM=37.494 MB
2026-03-21 03:26:29 | INFO | [ncluster=112/112] AUC-ROC=60.38%  AUC-PR=62.16%  F1=0.4924  MCC=0.2172  Train=0.178s  Test=0.036s  Peak RAM=37.494 MB
2026-03-21 03:26:29 | INFO | [ncluster=115/115] AUC-ROC=60.41%  AUC-PR=61.67%  F1=0.4999  MCC=0.2150  Train=0.141s  Test=0.029s  Peak RAM=37.497 MB
2026-03-21 03:26:29 | INFO | [ncluster=118/118] AUC-ROC=60.63%  AUC-PR=61.88%  F1=0.5117  MCC=0.2159  Train=0.269s  Test=0.035s  Peak RAM=37.495 MB
2026-03-21 03:26:29 | INFO | [ncluster=121/121] AUC-ROC=61.37%  AUC-PR=63.80%  F1=0.5025  MCC=0.2397  Train=0.266s  Test=0.033s  Peak RAM=37.497 MB
2026-03-21 03:26:29 | INFO | [ncluster=124/124] AUC-ROC=60.67%  AUC-PR=62.57%  F1=0.4945  MCC=0.2205  Train=0.150s  Test=0.032s  Peak RAM=37.497 MB
2026-03-21 03:26:29 | INFO | [ncluster=127/127] AUC-ROC=60.89%  AUC-PR=62.61%  F1=0.4959  MCC=0.2359  Train=0.234s  Test=0.034s  Peak RAM=37.498 MB
2026-03-21 03:26:29 | INFO | [ncluster=130/130] AUC-ROC=60.91%  AUC-PR=63.57%  F1=0.5051  MCC=0.2252  Train=0.202s  Test=0.035s  Peak RAM=37.498 MB
2026-03-21 03:26:29 | INFO | [ncluster=133/133] AUC-ROC=60.50%  AUC-PR=62.64%  F1=0.5203  MCC=0.2138  Train=0.194s  Test=0.032s  Peak RAM=37.499 MB
2026-03-21 03:26:29 | INFO | [ncluster=136/136] AUC-ROC=60.86%  AUC-PR=63.23%  F1=0.5033  MCC=0.2242  Train=0.181s  Test=0.033s  Peak RAM=37.505 MB
2026-03-21 03:26:29 | INFO | [ncluster=139/139] AUC-ROC=60.78%  AUC-PR=62.26%  F1=0.5166  MCC=0.2341  Train=0.199s  Test=0.035s  Peak RAM=37.502 MB
2026-03-21 03:26:29 | INFO | [ncluster=142/142] AUC-ROC=60.79%  AUC-PR=62.48%  F1=0.5088  MCC=0.2237  Train=0.182s  Test=0.035s  Peak RAM=37.5 MB
2026-03-21 03:26:29 | INFO | [ncluster=145/145] AUC-ROC=60.48%  AUC-PR=62.05%  F1=0.4798  MCC=0.2167  Train=0.222s  Test=0.036s  Peak RAM=37.502 MB
2026-03-21 03:26:29 | INFO | [ncluster=148/148] AUC-ROC=61.67%  AUC-PR=64.27%  F1=0.5307  MCC=0.2499  Train=0.175s  Test=0.036s  Peak RAM=37.502 MB
2026-03-21 03:26:29 | INFO | [ncluster=151/151] AUC-ROC=60.90%  AUC-PR=62.85%  F1=0.5344  MCC=0.2130  Train=0.256s  Test=0.062s  Peak RAM=37.502 MB
2026-03-21 03:26:29 | INFO | [ncluster=154/154] AUC-ROC=61.33%  AUC-PR=63.43%  F1=0.5391  MCC=0.2269  Train=0.290s  Test=0.040s  Peak RAM=37.502 MB
2026-03-21 03:26:29 | INFO | [ncluster=157/157] AUC-ROC=60.54%  AUC-PR=62.13%  F1=0.4904  MCC=0.2243  Train=0.176s  Test=0.037s  Peak RAM=37.506 MB
2026-03-21 03:26:29 | INFO | [ncluster=160/160] AUC-ROC=60.89%  AUC-PR=62.94%  F1=0.5001  MCC=0.2260  Train=0.336s  Test=0.057s  Peak RAM=37.504 MB
2026-03-21 03:26:29 | INFO | [ncluster=163/163] AUC-ROC=60.82%  AUC-PR=62.81%  F1=0.5344  MCC=0.2063  Train=0.164s  Test=0.036s  Peak RAM=37.511 MB
2026-03-21 03:26:29 | INFO | [ncluster=166/166] AUC-ROC=61.36%  AUC-PR=63.20%  F1=0.5254  MCC=0.2460  Train=0.284s  Test=0.040s  Peak RAM=37.505 MB
2026-03-21 03:26:29 | INFO | [ncluster=169/169] AUC-ROC=60.87%  AUC-PR=62.59%  F1=0.5307  MCC=0.2217  Train=0.184s  Test=0.040s  Peak RAM=37.506 MB
2026-03-21 03:26:29 | INFO | [ncluster=172/172] AUC-ROC=61.27%  AUC-PR=63.19%  F1=0.5195  MCC=0.2290  Train=0.206s  Test=0.042s  Peak RAM=37.506 MB
2026-03-21 03:26:29 | INFO | [ncluster=175/175] AUC-ROC=61.13%  AUC-PR=63.09%  F1=0.5230  MCC=0.2232  Train=0.267s  Test=0.055s  Peak RAM=37.508 MB
2026-03-21 03:26:29 | INFO | [ncluster=178/178] AUC-ROC=61.15%  AUC-PR=63.04%  F1=0.5289  MCC=0.2225  Train=0.183s  Test=0.039s  Peak RAM=37.51 MB
2026-03-21 03:26:29 | INFO | [ncluster=181/181] AUC-ROC=60.19%  AUC-PR=61.39%  F1=0.4979  MCC=0.2010  Train=0.291s  Test=0.046s  Peak RAM=37.508 MB
2026-03-21 03:26:29 | INFO | [ncluster=184/184] AUC-ROC=60.39%  AUC-PR=62.19%  F1=0.5127  MCC=0.2043  Train=0.233s  Test=0.047s  Peak RAM=37.513 MB
2026-03-21 03:26:29 | INFO | [ncluster=187/187] AUC-ROC=61.19%  AUC-PR=62.91%  F1=0.5305  MCC=0.2263  Train=0.253s  Test=0.045s  Peak RAM=37.512 MB
2026-03-21 03:26:29 | INFO | [ncluster=190/190] AUC-ROC=60.55%  AUC-PR=61.92%  F1=0.5028  MCC=0.2158  Train=0.168s  Test=0.039s  Peak RAM=37.51 MB
2026-03-21 03:26:29 | INFO | [ncluster=193/193] AUC-ROC=61.25%  AUC-PR=62.69%  F1=0.5178  MCC=0.2369  Train=0.171s  Test=0.040s  Peak RAM=37.516 MB
2026-03-21 03:26:29 | INFO | [ncluster=196/196] AUC-ROC=61.16%  AUC-PR=62.40%  F1=0.5283  MCC=0.2323  Train=0.242s  Test=0.042s  Peak RAM=37.51 MB
2026-03-21 03:26:29 | INFO | [ncluster=199/199] AUC-ROC=60.99%  AUC-PR=63.03%  F1=0.5099  MCC=0.2221  Train=0.220s  Test=0.045s  Peak RAM=37.511 MB
2026-03-21 03:26:29 | INFO | [ncluster=202/202] AUC-ROC=60.25%  AUC-PR=60.66%  F1=0.5286  MCC=0.2057  Train=0.261s  Test=0.048s  Peak RAM=37.512 MB
2026-03-21 03:26:29 | INFO | [ncluster=205/205] AUC-ROC=62.03%  AUC-PR=65.69%  F1=0.4941  MCC=0.2474  Train=0.255s  Test=0.049s  Peak RAM=37.516 MB
2026-03-21 03:26:29 | INFO | [ncluster=208/208] AUC-ROC=61.01%  AUC-PR=63.11%  F1=0.5103  MCC=0.2209  Train=0.266s  Test=0.050s  Peak RAM=37.513 MB
2026-03-21 03:26:29 | INFO | [ncluster=211/211] AUC-ROC=60.61%  AUC-PR=62.04%  F1=0.5083  MCC=0.2057  Train=0.318s  Test=0.046s  Peak RAM=37.514 MB
2026-03-21 03:26:29 | INFO | [ncluster=214/214] AUC-ROC=59.98%  AUC-PR=61.07%  F1=0.5371  MCC=0.1873  Train=0.256s  Test=0.048s  Peak RAM=37.514 MB
2026-03-21 03:26:29 | INFO | [ncluster=217/217] AUC-ROC=61.27%  AUC-PR=63.18%  F1=0.5473  MCC=0.2130  Train=0.218s  Test=0.053s  Peak RAM=37.514 MB
2026-03-21 03:26:29 | INFO | [ncluster=220/220] AUC-ROC=61.12%  AUC-PR=63.60%  F1=0.5487  MCC=0.2063  Train=0.207s  Test=0.050s  Peak RAM=37.516 MB
2026-03-21 03:26:29 | INFO | [ncluster=223/223] AUC-ROC=60.44%  AUC-PR=61.44%  F1=0.5366  MCC=0.2045  Train=0.237s  Test=0.053s  Peak RAM=37.515 MB
2026-03-21 03:26:29 | INFO | [ncluster=226/226] AUC-ROC=60.55%  AUC-PR=62.21%  F1=0.5427  MCC=0.2047  Train=0.243s  Test=0.048s  Peak RAM=37.516 MB
2026-03-21 03:26:29 | INFO | [ncluster=229/229] AUC-ROC=60.41%  AUC-PR=61.83%  F1=0.5351  MCC=0.1921  Train=0.230s  Test=0.050s  Peak RAM=37.516 MB
2026-03-21 03:26:29 | INFO | [ncluster=232/232] AUC-ROC=61.07%  AUC-PR=63.07%  F1=0.5216  MCC=0.2150  Train=0.281s  Test=0.052s  Peak RAM=37.517 MB
2026-03-21 03:26:29 | INFO | [ncluster=235/235] AUC-ROC=61.52%  AUC-PR=63.41%  F1=0.5351  MCC=0.2248  Train=0.253s  Test=0.056s  Peak RAM=37.52 MB
2026-03-21 03:26:30 | INFO | [ncluster=238/238] AUC-ROC=62.07%  AUC-PR=64.77%  F1=0.5237  MCC=0.2374  Train=0.263s  Test=0.051s  Peak RAM=37.518 MB
2026-03-21 03:26:30 | INFO | [ncluster=241/241] AUC-ROC=61.76%  AUC-PR=62.96%  F1=0.5155  MCC=0.2399  Train=0.322s  Test=0.051s  Peak RAM=37.519 MB
2026-03-21 03:26:30 | INFO | [ncluster=244/244] AUC-ROC=61.26%  AUC-PR=62.78%  F1=0.5485  MCC=0.2216  Train=0.193s  Test=0.055s  Peak RAM=37.519 MB
2026-03-21 03:26:30 | INFO | [ncluster=247/247] AUC-ROC=61.26%  AUC-PR=62.91%  F1=0.5568  MCC=0.2161  Train=0.339s  Test=0.055s  Peak RAM=37.52 MB
2026-03-21 03:26:30 | INFO | [ncluster=250/250] AUC-ROC=60.90%  AUC-PR=62.65%  F1=0.5495  MCC=0.2050  Train=0.303s  Test=0.055s  Peak RAM=37.52 MB
2026-03-21 03:26:30 | INFO | [ncluster=253/253] AUC-ROC=61.60%  AUC-PR=63.62%  F1=0.5339  MCC=0.2335  Train=0.249s  Test=0.059s  Peak RAM=37.521 MB
2026-03-21 03:26:30 | INFO | [ncluster=256/256] AUC-ROC=61.30%  AUC-PR=62.85%  F1=0.5048  MCC=0.2314  Train=0.219s  Test=0.053s  Peak RAM=37.521 MB
2026-03-21 03:26:30 | INFO | [ncluster=259/259] AUC-ROC=61.28%  AUC-PR=62.99%  F1=0.5284  MCC=0.2325  Train=0.242s  Test=0.056s  Peak RAM=37.521 MB
2026-03-21 03:26:30 | INFO | [ncluster=262/262] AUC-ROC=60.90%  AUC-PR=63.02%  F1=0.5081  MCC=0.2324  Train=0.193s  Test=0.057s  Peak RAM=37.522 MB
2026-03-21 03:26:30 | INFO | [ncluster=265/265] AUC-ROC=61.17%  AUC-PR=62.76%  F1=0.5312  MCC=0.2225  Train=0.202s  Test=0.051s  Peak RAM=37.524 MB
2026-03-21 03:26:30 | INFO | [ncluster=268/268] AUC-ROC=60.55%  AUC-PR=60.54%  F1=0.5540  MCC=0.2068  Train=0.192s  Test=0.055s  Peak RAM=37.522 MB
2026-03-21 03:26:30 | INFO | [ncluster=271/271] AUC-ROC=60.68%  AUC-PR=62.81%  F1=0.5211  MCC=0.2050  Train=0.275s  Test=0.067s  Peak RAM=37.524 MB
2026-03-21 03:26:30 | INFO | [ncluster=274/274] AUC-ROC=61.15%  AUC-PR=62.37%  F1=0.5461  MCC=0.2140  Train=0.167s  Test=0.037s  Peak RAM=37.525 MB
2026-03-21 03:26:30 | INFO | [ncluster=277/277] AUC-ROC=61.78%  AUC-PR=63.22%  F1=0.5559  MCC=0.2286  Train=0.199s  Test=0.055s  Peak RAM=37.527 MB
2026-03-21 03:26:30 | INFO | [ncluster=280/280] AUC-ROC=60.24%  AUC-PR=61.10%  F1=0.5407  MCC=0.1964  Train=0.111s  Test=0.033s  Peak RAM=37.526 MB
2026-03-21 03:26:30 | INFO | [ncluster=283/283] AUC-ROC=61.53%  AUC-PR=63.29%  F1=0.5396  MCC=0.2184  Train=0.104s  Test=0.037s  Peak RAM=37.526 MB
2026-03-21 03:26:30 | INFO | [ncluster=286/286] AUC-ROC=60.80%  AUC-PR=62.64%  F1=0.4853  MCC=0.2138  Train=0.104s  Test=0.036s  Peak RAM=37.527 MB
2026-03-21 03:26:30 | INFO | [ncluster=289/289] AUC-ROC=61.56%  AUC-PR=63.57%  F1=0.5441  MCC=0.2237  Train=0.105s  Test=0.032s  Peak RAM=37.527 MB
2026-03-21 03:26:30 | INFO | [ncluster=292/292] AUC-ROC=61.26%  AUC-PR=62.33%  F1=0.5518  MCC=0.2179  Train=0.107s  Test=0.034s  Peak RAM=37.529 MB
2026-03-21 03:26:30 | INFO | [ncluster=295/295] AUC-ROC=61.10%  AUC-PR=63.64%  F1=0.5102  MCC=0.2260  Train=0.098s  Test=0.033s  Peak RAM=37.529 MB
2026-03-21 03:26:30 | INFO | [ncluster=298/298] AUC-ROC=61.31%  AUC-PR=62.50%  F1=0.5330  MCC=0.2304  Train=0.114s  Test=0.035s  Peak RAM=37.529 MB
2026-03-21 03:26:30 | INFO | --- noise=3% ---
2026-03-21 03:26:30 | INFO | ============================================================
2026-03-21 03:26:30 | INFO | Dataset  : Train_QuantileTransformer_data_CICIoT2023.csv
2026-03-21 03:26:30 | INFO | Scaler   : QuantileTransformer
2026-03-21 03:26:30 | INFO | Noise    : 3%
2026-03-21 03:26:30 | INFO | nClusters: 100 values (1..298)
2026-03-21 03:26:30 | INFO | ============================================================
2026-03-21 03:26:30 | INFO | Loaded Raw Shape -> Train: (30000, 45), Test: (30000, 45)
2026-03-21 03:26:30 | INFO | Training size : 30,900  |  Testing size: 29,100  |  Features: 44
2026-03-21 03:26:30 | INFO | Firing up Parallel execution for 100 cluster configs...
2026-03-21 03:29:33 | INFO | [ncluster=1/1] AUC-ROC=59.37%  AUC-PR=62.34%  F1=0.4784  MCC=0.2014  Train=0.257s  Test=0.016s  Peak RAM=38.217 MB
2026-03-21 03:29:33 | INFO | [ncluster=4/4] AUC-ROC=59.30%  AUC-PR=61.87%  F1=0.4929  MCC=0.1990  Train=0.226s  Test=0.015s  Peak RAM=38.217 MB
2026-03-21 03:29:33 | INFO | [ncluster=7/7] AUC-ROC=59.62%  AUC-PR=62.46%  F1=0.5047  MCC=0.2113  Train=0.198s  Test=0.022s  Peak RAM=38.218 MB
2026-03-21 03:29:33 | INFO | [ncluster=10/10] AUC-ROC=59.63%  AUC-PR=62.39%  F1=0.4976  MCC=0.2166  Train=0.223s  Test=0.017s  Peak RAM=38.219 MB
2026-03-21 03:29:33 | INFO | [ncluster=13/13] AUC-ROC=59.27%  AUC-PR=62.46%  F1=0.4877  MCC=0.1877  Train=0.224s  Test=0.017s  Peak RAM=38.219 MB
2026-03-21 03:29:33 | INFO | [ncluster=16/16] AUC-ROC=59.42%  AUC-PR=62.60%  F1=0.4868  MCC=0.2008  Train=0.249s  Test=0.016s  Peak RAM=38.22 MB
2026-03-21 03:29:33 | INFO | [ncluster=19/19] AUC-ROC=59.80%  AUC-PR=63.19%  F1=0.4948  MCC=0.2142  Train=0.331s  Test=0.029s  Peak RAM=38.22 MB
2026-03-21 03:29:33 | INFO | [ncluster=22/22] AUC-ROC=59.46%  AUC-PR=62.06%  F1=0.4990  MCC=0.2076  Train=0.349s  Test=0.021s  Peak RAM=38.221 MB
2026-03-21 03:29:33 | INFO | [ncluster=25/25] AUC-ROC=59.52%  AUC-PR=62.45%  F1=0.4791  MCC=0.2106  Train=0.245s  Test=0.041s  Peak RAM=38.221 MB
2026-03-21 03:29:33 | INFO | [ncluster=28/28] AUC-ROC=59.87%  AUC-PR=63.53%  F1=0.4980  MCC=0.2187  Train=0.309s  Test=0.021s  Peak RAM=38.221 MB
2026-03-21 03:29:33 | INFO | [ncluster=31/31] AUC-ROC=59.55%  AUC-PR=62.96%  F1=0.4860  MCC=0.2066  Train=0.233s  Test=0.044s  Peak RAM=38.222 MB
2026-03-21 03:29:33 | INFO | [ncluster=34/34] AUC-ROC=59.44%  AUC-PR=62.47%  F1=0.4605  MCC=0.2048  Train=0.233s  Test=0.022s  Peak RAM=38.223 MB
2026-03-21 03:29:33 | INFO | [ncluster=37/37] AUC-ROC=60.12%  AUC-PR=63.97%  F1=0.4678  MCC=0.2345  Train=0.165s  Test=0.021s  Peak RAM=38.224 MB
2026-03-21 03:29:33 | INFO | [ncluster=40/40] AUC-ROC=59.98%  AUC-PR=63.35%  F1=0.4823  MCC=0.2199  Train=0.194s  Test=0.021s  Peak RAM=38.224 MB
2026-03-21 03:29:33 | INFO | [ncluster=43/43] AUC-ROC=60.05%  AUC-PR=63.72%  F1=0.4973  MCC=0.2200  Train=0.169s  Test=0.020s  Peak RAM=38.224 MB
2026-03-21 03:29:33 | INFO | [ncluster=46/46] AUC-ROC=59.70%  AUC-PR=62.64%  F1=0.5068  MCC=0.2070  Train=0.203s  Test=0.022s  Peak RAM=38.226 MB
2026-03-21 03:29:33 | INFO | [ncluster=49/49] AUC-ROC=59.99%  AUC-PR=63.78%  F1=0.4766  MCC=0.2238  Train=0.150s  Test=0.020s  Peak RAM=38.228 MB
2026-03-21 03:29:33 | INFO | [ncluster=52/52] AUC-ROC=59.77%  AUC-PR=63.01%  F1=0.5084  MCC=0.2077  Train=0.239s  Test=0.048s  Peak RAM=38.226 MB
2026-03-21 03:29:33 | INFO | [ncluster=55/55] AUC-ROC=60.01%  AUC-PR=63.63%  F1=0.4922  MCC=0.2143  Train=0.184s  Test=0.022s  Peak RAM=38.227 MB
2026-03-21 03:29:33 | INFO | [ncluster=58/58] AUC-ROC=59.42%  AUC-PR=62.16%  F1=0.4814  MCC=0.2058  Train=0.237s  Test=0.025s  Peak RAM=38.227 MB
2026-03-21 03:29:33 | INFO | [ncluster=61/61] AUC-ROC=59.69%  AUC-PR=62.94%  F1=0.4934  MCC=0.2088  Train=0.192s  Test=0.023s  Peak RAM=38.227 MB
2026-03-21 03:29:33 | INFO | [ncluster=64/64] AUC-ROC=59.54%  AUC-PR=62.37%  F1=0.4933  MCC=0.2025  Train=0.209s  Test=0.024s  Peak RAM=38.229 MB
2026-03-21 03:29:33 | INFO | [ncluster=67/67] AUC-ROC=60.05%  AUC-PR=63.40%  F1=0.5080  MCC=0.2239  Train=0.206s  Test=0.024s  Peak RAM=38.228 MB
2026-03-21 03:29:33 | INFO | [ncluster=70/70] AUC-ROC=59.17%  AUC-PR=61.42%  F1=0.4905  MCC=0.1965  Train=0.325s  Test=0.049s  Peak RAM=38.23 MB
2026-03-21 03:29:33 | INFO | [ncluster=73/73] AUC-ROC=60.11%  AUC-PR=63.77%  F1=0.4923  MCC=0.2291  Train=0.201s  Test=0.027s  Peak RAM=38.23 MB
2026-03-21 03:29:33 | INFO | [ncluster=76/76] AUC-ROC=59.47%  AUC-PR=62.25%  F1=0.4859  MCC=0.2065  Train=0.240s  Test=0.026s  Peak RAM=38.232 MB
2026-03-21 03:29:33 | INFO | [ncluster=79/79] AUC-ROC=59.37%  AUC-PR=61.88%  F1=0.5068  MCC=0.1994  Train=0.186s  Test=0.027s  Peak RAM=38.23 MB
2026-03-21 03:29:33 | INFO | [ncluster=82/82] AUC-ROC=59.21%  AUC-PR=61.66%  F1=0.4948  MCC=0.2023  Train=0.169s  Test=0.036s  Peak RAM=38.232 MB
2026-03-21 03:29:33 | INFO | [ncluster=85/85] AUC-ROC=59.12%  AUC-PR=61.66%  F1=0.4915  MCC=0.2004  Train=0.199s  Test=0.028s  Peak RAM=38.232 MB
2026-03-21 03:29:33 | INFO | [ncluster=88/88] AUC-ROC=59.06%  AUC-PR=61.33%  F1=0.4838  MCC=0.2036  Train=0.198s  Test=0.028s  Peak RAM=38.233 MB
2026-03-21 03:29:33 | INFO | [ncluster=91/91] AUC-ROC=59.43%  AUC-PR=62.34%  F1=0.4637  MCC=0.2122  Train=0.226s  Test=0.027s  Peak RAM=38.233 MB
2026-03-21 03:29:33 | INFO | [ncluster=94/94] AUC-ROC=59.36%  AUC-PR=62.50%  F1=0.4908  MCC=0.2001  Train=0.232s  Test=0.036s  Peak RAM=38.233 MB
2026-03-21 03:29:33 | INFO | [ncluster=97/97] AUC-ROC=59.29%  AUC-PR=62.50%  F1=0.4926  MCC=0.1972  Train=0.251s  Test=0.055s  Peak RAM=38.236 MB
2026-03-21 03:29:33 | INFO | [ncluster=100/100] AUC-ROC=59.31%  AUC-PR=62.00%  F1=0.5061  MCC=0.1967  Train=0.310s  Test=0.028s  Peak RAM=38.235 MB
2026-03-21 03:29:33 | INFO | [ncluster=103/103] AUC-ROC=59.48%  AUC-PR=62.57%  F1=0.5076  MCC=0.2114  Train=0.160s  Test=0.033s  Peak RAM=38.235 MB
2026-03-21 03:29:33 | INFO | [ncluster=106/106] AUC-ROC=59.15%  AUC-PR=61.36%  F1=0.4931  MCC=0.2005  Train=0.252s  Test=0.030s  Peak RAM=38.237 MB
2026-03-21 03:29:33 | INFO | [ncluster=109/109] AUC-ROC=58.94%  AUC-PR=60.70%  F1=0.4876  MCC=0.1907  Train=0.190s  Test=0.066s  Peak RAM=38.235 MB
2026-03-21 03:29:33 | INFO | [ncluster=112/112] AUC-ROC=59.47%  AUC-PR=61.70%  F1=0.5130  MCC=0.2090  Train=0.150s  Test=0.027s  Peak RAM=38.237 MB
2026-03-21 03:29:33 | INFO | [ncluster=115/115] AUC-ROC=58.82%  AUC-PR=60.99%  F1=0.4865  MCC=0.1928  Train=0.181s  Test=0.029s  Peak RAM=38.238 MB
2026-03-21 03:29:33 | INFO | [ncluster=118/118] AUC-ROC=59.27%  AUC-PR=61.84%  F1=0.5004  MCC=0.1959  Train=0.186s  Test=0.033s  Peak RAM=38.239 MB
2026-03-21 03:29:33 | INFO | [ncluster=121/121] AUC-ROC=59.01%  AUC-PR=61.42%  F1=0.4946  MCC=0.1949  Train=0.227s  Test=0.048s  Peak RAM=38.238 MB
2026-03-21 03:29:33 | INFO | [ncluster=124/124] AUC-ROC=58.79%  AUC-PR=60.68%  F1=0.4831  MCC=0.1891  Train=0.215s  Test=0.034s  Peak RAM=38.239 MB
2026-03-21 03:29:33 | INFO | [ncluster=127/127] AUC-ROC=59.57%  AUC-PR=61.80%  F1=0.5133  MCC=0.2044  Train=0.180s  Test=0.035s  Peak RAM=38.241 MB
2026-03-21 03:29:33 | INFO | [ncluster=130/130] AUC-ROC=59.36%  AUC-PR=62.05%  F1=0.5042  MCC=0.2021  Train=0.276s  Test=0.033s  Peak RAM=38.239 MB
2026-03-21 03:29:33 | INFO | [ncluster=133/133] AUC-ROC=59.02%  AUC-PR=61.12%  F1=0.5073  MCC=0.1932  Train=0.188s  Test=0.034s  Peak RAM=38.241 MB
2026-03-21 03:29:33 | INFO | [ncluster=136/136] AUC-ROC=58.97%  AUC-PR=61.09%  F1=0.5110  MCC=0.1905  Train=0.268s  Test=0.032s  Peak RAM=38.242 MB
2026-03-21 03:29:33 | INFO | [ncluster=139/139] AUC-ROC=59.09%  AUC-PR=61.57%  F1=0.4986  MCC=0.1947  Train=0.262s  Test=0.033s  Peak RAM=38.243 MB
2026-03-21 03:29:33 | INFO | [ncluster=142/142] AUC-ROC=59.26%  AUC-PR=61.83%  F1=0.5063  MCC=0.1989  Train=0.182s  Test=0.032s  Peak RAM=38.242 MB
2026-03-21 03:29:33 | INFO | [ncluster=145/145] AUC-ROC=59.04%  AUC-PR=61.19%  F1=0.4972  MCC=0.1953  Train=0.263s  Test=0.038s  Peak RAM=38.243 MB
2026-03-21 03:29:33 | INFO | [ncluster=148/148] AUC-ROC=59.33%  AUC-PR=61.65%  F1=0.5133  MCC=0.1956  Train=0.220s  Test=0.035s  Peak RAM=38.244 MB
2026-03-21 03:29:33 | INFO | [ncluster=151/151] AUC-ROC=59.27%  AUC-PR=61.75%  F1=0.5031  MCC=0.1908  Train=0.254s  Test=0.040s  Peak RAM=38.243 MB
2026-03-21 03:29:33 | INFO | [ncluster=154/154] AUC-ROC=59.16%  AUC-PR=61.48%  F1=0.4878  MCC=0.1974  Train=0.220s  Test=0.038s  Peak RAM=38.245 MB
2026-03-21 03:29:33 | INFO | [ncluster=157/157] AUC-ROC=58.56%  AUC-PR=60.43%  F1=0.5029  MCC=0.1793  Train=0.258s  Test=0.039s  Peak RAM=38.244 MB
2026-03-21 03:29:33 | INFO | [ncluster=160/160] AUC-ROC=59.08%  AUC-PR=61.51%  F1=0.4993  MCC=0.1935  Train=0.198s  Test=0.038s  Peak RAM=38.246 MB
2026-03-21 03:29:33 | INFO | [ncluster=163/163] AUC-ROC=59.49%  AUC-PR=62.27%  F1=0.5120  MCC=0.1959  Train=0.244s  Test=0.038s  Peak RAM=38.247 MB
2026-03-21 03:29:33 | INFO | [ncluster=166/166] AUC-ROC=58.73%  AUC-PR=60.90%  F1=0.5229  MCC=0.1764  Train=0.219s  Test=0.043s  Peak RAM=38.246 MB
2026-03-21 03:29:33 | INFO | [ncluster=169/169] AUC-ROC=58.21%  AUC-PR=59.76%  F1=0.5382  MCC=0.1637  Train=0.201s  Test=0.038s  Peak RAM=38.247 MB
2026-03-21 03:29:33 | INFO | [ncluster=172/172] AUC-ROC=58.82%  AUC-PR=60.84%  F1=0.5093  MCC=0.1869  Train=0.209s  Test=0.041s  Peak RAM=38.247 MB
2026-03-21 03:29:33 | INFO | [ncluster=175/175] AUC-ROC=58.51%  AUC-PR=60.08%  F1=0.5027  MCC=0.1776  Train=0.257s  Test=0.044s  Peak RAM=38.25 MB
2026-03-21 03:29:33 | INFO | [ncluster=178/178] AUC-ROC=59.06%  AUC-PR=61.79%  F1=0.4777  MCC=0.1877  Train=0.288s  Test=0.079s  Peak RAM=38.249 MB
2026-03-21 03:29:33 | INFO | [ncluster=181/181] AUC-ROC=59.03%  AUC-PR=61.51%  F1=0.5202  MCC=0.1881  Train=0.184s  Test=0.040s  Peak RAM=38.25 MB
2026-03-21 03:29:33 | INFO | [ncluster=184/184] AUC-ROC=58.85%  AUC-PR=61.34%  F1=0.4958  MCC=0.1891  Train=0.292s  Test=0.069s  Peak RAM=38.251 MB
2026-03-21 03:29:33 | INFO | [ncluster=187/187] AUC-ROC=58.66%  AUC-PR=60.75%  F1=0.4901  MCC=0.1760  Train=0.181s  Test=0.042s  Peak RAM=38.251 MB
2026-03-21 03:29:33 | INFO | [ncluster=190/190] AUC-ROC=58.73%  AUC-PR=60.72%  F1=0.5190  MCC=0.1807  Train=0.255s  Test=0.046s  Peak RAM=38.249 MB
2026-03-21 03:29:33 | INFO | [ncluster=193/193] AUC-ROC=58.74%  AUC-PR=60.57%  F1=0.5222  MCC=0.1806  Train=0.166s  Test=0.040s  Peak RAM=38.251 MB
2026-03-21 03:29:33 | INFO | [ncluster=196/196] AUC-ROC=58.86%  AUC-PR=60.79%  F1=0.4859  MCC=0.1889  Train=0.239s  Test=0.044s  Peak RAM=38.251 MB
2026-03-21 03:29:33 | INFO | [ncluster=199/199] AUC-ROC=59.09%  AUC-PR=61.49%  F1=0.4916  MCC=0.1911  Train=0.234s  Test=0.052s  Peak RAM=38.254 MB
2026-03-21 03:29:33 | INFO | [ncluster=202/202] AUC-ROC=58.79%  AUC-PR=60.51%  F1=0.5185  MCC=0.1793  Train=0.289s  Test=0.051s  Peak RAM=38.254 MB
2026-03-21 03:29:33 | INFO | [ncluster=205/205] AUC-ROC=58.62%  AUC-PR=60.24%  F1=0.5251  MCC=0.1753  Train=0.172s  Test=0.041s  Peak RAM=38.254 MB
2026-03-21 03:29:33 | INFO | [ncluster=208/208] AUC-ROC=58.79%  AUC-PR=60.96%  F1=0.4886  MCC=0.1830  Train=0.268s  Test=0.044s  Peak RAM=38.255 MB
2026-03-21 03:29:33 | INFO | [ncluster=211/211] AUC-ROC=58.55%  AUC-PR=60.30%  F1=0.5058  MCC=0.1789  Train=0.173s  Test=0.048s  Peak RAM=38.254 MB
2026-03-21 03:29:33 | INFO | [ncluster=214/214] AUC-ROC=58.37%  AUC-PR=59.64%  F1=0.5054  MCC=0.1820  Train=0.295s  Test=0.051s  Peak RAM=38.255 MB
2026-03-21 03:29:33 | INFO | [ncluster=217/217] AUC-ROC=59.00%  AUC-PR=60.56%  F1=0.5109  MCC=0.1807  Train=0.366s  Test=0.047s  Peak RAM=38.257 MB
2026-03-21 03:29:33 | INFO | [ncluster=220/220] AUC-ROC=59.01%  AUC-PR=61.22%  F1=0.4902  MCC=0.1880  Train=0.251s  Test=0.054s  Peak RAM=38.256 MB
2026-03-21 03:29:33 | INFO | [ncluster=223/223] AUC-ROC=58.87%  AUC-PR=60.85%  F1=0.5260  MCC=0.1834  Train=0.278s  Test=0.054s  Peak RAM=38.256 MB
2026-03-21 03:29:33 | INFO | [ncluster=226/226] AUC-ROC=58.72%  AUC-PR=60.47%  F1=0.5203  MCC=0.1823  Train=0.184s  Test=0.046s  Peak RAM=38.258 MB
2026-03-21 03:29:33 | INFO | [ncluster=229/229] AUC-ROC=58.86%  AUC-PR=60.88%  F1=0.5122  MCC=0.1853  Train=0.248s  Test=0.057s  Peak RAM=38.259 MB
2026-03-21 03:29:33 | INFO | [ncluster=232/232] AUC-ROC=58.92%  AUC-PR=61.31%  F1=0.5290  MCC=0.1822  Train=0.222s  Test=0.053s  Peak RAM=38.258 MB
2026-03-21 03:29:33 | INFO | [ncluster=235/235] AUC-ROC=58.82%  AUC-PR=60.78%  F1=0.5075  MCC=0.1823  Train=0.188s  Test=0.047s  Peak RAM=38.26 MB
2026-03-21 03:29:33 | INFO | [ncluster=238/238] AUC-ROC=58.54%  AUC-PR=60.09%  F1=0.5098  MCC=0.1797  Train=0.290s  Test=0.059s  Peak RAM=38.261 MB
2026-03-21 03:29:33 | INFO | [ncluster=241/241] AUC-ROC=58.71%  AUC-PR=60.55%  F1=0.5180  MCC=0.1771  Train=0.168s  Test=0.052s  Peak RAM=38.261 MB
2026-03-21 03:29:33 | INFO | [ncluster=244/244] AUC-ROC=59.16%  AUC-PR=61.42%  F1=0.5123  MCC=0.1890  Train=0.239s  Test=0.054s  Peak RAM=38.261 MB
2026-03-21 03:29:33 | INFO | [ncluster=247/247] AUC-ROC=58.25%  AUC-PR=59.16%  F1=0.5367  MCC=0.1675  Train=0.236s  Test=0.053s  Peak RAM=38.261 MB
2026-03-21 03:29:33 | INFO | [ncluster=250/250] AUC-ROC=58.63%  AUC-PR=60.78%  F1=0.5133  MCC=0.1807  Train=0.207s  Test=0.052s  Peak RAM=38.262 MB
2026-03-21 03:29:33 | INFO | [ncluster=253/253] AUC-ROC=59.02%  AUC-PR=61.87%  F1=0.5064  MCC=0.1791  Train=0.230s  Test=0.065s  Peak RAM=38.262 MB
2026-03-21 03:29:33 | INFO | [ncluster=256/256] AUC-ROC=58.88%  AUC-PR=60.90%  F1=0.5268  MCC=0.1777  Train=0.248s  Test=0.059s  Peak RAM=38.264 MB
2026-03-21 03:29:33 | INFO | [ncluster=259/259] AUC-ROC=58.89%  AUC-PR=61.38%  F1=0.5165  MCC=0.1868  Train=0.193s  Test=0.054s  Peak RAM=38.263 MB
2026-03-21 03:29:33 | INFO | [ncluster=262/262] AUC-ROC=59.21%  AUC-PR=61.49%  F1=0.5102  MCC=0.1990  Train=0.204s  Test=0.054s  Peak RAM=38.263 MB
2026-03-21 03:29:33 | INFO | [ncluster=265/265] AUC-ROC=58.93%  AUC-PR=61.20%  F1=0.5338  MCC=0.1813  Train=0.212s  Test=0.053s  Peak RAM=38.266 MB
2026-03-21 03:29:33 | INFO | [ncluster=268/268] AUC-ROC=58.45%  AUC-PR=60.36%  F1=0.4974  MCC=0.1684  Train=0.199s  Test=0.058s  Peak RAM=38.265 MB
2026-03-21 03:29:33 | INFO | [ncluster=271/271] AUC-ROC=58.71%  AUC-PR=60.11%  F1=0.5001  MCC=0.1806  Train=0.207s  Test=0.057s  Peak RAM=38.266 MB
2026-03-21 03:29:33 | INFO | [ncluster=274/274] AUC-ROC=58.61%  AUC-PR=60.30%  F1=0.4870  MCC=0.1818  Train=0.205s  Test=0.056s  Peak RAM=38.266 MB
2026-03-21 03:29:33 | INFO | [ncluster=277/277] AUC-ROC=59.00%  AUC-PR=61.62%  F1=0.5138  MCC=0.1821  Train=0.189s  Test=0.056s  Peak RAM=38.267 MB
2026-03-21 03:29:33 | INFO | [ncluster=280/280] AUC-ROC=58.52%  AUC-PR=60.30%  F1=0.5171  MCC=0.1748  Train=0.161s  Test=0.049s  Peak RAM=38.267 MB
2026-03-21 03:29:33 | INFO | [ncluster=283/283] AUC-ROC=59.03%  AUC-PR=61.61%  F1=0.5155  MCC=0.1845  Train=0.140s  Test=0.040s  Peak RAM=38.267 MB
2026-03-21 03:29:33 | INFO | [ncluster=286/286] AUC-ROC=59.17%  AUC-PR=61.34%  F1=0.5383  MCC=0.1795  Train=0.112s  Test=0.034s  Peak RAM=38.269 MB
2026-03-21 03:29:33 | INFO | [ncluster=289/289] AUC-ROC=58.46%  AUC-PR=60.43%  F1=0.5374  MCC=0.1663  Train=0.120s  Test=0.035s  Peak RAM=38.269 MB
2026-03-21 03:29:33 | INFO | [ncluster=292/292] AUC-ROC=59.14%  AUC-PR=61.65%  F1=0.5148  MCC=0.1850  Train=0.099s  Test=0.033s  Peak RAM=38.27 MB
2026-03-21 03:29:33 | INFO | [ncluster=295/295] AUC-ROC=58.62%  AUC-PR=61.01%  F1=0.5107  MCC=0.1782  Train=0.105s  Test=0.037s  Peak RAM=38.27 MB
2026-03-21 03:29:33 | INFO | [ncluster=298/298] AUC-ROC=58.90%  AUC-PR=61.02%  F1=0.5077  MCC=0.1855  Train=0.105s  Test=0.036s  Peak RAM=38.27 MB
2026-03-21 03:29:33 | INFO | --- noise=5% ---
2026-03-21 03:29:33 | INFO | ============================================================
2026-03-21 03:29:33 | INFO | Dataset  : Train_QuantileTransformer_data_CICIoT2023.csv
2026-03-21 03:29:33 | INFO | Scaler   : QuantileTransformer
2026-03-21 03:29:33 | INFO | Noise    : 5%
2026-03-21 03:29:33 | INFO | nClusters: 100 values (1..298)
2026-03-21 03:29:33 | INFO | ============================================================
2026-03-21 03:29:33 | INFO | Loaded Raw Shape -> Train: (30000, 45), Test: (30000, 45)
2026-03-21 03:29:33 | INFO | Training size : 31,500  |  Testing size: 28,500  |  Features: 44
2026-03-21 03:29:33 | INFO | Firing up Parallel execution for 100 cluster configs...
2026-03-21 03:32:42 | INFO | [ncluster=1/1] AUC-ROC=58.65%  AUC-PR=61.75%  F1=0.4933  MCC=0.1800  Train=0.269s  Test=0.013s  Peak RAM=38.956 MB
2026-03-21 03:32:42 | INFO | [ncluster=4/4] AUC-ROC=59.22%  AUC-PR=63.11%  F1=0.4913  MCC=0.1948  Train=0.215s  Test=0.024s  Peak RAM=38.958 MB
2026-03-21 03:32:42 | INFO | [ncluster=7/7] AUC-ROC=58.86%  AUC-PR=62.11%  F1=0.4885  MCC=0.1884  Train=0.246s  Test=0.016s  Peak RAM=38.959 MB
2026-03-21 03:32:42 | INFO | [ncluster=10/10] AUC-ROC=58.90%  AUC-PR=62.67%  F1=0.4813  MCC=0.1862  Train=0.252s  Test=0.018s  Peak RAM=38.96 MB
2026-03-21 03:32:42 | INFO | [ncluster=13/13] AUC-ROC=59.20%  AUC-PR=63.08%  F1=0.4865  MCC=0.1981  Train=0.221s  Test=0.025s  Peak RAM=38.961 MB
2026-03-21 03:32:42 | INFO | [ncluster=16/16] AUC-ROC=59.11%  AUC-PR=63.19%  F1=0.4777  MCC=0.1970  Train=0.319s  Test=0.017s  Peak RAM=38.961 MB
2026-03-21 03:32:42 | INFO | [ncluster=19/19] AUC-ROC=59.51%  AUC-PR=64.19%  F1=0.4757  MCC=0.2161  Train=0.206s  Test=0.013s  Peak RAM=38.961 MB
2026-03-21 03:32:42 | INFO | [ncluster=22/22] AUC-ROC=59.10%  AUC-PR=63.19%  F1=0.4818  MCC=0.1927  Train=0.300s  Test=0.019s  Peak RAM=38.963 MB
2026-03-21 03:32:42 | INFO | [ncluster=25/25] AUC-ROC=59.15%  AUC-PR=63.27%  F1=0.4941  MCC=0.1954  Train=0.289s  Test=0.020s  Peak RAM=38.964 MB
2026-03-21 03:32:42 | INFO | [ncluster=28/28] AUC-ROC=58.84%  AUC-PR=62.45%  F1=0.5067  MCC=0.1832  Train=0.277s  Test=0.031s  Peak RAM=38.963 MB
2026-03-21 03:32:42 | INFO | [ncluster=31/31] AUC-ROC=59.19%  AUC-PR=63.24%  F1=0.4799  MCC=0.1979  Train=0.216s  Test=0.022s  Peak RAM=38.965 MB
2026-03-21 03:32:42 | INFO | [ncluster=34/34] AUC-ROC=59.08%  AUC-PR=63.19%  F1=0.4844  MCC=0.1907  Train=0.201s  Test=0.019s  Peak RAM=38.964 MB
2026-03-21 03:32:42 | INFO | [ncluster=37/37] AUC-ROC=59.23%  AUC-PR=63.28%  F1=0.4747  MCC=0.2080  Train=0.217s  Test=0.021s  Peak RAM=38.964 MB
2026-03-21 03:32:42 | INFO | [ncluster=40/40] AUC-ROC=58.97%  AUC-PR=62.96%  F1=0.4814  MCC=0.1867  Train=0.209s  Test=0.023s  Peak RAM=38.967 MB
2026-03-21 03:32:42 | INFO | [ncluster=43/43] AUC-ROC=59.15%  AUC-PR=63.26%  F1=0.4914  MCC=0.1975  Train=0.257s  Test=0.024s  Peak RAM=38.966 MB
2026-03-21 03:32:42 | INFO | [ncluster=46/46] AUC-ROC=58.91%  AUC-PR=62.51%  F1=0.4978  MCC=0.1936  Train=0.336s  Test=0.022s  Peak RAM=38.966 MB
2026-03-21 03:32:42 | INFO | [ncluster=49/49] AUC-ROC=59.44%  AUC-PR=63.85%  F1=0.4931  MCC=0.2137  Train=0.194s  Test=0.020s  Peak RAM=38.967 MB
2026-03-21 03:32:42 | INFO | [ncluster=52/52] AUC-ROC=58.80%  AUC-PR=62.60%  F1=0.4667  MCC=0.1857  Train=0.217s  Test=0.043s  Peak RAM=38.967 MB
2026-03-21 03:32:42 | INFO | [ncluster=55/55] AUC-ROC=59.15%  AUC-PR=62.67%  F1=0.4952  MCC=0.1989  Train=0.215s  Test=0.025s  Peak RAM=38.968 MB
2026-03-21 03:32:42 | INFO | [ncluster=58/58] AUC-ROC=59.63%  AUC-PR=64.24%  F1=0.4883  MCC=0.2152  Train=0.215s  Test=0.024s  Peak RAM=38.97 MB
2026-03-21 03:32:42 | INFO | [ncluster=61/61] AUC-ROC=59.75%  AUC-PR=64.50%  F1=0.4817  MCC=0.2274  Train=0.305s  Test=0.022s  Peak RAM=38.97 MB
2026-03-21 03:32:42 | INFO | [ncluster=64/64] AUC-ROC=59.62%  AUC-PR=63.82%  F1=0.5027  MCC=0.2197  Train=0.205s  Test=0.024s  Peak RAM=38.97 MB
2026-03-21 03:32:42 | INFO | [ncluster=67/67] AUC-ROC=58.91%  AUC-PR=62.02%  F1=0.5018  MCC=0.1891  Train=0.172s  Test=0.023s  Peak RAM=38.97 MB
2026-03-21 03:32:42 | INFO | [ncluster=70/70] AUC-ROC=60.10%  AUC-PR=64.85%  F1=0.4937  MCC=0.2371  Train=0.161s  Test=0.024s  Peak RAM=38.972 MB
2026-03-21 03:32:42 | INFO | [ncluster=73/73] AUC-ROC=59.41%  AUC-PR=63.31%  F1=0.4907  MCC=0.2097  Train=0.219s  Test=0.025s  Peak RAM=38.971 MB
2026-03-21 03:32:42 | INFO | [ncluster=76/76] AUC-ROC=60.08%  AUC-PR=64.72%  F1=0.5034  MCC=0.2296  Train=0.184s  Test=0.024s  Peak RAM=38.972 MB
2026-03-21 03:32:42 | INFO | [ncluster=79/79] AUC-ROC=59.57%  AUC-PR=63.93%  F1=0.4960  MCC=0.2194  Train=0.235s  Test=0.028s  Peak RAM=38.973 MB
2026-03-21 03:32:42 | INFO | [ncluster=82/82] AUC-ROC=59.47%  AUC-PR=63.88%  F1=0.4959  MCC=0.2094  Train=0.227s  Test=0.025s  Peak RAM=38.973 MB
2026-03-21 03:32:42 | INFO | [ncluster=85/85] AUC-ROC=60.22%  AUC-PR=65.06%  F1=0.5018  MCC=0.2335  Train=0.178s  Test=0.026s  Peak RAM=38.973 MB
2026-03-21 03:32:42 | INFO | [ncluster=88/88] AUC-ROC=60.06%  AUC-PR=64.84%  F1=0.4961  MCC=0.2299  Train=0.215s  Test=0.027s  Peak RAM=38.974 MB
2026-03-21 03:32:42 | INFO | [ncluster=91/91] AUC-ROC=59.74%  AUC-PR=63.77%  F1=0.5165  MCC=0.2182  Train=0.290s  Test=0.051s  Peak RAM=38.975 MB
2026-03-21 03:32:42 | INFO | [ncluster=94/94] AUC-ROC=59.68%  AUC-PR=64.31%  F1=0.4752  MCC=0.2198  Train=0.206s  Test=0.029s  Peak RAM=38.975 MB
2026-03-21 03:32:42 | INFO | [ncluster=97/97] AUC-ROC=59.68%  AUC-PR=63.85%  F1=0.4988  MCC=0.2215  Train=0.218s  Test=0.029s  Peak RAM=38.976 MB
2026-03-21 03:32:42 | INFO | [ncluster=100/100] AUC-ROC=59.88%  AUC-PR=64.06%  F1=0.5213  MCC=0.2172  Train=0.146s  Test=0.028s  Peak RAM=38.976 MB
2026-03-21 03:32:42 | INFO | [ncluster=103/103] AUC-ROC=59.77%  AUC-PR=64.01%  F1=0.4961  MCC=0.2215  Train=0.189s  Test=0.028s  Peak RAM=38.977 MB
2026-03-21 03:32:42 | INFO | [ncluster=106/106] AUC-ROC=59.54%  AUC-PR=63.41%  F1=0.4993  MCC=0.2145  Train=0.176s  Test=0.029s  Peak RAM=38.979 MB
2026-03-21 03:32:42 | INFO | [ncluster=109/109] AUC-ROC=59.55%  AUC-PR=63.17%  F1=0.5041  MCC=0.2160  Train=0.175s  Test=0.029s  Peak RAM=38.977 MB
2026-03-21 03:32:42 | INFO | [ncluster=112/112] AUC-ROC=59.49%  AUC-PR=63.46%  F1=0.5073  MCC=0.2054  Train=0.245s  Test=0.030s  Peak RAM=38.979 MB
2026-03-21 03:32:42 | INFO | [ncluster=115/115] AUC-ROC=59.92%  AUC-PR=64.11%  F1=0.5052  MCC=0.2287  Train=0.293s  Test=0.031s  Peak RAM=38.979 MB
2026-03-21 03:32:42 | INFO | [ncluster=118/118] AUC-ROC=59.90%  AUC-PR=64.06%  F1=0.5052  MCC=0.2250  Train=0.329s  Test=0.039s  Peak RAM=38.98 MB
2026-03-21 03:32:42 | INFO | [ncluster=121/121] AUC-ROC=59.78%  AUC-PR=64.19%  F1=0.4973  MCC=0.2183  Train=0.171s  Test=0.034s  Peak RAM=38.98 MB
2026-03-21 03:32:42 | INFO | [ncluster=124/124] AUC-ROC=59.50%  AUC-PR=63.30%  F1=0.4950  MCC=0.2194  Train=0.178s  Test=0.031s  Peak RAM=38.981 MB
2026-03-21 03:32:42 | INFO | [ncluster=127/127] AUC-ROC=59.02%  AUC-PR=62.37%  F1=0.4977  MCC=0.1977  Train=0.208s  Test=0.034s  Peak RAM=38.982 MB
2026-03-21 03:32:42 | INFO | [ncluster=130/130] AUC-ROC=59.65%  AUC-PR=63.33%  F1=0.5253  MCC=0.2087  Train=0.182s  Test=0.033s  Peak RAM=38.982 MB
2026-03-21 03:32:42 | INFO | [ncluster=133/133] AUC-ROC=59.48%  AUC-PR=63.26%  F1=0.5129  MCC=0.2069  Train=0.216s  Test=0.035s  Peak RAM=38.982 MB
2026-03-21 03:32:42 | INFO | [ncluster=136/136] AUC-ROC=59.82%  AUC-PR=64.23%  F1=0.5034  MCC=0.2182  Train=0.182s  Test=0.033s  Peak RAM=38.983 MB
2026-03-21 03:32:42 | INFO | [ncluster=139/139] AUC-ROC=59.44%  AUC-PR=63.06%  F1=0.5199  MCC=0.2057  Train=0.312s  Test=0.037s  Peak RAM=38.983 MB
2026-03-21 03:32:42 | INFO | [ncluster=142/142] AUC-ROC=59.42%  AUC-PR=62.89%  F1=0.5116  MCC=0.2046  Train=0.223s  Test=0.035s  Peak RAM=38.984 MB
2026-03-21 03:32:42 | INFO | [ncluster=145/145] AUC-ROC=59.55%  AUC-PR=63.59%  F1=0.5190  MCC=0.2049  Train=0.205s  Test=0.035s  Peak RAM=38.984 MB
2026-03-21 03:32:42 | INFO | [ncluster=148/148] AUC-ROC=59.69%  AUC-PR=63.66%  F1=0.4974  MCC=0.2206  Train=0.389s  Test=0.077s  Peak RAM=38.985 MB
2026-03-21 03:32:42 | INFO | [ncluster=151/151] AUC-ROC=59.40%  AUC-PR=62.72%  F1=0.5059  MCC=0.2086  Train=0.182s  Test=0.073s  Peak RAM=38.985 MB
2026-03-21 03:32:42 | INFO | [ncluster=154/154] AUC-ROC=59.23%  AUC-PR=62.58%  F1=0.5114  MCC=0.2042  Train=0.184s  Test=0.032s  Peak RAM=38.986 MB
2026-03-21 03:32:42 | INFO | [ncluster=157/157] AUC-ROC=59.25%  AUC-PR=62.46%  F1=0.5089  MCC=0.1983  Train=0.217s  Test=0.037s  Peak RAM=38.986 MB
2026-03-21 03:32:42 | INFO | [ncluster=160/160] AUC-ROC=59.48%  AUC-PR=62.95%  F1=0.5058  MCC=0.2090  Train=0.257s  Test=0.037s  Peak RAM=38.987 MB
2026-03-21 03:32:42 | INFO | [ncluster=163/163] AUC-ROC=59.34%  AUC-PR=62.80%  F1=0.4868  MCC=0.2067  Train=0.353s  Test=0.088s  Peak RAM=38.989 MB
2026-03-21 03:32:42 | INFO | [ncluster=166/166] AUC-ROC=59.41%  AUC-PR=62.92%  F1=0.4985  MCC=0.2077  Train=0.275s  Test=0.046s  Peak RAM=38.989 MB
2026-03-21 03:32:42 | INFO | [ncluster=169/169] AUC-ROC=59.63%  AUC-PR=63.56%  F1=0.5084  MCC=0.2091  Train=0.410s  Test=0.055s  Peak RAM=38.988 MB
2026-03-21 03:32:42 | INFO | [ncluster=172/172] AUC-ROC=59.36%  AUC-PR=63.03%  F1=0.5291  MCC=0.1965  Train=0.264s  Test=0.041s  Peak RAM=38.99 MB
2026-03-21 03:32:42 | INFO | [ncluster=175/175] AUC-ROC=59.27%  AUC-PR=62.71%  F1=0.5105  MCC=0.1986  Train=0.241s  Test=0.041s  Peak RAM=38.99 MB
2026-03-21 03:32:42 | INFO | [ncluster=178/178] AUC-ROC=59.20%  AUC-PR=62.77%  F1=0.5240  MCC=0.1950  Train=0.281s  Test=0.045s  Peak RAM=38.991 MB
2026-03-21 03:32:42 | INFO | [ncluster=181/181] AUC-ROC=59.10%  AUC-PR=62.16%  F1=0.5254  MCC=0.1963  Train=0.239s  Test=0.043s  Peak RAM=38.991 MB
2026-03-21 03:32:42 | INFO | [ncluster=184/184] AUC-ROC=59.58%  AUC-PR=63.48%  F1=0.5043  MCC=0.2117  Train=0.148s  Test=0.037s  Peak RAM=38.99 MB
2026-03-21 03:32:42 | INFO | [ncluster=187/187] AUC-ROC=59.12%  AUC-PR=62.55%  F1=0.5136  MCC=0.1978  Train=0.228s  Test=0.042s  Peak RAM=38.993 MB
2026-03-21 03:32:42 | INFO | [ncluster=190/190] AUC-ROC=59.13%  AUC-PR=62.38%  F1=0.5144  MCC=0.1928  Train=0.311s  Test=0.045s  Peak RAM=38.992 MB
2026-03-21 03:32:42 | INFO | [ncluster=193/193] AUC-ROC=59.35%  AUC-PR=63.09%  F1=0.4893  MCC=0.2031  Train=0.210s  Test=0.047s  Peak RAM=38.994 MB
2026-03-21 03:32:42 | INFO | [ncluster=196/196] AUC-ROC=59.50%  AUC-PR=62.65%  F1=0.5242  MCC=0.2050  Train=0.191s  Test=0.041s  Peak RAM=38.994 MB
2026-03-21 03:32:42 | INFO | [ncluster=199/199] AUC-ROC=59.34%  AUC-PR=62.98%  F1=0.4941  MCC=0.2052  Train=0.285s  Test=0.052s  Peak RAM=38.994 MB
2026-03-21 03:32:42 | INFO | [ncluster=202/202] AUC-ROC=58.97%  AUC-PR=61.72%  F1=0.5076  MCC=0.1996  Train=0.194s  Test=0.085s  Peak RAM=38.994 MB
2026-03-21 03:32:42 | INFO | [ncluster=205/205] AUC-ROC=59.11%  AUC-PR=62.19%  F1=0.5059  MCC=0.1994  Train=0.267s  Test=0.060s  Peak RAM=38.997 MB
2026-03-21 03:32:42 | INFO | [ncluster=208/208] AUC-ROC=59.53%  AUC-PR=62.99%  F1=0.5244  MCC=0.1994  Train=0.214s  Test=0.044s  Peak RAM=38.996 MB
2026-03-21 03:32:42 | INFO | [ncluster=211/211] AUC-ROC=59.04%  AUC-PR=62.27%  F1=0.5248  MCC=0.1860  Train=0.185s  Test=0.046s  Peak RAM=38.996 MB
2026-03-21 03:32:42 | INFO | [ncluster=214/214] AUC-ROC=59.64%  AUC-PR=63.32%  F1=0.4991  MCC=0.2167  Train=0.162s  Test=0.042s  Peak RAM=38.997 MB
2026-03-21 03:32:42 | INFO | [ncluster=217/217] AUC-ROC=58.98%  AUC-PR=62.45%  F1=0.5234  MCC=0.1893  Train=0.331s  Test=0.045s  Peak RAM=38.998 MB
2026-03-21 03:32:42 | INFO | [ncluster=220/220] AUC-ROC=59.18%  AUC-PR=62.44%  F1=0.5117  MCC=0.2022  Train=0.272s  Test=0.053s  Peak RAM=38.998 MB
2026-03-21 03:32:42 | INFO | [ncluster=223/223] AUC-ROC=59.47%  AUC-PR=63.35%  F1=0.5268  MCC=0.2026  Train=0.329s  Test=0.059s  Peak RAM=39.0 MB
2026-03-21 03:32:42 | INFO | [ncluster=226/226] AUC-ROC=59.22%  AUC-PR=62.58%  F1=0.5018  MCC=0.2052  Train=0.236s  Test=0.051s  Peak RAM=39.001 MB
2026-03-21 03:32:42 | INFO | [ncluster=229/229] AUC-ROC=59.29%  AUC-PR=62.59%  F1=0.5013  MCC=0.2049  Train=0.322s  Test=0.065s  Peak RAM=39.0 MB
2026-03-21 03:32:42 | INFO | [ncluster=232/232] AUC-ROC=59.28%  AUC-PR=62.66%  F1=0.4994  MCC=0.2057  Train=0.277s  Test=0.056s  Peak RAM=39.0 MB
2026-03-21 03:32:42 | INFO | [ncluster=235/235] AUC-ROC=59.45%  AUC-PR=63.41%  F1=0.4981  MCC=0.2060  Train=0.288s  Test=0.066s  Peak RAM=39.001 MB
2026-03-21 03:32:42 | INFO | [ncluster=238/238] AUC-ROC=59.13%  AUC-PR=62.48%  F1=0.4933  MCC=0.2002  Train=0.319s  Test=0.061s  Peak RAM=39.002 MB
2026-03-21 03:32:42 | INFO | [ncluster=241/241] AUC-ROC=59.15%  AUC-PR=62.49%  F1=0.5183  MCC=0.1940  Train=0.187s  Test=0.050s  Peak RAM=39.002 MB
2026-03-21 03:32:42 | INFO | [ncluster=244/244] AUC-ROC=59.02%  AUC-PR=62.16%  F1=0.5221  MCC=0.1964  Train=0.239s  Test=0.056s  Peak RAM=39.002 MB
2026-03-21 03:32:42 | INFO | [ncluster=247/247] AUC-ROC=59.20%  AUC-PR=62.61%  F1=0.5108  MCC=0.2018  Train=0.225s  Test=0.047s  Peak RAM=39.002 MB
2026-03-21 03:32:42 | INFO | [ncluster=250/250] AUC-ROC=58.86%  AUC-PR=62.10%  F1=0.5202  MCC=0.1860  Train=0.213s  Test=0.055s  Peak RAM=39.003 MB
2026-03-21 03:32:42 | INFO | [ncluster=253/253] AUC-ROC=58.99%  AUC-PR=62.37%  F1=0.5058  MCC=0.1927  Train=0.203s  Test=0.052s  Peak RAM=39.004 MB
2026-03-21 03:32:42 | INFO | [ncluster=256/256] AUC-ROC=59.38%  AUC-PR=62.80%  F1=0.5269  MCC=0.2008  Train=0.215s  Test=0.052s  Peak RAM=39.004 MB
2026-03-21 03:32:42 | INFO | [ncluster=259/259] AUC-ROC=59.47%  AUC-PR=63.17%  F1=0.5060  MCC=0.2014  Train=0.221s  Test=0.054s  Peak RAM=39.005 MB
2026-03-21 03:32:42 | INFO | [ncluster=262/262] AUC-ROC=59.29%  AUC-PR=62.99%  F1=0.5047  MCC=0.2028  Train=0.290s  Test=0.067s  Peak RAM=39.005 MB
2026-03-21 03:32:42 | INFO | [ncluster=265/265] AUC-ROC=58.95%  AUC-PR=61.77%  F1=0.5031  MCC=0.2021  Train=0.293s  Test=0.059s  Peak RAM=39.006 MB
2026-03-21 03:32:42 | INFO | [ncluster=268/268] AUC-ROC=59.32%  AUC-PR=62.85%  F1=0.5197  MCC=0.2024  Train=0.174s  Test=0.048s  Peak RAM=39.007 MB
2026-03-21 03:32:42 | INFO | [ncluster=271/271] AUC-ROC=59.41%  AUC-PR=62.90%  F1=0.5070  MCC=0.2048  Train=0.196s  Test=0.054s  Peak RAM=39.006 MB
2026-03-21 03:32:42 | INFO | [ncluster=274/274] AUC-ROC=59.00%  AUC-PR=61.84%  F1=0.5300  MCC=0.1899  Train=0.202s  Test=0.054s  Peak RAM=39.007 MB
2026-03-21 03:32:42 | INFO | [ncluster=277/277] AUC-ROC=58.88%  AUC-PR=62.07%  F1=0.5282  MCC=0.1869  Train=0.121s  Test=0.037s  Peak RAM=39.008 MB
2026-03-21 03:32:42 | INFO | [ncluster=280/280] AUC-ROC=59.01%  AUC-PR=62.08%  F1=0.5272  MCC=0.1924  Train=0.143s  Test=0.040s  Peak RAM=39.009 MB
2026-03-21 03:32:42 | INFO | [ncluster=283/283] AUC-ROC=59.15%  AUC-PR=62.63%  F1=0.5149  MCC=0.1899  Train=0.138s  Test=0.035s  Peak RAM=39.009 MB
2026-03-21 03:32:42 | INFO | [ncluster=286/286] AUC-ROC=59.30%  AUC-PR=62.56%  F1=0.5027  MCC=0.2007  Train=0.113s  Test=0.039s  Peak RAM=39.01 MB
2026-03-21 03:32:42 | INFO | [ncluster=289/289] AUC-ROC=59.19%  AUC-PR=63.06%  F1=0.5105  MCC=0.1961  Train=0.134s  Test=0.038s  Peak RAM=39.01 MB
2026-03-21 03:32:42 | INFO | [ncluster=292/292] AUC-ROC=58.90%  AUC-PR=61.65%  F1=0.5209  MCC=0.1889  Train=0.116s  Test=0.036s  Peak RAM=39.011 MB
2026-03-21 03:32:42 | INFO | [ncluster=295/295] AUC-ROC=59.04%  AUC-PR=62.36%  F1=0.5048  MCC=0.1960  Train=0.104s  Test=0.035s  Peak RAM=39.031 MB
2026-03-21 03:32:42 | INFO | [ncluster=298/298] AUC-ROC=59.14%  AUC-PR=62.36%  F1=0.5113  MCC=0.1956  Train=0.105s  Test=0.035s  Peak RAM=39.012 MB
2026-03-21 03:32:42 | INFO | 
>>> Processing data_CICIoT2023 | scaler=RobustScaler
2026-03-21 03:32:42 | INFO | --- noise=0% ---
2026-03-21 03:32:42 | INFO | ============================================================
2026-03-21 03:32:42 | INFO | Dataset  : Train_RobustScaler_data_CICIoT2023.csv
2026-03-21 03:32:42 | INFO | Scaler   : RobustScaler
2026-03-21 03:32:42 | INFO | Noise    : 0%
2026-03-21 03:32:42 | INFO | nClusters: 100 values (1..298)
2026-03-21 03:32:42 | INFO | ============================================================
2026-03-21 03:32:42 | INFO | Loaded Raw Shape -> Train: (30000, 45), Test: (30000, 45)
2026-03-21 03:32:42 | INFO | Training size : 30,000  |  Testing size: 30,000  |  Features: 44
2026-03-21 03:32:42 | INFO | Firing up Parallel execution for 100 cluster configs...
2026-03-21 03:35:34 | INFO | [ncluster=1/1] AUC-ROC=90.93%  AUC-PR=86.31%  F1=0.8643  MCC=0.7158  Train=0.251s  Test=0.023s  Peak RAM=37.103 MB
2026-03-21 03:35:34 | INFO | [ncluster=4/4] AUC-ROC=91.29%  AUC-PR=87.39%  F1=0.8616  MCC=0.7098  Train=0.209s  Test=0.020s  Peak RAM=37.104 MB
2026-03-21 03:35:34 | INFO | [ncluster=7/7] AUC-ROC=50.00%  AUC-PR=50.00%  F1=0.0000  MCC=0.0000  Train=0.227s  Test=0.024s  Peak RAM=37.105 MB
2026-03-21 03:35:34 | INFO | [ncluster=10/10] AUC-ROC=50.00%  AUC-PR=50.00%  F1=0.0000  MCC=0.0000  Train=0.238s  Test=0.023s  Peak RAM=37.105 MB
2026-03-21 03:35:34 | INFO | [ncluster=13/13] AUC-ROC=50.00%  AUC-PR=50.00%  F1=0.0000  MCC=0.0000  Train=0.240s  Test=0.026s  Peak RAM=37.107 MB
2026-03-21 03:35:34 | INFO | [ncluster=16/16] AUC-ROC=50.00%  AUC-PR=50.00%  F1=0.0000  MCC=0.0000  Train=0.203s  Test=0.021s  Peak RAM=37.108 MB
2026-03-21 03:35:34 | INFO | [ncluster=19/19] AUC-ROC=50.00%  AUC-PR=50.00%  F1=0.0000  MCC=0.0000  Train=0.203s  Test=0.026s  Peak RAM=37.107 MB
2026-03-21 03:35:34 | INFO | [ncluster=22/22] AUC-ROC=50.00%  AUC-PR=50.00%  F1=0.0000  MCC=0.0000  Train=0.160s  Test=0.025s  Peak RAM=37.108 MB
2026-03-21 03:35:34 | INFO | [ncluster=25/25] AUC-ROC=50.00%  AUC-PR=50.00%  F1=0.0000  MCC=0.0000  Train=0.183s  Test=0.024s  Peak RAM=37.109 MB
2026-03-21 03:35:34 | INFO | [ncluster=28/28] AUC-ROC=50.00%  AUC-PR=50.00%  F1=0.0000  MCC=0.0000  Train=0.223s  Test=0.026s  Peak RAM=37.11 MB
2026-03-21 03:35:34 | INFO | [ncluster=31/31] AUC-ROC=50.00%  AUC-PR=50.00%  F1=0.0000  MCC=0.0000  Train=0.117s  Test=0.031s  Peak RAM=37.113 MB
2026-03-21 03:35:34 | INFO | [ncluster=34/34] AUC-ROC=50.00%  AUC-PR=50.00%  F1=0.0000  MCC=0.0000  Train=0.217s  Test=0.025s  Peak RAM=37.111 MB
2026-03-21 03:35:34 | INFO | [ncluster=37/37] AUC-ROC=50.00%  AUC-PR=50.00%  F1=0.0000  MCC=0.0000  Train=0.271s  Test=0.027s  Peak RAM=37.11 MB
2026-03-21 03:35:34 | INFO | [ncluster=40/40] AUC-ROC=50.00%  AUC-PR=50.00%  F1=0.0000  MCC=0.0000  Train=0.224s  Test=0.027s  Peak RAM=37.112 MB
2026-03-21 03:35:34 | INFO | [ncluster=43/43] AUC-ROC=50.00%  AUC-PR=50.00%  F1=0.0000  MCC=0.0000  Train=0.183s  Test=0.028s  Peak RAM=37.111 MB
2026-03-21 03:35:34 | INFO | [ncluster=46/46] AUC-ROC=50.00%  AUC-PR=50.00%  F1=0.0000  MCC=0.0000  Train=0.199s  Test=0.029s  Peak RAM=37.112 MB
2026-03-21 03:35:34 | INFO | [ncluster=49/49] AUC-ROC=50.00%  AUC-PR=50.00%  F1=0.0000  MCC=0.0000  Train=0.175s  Test=0.029s  Peak RAM=37.117 MB
2026-03-21 03:35:34 | INFO | [ncluster=52/52] AUC-ROC=50.00%  AUC-PR=50.00%  F1=0.0000  MCC=0.0000  Train=0.185s  Test=0.027s  Peak RAM=37.114 MB
2026-03-21 03:35:34 | INFO | [ncluster=55/55] AUC-ROC=50.00%  AUC-PR=50.00%  F1=0.0000  MCC=0.0000  Train=0.192s  Test=0.028s  Peak RAM=37.114 MB
2026-03-21 03:35:34 | INFO | [ncluster=58/58] AUC-ROC=50.00%  AUC-PR=50.00%  F1=0.0000  MCC=0.0000  Train=0.158s  Test=0.029s  Peak RAM=37.114 MB
2026-03-21 03:35:34 | INFO | [ncluster=61/61] AUC-ROC=50.00%  AUC-PR=50.00%  F1=0.0000  MCC=0.0000  Train=0.188s  Test=0.032s  Peak RAM=37.115 MB
2026-03-21 03:35:34 | INFO | [ncluster=64/64] AUC-ROC=50.00%  AUC-PR=50.00%  F1=0.0000  MCC=0.0000  Train=0.192s  Test=0.029s  Peak RAM=37.116 MB
2026-03-21 03:35:34 | INFO | [ncluster=67/67] AUC-ROC=50.00%  AUC-PR=50.00%  F1=0.0000  MCC=0.0000  Train=0.153s  Test=0.032s  Peak RAM=37.116 MB
2026-03-21 03:35:34 | INFO | [ncluster=70/70] AUC-ROC=50.00%  AUC-PR=50.00%  F1=0.0000  MCC=0.0000  Train=0.220s  Test=0.030s  Peak RAM=37.117 MB
2026-03-21 03:35:34 | INFO | [ncluster=73/73] AUC-ROC=50.00%  AUC-PR=50.00%  F1=0.0000  MCC=0.0000  Train=0.206s  Test=0.031s  Peak RAM=37.117 MB
2026-03-21 03:35:34 | INFO | [ncluster=76/76] AUC-ROC=50.00%  AUC-PR=50.00%  F1=0.0000  MCC=0.0000  Train=0.181s  Test=0.032s  Peak RAM=37.117 MB
2026-03-21 03:35:34 | INFO | [ncluster=79/79] AUC-ROC=50.00%  AUC-PR=50.00%  F1=0.0000  MCC=0.0000  Train=0.144s  Test=0.032s  Peak RAM=37.119 MB
2026-03-21 03:35:34 | INFO | [ncluster=82/82] AUC-ROC=50.00%  AUC-PR=50.00%  F1=0.0000  MCC=0.0000  Train=0.290s  Test=0.031s  Peak RAM=37.119 MB
2026-03-21 03:35:34 | INFO | [ncluster=85/85] AUC-ROC=50.00%  AUC-PR=50.00%  F1=0.0000  MCC=0.0000  Train=0.181s  Test=0.049s  Peak RAM=37.119 MB
2026-03-21 03:35:34 | INFO | [ncluster=88/88] AUC-ROC=50.00%  AUC-PR=50.00%  F1=0.0000  MCC=0.0000  Train=0.180s  Test=0.033s  Peak RAM=37.122 MB
2026-03-21 03:35:34 | INFO | [ncluster=91/91] AUC-ROC=50.00%  AUC-PR=50.00%  F1=0.0000  MCC=0.0000  Train=0.202s  Test=0.042s  Peak RAM=37.131 MB
2026-03-21 03:35:34 | INFO | [ncluster=94/94] AUC-ROC=50.00%  AUC-PR=50.00%  F1=0.0000  MCC=0.0000  Train=0.155s  Test=0.034s  Peak RAM=37.121 MB
2026-03-21 03:35:34 | INFO | [ncluster=97/97] AUC-ROC=50.00%  AUC-PR=50.00%  F1=0.0000  MCC=0.0000  Train=0.193s  Test=0.067s  Peak RAM=37.121 MB
2026-03-21 03:35:34 | INFO | [ncluster=100/100] AUC-ROC=50.00%  AUC-PR=50.00%  F1=0.0000  MCC=0.0000  Train=0.172s  Test=0.032s  Peak RAM=37.13 MB
2026-03-21 03:35:34 | INFO | [ncluster=103/103] AUC-ROC=50.00%  AUC-PR=50.00%  F1=0.0000  MCC=0.0000  Train=0.201s  Test=0.040s  Peak RAM=37.123 MB
2026-03-21 03:35:34 | INFO | [ncluster=106/106] AUC-ROC=50.00%  AUC-PR=50.00%  F1=0.0000  MCC=0.0000  Train=0.266s  Test=0.037s  Peak RAM=37.133 MB
2026-03-21 03:35:34 | INFO | [ncluster=109/109] AUC-ROC=50.00%  AUC-PR=50.00%  F1=0.0000  MCC=0.0000  Train=0.183s  Test=0.037s  Peak RAM=37.133 MB
2026-03-21 03:35:34 | INFO | [ncluster=112/112] AUC-ROC=50.00%  AUC-PR=50.00%  F1=0.0000  MCC=0.0000  Train=0.198s  Test=0.037s  Peak RAM=37.124 MB
2026-03-21 03:35:34 | INFO | [ncluster=115/115] AUC-ROC=50.00%  AUC-PR=50.00%  F1=0.0000  MCC=0.0000  Train=0.299s  Test=0.058s  Peak RAM=37.125 MB
2026-03-21 03:35:34 | INFO | [ncluster=118/118] AUC-ROC=50.00%  AUC-PR=50.00%  F1=0.0000  MCC=0.0000  Train=0.143s  Test=0.037s  Peak RAM=37.132 MB
2026-03-21 03:35:34 | INFO | [ncluster=121/121] AUC-ROC=50.00%  AUC-PR=50.00%  F1=0.0000  MCC=0.0000  Train=0.204s  Test=0.039s  Peak RAM=37.126 MB
2026-03-21 03:35:34 | INFO | [ncluster=124/124] AUC-ROC=50.00%  AUC-PR=50.00%  F1=0.0000  MCC=0.0000  Train=0.232s  Test=0.074s  Peak RAM=37.126 MB
2026-03-21 03:35:34 | INFO | [ncluster=127/127] AUC-ROC=50.00%  AUC-PR=50.00%  F1=0.0000  MCC=0.0000  Train=0.223s  Test=0.049s  Peak RAM=37.132 MB
2026-03-21 03:35:34 | INFO | [ncluster=130/130] AUC-ROC=50.00%  AUC-PR=50.00%  F1=0.0000  MCC=0.0000  Train=0.157s  Test=0.037s  Peak RAM=37.144 MB
2026-03-21 03:35:34 | INFO | [ncluster=133/133] AUC-ROC=50.00%  AUC-PR=50.00%  F1=0.0000  MCC=0.0000  Train=0.209s  Test=0.040s  Peak RAM=37.131 MB
2026-03-21 03:35:34 | INFO | [ncluster=136/136] AUC-ROC=50.00%  AUC-PR=50.00%  F1=0.0000  MCC=0.0000  Train=0.139s  Test=0.039s  Peak RAM=37.129 MB
2026-03-21 03:35:34 | INFO | [ncluster=139/139] AUC-ROC=50.00%  AUC-PR=50.00%  F1=0.0000  MCC=0.0000  Train=0.214s  Test=0.043s  Peak RAM=37.129 MB
2026-03-21 03:35:34 | INFO | [ncluster=142/142] AUC-ROC=50.00%  AUC-PR=50.00%  F1=0.0000  MCC=0.0000  Train=0.151s  Test=0.038s  Peak RAM=37.131 MB
2026-03-21 03:35:34 | INFO | [ncluster=145/145] AUC-ROC=50.00%  AUC-PR=50.00%  F1=0.0000  MCC=0.0000  Train=0.217s  Test=0.041s  Peak RAM=37.133 MB
2026-03-21 03:35:34 | INFO | [ncluster=148/148] AUC-ROC=50.00%  AUC-PR=50.00%  F1=0.0000  MCC=0.0000  Train=0.282s  Test=0.041s  Peak RAM=37.142 MB
2026-03-21 03:35:34 | INFO | [ncluster=151/151] AUC-ROC=50.00%  AUC-PR=50.00%  F1=0.0000  MCC=0.0000  Train=0.168s  Test=0.042s  Peak RAM=37.135 MB
2026-03-21 03:35:34 | INFO | [ncluster=154/154] AUC-ROC=50.00%  AUC-PR=50.00%  F1=0.0000  MCC=0.0000  Train=0.271s  Test=0.043s  Peak RAM=37.141 MB
2026-03-21 03:35:34 | INFO | [ncluster=157/157] AUC-ROC=50.00%  AUC-PR=50.00%  F1=0.0000  MCC=0.0000  Train=0.266s  Test=0.046s  Peak RAM=37.137 MB
2026-03-21 03:35:34 | INFO | [ncluster=160/160] AUC-ROC=50.00%  AUC-PR=50.00%  F1=0.0000  MCC=0.0000  Train=0.164s  Test=0.046s  Peak RAM=37.134 MB
2026-03-21 03:35:34 | INFO | [ncluster=163/163] AUC-ROC=50.00%  AUC-PR=50.00%  F1=0.0000  MCC=0.0000  Train=0.283s  Test=0.046s  Peak RAM=37.14 MB
2026-03-21 03:35:34 | INFO | [ncluster=166/166] AUC-ROC=50.00%  AUC-PR=50.00%  F1=0.0000  MCC=0.0000  Train=0.186s  Test=0.056s  Peak RAM=37.135 MB
2026-03-21 03:35:34 | INFO | [ncluster=169/169] AUC-ROC=50.00%  AUC-PR=50.00%  F1=0.0000  MCC=0.0000  Train=0.196s  Test=0.052s  Peak RAM=37.136 MB
2026-03-21 03:35:34 | INFO | [ncluster=172/172] AUC-ROC=50.00%  AUC-PR=50.00%  F1=0.0000  MCC=0.0000  Train=0.212s  Test=0.045s  Peak RAM=37.135 MB
2026-03-21 03:35:34 | INFO | [ncluster=175/175] AUC-ROC=50.00%  AUC-PR=50.00%  F1=0.0000  MCC=0.0000  Train=0.165s  Test=0.042s  Peak RAM=37.137 MB
2026-03-21 03:35:34 | INFO | [ncluster=178/178] AUC-ROC=50.00%  AUC-PR=50.00%  F1=0.0000  MCC=0.0000  Train=0.165s  Test=0.090s  Peak RAM=37.15 MB
2026-03-21 03:35:34 | INFO | [ncluster=181/181] AUC-ROC=50.00%  AUC-PR=50.00%  F1=0.0000  MCC=0.0000  Train=0.215s  Test=0.050s  Peak RAM=37.141 MB
2026-03-21 03:35:34 | INFO | [ncluster=184/184] AUC-ROC=50.00%  AUC-PR=50.00%  F1=0.0000  MCC=0.0000  Train=0.168s  Test=0.087s  Peak RAM=37.142 MB
2026-03-21 03:35:34 | INFO | [ncluster=187/187] AUC-ROC=50.00%  AUC-PR=50.00%  F1=0.0000  MCC=0.0000  Train=0.194s  Test=0.052s  Peak RAM=37.139 MB
2026-03-21 03:35:34 | INFO | [ncluster=190/190] AUC-ROC=50.00%  AUC-PR=50.00%  F1=0.0000  MCC=0.0000  Train=0.187s  Test=0.050s  Peak RAM=37.138 MB
2026-03-21 03:35:34 | INFO | [ncluster=193/193] AUC-ROC=50.00%  AUC-PR=50.00%  F1=0.0000  MCC=0.0000  Train=0.331s  Test=0.064s  Peak RAM=37.141 MB
2026-03-21 03:35:34 | INFO | [ncluster=196/196] AUC-ROC=50.00%  AUC-PR=50.00%  F1=0.0000  MCC=0.0000  Train=0.248s  Test=0.049s  Peak RAM=37.144 MB
2026-03-21 03:35:34 | INFO | [ncluster=199/199] AUC-ROC=50.00%  AUC-PR=50.00%  F1=0.0000  MCC=0.0000  Train=0.151s  Test=0.046s  Peak RAM=37.141 MB
2026-03-21 03:35:34 | INFO | [ncluster=202/202] AUC-ROC=50.00%  AUC-PR=50.00%  F1=0.0000  MCC=0.0000  Train=0.172s  Test=0.050s  Peak RAM=37.141 MB
2026-03-21 03:35:34 | INFO | [ncluster=205/205] AUC-ROC=50.00%  AUC-PR=50.00%  F1=0.0000  MCC=0.0000  Train=0.189s  Test=0.064s  Peak RAM=37.142 MB
2026-03-21 03:35:34 | INFO | [ncluster=208/208] AUC-ROC=50.00%  AUC-PR=50.00%  F1=0.0000  MCC=0.0000  Train=0.179s  Test=0.046s  Peak RAM=37.144 MB
2026-03-21 03:35:34 | INFO | [ncluster=211/211] AUC-ROC=50.00%  AUC-PR=50.00%  F1=0.0000  MCC=0.0000  Train=0.311s  Test=0.103s  Peak RAM=37.15 MB
2026-03-21 03:35:34 | INFO | [ncluster=214/214] AUC-ROC=50.00%  AUC-PR=50.00%  F1=0.0000  MCC=0.0000  Train=0.216s  Test=0.056s  Peak RAM=37.145 MB
2026-03-21 03:35:34 | INFO | [ncluster=217/217] AUC-ROC=50.00%  AUC-PR=50.00%  F1=0.0000  MCC=0.0000  Train=0.202s  Test=0.054s  Peak RAM=37.144 MB
2026-03-21 03:35:34 | INFO | [ncluster=220/220] AUC-ROC=50.00%  AUC-PR=50.00%  F1=0.0000  MCC=0.0000  Train=0.214s  Test=0.054s  Peak RAM=37.144 MB
2026-03-21 03:35:34 | INFO | [ncluster=223/223] AUC-ROC=50.00%  AUC-PR=50.00%  F1=0.0000  MCC=0.0000  Train=0.283s  Test=0.057s  Peak RAM=37.149 MB
2026-03-21 03:35:34 | INFO | [ncluster=226/226] AUC-ROC=50.00%  AUC-PR=50.00%  F1=0.0000  MCC=0.0000  Train=0.162s  Test=0.052s  Peak RAM=37.145 MB
2026-03-21 03:35:34 | INFO | [ncluster=229/229] AUC-ROC=50.00%  AUC-PR=50.00%  F1=0.0000  MCC=0.0000  Train=0.202s  Test=0.055s  Peak RAM=37.147 MB
2026-03-21 03:35:34 | INFO | [ncluster=232/232] AUC-ROC=50.00%  AUC-PR=50.00%  F1=0.0000  MCC=0.0000  Train=0.217s  Test=0.059s  Peak RAM=37.146 MB
2026-03-21 03:35:34 | INFO | [ncluster=235/235] AUC-ROC=50.00%  AUC-PR=50.00%  F1=0.0000  MCC=0.0000  Train=0.176s  Test=0.052s  Peak RAM=37.153 MB
2026-03-21 03:35:34 | INFO | [ncluster=238/238] AUC-ROC=50.00%  AUC-PR=50.00%  F1=0.0000  MCC=0.0000  Train=0.173s  Test=0.053s  Peak RAM=37.147 MB
2026-03-21 03:35:34 | INFO | [ncluster=241/241] AUC-ROC=50.00%  AUC-PR=50.00%  F1=0.0000  MCC=0.0000  Train=0.239s  Test=0.057s  Peak RAM=37.148 MB
2026-03-21 03:35:34 | INFO | [ncluster=244/244] AUC-ROC=50.00%  AUC-PR=50.00%  F1=0.0000  MCC=0.0000  Train=0.217s  Test=0.058s  Peak RAM=37.148 MB
2026-03-21 03:35:34 | INFO | [ncluster=247/247] AUC-ROC=50.00%  AUC-PR=50.00%  F1=0.0000  MCC=0.0000  Train=0.141s  Test=0.056s  Peak RAM=37.154 MB
2026-03-21 03:35:34 | INFO | [ncluster=250/250] AUC-ROC=50.00%  AUC-PR=50.00%  F1=0.0000  MCC=0.0000  Train=0.186s  Test=0.059s  Peak RAM=37.15 MB
2026-03-21 03:35:34 | INFO | [ncluster=253/253] AUC-ROC=50.00%  AUC-PR=50.00%  F1=0.0000  MCC=0.0000  Train=0.229s  Test=0.059s  Peak RAM=37.15 MB
2026-03-21 03:35:34 | INFO | [ncluster=256/256] AUC-ROC=50.00%  AUC-PR=50.00%  F1=0.0000  MCC=0.0000  Train=0.237s  Test=0.062s  Peak RAM=37.15 MB
2026-03-21 03:35:34 | INFO | [ncluster=259/259] AUC-ROC=50.00%  AUC-PR=50.00%  F1=0.0000  MCC=0.0000  Train=0.299s  Test=0.122s  Peak RAM=37.152 MB
2026-03-21 03:35:34 | INFO | [ncluster=262/262] AUC-ROC=50.00%  AUC-PR=50.00%  F1=0.0000  MCC=0.0000  Train=0.228s  Test=0.060s  Peak RAM=37.152 MB
2026-03-21 03:35:34 | INFO | [ncluster=265/265] AUC-ROC=50.00%  AUC-PR=50.00%  F1=0.0000  MCC=0.0000  Train=0.161s  Test=0.053s  Peak RAM=37.152 MB
2026-03-21 03:35:34 | INFO | [ncluster=268/268] AUC-ROC=50.00%  AUC-PR=50.00%  F1=0.0000  MCC=0.0000  Train=0.178s  Test=0.058s  Peak RAM=37.153 MB
2026-03-21 03:35:34 | INFO | [ncluster=271/271] AUC-ROC=50.00%  AUC-PR=50.00%  F1=0.0000  MCC=0.0000  Train=0.151s  Test=0.057s  Peak RAM=37.153 MB
2026-03-21 03:35:34 | INFO | [ncluster=274/274] AUC-ROC=50.00%  AUC-PR=50.00%  F1=0.0000  MCC=0.0000  Train=0.180s  Test=0.060s  Peak RAM=37.155 MB
2026-03-21 03:35:34 | INFO | [ncluster=277/277] AUC-ROC=50.00%  AUC-PR=50.00%  F1=0.0000  MCC=0.0000  Train=0.157s  Test=0.059s  Peak RAM=37.154 MB
2026-03-21 03:35:34 | INFO | [ncluster=280/280] AUC-ROC=50.00%  AUC-PR=50.00%  F1=0.0000  MCC=0.0000  Train=0.120s  Test=0.037s  Peak RAM=37.155 MB
2026-03-21 03:35:34 | INFO | [ncluster=283/283] AUC-ROC=50.00%  AUC-PR=50.00%  F1=0.0000  MCC=0.0000  Train=0.205s  Test=0.064s  Peak RAM=37.156 MB
2026-03-21 03:35:34 | INFO | [ncluster=286/286] AUC-ROC=50.00%  AUC-PR=50.00%  F1=0.0000  MCC=0.0000  Train=0.101s  Test=0.039s  Peak RAM=37.157 MB
2026-03-21 03:35:34 | INFO | [ncluster=289/289] AUC-ROC=50.00%  AUC-PR=50.00%  F1=0.0000  MCC=0.0000  Train=0.095s  Test=0.036s  Peak RAM=37.156 MB
2026-03-21 03:35:34 | INFO | [ncluster=292/292] AUC-ROC=50.00%  AUC-PR=50.00%  F1=0.0000  MCC=0.0000  Train=0.105s  Test=0.038s  Peak RAM=37.157 MB
2026-03-21 03:35:34 | INFO | [ncluster=295/295] AUC-ROC=50.00%  AUC-PR=50.00%  F1=0.0000  MCC=0.0000  Train=0.120s  Test=0.042s  Peak RAM=37.158 MB
2026-03-21 03:35:34 | INFO | [ncluster=298/298] AUC-ROC=50.00%  AUC-PR=50.00%  F1=0.0000  MCC=0.0000  Train=0.096s  Test=0.037s  Peak RAM=37.159 MB
2026-03-21 03:35:34 | INFO | --- noise=1% ---
2026-03-21 03:35:34 | INFO | ============================================================
2026-03-21 03:35:34 | INFO | Dataset  : Train_RobustScaler_data_CICIoT2023.csv
2026-03-21 03:35:34 | INFO | Scaler   : RobustScaler
2026-03-21 03:35:34 | INFO | Noise    : 1%
2026-03-21 03:35:34 | INFO | nClusters: 100 values (1..298)
2026-03-21 03:35:34 | INFO | ============================================================
2026-03-21 03:35:34 | INFO | Loaded Raw Shape -> Train: (30000, 45), Test: (30000, 45)
2026-03-21 03:35:34 | INFO | Training size : 30,300  |  Testing size: 29,700  |  Features: 44
2026-03-21 03:35:34 | INFO | Firing up Parallel execution for 100 cluster configs...
2026-03-21 03:38:30 | INFO | [ncluster=1/1] AUC-ROC=89.28%  AUC-PR=84.57%  F1=0.8507  MCC=0.6818  Train=0.248s  Test=0.015s  Peak RAM=37.474 MB
2026-03-21 03:38:30 | INFO | [ncluster=4/4] AUC-ROC=88.94%  AUC-PR=83.77%  F1=0.8562  MCC=0.6951  Train=0.209s  Test=0.015s  Peak RAM=37.476 MB
2026-03-21 03:38:30 | INFO | [ncluster=7/7] AUC-ROC=50.00%  AUC-PR=50.51%  F1=0.0000  MCC=0.0000  Train=0.258s  Test=0.015s  Peak RAM=37.477 MB
2026-03-21 03:38:30 | INFO | [ncluster=10/10] AUC-ROC=50.00%  AUC-PR=50.51%  F1=0.0000  MCC=0.0000  Train=0.278s  Test=0.015s  Peak RAM=37.479 MB
2026-03-21 03:38:30 | INFO | [ncluster=13/13] AUC-ROC=50.00%  AUC-PR=50.51%  F1=0.0000  MCC=0.0000  Train=0.269s  Test=0.034s  Peak RAM=37.477 MB
2026-03-21 03:38:30 | INFO | [ncluster=16/16] AUC-ROC=50.00%  AUC-PR=50.51%  F1=0.0000  MCC=0.0000  Train=0.270s  Test=0.014s  Peak RAM=37.479 MB
2026-03-21 03:38:30 | INFO | [ncluster=19/19] AUC-ROC=50.00%  AUC-PR=50.51%  F1=0.0000  MCC=0.0000  Train=0.174s  Test=0.031s  Peak RAM=37.478 MB
2026-03-21 03:38:30 | INFO | [ncluster=22/22] AUC-ROC=50.00%  AUC-PR=50.51%  F1=0.0000  MCC=0.0000  Train=0.313s  Test=0.018s  Peak RAM=37.479 MB
2026-03-21 03:38:30 | INFO | [ncluster=25/25] AUC-ROC=50.00%  AUC-PR=50.51%  F1=0.0000  MCC=0.0000  Train=0.247s  Test=0.021s  Peak RAM=37.479 MB
2026-03-21 03:38:30 | INFO | [ncluster=28/28] AUC-ROC=50.00%  AUC-PR=50.51%  F1=0.0000  MCC=0.0000  Train=0.214s  Test=0.018s  Peak RAM=37.48 MB
2026-03-21 03:38:30 | INFO | [ncluster=31/31] AUC-ROC=50.00%  AUC-PR=50.51%  F1=0.0000  MCC=0.0000  Train=0.198s  Test=0.030s  Peak RAM=37.481 MB
2026-03-21 03:38:30 | INFO | [ncluster=34/34] AUC-ROC=50.00%  AUC-PR=50.51%  F1=0.0000  MCC=0.0000  Train=0.143s  Test=0.020s  Peak RAM=37.481 MB
2026-03-21 03:38:30 | INFO | [ncluster=37/37] AUC-ROC=50.00%  AUC-PR=50.51%  F1=0.0000  MCC=0.0000  Train=0.235s  Test=0.019s  Peak RAM=37.483 MB
2026-03-21 03:38:30 | INFO | [ncluster=40/40] AUC-ROC=50.00%  AUC-PR=50.51%  F1=0.0000  MCC=0.0000  Train=0.214s  Test=0.021s  Peak RAM=37.484 MB
2026-03-21 03:38:30 | INFO | [ncluster=43/43] AUC-ROC=50.00%  AUC-PR=50.51%  F1=0.0000  MCC=0.0000  Train=0.225s  Test=0.020s  Peak RAM=37.483 MB
2026-03-21 03:38:30 | INFO | [ncluster=46/46] AUC-ROC=50.00%  AUC-PR=50.51%  F1=0.0000  MCC=0.0000  Train=0.181s  Test=0.022s  Peak RAM=37.485 MB
2026-03-21 03:38:30 | INFO | [ncluster=49/49] AUC-ROC=50.00%  AUC-PR=50.51%  F1=0.0000  MCC=0.0000  Train=0.230s  Test=0.022s  Peak RAM=37.484 MB
2026-03-21 03:38:30 | INFO | [ncluster=52/52] AUC-ROC=50.00%  AUC-PR=50.51%  F1=0.0000  MCC=0.0000  Train=0.236s  Test=0.047s  Peak RAM=37.488 MB
2026-03-21 03:38:30 | INFO | [ncluster=55/55] AUC-ROC=50.00%  AUC-PR=50.51%  F1=0.0000  MCC=0.0000  Train=0.242s  Test=0.022s  Peak RAM=37.485 MB
2026-03-21 03:38:30 | INFO | [ncluster=58/58] AUC-ROC=50.00%  AUC-PR=50.51%  F1=0.0000  MCC=0.0000  Train=0.196s  Test=0.022s  Peak RAM=37.486 MB
2026-03-21 03:38:30 | INFO | [ncluster=61/61] AUC-ROC=50.00%  AUC-PR=50.51%  F1=0.0000  MCC=0.0000  Train=0.203s  Test=0.049s  Peak RAM=37.486 MB
2026-03-21 03:38:30 | INFO | [ncluster=64/64] AUC-ROC=50.00%  AUC-PR=50.51%  F1=0.0000  MCC=0.0000  Train=0.198s  Test=0.022s  Peak RAM=37.487 MB
2026-03-21 03:38:30 | INFO | [ncluster=67/67] AUC-ROC=50.00%  AUC-PR=50.51%  F1=0.0000  MCC=0.0000  Train=0.265s  Test=0.049s  Peak RAM=37.487 MB
2026-03-21 03:38:30 | INFO | [ncluster=70/70] AUC-ROC=50.00%  AUC-PR=50.51%  F1=0.0000  MCC=0.0000  Train=0.236s  Test=0.025s  Peak RAM=37.488 MB
2026-03-21 03:38:30 | INFO | [ncluster=73/73] AUC-ROC=50.00%  AUC-PR=50.51%  F1=0.0000  MCC=0.0000  Train=0.171s  Test=0.025s  Peak RAM=37.489 MB
2026-03-21 03:38:30 | INFO | [ncluster=76/76] AUC-ROC=50.00%  AUC-PR=50.51%  F1=0.0000  MCC=0.0000  Train=0.183s  Test=0.026s  Peak RAM=37.489 MB
2026-03-21 03:38:30 | INFO | [ncluster=79/79] AUC-ROC=50.00%  AUC-PR=50.51%  F1=0.0000  MCC=0.0000  Train=0.128s  Test=0.024s  Peak RAM=37.49 MB
2026-03-21 03:38:30 | INFO | [ncluster=82/82] AUC-ROC=50.00%  AUC-PR=50.51%  F1=0.0000  MCC=0.0000  Train=0.316s  Test=0.028s  Peak RAM=37.49 MB
2026-03-21 03:38:30 | INFO | [ncluster=85/85] AUC-ROC=50.00%  AUC-PR=50.51%  F1=0.0000  MCC=0.0000  Train=0.227s  Test=0.035s  Peak RAM=37.491 MB
2026-03-21 03:38:30 | INFO | [ncluster=88/88] AUC-ROC=50.00%  AUC-PR=50.51%  F1=0.0000  MCC=0.0000  Train=0.315s  Test=0.026s  Peak RAM=37.491 MB
2026-03-21 03:38:30 | INFO | [ncluster=91/91] AUC-ROC=50.00%  AUC-PR=50.51%  F1=0.0000  MCC=0.0000  Train=0.218s  Test=0.029s  Peak RAM=37.492 MB
2026-03-21 03:38:30 | INFO | [ncluster=94/94] AUC-ROC=50.00%  AUC-PR=50.51%  F1=0.0000  MCC=0.0000  Train=0.168s  Test=0.027s  Peak RAM=37.493 MB
2026-03-21 03:38:30 | INFO | [ncluster=97/97] AUC-ROC=50.00%  AUC-PR=50.51%  F1=0.0000  MCC=0.0000  Train=0.223s  Test=0.032s  Peak RAM=37.493 MB
2026-03-21 03:38:30 | INFO | [ncluster=100/100] AUC-ROC=50.00%  AUC-PR=50.51%  F1=0.0000  MCC=0.0000  Train=0.195s  Test=0.027s  Peak RAM=37.493 MB
2026-03-21 03:38:30 | INFO | [ncluster=103/103] AUC-ROC=50.00%  AUC-PR=50.51%  F1=0.0000  MCC=0.0000  Train=0.162s  Test=0.029s  Peak RAM=37.494 MB
2026-03-21 03:38:30 | INFO | [ncluster=106/106] AUC-ROC=50.00%  AUC-PR=50.51%  F1=0.0000  MCC=0.0000  Train=0.302s  Test=0.030s  Peak RAM=37.493 MB
2026-03-21 03:38:30 | INFO | [ncluster=109/109] AUC-ROC=50.00%  AUC-PR=50.51%  F1=0.0000  MCC=0.0000  Train=0.160s  Test=0.030s  Peak RAM=37.495 MB
2026-03-21 03:38:30 | INFO | [ncluster=112/112] AUC-ROC=50.00%  AUC-PR=50.51%  F1=0.0000  MCC=0.0000  Train=0.278s  Test=0.033s  Peak RAM=37.495 MB
2026-03-21 03:38:30 | INFO | [ncluster=115/115] AUC-ROC=50.00%  AUC-PR=50.51%  F1=0.0000  MCC=0.0000  Train=0.270s  Test=0.031s  Peak RAM=37.496 MB
2026-03-21 03:38:30 | INFO | [ncluster=118/118] AUC-ROC=50.00%  AUC-PR=50.51%  F1=0.0000  MCC=0.0000  Train=0.212s  Test=0.031s  Peak RAM=37.496 MB
2026-03-21 03:38:30 | INFO | [ncluster=121/121] AUC-ROC=50.00%  AUC-PR=50.51%  F1=0.0000  MCC=0.0000  Train=0.182s  Test=0.030s  Peak RAM=37.498 MB
2026-03-21 03:38:30 | INFO | [ncluster=124/124] AUC-ROC=50.00%  AUC-PR=50.51%  F1=0.0000  MCC=0.0000  Train=0.173s  Test=0.042s  Peak RAM=37.498 MB
2026-03-21 03:38:30 | INFO | [ncluster=127/127] AUC-ROC=50.00%  AUC-PR=50.51%  F1=0.0000  MCC=0.0000  Train=0.239s  Test=0.033s  Peak RAM=37.497 MB
2026-03-21 03:38:30 | INFO | [ncluster=130/130] AUC-ROC=50.00%  AUC-PR=50.51%  F1=0.0000  MCC=0.0000  Train=0.176s  Test=0.033s  Peak RAM=37.499 MB
2026-03-21 03:38:30 | INFO | [ncluster=133/133] AUC-ROC=50.00%  AUC-PR=50.51%  F1=0.0000  MCC=0.0000  Train=0.209s  Test=0.056s  Peak RAM=37.5 MB
2026-03-21 03:38:30 | INFO | [ncluster=136/136] AUC-ROC=50.00%  AUC-PR=50.51%  F1=0.0000  MCC=0.0000  Train=0.311s  Test=0.033s  Peak RAM=37.503 MB
2026-03-21 03:38:30 | INFO | [ncluster=139/139] AUC-ROC=50.00%  AUC-PR=50.51%  F1=0.0000  MCC=0.0000  Train=0.223s  Test=0.034s  Peak RAM=37.501 MB
2026-03-21 03:38:30 | INFO | [ncluster=142/142] AUC-ROC=50.00%  AUC-PR=50.51%  F1=0.0000  MCC=0.0000  Train=0.290s  Test=0.037s  Peak RAM=37.502 MB
2026-03-21 03:38:30 | INFO | [ncluster=145/145] AUC-ROC=50.00%  AUC-PR=50.51%  F1=0.0000  MCC=0.0000  Train=0.190s  Test=0.042s  Peak RAM=37.501 MB
2026-03-21 03:38:30 | INFO | [ncluster=148/148] AUC-ROC=50.00%  AUC-PR=50.51%  F1=0.0000  MCC=0.0000  Train=0.293s  Test=0.048s  Peak RAM=37.504 MB
2026-03-21 03:38:30 | INFO | [ncluster=151/151] AUC-ROC=50.00%  AUC-PR=50.51%  F1=0.0000  MCC=0.0000  Train=0.228s  Test=0.038s  Peak RAM=37.502 MB
2026-03-21 03:38:30 | INFO | [ncluster=154/154] AUC-ROC=50.00%  AUC-PR=50.51%  F1=0.0000  MCC=0.0000  Train=0.170s  Test=0.033s  Peak RAM=37.504 MB
2026-03-21 03:38:30 | INFO | [ncluster=157/157] AUC-ROC=50.00%  AUC-PR=50.51%  F1=0.0000  MCC=0.0000  Train=0.200s  Test=0.038s  Peak RAM=37.503 MB
2026-03-21 03:38:30 | INFO | [ncluster=160/160] AUC-ROC=50.00%  AUC-PR=50.51%  F1=0.0000  MCC=0.0000  Train=0.220s  Test=0.035s  Peak RAM=37.504 MB
2026-03-21 03:38:30 | INFO | [ncluster=163/163] AUC-ROC=50.00%  AUC-PR=50.51%  F1=0.0000  MCC=0.0000  Train=0.303s  Test=0.049s  Peak RAM=37.506 MB
2026-03-21 03:38:30 | INFO | [ncluster=166/166] AUC-ROC=50.00%  AUC-PR=50.51%  F1=0.0000  MCC=0.0000  Train=0.225s  Test=0.039s  Peak RAM=37.504 MB
2026-03-21 03:38:30 | INFO | [ncluster=169/169] AUC-ROC=50.00%  AUC-PR=50.51%  F1=0.0000  MCC=0.0000  Train=0.230s  Test=0.041s  Peak RAM=37.505 MB
2026-03-21 03:38:30 | INFO | [ncluster=172/172] AUC-ROC=50.00%  AUC-PR=50.51%  F1=0.0000  MCC=0.0000  Train=0.195s  Test=0.038s  Peak RAM=37.506 MB
2026-03-21 03:38:30 | INFO | [ncluster=175/175] AUC-ROC=50.00%  AUC-PR=50.51%  F1=0.0000  MCC=0.0000  Train=0.201s  Test=0.040s  Peak RAM=37.507 MB
2026-03-21 03:38:30 | INFO | [ncluster=178/178] AUC-ROC=50.00%  AUC-PR=50.51%  F1=0.0000  MCC=0.0000  Train=0.229s  Test=0.039s  Peak RAM=37.507 MB
2026-03-21 03:38:30 | INFO | [ncluster=181/181] AUC-ROC=50.00%  AUC-PR=50.51%  F1=0.0000  MCC=0.0000  Train=0.201s  Test=0.039s  Peak RAM=37.507 MB
2026-03-21 03:38:30 | INFO | [ncluster=184/184] AUC-ROC=50.00%  AUC-PR=50.51%  F1=0.0000  MCC=0.0000  Train=0.280s  Test=0.040s  Peak RAM=37.509 MB
2026-03-21 03:38:30 | INFO | [ncluster=187/187] AUC-ROC=50.00%  AUC-PR=50.51%  F1=0.0000  MCC=0.0000  Train=0.181s  Test=0.038s  Peak RAM=37.509 MB
2026-03-21 03:38:30 | INFO | [ncluster=190/190] AUC-ROC=50.00%  AUC-PR=50.51%  F1=0.0000  MCC=0.0000  Train=0.229s  Test=0.045s  Peak RAM=37.51 MB
2026-03-21 03:38:30 | INFO | [ncluster=193/193] AUC-ROC=50.00%  AUC-PR=50.51%  F1=0.0000  MCC=0.0000  Train=0.163s  Test=0.043s  Peak RAM=37.51 MB
2026-03-21 03:38:30 | INFO | [ncluster=196/196] AUC-ROC=50.00%  AUC-PR=50.51%  F1=0.0000  MCC=0.0000  Train=0.204s  Test=0.042s  Peak RAM=37.51 MB
2026-03-21 03:38:30 | INFO | [ncluster=199/199] AUC-ROC=50.00%  AUC-PR=50.51%  F1=0.0000  MCC=0.0000  Train=0.217s  Test=0.089s  Peak RAM=37.511 MB
2026-03-21 03:38:30 | INFO | [ncluster=202/202] AUC-ROC=50.00%  AUC-PR=50.51%  F1=0.0000  MCC=0.0000  Train=0.222s  Test=0.086s  Peak RAM=37.512 MB
2026-03-21 03:38:30 | INFO | [ncluster=205/205] AUC-ROC=50.00%  AUC-PR=50.51%  F1=0.0000  MCC=0.0000  Train=0.186s  Test=0.045s  Peak RAM=37.512 MB
2026-03-21 03:38:30 | INFO | [ncluster=208/208] AUC-ROC=50.00%  AUC-PR=50.51%  F1=0.0000  MCC=0.0000  Train=0.287s  Test=0.046s  Peak RAM=37.513 MB
2026-03-21 03:38:30 | INFO | [ncluster=211/211] AUC-ROC=50.00%  AUC-PR=50.51%  F1=0.0000  MCC=0.0000  Train=0.165s  Test=0.043s  Peak RAM=37.513 MB
2026-03-21 03:38:30 | INFO | [ncluster=214/214] AUC-ROC=50.00%  AUC-PR=50.51%  F1=0.0000  MCC=0.0000  Train=0.224s  Test=0.047s  Peak RAM=37.513 MB
2026-03-21 03:38:30 | INFO | [ncluster=217/217] AUC-ROC=50.00%  AUC-PR=50.51%  F1=0.0000  MCC=0.0000  Train=0.221s  Test=0.047s  Peak RAM=37.514 MB
2026-03-21 03:38:30 | INFO | [ncluster=220/220] AUC-ROC=50.00%  AUC-PR=50.51%  F1=0.0000  MCC=0.0000  Train=0.235s  Test=0.099s  Peak RAM=37.515 MB
2026-03-21 03:38:30 | INFO | [ncluster=223/223] AUC-ROC=50.00%  AUC-PR=50.51%  F1=0.0000  MCC=0.0000  Train=0.249s  Test=0.051s  Peak RAM=37.516 MB
2026-03-21 03:38:30 | INFO | [ncluster=226/226] AUC-ROC=50.00%  AUC-PR=50.51%  F1=0.0000  MCC=0.0000  Train=0.187s  Test=0.046s  Peak RAM=37.517 MB
2026-03-21 03:38:30 | INFO | [ncluster=229/229] AUC-ROC=50.00%  AUC-PR=50.51%  F1=0.0000  MCC=0.0000  Train=0.261s  Test=0.052s  Peak RAM=37.516 MB
2026-03-21 03:38:30 | INFO | [ncluster=232/232] AUC-ROC=50.00%  AUC-PR=50.51%  F1=0.0000  MCC=0.0000  Train=0.210s  Test=0.072s  Peak RAM=37.516 MB
2026-03-21 03:38:30 | INFO | [ncluster=235/235] AUC-ROC=50.00%  AUC-PR=50.51%  F1=0.0000  MCC=0.0000  Train=0.213s  Test=0.052s  Peak RAM=37.517 MB
2026-03-21 03:38:30 | INFO | [ncluster=238/238] AUC-ROC=50.00%  AUC-PR=50.51%  F1=0.0000  MCC=0.0000  Train=0.287s  Test=0.079s  Peak RAM=37.518 MB
2026-03-21 03:38:30 | INFO | [ncluster=241/241] AUC-ROC=50.00%  AUC-PR=50.51%  F1=0.0000  MCC=0.0000  Train=0.184s  Test=0.043s  Peak RAM=37.519 MB
2026-03-21 03:38:30 | INFO | [ncluster=244/244] AUC-ROC=50.00%  AUC-PR=50.51%  F1=0.0000  MCC=0.0000  Train=0.188s  Test=0.053s  Peak RAM=37.518 MB
2026-03-21 03:38:30 | INFO | [ncluster=247/247] AUC-ROC=50.00%  AUC-PR=50.51%  F1=0.0000  MCC=0.0000  Train=0.284s  Test=0.072s  Peak RAM=37.519 MB
2026-03-21 03:38:30 | INFO | [ncluster=250/250] AUC-ROC=50.00%  AUC-PR=50.51%  F1=0.0000  MCC=0.0000  Train=0.177s  Test=0.050s  Peak RAM=37.52 MB
2026-03-21 03:38:30 | INFO | [ncluster=253/253] AUC-ROC=50.00%  AUC-PR=50.51%  F1=0.0000  MCC=0.0000  Train=0.214s  Test=0.054s  Peak RAM=37.519 MB
2026-03-21 03:38:30 | INFO | [ncluster=256/256] AUC-ROC=50.00%  AUC-PR=50.51%  F1=0.0000  MCC=0.0000  Train=0.286s  Test=0.051s  Peak RAM=37.521 MB
2026-03-21 03:38:30 | INFO | [ncluster=259/259] AUC-ROC=50.00%  AUC-PR=50.51%  F1=0.0000  MCC=0.0000  Train=0.175s  Test=0.049s  Peak RAM=37.523 MB
2026-03-21 03:38:30 | INFO | [ncluster=262/262] AUC-ROC=50.00%  AUC-PR=50.51%  F1=0.0000  MCC=0.0000  Train=0.183s  Test=0.073s  Peak RAM=37.523 MB
2026-03-21 03:38:30 | INFO | [ncluster=265/265] AUC-ROC=50.00%  AUC-PR=50.51%  F1=0.0000  MCC=0.0000  Train=0.233s  Test=0.059s  Peak RAM=37.523 MB
2026-03-21 03:38:30 | INFO | [ncluster=268/268] AUC-ROC=50.00%  AUC-PR=50.51%  F1=0.0000  MCC=0.0000  Train=0.200s  Test=0.049s  Peak RAM=37.525 MB
2026-03-21 03:38:30 | INFO | [ncluster=271/271] AUC-ROC=50.00%  AUC-PR=50.51%  F1=0.0000  MCC=0.0000  Train=0.190s  Test=0.056s  Peak RAM=37.525 MB
2026-03-21 03:38:30 | INFO | [ncluster=274/274] AUC-ROC=50.00%  AUC-PR=50.51%  F1=0.0000  MCC=0.0000  Train=0.196s  Test=0.052s  Peak RAM=37.524 MB
2026-03-21 03:38:30 | INFO | [ncluster=277/277] AUC-ROC=50.00%  AUC-PR=50.51%  F1=0.0000  MCC=0.0000  Train=0.154s  Test=0.038s  Peak RAM=37.524 MB
2026-03-21 03:38:30 | INFO | [ncluster=280/280] AUC-ROC=50.00%  AUC-PR=50.51%  F1=0.0000  MCC=0.0000  Train=0.115s  Test=0.035s  Peak RAM=37.526 MB
2026-03-21 03:38:30 | INFO | [ncluster=283/283] AUC-ROC=50.00%  AUC-PR=50.51%  F1=0.0000  MCC=0.0000  Train=0.106s  Test=0.032s  Peak RAM=37.526 MB
2026-03-21 03:38:30 | INFO | [ncluster=286/286] AUC-ROC=50.00%  AUC-PR=50.51%  F1=0.0000  MCC=0.0000  Train=0.123s  Test=0.036s  Peak RAM=37.527 MB
2026-03-21 03:38:30 | INFO | [ncluster=289/289] AUC-ROC=50.00%  AUC-PR=50.51%  F1=0.0000  MCC=0.0000  Train=0.111s  Test=0.036s  Peak RAM=37.528 MB
2026-03-21 03:38:30 | INFO | [ncluster=292/292] AUC-ROC=50.00%  AUC-PR=50.51%  F1=0.0000  MCC=0.0000  Train=0.110s  Test=0.033s  Peak RAM=37.527 MB
2026-03-21 03:38:30 | INFO | [ncluster=295/295] AUC-ROC=50.00%  AUC-PR=50.51%  F1=0.0000  MCC=0.0000  Train=0.100s  Test=0.033s  Peak RAM=37.529 MB
2026-03-21 03:38:30 | INFO | [ncluster=298/298] AUC-ROC=50.00%  AUC-PR=50.51%  F1=0.0000  MCC=0.0000  Train=0.100s  Test=0.032s  Peak RAM=37.529 MB
2026-03-21 03:38:30 | INFO | --- noise=3% ---
2026-03-21 03:38:30 | INFO | ============================================================
2026-03-21 03:38:30 | INFO | Dataset  : Train_RobustScaler_data_CICIoT2023.csv
2026-03-21 03:38:30 | INFO | Scaler   : RobustScaler
2026-03-21 03:38:30 | INFO | Noise    : 3%
2026-03-21 03:38:30 | INFO | nClusters: 100 values (1..298)
2026-03-21 03:38:30 | INFO | ============================================================
2026-03-21 03:38:30 | INFO | Loaded Raw Shape -> Train: (30000, 45), Test: (30000, 45)
2026-03-21 03:38:30 | INFO | Training size : 30,900  |  Testing size: 29,100  |  Features: 44
2026-03-21 03:38:30 | INFO | Firing up Parallel execution for 100 cluster configs...
2026-03-21 03:41:31 | INFO | [ncluster=1/1] AUC-ROC=91.70%  AUC-PR=89.87%  F1=0.8588  MCC=0.6966  Train=0.281s  Test=0.017s  Peak RAM=38.216 MB
2026-03-21 03:41:31 | INFO | [ncluster=4/4] AUC-ROC=90.68%  AUC-PR=86.91%  F1=0.8699  MCC=0.7192  Train=0.253s  Test=0.015s  Peak RAM=38.216 MB
2026-03-21 03:41:31 | INFO | [ncluster=7/7] AUC-ROC=90.22%  AUC-PR=86.62%  F1=0.8644  MCC=0.7059  Train=0.231s  Test=0.018s  Peak RAM=38.217 MB
2026-03-21 03:41:31 | INFO | [ncluster=10/10] AUC-ROC=50.00%  AUC-PR=51.55%  F1=0.0000  MCC=0.0000  Train=0.256s  Test=0.030s  Peak RAM=38.218 MB
2026-03-21 03:41:31 | INFO | [ncluster=13/13] AUC-ROC=50.00%  AUC-PR=51.55%  F1=0.0000  MCC=0.0000  Train=0.247s  Test=0.019s  Peak RAM=38.218 MB
2026-03-21 03:41:31 | INFO | [ncluster=16/16] AUC-ROC=50.00%  AUC-PR=51.55%  F1=0.0000  MCC=0.0000  Train=0.194s  Test=0.015s  Peak RAM=38.22 MB
2026-03-21 03:41:31 | INFO | [ncluster=19/19] AUC-ROC=50.00%  AUC-PR=51.55%  F1=0.0000  MCC=0.0000  Train=0.204s  Test=0.016s  Peak RAM=38.221 MB
2026-03-21 03:41:31 | INFO | [ncluster=22/22] AUC-ROC=50.00%  AUC-PR=51.55%  F1=0.0000  MCC=0.0000  Train=0.211s  Test=0.017s  Peak RAM=38.22 MB
2026-03-21 03:41:31 | INFO | [ncluster=25/25] AUC-ROC=50.00%  AUC-PR=51.55%  F1=0.0000  MCC=0.0000  Train=0.305s  Test=0.030s  Peak RAM=38.22 MB
2026-03-21 03:41:31 | INFO | [ncluster=28/28] AUC-ROC=50.00%  AUC-PR=51.55%  F1=0.0000  MCC=0.0000  Train=0.325s  Test=0.017s  Peak RAM=38.223 MB
2026-03-21 03:41:31 | INFO | [ncluster=31/31] AUC-ROC=50.00%  AUC-PR=51.55%  F1=0.0000  MCC=0.0000  Train=0.228s  Test=0.022s  Peak RAM=38.222 MB
2026-03-21 03:41:31 | INFO | [ncluster=34/34] AUC-ROC=50.00%  AUC-PR=51.55%  F1=0.0000  MCC=0.0000  Train=0.219s  Test=0.037s  Peak RAM=38.223 MB
2026-03-21 03:41:31 | INFO | [ncluster=37/37] AUC-ROC=50.00%  AUC-PR=51.55%  F1=0.0000  MCC=0.0000  Train=0.267s  Test=0.021s  Peak RAM=38.223 MB
2026-03-21 03:41:31 | INFO | [ncluster=40/40] AUC-ROC=50.00%  AUC-PR=51.55%  F1=0.0000  MCC=0.0000  Train=0.166s  Test=0.019s  Peak RAM=38.224 MB
2026-03-21 03:41:31 | INFO | [ncluster=43/43] AUC-ROC=50.00%  AUC-PR=51.55%  F1=0.0000  MCC=0.0000  Train=0.146s  Test=0.021s  Peak RAM=38.226 MB
2026-03-21 03:41:31 | INFO | [ncluster=46/46] AUC-ROC=50.00%  AUC-PR=51.55%  F1=0.0000  MCC=0.0000  Train=0.205s  Test=0.023s  Peak RAM=38.225 MB
2026-03-21 03:41:31 | INFO | [ncluster=49/49] AUC-ROC=50.00%  AUC-PR=51.55%  F1=0.0000  MCC=0.0000  Train=0.162s  Test=0.021s  Peak RAM=38.226 MB
2026-03-21 03:41:31 | INFO | [ncluster=52/52] AUC-ROC=50.00%  AUC-PR=51.55%  F1=0.0000  MCC=0.0000  Train=0.179s  Test=0.021s  Peak RAM=38.227 MB
2026-03-21 03:41:31 | INFO | [ncluster=55/55] AUC-ROC=50.00%  AUC-PR=51.55%  F1=0.0000  MCC=0.0000  Train=0.159s  Test=0.023s  Peak RAM=38.226 MB
2026-03-21 03:41:31 | INFO | [ncluster=58/58] AUC-ROC=50.00%  AUC-PR=51.55%  F1=0.0000  MCC=0.0000  Train=0.218s  Test=0.022s  Peak RAM=38.228 MB
2026-03-21 03:41:31 | INFO | [ncluster=61/61] AUC-ROC=50.00%  AUC-PR=51.55%  F1=0.0000  MCC=0.0000  Train=0.134s  Test=0.023s  Peak RAM=38.227 MB
2026-03-21 03:41:31 | INFO | [ncluster=64/64] AUC-ROC=50.00%  AUC-PR=51.55%  F1=0.0000  MCC=0.0000  Train=0.229s  Test=0.021s  Peak RAM=38.229 MB
2026-03-21 03:41:31 | INFO | [ncluster=67/67] AUC-ROC=50.00%  AUC-PR=51.55%  F1=0.0000  MCC=0.0000  Train=0.272s  Test=0.036s  Peak RAM=38.229 MB
2026-03-21 03:41:31 | INFO | [ncluster=70/70] AUC-ROC=50.00%  AUC-PR=51.55%  F1=0.0000  MCC=0.0000  Train=0.253s  Test=0.025s  Peak RAM=38.229 MB
2026-03-21 03:41:31 | INFO | [ncluster=73/73] AUC-ROC=50.00%  AUC-PR=51.55%  F1=0.0000  MCC=0.0000  Train=0.197s  Test=0.027s  Peak RAM=38.23 MB
2026-03-21 03:41:31 | INFO | [ncluster=76/76] AUC-ROC=50.00%  AUC-PR=51.55%  F1=0.0000  MCC=0.0000  Train=0.266s  Test=0.026s  Peak RAM=38.23 MB
2026-03-21 03:41:31 | INFO | [ncluster=79/79] AUC-ROC=50.00%  AUC-PR=51.55%  F1=0.0000  MCC=0.0000  Train=0.198s  Test=0.055s  Peak RAM=38.231 MB
2026-03-21 03:41:31 | INFO | [ncluster=82/82] AUC-ROC=50.00%  AUC-PR=51.55%  F1=0.0000  MCC=0.0000  Train=0.179s  Test=0.025s  Peak RAM=38.233 MB
2026-03-21 03:41:31 | INFO | [ncluster=85/85] AUC-ROC=50.00%  AUC-PR=51.55%  F1=0.0000  MCC=0.0000  Train=0.238s  Test=0.028s  Peak RAM=38.232 MB
2026-03-21 03:41:31 | INFO | [ncluster=88/88] AUC-ROC=50.00%  AUC-PR=51.55%  F1=0.0000  MCC=0.0000  Train=0.188s  Test=0.026s  Peak RAM=38.234 MB
2026-03-21 03:41:31 | INFO | [ncluster=91/91] AUC-ROC=50.00%  AUC-PR=51.55%  F1=0.0000  MCC=0.0000  Train=0.176s  Test=0.028s  Peak RAM=38.233 MB
2026-03-21 03:41:31 | INFO | [ncluster=94/94] AUC-ROC=50.00%  AUC-PR=51.55%  F1=0.0000  MCC=0.0000  Train=0.219s  Test=0.028s  Peak RAM=38.233 MB
2026-03-21 03:41:31 | INFO | [ncluster=97/97] AUC-ROC=50.00%  AUC-PR=51.55%  F1=0.0000  MCC=0.0000  Train=0.302s  Test=0.026s  Peak RAM=38.234 MB
2026-03-21 03:41:31 | INFO | [ncluster=100/100] AUC-ROC=50.00%  AUC-PR=51.55%  F1=0.0000  MCC=0.0000  Train=0.207s  Test=0.027s  Peak RAM=38.235 MB
2026-03-21 03:41:31 | INFO | [ncluster=103/103] AUC-ROC=50.00%  AUC-PR=51.55%  F1=0.0000  MCC=0.0000  Train=0.190s  Test=0.052s  Peak RAM=38.236 MB
2026-03-21 03:41:31 | INFO | [ncluster=106/106] AUC-ROC=50.00%  AUC-PR=51.55%  F1=0.0000  MCC=0.0000  Train=0.244s  Test=0.033s  Peak RAM=38.236 MB
2026-03-21 03:41:31 | INFO | [ncluster=109/109] AUC-ROC=50.00%  AUC-PR=51.55%  F1=0.0000  MCC=0.0000  Train=0.255s  Test=0.031s  Peak RAM=38.237 MB
2026-03-21 03:41:31 | INFO | [ncluster=112/112] AUC-ROC=50.00%  AUC-PR=51.55%  F1=0.0000  MCC=0.0000  Train=0.285s  Test=0.030s  Peak RAM=38.236 MB
2026-03-21 03:41:31 | INFO | [ncluster=115/115] AUC-ROC=50.00%  AUC-PR=51.55%  F1=0.0000  MCC=0.0000  Train=0.239s  Test=0.032s  Peak RAM=38.237 MB
2026-03-21 03:41:31 | INFO | [ncluster=118/118] AUC-ROC=50.00%  AUC-PR=51.55%  F1=0.0000  MCC=0.0000  Train=0.135s  Test=0.030s  Peak RAM=38.24 MB
2026-03-21 03:41:31 | INFO | [ncluster=121/121] AUC-ROC=50.00%  AUC-PR=51.55%  F1=0.0000  MCC=0.0000  Train=0.160s  Test=0.031s  Peak RAM=38.24 MB
2026-03-21 03:41:31 | INFO | [ncluster=124/124] AUC-ROC=50.00%  AUC-PR=51.55%  F1=0.0000  MCC=0.0000  Train=0.228s  Test=0.032s  Peak RAM=38.239 MB
2026-03-21 03:41:31 | INFO | [ncluster=127/127] AUC-ROC=50.00%  AUC-PR=51.55%  F1=0.0000  MCC=0.0000  Train=0.212s  Test=0.032s  Peak RAM=38.24 MB
2026-03-21 03:41:31 | INFO | [ncluster=130/130] AUC-ROC=50.00%  AUC-PR=51.55%  F1=0.0000  MCC=0.0000  Train=0.207s  Test=0.031s  Peak RAM=38.239 MB
2026-03-21 03:41:31 | INFO | [ncluster=133/133] AUC-ROC=50.00%  AUC-PR=51.55%  F1=0.0000  MCC=0.0000  Train=0.401s  Test=0.032s  Peak RAM=38.241 MB
2026-03-21 03:41:31 | INFO | [ncluster=136/136] AUC-ROC=50.00%  AUC-PR=51.55%  F1=0.0000  MCC=0.0000  Train=0.248s  Test=0.033s  Peak RAM=38.242 MB
2026-03-21 03:41:31 | INFO | [ncluster=139/139] AUC-ROC=50.00%  AUC-PR=51.55%  F1=0.0000  MCC=0.0000  Train=0.334s  Test=0.037s  Peak RAM=38.241 MB
2026-03-21 03:41:31 | INFO | [ncluster=142/142] AUC-ROC=50.00%  AUC-PR=51.55%  F1=0.0000  MCC=0.0000  Train=0.338s  Test=0.035s  Peak RAM=38.244 MB
2026-03-21 03:41:31 | INFO | [ncluster=145/145] AUC-ROC=50.00%  AUC-PR=51.55%  F1=0.0000  MCC=0.0000  Train=0.206s  Test=0.052s  Peak RAM=38.244 MB
2026-03-21 03:41:31 | INFO | [ncluster=148/148] AUC-ROC=50.00%  AUC-PR=51.55%  F1=0.0000  MCC=0.0000  Train=0.211s  Test=0.033s  Peak RAM=38.244 MB
2026-03-21 03:41:31 | INFO | [ncluster=151/151] AUC-ROC=50.00%  AUC-PR=51.55%  F1=0.0000  MCC=0.0000  Train=0.195s  Test=0.035s  Peak RAM=38.244 MB
2026-03-21 03:41:31 | INFO | [ncluster=154/154] AUC-ROC=50.00%  AUC-PR=51.55%  F1=0.0000  MCC=0.0000  Train=0.308s  Test=0.038s  Peak RAM=38.245 MB
2026-03-21 03:41:31 | INFO | [ncluster=157/157] AUC-ROC=50.00%  AUC-PR=51.55%  F1=0.0000  MCC=0.0000  Train=0.158s  Test=0.041s  Peak RAM=38.245 MB
2026-03-21 03:41:31 | INFO | [ncluster=160/160] AUC-ROC=50.00%  AUC-PR=51.55%  F1=0.0000  MCC=0.0000  Train=0.297s  Test=0.037s  Peak RAM=38.246 MB
2026-03-21 03:41:31 | INFO | [ncluster=163/163] AUC-ROC=50.00%  AUC-PR=51.55%  F1=0.0000  MCC=0.0000  Train=0.133s  Test=0.036s  Peak RAM=38.246 MB
2026-03-21 03:41:31 | INFO | [ncluster=166/166] AUC-ROC=50.00%  AUC-PR=51.55%  F1=0.0000  MCC=0.0000  Train=0.244s  Test=0.041s  Peak RAM=38.246 MB
2026-03-21 03:41:31 | INFO | [ncluster=169/169] AUC-ROC=50.00%  AUC-PR=51.55%  F1=0.0000  MCC=0.0000  Train=0.187s  Test=0.037s  Peak RAM=38.247 MB
2026-03-21 03:41:31 | INFO | [ncluster=172/172] AUC-ROC=50.00%  AUC-PR=51.55%  F1=0.0000  MCC=0.0000  Train=0.275s  Test=0.039s  Peak RAM=38.249 MB
2026-03-21 03:41:31 | INFO | [ncluster=175/175] AUC-ROC=50.00%  AUC-PR=51.55%  F1=0.0000  MCC=0.0000  Train=0.192s  Test=0.039s  Peak RAM=38.249 MB
2026-03-21 03:41:31 | INFO | [ncluster=178/178] AUC-ROC=50.00%  AUC-PR=51.55%  F1=0.0000  MCC=0.0000  Train=0.167s  Test=0.038s  Peak RAM=38.248 MB
2026-03-21 03:41:31 | INFO | [ncluster=181/181] AUC-ROC=50.00%  AUC-PR=51.55%  F1=0.0000  MCC=0.0000  Train=0.308s  Test=0.074s  Peak RAM=38.249 MB
2026-03-21 03:41:31 | INFO | [ncluster=184/184] AUC-ROC=50.00%  AUC-PR=51.55%  F1=0.0000  MCC=0.0000  Train=0.257s  Test=0.101s  Peak RAM=38.25 MB
2026-03-21 03:41:31 | INFO | [ncluster=187/187] AUC-ROC=50.00%  AUC-PR=51.55%  F1=0.0000  MCC=0.0000  Train=0.163s  Test=0.041s  Peak RAM=38.25 MB
2026-03-21 03:41:31 | INFO | [ncluster=190/190] AUC-ROC=50.00%  AUC-PR=51.55%  F1=0.0000  MCC=0.0000  Train=0.236s  Test=0.045s  Peak RAM=38.251 MB
2026-03-21 03:41:31 | INFO | [ncluster=193/193] AUC-ROC=50.00%  AUC-PR=51.55%  F1=0.0000  MCC=0.0000  Train=0.361s  Test=0.042s  Peak RAM=38.252 MB
2026-03-21 03:41:31 | INFO | [ncluster=196/196] AUC-ROC=50.00%  AUC-PR=51.55%  F1=0.0000  MCC=0.0000  Train=0.190s  Test=0.044s  Peak RAM=38.252 MB
2026-03-21 03:41:31 | INFO | [ncluster=199/199] AUC-ROC=50.00%  AUC-PR=51.55%  F1=0.0000  MCC=0.0000  Train=0.240s  Test=0.048s  Peak RAM=38.253 MB
2026-03-21 03:41:31 | INFO | [ncluster=202/202] AUC-ROC=50.00%  AUC-PR=51.55%  F1=0.0000  MCC=0.0000  Train=0.320s  Test=0.066s  Peak RAM=38.253 MB
2026-03-21 03:41:31 | INFO | [ncluster=205/205] AUC-ROC=50.00%  AUC-PR=51.55%  F1=0.0000  MCC=0.0000  Train=0.157s  Test=0.042s  Peak RAM=38.254 MB
2026-03-21 03:41:31 | INFO | [ncluster=208/208] AUC-ROC=50.00%  AUC-PR=51.55%  F1=0.0000  MCC=0.0000  Train=0.252s  Test=0.057s  Peak RAM=38.254 MB
2026-03-21 03:41:31 | INFO | [ncluster=211/211] AUC-ROC=50.00%  AUC-PR=51.55%  F1=0.0000  MCC=0.0000  Train=0.311s  Test=0.055s  Peak RAM=38.255 MB
2026-03-21 03:41:31 | INFO | [ncluster=214/214] AUC-ROC=50.00%  AUC-PR=51.55%  F1=0.0000  MCC=0.0000  Train=0.298s  Test=0.049s  Peak RAM=38.256 MB
2026-03-21 03:41:31 | INFO | [ncluster=217/217] AUC-ROC=50.00%  AUC-PR=51.55%  F1=0.0000  MCC=0.0000  Train=0.273s  Test=0.051s  Peak RAM=38.255 MB
2026-03-21 03:41:31 | INFO | [ncluster=220/220] AUC-ROC=50.00%  AUC-PR=51.55%  F1=0.0000  MCC=0.0000  Train=0.219s  Test=0.047s  Peak RAM=38.257 MB
2026-03-21 03:41:31 | INFO | [ncluster=223/223] AUC-ROC=50.00%  AUC-PR=51.55%  F1=0.0000  MCC=0.0000  Train=0.251s  Test=0.049s  Peak RAM=38.258 MB
2026-03-21 03:41:31 | INFO | [ncluster=226/226] AUC-ROC=50.00%  AUC-PR=51.55%  F1=0.0000  MCC=0.0000  Train=0.232s  Test=0.050s  Peak RAM=38.259 MB
2026-03-21 03:41:31 | INFO | [ncluster=229/229] AUC-ROC=50.00%  AUC-PR=51.55%  F1=0.0000  MCC=0.0000  Train=0.206s  Test=0.050s  Peak RAM=38.258 MB
2026-03-21 03:41:31 | INFO | [ncluster=232/232] AUC-ROC=50.00%  AUC-PR=51.55%  F1=0.0000  MCC=0.0000  Train=0.327s  Test=0.054s  Peak RAM=38.257 MB
2026-03-21 03:41:31 | INFO | [ncluster=235/235] AUC-ROC=50.00%  AUC-PR=51.55%  F1=0.0000  MCC=0.0000  Train=0.178s  Test=0.049s  Peak RAM=38.258 MB
2026-03-21 03:41:31 | INFO | [ncluster=238/238] AUC-ROC=50.00%  AUC-PR=51.55%  F1=0.0000  MCC=0.0000  Train=0.333s  Test=0.053s  Peak RAM=38.26 MB
2026-03-21 03:41:31 | INFO | [ncluster=241/241] AUC-ROC=50.00%  AUC-PR=51.55%  F1=0.0000  MCC=0.0000  Train=0.265s  Test=0.053s  Peak RAM=38.26 MB
2026-03-21 03:41:31 | INFO | [ncluster=244/244] AUC-ROC=50.00%  AUC-PR=51.55%  F1=0.0000  MCC=0.0000  Train=0.276s  Test=0.052s  Peak RAM=38.261 MB
2026-03-21 03:41:31 | INFO | [ncluster=247/247] AUC-ROC=50.00%  AUC-PR=51.55%  F1=0.0000  MCC=0.0000  Train=0.170s  Test=0.048s  Peak RAM=38.26 MB
2026-03-21 03:41:31 | INFO | [ncluster=250/250] AUC-ROC=50.00%  AUC-PR=51.55%  F1=0.0000  MCC=0.0000  Train=0.222s  Test=0.049s  Peak RAM=38.262 MB
2026-03-21 03:41:31 | INFO | [ncluster=253/253] AUC-ROC=50.00%  AUC-PR=51.55%  F1=0.0000  MCC=0.0000  Train=0.178s  Test=0.068s  Peak RAM=38.262 MB
2026-03-21 03:41:31 | INFO | [ncluster=256/256] AUC-ROC=50.00%  AUC-PR=51.55%  F1=0.0000  MCC=0.0000  Train=0.292s  Test=0.058s  Peak RAM=38.263 MB
2026-03-21 03:41:31 | INFO | [ncluster=259/259] AUC-ROC=50.00%  AUC-PR=51.55%  F1=0.0000  MCC=0.0000  Train=0.196s  Test=0.055s  Peak RAM=38.263 MB
2026-03-21 03:41:31 | INFO | [ncluster=262/262] AUC-ROC=50.00%  AUC-PR=51.55%  F1=0.0000  MCC=0.0000  Train=0.241s  Test=0.055s  Peak RAM=38.264 MB
2026-03-21 03:41:31 | INFO | [ncluster=265/265] AUC-ROC=50.00%  AUC-PR=51.55%  F1=0.0000  MCC=0.0000  Train=0.274s  Test=0.060s  Peak RAM=38.264 MB
2026-03-21 03:41:31 | INFO | [ncluster=268/268] AUC-ROC=50.00%  AUC-PR=51.55%  F1=0.0000  MCC=0.0000  Train=0.270s  Test=0.061s  Peak RAM=38.265 MB
2026-03-21 03:41:31 | INFO | [ncluster=271/271] AUC-ROC=50.00%  AUC-PR=51.55%  F1=0.0000  MCC=0.0000  Train=0.202s  Test=0.042s  Peak RAM=38.266 MB
2026-03-21 03:41:31 | INFO | [ncluster=274/274] AUC-ROC=50.00%  AUC-PR=51.55%  F1=0.0000  MCC=0.0000  Train=0.229s  Test=0.060s  Peak RAM=38.265 MB
2026-03-21 03:41:31 | INFO | [ncluster=277/277] AUC-ROC=50.00%  AUC-PR=51.55%  F1=0.0000  MCC=0.0000  Train=0.129s  Test=0.040s  Peak RAM=38.267 MB
2026-03-21 03:41:31 | INFO | [ncluster=280/280] AUC-ROC=50.00%  AUC-PR=51.55%  F1=0.0000  MCC=0.0000  Train=0.121s  Test=0.035s  Peak RAM=38.266 MB
2026-03-21 03:41:31 | INFO | [ncluster=283/283] AUC-ROC=50.00%  AUC-PR=51.55%  F1=0.0000  MCC=0.0000  Train=0.138s  Test=0.035s  Peak RAM=38.268 MB
2026-03-21 03:41:31 | INFO | [ncluster=286/286] AUC-ROC=50.00%  AUC-PR=51.55%  F1=0.0000  MCC=0.0000  Train=0.111s  Test=0.033s  Peak RAM=38.268 MB
2026-03-21 03:41:31 | INFO | [ncluster=289/289] AUC-ROC=50.00%  AUC-PR=51.55%  F1=0.0000  MCC=0.0000  Train=0.112s  Test=0.032s  Peak RAM=38.269 MB
2026-03-21 03:41:31 | INFO | [ncluster=292/292] AUC-ROC=50.00%  AUC-PR=51.55%  F1=0.0000  MCC=0.0000  Train=0.112s  Test=0.034s  Peak RAM=38.27 MB
2026-03-21 03:41:31 | INFO | [ncluster=295/295] AUC-ROC=50.00%  AUC-PR=51.55%  F1=0.0000  MCC=0.0000  Train=0.101s  Test=0.033s  Peak RAM=38.271 MB
2026-03-21 03:41:31 | INFO | [ncluster=298/298] AUC-ROC=50.00%  AUC-PR=51.55%  F1=0.0000  MCC=0.0000  Train=0.107s  Test=0.033s  Peak RAM=38.27 MB
2026-03-21 03:41:31 | INFO | --- noise=5% ---
2026-03-21 03:41:31 | INFO | ============================================================
2026-03-21 03:41:31 | INFO | Dataset  : Train_RobustScaler_data_CICIoT2023.csv
2026-03-21 03:41:31 | INFO | Scaler   : RobustScaler
2026-03-21 03:41:31 | INFO | Noise    : 5%
2026-03-21 03:41:31 | INFO | nClusters: 100 values (1..298)
2026-03-21 03:41:31 | INFO | ============================================================
2026-03-21 03:41:31 | INFO | Loaded Raw Shape -> Train: (30000, 45), Test: (30000, 45)
2026-03-21 03:41:31 | INFO | Training size : 31,500  |  Testing size: 28,500  |  Features: 44
2026-03-21 03:41:31 | INFO | Firing up Parallel execution for 100 cluster configs...
2026-03-21 03:44:37 | INFO | [ncluster=1/1] AUC-ROC=87.89%  AUC-PR=84.01%  F1=0.8463  MCC=0.6559  Train=0.256s  Test=0.013s  Peak RAM=38.958 MB
2026-03-21 03:44:37 | INFO | [ncluster=4/4] AUC-ROC=86.46%  AUC-PR=82.12%  F1=0.8390  MCC=0.6376  Train=0.254s  Test=0.014s  Peak RAM=38.959 MB
2026-03-21 03:44:37 | INFO | [ncluster=7/7] AUC-ROC=50.00%  AUC-PR=52.63%  F1=0.0000  MCC=0.0000  Train=0.214s  Test=0.015s  Peak RAM=38.959 MB
2026-03-21 03:44:37 | INFO | [ncluster=10/10] AUC-ROC=50.00%  AUC-PR=52.63%  F1=0.0000  MCC=0.0000  Train=0.255s  Test=0.017s  Peak RAM=38.96 MB
2026-03-21 03:44:37 | INFO | [ncluster=13/13] AUC-ROC=50.00%  AUC-PR=52.63%  F1=0.0000  MCC=0.0000  Train=0.374s  Test=0.017s  Peak RAM=38.96 MB
2026-03-21 03:44:37 | INFO | [ncluster=16/16] AUC-ROC=50.00%  AUC-PR=52.63%  F1=0.0000  MCC=0.0000  Train=0.228s  Test=0.017s  Peak RAM=38.962 MB
2026-03-21 03:44:37 | INFO | [ncluster=19/19] AUC-ROC=50.00%  AUC-PR=52.63%  F1=0.0000  MCC=0.0000  Train=0.291s  Test=0.015s  Peak RAM=38.961 MB
2026-03-21 03:44:37 | INFO | [ncluster=22/22] AUC-ROC=50.00%  AUC-PR=52.63%  F1=0.0000  MCC=0.0000  Train=0.223s  Test=0.017s  Peak RAM=38.962 MB
2026-03-21 03:44:37 | INFO | [ncluster=25/25] AUC-ROC=50.00%  AUC-PR=52.63%  F1=0.0000  MCC=0.0000  Train=0.300s  Test=0.027s  Peak RAM=38.963 MB
2026-03-21 03:44:37 | INFO | [ncluster=28/28] AUC-ROC=50.00%  AUC-PR=52.63%  F1=0.0000  MCC=0.0000  Train=0.224s  Test=0.038s  Peak RAM=38.964 MB
2026-03-21 03:44:37 | INFO | [ncluster=31/31] AUC-ROC=50.00%  AUC-PR=52.63%  F1=0.0000  MCC=0.0000  Train=0.348s  Test=0.020s  Peak RAM=38.964 MB
2026-03-21 03:44:37 | INFO | [ncluster=34/34] AUC-ROC=50.00%  AUC-PR=52.63%  F1=0.0000  MCC=0.0000  Train=0.196s  Test=0.019s  Peak RAM=38.965 MB
2026-03-21 03:44:37 | INFO | [ncluster=37/37] AUC-ROC=50.00%  AUC-PR=52.63%  F1=0.0000  MCC=0.0000  Train=0.192s  Test=0.019s  Peak RAM=38.964 MB
2026-03-21 03:44:37 | INFO | [ncluster=40/40] AUC-ROC=50.00%  AUC-PR=52.63%  F1=0.0000  MCC=0.0000  Train=0.171s  Test=0.019s  Peak RAM=38.966 MB
2026-03-21 03:44:37 | INFO | [ncluster=43/43] AUC-ROC=50.00%  AUC-PR=52.63%  F1=0.0000  MCC=0.0000  Train=0.165s  Test=0.021s  Peak RAM=38.966 MB
2026-03-21 03:44:37 | INFO | [ncluster=46/46] AUC-ROC=50.00%  AUC-PR=52.63%  F1=0.0000  MCC=0.0000  Train=0.170s  Test=0.023s  Peak RAM=38.966 MB
2026-03-21 03:44:37 | INFO | [ncluster=49/49] AUC-ROC=50.00%  AUC-PR=52.63%  F1=0.0000  MCC=0.0000  Train=0.233s  Test=0.020s  Peak RAM=38.967 MB
2026-03-21 03:44:37 | INFO | [ncluster=52/52] AUC-ROC=50.00%  AUC-PR=52.63%  F1=0.0000  MCC=0.0000  Train=0.225s  Test=0.030s  Peak RAM=38.968 MB
2026-03-21 03:44:37 | INFO | [ncluster=55/55] AUC-ROC=50.00%  AUC-PR=52.63%  F1=0.0000  MCC=0.0000  Train=0.385s  Test=0.021s  Peak RAM=38.968 MB
2026-03-21 03:44:37 | INFO | [ncluster=58/58] AUC-ROC=50.00%  AUC-PR=52.63%  F1=0.0000  MCC=0.0000  Train=0.211s  Test=0.024s  Peak RAM=38.968 MB
2026-03-21 03:44:37 | INFO | [ncluster=61/61] AUC-ROC=50.00%  AUC-PR=52.63%  F1=0.0000  MCC=0.0000  Train=0.229s  Test=0.044s  Peak RAM=38.97 MB
2026-03-21 03:44:37 | INFO | [ncluster=64/64] AUC-ROC=50.00%  AUC-PR=52.63%  F1=0.0000  MCC=0.0000  Train=0.254s  Test=0.044s  Peak RAM=38.969 MB
2026-03-21 03:44:37 | INFO | [ncluster=67/67] AUC-ROC=50.00%  AUC-PR=52.63%  F1=0.0000  MCC=0.0000  Train=0.260s  Test=0.049s  Peak RAM=38.97 MB
2026-03-21 03:44:37 | INFO | [ncluster=70/70] AUC-ROC=50.00%  AUC-PR=52.63%  F1=0.0000  MCC=0.0000  Train=0.247s  Test=0.025s  Peak RAM=38.971 MB
2026-03-21 03:44:37 | INFO | [ncluster=73/73] AUC-ROC=50.00%  AUC-PR=52.63%  F1=0.0000  MCC=0.0000  Train=0.195s  Test=0.026s  Peak RAM=38.971 MB
2026-03-21 03:44:37 | INFO | [ncluster=76/76] AUC-ROC=50.00%  AUC-PR=52.63%  F1=0.0000  MCC=0.0000  Train=0.202s  Test=0.049s  Peak RAM=38.975 MB
2026-03-21 03:44:37 | INFO | [ncluster=79/79] AUC-ROC=50.00%  AUC-PR=52.63%  F1=0.0000  MCC=0.0000  Train=0.186s  Test=0.028s  Peak RAM=38.973 MB
2026-03-21 03:44:37 | INFO | [ncluster=82/82] AUC-ROC=50.00%  AUC-PR=52.63%  F1=0.0000  MCC=0.0000  Train=0.216s  Test=0.026s  Peak RAM=38.973 MB
2026-03-21 03:44:37 | INFO | [ncluster=85/85] AUC-ROC=50.00%  AUC-PR=52.63%  F1=0.0000  MCC=0.0000  Train=0.231s  Test=0.026s  Peak RAM=38.974 MB
2026-03-21 03:44:37 | INFO | [ncluster=88/88] AUC-ROC=50.00%  AUC-PR=52.63%  F1=0.0000  MCC=0.0000  Train=0.198s  Test=0.026s  Peak RAM=38.974 MB
2026-03-21 03:44:37 | INFO | [ncluster=91/91] AUC-ROC=50.00%  AUC-PR=52.63%  F1=0.0000  MCC=0.0000  Train=0.247s  Test=0.033s  Peak RAM=38.975 MB
2026-03-21 03:44:37 | INFO | [ncluster=94/94] AUC-ROC=50.00%  AUC-PR=52.63%  F1=0.0000  MCC=0.0000  Train=0.325s  Test=0.030s  Peak RAM=38.976 MB
2026-03-21 03:44:37 | INFO | [ncluster=97/97] AUC-ROC=50.00%  AUC-PR=52.63%  F1=0.0000  MCC=0.0000  Train=0.265s  Test=0.026s  Peak RAM=38.976 MB
2026-03-21 03:44:37 | INFO | [ncluster=100/100] AUC-ROC=50.00%  AUC-PR=52.63%  F1=0.0000  MCC=0.0000  Train=0.241s  Test=0.027s  Peak RAM=38.983 MB
2026-03-21 03:44:37 | INFO | [ncluster=103/103] AUC-ROC=50.00%  AUC-PR=52.63%  F1=0.0000  MCC=0.0000  Train=0.225s  Test=0.030s  Peak RAM=38.977 MB
2026-03-21 03:44:37 | INFO | [ncluster=106/106] AUC-ROC=50.00%  AUC-PR=52.63%  F1=0.0000  MCC=0.0000  Train=0.185s  Test=0.040s  Peak RAM=38.978 MB
2026-03-21 03:44:37 | INFO | [ncluster=109/109] AUC-ROC=50.00%  AUC-PR=52.63%  F1=0.0000  MCC=0.0000  Train=0.229s  Test=0.031s  Peak RAM=38.979 MB
2026-03-21 03:44:37 | INFO | [ncluster=112/112] AUC-ROC=50.00%  AUC-PR=52.63%  F1=0.0000  MCC=0.0000  Train=0.188s  Test=0.029s  Peak RAM=38.979 MB
2026-03-21 03:44:37 | INFO | [ncluster=115/115] AUC-ROC=50.00%  AUC-PR=52.63%  F1=0.0000  MCC=0.0000  Train=0.257s  Test=0.035s  Peak RAM=38.979 MB
2026-03-21 03:44:37 | INFO | [ncluster=118/118] AUC-ROC=50.00%  AUC-PR=52.63%  F1=0.0000  MCC=0.0000  Train=0.210s  Test=0.031s  Peak RAM=38.98 MB
2026-03-21 03:44:37 | INFO | [ncluster=121/121] AUC-ROC=50.00%  AUC-PR=52.63%  F1=0.0000  MCC=0.0000  Train=0.225s  Test=0.032s  Peak RAM=38.98 MB
2026-03-21 03:44:37 | INFO | [ncluster=124/124] AUC-ROC=50.00%  AUC-PR=52.63%  F1=0.0000  MCC=0.0000  Train=0.192s  Test=0.031s  Peak RAM=38.98 MB
2026-03-21 03:44:37 | INFO | [ncluster=127/127] AUC-ROC=50.00%  AUC-PR=52.63%  F1=0.0000  MCC=0.0000  Train=0.220s  Test=0.032s  Peak RAM=38.981 MB
2026-03-21 03:44:37 | INFO | [ncluster=130/130] AUC-ROC=50.00%  AUC-PR=52.63%  F1=0.0000  MCC=0.0000  Train=0.153s  Test=0.029s  Peak RAM=38.983 MB
2026-03-21 03:44:37 | INFO | [ncluster=133/133] AUC-ROC=50.00%  AUC-PR=52.63%  F1=0.0000  MCC=0.0000  Train=0.202s  Test=0.033s  Peak RAM=38.982 MB
2026-03-21 03:44:37 | INFO | [ncluster=136/136] AUC-ROC=50.00%  AUC-PR=52.63%  F1=0.0000  MCC=0.0000  Train=0.203s  Test=0.035s  Peak RAM=38.983 MB
2026-03-21 03:44:37 | INFO | [ncluster=139/139] AUC-ROC=50.00%  AUC-PR=52.63%  F1=0.0000  MCC=0.0000  Train=0.180s  Test=0.034s  Peak RAM=38.983 MB
2026-03-21 03:44:37 | INFO | [ncluster=142/142] AUC-ROC=50.00%  AUC-PR=52.63%  F1=0.0000  MCC=0.0000  Train=0.291s  Test=0.045s  Peak RAM=38.986 MB
2026-03-21 03:44:37 | INFO | [ncluster=145/145] AUC-ROC=50.00%  AUC-PR=52.63%  F1=0.0000  MCC=0.0000  Train=0.206s  Test=0.043s  Peak RAM=38.985 MB
2026-03-21 03:44:37 | INFO | [ncluster=148/148] AUC-ROC=50.00%  AUC-PR=52.63%  F1=0.0000  MCC=0.0000  Train=0.248s  Test=0.036s  Peak RAM=38.985 MB
2026-03-21 03:44:37 | INFO | [ncluster=151/151] AUC-ROC=50.00%  AUC-PR=52.63%  F1=0.0000  MCC=0.0000  Train=0.238s  Test=0.038s  Peak RAM=38.986 MB
2026-03-21 03:44:37 | INFO | [ncluster=154/154] AUC-ROC=50.00%  AUC-PR=52.63%  F1=0.0000  MCC=0.0000  Train=0.248s  Test=0.037s  Peak RAM=38.986 MB
2026-03-21 03:44:37 | INFO | [ncluster=157/157] AUC-ROC=50.00%  AUC-PR=52.63%  F1=0.0000  MCC=0.0000  Train=0.207s  Test=0.038s  Peak RAM=38.989 MB
2026-03-21 03:44:37 | INFO | [ncluster=160/160] AUC-ROC=50.00%  AUC-PR=52.63%  F1=0.0000  MCC=0.0000  Train=0.192s  Test=0.034s  Peak RAM=38.988 MB
2026-03-21 03:44:37 | INFO | [ncluster=163/163] AUC-ROC=50.00%  AUC-PR=52.63%  F1=0.0000  MCC=0.0000  Train=0.272s  Test=0.037s  Peak RAM=38.987 MB
2026-03-21 03:44:37 | INFO | [ncluster=166/166] AUC-ROC=50.00%  AUC-PR=52.63%  F1=0.0000  MCC=0.0000  Train=0.304s  Test=0.037s  Peak RAM=38.992 MB
2026-03-21 03:44:37 | INFO | [ncluster=169/169] AUC-ROC=50.00%  AUC-PR=52.63%  F1=0.0000  MCC=0.0000  Train=0.205s  Test=0.041s  Peak RAM=38.994 MB
2026-03-21 03:44:37 | INFO | [ncluster=172/172] AUC-ROC=50.00%  AUC-PR=52.63%  F1=0.0000  MCC=0.0000  Train=0.227s  Test=0.037s  Peak RAM=38.99 MB
2026-03-21 03:44:37 | INFO | [ncluster=175/175] AUC-ROC=50.00%  AUC-PR=52.63%  F1=0.0000  MCC=0.0000  Train=0.174s  Test=0.038s  Peak RAM=38.994 MB
2026-03-21 03:44:37 | INFO | [ncluster=178/178] AUC-ROC=50.00%  AUC-PR=52.63%  F1=0.0000  MCC=0.0000  Train=0.345s  Test=0.064s  Peak RAM=38.99 MB
2026-03-21 03:44:37 | INFO | [ncluster=181/181] AUC-ROC=50.00%  AUC-PR=52.63%  F1=0.0000  MCC=0.0000  Train=0.194s  Test=0.039s  Peak RAM=38.992 MB
2026-03-21 03:44:37 | INFO | [ncluster=184/184] AUC-ROC=50.00%  AUC-PR=52.63%  F1=0.0000  MCC=0.0000  Train=0.229s  Test=0.041s  Peak RAM=38.992 MB
2026-03-21 03:44:37 | INFO | [ncluster=187/187] AUC-ROC=50.00%  AUC-PR=52.63%  F1=0.0000  MCC=0.0000  Train=0.224s  Test=0.048s  Peak RAM=38.992 MB
2026-03-21 03:44:37 | INFO | [ncluster=190/190] AUC-ROC=50.00%  AUC-PR=52.63%  F1=0.0000  MCC=0.0000  Train=0.228s  Test=0.043s  Peak RAM=38.994 MB
2026-03-21 03:44:37 | INFO | [ncluster=193/193] AUC-ROC=50.00%  AUC-PR=52.63%  F1=0.0000  MCC=0.0000  Train=0.199s  Test=0.038s  Peak RAM=38.993 MB
2026-03-21 03:44:37 | INFO | [ncluster=196/196] AUC-ROC=50.00%  AUC-PR=52.63%  F1=0.0000  MCC=0.0000  Train=0.284s  Test=0.065s  Peak RAM=38.996 MB
2026-03-21 03:44:37 | INFO | [ncluster=199/199] AUC-ROC=50.00%  AUC-PR=52.63%  F1=0.0000  MCC=0.0000  Train=0.255s  Test=0.049s  Peak RAM=38.997 MB
2026-03-21 03:44:37 | INFO | [ncluster=202/202] AUC-ROC=50.00%  AUC-PR=52.63%  F1=0.0000  MCC=0.0000  Train=0.246s  Test=0.070s  Peak RAM=38.994 MB
2026-03-21 03:44:37 | INFO | [ncluster=205/205] AUC-ROC=50.00%  AUC-PR=52.63%  F1=0.0000  MCC=0.0000  Train=0.272s  Test=0.044s  Peak RAM=38.997 MB
2026-03-21 03:44:37 | INFO | [ncluster=208/208] AUC-ROC=50.00%  AUC-PR=52.63%  F1=0.0000  MCC=0.0000  Train=0.214s  Test=0.046s  Peak RAM=38.996 MB
2026-03-21 03:44:37 | INFO | [ncluster=211/211] AUC-ROC=50.00%  AUC-PR=52.63%  F1=0.0000  MCC=0.0000  Train=0.269s  Test=0.066s  Peak RAM=39.001 MB
2026-03-21 03:44:37 | INFO | [ncluster=214/214] AUC-ROC=50.00%  AUC-PR=52.63%  F1=0.0000  MCC=0.0000  Train=0.215s  Test=0.044s  Peak RAM=38.999 MB
2026-03-21 03:44:37 | INFO | [ncluster=217/217] AUC-ROC=50.00%  AUC-PR=52.63%  F1=0.0000  MCC=0.0000  Train=0.314s  Test=0.048s  Peak RAM=38.998 MB
2026-03-21 03:44:37 | INFO | [ncluster=220/220] AUC-ROC=50.00%  AUC-PR=52.63%  F1=0.0000  MCC=0.0000  Train=0.188s  Test=0.051s  Peak RAM=38.997 MB
2026-03-21 03:44:37 | INFO | [ncluster=223/223] AUC-ROC=50.00%  AUC-PR=52.63%  F1=0.0000  MCC=0.0000  Train=0.228s  Test=0.046s  Peak RAM=38.998 MB
2026-03-21 03:44:37 | INFO | [ncluster=226/226] AUC-ROC=50.00%  AUC-PR=52.63%  F1=0.0000  MCC=0.0000  Train=0.227s  Test=0.047s  Peak RAM=39.0 MB
2026-03-21 03:44:37 | INFO | [ncluster=229/229] AUC-ROC=50.00%  AUC-PR=52.63%  F1=0.0000  MCC=0.0000  Train=0.255s  Test=0.100s  Peak RAM=39.002 MB
2026-03-21 03:44:37 | INFO | [ncluster=232/232] AUC-ROC=50.00%  AUC-PR=52.63%  F1=0.0000  MCC=0.0000  Train=0.270s  Test=0.059s  Peak RAM=39.0 MB
2026-03-21 03:44:37 | INFO | [ncluster=235/235] AUC-ROC=50.00%  AUC-PR=52.63%  F1=0.0000  MCC=0.0000  Train=0.329s  Test=0.064s  Peak RAM=39.002 MB
2026-03-21 03:44:37 | INFO | [ncluster=238/238] AUC-ROC=50.00%  AUC-PR=52.63%  F1=0.0000  MCC=0.0000  Train=0.211s  Test=0.051s  Peak RAM=39.001 MB
2026-03-21 03:44:37 | INFO | [ncluster=241/241] AUC-ROC=50.00%  AUC-PR=52.63%  F1=0.0000  MCC=0.0000  Train=0.305s  Test=0.053s  Peak RAM=39.002 MB
2026-03-21 03:44:37 | INFO | [ncluster=244/244] AUC-ROC=50.00%  AUC-PR=52.63%  F1=0.0000  MCC=0.0000  Train=0.336s  Test=0.054s  Peak RAM=39.004 MB
2026-03-21 03:44:37 | INFO | [ncluster=247/247] AUC-ROC=50.00%  AUC-PR=52.63%  F1=0.0000  MCC=0.0000  Train=0.206s  Test=0.049s  Peak RAM=39.003 MB
2026-03-21 03:44:37 | INFO | [ncluster=250/250] AUC-ROC=50.00%  AUC-PR=52.63%  F1=0.0000  MCC=0.0000  Train=0.230s  Test=0.053s  Peak RAM=39.008 MB
2026-03-21 03:44:37 | INFO | [ncluster=253/253] AUC-ROC=50.00%  AUC-PR=52.63%  F1=0.0000  MCC=0.0000  Train=0.250s  Test=0.056s  Peak RAM=39.006 MB
2026-03-21 03:44:37 | INFO | [ncluster=256/256] AUC-ROC=50.00%  AUC-PR=52.63%  F1=0.0000  MCC=0.0000  Train=0.183s  Test=0.053s  Peak RAM=39.004 MB
2026-03-21 03:44:37 | INFO | [ncluster=259/259] AUC-ROC=50.00%  AUC-PR=52.63%  F1=0.0000  MCC=0.0000  Train=0.277s  Test=0.089s  Peak RAM=39.009 MB
2026-03-21 03:44:37 | INFO | [ncluster=262/262] AUC-ROC=50.00%  AUC-PR=52.63%  F1=0.0000  MCC=0.0000  Train=0.306s  Test=0.083s  Peak RAM=39.01 MB
2026-03-21 03:44:37 | INFO | [ncluster=265/265] AUC-ROC=50.00%  AUC-PR=52.63%  F1=0.0000  MCC=0.0000  Train=0.261s  Test=0.059s  Peak RAM=39.006 MB
2026-03-21 03:44:37 | INFO | [ncluster=268/268] AUC-ROC=50.00%  AUC-PR=52.63%  F1=0.0000  MCC=0.0000  Train=0.193s  Test=0.057s  Peak RAM=39.006 MB
2026-03-21 03:44:37 | INFO | [ncluster=271/271] AUC-ROC=50.00%  AUC-PR=52.63%  F1=0.0000  MCC=0.0000  Train=0.193s  Test=0.052s  Peak RAM=39.008 MB
2026-03-21 03:44:37 | INFO | [ncluster=274/274] AUC-ROC=50.00%  AUC-PR=52.63%  F1=0.0000  MCC=0.0000  Train=0.189s  Test=0.047s  Peak RAM=39.009 MB
2026-03-21 03:44:37 | INFO | [ncluster=277/277] AUC-ROC=50.00%  AUC-PR=52.63%  F1=0.0000  MCC=0.0000  Train=0.159s  Test=0.035s  Peak RAM=39.01 MB
2026-03-21 03:44:37 | INFO | [ncluster=280/280] AUC-ROC=50.00%  AUC-PR=52.63%  F1=0.0000  MCC=0.0000  Train=0.172s  Test=0.038s  Peak RAM=39.009 MB
2026-03-21 03:44:37 | INFO | [ncluster=283/283] AUC-ROC=50.00%  AUC-PR=52.63%  F1=0.0000  MCC=0.0000  Train=0.172s  Test=0.052s  Peak RAM=39.009 MB
2026-03-21 03:44:37 | INFO | [ncluster=286/286] AUC-ROC=50.00%  AUC-PR=52.63%  F1=0.0000  MCC=0.0000  Train=0.108s  Test=0.033s  Peak RAM=39.01 MB
2026-03-21 03:44:37 | INFO | [ncluster=289/289] AUC-ROC=50.00%  AUC-PR=52.63%  F1=0.0000  MCC=0.0000  Train=0.108s  Test=0.036s  Peak RAM=39.014 MB
2026-03-21 03:44:37 | INFO | [ncluster=292/292] AUC-ROC=50.00%  AUC-PR=52.63%  F1=0.0000  MCC=0.0000  Train=0.109s  Test=0.033s  Peak RAM=39.012 MB
2026-03-21 03:44:37 | INFO | [ncluster=295/295] AUC-ROC=50.00%  AUC-PR=52.63%  F1=0.0000  MCC=0.0000  Train=0.115s  Test=0.034s  Peak RAM=39.012 MB
2026-03-21 03:44:37 | INFO | [ncluster=298/298] AUC-ROC=50.00%  AUC-PR=52.63%  F1=0.0000  MCC=0.0000  Train=0.105s  Test=0.035s  Peak RAM=39.012 MB
2026-03-21 03:44:37 | INFO | Results saved to: /home/jupyter-iclr2025/New Project/NFST/GMM-nfst/notebooks/experiments/outputs/Experiment_OC_NFST_MemOpt_20260321_025037/data_CICIoT2023_memopt.csv
2026-03-21 03:44:37 | INFO | Log saved to    : /home/jupyter-iclr2025/New Project/NFST/GMM-nfst/notebooks/experiments/outputs/Experiment_OC_NFST_MemOpt_20260321_025037/data_CICIoT2023_memopt.log
