Dataset,Model,scaled,noise_percentage,AUCROC,AUCPR,Accuracy,MCC,F1 Score,Precision,Recall,Time Train,Time Test
data_N_BaIoT.csv,SUOD,StandardScaler,0,98.36589253799414,99.81131879579544,99.18219788705204,0.9510114028061052,0.9955086068970835,0.9911715031475511,0.9998838334946757,2.0201539993286133,3.5288798809051514
data_N_BaIoT.csv,SUOD,StandardScaler,1,90.06666719922963,98.11438894916593,59.787301253027266,0.2852635381081569,0.7177453130004188,0.9865230935933902,0.5640658276863504,0.3191087245941162,2.7739346027374268
