2026-06-01 09:54:47 | INFO | Run started at 20260601_095447
2026-06-01 09:54:47 | INFO | Dataset prefix : data_EdgeIIoTset
2026-06-01 09:54:47 | INFO | Scalers        : ['StandardScaler', 'MinMaxScaler', 'Normalizer', 'QuantileTransformer', 'RobustScaler']
2026-06-01 09:54:47 | INFO | N_CLUSTERS     : range(1, 301, 3) — 100 values
2026-06-01 09:54:47 | INFO | NOISE_LIST     : [0, 1, 3, 5]
2026-06-01 09:54:47 | INFO | CSV output     : /home/jupyter-iec_duongnt/New Project/NFST/GMM-nfst/notebooks/experiments/outputs/Experiment_OC_NFST_MemOpt_20260601_095447/data_EdgeIIoTset_memopt.csv
2026-06-01 09:54:47 | INFO | Log file       : /home/jupyter-iec_duongnt/New Project/NFST/GMM-nfst/notebooks/experiments/outputs/Experiment_OC_NFST_MemOpt_20260601_095447/data_EdgeIIoTset_memopt.log
2026-06-01 09:54:47 | INFO | ------------------------------------------------------------
2026-06-01 09:54:47 | INFO | 
>>> Processing data_EdgeIIoTset | scaler=StandardScaler
2026-06-01 09:54:47 | INFO | --- noise=0% ---
2026-06-01 09:54:47 | INFO | ============================================================
2026-06-01 09:54:47 | INFO | Dataset  : Train_StandardScaler_data_EdgeIIoTset.csv
2026-06-01 09:54:47 | INFO | Scaler   : StandardScaler
2026-06-01 09:54:47 | INFO | Noise    : 0%
2026-06-01 09:54:47 | INFO | nClusters: 100 values (1..298)
2026-06-01 09:54:47 | INFO | K-Means  : Standard KMeans
2026-06-01 09:54:47 | INFO | ============================================================
2026-06-01 09:54:47 | INFO | Loaded Raw Shape -> Train: (30000, 53), Test: (30000, 53)
2026-06-01 09:54:47 | INFO | Training size : 30,000  |  Testing size: 30,000  |  Features: 52
2026-06-01 09:54:47 | INFO | Firing up Parallel execution for 100 cluster configs...
2026-06-01 10:00:45 | INFO | [ncluster=1/1] AUC-ROC=99.99%  AUC-PR=99.99%  F1=0.9999  MCC=0.9997  Train=1.481s  Test=0.118s  Peak RAM Train=44.06 MB  Peak RAM Test=26.705 MB
2026-06-01 10:00:45 | INFO | [ncluster=4/4] AUC-ROC=99.99%  AUC-PR=99.99%  F1=0.9999  MCC=0.9997  Train=1.234s  Test=0.126s  Peak RAM Train=44.091 MB  Peak RAM Test=27.448 MB
2026-06-01 10:00:45 | INFO | [ncluster=7/7] AUC-ROC=99.99%  AUC-PR=99.99%  F1=0.9999  MCC=0.9997  Train=1.080s  Test=0.299s  Peak RAM Train=44.092 MB  Peak RAM Test=27.952 MB
2026-06-01 10:00:45 | INFO | [ncluster=10/10] AUC-ROC=99.99%  AUC-PR=99.99%  F1=0.9999  MCC=0.9997  Train=1.264s  Test=0.574s  Peak RAM Train=44.098 MB  Peak RAM Test=28.216 MB
2026-06-01 10:00:45 | INFO | [ncluster=13/13] AUC-ROC=99.99%  AUC-PR=99.99%  F1=0.9999  MCC=0.9997  Train=1.453s  Test=0.916s  Peak RAM Train=44.098 MB  Peak RAM Test=29.576 MB
2026-06-01 10:00:45 | INFO | [ncluster=16/16] AUC-ROC=99.99%  AUC-PR=99.99%  F1=0.9999  MCC=0.9997  Train=1.366s  Test=1.339s  Peak RAM Train=44.099 MB  Peak RAM Test=32.144 MB
2026-06-01 10:00:45 | INFO | [ncluster=19/19] AUC-ROC=99.99%  AUC-PR=99.99%  F1=0.9999  MCC=0.9997  Train=1.286s  Test=0.706s  Peak RAM Train=44.107 MB  Peak RAM Test=34.712 MB
2026-06-01 10:00:45 | INFO | [ncluster=22/22] AUC-ROC=99.99%  AUC-PR=99.99%  F1=0.9999  MCC=0.9997  Train=1.761s  Test=0.827s  Peak RAM Train=44.101 MB  Peak RAM Test=37.28 MB
2026-06-01 10:00:45 | INFO | [ncluster=25/25] AUC-ROC=99.99%  AUC-PR=99.99%  F1=0.9999  MCC=0.9997  Train=1.341s  Test=1.384s  Peak RAM Train=44.108 MB  Peak RAM Test=39.848 MB
2026-06-01 10:00:45 | INFO | [ncluster=28/28] AUC-ROC=99.99%  AUC-PR=99.99%  F1=0.9999  MCC=0.9997  Train=1.303s  Test=1.665s  Peak RAM Train=44.115 MB  Peak RAM Test=42.416 MB
2026-06-01 10:00:45 | INFO | [ncluster=31/31] AUC-ROC=99.99%  AUC-PR=99.99%  F1=0.9999  MCC=0.9997  Train=1.472s  Test=1.824s  Peak RAM Train=44.107 MB  Peak RAM Test=44.984 MB
2026-06-01 10:00:45 | INFO | [ncluster=34/34] AUC-ROC=99.99%  AUC-PR=99.99%  F1=0.9999  MCC=0.9997  Train=1.496s  Test=1.961s  Peak RAM Train=44.108 MB  Peak RAM Test=47.552 MB
2026-06-01 10:00:45 | INFO | [ncluster=37/37] AUC-ROC=99.99%  AUC-PR=99.99%  F1=0.9999  MCC=0.9997  Train=1.426s  Test=2.296s  Peak RAM Train=44.096 MB  Peak RAM Test=50.12 MB
2026-06-01 10:00:45 | INFO | [ncluster=40/40] AUC-ROC=99.99%  AUC-PR=99.99%  F1=0.9999  MCC=0.9997  Train=1.651s  Test=1.932s  Peak RAM Train=44.115 MB  Peak RAM Test=52.688 MB
2026-06-01 10:00:45 | INFO | [ncluster=43/43] AUC-ROC=99.99%  AUC-PR=99.99%  F1=0.9999  MCC=0.9997  Train=1.295s  Test=1.489s  Peak RAM Train=44.118 MB  Peak RAM Test=55.256 MB
2026-06-01 10:00:45 | INFO | [ncluster=46/46] AUC-ROC=99.99%  AUC-PR=99.99%  F1=0.9999  MCC=0.9997  Train=1.398s  Test=2.661s  Peak RAM Train=44.088 MB  Peak RAM Test=57.824 MB
2026-06-01 10:00:45 | INFO | [ncluster=49/49] AUC-ROC=99.99%  AUC-PR=99.99%  F1=0.9999  MCC=0.9997  Train=1.171s  Test=1.876s  Peak RAM Train=44.098 MB  Peak RAM Test=60.392 MB
2026-06-01 10:00:45 | INFO | [ncluster=52/52] AUC-ROC=99.99%  AUC-PR=99.99%  F1=0.9999  MCC=0.9997  Train=1.221s  Test=2.286s  Peak RAM Train=44.12 MB  Peak RAM Test=62.96 MB
2026-06-01 10:00:45 | INFO | [ncluster=55/55] AUC-ROC=99.99%  AUC-PR=99.99%  F1=0.9999  MCC=0.9997  Train=1.556s  Test=2.565s  Peak RAM Train=44.119 MB  Peak RAM Test=65.528 MB
2026-06-01 10:00:45 | INFO | [ncluster=58/58] AUC-ROC=99.99%  AUC-PR=99.99%  F1=0.9999  MCC=0.9997  Train=1.781s  Test=2.160s  Peak RAM Train=44.119 MB  Peak RAM Test=68.096 MB
2026-06-01 10:00:45 | INFO | [ncluster=61/61] AUC-ROC=99.99%  AUC-PR=99.99%  F1=0.9999  MCC=0.9997  Train=1.207s  Test=2.168s  Peak RAM Train=44.124 MB  Peak RAM Test=70.664 MB
2026-06-01 10:00:45 | INFO | [ncluster=64/64] AUC-ROC=99.99%  AUC-PR=99.99%  F1=0.9999  MCC=0.9997  Train=1.303s  Test=2.370s  Peak RAM Train=44.118 MB  Peak RAM Test=73.232 MB
2026-06-01 10:00:45 | INFO | [ncluster=67/67] AUC-ROC=99.99%  AUC-PR=99.99%  F1=0.9999  MCC=0.9997  Train=1.319s  Test=3.648s  Peak RAM Train=44.123 MB  Peak RAM Test=75.8 MB
2026-06-01 10:00:45 | INFO | [ncluster=70/70] AUC-ROC=99.99%  AUC-PR=99.99%  F1=0.9999  MCC=0.9997  Train=1.646s  Test=3.991s  Peak RAM Train=44.121 MB  Peak RAM Test=78.368 MB
2026-06-01 10:00:45 | INFO | [ncluster=73/73] AUC-ROC=99.99%  AUC-PR=99.99%  F1=0.9999  MCC=0.9997  Train=1.794s  Test=3.835s  Peak RAM Train=44.121 MB  Peak RAM Test=80.936 MB
2026-06-01 10:00:45 | INFO | [ncluster=76/76] AUC-ROC=99.99%  AUC-PR=99.99%  F1=0.9999  MCC=0.9997  Train=1.553s  Test=4.127s  Peak RAM Train=44.127 MB  Peak RAM Test=83.504 MB
2026-06-01 10:00:45 | INFO | [ncluster=79/79] AUC-ROC=99.99%  AUC-PR=99.99%  F1=0.9999  MCC=0.9997  Train=1.342s  Test=4.408s  Peak RAM Train=44.119 MB  Peak RAM Test=86.072 MB
2026-06-01 10:00:45 | INFO | [ncluster=82/82] AUC-ROC=99.99%  AUC-PR=99.99%  F1=0.9999  MCC=0.9997  Train=1.560s  Test=5.270s  Peak RAM Train=44.128 MB  Peak RAM Test=88.64 MB
2026-06-01 10:00:45 | INFO | [ncluster=85/85] AUC-ROC=99.99%  AUC-PR=99.99%  F1=0.9999  MCC=0.9997  Train=1.367s  Test=3.146s  Peak RAM Train=44.126 MB  Peak RAM Test=91.208 MB
2026-06-01 10:00:45 | INFO | [ncluster=88/88] AUC-ROC=99.99%  AUC-PR=99.99%  F1=0.9999  MCC=0.9997  Train=1.318s  Test=3.529s  Peak RAM Train=44.132 MB  Peak RAM Test=93.776 MB
2026-06-01 10:00:45 | INFO | [ncluster=91/91] AUC-ROC=99.99%  AUC-PR=99.99%  F1=0.9999  MCC=0.9997  Train=1.433s  Test=4.805s  Peak RAM Train=44.123 MB  Peak RAM Test=96.344 MB
2026-06-01 10:00:45 | INFO | [ncluster=94/94] AUC-ROC=99.99%  AUC-PR=99.99%  F1=0.9999  MCC=0.9997  Train=1.961s  Test=3.300s  Peak RAM Train=44.125 MB  Peak RAM Test=98.912 MB
2026-06-01 10:00:45 | INFO | [ncluster=97/97] AUC-ROC=99.99%  AUC-PR=99.99%  F1=0.9999  MCC=0.9997  Train=1.378s  Test=5.725s  Peak RAM Train=43.906 MB  Peak RAM Test=101.477 MB
2026-06-01 10:00:45 | INFO | [ncluster=100/100] AUC-ROC=99.99%  AUC-PR=99.99%  F1=0.9999  MCC=0.9997  Train=1.044s  Test=4.049s  Peak RAM Train=43.922 MB  Peak RAM Test=104.045 MB
2026-06-01 10:00:45 | INFO | [ncluster=103/103] AUC-ROC=99.99%  AUC-PR=99.99%  F1=0.9999  MCC=0.9997  Train=1.592s  Test=5.317s  Peak RAM Train=43.917 MB  Peak RAM Test=106.613 MB
2026-06-01 10:00:45 | INFO | [ncluster=106/106] AUC-ROC=99.99%  AUC-PR=99.99%  F1=0.9999  MCC=0.9997  Train=1.204s  Test=8.804s  Peak RAM Train=43.916 MB  Peak RAM Test=109.181 MB
2026-06-01 10:00:45 | INFO | [ncluster=109/109] AUC-ROC=99.99%  AUC-PR=99.99%  F1=0.9999  MCC=0.9997  Train=1.545s  Test=14.745s  Peak RAM Train=43.924 MB  Peak RAM Test=111.749 MB
2026-06-01 10:00:45 | INFO | [ncluster=112/112] AUC-ROC=99.99%  AUC-PR=99.99%  F1=0.9999  MCC=0.9997  Train=1.105s  Test=8.816s  Peak RAM Train=43.916 MB  Peak RAM Test=114.317 MB
2026-06-01 10:00:45 | INFO | [ncluster=115/115] AUC-ROC=99.99%  AUC-PR=99.99%  F1=0.9999  MCC=0.9997  Train=1.403s  Test=7.490s  Peak RAM Train=43.91 MB  Peak RAM Test=116.885 MB
2026-06-01 10:00:45 | INFO | [ncluster=118/118] AUC-ROC=99.99%  AUC-PR=99.99%  F1=0.9999  MCC=0.9997  Train=3.284s  Test=12.464s  Peak RAM Train=43.919 MB  Peak RAM Test=119.453 MB
2026-06-01 10:00:45 | INFO | [ncluster=121/121] AUC-ROC=99.99%  AUC-PR=99.99%  F1=0.9999  MCC=0.9997  Train=1.748s  Test=15.145s  Peak RAM Train=43.905 MB  Peak RAM Test=122.021 MB
2026-06-01 10:00:45 | INFO | [ncluster=124/124] AUC-ROC=99.99%  AUC-PR=99.99%  F1=0.9999  MCC=0.9997  Train=2.524s  Test=13.108s  Peak RAM Train=43.905 MB  Peak RAM Test=124.589 MB
2026-06-01 10:00:45 | INFO | [ncluster=127/127] AUC-ROC=99.99%  AUC-PR=99.99%  F1=0.9999  MCC=0.9997  Train=3.420s  Test=14.147s  Peak RAM Train=43.911 MB  Peak RAM Test=127.157 MB
2026-06-01 10:00:45 | INFO | [ncluster=130/130] AUC-ROC=99.99%  AUC-PR=99.99%  F1=0.9999  MCC=0.9997  Train=1.363s  Test=16.265s  Peak RAM Train=43.904 MB  Peak RAM Test=129.725 MB
2026-06-01 10:00:45 | INFO | [ncluster=133/133] AUC-ROC=99.99%  AUC-PR=99.99%  F1=0.9999  MCC=0.9997  Train=3.177s  Test=10.627s  Peak RAM Train=43.905 MB  Peak RAM Test=132.293 MB
2026-06-01 10:00:45 | INFO | [ncluster=136/136] AUC-ROC=99.99%  AUC-PR=99.99%  F1=0.9999  MCC=0.9997  Train=3.741s  Test=18.483s  Peak RAM Train=43.915 MB  Peak RAM Test=134.861 MB
2026-06-01 10:00:45 | INFO | [ncluster=139/139] AUC-ROC=99.99%  AUC-PR=99.99%  F1=0.9999  MCC=0.9997  Train=2.862s  Test=15.292s  Peak RAM Train=43.905 MB  Peak RAM Test=137.429 MB
2026-06-01 10:00:45 | INFO | [ncluster=142/142] AUC-ROC=99.99%  AUC-PR=99.99%  F1=0.9999  MCC=0.9997  Train=3.691s  Test=11.614s  Peak RAM Train=43.899 MB  Peak RAM Test=139.997 MB
2026-06-01 10:00:45 | INFO | [ncluster=145/145] AUC-ROC=99.99%  AUC-PR=99.99%  F1=0.9999  MCC=0.9997  Train=1.395s  Test=11.660s  Peak RAM Train=43.9 MB  Peak RAM Test=142.565 MB
2026-06-01 10:00:45 | INFO | [ncluster=148/148] AUC-ROC=99.99%  AUC-PR=99.99%  F1=0.9999  MCC=0.9997  Train=2.911s  Test=21.359s  Peak RAM Train=43.903 MB  Peak RAM Test=145.133 MB
2026-06-01 10:00:45 | INFO | [ncluster=151/151] AUC-ROC=99.99%  AUC-PR=99.99%  F1=0.9999  MCC=0.9997  Train=4.110s  Test=20.762s  Peak RAM Train=43.927 MB  Peak RAM Test=147.701 MB
2026-06-01 10:00:45 | INFO | [ncluster=154/154] AUC-ROC=99.99%  AUC-PR=99.99%  F1=0.9999  MCC=0.9997  Train=2.727s  Test=17.959s  Peak RAM Train=43.91 MB  Peak RAM Test=150.269 MB
2026-06-01 10:00:45 | INFO | [ncluster=157/157] AUC-ROC=99.99%  AUC-PR=99.99%  F1=0.9999  MCC=0.9997  Train=2.986s  Test=16.576s  Peak RAM Train=43.917 MB  Peak RAM Test=152.837 MB
2026-06-01 10:00:45 | INFO | [ncluster=160/160] AUC-ROC=99.99%  AUC-PR=99.99%  F1=0.9999  MCC=0.9997  Train=2.832s  Test=21.076s  Peak RAM Train=43.919 MB  Peak RAM Test=155.405 MB
2026-06-01 10:00:45 | INFO | [ncluster=163/163] AUC-ROC=99.99%  AUC-PR=99.99%  F1=0.9999  MCC=0.9997  Train=3.861s  Test=14.704s  Peak RAM Train=43.91 MB  Peak RAM Test=157.973 MB
2026-06-01 10:00:45 | INFO | [ncluster=166/166] AUC-ROC=99.99%  AUC-PR=99.99%  F1=0.9999  MCC=0.9997  Train=2.903s  Test=13.660s  Peak RAM Train=43.907 MB  Peak RAM Test=160.541 MB
2026-06-01 10:00:45 | INFO | [ncluster=169/169] AUC-ROC=99.99%  AUC-PR=99.99%  F1=0.9999  MCC=0.9997  Train=3.529s  Test=11.972s  Peak RAM Train=43.91 MB  Peak RAM Test=163.109 MB
2026-06-01 10:00:45 | INFO | [ncluster=172/172] AUC-ROC=99.99%  AUC-PR=99.99%  F1=0.9999  MCC=0.9997  Train=1.937s  Test=14.724s  Peak RAM Train=43.915 MB  Peak RAM Test=165.677 MB
2026-06-01 10:00:45 | INFO | [ncluster=175/175] AUC-ROC=99.99%  AUC-PR=99.99%  F1=0.9999  MCC=0.9997  Train=3.713s  Test=18.192s  Peak RAM Train=43.91 MB  Peak RAM Test=168.245 MB
2026-06-01 10:00:45 | INFO | [ncluster=178/178] AUC-ROC=99.99%  AUC-PR=99.99%  F1=0.9999  MCC=0.9997  Train=4.049s  Test=19.345s  Peak RAM Train=43.929 MB  Peak RAM Test=170.813 MB
2026-06-01 10:00:45 | INFO | [ncluster=181/181] AUC-ROC=99.99%  AUC-PR=99.99%  F1=0.9999  MCC=0.9997  Train=4.412s  Test=19.232s  Peak RAM Train=43.919 MB  Peak RAM Test=173.381 MB
2026-06-01 10:00:45 | INFO | [ncluster=184/184] AUC-ROC=99.99%  AUC-PR=99.99%  F1=0.9999  MCC=0.9997  Train=4.042s  Test=14.548s  Peak RAM Train=43.918 MB  Peak RAM Test=175.949 MB
2026-06-01 10:00:45 | INFO | [ncluster=187/187] AUC-ROC=99.99%  AUC-PR=99.99%  F1=0.9999  MCC=0.9997  Train=2.234s  Test=17.887s  Peak RAM Train=43.908 MB  Peak RAM Test=178.517 MB
2026-06-01 10:00:45 | INFO | [ncluster=190/190] AUC-ROC=99.99%  AUC-PR=99.99%  F1=0.9999  MCC=0.9997  Train=2.619s  Test=11.622s  Peak RAM Train=43.891 MB  Peak RAM Test=181.085 MB
2026-06-01 10:00:45 | INFO | [ncluster=193/193] AUC-ROC=99.99%  AUC-PR=99.99%  F1=0.9999  MCC=0.9997  Train=3.476s  Test=15.671s  Peak RAM Train=43.909 MB  Peak RAM Test=183.653 MB
2026-06-01 10:00:45 | INFO | [ncluster=196/196] AUC-ROC=99.99%  AUC-PR=99.99%  F1=0.9999  MCC=0.9997  Train=3.190s  Test=15.498s  Peak RAM Train=43.884 MB  Peak RAM Test=186.221 MB
2026-06-01 10:00:45 | INFO | [ncluster=199/199] AUC-ROC=100.00%  AUC-PR=100.00%  F1=1.0000  MCC=1.0000  Train=2.809s  Test=14.120s  Peak RAM Train=43.903 MB  Peak RAM Test=188.789 MB
2026-06-01 10:00:45 | INFO | [ncluster=202/202] AUC-ROC=99.99%  AUC-PR=99.99%  F1=0.9999  MCC=0.9997  Train=1.203s  Test=17.597s  Peak RAM Train=43.887 MB  Peak RAM Test=191.357 MB
2026-06-01 10:00:45 | INFO | [ncluster=205/205] AUC-ROC=99.99%  AUC-PR=99.99%  F1=0.9999  MCC=0.9997  Train=3.443s  Test=14.859s  Peak RAM Train=43.892 MB  Peak RAM Test=193.925 MB
2026-06-01 10:00:45 | INFO | [ncluster=208/208] AUC-ROC=99.99%  AUC-PR=99.99%  F1=0.9999  MCC=0.9997  Train=2.345s  Test=17.583s  Peak RAM Train=43.888 MB  Peak RAM Test=196.493 MB
2026-06-01 10:00:45 | INFO | [ncluster=211/211] AUC-ROC=99.99%  AUC-PR=99.99%  F1=0.9999  MCC=0.9997  Train=2.644s  Test=17.396s  Peak RAM Train=43.889 MB  Peak RAM Test=199.061 MB
2026-06-01 10:00:45 | INFO | [ncluster=214/214] AUC-ROC=99.99%  AUC-PR=99.99%  F1=0.9999  MCC=0.9997  Train=3.578s  Test=18.187s  Peak RAM Train=43.904 MB  Peak RAM Test=201.629 MB
2026-06-01 10:00:45 | INFO | [ncluster=217/217] AUC-ROC=99.99%  AUC-PR=99.99%  F1=0.9999  MCC=0.9997  Train=4.445s  Test=17.799s  Peak RAM Train=43.89 MB  Peak RAM Test=204.197 MB
2026-06-01 10:00:45 | INFO | [ncluster=220/220] AUC-ROC=99.99%  AUC-PR=99.99%  F1=0.9999  MCC=0.9997  Train=1.011s  Test=16.679s  Peak RAM Train=43.895 MB  Peak RAM Test=206.765 MB
2026-06-01 10:00:45 | INFO | [ncluster=223/223] AUC-ROC=100.00%  AUC-PR=100.00%  F1=1.0000  MCC=1.0000  Train=2.735s  Test=19.024s  Peak RAM Train=43.896 MB  Peak RAM Test=209.333 MB
2026-06-01 10:00:45 | INFO | [ncluster=226/226] AUC-ROC=99.99%  AUC-PR=99.99%  F1=0.9999  MCC=0.9997  Train=2.653s  Test=21.896s  Peak RAM Train=43.892 MB  Peak RAM Test=211.901 MB
2026-06-01 10:00:45 | INFO | [ncluster=229/229] AUC-ROC=99.99%  AUC-PR=99.99%  F1=0.9999  MCC=0.9997  Train=2.492s  Test=16.637s  Peak RAM Train=43.908 MB  Peak RAM Test=214.469 MB
2026-06-01 10:00:45 | INFO | [ncluster=232/232] AUC-ROC=100.00%  AUC-PR=100.00%  F1=1.0000  MCC=1.0000  Train=1.966s  Test=20.199s  Peak RAM Train=43.893 MB  Peak RAM Test=217.037 MB
2026-06-01 10:00:45 | INFO | [ncluster=235/235] AUC-ROC=100.00%  AUC-PR=100.00%  F1=1.0000  MCC=1.0000  Train=3.387s  Test=20.924s  Peak RAM Train=43.892 MB  Peak RAM Test=219.605 MB
2026-06-01 10:00:45 | INFO | [ncluster=238/238] AUC-ROC=99.99%  AUC-PR=99.99%  F1=0.9999  MCC=0.9997  Train=3.220s  Test=21.949s  Peak RAM Train=43.888 MB  Peak RAM Test=222.173 MB
2026-06-01 10:00:45 | INFO | [ncluster=241/241] AUC-ROC=100.00%  AUC-PR=100.00%  F1=1.0000  MCC=1.0000  Train=3.023s  Test=19.919s  Peak RAM Train=43.898 MB  Peak RAM Test=224.741 MB
2026-06-01 10:00:45 | INFO | [ncluster=244/244] AUC-ROC=99.99%  AUC-PR=99.99%  F1=0.9999  MCC=0.9997  Train=3.432s  Test=22.657s  Peak RAM Train=43.913 MB  Peak RAM Test=227.309 MB
2026-06-01 10:00:45 | INFO | [ncluster=247/247] AUC-ROC=100.00%  AUC-PR=100.00%  F1=1.0000  MCC=1.0000  Train=2.029s  Test=22.243s  Peak RAM Train=43.893 MB  Peak RAM Test=229.877 MB
2026-06-01 10:00:45 | INFO | [ncluster=250/250] AUC-ROC=99.99%  AUC-PR=99.99%  F1=0.9999  MCC=0.9997  Train=1.152s  Test=21.425s  Peak RAM Train=43.892 MB  Peak RAM Test=232.445 MB
2026-06-01 10:00:45 | INFO | [ncluster=253/253] AUC-ROC=100.00%  AUC-PR=100.00%  F1=1.0000  MCC=1.0000  Train=2.977s  Test=14.516s  Peak RAM Train=43.897 MB  Peak RAM Test=235.013 MB
2026-06-01 10:00:45 | INFO | [ncluster=256/256] AUC-ROC=99.99%  AUC-PR=99.99%  F1=0.9999  MCC=0.9997  Train=1.847s  Test=16.843s  Peak RAM Train=43.896 MB  Peak RAM Test=237.581 MB
2026-06-01 10:00:45 | INFO | [ncluster=259/259] AUC-ROC=99.99%  AUC-PR=99.99%  F1=0.9999  MCC=0.9997  Train=1.821s  Test=16.652s  Peak RAM Train=43.902 MB  Peak RAM Test=240.149 MB
2026-06-01 10:00:45 | INFO | [ncluster=262/262] AUC-ROC=100.00%  AUC-PR=100.00%  F1=1.0000  MCC=1.0000  Train=2.958s  Test=17.243s  Peak RAM Train=43.903 MB  Peak RAM Test=242.717 MB
2026-06-01 10:00:45 | INFO | [ncluster=265/265] AUC-ROC=99.99%  AUC-PR=99.99%  F1=0.9999  MCC=0.9997  Train=1.736s  Test=17.870s  Peak RAM Train=43.901 MB  Peak RAM Test=245.285 MB
2026-06-01 10:00:45 | INFO | [ncluster=268/268] AUC-ROC=100.00%  AUC-PR=100.00%  F1=1.0000  MCC=1.0000  Train=2.321s  Test=15.529s  Peak RAM Train=43.901 MB  Peak RAM Test=247.853 MB
2026-06-01 10:00:45 | INFO | [ncluster=271/271] AUC-ROC=99.99%  AUC-PR=99.99%  F1=0.9999  MCC=0.9997  Train=2.204s  Test=16.375s  Peak RAM Train=43.897 MB  Peak RAM Test=250.421 MB
2026-06-01 10:00:45 | INFO | [ncluster=274/274] AUC-ROC=100.00%  AUC-PR=100.00%  F1=1.0000  MCC=1.0000  Train=2.463s  Test=21.816s  Peak RAM Train=43.9 MB  Peak RAM Test=252.989 MB
2026-06-01 10:00:45 | INFO | [ncluster=277/277] AUC-ROC=100.00%  AUC-PR=100.00%  F1=1.0000  MCC=1.0000  Train=1.427s  Test=21.236s  Peak RAM Train=43.901 MB  Peak RAM Test=255.557 MB
2026-06-01 10:00:45 | INFO | [ncluster=280/280] AUC-ROC=100.00%  AUC-PR=100.00%  F1=1.0000  MCC=1.0000  Train=1.552s  Test=18.070s  Peak RAM Train=43.898 MB  Peak RAM Test=258.125 MB
2026-06-01 10:00:45 | INFO | [ncluster=283/283] AUC-ROC=99.99%  AUC-PR=99.99%  F1=0.9999  MCC=0.9997  Train=1.324s  Test=18.154s  Peak RAM Train=43.898 MB  Peak RAM Test=260.693 MB
2026-06-01 10:00:45 | INFO | [ncluster=286/286] AUC-ROC=100.00%  AUC-PR=100.00%  F1=1.0000  MCC=1.0000  Train=1.503s  Test=23.811s  Peak RAM Train=43.9 MB  Peak RAM Test=263.261 MB
2026-06-01 10:00:45 | INFO | [ncluster=289/289] AUC-ROC=100.00%  AUC-PR=100.00%  F1=1.0000  MCC=1.0000  Train=2.084s  Test=17.045s  Peak RAM Train=43.913 MB  Peak RAM Test=265.829 MB
2026-06-01 10:00:45 | INFO | [ncluster=292/292] AUC-ROC=100.00%  AUC-PR=100.00%  F1=1.0000  MCC=1.0000  Train=2.654s  Test=21.152s  Peak RAM Train=43.911 MB  Peak RAM Test=268.397 MB
2026-06-01 10:00:45 | INFO | [ncluster=295/295] AUC-ROC=100.00%  AUC-PR=100.00%  F1=1.0000  MCC=1.0000  Train=2.149s  Test=20.756s  Peak RAM Train=43.905 MB  Peak RAM Test=270.965 MB
2026-06-01 10:00:45 | INFO | [ncluster=298/298] AUC-ROC=100.00%  AUC-PR=100.00%  F1=1.0000  MCC=1.0000  Train=1.954s  Test=11.139s  Peak RAM Train=43.909 MB  Peak RAM Test=273.533 MB
2026-06-01 10:00:45 | INFO | --- noise=1% ---
2026-06-01 10:00:45 | INFO | ============================================================
2026-06-01 10:00:45 | INFO | Dataset  : Train_StandardScaler_data_EdgeIIoTset.csv
2026-06-01 10:00:45 | INFO | Scaler   : StandardScaler
2026-06-01 10:00:45 | INFO | Noise    : 1%
2026-06-01 10:00:45 | INFO | nClusters: 100 values (1..298)
2026-06-01 10:00:45 | INFO | K-Means  : Standard KMeans
2026-06-01 10:00:45 | INFO | ============================================================
2026-06-01 10:00:47 | INFO | Loaded Raw Shape -> Train: (30000, 53), Test: (30000, 53)
2026-06-01 10:00:47 | INFO | Training size : 30,300  |  Testing size: 29,700  |  Features: 52
2026-06-01 10:00:47 | INFO | Firing up Parallel execution for 100 cluster configs...
2026-06-01 10:07:07 | INFO | [ncluster=1/1] AUC-ROC=97.64%  AUC-PR=98.38%  F1=0.9715  MCC=0.9452  Train=4.268s  Test=0.223s  Peak RAM Train=44.273 MB  Peak RAM Test=14.947 MB
2026-06-01 10:07:07 | INFO | [ncluster=4/4] AUC-ROC=97.66%  AUC-PR=98.38%  F1=0.9716  MCC=0.9453  Train=5.243s  Test=0.371s  Peak RAM Train=44.278 MB  Peak RAM Test=15.193 MB
2026-06-01 10:07:07 | INFO | [ncluster=7/7] AUC-ROC=97.44%  AUC-PR=98.25%  F1=0.9713  MCC=0.9448  Train=4.340s  Test=0.750s  Peak RAM Train=44.277 MB  Peak RAM Test=15.682 MB
2026-06-01 10:07:07 | INFO | [ncluster=10/10] AUC-ROC=97.37%  AUC-PR=98.23%  F1=0.9693  MCC=0.9406  Train=3.835s  Test=1.370s  Peak RAM Train=44.281 MB  Peak RAM Test=15.928 MB
2026-06-01 10:07:07 | INFO | [ncluster=13/13] AUC-ROC=97.34%  AUC-PR=98.19%  F1=0.9657  MCC=0.9333  Train=4.435s  Test=1.613s  Peak RAM Train=44.28 MB  Peak RAM Test=16.972 MB
2026-06-01 10:07:07 | INFO | [ncluster=16/16] AUC-ROC=97.39%  AUC-PR=98.25%  F1=0.9710  MCC=0.9441  Train=3.806s  Test=1.226s  Peak RAM Train=44.285 MB  Peak RAM Test=19.54 MB
2026-06-01 10:07:07 | INFO | [ncluster=19/19] AUC-ROC=96.97%  AUC-PR=97.93%  F1=0.9612  MCC=0.9232  Train=4.122s  Test=1.407s  Peak RAM Train=44.283 MB  Peak RAM Test=22.108 MB
2026-06-01 10:07:07 | INFO | [ncluster=22/22] AUC-ROC=97.03%  AUC-PR=97.83%  F1=0.9585  MCC=0.9175  Train=3.882s  Test=1.807s  Peak RAM Train=44.287 MB  Peak RAM Test=24.676 MB
2026-06-01 10:07:07 | INFO | [ncluster=25/25] AUC-ROC=97.11%  AUC-PR=97.98%  F1=0.9452  MCC=0.8957  Train=4.278s  Test=2.074s  Peak RAM Train=44.282 MB  Peak RAM Test=27.244 MB
2026-06-01 10:07:07 | INFO | [ncluster=28/28] AUC-ROC=99.91%  AUC-PR=99.93%  F1=0.9980  MCC=0.9959  Train=2.687s  Test=2.347s  Peak RAM Train=44.283 MB  Peak RAM Test=29.812 MB
2026-06-01 10:07:07 | INFO | [ncluster=31/31] AUC-ROC=98.12%  AUC-PR=98.69%  F1=0.9713  MCC=0.9445  Train=4.778s  Test=3.825s  Peak RAM Train=44.293 MB  Peak RAM Test=32.38 MB
2026-06-01 10:07:07 | INFO | [ncluster=34/34] AUC-ROC=99.82%  AUC-PR=99.82%  F1=0.9957  MCC=0.9913  Train=2.633s  Test=2.161s  Peak RAM Train=44.289 MB  Peak RAM Test=34.948 MB
2026-06-01 10:07:07 | INFO | [ncluster=37/37] AUC-ROC=97.80%  AUC-PR=98.40%  F1=0.9554  MCC=0.9126  Train=3.897s  Test=3.759s  Peak RAM Train=44.281 MB  Peak RAM Test=37.516 MB
2026-06-01 10:07:07 | INFO | [ncluster=40/40] AUC-ROC=99.88%  AUC-PR=99.91%  F1=0.9967  MCC=0.9933  Train=4.579s  Test=3.107s  Peak RAM Train=44.303 MB  Peak RAM Test=40.084 MB
2026-06-01 10:07:07 | INFO | [ncluster=43/43] AUC-ROC=99.87%  AUC-PR=99.88%  F1=0.9970  MCC=0.9940  Train=3.881s  Test=3.704s  Peak RAM Train=44.289 MB  Peak RAM Test=42.652 MB
2026-06-01 10:07:07 | INFO | [ncluster=46/46] AUC-ROC=97.32%  AUC-PR=98.12%  F1=0.9474  MCC=0.8970  Train=3.740s  Test=3.405s  Peak RAM Train=44.291 MB  Peak RAM Test=45.22 MB
2026-06-01 10:07:07 | INFO | [ncluster=49/49] AUC-ROC=99.89%  AUC-PR=99.92%  F1=0.9970  MCC=0.9939  Train=3.008s  Test=3.819s  Peak RAM Train=44.288 MB  Peak RAM Test=47.788 MB
2026-06-01 10:07:07 | INFO | [ncluster=52/52] AUC-ROC=99.87%  AUC-PR=99.89%  F1=0.9938  MCC=0.9876  Train=3.327s  Test=3.307s  Peak RAM Train=44.296 MB  Peak RAM Test=50.356 MB
2026-06-01 10:07:07 | INFO | [ncluster=55/55] AUC-ROC=99.75%  AUC-PR=99.75%  F1=0.9900  MCC=0.9798  Train=4.619s  Test=5.498s  Peak RAM Train=44.291 MB  Peak RAM Test=52.924 MB
2026-06-01 10:07:07 | INFO | [ncluster=58/58] AUC-ROC=99.88%  AUC-PR=99.90%  F1=0.9953  MCC=0.9906  Train=3.796s  Test=6.649s  Peak RAM Train=44.296 MB  Peak RAM Test=55.492 MB
2026-06-01 10:07:07 | INFO | [ncluster=61/61] AUC-ROC=99.71%  AUC-PR=99.69%  F1=0.9912  MCC=0.9822  Train=2.234s  Test=3.065s  Peak RAM Train=44.293 MB  Peak RAM Test=58.06 MB
2026-06-01 10:07:07 | INFO | [ncluster=64/64] AUC-ROC=99.79%  AUC-PR=99.79%  F1=0.9891  MCC=0.9780  Train=3.482s  Test=4.439s  Peak RAM Train=44.294 MB  Peak RAM Test=60.628 MB
2026-06-01 10:07:07 | INFO | [ncluster=67/67] AUC-ROC=97.48%  AUC-PR=98.10%  F1=0.9568  MCC=0.9149  Train=4.001s  Test=7.054s  Peak RAM Train=44.292 MB  Peak RAM Test=63.196 MB
2026-06-01 10:07:07 | INFO | [ncluster=70/70] AUC-ROC=99.85%  AUC-PR=99.86%  F1=0.9948  MCC=0.9894  Train=3.332s  Test=8.002s  Peak RAM Train=44.292 MB  Peak RAM Test=65.764 MB
2026-06-01 10:07:07 | INFO | [ncluster=73/73] AUC-ROC=99.34%  AUC-PR=99.21%  F1=0.9805  MCC=0.9604  Train=4.572s  Test=6.765s  Peak RAM Train=44.293 MB  Peak RAM Test=68.332 MB
2026-06-01 10:07:07 | INFO | [ncluster=76/76] AUC-ROC=99.76%  AUC-PR=99.75%  F1=0.9917  MCC=0.9833  Train=3.295s  Test=6.270s  Peak RAM Train=44.295 MB  Peak RAM Test=70.9 MB
2026-06-01 10:07:07 | INFO | [ncluster=79/79] AUC-ROC=99.78%  AUC-PR=99.79%  F1=0.9905  MCC=0.9807  Train=3.928s  Test=9.685s  Peak RAM Train=44.294 MB  Peak RAM Test=73.468 MB
2026-06-01 10:07:07 | INFO | [ncluster=82/82] AUC-ROC=99.71%  AUC-PR=99.72%  F1=0.9814  MCC=0.9622  Train=5.017s  Test=5.445s  Peak RAM Train=44.297 MB  Peak RAM Test=76.036 MB
2026-06-01 10:07:07 | INFO | [ncluster=85/85] AUC-ROC=99.73%  AUC-PR=99.71%  F1=0.9836  MCC=0.9669  Train=5.003s  Test=9.697s  Peak RAM Train=44.306 MB  Peak RAM Test=78.604 MB
2026-06-01 10:07:07 | INFO | [ncluster=88/88] AUC-ROC=99.68%  AUC-PR=99.65%  F1=0.9859  MCC=0.9713  Train=4.670s  Test=6.144s  Peak RAM Train=44.297 MB  Peak RAM Test=81.172 MB
2026-06-01 10:07:07 | INFO | [ncluster=91/91] AUC-ROC=99.68%  AUC-PR=99.69%  F1=0.9831  MCC=0.9658  Train=2.431s  Test=6.895s  Peak RAM Train=44.298 MB  Peak RAM Test=83.74 MB
2026-06-01 10:07:07 | INFO | [ncluster=94/94] AUC-ROC=99.77%  AUC-PR=99.78%  F1=0.9842  MCC=0.9679  Train=3.156s  Test=6.183s  Peak RAM Train=44.3 MB  Peak RAM Test=86.308 MB
2026-06-01 10:07:07 | INFO | [ncluster=97/97] AUC-ROC=99.76%  AUC-PR=99.76%  F1=0.9873  MCC=0.9744  Train=2.373s  Test=9.214s  Peak RAM Train=44.3 MB  Peak RAM Test=88.876 MB
2026-06-01 10:07:07 | INFO | [ncluster=100/100] AUC-ROC=99.76%  AUC-PR=99.76%  F1=0.9872  MCC=0.9741  Train=3.567s  Test=8.569s  Peak RAM Train=44.3 MB  Peak RAM Test=91.444 MB
2026-06-01 10:07:07 | INFO | [ncluster=103/103] AUC-ROC=99.63%  AUC-PR=99.63%  F1=0.9798  MCC=0.9590  Train=4.074s  Test=10.540s  Peak RAM Train=44.298 MB  Peak RAM Test=94.012 MB
2026-06-01 10:07:07 | INFO | [ncluster=106/106] AUC-ROC=99.52%  AUC-PR=99.44%  F1=0.9771  MCC=0.9535  Train=3.262s  Test=8.611s  Peak RAM Train=44.3 MB  Peak RAM Test=96.58 MB
2026-06-01 10:07:07 | INFO | [ncluster=109/109] AUC-ROC=99.40%  AUC-PR=99.29%  F1=0.9705  MCC=0.9399  Train=3.884s  Test=13.589s  Peak RAM Train=44.301 MB  Peak RAM Test=99.148 MB
2026-06-01 10:07:07 | INFO | [ncluster=112/112] AUC-ROC=99.50%  AUC-PR=99.38%  F1=0.9818  MCC=0.9631  Train=4.400s  Test=7.283s  Peak RAM Train=44.304 MB  Peak RAM Test=101.716 MB
2026-06-01 10:07:07 | INFO | [ncluster=115/115] AUC-ROC=99.51%  AUC-PR=99.49%  F1=0.9714  MCC=0.9419  Train=3.782s  Test=7.026s  Peak RAM Train=44.299 MB  Peak RAM Test=104.284 MB
2026-06-01 10:07:07 | INFO | [ncluster=118/118] AUC-ROC=99.70%  AUC-PR=99.70%  F1=0.9830  MCC=0.9655  Train=2.532s  Test=5.127s  Peak RAM Train=44.307 MB  Peak RAM Test=106.852 MB
2026-06-01 10:07:07 | INFO | [ncluster=121/121] AUC-ROC=99.60%  AUC-PR=99.59%  F1=0.9747  MCC=0.9485  Train=3.359s  Test=7.054s  Peak RAM Train=44.303 MB  Peak RAM Test=109.42 MB
2026-06-01 10:07:07 | INFO | [ncluster=124/124] AUC-ROC=99.52%  AUC-PR=99.46%  F1=0.9753  MCC=0.9498  Train=3.029s  Test=7.805s  Peak RAM Train=44.311 MB  Peak RAM Test=111.988 MB
2026-06-01 10:07:07 | INFO | [ncluster=127/127] AUC-ROC=99.65%  AUC-PR=99.63%  F1=0.9820  MCC=0.9636  Train=3.190s  Test=6.285s  Peak RAM Train=44.306 MB  Peak RAM Test=114.556 MB
2026-06-01 10:07:07 | INFO | [ncluster=130/130] AUC-ROC=99.68%  AUC-PR=99.65%  F1=0.9868  MCC=0.9732  Train=2.600s  Test=5.855s  Peak RAM Train=44.304 MB  Peak RAM Test=117.124 MB
2026-06-01 10:07:07 | INFO | [ncluster=133/133] AUC-ROC=99.35%  AUC-PR=99.09%  F1=0.9728  MCC=0.9451  Train=3.886s  Test=9.270s  Peak RAM Train=44.306 MB  Peak RAM Test=119.692 MB
2026-06-01 10:07:07 | INFO | [ncluster=136/136] AUC-ROC=99.58%  AUC-PR=99.52%  F1=0.9813  MCC=0.9620  Train=3.053s  Test=12.039s  Peak RAM Train=44.301 MB  Peak RAM Test=122.26 MB
2026-06-01 10:07:07 | INFO | [ncluster=139/139] AUC-ROC=99.74%  AUC-PR=99.72%  F1=0.9833  MCC=0.9662  Train=3.538s  Test=8.272s  Peak RAM Train=44.311 MB  Peak RAM Test=124.828 MB
2026-06-01 10:07:07 | INFO | [ncluster=142/142] AUC-ROC=99.39%  AUC-PR=99.33%  F1=0.9715  MCC=0.9420  Train=2.988s  Test=9.652s  Peak RAM Train=44.307 MB  Peak RAM Test=127.396 MB
2026-06-01 10:07:07 | INFO | [ncluster=145/145] AUC-ROC=99.49%  AUC-PR=99.48%  F1=0.9736  MCC=0.9465  Train=2.606s  Test=8.100s  Peak RAM Train=44.314 MB  Peak RAM Test=129.964 MB
2026-06-01 10:07:07 | INFO | [ncluster=148/148] AUC-ROC=99.29%  AUC-PR=99.14%  F1=0.9591  MCC=0.9196  Train=4.107s  Test=10.804s  Peak RAM Train=44.315 MB  Peak RAM Test=132.532 MB
2026-06-01 10:07:07 | INFO | [ncluster=151/151] AUC-ROC=99.48%  AUC-PR=99.41%  F1=0.9756  MCC=0.9504  Train=2.641s  Test=9.990s  Peak RAM Train=44.309 MB  Peak RAM Test=135.1 MB
2026-06-01 10:07:07 | INFO | [ncluster=154/154] AUC-ROC=99.53%  AUC-PR=99.54%  F1=0.9691  MCC=0.9372  Train=2.858s  Test=12.308s  Peak RAM Train=44.313 MB  Peak RAM Test=137.668 MB
2026-06-01 10:07:07 | INFO | [ncluster=157/157] AUC-ROC=99.34%  AUC-PR=99.14%  F1=0.9721  MCC=0.9432  Train=3.110s  Test=9.643s  Peak RAM Train=44.309 MB  Peak RAM Test=140.236 MB
2026-06-01 10:07:07 | INFO | [ncluster=160/160] AUC-ROC=99.69%  AUC-PR=99.68%  F1=0.9829  MCC=0.9654  Train=2.607s  Test=8.625s  Peak RAM Train=44.308 MB  Peak RAM Test=142.804 MB
2026-06-01 10:07:07 | INFO | [ncluster=163/163] AUC-ROC=99.29%  AUC-PR=99.05%  F1=0.9730  MCC=0.9453  Train=4.280s  Test=13.401s  Peak RAM Train=44.33 MB  Peak RAM Test=145.372 MB
2026-06-01 10:07:07 | INFO | [ncluster=166/166] AUC-ROC=99.31%  AUC-PR=99.05%  F1=0.9758  MCC=0.9508  Train=2.263s  Test=9.957s  Peak RAM Train=44.307 MB  Peak RAM Test=147.94 MB
2026-06-01 10:07:07 | INFO | [ncluster=169/169] AUC-ROC=99.35%  AUC-PR=99.10%  F1=0.9761  MCC=0.9514  Train=2.579s  Test=7.996s  Peak RAM Train=44.316 MB  Peak RAM Test=150.508 MB
2026-06-01 10:07:07 | INFO | [ncluster=172/172] AUC-ROC=99.17%  AUC-PR=98.97%  F1=0.9647  MCC=0.9284  Train=2.218s  Test=16.898s  Peak RAM Train=44.318 MB  Peak RAM Test=153.076 MB
2026-06-01 10:07:07 | INFO | [ncluster=175/175] AUC-ROC=99.33%  AUC-PR=99.08%  F1=0.9724  MCC=0.9438  Train=4.659s  Test=20.751s  Peak RAM Train=44.316 MB  Peak RAM Test=155.644 MB
2026-06-01 10:07:07 | INFO | [ncluster=178/178] AUC-ROC=99.42%  AUC-PR=99.26%  F1=0.9704  MCC=0.9403  Train=2.349s  Test=14.123s  Peak RAM Train=44.318 MB  Peak RAM Test=158.212 MB
2026-06-01 10:07:07 | INFO | [ncluster=181/181] AUC-ROC=99.27%  AUC-PR=99.10%  F1=0.9654  MCC=0.9305  Train=1.779s  Test=12.622s  Peak RAM Train=44.312 MB  Peak RAM Test=160.78 MB
2026-06-01 10:07:07 | INFO | [ncluster=184/184] AUC-ROC=99.42%  AUC-PR=99.26%  F1=0.9779  MCC=0.9551  Train=2.461s  Test=16.117s  Peak RAM Train=44.318 MB  Peak RAM Test=163.348 MB
2026-06-01 10:07:07 | INFO | [ncluster=187/187] AUC-ROC=99.31%  AUC-PR=99.09%  F1=0.9691  MCC=0.9371  Train=2.179s  Test=15.419s  Peak RAM Train=44.319 MB  Peak RAM Test=165.916 MB
2026-06-01 10:07:07 | INFO | [ncluster=190/190] AUC-ROC=99.42%  AUC-PR=99.23%  F1=0.9773  MCC=0.9540  Train=2.567s  Test=19.926s  Peak RAM Train=44.32 MB  Peak RAM Test=168.484 MB
2026-06-01 10:07:07 | INFO | [ncluster=193/193] AUC-ROC=99.51%  AUC-PR=99.35%  F1=0.9779  MCC=0.9552  Train=4.554s  Test=12.270s  Peak RAM Train=44.319 MB  Peak RAM Test=171.052 MB
2026-06-01 10:07:07 | INFO | [ncluster=196/196] AUC-ROC=99.27%  AUC-PR=99.04%  F1=0.9694  MCC=0.9381  Train=3.788s  Test=18.331s  Peak RAM Train=44.319 MB  Peak RAM Test=173.62 MB
2026-06-01 10:07:07 | INFO | [ncluster=199/199] AUC-ROC=99.56%  AUC-PR=99.47%  F1=0.9779  MCC=0.9554  Train=4.085s  Test=16.249s  Peak RAM Train=44.32 MB  Peak RAM Test=176.188 MB
2026-06-01 10:07:07 | INFO | [ncluster=202/202] AUC-ROC=99.40%  AUC-PR=99.23%  F1=0.9736  MCC=0.9465  Train=3.097s  Test=16.304s  Peak RAM Train=44.322 MB  Peak RAM Test=178.756 MB
2026-06-01 10:07:07 | INFO | [ncluster=205/205] AUC-ROC=99.38%  AUC-PR=99.21%  F1=0.9720  MCC=0.9438  Train=4.462s  Test=18.537s  Peak RAM Train=44.316 MB  Peak RAM Test=181.324 MB
2026-06-01 10:07:07 | INFO | [ncluster=208/208] AUC-ROC=99.61%  AUC-PR=99.49%  F1=0.9785  MCC=0.9565  Train=4.621s  Test=10.519s  Peak RAM Train=44.322 MB  Peak RAM Test=183.892 MB
2026-06-01 10:07:07 | INFO | [ncluster=211/211] AUC-ROC=99.49%  AUC-PR=99.36%  F1=0.9743  MCC=0.9482  Train=3.135s  Test=20.021s  Peak RAM Train=44.32 MB  Peak RAM Test=186.46 MB
2026-06-01 10:07:07 | INFO | [ncluster=214/214] AUC-ROC=99.26%  AUC-PR=99.07%  F1=0.9678  MCC=0.9347  Train=3.940s  Test=20.222s  Peak RAM Train=44.326 MB  Peak RAM Test=189.028 MB
2026-06-01 10:07:07 | INFO | [ncluster=217/217] AUC-ROC=99.40%  AUC-PR=99.25%  F1=0.9776  MCC=0.9546  Train=5.395s  Test=21.412s  Peak RAM Train=44.324 MB  Peak RAM Test=191.596 MB
2026-06-01 10:07:07 | INFO | [ncluster=220/220] AUC-ROC=99.03%  AUC-PR=98.90%  F1=0.9609  MCC=0.9215  Train=4.410s  Test=14.833s  Peak RAM Train=44.326 MB  Peak RAM Test=194.164 MB
2026-06-01 10:07:07 | INFO | [ncluster=223/223] AUC-ROC=99.28%  AUC-PR=99.16%  F1=0.9631  MCC=0.9257  Train=3.919s  Test=18.783s  Peak RAM Train=44.329 MB  Peak RAM Test=196.732 MB
2026-06-01 10:07:07 | INFO | [ncluster=226/226] AUC-ROC=99.24%  AUC-PR=99.01%  F1=0.9702  MCC=0.9398  Train=3.605s  Test=17.533s  Peak RAM Train=44.326 MB  Peak RAM Test=199.3 MB
2026-06-01 10:07:07 | INFO | [ncluster=229/229] AUC-ROC=99.31%  AUC-PR=99.15%  F1=0.9747  MCC=0.9487  Train=3.642s  Test=19.215s  Peak RAM Train=44.33 MB  Peak RAM Test=201.868 MB
2026-06-01 10:07:07 | INFO | [ncluster=232/232] AUC-ROC=99.19%  AUC-PR=99.04%  F1=0.9686  MCC=0.9367  Train=3.543s  Test=21.036s  Peak RAM Train=44.322 MB  Peak RAM Test=204.436 MB
2026-06-01 10:07:07 | INFO | [ncluster=235/235] AUC-ROC=99.50%  AUC-PR=99.38%  F1=0.9803  MCC=0.9602  Train=2.707s  Test=17.040s  Peak RAM Train=44.328 MB  Peak RAM Test=207.004 MB
2026-06-01 10:07:07 | INFO | [ncluster=238/238] AUC-ROC=99.44%  AUC-PR=99.30%  F1=0.9765  MCC=0.9527  Train=3.046s  Test=19.291s  Peak RAM Train=44.328 MB  Peak RAM Test=209.572 MB
2026-06-01 10:07:07 | INFO | [ncluster=241/241] AUC-ROC=99.10%  AUC-PR=98.87%  F1=0.9690  MCC=0.9372  Train=4.788s  Test=19.170s  Peak RAM Train=44.33 MB  Peak RAM Test=212.14 MB
2026-06-01 10:07:07 | INFO | [ncluster=244/244] AUC-ROC=99.38%  AUC-PR=99.21%  F1=0.9778  MCC=0.9551  Train=2.511s  Test=18.758s  Peak RAM Train=44.333 MB  Peak RAM Test=214.708 MB
2026-06-01 10:07:07 | INFO | [ncluster=247/247] AUC-ROC=99.56%  AUC-PR=99.43%  F1=0.9819  MCC=0.9633  Train=3.630s  Test=14.271s  Peak RAM Train=44.331 MB  Peak RAM Test=217.276 MB
2026-06-01 10:07:07 | INFO | [ncluster=250/250] AUC-ROC=99.42%  AUC-PR=99.28%  F1=0.9771  MCC=0.9540  Train=4.416s  Test=18.766s  Peak RAM Train=44.332 MB  Peak RAM Test=219.844 MB
2026-06-01 10:07:07 | INFO | [ncluster=253/253] AUC-ROC=99.29%  AUC-PR=99.16%  F1=0.9727  MCC=0.9447  Train=3.876s  Test=15.104s  Peak RAM Train=44.332 MB  Peak RAM Test=222.412 MB
2026-06-01 10:07:07 | INFO | [ncluster=256/256] AUC-ROC=99.04%  AUC-PR=98.89%  F1=0.9631  MCC=0.9249  Train=3.079s  Test=21.179s  Peak RAM Train=44.333 MB  Peak RAM Test=224.98 MB
2026-06-01 10:07:07 | INFO | [ncluster=259/259] AUC-ROC=98.84%  AUC-PR=98.57%  F1=0.9589  MCC=0.9168  Train=4.061s  Test=16.020s  Peak RAM Train=44.33 MB  Peak RAM Test=227.548 MB
2026-06-01 10:07:07 | INFO | [ncluster=262/262] AUC-ROC=99.36%  AUC-PR=99.22%  F1=0.9735  MCC=0.9465  Train=1.834s  Test=11.802s  Peak RAM Train=44.335 MB  Peak RAM Test=230.116 MB
2026-06-01 10:07:07 | INFO | [ncluster=265/265] AUC-ROC=99.52%  AUC-PR=99.43%  F1=0.9805  MCC=0.9604  Train=3.758s  Test=21.210s  Peak RAM Train=44.33 MB  Peak RAM Test=232.684 MB
2026-06-01 10:07:07 | INFO | [ncluster=268/268] AUC-ROC=99.48%  AUC-PR=99.40%  F1=0.9765  MCC=0.9527  Train=2.482s  Test=19.123s  Peak RAM Train=44.34 MB  Peak RAM Test=235.252 MB
2026-06-01 10:07:07 | INFO | [ncluster=271/271] AUC-ROC=98.98%  AUC-PR=98.76%  F1=0.9612  MCC=0.9209  Train=4.040s  Test=25.753s  Peak RAM Train=44.331 MB  Peak RAM Test=237.82 MB
2026-06-01 10:07:07 | INFO | [ncluster=274/274] AUC-ROC=99.45%  AUC-PR=99.36%  F1=0.9772  MCC=0.9536  Train=2.671s  Test=29.857s  Peak RAM Train=44.338 MB  Peak RAM Test=240.388 MB
2026-06-01 10:07:07 | INFO | [ncluster=277/277] AUC-ROC=99.37%  AUC-PR=99.26%  F1=0.9753  MCC=0.9501  Train=3.175s  Test=20.916s  Peak RAM Train=44.337 MB  Peak RAM Test=242.956 MB
2026-06-01 10:07:07 | INFO | [ncluster=280/280] AUC-ROC=99.17%  AUC-PR=98.98%  F1=0.9711  MCC=0.9412  Train=3.504s  Test=23.110s  Peak RAM Train=44.342 MB  Peak RAM Test=245.524 MB
2026-06-01 10:07:07 | INFO | [ncluster=283/283] AUC-ROC=99.32%  AUC-PR=99.18%  F1=0.9730  MCC=0.9449  Train=2.469s  Test=18.029s  Peak RAM Train=44.339 MB  Peak RAM Test=248.092 MB
2026-06-01 10:07:07 | INFO | [ncluster=286/286] AUC-ROC=99.53%  AUC-PR=99.47%  F1=0.9775  MCC=0.9547  Train=2.964s  Test=22.288s  Peak RAM Train=44.339 MB  Peak RAM Test=250.66 MB
2026-06-01 10:07:07 | INFO | [ncluster=289/289] AUC-ROC=99.31%  AUC-PR=99.17%  F1=0.9734  MCC=0.9459  Train=2.393s  Test=14.167s  Peak RAM Train=44.339 MB  Peak RAM Test=253.228 MB
2026-06-01 10:07:07 | INFO | [ncluster=292/292] AUC-ROC=99.41%  AUC-PR=99.27%  F1=0.9779  MCC=0.9554  Train=2.737s  Test=13.590s  Peak RAM Train=44.338 MB  Peak RAM Test=255.796 MB
2026-06-01 10:07:07 | INFO | [ncluster=295/295] AUC-ROC=99.24%  AUC-PR=99.11%  F1=0.9727  MCC=0.9444  Train=2.377s  Test=11.324s  Peak RAM Train=44.341 MB  Peak RAM Test=258.364 MB
2026-06-01 10:07:07 | INFO | [ncluster=298/298] AUC-ROC=99.10%  AUC-PR=98.87%  F1=0.9655  MCC=0.9297  Train=2.832s  Test=21.203s  Peak RAM Train=44.338 MB  Peak RAM Test=260.932 MB
2026-06-01 10:07:07 | INFO | --- noise=3% ---
2026-06-01 10:07:07 | INFO | ============================================================
2026-06-01 10:07:07 | INFO | Dataset  : Train_StandardScaler_data_EdgeIIoTset.csv
2026-06-01 10:07:07 | INFO | Scaler   : StandardScaler
2026-06-01 10:07:07 | INFO | Noise    : 3%
2026-06-01 10:07:07 | INFO | nClusters: 100 values (1..298)
2026-06-01 10:07:07 | INFO | K-Means  : Standard KMeans
2026-06-01 10:07:07 | INFO | ============================================================
2026-06-01 10:07:09 | INFO | Loaded Raw Shape -> Train: (30000, 53), Test: (30000, 53)
2026-06-01 10:07:10 | INFO | Training size : 30,900  |  Testing size: 29,100  |  Features: 52
2026-06-01 10:07:10 | INFO | Firing up Parallel execution for 100 cluster configs...
2026-06-01 10:13:27 | INFO | [ncluster=1/1] AUC-ROC=98.79%  AUC-PR=99.09%  F1=0.9678  MCC=0.9351  Train=2.989s  Test=0.115s  Peak RAM Train=45.148 MB  Peak RAM Test=15.991 MB
2026-06-01 10:13:27 | INFO | [ncluster=4/4] AUC-ROC=96.75%  AUC-PR=97.64%  F1=0.9514  MCC=0.9027  Train=4.282s  Test=0.386s  Peak RAM Train=45.152 MB  Peak RAM Test=15.755 MB
2026-06-01 10:13:27 | INFO | [ncluster=7/7] AUC-ROC=96.71%  AUC-PR=97.71%  F1=0.9539  MCC=0.9063  Train=5.151s  Test=1.553s  Peak RAM Train=45.149 MB  Peak RAM Test=16.26 MB
2026-06-01 10:13:27 | INFO | [ncluster=10/10] AUC-ROC=96.86%  AUC-PR=97.92%  F1=0.9584  MCC=0.9172  Train=5.860s  Test=1.107s  Peak RAM Train=45.152 MB  Peak RAM Test=16.518 MB
2026-06-01 10:13:27 | INFO | [ncluster=13/13] AUC-ROC=96.76%  AUC-PR=97.88%  F1=0.9564  MCC=0.9122  Train=3.435s  Test=0.959s  Peak RAM Train=45.156 MB  Peak RAM Test=16.972 MB
2026-06-01 10:13:27 | INFO | [ncluster=16/16] AUC-ROC=96.73%  AUC-PR=97.87%  F1=0.9578  MCC=0.9143  Train=5.005s  Test=1.852s  Peak RAM Train=45.155 MB  Peak RAM Test=19.54 MB
2026-06-01 10:13:27 | INFO | [ncluster=19/19] AUC-ROC=96.35%  AUC-PR=97.58%  F1=0.9497  MCC=0.8970  Train=5.627s  Test=1.116s  Peak RAM Train=45.161 MB  Peak RAM Test=22.108 MB
2026-06-01 10:13:27 | INFO | [ncluster=22/22] AUC-ROC=96.47%  AUC-PR=97.65%  F1=0.9451  MCC=0.8926  Train=5.780s  Test=2.900s  Peak RAM Train=45.159 MB  Peak RAM Test=24.676 MB
2026-06-01 10:13:27 | INFO | [ncluster=25/25] AUC-ROC=94.75%  AUC-PR=96.05%  F1=0.9167  MCC=0.8316  Train=6.181s  Test=2.507s  Peak RAM Train=45.16 MB  Peak RAM Test=27.244 MB
2026-06-01 10:13:27 | INFO | [ncluster=28/28] AUC-ROC=94.76%  AUC-PR=96.37%  F1=0.9311  MCC=0.8637  Train=5.694s  Test=3.524s  Peak RAM Train=45.158 MB  Peak RAM Test=29.812 MB
2026-06-01 10:13:27 | INFO | [ncluster=31/31] AUC-ROC=94.00%  AUC-PR=95.60%  F1=0.9091  MCC=0.8171  Train=4.900s  Test=2.657s  Peak RAM Train=45.161 MB  Peak RAM Test=32.38 MB
2026-06-01 10:13:27 | INFO | [ncluster=34/34] AUC-ROC=93.98%  AUC-PR=95.56%  F1=0.9047  MCC=0.8067  Train=5.308s  Test=3.275s  Peak RAM Train=45.158 MB  Peak RAM Test=34.948 MB
2026-06-01 10:13:27 | INFO | [ncluster=37/37] AUC-ROC=99.31%  AUC-PR=99.28%  F1=0.9689  MCC=0.9353  Train=3.123s  Test=3.373s  Peak RAM Train=45.161 MB  Peak RAM Test=37.516 MB
2026-06-01 10:13:27 | INFO | [ncluster=40/40] AUC-ROC=99.25%  AUC-PR=99.20%  F1=0.9778  MCC=0.9540  Train=3.781s  Test=3.747s  Peak RAM Train=45.161 MB  Peak RAM Test=40.084 MB
2026-06-01 10:13:27 | INFO | [ncluster=43/43] AUC-ROC=96.37%  AUC-PR=97.29%  F1=0.9425  MCC=0.8829  Train=2.637s  Test=3.872s  Peak RAM Train=45.161 MB  Peak RAM Test=42.652 MB
2026-06-01 10:13:27 | INFO | [ncluster=46/46] AUC-ROC=96.32%  AUC-PR=97.24%  F1=0.9398  MCC=0.8765  Train=4.208s  Test=3.803s  Peak RAM Train=45.165 MB  Peak RAM Test=45.22 MB
2026-06-01 10:13:27 | INFO | [ncluster=49/49] AUC-ROC=96.03%  AUC-PR=97.18%  F1=0.9323  MCC=0.8653  Train=5.055s  Test=5.314s  Peak RAM Train=45.166 MB  Peak RAM Test=47.788 MB
2026-06-01 10:13:27 | INFO | [ncluster=52/52] AUC-ROC=98.80%  AUC-PR=98.55%  F1=0.9653  MCC=0.9280  Train=4.739s  Test=5.808s  Peak RAM Train=45.165 MB  Peak RAM Test=50.356 MB
2026-06-01 10:13:27 | INFO | [ncluster=55/55] AUC-ROC=95.51%  AUC-PR=96.69%  F1=0.9360  MCC=0.8700  Train=2.260s  Test=3.580s  Peak RAM Train=45.161 MB  Peak RAM Test=52.924 MB
2026-06-01 10:13:27 | INFO | [ncluster=58/58] AUC-ROC=95.98%  AUC-PR=97.14%  F1=0.9326  MCC=0.8640  Train=4.387s  Test=5.993s  Peak RAM Train=45.164 MB  Peak RAM Test=55.492 MB
2026-06-01 10:13:27 | INFO | [ncluster=61/61] AUC-ROC=96.16%  AUC-PR=97.55%  F1=0.9493  MCC=0.8981  Train=5.228s  Test=5.863s  Peak RAM Train=45.161 MB  Peak RAM Test=58.06 MB
2026-06-01 10:13:27 | INFO | [ncluster=64/64] AUC-ROC=94.13%  AUC-PR=95.02%  F1=0.9127  MCC=0.8211  Train=4.527s  Test=6.194s  Peak RAM Train=45.165 MB  Peak RAM Test=60.628 MB
2026-06-01 10:13:27 | INFO | [ncluster=67/67] AUC-ROC=94.17%  AUC-PR=94.80%  F1=0.9055  MCC=0.8090  Train=4.641s  Test=5.610s  Peak RAM Train=45.167 MB  Peak RAM Test=63.196 MB
2026-06-01 10:13:27 | INFO | [ncluster=70/70] AUC-ROC=94.38%  AUC-PR=95.28%  F1=0.9223  MCC=0.8384  Train=2.547s  Test=6.604s  Peak RAM Train=45.17 MB  Peak RAM Test=65.764 MB
2026-06-01 10:13:27 | INFO | [ncluster=73/73] AUC-ROC=98.11%  AUC-PR=97.90%  F1=0.9410  MCC=0.8766  Train=2.508s  Test=9.245s  Peak RAM Train=45.171 MB  Peak RAM Test=68.332 MB
2026-06-01 10:13:27 | INFO | [ncluster=76/76] AUC-ROC=94.26%  AUC-PR=95.25%  F1=0.9143  MCC=0.8277  Train=5.356s  Test=7.050s  Peak RAM Train=45.171 MB  Peak RAM Test=70.9 MB
2026-06-01 10:13:27 | INFO | [ncluster=79/79] AUC-ROC=99.30%  AUC-PR=99.20%  F1=0.9796  MCC=0.9577  Train=3.841s  Test=7.552s  Peak RAM Train=45.173 MB  Peak RAM Test=73.468 MB
2026-06-01 10:13:27 | INFO | [ncluster=82/82] AUC-ROC=95.29%  AUC-PR=96.62%  F1=0.9177  MCC=0.8373  Train=4.982s  Test=8.019s  Peak RAM Train=45.177 MB  Peak RAM Test=76.036 MB
2026-06-01 10:13:27 | INFO | [ncluster=85/85] AUC-ROC=98.29%  AUC-PR=97.76%  F1=0.9622  MCC=0.9211  Train=5.216s  Test=7.237s  Peak RAM Train=45.173 MB  Peak RAM Test=78.604 MB
2026-06-01 10:13:27 | INFO | [ncluster=88/88] AUC-ROC=98.48%  AUC-PR=98.16%  F1=0.9575  MCC=0.9112  Train=3.979s  Test=6.570s  Peak RAM Train=45.172 MB  Peak RAM Test=81.172 MB
2026-06-01 10:13:27 | INFO | [ncluster=91/91] AUC-ROC=98.86%  AUC-PR=98.69%  F1=0.9648  MCC=0.9270  Train=2.900s  Test=7.699s  Peak RAM Train=45.173 MB  Peak RAM Test=83.74 MB
2026-06-01 10:13:27 | INFO | [ncluster=94/94] AUC-ROC=99.10%  AUC-PR=98.94%  F1=0.9727  MCC=0.9433  Train=5.455s  Test=8.737s  Peak RAM Train=45.182 MB  Peak RAM Test=86.308 MB
2026-06-01 10:13:27 | INFO | [ncluster=97/97] AUC-ROC=99.46%  AUC-PR=99.41%  F1=0.9799  MCC=0.9583  Train=4.687s  Test=8.568s  Peak RAM Train=45.174 MB  Peak RAM Test=88.876 MB
2026-06-01 10:13:27 | INFO | [ncluster=100/100] AUC-ROC=99.36%  AUC-PR=99.35%  F1=0.9733  MCC=0.9445  Train=4.379s  Test=9.069s  Peak RAM Train=45.181 MB  Peak RAM Test=91.444 MB
2026-06-01 10:13:27 | INFO | [ncluster=103/103] AUC-ROC=99.19%  AUC-PR=99.15%  F1=0.9621  MCC=0.9208  Train=3.753s  Test=8.113s  Peak RAM Train=45.174 MB  Peak RAM Test=94.012 MB
2026-06-01 10:13:27 | INFO | [ncluster=106/106] AUC-ROC=96.14%  AUC-PR=97.11%  F1=0.9336  MCC=0.8677  Train=4.692s  Test=8.603s  Peak RAM Train=45.171 MB  Peak RAM Test=96.58 MB
2026-06-01 10:13:27 | INFO | [ncluster=109/109] AUC-ROC=99.47%  AUC-PR=99.47%  F1=0.9752  MCC=0.9485  Train=4.613s  Test=8.339s  Peak RAM Train=45.173 MB  Peak RAM Test=99.148 MB
2026-06-01 10:13:27 | INFO | [ncluster=112/112] AUC-ROC=99.68%  AUC-PR=99.66%  F1=0.9862  MCC=0.9714  Train=4.766s  Test=8.312s  Peak RAM Train=45.176 MB  Peak RAM Test=101.716 MB
2026-06-01 10:13:27 | INFO | [ncluster=115/115] AUC-ROC=98.90%  AUC-PR=98.69%  F1=0.9589  MCC=0.9148  Train=3.681s  Test=9.108s  Peak RAM Train=45.179 MB  Peak RAM Test=104.284 MB
2026-06-01 10:13:27 | INFO | [ncluster=118/118] AUC-ROC=99.45%  AUC-PR=99.43%  F1=0.9739  MCC=0.9458  Train=5.027s  Test=8.933s  Peak RAM Train=45.182 MB  Peak RAM Test=106.852 MB
2026-06-01 10:13:27 | INFO | [ncluster=121/121] AUC-ROC=99.32%  AUC-PR=99.35%  F1=0.9630  MCC=0.9244  Train=4.522s  Test=12.800s  Peak RAM Train=45.185 MB  Peak RAM Test=109.42 MB
2026-06-01 10:13:27 | INFO | [ncluster=124/124] AUC-ROC=99.38%  AUC-PR=99.37%  F1=0.9645  MCC=0.9273  Train=4.861s  Test=10.721s  Peak RAM Train=45.173 MB  Peak RAM Test=111.988 MB
2026-06-01 10:13:27 | INFO | [ncluster=127/127] AUC-ROC=99.33%  AUC-PR=99.29%  F1=0.9647  MCC=0.9269  Train=2.954s  Test=11.413s  Peak RAM Train=45.187 MB  Peak RAM Test=114.556 MB
2026-06-01 10:13:27 | INFO | [ncluster=130/130] AUC-ROC=98.61%  AUC-PR=98.12%  F1=0.9659  MCC=0.9290  Train=4.307s  Test=16.330s  Peak RAM Train=45.185 MB  Peak RAM Test=117.124 MB
2026-06-01 10:13:27 | INFO | [ncluster=133/133] AUC-ROC=99.31%  AUC-PR=99.08%  F1=0.9735  MCC=0.9450  Train=5.820s  Test=12.470s  Peak RAM Train=45.182 MB  Peak RAM Test=119.692 MB
2026-06-01 10:13:27 | INFO | [ncluster=136/136] AUC-ROC=99.21%  AUC-PR=99.14%  F1=0.9678  MCC=0.9329  Train=4.846s  Test=15.678s  Peak RAM Train=45.184 MB  Peak RAM Test=122.26 MB
2026-06-01 10:13:27 | INFO | [ncluster=139/139] AUC-ROC=99.03%  AUC-PR=99.03%  F1=0.9536  MCC=0.9032  Train=5.832s  Test=11.998s  Peak RAM Train=45.183 MB  Peak RAM Test=124.828 MB
2026-06-01 10:13:27 | INFO | [ncluster=142/142] AUC-ROC=99.24%  AUC-PR=99.05%  F1=0.9708  MCC=0.9392  Train=4.587s  Test=11.251s  Peak RAM Train=45.188 MB  Peak RAM Test=127.396 MB
2026-06-01 10:13:27 | INFO | [ncluster=145/145] AUC-ROC=99.13%  AUC-PR=98.91%  F1=0.9674  MCC=0.9321  Train=4.398s  Test=13.226s  Peak RAM Train=45.187 MB  Peak RAM Test=129.964 MB
2026-06-01 10:13:27 | INFO | [ncluster=148/148] AUC-ROC=98.75%  AUC-PR=98.62%  F1=0.9524  MCC=0.9040  Train=3.125s  Test=8.911s  Peak RAM Train=45.184 MB  Peak RAM Test=132.532 MB
2026-06-01 10:13:27 | INFO | [ncluster=151/151] AUC-ROC=98.25%  AUC-PR=97.99%  F1=0.9345  MCC=0.8680  Train=3.198s  Test=11.900s  Peak RAM Train=45.18 MB  Peak RAM Test=135.1 MB
2026-06-01 10:13:27 | INFO | [ncluster=154/154] AUC-ROC=98.41%  AUC-PR=98.05%  F1=0.9486  MCC=0.8924  Train=4.476s  Test=14.026s  Peak RAM Train=45.201 MB  Peak RAM Test=137.668 MB
2026-06-01 10:13:27 | INFO | [ncluster=157/157] AUC-ROC=98.74%  AUC-PR=98.62%  F1=0.9501  MCC=0.8969  Train=3.567s  Test=15.732s  Peak RAM Train=45.185 MB  Peak RAM Test=140.236 MB
2026-06-01 10:13:27 | INFO | [ncluster=160/160] AUC-ROC=98.74%  AUC-PR=98.62%  F1=0.9513  MCC=0.8994  Train=3.965s  Test=11.635s  Peak RAM Train=45.186 MB  Peak RAM Test=142.804 MB
2026-06-01 10:13:27 | INFO | [ncluster=163/163] AUC-ROC=98.83%  AUC-PR=98.75%  F1=0.9530  MCC=0.9029  Train=3.913s  Test=8.005s  Peak RAM Train=45.183 MB  Peak RAM Test=145.372 MB
2026-06-01 10:13:27 | INFO | [ncluster=166/166] AUC-ROC=96.31%  AUC-PR=95.58%  F1=0.9174  MCC=0.8260  Train=3.404s  Test=10.333s  Peak RAM Train=45.196 MB  Peak RAM Test=147.94 MB
2026-06-01 10:13:27 | INFO | [ncluster=169/169] AUC-ROC=98.69%  AUC-PR=98.48%  F1=0.9482  MCC=0.8921  Train=3.220s  Test=13.642s  Peak RAM Train=45.192 MB  Peak RAM Test=150.508 MB
2026-06-01 10:13:27 | INFO | [ncluster=172/172] AUC-ROC=94.21%  AUC-PR=92.98%  F1=0.9031  MCC=0.7941  Train=4.831s  Test=9.226s  Peak RAM Train=45.19 MB  Peak RAM Test=153.076 MB
2026-06-01 10:13:27 | INFO | [ncluster=175/175] AUC-ROC=97.64%  AUC-PR=97.39%  F1=0.9258  MCC=0.8484  Train=4.311s  Test=11.100s  Peak RAM Train=45.19 MB  Peak RAM Test=155.644 MB
2026-06-01 10:13:27 | INFO | [ncluster=178/178] AUC-ROC=95.92%  AUC-PR=95.20%  F1=0.9047  MCC=0.7994  Train=2.962s  Test=11.452s  Peak RAM Train=45.193 MB  Peak RAM Test=158.212 MB
2026-06-01 10:13:27 | INFO | [ncluster=181/181] AUC-ROC=97.70%  AUC-PR=97.43%  F1=0.9425  MCC=0.8802  Train=4.322s  Test=12.375s  Peak RAM Train=45.193 MB  Peak RAM Test=160.78 MB
2026-06-01 10:13:27 | INFO | [ncluster=184/184] AUC-ROC=98.73%  AUC-PR=98.40%  F1=0.9631  MCC=0.9230  Train=2.732s  Test=10.959s  Peak RAM Train=45.193 MB  Peak RAM Test=163.348 MB
2026-06-01 10:13:27 | INFO | [ncluster=187/187] AUC-ROC=96.66%  AUC-PR=96.19%  F1=0.9214  MCC=0.8342  Train=2.806s  Test=9.149s  Peak RAM Train=45.193 MB  Peak RAM Test=165.916 MB
2026-06-01 10:13:27 | INFO | [ncluster=190/190] AUC-ROC=95.89%  AUC-PR=94.51%  F1=0.9214  MCC=0.8343  Train=3.755s  Test=12.722s  Peak RAM Train=45.193 MB  Peak RAM Test=168.484 MB
2026-06-01 10:13:27 | INFO | [ncluster=193/193] AUC-ROC=94.45%  AUC-PR=92.85%  F1=0.9052  MCC=0.7987  Train=2.721s  Test=14.352s  Peak RAM Train=45.193 MB  Peak RAM Test=171.052 MB
2026-06-01 10:13:27 | INFO | [ncluster=196/196] AUC-ROC=93.37%  AUC-PR=90.84%  F1=0.9050  MCC=0.7977  Train=3.284s  Test=10.831s  Peak RAM Train=45.202 MB  Peak RAM Test=173.62 MB
2026-06-01 10:13:27 | INFO | [ncluster=199/199] AUC-ROC=93.41%  AUC-PR=90.90%  F1=0.9044  MCC=0.7962  Train=2.715s  Test=9.119s  Peak RAM Train=45.195 MB  Peak RAM Test=176.188 MB
2026-06-01 10:13:27 | INFO | [ncluster=202/202] AUC-ROC=93.44%  AUC-PR=90.92%  F1=0.9053  MCC=0.7982  Train=3.094s  Test=12.316s  Peak RAM Train=45.195 MB  Peak RAM Test=178.756 MB
2026-06-01 10:13:27 | INFO | [ncluster=205/205] AUC-ROC=97.17%  AUC-PR=96.87%  F1=0.9194  MCC=0.8310  Train=2.619s  Test=8.262s  Peak RAM Train=45.196 MB  Peak RAM Test=181.324 MB
2026-06-01 10:13:27 | INFO | [ncluster=208/208] AUC-ROC=93.55%  AUC-PR=91.09%  F1=0.9078  MCC=0.8039  Train=3.269s  Test=11.076s  Peak RAM Train=45.198 MB  Peak RAM Test=183.892 MB
2026-06-01 10:13:27 | INFO | [ncluster=211/211] AUC-ROC=93.58%  AUC-PR=93.17%  F1=0.8761  MCC=0.7326  Train=2.870s  Test=13.785s  Peak RAM Train=45.198 MB  Peak RAM Test=186.46 MB
2026-06-01 10:13:27 | INFO | [ncluster=214/214] AUC-ROC=93.08%  AUC-PR=91.94%  F1=0.8648  MCC=0.7134  Train=2.640s  Test=16.050s  Peak RAM Train=45.204 MB  Peak RAM Test=189.028 MB
2026-06-01 10:13:27 | INFO | [ncluster=217/217] AUC-ROC=95.87%  AUC-PR=95.53%  F1=0.9091  MCC=0.8066  Train=3.520s  Test=13.023s  Peak RAM Train=45.196 MB  Peak RAM Test=191.596 MB
2026-06-01 10:13:27 | INFO | [ncluster=220/220] AUC-ROC=94.57%  AUC-PR=94.32%  F1=0.8872  MCC=0.7577  Train=2.408s  Test=8.942s  Peak RAM Train=45.209 MB  Peak RAM Test=194.164 MB
2026-06-01 10:13:27 | INFO | [ncluster=223/223] AUC-ROC=93.18%  AUC-PR=92.32%  F1=0.8689  MCC=0.7192  Train=3.117s  Test=18.442s  Peak RAM Train=45.208 MB  Peak RAM Test=196.732 MB
2026-06-01 10:13:27 | INFO | [ncluster=226/226] AUC-ROC=95.81%  AUC-PR=95.32%  F1=0.9032  MCC=0.7936  Train=2.405s  Test=18.838s  Peak RAM Train=45.197 MB  Peak RAM Test=199.3 MB
2026-06-01 10:13:27 | INFO | [ncluster=229/229] AUC-ROC=95.60%  AUC-PR=94.17%  F1=0.9226  MCC=0.8363  Train=4.512s  Test=19.934s  Peak RAM Train=45.205 MB  Peak RAM Test=201.868 MB
2026-06-01 10:13:27 | INFO | [ncluster=232/232] AUC-ROC=96.22%  AUC-PR=95.36%  F1=0.9225  MCC=0.8361  Train=3.844s  Test=20.999s  Peak RAM Train=45.204 MB  Peak RAM Test=204.436 MB
2026-06-01 10:13:27 | INFO | [ncluster=235/235] AUC-ROC=94.09%  AUC-PR=92.79%  F1=0.8874  MCC=0.7590  Train=4.080s  Test=17.704s  Peak RAM Train=45.221 MB  Peak RAM Test=207.004 MB
2026-06-01 10:13:27 | INFO | [ncluster=238/238] AUC-ROC=96.66%  AUC-PR=95.87%  F1=0.9216  MCC=0.8346  Train=2.333s  Test=19.160s  Peak RAM Train=45.204 MB  Peak RAM Test=209.572 MB
2026-06-01 10:13:27 | INFO | [ncluster=241/241] AUC-ROC=94.90%  AUC-PR=93.90%  F1=0.9086  MCC=0.8055  Train=3.865s  Test=15.101s  Peak RAM Train=45.208 MB  Peak RAM Test=212.14 MB
2026-06-01 10:13:27 | INFO | [ncluster=244/244] AUC-ROC=92.57%  AUC-PR=91.02%  F1=0.8711  MCC=0.7220  Train=5.566s  Test=12.100s  Peak RAM Train=45.201 MB  Peak RAM Test=214.708 MB
2026-06-01 10:13:27 | INFO | [ncluster=247/247] AUC-ROC=95.45%  AUC-PR=94.70%  F1=0.9083  MCC=0.8051  Train=4.473s  Test=22.025s  Peak RAM Train=45.206 MB  Peak RAM Test=217.276 MB
2026-06-01 10:13:27 | INFO | [ncluster=250/250] AUC-ROC=95.88%  AUC-PR=95.26%  F1=0.9140  MCC=0.8182  Train=3.727s  Test=21.535s  Peak RAM Train=45.207 MB  Peak RAM Test=219.844 MB
2026-06-01 10:13:27 | INFO | [ncluster=253/253] AUC-ROC=96.03%  AUC-PR=95.37%  F1=0.9173  MCC=0.8248  Train=5.481s  Test=21.947s  Peak RAM Train=45.207 MB  Peak RAM Test=222.412 MB
2026-06-01 10:13:27 | INFO | [ncluster=256/256] AUC-ROC=96.09%  AUC-PR=95.43%  F1=0.9167  MCC=0.8239  Train=4.748s  Test=17.159s  Peak RAM Train=45.203 MB  Peak RAM Test=224.98 MB
2026-06-01 10:13:27 | INFO | [ncluster=259/259] AUC-ROC=96.09%  AUC-PR=95.45%  F1=0.9160  MCC=0.8225  Train=3.353s  Test=17.306s  Peak RAM Train=45.205 MB  Peak RAM Test=227.548 MB
2026-06-01 10:13:27 | INFO | [ncluster=262/262] AUC-ROC=96.04%  AUC-PR=95.39%  F1=0.9164  MCC=0.8230  Train=5.391s  Test=23.031s  Peak RAM Train=45.212 MB  Peak RAM Test=230.116 MB
2026-06-01 10:13:27 | INFO | [ncluster=265/265] AUC-ROC=96.44%  AUC-PR=95.86%  F1=0.9208  MCC=0.8329  Train=5.225s  Test=22.091s  Peak RAM Train=45.209 MB  Peak RAM Test=232.684 MB
2026-06-01 10:13:27 | INFO | [ncluster=268/268] AUC-ROC=96.28%  AUC-PR=95.69%  F1=0.9199  MCC=0.8306  Train=1.926s  Test=19.163s  Peak RAM Train=45.21 MB  Peak RAM Test=235.252 MB
2026-06-01 10:13:27 | INFO | [ncluster=271/271] AUC-ROC=96.06%  AUC-PR=95.42%  F1=0.9167  MCC=0.8238  Train=1.941s  Test=20.046s  Peak RAM Train=45.211 MB  Peak RAM Test=237.82 MB
2026-06-01 10:13:27 | INFO | [ncluster=274/274] AUC-ROC=96.16%  AUC-PR=95.54%  F1=0.9200  MCC=0.8306  Train=3.430s  Test=17.968s  Peak RAM Train=45.212 MB  Peak RAM Test=240.388 MB
2026-06-01 10:13:27 | INFO | [ncluster=277/277] AUC-ROC=96.84%  AUC-PR=96.22%  F1=0.9344  MCC=0.8621  Train=3.001s  Test=13.124s  Peak RAM Train=45.213 MB  Peak RAM Test=242.956 MB
2026-06-01 10:13:27 | INFO | [ncluster=280/280] AUC-ROC=95.65%  AUC-PR=94.26%  F1=0.9152  MCC=0.8209  Train=2.998s  Test=16.408s  Peak RAM Train=45.21 MB  Peak RAM Test=245.524 MB
2026-06-01 10:13:27 | INFO | [ncluster=283/283] AUC-ROC=94.46%  AUC-PR=92.93%  F1=0.9024  MCC=0.7926  Train=4.217s  Test=16.400s  Peak RAM Train=45.213 MB  Peak RAM Test=248.092 MB
2026-06-01 10:13:27 | INFO | [ncluster=286/286] AUC-ROC=94.12%  AUC-PR=92.57%  F1=0.9007  MCC=0.7889  Train=2.951s  Test=21.297s  Peak RAM Train=45.212 MB  Peak RAM Test=250.66 MB
2026-06-01 10:13:27 | INFO | [ncluster=289/289] AUC-ROC=94.52%  AUC-PR=93.29%  F1=0.8955  MCC=0.7763  Train=2.784s  Test=16.209s  Peak RAM Train=45.215 MB  Peak RAM Test=253.228 MB
2026-06-01 10:13:27 | INFO | [ncluster=292/292] AUC-ROC=93.98%  AUC-PR=92.38%  F1=0.8995  MCC=0.7861  Train=3.807s  Test=16.703s  Peak RAM Train=45.215 MB  Peak RAM Test=255.796 MB
2026-06-01 10:13:27 | INFO | [ncluster=295/295] AUC-ROC=94.45%  AUC-PR=93.17%  F1=0.8913  MCC=0.7684  Train=2.625s  Test=19.292s  Peak RAM Train=45.216 MB  Peak RAM Test=258.364 MB
2026-06-01 10:13:27 | INFO | [ncluster=298/298] AUC-ROC=94.46%  AUC-PR=93.22%  F1=0.8917  MCC=0.7684  Train=3.024s  Test=12.342s  Peak RAM Train=45.218 MB  Peak RAM Test=260.932 MB
2026-06-01 10:13:27 | INFO | --- noise=5% ---
2026-06-01 10:13:27 | INFO | ============================================================
2026-06-01 10:13:27 | INFO | Dataset  : Train_StandardScaler_data_EdgeIIoTset.csv
2026-06-01 10:13:27 | INFO | Scaler   : StandardScaler
2026-06-01 10:13:27 | INFO | Noise    : 5%
2026-06-01 10:13:27 | INFO | nClusters: 100 values (1..298)
2026-06-01 10:13:27 | INFO | K-Means  : Standard KMeans
2026-06-01 10:13:27 | INFO | ============================================================
2026-06-01 10:13:29 | INFO | Loaded Raw Shape -> Train: (30000, 53), Test: (30000, 53)
2026-06-01 10:13:29 | INFO | Training size : 31,500  |  Testing size: 28,500  |  Features: 52
2026-06-01 10:13:29 | INFO | Firing up Parallel execution for 100 cluster configs...
2026-06-01 10:19:34 | INFO | [ncluster=1/1] AUC-ROC=96.61%  AUC-PR=96.45%  F1=0.9203  MCC=0.8317  Train=4.013s  Test=0.246s  Peak RAM Train=46.023 MB  Peak RAM Test=15.552 MB
2026-06-01 10:19:34 | INFO | [ncluster=4/4] AUC-ROC=95.95%  AUC-PR=96.87%  F1=0.9273  MCC=0.8479  Train=3.704s  Test=0.265s  Peak RAM Train=46.024 MB  Peak RAM Test=15.822 MB
2026-06-01 10:19:34 | INFO | [ncluster=7/7] AUC-ROC=96.20%  AUC-PR=97.14%  F1=0.9373  MCC=0.8691  Train=4.402s  Test=0.994s  Peak RAM Train=46.029 MB  Peak RAM Test=16.344 MB
2026-06-01 10:19:34 | INFO | [ncluster=10/10] AUC-ROC=96.50%  AUC-PR=97.55%  F1=0.9373  MCC=0.8690  Train=4.536s  Test=0.881s  Peak RAM Train=46.027 MB  Peak RAM Test=16.362 MB
2026-06-01 10:19:34 | INFO | [ncluster=13/13] AUC-ROC=96.44%  AUC-PR=97.63%  F1=0.9439  MCC=0.8841  Train=3.120s  Test=1.777s  Peak RAM Train=46.033 MB  Peak RAM Test=16.972 MB
2026-06-01 10:19:34 | INFO | [ncluster=16/16] AUC-ROC=95.39%  AUC-PR=96.97%  F1=0.9493  MCC=0.8938  Train=5.090s  Test=1.036s  Peak RAM Train=46.036 MB  Peak RAM Test=19.54 MB
2026-06-01 10:19:34 | INFO | [ncluster=19/19] AUC-ROC=95.49%  AUC-PR=96.91%  F1=0.9443  MCC=0.8830  Train=5.309s  Test=3.162s  Peak RAM Train=46.029 MB  Peak RAM Test=22.108 MB
2026-06-01 10:19:34 | INFO | [ncluster=22/22] AUC-ROC=94.92%  AUC-PR=96.28%  F1=0.9263  MCC=0.8428  Train=5.601s  Test=3.592s  Peak RAM Train=46.034 MB  Peak RAM Test=24.676 MB
2026-06-01 10:19:34 | INFO | [ncluster=25/25] AUC-ROC=94.60%  AUC-PR=95.86%  F1=0.9288  MCC=0.8475  Train=5.168s  Test=3.813s  Peak RAM Train=46.034 MB  Peak RAM Test=27.244 MB
2026-06-01 10:19:34 | INFO | [ncluster=28/28] AUC-ROC=94.02%  AUC-PR=95.75%  F1=0.9208  MCC=0.8293  Train=5.136s  Test=3.255s  Peak RAM Train=46.037 MB  Peak RAM Test=29.812 MB
2026-06-01 10:19:34 | INFO | [ncluster=31/31] AUC-ROC=94.29%  AUC-PR=95.85%  F1=0.9316  MCC=0.8600  Train=4.852s  Test=3.832s  Peak RAM Train=46.033 MB  Peak RAM Test=32.38 MB
2026-06-01 10:19:34 | INFO | [ncluster=34/34] AUC-ROC=93.80%  AUC-PR=95.40%  F1=0.9120  MCC=0.8182  Train=1.731s  Test=3.364s  Peak RAM Train=46.036 MB  Peak RAM Test=34.948 MB
2026-06-01 10:19:34 | INFO | [ncluster=37/37] AUC-ROC=94.88%  AUC-PR=95.62%  F1=0.9257  MCC=0.8444  Train=4.084s  Test=4.989s  Peak RAM Train=46.033 MB  Peak RAM Test=37.516 MB
2026-06-01 10:19:34 | INFO | [ncluster=40/40] AUC-ROC=93.05%  AUC-PR=94.15%  F1=0.9039  MCC=0.7997  Train=4.153s  Test=5.225s  Peak RAM Train=46.039 MB  Peak RAM Test=40.084 MB
2026-06-01 10:19:34 | INFO | [ncluster=43/43] AUC-ROC=98.14%  AUC-PR=97.92%  F1=0.9459  MCC=0.8844  Train=3.986s  Test=4.697s  Peak RAM Train=46.04 MB  Peak RAM Test=42.652 MB
2026-06-01 10:19:34 | INFO | [ncluster=46/46] AUC-ROC=98.36%  AUC-PR=98.21%  F1=0.9499  MCC=0.8927  Train=5.001s  Test=5.044s  Peak RAM Train=46.039 MB  Peak RAM Test=45.22 MB
2026-06-01 10:19:34 | INFO | [ncluster=49/49] AUC-ROC=94.96%  AUC-PR=96.08%  F1=0.9201  MCC=0.8316  Train=5.266s  Test=7.816s  Peak RAM Train=46.038 MB  Peak RAM Test=47.788 MB
2026-06-01 10:19:34 | INFO | [ncluster=52/52] AUC-ROC=98.43%  AUC-PR=98.34%  F1=0.9506  MCC=0.8946  Train=5.493s  Test=5.056s  Peak RAM Train=46.035 MB  Peak RAM Test=50.356 MB
2026-06-01 10:19:34 | INFO | [ncluster=55/55] AUC-ROC=98.61%  AUC-PR=97.81%  F1=0.9741  MCC=0.9448  Train=5.254s  Test=7.238s  Peak RAM Train=46.045 MB  Peak RAM Test=52.924 MB
2026-06-01 10:19:34 | INFO | [ncluster=58/58] AUC-ROC=95.24%  AUC-PR=96.49%  F1=0.9282  MCC=0.8520  Train=5.576s  Test=7.892s  Peak RAM Train=46.043 MB  Peak RAM Test=55.492 MB
2026-06-01 10:19:34 | INFO | [ncluster=61/61] AUC-ROC=94.16%  AUC-PR=95.09%  F1=0.9068  MCC=0.7999  Train=5.705s  Test=6.105s  Peak RAM Train=46.047 MB  Peak RAM Test=58.06 MB
2026-06-01 10:19:34 | INFO | [ncluster=64/64] AUC-ROC=91.72%  AUC-PR=93.36%  F1=0.8855  MCC=0.7584  Train=5.521s  Test=7.380s  Peak RAM Train=46.045 MB  Peak RAM Test=60.628 MB
2026-06-01 10:19:34 | INFO | [ncluster=67/67] AUC-ROC=94.51%  AUC-PR=95.48%  F1=0.9138  MCC=0.8151  Train=4.395s  Test=6.792s  Peak RAM Train=46.049 MB  Peak RAM Test=63.196 MB
2026-06-01 10:19:34 | INFO | [ncluster=70/70] AUC-ROC=91.88%  AUC-PR=93.30%  F1=0.8907  MCC=0.7690  Train=3.092s  Test=7.968s  Peak RAM Train=46.049 MB  Peak RAM Test=65.764 MB
2026-06-01 10:19:34 | INFO | [ncluster=73/73] AUC-ROC=93.51%  AUC-PR=95.65%  F1=0.9058  MCC=0.8147  Train=6.017s  Test=7.029s  Peak RAM Train=46.049 MB  Peak RAM Test=68.332 MB
2026-06-01 10:19:35 | INFO | [ncluster=76/76] AUC-ROC=96.49%  AUC-PR=95.27%  F1=0.9363  MCC=0.8629  Train=4.683s  Test=6.741s  Peak RAM Train=46.049 MB  Peak RAM Test=70.9 MB
2026-06-01 10:19:35 | INFO | [ncluster=79/79] AUC-ROC=97.21%  AUC-PR=96.05%  F1=0.9469  MCC=0.8861  Train=1.898s  Test=11.940s  Peak RAM Train=46.048 MB  Peak RAM Test=73.468 MB
2026-06-01 10:19:35 | INFO | [ncluster=82/82] AUC-ROC=92.96%  AUC-PR=95.09%  F1=0.8970  MCC=0.7917  Train=5.250s  Test=7.777s  Peak RAM Train=46.048 MB  Peak RAM Test=76.036 MB
2026-06-01 10:19:35 | INFO | [ncluster=85/85] AUC-ROC=93.89%  AUC-PR=92.50%  F1=0.9118  MCC=0.8083  Train=1.836s  Test=5.441s  Peak RAM Train=46.051 MB  Peak RAM Test=78.604 MB
2026-06-01 10:19:35 | INFO | [ncluster=88/88] AUC-ROC=97.09%  AUC-PR=95.91%  F1=0.9443  MCC=0.8809  Train=3.531s  Test=9.153s  Peak RAM Train=46.049 MB  Peak RAM Test=81.172 MB
2026-06-01 10:19:35 | INFO | [ncluster=91/91] AUC-ROC=97.00%  AUC-PR=95.77%  F1=0.9444  MCC=0.8807  Train=5.678s  Test=7.300s  Peak RAM Train=46.05 MB  Peak RAM Test=83.74 MB
2026-06-01 10:19:35 | INFO | [ncluster=94/94] AUC-ROC=92.72%  AUC-PR=94.74%  F1=0.8960  MCC=0.7870  Train=3.734s  Test=7.806s  Peak RAM Train=46.055 MB  Peak RAM Test=86.308 MB
2026-06-01 10:19:35 | INFO | [ncluster=97/97] AUC-ROC=91.07%  AUC-PR=92.81%  F1=0.8664  MCC=0.7325  Train=2.546s  Test=7.993s  Peak RAM Train=46.053 MB  Peak RAM Test=88.876 MB
2026-06-01 10:19:35 | INFO | [ncluster=100/100] AUC-ROC=92.89%  AUC-PR=91.20%  F1=0.9129  MCC=0.8114  Train=3.881s  Test=7.324s  Peak RAM Train=46.056 MB  Peak RAM Test=91.444 MB
2026-06-01 10:19:35 | INFO | [ncluster=103/103] AUC-ROC=93.79%  AUC-PR=90.71%  F1=0.9119  MCC=0.8081  Train=5.175s  Test=9.886s  Peak RAM Train=46.056 MB  Peak RAM Test=94.012 MB
2026-06-01 10:19:35 | INFO | [ncluster=106/106] AUC-ROC=95.97%  AUC-PR=95.49%  F1=0.9209  MCC=0.8302  Train=5.027s  Test=13.411s  Peak RAM Train=46.055 MB  Peak RAM Test=96.58 MB
2026-06-01 10:19:35 | INFO | [ncluster=109/109] AUC-ROC=89.28%  AUC-PR=89.77%  F1=0.8656  MCC=0.7113  Train=6.333s  Test=12.645s  Peak RAM Train=46.051 MB  Peak RAM Test=99.148 MB
2026-06-01 10:19:35 | INFO | [ncluster=112/112] AUC-ROC=89.04%  AUC-PR=88.67%  F1=0.8689  MCC=0.7179  Train=2.750s  Test=13.109s  Peak RAM Train=46.055 MB  Peak RAM Test=101.716 MB
2026-06-01 10:19:35 | INFO | [ncluster=115/115] AUC-ROC=95.24%  AUC-PR=94.31%  F1=0.9043  MCC=0.7912  Train=4.668s  Test=16.072s  Peak RAM Train=46.056 MB  Peak RAM Test=104.284 MB
2026-06-01 10:19:35 | INFO | [ncluster=118/118] AUC-ROC=96.22%  AUC-PR=95.99%  F1=0.9220  MCC=0.8318  Train=1.977s  Test=6.161s  Peak RAM Train=46.057 MB  Peak RAM Test=106.852 MB
2026-06-01 10:19:35 | INFO | [ncluster=121/121] AUC-ROC=97.58%  AUC-PR=97.73%  F1=0.9477  MCC=0.8905  Train=6.725s  Test=12.455s  Peak RAM Train=46.055 MB  Peak RAM Test=109.42 MB
2026-06-01 10:19:35 | INFO | [ncluster=124/124] AUC-ROC=95.66%  AUC-PR=93.40%  F1=0.9302  MCC=0.8492  Train=4.627s  Test=11.275s  Peak RAM Train=46.057 MB  Peak RAM Test=111.988 MB
2026-06-01 10:19:35 | INFO | [ncluster=127/127] AUC-ROC=99.13%  AUC-PR=99.00%  F1=0.9676  MCC=0.9315  Train=5.800s  Test=12.335s  Peak RAM Train=46.06 MB  Peak RAM Test=114.556 MB
2026-06-01 10:19:35 | INFO | [ncluster=130/130] AUC-ROC=96.04%  AUC-PR=94.54%  F1=0.9178  MCC=0.8220  Train=5.902s  Test=12.472s  Peak RAM Train=46.057 MB  Peak RAM Test=117.124 MB
2026-06-01 10:19:35 | INFO | [ncluster=133/133] AUC-ROC=94.98%  AUC-PR=93.59%  F1=0.9125  MCC=0.8094  Train=5.878s  Test=9.287s  Peak RAM Train=46.057 MB  Peak RAM Test=119.692 MB
2026-06-01 10:19:35 | INFO | [ncluster=136/136] AUC-ROC=96.72%  AUC-PR=95.49%  F1=0.9210  MCC=0.8308  Train=3.733s  Test=10.336s  Peak RAM Train=46.061 MB  Peak RAM Test=122.26 MB
2026-06-01 10:19:35 | INFO | [ncluster=139/139] AUC-ROC=98.29%  AUC-PR=98.12%  F1=0.9595  MCC=0.9159  Train=4.690s  Test=9.316s  Peak RAM Train=46.058 MB  Peak RAM Test=124.828 MB
2026-06-01 10:19:35 | INFO | [ncluster=142/142] AUC-ROC=95.52%  AUC-PR=93.05%  F1=0.9166  MCC=0.8205  Train=2.865s  Test=12.411s  Peak RAM Train=46.062 MB  Peak RAM Test=127.396 MB
2026-06-01 10:19:35 | INFO | [ncluster=145/145] AUC-ROC=93.44%  AUC-PR=91.80%  F1=0.8963  MCC=0.7729  Train=4.726s  Test=13.864s  Peak RAM Train=46.057 MB  Peak RAM Test=129.964 MB
2026-06-01 10:19:35 | INFO | [ncluster=148/148] AUC-ROC=99.16%  AUC-PR=98.95%  F1=0.9693  MCC=0.9355  Train=4.829s  Test=13.449s  Peak RAM Train=46.064 MB  Peak RAM Test=132.532 MB
2026-06-01 10:19:35 | INFO | [ncluster=151/151] AUC-ROC=94.44%  AUC-PR=93.12%  F1=0.8975  MCC=0.7759  Train=3.597s  Test=14.628s  Peak RAM Train=46.06 MB  Peak RAM Test=135.1 MB
2026-06-01 10:19:35 | INFO | [ncluster=154/154] AUC-ROC=95.17%  AUC-PR=93.83%  F1=0.9136  MCC=0.8121  Train=2.297s  Test=15.400s  Peak RAM Train=46.061 MB  Peak RAM Test=137.668 MB
2026-06-01 10:19:35 | INFO | [ncluster=157/157] AUC-ROC=92.77%  AUC-PR=91.00%  F1=0.8866  MCC=0.7512  Train=3.685s  Test=11.718s  Peak RAM Train=46.068 MB  Peak RAM Test=140.236 MB
2026-06-01 10:19:35 | INFO | [ncluster=160/160] AUC-ROC=93.77%  AUC-PR=92.49%  F1=0.8947  MCC=0.7712  Train=4.970s  Test=10.975s  Peak RAM Train=46.062 MB  Peak RAM Test=142.804 MB
2026-06-01 10:19:35 | INFO | [ncluster=163/163] AUC-ROC=95.64%  AUC-PR=95.19%  F1=0.9068  MCC=0.7965  Train=4.785s  Test=18.254s  Peak RAM Train=46.066 MB  Peak RAM Test=145.372 MB
2026-06-01 10:19:35 | INFO | [ncluster=166/166] AUC-ROC=96.67%  AUC-PR=95.84%  F1=0.9191  MCC=0.8265  Train=4.744s  Test=14.898s  Peak RAM Train=46.065 MB  Peak RAM Test=147.94 MB
2026-06-01 10:19:35 | INFO | [ncluster=169/169] AUC-ROC=94.79%  AUC-PR=93.65%  F1=0.9013  MCC=0.7872  Train=2.425s  Test=12.786s  Peak RAM Train=46.063 MB  Peak RAM Test=150.508 MB
2026-06-01 10:19:35 | INFO | [ncluster=172/172] AUC-ROC=95.20%  AUC-PR=94.29%  F1=0.9086  MCC=0.8015  Train=3.780s  Test=10.450s  Peak RAM Train=46.067 MB  Peak RAM Test=153.076 MB
2026-06-01 10:19:35 | INFO | [ncluster=175/175] AUC-ROC=93.58%  AUC-PR=92.27%  F1=0.8990  MCC=0.7796  Train=3.997s  Test=13.136s  Peak RAM Train=46.069 MB  Peak RAM Test=155.644 MB
2026-06-01 10:19:35 | INFO | [ncluster=178/178] AUC-ROC=94.22%  AUC-PR=92.87%  F1=0.9082  MCC=0.7999  Train=4.019s  Test=17.127s  Peak RAM Train=46.067 MB  Peak RAM Test=158.212 MB
2026-06-01 10:19:35 | INFO | [ncluster=181/181] AUC-ROC=96.60%  AUC-PR=96.37%  F1=0.9125  MCC=0.8170  Train=4.198s  Test=15.176s  Peak RAM Train=46.067 MB  Peak RAM Test=160.78 MB
2026-06-01 10:19:35 | INFO | [ncluster=184/184] AUC-ROC=95.51%  AUC-PR=94.78%  F1=0.9117  MCC=0.8105  Train=2.490s  Test=13.923s  Peak RAM Train=46.069 MB  Peak RAM Test=163.348 MB
2026-06-01 10:19:35 | INFO | [ncluster=187/187] AUC-ROC=96.89%  AUC-PR=96.72%  F1=0.9212  MCC=0.8344  Train=3.912s  Test=13.053s  Peak RAM Train=46.071 MB  Peak RAM Test=165.916 MB
2026-06-01 10:19:35 | INFO | [ncluster=190/190] AUC-ROC=95.12%  AUC-PR=94.18%  F1=0.9081  MCC=0.8029  Train=4.775s  Test=14.770s  Peak RAM Train=46.071 MB  Peak RAM Test=168.484 MB
2026-06-01 10:19:35 | INFO | [ncluster=193/193] AUC-ROC=96.20%  AUC-PR=95.22%  F1=0.9284  MCC=0.8452  Train=3.220s  Test=8.952s  Peak RAM Train=46.073 MB  Peak RAM Test=171.052 MB
2026-06-01 10:19:35 | INFO | [ncluster=196/196] AUC-ROC=94.57%  AUC-PR=92.65%  F1=0.9072  MCC=0.7991  Train=2.583s  Test=15.060s  Peak RAM Train=46.074 MB  Peak RAM Test=173.62 MB
2026-06-01 10:19:35 | INFO | [ncluster=199/199] AUC-ROC=95.09%  AUC-PR=93.97%  F1=0.9074  MCC=0.7994  Train=2.460s  Test=15.900s  Peak RAM Train=46.072 MB  Peak RAM Test=176.188 MB
2026-06-01 10:19:35 | INFO | [ncluster=202/202] AUC-ROC=97.53%  AUC-PR=96.76%  F1=0.9334  MCC=0.8609  Train=2.028s  Test=7.863s  Peak RAM Train=46.072 MB  Peak RAM Test=178.756 MB
2026-06-01 10:19:35 | INFO | [ncluster=205/205] AUC-ROC=93.56%  AUC-PR=92.26%  F1=0.8960  MCC=0.7725  Train=4.099s  Test=13.447s  Peak RAM Train=46.07 MB  Peak RAM Test=181.324 MB
2026-06-01 10:19:35 | INFO | [ncluster=208/208] AUC-ROC=95.79%  AUC-PR=94.57%  F1=0.9267  MCC=0.8420  Train=3.725s  Test=17.011s  Peak RAM Train=46.073 MB  Peak RAM Test=183.892 MB
2026-06-01 10:19:35 | INFO | [ncluster=211/211] AUC-ROC=96.64%  AUC-PR=96.38%  F1=0.9179  MCC=0.8306  Train=4.166s  Test=17.012s  Peak RAM Train=46.076 MB  Peak RAM Test=186.46 MB
2026-06-01 10:19:35 | INFO | [ncluster=214/214] AUC-ROC=94.65%  AUC-PR=93.62%  F1=0.8969  MCC=0.7767  Train=3.689s  Test=15.474s  Peak RAM Train=46.079 MB  Peak RAM Test=189.028 MB
2026-06-01 10:19:35 | INFO | [ncluster=217/217] AUC-ROC=95.57%  AUC-PR=95.21%  F1=0.8998  MCC=0.7910  Train=3.184s  Test=15.902s  Peak RAM Train=46.075 MB  Peak RAM Test=191.596 MB
2026-06-01 10:19:35 | INFO | [ncluster=220/220] AUC-ROC=95.34%  AUC-PR=93.87%  F1=0.9130  MCC=0.8121  Train=3.583s  Test=17.507s  Peak RAM Train=46.077 MB  Peak RAM Test=194.164 MB
2026-06-01 10:19:35 | INFO | [ncluster=223/223] AUC-ROC=95.63%  AUC-PR=94.96%  F1=0.9100  MCC=0.8059  Train=4.248s  Test=12.976s  Peak RAM Train=46.076 MB  Peak RAM Test=196.732 MB
2026-06-01 10:19:35 | INFO | [ncluster=226/226] AUC-ROC=97.86%  AUC-PR=97.56%  F1=0.9417  MCC=0.8780  Train=2.461s  Test=10.228s  Peak RAM Train=46.079 MB  Peak RAM Test=199.3 MB
2026-06-01 10:19:35 | INFO | [ncluster=229/229] AUC-ROC=95.74%  AUC-PR=94.36%  F1=0.9200  MCC=0.8268  Train=4.053s  Test=9.308s  Peak RAM Train=46.076 MB  Peak RAM Test=201.868 MB
2026-06-01 10:19:35 | INFO | [ncluster=232/232] AUC-ROC=95.84%  AUC-PR=95.22%  F1=0.9131  MCC=0.8137  Train=2.557s  Test=17.964s  Peak RAM Train=46.08 MB  Peak RAM Test=204.436 MB
2026-06-01 10:19:35 | INFO | [ncluster=235/235] AUC-ROC=96.33%  AUC-PR=95.80%  F1=0.9220  MCC=0.8335  Train=2.224s  Test=13.689s  Peak RAM Train=46.081 MB  Peak RAM Test=207.004 MB
2026-06-01 10:19:35 | INFO | [ncluster=238/238] AUC-ROC=95.92%  AUC-PR=94.52%  F1=0.9207  MCC=0.8316  Train=2.156s  Test=4.414s  Peak RAM Train=46.079 MB  Peak RAM Test=209.572 MB
2026-06-01 10:19:35 | INFO | [ncluster=241/241] AUC-ROC=96.56%  AUC-PR=95.35%  F1=0.9329  MCC=0.8573  Train=1.355s  Test=6.246s  Peak RAM Train=46.079 MB  Peak RAM Test=212.14 MB
2026-06-01 10:19:35 | INFO | [ncluster=244/244] AUC-ROC=94.32%  AUC-PR=93.33%  F1=0.8877  MCC=0.7609  Train=3.649s  Test=15.730s  Peak RAM Train=46.077 MB  Peak RAM Test=214.708 MB
2026-06-01 10:19:35 | INFO | [ncluster=247/247] AUC-ROC=95.89%  AUC-PR=95.04%  F1=0.9168  MCC=0.8221  Train=1.301s  Test=5.673s  Peak RAM Train=46.085 MB  Peak RAM Test=217.276 MB
2026-06-01 10:19:35 | INFO | [ncluster=250/250] AUC-ROC=97.12%  AUC-PR=96.44%  F1=0.9307  MCC=0.8534  Train=1.899s  Test=16.815s  Peak RAM Train=46.082 MB  Peak RAM Test=219.844 MB
2026-06-01 10:19:35 | INFO | [ncluster=253/253] AUC-ROC=97.29%  AUC-PR=96.62%  F1=0.9388  MCC=0.8694  Train=1.874s  Test=22.544s  Peak RAM Train=46.082 MB  Peak RAM Test=222.412 MB
2026-06-01 10:19:35 | INFO | [ncluster=256/256] AUC-ROC=98.03%  AUC-PR=97.90%  F1=0.9447  MCC=0.8848  Train=2.191s  Test=14.316s  Peak RAM Train=46.083 MB  Peak RAM Test=224.98 MB
2026-06-01 10:19:35 | INFO | [ncluster=259/259] AUC-ROC=95.60%  AUC-PR=94.43%  F1=0.9161  MCC=0.8182  Train=3.291s  Test=16.376s  Peak RAM Train=46.084 MB  Peak RAM Test=227.548 MB
2026-06-01 10:19:35 | INFO | [ncluster=262/262] AUC-ROC=95.47%  AUC-PR=94.28%  F1=0.9221  MCC=0.8315  Train=2.376s  Test=18.435s  Peak RAM Train=46.088 MB  Peak RAM Test=230.116 MB
2026-06-01 10:19:35 | INFO | [ncluster=265/265] AUC-ROC=95.11%  AUC-PR=93.57%  F1=0.9135  MCC=0.8150  Train=0.910s  Test=12.385s  Peak RAM Train=46.086 MB  Peak RAM Test=232.684 MB
2026-06-01 10:19:35 | INFO | [ncluster=268/268] AUC-ROC=94.60%  AUC-PR=94.06%  F1=0.8850  MCC=0.7559  Train=3.327s  Test=19.711s  Peak RAM Train=46.089 MB  Peak RAM Test=235.252 MB
2026-06-01 10:19:35 | INFO | [ncluster=271/271] AUC-ROC=96.10%  AUC-PR=95.28%  F1=0.9049  MCC=0.7997  Train=2.310s  Test=16.978s  Peak RAM Train=46.085 MB  Peak RAM Test=237.82 MB
2026-06-01 10:19:35 | INFO | [ncluster=274/274] AUC-ROC=97.34%  AUC-PR=96.27%  F1=0.9470  MCC=0.8866  Train=2.655s  Test=19.053s  Peak RAM Train=46.088 MB  Peak RAM Test=240.388 MB
2026-06-01 10:19:35 | INFO | [ncluster=277/277] AUC-ROC=96.99%  AUC-PR=96.00%  F1=0.9406  MCC=0.8737  Train=3.037s  Test=19.538s  Peak RAM Train=46.09 MB  Peak RAM Test=242.956 MB
2026-06-01 10:19:35 | INFO | [ncluster=280/280] AUC-ROC=96.34%  AUC-PR=95.31%  F1=0.9259  MCC=0.8407  Train=2.926s  Test=11.887s  Peak RAM Train=46.087 MB  Peak RAM Test=245.524 MB
2026-06-01 10:19:35 | INFO | [ncluster=283/283] AUC-ROC=96.64%  AUC-PR=95.84%  F1=0.9257  MCC=0.8395  Train=2.244s  Test=18.459s  Peak RAM Train=46.09 MB  Peak RAM Test=248.092 MB
2026-06-01 10:19:35 | INFO | [ncluster=286/286] AUC-ROC=95.63%  AUC-PR=94.66%  F1=0.9121  MCC=0.8105  Train=0.656s  Test=13.110s  Peak RAM Train=46.091 MB  Peak RAM Test=250.66 MB
2026-06-01 10:19:35 | INFO | [ncluster=289/289] AUC-ROC=96.70%  AUC-PR=95.91%  F1=0.9193  MCC=0.8262  Train=2.822s  Test=13.712s  Peak RAM Train=46.091 MB  Peak RAM Test=253.228 MB
2026-06-01 10:19:35 | INFO | [ncluster=292/292] AUC-ROC=96.32%  AUC-PR=95.53%  F1=0.9219  MCC=0.8332  Train=1.615s  Test=12.090s  Peak RAM Train=46.091 MB  Peak RAM Test=255.796 MB
2026-06-01 10:19:35 | INFO | [ncluster=295/295] AUC-ROC=94.16%  AUC-PR=93.12%  F1=0.8879  MCC=0.7565  Train=3.701s  Test=14.776s  Peak RAM Train=46.092 MB  Peak RAM Test=258.364 MB
2026-06-01 10:19:35 | INFO | [ncluster=298/298] AUC-ROC=96.02%  AUC-PR=94.94%  F1=0.9261  MCC=0.8404  Train=2.276s  Test=14.995s  Peak RAM Train=46.095 MB  Peak RAM Test=260.932 MB
2026-06-01 10:19:35 | INFO | 
>>> Processing data_EdgeIIoTset | scaler=MinMaxScaler
2026-06-01 10:19:35 | INFO | --- noise=0% ---
2026-06-01 10:19:35 | INFO | ============================================================
2026-06-01 10:19:35 | INFO | Dataset  : Train_MinMaxScaler_data_EdgeIIoTset.csv
2026-06-01 10:19:35 | INFO | Scaler   : MinMaxScaler
2026-06-01 10:19:35 | INFO | Noise    : 0%
2026-06-01 10:19:35 | INFO | nClusters: 100 values (1..298)
2026-06-01 10:19:35 | INFO | K-Means  : Standard KMeans
2026-06-01 10:19:35 | INFO | ============================================================
2026-06-01 10:19:36 | INFO | Loaded Raw Shape -> Train: (30000, 53), Test: (30000, 53)
2026-06-01 10:19:36 | INFO | Training size : 30,000  |  Testing size: 30,000  |  Features: 52
2026-06-01 10:19:36 | INFO | Firing up Parallel execution for 100 cluster configs...
2026-06-01 10:25:46 | INFO | [ncluster=1/1] AUC-ROC=100.00%  AUC-PR=100.00%  F1=1.0000  MCC=1.0000  Train=0.825s  Test=0.159s  Peak RAM Train=43.831 MB  Peak RAM Test=26.7 MB
2026-06-01 10:25:46 | INFO | [ncluster=4/4] AUC-ROC=100.00%  AUC-PR=100.00%  F1=1.0000  MCC=1.0000  Train=2.785s  Test=0.091s  Peak RAM Train=43.836 MB  Peak RAM Test=27.444 MB
2026-06-01 10:25:46 | INFO | [ncluster=7/7] AUC-ROC=100.00%  AUC-PR=100.00%  F1=1.0000  MCC=1.0000  Train=0.597s  Test=0.524s  Peak RAM Train=43.84 MB  Peak RAM Test=27.948 MB
2026-06-01 10:25:46 | INFO | [ncluster=10/10] AUC-ROC=100.00%  AUC-PR=100.00%  F1=1.0000  MCC=1.0000  Train=1.741s  Test=1.190s  Peak RAM Train=43.84 MB  Peak RAM Test=28.452 MB
2026-06-01 10:25:46 | INFO | [ncluster=13/13] AUC-ROC=100.00%  AUC-PR=100.00%  F1=1.0000  MCC=1.0000  Train=3.005s  Test=1.765s  Peak RAM Train=43.84 MB  Peak RAM Test=29.572 MB
2026-06-01 10:25:46 | INFO | [ncluster=16/16] AUC-ROC=100.00%  AUC-PR=100.00%  F1=1.0000  MCC=1.0000  Train=2.873s  Test=1.648s  Peak RAM Train=43.843 MB  Peak RAM Test=32.14 MB
2026-06-01 10:25:46 | INFO | [ncluster=19/19] AUC-ROC=100.00%  AUC-PR=100.00%  F1=1.0000  MCC=1.0000  Train=1.429s  Test=1.873s  Peak RAM Train=43.84 MB  Peak RAM Test=34.708 MB
2026-06-01 10:25:46 | INFO | [ncluster=22/22] AUC-ROC=100.00%  AUC-PR=100.00%  F1=1.0000  MCC=1.0000  Train=2.080s  Test=1.907s  Peak RAM Train=43.845 MB  Peak RAM Test=37.276 MB
2026-06-01 10:25:46 | INFO | [ncluster=25/25] AUC-ROC=100.00%  AUC-PR=100.00%  F1=1.0000  MCC=1.0000  Train=1.830s  Test=1.572s  Peak RAM Train=43.841 MB  Peak RAM Test=39.844 MB
2026-06-01 10:25:46 | INFO | [ncluster=28/28] AUC-ROC=100.00%  AUC-PR=100.00%  F1=1.0000  MCC=1.0000  Train=3.793s  Test=4.631s  Peak RAM Train=43.845 MB  Peak RAM Test=42.412 MB
2026-06-01 10:25:46 | INFO | [ncluster=31/31] AUC-ROC=100.00%  AUC-PR=100.00%  F1=1.0000  MCC=1.0000  Train=3.822s  Test=4.713s  Peak RAM Train=43.844 MB  Peak RAM Test=44.98 MB
2026-06-01 10:25:46 | INFO | [ncluster=34/34] AUC-ROC=100.00%  AUC-PR=100.00%  F1=1.0000  MCC=1.0000  Train=4.293s  Test=5.948s  Peak RAM Train=43.844 MB  Peak RAM Test=47.548 MB
2026-06-01 10:25:46 | INFO | [ncluster=37/37] AUC-ROC=100.00%  AUC-PR=100.00%  F1=1.0000  MCC=1.0000  Train=2.165s  Test=2.728s  Peak RAM Train=43.85 MB  Peak RAM Test=50.116 MB
2026-06-01 10:25:46 | INFO | [ncluster=40/40] AUC-ROC=100.00%  AUC-PR=100.00%  F1=1.0000  MCC=1.0000  Train=1.602s  Test=1.969s  Peak RAM Train=43.848 MB  Peak RAM Test=52.684 MB
2026-06-01 10:25:46 | INFO | [ncluster=43/43] AUC-ROC=100.00%  AUC-PR=100.00%  F1=1.0000  MCC=1.0000  Train=4.242s  Test=5.393s  Peak RAM Train=43.849 MB  Peak RAM Test=55.252 MB
2026-06-01 10:25:46 | INFO | [ncluster=46/46] AUC-ROC=100.00%  AUC-PR=100.00%  F1=1.0000  MCC=1.0000  Train=1.518s  Test=2.111s  Peak RAM Train=43.846 MB  Peak RAM Test=57.82 MB
2026-06-01 10:25:46 | INFO | [ncluster=49/49] AUC-ROC=100.00%  AUC-PR=100.00%  F1=1.0000  MCC=1.0000  Train=3.939s  Test=3.694s  Peak RAM Train=43.848 MB  Peak RAM Test=60.388 MB
2026-06-01 10:25:46 | INFO | [ncluster=52/52] AUC-ROC=100.00%  AUC-PR=100.00%  F1=1.0000  MCC=1.0000  Train=1.979s  Test=6.869s  Peak RAM Train=43.85 MB  Peak RAM Test=62.956 MB
2026-06-01 10:25:46 | INFO | [ncluster=55/55] AUC-ROC=100.00%  AUC-PR=100.00%  F1=1.0000  MCC=1.0000  Train=3.276s  Test=3.169s  Peak RAM Train=43.845 MB  Peak RAM Test=65.524 MB
2026-06-01 10:25:46 | INFO | [ncluster=58/58] AUC-ROC=100.00%  AUC-PR=100.00%  F1=1.0000  MCC=1.0000  Train=3.346s  Test=6.832s  Peak RAM Train=43.859 MB  Peak RAM Test=68.092 MB
2026-06-01 10:25:46 | INFO | [ncluster=61/61] AUC-ROC=100.00%  AUC-PR=100.00%  F1=1.0000  MCC=1.0000  Train=2.422s  Test=7.418s  Peak RAM Train=43.85 MB  Peak RAM Test=70.66 MB
2026-06-01 10:25:46 | INFO | [ncluster=64/64] AUC-ROC=100.00%  AUC-PR=100.00%  F1=1.0000  MCC=1.0000  Train=3.259s  Test=5.858s  Peak RAM Train=43.853 MB  Peak RAM Test=73.228 MB
2026-06-01 10:25:46 | INFO | [ncluster=67/67] AUC-ROC=100.00%  AUC-PR=100.00%  F1=1.0000  MCC=1.0000  Train=3.158s  Test=6.955s  Peak RAM Train=43.85 MB  Peak RAM Test=75.796 MB
2026-06-01 10:25:46 | INFO | [ncluster=70/70] AUC-ROC=100.00%  AUC-PR=100.00%  F1=1.0000  MCC=1.0000  Train=3.602s  Test=9.544s  Peak RAM Train=43.854 MB  Peak RAM Test=78.364 MB
2026-06-01 10:25:46 | INFO | [ncluster=73/73] AUC-ROC=100.00%  AUC-PR=100.00%  F1=1.0000  MCC=1.0000  Train=3.211s  Test=5.749s  Peak RAM Train=43.853 MB  Peak RAM Test=80.932 MB
2026-06-01 10:25:46 | INFO | [ncluster=76/76] AUC-ROC=100.00%  AUC-PR=100.00%  F1=1.0000  MCC=1.0000  Train=4.044s  Test=8.882s  Peak RAM Train=43.854 MB  Peak RAM Test=83.5 MB
2026-06-01 10:25:46 | INFO | [ncluster=79/79] AUC-ROC=100.00%  AUC-PR=100.00%  F1=1.0000  MCC=1.0000  Train=2.115s  Test=8.063s  Peak RAM Train=43.854 MB  Peak RAM Test=86.068 MB
2026-06-01 10:25:46 | INFO | [ncluster=82/82] AUC-ROC=100.00%  AUC-PR=100.00%  F1=1.0000  MCC=1.0000  Train=3.896s  Test=6.223s  Peak RAM Train=43.856 MB  Peak RAM Test=88.636 MB
2026-06-01 10:25:46 | INFO | [ncluster=85/85] AUC-ROC=100.00%  AUC-PR=100.00%  F1=1.0000  MCC=1.0000  Train=2.334s  Test=8.793s  Peak RAM Train=43.856 MB  Peak RAM Test=91.204 MB
2026-06-01 10:25:46 | INFO | [ncluster=88/88] AUC-ROC=100.00%  AUC-PR=100.00%  F1=1.0000  MCC=1.0000  Train=4.010s  Test=9.532s  Peak RAM Train=43.857 MB  Peak RAM Test=93.772 MB
2026-06-01 10:25:46 | INFO | [ncluster=91/91] AUC-ROC=100.00%  AUC-PR=100.00%  F1=1.0000  MCC=1.0000  Train=1.066s  Test=10.479s  Peak RAM Train=43.856 MB  Peak RAM Test=96.34 MB
2026-06-01 10:25:46 | INFO | [ncluster=94/94] AUC-ROC=100.00%  AUC-PR=100.00%  F1=1.0000  MCC=1.0000  Train=2.132s  Test=9.561s  Peak RAM Train=43.859 MB  Peak RAM Test=98.908 MB
2026-06-01 10:25:46 | INFO | [ncluster=97/97] AUC-ROC=100.00%  AUC-PR=100.00%  F1=1.0000  MCC=1.0000  Train=2.884s  Test=11.242s  Peak RAM Train=43.856 MB  Peak RAM Test=101.476 MB
2026-06-01 10:25:46 | INFO | [ncluster=100/100] AUC-ROC=100.00%  AUC-PR=100.00%  F1=1.0000  MCC=1.0000  Train=3.217s  Test=10.636s  Peak RAM Train=43.862 MB  Peak RAM Test=104.044 MB
2026-06-01 10:25:46 | INFO | [ncluster=103/103] AUC-ROC=100.00%  AUC-PR=100.00%  F1=1.0000  MCC=1.0000  Train=1.476s  Test=9.581s  Peak RAM Train=43.862 MB  Peak RAM Test=106.612 MB
2026-06-01 10:25:46 | INFO | [ncluster=106/106] AUC-ROC=100.00%  AUC-PR=100.00%  F1=1.0000  MCC=1.0000  Train=3.419s  Test=14.848s  Peak RAM Train=43.863 MB  Peak RAM Test=109.18 MB
2026-06-01 10:25:46 | INFO | [ncluster=109/109] AUC-ROC=100.00%  AUC-PR=100.00%  F1=1.0000  MCC=1.0000  Train=1.890s  Test=11.559s  Peak RAM Train=43.862 MB  Peak RAM Test=111.748 MB
2026-06-01 10:25:46 | INFO | [ncluster=112/112] AUC-ROC=100.00%  AUC-PR=100.00%  F1=1.0000  MCC=1.0000  Train=2.737s  Test=11.179s  Peak RAM Train=43.863 MB  Peak RAM Test=114.316 MB
2026-06-01 10:25:46 | INFO | [ncluster=115/115] AUC-ROC=100.00%  AUC-PR=100.00%  F1=1.0000  MCC=1.0000  Train=3.597s  Test=12.522s  Peak RAM Train=43.864 MB  Peak RAM Test=116.884 MB
2026-06-01 10:25:46 | INFO | [ncluster=118/118] AUC-ROC=100.00%  AUC-PR=100.00%  F1=1.0000  MCC=1.0000  Train=1.796s  Test=10.913s  Peak RAM Train=43.865 MB  Peak RAM Test=119.452 MB
2026-06-01 10:25:46 | INFO | [ncluster=121/121] AUC-ROC=100.00%  AUC-PR=100.00%  F1=1.0000  MCC=1.0000  Train=2.934s  Test=13.147s  Peak RAM Train=43.862 MB  Peak RAM Test=122.02 MB
2026-06-01 10:25:46 | INFO | [ncluster=124/124] AUC-ROC=100.00%  AUC-PR=100.00%  F1=1.0000  MCC=1.0000  Train=2.645s  Test=14.632s  Peak RAM Train=43.867 MB  Peak RAM Test=124.588 MB
2026-06-01 10:25:46 | INFO | [ncluster=127/127] AUC-ROC=100.00%  AUC-PR=100.00%  F1=1.0000  MCC=1.0000  Train=3.038s  Test=15.346s  Peak RAM Train=43.865 MB  Peak RAM Test=127.156 MB
2026-06-01 10:25:46 | INFO | [ncluster=130/130] AUC-ROC=100.00%  AUC-PR=100.00%  F1=1.0000  MCC=1.0000  Train=4.717s  Test=15.457s  Peak RAM Train=43.865 MB  Peak RAM Test=129.724 MB
2026-06-01 10:25:46 | INFO | [ncluster=133/133] AUC-ROC=100.00%  AUC-PR=100.00%  F1=1.0000  MCC=1.0000  Train=2.952s  Test=13.432s  Peak RAM Train=43.869 MB  Peak RAM Test=132.292 MB
2026-06-01 10:25:47 | INFO | [ncluster=136/136] AUC-ROC=100.00%  AUC-PR=100.00%  F1=1.0000  MCC=1.0000  Train=3.213s  Test=13.020s  Peak RAM Train=43.869 MB  Peak RAM Test=134.86 MB
2026-06-01 10:25:47 | INFO | [ncluster=139/139] AUC-ROC=100.00%  AUC-PR=100.00%  F1=1.0000  MCC=1.0000  Train=2.488s  Test=19.446s  Peak RAM Train=43.871 MB  Peak RAM Test=137.429 MB
2026-06-01 10:25:47 | INFO | [ncluster=142/142] AUC-ROC=100.00%  AUC-PR=100.00%  F1=1.0000  MCC=1.0000  Train=3.161s  Test=11.556s  Peak RAM Train=43.868 MB  Peak RAM Test=139.997 MB
2026-06-01 10:25:47 | INFO | [ncluster=145/145] AUC-ROC=100.00%  AUC-PR=100.00%  F1=1.0000  MCC=1.0000  Train=3.568s  Test=14.245s  Peak RAM Train=43.868 MB  Peak RAM Test=142.565 MB
2026-06-01 10:25:47 | INFO | [ncluster=148/148] AUC-ROC=100.00%  AUC-PR=100.00%  F1=1.0000  MCC=1.0000  Train=3.215s  Test=15.440s  Peak RAM Train=43.87 MB  Peak RAM Test=145.133 MB
2026-06-01 10:25:47 | INFO | [ncluster=151/151] AUC-ROC=100.00%  AUC-PR=100.00%  F1=1.0000  MCC=1.0000  Train=3.908s  Test=15.984s  Peak RAM Train=43.865 MB  Peak RAM Test=147.7 MB
2026-06-01 10:25:47 | INFO | [ncluster=154/154] AUC-ROC=100.00%  AUC-PR=100.00%  F1=1.0000  MCC=1.0000  Train=2.308s  Test=10.134s  Peak RAM Train=43.871 MB  Peak RAM Test=150.269 MB
2026-06-01 10:25:47 | INFO | [ncluster=157/157] AUC-ROC=100.00%  AUC-PR=100.00%  F1=1.0000  MCC=1.0000  Train=3.510s  Test=15.536s  Peak RAM Train=43.873 MB  Peak RAM Test=152.837 MB
2026-06-01 10:25:47 | INFO | [ncluster=160/160] AUC-ROC=100.00%  AUC-PR=100.00%  F1=1.0000  MCC=1.0000  Train=4.160s  Test=14.997s  Peak RAM Train=43.873 MB  Peak RAM Test=155.405 MB
2026-06-01 10:25:47 | INFO | [ncluster=163/163] AUC-ROC=100.00%  AUC-PR=100.00%  F1=1.0000  MCC=1.0000  Train=4.226s  Test=21.332s  Peak RAM Train=43.874 MB  Peak RAM Test=157.973 MB
2026-06-01 10:25:47 | INFO | [ncluster=166/166] AUC-ROC=100.00%  AUC-PR=100.00%  F1=1.0000  MCC=1.0000  Train=3.212s  Test=23.589s  Peak RAM Train=43.875 MB  Peak RAM Test=160.54 MB
2026-06-01 10:25:47 | INFO | [ncluster=169/169] AUC-ROC=100.00%  AUC-PR=100.00%  F1=1.0000  MCC=1.0000  Train=3.342s  Test=21.102s  Peak RAM Train=43.871 MB  Peak RAM Test=163.109 MB
2026-06-01 10:25:47 | INFO | [ncluster=172/172] AUC-ROC=100.00%  AUC-PR=100.00%  F1=1.0000  MCC=1.0000  Train=4.555s  Test=22.702s  Peak RAM Train=43.876 MB  Peak RAM Test=165.677 MB
2026-06-01 10:25:47 | INFO | [ncluster=175/175] AUC-ROC=100.00%  AUC-PR=100.00%  F1=1.0000  MCC=1.0000  Train=3.868s  Test=23.712s  Peak RAM Train=43.879 MB  Peak RAM Test=168.245 MB
2026-06-01 10:25:47 | INFO | [ncluster=178/178] AUC-ROC=100.00%  AUC-PR=100.00%  F1=1.0000  MCC=1.0000  Train=3.967s  Test=15.565s  Peak RAM Train=43.877 MB  Peak RAM Test=170.813 MB
2026-06-01 10:25:47 | INFO | [ncluster=181/181] AUC-ROC=100.00%  AUC-PR=100.00%  F1=1.0000  MCC=1.0000  Train=4.234s  Test=18.091s  Peak RAM Train=43.882 MB  Peak RAM Test=173.381 MB
2026-06-01 10:25:47 | INFO | [ncluster=184/184] AUC-ROC=100.00%  AUC-PR=100.00%  F1=1.0000  MCC=1.0000  Train=4.248s  Test=17.488s  Peak RAM Train=43.878 MB  Peak RAM Test=175.949 MB
2026-06-01 10:25:47 | INFO | [ncluster=187/187] AUC-ROC=100.00%  AUC-PR=100.00%  F1=1.0000  MCC=1.0000  Train=3.952s  Test=20.227s  Peak RAM Train=43.878 MB  Peak RAM Test=178.517 MB
2026-06-01 10:25:47 | INFO | [ncluster=190/190] AUC-ROC=100.00%  AUC-PR=100.00%  F1=1.0000  MCC=1.0000  Train=2.672s  Test=21.665s  Peak RAM Train=43.881 MB  Peak RAM Test=181.085 MB
2026-06-01 10:25:47 | INFO | [ncluster=193/193] AUC-ROC=100.00%  AUC-PR=100.00%  F1=1.0000  MCC=1.0000  Train=4.280s  Test=24.998s  Peak RAM Train=43.883 MB  Peak RAM Test=183.653 MB
2026-06-01 10:25:47 | INFO | [ncluster=196/196] AUC-ROC=100.00%  AUC-PR=100.00%  F1=1.0000  MCC=1.0000  Train=4.441s  Test=20.555s  Peak RAM Train=43.875 MB  Peak RAM Test=186.221 MB
2026-06-01 10:25:47 | INFO | [ncluster=199/199] AUC-ROC=100.00%  AUC-PR=100.00%  F1=1.0000  MCC=1.0000  Train=3.874s  Test=21.279s  Peak RAM Train=43.881 MB  Peak RAM Test=188.789 MB
2026-06-01 10:25:47 | INFO | [ncluster=202/202] AUC-ROC=100.00%  AUC-PR=100.00%  F1=1.0000  MCC=1.0000  Train=3.057s  Test=14.569s  Peak RAM Train=43.883 MB  Peak RAM Test=191.357 MB
2026-06-01 10:25:47 | INFO | [ncluster=205/205] AUC-ROC=100.00%  AUC-PR=100.00%  F1=1.0000  MCC=1.0000  Train=3.563s  Test=11.309s  Peak RAM Train=43.883 MB  Peak RAM Test=193.925 MB
2026-06-01 10:25:47 | INFO | [ncluster=208/208] AUC-ROC=100.00%  AUC-PR=100.00%  F1=1.0000  MCC=1.0000  Train=2.999s  Test=22.380s  Peak RAM Train=43.88 MB  Peak RAM Test=196.493 MB
2026-06-01 10:25:47 | INFO | [ncluster=211/211] AUC-ROC=100.00%  AUC-PR=100.00%  F1=1.0000  MCC=1.0000  Train=3.355s  Test=21.967s  Peak RAM Train=43.883 MB  Peak RAM Test=199.061 MB
2026-06-01 10:25:47 | INFO | [ncluster=214/214] AUC-ROC=100.00%  AUC-PR=100.00%  F1=1.0000  MCC=1.0000  Train=3.219s  Test=17.428s  Peak RAM Train=43.886 MB  Peak RAM Test=201.629 MB
2026-06-01 10:25:47 | INFO | [ncluster=217/217] AUC-ROC=100.00%  AUC-PR=100.00%  F1=1.0000  MCC=1.0000  Train=3.311s  Test=29.196s  Peak RAM Train=43.88 MB  Peak RAM Test=204.197 MB
2026-06-01 10:25:47 | INFO | [ncluster=220/220] AUC-ROC=100.00%  AUC-PR=100.00%  F1=1.0000  MCC=1.0000  Train=3.103s  Test=19.017s  Peak RAM Train=43.881 MB  Peak RAM Test=206.765 MB
2026-06-01 10:25:47 | INFO | [ncluster=223/223] AUC-ROC=100.00%  AUC-PR=100.00%  F1=1.0000  MCC=1.0000  Train=1.981s  Test=21.342s  Peak RAM Train=43.888 MB  Peak RAM Test=209.333 MB
2026-06-01 10:25:47 | INFO | [ncluster=226/226] AUC-ROC=100.00%  AUC-PR=100.00%  F1=1.0000  MCC=1.0000  Train=3.208s  Test=13.032s  Peak RAM Train=43.886 MB  Peak RAM Test=211.901 MB
2026-06-01 10:25:47 | INFO | [ncluster=229/229] AUC-ROC=100.00%  AUC-PR=100.00%  F1=1.0000  MCC=1.0000  Train=3.560s  Test=22.908s  Peak RAM Train=43.887 MB  Peak RAM Test=214.469 MB
2026-06-01 10:25:47 | INFO | [ncluster=232/232] AUC-ROC=100.00%  AUC-PR=100.00%  F1=1.0000  MCC=1.0000  Train=2.896s  Test=19.309s  Peak RAM Train=43.887 MB  Peak RAM Test=217.037 MB
2026-06-01 10:25:47 | INFO | [ncluster=235/235] AUC-ROC=100.00%  AUC-PR=100.00%  F1=1.0000  MCC=1.0000  Train=1.661s  Test=11.628s  Peak RAM Train=43.887 MB  Peak RAM Test=219.605 MB
2026-06-01 10:25:47 | INFO | [ncluster=238/238] AUC-ROC=100.00%  AUC-PR=100.00%  F1=1.0000  MCC=1.0000  Train=3.825s  Test=20.235s  Peak RAM Train=43.885 MB  Peak RAM Test=222.173 MB
2026-06-01 10:25:47 | INFO | [ncluster=241/241] AUC-ROC=100.00%  AUC-PR=100.00%  F1=1.0000  MCC=1.0000  Train=2.356s  Test=20.335s  Peak RAM Train=43.894 MB  Peak RAM Test=224.741 MB
2026-06-01 10:25:47 | INFO | [ncluster=244/244] AUC-ROC=100.00%  AUC-PR=100.00%  F1=1.0000  MCC=1.0000  Train=2.020s  Test=16.445s  Peak RAM Train=43.892 MB  Peak RAM Test=227.309 MB
2026-06-01 10:25:47 | INFO | [ncluster=247/247] AUC-ROC=100.00%  AUC-PR=100.00%  F1=1.0000  MCC=1.0000  Train=1.422s  Test=14.933s  Peak RAM Train=43.891 MB  Peak RAM Test=229.877 MB
2026-06-01 10:25:47 | INFO | [ncluster=250/250] AUC-ROC=100.00%  AUC-PR=100.00%  F1=1.0000  MCC=1.0000  Train=3.216s  Test=14.673s  Peak RAM Train=43.891 MB  Peak RAM Test=232.445 MB
2026-06-01 10:25:47 | INFO | [ncluster=253/253] AUC-ROC=100.00%  AUC-PR=100.00%  F1=1.0000  MCC=1.0000  Train=2.744s  Test=10.689s  Peak RAM Train=43.897 MB  Peak RAM Test=235.013 MB
2026-06-01 10:25:47 | INFO | [ncluster=256/256] AUC-ROC=100.00%  AUC-PR=100.00%  F1=1.0000  MCC=1.0000  Train=1.845s  Test=12.058s  Peak RAM Train=43.894 MB  Peak RAM Test=237.581 MB
2026-06-01 10:25:47 | INFO | [ncluster=259/259] AUC-ROC=100.00%  AUC-PR=100.00%  F1=1.0000  MCC=1.0000  Train=1.565s  Test=19.480s  Peak RAM Train=43.892 MB  Peak RAM Test=240.149 MB
2026-06-01 10:25:47 | INFO | [ncluster=262/262] AUC-ROC=100.00%  AUC-PR=100.00%  F1=1.0000  MCC=1.0000  Train=2.114s  Test=11.428s  Peak RAM Train=43.894 MB  Peak RAM Test=242.717 MB
2026-06-01 10:25:47 | INFO | [ncluster=265/265] AUC-ROC=99.99%  AUC-PR=99.99%  F1=0.9999  MCC=0.9997  Train=1.501s  Test=18.123s  Peak RAM Train=43.896 MB  Peak RAM Test=245.285 MB
2026-06-01 10:25:47 | INFO | [ncluster=268/268] AUC-ROC=99.99%  AUC-PR=99.99%  F1=0.9999  MCC=0.9997  Train=2.290s  Test=16.333s  Peak RAM Train=43.899 MB  Peak RAM Test=247.853 MB
2026-06-01 10:25:47 | INFO | [ncluster=271/271] AUC-ROC=100.00%  AUC-PR=100.00%  F1=1.0000  MCC=1.0000  Train=2.091s  Test=6.938s  Peak RAM Train=43.898 MB  Peak RAM Test=250.421 MB
2026-06-01 10:25:47 | INFO | [ncluster=274/274] AUC-ROC=99.99%  AUC-PR=99.99%  F1=0.9999  MCC=0.9997  Train=1.562s  Test=11.339s  Peak RAM Train=43.896 MB  Peak RAM Test=252.989 MB
2026-06-01 10:25:47 | INFO | [ncluster=277/277] AUC-ROC=99.99%  AUC-PR=99.99%  F1=0.9999  MCC=0.9997  Train=0.765s  Test=6.640s  Peak RAM Train=43.896 MB  Peak RAM Test=255.557 MB
2026-06-01 10:25:47 | INFO | [ncluster=280/280] AUC-ROC=99.99%  AUC-PR=99.99%  F1=0.9999  MCC=0.9997  Train=1.433s  Test=6.904s  Peak RAM Train=43.897 MB  Peak RAM Test=258.125 MB
2026-06-01 10:25:47 | INFO | [ncluster=283/283] AUC-ROC=99.99%  AUC-PR=99.99%  F1=0.9999  MCC=0.9997  Train=0.676s  Test=5.731s  Peak RAM Train=43.901 MB  Peak RAM Test=260.693 MB
2026-06-01 10:25:47 | INFO | [ncluster=286/286] AUC-ROC=99.99%  AUC-PR=99.99%  F1=0.9999  MCC=0.9997  Train=0.675s  Test=6.048s  Peak RAM Train=43.897 MB  Peak RAM Test=263.261 MB
2026-06-01 10:25:47 | INFO | [ncluster=289/289] AUC-ROC=99.99%  AUC-PR=99.99%  F1=0.9999  MCC=0.9997  Train=1.373s  Test=5.853s  Peak RAM Train=43.899 MB  Peak RAM Test=265.829 MB
2026-06-01 10:25:47 | INFO | [ncluster=292/292] AUC-ROC=99.99%  AUC-PR=99.99%  F1=0.9999  MCC=0.9997  Train=0.445s  Test=4.440s  Peak RAM Train=43.9 MB  Peak RAM Test=268.397 MB
2026-06-01 10:25:47 | INFO | [ncluster=295/295] AUC-ROC=99.99%  AUC-PR=99.99%  F1=0.9999  MCC=0.9997  Train=0.268s  Test=4.642s  Peak RAM Train=43.901 MB  Peak RAM Test=270.965 MB
2026-06-01 10:25:47 | INFO | [ncluster=298/298] AUC-ROC=99.99%  AUC-PR=99.99%  F1=0.9999  MCC=0.9997  Train=1.132s  Test=11.500s  Peak RAM Train=43.9 MB  Peak RAM Test=273.533 MB
2026-06-01 10:25:47 | INFO | --- noise=1% ---
2026-06-01 10:25:47 | INFO | ============================================================
2026-06-01 10:25:47 | INFO | Dataset  : Train_MinMaxScaler_data_EdgeIIoTset.csv
2026-06-01 10:25:47 | INFO | Scaler   : MinMaxScaler
2026-06-01 10:25:47 | INFO | Noise    : 1%
2026-06-01 10:25:47 | INFO | nClusters: 100 values (1..298)
2026-06-01 10:25:47 | INFO | K-Means  : Standard KMeans
2026-06-01 10:25:47 | INFO | ============================================================
2026-06-01 10:25:48 | INFO | Loaded Raw Shape -> Train: (30000, 53), Test: (30000, 53)
2026-06-01 10:25:48 | INFO | Training size : 30,300  |  Testing size: 29,700  |  Features: 52
2026-06-01 10:25:48 | INFO | Firing up Parallel execution for 100 cluster configs...
2026-06-01 10:32:16 | INFO | [ncluster=1/1] AUC-ROC=98.96%  AUC-PR=99.05%  F1=0.9681  MCC=0.9379  Train=4.050s  Test=0.143s  Peak RAM Train=44.27 MB  Peak RAM Test=14.705 MB
2026-06-01 10:32:16 | INFO | [ncluster=4/4] AUC-ROC=99.07%  AUC-PR=99.15%  F1=0.9689  MCC=0.9397  Train=5.094s  Test=0.619s  Peak RAM Train=44.272 MB  Peak RAM Test=14.951 MB
2026-06-01 10:32:16 | INFO | [ncluster=7/7] AUC-ROC=94.74%  AUC-PR=96.33%  F1=0.9228  MCC=0.8414  Train=5.158s  Test=0.479s  Peak RAM Train=44.275 MB  Peak RAM Test=14.955 MB
2026-06-01 10:32:16 | INFO | [ncluster=10/10] AUC-ROC=99.79%  AUC-PR=99.82%  F1=0.9805  MCC=0.9610  Train=1.704s  Test=1.679s  Peak RAM Train=44.275 MB  Peak RAM Test=15.201 MB
2026-06-01 10:32:16 | INFO | [ncluster=13/13] AUC-ROC=99.82%  AUC-PR=99.84%  F1=0.9916  MCC=0.9830  Train=5.749s  Test=2.445s  Peak RAM Train=44.277 MB  Peak RAM Test=16.972 MB
2026-06-01 10:32:16 | INFO | [ncluster=16/16] AUC-ROC=99.33%  AUC-PR=98.54%  F1=0.9806  MCC=0.9608  Train=2.029s  Test=1.232s  Peak RAM Train=44.28 MB  Peak RAM Test=19.54 MB
2026-06-01 10:32:16 | INFO | [ncluster=19/19] AUC-ROC=99.90%  AUC-PR=99.93%  F1=0.9991  MCC=0.9982  Train=4.276s  Test=1.655s  Peak RAM Train=44.28 MB  Peak RAM Test=22.108 MB
2026-06-01 10:32:16 | INFO | [ncluster=22/22] AUC-ROC=99.41%  AUC-PR=98.71%  F1=0.9895  MCC=0.9787  Train=5.292s  Test=3.746s  Peak RAM Train=44.279 MB  Peak RAM Test=24.676 MB
2026-06-01 10:32:16 | INFO | [ncluster=25/25] AUC-ROC=93.01%  AUC-PR=90.18%  F1=0.8901  MCC=0.7817  Train=5.056s  Test=2.906s  Peak RAM Train=44.282 MB  Peak RAM Test=27.244 MB
2026-06-01 10:32:16 | INFO | [ncluster=28/28] AUC-ROC=94.99%  AUC-PR=91.40%  F1=0.9194  MCC=0.8416  Train=4.365s  Test=2.533s  Peak RAM Train=44.284 MB  Peak RAM Test=29.812 MB
2026-06-01 10:32:16 | INFO | [ncluster=31/31] AUC-ROC=97.36%  AUC-PR=96.48%  F1=0.9396  MCC=0.8773  Train=4.530s  Test=3.468s  Peak RAM Train=44.284 MB  Peak RAM Test=32.38 MB
2026-06-01 10:32:16 | INFO | [ncluster=34/34] AUC-ROC=92.80%  AUC-PR=90.26%  F1=0.8915  MCC=0.7801  Train=4.736s  Test=3.489s  Peak RAM Train=44.287 MB  Peak RAM Test=34.948 MB
2026-06-01 10:32:16 | INFO | [ncluster=37/37] AUC-ROC=90.33%  AUC-PR=89.76%  F1=0.8551  MCC=0.7255  Train=4.436s  Test=2.395s  Peak RAM Train=44.28 MB  Peak RAM Test=37.516 MB
2026-06-01 10:32:16 | INFO | [ncluster=40/40] AUC-ROC=90.03%  AUC-PR=89.57%  F1=0.8156  MCC=0.6419  Train=2.860s  Test=2.415s  Peak RAM Train=44.288 MB  Peak RAM Test=40.084 MB
2026-06-01 10:32:16 | INFO | [ncluster=43/43] AUC-ROC=96.98%  AUC-PR=95.90%  F1=0.9403  MCC=0.8772  Train=5.221s  Test=3.763s  Peak RAM Train=44.288 MB  Peak RAM Test=42.652 MB
2026-06-01 10:32:16 | INFO | [ncluster=46/46] AUC-ROC=92.76%  AUC-PR=93.00%  F1=0.8627  MCC=0.7321  Train=5.375s  Test=5.306s  Peak RAM Train=44.289 MB  Peak RAM Test=45.22 MB
2026-06-01 10:32:16 | INFO | [ncluster=49/49] AUC-ROC=92.86%  AUC-PR=92.55%  F1=0.8563  MCC=0.7191  Train=5.105s  Test=4.948s  Peak RAM Train=44.288 MB  Peak RAM Test=47.788 MB
2026-06-01 10:32:16 | INFO | [ncluster=52/52] AUC-ROC=96.28%  AUC-PR=95.03%  F1=0.9226  MCC=0.8409  Train=3.489s  Test=5.332s  Peak RAM Train=44.289 MB  Peak RAM Test=50.356 MB
2026-06-01 10:32:16 | INFO | [ncluster=55/55] AUC-ROC=96.98%  AUC-PR=96.18%  F1=0.9326  MCC=0.8640  Train=4.825s  Test=7.543s  Peak RAM Train=44.291 MB  Peak RAM Test=52.924 MB
2026-06-01 10:32:16 | INFO | [ncluster=58/58] AUC-ROC=95.93%  AUC-PR=95.02%  F1=0.9097  MCC=0.8126  Train=5.208s  Test=7.006s  Peak RAM Train=44.293 MB  Peak RAM Test=55.492 MB
2026-06-01 10:32:16 | INFO | [ncluster=61/61] AUC-ROC=96.96%  AUC-PR=95.89%  F1=0.9396  MCC=0.8761  Train=1.692s  Test=4.652s  Peak RAM Train=44.291 MB  Peak RAM Test=58.06 MB
2026-06-01 10:32:16 | INFO | [ncluster=64/64] AUC-ROC=97.75%  AUC-PR=97.03%  F1=0.9465  MCC=0.8904  Train=4.850s  Test=6.730s  Peak RAM Train=44.294 MB  Peak RAM Test=60.628 MB
2026-06-01 10:32:16 | INFO | [ncluster=67/67] AUC-ROC=97.37%  AUC-PR=96.54%  F1=0.9433  MCC=0.8841  Train=5.448s  Test=7.209s  Peak RAM Train=44.293 MB  Peak RAM Test=63.196 MB
2026-06-01 10:32:16 | INFO | [ncluster=70/70] AUC-ROC=97.75%  AUC-PR=96.82%  F1=0.9541  MCC=0.9067  Train=2.633s  Test=6.643s  Peak RAM Train=44.291 MB  Peak RAM Test=65.764 MB
2026-06-01 10:32:16 | INFO | [ncluster=73/73] AUC-ROC=99.44%  AUC-PR=99.20%  F1=0.9848  MCC=0.9692  Train=4.174s  Test=7.106s  Peak RAM Train=44.293 MB  Peak RAM Test=68.332 MB
2026-06-01 10:32:16 | INFO | [ncluster=76/76] AUC-ROC=99.51%  AUC-PR=99.45%  F1=0.9769  MCC=0.9530  Train=5.361s  Test=8.611s  Peak RAM Train=44.29 MB  Peak RAM Test=70.9 MB
2026-06-01 10:32:16 | INFO | [ncluster=79/79] AUC-ROC=96.75%  AUC-PR=96.12%  F1=0.9363  MCC=0.8690  Train=5.411s  Test=8.660s  Peak RAM Train=44.296 MB  Peak RAM Test=73.468 MB
2026-06-01 10:32:16 | INFO | [ncluster=82/82] AUC-ROC=98.01%  AUC-PR=97.45%  F1=0.9558  MCC=0.9097  Train=5.034s  Test=8.854s  Peak RAM Train=44.299 MB  Peak RAM Test=76.036 MB
2026-06-01 10:32:16 | INFO | [ncluster=85/85] AUC-ROC=97.54%  AUC-PR=97.10%  F1=0.9428  MCC=0.8827  Train=5.922s  Test=7.184s  Peak RAM Train=44.298 MB  Peak RAM Test=78.604 MB
2026-06-01 10:32:16 | INFO | [ncluster=88/88] AUC-ROC=96.95%  AUC-PR=96.41%  F1=0.9405  MCC=0.8778  Train=4.922s  Test=9.087s  Peak RAM Train=44.3 MB  Peak RAM Test=81.172 MB
2026-06-01 10:32:16 | INFO | [ncluster=91/91] AUC-ROC=96.69%  AUC-PR=95.58%  F1=0.9341  MCC=0.8647  Train=2.662s  Test=10.372s  Peak RAM Train=44.298 MB  Peak RAM Test=83.74 MB
2026-06-01 10:32:16 | INFO | [ncluster=94/94] AUC-ROC=95.76%  AUC-PR=94.29%  F1=0.9307  MCC=0.8574  Train=3.961s  Test=13.663s  Peak RAM Train=44.297 MB  Peak RAM Test=86.308 MB
2026-06-01 10:32:16 | INFO | [ncluster=97/97] AUC-ROC=98.50%  AUC-PR=98.11%  F1=0.9563  MCC=0.9116  Train=4.876s  Test=10.559s  Peak RAM Train=44.296 MB  Peak RAM Test=88.876 MB
2026-06-01 10:32:16 | INFO | [ncluster=100/100] AUC-ROC=96.61%  AUC-PR=95.50%  F1=0.9379  MCC=0.8726  Train=2.850s  Test=13.497s  Peak RAM Train=44.294 MB  Peak RAM Test=91.444 MB
2026-06-01 10:32:16 | INFO | [ncluster=103/103] AUC-ROC=98.07%  AUC-PR=97.31%  F1=0.9557  MCC=0.9100  Train=3.509s  Test=11.541s  Peak RAM Train=44.298 MB  Peak RAM Test=94.012 MB
2026-06-01 10:32:16 | INFO | [ncluster=106/106] AUC-ROC=97.34%  AUC-PR=96.62%  F1=0.9380  MCC=0.8728  Train=1.978s  Test=8.109s  Peak RAM Train=44.301 MB  Peak RAM Test=96.58 MB
2026-06-01 10:32:16 | INFO | [ncluster=109/109] AUC-ROC=98.12%  AUC-PR=97.63%  F1=0.9587  MCC=0.9157  Train=4.429s  Test=8.537s  Peak RAM Train=44.297 MB  Peak RAM Test=99.148 MB
2026-06-01 10:32:16 | INFO | [ncluster=112/112] AUC-ROC=98.03%  AUC-PR=97.76%  F1=0.9500  MCC=0.8974  Train=3.555s  Test=10.809s  Peak RAM Train=44.305 MB  Peak RAM Test=101.716 MB
2026-06-01 10:32:16 | INFO | [ncluster=115/115] AUC-ROC=99.18%  AUC-PR=99.01%  F1=0.9672  MCC=0.9335  Train=3.560s  Test=10.167s  Peak RAM Train=44.303 MB  Peak RAM Test=104.284 MB
2026-06-01 10:32:16 | INFO | [ncluster=118/118] AUC-ROC=98.93%  AUC-PR=98.68%  F1=0.9609  MCC=0.9206  Train=2.977s  Test=15.713s  Peak RAM Train=44.304 MB  Peak RAM Test=106.852 MB
2026-06-01 10:32:16 | INFO | [ncluster=121/121] AUC-ROC=96.87%  AUC-PR=95.97%  F1=0.9429  MCC=0.8827  Train=5.263s  Test=11.773s  Peak RAM Train=44.304 MB  Peak RAM Test=109.42 MB
2026-06-01 10:32:16 | INFO | [ncluster=124/124] AUC-ROC=98.12%  AUC-PR=97.68%  F1=0.9601  MCC=0.9186  Train=5.011s  Test=12.735s  Peak RAM Train=44.305 MB  Peak RAM Test=111.988 MB
2026-06-01 10:32:16 | INFO | [ncluster=127/127] AUC-ROC=97.52%  AUC-PR=96.57%  F1=0.9498  MCC=0.8972  Train=4.282s  Test=14.571s  Peak RAM Train=44.305 MB  Peak RAM Test=114.556 MB
2026-06-01 10:32:16 | INFO | [ncluster=130/130] AUC-ROC=96.46%  AUC-PR=95.63%  F1=0.9341  MCC=0.8644  Train=2.105s  Test=12.109s  Peak RAM Train=44.307 MB  Peak RAM Test=117.124 MB
2026-06-01 10:32:16 | INFO | [ncluster=133/133] AUC-ROC=97.37%  AUC-PR=96.74%  F1=0.9446  MCC=0.8866  Train=3.416s  Test=12.577s  Peak RAM Train=44.301 MB  Peak RAM Test=119.692 MB
2026-06-01 10:32:16 | INFO | [ncluster=136/136] AUC-ROC=98.55%  AUC-PR=98.28%  F1=0.9566  MCC=0.9123  Train=5.877s  Test=11.491s  Peak RAM Train=44.308 MB  Peak RAM Test=122.26 MB
2026-06-01 10:32:16 | INFO | [ncluster=139/139] AUC-ROC=95.70%  AUC-PR=93.96%  F1=0.9271  MCC=0.8494  Train=5.296s  Test=12.512s  Peak RAM Train=44.308 MB  Peak RAM Test=124.828 MB
2026-06-01 10:32:16 | INFO | [ncluster=142/142] AUC-ROC=97.60%  AUC-PR=97.19%  F1=0.9292  MCC=0.8542  Train=3.595s  Test=17.939s  Peak RAM Train=44.306 MB  Peak RAM Test=127.396 MB
2026-06-01 10:32:16 | INFO | [ncluster=145/145] AUC-ROC=98.95%  AUC-PR=98.75%  F1=0.9600  MCC=0.9197  Train=2.874s  Test=13.268s  Peak RAM Train=44.311 MB  Peak RAM Test=129.964 MB
2026-06-01 10:32:16 | INFO | [ncluster=148/148] AUC-ROC=97.96%  AUC-PR=97.66%  F1=0.9310  MCC=0.8578  Train=4.227s  Test=12.735s  Peak RAM Train=44.309 MB  Peak RAM Test=132.532 MB
2026-06-01 10:32:16 | INFO | [ncluster=151/151] AUC-ROC=96.49%  AUC-PR=95.96%  F1=0.9227  MCC=0.8403  Train=6.292s  Test=20.313s  Peak RAM Train=44.31 MB  Peak RAM Test=135.1 MB
2026-06-01 10:32:16 | INFO | [ncluster=154/154] AUC-ROC=97.29%  AUC-PR=96.97%  F1=0.9302  MCC=0.8560  Train=4.669s  Test=20.039s  Peak RAM Train=44.309 MB  Peak RAM Test=137.668 MB
2026-06-01 10:32:16 | INFO | [ncluster=157/157] AUC-ROC=97.34%  AUC-PR=96.86%  F1=0.9400  MCC=0.8766  Train=1.816s  Test=14.817s  Peak RAM Train=44.309 MB  Peak RAM Test=140.236 MB
2026-06-01 10:32:16 | INFO | [ncluster=160/160] AUC-ROC=98.28%  AUC-PR=98.17%  F1=0.9555  MCC=0.9098  Train=4.438s  Test=16.486s  Peak RAM Train=44.312 MB  Peak RAM Test=142.804 MB
2026-06-01 10:32:16 | INFO | [ncluster=163/163] AUC-ROC=97.01%  AUC-PR=96.50%  F1=0.9370  MCC=0.8707  Train=4.724s  Test=17.879s  Peak RAM Train=44.311 MB  Peak RAM Test=145.372 MB
2026-06-01 10:32:16 | INFO | [ncluster=166/166] AUC-ROC=97.20%  AUC-PR=96.69%  F1=0.9378  MCC=0.8721  Train=3.557s  Test=17.346s  Peak RAM Train=44.312 MB  Peak RAM Test=147.94 MB
2026-06-01 10:32:16 | INFO | [ncluster=169/169] AUC-ROC=97.59%  AUC-PR=97.19%  F1=0.9426  MCC=0.8824  Train=3.311s  Test=16.960s  Peak RAM Train=44.313 MB  Peak RAM Test=150.508 MB
2026-06-01 10:32:16 | INFO | [ncluster=172/172] AUC-ROC=95.74%  AUC-PR=93.67%  F1=0.9253  MCC=0.8458  Train=5.023s  Test=17.964s  Peak RAM Train=44.314 MB  Peak RAM Test=153.076 MB
2026-06-01 10:32:16 | INFO | [ncluster=175/175] AUC-ROC=98.01%  AUC-PR=97.96%  F1=0.9500  MCC=0.8976  Train=4.778s  Test=17.848s  Peak RAM Train=44.311 MB  Peak RAM Test=155.644 MB
2026-06-01 10:32:16 | INFO | [ncluster=178/178] AUC-ROC=98.05%  AUC-PR=97.85%  F1=0.9469  MCC=0.8923  Train=6.028s  Test=17.345s  Peak RAM Train=44.317 MB  Peak RAM Test=158.212 MB
2026-06-01 10:32:16 | INFO | [ncluster=181/181] AUC-ROC=98.83%  AUC-PR=98.76%  F1=0.9614  MCC=0.9218  Train=5.558s  Test=18.328s  Peak RAM Train=44.312 MB  Peak RAM Test=160.78 MB
2026-06-01 10:32:16 | INFO | [ncluster=184/184] AUC-ROC=99.60%  AUC-PR=99.64%  F1=0.9787  MCC=0.9574  Train=5.996s  Test=16.436s  Peak RAM Train=44.313 MB  Peak RAM Test=163.348 MB
2026-06-01 10:32:16 | INFO | [ncluster=187/187] AUC-ROC=99.50%  AUC-PR=99.50%  F1=0.9769  MCC=0.9537  Train=3.148s  Test=17.870s  Peak RAM Train=44.317 MB  Peak RAM Test=165.916 MB
2026-06-01 10:32:16 | INFO | [ncluster=190/190] AUC-ROC=98.42%  AUC-PR=98.31%  F1=0.9561  MCC=0.9107  Train=4.058s  Test=19.583s  Peak RAM Train=44.317 MB  Peak RAM Test=168.484 MB
2026-06-01 10:32:16 | INFO | [ncluster=193/193] AUC-ROC=97.08%  AUC-PR=95.45%  F1=0.9508  MCC=0.8993  Train=5.569s  Test=18.786s  Peak RAM Train=44.319 MB  Peak RAM Test=171.052 MB
2026-06-01 10:32:16 | INFO | [ncluster=196/196] AUC-ROC=99.18%  AUC-PR=98.98%  F1=0.9734  MCC=0.9465  Train=3.712s  Test=15.856s  Peak RAM Train=44.313 MB  Peak RAM Test=173.62 MB
2026-06-01 10:32:16 | INFO | [ncluster=199/199] AUC-ROC=98.95%  AUC-PR=98.94%  F1=0.9551  MCC=0.9089  Train=3.920s  Test=13.822s  Peak RAM Train=44.318 MB  Peak RAM Test=176.188 MB
2026-06-01 10:32:16 | INFO | [ncluster=202/202] AUC-ROC=98.76%  AUC-PR=98.53%  F1=0.9583  MCC=0.9149  Train=4.117s  Test=18.923s  Peak RAM Train=44.315 MB  Peak RAM Test=178.756 MB
2026-06-01 10:32:16 | INFO | [ncluster=205/205] AUC-ROC=97.32%  AUC-PR=96.30%  F1=0.9500  MCC=0.8976  Train=4.782s  Test=19.842s  Peak RAM Train=44.315 MB  Peak RAM Test=181.324 MB
2026-06-01 10:32:16 | INFO | [ncluster=208/208] AUC-ROC=98.92%  AUC-PR=98.89%  F1=0.9635  MCC=0.9263  Train=5.317s  Test=17.830s  Peak RAM Train=44.322 MB  Peak RAM Test=183.892 MB
2026-06-01 10:32:16 | INFO | [ncluster=211/211] AUC-ROC=98.13%  AUC-PR=97.38%  F1=0.9593  MCC=0.9171  Train=4.850s  Test=30.329s  Peak RAM Train=44.32 MB  Peak RAM Test=186.46 MB
2026-06-01 10:32:16 | INFO | [ncluster=214/214] AUC-ROC=99.30%  AUC-PR=99.24%  F1=0.9712  MCC=0.9421  Train=5.056s  Test=13.267s  Peak RAM Train=44.324 MB  Peak RAM Test=189.028 MB
2026-06-01 10:32:16 | INFO | [ncluster=217/217] AUC-ROC=99.13%  AUC-PR=98.96%  F1=0.9672  MCC=0.9339  Train=2.824s  Test=16.509s  Peak RAM Train=44.323 MB  Peak RAM Test=191.596 MB
2026-06-01 10:32:16 | INFO | [ncluster=220/220] AUC-ROC=98.13%  AUC-PR=97.47%  F1=0.9569  MCC=0.9124  Train=4.253s  Test=19.690s  Peak RAM Train=44.322 MB  Peak RAM Test=194.164 MB
2026-06-01 10:32:16 | INFO | [ncluster=223/223] AUC-ROC=97.96%  AUC-PR=97.16%  F1=0.9573  MCC=0.9129  Train=4.091s  Test=21.087s  Peak RAM Train=44.326 MB  Peak RAM Test=196.732 MB
2026-06-01 10:32:16 | INFO | [ncluster=226/226] AUC-ROC=98.54%  AUC-PR=97.95%  F1=0.9665  MCC=0.9321  Train=3.996s  Test=21.234s  Peak RAM Train=44.328 MB  Peak RAM Test=199.3 MB
2026-06-01 10:32:16 | INFO | [ncluster=229/229] AUC-ROC=98.22%  AUC-PR=97.78%  F1=0.9464  MCC=0.8937  Train=4.190s  Test=20.700s  Peak RAM Train=44.325 MB  Peak RAM Test=201.868 MB
2026-06-01 10:32:16 | INFO | [ncluster=232/232] AUC-ROC=97.91%  AUC-PR=96.69%  F1=0.9542  MCC=0.9064  Train=1.861s  Test=18.714s  Peak RAM Train=44.319 MB  Peak RAM Test=204.436 MB
2026-06-01 10:32:16 | INFO | [ncluster=235/235] AUC-ROC=98.86%  AUC-PR=98.57%  F1=0.9662  MCC=0.9312  Train=2.383s  Test=19.629s  Peak RAM Train=44.327 MB  Peak RAM Test=207.004 MB
2026-06-01 10:32:16 | INFO | [ncluster=238/238] AUC-ROC=98.61%  AUC-PR=98.09%  F1=0.9675  MCC=0.9342  Train=4.765s  Test=19.056s  Peak RAM Train=44.326 MB  Peak RAM Test=209.572 MB
2026-06-01 10:32:16 | INFO | [ncluster=241/241] AUC-ROC=98.68%  AUC-PR=98.46%  F1=0.9679  MCC=0.9346  Train=5.482s  Test=19.557s  Peak RAM Train=44.326 MB  Peak RAM Test=212.14 MB
2026-06-01 10:32:16 | INFO | [ncluster=244/244] AUC-ROC=98.52%  AUC-PR=97.70%  F1=0.9683  MCC=0.9357  Train=4.283s  Test=18.256s  Peak RAM Train=44.33 MB  Peak RAM Test=214.708 MB
2026-06-01 10:32:16 | INFO | [ncluster=247/247] AUC-ROC=98.08%  AUC-PR=97.20%  F1=0.9616  MCC=0.9217  Train=2.907s  Test=17.620s  Peak RAM Train=44.329 MB  Peak RAM Test=217.276 MB
2026-06-01 10:32:16 | INFO | [ncluster=250/250] AUC-ROC=98.68%  AUC-PR=98.31%  F1=0.9699  MCC=0.9388  Train=2.924s  Test=13.078s  Peak RAM Train=44.328 MB  Peak RAM Test=219.844 MB
2026-06-01 10:32:16 | INFO | [ncluster=253/253] AUC-ROC=98.27%  AUC-PR=97.40%  F1=0.9668  MCC=0.9325  Train=3.951s  Test=15.523s  Peak RAM Train=44.329 MB  Peak RAM Test=222.412 MB
2026-06-01 10:32:16 | INFO | [ncluster=256/256] AUC-ROC=98.88%  AUC-PR=98.41%  F1=0.9733  MCC=0.9457  Train=3.110s  Test=16.387s  Peak RAM Train=44.33 MB  Peak RAM Test=224.98 MB
2026-06-01 10:32:16 | INFO | [ncluster=259/259] AUC-ROC=98.05%  AUC-PR=97.45%  F1=0.9407  MCC=0.8810  Train=2.537s  Test=18.293s  Peak RAM Train=44.332 MB  Peak RAM Test=227.548 MB
2026-06-01 10:32:16 | INFO | [ncluster=262/262] AUC-ROC=98.55%  AUC-PR=97.81%  F1=0.9723  MCC=0.9437  Train=2.916s  Test=18.603s  Peak RAM Train=44.336 MB  Peak RAM Test=230.116 MB
2026-06-01 10:32:16 | INFO | [ncluster=265/265] AUC-ROC=99.27%  AUC-PR=99.07%  F1=0.9789  MCC=0.9572  Train=2.510s  Test=15.587s  Peak RAM Train=44.329 MB  Peak RAM Test=232.684 MB
2026-06-01 10:32:16 | INFO | [ncluster=268/268] AUC-ROC=98.64%  AUC-PR=97.84%  F1=0.9668  MCC=0.9323  Train=1.672s  Test=15.213s  Peak RAM Train=44.333 MB  Peak RAM Test=235.252 MB
2026-06-01 10:32:16 | INFO | [ncluster=271/271] AUC-ROC=98.37%  AUC-PR=97.62%  F1=0.9630  MCC=0.9249  Train=1.936s  Test=16.122s  Peak RAM Train=44.337 MB  Peak RAM Test=237.82 MB
2026-06-01 10:32:16 | INFO | [ncluster=274/274] AUC-ROC=98.66%  AUC-PR=98.06%  F1=0.9685  MCC=0.9359  Train=3.343s  Test=12.798s  Peak RAM Train=44.339 MB  Peak RAM Test=240.388 MB
2026-06-01 10:32:16 | INFO | [ncluster=277/277] AUC-ROC=97.57%  AUC-PR=96.40%  F1=0.9526  MCC=0.9031  Train=2.078s  Test=10.136s  Peak RAM Train=44.336 MB  Peak RAM Test=242.956 MB
2026-06-01 10:32:16 | INFO | [ncluster=280/280] AUC-ROC=98.41%  AUC-PR=97.83%  F1=0.9591  MCC=0.9165  Train=1.803s  Test=15.881s  Peak RAM Train=44.334 MB  Peak RAM Test=245.524 MB
2026-06-01 10:32:16 | INFO | [ncluster=283/283] AUC-ROC=98.42%  AUC-PR=97.38%  F1=0.9669  MCC=0.9327  Train=2.751s  Test=13.266s  Peak RAM Train=44.332 MB  Peak RAM Test=248.092 MB
2026-06-01 10:32:16 | INFO | [ncluster=286/286] AUC-ROC=98.27%  AUC-PR=97.54%  F1=0.9663  MCC=0.9316  Train=2.706s  Test=16.630s  Peak RAM Train=44.335 MB  Peak RAM Test=250.66 MB
2026-06-01 10:32:16 | INFO | [ncluster=289/289] AUC-ROC=97.80%  AUC-PR=96.91%  F1=0.9526  MCC=0.9031  Train=2.440s  Test=11.615s  Peak RAM Train=44.337 MB  Peak RAM Test=253.228 MB
2026-06-01 10:32:16 | INFO | [ncluster=292/292] AUC-ROC=98.61%  AUC-PR=97.69%  F1=0.9711  MCC=0.9411  Train=2.047s  Test=12.793s  Peak RAM Train=44.339 MB  Peak RAM Test=255.796 MB
2026-06-01 10:32:16 | INFO | [ncluster=295/295] AUC-ROC=99.07%  AUC-PR=98.66%  F1=0.9741  MCC=0.9472  Train=1.327s  Test=5.133s  Peak RAM Train=44.334 MB  Peak RAM Test=258.364 MB
2026-06-01 10:32:16 | INFO | [ncluster=298/298] AUC-ROC=98.68%  AUC-PR=97.69%  F1=0.9715  MCC=0.9419  Train=1.858s  Test=10.230s  Peak RAM Train=44.34 MB  Peak RAM Test=260.932 MB
2026-06-01 10:32:16 | INFO | --- noise=3% ---
2026-06-01 10:32:16 | INFO | ============================================================
2026-06-01 10:32:16 | INFO | Dataset  : Train_MinMaxScaler_data_EdgeIIoTset.csv
2026-06-01 10:32:16 | INFO | Scaler   : MinMaxScaler
2026-06-01 10:32:16 | INFO | Noise    : 3%
2026-06-01 10:32:16 | INFO | nClusters: 100 values (1..298)
2026-06-01 10:32:16 | INFO | K-Means  : Standard KMeans
2026-06-01 10:32:16 | INFO | ============================================================
2026-06-01 10:32:16 | INFO | Loaded Raw Shape -> Train: (30000, 53), Test: (30000, 53)
2026-06-01 10:32:16 | INFO | Training size : 30,900  |  Testing size: 29,100  |  Features: 52
2026-06-01 10:32:16 | INFO | Firing up Parallel execution for 100 cluster configs...
2026-06-01 10:38:44 | INFO | [ncluster=1/1] AUC-ROC=94.82%  AUC-PR=93.60%  F1=0.9124  MCC=0.8147  Train=2.993s  Test=0.175s  Peak RAM Train=45.145 MB  Peak RAM Test=15.003 MB
2026-06-01 10:38:44 | INFO | [ncluster=4/4] AUC-ROC=89.19%  AUC-PR=88.72%  F1=0.8865  MCC=0.7569  Train=3.379s  Test=0.374s  Peak RAM Train=45.152 MB  Peak RAM Test=15.013 MB
2026-06-01 10:38:44 | INFO | [ncluster=7/7] AUC-ROC=88.20%  AUC-PR=87.68%  F1=0.8823  MCC=0.7470  Train=4.134s  Test=0.784s  Peak RAM Train=45.154 MB  Peak RAM Test=15.519 MB
2026-06-01 10:38:44 | INFO | [ncluster=10/10] AUC-ROC=82.54%  AUC-PR=81.15%  F1=0.8175  MCC=0.6084  Train=3.390s  Test=0.799s  Peak RAM Train=45.154 MB  Peak RAM Test=15.529 MB
2026-06-01 10:38:44 | INFO | [ncluster=13/13] AUC-ROC=80.44%  AUC-PR=69.49%  F1=0.8693  MCC=0.7216  Train=3.173s  Test=1.007s  Peak RAM Train=45.152 MB  Peak RAM Test=16.972 MB
2026-06-01 10:38:44 | INFO | [ncluster=16/16] AUC-ROC=77.35%  AUC-PR=64.59%  F1=0.8377  MCC=0.6430  Train=3.456s  Test=1.269s  Peak RAM Train=45.153 MB  Peak RAM Test=19.54 MB
2026-06-01 10:38:44 | INFO | [ncluster=19/19] AUC-ROC=82.42%  AUC-PR=71.34%  F1=0.8404  MCC=0.6489  Train=2.643s  Test=1.444s  Peak RAM Train=45.152 MB  Peak RAM Test=22.108 MB
2026-06-01 10:38:44 | INFO | [ncluster=22/22] AUC-ROC=83.72%  AUC-PR=72.07%  F1=0.8385  MCC=0.6443  Train=4.060s  Test=1.810s  Peak RAM Train=45.157 MB  Peak RAM Test=24.676 MB
2026-06-01 10:38:44 | INFO | [ncluster=25/25] AUC-ROC=74.73%  AUC-PR=63.83%  F1=0.7919  MCC=0.5265  Train=3.355s  Test=2.040s  Peak RAM Train=45.158 MB  Peak RAM Test=27.244 MB
2026-06-01 10:38:44 | INFO | [ncluster=28/28] AUC-ROC=72.02%  AUC-PR=60.97%  F1=0.7805  MCC=0.4948  Train=2.954s  Test=1.675s  Peak RAM Train=45.157 MB  Peak RAM Test=29.812 MB
2026-06-01 10:38:44 | INFO | [ncluster=31/31] AUC-ROC=69.66%  AUC-PR=58.27%  F1=0.8016  MCC=0.5587  Train=2.893s  Test=2.264s  Peak RAM Train=45.156 MB  Peak RAM Test=32.38 MB
2026-06-01 10:38:44 | INFO | [ncluster=34/34] AUC-ROC=65.97%  AUC-PR=57.98%  F1=0.7657  MCC=0.4633  Train=2.958s  Test=2.402s  Peak RAM Train=45.157 MB  Peak RAM Test=34.948 MB
2026-06-01 10:38:44 | INFO | [ncluster=37/37] AUC-ROC=65.59%  AUC-PR=56.96%  F1=0.7740  MCC=0.4835  Train=2.455s  Test=2.280s  Peak RAM Train=45.163 MB  Peak RAM Test=37.516 MB
2026-06-01 10:38:44 | INFO | [ncluster=40/40] AUC-ROC=74.80%  AUC-PR=65.41%  F1=0.7806  MCC=0.4971  Train=2.604s  Test=2.664s  Peak RAM Train=45.162 MB  Peak RAM Test=40.084 MB
2026-06-01 10:38:44 | INFO | [ncluster=43/43] AUC-ROC=65.54%  AUC-PR=56.05%  F1=0.7579  MCC=0.4305  Train=2.474s  Test=3.695s  Peak RAM Train=45.163 MB  Peak RAM Test=42.652 MB
2026-06-01 10:38:44 | INFO | [ncluster=46/46] AUC-ROC=79.90%  AUC-PR=68.92%  F1=0.8270  MCC=0.6164  Train=2.073s  Test=2.037s  Peak RAM Train=45.164 MB  Peak RAM Test=45.22 MB
2026-06-01 10:38:44 | INFO | [ncluster=49/49] AUC-ROC=71.94%  AUC-PR=62.99%  F1=0.7706  MCC=0.4764  Train=3.028s  Test=2.795s  Peak RAM Train=45.164 MB  Peak RAM Test=47.788 MB
2026-06-01 10:38:44 | INFO | [ncluster=52/52] AUC-ROC=81.15%  AUC-PR=70.21%  F1=0.8148  MCC=0.5951  Train=2.279s  Test=2.324s  Peak RAM Train=45.161 MB  Peak RAM Test=50.356 MB
2026-06-01 10:38:44 | INFO | [ncluster=55/55] AUC-ROC=85.65%  AUC-PR=76.76%  F1=0.8674  MCC=0.7134  Train=2.614s  Test=3.498s  Peak RAM Train=45.164 MB  Peak RAM Test=52.924 MB
2026-06-01 10:38:44 | INFO | [ncluster=58/58] AUC-ROC=92.00%  AUC-PR=86.86%  F1=0.8906  MCC=0.7673  Train=3.067s  Test=2.601s  Peak RAM Train=45.166 MB  Peak RAM Test=55.492 MB
2026-06-01 10:38:44 | INFO | [ncluster=61/61] AUC-ROC=84.97%  AUC-PR=77.39%  F1=0.8347  MCC=0.6404  Train=3.655s  Test=3.752s  Peak RAM Train=45.168 MB  Peak RAM Test=58.06 MB
2026-06-01 10:38:44 | INFO | [ncluster=64/64] AUC-ROC=93.12%  AUC-PR=89.80%  F1=0.8978  MCC=0.7817  Train=3.265s  Test=3.916s  Peak RAM Train=45.166 MB  Peak RAM Test=60.628 MB
2026-06-01 10:38:44 | INFO | [ncluster=67/67] AUC-ROC=92.39%  AUC-PR=88.37%  F1=0.8926  MCC=0.7700  Train=2.361s  Test=4.139s  Peak RAM Train=45.167 MB  Peak RAM Test=63.196 MB
2026-06-01 10:38:44 | INFO | [ncluster=70/70] AUC-ROC=82.37%  AUC-PR=74.38%  F1=0.7871  MCC=0.5504  Train=2.537s  Test=4.582s  Peak RAM Train=45.171 MB  Peak RAM Test=65.764 MB
2026-06-01 10:38:44 | INFO | [ncluster=73/73] AUC-ROC=83.04%  AUC-PR=75.53%  F1=0.7854  MCC=0.5539  Train=2.361s  Test=4.721s  Peak RAM Train=45.167 MB  Peak RAM Test=68.332 MB
2026-06-01 10:38:44 | INFO | [ncluster=76/76] AUC-ROC=80.92%  AUC-PR=71.42%  F1=0.7959  MCC=0.5595  Train=3.318s  Test=5.985s  Peak RAM Train=45.167 MB  Peak RAM Test=70.9 MB
2026-06-01 10:38:44 | INFO | [ncluster=79/79] AUC-ROC=90.77%  AUC-PR=84.69%  F1=0.8819  MCC=0.7471  Train=2.331s  Test=3.657s  Peak RAM Train=45.167 MB  Peak RAM Test=73.468 MB
2026-06-01 10:38:44 | INFO | [ncluster=82/82] AUC-ROC=81.56%  AUC-PR=72.41%  F1=0.8185  MCC=0.5948  Train=2.773s  Test=9.235s  Peak RAM Train=45.166 MB  Peak RAM Test=76.036 MB
2026-06-01 10:38:44 | INFO | [ncluster=85/85] AUC-ROC=85.47%  AUC-PR=77.36%  F1=0.8625  MCC=0.7022  Train=3.761s  Test=9.672s  Peak RAM Train=45.17 MB  Peak RAM Test=78.604 MB
2026-06-01 10:38:44 | INFO | [ncluster=88/88] AUC-ROC=76.72%  AUC-PR=65.40%  F1=0.8021  MCC=0.5529  Train=2.471s  Test=9.430s  Peak RAM Train=45.171 MB  Peak RAM Test=81.172 MB
2026-06-01 10:38:44 | INFO | [ncluster=91/91] AUC-ROC=93.88%  AUC-PR=92.57%  F1=0.8847  MCC=0.7548  Train=3.674s  Test=10.305s  Peak RAM Train=45.17 MB  Peak RAM Test=83.74 MB
2026-06-01 10:38:44 | INFO | [ncluster=94/94] AUC-ROC=88.72%  AUC-PR=83.81%  F1=0.8808  MCC=0.7435  Train=5.366s  Test=8.460s  Peak RAM Train=45.175 MB  Peak RAM Test=86.308 MB
2026-06-01 10:38:44 | INFO | [ncluster=97/97] AUC-ROC=88.34%  AUC-PR=82.96%  F1=0.8770  MCC=0.7363  Train=4.967s  Test=11.739s  Peak RAM Train=45.168 MB  Peak RAM Test=88.876 MB
2026-06-01 10:38:44 | INFO | [ncluster=100/100] AUC-ROC=87.69%  AUC-PR=82.43%  F1=0.8677  MCC=0.7148  Train=3.398s  Test=7.903s  Peak RAM Train=45.175 MB  Peak RAM Test=91.444 MB
2026-06-01 10:38:44 | INFO | [ncluster=103/103] AUC-ROC=77.60%  AUC-PR=70.76%  F1=0.7885  MCC=0.5201  Train=4.679s  Test=12.185s  Peak RAM Train=45.174 MB  Peak RAM Test=94.012 MB
2026-06-01 10:38:44 | INFO | [ncluster=106/106] AUC-ROC=76.21%  AUC-PR=66.43%  F1=0.8014  MCC=0.5542  Train=3.059s  Test=8.611s  Peak RAM Train=45.176 MB  Peak RAM Test=96.58 MB
2026-06-01 10:38:44 | INFO | [ncluster=109/109] AUC-ROC=82.30%  AUC-PR=75.05%  F1=0.8192  MCC=0.5993  Train=5.779s  Test=13.261s  Peak RAM Train=45.173 MB  Peak RAM Test=99.148 MB
2026-06-01 10:38:44 | INFO | [ncluster=112/112] AUC-ROC=86.39%  AUC-PR=80.37%  F1=0.8665  MCC=0.7117  Train=4.848s  Test=15.058s  Peak RAM Train=45.174 MB  Peak RAM Test=101.716 MB
2026-06-01 10:38:44 | INFO | [ncluster=115/115] AUC-ROC=79.56%  AUC-PR=72.36%  F1=0.8161  MCC=0.5916  Train=4.140s  Test=11.098s  Peak RAM Train=45.173 MB  Peak RAM Test=104.284 MB
2026-06-01 10:38:44 | INFO | [ncluster=118/118] AUC-ROC=80.10%  AUC-PR=73.99%  F1=0.7582  MCC=0.4929  Train=3.966s  Test=8.121s  Peak RAM Train=45.178 MB  Peak RAM Test=106.852 MB
2026-06-01 10:38:44 | INFO | [ncluster=121/121] AUC-ROC=80.67%  AUC-PR=73.32%  F1=0.7650  MCC=0.5149  Train=3.791s  Test=12.370s  Peak RAM Train=45.179 MB  Peak RAM Test=109.42 MB
2026-06-01 10:38:44 | INFO | [ncluster=124/124] AUC-ROC=78.36%  AUC-PR=69.75%  F1=0.8009  MCC=0.5525  Train=5.538s  Test=12.000s  Peak RAM Train=45.179 MB  Peak RAM Test=111.988 MB
2026-06-01 10:38:44 | INFO | [ncluster=127/127] AUC-ROC=82.35%  AUC-PR=77.41%  F1=0.7856  MCC=0.5489  Train=2.661s  Test=11.940s  Peak RAM Train=45.178 MB  Peak RAM Test=114.556 MB
2026-06-01 10:38:44 | INFO | [ncluster=130/130] AUC-ROC=81.51%  AUC-PR=75.21%  F1=0.7676  MCC=0.5148  Train=2.753s  Test=12.567s  Peak RAM Train=45.177 MB  Peak RAM Test=117.124 MB
2026-06-01 10:38:44 | INFO | [ncluster=133/133] AUC-ROC=77.05%  AUC-PR=70.23%  F1=0.7919  MCC=0.5292  Train=5.399s  Test=12.080s  Peak RAM Train=45.18 MB  Peak RAM Test=119.692 MB
2026-06-01 10:38:44 | INFO | [ncluster=136/136] AUC-ROC=74.69%  AUC-PR=65.34%  F1=0.7971  MCC=0.5436  Train=4.962s  Test=14.350s  Peak RAM Train=45.182 MB  Peak RAM Test=122.26 MB
2026-06-01 10:38:44 | INFO | [ncluster=139/139] AUC-ROC=79.22%  AUC-PR=72.97%  F1=0.7593  MCC=0.4728  Train=4.489s  Test=19.120s  Peak RAM Train=45.183 MB  Peak RAM Test=124.828 MB
2026-06-01 10:38:44 | INFO | [ncluster=142/142] AUC-ROC=76.47%  AUC-PR=68.69%  F1=0.7920  MCC=0.5299  Train=2.073s  Test=13.231s  Peak RAM Train=45.184 MB  Peak RAM Test=127.396 MB
2026-06-01 10:38:44 | INFO | [ncluster=145/145] AUC-ROC=79.81%  AUC-PR=74.78%  F1=0.7989  MCC=0.5476  Train=3.446s  Test=15.528s  Peak RAM Train=45.181 MB  Peak RAM Test=129.964 MB
2026-06-01 10:38:44 | INFO | [ncluster=148/148] AUC-ROC=76.39%  AUC-PR=69.05%  F1=0.7531  MCC=0.4542  Train=5.961s  Test=14.609s  Peak RAM Train=45.186 MB  Peak RAM Test=132.532 MB
2026-06-01 10:38:44 | INFO | [ncluster=151/151] AUC-ROC=76.17%  AUC-PR=70.39%  F1=0.7497  MCC=0.4394  Train=4.603s  Test=8.438s  Peak RAM Train=45.183 MB  Peak RAM Test=135.1 MB
2026-06-01 10:38:44 | INFO | [ncluster=154/154] AUC-ROC=82.62%  AUC-PR=78.76%  F1=0.8122  MCC=0.5814  Train=5.512s  Test=8.214s  Peak RAM Train=45.184 MB  Peak RAM Test=137.668 MB
2026-06-01 10:38:44 | INFO | [ncluster=157/157] AUC-ROC=82.83%  AUC-PR=78.97%  F1=0.8116  MCC=0.5799  Train=3.586s  Test=13.065s  Peak RAM Train=45.185 MB  Peak RAM Test=140.236 MB
2026-06-01 10:38:44 | INFO | [ncluster=160/160] AUC-ROC=82.75%  AUC-PR=79.36%  F1=0.8076  MCC=0.5695  Train=6.475s  Test=17.495s  Peak RAM Train=45.185 MB  Peak RAM Test=142.804 MB
2026-06-01 10:38:44 | INFO | [ncluster=163/163] AUC-ROC=81.30%  AUC-PR=77.71%  F1=0.8006  MCC=0.5514  Train=3.036s  Test=11.945s  Peak RAM Train=45.189 MB  Peak RAM Test=145.372 MB
2026-06-01 10:38:44 | INFO | [ncluster=166/166] AUC-ROC=80.19%  AUC-PR=76.27%  F1=0.7986  MCC=0.5458  Train=5.758s  Test=12.373s  Peak RAM Train=45.183 MB  Peak RAM Test=147.94 MB
2026-06-01 10:38:44 | INFO | [ncluster=169/169] AUC-ROC=80.96%  AUC-PR=77.58%  F1=0.7996  MCC=0.5490  Train=4.919s  Test=17.718s  Peak RAM Train=45.188 MB  Peak RAM Test=150.508 MB
2026-06-01 10:38:44 | INFO | [ncluster=172/172] AUC-ROC=80.78%  AUC-PR=77.70%  F1=0.7941  MCC=0.5340  Train=5.017s  Test=16.386s  Peak RAM Train=45.19 MB  Peak RAM Test=153.076 MB
2026-06-01 10:38:44 | INFO | [ncluster=175/175] AUC-ROC=80.98%  AUC-PR=77.33%  F1=0.7621  MCC=0.4750  Train=3.860s  Test=17.369s  Peak RAM Train=45.188 MB  Peak RAM Test=155.644 MB
2026-06-01 10:38:44 | INFO | [ncluster=178/178] AUC-ROC=81.14%  AUC-PR=77.10%  F1=0.7987  MCC=0.5480  Train=5.807s  Test=16.046s  Peak RAM Train=45.186 MB  Peak RAM Test=158.212 MB
2026-06-01 10:38:44 | INFO | [ncluster=181/181] AUC-ROC=78.91%  AUC-PR=73.00%  F1=0.7515  MCC=0.4596  Train=6.312s  Test=20.245s  Peak RAM Train=45.189 MB  Peak RAM Test=160.78 MB
2026-06-01 10:38:44 | INFO | [ncluster=184/184] AUC-ROC=83.32%  AUC-PR=78.41%  F1=0.8184  MCC=0.5992  Train=4.244s  Test=16.705s  Peak RAM Train=45.192 MB  Peak RAM Test=163.348 MB
2026-06-01 10:38:44 | INFO | [ncluster=187/187] AUC-ROC=77.71%  AUC-PR=71.94%  F1=0.7483  MCC=0.4339  Train=4.366s  Test=13.956s  Peak RAM Train=45.188 MB  Peak RAM Test=165.916 MB
2026-06-01 10:38:44 | INFO | [ncluster=190/190] AUC-ROC=93.24%  AUC-PR=89.99%  F1=0.9005  MCC=0.7888  Train=5.676s  Test=18.588s  Peak RAM Train=45.198 MB  Peak RAM Test=168.484 MB
2026-06-01 10:38:44 | INFO | [ncluster=193/193] AUC-ROC=83.06%  AUC-PR=79.01%  F1=0.7730  MCC=0.5380  Train=2.347s  Test=20.805s  Peak RAM Train=45.188 MB  Peak RAM Test=171.052 MB
2026-06-01 10:38:44 | INFO | [ncluster=196/196] AUC-ROC=82.27%  AUC-PR=77.69%  F1=0.7759  MCC=0.5373  Train=2.937s  Test=20.659s  Peak RAM Train=45.196 MB  Peak RAM Test=173.62 MB
2026-06-01 10:38:44 | INFO | [ncluster=199/199] AUC-ROC=83.57%  AUC-PR=78.55%  F1=0.7799  MCC=0.5354  Train=4.066s  Test=14.935s  Peak RAM Train=45.196 MB  Peak RAM Test=176.188 MB
2026-06-01 10:38:44 | INFO | [ncluster=202/202] AUC-ROC=83.43%  AUC-PR=79.11%  F1=0.7896  MCC=0.5650  Train=4.901s  Test=14.438s  Peak RAM Train=45.194 MB  Peak RAM Test=178.756 MB
2026-06-01 10:38:44 | INFO | [ncluster=205/205] AUC-ROC=84.19%  AUC-PR=80.49%  F1=0.7926  MCC=0.5805  Train=2.836s  Test=25.039s  Peak RAM Train=45.199 MB  Peak RAM Test=181.324 MB
2026-06-01 10:38:44 | INFO | [ncluster=208/208] AUC-ROC=84.81%  AUC-PR=80.86%  F1=0.8075  MCC=0.6050  Train=4.609s  Test=23.279s  Peak RAM Train=45.195 MB  Peak RAM Test=183.892 MB
2026-06-01 10:38:44 | INFO | [ncluster=211/211] AUC-ROC=85.39%  AUC-PR=81.61%  F1=0.8104  MCC=0.6086  Train=4.586s  Test=24.866s  Peak RAM Train=45.191 MB  Peak RAM Test=186.46 MB
2026-06-01 10:38:44 | INFO | [ncluster=214/214] AUC-ROC=85.45%  AUC-PR=81.81%  F1=0.8093  MCC=0.6068  Train=3.860s  Test=18.866s  Peak RAM Train=45.194 MB  Peak RAM Test=189.028 MB
2026-06-01 10:38:44 | INFO | [ncluster=217/217] AUC-ROC=85.59%  AUC-PR=82.23%  F1=0.8040  MCC=0.6003  Train=3.254s  Test=20.913s  Peak RAM Train=45.195 MB  Peak RAM Test=191.596 MB
2026-06-01 10:38:44 | INFO | [ncluster=220/220] AUC-ROC=85.56%  AUC-PR=82.09%  F1=0.8053  MCC=0.6028  Train=1.925s  Test=22.388s  Peak RAM Train=45.199 MB  Peak RAM Test=194.164 MB
2026-06-01 10:38:44 | INFO | [ncluster=223/223] AUC-ROC=84.80%  AUC-PR=80.68%  F1=0.8043  MCC=0.5975  Train=2.946s  Test=22.600s  Peak RAM Train=45.198 MB  Peak RAM Test=196.732 MB
2026-06-01 10:38:44 | INFO | [ncluster=226/226] AUC-ROC=86.66%  AUC-PR=83.66%  F1=0.8146  MCC=0.6268  Train=3.899s  Test=26.019s  Peak RAM Train=45.2 MB  Peak RAM Test=199.3 MB
2026-06-01 10:38:44 | INFO | [ncluster=229/229] AUC-ROC=85.98%  AUC-PR=83.14%  F1=0.8109  MCC=0.6089  Train=4.599s  Test=14.932s  Peak RAM Train=45.198 MB  Peak RAM Test=201.868 MB
2026-06-01 10:38:44 | INFO | [ncluster=232/232] AUC-ROC=81.40%  AUC-PR=76.81%  F1=0.7771  MCC=0.5350  Train=4.778s  Test=20.538s  Peak RAM Train=45.202 MB  Peak RAM Test=204.436 MB
2026-06-01 10:38:44 | INFO | [ncluster=235/235] AUC-ROC=86.43%  AUC-PR=82.96%  F1=0.8299  MCC=0.6249  Train=5.657s  Test=17.852s  Peak RAM Train=45.203 MB  Peak RAM Test=207.004 MB
2026-06-01 10:38:44 | INFO | [ncluster=238/238] AUC-ROC=87.52%  AUC-PR=83.85%  F1=0.8236  MCC=0.6414  Train=2.741s  Test=21.735s  Peak RAM Train=45.2 MB  Peak RAM Test=209.572 MB
2026-06-01 10:38:44 | INFO | [ncluster=241/241] AUC-ROC=87.55%  AUC-PR=84.01%  F1=0.8243  MCC=0.6407  Train=4.124s  Test=21.448s  Peak RAM Train=45.203 MB  Peak RAM Test=212.14 MB
2026-06-01 10:38:44 | INFO | [ncluster=244/244] AUC-ROC=86.69%  AUC-PR=82.38%  F1=0.8123  MCC=0.6154  Train=4.048s  Test=21.039s  Peak RAM Train=45.205 MB  Peak RAM Test=214.708 MB
2026-06-01 10:38:44 | INFO | [ncluster=247/247] AUC-ROC=87.50%  AUC-PR=84.43%  F1=0.8137  MCC=0.6239  Train=5.506s  Test=19.946s  Peak RAM Train=45.204 MB  Peak RAM Test=217.276 MB
2026-06-01 10:38:44 | INFO | [ncluster=250/250] AUC-ROC=88.65%  AUC-PR=85.95%  F1=0.8349  MCC=0.6708  Train=4.131s  Test=16.965s  Peak RAM Train=45.205 MB  Peak RAM Test=219.844 MB
2026-06-01 10:38:44 | INFO | [ncluster=253/253] AUC-ROC=83.10%  AUC-PR=78.53%  F1=0.7896  MCC=0.5665  Train=3.301s  Test=24.056s  Peak RAM Train=45.204 MB  Peak RAM Test=222.412 MB
2026-06-01 10:38:44 | INFO | [ncluster=256/256] AUC-ROC=85.34%  AUC-PR=79.52%  F1=0.8055  MCC=0.5947  Train=4.893s  Test=19.129s  Peak RAM Train=45.206 MB  Peak RAM Test=224.98 MB
2026-06-01 10:38:44 | INFO | [ncluster=259/259] AUC-ROC=88.79%  AUC-PR=86.10%  F1=0.8328  MCC=0.6618  Train=3.043s  Test=23.504s  Peak RAM Train=45.202 MB  Peak RAM Test=227.548 MB
2026-06-01 10:38:44 | INFO | [ncluster=262/262] AUC-ROC=89.82%  AUC-PR=86.52%  F1=0.8393  MCC=0.6786  Train=3.615s  Test=16.207s  Peak RAM Train=45.209 MB  Peak RAM Test=230.116 MB
2026-06-01 10:38:44 | INFO | [ncluster=265/265] AUC-ROC=90.63%  AUC-PR=88.08%  F1=0.8423  MCC=0.6856  Train=3.916s  Test=23.272s  Peak RAM Train=45.208 MB  Peak RAM Test=232.684 MB
2026-06-01 10:38:44 | INFO | [ncluster=268/268] AUC-ROC=88.07%  AUC-PR=84.62%  F1=0.8385  MCC=0.6679  Train=3.560s  Test=19.295s  Peak RAM Train=45.211 MB  Peak RAM Test=235.252 MB
2026-06-01 10:38:44 | INFO | [ncluster=271/271] AUC-ROC=96.11%  AUC-PR=94.50%  F1=0.9318  MCC=0.8566  Train=4.379s  Test=22.566s  Peak RAM Train=45.211 MB  Peak RAM Test=237.82 MB
2026-06-01 10:38:44 | INFO | [ncluster=274/274] AUC-ROC=88.18%  AUC-PR=85.34%  F1=0.8292  MCC=0.6510  Train=2.995s  Test=23.510s  Peak RAM Train=45.212 MB  Peak RAM Test=240.388 MB
2026-06-01 10:38:44 | INFO | [ncluster=277/277] AUC-ROC=88.08%  AUC-PR=85.12%  F1=0.8243  MCC=0.6453  Train=1.953s  Test=18.376s  Peak RAM Train=45.205 MB  Peak RAM Test=242.956 MB
2026-06-01 10:38:44 | INFO | [ncluster=280/280] AUC-ROC=81.25%  AUC-PR=76.38%  F1=0.7917  MCC=0.5542  Train=3.264s  Test=19.268s  Peak RAM Train=45.213 MB  Peak RAM Test=245.524 MB
2026-06-01 10:38:44 | INFO | [ncluster=283/283] AUC-ROC=88.67%  AUC-PR=86.41%  F1=0.8248  MCC=0.6446  Train=3.530s  Test=20.690s  Peak RAM Train=45.208 MB  Peak RAM Test=248.092 MB
2026-06-01 10:38:44 | INFO | [ncluster=286/286] AUC-ROC=82.05%  AUC-PR=79.20%  F1=0.7757  MCC=0.5328  Train=4.189s  Test=17.222s  Peak RAM Train=45.215 MB  Peak RAM Test=250.66 MB
2026-06-01 10:38:44 | INFO | [ncluster=289/289] AUC-ROC=94.15%  AUC-PR=92.38%  F1=0.9101  MCC=0.8089  Train=3.113s  Test=16.350s  Peak RAM Train=45.215 MB  Peak RAM Test=253.228 MB
2026-06-01 10:38:44 | INFO | [ncluster=292/292] AUC-ROC=89.12%  AUC-PR=87.12%  F1=0.8209  MCC=0.6379  Train=3.670s  Test=12.990s  Peak RAM Train=45.21 MB  Peak RAM Test=255.796 MB
2026-06-01 10:38:44 | INFO | [ncluster=295/295] AUC-ROC=90.97%  AUC-PR=87.75%  F1=0.8800  MCC=0.7414  Train=2.241s  Test=10.323s  Peak RAM Train=45.217 MB  Peak RAM Test=258.364 MB
2026-06-01 10:38:44 | INFO | [ncluster=298/298] AUC-ROC=91.84%  AUC-PR=87.86%  F1=0.9058  MCC=0.7994  Train=2.728s  Test=14.901s  Peak RAM Train=45.218 MB  Peak RAM Test=260.932 MB
2026-06-01 10:38:44 | INFO | --- noise=5% ---
2026-06-01 10:38:44 | INFO | ============================================================
2026-06-01 10:38:44 | INFO | Dataset  : Train_MinMaxScaler_data_EdgeIIoTset.csv
2026-06-01 10:38:44 | INFO | Scaler   : MinMaxScaler
2026-06-01 10:38:44 | INFO | Noise    : 5%
2026-06-01 10:38:44 | INFO | nClusters: 100 values (1..298)
2026-06-01 10:38:44 | INFO | K-Means  : Standard KMeans
2026-06-01 10:38:44 | INFO | ============================================================
2026-06-01 10:38:46 | INFO | Loaded Raw Shape -> Train: (30000, 53), Test: (30000, 53)
2026-06-01 10:38:46 | INFO | Training size : 31,500  |  Testing size: 28,500  |  Features: 52
2026-06-01 10:38:46 | INFO | Firing up Parallel execution for 100 cluster configs...
2026-06-01 10:45:04 | INFO | [ncluster=1/1] AUC-ROC=93.11%  AUC-PR=91.73%  F1=0.8996  MCC=0.7806  Train=3.687s  Test=0.090s  Peak RAM Train=46.022 MB  Peak RAM Test=14.796 MB
2026-06-01 10:45:04 | INFO | [ncluster=4/4] AUC-ROC=81.81%  AUC-PR=81.16%  F1=0.7599  MCC=0.5055  Train=4.836s  Test=0.365s  Peak RAM Train=46.025 MB  Peak RAM Test=14.814 MB
2026-06-01 10:45:04 | INFO | [ncluster=7/7] AUC-ROC=81.06%  AUC-PR=80.13%  F1=0.8059  MCC=0.5731  Train=3.979s  Test=0.397s  Peak RAM Train=46.028 MB  Peak RAM Test=15.084 MB
2026-06-01 10:45:04 | INFO | [ncluster=10/10] AUC-ROC=79.64%  AUC-PR=76.16%  F1=0.8119  MCC=0.5841  Train=3.958s  Test=0.473s  Peak RAM Train=46.026 MB  Peak RAM Test=15.606 MB
2026-06-01 10:45:04 | INFO | [ncluster=13/13] AUC-ROC=56.88%  AUC-PR=56.59%  F1=0.7496  MCC=0.3851  Train=4.450s  Test=1.200s  Peak RAM Train=46.03 MB  Peak RAM Test=16.972 MB
2026-06-01 10:45:04 | INFO | [ncluster=16/16] AUC-ROC=58.20%  AUC-PR=56.61%  F1=0.7192  MCC=0.3297  Train=3.665s  Test=1.448s  Peak RAM Train=46.035 MB  Peak RAM Test=19.54 MB
2026-06-01 10:45:04 | INFO | [ncluster=19/19] AUC-ROC=54.49%  AUC-PR=52.15%  F1=0.7115  MCC=0.3016  Train=4.125s  Test=1.521s  Peak RAM Train=46.036 MB  Peak RAM Test=22.108 MB
2026-06-01 10:45:04 | INFO | [ncluster=22/22] AUC-ROC=65.18%  AUC-PR=62.02%  F1=0.6402  MCC=0.2957  Train=3.347s  Test=1.785s  Peak RAM Train=46.033 MB  Peak RAM Test=24.676 MB
2026-06-01 10:45:04 | INFO | [ncluster=25/25] AUC-ROC=68.58%  AUC-PR=66.56%  F1=0.6449  MCC=0.4088  Train=3.754s  Test=1.622s  Peak RAM Train=46.028 MB  Peak RAM Test=27.244 MB
2026-06-01 10:45:04 | INFO | [ncluster=28/28] AUC-ROC=71.64%  AUC-PR=66.82%  F1=0.7354  MCC=0.3661  Train=4.706s  Test=2.795s  Peak RAM Train=46.039 MB  Peak RAM Test=29.812 MB
2026-06-01 10:45:04 | INFO | [ncluster=31/31] AUC-ROC=75.38%  AUC-PR=69.48%  F1=0.7095  MCC=0.4700  Train=4.090s  Test=2.176s  Peak RAM Train=46.039 MB  Peak RAM Test=32.38 MB
2026-06-01 10:45:04 | INFO | [ncluster=34/34] AUC-ROC=80.20%  AUC-PR=70.77%  F1=0.7991  MCC=0.5505  Train=3.538s  Test=2.635s  Peak RAM Train=46.038 MB  Peak RAM Test=34.948 MB
2026-06-01 10:45:04 | INFO | [ncluster=37/37] AUC-ROC=80.08%  AUC-PR=70.86%  F1=0.7828  MCC=0.5141  Train=3.847s  Test=4.157s  Peak RAM Train=46.037 MB  Peak RAM Test=37.516 MB
2026-06-01 10:45:04 | INFO | [ncluster=40/40] AUC-ROC=78.71%  AUC-PR=71.35%  F1=0.7547  MCC=0.4831  Train=4.070s  Test=3.336s  Peak RAM Train=46.042 MB  Peak RAM Test=40.084 MB
2026-06-01 10:45:04 | INFO | [ncluster=43/43] AUC-ROC=82.59%  AUC-PR=74.39%  F1=0.8297  MCC=0.6161  Train=3.730s  Test=3.890s  Peak RAM Train=46.041 MB  Peak RAM Test=42.652 MB
2026-06-01 10:45:04 | INFO | [ncluster=46/46] AUC-ROC=88.70%  AUC-PR=81.25%  F1=0.8877  MCC=0.7529  Train=3.831s  Test=4.067s  Peak RAM Train=46.042 MB  Peak RAM Test=45.22 MB
2026-06-01 10:45:04 | INFO | [ncluster=49/49] AUC-ROC=77.64%  AUC-PR=68.94%  F1=0.8061  MCC=0.5575  Train=3.618s  Test=5.751s  Peak RAM Train=46.039 MB  Peak RAM Test=47.788 MB
2026-06-01 10:45:04 | INFO | [ncluster=52/52] AUC-ROC=81.78%  AUC-PR=75.07%  F1=0.7982  MCC=0.5509  Train=4.706s  Test=6.795s  Peak RAM Train=46.042 MB  Peak RAM Test=50.356 MB
2026-06-01 10:45:04 | INFO | [ncluster=55/55] AUC-ROC=86.49%  AUC-PR=76.78%  F1=0.8841  MCC=0.7443  Train=5.311s  Test=5.876s  Peak RAM Train=46.042 MB  Peak RAM Test=52.924 MB
2026-06-01 10:45:04 | INFO | [ncluster=58/58] AUC-ROC=81.63%  AUC-PR=72.09%  F1=0.8329  MCC=0.6227  Train=4.920s  Test=6.528s  Peak RAM Train=46.037 MB  Peak RAM Test=55.492 MB
2026-06-01 10:45:04 | INFO | [ncluster=61/61] AUC-ROC=82.75%  AUC-PR=73.33%  F1=0.8513  MCC=0.6660  Train=4.711s  Test=6.864s  Peak RAM Train=46.046 MB  Peak RAM Test=58.06 MB
2026-06-01 10:45:04 | INFO | [ncluster=64/64] AUC-ROC=88.96%  AUC-PR=80.42%  F1=0.8964  MCC=0.7728  Train=3.244s  Test=8.253s  Peak RAM Train=46.043 MB  Peak RAM Test=60.628 MB
2026-06-01 10:45:04 | INFO | [ncluster=67/67] AUC-ROC=83.81%  AUC-PR=74.86%  F1=0.8454  MCC=0.6559  Train=3.367s  Test=5.268s  Peak RAM Train=46.046 MB  Peak RAM Test=63.196 MB
2026-06-01 10:45:04 | INFO | [ncluster=70/70] AUC-ROC=84.55%  AUC-PR=75.61%  F1=0.8632  MCC=0.6949  Train=3.117s  Test=6.052s  Peak RAM Train=46.048 MB  Peak RAM Test=65.764 MB
2026-06-01 10:45:04 | INFO | [ncluster=73/73] AUC-ROC=84.44%  AUC-PR=75.24%  F1=0.8590  MCC=0.6847  Train=2.875s  Test=8.139s  Peak RAM Train=46.05 MB  Peak RAM Test=68.332 MB
2026-06-01 10:45:04 | INFO | [ncluster=76/76] AUC-ROC=90.09%  AUC-PR=85.89%  F1=0.8906  MCC=0.7593  Train=4.245s  Test=8.082s  Peak RAM Train=46.039 MB  Peak RAM Test=70.9 MB
2026-06-01 10:45:04 | INFO | [ncluster=79/79] AUC-ROC=87.17%  AUC-PR=81.74%  F1=0.8544  MCC=0.6771  Train=4.246s  Test=8.471s  Peak RAM Train=46.046 MB  Peak RAM Test=73.468 MB
2026-06-01 10:45:04 | INFO | [ncluster=82/82] AUC-ROC=91.17%  AUC-PR=86.41%  F1=0.8948  MCC=0.7693  Train=3.247s  Test=7.506s  Peak RAM Train=46.043 MB  Peak RAM Test=76.036 MB
2026-06-01 10:45:04 | INFO | [ncluster=85/85] AUC-ROC=82.61%  AUC-PR=76.78%  F1=0.8297  MCC=0.6154  Train=3.314s  Test=6.498s  Peak RAM Train=46.051 MB  Peak RAM Test=78.604 MB
2026-06-01 10:45:04 | INFO | [ncluster=88/88] AUC-ROC=86.01%  AUC-PR=80.27%  F1=0.8548  MCC=0.6787  Train=3.739s  Test=7.994s  Peak RAM Train=46.045 MB  Peak RAM Test=81.172 MB
2026-06-01 10:45:04 | INFO | [ncluster=91/91] AUC-ROC=81.38%  AUC-PR=73.97%  F1=0.8275  MCC=0.6084  Train=2.729s  Test=4.623s  Peak RAM Train=46.052 MB  Peak RAM Test=83.74 MB
2026-06-01 10:45:04 | INFO | [ncluster=94/94] AUC-ROC=80.81%  AUC-PR=73.59%  F1=0.8295  MCC=0.6148  Train=4.073s  Test=9.295s  Peak RAM Train=46.048 MB  Peak RAM Test=86.308 MB
2026-06-01 10:45:04 | INFO | [ncluster=97/97] AUC-ROC=86.83%  AUC-PR=82.28%  F1=0.8588  MCC=0.6858  Train=3.468s  Test=8.085s  Peak RAM Train=46.05 MB  Peak RAM Test=88.876 MB
2026-06-01 10:45:04 | INFO | [ncluster=100/100] AUC-ROC=87.47%  AUC-PR=82.42%  F1=0.8677  MCC=0.7084  Train=2.084s  Test=3.698s  Peak RAM Train=46.047 MB  Peak RAM Test=91.444 MB
2026-06-01 10:45:04 | INFO | [ncluster=103/103] AUC-ROC=81.13%  AUC-PR=75.04%  F1=0.8259  MCC=0.6063  Train=3.609s  Test=7.121s  Peak RAM Train=46.05 MB  Peak RAM Test=94.012 MB
2026-06-01 10:45:04 | INFO | [ncluster=106/106] AUC-ROC=87.88%  AUC-PR=83.48%  F1=0.8745  MCC=0.7224  Train=4.015s  Test=7.239s  Peak RAM Train=46.048 MB  Peak RAM Test=96.58 MB
2026-06-01 10:45:04 | INFO | [ncluster=109/109] AUC-ROC=86.81%  AUC-PR=82.18%  F1=0.8596  MCC=0.6879  Train=4.598s  Test=8.586s  Peak RAM Train=46.05 MB  Peak RAM Test=99.148 MB
2026-06-01 10:45:04 | INFO | [ncluster=112/112] AUC-ROC=81.85%  AUC-PR=77.66%  F1=0.8257  MCC=0.6054  Train=2.739s  Test=9.594s  Peak RAM Train=46.049 MB  Peak RAM Test=101.716 MB
2026-06-01 10:45:04 | INFO | [ncluster=115/115] AUC-ROC=83.12%  AUC-PR=78.96%  F1=0.8393  MCC=0.6392  Train=2.632s  Test=9.633s  Peak RAM Train=46.056 MB  Peak RAM Test=104.284 MB
2026-06-01 10:45:04 | INFO | [ncluster=118/118] AUC-ROC=88.79%  AUC-PR=84.55%  F1=0.8821  MCC=0.7401  Train=3.366s  Test=6.506s  Peak RAM Train=46.05 MB  Peak RAM Test=106.852 MB
2026-06-01 10:45:04 | INFO | [ncluster=121/121] AUC-ROC=80.28%  AUC-PR=74.55%  F1=0.8279  MCC=0.6096  Train=3.687s  Test=8.374s  Peak RAM Train=46.054 MB  Peak RAM Test=109.42 MB
2026-06-01 10:45:04 | INFO | [ncluster=124/124] AUC-ROC=80.80%  AUC-PR=75.77%  F1=0.8275  MCC=0.6079  Train=2.690s  Test=5.831s  Peak RAM Train=46.056 MB  Peak RAM Test=111.988 MB
2026-06-01 10:45:04 | INFO | [ncluster=127/127] AUC-ROC=82.00%  AUC-PR=76.66%  F1=0.8392  MCC=0.6367  Train=3.568s  Test=10.795s  Peak RAM Train=46.056 MB  Peak RAM Test=114.556 MB
2026-06-01 10:45:04 | INFO | [ncluster=130/130] AUC-ROC=78.00%  AUC-PR=72.97%  F1=0.8164  MCC=0.5818  Train=3.275s  Test=7.212s  Peak RAM Train=46.056 MB  Peak RAM Test=117.124 MB
2026-06-01 10:45:04 | INFO | [ncluster=133/133] AUC-ROC=83.59%  AUC-PR=79.25%  F1=0.8364  MCC=0.6289  Train=1.801s  Test=8.146s  Peak RAM Train=46.058 MB  Peak RAM Test=119.692 MB
2026-06-01 10:45:04 | INFO | [ncluster=136/136] AUC-ROC=82.03%  AUC-PR=78.25%  F1=0.8241  MCC=0.6022  Train=3.133s  Test=7.944s  Peak RAM Train=46.058 MB  Peak RAM Test=122.26 MB
2026-06-01 10:45:04 | INFO | [ncluster=139/139] AUC-ROC=81.53%  AUC-PR=76.62%  F1=0.8268  MCC=0.6062  Train=5.039s  Test=9.970s  Peak RAM Train=46.059 MB  Peak RAM Test=124.828 MB
2026-06-01 10:45:04 | INFO | [ncluster=142/142] AUC-ROC=83.74%  AUC-PR=78.80%  F1=0.8365  MCC=0.6293  Train=2.619s  Test=6.356s  Peak RAM Train=46.058 MB  Peak RAM Test=127.396 MB
2026-06-01 10:45:04 | INFO | [ncluster=145/145] AUC-ROC=79.87%  AUC-PR=73.45%  F1=0.8182  MCC=0.5822  Train=2.740s  Test=10.388s  Peak RAM Train=46.061 MB  Peak RAM Test=129.964 MB
2026-06-01 10:45:04 | INFO | [ncluster=148/148] AUC-ROC=81.98%  AUC-PR=76.29%  F1=0.8373  MCC=0.6316  Train=1.955s  Test=8.258s  Peak RAM Train=46.06 MB  Peak RAM Test=132.532 MB
2026-06-01 10:45:04 | INFO | [ncluster=151/151] AUC-ROC=84.20%  AUC-PR=79.42%  F1=0.8441  MCC=0.6492  Train=3.640s  Test=7.760s  Peak RAM Train=46.062 MB  Peak RAM Test=135.1 MB
2026-06-01 10:45:04 | INFO | [ncluster=154/154] AUC-ROC=83.94%  AUC-PR=78.70%  F1=0.8311  MCC=0.6160  Train=2.362s  Test=10.790s  Peak RAM Train=46.063 MB  Peak RAM Test=137.668 MB
2026-06-01 10:45:04 | INFO | [ncluster=157/157] AUC-ROC=80.20%  AUC-PR=74.11%  F1=0.8227  MCC=0.5942  Train=2.237s  Test=8.588s  Peak RAM Train=46.062 MB  Peak RAM Test=140.236 MB
2026-06-01 10:45:04 | INFO | [ncluster=160/160] AUC-ROC=81.00%  AUC-PR=75.65%  F1=0.8234  MCC=0.5956  Train=2.574s  Test=9.310s  Peak RAM Train=46.062 MB  Peak RAM Test=142.804 MB
2026-06-01 10:45:04 | INFO | [ncluster=163/163] AUC-ROC=81.57%  AUC-PR=75.88%  F1=0.8333  MCC=0.6220  Train=2.266s  Test=8.885s  Peak RAM Train=46.065 MB  Peak RAM Test=145.372 MB
2026-06-01 10:45:04 | INFO | [ncluster=166/166] AUC-ROC=76.49%  AUC-PR=71.47%  F1=0.7842  MCC=0.4915  Train=3.648s  Test=14.069s  Peak RAM Train=46.065 MB  Peak RAM Test=147.94 MB
2026-06-01 10:45:04 | INFO | [ncluster=169/169] AUC-ROC=80.71%  AUC-PR=75.19%  F1=0.8079  MCC=0.5612  Train=3.585s  Test=22.264s  Peak RAM Train=46.065 MB  Peak RAM Test=150.508 MB
2026-06-01 10:45:04 | INFO | [ncluster=172/172] AUC-ROC=80.38%  AUC-PR=74.62%  F1=0.7998  MCC=0.5414  Train=2.147s  Test=6.190s  Peak RAM Train=46.064 MB  Peak RAM Test=153.076 MB
2026-06-01 10:45:04 | INFO | [ncluster=175/175] AUC-ROC=81.62%  AUC-PR=76.34%  F1=0.8188  MCC=0.5838  Train=2.774s  Test=11.273s  Peak RAM Train=46.061 MB  Peak RAM Test=155.644 MB
2026-06-01 10:45:04 | INFO | [ncluster=178/178] AUC-ROC=80.97%  AUC-PR=76.39%  F1=0.8181  MCC=0.5821  Train=2.816s  Test=17.453s  Peak RAM Train=46.062 MB  Peak RAM Test=158.212 MB
2026-06-01 10:45:04 | INFO | [ncluster=181/181] AUC-ROC=84.21%  AUC-PR=81.01%  F1=0.8233  MCC=0.5991  Train=2.338s  Test=14.525s  Peak RAM Train=46.068 MB  Peak RAM Test=160.78 MB
2026-06-01 10:45:04 | INFO | [ncluster=184/184] AUC-ROC=80.15%  AUC-PR=75.57%  F1=0.8098  MCC=0.5610  Train=3.769s  Test=7.615s  Peak RAM Train=46.068 MB  Peak RAM Test=163.348 MB
2026-06-01 10:45:04 | INFO | [ncluster=187/187] AUC-ROC=79.46%  AUC-PR=74.32%  F1=0.8098  MCC=0.5603  Train=4.540s  Test=16.584s  Peak RAM Train=46.064 MB  Peak RAM Test=165.916 MB
2026-06-01 10:45:04 | INFO | [ncluster=190/190] AUC-ROC=79.80%  AUC-PR=75.46%  F1=0.7949  MCC=0.5280  Train=2.852s  Test=13.185s  Peak RAM Train=46.069 MB  Peak RAM Test=168.484 MB
2026-06-01 10:45:04 | INFO | [ncluster=193/193] AUC-ROC=80.95%  AUC-PR=77.02%  F1=0.8141  MCC=0.5729  Train=4.532s  Test=16.150s  Peak RAM Train=46.071 MB  Peak RAM Test=171.052 MB
2026-06-01 10:45:04 | INFO | [ncluster=196/196] AUC-ROC=82.96%  AUC-PR=78.79%  F1=0.8244  MCC=0.6002  Train=4.249s  Test=17.238s  Peak RAM Train=46.073 MB  Peak RAM Test=173.62 MB
2026-06-01 10:45:04 | INFO | [ncluster=199/199] AUC-ROC=79.02%  AUC-PR=73.61%  F1=0.8101  MCC=0.5608  Train=3.213s  Test=15.280s  Peak RAM Train=46.066 MB  Peak RAM Test=176.188 MB
2026-06-01 10:45:04 | INFO | [ncluster=202/202] AUC-ROC=84.60%  AUC-PR=80.57%  F1=0.8430  MCC=0.6456  Train=4.838s  Test=25.445s  Peak RAM Train=46.067 MB  Peak RAM Test=178.756 MB
2026-06-01 10:45:04 | INFO | [ncluster=205/205] AUC-ROC=83.07%  AUC-PR=78.39%  F1=0.8286  MCC=0.6102  Train=5.593s  Test=28.184s  Peak RAM Train=46.07 MB  Peak RAM Test=181.324 MB
2026-06-01 10:45:05 | INFO | [ncluster=208/208] AUC-ROC=80.59%  AUC-PR=76.41%  F1=0.8088  MCC=0.5599  Train=5.383s  Test=22.068s  Peak RAM Train=46.071 MB  Peak RAM Test=183.892 MB
2026-06-01 10:45:05 | INFO | [ncluster=211/211] AUC-ROC=84.05%  AUC-PR=79.51%  F1=0.8425  MCC=0.6442  Train=3.359s  Test=29.582s  Peak RAM Train=46.072 MB  Peak RAM Test=186.46 MB
2026-06-01 10:45:05 | INFO | [ncluster=214/214] AUC-ROC=85.42%  AUC-PR=81.36%  F1=0.8447  MCC=0.6503  Train=5.647s  Test=18.114s  Peak RAM Train=46.073 MB  Peak RAM Test=189.028 MB
2026-06-01 10:45:05 | INFO | [ncluster=217/217] AUC-ROC=82.89%  AUC-PR=78.29%  F1=0.8274  MCC=0.6074  Train=4.958s  Test=16.940s  Peak RAM Train=46.075 MB  Peak RAM Test=191.596 MB
2026-06-01 10:45:05 | INFO | [ncluster=220/220] AUC-ROC=83.13%  AUC-PR=79.32%  F1=0.8306  MCC=0.6149  Train=4.836s  Test=17.503s  Peak RAM Train=46.076 MB  Peak RAM Test=194.164 MB
2026-06-01 10:45:05 | INFO | [ncluster=223/223] AUC-ROC=83.72%  AUC-PR=81.11%  F1=0.8355  MCC=0.6267  Train=5.507s  Test=25.788s  Peak RAM Train=46.077 MB  Peak RAM Test=196.732 MB
2026-06-01 10:45:05 | INFO | [ncluster=226/226] AUC-ROC=84.46%  AUC-PR=80.29%  F1=0.8471  MCC=0.6556  Train=4.162s  Test=16.796s  Peak RAM Train=46.076 MB  Peak RAM Test=199.3 MB
2026-06-01 10:45:05 | INFO | [ncluster=229/229] AUC-ROC=85.12%  AUC-PR=81.47%  F1=0.8369  MCC=0.6317  Train=4.532s  Test=20.133s  Peak RAM Train=46.077 MB  Peak RAM Test=201.868 MB
2026-06-01 10:45:05 | INFO | [ncluster=232/232] AUC-ROC=84.63%  AUC-PR=80.61%  F1=0.8455  MCC=0.6516  Train=5.017s  Test=17.365s  Peak RAM Train=46.079 MB  Peak RAM Test=204.436 MB
2026-06-01 10:45:05 | INFO | [ncluster=235/235] AUC-ROC=86.82%  AUC-PR=83.70%  F1=0.8543  MCC=0.6733  Train=4.854s  Test=13.954s  Peak RAM Train=46.078 MB  Peak RAM Test=207.004 MB
2026-06-01 10:45:05 | INFO | [ncluster=238/238] AUC-ROC=84.62%  AUC-PR=81.23%  F1=0.8368  MCC=0.6311  Train=5.112s  Test=19.079s  Peak RAM Train=46.079 MB  Peak RAM Test=209.572 MB
2026-06-01 10:45:05 | INFO | [ncluster=241/241] AUC-ROC=84.48%  AUC-PR=80.64%  F1=0.8472  MCC=0.6559  Train=4.086s  Test=25.204s  Peak RAM Train=46.081 MB  Peak RAM Test=212.14 MB
2026-06-01 10:45:05 | INFO | [ncluster=244/244] AUC-ROC=85.85%  AUC-PR=81.38%  F1=0.8520  MCC=0.6681  Train=4.359s  Test=20.089s  Peak RAM Train=46.082 MB  Peak RAM Test=214.708 MB
2026-06-01 10:45:05 | INFO | [ncluster=247/247] AUC-ROC=85.79%  AUC-PR=81.56%  F1=0.8521  MCC=0.6680  Train=3.368s  Test=16.843s  Peak RAM Train=46.08 MB  Peak RAM Test=217.276 MB
2026-06-01 10:45:05 | INFO | [ncluster=250/250] AUC-ROC=85.71%  AUC-PR=82.39%  F1=0.8515  MCC=0.6664  Train=2.981s  Test=22.743s  Peak RAM Train=46.081 MB  Peak RAM Test=219.844 MB
2026-06-01 10:45:05 | INFO | [ncluster=253/253] AUC-ROC=84.64%  AUC-PR=81.34%  F1=0.8485  MCC=0.6591  Train=3.198s  Test=20.452s  Peak RAM Train=46.084 MB  Peak RAM Test=222.412 MB
2026-06-01 10:45:05 | INFO | [ncluster=256/256] AUC-ROC=87.12%  AUC-PR=83.51%  F1=0.8642  MCC=0.6972  Train=3.700s  Test=23.097s  Peak RAM Train=46.082 MB  Peak RAM Test=224.98 MB
2026-06-01 10:45:05 | INFO | [ncluster=259/259] AUC-ROC=85.35%  AUC-PR=81.50%  F1=0.8524  MCC=0.6688  Train=4.103s  Test=19.704s  Peak RAM Train=46.083 MB  Peak RAM Test=227.548 MB
2026-06-01 10:45:05 | INFO | [ncluster=262/262] AUC-ROC=86.49%  AUC-PR=83.27%  F1=0.8663  MCC=0.7022  Train=2.414s  Test=18.668s  Peak RAM Train=46.084 MB  Peak RAM Test=230.116 MB
2026-06-01 10:45:05 | INFO | [ncluster=265/265] AUC-ROC=86.87%  AUC-PR=83.69%  F1=0.8669  MCC=0.7042  Train=3.154s  Test=22.003s  Peak RAM Train=46.081 MB  Peak RAM Test=232.684 MB
2026-06-01 10:45:05 | INFO | [ncluster=268/268] AUC-ROC=85.84%  AUC-PR=82.08%  F1=0.8604  MCC=0.6881  Train=3.864s  Test=17.074s  Peak RAM Train=46.08 MB  Peak RAM Test=235.252 MB
2026-06-01 10:45:05 | INFO | [ncluster=271/271] AUC-ROC=87.51%  AUC-PR=83.68%  F1=0.8635  MCC=0.6956  Train=4.353s  Test=16.871s  Peak RAM Train=46.084 MB  Peak RAM Test=237.82 MB
2026-06-01 10:45:05 | INFO | [ncluster=274/274] AUC-ROC=87.21%  AUC-PR=83.24%  F1=0.8683  MCC=0.7070  Train=4.836s  Test=19.188s  Peak RAM Train=46.086 MB  Peak RAM Test=240.388 MB
2026-06-01 10:45:05 | INFO | [ncluster=277/277] AUC-ROC=91.47%  AUC-PR=89.40%  F1=0.8883  MCC=0.7540  Train=3.691s  Test=21.057s  Peak RAM Train=46.082 MB  Peak RAM Test=242.956 MB
2026-06-01 10:45:05 | INFO | [ncluster=280/280] AUC-ROC=89.86%  AUC-PR=87.19%  F1=0.8728  MCC=0.7178  Train=2.611s  Test=19.464s  Peak RAM Train=46.088 MB  Peak RAM Test=245.524 MB
2026-06-01 10:45:05 | INFO | [ncluster=283/283] AUC-ROC=86.89%  AUC-PR=83.70%  F1=0.8734  MCC=0.7195  Train=1.692s  Test=14.433s  Peak RAM Train=46.089 MB  Peak RAM Test=248.092 MB
2026-06-01 10:45:05 | INFO | [ncluster=286/286] AUC-ROC=87.60%  AUC-PR=84.81%  F1=0.8691  MCC=0.7093  Train=3.195s  Test=20.899s  Peak RAM Train=46.085 MB  Peak RAM Test=250.66 MB
2026-06-01 10:45:05 | INFO | [ncluster=289/289] AUC-ROC=87.06%  AUC-PR=84.10%  F1=0.8638  MCC=0.6964  Train=2.974s  Test=19.937s  Peak RAM Train=46.091 MB  Peak RAM Test=253.228 MB
2026-06-01 10:45:05 | INFO | [ncluster=292/292] AUC-ROC=87.06%  AUC-PR=83.50%  F1=0.8680  MCC=0.7065  Train=1.514s  Test=14.217s  Peak RAM Train=46.092 MB  Peak RAM Test=255.796 MB
2026-06-01 10:45:05 | INFO | [ncluster=295/295] AUC-ROC=88.52%  AUC-PR=85.82%  F1=0.8582  MCC=0.6829  Train=3.878s  Test=15.689s  Peak RAM Train=46.086 MB  Peak RAM Test=258.364 MB
2026-06-01 10:45:05 | INFO | [ncluster=298/298] AUC-ROC=88.06%  AUC-PR=85.03%  F1=0.8734  MCC=0.7194  Train=3.908s  Test=19.160s  Peak RAM Train=46.093 MB  Peak RAM Test=260.932 MB
2026-06-01 10:45:05 | INFO | 
>>> Processing data_EdgeIIoTset | scaler=Normalizer
2026-06-01 10:45:05 | INFO | --- noise=0% ---
2026-06-01 10:45:05 | INFO | ============================================================
2026-06-01 10:45:05 | INFO | Dataset  : Train_Normalizer_data_EdgeIIoTset.csv
2026-06-01 10:45:05 | INFO | Scaler   : Normalizer
2026-06-01 10:45:05 | INFO | Noise    : 0%
2026-06-01 10:45:05 | INFO | nClusters: 100 values (1..298)
2026-06-01 10:45:05 | INFO | K-Means  : Standard KMeans
2026-06-01 10:45:05 | INFO | ============================================================
2026-06-01 10:45:07 | INFO | Loaded Raw Shape -> Train: (30000, 53), Test: (30000, 53)
2026-06-01 10:45:07 | INFO | Training size : 30,000  |  Testing size: 30,000  |  Features: 52
2026-06-01 10:45:07 | INFO | Firing up Parallel execution for 100 cluster configs...
2026-06-01 10:51:18 | INFO | [ncluster=1/1] AUC-ROC=100.00%  AUC-PR=100.00%  F1=1.0000  MCC=1.0000  Train=4.431s  Test=0.216s  Peak RAM Train=43.832 MB  Peak RAM Test=27.18 MB
2026-06-01 10:51:18 | INFO | [ncluster=4/4] AUC-ROC=100.00%  AUC-PR=100.00%  F1=1.0000  MCC=1.0000  Train=2.914s  Test=0.172s  Peak RAM Train=43.837 MB  Peak RAM Test=27.204 MB
2026-06-01 10:51:18 | INFO | [ncluster=7/7] AUC-ROC=100.00%  AUC-PR=100.00%  F1=1.0000  MCC=1.0000  Train=3.202s  Test=0.814s  Peak RAM Train=43.838 MB  Peak RAM Test=27.228 MB
2026-06-01 10:51:18 | INFO | [ncluster=10/10] AUC-ROC=100.00%  AUC-PR=100.00%  F1=1.0000  MCC=1.0000  Train=3.033s  Test=1.157s  Peak RAM Train=43.836 MB  Peak RAM Test=27.012 MB
2026-06-01 10:51:18 | INFO | [ncluster=13/13] AUC-ROC=100.00%  AUC-PR=100.00%  F1=1.0000  MCC=1.0000  Train=4.441s  Test=1.608s  Peak RAM Train=43.84 MB  Peak RAM Test=29.572 MB
2026-06-01 10:51:18 | INFO | [ncluster=16/16] AUC-ROC=100.00%  AUC-PR=100.00%  F1=1.0000  MCC=1.0000  Train=1.665s  Test=1.807s  Peak RAM Train=43.838 MB  Peak RAM Test=32.14 MB
2026-06-01 10:51:18 | INFO | [ncluster=19/19] AUC-ROC=100.00%  AUC-PR=100.00%  F1=1.0000  MCC=1.0000  Train=4.040s  Test=2.115s  Peak RAM Train=43.843 MB  Peak RAM Test=34.708 MB
2026-06-01 10:51:18 | INFO | [ncluster=22/22] AUC-ROC=100.00%  AUC-PR=100.00%  F1=1.0000  MCC=1.0000  Train=3.843s  Test=3.110s  Peak RAM Train=43.841 MB  Peak RAM Test=37.276 MB
2026-06-01 10:51:18 | INFO | [ncluster=25/25] AUC-ROC=100.00%  AUC-PR=100.00%  F1=1.0000  MCC=1.0000  Train=2.896s  Test=2.782s  Peak RAM Train=43.844 MB  Peak RAM Test=39.844 MB
2026-06-01 10:51:18 | INFO | [ncluster=28/28] AUC-ROC=100.00%  AUC-PR=100.00%  F1=1.0000  MCC=1.0000  Train=4.977s  Test=3.228s  Peak RAM Train=43.844 MB  Peak RAM Test=42.412 MB
2026-06-01 10:51:18 | INFO | [ncluster=31/31] AUC-ROC=100.00%  AUC-PR=100.00%  F1=1.0000  MCC=1.0000  Train=4.829s  Test=3.878s  Peak RAM Train=43.844 MB  Peak RAM Test=44.98 MB
2026-06-01 10:51:18 | INFO | [ncluster=34/34] AUC-ROC=100.00%  AUC-PR=100.00%  F1=1.0000  MCC=1.0000  Train=2.313s  Test=4.471s  Peak RAM Train=43.85 MB  Peak RAM Test=47.548 MB
2026-06-01 10:51:18 | INFO | [ncluster=37/37] AUC-ROC=100.00%  AUC-PR=100.00%  F1=1.0000  MCC=1.0000  Train=4.571s  Test=4.362s  Peak RAM Train=43.848 MB  Peak RAM Test=50.116 MB
2026-06-01 10:51:18 | INFO | [ncluster=40/40] AUC-ROC=100.00%  AUC-PR=100.00%  F1=1.0000  MCC=1.0000  Train=4.091s  Test=3.141s  Peak RAM Train=43.847 MB  Peak RAM Test=52.684 MB
2026-06-01 10:51:18 | INFO | [ncluster=43/43] AUC-ROC=100.00%  AUC-PR=100.00%  F1=1.0000  MCC=1.0000  Train=3.857s  Test=4.117s  Peak RAM Train=43.849 MB  Peak RAM Test=55.252 MB
2026-06-01 10:51:18 | INFO | [ncluster=46/46] AUC-ROC=100.00%  AUC-PR=100.00%  F1=1.0000  MCC=1.0000  Train=3.211s  Test=4.957s  Peak RAM Train=43.85 MB  Peak RAM Test=57.82 MB
2026-06-01 10:51:18 | INFO | [ncluster=49/49] AUC-ROC=100.00%  AUC-PR=100.00%  F1=1.0000  MCC=1.0000  Train=3.735s  Test=5.014s  Peak RAM Train=43.848 MB  Peak RAM Test=60.388 MB
2026-06-01 10:51:18 | INFO | [ncluster=52/52] AUC-ROC=100.00%  AUC-PR=100.00%  F1=1.0000  MCC=1.0000  Train=4.001s  Test=6.203s  Peak RAM Train=43.851 MB  Peak RAM Test=62.956 MB
2026-06-01 10:51:18 | INFO | [ncluster=55/55] AUC-ROC=100.00%  AUC-PR=100.00%  F1=1.0000  MCC=1.0000  Train=4.333s  Test=4.869s  Peak RAM Train=43.851 MB  Peak RAM Test=65.524 MB
2026-06-01 10:51:18 | INFO | [ncluster=58/58] AUC-ROC=100.00%  AUC-PR=100.00%  F1=1.0000  MCC=1.0000  Train=3.317s  Test=6.781s  Peak RAM Train=43.851 MB  Peak RAM Test=68.092 MB
2026-06-01 10:51:18 | INFO | [ncluster=61/61] AUC-ROC=100.00%  AUC-PR=100.00%  F1=1.0000  MCC=1.0000  Train=1.590s  Test=2.425s  Peak RAM Train=43.847 MB  Peak RAM Test=70.66 MB
2026-06-01 10:51:18 | INFO | [ncluster=64/64] AUC-ROC=100.00%  AUC-PR=100.00%  F1=1.0000  MCC=1.0000  Train=4.492s  Test=6.135s  Peak RAM Train=43.848 MB  Peak RAM Test=73.228 MB
2026-06-01 10:51:18 | INFO | [ncluster=67/67] AUC-ROC=100.00%  AUC-PR=100.00%  F1=1.0000  MCC=1.0000  Train=3.900s  Test=6.668s  Peak RAM Train=43.852 MB  Peak RAM Test=75.796 MB
2026-06-01 10:51:18 | INFO | [ncluster=70/70] AUC-ROC=100.00%  AUC-PR=100.00%  F1=1.0000  MCC=1.0000  Train=2.238s  Test=5.720s  Peak RAM Train=43.857 MB  Peak RAM Test=78.364 MB
2026-06-01 10:51:18 | INFO | [ncluster=73/73] AUC-ROC=100.00%  AUC-PR=100.00%  F1=1.0000  MCC=1.0000  Train=4.994s  Test=6.788s  Peak RAM Train=43.855 MB  Peak RAM Test=80.932 MB
2026-06-01 10:51:18 | INFO | [ncluster=76/76] AUC-ROC=100.00%  AUC-PR=100.00%  F1=1.0000  MCC=1.0000  Train=4.452s  Test=7.136s  Peak RAM Train=43.851 MB  Peak RAM Test=83.5 MB
2026-06-01 10:51:18 | INFO | [ncluster=79/79] AUC-ROC=100.00%  AUC-PR=100.00%  F1=1.0000  MCC=1.0000  Train=3.939s  Test=7.214s  Peak RAM Train=43.858 MB  Peak RAM Test=86.068 MB
2026-06-01 10:51:18 | INFO | [ncluster=82/82] AUC-ROC=100.00%  AUC-PR=100.00%  F1=1.0000  MCC=1.0000  Train=3.494s  Test=7.838s  Peak RAM Train=43.852 MB  Peak RAM Test=88.636 MB
2026-06-01 10:51:18 | INFO | [ncluster=85/85] AUC-ROC=100.00%  AUC-PR=100.00%  F1=1.0000  MCC=1.0000  Train=3.573s  Test=7.264s  Peak RAM Train=43.854 MB  Peak RAM Test=91.204 MB
2026-06-01 10:51:18 | INFO | [ncluster=88/88] AUC-ROC=100.00%  AUC-PR=100.00%  F1=1.0000  MCC=1.0000  Train=4.364s  Test=8.235s  Peak RAM Train=43.854 MB  Peak RAM Test=93.772 MB
2026-06-01 10:51:18 | INFO | [ncluster=91/91] AUC-ROC=100.00%  AUC-PR=100.00%  F1=1.0000  MCC=1.0000  Train=4.605s  Test=9.202s  Peak RAM Train=43.858 MB  Peak RAM Test=96.34 MB
2026-06-01 10:51:18 | INFO | [ncluster=94/94] AUC-ROC=100.00%  AUC-PR=100.00%  F1=1.0000  MCC=1.0000  Train=3.813s  Test=8.463s  Peak RAM Train=43.855 MB  Peak RAM Test=98.908 MB
2026-06-01 10:51:18 | INFO | [ncluster=97/97] AUC-ROC=100.00%  AUC-PR=100.00%  F1=1.0000  MCC=1.0000  Train=2.432s  Test=7.861s  Peak RAM Train=43.858 MB  Peak RAM Test=101.476 MB
2026-06-01 10:51:18 | INFO | [ncluster=100/100] AUC-ROC=100.00%  AUC-PR=100.00%  F1=1.0000  MCC=1.0000  Train=4.015s  Test=10.813s  Peak RAM Train=43.871 MB  Peak RAM Test=104.044 MB
2026-06-01 10:51:18 | INFO | [ncluster=103/103] AUC-ROC=100.00%  AUC-PR=100.00%  F1=1.0000  MCC=1.0000  Train=3.121s  Test=9.924s  Peak RAM Train=43.862 MB  Peak RAM Test=106.612 MB
2026-06-01 10:51:18 | INFO | [ncluster=106/106] AUC-ROC=100.00%  AUC-PR=100.00%  F1=1.0000  MCC=1.0000  Train=4.287s  Test=8.652s  Peak RAM Train=43.856 MB  Peak RAM Test=109.18 MB
2026-06-01 10:51:18 | INFO | [ncluster=109/109] AUC-ROC=100.00%  AUC-PR=100.00%  F1=1.0000  MCC=1.0000  Train=3.231s  Test=11.531s  Peak RAM Train=43.863 MB  Peak RAM Test=111.748 MB
2026-06-01 10:51:18 | INFO | [ncluster=112/112] AUC-ROC=100.00%  AUC-PR=100.00%  F1=1.0000  MCC=1.0000  Train=4.063s  Test=10.846s  Peak RAM Train=43.861 MB  Peak RAM Test=114.316 MB
2026-06-01 10:51:18 | INFO | [ncluster=115/115] AUC-ROC=100.00%  AUC-PR=100.00%  F1=1.0000  MCC=1.0000  Train=3.833s  Test=12.372s  Peak RAM Train=43.863 MB  Peak RAM Test=116.884 MB
2026-06-01 10:51:18 | INFO | [ncluster=118/118] AUC-ROC=100.00%  AUC-PR=100.00%  F1=1.0000  MCC=1.0000  Train=4.359s  Test=4.562s  Peak RAM Train=43.863 MB  Peak RAM Test=119.452 MB
2026-06-01 10:51:18 | INFO | [ncluster=121/121] AUC-ROC=100.00%  AUC-PR=100.00%  F1=1.0000  MCC=1.0000  Train=4.221s  Test=12.564s  Peak RAM Train=43.864 MB  Peak RAM Test=122.02 MB
2026-06-01 10:51:18 | INFO | [ncluster=124/124] AUC-ROC=100.00%  AUC-PR=100.00%  F1=1.0000  MCC=1.0000  Train=3.960s  Test=10.341s  Peak RAM Train=43.866 MB  Peak RAM Test=124.588 MB
2026-06-01 10:51:18 | INFO | [ncluster=127/127] AUC-ROC=100.00%  AUC-PR=100.00%  F1=1.0000  MCC=1.0000  Train=2.143s  Test=11.362s  Peak RAM Train=43.865 MB  Peak RAM Test=127.156 MB
2026-06-01 10:51:18 | INFO | [ncluster=130/130] AUC-ROC=100.00%  AUC-PR=100.00%  F1=1.0000  MCC=1.0000  Train=4.548s  Test=9.558s  Peak RAM Train=43.866 MB  Peak RAM Test=129.724 MB
2026-06-01 10:51:18 | INFO | [ncluster=133/133] AUC-ROC=100.00%  AUC-PR=100.00%  F1=1.0000  MCC=1.0000  Train=4.285s  Test=14.094s  Peak RAM Train=43.868 MB  Peak RAM Test=132.292 MB
2026-06-01 10:51:18 | INFO | [ncluster=136/136] AUC-ROC=100.00%  AUC-PR=100.00%  F1=1.0000  MCC=1.0000  Train=2.524s  Test=10.429s  Peak RAM Train=43.867 MB  Peak RAM Test=134.86 MB
2026-06-01 10:51:18 | INFO | [ncluster=139/139] AUC-ROC=100.00%  AUC-PR=100.00%  F1=1.0000  MCC=1.0000  Train=2.298s  Test=7.194s  Peak RAM Train=43.866 MB  Peak RAM Test=137.428 MB
2026-06-01 10:51:18 | INFO | [ncluster=142/142] AUC-ROC=100.00%  AUC-PR=100.00%  F1=1.0000  MCC=1.0000  Train=3.504s  Test=11.594s  Peak RAM Train=43.864 MB  Peak RAM Test=139.996 MB
2026-06-01 10:51:18 | INFO | [ncluster=145/145] AUC-ROC=100.00%  AUC-PR=100.00%  F1=1.0000  MCC=1.0000  Train=3.064s  Test=13.345s  Peak RAM Train=43.868 MB  Peak RAM Test=142.564 MB
2026-06-01 10:51:18 | INFO | [ncluster=148/148] AUC-ROC=100.00%  AUC-PR=100.00%  F1=1.0000  MCC=1.0000  Train=4.083s  Test=18.944s  Peak RAM Train=43.869 MB  Peak RAM Test=145.132 MB
2026-06-01 10:51:18 | INFO | [ncluster=151/151] AUC-ROC=100.00%  AUC-PR=100.00%  F1=1.0000  MCC=1.0000  Train=2.947s  Test=10.918s  Peak RAM Train=43.867 MB  Peak RAM Test=147.7 MB
2026-06-01 10:51:18 | INFO | [ncluster=154/154] AUC-ROC=100.00%  AUC-PR=100.00%  F1=1.0000  MCC=1.0000  Train=3.543s  Test=15.555s  Peak RAM Train=43.87 MB  Peak RAM Test=150.268 MB
2026-06-01 10:51:18 | INFO | [ncluster=157/157] AUC-ROC=100.00%  AUC-PR=100.00%  F1=1.0000  MCC=1.0000  Train=4.006s  Test=13.170s  Peak RAM Train=43.87 MB  Peak RAM Test=152.836 MB
2026-06-01 10:51:18 | INFO | [ncluster=160/160] AUC-ROC=100.00%  AUC-PR=100.00%  F1=1.0000  MCC=1.0000  Train=1.883s  Test=10.200s  Peak RAM Train=43.871 MB  Peak RAM Test=155.404 MB
2026-06-01 10:51:18 | INFO | [ncluster=163/163] AUC-ROC=100.00%  AUC-PR=100.00%  F1=1.0000  MCC=1.0000  Train=4.392s  Test=12.392s  Peak RAM Train=43.871 MB  Peak RAM Test=157.972 MB
2026-06-01 10:51:18 | INFO | [ncluster=166/166] AUC-ROC=100.00%  AUC-PR=100.00%  F1=1.0000  MCC=1.0000  Train=1.838s  Test=13.218s  Peak RAM Train=43.877 MB  Peak RAM Test=160.54 MB
2026-06-01 10:51:18 | INFO | [ncluster=169/169] AUC-ROC=100.00%  AUC-PR=100.00%  F1=1.0000  MCC=1.0000  Train=2.904s  Test=14.515s  Peak RAM Train=43.87 MB  Peak RAM Test=163.108 MB
2026-06-01 10:51:18 | INFO | [ncluster=172/172] AUC-ROC=100.00%  AUC-PR=100.00%  F1=1.0000  MCC=1.0000  Train=3.173s  Test=15.172s  Peak RAM Train=43.875 MB  Peak RAM Test=165.676 MB
2026-06-01 10:51:18 | INFO | [ncluster=175/175] AUC-ROC=100.00%  AUC-PR=100.00%  F1=1.0000  MCC=1.0000  Train=3.301s  Test=15.855s  Peak RAM Train=43.877 MB  Peak RAM Test=168.244 MB
2026-06-01 10:51:18 | INFO | [ncluster=178/178] AUC-ROC=100.00%  AUC-PR=100.00%  F1=1.0000  MCC=1.0000  Train=3.407s  Test=11.923s  Peak RAM Train=43.875 MB  Peak RAM Test=170.813 MB
2026-06-01 10:51:18 | INFO | [ncluster=181/181] AUC-ROC=100.00%  AUC-PR=100.00%  F1=1.0000  MCC=1.0000  Train=4.078s  Test=13.876s  Peak RAM Train=43.873 MB  Peak RAM Test=173.38 MB
2026-06-01 10:51:18 | INFO | [ncluster=184/184] AUC-ROC=100.00%  AUC-PR=100.00%  F1=1.0000  MCC=1.0000  Train=2.694s  Test=16.271s  Peak RAM Train=43.871 MB  Peak RAM Test=175.948 MB
2026-06-01 10:51:18 | INFO | [ncluster=187/187] AUC-ROC=100.00%  AUC-PR=100.00%  F1=1.0000  MCC=1.0000  Train=3.272s  Test=11.513s  Peak RAM Train=43.877 MB  Peak RAM Test=178.517 MB
2026-06-01 10:51:18 | INFO | [ncluster=190/190] AUC-ROC=100.00%  AUC-PR=100.00%  F1=1.0000  MCC=1.0000  Train=3.956s  Test=16.296s  Peak RAM Train=43.875 MB  Peak RAM Test=181.085 MB
2026-06-01 10:51:18 | INFO | [ncluster=193/193] AUC-ROC=100.00%  AUC-PR=100.00%  F1=1.0000  MCC=1.0000  Train=2.144s  Test=13.953s  Peak RAM Train=43.881 MB  Peak RAM Test=183.653 MB
2026-06-01 10:51:18 | INFO | [ncluster=196/196] AUC-ROC=100.00%  AUC-PR=100.00%  F1=1.0000  MCC=1.0000  Train=3.245s  Test=10.960s  Peak RAM Train=43.881 MB  Peak RAM Test=186.22 MB
2026-06-01 10:51:18 | INFO | [ncluster=199/199] AUC-ROC=100.00%  AUC-PR=100.00%  F1=1.0000  MCC=1.0000  Train=2.445s  Test=10.382s  Peak RAM Train=43.881 MB  Peak RAM Test=188.789 MB
2026-06-01 10:51:18 | INFO | [ncluster=202/202] AUC-ROC=100.00%  AUC-PR=100.00%  F1=1.0000  MCC=1.0000  Train=2.230s  Test=12.462s  Peak RAM Train=43.879 MB  Peak RAM Test=191.356 MB
2026-06-01 10:51:18 | INFO | [ncluster=205/205] AUC-ROC=100.00%  AUC-PR=100.00%  F1=1.0000  MCC=1.0000  Train=2.061s  Test=11.118s  Peak RAM Train=43.88 MB  Peak RAM Test=193.924 MB
2026-06-01 10:51:18 | INFO | [ncluster=208/208] AUC-ROC=100.00%  AUC-PR=100.00%  F1=1.0000  MCC=1.0000  Train=3.099s  Test=13.335s  Peak RAM Train=43.884 MB  Peak RAM Test=196.493 MB
2026-06-01 10:51:18 | INFO | [ncluster=211/211] AUC-ROC=100.00%  AUC-PR=100.00%  F1=1.0000  MCC=1.0000  Train=2.967s  Test=10.303s  Peak RAM Train=43.883 MB  Peak RAM Test=199.061 MB
2026-06-01 10:51:18 | INFO | [ncluster=214/214] AUC-ROC=100.00%  AUC-PR=100.00%  F1=1.0000  MCC=1.0000  Train=1.840s  Test=19.206s  Peak RAM Train=43.887 MB  Peak RAM Test=201.629 MB
2026-06-01 10:51:18 | INFO | [ncluster=217/217] AUC-ROC=100.00%  AUC-PR=100.00%  F1=1.0000  MCC=1.0000  Train=2.037s  Test=16.257s  Peak RAM Train=43.885 MB  Peak RAM Test=204.197 MB
2026-06-01 10:51:18 | INFO | [ncluster=220/220] AUC-ROC=100.00%  AUC-PR=100.00%  F1=1.0000  MCC=1.0000  Train=1.475s  Test=9.643s  Peak RAM Train=43.882 MB  Peak RAM Test=206.765 MB
2026-06-01 10:51:18 | INFO | [ncluster=223/223] AUC-ROC=100.00%  AUC-PR=100.00%  F1=1.0000  MCC=1.0000  Train=2.022s  Test=14.749s  Peak RAM Train=43.885 MB  Peak RAM Test=209.333 MB
2026-06-01 10:51:18 | INFO | [ncluster=226/226] AUC-ROC=100.00%  AUC-PR=100.00%  F1=1.0000  MCC=1.0000  Train=4.235s  Test=16.475s  Peak RAM Train=43.885 MB  Peak RAM Test=211.901 MB
2026-06-01 10:51:18 | INFO | [ncluster=229/229] AUC-ROC=100.00%  AUC-PR=100.00%  F1=1.0000  MCC=1.0000  Train=2.332s  Test=18.161s  Peak RAM Train=43.887 MB  Peak RAM Test=214.469 MB
2026-06-01 10:51:18 | INFO | [ncluster=232/232] AUC-ROC=100.00%  AUC-PR=100.00%  F1=1.0000  MCC=1.0000  Train=1.633s  Test=18.033s  Peak RAM Train=43.883 MB  Peak RAM Test=217.037 MB
2026-06-01 10:51:18 | INFO | [ncluster=235/235] AUC-ROC=100.00%  AUC-PR=100.00%  F1=1.0000  MCC=1.0000  Train=4.033s  Test=23.026s  Peak RAM Train=43.887 MB  Peak RAM Test=219.605 MB
2026-06-01 10:51:18 | INFO | [ncluster=238/238] AUC-ROC=100.00%  AUC-PR=100.00%  F1=1.0000  MCC=1.0000  Train=3.678s  Test=22.118s  Peak RAM Train=43.886 MB  Peak RAM Test=222.173 MB
2026-06-01 10:51:18 | INFO | [ncluster=241/241] AUC-ROC=100.00%  AUC-PR=100.00%  F1=1.0000  MCC=1.0000  Train=3.780s  Test=15.000s  Peak RAM Train=43.89 MB  Peak RAM Test=224.741 MB
2026-06-01 10:51:18 | INFO | [ncluster=244/244] AUC-ROC=100.00%  AUC-PR=100.00%  F1=1.0000  MCC=1.0000  Train=1.386s  Test=19.498s  Peak RAM Train=43.889 MB  Peak RAM Test=227.309 MB
2026-06-01 10:51:18 | INFO | [ncluster=247/247] AUC-ROC=100.00%  AUC-PR=100.00%  F1=1.0000  MCC=1.0000  Train=4.411s  Test=18.055s  Peak RAM Train=43.892 MB  Peak RAM Test=229.877 MB
2026-06-01 10:51:18 | INFO | [ncluster=250/250] AUC-ROC=100.00%  AUC-PR=100.00%  F1=1.0000  MCC=1.0000  Train=2.646s  Test=25.651s  Peak RAM Train=43.887 MB  Peak RAM Test=232.445 MB
2026-06-01 10:51:18 | INFO | [ncluster=253/253] AUC-ROC=100.00%  AUC-PR=100.00%  F1=1.0000  MCC=1.0000  Train=3.267s  Test=23.935s  Peak RAM Train=43.891 MB  Peak RAM Test=235.013 MB
2026-06-01 10:51:18 | INFO | [ncluster=256/256] AUC-ROC=100.00%  AUC-PR=100.00%  F1=1.0000  MCC=1.0000  Train=3.702s  Test=23.580s  Peak RAM Train=43.892 MB  Peak RAM Test=237.581 MB
2026-06-01 10:51:18 | INFO | [ncluster=259/259] AUC-ROC=100.00%  AUC-PR=100.00%  F1=1.0000  MCC=1.0000  Train=4.458s  Test=28.549s  Peak RAM Train=43.891 MB  Peak RAM Test=240.149 MB
2026-06-01 10:51:18 | INFO | [ncluster=262/262] AUC-ROC=100.00%  AUC-PR=100.00%  F1=1.0000  MCC=1.0000  Train=3.604s  Test=20.718s  Peak RAM Train=43.894 MB  Peak RAM Test=242.717 MB
2026-06-01 10:51:18 | INFO | [ncluster=265/265] AUC-ROC=100.00%  AUC-PR=100.00%  F1=1.0000  MCC=1.0000  Train=3.876s  Test=25.076s  Peak RAM Train=43.892 MB  Peak RAM Test=245.285 MB
2026-06-01 10:51:18 | INFO | [ncluster=268/268] AUC-ROC=100.00%  AUC-PR=100.00%  F1=1.0000  MCC=1.0000  Train=2.240s  Test=18.468s  Peak RAM Train=43.894 MB  Peak RAM Test=247.853 MB
2026-06-01 10:51:18 | INFO | [ncluster=271/271] AUC-ROC=100.00%  AUC-PR=100.00%  F1=1.0000  MCC=1.0000  Train=2.276s  Test=24.661s  Peak RAM Train=43.896 MB  Peak RAM Test=250.421 MB
2026-06-01 10:51:18 | INFO | [ncluster=274/274] AUC-ROC=100.00%  AUC-PR=100.00%  F1=1.0000  MCC=1.0000  Train=2.610s  Test=20.345s  Peak RAM Train=43.895 MB  Peak RAM Test=252.989 MB
2026-06-01 10:51:18 | INFO | [ncluster=277/277] AUC-ROC=100.00%  AUC-PR=100.00%  F1=1.0000  MCC=1.0000  Train=3.531s  Test=11.912s  Peak RAM Train=43.9 MB  Peak RAM Test=255.556 MB
2026-06-01 10:51:18 | INFO | [ncluster=280/280] AUC-ROC=100.00%  AUC-PR=100.00%  F1=1.0000  MCC=1.0000  Train=1.871s  Test=19.719s  Peak RAM Train=43.893 MB  Peak RAM Test=258.125 MB
2026-06-01 10:51:18 | INFO | [ncluster=283/283] AUC-ROC=100.00%  AUC-PR=100.00%  F1=1.0000  MCC=1.0000  Train=1.790s  Test=19.975s  Peak RAM Train=43.901 MB  Peak RAM Test=260.692 MB
2026-06-01 10:51:18 | INFO | [ncluster=286/286] AUC-ROC=100.00%  AUC-PR=100.00%  F1=1.0000  MCC=1.0000  Train=2.283s  Test=22.383s  Peak RAM Train=43.899 MB  Peak RAM Test=263.26 MB
2026-06-01 10:51:18 | INFO | [ncluster=289/289] AUC-ROC=100.00%  AUC-PR=100.00%  F1=1.0000  MCC=1.0000  Train=1.489s  Test=13.237s  Peak RAM Train=43.9 MB  Peak RAM Test=265.829 MB
2026-06-01 10:51:18 | INFO | [ncluster=292/292] AUC-ROC=100.00%  AUC-PR=100.00%  F1=1.0000  MCC=1.0000  Train=2.640s  Test=22.890s  Peak RAM Train=43.902 MB  Peak RAM Test=268.396 MB
2026-06-01 10:51:18 | INFO | [ncluster=295/295] AUC-ROC=100.00%  AUC-PR=100.00%  F1=1.0000  MCC=1.0000  Train=2.089s  Test=10.633s  Peak RAM Train=43.902 MB  Peak RAM Test=270.964 MB
2026-06-01 10:51:19 | INFO | [ncluster=298/298] AUC-ROC=100.00%  AUC-PR=100.00%  F1=1.0000  MCC=1.0000  Train=2.128s  Test=20.294s  Peak RAM Train=43.898 MB  Peak RAM Test=273.533 MB
2026-06-01 10:51:19 | INFO | --- noise=1% ---
2026-06-01 10:51:19 | INFO | ============================================================
2026-06-01 10:51:19 | INFO | Dataset  : Train_Normalizer_data_EdgeIIoTset.csv
2026-06-01 10:51:19 | INFO | Scaler   : Normalizer
2026-06-01 10:51:19 | INFO | Noise    : 1%
2026-06-01 10:51:19 | INFO | nClusters: 100 values (1..298)
2026-06-01 10:51:19 | INFO | K-Means  : Standard KMeans
2026-06-01 10:51:19 | INFO | ============================================================
2026-06-01 10:51:21 | INFO | Loaded Raw Shape -> Train: (30000, 53), Test: (30000, 53)
2026-06-01 10:51:21 | INFO | Training size : 30,300  |  Testing size: 29,700  |  Features: 52
2026-06-01 10:51:21 | INFO | Firing up Parallel execution for 100 cluster configs...
2026-06-01 10:57:34 | INFO | [ncluster=1/1] AUC-ROC=95.97%  AUC-PR=94.19%  F1=0.9205  MCC=0.8383  Train=5.644s  Test=0.231s  Peak RAM Train=44.27 MB  Peak RAM Test=14.22 MB
2026-06-01 10:57:34 | INFO | [ncluster=4/4] AUC-ROC=95.79%  AUC-PR=94.38%  F1=0.9126  MCC=0.8213  Train=6.106s  Test=0.732s  Peak RAM Train=44.277 MB  Peak RAM Test=14.224 MB
2026-06-01 10:57:34 | INFO | [ncluster=7/7] AUC-ROC=92.93%  AUC-PR=94.01%  F1=0.9211  MCC=0.8376  Train=3.753s  Test=0.364s  Peak RAM Train=44.279 MB  Peak RAM Test=13.985 MB
2026-06-01 10:57:34 | INFO | [ncluster=10/10] AUC-ROC=93.52%  AUC-PR=95.12%  F1=0.9162  MCC=0.8269  Train=6.243s  Test=1.241s  Peak RAM Train=44.28 MB  Peak RAM Test=14.404 MB
2026-06-01 10:57:34 | INFO | [ncluster=13/13] AUC-ROC=93.97%  AUC-PR=95.29%  F1=0.9234  MCC=0.8429  Train=6.043s  Test=1.735s  Peak RAM Train=44.281 MB  Peak RAM Test=16.972 MB
2026-06-01 10:57:34 | INFO | [ncluster=16/16] AUC-ROC=96.94%  AUC-PR=96.06%  F1=0.9610  MCC=0.9207  Train=4.597s  Test=1.864s  Peak RAM Train=44.282 MB  Peak RAM Test=19.54 MB
2026-06-01 10:57:34 | INFO | [ncluster=19/19] AUC-ROC=98.29%  AUC-PR=97.96%  F1=0.9695  MCC=0.9381  Train=2.201s  Test=0.803s  Peak RAM Train=44.284 MB  Peak RAM Test=22.108 MB
2026-06-01 10:57:34 | INFO | [ncluster=22/22] AUC-ROC=98.33%  AUC-PR=98.01%  F1=0.9699  MCC=0.9389  Train=4.610s  Test=1.884s  Peak RAM Train=44.286 MB  Peak RAM Test=24.676 MB
2026-06-01 10:57:34 | INFO | [ncluster=25/25] AUC-ROC=99.30%  AUC-PR=99.14%  F1=0.9739  MCC=0.9470  Train=2.647s  Test=3.889s  Peak RAM Train=44.285 MB  Peak RAM Test=27.244 MB
2026-06-01 10:57:34 | INFO | [ncluster=28/28] AUC-ROC=98.34%  AUC-PR=98.26%  F1=0.9470  MCC=0.8912  Train=3.460s  Test=4.105s  Peak RAM Train=44.278 MB  Peak RAM Test=29.812 MB
2026-06-01 10:57:34 | INFO | [ncluster=31/31] AUC-ROC=96.95%  AUC-PR=96.63%  F1=0.9162  MCC=0.8279  Train=1.807s  Test=1.383s  Peak RAM Train=44.286 MB  Peak RAM Test=32.38 MB
2026-06-01 10:57:34 | INFO | [ncluster=34/34] AUC-ROC=99.22%  AUC-PR=99.23%  F1=0.9655  MCC=0.9312  Train=4.128s  Test=3.286s  Peak RAM Train=44.284 MB  Peak RAM Test=34.948 MB
2026-06-01 10:57:34 | INFO | [ncluster=37/37] AUC-ROC=99.33%  AUC-PR=99.43%  F1=0.9693  MCC=0.9392  Train=5.431s  Test=3.702s  Peak RAM Train=44.287 MB  Peak RAM Test=37.516 MB
2026-06-01 10:57:34 | INFO | [ncluster=40/40] AUC-ROC=99.31%  AUC-PR=99.36%  F1=0.9683  MCC=0.9371  Train=4.781s  Test=4.700s  Peak RAM Train=44.285 MB  Peak RAM Test=40.084 MB
2026-06-01 10:57:34 | INFO | [ncluster=43/43] AUC-ROC=99.28%  AUC-PR=99.22%  F1=0.9676  MCC=0.9348  Train=5.907s  Test=6.567s  Peak RAM Train=44.291 MB  Peak RAM Test=42.652 MB
2026-06-01 10:57:34 | INFO | [ncluster=46/46] AUC-ROC=99.30%  AUC-PR=99.32%  F1=0.9685  MCC=0.9373  Train=6.927s  Test=7.514s  Peak RAM Train=44.29 MB  Peak RAM Test=45.22 MB
2026-06-01 10:57:34 | INFO | [ncluster=49/49] AUC-ROC=99.23%  AUC-PR=99.15%  F1=0.9628  MCC=0.9252  Train=5.873s  Test=7.019s  Peak RAM Train=44.284 MB  Peak RAM Test=47.788 MB
2026-06-01 10:57:34 | INFO | [ncluster=52/52] AUC-ROC=99.05%  AUC-PR=98.90%  F1=0.9614  MCC=0.9226  Train=5.539s  Test=6.881s  Peak RAM Train=44.288 MB  Peak RAM Test=50.356 MB
2026-06-01 10:57:34 | INFO | [ncluster=55/55] AUC-ROC=99.19%  AUC-PR=99.29%  F1=0.9635  MCC=0.9280  Train=4.175s  Test=7.076s  Peak RAM Train=44.289 MB  Peak RAM Test=52.924 MB
2026-06-01 10:57:34 | INFO | [ncluster=58/58] AUC-ROC=99.20%  AUC-PR=99.15%  F1=0.9595  MCC=0.9185  Train=4.211s  Test=8.314s  Peak RAM Train=44.289 MB  Peak RAM Test=55.492 MB
2026-06-01 10:57:34 | INFO | [ncluster=61/61] AUC-ROC=99.14%  AUC-PR=99.03%  F1=0.9635  MCC=0.9263  Train=4.865s  Test=7.685s  Peak RAM Train=44.293 MB  Peak RAM Test=58.06 MB
2026-06-01 10:57:34 | INFO | [ncluster=64/64] AUC-ROC=99.35%  AUC-PR=99.30%  F1=0.9661  MCC=0.9317  Train=4.395s  Test=7.311s  Peak RAM Train=44.292 MB  Peak RAM Test=60.628 MB
2026-06-01 10:57:34 | INFO | [ncluster=67/67] AUC-ROC=99.36%  AUC-PR=99.37%  F1=0.9671  MCC=0.9340  Train=4.954s  Test=8.212s  Peak RAM Train=44.292 MB  Peak RAM Test=63.196 MB
2026-06-01 10:57:34 | INFO | [ncluster=70/70] AUC-ROC=99.28%  AUC-PR=99.23%  F1=0.9636  MCC=0.9264  Train=6.307s  Test=8.788s  Peak RAM Train=44.295 MB  Peak RAM Test=65.764 MB
2026-06-01 10:57:34 | INFO | [ncluster=73/73] AUC-ROC=99.23%  AUC-PR=99.22%  F1=0.9641  MCC=0.9275  Train=4.561s  Test=8.244s  Peak RAM Train=44.293 MB  Peak RAM Test=68.332 MB
2026-06-01 10:57:34 | INFO | [ncluster=76/76] AUC-ROC=99.12%  AUC-PR=99.11%  F1=0.9612  MCC=0.9212  Train=5.655s  Test=7.607s  Peak RAM Train=44.294 MB  Peak RAM Test=70.9 MB
2026-06-01 10:57:34 | INFO | [ncluster=79/79] AUC-ROC=99.14%  AUC-PR=99.15%  F1=0.9639  MCC=0.9276  Train=5.006s  Test=11.721s  Peak RAM Train=44.295 MB  Peak RAM Test=73.468 MB
2026-06-01 10:57:34 | INFO | [ncluster=82/82] AUC-ROC=98.78%  AUC-PR=98.90%  F1=0.9584  MCC=0.9174  Train=5.454s  Test=8.548s  Peak RAM Train=44.29 MB  Peak RAM Test=76.036 MB
2026-06-01 10:57:34 | INFO | [ncluster=85/85] AUC-ROC=99.33%  AUC-PR=99.32%  F1=0.9667  MCC=0.9327  Train=5.420s  Test=9.263s  Peak RAM Train=44.295 MB  Peak RAM Test=78.604 MB
2026-06-01 10:57:34 | INFO | [ncluster=88/88] AUC-ROC=98.15%  AUC-PR=98.45%  F1=0.9410  MCC=0.8850  Train=5.072s  Test=8.535s  Peak RAM Train=44.293 MB  Peak RAM Test=81.172 MB
2026-06-01 10:57:34 | INFO | [ncluster=91/91] AUC-ROC=99.23%  AUC-PR=99.18%  F1=0.9614  MCC=0.9217  Train=4.454s  Test=8.427s  Peak RAM Train=44.294 MB  Peak RAM Test=83.74 MB
2026-06-01 10:57:34 | INFO | [ncluster=94/94] AUC-ROC=98.57%  AUC-PR=98.72%  F1=0.9503  MCC=0.9016  Train=2.952s  Test=7.529s  Peak RAM Train=44.291 MB  Peak RAM Test=86.308 MB
2026-06-01 10:57:34 | INFO | [ncluster=97/97] AUC-ROC=99.31%  AUC-PR=99.29%  F1=0.9657  MCC=0.9301  Train=4.700s  Test=9.817s  Peak RAM Train=44.295 MB  Peak RAM Test=88.876 MB
2026-06-01 10:57:34 | INFO | [ncluster=100/100] AUC-ROC=98.47%  AUC-PR=98.68%  F1=0.9486  MCC=0.8988  Train=5.031s  Test=10.453s  Peak RAM Train=44.298 MB  Peak RAM Test=91.444 MB
2026-06-01 10:57:34 | INFO | [ncluster=103/103] AUC-ROC=98.48%  AUC-PR=98.72%  F1=0.9473  MCC=0.8969  Train=4.730s  Test=9.441s  Peak RAM Train=44.299 MB  Peak RAM Test=94.012 MB
2026-06-01 10:57:34 | INFO | [ncluster=106/106] AUC-ROC=98.61%  AUC-PR=98.88%  F1=0.9530  MCC=0.9070  Train=4.990s  Test=10.399s  Peak RAM Train=44.302 MB  Peak RAM Test=96.58 MB
2026-06-01 10:57:34 | INFO | [ncluster=109/109] AUC-ROC=97.94%  AUC-PR=98.02%  F1=0.9401  MCC=0.8791  Train=3.247s  Test=16.631s  Peak RAM Train=44.301 MB  Peak RAM Test=99.148 MB
2026-06-01 10:57:34 | INFO | [ncluster=112/112] AUC-ROC=99.09%  AUC-PR=99.24%  F1=0.9627  MCC=0.9260  Train=4.192s  Test=9.523s  Peak RAM Train=44.301 MB  Peak RAM Test=101.716 MB
2026-06-01 10:57:34 | INFO | [ncluster=115/115] AUC-ROC=98.63%  AUC-PR=98.79%  F1=0.9526  MCC=0.9064  Train=2.944s  Test=11.190s  Peak RAM Train=44.301 MB  Peak RAM Test=104.284 MB
2026-06-01 10:57:34 | INFO | [ncluster=118/118] AUC-ROC=98.88%  AUC-PR=99.08%  F1=0.9583  MCC=0.9165  Train=5.519s  Test=10.212s  Peak RAM Train=44.303 MB  Peak RAM Test=106.852 MB
2026-06-01 10:57:34 | INFO | [ncluster=121/121] AUC-ROC=98.52%  AUC-PR=98.73%  F1=0.9497  MCC=0.9010  Train=5.327s  Test=11.804s  Peak RAM Train=44.306 MB  Peak RAM Test=109.42 MB
2026-06-01 10:57:34 | INFO | [ncluster=124/124] AUC-ROC=99.00%  AUC-PR=99.12%  F1=0.9542  MCC=0.9097  Train=5.820s  Test=14.039s  Peak RAM Train=44.303 MB  Peak RAM Test=111.988 MB
2026-06-01 10:57:34 | INFO | [ncluster=127/127] AUC-ROC=98.75%  AUC-PR=98.95%  F1=0.9526  MCC=0.9066  Train=4.528s  Test=14.997s  Peak RAM Train=44.298 MB  Peak RAM Test=114.556 MB
2026-06-01 10:57:34 | INFO | [ncluster=130/130] AUC-ROC=98.77%  AUC-PR=99.00%  F1=0.9554  MCC=0.9127  Train=5.788s  Test=14.565s  Peak RAM Train=44.303 MB  Peak RAM Test=117.124 MB
2026-06-01 10:57:34 | INFO | [ncluster=133/133] AUC-ROC=98.44%  AUC-PR=98.66%  F1=0.9478  MCC=0.8970  Train=4.228s  Test=15.076s  Peak RAM Train=44.303 MB  Peak RAM Test=119.692 MB
2026-06-01 10:57:34 | INFO | [ncluster=136/136] AUC-ROC=98.75%  AUC-PR=98.94%  F1=0.9518  MCC=0.9044  Train=6.188s  Test=12.198s  Peak RAM Train=44.307 MB  Peak RAM Test=122.26 MB
2026-06-01 10:57:34 | INFO | [ncluster=139/139] AUC-ROC=98.60%  AUC-PR=98.73%  F1=0.9464  MCC=0.8924  Train=4.441s  Test=10.986s  Peak RAM Train=44.305 MB  Peak RAM Test=124.828 MB
2026-06-01 10:57:34 | INFO | [ncluster=142/142] AUC-ROC=98.77%  AUC-PR=98.95%  F1=0.9544  MCC=0.9084  Train=4.380s  Test=13.677s  Peak RAM Train=44.305 MB  Peak RAM Test=127.396 MB
2026-06-01 10:57:34 | INFO | [ncluster=145/145] AUC-ROC=99.03%  AUC-PR=99.17%  F1=0.9597  MCC=0.9197  Train=3.101s  Test=16.755s  Peak RAM Train=44.308 MB  Peak RAM Test=129.964 MB
2026-06-01 10:57:34 | INFO | [ncluster=148/148] AUC-ROC=99.07%  AUC-PR=99.24%  F1=0.9618  MCC=0.9237  Train=6.158s  Test=18.141s  Peak RAM Train=44.303 MB  Peak RAM Test=132.532 MB
2026-06-01 10:57:34 | INFO | [ncluster=151/151] AUC-ROC=98.68%  AUC-PR=98.82%  F1=0.9480  MCC=0.8979  Train=3.580s  Test=13.550s  Peak RAM Train=44.311 MB  Peak RAM Test=135.1 MB
2026-06-01 10:57:34 | INFO | [ncluster=154/154] AUC-ROC=98.99%  AUC-PR=99.18%  F1=0.9593  MCC=0.9198  Train=5.594s  Test=15.770s  Peak RAM Train=44.306 MB  Peak RAM Test=137.668 MB
2026-06-01 10:57:34 | INFO | [ncluster=157/157] AUC-ROC=98.78%  AUC-PR=98.97%  F1=0.9549  MCC=0.9104  Train=4.051s  Test=10.913s  Peak RAM Train=44.311 MB  Peak RAM Test=140.236 MB
2026-06-01 10:57:34 | INFO | [ncluster=160/160] AUC-ROC=98.86%  AUC-PR=98.96%  F1=0.9571  MCC=0.9143  Train=4.678s  Test=14.954s  Peak RAM Train=44.307 MB  Peak RAM Test=142.804 MB
2026-06-01 10:57:34 | INFO | [ncluster=163/163] AUC-ROC=98.77%  AUC-PR=98.93%  F1=0.9502  MCC=0.9000  Train=4.995s  Test=18.801s  Peak RAM Train=44.308 MB  Peak RAM Test=145.372 MB
2026-06-01 10:57:34 | INFO | [ncluster=166/166] AUC-ROC=98.77%  AUC-PR=98.77%  F1=0.9537  MCC=0.9067  Train=4.480s  Test=15.849s  Peak RAM Train=44.312 MB  Peak RAM Test=147.94 MB
2026-06-01 10:57:34 | INFO | [ncluster=169/169] AUC-ROC=99.19%  AUC-PR=99.31%  F1=0.9654  MCC=0.9308  Train=3.841s  Test=22.127s  Peak RAM Train=44.312 MB  Peak RAM Test=150.508 MB
2026-06-01 10:57:34 | INFO | [ncluster=172/172] AUC-ROC=98.85%  AUC-PR=98.94%  F1=0.9555  MCC=0.9106  Train=5.059s  Test=20.455s  Peak RAM Train=44.312 MB  Peak RAM Test=153.076 MB
2026-06-01 10:57:34 | INFO | [ncluster=175/175] AUC-ROC=99.26%  AUC-PR=99.34%  F1=0.9637  MCC=0.9282  Train=4.515s  Test=16.173s  Peak RAM Train=44.312 MB  Peak RAM Test=155.644 MB
2026-06-01 10:57:34 | INFO | [ncluster=178/178] AUC-ROC=98.82%  AUC-PR=98.92%  F1=0.9510  MCC=0.9017  Train=4.883s  Test=15.076s  Peak RAM Train=44.317 MB  Peak RAM Test=158.212 MB
2026-06-01 10:57:34 | INFO | [ncluster=181/181] AUC-ROC=98.83%  AUC-PR=98.90%  F1=0.9520  MCC=0.9038  Train=3.241s  Test=13.255s  Peak RAM Train=44.314 MB  Peak RAM Test=160.78 MB
2026-06-01 10:57:34 | INFO | [ncluster=184/184] AUC-ROC=98.97%  AUC-PR=99.13%  F1=0.9573  MCC=0.9154  Train=5.734s  Test=16.749s  Peak RAM Train=44.312 MB  Peak RAM Test=163.348 MB
2026-06-01 10:57:34 | INFO | [ncluster=187/187] AUC-ROC=98.93%  AUC-PR=99.01%  F1=0.9544  MCC=0.9081  Train=4.640s  Test=15.848s  Peak RAM Train=44.316 MB  Peak RAM Test=165.916 MB
2026-06-01 10:57:34 | INFO | [ncluster=190/190] AUC-ROC=99.11%  AUC-PR=99.22%  F1=0.9591  MCC=0.9190  Train=5.120s  Test=17.492s  Peak RAM Train=44.315 MB  Peak RAM Test=168.484 MB
2026-06-01 10:57:34 | INFO | [ncluster=193/193] AUC-ROC=98.61%  AUC-PR=98.61%  F1=0.9492  MCC=0.8984  Train=4.478s  Test=20.127s  Peak RAM Train=44.317 MB  Peak RAM Test=171.052 MB
2026-06-01 10:57:34 | INFO | [ncluster=196/196] AUC-ROC=98.79%  AUC-PR=98.75%  F1=0.9537  MCC=0.9075  Train=3.978s  Test=21.562s  Peak RAM Train=44.318 MB  Peak RAM Test=173.62 MB
2026-06-01 10:57:34 | INFO | [ncluster=199/199] AUC-ROC=98.72%  AUC-PR=98.79%  F1=0.9488  MCC=0.8971  Train=4.169s  Test=20.054s  Peak RAM Train=44.318 MB  Peak RAM Test=176.188 MB
2026-06-01 10:57:34 | INFO | [ncluster=202/202] AUC-ROC=98.94%  AUC-PR=98.97%  F1=0.9569  MCC=0.9131  Train=3.664s  Test=15.611s  Peak RAM Train=44.32 MB  Peak RAM Test=178.756 MB
2026-06-01 10:57:34 | INFO | [ncluster=205/205] AUC-ROC=98.71%  AUC-PR=98.68%  F1=0.9501  MCC=0.8982  Train=4.877s  Test=17.220s  Peak RAM Train=44.319 MB  Peak RAM Test=181.324 MB
2026-06-01 10:57:35 | INFO | [ncluster=208/208] AUC-ROC=98.86%  AUC-PR=98.90%  F1=0.9537  MCC=0.9064  Train=4.583s  Test=19.987s  Peak RAM Train=44.319 MB  Peak RAM Test=183.892 MB
2026-06-01 10:57:35 | INFO | [ncluster=211/211] AUC-ROC=97.94%  AUC-PR=97.57%  F1=0.9299  MCC=0.8556  Train=4.178s  Test=16.367s  Peak RAM Train=44.322 MB  Peak RAM Test=186.46 MB
2026-06-01 10:57:35 | INFO | [ncluster=214/214] AUC-ROC=98.76%  AUC-PR=98.67%  F1=0.9535  MCC=0.9054  Train=4.604s  Test=17.494s  Peak RAM Train=44.324 MB  Peak RAM Test=189.028 MB
2026-06-01 10:57:35 | INFO | [ncluster=217/217] AUC-ROC=98.92%  AUC-PR=98.96%  F1=0.9547  MCC=0.9082  Train=3.813s  Test=15.505s  Peak RAM Train=44.323 MB  Peak RAM Test=191.596 MB
2026-06-01 10:57:35 | INFO | [ncluster=220/220] AUC-ROC=99.02%  AUC-PR=99.05%  F1=0.9614  MCC=0.9218  Train=3.270s  Test=13.906s  Peak RAM Train=44.324 MB  Peak RAM Test=194.164 MB
2026-06-01 10:57:35 | INFO | [ncluster=223/223] AUC-ROC=98.50%  AUC-PR=98.23%  F1=0.9523  MCC=0.9029  Train=2.413s  Test=16.313s  Peak RAM Train=44.318 MB  Peak RAM Test=196.732 MB
2026-06-01 10:57:35 | INFO | [ncluster=226/226] AUC-ROC=98.76%  AUC-PR=98.61%  F1=0.9576  MCC=0.9142  Train=2.898s  Test=17.655s  Peak RAM Train=44.323 MB  Peak RAM Test=199.3 MB
2026-06-01 10:57:35 | INFO | [ncluster=229/229] AUC-ROC=98.30%  AUC-PR=98.15%  F1=0.9395  MCC=0.8769  Train=2.363s  Test=18.968s  Peak RAM Train=44.325 MB  Peak RAM Test=201.868 MB
2026-06-01 10:57:35 | INFO | [ncluster=232/232] AUC-ROC=98.95%  AUC-PR=98.78%  F1=0.9613  MCC=0.9211  Train=2.731s  Test=10.252s  Peak RAM Train=44.326 MB  Peak RAM Test=204.436 MB
2026-06-01 10:57:35 | INFO | [ncluster=235/235] AUC-ROC=98.32%  AUC-PR=98.22%  F1=0.9424  MCC=0.8821  Train=2.504s  Test=13.286s  Peak RAM Train=44.324 MB  Peak RAM Test=207.004 MB
2026-06-01 10:57:35 | INFO | [ncluster=238/238] AUC-ROC=99.08%  AUC-PR=99.07%  F1=0.9578  MCC=0.9142  Train=2.295s  Test=9.023s  Peak RAM Train=44.326 MB  Peak RAM Test=209.572 MB
2026-06-01 10:57:35 | INFO | [ncluster=241/241] AUC-ROC=98.98%  AUC-PR=98.88%  F1=0.9619  MCC=0.9229  Train=2.584s  Test=8.090s  Peak RAM Train=44.329 MB  Peak RAM Test=212.14 MB
2026-06-01 10:57:35 | INFO | [ncluster=244/244] AUC-ROC=98.27%  AUC-PR=98.17%  F1=0.9418  MCC=0.8808  Train=2.639s  Test=13.587s  Peak RAM Train=44.324 MB  Peak RAM Test=214.708 MB
2026-06-01 10:57:35 | INFO | [ncluster=247/247] AUC-ROC=99.25%  AUC-PR=99.19%  F1=0.9683  MCC=0.9358  Train=2.528s  Test=13.454s  Peak RAM Train=44.328 MB  Peak RAM Test=217.276 MB
2026-06-01 10:57:35 | INFO | [ncluster=250/250] AUC-ROC=98.32%  AUC-PR=98.23%  F1=0.9424  MCC=0.8823  Train=0.736s  Test=4.971s  Peak RAM Train=44.326 MB  Peak RAM Test=219.844 MB
2026-06-01 10:57:35 | INFO | [ncluster=253/253] AUC-ROC=98.78%  AUC-PR=98.75%  F1=0.9539  MCC=0.9066  Train=1.737s  Test=7.412s  Peak RAM Train=44.329 MB  Peak RAM Test=222.412 MB
2026-06-01 10:57:35 | INFO | [ncluster=256/256] AUC-ROC=99.13%  AUC-PR=99.01%  F1=0.9656  MCC=0.9303  Train=1.947s  Test=8.892s  Peak RAM Train=44.327 MB  Peak RAM Test=224.98 MB
2026-06-01 10:57:35 | INFO | [ncluster=259/259] AUC-ROC=97.35%  AUC-PR=97.20%  F1=0.9129  MCC=0.8274  Train=1.117s  Test=4.904s  Peak RAM Train=44.325 MB  Peak RAM Test=227.548 MB
2026-06-01 10:57:35 | INFO | [ncluster=262/262] AUC-ROC=98.91%  AUC-PR=98.81%  F1=0.9588  MCC=0.9164  Train=1.867s  Test=14.855s  Peak RAM Train=44.334 MB  Peak RAM Test=230.116 MB
2026-06-01 10:57:35 | INFO | [ncluster=265/265] AUC-ROC=97.75%  AUC-PR=97.52%  F1=0.9166  MCC=0.8381  Train=1.045s  Test=5.387s  Peak RAM Train=44.332 MB  Peak RAM Test=232.684 MB
2026-06-01 10:57:35 | INFO | [ncluster=268/268] AUC-ROC=96.91%  AUC-PR=96.62%  F1=0.9080  MCC=0.8197  Train=0.894s  Test=5.518s  Peak RAM Train=44.335 MB  Peak RAM Test=235.252 MB
2026-06-01 10:57:35 | INFO | [ncluster=271/271] AUC-ROC=99.42%  AUC-PR=99.39%  F1=0.9727  MCC=0.9448  Train=2.843s  Test=19.638s  Peak RAM Train=44.333 MB  Peak RAM Test=237.82 MB
2026-06-01 10:57:35 | INFO | [ncluster=274/274] AUC-ROC=98.80%  AUC-PR=98.69%  F1=0.9472  MCC=0.8933  Train=3.289s  Test=15.847s  Peak RAM Train=44.336 MB  Peak RAM Test=240.388 MB
2026-06-01 10:57:35 | INFO | [ncluster=277/277] AUC-ROC=97.99%  AUC-PR=97.85%  F1=0.9228  MCC=0.8470  Train=0.234s  Test=13.592s  Peak RAM Train=44.335 MB  Peak RAM Test=242.956 MB
2026-06-01 10:57:35 | INFO | [ncluster=280/280] AUC-ROC=99.24%  AUC-PR=99.19%  F1=0.9684  MCC=0.9357  Train=0.997s  Test=8.084s  Peak RAM Train=44.335 MB  Peak RAM Test=245.524 MB
2026-06-01 10:57:35 | INFO | [ncluster=283/283] AUC-ROC=98.52%  AUC-PR=98.40%  F1=0.9490  MCC=0.8955  Train=0.852s  Test=5.578s  Peak RAM Train=44.333 MB  Peak RAM Test=248.092 MB
2026-06-01 10:57:35 | INFO | [ncluster=286/286] AUC-ROC=98.23%  AUC-PR=98.11%  F1=0.9287  MCC=0.8600  Train=2.532s  Test=12.642s  Peak RAM Train=44.338 MB  Peak RAM Test=250.66 MB
2026-06-01 10:57:35 | INFO | [ncluster=289/289] AUC-ROC=99.23%  AUC-PR=99.15%  F1=0.9703  MCC=0.9396  Train=2.150s  Test=17.879s  Peak RAM Train=44.332 MB  Peak RAM Test=253.228 MB
2026-06-01 10:57:35 | INFO | [ncluster=292/292] AUC-ROC=98.43%  AUC-PR=98.17%  F1=0.9459  MCC=0.8890  Train=2.624s  Test=15.634s  Peak RAM Train=44.338 MB  Peak RAM Test=255.796 MB
2026-06-01 10:57:35 | INFO | [ncluster=295/295] AUC-ROC=99.36%  AUC-PR=99.33%  F1=0.9715  MCC=0.9420  Train=2.571s  Test=18.484s  Peak RAM Train=44.34 MB  Peak RAM Test=258.364 MB
2026-06-01 10:57:35 | INFO | [ncluster=298/298] AUC-ROC=98.29%  AUC-PR=98.06%  F1=0.9409  MCC=0.8784  Train=1.727s  Test=14.767s  Peak RAM Train=44.338 MB  Peak RAM Test=260.932 MB
2026-06-01 10:57:35 | INFO | --- noise=3% ---
2026-06-01 10:57:35 | INFO | ============================================================
2026-06-01 10:57:35 | INFO | Dataset  : Train_Normalizer_data_EdgeIIoTset.csv
2026-06-01 10:57:35 | INFO | Scaler   : Normalizer
2026-06-01 10:57:35 | INFO | Noise    : 3%
2026-06-01 10:57:35 | INFO | nClusters: 100 values (1..298)
2026-06-01 10:57:35 | INFO | K-Means  : Standard KMeans
2026-06-01 10:57:35 | INFO | ============================================================
2026-06-01 10:57:36 | INFO | Loaded Raw Shape -> Train: (30000, 53), Test: (30000, 53)
2026-06-01 10:57:36 | INFO | Training size : 30,900  |  Testing size: 29,100  |  Features: 52
2026-06-01 10:57:36 | INFO | Firing up Parallel execution for 100 cluster configs...
2026-06-01 11:03:49 | INFO | [ncluster=1/1] AUC-ROC=81.77%  AUC-PR=81.83%  F1=0.8071  MCC=0.5673  Train=5.483s  Test=0.189s  Peak RAM Train=45.146 MB  Peak RAM Test=14.261 MB
2026-06-01 11:03:49 | INFO | [ncluster=4/4] AUC-ROC=82.81%  AUC-PR=82.92%  F1=0.7922  MCC=0.5548  Train=4.291s  Test=0.447s  Peak RAM Train=45.153 MB  Peak RAM Test=14.272 MB
2026-06-01 11:03:49 | INFO | [ncluster=7/7] AUC-ROC=78.85%  AUC-PR=78.03%  F1=0.7600  MCC=0.4732  Train=4.692s  Test=0.687s  Peak RAM Train=45.152 MB  Peak RAM Test=14.283 MB
2026-06-01 11:03:49 | INFO | [ncluster=10/10] AUC-ROC=82.97%  AUC-PR=83.61%  F1=0.7991  MCC=0.5738  Train=5.428s  Test=1.655s  Peak RAM Train=45.154 MB  Peak RAM Test=14.404 MB
2026-06-01 11:03:49 | INFO | [ncluster=13/13] AUC-ROC=80.95%  AUC-PR=81.94%  F1=0.7816  MCC=0.5281  Train=5.314s  Test=1.392s  Peak RAM Train=45.159 MB  Peak RAM Test=16.972 MB
2026-06-01 11:03:49 | INFO | [ncluster=16/16] AUC-ROC=99.02%  AUC-PR=98.76%  F1=0.9708  MCC=0.9396  Train=6.065s  Test=1.781s  Peak RAM Train=45.158 MB  Peak RAM Test=19.54 MB
2026-06-01 11:03:49 | INFO | [ncluster=19/19] AUC-ROC=98.64%  AUC-PR=98.17%  F1=0.9609  MCC=0.9184  Train=4.592s  Test=1.094s  Peak RAM Train=45.151 MB  Peak RAM Test=22.108 MB
2026-06-01 11:03:49 | INFO | [ncluster=22/22] AUC-ROC=98.85%  AUC-PR=98.68%  F1=0.9613  MCC=0.9194  Train=4.577s  Test=1.578s  Peak RAM Train=45.158 MB  Peak RAM Test=24.676 MB
2026-06-01 11:03:49 | INFO | [ncluster=25/25] AUC-ROC=99.10%  AUC-PR=99.02%  F1=0.9629  MCC=0.9226  Train=4.706s  Test=1.258s  Peak RAM Train=45.159 MB  Peak RAM Test=27.244 MB
2026-06-01 11:03:49 | INFO | [ncluster=28/28] AUC-ROC=98.88%  AUC-PR=98.72%  F1=0.9602  MCC=0.9169  Train=5.331s  Test=4.349s  Peak RAM Train=45.158 MB  Peak RAM Test=29.812 MB
2026-06-01 11:03:49 | INFO | [ncluster=31/31] AUC-ROC=97.40%  AUC-PR=95.81%  F1=0.9489  MCC=0.8930  Train=3.717s  Test=3.578s  Peak RAM Train=45.166 MB  Peak RAM Test=32.38 MB
2026-06-01 11:03:49 | INFO | [ncluster=34/34] AUC-ROC=98.36%  AUC-PR=98.08%  F1=0.9551  MCC=0.9071  Train=5.306s  Test=4.958s  Peak RAM Train=45.162 MB  Peak RAM Test=34.948 MB
2026-06-01 11:03:49 | INFO | [ncluster=37/37] AUC-ROC=98.42%  AUC-PR=97.88%  F1=0.9612  MCC=0.9192  Train=5.942s  Test=5.171s  Peak RAM Train=45.16 MB  Peak RAM Test=37.516 MB
2026-06-01 11:03:49 | INFO | [ncluster=40/40] AUC-ROC=98.52%  AUC-PR=98.23%  F1=0.9588  MCC=0.9144  Train=3.937s  Test=4.926s  Peak RAM Train=45.157 MB  Peak RAM Test=40.084 MB
2026-06-01 11:03:49 | INFO | [ncluster=43/43] AUC-ROC=98.58%  AUC-PR=98.28%  F1=0.9567  MCC=0.9096  Train=5.380s  Test=4.709s  Peak RAM Train=45.16 MB  Peak RAM Test=42.652 MB
2026-06-01 11:03:49 | INFO | [ncluster=46/46] AUC-ROC=98.53%  AUC-PR=98.48%  F1=0.9522  MCC=0.9013  Train=4.471s  Test=5.442s  Peak RAM Train=45.158 MB  Peak RAM Test=45.22 MB
2026-06-01 11:03:49 | INFO | [ncluster=49/49] AUC-ROC=98.57%  AUC-PR=98.25%  F1=0.9577  MCC=0.9126  Train=4.951s  Test=5.137s  Peak RAM Train=45.163 MB  Peak RAM Test=47.788 MB
2026-06-01 11:03:49 | INFO | [ncluster=52/52] AUC-ROC=98.70%  AUC-PR=98.60%  F1=0.9625  MCC=0.9226  Train=6.219s  Test=6.676s  Peak RAM Train=45.161 MB  Peak RAM Test=50.356 MB
2026-06-01 11:03:49 | INFO | [ncluster=55/55] AUC-ROC=98.01%  AUC-PR=97.73%  F1=0.9518  MCC=0.9003  Train=4.240s  Test=5.127s  Peak RAM Train=45.159 MB  Peak RAM Test=52.924 MB
2026-06-01 11:03:49 | INFO | [ncluster=58/58] AUC-ROC=98.93%  AUC-PR=98.79%  F1=0.9674  MCC=0.9326  Train=2.488s  Test=6.279s  Peak RAM Train=45.163 MB  Peak RAM Test=55.492 MB
2026-06-01 11:03:49 | INFO | [ncluster=61/61] AUC-ROC=99.01%  AUC-PR=99.02%  F1=0.9671  MCC=0.9320  Train=3.001s  Test=3.982s  Peak RAM Train=45.164 MB  Peak RAM Test=58.06 MB
2026-06-01 11:03:49 | INFO | [ncluster=64/64] AUC-ROC=97.98%  AUC-PR=98.03%  F1=0.9486  MCC=0.8950  Train=5.038s  Test=2.424s  Peak RAM Train=45.166 MB  Peak RAM Test=60.628 MB
2026-06-01 11:03:49 | INFO | [ncluster=67/67] AUC-ROC=99.02%  AUC-PR=99.06%  F1=0.9623  MCC=0.9223  Train=1.695s  Test=2.407s  Peak RAM Train=45.171 MB  Peak RAM Test=63.196 MB
2026-06-01 11:03:49 | INFO | [ncluster=70/70] AUC-ROC=98.19%  AUC-PR=98.11%  F1=0.9510  MCC=0.8993  Train=4.007s  Test=5.787s  Peak RAM Train=45.168 MB  Peak RAM Test=65.764 MB
2026-06-01 11:03:49 | INFO | [ncluster=73/73] AUC-ROC=98.29%  AUC-PR=98.31%  F1=0.9482  MCC=0.8938  Train=5.745s  Test=10.743s  Peak RAM Train=45.167 MB  Peak RAM Test=68.332 MB
2026-06-01 11:03:49 | INFO | [ncluster=76/76] AUC-ROC=95.23%  AUC-PR=93.81%  F1=0.9204  MCC=0.8315  Train=6.003s  Test=8.188s  Peak RAM Train=45.169 MB  Peak RAM Test=70.9 MB
2026-06-01 11:03:49 | INFO | [ncluster=79/79] AUC-ROC=93.50%  AUC-PR=91.43%  F1=0.9059  MCC=0.7995  Train=3.998s  Test=9.052s  Peak RAM Train=45.169 MB  Peak RAM Test=73.468 MB
2026-06-01 11:03:49 | INFO | [ncluster=82/82] AUC-ROC=91.88%  AUC-PR=90.42%  F1=0.8713  MCC=0.7222  Train=5.130s  Test=8.240s  Peak RAM Train=45.169 MB  Peak RAM Test=76.036 MB
2026-06-01 11:03:49 | INFO | [ncluster=85/85] AUC-ROC=93.28%  AUC-PR=91.93%  F1=0.8870  MCC=0.7575  Train=5.459s  Test=9.136s  Peak RAM Train=45.169 MB  Peak RAM Test=78.604 MB
2026-06-01 11:03:49 | INFO | [ncluster=88/88] AUC-ROC=93.97%  AUC-PR=92.71%  F1=0.8904  MCC=0.7660  Train=4.821s  Test=9.225s  Peak RAM Train=45.17 MB  Peak RAM Test=81.172 MB
2026-06-01 11:03:49 | INFO | [ncluster=91/91] AUC-ROC=98.25%  AUC-PR=97.76%  F1=0.9473  MCC=0.8898  Train=5.335s  Test=11.641s  Peak RAM Train=45.167 MB  Peak RAM Test=83.74 MB
2026-06-01 11:03:49 | INFO | [ncluster=94/94] AUC-ROC=98.47%  AUC-PR=98.14%  F1=0.9540  MCC=0.9041  Train=6.719s  Test=8.974s  Peak RAM Train=45.174 MB  Peak RAM Test=86.308 MB
2026-06-01 11:03:49 | INFO | [ncluster=97/97] AUC-ROC=93.66%  AUC-PR=92.38%  F1=0.8901  MCC=0.7649  Train=5.221s  Test=8.826s  Peak RAM Train=45.175 MB  Peak RAM Test=88.876 MB
2026-06-01 11:03:49 | INFO | [ncluster=100/100] AUC-ROC=98.38%  AUC-PR=97.99%  F1=0.9551  MCC=0.9063  Train=5.525s  Test=10.716s  Peak RAM Train=45.173 MB  Peak RAM Test=91.444 MB
2026-06-01 11:03:49 | INFO | [ncluster=103/103] AUC-ROC=97.98%  AUC-PR=97.32%  F1=0.9415  MCC=0.8776  Train=5.029s  Test=10.496s  Peak RAM Train=45.176 MB  Peak RAM Test=94.012 MB
2026-06-01 11:03:49 | INFO | [ncluster=106/106] AUC-ROC=97.98%  AUC-PR=97.44%  F1=0.9437  MCC=0.8819  Train=4.502s  Test=13.316s  Peak RAM Train=45.174 MB  Peak RAM Test=96.58 MB
2026-06-01 11:03:49 | INFO | [ncluster=109/109] AUC-ROC=98.16%  AUC-PR=97.71%  F1=0.9469  MCC=0.8888  Train=3.079s  Test=10.034s  Peak RAM Train=45.176 MB  Peak RAM Test=99.148 MB
2026-06-01 11:03:49 | INFO | [ncluster=112/112] AUC-ROC=97.90%  AUC-PR=97.18%  F1=0.9446  MCC=0.8838  Train=6.651s  Test=15.096s  Peak RAM Train=45.173 MB  Peak RAM Test=101.716 MB
2026-06-01 11:03:49 | INFO | [ncluster=115/115] AUC-ROC=99.11%  AUC-PR=98.92%  F1=0.9674  MCC=0.9324  Train=4.561s  Test=13.565s  Peak RAM Train=45.177 MB  Peak RAM Test=104.287 MB
2026-06-01 11:03:49 | INFO | [ncluster=118/118] AUC-ROC=98.44%  AUC-PR=97.99%  F1=0.9555  MCC=0.9073  Train=6.555s  Test=12.958s  Peak RAM Train=45.177 MB  Peak RAM Test=106.852 MB
2026-06-01 11:03:49 | INFO | [ncluster=121/121] AUC-ROC=98.07%  AUC-PR=97.49%  F1=0.9498  MCC=0.8948  Train=6.091s  Test=17.006s  Peak RAM Train=45.178 MB  Peak RAM Test=109.42 MB
2026-06-01 11:03:49 | INFO | [ncluster=124/124] AUC-ROC=98.34%  AUC-PR=97.77%  F1=0.9534  MCC=0.9025  Train=2.950s  Test=12.318s  Peak RAM Train=45.177 MB  Peak RAM Test=111.988 MB
2026-06-01 11:03:49 | INFO | [ncluster=127/127] AUC-ROC=98.13%  AUC-PR=97.57%  F1=0.9464  MCC=0.8878  Train=5.130s  Test=17.287s  Peak RAM Train=45.178 MB  Peak RAM Test=114.556 MB
2026-06-01 11:03:49 | INFO | [ncluster=130/130] AUC-ROC=98.75%  AUC-PR=98.46%  F1=0.9660  MCC=0.9291  Train=5.890s  Test=15.030s  Peak RAM Train=45.18 MB  Peak RAM Test=117.124 MB
2026-06-01 11:03:49 | INFO | [ncluster=133/133] AUC-ROC=98.62%  AUC-PR=98.32%  F1=0.9591  MCC=0.9146  Train=5.807s  Test=14.198s  Peak RAM Train=45.18 MB  Peak RAM Test=119.692 MB
2026-06-01 11:03:49 | INFO | [ncluster=136/136] AUC-ROC=98.86%  AUC-PR=98.66%  F1=0.9642  MCC=0.9255  Train=3.720s  Test=19.660s  Peak RAM Train=45.178 MB  Peak RAM Test=122.26 MB
2026-06-01 11:03:49 | INFO | [ncluster=139/139] AUC-ROC=98.12%  AUC-PR=97.49%  F1=0.9495  MCC=0.8946  Train=5.481s  Test=13.825s  Peak RAM Train=45.177 MB  Peak RAM Test=124.828 MB
2026-06-01 11:03:49 | INFO | [ncluster=142/142] AUC-ROC=97.29%  AUC-PR=97.19%  F1=0.9197  MCC=0.8328  Train=4.259s  Test=22.755s  Peak RAM Train=45.184 MB  Peak RAM Test=127.396 MB
2026-06-01 11:03:49 | INFO | [ncluster=145/145] AUC-ROC=98.49%  AUC-PR=98.19%  F1=0.9550  MCC=0.9062  Train=4.100s  Test=15.530s  Peak RAM Train=45.177 MB  Peak RAM Test=129.964 MB
2026-06-01 11:03:49 | INFO | [ncluster=148/148] AUC-ROC=94.71%  AUC-PR=93.25%  F1=0.9072  MCC=0.8025  Train=4.771s  Test=17.836s  Peak RAM Train=45.18 MB  Peak RAM Test=132.535 MB
2026-06-01 11:03:49 | INFO | [ncluster=151/151] AUC-ROC=98.98%  AUC-PR=98.86%  F1=0.9646  MCC=0.9263  Train=5.541s  Test=13.507s  Peak RAM Train=45.18 MB  Peak RAM Test=135.1 MB
2026-06-01 11:03:49 | INFO | [ncluster=154/154] AUC-ROC=95.01%  AUC-PR=94.47%  F1=0.8934  MCC=0.7728  Train=6.044s  Test=8.424s  Peak RAM Train=45.185 MB  Peak RAM Test=137.668 MB
2026-06-01 11:03:49 | INFO | [ncluster=157/157] AUC-ROC=98.86%  AUC-PR=98.60%  F1=0.9644  MCC=0.9258  Train=3.439s  Test=15.316s  Peak RAM Train=45.185 MB  Peak RAM Test=140.236 MB
2026-06-01 11:03:49 | INFO | [ncluster=160/160] AUC-ROC=98.53%  AUC-PR=98.24%  F1=0.9612  MCC=0.9191  Train=5.018s  Test=18.600s  Peak RAM Train=45.186 MB  Peak RAM Test=142.804 MB
2026-06-01 11:03:49 | INFO | [ncluster=163/163] AUC-ROC=98.89%  AUC-PR=98.75%  F1=0.9617  MCC=0.9202  Train=6.887s  Test=15.006s  Peak RAM Train=45.188 MB  Peak RAM Test=145.375 MB
2026-06-01 11:03:49 | INFO | [ncluster=166/166] AUC-ROC=98.87%  AUC-PR=98.70%  F1=0.9622  MCC=0.9212  Train=4.137s  Test=20.244s  Peak RAM Train=45.188 MB  Peak RAM Test=147.943 MB
2026-06-01 11:03:49 | INFO | [ncluster=169/169] AUC-ROC=98.93%  AUC-PR=98.78%  F1=0.9637  MCC=0.9244  Train=5.597s  Test=23.907s  Peak RAM Train=45.189 MB  Peak RAM Test=150.511 MB
2026-06-01 11:03:49 | INFO | [ncluster=172/172] AUC-ROC=96.35%  AUC-PR=96.14%  F1=0.9075  MCC=0.8071  Train=5.317s  Test=17.888s  Peak RAM Train=45.186 MB  Peak RAM Test=153.076 MB
2026-06-01 11:03:49 | INFO | [ncluster=175/175] AUC-ROC=98.80%  AUC-PR=98.51%  F1=0.9647  MCC=0.9263  Train=7.124s  Test=18.973s  Peak RAM Train=45.19 MB  Peak RAM Test=155.647 MB
2026-06-01 11:03:49 | INFO | [ncluster=178/178] AUC-ROC=98.96%  AUC-PR=98.83%  F1=0.9641  MCC=0.9253  Train=6.295s  Test=19.085s  Peak RAM Train=45.192 MB  Peak RAM Test=158.215 MB
2026-06-01 11:03:49 | INFO | [ncluster=181/181] AUC-ROC=97.14%  AUC-PR=96.98%  F1=0.9185  MCC=0.8290  Train=6.052s  Test=16.647s  Peak RAM Train=45.19 MB  Peak RAM Test=160.783 MB
2026-06-01 11:03:49 | INFO | [ncluster=184/184] AUC-ROC=97.48%  AUC-PR=97.39%  F1=0.9258  MCC=0.8443  Train=6.699s  Test=23.228s  Peak RAM Train=45.189 MB  Peak RAM Test=163.348 MB
2026-06-01 11:03:49 | INFO | [ncluster=187/187] AUC-ROC=96.67%  AUC-PR=96.44%  F1=0.9127  MCC=0.8173  Train=5.399s  Test=18.853s  Peak RAM Train=45.196 MB  Peak RAM Test=165.916 MB
2026-06-01 11:03:49 | INFO | [ncluster=190/190] AUC-ROC=98.59%  AUC-PR=98.30%  F1=0.9569  MCC=0.9099  Train=3.858s  Test=14.675s  Peak RAM Train=45.189 MB  Peak RAM Test=168.484 MB
2026-06-01 11:03:49 | INFO | [ncluster=193/193] AUC-ROC=97.03%  AUC-PR=96.82%  F1=0.9220  MCC=0.8360  Train=3.967s  Test=20.933s  Peak RAM Train=45.193 MB  Peak RAM Test=171.055 MB
2026-06-01 11:03:49 | INFO | [ncluster=196/196] AUC-ROC=97.57%  AUC-PR=97.40%  F1=0.9263  MCC=0.8460  Train=3.808s  Test=17.956s  Peak RAM Train=45.194 MB  Peak RAM Test=173.623 MB
2026-06-01 11:03:49 | INFO | [ncluster=199/199] AUC-ROC=97.35%  AUC-PR=97.31%  F1=0.9207  MCC=0.8330  Train=5.971s  Test=17.930s  Peak RAM Train=45.195 MB  Peak RAM Test=176.191 MB
2026-06-01 11:03:49 | INFO | [ncluster=202/202] AUC-ROC=97.19%  AUC-PR=97.06%  F1=0.9170  MCC=0.8272  Train=4.439s  Test=17.187s  Peak RAM Train=45.196 MB  Peak RAM Test=178.759 MB
2026-06-01 11:03:49 | INFO | [ncluster=205/205] AUC-ROC=96.81%  AUC-PR=96.60%  F1=0.9131  MCC=0.8180  Train=5.363s  Test=21.155s  Peak RAM Train=45.195 MB  Peak RAM Test=181.327 MB
2026-06-01 11:03:49 | INFO | [ncluster=208/208] AUC-ROC=96.91%  AUC-PR=96.70%  F1=0.9190  MCC=0.8294  Train=3.514s  Test=14.538s  Peak RAM Train=45.201 MB  Peak RAM Test=183.892 MB
2026-06-01 11:03:49 | INFO | [ncluster=211/211] AUC-ROC=97.11%  AUC-PR=96.90%  F1=0.9215  MCC=0.8356  Train=5.165s  Test=19.671s  Peak RAM Train=45.193 MB  Peak RAM Test=186.463 MB
2026-06-01 11:03:49 | INFO | [ncluster=214/214] AUC-ROC=97.58%  AUC-PR=97.42%  F1=0.9285  MCC=0.8509  Train=5.203s  Test=17.940s  Peak RAM Train=45.198 MB  Peak RAM Test=189.031 MB
2026-06-01 11:03:49 | INFO | [ncluster=217/217] AUC-ROC=92.48%  AUC-PR=90.68%  F1=0.8787  MCC=0.7386  Train=4.271s  Test=17.407s  Peak RAM Train=45.199 MB  Peak RAM Test=191.599 MB
2026-06-01 11:03:49 | INFO | [ncluster=220/220] AUC-ROC=97.53%  AUC-PR=97.38%  F1=0.9258  MCC=0.8443  Train=3.056s  Test=21.706s  Peak RAM Train=45.196 MB  Peak RAM Test=194.167 MB
2026-06-01 11:03:49 | INFO | [ncluster=223/223] AUC-ROC=95.64%  AUC-PR=95.10%  F1=0.8978  MCC=0.7868  Train=4.402s  Test=26.810s  Peak RAM Train=45.2 MB  Peak RAM Test=196.735 MB
2026-06-01 11:03:49 | INFO | [ncluster=226/226] AUC-ROC=95.96%  AUC-PR=95.68%  F1=0.8971  MCC=0.7854  Train=3.477s  Test=18.052s  Peak RAM Train=45.197 MB  Peak RAM Test=199.303 MB
2026-06-01 11:03:49 | INFO | [ncluster=229/229] AUC-ROC=96.53%  AUC-PR=96.12%  F1=0.9125  MCC=0.8157  Train=4.983s  Test=21.156s  Peak RAM Train=45.201 MB  Peak RAM Test=201.871 MB
2026-06-01 11:03:49 | INFO | [ncluster=232/232] AUC-ROC=97.17%  AUC-PR=96.70%  F1=0.9276  MCC=0.8475  Train=2.651s  Test=18.245s  Peak RAM Train=45.202 MB  Peak RAM Test=204.439 MB
2026-06-01 11:03:49 | INFO | [ncluster=235/235] AUC-ROC=97.11%  AUC-PR=96.89%  F1=0.9207  MCC=0.8333  Train=3.623s  Test=16.725s  Peak RAM Train=45.198 MB  Peak RAM Test=207.007 MB
2026-06-01 11:03:49 | INFO | [ncluster=238/238] AUC-ROC=97.18%  AUC-PR=97.01%  F1=0.9227  MCC=0.8370  Train=4.090s  Test=14.307s  Peak RAM Train=45.202 MB  Peak RAM Test=209.575 MB
2026-06-01 11:03:49 | INFO | [ncluster=241/241] AUC-ROC=96.69%  AUC-PR=96.15%  F1=0.9185  MCC=0.8287  Train=4.911s  Test=15.858s  Peak RAM Train=45.201 MB  Peak RAM Test=212.143 MB
2026-06-01 11:03:49 | INFO | [ncluster=244/244] AUC-ROC=96.17%  AUC-PR=95.74%  F1=0.9024  MCC=0.7946  Train=2.766s  Test=15.484s  Peak RAM Train=45.204 MB  Peak RAM Test=214.708 MB
2026-06-01 11:03:49 | INFO | [ncluster=247/247] AUC-ROC=97.15%  AUC-PR=97.02%  F1=0.9185  MCC=0.8299  Train=3.102s  Test=15.440s  Peak RAM Train=45.201 MB  Peak RAM Test=217.279 MB
2026-06-01 11:03:49 | INFO | [ncluster=250/250] AUC-ROC=96.14%  AUC-PR=95.62%  F1=0.9049  MCC=0.8008  Train=3.653s  Test=12.086s  Peak RAM Train=45.206 MB  Peak RAM Test=219.847 MB
2026-06-01 11:03:49 | INFO | [ncluster=253/253] AUC-ROC=97.23%  AUC-PR=96.77%  F1=0.9295  MCC=0.8515  Train=4.181s  Test=16.947s  Peak RAM Train=45.205 MB  Peak RAM Test=222.415 MB
2026-06-01 11:03:49 | INFO | [ncluster=256/256] AUC-ROC=97.17%  AUC-PR=96.45%  F1=0.9353  MCC=0.8638  Train=2.485s  Test=13.468s  Peak RAM Train=45.211 MB  Peak RAM Test=224.98 MB
2026-06-01 11:03:49 | INFO | [ncluster=259/259] AUC-ROC=98.02%  AUC-PR=97.91%  F1=0.9304  MCC=0.8561  Train=1.948s  Test=10.231s  Peak RAM Train=45.205 MB  Peak RAM Test=227.551 MB
2026-06-01 11:03:49 | INFO | [ncluster=262/262] AUC-ROC=97.74%  AUC-PR=97.58%  F1=0.9324  MCC=0.8578  Train=2.275s  Test=14.254s  Peak RAM Train=45.214 MB  Peak RAM Test=230.116 MB
2026-06-01 11:03:49 | INFO | [ncluster=265/265] AUC-ROC=96.28%  AUC-PR=95.77%  F1=0.9090  MCC=0.8071  Train=1.363s  Test=14.816s  Peak RAM Train=45.209 MB  Peak RAM Test=232.684 MB
2026-06-01 11:03:49 | INFO | [ncluster=268/268] AUC-ROC=97.55%  AUC-PR=97.47%  F1=0.9207  MCC=0.8361  Train=2.461s  Test=8.581s  Peak RAM Train=45.21 MB  Peak RAM Test=235.252 MB
2026-06-01 11:03:49 | INFO | [ncluster=271/271] AUC-ROC=96.92%  AUC-PR=96.61%  F1=0.9128  MCC=0.8173  Train=2.734s  Test=13.840s  Peak RAM Train=45.208 MB  Peak RAM Test=237.823 MB
2026-06-01 11:03:49 | INFO | [ncluster=274/274] AUC-ROC=96.56%  AUC-PR=96.19%  F1=0.9057  MCC=0.8032  Train=2.956s  Test=16.343s  Peak RAM Train=45.218 MB  Peak RAM Test=240.388 MB
2026-06-01 11:03:49 | INFO | [ncluster=277/277] AUC-ROC=96.88%  AUC-PR=96.59%  F1=0.9107  MCC=0.8143  Train=2.559s  Test=18.217s  Peak RAM Train=45.21 MB  Peak RAM Test=242.959 MB
2026-06-01 11:03:49 | INFO | [ncluster=280/280] AUC-ROC=96.47%  AUC-PR=96.07%  F1=0.9049  MCC=0.8015  Train=2.485s  Test=9.323s  Peak RAM Train=45.207 MB  Peak RAM Test=245.527 MB
2026-06-01 11:03:49 | INFO | [ncluster=283/283] AUC-ROC=97.11%  AUC-PR=96.79%  F1=0.9171  MCC=0.8272  Train=2.321s  Test=7.378s  Peak RAM Train=45.217 MB  Peak RAM Test=248.092 MB
2026-06-01 11:03:49 | INFO | [ncluster=286/286] AUC-ROC=96.51%  AUC-PR=95.79%  F1=0.9218  MCC=0.8346  Train=1.337s  Test=6.903s  Peak RAM Train=45.213 MB  Peak RAM Test=250.663 MB
2026-06-01 11:03:49 | INFO | [ncluster=289/289] AUC-ROC=97.14%  AUC-PR=96.62%  F1=0.9259  MCC=0.8440  Train=1.218s  Test=5.945s  Peak RAM Train=45.217 MB  Peak RAM Test=253.228 MB
2026-06-01 11:03:49 | INFO | [ncluster=292/292] AUC-ROC=95.90%  AUC-PR=95.53%  F1=0.8974  MCC=0.7882  Train=2.016s  Test=8.102s  Peak RAM Train=45.219 MB  Peak RAM Test=255.796 MB
2026-06-01 11:03:49 | INFO | [ncluster=295/295] AUC-ROC=96.93%  AUC-PR=96.05%  F1=0.9320  MCC=0.8569  Train=1.067s  Test=4.412s  Peak RAM Train=45.217 MB  Peak RAM Test=258.364 MB
2026-06-01 11:03:49 | INFO | [ncluster=298/298] AUC-ROC=97.57%  AUC-PR=97.30%  F1=0.9241  MCC=0.8423  Train=0.879s  Test=4.462s  Peak RAM Train=45.218 MB  Peak RAM Test=260.932 MB
2026-06-01 11:03:49 | INFO | --- noise=5% ---
2026-06-01 11:03:49 | INFO | ============================================================
2026-06-01 11:03:49 | INFO | Dataset  : Train_Normalizer_data_EdgeIIoTset.csv
2026-06-01 11:03:49 | INFO | Scaler   : Normalizer
2026-06-01 11:03:49 | INFO | Noise    : 5%
2026-06-01 11:03:49 | INFO | nClusters: 100 values (1..298)
2026-06-01 11:03:49 | INFO | K-Means  : Standard KMeans
2026-06-01 11:03:49 | INFO | ============================================================
2026-06-01 11:03:50 | INFO | Loaded Raw Shape -> Train: (30000, 53), Test: (30000, 53)
2026-06-01 11:03:50 | INFO | Training size : 31,500  |  Testing size: 28,500  |  Features: 52
2026-06-01 11:03:50 | INFO | Firing up Parallel execution for 100 cluster configs...
2026-06-01 11:10:31 | INFO | [ncluster=1/1] AUC-ROC=91.54%  AUC-PR=91.99%  F1=0.9069  MCC=0.8002  Train=2.591s  Test=0.131s  Peak RAM Train=46.022 MB  Peak RAM Test=14.544 MB
2026-06-01 11:10:31 | INFO | [ncluster=4/4] AUC-ROC=91.82%  AUC-PR=92.75%  F1=0.9020  MCC=0.7882  Train=1.817s  Test=0.162s  Peak RAM Train=46.029 MB  Peak RAM Test=14.562 MB
2026-06-01 11:10:31 | INFO | [ncluster=7/7] AUC-ROC=90.88%  AUC-PR=91.40%  F1=0.8965  MCC=0.7770  Train=3.408s  Test=0.483s  Peak RAM Train=46.03 MB  Peak RAM Test=14.58 MB
2026-06-01 11:10:31 | INFO | [ncluster=10/10] AUC-ROC=84.30%  AUC-PR=85.02%  F1=0.8159  MCC=0.6105  Train=3.498s  Test=0.695s  Peak RAM Train=46.025 MB  Peak RAM Test=14.404 MB
2026-06-01 11:10:31 | INFO | [ncluster=13/13] AUC-ROC=81.96%  AUC-PR=82.07%  F1=0.7950  MCC=0.5579  Train=2.328s  Test=0.829s  Peak RAM Train=46.034 MB  Peak RAM Test=16.972 MB
2026-06-01 11:10:31 | INFO | [ncluster=16/16] AUC-ROC=83.69%  AUC-PR=85.68%  F1=0.8082  MCC=0.5946  Train=2.224s  Test=1.043s  Peak RAM Train=46.034 MB  Peak RAM Test=19.54 MB
2026-06-01 11:10:31 | INFO | [ncluster=19/19] AUC-ROC=92.99%  AUC-PR=90.96%  F1=0.8902  MCC=0.7590  Train=2.844s  Test=1.245s  Peak RAM Train=46.031 MB  Peak RAM Test=22.108 MB
2026-06-01 11:10:31 | INFO | [ncluster=22/22] AUC-ROC=90.30%  AUC-PR=88.19%  F1=0.8754  MCC=0.7239  Train=2.211s  Test=1.261s  Peak RAM Train=46.038 MB  Peak RAM Test=24.676 MB
2026-06-01 11:10:31 | INFO | [ncluster=25/25] AUC-ROC=92.73%  AUC-PR=92.03%  F1=0.8886  MCC=0.7547  Train=2.651s  Test=1.447s  Peak RAM Train=46.037 MB  Peak RAM Test=27.244 MB
2026-06-01 11:10:31 | INFO | [ncluster=28/28] AUC-ROC=88.51%  AUC-PR=86.12%  F1=0.8513  MCC=0.6701  Train=2.291s  Test=1.658s  Peak RAM Train=46.036 MB  Peak RAM Test=29.812 MB
2026-06-01 11:10:31 | INFO | [ncluster=31/31] AUC-ROC=91.97%  AUC-PR=90.99%  F1=0.8582  MCC=0.6904  Train=2.779s  Test=1.698s  Peak RAM Train=46.038 MB  Peak RAM Test=32.38 MB
2026-06-01 11:10:31 | INFO | [ncluster=34/34] AUC-ROC=93.42%  AUC-PR=92.14%  F1=0.9025  MCC=0.7897  Train=1.872s  Test=1.439s  Peak RAM Train=46.041 MB  Peak RAM Test=34.948 MB
2026-06-01 11:10:31 | INFO | [ncluster=37/37] AUC-ROC=95.95%  AUC-PR=96.15%  F1=0.9174  MCC=0.8247  Train=2.092s  Test=2.081s  Peak RAM Train=46.039 MB  Peak RAM Test=37.516 MB
2026-06-01 11:10:31 | INFO | [ncluster=40/40] AUC-ROC=91.67%  AUC-PR=87.33%  F1=0.8969  MCC=0.7741  Train=3.160s  Test=2.521s  Peak RAM Train=46.036 MB  Peak RAM Test=40.084 MB
2026-06-01 11:10:31 | INFO | [ncluster=43/43] AUC-ROC=95.09%  AUC-PR=94.01%  F1=0.9192  MCC=0.8271  Train=3.699s  Test=5.475s  Peak RAM Train=46.036 MB  Peak RAM Test=42.652 MB
2026-06-01 11:10:31 | INFO | [ncluster=46/46] AUC-ROC=95.48%  AUC-PR=94.64%  F1=0.9152  MCC=0.8188  Train=2.501s  Test=2.807s  Peak RAM Train=46.034 MB  Peak RAM Test=45.22 MB
2026-06-01 11:10:31 | INFO | [ncluster=49/49] AUC-ROC=93.12%  AUC-PR=91.58%  F1=0.8853  MCC=0.7490  Train=2.145s  Test=3.198s  Peak RAM Train=46.038 MB  Peak RAM Test=47.788 MB
2026-06-01 11:10:31 | INFO | [ncluster=52/52] AUC-ROC=91.49%  AUC-PR=87.46%  F1=0.8910  MCC=0.7606  Train=1.820s  Test=2.011s  Peak RAM Train=46.043 MB  Peak RAM Test=50.356 MB
2026-06-01 11:10:31 | INFO | [ncluster=55/55] AUC-ROC=92.80%  AUC-PR=90.97%  F1=0.8855  MCC=0.7494  Train=4.212s  Test=6.407s  Peak RAM Train=46.044 MB  Peak RAM Test=52.924 MB
2026-06-01 11:10:31 | INFO | [ncluster=58/58] AUC-ROC=92.79%  AUC-PR=91.17%  F1=0.8856  MCC=0.7491  Train=4.311s  Test=4.982s  Peak RAM Train=46.042 MB  Peak RAM Test=55.492 MB
2026-06-01 11:10:31 | INFO | [ncluster=61/61] AUC-ROC=93.97%  AUC-PR=93.14%  F1=0.8881  MCC=0.7562  Train=3.840s  Test=7.362s  Peak RAM Train=46.043 MB  Peak RAM Test=58.06 MB
2026-06-01 11:10:31 | INFO | [ncluster=64/64] AUC-ROC=93.99%  AUC-PR=93.03%  F1=0.8873  MCC=0.7565  Train=3.554s  Test=6.035s  Peak RAM Train=46.042 MB  Peak RAM Test=60.628 MB
2026-06-01 11:10:31 | INFO | [ncluster=67/67] AUC-ROC=93.69%  AUC-PR=92.54%  F1=0.8900  MCC=0.7617  Train=4.856s  Test=7.343s  Peak RAM Train=46.043 MB  Peak RAM Test=63.196 MB
2026-06-01 11:10:31 | INFO | [ncluster=70/70] AUC-ROC=93.31%  AUC-PR=91.90%  F1=0.8775  MCC=0.7359  Train=5.455s  Test=5.322s  Peak RAM Train=46.045 MB  Peak RAM Test=65.764 MB
2026-06-01 11:10:31 | INFO | [ncluster=73/73] AUC-ROC=88.89%  AUC-PR=84.87%  F1=0.8790  MCC=0.7323  Train=5.305s  Test=7.454s  Peak RAM Train=46.045 MB  Peak RAM Test=68.332 MB
2026-06-01 11:10:31 | INFO | [ncluster=76/76] AUC-ROC=94.97%  AUC-PR=94.61%  F1=0.9153  MCC=0.8195  Train=4.559s  Test=7.260s  Peak RAM Train=46.047 MB  Peak RAM Test=70.9 MB
2026-06-01 11:10:31 | INFO | [ncluster=79/79] AUC-ROC=95.49%  AUC-PR=95.20%  F1=0.9159  MCC=0.8211  Train=4.896s  Test=6.659s  Peak RAM Train=46.044 MB  Peak RAM Test=73.468 MB
2026-06-01 11:10:31 | INFO | [ncluster=82/82] AUC-ROC=87.75%  AUC-PR=84.74%  F1=0.8715  MCC=0.7148  Train=5.519s  Test=7.342s  Peak RAM Train=46.043 MB  Peak RAM Test=76.036 MB
2026-06-01 11:10:31 | INFO | [ncluster=85/85] AUC-ROC=90.71%  AUC-PR=87.79%  F1=0.8906  MCC=0.7594  Train=6.024s  Test=11.201s  Peak RAM Train=46.043 MB  Peak RAM Test=78.604 MB
2026-06-01 11:10:31 | INFO | [ncluster=88/88] AUC-ROC=95.16%  AUC-PR=94.36%  F1=0.9098  MCC=0.8082  Train=3.073s  Test=7.982s  Peak RAM Train=46.049 MB  Peak RAM Test=81.172 MB
2026-06-01 11:10:31 | INFO | [ncluster=91/91] AUC-ROC=91.72%  AUC-PR=89.38%  F1=0.8891  MCC=0.7562  Train=4.742s  Test=9.115s  Peak RAM Train=46.052 MB  Peak RAM Test=83.74 MB
2026-06-01 11:10:31 | INFO | [ncluster=94/94] AUC-ROC=96.03%  AUC-PR=96.03%  F1=0.9184  MCC=0.8274  Train=4.887s  Test=8.001s  Peak RAM Train=46.051 MB  Peak RAM Test=86.308 MB
2026-06-01 11:10:31 | INFO | [ncluster=97/97] AUC-ROC=96.47%  AUC-PR=95.75%  F1=0.9365  MCC=0.8645  Train=5.271s  Test=12.623s  Peak RAM Train=46.05 MB  Peak RAM Test=88.876 MB
2026-06-01 11:10:31 | INFO | [ncluster=100/100] AUC-ROC=91.79%  AUC-PR=90.58%  F1=0.8611  MCC=0.6950  Train=4.602s  Test=9.061s  Peak RAM Train=46.051 MB  Peak RAM Test=91.444 MB
2026-06-01 11:10:31 | INFO | [ncluster=103/103] AUC-ROC=94.89%  AUC-PR=94.33%  F1=0.9075  MCC=0.8022  Train=2.839s  Test=11.970s  Peak RAM Train=46.051 MB  Peak RAM Test=94.012 MB
2026-06-01 11:10:31 | INFO | [ncluster=106/106] AUC-ROC=95.59%  AUC-PR=95.51%  F1=0.9113  MCC=0.8121  Train=4.987s  Test=17.284s  Peak RAM Train=46.05 MB  Peak RAM Test=96.58 MB
2026-06-01 11:10:31 | INFO | [ncluster=109/109] AUC-ROC=95.26%  AUC-PR=94.98%  F1=0.9079  MCC=0.8034  Train=6.226s  Test=12.792s  Peak RAM Train=46.045 MB  Peak RAM Test=99.148 MB
2026-06-01 11:10:31 | INFO | [ncluster=112/112] AUC-ROC=97.30%  AUC-PR=97.40%  F1=0.9346  MCC=0.8629  Train=4.314s  Test=11.194s  Peak RAM Train=46.052 MB  Peak RAM Test=101.716 MB
2026-06-01 11:10:31 | INFO | [ncluster=115/115] AUC-ROC=92.75%  AUC-PR=90.85%  F1=0.8884  MCC=0.7542  Train=6.146s  Test=12.612s  Peak RAM Train=46.053 MB  Peak RAM Test=104.284 MB
2026-06-01 11:10:31 | INFO | [ncluster=118/118] AUC-ROC=97.60%  AUC-PR=97.64%  F1=0.9395  MCC=0.8710  Train=4.868s  Test=11.383s  Peak RAM Train=46.049 MB  Peak RAM Test=106.852 MB
2026-06-01 11:10:31 | INFO | [ncluster=121/121] AUC-ROC=98.09%  AUC-PR=98.30%  F1=0.9404  MCC=0.8751  Train=5.288s  Test=11.457s  Peak RAM Train=46.049 MB  Peak RAM Test=109.42 MB
2026-06-01 11:10:31 | INFO | [ncluster=124/124] AUC-ROC=95.42%  AUC-PR=95.07%  F1=0.9143  MCC=0.8153  Train=3.130s  Test=7.493s  Peak RAM Train=46.055 MB  Peak RAM Test=111.988 MB
2026-06-01 11:10:31 | INFO | [ncluster=127/127] AUC-ROC=95.53%  AUC-PR=95.52%  F1=0.9117  MCC=0.8125  Train=5.807s  Test=17.921s  Peak RAM Train=46.057 MB  Peak RAM Test=114.556 MB
2026-06-01 11:10:31 | INFO | [ncluster=130/130] AUC-ROC=95.59%  AUC-PR=95.49%  F1=0.9093  MCC=0.8058  Train=5.578s  Test=15.448s  Peak RAM Train=46.057 MB  Peak RAM Test=117.124 MB
2026-06-01 11:10:31 | INFO | [ncluster=133/133] AUC-ROC=92.54%  AUC-PR=90.38%  F1=0.8947  MCC=0.7694  Train=5.649s  Test=13.131s  Peak RAM Train=46.053 MB  Peak RAM Test=119.692 MB
2026-06-01 11:10:31 | INFO | [ncluster=136/136] AUC-ROC=97.60%  AUC-PR=97.86%  F1=0.9312  MCC=0.8560  Train=5.232s  Test=10.815s  Peak RAM Train=46.054 MB  Peak RAM Test=122.26 MB
2026-06-01 11:10:31 | INFO | [ncluster=139/139] AUC-ROC=96.74%  AUC-PR=96.75%  F1=0.9215  MCC=0.8323  Train=5.108s  Test=14.546s  Peak RAM Train=46.061 MB  Peak RAM Test=124.828 MB
2026-06-01 11:10:31 | INFO | [ncluster=142/142] AUC-ROC=97.49%  AUC-PR=97.66%  F1=0.9359  MCC=0.8645  Train=4.101s  Test=11.277s  Peak RAM Train=46.058 MB  Peak RAM Test=127.396 MB
2026-06-01 11:10:31 | INFO | [ncluster=145/145] AUC-ROC=97.52%  AUC-PR=97.68%  F1=0.9358  MCC=0.8643  Train=7.093s  Test=16.960s  Peak RAM Train=46.055 MB  Peak RAM Test=129.964 MB
2026-06-01 11:10:31 | INFO | [ncluster=148/148] AUC-ROC=97.87%  AUC-PR=97.95%  F1=0.9400  MCC=0.8726  Train=5.230s  Test=15.108s  Peak RAM Train=46.062 MB  Peak RAM Test=132.532 MB
2026-06-01 11:10:31 | INFO | [ncluster=151/151] AUC-ROC=95.23%  AUC-PR=94.85%  F1=0.9043  MCC=0.7925  Train=2.875s  Test=15.605s  Peak RAM Train=46.061 MB  Peak RAM Test=135.1 MB
2026-06-01 11:10:31 | INFO | [ncluster=154/154] AUC-ROC=97.21%  AUC-PR=97.32%  F1=0.9165  MCC=0.8280  Train=6.350s  Test=16.110s  Peak RAM Train=46.06 MB  Peak RAM Test=137.668 MB
2026-06-01 11:10:31 | INFO | [ncluster=157/157] AUC-ROC=97.09%  AUC-PR=97.13%  F1=0.9209  MCC=0.8309  Train=6.484s  Test=17.501s  Peak RAM Train=46.063 MB  Peak RAM Test=140.236 MB
2026-06-01 11:10:31 | INFO | [ncluster=160/160] AUC-ROC=97.42%  AUC-PR=97.38%  F1=0.9361  MCC=0.8651  Train=4.836s  Test=17.122s  Peak RAM Train=46.061 MB  Peak RAM Test=142.804 MB
2026-06-01 11:10:31 | INFO | [ncluster=163/163] AUC-ROC=97.79%  AUC-PR=97.93%  F1=0.9383  MCC=0.8686  Train=5.297s  Test=14.722s  Peak RAM Train=46.061 MB  Peak RAM Test=145.372 MB
2026-06-01 11:10:31 | INFO | [ncluster=166/166] AUC-ROC=97.16%  AUC-PR=97.09%  F1=0.9311  MCC=0.8549  Train=4.280s  Test=15.298s  Peak RAM Train=46.063 MB  Peak RAM Test=147.94 MB
2026-06-01 11:10:31 | INFO | [ncluster=169/169] AUC-ROC=97.85%  AUC-PR=97.98%  F1=0.9399  MCC=0.8725  Train=4.113s  Test=13.973s  Peak RAM Train=46.066 MB  Peak RAM Test=150.508 MB
2026-06-01 11:10:31 | INFO | [ncluster=172/172] AUC-ROC=97.91%  AUC-PR=97.91%  F1=0.9397  MCC=0.8732  Train=6.768s  Test=16.123s  Peak RAM Train=46.064 MB  Peak RAM Test=153.076 MB
2026-06-01 11:10:31 | INFO | [ncluster=175/175] AUC-ROC=97.10%  AUC-PR=96.96%  F1=0.9323  MCC=0.8555  Train=4.859s  Test=21.748s  Peak RAM Train=46.062 MB  Peak RAM Test=155.644 MB
2026-06-01 11:10:31 | INFO | [ncluster=178/178] AUC-ROC=95.13%  AUC-PR=94.73%  F1=0.9044  MCC=0.7938  Train=5.555s  Test=18.410s  Peak RAM Train=46.065 MB  Peak RAM Test=158.212 MB
2026-06-01 11:10:31 | INFO | [ncluster=181/181] AUC-ROC=97.64%  AUC-PR=97.70%  F1=0.9353  MCC=0.8618  Train=4.711s  Test=12.190s  Peak RAM Train=46.067 MB  Peak RAM Test=160.78 MB
2026-06-01 11:10:31 | INFO | [ncluster=184/184] AUC-ROC=96.74%  AUC-PR=96.51%  F1=0.9250  MCC=0.8402  Train=5.101s  Test=14.915s  Peak RAM Train=46.068 MB  Peak RAM Test=163.348 MB
2026-06-01 11:10:31 | INFO | [ncluster=187/187] AUC-ROC=97.85%  AUC-PR=97.96%  F1=0.9381  MCC=0.8695  Train=5.061s  Test=16.345s  Peak RAM Train=46.068 MB  Peak RAM Test=165.916 MB
2026-06-01 11:10:31 | INFO | [ncluster=190/190] AUC-ROC=98.31%  AUC-PR=98.46%  F1=0.9486  MCC=0.8917  Train=4.564s  Test=18.952s  Peak RAM Train=46.07 MB  Peak RAM Test=168.484 MB
2026-06-01 11:10:31 | INFO | [ncluster=193/193] AUC-ROC=98.45%  AUC-PR=98.59%  F1=0.9494  MCC=0.8938  Train=4.355s  Test=16.178s  Peak RAM Train=46.069 MB  Peak RAM Test=171.052 MB
2026-06-01 11:10:31 | INFO | [ncluster=196/196] AUC-ROC=98.16%  AUC-PR=98.36%  F1=0.9427  MCC=0.8791  Train=3.857s  Test=26.473s  Peak RAM Train=46.071 MB  Peak RAM Test=173.62 MB
2026-06-01 11:10:31 | INFO | [ncluster=199/199] AUC-ROC=98.14%  AUC-PR=98.25%  F1=0.9396  MCC=0.8720  Train=5.067s  Test=16.766s  Peak RAM Train=46.073 MB  Peak RAM Test=176.188 MB
2026-06-01 11:10:31 | INFO | [ncluster=202/202] AUC-ROC=95.07%  AUC-PR=94.29%  F1=0.9098  MCC=0.8060  Train=5.883s  Test=21.091s  Peak RAM Train=46.068 MB  Peak RAM Test=178.756 MB
2026-06-01 11:10:31 | INFO | [ncluster=205/205] AUC-ROC=98.61%  AUC-PR=98.71%  F1=0.9526  MCC=0.9001  Train=4.906s  Test=17.452s  Peak RAM Train=46.072 MB  Peak RAM Test=181.324 MB
2026-06-01 11:10:31 | INFO | [ncluster=208/208] AUC-ROC=97.26%  AUC-PR=97.26%  F1=0.9299  MCC=0.8511  Train=3.086s  Test=14.411s  Peak RAM Train=46.072 MB  Peak RAM Test=183.892 MB
2026-06-01 11:10:31 | INFO | [ncluster=211/211] AUC-ROC=96.77%  AUC-PR=96.77%  F1=0.9155  MCC=0.8197  Train=4.828s  Test=22.860s  Peak RAM Train=46.073 MB  Peak RAM Test=186.46 MB
2026-06-01 11:10:31 | INFO | [ncluster=214/214] AUC-ROC=97.81%  AUC-PR=97.86%  F1=0.9304  MCC=0.8524  Train=5.650s  Test=22.376s  Peak RAM Train=46.068 MB  Peak RAM Test=189.028 MB
2026-06-01 11:10:31 | INFO | [ncluster=217/217] AUC-ROC=96.22%  AUC-PR=96.28%  F1=0.9073  MCC=0.8043  Train=4.717s  Test=23.248s  Peak RAM Train=46.073 MB  Peak RAM Test=191.596 MB
2026-06-01 11:10:31 | INFO | [ncluster=220/220] AUC-ROC=96.09%  AUC-PR=95.87%  F1=0.9093  MCC=0.8052  Train=4.172s  Test=24.050s  Peak RAM Train=46.071 MB  Peak RAM Test=194.164 MB
2026-06-01 11:10:31 | INFO | [ncluster=223/223] AUC-ROC=95.89%  AUC-PR=95.69%  F1=0.9052  MCC=0.7972  Train=4.668s  Test=24.827s  Peak RAM Train=46.076 MB  Peak RAM Test=196.732 MB
2026-06-01 11:10:31 | INFO | [ncluster=226/226] AUC-ROC=94.06%  AUC-PR=92.75%  F1=0.8893  MCC=0.7602  Train=6.783s  Test=19.847s  Peak RAM Train=46.076 MB  Peak RAM Test=199.3 MB
2026-06-01 11:10:31 | INFO | [ncluster=229/229] AUC-ROC=94.43%  AUC-PR=93.58%  F1=0.8898  MCC=0.7647  Train=3.515s  Test=16.033s  Peak RAM Train=46.071 MB  Peak RAM Test=201.868 MB
2026-06-01 11:10:31 | INFO | [ncluster=232/232] AUC-ROC=97.11%  AUC-PR=97.07%  F1=0.9211  MCC=0.8326  Train=5.067s  Test=18.833s  Peak RAM Train=46.072 MB  Peak RAM Test=204.436 MB
2026-06-01 11:10:31 | INFO | [ncluster=235/235] AUC-ROC=95.92%  AUC-PR=95.63%  F1=0.9081  MCC=0.8045  Train=3.975s  Test=17.857s  Peak RAM Train=46.078 MB  Peak RAM Test=207.004 MB
2026-06-01 11:10:31 | INFO | [ncluster=238/238] AUC-ROC=96.18%  AUC-PR=95.97%  F1=0.9111  MCC=0.8109  Train=5.300s  Test=20.843s  Peak RAM Train=46.079 MB  Peak RAM Test=209.572 MB
2026-06-01 11:10:31 | INFO | [ncluster=241/241] AUC-ROC=98.01%  AUC-PR=98.14%  F1=0.9364  MCC=0.8656  Train=2.717s  Test=21.243s  Peak RAM Train=46.08 MB  Peak RAM Test=212.14 MB
2026-06-01 11:10:31 | INFO | [ncluster=244/244] AUC-ROC=95.55%  AUC-PR=95.11%  F1=0.9069  MCC=0.8004  Train=3.639s  Test=19.533s  Peak RAM Train=46.084 MB  Peak RAM Test=214.708 MB
2026-06-01 11:10:31 | INFO | [ncluster=247/247] AUC-ROC=94.55%  AUC-PR=93.86%  F1=0.9035  MCC=0.7894  Train=4.416s  Test=18.365s  Peak RAM Train=46.083 MB  Peak RAM Test=217.276 MB
2026-06-01 11:10:31 | INFO | [ncluster=250/250] AUC-ROC=95.61%  AUC-PR=95.36%  F1=0.9045  MCC=0.7937  Train=1.864s  Test=15.741s  Peak RAM Train=46.079 MB  Peak RAM Test=219.844 MB
2026-06-01 11:10:31 | INFO | [ncluster=253/253] AUC-ROC=95.92%  AUC-PR=95.62%  F1=0.9101  MCC=0.8063  Train=3.412s  Test=18.183s  Peak RAM Train=46.082 MB  Peak RAM Test=222.412 MB
2026-06-01 11:10:31 | INFO | [ncluster=256/256] AUC-ROC=95.96%  AUC-PR=95.69%  F1=0.9100  MCC=0.8083  Train=4.339s  Test=18.056s  Peak RAM Train=46.083 MB  Peak RAM Test=224.98 MB
2026-06-01 11:10:31 | INFO | [ncluster=259/259] AUC-ROC=95.34%  AUC-PR=94.99%  F1=0.8980  MCC=0.7811  Train=4.195s  Test=17.430s  Peak RAM Train=46.084 MB  Peak RAM Test=227.548 MB
2026-06-01 11:10:31 | INFO | [ncluster=262/262] AUC-ROC=94.98%  AUC-PR=94.42%  F1=0.9000  MCC=0.7848  Train=4.289s  Test=13.151s  Peak RAM Train=46.085 MB  Peak RAM Test=230.116 MB
2026-06-01 11:10:31 | INFO | [ncluster=265/265] AUC-ROC=95.49%  AUC-PR=95.22%  F1=0.8951  MCC=0.7773  Train=2.300s  Test=22.245s  Peak RAM Train=46.08 MB  Peak RAM Test=232.684 MB
2026-06-01 11:10:31 | INFO | [ncluster=268/268] AUC-ROC=97.43%  AUC-PR=97.19%  F1=0.9280  MCC=0.8475  Train=2.712s  Test=19.751s  Peak RAM Train=46.088 MB  Peak RAM Test=235.252 MB
2026-06-01 11:10:31 | INFO | [ncluster=271/271] AUC-ROC=96.45%  AUC-PR=96.36%  F1=0.9134  MCC=0.8153  Train=3.769s  Test=12.817s  Peak RAM Train=46.086 MB  Peak RAM Test=237.82 MB
2026-06-01 11:10:31 | INFO | [ncluster=274/274] AUC-ROC=96.30%  AUC-PR=96.14%  F1=0.9155  MCC=0.8181  Train=4.473s  Test=14.618s  Peak RAM Train=46.084 MB  Peak RAM Test=240.388 MB
2026-06-01 11:10:31 | INFO | [ncluster=277/277] AUC-ROC=95.60%  AUC-PR=94.81%  F1=0.9126  MCC=0.8111  Train=2.484s  Test=23.399s  Peak RAM Train=46.089 MB  Peak RAM Test=242.956 MB
2026-06-01 11:10:31 | INFO | [ncluster=280/280] AUC-ROC=95.93%  AUC-PR=95.66%  F1=0.9071  MCC=0.7994  Train=4.049s  Test=22.166s  Peak RAM Train=46.088 MB  Peak RAM Test=245.524 MB
2026-06-01 11:10:31 | INFO | [ncluster=283/283] AUC-ROC=95.33%  AUC-PR=94.68%  F1=0.9030  MCC=0.7917  Train=2.426s  Test=19.353s  Peak RAM Train=46.087 MB  Peak RAM Test=248.092 MB
2026-06-01 11:10:31 | INFO | [ncluster=286/286] AUC-ROC=95.98%  AUC-PR=95.63%  F1=0.9076  MCC=0.8044  Train=1.734s  Test=17.528s  Peak RAM Train=46.088 MB  Peak RAM Test=250.66 MB
2026-06-01 11:10:31 | INFO | [ncluster=289/289] AUC-ROC=95.97%  AUC-PR=95.64%  F1=0.9110  MCC=0.8079  Train=3.790s  Test=19.393s  Peak RAM Train=46.089 MB  Peak RAM Test=253.228 MB
2026-06-01 11:10:31 | INFO | [ncluster=292/292] AUC-ROC=96.04%  AUC-PR=95.97%  F1=0.9040  MCC=0.7960  Train=1.866s  Test=11.544s  Peak RAM Train=46.086 MB  Peak RAM Test=255.796 MB
2026-06-01 11:10:31 | INFO | [ncluster=295/295] AUC-ROC=96.30%  AUC-PR=95.92%  F1=0.9174  MCC=0.8225  Train=1.798s  Test=18.661s  Peak RAM Train=46.093 MB  Peak RAM Test=258.364 MB
2026-06-01 11:10:31 | INFO | [ncluster=298/298] AUC-ROC=96.36%  AUC-PR=96.01%  F1=0.9176  MCC=0.8222  Train=1.978s  Test=5.607s  Peak RAM Train=46.092 MB  Peak RAM Test=260.932 MB
2026-06-01 11:10:31 | INFO | 
>>> Processing data_EdgeIIoTset | scaler=QuantileTransformer
2026-06-01 11:10:31 | INFO | --- noise=0% ---
2026-06-01 11:10:31 | INFO | ============================================================
2026-06-01 11:10:31 | INFO | Dataset  : Train_QuantileTransformer_data_EdgeIIoTset.csv
2026-06-01 11:10:31 | INFO | Scaler   : QuantileTransformer
2026-06-01 11:10:31 | INFO | Noise    : 0%
2026-06-01 11:10:31 | INFO | nClusters: 100 values (1..298)
2026-06-01 11:10:31 | INFO | K-Means  : Standard KMeans
2026-06-01 11:10:31 | INFO | ============================================================
2026-06-01 11:10:31 | INFO | Loaded Raw Shape -> Train: (30000, 53), Test: (30000, 53)
2026-06-01 11:10:31 | INFO | Training size : 30,000  |  Testing size: 30,000  |  Features: 52
2026-06-01 11:10:31 | INFO | Firing up Parallel execution for 100 cluster configs...
2026-06-01 11:16:12 | INFO | [ncluster=1/1] AUC-ROC=100.00%  AUC-PR=100.00%  F1=1.0000  MCC=1.0000  Train=1.575s  Test=0.103s  Peak RAM Train=43.829 MB  Peak RAM Test=26.22 MB
2026-06-01 11:16:12 | INFO | [ncluster=4/4] AUC-ROC=100.00%  AUC-PR=100.00%  F1=1.0000  MCC=1.0000  Train=1.680s  Test=0.157s  Peak RAM Train=43.835 MB  Peak RAM Test=26.964 MB
2026-06-01 11:16:12 | INFO | [ncluster=7/7] AUC-ROC=100.00%  AUC-PR=100.00%  F1=1.0000  MCC=1.0000  Train=2.959s  Test=0.657s  Peak RAM Train=43.838 MB  Peak RAM Test=27.468 MB
2026-06-01 11:16:12 | INFO | [ncluster=10/10] AUC-ROC=100.00%  AUC-PR=100.00%  F1=1.0000  MCC=1.0000  Train=1.327s  Test=0.604s  Peak RAM Train=43.84 MB  Peak RAM Test=28.212 MB
2026-06-01 11:16:12 | INFO | [ncluster=13/13] AUC-ROC=100.00%  AUC-PR=100.00%  F1=1.0000  MCC=1.0000  Train=2.137s  Test=1.085s  Peak RAM Train=43.839 MB  Peak RAM Test=29.572 MB
2026-06-01 11:16:12 | INFO | [ncluster=16/16] AUC-ROC=100.00%  AUC-PR=100.00%  F1=1.0000  MCC=1.0000  Train=1.687s  Test=1.298s  Peak RAM Train=43.842 MB  Peak RAM Test=32.14 MB
2026-06-01 11:16:12 | INFO | [ncluster=19/19] AUC-ROC=100.00%  AUC-PR=100.00%  F1=1.0000  MCC=1.0000  Train=2.776s  Test=1.273s  Peak RAM Train=43.837 MB  Peak RAM Test=34.708 MB
2026-06-01 11:16:12 | INFO | [ncluster=22/22] AUC-ROC=100.00%  AUC-PR=100.00%  F1=1.0000  MCC=1.0000  Train=2.631s  Test=1.914s  Peak RAM Train=43.841 MB  Peak RAM Test=37.276 MB
2026-06-01 11:16:12 | INFO | [ncluster=25/25] AUC-ROC=100.00%  AUC-PR=100.00%  F1=1.0000  MCC=1.0000  Train=2.530s  Test=1.519s  Peak RAM Train=43.844 MB  Peak RAM Test=39.844 MB
2026-06-01 11:16:12 | INFO | [ncluster=28/28] AUC-ROC=100.00%  AUC-PR=100.00%  F1=1.0000  MCC=1.0000  Train=1.217s  Test=1.170s  Peak RAM Train=43.839 MB  Peak RAM Test=42.412 MB
2026-06-01 11:16:12 | INFO | [ncluster=31/31] AUC-ROC=100.00%  AUC-PR=100.00%  F1=1.0000  MCC=1.0000  Train=2.567s  Test=1.907s  Peak RAM Train=43.844 MB  Peak RAM Test=44.98 MB
2026-06-01 11:16:12 | INFO | [ncluster=34/34] AUC-ROC=100.00%  AUC-PR=100.00%  F1=1.0000  MCC=1.0000  Train=2.417s  Test=1.847s  Peak RAM Train=43.847 MB  Peak RAM Test=47.548 MB
2026-06-01 11:16:12 | INFO | [ncluster=37/37] AUC-ROC=100.00%  AUC-PR=100.00%  F1=1.0000  MCC=1.0000  Train=2.748s  Test=3.034s  Peak RAM Train=43.843 MB  Peak RAM Test=50.116 MB
2026-06-01 11:16:12 | INFO | [ncluster=40/40] AUC-ROC=100.00%  AUC-PR=100.00%  F1=1.0000  MCC=1.0000  Train=2.533s  Test=3.594s  Peak RAM Train=43.847 MB  Peak RAM Test=52.684 MB
2026-06-01 11:16:13 | INFO | [ncluster=43/43] AUC-ROC=100.00%  AUC-PR=100.00%  F1=1.0000  MCC=1.0000  Train=2.480s  Test=5.988s  Peak RAM Train=43.848 MB  Peak RAM Test=55.252 MB
2026-06-01 11:16:13 | INFO | [ncluster=46/46] AUC-ROC=100.00%  AUC-PR=100.00%  F1=1.0000  MCC=1.0000  Train=2.087s  Test=3.145s  Peak RAM Train=43.847 MB  Peak RAM Test=57.82 MB
2026-06-01 11:16:13 | INFO | [ncluster=49/49] AUC-ROC=100.00%  AUC-PR=100.00%  F1=1.0000  MCC=0.9999  Train=1.731s  Test=4.969s  Peak RAM Train=43.848 MB  Peak RAM Test=60.388 MB
2026-06-01 11:16:13 | INFO | [ncluster=52/52] AUC-ROC=100.00%  AUC-PR=100.00%  F1=1.0000  MCC=0.9999  Train=1.312s  Test=2.213s  Peak RAM Train=43.848 MB  Peak RAM Test=62.956 MB
2026-06-01 11:16:13 | INFO | [ncluster=55/55] AUC-ROC=100.00%  AUC-PR=100.00%  F1=1.0000  MCC=1.0000  Train=2.052s  Test=3.583s  Peak RAM Train=43.849 MB  Peak RAM Test=65.524 MB
2026-06-01 11:16:13 | INFO | [ncluster=58/58] AUC-ROC=100.00%  AUC-PR=100.00%  F1=1.0000  MCC=0.9999  Train=2.474s  Test=5.605s  Peak RAM Train=43.851 MB  Peak RAM Test=68.092 MB
2026-06-01 11:16:13 | INFO | [ncluster=61/61] AUC-ROC=99.99%  AUC-PR=99.99%  F1=0.9999  MCC=0.9999  Train=1.867s  Test=2.752s  Peak RAM Train=43.846 MB  Peak RAM Test=70.66 MB
2026-06-01 11:16:13 | INFO | [ncluster=64/64] AUC-ROC=100.00%  AUC-PR=100.00%  F1=1.0000  MCC=0.9999  Train=1.741s  Test=3.756s  Peak RAM Train=43.851 MB  Peak RAM Test=73.228 MB
2026-06-01 11:16:13 | INFO | [ncluster=67/67] AUC-ROC=100.00%  AUC-PR=100.00%  F1=1.0000  MCC=0.9999  Train=0.844s  Test=3.676s  Peak RAM Train=43.852 MB  Peak RAM Test=75.796 MB
2026-06-01 11:16:13 | INFO | [ncluster=70/70] AUC-ROC=100.00%  AUC-PR=100.00%  F1=1.0000  MCC=1.0000  Train=1.685s  Test=3.671s  Peak RAM Train=43.853 MB  Peak RAM Test=78.364 MB
2026-06-01 11:16:13 | INFO | [ncluster=73/73] AUC-ROC=100.00%  AUC-PR=100.00%  F1=1.0000  MCC=0.9999  Train=2.490s  Test=4.038s  Peak RAM Train=43.854 MB  Peak RAM Test=80.932 MB
2026-06-01 11:16:13 | INFO | [ncluster=76/76] AUC-ROC=100.00%  AUC-PR=100.00%  F1=1.0000  MCC=0.9999  Train=2.953s  Test=3.435s  Peak RAM Train=43.853 MB  Peak RAM Test=83.5 MB
2026-06-01 11:16:13 | INFO | [ncluster=79/79] AUC-ROC=100.00%  AUC-PR=100.00%  F1=1.0000  MCC=1.0000  Train=1.353s  Test=4.451s  Peak RAM Train=43.856 MB  Peak RAM Test=86.068 MB
2026-06-01 11:16:13 | INFO | [ncluster=82/82] AUC-ROC=100.00%  AUC-PR=100.00%  F1=1.0000  MCC=1.0000  Train=1.631s  Test=4.448s  Peak RAM Train=43.857 MB  Peak RAM Test=88.636 MB
2026-06-01 11:16:13 | INFO | [ncluster=85/85] AUC-ROC=100.00%  AUC-PR=100.00%  F1=1.0000  MCC=1.0000  Train=0.938s  Test=3.743s  Peak RAM Train=43.856 MB  Peak RAM Test=91.204 MB
2026-06-01 11:16:13 | INFO | [ncluster=88/88] AUC-ROC=100.00%  AUC-PR=100.00%  F1=1.0000  MCC=1.0000  Train=1.442s  Test=3.514s  Peak RAM Train=43.856 MB  Peak RAM Test=93.773 MB
2026-06-01 11:16:13 | INFO | [ncluster=91/91] AUC-ROC=99.99%  AUC-PR=99.99%  F1=0.9999  MCC=0.9999  Train=1.362s  Test=3.115s  Peak RAM Train=43.854 MB  Peak RAM Test=96.34 MB
2026-06-01 11:16:13 | INFO | [ncluster=94/94] AUC-ROC=100.00%  AUC-PR=100.00%  F1=1.0000  MCC=1.0000  Train=0.895s  Test=4.327s  Peak RAM Train=43.856 MB  Peak RAM Test=98.908 MB
2026-06-01 11:16:13 | INFO | [ncluster=97/97] AUC-ROC=100.00%  AUC-PR=100.00%  F1=1.0000  MCC=1.0000  Train=1.405s  Test=3.098s  Peak RAM Train=43.855 MB  Peak RAM Test=101.476 MB
2026-06-01 11:16:13 | INFO | [ncluster=100/100] AUC-ROC=100.00%  AUC-PR=100.00%  F1=1.0000  MCC=1.0000  Train=1.314s  Test=5.627s  Peak RAM Train=43.859 MB  Peak RAM Test=104.044 MB
2026-06-01 11:16:13 | INFO | [ncluster=103/103] AUC-ROC=100.00%  AUC-PR=100.00%  F1=1.0000  MCC=1.0000  Train=2.089s  Test=6.745s  Peak RAM Train=43.858 MB  Peak RAM Test=106.612 MB
2026-06-01 11:16:13 | INFO | [ncluster=106/106] AUC-ROC=100.00%  AUC-PR=100.00%  F1=1.0000  MCC=0.9999  Train=0.938s  Test=5.692s  Peak RAM Train=43.86 MB  Peak RAM Test=109.18 MB
2026-06-01 11:16:13 | INFO | [ncluster=109/109] AUC-ROC=100.00%  AUC-PR=100.00%  F1=1.0000  MCC=0.9999  Train=2.170s  Test=6.386s  Peak RAM Train=43.861 MB  Peak RAM Test=111.748 MB
2026-06-01 11:16:13 | INFO | [ncluster=112/112] AUC-ROC=100.00%  AUC-PR=100.00%  F1=1.0000  MCC=1.0000  Train=1.900s  Test=8.518s  Peak RAM Train=43.859 MB  Peak RAM Test=114.316 MB
2026-06-01 11:16:13 | INFO | [ncluster=115/115] AUC-ROC=100.00%  AUC-PR=100.00%  F1=1.0000  MCC=0.9999  Train=1.513s  Test=7.317s  Peak RAM Train=43.864 MB  Peak RAM Test=116.884 MB
2026-06-01 11:16:13 | INFO | [ncluster=118/118] AUC-ROC=99.99%  AUC-PR=99.99%  F1=0.9999  MCC=0.9998  Train=2.103s  Test=7.351s  Peak RAM Train=43.86 MB  Peak RAM Test=119.452 MB
2026-06-01 11:16:13 | INFO | [ncluster=121/121] AUC-ROC=100.00%  AUC-PR=100.00%  F1=1.0000  MCC=1.0000  Train=1.618s  Test=8.590s  Peak RAM Train=43.864 MB  Peak RAM Test=122.02 MB
2026-06-01 11:16:13 | INFO | [ncluster=124/124] AUC-ROC=99.99%  AUC-PR=99.99%  F1=0.9999  MCC=0.9999  Train=2.425s  Test=5.022s  Peak RAM Train=43.864 MB  Peak RAM Test=124.588 MB
2026-06-01 11:16:13 | INFO | [ncluster=127/127] AUC-ROC=100.00%  AUC-PR=100.00%  F1=1.0000  MCC=0.9999  Train=1.982s  Test=2.835s  Peak RAM Train=43.866 MB  Peak RAM Test=127.157 MB
2026-06-01 11:16:13 | INFO | [ncluster=130/130] AUC-ROC=100.00%  AUC-PR=100.00%  F1=1.0000  MCC=1.0000  Train=0.759s  Test=7.547s  Peak RAM Train=43.865 MB  Peak RAM Test=129.724 MB
2026-06-01 11:16:13 | INFO | [ncluster=133/133] AUC-ROC=100.00%  AUC-PR=100.00%  F1=1.0000  MCC=1.0000  Train=0.898s  Test=9.747s  Peak RAM Train=43.867 MB  Peak RAM Test=132.293 MB
2026-06-01 11:16:13 | INFO | [ncluster=136/136] AUC-ROC=100.00%  AUC-PR=100.00%  F1=1.0000  MCC=1.0000  Train=0.690s  Test=6.889s  Peak RAM Train=43.865 MB  Peak RAM Test=134.86 MB
2026-06-01 11:16:13 | INFO | [ncluster=139/139] AUC-ROC=100.00%  AUC-PR=100.00%  F1=1.0000  MCC=0.9999  Train=1.987s  Test=5.025s  Peak RAM Train=43.865 MB  Peak RAM Test=137.429 MB
2026-06-01 11:16:13 | INFO | [ncluster=142/142] AUC-ROC=100.00%  AUC-PR=100.00%  F1=1.0000  MCC=1.0000  Train=2.526s  Test=11.275s  Peak RAM Train=43.868 MB  Peak RAM Test=139.996 MB
2026-06-01 11:16:13 | INFO | [ncluster=145/145] AUC-ROC=100.00%  AUC-PR=100.00%  F1=1.0000  MCC=1.0000  Train=1.457s  Test=12.014s  Peak RAM Train=43.87 MB  Peak RAM Test=142.564 MB
2026-06-01 11:16:13 | INFO | [ncluster=148/148] AUC-ROC=100.00%  AUC-PR=100.00%  F1=1.0000  MCC=0.9999  Train=0.824s  Test=16.217s  Peak RAM Train=43.871 MB  Peak RAM Test=145.133 MB
2026-06-01 11:16:13 | INFO | [ncluster=151/151] AUC-ROC=100.00%  AUC-PR=100.00%  F1=1.0000  MCC=1.0000  Train=2.054s  Test=9.849s  Peak RAM Train=43.867 MB  Peak RAM Test=147.7 MB
2026-06-01 11:16:13 | INFO | [ncluster=154/154] AUC-ROC=100.00%  AUC-PR=100.00%  F1=1.0000  MCC=1.0000  Train=2.823s  Test=14.226s  Peak RAM Train=43.871 MB  Peak RAM Test=150.268 MB
2026-06-01 11:16:13 | INFO | [ncluster=157/157] AUC-ROC=100.00%  AUC-PR=100.00%  F1=1.0000  MCC=1.0000  Train=0.646s  Test=12.326s  Peak RAM Train=43.879 MB  Peak RAM Test=152.837 MB
2026-06-01 11:16:13 | INFO | [ncluster=160/160] AUC-ROC=100.00%  AUC-PR=100.00%  F1=1.0000  MCC=1.0000  Train=1.162s  Test=12.774s  Peak RAM Train=43.872 MB  Peak RAM Test=155.405 MB
2026-06-01 11:16:13 | INFO | [ncluster=163/163] AUC-ROC=100.00%  AUC-PR=100.00%  F1=1.0000  MCC=1.0000  Train=2.224s  Test=11.620s  Peak RAM Train=43.87 MB  Peak RAM Test=157.972 MB
2026-06-01 11:16:13 | INFO | [ncluster=166/166] AUC-ROC=100.00%  AUC-PR=100.00%  F1=1.0000  MCC=1.0000  Train=2.169s  Test=14.820s  Peak RAM Train=43.872 MB  Peak RAM Test=160.541 MB
2026-06-01 11:16:13 | INFO | [ncluster=169/169] AUC-ROC=99.99%  AUC-PR=99.99%  F1=0.9999  MCC=0.9998  Train=2.001s  Test=10.207s  Peak RAM Train=43.874 MB  Peak RAM Test=163.109 MB
2026-06-01 11:16:13 | INFO | [ncluster=172/172] AUC-ROC=100.00%  AUC-PR=100.00%  F1=1.0000  MCC=1.0000  Train=3.089s  Test=16.415s  Peak RAM Train=43.874 MB  Peak RAM Test=165.677 MB
2026-06-01 11:16:13 | INFO | [ncluster=175/175] AUC-ROC=100.00%  AUC-PR=100.00%  F1=1.0000  MCC=0.9999  Train=2.914s  Test=16.463s  Peak RAM Train=43.875 MB  Peak RAM Test=168.245 MB
2026-06-01 11:16:13 | INFO | [ncluster=178/178] AUC-ROC=100.00%  AUC-PR=100.00%  F1=1.0000  MCC=1.0000  Train=2.818s  Test=17.939s  Peak RAM Train=43.87 MB  Peak RAM Test=170.813 MB
2026-06-01 11:16:13 | INFO | [ncluster=181/181] AUC-ROC=100.00%  AUC-PR=100.00%  F1=1.0000  MCC=1.0000  Train=2.889s  Test=19.727s  Peak RAM Train=43.875 MB  Peak RAM Test=173.381 MB
2026-06-01 11:16:13 | INFO | [ncluster=184/184] AUC-ROC=99.99%  AUC-PR=99.99%  F1=0.9999  MCC=0.9998  Train=1.886s  Test=15.902s  Peak RAM Train=43.878 MB  Peak RAM Test=175.949 MB
2026-06-01 11:16:13 | INFO | [ncluster=187/187] AUC-ROC=100.00%  AUC-PR=100.00%  F1=1.0000  MCC=0.9999  Train=0.868s  Test=16.927s  Peak RAM Train=43.877 MB  Peak RAM Test=178.517 MB
2026-06-01 11:16:13 | INFO | [ncluster=190/190] AUC-ROC=99.99%  AUC-PR=99.99%  F1=0.9999  MCC=0.9999  Train=1.838s  Test=15.757s  Peak RAM Train=43.878 MB  Peak RAM Test=181.085 MB
2026-06-01 11:16:13 | INFO | [ncluster=193/193] AUC-ROC=99.99%  AUC-PR=99.99%  F1=0.9999  MCC=0.9999  Train=2.745s  Test=18.419s  Peak RAM Train=43.888 MB  Peak RAM Test=183.652 MB
2026-06-01 11:16:13 | INFO | [ncluster=196/196] AUC-ROC=100.00%  AUC-PR=100.00%  F1=1.0000  MCC=1.0000  Train=1.894s  Test=18.817s  Peak RAM Train=43.879 MB  Peak RAM Test=186.221 MB
2026-06-01 11:16:13 | INFO | [ncluster=199/199] AUC-ROC=99.99%  AUC-PR=99.99%  F1=0.9999  MCC=0.9998  Train=2.795s  Test=18.737s  Peak RAM Train=43.88 MB  Peak RAM Test=188.789 MB
2026-06-01 11:16:13 | INFO | [ncluster=202/202] AUC-ROC=100.00%  AUC-PR=100.00%  F1=1.0000  MCC=1.0000  Train=2.821s  Test=21.446s  Peak RAM Train=43.881 MB  Peak RAM Test=191.357 MB
2026-06-01 11:16:13 | INFO | [ncluster=205/205] AUC-ROC=99.99%  AUC-PR=99.99%  F1=0.9999  MCC=0.9998  Train=1.603s  Test=17.089s  Peak RAM Train=43.881 MB  Peak RAM Test=193.925 MB
2026-06-01 11:16:13 | INFO | [ncluster=208/208] AUC-ROC=99.99%  AUC-PR=99.99%  F1=0.9999  MCC=0.9998  Train=1.813s  Test=21.256s  Peak RAM Train=43.878 MB  Peak RAM Test=196.493 MB
2026-06-01 11:16:13 | INFO | [ncluster=211/211] AUC-ROC=99.99%  AUC-PR=99.99%  F1=0.9999  MCC=0.9999  Train=3.160s  Test=15.723s  Peak RAM Train=43.882 MB  Peak RAM Test=199.061 MB
2026-06-01 11:16:13 | INFO | [ncluster=214/214] AUC-ROC=100.00%  AUC-PR=100.00%  F1=1.0000  MCC=1.0000  Train=3.479s  Test=16.759s  Peak RAM Train=43.884 MB  Peak RAM Test=201.629 MB
2026-06-01 11:16:13 | INFO | [ncluster=217/217] AUC-ROC=99.98%  AUC-PR=99.98%  F1=0.9998  MCC=0.9997  Train=0.932s  Test=11.578s  Peak RAM Train=43.88 MB  Peak RAM Test=204.197 MB
2026-06-01 11:16:13 | INFO | [ncluster=220/220] AUC-ROC=99.99%  AUC-PR=99.99%  F1=0.9999  MCC=0.9998  Train=3.423s  Test=5.320s  Peak RAM Train=43.884 MB  Peak RAM Test=206.765 MB
2026-06-01 11:16:13 | INFO | [ncluster=223/223] AUC-ROC=99.99%  AUC-PR=99.99%  F1=0.9999  MCC=0.9999  Train=2.407s  Test=17.420s  Peak RAM Train=43.895 MB  Peak RAM Test=209.332 MB
2026-06-01 11:16:13 | INFO | [ncluster=226/226] AUC-ROC=99.99%  AUC-PR=99.99%  F1=0.9999  MCC=0.9998  Train=2.294s  Test=17.244s  Peak RAM Train=43.888 MB  Peak RAM Test=211.9 MB
2026-06-01 11:16:13 | INFO | [ncluster=229/229] AUC-ROC=99.99%  AUC-PR=99.99%  F1=0.9999  MCC=0.9998  Train=1.704s  Test=17.743s  Peak RAM Train=43.886 MB  Peak RAM Test=214.469 MB
2026-06-01 11:16:13 | INFO | [ncluster=232/232] AUC-ROC=99.99%  AUC-PR=99.99%  F1=0.9999  MCC=0.9999  Train=2.451s  Test=17.484s  Peak RAM Train=43.889 MB  Peak RAM Test=217.037 MB
2026-06-01 11:16:13 | INFO | [ncluster=235/235] AUC-ROC=99.99%  AUC-PR=99.99%  F1=0.9999  MCC=0.9998  Train=0.836s  Test=15.180s  Peak RAM Train=43.898 MB  Peak RAM Test=219.604 MB
2026-06-01 11:16:13 | INFO | [ncluster=238/238] AUC-ROC=99.98%  AUC-PR=99.98%  F1=0.9998  MCC=0.9997  Train=2.574s  Test=20.360s  Peak RAM Train=43.89 MB  Peak RAM Test=222.173 MB
2026-06-01 11:16:13 | INFO | [ncluster=241/241] AUC-ROC=99.99%  AUC-PR=99.99%  F1=0.9999  MCC=0.9998  Train=2.158s  Test=21.906s  Peak RAM Train=43.887 MB  Peak RAM Test=224.741 MB
2026-06-01 11:16:13 | INFO | [ncluster=244/244] AUC-ROC=99.99%  AUC-PR=99.99%  F1=0.9999  MCC=0.9998  Train=2.563s  Test=22.751s  Peak RAM Train=43.897 MB  Peak RAM Test=227.308 MB
2026-06-01 11:16:13 | INFO | [ncluster=247/247] AUC-ROC=99.99%  AUC-PR=99.99%  F1=0.9999  MCC=0.9999  Train=1.681s  Test=21.335s  Peak RAM Train=43.888 MB  Peak RAM Test=229.877 MB
2026-06-01 11:16:13 | INFO | [ncluster=250/250] AUC-ROC=100.00%  AUC-PR=100.00%  F1=1.0000  MCC=1.0000  Train=1.791s  Test=16.201s  Peak RAM Train=43.891 MB  Peak RAM Test=232.445 MB
2026-06-01 11:16:13 | INFO | [ncluster=253/253] AUC-ROC=99.99%  AUC-PR=99.99%  F1=0.9999  MCC=0.9999  Train=2.596s  Test=25.491s  Peak RAM Train=43.894 MB  Peak RAM Test=235.012 MB
2026-06-01 11:16:13 | INFO | [ncluster=256/256] AUC-ROC=99.99%  AUC-PR=99.99%  F1=0.9999  MCC=0.9998  Train=1.823s  Test=15.264s  Peak RAM Train=43.902 MB  Peak RAM Test=237.58 MB
2026-06-01 11:16:13 | INFO | [ncluster=259/259] AUC-ROC=100.00%  AUC-PR=100.00%  F1=1.0000  MCC=1.0000  Train=1.711s  Test=12.650s  Peak RAM Train=43.903 MB  Peak RAM Test=240.148 MB
2026-06-01 11:16:13 | INFO | [ncluster=262/262] AUC-ROC=100.00%  AUC-PR=100.00%  F1=1.0000  MCC=1.0000  Train=1.654s  Test=15.769s  Peak RAM Train=43.894 MB  Peak RAM Test=242.717 MB
2026-06-01 11:16:13 | INFO | [ncluster=265/265] AUC-ROC=100.00%  AUC-PR=100.00%  F1=1.0000  MCC=1.0000  Train=2.226s  Test=23.229s  Peak RAM Train=43.896 MB  Peak RAM Test=245.284 MB
2026-06-01 11:16:13 | INFO | [ncluster=268/268] AUC-ROC=100.00%  AUC-PR=100.00%  F1=1.0000  MCC=0.9999  Train=1.885s  Test=14.925s  Peak RAM Train=43.903 MB  Peak RAM Test=247.852 MB
2026-06-01 11:16:13 | INFO | [ncluster=271/271] AUC-ROC=100.00%  AUC-PR=100.00%  F1=1.0000  MCC=1.0000  Train=2.382s  Test=18.316s  Peak RAM Train=43.902 MB  Peak RAM Test=250.42 MB
2026-06-01 11:16:13 | INFO | [ncluster=274/274] AUC-ROC=100.00%  AUC-PR=100.00%  F1=1.0000  MCC=1.0000  Train=2.008s  Test=13.165s  Peak RAM Train=43.904 MB  Peak RAM Test=252.988 MB
2026-06-01 11:16:13 | INFO | [ncluster=277/277] AUC-ROC=100.00%  AUC-PR=100.00%  F1=1.0000  MCC=1.0000  Train=1.617s  Test=16.565s  Peak RAM Train=43.9 MB  Peak RAM Test=255.556 MB
2026-06-01 11:16:13 | INFO | [ncluster=280/280] AUC-ROC=100.00%  AUC-PR=100.00%  F1=1.0000  MCC=1.0000  Train=1.621s  Test=17.488s  Peak RAM Train=43.905 MB  Peak RAM Test=258.124 MB
2026-06-01 11:16:13 | INFO | [ncluster=283/283] AUC-ROC=99.99%  AUC-PR=99.99%  F1=0.9999  MCC=0.9999  Train=2.033s  Test=17.935s  Peak RAM Train=43.906 MB  Peak RAM Test=260.692 MB
2026-06-01 11:16:13 | INFO | [ncluster=286/286] AUC-ROC=100.00%  AUC-PR=100.00%  F1=1.0000  MCC=0.9999  Train=2.113s  Test=14.394s  Peak RAM Train=43.904 MB  Peak RAM Test=263.26 MB
2026-06-01 11:16:13 | INFO | [ncluster=289/289] AUC-ROC=100.00%  AUC-PR=100.00%  F1=1.0000  MCC=1.0000  Train=1.300s  Test=19.016s  Peak RAM Train=43.901 MB  Peak RAM Test=265.828 MB
2026-06-01 11:16:13 | INFO | [ncluster=292/292] AUC-ROC=99.99%  AUC-PR=99.99%  F1=0.9999  MCC=0.9998  Train=1.262s  Test=12.137s  Peak RAM Train=43.906 MB  Peak RAM Test=268.396 MB
2026-06-01 11:16:13 | INFO | [ncluster=295/295] AUC-ROC=99.99%  AUC-PR=99.99%  F1=0.9999  MCC=0.9999  Train=1.297s  Test=11.706s  Peak RAM Train=43.909 MB  Peak RAM Test=270.964 MB
2026-06-01 11:16:13 | INFO | [ncluster=298/298] AUC-ROC=100.00%  AUC-PR=100.00%  F1=1.0000  MCC=0.9999  Train=1.865s  Test=11.678s  Peak RAM Train=43.909 MB  Peak RAM Test=273.532 MB
2026-06-01 11:16:13 | INFO | --- noise=1% ---
2026-06-01 11:16:13 | INFO | ============================================================
2026-06-01 11:16:13 | INFO | Dataset  : Train_QuantileTransformer_data_EdgeIIoTset.csv
2026-06-01 11:16:13 | INFO | Scaler   : QuantileTransformer
2026-06-01 11:16:13 | INFO | Noise    : 1%
2026-06-01 11:16:13 | INFO | nClusters: 100 values (1..298)
2026-06-01 11:16:13 | INFO | K-Means  : Standard KMeans
2026-06-01 11:16:13 | INFO | ============================================================
2026-06-01 11:16:14 | INFO | Loaded Raw Shape -> Train: (30000, 53), Test: (30000, 53)
2026-06-01 11:16:14 | INFO | Training size : 30,300  |  Testing size: 29,700  |  Features: 52
2026-06-01 11:16:14 | INFO | Firing up Parallel execution for 100 cluster configs...
2026-06-01 11:21:59 | INFO | [ncluster=1/1] AUC-ROC=90.51%  AUC-PR=88.90%  F1=0.8849  MCC=0.7618  Train=4.915s  Test=0.197s  Peak RAM Train=44.271 MB  Peak RAM Test=13.735 MB
2026-06-01 11:21:59 | INFO | [ncluster=4/4] AUC-ROC=62.20%  AUC-PR=54.94%  F1=0.7590  MCC=0.4535  Train=4.462s  Test=0.564s  Peak RAM Train=44.277 MB  Peak RAM Test=13.739 MB
2026-06-01 11:21:59 | INFO | [ncluster=7/7] AUC-ROC=73.72%  AUC-PR=63.34%  F1=0.7757  MCC=0.5135  Train=4.398s  Test=0.805s  Peak RAM Train=44.276 MB  Peak RAM Test=14.227 MB
2026-06-01 11:21:59 | INFO | [ncluster=10/10] AUC-ROC=70.46%  AUC-PR=61.15%  F1=0.7878  MCC=0.5360  Train=3.768s  Test=1.132s  Peak RAM Train=44.277 MB  Peak RAM Test=14.716 MB
2026-06-01 11:21:59 | INFO | [ncluster=13/13] AUC-ROC=61.51%  AUC-PR=52.30%  F1=0.7438  MCC=0.4145  Train=4.068s  Test=1.212s  Peak RAM Train=44.287 MB  Peak RAM Test=16.972 MB
2026-06-01 11:21:59 | INFO | [ncluster=16/16] AUC-ROC=68.74%  AUC-PR=57.56%  F1=0.7598  MCC=0.4648  Train=2.178s  Test=1.097s  Peak RAM Train=44.283 MB  Peak RAM Test=19.54 MB
2026-06-01 11:21:59 | INFO | [ncluster=19/19] AUC-ROC=69.60%  AUC-PR=58.34%  F1=0.7687  MCC=0.4946  Train=2.916s  Test=2.563s  Peak RAM Train=44.281 MB  Peak RAM Test=22.108 MB
2026-06-01 11:21:59 | INFO | [ncluster=22/22] AUC-ROC=70.51%  AUC-PR=59.15%  F1=0.7757  MCC=0.5083  Train=1.991s  Test=1.592s  Peak RAM Train=44.281 MB  Peak RAM Test=24.676 MB
2026-06-01 11:21:59 | INFO | [ncluster=25/25] AUC-ROC=71.15%  AUC-PR=59.11%  F1=0.7860  MCC=0.5241  Train=4.190s  Test=2.562s  Peak RAM Train=44.287 MB  Peak RAM Test=27.244 MB
2026-06-01 11:21:59 | INFO | [ncluster=28/28] AUC-ROC=71.69%  AUC-PR=59.64%  F1=0.7645  MCC=0.4826  Train=4.866s  Test=2.843s  Peak RAM Train=44.292 MB  Peak RAM Test=29.812 MB
2026-06-01 11:21:59 | INFO | [ncluster=31/31] AUC-ROC=72.04%  AUC-PR=60.09%  F1=0.7982  MCC=0.5557  Train=3.817s  Test=3.314s  Peak RAM Train=44.291 MB  Peak RAM Test=32.38 MB
2026-06-01 11:21:59 | INFO | [ncluster=34/34] AUC-ROC=74.58%  AUC-PR=62.32%  F1=0.8028  MCC=0.5674  Train=4.359s  Test=2.528s  Peak RAM Train=44.284 MB  Peak RAM Test=34.948 MB
2026-06-01 11:21:59 | INFO | [ncluster=37/37] AUC-ROC=79.45%  AUC-PR=67.70%  F1=0.7999  MCC=0.5740  Train=3.955s  Test=2.917s  Peak RAM Train=44.29 MB  Peak RAM Test=37.516 MB
2026-06-01 11:21:59 | INFO | [ncluster=40/40] AUC-ROC=71.43%  AUC-PR=59.67%  F1=0.7639  MCC=0.4809  Train=4.822s  Test=4.615s  Peak RAM Train=44.286 MB  Peak RAM Test=40.084 MB
2026-06-01 11:21:59 | INFO | [ncluster=43/43] AUC-ROC=78.46%  AUC-PR=65.93%  F1=0.7999  MCC=0.5748  Train=2.822s  Test=3.864s  Peak RAM Train=44.293 MB  Peak RAM Test=42.652 MB
2026-06-01 11:21:59 | INFO | [ncluster=46/46] AUC-ROC=79.16%  AUC-PR=66.90%  F1=0.8266  MCC=0.6271  Train=4.028s  Test=3.654s  Peak RAM Train=44.292 MB  Peak RAM Test=45.22 MB
2026-06-01 11:21:59 | INFO | [ncluster=49/49] AUC-ROC=74.71%  AUC-PR=62.10%  F1=0.8019  MCC=0.5661  Train=4.496s  Test=3.798s  Peak RAM Train=44.286 MB  Peak RAM Test=47.788 MB
2026-06-01 11:21:59 | INFO | [ncluster=52/52] AUC-ROC=80.16%  AUC-PR=68.53%  F1=0.8147  MCC=0.6004  Train=3.847s  Test=3.006s  Peak RAM Train=44.29 MB  Peak RAM Test=50.356 MB
2026-06-01 11:21:59 | INFO | [ncluster=55/55] AUC-ROC=67.42%  AUC-PR=56.28%  F1=0.7624  MCC=0.4627  Train=3.922s  Test=5.128s  Peak RAM Train=44.293 MB  Peak RAM Test=52.924 MB
2026-06-01 11:21:59 | INFO | [ncluster=58/58] AUC-ROC=65.61%  AUC-PR=54.53%  F1=0.7793  MCC=0.5069  Train=2.666s  Test=4.550s  Peak RAM Train=44.291 MB  Peak RAM Test=55.492 MB
2026-06-01 11:21:59 | INFO | [ncluster=61/61] AUC-ROC=77.85%  AUC-PR=65.43%  F1=0.8153  MCC=0.5987  Train=3.778s  Test=4.511s  Peak RAM Train=44.284 MB  Peak RAM Test=58.06 MB
2026-06-01 11:21:59 | INFO | [ncluster=64/64] AUC-ROC=78.46%  AUC-PR=66.76%  F1=0.8079  MCC=0.5811  Train=2.772s  Test=4.835s  Peak RAM Train=44.298 MB  Peak RAM Test=60.628 MB
2026-06-01 11:21:59 | INFO | [ncluster=67/67] AUC-ROC=76.44%  AUC-PR=65.04%  F1=0.8067  MCC=0.5796  Train=3.072s  Test=4.123s  Peak RAM Train=44.293 MB  Peak RAM Test=63.196 MB
2026-06-01 11:21:59 | INFO | [ncluster=70/70] AUC-ROC=65.04%  AUC-PR=56.18%  F1=0.7425  MCC=0.4103  Train=3.259s  Test=4.253s  Peak RAM Train=44.291 MB  Peak RAM Test=65.764 MB
2026-06-01 11:21:59 | INFO | [ncluster=73/73] AUC-ROC=25.14%  AUC-PR=36.42%  F1=0.6727  MCC=0.0605  Train=2.519s  Test=3.098s  Peak RAM Train=44.288 MB  Peak RAM Test=68.332 MB
2026-06-01 11:21:59 | INFO | [ncluster=76/76] AUC-ROC=21.22%  AUC-PR=35.07%  F1=0.6728  MCC=0.0624  Train=1.992s  Test=3.746s  Peak RAM Train=44.293 MB  Peak RAM Test=70.9 MB
2026-06-01 11:21:59 | INFO | [ncluster=79/79] AUC-ROC=27.80%  AUC-PR=37.40%  F1=0.6729  MCC=0.0630  Train=3.062s  Test=6.115s  Peak RAM Train=44.291 MB  Peak RAM Test=73.468 MB
2026-06-01 11:21:59 | INFO | [ncluster=82/82] AUC-ROC=22.22%  AUC-PR=35.62%  F1=0.6751  MCC=0.0957  Train=3.002s  Test=9.311s  Peak RAM Train=44.296 MB  Peak RAM Test=76.036 MB
2026-06-01 11:21:59 | INFO | [ncluster=85/85] AUC-ROC=25.06%  AUC-PR=36.27%  F1=0.6745  MCC=0.0883  Train=2.956s  Test=4.443s  Peak RAM Train=44.294 MB  Peak RAM Test=78.604 MB
2026-06-01 11:21:59 | INFO | [ncluster=88/88] AUC-ROC=28.32%  AUC-PR=37.56%  F1=0.6727  MCC=0.0590  Train=3.048s  Test=9.201s  Peak RAM Train=44.295 MB  Peak RAM Test=81.172 MB
2026-06-01 11:21:59 | INFO | [ncluster=91/91] AUC-ROC=23.86%  AUC-PR=35.86%  F1=0.6732  MCC=0.0683  Train=3.750s  Test=7.937s  Peak RAM Train=44.297 MB  Peak RAM Test=83.74 MB
2026-06-01 11:21:59 | INFO | [ncluster=94/94] AUC-ROC=36.57%  AUC-PR=41.11%  F1=0.6749  MCC=0.0927  Train=3.043s  Test=10.821s  Peak RAM Train=44.296 MB  Peak RAM Test=86.308 MB
2026-06-01 11:21:59 | INFO | [ncluster=97/97] AUC-ROC=18.76%  AUC-PR=34.53%  F1=0.6727  MCC=0.0599  Train=4.772s  Test=3.192s  Peak RAM Train=44.3 MB  Peak RAM Test=88.876 MB
2026-06-01 11:21:59 | INFO | [ncluster=100/100] AUC-ROC=11.60%  AUC-PR=32.73%  F1=0.6736  MCC=0.0748  Train=3.076s  Test=8.860s  Peak RAM Train=44.298 MB  Peak RAM Test=91.444 MB
2026-06-01 11:21:59 | INFO | [ncluster=103/103] AUC-ROC=14.87%  AUC-PR=33.49%  F1=0.6736  MCC=0.0746  Train=3.214s  Test=6.907s  Peak RAM Train=44.294 MB  Peak RAM Test=94.012 MB
2026-06-01 11:21:59 | INFO | [ncluster=106/106] AUC-ROC=15.14%  AUC-PR=33.45%  F1=0.6736  MCC=0.0746  Train=1.871s  Test=7.321s  Peak RAM Train=44.294 MB  Peak RAM Test=96.58 MB
2026-06-01 11:21:59 | INFO | [ncluster=109/109] AUC-ROC=31.62%  AUC-PR=39.83%  F1=0.6732  MCC=0.0685  Train=3.347s  Test=6.891s  Peak RAM Train=44.299 MB  Peak RAM Test=99.148 MB
2026-06-01 11:21:59 | INFO | [ncluster=112/112] AUC-ROC=34.05%  AUC-PR=40.53%  F1=0.6724  MCC=0.0544  Train=3.776s  Test=9.272s  Peak RAM Train=44.302 MB  Peak RAM Test=101.716 MB
2026-06-01 11:21:59 | INFO | [ncluster=115/115] AUC-ROC=30.74%  AUC-PR=38.16%  F1=0.6748  MCC=0.0912  Train=3.244s  Test=11.296s  Peak RAM Train=44.305 MB  Peak RAM Test=104.284 MB
2026-06-01 11:21:59 | INFO | [ncluster=118/118] AUC-ROC=29.13%  AUC-PR=38.23%  F1=0.6732  MCC=0.0683  Train=3.043s  Test=8.764s  Peak RAM Train=44.298 MB  Peak RAM Test=106.852 MB
2026-06-01 11:21:59 | INFO | [ncluster=121/121] AUC-ROC=18.16%  AUC-PR=34.27%  F1=0.6732  MCC=0.0695  Train=2.524s  Test=7.334s  Peak RAM Train=44.303 MB  Peak RAM Test=109.42 MB
2026-06-01 11:21:59 | INFO | [ncluster=124/124] AUC-ROC=26.81%  AUC-PR=37.38%  F1=0.6745  MCC=0.0861  Train=2.944s  Test=7.940s  Peak RAM Train=44.303 MB  Peak RAM Test=111.988 MB
2026-06-01 11:21:59 | INFO | [ncluster=127/127] AUC-ROC=26.82%  AUC-PR=37.14%  F1=0.6750  MCC=0.0931  Train=2.529s  Test=9.759s  Peak RAM Train=44.303 MB  Peak RAM Test=114.556 MB
2026-06-01 11:21:59 | INFO | [ncluster=130/130] AUC-ROC=29.97%  AUC-PR=38.57%  F1=0.6732  MCC=0.0690  Train=2.224s  Test=10.182s  Peak RAM Train=44.304 MB  Peak RAM Test=117.124 MB
2026-06-01 11:21:59 | INFO | [ncluster=133/133] AUC-ROC=21.75%  AUC-PR=35.24%  F1=0.6732  MCC=0.0688  Train=3.662s  Test=9.133s  Peak RAM Train=44.308 MB  Peak RAM Test=119.692 MB
2026-06-01 11:21:59 | INFO | [ncluster=136/136] AUC-ROC=33.20%  AUC-PR=40.66%  F1=0.6753  MCC=0.0973  Train=4.632s  Test=11.078s  Peak RAM Train=44.304 MB  Peak RAM Test=122.26 MB
2026-06-01 11:21:59 | INFO | [ncluster=139/139] AUC-ROC=20.54%  AUC-PR=34.86%  F1=0.6739  MCC=0.0793  Train=4.509s  Test=10.116s  Peak RAM Train=44.302 MB  Peak RAM Test=124.828 MB
2026-06-01 11:21:59 | INFO | [ncluster=142/142] AUC-ROC=24.55%  AUC-PR=36.18%  F1=0.6752  MCC=0.0962  Train=2.746s  Test=8.407s  Peak RAM Train=44.312 MB  Peak RAM Test=127.396 MB
2026-06-01 11:21:59 | INFO | [ncluster=145/145] AUC-ROC=18.40%  AUC-PR=34.32%  F1=0.6736  MCC=0.0750  Train=1.521s  Test=8.682s  Peak RAM Train=44.305 MB  Peak RAM Test=129.964 MB
2026-06-01 11:21:59 | INFO | [ncluster=148/148] AUC-ROC=15.72%  AUC-PR=33.76%  F1=0.6758  MCC=0.1037  Train=1.571s  Test=5.562s  Peak RAM Train=44.307 MB  Peak RAM Test=132.532 MB
2026-06-01 11:21:59 | INFO | [ncluster=151/151] AUC-ROC=27.73%  AUC-PR=37.10%  F1=0.6737  MCC=0.0773  Train=2.032s  Test=11.060s  Peak RAM Train=44.308 MB  Peak RAM Test=135.1 MB
2026-06-01 11:21:59 | INFO | [ncluster=154/154] AUC-ROC=20.12%  AUC-PR=34.85%  F1=0.6755  MCC=0.1000  Train=2.711s  Test=9.973s  Peak RAM Train=44.305 MB  Peak RAM Test=137.668 MB
2026-06-01 11:21:59 | INFO | [ncluster=157/157] AUC-ROC=22.47%  AUC-PR=35.52%  F1=0.6795  MCC=0.1390  Train=2.276s  Test=15.788s  Peak RAM Train=44.312 MB  Peak RAM Test=140.236 MB
2026-06-01 11:21:59 | INFO | [ncluster=160/160] AUC-ROC=19.27%  AUC-PR=34.64%  F1=0.6734  MCC=0.0727  Train=2.724s  Test=15.427s  Peak RAM Train=44.312 MB  Peak RAM Test=142.804 MB
2026-06-01 11:21:59 | INFO | [ncluster=163/163] AUC-ROC=25.64%  AUC-PR=36.51%  F1=0.6738  MCC=0.0775  Train=2.930s  Test=18.160s  Peak RAM Train=44.309 MB  Peak RAM Test=145.372 MB
2026-06-01 11:21:59 | INFO | [ncluster=166/166] AUC-ROC=25.59%  AUC-PR=36.52%  F1=0.6747  MCC=0.0900  Train=2.570s  Test=18.227s  Peak RAM Train=44.313 MB  Peak RAM Test=147.94 MB
2026-06-01 11:21:59 | INFO | [ncluster=169/169] AUC-ROC=30.29%  AUC-PR=37.91%  F1=0.6743  MCC=0.0854  Train=1.481s  Test=18.656s  Peak RAM Train=44.314 MB  Peak RAM Test=150.508 MB
2026-06-01 11:21:59 | INFO | [ncluster=172/172] AUC-ROC=34.24%  AUC-PR=39.28%  F1=0.6755  MCC=0.0998  Train=3.405s  Test=15.505s  Peak RAM Train=44.308 MB  Peak RAM Test=153.076 MB
2026-06-01 11:21:59 | INFO | [ncluster=175/175] AUC-ROC=20.20%  AUC-PR=35.07%  F1=0.6777  MCC=0.1227  Train=2.466s  Test=16.583s  Peak RAM Train=44.312 MB  Peak RAM Test=155.644 MB
2026-06-01 11:21:59 | INFO | [ncluster=178/178] AUC-ROC=38.84%  AUC-PR=41.87%  F1=0.6767  MCC=0.1088  Train=3.008s  Test=15.805s  Peak RAM Train=44.313 MB  Peak RAM Test=158.212 MB
2026-06-01 11:21:59 | INFO | [ncluster=181/181] AUC-ROC=39.85%  AUC-PR=42.15%  F1=0.6804  MCC=0.1463  Train=2.845s  Test=14.999s  Peak RAM Train=44.318 MB  Peak RAM Test=160.78 MB
2026-06-01 11:21:59 | INFO | [ncluster=184/184] AUC-ROC=14.50%  AUC-PR=33.59%  F1=0.6735  MCC=0.0732  Train=2.256s  Test=12.385s  Peak RAM Train=44.317 MB  Peak RAM Test=163.348 MB
2026-06-01 11:21:59 | INFO | [ncluster=187/187] AUC-ROC=27.65%  AUC-PR=37.10%  F1=0.6743  MCC=0.0857  Train=1.806s  Test=12.453s  Peak RAM Train=44.317 MB  Peak RAM Test=165.916 MB
2026-06-01 11:21:59 | INFO | [ncluster=190/190] AUC-ROC=20.20%  AUC-PR=35.05%  F1=0.6838  MCC=0.1711  Train=2.500s  Test=5.676s  Peak RAM Train=44.318 MB  Peak RAM Test=168.484 MB
2026-06-01 11:21:59 | INFO | [ncluster=193/193] AUC-ROC=23.15%  AUC-PR=35.79%  F1=0.6743  MCC=0.0857  Train=3.741s  Test=12.174s  Peak RAM Train=44.317 MB  Peak RAM Test=171.052 MB
2026-06-01 11:21:59 | INFO | [ncluster=196/196] AUC-ROC=22.31%  AUC-PR=35.48%  F1=0.6804  MCC=0.1459  Train=1.539s  Test=10.792s  Peak RAM Train=44.314 MB  Peak RAM Test=173.62 MB
2026-06-01 11:21:59 | INFO | [ncluster=199/199] AUC-ROC=27.71%  AUC-PR=37.20%  F1=0.6742  MCC=0.0834  Train=1.862s  Test=9.466s  Peak RAM Train=44.317 MB  Peak RAM Test=176.188 MB
2026-06-01 11:21:59 | INFO | [ncluster=202/202] AUC-ROC=18.92%  AUC-PR=34.67%  F1=0.6764  MCC=0.1095  Train=1.392s  Test=10.025s  Peak RAM Train=44.315 MB  Peak RAM Test=178.756 MB
2026-06-01 11:21:59 | INFO | [ncluster=205/205] AUC-ROC=19.38%  AUC-PR=34.91%  F1=0.6744  MCC=0.0861  Train=2.186s  Test=13.501s  Peak RAM Train=44.321 MB  Peak RAM Test=181.324 MB
2026-06-01 11:21:59 | INFO | [ncluster=208/208] AUC-ROC=17.46%  AUC-PR=34.38%  F1=0.6740  MCC=0.0813  Train=1.611s  Test=18.278s  Peak RAM Train=44.32 MB  Peak RAM Test=183.892 MB
2026-06-01 11:21:59 | INFO | [ncluster=211/211] AUC-ROC=22.74%  AUC-PR=35.58%  F1=0.6739  MCC=0.0789  Train=3.648s  Test=14.756s  Peak RAM Train=44.319 MB  Peak RAM Test=186.46 MB
2026-06-01 11:21:59 | INFO | [ncluster=214/214] AUC-ROC=19.14%  AUC-PR=34.68%  F1=0.6734  MCC=0.0725  Train=3.317s  Test=12.494s  Peak RAM Train=44.324 MB  Peak RAM Test=189.028 MB
2026-06-01 11:21:59 | INFO | [ncluster=217/217] AUC-ROC=19.56%  AUC-PR=34.91%  F1=0.6745  MCC=0.0877  Train=3.887s  Test=21.627s  Peak RAM Train=44.32 MB  Peak RAM Test=191.596 MB
2026-06-01 11:21:59 | INFO | [ncluster=220/220] AUC-ROC=24.50%  AUC-PR=36.12%  F1=0.6817  MCC=0.1552  Train=2.658s  Test=21.086s  Peak RAM Train=44.324 MB  Peak RAM Test=194.164 MB
2026-06-01 11:21:59 | INFO | [ncluster=223/223] AUC-ROC=20.71%  AUC-PR=35.09%  F1=0.6742  MCC=0.0834  Train=2.920s  Test=13.855s  Peak RAM Train=44.323 MB  Peak RAM Test=196.732 MB
2026-06-01 11:21:59 | INFO | [ncluster=226/226] AUC-ROC=15.53%  AUC-PR=33.89%  F1=0.6735  MCC=0.0734  Train=2.180s  Test=20.465s  Peak RAM Train=44.325 MB  Peak RAM Test=199.3 MB
2026-06-01 11:21:59 | INFO | [ncluster=229/229] AUC-ROC=24.11%  AUC-PR=36.20%  F1=0.6820  MCC=0.1570  Train=4.064s  Test=20.321s  Peak RAM Train=44.326 MB  Peak RAM Test=201.868 MB
2026-06-01 11:21:59 | INFO | [ncluster=232/232] AUC-ROC=25.96%  AUC-PR=36.57%  F1=0.6720  MCC=0.0581  Train=0.896s  Test=20.248s  Peak RAM Train=44.326 MB  Peak RAM Test=204.436 MB
2026-06-01 11:21:59 | INFO | [ncluster=235/235] AUC-ROC=18.45%  AUC-PR=34.53%  F1=0.6763  MCC=0.1081  Train=2.594s  Test=16.120s  Peak RAM Train=44.326 MB  Peak RAM Test=207.004 MB
2026-06-01 11:21:59 | INFO | [ncluster=238/238] AUC-ROC=19.07%  AUC-PR=34.71%  F1=0.6843  MCC=0.1739  Train=2.780s  Test=18.088s  Peak RAM Train=44.327 MB  Peak RAM Test=209.572 MB
2026-06-01 11:21:59 | INFO | [ncluster=241/241] AUC-ROC=21.04%  AUC-PR=35.21%  F1=0.6737  MCC=0.0748  Train=3.577s  Test=16.799s  Peak RAM Train=44.329 MB  Peak RAM Test=212.14 MB
2026-06-01 11:21:59 | INFO | [ncluster=244/244] AUC-ROC=22.31%  AUC-PR=35.71%  F1=0.6762  MCC=0.1072  Train=3.040s  Test=15.625s  Peak RAM Train=44.327 MB  Peak RAM Test=214.708 MB
2026-06-01 11:21:59 | INFO | [ncluster=247/247] AUC-ROC=24.63%  AUC-PR=36.25%  F1=0.6790  MCC=0.1339  Train=2.391s  Test=16.882s  Peak RAM Train=44.33 MB  Peak RAM Test=217.276 MB
2026-06-01 11:21:59 | INFO | [ncluster=250/250] AUC-ROC=18.22%  AUC-PR=34.51%  F1=0.6749  MCC=0.0923  Train=3.080s  Test=16.760s  Peak RAM Train=44.324 MB  Peak RAM Test=219.844 MB
2026-06-01 11:21:59 | INFO | [ncluster=253/253] AUC-ROC=14.06%  AUC-PR=33.50%  F1=0.6784  MCC=0.1283  Train=2.683s  Test=13.454s  Peak RAM Train=44.332 MB  Peak RAM Test=222.412 MB
2026-06-01 11:21:59 | INFO | [ncluster=256/256] AUC-ROC=25.09%  AUC-PR=36.16%  F1=0.6801  MCC=0.1359  Train=1.648s  Test=14.774s  Peak RAM Train=44.331 MB  Peak RAM Test=224.98 MB
2026-06-01 11:21:59 | INFO | [ncluster=259/259] AUC-ROC=23.48%  AUC-PR=35.84%  F1=0.6845  MCC=0.1756  Train=2.603s  Test=16.145s  Peak RAM Train=44.334 MB  Peak RAM Test=227.548 MB
2026-06-01 11:21:59 | INFO | [ncluster=262/262] AUC-ROC=20.64%  AUC-PR=35.11%  F1=0.6745  MCC=0.0875  Train=2.587s  Test=17.034s  Peak RAM Train=44.332 MB  Peak RAM Test=230.116 MB
2026-06-01 11:21:59 | INFO | [ncluster=265/265] AUC-ROC=85.80%  AUC-PR=73.61%  F1=0.8912  MCC=0.7738  Train=2.386s  Test=18.426s  Peak RAM Train=44.33 MB  Peak RAM Test=232.684 MB
2026-06-01 11:21:59 | INFO | [ncluster=268/268] AUC-ROC=23.30%  AUC-PR=35.84%  F1=0.6782  MCC=0.1266  Train=4.248s  Test=21.856s  Peak RAM Train=44.329 MB  Peak RAM Test=235.252 MB
2026-06-01 11:21:59 | INFO | [ncluster=271/271] AUC-ROC=86.01%  AUC-PR=73.77%  F1=0.8846  MCC=0.7588  Train=2.779s  Test=16.866s  Peak RAM Train=44.334 MB  Peak RAM Test=237.82 MB
2026-06-01 11:21:59 | INFO | [ncluster=274/274] AUC-ROC=19.69%  AUC-PR=34.88%  F1=0.6764  MCC=0.1094  Train=3.308s  Test=16.262s  Peak RAM Train=44.338 MB  Peak RAM Test=240.388 MB
2026-06-01 11:21:59 | INFO | [ncluster=277/277] AUC-ROC=86.22%  AUC-PR=74.21%  F1=0.8937  MCC=0.7791  Train=2.550s  Test=20.111s  Peak RAM Train=44.338 MB  Peak RAM Test=242.956 MB
2026-06-01 11:21:59 | INFO | [ncluster=280/280] AUC-ROC=31.02%  AUC-PR=38.07%  F1=0.6873  MCC=0.1923  Train=2.596s  Test=12.561s  Peak RAM Train=44.336 MB  Peak RAM Test=245.524 MB
2026-06-01 11:21:59 | INFO | [ncluster=283/283] AUC-ROC=21.52%  AUC-PR=35.38%  F1=0.6780  MCC=0.1245  Train=2.091s  Test=13.023s  Peak RAM Train=44.337 MB  Peak RAM Test=248.092 MB
2026-06-01 11:21:59 | INFO | [ncluster=286/286] AUC-ROC=26.40%  AUC-PR=36.49%  F1=0.6836  MCC=0.1664  Train=3.241s  Test=13.988s  Peak RAM Train=44.337 MB  Peak RAM Test=250.66 MB
2026-06-01 11:21:59 | INFO | [ncluster=289/289] AUC-ROC=23.27%  AUC-PR=35.72%  F1=0.6851  MCC=0.1787  Train=2.727s  Test=18.410s  Peak RAM Train=44.337 MB  Peak RAM Test=253.228 MB
2026-06-01 11:21:59 | INFO | [ncluster=292/292] AUC-ROC=19.03%  AUC-PR=34.55%  F1=0.6807  MCC=0.1477  Train=1.353s  Test=16.554s  Peak RAM Train=44.334 MB  Peak RAM Test=255.796 MB
2026-06-01 11:21:59 | INFO | [ncluster=295/295] AUC-ROC=26.07%  AUC-PR=36.54%  F1=0.6817  MCC=0.1543  Train=2.389s  Test=13.481s  Peak RAM Train=44.341 MB  Peak RAM Test=258.364 MB
2026-06-01 11:21:59 | INFO | [ncluster=298/298] AUC-ROC=29.78%  AUC-PR=37.66%  F1=0.6817  MCC=0.1544  Train=1.171s  Test=12.177s  Peak RAM Train=44.336 MB  Peak RAM Test=260.932 MB
2026-06-01 11:21:59 | INFO | --- noise=3% ---
2026-06-01 11:21:59 | INFO | ============================================================
2026-06-01 11:21:59 | INFO | Dataset  : Train_QuantileTransformer_data_EdgeIIoTset.csv
2026-06-01 11:21:59 | INFO | Scaler   : QuantileTransformer
2026-06-01 11:21:59 | INFO | Noise    : 3%
2026-06-01 11:21:59 | INFO | nClusters: 100 values (1..298)
2026-06-01 11:21:59 | INFO | K-Means  : Standard KMeans
2026-06-01 11:21:59 | INFO | ============================================================
2026-06-01 11:22:00 | INFO | Loaded Raw Shape -> Train: (30000, 53), Test: (30000, 53)
2026-06-01 11:22:00 | INFO | Training size : 30,900  |  Testing size: 29,100  |  Features: 52
2026-06-01 11:22:00 | INFO | Firing up Parallel execution for 100 cluster configs...
2026-06-01 11:27:56 | INFO | [ncluster=1/1] AUC-ROC=57.77%  AUC-PR=54.36%  F1=0.7348  MCC=0.3575  Train=5.094s  Test=0.328s  Peak RAM Train=45.146 MB  Peak RAM Test=13.767 MB
2026-06-01 11:27:56 | INFO | [ncluster=4/4] AUC-ROC=66.39%  AUC-PR=59.27%  F1=0.7542  MCC=0.4205  Train=3.384s  Test=0.242s  Peak RAM Train=45.15 MB  Peak RAM Test=14.025 MB
2026-06-01 11:27:56 | INFO | [ncluster=7/7] AUC-ROC=59.47%  AUC-PR=59.53%  F1=0.7448  MCC=0.3881  Train=3.383s  Test=1.061s  Peak RAM Train=45.153 MB  Peak RAM Test=14.283 MB
2026-06-01 11:27:56 | INFO | [ncluster=10/10] AUC-ROC=50.28%  AUC-PR=63.32%  F1=0.4204  MCC=0.3701  Train=1.922s  Test=0.625s  Peak RAM Train=45.151 MB  Peak RAM Test=15.035 MB
2026-06-01 11:27:56 | INFO | [ncluster=13/13] AUC-ROC=51.54%  AUC-PR=57.88%  F1=0.2346  MCC=0.2618  Train=4.228s  Test=1.148s  Peak RAM Train=45.155 MB  Peak RAM Test=16.972 MB
2026-06-01 11:27:56 | INFO | [ncluster=16/16] AUC-ROC=68.52%  AUC-PR=63.52%  F1=0.6048  MCC=0.3817  Train=4.793s  Test=1.446s  Peak RAM Train=45.154 MB  Peak RAM Test=19.54 MB
2026-06-01 11:27:56 | INFO | [ncluster=19/19] AUC-ROC=58.15%  AUC-PR=51.35%  F1=0.7265  MCC=0.3322  Train=3.877s  Test=2.129s  Peak RAM Train=45.155 MB  Peak RAM Test=22.108 MB
2026-06-01 11:27:56 | INFO | [ncluster=22/22] AUC-ROC=64.54%  AUC-PR=56.28%  F1=0.7237  MCC=0.3433  Train=5.098s  Test=1.865s  Peak RAM Train=45.157 MB  Peak RAM Test=24.676 MB
2026-06-01 11:27:56 | INFO | [ncluster=25/25] AUC-ROC=64.73%  AUC-PR=57.98%  F1=0.6676  MCC=0.2814  Train=4.013s  Test=2.133s  Peak RAM Train=45.157 MB  Peak RAM Test=27.244 MB
2026-06-01 11:27:56 | INFO | [ncluster=28/28] AUC-ROC=65.11%  AUC-PR=58.66%  F1=0.6736  MCC=0.2844  Train=3.134s  Test=1.662s  Peak RAM Train=45.157 MB  Peak RAM Test=29.812 MB
2026-06-01 11:27:56 | INFO | [ncluster=31/31] AUC-ROC=67.12%  AUC-PR=58.15%  F1=0.7091  MCC=0.3549  Train=4.528s  Test=2.101s  Peak RAM Train=45.161 MB  Peak RAM Test=32.38 MB
2026-06-01 11:27:56 | INFO | [ncluster=34/34] AUC-ROC=64.55%  AUC-PR=55.49%  F1=0.7339  MCC=0.3823  Train=4.415s  Test=3.490s  Peak RAM Train=45.16 MB  Peak RAM Test=34.948 MB
2026-06-01 11:27:56 | INFO | [ncluster=37/37] AUC-ROC=52.59%  AUC-PR=48.85%  F1=0.6609  MCC=0.1823  Train=4.255s  Test=3.814s  Peak RAM Train=45.16 MB  Peak RAM Test=37.516 MB
2026-06-01 11:27:56 | INFO | [ncluster=40/40] AUC-ROC=62.36%  AUC-PR=54.73%  F1=0.7347  MCC=0.3605  Train=3.935s  Test=3.911s  Peak RAM Train=45.167 MB  Peak RAM Test=40.084 MB
2026-06-01 11:27:56 | INFO | [ncluster=43/43] AUC-ROC=57.22%  AUC-PR=50.89%  F1=0.7293  MCC=0.3374  Train=4.012s  Test=5.252s  Peak RAM Train=45.162 MB  Peak RAM Test=42.652 MB
2026-06-01 11:27:56 | INFO | [ncluster=46/46] AUC-ROC=65.20%  AUC-PR=57.57%  F1=0.7415  MCC=0.3790  Train=3.256s  Test=5.509s  Peak RAM Train=45.156 MB  Peak RAM Test=45.22 MB
2026-06-01 11:27:56 | INFO | [ncluster=49/49] AUC-ROC=64.86%  AUC-PR=57.20%  F1=0.7409  MCC=0.3771  Train=4.496s  Test=4.088s  Peak RAM Train=45.164 MB  Peak RAM Test=47.788 MB
2026-06-01 11:27:56 | INFO | [ncluster=52/52] AUC-ROC=65.85%  AUC-PR=57.84%  F1=0.7335  MCC=0.3592  Train=4.897s  Test=5.928s  Peak RAM Train=45.164 MB  Peak RAM Test=50.356 MB
2026-06-01 11:27:56 | INFO | [ncluster=55/55] AUC-ROC=62.82%  AUC-PR=54.91%  F1=0.7410  MCC=0.3771  Train=4.821s  Test=5.180s  Peak RAM Train=45.164 MB  Peak RAM Test=52.924 MB
2026-06-01 11:27:56 | INFO | [ncluster=58/58] AUC-ROC=63.74%  AUC-PR=56.13%  F1=0.7353  MCC=0.3706  Train=5.353s  Test=4.067s  Peak RAM Train=45.163 MB  Peak RAM Test=55.492 MB
2026-06-01 11:27:56 | INFO | [ncluster=61/61] AUC-ROC=59.90%  AUC-PR=53.02%  F1=0.7006  MCC=0.2649  Train=3.985s  Test=5.019s  Peak RAM Train=45.168 MB  Peak RAM Test=58.06 MB
2026-06-01 11:27:56 | INFO | [ncluster=64/64] AUC-ROC=55.89%  AUC-PR=50.12%  F1=0.6945  MCC=0.2580  Train=2.723s  Test=8.223s  Peak RAM Train=45.169 MB  Peak RAM Test=60.628 MB
2026-06-01 11:27:56 | INFO | [ncluster=67/67] AUC-ROC=60.07%  AUC-PR=52.54%  F1=0.7298  MCC=0.3498  Train=2.917s  Test=5.747s  Peak RAM Train=45.167 MB  Peak RAM Test=63.196 MB
2026-06-01 11:27:56 | INFO | [ncluster=70/70] AUC-ROC=57.59%  AUC-PR=51.14%  F1=0.7158  MCC=0.3095  Train=4.327s  Test=9.356s  Peak RAM Train=45.168 MB  Peak RAM Test=65.764 MB
2026-06-01 11:27:56 | INFO | [ncluster=73/73] AUC-ROC=62.97%  AUC-PR=54.40%  F1=0.7322  MCC=0.3682  Train=4.057s  Test=8.612s  Peak RAM Train=45.163 MB  Peak RAM Test=68.332 MB
2026-06-01 11:27:56 | INFO | [ncluster=76/76] AUC-ROC=53.07%  AUC-PR=48.44%  F1=0.6805  MCC=0.2341  Train=4.884s  Test=9.047s  Peak RAM Train=45.169 MB  Peak RAM Test=70.9 MB
2026-06-01 11:27:56 | INFO | [ncluster=79/79] AUC-ROC=51.39%  AUC-PR=47.39%  F1=0.6649  MCC=0.2020  Train=4.763s  Test=7.346s  Peak RAM Train=45.165 MB  Peak RAM Test=73.468 MB
2026-06-01 11:27:56 | INFO | [ncluster=82/82] AUC-ROC=56.94%  AUC-PR=50.51%  F1=0.7228  MCC=0.3186  Train=4.721s  Test=5.068s  Peak RAM Train=45.17 MB  Peak RAM Test=76.036 MB
2026-06-01 11:27:56 | INFO | [ncluster=85/85] AUC-ROC=57.11%  AUC-PR=50.53%  F1=0.7199  MCC=0.3255  Train=3.310s  Test=11.628s  Peak RAM Train=45.173 MB  Peak RAM Test=78.604 MB
2026-06-01 11:27:56 | INFO | [ncluster=88/88] AUC-ROC=57.47%  AUC-PR=50.88%  F1=0.7230  MCC=0.3312  Train=4.308s  Test=8.448s  Peak RAM Train=45.167 MB  Peak RAM Test=81.172 MB
2026-06-01 11:27:56 | INFO | [ncluster=91/91] AUC-ROC=6.75%  AUC-PR=32.68%  F1=0.6812  MCC=0.0465  Train=4.561s  Test=5.087s  Peak RAM Train=45.173 MB  Peak RAM Test=83.74 MB
2026-06-01 11:27:56 | INFO | [ncluster=94/94] AUC-ROC=6.90%  AUC-PR=32.69%  F1=0.6812  MCC=0.0465  Train=4.259s  Test=7.566s  Peak RAM Train=45.168 MB  Peak RAM Test=86.308 MB
2026-06-01 11:27:56 | INFO | [ncluster=97/97] AUC-ROC=7.54%  AUC-PR=32.87%  F1=0.6829  MCC=0.0784  Train=4.514s  Test=7.905s  Peak RAM Train=45.173 MB  Peak RAM Test=88.876 MB
2026-06-01 11:27:56 | INFO | [ncluster=100/100] AUC-ROC=9.53%  AUC-PR=33.26%  F1=0.6832  MCC=0.0832  Train=4.758s  Test=4.689s  Peak RAM Train=45.174 MB  Peak RAM Test=91.444 MB
2026-06-01 11:27:56 | INFO | [ncluster=103/103] AUC-ROC=12.10%  AUC-PR=33.61%  F1=0.6823  MCC=0.0694  Train=3.682s  Test=8.292s  Peak RAM Train=45.172 MB  Peak RAM Test=94.012 MB
2026-06-01 11:27:56 | INFO | [ncluster=106/106] AUC-ROC=18.29%  AUC-PR=35.96%  F1=0.6822  MCC=0.0677  Train=4.749s  Test=11.562s  Peak RAM Train=45.175 MB  Peak RAM Test=96.58 MB
2026-06-01 11:27:56 | INFO | [ncluster=109/109] AUC-ROC=8.71%  AUC-PR=33.07%  F1=0.6815  MCC=0.0538  Train=4.178s  Test=7.973s  Peak RAM Train=45.176 MB  Peak RAM Test=99.148 MB
2026-06-01 11:27:56 | INFO | [ncluster=112/112] AUC-ROC=12.67%  AUC-PR=33.74%  F1=0.6825  MCC=0.0732  Train=3.244s  Test=7.488s  Peak RAM Train=45.176 MB  Peak RAM Test=101.716 MB
2026-06-01 11:27:56 | INFO | [ncluster=115/115] AUC-ROC=11.91%  AUC-PR=33.64%  F1=0.6831  MCC=0.0825  Train=2.889s  Test=12.638s  Peak RAM Train=45.179 MB  Peak RAM Test=104.284 MB
2026-06-01 11:27:56 | INFO | [ncluster=118/118] AUC-ROC=13.11%  AUC-PR=33.90%  F1=0.6815  MCC=0.0542  Train=2.220s  Test=10.177s  Peak RAM Train=45.178 MB  Peak RAM Test=106.852 MB
2026-06-01 11:27:56 | INFO | [ncluster=121/121] AUC-ROC=8.23%  AUC-PR=32.95%  F1=0.6827  MCC=0.0734  Train=2.905s  Test=8.395s  Peak RAM Train=45.178 MB  Peak RAM Test=109.42 MB
2026-06-01 11:27:56 | INFO | [ncluster=124/124] AUC-ROC=20.80%  AUC-PR=36.58%  F1=0.6820  MCC=0.0635  Train=3.749s  Test=12.716s  Peak RAM Train=45.182 MB  Peak RAM Test=111.988 MB
2026-06-01 11:27:56 | INFO | [ncluster=127/127] AUC-ROC=5.91%  AUC-PR=32.49%  F1=0.6812  MCC=0.0457  Train=3.163s  Test=11.158s  Peak RAM Train=45.178 MB  Peak RAM Test=114.556 MB
2026-06-01 11:27:56 | INFO | [ncluster=130/130] AUC-ROC=11.04%  AUC-PR=33.58%  F1=0.6817  MCC=0.0578  Train=3.607s  Test=11.508s  Peak RAM Train=45.181 MB  Peak RAM Test=117.124 MB
2026-06-01 11:27:56 | INFO | [ncluster=133/133] AUC-ROC=10.26%  AUC-PR=33.30%  F1=0.6829  MCC=0.0787  Train=3.828s  Test=13.534s  Peak RAM Train=45.182 MB  Peak RAM Test=119.692 MB
2026-06-01 11:27:56 | INFO | [ncluster=136/136] AUC-ROC=15.05%  AUC-PR=34.45%  F1=0.6824  MCC=0.0717  Train=4.451s  Test=11.296s  Peak RAM Train=45.178 MB  Peak RAM Test=122.26 MB
2026-06-01 11:27:56 | INFO | [ncluster=139/139] AUC-ROC=25.91%  AUC-PR=37.64%  F1=0.6821  MCC=0.0666  Train=3.553s  Test=11.621s  Peak RAM Train=45.183 MB  Peak RAM Test=124.828 MB
2026-06-01 11:27:56 | INFO | [ncluster=142/142] AUC-ROC=12.29%  AUC-PR=33.76%  F1=0.6817  MCC=0.0578  Train=4.064s  Test=13.195s  Peak RAM Train=45.183 MB  Peak RAM Test=127.396 MB
2026-06-01 11:27:56 | INFO | [ncluster=145/145] AUC-ROC=15.56%  AUC-PR=34.63%  F1=0.6832  MCC=0.0829  Train=2.260s  Test=13.399s  Peak RAM Train=45.184 MB  Peak RAM Test=129.964 MB
2026-06-01 11:27:56 | INFO | [ncluster=148/148] AUC-ROC=10.83%  AUC-PR=33.48%  F1=0.6817  MCC=0.0581  Train=3.273s  Test=12.877s  Peak RAM Train=45.181 MB  Peak RAM Test=132.532 MB
2026-06-01 11:27:56 | INFO | [ncluster=151/151] AUC-ROC=17.20%  AUC-PR=35.04%  F1=0.6831  MCC=0.0816  Train=3.900s  Test=13.063s  Peak RAM Train=45.185 MB  Peak RAM Test=135.1 MB
2026-06-01 11:27:56 | INFO | [ncluster=154/154] AUC-ROC=13.08%  AUC-PR=34.15%  F1=0.6834  MCC=0.0858  Train=3.303s  Test=9.872s  Peak RAM Train=45.187 MB  Peak RAM Test=137.668 MB
2026-06-01 11:27:56 | INFO | [ncluster=157/157] AUC-ROC=15.82%  AUC-PR=34.65%  F1=0.6826  MCC=0.0750  Train=3.328s  Test=11.889s  Peak RAM Train=45.186 MB  Peak RAM Test=140.236 MB
2026-06-01 11:27:56 | INFO | [ncluster=160/160] AUC-ROC=16.57%  AUC-PR=34.88%  F1=0.6838  MCC=0.0917  Train=4.251s  Test=9.292s  Peak RAM Train=45.186 MB  Peak RAM Test=142.804 MB
2026-06-01 11:27:56 | INFO | [ncluster=163/163] AUC-ROC=13.28%  AUC-PR=34.14%  F1=0.6818  MCC=0.0600  Train=4.043s  Test=11.840s  Peak RAM Train=45.186 MB  Peak RAM Test=145.372 MB
2026-06-01 11:27:56 | INFO | [ncluster=166/166] AUC-ROC=14.06%  AUC-PR=34.24%  F1=0.6823  MCC=0.0696  Train=2.923s  Test=11.842s  Peak RAM Train=45.185 MB  Peak RAM Test=147.94 MB
2026-06-01 11:27:56 | INFO | [ncluster=169/169] AUC-ROC=11.74%  AUC-PR=33.88%  F1=0.6818  MCC=0.0612  Train=3.551s  Test=15.218s  Peak RAM Train=45.186 MB  Peak RAM Test=150.508 MB
2026-06-01 11:27:56 | INFO | [ncluster=172/172] AUC-ROC=14.48%  AUC-PR=34.46%  F1=0.6817  MCC=0.0590  Train=4.510s  Test=12.681s  Peak RAM Train=45.188 MB  Peak RAM Test=153.076 MB
2026-06-01 11:27:56 | INFO | [ncluster=175/175] AUC-ROC=16.00%  AUC-PR=34.68%  F1=0.6830  MCC=0.0802  Train=3.741s  Test=19.042s  Peak RAM Train=45.186 MB  Peak RAM Test=155.644 MB
2026-06-01 11:27:56 | INFO | [ncluster=178/178] AUC-ROC=14.84%  AUC-PR=34.47%  F1=0.6826  MCC=0.0742  Train=3.973s  Test=20.505s  Peak RAM Train=45.185 MB  Peak RAM Test=158.212 MB
2026-06-01 11:27:56 | INFO | [ncluster=181/181] AUC-ROC=16.90%  AUC-PR=34.94%  F1=0.6834  MCC=0.0858  Train=2.299s  Test=17.918s  Peak RAM Train=45.189 MB  Peak RAM Test=160.78 MB
2026-06-01 11:27:56 | INFO | [ncluster=184/184] AUC-ROC=15.99%  AUC-PR=34.85%  F1=0.6833  MCC=0.0852  Train=2.781s  Test=9.898s  Peak RAM Train=45.191 MB  Peak RAM Test=163.348 MB
2026-06-01 11:27:56 | INFO | [ncluster=187/187] AUC-ROC=14.90%  AUC-PR=34.46%  F1=0.6826  MCC=0.0745  Train=3.238s  Test=17.214s  Peak RAM Train=45.188 MB  Peak RAM Test=165.916 MB
2026-06-01 11:27:56 | INFO | [ncluster=190/190] AUC-ROC=15.89%  AUC-PR=34.69%  F1=0.6830  MCC=0.0800  Train=2.544s  Test=12.884s  Peak RAM Train=45.19 MB  Peak RAM Test=168.484 MB
2026-06-01 11:27:56 | INFO | [ncluster=193/193] AUC-ROC=20.31%  AUC-PR=35.62%  F1=0.6824  MCC=0.0709  Train=3.691s  Test=14.269s  Peak RAM Train=45.191 MB  Peak RAM Test=171.052 MB
2026-06-01 11:27:56 | INFO | [ncluster=196/196] AUC-ROC=17.02%  AUC-PR=34.95%  F1=0.6833  MCC=0.0849  Train=3.208s  Test=13.038s  Peak RAM Train=45.195 MB  Peak RAM Test=173.62 MB
2026-06-01 11:27:56 | INFO | [ncluster=199/199] AUC-ROC=12.66%  AUC-PR=34.17%  F1=0.6841  MCC=0.0952  Train=2.719s  Test=13.611s  Peak RAM Train=45.192 MB  Peak RAM Test=176.188 MB
2026-06-01 11:27:56 | INFO | [ncluster=202/202] AUC-ROC=14.65%  AUC-PR=34.49%  F1=0.6826  MCC=0.0745  Train=2.240s  Test=9.229s  Peak RAM Train=45.195 MB  Peak RAM Test=178.756 MB
2026-06-01 11:27:56 | INFO | [ncluster=205/205] AUC-ROC=12.78%  AUC-PR=34.25%  F1=0.6832  MCC=0.0832  Train=1.805s  Test=16.128s  Peak RAM Train=45.195 MB  Peak RAM Test=181.324 MB
2026-06-01 11:27:56 | INFO | [ncluster=208/208] AUC-ROC=14.69%  AUC-PR=34.57%  F1=0.6836  MCC=0.0884  Train=2.937s  Test=17.674s  Peak RAM Train=45.195 MB  Peak RAM Test=183.892 MB
2026-06-01 11:27:56 | INFO | [ncluster=211/211] AUC-ROC=12.90%  AUC-PR=34.25%  F1=0.6834  MCC=0.0867  Train=1.448s  Test=11.782s  Peak RAM Train=45.197 MB  Peak RAM Test=186.46 MB
2026-06-01 11:27:56 | INFO | [ncluster=214/214] AUC-ROC=19.50%  AUC-PR=35.56%  F1=0.6836  MCC=0.0888  Train=2.866s  Test=11.022s  Peak RAM Train=45.199 MB  Peak RAM Test=189.028 MB
2026-06-01 11:27:56 | INFO | [ncluster=217/217] AUC-ROC=15.68%  AUC-PR=34.70%  F1=0.6830  MCC=0.0794  Train=1.815s  Test=16.305s  Peak RAM Train=45.199 MB  Peak RAM Test=191.596 MB
2026-06-01 11:27:56 | INFO | [ncluster=220/220] AUC-ROC=14.95%  AUC-PR=34.58%  F1=0.6844  MCC=0.0991  Train=1.920s  Test=9.586s  Peak RAM Train=45.198 MB  Peak RAM Test=194.164 MB
2026-06-01 11:27:56 | INFO | [ncluster=223/223] AUC-ROC=19.62%  AUC-PR=35.66%  F1=0.6847  MCC=0.1026  Train=1.780s  Test=9.118s  Peak RAM Train=45.201 MB  Peak RAM Test=196.732 MB
2026-06-01 11:27:56 | INFO | [ncluster=226/226] AUC-ROC=16.08%  AUC-PR=34.85%  F1=0.6835  MCC=0.0875  Train=2.264s  Test=13.115s  Peak RAM Train=45.203 MB  Peak RAM Test=199.3 MB
2026-06-01 11:27:56 | INFO | [ncluster=229/229] AUC-ROC=15.19%  AUC-PR=34.63%  F1=0.6827  MCC=0.0760  Train=2.309s  Test=7.503s  Peak RAM Train=45.199 MB  Peak RAM Test=201.868 MB
2026-06-01 11:27:56 | INFO | [ncluster=232/232] AUC-ROC=15.68%  AUC-PR=34.69%  F1=0.6831  MCC=0.0815  Train=2.740s  Test=13.034s  Peak RAM Train=45.205 MB  Peak RAM Test=204.436 MB
2026-06-01 11:27:56 | INFO | [ncluster=235/235] AUC-ROC=14.55%  AUC-PR=34.38%  F1=0.6838  MCC=0.0917  Train=0.694s  Test=15.804s  Peak RAM Train=45.197 MB  Peak RAM Test=207.004 MB
2026-06-01 11:27:56 | INFO | [ncluster=238/238] AUC-ROC=14.39%  AUC-PR=34.35%  F1=0.6847  MCC=0.1028  Train=0.921s  Test=4.951s  Peak RAM Train=45.2 MB  Peak RAM Test=209.572 MB
2026-06-01 11:27:56 | INFO | [ncluster=241/241] AUC-ROC=14.48%  AUC-PR=34.53%  F1=0.6842  MCC=0.0962  Train=2.083s  Test=15.370s  Peak RAM Train=45.205 MB  Peak RAM Test=212.14 MB
2026-06-01 11:27:56 | INFO | [ncluster=244/244] AUC-ROC=16.11%  AUC-PR=34.87%  F1=0.6847  MCC=0.1020  Train=1.509s  Test=17.939s  Peak RAM Train=45.206 MB  Peak RAM Test=214.708 MB
2026-06-01 11:27:56 | INFO | [ncluster=247/247] AUC-ROC=17.16%  AUC-PR=35.09%  F1=0.6845  MCC=0.0999  Train=1.331s  Test=16.225s  Peak RAM Train=45.204 MB  Peak RAM Test=217.276 MB
2026-06-01 11:27:56 | INFO | [ncluster=250/250] AUC-ROC=18.84%  AUC-PR=35.42%  F1=0.6838  MCC=0.0917  Train=3.939s  Test=17.270s  Peak RAM Train=45.207 MB  Peak RAM Test=219.844 MB
2026-06-01 11:27:56 | INFO | [ncluster=253/253] AUC-ROC=29.06%  AUC-PR=38.42%  F1=0.6866  MCC=0.1219  Train=4.286s  Test=17.328s  Peak RAM Train=45.206 MB  Peak RAM Test=222.412 MB
2026-06-01 11:27:56 | INFO | [ncluster=256/256] AUC-ROC=14.61%  AUC-PR=34.60%  F1=0.6832  MCC=0.0824  Train=2.755s  Test=15.918s  Peak RAM Train=45.207 MB  Peak RAM Test=224.98 MB
2026-06-01 11:27:56 | INFO | [ncluster=259/259] AUC-ROC=17.37%  AUC-PR=35.30%  F1=0.6853  MCC=0.1087  Train=2.965s  Test=17.655s  Peak RAM Train=45.202 MB  Peak RAM Test=227.548 MB
2026-06-01 11:27:56 | INFO | [ncluster=262/262] AUC-ROC=22.55%  AUC-PR=36.45%  F1=0.6917  MCC=0.1649  Train=2.196s  Test=13.308s  Peak RAM Train=45.207 MB  Peak RAM Test=230.116 MB
2026-06-01 11:27:56 | INFO | [ncluster=265/265] AUC-ROC=20.39%  AUC-PR=35.74%  F1=0.6838  MCC=0.0913  Train=1.771s  Test=18.446s  Peak RAM Train=45.207 MB  Peak RAM Test=232.684 MB
2026-06-01 11:27:56 | INFO | [ncluster=268/268] AUC-ROC=18.15%  AUC-PR=35.36%  F1=0.6849  MCC=0.1046  Train=3.673s  Test=21.459s  Peak RAM Train=45.205 MB  Peak RAM Test=235.252 MB
2026-06-01 11:27:56 | INFO | [ncluster=271/271] AUC-ROC=17.10%  AUC-PR=35.12%  F1=0.6850  MCC=0.1062  Train=3.271s  Test=13.266s  Peak RAM Train=45.21 MB  Peak RAM Test=237.82 MB
2026-06-01 11:27:56 | INFO | [ncluster=274/274] AUC-ROC=21.66%  AUC-PR=36.23%  F1=0.6850  MCC=0.1062  Train=2.164s  Test=15.281s  Peak RAM Train=45.207 MB  Peak RAM Test=240.388 MB
2026-06-01 11:27:56 | INFO | [ncluster=277/277] AUC-ROC=30.94%  AUC-PR=39.11%  F1=0.6851  MCC=0.1064  Train=3.365s  Test=16.411s  Peak RAM Train=45.209 MB  Peak RAM Test=242.956 MB
2026-06-01 11:27:56 | INFO | [ncluster=280/280] AUC-ROC=18.66%  AUC-PR=35.37%  F1=0.6841  MCC=0.0945  Train=2.342s  Test=12.768s  Peak RAM Train=45.212 MB  Peak RAM Test=245.524 MB
2026-06-01 11:27:56 | INFO | [ncluster=283/283] AUC-ROC=27.94%  AUC-PR=38.02%  F1=0.6896  MCC=0.1493  Train=3.166s  Test=14.728s  Peak RAM Train=45.207 MB  Peak RAM Test=248.092 MB
2026-06-01 11:27:56 | INFO | [ncluster=286/286] AUC-ROC=18.24%  AUC-PR=35.32%  F1=0.6850  MCC=0.1062  Train=2.047s  Test=15.556s  Peak RAM Train=45.21 MB  Peak RAM Test=250.66 MB
2026-06-01 11:27:56 | INFO | [ncluster=289/289] AUC-ROC=19.83%  AUC-PR=35.73%  F1=0.6870  MCC=0.1202  Train=3.450s  Test=16.811s  Peak RAM Train=45.209 MB  Peak RAM Test=253.228 MB
2026-06-01 11:27:56 | INFO | [ncluster=292/292] AUC-ROC=16.91%  AUC-PR=34.92%  F1=0.6851  MCC=0.1073  Train=1.239s  Test=13.546s  Peak RAM Train=45.215 MB  Peak RAM Test=255.796 MB
2026-06-01 11:27:56 | INFO | [ncluster=295/295] AUC-ROC=21.21%  AUC-PR=36.11%  F1=0.6864  MCC=0.1205  Train=2.774s  Test=12.556s  Peak RAM Train=45.213 MB  Peak RAM Test=258.364 MB
2026-06-01 11:27:56 | INFO | [ncluster=298/298] AUC-ROC=28.75%  AUC-PR=38.23%  F1=0.6857  MCC=0.1129  Train=1.080s  Test=10.031s  Peak RAM Train=45.215 MB  Peak RAM Test=260.932 MB
2026-06-01 11:27:56 | INFO | --- noise=5% ---
2026-06-01 11:27:56 | INFO | ============================================================
2026-06-01 11:27:56 | INFO | Dataset  : Train_QuantileTransformer_data_EdgeIIoTset.csv
2026-06-01 11:27:56 | INFO | Scaler   : QuantileTransformer
2026-06-01 11:27:56 | INFO | Noise    : 5%
2026-06-01 11:27:56 | INFO | nClusters: 100 values (1..298)
2026-06-01 11:27:56 | INFO | K-Means  : Standard KMeans
2026-06-01 11:27:56 | INFO | ============================================================
2026-06-01 11:27:57 | INFO | Loaded Raw Shape -> Train: (30000, 53), Test: (30000, 53)
2026-06-01 11:27:57 | INFO | Training size : 31,500  |  Testing size: 28,500  |  Features: 52
2026-06-01 11:27:57 | INFO | Firing up Parallel execution for 100 cluster configs...
2026-06-01 11:33:55 | INFO | [ncluster=1/1] AUC-ROC=65.70%  AUC-PR=62.08%  F1=0.6604  MCC=0.2904  Train=2.416s  Test=0.076s  Peak RAM Train=46.022 MB  Peak RAM Test=14.292 MB
2026-06-01 11:33:55 | INFO | [ncluster=4/4] AUC-ROC=47.37%  AUC-PR=49.20%  F1=0.6816  MCC=0.1081  Train=3.092s  Test=0.358s  Peak RAM Train=46.025 MB  Peak RAM Test=14.562 MB
2026-06-01 11:33:55 | INFO | [ncluster=7/7] AUC-ROC=4.24%  AUC-PR=33.25%  F1=0.6897  MCC=0.0062  Train=4.805s  Test=0.538s  Peak RAM Train=46.029 MB  Peak RAM Test=15.336 MB
2026-06-01 11:33:55 | INFO | [ncluster=10/10] AUC-ROC=16.74%  AUC-PR=35.77%  F1=0.6897  MCC=0.0062  Train=3.635s  Test=1.030s  Peak RAM Train=46.031 MB  Peak RAM Test=15.606 MB
2026-06-01 11:33:55 | INFO | [ncluster=13/13] AUC-ROC=58.44%  AUC-PR=55.14%  F1=0.6950  MCC=0.3953  Train=3.913s  Test=1.719s  Peak RAM Train=46.03 MB  Peak RAM Test=16.972 MB
2026-06-01 11:33:55 | INFO | [ncluster=16/16] AUC-ROC=36.09%  AUC-PR=42.44%  F1=0.6898  MCC=0.0200  Train=4.616s  Test=1.361s  Peak RAM Train=46.032 MB  Peak RAM Test=19.54 MB
2026-06-01 11:33:55 | INFO | [ncluster=19/19] AUC-ROC=42.12%  AUC-PR=45.08%  F1=0.4843  MCC=0.0369  Train=4.711s  Test=2.409s  Peak RAM Train=46.03 MB  Peak RAM Test=22.108 MB
2026-06-01 11:33:55 | INFO | [ncluster=22/22] AUC-ROC=51.87%  AUC-PR=49.10%  F1=0.6665  MCC=0.2273  Train=3.327s  Test=1.337s  Peak RAM Train=46.033 MB  Peak RAM Test=24.676 MB
2026-06-01 11:33:55 | INFO | [ncluster=25/25] AUC-ROC=49.51%  AUC-PR=47.91%  F1=0.6305  MCC=0.2087  Train=4.849s  Test=2.147s  Peak RAM Train=46.032 MB  Peak RAM Test=27.244 MB
2026-06-01 11:33:55 | INFO | [ncluster=28/28] AUC-ROC=46.56%  AUC-PR=46.24%  F1=0.6680  MCC=0.1493  Train=3.885s  Test=3.062s  Peak RAM Train=46.035 MB  Peak RAM Test=29.812 MB
2026-06-01 11:33:55 | INFO | [ncluster=31/31] AUC-ROC=45.86%  AUC-PR=45.91%  F1=0.6706  MCC=0.1531  Train=3.710s  Test=3.974s  Peak RAM Train=46.036 MB  Peak RAM Test=32.38 MB
2026-06-01 11:33:55 | INFO | [ncluster=34/34] AUC-ROC=52.60%  AUC-PR=49.79%  F1=0.6847  MCC=0.2178  Train=5.693s  Test=4.234s  Peak RAM Train=46.032 MB  Peak RAM Test=34.948 MB
2026-06-01 11:33:55 | INFO | [ncluster=37/37] AUC-ROC=49.86%  AUC-PR=48.05%  F1=0.7058  MCC=0.2110  Train=4.255s  Test=3.905s  Peak RAM Train=46.04 MB  Peak RAM Test=37.516 MB
2026-06-01 11:33:55 | INFO | [ncluster=40/40] AUC-ROC=53.57%  AUC-PR=50.19%  F1=0.7295  MCC=0.3113  Train=4.154s  Test=3.763s  Peak RAM Train=46.037 MB  Peak RAM Test=40.084 MB
2026-06-01 11:33:55 | INFO | [ncluster=43/43] AUC-ROC=62.03%  AUC-PR=56.99%  F1=0.6302  MCC=0.2470  Train=3.642s  Test=4.664s  Peak RAM Train=46.039 MB  Peak RAM Test=42.652 MB
2026-06-01 11:33:55 | INFO | [ncluster=46/46] AUC-ROC=53.65%  AUC-PR=49.78%  F1=0.7300  MCC=0.3128  Train=4.377s  Test=3.190s  Peak RAM Train=46.038 MB  Peak RAM Test=45.22 MB
2026-06-01 11:33:55 | INFO | [ncluster=49/49] AUC-ROC=55.59%  AUC-PR=50.98%  F1=0.7330  MCC=0.3250  Train=5.497s  Test=4.174s  Peak RAM Train=46.039 MB  Peak RAM Test=47.788 MB
2026-06-01 11:33:55 | INFO | [ncluster=52/52] AUC-ROC=58.07%  AUC-PR=54.29%  F1=0.6946  MCC=0.2205  Train=4.273s  Test=6.090s  Peak RAM Train=46.034 MB  Peak RAM Test=50.356 MB
2026-06-01 11:33:55 | INFO | [ncluster=55/55] AUC-ROC=55.71%  AUC-PR=51.71%  F1=0.7110  MCC=0.2657  Train=3.790s  Test=5.770s  Peak RAM Train=46.043 MB  Peak RAM Test=52.924 MB
2026-06-01 11:33:55 | INFO | [ncluster=58/58] AUC-ROC=45.74%  AUC-PR=46.15%  F1=0.6493  MCC=0.0823  Train=3.384s  Test=5.884s  Peak RAM Train=46.041 MB  Peak RAM Test=55.492 MB
2026-06-01 11:33:55 | INFO | [ncluster=61/61] AUC-ROC=45.02%  AUC-PR=45.72%  F1=0.6960  MCC=0.1422  Train=4.654s  Test=5.113s  Peak RAM Train=46.044 MB  Peak RAM Test=58.06 MB
2026-06-01 11:33:55 | INFO | [ncluster=64/64] AUC-ROC=46.02%  AUC-PR=46.14%  F1=0.7006  MCC=0.1815  Train=2.929s  Test=6.636s  Peak RAM Train=46.039 MB  Peak RAM Test=60.628 MB
2026-06-01 11:33:55 | INFO | [ncluster=67/67] AUC-ROC=54.59%  AUC-PR=51.06%  F1=0.6937  MCC=0.2093  Train=1.706s  Test=6.451s  Peak RAM Train=46.038 MB  Peak RAM Test=63.196 MB
2026-06-01 11:33:55 | INFO | [ncluster=70/70] AUC-ROC=52.35%  AUC-PR=48.99%  F1=0.7044  MCC=0.2498  Train=5.146s  Test=7.224s  Peak RAM Train=46.043 MB  Peak RAM Test=65.764 MB
2026-06-01 11:33:55 | INFO | [ncluster=73/73] AUC-ROC=48.40%  AUC-PR=46.88%  F1=0.7103  MCC=0.2382  Train=5.050s  Test=4.447s  Peak RAM Train=46.041 MB  Peak RAM Test=68.332 MB
2026-06-01 11:33:56 | INFO | [ncluster=76/76] AUC-ROC=47.14%  AUC-PR=46.59%  F1=0.6921  MCC=0.1652  Train=4.963s  Test=7.744s  Peak RAM Train=46.042 MB  Peak RAM Test=70.9 MB
2026-06-01 11:33:56 | INFO | [ncluster=79/79] AUC-ROC=52.25%  AUC-PR=50.36%  F1=0.6782  MCC=0.1489  Train=4.912s  Test=6.728s  Peak RAM Train=46.046 MB  Peak RAM Test=73.468 MB
2026-06-01 11:33:56 | INFO | [ncluster=82/82] AUC-ROC=46.40%  AUC-PR=46.66%  F1=0.6547  MCC=0.0539  Train=3.002s  Test=6.715s  Peak RAM Train=46.044 MB  Peak RAM Test=76.036 MB
2026-06-01 11:33:56 | INFO | [ncluster=85/85] AUC-ROC=48.99%  AUC-PR=47.56%  F1=0.6763  MCC=0.1563  Train=4.647s  Test=9.593s  Peak RAM Train=46.046 MB  Peak RAM Test=78.604 MB
2026-06-01 11:33:56 | INFO | [ncluster=88/88] AUC-ROC=52.92%  AUC-PR=50.94%  F1=0.6444  MCC=0.1410  Train=5.604s  Test=9.187s  Peak RAM Train=46.043 MB  Peak RAM Test=81.172 MB
2026-06-01 11:33:56 | INFO | [ncluster=91/91] AUC-ROC=53.09%  AUC-PR=49.71%  F1=0.6920  MCC=0.2099  Train=3.062s  Test=5.544s  Peak RAM Train=46.045 MB  Peak RAM Test=83.74 MB
2026-06-01 11:33:56 | INFO | [ncluster=94/94] AUC-ROC=14.75%  AUC-PR=35.62%  F1=0.6899  MCC=0.0258  Train=2.736s  Test=6.803s  Peak RAM Train=46.049 MB  Peak RAM Test=86.308 MB
2026-06-01 11:33:56 | INFO | [ncluster=97/97] AUC-ROC=9.90%  AUC-PR=34.16%  F1=0.6906  MCC=0.0472  Train=3.242s  Test=6.916s  Peak RAM Train=46.049 MB  Peak RAM Test=88.876 MB
2026-06-01 11:33:56 | INFO | [ncluster=100/100] AUC-ROC=26.31%  AUC-PR=43.26%  F1=0.2101  MCC=0.0515  Train=4.919s  Test=10.146s  Peak RAM Train=46.049 MB  Peak RAM Test=91.444 MB
2026-06-01 11:33:56 | INFO | [ncluster=103/103] AUC-ROC=11.89%  AUC-PR=34.58%  F1=0.6904  MCC=0.0437  Train=4.748s  Test=13.321s  Peak RAM Train=46.05 MB  Peak RAM Test=94.012 MB
2026-06-01 11:33:56 | INFO | [ncluster=106/106] AUC-ROC=21.63%  AUC-PR=39.02%  F1=0.6904  MCC=0.0437  Train=2.402s  Test=9.447s  Peak RAM Train=46.051 MB  Peak RAM Test=96.58 MB
2026-06-01 11:33:56 | INFO | [ncluster=109/109] AUC-ROC=13.00%  AUC-PR=35.11%  F1=0.6906  MCC=0.0469  Train=4.166s  Test=9.783s  Peak RAM Train=46.052 MB  Peak RAM Test=99.148 MB
2026-06-01 11:33:56 | INFO | [ncluster=112/112] AUC-ROC=17.19%  AUC-PR=36.74%  F1=0.6902  MCC=0.0380  Train=4.749s  Test=9.730s  Peak RAM Train=46.051 MB  Peak RAM Test=101.716 MB
2026-06-01 11:33:56 | INFO | [ncluster=115/115] AUC-ROC=17.55%  AUC-PR=36.79%  F1=0.6899  MCC=0.0234  Train=3.993s  Test=15.002s  Peak RAM Train=46.053 MB  Peak RAM Test=104.284 MB
2026-06-01 11:33:56 | INFO | [ncluster=118/118] AUC-ROC=18.15%  AUC-PR=36.69%  F1=0.6904  MCC=0.0424  Train=3.504s  Test=12.847s  Peak RAM Train=46.051 MB  Peak RAM Test=106.852 MB
2026-06-01 11:33:56 | INFO | [ncluster=121/121] AUC-ROC=23.78%  AUC-PR=40.12%  F1=0.6899  MCC=0.0234  Train=5.527s  Test=8.361s  Peak RAM Train=46.051 MB  Peak RAM Test=109.42 MB
2026-06-01 11:33:56 | INFO | [ncluster=124/124] AUC-ROC=20.05%  AUC-PR=37.65%  F1=0.6899  MCC=0.0234  Train=3.613s  Test=13.093s  Peak RAM Train=46.056 MB  Peak RAM Test=111.988 MB
2026-06-01 11:33:56 | INFO | [ncluster=127/127] AUC-ROC=16.85%  AUC-PR=36.08%  F1=0.6904  MCC=0.0437  Train=3.689s  Test=14.440s  Peak RAM Train=46.055 MB  Peak RAM Test=114.556 MB
2026-06-01 11:33:56 | INFO | [ncluster=130/130] AUC-ROC=25.29%  AUC-PR=39.93%  F1=0.6904  MCC=0.0424  Train=5.080s  Test=12.362s  Peak RAM Train=46.051 MB  Peak RAM Test=117.124 MB
2026-06-01 11:33:56 | INFO | [ncluster=133/133] AUC-ROC=28.94%  AUC-PR=41.90%  F1=0.6902  MCC=0.0342  Train=4.663s  Test=13.850s  Peak RAM Train=46.059 MB  Peak RAM Test=119.692 MB
2026-06-01 11:33:56 | INFO | [ncluster=136/136] AUC-ROC=31.04%  AUC-PR=42.70%  F1=0.6901  MCC=0.0312  Train=4.630s  Test=8.851s  Peak RAM Train=46.057 MB  Peak RAM Test=122.26 MB
2026-06-01 11:33:56 | INFO | [ncluster=139/139] AUC-ROC=25.60%  AUC-PR=39.47%  F1=0.6904  MCC=0.0424  Train=2.267s  Test=15.946s  Peak RAM Train=46.057 MB  Peak RAM Test=124.828 MB
2026-06-01 11:33:56 | INFO | [ncluster=142/142] AUC-ROC=30.09%  AUC-PR=41.64%  F1=0.6904  MCC=0.0424  Train=4.035s  Test=16.029s  Peak RAM Train=46.06 MB  Peak RAM Test=127.396 MB
2026-06-01 11:33:56 | INFO | [ncluster=145/145] AUC-ROC=34.11%  AUC-PR=44.02%  F1=0.3748  MCC=0.0221  Train=4.813s  Test=14.047s  Peak RAM Train=46.055 MB  Peak RAM Test=129.964 MB
2026-06-01 11:33:56 | INFO | [ncluster=148/148] AUC-ROC=33.58%  AUC-PR=43.59%  F1=0.6904  MCC=0.0424  Train=4.170s  Test=18.265s  Peak RAM Train=46.061 MB  Peak RAM Test=132.532 MB
2026-06-01 11:33:56 | INFO | [ncluster=151/151] AUC-ROC=31.25%  AUC-PR=41.00%  F1=0.6904  MCC=0.0424  Train=2.514s  Test=15.964s  Peak RAM Train=46.054 MB  Peak RAM Test=135.1 MB
2026-06-01 11:33:56 | INFO | [ncluster=154/154] AUC-ROC=25.84%  AUC-PR=38.67%  F1=0.6912  MCC=0.0604  Train=4.612s  Test=13.843s  Peak RAM Train=46.06 MB  Peak RAM Test=137.668 MB
2026-06-01 11:33:56 | INFO | [ncluster=157/157] AUC-ROC=26.93%  AUC-PR=39.30%  F1=0.6906  MCC=0.0480  Train=3.531s  Test=14.030s  Peak RAM Train=46.064 MB  Peak RAM Test=140.236 MB
2026-06-01 11:33:56 | INFO | [ncluster=160/160] AUC-ROC=33.12%  AUC-PR=42.23%  F1=0.6908  MCC=0.0523  Train=3.205s  Test=11.782s  Peak RAM Train=46.064 MB  Peak RAM Test=142.804 MB
2026-06-01 11:33:56 | INFO | [ncluster=163/163] AUC-ROC=26.79%  AUC-PR=39.10%  F1=0.6907  MCC=0.0516  Train=4.216s  Test=17.455s  Peak RAM Train=46.057 MB  Peak RAM Test=145.372 MB
2026-06-01 11:33:56 | INFO | [ncluster=166/166] AUC-ROC=35.18%  AUC-PR=43.48%  F1=0.6904  MCC=0.0424  Train=1.669s  Test=16.465s  Peak RAM Train=46.061 MB  Peak RAM Test=147.94 MB
2026-06-01 11:33:56 | INFO | [ncluster=169/169] AUC-ROC=37.21%  AUC-PR=44.35%  F1=0.6908  MCC=0.0538  Train=2.985s  Test=19.392s  Peak RAM Train=46.066 MB  Peak RAM Test=150.508 MB
2026-06-01 11:33:56 | INFO | [ncluster=172/172] AUC-ROC=35.52%  AUC-PR=42.94%  F1=0.6904  MCC=0.0424  Train=4.540s  Test=18.036s  Peak RAM Train=46.061 MB  Peak RAM Test=153.076 MB
2026-06-01 11:33:56 | INFO | [ncluster=175/175] AUC-ROC=29.74%  AUC-PR=40.09%  F1=0.6914  MCC=0.0654  Train=3.570s  Test=15.319s  Peak RAM Train=46.065 MB  Peak RAM Test=155.644 MB
2026-06-01 11:33:56 | INFO | [ncluster=178/178] AUC-ROC=41.57%  AUC-PR=45.52%  F1=0.5693  MCC=0.0908  Train=5.083s  Test=13.402s  Peak RAM Train=46.066 MB  Peak RAM Test=158.212 MB
2026-06-01 11:33:56 | INFO | [ncluster=181/181] AUC-ROC=44.36%  AUC-PR=48.20%  F1=0.5176  MCC=0.0667  Train=2.647s  Test=18.578s  Peak RAM Train=46.065 MB  Peak RAM Test=160.78 MB
2026-06-01 11:33:56 | INFO | [ncluster=184/184] AUC-ROC=32.10%  AUC-PR=41.08%  F1=0.6909  MCC=0.0563  Train=5.161s  Test=14.470s  Peak RAM Train=46.07 MB  Peak RAM Test=163.348 MB
2026-06-01 11:33:56 | INFO | [ncluster=187/187] AUC-ROC=36.85%  AUC-PR=43.39%  F1=0.6914  MCC=0.0662  Train=5.578s  Test=18.166s  Peak RAM Train=46.064 MB  Peak RAM Test=165.916 MB
2026-06-01 11:33:56 | INFO | [ncluster=190/190] AUC-ROC=33.59%  AUC-PR=42.06%  F1=0.6909  MCC=0.0563  Train=5.696s  Test=14.136s  Peak RAM Train=46.07 MB  Peak RAM Test=168.484 MB
2026-06-01 11:33:56 | INFO | [ncluster=193/193] AUC-ROC=35.42%  AUC-PR=42.30%  F1=0.6911  MCC=0.0592  Train=5.091s  Test=14.517s  Peak RAM Train=46.072 MB  Peak RAM Test=171.052 MB
2026-06-01 11:33:56 | INFO | [ncluster=196/196] AUC-ROC=39.25%  AUC-PR=44.28%  F1=0.6915  MCC=0.0674  Train=1.968s  Test=14.844s  Peak RAM Train=46.069 MB  Peak RAM Test=173.62 MB
2026-06-01 11:33:56 | INFO | [ncluster=199/199] AUC-ROC=37.54%  AUC-PR=43.59%  F1=0.6915  MCC=0.0668  Train=3.104s  Test=16.707s  Peak RAM Train=46.071 MB  Peak RAM Test=176.188 MB
2026-06-01 11:33:56 | INFO | [ncluster=202/202] AUC-ROC=31.06%  AUC-PR=40.36%  F1=0.6907  MCC=0.0509  Train=2.911s  Test=12.134s  Peak RAM Train=46.071 MB  Peak RAM Test=178.756 MB
2026-06-01 11:33:56 | INFO | [ncluster=205/205] AUC-ROC=35.06%  AUC-PR=42.03%  F1=0.6915  MCC=0.0683  Train=3.244s  Test=13.717s  Peak RAM Train=46.071 MB  Peak RAM Test=181.324 MB
2026-06-01 11:33:56 | INFO | [ncluster=208/208] AUC-ROC=38.21%  AUC-PR=43.86%  F1=0.6913  MCC=0.0644  Train=3.898s  Test=15.053s  Peak RAM Train=46.07 MB  Peak RAM Test=183.892 MB
2026-06-01 11:33:56 | INFO | [ncluster=211/211] AUC-ROC=35.54%  AUC-PR=42.11%  F1=0.6911  MCC=0.0600  Train=2.870s  Test=11.859s  Peak RAM Train=46.073 MB  Peak RAM Test=186.46 MB
2026-06-01 11:33:56 | INFO | [ncluster=214/214] AUC-ROC=34.19%  AUC-PR=41.49%  F1=0.6909  MCC=0.0563  Train=2.301s  Test=16.847s  Peak RAM Train=46.077 MB  Peak RAM Test=189.028 MB
2026-06-01 11:33:56 | INFO | [ncluster=217/217] AUC-ROC=34.16%  AUC-PR=41.85%  F1=0.6918  MCC=0.0719  Train=2.964s  Test=12.278s  Peak RAM Train=46.072 MB  Peak RAM Test=191.596 MB
2026-06-01 11:33:56 | INFO | [ncluster=220/220] AUC-ROC=40.65%  AUC-PR=45.00%  F1=0.6937  MCC=0.0992  Train=2.559s  Test=14.573s  Peak RAM Train=46.07 MB  Peak RAM Test=194.164 MB
2026-06-01 11:33:56 | INFO | [ncluster=223/223] AUC-ROC=33.26%  AUC-PR=41.04%  F1=0.6917  MCC=0.0696  Train=2.776s  Test=10.890s  Peak RAM Train=46.077 MB  Peak RAM Test=196.732 MB
2026-06-01 11:33:56 | INFO | [ncluster=226/226] AUC-ROC=37.09%  AUC-PR=42.78%  F1=0.6913  MCC=0.0636  Train=4.161s  Test=14.573s  Peak RAM Train=46.077 MB  Peak RAM Test=199.3 MB
2026-06-01 11:33:56 | INFO | [ncluster=229/229] AUC-ROC=36.53%  AUC-PR=42.71%  F1=0.6923  MCC=0.0805  Train=2.836s  Test=9.344s  Peak RAM Train=46.079 MB  Peak RAM Test=201.868 MB
2026-06-01 11:33:56 | INFO | [ncluster=232/232] AUC-ROC=36.41%  AUC-PR=42.65%  F1=0.6916  MCC=0.0691  Train=2.996s  Test=15.575s  Peak RAM Train=46.079 MB  Peak RAM Test=204.436 MB
2026-06-01 11:33:56 | INFO | [ncluster=235/235] AUC-ROC=33.22%  AUC-PR=41.63%  F1=0.6910  MCC=0.0581  Train=1.969s  Test=11.591s  Peak RAM Train=46.073 MB  Peak RAM Test=207.004 MB
2026-06-01 11:33:56 | INFO | [ncluster=238/238] AUC-ROC=37.84%  AUC-PR=43.27%  F1=0.6918  MCC=0.0727  Train=1.522s  Test=13.308s  Peak RAM Train=46.079 MB  Peak RAM Test=209.572 MB
2026-06-01 11:33:56 | INFO | [ncluster=241/241] AUC-ROC=36.00%  AUC-PR=42.48%  F1=0.6915  MCC=0.0680  Train=1.420s  Test=6.309s  Peak RAM Train=46.079 MB  Peak RAM Test=212.14 MB
2026-06-01 11:33:56 | INFO | [ncluster=244/244] AUC-ROC=41.99%  AUC-PR=45.74%  F1=0.5289  MCC=0.0315  Train=1.729s  Test=7.590s  Peak RAM Train=46.079 MB  Peak RAM Test=214.708 MB
2026-06-01 11:33:56 | INFO | [ncluster=247/247] AUC-ROC=43.88%  AUC-PR=47.89%  F1=0.4947  MCC=0.0321  Train=0.952s  Test=12.886s  Peak RAM Train=46.074 MB  Peak RAM Test=217.276 MB
2026-06-01 11:33:56 | INFO | [ncluster=250/250] AUC-ROC=42.87%  AUC-PR=45.83%  F1=0.5336  MCC=0.0580  Train=1.984s  Test=10.751s  Peak RAM Train=46.08 MB  Peak RAM Test=219.844 MB
2026-06-01 11:33:56 | INFO | [ncluster=253/253] AUC-ROC=37.43%  AUC-PR=43.58%  F1=0.6918  MCC=0.0728  Train=1.286s  Test=12.460s  Peak RAM Train=46.083 MB  Peak RAM Test=222.412 MB
2026-06-01 11:33:56 | INFO | [ncluster=256/256] AUC-ROC=34.78%  AUC-PR=41.81%  F1=0.6915  MCC=0.0680  Train=1.732s  Test=9.135s  Peak RAM Train=46.083 MB  Peak RAM Test=224.98 MB
2026-06-01 11:33:56 | INFO | [ncluster=259/259] AUC-ROC=41.94%  AUC-PR=45.80%  F1=0.5090  MCC=0.0710  Train=1.350s  Test=6.259s  Peak RAM Train=46.08 MB  Peak RAM Test=227.548 MB
2026-06-01 11:33:56 | INFO | [ncluster=262/262] AUC-ROC=39.33%  AUC-PR=44.94%  F1=0.6923  MCC=0.0796  Train=0.783s  Test=6.640s  Peak RAM Train=46.081 MB  Peak RAM Test=230.116 MB
2026-06-01 11:33:56 | INFO | [ncluster=265/265] AUC-ROC=34.70%  AUC-PR=41.87%  F1=0.6915  MCC=0.0668  Train=1.491s  Test=6.325s  Peak RAM Train=46.083 MB  Peak RAM Test=232.684 MB
2026-06-01 11:33:56 | INFO | [ncluster=268/268] AUC-ROC=36.35%  AUC-PR=42.52%  F1=0.6921  MCC=0.0773  Train=1.337s  Test=12.391s  Peak RAM Train=46.086 MB  Peak RAM Test=235.252 MB
2026-06-01 11:33:56 | INFO | [ncluster=271/271] AUC-ROC=38.09%  AUC-PR=43.53%  F1=0.6721  MCC=0.0272  Train=1.424s  Test=14.591s  Peak RAM Train=46.086 MB  Peak RAM Test=237.82 MB
2026-06-01 11:33:56 | INFO | [ncluster=274/274] AUC-ROC=41.63%  AUC-PR=45.21%  F1=0.6724  MCC=0.0278  Train=2.878s  Test=15.515s  Peak RAM Train=46.086 MB  Peak RAM Test=240.388 MB
2026-06-01 11:33:56 | INFO | [ncluster=277/277] AUC-ROC=37.04%  AUC-PR=42.72%  F1=0.6676  MCC=0.0216  Train=1.468s  Test=14.228s  Peak RAM Train=46.089 MB  Peak RAM Test=242.956 MB
2026-06-01 11:33:56 | INFO | [ncluster=280/280] AUC-ROC=38.61%  AUC-PR=44.75%  F1=0.6922  MCC=0.0784  Train=1.400s  Test=19.644s  Peak RAM Train=46.087 MB  Peak RAM Test=245.524 MB
2026-06-01 11:33:56 | INFO | [ncluster=283/283] AUC-ROC=43.25%  AUC-PR=45.92%  F1=0.5422  MCC=0.0516  Train=0.887s  Test=13.707s  Peak RAM Train=46.083 MB  Peak RAM Test=248.092 MB
2026-06-01 11:33:56 | INFO | [ncluster=286/286] AUC-ROC=38.29%  AUC-PR=44.03%  F1=0.6921  MCC=0.0771  Train=3.238s  Test=11.955s  Peak RAM Train=46.089 MB  Peak RAM Test=250.66 MB
2026-06-01 11:33:56 | INFO | [ncluster=289/289] AUC-ROC=67.19%  AUC-PR=60.56%  F1=0.7814  MCC=0.4846  Train=1.722s  Test=9.655s  Peak RAM Train=46.09 MB  Peak RAM Test=253.228 MB
2026-06-01 11:33:56 | INFO | [ncluster=292/292] AUC-ROC=67.72%  AUC-PR=60.55%  F1=0.7868  MCC=0.5012  Train=2.065s  Test=8.154s  Peak RAM Train=46.089 MB  Peak RAM Test=255.796 MB
2026-06-01 11:33:56 | INFO | [ncluster=295/295] AUC-ROC=32.51%  AUC-PR=40.92%  F1=0.6921  MCC=0.0782  Train=1.976s  Test=11.651s  Peak RAM Train=46.091 MB  Peak RAM Test=258.364 MB
2026-06-01 11:33:56 | INFO | [ncluster=298/298] AUC-ROC=29.89%  AUC-PR=39.79%  F1=0.6922  MCC=0.0784  Train=1.730s  Test=11.320s  Peak RAM Train=46.09 MB  Peak RAM Test=260.932 MB
2026-06-01 11:33:56 | INFO | 
>>> Processing data_EdgeIIoTset | scaler=RobustScaler
2026-06-01 11:33:56 | INFO | --- noise=0% ---
2026-06-01 11:33:56 | INFO | ============================================================
2026-06-01 11:33:56 | INFO | Dataset  : Train_RobustScaler_data_EdgeIIoTset.csv
2026-06-01 11:33:56 | INFO | Scaler   : RobustScaler
2026-06-01 11:33:56 | INFO | Noise    : 0%
2026-06-01 11:33:56 | INFO | nClusters: 100 values (1..298)
2026-06-01 11:33:56 | INFO | K-Means  : Standard KMeans
2026-06-01 11:33:56 | INFO | ============================================================
2026-06-01 11:33:57 | INFO | Loaded Raw Shape -> Train: (30000, 53), Test: (30000, 53)
2026-06-01 11:33:57 | INFO | Training size : 30,000  |  Testing size: 30,000  |  Features: 52
2026-06-01 11:33:57 | INFO | Firing up Parallel execution for 100 cluster configs...
2026-06-01 11:39:55 | INFO | [ncluster=1/1] AUC-ROC=100.00%  AUC-PR=100.00%  F1=1.0000  MCC=1.0000  Train=1.710s  Test=0.149s  Peak RAM Train=43.832 MB  Peak RAM Test=26.701 MB
2026-06-01 11:39:55 | INFO | [ncluster=4/4] AUC-ROC=100.00%  AUC-PR=100.00%  F1=1.0000  MCC=1.0000  Train=1.944s  Test=0.311s  Peak RAM Train=43.836 MB  Peak RAM Test=27.205 MB
2026-06-01 11:39:55 | INFO | [ncluster=7/7] AUC-ROC=100.00%  AUC-PR=100.00%  F1=1.0000  MCC=1.0000  Train=1.003s  Test=0.294s  Peak RAM Train=43.837 MB  Peak RAM Test=27.949 MB
2026-06-01 11:39:55 | INFO | [ncluster=10/10] AUC-ROC=100.00%  AUC-PR=100.00%  F1=1.0000  MCC=1.0000  Train=2.603s  Test=0.833s  Peak RAM Train=43.839 MB  Peak RAM Test=28.693 MB
2026-06-01 11:39:55 | INFO | [ncluster=13/13] AUC-ROC=100.00%  AUC-PR=100.00%  F1=1.0000  MCC=1.0000  Train=2.511s  Test=1.256s  Peak RAM Train=43.835 MB  Peak RAM Test=29.573 MB
2026-06-01 11:39:55 | INFO | [ncluster=16/16] AUC-ROC=100.00%  AUC-PR=100.00%  F1=1.0000  MCC=1.0000  Train=2.075s  Test=1.378s  Peak RAM Train=43.842 MB  Peak RAM Test=32.141 MB
2026-06-01 11:39:55 | INFO | [ncluster=19/19] AUC-ROC=100.00%  AUC-PR=100.00%  F1=1.0000  MCC=1.0000  Train=2.365s  Test=1.512s  Peak RAM Train=43.842 MB  Peak RAM Test=34.709 MB
2026-06-01 11:39:55 | INFO | [ncluster=22/22] AUC-ROC=100.00%  AUC-PR=100.00%  F1=1.0000  MCC=1.0000  Train=2.743s  Test=3.091s  Peak RAM Train=43.845 MB  Peak RAM Test=37.277 MB
2026-06-01 11:39:55 | INFO | [ncluster=25/25] AUC-ROC=100.00%  AUC-PR=100.00%  F1=1.0000  MCC=1.0000  Train=2.166s  Test=2.668s  Peak RAM Train=43.843 MB  Peak RAM Test=39.845 MB
2026-06-01 11:39:55 | INFO | [ncluster=28/28] AUC-ROC=100.00%  AUC-PR=100.00%  F1=1.0000  MCC=1.0000  Train=2.033s  Test=2.936s  Peak RAM Train=43.844 MB  Peak RAM Test=42.413 MB
2026-06-01 11:39:55 | INFO | [ncluster=31/31] AUC-ROC=100.00%  AUC-PR=100.00%  F1=1.0000  MCC=1.0000  Train=2.694s  Test=3.032s  Peak RAM Train=43.844 MB  Peak RAM Test=44.981 MB
2026-06-01 11:39:55 | INFO | [ncluster=34/34] AUC-ROC=100.00%  AUC-PR=100.00%  F1=1.0000  MCC=1.0000  Train=3.710s  Test=3.305s  Peak RAM Train=43.846 MB  Peak RAM Test=47.549 MB
2026-06-01 11:39:55 | INFO | [ncluster=37/37] AUC-ROC=100.00%  AUC-PR=100.00%  F1=1.0000  MCC=1.0000  Train=2.951s  Test=2.439s  Peak RAM Train=43.84 MB  Peak RAM Test=50.117 MB
2026-06-01 11:39:55 | INFO | [ncluster=40/40] AUC-ROC=100.00%  AUC-PR=100.00%  F1=1.0000  MCC=1.0000  Train=2.416s  Test=3.083s  Peak RAM Train=43.847 MB  Peak RAM Test=52.685 MB
2026-06-01 11:39:55 | INFO | [ncluster=43/43] AUC-ROC=100.00%  AUC-PR=100.00%  F1=1.0000  MCC=1.0000  Train=2.215s  Test=4.235s  Peak RAM Train=43.848 MB  Peak RAM Test=55.253 MB
2026-06-01 11:39:55 | INFO | [ncluster=46/46] AUC-ROC=100.00%  AUC-PR=100.00%  F1=1.0000  MCC=1.0000  Train=3.322s  Test=4.421s  Peak RAM Train=43.845 MB  Peak RAM Test=57.821 MB
2026-06-01 11:39:55 | INFO | [ncluster=49/49] AUC-ROC=100.00%  AUC-PR=100.00%  F1=1.0000  MCC=1.0000  Train=3.254s  Test=4.045s  Peak RAM Train=43.848 MB  Peak RAM Test=60.389 MB
2026-06-01 11:39:55 | INFO | [ncluster=52/52] AUC-ROC=100.00%  AUC-PR=100.00%  F1=1.0000  MCC=1.0000  Train=2.448s  Test=4.134s  Peak RAM Train=43.848 MB  Peak RAM Test=62.956 MB
2026-06-01 11:39:55 | INFO | [ncluster=55/55] AUC-ROC=100.00%  AUC-PR=100.00%  F1=1.0000  MCC=1.0000  Train=3.155s  Test=4.778s  Peak RAM Train=43.85 MB  Peak RAM Test=65.525 MB
2026-06-01 11:39:55 | INFO | [ncluster=58/58] AUC-ROC=100.00%  AUC-PR=100.00%  F1=1.0000  MCC=1.0000  Train=2.484s  Test=5.605s  Peak RAM Train=43.846 MB  Peak RAM Test=68.093 MB
2026-06-01 11:39:55 | INFO | [ncluster=61/61] AUC-ROC=100.00%  AUC-PR=100.00%  F1=1.0000  MCC=1.0000  Train=3.637s  Test=4.735s  Peak RAM Train=43.849 MB  Peak RAM Test=70.661 MB
2026-06-01 11:39:55 | INFO | [ncluster=64/64] AUC-ROC=100.00%  AUC-PR=100.00%  F1=1.0000  MCC=1.0000  Train=3.038s  Test=6.389s  Peak RAM Train=43.852 MB  Peak RAM Test=73.229 MB
2026-06-01 11:39:55 | INFO | [ncluster=67/67] AUC-ROC=100.00%  AUC-PR=100.00%  F1=1.0000  MCC=1.0000  Train=1.579s  Test=4.658s  Peak RAM Train=43.852 MB  Peak RAM Test=75.797 MB
2026-06-01 11:39:55 | INFO | [ncluster=70/70] AUC-ROC=100.00%  AUC-PR=100.00%  F1=1.0000  MCC=1.0000  Train=1.921s  Test=6.113s  Peak RAM Train=43.858 MB  Peak RAM Test=78.364 MB
2026-06-01 11:39:55 | INFO | [ncluster=73/73] AUC-ROC=100.00%  AUC-PR=100.00%  F1=1.0000  MCC=1.0000  Train=3.440s  Test=6.503s  Peak RAM Train=43.85 MB  Peak RAM Test=80.933 MB
2026-06-01 11:39:55 | INFO | [ncluster=76/76] AUC-ROC=100.00%  AUC-PR=100.00%  F1=1.0000  MCC=1.0000  Train=2.991s  Test=6.164s  Peak RAM Train=43.858 MB  Peak RAM Test=83.501 MB
2026-06-01 11:39:55 | INFO | [ncluster=79/79] AUC-ROC=100.00%  AUC-PR=100.00%  F1=1.0000  MCC=1.0000  Train=2.597s  Test=5.489s  Peak RAM Train=43.858 MB  Peak RAM Test=86.068 MB
2026-06-01 11:39:55 | INFO | [ncluster=82/82] AUC-ROC=100.00%  AUC-PR=100.00%  F1=1.0000  MCC=1.0000  Train=2.486s  Test=5.096s  Peak RAM Train=43.855 MB  Peak RAM Test=88.637 MB
2026-06-01 11:39:55 | INFO | [ncluster=85/85] AUC-ROC=100.00%  AUC-PR=100.00%  F1=1.0000  MCC=1.0000  Train=3.100s  Test=7.062s  Peak RAM Train=43.858 MB  Peak RAM Test=91.205 MB
2026-06-01 11:39:55 | INFO | [ncluster=88/88] AUC-ROC=100.00%  AUC-PR=100.00%  F1=1.0000  MCC=1.0000  Train=2.287s  Test=8.210s  Peak RAM Train=43.863 MB  Peak RAM Test=93.772 MB
2026-06-01 11:39:55 | INFO | [ncluster=91/91] AUC-ROC=100.00%  AUC-PR=100.00%  F1=1.0000  MCC=1.0000  Train=3.079s  Test=10.721s  Peak RAM Train=43.858 MB  Peak RAM Test=96.341 MB
2026-06-01 11:39:55 | INFO | [ncluster=94/94] AUC-ROC=100.00%  AUC-PR=100.00%  F1=1.0000  MCC=1.0000  Train=2.232s  Test=9.652s  Peak RAM Train=43.868 MB  Peak RAM Test=98.908 MB
2026-06-01 11:39:55 | INFO | [ncluster=97/97] AUC-ROC=100.00%  AUC-PR=100.00%  F1=1.0000  MCC=1.0000  Train=2.114s  Test=9.039s  Peak RAM Train=43.864 MB  Peak RAM Test=101.476 MB
2026-06-01 11:39:55 | INFO | [ncluster=100/100] AUC-ROC=100.00%  AUC-PR=100.00%  F1=1.0000  MCC=1.0000  Train=2.482s  Test=9.222s  Peak RAM Train=43.858 MB  Peak RAM Test=104.045 MB
2026-06-01 11:39:55 | INFO | [ncluster=103/103] AUC-ROC=100.00%  AUC-PR=100.00%  F1=1.0000  MCC=1.0000  Train=1.047s  Test=7.881s  Peak RAM Train=43.861 MB  Peak RAM Test=106.612 MB
2026-06-01 11:39:55 | INFO | [ncluster=106/106] AUC-ROC=100.00%  AUC-PR=100.00%  F1=1.0000  MCC=1.0000  Train=2.513s  Test=11.814s  Peak RAM Train=43.861 MB  Peak RAM Test=109.181 MB
2026-06-01 11:39:55 | INFO | [ncluster=109/109] AUC-ROC=100.00%  AUC-PR=100.00%  F1=1.0000  MCC=1.0000  Train=3.810s  Test=10.864s  Peak RAM Train=43.859 MB  Peak RAM Test=111.748 MB
2026-06-01 11:39:55 | INFO | [ncluster=112/112] AUC-ROC=100.00%  AUC-PR=100.00%  F1=1.0000  MCC=1.0000  Train=1.968s  Test=10.314s  Peak RAM Train=43.863 MB  Peak RAM Test=114.317 MB
2026-06-01 11:39:55 | INFO | [ncluster=115/115] AUC-ROC=100.00%  AUC-PR=100.00%  F1=1.0000  MCC=1.0000  Train=3.305s  Test=11.911s  Peak RAM Train=43.866 MB  Peak RAM Test=116.884 MB
2026-06-01 11:39:55 | INFO | [ncluster=118/118] AUC-ROC=100.00%  AUC-PR=100.00%  F1=1.0000  MCC=1.0000  Train=0.831s  Test=6.682s  Peak RAM Train=43.864 MB  Peak RAM Test=119.453 MB
2026-06-01 11:39:55 | INFO | [ncluster=121/121] AUC-ROC=100.00%  AUC-PR=100.00%  F1=1.0000  MCC=1.0000  Train=2.341s  Test=8.802s  Peak RAM Train=43.863 MB  Peak RAM Test=122.021 MB
2026-06-01 11:39:55 | INFO | [ncluster=124/124] AUC-ROC=100.00%  AUC-PR=100.00%  F1=1.0000  MCC=1.0000  Train=1.294s  Test=12.905s  Peak RAM Train=43.87 MB  Peak RAM Test=124.588 MB
2026-06-01 11:39:55 | INFO | [ncluster=127/127] AUC-ROC=100.00%  AUC-PR=100.00%  F1=1.0000  MCC=1.0000  Train=1.126s  Test=12.098s  Peak RAM Train=43.869 MB  Peak RAM Test=127.156 MB
2026-06-01 11:39:55 | INFO | [ncluster=130/130] AUC-ROC=100.00%  AUC-PR=100.00%  F1=1.0000  MCC=1.0000  Train=2.861s  Test=13.758s  Peak RAM Train=43.869 MB  Peak RAM Test=129.724 MB
2026-06-01 11:39:55 | INFO | [ncluster=133/133] AUC-ROC=100.00%  AUC-PR=100.00%  F1=1.0000  MCC=1.0000  Train=3.089s  Test=10.119s  Peak RAM Train=43.866 MB  Peak RAM Test=132.292 MB
2026-06-01 11:39:55 | INFO | [ncluster=136/136] AUC-ROC=100.00%  AUC-PR=100.00%  F1=1.0000  MCC=1.0000  Train=2.679s  Test=12.508s  Peak RAM Train=43.877 MB  Peak RAM Test=134.86 MB
2026-06-01 11:39:55 | INFO | [ncluster=139/139] AUC-ROC=100.00%  AUC-PR=100.00%  F1=1.0000  MCC=1.0000  Train=2.173s  Test=11.601s  Peak RAM Train=43.867 MB  Peak RAM Test=137.428 MB
2026-06-01 11:39:55 | INFO | [ncluster=142/142] AUC-ROC=100.00%  AUC-PR=100.00%  F1=1.0000  MCC=1.0000  Train=1.749s  Test=15.237s  Peak RAM Train=43.872 MB  Peak RAM Test=139.996 MB
2026-06-01 11:39:55 | INFO | [ncluster=145/145] AUC-ROC=100.00%  AUC-PR=100.00%  F1=1.0000  MCC=1.0000  Train=2.561s  Test=15.007s  Peak RAM Train=43.877 MB  Peak RAM Test=142.564 MB
2026-06-01 11:39:55 | INFO | [ncluster=148/148] AUC-ROC=100.00%  AUC-PR=100.00%  F1=1.0000  MCC=1.0000  Train=4.040s  Test=13.609s  Peak RAM Train=43.871 MB  Peak RAM Test=145.132 MB
2026-06-01 11:39:55 | INFO | [ncluster=151/151] AUC-ROC=100.00%  AUC-PR=100.00%  F1=1.0000  MCC=1.0000  Train=2.459s  Test=13.915s  Peak RAM Train=43.876 MB  Peak RAM Test=147.7 MB
2026-06-01 11:39:55 | INFO | [ncluster=154/154] AUC-ROC=100.00%  AUC-PR=100.00%  F1=1.0000  MCC=1.0000  Train=2.500s  Test=11.582s  Peak RAM Train=43.87 MB  Peak RAM Test=150.268 MB
2026-06-01 11:39:55 | INFO | [ncluster=157/157] AUC-ROC=100.00%  AUC-PR=100.00%  F1=1.0000  MCC=1.0000  Train=3.306s  Test=12.835s  Peak RAM Train=43.876 MB  Peak RAM Test=152.836 MB
2026-06-01 11:39:55 | INFO | [ncluster=160/160] AUC-ROC=100.00%  AUC-PR=100.00%  F1=1.0000  MCC=1.0000  Train=2.833s  Test=15.692s  Peak RAM Train=43.872 MB  Peak RAM Test=155.404 MB
2026-06-01 11:39:55 | INFO | [ncluster=163/163] AUC-ROC=100.00%  AUC-PR=100.00%  F1=1.0000  MCC=1.0000  Train=2.922s  Test=8.875s  Peak RAM Train=43.879 MB  Peak RAM Test=157.972 MB
2026-06-01 11:39:55 | INFO | [ncluster=166/166] AUC-ROC=100.00%  AUC-PR=100.00%  F1=1.0000  MCC=1.0000  Train=2.074s  Test=16.395s  Peak RAM Train=43.872 MB  Peak RAM Test=160.54 MB
2026-06-01 11:39:55 | INFO | [ncluster=169/169] AUC-ROC=100.00%  AUC-PR=100.00%  F1=1.0000  MCC=1.0000  Train=1.196s  Test=12.610s  Peak RAM Train=43.878 MB  Peak RAM Test=163.108 MB
2026-06-01 11:39:55 | INFO | [ncluster=172/172] AUC-ROC=100.00%  AUC-PR=100.00%  F1=1.0000  MCC=1.0000  Train=3.493s  Test=17.203s  Peak RAM Train=43.88 MB  Peak RAM Test=165.676 MB
2026-06-01 11:39:55 | INFO | [ncluster=175/175] AUC-ROC=100.00%  AUC-PR=100.00%  F1=1.0000  MCC=1.0000  Train=2.203s  Test=16.845s  Peak RAM Train=43.881 MB  Peak RAM Test=168.244 MB
2026-06-01 11:39:55 | INFO | [ncluster=178/178] AUC-ROC=100.00%  AUC-PR=100.00%  F1=1.0000  MCC=1.0000  Train=3.369s  Test=17.894s  Peak RAM Train=43.879 MB  Peak RAM Test=170.812 MB
2026-06-01 11:39:55 | INFO | [ncluster=181/181] AUC-ROC=100.00%  AUC-PR=100.00%  F1=1.0000  MCC=1.0000  Train=3.175s  Test=10.716s  Peak RAM Train=43.879 MB  Peak RAM Test=173.38 MB
2026-06-01 11:39:55 | INFO | [ncluster=184/184] AUC-ROC=100.00%  AUC-PR=100.00%  F1=1.0000  MCC=1.0000  Train=3.589s  Test=11.849s  Peak RAM Train=43.881 MB  Peak RAM Test=175.948 MB
2026-06-01 11:39:55 | INFO | [ncluster=187/187] AUC-ROC=100.00%  AUC-PR=100.00%  F1=1.0000  MCC=1.0000  Train=2.152s  Test=15.860s  Peak RAM Train=43.885 MB  Peak RAM Test=178.516 MB
2026-06-01 11:39:55 | INFO | [ncluster=190/190] AUC-ROC=100.00%  AUC-PR=100.00%  F1=1.0000  MCC=1.0000  Train=2.860s  Test=12.279s  Peak RAM Train=43.886 MB  Peak RAM Test=181.084 MB
2026-06-01 11:39:55 | INFO | [ncluster=193/193] AUC-ROC=100.00%  AUC-PR=100.00%  F1=1.0000  MCC=1.0000  Train=3.146s  Test=15.520s  Peak RAM Train=43.879 MB  Peak RAM Test=183.652 MB
2026-06-01 11:39:55 | INFO | [ncluster=196/196] AUC-ROC=100.00%  AUC-PR=100.00%  F1=1.0000  MCC=1.0000  Train=2.391s  Test=14.753s  Peak RAM Train=43.878 MB  Peak RAM Test=186.22 MB
2026-06-01 11:39:55 | INFO | [ncluster=199/199] AUC-ROC=100.00%  AUC-PR=100.00%  F1=1.0000  MCC=1.0000  Train=2.926s  Test=18.365s  Peak RAM Train=43.88 MB  Peak RAM Test=188.788 MB
2026-06-01 11:39:55 | INFO | [ncluster=202/202] AUC-ROC=100.00%  AUC-PR=100.00%  F1=1.0000  MCC=1.0000  Train=2.992s  Test=16.969s  Peak RAM Train=43.885 MB  Peak RAM Test=191.356 MB
2026-06-01 11:39:55 | INFO | [ncluster=205/205] AUC-ROC=100.00%  AUC-PR=100.00%  F1=1.0000  MCC=1.0000  Train=3.049s  Test=19.792s  Peak RAM Train=43.882 MB  Peak RAM Test=193.924 MB
2026-06-01 11:39:55 | INFO | [ncluster=208/208] AUC-ROC=100.00%  AUC-PR=100.00%  F1=1.0000  MCC=1.0000  Train=2.139s  Test=17.266s  Peak RAM Train=43.883 MB  Peak RAM Test=196.492 MB
2026-06-01 11:39:55 | INFO | [ncluster=211/211] AUC-ROC=100.00%  AUC-PR=100.00%  F1=1.0000  MCC=1.0000  Train=2.582s  Test=17.693s  Peak RAM Train=43.889 MB  Peak RAM Test=199.06 MB
2026-06-01 11:39:55 | INFO | [ncluster=214/214] AUC-ROC=100.00%  AUC-PR=100.00%  F1=1.0000  MCC=1.0000  Train=1.774s  Test=15.178s  Peak RAM Train=43.89 MB  Peak RAM Test=201.628 MB
2026-06-01 11:39:55 | INFO | [ncluster=217/217] AUC-ROC=100.00%  AUC-PR=100.00%  F1=1.0000  MCC=1.0000  Train=1.718s  Test=18.186s  Peak RAM Train=43.886 MB  Peak RAM Test=204.196 MB
2026-06-01 11:39:55 | INFO | [ncluster=220/220] AUC-ROC=100.00%  AUC-PR=100.00%  F1=1.0000  MCC=1.0000  Train=0.765s  Test=18.409s  Peak RAM Train=43.886 MB  Peak RAM Test=206.764 MB
2026-06-01 11:39:55 | INFO | [ncluster=223/223] AUC-ROC=100.00%  AUC-PR=100.00%  F1=1.0000  MCC=1.0000  Train=2.594s  Test=15.874s  Peak RAM Train=43.89 MB  Peak RAM Test=209.332 MB
2026-06-01 11:39:55 | INFO | [ncluster=226/226] AUC-ROC=100.00%  AUC-PR=100.00%  F1=1.0000  MCC=1.0000  Train=2.582s  Test=14.504s  Peak RAM Train=43.885 MB  Peak RAM Test=211.9 MB
2026-06-01 11:39:55 | INFO | [ncluster=229/229] AUC-ROC=100.00%  AUC-PR=100.00%  F1=1.0000  MCC=1.0000  Train=2.266s  Test=16.338s  Peak RAM Train=43.889 MB  Peak RAM Test=214.468 MB
2026-06-01 11:39:55 | INFO | [ncluster=232/232] AUC-ROC=100.00%  AUC-PR=100.00%  F1=1.0000  MCC=1.0000  Train=1.984s  Test=18.023s  Peak RAM Train=43.891 MB  Peak RAM Test=217.036 MB
2026-06-01 11:39:55 | INFO | [ncluster=235/235] AUC-ROC=100.00%  AUC-PR=100.00%  F1=1.0000  MCC=1.0000  Train=2.102s  Test=14.842s  Peak RAM Train=43.885 MB  Peak RAM Test=219.604 MB
2026-06-01 11:39:55 | INFO | [ncluster=238/238] AUC-ROC=100.00%  AUC-PR=100.00%  F1=1.0000  MCC=1.0000  Train=1.798s  Test=12.749s  Peak RAM Train=43.891 MB  Peak RAM Test=222.172 MB
2026-06-01 11:39:55 | INFO | [ncluster=241/241] AUC-ROC=100.00%  AUC-PR=100.00%  F1=1.0000  MCC=1.0000  Train=1.062s  Test=9.911s  Peak RAM Train=43.891 MB  Peak RAM Test=224.74 MB
2026-06-01 11:39:55 | INFO | [ncluster=244/244] AUC-ROC=100.00%  AUC-PR=100.00%  F1=1.0000  MCC=1.0000  Train=2.138s  Test=13.632s  Peak RAM Train=43.893 MB  Peak RAM Test=227.308 MB
2026-06-01 11:39:55 | INFO | [ncluster=247/247] AUC-ROC=100.00%  AUC-PR=100.00%  F1=1.0000  MCC=1.0000  Train=1.973s  Test=15.282s  Peak RAM Train=43.89 MB  Peak RAM Test=229.876 MB
2026-06-01 11:39:55 | INFO | [ncluster=250/250] AUC-ROC=100.00%  AUC-PR=100.00%  F1=1.0000  MCC=1.0000  Train=1.602s  Test=15.751s  Peak RAM Train=43.892 MB  Peak RAM Test=232.444 MB
2026-06-01 11:39:55 | INFO | [ncluster=253/253] AUC-ROC=100.00%  AUC-PR=100.00%  F1=1.0000  MCC=1.0000  Train=1.879s  Test=15.836s  Peak RAM Train=43.89 MB  Peak RAM Test=235.012 MB
2026-06-01 11:39:55 | INFO | [ncluster=256/256] AUC-ROC=100.00%  AUC-PR=100.00%  F1=1.0000  MCC=1.0000  Train=0.772s  Test=15.686s  Peak RAM Train=43.891 MB  Peak RAM Test=237.58 MB
2026-06-01 11:39:55 | INFO | [ncluster=259/259] AUC-ROC=100.00%  AUC-PR=100.00%  F1=1.0000  MCC=1.0000  Train=1.195s  Test=14.261s  Peak RAM Train=43.892 MB  Peak RAM Test=240.148 MB
2026-06-01 11:39:55 | INFO | [ncluster=262/262] AUC-ROC=100.00%  AUC-PR=100.00%  F1=1.0000  MCC=1.0000  Train=2.102s  Test=14.912s  Peak RAM Train=43.895 MB  Peak RAM Test=242.716 MB
2026-06-01 11:39:55 | INFO | [ncluster=265/265] AUC-ROC=100.00%  AUC-PR=100.00%  F1=1.0000  MCC=1.0000  Train=1.594s  Test=17.024s  Peak RAM Train=43.896 MB  Peak RAM Test=245.284 MB
2026-06-01 11:39:55 | INFO | [ncluster=268/268] AUC-ROC=100.00%  AUC-PR=100.00%  F1=1.0000  MCC=1.0000  Train=0.918s  Test=11.938s  Peak RAM Train=43.891 MB  Peak RAM Test=247.852 MB
2026-06-01 11:39:55 | INFO | [ncluster=271/271] AUC-ROC=100.00%  AUC-PR=100.00%  F1=1.0000  MCC=1.0000  Train=1.366s  Test=11.172s  Peak RAM Train=43.897 MB  Peak RAM Test=250.42 MB
2026-06-01 11:39:55 | INFO | [ncluster=274/274] AUC-ROC=100.00%  AUC-PR=100.00%  F1=1.0000  MCC=1.0000  Train=2.639s  Test=15.351s  Peak RAM Train=43.899 MB  Peak RAM Test=252.988 MB
2026-06-01 11:39:55 | INFO | [ncluster=277/277] AUC-ROC=100.00%  AUC-PR=100.00%  F1=1.0000  MCC=1.0000  Train=1.466s  Test=10.300s  Peak RAM Train=43.897 MB  Peak RAM Test=255.556 MB
2026-06-01 11:39:55 | INFO | [ncluster=280/280] AUC-ROC=100.00%  AUC-PR=100.00%  F1=1.0000  MCC=1.0000  Train=1.534s  Test=8.010s  Peak RAM Train=43.898 MB  Peak RAM Test=258.124 MB
2026-06-01 11:39:55 | INFO | [ncluster=283/283] AUC-ROC=100.00%  AUC-PR=100.00%  F1=1.0000  MCC=1.0000  Train=0.955s  Test=8.651s  Peak RAM Train=43.902 MB  Peak RAM Test=260.692 MB
2026-06-01 11:39:55 | INFO | [ncluster=286/286] AUC-ROC=100.00%  AUC-PR=100.00%  F1=1.0000  MCC=1.0000  Train=1.188s  Test=8.949s  Peak RAM Train=43.897 MB  Peak RAM Test=263.26 MB
2026-06-01 11:39:55 | INFO | [ncluster=289/289] AUC-ROC=100.00%  AUC-PR=100.00%  F1=1.0000  MCC=1.0000  Train=0.941s  Test=9.364s  Peak RAM Train=43.902 MB  Peak RAM Test=265.828 MB
2026-06-01 11:39:55 | INFO | [ncluster=292/292] AUC-ROC=100.00%  AUC-PR=100.00%  F1=1.0000  MCC=1.0000  Train=0.794s  Test=6.002s  Peak RAM Train=43.899 MB  Peak RAM Test=268.396 MB
2026-06-01 11:39:55 | INFO | [ncluster=295/295] AUC-ROC=100.00%  AUC-PR=100.00%  F1=1.0000  MCC=1.0000  Train=0.847s  Test=5.358s  Peak RAM Train=43.899 MB  Peak RAM Test=270.964 MB
2026-06-01 11:39:55 | INFO | [ncluster=298/298] AUC-ROC=100.00%  AUC-PR=100.00%  F1=1.0000  MCC=1.0000  Train=0.895s  Test=8.472s  Peak RAM Train=43.899 MB  Peak RAM Test=273.532 MB
2026-06-01 11:39:55 | INFO | --- noise=1% ---
2026-06-01 11:39:55 | INFO | ============================================================
2026-06-01 11:39:55 | INFO | Dataset  : Train_RobustScaler_data_EdgeIIoTset.csv
2026-06-01 11:39:55 | INFO | Scaler   : RobustScaler
2026-06-01 11:39:55 | INFO | Noise    : 1%
2026-06-01 11:39:55 | INFO | nClusters: 100 values (1..298)
2026-06-01 11:39:55 | INFO | K-Means  : Standard KMeans
2026-06-01 11:39:55 | INFO | ============================================================
2026-06-01 11:39:55 | INFO | Loaded Raw Shape -> Train: (30000, 53), Test: (30000, 53)
2026-06-01 11:39:55 | INFO | Training size : 30,300  |  Testing size: 29,700  |  Features: 52
2026-06-01 11:39:55 | INFO | Firing up Parallel execution for 100 cluster configs...
2026-06-01 11:46:48 | INFO | [ncluster=1/1] AUC-ROC=99.49%  AUC-PR=99.54%  F1=0.9722  MCC=0.9455  Train=2.950s  Test=0.158s  Peak RAM Train=44.268 MB  Peak RAM Test=14.947 MB
2026-06-01 11:46:48 | INFO | [ncluster=4/4] AUC-ROC=99.41%  AUC-PR=99.45%  F1=0.9643  MCC=0.9300  Train=4.590s  Test=0.463s  Peak RAM Train=44.275 MB  Peak RAM Test=15.193 MB
2026-06-01 11:46:48 | INFO | [ncluster=7/7] AUC-ROC=99.50%  AUC-PR=99.56%  F1=0.9716  MCC=0.9453  Train=4.216s  Test=0.898s  Peak RAM Train=44.276 MB  Peak RAM Test=15.197 MB
2026-06-01 11:46:48 | INFO | [ncluster=10/10] AUC-ROC=99.52%  AUC-PR=99.58%  F1=0.9715  MCC=0.9452  Train=3.783s  Test=0.773s  Peak RAM Train=44.277 MB  Peak RAM Test=15.443 MB
2026-06-01 11:46:48 | INFO | [ncluster=13/13] AUC-ROC=99.42%  AUC-PR=99.50%  F1=0.9720  MCC=0.9463  Train=5.035s  Test=1.539s  Peak RAM Train=44.277 MB  Peak RAM Test=16.972 MB
2026-06-01 11:46:48 | INFO | [ncluster=16/16] AUC-ROC=99.34%  AUC-PR=99.43%  F1=0.9714  MCC=0.9450  Train=4.955s  Test=1.856s  Peak RAM Train=44.279 MB  Peak RAM Test=19.54 MB
2026-06-01 11:46:48 | INFO | [ncluster=19/19] AUC-ROC=99.22%  AUC-PR=99.34%  F1=0.9722  MCC=0.9466  Train=5.089s  Test=2.101s  Peak RAM Train=44.28 MB  Peak RAM Test=22.108 MB
2026-06-01 11:46:48 | INFO | [ncluster=22/22] AUC-ROC=98.99%  AUC-PR=99.18%  F1=0.9691  MCC=0.9401  Train=5.368s  Test=2.427s  Peak RAM Train=44.283 MB  Peak RAM Test=24.676 MB
2026-06-01 11:46:48 | INFO | [ncluster=25/25] AUC-ROC=99.36%  AUC-PR=99.44%  F1=0.9722  MCC=0.9467  Train=4.349s  Test=3.290s  Peak RAM Train=44.28 MB  Peak RAM Test=27.244 MB
2026-06-01 11:46:48 | INFO | [ncluster=28/28] AUC-ROC=99.20%  AUC-PR=99.34%  F1=0.9720  MCC=0.9463  Train=4.445s  Test=1.957s  Peak RAM Train=44.283 MB  Peak RAM Test=29.812 MB
2026-06-01 11:46:48 | INFO | [ncluster=31/31] AUC-ROC=99.18%  AUC-PR=99.31%  F1=0.9704  MCC=0.9428  Train=5.476s  Test=1.333s  Peak RAM Train=44.279 MB  Peak RAM Test=32.38 MB
2026-06-01 11:46:48 | INFO | [ncluster=34/34] AUC-ROC=99.23%  AUC-PR=99.37%  F1=0.9721  MCC=0.9465  Train=2.101s  Test=3.626s  Peak RAM Train=44.283 MB  Peak RAM Test=34.948 MB
2026-06-01 11:46:48 | INFO | [ncluster=37/37] AUC-ROC=99.51%  AUC-PR=99.59%  F1=0.9743  MCC=0.9500  Train=4.420s  Test=4.031s  Peak RAM Train=44.284 MB  Peak RAM Test=37.516 MB
2026-06-01 11:46:48 | INFO | [ncluster=40/40] AUC-ROC=99.53%  AUC-PR=99.61%  F1=0.9773  MCC=0.9559  Train=4.369s  Test=4.143s  Peak RAM Train=44.286 MB  Peak RAM Test=40.084 MB
2026-06-01 11:46:48 | INFO | [ncluster=43/43] AUC-ROC=99.54%  AUC-PR=99.62%  F1=0.9770  MCC=0.9554  Train=2.599s  Test=7.097s  Peak RAM Train=44.285 MB  Peak RAM Test=42.652 MB
2026-06-01 11:46:48 | INFO | [ncluster=46/46] AUC-ROC=99.63%  AUC-PR=99.70%  F1=0.9802  MCC=0.9611  Train=5.227s  Test=4.072s  Peak RAM Train=44.284 MB  Peak RAM Test=45.22 MB
2026-06-01 11:46:48 | INFO | [ncluster=49/49] AUC-ROC=99.63%  AUC-PR=99.69%  F1=0.9774  MCC=0.9553  Train=3.741s  Test=6.428s  Peak RAM Train=44.288 MB  Peak RAM Test=47.788 MB
2026-06-01 11:46:48 | INFO | [ncluster=52/52] AUC-ROC=99.48%  AUC-PR=99.58%  F1=0.9795  MCC=0.9591  Train=4.220s  Test=5.288s  Peak RAM Train=44.285 MB  Peak RAM Test=50.356 MB
2026-06-01 11:46:48 | INFO | [ncluster=55/55] AUC-ROC=99.58%  AUC-PR=99.66%  F1=0.9771  MCC=0.9548  Train=3.841s  Test=5.203s  Peak RAM Train=44.285 MB  Peak RAM Test=52.924 MB
2026-06-01 11:46:48 | INFO | [ncluster=58/58] AUC-ROC=99.61%  AUC-PR=99.68%  F1=0.9766  MCC=0.9537  Train=2.742s  Test=3.944s  Peak RAM Train=44.29 MB  Peak RAM Test=55.492 MB
2026-06-01 11:46:48 | INFO | [ncluster=61/61] AUC-ROC=99.48%  AUC-PR=99.57%  F1=0.9757  MCC=0.9518  Train=3.527s  Test=5.458s  Peak RAM Train=44.291 MB  Peak RAM Test=58.06 MB
2026-06-01 11:46:48 | INFO | [ncluster=64/64] AUC-ROC=99.50%  AUC-PR=99.58%  F1=0.9729  MCC=0.9468  Train=5.000s  Test=3.911s  Peak RAM Train=44.291 MB  Peak RAM Test=60.628 MB
2026-06-01 11:46:48 | INFO | [ncluster=67/67] AUC-ROC=98.27%  AUC-PR=98.79%  F1=0.9666  MCC=0.9352  Train=3.724s  Test=6.365s  Peak RAM Train=44.291 MB  Peak RAM Test=63.196 MB
2026-06-01 11:46:48 | INFO | [ncluster=70/70] AUC-ROC=97.74%  AUC-PR=98.23%  F1=0.9631  MCC=0.9272  Train=4.134s  Test=6.239s  Peak RAM Train=44.287 MB  Peak RAM Test=65.764 MB
2026-06-01 11:46:48 | INFO | [ncluster=73/73] AUC-ROC=98.46%  AUC-PR=98.92%  F1=0.9738  MCC=0.9494  Train=5.793s  Test=8.458s  Peak RAM Train=44.292 MB  Peak RAM Test=68.332 MB
2026-06-01 11:46:48 | INFO | [ncluster=76/76] AUC-ROC=98.08%  AUC-PR=98.69%  F1=0.9654  MCC=0.9331  Train=5.899s  Test=10.002s  Peak RAM Train=44.29 MB  Peak RAM Test=70.9 MB
2026-06-01 11:46:48 | INFO | [ncluster=79/79] AUC-ROC=98.32%  AUC-PR=98.84%  F1=0.9721  MCC=0.9462  Train=2.487s  Test=5.957s  Peak RAM Train=44.293 MB  Peak RAM Test=73.468 MB
2026-06-01 11:46:48 | INFO | [ncluster=82/82] AUC-ROC=98.25%  AUC-PR=98.78%  F1=0.9714  MCC=0.9446  Train=4.833s  Test=6.923s  Peak RAM Train=44.294 MB  Peak RAM Test=76.036 MB
2026-06-01 11:46:48 | INFO | [ncluster=85/85] AUC-ROC=98.32%  AUC-PR=98.82%  F1=0.9716  MCC=0.9449  Train=6.245s  Test=8.800s  Peak RAM Train=44.293 MB  Peak RAM Test=78.604 MB
2026-06-01 11:46:48 | INFO | [ncluster=88/88] AUC-ROC=97.40%  AUC-PR=98.18%  F1=0.9576  MCC=0.9161  Train=2.720s  Test=9.254s  Peak RAM Train=44.295 MB  Peak RAM Test=81.172 MB
2026-06-01 11:46:48 | INFO | [ncluster=91/91] AUC-ROC=97.33%  AUC-PR=98.17%  F1=0.9573  MCC=0.9149  Train=3.249s  Test=12.751s  Peak RAM Train=44.293 MB  Peak RAM Test=83.74 MB
2026-06-01 11:46:48 | INFO | [ncluster=94/94] AUC-ROC=96.66%  AUC-PR=97.03%  F1=0.9409  MCC=0.8819  Train=3.968s  Test=10.045s  Peak RAM Train=44.297 MB  Peak RAM Test=86.308 MB
2026-06-01 11:46:48 | INFO | [ncluster=97/97] AUC-ROC=96.50%  AUC-PR=97.19%  F1=0.9378  MCC=0.8743  Train=3.074s  Test=10.610s  Peak RAM Train=44.295 MB  Peak RAM Test=88.876 MB
2026-06-01 11:46:48 | INFO | [ncluster=100/100] AUC-ROC=97.01%  AUC-PR=97.75%  F1=0.9477  MCC=0.8957  Train=5.780s  Test=12.088s  Peak RAM Train=44.297 MB  Peak RAM Test=91.444 MB
2026-06-01 11:46:48 | INFO | [ncluster=103/103] AUC-ROC=97.37%  AUC-PR=98.19%  F1=0.9562  MCC=0.9133  Train=5.949s  Test=10.552s  Peak RAM Train=44.298 MB  Peak RAM Test=94.012 MB
2026-06-01 11:46:48 | INFO | [ncluster=106/106] AUC-ROC=96.87%  AUC-PR=97.58%  F1=0.9416  MCC=0.8845  Train=4.998s  Test=10.269s  Peak RAM Train=44.299 MB  Peak RAM Test=96.58 MB
2026-06-01 11:46:48 | INFO | [ncluster=109/109] AUC-ROC=96.77%  AUC-PR=97.56%  F1=0.9425  MCC=0.8861  Train=4.629s  Test=11.460s  Peak RAM Train=44.302 MB  Peak RAM Test=99.148 MB
2026-06-01 11:46:48 | INFO | [ncluster=112/112] AUC-ROC=96.99%  AUC-PR=97.61%  F1=0.9466  MCC=0.8934  Train=5.066s  Test=14.770s  Peak RAM Train=44.299 MB  Peak RAM Test=101.716 MB
2026-06-01 11:46:48 | INFO | [ncluster=115/115] AUC-ROC=98.73%  AUC-PR=98.53%  F1=0.9616  MCC=0.9237  Train=6.090s  Test=9.793s  Peak RAM Train=44.302 MB  Peak RAM Test=104.284 MB
2026-06-01 11:46:48 | INFO | [ncluster=118/118] AUC-ROC=96.86%  AUC-PR=97.50%  F1=0.9503  MCC=0.9014  Train=5.348s  Test=14.046s  Peak RAM Train=44.301 MB  Peak RAM Test=106.852 MB
2026-06-01 11:46:48 | INFO | [ncluster=121/121] AUC-ROC=96.97%  AUC-PR=97.64%  F1=0.9474  MCC=0.8960  Train=4.980s  Test=6.221s  Peak RAM Train=44.301 MB  Peak RAM Test=109.42 MB
2026-06-01 11:46:48 | INFO | [ncluster=124/124] AUC-ROC=98.69%  AUC-PR=98.79%  F1=0.9610  MCC=0.9227  Train=4.368s  Test=13.939s  Peak RAM Train=44.302 MB  Peak RAM Test=111.988 MB
2026-06-01 11:46:48 | INFO | [ncluster=127/127] AUC-ROC=96.88%  AUC-PR=97.58%  F1=0.9508  MCC=0.9020  Train=4.713s  Test=12.000s  Peak RAM Train=44.298 MB  Peak RAM Test=114.556 MB
2026-06-01 11:46:48 | INFO | [ncluster=130/130] AUC-ROC=97.40%  AUC-PR=97.93%  F1=0.9516  MCC=0.9031  Train=3.903s  Test=13.164s  Peak RAM Train=44.304 MB  Peak RAM Test=117.124 MB
2026-06-01 11:46:48 | INFO | [ncluster=133/133] AUC-ROC=97.12%  AUC-PR=97.78%  F1=0.9502  MCC=0.9011  Train=3.665s  Test=14.641s  Peak RAM Train=44.301 MB  Peak RAM Test=119.692 MB
2026-06-01 11:46:48 | INFO | [ncluster=136/136] AUC-ROC=98.39%  AUC-PR=98.37%  F1=0.9492  MCC=0.8978  Train=5.664s  Test=14.773s  Peak RAM Train=44.303 MB  Peak RAM Test=122.26 MB
2026-06-01 11:46:48 | INFO | [ncluster=139/139] AUC-ROC=98.65%  AUC-PR=98.81%  F1=0.9637  MCC=0.9282  Train=2.884s  Test=12.093s  Peak RAM Train=44.301 MB  Peak RAM Test=124.828 MB
2026-06-01 11:46:48 | INFO | [ncluster=142/142] AUC-ROC=96.99%  AUC-PR=97.70%  F1=0.9460  MCC=0.8923  Train=4.652s  Test=17.481s  Peak RAM Train=44.305 MB  Peak RAM Test=127.396 MB
2026-06-01 11:46:48 | INFO | [ncluster=145/145] AUC-ROC=97.04%  AUC-PR=97.76%  F1=0.9451  MCC=0.8914  Train=3.253s  Test=16.369s  Peak RAM Train=44.309 MB  Peak RAM Test=129.964 MB
2026-06-01 11:46:48 | INFO | [ncluster=148/148] AUC-ROC=97.10%  AUC-PR=97.81%  F1=0.9475  MCC=0.8964  Train=3.592s  Test=11.726s  Peak RAM Train=44.305 MB  Peak RAM Test=132.532 MB
2026-06-01 11:46:48 | INFO | [ncluster=151/151] AUC-ROC=97.59%  AUC-PR=98.08%  F1=0.9546  MCC=0.9092  Train=6.154s  Test=14.596s  Peak RAM Train=44.31 MB  Peak RAM Test=135.1 MB
2026-06-01 11:46:48 | INFO | [ncluster=154/154] AUC-ROC=96.88%  AUC-PR=97.43%  F1=0.9447  MCC=0.8890  Train=5.801s  Test=14.987s  Peak RAM Train=44.311 MB  Peak RAM Test=137.668 MB
2026-06-01 11:46:48 | INFO | [ncluster=157/157] AUC-ROC=98.36%  AUC-PR=98.34%  F1=0.9534  MCC=0.9073  Train=3.677s  Test=18.051s  Peak RAM Train=44.305 MB  Peak RAM Test=140.236 MB
2026-06-01 11:46:48 | INFO | [ncluster=160/160] AUC-ROC=97.24%  AUC-PR=97.68%  F1=0.9520  MCC=0.9043  Train=1.776s  Test=5.291s  Peak RAM Train=44.306 MB  Peak RAM Test=142.804 MB
2026-06-01 11:46:48 | INFO | [ncluster=163/163] AUC-ROC=96.98%  AUC-PR=97.30%  F1=0.9428  MCC=0.8873  Train=5.782s  Test=12.995s  Peak RAM Train=44.311 MB  Peak RAM Test=145.372 MB
2026-06-01 11:46:48 | INFO | [ncluster=166/166] AUC-ROC=97.85%  AUC-PR=98.33%  F1=0.9570  MCC=0.9165  Train=4.128s  Test=15.501s  Peak RAM Train=44.313 MB  Peak RAM Test=147.94 MB
2026-06-01 11:46:48 | INFO | [ncluster=169/169] AUC-ROC=97.55%  AUC-PR=98.18%  F1=0.9571  MCC=0.9153  Train=4.518s  Test=15.909s  Peak RAM Train=44.308 MB  Peak RAM Test=150.508 MB
2026-06-01 11:46:48 | INFO | [ncluster=172/172] AUC-ROC=98.73%  AUC-PR=98.84%  F1=0.9544  MCC=0.9094  Train=1.647s  Test=5.657s  Peak RAM Train=44.313 MB  Peak RAM Test=153.076 MB
2026-06-01 11:46:48 | INFO | [ncluster=175/175] AUC-ROC=97.14%  AUC-PR=97.58%  F1=0.9440  MCC=0.8891  Train=4.340s  Test=16.644s  Peak RAM Train=44.312 MB  Peak RAM Test=155.644 MB
2026-06-01 11:46:48 | INFO | [ncluster=178/178] AUC-ROC=97.02%  AUC-PR=97.28%  F1=0.9331  MCC=0.8672  Train=5.116s  Test=21.525s  Peak RAM Train=44.315 MB  Peak RAM Test=158.212 MB
2026-06-01 11:46:48 | INFO | [ncluster=181/181] AUC-ROC=97.54%  AUC-PR=97.84%  F1=0.9531  MCC=0.9068  Train=3.731s  Test=20.052s  Peak RAM Train=44.316 MB  Peak RAM Test=160.78 MB
2026-06-01 11:46:48 | INFO | [ncluster=184/184] AUC-ROC=98.50%  AUC-PR=98.36%  F1=0.9526  MCC=0.9076  Train=5.592s  Test=24.076s  Peak RAM Train=44.31 MB  Peak RAM Test=163.348 MB
2026-06-01 11:46:48 | INFO | [ncluster=187/187] AUC-ROC=97.63%  AUC-PR=98.03%  F1=0.9544  MCC=0.9110  Train=4.842s  Test=17.023s  Peak RAM Train=44.316 MB  Peak RAM Test=165.916 MB
2026-06-01 11:46:48 | INFO | [ncluster=190/190] AUC-ROC=97.37%  AUC-PR=97.60%  F1=0.9485  MCC=0.8965  Train=4.943s  Test=13.370s  Peak RAM Train=44.317 MB  Peak RAM Test=168.484 MB
2026-06-01 11:46:48 | INFO | [ncluster=193/193] AUC-ROC=98.60%  AUC-PR=98.51%  F1=0.9556  MCC=0.9117  Train=6.160s  Test=16.533s  Peak RAM Train=44.314 MB  Peak RAM Test=171.052 MB
2026-06-01 11:46:48 | INFO | [ncluster=196/196] AUC-ROC=98.67%  AUC-PR=98.58%  F1=0.9546  MCC=0.9098  Train=5.661s  Test=24.185s  Peak RAM Train=44.319 MB  Peak RAM Test=173.62 MB
2026-06-01 11:46:48 | INFO | [ncluster=199/199] AUC-ROC=98.64%  AUC-PR=98.61%  F1=0.9552  MCC=0.9124  Train=6.239s  Test=19.477s  Peak RAM Train=44.317 MB  Peak RAM Test=176.188 MB
2026-06-01 11:46:48 | INFO | [ncluster=202/202] AUC-ROC=98.12%  AUC-PR=98.09%  F1=0.9454  MCC=0.8924  Train=4.914s  Test=23.524s  Peak RAM Train=44.319 MB  Peak RAM Test=178.756 MB
2026-06-01 11:46:48 | INFO | [ncluster=205/205] AUC-ROC=97.91%  AUC-PR=98.33%  F1=0.9592  MCC=0.9200  Train=6.217s  Test=18.403s  Peak RAM Train=44.32 MB  Peak RAM Test=181.324 MB
2026-06-01 11:46:48 | INFO | [ncluster=208/208] AUC-ROC=98.44%  AUC-PR=98.45%  F1=0.9526  MCC=0.9057  Train=6.953s  Test=28.591s  Peak RAM Train=44.32 MB  Peak RAM Test=183.892 MB
2026-06-01 11:46:48 | INFO | [ncluster=211/211] AUC-ROC=98.34%  AUC-PR=98.35%  F1=0.9554  MCC=0.9113  Train=5.194s  Test=17.911s  Peak RAM Train=44.32 MB  Peak RAM Test=186.46 MB
2026-06-01 11:46:48 | INFO | [ncluster=214/214] AUC-ROC=98.12%  AUC-PR=98.37%  F1=0.9605  MCC=0.9219  Train=1.669s  Test=19.087s  Peak RAM Train=44.322 MB  Peak RAM Test=189.028 MB
2026-06-01 11:46:48 | INFO | [ncluster=217/217] AUC-ROC=97.86%  AUC-PR=98.18%  F1=0.9566  MCC=0.9142  Train=5.363s  Test=26.034s  Peak RAM Train=44.319 MB  Peak RAM Test=191.596 MB
2026-06-01 11:46:48 | INFO | [ncluster=220/220] AUC-ROC=98.59%  AUC-PR=98.45%  F1=0.9554  MCC=0.9125  Train=4.509s  Test=22.047s  Peak RAM Train=44.323 MB  Peak RAM Test=194.164 MB
2026-06-01 11:46:48 | INFO | [ncluster=223/223] AUC-ROC=97.96%  AUC-PR=98.33%  F1=0.9572  MCC=0.9163  Train=3.409s  Test=18.714s  Peak RAM Train=44.326 MB  Peak RAM Test=196.732 MB
2026-06-01 11:46:48 | INFO | [ncluster=226/226] AUC-ROC=98.58%  AUC-PR=98.61%  F1=0.9581  MCC=0.9177  Train=3.340s  Test=22.242s  Peak RAM Train=44.322 MB  Peak RAM Test=199.3 MB
2026-06-01 11:46:48 | INFO | [ncluster=229/229] AUC-ROC=98.32%  AUC-PR=98.21%  F1=0.9532  MCC=0.9073  Train=4.960s  Test=25.518s  Peak RAM Train=44.325 MB  Peak RAM Test=201.868 MB
2026-06-01 11:46:48 | INFO | [ncluster=232/232] AUC-ROC=98.41%  AUC-PR=98.19%  F1=0.9588  MCC=0.9185  Train=3.005s  Test=17.714s  Peak RAM Train=44.326 MB  Peak RAM Test=204.436 MB
2026-06-01 11:46:48 | INFO | [ncluster=235/235] AUC-ROC=98.21%  AUC-PR=98.27%  F1=0.9370  MCC=0.8794  Train=1.912s  Test=20.558s  Peak RAM Train=44.324 MB  Peak RAM Test=207.004 MB
2026-06-01 11:46:48 | INFO | [ncluster=238/238] AUC-ROC=98.55%  AUC-PR=98.53%  F1=0.9518  MCC=0.9046  Train=3.705s  Test=12.518s  Peak RAM Train=44.326 MB  Peak RAM Test=209.572 MB
2026-06-01 11:46:48 | INFO | [ncluster=241/241] AUC-ROC=98.36%  AUC-PR=98.25%  F1=0.9519  MCC=0.9041  Train=2.753s  Test=15.746s  Peak RAM Train=44.324 MB  Peak RAM Test=212.14 MB
2026-06-01 11:46:48 | INFO | [ncluster=244/244] AUC-ROC=98.34%  AUC-PR=98.27%  F1=0.9538  MCC=0.9088  Train=1.784s  Test=19.121s  Peak RAM Train=44.329 MB  Peak RAM Test=214.708 MB
2026-06-01 11:46:48 | INFO | [ncluster=247/247] AUC-ROC=98.36%  AUC-PR=98.18%  F1=0.9452  MCC=0.8897  Train=3.958s  Test=22.616s  Peak RAM Train=44.326 MB  Peak RAM Test=217.276 MB
2026-06-01 11:46:48 | INFO | [ncluster=250/250] AUC-ROC=98.39%  AUC-PR=98.42%  F1=0.9570  MCC=0.9147  Train=1.733s  Test=7.934s  Peak RAM Train=44.329 MB  Peak RAM Test=219.844 MB
2026-06-01 11:46:48 | INFO | [ncluster=253/253] AUC-ROC=98.24%  AUC-PR=97.94%  F1=0.9491  MCC=0.8985  Train=2.844s  Test=15.901s  Peak RAM Train=44.329 MB  Peak RAM Test=222.412 MB
2026-06-01 11:46:48 | INFO | [ncluster=256/256] AUC-ROC=98.07%  AUC-PR=97.83%  F1=0.9510  MCC=0.9023  Train=2.098s  Test=15.577s  Peak RAM Train=44.331 MB  Peak RAM Test=224.98 MB
2026-06-01 11:46:48 | INFO | [ncluster=259/259] AUC-ROC=98.24%  AUC-PR=98.16%  F1=0.9518  MCC=0.9051  Train=2.296s  Test=18.665s  Peak RAM Train=44.331 MB  Peak RAM Test=227.548 MB
2026-06-01 11:46:48 | INFO | [ncluster=262/262] AUC-ROC=98.27%  AUC-PR=98.17%  F1=0.9523  MCC=0.9058  Train=3.983s  Test=14.118s  Peak RAM Train=44.327 MB  Peak RAM Test=230.116 MB
2026-06-01 11:46:48 | INFO | [ncluster=265/265] AUC-ROC=98.34%  AUC-PR=98.31%  F1=0.9483  MCC=0.8969  Train=3.509s  Test=17.556s  Peak RAM Train=44.328 MB  Peak RAM Test=232.684 MB
2026-06-01 11:46:48 | INFO | [ncluster=268/268] AUC-ROC=98.31%  AUC-PR=98.17%  F1=0.9518  MCC=0.9045  Train=1.828s  Test=14.019s  Peak RAM Train=44.333 MB  Peak RAM Test=235.252 MB
2026-06-01 11:46:48 | INFO | [ncluster=271/271] AUC-ROC=98.32%  AUC-PR=98.24%  F1=0.9513  MCC=0.9026  Train=2.330s  Test=15.476s  Peak RAM Train=44.332 MB  Peak RAM Test=237.82 MB
2026-06-01 11:46:48 | INFO | [ncluster=274/274] AUC-ROC=98.17%  AUC-PR=98.09%  F1=0.9387  MCC=0.8742  Train=1.432s  Test=15.858s  Peak RAM Train=44.333 MB  Peak RAM Test=240.388 MB
2026-06-01 11:46:48 | INFO | [ncluster=277/277] AUC-ROC=96.66%  AUC-PR=96.73%  F1=0.9200  MCC=0.8435  Train=2.895s  Test=15.974s  Peak RAM Train=44.337 MB  Peak RAM Test=242.956 MB
2026-06-01 11:46:48 | INFO | [ncluster=280/280] AUC-ROC=97.90%  AUC-PR=97.67%  F1=0.9551  MCC=0.9117  Train=2.631s  Test=14.921s  Peak RAM Train=44.331 MB  Peak RAM Test=245.524 MB
2026-06-01 11:46:48 | INFO | [ncluster=283/283] AUC-ROC=98.23%  AUC-PR=98.26%  F1=0.9501  MCC=0.8995  Train=2.481s  Test=17.224s  Peak RAM Train=44.335 MB  Peak RAM Test=248.092 MB
2026-06-01 11:46:48 | INFO | [ncluster=286/286] AUC-ROC=97.98%  AUC-PR=97.60%  F1=0.9447  MCC=0.8900  Train=1.781s  Test=9.168s  Peak RAM Train=44.335 MB  Peak RAM Test=250.66 MB
2026-06-01 11:46:48 | INFO | [ncluster=289/289] AUC-ROC=97.64%  AUC-PR=97.50%  F1=0.9459  MCC=0.8915  Train=1.763s  Test=16.553s  Peak RAM Train=44.338 MB  Peak RAM Test=253.228 MB
2026-06-01 11:46:48 | INFO | [ncluster=292/292] AUC-ROC=98.00%  AUC-PR=97.83%  F1=0.9395  MCC=0.8762  Train=1.917s  Test=12.741s  Peak RAM Train=44.336 MB  Peak RAM Test=255.796 MB
2026-06-01 11:46:48 | INFO | [ncluster=295/295] AUC-ROC=97.77%  AUC-PR=97.58%  F1=0.9470  MCC=0.8947  Train=1.935s  Test=10.699s  Peak RAM Train=44.337 MB  Peak RAM Test=258.364 MB
2026-06-01 11:46:48 | INFO | [ncluster=298/298] AUC-ROC=97.71%  AUC-PR=97.32%  F1=0.9310  MCC=0.8603  Train=0.649s  Test=5.477s  Peak RAM Train=44.339 MB  Peak RAM Test=260.932 MB
2026-06-01 11:46:48 | INFO | --- noise=3% ---
2026-06-01 11:46:48 | INFO | ============================================================
2026-06-01 11:46:48 | INFO | Dataset  : Train_RobustScaler_data_EdgeIIoTset.csv
2026-06-01 11:46:48 | INFO | Scaler   : RobustScaler
2026-06-01 11:46:48 | INFO | Noise    : 3%
2026-06-01 11:46:48 | INFO | nClusters: 100 values (1..298)
2026-06-01 11:46:48 | INFO | K-Means  : Standard KMeans
2026-06-01 11:46:48 | INFO | ============================================================
2026-06-01 11:46:48 | INFO | Loaded Raw Shape -> Train: (30000, 53), Test: (30000, 53)
2026-06-01 11:46:48 | INFO | Training size : 30,900  |  Testing size: 29,100  |  Features: 52
2026-06-01 11:46:48 | INFO | Firing up Parallel execution for 100 cluster configs...
2026-06-01 11:53:50 | INFO | [ncluster=1/1] AUC-ROC=99.08%  AUC-PR=98.97%  F1=0.9698  MCC=0.9371  Train=3.658s  Test=0.132s  Peak RAM Train=45.146 MB  Peak RAM Test=15.25 MB
2026-06-01 11:53:50 | INFO | [ncluster=4/4] AUC-ROC=97.85%  AUC-PR=97.55%  F1=0.9454  MCC=0.8868  Train=2.761s  Test=0.146s  Peak RAM Train=45.152 MB  Peak RAM Test=15.013 MB
2026-06-01 11:53:50 | INFO | [ncluster=7/7] AUC-ROC=95.21%  AUC-PR=94.16%  F1=0.9163  MCC=0.8229  Train=3.914s  Test=0.686s  Peak RAM Train=45.151 MB  Peak RAM Test=14.777 MB
2026-06-01 11:53:50 | INFO | [ncluster=10/10] AUC-ROC=94.27%  AUC-PR=93.17%  F1=0.9065  MCC=0.8015  Train=2.463s  Test=0.754s  Peak RAM Train=45.155 MB  Peak RAM Test=15.282 MB
2026-06-01 11:53:50 | INFO | [ncluster=13/13] AUC-ROC=95.53%  AUC-PR=94.92%  F1=0.9078  MCC=0.8110  Train=3.106s  Test=1.621s  Peak RAM Train=45.151 MB  Peak RAM Test=16.972 MB
2026-06-01 11:53:50 | INFO | [ncluster=16/16] AUC-ROC=96.12%  AUC-PR=95.97%  F1=0.9055  MCC=0.8061  Train=2.436s  Test=1.020s  Peak RAM Train=45.159 MB  Peak RAM Test=19.54 MB
2026-06-01 11:53:50 | INFO | [ncluster=19/19] AUC-ROC=95.79%  AUC-PR=95.49%  F1=0.9203  MCC=0.8360  Train=2.969s  Test=1.226s  Peak RAM Train=45.156 MB  Peak RAM Test=22.108 MB
2026-06-01 11:53:50 | INFO | [ncluster=22/22] AUC-ROC=88.87%  AUC-PR=89.64%  F1=0.8379  MCC=0.6690  Train=2.195s  Test=0.987s  Peak RAM Train=45.158 MB  Peak RAM Test=24.676 MB
2026-06-01 11:53:50 | INFO | [ncluster=25/25] AUC-ROC=89.00%  AUC-PR=89.45%  F1=0.8414  MCC=0.6663  Train=2.490s  Test=1.788s  Peak RAM Train=45.153 MB  Peak RAM Test=27.244 MB
2026-06-01 11:53:50 | INFO | [ncluster=28/28] AUC-ROC=90.76%  AUC-PR=91.39%  F1=0.8677  MCC=0.7229  Train=3.813s  Test=2.108s  Peak RAM Train=45.158 MB  Peak RAM Test=29.812 MB
2026-06-01 11:53:50 | INFO | [ncluster=31/31] AUC-ROC=90.43%  AUC-PR=91.32%  F1=0.8615  MCC=0.7043  Train=2.859s  Test=2.376s  Peak RAM Train=45.157 MB  Peak RAM Test=32.38 MB
2026-06-01 11:53:50 | INFO | [ncluster=34/34] AUC-ROC=88.43%  AUC-PR=89.41%  F1=0.8252  MCC=0.6422  Train=2.827s  Test=2.600s  Peak RAM Train=45.159 MB  Peak RAM Test=34.948 MB
2026-06-01 11:53:50 | INFO | [ncluster=37/37] AUC-ROC=89.62%  AUC-PR=89.02%  F1=0.8576  MCC=0.7060  Train=3.951s  Test=3.851s  Peak RAM Train=45.161 MB  Peak RAM Test=37.516 MB
2026-06-01 11:53:50 | INFO | [ncluster=40/40] AUC-ROC=94.28%  AUC-PR=95.10%  F1=0.9103  MCC=0.8182  Train=2.016s  Test=1.792s  Peak RAM Train=45.158 MB  Peak RAM Test=40.084 MB
2026-06-01 11:53:50 | INFO | [ncluster=43/43] AUC-ROC=94.61%  AUC-PR=95.63%  F1=0.9201  MCC=0.8351  Train=3.999s  Test=3.019s  Peak RAM Train=45.163 MB  Peak RAM Test=42.652 MB
2026-06-01 11:53:50 | INFO | [ncluster=46/46] AUC-ROC=94.31%  AUC-PR=95.28%  F1=0.9137  MCC=0.8245  Train=2.364s  Test=1.972s  Peak RAM Train=45.162 MB  Peak RAM Test=45.22 MB
2026-06-01 11:53:50 | INFO | [ncluster=49/49] AUC-ROC=93.30%  AUC-PR=93.75%  F1=0.9092  MCC=0.8100  Train=2.564s  Test=2.135s  Peak RAM Train=45.157 MB  Peak RAM Test=47.788 MB
2026-06-01 11:53:50 | INFO | [ncluster=52/52] AUC-ROC=94.05%  AUC-PR=94.85%  F1=0.9098  MCC=0.8158  Train=2.029s  Test=3.073s  Peak RAM Train=45.162 MB  Peak RAM Test=50.356 MB
2026-06-01 11:53:50 | INFO | [ncluster=55/55] AUC-ROC=92.16%  AUC-PR=93.11%  F1=0.8811  MCC=0.7542  Train=2.117s  Test=3.381s  Peak RAM Train=45.164 MB  Peak RAM Test=52.924 MB
2026-06-01 11:53:50 | INFO | [ncluster=58/58] AUC-ROC=93.86%  AUC-PR=95.24%  F1=0.8969  MCC=0.7876  Train=2.440s  Test=4.243s  Peak RAM Train=45.164 MB  Peak RAM Test=55.492 MB
2026-06-01 11:53:50 | INFO | [ncluster=61/61] AUC-ROC=92.93%  AUC-PR=93.60%  F1=0.8897  MCC=0.7687  Train=3.034s  Test=3.791s  Peak RAM Train=45.166 MB  Peak RAM Test=58.06 MB
2026-06-01 11:53:50 | INFO | [ncluster=64/64] AUC-ROC=92.26%  AUC-PR=92.38%  F1=0.8889  MCC=0.7691  Train=2.332s  Test=3.131s  Peak RAM Train=45.165 MB  Peak RAM Test=60.628 MB
2026-06-01 11:53:50 | INFO | [ncluster=67/67] AUC-ROC=94.67%  AUC-PR=95.95%  F1=0.9146  MCC=0.8209  Train=2.619s  Test=4.724s  Peak RAM Train=45.166 MB  Peak RAM Test=63.196 MB
2026-06-01 11:53:50 | INFO | [ncluster=70/70] AUC-ROC=93.30%  AUC-PR=93.98%  F1=0.9005  MCC=0.7933  Train=2.749s  Test=2.761s  Peak RAM Train=45.164 MB  Peak RAM Test=65.764 MB
2026-06-01 11:53:50 | INFO | [ncluster=73/73] AUC-ROC=93.77%  AUC-PR=94.73%  F1=0.9030  MCC=0.7951  Train=3.133s  Test=5.077s  Peak RAM Train=45.163 MB  Peak RAM Test=68.332 MB
2026-06-01 11:53:50 | INFO | [ncluster=76/76] AUC-ROC=94.29%  AUC-PR=95.19%  F1=0.9153  MCC=0.8224  Train=2.539s  Test=5.031s  Peak RAM Train=45.171 MB  Peak RAM Test=70.9 MB
2026-06-01 11:53:50 | INFO | [ncluster=79/79] AUC-ROC=93.84%  AUC-PR=94.75%  F1=0.9042  MCC=0.7988  Train=1.648s  Test=4.014s  Peak RAM Train=45.168 MB  Peak RAM Test=73.468 MB
2026-06-01 11:53:50 | INFO | [ncluster=82/82] AUC-ROC=93.48%  AUC-PR=94.08%  F1=0.9004  MCC=0.7899  Train=2.770s  Test=5.247s  Peak RAM Train=45.168 MB  Peak RAM Test=76.036 MB
2026-06-01 11:53:50 | INFO | [ncluster=85/85] AUC-ROC=93.19%  AUC-PR=94.31%  F1=0.8824  MCC=0.7580  Train=3.513s  Test=5.694s  Peak RAM Train=45.17 MB  Peak RAM Test=78.604 MB
2026-06-01 11:53:50 | INFO | [ncluster=88/88] AUC-ROC=92.84%  AUC-PR=93.45%  F1=0.8952  MCC=0.7769  Train=3.068s  Test=5.441s  Peak RAM Train=45.171 MB  Peak RAM Test=81.172 MB
2026-06-01 11:53:50 | INFO | [ncluster=91/91] AUC-ROC=94.01%  AUC-PR=94.90%  F1=0.9044  MCC=0.8002  Train=2.857s  Test=4.899s  Peak RAM Train=45.171 MB  Peak RAM Test=83.74 MB
2026-06-01 11:53:50 | INFO | [ncluster=94/94] AUC-ROC=94.36%  AUC-PR=95.14%  F1=0.9118  MCC=0.8137  Train=2.733s  Test=6.612s  Peak RAM Train=45.172 MB  Peak RAM Test=86.308 MB
2026-06-01 11:53:50 | INFO | [ncluster=97/97] AUC-ROC=93.45%  AUC-PR=94.19%  F1=0.8846  MCC=0.7717  Train=2.495s  Test=7.215s  Peak RAM Train=45.176 MB  Peak RAM Test=88.876 MB
2026-06-01 11:53:50 | INFO | [ncluster=100/100] AUC-ROC=93.84%  AUC-PR=94.58%  F1=0.9057  MCC=0.8014  Train=2.380s  Test=7.249s  Peak RAM Train=45.173 MB  Peak RAM Test=91.444 MB
2026-06-01 11:53:50 | INFO | [ncluster=103/103] AUC-ROC=94.45%  AUC-PR=95.18%  F1=0.9100  MCC=0.8164  Train=2.332s  Test=5.201s  Peak RAM Train=45.174 MB  Peak RAM Test=94.012 MB
2026-06-01 11:53:50 | INFO | [ncluster=106/106] AUC-ROC=94.01%  AUC-PR=94.60%  F1=0.8998  MCC=0.7941  Train=3.641s  Test=6.756s  Peak RAM Train=45.176 MB  Peak RAM Test=96.58 MB
2026-06-01 11:53:50 | INFO | [ncluster=109/109] AUC-ROC=94.47%  AUC-PR=95.19%  F1=0.9130  MCC=0.8199  Train=6.172s  Test=13.630s  Peak RAM Train=45.171 MB  Peak RAM Test=99.148 MB
2026-06-01 11:53:50 | INFO | [ncluster=112/112] AUC-ROC=91.30%  AUC-PR=90.27%  F1=0.8821  MCC=0.7473  Train=1.605s  Test=9.721s  Peak RAM Train=45.175 MB  Peak RAM Test=101.716 MB
2026-06-01 11:53:50 | INFO | [ncluster=115/115] AUC-ROC=93.01%  AUC-PR=93.14%  F1=0.8965  MCC=0.7843  Train=6.081s  Test=11.498s  Peak RAM Train=45.178 MB  Peak RAM Test=104.284 MB
2026-06-01 11:53:50 | INFO | [ncluster=118/118] AUC-ROC=93.97%  AUC-PR=94.50%  F1=0.9040  MCC=0.8022  Train=6.849s  Test=18.248s  Peak RAM Train=45.176 MB  Peak RAM Test=106.852 MB
2026-06-01 11:53:50 | INFO | [ncluster=121/121] AUC-ROC=93.66%  AUC-PR=93.46%  F1=0.9060  MCC=0.8016  Train=4.493s  Test=12.396s  Peak RAM Train=45.176 MB  Peak RAM Test=109.42 MB
2026-06-01 11:53:50 | INFO | [ncluster=124/124] AUC-ROC=92.76%  AUC-PR=92.87%  F1=0.8844  MCC=0.7633  Train=3.481s  Test=16.019s  Peak RAM Train=45.178 MB  Peak RAM Test=111.988 MB
2026-06-01 11:53:50 | INFO | [ncluster=127/127] AUC-ROC=92.85%  AUC-PR=91.92%  F1=0.8964  MCC=0.7835  Train=2.839s  Test=14.685s  Peak RAM Train=45.179 MB  Peak RAM Test=114.556 MB
2026-06-01 11:53:50 | INFO | [ncluster=130/130] AUC-ROC=93.73%  AUC-PR=93.61%  F1=0.9093  MCC=0.8120  Train=5.699s  Test=13.655s  Peak RAM Train=45.181 MB  Peak RAM Test=117.124 MB
2026-06-01 11:53:50 | INFO | [ncluster=133/133] AUC-ROC=93.66%  AUC-PR=94.15%  F1=0.9027  MCC=0.7965  Train=5.010s  Test=13.887s  Peak RAM Train=45.18 MB  Peak RAM Test=119.692 MB
2026-06-01 11:53:50 | INFO | [ncluster=136/136] AUC-ROC=94.58%  AUC-PR=94.97%  F1=0.9108  MCC=0.8158  Train=3.658s  Test=14.716s  Peak RAM Train=45.18 MB  Peak RAM Test=122.26 MB
2026-06-01 11:53:50 | INFO | [ncluster=139/139] AUC-ROC=93.96%  AUC-PR=94.15%  F1=0.9040  MCC=0.8038  Train=5.679s  Test=15.525s  Peak RAM Train=45.181 MB  Peak RAM Test=124.828 MB
2026-06-01 11:53:51 | INFO | [ncluster=142/142] AUC-ROC=94.45%  AUC-PR=94.95%  F1=0.9192  MCC=0.8311  Train=4.270s  Test=16.741s  Peak RAM Train=45.184 MB  Peak RAM Test=127.396 MB
2026-06-01 11:53:51 | INFO | [ncluster=145/145] AUC-ROC=94.01%  AUC-PR=94.04%  F1=0.9125  MCC=0.8165  Train=5.195s  Test=13.752s  Peak RAM Train=45.179 MB  Peak RAM Test=129.964 MB
2026-06-01 11:53:51 | INFO | [ncluster=148/148] AUC-ROC=94.30%  AUC-PR=94.59%  F1=0.9143  MCC=0.8225  Train=2.641s  Test=15.666s  Peak RAM Train=45.183 MB  Peak RAM Test=132.532 MB
2026-06-01 11:53:51 | INFO | [ncluster=151/151] AUC-ROC=93.98%  AUC-PR=94.39%  F1=0.9028  MCC=0.7991  Train=3.653s  Test=13.817s  Peak RAM Train=45.183 MB  Peak RAM Test=135.1 MB
2026-06-01 11:53:51 | INFO | [ncluster=154/154] AUC-ROC=94.50%  AUC-PR=94.87%  F1=0.9090  MCC=0.8089  Train=5.232s  Test=13.522s  Peak RAM Train=45.183 MB  Peak RAM Test=137.668 MB
2026-06-01 11:53:51 | INFO | [ncluster=157/157] AUC-ROC=93.21%  AUC-PR=93.09%  F1=0.8936  MCC=0.7823  Train=4.503s  Test=18.461s  Peak RAM Train=45.18 MB  Peak RAM Test=140.236 MB
2026-06-01 11:53:51 | INFO | [ncluster=160/160] AUC-ROC=94.10%  AUC-PR=93.81%  F1=0.9106  MCC=0.8141  Train=5.383s  Test=18.543s  Peak RAM Train=45.186 MB  Peak RAM Test=142.804 MB
2026-06-01 11:53:51 | INFO | [ncluster=163/163] AUC-ROC=94.66%  AUC-PR=94.59%  F1=0.9091  MCC=0.8152  Train=2.856s  Test=14.713s  Peak RAM Train=45.186 MB  Peak RAM Test=145.372 MB
2026-06-01 11:53:51 | INFO | [ncluster=166/166] AUC-ROC=94.49%  AUC-PR=94.70%  F1=0.9019  MCC=0.7960  Train=6.954s  Test=16.553s  Peak RAM Train=45.186 MB  Peak RAM Test=147.94 MB
2026-06-01 11:53:51 | INFO | [ncluster=169/169] AUC-ROC=94.40%  AUC-PR=94.52%  F1=0.9047  MCC=0.8055  Train=2.162s  Test=10.800s  Peak RAM Train=45.187 MB  Peak RAM Test=150.508 MB
2026-06-01 11:53:51 | INFO | [ncluster=172/172] AUC-ROC=94.53%  AUC-PR=94.87%  F1=0.9164  MCC=0.8282  Train=4.921s  Test=20.405s  Peak RAM Train=45.184 MB  Peak RAM Test=153.076 MB
2026-06-01 11:53:51 | INFO | [ncluster=175/175] AUC-ROC=94.74%  AUC-PR=94.76%  F1=0.9202  MCC=0.8352  Train=5.816s  Test=20.359s  Peak RAM Train=45.189 MB  Peak RAM Test=155.644 MB
2026-06-01 11:53:51 | INFO | [ncluster=178/178] AUC-ROC=95.02%  AUC-PR=95.27%  F1=0.9156  MCC=0.8270  Train=1.707s  Test=18.560s  Peak RAM Train=45.191 MB  Peak RAM Test=158.212 MB
2026-06-01 11:53:51 | INFO | [ncluster=181/181] AUC-ROC=93.32%  AUC-PR=92.91%  F1=0.9018  MCC=0.7929  Train=6.849s  Test=18.549s  Peak RAM Train=45.191 MB  Peak RAM Test=160.78 MB
2026-06-01 11:53:51 | INFO | [ncluster=184/184] AUC-ROC=94.43%  AUC-PR=94.28%  F1=0.9073  MCC=0.8079  Train=5.568s  Test=23.732s  Peak RAM Train=45.188 MB  Peak RAM Test=163.348 MB
2026-06-01 11:53:51 | INFO | [ncluster=187/187] AUC-ROC=95.05%  AUC-PR=95.30%  F1=0.9141  MCC=0.8276  Train=4.038s  Test=23.223s  Peak RAM Train=45.189 MB  Peak RAM Test=165.916 MB
2026-06-01 11:53:51 | INFO | [ncluster=190/190] AUC-ROC=95.13%  AUC-PR=95.17%  F1=0.9152  MCC=0.8248  Train=5.006s  Test=26.408s  Peak RAM Train=45.191 MB  Peak RAM Test=168.484 MB
2026-06-01 11:53:51 | INFO | [ncluster=193/193] AUC-ROC=95.45%  AUC-PR=95.69%  F1=0.9215  MCC=0.8381  Train=4.488s  Test=22.536s  Peak RAM Train=45.193 MB  Peak RAM Test=171.052 MB
2026-06-01 11:53:51 | INFO | [ncluster=196/196] AUC-ROC=95.06%  AUC-PR=95.32%  F1=0.9151  MCC=0.8239  Train=6.118s  Test=19.327s  Peak RAM Train=45.193 MB  Peak RAM Test=173.62 MB
2026-06-01 11:53:51 | INFO | [ncluster=199/199] AUC-ROC=95.49%  AUC-PR=95.86%  F1=0.9288  MCC=0.8537  Train=4.796s  Test=22.698s  Peak RAM Train=45.195 MB  Peak RAM Test=176.188 MB
2026-06-01 11:53:51 | INFO | [ncluster=202/202] AUC-ROC=95.54%  AUC-PR=96.03%  F1=0.9159  MCC=0.8268  Train=5.496s  Test=21.630s  Peak RAM Train=45.194 MB  Peak RAM Test=178.756 MB
2026-06-01 11:53:51 | INFO | [ncluster=205/205] AUC-ROC=94.60%  AUC-PR=94.41%  F1=0.9152  MCC=0.8241  Train=2.873s  Test=21.373s  Peak RAM Train=45.195 MB  Peak RAM Test=181.324 MB
2026-06-01 11:53:51 | INFO | [ncluster=208/208] AUC-ROC=94.58%  AUC-PR=94.37%  F1=0.9150  MCC=0.8232  Train=5.842s  Test=25.629s  Peak RAM Train=45.196 MB  Peak RAM Test=183.892 MB
2026-06-01 11:53:51 | INFO | [ncluster=211/211] AUC-ROC=94.23%  AUC-PR=93.83%  F1=0.9097  MCC=0.8108  Train=3.388s  Test=22.016s  Peak RAM Train=45.197 MB  Peak RAM Test=186.46 MB
2026-06-01 11:53:51 | INFO | [ncluster=214/214] AUC-ROC=94.99%  AUC-PR=95.19%  F1=0.9158  MCC=0.8251  Train=4.059s  Test=19.276s  Peak RAM Train=45.193 MB  Peak RAM Test=189.028 MB
2026-06-01 11:53:51 | INFO | [ncluster=217/217] AUC-ROC=94.21%  AUC-PR=94.06%  F1=0.9007  MCC=0.7950  Train=3.125s  Test=23.951s  Peak RAM Train=45.195 MB  Peak RAM Test=191.596 MB
2026-06-01 11:53:51 | INFO | [ncluster=220/220] AUC-ROC=94.44%  AUC-PR=94.51%  F1=0.9095  MCC=0.8124  Train=2.773s  Test=22.622s  Peak RAM Train=45.198 MB  Peak RAM Test=194.164 MB
2026-06-01 11:53:51 | INFO | [ncluster=223/223] AUC-ROC=94.66%  AUC-PR=94.57%  F1=0.9139  MCC=0.8204  Train=6.797s  Test=15.944s  Peak RAM Train=45.199 MB  Peak RAM Test=196.732 MB
2026-06-01 11:53:51 | INFO | [ncluster=226/226] AUC-ROC=95.55%  AUC-PR=95.75%  F1=0.9266  MCC=0.8484  Train=3.004s  Test=18.569s  Peak RAM Train=45.2 MB  Peak RAM Test=199.3 MB
2026-06-01 11:53:51 | INFO | [ncluster=229/229] AUC-ROC=95.20%  AUC-PR=95.59%  F1=0.9115  MCC=0.8167  Train=5.198s  Test=14.894s  Peak RAM Train=45.2 MB  Peak RAM Test=201.868 MB
2026-06-01 11:53:51 | INFO | [ncluster=232/232] AUC-ROC=95.11%  AUC-PR=95.57%  F1=0.9104  MCC=0.8153  Train=4.589s  Test=21.443s  Peak RAM Train=45.201 MB  Peak RAM Test=204.436 MB
2026-06-01 11:53:51 | INFO | [ncluster=235/235] AUC-ROC=95.06%  AUC-PR=94.85%  F1=0.9216  MCC=0.8371  Train=2.627s  Test=26.441s  Peak RAM Train=45.201 MB  Peak RAM Test=207.004 MB
2026-06-01 11:53:51 | INFO | [ncluster=238/238] AUC-ROC=94.43%  AUC-PR=94.46%  F1=0.9074  MCC=0.8068  Train=4.330s  Test=19.768s  Peak RAM Train=45.198 MB  Peak RAM Test=209.572 MB
2026-06-01 11:53:51 | INFO | [ncluster=241/241] AUC-ROC=94.55%  AUC-PR=94.83%  F1=0.9095  MCC=0.8125  Train=5.504s  Test=25.306s  Peak RAM Train=45.203 MB  Peak RAM Test=212.14 MB
2026-06-01 11:53:51 | INFO | [ncluster=244/244] AUC-ROC=94.79%  AUC-PR=94.77%  F1=0.9159  MCC=0.8255  Train=1.919s  Test=20.042s  Peak RAM Train=45.203 MB  Peak RAM Test=214.708 MB
2026-06-01 11:53:51 | INFO | [ncluster=247/247] AUC-ROC=95.08%  AUC-PR=95.45%  F1=0.9078  MCC=0.8108  Train=2.113s  Test=26.931s  Peak RAM Train=45.202 MB  Peak RAM Test=217.276 MB
2026-06-01 11:53:51 | INFO | [ncluster=250/250] AUC-ROC=93.22%  AUC-PR=92.99%  F1=0.8981  MCC=0.7850  Train=5.000s  Test=22.623s  Peak RAM Train=45.206 MB  Peak RAM Test=219.844 MB
2026-06-01 11:53:51 | INFO | [ncluster=253/253] AUC-ROC=94.63%  AUC-PR=95.12%  F1=0.9156  MCC=0.8250  Train=5.176s  Test=20.100s  Peak RAM Train=45.205 MB  Peak RAM Test=222.412 MB
2026-06-01 11:53:51 | INFO | [ncluster=256/256] AUC-ROC=93.89%  AUC-PR=93.59%  F1=0.9063  MCC=0.8034  Train=5.399s  Test=21.691s  Peak RAM Train=45.208 MB  Peak RAM Test=224.98 MB
2026-06-01 11:53:51 | INFO | [ncluster=259/259] AUC-ROC=94.15%  AUC-PR=94.05%  F1=0.9059  MCC=0.8045  Train=2.649s  Test=24.504s  Peak RAM Train=45.208 MB  Peak RAM Test=227.548 MB
2026-06-01 11:53:51 | INFO | [ncluster=262/262] AUC-ROC=94.30%  AUC-PR=94.27%  F1=0.9109  MCC=0.8144  Train=4.242s  Test=16.294s  Peak RAM Train=45.205 MB  Peak RAM Test=230.116 MB
2026-06-01 11:53:51 | INFO | [ncluster=265/265] AUC-ROC=94.04%  AUC-PR=93.66%  F1=0.9059  MCC=0.8028  Train=3.407s  Test=24.862s  Peak RAM Train=45.206 MB  Peak RAM Test=232.684 MB
2026-06-01 11:53:51 | INFO | [ncluster=268/268] AUC-ROC=94.39%  AUC-PR=94.37%  F1=0.9099  MCC=0.8121  Train=4.272s  Test=23.750s  Peak RAM Train=45.21 MB  Peak RAM Test=235.252 MB
2026-06-01 11:53:51 | INFO | [ncluster=271/271] AUC-ROC=94.14%  AUC-PR=94.40%  F1=0.9078  MCC=0.8070  Train=3.026s  Test=21.287s  Peak RAM Train=45.204 MB  Peak RAM Test=237.82 MB
2026-06-01 11:53:51 | INFO | [ncluster=274/274] AUC-ROC=94.42%  AUC-PR=94.62%  F1=0.9073  MCC=0.8076  Train=3.018s  Test=24.769s  Peak RAM Train=45.209 MB  Peak RAM Test=240.388 MB
2026-06-01 11:53:51 | INFO | [ncluster=277/277] AUC-ROC=92.16%  AUC-PR=92.01%  F1=0.8835  MCC=0.7544  Train=2.648s  Test=25.977s  Peak RAM Train=45.21 MB  Peak RAM Test=242.956 MB
2026-06-01 11:53:51 | INFO | [ncluster=280/280] AUC-ROC=94.25%  AUC-PR=94.71%  F1=0.9005  MCC=0.7949  Train=3.189s  Test=26.408s  Peak RAM Train=45.214 MB  Peak RAM Test=245.524 MB
2026-06-01 11:53:51 | INFO | [ncluster=283/283] AUC-ROC=93.82%  AUC-PR=93.50%  F1=0.9070  MCC=0.8054  Train=3.355s  Test=24.478s  Peak RAM Train=45.21 MB  Peak RAM Test=248.092 MB
2026-06-01 11:53:51 | INFO | [ncluster=286/286] AUC-ROC=93.95%  AUC-PR=93.95%  F1=0.9059  MCC=0.8039  Train=4.389s  Test=27.247s  Peak RAM Train=45.21 MB  Peak RAM Test=250.66 MB
2026-06-01 11:53:51 | INFO | [ncluster=289/289] AUC-ROC=92.69%  AUC-PR=92.56%  F1=0.8963  MCC=0.7833  Train=4.354s  Test=23.387s  Peak RAM Train=45.213 MB  Peak RAM Test=253.228 MB
2026-06-01 11:53:51 | INFO | [ncluster=292/292] AUC-ROC=93.85%  AUC-PR=93.86%  F1=0.9086  MCC=0.8089  Train=2.945s  Test=16.882s  Peak RAM Train=45.212 MB  Peak RAM Test=255.796 MB
2026-06-01 11:53:51 | INFO | [ncluster=295/295] AUC-ROC=92.00%  AUC-PR=91.33%  F1=0.8767  MCC=0.7404  Train=3.520s  Test=18.188s  Peak RAM Train=45.215 MB  Peak RAM Test=258.364 MB
2026-06-01 11:53:51 | INFO | [ncluster=298/298] AUC-ROC=91.73%  AUC-PR=91.63%  F1=0.8707  MCC=0.7294  Train=4.485s  Test=21.882s  Peak RAM Train=45.215 MB  Peak RAM Test=260.932 MB
2026-06-01 11:53:51 | INFO | --- noise=5% ---
2026-06-01 11:53:51 | INFO | ============================================================
2026-06-01 11:53:51 | INFO | Dataset  : Train_RobustScaler_data_EdgeIIoTset.csv
2026-06-01 11:53:51 | INFO | Scaler   : RobustScaler
2026-06-01 11:53:51 | INFO | Noise    : 5%
2026-06-01 11:53:51 | INFO | nClusters: 100 values (1..298)
2026-06-01 11:53:51 | INFO | K-Means  : Standard KMeans
2026-06-01 11:53:51 | INFO | ============================================================
2026-06-01 11:53:53 | INFO | Loaded Raw Shape -> Train: (30000, 53), Test: (30000, 53)
2026-06-01 11:53:53 | INFO | Training size : 31,500  |  Testing size: 28,500  |  Features: 52
2026-06-01 11:53:53 | INFO | Firing up Parallel execution for 100 cluster configs...
2026-06-01 12:00:55 | INFO | [ncluster=1/1] AUC-ROC=99.52%  AUC-PR=99.57%  F1=0.9754  MCC=0.9478  Train=6.805s  Test=0.270s  Peak RAM Train=46.022 MB  Peak RAM Test=15.804 MB
2026-06-01 12:00:55 | INFO | [ncluster=4/4] AUC-ROC=92.67%  AUC-PR=90.95%  F1=0.8975  MCC=0.7754  Train=4.948s  Test=0.180s  Peak RAM Train=46.026 MB  Peak RAM Test=15.066 MB
2026-06-01 12:00:55 | INFO | [ncluster=7/7] AUC-ROC=93.65%  AUC-PR=92.05%  F1=0.9096  MCC=0.8033  Train=4.631s  Test=1.066s  Peak RAM Train=46.029 MB  Peak RAM Test=15.084 MB
2026-06-01 12:00:55 | INFO | [ncluster=10/10] AUC-ROC=94.07%  AUC-PR=92.75%  F1=0.9101  MCC=0.8046  Train=5.603s  Test=1.450s  Peak RAM Train=46.026 MB  Peak RAM Test=15.354 MB
2026-06-01 12:00:55 | INFO | [ncluster=13/13] AUC-ROC=91.35%  AUC-PR=92.14%  F1=0.8729  MCC=0.7375  Train=4.672s  Test=1.738s  Peak RAM Train=46.027 MB  Peak RAM Test=16.972 MB
2026-06-01 12:00:55 | INFO | [ncluster=16/16] AUC-ROC=90.17%  AUC-PR=89.94%  F1=0.8671  MCC=0.7204  Train=6.112s  Test=2.194s  Peak RAM Train=46.029 MB  Peak RAM Test=19.54 MB
2026-06-01 12:00:55 | INFO | [ncluster=19/19] AUC-ROC=90.16%  AUC-PR=90.46%  F1=0.8668  MCC=0.7204  Train=4.207s  Test=1.350s  Peak RAM Train=46.031 MB  Peak RAM Test=22.108 MB
2026-06-01 12:00:55 | INFO | [ncluster=22/22] AUC-ROC=88.85%  AUC-PR=89.03%  F1=0.8567  MCC=0.6888  Train=7.075s  Test=3.082s  Peak RAM Train=46.035 MB  Peak RAM Test=24.676 MB
2026-06-01 12:00:55 | INFO | [ncluster=25/25] AUC-ROC=90.16%  AUC-PR=90.62%  F1=0.8650  MCC=0.7151  Train=6.104s  Test=3.459s  Peak RAM Train=46.034 MB  Peak RAM Test=27.244 MB
2026-06-01 12:00:55 | INFO | [ncluster=28/28] AUC-ROC=88.40%  AUC-PR=88.86%  F1=0.8385  MCC=0.6519  Train=5.491s  Test=2.416s  Peak RAM Train=46.033 MB  Peak RAM Test=29.812 MB
2026-06-01 12:00:55 | INFO | [ncluster=31/31] AUC-ROC=88.76%  AUC-PR=88.91%  F1=0.8565  MCC=0.6890  Train=4.731s  Test=1.401s  Peak RAM Train=46.037 MB  Peak RAM Test=32.38 MB
2026-06-01 12:00:55 | INFO | [ncluster=34/34] AUC-ROC=89.38%  AUC-PR=89.93%  F1=0.8606  MCC=0.7018  Train=6.071s  Test=3.479s  Peak RAM Train=46.035 MB  Peak RAM Test=34.948 MB
2026-06-01 12:00:55 | INFO | [ncluster=37/37] AUC-ROC=93.77%  AUC-PR=94.66%  F1=0.8966  MCC=0.7915  Train=5.567s  Test=6.718s  Peak RAM Train=46.031 MB  Peak RAM Test=37.516 MB
2026-06-01 12:00:55 | INFO | [ncluster=40/40] AUC-ROC=89.30%  AUC-PR=90.05%  F1=0.8532  MCC=0.6854  Train=6.346s  Test=4.969s  Peak RAM Train=46.035 MB  Peak RAM Test=40.084 MB
2026-06-01 12:00:55 | INFO | [ncluster=43/43] AUC-ROC=88.51%  AUC-PR=89.10%  F1=0.8416  MCC=0.6614  Train=6.160s  Test=4.689s  Peak RAM Train=46.035 MB  Peak RAM Test=42.652 MB
2026-06-01 12:00:55 | INFO | [ncluster=46/46] AUC-ROC=89.67%  AUC-PR=90.47%  F1=0.8528  MCC=0.6875  Train=3.335s  Test=1.970s  Peak RAM Train=46.038 MB  Peak RAM Test=45.22 MB
2026-06-01 12:00:55 | INFO | [ncluster=49/49] AUC-ROC=88.20%  AUC-PR=89.28%  F1=0.8321  MCC=0.6397  Train=2.863s  Test=6.811s  Peak RAM Train=46.038 MB  Peak RAM Test=47.788 MB
2026-06-01 12:00:55 | INFO | [ncluster=52/52] AUC-ROC=88.31%  AUC-PR=89.09%  F1=0.8360  MCC=0.6531  Train=5.961s  Test=6.849s  Peak RAM Train=46.038 MB  Peak RAM Test=50.356 MB
2026-06-01 12:00:55 | INFO | [ncluster=55/55] AUC-ROC=89.35%  AUC-PR=89.70%  F1=0.8597  MCC=0.7011  Train=5.754s  Test=8.666s  Peak RAM Train=46.037 MB  Peak RAM Test=52.924 MB
2026-06-01 12:00:55 | INFO | [ncluster=58/58] AUC-ROC=88.07%  AUC-PR=88.04%  F1=0.8566  MCC=0.6863  Train=6.313s  Test=6.506s  Peak RAM Train=46.04 MB  Peak RAM Test=55.492 MB
2026-06-01 12:00:55 | INFO | [ncluster=61/61] AUC-ROC=89.67%  AUC-PR=90.21%  F1=0.8638  MCC=0.7056  Train=4.149s  Test=8.604s  Peak RAM Train=46.039 MB  Peak RAM Test=58.06 MB
2026-06-01 12:00:55 | INFO | [ncluster=64/64] AUC-ROC=91.37%  AUC-PR=91.25%  F1=0.8779  MCC=0.7373  Train=5.787s  Test=9.333s  Peak RAM Train=46.037 MB  Peak RAM Test=60.628 MB
2026-06-01 12:00:55 | INFO | [ncluster=67/67] AUC-ROC=91.44%  AUC-PR=91.98%  F1=0.8581  MCC=0.7015  Train=5.559s  Test=6.294s  Peak RAM Train=46.045 MB  Peak RAM Test=63.196 MB
2026-06-01 12:00:55 | INFO | [ncluster=70/70] AUC-ROC=90.22%  AUC-PR=90.40%  F1=0.8835  MCC=0.7470  Train=6.218s  Test=8.609s  Peak RAM Train=46.041 MB  Peak RAM Test=65.764 MB
2026-06-01 12:00:55 | INFO | [ncluster=73/73] AUC-ROC=92.36%  AUC-PR=93.20%  F1=0.8913  MCC=0.7652  Train=6.844s  Test=6.802s  Peak RAM Train=46.044 MB  Peak RAM Test=68.332 MB
2026-06-01 12:00:55 | INFO | [ncluster=76/76] AUC-ROC=92.76%  AUC-PR=93.80%  F1=0.8899  MCC=0.7684  Train=5.732s  Test=10.897s  Peak RAM Train=46.045 MB  Peak RAM Test=70.9 MB
2026-06-01 12:00:55 | INFO | [ncluster=79/79] AUC-ROC=92.70%  AUC-PR=93.72%  F1=0.8763  MCC=0.7458  Train=3.608s  Test=10.034s  Peak RAM Train=46.045 MB  Peak RAM Test=73.468 MB
2026-06-01 12:00:55 | INFO | [ncluster=82/82] AUC-ROC=89.06%  AUC-PR=89.21%  F1=0.8644  MCC=0.7030  Train=5.009s  Test=8.323s  Peak RAM Train=46.045 MB  Peak RAM Test=76.036 MB
2026-06-01 12:00:55 | INFO | [ncluster=85/85] AUC-ROC=93.12%  AUC-PR=93.79%  F1=0.8802  MCC=0.7551  Train=6.332s  Test=9.990s  Peak RAM Train=46.047 MB  Peak RAM Test=78.604 MB
2026-06-01 12:00:55 | INFO | [ncluster=88/88] AUC-ROC=92.50%  AUC-PR=93.18%  F1=0.8946  MCC=0.7738  Train=6.285s  Test=11.208s  Peak RAM Train=46.044 MB  Peak RAM Test=81.172 MB
2026-06-01 12:00:55 | INFO | [ncluster=91/91] AUC-ROC=94.09%  AUC-PR=94.92%  F1=0.9000  MCC=0.7942  Train=7.669s  Test=10.700s  Peak RAM Train=46.047 MB  Peak RAM Test=83.74 MB
2026-06-01 12:00:55 | INFO | [ncluster=94/94] AUC-ROC=92.35%  AUC-PR=92.82%  F1=0.8877  MCC=0.7551  Train=7.499s  Test=10.896s  Peak RAM Train=46.05 MB  Peak RAM Test=86.308 MB
2026-06-01 12:00:55 | INFO | [ncluster=97/97] AUC-ROC=92.37%  AUC-PR=93.11%  F1=0.8756  MCC=0.7420  Train=7.440s  Test=6.682s  Peak RAM Train=46.05 MB  Peak RAM Test=88.876 MB
2026-06-01 12:00:55 | INFO | [ncluster=100/100] AUC-ROC=93.06%  AUC-PR=93.64%  F1=0.8880  MCC=0.7649  Train=6.879s  Test=10.009s  Peak RAM Train=46.052 MB  Peak RAM Test=91.444 MB
2026-06-01 12:00:55 | INFO | [ncluster=103/103] AUC-ROC=92.69%  AUC-PR=92.85%  F1=0.8831  MCC=0.7533  Train=6.526s  Test=11.689s  Peak RAM Train=46.049 MB  Peak RAM Test=94.012 MB
2026-06-01 12:00:55 | INFO | [ncluster=106/106] AUC-ROC=91.24%  AUC-PR=90.86%  F1=0.8734  MCC=0.7275  Train=3.195s  Test=13.853s  Peak RAM Train=46.047 MB  Peak RAM Test=96.58 MB
2026-06-01 12:00:55 | INFO | [ncluster=109/109] AUC-ROC=92.58%  AUC-PR=92.81%  F1=0.8832  MCC=0.7546  Train=5.584s  Test=8.399s  Peak RAM Train=46.056 MB  Peak RAM Test=99.148 MB
2026-06-01 12:00:55 | INFO | [ncluster=112/112] AUC-ROC=92.13%  AUC-PR=92.52%  F1=0.8770  MCC=0.7410  Train=6.173s  Test=15.404s  Peak RAM Train=46.052 MB  Peak RAM Test=101.716 MB
2026-06-01 12:00:55 | INFO | [ncluster=115/115] AUC-ROC=92.68%  AUC-PR=93.23%  F1=0.8828  MCC=0.7556  Train=6.692s  Test=12.891s  Peak RAM Train=46.054 MB  Peak RAM Test=104.284 MB
2026-06-01 12:00:55 | INFO | [ncluster=118/118] AUC-ROC=93.10%  AUC-PR=93.72%  F1=0.8930  MCC=0.7798  Train=5.478s  Test=9.060s  Peak RAM Train=46.052 MB  Peak RAM Test=106.852 MB
2026-06-01 12:00:55 | INFO | [ncluster=121/121] AUC-ROC=93.37%  AUC-PR=94.03%  F1=0.8977  MCC=0.7883  Train=5.787s  Test=12.029s  Peak RAM Train=46.053 MB  Peak RAM Test=109.42 MB
2026-06-01 12:00:55 | INFO | [ncluster=124/124] AUC-ROC=91.60%  AUC-PR=91.48%  F1=0.8853  MCC=0.7543  Train=5.272s  Test=12.802s  Peak RAM Train=46.054 MB  Peak RAM Test=111.988 MB
2026-06-01 12:00:56 | INFO | [ncluster=127/127] AUC-ROC=90.40%  AUC-PR=89.85%  F1=0.8738  MCC=0.7281  Train=4.663s  Test=11.932s  Peak RAM Train=46.059 MB  Peak RAM Test=114.556 MB
2026-06-01 12:00:56 | INFO | [ncluster=130/130] AUC-ROC=91.44%  AUC-PR=91.29%  F1=0.8780  MCC=0.7364  Train=5.164s  Test=17.727s  Peak RAM Train=46.055 MB  Peak RAM Test=117.124 MB
2026-06-01 12:00:56 | INFO | [ncluster=133/133] AUC-ROC=93.25%  AUC-PR=93.80%  F1=0.8987  MCC=0.7829  Train=5.023s  Test=16.252s  Peak RAM Train=46.063 MB  Peak RAM Test=119.692 MB
2026-06-01 12:00:56 | INFO | [ncluster=136/136] AUC-ROC=92.44%  AUC-PR=92.94%  F1=0.8866  MCC=0.7610  Train=5.360s  Test=13.793s  Peak RAM Train=46.057 MB  Peak RAM Test=122.26 MB
2026-06-01 12:00:56 | INFO | [ncluster=139/139] AUC-ROC=92.47%  AUC-PR=92.49%  F1=0.8906  MCC=0.7650  Train=4.318s  Test=10.820s  Peak RAM Train=46.059 MB  Peak RAM Test=124.828 MB
2026-06-01 12:00:56 | INFO | [ncluster=142/142] AUC-ROC=93.02%  AUC-PR=93.44%  F1=0.8929  MCC=0.7768  Train=5.865s  Test=16.680s  Peak RAM Train=46.06 MB  Peak RAM Test=127.396 MB
2026-06-01 12:00:56 | INFO | [ncluster=145/145] AUC-ROC=92.92%  AUC-PR=93.45%  F1=0.8826  MCC=0.7589  Train=3.512s  Test=15.621s  Peak RAM Train=46.059 MB  Peak RAM Test=129.964 MB
2026-06-01 12:00:56 | INFO | [ncluster=148/148] AUC-ROC=91.41%  AUC-PR=91.20%  F1=0.8763  MCC=0.7398  Train=4.671s  Test=18.299s  Peak RAM Train=46.066 MB  Peak RAM Test=132.532 MB
2026-06-01 12:00:56 | INFO | [ncluster=151/151] AUC-ROC=92.13%  AUC-PR=92.66%  F1=0.8779  MCC=0.7461  Train=4.028s  Test=18.301s  Peak RAM Train=46.066 MB  Peak RAM Test=135.1 MB
2026-06-01 12:00:56 | INFO | [ncluster=154/154] AUC-ROC=91.91%  AUC-PR=92.28%  F1=0.8738  MCC=0.7364  Train=5.264s  Test=13.618s  Peak RAM Train=46.07 MB  Peak RAM Test=137.668 MB
2026-06-01 12:00:56 | INFO | [ncluster=157/157] AUC-ROC=92.00%  AUC-PR=92.37%  F1=0.8781  MCC=0.7396  Train=4.968s  Test=12.599s  Peak RAM Train=46.07 MB  Peak RAM Test=140.236 MB
2026-06-01 12:00:56 | INFO | [ncluster=160/160] AUC-ROC=92.64%  AUC-PR=92.59%  F1=0.8963  MCC=0.7784  Train=5.302s  Test=19.105s  Peak RAM Train=46.059 MB  Peak RAM Test=142.804 MB
2026-06-01 12:00:56 | INFO | [ncluster=163/163] AUC-ROC=92.66%  AUC-PR=93.54%  F1=0.8880  MCC=0.7612  Train=4.957s  Test=19.274s  Peak RAM Train=46.061 MB  Peak RAM Test=145.372 MB
2026-06-01 12:00:56 | INFO | [ncluster=166/166] AUC-ROC=93.30%  AUC-PR=94.04%  F1=0.8955  MCC=0.7769  Train=5.236s  Test=16.838s  Peak RAM Train=46.063 MB  Peak RAM Test=147.94 MB
2026-06-01 12:00:56 | INFO | [ncluster=169/169] AUC-ROC=91.52%  AUC-PR=91.50%  F1=0.8819  MCC=0.7461  Train=5.461s  Test=13.975s  Peak RAM Train=46.062 MB  Peak RAM Test=150.508 MB
2026-06-01 12:00:56 | INFO | [ncluster=172/172] AUC-ROC=80.72%  AUC-PR=82.02%  F1=0.7745  MCC=0.5081  Train=4.049s  Test=15.986s  Peak RAM Train=46.066 MB  Peak RAM Test=153.076 MB
2026-06-01 12:00:56 | INFO | [ncluster=175/175] AUC-ROC=80.33%  AUC-PR=81.73%  F1=0.7772  MCC=0.5083  Train=4.986s  Test=21.389s  Peak RAM Train=46.067 MB  Peak RAM Test=155.644 MB
2026-06-01 12:00:56 | INFO | [ncluster=178/178] AUC-ROC=80.01%  AUC-PR=80.95%  F1=0.7745  MCC=0.5103  Train=5.475s  Test=25.136s  Peak RAM Train=46.075 MB  Peak RAM Test=158.212 MB
2026-06-01 12:00:56 | INFO | [ncluster=181/181] AUC-ROC=92.53%  AUC-PR=92.98%  F1=0.8909  MCC=0.7685  Train=5.126s  Test=16.415s  Peak RAM Train=46.067 MB  Peak RAM Test=160.78 MB
2026-06-01 12:00:56 | INFO | [ncluster=184/184] AUC-ROC=80.66%  AUC-PR=82.34%  F1=0.7689  MCC=0.5042  Train=5.017s  Test=16.912s  Peak RAM Train=46.069 MB  Peak RAM Test=163.348 MB
2026-06-01 12:00:56 | INFO | [ncluster=187/187] AUC-ROC=80.05%  AUC-PR=81.61%  F1=0.7684  MCC=0.4985  Train=4.626s  Test=18.896s  Peak RAM Train=46.075 MB  Peak RAM Test=165.916 MB
2026-06-01 12:00:56 | INFO | [ncluster=190/190] AUC-ROC=92.78%  AUC-PR=93.37%  F1=0.8922  MCC=0.7692  Train=4.828s  Test=21.911s  Peak RAM Train=46.078 MB  Peak RAM Test=168.484 MB
2026-06-01 12:00:56 | INFO | [ncluster=193/193] AUC-ROC=81.41%  AUC-PR=82.38%  F1=0.7757  MCC=0.5128  Train=3.534s  Test=20.807s  Peak RAM Train=46.08 MB  Peak RAM Test=171.052 MB
2026-06-01 12:00:56 | INFO | [ncluster=196/196] AUC-ROC=82.32%  AUC-PR=83.33%  F1=0.7901  MCC=0.5432  Train=5.733s  Test=17.464s  Peak RAM Train=46.076 MB  Peak RAM Test=173.62 MB
2026-06-01 12:00:56 | INFO | [ncluster=199/199] AUC-ROC=92.16%  AUC-PR=92.38%  F1=0.8848  MCC=0.7541  Train=5.415s  Test=13.323s  Peak RAM Train=46.068 MB  Peak RAM Test=176.188 MB
2026-06-01 12:00:56 | INFO | [ncluster=202/202] AUC-ROC=80.44%  AUC-PR=80.76%  F1=0.7658  MCC=0.4981  Train=4.161s  Test=18.879s  Peak RAM Train=46.077 MB  Peak RAM Test=178.756 MB
2026-06-01 12:00:56 | INFO | [ncluster=205/205] AUC-ROC=80.64%  AUC-PR=81.75%  F1=0.7603  MCC=0.4847  Train=4.628s  Test=17.223s  Peak RAM Train=46.071 MB  Peak RAM Test=181.324 MB
2026-06-01 12:00:56 | INFO | [ncluster=208/208] AUC-ROC=80.46%  AUC-PR=81.74%  F1=0.7681  MCC=0.4979  Train=4.225s  Test=25.674s  Peak RAM Train=46.087 MB  Peak RAM Test=183.892 MB
2026-06-01 12:00:56 | INFO | [ncluster=211/211] AUC-ROC=81.34%  AUC-PR=82.23%  F1=0.7792  MCC=0.5189  Train=3.559s  Test=17.379s  Peak RAM Train=46.079 MB  Peak RAM Test=186.46 MB
2026-06-01 12:00:56 | INFO | [ncluster=214/214] AUC-ROC=82.20%  AUC-PR=82.75%  F1=0.7906  MCC=0.5454  Train=4.423s  Test=23.495s  Peak RAM Train=46.08 MB  Peak RAM Test=189.028 MB
2026-06-01 12:00:56 | INFO | [ncluster=217/217] AUC-ROC=80.15%  AUC-PR=80.94%  F1=0.7779  MCC=0.5014  Train=5.972s  Test=17.841s  Peak RAM Train=46.081 MB  Peak RAM Test=191.596 MB
2026-06-01 12:00:56 | INFO | [ncluster=220/220] AUC-ROC=82.02%  AUC-PR=82.96%  F1=0.7876  MCC=0.5448  Train=5.165s  Test=20.748s  Peak RAM Train=46.079 MB  Peak RAM Test=194.164 MB
2026-06-01 12:00:56 | INFO | [ncluster=223/223] AUC-ROC=81.38%  AUC-PR=82.04%  F1=0.7818  MCC=0.5269  Train=3.883s  Test=20.305s  Peak RAM Train=46.085 MB  Peak RAM Test=196.732 MB
2026-06-01 12:00:56 | INFO | [ncluster=226/226] AUC-ROC=83.37%  AUC-PR=84.84%  F1=0.8059  MCC=0.5677  Train=3.582s  Test=19.457s  Peak RAM Train=46.085 MB  Peak RAM Test=199.3 MB
2026-06-01 12:00:56 | INFO | [ncluster=229/229] AUC-ROC=80.71%  AUC-PR=81.27%  F1=0.7671  MCC=0.5079  Train=4.611s  Test=14.778s  Peak RAM Train=46.081 MB  Peak RAM Test=201.868 MB
2026-06-01 12:00:56 | INFO | [ncluster=232/232] AUC-ROC=81.54%  AUC-PR=82.27%  F1=0.7866  MCC=0.5319  Train=4.576s  Test=18.943s  Peak RAM Train=46.084 MB  Peak RAM Test=204.436 MB
2026-06-01 12:00:56 | INFO | [ncluster=235/235] AUC-ROC=82.77%  AUC-PR=83.76%  F1=0.7943  MCC=0.5486  Train=4.113s  Test=22.348s  Peak RAM Train=46.082 MB  Peak RAM Test=207.004 MB
2026-06-01 12:00:56 | INFO | [ncluster=238/238] AUC-ROC=81.52%  AUC-PR=82.14%  F1=0.7852  MCC=0.5235  Train=3.614s  Test=17.628s  Peak RAM Train=46.088 MB  Peak RAM Test=209.572 MB
2026-06-01 12:00:56 | INFO | [ncluster=241/241] AUC-ROC=79.62%  AUC-PR=80.90%  F1=0.7589  MCC=0.4816  Train=5.280s  Test=18.390s  Peak RAM Train=46.081 MB  Peak RAM Test=212.14 MB
2026-06-01 12:00:56 | INFO | [ncluster=244/244] AUC-ROC=82.33%  AUC-PR=83.44%  F1=0.7858  MCC=0.5391  Train=2.264s  Test=20.665s  Peak RAM Train=46.082 MB  Peak RAM Test=214.708 MB
2026-06-01 12:00:56 | INFO | [ncluster=247/247] AUC-ROC=82.28%  AUC-PR=83.21%  F1=0.7906  MCC=0.5380  Train=1.654s  Test=14.384s  Peak RAM Train=46.082 MB  Peak RAM Test=217.276 MB
2026-06-01 12:00:56 | INFO | [ncluster=250/250] AUC-ROC=80.86%  AUC-PR=81.44%  F1=0.7847  MCC=0.5173  Train=2.666s  Test=17.627s  Peak RAM Train=46.086 MB  Peak RAM Test=219.844 MB
2026-06-01 12:00:56 | INFO | [ncluster=253/253] AUC-ROC=82.38%  AUC-PR=82.00%  F1=0.7976  MCC=0.5619  Train=3.247s  Test=18.877s  Peak RAM Train=46.083 MB  Peak RAM Test=222.412 MB
2026-06-01 12:00:56 | INFO | [ncluster=256/256] AUC-ROC=82.05%  AUC-PR=82.50%  F1=0.7895  MCC=0.5393  Train=2.349s  Test=21.075s  Peak RAM Train=46.087 MB  Peak RAM Test=224.98 MB
2026-06-01 12:00:56 | INFO | [ncluster=259/259] AUC-ROC=92.47%  AUC-PR=92.92%  F1=0.8945  MCC=0.7732  Train=2.909s  Test=20.129s  Peak RAM Train=46.077 MB  Peak RAM Test=227.548 MB
2026-06-01 12:00:56 | INFO | [ncluster=262/262] AUC-ROC=92.56%  AUC-PR=93.08%  F1=0.8936  MCC=0.7711  Train=3.467s  Test=19.167s  Peak RAM Train=46.094 MB  Peak RAM Test=230.116 MB
2026-06-01 12:00:56 | INFO | [ncluster=265/265] AUC-ROC=81.06%  AUC-PR=81.89%  F1=0.7806  MCC=0.5163  Train=3.093s  Test=16.988s  Peak RAM Train=46.093 MB  Peak RAM Test=232.684 MB
2026-06-01 12:00:56 | INFO | [ncluster=268/268] AUC-ROC=81.67%  AUC-PR=82.25%  F1=0.7883  MCC=0.5340  Train=3.298s  Test=17.369s  Peak RAM Train=46.092 MB  Peak RAM Test=235.252 MB
2026-06-01 12:00:56 | INFO | [ncluster=271/271] AUC-ROC=82.08%  AUC-PR=82.76%  F1=0.7913  MCC=0.5442  Train=2.283s  Test=10.340s  Peak RAM Train=46.085 MB  Peak RAM Test=237.82 MB
2026-06-01 12:00:56 | INFO | [ncluster=274/274] AUC-ROC=82.29%  AUC-PR=83.09%  F1=0.7888  MCC=0.5402  Train=2.105s  Test=10.920s  Peak RAM Train=46.094 MB  Peak RAM Test=240.388 MB
2026-06-01 12:00:56 | INFO | [ncluster=277/277] AUC-ROC=83.91%  AUC-PR=84.10%  F1=0.8115  MCC=0.5858  Train=2.428s  Test=20.394s  Peak RAM Train=46.087 MB  Peak RAM Test=242.956 MB
2026-06-01 12:00:56 | INFO | [ncluster=280/280] AUC-ROC=82.53%  AUC-PR=83.33%  F1=0.7942  MCC=0.5474  Train=3.208s  Test=13.925s  Peak RAM Train=46.096 MB  Peak RAM Test=245.524 MB
2026-06-01 12:00:56 | INFO | [ncluster=283/283] AUC-ROC=81.88%  AUC-PR=82.43%  F1=0.7953  MCC=0.5422  Train=1.662s  Test=17.314s  Peak RAM Train=46.092 MB  Peak RAM Test=248.092 MB
2026-06-01 12:00:56 | INFO | [ncluster=286/286] AUC-ROC=83.71%  AUC-PR=84.97%  F1=0.8062  MCC=0.5779  Train=2.716s  Test=18.289s  Peak RAM Train=46.088 MB  Peak RAM Test=250.66 MB
2026-06-01 12:00:56 | INFO | [ncluster=289/289] AUC-ROC=80.26%  AUC-PR=80.51%  F1=0.7870  MCC=0.5192  Train=1.587s  Test=19.749s  Peak RAM Train=46.093 MB  Peak RAM Test=253.228 MB
2026-06-01 12:00:56 | INFO | [ncluster=292/292] AUC-ROC=85.62%  AUC-PR=86.24%  F1=0.8264  MCC=0.6227  Train=2.087s  Test=16.779s  Peak RAM Train=46.087 MB  Peak RAM Test=255.796 MB
2026-06-01 12:00:56 | INFO | [ncluster=295/295] AUC-ROC=80.73%  AUC-PR=80.78%  F1=0.7814  MCC=0.5142  Train=0.891s  Test=15.850s  Peak RAM Train=46.092 MB  Peak RAM Test=258.364 MB
2026-06-01 12:00:56 | INFO | [ncluster=298/298] AUC-ROC=81.57%  AUC-PR=82.26%  F1=0.7872  MCC=0.5310  Train=0.908s  Test=12.962s  Peak RAM Train=46.093 MB  Peak RAM Test=260.932 MB
2026-06-01 12:00:56 | INFO | Results saved to: /home/jupyter-iec_duongnt/New Project/NFST/GMM-nfst/notebooks/experiments/outputs/Experiment_OC_NFST_MemOpt_20260601_095447/data_EdgeIIoTset_memopt.csv
2026-06-01 12:00:56 | INFO | Log saved to    : /home/jupyter-iec_duongnt/New Project/NFST/GMM-nfst/notebooks/experiments/outputs/Experiment_OC_NFST_MemOpt_20260601_095447/data_EdgeIIoTset_memopt.log
