2026-06-01 12:00:56 | INFO | Run started at 20260601_095447
2026-06-01 12:00:56 | INFO | Dataset prefix : data_IoTID20
2026-06-01 12:00:56 | INFO | Scalers        : ['StandardScaler', 'MinMaxScaler', 'Normalizer', 'QuantileTransformer', 'RobustScaler']
2026-06-01 12:00:56 | INFO | N_CLUSTERS     : range(1, 301, 3) — 100 values
2026-06-01 12:00:56 | INFO | NOISE_LIST     : [0, 1, 3, 5]
2026-06-01 12:00:56 | INFO | CSV output     : /home/jupyter-iec_duongnt/New Project/NFST/GMM-nfst/notebooks/experiments/outputs/Experiment_OC_NFST_MemOpt_20260601_095447/data_IoTID20_memopt.csv
2026-06-01 12:00:56 | INFO | Log file       : /home/jupyter-iec_duongnt/New Project/NFST/GMM-nfst/notebooks/experiments/outputs/Experiment_OC_NFST_MemOpt_20260601_095447/data_IoTID20_memopt.log
2026-06-01 12:00:56 | INFO | ------------------------------------------------------------
2026-06-01 12:00:56 | INFO | 
>>> Processing data_IoTID20 | scaler=StandardScaler
2026-06-01 12:00:56 | INFO | --- noise=0% ---
2026-06-01 12:00:56 | INFO | ============================================================
2026-06-01 12:00:56 | INFO | Dataset  : Train_StandardScaler_data_IoTID20.csv
2026-06-01 12:00:56 | INFO | Scaler   : StandardScaler
2026-06-01 12:00:56 | INFO | Noise    : 0%
2026-06-01 12:00:56 | INFO | nClusters: 100 values (1..298)
2026-06-01 12:00:56 | INFO | K-Means  : Standard KMeans
2026-06-01 12:00:56 | INFO | ============================================================
2026-06-01 12:00:57 | INFO | Loaded Raw Shape -> Train: (30878, 92), Test: (22720, 92)
2026-06-01 12:00:57 | INFO | Training size : 30,878  |  Testing size: 22,720  |  Features: 91
2026-06-01 12:00:57 | INFO | Firing up Parallel execution for 100 cluster configs...
2026-06-01 12:12:26 | INFO | [ncluster=1/1] AUC-ROC=82.63%  AUC-PR=72.32%  F1=0.6614  MCC=0.4727  Train=11.210s  Test=0.290s  Peak RAM Train=78.876 MB  Peak RAM Test=44.629 MB
2026-06-01 12:12:26 | INFO | [ncluster=4/4] AUC-ROC=88.18%  AUC-PR=81.96%  F1=0.7167  MCC=0.5519  Train=7.626s  Test=1.325s  Peak RAM Train=78.885 MB  Peak RAM Test=44.146 MB
2026-06-01 12:12:26 | INFO | [ncluster=7/7] AUC-ROC=94.56%  AUC-PR=90.54%  F1=0.8163  MCC=0.7175  Train=10.992s  Test=1.554s  Peak RAM Train=78.886 MB  Peak RAM Test=43.909 MB
2026-06-01 12:12:26 | INFO | [ncluster=10/10] AUC-ROC=93.94%  AUC-PR=89.72%  F1=0.8142  MCC=0.7131  Train=12.719s  Test=1.914s  Peak RAM Train=78.889 MB  Peak RAM Test=44.522 MB
2026-06-01 12:12:26 | INFO | [ncluster=13/13] AUC-ROC=94.13%  AUC-PR=90.34%  F1=0.8063  MCC=0.6996  Train=11.196s  Test=1.432s  Peak RAM Train=78.89 MB  Peak RAM Test=48.962 MB
2026-06-01 12:12:26 | INFO | [ncluster=16/16] AUC-ROC=94.45%  AUC-PR=90.72%  F1=0.8164  MCC=0.7168  Train=12.049s  Test=2.641s  Peak RAM Train=78.893 MB  Peak RAM Test=53.402 MB
2026-06-01 12:12:26 | INFO | [ncluster=19/19] AUC-ROC=95.05%  AUC-PR=91.80%  F1=0.8374  MCC=0.7503  Train=7.094s  Test=1.852s  Peak RAM Train=78.893 MB  Peak RAM Test=57.842 MB
2026-06-01 12:12:26 | INFO | [ncluster=22/22] AUC-ROC=94.37%  AUC-PR=90.87%  F1=0.8116  MCC=0.7084  Train=10.291s  Test=2.665s  Peak RAM Train=78.893 MB  Peak RAM Test=62.282 MB
2026-06-01 12:12:26 | INFO | [ncluster=25/25] AUC-ROC=94.28%  AUC-PR=90.63%  F1=0.8043  MCC=0.6969  Train=10.876s  Test=3.733s  Peak RAM Train=78.895 MB  Peak RAM Test=66.722 MB
2026-06-01 12:12:26 | INFO | [ncluster=28/28] AUC-ROC=94.49%  AUC-PR=91.01%  F1=0.8120  MCC=0.7129  Train=9.389s  Test=2.820s  Peak RAM Train=78.895 MB  Peak RAM Test=71.162 MB
2026-06-01 12:12:26 | INFO | [ncluster=31/31] AUC-ROC=94.02%  AUC-PR=91.06%  F1=0.8007  MCC=0.6906  Train=10.976s  Test=4.562s  Peak RAM Train=78.9 MB  Peak RAM Test=75.602 MB
2026-06-01 12:12:26 | INFO | [ncluster=34/34] AUC-ROC=94.80%  AUC-PR=91.87%  F1=0.8172  MCC=0.7181  Train=9.417s  Test=5.207s  Peak RAM Train=78.898 MB  Peak RAM Test=80.042 MB
2026-06-01 12:12:26 | INFO | [ncluster=37/37] AUC-ROC=94.71%  AUC-PR=92.20%  F1=0.7996  MCC=0.6893  Train=9.811s  Test=4.174s  Peak RAM Train=78.899 MB  Peak RAM Test=84.482 MB
2026-06-01 12:12:26 | INFO | [ncluster=40/40] AUC-ROC=94.07%  AUC-PR=91.58%  F1=0.8049  MCC=0.7059  Train=8.257s  Test=2.418s  Peak RAM Train=78.897 MB  Peak RAM Test=88.922 MB
2026-06-01 12:12:26 | INFO | [ncluster=43/43] AUC-ROC=95.09%  AUC-PR=92.85%  F1=0.8282  MCC=0.7439  Train=9.275s  Test=5.209s  Peak RAM Train=78.901 MB  Peak RAM Test=93.362 MB
2026-06-01 12:12:26 | INFO | [ncluster=46/46] AUC-ROC=94.60%  AUC-PR=91.81%  F1=0.7996  MCC=0.6895  Train=7.319s  Test=3.824s  Peak RAM Train=78.9 MB  Peak RAM Test=97.802 MB
2026-06-01 12:12:26 | INFO | [ncluster=49/49] AUC-ROC=94.46%  AUC-PR=91.01%  F1=0.8019  MCC=0.6925  Train=7.248s  Test=4.725s  Peak RAM Train=78.897 MB  Peak RAM Test=102.242 MB
2026-06-01 12:12:26 | INFO | [ncluster=52/52] AUC-ROC=94.55%  AUC-PR=91.35%  F1=0.8050  MCC=0.6976  Train=7.861s  Test=4.986s  Peak RAM Train=78.9 MB  Peak RAM Test=106.682 MB
2026-06-01 12:12:26 | INFO | [ncluster=55/55] AUC-ROC=94.08%  AUC-PR=90.30%  F1=0.8004  MCC=0.6904  Train=8.962s  Test=6.760s  Peak RAM Train=78.906 MB  Peak RAM Test=111.122 MB
2026-06-01 12:12:26 | INFO | [ncluster=58/58] AUC-ROC=94.05%  AUC-PR=90.08%  F1=0.8074  MCC=0.7012  Train=8.979s  Test=6.487s  Peak RAM Train=78.91 MB  Peak RAM Test=115.562 MB
2026-06-01 12:12:26 | INFO | [ncluster=61/61] AUC-ROC=93.90%  AUC-PR=90.07%  F1=0.7982  MCC=0.6871  Train=9.801s  Test=4.140s  Peak RAM Train=78.904 MB  Peak RAM Test=120.002 MB
2026-06-01 12:12:26 | INFO | [ncluster=64/64] AUC-ROC=94.53%  AUC-PR=91.13%  F1=0.8056  MCC=0.6994  Train=9.886s  Test=3.249s  Peak RAM Train=78.906 MB  Peak RAM Test=124.442 MB
2026-06-01 12:12:26 | INFO | [ncluster=67/67] AUC-ROC=94.34%  AUC-PR=90.76%  F1=0.8081  MCC=0.7036  Train=8.764s  Test=6.205s  Peak RAM Train=78.913 MB  Peak RAM Test=128.882 MB
2026-06-01 12:12:26 | INFO | [ncluster=70/70] AUC-ROC=94.37%  AUC-PR=91.17%  F1=0.7854  MCC=0.6702  Train=8.870s  Test=7.399s  Peak RAM Train=78.912 MB  Peak RAM Test=133.322 MB
2026-06-01 12:12:26 | INFO | [ncluster=73/73] AUC-ROC=94.20%  AUC-PR=90.29%  F1=0.8057  MCC=0.7000  Train=11.434s  Test=7.383s  Peak RAM Train=78.912 MB  Peak RAM Test=137.762 MB
2026-06-01 12:12:26 | INFO | [ncluster=76/76] AUC-ROC=94.04%  AUC-PR=90.11%  F1=0.8034  MCC=0.6960  Train=10.135s  Test=9.574s  Peak RAM Train=78.911 MB  Peak RAM Test=142.202 MB
2026-06-01 12:12:26 | INFO | [ncluster=79/79] AUC-ROC=94.45%  AUC-PR=90.92%  F1=0.8050  MCC=0.7016  Train=12.126s  Test=8.959s  Peak RAM Train=78.912 MB  Peak RAM Test=146.642 MB
2026-06-01 12:12:26 | INFO | [ncluster=82/82] AUC-ROC=94.68%  AUC-PR=91.45%  F1=0.8067  MCC=0.7005  Train=11.604s  Test=10.034s  Peak RAM Train=78.913 MB  Peak RAM Test=151.082 MB
2026-06-01 12:12:26 | INFO | [ncluster=85/85] AUC-ROC=94.07%  AUC-PR=90.12%  F1=0.8051  MCC=0.6990  Train=11.072s  Test=10.474s  Peak RAM Train=78.917 MB  Peak RAM Test=155.522 MB
2026-06-01 12:12:26 | INFO | [ncluster=88/88] AUC-ROC=94.13%  AUC-PR=90.43%  F1=0.7964  MCC=0.6839  Train=9.708s  Test=8.934s  Peak RAM Train=78.92 MB  Peak RAM Test=159.962 MB
2026-06-01 12:12:26 | INFO | [ncluster=91/91] AUC-ROC=94.19%  AUC-PR=90.37%  F1=0.7998  MCC=0.6903  Train=10.490s  Test=8.803s  Peak RAM Train=78.921 MB  Peak RAM Test=164.402 MB
2026-06-01 12:12:26 | INFO | [ncluster=94/94] AUC-ROC=93.86%  AUC-PR=89.82%  F1=0.7967  MCC=0.6844  Train=10.374s  Test=9.088s  Peak RAM Train=78.919 MB  Peak RAM Test=168.842 MB
2026-06-01 12:12:26 | INFO | [ncluster=97/97] AUC-ROC=94.48%  AUC-PR=90.95%  F1=0.8069  MCC=0.7017  Train=7.220s  Test=10.432s  Peak RAM Train=78.915 MB  Peak RAM Test=173.282 MB
2026-06-01 12:12:26 | INFO | [ncluster=100/100] AUC-ROC=94.06%  AUC-PR=90.09%  F1=0.7998  MCC=0.6909  Train=11.260s  Test=17.645s  Peak RAM Train=78.923 MB  Peak RAM Test=177.722 MB
2026-06-01 12:12:26 | INFO | [ncluster=103/103] AUC-ROC=94.24%  AUC-PR=90.46%  F1=0.8020  MCC=0.6973  Train=12.399s  Test=16.908s  Peak RAM Train=78.921 MB  Peak RAM Test=182.162 MB
2026-06-01 12:12:26 | INFO | [ncluster=106/106] AUC-ROC=93.90%  AUC-PR=89.87%  F1=0.7946  MCC=0.6842  Train=13.751s  Test=13.599s  Peak RAM Train=78.923 MB  Peak RAM Test=186.602 MB
2026-06-01 12:12:26 | INFO | [ncluster=109/109] AUC-ROC=94.43%  AUC-PR=90.77%  F1=0.8089  MCC=0.7066  Train=13.803s  Test=18.676s  Peak RAM Train=78.926 MB  Peak RAM Test=191.042 MB
2026-06-01 12:12:26 | INFO | [ncluster=112/112] AUC-ROC=93.66%  AUC-PR=89.38%  F1=0.7968  MCC=0.6892  Train=11.930s  Test=24.712s  Peak RAM Train=78.926 MB  Peak RAM Test=195.482 MB
2026-06-01 12:12:26 | INFO | [ncluster=115/115] AUC-ROC=94.11%  AUC-PR=89.80%  F1=0.7998  MCC=0.6938  Train=15.950s  Test=14.472s  Peak RAM Train=78.926 MB  Peak RAM Test=199.922 MB
2026-06-01 12:12:26 | INFO | [ncluster=118/118] AUC-ROC=93.87%  AUC-PR=89.39%  F1=0.7975  MCC=0.6908  Train=18.341s  Test=21.877s  Peak RAM Train=78.927 MB  Peak RAM Test=204.362 MB
2026-06-01 12:12:26 | INFO | [ncluster=121/121] AUC-ROC=94.10%  AUC-PR=90.11%  F1=0.7985  MCC=0.6905  Train=14.147s  Test=27.241s  Peak RAM Train=78.928 MB  Peak RAM Test=208.802 MB
2026-06-01 12:12:26 | INFO | [ncluster=124/124] AUC-ROC=94.68%  AUC-PR=91.23%  F1=0.8086  MCC=0.7070  Train=13.371s  Test=19.153s  Peak RAM Train=78.931 MB  Peak RAM Test=213.242 MB
2026-06-01 12:12:26 | INFO | [ncluster=127/127] AUC-ROC=93.51%  AUC-PR=89.13%  F1=0.7988  MCC=0.6918  Train=18.649s  Test=23.974s  Peak RAM Train=78.93 MB  Peak RAM Test=217.682 MB
2026-06-01 12:12:26 | INFO | [ncluster=130/130] AUC-ROC=94.01%  AUC-PR=89.83%  F1=0.7988  MCC=0.6918  Train=17.933s  Test=23.408s  Peak RAM Train=78.931 MB  Peak RAM Test=222.122 MB
2026-06-01 12:12:26 | INFO | [ncluster=133/133] AUC-ROC=93.72%  AUC-PR=89.58%  F1=0.7943  MCC=0.6853  Train=15.293s  Test=29.669s  Peak RAM Train=78.932 MB  Peak RAM Test=226.562 MB
2026-06-01 12:12:26 | INFO | [ncluster=136/136] AUC-ROC=94.15%  AUC-PR=90.43%  F1=0.7936  MCC=0.6841  Train=15.085s  Test=19.826s  Peak RAM Train=78.936 MB  Peak RAM Test=231.002 MB
2026-06-01 12:12:26 | INFO | [ncluster=139/139] AUC-ROC=94.28%  AUC-PR=90.67%  F1=0.8016  MCC=0.6949  Train=15.984s  Test=25.254s  Peak RAM Train=78.932 MB  Peak RAM Test=235.442 MB
2026-06-01 12:12:26 | INFO | [ncluster=142/142] AUC-ROC=93.46%  AUC-PR=88.85%  F1=0.8034  MCC=0.6976  Train=18.525s  Test=25.730s  Peak RAM Train=78.938 MB  Peak RAM Test=239.882 MB
2026-06-01 12:12:26 | INFO | [ncluster=145/145] AUC-ROC=93.68%  AUC-PR=89.07%  F1=0.8017  MCC=0.6966  Train=15.589s  Test=26.582s  Peak RAM Train=78.933 MB  Peak RAM Test=244.322 MB
2026-06-01 12:12:26 | INFO | [ncluster=148/148] AUC-ROC=94.58%  AUC-PR=90.68%  F1=0.8071  MCC=0.7053  Train=15.625s  Test=26.024s  Peak RAM Train=78.937 MB  Peak RAM Test=248.762 MB
2026-06-01 12:12:26 | INFO | [ncluster=151/151] AUC-ROC=94.70%  AUC-PR=90.65%  F1=0.8210  MCC=0.7268  Train=15.968s  Test=26.571s  Peak RAM Train=78.938 MB  Peak RAM Test=253.202 MB
2026-06-01 12:12:26 | INFO | [ncluster=154/154] AUC-ROC=93.55%  AUC-PR=88.81%  F1=0.8016  MCC=0.6966  Train=12.455s  Test=19.771s  Peak RAM Train=78.938 MB  Peak RAM Test=257.642 MB
2026-06-01 12:12:26 | INFO | [ncluster=157/157] AUC-ROC=94.36%  AUC-PR=90.40%  F1=0.8178  MCC=0.7183  Train=17.088s  Test=30.039s  Peak RAM Train=78.945 MB  Peak RAM Test=262.082 MB
2026-06-01 12:12:26 | INFO | [ncluster=160/160] AUC-ROC=93.48%  AUC-PR=89.14%  F1=0.7973  MCC=0.6895  Train=14.731s  Test=24.258s  Peak RAM Train=78.942 MB  Peak RAM Test=266.522 MB
2026-06-01 12:12:26 | INFO | [ncluster=163/163] AUC-ROC=93.52%  AUC-PR=88.72%  F1=0.7985  MCC=0.6925  Train=13.682s  Test=22.213s  Peak RAM Train=78.943 MB  Peak RAM Test=270.962 MB
2026-06-01 12:12:26 | INFO | [ncluster=166/166] AUC-ROC=94.32%  AUC-PR=90.49%  F1=0.7967  MCC=0.6896  Train=12.727s  Test=30.124s  Peak RAM Train=78.947 MB  Peak RAM Test=275.402 MB
2026-06-01 12:12:26 | INFO | [ncluster=169/169] AUC-ROC=94.53%  AUC-PR=90.75%  F1=0.8131  MCC=0.7144  Train=16.044s  Test=29.456s  Peak RAM Train=78.947 MB  Peak RAM Test=279.842 MB
2026-06-01 12:12:26 | INFO | [ncluster=172/172] AUC-ROC=94.06%  AUC-PR=89.50%  F1=0.8088  MCC=0.7079  Train=15.672s  Test=27.316s  Peak RAM Train=78.948 MB  Peak RAM Test=284.282 MB
2026-06-01 12:12:26 | INFO | [ncluster=175/175] AUC-ROC=93.97%  AUC-PR=89.71%  F1=0.8000  MCC=0.6939  Train=18.903s  Test=23.986s  Peak RAM Train=78.947 MB  Peak RAM Test=288.722 MB
2026-06-01 12:12:26 | INFO | [ncluster=178/178] AUC-ROC=94.88%  AUC-PR=91.17%  F1=0.8194  MCC=0.7232  Train=15.742s  Test=27.525s  Peak RAM Train=78.949 MB  Peak RAM Test=293.162 MB
2026-06-01 12:12:26 | INFO | [ncluster=181/181] AUC-ROC=93.91%  AUC-PR=89.64%  F1=0.7979  MCC=0.6868  Train=17.655s  Test=33.717s  Peak RAM Train=78.947 MB  Peak RAM Test=297.602 MB
2026-06-01 12:12:26 | INFO | [ncluster=184/184] AUC-ROC=94.00%  AUC-PR=90.02%  F1=0.8042  MCC=0.6970  Train=17.331s  Test=26.854s  Peak RAM Train=78.954 MB  Peak RAM Test=302.042 MB
2026-06-01 12:12:26 | INFO | [ncluster=187/187] AUC-ROC=94.51%  AUC-PR=90.64%  F1=0.8126  MCC=0.7135  Train=9.522s  Test=26.609s  Peak RAM Train=78.952 MB  Peak RAM Test=306.482 MB
2026-06-01 12:12:26 | INFO | [ncluster=190/190] AUC-ROC=94.14%  AUC-PR=89.98%  F1=0.8003  MCC=0.6946  Train=13.887s  Test=31.659s  Peak RAM Train=78.954 MB  Peak RAM Test=310.922 MB
2026-06-01 12:12:26 | INFO | [ncluster=193/193] AUC-ROC=94.47%  AUC-PR=90.89%  F1=0.8041  MCC=0.7012  Train=13.614s  Test=24.228s  Peak RAM Train=78.953 MB  Peak RAM Test=315.362 MB
2026-06-01 12:12:26 | INFO | [ncluster=196/196] AUC-ROC=94.14%  AUC-PR=90.10%  F1=0.8007  MCC=0.6956  Train=14.699s  Test=27.613s  Peak RAM Train=78.953 MB  Peak RAM Test=319.802 MB
2026-06-01 12:12:26 | INFO | [ncluster=199/199] AUC-ROC=94.95%  AUC-PR=91.04%  F1=0.8252  MCC=0.7336  Train=16.393s  Test=36.994s  Peak RAM Train=78.957 MB  Peak RAM Test=324.242 MB
2026-06-01 12:12:26 | INFO | [ncluster=202/202] AUC-ROC=94.00%  AUC-PR=90.13%  F1=0.7943  MCC=0.6816  Train=14.195s  Test=20.314s  Peak RAM Train=78.96 MB  Peak RAM Test=328.682 MB
2026-06-01 12:12:26 | INFO | [ncluster=205/205] AUC-ROC=95.15%  AUC-PR=92.00%  F1=0.8116  MCC=0.7127  Train=12.966s  Test=26.400s  Peak RAM Train=78.96 MB  Peak RAM Test=333.122 MB
2026-06-01 12:12:26 | INFO | [ncluster=208/208] AUC-ROC=95.29%  AUC-PR=92.01%  F1=0.8209  MCC=0.7259  Train=13.942s  Test=31.570s  Peak RAM Train=78.961 MB  Peak RAM Test=337.562 MB
2026-06-01 12:12:26 | INFO | [ncluster=211/211] AUC-ROC=94.48%  AUC-PR=90.50%  F1=0.8100  MCC=0.7108  Train=18.251s  Test=34.973s  Peak RAM Train=78.962 MB  Peak RAM Test=342.002 MB
2026-06-01 12:12:26 | INFO | [ncluster=214/214] AUC-ROC=93.63%  AUC-PR=89.04%  F1=0.7959  MCC=0.6892  Train=15.044s  Test=36.535s  Peak RAM Train=78.963 MB  Peak RAM Test=346.442 MB
2026-06-01 12:12:26 | INFO | [ncluster=217/217] AUC-ROC=94.66%  AUC-PR=90.73%  F1=0.8169  MCC=0.7205  Train=19.129s  Test=32.765s  Peak RAM Train=78.963 MB  Peak RAM Test=350.882 MB
2026-06-01 12:12:26 | INFO | [ncluster=220/220] AUC-ROC=94.33%  AUC-PR=90.70%  F1=0.7961  MCC=0.6855  Train=16.529s  Test=24.606s  Peak RAM Train=78.966 MB  Peak RAM Test=355.322 MB
2026-06-01 12:12:26 | INFO | [ncluster=223/223] AUC-ROC=94.39%  AUC-PR=89.89%  F1=0.8133  MCC=0.7161  Train=15.755s  Test=29.871s  Peak RAM Train=78.965 MB  Peak RAM Test=359.762 MB
2026-06-01 12:12:26 | INFO | [ncluster=226/226] AUC-ROC=95.16%  AUC-PR=91.55%  F1=0.8275  MCC=0.7361  Train=13.457s  Test=26.467s  Peak RAM Train=78.967 MB  Peak RAM Test=364.202 MB
2026-06-01 12:12:26 | INFO | [ncluster=229/229] AUC-ROC=94.57%  AUC-PR=90.59%  F1=0.8132  MCC=0.7137  Train=19.026s  Test=39.469s  Peak RAM Train=78.968 MB  Peak RAM Test=368.642 MB
2026-06-01 12:12:26 | INFO | [ncluster=232/232] AUC-ROC=94.21%  AUC-PR=89.72%  F1=0.8179  MCC=0.7223  Train=17.576s  Test=29.682s  Peak RAM Train=78.968 MB  Peak RAM Test=373.082 MB
2026-06-01 12:12:26 | INFO | [ncluster=235/235] AUC-ROC=94.61%  AUC-PR=90.55%  F1=0.8146  MCC=0.7189  Train=16.838s  Test=36.495s  Peak RAM Train=78.971 MB  Peak RAM Test=377.522 MB
2026-06-01 12:12:26 | INFO | [ncluster=238/238] AUC-ROC=94.79%  AUC-PR=91.03%  F1=0.8235  MCC=0.7279  Train=13.529s  Test=29.712s  Peak RAM Train=78.973 MB  Peak RAM Test=381.962 MB
2026-06-01 12:12:26 | INFO | [ncluster=241/241] AUC-ROC=94.82%  AUC-PR=90.91%  F1=0.8255  MCC=0.7308  Train=12.568s  Test=30.812s  Peak RAM Train=78.972 MB  Peak RAM Test=386.402 MB
2026-06-01 12:12:26 | INFO | [ncluster=244/244] AUC-ROC=94.89%  AUC-PR=91.25%  F1=0.8147  MCC=0.7178  Train=17.801s  Test=31.743s  Peak RAM Train=78.967 MB  Peak RAM Test=390.842 MB
2026-06-01 12:12:26 | INFO | [ncluster=247/247] AUC-ROC=94.17%  AUC-PR=89.47%  F1=0.8138  MCC=0.7162  Train=12.602s  Test=31.686s  Peak RAM Train=78.97 MB  Peak RAM Test=395.282 MB
2026-06-01 12:12:26 | INFO | [ncluster=250/250] AUC-ROC=94.36%  AUC-PR=90.34%  F1=0.8109  MCC=0.7114  Train=14.639s  Test=28.410s  Peak RAM Train=78.978 MB  Peak RAM Test=399.722 MB
2026-06-01 12:12:26 | INFO | [ncluster=253/253] AUC-ROC=94.76%  AUC-PR=90.97%  F1=0.8199  MCC=0.7262  Train=11.113s  Test=27.823s  Peak RAM Train=78.974 MB  Peak RAM Test=404.162 MB
2026-06-01 12:12:27 | INFO | [ncluster=256/256] AUC-ROC=95.05%  AUC-PR=91.58%  F1=0.8128  MCC=0.7143  Train=11.888s  Test=29.693s  Peak RAM Train=78.977 MB  Peak RAM Test=408.602 MB
2026-06-01 12:12:27 | INFO | [ncluster=259/259] AUC-ROC=95.20%  AUC-PR=91.79%  F1=0.8218  MCC=0.7276  Train=8.032s  Test=25.022s  Peak RAM Train=78.983 MB  Peak RAM Test=413.042 MB
2026-06-01 12:12:27 | INFO | [ncluster=262/262] AUC-ROC=94.50%  AUC-PR=90.20%  F1=0.8152  MCC=0.7181  Train=15.941s  Test=34.569s  Peak RAM Train=78.982 MB  Peak RAM Test=417.482 MB
2026-06-01 12:12:27 | INFO | [ncluster=265/265] AUC-ROC=94.90%  AUC-PR=91.01%  F1=0.8204  MCC=0.7237  Train=12.810s  Test=29.981s  Peak RAM Train=78.981 MB  Peak RAM Test=421.922 MB
2026-06-01 12:12:27 | INFO | [ncluster=268/268] AUC-ROC=94.18%  AUC-PR=89.71%  F1=0.8092  MCC=0.7091  Train=9.613s  Test=35.664s  Peak RAM Train=78.98 MB  Peak RAM Test=426.362 MB
2026-06-01 12:12:27 | INFO | [ncluster=271/271] AUC-ROC=94.30%  AUC-PR=89.90%  F1=0.8139  MCC=0.7160  Train=10.041s  Test=35.142s  Peak RAM Train=78.98 MB  Peak RAM Test=430.802 MB
2026-06-01 12:12:27 | INFO | [ncluster=274/274] AUC-ROC=94.55%  AUC-PR=90.12%  F1=0.8250  MCC=0.7312  Train=11.369s  Test=37.535s  Peak RAM Train=78.984 MB  Peak RAM Test=435.242 MB
2026-06-01 12:12:27 | INFO | [ncluster=277/277] AUC-ROC=95.16%  AUC-PR=91.73%  F1=0.8193  MCC=0.7238  Train=10.721s  Test=23.217s  Peak RAM Train=78.985 MB  Peak RAM Test=439.682 MB
2026-06-01 12:12:27 | INFO | [ncluster=280/280] AUC-ROC=95.34%  AUC-PR=92.10%  F1=0.8119  MCC=0.7134  Train=12.759s  Test=30.587s  Peak RAM Train=78.986 MB  Peak RAM Test=444.122 MB
2026-06-01 12:12:27 | INFO | [ncluster=283/283] AUC-ROC=95.24%  AUC-PR=91.78%  F1=0.8137  MCC=0.7168  Train=8.781s  Test=27.663s  Peak RAM Train=78.984 MB  Peak RAM Test=448.562 MB
2026-06-01 12:12:27 | INFO | [ncluster=286/286] AUC-ROC=94.68%  AUC-PR=90.78%  F1=0.8153  MCC=0.7202  Train=8.599s  Test=19.814s  Peak RAM Train=78.987 MB  Peak RAM Test=453.002 MB
2026-06-01 12:12:27 | INFO | [ncluster=289/289] AUC-ROC=94.71%  AUC-PR=90.60%  F1=0.8212  MCC=0.7264  Train=7.844s  Test=19.517s  Peak RAM Train=78.987 MB  Peak RAM Test=457.442 MB
2026-06-01 12:12:27 | INFO | [ncluster=292/292] AUC-ROC=95.53%  AUC-PR=92.33%  F1=0.8194  MCC=0.7258  Train=9.401s  Test=29.679s  Peak RAM Train=78.991 MB  Peak RAM Test=461.882 MB
2026-06-01 12:12:27 | INFO | [ncluster=295/295] AUC-ROC=95.08%  AUC-PR=91.45%  F1=0.8146  MCC=0.7200  Train=7.801s  Test=27.027s  Peak RAM Train=78.992 MB  Peak RAM Test=466.322 MB
2026-06-01 12:12:27 | INFO | [ncluster=298/298] AUC-ROC=94.75%  AUC-PR=90.98%  F1=0.8188  MCC=0.7234  Train=10.102s  Test=19.918s  Peak RAM Train=78.992 MB  Peak RAM Test=470.762 MB
2026-06-01 12:12:27 | INFO | --- noise=1% ---
2026-06-01 12:12:27 | INFO | ============================================================
2026-06-01 12:12:27 | INFO | Dataset  : Train_StandardScaler_data_IoTID20.csv
2026-06-01 12:12:27 | INFO | Scaler   : StandardScaler
2026-06-01 12:12:27 | INFO | Noise    : 1%
2026-06-01 12:12:27 | INFO | nClusters: 100 values (1..298)
2026-06-01 12:12:27 | INFO | K-Means  : Standard KMeans
2026-06-01 12:12:27 | INFO | ============================================================
2026-06-01 12:12:29 | INFO | Loaded Raw Shape -> Train: (30878, 92), Test: (22720, 92)
2026-06-01 12:12:29 | INFO | Training size : 31,186  |  Testing size: 22,412  |  Features: 91
2026-06-01 12:12:29 | INFO | Firing up Parallel execution for 100 cluster configs...
2026-06-01 12:22:33 | INFO | [ncluster=1/1] AUC-ROC=78.20%  AUC-PR=69.76%  F1=0.6353  MCC=0.4174  Train=11.467s  Test=0.520s  Peak RAM Train=79.664 MB  Peak RAM Test=29.116 MB
2026-06-01 12:22:33 | INFO | [ncluster=4/4] AUC-ROC=85.38%  AUC-PR=79.57%  F1=0.6862  MCC=0.5290  Train=13.268s  Test=0.935s  Peak RAM Train=79.67 MB  Peak RAM Test=28.382 MB
2026-06-01 12:22:33 | INFO | [ncluster=7/7] AUC-ROC=93.73%  AUC-PR=90.33%  F1=0.8188  MCC=0.7212  Train=12.646s  Test=2.251s  Peak RAM Train=79.672 MB  Peak RAM Test=28.396 MB
2026-06-01 12:22:33 | INFO | [ncluster=10/10] AUC-ROC=94.42%  AUC-PR=92.20%  F1=0.8211  MCC=0.7237  Train=12.834s  Test=1.603s  Peak RAM Train=79.673 MB  Peak RAM Test=28.66 MB
2026-06-01 12:22:33 | INFO | [ncluster=13/13] AUC-ROC=94.37%  AUC-PR=91.45%  F1=0.8252  MCC=0.7297  Train=16.453s  Test=2.100s  Peak RAM Train=79.675 MB  Peak RAM Test=29.452 MB
2026-06-01 12:22:33 | INFO | [ncluster=16/16] AUC-ROC=93.28%  AUC-PR=90.07%  F1=0.8109  MCC=0.7109  Train=17.347s  Test=4.021s  Peak RAM Train=79.675 MB  Peak RAM Test=33.892 MB
2026-06-01 12:22:33 | INFO | [ncluster=19/19] AUC-ROC=92.72%  AUC-PR=89.18%  F1=0.7868  MCC=0.6654  Train=15.158s  Test=4.380s  Peak RAM Train=79.675 MB  Peak RAM Test=38.332 MB
2026-06-01 12:22:33 | INFO | [ncluster=22/22] AUC-ROC=91.96%  AUC-PR=87.93%  F1=0.7777  MCC=0.6507  Train=11.489s  Test=3.458s  Peak RAM Train=79.677 MB  Peak RAM Test=42.772 MB
2026-06-01 12:22:33 | INFO | [ncluster=25/25] AUC-ROC=91.99%  AUC-PR=87.90%  F1=0.7812  MCC=0.6567  Train=15.835s  Test=4.666s  Peak RAM Train=79.677 MB  Peak RAM Test=47.212 MB
2026-06-01 12:22:33 | INFO | [ncluster=28/28] AUC-ROC=92.61%  AUC-PR=89.40%  F1=0.7886  MCC=0.6708  Train=9.615s  Test=4.208s  Peak RAM Train=79.68 MB  Peak RAM Test=51.652 MB
2026-06-01 12:22:33 | INFO | [ncluster=31/31] AUC-ROC=92.54%  AUC-PR=88.71%  F1=0.7986  MCC=0.6937  Train=14.053s  Test=2.968s  Peak RAM Train=79.677 MB  Peak RAM Test=56.092 MB
2026-06-01 12:22:33 | INFO | [ncluster=34/34] AUC-ROC=91.49%  AUC-PR=87.47%  F1=0.7692  MCC=0.6415  Train=17.528s  Test=5.102s  Peak RAM Train=79.68 MB  Peak RAM Test=60.532 MB
2026-06-01 12:22:33 | INFO | [ncluster=37/37] AUC-ROC=93.22%  AUC-PR=90.76%  F1=0.8177  MCC=0.7212  Train=14.313s  Test=4.832s  Peak RAM Train=79.683 MB  Peak RAM Test=64.972 MB
2026-06-01 12:22:33 | INFO | [ncluster=40/40] AUC-ROC=92.84%  AUC-PR=90.20%  F1=0.7916  MCC=0.6736  Train=14.210s  Test=3.233s  Peak RAM Train=79.678 MB  Peak RAM Test=69.412 MB
2026-06-01 12:22:33 | INFO | [ncluster=43/43] AUC-ROC=92.83%  AUC-PR=90.66%  F1=0.8159  MCC=0.7516  Train=13.369s  Test=8.302s  Peak RAM Train=79.686 MB  Peak RAM Test=73.852 MB
2026-06-01 12:22:33 | INFO | [ncluster=46/46] AUC-ROC=92.15%  AUC-PR=90.13%  F1=0.8182  MCC=0.7479  Train=13.600s  Test=6.006s  Peak RAM Train=79.685 MB  Peak RAM Test=78.292 MB
2026-06-01 12:22:33 | INFO | [ncluster=49/49] AUC-ROC=91.42%  AUC-PR=88.28%  F1=0.7693  MCC=0.6843  Train=14.447s  Test=8.634s  Peak RAM Train=79.691 MB  Peak RAM Test=82.732 MB
2026-06-01 12:22:33 | INFO | [ncluster=52/52] AUC-ROC=92.07%  AUC-PR=89.12%  F1=0.7758  MCC=0.6498  Train=13.496s  Test=9.736s  Peak RAM Train=79.689 MB  Peak RAM Test=87.172 MB
2026-06-01 12:22:33 | INFO | [ncluster=55/55] AUC-ROC=92.26%  AUC-PR=89.39%  F1=0.7710  MCC=0.6396  Train=13.702s  Test=7.746s  Peak RAM Train=79.689 MB  Peak RAM Test=91.612 MB
2026-06-01 12:22:33 | INFO | [ncluster=58/58] AUC-ROC=92.10%  AUC-PR=89.04%  F1=0.7766  MCC=0.6489  Train=12.566s  Test=6.980s  Peak RAM Train=79.691 MB  Peak RAM Test=96.052 MB
2026-06-01 12:22:33 | INFO | [ncluster=61/61] AUC-ROC=92.56%  AUC-PR=90.32%  F1=0.8022  MCC=0.7037  Train=11.358s  Test=6.614s  Peak RAM Train=79.693 MB  Peak RAM Test=100.492 MB
2026-06-01 12:22:33 | INFO | [ncluster=64/64] AUC-ROC=91.27%  AUC-PR=87.66%  F1=0.7738  MCC=0.6477  Train=15.409s  Test=10.185s  Peak RAM Train=79.692 MB  Peak RAM Test=104.932 MB
2026-06-01 12:22:33 | INFO | [ncluster=67/67] AUC-ROC=92.11%  AUC-PR=89.56%  F1=0.7856  MCC=0.6851  Train=11.668s  Test=9.707s  Peak RAM Train=79.691 MB  Peak RAM Test=109.372 MB
2026-06-01 12:22:33 | INFO | [ncluster=70/70] AUC-ROC=91.93%  AUC-PR=88.84%  F1=0.7853  MCC=0.6682  Train=16.369s  Test=13.083s  Peak RAM Train=79.695 MB  Peak RAM Test=113.812 MB
2026-06-01 12:22:33 | INFO | [ncluster=73/73] AUC-ROC=92.22%  AUC-PR=89.37%  F1=0.7938  MCC=0.6861  Train=16.071s  Test=10.520s  Peak RAM Train=79.695 MB  Peak RAM Test=118.252 MB
2026-06-01 12:22:33 | INFO | [ncluster=76/76] AUC-ROC=91.36%  AUC-PR=87.74%  F1=0.7704  MCC=0.6509  Train=18.194s  Test=14.382s  Peak RAM Train=79.698 MB  Peak RAM Test=122.692 MB
2026-06-01 12:22:33 | INFO | [ncluster=79/79] AUC-ROC=92.07%  AUC-PR=88.67%  F1=0.7775  MCC=0.6527  Train=13.423s  Test=11.063s  Peak RAM Train=79.696 MB  Peak RAM Test=127.132 MB
2026-06-01 12:22:33 | INFO | [ncluster=82/82] AUC-ROC=91.25%  AUC-PR=88.06%  F1=0.7623  MCC=0.6359  Train=13.175s  Test=14.748s  Peak RAM Train=79.697 MB  Peak RAM Test=131.572 MB
2026-06-01 12:22:33 | INFO | [ncluster=85/85] AUC-ROC=91.08%  AUC-PR=87.93%  F1=0.7667  MCC=0.6449  Train=10.758s  Test=11.757s  Peak RAM Train=79.696 MB  Peak RAM Test=136.012 MB
2026-06-01 12:22:33 | INFO | [ncluster=88/88] AUC-ROC=91.59%  AUC-PR=88.05%  F1=0.7738  MCC=0.6601  Train=13.820s  Test=11.376s  Peak RAM Train=79.703 MB  Peak RAM Test=140.452 MB
2026-06-01 12:22:33 | INFO | [ncluster=91/91] AUC-ROC=90.72%  AUC-PR=86.14%  F1=0.7652  MCC=0.6432  Train=10.465s  Test=15.854s  Peak RAM Train=79.701 MB  Peak RAM Test=144.892 MB
2026-06-01 12:22:33 | INFO | [ncluster=94/94] AUC-ROC=90.70%  AUC-PR=86.58%  F1=0.7707  MCC=0.6424  Train=12.822s  Test=15.678s  Peak RAM Train=79.705 MB  Peak RAM Test=149.332 MB
2026-06-01 12:22:33 | INFO | [ncluster=97/97] AUC-ROC=90.52%  AUC-PR=86.15%  F1=0.7638  MCC=0.6313  Train=10.274s  Test=19.381s  Peak RAM Train=79.707 MB  Peak RAM Test=153.772 MB
2026-06-01 12:22:33 | INFO | [ncluster=100/100] AUC-ROC=90.72%  AUC-PR=86.68%  F1=0.7664  MCC=0.6341  Train=13.265s  Test=9.859s  Peak RAM Train=79.707 MB  Peak RAM Test=158.212 MB
2026-06-01 12:22:33 | INFO | [ncluster=103/103] AUC-ROC=91.71%  AUC-PR=88.13%  F1=0.7851  MCC=0.6661  Train=9.592s  Test=14.241s  Peak RAM Train=79.707 MB  Peak RAM Test=162.652 MB
2026-06-01 12:22:33 | INFO | [ncluster=106/106] AUC-ROC=90.99%  AUC-PR=87.52%  F1=0.7715  MCC=0.6542  Train=11.750s  Test=15.608s  Peak RAM Train=79.709 MB  Peak RAM Test=167.092 MB
2026-06-01 12:22:33 | INFO | [ncluster=109/109] AUC-ROC=90.24%  AUC-PR=86.37%  F1=0.7581  MCC=0.6269  Train=11.726s  Test=17.567s  Peak RAM Train=79.711 MB  Peak RAM Test=171.532 MB
2026-06-01 12:22:33 | INFO | [ncluster=112/112] AUC-ROC=92.02%  AUC-PR=87.79%  F1=0.7986  MCC=0.6913  Train=10.983s  Test=11.965s  Peak RAM Train=79.711 MB  Peak RAM Test=175.972 MB
2026-06-01 12:22:33 | INFO | [ncluster=115/115] AUC-ROC=90.52%  AUC-PR=85.80%  F1=0.7678  MCC=0.6365  Train=9.239s  Test=15.048s  Peak RAM Train=79.713 MB  Peak RAM Test=180.412 MB
2026-06-01 12:22:33 | INFO | [ncluster=118/118] AUC-ROC=90.76%  AUC-PR=86.44%  F1=0.7680  MCC=0.6382  Train=12.183s  Test=17.429s  Peak RAM Train=79.712 MB  Peak RAM Test=184.852 MB
2026-06-01 12:22:33 | INFO | [ncluster=121/121] AUC-ROC=90.77%  AUC-PR=86.98%  F1=0.7527  MCC=0.6131  Train=13.850s  Test=17.272s  Peak RAM Train=79.712 MB  Peak RAM Test=189.292 MB
2026-06-01 12:22:33 | INFO | [ncluster=124/124] AUC-ROC=90.04%  AUC-PR=85.46%  F1=0.7471  MCC=0.6082  Train=9.914s  Test=16.336s  Peak RAM Train=79.715 MB  Peak RAM Test=193.732 MB
2026-06-01 12:22:33 | INFO | [ncluster=127/127] AUC-ROC=90.83%  AUC-PR=86.98%  F1=0.7659  MCC=0.6376  Train=14.664s  Test=19.384s  Peak RAM Train=79.715 MB  Peak RAM Test=198.172 MB
2026-06-01 12:22:33 | INFO | [ncluster=130/130] AUC-ROC=90.11%  AUC-PR=85.65%  F1=0.7406  MCC=0.5889  Train=10.824s  Test=15.016s  Peak RAM Train=79.714 MB  Peak RAM Test=202.612 MB
2026-06-01 12:22:33 | INFO | [ncluster=133/133] AUC-ROC=90.77%  AUC-PR=86.52%  F1=0.7611  MCC=0.6281  Train=13.071s  Test=22.741s  Peak RAM Train=79.712 MB  Peak RAM Test=207.052 MB
2026-06-01 12:22:33 | INFO | [ncluster=136/136] AUC-ROC=91.54%  AUC-PR=87.17%  F1=0.7829  MCC=0.6642  Train=11.126s  Test=11.995s  Peak RAM Train=79.721 MB  Peak RAM Test=211.492 MB
2026-06-01 12:22:33 | INFO | [ncluster=139/139] AUC-ROC=90.36%  AUC-PR=86.02%  F1=0.7513  MCC=0.6112  Train=10.829s  Test=18.130s  Peak RAM Train=79.718 MB  Peak RAM Test=215.932 MB
2026-06-01 12:22:33 | INFO | [ncluster=142/142] AUC-ROC=91.85%  AUC-PR=88.53%  F1=0.7793  MCC=0.6617  Train=12.962s  Test=16.399s  Peak RAM Train=79.721 MB  Peak RAM Test=220.372 MB
2026-06-01 12:22:33 | INFO | [ncluster=145/145] AUC-ROC=91.35%  AUC-PR=87.88%  F1=0.7739  MCC=0.6506  Train=11.689s  Test=26.677s  Peak RAM Train=79.723 MB  Peak RAM Test=224.812 MB
2026-06-01 12:22:33 | INFO | [ncluster=148/148] AUC-ROC=91.23%  AUC-PR=87.55%  F1=0.7618  MCC=0.6261  Train=13.174s  Test=22.609s  Peak RAM Train=79.726 MB  Peak RAM Test=229.252 MB
2026-06-01 12:22:33 | INFO | [ncluster=151/151] AUC-ROC=68.09%  AUC-PR=44.80%  F1=0.5958  MCC=0.3209  Train=7.527s  Test=11.906s  Peak RAM Train=79.725 MB  Peak RAM Test=233.692 MB
2026-06-01 12:22:33 | INFO | [ncluster=154/154] AUC-ROC=91.24%  AUC-PR=87.83%  F1=0.7742  MCC=0.6514  Train=13.257s  Test=16.096s  Peak RAM Train=79.727 MB  Peak RAM Test=238.132 MB
2026-06-01 12:22:33 | INFO | [ncluster=157/157] AUC-ROC=72.17%  AUC-PR=49.67%  F1=0.6215  MCC=0.3749  Train=11.404s  Test=22.962s  Peak RAM Train=79.727 MB  Peak RAM Test=242.572 MB
2026-06-01 12:22:33 | INFO | [ncluster=160/160] AUC-ROC=92.15%  AUC-PR=89.11%  F1=0.7988  MCC=0.6913  Train=12.468s  Test=18.601s  Peak RAM Train=79.729 MB  Peak RAM Test=247.012 MB
2026-06-01 12:22:33 | INFO | [ncluster=163/163] AUC-ROC=68.09%  AUC-PR=45.01%  F1=0.5963  MCC=0.3230  Train=11.398s  Test=16.705s  Peak RAM Train=79.731 MB  Peak RAM Test=251.452 MB
2026-06-01 12:22:33 | INFO | [ncluster=166/166] AUC-ROC=91.90%  AUC-PR=88.91%  F1=0.7901  MCC=0.6768  Train=10.579s  Test=17.798s  Peak RAM Train=79.726 MB  Peak RAM Test=255.892 MB
2026-06-01 12:22:33 | INFO | [ncluster=169/169] AUC-ROC=75.35%  AUC-PR=59.70%  F1=0.5778  MCC=0.3609  Train=9.475s  Test=15.366s  Peak RAM Train=79.729 MB  Peak RAM Test=260.332 MB
2026-06-01 12:22:33 | INFO | [ncluster=172/172] AUC-ROC=91.26%  AUC-PR=87.77%  F1=0.7807  MCC=0.6615  Train=10.800s  Test=18.047s  Peak RAM Train=79.734 MB  Peak RAM Test=264.772 MB
2026-06-01 12:22:33 | INFO | [ncluster=175/175] AUC-ROC=78.20%  AUC-PR=66.98%  F1=0.6124  MCC=0.4279  Train=9.188s  Test=20.934s  Peak RAM Train=79.73 MB  Peak RAM Test=269.212 MB
2026-06-01 12:22:33 | INFO | [ncluster=178/178] AUC-ROC=79.25%  AUC-PR=65.57%  F1=0.6362  MCC=0.4665  Train=10.034s  Test=16.148s  Peak RAM Train=79.733 MB  Peak RAM Test=273.652 MB
2026-06-01 12:22:33 | INFO | [ncluster=181/181] AUC-ROC=73.80%  AUC-PR=52.68%  F1=0.6471  MCC=0.4238  Train=11.502s  Test=19.085s  Peak RAM Train=79.736 MB  Peak RAM Test=278.092 MB
2026-06-01 12:22:34 | INFO | [ncluster=184/184] AUC-ROC=79.99%  AUC-PR=68.72%  F1=0.6500  MCC=0.4728  Train=11.039s  Test=17.458s  Peak RAM Train=79.733 MB  Peak RAM Test=282.532 MB
2026-06-01 12:22:34 | INFO | [ncluster=187/187] AUC-ROC=80.00%  AUC-PR=66.95%  F1=0.6346  MCC=0.4625  Train=8.127s  Test=19.873s  Peak RAM Train=79.739 MB  Peak RAM Test=286.972 MB
2026-06-01 12:22:34 | INFO | [ncluster=190/190] AUC-ROC=69.23%  AUC-PR=46.03%  F1=0.6056  MCC=0.3420  Train=10.351s  Test=17.157s  Peak RAM Train=79.741 MB  Peak RAM Test=291.412 MB
2026-06-01 12:22:34 | INFO | [ncluster=193/193] AUC-ROC=73.74%  AUC-PR=54.86%  F1=0.6227  MCC=0.3761  Train=8.518s  Test=18.252s  Peak RAM Train=79.741 MB  Peak RAM Test=295.852 MB
2026-06-01 12:22:34 | INFO | [ncluster=196/196] AUC-ROC=61.83%  AUC-PR=37.05%  F1=0.6169  MCC=0.3636  Train=7.741s  Test=12.849s  Peak RAM Train=79.744 MB  Peak RAM Test=300.292 MB
2026-06-01 12:22:34 | INFO | [ncluster=199/199] AUC-ROC=73.80%  AUC-PR=57.04%  F1=0.6076  MCC=0.3449  Train=6.855s  Test=15.705s  Peak RAM Train=79.744 MB  Peak RAM Test=304.732 MB
2026-06-01 12:22:34 | INFO | [ncluster=202/202] AUC-ROC=81.19%  AUC-PR=70.78%  F1=0.6685  MCC=0.5125  Train=7.259s  Test=13.069s  Peak RAM Train=79.746 MB  Peak RAM Test=309.172 MB
2026-06-01 12:22:34 | INFO | [ncluster=205/205] AUC-ROC=63.04%  AUC-PR=37.76%  F1=0.6173  MCC=0.3655  Train=12.744s  Test=21.320s  Peak RAM Train=79.743 MB  Peak RAM Test=313.612 MB
2026-06-01 12:22:34 | INFO | [ncluster=208/208] AUC-ROC=78.66%  AUC-PR=66.35%  F1=0.6317  MCC=0.4610  Train=10.810s  Test=35.306s  Peak RAM Train=79.746 MB  Peak RAM Test=318.052 MB
2026-06-01 12:22:34 | INFO | [ncluster=211/211] AUC-ROC=60.52%  AUC-PR=36.39%  F1=0.5938  MCC=0.3159  Train=9.058s  Test=28.397s  Peak RAM Train=79.75 MB  Peak RAM Test=322.492 MB
2026-06-01 12:22:34 | INFO | [ncluster=214/214] AUC-ROC=78.07%  AUC-PR=65.76%  F1=0.6169  MCC=0.4311  Train=14.846s  Test=16.985s  Peak RAM Train=79.75 MB  Peak RAM Test=326.932 MB
2026-06-01 12:22:34 | INFO | [ncluster=217/217] AUC-ROC=74.96%  AUC-PR=59.66%  F1=0.6260  MCC=0.3842  Train=9.363s  Test=25.943s  Peak RAM Train=79.747 MB  Peak RAM Test=331.372 MB
2026-06-01 12:22:34 | INFO | [ncluster=220/220] AUC-ROC=75.73%  AUC-PR=61.59%  F1=0.5910  MCC=0.4218  Train=10.570s  Test=35.761s  Peak RAM Train=79.75 MB  Peak RAM Test=335.812 MB
2026-06-01 12:22:34 | INFO | [ncluster=223/223] AUC-ROC=69.44%  AUC-PR=47.29%  F1=0.6020  MCC=0.3330  Train=10.307s  Test=34.468s  Peak RAM Train=79.753 MB  Peak RAM Test=340.252 MB
2026-06-01 12:22:34 | INFO | [ncluster=226/226] AUC-ROC=76.11%  AUC-PR=61.98%  F1=0.5896  MCC=0.3777  Train=6.578s  Test=34.327s  Peak RAM Train=79.751 MB  Peak RAM Test=344.692 MB
2026-06-01 12:22:34 | INFO | [ncluster=229/229] AUC-ROC=76.86%  AUC-PR=62.04%  F1=0.5854  MCC=0.4250  Train=10.619s  Test=23.247s  Peak RAM Train=79.749 MB  Peak RAM Test=349.132 MB
2026-06-01 12:22:34 | INFO | [ncluster=232/232] AUC-ROC=62.84%  AUC-PR=37.54%  F1=0.6174  MCC=0.3649  Train=11.731s  Test=31.165s  Peak RAM Train=79.754 MB  Peak RAM Test=353.572 MB
2026-06-01 12:22:34 | INFO | [ncluster=235/235] AUC-ROC=76.82%  AUC-PR=62.79%  F1=0.6013  MCC=0.3985  Train=10.234s  Test=18.260s  Peak RAM Train=79.756 MB  Peak RAM Test=358.012 MB
2026-06-01 12:22:34 | INFO | [ncluster=238/238] AUC-ROC=75.08%  AUC-PR=57.29%  F1=0.5726  MCC=0.3846  Train=11.633s  Test=29.326s  Peak RAM Train=79.751 MB  Peak RAM Test=362.452 MB
2026-06-01 12:22:34 | INFO | [ncluster=241/241] AUC-ROC=77.94%  AUC-PR=64.01%  F1=0.6296  MCC=0.4368  Train=9.347s  Test=35.876s  Peak RAM Train=79.754 MB  Peak RAM Test=366.892 MB
2026-06-01 12:22:34 | INFO | [ncluster=244/244] AUC-ROC=79.09%  AUC-PR=68.52%  F1=0.6281  MCC=0.4731  Train=11.209s  Test=23.984s  Peak RAM Train=79.758 MB  Peak RAM Test=371.332 MB
2026-06-01 12:22:34 | INFO | [ncluster=247/247] AUC-ROC=62.95%  AUC-PR=37.62%  F1=0.6271  MCC=0.3867  Train=11.416s  Test=30.639s  Peak RAM Train=79.762 MB  Peak RAM Test=375.772 MB
2026-06-01 12:22:34 | INFO | [ncluster=250/250] AUC-ROC=78.71%  AUC-PR=66.35%  F1=0.6131  MCC=0.4626  Train=15.468s  Test=29.090s  Peak RAM Train=79.761 MB  Peak RAM Test=380.212 MB
2026-06-01 12:22:34 | INFO | [ncluster=253/253] AUC-ROC=78.37%  AUC-PR=65.23%  F1=0.6114  MCC=0.4552  Train=9.139s  Test=35.021s  Peak RAM Train=79.762 MB  Peak RAM Test=384.652 MB
2026-06-01 12:22:34 | INFO | [ncluster=256/256] AUC-ROC=78.46%  AUC-PR=65.88%  F1=0.6118  MCC=0.4524  Train=11.219s  Test=23.310s  Peak RAM Train=79.763 MB  Peak RAM Test=389.092 MB
2026-06-01 12:22:34 | INFO | [ncluster=259/259] AUC-ROC=78.59%  AUC-PR=65.89%  F1=0.6166  MCC=0.4566  Train=9.847s  Test=21.169s  Peak RAM Train=79.764 MB  Peak RAM Test=393.532 MB
2026-06-01 12:22:34 | INFO | [ncluster=262/262] AUC-ROC=78.63%  AUC-PR=66.05%  F1=0.6173  MCC=0.4525  Train=9.645s  Test=29.003s  Peak RAM Train=79.764 MB  Peak RAM Test=397.972 MB
2026-06-01 12:22:34 | INFO | [ncluster=265/265] AUC-ROC=78.79%  AUC-PR=66.34%  F1=0.6175  MCC=0.4195  Train=11.391s  Test=23.074s  Peak RAM Train=79.764 MB  Peak RAM Test=402.412 MB
2026-06-01 12:22:34 | INFO | [ncluster=268/268] AUC-ROC=78.13%  AUC-PR=64.97%  F1=0.6113  MCC=0.4069  Train=11.010s  Test=27.631s  Peak RAM Train=79.769 MB  Peak RAM Test=406.852 MB
2026-06-01 12:22:34 | INFO | [ncluster=271/271] AUC-ROC=78.23%  AUC-PR=64.98%  F1=0.6138  MCC=0.4074  Train=8.275s  Test=23.794s  Peak RAM Train=79.768 MB  Peak RAM Test=411.292 MB
2026-06-01 12:22:34 | INFO | [ncluster=274/274] AUC-ROC=78.34%  AUC-PR=66.96%  F1=0.6175  MCC=0.4262  Train=8.326s  Test=25.084s  Peak RAM Train=79.767 MB  Peak RAM Test=415.732 MB
2026-06-01 12:22:34 | INFO | [ncluster=277/277] AUC-ROC=78.38%  AUC-PR=65.33%  F1=0.6151  MCC=0.4090  Train=5.907s  Test=22.155s  Peak RAM Train=79.773 MB  Peak RAM Test=420.172 MB
2026-06-01 12:22:34 | INFO | [ncluster=280/280] AUC-ROC=78.41%  AUC-PR=65.58%  F1=0.6151  MCC=0.4093  Train=7.265s  Test=22.630s  Peak RAM Train=79.772 MB  Peak RAM Test=424.612 MB
2026-06-01 12:22:34 | INFO | [ncluster=283/283] AUC-ROC=60.71%  AUC-PR=36.51%  F1=0.5958  MCC=0.3204  Train=10.470s  Test=29.571s  Peak RAM Train=79.772 MB  Peak RAM Test=429.052 MB
2026-06-01 12:22:34 | INFO | [ncluster=286/286] AUC-ROC=59.17%  AUC-PR=35.80%  F1=0.5881  MCC=0.3029  Train=7.448s  Test=29.507s  Peak RAM Train=79.775 MB  Peak RAM Test=433.492 MB
2026-06-01 12:22:34 | INFO | [ncluster=289/289] AUC-ROC=78.94%  AUC-PR=69.05%  F1=0.6243  MCC=0.4578  Train=8.982s  Test=23.180s  Peak RAM Train=79.776 MB  Peak RAM Test=437.932 MB
2026-06-01 12:22:34 | INFO | [ncluster=292/292] AUC-ROC=76.76%  AUC-PR=64.06%  F1=0.6063  MCC=0.4522  Train=9.878s  Test=25.488s  Peak RAM Train=79.779 MB  Peak RAM Test=442.372 MB
2026-06-01 12:22:34 | INFO | [ncluster=295/295] AUC-ROC=75.41%  AUC-PR=59.89%  F1=0.5905  MCC=0.4053  Train=9.433s  Test=20.699s  Peak RAM Train=79.779 MB  Peak RAM Test=446.812 MB
2026-06-01 12:22:34 | INFO | [ncluster=298/298] AUC-ROC=80.72%  AUC-PR=71.54%  F1=0.6454  MCC=0.4835  Train=4.183s  Test=19.555s  Peak RAM Train=79.783 MB  Peak RAM Test=451.252 MB
2026-06-01 12:22:34 | INFO | --- noise=3% ---
2026-06-01 12:22:34 | INFO | ============================================================
2026-06-01 12:22:34 | INFO | Dataset  : Train_StandardScaler_data_IoTID20.csv
2026-06-01 12:22:34 | INFO | Scaler   : StandardScaler
2026-06-01 12:22:34 | INFO | Noise    : 3%
2026-06-01 12:22:34 | INFO | nClusters: 100 values (1..298)
2026-06-01 12:22:34 | INFO | K-Means  : Standard KMeans
2026-06-01 12:22:34 | INFO | ============================================================
2026-06-01 12:22:37 | INFO | Loaded Raw Shape -> Train: (30878, 92), Test: (22720, 92)
2026-06-01 12:22:37 | INFO | Training size : 31,804  |  Testing size: 21,794  |  Features: 91
2026-06-01 12:22:37 | INFO | Firing up Parallel execution for 100 cluster configs...
2026-06-01 12:32:08 | INFO | [ncluster=1/1] AUC-ROC=75.70%  AUC-PR=67.80%  F1=0.6411  MCC=0.4153  Train=14.361s  Test=0.359s  Peak RAM Train=81.241 MB  Peak RAM Test=29.699 MB
2026-06-01 12:32:08 | INFO | [ncluster=4/4] AUC-ROC=84.14%  AUC-PR=79.85%  F1=0.6814  MCC=0.5422  Train=14.538s  Test=0.889s  Peak RAM Train=81.246 MB  Peak RAM Test=28.703 MB
2026-06-01 12:32:08 | INFO | [ncluster=7/7] AUC-ROC=89.93%  AUC-PR=83.46%  F1=0.7717  MCC=0.6383  Train=8.458s  Test=0.684s  Peak RAM Train=81.248 MB  Peak RAM Test=27.198 MB
2026-06-01 12:32:08 | INFO | [ncluster=10/10] AUC-ROC=90.40%  AUC-PR=85.05%  F1=0.7758  MCC=0.6548  Train=12.548s  Test=0.906s  Peak RAM Train=81.253 MB  Peak RAM Test=27.22 MB
2026-06-01 12:32:08 | INFO | [ncluster=13/13] AUC-ROC=88.61%  AUC-PR=81.49%  F1=0.7522  MCC=0.6144  Train=15.539s  Test=2.744s  Peak RAM Train=81.255 MB  Peak RAM Test=29.452 MB
2026-06-01 12:32:08 | INFO | [ncluster=16/16] AUC-ROC=65.92%  AUC-PR=46.94%  F1=0.6063  MCC=0.3253  Train=14.966s  Test=3.674s  Peak RAM Train=81.249 MB  Peak RAM Test=33.892 MB
2026-06-01 12:32:08 | INFO | [ncluster=19/19] AUC-ROC=67.02%  AUC-PR=47.84%  F1=0.6055  MCC=0.3242  Train=11.880s  Test=2.544s  Peak RAM Train=81.254 MB  Peak RAM Test=38.332 MB
2026-06-01 12:32:08 | INFO | [ncluster=22/22] AUC-ROC=67.90%  AUC-PR=49.50%  F1=0.5972  MCC=0.3121  Train=16.676s  Test=3.848s  Peak RAM Train=81.256 MB  Peak RAM Test=42.772 MB
2026-06-01 12:32:08 | INFO | [ncluster=25/25] AUC-ROC=66.78%  AUC-PR=50.78%  F1=0.5919  MCC=0.2957  Train=17.163s  Test=4.447s  Peak RAM Train=81.257 MB  Peak RAM Test=47.212 MB
2026-06-01 12:32:08 | INFO | [ncluster=28/28] AUC-ROC=68.09%  AUC-PR=47.43%  F1=0.6036  MCC=0.3224  Train=12.253s  Test=3.145s  Peak RAM Train=81.255 MB  Peak RAM Test=51.652 MB
2026-06-01 12:32:08 | INFO | [ncluster=31/31] AUC-ROC=68.43%  AUC-PR=55.09%  F1=0.5840  MCC=0.2785  Train=12.631s  Test=4.299s  Peak RAM Train=81.257 MB  Peak RAM Test=56.092 MB
2026-06-01 12:32:08 | INFO | [ncluster=34/34] AUC-ROC=68.55%  AUC-PR=48.06%  F1=0.5968  MCC=0.3111  Train=12.324s  Test=4.811s  Peak RAM Train=81.259 MB  Peak RAM Test=60.532 MB
2026-06-01 12:32:08 | INFO | [ncluster=37/37] AUC-ROC=69.78%  AUC-PR=48.83%  F1=0.5987  MCC=0.3156  Train=9.557s  Test=6.408s  Peak RAM Train=81.262 MB  Peak RAM Test=64.972 MB
2026-06-01 12:32:08 | INFO | [ncluster=40/40] AUC-ROC=72.64%  AUC-PR=61.86%  F1=0.5538  MCC=0.3405  Train=12.016s  Test=5.599s  Peak RAM Train=81.26 MB  Peak RAM Test=69.412 MB
2026-06-01 12:32:08 | INFO | [ncluster=43/43] AUC-ROC=70.66%  AUC-PR=50.71%  F1=0.5960  MCC=0.3095  Train=14.167s  Test=7.527s  Peak RAM Train=81.263 MB  Peak RAM Test=73.852 MB
2026-06-01 12:32:08 | INFO | [ncluster=46/46] AUC-ROC=70.88%  AUC-PR=52.05%  F1=0.5643  MCC=0.3439  Train=11.261s  Test=9.527s  Peak RAM Train=81.265 MB  Peak RAM Test=78.292 MB
2026-06-01 12:32:08 | INFO | [ncluster=49/49] AUC-ROC=73.01%  AUC-PR=55.50%  F1=0.5648  MCC=0.3600  Train=12.909s  Test=7.900s  Peak RAM Train=81.26 MB  Peak RAM Test=82.732 MB
2026-06-01 12:32:08 | INFO | [ncluster=52/52] AUC-ROC=73.22%  AUC-PR=55.07%  F1=0.5925  MCC=0.3846  Train=8.047s  Test=6.023s  Peak RAM Train=81.269 MB  Peak RAM Test=87.172 MB
2026-06-01 12:32:08 | INFO | [ncluster=55/55] AUC-ROC=70.10%  AUC-PR=49.81%  F1=0.5782  MCC=0.2894  Train=13.264s  Test=7.570s  Peak RAM Train=81.268 MB  Peak RAM Test=91.612 MB
2026-06-01 12:32:08 | INFO | [ncluster=58/58] AUC-ROC=70.20%  AUC-PR=50.78%  F1=0.5859  MCC=0.2913  Train=15.252s  Test=8.991s  Peak RAM Train=81.264 MB  Peak RAM Test=96.052 MB
2026-06-01 12:32:08 | INFO | [ncluster=61/61] AUC-ROC=59.50%  AUC-PR=37.22%  F1=0.5956  MCC=0.3065  Train=11.059s  Test=11.007s  Peak RAM Train=81.27 MB  Peak RAM Test=100.492 MB
2026-06-01 12:32:08 | INFO | [ncluster=64/64] AUC-ROC=72.96%  AUC-PR=54.92%  F1=0.6006  MCC=0.3725  Train=13.225s  Test=9.180s  Peak RAM Train=81.268 MB  Peak RAM Test=104.932 MB
2026-06-01 12:32:08 | INFO | [ncluster=67/67] AUC-ROC=73.05%  AUC-PR=56.48%  F1=0.5781  MCC=0.3826  Train=9.297s  Test=10.576s  Peak RAM Train=81.271 MB  Peak RAM Test=109.372 MB
2026-06-01 12:32:08 | INFO | [ncluster=70/70] AUC-ROC=73.14%  AUC-PR=55.32%  F1=0.6148  MCC=0.4215  Train=17.793s  Test=18.995s  Peak RAM Train=81.273 MB  Peak RAM Test=113.812 MB
2026-06-01 12:32:08 | INFO | [ncluster=73/73] AUC-ROC=72.59%  AUC-PR=54.25%  F1=0.6018  MCC=0.3942  Train=15.271s  Test=12.720s  Peak RAM Train=81.274 MB  Peak RAM Test=118.252 MB
2026-06-01 12:32:08 | INFO | [ncluster=76/76] AUC-ROC=72.72%  AUC-PR=55.46%  F1=0.6010  MCC=0.4164  Train=14.068s  Test=9.719s  Peak RAM Train=81.271 MB  Peak RAM Test=122.692 MB
2026-06-01 12:32:08 | INFO | [ncluster=79/79] AUC-ROC=71.61%  AUC-PR=54.02%  F1=0.5780  MCC=0.3527  Train=13.671s  Test=8.837s  Peak RAM Train=81.275 MB  Peak RAM Test=127.132 MB
2026-06-01 12:32:08 | INFO | [ncluster=82/82] AUC-ROC=65.90%  AUC-PR=44.53%  F1=0.5719  MCC=0.2638  Train=13.830s  Test=15.412s  Peak RAM Train=81.277 MB  Peak RAM Test=131.572 MB
2026-06-01 12:32:08 | INFO | [ncluster=85/85] AUC-ROC=63.36%  AUC-PR=40.24%  F1=0.5897  MCC=0.3091  Train=14.878s  Test=13.795s  Peak RAM Train=81.279 MB  Peak RAM Test=136.012 MB
2026-06-01 12:32:08 | INFO | [ncluster=88/88] AUC-ROC=70.83%  AUC-PR=52.17%  F1=0.5553  MCC=0.3495  Train=18.150s  Test=20.368s  Peak RAM Train=81.277 MB  Peak RAM Test=140.452 MB
2026-06-01 12:32:08 | INFO | [ncluster=91/91] AUC-ROC=68.72%  AUC-PR=47.69%  F1=0.5845  MCC=0.2921  Train=13.944s  Test=13.633s  Peak RAM Train=81.281 MB  Peak RAM Test=144.892 MB
2026-06-01 12:32:08 | INFO | [ncluster=94/94] AUC-ROC=64.78%  AUC-PR=41.64%  F1=0.5976  MCC=0.3141  Train=18.067s  Test=20.518s  Peak RAM Train=81.281 MB  Peak RAM Test=149.332 MB
2026-06-01 12:32:08 | INFO | [ncluster=97/97] AUC-ROC=71.53%  AUC-PR=52.75%  F1=0.5819  MCC=0.3755  Train=16.223s  Test=18.223s  Peak RAM Train=81.284 MB  Peak RAM Test=153.772 MB
2026-06-01 12:32:08 | INFO | [ncluster=100/100] AUC-ROC=64.69%  AUC-PR=41.35%  F1=0.5994  MCC=0.3120  Train=15.874s  Test=21.302s  Peak RAM Train=81.287 MB  Peak RAM Test=158.212 MB
2026-06-01 12:32:08 | INFO | [ncluster=103/103] AUC-ROC=72.31%  AUC-PR=55.68%  F1=0.5858  MCC=0.3752  Train=18.628s  Test=21.859s  Peak RAM Train=81.285 MB  Peak RAM Test=162.652 MB
2026-06-01 12:32:08 | INFO | [ncluster=106/106] AUC-ROC=74.42%  AUC-PR=59.50%  F1=0.6096  MCC=0.3828  Train=14.471s  Test=15.244s  Peak RAM Train=81.284 MB  Peak RAM Test=167.092 MB
2026-06-01 12:32:08 | INFO | [ncluster=109/109] AUC-ROC=68.56%  AUC-PR=50.01%  F1=0.5944  MCC=0.2989  Train=14.585s  Test=12.580s  Peak RAM Train=81.287 MB  Peak RAM Test=171.532 MB
2026-06-01 12:32:08 | INFO | [ncluster=112/112] AUC-ROC=65.39%  AUC-PR=41.69%  F1=0.6120  MCC=0.3387  Train=14.159s  Test=15.944s  Peak RAM Train=81.284 MB  Peak RAM Test=175.972 MB
2026-06-01 12:32:08 | INFO | [ncluster=115/115] AUC-ROC=75.22%  AUC-PR=60.08%  F1=0.6274  MCC=0.4199  Train=10.688s  Test=11.979s  Peak RAM Train=81.29 MB  Peak RAM Test=180.412 MB
2026-06-01 12:32:08 | INFO | [ncluster=118/118] AUC-ROC=69.62%  AUC-PR=50.53%  F1=0.5867  MCC=0.2894  Train=17.637s  Test=17.323s  Peak RAM Train=81.287 MB  Peak RAM Test=184.852 MB
2026-06-01 12:32:08 | INFO | [ncluster=121/121] AUC-ROC=65.51%  AUC-PR=42.80%  F1=0.6077  MCC=0.3295  Train=18.548s  Test=20.818s  Peak RAM Train=81.291 MB  Peak RAM Test=189.292 MB
2026-06-01 12:32:08 | INFO | [ncluster=124/124] AUC-ROC=71.98%  AUC-PR=54.50%  F1=0.5643  MCC=0.3537  Train=11.931s  Test=21.164s  Peak RAM Train=81.292 MB  Peak RAM Test=193.732 MB
2026-06-01 12:32:08 | INFO | [ncluster=127/127] AUC-ROC=72.77%  AUC-PR=55.25%  F1=0.6071  MCC=0.3350  Train=11.734s  Test=16.930s  Peak RAM Train=81.293 MB  Peak RAM Test=198.172 MB
2026-06-01 12:32:08 | INFO | [ncluster=130/130] AUC-ROC=72.61%  AUC-PR=53.99%  F1=0.6058  MCC=0.3415  Train=12.797s  Test=15.895s  Peak RAM Train=81.293 MB  Peak RAM Test=202.612 MB
2026-06-01 12:32:08 | INFO | [ncluster=133/133] AUC-ROC=74.26%  AUC-PR=59.32%  F1=0.6052  MCC=0.3785  Train=9.798s  Test=21.158s  Peak RAM Train=81.296 MB  Peak RAM Test=207.052 MB
2026-06-01 12:32:08 | INFO | [ncluster=136/136] AUC-ROC=68.70%  AUC-PR=48.86%  F1=0.6160  MCC=0.3468  Train=12.937s  Test=23.349s  Peak RAM Train=81.295 MB  Peak RAM Test=211.492 MB
2026-06-01 12:32:08 | INFO | [ncluster=139/139] AUC-ROC=71.81%  AUC-PR=54.46%  F1=0.5549  MCC=0.3379  Train=14.825s  Test=20.738s  Peak RAM Train=81.3 MB  Peak RAM Test=215.932 MB
2026-06-01 12:32:08 | INFO | [ncluster=142/142] AUC-ROC=66.19%  AUC-PR=44.03%  F1=0.6037  MCC=0.3209  Train=19.072s  Test=25.061s  Peak RAM Train=81.297 MB  Peak RAM Test=220.372 MB
2026-06-01 12:32:08 | INFO | [ncluster=145/145] AUC-ROC=62.73%  AUC-PR=39.51%  F1=0.5749  MCC=0.2911  Train=12.535s  Test=24.306s  Peak RAM Train=81.3 MB  Peak RAM Test=224.812 MB
2026-06-01 12:32:08 | INFO | [ncluster=148/148] AUC-ROC=66.30%  AUC-PR=44.66%  F1=0.5921  MCC=0.2997  Train=15.030s  Test=21.680s  Peak RAM Train=81.298 MB  Peak RAM Test=229.252 MB
2026-06-01 12:32:08 | INFO | [ncluster=151/151] AUC-ROC=64.88%  AUC-PR=40.82%  F1=0.6053  MCC=0.3255  Train=15.659s  Test=18.368s  Peak RAM Train=81.303 MB  Peak RAM Test=233.692 MB
2026-06-01 12:32:08 | INFO | [ncluster=154/154] AUC-ROC=59.70%  AUC-PR=37.03%  F1=0.6007  MCC=0.3148  Train=12.675s  Test=17.548s  Peak RAM Train=81.303 MB  Peak RAM Test=238.132 MB
2026-06-01 12:32:08 | INFO | [ncluster=157/157] AUC-ROC=59.66%  AUC-PR=37.00%  F1=0.5996  MCC=0.3124  Train=15.599s  Test=20.229s  Peak RAM Train=81.302 MB  Peak RAM Test=242.572 MB
2026-06-01 12:32:08 | INFO | [ncluster=160/160] AUC-ROC=59.52%  AUC-PR=36.95%  F1=0.5987  MCC=0.3116  Train=13.685s  Test=30.899s  Peak RAM Train=81.306 MB  Peak RAM Test=247.012 MB
2026-06-01 12:32:08 | INFO | [ncluster=163/163] AUC-ROC=65.59%  AUC-PR=42.58%  F1=0.6009  MCC=0.3176  Train=12.256s  Test=18.137s  Peak RAM Train=81.31 MB  Peak RAM Test=251.452 MB
2026-06-01 12:32:08 | INFO | [ncluster=166/166] AUC-ROC=59.21%  AUC-PR=36.79%  F1=0.5995  MCC=0.3134  Train=13.958s  Test=22.279s  Peak RAM Train=81.305 MB  Peak RAM Test=255.892 MB
2026-06-01 12:32:08 | INFO | [ncluster=169/169] AUC-ROC=59.20%  AUC-PR=36.77%  F1=0.5993  MCC=0.3130  Train=13.751s  Test=28.829s  Peak RAM Train=81.311 MB  Peak RAM Test=260.332 MB
2026-06-01 12:32:08 | INFO | [ncluster=172/172] AUC-ROC=64.25%  AUC-PR=41.60%  F1=0.6081  MCC=0.3317  Train=14.137s  Test=23.466s  Peak RAM Train=81.308 MB  Peak RAM Test=264.772 MB
2026-06-01 12:32:08 | INFO | [ncluster=175/175] AUC-ROC=59.43%  AUC-PR=36.90%  F1=0.6004  MCC=0.3146  Train=15.304s  Test=24.274s  Peak RAM Train=81.312 MB  Peak RAM Test=269.212 MB
2026-06-01 12:32:08 | INFO | [ncluster=178/178] AUC-ROC=59.52%  AUC-PR=36.94%  F1=0.6015  MCC=0.3163  Train=10.725s  Test=26.989s  Peak RAM Train=81.308 MB  Peak RAM Test=273.652 MB
2026-06-01 12:32:08 | INFO | [ncluster=181/181] AUC-ROC=59.72%  AUC-PR=37.04%  F1=0.6056  MCC=0.3247  Train=12.857s  Test=31.401s  Peak RAM Train=81.315 MB  Peak RAM Test=278.092 MB
2026-06-01 12:32:08 | INFO | [ncluster=184/184] AUC-ROC=59.76%  AUC-PR=37.04%  F1=0.6051  MCC=0.3237  Train=12.500s  Test=23.693s  Peak RAM Train=81.314 MB  Peak RAM Test=282.532 MB
2026-06-01 12:32:08 | INFO | [ncluster=187/187] AUC-ROC=59.93%  AUC-PR=37.11%  F1=0.6023  MCC=0.3179  Train=12.935s  Test=27.853s  Peak RAM Train=81.314 MB  Peak RAM Test=286.972 MB
2026-06-01 12:32:08 | INFO | [ncluster=190/190] AUC-ROC=57.54%  AUC-PR=35.91%  F1=0.5799  MCC=0.2680  Train=11.297s  Test=21.420s  Peak RAM Train=81.317 MB  Peak RAM Test=291.412 MB
2026-06-01 12:32:08 | INFO | [ncluster=193/193] AUC-ROC=59.98%  AUC-PR=37.13%  F1=0.6031  MCC=0.3195  Train=11.698s  Test=24.001s  Peak RAM Train=81.321 MB  Peak RAM Test=295.852 MB
2026-06-01 12:32:08 | INFO | [ncluster=196/196] AUC-ROC=63.23%  AUC-PR=40.19%  F1=0.5764  MCC=0.2639  Train=13.142s  Test=24.624s  Peak RAM Train=81.32 MB  Peak RAM Test=300.292 MB
2026-06-01 12:32:08 | INFO | [ncluster=199/199] AUC-ROC=58.67%  AUC-PR=36.53%  F1=0.5817  MCC=0.2708  Train=11.890s  Test=29.910s  Peak RAM Train=81.32 MB  Peak RAM Test=304.732 MB
2026-06-01 12:32:08 | INFO | [ncluster=202/202] AUC-ROC=58.11%  AUC-PR=36.31%  F1=0.5783  MCC=0.2702  Train=10.748s  Test=28.584s  Peak RAM Train=81.321 MB  Peak RAM Test=309.172 MB
2026-06-01 12:32:08 | INFO | [ncluster=205/205] AUC-ROC=58.56%  AUC-PR=36.42%  F1=0.5839  MCC=0.2794  Train=12.978s  Test=25.278s  Peak RAM Train=81.323 MB  Peak RAM Test=313.612 MB
2026-06-01 12:32:08 | INFO | [ncluster=208/208] AUC-ROC=58.34%  AUC-PR=36.25%  F1=0.5865  MCC=0.2807  Train=14.128s  Test=21.482s  Peak RAM Train=81.325 MB  Peak RAM Test=318.052 MB
2026-06-01 12:32:08 | INFO | [ncluster=211/211] AUC-ROC=58.29%  AUC-PR=36.21%  F1=0.5860  MCC=0.2797  Train=10.265s  Test=25.596s  Peak RAM Train=81.323 MB  Peak RAM Test=322.492 MB
2026-06-01 12:32:08 | INFO | [ncluster=214/214] AUC-ROC=58.27%  AUC-PR=36.25%  F1=0.5827  MCC=0.2758  Train=7.428s  Test=31.954s  Peak RAM Train=81.321 MB  Peak RAM Test=326.932 MB
2026-06-01 12:32:08 | INFO | [ncluster=217/217] AUC-ROC=63.33%  AUC-PR=40.45%  F1=0.5778  MCC=0.2638  Train=13.200s  Test=27.183s  Peak RAM Train=81.325 MB  Peak RAM Test=331.372 MB
2026-06-01 12:32:08 | INFO | [ncluster=220/220] AUC-ROC=64.49%  AUC-PR=41.85%  F1=0.5860  MCC=0.2788  Train=9.129s  Test=22.940s  Peak RAM Train=81.327 MB  Peak RAM Test=335.812 MB
2026-06-01 12:32:08 | INFO | [ncluster=223/223] AUC-ROC=64.11%  AUC-PR=40.80%  F1=0.5879  MCC=0.2898  Train=11.011s  Test=19.909s  Peak RAM Train=81.334 MB  Peak RAM Test=340.252 MB
2026-06-01 12:32:08 | INFO | [ncluster=226/226] AUC-ROC=58.95%  AUC-PR=36.66%  F1=0.5802  MCC=0.2678  Train=8.805s  Test=21.450s  Peak RAM Train=81.33 MB  Peak RAM Test=344.692 MB
2026-06-01 12:32:08 | INFO | [ncluster=229/229] AUC-ROC=58.18%  AUC-PR=36.26%  F1=0.5819  MCC=0.2735  Train=9.627s  Test=25.603s  Peak RAM Train=81.331 MB  Peak RAM Test=349.132 MB
2026-06-01 12:32:08 | INFO | [ncluster=232/232] AUC-ROC=58.96%  AUC-PR=36.63%  F1=0.5823  MCC=0.2729  Train=8.826s  Test=25.360s  Peak RAM Train=81.334 MB  Peak RAM Test=353.572 MB
2026-06-01 12:32:08 | INFO | [ncluster=235/235] AUC-ROC=58.23%  AUC-PR=36.32%  F1=0.5599  MCC=0.2508  Train=8.707s  Test=14.892s  Peak RAM Train=81.332 MB  Peak RAM Test=358.012 MB
2026-06-01 12:32:08 | INFO | [ncluster=238/238] AUC-ROC=64.36%  AUC-PR=41.44%  F1=0.5823  MCC=0.2717  Train=8.675s  Test=16.343s  Peak RAM Train=81.337 MB  Peak RAM Test=362.452 MB
2026-06-01 12:32:08 | INFO | [ncluster=241/241] AUC-ROC=58.70%  AUC-PR=36.44%  F1=0.5812  MCC=0.2720  Train=8.967s  Test=21.315s  Peak RAM Train=81.332 MB  Peak RAM Test=366.892 MB
2026-06-01 12:32:08 | INFO | [ncluster=244/244] AUC-ROC=59.27%  AUC-PR=36.85%  F1=0.5763  MCC=0.2611  Train=8.182s  Test=23.413s  Peak RAM Train=81.336 MB  Peak RAM Test=371.332 MB
2026-06-01 12:32:08 | INFO | [ncluster=247/247] AUC-ROC=58.90%  AUC-PR=36.53%  F1=0.5766  MCC=0.2635  Train=6.997s  Test=20.028s  Peak RAM Train=81.339 MB  Peak RAM Test=375.772 MB
2026-06-01 12:32:08 | INFO | [ncluster=250/250] AUC-ROC=58.36%  AUC-PR=36.30%  F1=0.5836  MCC=0.2767  Train=5.411s  Test=12.088s  Peak RAM Train=81.337 MB  Peak RAM Test=380.212 MB
2026-06-01 12:32:08 | INFO | [ncluster=253/253] AUC-ROC=58.63%  AUC-PR=36.36%  F1=0.5878  MCC=0.2837  Train=8.115s  Test=18.042s  Peak RAM Train=81.34 MB  Peak RAM Test=384.652 MB
2026-06-01 12:32:08 | INFO | [ncluster=256/256] AUC-ROC=59.07%  AUC-PR=36.73%  F1=0.5770  MCC=0.2648  Train=7.531s  Test=13.654s  Peak RAM Train=81.342 MB  Peak RAM Test=389.092 MB
2026-06-01 12:32:08 | INFO | [ncluster=259/259] AUC-ROC=58.54%  AUC-PR=36.31%  F1=0.5873  MCC=0.2822  Train=5.965s  Test=16.915s  Peak RAM Train=81.34 MB  Peak RAM Test=393.532 MB
2026-06-01 12:32:08 | INFO | [ncluster=262/262] AUC-ROC=57.56%  AUC-PR=35.67%  F1=0.5821  MCC=0.2719  Train=5.607s  Test=13.028s  Peak RAM Train=81.344 MB  Peak RAM Test=397.972 MB
2026-06-01 12:32:08 | INFO | [ncluster=265/265] AUC-ROC=58.21%  AUC-PR=36.18%  F1=0.5808  MCC=0.2709  Train=6.665s  Test=12.178s  Peak RAM Train=81.346 MB  Peak RAM Test=402.412 MB
2026-06-01 12:32:08 | INFO | [ncluster=268/268] AUC-ROC=57.29%  AUC-PR=35.73%  F1=0.5699  MCC=0.2470  Train=4.756s  Test=11.868s  Peak RAM Train=81.346 MB  Peak RAM Test=406.852 MB
2026-06-01 12:32:08 | INFO | [ncluster=271/271] AUC-ROC=63.61%  AUC-PR=40.59%  F1=0.5881  MCC=0.2890  Train=4.918s  Test=11.535s  Peak RAM Train=81.348 MB  Peak RAM Test=411.292 MB
2026-06-01 12:32:08 | INFO | [ncluster=274/274] AUC-ROC=57.38%  AUC-PR=35.80%  F1=0.5781  MCC=0.2627  Train=4.142s  Test=10.763s  Peak RAM Train=81.356 MB  Peak RAM Test=415.732 MB
2026-06-01 12:32:08 | INFO | [ncluster=277/277] AUC-ROC=63.91%  AUC-PR=41.37%  F1=0.5793  MCC=0.2686  Train=2.579s  Test=6.851s  Peak RAM Train=81.344 MB  Peak RAM Test=420.172 MB
2026-06-01 12:32:08 | INFO | [ncluster=280/280] AUC-ROC=58.62%  AUC-PR=36.47%  F1=0.5886  MCC=0.2880  Train=2.226s  Test=8.930s  Peak RAM Train=81.352 MB  Peak RAM Test=424.612 MB
2026-06-01 12:32:08 | INFO | [ncluster=283/283] AUC-ROC=58.21%  AUC-PR=36.41%  F1=0.5800  MCC=0.2684  Train=1.358s  Test=8.368s  Peak RAM Train=81.357 MB  Peak RAM Test=429.052 MB
2026-06-01 12:32:08 | INFO | [ncluster=286/286] AUC-ROC=57.92%  AUC-PR=36.01%  F1=0.5775  MCC=0.2617  Train=2.607s  Test=16.944s  Peak RAM Train=81.352 MB  Peak RAM Test=433.492 MB
2026-06-01 12:32:08 | INFO | [ncluster=289/289] AUC-ROC=59.70%  AUC-PR=37.07%  F1=0.5892  MCC=0.2897  Train=2.437s  Test=13.882s  Peak RAM Train=81.356 MB  Peak RAM Test=437.932 MB
2026-06-01 12:32:08 | INFO | [ncluster=292/292] AUC-ROC=57.62%  AUC-PR=35.92%  F1=0.5863  MCC=0.2818  Train=2.070s  Test=12.119s  Peak RAM Train=81.351 MB  Peak RAM Test=442.372 MB
2026-06-01 12:32:08 | INFO | [ncluster=295/295] AUC-ROC=58.70%  AUC-PR=36.47%  F1=0.5755  MCC=0.2610  Train=2.672s  Test=11.889s  Peak RAM Train=81.355 MB  Peak RAM Test=446.812 MB
2026-06-01 12:32:08 | INFO | [ncluster=298/298] AUC-ROC=58.39%  AUC-PR=36.37%  F1=0.5793  MCC=0.2696  Train=2.483s  Test=18.030s  Peak RAM Train=81.359 MB  Peak RAM Test=451.252 MB
2026-06-01 12:32:08 | INFO | --- noise=5% ---
2026-06-01 12:32:08 | INFO | ============================================================
2026-06-01 12:32:08 | INFO | Dataset  : Train_StandardScaler_data_IoTID20.csv
2026-06-01 12:32:08 | INFO | Scaler   : StandardScaler
2026-06-01 12:32:08 | INFO | Noise    : 5%
2026-06-01 12:32:08 | INFO | nClusters: 100 values (1..298)
2026-06-01 12:32:08 | INFO | K-Means  : Standard KMeans
2026-06-01 12:32:08 | INFO | ============================================================
2026-06-01 12:32:10 | INFO | Loaded Raw Shape -> Train: (30878, 92), Test: (22720, 92)
2026-06-01 12:32:10 | INFO | Training size : 32,421  |  Testing size: 21,177  |  Features: 91
2026-06-01 12:32:10 | INFO | Firing up Parallel execution for 100 cluster configs...
2026-06-01 12:43:39 | INFO | [ncluster=1/1] AUC-ROC=71.82%  AUC-PR=57.44%  F1=0.6427  MCC=0.4001  Train=11.565s  Test=0.271s  Peak RAM Train=82.818 MB  Peak RAM Test=29.999 MB
2026-06-01 12:43:39 | INFO | [ncluster=4/4] AUC-ROC=74.89%  AUC-PR=65.93%  F1=0.6291  MCC=0.3833  Train=10.622s  Test=0.746s  Peak RAM Train=82.819 MB  Peak RAM Test=28.707 MB
2026-06-01 12:43:39 | INFO | [ncluster=7/7] AUC-ROC=80.09%  AUC-PR=73.42%  F1=0.6360  MCC=0.4597  Train=12.505s  Test=1.454s  Peak RAM Train=82.825 MB  Peak RAM Test=27.675 MB
2026-06-01 12:43:39 | INFO | [ncluster=10/10] AUC-ROC=62.10%  AUC-PR=43.34%  F1=0.6033  MCC=0.3052  Train=12.703s  Test=1.617s  Peak RAM Train=82.83 MB  Peak RAM Test=26.642 MB
2026-06-01 12:43:39 | INFO | [ncluster=13/13] AUC-ROC=61.46%  AUC-PR=40.01%  F1=0.6025  MCC=0.2974  Train=14.717s  Test=2.499s  Peak RAM Train=82.826 MB  Peak RAM Test=30.18 MB
2026-06-01 12:43:39 | INFO | [ncluster=16/16] AUC-ROC=62.39%  AUC-PR=43.77%  F1=0.5981  MCC=0.2914  Train=11.672s  Test=2.795s  Peak RAM Train=82.828 MB  Peak RAM Test=34.62 MB
2026-06-01 12:43:39 | INFO | [ncluster=19/19] AUC-ROC=63.29%  AUC-PR=43.08%  F1=0.5908  MCC=0.2722  Train=15.990s  Test=3.342s  Peak RAM Train=82.829 MB  Peak RAM Test=39.06 MB
2026-06-01 12:43:39 | INFO | [ncluster=22/22] AUC-ROC=63.68%  AUC-PR=43.93%  F1=0.6049  MCC=0.3057  Train=14.500s  Test=4.027s  Peak RAM Train=82.829 MB  Peak RAM Test=43.5 MB
2026-06-01 12:43:39 | INFO | [ncluster=25/25] AUC-ROC=63.50%  AUC-PR=45.97%  F1=0.5997  MCC=0.2965  Train=17.042s  Test=5.498s  Peak RAM Train=82.828 MB  Peak RAM Test=47.94 MB
2026-06-01 12:43:39 | INFO | [ncluster=28/28] AUC-ROC=64.26%  AUC-PR=50.39%  F1=0.5866  MCC=0.2651  Train=12.597s  Test=4.601s  Peak RAM Train=82.831 MB  Peak RAM Test=52.38 MB
2026-06-01 12:43:39 | INFO | [ncluster=31/31] AUC-ROC=62.38%  AUC-PR=41.21%  F1=0.6052  MCC=0.3096  Train=13.556s  Test=4.137s  Peak RAM Train=82.835 MB  Peak RAM Test=56.82 MB
2026-06-01 12:43:39 | INFO | [ncluster=34/34] AUC-ROC=65.90%  AUC-PR=45.59%  F1=0.5949  MCC=0.2827  Train=12.752s  Test=4.989s  Peak RAM Train=82.842 MB  Peak RAM Test=61.26 MB
2026-06-01 12:43:39 | INFO | [ncluster=37/37] AUC-ROC=65.54%  AUC-PR=43.89%  F1=0.6176  MCC=0.3362  Train=14.255s  Test=7.175s  Peak RAM Train=82.833 MB  Peak RAM Test=65.7 MB
2026-06-01 12:43:39 | INFO | [ncluster=40/40] AUC-ROC=65.01%  AUC-PR=43.92%  F1=0.5905  MCC=0.2958  Train=14.477s  Test=6.564s  Peak RAM Train=82.843 MB  Peak RAM Test=70.14 MB
2026-06-01 12:43:39 | INFO | [ncluster=43/43] AUC-ROC=65.23%  AUC-PR=43.63%  F1=0.6168  MCC=0.3344  Train=12.418s  Test=7.927s  Peak RAM Train=82.836 MB  Peak RAM Test=74.58 MB
2026-06-01 12:43:39 | INFO | [ncluster=46/46] AUC-ROC=63.10%  AUC-PR=42.52%  F1=0.5867  MCC=0.2891  Train=15.274s  Test=8.526s  Peak RAM Train=82.839 MB  Peak RAM Test=79.02 MB
2026-06-01 12:43:39 | INFO | [ncluster=49/49] AUC-ROC=66.27%  AUC-PR=44.46%  F1=0.6040  MCC=0.3109  Train=10.720s  Test=5.816s  Peak RAM Train=82.846 MB  Peak RAM Test=83.46 MB
2026-06-01 12:43:39 | INFO | [ncluster=52/52] AUC-ROC=66.22%  AUC-PR=46.38%  F1=0.5882  MCC=0.2810  Train=11.246s  Test=6.903s  Peak RAM Train=82.846 MB  Peak RAM Test=87.9 MB
2026-06-01 12:43:39 | INFO | [ncluster=55/55] AUC-ROC=64.72%  AUC-PR=44.05%  F1=0.5895  MCC=0.2765  Train=18.972s  Test=15.613s  Peak RAM Train=82.843 MB  Peak RAM Test=92.34 MB
2026-06-01 12:43:39 | INFO | [ncluster=58/58] AUC-ROC=64.37%  AUC-PR=44.96%  F1=0.5877  MCC=0.2653  Train=16.824s  Test=10.718s  Peak RAM Train=82.854 MB  Peak RAM Test=96.78 MB
2026-06-01 12:43:39 | INFO | [ncluster=61/61] AUC-ROC=70.59%  AUC-PR=51.49%  F1=0.5524  MCC=0.3730  Train=17.767s  Test=11.875s  Peak RAM Train=82.85 MB  Peak RAM Test=101.22 MB
2026-06-01 12:43:39 | INFO | [ncluster=64/64] AUC-ROC=64.72%  AUC-PR=44.95%  F1=0.5838  MCC=0.2701  Train=15.320s  Test=9.525s  Peak RAM Train=82.855 MB  Peak RAM Test=105.66 MB
2026-06-01 12:43:39 | INFO | [ncluster=67/67] AUC-ROC=71.46%  AUC-PR=52.86%  F1=0.5567  MCC=0.3870  Train=16.693s  Test=12.767s  Peak RAM Train=82.854 MB  Peak RAM Test=110.1 MB
2026-06-01 12:43:39 | INFO | [ncluster=70/70] AUC-ROC=72.91%  AUC-PR=54.87%  F1=0.6121  MCC=0.4109  Train=13.287s  Test=13.732s  Peak RAM Train=82.849 MB  Peak RAM Test=114.54 MB
2026-06-01 12:43:39 | INFO | [ncluster=73/73] AUC-ROC=67.03%  AUC-PR=46.09%  F1=0.5966  MCC=0.2927  Train=17.226s  Test=12.728s  Peak RAM Train=82.849 MB  Peak RAM Test=118.98 MB
2026-06-01 12:43:39 | INFO | [ncluster=76/76] AUC-ROC=67.23%  AUC-PR=46.54%  F1=0.5898  MCC=0.2864  Train=12.902s  Test=15.144s  Peak RAM Train=82.851 MB  Peak RAM Test=123.42 MB
2026-06-01 12:43:39 | INFO | [ncluster=79/79] AUC-ROC=63.61%  AUC-PR=41.97%  F1=0.5971  MCC=0.2939  Train=15.853s  Test=13.059s  Peak RAM Train=82.857 MB  Peak RAM Test=127.86 MB
2026-06-01 12:43:39 | INFO | [ncluster=82/82] AUC-ROC=67.59%  AUC-PR=47.98%  F1=0.5944  MCC=0.2969  Train=16.983s  Test=16.849s  Peak RAM Train=82.856 MB  Peak RAM Test=132.3 MB
2026-06-01 12:43:39 | INFO | [ncluster=85/85] AUC-ROC=63.97%  AUC-PR=42.84%  F1=0.5929  MCC=0.2937  Train=11.063s  Test=14.922s  Peak RAM Train=82.86 MB  Peak RAM Test=136.74 MB
2026-06-01 12:43:39 | INFO | [ncluster=88/88] AUC-ROC=69.18%  AUC-PR=50.81%  F1=0.5419  MCC=0.3550  Train=14.110s  Test=11.926s  Peak RAM Train=82.857 MB  Peak RAM Test=141.18 MB
2026-06-01 12:43:39 | INFO | [ncluster=91/91] AUC-ROC=64.09%  AUC-PR=44.61%  F1=0.5731  MCC=0.2426  Train=16.458s  Test=9.820s  Peak RAM Train=82.858 MB  Peak RAM Test=145.62 MB
2026-06-01 12:43:39 | INFO | [ncluster=94/94] AUC-ROC=68.90%  AUC-PR=50.04%  F1=0.5477  MCC=0.3276  Train=11.469s  Test=16.938s  Peak RAM Train=82.862 MB  Peak RAM Test=150.06 MB
2026-06-01 12:43:39 | INFO | [ncluster=97/97] AUC-ROC=72.26%  AUC-PR=54.29%  F1=0.6098  MCC=0.4091  Train=13.618s  Test=13.509s  Peak RAM Train=82.863 MB  Peak RAM Test=154.5 MB
2026-06-01 12:43:39 | INFO | [ncluster=100/100] AUC-ROC=73.12%  AUC-PR=54.85%  F1=0.6131  MCC=0.4196  Train=15.347s  Test=13.304s  Peak RAM Train=82.864 MB  Peak RAM Test=158.94 MB
2026-06-01 12:43:39 | INFO | [ncluster=103/103] AUC-ROC=74.59%  AUC-PR=57.82%  F1=0.6361  MCC=0.4604  Train=15.599s  Test=20.474s  Peak RAM Train=82.867 MB  Peak RAM Test=163.38 MB
2026-06-01 12:43:39 | INFO | [ncluster=106/106] AUC-ROC=68.65%  AUC-PR=48.89%  F1=0.6201  MCC=0.3422  Train=13.444s  Test=15.138s  Peak RAM Train=82.862 MB  Peak RAM Test=167.82 MB
2026-06-01 12:43:39 | INFO | [ncluster=109/109] AUC-ROC=70.51%  AUC-PR=51.69%  F1=0.5674  MCC=0.3773  Train=9.717s  Test=12.130s  Peak RAM Train=82.864 MB  Peak RAM Test=172.26 MB
2026-06-01 12:43:39 | INFO | [ncluster=112/112] AUC-ROC=57.70%  AUC-PR=37.15%  F1=0.5972  MCC=0.2908  Train=15.217s  Test=21.361s  Peak RAM Train=82.863 MB  Peak RAM Test=176.7 MB
2026-06-01 12:43:39 | INFO | [ncluster=115/115] AUC-ROC=68.36%  AUC-PR=49.01%  F1=0.6010  MCC=0.3049  Train=16.332s  Test=16.300s  Peak RAM Train=82.868 MB  Peak RAM Test=181.14 MB
2026-06-01 12:43:39 | INFO | [ncluster=118/118] AUC-ROC=67.83%  AUC-PR=48.00%  F1=0.6092  MCC=0.3182  Train=14.308s  Test=22.225s  Peak RAM Train=82.87 MB  Peak RAM Test=185.58 MB
2026-06-01 12:43:39 | INFO | [ncluster=121/121] AUC-ROC=65.36%  AUC-PR=42.90%  F1=0.5830  MCC=0.3103  Train=13.631s  Test=15.546s  Peak RAM Train=82.875 MB  Peak RAM Test=190.02 MB
2026-06-01 12:43:39 | INFO | [ncluster=124/124] AUC-ROC=65.16%  AUC-PR=42.84%  F1=0.5823  MCC=0.3126  Train=14.445s  Test=15.255s  Peak RAM Train=82.866 MB  Peak RAM Test=194.46 MB
2026-06-01 12:43:39 | INFO | [ncluster=127/127] AUC-ROC=61.16%  AUC-PR=39.35%  F1=0.6080  MCC=0.3183  Train=14.962s  Test=15.709s  Peak RAM Train=82.874 MB  Peak RAM Test=198.9 MB
2026-06-01 12:43:39 | INFO | [ncluster=130/130] AUC-ROC=58.59%  AUC-PR=37.58%  F1=0.6026  MCC=0.3131  Train=17.005s  Test=21.755s  Peak RAM Train=82.871 MB  Peak RAM Test=203.34 MB
2026-06-01 12:43:39 | INFO | [ncluster=133/133] AUC-ROC=59.00%  AUC-PR=37.85%  F1=0.6024  MCC=0.3040  Train=14.817s  Test=29.836s  Peak RAM Train=82.869 MB  Peak RAM Test=207.78 MB
2026-06-01 12:43:39 | INFO | [ncluster=136/136] AUC-ROC=59.20%  AUC-PR=37.82%  F1=0.6059  MCC=0.3128  Train=15.226s  Test=31.183s  Peak RAM Train=82.877 MB  Peak RAM Test=212.22 MB
2026-06-01 12:43:39 | INFO | [ncluster=139/139] AUC-ROC=61.18%  AUC-PR=39.31%  F1=0.6105  MCC=0.3261  Train=13.876s  Test=19.402s  Peak RAM Train=82.87 MB  Peak RAM Test=216.66 MB
2026-06-01 12:43:39 | INFO | [ncluster=142/142] AUC-ROC=58.73%  AUC-PR=37.84%  F1=0.6001  MCC=0.3094  Train=14.174s  Test=18.274s  Peak RAM Train=82.874 MB  Peak RAM Test=221.1 MB
2026-06-01 12:43:39 | INFO | [ncluster=145/145] AUC-ROC=57.31%  AUC-PR=36.96%  F1=0.5840  MCC=0.2644  Train=13.827s  Test=20.872s  Peak RAM Train=82.874 MB  Peak RAM Test=225.54 MB
2026-06-01 12:43:39 | INFO | [ncluster=148/148] AUC-ROC=60.49%  AUC-PR=39.41%  F1=0.5886  MCC=0.2696  Train=13.494s  Test=16.013s  Peak RAM Train=82.877 MB  Peak RAM Test=229.98 MB
2026-06-01 12:43:39 | INFO | [ncluster=151/151] AUC-ROC=57.72%  AUC-PR=37.14%  F1=0.5929  MCC=0.2819  Train=15.190s  Test=26.437s  Peak RAM Train=82.877 MB  Peak RAM Test=234.42 MB
2026-06-01 12:43:39 | INFO | [ncluster=154/154] AUC-ROC=56.76%  AUC-PR=36.56%  F1=0.5832  MCC=0.2576  Train=14.322s  Test=23.917s  Peak RAM Train=82.877 MB  Peak RAM Test=238.86 MB
2026-06-01 12:43:39 | INFO | [ncluster=157/157] AUC-ROC=56.61%  AUC-PR=36.48%  F1=0.5767  MCC=0.2435  Train=14.001s  Test=20.863s  Peak RAM Train=82.881 MB  Peak RAM Test=243.3 MB
2026-06-01 12:43:39 | INFO | [ncluster=160/160] AUC-ROC=58.68%  AUC-PR=37.75%  F1=0.5809  MCC=0.2831  Train=9.435s  Test=21.058s  Peak RAM Train=82.886 MB  Peak RAM Test=247.74 MB
2026-06-01 12:43:39 | INFO | [ncluster=163/163] AUC-ROC=61.23%  AUC-PR=39.58%  F1=0.5732  MCC=0.2693  Train=13.902s  Test=19.730s  Peak RAM Train=82.885 MB  Peak RAM Test=252.18 MB
2026-06-01 12:43:39 | INFO | [ncluster=166/166] AUC-ROC=57.96%  AUC-PR=37.17%  F1=0.6021  MCC=0.3029  Train=14.627s  Test=27.337s  Peak RAM Train=82.888 MB  Peak RAM Test=256.62 MB
2026-06-01 12:43:39 | INFO | [ncluster=169/169] AUC-ROC=56.54%  AUC-PR=36.50%  F1=0.5775  MCC=0.2443  Train=15.918s  Test=24.122s  Peak RAM Train=82.887 MB  Peak RAM Test=261.06 MB
2026-06-01 12:43:39 | INFO | [ncluster=172/172] AUC-ROC=56.75%  AUC-PR=36.48%  F1=0.5871  MCC=0.2717  Train=18.052s  Test=26.647s  Peak RAM Train=82.881 MB  Peak RAM Test=265.5 MB
2026-06-01 12:43:39 | INFO | [ncluster=175/175] AUC-ROC=56.55%  AUC-PR=36.45%  F1=0.5884  MCC=0.2656  Train=15.654s  Test=25.535s  Peak RAM Train=82.887 MB  Peak RAM Test=269.94 MB
2026-06-01 12:43:39 | INFO | [ncluster=178/178] AUC-ROC=57.81%  AUC-PR=37.09%  F1=0.5921  MCC=0.2743  Train=14.530s  Test=29.941s  Peak RAM Train=82.888 MB  Peak RAM Test=274.38 MB
2026-06-01 12:43:39 | INFO | [ncluster=181/181] AUC-ROC=56.37%  AUC-PR=36.34%  F1=0.5876  MCC=0.2622  Train=13.641s  Test=30.052s  Peak RAM Train=82.889 MB  Peak RAM Test=278.82 MB
2026-06-01 12:43:39 | INFO | [ncluster=184/184] AUC-ROC=56.73%  AUC-PR=36.51%  F1=0.5801  MCC=0.2576  Train=14.464s  Test=24.976s  Peak RAM Train=82.894 MB  Peak RAM Test=283.26 MB
2026-06-01 12:43:39 | INFO | [ncluster=187/187] AUC-ROC=56.28%  AUC-PR=36.36%  F1=0.5749  MCC=0.2467  Train=12.595s  Test=22.587s  Peak RAM Train=82.892 MB  Peak RAM Test=287.7 MB
2026-06-01 12:43:39 | INFO | [ncluster=190/190] AUC-ROC=57.38%  AUC-PR=36.98%  F1=0.5746  MCC=0.2475  Train=16.072s  Test=22.941s  Peak RAM Train=82.891 MB  Peak RAM Test=292.14 MB
2026-06-01 12:43:39 | INFO | [ncluster=193/193] AUC-ROC=56.50%  AUC-PR=36.24%  F1=0.5791  MCC=0.2603  Train=11.298s  Test=27.089s  Peak RAM Train=82.897 MB  Peak RAM Test=296.58 MB
2026-06-01 12:43:39 | INFO | [ncluster=196/196] AUC-ROC=55.79%  AUC-PR=36.12%  F1=0.5709  MCC=0.2271  Train=13.847s  Test=32.673s  Peak RAM Train=82.895 MB  Peak RAM Test=301.02 MB
2026-06-01 12:43:39 | INFO | [ncluster=199/199] AUC-ROC=56.19%  AUC-PR=36.35%  F1=0.5724  MCC=0.2530  Train=14.391s  Test=28.167s  Peak RAM Train=82.899 MB  Peak RAM Test=305.46 MB
2026-06-01 12:43:39 | INFO | [ncluster=202/202] AUC-ROC=56.66%  AUC-PR=36.48%  F1=0.5889  MCC=0.2698  Train=13.049s  Test=29.093s  Peak RAM Train=82.898 MB  Peak RAM Test=309.9 MB
2026-06-01 12:43:39 | INFO | [ncluster=205/205] AUC-ROC=57.78%  AUC-PR=37.20%  F1=0.5788  MCC=0.2509  Train=19.457s  Test=34.890s  Peak RAM Train=82.9 MB  Peak RAM Test=314.34 MB
2026-06-01 12:43:39 | INFO | [ncluster=208/208] AUC-ROC=57.43%  AUC-PR=37.05%  F1=0.5669  MCC=0.2540  Train=16.505s  Test=29.768s  Peak RAM Train=82.901 MB  Peak RAM Test=318.78 MB
2026-06-01 12:43:39 | INFO | [ncluster=211/211] AUC-ROC=56.63%  AUC-PR=36.49%  F1=0.5790  MCC=0.2447  Train=15.727s  Test=27.320s  Peak RAM Train=82.903 MB  Peak RAM Test=323.22 MB
2026-06-01 12:43:39 | INFO | [ncluster=214/214] AUC-ROC=57.15%  AUC-PR=36.77%  F1=0.5831  MCC=0.2605  Train=15.763s  Test=29.949s  Peak RAM Train=82.902 MB  Peak RAM Test=327.66 MB
2026-06-01 12:43:39 | INFO | [ncluster=217/217] AUC-ROC=55.84%  AUC-PR=36.19%  F1=0.5665  MCC=0.2293  Train=14.503s  Test=30.776s  Peak RAM Train=82.901 MB  Peak RAM Test=332.1 MB
2026-06-01 12:43:39 | INFO | [ncluster=220/220] AUC-ROC=56.58%  AUC-PR=36.39%  F1=0.5808  MCC=0.2484  Train=16.023s  Test=36.088s  Peak RAM Train=82.905 MB  Peak RAM Test=336.54 MB
2026-06-01 12:43:39 | INFO | [ncluster=223/223] AUC-ROC=57.16%  AUC-PR=36.78%  F1=0.5793  MCC=0.2527  Train=12.554s  Test=23.660s  Peak RAM Train=82.905 MB  Peak RAM Test=340.98 MB
2026-06-01 12:43:39 | INFO | [ncluster=226/226] AUC-ROC=57.29%  AUC-PR=36.78%  F1=0.5794  MCC=0.2461  Train=11.280s  Test=25.985s  Peak RAM Train=82.902 MB  Peak RAM Test=345.42 MB
2026-06-01 12:43:39 | INFO | [ncluster=229/229] AUC-ROC=55.88%  AUC-PR=36.13%  F1=0.5646  MCC=0.2325  Train=11.199s  Test=25.003s  Peak RAM Train=82.907 MB  Peak RAM Test=349.86 MB
2026-06-01 12:43:39 | INFO | [ncluster=232/232] AUC-ROC=56.68%  AUC-PR=36.57%  F1=0.5690  MCC=0.2250  Train=12.993s  Test=39.040s  Peak RAM Train=82.911 MB  Peak RAM Test=354.3 MB
2026-06-01 12:43:39 | INFO | [ncluster=235/235] AUC-ROC=56.93%  AUC-PR=36.64%  F1=0.5736  MCC=0.2537  Train=12.600s  Test=30.649s  Peak RAM Train=82.91 MB  Peak RAM Test=358.74 MB
2026-06-01 12:43:39 | INFO | [ncluster=238/238] AUC-ROC=56.44%  AUC-PR=36.37%  F1=0.5872  MCC=0.2591  Train=15.117s  Test=38.011s  Peak RAM Train=82.91 MB  Peak RAM Test=363.18 MB
2026-06-01 12:43:39 | INFO | [ncluster=241/241] AUC-ROC=57.18%  AUC-PR=36.75%  F1=0.5675  MCC=0.2444  Train=13.768s  Test=41.156s  Peak RAM Train=82.909 MB  Peak RAM Test=367.62 MB
2026-06-01 12:43:39 | INFO | [ncluster=244/244] AUC-ROC=59.09%  AUC-PR=37.69%  F1=0.5956  MCC=0.2847  Train=15.312s  Test=34.006s  Peak RAM Train=82.911 MB  Peak RAM Test=372.06 MB
2026-06-01 12:43:39 | INFO | [ncluster=247/247] AUC-ROC=56.18%  AUC-PR=36.17%  F1=0.5798  MCC=0.2443  Train=13.228s  Test=30.193s  Peak RAM Train=82.912 MB  Peak RAM Test=376.5 MB
2026-06-01 12:43:39 | INFO | [ncluster=250/250] AUC-ROC=56.83%  AUC-PR=36.48%  F1=0.5716  MCC=0.2480  Train=11.017s  Test=28.224s  Peak RAM Train=82.915 MB  Peak RAM Test=380.94 MB
2026-06-01 12:43:39 | INFO | [ncluster=253/253] AUC-ROC=56.71%  AUC-PR=36.35%  F1=0.5853  MCC=0.2567  Train=11.516s  Test=23.227s  Peak RAM Train=82.914 MB  Peak RAM Test=385.38 MB
2026-06-01 12:43:39 | INFO | [ncluster=256/256] AUC-ROC=56.23%  AUC-PR=36.13%  F1=0.5745  MCC=0.2528  Train=7.083s  Test=20.871s  Peak RAM Train=82.916 MB  Peak RAM Test=389.82 MB
2026-06-01 12:43:39 | INFO | [ncluster=259/259] AUC-ROC=56.29%  AUC-PR=36.27%  F1=0.5767  MCC=0.2373  Train=8.506s  Test=23.519s  Peak RAM Train=82.917 MB  Peak RAM Test=394.26 MB
2026-06-01 12:43:39 | INFO | [ncluster=262/262] AUC-ROC=57.76%  AUC-PR=36.99%  F1=0.5826  MCC=0.2713  Train=7.955s  Test=24.343s  Peak RAM Train=82.919 MB  Peak RAM Test=398.7 MB
2026-06-01 12:43:39 | INFO | [ncluster=265/265] AUC-ROC=56.07%  AUC-PR=36.00%  F1=0.5651  MCC=0.2263  Train=8.036s  Test=23.683s  Peak RAM Train=82.916 MB  Peak RAM Test=403.14 MB
2026-06-01 12:43:39 | INFO | [ncluster=268/268] AUC-ROC=56.64%  AUC-PR=36.31%  F1=0.5815  MCC=0.2575  Train=7.719s  Test=23.380s  Peak RAM Train=82.921 MB  Peak RAM Test=407.58 MB
2026-06-01 12:43:39 | INFO | [ncluster=271/271] AUC-ROC=56.53%  AUC-PR=36.21%  F1=0.5719  MCC=0.2432  Train=6.471s  Test=22.470s  Peak RAM Train=82.921 MB  Peak RAM Test=412.02 MB
2026-06-01 12:43:39 | INFO | [ncluster=274/274] AUC-ROC=56.43%  AUC-PR=36.27%  F1=0.5668  MCC=0.2369  Train=4.751s  Test=24.587s  Peak RAM Train=82.922 MB  Peak RAM Test=416.46 MB
2026-06-01 12:43:39 | INFO | [ncluster=277/277] AUC-ROC=56.52%  AUC-PR=36.39%  F1=0.5819  MCC=0.2480  Train=5.470s  Test=28.586s  Peak RAM Train=82.922 MB  Peak RAM Test=420.9 MB
2026-06-01 12:43:39 | INFO | [ncluster=280/280] AUC-ROC=56.47%  AUC-PR=36.31%  F1=0.5536  MCC=0.2316  Train=8.673s  Test=19.433s  Peak RAM Train=82.928 MB  Peak RAM Test=425.34 MB
2026-06-01 12:43:39 | INFO | [ncluster=283/283] AUC-ROC=55.51%  AUC-PR=35.74%  F1=0.5607  MCC=0.2164  Train=8.513s  Test=21.118s  Peak RAM Train=82.927 MB  Peak RAM Test=429.78 MB
2026-06-01 12:43:39 | INFO | [ncluster=286/286] AUC-ROC=57.04%  AUC-PR=36.61%  F1=0.5723  MCC=0.2351  Train=10.283s  Test=24.304s  Peak RAM Train=82.927 MB  Peak RAM Test=434.22 MB
2026-06-01 12:43:39 | INFO | [ncluster=289/289] AUC-ROC=55.57%  AUC-PR=35.79%  F1=0.5769  MCC=0.2391  Train=5.997s  Test=20.353s  Peak RAM Train=82.93 MB  Peak RAM Test=438.66 MB
2026-06-01 12:43:39 | INFO | [ncluster=292/292] AUC-ROC=56.58%  AUC-PR=36.34%  F1=0.5644  MCC=0.2364  Train=6.140s  Test=18.347s  Peak RAM Train=82.93 MB  Peak RAM Test=443.1 MB
2026-06-01 12:43:39 | INFO | [ncluster=295/295] AUC-ROC=56.19%  AUC-PR=36.17%  F1=0.5629  MCC=0.2258  Train=5.587s  Test=15.941s  Peak RAM Train=82.932 MB  Peak RAM Test=447.54 MB
2026-06-01 12:43:39 | INFO | [ncluster=298/298] AUC-ROC=56.09%  AUC-PR=35.88%  F1=0.5740  MCC=0.2397  Train=6.507s  Test=15.374s  Peak RAM Train=82.932 MB  Peak RAM Test=451.98 MB
2026-06-01 12:43:39 | INFO | 
>>> Processing data_IoTID20 | scaler=MinMaxScaler
2026-06-01 12:43:39 | INFO | --- noise=0% ---
2026-06-01 12:43:39 | INFO | ============================================================
2026-06-01 12:43:39 | INFO | Dataset  : Train_MinMaxScaler_data_IoTID20.csv
2026-06-01 12:43:39 | INFO | Scaler   : MinMaxScaler
2026-06-01 12:43:39 | INFO | Noise    : 0%
2026-06-01 12:43:39 | INFO | nClusters: 100 values (1..298)
2026-06-01 12:43:39 | INFO | K-Means  : Standard KMeans
2026-06-01 12:43:39 | INFO | ============================================================
2026-06-01 12:43:40 | INFO | Loaded Raw Shape -> Train: (30878, 92), Test: (22720, 92)
2026-06-01 12:43:40 | INFO | Training size : 30,878  |  Testing size: 22,720  |  Features: 91
2026-06-01 12:43:40 | INFO | Firing up Parallel execution for 100 cluster configs...
2026-06-01 12:53:56 | INFO | [ncluster=1/1] AUC-ROC=89.00%  AUC-PR=80.77%  F1=0.7219  MCC=0.5660  Train=7.987s  Test=0.243s  Peak RAM Train=78.879 MB  Peak RAM Test=44.629 MB
2026-06-01 12:53:56 | INFO | [ncluster=4/4] AUC-ROC=93.01%  AUC-PR=87.32%  F1=0.7988  MCC=0.6952  Train=10.027s  Test=0.796s  Peak RAM Train=78.883 MB  Peak RAM Test=43.899 MB
2026-06-01 12:53:56 | INFO | [ncluster=7/7] AUC-ROC=93.11%  AUC-PR=87.99%  F1=0.7965  MCC=0.6925  Train=8.752s  Test=1.086s  Peak RAM Train=78.886 MB  Peak RAM Test=43.909 MB
2026-06-01 12:53:56 | INFO | [ncluster=10/10] AUC-ROC=92.91%  AUC-PR=88.22%  F1=0.7819  MCC=0.6601  Train=9.632s  Test=1.227s  Peak RAM Train=78.888 MB  Peak RAM Test=44.522 MB
2026-06-01 12:53:56 | INFO | [ncluster=13/13] AUC-ROC=92.45%  AUC-PR=87.32%  F1=0.7656  MCC=0.6378  Train=10.214s  Test=2.459s  Peak RAM Train=78.885 MB  Peak RAM Test=48.962 MB
2026-06-01 12:53:56 | INFO | [ncluster=16/16] AUC-ROC=94.25%  AUC-PR=90.85%  F1=0.7868  MCC=0.6689  Train=9.477s  Test=1.508s  Peak RAM Train=78.884 MB  Peak RAM Test=53.402 MB
2026-06-01 12:53:56 | INFO | [ncluster=19/19] AUC-ROC=94.12%  AUC-PR=90.91%  F1=0.8084  MCC=0.7064  Train=10.318s  Test=2.254s  Peak RAM Train=78.89 MB  Peak RAM Test=57.842 MB
2026-06-01 12:53:56 | INFO | [ncluster=22/22] AUC-ROC=93.93%  AUC-PR=90.84%  F1=0.7727  MCC=0.6501  Train=6.709s  Test=1.277s  Peak RAM Train=78.892 MB  Peak RAM Test=62.282 MB
2026-06-01 12:53:56 | INFO | [ncluster=25/25] AUC-ROC=93.57%  AUC-PR=90.36%  F1=0.7756  MCC=0.6502  Train=8.352s  Test=2.466s  Peak RAM Train=78.892 MB  Peak RAM Test=66.722 MB
2026-06-01 12:53:56 | INFO | [ncluster=28/28] AUC-ROC=93.02%  AUC-PR=89.35%  F1=0.7696  MCC=0.6437  Train=9.138s  Test=2.013s  Peak RAM Train=78.892 MB  Peak RAM Test=71.162 MB
2026-06-01 12:53:56 | INFO | [ncluster=31/31] AUC-ROC=93.75%  AUC-PR=90.66%  F1=0.7701  MCC=0.6456  Train=9.686s  Test=3.965s  Peak RAM Train=78.895 MB  Peak RAM Test=75.602 MB
2026-06-01 12:53:56 | INFO | [ncluster=34/34] AUC-ROC=94.06%  AUC-PR=91.02%  F1=0.7807  MCC=0.6619  Train=9.970s  Test=2.575s  Peak RAM Train=78.895 MB  Peak RAM Test=80.042 MB
2026-06-01 12:53:56 | INFO | [ncluster=37/37] AUC-ROC=93.81%  AUC-PR=90.39%  F1=0.7928  MCC=0.6782  Train=11.716s  Test=4.775s  Peak RAM Train=78.897 MB  Peak RAM Test=84.482 MB
2026-06-01 12:53:56 | INFO | [ncluster=40/40] AUC-ROC=93.90%  AUC-PR=90.68%  F1=0.7880  MCC=0.6705  Train=6.847s  Test=4.320s  Peak RAM Train=78.898 MB  Peak RAM Test=88.922 MB
2026-06-01 12:53:56 | INFO | [ncluster=43/43] AUC-ROC=93.58%  AUC-PR=89.78%  F1=0.7766  MCC=0.6572  Train=10.296s  Test=5.896s  Peak RAM Train=78.898 MB  Peak RAM Test=93.362 MB
2026-06-01 12:53:56 | INFO | [ncluster=46/46] AUC-ROC=93.67%  AUC-PR=90.00%  F1=0.7768  MCC=0.6575  Train=11.370s  Test=5.211s  Peak RAM Train=78.902 MB  Peak RAM Test=97.802 MB
2026-06-01 12:53:56 | INFO | [ncluster=49/49] AUC-ROC=93.24%  AUC-PR=89.02%  F1=0.7780  MCC=0.6607  Train=10.728s  Test=6.622s  Peak RAM Train=78.905 MB  Peak RAM Test=102.242 MB
2026-06-01 12:53:56 | INFO | [ncluster=52/52] AUC-ROC=93.80%  AUC-PR=90.22%  F1=0.7847  MCC=0.6656  Train=8.935s  Test=4.915s  Peak RAM Train=78.902 MB  Peak RAM Test=106.682 MB
2026-06-01 12:53:56 | INFO | [ncluster=55/55] AUC-ROC=93.75%  AUC-PR=90.14%  F1=0.7878  MCC=0.6697  Train=12.432s  Test=7.082s  Peak RAM Train=78.904 MB  Peak RAM Test=111.122 MB
2026-06-01 12:53:56 | INFO | [ncluster=58/58] AUC-ROC=93.19%  AUC-PR=89.34%  F1=0.7866  MCC=0.6679  Train=12.395s  Test=8.198s  Peak RAM Train=78.907 MB  Peak RAM Test=115.562 MB
2026-06-01 12:53:56 | INFO | [ncluster=61/61] AUC-ROC=93.09%  AUC-PR=88.94%  F1=0.7874  MCC=0.6692  Train=10.125s  Test=7.614s  Peak RAM Train=78.907 MB  Peak RAM Test=120.002 MB
2026-06-01 12:53:56 | INFO | [ncluster=64/64] AUC-ROC=93.46%  AUC-PR=89.85%  F1=0.7881  MCC=0.6707  Train=11.993s  Test=5.969s  Peak RAM Train=78.904 MB  Peak RAM Test=124.442 MB
2026-06-01 12:53:56 | INFO | [ncluster=67/67] AUC-ROC=94.34%  AUC-PR=91.31%  F1=0.7971  MCC=0.6848  Train=12.742s  Test=6.919s  Peak RAM Train=78.908 MB  Peak RAM Test=128.882 MB
2026-06-01 12:53:56 | INFO | [ncluster=70/70] AUC-ROC=94.82%  AUC-PR=92.28%  F1=0.8042  MCC=0.6962  Train=10.777s  Test=6.485s  Peak RAM Train=78.907 MB  Peak RAM Test=133.322 MB
2026-06-01 12:53:56 | INFO | [ncluster=73/73] AUC-ROC=93.43%  AUC-PR=89.96%  F1=0.7880  MCC=0.6701  Train=10.067s  Test=7.290s  Peak RAM Train=78.909 MB  Peak RAM Test=137.762 MB
2026-06-01 12:53:56 | INFO | [ncluster=76/76] AUC-ROC=94.31%  AUC-PR=91.39%  F1=0.7922  MCC=0.6775  Train=10.262s  Test=11.335s  Peak RAM Train=78.913 MB  Peak RAM Test=142.202 MB
2026-06-01 12:53:56 | INFO | [ncluster=79/79] AUC-ROC=94.69%  AUC-PR=92.13%  F1=0.7771  MCC=0.6607  Train=11.105s  Test=8.153s  Peak RAM Train=78.913 MB  Peak RAM Test=146.642 MB
2026-06-01 12:53:56 | INFO | [ncluster=82/82] AUC-ROC=94.43%  AUC-PR=91.66%  F1=0.7999  MCC=0.6895  Train=9.634s  Test=8.529s  Peak RAM Train=78.916 MB  Peak RAM Test=151.082 MB
2026-06-01 12:53:57 | INFO | [ncluster=85/85] AUC-ROC=94.18%  AUC-PR=91.14%  F1=0.7895  MCC=0.6724  Train=8.364s  Test=10.138s  Peak RAM Train=78.917 MB  Peak RAM Test=155.522 MB
2026-06-01 12:53:57 | INFO | [ncluster=88/88] AUC-ROC=93.67%  AUC-PR=90.23%  F1=0.7861  MCC=0.6727  Train=8.593s  Test=7.961s  Peak RAM Train=78.916 MB  Peak RAM Test=159.962 MB
2026-06-01 12:53:57 | INFO | [ncluster=91/91] AUC-ROC=92.78%  AUC-PR=89.67%  F1=0.7840  MCC=0.6636  Train=10.139s  Test=10.941s  Peak RAM Train=78.919 MB  Peak RAM Test=164.402 MB
2026-06-01 12:53:57 | INFO | [ncluster=94/94] AUC-ROC=94.43%  AUC-PR=91.66%  F1=0.7984  MCC=0.6869  Train=10.403s  Test=8.521s  Peak RAM Train=78.919 MB  Peak RAM Test=168.842 MB
2026-06-01 12:53:57 | INFO | [ncluster=97/97] AUC-ROC=93.16%  AUC-PR=90.06%  F1=0.7752  MCC=0.6534  Train=9.301s  Test=7.476s  Peak RAM Train=78.921 MB  Peak RAM Test=173.282 MB
2026-06-01 12:53:57 | INFO | [ncluster=100/100] AUC-ROC=93.31%  AUC-PR=90.22%  F1=0.7688  MCC=0.6399  Train=8.742s  Test=8.363s  Peak RAM Train=78.922 MB  Peak RAM Test=177.722 MB
2026-06-01 12:53:57 | INFO | [ncluster=103/103] AUC-ROC=94.03%  AUC-PR=91.17%  F1=0.8090  MCC=0.7038  Train=8.440s  Test=6.664s  Peak RAM Train=78.922 MB  Peak RAM Test=182.162 MB
2026-06-01 12:53:57 | INFO | [ncluster=106/106] AUC-ROC=93.20%  AUC-PR=90.32%  F1=0.7741  MCC=0.6492  Train=9.112s  Test=10.140s  Peak RAM Train=78.924 MB  Peak RAM Test=186.602 MB
2026-06-01 12:53:57 | INFO | [ncluster=109/109] AUC-ROC=92.71%  AUC-PR=89.06%  F1=0.7628  MCC=0.6291  Train=9.929s  Test=9.888s  Peak RAM Train=78.922 MB  Peak RAM Test=191.042 MB
2026-06-01 12:53:57 | INFO | [ncluster=112/112] AUC-ROC=94.26%  AUC-PR=91.69%  F1=0.8031  MCC=0.6945  Train=5.791s  Test=8.199s  Peak RAM Train=78.919 MB  Peak RAM Test=195.482 MB
2026-06-01 12:53:57 | INFO | [ncluster=115/115] AUC-ROC=94.29%  AUC-PR=91.35%  F1=0.8077  MCC=0.7018  Train=7.694s  Test=12.040s  Peak RAM Train=78.923 MB  Peak RAM Test=199.922 MB
2026-06-01 12:53:57 | INFO | [ncluster=118/118] AUC-ROC=94.35%  AUC-PR=91.33%  F1=0.8138  MCC=0.7254  Train=8.283s  Test=10.929s  Peak RAM Train=78.926 MB  Peak RAM Test=204.362 MB
2026-06-01 12:53:57 | INFO | [ncluster=121/121] AUC-ROC=92.82%  AUC-PR=89.47%  F1=0.7694  MCC=0.6406  Train=9.280s  Test=10.797s  Peak RAM Train=78.932 MB  Peak RAM Test=208.802 MB
2026-06-01 12:53:57 | INFO | [ncluster=124/124] AUC-ROC=93.23%  AUC-PR=89.58%  F1=0.7803  MCC=0.6595  Train=8.052s  Test=13.033s  Peak RAM Train=78.928 MB  Peak RAM Test=213.242 MB
2026-06-01 12:53:57 | INFO | [ncluster=127/127] AUC-ROC=92.64%  AUC-PR=88.98%  F1=0.7706  MCC=0.6419  Train=5.744s  Test=10.969s  Peak RAM Train=78.928 MB  Peak RAM Test=217.682 MB
2026-06-01 12:53:57 | INFO | [ncluster=130/130] AUC-ROC=92.87%  AUC-PR=89.21%  F1=0.7546  MCC=0.6195  Train=11.706s  Test=9.902s  Peak RAM Train=78.929 MB  Peak RAM Test=222.122 MB
2026-06-01 12:53:57 | INFO | [ncluster=133/133] AUC-ROC=92.55%  AUC-PR=88.64%  F1=0.7540  MCC=0.6291  Train=9.393s  Test=11.713s  Peak RAM Train=78.931 MB  Peak RAM Test=226.562 MB
2026-06-01 12:53:57 | INFO | [ncluster=136/136] AUC-ROC=93.17%  AUC-PR=89.60%  F1=0.7804  MCC=0.6578  Train=6.732s  Test=11.817s  Peak RAM Train=78.93 MB  Peak RAM Test=231.002 MB
2026-06-01 12:53:57 | INFO | [ncluster=139/139] AUC-ROC=93.35%  AUC-PR=90.14%  F1=0.7904  MCC=0.6958  Train=8.296s  Test=15.682s  Peak RAM Train=78.934 MB  Peak RAM Test=235.442 MB
2026-06-01 12:53:57 | INFO | [ncluster=142/142] AUC-ROC=93.40%  AUC-PR=90.12%  F1=0.7764  MCC=0.6513  Train=6.540s  Test=22.927s  Peak RAM Train=78.936 MB  Peak RAM Test=239.882 MB
2026-06-01 12:53:57 | INFO | [ncluster=145/145] AUC-ROC=92.88%  AUC-PR=89.12%  F1=0.7796  MCC=0.6564  Train=9.617s  Test=27.527s  Peak RAM Train=78.939 MB  Peak RAM Test=244.322 MB
2026-06-01 12:53:57 | INFO | [ncluster=148/148] AUC-ROC=93.30%  AUC-PR=89.85%  F1=0.7604  MCC=0.6291  Train=15.106s  Test=18.348s  Peak RAM Train=78.936 MB  Peak RAM Test=248.762 MB
2026-06-01 12:53:57 | INFO | [ncluster=151/151] AUC-ROC=93.48%  AUC-PR=89.78%  F1=0.7849  MCC=0.6669  Train=12.919s  Test=24.398s  Peak RAM Train=78.937 MB  Peak RAM Test=253.202 MB
2026-06-01 12:53:57 | INFO | [ncluster=154/154] AUC-ROC=93.63%  AUC-PR=90.28%  F1=0.7931  MCC=0.6796  Train=13.280s  Test=23.932s  Peak RAM Train=78.939 MB  Peak RAM Test=257.642 MB
2026-06-01 12:53:57 | INFO | [ncluster=157/157] AUC-ROC=92.58%  AUC-PR=88.84%  F1=0.7522  MCC=0.6158  Train=16.790s  Test=16.941s  Peak RAM Train=78.939 MB  Peak RAM Test=262.082 MB
2026-06-01 12:53:57 | INFO | [ncluster=160/160] AUC-ROC=93.42%  AUC-PR=89.71%  F1=0.7923  MCC=0.6776  Train=13.673s  Test=21.402s  Peak RAM Train=78.941 MB  Peak RAM Test=266.522 MB
2026-06-01 12:53:57 | INFO | [ncluster=163/163] AUC-ROC=93.06%  AUC-PR=89.05%  F1=0.7745  MCC=0.6484  Train=13.988s  Test=26.232s  Peak RAM Train=78.945 MB  Peak RAM Test=270.962 MB
2026-06-01 12:53:57 | INFO | [ncluster=166/166] AUC-ROC=93.83%  AUC-PR=90.20%  F1=0.7838  MCC=0.6634  Train=10.253s  Test=24.233s  Peak RAM Train=78.942 MB  Peak RAM Test=275.402 MB
2026-06-01 12:53:57 | INFO | [ncluster=169/169] AUC-ROC=93.44%  AUC-PR=89.71%  F1=0.7682  MCC=0.6478  Train=14.968s  Test=27.540s  Peak RAM Train=78.95 MB  Peak RAM Test=279.842 MB
2026-06-01 12:53:57 | INFO | [ncluster=172/172] AUC-ROC=92.71%  AUC-PR=88.39%  F1=0.7711  MCC=0.6522  Train=11.881s  Test=27.374s  Peak RAM Train=78.948 MB  Peak RAM Test=284.282 MB
2026-06-01 12:53:57 | INFO | [ncluster=175/175] AUC-ROC=93.27%  AUC-PR=89.44%  F1=0.7649  MCC=0.6443  Train=14.174s  Test=23.395s  Peak RAM Train=78.947 MB  Peak RAM Test=288.722 MB
2026-06-01 12:53:57 | INFO | [ncluster=178/178] AUC-ROC=93.77%  AUC-PR=89.87%  F1=0.8053  MCC=0.7046  Train=14.450s  Test=27.206s  Peak RAM Train=78.949 MB  Peak RAM Test=293.162 MB
2026-06-01 12:53:57 | INFO | [ncluster=181/181] AUC-ROC=93.05%  AUC-PR=88.58%  F1=0.7771  MCC=0.6523  Train=14.202s  Test=24.541s  Peak RAM Train=78.952 MB  Peak RAM Test=297.602 MB
2026-06-01 12:53:57 | INFO | [ncluster=184/184] AUC-ROC=93.98%  AUC-PR=89.74%  F1=0.8039  MCC=0.6971  Train=13.450s  Test=25.174s  Peak RAM Train=78.954 MB  Peak RAM Test=302.042 MB
2026-06-01 12:53:57 | INFO | [ncluster=187/187] AUC-ROC=93.39%  AUC-PR=89.29%  F1=0.7731  MCC=0.6461  Train=14.087s  Test=35.726s  Peak RAM Train=78.954 MB  Peak RAM Test=306.482 MB
2026-06-01 12:53:57 | INFO | [ncluster=190/190] AUC-ROC=94.25%  AUC-PR=90.55%  F1=0.8086  MCC=0.7082  Train=7.540s  Test=32.608s  Peak RAM Train=78.955 MB  Peak RAM Test=310.922 MB
2026-06-01 12:53:57 | INFO | [ncluster=193/193] AUC-ROC=92.64%  AUC-PR=88.67%  F1=0.7542  MCC=0.6257  Train=17.440s  Test=38.487s  Peak RAM Train=78.956 MB  Peak RAM Test=315.362 MB
2026-06-01 12:53:57 | INFO | [ncluster=196/196] AUC-ROC=94.25%  AUC-PR=90.63%  F1=0.7920  MCC=0.6788  Train=12.128s  Test=27.694s  Peak RAM Train=78.959 MB  Peak RAM Test=319.802 MB
2026-06-01 12:53:57 | INFO | [ncluster=199/199] AUC-ROC=93.36%  AUC-PR=88.59%  F1=0.8012  MCC=0.6926  Train=16.783s  Test=24.263s  Peak RAM Train=78.957 MB  Peak RAM Test=324.242 MB
2026-06-01 12:53:57 | INFO | [ncluster=202/202] AUC-ROC=93.96%  AUC-PR=90.29%  F1=0.7872  MCC=0.6688  Train=15.993s  Test=34.502s  Peak RAM Train=78.953 MB  Peak RAM Test=328.682 MB
2026-06-01 12:53:57 | INFO | [ncluster=205/205] AUC-ROC=93.84%  AUC-PR=90.15%  F1=0.7872  MCC=0.6687  Train=14.327s  Test=30.700s  Peak RAM Train=78.959 MB  Peak RAM Test=333.122 MB
2026-06-01 12:53:57 | INFO | [ncluster=208/208] AUC-ROC=93.93%  AUC-PR=90.05%  F1=0.7907  MCC=0.6751  Train=14.863s  Test=35.574s  Peak RAM Train=78.956 MB  Peak RAM Test=337.562 MB
2026-06-01 12:53:57 | INFO | [ncluster=211/211] AUC-ROC=93.72%  AUC-PR=90.07%  F1=0.7867  MCC=0.6691  Train=17.129s  Test=36.765s  Peak RAM Train=78.96 MB  Peak RAM Test=342.002 MB
2026-06-01 12:53:57 | INFO | [ncluster=214/214] AUC-ROC=93.64%  AUC-PR=89.95%  F1=0.7677  MCC=0.6455  Train=15.559s  Test=25.540s  Peak RAM Train=78.961 MB  Peak RAM Test=346.442 MB
2026-06-01 12:53:57 | INFO | [ncluster=217/217] AUC-ROC=93.78%  AUC-PR=90.14%  F1=0.7989  MCC=0.6881  Train=16.791s  Test=31.963s  Peak RAM Train=78.965 MB  Peak RAM Test=350.882 MB
2026-06-01 12:53:57 | INFO | [ncluster=220/220] AUC-ROC=94.46%  AUC-PR=90.94%  F1=0.8037  MCC=0.6969  Train=14.411s  Test=34.888s  Peak RAM Train=78.963 MB  Peak RAM Test=355.322 MB
2026-06-01 12:53:57 | INFO | [ncluster=223/223] AUC-ROC=94.54%  AUC-PR=91.04%  F1=0.8085  MCC=0.7040  Train=10.269s  Test=40.851s  Peak RAM Train=78.967 MB  Peak RAM Test=359.762 MB
2026-06-01 12:53:57 | INFO | [ncluster=226/226] AUC-ROC=93.87%  AUC-PR=90.18%  F1=0.7887  MCC=0.6714  Train=10.322s  Test=36.477s  Peak RAM Train=78.966 MB  Peak RAM Test=364.202 MB
2026-06-01 12:53:57 | INFO | [ncluster=229/229] AUC-ROC=94.81%  AUC-PR=91.85%  F1=0.7999  MCC=0.6926  Train=10.792s  Test=26.590s  Peak RAM Train=78.966 MB  Peak RAM Test=368.642 MB
2026-06-01 12:53:57 | INFO | [ncluster=232/232] AUC-ROC=94.35%  AUC-PR=91.02%  F1=0.8013  MCC=0.6922  Train=9.853s  Test=24.382s  Peak RAM Train=78.97 MB  Peak RAM Test=373.082 MB
2026-06-01 12:53:57 | INFO | [ncluster=235/235] AUC-ROC=94.10%  AUC-PR=90.33%  F1=0.7795  MCC=0.6600  Train=9.834s  Test=27.431s  Peak RAM Train=78.971 MB  Peak RAM Test=377.522 MB
2026-06-01 12:53:57 | INFO | [ncluster=238/238] AUC-ROC=94.54%  AUC-PR=91.15%  F1=0.8048  MCC=0.6985  Train=10.472s  Test=27.132s  Peak RAM Train=78.974 MB  Peak RAM Test=381.962 MB
2026-06-01 12:53:57 | INFO | [ncluster=241/241] AUC-ROC=94.25%  AUC-PR=90.47%  F1=0.8042  MCC=0.6968  Train=12.901s  Test=33.811s  Peak RAM Train=78.974 MB  Peak RAM Test=386.402 MB
2026-06-01 12:53:57 | INFO | [ncluster=244/244] AUC-ROC=93.99%  AUC-PR=90.20%  F1=0.7921  MCC=0.6767  Train=17.056s  Test=28.692s  Peak RAM Train=78.973 MB  Peak RAM Test=390.842 MB
2026-06-01 12:53:57 | INFO | [ncluster=247/247] AUC-ROC=94.13%  AUC-PR=90.12%  F1=0.8027  MCC=0.7005  Train=13.044s  Test=22.537s  Peak RAM Train=78.971 MB  Peak RAM Test=395.282 MB
2026-06-01 12:53:57 | INFO | [ncluster=250/250] AUC-ROC=93.61%  AUC-PR=89.67%  F1=0.7875  MCC=0.6694  Train=10.674s  Test=28.911s  Peak RAM Train=78.975 MB  Peak RAM Test=399.722 MB
2026-06-01 12:53:57 | INFO | [ncluster=253/253] AUC-ROC=94.39%  AUC-PR=90.77%  F1=0.8051  MCC=0.6983  Train=10.575s  Test=30.887s  Peak RAM Train=78.977 MB  Peak RAM Test=404.162 MB
2026-06-01 12:53:57 | INFO | [ncluster=256/256] AUC-ROC=94.84%  AUC-PR=91.43%  F1=0.8105  MCC=0.7117  Train=9.210s  Test=36.778s  Peak RAM Train=78.976 MB  Peak RAM Test=408.602 MB
2026-06-01 12:53:57 | INFO | [ncluster=259/259] AUC-ROC=94.13%  AUC-PR=90.73%  F1=0.7928  MCC=0.6779  Train=8.096s  Test=30.038s  Peak RAM Train=78.98 MB  Peak RAM Test=413.042 MB
2026-06-01 12:53:57 | INFO | [ncluster=262/262] AUC-ROC=94.03%  AUC-PR=90.42%  F1=0.7993  MCC=0.6885  Train=13.023s  Test=19.739s  Peak RAM Train=78.981 MB  Peak RAM Test=417.482 MB
2026-06-01 12:53:57 | INFO | [ncluster=265/265] AUC-ROC=93.96%  AUC-PR=90.14%  F1=0.7966  MCC=0.6862  Train=12.175s  Test=36.086s  Peak RAM Train=78.981 MB  Peak RAM Test=421.922 MB
2026-06-01 12:53:57 | INFO | [ncluster=268/268] AUC-ROC=93.65%  AUC-PR=89.70%  F1=0.7824  MCC=0.6610  Train=13.748s  Test=31.036s  Peak RAM Train=78.981 MB  Peak RAM Test=426.362 MB
2026-06-01 12:53:57 | INFO | [ncluster=271/271] AUC-ROC=94.69%  AUC-PR=91.66%  F1=0.7993  MCC=0.6884  Train=8.973s  Test=29.607s  Peak RAM Train=78.985 MB  Peak RAM Test=430.802 MB
2026-06-01 12:53:57 | INFO | [ncluster=274/274] AUC-ROC=94.15%  AUC-PR=90.10%  F1=0.8041  MCC=0.6984  Train=10.403s  Test=30.419s  Peak RAM Train=78.986 MB  Peak RAM Test=435.242 MB
2026-06-01 12:53:57 | INFO | [ncluster=277/277] AUC-ROC=94.04%  AUC-PR=90.60%  F1=0.7792  MCC=0.6558  Train=8.789s  Test=29.796s  Peak RAM Train=78.982 MB  Peak RAM Test=439.682 MB
2026-06-01 12:53:57 | INFO | [ncluster=280/280] AUC-ROC=94.22%  AUC-PR=90.63%  F1=0.7983  MCC=0.6866  Train=10.522s  Test=30.501s  Peak RAM Train=78.988 MB  Peak RAM Test=444.122 MB
2026-06-01 12:53:57 | INFO | [ncluster=283/283] AUC-ROC=94.05%  AUC-PR=90.31%  F1=0.7880  MCC=0.6703  Train=9.298s  Test=26.053s  Peak RAM Train=78.988 MB  Peak RAM Test=448.562 MB
2026-06-01 12:53:57 | INFO | [ncluster=286/286] AUC-ROC=93.94%  AUC-PR=90.19%  F1=0.7982  MCC=0.6868  Train=7.982s  Test=29.328s  Peak RAM Train=78.989 MB  Peak RAM Test=453.002 MB
2026-06-01 12:53:57 | INFO | [ncluster=289/289] AUC-ROC=94.51%  AUC-PR=91.23%  F1=0.8012  MCC=0.6918  Train=9.266s  Test=18.128s  Peak RAM Train=78.989 MB  Peak RAM Test=457.442 MB
2026-06-01 12:53:57 | INFO | [ncluster=292/292] AUC-ROC=94.40%  AUC-PR=91.08%  F1=0.7995  MCC=0.6888  Train=8.006s  Test=23.626s  Peak RAM Train=78.991 MB  Peak RAM Test=461.882 MB
2026-06-01 12:53:57 | INFO | [ncluster=295/295] AUC-ROC=94.09%  AUC-PR=90.53%  F1=0.7927  MCC=0.6781  Train=6.055s  Test=26.937s  Peak RAM Train=78.991 MB  Peak RAM Test=466.322 MB
2026-06-01 12:53:57 | INFO | [ncluster=298/298] AUC-ROC=94.70%  AUC-PR=91.45%  F1=0.8063  MCC=0.7000  Train=10.519s  Test=21.621s  Peak RAM Train=78.992 MB  Peak RAM Test=470.762 MB
2026-06-01 12:53:57 | INFO | --- noise=1% ---
2026-06-01 12:53:57 | INFO | ============================================================
2026-06-01 12:53:57 | INFO | Dataset  : Train_MinMaxScaler_data_IoTID20.csv
2026-06-01 12:53:57 | INFO | Scaler   : MinMaxScaler
2026-06-01 12:53:57 | INFO | Noise    : 1%
2026-06-01 12:53:57 | INFO | nClusters: 100 values (1..298)
2026-06-01 12:53:57 | INFO | K-Means  : Standard KMeans
2026-06-01 12:53:57 | INFO | ============================================================
2026-06-01 12:54:00 | INFO | Loaded Raw Shape -> Train: (30878, 92), Test: (22720, 92)
2026-06-01 12:54:01 | INFO | Training size : 31,186  |  Testing size: 22,412  |  Features: 91
2026-06-01 12:54:01 | INFO | Firing up Parallel execution for 100 cluster configs...
2026-06-01 13:04:28 | INFO | [ncluster=1/1] AUC-ROC=82.85%  AUC-PR=75.21%  F1=0.6491  MCC=0.4333  Train=12.936s  Test=0.239s  Peak RAM Train=79.661 MB  Peak RAM Test=29.116 MB
2026-06-01 13:04:28 | INFO | [ncluster=4/4] AUC-ROC=75.59%  AUC-PR=58.65%  F1=0.6377  MCC=0.4140  Train=13.544s  Test=0.537s  Peak RAM Train=79.668 MB  Peak RAM Test=25.138 MB
2026-06-01 13:04:28 | INFO | [ncluster=7/7] AUC-ROC=74.35%  AUC-PR=56.14%  F1=0.6296  MCC=0.3971  Train=17.807s  Test=2.212s  Peak RAM Train=79.669 MB  Peak RAM Test=25.152 MB
2026-06-01 13:04:28 | INFO | [ncluster=10/10] AUC-ROC=73.63%  AUC-PR=55.89%  F1=0.6168  MCC=0.3728  Train=12.795s  Test=1.588s  Peak RAM Train=79.672 MB  Peak RAM Test=25.167 MB
2026-06-01 13:04:28 | INFO | [ncluster=13/13] AUC-ROC=72.94%  AUC-PR=55.18%  F1=0.6150  MCC=0.3690  Train=18.555s  Test=1.825s  Peak RAM Train=79.673 MB  Peak RAM Test=29.452 MB
2026-06-01 13:04:28 | INFO | [ncluster=16/16] AUC-ROC=73.71%  AUC-PR=57.53%  F1=0.5965  MCC=0.3376  Train=19.669s  Test=4.129s  Peak RAM Train=79.673 MB  Peak RAM Test=33.892 MB
2026-06-01 13:04:28 | INFO | [ncluster=19/19] AUC-ROC=74.72%  AUC-PR=59.80%  F1=0.5946  MCC=0.3334  Train=10.772s  Test=2.043s  Peak RAM Train=79.679 MB  Peak RAM Test=38.332 MB
2026-06-01 13:04:28 | INFO | [ncluster=22/22] AUC-ROC=75.51%  AUC-PR=60.99%  F1=0.6030  MCC=0.3835  Train=16.302s  Test=4.737s  Peak RAM Train=79.674 MB  Peak RAM Test=42.772 MB
2026-06-01 13:04:28 | INFO | [ncluster=25/25] AUC-ROC=76.39%  AUC-PR=63.84%  F1=0.6065  MCC=0.3717  Train=10.090s  Test=2.441s  Peak RAM Train=79.678 MB  Peak RAM Test=47.212 MB
2026-06-01 13:04:28 | INFO | [ncluster=28/28] AUC-ROC=74.46%  AUC-PR=58.70%  F1=0.5791  MCC=0.4061  Train=16.804s  Test=6.996s  Peak RAM Train=79.676 MB  Peak RAM Test=51.652 MB
2026-06-01 13:04:28 | INFO | [ncluster=31/31] AUC-ROC=76.18%  AUC-PR=62.12%  F1=0.6130  MCC=0.4538  Train=15.797s  Test=6.003s  Peak RAM Train=79.679 MB  Peak RAM Test=56.092 MB
2026-06-01 13:04:28 | INFO | [ncluster=34/34] AUC-ROC=74.86%  AUC-PR=58.92%  F1=0.5826  MCC=0.4110  Train=11.232s  Test=6.719s  Peak RAM Train=79.681 MB  Peak RAM Test=60.532 MB
2026-06-01 13:04:28 | INFO | [ncluster=37/37] AUC-ROC=74.48%  AUC-PR=56.47%  F1=0.5754  MCC=0.3968  Train=12.544s  Test=5.415s  Peak RAM Train=79.685 MB  Peak RAM Test=64.972 MB
2026-06-01 13:04:28 | INFO | [ncluster=40/40] AUC-ROC=75.19%  AUC-PR=57.76%  F1=0.6091  MCC=0.4178  Train=15.327s  Test=6.120s  Peak RAM Train=79.68 MB  Peak RAM Test=69.412 MB
2026-06-01 13:04:28 | INFO | [ncluster=43/43] AUC-ROC=75.83%  AUC-PR=59.24%  F1=0.6032  MCC=0.4279  Train=13.426s  Test=6.477s  Peak RAM Train=79.683 MB  Peak RAM Test=73.852 MB
2026-06-01 13:04:28 | INFO | [ncluster=46/46] AUC-ROC=74.69%  AUC-PR=57.51%  F1=0.5907  MCC=0.4035  Train=14.938s  Test=5.632s  Peak RAM Train=79.685 MB  Peak RAM Test=78.292 MB
2026-06-01 13:04:28 | INFO | [ncluster=49/49] AUC-ROC=75.31%  AUC-PR=58.78%  F1=0.6112  MCC=0.4247  Train=12.912s  Test=10.864s  Peak RAM Train=79.688 MB  Peak RAM Test=82.732 MB
2026-06-01 13:04:28 | INFO | [ncluster=52/52] AUC-ROC=78.66%  AUC-PR=67.82%  F1=0.6227  MCC=0.4653  Train=16.853s  Test=9.230s  Peak RAM Train=79.689 MB  Peak RAM Test=87.172 MB
2026-06-01 13:04:28 | INFO | [ncluster=55/55] AUC-ROC=76.36%  AUC-PR=60.54%  F1=0.6103  MCC=0.4506  Train=15.209s  Test=9.624s  Peak RAM Train=79.692 MB  Peak RAM Test=91.612 MB
2026-06-01 13:04:28 | INFO | [ncluster=58/58] AUC-ROC=76.54%  AUC-PR=60.09%  F1=0.6280  MCC=0.4478  Train=17.634s  Test=12.270s  Peak RAM Train=79.69 MB  Peak RAM Test=96.052 MB
2026-06-01 13:04:28 | INFO | [ncluster=61/61] AUC-ROC=76.78%  AUC-PR=62.11%  F1=0.6131  MCC=0.4390  Train=18.191s  Test=12.661s  Peak RAM Train=79.693 MB  Peak RAM Test=100.492 MB
2026-06-01 13:04:28 | INFO | [ncluster=64/64] AUC-ROC=76.47%  AUC-PR=60.99%  F1=0.6129  MCC=0.4469  Train=15.096s  Test=15.385s  Peak RAM Train=79.69 MB  Peak RAM Test=104.932 MB
2026-06-01 13:04:28 | INFO | [ncluster=67/67] AUC-ROC=76.04%  AUC-PR=60.45%  F1=0.6088  MCC=0.4405  Train=18.026s  Test=15.316s  Peak RAM Train=79.694 MB  Peak RAM Test=109.372 MB
2026-06-01 13:04:28 | INFO | [ncluster=70/70] AUC-ROC=75.43%  AUC-PR=60.04%  F1=0.6095  MCC=0.4410  Train=13.417s  Test=8.721s  Peak RAM Train=79.695 MB  Peak RAM Test=113.812 MB
2026-06-01 13:04:28 | INFO | [ncluster=73/73] AUC-ROC=76.81%  AUC-PR=60.68%  F1=0.6164  MCC=0.4506  Train=16.550s  Test=17.213s  Peak RAM Train=79.695 MB  Peak RAM Test=118.252 MB
2026-06-01 13:04:28 | INFO | [ncluster=76/76] AUC-ROC=75.39%  AUC-PR=58.39%  F1=0.6125  MCC=0.4064  Train=15.082s  Test=11.575s  Peak RAM Train=79.697 MB  Peak RAM Test=122.692 MB
2026-06-01 13:04:28 | INFO | [ncluster=79/79] AUC-ROC=71.74%  AUC-PR=51.24%  F1=0.5545  MCC=0.3405  Train=14.728s  Test=10.264s  Peak RAM Train=79.699 MB  Peak RAM Test=127.132 MB
2026-06-01 13:04:28 | INFO | [ncluster=82/82] AUC-ROC=76.42%  AUC-PR=60.82%  F1=0.6206  MCC=0.4552  Train=12.382s  Test=11.007s  Peak RAM Train=79.699 MB  Peak RAM Test=131.572 MB
2026-06-01 13:04:28 | INFO | [ncluster=85/85] AUC-ROC=74.35%  AUC-PR=56.69%  F1=0.5905  MCC=0.3850  Train=17.031s  Test=13.721s  Peak RAM Train=79.699 MB  Peak RAM Test=136.012 MB
2026-06-01 13:04:28 | INFO | [ncluster=88/88] AUC-ROC=75.68%  AUC-PR=58.75%  F1=0.5964  MCC=0.4326  Train=19.115s  Test=12.664s  Peak RAM Train=79.704 MB  Peak RAM Test=140.452 MB
2026-06-01 13:04:28 | INFO | [ncluster=91/91] AUC-ROC=76.01%  AUC-PR=60.68%  F1=0.6065  MCC=0.4432  Train=17.700s  Test=20.346s  Peak RAM Train=79.702 MB  Peak RAM Test=144.892 MB
2026-06-01 13:04:28 | INFO | [ncluster=94/94] AUC-ROC=76.49%  AUC-PR=59.29%  F1=0.6161  MCC=0.4388  Train=13.071s  Test=12.220s  Peak RAM Train=79.701 MB  Peak RAM Test=149.332 MB
2026-06-01 13:04:28 | INFO | [ncluster=97/97] AUC-ROC=74.16%  AUC-PR=55.81%  F1=0.6048  MCC=0.3945  Train=13.989s  Test=12.463s  Peak RAM Train=79.7 MB  Peak RAM Test=153.772 MB
2026-06-01 13:04:28 | INFO | [ncluster=100/100] AUC-ROC=74.05%  AUC-PR=56.06%  F1=0.5800  MCC=0.3785  Train=13.736s  Test=10.514s  Peak RAM Train=79.707 MB  Peak RAM Test=158.212 MB
2026-06-01 13:04:28 | INFO | [ncluster=103/103] AUC-ROC=75.61%  AUC-PR=60.02%  F1=0.6259  MCC=0.4491  Train=15.476s  Test=13.965s  Peak RAM Train=79.708 MB  Peak RAM Test=162.652 MB
2026-06-01 13:04:28 | INFO | [ncluster=106/106] AUC-ROC=76.87%  AUC-PR=61.90%  F1=0.6206  MCC=0.4154  Train=10.998s  Test=8.928s  Peak RAM Train=79.708 MB  Peak RAM Test=167.092 MB
2026-06-01 13:04:28 | INFO | [ncluster=109/109] AUC-ROC=76.44%  AUC-PR=60.95%  F1=0.6360  MCC=0.4542  Train=10.462s  Test=17.024s  Peak RAM Train=79.709 MB  Peak RAM Test=171.532 MB
2026-06-01 13:04:28 | INFO | [ncluster=112/112] AUC-ROC=77.11%  AUC-PR=61.79%  F1=0.6317  MCC=0.4438  Train=9.055s  Test=10.953s  Peak RAM Train=79.711 MB  Peak RAM Test=175.972 MB
2026-06-01 13:04:28 | INFO | [ncluster=115/115] AUC-ROC=74.05%  AUC-PR=56.66%  F1=0.5754  MCC=0.3437  Train=12.441s  Test=12.488s  Peak RAM Train=79.713 MB  Peak RAM Test=180.412 MB
2026-06-01 13:04:28 | INFO | [ncluster=118/118] AUC-ROC=73.97%  AUC-PR=55.53%  F1=0.5778  MCC=0.3819  Train=14.061s  Test=12.792s  Peak RAM Train=79.713 MB  Peak RAM Test=184.852 MB
2026-06-01 13:04:28 | INFO | [ncluster=121/121] AUC-ROC=73.01%  AUC-PR=55.43%  F1=0.5582  MCC=0.3402  Train=16.946s  Test=25.752s  Peak RAM Train=79.713 MB  Peak RAM Test=189.292 MB
2026-06-01 13:04:28 | INFO | [ncluster=124/124] AUC-ROC=72.93%  AUC-PR=54.56%  F1=0.5656  MCC=0.3302  Train=14.583s  Test=20.913s  Peak RAM Train=79.715 MB  Peak RAM Test=193.732 MB
2026-06-01 13:04:28 | INFO | [ncluster=127/127] AUC-ROC=74.88%  AUC-PR=57.69%  F1=0.5833  MCC=0.3646  Train=14.169s  Test=13.588s  Peak RAM Train=79.716 MB  Peak RAM Test=198.172 MB
2026-06-01 13:04:28 | INFO | [ncluster=130/130] AUC-ROC=74.85%  AUC-PR=57.47%  F1=0.5924  MCC=0.3714  Train=13.775s  Test=18.843s  Peak RAM Train=79.716 MB  Peak RAM Test=202.612 MB
2026-06-01 13:04:28 | INFO | [ncluster=133/133] AUC-ROC=73.83%  AUC-PR=55.92%  F1=0.5753  MCC=0.3511  Train=11.700s  Test=18.808s  Peak RAM Train=79.718 MB  Peak RAM Test=207.052 MB
2026-06-01 13:04:28 | INFO | [ncluster=136/136] AUC-ROC=76.14%  AUC-PR=61.76%  F1=0.6045  MCC=0.3896  Train=12.026s  Test=15.118s  Peak RAM Train=79.72 MB  Peak RAM Test=211.492 MB
2026-06-01 13:04:28 | INFO | [ncluster=139/139] AUC-ROC=74.79%  AUC-PR=57.41%  F1=0.5834  MCC=0.3545  Train=10.873s  Test=18.165s  Peak RAM Train=79.716 MB  Peak RAM Test=215.932 MB
2026-06-01 13:04:28 | INFO | [ncluster=142/142] AUC-ROC=74.49%  AUC-PR=58.55%  F1=0.5831  MCC=0.3595  Train=12.783s  Test=19.002s  Peak RAM Train=79.721 MB  Peak RAM Test=220.372 MB
2026-06-01 13:04:28 | INFO | [ncluster=145/145] AUC-ROC=72.96%  AUC-PR=54.62%  F1=0.5613  MCC=0.3202  Train=14.506s  Test=17.449s  Peak RAM Train=79.723 MB  Peak RAM Test=224.812 MB
2026-06-01 13:04:28 | INFO | [ncluster=148/148] AUC-ROC=75.21%  AUC-PR=59.50%  F1=0.6034  MCC=0.3926  Train=10.663s  Test=27.887s  Peak RAM Train=79.724 MB  Peak RAM Test=229.252 MB
2026-06-01 13:04:28 | INFO | [ncluster=151/151] AUC-ROC=78.02%  AUC-PR=64.95%  F1=0.6287  MCC=0.4179  Train=13.322s  Test=16.277s  Peak RAM Train=79.727 MB  Peak RAM Test=233.692 MB
2026-06-01 13:04:28 | INFO | [ncluster=154/154] AUC-ROC=74.49%  AUC-PR=59.36%  F1=0.5991  MCC=0.3844  Train=9.836s  Test=15.625s  Peak RAM Train=79.726 MB  Peak RAM Test=238.132 MB
2026-06-01 13:04:28 | INFO | [ncluster=157/157] AUC-ROC=73.50%  AUC-PR=57.89%  F1=0.5624  MCC=0.3232  Train=10.726s  Test=24.360s  Peak RAM Train=79.726 MB  Peak RAM Test=242.572 MB
2026-06-01 13:04:28 | INFO | [ncluster=160/160] AUC-ROC=74.99%  AUC-PR=59.26%  F1=0.5806  MCC=0.3560  Train=10.865s  Test=19.251s  Peak RAM Train=79.73 MB  Peak RAM Test=247.012 MB
2026-06-01 13:04:28 | INFO | [ncluster=163/163] AUC-ROC=75.96%  AUC-PR=58.76%  F1=0.6039  MCC=0.3734  Train=12.473s  Test=20.075s  Peak RAM Train=79.73 MB  Peak RAM Test=251.452 MB
2026-06-01 13:04:28 | INFO | [ncluster=166/166] AUC-ROC=74.33%  AUC-PR=58.62%  F1=0.5980  MCC=0.3881  Train=8.837s  Test=22.014s  Peak RAM Train=79.73 MB  Peak RAM Test=255.892 MB
2026-06-01 13:04:28 | INFO | [ncluster=169/169] AUC-ROC=73.44%  AUC-PR=55.80%  F1=0.5955  MCC=0.3248  Train=9.280s  Test=20.650s  Peak RAM Train=79.733 MB  Peak RAM Test=260.332 MB
2026-06-01 13:04:28 | INFO | [ncluster=172/172] AUC-ROC=76.00%  AUC-PR=60.48%  F1=0.5949  MCC=0.3662  Train=7.128s  Test=22.132s  Peak RAM Train=79.732 MB  Peak RAM Test=264.772 MB
2026-06-01 13:04:28 | INFO | [ncluster=175/175] AUC-ROC=74.64%  AUC-PR=59.46%  F1=0.5712  MCC=0.3327  Train=13.097s  Test=18.520s  Peak RAM Train=79.732 MB  Peak RAM Test=269.212 MB
2026-06-01 13:04:28 | INFO | [ncluster=178/178] AUC-ROC=74.84%  AUC-PR=59.91%  F1=0.5658  MCC=0.3843  Train=12.771s  Test=25.012s  Peak RAM Train=79.732 MB  Peak RAM Test=273.652 MB
2026-06-01 13:04:28 | INFO | [ncluster=181/181] AUC-ROC=74.90%  AUC-PR=59.38%  F1=0.5895  MCC=0.3697  Train=12.051s  Test=21.678s  Peak RAM Train=79.734 MB  Peak RAM Test=278.092 MB
2026-06-01 13:04:28 | INFO | [ncluster=184/184] AUC-ROC=74.23%  AUC-PR=58.41%  F1=0.5810  MCC=0.3594  Train=11.044s  Test=26.824s  Peak RAM Train=79.736 MB  Peak RAM Test=282.532 MB
2026-06-01 13:04:28 | INFO | [ncluster=187/187] AUC-ROC=75.32%  AUC-PR=60.65%  F1=0.6005  MCC=0.4040  Train=12.049s  Test=21.969s  Peak RAM Train=79.739 MB  Peak RAM Test=286.972 MB
2026-06-01 13:04:28 | INFO | [ncluster=190/190] AUC-ROC=75.74%  AUC-PR=60.96%  F1=0.5852  MCC=0.3524  Train=12.415s  Test=26.728s  Peak RAM Train=79.735 MB  Peak RAM Test=291.412 MB
2026-06-01 13:04:28 | INFO | [ncluster=193/193] AUC-ROC=76.00%  AUC-PR=62.03%  F1=0.6136  MCC=0.3896  Train=13.684s  Test=23.211s  Peak RAM Train=79.739 MB  Peak RAM Test=295.852 MB
2026-06-01 13:04:28 | INFO | [ncluster=196/196] AUC-ROC=76.32%  AUC-PR=64.50%  F1=0.6068  MCC=0.4113  Train=12.284s  Test=29.582s  Peak RAM Train=79.742 MB  Peak RAM Test=300.292 MB
2026-06-01 13:04:28 | INFO | [ncluster=199/199] AUC-ROC=75.26%  AUC-PR=61.03%  F1=0.5942  MCC=0.3699  Train=13.074s  Test=24.849s  Peak RAM Train=79.742 MB  Peak RAM Test=304.732 MB
2026-06-01 13:04:28 | INFO | [ncluster=202/202] AUC-ROC=73.77%  AUC-PR=59.04%  F1=0.5752  MCC=0.3396  Train=11.019s  Test=25.975s  Peak RAM Train=79.744 MB  Peak RAM Test=309.172 MB
2026-06-01 13:04:28 | INFO | [ncluster=205/205] AUC-ROC=76.38%  AUC-PR=63.74%  F1=0.6018  MCC=0.3860  Train=11.313s  Test=17.620s  Peak RAM Train=79.744 MB  Peak RAM Test=313.612 MB
2026-06-01 13:04:28 | INFO | [ncluster=208/208] AUC-ROC=76.40%  AUC-PR=63.61%  F1=0.6139  MCC=0.4101  Train=10.690s  Test=17.759s  Peak RAM Train=79.745 MB  Peak RAM Test=318.052 MB
2026-06-01 13:04:28 | INFO | [ncluster=211/211] AUC-ROC=75.08%  AUC-PR=62.26%  F1=0.5887  MCC=0.3684  Train=11.449s  Test=22.448s  Peak RAM Train=79.745 MB  Peak RAM Test=322.492 MB
2026-06-01 13:04:28 | INFO | [ncluster=214/214] AUC-ROC=77.61%  AUC-PR=66.24%  F1=0.6369  MCC=0.4322  Train=11.133s  Test=23.439s  Peak RAM Train=79.746 MB  Peak RAM Test=326.932 MB
2026-06-01 13:04:28 | INFO | [ncluster=217/217] AUC-ROC=79.91%  AUC-PR=70.53%  F1=0.6558  MCC=0.4626  Train=9.307s  Test=20.150s  Peak RAM Train=79.749 MB  Peak RAM Test=331.372 MB
2026-06-01 13:04:28 | INFO | [ncluster=220/220] AUC-ROC=73.52%  AUC-PR=57.38%  F1=0.5727  MCC=0.3810  Train=7.867s  Test=20.136s  Peak RAM Train=79.75 MB  Peak RAM Test=335.812 MB
2026-06-01 13:04:28 | INFO | [ncluster=223/223] AUC-ROC=78.78%  AUC-PR=66.99%  F1=0.6312  MCC=0.4405  Train=9.748s  Test=24.923s  Peak RAM Train=79.747 MB  Peak RAM Test=340.252 MB
2026-06-01 13:04:28 | INFO | [ncluster=226/226] AUC-ROC=77.49%  AUC-PR=65.43%  F1=0.6057  MCC=0.3862  Train=8.692s  Test=33.129s  Peak RAM Train=79.753 MB  Peak RAM Test=344.692 MB
2026-06-01 13:04:28 | INFO | [ncluster=229/229] AUC-ROC=77.42%  AUC-PR=66.22%  F1=0.6343  MCC=0.4194  Train=6.483s  Test=16.103s  Peak RAM Train=79.756 MB  Peak RAM Test=349.132 MB
2026-06-01 13:04:28 | INFO | [ncluster=232/232] AUC-ROC=76.36%  AUC-PR=62.52%  F1=0.6119  MCC=0.4029  Train=5.880s  Test=21.965s  Peak RAM Train=79.756 MB  Peak RAM Test=353.572 MB
2026-06-01 13:04:28 | INFO | [ncluster=235/235] AUC-ROC=76.39%  AUC-PR=62.79%  F1=0.6118  MCC=0.4033  Train=7.106s  Test=33.698s  Peak RAM Train=79.753 MB  Peak RAM Test=358.012 MB
2026-06-01 13:04:28 | INFO | [ncluster=238/238] AUC-ROC=73.12%  AUC-PR=55.26%  F1=0.5919  MCC=0.3609  Train=7.425s  Test=24.855s  Peak RAM Train=79.758 MB  Peak RAM Test=362.452 MB
2026-06-01 13:04:28 | INFO | [ncluster=241/241] AUC-ROC=73.98%  AUC-PR=60.30%  F1=0.5822  MCC=0.3413  Train=4.648s  Test=20.203s  Peak RAM Train=79.758 MB  Peak RAM Test=366.892 MB
2026-06-01 13:04:28 | INFO | [ncluster=244/244] AUC-ROC=78.24%  AUC-PR=67.25%  F1=0.6501  MCC=0.4515  Train=11.011s  Test=26.909s  Peak RAM Train=79.759 MB  Peak RAM Test=371.332 MB
2026-06-01 13:04:28 | INFO | [ncluster=247/247] AUC-ROC=74.23%  AUC-PR=60.02%  F1=0.5808  MCC=0.3621  Train=9.415s  Test=24.259s  Peak RAM Train=79.762 MB  Peak RAM Test=375.772 MB
2026-06-01 13:04:28 | INFO | [ncluster=250/250] AUC-ROC=77.86%  AUC-PR=65.56%  F1=0.6245  MCC=0.4683  Train=9.028s  Test=22.804s  Peak RAM Train=79.761 MB  Peak RAM Test=380.212 MB
2026-06-01 13:04:28 | INFO | [ncluster=253/253] AUC-ROC=75.48%  AUC-PR=62.34%  F1=0.6241  MCC=0.4248  Train=10.018s  Test=27.050s  Peak RAM Train=79.764 MB  Peak RAM Test=384.652 MB
2026-06-01 13:04:28 | INFO | [ncluster=256/256] AUC-ROC=77.49%  AUC-PR=65.82%  F1=0.6141  MCC=0.4529  Train=12.587s  Test=32.955s  Peak RAM Train=79.765 MB  Peak RAM Test=389.092 MB
2026-06-01 13:04:28 | INFO | [ncluster=259/259] AUC-ROC=72.37%  AUC-PR=56.01%  F1=0.5759  MCC=0.2900  Train=13.572s  Test=31.207s  Peak RAM Train=79.766 MB  Peak RAM Test=393.532 MB
2026-06-01 13:04:28 | INFO | [ncluster=262/262] AUC-ROC=78.89%  AUC-PR=68.86%  F1=0.6371  MCC=0.4445  Train=11.016s  Test=32.156s  Peak RAM Train=79.768 MB  Peak RAM Test=397.972 MB
2026-06-01 13:04:28 | INFO | [ncluster=265/265] AUC-ROC=77.72%  AUC-PR=66.24%  F1=0.6171  MCC=0.4515  Train=9.642s  Test=29.752s  Peak RAM Train=79.765 MB  Peak RAM Test=402.412 MB
2026-06-01 13:04:28 | INFO | [ncluster=268/268] AUC-ROC=78.82%  AUC-PR=68.51%  F1=0.6470  MCC=0.4423  Train=11.120s  Test=23.079s  Peak RAM Train=79.768 MB  Peak RAM Test=406.852 MB
2026-06-01 13:04:28 | INFO | [ncluster=271/271] AUC-ROC=75.92%  AUC-PR=63.85%  F1=0.6136  MCC=0.4247  Train=10.948s  Test=26.925s  Peak RAM Train=79.768 MB  Peak RAM Test=411.292 MB
2026-06-01 13:04:28 | INFO | [ncluster=274/274] AUC-ROC=72.57%  AUC-PR=58.93%  F1=0.5574  MCC=0.3215  Train=9.931s  Test=29.702s  Peak RAM Train=79.768 MB  Peak RAM Test=415.732 MB
2026-06-01 13:04:28 | INFO | [ncluster=277/277] AUC-ROC=78.40%  AUC-PR=68.78%  F1=0.6457  MCC=0.4758  Train=12.339s  Test=30.480s  Peak RAM Train=79.771 MB  Peak RAM Test=420.172 MB
2026-06-01 13:04:28 | INFO | [ncluster=280/280] AUC-ROC=77.82%  AUC-PR=67.37%  F1=0.6433  MCC=0.4340  Train=11.211s  Test=23.927s  Peak RAM Train=79.77 MB  Peak RAM Test=424.612 MB
2026-06-01 13:04:28 | INFO | [ncluster=283/283] AUC-ROC=76.99%  AUC-PR=66.20%  F1=0.6211  MCC=0.4098  Train=7.489s  Test=32.617s  Peak RAM Train=79.772 MB  Peak RAM Test=429.052 MB
2026-06-01 13:04:28 | INFO | [ncluster=286/286] AUC-ROC=74.61%  AUC-PR=62.06%  F1=0.5930  MCC=0.3689  Train=10.742s  Test=22.586s  Peak RAM Train=79.775 MB  Peak RAM Test=433.492 MB
2026-06-01 13:04:28 | INFO | [ncluster=289/289] AUC-ROC=76.00%  AUC-PR=64.74%  F1=0.6304  MCC=0.4384  Train=11.189s  Test=29.488s  Peak RAM Train=79.776 MB  Peak RAM Test=437.932 MB
2026-06-01 13:04:28 | INFO | [ncluster=292/292] AUC-ROC=75.44%  AUC-PR=63.26%  F1=0.5840  MCC=0.4207  Train=8.373s  Test=18.994s  Peak RAM Train=79.778 MB  Peak RAM Test=442.372 MB
2026-06-01 13:04:28 | INFO | [ncluster=295/295] AUC-ROC=71.54%  AUC-PR=56.25%  F1=0.5509  MCC=0.2981  Train=5.717s  Test=16.993s  Peak RAM Train=79.775 MB  Peak RAM Test=446.812 MB
2026-06-01 13:04:28 | INFO | [ncluster=298/298] AUC-ROC=74.24%  AUC-PR=60.68%  F1=0.6020  MCC=0.3720  Train=6.409s  Test=14.634s  Peak RAM Train=79.78 MB  Peak RAM Test=451.252 MB
2026-06-01 13:04:28 | INFO | --- noise=3% ---
2026-06-01 13:04:28 | INFO | ============================================================
2026-06-01 13:04:28 | INFO | Dataset  : Train_MinMaxScaler_data_IoTID20.csv
2026-06-01 13:04:28 | INFO | Scaler   : MinMaxScaler
2026-06-01 13:04:28 | INFO | Noise    : 3%
2026-06-01 13:04:28 | INFO | nClusters: 100 values (1..298)
2026-06-01 13:04:28 | INFO | K-Means  : Standard KMeans
2026-06-01 13:04:28 | INFO | ============================================================
2026-06-01 13:04:29 | INFO | Loaded Raw Shape -> Train: (30878, 92), Test: (22720, 92)
2026-06-01 13:04:29 | INFO | Training size : 31,804  |  Testing size: 21,794  |  Features: 91
2026-06-01 13:04:29 | INFO | Firing up Parallel execution for 100 cluster configs...
2026-06-01 13:15:53 | INFO | [ncluster=1/1] AUC-ROC=74.97%  AUC-PR=66.17%  F1=0.6383  MCC=0.4081  Train=14.215s  Test=0.299s  Peak RAM Train=81.241 MB  Peak RAM Test=27.409 MB
2026-06-01 13:15:53 | INFO | [ncluster=4/4] AUC-ROC=67.51%  AUC-PR=46.62%  F1=0.5853  MCC=0.2955  Train=10.248s  Test=0.385s  Peak RAM Train=81.245 MB  Peak RAM Test=25.65 MB
2026-06-01 13:15:53 | INFO | [ncluster=7/7] AUC-ROC=65.91%  AUC-PR=43.96%  F1=0.5850  MCC=0.2936  Train=16.706s  Test=2.162s  Peak RAM Train=81.249 MB  Peak RAM Test=25.672 MB
2026-06-01 13:15:53 | INFO | [ncluster=10/10] AUC-ROC=65.46%  AUC-PR=43.50%  F1=0.5759  MCC=0.2672  Train=16.766s  Test=2.609s  Peak RAM Train=81.248 MB  Peak RAM Test=25.693 MB
2026-06-01 13:15:53 | INFO | [ncluster=13/13] AUC-ROC=63.52%  AUC-PR=42.40%  F1=0.5674  MCC=0.2573  Train=18.007s  Test=3.507s  Peak RAM Train=81.253 MB  Peak RAM Test=29.452 MB
2026-06-01 13:15:53 | INFO | [ncluster=16/16] AUC-ROC=63.10%  AUC-PR=44.00%  F1=0.5437  MCC=0.2027  Train=13.059s  Test=2.529s  Peak RAM Train=81.251 MB  Peak RAM Test=33.892 MB
2026-06-01 13:15:53 | INFO | [ncluster=19/19] AUC-ROC=65.06%  AUC-PR=46.04%  F1=0.5804  MCC=0.2737  Train=15.932s  Test=3.507s  Peak RAM Train=81.255 MB  Peak RAM Test=38.332 MB
2026-06-01 13:15:53 | INFO | [ncluster=22/22] AUC-ROC=68.08%  AUC-PR=52.33%  F1=0.5858  MCC=0.2852  Train=12.134s  Test=5.510s  Peak RAM Train=81.252 MB  Peak RAM Test=42.772 MB
2026-06-01 13:15:53 | INFO | [ncluster=25/25] AUC-ROC=67.83%  AUC-PR=51.24%  F1=0.5857  MCC=0.2841  Train=17.187s  Test=5.764s  Peak RAM Train=81.256 MB  Peak RAM Test=47.212 MB
2026-06-01 13:15:53 | INFO | [ncluster=28/28] AUC-ROC=67.07%  AUC-PR=47.08%  F1=0.5281  MCC=0.2614  Train=15.409s  Test=4.497s  Peak RAM Train=81.259 MB  Peak RAM Test=51.652 MB
2026-06-01 13:15:53 | INFO | [ncluster=31/31] AUC-ROC=66.43%  AUC-PR=46.29%  F1=0.5739  MCC=0.2629  Train=16.233s  Test=6.401s  Peak RAM Train=81.259 MB  Peak RAM Test=56.092 MB
2026-06-01 13:15:53 | INFO | [ncluster=34/34] AUC-ROC=66.63%  AUC-PR=49.67%  F1=0.5428  MCC=0.2426  Train=14.982s  Test=6.063s  Peak RAM Train=81.257 MB  Peak RAM Test=60.532 MB
2026-06-01 13:15:53 | INFO | [ncluster=37/37] AUC-ROC=65.71%  AUC-PR=45.05%  F1=0.5655  MCC=0.2501  Train=13.933s  Test=5.596s  Peak RAM Train=81.256 MB  Peak RAM Test=64.972 MB
2026-06-01 13:15:53 | INFO | [ncluster=40/40] AUC-ROC=68.92%  AUC-PR=49.53%  F1=0.5726  MCC=0.2705  Train=14.968s  Test=9.712s  Peak RAM Train=81.262 MB  Peak RAM Test=69.412 MB
2026-06-01 13:15:53 | INFO | [ncluster=43/43] AUC-ROC=67.12%  AUC-PR=47.82%  F1=0.4873  MCC=0.2708  Train=14.894s  Test=10.038s  Peak RAM Train=81.263 MB  Peak RAM Test=73.852 MB
2026-06-01 13:15:53 | INFO | [ncluster=46/46] AUC-ROC=65.74%  AUC-PR=46.17%  F1=0.5628  MCC=0.2405  Train=15.872s  Test=8.021s  Peak RAM Train=81.264 MB  Peak RAM Test=78.292 MB
2026-06-01 13:15:53 | INFO | [ncluster=49/49] AUC-ROC=66.64%  AUC-PR=46.68%  F1=0.5690  MCC=0.2486  Train=13.561s  Test=6.797s  Peak RAM Train=81.266 MB  Peak RAM Test=82.732 MB
2026-06-01 13:15:53 | INFO | [ncluster=52/52] AUC-ROC=66.45%  AUC-PR=46.79%  F1=0.5757  MCC=0.2585  Train=15.244s  Test=8.126s  Peak RAM Train=81.265 MB  Peak RAM Test=87.172 MB
2026-06-01 13:15:53 | INFO | [ncluster=55/55] AUC-ROC=66.35%  AUC-PR=46.91%  F1=0.5709  MCC=0.2581  Train=14.862s  Test=9.790s  Peak RAM Train=81.267 MB  Peak RAM Test=91.612 MB
2026-06-01 13:15:53 | INFO | [ncluster=58/58] AUC-ROC=66.38%  AUC-PR=47.41%  F1=0.5150  MCC=0.2498  Train=12.286s  Test=15.264s  Peak RAM Train=81.267 MB  Peak RAM Test=96.052 MB
2026-06-01 13:15:53 | INFO | [ncluster=61/61] AUC-ROC=68.07%  AUC-PR=49.50%  F1=0.5334  MCC=0.3027  Train=13.893s  Test=16.694s  Peak RAM Train=81.269 MB  Peak RAM Test=100.492 MB
2026-06-01 13:15:53 | INFO | [ncluster=64/64] AUC-ROC=67.65%  AUC-PR=48.98%  F1=0.5159  MCC=0.2889  Train=16.459s  Test=13.599s  Peak RAM Train=81.271 MB  Peak RAM Test=104.932 MB
2026-06-01 13:15:53 | INFO | [ncluster=67/67] AUC-ROC=66.57%  AUC-PR=46.37%  F1=0.5086  MCC=0.2637  Train=18.566s  Test=9.258s  Peak RAM Train=81.269 MB  Peak RAM Test=109.372 MB
2026-06-01 13:15:53 | INFO | [ncluster=70/70] AUC-ROC=67.03%  AUC-PR=48.70%  F1=0.5021  MCC=0.2782  Train=15.236s  Test=11.523s  Peak RAM Train=81.274 MB  Peak RAM Test=113.812 MB
2026-06-01 13:15:53 | INFO | [ncluster=73/73] AUC-ROC=66.50%  AUC-PR=46.67%  F1=0.5723  MCC=0.2543  Train=13.730s  Test=10.941s  Peak RAM Train=81.271 MB  Peak RAM Test=118.252 MB
2026-06-01 13:15:53 | INFO | [ncluster=76/76] AUC-ROC=66.18%  AUC-PR=46.98%  F1=0.5732  MCC=0.2509  Train=13.814s  Test=20.422s  Peak RAM Train=81.275 MB  Peak RAM Test=122.692 MB
2026-06-01 13:15:53 | INFO | [ncluster=79/79] AUC-ROC=67.12%  AUC-PR=47.96%  F1=0.5138  MCC=0.2495  Train=16.887s  Test=12.676s  Peak RAM Train=81.276 MB  Peak RAM Test=127.132 MB
2026-06-01 13:15:53 | INFO | [ncluster=82/82] AUC-ROC=66.63%  AUC-PR=47.10%  F1=0.5764  MCC=0.2631  Train=16.545s  Test=14.099s  Peak RAM Train=81.277 MB  Peak RAM Test=131.572 MB
2026-06-01 13:15:53 | INFO | [ncluster=85/85] AUC-ROC=64.78%  AUC-PR=44.19%  F1=0.5794  MCC=0.2673  Train=16.380s  Test=13.590s  Peak RAM Train=81.278 MB  Peak RAM Test=136.012 MB
2026-06-01 13:15:53 | INFO | [ncluster=88/88] AUC-ROC=67.53%  AUC-PR=48.22%  F1=0.5837  MCC=0.2785  Train=9.980s  Test=15.173s  Peak RAM Train=81.282 MB  Peak RAM Test=140.452 MB
2026-06-01 13:15:53 | INFO | [ncluster=91/91] AUC-ROC=65.60%  AUC-PR=45.44%  F1=0.5781  MCC=0.2612  Train=15.830s  Test=15.911s  Peak RAM Train=81.282 MB  Peak RAM Test=144.892 MB
2026-06-01 13:15:53 | INFO | [ncluster=94/94] AUC-ROC=64.36%  AUC-PR=43.57%  F1=0.5737  MCC=0.2562  Train=17.163s  Test=19.876s  Peak RAM Train=81.281 MB  Peak RAM Test=149.332 MB
2026-06-01 13:15:53 | INFO | [ncluster=97/97] AUC-ROC=68.55%  AUC-PR=49.11%  F1=0.5859  MCC=0.2825  Train=15.562s  Test=17.596s  Peak RAM Train=81.283 MB  Peak RAM Test=153.772 MB
2026-06-01 13:15:53 | INFO | [ncluster=100/100] AUC-ROC=68.32%  AUC-PR=49.65%  F1=0.5831  MCC=0.2756  Train=15.138s  Test=15.776s  Peak RAM Train=81.284 MB  Peak RAM Test=158.212 MB
2026-06-01 13:15:53 | INFO | [ncluster=103/103] AUC-ROC=66.71%  AUC-PR=47.72%  F1=0.5825  MCC=0.2745  Train=16.015s  Test=14.912s  Peak RAM Train=81.285 MB  Peak RAM Test=162.652 MB
2026-06-01 13:15:53 | INFO | [ncluster=106/106] AUC-ROC=68.88%  AUC-PR=50.24%  F1=0.5538  MCC=0.2757  Train=17.324s  Test=18.237s  Peak RAM Train=81.284 MB  Peak RAM Test=167.092 MB
2026-06-01 13:15:53 | INFO | [ncluster=109/109] AUC-ROC=66.11%  AUC-PR=45.89%  F1=0.5775  MCC=0.2666  Train=10.112s  Test=14.692s  Peak RAM Train=81.284 MB  Peak RAM Test=171.532 MB
2026-06-01 13:15:53 | INFO | [ncluster=112/112] AUC-ROC=68.32%  AUC-PR=50.45%  F1=0.5852  MCC=0.2816  Train=14.494s  Test=18.410s  Peak RAM Train=81.289 MB  Peak RAM Test=175.972 MB
2026-06-01 13:15:53 | INFO | [ncluster=115/115] AUC-ROC=65.93%  AUC-PR=45.34%  F1=0.5820  MCC=0.2711  Train=13.966s  Test=14.371s  Peak RAM Train=81.292 MB  Peak RAM Test=180.412 MB
2026-06-01 13:15:53 | INFO | [ncluster=118/118] AUC-ROC=67.92%  AUC-PR=51.42%  F1=0.5685  MCC=0.2552  Train=14.383s  Test=22.018s  Peak RAM Train=81.289 MB  Peak RAM Test=184.852 MB
2026-06-01 13:15:53 | INFO | [ncluster=121/121] AUC-ROC=65.69%  AUC-PR=45.23%  F1=0.5832  MCC=0.2740  Train=14.256s  Test=16.897s  Peak RAM Train=81.294 MB  Peak RAM Test=189.292 MB
2026-06-01 13:15:53 | INFO | [ncluster=124/124] AUC-ROC=69.02%  AUC-PR=51.72%  F1=0.5806  MCC=0.2732  Train=17.329s  Test=29.607s  Peak RAM Train=81.291 MB  Peak RAM Test=193.732 MB
2026-06-01 13:15:53 | INFO | [ncluster=127/127] AUC-ROC=65.17%  AUC-PR=44.21%  F1=0.5601  MCC=0.2468  Train=17.350s  Test=19.731s  Peak RAM Train=81.292 MB  Peak RAM Test=198.172 MB
2026-06-01 13:15:53 | INFO | [ncluster=130/130] AUC-ROC=66.09%  AUC-PR=47.53%  F1=0.5679  MCC=0.2416  Train=17.880s  Test=26.884s  Peak RAM Train=81.293 MB  Peak RAM Test=202.612 MB
2026-06-01 13:15:53 | INFO | [ncluster=133/133] AUC-ROC=65.64%  AUC-PR=46.78%  F1=0.5731  MCC=0.2500  Train=16.669s  Test=20.300s  Peak RAM Train=81.298 MB  Peak RAM Test=207.052 MB
2026-06-01 13:15:53 | INFO | [ncluster=136/136] AUC-ROC=68.07%  AUC-PR=50.19%  F1=0.5107  MCC=0.2741  Train=15.626s  Test=21.578s  Peak RAM Train=81.293 MB  Peak RAM Test=211.492 MB
2026-06-01 13:15:53 | INFO | [ncluster=139/139] AUC-ROC=67.92%  AUC-PR=50.36%  F1=0.5129  MCC=0.2526  Train=11.036s  Test=28.730s  Peak RAM Train=81.3 MB  Peak RAM Test=215.932 MB
2026-06-01 13:15:53 | INFO | [ncluster=142/142] AUC-ROC=69.84%  AUC-PR=53.69%  F1=0.5906  MCC=0.2914  Train=12.837s  Test=30.045s  Peak RAM Train=81.299 MB  Peak RAM Test=220.372 MB
2026-06-01 13:15:53 | INFO | [ncluster=145/145] AUC-ROC=66.55%  AUC-PR=46.85%  F1=0.5783  MCC=0.2622  Train=16.365s  Test=22.284s  Peak RAM Train=81.3 MB  Peak RAM Test=224.812 MB
2026-06-01 13:15:53 | INFO | [ncluster=148/148] AUC-ROC=66.47%  AUC-PR=45.33%  F1=0.5854  MCC=0.2876  Train=15.003s  Test=23.154s  Peak RAM Train=81.302 MB  Peak RAM Test=229.252 MB
2026-06-01 13:15:53 | INFO | [ncluster=151/151] AUC-ROC=65.38%  AUC-PR=45.56%  F1=0.5569  MCC=0.2425  Train=16.890s  Test=24.461s  Peak RAM Train=81.303 MB  Peak RAM Test=233.692 MB
2026-06-01 13:15:53 | INFO | [ncluster=154/154] AUC-ROC=66.23%  AUC-PR=48.26%  F1=0.5496  MCC=0.2367  Train=15.867s  Test=21.150s  Peak RAM Train=81.303 MB  Peak RAM Test=238.132 MB
2026-06-01 13:15:53 | INFO | [ncluster=157/157] AUC-ROC=67.37%  AUC-PR=48.64%  F1=0.5808  MCC=0.2664  Train=16.088s  Test=23.493s  Peak RAM Train=81.307 MB  Peak RAM Test=242.572 MB
2026-06-01 13:15:53 | INFO | [ncluster=160/160] AUC-ROC=66.40%  AUC-PR=46.84%  F1=0.5554  MCC=0.2483  Train=17.989s  Test=23.799s  Peak RAM Train=81.304 MB  Peak RAM Test=247.012 MB
2026-06-01 13:15:53 | INFO | [ncluster=163/163] AUC-ROC=68.40%  AUC-PR=51.08%  F1=0.4997  MCC=0.2767  Train=15.293s  Test=24.401s  Peak RAM Train=81.308 MB  Peak RAM Test=251.452 MB
2026-06-01 13:15:53 | INFO | [ncluster=166/166] AUC-ROC=66.30%  AUC-PR=47.93%  F1=0.5597  MCC=0.2440  Train=15.509s  Test=25.626s  Peak RAM Train=81.308 MB  Peak RAM Test=255.892 MB
2026-06-01 13:15:53 | INFO | [ncluster=169/169] AUC-ROC=67.10%  AUC-PR=48.62%  F1=0.5717  MCC=0.2560  Train=16.868s  Test=28.124s  Peak RAM Train=81.307 MB  Peak RAM Test=260.332 MB
2026-06-01 13:15:53 | INFO | [ncluster=172/172] AUC-ROC=69.01%  AUC-PR=53.39%  F1=0.5253  MCC=0.2878  Train=15.926s  Test=32.893s  Peak RAM Train=81.307 MB  Peak RAM Test=264.772 MB
2026-06-01 13:15:53 | INFO | [ncluster=175/175] AUC-ROC=68.84%  AUC-PR=52.07%  F1=0.5267  MCC=0.2910  Train=15.690s  Test=24.467s  Peak RAM Train=81.311 MB  Peak RAM Test=269.212 MB
2026-06-01 13:15:53 | INFO | [ncluster=178/178] AUC-ROC=65.61%  AUC-PR=46.35%  F1=0.5681  MCC=0.2495  Train=16.773s  Test=23.184s  Peak RAM Train=81.314 MB  Peak RAM Test=273.652 MB
2026-06-01 13:15:53 | INFO | [ncluster=181/181] AUC-ROC=66.67%  AUC-PR=50.19%  F1=0.5499  MCC=0.2277  Train=17.907s  Test=31.285s  Peak RAM Train=81.311 MB  Peak RAM Test=278.092 MB
2026-06-01 13:15:53 | INFO | [ncluster=184/184] AUC-ROC=68.52%  AUC-PR=52.49%  F1=0.5772  MCC=0.2607  Train=16.127s  Test=27.587s  Peak RAM Train=81.313 MB  Peak RAM Test=282.532 MB
2026-06-01 13:15:53 | INFO | [ncluster=187/187] AUC-ROC=70.36%  AUC-PR=55.70%  F1=0.5523  MCC=0.3157  Train=14.747s  Test=24.272s  Peak RAM Train=81.316 MB  Peak RAM Test=286.972 MB
2026-06-01 13:15:53 | INFO | [ncluster=190/190] AUC-ROC=67.45%  AUC-PR=50.86%  F1=0.5057  MCC=0.2611  Train=15.671s  Test=28.632s  Peak RAM Train=81.316 MB  Peak RAM Test=291.412 MB
2026-06-01 13:15:53 | INFO | [ncluster=193/193] AUC-ROC=67.31%  AUC-PR=49.35%  F1=0.5667  MCC=0.2417  Train=16.151s  Test=29.066s  Peak RAM Train=81.318 MB  Peak RAM Test=295.852 MB
2026-06-01 13:15:53 | INFO | [ncluster=196/196] AUC-ROC=66.02%  AUC-PR=47.58%  F1=0.5599  MCC=0.2399  Train=14.879s  Test=36.642s  Peak RAM Train=81.32 MB  Peak RAM Test=300.292 MB
2026-06-01 13:15:53 | INFO | [ncluster=199/199] AUC-ROC=67.17%  AUC-PR=52.16%  F1=0.5572  MCC=0.2312  Train=19.044s  Test=29.360s  Peak RAM Train=81.32 MB  Peak RAM Test=304.732 MB
2026-06-01 13:15:53 | INFO | [ncluster=202/202] AUC-ROC=66.02%  AUC-PR=48.65%  F1=0.5655  MCC=0.2287  Train=13.790s  Test=29.567s  Peak RAM Train=81.318 MB  Peak RAM Test=309.172 MB
2026-06-01 13:15:53 | INFO | [ncluster=205/205] AUC-ROC=63.05%  AUC-PR=43.58%  F1=0.5631  MCC=0.2373  Train=17.705s  Test=29.263s  Peak RAM Train=81.323 MB  Peak RAM Test=313.612 MB
2026-06-01 13:15:53 | INFO | [ncluster=208/208] AUC-ROC=68.92%  AUC-PR=51.55%  F1=0.5376  MCC=0.2824  Train=13.701s  Test=27.424s  Peak RAM Train=81.324 MB  Peak RAM Test=318.052 MB
2026-06-01 13:15:53 | INFO | [ncluster=211/211] AUC-ROC=69.09%  AUC-PR=53.52%  F1=0.5337  MCC=0.3141  Train=16.533s  Test=26.491s  Peak RAM Train=81.324 MB  Peak RAM Test=322.492 MB
2026-06-01 13:15:53 | INFO | [ncluster=214/214] AUC-ROC=65.85%  AUC-PR=47.24%  F1=0.5580  MCC=0.2319  Train=11.411s  Test=32.825s  Peak RAM Train=81.326 MB  Peak RAM Test=326.932 MB
2026-06-01 13:15:53 | INFO | [ncluster=217/217] AUC-ROC=65.25%  AUC-PR=48.44%  F1=0.5489  MCC=0.2198  Train=14.290s  Test=26.648s  Peak RAM Train=81.331 MB  Peak RAM Test=331.372 MB
2026-06-01 13:15:53 | INFO | [ncluster=220/220] AUC-ROC=68.50%  AUC-PR=53.26%  F1=0.5008  MCC=0.2996  Train=12.220s  Test=29.838s  Peak RAM Train=81.329 MB  Peak RAM Test=335.812 MB
2026-06-01 13:15:53 | INFO | [ncluster=223/223] AUC-ROC=67.64%  AUC-PR=50.90%  F1=0.4842  MCC=0.2873  Train=12.838s  Test=25.034s  Peak RAM Train=81.328 MB  Peak RAM Test=340.252 MB
2026-06-01 13:15:53 | INFO | [ncluster=226/226] AUC-ROC=71.74%  AUC-PR=59.16%  F1=0.5830  MCC=0.3531  Train=11.059s  Test=34.359s  Peak RAM Train=81.33 MB  Peak RAM Test=344.692 MB
2026-06-01 13:15:53 | INFO | [ncluster=229/229] AUC-ROC=60.00%  AUC-PR=38.26%  F1=0.5533  MCC=0.2233  Train=15.325s  Test=27.333s  Peak RAM Train=81.329 MB  Peak RAM Test=349.132 MB
2026-06-01 13:15:53 | INFO | [ncluster=232/232] AUC-ROC=60.53%  AUC-PR=38.36%  F1=0.5584  MCC=0.2456  Train=13.153s  Test=28.118s  Peak RAM Train=81.332 MB  Peak RAM Test=353.572 MB
2026-06-01 13:15:53 | INFO | [ncluster=235/235] AUC-ROC=60.62%  AUC-PR=38.98%  F1=0.5592  MCC=0.2319  Train=11.684s  Test=24.887s  Peak RAM Train=81.333 MB  Peak RAM Test=358.012 MB
2026-06-01 13:15:53 | INFO | [ncluster=238/238] AUC-ROC=68.97%  AUC-PR=53.88%  F1=0.5200  MCC=0.2924  Train=9.747s  Test=23.091s  Peak RAM Train=81.332 MB  Peak RAM Test=362.452 MB
2026-06-01 13:15:53 | INFO | [ncluster=241/241] AUC-ROC=69.22%  AUC-PR=53.55%  F1=0.5191  MCC=0.3026  Train=13.214s  Test=29.774s  Peak RAM Train=81.335 MB  Peak RAM Test=366.892 MB
2026-06-01 13:15:53 | INFO | [ncluster=244/244] AUC-ROC=68.76%  AUC-PR=54.69%  F1=0.5337  MCC=0.2632  Train=9.873s  Test=21.888s  Peak RAM Train=81.336 MB  Peak RAM Test=371.332 MB
2026-06-01 13:15:53 | INFO | [ncluster=247/247] AUC-ROC=61.80%  AUC-PR=41.43%  F1=0.5634  MCC=0.2427  Train=8.873s  Test=24.674s  Peak RAM Train=81.337 MB  Peak RAM Test=375.772 MB
2026-06-01 13:15:53 | INFO | [ncluster=250/250] AUC-ROC=69.16%  AUC-PR=54.45%  F1=0.5528  MCC=0.3140  Train=9.348s  Test=16.404s  Peak RAM Train=81.339 MB  Peak RAM Test=380.212 MB
2026-06-01 13:15:53 | INFO | [ncluster=253/253] AUC-ROC=69.27%  AUC-PR=54.88%  F1=0.5528  MCC=0.3138  Train=6.346s  Test=22.016s  Peak RAM Train=81.343 MB  Peak RAM Test=384.652 MB
2026-06-01 13:15:53 | INFO | [ncluster=256/256] AUC-ROC=65.50%  AUC-PR=47.66%  F1=0.5668  MCC=0.2534  Train=9.078s  Test=20.505s  Peak RAM Train=81.341 MB  Peak RAM Test=389.092 MB
2026-06-01 13:15:53 | INFO | [ncluster=259/259] AUC-ROC=69.27%  AUC-PR=54.62%  F1=0.5512  MCC=0.3134  Train=9.079s  Test=26.576s  Peak RAM Train=81.343 MB  Peak RAM Test=393.532 MB
2026-06-01 13:15:53 | INFO | [ncluster=262/262] AUC-ROC=69.43%  AUC-PR=55.08%  F1=0.5537  MCC=0.3174  Train=8.710s  Test=18.958s  Peak RAM Train=81.341 MB  Peak RAM Test=397.972 MB
2026-06-01 13:15:53 | INFO | [ncluster=265/265] AUC-ROC=63.23%  AUC-PR=44.90%  F1=0.5646  MCC=0.2258  Train=6.495s  Test=14.012s  Peak RAM Train=81.343 MB  Peak RAM Test=402.412 MB
2026-06-01 13:15:53 | INFO | [ncluster=268/268] AUC-ROC=69.67%  AUC-PR=55.78%  F1=0.5557  MCC=0.3140  Train=7.527s  Test=23.072s  Peak RAM Train=81.345 MB  Peak RAM Test=406.852 MB
2026-06-01 13:15:53 | INFO | [ncluster=271/271] AUC-ROC=69.66%  AUC-PR=55.84%  F1=0.5562  MCC=0.3169  Train=7.530s  Test=21.933s  Peak RAM Train=81.344 MB  Peak RAM Test=411.292 MB
2026-06-01 13:15:53 | INFO | [ncluster=274/274] AUC-ROC=64.89%  AUC-PR=47.37%  F1=0.5425  MCC=0.2093  Train=7.702s  Test=14.446s  Peak RAM Train=81.348 MB  Peak RAM Test=415.732 MB
2026-06-01 13:15:53 | INFO | [ncluster=277/277] AUC-ROC=68.84%  AUC-PR=54.13%  F1=0.5385  MCC=0.2948  Train=4.514s  Test=15.452s  Peak RAM Train=81.35 MB  Peak RAM Test=420.172 MB
2026-06-01 13:15:53 | INFO | [ncluster=280/280] AUC-ROC=65.00%  AUC-PR=48.73%  F1=0.5641  MCC=0.2366  Train=6.653s  Test=18.369s  Peak RAM Train=81.35 MB  Peak RAM Test=424.612 MB
2026-06-01 13:15:53 | INFO | [ncluster=283/283] AUC-ROC=65.82%  AUC-PR=49.89%  F1=0.5512  MCC=0.2260  Train=5.942s  Test=17.260s  Peak RAM Train=81.353 MB  Peak RAM Test=429.052 MB
2026-06-01 13:15:53 | INFO | [ncluster=286/286] AUC-ROC=65.60%  AUC-PR=51.00%  F1=0.5565  MCC=0.2145  Train=5.700s  Test=13.340s  Peak RAM Train=81.35 MB  Peak RAM Test=433.492 MB
2026-06-01 13:15:53 | INFO | [ncluster=289/289] AUC-ROC=69.02%  AUC-PR=55.17%  F1=0.5129  MCC=0.3253  Train=3.988s  Test=6.950s  Peak RAM Train=81.355 MB  Peak RAM Test=437.932 MB
2026-06-01 13:15:53 | INFO | [ncluster=292/292] AUC-ROC=67.94%  AUC-PR=54.67%  F1=0.4989  MCC=0.2982  Train=4.965s  Test=8.832s  Peak RAM Train=81.354 MB  Peak RAM Test=442.372 MB
2026-06-01 13:15:53 | INFO | [ncluster=295/295] AUC-ROC=66.52%  AUC-PR=50.12%  F1=0.5653  MCC=0.2481  Train=4.374s  Test=9.750s  Peak RAM Train=81.355 MB  Peak RAM Test=446.812 MB
2026-06-01 13:15:53 | INFO | [ncluster=298/298] AUC-ROC=70.26%  AUC-PR=57.64%  F1=0.5494  MCC=0.2922  Train=2.445s  Test=6.181s  Peak RAM Train=81.355 MB  Peak RAM Test=451.252 MB
2026-06-01 13:15:53 | INFO | --- noise=5% ---
2026-06-01 13:15:53 | INFO | ============================================================
2026-06-01 13:15:53 | INFO | Dataset  : Train_MinMaxScaler_data_IoTID20.csv
2026-06-01 13:15:53 | INFO | Scaler   : MinMaxScaler
2026-06-01 13:15:53 | INFO | Noise    : 5%
2026-06-01 13:15:53 | INFO | nClusters: 100 values (1..298)
2026-06-01 13:15:53 | INFO | K-Means  : Standard KMeans
2026-06-01 13:15:53 | INFO | ============================================================
2026-06-01 13:15:53 | INFO | Loaded Raw Shape -> Train: (30878, 92), Test: (22720, 92)
2026-06-01 13:15:53 | INFO | Training size : 32,421  |  Testing size: 21,177  |  Features: 91
2026-06-01 13:15:53 | INFO | Firing up Parallel execution for 100 cluster configs...
2026-06-01 13:28:23 | INFO | [ncluster=1/1] AUC-ROC=45.75%  AUC-PR=32.26%  F1=0.5379  MCC=0.0663  Train=14.874s  Test=0.435s  Peak RAM Train=82.816 MB  Peak RAM Test=26.627 MB
2026-06-01 13:28:23 | INFO | [ncluster=4/4] AUC-ROC=62.84%  AUC-PR=42.21%  F1=0.5796  MCC=0.2605  Train=15.726s  Test=1.164s  Peak RAM Train=82.821 MB  Peak RAM Test=26.113 MB
2026-06-01 13:28:23 | INFO | [ncluster=7/7] AUC-ROC=61.78%  AUC-PR=40.40%  F1=0.5880  MCC=0.2824  Train=14.484s  Test=1.887s  Peak RAM Train=82.823 MB  Peak RAM Test=26.118 MB
2026-06-01 13:28:23 | INFO | [ncluster=10/10] AUC-ROC=61.22%  AUC-PR=40.17%  F1=0.5983  MCC=0.2871  Train=13.155s  Test=2.363s  Peak RAM Train=82.824 MB  Peak RAM Test=26.123 MB
2026-06-01 13:28:23 | INFO | [ncluster=13/13] AUC-ROC=61.98%  AUC-PR=41.53%  F1=0.5926  MCC=0.2747  Train=14.171s  Test=2.215s  Peak RAM Train=82.825 MB  Peak RAM Test=30.18 MB
2026-06-01 13:28:23 | INFO | [ncluster=16/16] AUC-ROC=57.97%  AUC-PR=38.33%  F1=0.5725  MCC=0.2215  Train=10.748s  Test=0.940s  Peak RAM Train=82.827 MB  Peak RAM Test=34.62 MB
2026-06-01 13:28:23 | INFO | [ncluster=19/19] AUC-ROC=64.80%  AUC-PR=45.26%  F1=0.5653  MCC=0.2364  Train=13.826s  Test=1.722s  Peak RAM Train=82.828 MB  Peak RAM Test=39.06 MB
2026-06-01 13:28:23 | INFO | [ncluster=22/22] AUC-ROC=59.88%  AUC-PR=39.56%  F1=0.5737  MCC=0.2573  Train=13.351s  Test=3.717s  Peak RAM Train=82.827 MB  Peak RAM Test=43.5 MB
2026-06-01 13:28:23 | INFO | [ncluster=25/25] AUC-ROC=63.18%  AUC-PR=45.21%  F1=0.5576  MCC=0.2161  Train=14.241s  Test=3.699s  Peak RAM Train=82.828 MB  Peak RAM Test=47.94 MB
2026-06-01 13:28:23 | INFO | [ncluster=28/28] AUC-ROC=60.67%  AUC-PR=41.15%  F1=0.5545  MCC=0.2071  Train=16.725s  Test=6.602s  Peak RAM Train=82.834 MB  Peak RAM Test=52.38 MB
2026-06-01 13:28:23 | INFO | [ncluster=31/31] AUC-ROC=60.29%  AUC-PR=40.03%  F1=0.5658  MCC=0.2309  Train=15.608s  Test=5.755s  Peak RAM Train=82.832 MB  Peak RAM Test=56.82 MB
2026-06-01 13:28:23 | INFO | [ncluster=34/34] AUC-ROC=59.92%  AUC-PR=39.91%  F1=0.5455  MCC=0.2082  Train=15.717s  Test=6.650s  Peak RAM Train=82.836 MB  Peak RAM Test=61.26 MB
2026-06-01 13:28:23 | INFO | [ncluster=37/37] AUC-ROC=60.51%  AUC-PR=40.11%  F1=0.5702  MCC=0.2235  Train=15.139s  Test=5.327s  Peak RAM Train=82.837 MB  Peak RAM Test=65.7 MB
2026-06-01 13:28:23 | INFO | [ncluster=40/40] AUC-ROC=60.66%  AUC-PR=40.41%  F1=0.5597  MCC=0.2171  Train=13.589s  Test=8.592s  Peak RAM Train=82.836 MB  Peak RAM Test=70.14 MB
2026-06-01 13:28:23 | INFO | [ncluster=43/43] AUC-ROC=60.94%  AUC-PR=40.91%  F1=0.5780  MCC=0.2397  Train=16.583s  Test=8.934s  Peak RAM Train=82.838 MB  Peak RAM Test=74.58 MB
2026-06-01 13:28:23 | INFO | [ncluster=46/46] AUC-ROC=60.48%  AUC-PR=40.65%  F1=0.5632  MCC=0.2239  Train=13.028s  Test=8.450s  Peak RAM Train=82.838 MB  Peak RAM Test=79.02 MB
2026-06-01 13:28:23 | INFO | [ncluster=49/49] AUC-ROC=62.14%  AUC-PR=42.16%  F1=0.5695  MCC=0.2347  Train=14.502s  Test=6.720s  Peak RAM Train=82.839 MB  Peak RAM Test=83.46 MB
2026-06-01 13:28:23 | INFO | [ncluster=52/52] AUC-ROC=61.66%  AUC-PR=41.65%  F1=0.5670  MCC=0.2324  Train=8.830s  Test=5.402s  Peak RAM Train=82.842 MB  Peak RAM Test=87.9 MB
2026-06-01 13:28:23 | INFO | [ncluster=55/55] AUC-ROC=61.22%  AUC-PR=41.19%  F1=0.5683  MCC=0.2312  Train=10.995s  Test=10.023s  Peak RAM Train=82.838 MB  Peak RAM Test=92.34 MB
2026-06-01 13:28:23 | INFO | [ncluster=58/58] AUC-ROC=61.74%  AUC-PR=41.98%  F1=0.5744  MCC=0.2389  Train=11.471s  Test=7.615s  Peak RAM Train=82.842 MB  Peak RAM Test=96.78 MB
2026-06-01 13:28:23 | INFO | [ncluster=61/61] AUC-ROC=61.30%  AUC-PR=41.15%  F1=0.5730  MCC=0.2318  Train=15.471s  Test=10.211s  Peak RAM Train=82.846 MB  Peak RAM Test=101.22 MB
2026-06-01 13:28:23 | INFO | [ncluster=64/64] AUC-ROC=62.27%  AUC-PR=41.64%  F1=0.5772  MCC=0.2559  Train=14.216s  Test=10.681s  Peak RAM Train=82.844 MB  Peak RAM Test=105.66 MB
2026-06-01 13:28:23 | INFO | [ncluster=67/67] AUC-ROC=63.33%  AUC-PR=43.83%  F1=0.5713  MCC=0.2366  Train=15.529s  Test=12.040s  Peak RAM Train=82.845 MB  Peak RAM Test=110.1 MB
2026-06-01 13:28:23 | INFO | [ncluster=70/70] AUC-ROC=62.59%  AUC-PR=41.49%  F1=0.5907  MCC=0.2704  Train=18.019s  Test=14.148s  Peak RAM Train=82.844 MB  Peak RAM Test=114.54 MB
2026-06-01 13:28:23 | INFO | [ncluster=73/73] AUC-ROC=62.89%  AUC-PR=42.33%  F1=0.5830  MCC=0.2543  Train=10.388s  Test=8.151s  Peak RAM Train=82.85 MB  Peak RAM Test=118.98 MB
2026-06-01 13:28:23 | INFO | [ncluster=76/76] AUC-ROC=62.17%  AUC-PR=41.56%  F1=0.5807  MCC=0.2560  Train=10.949s  Test=11.536s  Peak RAM Train=82.85 MB  Peak RAM Test=123.42 MB
2026-06-01 13:28:23 | INFO | [ncluster=79/79] AUC-ROC=62.53%  AUC-PR=42.38%  F1=0.5839  MCC=0.2539  Train=18.818s  Test=10.758s  Peak RAM Train=82.851 MB  Peak RAM Test=127.86 MB
2026-06-01 13:28:23 | INFO | [ncluster=82/82] AUC-ROC=65.01%  AUC-PR=45.94%  F1=0.5919  MCC=0.2795  Train=13.623s  Test=17.032s  Peak RAM Train=82.852 MB  Peak RAM Test=132.3 MB
2026-06-01 13:28:23 | INFO | [ncluster=85/85] AUC-ROC=65.16%  AUC-PR=45.52%  F1=0.5962  MCC=0.2881  Train=14.927s  Test=18.738s  Peak RAM Train=82.851 MB  Peak RAM Test=136.74 MB
2026-06-01 13:28:23 | INFO | [ncluster=88/88] AUC-ROC=63.99%  AUC-PR=44.97%  F1=0.5833  MCC=0.2551  Train=12.032s  Test=12.845s  Peak RAM Train=82.853 MB  Peak RAM Test=141.18 MB
2026-06-01 13:28:23 | INFO | [ncluster=91/91] AUC-ROC=65.18%  AUC-PR=45.29%  F1=0.6023  MCC=0.3005  Train=15.368s  Test=15.240s  Peak RAM Train=82.856 MB  Peak RAM Test=145.62 MB
2026-06-01 13:28:23 | INFO | [ncluster=94/94] AUC-ROC=65.50%  AUC-PR=45.70%  F1=0.5989  MCC=0.2935  Train=17.629s  Test=14.295s  Peak RAM Train=82.854 MB  Peak RAM Test=150.06 MB
2026-06-01 13:28:23 | INFO | [ncluster=97/97] AUC-ROC=64.86%  AUC-PR=44.89%  F1=0.5991  MCC=0.2915  Train=15.857s  Test=9.333s  Peak RAM Train=82.857 MB  Peak RAM Test=154.5 MB
2026-06-01 13:28:23 | INFO | [ncluster=100/100] AUC-ROC=65.23%  AUC-PR=45.40%  F1=0.5999  MCC=0.2934  Train=12.393s  Test=15.645s  Peak RAM Train=82.858 MB  Peak RAM Test=158.94 MB
2026-06-01 13:28:23 | INFO | [ncluster=103/103] AUC-ROC=64.95%  AUC-PR=45.89%  F1=0.5927  MCC=0.2784  Train=16.656s  Test=10.165s  Peak RAM Train=82.86 MB  Peak RAM Test=163.38 MB
2026-06-01 13:28:23 | INFO | [ncluster=106/106] AUC-ROC=65.86%  AUC-PR=47.15%  F1=0.5955  MCC=0.2868  Train=18.233s  Test=20.801s  Peak RAM Train=82.862 MB  Peak RAM Test=167.82 MB
2026-06-01 13:28:23 | INFO | [ncluster=109/109] AUC-ROC=64.84%  AUC-PR=45.81%  F1=0.5893  MCC=0.2714  Train=14.023s  Test=20.479s  Peak RAM Train=82.861 MB  Peak RAM Test=172.26 MB
2026-06-01 13:28:23 | INFO | [ncluster=112/112] AUC-ROC=64.20%  AUC-PR=44.71%  F1=0.5554  MCC=0.2324  Train=15.175s  Test=15.470s  Peak RAM Train=82.865 MB  Peak RAM Test=176.7 MB
2026-06-01 13:28:23 | INFO | [ncluster=115/115] AUC-ROC=61.24%  AUC-PR=40.85%  F1=0.5885  MCC=0.2695  Train=15.250s  Test=20.191s  Peak RAM Train=82.864 MB  Peak RAM Test=181.14 MB
2026-06-01 13:28:23 | INFO | [ncluster=118/118] AUC-ROC=60.80%  AUC-PR=40.41%  F1=0.5856  MCC=0.2702  Train=18.762s  Test=20.672s  Peak RAM Train=82.864 MB  Peak RAM Test=185.58 MB
2026-06-01 13:28:23 | INFO | [ncluster=121/121] AUC-ROC=61.57%  AUC-PR=41.21%  F1=0.5910  MCC=0.2733  Train=14.742s  Test=16.797s  Peak RAM Train=82.867 MB  Peak RAM Test=190.02 MB
2026-06-01 13:28:23 | INFO | [ncluster=124/124] AUC-ROC=63.90%  AUC-PR=44.91%  F1=0.5948  MCC=0.2835  Train=12.405s  Test=11.412s  Peak RAM Train=82.862 MB  Peak RAM Test=194.46 MB
2026-06-01 13:28:23 | INFO | [ncluster=127/127] AUC-ROC=62.97%  AUC-PR=42.42%  F1=0.5972  MCC=0.2863  Train=15.501s  Test=19.586s  Peak RAM Train=82.867 MB  Peak RAM Test=198.9 MB
2026-06-01 13:28:23 | INFO | [ncluster=130/130] AUC-ROC=65.46%  AUC-PR=45.92%  F1=0.6011  MCC=0.2984  Train=11.054s  Test=17.785s  Peak RAM Train=82.868 MB  Peak RAM Test=203.34 MB
2026-06-01 13:28:23 | INFO | [ncluster=133/133] AUC-ROC=62.50%  AUC-PR=42.44%  F1=0.5816  MCC=0.2533  Train=18.285s  Test=27.111s  Peak RAM Train=82.871 MB  Peak RAM Test=207.78 MB
2026-06-01 13:28:23 | INFO | [ncluster=136/136] AUC-ROC=62.84%  AUC-PR=42.87%  F1=0.5970  MCC=0.2884  Train=15.814s  Test=19.258s  Peak RAM Train=82.872 MB  Peak RAM Test=212.22 MB
2026-06-01 13:28:23 | INFO | [ncluster=139/139] AUC-ROC=62.82%  AUC-PR=42.78%  F1=0.5819  MCC=0.2522  Train=13.606s  Test=29.208s  Peak RAM Train=82.874 MB  Peak RAM Test=216.66 MB
2026-06-01 13:28:23 | INFO | [ncluster=142/142] AUC-ROC=60.45%  AUC-PR=39.99%  F1=0.5824  MCC=0.2540  Train=17.694s  Test=22.099s  Peak RAM Train=82.873 MB  Peak RAM Test=221.1 MB
2026-06-01 13:28:23 | INFO | [ncluster=145/145] AUC-ROC=61.45%  AUC-PR=40.99%  F1=0.5928  MCC=0.2793  Train=18.876s  Test=22.576s  Peak RAM Train=82.872 MB  Peak RAM Test=225.54 MB
2026-06-01 13:28:23 | INFO | [ncluster=148/148] AUC-ROC=63.42%  AUC-PR=43.02%  F1=0.5862  MCC=0.2621  Train=18.846s  Test=20.246s  Peak RAM Train=82.875 MB  Peak RAM Test=229.98 MB
2026-06-01 13:28:23 | INFO | [ncluster=151/151] AUC-ROC=62.76%  AUC-PR=42.52%  F1=0.5649  MCC=0.2455  Train=14.530s  Test=21.254s  Peak RAM Train=82.877 MB  Peak RAM Test=234.42 MB
2026-06-01 13:28:23 | INFO | [ncluster=154/154] AUC-ROC=62.50%  AUC-PR=42.36%  F1=0.5850  MCC=0.2568  Train=15.021s  Test=35.228s  Peak RAM Train=82.878 MB  Peak RAM Test=238.86 MB
2026-06-01 13:28:23 | INFO | [ncluster=157/157] AUC-ROC=62.37%  AUC-PR=42.33%  F1=0.5688  MCC=0.2511  Train=12.826s  Test=26.321s  Peak RAM Train=82.881 MB  Peak RAM Test=243.3 MB
2026-06-01 13:28:23 | INFO | [ncluster=160/160] AUC-ROC=61.50%  AUC-PR=41.25%  F1=0.5943  MCC=0.2806  Train=16.914s  Test=17.440s  Peak RAM Train=82.879 MB  Peak RAM Test=247.74 MB
2026-06-01 13:28:23 | INFO | [ncluster=163/163] AUC-ROC=64.45%  AUC-PR=45.24%  F1=0.5888  MCC=0.2681  Train=16.385s  Test=27.801s  Peak RAM Train=82.882 MB  Peak RAM Test=252.18 MB
2026-06-01 13:28:23 | INFO | [ncluster=166/166] AUC-ROC=60.68%  AUC-PR=40.83%  F1=0.5739  MCC=0.2342  Train=16.391s  Test=21.749s  Peak RAM Train=82.881 MB  Peak RAM Test=256.62 MB
2026-06-01 13:28:23 | INFO | [ncluster=169/169] AUC-ROC=60.57%  AUC-PR=40.12%  F1=0.5731  MCC=0.2418  Train=19.358s  Test=26.325s  Peak RAM Train=82.882 MB  Peak RAM Test=261.06 MB
2026-06-01 13:28:23 | INFO | [ncluster=172/172] AUC-ROC=61.43%  AUC-PR=42.12%  F1=0.5843  MCC=0.2544  Train=14.335s  Test=21.877s  Peak RAM Train=82.885 MB  Peak RAM Test=265.5 MB
2026-06-01 13:28:23 | INFO | [ncluster=175/175] AUC-ROC=60.14%  AUC-PR=40.14%  F1=0.5608  MCC=0.2341  Train=17.126s  Test=29.833s  Peak RAM Train=82.884 MB  Peak RAM Test=269.94 MB
2026-06-01 13:28:23 | INFO | [ncluster=178/178] AUC-ROC=61.16%  AUC-PR=41.60%  F1=0.5747  MCC=0.2321  Train=17.209s  Test=29.828s  Peak RAM Train=82.883 MB  Peak RAM Test=274.38 MB
2026-06-01 13:28:23 | INFO | [ncluster=181/181] AUC-ROC=59.36%  AUC-PR=38.82%  F1=0.5663  MCC=0.2423  Train=10.947s  Test=19.736s  Peak RAM Train=82.886 MB  Peak RAM Test=278.82 MB
2026-06-01 13:28:23 | INFO | [ncluster=184/184] AUC-ROC=63.06%  AUC-PR=43.80%  F1=0.5614  MCC=0.2297  Train=15.405s  Test=31.422s  Peak RAM Train=82.891 MB  Peak RAM Test=283.26 MB
2026-06-01 13:28:23 | INFO | [ncluster=187/187] AUC-ROC=60.43%  AUC-PR=40.00%  F1=0.5592  MCC=0.2268  Train=16.499s  Test=30.206s  Peak RAM Train=82.892 MB  Peak RAM Test=287.7 MB
2026-06-01 13:28:23 | INFO | [ncluster=190/190] AUC-ROC=61.45%  AUC-PR=41.28%  F1=0.5862  MCC=0.2596  Train=17.744s  Test=28.426s  Peak RAM Train=82.89 MB  Peak RAM Test=292.14 MB
2026-06-01 13:28:23 | INFO | [ncluster=193/193] AUC-ROC=58.50%  AUC-PR=38.55%  F1=0.5336  MCC=0.1925  Train=15.825s  Test=32.409s  Peak RAM Train=82.893 MB  Peak RAM Test=296.58 MB
2026-06-01 13:28:23 | INFO | [ncluster=196/196] AUC-ROC=59.43%  AUC-PR=39.57%  F1=0.5723  MCC=0.2239  Train=14.658s  Test=29.935s  Peak RAM Train=82.896 MB  Peak RAM Test=301.02 MB
2026-06-01 13:28:23 | INFO | [ncluster=199/199] AUC-ROC=60.09%  AUC-PR=40.52%  F1=0.5522  MCC=0.2201  Train=17.709s  Test=25.952s  Peak RAM Train=82.896 MB  Peak RAM Test=305.46 MB
2026-06-01 13:28:23 | INFO | [ncluster=202/202] AUC-ROC=60.06%  AUC-PR=39.80%  F1=0.5715  MCC=0.2285  Train=14.133s  Test=27.784s  Peak RAM Train=82.894 MB  Peak RAM Test=309.9 MB
2026-06-01 13:28:23 | INFO | [ncluster=205/205] AUC-ROC=59.37%  AUC-PR=39.15%  F1=0.5736  MCC=0.2293  Train=12.347s  Test=33.804s  Peak RAM Train=82.899 MB  Peak RAM Test=314.34 MB
2026-06-01 13:28:23 | INFO | [ncluster=208/208] AUC-ROC=59.17%  AUC-PR=39.59%  F1=0.5429  MCC=0.1924  Train=18.201s  Test=36.003s  Peak RAM Train=82.898 MB  Peak RAM Test=318.78 MB
2026-06-01 13:28:23 | INFO | [ncluster=211/211] AUC-ROC=58.46%  AUC-PR=38.43%  F1=0.5743  MCC=0.2292  Train=16.696s  Test=37.087s  Peak RAM Train=82.898 MB  Peak RAM Test=323.22 MB
2026-06-01 13:28:23 | INFO | [ncluster=214/214] AUC-ROC=60.01%  AUC-PR=40.91%  F1=0.5553  MCC=0.2081  Train=17.774s  Test=41.698s  Peak RAM Train=82.901 MB  Peak RAM Test=327.66 MB
2026-06-01 13:28:23 | INFO | [ncluster=217/217] AUC-ROC=63.89%  AUC-PR=46.18%  F1=0.5692  MCC=0.2183  Train=12.927s  Test=33.206s  Peak RAM Train=82.903 MB  Peak RAM Test=332.1 MB
2026-06-01 13:28:23 | INFO | [ncluster=220/220] AUC-ROC=60.07%  AUC-PR=41.39%  F1=0.5737  MCC=0.2288  Train=13.671s  Test=32.442s  Peak RAM Train=82.896 MB  Peak RAM Test=336.54 MB
2026-06-01 13:28:23 | INFO | [ncluster=223/223] AUC-ROC=60.70%  AUC-PR=41.06%  F1=0.5557  MCC=0.2132  Train=12.198s  Test=27.330s  Peak RAM Train=82.902 MB  Peak RAM Test=340.98 MB
2026-06-01 13:28:23 | INFO | [ncluster=226/226] AUC-ROC=65.77%  AUC-PR=48.77%  F1=0.5616  MCC=0.2223  Train=16.903s  Test=37.251s  Peak RAM Train=82.904 MB  Peak RAM Test=345.42 MB
2026-06-01 13:28:23 | INFO | [ncluster=229/229] AUC-ROC=60.11%  AUC-PR=40.78%  F1=0.5672  MCC=0.2155  Train=13.305s  Test=40.109s  Peak RAM Train=82.906 MB  Peak RAM Test=349.86 MB
2026-06-01 13:28:23 | INFO | [ncluster=232/232] AUC-ROC=60.53%  AUC-PR=40.99%  F1=0.5628  MCC=0.2307  Train=18.086s  Test=32.154s  Peak RAM Train=82.906 MB  Peak RAM Test=354.3 MB
2026-06-01 13:28:23 | INFO | [ncluster=235/235] AUC-ROC=63.06%  AUC-PR=45.66%  F1=0.5718  MCC=0.2219  Train=15.493s  Test=27.106s  Peak RAM Train=82.909 MB  Peak RAM Test=358.74 MB
2026-06-01 13:28:23 | INFO | [ncluster=238/238] AUC-ROC=63.37%  AUC-PR=45.30%  F1=0.5606  MCC=0.2313  Train=12.057s  Test=30.100s  Peak RAM Train=82.907 MB  Peak RAM Test=363.18 MB
2026-06-01 13:28:23 | INFO | [ncluster=241/241] AUC-ROC=56.09%  AUC-PR=35.99%  F1=0.5505  MCC=0.2103  Train=14.075s  Test=34.330s  Peak RAM Train=82.91 MB  Peak RAM Test=367.62 MB
2026-06-01 13:28:23 | INFO | [ncluster=244/244] AUC-ROC=63.69%  AUC-PR=46.68%  F1=0.5721  MCC=0.2247  Train=12.754s  Test=36.020s  Peak RAM Train=82.908 MB  Peak RAM Test=372.06 MB
2026-06-01 13:28:23 | INFO | [ncluster=247/247] AUC-ROC=59.73%  AUC-PR=40.29%  F1=0.5451  MCC=0.2002  Train=12.047s  Test=30.398s  Peak RAM Train=82.913 MB  Peak RAM Test=376.5 MB
2026-06-01 13:28:23 | INFO | [ncluster=250/250] AUC-ROC=61.93%  AUC-PR=43.54%  F1=0.5743  MCC=0.2340  Train=10.403s  Test=28.757s  Peak RAM Train=82.914 MB  Peak RAM Test=380.94 MB
2026-06-01 13:28:23 | INFO | [ncluster=253/253] AUC-ROC=61.82%  AUC-PR=45.47%  F1=0.4208  MCC=0.1888  Train=11.665s  Test=36.214s  Peak RAM Train=82.914 MB  Peak RAM Test=385.38 MB
2026-06-01 13:28:23 | INFO | [ncluster=256/256] AUC-ROC=59.40%  AUC-PR=39.69%  F1=0.5632  MCC=0.2257  Train=13.415s  Test=27.248s  Peak RAM Train=82.915 MB  Peak RAM Test=389.82 MB
2026-06-01 13:28:23 | INFO | [ncluster=259/259] AUC-ROC=64.32%  AUC-PR=47.78%  F1=0.5529  MCC=0.2029  Train=7.168s  Test=19.876s  Peak RAM Train=82.916 MB  Peak RAM Test=394.26 MB
2026-06-01 13:28:23 | INFO | [ncluster=262/262] AUC-ROC=60.01%  AUC-PR=42.16%  F1=0.5448  MCC=0.1989  Train=9.312s  Test=24.506s  Peak RAM Train=82.916 MB  Peak RAM Test=398.7 MB
2026-06-01 13:28:23 | INFO | [ncluster=265/265] AUC-ROC=61.07%  AUC-PR=43.36%  F1=0.5393  MCC=0.1848  Train=9.342s  Test=25.646s  Peak RAM Train=82.917 MB  Peak RAM Test=403.14 MB
2026-06-01 13:28:23 | INFO | [ncluster=268/268] AUC-ROC=61.08%  AUC-PR=42.61%  F1=0.5545  MCC=0.2192  Train=9.196s  Test=24.416s  Peak RAM Train=82.92 MB  Peak RAM Test=407.58 MB
2026-06-01 13:28:23 | INFO | [ncluster=271/271] AUC-ROC=63.78%  AUC-PR=47.05%  F1=0.5567  MCC=0.2293  Train=10.424s  Test=18.305s  Peak RAM Train=82.92 MB  Peak RAM Test=412.02 MB
2026-06-01 13:28:23 | INFO | [ncluster=274/274] AUC-ROC=60.92%  AUC-PR=43.29%  F1=0.5528  MCC=0.2192  Train=7.526s  Test=25.374s  Peak RAM Train=82.921 MB  Peak RAM Test=416.46 MB
2026-06-01 13:28:23 | INFO | [ncluster=277/277] AUC-ROC=61.16%  AUC-PR=43.63%  F1=0.5537  MCC=0.2199  Train=7.164s  Test=23.409s  Peak RAM Train=82.92 MB  Peak RAM Test=420.9 MB
2026-06-01 13:28:23 | INFO | [ncluster=280/280] AUC-ROC=61.33%  AUC-PR=43.98%  F1=0.5558  MCC=0.2214  Train=10.714s  Test=24.407s  Peak RAM Train=82.919 MB  Peak RAM Test=425.34 MB
2026-06-01 13:28:23 | INFO | [ncluster=283/283] AUC-ROC=61.29%  AUC-PR=44.13%  F1=0.5556  MCC=0.2219  Train=8.796s  Test=25.013s  Peak RAM Train=82.925 MB  Peak RAM Test=429.78 MB
2026-06-01 13:28:23 | INFO | [ncluster=286/286] AUC-ROC=62.95%  AUC-PR=46.30%  F1=0.4452  MCC=0.2349  Train=11.775s  Test=23.346s  Peak RAM Train=82.926 MB  Peak RAM Test=434.22 MB
2026-06-01 13:28:23 | INFO | [ncluster=289/289] AUC-ROC=60.51%  AUC-PR=43.53%  F1=0.5398  MCC=0.1841  Train=9.362s  Test=21.769s  Peak RAM Train=82.928 MB  Peak RAM Test=438.66 MB
2026-06-01 13:28:23 | INFO | [ncluster=292/292] AUC-ROC=62.46%  AUC-PR=45.94%  F1=0.5542  MCC=0.2165  Train=5.646s  Test=17.549s  Peak RAM Train=82.93 MB  Peak RAM Test=443.1 MB
2026-06-01 13:28:23 | INFO | [ncluster=295/295] AUC-ROC=61.04%  AUC-PR=43.35%  F1=0.5390  MCC=0.1822  Train=7.955s  Test=18.399s  Peak RAM Train=82.93 MB  Peak RAM Test=447.54 MB
2026-06-01 13:28:23 | INFO | [ncluster=298/298] AUC-ROC=62.71%  AUC-PR=47.89%  F1=0.5444  MCC=0.1942  Train=6.708s  Test=19.142s  Peak RAM Train=82.932 MB  Peak RAM Test=451.98 MB
2026-06-01 13:28:23 | INFO | 
>>> Processing data_IoTID20 | scaler=Normalizer
2026-06-01 13:28:23 | INFO | --- noise=0% ---
2026-06-01 13:28:23 | INFO | ============================================================
2026-06-01 13:28:23 | INFO | Dataset  : Train_Normalizer_data_IoTID20.csv
2026-06-01 13:28:23 | INFO | Scaler   : Normalizer
2026-06-01 13:28:23 | INFO | Noise    : 0%
2026-06-01 13:28:23 | INFO | nClusters: 100 values (1..298)
2026-06-01 13:28:23 | INFO | K-Means  : Standard KMeans
2026-06-01 13:28:23 | INFO | ============================================================
2026-06-01 13:28:24 | INFO | Loaded Raw Shape -> Train: (30878, 92), Test: (22720, 92)
2026-06-01 13:28:25 | INFO | Training size : 30,878  |  Testing size: 22,720  |  Features: 91
2026-06-01 13:28:25 | INFO | Firing up Parallel execution for 100 cluster configs...
2026-06-01 13:37:59 | INFO | [ncluster=1/1] AUC-ROC=93.20%  AUC-PR=88.84%  F1=0.7826  MCC=0.6614  Train=11.819s  Test=0.432s  Peak RAM Train=78.878 MB  Peak RAM Test=45.123 MB
2026-06-01 13:37:59 | INFO | [ncluster=4/4] AUC-ROC=93.82%  AUC-PR=89.85%  F1=0.8020  MCC=0.6995  Train=7.847s  Test=0.904s  Peak RAM Train=78.882 MB  Peak RAM Test=44.146 MB
2026-06-01 13:37:59 | INFO | [ncluster=7/7] AUC-ROC=94.36%  AUC-PR=90.89%  F1=0.8103  MCC=0.7117  Train=10.899s  Test=1.664s  Peak RAM Train=78.884 MB  Peak RAM Test=44.156 MB
2026-06-01 13:37:59 | INFO | [ncluster=10/10] AUC-ROC=93.83%  AUC-PR=89.55%  F1=0.7943  MCC=0.6806  Train=11.521s  Test=1.982s  Peak RAM Train=78.884 MB  Peak RAM Test=44.522 MB
2026-06-01 13:37:59 | INFO | [ncluster=13/13] AUC-ROC=93.56%  AUC-PR=88.84%  F1=0.7940  MCC=0.6797  Train=8.036s  Test=1.668s  Peak RAM Train=78.886 MB  Peak RAM Test=48.962 MB
2026-06-01 13:37:59 | INFO | [ncluster=16/16] AUC-ROC=94.56%  AUC-PR=91.67%  F1=0.8137  MCC=0.7252  Train=10.620s  Test=2.157s  Peak RAM Train=78.888 MB  Peak RAM Test=53.402 MB
2026-06-01 13:37:59 | INFO | [ncluster=19/19] AUC-ROC=93.84%  AUC-PR=90.48%  F1=0.8078  MCC=0.7057  Train=10.949s  Test=2.540s  Peak RAM Train=78.885 MB  Peak RAM Test=57.842 MB
2026-06-01 13:37:59 | INFO | [ncluster=22/22] AUC-ROC=94.39%  AUC-PR=91.59%  F1=0.8178  MCC=0.7229  Train=9.685s  Test=2.745s  Peak RAM Train=78.89 MB  Peak RAM Test=62.282 MB
2026-06-01 13:37:59 | INFO | [ncluster=25/25] AUC-ROC=93.56%  AUC-PR=90.49%  F1=0.7775  MCC=0.6530  Train=10.734s  Test=3.622s  Peak RAM Train=78.893 MB  Peak RAM Test=66.722 MB
2026-06-01 13:37:59 | INFO | [ncluster=28/28] AUC-ROC=93.01%  AUC-PR=89.31%  F1=0.7715  MCC=0.6432  Train=10.662s  Test=5.075s  Peak RAM Train=78.894 MB  Peak RAM Test=71.162 MB
2026-06-01 13:37:59 | INFO | [ncluster=31/31] AUC-ROC=93.21%  AUC-PR=89.52%  F1=0.7725  MCC=0.6449  Train=9.873s  Test=4.520s  Peak RAM Train=78.891 MB  Peak RAM Test=75.602 MB
2026-06-01 13:37:59 | INFO | [ncluster=34/34] AUC-ROC=93.62%  AUC-PR=90.16%  F1=0.7832  MCC=0.6623  Train=12.182s  Test=3.072s  Peak RAM Train=78.895 MB  Peak RAM Test=80.042 MB
2026-06-01 13:37:59 | INFO | [ncluster=37/37] AUC-ROC=92.70%  AUC-PR=87.52%  F1=0.7763  MCC=0.6528  Train=10.234s  Test=3.969s  Peak RAM Train=78.898 MB  Peak RAM Test=84.482 MB
2026-06-01 13:37:59 | INFO | [ncluster=40/40] AUC-ROC=92.93%  AUC-PR=87.79%  F1=0.7844  MCC=0.6643  Train=7.604s  Test=3.626s  Peak RAM Train=78.898 MB  Peak RAM Test=88.922 MB
2026-06-01 13:37:59 | INFO | [ncluster=43/43] AUC-ROC=92.98%  AUC-PR=88.26%  F1=0.7830  MCC=0.6627  Train=11.925s  Test=6.639s  Peak RAM Train=78.897 MB  Peak RAM Test=93.362 MB
2026-06-01 13:37:59 | INFO | [ncluster=46/46] AUC-ROC=93.61%  AUC-PR=89.78%  F1=0.7909  MCC=0.6749  Train=8.831s  Test=3.968s  Peak RAM Train=78.899 MB  Peak RAM Test=97.802 MB
2026-06-01 13:37:59 | INFO | [ncluster=49/49] AUC-ROC=93.60%  AUC-PR=89.80%  F1=0.7826  MCC=0.6662  Train=7.560s  Test=5.786s  Peak RAM Train=78.901 MB  Peak RAM Test=102.242 MB
2026-06-01 13:37:59 | INFO | [ncluster=52/52] AUC-ROC=93.04%  AUC-PR=88.88%  F1=0.7828  MCC=0.6669  Train=11.496s  Test=9.285s  Peak RAM Train=78.903 MB  Peak RAM Test=106.682 MB
2026-06-01 13:37:59 | INFO | [ncluster=55/55] AUC-ROC=93.46%  AUC-PR=89.47%  F1=0.7851  MCC=0.6654  Train=6.436s  Test=6.962s  Peak RAM Train=78.901 MB  Peak RAM Test=111.122 MB
2026-06-01 13:37:59 | INFO | [ncluster=58/58] AUC-ROC=93.74%  AUC-PR=90.32%  F1=0.7876  MCC=0.6731  Train=10.909s  Test=8.662s  Peak RAM Train=78.902 MB  Peak RAM Test=115.562 MB
2026-06-01 13:37:59 | INFO | [ncluster=61/61] AUC-ROC=94.30%  AUC-PR=90.90%  F1=0.7983  MCC=0.6869  Train=9.296s  Test=7.441s  Peak RAM Train=78.906 MB  Peak RAM Test=120.002 MB
2026-06-01 13:37:59 | INFO | [ncluster=64/64] AUC-ROC=93.46%  AUC-PR=89.94%  F1=0.7862  MCC=0.6683  Train=9.488s  Test=7.584s  Peak RAM Train=78.91 MB  Peak RAM Test=124.442 MB
2026-06-01 13:37:59 | INFO | [ncluster=67/67] AUC-ROC=93.46%  AUC-PR=89.72%  F1=0.7776  MCC=0.6537  Train=8.439s  Test=7.135s  Peak RAM Train=78.907 MB  Peak RAM Test=128.882 MB
2026-06-01 13:37:59 | INFO | [ncluster=70/70] AUC-ROC=94.16%  AUC-PR=90.72%  F1=0.7907  MCC=0.6763  Train=10.362s  Test=9.813s  Peak RAM Train=78.907 MB  Peak RAM Test=133.322 MB
2026-06-01 13:37:59 | INFO | [ncluster=73/73] AUC-ROC=94.18%  AUC-PR=91.02%  F1=0.7881  MCC=0.6702  Train=9.652s  Test=9.170s  Peak RAM Train=78.907 MB  Peak RAM Test=137.762 MB
2026-06-01 13:37:59 | INFO | [ncluster=76/76] AUC-ROC=93.99%  AUC-PR=90.61%  F1=0.7929  MCC=0.6780  Train=6.537s  Test=7.289s  Peak RAM Train=78.906 MB  Peak RAM Test=142.202 MB
2026-06-01 13:37:59 | INFO | [ncluster=79/79] AUC-ROC=93.87%  AUC-PR=90.40%  F1=0.7810  MCC=0.6594  Train=11.274s  Test=14.678s  Peak RAM Train=78.913 MB  Peak RAM Test=146.642 MB
2026-06-01 13:37:59 | INFO | [ncluster=82/82] AUC-ROC=94.07%  AUC-PR=90.62%  F1=0.7931  MCC=0.6785  Train=9.055s  Test=9.478s  Peak RAM Train=78.914 MB  Peak RAM Test=151.082 MB
2026-06-01 13:37:59 | INFO | [ncluster=85/85] AUC-ROC=93.62%  AUC-PR=89.94%  F1=0.7906  MCC=0.6765  Train=11.055s  Test=11.836s  Peak RAM Train=78.913 MB  Peak RAM Test=155.522 MB
2026-06-01 13:37:59 | INFO | [ncluster=88/88] AUC-ROC=94.25%  AUC-PR=91.47%  F1=0.8071  MCC=0.7150  Train=11.709s  Test=13.085s  Peak RAM Train=78.916 MB  Peak RAM Test=159.962 MB
2026-06-01 13:37:59 | INFO | [ncluster=91/91] AUC-ROC=93.72%  AUC-PR=90.00%  F1=0.7905  MCC=0.6746  Train=9.738s  Test=10.557s  Peak RAM Train=78.917 MB  Peak RAM Test=164.402 MB
2026-06-01 13:37:59 | INFO | [ncluster=94/94] AUC-ROC=93.07%  AUC-PR=89.63%  F1=0.7749  MCC=0.6503  Train=10.830s  Test=7.599s  Peak RAM Train=78.915 MB  Peak RAM Test=168.842 MB
2026-06-01 13:37:59 | INFO | [ncluster=97/97] AUC-ROC=93.83%  AUC-PR=90.37%  F1=0.7888  MCC=0.6715  Train=9.168s  Test=9.499s  Peak RAM Train=78.92 MB  Peak RAM Test=173.282 MB
2026-06-01 13:37:59 | INFO | [ncluster=100/100] AUC-ROC=93.50%  AUC-PR=90.01%  F1=0.7926  MCC=0.6776  Train=7.752s  Test=10.294s  Peak RAM Train=78.922 MB  Peak RAM Test=177.722 MB
2026-06-01 13:37:59 | INFO | [ncluster=103/103] AUC-ROC=94.18%  AUC-PR=90.92%  F1=0.7942  MCC=0.6801  Train=6.515s  Test=11.415s  Peak RAM Train=78.927 MB  Peak RAM Test=182.162 MB
2026-06-01 13:37:59 | INFO | [ncluster=106/106] AUC-ROC=93.34%  AUC-PR=90.02%  F1=0.7804  MCC=0.6578  Train=7.383s  Test=12.484s  Peak RAM Train=78.932 MB  Peak RAM Test=186.602 MB
2026-06-01 13:37:59 | INFO | [ncluster=109/109] AUC-ROC=93.62%  AUC-PR=90.64%  F1=0.7805  MCC=0.6580  Train=7.153s  Test=8.388s  Peak RAM Train=78.932 MB  Peak RAM Test=191.042 MB
2026-06-01 13:37:59 | INFO | [ncluster=112/112] AUC-ROC=93.29%  AUC-PR=89.74%  F1=0.7768  MCC=0.6529  Train=6.591s  Test=12.257s  Peak RAM Train=78.934 MB  Peak RAM Test=195.482 MB
2026-06-01 13:37:59 | INFO | [ncluster=115/115] AUC-ROC=93.23%  AUC-PR=89.92%  F1=0.7792  MCC=0.6558  Train=10.396s  Test=10.593s  Peak RAM Train=78.94 MB  Peak RAM Test=199.922 MB
2026-06-01 13:37:59 | INFO | [ncluster=118/118] AUC-ROC=92.94%  AUC-PR=88.86%  F1=0.7677  MCC=0.6380  Train=8.288s  Test=10.897s  Peak RAM Train=78.939 MB  Peak RAM Test=204.362 MB
2026-06-01 13:37:59 | INFO | [ncluster=121/121] AUC-ROC=93.08%  AUC-PR=89.63%  F1=0.7669  MCC=0.6404  Train=7.844s  Test=10.169s  Peak RAM Train=78.937 MB  Peak RAM Test=208.802 MB
2026-06-01 13:37:59 | INFO | [ncluster=124/124] AUC-ROC=93.46%  AUC-PR=90.09%  F1=0.7827  MCC=0.6628  Train=8.054s  Test=16.632s  Peak RAM Train=78.936 MB  Peak RAM Test=213.242 MB
2026-06-01 13:37:59 | INFO | [ncluster=127/127] AUC-ROC=93.35%  AUC-PR=89.44%  F1=0.7765  MCC=0.6556  Train=8.279s  Test=11.350s  Peak RAM Train=78.94 MB  Peak RAM Test=217.682 MB
2026-06-01 13:37:59 | INFO | [ncluster=130/130] AUC-ROC=93.35%  AUC-PR=89.73%  F1=0.7704  MCC=0.6456  Train=6.206s  Test=11.798s  Peak RAM Train=78.93 MB  Peak RAM Test=222.122 MB
2026-06-01 13:37:59 | INFO | [ncluster=133/133] AUC-ROC=92.79%  AUC-PR=88.73%  F1=0.7478  MCC=0.6192  Train=8.601s  Test=10.625s  Peak RAM Train=78.933 MB  Peak RAM Test=226.562 MB
2026-06-01 13:37:59 | INFO | [ncluster=136/136] AUC-ROC=92.88%  AUC-PR=89.11%  F1=0.7794  MCC=0.6562  Train=7.207s  Test=16.982s  Peak RAM Train=78.947 MB  Peak RAM Test=231.002 MB
2026-06-01 13:37:59 | INFO | [ncluster=139/139] AUC-ROC=93.07%  AUC-PR=89.53%  F1=0.7731  MCC=0.6470  Train=7.713s  Test=15.099s  Peak RAM Train=78.942 MB  Peak RAM Test=235.442 MB
2026-06-01 13:37:59 | INFO | [ncluster=142/142] AUC-ROC=92.68%  AUC-PR=88.04%  F1=0.7620  MCC=0.6376  Train=8.457s  Test=15.654s  Peak RAM Train=78.943 MB  Peak RAM Test=239.882 MB
2026-06-01 13:37:59 | INFO | [ncluster=145/145] AUC-ROC=92.49%  AUC-PR=88.14%  F1=0.7659  MCC=0.6341  Train=8.410s  Test=17.812s  Peak RAM Train=78.947 MB  Peak RAM Test=244.322 MB
2026-06-01 13:37:59 | INFO | [ncluster=148/148] AUC-ROC=92.58%  AUC-PR=88.22%  F1=0.7584  MCC=0.6218  Train=9.787s  Test=16.931s  Peak RAM Train=78.938 MB  Peak RAM Test=248.762 MB
2026-06-01 13:37:59 | INFO | [ncluster=151/151] AUC-ROC=92.42%  AUC-PR=88.02%  F1=0.7618  MCC=0.6277  Train=8.712s  Test=14.726s  Peak RAM Train=78.938 MB  Peak RAM Test=253.202 MB
2026-06-01 13:37:59 | INFO | [ncluster=154/154] AUC-ROC=92.09%  AUC-PR=87.28%  F1=0.7639  MCC=0.6310  Train=7.159s  Test=18.677s  Peak RAM Train=78.958 MB  Peak RAM Test=257.642 MB
2026-06-01 13:37:59 | INFO | [ncluster=157/157] AUC-ROC=92.14%  AUC-PR=87.13%  F1=0.7724  MCC=0.6462  Train=10.807s  Test=24.810s  Peak RAM Train=78.942 MB  Peak RAM Test=262.082 MB
2026-06-01 13:37:59 | INFO | [ncluster=160/160] AUC-ROC=91.91%  AUC-PR=86.56%  F1=0.7721  MCC=0.6478  Train=7.524s  Test=30.953s  Peak RAM Train=78.941 MB  Peak RAM Test=266.522 MB
2026-06-01 13:37:59 | INFO | [ncluster=163/163] AUC-ROC=92.83%  AUC-PR=88.41%  F1=0.7697  MCC=0.6431  Train=14.347s  Test=31.754s  Peak RAM Train=78.944 MB  Peak RAM Test=270.962 MB
2026-06-01 13:37:59 | INFO | [ncluster=166/166] AUC-ROC=91.97%  AUC-PR=86.74%  F1=0.7675  MCC=0.6418  Train=9.619s  Test=23.447s  Peak RAM Train=78.945 MB  Peak RAM Test=275.402 MB
2026-06-01 13:37:59 | INFO | [ncluster=169/169] AUC-ROC=93.00%  AUC-PR=88.13%  F1=0.7831  MCC=0.6728  Train=12.028s  Test=27.678s  Peak RAM Train=78.941 MB  Peak RAM Test=279.842 MB
2026-06-01 13:37:59 | INFO | [ncluster=172/172] AUC-ROC=93.17%  AUC-PR=88.98%  F1=0.7776  MCC=0.6620  Train=12.500s  Test=32.391s  Peak RAM Train=78.954 MB  Peak RAM Test=284.282 MB
2026-06-01 13:37:59 | INFO | [ncluster=175/175] AUC-ROC=92.84%  AUC-PR=88.42%  F1=0.7745  MCC=0.6496  Train=11.411s  Test=21.579s  Peak RAM Train=78.954 MB  Peak RAM Test=288.722 MB
2026-06-01 13:37:59 | INFO | [ncluster=178/178] AUC-ROC=92.57%  AUC-PR=87.89%  F1=0.7605  MCC=0.6308  Train=9.295s  Test=27.006s  Peak RAM Train=78.95 MB  Peak RAM Test=293.162 MB
2026-06-01 13:37:59 | INFO | [ncluster=181/181] AUC-ROC=91.81%  AUC-PR=86.95%  F1=0.7608  MCC=0.6296  Train=12.260s  Test=24.597s  Peak RAM Train=78.957 MB  Peak RAM Test=297.602 MB
2026-06-01 13:37:59 | INFO | [ncluster=184/184] AUC-ROC=92.03%  AUC-PR=87.10%  F1=0.7709  MCC=0.6466  Train=15.329s  Test=19.133s  Peak RAM Train=78.963 MB  Peak RAM Test=302.042 MB
2026-06-01 13:37:59 | INFO | [ncluster=187/187] AUC-ROC=92.77%  AUC-PR=87.94%  F1=0.7763  MCC=0.6632  Train=13.592s  Test=32.535s  Peak RAM Train=78.96 MB  Peak RAM Test=306.482 MB
2026-06-01 13:37:59 | INFO | [ncluster=190/190] AUC-ROC=92.78%  AUC-PR=87.87%  F1=0.7718  MCC=0.6532  Train=8.717s  Test=30.917s  Peak RAM Train=78.964 MB  Peak RAM Test=310.922 MB
2026-06-01 13:37:59 | INFO | [ncluster=193/193] AUC-ROC=92.62%  AUC-PR=87.54%  F1=0.7769  MCC=0.6610  Train=11.877s  Test=28.245s  Peak RAM Train=78.953 MB  Peak RAM Test=315.362 MB
2026-06-01 13:37:59 | INFO | [ncluster=196/196] AUC-ROC=91.99%  AUC-PR=86.90%  F1=0.7644  MCC=0.6369  Train=12.764s  Test=30.957s  Peak RAM Train=78.956 MB  Peak RAM Test=319.802 MB
2026-06-01 13:37:59 | INFO | [ncluster=199/199] AUC-ROC=92.77%  AUC-PR=87.38%  F1=0.7834  MCC=0.6722  Train=14.866s  Test=22.266s  Peak RAM Train=78.959 MB  Peak RAM Test=324.242 MB
2026-06-01 13:37:59 | INFO | [ncluster=202/202] AUC-ROC=92.05%  AUC-PR=87.61%  F1=0.7454  MCC=0.6006  Train=9.182s  Test=34.928s  Peak RAM Train=78.961 MB  Peak RAM Test=328.682 MB
2026-06-01 13:37:59 | INFO | [ncluster=205/205] AUC-ROC=92.39%  AUC-PR=87.54%  F1=0.7679  MCC=0.6418  Train=14.418s  Test=33.736s  Peak RAM Train=78.959 MB  Peak RAM Test=333.122 MB
2026-06-01 13:37:59 | INFO | [ncluster=208/208] AUC-ROC=92.09%  AUC-PR=86.85%  F1=0.7728  MCC=0.6504  Train=16.466s  Test=42.243s  Peak RAM Train=78.963 MB  Peak RAM Test=337.562 MB
2026-06-01 13:37:59 | INFO | [ncluster=211/211] AUC-ROC=91.82%  AUC-PR=86.78%  F1=0.7600  MCC=0.6286  Train=10.564s  Test=30.742s  Peak RAM Train=78.961 MB  Peak RAM Test=342.002 MB
2026-06-01 13:37:59 | INFO | [ncluster=214/214] AUC-ROC=92.47%  AUC-PR=87.56%  F1=0.7769  MCC=0.6575  Train=13.033s  Test=28.135s  Peak RAM Train=78.959 MB  Peak RAM Test=346.442 MB
2026-06-01 13:37:59 | INFO | [ncluster=217/217] AUC-ROC=92.36%  AUC-PR=87.08%  F1=0.7827  MCC=0.6694  Train=14.056s  Test=30.966s  Peak RAM Train=78.966 MB  Peak RAM Test=350.882 MB
2026-06-01 13:37:59 | INFO | [ncluster=220/220] AUC-ROC=93.00%  AUC-PR=89.09%  F1=0.7662  MCC=0.6419  Train=16.059s  Test=25.930s  Peak RAM Train=78.975 MB  Peak RAM Test=355.322 MB
2026-06-01 13:37:59 | INFO | [ncluster=223/223] AUC-ROC=92.53%  AUC-PR=88.23%  F1=0.7589  MCC=0.6282  Train=13.796s  Test=26.621s  Peak RAM Train=78.968 MB  Peak RAM Test=359.762 MB
2026-06-01 13:37:59 | INFO | [ncluster=226/226] AUC-ROC=92.33%  AUC-PR=87.29%  F1=0.7715  MCC=0.6471  Train=10.755s  Test=26.218s  Peak RAM Train=78.975 MB  Peak RAM Test=364.202 MB
2026-06-01 13:37:59 | INFO | [ncluster=229/229] AUC-ROC=92.82%  AUC-PR=88.14%  F1=0.7657  MCC=0.6367  Train=14.004s  Test=34.930s  Peak RAM Train=78.97 MB  Peak RAM Test=368.642 MB
2026-06-01 13:37:59 | INFO | [ncluster=232/232] AUC-ROC=94.01%  AUC-PR=90.74%  F1=0.7945  MCC=0.6840  Train=9.295s  Test=44.437s  Peak RAM Train=78.984 MB  Peak RAM Test=373.082 MB
2026-06-01 13:37:59 | INFO | [ncluster=235/235] AUC-ROC=93.41%  AUC-PR=89.19%  F1=0.7744  MCC=0.6571  Train=9.027s  Test=24.865s  Peak RAM Train=78.972 MB  Peak RAM Test=377.522 MB
2026-06-01 13:37:59 | INFO | [ncluster=238/238] AUC-ROC=94.41%  AUC-PR=91.24%  F1=0.7992  MCC=0.6890  Train=11.400s  Test=39.090s  Peak RAM Train=78.973 MB  Peak RAM Test=381.962 MB
2026-06-01 13:37:59 | INFO | [ncluster=241/241] AUC-ROC=92.62%  AUC-PR=87.96%  F1=0.7600  MCC=0.6303  Train=5.106s  Test=38.803s  Peak RAM Train=78.975 MB  Peak RAM Test=386.402 MB
2026-06-01 13:37:59 | INFO | [ncluster=244/244] AUC-ROC=93.51%  AUC-PR=89.96%  F1=0.7650  MCC=0.6386  Train=9.658s  Test=42.955s  Peak RAM Train=78.98 MB  Peak RAM Test=390.842 MB
2026-06-01 13:37:59 | INFO | [ncluster=247/247] AUC-ROC=93.81%  AUC-PR=90.28%  F1=0.7909  MCC=0.6756  Train=8.053s  Test=44.627s  Peak RAM Train=78.974 MB  Peak RAM Test=395.282 MB
2026-06-01 13:37:59 | INFO | [ncluster=250/250] AUC-ROC=93.87%  AUC-PR=90.59%  F1=0.7900  MCC=0.6750  Train=9.544s  Test=44.199s  Peak RAM Train=78.979 MB  Peak RAM Test=399.722 MB
2026-06-01 13:37:59 | INFO | [ncluster=253/253] AUC-ROC=93.79%  AUC-PR=90.07%  F1=0.7905  MCC=0.6793  Train=9.070s  Test=30.699s  Peak RAM Train=78.975 MB  Peak RAM Test=404.162 MB
2026-06-01 13:37:59 | INFO | [ncluster=256/256] AUC-ROC=92.79%  AUC-PR=87.90%  F1=0.7813  MCC=0.6602  Train=9.306s  Test=26.790s  Peak RAM Train=78.974 MB  Peak RAM Test=408.602 MB
2026-06-01 13:37:59 | INFO | [ncluster=259/259] AUC-ROC=94.12%  AUC-PR=90.90%  F1=0.7924  MCC=0.6778  Train=9.772s  Test=30.143s  Peak RAM Train=78.975 MB  Peak RAM Test=413.042 MB
2026-06-01 13:37:59 | INFO | [ncluster=262/262] AUC-ROC=93.83%  AUC-PR=90.25%  F1=0.7865  MCC=0.6684  Train=11.312s  Test=28.893s  Peak RAM Train=78.99 MB  Peak RAM Test=417.482 MB
2026-06-01 13:37:59 | INFO | [ncluster=265/265] AUC-ROC=93.22%  AUC-PR=89.42%  F1=0.7640  MCC=0.6346  Train=8.635s  Test=25.411s  Peak RAM Train=78.988 MB  Peak RAM Test=421.922 MB
2026-06-01 13:37:59 | INFO | [ncluster=268/268] AUC-ROC=94.04%  AUC-PR=90.87%  F1=0.7888  MCC=0.6753  Train=7.602s  Test=27.215s  Peak RAM Train=78.987 MB  Peak RAM Test=426.362 MB
2026-06-01 13:37:59 | INFO | [ncluster=271/271] AUC-ROC=93.05%  AUC-PR=88.84%  F1=0.7708  MCC=0.6441  Train=7.023s  Test=26.900s  Peak RAM Train=78.99 MB  Peak RAM Test=430.802 MB
2026-06-01 13:37:59 | INFO | [ncluster=274/274] AUC-ROC=93.40%  AUC-PR=89.49%  F1=0.7854  MCC=0.6674  Train=7.921s  Test=26.531s  Peak RAM Train=78.986 MB  Peak RAM Test=435.242 MB
2026-06-01 13:37:59 | INFO | [ncluster=277/277] AUC-ROC=93.62%  AUC-PR=90.01%  F1=0.7887  MCC=0.6721  Train=7.165s  Test=23.099s  Peak RAM Train=78.989 MB  Peak RAM Test=439.682 MB
2026-06-01 13:37:59 | INFO | [ncluster=280/280] AUC-ROC=93.65%  AUC-PR=90.04%  F1=0.7906  MCC=0.6751  Train=8.428s  Test=32.205s  Peak RAM Train=78.988 MB  Peak RAM Test=444.122 MB
2026-06-01 13:37:59 | INFO | [ncluster=283/283] AUC-ROC=94.11%  AUC-PR=91.23%  F1=0.8064  MCC=0.7229  Train=11.440s  Test=21.251s  Peak RAM Train=78.989 MB  Peak RAM Test=448.562 MB
2026-06-01 13:37:59 | INFO | [ncluster=286/286] AUC-ROC=93.67%  AUC-PR=89.95%  F1=0.7895  MCC=0.6729  Train=7.088s  Test=25.005s  Peak RAM Train=78.992 MB  Peak RAM Test=453.002 MB
2026-06-01 13:37:59 | INFO | [ncluster=289/289] AUC-ROC=93.54%  AUC-PR=89.58%  F1=0.7870  MCC=0.6690  Train=7.599s  Test=27.547s  Peak RAM Train=79.0 MB  Peak RAM Test=457.442 MB
2026-06-01 13:37:59 | INFO | [ncluster=292/292] AUC-ROC=94.76%  AUC-PR=92.02%  F1=0.8178  MCC=0.7306  Train=4.741s  Test=26.613s  Peak RAM Train=78.997 MB  Peak RAM Test=461.882 MB
2026-06-01 13:37:59 | INFO | [ncluster=295/295] AUC-ROC=94.23%  AUC-PR=91.14%  F1=0.7913  MCC=0.6779  Train=8.085s  Test=27.158s  Peak RAM Train=78.994 MB  Peak RAM Test=466.322 MB
2026-06-01 13:37:59 | INFO | [ncluster=298/298] AUC-ROC=93.53%  AUC-PR=89.67%  F1=0.7831  MCC=0.6626  Train=9.795s  Test=23.527s  Peak RAM Train=78.995 MB  Peak RAM Test=470.762 MB
2026-06-01 13:37:59 | INFO | --- noise=1% ---
2026-06-01 13:37:59 | INFO | ============================================================
2026-06-01 13:37:59 | INFO | Dataset  : Train_Normalizer_data_IoTID20.csv
2026-06-01 13:37:59 | INFO | Scaler   : Normalizer
2026-06-01 13:37:59 | INFO | Noise    : 1%
2026-06-01 13:37:59 | INFO | nClusters: 100 values (1..298)
2026-06-01 13:37:59 | INFO | K-Means  : Standard KMeans
2026-06-01 13:37:59 | INFO | ============================================================
2026-06-01 13:38:01 | INFO | Loaded Raw Shape -> Train: (30878, 92), Test: (22720, 92)
2026-06-01 13:38:01 | INFO | Training size : 31,186  |  Testing size: 22,412  |  Features: 91
2026-06-01 13:38:01 | INFO | Firing up Parallel execution for 100 cluster configs...
2026-06-01 13:47:42 | INFO | [ncluster=1/1] AUC-ROC=89.44%  AUC-PR=84.57%  F1=0.7277  MCC=0.5772  Train=13.151s  Test=0.387s  Peak RAM Train=79.666 MB  Peak RAM Test=28.367 MB
2026-06-01 13:47:42 | INFO | [ncluster=4/4] AUC-ROC=84.02%  AUC-PR=74.87%  F1=0.7147  MCC=0.5545  Train=11.381s  Test=0.430s  Peak RAM Train=79.668 MB  Peak RAM Test=25.138 MB
2026-06-01 13:47:42 | INFO | [ncluster=7/7] AUC-ROC=83.11%  AUC-PR=73.79%  F1=0.6964  MCC=0.5211  Train=13.826s  Test=1.516s  Peak RAM Train=79.674 MB  Peak RAM Test=25.152 MB
2026-06-01 13:47:42 | INFO | [ncluster=10/10] AUC-ROC=82.78%  AUC-PR=73.29%  F1=0.6863  MCC=0.5036  Train=13.701s  Test=1.838s  Peak RAM Train=79.67 MB  Peak RAM Test=25.167 MB
2026-06-01 13:47:42 | INFO | [ncluster=13/13] AUC-ROC=84.78%  AUC-PR=79.25%  F1=0.6997  MCC=0.5287  Train=5.704s  Test=0.732s  Peak RAM Train=79.674 MB  Peak RAM Test=29.452 MB
2026-06-01 13:47:42 | INFO | [ncluster=16/16] AUC-ROC=85.02%  AUC-PR=79.80%  F1=0.7071  MCC=0.5441  Train=17.992s  Test=3.864s  Peak RAM Train=79.68 MB  Peak RAM Test=33.892 MB
2026-06-01 13:47:42 | INFO | [ncluster=19/19] AUC-ROC=85.59%  AUC-PR=81.70%  F1=0.7242  MCC=0.6004  Train=16.321s  Test=4.134s  Peak RAM Train=79.679 MB  Peak RAM Test=38.332 MB
2026-06-01 13:47:42 | INFO | [ncluster=22/22] AUC-ROC=84.82%  AUC-PR=80.75%  F1=0.7219  MCC=0.5961  Train=7.311s  Test=1.490s  Peak RAM Train=79.678 MB  Peak RAM Test=42.772 MB
2026-06-01 13:47:42 | INFO | [ncluster=25/25] AUC-ROC=84.53%  AUC-PR=80.68%  F1=0.7157  MCC=0.6119  Train=15.127s  Test=4.164s  Peak RAM Train=79.682 MB  Peak RAM Test=47.212 MB
2026-06-01 13:47:42 | INFO | [ncluster=28/28] AUC-ROC=83.60%  AUC-PR=79.44%  F1=0.6893  MCC=0.5234  Train=9.279s  Test=5.181s  Peak RAM Train=79.676 MB  Peak RAM Test=51.652 MB
2026-06-01 13:47:42 | INFO | [ncluster=31/31] AUC-ROC=83.93%  AUC-PR=79.88%  F1=0.7014  MCC=0.6059  Train=14.811s  Test=6.040s  Peak RAM Train=79.684 MB  Peak RAM Test=56.092 MB
2026-06-01 13:47:42 | INFO | [ncluster=34/34] AUC-ROC=84.52%  AUC-PR=79.75%  F1=0.6829  MCC=0.5632  Train=15.677s  Test=5.602s  Peak RAM Train=79.682 MB  Peak RAM Test=60.532 MB
2026-06-01 13:47:42 | INFO | [ncluster=37/37] AUC-ROC=83.51%  AUC-PR=78.88%  F1=0.6811  MCC=0.5711  Train=10.300s  Test=3.769s  Peak RAM Train=79.684 MB  Peak RAM Test=64.972 MB
2026-06-01 13:47:42 | INFO | [ncluster=40/40] AUC-ROC=83.68%  AUC-PR=79.20%  F1=0.6852  MCC=0.5753  Train=15.300s  Test=9.841s  Peak RAM Train=79.686 MB  Peak RAM Test=69.412 MB
2026-06-01 13:47:42 | INFO | [ncluster=43/43] AUC-ROC=83.66%  AUC-PR=78.11%  F1=0.6869  MCC=0.5059  Train=14.459s  Test=9.487s  Peak RAM Train=79.684 MB  Peak RAM Test=73.852 MB
2026-06-01 13:47:42 | INFO | [ncluster=46/46] AUC-ROC=84.57%  AUC-PR=79.91%  F1=0.6870  MCC=0.5700  Train=15.309s  Test=9.478s  Peak RAM Train=79.686 MB  Peak RAM Test=78.292 MB
2026-06-01 13:47:42 | INFO | [ncluster=49/49] AUC-ROC=85.36%  AUC-PR=81.31%  F1=0.7053  MCC=0.6064  Train=17.380s  Test=4.883s  Peak RAM Train=79.69 MB  Peak RAM Test=82.732 MB
2026-06-01 13:47:42 | INFO | [ncluster=52/52] AUC-ROC=83.93%  AUC-PR=79.34%  F1=0.6924  MCC=0.5798  Train=13.103s  Test=11.711s  Peak RAM Train=79.684 MB  Peak RAM Test=87.172 MB
2026-06-01 13:47:42 | INFO | [ncluster=55/55] AUC-ROC=85.38%  AUC-PR=81.05%  F1=0.7010  MCC=0.5700  Train=17.487s  Test=8.610s  Peak RAM Train=79.685 MB  Peak RAM Test=91.612 MB
2026-06-01 13:47:42 | INFO | [ncluster=58/58] AUC-ROC=85.51%  AUC-PR=81.36%  F1=0.6981  MCC=0.5756  Train=14.180s  Test=12.803s  Peak RAM Train=79.693 MB  Peak RAM Test=96.052 MB
2026-06-01 13:47:42 | INFO | [ncluster=61/61] AUC-ROC=85.65%  AUC-PR=81.54%  F1=0.6995  MCC=0.5794  Train=18.839s  Test=12.966s  Peak RAM Train=79.692 MB  Peak RAM Test=100.492 MB
2026-06-01 13:47:42 | INFO | [ncluster=64/64] AUC-ROC=84.62%  AUC-PR=80.77%  F1=0.6844  MCC=0.5991  Train=14.342s  Test=13.556s  Peak RAM Train=79.695 MB  Peak RAM Test=104.932 MB
2026-06-01 13:47:42 | INFO | [ncluster=67/67] AUC-ROC=85.32%  AUC-PR=83.12%  F1=0.7259  MCC=0.6044  Train=14.400s  Test=14.606s  Peak RAM Train=79.697 MB  Peak RAM Test=109.372 MB
2026-06-01 13:47:42 | INFO | [ncluster=70/70] AUC-ROC=85.76%  AUC-PR=83.49%  F1=0.7393  MCC=0.6245  Train=15.901s  Test=9.663s  Peak RAM Train=79.696 MB  Peak RAM Test=113.812 MB
2026-06-01 13:47:42 | INFO | [ncluster=73/73] AUC-ROC=84.69%  AUC-PR=82.02%  F1=0.7234  MCC=0.6285  Train=13.305s  Test=9.379s  Peak RAM Train=79.698 MB  Peak RAM Test=118.252 MB
2026-06-01 13:47:42 | INFO | [ncluster=76/76] AUC-ROC=86.07%  AUC-PR=83.66%  F1=0.7161  MCC=0.5556  Train=12.558s  Test=15.955s  Peak RAM Train=79.698 MB  Peak RAM Test=122.692 MB
2026-06-01 13:47:42 | INFO | [ncluster=79/79] AUC-ROC=86.24%  AUC-PR=83.51%  F1=0.7353  MCC=0.6055  Train=14.182s  Test=15.558s  Peak RAM Train=79.708 MB  Peak RAM Test=127.132 MB
2026-06-01 13:47:42 | INFO | [ncluster=82/82] AUC-ROC=86.36%  AUC-PR=83.98%  F1=0.7339  MCC=0.6353  Train=11.404s  Test=14.296s  Peak RAM Train=79.704 MB  Peak RAM Test=131.572 MB
2026-06-01 13:47:42 | INFO | [ncluster=85/85] AUC-ROC=85.04%  AUC-PR=82.69%  F1=0.7269  MCC=0.6223  Train=15.446s  Test=15.358s  Peak RAM Train=79.702 MB  Peak RAM Test=136.012 MB
2026-06-01 13:47:42 | INFO | [ncluster=88/88] AUC-ROC=84.56%  AUC-PR=82.51%  F1=0.7318  MCC=0.6225  Train=14.079s  Test=12.967s  Peak RAM Train=79.703 MB  Peak RAM Test=140.452 MB
2026-06-01 13:47:42 | INFO | [ncluster=91/91] AUC-ROC=86.20%  AUC-PR=84.14%  F1=0.7456  MCC=0.6209  Train=10.268s  Test=10.810s  Peak RAM Train=79.707 MB  Peak RAM Test=144.892 MB
2026-06-01 13:47:42 | INFO | [ncluster=94/94] AUC-ROC=85.89%  AUC-PR=83.10%  F1=0.7153  MCC=0.5875  Train=17.981s  Test=11.567s  Peak RAM Train=79.706 MB  Peak RAM Test=149.332 MB
2026-06-01 13:47:42 | INFO | [ncluster=97/97] AUC-ROC=85.65%  AUC-PR=83.60%  F1=0.7316  MCC=0.6002  Train=17.162s  Test=20.885s  Peak RAM Train=79.708 MB  Peak RAM Test=153.772 MB
2026-06-01 13:47:42 | INFO | [ncluster=100/100] AUC-ROC=84.14%  AUC-PR=81.57%  F1=0.7199  MCC=0.6189  Train=13.469s  Test=15.437s  Peak RAM Train=79.706 MB  Peak RAM Test=158.212 MB
2026-06-01 13:47:42 | INFO | [ncluster=103/103] AUC-ROC=85.42%  AUC-PR=83.14%  F1=0.7293  MCC=0.6239  Train=13.934s  Test=26.744s  Peak RAM Train=79.707 MB  Peak RAM Test=162.652 MB
2026-06-01 13:47:42 | INFO | [ncluster=106/106] AUC-ROC=84.48%  AUC-PR=81.72%  F1=0.7002  MCC=0.5906  Train=17.584s  Test=22.453s  Peak RAM Train=79.708 MB  Peak RAM Test=167.092 MB
2026-06-01 13:47:42 | INFO | [ncluster=109/109] AUC-ROC=84.81%  AUC-PR=82.56%  F1=0.7299  MCC=0.6194  Train=18.095s  Test=15.669s  Peak RAM Train=79.707 MB  Peak RAM Test=171.532 MB
2026-06-01 13:47:42 | INFO | [ncluster=112/112] AUC-ROC=85.31%  AUC-PR=83.43%  F1=0.7366  MCC=0.6307  Train=14.977s  Test=20.263s  Peak RAM Train=79.712 MB  Peak RAM Test=175.972 MB
2026-06-01 13:47:42 | INFO | [ncluster=115/115] AUC-ROC=84.87%  AUC-PR=82.47%  F1=0.7214  MCC=0.5967  Train=16.479s  Test=20.383s  Peak RAM Train=79.716 MB  Peak RAM Test=180.412 MB
2026-06-01 13:47:42 | INFO | [ncluster=118/118] AUC-ROC=84.45%  AUC-PR=81.66%  F1=0.7190  MCC=0.6060  Train=13.540s  Test=14.059s  Peak RAM Train=79.714 MB  Peak RAM Test=184.852 MB
2026-06-01 13:47:42 | INFO | [ncluster=121/121] AUC-ROC=84.37%  AUC-PR=82.30%  F1=0.7260  MCC=0.6371  Train=12.255s  Test=25.362s  Peak RAM Train=79.71 MB  Peak RAM Test=189.292 MB
2026-06-01 13:47:42 | INFO | [ncluster=124/124] AUC-ROC=85.06%  AUC-PR=82.41%  F1=0.7255  MCC=0.6079  Train=16.697s  Test=29.965s  Peak RAM Train=79.715 MB  Peak RAM Test=193.732 MB
2026-06-01 13:47:42 | INFO | [ncluster=127/127] AUC-ROC=83.88%  AUC-PR=80.54%  F1=0.7244  MCC=0.6074  Train=14.904s  Test=17.207s  Peak RAM Train=79.718 MB  Peak RAM Test=198.172 MB
2026-06-01 13:47:42 | INFO | [ncluster=130/130] AUC-ROC=84.68%  AUC-PR=81.77%  F1=0.7181  MCC=0.6044  Train=10.571s  Test=18.046s  Peak RAM Train=79.723 MB  Peak RAM Test=202.612 MB
2026-06-01 13:47:42 | INFO | [ncluster=133/133] AUC-ROC=85.12%  AUC-PR=81.52%  F1=0.7063  MCC=0.5430  Train=12.724s  Test=27.624s  Peak RAM Train=79.722 MB  Peak RAM Test=207.052 MB
2026-06-01 13:47:42 | INFO | [ncluster=136/136] AUC-ROC=83.97%  AUC-PR=81.46%  F1=0.7235  MCC=0.6095  Train=16.159s  Test=25.318s  Peak RAM Train=79.717 MB  Peak RAM Test=211.492 MB
2026-06-01 13:47:42 | INFO | [ncluster=139/139] AUC-ROC=83.95%  AUC-PR=80.86%  F1=0.6999  MCC=0.5696  Train=13.408s  Test=21.594s  Peak RAM Train=79.725 MB  Peak RAM Test=215.932 MB
2026-06-01 13:47:42 | INFO | [ncluster=142/142] AUC-ROC=84.21%  AUC-PR=81.25%  F1=0.7190  MCC=0.6064  Train=9.508s  Test=24.949s  Peak RAM Train=79.723 MB  Peak RAM Test=220.372 MB
2026-06-01 13:47:42 | INFO | [ncluster=145/145] AUC-ROC=83.63%  AUC-PR=80.25%  F1=0.7179  MCC=0.5883  Train=14.599s  Test=23.761s  Peak RAM Train=79.724 MB  Peak RAM Test=224.812 MB
2026-06-01 13:47:42 | INFO | [ncluster=148/148] AUC-ROC=83.73%  AUC-PR=80.72%  F1=0.7034  MCC=0.5663  Train=14.491s  Test=19.833s  Peak RAM Train=79.731 MB  Peak RAM Test=229.252 MB
2026-06-01 13:47:42 | INFO | [ncluster=151/151] AUC-ROC=83.91%  AUC-PR=80.79%  F1=0.6932  MCC=0.5357  Train=14.796s  Test=19.166s  Peak RAM Train=79.72 MB  Peak RAM Test=233.692 MB
2026-06-01 13:47:42 | INFO | [ncluster=154/154] AUC-ROC=84.01%  AUC-PR=80.60%  F1=0.6998  MCC=0.5452  Train=12.364s  Test=18.329s  Peak RAM Train=79.726 MB  Peak RAM Test=238.132 MB
2026-06-01 13:47:42 | INFO | [ncluster=157/157] AUC-ROC=83.09%  AUC-PR=78.41%  F1=0.6799  MCC=0.5103  Train=11.920s  Test=24.489s  Peak RAM Train=79.728 MB  Peak RAM Test=242.572 MB
2026-06-01 13:47:42 | INFO | [ncluster=160/160] AUC-ROC=83.24%  AUC-PR=80.02%  F1=0.6894  MCC=0.5312  Train=17.260s  Test=26.133s  Peak RAM Train=79.731 MB  Peak RAM Test=247.012 MB
2026-06-01 13:47:42 | INFO | [ncluster=163/163] AUC-ROC=83.57%  AUC-PR=80.64%  F1=0.7041  MCC=0.5599  Train=9.953s  Test=23.405s  Peak RAM Train=79.731 MB  Peak RAM Test=251.452 MB
2026-06-01 13:47:42 | INFO | [ncluster=166/166] AUC-ROC=85.22%  AUC-PR=81.77%  F1=0.7039  MCC=0.5572  Train=12.936s  Test=18.770s  Peak RAM Train=79.732 MB  Peak RAM Test=255.892 MB
2026-06-01 13:47:42 | INFO | [ncluster=169/169] AUC-ROC=84.00%  AUC-PR=80.28%  F1=0.7008  MCC=0.5691  Train=13.271s  Test=39.979s  Peak RAM Train=79.734 MB  Peak RAM Test=260.332 MB
2026-06-01 13:47:42 | INFO | [ncluster=172/172] AUC-ROC=84.64%  AUC-PR=82.24%  F1=0.7322  MCC=0.6203  Train=15.839s  Test=40.584s  Peak RAM Train=79.731 MB  Peak RAM Test=264.772 MB
2026-06-01 13:47:42 | INFO | [ncluster=175/175] AUC-ROC=85.42%  AUC-PR=82.15%  F1=0.7098  MCC=0.5497  Train=12.786s  Test=45.219s  Peak RAM Train=79.735 MB  Peak RAM Test=269.212 MB
2026-06-01 13:47:42 | INFO | [ncluster=178/178] AUC-ROC=84.02%  AUC-PR=79.78%  F1=0.6993  MCC=0.5418  Train=13.006s  Test=45.361s  Peak RAM Train=79.735 MB  Peak RAM Test=273.652 MB
2026-06-01 13:47:42 | INFO | [ncluster=181/181] AUC-ROC=83.62%  AUC-PR=79.46%  F1=0.6925  MCC=0.5200  Train=13.976s  Test=43.476s  Peak RAM Train=79.743 MB  Peak RAM Test=278.092 MB
2026-06-01 13:47:42 | INFO | [ncluster=184/184] AUC-ROC=83.94%  AUC-PR=79.96%  F1=0.6914  MCC=0.5210  Train=15.474s  Test=44.460s  Peak RAM Train=79.739 MB  Peak RAM Test=282.532 MB
2026-06-01 13:47:42 | INFO | [ncluster=187/187] AUC-ROC=83.93%  AUC-PR=79.97%  F1=0.6931  MCC=0.5256  Train=11.945s  Test=37.115s  Peak RAM Train=79.739 MB  Peak RAM Test=286.972 MB
2026-06-01 13:47:42 | INFO | [ncluster=190/190] AUC-ROC=85.03%  AUC-PR=81.43%  F1=0.7084  MCC=0.5504  Train=12.061s  Test=49.839s  Peak RAM Train=79.739 MB  Peak RAM Test=291.412 MB
2026-06-01 13:47:42 | INFO | [ncluster=193/193] AUC-ROC=83.61%  AUC-PR=79.45%  F1=0.6918  MCC=0.5300  Train=15.764s  Test=26.189s  Peak RAM Train=79.746 MB  Peak RAM Test=295.852 MB
2026-06-01 13:47:42 | INFO | [ncluster=196/196] AUC-ROC=83.75%  AUC-PR=80.29%  F1=0.7140  MCC=0.5757  Train=17.423s  Test=30.874s  Peak RAM Train=79.746 MB  Peak RAM Test=300.292 MB
2026-06-01 13:47:42 | INFO | [ncluster=199/199] AUC-ROC=84.04%  AUC-PR=81.53%  F1=0.7056  MCC=0.5403  Train=15.578s  Test=23.094s  Peak RAM Train=79.743 MB  Peak RAM Test=304.732 MB
2026-06-01 13:47:42 | INFO | [ncluster=202/202] AUC-ROC=85.13%  AUC-PR=82.22%  F1=0.7134  MCC=0.5826  Train=13.915s  Test=29.490s  Peak RAM Train=79.741 MB  Peak RAM Test=309.172 MB
2026-06-01 13:47:42 | INFO | [ncluster=205/205] AUC-ROC=83.88%  AUC-PR=79.05%  F1=0.7031  MCC=0.5368  Train=15.808s  Test=27.633s  Peak RAM Train=79.744 MB  Peak RAM Test=313.612 MB
2026-06-01 13:47:42 | INFO | [ncluster=208/208] AUC-ROC=83.70%  AUC-PR=79.63%  F1=0.6907  MCC=0.5152  Train=15.906s  Test=29.938s  Peak RAM Train=79.747 MB  Peak RAM Test=318.052 MB
2026-06-01 13:47:42 | INFO | [ncluster=211/211] AUC-ROC=83.75%  AUC-PR=80.55%  F1=0.7034  MCC=0.5449  Train=7.768s  Test=31.271s  Peak RAM Train=79.75 MB  Peak RAM Test=322.492 MB
2026-06-01 13:47:42 | INFO | [ncluster=214/214] AUC-ROC=84.86%  AUC-PR=81.08%  F1=0.7071  MCC=0.5426  Train=13.451s  Test=23.820s  Peak RAM Train=79.747 MB  Peak RAM Test=326.932 MB
2026-06-01 13:47:42 | INFO | [ncluster=217/217] AUC-ROC=84.84%  AUC-PR=80.88%  F1=0.7075  MCC=0.5441  Train=13.009s  Test=16.000s  Peak RAM Train=79.753 MB  Peak RAM Test=331.372 MB
2026-06-01 13:47:42 | INFO | [ncluster=220/220] AUC-ROC=83.86%  AUC-PR=80.70%  F1=0.6950  MCC=0.5404  Train=11.361s  Test=19.671s  Peak RAM Train=79.754 MB  Peak RAM Test=335.812 MB
2026-06-01 13:47:42 | INFO | [ncluster=223/223] AUC-ROC=84.16%  AUC-PR=80.04%  F1=0.6975  MCC=0.5270  Train=11.972s  Test=19.771s  Peak RAM Train=79.754 MB  Peak RAM Test=340.252 MB
2026-06-01 13:47:42 | INFO | [ncluster=226/226] AUC-ROC=85.47%  AUC-PR=82.20%  F1=0.7099  MCC=0.5547  Train=9.440s  Test=19.676s  Peak RAM Train=79.755 MB  Peak RAM Test=344.692 MB
2026-06-01 13:47:42 | INFO | [ncluster=229/229] AUC-ROC=83.95%  AUC-PR=80.69%  F1=0.6951  MCC=0.5243  Train=9.356s  Test=22.066s  Peak RAM Train=79.756 MB  Peak RAM Test=349.132 MB
2026-06-01 13:47:42 | INFO | [ncluster=232/232] AUC-ROC=84.10%  AUC-PR=80.98%  F1=0.6987  MCC=0.5326  Train=7.514s  Test=16.749s  Peak RAM Train=79.756 MB  Peak RAM Test=353.572 MB
2026-06-01 13:47:42 | INFO | [ncluster=235/235] AUC-ROC=84.40%  AUC-PR=81.24%  F1=0.7018  MCC=0.5375  Train=8.629s  Test=15.714s  Peak RAM Train=79.752 MB  Peak RAM Test=358.012 MB
2026-06-01 13:47:42 | INFO | [ncluster=238/238] AUC-ROC=83.92%  AUC-PR=80.75%  F1=0.6898  MCC=0.5163  Train=7.731s  Test=15.726s  Peak RAM Train=79.757 MB  Peak RAM Test=362.452 MB
2026-06-01 13:47:42 | INFO | [ncluster=241/241] AUC-ROC=83.77%  AUC-PR=80.48%  F1=0.6887  MCC=0.5138  Train=6.086s  Test=17.861s  Peak RAM Train=79.759 MB  Peak RAM Test=366.892 MB
2026-06-01 13:47:42 | INFO | [ncluster=244/244] AUC-ROC=83.91%  AUC-PR=80.70%  F1=0.6911  MCC=0.5130  Train=8.431s  Test=15.176s  Peak RAM Train=79.755 MB  Peak RAM Test=371.332 MB
2026-06-01 13:47:42 | INFO | [ncluster=247/247] AUC-ROC=83.70%  AUC-PR=80.42%  F1=0.6896  MCC=0.5107  Train=6.839s  Test=18.170s  Peak RAM Train=79.761 MB  Peak RAM Test=375.772 MB
2026-06-01 13:47:42 | INFO | [ncluster=250/250] AUC-ROC=83.71%  AUC-PR=80.24%  F1=0.6882  MCC=0.5082  Train=6.011s  Test=17.163s  Peak RAM Train=79.763 MB  Peak RAM Test=380.212 MB
2026-06-01 13:47:42 | INFO | [ncluster=253/253] AUC-ROC=83.33%  AUC-PR=79.66%  F1=0.6836  MCC=0.4996  Train=6.284s  Test=18.319s  Peak RAM Train=79.762 MB  Peak RAM Test=384.652 MB
2026-06-01 13:47:42 | INFO | [ncluster=256/256] AUC-ROC=85.01%  AUC-PR=82.18%  F1=0.7134  MCC=0.5979  Train=6.456s  Test=13.947s  Peak RAM Train=79.765 MB  Peak RAM Test=389.092 MB
2026-06-01 13:47:42 | INFO | [ncluster=259/259] AUC-ROC=84.41%  AUC-PR=80.33%  F1=0.6932  MCC=0.5151  Train=5.692s  Test=12.683s  Peak RAM Train=79.768 MB  Peak RAM Test=393.532 MB
2026-06-01 13:47:42 | INFO | [ncluster=262/262] AUC-ROC=83.58%  AUC-PR=80.28%  F1=0.6866  MCC=0.5031  Train=5.829s  Test=13.236s  Peak RAM Train=79.763 MB  Peak RAM Test=397.972 MB
2026-06-01 13:47:42 | INFO | [ncluster=265/265] AUC-ROC=83.86%  AUC-PR=80.46%  F1=0.6909  MCC=0.5105  Train=3.606s  Test=16.503s  Peak RAM Train=79.767 MB  Peak RAM Test=402.412 MB
2026-06-01 13:47:42 | INFO | [ncluster=268/268] AUC-ROC=83.87%  AUC-PR=80.45%  F1=0.6911  MCC=0.5110  Train=3.770s  Test=20.991s  Peak RAM Train=79.767 MB  Peak RAM Test=406.852 MB
2026-06-01 13:47:42 | INFO | [ncluster=271/271] AUC-ROC=83.96%  AUC-PR=80.61%  F1=0.6923  MCC=0.5145  Train=2.720s  Test=21.797s  Peak RAM Train=79.765 MB  Peak RAM Test=411.292 MB
2026-06-01 13:47:42 | INFO | [ncluster=274/274] AUC-ROC=84.02%  AUC-PR=80.63%  F1=0.6934  MCC=0.5163  Train=2.992s  Test=22.963s  Peak RAM Train=79.77 MB  Peak RAM Test=415.732 MB
2026-06-01 13:47:42 | INFO | [ncluster=277/277] AUC-ROC=84.60%  AUC-PR=81.31%  F1=0.6934  MCC=0.5917  Train=3.675s  Test=21.659s  Peak RAM Train=79.77 MB  Peak RAM Test=420.172 MB
2026-06-01 13:47:42 | INFO | [ncluster=280/280] AUC-ROC=83.71%  AUC-PR=79.68%  F1=0.6849  MCC=0.5014  Train=9.840s  Test=27.741s  Peak RAM Train=79.776 MB  Peak RAM Test=424.612 MB
2026-06-01 13:47:42 | INFO | [ncluster=283/283] AUC-ROC=82.87%  AUC-PR=79.68%  F1=0.6829  MCC=0.5217  Train=10.760s  Test=30.763s  Peak RAM Train=79.774 MB  Peak RAM Test=429.052 MB
2026-06-01 13:47:42 | INFO | [ncluster=286/286] AUC-ROC=83.26%  AUC-PR=79.00%  F1=0.6777  MCC=0.4892  Train=9.734s  Test=26.449s  Peak RAM Train=79.773 MB  Peak RAM Test=433.492 MB
2026-06-01 13:47:42 | INFO | [ncluster=289/289] AUC-ROC=84.72%  AUC-PR=82.41%  F1=0.7109  MCC=0.6091  Train=10.361s  Test=24.338s  Peak RAM Train=79.775 MB  Peak RAM Test=437.932 MB
2026-06-01 13:47:42 | INFO | [ncluster=292/292] AUC-ROC=83.59%  AUC-PR=81.39%  F1=0.6910  MCC=0.5670  Train=8.631s  Test=30.237s  Peak RAM Train=79.778 MB  Peak RAM Test=442.372 MB
2026-06-01 13:47:42 | INFO | [ncluster=295/295] AUC-ROC=85.37%  AUC-PR=82.82%  F1=0.7163  MCC=0.5951  Train=6.324s  Test=27.608s  Peak RAM Train=79.78 MB  Peak RAM Test=446.812 MB
2026-06-01 13:47:42 | INFO | [ncluster=298/298] AUC-ROC=83.64%  AUC-PR=80.38%  F1=0.6850  MCC=0.5684  Train=8.795s  Test=21.402s  Peak RAM Train=79.78 MB  Peak RAM Test=451.252 MB
2026-06-01 13:47:42 | INFO | --- noise=3% ---
2026-06-01 13:47:42 | INFO | ============================================================
2026-06-01 13:47:42 | INFO | Dataset  : Train_Normalizer_data_IoTID20.csv
2026-06-01 13:47:42 | INFO | Scaler   : Normalizer
2026-06-01 13:47:42 | INFO | Noise    : 3%
2026-06-01 13:47:42 | INFO | nClusters: 100 values (1..298)
2026-06-01 13:47:42 | INFO | K-Means  : Standard KMeans
2026-06-01 13:47:42 | INFO | ============================================================
2026-06-01 13:47:44 | INFO | Loaded Raw Shape -> Train: (30878, 92), Test: (22720, 92)
2026-06-01 13:47:44 | INFO | Training size : 31,804  |  Testing size: 21,794  |  Features: 91
2026-06-01 13:47:44 | INFO | Firing up Parallel execution for 100 cluster configs...
2026-06-01 14:00:14 | INFO | [ncluster=1/1] AUC-ROC=68.69%  AUC-PR=57.34%  F1=0.5122  MCC=0.3098  Train=17.959s  Test=0.467s  Peak RAM Train=81.239 MB  Peak RAM Test=26.392 MB
2026-06-01 14:00:14 | INFO | [ncluster=4/4] AUC-ROC=75.50%  AUC-PR=61.93%  F1=0.6394  MCC=0.4091  Train=18.634s  Test=1.476s  Peak RAM Train=81.248 MB  Peak RAM Test=25.65 MB
2026-06-01 14:00:14 | INFO | [ncluster=7/7] AUC-ROC=74.21%  AUC-PR=62.07%  F1=0.6198  MCC=0.3658  Train=17.628s  Test=1.511s  Peak RAM Train=81.249 MB  Peak RAM Test=25.672 MB
2026-06-01 14:00:14 | INFO | [ncluster=10/10] AUC-ROC=74.03%  AUC-PR=61.57%  F1=0.6274  MCC=0.3799  Train=10.951s  Test=1.107s  Peak RAM Train=81.252 MB  Peak RAM Test=25.693 MB
2026-06-01 14:00:14 | INFO | [ncluster=13/13] AUC-ROC=78.05%  AUC-PR=69.57%  F1=0.6075  MCC=0.4721  Train=16.282s  Test=2.120s  Peak RAM Train=81.252 MB  Peak RAM Test=29.452 MB
2026-06-01 14:00:14 | INFO | [ncluster=16/16] AUC-ROC=79.03%  AUC-PR=70.56%  F1=0.6532  MCC=0.4386  Train=19.158s  Test=3.255s  Peak RAM Train=81.251 MB  Peak RAM Test=33.892 MB
2026-06-01 14:00:14 | INFO | [ncluster=19/19] AUC-ROC=79.69%  AUC-PR=72.46%  F1=0.6523  MCC=0.4454  Train=12.423s  Test=4.268s  Peak RAM Train=81.253 MB  Peak RAM Test=38.332 MB
2026-06-01 14:00:14 | INFO | [ncluster=22/22] AUC-ROC=77.74%  AUC-PR=71.56%  F1=0.6459  MCC=0.4853  Train=15.606s  Test=4.368s  Peak RAM Train=81.255 MB  Peak RAM Test=42.772 MB
2026-06-01 14:00:14 | INFO | [ncluster=25/25] AUC-ROC=77.47%  AUC-PR=72.32%  F1=0.6421  MCC=0.4861  Train=16.152s  Test=4.497s  Peak RAM Train=81.256 MB  Peak RAM Test=47.212 MB
2026-06-01 14:00:14 | INFO | [ncluster=28/28] AUC-ROC=77.18%  AUC-PR=72.08%  F1=0.6530  MCC=0.5088  Train=19.069s  Test=6.983s  Peak RAM Train=81.256 MB  Peak RAM Test=51.652 MB
2026-06-01 14:00:14 | INFO | [ncluster=31/31] AUC-ROC=77.79%  AUC-PR=71.26%  F1=0.6477  MCC=0.4384  Train=12.626s  Test=6.399s  Peak RAM Train=81.258 MB  Peak RAM Test=56.092 MB
2026-06-01 14:00:14 | INFO | [ncluster=34/34] AUC-ROC=78.32%  AUC-PR=73.17%  F1=0.6494  MCC=0.5257  Train=20.253s  Test=8.049s  Peak RAM Train=81.256 MB  Peak RAM Test=60.532 MB
2026-06-01 14:00:14 | INFO | [ncluster=37/37] AUC-ROC=77.49%  AUC-PR=71.87%  F1=0.6282  MCC=0.4723  Train=16.068s  Test=7.519s  Peak RAM Train=81.261 MB  Peak RAM Test=64.972 MB
2026-06-01 14:00:14 | INFO | [ncluster=40/40] AUC-ROC=77.83%  AUC-PR=71.56%  F1=0.6395  MCC=0.4664  Train=13.567s  Test=9.087s  Peak RAM Train=81.256 MB  Peak RAM Test=69.412 MB
2026-06-01 14:00:14 | INFO | [ncluster=43/43] AUC-ROC=78.55%  AUC-PR=72.60%  F1=0.6549  MCC=0.4837  Train=10.949s  Test=6.546s  Peak RAM Train=81.261 MB  Peak RAM Test=73.852 MB
2026-06-01 14:00:14 | INFO | [ncluster=46/46] AUC-ROC=77.94%  AUC-PR=71.49%  F1=0.6452  MCC=0.4658  Train=9.803s  Test=6.571s  Peak RAM Train=81.263 MB  Peak RAM Test=78.292 MB
2026-06-01 14:00:14 | INFO | [ncluster=49/49] AUC-ROC=78.73%  AUC-PR=72.36%  F1=0.6490  MCC=0.4659  Train=17.876s  Test=12.676s  Peak RAM Train=81.264 MB  Peak RAM Test=82.732 MB
2026-06-01 14:00:14 | INFO | [ncluster=52/52] AUC-ROC=78.72%  AUC-PR=74.71%  F1=0.6419  MCC=0.5180  Train=13.958s  Test=5.103s  Peak RAM Train=81.267 MB  Peak RAM Test=87.172 MB
2026-06-01 14:00:14 | INFO | [ncluster=55/55] AUC-ROC=77.33%  AUC-PR=71.39%  F1=0.6465  MCC=0.4979  Train=13.965s  Test=13.443s  Peak RAM Train=81.265 MB  Peak RAM Test=91.612 MB
2026-06-01 14:00:14 | INFO | [ncluster=58/58] AUC-ROC=78.96%  AUC-PR=75.50%  F1=0.6449  MCC=0.5310  Train=14.891s  Test=12.997s  Peak RAM Train=81.269 MB  Peak RAM Test=96.052 MB
2026-06-01 14:00:14 | INFO | [ncluster=61/61] AUC-ROC=80.02%  AUC-PR=77.03%  F1=0.6666  MCC=0.4923  Train=11.906s  Test=11.350s  Peak RAM Train=81.272 MB  Peak RAM Test=100.492 MB
2026-06-01 14:00:14 | INFO | [ncluster=64/64] AUC-ROC=79.59%  AUC-PR=76.43%  F1=0.6593  MCC=0.5476  Train=16.504s  Test=9.969s  Peak RAM Train=81.27 MB  Peak RAM Test=104.932 MB
2026-06-01 14:00:14 | INFO | [ncluster=67/67] AUC-ROC=80.28%  AUC-PR=76.48%  F1=0.6512  MCC=0.4412  Train=16.796s  Test=11.606s  Peak RAM Train=81.274 MB  Peak RAM Test=109.372 MB
2026-06-01 14:00:14 | INFO | [ncluster=70/70] AUC-ROC=80.05%  AUC-PR=76.80%  F1=0.6627  MCC=0.5172  Train=15.315s  Test=11.794s  Peak RAM Train=81.268 MB  Peak RAM Test=113.812 MB
2026-06-01 14:00:14 | INFO | [ncluster=73/73] AUC-ROC=81.55%  AUC-PR=78.31%  F1=0.6602  MCC=0.5621  Train=12.955s  Test=15.224s  Peak RAM Train=81.274 MB  Peak RAM Test=118.252 MB
2026-06-01 14:00:14 | INFO | [ncluster=76/76] AUC-ROC=79.65%  AUC-PR=76.60%  F1=0.6614  MCC=0.5361  Train=14.592s  Test=13.031s  Peak RAM Train=81.273 MB  Peak RAM Test=122.692 MB
2026-06-01 14:00:14 | INFO | [ncluster=79/79] AUC-ROC=81.35%  AUC-PR=78.59%  F1=0.6668  MCC=0.5301  Train=9.620s  Test=19.548s  Peak RAM Train=81.277 MB  Peak RAM Test=127.132 MB
2026-06-01 14:00:14 | INFO | [ncluster=82/82] AUC-ROC=80.03%  AUC-PR=77.91%  F1=0.6789  MCC=0.5645  Train=15.582s  Test=23.323s  Peak RAM Train=81.276 MB  Peak RAM Test=131.572 MB
2026-06-01 14:00:14 | INFO | [ncluster=85/85] AUC-ROC=82.14%  AUC-PR=78.75%  F1=0.6861  MCC=0.4968  Train=14.986s  Test=23.755s  Peak RAM Train=81.281 MB  Peak RAM Test=136.012 MB
2026-06-01 14:00:14 | INFO | [ncluster=88/88] AUC-ROC=82.06%  AUC-PR=79.36%  F1=0.6936  MCC=0.5638  Train=18.539s  Test=21.634s  Peak RAM Train=81.282 MB  Peak RAM Test=140.452 MB
2026-06-01 14:00:14 | INFO | [ncluster=91/91] AUC-ROC=80.99%  AUC-PR=78.22%  F1=0.6587  MCC=0.5566  Train=13.253s  Test=23.122s  Peak RAM Train=81.282 MB  Peak RAM Test=144.892 MB
2026-06-01 14:00:14 | INFO | [ncluster=94/94] AUC-ROC=80.54%  AUC-PR=78.36%  F1=0.6729  MCC=0.5470  Train=16.822s  Test=15.326s  Peak RAM Train=81.28 MB  Peak RAM Test=149.332 MB
2026-06-01 14:00:14 | INFO | [ncluster=97/97] AUC-ROC=82.34%  AUC-PR=79.49%  F1=0.6942  MCC=0.5723  Train=18.357s  Test=22.301s  Peak RAM Train=81.279 MB  Peak RAM Test=153.772 MB
2026-06-01 14:00:14 | INFO | [ncluster=100/100] AUC-ROC=81.30%  AUC-PR=78.65%  F1=0.6669  MCC=0.5236  Train=15.444s  Test=15.860s  Peak RAM Train=81.282 MB  Peak RAM Test=158.212 MB
2026-06-01 14:00:14 | INFO | [ncluster=103/103] AUC-ROC=80.15%  AUC-PR=76.68%  F1=0.6622  MCC=0.5147  Train=13.578s  Test=17.316s  Peak RAM Train=81.288 MB  Peak RAM Test=162.652 MB
2026-06-01 14:00:14 | INFO | [ncluster=106/106] AUC-ROC=82.34%  AUC-PR=79.92%  F1=0.6836  MCC=0.5658  Train=17.514s  Test=20.901s  Peak RAM Train=81.288 MB  Peak RAM Test=167.092 MB
2026-06-01 14:00:14 | INFO | [ncluster=109/109] AUC-ROC=82.51%  AUC-PR=80.10%  F1=0.7023  MCC=0.5744  Train=13.582s  Test=20.437s  Peak RAM Train=81.287 MB  Peak RAM Test=171.532 MB
2026-06-01 14:00:14 | INFO | [ncluster=112/112] AUC-ROC=81.01%  AUC-PR=78.85%  F1=0.6742  MCC=0.5419  Train=15.740s  Test=25.397s  Peak RAM Train=81.289 MB  Peak RAM Test=175.972 MB
2026-06-01 14:00:14 | INFO | [ncluster=115/115] AUC-ROC=80.56%  AUC-PR=77.77%  F1=0.6633  MCC=0.5260  Train=18.052s  Test=30.402s  Peak RAM Train=81.292 MB  Peak RAM Test=180.412 MB
2026-06-01 14:00:14 | INFO | [ncluster=118/118] AUC-ROC=80.95%  AUC-PR=79.03%  F1=0.6923  MCC=0.5897  Train=19.780s  Test=23.906s  Peak RAM Train=81.292 MB  Peak RAM Test=184.852 MB
2026-06-01 14:00:14 | INFO | [ncluster=121/121] AUC-ROC=81.08%  AUC-PR=79.00%  F1=0.6908  MCC=0.5639  Train=7.885s  Test=28.780s  Peak RAM Train=81.294 MB  Peak RAM Test=189.292 MB
2026-06-01 14:00:14 | INFO | [ncluster=124/124] AUC-ROC=80.77%  AUC-PR=78.73%  F1=0.6816  MCC=0.5329  Train=16.520s  Test=31.754s  Peak RAM Train=81.296 MB  Peak RAM Test=193.732 MB
2026-06-01 14:00:14 | INFO | [ncluster=127/127] AUC-ROC=80.21%  AUC-PR=78.27%  F1=0.6806  MCC=0.5537  Train=14.793s  Test=30.096s  Peak RAM Train=81.295 MB  Peak RAM Test=198.172 MB
2026-06-01 14:00:14 | INFO | [ncluster=130/130] AUC-ROC=79.78%  AUC-PR=77.32%  F1=0.6598  MCC=0.4999  Train=11.499s  Test=28.051s  Peak RAM Train=81.296 MB  Peak RAM Test=202.612 MB
2026-06-01 14:00:14 | INFO | [ncluster=133/133] AUC-ROC=81.02%  AUC-PR=78.63%  F1=0.6864  MCC=0.5307  Train=20.769s  Test=24.751s  Peak RAM Train=81.295 MB  Peak RAM Test=207.052 MB
2026-06-01 14:00:14 | INFO | [ncluster=136/136] AUC-ROC=79.69%  AUC-PR=76.45%  F1=0.6564  MCC=0.4911  Train=15.916s  Test=23.448s  Peak RAM Train=81.294 MB  Peak RAM Test=211.492 MB
2026-06-01 14:00:14 | INFO | [ncluster=139/139] AUC-ROC=81.16%  AUC-PR=79.53%  F1=0.6954  MCC=0.5638  Train=18.420s  Test=33.984s  Peak RAM Train=81.298 MB  Peak RAM Test=215.932 MB
2026-06-01 14:00:14 | INFO | [ncluster=142/142] AUC-ROC=80.14%  AUC-PR=77.75%  F1=0.6651  MCC=0.5525  Train=16.900s  Test=32.182s  Peak RAM Train=81.293 MB  Peak RAM Test=220.372 MB
2026-06-01 14:00:14 | INFO | [ncluster=145/145] AUC-ROC=81.01%  AUC-PR=78.62%  F1=0.6852  MCC=0.5369  Train=15.552s  Test=21.606s  Peak RAM Train=81.298 MB  Peak RAM Test=224.812 MB
2026-06-01 14:00:14 | INFO | [ncluster=148/148] AUC-ROC=80.14%  AUC-PR=77.50%  F1=0.6668  MCC=0.4916  Train=15.951s  Test=28.863s  Peak RAM Train=81.303 MB  Peak RAM Test=229.252 MB
2026-06-01 14:00:14 | INFO | [ncluster=151/151] AUC-ROC=79.89%  AUC-PR=76.89%  F1=0.6492  MCC=0.4657  Train=15.123s  Test=28.262s  Peak RAM Train=81.304 MB  Peak RAM Test=233.692 MB
2026-06-01 14:00:14 | INFO | [ncluster=154/154] AUC-ROC=79.71%  AUC-PR=77.76%  F1=0.6716  MCC=0.5845  Train=16.462s  Test=27.732s  Peak RAM Train=81.308 MB  Peak RAM Test=238.132 MB
2026-06-01 14:00:14 | INFO | [ncluster=157/157] AUC-ROC=79.63%  AUC-PR=76.69%  F1=0.6592  MCC=0.4884  Train=16.840s  Test=28.634s  Peak RAM Train=81.305 MB  Peak RAM Test=242.572 MB
2026-06-01 14:00:14 | INFO | [ncluster=160/160] AUC-ROC=80.83%  AUC-PR=78.87%  F1=0.6786  MCC=0.5203  Train=13.833s  Test=30.394s  Peak RAM Train=81.306 MB  Peak RAM Test=247.012 MB
2026-06-01 14:00:14 | INFO | [ncluster=163/163] AUC-ROC=79.69%  AUC-PR=77.33%  F1=0.6623  MCC=0.5178  Train=11.905s  Test=29.279s  Peak RAM Train=81.307 MB  Peak RAM Test=251.452 MB
2026-06-01 14:00:14 | INFO | [ncluster=166/166] AUC-ROC=79.67%  AUC-PR=77.15%  F1=0.6565  MCC=0.5257  Train=16.031s  Test=27.250s  Peak RAM Train=81.308 MB  Peak RAM Test=255.892 MB
2026-06-01 14:00:14 | INFO | [ncluster=169/169] AUC-ROC=78.70%  AUC-PR=76.29%  F1=0.6520  MCC=0.5156  Train=19.996s  Test=27.831s  Peak RAM Train=81.311 MB  Peak RAM Test=260.332 MB
2026-06-01 14:00:14 | INFO | [ncluster=172/172] AUC-ROC=79.24%  AUC-PR=76.65%  F1=0.6578  MCC=0.5441  Train=10.098s  Test=28.764s  Peak RAM Train=81.308 MB  Peak RAM Test=264.772 MB
2026-06-01 14:00:14 | INFO | [ncluster=175/175] AUC-ROC=78.41%  AUC-PR=69.59%  F1=0.6574  MCC=0.4699  Train=16.128s  Test=22.771s  Peak RAM Train=81.313 MB  Peak RAM Test=269.212 MB
2026-06-01 14:00:14 | INFO | [ncluster=178/178] AUC-ROC=79.66%  AUC-PR=77.75%  F1=0.6775  MCC=0.5715  Train=15.807s  Test=33.809s  Peak RAM Train=81.313 MB  Peak RAM Test=273.652 MB
2026-06-01 14:00:14 | INFO | [ncluster=181/181] AUC-ROC=78.76%  AUC-PR=75.59%  F1=0.6366  MCC=0.4893  Train=14.993s  Test=28.525s  Peak RAM Train=81.315 MB  Peak RAM Test=278.092 MB
2026-06-01 14:00:14 | INFO | [ncluster=184/184] AUC-ROC=80.02%  AUC-PR=77.54%  F1=0.6694  MCC=0.5019  Train=18.394s  Test=35.786s  Peak RAM Train=81.314 MB  Peak RAM Test=282.532 MB
2026-06-01 14:00:14 | INFO | [ncluster=187/187] AUC-ROC=77.94%  AUC-PR=75.61%  F1=0.6483  MCC=0.5054  Train=18.164s  Test=31.859s  Peak RAM Train=81.315 MB  Peak RAM Test=286.972 MB
2026-06-01 14:00:14 | INFO | [ncluster=190/190] AUC-ROC=80.39%  AUC-PR=77.85%  F1=0.6761  MCC=0.5160  Train=16.828s  Test=46.720s  Peak RAM Train=81.317 MB  Peak RAM Test=291.412 MB
2026-06-01 14:00:14 | INFO | [ncluster=193/193] AUC-ROC=77.02%  AUC-PR=67.64%  F1=0.6303  MCC=0.4165  Train=14.300s  Test=26.587s  Peak RAM Train=81.315 MB  Peak RAM Test=295.852 MB
2026-06-01 14:00:14 | INFO | [ncluster=196/196] AUC-ROC=79.14%  AUC-PR=75.64%  F1=0.6494  MCC=0.4631  Train=16.164s  Test=39.785s  Peak RAM Train=81.32 MB  Peak RAM Test=300.292 MB
2026-06-01 14:00:14 | INFO | [ncluster=199/199] AUC-ROC=78.24%  AUC-PR=75.42%  F1=0.6418  MCC=0.4443  Train=14.078s  Test=32.832s  Peak RAM Train=81.318 MB  Peak RAM Test=304.732 MB
2026-06-01 14:00:14 | INFO | [ncluster=202/202] AUC-ROC=76.45%  AUC-PR=67.50%  F1=0.6398  MCC=0.4851  Train=19.537s  Test=37.201s  Peak RAM Train=81.328 MB  Peak RAM Test=309.172 MB
2026-06-01 14:00:14 | INFO | [ncluster=205/205] AUC-ROC=78.83%  AUC-PR=75.13%  F1=0.6353  MCC=0.4742  Train=18.158s  Test=32.307s  Peak RAM Train=81.322 MB  Peak RAM Test=313.612 MB
2026-06-01 14:00:14 | INFO | [ncluster=208/208] AUC-ROC=77.37%  AUC-PR=66.65%  F1=0.6444  MCC=0.4421  Train=15.837s  Test=33.910s  Peak RAM Train=81.323 MB  Peak RAM Test=318.052 MB
2026-06-01 14:00:14 | INFO | [ncluster=211/211] AUC-ROC=77.04%  AUC-PR=70.81%  F1=0.6276  MCC=0.4827  Train=16.305s  Test=36.203s  Peak RAM Train=81.327 MB  Peak RAM Test=322.492 MB
2026-06-01 14:00:14 | INFO | [ncluster=214/214] AUC-ROC=77.70%  AUC-PR=69.80%  F1=0.6454  MCC=0.4295  Train=18.426s  Test=44.142s  Peak RAM Train=81.327 MB  Peak RAM Test=326.932 MB
2026-06-01 14:00:14 | INFO | [ncluster=217/217] AUC-ROC=78.41%  AUC-PR=75.70%  F1=0.6406  MCC=0.4877  Train=10.654s  Test=38.494s  Peak RAM Train=81.324 MB  Peak RAM Test=331.372 MB
2026-06-01 14:00:14 | INFO | [ncluster=220/220] AUC-ROC=77.42%  AUC-PR=73.98%  F1=0.6250  MCC=0.4456  Train=13.733s  Test=47.432s  Peak RAM Train=81.329 MB  Peak RAM Test=335.812 MB
2026-06-01 14:00:14 | INFO | [ncluster=223/223] AUC-ROC=75.93%  AUC-PR=68.20%  F1=0.6019  MCC=0.4153  Train=21.759s  Test=37.709s  Peak RAM Train=81.328 MB  Peak RAM Test=340.252 MB
2026-06-01 14:00:14 | INFO | [ncluster=226/226] AUC-ROC=76.74%  AUC-PR=69.67%  F1=0.6216  MCC=0.4475  Train=17.085s  Test=31.666s  Peak RAM Train=81.33 MB  Peak RAM Test=344.692 MB
2026-06-01 14:00:14 | INFO | [ncluster=229/229] AUC-ROC=78.61%  AUC-PR=75.07%  F1=0.6471  MCC=0.4664  Train=17.497s  Test=32.829s  Peak RAM Train=81.331 MB  Peak RAM Test=349.132 MB
2026-06-01 14:00:14 | INFO | [ncluster=232/232] AUC-ROC=78.27%  AUC-PR=75.07%  F1=0.6512  MCC=0.4493  Train=17.542s  Test=36.625s  Peak RAM Train=81.327 MB  Peak RAM Test=353.572 MB
2026-06-01 14:00:14 | INFO | [ncluster=235/235] AUC-ROC=78.56%  AUC-PR=75.97%  F1=0.6462  MCC=0.4775  Train=10.502s  Test=32.237s  Peak RAM Train=81.334 MB  Peak RAM Test=358.012 MB
2026-06-01 14:00:14 | INFO | [ncluster=238/238] AUC-ROC=78.85%  AUC-PR=76.75%  F1=0.6540  MCC=0.5322  Train=14.475s  Test=27.202s  Peak RAM Train=81.336 MB  Peak RAM Test=362.452 MB
2026-06-01 14:00:14 | INFO | [ncluster=241/241] AUC-ROC=78.47%  AUC-PR=75.99%  F1=0.6299  MCC=0.5391  Train=13.206s  Test=27.523s  Peak RAM Train=81.337 MB  Peak RAM Test=366.892 MB
2026-06-01 14:00:14 | INFO | [ncluster=244/244] AUC-ROC=81.18%  AUC-PR=77.97%  F1=0.6588  MCC=0.5092  Train=14.787s  Test=36.027s  Peak RAM Train=81.333 MB  Peak RAM Test=371.332 MB
2026-06-01 14:00:14 | INFO | [ncluster=247/247] AUC-ROC=77.72%  AUC-PR=70.58%  F1=0.6475  MCC=0.4461  Train=13.109s  Test=34.730s  Peak RAM Train=81.337 MB  Peak RAM Test=375.772 MB
2026-06-01 14:00:14 | INFO | [ncluster=250/250] AUC-ROC=77.46%  AUC-PR=74.15%  F1=0.6263  MCC=0.4437  Train=12.082s  Test=31.921s  Peak RAM Train=81.34 MB  Peak RAM Test=380.212 MB
2026-06-01 14:00:14 | INFO | [ncluster=253/253] AUC-ROC=78.19%  AUC-PR=75.35%  F1=0.6392  MCC=0.4623  Train=10.929s  Test=25.826s  Peak RAM Train=81.339 MB  Peak RAM Test=384.652 MB
2026-06-01 14:00:14 | INFO | [ncluster=256/256] AUC-ROC=77.93%  AUC-PR=71.30%  F1=0.6451  MCC=0.4608  Train=10.121s  Test=36.617s  Peak RAM Train=81.342 MB  Peak RAM Test=389.092 MB
2026-06-01 14:00:14 | INFO | [ncluster=259/259] AUC-ROC=77.27%  AUC-PR=70.27%  F1=0.6180  MCC=0.4778  Train=14.053s  Test=28.101s  Peak RAM Train=81.343 MB  Peak RAM Test=393.532 MB
2026-06-01 14:00:14 | INFO | [ncluster=262/262] AUC-ROC=79.12%  AUC-PR=76.56%  F1=0.6423  MCC=0.5028  Train=12.221s  Test=28.882s  Peak RAM Train=81.347 MB  Peak RAM Test=397.972 MB
2026-06-01 14:00:14 | INFO | [ncluster=265/265] AUC-ROC=77.17%  AUC-PR=69.95%  F1=0.6245  MCC=0.4532  Train=8.501s  Test=23.563s  Peak RAM Train=81.346 MB  Peak RAM Test=402.412 MB
2026-06-01 14:00:14 | INFO | [ncluster=268/268] AUC-ROC=77.15%  AUC-PR=67.41%  F1=0.6356  MCC=0.4407  Train=10.543s  Test=24.531s  Peak RAM Train=81.345 MB  Peak RAM Test=406.852 MB
2026-06-01 14:00:14 | INFO | [ncluster=271/271] AUC-ROC=75.70%  AUC-PR=67.88%  F1=0.6223  MCC=0.4275  Train=8.796s  Test=23.464s  Peak RAM Train=81.348 MB  Peak RAM Test=411.292 MB
2026-06-01 14:00:14 | INFO | [ncluster=274/274] AUC-ROC=75.91%  AUC-PR=67.24%  F1=0.6219  MCC=0.4286  Train=8.087s  Test=23.141s  Peak RAM Train=81.347 MB  Peak RAM Test=415.732 MB
2026-06-01 14:00:14 | INFO | [ncluster=277/277] AUC-ROC=75.79%  AUC-PR=68.38%  F1=0.6090  MCC=0.4410  Train=6.060s  Test=23.801s  Peak RAM Train=81.348 MB  Peak RAM Test=420.172 MB
2026-06-01 14:00:14 | INFO | [ncluster=280/280] AUC-ROC=75.92%  AUC-PR=68.28%  F1=0.6252  MCC=0.4164  Train=8.016s  Test=25.646s  Peak RAM Train=81.349 MB  Peak RAM Test=424.612 MB
2026-06-01 14:00:14 | INFO | [ncluster=283/283] AUC-ROC=76.84%  AUC-PR=69.89%  F1=0.6329  MCC=0.4174  Train=8.167s  Test=23.187s  Peak RAM Train=81.353 MB  Peak RAM Test=429.052 MB
2026-06-01 14:00:14 | INFO | [ncluster=286/286] AUC-ROC=75.94%  AUC-PR=66.53%  F1=0.6221  MCC=0.4288  Train=6.601s  Test=23.948s  Peak RAM Train=81.348 MB  Peak RAM Test=433.492 MB
2026-06-01 14:00:14 | INFO | [ncluster=289/289] AUC-ROC=75.71%  AUC-PR=67.23%  F1=0.6200  MCC=0.4107  Train=6.610s  Test=24.143s  Peak RAM Train=81.355 MB  Peak RAM Test=437.932 MB
2026-06-01 14:00:14 | INFO | [ncluster=292/292] AUC-ROC=77.59%  AUC-PR=75.11%  F1=0.6296  MCC=0.4529  Train=6.325s  Test=15.821s  Peak RAM Train=81.353 MB  Peak RAM Test=442.372 MB
2026-06-01 14:00:14 | INFO | [ncluster=295/295] AUC-ROC=76.62%  AUC-PR=70.38%  F1=0.6323  MCC=0.4528  Train=6.763s  Test=13.212s  Peak RAM Train=81.356 MB  Peak RAM Test=446.812 MB
2026-06-01 14:00:14 | INFO | [ncluster=298/298] AUC-ROC=76.68%  AUC-PR=69.68%  F1=0.6326  MCC=0.4360  Train=6.100s  Test=16.399s  Peak RAM Train=81.357 MB  Peak RAM Test=451.252 MB
2026-06-01 14:00:14 | INFO | --- noise=5% ---
2026-06-01 14:00:14 | INFO | ============================================================
2026-06-01 14:00:14 | INFO | Dataset  : Train_Normalizer_data_IoTID20.csv
2026-06-01 14:00:14 | INFO | Scaler   : Normalizer
2026-06-01 14:00:14 | INFO | Noise    : 5%
2026-06-01 14:00:14 | INFO | nClusters: 100 values (1..298)
2026-06-01 14:00:14 | INFO | K-Means  : Standard KMeans
2026-06-01 14:00:14 | INFO | ============================================================
2026-06-01 14:00:15 | INFO | Loaded Raw Shape -> Train: (30878, 92), Test: (22720, 92)
2026-06-01 14:00:15 | INFO | Training size : 32,421  |  Testing size: 21,177  |  Features: 91
2026-06-01 14:00:15 | INFO | Firing up Parallel execution for 100 cluster configs...
2026-06-01 14:13:35 | INFO | [ncluster=1/1] AUC-ROC=48.20%  AUC-PR=36.56%  F1=0.1428  MCC=0.0890  Train=9.532s  Test=0.334s  Peak RAM Train=82.816 MB  Peak RAM Test=26.627 MB
2026-06-01 14:13:35 | INFO | [ncluster=4/4] AUC-ROC=70.49%  AUC-PR=55.85%  F1=0.5952  MCC=0.3056  Train=12.850s  Test=0.864s  Peak RAM Train=82.82 MB  Peak RAM Test=26.113 MB
2026-06-01 14:13:35 | INFO | [ncluster=7/7] AUC-ROC=69.32%  AUC-PR=55.95%  F1=0.5844  MCC=0.2729  Train=13.339s  Test=0.806s  Peak RAM Train=82.823 MB  Peak RAM Test=26.118 MB
2026-06-01 14:13:35 | INFO | [ncluster=10/10] AUC-ROC=70.25%  AUC-PR=55.72%  F1=0.6044  MCC=0.3186  Train=11.780s  Test=1.787s  Peak RAM Train=82.825 MB  Peak RAM Test=26.123 MB
2026-06-01 14:13:35 | INFO | [ncluster=13/13] AUC-ROC=70.51%  AUC-PR=57.57%  F1=0.6071  MCC=0.3226  Train=10.755s  Test=1.562s  Peak RAM Train=82.824 MB  Peak RAM Test=30.18 MB
2026-06-01 14:13:35 | INFO | [ncluster=16/16] AUC-ROC=74.19%  AUC-PR=61.61%  F1=0.6248  MCC=0.3775  Train=10.645s  Test=2.175s  Peak RAM Train=82.827 MB  Peak RAM Test=34.62 MB
2026-06-01 14:13:35 | INFO | [ncluster=19/19] AUC-ROC=73.57%  AUC-PR=65.28%  F1=0.6020  MCC=0.3689  Train=8.025s  Test=1.865s  Peak RAM Train=82.828 MB  Peak RAM Test=39.06 MB
2026-06-01 14:13:35 | INFO | [ncluster=22/22] AUC-ROC=74.27%  AUC-PR=65.65%  F1=0.6048  MCC=0.3972  Train=9.490s  Test=2.821s  Peak RAM Train=82.831 MB  Peak RAM Test=43.5 MB
2026-06-01 14:13:35 | INFO | [ncluster=25/25] AUC-ROC=73.77%  AUC-PR=66.89%  F1=0.6062  MCC=0.4067  Train=11.902s  Test=2.642s  Peak RAM Train=82.831 MB  Peak RAM Test=47.94 MB
2026-06-01 14:13:35 | INFO | [ncluster=28/28] AUC-ROC=74.34%  AUC-PR=68.50%  F1=0.6109  MCC=0.4179  Train=10.651s  Test=3.991s  Peak RAM Train=82.83 MB  Peak RAM Test=52.38 MB
2026-06-01 14:13:35 | INFO | [ncluster=31/31] AUC-ROC=75.38%  AUC-PR=69.77%  F1=0.6220  MCC=0.4317  Train=11.164s  Test=2.815s  Peak RAM Train=82.828 MB  Peak RAM Test=56.82 MB
2026-06-01 14:13:35 | INFO | [ncluster=34/34] AUC-ROC=75.03%  AUC-PR=68.46%  F1=0.6273  MCC=0.4589  Train=9.230s  Test=3.562s  Peak RAM Train=82.835 MB  Peak RAM Test=61.26 MB
2026-06-01 14:13:35 | INFO | [ncluster=37/37] AUC-ROC=75.90%  AUC-PR=70.15%  F1=0.6288  MCC=0.4521  Train=11.388s  Test=5.521s  Peak RAM Train=82.833 MB  Peak RAM Test=65.7 MB
2026-06-01 14:13:35 | INFO | [ncluster=40/40] AUC-ROC=75.20%  AUC-PR=68.70%  F1=0.6026  MCC=0.4217  Train=7.986s  Test=4.420s  Peak RAM Train=82.832 MB  Peak RAM Test=70.14 MB
2026-06-01 14:13:35 | INFO | [ncluster=43/43] AUC-ROC=74.89%  AUC-PR=67.95%  F1=0.6175  MCC=0.3876  Train=11.273s  Test=5.062s  Peak RAM Train=82.836 MB  Peak RAM Test=74.58 MB
2026-06-01 14:13:35 | INFO | [ncluster=46/46] AUC-ROC=74.93%  AUC-PR=69.27%  F1=0.6038  MCC=0.3613  Train=12.326s  Test=5.933s  Peak RAM Train=82.838 MB  Peak RAM Test=79.02 MB
2026-06-01 14:13:35 | INFO | [ncluster=49/49] AUC-ROC=75.73%  AUC-PR=70.52%  F1=0.6219  MCC=0.4152  Train=12.203s  Test=5.823s  Peak RAM Train=82.837 MB  Peak RAM Test=83.46 MB
2026-06-01 14:13:35 | INFO | [ncluster=52/52] AUC-ROC=75.40%  AUC-PR=69.94%  F1=0.6035  MCC=0.4684  Train=11.874s  Test=5.528s  Peak RAM Train=82.841 MB  Peak RAM Test=87.9 MB
2026-06-01 14:13:35 | INFO | [ncluster=55/55] AUC-ROC=76.49%  AUC-PR=72.78%  F1=0.6182  MCC=0.4643  Train=11.548s  Test=6.342s  Peak RAM Train=82.842 MB  Peak RAM Test=92.34 MB
2026-06-01 14:13:35 | INFO | [ncluster=58/58] AUC-ROC=76.70%  AUC-PR=72.40%  F1=0.6262  MCC=0.4226  Train=11.903s  Test=5.808s  Peak RAM Train=82.842 MB  Peak RAM Test=96.78 MB
2026-06-01 14:13:35 | INFO | [ncluster=61/61] AUC-ROC=76.70%  AUC-PR=72.22%  F1=0.6046  MCC=0.4528  Train=9.389s  Test=8.253s  Peak RAM Train=82.855 MB  Peak RAM Test=101.22 MB
2026-06-01 14:13:35 | INFO | [ncluster=64/64] AUC-ROC=76.04%  AUC-PR=71.97%  F1=0.6021  MCC=0.4599  Train=12.914s  Test=8.641s  Peak RAM Train=82.845 MB  Peak RAM Test=105.66 MB
2026-06-01 14:13:35 | INFO | [ncluster=67/67] AUC-ROC=76.50%  AUC-PR=72.24%  F1=0.6103  MCC=0.4446  Train=11.803s  Test=10.738s  Peak RAM Train=82.844 MB  Peak RAM Test=110.1 MB
2026-06-01 14:13:35 | INFO | [ncluster=70/70] AUC-ROC=78.07%  AUC-PR=74.06%  F1=0.6426  MCC=0.4285  Train=13.302s  Test=8.325s  Peak RAM Train=82.85 MB  Peak RAM Test=114.54 MB
2026-06-01 14:13:35 | INFO | [ncluster=73/73] AUC-ROC=78.41%  AUC-PR=75.20%  F1=0.6300  MCC=0.4902  Train=13.811s  Test=8.704s  Peak RAM Train=82.849 MB  Peak RAM Test=118.98 MB
2026-06-01 14:13:35 | INFO | [ncluster=76/76] AUC-ROC=78.51%  AUC-PR=75.70%  F1=0.6321  MCC=0.4964  Train=7.246s  Test=7.312s  Peak RAM Train=82.849 MB  Peak RAM Test=123.42 MB
2026-06-01 14:13:35 | INFO | [ncluster=79/79] AUC-ROC=77.28%  AUC-PR=74.83%  F1=0.6386  MCC=0.5037  Train=12.982s  Test=8.537s  Peak RAM Train=82.847 MB  Peak RAM Test=127.86 MB
2026-06-01 14:13:35 | INFO | [ncluster=82/82] AUC-ROC=78.74%  AUC-PR=75.21%  F1=0.6312  MCC=0.4768  Train=9.119s  Test=11.588s  Peak RAM Train=82.851 MB  Peak RAM Test=132.3 MB
2026-06-01 14:13:35 | INFO | [ncluster=85/85] AUC-ROC=79.13%  AUC-PR=75.94%  F1=0.6535  MCC=0.4920  Train=8.058s  Test=10.201s  Peak RAM Train=82.848 MB  Peak RAM Test=136.74 MB
2026-06-01 14:13:35 | INFO | [ncluster=88/88] AUC-ROC=76.90%  AUC-PR=72.70%  F1=0.6135  MCC=0.4521  Train=13.882s  Test=10.238s  Peak RAM Train=82.857 MB  Peak RAM Test=141.18 MB
2026-06-01 14:13:35 | INFO | [ncluster=91/91] AUC-ROC=78.08%  AUC-PR=74.20%  F1=0.6318  MCC=0.4844  Train=10.308s  Test=11.905s  Peak RAM Train=82.857 MB  Peak RAM Test=145.62 MB
2026-06-01 14:13:35 | INFO | [ncluster=94/94] AUC-ROC=79.30%  AUC-PR=76.26%  F1=0.6505  MCC=0.4824  Train=14.102s  Test=10.613s  Peak RAM Train=82.857 MB  Peak RAM Test=150.06 MB
2026-06-01 14:13:35 | INFO | [ncluster=97/97] AUC-ROC=78.10%  AUC-PR=74.25%  F1=0.6349  MCC=0.4758  Train=11.719s  Test=10.567s  Peak RAM Train=82.859 MB  Peak RAM Test=154.5 MB
2026-06-01 14:13:35 | INFO | [ncluster=100/100] AUC-ROC=77.80%  AUC-PR=73.99%  F1=0.6204  MCC=0.4929  Train=10.423s  Test=8.153s  Peak RAM Train=82.857 MB  Peak RAM Test=158.94 MB
2026-06-01 14:13:35 | INFO | [ncluster=103/103] AUC-ROC=77.91%  AUC-PR=74.08%  F1=0.6547  MCC=0.4988  Train=13.334s  Test=12.540s  Peak RAM Train=82.859 MB  Peak RAM Test=163.38 MB
2026-06-01 14:13:35 | INFO | [ncluster=106/106] AUC-ROC=78.21%  AUC-PR=74.51%  F1=0.6489  MCC=0.4595  Train=10.621s  Test=10.582s  Peak RAM Train=82.863 MB  Peak RAM Test=167.82 MB
2026-06-01 14:13:35 | INFO | [ncluster=109/109] AUC-ROC=75.41%  AUC-PR=71.43%  F1=0.6137  MCC=0.4305  Train=10.223s  Test=15.974s  Peak RAM Train=82.861 MB  Peak RAM Test=172.26 MB
2026-06-01 14:13:35 | INFO | [ncluster=112/112] AUC-ROC=76.61%  AUC-PR=72.45%  F1=0.6364  MCC=0.4647  Train=9.029s  Test=11.175s  Peak RAM Train=82.864 MB  Peak RAM Test=176.7 MB
2026-06-01 14:13:35 | INFO | [ncluster=115/115] AUC-ROC=75.94%  AUC-PR=71.94%  F1=0.6262  MCC=0.4630  Train=7.381s  Test=19.097s  Peak RAM Train=82.863 MB  Peak RAM Test=181.14 MB
2026-06-01 14:13:35 | INFO | [ncluster=118/118] AUC-ROC=77.91%  AUC-PR=75.41%  F1=0.6540  MCC=0.4699  Train=15.750s  Test=23.211s  Peak RAM Train=82.864 MB  Peak RAM Test=185.58 MB
2026-06-01 14:13:35 | INFO | [ncluster=121/121] AUC-ROC=76.29%  AUC-PR=72.15%  F1=0.6323  MCC=0.4591  Train=9.693s  Test=22.368s  Peak RAM Train=82.867 MB  Peak RAM Test=190.02 MB
2026-06-01 14:13:35 | INFO | [ncluster=124/124] AUC-ROC=76.37%  AUC-PR=72.72%  F1=0.6316  MCC=0.4556  Train=10.140s  Test=14.768s  Peak RAM Train=82.867 MB  Peak RAM Test=194.46 MB
2026-06-01 14:13:35 | INFO | [ncluster=127/127] AUC-ROC=75.07%  AUC-PR=68.12%  F1=0.6072  MCC=0.4441  Train=18.120s  Test=23.161s  Peak RAM Train=82.864 MB  Peak RAM Test=198.9 MB
2026-06-01 14:13:35 | INFO | [ncluster=130/130] AUC-ROC=76.57%  AUC-PR=71.62%  F1=0.6371  MCC=0.4458  Train=18.419s  Test=22.229s  Peak RAM Train=82.868 MB  Peak RAM Test=203.34 MB
2026-06-01 14:13:35 | INFO | [ncluster=133/133] AUC-ROC=77.43%  AUC-PR=73.37%  F1=0.6504  MCC=0.4768  Train=11.987s  Test=26.850s  Peak RAM Train=82.864 MB  Peak RAM Test=207.78 MB
2026-06-01 14:13:35 | INFO | [ncluster=136/136] AUC-ROC=76.09%  AUC-PR=71.85%  F1=0.6106  MCC=0.4638  Train=10.617s  Test=23.319s  Peak RAM Train=82.87 MB  Peak RAM Test=212.22 MB
2026-06-01 14:13:35 | INFO | [ncluster=139/139] AUC-ROC=73.61%  AUC-PR=64.98%  F1=0.5885  MCC=0.4001  Train=18.411s  Test=21.927s  Peak RAM Train=82.871 MB  Peak RAM Test=216.66 MB
2026-06-01 14:13:35 | INFO | [ncluster=142/142] AUC-ROC=76.32%  AUC-PR=73.87%  F1=0.6349  MCC=0.4937  Train=16.717s  Test=23.357s  Peak RAM Train=82.875 MB  Peak RAM Test=221.1 MB
2026-06-01 14:13:35 | INFO | [ncluster=145/145] AUC-ROC=76.27%  AUC-PR=71.44%  F1=0.6293  MCC=0.4533  Train=18.483s  Test=18.537s  Peak RAM Train=82.876 MB  Peak RAM Test=225.54 MB
2026-06-01 14:13:35 | INFO | [ncluster=148/148] AUC-ROC=75.08%  AUC-PR=71.36%  F1=0.6011  MCC=0.4288  Train=19.636s  Test=27.150s  Peak RAM Train=82.875 MB  Peak RAM Test=229.98 MB
2026-06-01 14:13:35 | INFO | [ncluster=151/151] AUC-ROC=75.86%  AUC-PR=69.55%  F1=0.6336  MCC=0.4183  Train=17.558s  Test=36.312s  Peak RAM Train=82.877 MB  Peak RAM Test=234.42 MB
2026-06-01 14:13:35 | INFO | [ncluster=154/154] AUC-ROC=75.66%  AUC-PR=72.29%  F1=0.6147  MCC=0.4486  Train=20.160s  Test=28.545s  Peak RAM Train=82.882 MB  Peak RAM Test=238.86 MB
2026-06-01 14:13:35 | INFO | [ncluster=157/157] AUC-ROC=74.18%  AUC-PR=67.23%  F1=0.5988  MCC=0.4241  Train=15.879s  Test=39.861s  Peak RAM Train=82.882 MB  Peak RAM Test=243.3 MB
2026-06-01 14:13:35 | INFO | [ncluster=160/160] AUC-ROC=74.51%  AUC-PR=71.04%  F1=0.6104  MCC=0.4403  Train=17.914s  Test=30.556s  Peak RAM Train=82.879 MB  Peak RAM Test=247.74 MB
2026-06-01 14:13:35 | INFO | [ncluster=163/163] AUC-ROC=73.91%  AUC-PR=64.50%  F1=0.6154  MCC=0.3972  Train=15.117s  Test=25.698s  Peak RAM Train=82.892 MB  Peak RAM Test=252.18 MB
2026-06-01 14:13:35 | INFO | [ncluster=166/166] AUC-ROC=75.15%  AUC-PR=72.31%  F1=0.6182  MCC=0.4639  Train=18.458s  Test=32.819s  Peak RAM Train=82.883 MB  Peak RAM Test=256.62 MB
2026-06-01 14:13:35 | INFO | [ncluster=169/169] AUC-ROC=76.42%  AUC-PR=73.20%  F1=0.6220  MCC=0.4606  Train=22.465s  Test=32.399s  Peak RAM Train=82.887 MB  Peak RAM Test=261.06 MB
2026-06-01 14:13:35 | INFO | [ncluster=172/172] AUC-ROC=74.56%  AUC-PR=68.53%  F1=0.6223  MCC=0.3912  Train=19.694s  Test=29.747s  Peak RAM Train=82.885 MB  Peak RAM Test=265.5 MB
2026-06-01 14:13:35 | INFO | [ncluster=175/175] AUC-ROC=74.11%  AUC-PR=68.05%  F1=0.5980  MCC=0.4198  Train=17.029s  Test=38.348s  Peak RAM Train=82.887 MB  Peak RAM Test=269.94 MB
2026-06-01 14:13:35 | INFO | [ncluster=178/178] AUC-ROC=75.87%  AUC-PR=72.25%  F1=0.6308  MCC=0.4712  Train=19.398s  Test=33.144s  Peak RAM Train=82.887 MB  Peak RAM Test=274.38 MB
2026-06-01 14:13:35 | INFO | [ncluster=181/181] AUC-ROC=75.25%  AUC-PR=71.53%  F1=0.6106  MCC=0.4319  Train=16.726s  Test=30.706s  Peak RAM Train=82.883 MB  Peak RAM Test=278.82 MB
2026-06-01 14:13:35 | INFO | [ncluster=184/184] AUC-ROC=74.55%  AUC-PR=67.76%  F1=0.6025  MCC=0.4065  Train=21.325s  Test=30.789s  Peak RAM Train=82.887 MB  Peak RAM Test=283.26 MB
2026-06-01 14:13:35 | INFO | [ncluster=187/187] AUC-ROC=76.24%  AUC-PR=70.21%  F1=0.6405  MCC=0.4539  Train=22.542s  Test=44.557s  Peak RAM Train=82.889 MB  Peak RAM Test=287.7 MB
2026-06-01 14:13:35 | INFO | [ncluster=190/190] AUC-ROC=73.36%  AUC-PR=69.70%  F1=0.5826  MCC=0.4014  Train=23.100s  Test=35.572s  Peak RAM Train=82.893 MB  Peak RAM Test=292.14 MB
2026-06-01 14:13:35 | INFO | [ncluster=193/193] AUC-ROC=74.13%  AUC-PR=67.90%  F1=0.5988  MCC=0.4056  Train=11.358s  Test=29.565s  Peak RAM Train=82.894 MB  Peak RAM Test=296.58 MB
2026-06-01 14:13:35 | INFO | [ncluster=196/196] AUC-ROC=75.43%  AUC-PR=70.50%  F1=0.6321  MCC=0.4168  Train=19.871s  Test=37.412s  Peak RAM Train=82.894 MB  Peak RAM Test=301.02 MB
2026-06-01 14:13:35 | INFO | [ncluster=199/199] AUC-ROC=75.60%  AUC-PR=70.66%  F1=0.6345  MCC=0.4169  Train=17.924s  Test=40.952s  Peak RAM Train=82.892 MB  Peak RAM Test=305.46 MB
2026-06-01 14:13:35 | INFO | [ncluster=202/202] AUC-ROC=75.75%  AUC-PR=70.92%  F1=0.6388  MCC=0.4256  Train=14.316s  Test=38.683s  Peak RAM Train=82.897 MB  Peak RAM Test=309.9 MB
2026-06-01 14:13:35 | INFO | [ncluster=205/205] AUC-ROC=74.87%  AUC-PR=69.69%  F1=0.6139  MCC=0.4260  Train=17.660s  Test=37.788s  Peak RAM Train=82.896 MB  Peak RAM Test=314.34 MB
2026-06-01 14:13:35 | INFO | [ncluster=208/208] AUC-ROC=72.77%  AUC-PR=64.83%  F1=0.5962  MCC=0.4050  Train=18.471s  Test=39.010s  Peak RAM Train=82.899 MB  Peak RAM Test=318.78 MB
2026-06-01 14:13:35 | INFO | [ncluster=211/211] AUC-ROC=74.76%  AUC-PR=69.42%  F1=0.6172  MCC=0.4225  Train=16.283s  Test=30.991s  Peak RAM Train=82.897 MB  Peak RAM Test=323.22 MB
2026-06-01 14:13:35 | INFO | [ncluster=214/214] AUC-ROC=73.91%  AUC-PR=67.60%  F1=0.6112  MCC=0.4250  Train=15.165s  Test=31.794s  Peak RAM Train=82.899 MB  Peak RAM Test=327.66 MB
2026-06-01 14:13:35 | INFO | [ncluster=217/217] AUC-ROC=75.08%  AUC-PR=70.03%  F1=0.6190  MCC=0.4294  Train=14.672s  Test=41.322s  Peak RAM Train=82.901 MB  Peak RAM Test=332.1 MB
2026-06-01 14:13:35 | INFO | [ncluster=220/220] AUC-ROC=75.06%  AUC-PR=70.26%  F1=0.6196  MCC=0.4286  Train=15.647s  Test=36.370s  Peak RAM Train=82.902 MB  Peak RAM Test=336.54 MB
2026-06-01 14:13:35 | INFO | [ncluster=223/223] AUC-ROC=75.08%  AUC-PR=70.35%  F1=0.6183  MCC=0.4267  Train=12.647s  Test=40.037s  Peak RAM Train=82.906 MB  Peak RAM Test=340.98 MB
2026-06-01 14:13:35 | INFO | [ncluster=226/226] AUC-ROC=75.18%  AUC-PR=70.43%  F1=0.6203  MCC=0.4315  Train=14.592s  Test=43.905s  Peak RAM Train=82.899 MB  Peak RAM Test=345.42 MB
2026-06-01 14:13:35 | INFO | [ncluster=229/229] AUC-ROC=74.12%  AUC-PR=68.95%  F1=0.6093  MCC=0.4203  Train=16.613s  Test=37.284s  Peak RAM Train=82.905 MB  Peak RAM Test=349.86 MB
2026-06-01 14:13:35 | INFO | [ncluster=232/232] AUC-ROC=73.98%  AUC-PR=65.96%  F1=0.6146  MCC=0.4291  Train=16.299s  Test=40.278s  Peak RAM Train=82.905 MB  Peak RAM Test=354.3 MB
2026-06-01 14:13:35 | INFO | [ncluster=235/235] AUC-ROC=72.65%  AUC-PR=65.42%  F1=0.5867  MCC=0.3602  Train=9.510s  Test=35.661s  Peak RAM Train=82.905 MB  Peak RAM Test=358.74 MB
2026-06-01 14:13:35 | INFO | [ncluster=238/238] AUC-ROC=74.77%  AUC-PR=70.12%  F1=0.6159  MCC=0.4160  Train=17.516s  Test=41.117s  Peak RAM Train=82.906 MB  Peak RAM Test=363.18 MB
2026-06-01 14:13:35 | INFO | [ncluster=241/241] AUC-ROC=74.83%  AUC-PR=70.10%  F1=0.6166  MCC=0.4150  Train=7.131s  Test=41.252s  Peak RAM Train=82.912 MB  Peak RAM Test=367.62 MB
2026-06-01 14:13:35 | INFO | [ncluster=244/244] AUC-ROC=74.77%  AUC-PR=70.13%  F1=0.6150  MCC=0.4073  Train=16.428s  Test=36.738s  Peak RAM Train=82.912 MB  Peak RAM Test=372.06 MB
2026-06-01 14:13:35 | INFO | [ncluster=247/247] AUC-ROC=74.70%  AUC-PR=69.94%  F1=0.6085  MCC=0.3990  Train=13.988s  Test=42.443s  Peak RAM Train=82.913 MB  Peak RAM Test=376.5 MB
2026-06-01 14:13:35 | INFO | [ncluster=250/250] AUC-ROC=73.78%  AUC-PR=67.85%  F1=0.5823  MCC=0.4044  Train=14.521s  Test=28.304s  Peak RAM Train=82.917 MB  Peak RAM Test=380.94 MB
2026-06-01 14:13:35 | INFO | [ncluster=253/253] AUC-ROC=73.47%  AUC-PR=68.92%  F1=0.5937  MCC=0.4253  Train=12.541s  Test=35.136s  Peak RAM Train=82.916 MB  Peak RAM Test=385.38 MB
2026-06-01 14:13:35 | INFO | [ncluster=256/256] AUC-ROC=74.56%  AUC-PR=69.53%  F1=0.6137  MCC=0.3891  Train=15.872s  Test=34.478s  Peak RAM Train=82.916 MB  Peak RAM Test=389.82 MB
2026-06-01 14:13:35 | INFO | [ncluster=259/259] AUC-ROC=74.84%  AUC-PR=71.07%  F1=0.6132  MCC=0.4205  Train=12.996s  Test=37.891s  Peak RAM Train=82.919 MB  Peak RAM Test=394.26 MB
2026-06-01 14:13:35 | INFO | [ncluster=262/262] AUC-ROC=74.79%  AUC-PR=69.97%  F1=0.6090  MCC=0.4070  Train=10.762s  Test=44.534s  Peak RAM Train=82.921 MB  Peak RAM Test=398.7 MB
2026-06-01 14:13:35 | INFO | [ncluster=265/265] AUC-ROC=73.65%  AUC-PR=65.94%  F1=0.6001  MCC=0.3829  Train=12.087s  Test=33.736s  Peak RAM Train=82.921 MB  Peak RAM Test=403.14 MB
2026-06-01 14:13:35 | INFO | [ncluster=268/268] AUC-ROC=74.80%  AUC-PR=70.46%  F1=0.6048  MCC=0.4200  Train=13.984s  Test=37.391s  Peak RAM Train=82.919 MB  Peak RAM Test=407.58 MB
2026-06-01 14:13:35 | INFO | [ncluster=271/271] AUC-ROC=74.02%  AUC-PR=66.49%  F1=0.6068  MCC=0.4078  Train=14.999s  Test=37.084s  Peak RAM Train=82.92 MB  Peak RAM Test=412.02 MB
2026-06-01 14:13:36 | INFO | [ncluster=274/274] AUC-ROC=73.02%  AUC-PR=64.41%  F1=0.5866  MCC=0.3968  Train=12.529s  Test=35.947s  Peak RAM Train=82.92 MB  Peak RAM Test=416.46 MB
2026-06-01 14:13:36 | INFO | [ncluster=277/277] AUC-ROC=73.95%  AUC-PR=66.27%  F1=0.5849  MCC=0.3867  Train=14.765s  Test=32.892s  Peak RAM Train=82.922 MB  Peak RAM Test=420.9 MB
2026-06-01 14:13:36 | INFO | [ncluster=280/280] AUC-ROC=74.56%  AUC-PR=70.45%  F1=0.6105  MCC=0.3998  Train=13.912s  Test=35.295s  Peak RAM Train=82.925 MB  Peak RAM Test=425.34 MB
2026-06-01 14:13:36 | INFO | [ncluster=283/283] AUC-ROC=74.54%  AUC-PR=70.43%  F1=0.6123  MCC=0.3990  Train=8.682s  Test=28.857s  Peak RAM Train=82.925 MB  Peak RAM Test=429.78 MB
2026-06-01 14:13:36 | INFO | [ncluster=286/286] AUC-ROC=74.75%  AUC-PR=70.78%  F1=0.6134  MCC=0.4094  Train=11.411s  Test=27.296s  Peak RAM Train=82.926 MB  Peak RAM Test=434.22 MB
2026-06-01 14:13:36 | INFO | [ncluster=289/289] AUC-ROC=73.76%  AUC-PR=67.63%  F1=0.6005  MCC=0.4048  Train=11.714s  Test=36.700s  Peak RAM Train=82.928 MB  Peak RAM Test=438.66 MB
2026-06-01 14:13:36 | INFO | [ncluster=292/292] AUC-ROC=73.44%  AUC-PR=65.61%  F1=0.6042  MCC=0.3948  Train=10.911s  Test=31.272s  Peak RAM Train=82.928 MB  Peak RAM Test=443.1 MB
2026-06-01 14:13:36 | INFO | [ncluster=295/295] AUC-ROC=73.26%  AUC-PR=66.66%  F1=0.5893  MCC=0.3978  Train=6.988s  Test=28.511s  Peak RAM Train=82.93 MB  Peak RAM Test=447.54 MB
2026-06-01 14:13:36 | INFO | [ncluster=298/298] AUC-ROC=74.19%  AUC-PR=68.40%  F1=0.6134  MCC=0.4182  Train=8.611s  Test=25.953s  Peak RAM Train=82.927 MB  Peak RAM Test=451.98 MB
2026-06-01 14:13:36 | INFO | 
>>> Processing data_IoTID20 | scaler=QuantileTransformer
2026-06-01 14:13:36 | INFO | --- noise=0% ---
2026-06-01 14:13:36 | INFO | ============================================================
2026-06-01 14:13:36 | INFO | Dataset  : Train_QuantileTransformer_data_IoTID20.csv
2026-06-01 14:13:36 | INFO | Scaler   : QuantileTransformer
2026-06-01 14:13:36 | INFO | Noise    : 0%
2026-06-01 14:13:36 | INFO | nClusters: 100 values (1..298)
2026-06-01 14:13:36 | INFO | K-Means  : Standard KMeans
2026-06-01 14:13:36 | INFO | ============================================================
2026-06-01 14:13:39 | INFO | Loaded Raw Shape -> Train: (30878, 92), Test: (22720, 92)
2026-06-01 14:13:39 | INFO | Training size : 30,878  |  Testing size: 22,720  |  Features: 91
2026-06-01 14:13:39 | INFO | Firing up Parallel execution for 100 cluster configs...
2026-06-01 14:26:42 | INFO | [ncluster=1/1] AUC-ROC=84.92%  AUC-PR=69.57%  F1=0.7157  MCC=0.5510  Train=13.952s  Test=0.564s  Peak RAM Train=78.879 MB  Peak RAM Test=43.641 MB
2026-06-01 14:26:42 | INFO | [ncluster=4/4] AUC-ROC=84.48%  AUC-PR=68.75%  F1=0.6995  MCC=0.5225  Train=18.892s  Test=1.882s  Peak RAM Train=78.884 MB  Peak RAM Test=43.652 MB
2026-06-01 14:26:42 | INFO | [ncluster=7/7] AUC-ROC=83.56%  AUC-PR=65.88%  F1=0.6991  MCC=0.5262  Train=8.665s  Test=1.415s  Peak RAM Train=78.883 MB  Peak RAM Test=43.662 MB
2026-06-01 14:26:42 | INFO | [ncluster=10/10] AUC-ROC=86.62%  AUC-PR=84.43%  F1=0.7675  MCC=0.6410  Train=17.816s  Test=2.633s  Peak RAM Train=78.887 MB  Peak RAM Test=44.522 MB
2026-06-01 14:26:42 | INFO | [ncluster=13/13] AUC-ROC=88.78%  AUC-PR=84.42%  F1=0.7736  MCC=0.6472  Train=14.655s  Test=1.830s  Peak RAM Train=78.891 MB  Peak RAM Test=48.962 MB
2026-06-01 14:26:42 | INFO | [ncluster=16/16] AUC-ROC=87.95%  AUC-PR=84.90%  F1=0.7364  MCC=0.5852  Train=15.727s  Test=1.252s  Peak RAM Train=78.889 MB  Peak RAM Test=53.402 MB
2026-06-01 14:26:42 | INFO | [ncluster=19/19] AUC-ROC=88.03%  AUC-PR=83.71%  F1=0.7468  MCC=0.6048  Train=15.398s  Test=1.828s  Peak RAM Train=78.889 MB  Peak RAM Test=57.842 MB
2026-06-01 14:26:42 | INFO | [ncluster=22/22] AUC-ROC=88.48%  AUC-PR=84.85%  F1=0.7670  MCC=0.6392  Train=18.560s  Test=6.094s  Peak RAM Train=78.886 MB  Peak RAM Test=62.282 MB
2026-06-01 14:26:42 | INFO | [ncluster=25/25] AUC-ROC=87.85%  AUC-PR=84.27%  F1=0.7559  MCC=0.6226  Train=17.450s  Test=2.411s  Peak RAM Train=78.89 MB  Peak RAM Test=66.722 MB
2026-06-01 14:26:42 | INFO | [ncluster=28/28] AUC-ROC=86.99%  AUC-PR=81.11%  F1=0.7403  MCC=0.6011  Train=17.668s  Test=5.104s  Peak RAM Train=78.893 MB  Peak RAM Test=71.162 MB
2026-06-01 14:26:42 | INFO | [ncluster=31/31] AUC-ROC=87.79%  AUC-PR=82.74%  F1=0.7441  MCC=0.6097  Train=14.567s  Test=5.864s  Peak RAM Train=78.895 MB  Peak RAM Test=75.602 MB
2026-06-01 14:26:42 | INFO | [ncluster=34/34] AUC-ROC=87.45%  AUC-PR=84.73%  F1=0.7686  MCC=0.6449  Train=16.675s  Test=6.043s  Peak RAM Train=78.895 MB  Peak RAM Test=80.042 MB
2026-06-01 14:26:42 | INFO | [ncluster=37/37] AUC-ROC=88.50%  AUC-PR=85.95%  F1=0.7603  MCC=0.6354  Train=9.292s  Test=2.875s  Peak RAM Train=78.896 MB  Peak RAM Test=84.482 MB
2026-06-01 14:26:42 | INFO | [ncluster=40/40] AUC-ROC=88.67%  AUC-PR=85.21%  F1=0.7502  MCC=0.6133  Train=14.809s  Test=9.215s  Peak RAM Train=78.897 MB  Peak RAM Test=88.922 MB
2026-06-01 14:26:42 | INFO | [ncluster=43/43] AUC-ROC=88.06%  AUC-PR=84.87%  F1=0.7506  MCC=0.6301  Train=15.951s  Test=6.287s  Peak RAM Train=78.9 MB  Peak RAM Test=93.362 MB
2026-06-01 14:26:42 | INFO | [ncluster=46/46] AUC-ROC=87.77%  AUC-PR=81.23%  F1=0.7455  MCC=0.6117  Train=12.921s  Test=10.310s  Peak RAM Train=78.902 MB  Peak RAM Test=97.802 MB
2026-06-01 14:26:42 | INFO | [ncluster=49/49] AUC-ROC=88.23%  AUC-PR=82.21%  F1=0.7439  MCC=0.6033  Train=10.791s  Test=8.267s  Peak RAM Train=78.904 MB  Peak RAM Test=102.242 MB
2026-06-01 14:26:42 | INFO | [ncluster=52/52] AUC-ROC=88.26%  AUC-PR=82.64%  F1=0.7292  MCC=0.5736  Train=13.687s  Test=9.368s  Peak RAM Train=78.903 MB  Peak RAM Test=106.682 MB
2026-06-01 14:26:42 | INFO | [ncluster=55/55] AUC-ROC=86.10%  AUC-PR=79.51%  F1=0.7304  MCC=0.5755  Train=16.195s  Test=8.854s  Peak RAM Train=78.903 MB  Peak RAM Test=111.122 MB
2026-06-01 14:26:42 | INFO | [ncluster=58/58] AUC-ROC=88.06%  AUC-PR=82.72%  F1=0.7289  MCC=0.5751  Train=15.658s  Test=8.570s  Peak RAM Train=78.9 MB  Peak RAM Test=115.562 MB
2026-06-01 14:26:42 | INFO | [ncluster=61/61] AUC-ROC=88.42%  AUC-PR=82.43%  F1=0.7559  MCC=0.6261  Train=16.588s  Test=9.613s  Peak RAM Train=78.906 MB  Peak RAM Test=120.002 MB
2026-06-01 14:26:42 | INFO | [ncluster=64/64] AUC-ROC=87.34%  AUC-PR=80.45%  F1=0.7315  MCC=0.5782  Train=16.747s  Test=12.197s  Peak RAM Train=78.907 MB  Peak RAM Test=124.442 MB
2026-06-01 14:26:42 | INFO | [ncluster=67/67] AUC-ROC=88.57%  AUC-PR=83.18%  F1=0.7394  MCC=0.5922  Train=16.571s  Test=10.594s  Peak RAM Train=78.911 MB  Peak RAM Test=128.882 MB
2026-06-01 14:26:42 | INFO | [ncluster=70/70] AUC-ROC=86.27%  AUC-PR=72.46%  F1=0.7398  MCC=0.5957  Train=13.344s  Test=10.331s  Peak RAM Train=78.909 MB  Peak RAM Test=133.322 MB
2026-06-01 14:26:42 | INFO | [ncluster=73/73] AUC-ROC=88.26%  AUC-PR=83.84%  F1=0.7448  MCC=0.6067  Train=14.312s  Test=13.532s  Peak RAM Train=78.91 MB  Peak RAM Test=137.762 MB
2026-06-01 14:26:42 | INFO | [ncluster=76/76] AUC-ROC=86.91%  AUC-PR=77.96%  F1=0.7258  MCC=0.5678  Train=17.077s  Test=10.255s  Peak RAM Train=78.912 MB  Peak RAM Test=142.202 MB
2026-06-01 14:26:42 | INFO | [ncluster=79/79] AUC-ROC=88.52%  AUC-PR=83.02%  F1=0.7517  MCC=0.6125  Train=13.271s  Test=11.331s  Peak RAM Train=78.907 MB  Peak RAM Test=146.642 MB
2026-06-01 14:26:42 | INFO | [ncluster=82/82] AUC-ROC=89.03%  AUC-PR=84.15%  F1=0.7532  MCC=0.6168  Train=14.581s  Test=12.641s  Peak RAM Train=79.175 MB  Peak RAM Test=151.083 MB
2026-06-01 14:26:42 | INFO | [ncluster=85/85] AUC-ROC=87.91%  AUC-PR=81.61%  F1=0.7511  MCC=0.6121  Train=15.398s  Test=17.363s  Peak RAM Train=79.186 MB  Peak RAM Test=155.523 MB
2026-06-01 14:26:42 | INFO | [ncluster=88/88] AUC-ROC=87.99%  AUC-PR=82.32%  F1=0.7400  MCC=0.5955  Train=9.654s  Test=12.793s  Peak RAM Train=79.19 MB  Peak RAM Test=159.963 MB
2026-06-01 14:26:42 | INFO | [ncluster=91/91] AUC-ROC=89.15%  AUC-PR=83.18%  F1=0.7616  MCC=0.6297  Train=15.354s  Test=15.529s  Peak RAM Train=79.194 MB  Peak RAM Test=164.403 MB
2026-06-01 14:26:42 | INFO | [ncluster=94/94] AUC-ROC=86.46%  AUC-PR=76.86%  F1=0.7550  MCC=0.6197  Train=9.245s  Test=13.366s  Peak RAM Train=79.181 MB  Peak RAM Test=168.843 MB
2026-06-01 14:26:42 | INFO | [ncluster=97/97] AUC-ROC=87.87%  AUC-PR=82.47%  F1=0.7490  MCC=0.6095  Train=10.796s  Test=18.628s  Peak RAM Train=78.918 MB  Peak RAM Test=173.282 MB
2026-06-01 14:26:42 | INFO | [ncluster=100/100] AUC-ROC=85.77%  AUC-PR=74.33%  F1=0.7464  MCC=0.6041  Train=9.813s  Test=11.045s  Peak RAM Train=78.917 MB  Peak RAM Test=177.722 MB
2026-06-01 14:26:42 | INFO | [ncluster=103/103] AUC-ROC=85.81%  AUC-PR=75.59%  F1=0.7401  MCC=0.5913  Train=13.709s  Test=8.593s  Peak RAM Train=78.921 MB  Peak RAM Test=182.162 MB
2026-06-01 14:26:42 | INFO | [ncluster=106/106] AUC-ROC=85.82%  AUC-PR=75.94%  F1=0.7416  MCC=0.5939  Train=11.583s  Test=14.865s  Peak RAM Train=78.923 MB  Peak RAM Test=186.602 MB
2026-06-01 14:26:42 | INFO | [ncluster=109/109] AUC-ROC=86.22%  AUC-PR=75.37%  F1=0.7569  MCC=0.6200  Train=14.303s  Test=11.505s  Peak RAM Train=78.923 MB  Peak RAM Test=191.042 MB
2026-06-01 14:26:42 | INFO | [ncluster=112/112] AUC-ROC=85.89%  AUC-PR=77.03%  F1=0.7412  MCC=0.5936  Train=14.929s  Test=16.353s  Peak RAM Train=78.927 MB  Peak RAM Test=195.482 MB
2026-06-01 14:26:42 | INFO | [ncluster=115/115] AUC-ROC=86.55%  AUC-PR=76.52%  F1=0.7606  MCC=0.6310  Train=14.392s  Test=16.538s  Peak RAM Train=78.929 MB  Peak RAM Test=199.922 MB
2026-06-01 14:26:42 | INFO | [ncluster=118/118] AUC-ROC=88.12%  AUC-PR=83.38%  F1=0.7553  MCC=0.6169  Train=12.686s  Test=18.564s  Peak RAM Train=78.928 MB  Peak RAM Test=204.362 MB
2026-06-01 14:26:42 | INFO | [ncluster=121/121] AUC-ROC=87.19%  AUC-PR=78.35%  F1=0.7526  MCC=0.6126  Train=12.541s  Test=18.462s  Peak RAM Train=78.923 MB  Peak RAM Test=208.802 MB
2026-06-01 14:26:42 | INFO | [ncluster=124/124] AUC-ROC=86.23%  AUC-PR=77.98%  F1=0.7479  MCC=0.6043  Train=13.534s  Test=11.438s  Peak RAM Train=78.925 MB  Peak RAM Test=213.242 MB
2026-06-01 14:26:42 | INFO | [ncluster=127/127] AUC-ROC=87.45%  AUC-PR=80.01%  F1=0.7627  MCC=0.6289  Train=14.663s  Test=16.091s  Peak RAM Train=78.929 MB  Peak RAM Test=217.682 MB
2026-06-01 14:26:42 | INFO | [ncluster=130/130] AUC-ROC=85.86%  AUC-PR=73.52%  F1=0.7466  MCC=0.6023  Train=13.900s  Test=13.927s  Peak RAM Train=78.931 MB  Peak RAM Test=222.122 MB
2026-06-01 14:26:42 | INFO | [ncluster=133/133] AUC-ROC=87.17%  AUC-PR=77.10%  F1=0.7635  MCC=0.6319  Train=11.509s  Test=16.929s  Peak RAM Train=78.933 MB  Peak RAM Test=226.562 MB
2026-06-01 14:26:42 | INFO | [ncluster=136/136] AUC-ROC=86.91%  AUC-PR=78.52%  F1=0.7519  MCC=0.6112  Train=13.597s  Test=21.731s  Peak RAM Train=78.935 MB  Peak RAM Test=231.002 MB
2026-06-01 14:26:42 | INFO | [ncluster=139/139] AUC-ROC=86.39%  AUC-PR=77.61%  F1=0.7727  MCC=0.6457  Train=13.057s  Test=18.110s  Peak RAM Train=78.937 MB  Peak RAM Test=235.442 MB
2026-06-01 14:26:42 | INFO | [ncluster=142/142] AUC-ROC=87.29%  AUC-PR=78.84%  F1=0.7581  MCC=0.6213  Train=11.610s  Test=20.136s  Peak RAM Train=78.938 MB  Peak RAM Test=239.882 MB
2026-06-01 14:26:42 | INFO | [ncluster=145/145] AUC-ROC=86.29%  AUC-PR=77.76%  F1=0.7556  MCC=0.6184  Train=11.907s  Test=19.188s  Peak RAM Train=78.939 MB  Peak RAM Test=244.322 MB
2026-06-01 14:26:42 | INFO | [ncluster=148/148] AUC-ROC=88.05%  AUC-PR=80.45%  F1=0.7646  MCC=0.6319  Train=11.347s  Test=24.023s  Peak RAM Train=78.934 MB  Peak RAM Test=248.762 MB
2026-06-01 14:26:42 | INFO | [ncluster=151/151] AUC-ROC=87.60%  AUC-PR=79.44%  F1=0.7515  MCC=0.6106  Train=10.602s  Test=19.086s  Peak RAM Train=78.935 MB  Peak RAM Test=253.202 MB
2026-06-01 14:26:42 | INFO | [ncluster=154/154] AUC-ROC=86.51%  AUC-PR=77.45%  F1=0.7563  MCC=0.6182  Train=11.099s  Test=17.680s  Peak RAM Train=78.94 MB  Peak RAM Test=257.642 MB
2026-06-01 14:26:42 | INFO | [ncluster=157/157] AUC-ROC=86.63%  AUC-PR=78.29%  F1=0.7623  MCC=0.6311  Train=10.987s  Test=19.969s  Peak RAM Train=78.946 MB  Peak RAM Test=262.082 MB
2026-06-01 14:26:42 | INFO | [ncluster=160/160] AUC-ROC=87.22%  AUC-PR=79.27%  F1=0.7701  MCC=0.6431  Train=12.597s  Test=20.984s  Peak RAM Train=78.948 MB  Peak RAM Test=266.522 MB
2026-06-01 14:26:42 | INFO | [ncluster=163/163] AUC-ROC=86.62%  AUC-PR=78.37%  F1=0.7586  MCC=0.6222  Train=10.853s  Test=16.859s  Peak RAM Train=78.949 MB  Peak RAM Test=270.962 MB
2026-06-01 14:26:42 | INFO | [ncluster=166/166] AUC-ROC=86.34%  AUC-PR=78.63%  F1=0.7604  MCC=0.6250  Train=8.415s  Test=21.083s  Peak RAM Train=78.946 MB  Peak RAM Test=275.402 MB
2026-06-01 14:26:42 | INFO | [ncluster=169/169] AUC-ROC=86.75%  AUC-PR=77.83%  F1=0.7506  MCC=0.6092  Train=13.754s  Test=17.538s  Peak RAM Train=78.949 MB  Peak RAM Test=279.842 MB
2026-06-01 14:26:42 | INFO | [ncluster=172/172] AUC-ROC=87.15%  AUC-PR=79.11%  F1=0.7569  MCC=0.6213  Train=13.916s  Test=18.059s  Peak RAM Train=78.943 MB  Peak RAM Test=284.282 MB
2026-06-01 14:26:42 | INFO | [ncluster=175/175] AUC-ROC=87.46%  AUC-PR=80.09%  F1=0.7696  MCC=0.6411  Train=10.753s  Test=22.476s  Peak RAM Train=78.955 MB  Peak RAM Test=288.722 MB
2026-06-01 14:26:42 | INFO | [ncluster=178/178] AUC-ROC=87.44%  AUC-PR=80.65%  F1=0.7610  MCC=0.6268  Train=10.360s  Test=23.093s  Peak RAM Train=78.967 MB  Peak RAM Test=293.162 MB
2026-06-01 14:26:42 | INFO | [ncluster=181/181] AUC-ROC=87.78%  AUC-PR=82.79%  F1=0.7678  MCC=0.6383  Train=10.736s  Test=19.140s  Peak RAM Train=78.977 MB  Peak RAM Test=297.602 MB
2026-06-01 14:26:42 | INFO | [ncluster=184/184] AUC-ROC=87.15%  AUC-PR=79.70%  F1=0.7580  MCC=0.6213  Train=8.427s  Test=31.207s  Peak RAM Train=78.988 MB  Peak RAM Test=302.042 MB
2026-06-01 14:26:42 | INFO | [ncluster=187/187] AUC-ROC=88.14%  AUC-PR=80.72%  F1=0.7646  MCC=0.6323  Train=9.540s  Test=24.434s  Peak RAM Train=78.987 MB  Peak RAM Test=306.482 MB
2026-06-01 14:26:42 | INFO | [ncluster=190/190] AUC-ROC=87.88%  AUC-PR=81.00%  F1=0.7542  MCC=0.6156  Train=10.895s  Test=21.562s  Peak RAM Train=78.986 MB  Peak RAM Test=310.922 MB
2026-06-01 14:26:42 | INFO | [ncluster=193/193] AUC-ROC=85.79%  AUC-PR=76.26%  F1=0.7459  MCC=0.6027  Train=7.122s  Test=23.114s  Peak RAM Train=78.957 MB  Peak RAM Test=315.362 MB
2026-06-01 14:26:42 | INFO | [ncluster=196/196] AUC-ROC=87.48%  AUC-PR=80.23%  F1=0.7511  MCC=0.6100  Train=14.149s  Test=36.291s  Peak RAM Train=78.961 MB  Peak RAM Test=319.802 MB
2026-06-01 14:26:42 | INFO | [ncluster=199/199] AUC-ROC=87.46%  AUC-PR=80.68%  F1=0.7427  MCC=0.5959  Train=13.179s  Test=32.874s  Peak RAM Train=78.956 MB  Peak RAM Test=324.242 MB
2026-06-01 14:26:42 | INFO | [ncluster=202/202] AUC-ROC=87.41%  AUC-PR=78.86%  F1=0.7715  MCC=0.6432  Train=15.640s  Test=33.286s  Peak RAM Train=78.958 MB  Peak RAM Test=328.682 MB
2026-06-01 14:26:42 | INFO | [ncluster=205/205] AUC-ROC=89.31%  AUC-PR=83.86%  F1=0.7655  MCC=0.6334  Train=15.861s  Test=29.321s  Peak RAM Train=78.965 MB  Peak RAM Test=333.122 MB
2026-06-01 14:26:42 | INFO | [ncluster=208/208] AUC-ROC=88.49%  AUC-PR=82.45%  F1=0.7551  MCC=0.6164  Train=17.493s  Test=31.954s  Peak RAM Train=78.958 MB  Peak RAM Test=337.562 MB
2026-06-01 14:26:42 | INFO | [ncluster=211/211] AUC-ROC=88.55%  AUC-PR=82.58%  F1=0.7602  MCC=0.6250  Train=17.522s  Test=38.438s  Peak RAM Train=78.966 MB  Peak RAM Test=342.002 MB
2026-06-01 14:26:42 | INFO | [ncluster=214/214] AUC-ROC=87.88%  AUC-PR=80.48%  F1=0.7559  MCC=0.6177  Train=9.521s  Test=30.446s  Peak RAM Train=78.959 MB  Peak RAM Test=346.442 MB
2026-06-01 14:26:42 | INFO | [ncluster=217/217] AUC-ROC=88.01%  AUC-PR=81.24%  F1=0.7586  MCC=0.6221  Train=16.207s  Test=32.375s  Peak RAM Train=78.959 MB  Peak RAM Test=350.882 MB
2026-06-01 14:26:42 | INFO | [ncluster=220/220] AUC-ROC=87.58%  AUC-PR=77.22%  F1=0.7567  MCC=0.6190  Train=13.861s  Test=36.043s  Peak RAM Train=78.964 MB  Peak RAM Test=355.322 MB
2026-06-01 14:26:42 | INFO | [ncluster=223/223] AUC-ROC=87.52%  AUC-PR=80.24%  F1=0.7520  MCC=0.6125  Train=17.412s  Test=32.259s  Peak RAM Train=78.966 MB  Peak RAM Test=359.762 MB
2026-06-01 14:26:42 | INFO | [ncluster=226/226] AUC-ROC=86.81%  AUC-PR=76.42%  F1=0.7523  MCC=0.6117  Train=17.469s  Test=33.730s  Peak RAM Train=78.974 MB  Peak RAM Test=364.202 MB
2026-06-01 14:26:42 | INFO | [ncluster=229/229] AUC-ROC=88.64%  AUC-PR=81.27%  F1=0.7500  MCC=0.6079  Train=19.549s  Test=33.066s  Peak RAM Train=78.972 MB  Peak RAM Test=368.642 MB
2026-06-01 14:26:42 | INFO | [ncluster=232/232] AUC-ROC=87.29%  AUC-PR=79.95%  F1=0.7598  MCC=0.6242  Train=15.279s  Test=28.148s  Peak RAM Train=78.973 MB  Peak RAM Test=373.082 MB
2026-06-01 14:26:42 | INFO | [ncluster=235/235] AUC-ROC=88.35%  AUC-PR=82.84%  F1=0.7563  MCC=0.6195  Train=14.687s  Test=35.742s  Peak RAM Train=78.976 MB  Peak RAM Test=377.522 MB
2026-06-01 14:26:42 | INFO | [ncluster=238/238] AUC-ROC=89.10%  AUC-PR=83.53%  F1=0.7670  MCC=0.6361  Train=14.433s  Test=31.989s  Peak RAM Train=78.974 MB  Peak RAM Test=381.962 MB
2026-06-01 14:26:42 | INFO | [ncluster=241/241] AUC-ROC=88.77%  AUC-PR=82.30%  F1=0.7552  MCC=0.6178  Train=11.496s  Test=35.319s  Peak RAM Train=78.977 MB  Peak RAM Test=386.402 MB
2026-06-01 14:26:42 | INFO | [ncluster=244/244] AUC-ROC=88.57%  AUC-PR=83.12%  F1=0.7533  MCC=0.6137  Train=13.135s  Test=31.055s  Peak RAM Train=78.974 MB  Peak RAM Test=390.842 MB
2026-06-01 14:26:42 | INFO | [ncluster=247/247] AUC-ROC=90.93%  AUC-PR=86.30%  F1=0.7672  MCC=0.6362  Train=9.632s  Test=47.161s  Peak RAM Train=78.974 MB  Peak RAM Test=395.282 MB
2026-06-01 14:26:42 | INFO | [ncluster=250/250] AUC-ROC=89.02%  AUC-PR=84.08%  F1=0.7574  MCC=0.6207  Train=13.732s  Test=33.353s  Peak RAM Train=78.981 MB  Peak RAM Test=399.722 MB
2026-06-01 14:26:42 | INFO | [ncluster=253/253] AUC-ROC=87.75%  AUC-PR=81.67%  F1=0.7546  MCC=0.6155  Train=11.002s  Test=29.167s  Peak RAM Train=78.977 MB  Peak RAM Test=404.162 MB
2026-06-01 14:26:42 | INFO | [ncluster=256/256] AUC-ROC=88.40%  AUC-PR=83.27%  F1=0.7524  MCC=0.6119  Train=12.425s  Test=36.597s  Peak RAM Train=78.978 MB  Peak RAM Test=408.602 MB
2026-06-01 14:26:42 | INFO | [ncluster=259/259] AUC-ROC=88.73%  AUC-PR=82.93%  F1=0.7670  MCC=0.6384  Train=12.083s  Test=30.171s  Peak RAM Train=78.979 MB  Peak RAM Test=413.042 MB
2026-06-01 14:26:42 | INFO | [ncluster=262/262] AUC-ROC=88.92%  AUC-PR=81.80%  F1=0.7595  MCC=0.6238  Train=13.429s  Test=33.808s  Peak RAM Train=78.983 MB  Peak RAM Test=417.482 MB
2026-06-01 14:26:42 | INFO | [ncluster=265/265] AUC-ROC=90.26%  AUC-PR=84.78%  F1=0.7579  MCC=0.6235  Train=11.832s  Test=25.229s  Peak RAM Train=78.986 MB  Peak RAM Test=421.922 MB
2026-06-01 14:26:42 | INFO | [ncluster=268/268] AUC-ROC=87.99%  AUC-PR=82.19%  F1=0.7642  MCC=0.6313  Train=13.355s  Test=29.672s  Peak RAM Train=78.986 MB  Peak RAM Test=426.362 MB
2026-06-01 14:26:42 | INFO | [ncluster=271/271] AUC-ROC=87.94%  AUC-PR=80.75%  F1=0.7507  MCC=0.6094  Train=12.293s  Test=34.844s  Peak RAM Train=78.985 MB  Peak RAM Test=430.802 MB
2026-06-01 14:26:42 | INFO | [ncluster=274/274] AUC-ROC=89.64%  AUC-PR=83.58%  F1=0.7523  MCC=0.6131  Train=11.114s  Test=25.463s  Peak RAM Train=78.986 MB  Peak RAM Test=435.242 MB
2026-06-01 14:26:42 | INFO | [ncluster=277/277] AUC-ROC=87.99%  AUC-PR=82.35%  F1=0.7487  MCC=0.6058  Train=9.554s  Test=31.380s  Peak RAM Train=78.988 MB  Peak RAM Test=439.682 MB
2026-06-01 14:26:42 | INFO | [ncluster=280/280] AUC-ROC=88.58%  AUC-PR=79.47%  F1=0.7564  MCC=0.6184  Train=12.626s  Test=33.316s  Peak RAM Train=79.009 MB  Peak RAM Test=444.122 MB
2026-06-01 14:26:42 | INFO | [ncluster=283/283] AUC-ROC=89.67%  AUC-PR=84.94%  F1=0.7580  MCC=0.6211  Train=8.879s  Test=28.601s  Peak RAM Train=78.986 MB  Peak RAM Test=448.562 MB
2026-06-01 14:26:42 | INFO | [ncluster=286/286] AUC-ROC=89.15%  AUC-PR=83.09%  F1=0.7589  MCC=0.6230  Train=8.532s  Test=28.569s  Peak RAM Train=78.992 MB  Peak RAM Test=453.002 MB
2026-06-01 14:26:42 | INFO | [ncluster=289/289] AUC-ROC=89.88%  AUC-PR=85.29%  F1=0.7625  MCC=0.6286  Train=12.369s  Test=35.650s  Peak RAM Train=78.989 MB  Peak RAM Test=457.442 MB
2026-06-01 14:26:42 | INFO | [ncluster=292/292] AUC-ROC=89.15%  AUC-PR=84.68%  F1=0.7627  MCC=0.6310  Train=13.819s  Test=35.169s  Peak RAM Train=78.989 MB  Peak RAM Test=461.882 MB
2026-06-01 14:26:42 | INFO | [ncluster=295/295] AUC-ROC=90.71%  AUC-PR=87.55%  F1=0.7715  MCC=0.6435  Train=5.788s  Test=28.493s  Peak RAM Train=79.0 MB  Peak RAM Test=466.322 MB
2026-06-01 14:26:42 | INFO | [ncluster=298/298] AUC-ROC=91.51%  AUC-PR=88.05%  F1=0.7820  MCC=0.6737  Train=13.606s  Test=26.624s  Peak RAM Train=78.999 MB  Peak RAM Test=470.762 MB
2026-06-01 14:26:42 | INFO | --- noise=1% ---
2026-06-01 14:26:42 | INFO | ============================================================
2026-06-01 14:26:42 | INFO | Dataset  : Train_QuantileTransformer_data_IoTID20.csv
2026-06-01 14:26:42 | INFO | Scaler   : QuantileTransformer
2026-06-01 14:26:42 | INFO | Noise    : 1%
2026-06-01 14:26:42 | INFO | nClusters: 100 values (1..298)
2026-06-01 14:26:42 | INFO | K-Means  : Standard KMeans
2026-06-01 14:26:42 | INFO | ============================================================
2026-06-01 14:26:45 | INFO | Loaded Raw Shape -> Train: (30878, 92), Test: (22720, 92)
2026-06-01 14:26:45 | INFO | Training size : 31,186  |  Testing size: 22,412  |  Features: 91
2026-06-01 14:26:45 | INFO | Firing up Parallel execution for 100 cluster configs...
2026-06-01 14:39:43 | INFO | [ncluster=1/1] AUC-ROC=85.54%  AUC-PR=69.62%  F1=0.7278  MCC=0.5678  Train=12.588s  Test=0.425s  Peak RAM Train=79.664 MB  Peak RAM Test=24.625 MB
2026-06-01 14:39:43 | INFO | [ncluster=4/4] AUC-ROC=79.90%  AUC-PR=65.16%  F1=0.6639  MCC=0.4555  Train=16.111s  Test=1.129s  Peak RAM Train=79.674 MB  Peak RAM Test=24.39 MB
2026-06-01 14:39:43 | INFO | [ncluster=7/7] AUC-ROC=79.35%  AUC-PR=62.38%  F1=0.6641  MCC=0.4566  Train=11.380s  Test=1.745s  Peak RAM Train=79.671 MB  Peak RAM Test=24.404 MB
2026-06-01 14:39:43 | INFO | [ncluster=10/10] AUC-ROC=79.28%  AUC-PR=74.97%  F1=0.6375  MCC=0.5155  Train=17.510s  Test=0.988s  Peak RAM Train=79.67 MB  Peak RAM Test=25.012 MB
2026-06-01 14:39:43 | INFO | [ncluster=13/13] AUC-ROC=81.90%  AUC-PR=72.87%  F1=0.6996  MCC=0.5189  Train=17.864s  Test=2.909s  Peak RAM Train=79.674 MB  Peak RAM Test=29.452 MB
2026-06-01 14:39:43 | INFO | [ncluster=16/16] AUC-ROC=74.91%  AUC-PR=67.99%  F1=0.6076  MCC=0.4086  Train=18.313s  Test=3.144s  Peak RAM Train=79.677 MB  Peak RAM Test=33.892 MB
2026-06-01 14:39:43 | INFO | [ncluster=19/19] AUC-ROC=76.44%  AUC-PR=69.50%  F1=0.6330  MCC=0.4232  Train=16.137s  Test=3.759s  Peak RAM Train=79.677 MB  Peak RAM Test=38.332 MB
2026-06-01 14:39:43 | INFO | [ncluster=22/22] AUC-ROC=80.93%  AUC-PR=75.54%  F1=0.6778  MCC=0.5119  Train=14.734s  Test=4.308s  Peak RAM Train=79.678 MB  Peak RAM Test=42.772 MB
2026-06-01 14:39:43 | INFO | [ncluster=25/25] AUC-ROC=72.06%  AUC-PR=63.50%  F1=0.6035  MCC=0.4052  Train=14.656s  Test=3.003s  Peak RAM Train=79.678 MB  Peak RAM Test=47.212 MB
2026-06-01 14:39:43 | INFO | [ncluster=28/28] AUC-ROC=74.90%  AUC-PR=67.47%  F1=0.6255  MCC=0.4788  Train=18.751s  Test=5.917s  Peak RAM Train=79.676 MB  Peak RAM Test=51.652 MB
2026-06-01 14:39:43 | INFO | [ncluster=31/31] AUC-ROC=77.04%  AUC-PR=70.78%  F1=0.6647  MCC=0.4891  Train=16.567s  Test=6.227s  Peak RAM Train=79.683 MB  Peak RAM Test=56.092 MB
2026-06-01 14:39:43 | INFO | [ncluster=34/34] AUC-ROC=77.53%  AUC-PR=74.19%  F1=0.6653  MCC=0.5286  Train=15.617s  Test=6.209s  Peak RAM Train=79.687 MB  Peak RAM Test=60.532 MB
2026-06-01 14:39:43 | INFO | [ncluster=37/37] AUC-ROC=73.23%  AUC-PR=62.89%  F1=0.6312  MCC=0.4118  Train=17.171s  Test=7.535s  Peak RAM Train=79.684 MB  Peak RAM Test=64.972 MB
2026-06-01 14:39:43 | INFO | [ncluster=40/40] AUC-ROC=72.52%  AUC-PR=64.78%  F1=0.6170  MCC=0.4035  Train=16.497s  Test=7.742s  Peak RAM Train=79.681 MB  Peak RAM Test=69.412 MB
2026-06-01 14:39:43 | INFO | [ncluster=43/43] AUC-ROC=62.09%  AUC-PR=48.58%  F1=0.3765  MCC=0.2853  Train=17.052s  Test=9.264s  Peak RAM Train=79.685 MB  Peak RAM Test=73.852 MB
2026-06-01 14:39:43 | INFO | [ncluster=46/46] AUC-ROC=67.04%  AUC-PR=54.48%  F1=0.5513  MCC=0.2952  Train=14.034s  Test=3.253s  Peak RAM Train=79.687 MB  Peak RAM Test=78.292 MB
2026-06-01 14:39:43 | INFO | [ncluster=49/49] AUC-ROC=60.05%  AUC-PR=43.61%  F1=0.5199  MCC=0.1872  Train=19.697s  Test=10.162s  Peak RAM Train=79.688 MB  Peak RAM Test=82.732 MB
2026-06-01 14:39:43 | INFO | [ncluster=52/52] AUC-ROC=63.42%  AUC-PR=46.79%  F1=0.5669  MCC=0.2655  Train=17.154s  Test=9.582s  Peak RAM Train=79.688 MB  Peak RAM Test=87.172 MB
2026-06-01 14:39:43 | INFO | [ncluster=55/55] AUC-ROC=64.99%  AUC-PR=47.43%  F1=0.5347  MCC=0.2780  Train=22.194s  Test=12.403s  Peak RAM Train=79.69 MB  Peak RAM Test=91.612 MB
2026-06-01 14:39:43 | INFO | [ncluster=58/58] AUC-ROC=65.33%  AUC-PR=51.04%  F1=0.5500  MCC=0.2577  Train=16.812s  Test=10.425s  Peak RAM Train=79.688 MB  Peak RAM Test=96.052 MB
2026-06-01 14:39:44 | INFO | [ncluster=61/61] AUC-ROC=61.42%  AUC-PR=45.08%  F1=0.5358  MCC=0.2087  Train=14.483s  Test=10.526s  Peak RAM Train=79.686 MB  Peak RAM Test=100.492 MB
2026-06-01 14:39:44 | INFO | [ncluster=64/64] AUC-ROC=62.11%  AUC-PR=44.78%  F1=0.5255  MCC=0.2161  Train=11.393s  Test=14.049s  Peak RAM Train=79.698 MB  Peak RAM Test=104.932 MB
2026-06-01 14:39:44 | INFO | [ncluster=67/67] AUC-ROC=66.74%  AUC-PR=53.56%  F1=0.5511  MCC=0.2818  Train=20.282s  Test=15.364s  Peak RAM Train=79.694 MB  Peak RAM Test=109.372 MB
2026-06-01 14:39:44 | INFO | [ncluster=70/70] AUC-ROC=62.42%  AUC-PR=47.57%  F1=0.4852  MCC=0.2309  Train=16.772s  Test=11.559s  Peak RAM Train=79.694 MB  Peak RAM Test=113.812 MB
2026-06-01 14:39:44 | INFO | [ncluster=73/73] AUC-ROC=62.27%  AUC-PR=45.85%  F1=0.5033  MCC=0.2277  Train=12.544s  Test=9.693s  Peak RAM Train=79.696 MB  Peak RAM Test=118.252 MB
2026-06-01 14:39:44 | INFO | [ncluster=76/76] AUC-ROC=63.60%  AUC-PR=48.89%  F1=0.5441  MCC=0.2303  Train=18.067s  Test=17.245s  Peak RAM Train=79.704 MB  Peak RAM Test=122.692 MB
2026-06-01 14:39:44 | INFO | [ncluster=79/79] AUC-ROC=63.52%  AUC-PR=50.58%  F1=0.5172  MCC=0.2520  Train=16.773s  Test=15.561s  Peak RAM Train=79.694 MB  Peak RAM Test=127.132 MB
2026-06-01 14:39:44 | INFO | [ncluster=82/82] AUC-ROC=54.92%  AUC-PR=33.93%  F1=0.5070  MCC=0.1685  Train=17.649s  Test=16.054s  Peak RAM Train=79.7 MB  Peak RAM Test=131.572 MB
2026-06-01 14:39:44 | INFO | [ncluster=85/85] AUC-ROC=54.99%  AUC-PR=34.44%  F1=0.4953  MCC=0.1729  Train=17.714s  Test=12.375s  Peak RAM Train=79.966 MB  Peak RAM Test=136.013 MB
2026-06-01 14:39:44 | INFO | [ncluster=88/88] AUC-ROC=55.18%  AUC-PR=34.57%  F1=0.5083  MCC=0.1813  Train=17.685s  Test=10.922s  Peak RAM Train=79.964 MB  Peak RAM Test=140.453 MB
2026-06-01 14:39:44 | INFO | [ncluster=91/91] AUC-ROC=57.48%  AUC-PR=35.74%  F1=0.5458  MCC=0.2209  Train=13.521s  Test=14.182s  Peak RAM Train=79.961 MB  Peak RAM Test=144.893 MB
2026-06-01 14:39:44 | INFO | [ncluster=94/94] AUC-ROC=55.50%  AUC-PR=34.59%  F1=0.5171  MCC=0.1745  Train=11.408s  Test=14.869s  Peak RAM Train=79.97 MB  Peak RAM Test=149.333 MB
2026-06-01 14:39:44 | INFO | [ncluster=97/97] AUC-ROC=54.35%  AUC-PR=33.62%  F1=0.5095  MCC=0.1805  Train=8.786s  Test=14.106s  Peak RAM Train=79.702 MB  Peak RAM Test=153.772 MB
2026-06-01 14:39:44 | INFO | [ncluster=100/100] AUC-ROC=53.15%  AUC-PR=32.82%  F1=0.5366  MCC=0.1940  Train=13.990s  Test=16.311s  Peak RAM Train=79.706 MB  Peak RAM Test=158.212 MB
2026-06-01 14:39:44 | INFO | [ncluster=103/103] AUC-ROC=55.06%  AUC-PR=34.09%  F1=0.5427  MCC=0.2130  Train=14.762s  Test=14.221s  Peak RAM Train=79.705 MB  Peak RAM Test=162.652 MB
2026-06-01 14:39:44 | INFO | [ncluster=106/106] AUC-ROC=55.27%  AUC-PR=34.41%  F1=0.5359  MCC=0.2040  Train=17.724s  Test=18.384s  Peak RAM Train=79.704 MB  Peak RAM Test=167.092 MB
2026-06-01 14:39:44 | INFO | [ncluster=109/109] AUC-ROC=57.22%  AUC-PR=36.51%  F1=0.5246  MCC=0.1857  Train=16.361s  Test=14.358s  Peak RAM Train=79.71 MB  Peak RAM Test=171.532 MB
2026-06-01 14:39:44 | INFO | [ncluster=112/112] AUC-ROC=57.82%  AUC-PR=36.17%  F1=0.5514  MCC=0.2555  Train=17.644s  Test=15.323s  Peak RAM Train=79.712 MB  Peak RAM Test=175.972 MB
2026-06-01 14:39:44 | INFO | [ncluster=115/115] AUC-ROC=71.61%  AUC-PR=61.67%  F1=0.6207  MCC=0.4021  Train=14.083s  Test=29.118s  Peak RAM Train=79.713 MB  Peak RAM Test=180.412 MB
2026-06-01 14:39:44 | INFO | [ncluster=118/118] AUC-ROC=63.59%  AUC-PR=44.62%  F1=0.5366  MCC=0.2239  Train=11.349s  Test=13.397s  Peak RAM Train=79.712 MB  Peak RAM Test=184.852 MB
2026-06-01 14:39:44 | INFO | [ncluster=121/121] AUC-ROC=59.56%  AUC-PR=37.71%  F1=0.5510  MCC=0.2247  Train=14.111s  Test=24.233s  Peak RAM Train=79.714 MB  Peak RAM Test=189.292 MB
2026-06-01 14:39:44 | INFO | [ncluster=124/124] AUC-ROC=67.03%  AUC-PR=53.03%  F1=0.5618  MCC=0.3073  Train=14.928s  Test=36.197s  Peak RAM Train=79.715 MB  Peak RAM Test=193.732 MB
2026-06-01 14:39:44 | INFO | [ncluster=127/127] AUC-ROC=57.67%  AUC-PR=37.85%  F1=0.5330  MCC=0.2043  Train=15.081s  Test=34.076s  Peak RAM Train=79.712 MB  Peak RAM Test=198.172 MB
2026-06-01 14:39:44 | INFO | [ncluster=130/130] AUC-ROC=61.39%  AUC-PR=39.53%  F1=0.5446  MCC=0.2260  Train=17.646s  Test=29.309s  Peak RAM Train=79.718 MB  Peak RAM Test=202.612 MB
2026-06-01 14:39:44 | INFO | [ncluster=133/133] AUC-ROC=58.74%  AUC-PR=36.85%  F1=0.5415  MCC=0.2189  Train=13.919s  Test=31.703s  Peak RAM Train=79.719 MB  Peak RAM Test=207.052 MB
2026-06-01 14:39:44 | INFO | [ncluster=136/136] AUC-ROC=57.22%  AUC-PR=35.23%  F1=0.5507  MCC=0.2462  Train=11.749s  Test=28.474s  Peak RAM Train=79.721 MB  Peak RAM Test=211.492 MB
2026-06-01 14:39:44 | INFO | [ncluster=139/139] AUC-ROC=58.86%  AUC-PR=38.87%  F1=0.5367  MCC=0.2005  Train=16.530s  Test=27.759s  Peak RAM Train=79.717 MB  Peak RAM Test=215.932 MB
2026-06-01 14:39:44 | INFO | [ncluster=142/142] AUC-ROC=59.96%  AUC-PR=38.86%  F1=0.5565  MCC=0.2486  Train=18.858s  Test=14.903s  Peak RAM Train=79.722 MB  Peak RAM Test=220.372 MB
2026-06-01 14:39:44 | INFO | [ncluster=145/145] AUC-ROC=72.74%  AUC-PR=66.60%  F1=0.5958  MCC=0.3810  Train=11.603s  Test=20.950s  Peak RAM Train=79.723 MB  Peak RAM Test=224.812 MB
2026-06-01 14:39:44 | INFO | [ncluster=148/148] AUC-ROC=57.42%  AUC-PR=36.86%  F1=0.5439  MCC=0.2183  Train=17.083s  Test=27.070s  Peak RAM Train=79.724 MB  Peak RAM Test=229.252 MB
2026-06-01 14:39:44 | INFO | [ncluster=151/151] AUC-ROC=61.03%  AUC-PR=40.43%  F1=0.5355  MCC=0.2123  Train=14.389s  Test=21.520s  Peak RAM Train=79.723 MB  Peak RAM Test=233.692 MB
2026-06-01 14:39:44 | INFO | [ncluster=154/154] AUC-ROC=63.98%  AUC-PR=50.93%  F1=0.5436  MCC=0.2132  Train=9.196s  Test=26.582s  Peak RAM Train=79.726 MB  Peak RAM Test=238.132 MB
2026-06-01 14:39:44 | INFO | [ncluster=157/157] AUC-ROC=57.54%  AUC-PR=36.33%  F1=0.5299  MCC=0.2109  Train=11.477s  Test=26.262s  Peak RAM Train=79.732 MB  Peak RAM Test=242.572 MB
2026-06-01 14:39:44 | INFO | [ncluster=160/160] AUC-ROC=59.74%  AUC-PR=38.37%  F1=0.5408  MCC=0.2370  Train=14.740s  Test=26.168s  Peak RAM Train=79.721 MB  Peak RAM Test=247.012 MB
2026-06-01 14:39:44 | INFO | [ncluster=163/163] AUC-ROC=59.09%  AUC-PR=37.86%  F1=0.5370  MCC=0.2051  Train=14.221s  Test=32.305s  Peak RAM Train=79.729 MB  Peak RAM Test=251.452 MB
2026-06-01 14:39:44 | INFO | [ncluster=166/166] AUC-ROC=67.18%  AUC-PR=55.03%  F1=0.5153  MCC=0.3264  Train=8.504s  Test=27.383s  Peak RAM Train=79.727 MB  Peak RAM Test=255.892 MB
2026-06-01 14:39:44 | INFO | [ncluster=169/169] AUC-ROC=67.58%  AUC-PR=49.94%  F1=0.5430  MCC=0.3231  Train=16.818s  Test=18.783s  Peak RAM Train=79.728 MB  Peak RAM Test=260.332 MB
2026-06-01 14:39:44 | INFO | [ncluster=172/172] AUC-ROC=65.97%  AUC-PR=51.29%  F1=0.5220  MCC=0.2782  Train=14.997s  Test=19.035s  Peak RAM Train=79.738 MB  Peak RAM Test=264.772 MB
2026-06-01 14:39:44 | INFO | [ncluster=175/175] AUC-ROC=60.70%  AUC-PR=39.26%  F1=0.5291  MCC=0.2265  Train=15.818s  Test=24.555s  Peak RAM Train=79.735 MB  Peak RAM Test=269.212 MB
2026-06-01 14:39:44 | INFO | [ncluster=178/178] AUC-ROC=58.35%  AUC-PR=36.33%  F1=0.5505  MCC=0.2378  Train=13.273s  Test=25.936s  Peak RAM Train=79.736 MB  Peak RAM Test=273.652 MB
2026-06-01 14:39:44 | INFO | [ncluster=181/181] AUC-ROC=57.76%  AUC-PR=35.99%  F1=0.5436  MCC=0.2242  Train=13.430s  Test=26.621s  Peak RAM Train=79.764 MB  Peak RAM Test=278.092 MB
2026-06-01 14:39:44 | INFO | [ncluster=184/184] AUC-ROC=59.85%  AUC-PR=37.87%  F1=0.5465  MCC=0.2229  Train=14.896s  Test=20.024s  Peak RAM Train=79.768 MB  Peak RAM Test=282.532 MB
2026-06-01 14:39:44 | INFO | [ncluster=187/187] AUC-ROC=61.10%  AUC-PR=39.87%  F1=0.5340  MCC=0.2058  Train=11.149s  Test=16.437s  Peak RAM Train=79.771 MB  Peak RAM Test=286.972 MB
2026-06-01 14:39:44 | INFO | [ncluster=190/190] AUC-ROC=70.11%  AUC-PR=56.22%  F1=0.5518  MCC=0.3998  Train=12.657s  Test=33.968s  Peak RAM Train=79.735 MB  Peak RAM Test=291.412 MB
2026-06-01 14:39:44 | INFO | [ncluster=193/193] AUC-ROC=58.03%  AUC-PR=37.24%  F1=0.5375  MCC=0.2050  Train=12.929s  Test=24.780s  Peak RAM Train=79.79 MB  Peak RAM Test=295.852 MB
2026-06-01 14:39:44 | INFO | [ncluster=196/196] AUC-ROC=70.71%  AUC-PR=61.65%  F1=0.5861  MCC=0.3508  Train=14.268s  Test=26.772s  Peak RAM Train=79.744 MB  Peak RAM Test=300.292 MB
2026-06-01 14:39:44 | INFO | [ncluster=199/199] AUC-ROC=67.21%  AUC-PR=54.41%  F1=0.5403  MCC=0.3144  Train=12.046s  Test=25.693s  Peak RAM Train=79.741 MB  Peak RAM Test=304.732 MB
2026-06-01 14:39:44 | INFO | [ncluster=202/202] AUC-ROC=59.24%  AUC-PR=39.05%  F1=0.5413  MCC=0.2091  Train=9.781s  Test=37.346s  Peak RAM Train=79.745 MB  Peak RAM Test=309.172 MB
2026-06-01 14:39:44 | INFO | [ncluster=205/205] AUC-ROC=65.83%  AUC-PR=50.61%  F1=0.5158  MCC=0.3270  Train=12.740s  Test=29.122s  Peak RAM Train=79.74 MB  Peak RAM Test=313.612 MB
2026-06-01 14:39:44 | INFO | [ncluster=208/208] AUC-ROC=65.36%  AUC-PR=49.38%  F1=0.5210  MCC=0.3128  Train=13.605s  Test=28.608s  Peak RAM Train=79.745 MB  Peak RAM Test=318.052 MB
2026-06-01 14:39:44 | INFO | [ncluster=211/211] AUC-ROC=61.31%  AUC-PR=43.36%  F1=0.5397  MCC=0.2111  Train=13.827s  Test=29.755s  Peak RAM Train=79.748 MB  Peak RAM Test=322.492 MB
2026-06-01 14:39:44 | INFO | [ncluster=214/214] AUC-ROC=66.43%  AUC-PR=49.22%  F1=0.5368  MCC=0.2925  Train=11.779s  Test=29.115s  Peak RAM Train=79.747 MB  Peak RAM Test=326.932 MB
2026-06-01 14:39:44 | INFO | [ncluster=217/217] AUC-ROC=58.85%  AUC-PR=37.49%  F1=0.5392  MCC=0.2072  Train=12.184s  Test=18.437s  Peak RAM Train=79.751 MB  Peak RAM Test=331.372 MB
2026-06-01 14:39:44 | INFO | [ncluster=220/220] AUC-ROC=58.83%  AUC-PR=37.13%  F1=0.5357  MCC=0.2107  Train=9.093s  Test=16.984s  Peak RAM Train=79.746 MB  Peak RAM Test=335.812 MB
2026-06-01 14:39:44 | INFO | [ncluster=223/223] AUC-ROC=61.91%  AUC-PR=40.78%  F1=0.5409  MCC=0.2185  Train=14.074s  Test=26.265s  Peak RAM Train=79.753 MB  Peak RAM Test=340.252 MB
2026-06-01 14:39:44 | INFO | [ncluster=226/226] AUC-ROC=61.81%  AUC-PR=41.14%  F1=0.5330  MCC=0.2044  Train=6.518s  Test=25.924s  Peak RAM Train=79.755 MB  Peak RAM Test=344.692 MB
2026-06-01 14:39:44 | INFO | [ncluster=229/229] AUC-ROC=62.67%  AUC-PR=41.80%  F1=0.5524  MCC=0.2381  Train=6.978s  Test=15.462s  Peak RAM Train=79.755 MB  Peak RAM Test=349.132 MB
2026-06-01 14:39:44 | INFO | [ncluster=232/232] AUC-ROC=61.64%  AUC-PR=40.64%  F1=0.5408  MCC=0.2232  Train=9.557s  Test=24.351s  Peak RAM Train=79.751 MB  Peak RAM Test=353.572 MB
2026-06-01 14:39:44 | INFO | [ncluster=235/235] AUC-ROC=59.21%  AUC-PR=38.50%  F1=0.5422  MCC=0.2169  Train=11.923s  Test=15.616s  Peak RAM Train=79.756 MB  Peak RAM Test=358.012 MB
2026-06-01 14:39:44 | INFO | [ncluster=238/238] AUC-ROC=63.90%  AUC-PR=45.67%  F1=0.5517  MCC=0.2439  Train=6.757s  Test=16.716s  Peak RAM Train=79.76 MB  Peak RAM Test=362.452 MB
2026-06-01 14:39:44 | INFO | [ncluster=241/241] AUC-ROC=61.48%  AUC-PR=45.44%  F1=0.5547  MCC=0.2427  Train=8.469s  Test=14.965s  Peak RAM Train=79.758 MB  Peak RAM Test=366.892 MB
2026-06-01 14:39:44 | INFO | [ncluster=244/244] AUC-ROC=68.22%  AUC-PR=52.09%  F1=0.5702  MCC=0.3050  Train=7.414s  Test=32.683s  Peak RAM Train=79.761 MB  Peak RAM Test=371.332 MB
2026-06-01 14:39:44 | INFO | [ncluster=247/247] AUC-ROC=65.24%  AUC-PR=51.26%  F1=0.4577  MCC=0.2757  Train=11.645s  Test=54.069s  Peak RAM Train=79.761 MB  Peak RAM Test=375.772 MB
2026-06-01 14:39:44 | INFO | [ncluster=250/250] AUC-ROC=56.84%  AUC-PR=35.61%  F1=0.4928  MCC=0.1697  Train=11.841s  Test=50.867s  Peak RAM Train=79.759 MB  Peak RAM Test=380.212 MB
2026-06-01 14:39:44 | INFO | [ncluster=253/253] AUC-ROC=55.86%  AUC-PR=34.48%  F1=0.5373  MCC=0.2146  Train=12.509s  Test=53.770s  Peak RAM Train=79.762 MB  Peak RAM Test=384.652 MB
2026-06-01 14:39:44 | INFO | [ncluster=256/256] AUC-ROC=58.50%  AUC-PR=36.66%  F1=0.5393  MCC=0.2183  Train=10.319s  Test=38.571s  Peak RAM Train=79.759 MB  Peak RAM Test=389.092 MB
2026-06-01 14:39:44 | INFO | [ncluster=259/259] AUC-ROC=56.38%  AUC-PR=34.79%  F1=0.5198  MCC=0.2084  Train=10.071s  Test=42.847s  Peak RAM Train=79.77 MB  Peak RAM Test=393.532 MB
2026-06-01 14:39:44 | INFO | [ncluster=262/262] AUC-ROC=63.96%  AUC-PR=48.34%  F1=0.5431  MCC=0.2155  Train=13.309s  Test=46.718s  Peak RAM Train=79.766 MB  Peak RAM Test=397.972 MB
2026-06-01 14:39:44 | INFO | [ncluster=265/265] AUC-ROC=59.76%  AUC-PR=38.68%  F1=0.5369  MCC=0.2065  Train=13.877s  Test=19.794s  Peak RAM Train=79.765 MB  Peak RAM Test=402.412 MB
2026-06-01 14:39:44 | INFO | [ncluster=268/268] AUC-ROC=54.72%  AUC-PR=33.81%  F1=0.5373  MCC=0.1948  Train=15.599s  Test=29.237s  Peak RAM Train=79.762 MB  Peak RAM Test=406.852 MB
2026-06-01 14:39:44 | INFO | [ncluster=271/271] AUC-ROC=69.13%  AUC-PR=49.56%  F1=0.5954  MCC=0.3486  Train=11.276s  Test=31.037s  Peak RAM Train=79.773 MB  Peak RAM Test=411.292 MB
2026-06-01 14:39:44 | INFO | [ncluster=274/274] AUC-ROC=65.31%  AUC-PR=46.95%  F1=0.5204  MCC=0.2968  Train=11.141s  Test=30.067s  Peak RAM Train=79.771 MB  Peak RAM Test=415.732 MB
2026-06-01 14:39:44 | INFO | [ncluster=277/277] AUC-ROC=63.54%  AUC-PR=42.01%  F1=0.5358  MCC=0.2507  Train=10.647s  Test=29.486s  Peak RAM Train=79.778 MB  Peak RAM Test=420.172 MB
2026-06-01 14:39:44 | INFO | [ncluster=280/280] AUC-ROC=63.91%  AUC-PR=46.94%  F1=0.5469  MCC=0.2293  Train=10.057s  Test=26.725s  Peak RAM Train=79.783 MB  Peak RAM Test=424.612 MB
2026-06-01 14:39:44 | INFO | [ncluster=283/283] AUC-ROC=62.16%  AUC-PR=47.77%  F1=0.5335  MCC=0.2059  Train=9.170s  Test=27.488s  Peak RAM Train=79.795 MB  Peak RAM Test=429.052 MB
2026-06-01 14:39:44 | INFO | [ncluster=286/286] AUC-ROC=58.35%  AUC-PR=36.54%  F1=0.5425  MCC=0.2156  Train=10.203s  Test=27.545s  Peak RAM Train=79.78 MB  Peak RAM Test=433.492 MB
2026-06-01 14:39:44 | INFO | [ncluster=289/289] AUC-ROC=60.07%  AUC-PR=38.08%  F1=0.5239  MCC=0.2054  Train=10.442s  Test=30.129s  Peak RAM Train=79.772 MB  Peak RAM Test=437.932 MB
2026-06-01 14:39:44 | INFO | [ncluster=292/292] AUC-ROC=56.84%  AUC-PR=35.83%  F1=0.5279  MCC=0.1815  Train=12.212s  Test=29.523s  Peak RAM Train=79.798 MB  Peak RAM Test=442.372 MB
2026-06-01 14:39:44 | INFO | [ncluster=295/295] AUC-ROC=72.81%  AUC-PR=67.12%  F1=0.6170  MCC=0.4555  Train=12.318s  Test=26.294s  Peak RAM Train=79.78 MB  Peak RAM Test=446.812 MB
2026-06-01 14:39:44 | INFO | [ncluster=298/298] AUC-ROC=60.87%  AUC-PR=38.43%  F1=0.5384  MCC=0.2402  Train=8.640s  Test=26.743s  Peak RAM Train=79.777 MB  Peak RAM Test=451.252 MB
2026-06-01 14:39:44 | INFO | --- noise=3% ---
2026-06-01 14:39:44 | INFO | ============================================================
2026-06-01 14:39:44 | INFO | Dataset  : Train_QuantileTransformer_data_IoTID20.csv
2026-06-01 14:39:44 | INFO | Scaler   : QuantileTransformer
2026-06-01 14:39:44 | INFO | Noise    : 3%
2026-06-01 14:39:44 | INFO | nClusters: 100 values (1..298)
2026-06-01 14:39:44 | INFO | K-Means  : Standard KMeans
2026-06-01 14:39:44 | INFO | ============================================================
2026-06-01 14:39:47 | INFO | Loaded Raw Shape -> Train: (30878, 92), Test: (22720, 92)
2026-06-01 14:39:48 | INFO | Training size : 31,804  |  Testing size: 21,794  |  Features: 91
2026-06-01 14:39:48 | INFO | Firing up Parallel execution for 100 cluster configs...
2026-06-01 14:52:16 | INFO | [ncluster=1/1] AUC-ROC=82.11%  AUC-PR=69.63%  F1=0.7211  MCC=0.5492  Train=17.296s  Test=0.305s  Peak RAM Train=81.239 MB  Peak RAM Test=25.119 MB
2026-06-01 14:52:16 | INFO | [ncluster=4/4] AUC-ROC=75.99%  AUC-PR=60.92%  F1=0.6307  MCC=0.4344  Train=15.628s  Test=1.208s  Peak RAM Train=81.245 MB  Peak RAM Test=24.887 MB
2026-06-01 14:52:16 | INFO | [ncluster=7/7] AUC-ROC=73.52%  AUC-PR=61.05%  F1=0.6306  MCC=0.3776  Train=15.876s  Test=1.263s  Peak RAM Train=81.258 MB  Peak RAM Test=24.908 MB
2026-06-01 14:52:16 | INFO | [ncluster=10/10] AUC-ROC=73.78%  AUC-PR=70.89%  F1=0.6205  MCC=0.4610  Train=18.663s  Test=1.888s  Peak RAM Train=81.258 MB  Peak RAM Test=25.012 MB
2026-06-01 14:52:16 | INFO | [ncluster=13/13] AUC-ROC=71.78%  AUC-PR=67.72%  F1=0.5970  MCC=0.3960  Train=13.428s  Test=1.115s  Peak RAM Train=81.253 MB  Peak RAM Test=29.452 MB
2026-06-01 14:52:16 | INFO | [ncluster=16/16] AUC-ROC=71.40%  AUC-PR=60.64%  F1=0.5823  MCC=0.3693  Train=9.668s  Test=2.729s  Peak RAM Train=81.253 MB  Peak RAM Test=33.892 MB
2026-06-01 14:52:16 | INFO | [ncluster=19/19] AUC-ROC=69.21%  AUC-PR=63.08%  F1=0.5918  MCC=0.3294  Train=17.842s  Test=3.696s  Peak RAM Train=81.254 MB  Peak RAM Test=38.332 MB
2026-06-01 14:52:16 | INFO | [ncluster=22/22] AUC-ROC=66.85%  AUC-PR=57.94%  F1=0.5562  MCC=0.2972  Train=16.038s  Test=4.676s  Peak RAM Train=81.255 MB  Peak RAM Test=42.772 MB
2026-06-01 14:52:16 | INFO | [ncluster=25/25] AUC-ROC=62.43%  AUC-PR=50.01%  F1=0.5483  MCC=0.2245  Train=18.897s  Test=5.832s  Peak RAM Train=81.252 MB  Peak RAM Test=47.212 MB
2026-06-01 14:52:16 | INFO | [ncluster=28/28] AUC-ROC=63.83%  AUC-PR=54.50%  F1=0.4709  MCC=0.2627  Train=14.873s  Test=3.754s  Peak RAM Train=81.254 MB  Peak RAM Test=51.652 MB
2026-06-01 14:52:16 | INFO | [ncluster=31/31] AUC-ROC=67.83%  AUC-PR=61.44%  F1=0.5653  MCC=0.3357  Train=14.726s  Test=4.680s  Peak RAM Train=81.274 MB  Peak RAM Test=56.092 MB
2026-06-01 14:52:16 | INFO | [ncluster=34/34] AUC-ROC=58.90%  AUC-PR=41.66%  F1=0.5218  MCC=0.1690  Train=19.258s  Test=6.271s  Peak RAM Train=81.26 MB  Peak RAM Test=60.532 MB
2026-06-01 14:52:16 | INFO | [ncluster=37/37] AUC-ROC=59.19%  AUC-PR=45.68%  F1=0.5199  MCC=0.1883  Train=17.422s  Test=11.050s  Peak RAM Train=81.26 MB  Peak RAM Test=64.972 MB
2026-06-01 14:52:16 | INFO | [ncluster=40/40] AUC-ROC=64.28%  AUC-PR=51.49%  F1=0.5386  MCC=0.2584  Train=20.606s  Test=9.612s  Peak RAM Train=81.262 MB  Peak RAM Test=69.412 MB
2026-06-01 14:52:16 | INFO | [ncluster=43/43] AUC-ROC=59.31%  AUC-PR=45.02%  F1=0.5208  MCC=0.1805  Train=16.762s  Test=8.473s  Peak RAM Train=81.26 MB  Peak RAM Test=73.852 MB
2026-06-01 14:52:16 | INFO | [ncluster=46/46] AUC-ROC=58.21%  AUC-PR=47.01%  F1=0.5079  MCC=0.1422  Train=15.031s  Test=8.314s  Peak RAM Train=81.266 MB  Peak RAM Test=78.292 MB
2026-06-01 14:52:16 | INFO | [ncluster=49/49] AUC-ROC=58.86%  AUC-PR=47.67%  F1=0.5096  MCC=0.1554  Train=12.771s  Test=6.725s  Peak RAM Train=81.26 MB  Peak RAM Test=82.732 MB
2026-06-01 14:52:16 | INFO | [ncluster=52/52] AUC-ROC=61.65%  AUC-PR=42.94%  F1=0.5322  MCC=0.2297  Train=15.554s  Test=13.075s  Peak RAM Train=81.268 MB  Peak RAM Test=87.172 MB
2026-06-01 14:52:16 | INFO | [ncluster=55/55] AUC-ROC=57.29%  AUC-PR=45.25%  F1=0.4264  MCC=0.1719  Train=15.888s  Test=8.820s  Peak RAM Train=81.26 MB  Peak RAM Test=91.612 MB
2026-06-01 14:52:16 | INFO | [ncluster=58/58] AUC-ROC=60.23%  AUC-PR=49.66%  F1=0.4634  MCC=0.2114  Train=21.252s  Test=9.261s  Peak RAM Train=81.268 MB  Peak RAM Test=96.052 MB
2026-06-01 14:52:16 | INFO | [ncluster=61/61] AUC-ROC=61.32%  AUC-PR=43.64%  F1=0.5049  MCC=0.2084  Train=14.576s  Test=16.664s  Peak RAM Train=81.265 MB  Peak RAM Test=100.492 MB
2026-06-01 14:52:16 | INFO | [ncluster=64/64] AUC-ROC=59.63%  AUC-PR=47.32%  F1=0.4417  MCC=0.1867  Train=19.553s  Test=12.308s  Peak RAM Train=81.265 MB  Peak RAM Test=104.932 MB
2026-06-01 14:52:16 | INFO | [ncluster=67/67] AUC-ROC=55.17%  AUC-PR=35.77%  F1=0.5186  MCC=0.1521  Train=17.942s  Test=12.650s  Peak RAM Train=81.272 MB  Peak RAM Test=109.372 MB
2026-06-01 14:52:16 | INFO | [ncluster=70/70] AUC-ROC=50.97%  AUC-PR=32.88%  F1=0.5195  MCC=0.1543  Train=16.111s  Test=14.025s  Peak RAM Train=81.275 MB  Peak RAM Test=113.812 MB
2026-06-01 14:52:16 | INFO | [ncluster=73/73] AUC-ROC=58.99%  AUC-PR=53.75%  F1=0.3614  MCC=0.3603  Train=20.562s  Test=17.281s  Peak RAM Train=81.28 MB  Peak RAM Test=118.252 MB
2026-06-01 14:52:16 | INFO | [ncluster=76/76] AUC-ROC=59.00%  AUC-PR=40.02%  F1=0.4911  MCC=0.1896  Train=19.239s  Test=11.938s  Peak RAM Train=81.295 MB  Peak RAM Test=122.692 MB
2026-06-01 14:52:16 | INFO | [ncluster=79/79] AUC-ROC=60.42%  AUC-PR=50.59%  F1=0.5314  MCC=0.1658  Train=18.844s  Test=13.898s  Peak RAM Train=81.276 MB  Peak RAM Test=127.132 MB
2026-06-01 14:52:16 | INFO | [ncluster=82/82] AUC-ROC=58.14%  AUC-PR=38.44%  F1=0.4994  MCC=0.1708  Train=19.997s  Test=15.566s  Peak RAM Train=81.286 MB  Peak RAM Test=131.572 MB
2026-06-01 14:52:16 | INFO | [ncluster=85/85] AUC-ROC=58.49%  AUC-PR=38.65%  F1=0.5146  MCC=0.2190  Train=20.696s  Test=18.112s  Peak RAM Train=81.285 MB  Peak RAM Test=136.012 MB
2026-06-01 14:52:16 | INFO | [ncluster=88/88] AUC-ROC=59.72%  AUC-PR=40.09%  F1=0.4899  MCC=0.2039  Train=16.654s  Test=22.342s  Peak RAM Train=81.286 MB  Peak RAM Test=140.452 MB
2026-06-01 14:52:16 | INFO | [ncluster=91/91] AUC-ROC=61.25%  AUC-PR=53.44%  F1=0.3534  MCC=0.3302  Train=12.063s  Test=20.476s  Peak RAM Train=81.279 MB  Peak RAM Test=144.892 MB
2026-06-01 14:52:16 | INFO | [ncluster=94/94] AUC-ROC=66.47%  AUC-PR=61.35%  F1=0.4636  MCC=0.3888  Train=16.308s  Test=15.934s  Peak RAM Train=81.279 MB  Peak RAM Test=149.332 MB
2026-06-01 14:52:16 | INFO | [ncluster=97/97] AUC-ROC=61.14%  AUC-PR=52.50%  F1=0.4730  MCC=0.1920  Train=20.508s  Test=18.073s  Peak RAM Train=81.279 MB  Peak RAM Test=153.772 MB
2026-06-01 14:52:16 | INFO | [ncluster=100/100] AUC-ROC=53.90%  AUC-PR=35.37%  F1=0.5062  MCC=0.1716  Train=15.344s  Test=24.572s  Peak RAM Train=81.281 MB  Peak RAM Test=158.212 MB
2026-06-01 14:52:16 | INFO | [ncluster=103/103] AUC-ROC=56.68%  AUC-PR=36.63%  F1=0.5288  MCC=0.1906  Train=17.620s  Test=16.066s  Peak RAM Train=81.29 MB  Peak RAM Test=162.652 MB
2026-06-01 14:52:16 | INFO | [ncluster=106/106] AUC-ROC=58.31%  AUC-PR=39.40%  F1=0.4983  MCC=0.1663  Train=17.767s  Test=19.166s  Peak RAM Train=81.295 MB  Peak RAM Test=167.092 MB
2026-06-01 14:52:16 | INFO | [ncluster=109/109] AUC-ROC=60.70%  AUC-PR=40.47%  F1=0.5351  MCC=0.2505  Train=17.704s  Test=19.410s  Peak RAM Train=81.293 MB  Peak RAM Test=171.532 MB
2026-06-01 14:52:16 | INFO | [ncluster=112/112] AUC-ROC=48.11%  AUC-PR=31.31%  F1=0.5195  MCC=0.1320  Train=11.951s  Test=21.345s  Peak RAM Train=81.29 MB  Peak RAM Test=175.972 MB
2026-06-01 14:52:16 | INFO | [ncluster=115/115] AUC-ROC=50.98%  AUC-PR=32.91%  F1=0.5212  MCC=0.1206  Train=17.921s  Test=36.435s  Peak RAM Train=81.289 MB  Peak RAM Test=180.412 MB
2026-06-01 14:52:16 | INFO | [ncluster=118/118] AUC-ROC=50.96%  AUC-PR=32.84%  F1=0.5209  MCC=0.1337  Train=16.331s  Test=39.235s  Peak RAM Train=81.286 MB  Peak RAM Test=184.852 MB
2026-06-01 14:52:16 | INFO | [ncluster=121/121] AUC-ROC=50.76%  AUC-PR=32.90%  F1=0.5087  MCC=0.0907  Train=17.904s  Test=41.243s  Peak RAM Train=81.31 MB  Peak RAM Test=189.292 MB
2026-06-01 14:52:16 | INFO | [ncluster=124/124] AUC-ROC=48.44%  AUC-PR=31.46%  F1=0.5223  MCC=0.1331  Train=18.738s  Test=40.780s  Peak RAM Train=81.291 MB  Peak RAM Test=193.732 MB
2026-06-01 14:52:16 | INFO | [ncluster=127/127] AUC-ROC=51.25%  AUC-PR=33.31%  F1=0.4987  MCC=0.1027  Train=15.970s  Test=34.590s  Peak RAM Train=81.301 MB  Peak RAM Test=198.172 MB
2026-06-01 14:52:16 | INFO | [ncluster=130/130] AUC-ROC=55.86%  AUC-PR=36.31%  F1=0.5333  MCC=0.1541  Train=12.622s  Test=27.765s  Peak RAM Train=81.314 MB  Peak RAM Test=202.612 MB
2026-06-01 14:52:16 | INFO | [ncluster=133/133] AUC-ROC=51.64%  AUC-PR=33.11%  F1=0.5319  MCC=0.1518  Train=17.413s  Test=26.423s  Peak RAM Train=81.291 MB  Peak RAM Test=207.052 MB
2026-06-01 14:52:16 | INFO | [ncluster=136/136] AUC-ROC=48.91%  AUC-PR=31.80%  F1=0.5156  MCC=0.1332  Train=18.860s  Test=23.053s  Peak RAM Train=81.32 MB  Peak RAM Test=211.492 MB
2026-06-01 14:52:16 | INFO | [ncluster=139/139] AUC-ROC=47.90%  AUC-PR=31.22%  F1=0.5066  MCC=0.1192  Train=16.169s  Test=18.649s  Peak RAM Train=81.309 MB  Peak RAM Test=215.932 MB
2026-06-01 14:52:16 | INFO | [ncluster=142/142] AUC-ROC=51.70%  AUC-PR=33.07%  F1=0.5282  MCC=0.1635  Train=20.413s  Test=26.732s  Peak RAM Train=81.315 MB  Peak RAM Test=220.372 MB
2026-06-01 14:52:16 | INFO | [ncluster=145/145] AUC-ROC=50.21%  AUC-PR=32.40%  F1=0.5273  MCC=0.1337  Train=11.492s  Test=26.058s  Peak RAM Train=81.302 MB  Peak RAM Test=224.812 MB
2026-06-01 14:52:16 | INFO | [ncluster=148/148] AUC-ROC=49.53%  AUC-PR=31.91%  F1=0.5252  MCC=0.1394  Train=18.325s  Test=22.509s  Peak RAM Train=81.319 MB  Peak RAM Test=229.252 MB
2026-06-01 14:52:16 | INFO | [ncluster=151/151] AUC-ROC=52.86%  AUC-PR=33.83%  F1=0.5163  MCC=0.1670  Train=14.971s  Test=22.961s  Peak RAM Train=81.304 MB  Peak RAM Test=233.692 MB
2026-06-01 14:52:16 | INFO | [ncluster=154/154] AUC-ROC=52.66%  AUC-PR=34.53%  F1=0.5411  MCC=0.1583  Train=15.228s  Test=23.648s  Peak RAM Train=81.301 MB  Peak RAM Test=238.132 MB
2026-06-01 14:52:16 | INFO | [ncluster=157/157] AUC-ROC=49.04%  AUC-PR=31.76%  F1=0.5078  MCC=0.1396  Train=17.665s  Test=31.026s  Peak RAM Train=81.301 MB  Peak RAM Test=242.572 MB
2026-06-01 14:52:16 | INFO | [ncluster=160/160] AUC-ROC=49.35%  AUC-PR=31.94%  F1=0.5099  MCC=0.1291  Train=7.812s  Test=27.273s  Peak RAM Train=81.305 MB  Peak RAM Test=247.012 MB
2026-06-01 14:52:16 | INFO | [ncluster=163/163] AUC-ROC=49.72%  AUC-PR=32.06%  F1=0.5045  MCC=0.1268  Train=16.968s  Test=36.725s  Peak RAM Train=81.316 MB  Peak RAM Test=251.452 MB
2026-06-01 14:52:16 | INFO | [ncluster=166/166] AUC-ROC=48.19%  AUC-PR=31.60%  F1=0.5147  MCC=0.1496  Train=15.006s  Test=35.310s  Peak RAM Train=81.32 MB  Peak RAM Test=255.892 MB
2026-06-01 14:52:16 | INFO | [ncluster=169/169] AUC-ROC=48.93%  AUC-PR=31.72%  F1=0.5099  MCC=0.1283  Train=13.003s  Test=34.697s  Peak RAM Train=81.308 MB  Peak RAM Test=260.332 MB
2026-06-01 14:52:16 | INFO | [ncluster=172/172] AUC-ROC=47.41%  AUC-PR=31.35%  F1=0.5038  MCC=0.1324  Train=18.833s  Test=32.979s  Peak RAM Train=81.317 MB  Peak RAM Test=264.772 MB
2026-06-01 14:52:16 | INFO | [ncluster=175/175] AUC-ROC=49.86%  AUC-PR=32.16%  F1=0.4840  MCC=0.1159  Train=14.614s  Test=33.283s  Peak RAM Train=81.314 MB  Peak RAM Test=269.212 MB
2026-06-01 14:52:16 | INFO | [ncluster=178/178] AUC-ROC=49.79%  AUC-PR=32.17%  F1=0.5280  MCC=0.1694  Train=9.722s  Test=36.814s  Peak RAM Train=81.317 MB  Peak RAM Test=273.652 MB
2026-06-01 14:52:16 | INFO | [ncluster=181/181] AUC-ROC=47.73%  AUC-PR=31.21%  F1=0.5025  MCC=0.1281  Train=14.459s  Test=32.761s  Peak RAM Train=81.316 MB  Peak RAM Test=278.092 MB
2026-06-01 14:52:16 | INFO | [ncluster=184/184] AUC-ROC=47.94%  AUC-PR=31.53%  F1=0.5120  MCC=0.1496  Train=16.309s  Test=32.087s  Peak RAM Train=81.321 MB  Peak RAM Test=282.532 MB
2026-06-01 14:52:16 | INFO | [ncluster=187/187] AUC-ROC=49.08%  AUC-PR=31.82%  F1=0.5202  MCC=0.1611  Train=19.617s  Test=34.514s  Peak RAM Train=81.328 MB  Peak RAM Test=286.972 MB
2026-06-01 14:52:16 | INFO | [ncluster=190/190] AUC-ROC=50.32%  AUC-PR=32.47%  F1=0.5132  MCC=0.1513  Train=12.543s  Test=28.189s  Peak RAM Train=81.317 MB  Peak RAM Test=291.412 MB
2026-06-01 14:52:16 | INFO | [ncluster=193/193] AUC-ROC=54.14%  AUC-PR=35.08%  F1=0.5354  MCC=0.1579  Train=13.535s  Test=36.738s  Peak RAM Train=81.331 MB  Peak RAM Test=295.852 MB
2026-06-01 14:52:16 | INFO | [ncluster=196/196] AUC-ROC=52.93%  AUC-PR=33.92%  F1=0.5126  MCC=0.1507  Train=18.734s  Test=32.332s  Peak RAM Train=81.344 MB  Peak RAM Test=300.292 MB
2026-06-01 14:52:16 | INFO | [ncluster=199/199] AUC-ROC=50.67%  AUC-PR=32.53%  F1=0.5139  MCC=0.1517  Train=13.672s  Test=26.920s  Peak RAM Train=81.322 MB  Peak RAM Test=304.732 MB
2026-06-01 14:52:16 | INFO | [ncluster=202/202] AUC-ROC=49.89%  AUC-PR=32.11%  F1=0.5121  MCC=0.1340  Train=14.718s  Test=27.565s  Peak RAM Train=81.322 MB  Peak RAM Test=309.172 MB
2026-06-01 14:52:16 | INFO | [ncluster=205/205] AUC-ROC=53.23%  AUC-PR=34.37%  F1=0.5136  MCC=0.1494  Train=9.122s  Test=19.339s  Peak RAM Train=81.319 MB  Peak RAM Test=313.612 MB
2026-06-01 14:52:16 | INFO | [ncluster=208/208] AUC-ROC=48.76%  AUC-PR=31.64%  F1=0.5101  MCC=0.1371  Train=9.630s  Test=22.503s  Peak RAM Train=81.335 MB  Peak RAM Test=318.052 MB
2026-06-01 14:52:16 | INFO | [ncluster=211/211] AUC-ROC=47.90%  AUC-PR=31.34%  F1=0.4987  MCC=0.1104  Train=11.291s  Test=25.896s  Peak RAM Train=81.338 MB  Peak RAM Test=322.492 MB
2026-06-01 14:52:16 | INFO | [ncluster=214/214] AUC-ROC=47.44%  AUC-PR=31.11%  F1=0.5234  MCC=0.1292  Train=6.615s  Test=37.856s  Peak RAM Train=81.332 MB  Peak RAM Test=326.932 MB
2026-06-01 14:52:16 | INFO | [ncluster=217/217] AUC-ROC=51.90%  AUC-PR=33.31%  F1=0.5136  MCC=0.1528  Train=13.466s  Test=38.973s  Peak RAM Train=81.326 MB  Peak RAM Test=331.372 MB
2026-06-01 14:52:16 | INFO | [ncluster=220/220] AUC-ROC=50.22%  AUC-PR=32.46%  F1=0.5160  MCC=0.1588  Train=11.089s  Test=39.244s  Peak RAM Train=81.33 MB  Peak RAM Test=335.812 MB
2026-06-01 14:52:16 | INFO | [ncluster=223/223] AUC-ROC=47.80%  AUC-PR=31.18%  F1=0.5166  MCC=0.1130  Train=14.612s  Test=40.957s  Peak RAM Train=81.334 MB  Peak RAM Test=340.252 MB
2026-06-01 14:52:16 | INFO | [ncluster=226/226] AUC-ROC=50.26%  AUC-PR=32.43%  F1=0.5036  MCC=0.1315  Train=11.123s  Test=42.030s  Peak RAM Train=81.329 MB  Peak RAM Test=344.692 MB
2026-06-01 14:52:16 | INFO | [ncluster=229/229] AUC-ROC=49.07%  AUC-PR=31.71%  F1=0.5268  MCC=0.1313  Train=9.088s  Test=38.386s  Peak RAM Train=81.336 MB  Peak RAM Test=349.132 MB
2026-06-01 14:52:16 | INFO | [ncluster=232/232] AUC-ROC=48.99%  AUC-PR=31.80%  F1=0.5225  MCC=0.1384  Train=7.670s  Test=31.660s  Peak RAM Train=81.339 MB  Peak RAM Test=353.572 MB
2026-06-01 14:52:16 | INFO | [ncluster=235/235] AUC-ROC=48.65%  AUC-PR=31.67%  F1=0.5102  MCC=0.1392  Train=13.049s  Test=39.558s  Peak RAM Train=81.33 MB  Peak RAM Test=358.012 MB
2026-06-01 14:52:16 | INFO | [ncluster=238/238] AUC-ROC=48.06%  AUC-PR=31.47%  F1=0.5130  MCC=0.1516  Train=5.016s  Test=27.304s  Peak RAM Train=81.36 MB  Peak RAM Test=362.452 MB
2026-06-01 14:52:16 | INFO | [ncluster=241/241] AUC-ROC=51.30%  AUC-PR=32.94%  F1=0.5359  MCC=0.1962  Train=9.256s  Test=27.745s  Peak RAM Train=81.343 MB  Peak RAM Test=366.892 MB
2026-06-01 14:52:16 | INFO | [ncluster=244/244] AUC-ROC=50.99%  AUC-PR=32.70%  F1=0.5313  MCC=0.1795  Train=5.402s  Test=21.683s  Peak RAM Train=81.344 MB  Peak RAM Test=371.332 MB
2026-06-01 14:52:16 | INFO | [ncluster=247/247] AUC-ROC=49.19%  AUC-PR=31.86%  F1=0.5141  MCC=0.1298  Train=8.795s  Test=19.739s  Peak RAM Train=81.343 MB  Peak RAM Test=375.772 MB
2026-06-01 14:52:16 | INFO | [ncluster=250/250] AUC-ROC=48.60%  AUC-PR=31.59%  F1=0.5164  MCC=0.1208  Train=7.210s  Test=18.984s  Peak RAM Train=81.343 MB  Peak RAM Test=380.212 MB
2026-06-01 14:52:16 | INFO | [ncluster=253/253] AUC-ROC=50.95%  AUC-PR=32.77%  F1=0.5123  MCC=0.1508  Train=7.913s  Test=20.317s  Peak RAM Train=81.355 MB  Peak RAM Test=384.652 MB
2026-06-01 14:52:16 | INFO | [ncluster=256/256] AUC-ROC=53.12%  AUC-PR=34.19%  F1=0.5232  MCC=0.1583  Train=8.402s  Test=15.385s  Peak RAM Train=81.345 MB  Peak RAM Test=389.092 MB
2026-06-01 14:52:16 | INFO | [ncluster=259/259] AUC-ROC=48.58%  AUC-PR=31.71%  F1=0.5028  MCC=0.1242  Train=6.456s  Test=13.028s  Peak RAM Train=81.339 MB  Peak RAM Test=393.532 MB
2026-06-01 14:52:16 | INFO | [ncluster=262/262] AUC-ROC=50.92%  AUC-PR=32.71%  F1=0.5141  MCC=0.1437  Train=9.092s  Test=18.401s  Peak RAM Train=81.346 MB  Peak RAM Test=397.972 MB
2026-06-01 14:52:16 | INFO | [ncluster=265/265] AUC-ROC=49.35%  AUC-PR=31.94%  F1=0.4947  MCC=0.1168  Train=7.860s  Test=15.872s  Peak RAM Train=81.346 MB  Peak RAM Test=402.412 MB
2026-06-01 14:52:16 | INFO | [ncluster=268/268] AUC-ROC=50.45%  AUC-PR=32.60%  F1=0.4966  MCC=0.1105  Train=5.177s  Test=13.555s  Peak RAM Train=81.347 MB  Peak RAM Test=406.852 MB
2026-06-01 14:52:16 | INFO | [ncluster=271/271] AUC-ROC=51.51%  AUC-PR=33.03%  F1=0.5066  MCC=0.1316  Train=4.696s  Test=10.865s  Peak RAM Train=81.347 MB  Peak RAM Test=411.292 MB
2026-06-01 14:52:16 | INFO | [ncluster=274/274] AUC-ROC=48.93%  AUC-PR=31.86%  F1=0.5178  MCC=0.1634  Train=4.106s  Test=13.963s  Peak RAM Train=81.346 MB  Peak RAM Test=415.732 MB
2026-06-01 14:52:16 | INFO | [ncluster=277/277] AUC-ROC=48.70%  AUC-PR=31.67%  F1=0.5209  MCC=0.1536  Train=4.803s  Test=14.864s  Peak RAM Train=81.353 MB  Peak RAM Test=420.172 MB
2026-06-01 14:52:16 | INFO | [ncluster=280/280] AUC-ROC=49.04%  AUC-PR=31.92%  F1=0.5181  MCC=0.1499  Train=3.646s  Test=18.155s  Peak RAM Train=81.374 MB  Peak RAM Test=424.612 MB
2026-06-01 14:52:16 | INFO | [ncluster=283/283] AUC-ROC=48.04%  AUC-PR=31.56%  F1=0.5055  MCC=0.1318  Train=4.048s  Test=14.036s  Peak RAM Train=81.354 MB  Peak RAM Test=429.052 MB
2026-06-01 14:52:16 | INFO | [ncluster=286/286] AUC-ROC=49.67%  AUC-PR=32.08%  F1=0.5127  MCC=0.1295  Train=3.487s  Test=17.625s  Peak RAM Train=81.356 MB  Peak RAM Test=433.492 MB
2026-06-01 14:52:16 | INFO | [ncluster=289/289] AUC-ROC=49.32%  AUC-PR=32.02%  F1=0.5062  MCC=0.1440  Train=5.087s  Test=21.199s  Peak RAM Train=81.354 MB  Peak RAM Test=437.932 MB
2026-06-01 14:52:16 | INFO | [ncluster=292/292] AUC-ROC=49.89%  AUC-PR=32.18%  F1=0.5104  MCC=0.1446  Train=6.899s  Test=24.672s  Peak RAM Train=81.356 MB  Peak RAM Test=442.372 MB
2026-06-01 14:52:16 | INFO | [ncluster=295/295] AUC-ROC=49.94%  AUC-PR=32.24%  F1=0.5157  MCC=0.1362  Train=7.546s  Test=22.939s  Peak RAM Train=81.361 MB  Peak RAM Test=446.812 MB
2026-06-01 14:52:16 | INFO | [ncluster=298/298] AUC-ROC=52.79%  AUC-PR=33.87%  F1=0.5171  MCC=0.1346  Train=8.003s  Test=20.509s  Peak RAM Train=81.36 MB  Peak RAM Test=451.252 MB
2026-06-01 14:52:16 | INFO | --- noise=5% ---
2026-06-01 14:52:16 | INFO | ============================================================
2026-06-01 14:52:16 | INFO | Dataset  : Train_QuantileTransformer_data_IoTID20.csv
2026-06-01 14:52:16 | INFO | Scaler   : QuantileTransformer
2026-06-01 14:52:16 | INFO | Noise    : 5%
2026-06-01 14:52:16 | INFO | nClusters: 100 values (1..298)
2026-06-01 14:52:16 | INFO | K-Means  : Standard KMeans
2026-06-01 14:52:16 | INFO | ============================================================
2026-06-01 14:52:17 | INFO | Loaded Raw Shape -> Train: (30878, 92), Test: (22720, 92)
2026-06-01 14:52:18 | INFO | Training size : 32,421  |  Testing size: 21,177  |  Features: 91
2026-06-01 14:52:18 | INFO | Firing up Parallel execution for 100 cluster configs...
2026-06-01 15:04:25 | INFO | [ncluster=1/1] AUC-ROC=73.71%  AUC-PR=61.27%  F1=0.5771  MCC=0.3558  Train=15.618s  Test=0.599s  Peak RAM Train=82.814 MB  Peak RAM Test=25.33 MB
2026-06-01 15:04:25 | INFO | [ncluster=4/4] AUC-ROC=72.81%  AUC-PR=59.87%  F1=0.5745  MCC=0.3475  Train=15.936s  Test=0.982s  Peak RAM Train=82.823 MB  Peak RAM Test=25.335 MB
2026-06-01 15:04:25 | INFO | [ncluster=7/7] AUC-ROC=70.20%  AUC-PR=64.72%  F1=0.5805  MCC=0.3606  Train=15.777s  Test=1.299s  Peak RAM Train=82.826 MB  Peak RAM Test=25.08 MB
2026-06-01 15:04:25 | INFO | [ncluster=10/10] AUC-ROC=69.49%  AUC-PR=62.32%  F1=0.5508  MCC=0.3340  Train=12.785s  Test=1.772s  Peak RAM Train=82.832 MB  Peak RAM Test=25.74 MB
2026-06-01 15:04:25 | INFO | [ncluster=13/13] AUC-ROC=66.48%  AUC-PR=63.95%  F1=0.5151  MCC=0.3544  Train=13.683s  Test=2.432s  Peak RAM Train=82.829 MB  Peak RAM Test=30.18 MB
2026-06-01 15:04:25 | INFO | [ncluster=16/16] AUC-ROC=64.07%  AUC-PR=55.50%  F1=0.4656  MCC=0.2738  Train=14.882s  Test=2.349s  Peak RAM Train=82.827 MB  Peak RAM Test=34.62 MB
2026-06-01 15:04:25 | INFO | [ncluster=19/19] AUC-ROC=62.84%  AUC-PR=58.51%  F1=0.4472  MCC=0.3319  Train=11.270s  Test=2.094s  Peak RAM Train=82.829 MB  Peak RAM Test=39.06 MB
2026-06-01 15:04:25 | INFO | [ncluster=22/22] AUC-ROC=59.53%  AUC-PR=52.75%  F1=0.2942  MCC=0.3200  Train=13.917s  Test=5.867s  Peak RAM Train=82.833 MB  Peak RAM Test=43.5 MB
2026-06-01 15:04:25 | INFO | [ncluster=25/25] AUC-ROC=56.74%  AUC-PR=50.04%  F1=0.3063  MCC=0.2187  Train=18.237s  Test=5.428s  Peak RAM Train=82.833 MB  Peak RAM Test=47.94 MB
2026-06-01 15:04:25 | INFO | [ncluster=28/28] AUC-ROC=56.48%  AUC-PR=41.18%  F1=0.4290  MCC=0.1166  Train=5.892s  Test=5.490s  Peak RAM Train=82.833 MB  Peak RAM Test=52.38 MB
2026-06-01 15:04:25 | INFO | [ncluster=31/31] AUC-ROC=57.55%  AUC-PR=40.70%  F1=0.4880  MCC=0.1675  Train=17.874s  Test=5.153s  Peak RAM Train=82.829 MB  Peak RAM Test=56.82 MB
2026-06-01 15:04:25 | INFO | [ncluster=34/34] AUC-ROC=59.17%  AUC-PR=42.82%  F1=0.4785  MCC=0.1965  Train=14.208s  Test=6.352s  Peak RAM Train=82.836 MB  Peak RAM Test=61.26 MB
2026-06-01 15:04:25 | INFO | [ncluster=37/37] AUC-ROC=52.58%  AUC-PR=35.36%  F1=0.4843  MCC=0.1086  Train=12.559s  Test=6.786s  Peak RAM Train=82.841 MB  Peak RAM Test=65.7 MB
2026-06-01 15:04:25 | INFO | [ncluster=40/40] AUC-ROC=58.85%  AUC-PR=53.08%  F1=0.3034  MCC=0.3444  Train=13.712s  Test=5.707s  Peak RAM Train=82.832 MB  Peak RAM Test=70.14 MB
2026-06-01 15:04:25 | INFO | [ncluster=43/43] AUC-ROC=56.83%  AUC-PR=49.92%  F1=0.2926  MCC=0.3195  Train=10.472s  Test=8.544s  Peak RAM Train=82.839 MB  Peak RAM Test=74.58 MB
2026-06-01 15:04:25 | INFO | [ncluster=46/46] AUC-ROC=57.98%  AUC-PR=50.95%  F1=0.3199  MCC=0.2259  Train=11.412s  Test=5.260s  Peak RAM Train=82.839 MB  Peak RAM Test=79.02 MB
2026-06-01 15:04:25 | INFO | [ncluster=49/49] AUC-ROC=56.10%  AUC-PR=43.25%  F1=0.5077  MCC=0.1428  Train=13.722s  Test=7.796s  Peak RAM Train=82.84 MB  Peak RAM Test=83.46 MB
2026-06-01 15:04:25 | INFO | [ncluster=52/52] AUC-ROC=59.05%  AUC-PR=53.73%  F1=0.3426  MCC=0.3624  Train=13.670s  Test=7.082s  Peak RAM Train=82.847 MB  Peak RAM Test=87.9 MB
2026-06-01 15:04:25 | INFO | [ncluster=55/55] AUC-ROC=56.23%  AUC-PR=37.93%  F1=0.4939  MCC=0.1440  Train=14.667s  Test=10.539s  Peak RAM Train=82.844 MB  Peak RAM Test=92.34 MB
2026-06-01 15:04:25 | INFO | [ncluster=58/58] AUC-ROC=58.43%  AUC-PR=39.76%  F1=0.4808  MCC=0.1929  Train=19.653s  Test=7.459s  Peak RAM Train=82.847 MB  Peak RAM Test=96.78 MB
2026-06-01 15:04:25 | INFO | [ncluster=61/61] AUC-ROC=55.16%  AUC-PR=37.00%  F1=0.5026  MCC=0.1469  Train=18.965s  Test=8.426s  Peak RAM Train=82.84 MB  Peak RAM Test=101.22 MB
2026-06-01 15:04:25 | INFO | [ncluster=64/64] AUC-ROC=54.86%  AUC-PR=36.58%  F1=0.5205  MCC=0.1607  Train=11.957s  Test=10.007s  Peak RAM Train=82.847 MB  Peak RAM Test=105.66 MB
2026-06-01 15:04:25 | INFO | [ncluster=67/67] AUC-ROC=49.70%  AUC-PR=33.49%  F1=0.4998  MCC=0.1053  Train=15.046s  Test=9.127s  Peak RAM Train=82.843 MB  Peak RAM Test=110.1 MB
2026-06-01 15:04:25 | INFO | [ncluster=70/70] AUC-ROC=55.70%  AUC-PR=37.33%  F1=0.5095  MCC=0.1606  Train=10.815s  Test=11.700s  Peak RAM Train=82.849 MB  Peak RAM Test=114.54 MB
2026-06-01 15:04:25 | INFO | [ncluster=73/73] AUC-ROC=56.21%  AUC-PR=39.02%  F1=0.3977  MCC=0.1352  Train=13.765s  Test=11.995s  Peak RAM Train=82.849 MB  Peak RAM Test=118.98 MB
2026-06-01 15:04:25 | INFO | [ncluster=76/76] AUC-ROC=59.56%  AUC-PR=51.23%  F1=0.4722  MCC=0.2126  Train=16.432s  Test=12.313s  Peak RAM Train=82.853 MB  Peak RAM Test=123.42 MB
2026-06-01 15:04:25 | INFO | [ncluster=79/79] AUC-ROC=55.07%  AUC-PR=36.55%  F1=0.5308  MCC=0.1715  Train=12.603s  Test=15.730s  Peak RAM Train=82.855 MB  Peak RAM Test=127.86 MB
2026-06-01 15:04:25 | INFO | [ncluster=82/82] AUC-ROC=57.31%  AUC-PR=39.55%  F1=0.5229  MCC=0.1395  Train=16.360s  Test=16.682s  Peak RAM Train=82.855 MB  Peak RAM Test=132.3 MB
2026-06-01 15:04:25 | INFO | [ncluster=85/85] AUC-ROC=52.70%  AUC-PR=35.11%  F1=0.5008  MCC=0.1153  Train=13.430s  Test=9.653s  Peak RAM Train=82.854 MB  Peak RAM Test=136.74 MB
2026-06-01 15:04:25 | INFO | [ncluster=88/88] AUC-ROC=50.64%  AUC-PR=33.87%  F1=0.5150  MCC=0.1360  Train=8.724s  Test=12.304s  Peak RAM Train=82.853 MB  Peak RAM Test=141.18 MB
2026-06-01 15:04:25 | INFO | [ncluster=91/91] AUC-ROC=51.56%  AUC-PR=34.14%  F1=0.5280  MCC=0.1428  Train=15.894s  Test=15.227s  Peak RAM Train=82.855 MB  Peak RAM Test=145.62 MB
2026-06-01 15:04:25 | INFO | [ncluster=94/94] AUC-ROC=49.39%  AUC-PR=33.10%  F1=0.4999  MCC=0.0930  Train=14.882s  Test=16.721s  Peak RAM Train=82.857 MB  Peak RAM Test=150.06 MB
2026-06-01 15:04:25 | INFO | [ncluster=97/97] AUC-ROC=52.99%  AUC-PR=35.20%  F1=0.4899  MCC=0.1505  Train=14.080s  Test=17.810s  Peak RAM Train=82.856 MB  Peak RAM Test=154.5 MB
2026-06-01 15:04:25 | INFO | [ncluster=100/100] AUC-ROC=50.31%  AUC-PR=33.50%  F1=0.5133  MCC=0.1343  Train=14.922s  Test=14.760s  Peak RAM Train=82.86 MB  Peak RAM Test=158.94 MB
2026-06-01 15:04:25 | INFO | [ncluster=103/103] AUC-ROC=55.92%  AUC-PR=37.84%  F1=0.4944  MCC=0.1554  Train=13.048s  Test=19.143s  Peak RAM Train=82.867 MB  Peak RAM Test=163.38 MB
2026-06-01 15:04:25 | INFO | [ncluster=106/106] AUC-ROC=52.89%  AUC-PR=35.30%  F1=0.5025  MCC=0.1338  Train=13.547s  Test=16.796s  Peak RAM Train=82.862 MB  Peak RAM Test=167.82 MB
2026-06-01 15:04:25 | INFO | [ncluster=109/109] AUC-ROC=53.38%  AUC-PR=36.84%  F1=0.5026  MCC=0.1028  Train=10.894s  Test=12.897s  Peak RAM Train=82.858 MB  Peak RAM Test=172.26 MB
2026-06-01 15:04:25 | INFO | [ncluster=112/112] AUC-ROC=50.81%  AUC-PR=33.71%  F1=0.5084  MCC=0.1277  Train=17.406s  Test=27.034s  Peak RAM Train=82.866 MB  Peak RAM Test=176.7 MB
2026-06-01 15:04:25 | INFO | [ncluster=115/115] AUC-ROC=53.39%  AUC-PR=35.70%  F1=0.4902  MCC=0.1087  Train=15.898s  Test=21.074s  Peak RAM Train=82.866 MB  Peak RAM Test=181.14 MB
2026-06-01 15:04:25 | INFO | [ncluster=118/118] AUC-ROC=52.88%  AUC-PR=35.06%  F1=0.5224  MCC=0.1628  Train=14.136s  Test=26.493s  Peak RAM Train=82.867 MB  Peak RAM Test=185.58 MB
2026-06-01 15:04:25 | INFO | [ncluster=121/121] AUC-ROC=47.81%  AUC-PR=32.27%  F1=0.5226  MCC=0.1168  Train=17.460s  Test=43.382s  Peak RAM Train=82.864 MB  Peak RAM Test=190.02 MB
2026-06-01 15:04:25 | INFO | [ncluster=124/124] AUC-ROC=51.79%  AUC-PR=34.34%  F1=0.4973  MCC=0.1387  Train=16.600s  Test=22.860s  Peak RAM Train=82.866 MB  Peak RAM Test=194.46 MB
2026-06-01 15:04:25 | INFO | [ncluster=127/127] AUC-ROC=53.03%  AUC-PR=35.24%  F1=0.5123  MCC=0.1204  Train=15.743s  Test=38.792s  Peak RAM Train=82.872 MB  Peak RAM Test=198.9 MB
2026-06-01 15:04:25 | INFO | [ncluster=130/130] AUC-ROC=48.99%  AUC-PR=32.86%  F1=0.5183  MCC=0.1294  Train=11.990s  Test=45.230s  Peak RAM Train=82.872 MB  Peak RAM Test=203.34 MB
2026-06-01 15:04:25 | INFO | [ncluster=133/133] AUC-ROC=51.92%  AUC-PR=34.74%  F1=0.4787  MCC=0.0925  Train=9.580s  Test=38.500s  Peak RAM Train=82.868 MB  Peak RAM Test=207.78 MB
2026-06-01 15:04:25 | INFO | [ncluster=136/136] AUC-ROC=50.68%  AUC-PR=33.65%  F1=0.5116  MCC=0.1366  Train=11.941s  Test=39.590s  Peak RAM Train=82.873 MB  Peak RAM Test=212.22 MB
2026-06-01 15:04:25 | INFO | [ncluster=139/139] AUC-ROC=48.55%  AUC-PR=32.58%  F1=0.4802  MCC=0.0971  Train=11.776s  Test=43.539s  Peak RAM Train=82.873 MB  Peak RAM Test=216.66 MB
2026-06-01 15:04:25 | INFO | [ncluster=142/142] AUC-ROC=49.55%  AUC-PR=33.25%  F1=0.4983  MCC=0.1296  Train=9.443s  Test=28.098s  Peak RAM Train=82.873 MB  Peak RAM Test=221.1 MB
2026-06-01 15:04:25 | INFO | [ncluster=145/145] AUC-ROC=49.06%  AUC-PR=32.92%  F1=0.4950  MCC=0.1196  Train=11.258s  Test=36.026s  Peak RAM Train=82.875 MB  Peak RAM Test=225.54 MB
2026-06-01 15:04:25 | INFO | [ncluster=148/148] AUC-ROC=49.36%  AUC-PR=33.07%  F1=0.4890  MCC=0.1009  Train=12.640s  Test=24.840s  Peak RAM Train=82.879 MB  Peak RAM Test=229.98 MB
2026-06-01 15:04:25 | INFO | [ncluster=151/151] AUC-ROC=50.89%  AUC-PR=33.94%  F1=0.5135  MCC=0.1143  Train=19.192s  Test=41.916s  Peak RAM Train=82.885 MB  Peak RAM Test=234.42 MB
2026-06-01 15:04:25 | INFO | [ncluster=154/154] AUC-ROC=52.95%  AUC-PR=34.97%  F1=0.5227  MCC=0.1472  Train=15.386s  Test=28.919s  Peak RAM Train=82.883 MB  Peak RAM Test=238.86 MB
2026-06-01 15:04:25 | INFO | [ncluster=157/157] AUC-ROC=47.79%  AUC-PR=32.21%  F1=0.5012  MCC=0.0868  Train=15.142s  Test=27.352s  Peak RAM Train=82.88 MB  Peak RAM Test=243.3 MB
2026-06-01 15:04:25 | INFO | [ncluster=160/160] AUC-ROC=47.50%  AUC-PR=32.30%  F1=0.5000  MCC=0.1011  Train=15.187s  Test=28.467s  Peak RAM Train=82.887 MB  Peak RAM Test=247.74 MB
2026-06-01 15:04:25 | INFO | [ncluster=163/163] AUC-ROC=52.50%  AUC-PR=34.62%  F1=0.5211  MCC=0.1566  Train=16.818s  Test=30.622s  Peak RAM Train=82.881 MB  Peak RAM Test=252.18 MB
2026-06-01 15:04:25 | INFO | [ncluster=166/166] AUC-ROC=47.62%  AUC-PR=32.35%  F1=0.4704  MCC=0.0890  Train=15.324s  Test=33.965s  Peak RAM Train=82.879 MB  Peak RAM Test=256.62 MB
2026-06-01 15:04:25 | INFO | [ncluster=169/169] AUC-ROC=47.90%  AUC-PR=32.40%  F1=0.5063  MCC=0.1005  Train=16.666s  Test=21.209s  Peak RAM Train=82.889 MB  Peak RAM Test=261.06 MB
2026-06-01 15:04:25 | INFO | [ncluster=172/172] AUC-ROC=48.54%  AUC-PR=32.64%  F1=0.4956  MCC=0.0993  Train=16.458s  Test=28.760s  Peak RAM Train=82.887 MB  Peak RAM Test=265.5 MB
2026-06-01 15:04:25 | INFO | [ncluster=175/175] AUC-ROC=47.54%  AUC-PR=32.21%  F1=0.5021  MCC=0.0895  Train=15.274s  Test=24.423s  Peak RAM Train=82.885 MB  Peak RAM Test=269.94 MB
2026-06-01 15:04:25 | INFO | [ncluster=178/178] AUC-ROC=48.23%  AUC-PR=32.58%  F1=0.5010  MCC=0.1103  Train=12.564s  Test=32.525s  Peak RAM Train=82.885 MB  Peak RAM Test=274.38 MB
2026-06-01 15:04:25 | INFO | [ncluster=181/181] AUC-ROC=51.09%  AUC-PR=33.79%  F1=0.5071  MCC=0.1228  Train=15.418s  Test=28.525s  Peak RAM Train=82.89 MB  Peak RAM Test=278.82 MB
2026-06-01 15:04:25 | INFO | [ncluster=184/184] AUC-ROC=46.38%  AUC-PR=31.81%  F1=0.5038  MCC=0.1035  Train=14.002s  Test=31.352s  Peak RAM Train=82.891 MB  Peak RAM Test=283.26 MB
2026-06-01 15:04:25 | INFO | [ncluster=187/187] AUC-ROC=49.30%  AUC-PR=32.86%  F1=0.5334  MCC=0.1388  Train=13.615s  Test=33.532s  Peak RAM Train=82.891 MB  Peak RAM Test=287.7 MB
2026-06-01 15:04:25 | INFO | [ncluster=190/190] AUC-ROC=50.53%  AUC-PR=33.56%  F1=0.5226  MCC=0.1154  Train=15.798s  Test=31.724s  Peak RAM Train=82.892 MB  Peak RAM Test=292.14 MB
2026-06-01 15:04:25 | INFO | [ncluster=193/193] AUC-ROC=49.87%  AUC-PR=33.13%  F1=0.5376  MCC=0.1273  Train=17.607s  Test=28.977s  Peak RAM Train=82.892 MB  Peak RAM Test=296.58 MB
2026-06-01 15:04:25 | INFO | [ncluster=196/196] AUC-ROC=47.81%  AUC-PR=32.37%  F1=0.4848  MCC=0.0857  Train=16.235s  Test=28.662s  Peak RAM Train=82.891 MB  Peak RAM Test=301.02 MB
2026-06-01 15:04:25 | INFO | [ncluster=199/199] AUC-ROC=47.27%  AUC-PR=32.16%  F1=0.5150  MCC=0.1045  Train=14.088s  Test=34.833s  Peak RAM Train=82.891 MB  Peak RAM Test=305.46 MB
2026-06-01 15:04:25 | INFO | [ncluster=202/202] AUC-ROC=47.14%  AUC-PR=32.09%  F1=0.5135  MCC=0.1046  Train=9.911s  Test=27.608s  Peak RAM Train=82.903 MB  Peak RAM Test=309.9 MB
2026-06-01 15:04:25 | INFO | [ncluster=205/205] AUC-ROC=46.84%  AUC-PR=31.97%  F1=0.5152  MCC=0.1032  Train=12.086s  Test=34.281s  Peak RAM Train=82.897 MB  Peak RAM Test=314.34 MB
2026-06-01 15:04:25 | INFO | [ncluster=208/208] AUC-ROC=46.75%  AUC-PR=31.91%  F1=0.5115  MCC=0.0955  Train=11.550s  Test=21.313s  Peak RAM Train=82.901 MB  Peak RAM Test=318.78 MB
2026-06-01 15:04:25 | INFO | [ncluster=211/211] AUC-ROC=50.57%  AUC-PR=33.58%  F1=0.5104  MCC=0.1242  Train=17.245s  Test=26.162s  Peak RAM Train=82.899 MB  Peak RAM Test=323.22 MB
2026-06-01 15:04:25 | INFO | [ncluster=214/214] AUC-ROC=46.52%  AUC-PR=31.83%  F1=0.5032  MCC=0.0903  Train=16.652s  Test=34.631s  Peak RAM Train=82.905 MB  Peak RAM Test=327.66 MB
2026-06-01 15:04:25 | INFO | [ncluster=217/217] AUC-ROC=46.31%  AUC-PR=31.76%  F1=0.4978  MCC=0.0876  Train=12.996s  Test=34.555s  Peak RAM Train=82.902 MB  Peak RAM Test=332.1 MB
2026-06-01 15:04:25 | INFO | [ncluster=220/220] AUC-ROC=47.41%  AUC-PR=32.19%  F1=0.4802  MCC=0.0832  Train=14.885s  Test=29.232s  Peak RAM Train=82.91 MB  Peak RAM Test=336.54 MB
2026-06-01 15:04:25 | INFO | [ncluster=223/223] AUC-ROC=47.46%  AUC-PR=32.21%  F1=0.4857  MCC=0.0672  Train=11.947s  Test=34.404s  Peak RAM Train=82.906 MB  Peak RAM Test=340.98 MB
2026-06-01 15:04:25 | INFO | [ncluster=226/226] AUC-ROC=46.74%  AUC-PR=31.95%  F1=0.4919  MCC=0.0905  Train=13.925s  Test=23.279s  Peak RAM Train=82.906 MB  Peak RAM Test=345.42 MB
2026-06-01 15:04:25 | INFO | [ncluster=229/229] AUC-ROC=46.89%  AUC-PR=32.09%  F1=0.5015  MCC=0.0863  Train=15.708s  Test=35.567s  Peak RAM Train=82.905 MB  Peak RAM Test=349.86 MB
2026-06-01 15:04:25 | INFO | [ncluster=232/232] AUC-ROC=46.53%  AUC-PR=31.83%  F1=0.4965  MCC=0.0854  Train=15.757s  Test=24.093s  Peak RAM Train=82.911 MB  Peak RAM Test=354.3 MB
2026-06-01 15:04:25 | INFO | [ncluster=235/235] AUC-ROC=46.54%  AUC-PR=31.86%  F1=0.4990  MCC=0.0898  Train=12.388s  Test=22.447s  Peak RAM Train=82.905 MB  Peak RAM Test=358.74 MB
2026-06-01 15:04:25 | INFO | [ncluster=238/238] AUC-ROC=47.07%  AUC-PR=32.09%  F1=0.5056  MCC=0.0999  Train=14.181s  Test=25.088s  Peak RAM Train=82.906 MB  Peak RAM Test=363.18 MB
2026-06-01 15:04:25 | INFO | [ncluster=241/241] AUC-ROC=47.20%  AUC-PR=32.14%  F1=0.5041  MCC=0.1001  Train=12.860s  Test=22.414s  Peak RAM Train=82.909 MB  Peak RAM Test=367.62 MB
2026-06-01 15:04:25 | INFO | [ncluster=244/244] AUC-ROC=47.15%  AUC-PR=32.12%  F1=0.5018  MCC=0.0985  Train=10.263s  Test=31.881s  Peak RAM Train=82.912 MB  Peak RAM Test=372.06 MB
2026-06-01 15:04:25 | INFO | [ncluster=247/247] AUC-ROC=46.82%  AUC-PR=31.95%  F1=0.5095  MCC=0.0968  Train=8.493s  Test=28.369s  Peak RAM Train=82.916 MB  Peak RAM Test=376.5 MB
2026-06-01 15:04:25 | INFO | [ncluster=250/250] AUC-ROC=46.54%  AUC-PR=31.82%  F1=0.5013  MCC=0.0855  Train=8.432s  Test=31.222s  Peak RAM Train=82.914 MB  Peak RAM Test=380.94 MB
2026-06-01 15:04:25 | INFO | [ncluster=253/253] AUC-ROC=48.81%  AUC-PR=32.75%  F1=0.4829  MCC=0.0968  Train=10.504s  Test=30.157s  Peak RAM Train=82.917 MB  Peak RAM Test=385.38 MB
2026-06-01 15:04:25 | INFO | [ncluster=256/256] AUC-ROC=47.02%  AUC-PR=32.07%  F1=0.5038  MCC=0.0990  Train=11.292s  Test=21.991s  Peak RAM Train=82.917 MB  Peak RAM Test=389.82 MB
2026-06-01 15:04:25 | INFO | [ncluster=259/259] AUC-ROC=47.20%  AUC-PR=32.14%  F1=0.5056  MCC=0.1023  Train=10.917s  Test=27.828s  Peak RAM Train=82.919 MB  Peak RAM Test=394.26 MB
2026-06-01 15:04:25 | INFO | [ncluster=262/262] AUC-ROC=47.84%  AUC-PR=32.37%  F1=0.5160  MCC=0.1119  Train=10.597s  Test=25.416s  Peak RAM Train=82.919 MB  Peak RAM Test=398.7 MB
2026-06-01 15:04:25 | INFO | [ncluster=265/265] AUC-ROC=46.32%  AUC-PR=31.75%  F1=0.5083  MCC=0.0867  Train=10.329s  Test=24.890s  Peak RAM Train=82.918 MB  Peak RAM Test=403.14 MB
2026-06-01 15:04:25 | INFO | [ncluster=268/268] AUC-ROC=47.57%  AUC-PR=32.30%  F1=0.4979  MCC=0.0885  Train=9.195s  Test=23.102s  Peak RAM Train=82.917 MB  Peak RAM Test=407.58 MB
2026-06-01 15:04:25 | INFO | [ncluster=271/271] AUC-ROC=47.20%  AUC-PR=32.07%  F1=0.5021  MCC=0.0876  Train=9.355s  Test=22.544s  Peak RAM Train=82.928 MB  Peak RAM Test=412.02 MB
2026-06-01 15:04:25 | INFO | [ncluster=274/274] AUC-ROC=46.22%  AUC-PR=31.71%  F1=0.4976  MCC=0.0752  Train=6.263s  Test=19.529s  Peak RAM Train=82.924 MB  Peak RAM Test=416.46 MB
2026-06-01 15:04:25 | INFO | [ncluster=277/277] AUC-ROC=48.47%  AUC-PR=32.66%  F1=0.5049  MCC=0.0832  Train=7.870s  Test=22.648s  Peak RAM Train=82.922 MB  Peak RAM Test=420.9 MB
2026-06-01 15:04:25 | INFO | [ncluster=280/280] AUC-ROC=46.41%  AUC-PR=31.65%  F1=0.4999  MCC=0.0813  Train=6.178s  Test=15.901s  Peak RAM Train=82.927 MB  Peak RAM Test=425.34 MB
2026-06-01 15:04:25 | INFO | [ncluster=283/283] AUC-ROC=44.87%  AUC-PR=31.08%  F1=0.5001  MCC=0.0702  Train=5.701s  Test=18.950s  Peak RAM Train=82.927 MB  Peak RAM Test=429.78 MB
2026-06-01 15:04:25 | INFO | [ncluster=286/286] AUC-ROC=46.41%  AUC-PR=31.69%  F1=0.5008  MCC=0.0959  Train=6.108s  Test=14.601s  Peak RAM Train=82.929 MB  Peak RAM Test=434.22 MB
2026-06-01 15:04:25 | INFO | [ncluster=289/289] AUC-ROC=46.28%  AUC-PR=31.61%  F1=0.5003  MCC=0.0811  Train=6.124s  Test=17.079s  Peak RAM Train=82.929 MB  Peak RAM Test=438.66 MB
2026-06-01 15:04:25 | INFO | [ncluster=292/292] AUC-ROC=45.21%  AUC-PR=31.21%  F1=0.5320  MCC=0.0786  Train=6.860s  Test=16.082s  Peak RAM Train=82.925 MB  Peak RAM Test=443.1 MB
2026-06-01 15:04:25 | INFO | [ncluster=295/295] AUC-ROC=46.37%  AUC-PR=31.74%  F1=0.4812  MCC=0.0852  Train=4.905s  Test=13.575s  Peak RAM Train=82.928 MB  Peak RAM Test=447.54 MB
2026-06-01 15:04:25 | INFO | [ncluster=298/298] AUC-ROC=47.18%  AUC-PR=32.16%  F1=0.5061  MCC=0.0917  Train=2.235s  Test=7.897s  Peak RAM Train=82.932 MB  Peak RAM Test=451.98 MB
2026-06-01 15:04:25 | INFO | 
>>> Processing data_IoTID20 | scaler=RobustScaler
2026-06-01 15:04:25 | INFO | --- noise=0% ---
2026-06-01 15:04:25 | INFO | ============================================================
2026-06-01 15:04:25 | INFO | Dataset  : Train_RobustScaler_data_IoTID20.csv
2026-06-01 15:04:25 | INFO | Scaler   : RobustScaler
2026-06-01 15:04:25 | INFO | Noise    : 0%
2026-06-01 15:04:25 | INFO | nClusters: 100 values (1..298)
2026-06-01 15:04:25 | INFO | K-Means  : Standard KMeans
2026-06-01 15:04:25 | INFO | ============================================================
2026-06-01 15:04:25 | INFO | Loaded Raw Shape -> Train: (30878, 92), Test: (22720, 92)
2026-06-01 15:04:26 | INFO | Training size : 30,878  |  Testing size: 22,720  |  Features: 91
2026-06-01 15:04:26 | INFO | Firing up Parallel execution for 100 cluster configs...
2026-06-01 15:15:39 | INFO | [ncluster=1/1] AUC-ROC=89.48%  AUC-PR=83.03%  F1=0.7273  MCC=0.5703  Train=6.510s  Test=0.243s  Peak RAM Train=78.879 MB  Peak RAM Test=45.123 MB
2026-06-01 15:15:39 | INFO | [ncluster=4/4] AUC-ROC=94.52%  AUC-PR=91.63%  F1=0.8211  MCC=0.7261  Train=6.974s  Test=0.605s  Peak RAM Train=78.886 MB  Peak RAM Test=44.393 MB
2026-06-01 15:15:39 | INFO | [ncluster=7/7] AUC-ROC=94.68%  AUC-PR=91.95%  F1=0.7972  MCC=0.6849  Train=5.183s  Test=0.472s  Peak RAM Train=78.888 MB  Peak RAM Test=43.909 MB
2026-06-01 15:15:39 | INFO | [ncluster=10/10] AUC-ROC=94.41%  AUC-PR=91.30%  F1=0.7910  MCC=0.6749  Train=6.711s  Test=0.819s  Peak RAM Train=78.889 MB  Peak RAM Test=44.522 MB
2026-06-01 15:15:39 | INFO | [ncluster=13/13] AUC-ROC=93.42%  AUC-PR=88.70%  F1=0.8004  MCC=0.6902  Train=7.731s  Test=1.785s  Peak RAM Train=78.889 MB  Peak RAM Test=48.962 MB
2026-06-01 15:15:39 | INFO | [ncluster=16/16] AUC-ROC=92.98%  AUC-PR=87.75%  F1=0.7924  MCC=0.6772  Train=7.310s  Test=1.504s  Peak RAM Train=78.89 MB  Peak RAM Test=53.402 MB
2026-06-01 15:15:39 | INFO | [ncluster=19/19] AUC-ROC=92.98%  AUC-PR=88.65%  F1=0.7815  MCC=0.6596  Train=8.360s  Test=2.739s  Peak RAM Train=78.893 MB  Peak RAM Test=57.842 MB
2026-06-01 15:15:39 | INFO | [ncluster=22/22] AUC-ROC=93.42%  AUC-PR=89.69%  F1=0.7907  MCC=0.6781  Train=7.719s  Test=2.115s  Peak RAM Train=78.892 MB  Peak RAM Test=62.282 MB
2026-06-01 15:15:39 | INFO | [ncluster=25/25] AUC-ROC=93.75%  AUC-PR=90.35%  F1=0.7984  MCC=0.6886  Train=7.366s  Test=2.002s  Peak RAM Train=78.891 MB  Peak RAM Test=66.722 MB
2026-06-01 15:15:39 | INFO | [ncluster=28/28] AUC-ROC=93.57%  AUC-PR=89.94%  F1=0.7919  MCC=0.6812  Train=7.064s  Test=3.067s  Peak RAM Train=78.894 MB  Peak RAM Test=71.162 MB
2026-06-01 15:15:39 | INFO | [ncluster=31/31] AUC-ROC=94.49%  AUC-PR=91.91%  F1=0.8204  MCC=0.7394  Train=9.272s  Test=2.413s  Peak RAM Train=78.891 MB  Peak RAM Test=75.602 MB
2026-06-01 15:15:39 | INFO | [ncluster=34/34] AUC-ROC=94.53%  AUC-PR=91.74%  F1=0.8084  MCC=0.7084  Train=8.779s  Test=5.111s  Peak RAM Train=78.894 MB  Peak RAM Test=80.042 MB
2026-06-01 15:15:39 | INFO | [ncluster=37/37] AUC-ROC=93.68%  AUC-PR=90.68%  F1=0.7977  MCC=0.6904  Train=8.486s  Test=4.841s  Peak RAM Train=78.898 MB  Peak RAM Test=84.482 MB
2026-06-01 15:15:39 | INFO | [ncluster=40/40] AUC-ROC=94.43%  AUC-PR=91.46%  F1=0.8093  MCC=0.7068  Train=9.261s  Test=1.728s  Peak RAM Train=78.898 MB  Peak RAM Test=88.922 MB
2026-06-01 15:15:39 | INFO | [ncluster=43/43] AUC-ROC=94.69%  AUC-PR=92.07%  F1=0.8102  MCC=0.7102  Train=5.136s  Test=1.841s  Peak RAM Train=78.9 MB  Peak RAM Test=93.362 MB
2026-06-01 15:15:39 | INFO | [ncluster=46/46] AUC-ROC=93.97%  AUC-PR=91.09%  F1=0.8025  MCC=0.6981  Train=7.892s  Test=4.164s  Peak RAM Train=78.899 MB  Peak RAM Test=97.802 MB
2026-06-01 15:15:39 | INFO | [ncluster=49/49] AUC-ROC=94.44%  AUC-PR=91.94%  F1=0.8113  MCC=0.7157  Train=6.567s  Test=5.044s  Peak RAM Train=78.902 MB  Peak RAM Test=102.242 MB
2026-06-01 15:15:39 | INFO | [ncluster=52/52] AUC-ROC=94.23%  AUC-PR=91.73%  F1=0.8070  MCC=0.7036  Train=7.637s  Test=5.404s  Peak RAM Train=78.904 MB  Peak RAM Test=106.682 MB
2026-06-01 15:15:39 | INFO | [ncluster=55/55] AUC-ROC=93.56%  AUC-PR=90.05%  F1=0.7936  MCC=0.6801  Train=8.905s  Test=3.888s  Peak RAM Train=78.906 MB  Peak RAM Test=111.122 MB
2026-06-01 15:15:39 | INFO | [ncluster=58/58] AUC-ROC=94.30%  AUC-PR=91.87%  F1=0.8195  MCC=0.7352  Train=9.165s  Test=7.185s  Peak RAM Train=78.906 MB  Peak RAM Test=115.562 MB
2026-06-01 15:15:39 | INFO | [ncluster=61/61] AUC-ROC=94.59%  AUC-PR=91.96%  F1=0.8182  MCC=0.7241  Train=9.110s  Test=8.830s  Peak RAM Train=78.902 MB  Peak RAM Test=120.002 MB
2026-06-01 15:15:39 | INFO | [ncluster=64/64] AUC-ROC=93.87%  AUC-PR=90.44%  F1=0.8019  MCC=0.6940  Train=7.628s  Test=6.277s  Peak RAM Train=78.912 MB  Peak RAM Test=124.442 MB
2026-06-01 15:15:39 | INFO | [ncluster=67/67] AUC-ROC=94.32%  AUC-PR=91.52%  F1=0.8018  MCC=0.6926  Train=6.768s  Test=7.479s  Peak RAM Train=78.912 MB  Peak RAM Test=128.882 MB
2026-06-01 15:15:39 | INFO | [ncluster=70/70] AUC-ROC=93.59%  AUC-PR=90.39%  F1=0.7956  MCC=0.6873  Train=8.180s  Test=7.371s  Peak RAM Train=78.913 MB  Peak RAM Test=133.322 MB
2026-06-01 15:15:39 | INFO | [ncluster=73/73] AUC-ROC=94.49%  AUC-PR=91.73%  F1=0.7934  MCC=0.6794  Train=8.678s  Test=13.719s  Peak RAM Train=78.912 MB  Peak RAM Test=137.762 MB
2026-06-01 15:15:39 | INFO | [ncluster=76/76] AUC-ROC=94.06%  AUC-PR=91.06%  F1=0.8030  MCC=0.6953  Train=6.223s  Test=10.983s  Peak RAM Train=78.914 MB  Peak RAM Test=142.202 MB
2026-06-01 15:15:39 | INFO | [ncluster=79/79] AUC-ROC=94.09%  AUC-PR=90.97%  F1=0.7992  MCC=0.6883  Train=8.643s  Test=11.081s  Peak RAM Train=78.915 MB  Peak RAM Test=146.642 MB
2026-06-01 15:15:39 | INFO | [ncluster=82/82] AUC-ROC=93.89%  AUC-PR=90.70%  F1=0.7989  MCC=0.6878  Train=8.142s  Test=8.535s  Peak RAM Train=78.917 MB  Peak RAM Test=151.082 MB
2026-06-01 15:15:39 | INFO | [ncluster=85/85] AUC-ROC=94.25%  AUC-PR=90.98%  F1=0.7992  MCC=0.6882  Train=10.170s  Test=8.319s  Peak RAM Train=78.911 MB  Peak RAM Test=155.522 MB
2026-06-01 15:15:39 | INFO | [ncluster=88/88] AUC-ROC=93.88%  AUC-PR=90.45%  F1=0.7997  MCC=0.6890  Train=12.311s  Test=20.140s  Peak RAM Train=78.917 MB  Peak RAM Test=159.962 MB
2026-06-01 15:15:39 | INFO | [ncluster=91/91] AUC-ROC=94.13%  AUC-PR=90.91%  F1=0.8045  MCC=0.6975  Train=15.769s  Test=17.116s  Peak RAM Train=78.913 MB  Peak RAM Test=164.402 MB
2026-06-01 15:15:39 | INFO | [ncluster=94/94] AUC-ROC=94.11%  AUC-PR=91.15%  F1=0.8052  MCC=0.6986  Train=13.496s  Test=13.647s  Peak RAM Train=78.918 MB  Peak RAM Test=168.842 MB
2026-06-01 15:15:39 | INFO | [ncluster=97/97] AUC-ROC=94.40%  AUC-PR=91.38%  F1=0.8100  MCC=0.7056  Train=13.929s  Test=15.399s  Peak RAM Train=78.92 MB  Peak RAM Test=173.282 MB
2026-06-01 15:15:39 | INFO | [ncluster=100/100] AUC-ROC=94.60%  AUC-PR=91.86%  F1=0.8084  MCC=0.7031  Train=14.879s  Test=12.826s  Peak RAM Train=78.923 MB  Peak RAM Test=177.722 MB
2026-06-01 15:15:39 | INFO | [ncluster=103/103] AUC-ROC=93.89%  AUC-PR=90.57%  F1=0.8005  MCC=0.6905  Train=11.369s  Test=15.439s  Peak RAM Train=78.926 MB  Peak RAM Test=182.162 MB
2026-06-01 15:15:39 | INFO | [ncluster=106/106] AUC-ROC=93.45%  AUC-PR=90.08%  F1=0.7865  MCC=0.6679  Train=14.385s  Test=14.622s  Peak RAM Train=78.922 MB  Peak RAM Test=186.602 MB
2026-06-01 15:15:39 | INFO | [ncluster=109/109] AUC-ROC=93.70%  AUC-PR=90.43%  F1=0.7931  MCC=0.6805  Train=13.896s  Test=15.801s  Peak RAM Train=78.923 MB  Peak RAM Test=191.042 MB
2026-06-01 15:15:39 | INFO | [ncluster=112/112] AUC-ROC=94.38%  AUC-PR=91.61%  F1=0.7921  MCC=0.6772  Train=12.820s  Test=16.272s  Peak RAM Train=78.926 MB  Peak RAM Test=195.482 MB
2026-06-01 15:15:39 | INFO | [ncluster=115/115] AUC-ROC=93.77%  AUC-PR=90.35%  F1=0.7959  MCC=0.6833  Train=14.709s  Test=22.292s  Peak RAM Train=78.929 MB  Peak RAM Test=199.922 MB
2026-06-01 15:15:39 | INFO | [ncluster=118/118] AUC-ROC=93.92%  AUC-PR=90.56%  F1=0.7950  MCC=0.6813  Train=16.127s  Test=11.107s  Peak RAM Train=78.924 MB  Peak RAM Test=204.362 MB
2026-06-01 15:15:39 | INFO | [ncluster=121/121] AUC-ROC=94.56%  AUC-PR=91.93%  F1=0.8086  MCC=0.7035  Train=13.680s  Test=32.239s  Peak RAM Train=78.93 MB  Peak RAM Test=208.802 MB
2026-06-01 15:15:39 | INFO | [ncluster=124/124] AUC-ROC=94.65%  AUC-PR=91.89%  F1=0.8148  MCC=0.7133  Train=16.601s  Test=12.040s  Peak RAM Train=78.937 MB  Peak RAM Test=213.242 MB
2026-06-01 15:15:39 | INFO | [ncluster=127/127] AUC-ROC=94.16%  AUC-PR=91.41%  F1=0.8049  MCC=0.6977  Train=15.584s  Test=19.287s  Peak RAM Train=78.93 MB  Peak RAM Test=217.682 MB
2026-06-01 15:15:39 | INFO | [ncluster=130/130] AUC-ROC=93.77%  AUC-PR=90.12%  F1=0.8006  MCC=0.6907  Train=17.229s  Test=19.495s  Peak RAM Train=78.928 MB  Peak RAM Test=222.122 MB
2026-06-01 15:15:39 | INFO | [ncluster=133/133] AUC-ROC=94.11%  AUC-PR=91.16%  F1=0.7999  MCC=0.6894  Train=16.038s  Test=21.523s  Peak RAM Train=78.932 MB  Peak RAM Test=226.562 MB
2026-06-01 15:15:39 | INFO | [ncluster=136/136] AUC-ROC=93.73%  AUC-PR=90.73%  F1=0.7981  MCC=0.6869  Train=14.200s  Test=23.157s  Peak RAM Train=78.934 MB  Peak RAM Test=231.002 MB
2026-06-01 15:15:39 | INFO | [ncluster=139/139] AUC-ROC=93.57%  AUC-PR=90.40%  F1=0.7935  MCC=0.6798  Train=14.363s  Test=24.393s  Peak RAM Train=78.938 MB  Peak RAM Test=235.442 MB
2026-06-01 15:15:39 | INFO | [ncluster=142/142] AUC-ROC=94.22%  AUC-PR=91.55%  F1=0.8032  MCC=0.6946  Train=16.477s  Test=26.007s  Peak RAM Train=78.937 MB  Peak RAM Test=239.882 MB
2026-06-01 15:15:39 | INFO | [ncluster=145/145] AUC-ROC=92.98%  AUC-PR=89.58%  F1=0.7915  MCC=0.6780  Train=17.799s  Test=21.171s  Peak RAM Train=78.937 MB  Peak RAM Test=244.322 MB
2026-06-01 15:15:39 | INFO | [ncluster=148/148] AUC-ROC=93.87%  AUC-PR=90.77%  F1=0.7909  MCC=0.6753  Train=12.355s  Test=24.122s  Peak RAM Train=78.94 MB  Peak RAM Test=248.762 MB
2026-06-01 15:15:39 | INFO | [ncluster=151/151] AUC-ROC=93.20%  AUC-PR=89.56%  F1=0.7841  MCC=0.6639  Train=13.330s  Test=26.008s  Peak RAM Train=78.945 MB  Peak RAM Test=253.202 MB
2026-06-01 15:15:39 | INFO | [ncluster=154/154] AUC-ROC=93.45%  AUC-PR=90.36%  F1=0.7815  MCC=0.6596  Train=15.237s  Test=35.541s  Peak RAM Train=78.945 MB  Peak RAM Test=257.642 MB
2026-06-01 15:15:39 | INFO | [ncluster=157/157] AUC-ROC=93.85%  AUC-PR=90.40%  F1=0.8076  MCC=0.7017  Train=15.694s  Test=18.650s  Peak RAM Train=78.944 MB  Peak RAM Test=262.082 MB
2026-06-01 15:15:39 | INFO | [ncluster=160/160] AUC-ROC=93.60%  AUC-PR=90.37%  F1=0.7967  MCC=0.6847  Train=16.817s  Test=24.123s  Peak RAM Train=78.948 MB  Peak RAM Test=266.522 MB
2026-06-01 15:15:39 | INFO | [ncluster=163/163] AUC-ROC=93.24%  AUC-PR=89.53%  F1=0.7967  MCC=0.6844  Train=12.497s  Test=34.260s  Peak RAM Train=78.945 MB  Peak RAM Test=270.962 MB
2026-06-01 15:15:39 | INFO | [ncluster=166/166] AUC-ROC=93.83%  AUC-PR=90.81%  F1=0.8046  MCC=0.6968  Train=16.970s  Test=27.118s  Peak RAM Train=78.941 MB  Peak RAM Test=275.402 MB
2026-06-01 15:15:39 | INFO | [ncluster=169/169] AUC-ROC=94.24%  AUC-PR=91.70%  F1=0.8084  MCC=0.7042  Train=12.542s  Test=20.315s  Peak RAM Train=78.941 MB  Peak RAM Test=279.842 MB
2026-06-01 15:15:39 | INFO | [ncluster=172/172] AUC-ROC=93.83%  AUC-PR=90.72%  F1=0.7934  MCC=0.6798  Train=17.447s  Test=25.706s  Peak RAM Train=78.949 MB  Peak RAM Test=284.282 MB
2026-06-01 15:15:39 | INFO | [ncluster=175/175] AUC-ROC=93.07%  AUC-PR=89.85%  F1=0.7873  MCC=0.6699  Train=11.600s  Test=15.202s  Peak RAM Train=78.947 MB  Peak RAM Test=288.722 MB
2026-06-01 15:15:39 | INFO | [ncluster=178/178] AUC-ROC=94.31%  AUC-PR=91.29%  F1=0.7983  MCC=0.6875  Train=16.210s  Test=39.666s  Peak RAM Train=78.949 MB  Peak RAM Test=293.162 MB
2026-06-01 15:15:39 | INFO | [ncluster=181/181] AUC-ROC=93.79%  AUC-PR=90.72%  F1=0.7988  MCC=0.6882  Train=12.881s  Test=20.575s  Peak RAM Train=78.956 MB  Peak RAM Test=297.602 MB
2026-06-01 15:15:39 | INFO | [ncluster=184/184] AUC-ROC=94.06%  AUC-PR=91.36%  F1=0.7941  MCC=0.6809  Train=16.875s  Test=33.069s  Peak RAM Train=78.954 MB  Peak RAM Test=302.042 MB
2026-06-01 15:15:39 | INFO | [ncluster=187/187] AUC-ROC=93.73%  AUC-PR=91.04%  F1=0.8045  MCC=0.6978  Train=14.813s  Test=29.475s  Peak RAM Train=78.953 MB  Peak RAM Test=306.482 MB
2026-06-01 15:15:39 | INFO | [ncluster=190/190] AUC-ROC=94.00%  AUC-PR=91.48%  F1=0.8028  MCC=0.6948  Train=16.332s  Test=31.426s  Peak RAM Train=78.951 MB  Peak RAM Test=310.922 MB
2026-06-01 15:15:39 | INFO | [ncluster=193/193] AUC-ROC=94.41%  AUC-PR=91.73%  F1=0.8151  MCC=0.7247  Train=14.714s  Test=25.717s  Peak RAM Train=78.954 MB  Peak RAM Test=315.362 MB
2026-06-01 15:15:39 | INFO | [ncluster=196/196] AUC-ROC=94.69%  AUC-PR=92.06%  F1=0.8010  MCC=0.6919  Train=16.392s  Test=25.209s  Peak RAM Train=78.962 MB  Peak RAM Test=319.802 MB
2026-06-01 15:15:39 | INFO | [ncluster=199/199] AUC-ROC=93.36%  AUC-PR=90.08%  F1=0.7844  MCC=0.6662  Train=15.165s  Test=21.848s  Peak RAM Train=78.959 MB  Peak RAM Test=324.242 MB
2026-06-01 15:15:39 | INFO | [ncluster=202/202] AUC-ROC=94.09%  AUC-PR=91.64%  F1=0.7995  MCC=0.6887  Train=5.382s  Test=34.954s  Peak RAM Train=78.958 MB  Peak RAM Test=328.682 MB
2026-06-01 15:15:39 | INFO | [ncluster=205/205] AUC-ROC=94.85%  AUC-PR=92.88%  F1=0.8275  MCC=0.7381  Train=10.455s  Test=23.882s  Peak RAM Train=78.959 MB  Peak RAM Test=333.122 MB
2026-06-01 15:15:39 | INFO | [ncluster=208/208] AUC-ROC=93.32%  AUC-PR=89.92%  F1=0.7846  MCC=0.6652  Train=13.038s  Test=32.961s  Peak RAM Train=78.959 MB  Peak RAM Test=337.562 MB
2026-06-01 15:15:39 | INFO | [ncluster=211/211] AUC-ROC=94.43%  AUC-PR=91.75%  F1=0.8006  MCC=0.6920  Train=10.503s  Test=34.878s  Peak RAM Train=78.961 MB  Peak RAM Test=342.002 MB
2026-06-01 15:15:39 | INFO | [ncluster=214/214] AUC-ROC=94.55%  AUC-PR=91.76%  F1=0.8008  MCC=0.6918  Train=16.887s  Test=28.291s  Peak RAM Train=78.963 MB  Peak RAM Test=346.442 MB
2026-06-01 15:15:39 | INFO | [ncluster=217/217] AUC-ROC=94.22%  AUC-PR=91.31%  F1=0.8024  MCC=0.6952  Train=16.169s  Test=29.332s  Peak RAM Train=78.964 MB  Peak RAM Test=350.882 MB
2026-06-01 15:15:39 | INFO | [ncluster=220/220] AUC-ROC=93.92%  AUC-PR=90.90%  F1=0.7932  MCC=0.6788  Train=10.754s  Test=40.674s  Peak RAM Train=78.965 MB  Peak RAM Test=355.322 MB
2026-06-01 15:15:39 | INFO | [ncluster=223/223] AUC-ROC=94.41%  AUC-PR=91.42%  F1=0.8025  MCC=0.6951  Train=13.329s  Test=33.487s  Peak RAM Train=78.967 MB  Peak RAM Test=359.762 MB
2026-06-01 15:15:39 | INFO | [ncluster=226/226] AUC-ROC=93.88%  AUC-PR=90.95%  F1=0.7902  MCC=0.6737  Train=14.282s  Test=27.268s  Peak RAM Train=78.968 MB  Peak RAM Test=364.202 MB
2026-06-01 15:15:39 | INFO | [ncluster=229/229] AUC-ROC=93.53%  AUC-PR=89.78%  F1=0.7961  MCC=0.6834  Train=15.208s  Test=46.785s  Peak RAM Train=78.965 MB  Peak RAM Test=368.642 MB
2026-06-01 15:15:39 | INFO | [ncluster=232/232] AUC-ROC=93.83%  AUC-PR=90.37%  F1=0.7983  MCC=0.6899  Train=15.360s  Test=23.571s  Peak RAM Train=78.971 MB  Peak RAM Test=373.082 MB
2026-06-01 15:15:39 | INFO | [ncluster=235/235] AUC-ROC=94.25%  AUC-PR=91.30%  F1=0.7969  MCC=0.6852  Train=15.288s  Test=33.273s  Peak RAM Train=78.973 MB  Peak RAM Test=377.522 MB
2026-06-01 15:15:39 | INFO | [ncluster=238/238] AUC-ROC=94.33%  AUC-PR=91.54%  F1=0.8045  MCC=0.6985  Train=8.316s  Test=28.130s  Peak RAM Train=78.971 MB  Peak RAM Test=381.962 MB
2026-06-01 15:15:39 | INFO | [ncluster=241/241] AUC-ROC=93.96%  AUC-PR=90.70%  F1=0.7889  MCC=0.6742  Train=11.644s  Test=26.028s  Peak RAM Train=78.972 MB  Peak RAM Test=386.402 MB
2026-06-01 15:15:39 | INFO | [ncluster=244/244] AUC-ROC=94.53%  AUC-PR=91.55%  F1=0.8085  MCC=0.7047  Train=15.049s  Test=34.599s  Peak RAM Train=78.975 MB  Peak RAM Test=390.842 MB
2026-06-01 15:15:39 | INFO | [ncluster=247/247] AUC-ROC=94.69%  AUC-PR=91.59%  F1=0.8035  MCC=0.6967  Train=10.973s  Test=32.896s  Peak RAM Train=78.977 MB  Peak RAM Test=395.282 MB
2026-06-01 15:15:39 | INFO | [ncluster=250/250] AUC-ROC=94.53%  AUC-PR=91.39%  F1=0.8082  MCC=0.7048  Train=15.350s  Test=32.233s  Peak RAM Train=78.976 MB  Peak RAM Test=399.722 MB
2026-06-01 15:15:39 | INFO | [ncluster=253/253] AUC-ROC=93.88%  AUC-PR=90.90%  F1=0.8014  MCC=0.6924  Train=10.771s  Test=34.833s  Peak RAM Train=78.976 MB  Peak RAM Test=404.162 MB
2026-06-01 15:15:39 | INFO | [ncluster=256/256] AUC-ROC=93.57%  AUC-PR=90.02%  F1=0.8027  MCC=0.6964  Train=11.547s  Test=22.149s  Peak RAM Train=78.98 MB  Peak RAM Test=408.602 MB
2026-06-01 15:15:39 | INFO | [ncluster=259/259] AUC-ROC=94.88%  AUC-PR=92.27%  F1=0.8141  MCC=0.7122  Train=11.611s  Test=30.078s  Peak RAM Train=78.976 MB  Peak RAM Test=413.042 MB
2026-06-01 15:15:39 | INFO | [ncluster=262/262] AUC-ROC=94.38%  AUC-PR=91.11%  F1=0.8110  MCC=0.7095  Train=10.499s  Test=27.254s  Peak RAM Train=78.979 MB  Peak RAM Test=417.482 MB
2026-06-01 15:15:39 | INFO | [ncluster=265/265] AUC-ROC=95.14%  AUC-PR=92.44%  F1=0.8237  MCC=0.7287  Train=12.467s  Test=28.454s  Peak RAM Train=78.981 MB  Peak RAM Test=421.922 MB
2026-06-01 15:15:39 | INFO | [ncluster=268/268] AUC-ROC=94.55%  AUC-PR=91.44%  F1=0.8076  MCC=0.7042  Train=9.670s  Test=35.254s  Peak RAM Train=78.983 MB  Peak RAM Test=426.362 MB
2026-06-01 15:15:39 | INFO | [ncluster=271/271] AUC-ROC=94.58%  AUC-PR=91.37%  F1=0.8098  MCC=0.7080  Train=9.328s  Test=27.428s  Peak RAM Train=78.984 MB  Peak RAM Test=430.802 MB
2026-06-01 15:15:39 | INFO | [ncluster=274/274] AUC-ROC=94.31%  AUC-PR=91.18%  F1=0.8020  MCC=0.6942  Train=7.412s  Test=31.213s  Peak RAM Train=78.988 MB  Peak RAM Test=435.242 MB
2026-06-01 15:15:39 | INFO | [ncluster=277/277] AUC-ROC=94.51%  AUC-PR=91.32%  F1=0.8196  MCC=0.7209  Train=8.717s  Test=27.130s  Peak RAM Train=78.986 MB  Peak RAM Test=439.682 MB
2026-06-01 15:15:39 | INFO | [ncluster=280/280] AUC-ROC=93.92%  AUC-PR=90.72%  F1=0.8150  MCC=0.7139  Train=9.464s  Test=23.964s  Peak RAM Train=78.987 MB  Peak RAM Test=444.122 MB
2026-06-01 15:15:39 | INFO | [ncluster=283/283] AUC-ROC=93.90%  AUC-PR=89.98%  F1=0.8097  MCC=0.7062  Train=9.087s  Test=21.692s  Peak RAM Train=78.982 MB  Peak RAM Test=448.562 MB
2026-06-01 15:15:39 | INFO | [ncluster=286/286] AUC-ROC=94.37%  AUC-PR=91.56%  F1=0.8146  MCC=0.7128  Train=9.239s  Test=29.443s  Peak RAM Train=78.988 MB  Peak RAM Test=453.002 MB
2026-06-01 15:15:39 | INFO | [ncluster=289/289] AUC-ROC=94.58%  AUC-PR=91.32%  F1=0.8087  MCC=0.7059  Train=8.825s  Test=27.971s  Peak RAM Train=78.99 MB  Peak RAM Test=457.442 MB
2026-06-01 15:15:39 | INFO | [ncluster=292/292] AUC-ROC=94.35%  AUC-PR=91.13%  F1=0.8082  MCC=0.7057  Train=6.014s  Test=21.807s  Peak RAM Train=78.993 MB  Peak RAM Test=461.882 MB
2026-06-01 15:15:39 | INFO | [ncluster=295/295] AUC-ROC=94.48%  AUC-PR=90.97%  F1=0.8117  MCC=0.7106  Train=9.205s  Test=17.979s  Peak RAM Train=78.992 MB  Peak RAM Test=466.322 MB
2026-06-01 15:15:39 | INFO | [ncluster=298/298] AUC-ROC=93.68%  AUC-PR=90.16%  F1=0.8032  MCC=0.6952  Train=3.951s  Test=16.513s  Peak RAM Train=78.995 MB  Peak RAM Test=470.762 MB
2026-06-01 15:15:39 | INFO | --- noise=1% ---
2026-06-01 15:15:39 | INFO | ============================================================
2026-06-01 15:15:39 | INFO | Dataset  : Train_RobustScaler_data_IoTID20.csv
2026-06-01 15:15:39 | INFO | Scaler   : RobustScaler
2026-06-01 15:15:39 | INFO | Noise    : 1%
2026-06-01 15:15:39 | INFO | nClusters: 100 values (1..298)
2026-06-01 15:15:39 | INFO | K-Means  : Standard KMeans
2026-06-01 15:15:39 | INFO | ============================================================
2026-06-01 15:15:40 | INFO | Loaded Raw Shape -> Train: (30878, 92), Test: (22720, 92)
2026-06-01 15:15:40 | INFO | Training size : 31,186  |  Testing size: 22,412  |  Features: 91
2026-06-01 15:15:40 | INFO | Firing up Parallel execution for 100 cluster configs...
2026-06-01 15:25:59 | INFO | [ncluster=1/1] AUC-ROC=85.68%  AUC-PR=78.82%  F1=0.6847  MCC=0.4946  Train=13.717s  Test=0.292s  Peak RAM Train=79.665 MB  Peak RAM Test=29.615 MB
2026-06-01 15:25:59 | INFO | [ncluster=4/4] AUC-ROC=87.89%  AUC-PR=84.83%  F1=0.7344  MCC=0.6323  Train=13.150s  Test=0.881s  Peak RAM Train=79.67 MB  Peak RAM Test=26.885 MB
2026-06-01 15:25:59 | INFO | [ncluster=7/7] AUC-ROC=85.40%  AUC-PR=80.67%  F1=0.6890  MCC=0.5272  Train=12.577s  Test=1.005s  Peak RAM Train=79.673 MB  Peak RAM Test=26.15 MB
2026-06-01 15:25:59 | INFO | [ncluster=10/10] AUC-ROC=94.20%  AUC-PR=92.39%  F1=0.8390  MCC=0.7787  Train=7.584s  Test=0.471s  Peak RAM Train=79.676 MB  Peak RAM Test=25.666 MB
2026-06-01 15:25:59 | INFO | [ncluster=13/13] AUC-ROC=76.54%  AUC-PR=60.74%  F1=0.6320  MCC=0.4045  Train=9.390s  Test=2.293s  Peak RAM Train=79.675 MB  Peak RAM Test=29.452 MB
2026-06-01 15:25:59 | INFO | [ncluster=16/16] AUC-ROC=74.76%  AUC-PR=59.49%  F1=0.6085  MCC=0.3618  Train=10.393s  Test=2.427s  Peak RAM Train=79.675 MB  Peak RAM Test=33.892 MB
2026-06-01 15:25:59 | INFO | [ncluster=19/19] AUC-ROC=76.35%  AUC-PR=59.71%  F1=0.6310  MCC=0.4054  Train=12.074s  Test=3.190s  Peak RAM Train=79.678 MB  Peak RAM Test=38.332 MB
2026-06-01 15:25:59 | INFO | [ncluster=22/22] AUC-ROC=75.95%  AUC-PR=59.15%  F1=0.6274  MCC=0.3951  Train=10.118s  Test=3.937s  Peak RAM Train=79.679 MB  Peak RAM Test=42.772 MB
2026-06-01 15:25:59 | INFO | [ncluster=25/25] AUC-ROC=75.77%  AUC-PR=59.29%  F1=0.6192  MCC=0.3824  Train=13.601s  Test=4.238s  Peak RAM Train=79.679 MB  Peak RAM Test=47.212 MB
2026-06-01 15:25:59 | INFO | [ncluster=28/28] AUC-ROC=77.91%  AUC-PR=63.85%  F1=0.6414  MCC=0.4229  Train=13.174s  Test=5.393s  Peak RAM Train=79.682 MB  Peak RAM Test=51.652 MB
2026-06-01 15:25:59 | INFO | [ncluster=31/31] AUC-ROC=75.55%  AUC-PR=59.62%  F1=0.5965  MCC=0.3776  Train=13.857s  Test=5.131s  Peak RAM Train=79.681 MB  Peak RAM Test=56.092 MB
2026-06-01 15:25:59 | INFO | [ncluster=34/34] AUC-ROC=76.32%  AUC-PR=61.80%  F1=0.6116  MCC=0.3847  Train=11.751s  Test=5.405s  Peak RAM Train=79.686 MB  Peak RAM Test=60.532 MB
2026-06-01 15:25:59 | INFO | [ncluster=37/37] AUC-ROC=77.91%  AUC-PR=62.04%  F1=0.6318  MCC=0.4231  Train=15.379s  Test=6.985s  Peak RAM Train=79.681 MB  Peak RAM Test=64.972 MB
2026-06-01 15:25:59 | INFO | [ncluster=40/40] AUC-ROC=78.69%  AUC-PR=65.25%  F1=0.6502  MCC=0.4485  Train=11.652s  Test=6.599s  Peak RAM Train=79.685 MB  Peak RAM Test=69.412 MB
2026-06-01 15:25:59 | INFO | [ncluster=43/43] AUC-ROC=77.80%  AUC-PR=61.72%  F1=0.6403  MCC=0.4264  Train=14.203s  Test=6.754s  Peak RAM Train=79.686 MB  Peak RAM Test=73.852 MB
2026-06-01 15:25:59 | INFO | [ncluster=46/46] AUC-ROC=79.28%  AUC-PR=65.76%  F1=0.6531  MCC=0.4518  Train=13.301s  Test=8.497s  Peak RAM Train=79.689 MB  Peak RAM Test=78.292 MB
2026-06-01 15:25:59 | INFO | [ncluster=49/49] AUC-ROC=78.98%  AUC-PR=66.38%  F1=0.6465  MCC=0.4340  Train=14.902s  Test=8.871s  Peak RAM Train=79.688 MB  Peak RAM Test=82.732 MB
2026-06-01 15:25:59 | INFO | [ncluster=52/52] AUC-ROC=75.93%  AUC-PR=58.81%  F1=0.6178  MCC=0.3896  Train=14.824s  Test=7.636s  Peak RAM Train=79.692 MB  Peak RAM Test=87.172 MB
2026-06-01 15:25:59 | INFO | [ncluster=55/55] AUC-ROC=76.91%  AUC-PR=64.06%  F1=0.6144  MCC=0.3877  Train=11.578s  Test=7.383s  Peak RAM Train=79.687 MB  Peak RAM Test=91.612 MB
2026-06-01 15:25:59 | INFO | [ncluster=58/58] AUC-ROC=77.67%  AUC-PR=62.94%  F1=0.6288  MCC=0.4109  Train=11.213s  Test=13.641s  Peak RAM Train=79.691 MB  Peak RAM Test=96.052 MB
2026-06-01 15:25:59 | INFO | [ncluster=61/61] AUC-ROC=75.90%  AUC-PR=59.22%  F1=0.5978  MCC=0.3991  Train=8.947s  Test=2.520s  Peak RAM Train=79.686 MB  Peak RAM Test=100.492 MB
2026-06-01 15:25:59 | INFO | [ncluster=64/64] AUC-ROC=77.68%  AUC-PR=61.31%  F1=0.6197  MCC=0.4579  Train=14.238s  Test=14.029s  Peak RAM Train=79.691 MB  Peak RAM Test=104.932 MB
2026-06-01 15:25:59 | INFO | [ncluster=67/67] AUC-ROC=77.40%  AUC-PR=61.09%  F1=0.6119  MCC=0.4188  Train=14.165s  Test=9.837s  Peak RAM Train=79.694 MB  Peak RAM Test=109.372 MB
2026-06-01 15:25:59 | INFO | [ncluster=70/70] AUC-ROC=77.13%  AUC-PR=61.91%  F1=0.6211  MCC=0.3829  Train=13.117s  Test=12.323s  Peak RAM Train=79.696 MB  Peak RAM Test=113.812 MB
2026-06-01 15:25:59 | INFO | [ncluster=73/73] AUC-ROC=76.46%  AUC-PR=59.03%  F1=0.6029  MCC=0.4049  Train=15.398s  Test=7.320s  Peak RAM Train=79.701 MB  Peak RAM Test=118.252 MB
2026-06-01 15:25:59 | INFO | [ncluster=76/76] AUC-ROC=77.58%  AUC-PR=61.09%  F1=0.6175  MCC=0.4298  Train=11.492s  Test=10.398s  Peak RAM Train=79.699 MB  Peak RAM Test=122.692 MB
2026-06-01 15:25:59 | INFO | [ncluster=79/79] AUC-ROC=78.33%  AUC-PR=62.24%  F1=0.6323  MCC=0.4122  Train=11.700s  Test=9.469s  Peak RAM Train=79.695 MB  Peak RAM Test=127.132 MB
2026-06-01 15:25:59 | INFO | [ncluster=82/82] AUC-ROC=76.72%  AUC-PR=60.66%  F1=0.6100  MCC=0.4092  Train=13.691s  Test=10.449s  Peak RAM Train=79.701 MB  Peak RAM Test=131.572 MB
2026-06-01 15:25:59 | INFO | [ncluster=85/85] AUC-ROC=75.94%  AUC-PR=59.97%  F1=0.6079  MCC=0.4094  Train=10.416s  Test=10.111s  Peak RAM Train=79.702 MB  Peak RAM Test=136.012 MB
2026-06-01 15:25:59 | INFO | [ncluster=88/88] AUC-ROC=75.32%  AUC-PR=58.28%  F1=0.5933  MCC=0.3858  Train=13.369s  Test=9.283s  Peak RAM Train=79.702 MB  Peak RAM Test=140.452 MB
2026-06-01 15:25:59 | INFO | [ncluster=91/91] AUC-ROC=74.22%  AUC-PR=55.63%  F1=0.5715  MCC=0.3838  Train=12.502s  Test=6.853s  Peak RAM Train=79.701 MB  Peak RAM Test=144.892 MB
2026-06-01 15:25:59 | INFO | [ncluster=94/94] AUC-ROC=76.02%  AUC-PR=59.78%  F1=0.6102  MCC=0.4008  Train=11.139s  Test=12.355s  Peak RAM Train=79.705 MB  Peak RAM Test=149.332 MB
2026-06-01 15:25:59 | INFO | [ncluster=97/97] AUC-ROC=77.66%  AUC-PR=62.45%  F1=0.6097  MCC=0.4750  Train=11.049s  Test=13.298s  Peak RAM Train=79.711 MB  Peak RAM Test=153.772 MB
2026-06-01 15:25:59 | INFO | [ncluster=100/100] AUC-ROC=74.46%  AUC-PR=56.54%  F1=0.5800  MCC=0.3843  Train=10.374s  Test=7.769s  Peak RAM Train=79.71 MB  Peak RAM Test=158.212 MB
2026-06-01 15:25:59 | INFO | [ncluster=103/103] AUC-ROC=76.36%  AUC-PR=60.85%  F1=0.6099  MCC=0.4449  Train=11.092s  Test=14.656s  Peak RAM Train=79.708 MB  Peak RAM Test=162.652 MB
2026-06-01 15:25:59 | INFO | [ncluster=106/106] AUC-ROC=73.25%  AUC-PR=54.81%  F1=0.5771  MCC=0.3469  Train=10.363s  Test=9.687s  Peak RAM Train=79.711 MB  Peak RAM Test=167.092 MB
2026-06-01 15:25:59 | INFO | [ncluster=109/109] AUC-ROC=76.01%  AUC-PR=59.92%  F1=0.6013  MCC=0.4285  Train=9.051s  Test=7.883s  Peak RAM Train=79.713 MB  Peak RAM Test=171.532 MB
2026-06-01 15:25:59 | INFO | [ncluster=112/112] AUC-ROC=73.94%  AUC-PR=54.49%  F1=0.5810  MCC=0.3739  Train=11.847s  Test=14.214s  Peak RAM Train=79.711 MB  Peak RAM Test=175.972 MB
2026-06-01 15:25:59 | INFO | [ncluster=115/115] AUC-ROC=77.95%  AUC-PR=62.02%  F1=0.6387  MCC=0.4607  Train=9.501s  Test=12.632s  Peak RAM Train=79.714 MB  Peak RAM Test=180.412 MB
2026-06-01 15:25:59 | INFO | [ncluster=118/118] AUC-ROC=78.03%  AUC-PR=63.15%  F1=0.6506  MCC=0.4852  Train=11.683s  Test=9.284s  Peak RAM Train=79.714 MB  Peak RAM Test=184.852 MB
2026-06-01 15:25:59 | INFO | [ncluster=121/121] AUC-ROC=76.51%  AUC-PR=60.77%  F1=0.5939  MCC=0.4160  Train=10.393s  Test=15.117s  Peak RAM Train=79.717 MB  Peak RAM Test=189.292 MB
2026-06-01 15:25:59 | INFO | [ncluster=124/124] AUC-ROC=78.78%  AUC-PR=63.66%  F1=0.6395  MCC=0.4507  Train=7.944s  Test=8.561s  Peak RAM Train=79.713 MB  Peak RAM Test=193.732 MB
2026-06-01 15:25:59 | INFO | [ncluster=127/127] AUC-ROC=74.54%  AUC-PR=56.17%  F1=0.5789  MCC=0.3945  Train=9.749s  Test=14.352s  Peak RAM Train=79.721 MB  Peak RAM Test=198.172 MB
2026-06-01 15:25:59 | INFO | [ncluster=130/130] AUC-ROC=77.18%  AUC-PR=62.16%  F1=0.6210  MCC=0.4419  Train=9.468s  Test=18.251s  Peak RAM Train=79.714 MB  Peak RAM Test=202.612 MB
2026-06-01 15:25:59 | INFO | [ncluster=133/133] AUC-ROC=73.90%  AUC-PR=53.42%  F1=0.5839  MCC=0.3654  Train=8.116s  Test=12.730s  Peak RAM Train=79.722 MB  Peak RAM Test=207.052 MB
2026-06-01 15:25:59 | INFO | [ncluster=136/136] AUC-ROC=72.84%  AUC-PR=51.53%  F1=0.5713  MCC=0.3336  Train=9.053s  Test=13.024s  Peak RAM Train=79.719 MB  Peak RAM Test=211.492 MB
2026-06-01 15:25:59 | INFO | [ncluster=139/139] AUC-ROC=73.00%  AUC-PR=51.21%  F1=0.6211  MCC=0.3720  Train=9.010s  Test=17.999s  Peak RAM Train=79.719 MB  Peak RAM Test=215.932 MB
2026-06-01 15:25:59 | INFO | [ncluster=142/142] AUC-ROC=76.28%  AUC-PR=57.71%  F1=0.6088  MCC=0.3988  Train=9.085s  Test=18.445s  Peak RAM Train=79.725 MB  Peak RAM Test=220.372 MB
2026-06-01 15:25:59 | INFO | [ncluster=145/145] AUC-ROC=72.40%  AUC-PR=51.85%  F1=0.6076  MCC=0.3445  Train=11.615s  Test=17.156s  Peak RAM Train=79.716 MB  Peak RAM Test=224.812 MB
2026-06-01 15:25:59 | INFO | [ncluster=148/148] AUC-ROC=76.11%  AUC-PR=58.14%  F1=0.6020  MCC=0.4186  Train=9.826s  Test=16.558s  Peak RAM Train=79.724 MB  Peak RAM Test=229.252 MB
2026-06-01 15:25:59 | INFO | [ncluster=151/151] AUC-ROC=72.84%  AUC-PR=51.34%  F1=0.6192  MCC=0.3682  Train=10.850s  Test=19.797s  Peak RAM Train=79.723 MB  Peak RAM Test=233.692 MB
2026-06-01 15:25:59 | INFO | [ncluster=154/154] AUC-ROC=76.59%  AUC-PR=59.79%  F1=0.6121  MCC=0.4296  Train=11.120s  Test=18.185s  Peak RAM Train=79.726 MB  Peak RAM Test=238.132 MB
2026-06-01 15:25:59 | INFO | [ncluster=157/157] AUC-ROC=75.60%  AUC-PR=56.88%  F1=0.6046  MCC=0.3888  Train=10.519s  Test=16.233s  Peak RAM Train=79.727 MB  Peak RAM Test=242.572 MB
2026-06-01 15:25:59 | INFO | [ncluster=160/160] AUC-ROC=69.86%  AUC-PR=49.71%  F1=0.5958  MCC=0.3199  Train=11.667s  Test=15.322s  Peak RAM Train=79.728 MB  Peak RAM Test=247.012 MB
2026-06-01 15:25:59 | INFO | [ncluster=163/163] AUC-ROC=71.19%  AUC-PR=49.93%  F1=0.6041  MCC=0.3374  Train=9.843s  Test=13.848s  Peak RAM Train=79.731 MB  Peak RAM Test=251.452 MB
2026-06-01 15:25:59 | INFO | [ncluster=166/166] AUC-ROC=71.72%  AUC-PR=52.51%  F1=0.5983  MCC=0.3275  Train=9.414s  Test=15.915s  Peak RAM Train=79.735 MB  Peak RAM Test=255.892 MB
2026-06-01 15:25:59 | INFO | [ncluster=169/169] AUC-ROC=73.82%  AUC-PR=55.46%  F1=0.6100  MCC=0.3494  Train=9.117s  Test=12.838s  Peak RAM Train=79.732 MB  Peak RAM Test=260.332 MB
2026-06-01 15:25:59 | INFO | [ncluster=172/172] AUC-ROC=77.95%  AUC-PR=61.79%  F1=0.6335  MCC=0.4434  Train=10.960s  Test=16.340s  Peak RAM Train=79.729 MB  Peak RAM Test=264.772 MB
2026-06-01 15:25:59 | INFO | [ncluster=175/175] AUC-ROC=72.70%  AUC-PR=53.92%  F1=0.5732  MCC=0.3432  Train=7.797s  Test=15.316s  Peak RAM Train=79.735 MB  Peak RAM Test=269.212 MB
2026-06-01 15:25:59 | INFO | [ncluster=178/178] AUC-ROC=73.15%  AUC-PR=54.79%  F1=0.6105  MCC=0.3506  Train=8.200s  Test=18.349s  Peak RAM Train=79.735 MB  Peak RAM Test=273.652 MB
2026-06-01 15:25:59 | INFO | [ncluster=181/181] AUC-ROC=75.16%  AUC-PR=59.51%  F1=0.6037  MCC=0.3957  Train=6.661s  Test=21.350s  Peak RAM Train=79.74 MB  Peak RAM Test=278.092 MB
2026-06-01 15:25:59 | INFO | [ncluster=184/184] AUC-ROC=74.26%  AUC-PR=57.05%  F1=0.5918  MCC=0.3760  Train=9.275s  Test=25.855s  Peak RAM Train=79.737 MB  Peak RAM Test=282.532 MB
2026-06-01 15:25:59 | INFO | [ncluster=187/187] AUC-ROC=73.47%  AUC-PR=55.73%  F1=0.6030  MCC=0.3367  Train=8.135s  Test=18.950s  Peak RAM Train=79.737 MB  Peak RAM Test=286.972 MB
2026-06-01 15:25:59 | INFO | [ncluster=190/190] AUC-ROC=74.37%  AUC-PR=56.68%  F1=0.5881  MCC=0.3571  Train=8.382s  Test=21.167s  Peak RAM Train=79.742 MB  Peak RAM Test=291.412 MB
2026-06-01 15:25:59 | INFO | [ncluster=193/193] AUC-ROC=72.76%  AUC-PR=52.49%  F1=0.6045  MCC=0.3393  Train=6.791s  Test=24.090s  Peak RAM Train=79.739 MB  Peak RAM Test=295.852 MB
2026-06-01 15:25:59 | INFO | [ncluster=196/196] AUC-ROC=70.99%  AUC-PR=50.20%  F1=0.6083  MCC=0.3460  Train=13.111s  Test=30.283s  Peak RAM Train=79.743 MB  Peak RAM Test=300.292 MB
2026-06-01 15:25:59 | INFO | [ncluster=199/199] AUC-ROC=74.58%  AUC-PR=56.17%  F1=0.6091  MCC=0.3476  Train=13.038s  Test=27.809s  Peak RAM Train=79.745 MB  Peak RAM Test=304.732 MB
2026-06-01 15:25:59 | INFO | [ncluster=202/202] AUC-ROC=74.39%  AUC-PR=56.09%  F1=0.6185  MCC=0.3674  Train=14.329s  Test=37.325s  Peak RAM Train=79.743 MB  Peak RAM Test=309.172 MB
2026-06-01 15:25:59 | INFO | [ncluster=205/205] AUC-ROC=73.87%  AUC-PR=55.02%  F1=0.6100  MCC=0.3499  Train=13.453s  Test=35.641s  Peak RAM Train=79.744 MB  Peak RAM Test=313.612 MB
2026-06-01 15:25:59 | INFO | [ncluster=208/208] AUC-ROC=73.60%  AUC-PR=55.27%  F1=0.6106  MCC=0.3513  Train=12.567s  Test=27.471s  Peak RAM Train=79.745 MB  Peak RAM Test=318.052 MB
2026-06-01 15:25:59 | INFO | [ncluster=211/211] AUC-ROC=73.85%  AUC-PR=53.38%  F1=0.6183  MCC=0.3663  Train=13.476s  Test=39.425s  Peak RAM Train=79.75 MB  Peak RAM Test=322.492 MB
2026-06-01 15:25:59 | INFO | [ncluster=214/214] AUC-ROC=78.51%  AUC-PR=65.31%  F1=0.6416  MCC=0.4585  Train=13.523s  Test=28.921s  Peak RAM Train=79.747 MB  Peak RAM Test=326.932 MB
2026-06-01 15:25:59 | INFO | [ncluster=217/217] AUC-ROC=76.21%  AUC-PR=60.33%  F1=0.6166  MCC=0.4103  Train=15.791s  Test=32.110s  Peak RAM Train=79.75 MB  Peak RAM Test=331.372 MB
2026-06-01 15:25:59 | INFO | [ncluster=220/220] AUC-ROC=71.75%  AUC-PR=50.90%  F1=0.6057  MCC=0.3416  Train=14.994s  Test=25.631s  Peak RAM Train=79.753 MB  Peak RAM Test=335.812 MB
2026-06-01 15:25:59 | INFO | [ncluster=223/223] AUC-ROC=74.55%  AUC-PR=56.67%  F1=0.5783  MCC=0.3546  Train=10.375s  Test=28.203s  Peak RAM Train=79.752 MB  Peak RAM Test=340.252 MB
2026-06-01 15:25:59 | INFO | [ncluster=226/226] AUC-ROC=74.40%  AUC-PR=55.91%  F1=0.6233  MCC=0.3767  Train=15.643s  Test=27.837s  Peak RAM Train=79.753 MB  Peak RAM Test=344.692 MB
2026-06-01 15:25:59 | INFO | [ncluster=229/229] AUC-ROC=75.37%  AUC-PR=59.59%  F1=0.6115  MCC=0.3544  Train=11.985s  Test=21.974s  Peak RAM Train=79.752 MB  Peak RAM Test=349.132 MB
2026-06-01 15:25:59 | INFO | [ncluster=232/232] AUC-ROC=74.92%  AUC-PR=55.34%  F1=0.6115  MCC=0.3548  Train=14.610s  Test=25.401s  Peak RAM Train=79.755 MB  Peak RAM Test=353.572 MB
2026-06-01 15:25:59 | INFO | [ncluster=235/235] AUC-ROC=77.32%  AUC-PR=61.46%  F1=0.6166  MCC=0.4204  Train=5.844s  Test=26.130s  Peak RAM Train=79.758 MB  Peak RAM Test=358.012 MB
2026-06-01 15:25:59 | INFO | [ncluster=238/238] AUC-ROC=72.64%  AUC-PR=53.05%  F1=0.6227  MCC=0.3754  Train=13.646s  Test=34.423s  Peak RAM Train=79.756 MB  Peak RAM Test=362.452 MB
2026-06-01 15:25:59 | INFO | [ncluster=241/241] AUC-ROC=74.36%  AUC-PR=55.14%  F1=0.6135  MCC=0.3585  Train=9.637s  Test=28.208s  Peak RAM Train=79.76 MB  Peak RAM Test=366.892 MB
2026-06-01 15:25:59 | INFO | [ncluster=244/244] AUC-ROC=74.23%  AUC-PR=56.25%  F1=0.6099  MCC=0.3493  Train=10.950s  Test=26.053s  Peak RAM Train=79.764 MB  Peak RAM Test=371.332 MB
2026-06-01 15:25:59 | INFO | [ncluster=247/247] AUC-ROC=75.09%  AUC-PR=58.42%  F1=0.5870  MCC=0.3710  Train=10.939s  Test=22.623s  Peak RAM Train=79.757 MB  Peak RAM Test=375.772 MB
2026-06-01 15:25:59 | INFO | [ncluster=250/250] AUC-ROC=72.18%  AUC-PR=54.51%  F1=0.5998  MCC=0.3290  Train=11.755s  Test=29.625s  Peak RAM Train=79.765 MB  Peak RAM Test=380.212 MB
2026-06-01 15:25:59 | INFO | [ncluster=253/253] AUC-ROC=74.39%  AUC-PR=56.41%  F1=0.5793  MCC=0.3460  Train=9.744s  Test=33.346s  Peak RAM Train=79.771 MB  Peak RAM Test=384.652 MB
2026-06-01 15:25:59 | INFO | [ncluster=256/256] AUC-ROC=73.66%  AUC-PR=55.36%  F1=0.5991  MCC=0.3273  Train=8.473s  Test=31.993s  Peak RAM Train=79.762 MB  Peak RAM Test=389.092 MB
2026-06-01 15:25:59 | INFO | [ncluster=259/259] AUC-ROC=69.64%  AUC-PR=47.65%  F1=0.5914  MCC=0.3109  Train=6.879s  Test=21.042s  Peak RAM Train=79.765 MB  Peak RAM Test=393.532 MB
2026-06-01 15:25:59 | INFO | [ncluster=262/262] AUC-ROC=76.36%  AUC-PR=59.82%  F1=0.6063  MCC=0.3810  Train=5.137s  Test=28.687s  Peak RAM Train=79.769 MB  Peak RAM Test=397.972 MB
2026-06-01 15:25:59 | INFO | [ncluster=265/265] AUC-ROC=74.59%  AUC-PR=54.55%  F1=0.6249  MCC=0.3798  Train=8.313s  Test=20.982s  Peak RAM Train=79.771 MB  Peak RAM Test=402.412 MB
2026-06-01 15:25:59 | INFO | [ncluster=268/268] AUC-ROC=75.35%  AUC-PR=60.25%  F1=0.5819  MCC=0.3812  Train=5.865s  Test=25.201s  Peak RAM Train=79.764 MB  Peak RAM Test=406.852 MB
2026-06-01 15:25:59 | INFO | [ncluster=271/271] AUC-ROC=72.13%  AUC-PR=52.92%  F1=0.5941  MCC=0.3179  Train=7.507s  Test=31.490s  Peak RAM Train=79.767 MB  Peak RAM Test=411.292 MB
2026-06-01 15:25:59 | INFO | [ncluster=274/274] AUC-ROC=71.84%  AUC-PR=52.33%  F1=0.6023  MCC=0.3349  Train=10.093s  Test=23.469s  Peak RAM Train=79.772 MB  Peak RAM Test=415.732 MB
2026-06-01 15:25:59 | INFO | [ncluster=277/277] AUC-ROC=73.74%  AUC-PR=59.01%  F1=0.5997  MCC=0.3280  Train=7.116s  Test=27.065s  Peak RAM Train=79.772 MB  Peak RAM Test=420.172 MB
2026-06-01 15:25:59 | INFO | [ncluster=280/280] AUC-ROC=75.26%  AUC-PR=58.57%  F1=0.5851  MCC=0.3856  Train=11.672s  Test=26.774s  Peak RAM Train=79.776 MB  Peak RAM Test=424.612 MB
2026-06-01 15:25:59 | INFO | [ncluster=283/283] AUC-ROC=73.46%  AUC-PR=55.59%  F1=0.5991  MCC=0.3271  Train=10.356s  Test=23.163s  Peak RAM Train=79.778 MB  Peak RAM Test=429.052 MB
2026-06-01 15:25:59 | INFO | [ncluster=286/286] AUC-ROC=74.97%  AUC-PR=59.70%  F1=0.5837  MCC=0.3604  Train=8.461s  Test=26.694s  Peak RAM Train=79.778 MB  Peak RAM Test=433.492 MB
2026-06-01 15:25:59 | INFO | [ncluster=289/289] AUC-ROC=68.24%  AUC-PR=47.02%  F1=0.5929  MCC=0.3153  Train=7.246s  Test=25.158s  Peak RAM Train=79.779 MB  Peak RAM Test=437.932 MB
2026-06-01 15:25:59 | INFO | [ncluster=292/292] AUC-ROC=74.38%  AUC-PR=58.67%  F1=0.5516  MCC=0.3872  Train=7.498s  Test=22.844s  Peak RAM Train=79.78 MB  Peak RAM Test=442.372 MB
2026-06-01 15:25:59 | INFO | [ncluster=295/295] AUC-ROC=73.67%  AUC-PR=56.85%  F1=0.5688  MCC=0.3481  Train=8.791s  Test=22.275s  Peak RAM Train=79.778 MB  Peak RAM Test=446.812 MB
2026-06-01 15:25:59 | INFO | [ncluster=298/298] AUC-ROC=72.24%  AUC-PR=53.25%  F1=0.5992  MCC=0.3269  Train=6.994s  Test=25.309s  Peak RAM Train=79.778 MB  Peak RAM Test=451.252 MB
2026-06-01 15:25:59 | INFO | --- noise=3% ---
2026-06-01 15:25:59 | INFO | ============================================================
2026-06-01 15:25:59 | INFO | Dataset  : Train_RobustScaler_data_IoTID20.csv
2026-06-01 15:25:59 | INFO | Scaler   : RobustScaler
2026-06-01 15:25:59 | INFO | Noise    : 3%
2026-06-01 15:25:59 | INFO | nClusters: 100 values (1..298)
2026-06-01 15:25:59 | INFO | K-Means  : Standard KMeans
2026-06-01 15:25:59 | INFO | ============================================================
2026-06-01 15:26:01 | INFO | Loaded Raw Shape -> Train: (30878, 92), Test: (22720, 92)
2026-06-01 15:26:02 | INFO | Training size : 31,804  |  Testing size: 21,794  |  Features: 91
2026-06-01 15:26:02 | INFO | Firing up Parallel execution for 100 cluster configs...
2026-06-01 16:24:40 | INFO | [ncluster=1/1] AUC-ROC=85.18%  AUC-PR=80.21%  F1=0.6691  MCC=0.4738  Train=16.682s  Test=0.411s  Peak RAM Train=81.241 MB  Peak RAM Test=29.445 MB
2026-06-01 16:24:40 | INFO | [ncluster=4/4] AUC-ROC=49.64%  AUC-PR=34.21%  F1=0.4860  MCC=0.0333  Train=15.886s  Test=0.983s  Peak RAM Train=81.249 MB  Peak RAM Test=26.159 MB
2026-06-01 16:24:40 | INFO | [ncluster=7/7] AUC-ROC=65.33%  AUC-PR=43.35%  F1=0.5777  MCC=0.2672  Train=17.908s  Test=2.019s  Peak RAM Train=81.244 MB  Peak RAM Test=25.672 MB
2026-06-01 16:24:40 | INFO | [ncluster=10/10] AUC-ROC=67.16%  AUC-PR=45.95%  F1=0.5831  MCC=0.2907  Train=12.683s  Test=2.170s  Peak RAM Train=81.25 MB  Peak RAM Test=25.693 MB
2026-06-01 16:24:40 | INFO | [ncluster=13/13] AUC-ROC=66.93%  AUC-PR=47.27%  F1=0.5904  MCC=0.2894  Train=15.484s  Test=2.592s  Peak RAM Train=81.252 MB  Peak RAM Test=29.452 MB
2026-06-01 16:24:40 | INFO | [ncluster=16/16] AUC-ROC=65.47%  AUC-PR=45.88%  F1=0.5897  MCC=0.2883  Train=13.222s  Test=3.356s  Peak RAM Train=81.252 MB  Peak RAM Test=33.892 MB
2026-06-01 16:24:40 | INFO | [ncluster=19/19] AUC-ROC=65.50%  AUC-PR=44.52%  F1=0.5888  MCC=0.2939  Train=13.130s  Test=3.739s  Peak RAM Train=81.253 MB  Peak RAM Test=38.332 MB
2026-06-01 16:24:40 | INFO | [ncluster=22/22] AUC-ROC=65.30%  AUC-PR=44.71%  F1=0.5793  MCC=0.2681  Train=7.549s  Test=1.639s  Peak RAM Train=81.258 MB  Peak RAM Test=42.772 MB
2026-06-01 16:24:40 | INFO | [ncluster=25/25] AUC-ROC=65.22%  AUC-PR=45.44%  F1=0.5845  MCC=0.2755  Train=15.952s  Test=5.237s  Peak RAM Train=81.257 MB  Peak RAM Test=47.212 MB
2026-06-01 16:24:40 | INFO | [ncluster=28/28] AUC-ROC=65.87%  AUC-PR=45.26%  F1=0.5757  MCC=0.2654  Train=16.271s  Test=4.272s  Peak RAM Train=81.254 MB  Peak RAM Test=51.652 MB
2026-06-01 16:24:40 | INFO | [ncluster=31/31] AUC-ROC=66.59%  AUC-PR=47.22%  F1=0.4886  MCC=0.3095  Train=11.196s  Test=5.255s  Peak RAM Train=81.257 MB  Peak RAM Test=56.092 MB
2026-06-01 16:24:40 | INFO | [ncluster=34/34] AUC-ROC=68.65%  AUC-PR=49.44%  F1=0.5834  MCC=0.2764  Train=16.093s  Test=5.800s  Peak RAM Train=81.262 MB  Peak RAM Test=60.532 MB
2026-06-01 16:24:40 | INFO | [ncluster=37/37] AUC-ROC=66.78%  AUC-PR=45.91%  F1=0.5774  MCC=0.2640  Train=14.699s  Test=6.986s  Peak RAM Train=81.26 MB  Peak RAM Test=64.972 MB
2026-06-01 16:24:40 | INFO | [ncluster=40/40] AUC-ROC=66.33%  AUC-PR=46.40%  F1=0.5777  MCC=0.2620  Train=14.421s  Test=8.132s  Peak RAM Train=81.26 MB  Peak RAM Test=69.412 MB
2026-06-01 16:24:40 | INFO | [ncluster=43/43] AUC-ROC=67.01%  AUC-PR=47.38%  F1=0.5850  MCC=0.2785  Train=15.014s  Test=7.145s  Peak RAM Train=81.265 MB  Peak RAM Test=73.852 MB
2026-06-01 16:24:40 | INFO | [ncluster=46/46] AUC-ROC=68.40%  AUC-PR=47.95%  F1=0.5101  MCC=0.3021  Train=16.923s  Test=7.437s  Peak RAM Train=81.266 MB  Peak RAM Test=78.292 MB
2026-06-01 16:24:40 | INFO | [ncluster=49/49] AUC-ROC=66.74%  AUC-PR=46.44%  F1=0.5869  MCC=0.2825  Train=14.837s  Test=9.293s  Peak RAM Train=81.261 MB  Peak RAM Test=82.732 MB
2026-06-01 16:24:40 | INFO | [ncluster=52/52] AUC-ROC=66.22%  AUC-PR=45.54%  F1=0.5856  MCC=0.2816  Train=17.936s  Test=10.326s  Peak RAM Train=81.269 MB  Peak RAM Test=87.172 MB
2026-06-01 16:24:40 | INFO | [ncluster=55/55] AUC-ROC=67.31%  AUC-PR=46.31%  F1=0.5865  MCC=0.2828  Train=17.069s  Test=6.222s  Peak RAM Train=81.269 MB  Peak RAM Test=91.612 MB
2026-06-01 16:24:40 | INFO | [ncluster=58/58] AUC-ROC=67.25%  AUC-PR=46.89%  F1=0.5895  MCC=0.2923  Train=14.753s  Test=9.145s  Peak RAM Train=81.271 MB  Peak RAM Test=96.052 MB
2026-06-01 16:24:40 | INFO | [ncluster=61/61] AUC-ROC=68.30%  AUC-PR=48.00%  F1=0.5939  MCC=0.3020  Train=15.725s  Test=10.041s  Peak RAM Train=81.266 MB  Peak RAM Test=100.492 MB
2026-06-01 16:24:40 | INFO | [ncluster=64/64] AUC-ROC=68.48%  AUC-PR=47.89%  F1=0.5943  MCC=0.3021  Train=13.907s  Test=10.248s  Peak RAM Train=81.267 MB  Peak RAM Test=104.932 MB
2026-06-01 16:24:40 | INFO | [ncluster=67/67] AUC-ROC=67.73%  AUC-PR=47.21%  F1=0.5903  MCC=0.2929  Train=14.914s  Test=10.994s  Peak RAM Train=81.273 MB  Peak RAM Test=109.372 MB
2026-06-01 16:24:40 | INFO | [ncluster=70/70] AUC-ROC=67.98%  AUC-PR=48.18%  F1=0.5754  MCC=0.2703  Train=14.886s  Test=11.097s  Peak RAM Train=81.268 MB  Peak RAM Test=113.812 MB
2026-06-01 16:24:40 | INFO | [ncluster=73/73] AUC-ROC=68.89%  AUC-PR=48.84%  F1=0.5957  MCC=0.3058  Train=10.340s  Test=11.061s  Peak RAM Train=81.276 MB  Peak RAM Test=118.252 MB
2026-06-01 16:24:40 | INFO | [ncluster=76/76] AUC-ROC=69.08%  AUC-PR=49.16%  F1=0.6025  MCC=0.3183  Train=16.120s  Test=13.181s  Peak RAM Train=81.276 MB  Peak RAM Test=122.692 MB
2026-06-01 16:24:40 | INFO | [ncluster=79/79] AUC-ROC=66.13%  AUC-PR=45.48%  F1=0.5840  MCC=0.2836  Train=17.306s  Test=13.093s  Peak RAM Train=81.277 MB  Peak RAM Test=127.132 MB
2026-06-01 16:24:40 | INFO | [ncluster=82/82] AUC-ROC=65.47%  AUC-PR=45.03%  F1=0.5858  MCC=0.2869  Train=17.823s  Test=14.906s  Peak RAM Train=81.279 MB  Peak RAM Test=131.572 MB
2026-06-01 16:24:40 | INFO | [ncluster=85/85] AUC-ROC=67.33%  AUC-PR=46.10%  F1=0.6054  MCC=0.3254  Train=18.647s  Test=19.239s  Peak RAM Train=81.279 MB  Peak RAM Test=136.012 MB
2026-06-01 16:24:40 | INFO | [ncluster=88/88] AUC-ROC=67.77%  AUC-PR=47.56%  F1=0.6043  MCC=0.3230  Train=15.780s  Test=19.943s  Peak RAM Train=81.281 MB  Peak RAM Test=140.452 MB
2026-06-01 16:24:40 | INFO | [ncluster=91/91] AUC-ROC=69.40%  AUC-PR=51.00%  F1=0.5953  MCC=0.3031  Train=16.526s  Test=16.178s  Peak RAM Train=81.284 MB  Peak RAM Test=144.892 MB
2026-06-01 16:24:40 | INFO | [ncluster=94/94] AUC-ROC=66.73%  AUC-PR=45.76%  F1=0.6007  MCC=0.3170  Train=15.073s  Test=12.502s  Peak RAM Train=81.282 MB  Peak RAM Test=149.332 MB
2026-06-01 16:24:40 | INFO | [ncluster=97/97] AUC-ROC=68.20%  AUC-PR=48.15%  F1=0.5753  MCC=0.2689  Train=16.004s  Test=18.598s  Peak RAM Train=81.283 MB  Peak RAM Test=153.772 MB
2026-06-01 16:24:40 | INFO | [ncluster=100/100] AUC-ROC=69.50%  AUC-PR=49.57%  F1=0.5960  MCC=0.3107  Train=16.569s  Test=14.991s  Peak RAM Train=81.285 MB  Peak RAM Test=158.212 MB
2026-06-01 16:24:40 | INFO | [ncluster=103/103] AUC-ROC=67.31%  AUC-PR=45.45%  F1=0.5897  MCC=0.2953  Train=18.490s  Test=17.832s  Peak RAM Train=81.282 MB  Peak RAM Test=162.652 MB
2026-06-01 16:24:40 | INFO | [ncluster=106/106] AUC-ROC=62.35%  AUC-PR=40.18%  F1=0.5775  MCC=0.2631  Train=18.543s  Test=20.537s  Peak RAM Train=81.287 MB  Peak RAM Test=167.092 MB
2026-06-01 16:24:40 | INFO | [ncluster=109/109] AUC-ROC=66.77%  AUC-PR=44.72%  F1=0.6033  MCC=0.3190  Train=17.794s  Test=20.295s  Peak RAM Train=81.295 MB  Peak RAM Test=171.532 MB
2026-06-01 16:24:40 | INFO | [ncluster=112/112] AUC-ROC=66.64%  AUC-PR=45.35%  F1=0.5861  MCC=0.2935  Train=15.324s  Test=13.638s  Peak RAM Train=81.291 MB  Peak RAM Test=175.972 MB
2026-06-01 16:24:40 | INFO | [ncluster=115/115] AUC-ROC=67.98%  AUC-PR=47.95%  F1=0.6038  MCC=0.3249  Train=12.344s  Test=21.841s  Peak RAM Train=81.291 MB  Peak RAM Test=180.412 MB
2026-06-01 16:24:40 | INFO | [ncluster=118/118] AUC-ROC=62.77%  AUC-PR=40.66%  F1=0.5836  MCC=0.2853  Train=17.940s  Test=18.779s  Peak RAM Train=81.291 MB  Peak RAM Test=184.852 MB
2026-06-01 16:24:40 | INFO | [ncluster=121/121] AUC-ROC=67.49%  AUC-PR=45.40%  F1=0.6047  MCC=0.3261  Train=16.289s  Test=18.450s  Peak RAM Train=81.296 MB  Peak RAM Test=189.292 MB
2026-06-01 16:24:40 | INFO | [ncluster=124/124] AUC-ROC=66.19%  AUC-PR=43.52%  F1=0.6051  MCC=0.3252  Train=17.028s  Test=23.181s  Peak RAM Train=81.293 MB  Peak RAM Test=193.732 MB
2026-06-01 16:24:40 | INFO | [ncluster=127/127] AUC-ROC=63.81%  AUC-PR=41.44%  F1=0.5901  MCC=0.2895  Train=17.774s  Test=23.702s  Peak RAM Train=81.293 MB  Peak RAM Test=198.172 MB
2026-06-01 16:24:40 | INFO | [ncluster=130/130] AUC-ROC=66.79%  AUC-PR=46.22%  F1=0.5875  MCC=0.2924  Train=16.365s  Test=21.732s  Peak RAM Train=81.296 MB  Peak RAM Test=202.612 MB
2026-06-01 16:24:40 | INFO | [ncluster=133/133] AUC-ROC=66.73%  AUC-PR=45.65%  F1=0.5931  MCC=0.2988  Train=15.588s  Test=19.320s  Peak RAM Train=81.299 MB  Peak RAM Test=207.052 MB
2026-06-01 16:24:40 | INFO | [ncluster=136/136] AUC-ROC=63.78%  AUC-PR=41.55%  F1=0.5899  MCC=0.2907  Train=14.696s  Test=25.197s  Peak RAM Train=81.299 MB  Peak RAM Test=211.492 MB
2026-06-01 16:24:40 | INFO | [ncluster=139/139] AUC-ROC=66.46%  AUC-PR=45.05%  F1=0.5863  MCC=0.2846  Train=13.321s  Test=16.545s  Peak RAM Train=81.293 MB  Peak RAM Test=215.932 MB
2026-06-01 16:24:40 | INFO | [ncluster=142/142] AUC-ROC=63.69%  AUC-PR=41.97%  F1=0.5817  MCC=0.2778  Train=15.552s  Test=16.713s  Peak RAM Train=81.298 MB  Peak RAM Test=220.372 MB
2026-06-01 16:24:40 | INFO | [ncluster=145/145] AUC-ROC=66.38%  AUC-PR=47.10%  F1=0.5729  MCC=0.2641  Train=17.330s  Test=19.806s  Peak RAM Train=81.299 MB  Peak RAM Test=224.812 MB
2026-06-01 16:24:40 | INFO | [ncluster=148/148] AUC-ROC=63.02%  AUC-PR=40.25%  F1=0.5947  MCC=0.3005  Train=14.984s  Test=24.419s  Peak RAM Train=81.303 MB  Peak RAM Test=229.252 MB
2026-06-01 16:24:40 | INFO | [ncluster=151/151] AUC-ROC=62.49%  AUC-PR=40.08%  F1=0.5872  MCC=0.2886  Train=15.686s  Test=23.415s  Peak RAM Train=81.302 MB  Peak RAM Test=233.692 MB
2026-06-01 16:24:40 | INFO | [ncluster=154/154] AUC-ROC=62.85%  AUC-PR=40.14%  F1=0.5960  MCC=0.3033  Train=13.038s  Test=24.798s  Peak RAM Train=81.305 MB  Peak RAM Test=238.132 MB
2026-06-01 16:24:40 | INFO | [ncluster=157/157] AUC-ROC=64.54%  AUC-PR=43.44%  F1=0.5831  MCC=0.2779  Train=15.535s  Test=25.542s  Peak RAM Train=81.306 MB  Peak RAM Test=242.572 MB
2026-06-01 16:24:40 | INFO | [ncluster=160/160] AUC-ROC=64.08%  AUC-PR=41.63%  F1=0.5877  MCC=0.2891  Train=16.091s  Test=23.250s  Peak RAM Train=81.302 MB  Peak RAM Test=247.012 MB
2026-06-01 16:24:40 | INFO | [ncluster=163/163] AUC-ROC=63.68%  AUC-PR=41.34%  F1=0.5984  MCC=0.3084  Train=13.775s  Test=19.181s  Peak RAM Train=81.304 MB  Peak RAM Test=251.452 MB
2026-06-01 16:24:40 | INFO | [ncluster=166/166] AUC-ROC=65.48%  AUC-PR=43.43%  F1=0.5914  MCC=0.2952  Train=12.517s  Test=29.139s  Peak RAM Train=81.303 MB  Peak RAM Test=255.892 MB
2026-06-01 16:24:40 | INFO | [ncluster=169/169] AUC-ROC=64.91%  AUC-PR=43.00%  F1=0.5894  MCC=0.2893  Train=12.811s  Test=20.366s  Peak RAM Train=81.31 MB  Peak RAM Test=260.332 MB
2026-06-01 16:24:40 | INFO | [ncluster=172/172] AUC-ROC=64.03%  AUC-PR=41.75%  F1=0.5979  MCC=0.3091  Train=16.435s  Test=20.938s  Peak RAM Train=81.316 MB  Peak RAM Test=264.772 MB
2026-06-01 16:24:40 | INFO | [ncluster=175/175] AUC-ROC=65.55%  AUC-PR=44.67%  F1=0.5916  MCC=0.2973  Train=14.662s  Test=25.098s  Peak RAM Train=81.315 MB  Peak RAM Test=269.212 MB
2026-06-01 16:24:40 | INFO | [ncluster=178/178] AUC-ROC=64.63%  AUC-PR=42.40%  F1=0.5907  MCC=0.2935  Train=12.955s  Test=26.684s  Peak RAM Train=81.31 MB  Peak RAM Test=273.652 MB
2026-06-01 16:24:40 | INFO | [ncluster=181/181] AUC-ROC=65.26%  AUC-PR=43.15%  F1=0.5946  MCC=0.3031  Train=15.177s  Test=28.391s  Peak RAM Train=81.316 MB  Peak RAM Test=278.092 MB
2026-06-01 16:24:40 | INFO | [ncluster=184/184] AUC-ROC=65.26%  AUC-PR=43.60%  F1=0.5878  MCC=0.2856  Train=10.054s  Test=25.055s  Peak RAM Train=81.316 MB  Peak RAM Test=282.532 MB
2026-06-01 16:24:40 | INFO | [ncluster=187/187] AUC-ROC=65.35%  AUC-PR=43.92%  F1=0.5890  MCC=0.2891  Train=14.201s  Test=24.131s  Peak RAM Train=81.316 MB  Peak RAM Test=286.972 MB
2026-06-01 16:24:40 | INFO | [ncluster=190/190] AUC-ROC=65.28%  AUC-PR=44.48%  F1=0.5923  MCC=0.3003  Train=14.774s  Test=23.744s  Peak RAM Train=81.317 MB  Peak RAM Test=291.412 MB
2026-06-01 16:24:40 | INFO | [ncluster=193/193] AUC-ROC=65.48%  AUC-PR=44.02%  F1=0.5936  MCC=0.3011  Train=10.951s  Test=25.850s  Peak RAM Train=81.318 MB  Peak RAM Test=295.852 MB
2026-06-01 16:24:40 | INFO | [ncluster=196/196] AUC-ROC=64.11%  AUC-PR=41.44%  F1=0.6021  MCC=0.3175  Train=11.397s  Test=27.025s  Peak RAM Train=81.316 MB  Peak RAM Test=300.292 MB
2026-06-01 16:24:40 | INFO | [ncluster=199/199] AUC-ROC=65.97%  AUC-PR=44.66%  F1=0.5895  MCC=0.2908  Train=10.926s  Test=23.589s  Peak RAM Train=81.317 MB  Peak RAM Test=304.732 MB
2026-06-01 16:24:40 | INFO | [ncluster=202/202] AUC-ROC=66.87%  AUC-PR=45.75%  F1=0.5742  MCC=0.2833  Train=12.576s  Test=23.916s  Peak RAM Train=81.317 MB  Peak RAM Test=309.172 MB
2026-06-01 16:24:40 | INFO | [ncluster=205/205] AUC-ROC=67.53%  AUC-PR=46.92%  F1=0.5910  MCC=0.2950  Train=13.083s  Test=26.030s  Peak RAM Train=81.325 MB  Peak RAM Test=313.612 MB
2026-06-01 16:24:40 | INFO | [ncluster=208/208] AUC-ROC=63.67%  AUC-PR=41.84%  F1=0.5668  MCC=0.2729  Train=12.513s  Test=27.303s  Peak RAM Train=81.326 MB  Peak RAM Test=318.052 MB
2026-06-01 16:24:40 | INFO | [ncluster=211/211] AUC-ROC=67.40%  AUC-PR=46.77%  F1=0.5764  MCC=0.2788  Train=10.510s  Test=28.613s  Peak RAM Train=81.324 MB  Peak RAM Test=322.492 MB
2026-06-01 16:24:40 | INFO | [ncluster=214/214] AUC-ROC=67.01%  AUC-PR=46.81%  F1=0.5786  MCC=0.2825  Train=8.324s  Test=26.242s  Peak RAM Train=81.325 MB  Peak RAM Test=326.932 MB
2026-06-01 16:24:40 | INFO | [ncluster=217/217] AUC-ROC=67.02%  AUC-PR=45.82%  F1=0.6054  MCC=0.3252  Train=9.308s  Test=21.096s  Peak RAM Train=81.327 MB  Peak RAM Test=331.372 MB
2026-06-01 16:24:40 | INFO | [ncluster=220/220] AUC-ROC=67.03%  AUC-PR=46.72%  F1=0.5854  MCC=0.2786  Train=11.247s  Test=21.027s  Peak RAM Train=81.325 MB  Peak RAM Test=335.812 MB
2026-06-01 16:24:40 | INFO | [ncluster=223/223] AUC-ROC=66.76%  AUC-PR=46.43%  F1=0.5911  MCC=0.2959  Train=11.057s  Test=15.482s  Peak RAM Train=81.331 MB  Peak RAM Test=340.252 MB
2026-06-01 16:24:40 | INFO | [ncluster=226/226] AUC-ROC=65.10%  AUC-PR=43.64%  F1=0.5913  MCC=0.2949  Train=12.447s  Test=22.019s  Peak RAM Train=81.327 MB  Peak RAM Test=344.692 MB
2026-06-01 16:24:40 | INFO | [ncluster=229/229] AUC-ROC=67.43%  AUC-PR=46.63%  F1=0.5835  MCC=0.2818  Train=9.398s  Test=19.002s  Peak RAM Train=81.333 MB  Peak RAM Test=349.132 MB
2026-06-01 16:24:40 | INFO | [ncluster=232/232] AUC-ROC=66.42%  AUC-PR=46.34%  F1=0.5825  MCC=0.2813  Train=11.332s  Test=20.006s  Peak RAM Train=81.334 MB  Peak RAM Test=353.572 MB
2026-06-01 16:24:40 | INFO | [ncluster=235/235] AUC-ROC=64.81%  AUC-PR=43.34%  F1=0.5868  MCC=0.2895  Train=7.645s  Test=16.087s  Peak RAM Train=81.334 MB  Peak RAM Test=358.012 MB
2026-06-01 16:24:40 | INFO | [ncluster=238/238] AUC-ROC=66.41%  AUC-PR=45.40%  F1=0.6034  MCC=0.3221  Train=11.050s  Test=21.765s  Peak RAM Train=81.334 MB  Peak RAM Test=362.452 MB
2026-06-01 16:24:40 | INFO | [ncluster=241/241] AUC-ROC=66.24%  AUC-PR=45.13%  F1=0.5777  MCC=0.2773  Train=5.605s  Test=18.367s  Peak RAM Train=81.331 MB  Peak RAM Test=366.892 MB
2026-06-01 16:24:40 | INFO | [ncluster=244/244] AUC-ROC=69.06%  AUC-PR=50.41%  F1=0.5810  MCC=0.2826  Train=5.911s  Test=17.299s  Peak RAM Train=81.336 MB  Peak RAM Test=371.332 MB
2026-06-01 16:24:40 | INFO | [ncluster=247/247] AUC-ROC=67.97%  AUC-PR=48.88%  F1=0.5887  MCC=0.2905  Train=7.103s  Test=16.040s  Peak RAM Train=81.337 MB  Peak RAM Test=375.772 MB
2026-06-01 16:24:40 | INFO | [ncluster=250/250] AUC-ROC=66.24%  AUC-PR=45.28%  F1=0.5787  MCC=0.2681  Train=6.347s  Test=17.361s  Peak RAM Train=81.341 MB  Peak RAM Test=380.212 MB
2026-06-01 16:24:40 | INFO | [ncluster=253/253] AUC-ROC=68.10%  AUC-PR=48.29%  F1=0.5870  MCC=0.2976  Train=5.347s  Test=12.124s  Peak RAM Train=81.336 MB  Peak RAM Test=384.652 MB
2026-06-01 16:24:40 | INFO | [ncluster=256/256] AUC-ROC=68.43%  AUC-PR=48.44%  F1=0.5865  MCC=0.2850  Train=5.970s  Test=14.910s  Peak RAM Train=81.34 MB  Peak RAM Test=389.092 MB
2026-06-01 16:24:40 | INFO | [ncluster=259/259] AUC-ROC=67.47%  AUC-PR=46.69%  F1=0.5931  MCC=0.3120  Train=4.934s  Test=15.249s  Peak RAM Train=81.342 MB  Peak RAM Test=393.532 MB
2026-06-01 16:24:40 | INFO | [ncluster=262/262] AUC-ROC=69.38%  AUC-PR=50.80%  F1=0.5956  MCC=0.3046  Train=4.817s  Test=13.296s  Peak RAM Train=81.341 MB  Peak RAM Test=397.972 MB
2026-06-01 16:24:40 | INFO | [ncluster=265/265] AUC-ROC=66.71%  AUC-PR=46.32%  F1=0.5834  MCC=0.2797  Train=5.701s  Test=12.037s  Peak RAM Train=81.346 MB  Peak RAM Test=402.412 MB
2026-06-01 16:24:40 | INFO | [ncluster=268/268] AUC-ROC=66.48%  AUC-PR=45.71%  F1=0.5863  MCC=0.2800  Train=4.947s  Test=9.331s  Peak RAM Train=81.349 MB  Peak RAM Test=406.852 MB
2026-06-01 16:24:40 | INFO | [ncluster=271/271] AUC-ROC=68.03%  AUC-PR=48.16%  F1=0.5871  MCC=0.2817  Train=1.964s  Test=12.796s  Peak RAM Train=81.345 MB  Peak RAM Test=411.292 MB
2026-06-01 16:24:40 | INFO | [ncluster=274/274] AUC-ROC=68.82%  AUC-PR=49.33%  F1=0.6075  MCC=0.3298  Train=3.632s  Test=9.272s  Peak RAM Train=81.35 MB  Peak RAM Test=415.732 MB
2026-06-01 16:24:40 | INFO | [ncluster=277/277] AUC-ROC=66.45%  AUC-PR=46.22%  F1=0.5657  MCC=0.2630  Train=2.648s  Test=11.361s  Peak RAM Train=81.348 MB  Peak RAM Test=420.172 MB
2026-06-01 16:24:40 | INFO | [ncluster=280/280] AUC-ROC=67.35%  AUC-PR=47.19%  F1=0.5845  MCC=0.2939  Train=1.388s  Test=14.066s  Peak RAM Train=81.351 MB  Peak RAM Test=424.612 MB
2026-06-01 16:24:40 | INFO | [ncluster=283/283] AUC-ROC=68.24%  AUC-PR=48.01%  F1=0.5809  MCC=0.2841  Train=0.822s  Test=13.524s  Peak RAM Train=81.351 MB  Peak RAM Test=429.052 MB
2026-06-01 16:24:40 | INFO | [ncluster=286/286] AUC-ROC=66.68%  AUC-PR=46.68%  F1=0.5712  MCC=0.2589  Train=0.451s  Test=13.670s  Peak RAM Train=81.354 MB  Peak RAM Test=433.492 MB
2026-06-01 16:24:40 | INFO | [ncluster=289/289] AUC-ROC=67.34%  AUC-PR=47.79%  F1=0.5798  MCC=0.2767  Train=0.406s  Test=9.723s  Peak RAM Train=81.354 MB  Peak RAM Test=437.932 MB
2026-06-01 16:24:40 | INFO | [ncluster=292/292] AUC-ROC=67.53%  AUC-PR=48.06%  F1=0.5827  MCC=0.2834  Train=0.679s  Test=13.869s  Peak RAM Train=81.351 MB  Peak RAM Test=442.372 MB
2026-06-01 16:24:40 | INFO | [ncluster=295/295] AUC-ROC=65.47%  AUC-PR=44.04%  F1=0.5893  MCC=0.2914  Train=0.505s  Test=10.494s  Peak RAM Train=81.356 MB  Peak RAM Test=446.812 MB
2026-06-01 16:24:40 | INFO | [ncluster=298/298] AUC-ROC=70.14%  AUC-PR=51.54%  F1=0.5820  MCC=0.2942  Train=0.620s  Test=13.561s  Peak RAM Train=81.36 MB  Peak RAM Test=451.252 MB
2026-06-01 16:24:40 | INFO | --- noise=5% ---
2026-06-01 16:24:40 | INFO | ============================================================
2026-06-01 16:24:40 | INFO | Dataset  : Train_RobustScaler_data_IoTID20.csv
2026-06-01 16:24:40 | INFO | Scaler   : RobustScaler
2026-06-01 16:24:40 | INFO | Noise    : 5%
2026-06-01 16:24:40 | INFO | nClusters: 100 values (1..298)
2026-06-01 16:24:40 | INFO | K-Means  : Standard KMeans
2026-06-01 16:24:40 | INFO | ============================================================
2026-06-01 16:24:41 | INFO | Loaded Raw Shape -> Train: (30878, 92), Test: (22720, 92)
2026-06-01 16:24:41 | INFO | Training size : 32,421  |  Testing size: 21,177  |  Features: 91
2026-06-01 16:24:41 | INFO | Firing up Parallel execution for 100 cluster configs...
2026-06-01 16:31:25 | INFO | [ncluster=1/1] AUC-ROC=82.04%  AUC-PR=77.08%  F1=0.6313  MCC=0.4726  Train=6.094s  Test=0.157s  Peak RAM Train=82.816 MB  Peak RAM Test=28.442 MB
2026-06-01 16:31:25 | INFO | [ncluster=4/4] AUC-ROC=55.01%  AUC-PR=39.44%  F1=0.4847  MCC=0.0947  Train=7.293s  Test=0.324s  Peak RAM Train=82.818 MB  Peak RAM Test=26.372 MB
2026-06-01 16:31:25 | INFO | [ncluster=7/7] AUC-ROC=61.94%  AUC-PR=41.93%  F1=0.5809  MCC=0.2545  Train=8.254s  Test=0.839s  Peak RAM Train=82.823 MB  Peak RAM Test=26.118 MB
2026-06-01 16:31:25 | INFO | [ncluster=10/10] AUC-ROC=63.67%  AUC-PR=44.33%  F1=0.5691  MCC=0.2540  Train=5.435s  Test=0.626s  Peak RAM Train=82.823 MB  Peak RAM Test=26.123 MB
2026-06-01 16:31:25 | INFO | [ncluster=13/13] AUC-ROC=62.84%  AUC-PR=42.82%  F1=0.5888  MCC=0.2705  Train=9.141s  Test=1.773s  Peak RAM Train=82.831 MB  Peak RAM Test=30.18 MB
2026-06-01 16:31:25 | INFO | [ncluster=16/16] AUC-ROC=62.72%  AUC-PR=44.06%  F1=0.5739  MCC=0.2442  Train=8.569s  Test=1.593s  Peak RAM Train=82.822 MB  Peak RAM Test=34.62 MB
2026-06-01 16:31:25 | INFO | [ncluster=19/19] AUC-ROC=63.55%  AUC-PR=44.94%  F1=0.5873  MCC=0.2744  Train=8.703s  Test=2.091s  Peak RAM Train=82.829 MB  Peak RAM Test=39.06 MB
2026-06-01 16:31:25 | INFO | [ncluster=22/22] AUC-ROC=63.24%  AUC-PR=43.72%  F1=0.5870  MCC=0.2727  Train=7.202s  Test=1.629s  Peak RAM Train=82.829 MB  Peak RAM Test=43.5 MB
2026-06-01 16:31:25 | INFO | [ncluster=25/25] AUC-ROC=64.92%  AUC-PR=46.08%  F1=0.5863  MCC=0.2673  Train=8.950s  Test=2.747s  Peak RAM Train=82.832 MB  Peak RAM Test=47.94 MB
2026-06-01 16:31:25 | INFO | [ncluster=28/28] AUC-ROC=64.25%  AUC-PR=46.34%  F1=0.5708  MCC=0.2383  Train=9.750s  Test=2.899s  Peak RAM Train=82.832 MB  Peak RAM Test=52.38 MB
2026-06-01 16:31:25 | INFO | [ncluster=31/31] AUC-ROC=62.21%  AUC-PR=42.93%  F1=0.5762  MCC=0.2417  Train=8.485s  Test=2.611s  Peak RAM Train=82.831 MB  Peak RAM Test=56.82 MB
2026-06-01 16:31:25 | INFO | [ncluster=34/34] AUC-ROC=64.03%  AUC-PR=46.53%  F1=0.5821  MCC=0.2521  Train=8.168s  Test=2.274s  Peak RAM Train=82.831 MB  Peak RAM Test=61.26 MB
2026-06-01 16:31:25 | INFO | [ncluster=37/37] AUC-ROC=65.91%  AUC-PR=47.94%  F1=0.5835  MCC=0.2578  Train=8.071s  Test=4.292s  Peak RAM Train=82.836 MB  Peak RAM Test=65.7 MB
2026-06-01 16:31:25 | INFO | [ncluster=40/40] AUC-ROC=66.83%  AUC-PR=47.04%  F1=0.5766  MCC=0.2727  Train=6.550s  Test=3.323s  Peak RAM Train=82.84 MB  Peak RAM Test=70.14 MB
2026-06-01 16:31:25 | INFO | [ncluster=43/43] AUC-ROC=65.90%  AUC-PR=48.16%  F1=0.5686  MCC=0.2457  Train=9.906s  Test=4.851s  Peak RAM Train=82.841 MB  Peak RAM Test=74.58 MB
2026-06-01 16:31:25 | INFO | [ncluster=46/46] AUC-ROC=64.63%  AUC-PR=45.34%  F1=0.5744  MCC=0.2514  Train=8.802s  Test=3.877s  Peak RAM Train=82.835 MB  Peak RAM Test=79.02 MB
2026-06-01 16:31:25 | INFO | [ncluster=49/49] AUC-ROC=65.59%  AUC-PR=46.18%  F1=0.5838  MCC=0.2720  Train=8.539s  Test=5.685s  Peak RAM Train=82.841 MB  Peak RAM Test=83.46 MB
2026-06-01 16:31:25 | INFO | [ncluster=52/52] AUC-ROC=65.30%  AUC-PR=47.42%  F1=0.5774  MCC=0.2541  Train=7.491s  Test=6.625s  Peak RAM Train=83.101 MB  Peak RAM Test=87.902 MB
2026-06-01 16:31:25 | INFO | [ncluster=55/55] AUC-ROC=65.11%  AUC-PR=47.15%  F1=0.5719  MCC=0.2430  Train=10.020s  Test=7.314s  Peak RAM Train=83.1 MB  Peak RAM Test=92.342 MB
2026-06-01 16:31:25 | INFO | [ncluster=58/58] AUC-ROC=64.72%  AUC-PR=44.78%  F1=0.5909  MCC=0.2781  Train=9.124s  Test=7.113s  Peak RAM Train=83.101 MB  Peak RAM Test=96.782 MB
2026-06-01 16:31:25 | INFO | [ncluster=61/61] AUC-ROC=62.81%  AUC-PR=42.10%  F1=0.5815  MCC=0.2629  Train=9.970s  Test=8.812s  Peak RAM Train=83.116 MB  Peak RAM Test=101.222 MB
2026-06-01 16:31:25 | INFO | [ncluster=64/64] AUC-ROC=63.57%  AUC-PR=43.45%  F1=0.5832  MCC=0.2698  Train=10.061s  Test=7.706s  Peak RAM Train=83.112 MB  Peak RAM Test=105.662 MB
2026-06-01 16:31:25 | INFO | [ncluster=67/67] AUC-ROC=61.16%  AUC-PR=40.65%  F1=0.5766  MCC=0.2415  Train=8.581s  Test=4.124s  Peak RAM Train=83.118 MB  Peak RAM Test=110.102 MB
2026-06-01 16:31:25 | INFO | [ncluster=70/70] AUC-ROC=63.50%  AUC-PR=42.52%  F1=0.5994  MCC=0.2984  Train=11.893s  Test=6.093s  Peak RAM Train=83.104 MB  Peak RAM Test=114.542 MB
2026-06-01 16:31:25 | INFO | [ncluster=73/73] AUC-ROC=62.18%  AUC-PR=41.12%  F1=0.5834  MCC=0.2629  Train=9.061s  Test=9.144s  Peak RAM Train=83.106 MB  Peak RAM Test=118.982 MB
2026-06-01 16:31:25 | INFO | [ncluster=76/76] AUC-ROC=65.89%  AUC-PR=44.98%  F1=0.6076  MCC=0.3125  Train=8.797s  Test=9.433s  Peak RAM Train=83.109 MB  Peak RAM Test=123.422 MB
2026-06-01 16:31:25 | INFO | [ncluster=79/79] AUC-ROC=63.60%  AUC-PR=42.44%  F1=0.6002  MCC=0.2993  Train=10.383s  Test=7.555s  Peak RAM Train=83.107 MB  Peak RAM Test=127.862 MB
2026-06-01 16:31:25 | INFO | [ncluster=82/82] AUC-ROC=64.57%  AUC-PR=44.30%  F1=0.5922  MCC=0.2751  Train=9.399s  Test=8.398s  Peak RAM Train=83.118 MB  Peak RAM Test=132.302 MB
2026-06-01 16:31:25 | INFO | [ncluster=85/85] AUC-ROC=61.65%  AUC-PR=41.07%  F1=0.5774  MCC=0.2526  Train=9.001s  Test=7.004s  Peak RAM Train=83.107 MB  Peak RAM Test=136.742 MB
2026-06-01 16:31:25 | INFO | [ncluster=88/88] AUC-ROC=61.78%  AUC-PR=41.39%  F1=0.5704  MCC=0.2388  Train=9.271s  Test=10.477s  Peak RAM Train=83.109 MB  Peak RAM Test=141.182 MB
2026-06-01 16:31:25 | INFO | [ncluster=91/91] AUC-ROC=62.33%  AUC-PR=41.58%  F1=0.5869  MCC=0.2640  Train=8.513s  Test=11.275s  Peak RAM Train=83.135 MB  Peak RAM Test=145.622 MB
2026-06-01 16:31:25 | INFO | [ncluster=94/94] AUC-ROC=61.74%  AUC-PR=42.04%  F1=0.5714  MCC=0.2329  Train=6.655s  Test=10.876s  Peak RAM Train=83.113 MB  Peak RAM Test=150.062 MB
2026-06-01 16:31:25 | INFO | [ncluster=97/97] AUC-ROC=62.37%  AUC-PR=42.29%  F1=0.5759  MCC=0.2553  Train=10.389s  Test=11.566s  Peak RAM Train=82.859 MB  Peak RAM Test=154.5 MB
2026-06-01 16:31:25 | INFO | [ncluster=100/100] AUC-ROC=62.30%  AUC-PR=42.43%  F1=0.5815  MCC=0.2522  Train=10.265s  Test=8.112s  Peak RAM Train=82.855 MB  Peak RAM Test=158.94 MB
2026-06-01 16:31:25 | INFO | [ncluster=103/103] AUC-ROC=61.07%  AUC-PR=40.28%  F1=0.5812  MCC=0.2558  Train=9.276s  Test=7.417s  Peak RAM Train=82.857 MB  Peak RAM Test=163.38 MB
2026-06-01 16:31:25 | INFO | [ncluster=106/106] AUC-ROC=61.98%  AUC-PR=41.57%  F1=0.5812  MCC=0.2557  Train=11.147s  Test=8.362s  Peak RAM Train=82.861 MB  Peak RAM Test=167.82 MB
2026-06-01 16:31:25 | INFO | [ncluster=109/109] AUC-ROC=62.47%  AUC-PR=41.90%  F1=0.5851  MCC=0.2690  Train=9.535s  Test=10.356s  Peak RAM Train=82.863 MB  Peak RAM Test=172.26 MB
2026-06-01 16:31:25 | INFO | [ncluster=112/112] AUC-ROC=62.93%  AUC-PR=42.88%  F1=0.5806  MCC=0.2476  Train=11.252s  Test=13.370s  Peak RAM Train=82.858 MB  Peak RAM Test=176.7 MB
2026-06-01 16:31:25 | INFO | [ncluster=115/115] AUC-ROC=61.90%  AUC-PR=42.02%  F1=0.5691  MCC=0.2346  Train=9.464s  Test=12.814s  Peak RAM Train=82.863 MB  Peak RAM Test=181.14 MB
2026-06-01 16:31:25 | INFO | [ncluster=118/118] AUC-ROC=62.57%  AUC-PR=41.81%  F1=0.5838  MCC=0.2714  Train=9.235s  Test=8.824s  Peak RAM Train=82.866 MB  Peak RAM Test=185.58 MB
2026-06-01 16:31:25 | INFO | [ncluster=121/121] AUC-ROC=60.62%  AUC-PR=39.36%  F1=0.5802  MCC=0.2559  Train=9.776s  Test=12.716s  Peak RAM Train=82.864 MB  Peak RAM Test=190.02 MB
2026-06-01 16:31:25 | INFO | [ncluster=124/124] AUC-ROC=57.91%  AUC-PR=37.31%  F1=0.5727  MCC=0.2410  Train=10.242s  Test=14.470s  Peak RAM Train=82.868 MB  Peak RAM Test=194.46 MB
2026-06-01 16:31:25 | INFO | [ncluster=127/127] AUC-ROC=62.83%  AUC-PR=42.61%  F1=0.5412  MCC=0.2404  Train=8.698s  Test=15.174s  Peak RAM Train=82.87 MB  Peak RAM Test=198.9 MB
2026-06-01 16:31:25 | INFO | [ncluster=130/130] AUC-ROC=61.47%  AUC-PR=41.88%  F1=0.5663  MCC=0.2246  Train=8.799s  Test=11.022s  Peak RAM Train=82.871 MB  Peak RAM Test=203.34 MB
2026-06-01 16:31:25 | INFO | [ncluster=133/133] AUC-ROC=61.91%  AUC-PR=41.51%  F1=0.5772  MCC=0.2403  Train=9.793s  Test=16.142s  Peak RAM Train=82.871 MB  Peak RAM Test=207.78 MB
2026-06-01 16:31:25 | INFO | [ncluster=136/136] AUC-ROC=61.35%  AUC-PR=41.24%  F1=0.5784  MCC=0.2520  Train=9.005s  Test=15.719s  Peak RAM Train=82.874 MB  Peak RAM Test=212.22 MB
2026-06-01 16:31:25 | INFO | [ncluster=139/139] AUC-ROC=58.50%  AUC-PR=37.98%  F1=0.5757  MCC=0.2430  Train=8.937s  Test=17.100s  Peak RAM Train=82.869 MB  Peak RAM Test=216.66 MB
2026-06-01 16:31:25 | INFO | [ncluster=142/142] AUC-ROC=61.11%  AUC-PR=39.95%  F1=0.5862  MCC=0.2714  Train=9.368s  Test=15.937s  Peak RAM Train=82.872 MB  Peak RAM Test=221.1 MB
2026-06-01 16:31:25 | INFO | [ncluster=145/145] AUC-ROC=56.89%  AUC-PR=36.62%  F1=0.5681  MCC=0.2381  Train=9.425s  Test=15.202s  Peak RAM Train=82.876 MB  Peak RAM Test=225.54 MB
2026-06-01 16:31:25 | INFO | [ncluster=148/148] AUC-ROC=58.66%  AUC-PR=37.76%  F1=0.5682  MCC=0.2325  Train=10.884s  Test=15.772s  Peak RAM Train=82.928 MB  Peak RAM Test=229.98 MB
2026-06-01 16:31:25 | INFO | [ncluster=151/151] AUC-ROC=58.76%  AUC-PR=37.76%  F1=0.5716  MCC=0.2332  Train=6.444s  Test=15.981s  Peak RAM Train=82.923 MB  Peak RAM Test=234.42 MB
2026-06-01 16:31:25 | INFO | [ncluster=154/154] AUC-ROC=61.20%  AUC-PR=40.75%  F1=0.5747  MCC=0.2353  Train=9.682s  Test=18.561s  Peak RAM Train=82.937 MB  Peak RAM Test=238.86 MB
2026-06-01 16:31:25 | INFO | [ncluster=157/157] AUC-ROC=63.37%  AUC-PR=44.12%  F1=0.5712  MCC=0.2289  Train=9.346s  Test=18.230s  Peak RAM Train=82.916 MB  Peak RAM Test=243.3 MB
2026-06-01 16:31:25 | INFO | [ncluster=160/160] AUC-ROC=63.80%  AUC-PR=44.47%  F1=0.5776  MCC=0.2411  Train=7.033s  Test=11.692s  Peak RAM Train=82.927 MB  Peak RAM Test=247.74 MB
2026-06-01 16:31:25 | INFO | [ncluster=163/163] AUC-ROC=62.84%  AUC-PR=43.14%  F1=0.5456  MCC=0.2383  Train=10.448s  Test=10.727s  Peak RAM Train=82.911 MB  Peak RAM Test=252.18 MB
2026-06-01 16:31:25 | INFO | [ncluster=166/166] AUC-ROC=59.55%  AUC-PR=39.00%  F1=0.5670  MCC=0.2301  Train=10.997s  Test=13.745s  Peak RAM Train=82.924 MB  Peak RAM Test=256.62 MB
2026-06-01 16:31:25 | INFO | [ncluster=169/169] AUC-ROC=57.52%  AUC-PR=36.94%  F1=0.5731  MCC=0.2401  Train=9.630s  Test=12.560s  Peak RAM Train=82.919 MB  Peak RAM Test=261.06 MB
2026-06-01 16:31:25 | INFO | [ncluster=172/172] AUC-ROC=59.24%  AUC-PR=39.22%  F1=0.5806  MCC=0.2523  Train=12.901s  Test=19.772s  Peak RAM Train=82.926 MB  Peak RAM Test=265.5 MB
2026-06-01 16:31:25 | INFO | [ncluster=175/175] AUC-ROC=63.19%  AUC-PR=43.56%  F1=0.5755  MCC=0.2475  Train=8.935s  Test=18.199s  Peak RAM Train=82.917 MB  Peak RAM Test=269.94 MB
2026-06-01 16:31:25 | INFO | [ncluster=178/178] AUC-ROC=58.62%  AUC-PR=37.68%  F1=0.5775  MCC=0.2469  Train=9.738s  Test=15.017s  Peak RAM Train=82.931 MB  Peak RAM Test=274.38 MB
2026-06-01 16:31:25 | INFO | [ncluster=181/181] AUC-ROC=61.32%  AUC-PR=41.65%  F1=0.5606  MCC=0.2081  Train=8.289s  Test=11.668s  Peak RAM Train=82.884 MB  Peak RAM Test=278.82 MB
2026-06-01 16:31:25 | INFO | [ncluster=184/184] AUC-ROC=61.53%  AUC-PR=41.39%  F1=0.5702  MCC=0.2272  Train=8.601s  Test=22.779s  Peak RAM Train=82.94 MB  Peak RAM Test=283.26 MB
2026-06-01 16:31:25 | INFO | [ncluster=187/187] AUC-ROC=61.41%  AUC-PR=41.03%  F1=0.5815  MCC=0.2557  Train=10.107s  Test=20.426s  Peak RAM Train=82.928 MB  Peak RAM Test=287.7 MB
2026-06-01 16:31:25 | INFO | [ncluster=190/190] AUC-ROC=64.19%  AUC-PR=43.98%  F1=0.5806  MCC=0.2523  Train=9.344s  Test=15.458s  Peak RAM Train=82.893 MB  Peak RAM Test=292.14 MB
2026-06-01 16:31:25 | INFO | [ncluster=193/193] AUC-ROC=59.13%  AUC-PR=38.35%  F1=0.5742  MCC=0.2374  Train=8.167s  Test=16.816s  Peak RAM Train=82.923 MB  Peak RAM Test=296.58 MB
2026-06-01 16:31:25 | INFO | [ncluster=196/196] AUC-ROC=61.51%  AUC-PR=41.15%  F1=0.5764  MCC=0.2414  Train=6.949s  Test=15.956s  Peak RAM Train=82.939 MB  Peak RAM Test=301.02 MB
2026-06-01 16:31:25 | INFO | [ncluster=199/199] AUC-ROC=59.16%  AUC-PR=38.59%  F1=0.5674  MCC=0.2261  Train=9.726s  Test=16.529s  Peak RAM Train=82.889 MB  Peak RAM Test=305.46 MB
2026-06-01 16:31:25 | INFO | [ncluster=202/202] AUC-ROC=59.57%  AUC-PR=39.10%  F1=0.5748  MCC=0.2387  Train=8.266s  Test=20.194s  Peak RAM Train=82.898 MB  Peak RAM Test=309.9 MB
2026-06-01 16:31:25 | INFO | [ncluster=205/205] AUC-ROC=61.34%  AUC-PR=41.02%  F1=0.5552  MCC=0.2215  Train=6.549s  Test=12.879s  Peak RAM Train=82.9 MB  Peak RAM Test=314.34 MB
2026-06-01 16:31:25 | INFO | [ncluster=208/208] AUC-ROC=60.93%  AUC-PR=40.15%  F1=0.5686  MCC=0.2452  Train=11.214s  Test=17.322s  Peak RAM Train=82.899 MB  Peak RAM Test=318.78 MB
2026-06-01 16:31:25 | INFO | [ncluster=211/211] AUC-ROC=63.98%  AUC-PR=44.53%  F1=0.5752  MCC=0.2519  Train=9.059s  Test=19.129s  Peak RAM Train=82.901 MB  Peak RAM Test=323.22 MB
2026-06-01 16:31:25 | INFO | [ncluster=214/214] AUC-ROC=61.00%  AUC-PR=40.11%  F1=0.5700  MCC=0.2464  Train=10.888s  Test=25.575s  Peak RAM Train=82.897 MB  Peak RAM Test=327.66 MB
2026-06-01 16:31:25 | INFO | [ncluster=217/217] AUC-ROC=58.42%  AUC-PR=38.15%  F1=0.5662  MCC=0.2247  Train=9.461s  Test=15.456s  Peak RAM Train=82.9 MB  Peak RAM Test=332.1 MB
2026-06-01 16:31:25 | INFO | [ncluster=220/220] AUC-ROC=59.52%  AUC-PR=38.62%  F1=0.5626  MCC=0.2355  Train=9.312s  Test=13.103s  Peak RAM Train=82.904 MB  Peak RAM Test=336.54 MB
2026-06-01 16:31:25 | INFO | [ncluster=223/223] AUC-ROC=63.16%  AUC-PR=43.40%  F1=0.5641  MCC=0.2432  Train=7.088s  Test=19.615s  Peak RAM Train=82.899 MB  Peak RAM Test=340.98 MB
2026-06-01 16:31:25 | INFO | [ncluster=226/226] AUC-ROC=58.46%  AUC-PR=38.04%  F1=0.5654  MCC=0.2273  Train=6.496s  Test=18.505s  Peak RAM Train=82.904 MB  Peak RAM Test=345.42 MB
2026-06-01 16:31:25 | INFO | [ncluster=229/229] AUC-ROC=62.46%  AUC-PR=43.40%  F1=0.5759  MCC=0.2421  Train=6.403s  Test=21.743s  Peak RAM Train=82.905 MB  Peak RAM Test=349.86 MB
2026-06-01 16:31:25 | INFO | [ncluster=232/232] AUC-ROC=60.97%  AUC-PR=40.60%  F1=0.5668  MCC=0.2267  Train=7.030s  Test=12.344s  Peak RAM Train=82.905 MB  Peak RAM Test=354.3 MB
2026-06-01 16:31:25 | INFO | [ncluster=235/235] AUC-ROC=62.04%  AUC-PR=42.20%  F1=0.5673  MCC=0.2522  Train=6.508s  Test=13.295s  Peak RAM Train=82.905 MB  Peak RAM Test=358.74 MB
2026-06-01 16:31:25 | INFO | [ncluster=238/238] AUC-ROC=64.31%  AUC-PR=44.32%  F1=0.5697  MCC=0.2409  Train=8.133s  Test=22.348s  Peak RAM Train=82.91 MB  Peak RAM Test=363.18 MB
2026-06-01 16:31:25 | INFO | [ncluster=241/241] AUC-ROC=63.31%  AUC-PR=44.22%  F1=0.5513  MCC=0.2175  Train=5.346s  Test=9.662s  Peak RAM Train=82.913 MB  Peak RAM Test=367.62 MB
2026-06-01 16:31:25 | INFO | [ncluster=244/244] AUC-ROC=67.57%  AUC-PR=50.60%  F1=0.4868  MCC=0.2957  Train=6.485s  Test=20.380s  Peak RAM Train=82.918 MB  Peak RAM Test=372.06 MB
2026-06-01 16:31:25 | INFO | [ncluster=247/247] AUC-ROC=64.68%  AUC-PR=45.56%  F1=0.5718  MCC=0.2396  Train=6.550s  Test=10.362s  Peak RAM Train=82.917 MB  Peak RAM Test=376.5 MB
2026-06-01 16:31:25 | INFO | [ncluster=250/250] AUC-ROC=62.88%  AUC-PR=43.49%  F1=0.5647  MCC=0.2294  Train=3.655s  Test=10.749s  Peak RAM Train=82.931 MB  Peak RAM Test=380.94 MB
2026-06-01 16:31:25 | INFO | [ncluster=253/253] AUC-ROC=64.04%  AUC-PR=45.22%  F1=0.5534  MCC=0.2233  Train=5.551s  Test=13.881s  Peak RAM Train=82.918 MB  Peak RAM Test=385.38 MB
2026-06-01 16:31:25 | INFO | [ncluster=256/256] AUC-ROC=61.40%  AUC-PR=40.96%  F1=0.5590  MCC=0.2362  Train=2.876s  Test=8.223s  Peak RAM Train=82.922 MB  Peak RAM Test=389.82 MB
2026-06-01 16:31:25 | INFO | [ncluster=259/259] AUC-ROC=62.55%  AUC-PR=43.02%  F1=0.5527  MCC=0.2294  Train=3.995s  Test=9.442s  Peak RAM Train=82.913 MB  Peak RAM Test=394.26 MB
2026-06-01 16:31:25 | INFO | [ncluster=262/262] AUC-ROC=62.25%  AUC-PR=42.55%  F1=0.5568  MCC=0.2319  Train=5.967s  Test=8.713s  Peak RAM Train=82.923 MB  Peak RAM Test=398.7 MB
2026-06-01 16:31:25 | INFO | [ncluster=265/265] AUC-ROC=65.98%  AUC-PR=47.74%  F1=0.5617  MCC=0.2402  Train=5.628s  Test=18.139s  Peak RAM Train=82.934 MB  Peak RAM Test=403.14 MB
2026-06-01 16:31:25 | INFO | [ncluster=268/268] AUC-ROC=64.87%  AUC-PR=46.97%  F1=0.4632  MCC=0.2556  Train=5.534s  Test=12.639s  Peak RAM Train=82.924 MB  Peak RAM Test=407.58 MB
2026-06-01 16:31:25 | INFO | [ncluster=271/271] AUC-ROC=63.97%  AUC-PR=44.73%  F1=0.5663  MCC=0.2326  Train=3.222s  Test=13.703s  Peak RAM Train=82.928 MB  Peak RAM Test=412.02 MB
2026-06-01 16:31:25 | INFO | [ncluster=274/274] AUC-ROC=65.16%  AUC-PR=46.04%  F1=0.5665  MCC=0.2454  Train=6.340s  Test=13.364s  Peak RAM Train=82.94 MB  Peak RAM Test=416.46 MB
2026-06-01 16:31:25 | INFO | [ncluster=277/277] AUC-ROC=64.22%  AUC-PR=45.48%  F1=0.5885  MCC=0.2772  Train=1.525s  Test=5.030s  Peak RAM Train=82.926 MB  Peak RAM Test=420.9 MB
2026-06-01 16:31:25 | INFO | [ncluster=280/280] AUC-ROC=62.40%  AUC-PR=43.28%  F1=0.5675  MCC=0.2269  Train=1.190s  Test=5.260s  Peak RAM Train=82.936 MB  Peak RAM Test=425.34 MB
2026-06-01 16:31:25 | INFO | [ncluster=283/283] AUC-ROC=65.35%  AUC-PR=47.02%  F1=0.5731  MCC=0.2557  Train=2.476s  Test=5.344s  Peak RAM Train=82.933 MB  Peak RAM Test=429.78 MB
2026-06-01 16:31:25 | INFO | [ncluster=286/286] AUC-ROC=62.59%  AUC-PR=42.10%  F1=0.5714  MCC=0.2526  Train=3.409s  Test=8.079s  Peak RAM Train=82.926 MB  Peak RAM Test=434.22 MB
2026-06-01 16:31:25 | INFO | [ncluster=289/289] AUC-ROC=64.57%  AUC-PR=45.04%  F1=0.5778  MCC=0.2557  Train=3.605s  Test=6.469s  Peak RAM Train=82.934 MB  Peak RAM Test=438.66 MB
2026-06-01 16:31:25 | INFO | [ncluster=292/292] AUC-ROC=63.87%  AUC-PR=44.62%  F1=0.5821  MCC=0.2710  Train=0.319s  Test=2.953s  Peak RAM Train=82.93 MB  Peak RAM Test=443.1 MB
2026-06-01 16:31:25 | INFO | [ncluster=295/295] AUC-ROC=65.42%  AUC-PR=46.47%  F1=0.5823  MCC=0.2578  Train=0.867s  Test=5.559s  Peak RAM Train=82.949 MB  Peak RAM Test=447.54 MB
2026-06-01 16:31:25 | INFO | [ncluster=298/298] AUC-ROC=64.33%  AUC-PR=45.59%  F1=0.5755  MCC=0.2419  Train=1.501s  Test=5.347s  Peak RAM Train=82.933 MB  Peak RAM Test=451.98 MB
2026-06-01 16:31:25 | INFO | Results saved to: /home/jupyter-iec_duongnt/New Project/NFST/GMM-nfst/notebooks/experiments/outputs/Experiment_OC_NFST_MemOpt_20260601_095447/data_IoTID20_memopt.csv
2026-06-01 16:31:25 | INFO | Log saved to    : /home/jupyter-iec_duongnt/New Project/NFST/GMM-nfst/notebooks/experiments/outputs/Experiment_OC_NFST_MemOpt_20260601_095447/data_IoTID20_memopt.log
