2026-03-18 16:29:39 | INFO | ============================================================
2026-03-18 16:29:39 | INFO | FAST BASELINE EXPERIMENT (NO TUNING, PARALLEL)
2026-03-18 16:29:39 | INFO | ============================================================
2026-03-18 16:29:39 | INFO | 
Processing Dataset: data_ToNIoT.csv | Scaler: StandardScaler
2026-03-18 16:29:39 | INFO | --- Noise: 0% ---
2026-03-18 16:30:48 | INFO |   CBLOF: AUCROC=89.0975%  Train=4.4903s
2026-03-18 16:30:48 | INFO |   KNN: AUCROC=98.3841%  Train=2.301s
2026-03-18 16:30:48 | INFO |   LOF: AUCROC=96.777%  Train=2.2821s
2026-03-18 16:30:48 | INFO |   HBOS: AUCROC=84.3669%  Train=9.8946s
2026-03-18 16:30:48 | INFO |   IForest: AUCROC=75.7676%  Train=1.5224s
2026-03-18 16:30:48 | INFO |   PCA: AUCROC=35.5977%  Train=0.0284s
2026-03-18 16:30:48 | INFO |   OCSVM: AUCROC=20.5614%  Train=17.7598s
2026-03-18 16:30:48 | ERROR | Error with AutoEncoder on data_ToNIoT.csv: AutoEncoder.__init__() got an unexpected keyword argument 'epochs'
2026-03-18 16:30:48 | ERROR | Error with DIF on data_ToNIoT.csv: Cannot re-initialize CUDA in forked subprocess. To use CUDA with multiprocessing, you must use the 'spawn' start method
2026-03-18 16:30:48 | ERROR | Error with NeuTraLAD on data_ToNIoT.csv: Cannot re-initialize CUDA in forked subprocess. To use CUDA with multiprocessing, you must use the 'spawn' start method
2026-03-18 16:30:48 | ERROR | Error with DASVDD on data_ToNIoT.csv: Cannot re-initialize CUDA in forked subprocess. To use CUDA with multiprocessing, you must use the 'spawn' start method
2026-03-18 16:30:48 | INFO |   LODA: AUCROC=32.1644%  Train=0.7193s
2026-03-18 16:30:48 | INFO |   COPOD: AUCROC=55.2081%  Train=0.905s
2026-03-18 16:30:48 | INFO |   ECOD: AUCROC=44.7054%  Train=0.2078s
2026-03-18 16:30:48 | ERROR | Error with VAE on data_ToNIoT.csv: VAE.__init__() got an unexpected keyword argument 'epochs'
2026-03-18 16:30:48 | ERROR | Error with DeepSVDD on data_ToNIoT.csv: DeepSVDD.__init__() got an unexpected keyword argument 'device'
2026-03-18 16:30:48 | ERROR | Error with LUNAR on data_ToNIoT.csv: LUNAR.__init__() got an unexpected keyword argument 'n_neighbors'
2026-03-18 16:30:48 | ERROR | Error with AE1SVM on data_ToNIoT.csv: AE1SVM.__init__() got an unexpected keyword argument 'device'
2026-03-18 16:30:48 | ERROR | Error with DevNet on data_ToNIoT.csv: CUDA error: initialization error
CUDA kernel errors might be asynchronously reported at some other API call, so the stacktrace below might be incorrect.
For debugging consider passing CUDA_LAUNCH_BLOCKING=1
Compile with `TORCH_USE_CUDA_DSA` to enable device-side assertions.

2026-03-18 16:30:48 | ERROR | Error with ALAD on data_ToNIoT.csv: CUDA error: initialization error
CUDA kernel errors might be asynchronously reported at some other API call, so the stacktrace below might be incorrect.
For debugging consider passing CUDA_LAUNCH_BLOCKING=1
Compile with `TORCH_USE_CUDA_DSA` to enable device-side assertions.

2026-03-18 16:30:48 | INFO | --- Noise: 1% ---
2026-03-18 16:31:49 | INFO |   CBLOF: AUCROC=87.7253%  Train=4.4356s
2026-03-18 16:31:49 | INFO |   KNN: AUCROC=95.7397%  Train=2.2606s
2026-03-18 16:31:49 | INFO |   LOF: AUCROC=59.6783%  Train=2.1881s
2026-03-18 16:31:49 | INFO |   HBOS: AUCROC=83.2404%  Train=10.5417s
2026-03-18 16:31:49 | INFO |   IForest: AUCROC=75.9706%  Train=1.2655s
2026-03-18 16:31:49 | INFO |   PCA: AUCROC=35.3918%  Train=0.0292s
2026-03-18 16:31:49 | INFO |   OCSVM: AUCROC=20.0995%  Train=18.8126s
2026-03-18 16:31:49 | ERROR | Error with AutoEncoder on data_ToNIoT.csv: AutoEncoder.__init__() got an unexpected keyword argument 'epochs'
2026-03-18 16:31:49 | ERROR | Error with DIF on data_ToNIoT.csv: Cannot re-initialize CUDA in forked subprocess. To use CUDA with multiprocessing, you must use the 'spawn' start method
2026-03-18 16:31:49 | ERROR | Error with NeuTraLAD on data_ToNIoT.csv: Cannot re-initialize CUDA in forked subprocess. To use CUDA with multiprocessing, you must use the 'spawn' start method
2026-03-18 16:31:49 | ERROR | Error with DASVDD on data_ToNIoT.csv: Cannot re-initialize CUDA in forked subprocess. To use CUDA with multiprocessing, you must use the 'spawn' start method
2026-03-18 16:31:49 | INFO |   LODA: AUCROC=30.9809%  Train=0.8159s
2026-03-18 16:31:49 | INFO |   COPOD: AUCROC=54.957%  Train=0.9328s
2026-03-18 16:31:49 | INFO |   ECOD: AUCROC=44.4126%  Train=0.2419s
2026-03-18 16:31:49 | ERROR | Error with VAE on data_ToNIoT.csv: VAE.__init__() got an unexpected keyword argument 'epochs'
2026-03-18 16:31:49 | ERROR | Error with DeepSVDD on data_ToNIoT.csv: DeepSVDD.__init__() got an unexpected keyword argument 'device'
2026-03-18 16:31:49 | ERROR | Error with LUNAR on data_ToNIoT.csv: LUNAR.__init__() got an unexpected keyword argument 'n_neighbors'
2026-03-18 16:31:49 | ERROR | Error with AE1SVM on data_ToNIoT.csv: AE1SVM.__init__() got an unexpected keyword argument 'device'
2026-03-18 16:31:49 | ERROR | Error with DevNet on data_ToNIoT.csv: CUDA error: initialization error
CUDA kernel errors might be asynchronously reported at some other API call, so the stacktrace below might be incorrect.
For debugging consider passing CUDA_LAUNCH_BLOCKING=1
Compile with `TORCH_USE_CUDA_DSA` to enable device-side assertions.

2026-03-18 16:31:49 | ERROR | Error with ALAD on data_ToNIoT.csv: CUDA error: initialization error
CUDA kernel errors might be asynchronously reported at some other API call, so the stacktrace below might be incorrect.
For debugging consider passing CUDA_LAUNCH_BLOCKING=1
Compile with `TORCH_USE_CUDA_DSA` to enable device-side assertions.

2026-03-18 16:31:49 | INFO | --- Noise: 3% ---
2026-03-18 16:33:05 | INFO |   CBLOF: AUCROC=87.728%  Train=5.3713s
2026-03-18 16:33:05 | INFO |   KNN: AUCROC=90.096%  Train=2.84s
2026-03-18 16:33:05 | INFO |   LOF: AUCROC=55.8958%  Train=2.4412s
2026-03-18 16:33:05 | INFO |   HBOS: AUCROC=81.8207%  Train=12.485s
2026-03-18 16:33:05 | INFO |   IForest: AUCROC=74.1902%  Train=1.4854s
2026-03-18 16:33:05 | INFO |   PCA: AUCROC=34.9801%  Train=0.0438s
2026-03-18 16:33:05 | INFO |   OCSVM: AUCROC=19.6712%  Train=30.2462s
2026-03-18 16:33:05 | ERROR | Error with AutoEncoder on data_ToNIoT.csv: AutoEncoder.__init__() got an unexpected keyword argument 'epochs'
2026-03-18 16:33:05 | ERROR | Error with DIF on data_ToNIoT.csv: Cannot re-initialize CUDA in forked subprocess. To use CUDA with multiprocessing, you must use the 'spawn' start method
2026-03-18 16:33:05 | ERROR | Error with NeuTraLAD on data_ToNIoT.csv: Cannot re-initialize CUDA in forked subprocess. To use CUDA with multiprocessing, you must use the 'spawn' start method
2026-03-18 16:33:05 | ERROR | Error with DASVDD on data_ToNIoT.csv: Cannot re-initialize CUDA in forked subprocess. To use CUDA with multiprocessing, you must use the 'spawn' start method
2026-03-18 16:33:05 | INFO |   LODA: AUCROC=30.7753%  Train=0.7661s
2026-03-18 16:33:05 | INFO |   COPOD: AUCROC=54.4865%  Train=1.2578s
2026-03-18 16:33:05 | INFO |   ECOD: AUCROC=43.845%  Train=0.3547s
2026-03-18 16:33:05 | ERROR | Error with VAE on data_ToNIoT.csv: VAE.__init__() got an unexpected keyword argument 'epochs'
2026-03-18 16:33:05 | ERROR | Error with DeepSVDD on data_ToNIoT.csv: DeepSVDD.__init__() got an unexpected keyword argument 'device'
2026-03-18 16:33:05 | ERROR | Error with LUNAR on data_ToNIoT.csv: LUNAR.__init__() got an unexpected keyword argument 'n_neighbors'
2026-03-18 16:33:05 | ERROR | Error with AE1SVM on data_ToNIoT.csv: AE1SVM.__init__() got an unexpected keyword argument 'device'
2026-03-18 16:33:05 | ERROR | Error with DevNet on data_ToNIoT.csv: CUDA error: initialization error
CUDA kernel errors might be asynchronously reported at some other API call, so the stacktrace below might be incorrect.
For debugging consider passing CUDA_LAUNCH_BLOCKING=1
Compile with `TORCH_USE_CUDA_DSA` to enable device-side assertions.

2026-03-18 16:33:05 | ERROR | Error with ALAD on data_ToNIoT.csv: CUDA error: initialization error
CUDA kernel errors might be asynchronously reported at some other API call, so the stacktrace below might be incorrect.
For debugging consider passing CUDA_LAUNCH_BLOCKING=1
Compile with `TORCH_USE_CUDA_DSA` to enable device-side assertions.

2026-03-18 16:33:05 | INFO | --- Noise: 5% ---
2026-03-18 16:34:25 | INFO |   CBLOF: AUCROC=74.92%  Train=4.4893s
2026-03-18 16:34:25 | INFO |   KNN: AUCROC=87.093%  Train=2.6782s
2026-03-18 16:34:25 | INFO |   LOF: AUCROC=53.1376%  Train=2.3559s
2026-03-18 16:34:25 | INFO |   HBOS: AUCROC=80.8225%  Train=10.4813s
2026-03-18 16:34:25 | INFO |   IForest: AUCROC=75.4482%  Train=1.3389s
2026-03-18 16:34:25 | INFO |   PCA: AUCROC=34.7031%  Train=0.0318s
2026-03-18 16:34:25 | INFO |   OCSVM: AUCROC=19.1004%  Train=20.495s
2026-03-18 16:34:25 | ERROR | Error with AutoEncoder on data_ToNIoT.csv: AutoEncoder.__init__() got an unexpected keyword argument 'epochs'
2026-03-18 16:34:25 | ERROR | Error with DIF on data_ToNIoT.csv: Cannot re-initialize CUDA in forked subprocess. To use CUDA with multiprocessing, you must use the 'spawn' start method
2026-03-18 16:34:25 | ERROR | Error with NeuTraLAD on data_ToNIoT.csv: Cannot re-initialize CUDA in forked subprocess. To use CUDA with multiprocessing, you must use the 'spawn' start method
2026-03-18 16:34:25 | ERROR | Error with DASVDD on data_ToNIoT.csv: Cannot re-initialize CUDA in forked subprocess. To use CUDA with multiprocessing, you must use the 'spawn' start method
2026-03-18 16:34:25 | INFO |   LODA: AUCROC=30.3894%  Train=1.005s
2026-03-18 16:34:25 | INFO |   COPOD: AUCROC=54.0339%  Train=0.8887s
2026-03-18 16:34:25 | INFO |   ECOD: AUCROC=43.2987%  Train=0.2412s
2026-03-18 16:34:25 | ERROR | Error with VAE on data_ToNIoT.csv: VAE.__init__() got an unexpected keyword argument 'epochs'
2026-03-18 16:34:25 | ERROR | Error with DeepSVDD on data_ToNIoT.csv: DeepSVDD.__init__() got an unexpected keyword argument 'device'
2026-03-18 16:34:25 | ERROR | Error with LUNAR on data_ToNIoT.csv: LUNAR.__init__() got an unexpected keyword argument 'n_neighbors'
2026-03-18 16:34:25 | ERROR | Error with AE1SVM on data_ToNIoT.csv: AE1SVM.__init__() got an unexpected keyword argument 'device'
2026-03-18 16:34:25 | ERROR | Error with DevNet on data_ToNIoT.csv: CUDA error: initialization error
CUDA kernel errors might be asynchronously reported at some other API call, so the stacktrace below might be incorrect.
For debugging consider passing CUDA_LAUNCH_BLOCKING=1
Compile with `TORCH_USE_CUDA_DSA` to enable device-side assertions.

2026-03-18 16:34:25 | ERROR | Error with ALAD on data_ToNIoT.csv: CUDA error: initialization error
CUDA kernel errors might be asynchronously reported at some other API call, so the stacktrace below might be incorrect.
For debugging consider passing CUDA_LAUNCH_BLOCKING=1
Compile with `TORCH_USE_CUDA_DSA` to enable device-side assertions.

2026-03-18 16:34:25 | INFO | 
Processing Dataset: data_ToNIoT.csv | Scaler: MinMaxScaler
2026-03-18 16:34:25 | INFO | --- Noise: 0% ---
2026-03-18 16:35:12 | INFO |   CBLOF: AUCROC=89.4756%  Train=4.1465s
2026-03-18 16:35:12 | INFO |   KNN: AUCROC=98.4465%  Train=2.408s
2026-03-18 16:35:12 | INFO |   LOF: AUCROC=96.6616%  Train=2.2283s
2026-03-18 16:35:12 | INFO |   HBOS: AUCROC=88.0833%  Train=9.9037s
2026-03-18 16:35:12 | INFO |   IForest: AUCROC=74.9902%  Train=1.3054s
2026-03-18 16:35:12 | INFO |   PCA: AUCROC=35.5977%  Train=0.0324s
2026-03-18 16:35:12 | INFO |   OCSVM: AUCROC=18.9432%  Train=18.096s
2026-03-18 16:35:12 | ERROR | Error with AutoEncoder on data_ToNIoT.csv: AutoEncoder.__init__() got an unexpected keyword argument 'epochs'
2026-03-18 16:35:12 | ERROR | Error with DIF on data_ToNIoT.csv: Cannot re-initialize CUDA in forked subprocess. To use CUDA with multiprocessing, you must use the 'spawn' start method
2026-03-18 16:35:12 | ERROR | Error with NeuTraLAD on data_ToNIoT.csv: Cannot re-initialize CUDA in forked subprocess. To use CUDA with multiprocessing, you must use the 'spawn' start method
2026-03-18 16:35:12 | ERROR | Error with DASVDD on data_ToNIoT.csv: Cannot re-initialize CUDA in forked subprocess. To use CUDA with multiprocessing, you must use the 'spawn' start method
2026-03-18 16:35:12 | INFO |   LODA: AUCROC=40.9065%  Train=1.1075s
2026-03-18 16:35:12 | INFO |   COPOD: AUCROC=55.2081%  Train=0.9233s
2026-03-18 16:35:12 | INFO |   ECOD: AUCROC=44.7054%  Train=0.2138s
2026-03-18 16:35:12 | ERROR | Error with VAE on data_ToNIoT.csv: VAE.__init__() got an unexpected keyword argument 'epochs'
2026-03-18 16:35:12 | ERROR | Error with DeepSVDD on data_ToNIoT.csv: DeepSVDD.__init__() got an unexpected keyword argument 'device'
2026-03-18 16:35:12 | ERROR | Error with LUNAR on data_ToNIoT.csv: LUNAR.__init__() got an unexpected keyword argument 'n_neighbors'
2026-03-18 16:35:12 | ERROR | Error with AE1SVM on data_ToNIoT.csv: AE1SVM.__init__() got an unexpected keyword argument 'device'
2026-03-18 16:35:12 | ERROR | Error with DevNet on data_ToNIoT.csv: CUDA error: initialization error
CUDA kernel errors might be asynchronously reported at some other API call, so the stacktrace below might be incorrect.
For debugging consider passing CUDA_LAUNCH_BLOCKING=1
Compile with `TORCH_USE_CUDA_DSA` to enable device-side assertions.

2026-03-18 16:35:12 | ERROR | Error with ALAD on data_ToNIoT.csv: CUDA error: initialization error
CUDA kernel errors might be asynchronously reported at some other API call, so the stacktrace below might be incorrect.
For debugging consider passing CUDA_LAUNCH_BLOCKING=1
Compile with `TORCH_USE_CUDA_DSA` to enable device-side assertions.

2026-03-18 16:35:12 | INFO | --- Noise: 1% ---
2026-03-18 16:35:59 | INFO |   CBLOF: AUCROC=88.7242%  Train=4.4004s
2026-03-18 16:35:59 | INFO |   KNN: AUCROC=95.7403%  Train=2.6097s
2026-03-18 16:35:59 | INFO |   LOF: AUCROC=60.4115%  Train=2.3747s
2026-03-18 16:35:59 | INFO |   HBOS: AUCROC=86.1315%  Train=11.0429s
2026-03-18 16:35:59 | INFO |   IForest: AUCROC=77.2454%  Train=1.3412s
2026-03-18 16:35:59 | INFO |   PCA: AUCROC=35.3897%  Train=0.0316s
2026-03-18 16:35:59 | INFO |   OCSVM: AUCROC=18.8806%  Train=20.0093s
2026-03-18 16:35:59 | ERROR | Error with AutoEncoder on data_ToNIoT.csv: AutoEncoder.__init__() got an unexpected keyword argument 'epochs'
2026-03-18 16:35:59 | ERROR | Error with DIF on data_ToNIoT.csv: Cannot re-initialize CUDA in forked subprocess. To use CUDA with multiprocessing, you must use the 'spawn' start method
2026-03-18 16:35:59 | ERROR | Error with NeuTraLAD on data_ToNIoT.csv: Cannot re-initialize CUDA in forked subprocess. To use CUDA with multiprocessing, you must use the 'spawn' start method
2026-03-18 16:35:59 | ERROR | Error with DASVDD on data_ToNIoT.csv: Cannot re-initialize CUDA in forked subprocess. To use CUDA with multiprocessing, you must use the 'spawn' start method
2026-03-18 16:35:59 | INFO |   LODA: AUCROC=39.1164%  Train=1.2138s
2026-03-18 16:35:59 | INFO |   COPOD: AUCROC=54.9691%  Train=1.0835s
2026-03-18 16:35:59 | INFO |   ECOD: AUCROC=44.4239%  Train=0.2449s
2026-03-18 16:35:59 | ERROR | Error with VAE on data_ToNIoT.csv: VAE.__init__() got an unexpected keyword argument 'epochs'
2026-03-18 16:35:59 | ERROR | Error with DeepSVDD on data_ToNIoT.csv: DeepSVDD.__init__() got an unexpected keyword argument 'device'
2026-03-18 16:35:59 | ERROR | Error with LUNAR on data_ToNIoT.csv: LUNAR.__init__() got an unexpected keyword argument 'n_neighbors'
2026-03-18 16:35:59 | ERROR | Error with AE1SVM on data_ToNIoT.csv: AE1SVM.__init__() got an unexpected keyword argument 'device'
2026-03-18 16:35:59 | ERROR | Error with DevNet on data_ToNIoT.csv: CUDA error: initialization error
CUDA kernel errors might be asynchronously reported at some other API call, so the stacktrace below might be incorrect.
For debugging consider passing CUDA_LAUNCH_BLOCKING=1
Compile with `TORCH_USE_CUDA_DSA` to enable device-side assertions.

2026-03-18 16:35:59 | ERROR | Error with ALAD on data_ToNIoT.csv: CUDA error: initialization error
CUDA kernel errors might be asynchronously reported at some other API call, so the stacktrace below might be incorrect.
For debugging consider passing CUDA_LAUNCH_BLOCKING=1
Compile with `TORCH_USE_CUDA_DSA` to enable device-side assertions.

2026-03-18 16:35:59 | INFO | --- Noise: 3% ---
2026-03-18 16:36:39 | INFO |   CBLOF: AUCROC=84.676%  Train=5.0289s
2026-03-18 16:36:39 | INFO |   KNN: AUCROC=89.6588%  Train=2.5939s
2026-03-18 16:36:39 | INFO |   LOF: AUCROC=54.5153%  Train=2.5139s
2026-03-18 16:36:39 | INFO |   HBOS: AUCROC=83.4702%  Train=11.8362s
2026-03-18 16:36:39 | INFO |   IForest: AUCROC=78.1351%  Train=1.3562s
2026-03-18 16:36:39 | INFO |   PCA: AUCROC=35.0452%  Train=0.0392s
2026-03-18 16:36:39 | INFO |   OCSVM: AUCROC=18.7552%  Train=21.407s
2026-03-18 16:36:39 | ERROR | Error with AutoEncoder on data_ToNIoT.csv: AutoEncoder.__init__() got an unexpected keyword argument 'epochs'
2026-03-18 16:36:39 | ERROR | Error with DIF on data_ToNIoT.csv: Cannot re-initialize CUDA in forked subprocess. To use CUDA with multiprocessing, you must use the 'spawn' start method
2026-03-18 16:36:39 | ERROR | Error with NeuTraLAD on data_ToNIoT.csv: Cannot re-initialize CUDA in forked subprocess. To use CUDA with multiprocessing, you must use the 'spawn' start method
2026-03-18 16:36:39 | ERROR | Error with DASVDD on data_ToNIoT.csv: Cannot re-initialize CUDA in forked subprocess. To use CUDA with multiprocessing, you must use the 'spawn' start method
2026-03-18 16:36:39 | INFO |   LODA: AUCROC=38.1317%  Train=0.8262s
2026-03-18 16:36:39 | INFO |   COPOD: AUCROC=54.5026%  Train=1.3911s
2026-03-18 16:36:39 | INFO |   ECOD: AUCROC=43.8688%  Train=0.2165s
2026-03-18 16:36:39 | ERROR | Error with VAE on data_ToNIoT.csv: VAE.__init__() got an unexpected keyword argument 'epochs'
2026-03-18 16:36:39 | ERROR | Error with DeepSVDD on data_ToNIoT.csv: DeepSVDD.__init__() got an unexpected keyword argument 'device'
2026-03-18 16:36:39 | ERROR | Error with LUNAR on data_ToNIoT.csv: LUNAR.__init__() got an unexpected keyword argument 'n_neighbors'
2026-03-18 16:36:39 | ERROR | Error with AE1SVM on data_ToNIoT.csv: AE1SVM.__init__() got an unexpected keyword argument 'device'
2026-03-18 16:36:39 | ERROR | Error with DevNet on data_ToNIoT.csv: CUDA error: initialization error
CUDA kernel errors might be asynchronously reported at some other API call, so the stacktrace below might be incorrect.
For debugging consider passing CUDA_LAUNCH_BLOCKING=1
Compile with `TORCH_USE_CUDA_DSA` to enable device-side assertions.

2026-03-18 16:36:39 | ERROR | Error with ALAD on data_ToNIoT.csv: CUDA error: initialization error
CUDA kernel errors might be asynchronously reported at some other API call, so the stacktrace below might be incorrect.
For debugging consider passing CUDA_LAUNCH_BLOCKING=1
Compile with `TORCH_USE_CUDA_DSA` to enable device-side assertions.

2026-03-18 16:36:39 | INFO | --- Noise: 5% ---
2026-03-18 16:37:27 | INFO |   CBLOF: AUCROC=77.7318%  Train=4.7275s
2026-03-18 16:37:27 | INFO |   KNN: AUCROC=86.9666%  Train=2.5207s
2026-03-18 16:37:27 | INFO |   LOF: AUCROC=55.227%  Train=2.4006s
2026-03-18 16:37:27 | INFO |   HBOS: AUCROC=82.2265%  Train=10.8019s
2026-03-18 16:37:27 | INFO |   IForest: AUCROC=75.7998%  Train=1.352s
2026-03-18 16:37:27 | INFO |   PCA: AUCROC=34.6233%  Train=0.0327s
2026-03-18 16:37:27 | INFO |   OCSVM: AUCROC=18.678%  Train=26.5564s
2026-03-18 16:37:27 | ERROR | Error with AutoEncoder on data_ToNIoT.csv: AutoEncoder.__init__() got an unexpected keyword argument 'epochs'
2026-03-18 16:37:27 | ERROR | Error with DIF on data_ToNIoT.csv: Cannot re-initialize CUDA in forked subprocess. To use CUDA with multiprocessing, you must use the 'spawn' start method
2026-03-18 16:37:27 | ERROR | Error with NeuTraLAD on data_ToNIoT.csv: Cannot re-initialize CUDA in forked subprocess. To use CUDA with multiprocessing, you must use the 'spawn' start method
2026-03-18 16:37:27 | ERROR | Error with DASVDD on data_ToNIoT.csv: Cannot re-initialize CUDA in forked subprocess. To use CUDA with multiprocessing, you must use the 'spawn' start method
2026-03-18 16:37:27 | INFO |   LODA: AUCROC=37.8561%  Train=0.7699s
2026-03-18 16:37:27 | INFO |   COPOD: AUCROC=54.0317%  Train=0.9933s
2026-03-18 16:37:27 | INFO |   ECOD: AUCROC=43.3082%  Train=0.2712s
2026-03-18 16:37:27 | ERROR | Error with VAE on data_ToNIoT.csv: VAE.__init__() got an unexpected keyword argument 'epochs'
2026-03-18 16:37:27 | ERROR | Error with DeepSVDD on data_ToNIoT.csv: DeepSVDD.__init__() got an unexpected keyword argument 'device'
2026-03-18 16:37:27 | ERROR | Error with LUNAR on data_ToNIoT.csv: LUNAR.__init__() got an unexpected keyword argument 'n_neighbors'
2026-03-18 16:37:27 | ERROR | Error with AE1SVM on data_ToNIoT.csv: AE1SVM.__init__() got an unexpected keyword argument 'device'
2026-03-18 16:37:27 | ERROR | Error with DevNet on data_ToNIoT.csv: CUDA error: initialization error
CUDA kernel errors might be asynchronously reported at some other API call, so the stacktrace below might be incorrect.
For debugging consider passing CUDA_LAUNCH_BLOCKING=1
Compile with `TORCH_USE_CUDA_DSA` to enable device-side assertions.

2026-03-18 16:37:27 | ERROR | Error with ALAD on data_ToNIoT.csv: CUDA error: initialization error
CUDA kernel errors might be asynchronously reported at some other API call, so the stacktrace below might be incorrect.
For debugging consider passing CUDA_LAUNCH_BLOCKING=1
Compile with `TORCH_USE_CUDA_DSA` to enable device-side assertions.

2026-03-18 16:37:27 | INFO | 
Processing Dataset: data_ToNIoT.csv | Scaler: Normalizer
2026-03-18 16:37:27 | INFO | --- Noise: 0% ---
2026-03-18 16:37:56 | INFO |   CBLOF: AUCROC=89.9551%  Train=4.5167s
2026-03-18 16:37:56 | INFO |   KNN: AUCROC=98.4237%  Train=2.5501s
2026-03-18 16:37:56 | INFO |   LOF: AUCROC=96.3775%  Train=2.1461s
2026-03-18 16:37:56 | INFO |   HBOS: AUCROC=75.8525%  Train=10.495s
2026-03-18 16:37:56 | INFO |   IForest: AUCROC=68.5315%  Train=1.2191s
2026-03-18 16:37:56 | INFO |   PCA: AUCROC=32.2617%  Train=0.0349s
2026-03-18 16:37:56 | INFO |   OCSVM: AUCROC=12.282%  Train=18.6032s
2026-03-18 16:37:56 | ERROR | Error with AutoEncoder on data_ToNIoT.csv: AutoEncoder.__init__() got an unexpected keyword argument 'epochs'
2026-03-18 16:37:56 | ERROR | Error with DIF on data_ToNIoT.csv: Cannot re-initialize CUDA in forked subprocess. To use CUDA with multiprocessing, you must use the 'spawn' start method
2026-03-18 16:37:56 | ERROR | Error with NeuTraLAD on data_ToNIoT.csv: Cannot re-initialize CUDA in forked subprocess. To use CUDA with multiprocessing, you must use the 'spawn' start method
2026-03-18 16:37:56 | ERROR | Error with DASVDD on data_ToNIoT.csv: Cannot re-initialize CUDA in forked subprocess. To use CUDA with multiprocessing, you must use the 'spawn' start method
2026-03-18 16:37:56 | INFO |   LODA: AUCROC=36.0297%  Train=1.0218s
2026-03-18 16:37:56 | INFO |   COPOD: AUCROC=40.4492%  Train=0.8581s
2026-03-18 16:37:56 | INFO |   ECOD: AUCROC=37.3305%  Train=0.19s
2026-03-18 16:37:56 | ERROR | Error with VAE on data_ToNIoT.csv: VAE.__init__() got an unexpected keyword argument 'epochs'
2026-03-18 16:37:56 | ERROR | Error with DeepSVDD on data_ToNIoT.csv: DeepSVDD.__init__() got an unexpected keyword argument 'device'
2026-03-18 16:37:56 | ERROR | Error with LUNAR on data_ToNIoT.csv: LUNAR.__init__() got an unexpected keyword argument 'n_neighbors'
2026-03-18 16:37:56 | ERROR | Error with AE1SVM on data_ToNIoT.csv: AE1SVM.__init__() got an unexpected keyword argument 'device'
2026-03-18 16:37:56 | ERROR | Error with DevNet on data_ToNIoT.csv: CUDA error: initialization error
CUDA kernel errors might be asynchronously reported at some other API call, so the stacktrace below might be incorrect.
For debugging consider passing CUDA_LAUNCH_BLOCKING=1
Compile with `TORCH_USE_CUDA_DSA` to enable device-side assertions.

2026-03-18 16:37:56 | ERROR | Error with ALAD on data_ToNIoT.csv: CUDA error: initialization error
CUDA kernel errors might be asynchronously reported at some other API call, so the stacktrace below might be incorrect.
For debugging consider passing CUDA_LAUNCH_BLOCKING=1
Compile with `TORCH_USE_CUDA_DSA` to enable device-side assertions.

2026-03-18 16:37:56 | INFO | --- Noise: 1% ---
2026-03-18 16:38:25 | INFO |   CBLOF: AUCROC=89.5055%  Train=4.5716s
2026-03-18 16:38:25 | INFO |   KNN: AUCROC=95.6134%  Train=2.3978s
2026-03-18 16:38:25 | INFO |   LOF: AUCROC=65.0089%  Train=2.0941s
2026-03-18 16:38:25 | INFO |   HBOS: AUCROC=74.8828%  Train=10.5165s
2026-03-18 16:38:25 | INFO |   IForest: AUCROC=74.6772%  Train=1.2902s
2026-03-18 16:38:25 | INFO |   PCA: AUCROC=31.8229%  Train=0.0312s
2026-03-18 16:38:25 | INFO |   OCSVM: AUCROC=12.3332%  Train=18.1218s
2026-03-18 16:38:25 | ERROR | Error with AutoEncoder on data_ToNIoT.csv: AutoEncoder.__init__() got an unexpected keyword argument 'epochs'
2026-03-18 16:38:25 | ERROR | Error with DIF on data_ToNIoT.csv: Cannot re-initialize CUDA in forked subprocess. To use CUDA with multiprocessing, you must use the 'spawn' start method
2026-03-18 16:38:25 | ERROR | Error with NeuTraLAD on data_ToNIoT.csv: Cannot re-initialize CUDA in forked subprocess. To use CUDA with multiprocessing, you must use the 'spawn' start method
2026-03-18 16:38:25 | ERROR | Error with DASVDD on data_ToNIoT.csv: Cannot re-initialize CUDA in forked subprocess. To use CUDA with multiprocessing, you must use the 'spawn' start method
2026-03-18 16:38:25 | INFO |   LODA: AUCROC=33.0667%  Train=0.914s
2026-03-18 16:38:25 | INFO |   COPOD: AUCROC=40.1802%  Train=0.8813s
2026-03-18 16:38:25 | INFO |   ECOD: AUCROC=37.0671%  Train=0.2208s
2026-03-18 16:38:25 | ERROR | Error with VAE on data_ToNIoT.csv: VAE.__init__() got an unexpected keyword argument 'epochs'
2026-03-18 16:38:25 | ERROR | Error with DeepSVDD on data_ToNIoT.csv: DeepSVDD.__init__() got an unexpected keyword argument 'device'
2026-03-18 16:38:25 | ERROR | Error with LUNAR on data_ToNIoT.csv: LUNAR.__init__() got an unexpected keyword argument 'n_neighbors'
2026-03-18 16:38:25 | ERROR | Error with AE1SVM on data_ToNIoT.csv: AE1SVM.__init__() got an unexpected keyword argument 'device'
2026-03-18 16:38:25 | ERROR | Error with DevNet on data_ToNIoT.csv: CUDA error: initialization error
CUDA kernel errors might be asynchronously reported at some other API call, so the stacktrace below might be incorrect.
For debugging consider passing CUDA_LAUNCH_BLOCKING=1
Compile with `TORCH_USE_CUDA_DSA` to enable device-side assertions.

2026-03-18 16:38:25 | ERROR | Error with ALAD on data_ToNIoT.csv: CUDA error: initialization error
CUDA kernel errors might be asynchronously reported at some other API call, so the stacktrace below might be incorrect.
For debugging consider passing CUDA_LAUNCH_BLOCKING=1
Compile with `TORCH_USE_CUDA_DSA` to enable device-side assertions.

2026-03-18 16:38:25 | INFO | --- Noise: 3% ---
2026-03-18 16:38:57 | INFO |   CBLOF: AUCROC=83.5333%  Train=4.3881s
2026-03-18 16:38:57 | INFO |   KNN: AUCROC=91.111%  Train=2.5309s
2026-03-18 16:38:57 | INFO |   LOF: AUCROC=53.2734%  Train=2.2184s
2026-03-18 16:38:57 | INFO |   HBOS: AUCROC=73.5258%  Train=10.6638s
2026-03-18 16:38:57 | INFO |   IForest: AUCROC=71.3268%  Train=1.3653s
2026-03-18 16:38:57 | INFO |   PCA: AUCROC=31.0799%  Train=0.0319s
2026-03-18 16:38:57 | INFO |   OCSVM: AUCROC=12.4694%  Train=21.3961s
2026-03-18 16:38:57 | ERROR | Error with AutoEncoder on data_ToNIoT.csv: AutoEncoder.__init__() got an unexpected keyword argument 'epochs'
2026-03-18 16:38:57 | ERROR | Error with DIF on data_ToNIoT.csv: Cannot re-initialize CUDA in forked subprocess. To use CUDA with multiprocessing, you must use the 'spawn' start method
2026-03-18 16:38:57 | ERROR | Error with NeuTraLAD on data_ToNIoT.csv: Cannot re-initialize CUDA in forked subprocess. To use CUDA with multiprocessing, you must use the 'spawn' start method
2026-03-18 16:38:57 | ERROR | Error with DASVDD on data_ToNIoT.csv: Cannot re-initialize CUDA in forked subprocess. To use CUDA with multiprocessing, you must use the 'spawn' start method
2026-03-18 16:38:57 | INFO |   LODA: AUCROC=33.2674%  Train=0.9388s
2026-03-18 16:38:57 | INFO |   COPOD: AUCROC=39.6944%  Train=1.0328s
2026-03-18 16:38:57 | INFO |   ECOD: AUCROC=36.5942%  Train=0.2409s
2026-03-18 16:38:57 | ERROR | Error with VAE on data_ToNIoT.csv: VAE.__init__() got an unexpected keyword argument 'epochs'
2026-03-18 16:38:57 | ERROR | Error with DeepSVDD on data_ToNIoT.csv: DeepSVDD.__init__() got an unexpected keyword argument 'device'
2026-03-18 16:38:57 | ERROR | Error with LUNAR on data_ToNIoT.csv: LUNAR.__init__() got an unexpected keyword argument 'n_neighbors'
2026-03-18 16:38:57 | ERROR | Error with AE1SVM on data_ToNIoT.csv: AE1SVM.__init__() got an unexpected keyword argument 'device'
2026-03-18 16:38:57 | ERROR | Error with DevNet on data_ToNIoT.csv: CUDA error: initialization error
CUDA kernel errors might be asynchronously reported at some other API call, so the stacktrace below might be incorrect.
For debugging consider passing CUDA_LAUNCH_BLOCKING=1
Compile with `TORCH_USE_CUDA_DSA` to enable device-side assertions.

2026-03-18 16:38:57 | ERROR | Error with ALAD on data_ToNIoT.csv: CUDA error: initialization error
CUDA kernel errors might be asynchronously reported at some other API call, so the stacktrace below might be incorrect.
For debugging consider passing CUDA_LAUNCH_BLOCKING=1
Compile with `TORCH_USE_CUDA_DSA` to enable device-side assertions.

2026-03-18 16:38:57 | INFO | --- Noise: 5% ---
2026-03-18 16:39:29 | INFO |   CBLOF: AUCROC=80.0848%  Train=4.7523s
2026-03-18 16:39:29 | INFO |   KNN: AUCROC=88.4236%  Train=2.5012s
2026-03-18 16:39:29 | INFO |   LOF: AUCROC=53.894%  Train=2.3444s
2026-03-18 16:39:29 | INFO |   HBOS: AUCROC=72.2522%  Train=10.2328s
2026-03-18 16:39:29 | INFO |   IForest: AUCROC=61.1156%  Train=1.2653s
2026-03-18 16:39:29 | INFO |   PCA: AUCROC=30.0121%  Train=0.0332s
2026-03-18 16:39:29 | INFO |   OCSVM: AUCROC=12.5045%  Train=20.6121s
2026-03-18 16:39:29 | ERROR | Error with AutoEncoder on data_ToNIoT.csv: AutoEncoder.__init__() got an unexpected keyword argument 'epochs'
2026-03-18 16:39:29 | ERROR | Error with DIF on data_ToNIoT.csv: Cannot re-initialize CUDA in forked subprocess. To use CUDA with multiprocessing, you must use the 'spawn' start method
2026-03-18 16:39:29 | ERROR | Error with NeuTraLAD on data_ToNIoT.csv: Cannot re-initialize CUDA in forked subprocess. To use CUDA with multiprocessing, you must use the 'spawn' start method
2026-03-18 16:39:29 | ERROR | Error with DASVDD on data_ToNIoT.csv: Cannot re-initialize CUDA in forked subprocess. To use CUDA with multiprocessing, you must use the 'spawn' start method
2026-03-18 16:39:29 | INFO |   LODA: AUCROC=31.6923%  Train=0.7617s
2026-03-18 16:39:29 | INFO |   COPOD: AUCROC=39.1566%  Train=0.8909s
2026-03-18 16:39:29 | INFO |   ECOD: AUCROC=36.0547%  Train=0.2237s
2026-03-18 16:39:29 | ERROR | Error with VAE on data_ToNIoT.csv: VAE.__init__() got an unexpected keyword argument 'epochs'
2026-03-18 16:39:29 | ERROR | Error with DeepSVDD on data_ToNIoT.csv: DeepSVDD.__init__() got an unexpected keyword argument 'device'
2026-03-18 16:39:29 | ERROR | Error with LUNAR on data_ToNIoT.csv: LUNAR.__init__() got an unexpected keyword argument 'n_neighbors'
2026-03-18 16:39:29 | ERROR | Error with AE1SVM on data_ToNIoT.csv: AE1SVM.__init__() got an unexpected keyword argument 'device'
2026-03-18 16:39:29 | ERROR | Error with DevNet on data_ToNIoT.csv: CUDA error: initialization error
CUDA kernel errors might be asynchronously reported at some other API call, so the stacktrace below might be incorrect.
For debugging consider passing CUDA_LAUNCH_BLOCKING=1
Compile with `TORCH_USE_CUDA_DSA` to enable device-side assertions.

2026-03-18 16:39:29 | ERROR | Error with ALAD on data_ToNIoT.csv: CUDA error: initialization error
CUDA kernel errors might be asynchronously reported at some other API call, so the stacktrace below might be incorrect.
For debugging consider passing CUDA_LAUNCH_BLOCKING=1
Compile with `TORCH_USE_CUDA_DSA` to enable device-side assertions.

2026-03-18 16:39:29 | INFO | 
Processing Dataset: data_ToNIoT.csv | Scaler: QuantileTransformer
2026-03-18 16:39:29 | INFO | --- Noise: 0% ---
2026-03-18 16:40:08 | INFO |   CBLOF: AUCROC=89.8901%  Train=4.3341s
2026-03-18 16:40:08 | INFO |   KNN: AUCROC=97.265%  Train=2.3984s
2026-03-18 16:40:08 | INFO |   LOF: AUCROC=89.8028%  Train=2.2693s
2026-03-18 16:40:08 | INFO |   HBOS: AUCROC=74.2682%  Train=10.4508s
2026-03-18 16:40:08 | INFO |   IForest: AUCROC=68.4879%  Train=1.314s
2026-03-18 16:40:08 | INFO |   PCA: AUCROC=35.7328%  Train=0.0307s
2026-03-18 16:40:08 | INFO |   OCSVM: AUCROC=21.3209%  Train=18.0511s
2026-03-18 16:40:08 | ERROR | Error with AutoEncoder on data_ToNIoT.csv: AutoEncoder.__init__() got an unexpected keyword argument 'epochs'
2026-03-18 16:40:08 | ERROR | Error with DIF on data_ToNIoT.csv: Cannot re-initialize CUDA in forked subprocess. To use CUDA with multiprocessing, you must use the 'spawn' start method
2026-03-18 16:40:08 | ERROR | Error with NeuTraLAD on data_ToNIoT.csv: Cannot re-initialize CUDA in forked subprocess. To use CUDA with multiprocessing, you must use the 'spawn' start method
2026-03-18 16:40:08 | ERROR | Error with DASVDD on data_ToNIoT.csv: Cannot re-initialize CUDA in forked subprocess. To use CUDA with multiprocessing, you must use the 'spawn' start method
2026-03-18 16:40:08 | INFO |   LODA: AUCROC=32.8659%  Train=1.0649s
2026-03-18 16:40:08 | INFO |   COPOD: AUCROC=45.754%  Train=0.9128s
2026-03-18 16:40:08 | INFO |   ECOD: AUCROC=44.6967%  Train=0.2135s
2026-03-18 16:40:08 | ERROR | Error with VAE on data_ToNIoT.csv: VAE.__init__() got an unexpected keyword argument 'epochs'
2026-03-18 16:40:08 | ERROR | Error with DeepSVDD on data_ToNIoT.csv: DeepSVDD.__init__() got an unexpected keyword argument 'device'
2026-03-18 16:40:08 | ERROR | Error with LUNAR on data_ToNIoT.csv: LUNAR.__init__() got an unexpected keyword argument 'n_neighbors'
2026-03-18 16:40:08 | ERROR | Error with AE1SVM on data_ToNIoT.csv: AE1SVM.__init__() got an unexpected keyword argument 'device'
2026-03-18 16:40:08 | ERROR | Error with DevNet on data_ToNIoT.csv: CUDA error: initialization error
CUDA kernel errors might be asynchronously reported at some other API call, so the stacktrace below might be incorrect.
For debugging consider passing CUDA_LAUNCH_BLOCKING=1
Compile with `TORCH_USE_CUDA_DSA` to enable device-side assertions.

2026-03-18 16:40:08 | ERROR | Error with ALAD on data_ToNIoT.csv: CUDA error: initialization error
CUDA kernel errors might be asynchronously reported at some other API call, so the stacktrace below might be incorrect.
For debugging consider passing CUDA_LAUNCH_BLOCKING=1
Compile with `TORCH_USE_CUDA_DSA` to enable device-side assertions.

2026-03-18 16:40:08 | INFO | --- Noise: 1% ---
2026-03-18 16:40:47 | INFO |   CBLOF: AUCROC=92.0156%  Train=5.1301s
2026-03-18 16:40:47 | INFO |   KNN: AUCROC=93.3337%  Train=2.8192s
2026-03-18 16:40:47 | INFO |   LOF: AUCROC=58.5291%  Train=2.7109s
2026-03-18 16:40:47 | INFO |   HBOS: AUCROC=72.7072%  Train=12.5065s
2026-03-18 16:40:47 | INFO |   IForest: AUCROC=69.2883%  Train=1.7847s
2026-03-18 16:40:47 | INFO |   PCA: AUCROC=35.6976%  Train=0.0407s
2026-03-18 16:40:47 | INFO |   OCSVM: AUCROC=21.2095%  Train=23.9111s
2026-03-18 16:40:47 | ERROR | Error with AutoEncoder on data_ToNIoT.csv: AutoEncoder.__init__() got an unexpected keyword argument 'epochs'
2026-03-18 16:40:47 | ERROR | Error with DIF on data_ToNIoT.csv: Cannot re-initialize CUDA in forked subprocess. To use CUDA with multiprocessing, you must use the 'spawn' start method
2026-03-18 16:40:47 | ERROR | Error with NeuTraLAD on data_ToNIoT.csv: Cannot re-initialize CUDA in forked subprocess. To use CUDA with multiprocessing, you must use the 'spawn' start method
2026-03-18 16:40:47 | ERROR | Error with DASVDD on data_ToNIoT.csv: Cannot re-initialize CUDA in forked subprocess. To use CUDA with multiprocessing, you must use the 'spawn' start method
2026-03-18 16:40:47 | INFO |   LODA: AUCROC=33.8215%  Train=1.1963s
2026-03-18 16:40:47 | INFO |   COPOD: AUCROC=45.4918%  Train=1.3524s
2026-03-18 16:40:47 | INFO |   ECOD: AUCROC=44.3999%  Train=0.1817s
2026-03-18 16:40:47 | ERROR | Error with VAE on data_ToNIoT.csv: VAE.__init__() got an unexpected keyword argument 'epochs'
2026-03-18 16:40:47 | ERROR | Error with DeepSVDD on data_ToNIoT.csv: DeepSVDD.__init__() got an unexpected keyword argument 'device'
2026-03-18 16:40:47 | ERROR | Error with LUNAR on data_ToNIoT.csv: LUNAR.__init__() got an unexpected keyword argument 'n_neighbors'
2026-03-18 16:40:47 | ERROR | Error with AE1SVM on data_ToNIoT.csv: AE1SVM.__init__() got an unexpected keyword argument 'device'
2026-03-18 16:40:47 | ERROR | Error with DevNet on data_ToNIoT.csv: CUDA error: initialization error
CUDA kernel errors might be asynchronously reported at some other API call, so the stacktrace below might be incorrect.
For debugging consider passing CUDA_LAUNCH_BLOCKING=1
Compile with `TORCH_USE_CUDA_DSA` to enable device-side assertions.

2026-03-18 16:40:47 | ERROR | Error with ALAD on data_ToNIoT.csv: CUDA error: initialization error
CUDA kernel errors might be asynchronously reported at some other API call, so the stacktrace below might be incorrect.
For debugging consider passing CUDA_LAUNCH_BLOCKING=1
Compile with `TORCH_USE_CUDA_DSA` to enable device-side assertions.

2026-03-18 16:40:47 | INFO | --- Noise: 3% ---
2026-03-18 16:41:24 | INFO |   CBLOF: AUCROC=85.5729%  Train=5.7602s
2026-03-18 16:41:24 | INFO |   KNN: AUCROC=83.4879%  Train=2.9874s
2026-03-18 16:41:24 | INFO |   LOF: AUCROC=55.0736%  Train=2.8494s
2026-03-18 16:41:24 | INFO |   HBOS: AUCROC=70.3323%  Train=11.4059s
2026-03-18 16:41:24 | INFO |   IForest: AUCROC=67.125%  Train=1.9819s
2026-03-18 16:41:24 | INFO |   PCA: AUCROC=33.9196%  Train=0.0446s
2026-03-18 16:41:24 | INFO |   OCSVM: AUCROC=20.905%  Train=20.0153s
2026-03-18 16:41:24 | ERROR | Error with AutoEncoder on data_ToNIoT.csv: AutoEncoder.__init__() got an unexpected keyword argument 'epochs'
2026-03-18 16:41:24 | ERROR | Error with DIF on data_ToNIoT.csv: Cannot re-initialize CUDA in forked subprocess. To use CUDA with multiprocessing, you must use the 'spawn' start method
2026-03-18 16:41:24 | ERROR | Error with NeuTraLAD on data_ToNIoT.csv: Cannot re-initialize CUDA in forked subprocess. To use CUDA with multiprocessing, you must use the 'spawn' start method
2026-03-18 16:41:24 | ERROR | Error with DASVDD on data_ToNIoT.csv: Cannot re-initialize CUDA in forked subprocess. To use CUDA with multiprocessing, you must use the 'spawn' start method
2026-03-18 16:41:24 | INFO |   LODA: AUCROC=31.2976%  Train=0.9975s
2026-03-18 16:41:24 | INFO |   COPOD: AUCROC=44.9929%  Train=1.0966s
2026-03-18 16:41:24 | INFO |   ECOD: AUCROC=43.8379%  Train=0.2395s
2026-03-18 16:41:24 | ERROR | Error with VAE on data_ToNIoT.csv: VAE.__init__() got an unexpected keyword argument 'epochs'
2026-03-18 16:41:24 | ERROR | Error with DeepSVDD on data_ToNIoT.csv: DeepSVDD.__init__() got an unexpected keyword argument 'device'
2026-03-18 16:41:24 | ERROR | Error with LUNAR on data_ToNIoT.csv: LUNAR.__init__() got an unexpected keyword argument 'n_neighbors'
2026-03-18 16:41:24 | ERROR | Error with AE1SVM on data_ToNIoT.csv: AE1SVM.__init__() got an unexpected keyword argument 'device'
2026-03-18 16:41:24 | ERROR | Error with DevNet on data_ToNIoT.csv: CUDA error: initialization error
CUDA kernel errors might be asynchronously reported at some other API call, so the stacktrace below might be incorrect.
For debugging consider passing CUDA_LAUNCH_BLOCKING=1
Compile with `TORCH_USE_CUDA_DSA` to enable device-side assertions.

2026-03-18 16:41:24 | ERROR | Error with ALAD on data_ToNIoT.csv: CUDA error: initialization error
CUDA kernel errors might be asynchronously reported at some other API call, so the stacktrace below might be incorrect.
For debugging consider passing CUDA_LAUNCH_BLOCKING=1
Compile with `TORCH_USE_CUDA_DSA` to enable device-side assertions.

2026-03-18 16:41:24 | INFO | --- Noise: 5% ---
2026-03-18 16:42:00 | INFO |   CBLOF: AUCROC=70.7172%  Train=4.45s
2026-03-18 16:42:00 | INFO |   KNN: AUCROC=77.6142%  Train=2.36s
2026-03-18 16:42:00 | INFO |   LOF: AUCROC=53.1993%  Train=2.4698s
2026-03-18 16:42:00 | INFO |   HBOS: AUCROC=68.2966%  Train=10.8255s
2026-03-18 16:42:00 | INFO |   IForest: AUCROC=64.8354%  Train=1.3317s
2026-03-18 16:42:00 | INFO |   PCA: AUCROC=32.9197%  Train=0.0347s
2026-03-18 16:42:00 | INFO |   OCSVM: AUCROC=20.9261%  Train=21.4876s
2026-03-18 16:42:00 | ERROR | Error with AutoEncoder on data_ToNIoT.csv: AutoEncoder.__init__() got an unexpected keyword argument 'epochs'
2026-03-18 16:42:00 | ERROR | Error with DIF on data_ToNIoT.csv: Cannot re-initialize CUDA in forked subprocess. To use CUDA with multiprocessing, you must use the 'spawn' start method
2026-03-18 16:42:00 | ERROR | Error with NeuTraLAD on data_ToNIoT.csv: Cannot re-initialize CUDA in forked subprocess. To use CUDA with multiprocessing, you must use the 'spawn' start method
2026-03-18 16:42:00 | ERROR | Error with DASVDD on data_ToNIoT.csv: Cannot re-initialize CUDA in forked subprocess. To use CUDA with multiprocessing, you must use the 'spawn' start method
2026-03-18 16:42:00 | INFO |   LODA: AUCROC=32.291%  Train=0.92s
2026-03-18 16:42:00 | INFO |   COPOD: AUCROC=44.5091%  Train=0.918s
2026-03-18 16:42:00 | INFO |   ECOD: AUCROC=43.3193%  Train=0.1958s
2026-03-18 16:42:00 | ERROR | Error with VAE on data_ToNIoT.csv: VAE.__init__() got an unexpected keyword argument 'epochs'
2026-03-18 16:42:00 | ERROR | Error with DeepSVDD on data_ToNIoT.csv: DeepSVDD.__init__() got an unexpected keyword argument 'device'
2026-03-18 16:42:00 | ERROR | Error with LUNAR on data_ToNIoT.csv: LUNAR.__init__() got an unexpected keyword argument 'n_neighbors'
2026-03-18 16:42:00 | ERROR | Error with AE1SVM on data_ToNIoT.csv: AE1SVM.__init__() got an unexpected keyword argument 'device'
2026-03-18 16:42:00 | ERROR | Error with DevNet on data_ToNIoT.csv: CUDA error: initialization error
CUDA kernel errors might be asynchronously reported at some other API call, so the stacktrace below might be incorrect.
For debugging consider passing CUDA_LAUNCH_BLOCKING=1
Compile with `TORCH_USE_CUDA_DSA` to enable device-side assertions.

2026-03-18 16:42:00 | ERROR | Error with ALAD on data_ToNIoT.csv: CUDA error: initialization error
CUDA kernel errors might be asynchronously reported at some other API call, so the stacktrace below might be incorrect.
For debugging consider passing CUDA_LAUNCH_BLOCKING=1
Compile with `TORCH_USE_CUDA_DSA` to enable device-side assertions.

2026-03-18 16:42:00 | INFO | 
Processing Dataset: data_ToNIoT.csv | Scaler: RobustScaler
2026-03-18 16:42:00 | INFO | --- Noise: 0% ---
2026-03-18 16:42:28 | INFO |   CBLOF: AUCROC=95.5%  Train=4.3376s
2026-03-18 16:42:28 | INFO |   KNN: AUCROC=99.4706%  Train=2.3944s
2026-03-18 16:42:28 | INFO |   LOF: AUCROC=96.4501%  Train=2.2305s
2026-03-18 16:42:28 | INFO |   HBOS: AUCROC=85.7463%  Train=9.7757s
2026-03-18 16:42:28 | INFO |   IForest: AUCROC=75.5331%  Train=1.2544s
2026-03-18 16:42:28 | INFO |   PCA: AUCROC=35.5977%  Train=0.0339s
2026-03-18 16:42:28 | INFO |   OCSVM: AUCROC=21.8936%  Train=17.8542s
2026-03-18 16:42:28 | ERROR | Error with AutoEncoder on data_ToNIoT.csv: AutoEncoder.__init__() got an unexpected keyword argument 'epochs'
2026-03-18 16:42:28 | ERROR | Error with DIF on data_ToNIoT.csv: Cannot re-initialize CUDA in forked subprocess. To use CUDA with multiprocessing, you must use the 'spawn' start method
2026-03-18 16:42:28 | ERROR | Error with NeuTraLAD on data_ToNIoT.csv: Cannot re-initialize CUDA in forked subprocess. To use CUDA with multiprocessing, you must use the 'spawn' start method
2026-03-18 16:42:28 | ERROR | Error with DASVDD on data_ToNIoT.csv: Cannot re-initialize CUDA in forked subprocess. To use CUDA with multiprocessing, you must use the 'spawn' start method
2026-03-18 16:42:28 | INFO |   LODA: AUCROC=57.6674%  Train=0.7127s
2026-03-18 16:42:28 | INFO |   COPOD: AUCROC=55.2081%  Train=0.8743s
2026-03-18 16:42:28 | INFO |   ECOD: AUCROC=44.7054%  Train=0.2278s
2026-03-18 16:42:28 | ERROR | Error with VAE on data_ToNIoT.csv: VAE.__init__() got an unexpected keyword argument 'epochs'
2026-03-18 16:42:28 | ERROR | Error with DeepSVDD on data_ToNIoT.csv: DeepSVDD.__init__() got an unexpected keyword argument 'device'
2026-03-18 16:42:28 | ERROR | Error with LUNAR on data_ToNIoT.csv: LUNAR.__init__() got an unexpected keyword argument 'n_neighbors'
2026-03-18 16:42:28 | ERROR | Error with AE1SVM on data_ToNIoT.csv: AE1SVM.__init__() got an unexpected keyword argument 'device'
2026-03-18 16:42:28 | ERROR | Error with DevNet on data_ToNIoT.csv: CUDA error: initialization error
CUDA kernel errors might be asynchronously reported at some other API call, so the stacktrace below might be incorrect.
For debugging consider passing CUDA_LAUNCH_BLOCKING=1
Compile with `TORCH_USE_CUDA_DSA` to enable device-side assertions.

2026-03-18 16:42:28 | ERROR | Error with ALAD on data_ToNIoT.csv: CUDA error: initialization error
CUDA kernel errors might be asynchronously reported at some other API call, so the stacktrace below might be incorrect.
For debugging consider passing CUDA_LAUNCH_BLOCKING=1
Compile with `TORCH_USE_CUDA_DSA` to enable device-side assertions.

2026-03-18 16:42:28 | INFO | --- Noise: 1% ---
2026-03-18 16:42:58 | INFO |   CBLOF: AUCROC=94.3553%  Train=4.7496s
2026-03-18 16:42:58 | INFO |   KNN: AUCROC=95.7327%  Train=2.4385s
2026-03-18 16:42:58 | INFO |   LOF: AUCROC=58.9198%  Train=2.2952s
2026-03-18 16:42:58 | INFO |   HBOS: AUCROC=84.2412%  Train=9.5226s
2026-03-18 16:42:58 | INFO |   IForest: AUCROC=74.9563%  Train=1.2262s
2026-03-18 16:42:58 | INFO |   PCA: AUCROC=35.3491%  Train=0.0396s
2026-03-18 16:42:58 | INFO |   OCSVM: AUCROC=21.209%  Train=19.0483s
2026-03-18 16:42:58 | ERROR | Error with AutoEncoder on data_ToNIoT.csv: AutoEncoder.__init__() got an unexpected keyword argument 'epochs'
2026-03-18 16:42:58 | ERROR | Error with DIF on data_ToNIoT.csv: Cannot re-initialize CUDA in forked subprocess. To use CUDA with multiprocessing, you must use the 'spawn' start method
2026-03-18 16:42:58 | ERROR | Error with NeuTraLAD on data_ToNIoT.csv: Cannot re-initialize CUDA in forked subprocess. To use CUDA with multiprocessing, you must use the 'spawn' start method
2026-03-18 16:42:58 | ERROR | Error with DASVDD on data_ToNIoT.csv: Cannot re-initialize CUDA in forked subprocess. To use CUDA with multiprocessing, you must use the 'spawn' start method
2026-03-18 16:42:58 | INFO |   LODA: AUCROC=50.8474%  Train=0.8888s
2026-03-18 16:42:58 | INFO |   COPOD: AUCROC=54.9566%  Train=0.8312s
2026-03-18 16:42:58 | INFO |   ECOD: AUCROC=44.4121%  Train=0.1804s
2026-03-18 16:42:58 | ERROR | Error with VAE on data_ToNIoT.csv: VAE.__init__() got an unexpected keyword argument 'epochs'
2026-03-18 16:42:58 | ERROR | Error with DeepSVDD on data_ToNIoT.csv: DeepSVDD.__init__() got an unexpected keyword argument 'device'
2026-03-18 16:42:58 | ERROR | Error with LUNAR on data_ToNIoT.csv: LUNAR.__init__() got an unexpected keyword argument 'n_neighbors'
2026-03-18 16:42:58 | ERROR | Error with AE1SVM on data_ToNIoT.csv: AE1SVM.__init__() got an unexpected keyword argument 'device'
2026-03-18 16:42:58 | ERROR | Error with DevNet on data_ToNIoT.csv: CUDA error: initialization error
CUDA kernel errors might be asynchronously reported at some other API call, so the stacktrace below might be incorrect.
For debugging consider passing CUDA_LAUNCH_BLOCKING=1
Compile with `TORCH_USE_CUDA_DSA` to enable device-side assertions.

2026-03-18 16:42:58 | ERROR | Error with ALAD on data_ToNIoT.csv: CUDA error: initialization error
CUDA kernel errors might be asynchronously reported at some other API call, so the stacktrace below might be incorrect.
For debugging consider passing CUDA_LAUNCH_BLOCKING=1
Compile with `TORCH_USE_CUDA_DSA` to enable device-side assertions.

2026-03-18 16:42:58 | INFO | --- Noise: 3% ---
2026-03-18 16:43:30 | INFO |   CBLOF: AUCROC=94.0995%  Train=4.5728s
2026-03-18 16:43:30 | INFO |   KNN: AUCROC=90.4234%  Train=2.5481s
2026-03-18 16:43:30 | INFO |   LOF: AUCROC=54.0793%  Train=2.3698s
2026-03-18 16:43:30 | INFO |   HBOS: AUCROC=82.3456%  Train=10.5849s
2026-03-18 16:43:30 | INFO |   IForest: AUCROC=79.8342%  Train=1.2195s
2026-03-18 16:43:30 | INFO |   PCA: AUCROC=34.9983%  Train=0.0374s
2026-03-18 16:43:30 | INFO |   OCSVM: AUCROC=19.9211%  Train=20.4936s
2026-03-18 16:43:30 | ERROR | Error with AutoEncoder on data_ToNIoT.csv: AutoEncoder.__init__() got an unexpected keyword argument 'epochs'
2026-03-18 16:43:30 | ERROR | Error with DIF on data_ToNIoT.csv: Cannot re-initialize CUDA in forked subprocess. To use CUDA with multiprocessing, you must use the 'spawn' start method
2026-03-18 16:43:30 | ERROR | Error with NeuTraLAD on data_ToNIoT.csv: Cannot re-initialize CUDA in forked subprocess. To use CUDA with multiprocessing, you must use the 'spawn' start method
2026-03-18 16:43:30 | ERROR | Error with DASVDD on data_ToNIoT.csv: Cannot re-initialize CUDA in forked subprocess. To use CUDA with multiprocessing, you must use the 'spawn' start method
2026-03-18 16:43:30 | INFO |   LODA: AUCROC=54.6658%  Train=1.045s
2026-03-18 16:43:30 | INFO |   COPOD: AUCROC=54.4941%  Train=0.9714s
2026-03-18 16:43:30 | INFO |   ECOD: AUCROC=43.8514%  Train=0.2034s
2026-03-18 16:43:30 | ERROR | Error with VAE on data_ToNIoT.csv: VAE.__init__() got an unexpected keyword argument 'epochs'
2026-03-18 16:43:30 | ERROR | Error with DeepSVDD on data_ToNIoT.csv: DeepSVDD.__init__() got an unexpected keyword argument 'device'
2026-03-18 16:43:30 | ERROR | Error with LUNAR on data_ToNIoT.csv: LUNAR.__init__() got an unexpected keyword argument 'n_neighbors'
2026-03-18 16:43:30 | ERROR | Error with AE1SVM on data_ToNIoT.csv: AE1SVM.__init__() got an unexpected keyword argument 'device'
2026-03-18 16:43:30 | ERROR | Error with DevNet on data_ToNIoT.csv: CUDA error: initialization error
CUDA kernel errors might be asynchronously reported at some other API call, so the stacktrace below might be incorrect.
For debugging consider passing CUDA_LAUNCH_BLOCKING=1
Compile with `TORCH_USE_CUDA_DSA` to enable device-side assertions.

2026-03-18 16:43:30 | ERROR | Error with ALAD on data_ToNIoT.csv: CUDA error: initialization error
CUDA kernel errors might be asynchronously reported at some other API call, so the stacktrace below might be incorrect.
For debugging consider passing CUDA_LAUNCH_BLOCKING=1
Compile with `TORCH_USE_CUDA_DSA` to enable device-side assertions.

2026-03-18 16:43:30 | INFO | --- Noise: 5% ---
2026-03-18 16:44:05 | INFO |   CBLOF: AUCROC=83.2772%  Train=4.6307s
2026-03-18 16:44:05 | INFO |   KNN: AUCROC=87.8131%  Train=2.4818s
2026-03-18 16:44:05 | INFO |   LOF: AUCROC=53.45%  Train=2.5346s
2026-03-18 16:44:05 | INFO |   HBOS: AUCROC=81.105%  Train=10.3524s
2026-03-18 16:44:05 | INFO |   IForest: AUCROC=77.257%  Train=1.3136s
2026-03-18 16:44:05 | INFO |   PCA: AUCROC=34.7614%  Train=0.0432s
2026-03-18 16:44:05 | INFO |   OCSVM: AUCROC=19.1503%  Train=24.4409s
2026-03-18 16:44:05 | ERROR | Error with AutoEncoder on data_ToNIoT.csv: AutoEncoder.__init__() got an unexpected keyword argument 'epochs'
2026-03-18 16:44:05 | ERROR | Error with DIF on data_ToNIoT.csv: Cannot re-initialize CUDA in forked subprocess. To use CUDA with multiprocessing, you must use the 'spawn' start method
2026-03-18 16:44:05 | ERROR | Error with NeuTraLAD on data_ToNIoT.csv: Cannot re-initialize CUDA in forked subprocess. To use CUDA with multiprocessing, you must use the 'spawn' start method
2026-03-18 16:44:05 | ERROR | Error with DASVDD on data_ToNIoT.csv: Cannot re-initialize CUDA in forked subprocess. To use CUDA with multiprocessing, you must use the 'spawn' start method
2026-03-18 16:44:05 | INFO |   LODA: AUCROC=50.4833%  Train=0.9673s
2026-03-18 16:44:05 | INFO |   COPOD: AUCROC=54.0571%  Train=0.8995s
2026-03-18 16:44:05 | INFO |   ECOD: AUCROC=43.3296%  Train=0.2452s
2026-03-18 16:44:05 | ERROR | Error with VAE on data_ToNIoT.csv: VAE.__init__() got an unexpected keyword argument 'epochs'
2026-03-18 16:44:05 | ERROR | Error with DeepSVDD on data_ToNIoT.csv: DeepSVDD.__init__() got an unexpected keyword argument 'device'
2026-03-18 16:44:05 | ERROR | Error with LUNAR on data_ToNIoT.csv: LUNAR.__init__() got an unexpected keyword argument 'n_neighbors'
2026-03-18 16:44:05 | ERROR | Error with AE1SVM on data_ToNIoT.csv: AE1SVM.__init__() got an unexpected keyword argument 'device'
2026-03-18 16:44:05 | ERROR | Error with DevNet on data_ToNIoT.csv: CUDA error: initialization error
CUDA kernel errors might be asynchronously reported at some other API call, so the stacktrace below might be incorrect.
For debugging consider passing CUDA_LAUNCH_BLOCKING=1
Compile with `TORCH_USE_CUDA_DSA` to enable device-side assertions.

2026-03-18 16:44:05 | ERROR | Error with ALAD on data_ToNIoT.csv: CUDA error: initialization error
CUDA kernel errors might be asynchronously reported at some other API call, so the stacktrace below might be incorrect.
For debugging consider passing CUDA_LAUNCH_BLOCKING=1
Compile with `TORCH_USE_CUDA_DSA` to enable device-side assertions.

2026-03-18 16:44:05 | INFO | 
Processing Dataset: data_N_BaIoT.csv | Scaler: StandardScaler
2026-03-18 16:44:06 | INFO | --- Noise: 0% ---
2026-03-18 16:46:34 | INFO |   CBLOF: AUCROC=99.9192%  Train=5.4702s
2026-03-18 16:46:34 | INFO |   KNN: AUCROC=99.9638%  Train=3.5543s
2026-03-18 16:46:34 | INFO |   LOF: AUCROC=95.9586%  Train=3.1652s
2026-03-18 16:46:34 | INFO |   HBOS: AUCROC=97.2101%  Train=11.9569s
2026-03-18 16:46:34 | INFO |   IForest: AUCROC=99.4213%  Train=1.6002s
2026-03-18 16:46:34 | INFO |   PCA: AUCROC=99.7579%  Train=0.3383s
2026-03-18 16:46:34 | INFO |   OCSVM: AUCROC=99.9204%  Train=35.763s
2026-03-18 16:46:34 | ERROR | Error with AutoEncoder on data_N_BaIoT.csv: AutoEncoder.__init__() got an unexpected keyword argument 'epochs'
2026-03-18 16:46:34 | ERROR | Error with DIF on data_N_BaIoT.csv: Cannot re-initialize CUDA in forked subprocess. To use CUDA with multiprocessing, you must use the 'spawn' start method
2026-03-18 16:46:34 | ERROR | Error with NeuTraLAD on data_N_BaIoT.csv: Cannot re-initialize CUDA in forked subprocess. To use CUDA with multiprocessing, you must use the 'spawn' start method
2026-03-18 16:46:34 | ERROR | Error with DASVDD on data_N_BaIoT.csv: Cannot re-initialize CUDA in forked subprocess. To use CUDA with multiprocessing, you must use the 'spawn' start method
2026-03-18 16:46:34 | INFO |   LODA: AUCROC=99.7585%  Train=1.279s
2026-03-18 16:46:34 | INFO |   COPOD: AUCROC=94.2094%  Train=1.0202s
2026-03-18 16:46:34 | INFO |   ECOD: AUCROC=89.9542%  Train=1.6616s
2026-03-18 16:46:34 | ERROR | Error with VAE on data_N_BaIoT.csv: VAE.__init__() got an unexpected keyword argument 'epochs'
2026-03-18 16:46:34 | ERROR | Error with DeepSVDD on data_N_BaIoT.csv: DeepSVDD.__init__() got an unexpected keyword argument 'device'
2026-03-18 16:46:34 | ERROR | Error with LUNAR on data_N_BaIoT.csv: LUNAR.__init__() got an unexpected keyword argument 'n_neighbors'
2026-03-18 16:46:34 | ERROR | Error with AE1SVM on data_N_BaIoT.csv: AE1SVM.__init__() got an unexpected keyword argument 'device'
2026-03-18 16:46:34 | ERROR | Error with DevNet on data_N_BaIoT.csv: CUDA error: initialization error
CUDA kernel errors might be asynchronously reported at some other API call, so the stacktrace below might be incorrect.
For debugging consider passing CUDA_LAUNCH_BLOCKING=1
Compile with `TORCH_USE_CUDA_DSA` to enable device-side assertions.

2026-03-18 16:46:34 | ERROR | Error with ALAD on data_N_BaIoT.csv: CUDA error: initialization error
CUDA kernel errors might be asynchronously reported at some other API call, so the stacktrace below might be incorrect.
For debugging consider passing CUDA_LAUNCH_BLOCKING=1
Compile with `TORCH_USE_CUDA_DSA` to enable device-side assertions.

2026-03-18 16:46:34 | INFO | --- Noise: 1% ---
2026-03-18 16:48:53 | INFO |   CBLOF: AUCROC=99.919%  Train=5.7101s
2026-03-18 16:48:53 | INFO |   KNN: AUCROC=82.417%  Train=3.8999s
2026-03-18 16:48:53 | INFO |   LOF: AUCROC=40.3725%  Train=3.4539s
2026-03-18 16:48:53 | INFO |   HBOS: AUCROC=96.1612%  Train=11.8751s
2026-03-18 16:48:53 | INFO |   IForest: AUCROC=99.6794%  Train=1.6317s
2026-03-18 16:48:53 | INFO |   PCA: AUCROC=99.6454%  Train=0.3562s
2026-03-18 16:48:53 | INFO |   OCSVM: AUCROC=99.8413%  Train=36.967s
2026-03-18 16:48:53 | ERROR | Error with AutoEncoder on data_N_BaIoT.csv: AutoEncoder.__init__() got an unexpected keyword argument 'epochs'
2026-03-18 16:48:53 | ERROR | Error with DIF on data_N_BaIoT.csv: Cannot re-initialize CUDA in forked subprocess. To use CUDA with multiprocessing, you must use the 'spawn' start method
2026-03-18 16:48:53 | ERROR | Error with NeuTraLAD on data_N_BaIoT.csv: Cannot re-initialize CUDA in forked subprocess. To use CUDA with multiprocessing, you must use the 'spawn' start method
2026-03-18 16:48:53 | ERROR | Error with DASVDD on data_N_BaIoT.csv: Cannot re-initialize CUDA in forked subprocess. To use CUDA with multiprocessing, you must use the 'spawn' start method
2026-03-18 16:48:53 | INFO |   LODA: AUCROC=99.7323%  Train=1.2234s
2026-03-18 16:48:53 | INFO |   COPOD: AUCROC=94.0288%  Train=1.0286s
2026-03-18 16:48:53 | INFO |   ECOD: AUCROC=89.6623%  Train=0.7801s
2026-03-18 16:48:53 | ERROR | Error with VAE on data_N_BaIoT.csv: VAE.__init__() got an unexpected keyword argument 'epochs'
2026-03-18 16:48:53 | ERROR | Error with DeepSVDD on data_N_BaIoT.csv: DeepSVDD.__init__() got an unexpected keyword argument 'device'
2026-03-18 16:48:53 | ERROR | Error with LUNAR on data_N_BaIoT.csv: LUNAR.__init__() got an unexpected keyword argument 'n_neighbors'
2026-03-18 16:48:53 | ERROR | Error with AE1SVM on data_N_BaIoT.csv: AE1SVM.__init__() got an unexpected keyword argument 'device'
2026-03-18 16:48:53 | ERROR | Error with DevNet on data_N_BaIoT.csv: CUDA error: initialization error
CUDA kernel errors might be asynchronously reported at some other API call, so the stacktrace below might be incorrect.
For debugging consider passing CUDA_LAUNCH_BLOCKING=1
Compile with `TORCH_USE_CUDA_DSA` to enable device-side assertions.

2026-03-18 16:48:53 | ERROR | Error with ALAD on data_N_BaIoT.csv: CUDA error: initialization error
CUDA kernel errors might be asynchronously reported at some other API call, so the stacktrace below might be incorrect.
For debugging consider passing CUDA_LAUNCH_BLOCKING=1
Compile with `TORCH_USE_CUDA_DSA` to enable device-side assertions.

2026-03-18 16:48:53 | INFO | --- Noise: 3% ---
2026-03-18 16:51:21 | INFO |   CBLOF: AUCROC=99.9225%  Train=5.9065s
2026-03-18 16:51:21 | INFO |   KNN: AUCROC=74.0497%  Train=4.1831s
2026-03-18 16:51:21 | INFO |   LOF: AUCROC=37.1715%  Train=3.5528s
2026-03-18 16:51:21 | INFO |   HBOS: AUCROC=92.1261%  Train=13.3285s
2026-03-18 16:51:21 | INFO |   IForest: AUCROC=99.538%  Train=1.7524s
2026-03-18 16:51:21 | INFO |   PCA: AUCROC=99.4073%  Train=0.4921s
2026-03-18 16:51:21 | INFO |   OCSVM: AUCROC=98.7096%  Train=42.5019s
2026-03-18 16:51:21 | ERROR | Error with AutoEncoder on data_N_BaIoT.csv: AutoEncoder.__init__() got an unexpected keyword argument 'epochs'
2026-03-18 16:51:21 | ERROR | Error with DIF on data_N_BaIoT.csv: Cannot re-initialize CUDA in forked subprocess. To use CUDA with multiprocessing, you must use the 'spawn' start method
2026-03-18 16:51:21 | ERROR | Error with NeuTraLAD on data_N_BaIoT.csv: Cannot re-initialize CUDA in forked subprocess. To use CUDA with multiprocessing, you must use the 'spawn' start method
2026-03-18 16:51:21 | ERROR | Error with DASVDD on data_N_BaIoT.csv: Cannot re-initialize CUDA in forked subprocess. To use CUDA with multiprocessing, you must use the 'spawn' start method
2026-03-18 16:51:21 | INFO |   LODA: AUCROC=99.6773%  Train=1.5726s
2026-03-18 16:51:21 | INFO |   COPOD: AUCROC=93.649%  Train=1.303s
2026-03-18 16:51:21 | INFO |   ECOD: AUCROC=89.0038%  Train=0.8973s
2026-03-18 16:51:21 | ERROR | Error with VAE on data_N_BaIoT.csv: VAE.__init__() got an unexpected keyword argument 'epochs'
2026-03-18 16:51:21 | ERROR | Error with DeepSVDD on data_N_BaIoT.csv: DeepSVDD.__init__() got an unexpected keyword argument 'device'
2026-03-18 16:51:21 | ERROR | Error with LUNAR on data_N_BaIoT.csv: LUNAR.__init__() got an unexpected keyword argument 'n_neighbors'
2026-03-18 16:51:21 | ERROR | Error with AE1SVM on data_N_BaIoT.csv: AE1SVM.__init__() got an unexpected keyword argument 'device'
2026-03-18 16:51:21 | ERROR | Error with DevNet on data_N_BaIoT.csv: CUDA error: initialization error
CUDA kernel errors might be asynchronously reported at some other API call, so the stacktrace below might be incorrect.
For debugging consider passing CUDA_LAUNCH_BLOCKING=1
Compile with `TORCH_USE_CUDA_DSA` to enable device-side assertions.

2026-03-18 16:51:21 | ERROR | Error with ALAD on data_N_BaIoT.csv: CUDA error: initialization error
CUDA kernel errors might be asynchronously reported at some other API call, so the stacktrace below might be incorrect.
For debugging consider passing CUDA_LAUNCH_BLOCKING=1
Compile with `TORCH_USE_CUDA_DSA` to enable device-side assertions.

2026-03-18 16:51:21 | INFO | --- Noise: 5% ---
2026-03-18 16:53:41 | INFO |   CBLOF: AUCROC=99.9048%  Train=6.7209s
2026-03-18 16:53:41 | INFO |   KNN: AUCROC=68.0081%  Train=4.4149s
2026-03-18 16:53:41 | INFO |   LOF: AUCROC=39.0524%  Train=4.0041s
2026-03-18 16:53:41 | INFO |   HBOS: AUCROC=87.7837%  Train=10.7427s
2026-03-18 16:53:41 | INFO |   IForest: AUCROC=99.509%  Train=2.1139s
2026-03-18 16:53:41 | INFO |   PCA: AUCROC=99.1374%  Train=0.8132s
2026-03-18 16:53:41 | INFO |   OCSVM: AUCROC=97.8316%  Train=43.3606s
2026-03-18 16:53:41 | ERROR | Error with AutoEncoder on data_N_BaIoT.csv: AutoEncoder.__init__() got an unexpected keyword argument 'epochs'
2026-03-18 16:53:41 | ERROR | Error with DIF on data_N_BaIoT.csv: Cannot re-initialize CUDA in forked subprocess. To use CUDA with multiprocessing, you must use the 'spawn' start method
2026-03-18 16:53:41 | ERROR | Error with NeuTraLAD on data_N_BaIoT.csv: Cannot re-initialize CUDA in forked subprocess. To use CUDA with multiprocessing, you must use the 'spawn' start method
2026-03-18 16:53:41 | ERROR | Error with DASVDD on data_N_BaIoT.csv: Cannot re-initialize CUDA in forked subprocess. To use CUDA with multiprocessing, you must use the 'spawn' start method
2026-03-18 16:53:41 | INFO |   LODA: AUCROC=99.6208%  Train=1.6331s
2026-03-18 16:53:41 | INFO |   COPOD: AUCROC=93.3656%  Train=1.8016s
2026-03-18 16:53:41 | INFO |   ECOD: AUCROC=88.4337%  Train=1.1662s
2026-03-18 16:53:41 | ERROR | Error with VAE on data_N_BaIoT.csv: VAE.__init__() got an unexpected keyword argument 'epochs'
2026-03-18 16:53:41 | ERROR | Error with DeepSVDD on data_N_BaIoT.csv: DeepSVDD.__init__() got an unexpected keyword argument 'device'
2026-03-18 16:53:41 | ERROR | Error with LUNAR on data_N_BaIoT.csv: LUNAR.__init__() got an unexpected keyword argument 'n_neighbors'
2026-03-18 16:53:41 | ERROR | Error with AE1SVM on data_N_BaIoT.csv: AE1SVM.__init__() got an unexpected keyword argument 'device'
2026-03-18 16:53:41 | ERROR | Error with DevNet on data_N_BaIoT.csv: CUDA error: initialization error
CUDA kernel errors might be asynchronously reported at some other API call, so the stacktrace below might be incorrect.
For debugging consider passing CUDA_LAUNCH_BLOCKING=1
Compile with `TORCH_USE_CUDA_DSA` to enable device-side assertions.

2026-03-18 16:53:41 | ERROR | Error with ALAD on data_N_BaIoT.csv: CUDA error: initialization error
CUDA kernel errors might be asynchronously reported at some other API call, so the stacktrace below might be incorrect.
For debugging consider passing CUDA_LAUNCH_BLOCKING=1
Compile with `TORCH_USE_CUDA_DSA` to enable device-side assertions.

2026-03-18 16:53:41 | INFO | 
Processing Dataset: data_N_BaIoT.csv | Scaler: MinMaxScaler
2026-03-18 16:53:42 | INFO | --- Noise: 0% ---
2026-03-18 16:56:24 | INFO |   CBLOF: AUCROC=99.3968%  Train=6.7397s
2026-03-18 16:56:24 | INFO |   KNN: AUCROC=99.2682%  Train=4.1824s
2026-03-18 16:56:24 | INFO |   LOF: AUCROC=95.8554%  Train=3.8298s
2026-03-18 16:56:24 | INFO |   HBOS: AUCROC=99.7409%  Train=12.0206s
2026-03-18 16:56:24 | INFO |   IForest: AUCROC=99.2049%  Train=1.652s
2026-03-18 16:56:24 | INFO |   PCA: AUCROC=99.7579%  Train=0.4086s
2026-03-18 16:56:24 | INFO |   OCSVM: AUCROC=97.289%  Train=31.2398s
2026-03-18 16:56:24 | ERROR | Error with AutoEncoder on data_N_BaIoT.csv: AutoEncoder.__init__() got an unexpected keyword argument 'epochs'
2026-03-18 16:56:24 | ERROR | Error with DIF on data_N_BaIoT.csv: Cannot re-initialize CUDA in forked subprocess. To use CUDA with multiprocessing, you must use the 'spawn' start method
2026-03-18 16:56:24 | ERROR | Error with NeuTraLAD on data_N_BaIoT.csv: Cannot re-initialize CUDA in forked subprocess. To use CUDA with multiprocessing, you must use the 'spawn' start method
2026-03-18 16:56:24 | ERROR | Error with DASVDD on data_N_BaIoT.csv: Cannot re-initialize CUDA in forked subprocess. To use CUDA with multiprocessing, you must use the 'spawn' start method
2026-03-18 16:56:24 | INFO |   LODA: AUCROC=99.417%  Train=1.5154s
2026-03-18 16:56:24 | INFO |   COPOD: AUCROC=94.2115%  Train=1.3317s
2026-03-18 16:56:24 | INFO |   ECOD: AUCROC=89.9574%  Train=1.0011s
2026-03-18 16:56:24 | ERROR | Error with VAE on data_N_BaIoT.csv: VAE.__init__() got an unexpected keyword argument 'epochs'
2026-03-18 16:56:24 | ERROR | Error with DeepSVDD on data_N_BaIoT.csv: DeepSVDD.__init__() got an unexpected keyword argument 'device'
2026-03-18 16:56:24 | ERROR | Error with LUNAR on data_N_BaIoT.csv: LUNAR.__init__() got an unexpected keyword argument 'n_neighbors'
2026-03-18 16:56:24 | ERROR | Error with AE1SVM on data_N_BaIoT.csv: AE1SVM.__init__() got an unexpected keyword argument 'device'
2026-03-18 16:56:24 | ERROR | Error with DevNet on data_N_BaIoT.csv: CUDA error: initialization error
CUDA kernel errors might be asynchronously reported at some other API call, so the stacktrace below might be incorrect.
For debugging consider passing CUDA_LAUNCH_BLOCKING=1
Compile with `TORCH_USE_CUDA_DSA` to enable device-side assertions.

2026-03-18 16:56:24 | ERROR | Error with ALAD on data_N_BaIoT.csv: CUDA error: initialization error
CUDA kernel errors might be asynchronously reported at some other API call, so the stacktrace below might be incorrect.
For debugging consider passing CUDA_LAUNCH_BLOCKING=1
Compile with `TORCH_USE_CUDA_DSA` to enable device-side assertions.

2026-03-18 16:56:24 | INFO | --- Noise: 1% ---
2026-03-18 16:58:41 | INFO |   CBLOF: AUCROC=99.3755%  Train=6.5418s
2026-03-18 16:58:41 | INFO |   KNN: AUCROC=62.5216%  Train=4.69s
2026-03-18 16:58:41 | INFO |   LOF: AUCROC=42.6872%  Train=3.3106s
2026-03-18 16:58:41 | INFO |   HBOS: AUCROC=99.6363%  Train=12.3947s
2026-03-18 16:58:41 | INFO |   IForest: AUCROC=99.682%  Train=1.9464s
2026-03-18 16:58:41 | INFO |   PCA: AUCROC=99.6468%  Train=0.8309s
2026-03-18 16:58:41 | INFO |   OCSVM: AUCROC=96.9674%  Train=31.7318s
2026-03-18 16:58:41 | ERROR | Error with AutoEncoder on data_N_BaIoT.csv: AutoEncoder.__init__() got an unexpected keyword argument 'epochs'
2026-03-18 16:58:41 | ERROR | Error with DIF on data_N_BaIoT.csv: Cannot re-initialize CUDA in forked subprocess. To use CUDA with multiprocessing, you must use the 'spawn' start method
2026-03-18 16:58:41 | ERROR | Error with NeuTraLAD on data_N_BaIoT.csv: Cannot re-initialize CUDA in forked subprocess. To use CUDA with multiprocessing, you must use the 'spawn' start method
2026-03-18 16:58:41 | ERROR | Error with DASVDD on data_N_BaIoT.csv: Cannot re-initialize CUDA in forked subprocess. To use CUDA with multiprocessing, you must use the 'spawn' start method
2026-03-18 16:58:41 | INFO |   LODA: AUCROC=99.1836%  Train=1.5913s
2026-03-18 16:58:41 | INFO |   COPOD: AUCROC=94.0324%  Train=1.4291s
2026-03-18 16:58:41 | INFO |   ECOD: AUCROC=89.6661%  Train=1.105s
2026-03-18 16:58:41 | ERROR | Error with VAE on data_N_BaIoT.csv: VAE.__init__() got an unexpected keyword argument 'epochs'
2026-03-18 16:58:41 | ERROR | Error with DeepSVDD on data_N_BaIoT.csv: DeepSVDD.__init__() got an unexpected keyword argument 'device'
2026-03-18 16:58:41 | ERROR | Error with LUNAR on data_N_BaIoT.csv: LUNAR.__init__() got an unexpected keyword argument 'n_neighbors'
2026-03-18 16:58:41 | ERROR | Error with AE1SVM on data_N_BaIoT.csv: AE1SVM.__init__() got an unexpected keyword argument 'device'
2026-03-18 16:58:41 | ERROR | Error with DevNet on data_N_BaIoT.csv: CUDA error: initialization error
CUDA kernel errors might be asynchronously reported at some other API call, so the stacktrace below might be incorrect.
For debugging consider passing CUDA_LAUNCH_BLOCKING=1
Compile with `TORCH_USE_CUDA_DSA` to enable device-side assertions.

2026-03-18 16:58:41 | ERROR | Error with ALAD on data_N_BaIoT.csv: CUDA error: initialization error
CUDA kernel errors might be asynchronously reported at some other API call, so the stacktrace below might be incorrect.
For debugging consider passing CUDA_LAUNCH_BLOCKING=1
Compile with `TORCH_USE_CUDA_DSA` to enable device-side assertions.

2026-03-18 16:58:41 | INFO | --- Noise: 3% ---
2026-03-18 17:01:18 | INFO |   CBLOF: AUCROC=99.5599%  Train=6.4487s
2026-03-18 17:01:18 | INFO |   KNN: AUCROC=45.2702%  Train=5.3853s
2026-03-18 17:01:18 | INFO |   LOF: AUCROC=45.3004%  Train=4.556s
2026-03-18 17:01:18 | INFO |   HBOS: AUCROC=98.8174%  Train=16.8094s
2026-03-18 17:01:18 | INFO |   IForest: AUCROC=99.7418%  Train=2.1037s
2026-03-18 17:01:18 | INFO |   PCA: AUCROC=99.4101%  Train=1.0659s
2026-03-18 17:01:18 | INFO |   OCSVM: AUCROC=95.9503%  Train=40.7642s
2026-03-18 17:01:18 | ERROR | Error with AutoEncoder on data_N_BaIoT.csv: AutoEncoder.__init__() got an unexpected keyword argument 'epochs'
2026-03-18 17:01:18 | ERROR | Error with DIF on data_N_BaIoT.csv: Cannot re-initialize CUDA in forked subprocess. To use CUDA with multiprocessing, you must use the 'spawn' start method
2026-03-18 17:01:18 | ERROR | Error with NeuTraLAD on data_N_BaIoT.csv: Cannot re-initialize CUDA in forked subprocess. To use CUDA with multiprocessing, you must use the 'spawn' start method
2026-03-18 17:01:18 | ERROR | Error with DASVDD on data_N_BaIoT.csv: Cannot re-initialize CUDA in forked subprocess. To use CUDA with multiprocessing, you must use the 'spawn' start method
2026-03-18 17:01:18 | INFO |   LODA: AUCROC=99.0748%  Train=1.9357s
2026-03-18 17:01:18 | INFO |   COPOD: AUCROC=93.6808%  Train=1.7818s
2026-03-18 17:01:18 | INFO |   ECOD: AUCROC=89.0688%  Train=1.0548s
2026-03-18 17:01:18 | ERROR | Error with VAE on data_N_BaIoT.csv: VAE.__init__() got an unexpected keyword argument 'epochs'
2026-03-18 17:01:18 | ERROR | Error with DeepSVDD on data_N_BaIoT.csv: DeepSVDD.__init__() got an unexpected keyword argument 'device'
2026-03-18 17:01:18 | ERROR | Error with LUNAR on data_N_BaIoT.csv: LUNAR.__init__() got an unexpected keyword argument 'n_neighbors'
2026-03-18 17:01:18 | ERROR | Error with AE1SVM on data_N_BaIoT.csv: AE1SVM.__init__() got an unexpected keyword argument 'device'
2026-03-18 17:01:18 | ERROR | Error with DevNet on data_N_BaIoT.csv: CUDA error: initialization error
CUDA kernel errors might be asynchronously reported at some other API call, so the stacktrace below might be incorrect.
For debugging consider passing CUDA_LAUNCH_BLOCKING=1
Compile with `TORCH_USE_CUDA_DSA` to enable device-side assertions.

2026-03-18 17:01:18 | ERROR | Error with ALAD on data_N_BaIoT.csv: CUDA error: initialization error
CUDA kernel errors might be asynchronously reported at some other API call, so the stacktrace below might be incorrect.
For debugging consider passing CUDA_LAUNCH_BLOCKING=1
Compile with `TORCH_USE_CUDA_DSA` to enable device-side assertions.

2026-03-18 17:01:18 | INFO | --- Noise: 5% ---
2026-03-18 17:03:45 | INFO |   CBLOF: AUCROC=99.5251%  Train=6.6786s
2026-03-18 17:03:45 | INFO |   KNN: AUCROC=39.898%  Train=4.6082s
2026-03-18 17:03:45 | INFO |   LOF: AUCROC=43.6375%  Train=4.0046s
2026-03-18 17:03:45 | INFO |   HBOS: AUCROC=97.065%  Train=13.4419s
2026-03-18 17:03:45 | INFO |   IForest: AUCROC=99.4322%  Train=2.001s
2026-03-18 17:03:45 | INFO |   PCA: AUCROC=99.1256%  Train=0.8071s
2026-03-18 17:03:45 | INFO |   OCSVM: AUCROC=93.3091%  Train=40.2332s
2026-03-18 17:03:45 | ERROR | Error with AutoEncoder on data_N_BaIoT.csv: AutoEncoder.__init__() got an unexpected keyword argument 'epochs'
2026-03-18 17:03:45 | ERROR | Error with DIF on data_N_BaIoT.csv: Cannot re-initialize CUDA in forked subprocess. To use CUDA with multiprocessing, you must use the 'spawn' start method
2026-03-18 17:03:45 | ERROR | Error with NeuTraLAD on data_N_BaIoT.csv: Cannot re-initialize CUDA in forked subprocess. To use CUDA with multiprocessing, you must use the 'spawn' start method
2026-03-18 17:03:45 | ERROR | Error with DASVDD on data_N_BaIoT.csv: Cannot re-initialize CUDA in forked subprocess. To use CUDA with multiprocessing, you must use the 'spawn' start method
2026-03-18 17:03:45 | INFO |   LODA: AUCROC=98.8896%  Train=1.6615s
2026-03-18 17:03:45 | INFO |   COPOD: AUCROC=93.3663%  Train=1.1841s
2026-03-18 17:03:45 | INFO |   ECOD: AUCROC=88.4508%  Train=1.3201s
2026-03-18 17:03:45 | ERROR | Error with VAE on data_N_BaIoT.csv: VAE.__init__() got an unexpected keyword argument 'epochs'
2026-03-18 17:03:45 | ERROR | Error with DeepSVDD on data_N_BaIoT.csv: DeepSVDD.__init__() got an unexpected keyword argument 'device'
2026-03-18 17:03:45 | ERROR | Error with LUNAR on data_N_BaIoT.csv: LUNAR.__init__() got an unexpected keyword argument 'n_neighbors'
2026-03-18 17:03:45 | ERROR | Error with AE1SVM on data_N_BaIoT.csv: AE1SVM.__init__() got an unexpected keyword argument 'device'
2026-03-18 17:03:45 | ERROR | Error with DevNet on data_N_BaIoT.csv: CUDA error: initialization error
CUDA kernel errors might be asynchronously reported at some other API call, so the stacktrace below might be incorrect.
For debugging consider passing CUDA_LAUNCH_BLOCKING=1
Compile with `TORCH_USE_CUDA_DSA` to enable device-side assertions.

2026-03-18 17:03:45 | ERROR | Error with ALAD on data_N_BaIoT.csv: CUDA error: initialization error
CUDA kernel errors might be asynchronously reported at some other API call, so the stacktrace below might be incorrect.
For debugging consider passing CUDA_LAUNCH_BLOCKING=1
Compile with `TORCH_USE_CUDA_DSA` to enable device-side assertions.

2026-03-18 17:03:45 | INFO | 
Processing Dataset: data_N_BaIoT.csv | Scaler: Normalizer
2026-03-18 17:03:46 | INFO | --- Noise: 0% ---
2026-03-18 17:07:11 | INFO |   CBLOF: AUCROC=92.5386%  Train=7.1128s
2026-03-18 17:07:11 | INFO |   KNN: AUCROC=95.5746%  Train=4.3919s
2026-03-18 17:07:11 | INFO |   LOF: AUCROC=89.2253%  Train=4.1062s
2026-03-18 17:07:11 | INFO |   HBOS: AUCROC=99.1802%  Train=12.4322s
2026-03-18 17:07:11 | INFO |   IForest: AUCROC=96.9681%  Train=2.09s
2026-03-18 17:07:11 | INFO |   PCA: AUCROC=99.2294%  Train=0.6887s
2026-03-18 17:07:11 | INFO |   OCSVM: AUCROC=82.5873%  Train=37.674s
2026-03-18 17:07:11 | ERROR | Error with AutoEncoder on data_N_BaIoT.csv: AutoEncoder.__init__() got an unexpected keyword argument 'epochs'
2026-03-18 17:07:11 | ERROR | Error with DIF on data_N_BaIoT.csv: Cannot re-initialize CUDA in forked subprocess. To use CUDA with multiprocessing, you must use the 'spawn' start method
2026-03-18 17:07:11 | ERROR | Error with NeuTraLAD on data_N_BaIoT.csv: Cannot re-initialize CUDA in forked subprocess. To use CUDA with multiprocessing, you must use the 'spawn' start method
2026-03-18 17:07:11 | ERROR | Error with DASVDD on data_N_BaIoT.csv: Cannot re-initialize CUDA in forked subprocess. To use CUDA with multiprocessing, you must use the 'spawn' start method
2026-03-18 17:07:11 | INFO |   LODA: AUCROC=94.5671%  Train=1.5924s
2026-03-18 17:07:11 | INFO |   COPOD: AUCROC=96.003%  Train=1.6456s
2026-03-18 17:07:11 | INFO |   ECOD: AUCROC=91.4941%  Train=1.1485s
2026-03-18 17:07:11 | ERROR | Error with VAE on data_N_BaIoT.csv: VAE.__init__() got an unexpected keyword argument 'epochs'
2026-03-18 17:07:11 | ERROR | Error with DeepSVDD on data_N_BaIoT.csv: DeepSVDD.__init__() got an unexpected keyword argument 'device'
2026-03-18 17:07:11 | ERROR | Error with LUNAR on data_N_BaIoT.csv: LUNAR.__init__() got an unexpected keyword argument 'n_neighbors'
2026-03-18 17:07:11 | ERROR | Error with AE1SVM on data_N_BaIoT.csv: AE1SVM.__init__() got an unexpected keyword argument 'device'
2026-03-18 17:07:11 | ERROR | Error with DevNet on data_N_BaIoT.csv: CUDA error: initialization error
CUDA kernel errors might be asynchronously reported at some other API call, so the stacktrace below might be incorrect.
For debugging consider passing CUDA_LAUNCH_BLOCKING=1
Compile with `TORCH_USE_CUDA_DSA` to enable device-side assertions.

2026-03-18 17:07:11 | ERROR | Error with ALAD on data_N_BaIoT.csv: CUDA error: initialization error
CUDA kernel errors might be asynchronously reported at some other API call, so the stacktrace below might be incorrect.
For debugging consider passing CUDA_LAUNCH_BLOCKING=1
Compile with `TORCH_USE_CUDA_DSA` to enable device-side assertions.

2026-03-18 17:07:11 | INFO | --- Noise: 1% ---
2026-03-18 17:10:19 | INFO |   CBLOF: AUCROC=92.2216%  Train=6.3412s
2026-03-18 17:10:19 | INFO |   KNN: AUCROC=47.6986%  Train=4.3254s
2026-03-18 17:10:19 | INFO |   LOF: AUCROC=45.3555%  Train=3.5554s
2026-03-18 17:10:19 | INFO |   HBOS: AUCROC=98.6442%  Train=14.6938s
2026-03-18 17:10:19 | INFO |   IForest: AUCROC=98.4419%  Train=2.654s
2026-03-18 17:10:19 | INFO |   PCA: AUCROC=98.1955%  Train=0.4253s
2026-03-18 17:10:19 | INFO |   OCSVM: AUCROC=80.8883%  Train=40.1357s
2026-03-18 17:10:19 | ERROR | Error with AutoEncoder on data_N_BaIoT.csv: AutoEncoder.__init__() got an unexpected keyword argument 'epochs'
2026-03-18 17:10:19 | ERROR | Error with DIF on data_N_BaIoT.csv: Cannot re-initialize CUDA in forked subprocess. To use CUDA with multiprocessing, you must use the 'spawn' start method
2026-03-18 17:10:19 | ERROR | Error with NeuTraLAD on data_N_BaIoT.csv: Cannot re-initialize CUDA in forked subprocess. To use CUDA with multiprocessing, you must use the 'spawn' start method
2026-03-18 17:10:19 | ERROR | Error with DASVDD on data_N_BaIoT.csv: Cannot re-initialize CUDA in forked subprocess. To use CUDA with multiprocessing, you must use the 'spawn' start method
2026-03-18 17:10:19 | INFO |   LODA: AUCROC=93.8657%  Train=1.7875s
2026-03-18 17:10:19 | INFO |   COPOD: AUCROC=95.8701%  Train=2.369s
2026-03-18 17:10:19 | INFO |   ECOD: AUCROC=91.156%  Train=1.2669s
2026-03-18 17:10:19 | ERROR | Error with VAE on data_N_BaIoT.csv: VAE.__init__() got an unexpected keyword argument 'epochs'
2026-03-18 17:10:19 | ERROR | Error with DeepSVDD on data_N_BaIoT.csv: DeepSVDD.__init__() got an unexpected keyword argument 'device'
2026-03-18 17:10:19 | ERROR | Error with LUNAR on data_N_BaIoT.csv: LUNAR.__init__() got an unexpected keyword argument 'n_neighbors'
2026-03-18 17:10:19 | ERROR | Error with AE1SVM on data_N_BaIoT.csv: AE1SVM.__init__() got an unexpected keyword argument 'device'
2026-03-18 17:10:19 | ERROR | Error with DevNet on data_N_BaIoT.csv: CUDA error: initialization error
CUDA kernel errors might be asynchronously reported at some other API call, so the stacktrace below might be incorrect.
For debugging consider passing CUDA_LAUNCH_BLOCKING=1
Compile with `TORCH_USE_CUDA_DSA` to enable device-side assertions.

2026-03-18 17:10:19 | ERROR | Error with ALAD on data_N_BaIoT.csv: CUDA error: initialization error
CUDA kernel errors might be asynchronously reported at some other API call, so the stacktrace below might be incorrect.
For debugging consider passing CUDA_LAUNCH_BLOCKING=1
Compile with `TORCH_USE_CUDA_DSA` to enable device-side assertions.

2026-03-18 17:10:19 | INFO | --- Noise: 3% ---
2026-03-18 17:12:48 | INFO |   CBLOF: AUCROC=92.7116%  Train=6.4063s
2026-03-18 17:12:48 | INFO |   KNN: AUCROC=35.457%  Train=4.1702s
2026-03-18 17:12:48 | INFO |   LOF: AUCROC=44.1699%  Train=3.719s
2026-03-18 17:12:48 | INFO |   HBOS: AUCROC=97.3055%  Train=12.2896s
2026-03-18 17:12:48 | INFO |   IForest: AUCROC=98.0312%  Train=1.7812s
2026-03-18 17:12:48 | INFO |   PCA: AUCROC=96.5186%  Train=0.4655s
2026-03-18 17:12:48 | INFO |   OCSVM: AUCROC=78.1612%  Train=38.7485s
2026-03-18 17:12:48 | ERROR | Error with AutoEncoder on data_N_BaIoT.csv: AutoEncoder.__init__() got an unexpected keyword argument 'epochs'
2026-03-18 17:12:48 | ERROR | Error with DIF on data_N_BaIoT.csv: Cannot re-initialize CUDA in forked subprocess. To use CUDA with multiprocessing, you must use the 'spawn' start method
2026-03-18 17:12:48 | ERROR | Error with NeuTraLAD on data_N_BaIoT.csv: Cannot re-initialize CUDA in forked subprocess. To use CUDA with multiprocessing, you must use the 'spawn' start method
2026-03-18 17:12:48 | ERROR | Error with DASVDD on data_N_BaIoT.csv: Cannot re-initialize CUDA in forked subprocess. To use CUDA with multiprocessing, you must use the 'spawn' start method
2026-03-18 17:12:48 | INFO |   LODA: AUCROC=93.1817%  Train=1.3043s
2026-03-18 17:12:48 | INFO |   COPOD: AUCROC=95.5487%  Train=1.6296s
2026-03-18 17:12:48 | INFO |   ECOD: AUCROC=90.5882%  Train=1.4659s
2026-03-18 17:12:48 | ERROR | Error with VAE on data_N_BaIoT.csv: VAE.__init__() got an unexpected keyword argument 'epochs'
2026-03-18 17:12:48 | ERROR | Error with DeepSVDD on data_N_BaIoT.csv: DeepSVDD.__init__() got an unexpected keyword argument 'device'
2026-03-18 17:12:48 | ERROR | Error with LUNAR on data_N_BaIoT.csv: LUNAR.__init__() got an unexpected keyword argument 'n_neighbors'
2026-03-18 17:12:48 | ERROR | Error with AE1SVM on data_N_BaIoT.csv: AE1SVM.__init__() got an unexpected keyword argument 'device'
2026-03-18 17:12:48 | ERROR | Error with DevNet on data_N_BaIoT.csv: CUDA error: initialization error
CUDA kernel errors might be asynchronously reported at some other API call, so the stacktrace below might be incorrect.
For debugging consider passing CUDA_LAUNCH_BLOCKING=1
Compile with `TORCH_USE_CUDA_DSA` to enable device-side assertions.

2026-03-18 17:12:48 | ERROR | Error with ALAD on data_N_BaIoT.csv: CUDA error: initialization error
CUDA kernel errors might be asynchronously reported at some other API call, so the stacktrace below might be incorrect.
For debugging consider passing CUDA_LAUNCH_BLOCKING=1
Compile with `TORCH_USE_CUDA_DSA` to enable device-side assertions.

2026-03-18 17:12:48 | INFO | --- Noise: 5% ---
2026-03-18 17:15:26 | INFO |   CBLOF: AUCROC=92.665%  Train=6.1955s
2026-03-18 17:15:26 | INFO |   KNN: AUCROC=31.8228%  Train=3.8197s
2026-03-18 17:15:26 | INFO |   LOF: AUCROC=45.4807%  Train=3.7183s
2026-03-18 17:15:26 | INFO |   HBOS: AUCROC=96.1001%  Train=12.2621s
2026-03-18 17:15:26 | INFO |   IForest: AUCROC=96.9594%  Train=1.55s
2026-03-18 17:15:26 | INFO |   PCA: AUCROC=95.0771%  Train=0.1885s
2026-03-18 17:15:26 | INFO |   OCSVM: AUCROC=75.8598%  Train=39.9435s
2026-03-18 17:15:26 | ERROR | Error with AutoEncoder on data_N_BaIoT.csv: AutoEncoder.__init__() got an unexpected keyword argument 'epochs'
2026-03-18 17:15:26 | ERROR | Error with DIF on data_N_BaIoT.csv: Cannot re-initialize CUDA in forked subprocess. To use CUDA with multiprocessing, you must use the 'spawn' start method
2026-03-18 17:15:26 | ERROR | Error with NeuTraLAD on data_N_BaIoT.csv: Cannot re-initialize CUDA in forked subprocess. To use CUDA with multiprocessing, you must use the 'spawn' start method
2026-03-18 17:15:26 | ERROR | Error with DASVDD on data_N_BaIoT.csv: Cannot re-initialize CUDA in forked subprocess. To use CUDA with multiprocessing, you must use the 'spawn' start method
2026-03-18 17:15:26 | INFO |   LODA: AUCROC=92.6366%  Train=1.3591s
2026-03-18 17:15:26 | INFO |   COPOD: AUCROC=95.3283%  Train=1.1127s
2026-03-18 17:15:26 | INFO |   ECOD: AUCROC=90.0191%  Train=0.8514s
2026-03-18 17:15:26 | ERROR | Error with VAE on data_N_BaIoT.csv: VAE.__init__() got an unexpected keyword argument 'epochs'
2026-03-18 17:15:26 | ERROR | Error with DeepSVDD on data_N_BaIoT.csv: DeepSVDD.__init__() got an unexpected keyword argument 'device'
2026-03-18 17:15:26 | ERROR | Error with LUNAR on data_N_BaIoT.csv: LUNAR.__init__() got an unexpected keyword argument 'n_neighbors'
2026-03-18 17:15:26 | ERROR | Error with AE1SVM on data_N_BaIoT.csv: AE1SVM.__init__() got an unexpected keyword argument 'device'
2026-03-18 17:15:26 | ERROR | Error with DevNet on data_N_BaIoT.csv: CUDA error: initialization error
CUDA kernel errors might be asynchronously reported at some other API call, so the stacktrace below might be incorrect.
For debugging consider passing CUDA_LAUNCH_BLOCKING=1
Compile with `TORCH_USE_CUDA_DSA` to enable device-side assertions.

2026-03-18 17:15:26 | ERROR | Error with ALAD on data_N_BaIoT.csv: CUDA error: initialization error
CUDA kernel errors might be asynchronously reported at some other API call, so the stacktrace below might be incorrect.
For debugging consider passing CUDA_LAUNCH_BLOCKING=1
Compile with `TORCH_USE_CUDA_DSA` to enable device-side assertions.

2026-03-18 17:15:26 | INFO | 
Processing Dataset: data_N_BaIoT.csv | Scaler: QuantileTransformer
2026-03-18 17:15:27 | INFO | --- Noise: 0% ---
2026-03-18 17:17:42 | INFO |   CBLOF: AUCROC=91.8946%  Train=5.4243s
2026-03-18 17:17:42 | INFO |   KNN: AUCROC=86.4456%  Train=3.8477s
2026-03-18 17:17:42 | INFO |   LOF: AUCROC=94.2175%  Train=3.2955s
2026-03-18 17:17:42 | INFO |   HBOS: AUCROC=22.5776%  Train=12.3335s
2026-03-18 17:17:42 | INFO |   IForest: AUCROC=97.7454%  Train=1.87s
2026-03-18 17:17:42 | INFO |   PCA: AUCROC=92.0101%  Train=0.6656s
2026-03-18 17:17:42 | INFO |   OCSVM: AUCROC=95.2769%  Train=33.6317s
2026-03-18 17:17:42 | ERROR | Error with AutoEncoder on data_N_BaIoT.csv: AutoEncoder.__init__() got an unexpected keyword argument 'epochs'
2026-03-18 17:17:42 | ERROR | Error with DIF on data_N_BaIoT.csv: Cannot re-initialize CUDA in forked subprocess. To use CUDA with multiprocessing, you must use the 'spawn' start method
2026-03-18 17:17:42 | ERROR | Error with NeuTraLAD on data_N_BaIoT.csv: Cannot re-initialize CUDA in forked subprocess. To use CUDA with multiprocessing, you must use the 'spawn' start method
2026-03-18 17:17:42 | ERROR | Error with DASVDD on data_N_BaIoT.csv: Cannot re-initialize CUDA in forked subprocess. To use CUDA with multiprocessing, you must use the 'spawn' start method
2026-03-18 17:17:42 | INFO |   LODA: AUCROC=97.3566%  Train=1.2531s
2026-03-18 17:17:42 | INFO |   COPOD: AUCROC=77.1473%  Train=1.0717s
2026-03-18 17:17:42 | INFO |   ECOD: AUCROC=88.4491%  Train=0.8034s
2026-03-18 17:17:42 | ERROR | Error with VAE on data_N_BaIoT.csv: VAE.__init__() got an unexpected keyword argument 'epochs'
2026-03-18 17:17:42 | ERROR | Error with DeepSVDD on data_N_BaIoT.csv: DeepSVDD.__init__() got an unexpected keyword argument 'device'
2026-03-18 17:17:42 | ERROR | Error with LUNAR on data_N_BaIoT.csv: LUNAR.__init__() got an unexpected keyword argument 'n_neighbors'
2026-03-18 17:17:42 | ERROR | Error with AE1SVM on data_N_BaIoT.csv: AE1SVM.__init__() got an unexpected keyword argument 'device'
2026-03-18 17:17:42 | ERROR | Error with DevNet on data_N_BaIoT.csv: CUDA error: initialization error
CUDA kernel errors might be asynchronously reported at some other API call, so the stacktrace below might be incorrect.
For debugging consider passing CUDA_LAUNCH_BLOCKING=1
Compile with `TORCH_USE_CUDA_DSA` to enable device-side assertions.

2026-03-18 17:17:42 | ERROR | Error with ALAD on data_N_BaIoT.csv: CUDA error: initialization error
CUDA kernel errors might be asynchronously reported at some other API call, so the stacktrace below might be incorrect.
For debugging consider passing CUDA_LAUNCH_BLOCKING=1
Compile with `TORCH_USE_CUDA_DSA` to enable device-side assertions.

2026-03-18 17:17:42 | INFO | --- Noise: 1% ---
2026-03-18 17:19:48 | INFO |   CBLOF: AUCROC=85.9439%  Train=5.2578s
2026-03-18 17:19:48 | INFO |   KNN: AUCROC=30.6672%  Train=3.832s
2026-03-18 17:19:48 | INFO |   LOF: AUCROC=46.3627%  Train=3.5442s
2026-03-18 17:19:48 | INFO |   HBOS: AUCROC=19.7332%  Train=11.867s
2026-03-18 17:19:48 | INFO |   IForest: AUCROC=96.7544%  Train=2.0766s
2026-03-18 17:19:48 | INFO |   PCA: AUCROC=91.5655%  Train=0.7452s
2026-03-18 17:19:48 | INFO |   OCSVM: AUCROC=94.0883%  Train=34.3625s
2026-03-18 17:19:48 | ERROR | Error with AutoEncoder on data_N_BaIoT.csv: AutoEncoder.__init__() got an unexpected keyword argument 'epochs'
2026-03-18 17:19:48 | ERROR | Error with DIF on data_N_BaIoT.csv: Cannot re-initialize CUDA in forked subprocess. To use CUDA with multiprocessing, you must use the 'spawn' start method
2026-03-18 17:19:48 | ERROR | Error with NeuTraLAD on data_N_BaIoT.csv: Cannot re-initialize CUDA in forked subprocess. To use CUDA with multiprocessing, you must use the 'spawn' start method
2026-03-18 17:19:48 | ERROR | Error with DASVDD on data_N_BaIoT.csv: Cannot re-initialize CUDA in forked subprocess. To use CUDA with multiprocessing, you must use the 'spawn' start method
2026-03-18 17:19:48 | INFO |   LODA: AUCROC=96.7224%  Train=1.053s
2026-03-18 17:19:48 | INFO |   COPOD: AUCROC=76.2903%  Train=1.1371s
2026-03-18 17:19:48 | INFO |   ECOD: AUCROC=88.1414%  Train=0.8758s
2026-03-18 17:19:48 | ERROR | Error with VAE on data_N_BaIoT.csv: VAE.__init__() got an unexpected keyword argument 'epochs'
2026-03-18 17:19:48 | ERROR | Error with DeepSVDD on data_N_BaIoT.csv: DeepSVDD.__init__() got an unexpected keyword argument 'device'
2026-03-18 17:19:48 | ERROR | Error with LUNAR on data_N_BaIoT.csv: LUNAR.__init__() got an unexpected keyword argument 'n_neighbors'
2026-03-18 17:19:48 | ERROR | Error with AE1SVM on data_N_BaIoT.csv: AE1SVM.__init__() got an unexpected keyword argument 'device'
2026-03-18 17:19:48 | ERROR | Error with DevNet on data_N_BaIoT.csv: CUDA error: initialization error
CUDA kernel errors might be asynchronously reported at some other API call, so the stacktrace below might be incorrect.
For debugging consider passing CUDA_LAUNCH_BLOCKING=1
Compile with `TORCH_USE_CUDA_DSA` to enable device-side assertions.

2026-03-18 17:19:48 | ERROR | Error with ALAD on data_N_BaIoT.csv: CUDA error: initialization error
CUDA kernel errors might be asynchronously reported at some other API call, so the stacktrace below might be incorrect.
For debugging consider passing CUDA_LAUNCH_BLOCKING=1
Compile with `TORCH_USE_CUDA_DSA` to enable device-side assertions.

2026-03-18 17:19:48 | INFO | --- Noise: 3% ---
2026-03-18 17:21:55 | INFO |   CBLOF: AUCROC=86.8309%  Train=5.8945s
2026-03-18 17:21:55 | INFO |   KNN: AUCROC=18.3279%  Train=3.9766s
2026-03-18 17:21:55 | INFO |   LOF: AUCROC=46.3052%  Train=3.2971s
2026-03-18 17:21:55 | INFO |   HBOS: AUCROC=15.0214%  Train=11.8974s
2026-03-18 17:21:55 | INFO |   IForest: AUCROC=96.177%  Train=1.5739s
2026-03-18 17:21:55 | INFO |   PCA: AUCROC=90.6754%  Train=0.1764s
2026-03-18 17:21:55 | INFO |   OCSVM: AUCROC=92.3799%  Train=36.3487s
2026-03-18 17:21:55 | ERROR | Error with AutoEncoder on data_N_BaIoT.csv: AutoEncoder.__init__() got an unexpected keyword argument 'epochs'
2026-03-18 17:21:55 | ERROR | Error with DIF on data_N_BaIoT.csv: Cannot re-initialize CUDA in forked subprocess. To use CUDA with multiprocessing, you must use the 'spawn' start method
2026-03-18 17:21:55 | ERROR | Error with NeuTraLAD on data_N_BaIoT.csv: Cannot re-initialize CUDA in forked subprocess. To use CUDA with multiprocessing, you must use the 'spawn' start method
2026-03-18 17:21:55 | ERROR | Error with DASVDD on data_N_BaIoT.csv: Cannot re-initialize CUDA in forked subprocess. To use CUDA with multiprocessing, you must use the 'spawn' start method
2026-03-18 17:21:55 | INFO |   LODA: AUCROC=95.6585%  Train=1.3436s
2026-03-18 17:21:55 | INFO |   COPOD: AUCROC=73.4885%  Train=1.0834s
2026-03-18 17:21:55 | INFO |   ECOD: AUCROC=87.5056%  Train=0.8149s
2026-03-18 17:21:55 | ERROR | Error with VAE on data_N_BaIoT.csv: VAE.__init__() got an unexpected keyword argument 'epochs'
2026-03-18 17:21:55 | ERROR | Error with DeepSVDD on data_N_BaIoT.csv: DeepSVDD.__init__() got an unexpected keyword argument 'device'
2026-03-18 17:21:55 | ERROR | Error with LUNAR on data_N_BaIoT.csv: LUNAR.__init__() got an unexpected keyword argument 'n_neighbors'
2026-03-18 17:21:55 | ERROR | Error with AE1SVM on data_N_BaIoT.csv: AE1SVM.__init__() got an unexpected keyword argument 'device'
2026-03-18 17:21:55 | ERROR | Error with DevNet on data_N_BaIoT.csv: CUDA error: initialization error
CUDA kernel errors might be asynchronously reported at some other API call, so the stacktrace below might be incorrect.
For debugging consider passing CUDA_LAUNCH_BLOCKING=1
Compile with `TORCH_USE_CUDA_DSA` to enable device-side assertions.

2026-03-18 17:21:55 | ERROR | Error with ALAD on data_N_BaIoT.csv: CUDA error: initialization error
CUDA kernel errors might be asynchronously reported at some other API call, so the stacktrace below might be incorrect.
For debugging consider passing CUDA_LAUNCH_BLOCKING=1
Compile with `TORCH_USE_CUDA_DSA` to enable device-side assertions.

2026-03-18 17:21:55 | INFO | --- Noise: 5% ---
2026-03-18 17:24:06 | INFO |   CBLOF: AUCROC=79.5335%  Train=5.9614s
2026-03-18 17:24:06 | INFO |   KNN: AUCROC=14.9588%  Train=4.2785s
2026-03-18 17:24:06 | INFO |   LOF: AUCROC=45.9183%  Train=3.4966s
2026-03-18 17:24:06 | INFO |   HBOS: AUCROC=10.623%  Train=11.7786s
2026-03-18 17:24:06 | INFO |   IForest: AUCROC=89.7501%  Train=1.5649s
2026-03-18 17:24:06 | INFO |   PCA: AUCROC=89.8513%  Train=0.3487s
2026-03-18 17:24:06 | INFO |   OCSVM: AUCROC=90.8158%  Train=36.8004s
2026-03-18 17:24:06 | ERROR | Error with AutoEncoder on data_N_BaIoT.csv: AutoEncoder.__init__() got an unexpected keyword argument 'epochs'
2026-03-18 17:24:06 | ERROR | Error with DIF on data_N_BaIoT.csv: Cannot re-initialize CUDA in forked subprocess. To use CUDA with multiprocessing, you must use the 'spawn' start method
2026-03-18 17:24:06 | ERROR | Error with NeuTraLAD on data_N_BaIoT.csv: Cannot re-initialize CUDA in forked subprocess. To use CUDA with multiprocessing, you must use the 'spawn' start method
2026-03-18 17:24:06 | ERROR | Error with DASVDD on data_N_BaIoT.csv: Cannot re-initialize CUDA in forked subprocess. To use CUDA with multiprocessing, you must use the 'spawn' start method
2026-03-18 17:24:06 | INFO |   LODA: AUCROC=94.8061%  Train=1.298s
2026-03-18 17:24:06 | INFO |   COPOD: AUCROC=70.2685%  Train=1.1416s
2026-03-18 17:24:06 | INFO |   ECOD: AUCROC=86.8898%  Train=0.8876s
2026-03-18 17:24:06 | ERROR | Error with VAE on data_N_BaIoT.csv: VAE.__init__() got an unexpected keyword argument 'epochs'
2026-03-18 17:24:06 | ERROR | Error with DeepSVDD on data_N_BaIoT.csv: DeepSVDD.__init__() got an unexpected keyword argument 'device'
2026-03-18 17:24:06 | ERROR | Error with LUNAR on data_N_BaIoT.csv: LUNAR.__init__() got an unexpected keyword argument 'n_neighbors'
2026-03-18 17:24:06 | ERROR | Error with AE1SVM on data_N_BaIoT.csv: AE1SVM.__init__() got an unexpected keyword argument 'device'
2026-03-18 17:24:06 | ERROR | Error with DevNet on data_N_BaIoT.csv: CUDA error: initialization error
CUDA kernel errors might be asynchronously reported at some other API call, so the stacktrace below might be incorrect.
For debugging consider passing CUDA_LAUNCH_BLOCKING=1
Compile with `TORCH_USE_CUDA_DSA` to enable device-side assertions.

2026-03-18 17:24:06 | ERROR | Error with ALAD on data_N_BaIoT.csv: CUDA error: initialization error
CUDA kernel errors might be asynchronously reported at some other API call, so the stacktrace below might be incorrect.
For debugging consider passing CUDA_LAUNCH_BLOCKING=1
Compile with `TORCH_USE_CUDA_DSA` to enable device-side assertions.

2026-03-18 17:24:06 | INFO | 
Processing Dataset: data_N_BaIoT.csv | Scaler: RobustScaler
2026-03-18 17:24:07 | INFO | --- Noise: 0% ---
2026-03-18 17:26:02 | INFO |   CBLOF: AUCROC=99.8183%  Train=5.859s
2026-03-18 17:26:02 | INFO |   KNN: AUCROC=99.9444%  Train=3.972s
2026-03-18 17:26:02 | INFO |   LOF: AUCROC=87.641%  Train=3.4913s
2026-03-18 17:26:02 | INFO |   HBOS: AUCROC=97.9241%  Train=12.1825s
2026-03-18 17:26:02 | INFO |   IForest: AUCROC=99.2868%  Train=1.5271s
2026-03-18 17:26:02 | INFO |   PCA: AUCROC=99.7579%  Train=0.1789s
2026-03-18 17:26:02 | INFO |   OCSVM: AUCROC=99.9181%  Train=36.4163s
2026-03-18 17:26:02 | ERROR | Error with AutoEncoder on data_N_BaIoT.csv: AutoEncoder.__init__() got an unexpected keyword argument 'epochs'
2026-03-18 17:26:02 | ERROR | Error with DIF on data_N_BaIoT.csv: Cannot re-initialize CUDA in forked subprocess. To use CUDA with multiprocessing, you must use the 'spawn' start method
2026-03-18 17:26:02 | ERROR | Error with NeuTraLAD on data_N_BaIoT.csv: Cannot re-initialize CUDA in forked subprocess. To use CUDA with multiprocessing, you must use the 'spawn' start method
2026-03-18 17:26:02 | ERROR | Error with DASVDD on data_N_BaIoT.csv: Cannot re-initialize CUDA in forked subprocess. To use CUDA with multiprocessing, you must use the 'spawn' start method
2026-03-18 17:26:02 | INFO |   LODA: AUCROC=99.7633%  Train=1.1327s
2026-03-18 17:26:02 | INFO |   COPOD: AUCROC=94.2085%  Train=1.7047s
2026-03-18 17:26:02 | INFO |   ECOD: AUCROC=89.9533%  Train=0.8237s
2026-03-18 17:26:02 | ERROR | Error with VAE on data_N_BaIoT.csv: VAE.__init__() got an unexpected keyword argument 'epochs'
2026-03-18 17:26:02 | ERROR | Error with DeepSVDD on data_N_BaIoT.csv: DeepSVDD.__init__() got an unexpected keyword argument 'device'
2026-03-18 17:26:02 | ERROR | Error with LUNAR on data_N_BaIoT.csv: LUNAR.__init__() got an unexpected keyword argument 'n_neighbors'
2026-03-18 17:26:02 | ERROR | Error with AE1SVM on data_N_BaIoT.csv: AE1SVM.__init__() got an unexpected keyword argument 'device'
2026-03-18 17:26:02 | ERROR | Error with DevNet on data_N_BaIoT.csv: CUDA error: initialization error
CUDA kernel errors might be asynchronously reported at some other API call, so the stacktrace below might be incorrect.
For debugging consider passing CUDA_LAUNCH_BLOCKING=1
Compile with `TORCH_USE_CUDA_DSA` to enable device-side assertions.

2026-03-18 17:26:02 | ERROR | Error with ALAD on data_N_BaIoT.csv: CUDA error: initialization error
CUDA kernel errors might be asynchronously reported at some other API call, so the stacktrace below might be incorrect.
For debugging consider passing CUDA_LAUNCH_BLOCKING=1
Compile with `TORCH_USE_CUDA_DSA` to enable device-side assertions.

2026-03-18 17:26:02 | INFO | --- Noise: 1% ---
2026-03-18 17:27:59 | INFO |   CBLOF: AUCROC=99.879%  Train=6.9228s
2026-03-18 17:27:59 | INFO |   KNN: AUCROC=82.3594%  Train=4.4919s
2026-03-18 17:27:59 | INFO |   LOF: AUCROC=48.1592%  Train=4.0107s
2026-03-18 17:27:59 | INFO |   HBOS: AUCROC=97.0007%  Train=14.8098s
2026-03-18 17:27:59 | INFO |   IForest: AUCROC=99.65%  Train=2.4011s
2026-03-18 17:27:59 | INFO |   PCA: AUCROC=99.6448%  Train=0.6949s
2026-03-18 17:27:59 | INFO |   OCSVM: AUCROC=99.6101%  Train=40.3346s
2026-03-18 17:27:59 | ERROR | Error with AutoEncoder on data_N_BaIoT.csv: AutoEncoder.__init__() got an unexpected keyword argument 'epochs'
2026-03-18 17:27:59 | ERROR | Error with DIF on data_N_BaIoT.csv: Cannot re-initialize CUDA in forked subprocess. To use CUDA with multiprocessing, you must use the 'spawn' start method
2026-03-18 17:27:59 | ERROR | Error with NeuTraLAD on data_N_BaIoT.csv: Cannot re-initialize CUDA in forked subprocess. To use CUDA with multiprocessing, you must use the 'spawn' start method
2026-03-18 17:27:59 | ERROR | Error with DASVDD on data_N_BaIoT.csv: Cannot re-initialize CUDA in forked subprocess. To use CUDA with multiprocessing, you must use the 'spawn' start method
2026-03-18 17:27:59 | INFO |   LODA: AUCROC=99.7535%  Train=1.4101s
2026-03-18 17:27:59 | INFO |   COPOD: AUCROC=94.0224%  Train=1.2414s
2026-03-18 17:27:59 | INFO |   ECOD: AUCROC=89.6528%  Train=0.9768s
2026-03-18 17:27:59 | ERROR | Error with VAE on data_N_BaIoT.csv: VAE.__init__() got an unexpected keyword argument 'epochs'
2026-03-18 17:27:59 | ERROR | Error with DeepSVDD on data_N_BaIoT.csv: DeepSVDD.__init__() got an unexpected keyword argument 'device'
2026-03-18 17:27:59 | ERROR | Error with LUNAR on data_N_BaIoT.csv: LUNAR.__init__() got an unexpected keyword argument 'n_neighbors'
2026-03-18 17:27:59 | ERROR | Error with AE1SVM on data_N_BaIoT.csv: AE1SVM.__init__() got an unexpected keyword argument 'device'
2026-03-18 17:27:59 | ERROR | Error with DevNet on data_N_BaIoT.csv: CUDA error: initialization error
CUDA kernel errors might be asynchronously reported at some other API call, so the stacktrace below might be incorrect.
For debugging consider passing CUDA_LAUNCH_BLOCKING=1
Compile with `TORCH_USE_CUDA_DSA` to enable device-side assertions.

2026-03-18 17:27:59 | ERROR | Error with ALAD on data_N_BaIoT.csv: CUDA error: initialization error
CUDA kernel errors might be asynchronously reported at some other API call, so the stacktrace below might be incorrect.
For debugging consider passing CUDA_LAUNCH_BLOCKING=1
Compile with `TORCH_USE_CUDA_DSA` to enable device-side assertions.

2026-03-18 17:27:59 | INFO | --- Noise: 3% ---
2026-03-18 17:29:51 | INFO |   CBLOF: AUCROC=99.8829%  Train=5.3007s
2026-03-18 17:29:51 | INFO |   KNN: AUCROC=75.0106%  Train=3.8728s
2026-03-18 17:29:51 | INFO |   LOF: AUCROC=43.3993%  Train=3.4708s
2026-03-18 17:29:51 | INFO |   HBOS: AUCROC=93.9703%  Train=11.9441s
2026-03-18 17:29:51 | INFO |   IForest: AUCROC=99.6584%  Train=1.8012s
2026-03-18 17:29:51 | INFO |   PCA: AUCROC=99.4156%  Train=0.2872s
2026-03-18 17:29:51 | INFO |   OCSVM: AUCROC=97.2807%  Train=39.428s
2026-03-18 17:29:51 | ERROR | Error with AutoEncoder on data_N_BaIoT.csv: AutoEncoder.__init__() got an unexpected keyword argument 'epochs'
2026-03-18 17:29:51 | ERROR | Error with DIF on data_N_BaIoT.csv: Cannot re-initialize CUDA in forked subprocess. To use CUDA with multiprocessing, you must use the 'spawn' start method
2026-03-18 17:29:51 | ERROR | Error with NeuTraLAD on data_N_BaIoT.csv: Cannot re-initialize CUDA in forked subprocess. To use CUDA with multiprocessing, you must use the 'spawn' start method
2026-03-18 17:29:51 | ERROR | Error with DASVDD on data_N_BaIoT.csv: Cannot re-initialize CUDA in forked subprocess. To use CUDA with multiprocessing, you must use the 'spawn' start method
2026-03-18 17:29:51 | INFO |   LODA: AUCROC=99.7069%  Train=1.0577s
2026-03-18 17:29:51 | INFO |   COPOD: AUCROC=93.6813%  Train=1.0518s
2026-03-18 17:29:51 | INFO |   ECOD: AUCROC=89.0618%  Train=0.8156s
2026-03-18 17:29:51 | ERROR | Error with VAE on data_N_BaIoT.csv: VAE.__init__() got an unexpected keyword argument 'epochs'
2026-03-18 17:29:51 | ERROR | Error with DeepSVDD on data_N_BaIoT.csv: DeepSVDD.__init__() got an unexpected keyword argument 'device'
2026-03-18 17:29:51 | ERROR | Error with LUNAR on data_N_BaIoT.csv: LUNAR.__init__() got an unexpected keyword argument 'n_neighbors'
2026-03-18 17:29:51 | ERROR | Error with AE1SVM on data_N_BaIoT.csv: AE1SVM.__init__() got an unexpected keyword argument 'device'
2026-03-18 17:29:51 | ERROR | Error with DevNet on data_N_BaIoT.csv: CUDA error: initialization error
CUDA kernel errors might be asynchronously reported at some other API call, so the stacktrace below might be incorrect.
For debugging consider passing CUDA_LAUNCH_BLOCKING=1
Compile with `TORCH_USE_CUDA_DSA` to enable device-side assertions.

2026-03-18 17:29:51 | ERROR | Error with ALAD on data_N_BaIoT.csv: CUDA error: initialization error
CUDA kernel errors might be asynchronously reported at some other API call, so the stacktrace below might be incorrect.
For debugging consider passing CUDA_LAUNCH_BLOCKING=1
Compile with `TORCH_USE_CUDA_DSA` to enable device-side assertions.

2026-03-18 17:29:51 | INFO | --- Noise: 5% ---
2026-03-18 17:31:50 | INFO |   CBLOF: AUCROC=99.7934%  Train=6.7529s
2026-03-18 17:31:50 | INFO |   KNN: AUCROC=71.1321%  Train=4.2667s
2026-03-18 17:31:50 | INFO |   LOF: AUCROC=43.8747%  Train=3.5326s
2026-03-18 17:31:50 | INFO |   HBOS: AUCROC=89.652%  Train=12.9399s
2026-03-18 17:31:50 | INFO |   IForest: AUCROC=99.1434%  Train=1.6321s
2026-03-18 17:31:50 | INFO |   PCA: AUCROC=99.1407%  Train=0.3307s
2026-03-18 17:31:50 | INFO |   OCSVM: AUCROC=94.3156%  Train=46.8349s
2026-03-18 17:31:50 | ERROR | Error with AutoEncoder on data_N_BaIoT.csv: AutoEncoder.__init__() got an unexpected keyword argument 'epochs'
2026-03-18 17:31:50 | ERROR | Error with DIF on data_N_BaIoT.csv: Cannot re-initialize CUDA in forked subprocess. To use CUDA with multiprocessing, you must use the 'spawn' start method
2026-03-18 17:31:50 | ERROR | Error with NeuTraLAD on data_N_BaIoT.csv: Cannot re-initialize CUDA in forked subprocess. To use CUDA with multiprocessing, you must use the 'spawn' start method
2026-03-18 17:31:50 | ERROR | Error with DASVDD on data_N_BaIoT.csv: Cannot re-initialize CUDA in forked subprocess. To use CUDA with multiprocessing, you must use the 'spawn' start method
2026-03-18 17:31:50 | INFO |   LODA: AUCROC=99.6828%  Train=1.4312s
2026-03-18 17:31:50 | INFO |   COPOD: AUCROC=93.3642%  Train=1.735s
2026-03-18 17:31:50 | INFO |   ECOD: AUCROC=88.4587%  Train=0.7585s
2026-03-18 17:31:50 | ERROR | Error with VAE on data_N_BaIoT.csv: VAE.__init__() got an unexpected keyword argument 'epochs'
2026-03-18 17:31:50 | ERROR | Error with DeepSVDD on data_N_BaIoT.csv: DeepSVDD.__init__() got an unexpected keyword argument 'device'
2026-03-18 17:31:50 | ERROR | Error with LUNAR on data_N_BaIoT.csv: LUNAR.__init__() got an unexpected keyword argument 'n_neighbors'
2026-03-18 17:31:50 | ERROR | Error with AE1SVM on data_N_BaIoT.csv: AE1SVM.__init__() got an unexpected keyword argument 'device'
2026-03-18 17:31:50 | ERROR | Error with DevNet on data_N_BaIoT.csv: CUDA error: initialization error
CUDA kernel errors might be asynchronously reported at some other API call, so the stacktrace below might be incorrect.
For debugging consider passing CUDA_LAUNCH_BLOCKING=1
Compile with `TORCH_USE_CUDA_DSA` to enable device-side assertions.

2026-03-18 17:31:50 | ERROR | Error with ALAD on data_N_BaIoT.csv: CUDA error: initialization error
CUDA kernel errors might be asynchronously reported at some other API call, so the stacktrace below might be incorrect.
For debugging consider passing CUDA_LAUNCH_BLOCKING=1
Compile with `TORCH_USE_CUDA_DSA` to enable device-side assertions.

2026-03-18 17:31:50 | INFO | 
Processing Dataset: data_CICIoT2023.csv | Scaler: StandardScaler
2026-03-18 17:31:50 | INFO | --- Noise: 0% ---
2026-03-18 17:33:06 | INFO |   CBLOF: AUCROC=95.1943%  Train=4.3702s
2026-03-18 17:33:06 | INFO |   KNN: AUCROC=95.8362%  Train=2.3906s
2026-03-18 17:33:06 | INFO |   LOF: AUCROC=92.5693%  Train=2.2204s
2026-03-18 17:33:06 | INFO |   HBOS: AUCROC=96.2003%  Train=9.8937s
2026-03-18 17:33:06 | INFO |   IForest: AUCROC=94.6573%  Train=1.3483s
2026-03-18 17:33:06 | INFO |   PCA: AUCROC=93.3102%  Train=0.031s
2026-03-18 17:33:06 | INFO |   OCSVM: AUCROC=92.9973%  Train=19.1862s
2026-03-18 17:33:06 | ERROR | Error with AutoEncoder on data_CICIoT2023.csv: AutoEncoder.__init__() got an unexpected keyword argument 'epochs'
2026-03-18 17:33:06 | ERROR | Error with DIF on data_CICIoT2023.csv: Cannot re-initialize CUDA in forked subprocess. To use CUDA with multiprocessing, you must use the 'spawn' start method
2026-03-18 17:33:06 | ERROR | Error with NeuTraLAD on data_CICIoT2023.csv: Cannot re-initialize CUDA in forked subprocess. To use CUDA with multiprocessing, you must use the 'spawn' start method
2026-03-18 17:33:06 | ERROR | Error with DASVDD on data_CICIoT2023.csv: Cannot re-initialize CUDA in forked subprocess. To use CUDA with multiprocessing, you must use the 'spawn' start method
2026-03-18 17:33:06 | INFO |   LODA: AUCROC=92.5403%  Train=0.9078s
2026-03-18 17:33:06 | INFO |   COPOD: AUCROC=92.395%  Train=0.8198s
2026-03-18 17:33:06 | INFO |   ECOD: AUCROC=89.4202%  Train=0.186s
2026-03-18 17:33:06 | ERROR | Error with VAE on data_CICIoT2023.csv: VAE.__init__() got an unexpected keyword argument 'epochs'
2026-03-18 17:33:06 | ERROR | Error with DeepSVDD on data_CICIoT2023.csv: DeepSVDD.__init__() got an unexpected keyword argument 'device'
2026-03-18 17:33:06 | ERROR | Error with LUNAR on data_CICIoT2023.csv: LUNAR.__init__() got an unexpected keyword argument 'n_neighbors'
2026-03-18 17:33:06 | ERROR | Error with AE1SVM on data_CICIoT2023.csv: AE1SVM.__init__() got an unexpected keyword argument 'device'
2026-03-18 17:33:06 | ERROR | Error with DevNet on data_CICIoT2023.csv: CUDA error: initialization error
CUDA kernel errors might be asynchronously reported at some other API call, so the stacktrace below might be incorrect.
For debugging consider passing CUDA_LAUNCH_BLOCKING=1
Compile with `TORCH_USE_CUDA_DSA` to enable device-side assertions.

2026-03-18 17:33:06 | ERROR | Error with ALAD on data_CICIoT2023.csv: CUDA error: initialization error
CUDA kernel errors might be asynchronously reported at some other API call, so the stacktrace below might be incorrect.
For debugging consider passing CUDA_LAUNCH_BLOCKING=1
Compile with `TORCH_USE_CUDA_DSA` to enable device-side assertions.

2026-03-18 17:33:06 | INFO | --- Noise: 1% ---
2026-03-18 17:34:21 | INFO |   CBLOF: AUCROC=93.1451%  Train=4.7416s
2026-03-18 17:34:21 | INFO |   KNN: AUCROC=95.0418%  Train=2.3798s
2026-03-18 17:34:21 | INFO |   LOF: AUCROC=62.7425%  Train=2.2613s
2026-03-18 17:34:21 | INFO |   HBOS: AUCROC=96.1469%  Train=10.5574s
2026-03-18 17:34:21 | INFO |   IForest: AUCROC=94.8919%  Train=1.566s
2026-03-18 17:34:21 | INFO |   PCA: AUCROC=93.2915%  Train=0.0317s
2026-03-18 17:34:21 | INFO |   OCSVM: AUCROC=92.8048%  Train=21.6988s
2026-03-18 17:34:21 | ERROR | Error with AutoEncoder on data_CICIoT2023.csv: AutoEncoder.__init__() got an unexpected keyword argument 'epochs'
2026-03-18 17:34:21 | ERROR | Error with DIF on data_CICIoT2023.csv: Cannot re-initialize CUDA in forked subprocess. To use CUDA with multiprocessing, you must use the 'spawn' start method
2026-03-18 17:34:21 | ERROR | Error with NeuTraLAD on data_CICIoT2023.csv: Cannot re-initialize CUDA in forked subprocess. To use CUDA with multiprocessing, you must use the 'spawn' start method
2026-03-18 17:34:21 | ERROR | Error with DASVDD on data_CICIoT2023.csv: Cannot re-initialize CUDA in forked subprocess. To use CUDA with multiprocessing, you must use the 'spawn' start method
2026-03-18 17:34:21 | INFO |   LODA: AUCROC=90.5865%  Train=0.9457s
2026-03-18 17:34:21 | INFO |   COPOD: AUCROC=92.3313%  Train=0.9113s
2026-03-18 17:34:21 | INFO |   ECOD: AUCROC=89.2086%  Train=0.2393s
2026-03-18 17:34:21 | ERROR | Error with VAE on data_CICIoT2023.csv: VAE.__init__() got an unexpected keyword argument 'epochs'
2026-03-18 17:34:21 | ERROR | Error with DeepSVDD on data_CICIoT2023.csv: DeepSVDD.__init__() got an unexpected keyword argument 'device'
2026-03-18 17:34:21 | ERROR | Error with LUNAR on data_CICIoT2023.csv: LUNAR.__init__() got an unexpected keyword argument 'n_neighbors'
2026-03-18 17:34:21 | ERROR | Error with AE1SVM on data_CICIoT2023.csv: AE1SVM.__init__() got an unexpected keyword argument 'device'
2026-03-18 17:34:21 | ERROR | Error with DevNet on data_CICIoT2023.csv: CUDA error: initialization error
CUDA kernel errors might be asynchronously reported at some other API call, so the stacktrace below might be incorrect.
For debugging consider passing CUDA_LAUNCH_BLOCKING=1
Compile with `TORCH_USE_CUDA_DSA` to enable device-side assertions.

2026-03-18 17:34:21 | ERROR | Error with ALAD on data_CICIoT2023.csv: CUDA error: initialization error
CUDA kernel errors might be asynchronously reported at some other API call, so the stacktrace below might be incorrect.
For debugging consider passing CUDA_LAUNCH_BLOCKING=1
Compile with `TORCH_USE_CUDA_DSA` to enable device-side assertions.

2026-03-18 17:34:21 | INFO | --- Noise: 3% ---
2026-03-18 17:35:41 | INFO |   CBLOF: AUCROC=87.1745%  Train=4.9383s
2026-03-18 17:35:41 | INFO |   KNN: AUCROC=85.5095%  Train=2.4842s
2026-03-18 17:35:41 | INFO |   LOF: AUCROC=53.3258%  Train=2.3871s
2026-03-18 17:35:41 | INFO |   HBOS: AUCROC=96.1097%  Train=10.3996s
2026-03-18 17:35:41 | INFO |   IForest: AUCROC=95.141%  Train=1.3099s
2026-03-18 17:35:41 | INFO |   PCA: AUCROC=92.8185%  Train=0.0302s
2026-03-18 17:35:41 | INFO |   OCSVM: AUCROC=92.421%  Train=21.1032s
2026-03-18 17:35:41 | ERROR | Error with AutoEncoder on data_CICIoT2023.csv: AutoEncoder.__init__() got an unexpected keyword argument 'epochs'
2026-03-18 17:35:41 | ERROR | Error with DIF on data_CICIoT2023.csv: Cannot re-initialize CUDA in forked subprocess. To use CUDA with multiprocessing, you must use the 'spawn' start method
2026-03-18 17:35:41 | ERROR | Error with NeuTraLAD on data_CICIoT2023.csv: Cannot re-initialize CUDA in forked subprocess. To use CUDA with multiprocessing, you must use the 'spawn' start method
2026-03-18 17:35:41 | ERROR | Error with DASVDD on data_CICIoT2023.csv: Cannot re-initialize CUDA in forked subprocess. To use CUDA with multiprocessing, you must use the 'spawn' start method
2026-03-18 17:35:41 | INFO |   LODA: AUCROC=89.7009%  Train=1.0617s
2026-03-18 17:35:41 | INFO |   COPOD: AUCROC=92.2161%  Train=0.8778s
2026-03-18 17:35:41 | INFO |   ECOD: AUCROC=88.8004%  Train=0.2324s
2026-03-18 17:35:41 | ERROR | Error with VAE on data_CICIoT2023.csv: VAE.__init__() got an unexpected keyword argument 'epochs'
2026-03-18 17:35:41 | ERROR | Error with DeepSVDD on data_CICIoT2023.csv: DeepSVDD.__init__() got an unexpected keyword argument 'device'
2026-03-18 17:35:41 | ERROR | Error with LUNAR on data_CICIoT2023.csv: LUNAR.__init__() got an unexpected keyword argument 'n_neighbors'
2026-03-18 17:35:41 | ERROR | Error with AE1SVM on data_CICIoT2023.csv: AE1SVM.__init__() got an unexpected keyword argument 'device'
2026-03-18 17:35:41 | ERROR | Error with DevNet on data_CICIoT2023.csv: CUDA error: initialization error
CUDA kernel errors might be asynchronously reported at some other API call, so the stacktrace below might be incorrect.
For debugging consider passing CUDA_LAUNCH_BLOCKING=1
Compile with `TORCH_USE_CUDA_DSA` to enable device-side assertions.

2026-03-18 17:35:41 | ERROR | Error with ALAD on data_CICIoT2023.csv: CUDA error: initialization error
CUDA kernel errors might be asynchronously reported at some other API call, so the stacktrace below might be incorrect.
For debugging consider passing CUDA_LAUNCH_BLOCKING=1
Compile with `TORCH_USE_CUDA_DSA` to enable device-side assertions.

2026-03-18 17:35:41 | INFO | --- Noise: 5% ---
2026-03-18 17:37:02 | INFO |   CBLOF: AUCROC=80.9238%  Train=5.1113s
2026-03-18 17:37:02 | INFO |   KNN: AUCROC=75.1282%  Train=2.8413s
2026-03-18 17:37:02 | INFO |   LOF: AUCROC=55.5079%  Train=2.4385s
2026-03-18 17:37:02 | INFO |   HBOS: AUCROC=96.0418%  Train=11.4947s
2026-03-18 17:37:02 | INFO |   IForest: AUCROC=94.8279%  Train=1.3421s
2026-03-18 17:37:02 | INFO |   PCA: AUCROC=92.4621%  Train=0.0327s
2026-03-18 17:37:02 | INFO |   OCSVM: AUCROC=91.3057%  Train=23.3781s
2026-03-18 17:37:02 | ERROR | Error with AutoEncoder on data_CICIoT2023.csv: AutoEncoder.__init__() got an unexpected keyword argument 'epochs'
2026-03-18 17:37:02 | ERROR | Error with DIF on data_CICIoT2023.csv: Cannot re-initialize CUDA in forked subprocess. To use CUDA with multiprocessing, you must use the 'spawn' start method
2026-03-18 17:37:02 | ERROR | Error with NeuTraLAD on data_CICIoT2023.csv: Cannot re-initialize CUDA in forked subprocess. To use CUDA with multiprocessing, you must use the 'spawn' start method
2026-03-18 17:37:02 | ERROR | Error with DASVDD on data_CICIoT2023.csv: Cannot re-initialize CUDA in forked subprocess. To use CUDA with multiprocessing, you must use the 'spawn' start method
2026-03-18 17:37:02 | INFO |   LODA: AUCROC=88.8746%  Train=1.1395s
2026-03-18 17:37:02 | INFO |   COPOD: AUCROC=92.0801%  Train=1.0189s
2026-03-18 17:37:02 | INFO |   ECOD: AUCROC=88.334%  Train=0.2641s
2026-03-18 17:37:02 | ERROR | Error with VAE on data_CICIoT2023.csv: VAE.__init__() got an unexpected keyword argument 'epochs'
2026-03-18 17:37:02 | ERROR | Error with DeepSVDD on data_CICIoT2023.csv: DeepSVDD.__init__() got an unexpected keyword argument 'device'
2026-03-18 17:37:02 | ERROR | Error with LUNAR on data_CICIoT2023.csv: LUNAR.__init__() got an unexpected keyword argument 'n_neighbors'
2026-03-18 17:37:02 | ERROR | Error with AE1SVM on data_CICIoT2023.csv: AE1SVM.__init__() got an unexpected keyword argument 'device'
2026-03-18 17:37:02 | ERROR | Error with DevNet on data_CICIoT2023.csv: CUDA error: initialization error
CUDA kernel errors might be asynchronously reported at some other API call, so the stacktrace below might be incorrect.
For debugging consider passing CUDA_LAUNCH_BLOCKING=1
Compile with `TORCH_USE_CUDA_DSA` to enable device-side assertions.

2026-03-18 17:37:02 | ERROR | Error with ALAD on data_CICIoT2023.csv: CUDA error: initialization error
CUDA kernel errors might be asynchronously reported at some other API call, so the stacktrace below might be incorrect.
For debugging consider passing CUDA_LAUNCH_BLOCKING=1
Compile with `TORCH_USE_CUDA_DSA` to enable device-side assertions.

2026-03-18 17:37:02 | INFO | 
Processing Dataset: data_CICIoT2023.csv | Scaler: MinMaxScaler
2026-03-18 17:37:02 | INFO | --- Noise: 0% ---
2026-03-18 17:38:14 | INFO |   CBLOF: AUCROC=94.7758%  Train=4.9718s
2026-03-18 17:38:14 | INFO |   KNN: AUCROC=95.5551%  Train=2.3798s
2026-03-18 17:38:14 | INFO |   LOF: AUCROC=94.0098%  Train=2.3551s
2026-03-18 17:38:14 | INFO |   HBOS: AUCROC=96.4508%  Train=11.0197s
2026-03-18 17:38:14 | INFO |   IForest: AUCROC=94.5317%  Train=1.3279s
2026-03-18 17:38:14 | INFO |   PCA: AUCROC=93.3102%  Train=0.0371s
2026-03-18 17:38:14 | INFO |   OCSVM: AUCROC=88.0593%  Train=19.5434s
2026-03-18 17:38:14 | ERROR | Error with AutoEncoder on data_CICIoT2023.csv: AutoEncoder.__init__() got an unexpected keyword argument 'epochs'
2026-03-18 17:38:14 | ERROR | Error with DIF on data_CICIoT2023.csv: Cannot re-initialize CUDA in forked subprocess. To use CUDA with multiprocessing, you must use the 'spawn' start method
2026-03-18 17:38:14 | ERROR | Error with NeuTraLAD on data_CICIoT2023.csv: Cannot re-initialize CUDA in forked subprocess. To use CUDA with multiprocessing, you must use the 'spawn' start method
2026-03-18 17:38:14 | ERROR | Error with DASVDD on data_CICIoT2023.csv: Cannot re-initialize CUDA in forked subprocess. To use CUDA with multiprocessing, you must use the 'spawn' start method
2026-03-18 17:38:14 | INFO |   LODA: AUCROC=92.7618%  Train=0.705s
2026-03-18 17:38:14 | INFO |   COPOD: AUCROC=92.395%  Train=1.0059s
2026-03-18 17:38:14 | INFO |   ECOD: AUCROC=89.4202%  Train=0.2169s
2026-03-18 17:38:14 | ERROR | Error with VAE on data_CICIoT2023.csv: VAE.__init__() got an unexpected keyword argument 'epochs'
2026-03-18 17:38:14 | ERROR | Error with DeepSVDD on data_CICIoT2023.csv: DeepSVDD.__init__() got an unexpected keyword argument 'device'
2026-03-18 17:38:14 | ERROR | Error with LUNAR on data_CICIoT2023.csv: LUNAR.__init__() got an unexpected keyword argument 'n_neighbors'
2026-03-18 17:38:14 | ERROR | Error with AE1SVM on data_CICIoT2023.csv: AE1SVM.__init__() got an unexpected keyword argument 'device'
2026-03-18 17:38:14 | ERROR | Error with DevNet on data_CICIoT2023.csv: CUDA error: initialization error
CUDA kernel errors might be asynchronously reported at some other API call, so the stacktrace below might be incorrect.
For debugging consider passing CUDA_LAUNCH_BLOCKING=1
Compile with `TORCH_USE_CUDA_DSA` to enable device-side assertions.

2026-03-18 17:38:14 | ERROR | Error with ALAD on data_CICIoT2023.csv: CUDA error: initialization error
CUDA kernel errors might be asynchronously reported at some other API call, so the stacktrace below might be incorrect.
For debugging consider passing CUDA_LAUNCH_BLOCKING=1
Compile with `TORCH_USE_CUDA_DSA` to enable device-side assertions.

2026-03-18 17:38:14 | INFO | --- Noise: 1% ---
2026-03-18 17:39:19 | INFO |   CBLOF: AUCROC=94.6372%  Train=6.1534s
2026-03-18 17:39:19 | INFO |   KNN: AUCROC=95.175%  Train=3.2885s
2026-03-18 17:39:19 | INFO |   LOF: AUCROC=56.5602%  Train=3.1875s
2026-03-18 17:39:19 | INFO |   HBOS: AUCROC=96.5007%  Train=12.5166s
2026-03-18 17:39:19 | INFO |   IForest: AUCROC=95.099%  Train=1.9822s
2026-03-18 17:39:19 | INFO |   PCA: AUCROC=93.259%  Train=0.0532s
2026-03-18 17:39:19 | INFO |   OCSVM: AUCROC=86.6802%  Train=19.4195s
2026-03-18 17:39:19 | ERROR | Error with AutoEncoder on data_CICIoT2023.csv: AutoEncoder.__init__() got an unexpected keyword argument 'epochs'
2026-03-18 17:39:19 | ERROR | Error with DIF on data_CICIoT2023.csv: Cannot re-initialize CUDA in forked subprocess. To use CUDA with multiprocessing, you must use the 'spawn' start method
2026-03-18 17:39:19 | ERROR | Error with NeuTraLAD on data_CICIoT2023.csv: Cannot re-initialize CUDA in forked subprocess. To use CUDA with multiprocessing, you must use the 'spawn' start method
2026-03-18 17:39:19 | ERROR | Error with DASVDD on data_CICIoT2023.csv: Cannot re-initialize CUDA in forked subprocess. To use CUDA with multiprocessing, you must use the 'spawn' start method
2026-03-18 17:39:19 | INFO |   LODA: AUCROC=92.9106%  Train=0.9732s
2026-03-18 17:39:19 | INFO |   COPOD: AUCROC=92.3299%  Train=1.0956s
2026-03-18 17:39:19 | INFO |   ECOD: AUCROC=89.1925%  Train=0.2082s
2026-03-18 17:39:19 | ERROR | Error with VAE on data_CICIoT2023.csv: VAE.__init__() got an unexpected keyword argument 'epochs'
2026-03-18 17:39:19 | ERROR | Error with DeepSVDD on data_CICIoT2023.csv: DeepSVDD.__init__() got an unexpected keyword argument 'device'
2026-03-18 17:39:19 | ERROR | Error with LUNAR on data_CICIoT2023.csv: LUNAR.__init__() got an unexpected keyword argument 'n_neighbors'
2026-03-18 17:39:19 | ERROR | Error with AE1SVM on data_CICIoT2023.csv: AE1SVM.__init__() got an unexpected keyword argument 'device'
2026-03-18 17:39:19 | ERROR | Error with DevNet on data_CICIoT2023.csv: CUDA error: initialization error
CUDA kernel errors might be asynchronously reported at some other API call, so the stacktrace below might be incorrect.
For debugging consider passing CUDA_LAUNCH_BLOCKING=1
Compile with `TORCH_USE_CUDA_DSA` to enable device-side assertions.

2026-03-18 17:39:19 | ERROR | Error with ALAD on data_CICIoT2023.csv: CUDA error: initialization error
CUDA kernel errors might be asynchronously reported at some other API call, so the stacktrace below might be incorrect.
For debugging consider passing CUDA_LAUNCH_BLOCKING=1
Compile with `TORCH_USE_CUDA_DSA` to enable device-side assertions.

2026-03-18 17:39:19 | INFO | --- Noise: 3% ---
2026-03-18 17:40:12 | INFO |   CBLOF: AUCROC=94.6691%  Train=4.7733s
2026-03-18 17:40:12 | INFO |   KNN: AUCROC=82.1614%  Train=2.7158s
2026-03-18 17:40:12 | INFO |   LOF: AUCROC=56.3407%  Train=2.3473s
2026-03-18 17:40:12 | INFO |   HBOS: AUCROC=96.3456%  Train=10.6988s
2026-03-18 17:40:12 | INFO |   IForest: AUCROC=95.0474%  Train=1.3384s
2026-03-18 17:40:12 | INFO |   PCA: AUCROC=92.8087%  Train=0.0346s
2026-03-18 17:40:12 | INFO |   OCSVM: AUCROC=83.6261%  Train=22.0373s
2026-03-18 17:40:12 | ERROR | Error with AutoEncoder on data_CICIoT2023.csv: AutoEncoder.__init__() got an unexpected keyword argument 'epochs'
2026-03-18 17:40:12 | ERROR | Error with DIF on data_CICIoT2023.csv: Cannot re-initialize CUDA in forked subprocess. To use CUDA with multiprocessing, you must use the 'spawn' start method
2026-03-18 17:40:12 | ERROR | Error with NeuTraLAD on data_CICIoT2023.csv: Cannot re-initialize CUDA in forked subprocess. To use CUDA with multiprocessing, you must use the 'spawn' start method
2026-03-18 17:40:12 | ERROR | Error with DASVDD on data_CICIoT2023.csv: Cannot re-initialize CUDA in forked subprocess. To use CUDA with multiprocessing, you must use the 'spawn' start method
2026-03-18 17:40:12 | INFO |   LODA: AUCROC=91.7468%  Train=1.026s
2026-03-18 17:40:12 | INFO |   COPOD: AUCROC=92.2172%  Train=0.9122s
2026-03-18 17:40:12 | INFO |   ECOD: AUCROC=88.791%  Train=0.2469s
2026-03-18 17:40:12 | ERROR | Error with VAE on data_CICIoT2023.csv: VAE.__init__() got an unexpected keyword argument 'epochs'
2026-03-18 17:40:12 | ERROR | Error with DeepSVDD on data_CICIoT2023.csv: DeepSVDD.__init__() got an unexpected keyword argument 'device'
2026-03-18 17:40:12 | ERROR | Error with LUNAR on data_CICIoT2023.csv: LUNAR.__init__() got an unexpected keyword argument 'n_neighbors'
2026-03-18 17:40:12 | ERROR | Error with AE1SVM on data_CICIoT2023.csv: AE1SVM.__init__() got an unexpected keyword argument 'device'
2026-03-18 17:40:12 | ERROR | Error with DevNet on data_CICIoT2023.csv: CUDA error: initialization error
CUDA kernel errors might be asynchronously reported at some other API call, so the stacktrace below might be incorrect.
For debugging consider passing CUDA_LAUNCH_BLOCKING=1
Compile with `TORCH_USE_CUDA_DSA` to enable device-side assertions.

2026-03-18 17:40:12 | ERROR | Error with ALAD on data_CICIoT2023.csv: CUDA error: initialization error
CUDA kernel errors might be asynchronously reported at some other API call, so the stacktrace below might be incorrect.
For debugging consider passing CUDA_LAUNCH_BLOCKING=1
Compile with `TORCH_USE_CUDA_DSA` to enable device-side assertions.

2026-03-18 17:40:12 | INFO | --- Noise: 5% ---
2026-03-18 17:41:13 | INFO |   CBLOF: AUCROC=94.7534%  Train=4.5752s
2026-03-18 17:41:13 | INFO |   KNN: AUCROC=74.9017%  Train=2.4951s
2026-03-18 17:41:13 | INFO |   LOF: AUCROC=57.4938%  Train=2.478s
2026-03-18 17:41:13 | INFO |   HBOS: AUCROC=96.2971%  Train=10.5441s
2026-03-18 17:41:13 | INFO |   IForest: AUCROC=95.161%  Train=1.3077s
2026-03-18 17:41:13 | INFO |   PCA: AUCROC=92.4701%  Train=0.0403s
2026-03-18 17:41:13 | INFO |   OCSVM: AUCROC=79.8294%  Train=23.8798s
2026-03-18 17:41:13 | ERROR | Error with AutoEncoder on data_CICIoT2023.csv: AutoEncoder.__init__() got an unexpected keyword argument 'epochs'
2026-03-18 17:41:13 | ERROR | Error with DIF on data_CICIoT2023.csv: Cannot re-initialize CUDA in forked subprocess. To use CUDA with multiprocessing, you must use the 'spawn' start method
2026-03-18 17:41:13 | ERROR | Error with NeuTraLAD on data_CICIoT2023.csv: Cannot re-initialize CUDA in forked subprocess. To use CUDA with multiprocessing, you must use the 'spawn' start method
2026-03-18 17:41:13 | ERROR | Error with DASVDD on data_CICIoT2023.csv: Cannot re-initialize CUDA in forked subprocess. To use CUDA with multiprocessing, you must use the 'spawn' start method
2026-03-18 17:41:13 | INFO |   LODA: AUCROC=91.1951%  Train=1.2376s
2026-03-18 17:41:13 | INFO |   COPOD: AUCROC=92.0901%  Train=0.9704s
2026-03-18 17:41:13 | INFO |   ECOD: AUCROC=88.3664%  Train=0.2554s
2026-03-18 17:41:13 | ERROR | Error with VAE on data_CICIoT2023.csv: VAE.__init__() got an unexpected keyword argument 'epochs'
2026-03-18 17:41:13 | ERROR | Error with DeepSVDD on data_CICIoT2023.csv: DeepSVDD.__init__() got an unexpected keyword argument 'device'
2026-03-18 17:41:13 | ERROR | Error with LUNAR on data_CICIoT2023.csv: LUNAR.__init__() got an unexpected keyword argument 'n_neighbors'
2026-03-18 17:41:13 | ERROR | Error with AE1SVM on data_CICIoT2023.csv: AE1SVM.__init__() got an unexpected keyword argument 'device'
2026-03-18 17:41:13 | ERROR | Error with DevNet on data_CICIoT2023.csv: CUDA error: initialization error
CUDA kernel errors might be asynchronously reported at some other API call, so the stacktrace below might be incorrect.
For debugging consider passing CUDA_LAUNCH_BLOCKING=1
Compile with `TORCH_USE_CUDA_DSA` to enable device-side assertions.

2026-03-18 17:41:13 | ERROR | Error with ALAD on data_CICIoT2023.csv: CUDA error: initialization error
CUDA kernel errors might be asynchronously reported at some other API call, so the stacktrace below might be incorrect.
For debugging consider passing CUDA_LAUNCH_BLOCKING=1
Compile with `TORCH_USE_CUDA_DSA` to enable device-side assertions.

2026-03-18 17:41:13 | INFO | 
Processing Dataset: data_CICIoT2023.csv | Scaler: Normalizer
2026-03-18 17:41:14 | INFO | --- Noise: 0% ---
2026-03-18 17:42:13 | INFO |   CBLOF: AUCROC=94.8029%  Train=4.6893s
2026-03-18 17:42:13 | INFO |   KNN: AUCROC=95.7148%  Train=2.3625s
2026-03-18 17:42:13 | INFO |   LOF: AUCROC=93.9077%  Train=2.1495s
2026-03-18 17:42:13 | INFO |   HBOS: AUCROC=94.7587%  Train=10.6741s
2026-03-18 17:42:13 | INFO |   IForest: AUCROC=93.3585%  Train=1.3003s
2026-03-18 17:42:13 | INFO |   PCA: AUCROC=92.5471%  Train=0.0353s
2026-03-18 17:42:13 | INFO |   OCSVM: AUCROC=91.9448%  Train=19.1839s
2026-03-18 17:42:13 | ERROR | Error with AutoEncoder on data_CICIoT2023.csv: AutoEncoder.__init__() got an unexpected keyword argument 'epochs'
2026-03-18 17:42:13 | ERROR | Error with DIF on data_CICIoT2023.csv: Cannot re-initialize CUDA in forked subprocess. To use CUDA with multiprocessing, you must use the 'spawn' start method
2026-03-18 17:42:13 | ERROR | Error with NeuTraLAD on data_CICIoT2023.csv: Cannot re-initialize CUDA in forked subprocess. To use CUDA with multiprocessing, you must use the 'spawn' start method
2026-03-18 17:42:13 | ERROR | Error with DASVDD on data_CICIoT2023.csv: Cannot re-initialize CUDA in forked subprocess. To use CUDA with multiprocessing, you must use the 'spawn' start method
2026-03-18 17:42:13 | INFO |   LODA: AUCROC=93.5007%  Train=1.0637s
2026-03-18 17:42:13 | INFO |   COPOD: AUCROC=91.2719%  Train=0.8879s
2026-03-18 17:42:13 | INFO |   ECOD: AUCROC=89.6488%  Train=0.2139s
2026-03-18 17:42:13 | ERROR | Error with VAE on data_CICIoT2023.csv: VAE.__init__() got an unexpected keyword argument 'epochs'
2026-03-18 17:42:13 | ERROR | Error with DeepSVDD on data_CICIoT2023.csv: DeepSVDD.__init__() got an unexpected keyword argument 'device'
2026-03-18 17:42:13 | ERROR | Error with LUNAR on data_CICIoT2023.csv: LUNAR.__init__() got an unexpected keyword argument 'n_neighbors'
2026-03-18 17:42:13 | ERROR | Error with AE1SVM on data_CICIoT2023.csv: AE1SVM.__init__() got an unexpected keyword argument 'device'
2026-03-18 17:42:13 | ERROR | Error with DevNet on data_CICIoT2023.csv: CUDA error: initialization error
CUDA kernel errors might be asynchronously reported at some other API call, so the stacktrace below might be incorrect.
For debugging consider passing CUDA_LAUNCH_BLOCKING=1
Compile with `TORCH_USE_CUDA_DSA` to enable device-side assertions.

2026-03-18 17:42:13 | ERROR | Error with ALAD on data_CICIoT2023.csv: CUDA error: initialization error
CUDA kernel errors might be asynchronously reported at some other API call, so the stacktrace below might be incorrect.
For debugging consider passing CUDA_LAUNCH_BLOCKING=1
Compile with `TORCH_USE_CUDA_DSA` to enable device-side assertions.

2026-03-18 17:42:13 | INFO | --- Noise: 1% ---
2026-03-18 17:43:09 | INFO |   CBLOF: AUCROC=94.5668%  Train=4.5189s
2026-03-18 17:43:09 | INFO |   KNN: AUCROC=95.6694%  Train=2.3627s
2026-03-18 17:43:09 | INFO |   LOF: AUCROC=60.8808%  Train=2.3786s
2026-03-18 17:43:09 | INFO |   HBOS: AUCROC=94.8033%  Train=10.3493s
2026-03-18 17:43:09 | INFO |   IForest: AUCROC=93.6843%  Train=1.2828s
2026-03-18 17:43:09 | INFO |   PCA: AUCROC=92.8637%  Train=0.0394s
2026-03-18 17:43:09 | INFO |   OCSVM: AUCROC=91.6475%  Train=19.9931s
2026-03-18 17:43:09 | ERROR | Error with AutoEncoder on data_CICIoT2023.csv: AutoEncoder.__init__() got an unexpected keyword argument 'epochs'
2026-03-18 17:43:09 | ERROR | Error with DIF on data_CICIoT2023.csv: Cannot re-initialize CUDA in forked subprocess. To use CUDA with multiprocessing, you must use the 'spawn' start method
2026-03-18 17:43:09 | ERROR | Error with NeuTraLAD on data_CICIoT2023.csv: Cannot re-initialize CUDA in forked subprocess. To use CUDA with multiprocessing, you must use the 'spawn' start method
2026-03-18 17:43:09 | ERROR | Error with DASVDD on data_CICIoT2023.csv: Cannot re-initialize CUDA in forked subprocess. To use CUDA with multiprocessing, you must use the 'spawn' start method
2026-03-18 17:43:09 | INFO |   LODA: AUCROC=94.1713%  Train=0.8004s
2026-03-18 17:43:09 | INFO |   COPOD: AUCROC=91.225%  Train=0.9721s
2026-03-18 17:43:09 | INFO |   ECOD: AUCROC=89.561%  Train=0.2664s
2026-03-18 17:43:09 | ERROR | Error with VAE on data_CICIoT2023.csv: VAE.__init__() got an unexpected keyword argument 'epochs'
2026-03-18 17:43:09 | ERROR | Error with DeepSVDD on data_CICIoT2023.csv: DeepSVDD.__init__() got an unexpected keyword argument 'device'
2026-03-18 17:43:09 | ERROR | Error with LUNAR on data_CICIoT2023.csv: LUNAR.__init__() got an unexpected keyword argument 'n_neighbors'
2026-03-18 17:43:09 | ERROR | Error with AE1SVM on data_CICIoT2023.csv: AE1SVM.__init__() got an unexpected keyword argument 'device'
2026-03-18 17:43:09 | ERROR | Error with DevNet on data_CICIoT2023.csv: CUDA error: initialization error
CUDA kernel errors might be asynchronously reported at some other API call, so the stacktrace below might be incorrect.
For debugging consider passing CUDA_LAUNCH_BLOCKING=1
Compile with `TORCH_USE_CUDA_DSA` to enable device-side assertions.

2026-03-18 17:43:09 | ERROR | Error with ALAD on data_CICIoT2023.csv: CUDA error: initialization error
CUDA kernel errors might be asynchronously reported at some other API call, so the stacktrace below might be incorrect.
For debugging consider passing CUDA_LAUNCH_BLOCKING=1
Compile with `TORCH_USE_CUDA_DSA` to enable device-side assertions.

2026-03-18 17:43:09 | INFO | --- Noise: 3% ---
2026-03-18 17:44:14 | INFO |   CBLOF: AUCROC=94.5411%  Train=4.5165s
2026-03-18 17:44:14 | INFO |   KNN: AUCROC=88.686%  Train=2.4155s
2026-03-18 17:44:14 | INFO |   LOF: AUCROC=55.6116%  Train=2.292s
2026-03-18 17:44:14 | INFO |   HBOS: AUCROC=94.7585%  Train=10.1787s
2026-03-18 17:44:14 | INFO |   IForest: AUCROC=93.9138%  Train=1.2719s
2026-03-18 17:44:14 | INFO |   PCA: AUCROC=92.7644%  Train=0.0389s
2026-03-18 17:44:14 | INFO |   OCSVM: AUCROC=90.7793%  Train=22.3877s
2026-03-18 17:44:14 | ERROR | Error with AutoEncoder on data_CICIoT2023.csv: AutoEncoder.__init__() got an unexpected keyword argument 'epochs'
2026-03-18 17:44:14 | ERROR | Error with DIF on data_CICIoT2023.csv: Cannot re-initialize CUDA in forked subprocess. To use CUDA with multiprocessing, you must use the 'spawn' start method
2026-03-18 17:44:14 | ERROR | Error with NeuTraLAD on data_CICIoT2023.csv: Cannot re-initialize CUDA in forked subprocess. To use CUDA with multiprocessing, you must use the 'spawn' start method
2026-03-18 17:44:14 | ERROR | Error with DASVDD on data_CICIoT2023.csv: Cannot re-initialize CUDA in forked subprocess. To use CUDA with multiprocessing, you must use the 'spawn' start method
2026-03-18 17:44:14 | INFO |   LODA: AUCROC=93.8043%  Train=1.0021s
2026-03-18 17:44:14 | INFO |   COPOD: AUCROC=90.7692%  Train=0.9612s
2026-03-18 17:44:14 | INFO |   ECOD: AUCROC=89.3874%  Train=0.2436s
2026-03-18 17:44:14 | ERROR | Error with VAE on data_CICIoT2023.csv: VAE.__init__() got an unexpected keyword argument 'epochs'
2026-03-18 17:44:14 | ERROR | Error with DeepSVDD on data_CICIoT2023.csv: DeepSVDD.__init__() got an unexpected keyword argument 'device'
2026-03-18 17:44:14 | ERROR | Error with LUNAR on data_CICIoT2023.csv: LUNAR.__init__() got an unexpected keyword argument 'n_neighbors'
2026-03-18 17:44:14 | ERROR | Error with AE1SVM on data_CICIoT2023.csv: AE1SVM.__init__() got an unexpected keyword argument 'device'
2026-03-18 17:44:14 | ERROR | Error with DevNet on data_CICIoT2023.csv: CUDA error: initialization error
CUDA kernel errors might be asynchronously reported at some other API call, so the stacktrace below might be incorrect.
For debugging consider passing CUDA_LAUNCH_BLOCKING=1
Compile with `TORCH_USE_CUDA_DSA` to enable device-side assertions.

2026-03-18 17:44:14 | ERROR | Error with ALAD on data_CICIoT2023.csv: CUDA error: initialization error
CUDA kernel errors might be asynchronously reported at some other API call, so the stacktrace below might be incorrect.
For debugging consider passing CUDA_LAUNCH_BLOCKING=1
Compile with `TORCH_USE_CUDA_DSA` to enable device-side assertions.

2026-03-18 17:44:14 | INFO | --- Noise: 5% ---
2026-03-18 17:45:12 | INFO |   CBLOF: AUCROC=94.8285%  Train=4.9434s
2026-03-18 17:45:12 | INFO |   KNN: AUCROC=83.1732%  Train=2.631s
2026-03-18 17:45:12 | INFO |   LOF: AUCROC=56.0323%  Train=2.3743s
2026-03-18 17:45:12 | INFO |   HBOS: AUCROC=94.6835%  Train=10.3123s
2026-03-18 17:45:12 | INFO |   IForest: AUCROC=93.7275%  Train=1.2711s
2026-03-18 17:45:12 | INFO |   PCA: AUCROC=92.5551%  Train=0.0392s
2026-03-18 17:45:12 | INFO |   OCSVM: AUCROC=89.3884%  Train=23.0587s
2026-03-18 17:45:12 | ERROR | Error with AutoEncoder on data_CICIoT2023.csv: AutoEncoder.__init__() got an unexpected keyword argument 'epochs'
2026-03-18 17:45:12 | ERROR | Error with DIF on data_CICIoT2023.csv: Cannot re-initialize CUDA in forked subprocess. To use CUDA with multiprocessing, you must use the 'spawn' start method
2026-03-18 17:45:12 | ERROR | Error with NeuTraLAD on data_CICIoT2023.csv: Cannot re-initialize CUDA in forked subprocess. To use CUDA with multiprocessing, you must use the 'spawn' start method
2026-03-18 17:45:12 | ERROR | Error with DASVDD on data_CICIoT2023.csv: Cannot re-initialize CUDA in forked subprocess. To use CUDA with multiprocessing, you must use the 'spawn' start method
2026-03-18 17:45:12 | INFO |   LODA: AUCROC=93.5973%  Train=0.7262s
2026-03-18 17:45:12 | INFO |   COPOD: AUCROC=90.6437%  Train=0.8981s
2026-03-18 17:45:12 | INFO |   ECOD: AUCROC=89.1929%  Train=0.2813s
2026-03-18 17:45:12 | ERROR | Error with VAE on data_CICIoT2023.csv: VAE.__init__() got an unexpected keyword argument 'epochs'
2026-03-18 17:45:12 | ERROR | Error with DeepSVDD on data_CICIoT2023.csv: DeepSVDD.__init__() got an unexpected keyword argument 'device'
2026-03-18 17:45:12 | ERROR | Error with LUNAR on data_CICIoT2023.csv: LUNAR.__init__() got an unexpected keyword argument 'n_neighbors'
2026-03-18 17:45:12 | ERROR | Error with AE1SVM on data_CICIoT2023.csv: AE1SVM.__init__() got an unexpected keyword argument 'device'
2026-03-18 17:45:12 | ERROR | Error with DevNet on data_CICIoT2023.csv: CUDA error: initialization error
CUDA kernel errors might be asynchronously reported at some other API call, so the stacktrace below might be incorrect.
For debugging consider passing CUDA_LAUNCH_BLOCKING=1
Compile with `TORCH_USE_CUDA_DSA` to enable device-side assertions.

2026-03-18 17:45:12 | ERROR | Error with ALAD on data_CICIoT2023.csv: CUDA error: initialization error
CUDA kernel errors might be asynchronously reported at some other API call, so the stacktrace below might be incorrect.
For debugging consider passing CUDA_LAUNCH_BLOCKING=1
Compile with `TORCH_USE_CUDA_DSA` to enable device-side assertions.

2026-03-18 17:45:13 | INFO | 
Processing Dataset: data_CICIoT2023.csv | Scaler: QuantileTransformer
2026-03-18 17:45:13 | INFO | --- Noise: 0% ---
2026-03-18 17:46:41 | INFO |   CBLOF: AUCROC=94.0057%  Train=4.8155s
2026-03-18 17:46:41 | INFO |   KNN: AUCROC=94.552%  Train=2.5099s
2026-03-18 17:46:41 | INFO |   LOF: AUCROC=93.6974%  Train=2.2656s
2026-03-18 17:46:41 | INFO |   HBOS: AUCROC=93.291%  Train=10.5516s
2026-03-18 17:46:41 | INFO |   IForest: AUCROC=93.8633%  Train=1.2871s
2026-03-18 17:46:41 | INFO |   PCA: AUCROC=87.4469%  Train=0.0318s
2026-03-18 17:46:41 | INFO |   OCSVM: AUCROC=87.3058%  Train=19.253s
2026-03-18 17:46:41 | ERROR | Error with AutoEncoder on data_CICIoT2023.csv: AutoEncoder.__init__() got an unexpected keyword argument 'epochs'
2026-03-18 17:46:41 | ERROR | Error with DIF on data_CICIoT2023.csv: Cannot re-initialize CUDA in forked subprocess. To use CUDA with multiprocessing, you must use the 'spawn' start method
2026-03-18 17:46:41 | ERROR | Error with NeuTraLAD on data_CICIoT2023.csv: Cannot re-initialize CUDA in forked subprocess. To use CUDA with multiprocessing, you must use the 'spawn' start method
2026-03-18 17:46:41 | ERROR | Error with DASVDD on data_CICIoT2023.csv: Cannot re-initialize CUDA in forked subprocess. To use CUDA with multiprocessing, you must use the 'spawn' start method
2026-03-18 17:46:41 | INFO |   LODA: AUCROC=92.0021%  Train=1.0328s
2026-03-18 17:46:41 | INFO |   COPOD: AUCROC=85.0767%  Train=0.9002s
2026-03-18 17:46:41 | INFO |   ECOD: AUCROC=88.8809%  Train=0.2363s
2026-03-18 17:46:41 | ERROR | Error with VAE on data_CICIoT2023.csv: VAE.__init__() got an unexpected keyword argument 'epochs'
2026-03-18 17:46:41 | ERROR | Error with DeepSVDD on data_CICIoT2023.csv: DeepSVDD.__init__() got an unexpected keyword argument 'device'
2026-03-18 17:46:41 | ERROR | Error with LUNAR on data_CICIoT2023.csv: LUNAR.__init__() got an unexpected keyword argument 'n_neighbors'
2026-03-18 17:46:41 | ERROR | Error with AE1SVM on data_CICIoT2023.csv: AE1SVM.__init__() got an unexpected keyword argument 'device'
2026-03-18 17:46:41 | ERROR | Error with DevNet on data_CICIoT2023.csv: CUDA error: initialization error
CUDA kernel errors might be asynchronously reported at some other API call, so the stacktrace below might be incorrect.
For debugging consider passing CUDA_LAUNCH_BLOCKING=1
Compile with `TORCH_USE_CUDA_DSA` to enable device-side assertions.

2026-03-18 17:46:41 | ERROR | Error with ALAD on data_CICIoT2023.csv: CUDA error: initialization error
CUDA kernel errors might be asynchronously reported at some other API call, so the stacktrace below might be incorrect.
For debugging consider passing CUDA_LAUNCH_BLOCKING=1
Compile with `TORCH_USE_CUDA_DSA` to enable device-side assertions.

2026-03-18 17:46:41 | INFO | --- Noise: 1% ---
2026-03-18 17:47:43 | INFO |   CBLOF: AUCROC=93.4055%  Train=4.8425s
2026-03-18 17:47:43 | INFO |   KNN: AUCROC=77.801%  Train=2.5739s
2026-03-18 17:47:43 | INFO |   LOF: AUCROC=60.2842%  Train=2.3539s
2026-03-18 17:47:43 | INFO |   HBOS: AUCROC=91.3681%  Train=10.6926s
2026-03-18 17:47:43 | INFO |   IForest: AUCROC=94.1854%  Train=1.3393s
2026-03-18 17:47:43 | INFO |   PCA: AUCROC=89.4559%  Train=0.0353s
2026-03-18 17:47:43 | INFO |   OCSVM: AUCROC=86.143%  Train=20.225s
2026-03-18 17:47:43 | ERROR | Error with AutoEncoder on data_CICIoT2023.csv: AutoEncoder.__init__() got an unexpected keyword argument 'epochs'
2026-03-18 17:47:43 | ERROR | Error with DIF on data_CICIoT2023.csv: Cannot re-initialize CUDA in forked subprocess. To use CUDA with multiprocessing, you must use the 'spawn' start method
2026-03-18 17:47:43 | ERROR | Error with NeuTraLAD on data_CICIoT2023.csv: Cannot re-initialize CUDA in forked subprocess. To use CUDA with multiprocessing, you must use the 'spawn' start method
2026-03-18 17:47:43 | ERROR | Error with DASVDD on data_CICIoT2023.csv: Cannot re-initialize CUDA in forked subprocess. To use CUDA with multiprocessing, you must use the 'spawn' start method
2026-03-18 17:47:43 | INFO |   LODA: AUCROC=90.1542%  Train=1.0478s
2026-03-18 17:47:43 | INFO |   COPOD: AUCROC=84.6691%  Train=0.9488s
2026-03-18 17:47:43 | INFO |   ECOD: AUCROC=88.6308%  Train=0.2461s
2026-03-18 17:47:43 | ERROR | Error with VAE on data_CICIoT2023.csv: VAE.__init__() got an unexpected keyword argument 'epochs'
2026-03-18 17:47:43 | ERROR | Error with DeepSVDD on data_CICIoT2023.csv: DeepSVDD.__init__() got an unexpected keyword argument 'device'
2026-03-18 17:47:43 | ERROR | Error with LUNAR on data_CICIoT2023.csv: LUNAR.__init__() got an unexpected keyword argument 'n_neighbors'
2026-03-18 17:47:43 | ERROR | Error with AE1SVM on data_CICIoT2023.csv: AE1SVM.__init__() got an unexpected keyword argument 'device'
2026-03-18 17:47:43 | ERROR | Error with DevNet on data_CICIoT2023.csv: CUDA error: initialization error
CUDA kernel errors might be asynchronously reported at some other API call, so the stacktrace below might be incorrect.
For debugging consider passing CUDA_LAUNCH_BLOCKING=1
Compile with `TORCH_USE_CUDA_DSA` to enable device-side assertions.

2026-03-18 17:47:43 | ERROR | Error with ALAD on data_CICIoT2023.csv: CUDA error: initialization error
CUDA kernel errors might be asynchronously reported at some other API call, so the stacktrace below might be incorrect.
For debugging consider passing CUDA_LAUNCH_BLOCKING=1
Compile with `TORCH_USE_CUDA_DSA` to enable device-side assertions.

2026-03-18 17:47:43 | INFO | --- Noise: 3% ---
2026-03-18 17:49:07 | INFO |   CBLOF: AUCROC=91.6251%  Train=5.3792s
2026-03-18 17:49:07 | INFO |   KNN: AUCROC=49.4695%  Train=2.8795s
2026-03-18 17:49:07 | INFO |   LOF: AUCROC=65.7132%  Train=2.8575s
2026-03-18 17:49:07 | INFO |   HBOS: AUCROC=82.7849%  Train=10.9482s
2026-03-18 17:49:07 | INFO |   IForest: AUCROC=92.854%  Train=1.3259s
2026-03-18 17:49:07 | INFO |   PCA: AUCROC=89.1911%  Train=0.0328s
2026-03-18 17:49:07 | INFO |   OCSVM: AUCROC=84.1575%  Train=22.6001s
2026-03-18 17:49:07 | ERROR | Error with AutoEncoder on data_CICIoT2023.csv: AutoEncoder.__init__() got an unexpected keyword argument 'epochs'
2026-03-18 17:49:07 | ERROR | Error with DIF on data_CICIoT2023.csv: Cannot re-initialize CUDA in forked subprocess. To use CUDA with multiprocessing, you must use the 'spawn' start method
2026-03-18 17:49:07 | ERROR | Error with NeuTraLAD on data_CICIoT2023.csv: Cannot re-initialize CUDA in forked subprocess. To use CUDA with multiprocessing, you must use the 'spawn' start method
2026-03-18 17:49:07 | ERROR | Error with DASVDD on data_CICIoT2023.csv: Cannot re-initialize CUDA in forked subprocess. To use CUDA with multiprocessing, you must use the 'spawn' start method
2026-03-18 17:49:07 | INFO |   LODA: AUCROC=91.8743%  Train=0.9078s
2026-03-18 17:49:07 | INFO |   COPOD: AUCROC=83.5951%  Train=0.971s
2026-03-18 17:49:07 | INFO |   ECOD: AUCROC=88.1774%  Train=0.2729s
2026-03-18 17:49:07 | ERROR | Error with VAE on data_CICIoT2023.csv: VAE.__init__() got an unexpected keyword argument 'epochs'
2026-03-18 17:49:07 | ERROR | Error with DeepSVDD on data_CICIoT2023.csv: DeepSVDD.__init__() got an unexpected keyword argument 'device'
2026-03-18 17:49:07 | ERROR | Error with LUNAR on data_CICIoT2023.csv: LUNAR.__init__() got an unexpected keyword argument 'n_neighbors'
2026-03-18 17:49:07 | ERROR | Error with AE1SVM on data_CICIoT2023.csv: AE1SVM.__init__() got an unexpected keyword argument 'device'
2026-03-18 17:49:07 | ERROR | Error with DevNet on data_CICIoT2023.csv: CUDA error: initialization error
CUDA kernel errors might be asynchronously reported at some other API call, so the stacktrace below might be incorrect.
For debugging consider passing CUDA_LAUNCH_BLOCKING=1
Compile with `TORCH_USE_CUDA_DSA` to enable device-side assertions.

2026-03-18 17:49:07 | ERROR | Error with ALAD on data_CICIoT2023.csv: CUDA error: initialization error
CUDA kernel errors might be asynchronously reported at some other API call, so the stacktrace below might be incorrect.
For debugging consider passing CUDA_LAUNCH_BLOCKING=1
Compile with `TORCH_USE_CUDA_DSA` to enable device-side assertions.

2026-03-18 17:49:07 | INFO | --- Noise: 5% ---
2026-03-18 17:50:41 | INFO |   CBLOF: AUCROC=94.3437%  Train=6.1208s
2026-03-18 17:50:41 | INFO |   KNN: AUCROC=45.325%  Train=3.0369s
2026-03-18 17:50:41 | INFO |   LOF: AUCROC=69.4068%  Train=3.1371s
2026-03-18 17:50:41 | INFO |   HBOS: AUCROC=72.2175%  Train=12.3196s
2026-03-18 17:50:41 | INFO |   IForest: AUCROC=93.2231%  Train=1.4905s
2026-03-18 17:50:41 | INFO |   PCA: AUCROC=88.8571%  Train=0.0339s
2026-03-18 17:50:41 | INFO |   OCSVM: AUCROC=82.4436%  Train=30.3149s
2026-03-18 17:50:41 | ERROR | Error with AutoEncoder on data_CICIoT2023.csv: AutoEncoder.__init__() got an unexpected keyword argument 'epochs'
2026-03-18 17:50:41 | ERROR | Error with DIF on data_CICIoT2023.csv: Cannot re-initialize CUDA in forked subprocess. To use CUDA with multiprocessing, you must use the 'spawn' start method
2026-03-18 17:50:41 | ERROR | Error with NeuTraLAD on data_CICIoT2023.csv: Cannot re-initialize CUDA in forked subprocess. To use CUDA with multiprocessing, you must use the 'spawn' start method
2026-03-18 17:50:41 | ERROR | Error with DASVDD on data_CICIoT2023.csv: Cannot re-initialize CUDA in forked subprocess. To use CUDA with multiprocessing, you must use the 'spawn' start method
2026-03-18 17:50:41 | INFO |   LODA: AUCROC=91.6384%  Train=1.2033s
2026-03-18 17:50:41 | INFO |   COPOD: AUCROC=82.7994%  Train=1.0808s
2026-03-18 17:50:41 | INFO |   ECOD: AUCROC=87.7247%  Train=0.2838s
2026-03-18 17:50:41 | ERROR | Error with VAE on data_CICIoT2023.csv: VAE.__init__() got an unexpected keyword argument 'epochs'
2026-03-18 17:50:41 | ERROR | Error with DeepSVDD on data_CICIoT2023.csv: DeepSVDD.__init__() got an unexpected keyword argument 'device'
2026-03-18 17:50:41 | ERROR | Error with LUNAR on data_CICIoT2023.csv: LUNAR.__init__() got an unexpected keyword argument 'n_neighbors'
2026-03-18 17:50:41 | ERROR | Error with AE1SVM on data_CICIoT2023.csv: AE1SVM.__init__() got an unexpected keyword argument 'device'
2026-03-18 17:50:41 | ERROR | Error with DevNet on data_CICIoT2023.csv: CUDA error: initialization error
CUDA kernel errors might be asynchronously reported at some other API call, so the stacktrace below might be incorrect.
For debugging consider passing CUDA_LAUNCH_BLOCKING=1
Compile with `TORCH_USE_CUDA_DSA` to enable device-side assertions.

2026-03-18 17:50:41 | ERROR | Error with ALAD on data_CICIoT2023.csv: CUDA error: initialization error
CUDA kernel errors might be asynchronously reported at some other API call, so the stacktrace below might be incorrect.
For debugging consider passing CUDA_LAUNCH_BLOCKING=1
Compile with `TORCH_USE_CUDA_DSA` to enable device-side assertions.

2026-03-18 17:50:41 | INFO | 
Processing Dataset: data_CICIoT2023.csv | Scaler: RobustScaler
2026-03-18 17:50:41 | INFO | --- Noise: 0% ---
2026-03-18 17:51:39 | INFO |   CBLOF: AUCROC=94.7065%  Train=4.5677s
2026-03-18 17:51:39 | INFO |   KNN: AUCROC=96.1022%  Train=2.658s
2026-03-18 17:51:39 | INFO |   LOF: AUCROC=89.5211%  Train=2.3055s
2026-03-18 17:51:39 | INFO |   HBOS: AUCROC=96.2668%  Train=9.8449s
2026-03-18 17:51:39 | INFO |   IForest: AUCROC=94.5304%  Train=1.2331s
2026-03-18 17:51:39 | INFO |   PCA: AUCROC=93.3102%  Train=0.0381s
2026-03-18 17:51:39 | INFO |   OCSVM: AUCROC=91.4114%  Train=20.1553s
2026-03-18 17:51:39 | ERROR | Error with AutoEncoder on data_CICIoT2023.csv: AutoEncoder.__init__() got an unexpected keyword argument 'epochs'
2026-03-18 17:51:39 | ERROR | Error with DIF on data_CICIoT2023.csv: Cannot re-initialize CUDA in forked subprocess. To use CUDA with multiprocessing, you must use the 'spawn' start method
2026-03-18 17:51:39 | ERROR | Error with NeuTraLAD on data_CICIoT2023.csv: Cannot re-initialize CUDA in forked subprocess. To use CUDA with multiprocessing, you must use the 'spawn' start method
2026-03-18 17:51:39 | ERROR | Error with DASVDD on data_CICIoT2023.csv: Cannot re-initialize CUDA in forked subprocess. To use CUDA with multiprocessing, you must use the 'spawn' start method
2026-03-18 17:51:39 | INFO |   LODA: AUCROC=92.2879%  Train=0.9489s
2026-03-18 17:51:39 | INFO |   COPOD: AUCROC=92.395%  Train=0.8401s
2026-03-18 17:51:39 | INFO |   ECOD: AUCROC=89.4202%  Train=0.1828s
2026-03-18 17:51:39 | ERROR | Error with VAE on data_CICIoT2023.csv: VAE.__init__() got an unexpected keyword argument 'epochs'
2026-03-18 17:51:39 | ERROR | Error with DeepSVDD on data_CICIoT2023.csv: DeepSVDD.__init__() got an unexpected keyword argument 'device'
2026-03-18 17:51:39 | ERROR | Error with LUNAR on data_CICIoT2023.csv: LUNAR.__init__() got an unexpected keyword argument 'n_neighbors'
2026-03-18 17:51:39 | ERROR | Error with AE1SVM on data_CICIoT2023.csv: AE1SVM.__init__() got an unexpected keyword argument 'device'
2026-03-18 17:51:39 | ERROR | Error with DevNet on data_CICIoT2023.csv: CUDA error: initialization error
CUDA kernel errors might be asynchronously reported at some other API call, so the stacktrace below might be incorrect.
For debugging consider passing CUDA_LAUNCH_BLOCKING=1
Compile with `TORCH_USE_CUDA_DSA` to enable device-side assertions.

2026-03-18 17:51:39 | ERROR | Error with ALAD on data_CICIoT2023.csv: CUDA error: initialization error
CUDA kernel errors might be asynchronously reported at some other API call, so the stacktrace below might be incorrect.
For debugging consider passing CUDA_LAUNCH_BLOCKING=1
Compile with `TORCH_USE_CUDA_DSA` to enable device-side assertions.

2026-03-18 17:51:39 | INFO | --- Noise: 1% ---
2026-03-18 17:52:27 | INFO |   CBLOF: AUCROC=95.0631%  Train=4.6525s
2026-03-18 17:52:27 | INFO |   KNN: AUCROC=95.1617%  Train=2.5948s
2026-03-18 17:52:27 | INFO |   LOF: AUCROC=61.1476%  Train=2.2845s
2026-03-18 17:52:27 | INFO |   HBOS: AUCROC=96.2213%  Train=11.2022s
2026-03-18 17:52:27 | INFO |   IForest: AUCROC=94.673%  Train=1.3288s
2026-03-18 17:52:27 | INFO |   PCA: AUCROC=93.2277%  Train=0.0375s
2026-03-18 17:52:27 | INFO |   OCSVM: AUCROC=91.2243%  Train=24.5364s
2026-03-18 17:52:27 | ERROR | Error with AutoEncoder on data_CICIoT2023.csv: AutoEncoder.__init__() got an unexpected keyword argument 'epochs'
2026-03-18 17:52:27 | ERROR | Error with DIF on data_CICIoT2023.csv: Cannot re-initialize CUDA in forked subprocess. To use CUDA with multiprocessing, you must use the 'spawn' start method
2026-03-18 17:52:27 | ERROR | Error with NeuTraLAD on data_CICIoT2023.csv: Cannot re-initialize CUDA in forked subprocess. To use CUDA with multiprocessing, you must use the 'spawn' start method
2026-03-18 17:52:27 | ERROR | Error with DASVDD on data_CICIoT2023.csv: Cannot re-initialize CUDA in forked subprocess. To use CUDA with multiprocessing, you must use the 'spawn' start method
2026-03-18 17:52:27 | INFO |   LODA: AUCROC=91.7413%  Train=0.7226s
2026-03-18 17:52:27 | INFO |   COPOD: AUCROC=92.3256%  Train=0.9606s
2026-03-18 17:52:27 | INFO |   ECOD: AUCROC=89.1997%  Train=0.303s
2026-03-18 17:52:27 | ERROR | Error with VAE on data_CICIoT2023.csv: VAE.__init__() got an unexpected keyword argument 'epochs'
2026-03-18 17:52:27 | ERROR | Error with DeepSVDD on data_CICIoT2023.csv: DeepSVDD.__init__() got an unexpected keyword argument 'device'
2026-03-18 17:52:27 | ERROR | Error with LUNAR on data_CICIoT2023.csv: LUNAR.__init__() got an unexpected keyword argument 'n_neighbors'
2026-03-18 17:52:27 | ERROR | Error with AE1SVM on data_CICIoT2023.csv: AE1SVM.__init__() got an unexpected keyword argument 'device'
2026-03-18 17:52:27 | ERROR | Error with DevNet on data_CICIoT2023.csv: CUDA error: initialization error
CUDA kernel errors might be asynchronously reported at some other API call, so the stacktrace below might be incorrect.
For debugging consider passing CUDA_LAUNCH_BLOCKING=1
Compile with `TORCH_USE_CUDA_DSA` to enable device-side assertions.

2026-03-18 17:52:27 | ERROR | Error with ALAD on data_CICIoT2023.csv: CUDA error: initialization error
CUDA kernel errors might be asynchronously reported at some other API call, so the stacktrace below might be incorrect.
For debugging consider passing CUDA_LAUNCH_BLOCKING=1
Compile with `TORCH_USE_CUDA_DSA` to enable device-side assertions.

2026-03-18 17:52:27 | INFO | --- Noise: 3% ---
2026-03-18 17:53:14 | INFO |   CBLOF: AUCROC=94.9906%  Train=5.2552s
2026-03-18 17:53:14 | INFO |   KNN: AUCROC=83.7687%  Train=2.7021s
2026-03-18 17:53:14 | INFO |   LOF: AUCROC=54.5289%  Train=2.4313s
2026-03-18 17:53:14 | INFO |   HBOS: AUCROC=96.1552%  Train=11.1237s
2026-03-18 17:53:14 | INFO |   IForest: AUCROC=94.9367%  Train=1.4589s
2026-03-18 17:53:14 | INFO |   PCA: AUCROC=92.7663%  Train=0.0405s
2026-03-18 17:53:14 | INFO |   OCSVM: AUCROC=90.664%  Train=27.4101s
2026-03-18 17:53:14 | ERROR | Error with AutoEncoder on data_CICIoT2023.csv: AutoEncoder.__init__() got an unexpected keyword argument 'epochs'
2026-03-18 17:53:14 | ERROR | Error with DIF on data_CICIoT2023.csv: Cannot re-initialize CUDA in forked subprocess. To use CUDA with multiprocessing, you must use the 'spawn' start method
2026-03-18 17:53:14 | ERROR | Error with NeuTraLAD on data_CICIoT2023.csv: Cannot re-initialize CUDA in forked subprocess. To use CUDA with multiprocessing, you must use the 'spawn' start method
2026-03-18 17:53:14 | ERROR | Error with DASVDD on data_CICIoT2023.csv: Cannot re-initialize CUDA in forked subprocess. To use CUDA with multiprocessing, you must use the 'spawn' start method
2026-03-18 17:53:14 | INFO |   LODA: AUCROC=92.0693%  Train=0.9171s
2026-03-18 17:53:14 | INFO |   COPOD: AUCROC=92.2062%  Train=1.0662s
2026-03-18 17:53:14 | INFO |   ECOD: AUCROC=88.7865%  Train=0.2949s
2026-03-18 17:53:14 | ERROR | Error with VAE on data_CICIoT2023.csv: VAE.__init__() got an unexpected keyword argument 'epochs'
2026-03-18 17:53:14 | ERROR | Error with DeepSVDD on data_CICIoT2023.csv: DeepSVDD.__init__() got an unexpected keyword argument 'device'
2026-03-18 17:53:14 | ERROR | Error with LUNAR on data_CICIoT2023.csv: LUNAR.__init__() got an unexpected keyword argument 'n_neighbors'
2026-03-18 17:53:14 | ERROR | Error with AE1SVM on data_CICIoT2023.csv: AE1SVM.__init__() got an unexpected keyword argument 'device'
2026-03-18 17:53:14 | ERROR | Error with DevNet on data_CICIoT2023.csv: CUDA error: initialization error
CUDA kernel errors might be asynchronously reported at some other API call, so the stacktrace below might be incorrect.
For debugging consider passing CUDA_LAUNCH_BLOCKING=1
Compile with `TORCH_USE_CUDA_DSA` to enable device-side assertions.

2026-03-18 17:53:14 | ERROR | Error with ALAD on data_CICIoT2023.csv: CUDA error: initialization error
CUDA kernel errors might be asynchronously reported at some other API call, so the stacktrace below might be incorrect.
For debugging consider passing CUDA_LAUNCH_BLOCKING=1
Compile with `TORCH_USE_CUDA_DSA` to enable device-side assertions.

2026-03-18 17:53:14 | INFO | --- Noise: 5% ---
2026-03-18 17:54:04 | INFO |   CBLOF: AUCROC=94.9236%  Train=4.7807s
2026-03-18 17:54:04 | INFO |   KNN: AUCROC=74.4978%  Train=2.6163s
2026-03-18 17:54:04 | INFO |   LOF: AUCROC=52.1439%  Train=2.4972s
2026-03-18 17:54:04 | INFO |   HBOS: AUCROC=96.0966%  Train=11.1096s
2026-03-18 17:54:04 | INFO |   IForest: AUCROC=95.0286%  Train=1.3191s
2026-03-18 17:54:04 | INFO |   PCA: AUCROC=92.4734%  Train=0.0392s
2026-03-18 17:54:04 | INFO |   OCSVM: AUCROC=89.9307%  Train=31.5968s
2026-03-18 17:54:04 | ERROR | Error with AutoEncoder on data_CICIoT2023.csv: AutoEncoder.__init__() got an unexpected keyword argument 'epochs'
2026-03-18 17:54:04 | ERROR | Error with DIF on data_CICIoT2023.csv: Cannot re-initialize CUDA in forked subprocess. To use CUDA with multiprocessing, you must use the 'spawn' start method
2026-03-18 17:54:04 | ERROR | Error with NeuTraLAD on data_CICIoT2023.csv: Cannot re-initialize CUDA in forked subprocess. To use CUDA with multiprocessing, you must use the 'spawn' start method
2026-03-18 17:54:04 | ERROR | Error with DASVDD on data_CICIoT2023.csv: Cannot re-initialize CUDA in forked subprocess. To use CUDA with multiprocessing, you must use the 'spawn' start method
2026-03-18 17:54:04 | INFO |   LODA: AUCROC=91.4954%  Train=1.0317s
2026-03-18 17:54:04 | INFO |   COPOD: AUCROC=92.1008%  Train=1.0722s
2026-03-18 17:54:04 | INFO |   ECOD: AUCROC=88.354%  Train=0.3299s
2026-03-18 17:54:04 | ERROR | Error with VAE on data_CICIoT2023.csv: VAE.__init__() got an unexpected keyword argument 'epochs'
2026-03-18 17:54:04 | ERROR | Error with DeepSVDD on data_CICIoT2023.csv: DeepSVDD.__init__() got an unexpected keyword argument 'device'
2026-03-18 17:54:04 | ERROR | Error with LUNAR on data_CICIoT2023.csv: LUNAR.__init__() got an unexpected keyword argument 'n_neighbors'
2026-03-18 17:54:04 | ERROR | Error with AE1SVM on data_CICIoT2023.csv: AE1SVM.__init__() got an unexpected keyword argument 'device'
2026-03-18 17:54:04 | ERROR | Error with DevNet on data_CICIoT2023.csv: CUDA error: initialization error
CUDA kernel errors might be asynchronously reported at some other API call, so the stacktrace below might be incorrect.
For debugging consider passing CUDA_LAUNCH_BLOCKING=1
Compile with `TORCH_USE_CUDA_DSA` to enable device-side assertions.

2026-03-18 17:54:04 | ERROR | Error with ALAD on data_CICIoT2023.csv: CUDA error: initialization error
CUDA kernel errors might be asynchronously reported at some other API call, so the stacktrace below might be incorrect.
For debugging consider passing CUDA_LAUNCH_BLOCKING=1
Compile with `TORCH_USE_CUDA_DSA` to enable device-side assertions.

2026-03-18 17:54:04 | INFO | 
Processing Dataset: data_BoTIoT.csv | Scaler: StandardScaler
2026-03-18 17:54:04 | INFO | --- Noise: 0% ---
2026-03-18 17:54:14 | INFO |   CBLOF: AUCROC=98.8462%  Train=3.0006s
2026-03-18 17:54:14 | INFO |   KNN: AUCROC=99.4972%  Train=0.3456s
2026-03-18 17:54:14 | INFO |   LOF: AUCROC=99.0926%  Train=0.3401s
2026-03-18 17:54:14 | INFO |   HBOS: AUCROC=98.6608%  Train=7.8305s
2026-03-18 17:54:14 | INFO |   IForest: AUCROC=97.331%  Train=0.8429s
2026-03-18 17:54:14 | INFO |   PCA: AUCROC=93.0051%  Train=0.0067s
2026-03-18 17:54:14 | INFO |   OCSVM: AUCROC=98.4544%  Train=0.4501s
2026-03-18 17:54:14 | ERROR | Error with AutoEncoder on data_BoTIoT.csv: AutoEncoder.__init__() got an unexpected keyword argument 'epochs'
2026-03-18 17:54:14 | ERROR | Error with DIF on data_BoTIoT.csv: Cannot re-initialize CUDA in forked subprocess. To use CUDA with multiprocessing, you must use the 'spawn' start method
2026-03-18 17:54:14 | ERROR | Error with NeuTraLAD on data_BoTIoT.csv: Cannot re-initialize CUDA in forked subprocess. To use CUDA with multiprocessing, you must use the 'spawn' start method
2026-03-18 17:54:14 | ERROR | Error with DASVDD on data_BoTIoT.csv: Cannot re-initialize CUDA in forked subprocess. To use CUDA with multiprocessing, you must use the 'spawn' start method
2026-03-18 17:54:14 | INFO |   LODA: AUCROC=96.9699%  Train=0.0723s
2026-03-18 17:54:14 | INFO |   COPOD: AUCROC=68.191%  Train=0.6199s
2026-03-18 17:54:14 | INFO |   ECOD: AUCROC=61.7659%  Train=0.2046s
2026-03-18 17:54:14 | ERROR | Error with VAE on data_BoTIoT.csv: VAE.__init__() got an unexpected keyword argument 'epochs'
2026-03-18 17:54:14 | ERROR | Error with DeepSVDD on data_BoTIoT.csv: DeepSVDD.__init__() got an unexpected keyword argument 'device'
2026-03-18 17:54:14 | ERROR | Error with LUNAR on data_BoTIoT.csv: LUNAR.__init__() got an unexpected keyword argument 'n_neighbors'
2026-03-18 17:54:14 | ERROR | Error with AE1SVM on data_BoTIoT.csv: AE1SVM.__init__() got an unexpected keyword argument 'device'
2026-03-18 17:54:14 | ERROR | Error with DevNet on data_BoTIoT.csv: CUDA error: initialization error
CUDA kernel errors might be asynchronously reported at some other API call, so the stacktrace below might be incorrect.
For debugging consider passing CUDA_LAUNCH_BLOCKING=1
Compile with `TORCH_USE_CUDA_DSA` to enable device-side assertions.

2026-03-18 17:54:14 | ERROR | Error with ALAD on data_BoTIoT.csv: CUDA error: initialization error
CUDA kernel errors might be asynchronously reported at some other API call, so the stacktrace below might be incorrect.
For debugging consider passing CUDA_LAUNCH_BLOCKING=1
Compile with `TORCH_USE_CUDA_DSA` to enable device-side assertions.

2026-03-18 17:54:14 | INFO | --- Noise: 1% ---
2026-03-18 17:54:25 | INFO |   CBLOF: AUCROC=98.7505%  Train=2.985s
2026-03-18 17:54:25 | INFO |   KNN: AUCROC=98.7469%  Train=0.3493s
2026-03-18 17:54:25 | INFO |   LOF: AUCROC=62.7482%  Train=0.3578s
2026-03-18 17:54:25 | INFO |   HBOS: AUCROC=98.4664%  Train=8.0106s
2026-03-18 17:54:25 | INFO |   IForest: AUCROC=97.9741%  Train=0.7996s
2026-03-18 17:54:25 | INFO |   PCA: AUCROC=91.0962%  Train=0.0068s
2026-03-18 17:54:25 | INFO |   OCSVM: AUCROC=97.3734%  Train=0.4649s
2026-03-18 17:54:25 | ERROR | Error with AutoEncoder on data_BoTIoT.csv: AutoEncoder.__init__() got an unexpected keyword argument 'epochs'
2026-03-18 17:54:25 | ERROR | Error with DIF on data_BoTIoT.csv: Cannot re-initialize CUDA in forked subprocess. To use CUDA with multiprocessing, you must use the 'spawn' start method
2026-03-18 17:54:25 | ERROR | Error with NeuTraLAD on data_BoTIoT.csv: Cannot re-initialize CUDA in forked subprocess. To use CUDA with multiprocessing, you must use the 'spawn' start method
2026-03-18 17:54:25 | ERROR | Error with DASVDD on data_BoTIoT.csv: Cannot re-initialize CUDA in forked subprocess. To use CUDA with multiprocessing, you must use the 'spawn' start method
2026-03-18 17:54:25 | INFO |   LODA: AUCROC=94.863%  Train=0.0763s
2026-03-18 17:54:25 | INFO |   COPOD: AUCROC=68.1183%  Train=0.6352s
2026-03-18 17:54:25 | INFO |   ECOD: AUCROC=61.6726%  Train=0.196s
2026-03-18 17:54:25 | ERROR | Error with VAE on data_BoTIoT.csv: VAE.__init__() got an unexpected keyword argument 'epochs'
2026-03-18 17:54:25 | ERROR | Error with DeepSVDD on data_BoTIoT.csv: DeepSVDD.__init__() got an unexpected keyword argument 'device'
2026-03-18 17:54:25 | ERROR | Error with LUNAR on data_BoTIoT.csv: LUNAR.__init__() got an unexpected keyword argument 'n_neighbors'
2026-03-18 17:54:25 | ERROR | Error with AE1SVM on data_BoTIoT.csv: AE1SVM.__init__() got an unexpected keyword argument 'device'
2026-03-18 17:54:25 | ERROR | Error with DevNet on data_BoTIoT.csv: CUDA error: initialization error
CUDA kernel errors might be asynchronously reported at some other API call, so the stacktrace below might be incorrect.
For debugging consider passing CUDA_LAUNCH_BLOCKING=1
Compile with `TORCH_USE_CUDA_DSA` to enable device-side assertions.

2026-03-18 17:54:25 | ERROR | Error with ALAD on data_BoTIoT.csv: CUDA error: initialization error
CUDA kernel errors might be asynchronously reported at some other API call, so the stacktrace below might be incorrect.
For debugging consider passing CUDA_LAUNCH_BLOCKING=1
Compile with `TORCH_USE_CUDA_DSA` to enable device-side assertions.

2026-03-18 17:54:25 | INFO | --- Noise: 3% ---
2026-03-18 17:54:35 | INFO |   CBLOF: AUCROC=94.2847%  Train=2.7686s
2026-03-18 17:54:35 | INFO |   KNN: AUCROC=96.8208%  Train=0.3709s
2026-03-18 17:54:35 | INFO |   LOF: AUCROC=57.5827%  Train=0.3726s
2026-03-18 17:54:35 | INFO |   HBOS: AUCROC=98.1779%  Train=7.5062s
2026-03-18 17:54:35 | INFO |   IForest: AUCROC=98.126%  Train=0.8765s
2026-03-18 17:54:35 | INFO |   PCA: AUCROC=88.8455%  Train=0.0073s
2026-03-18 17:54:35 | INFO |   OCSVM: AUCROC=93.1857%  Train=0.4784s
2026-03-18 17:54:35 | ERROR | Error with AutoEncoder on data_BoTIoT.csv: AutoEncoder.__init__() got an unexpected keyword argument 'epochs'
2026-03-18 17:54:35 | ERROR | Error with DIF on data_BoTIoT.csv: Cannot re-initialize CUDA in forked subprocess. To use CUDA with multiprocessing, you must use the 'spawn' start method
2026-03-18 17:54:35 | ERROR | Error with NeuTraLAD on data_BoTIoT.csv: Cannot re-initialize CUDA in forked subprocess. To use CUDA with multiprocessing, you must use the 'spawn' start method
2026-03-18 17:54:35 | ERROR | Error with DASVDD on data_BoTIoT.csv: Cannot re-initialize CUDA in forked subprocess. To use CUDA with multiprocessing, you must use the 'spawn' start method
2026-03-18 17:54:35 | INFO |   LODA: AUCROC=90.6083%  Train=0.0851s
2026-03-18 17:54:35 | INFO |   COPOD: AUCROC=67.9415%  Train=0.7295s
2026-03-18 17:54:35 | INFO |   ECOD: AUCROC=61.4515%  Train=0.1907s
2026-03-18 17:54:35 | ERROR | Error with VAE on data_BoTIoT.csv: VAE.__init__() got an unexpected keyword argument 'epochs'
2026-03-18 17:54:35 | ERROR | Error with DeepSVDD on data_BoTIoT.csv: DeepSVDD.__init__() got an unexpected keyword argument 'device'
2026-03-18 17:54:35 | ERROR | Error with LUNAR on data_BoTIoT.csv: LUNAR.__init__() got an unexpected keyword argument 'n_neighbors'
2026-03-18 17:54:35 | ERROR | Error with AE1SVM on data_BoTIoT.csv: AE1SVM.__init__() got an unexpected keyword argument 'device'
2026-03-18 17:54:35 | ERROR | Error with DevNet on data_BoTIoT.csv: CUDA error: initialization error
CUDA kernel errors might be asynchronously reported at some other API call, so the stacktrace below might be incorrect.
For debugging consider passing CUDA_LAUNCH_BLOCKING=1
Compile with `TORCH_USE_CUDA_DSA` to enable device-side assertions.

2026-03-18 17:54:35 | ERROR | Error with ALAD on data_BoTIoT.csv: CUDA error: initialization error
CUDA kernel errors might be asynchronously reported at some other API call, so the stacktrace below might be incorrect.
For debugging consider passing CUDA_LAUNCH_BLOCKING=1
Compile with `TORCH_USE_CUDA_DSA` to enable device-side assertions.

2026-03-18 17:54:35 | INFO | --- Noise: 5% ---
2026-03-18 17:54:45 | INFO |   CBLOF: AUCROC=92.3835%  Train=2.7681s
2026-03-18 17:54:45 | INFO |   KNN: AUCROC=96.0518%  Train=0.3947s
2026-03-18 17:54:45 | INFO |   LOF: AUCROC=51.0315%  Train=0.3943s
2026-03-18 17:54:45 | INFO |   HBOS: AUCROC=97.9846%  Train=7.5374s
2026-03-18 17:54:45 | INFO |   IForest: AUCROC=98.5207%  Train=0.9102s
2026-03-18 17:54:45 | INFO |   PCA: AUCROC=86.8714%  Train=0.0075s
2026-03-18 17:54:45 | INFO |   OCSVM: AUCROC=89.3747%  Train=0.5736s
2026-03-18 17:54:45 | ERROR | Error with AutoEncoder on data_BoTIoT.csv: AutoEncoder.__init__() got an unexpected keyword argument 'epochs'
2026-03-18 17:54:45 | ERROR | Error with DIF on data_BoTIoT.csv: Cannot re-initialize CUDA in forked subprocess. To use CUDA with multiprocessing, you must use the 'spawn' start method
2026-03-18 17:54:45 | ERROR | Error with NeuTraLAD on data_BoTIoT.csv: Cannot re-initialize CUDA in forked subprocess. To use CUDA with multiprocessing, you must use the 'spawn' start method
2026-03-18 17:54:45 | ERROR | Error with DASVDD on data_BoTIoT.csv: Cannot re-initialize CUDA in forked subprocess. To use CUDA with multiprocessing, you must use the 'spawn' start method
2026-03-18 17:54:45 | INFO |   LODA: AUCROC=87.2584%  Train=0.0896s
2026-03-18 17:54:45 | INFO |   COPOD: AUCROC=67.8013%  Train=0.1837s
2026-03-18 17:54:45 | INFO |   ECOD: AUCROC=61.2728%  Train=0.65s
2026-03-18 17:54:45 | ERROR | Error with VAE on data_BoTIoT.csv: VAE.__init__() got an unexpected keyword argument 'epochs'
2026-03-18 17:54:45 | ERROR | Error with DeepSVDD on data_BoTIoT.csv: DeepSVDD.__init__() got an unexpected keyword argument 'device'
2026-03-18 17:54:45 | ERROR | Error with LUNAR on data_BoTIoT.csv: LUNAR.__init__() got an unexpected keyword argument 'n_neighbors'
2026-03-18 17:54:45 | ERROR | Error with AE1SVM on data_BoTIoT.csv: AE1SVM.__init__() got an unexpected keyword argument 'device'
2026-03-18 17:54:45 | ERROR | Error with DevNet on data_BoTIoT.csv: CUDA error: initialization error
CUDA kernel errors might be asynchronously reported at some other API call, so the stacktrace below might be incorrect.
For debugging consider passing CUDA_LAUNCH_BLOCKING=1
Compile with `TORCH_USE_CUDA_DSA` to enable device-side assertions.

2026-03-18 17:54:45 | ERROR | Error with ALAD on data_BoTIoT.csv: CUDA error: initialization error
CUDA kernel errors might be asynchronously reported at some other API call, so the stacktrace below might be incorrect.
For debugging consider passing CUDA_LAUNCH_BLOCKING=1
Compile with `TORCH_USE_CUDA_DSA` to enable device-side assertions.

2026-03-18 17:54:45 | INFO | 
Processing Dataset: data_BoTIoT.csv | Scaler: MinMaxScaler
2026-03-18 17:54:45 | INFO | --- Noise: 0% ---
2026-03-18 17:54:56 | INFO |   CBLOF: AUCROC=97.0145%  Train=3.1428s
2026-03-18 17:54:56 | INFO |   KNN: AUCROC=98.6851%  Train=0.3475s
2026-03-18 17:54:56 | INFO |   LOF: AUCROC=98.37%  Train=0.3604s
2026-03-18 17:54:56 | INFO |   HBOS: AUCROC=99.0532%  Train=8.066s
2026-03-18 17:54:56 | INFO |   IForest: AUCROC=97.2706%  Train=0.7694s
2026-03-18 17:54:56 | INFO |   PCA: AUCROC=93.0051%  Train=0.0067s
2026-03-18 17:54:56 | INFO |   OCSVM: AUCROC=71.3894%  Train=0.4106s
2026-03-18 17:54:56 | ERROR | Error with AutoEncoder on data_BoTIoT.csv: AutoEncoder.__init__() got an unexpected keyword argument 'epochs'
2026-03-18 17:54:56 | ERROR | Error with DIF on data_BoTIoT.csv: Cannot re-initialize CUDA in forked subprocess. To use CUDA with multiprocessing, you must use the 'spawn' start method
2026-03-18 17:54:56 | ERROR | Error with NeuTraLAD on data_BoTIoT.csv: Cannot re-initialize CUDA in forked subprocess. To use CUDA with multiprocessing, you must use the 'spawn' start method
2026-03-18 17:54:56 | ERROR | Error with DASVDD on data_BoTIoT.csv: Cannot re-initialize CUDA in forked subprocess. To use CUDA with multiprocessing, you must use the 'spawn' start method
2026-03-18 17:54:56 | INFO |   LODA: AUCROC=90.8596%  Train=0.0704s
2026-03-18 17:54:56 | INFO |   COPOD: AUCROC=68.1908%  Train=0.6122s
2026-03-18 17:54:56 | INFO |   ECOD: AUCROC=61.7652%  Train=0.0196s
2026-03-18 17:54:56 | ERROR | Error with VAE on data_BoTIoT.csv: VAE.__init__() got an unexpected keyword argument 'epochs'
2026-03-18 17:54:56 | ERROR | Error with DeepSVDD on data_BoTIoT.csv: DeepSVDD.__init__() got an unexpected keyword argument 'device'
2026-03-18 17:54:56 | ERROR | Error with LUNAR on data_BoTIoT.csv: LUNAR.__init__() got an unexpected keyword argument 'n_neighbors'
2026-03-18 17:54:56 | ERROR | Error with AE1SVM on data_BoTIoT.csv: AE1SVM.__init__() got an unexpected keyword argument 'device'
2026-03-18 17:54:56 | ERROR | Error with DevNet on data_BoTIoT.csv: CUDA error: initialization error
CUDA kernel errors might be asynchronously reported at some other API call, so the stacktrace below might be incorrect.
For debugging consider passing CUDA_LAUNCH_BLOCKING=1
Compile with `TORCH_USE_CUDA_DSA` to enable device-side assertions.

2026-03-18 17:54:56 | ERROR | Error with ALAD on data_BoTIoT.csv: CUDA error: initialization error
CUDA kernel errors might be asynchronously reported at some other API call, so the stacktrace below might be incorrect.
For debugging consider passing CUDA_LAUNCH_BLOCKING=1
Compile with `TORCH_USE_CUDA_DSA` to enable device-side assertions.

2026-03-18 17:54:56 | INFO | --- Noise: 1% ---
2026-03-18 17:55:07 | INFO |   CBLOF: AUCROC=97.9047%  Train=2.9097s
2026-03-18 17:55:07 | INFO |   KNN: AUCROC=98.5741%  Train=0.3245s
2026-03-18 17:55:07 | INFO |   LOF: AUCROC=92.6585%  Train=0.3449s
2026-03-18 17:55:07 | INFO |   HBOS: AUCROC=98.8732%  Train=7.7858s
2026-03-18 17:55:07 | INFO |   IForest: AUCROC=98.3205%  Train=0.8118s
2026-03-18 17:55:07 | INFO |   PCA: AUCROC=91.3067%  Train=0.0067s
2026-03-18 17:55:07 | INFO |   OCSVM: AUCROC=69.8029%  Train=0.421s
2026-03-18 17:55:07 | ERROR | Error with AutoEncoder on data_BoTIoT.csv: AutoEncoder.__init__() got an unexpected keyword argument 'epochs'
2026-03-18 17:55:07 | ERROR | Error with DIF on data_BoTIoT.csv: Cannot re-initialize CUDA in forked subprocess. To use CUDA with multiprocessing, you must use the 'spawn' start method
2026-03-18 17:55:07 | ERROR | Error with NeuTraLAD on data_BoTIoT.csv: Cannot re-initialize CUDA in forked subprocess. To use CUDA with multiprocessing, you must use the 'spawn' start method
2026-03-18 17:55:07 | ERROR | Error with DASVDD on data_BoTIoT.csv: Cannot re-initialize CUDA in forked subprocess. To use CUDA with multiprocessing, you must use the 'spawn' start method
2026-03-18 17:55:07 | INFO |   LODA: AUCROC=93.259%  Train=0.0706s
2026-03-18 17:55:07 | INFO |   COPOD: AUCROC=68.1112%  Train=0.6208s
2026-03-18 17:55:07 | INFO |   ECOD: AUCROC=61.6649%  Train=0.1896s
2026-03-18 17:55:07 | ERROR | Error with VAE on data_BoTIoT.csv: VAE.__init__() got an unexpected keyword argument 'epochs'
2026-03-18 17:55:07 | ERROR | Error with DeepSVDD on data_BoTIoT.csv: DeepSVDD.__init__() got an unexpected keyword argument 'device'
2026-03-18 17:55:07 | ERROR | Error with LUNAR on data_BoTIoT.csv: LUNAR.__init__() got an unexpected keyword argument 'n_neighbors'
2026-03-18 17:55:07 | ERROR | Error with AE1SVM on data_BoTIoT.csv: AE1SVM.__init__() got an unexpected keyword argument 'device'
2026-03-18 17:55:07 | ERROR | Error with DevNet on data_BoTIoT.csv: CUDA error: initialization error
CUDA kernel errors might be asynchronously reported at some other API call, so the stacktrace below might be incorrect.
For debugging consider passing CUDA_LAUNCH_BLOCKING=1
Compile with `TORCH_USE_CUDA_DSA` to enable device-side assertions.

2026-03-18 17:55:07 | ERROR | Error with ALAD on data_BoTIoT.csv: CUDA error: initialization error
CUDA kernel errors might be asynchronously reported at some other API call, so the stacktrace below might be incorrect.
For debugging consider passing CUDA_LAUNCH_BLOCKING=1
Compile with `TORCH_USE_CUDA_DSA` to enable device-side assertions.

2026-03-18 17:55:07 | INFO | --- Noise: 3% ---
2026-03-18 17:55:17 | INFO |   CBLOF: AUCROC=93.8926%  Train=2.7933s
2026-03-18 17:55:17 | INFO |   KNN: AUCROC=96.6141%  Train=0.3935s
2026-03-18 17:55:17 | INFO |   LOF: AUCROC=62.2061%  Train=0.3599s
2026-03-18 17:55:17 | INFO |   HBOS: AUCROC=98.6115%  Train=7.5242s
2026-03-18 17:55:17 | INFO |   IForest: AUCROC=98.0077%  Train=0.8976s
2026-03-18 17:55:17 | INFO |   PCA: AUCROC=89.1184%  Train=0.0076s
2026-03-18 17:55:17 | INFO |   OCSVM: AUCROC=67.3818%  Train=0.4573s
2026-03-18 17:55:17 | ERROR | Error with AutoEncoder on data_BoTIoT.csv: AutoEncoder.__init__() got an unexpected keyword argument 'epochs'
2026-03-18 17:55:17 | ERROR | Error with DIF on data_BoTIoT.csv: Cannot re-initialize CUDA in forked subprocess. To use CUDA with multiprocessing, you must use the 'spawn' start method
2026-03-18 17:55:17 | ERROR | Error with NeuTraLAD on data_BoTIoT.csv: Cannot re-initialize CUDA in forked subprocess. To use CUDA with multiprocessing, you must use the 'spawn' start method
2026-03-18 17:55:17 | ERROR | Error with DASVDD on data_BoTIoT.csv: Cannot re-initialize CUDA in forked subprocess. To use CUDA with multiprocessing, you must use the 'spawn' start method
2026-03-18 17:55:17 | INFO |   LODA: AUCROC=88.2491%  Train=0.0725s
2026-03-18 17:55:17 | INFO |   COPOD: AUCROC=67.9479%  Train=0.7578s
2026-03-18 17:55:17 | INFO |   ECOD: AUCROC=61.4583%  Train=0.1814s
2026-03-18 17:55:17 | ERROR | Error with VAE on data_BoTIoT.csv: VAE.__init__() got an unexpected keyword argument 'epochs'
2026-03-18 17:55:17 | ERROR | Error with DeepSVDD on data_BoTIoT.csv: DeepSVDD.__init__() got an unexpected keyword argument 'device'
2026-03-18 17:55:17 | ERROR | Error with LUNAR on data_BoTIoT.csv: LUNAR.__init__() got an unexpected keyword argument 'n_neighbors'
2026-03-18 17:55:17 | ERROR | Error with AE1SVM on data_BoTIoT.csv: AE1SVM.__init__() got an unexpected keyword argument 'device'
2026-03-18 17:55:17 | ERROR | Error with DevNet on data_BoTIoT.csv: CUDA error: initialization error
CUDA kernel errors might be asynchronously reported at some other API call, so the stacktrace below might be incorrect.
For debugging consider passing CUDA_LAUNCH_BLOCKING=1
Compile with `TORCH_USE_CUDA_DSA` to enable device-side assertions.

2026-03-18 17:55:17 | ERROR | Error with ALAD on data_BoTIoT.csv: CUDA error: initialization error
CUDA kernel errors might be asynchronously reported at some other API call, so the stacktrace below might be incorrect.
For debugging consider passing CUDA_LAUNCH_BLOCKING=1
Compile with `TORCH_USE_CUDA_DSA` to enable device-side assertions.

2026-03-18 17:55:17 | INFO | --- Noise: 5% ---
2026-03-18 17:55:27 | INFO |   CBLOF: AUCROC=93.9306%  Train=2.9817s
2026-03-18 17:55:27 | INFO |   KNN: AUCROC=95.7393%  Train=0.3621s
2026-03-18 17:55:27 | INFO |   LOF: AUCROC=54.2442%  Train=0.3815s
2026-03-18 17:55:27 | INFO |   HBOS: AUCROC=98.3586%  Train=7.5814s
2026-03-18 17:55:27 | INFO |   IForest: AUCROC=98.1899%  Train=1.0036s
2026-03-18 17:55:27 | INFO |   PCA: AUCROC=85.6765%  Train=0.007s
2026-03-18 17:55:27 | INFO |   OCSVM: AUCROC=66.7654%  Train=0.4515s
2026-03-18 17:55:27 | ERROR | Error with AutoEncoder on data_BoTIoT.csv: AutoEncoder.__init__() got an unexpected keyword argument 'epochs'
2026-03-18 17:55:27 | ERROR | Error with DIF on data_BoTIoT.csv: Cannot re-initialize CUDA in forked subprocess. To use CUDA with multiprocessing, you must use the 'spawn' start method
2026-03-18 17:55:27 | ERROR | Error with NeuTraLAD on data_BoTIoT.csv: Cannot re-initialize CUDA in forked subprocess. To use CUDA with multiprocessing, you must use the 'spawn' start method
2026-03-18 17:55:27 | ERROR | Error with DASVDD on data_BoTIoT.csv: Cannot re-initialize CUDA in forked subprocess. To use CUDA with multiprocessing, you must use the 'spawn' start method
2026-03-18 17:55:27 | INFO |   LODA: AUCROC=88.7379%  Train=0.0714s
2026-03-18 17:55:27 | INFO |   COPOD: AUCROC=67.7955%  Train=0.6593s
2026-03-18 17:55:27 | INFO |   ECOD: AUCROC=61.2641%  Train=0.1999s
2026-03-18 17:55:27 | ERROR | Error with VAE on data_BoTIoT.csv: VAE.__init__() got an unexpected keyword argument 'epochs'
2026-03-18 17:55:27 | ERROR | Error with DeepSVDD on data_BoTIoT.csv: DeepSVDD.__init__() got an unexpected keyword argument 'device'
2026-03-18 17:55:27 | ERROR | Error with LUNAR on data_BoTIoT.csv: LUNAR.__init__() got an unexpected keyword argument 'n_neighbors'
2026-03-18 17:55:27 | ERROR | Error with AE1SVM on data_BoTIoT.csv: AE1SVM.__init__() got an unexpected keyword argument 'device'
2026-03-18 17:55:27 | ERROR | Error with DevNet on data_BoTIoT.csv: CUDA error: initialization error
CUDA kernel errors might be asynchronously reported at some other API call, so the stacktrace below might be incorrect.
For debugging consider passing CUDA_LAUNCH_BLOCKING=1
Compile with `TORCH_USE_CUDA_DSA` to enable device-side assertions.

2026-03-18 17:55:27 | ERROR | Error with ALAD on data_BoTIoT.csv: CUDA error: initialization error
CUDA kernel errors might be asynchronously reported at some other API call, so the stacktrace below might be incorrect.
For debugging consider passing CUDA_LAUNCH_BLOCKING=1
Compile with `TORCH_USE_CUDA_DSA` to enable device-side assertions.

2026-03-18 17:55:27 | INFO | 
Processing Dataset: data_BoTIoT.csv | Scaler: Normalizer
2026-03-18 17:55:27 | INFO | --- Noise: 0% ---
2026-03-18 17:55:38 | INFO |   CBLOF: AUCROC=96.175%  Train=2.8959s
2026-03-18 17:55:38 | INFO |   KNN: AUCROC=98.7061%  Train=0.3522s
2026-03-18 17:55:38 | INFO |   LOF: AUCROC=99.3647%  Train=0.3764s
2026-03-18 17:55:38 | INFO |   HBOS: AUCROC=97.5278%  Train=7.8318s
2026-03-18 17:55:38 | INFO |   IForest: AUCROC=95.3424%  Train=0.8654s
2026-03-18 17:55:38 | INFO |   PCA: AUCROC=93.5038%  Train=0.0084s
2026-03-18 17:55:38 | INFO |   OCSVM: AUCROC=89.55%  Train=0.4111s
2026-03-18 17:55:38 | ERROR | Error with AutoEncoder on data_BoTIoT.csv: AutoEncoder.__init__() got an unexpected keyword argument 'epochs'
2026-03-18 17:55:38 | ERROR | Error with DIF on data_BoTIoT.csv: Cannot re-initialize CUDA in forked subprocess. To use CUDA with multiprocessing, you must use the 'spawn' start method
2026-03-18 17:55:38 | ERROR | Error with NeuTraLAD on data_BoTIoT.csv: Cannot re-initialize CUDA in forked subprocess. To use CUDA with multiprocessing, you must use the 'spawn' start method
2026-03-18 17:55:38 | ERROR | Error with DASVDD on data_BoTIoT.csv: Cannot re-initialize CUDA in forked subprocess. To use CUDA with multiprocessing, you must use the 'spawn' start method
2026-03-18 17:55:38 | INFO |   LODA: AUCROC=96.0458%  Train=0.0775s
2026-03-18 17:55:38 | INFO |   COPOD: AUCROC=89.5206%  Train=0.6769s
2026-03-18 17:55:38 | INFO |   ECOD: AUCROC=77.8849%  Train=0.1913s
2026-03-18 17:55:38 | ERROR | Error with VAE on data_BoTIoT.csv: VAE.__init__() got an unexpected keyword argument 'epochs'
2026-03-18 17:55:38 | ERROR | Error with DeepSVDD on data_BoTIoT.csv: DeepSVDD.__init__() got an unexpected keyword argument 'device'
2026-03-18 17:55:38 | ERROR | Error with LUNAR on data_BoTIoT.csv: LUNAR.__init__() got an unexpected keyword argument 'n_neighbors'
2026-03-18 17:55:38 | ERROR | Error with AE1SVM on data_BoTIoT.csv: AE1SVM.__init__() got an unexpected keyword argument 'device'
2026-03-18 17:55:38 | ERROR | Error with DevNet on data_BoTIoT.csv: CUDA error: initialization error
CUDA kernel errors might be asynchronously reported at some other API call, so the stacktrace below might be incorrect.
For debugging consider passing CUDA_LAUNCH_BLOCKING=1
Compile with `TORCH_USE_CUDA_DSA` to enable device-side assertions.

2026-03-18 17:55:38 | ERROR | Error with ALAD on data_BoTIoT.csv: CUDA error: initialization error
CUDA kernel errors might be asynchronously reported at some other API call, so the stacktrace below might be incorrect.
For debugging consider passing CUDA_LAUNCH_BLOCKING=1
Compile with `TORCH_USE_CUDA_DSA` to enable device-side assertions.

2026-03-18 17:55:38 | INFO | --- Noise: 1% ---
2026-03-18 17:55:48 | INFO |   CBLOF: AUCROC=97.0599%  Train=2.7661s
2026-03-18 17:55:48 | INFO |   KNN: AUCROC=98.5335%  Train=0.3395s
2026-03-18 17:55:48 | INFO |   LOF: AUCROC=83.6585%  Train=0.3624s
2026-03-18 17:55:48 | INFO |   HBOS: AUCROC=97.1443%  Train=7.4637s
2026-03-18 17:55:48 | INFO |   IForest: AUCROC=96.6461%  Train=0.8294s
2026-03-18 17:55:48 | INFO |   PCA: AUCROC=93.1537%  Train=0.0068s
2026-03-18 17:55:48 | INFO |   OCSVM: AUCROC=88.5004%  Train=0.431s
2026-03-18 17:55:48 | ERROR | Error with AutoEncoder on data_BoTIoT.csv: AutoEncoder.__init__() got an unexpected keyword argument 'epochs'
2026-03-18 17:55:48 | ERROR | Error with DIF on data_BoTIoT.csv: Cannot re-initialize CUDA in forked subprocess. To use CUDA with multiprocessing, you must use the 'spawn' start method
2026-03-18 17:55:48 | ERROR | Error with NeuTraLAD on data_BoTIoT.csv: Cannot re-initialize CUDA in forked subprocess. To use CUDA with multiprocessing, you must use the 'spawn' start method
2026-03-18 17:55:48 | ERROR | Error with DASVDD on data_BoTIoT.csv: Cannot re-initialize CUDA in forked subprocess. To use CUDA with multiprocessing, you must use the 'spawn' start method
2026-03-18 17:55:48 | INFO |   LODA: AUCROC=93.9971%  Train=0.07s
2026-03-18 17:55:48 | INFO |   COPOD: AUCROC=89.4369%  Train=0.6295s
2026-03-18 17:55:48 | INFO |   ECOD: AUCROC=77.7314%  Train=0.1881s
2026-03-18 17:55:48 | ERROR | Error with VAE on data_BoTIoT.csv: VAE.__init__() got an unexpected keyword argument 'epochs'
2026-03-18 17:55:48 | ERROR | Error with DeepSVDD on data_BoTIoT.csv: DeepSVDD.__init__() got an unexpected keyword argument 'device'
2026-03-18 17:55:48 | ERROR | Error with LUNAR on data_BoTIoT.csv: LUNAR.__init__() got an unexpected keyword argument 'n_neighbors'
2026-03-18 17:55:48 | ERROR | Error with AE1SVM on data_BoTIoT.csv: AE1SVM.__init__() got an unexpected keyword argument 'device'
2026-03-18 17:55:48 | ERROR | Error with DevNet on data_BoTIoT.csv: CUDA error: initialization error
CUDA kernel errors might be asynchronously reported at some other API call, so the stacktrace below might be incorrect.
For debugging consider passing CUDA_LAUNCH_BLOCKING=1
Compile with `TORCH_USE_CUDA_DSA` to enable device-side assertions.

2026-03-18 17:55:48 | ERROR | Error with ALAD on data_BoTIoT.csv: CUDA error: initialization error
CUDA kernel errors might be asynchronously reported at some other API call, so the stacktrace below might be incorrect.
For debugging consider passing CUDA_LAUNCH_BLOCKING=1
Compile with `TORCH_USE_CUDA_DSA` to enable device-side assertions.

2026-03-18 17:55:48 | INFO | --- Noise: 3% ---
2026-03-18 17:55:58 | INFO |   CBLOF: AUCROC=97.2088%  Train=2.9113s
2026-03-18 17:55:58 | INFO |   KNN: AUCROC=97.8257%  Train=0.3896s
2026-03-18 17:55:58 | INFO |   LOF: AUCROC=65.5918%  Train=0.3677s
2026-03-18 17:55:58 | INFO |   HBOS: AUCROC=96.9472%  Train=7.7101s
2026-03-18 17:55:58 | INFO |   IForest: AUCROC=96.6454%  Train=0.7833s
2026-03-18 17:55:58 | INFO |   PCA: AUCROC=92.4098%  Train=0.0066s
2026-03-18 17:55:58 | INFO |   OCSVM: AUCROC=86.333%  Train=0.4457s
2026-03-18 17:55:58 | ERROR | Error with AutoEncoder on data_BoTIoT.csv: AutoEncoder.__init__() got an unexpected keyword argument 'epochs'
2026-03-18 17:55:58 | ERROR | Error with DIF on data_BoTIoT.csv: Cannot re-initialize CUDA in forked subprocess. To use CUDA with multiprocessing, you must use the 'spawn' start method
2026-03-18 17:55:58 | ERROR | Error with NeuTraLAD on data_BoTIoT.csv: Cannot re-initialize CUDA in forked subprocess. To use CUDA with multiprocessing, you must use the 'spawn' start method
2026-03-18 17:55:58 | ERROR | Error with DASVDD on data_BoTIoT.csv: Cannot re-initialize CUDA in forked subprocess. To use CUDA with multiprocessing, you must use the 'spawn' start method
2026-03-18 17:55:58 | INFO |   LODA: AUCROC=92.8598%  Train=0.0708s
2026-03-18 17:55:58 | INFO |   COPOD: AUCROC=89.2752%  Train=0.6359s
2026-03-18 17:55:58 | INFO |   ECOD: AUCROC=77.4428%  Train=0.1911s
2026-03-18 17:55:58 | ERROR | Error with VAE on data_BoTIoT.csv: VAE.__init__() got an unexpected keyword argument 'epochs'
2026-03-18 17:55:58 | ERROR | Error with DeepSVDD on data_BoTIoT.csv: DeepSVDD.__init__() got an unexpected keyword argument 'device'
2026-03-18 17:55:58 | ERROR | Error with LUNAR on data_BoTIoT.csv: LUNAR.__init__() got an unexpected keyword argument 'n_neighbors'
2026-03-18 17:55:58 | ERROR | Error with AE1SVM on data_BoTIoT.csv: AE1SVM.__init__() got an unexpected keyword argument 'device'
2026-03-18 17:55:58 | ERROR | Error with DevNet on data_BoTIoT.csv: CUDA error: initialization error
CUDA kernel errors might be asynchronously reported at some other API call, so the stacktrace below might be incorrect.
For debugging consider passing CUDA_LAUNCH_BLOCKING=1
Compile with `TORCH_USE_CUDA_DSA` to enable device-side assertions.

2026-03-18 17:55:58 | ERROR | Error with ALAD on data_BoTIoT.csv: CUDA error: initialization error
CUDA kernel errors might be asynchronously reported at some other API call, so the stacktrace below might be incorrect.
For debugging consider passing CUDA_LAUNCH_BLOCKING=1
Compile with `TORCH_USE_CUDA_DSA` to enable device-side assertions.

2026-03-18 17:55:58 | INFO | --- Noise: 5% ---
2026-03-18 17:56:08 | INFO |   CBLOF: AUCROC=93.9367%  Train=3.195s
2026-03-18 17:56:08 | INFO |   KNN: AUCROC=96.7318%  Train=0.3658s
2026-03-18 17:56:08 | INFO |   LOF: AUCROC=58.7166%  Train=0.377s
2026-03-18 17:56:08 | INFO |   HBOS: AUCROC=96.4015%  Train=7.5305s
2026-03-18 17:56:08 | INFO |   IForest: AUCROC=95.7098%  Train=0.7726s
2026-03-18 17:56:08 | INFO |   PCA: AUCROC=91.6742%  Train=0.0067s
2026-03-18 17:56:08 | INFO |   OCSVM: AUCROC=84.5051%  Train=0.4579s
2026-03-18 17:56:08 | ERROR | Error with AutoEncoder on data_BoTIoT.csv: AutoEncoder.__init__() got an unexpected keyword argument 'epochs'
2026-03-18 17:56:08 | ERROR | Error with DIF on data_BoTIoT.csv: Cannot re-initialize CUDA in forked subprocess. To use CUDA with multiprocessing, you must use the 'spawn' start method
2026-03-18 17:56:08 | ERROR | Error with NeuTraLAD on data_BoTIoT.csv: Cannot re-initialize CUDA in forked subprocess. To use CUDA with multiprocessing, you must use the 'spawn' start method
2026-03-18 17:56:08 | ERROR | Error with DASVDD on data_BoTIoT.csv: Cannot re-initialize CUDA in forked subprocess. To use CUDA with multiprocessing, you must use the 'spawn' start method
2026-03-18 17:56:08 | INFO |   LODA: AUCROC=92.1713%  Train=0.0716s
2026-03-18 17:56:08 | INFO |   COPOD: AUCROC=89.0768%  Train=0.6063s
2026-03-18 17:56:08 | INFO |   ECOD: AUCROC=77.0858%  Train=0.0199s
2026-03-18 17:56:08 | ERROR | Error with VAE on data_BoTIoT.csv: VAE.__init__() got an unexpected keyword argument 'epochs'
2026-03-18 17:56:08 | ERROR | Error with DeepSVDD on data_BoTIoT.csv: DeepSVDD.__init__() got an unexpected keyword argument 'device'
2026-03-18 17:56:08 | ERROR | Error with LUNAR on data_BoTIoT.csv: LUNAR.__init__() got an unexpected keyword argument 'n_neighbors'
2026-03-18 17:56:08 | ERROR | Error with AE1SVM on data_BoTIoT.csv: AE1SVM.__init__() got an unexpected keyword argument 'device'
2026-03-18 17:56:08 | ERROR | Error with DevNet on data_BoTIoT.csv: CUDA error: initialization error
CUDA kernel errors might be asynchronously reported at some other API call, so the stacktrace below might be incorrect.
For debugging consider passing CUDA_LAUNCH_BLOCKING=1
Compile with `TORCH_USE_CUDA_DSA` to enable device-side assertions.

2026-03-18 17:56:08 | ERROR | Error with ALAD on data_BoTIoT.csv: CUDA error: initialization error
CUDA kernel errors might be asynchronously reported at some other API call, so the stacktrace below might be incorrect.
For debugging consider passing CUDA_LAUNCH_BLOCKING=1
Compile with `TORCH_USE_CUDA_DSA` to enable device-side assertions.

2026-03-18 17:56:08 | INFO | 
Processing Dataset: data_BoTIoT.csv | Scaler: QuantileTransformer
2026-03-18 17:56:08 | INFO | --- Noise: 0% ---
2026-03-18 17:56:19 | INFO |   CBLOF: AUCROC=96.8602%  Train=2.8554s
2026-03-18 17:56:19 | INFO |   KNN: AUCROC=99.2773%  Train=0.3633s
2026-03-18 17:56:19 | INFO |   LOF: AUCROC=99.0338%  Train=0.362s
2026-03-18 17:56:19 | INFO |   HBOS: AUCROC=82.3419%  Train=8.1768s
2026-03-18 17:56:19 | INFO |   IForest: AUCROC=95.7089%  Train=0.794s
2026-03-18 17:56:19 | INFO |   PCA: AUCROC=75.1749%  Train=0.0066s
2026-03-18 17:56:19 | INFO |   OCSVM: AUCROC=79.956%  Train=0.4107s
2026-03-18 17:56:19 | ERROR | Error with AutoEncoder on data_BoTIoT.csv: AutoEncoder.__init__() got an unexpected keyword argument 'epochs'
2026-03-18 17:56:19 | ERROR | Error with DIF on data_BoTIoT.csv: Cannot re-initialize CUDA in forked subprocess. To use CUDA with multiprocessing, you must use the 'spawn' start method
2026-03-18 17:56:19 | ERROR | Error with NeuTraLAD on data_BoTIoT.csv: Cannot re-initialize CUDA in forked subprocess. To use CUDA with multiprocessing, you must use the 'spawn' start method
2026-03-18 17:56:19 | ERROR | Error with DASVDD on data_BoTIoT.csv: Cannot re-initialize CUDA in forked subprocess. To use CUDA with multiprocessing, you must use the 'spawn' start method
2026-03-18 17:56:19 | INFO |   LODA: AUCROC=90.1044%  Train=0.0711s
2026-03-18 17:56:19 | INFO |   COPOD: AUCROC=55.1306%  Train=0.6359s
2026-03-18 17:56:19 | INFO |   ECOD: AUCROC=61.6898%  Train=0.1995s
2026-03-18 17:56:19 | ERROR | Error with VAE on data_BoTIoT.csv: VAE.__init__() got an unexpected keyword argument 'epochs'
2026-03-18 17:56:19 | ERROR | Error with DeepSVDD on data_BoTIoT.csv: DeepSVDD.__init__() got an unexpected keyword argument 'device'
2026-03-18 17:56:19 | ERROR | Error with LUNAR on data_BoTIoT.csv: LUNAR.__init__() got an unexpected keyword argument 'n_neighbors'
2026-03-18 17:56:19 | ERROR | Error with AE1SVM on data_BoTIoT.csv: AE1SVM.__init__() got an unexpected keyword argument 'device'
2026-03-18 17:56:19 | ERROR | Error with DevNet on data_BoTIoT.csv: CUDA error: initialization error
CUDA kernel errors might be asynchronously reported at some other API call, so the stacktrace below might be incorrect.
For debugging consider passing CUDA_LAUNCH_BLOCKING=1
Compile with `TORCH_USE_CUDA_DSA` to enable device-side assertions.

2026-03-18 17:56:19 | ERROR | Error with ALAD on data_BoTIoT.csv: CUDA error: initialization error
CUDA kernel errors might be asynchronously reported at some other API call, so the stacktrace below might be incorrect.
For debugging consider passing CUDA_LAUNCH_BLOCKING=1
Compile with `TORCH_USE_CUDA_DSA` to enable device-side assertions.

2026-03-18 17:56:19 | INFO | --- Noise: 1% ---
2026-03-18 17:56:30 | INFO |   CBLOF: AUCROC=97.1419%  Train=3.3492s
2026-03-18 17:56:30 | INFO |   KNN: AUCROC=97.9697%  Train=0.3387s
2026-03-18 17:56:30 | INFO |   LOF: AUCROC=67.8605%  Train=0.3537s
2026-03-18 17:56:30 | INFO |   HBOS: AUCROC=78.302%  Train=7.8135s
2026-03-18 17:56:30 | INFO |   IForest: AUCROC=96.1132%  Train=0.7843s
2026-03-18 17:56:30 | INFO |   PCA: AUCROC=74.5451%  Train=0.0072s
2026-03-18 17:56:30 | INFO |   OCSVM: AUCROC=78.143%  Train=0.4162s
2026-03-18 17:56:30 | ERROR | Error with AutoEncoder on data_BoTIoT.csv: AutoEncoder.__init__() got an unexpected keyword argument 'epochs'
2026-03-18 17:56:30 | ERROR | Error with DIF on data_BoTIoT.csv: Cannot re-initialize CUDA in forked subprocess. To use CUDA with multiprocessing, you must use the 'spawn' start method
2026-03-18 17:56:30 | ERROR | Error with NeuTraLAD on data_BoTIoT.csv: Cannot re-initialize CUDA in forked subprocess. To use CUDA with multiprocessing, you must use the 'spawn' start method
2026-03-18 17:56:30 | ERROR | Error with DASVDD on data_BoTIoT.csv: Cannot re-initialize CUDA in forked subprocess. To use CUDA with multiprocessing, you must use the 'spawn' start method
2026-03-18 17:56:30 | INFO |   LODA: AUCROC=90.6662%  Train=0.0745s
2026-03-18 17:56:30 | INFO |   COPOD: AUCROC=54.9698%  Train=0.6285s
2026-03-18 17:56:30 | INFO |   ECOD: AUCROC=61.5894%  Train=0.0182s
2026-03-18 17:56:30 | ERROR | Error with VAE on data_BoTIoT.csv: VAE.__init__() got an unexpected keyword argument 'epochs'
2026-03-18 17:56:30 | ERROR | Error with DeepSVDD on data_BoTIoT.csv: DeepSVDD.__init__() got an unexpected keyword argument 'device'
2026-03-18 17:56:30 | ERROR | Error with LUNAR on data_BoTIoT.csv: LUNAR.__init__() got an unexpected keyword argument 'n_neighbors'
2026-03-18 17:56:30 | ERROR | Error with AE1SVM on data_BoTIoT.csv: AE1SVM.__init__() got an unexpected keyword argument 'device'
2026-03-18 17:56:30 | ERROR | Error with DevNet on data_BoTIoT.csv: CUDA error: initialization error
CUDA kernel errors might be asynchronously reported at some other API call, so the stacktrace below might be incorrect.
For debugging consider passing CUDA_LAUNCH_BLOCKING=1
Compile with `TORCH_USE_CUDA_DSA` to enable device-side assertions.

2026-03-18 17:56:30 | ERROR | Error with ALAD on data_BoTIoT.csv: CUDA error: initialization error
CUDA kernel errors might be asynchronously reported at some other API call, so the stacktrace below might be incorrect.
For debugging consider passing CUDA_LAUNCH_BLOCKING=1
Compile with `TORCH_USE_CUDA_DSA` to enable device-side assertions.

2026-03-18 17:56:30 | INFO | --- Noise: 3% ---
2026-03-18 17:56:43 | INFO |   CBLOF: AUCROC=90.2037%  Train=3.3319s
2026-03-18 17:56:43 | INFO |   KNN: AUCROC=95.0679%  Train=0.3851s
2026-03-18 17:56:43 | INFO |   LOF: AUCROC=54.5556%  Train=0.3636s
2026-03-18 17:56:43 | INFO |   HBOS: AUCROC=73.313%  Train=9.426s
2026-03-18 17:56:43 | INFO |   IForest: AUCROC=96.0735%  Train=1.226s
2026-03-18 17:56:43 | INFO |   PCA: AUCROC=73.2678%  Train=0.0076s
2026-03-18 17:56:43 | INFO |   OCSVM: AUCROC=75.1235%  Train=0.6546s
2026-03-18 17:56:43 | ERROR | Error with AutoEncoder on data_BoTIoT.csv: AutoEncoder.__init__() got an unexpected keyword argument 'epochs'
2026-03-18 17:56:43 | ERROR | Error with DIF on data_BoTIoT.csv: Cannot re-initialize CUDA in forked subprocess. To use CUDA with multiprocessing, you must use the 'spawn' start method
2026-03-18 17:56:43 | ERROR | Error with NeuTraLAD on data_BoTIoT.csv: Cannot re-initialize CUDA in forked subprocess. To use CUDA with multiprocessing, you must use the 'spawn' start method
2026-03-18 17:56:43 | ERROR | Error with DASVDD on data_BoTIoT.csv: Cannot re-initialize CUDA in forked subprocess. To use CUDA with multiprocessing, you must use the 'spawn' start method
2026-03-18 17:56:43 | INFO |   LODA: AUCROC=87.5971%  Train=0.0921s
2026-03-18 17:56:43 | INFO |   COPOD: AUCROC=54.6357%  Train=0.1975s
2026-03-18 17:56:43 | INFO |   ECOD: AUCROC=61.3833%  Train=0.7774s
2026-03-18 17:56:43 | ERROR | Error with VAE on data_BoTIoT.csv: VAE.__init__() got an unexpected keyword argument 'epochs'
2026-03-18 17:56:43 | ERROR | Error with DeepSVDD on data_BoTIoT.csv: DeepSVDD.__init__() got an unexpected keyword argument 'device'
2026-03-18 17:56:43 | ERROR | Error with LUNAR on data_BoTIoT.csv: LUNAR.__init__() got an unexpected keyword argument 'n_neighbors'
2026-03-18 17:56:43 | ERROR | Error with AE1SVM on data_BoTIoT.csv: AE1SVM.__init__() got an unexpected keyword argument 'device'
2026-03-18 17:56:43 | ERROR | Error with DevNet on data_BoTIoT.csv: CUDA error: initialization error
CUDA kernel errors might be asynchronously reported at some other API call, so the stacktrace below might be incorrect.
For debugging consider passing CUDA_LAUNCH_BLOCKING=1
Compile with `TORCH_USE_CUDA_DSA` to enable device-side assertions.

2026-03-18 17:56:43 | ERROR | Error with ALAD on data_BoTIoT.csv: CUDA error: initialization error
CUDA kernel errors might be asynchronously reported at some other API call, so the stacktrace below might be incorrect.
For debugging consider passing CUDA_LAUNCH_BLOCKING=1
Compile with `TORCH_USE_CUDA_DSA` to enable device-side assertions.

2026-03-18 17:56:43 | INFO | --- Noise: 5% ---
2026-03-18 17:56:54 | INFO |   CBLOF: AUCROC=89.4825%  Train=4.4787s
2026-03-18 17:56:54 | INFO |   KNN: AUCROC=92.5719%  Train=0.4434s
2026-03-18 17:56:54 | INFO |   LOF: AUCROC=45.2318%  Train=0.3836s
2026-03-18 17:56:54 | INFO |   HBOS: AUCROC=71.4621%  Train=8.4975s
2026-03-18 17:56:54 | INFO |   IForest: AUCROC=92.8514%  Train=0.998s
2026-03-18 17:56:54 | INFO |   PCA: AUCROC=72.1795%  Train=0.008s
2026-03-18 17:56:54 | INFO |   OCSVM: AUCROC=74.5502%  Train=0.6771s
2026-03-18 17:56:54 | ERROR | Error with AutoEncoder on data_BoTIoT.csv: AutoEncoder.__init__() got an unexpected keyword argument 'epochs'
2026-03-18 17:56:54 | ERROR | Error with DIF on data_BoTIoT.csv: Cannot re-initialize CUDA in forked subprocess. To use CUDA with multiprocessing, you must use the 'spawn' start method
2026-03-18 17:56:54 | ERROR | Error with NeuTraLAD on data_BoTIoT.csv: Cannot re-initialize CUDA in forked subprocess. To use CUDA with multiprocessing, you must use the 'spawn' start method
2026-03-18 17:56:54 | ERROR | Error with DASVDD on data_BoTIoT.csv: Cannot re-initialize CUDA in forked subprocess. To use CUDA with multiprocessing, you must use the 'spawn' start method
2026-03-18 17:56:54 | INFO |   LODA: AUCROC=84.8532%  Train=0.0735s
2026-03-18 17:56:54 | INFO |   COPOD: AUCROC=54.2817%  Train=0.6867s
2026-03-18 17:56:54 | INFO |   ECOD: AUCROC=61.1755%  Train=0.0283s
2026-03-18 17:56:54 | ERROR | Error with VAE on data_BoTIoT.csv: VAE.__init__() got an unexpected keyword argument 'epochs'
2026-03-18 17:56:54 | ERROR | Error with DeepSVDD on data_BoTIoT.csv: DeepSVDD.__init__() got an unexpected keyword argument 'device'
2026-03-18 17:56:54 | ERROR | Error with LUNAR on data_BoTIoT.csv: LUNAR.__init__() got an unexpected keyword argument 'n_neighbors'
2026-03-18 17:56:54 | ERROR | Error with AE1SVM on data_BoTIoT.csv: AE1SVM.__init__() got an unexpected keyword argument 'device'
2026-03-18 17:56:54 | ERROR | Error with DevNet on data_BoTIoT.csv: CUDA error: initialization error
CUDA kernel errors might be asynchronously reported at some other API call, so the stacktrace below might be incorrect.
For debugging consider passing CUDA_LAUNCH_BLOCKING=1
Compile with `TORCH_USE_CUDA_DSA` to enable device-side assertions.

2026-03-18 17:56:54 | ERROR | Error with ALAD on data_BoTIoT.csv: CUDA error: initialization error
CUDA kernel errors might be asynchronously reported at some other API call, so the stacktrace below might be incorrect.
For debugging consider passing CUDA_LAUNCH_BLOCKING=1
Compile with `TORCH_USE_CUDA_DSA` to enable device-side assertions.

2026-03-18 17:56:54 | INFO | 
Processing Dataset: data_BoTIoT.csv | Scaler: RobustScaler
2026-03-18 17:56:54 | INFO | --- Noise: 0% ---
2026-03-18 17:57:04 | INFO |   CBLOF: AUCROC=98.2721%  Train=2.7733s
2026-03-18 17:57:04 | INFO |   KNN: AUCROC=99.8012%  Train=0.3706s
2026-03-18 17:57:04 | INFO |   LOF: AUCROC=99.5279%  Train=0.3698s
2026-03-18 17:57:04 | INFO |   HBOS: AUCROC=98.7136%  Train=7.6635s
2026-03-18 17:57:04 | INFO |   IForest: AUCROC=96.3389%  Train=0.7859s
2026-03-18 17:57:04 | INFO |   PCA: AUCROC=93.0051%  Train=0.0066s
2026-03-18 17:57:04 | INFO |   OCSVM: AUCROC=99.8998%  Train=0.4317s
2026-03-18 17:57:04 | ERROR | Error with AutoEncoder on data_BoTIoT.csv: AutoEncoder.__init__() got an unexpected keyword argument 'epochs'
2026-03-18 17:57:04 | ERROR | Error with DIF on data_BoTIoT.csv: Cannot re-initialize CUDA in forked subprocess. To use CUDA with multiprocessing, you must use the 'spawn' start method
2026-03-18 17:57:04 | ERROR | Error with NeuTraLAD on data_BoTIoT.csv: Cannot re-initialize CUDA in forked subprocess. To use CUDA with multiprocessing, you must use the 'spawn' start method
2026-03-18 17:57:04 | ERROR | Error with DASVDD on data_BoTIoT.csv: Cannot re-initialize CUDA in forked subprocess. To use CUDA with multiprocessing, you must use the 'spawn' start method
2026-03-18 17:57:04 | INFO |   LODA: AUCROC=99.3693%  Train=0.0685s
2026-03-18 17:57:04 | INFO |   COPOD: AUCROC=68.191%  Train=0.6415s
2026-03-18 17:57:04 | INFO |   ECOD: AUCROC=61.7656%  Train=0.6584s
2026-03-18 17:57:04 | ERROR | Error with VAE on data_BoTIoT.csv: VAE.__init__() got an unexpected keyword argument 'epochs'
2026-03-18 17:57:04 | ERROR | Error with DeepSVDD on data_BoTIoT.csv: DeepSVDD.__init__() got an unexpected keyword argument 'device'
2026-03-18 17:57:04 | ERROR | Error with LUNAR on data_BoTIoT.csv: LUNAR.__init__() got an unexpected keyword argument 'n_neighbors'
2026-03-18 17:57:04 | ERROR | Error with AE1SVM on data_BoTIoT.csv: AE1SVM.__init__() got an unexpected keyword argument 'device'
2026-03-18 17:57:04 | ERROR | Error with DevNet on data_BoTIoT.csv: CUDA error: initialization error
CUDA kernel errors might be asynchronously reported at some other API call, so the stacktrace below might be incorrect.
For debugging consider passing CUDA_LAUNCH_BLOCKING=1
Compile with `TORCH_USE_CUDA_DSA` to enable device-side assertions.

2026-03-18 17:57:04 | ERROR | Error with ALAD on data_BoTIoT.csv: CUDA error: initialization error
CUDA kernel errors might be asynchronously reported at some other API call, so the stacktrace below might be incorrect.
For debugging consider passing CUDA_LAUNCH_BLOCKING=1
Compile with `TORCH_USE_CUDA_DSA` to enable device-side assertions.

2026-03-18 17:57:04 | INFO | --- Noise: 1% ---
2026-03-18 17:57:15 | INFO |   CBLOF: AUCROC=98.1104%  Train=2.8341s
2026-03-18 17:57:15 | INFO |   KNN: AUCROC=99.7998%  Train=0.3328s
2026-03-18 17:57:15 | INFO |   LOF: AUCROC=96.5121%  Train=0.385s
2026-03-18 17:57:15 | INFO |   HBOS: AUCROC=98.5211%  Train=8.062s
2026-03-18 17:57:15 | INFO |   IForest: AUCROC=98.4602%  Train=0.7759s
2026-03-18 17:57:15 | INFO |   PCA: AUCROC=91.0159%  Train=0.0066s
2026-03-18 17:57:15 | INFO |   OCSVM: AUCROC=99.852%  Train=0.4427s
2026-03-18 17:57:15 | ERROR | Error with AutoEncoder on data_BoTIoT.csv: AutoEncoder.__init__() got an unexpected keyword argument 'epochs'
2026-03-18 17:57:15 | ERROR | Error with DIF on data_BoTIoT.csv: Cannot re-initialize CUDA in forked subprocess. To use CUDA with multiprocessing, you must use the 'spawn' start method
2026-03-18 17:57:15 | ERROR | Error with NeuTraLAD on data_BoTIoT.csv: Cannot re-initialize CUDA in forked subprocess. To use CUDA with multiprocessing, you must use the 'spawn' start method
2026-03-18 17:57:15 | ERROR | Error with DASVDD on data_BoTIoT.csv: Cannot re-initialize CUDA in forked subprocess. To use CUDA with multiprocessing, you must use the 'spawn' start method
2026-03-18 17:57:15 | INFO |   LODA: AUCROC=97.3894%  Train=0.073s
2026-03-18 17:57:15 | INFO |   COPOD: AUCROC=68.105%  Train=0.6324s
2026-03-18 17:57:15 | INFO |   ECOD: AUCROC=61.6596%  Train=0.6462s
2026-03-18 17:57:15 | ERROR | Error with VAE on data_BoTIoT.csv: VAE.__init__() got an unexpected keyword argument 'epochs'
2026-03-18 17:57:15 | ERROR | Error with DeepSVDD on data_BoTIoT.csv: DeepSVDD.__init__() got an unexpected keyword argument 'device'
2026-03-18 17:57:15 | ERROR | Error with LUNAR on data_BoTIoT.csv: LUNAR.__init__() got an unexpected keyword argument 'n_neighbors'
2026-03-18 17:57:15 | ERROR | Error with AE1SVM on data_BoTIoT.csv: AE1SVM.__init__() got an unexpected keyword argument 'device'
2026-03-18 17:57:15 | ERROR | Error with DevNet on data_BoTIoT.csv: CUDA error: initialization error
CUDA kernel errors might be asynchronously reported at some other API call, so the stacktrace below might be incorrect.
For debugging consider passing CUDA_LAUNCH_BLOCKING=1
Compile with `TORCH_USE_CUDA_DSA` to enable device-side assertions.

2026-03-18 17:57:15 | ERROR | Error with ALAD on data_BoTIoT.csv: CUDA error: initialization error
CUDA kernel errors might be asynchronously reported at some other API call, so the stacktrace below might be incorrect.
For debugging consider passing CUDA_LAUNCH_BLOCKING=1
Compile with `TORCH_USE_CUDA_DSA` to enable device-side assertions.

2026-03-18 17:57:15 | INFO | --- Noise: 3% ---
2026-03-18 17:57:26 | INFO |   CBLOF: AUCROC=98.2342%  Train=2.8189s
2026-03-18 17:57:26 | INFO |   KNN: AUCROC=99.7215%  Train=0.3708s
2026-03-18 17:57:26 | INFO |   LOF: AUCROC=75.846%  Train=0.3651s
2026-03-18 17:57:26 | INFO |   HBOS: AUCROC=98.1271%  Train=8.0047s
2026-03-18 17:57:26 | INFO |   IForest: AUCROC=97.6818%  Train=0.8998s
2026-03-18 17:57:26 | INFO |   PCA: AUCROC=89.1157%  Train=0.0068s
2026-03-18 17:57:26 | INFO |   OCSVM: AUCROC=99.3605%  Train=0.5038s
2026-03-18 17:57:26 | ERROR | Error with AutoEncoder on data_BoTIoT.csv: AutoEncoder.__init__() got an unexpected keyword argument 'epochs'
2026-03-18 17:57:26 | ERROR | Error with DIF on data_BoTIoT.csv: Cannot re-initialize CUDA in forked subprocess. To use CUDA with multiprocessing, you must use the 'spawn' start method
2026-03-18 17:57:26 | ERROR | Error with NeuTraLAD on data_BoTIoT.csv: Cannot re-initialize CUDA in forked subprocess. To use CUDA with multiprocessing, you must use the 'spawn' start method
2026-03-18 17:57:26 | ERROR | Error with DASVDD on data_BoTIoT.csv: Cannot re-initialize CUDA in forked subprocess. To use CUDA with multiprocessing, you must use the 'spawn' start method
2026-03-18 17:57:26 | INFO |   LODA: AUCROC=96.8933%  Train=0.0983s
2026-03-18 17:57:26 | INFO |   COPOD: AUCROC=67.9556%  Train=0.6691s
2026-03-18 17:57:26 | INFO |   ECOD: AUCROC=61.4568%  Train=0.6507s
2026-03-18 17:57:26 | ERROR | Error with VAE on data_BoTIoT.csv: VAE.__init__() got an unexpected keyword argument 'epochs'
2026-03-18 17:57:26 | ERROR | Error with DeepSVDD on data_BoTIoT.csv: DeepSVDD.__init__() got an unexpected keyword argument 'device'
2026-03-18 17:57:26 | ERROR | Error with LUNAR on data_BoTIoT.csv: LUNAR.__init__() got an unexpected keyword argument 'n_neighbors'
2026-03-18 17:57:26 | ERROR | Error with AE1SVM on data_BoTIoT.csv: AE1SVM.__init__() got an unexpected keyword argument 'device'
2026-03-18 17:57:26 | ERROR | Error with DevNet on data_BoTIoT.csv: CUDA error: initialization error
CUDA kernel errors might be asynchronously reported at some other API call, so the stacktrace below might be incorrect.
For debugging consider passing CUDA_LAUNCH_BLOCKING=1
Compile with `TORCH_USE_CUDA_DSA` to enable device-side assertions.

2026-03-18 17:57:26 | ERROR | Error with ALAD on data_BoTIoT.csv: CUDA error: initialization error
CUDA kernel errors might be asynchronously reported at some other API call, so the stacktrace below might be incorrect.
For debugging consider passing CUDA_LAUNCH_BLOCKING=1
Compile with `TORCH_USE_CUDA_DSA` to enable device-side assertions.

2026-03-18 17:57:26 | INFO | --- Noise: 5% ---
2026-03-18 17:57:36 | INFO |   CBLOF: AUCROC=98.9268%  Train=2.7529s
2026-03-18 17:57:36 | INFO |   KNN: AUCROC=98.9722%  Train=0.3888s
2026-03-18 17:57:36 | INFO |   LOF: AUCROC=68.6848%  Train=0.3346s
2026-03-18 17:57:36 | INFO |   HBOS: AUCROC=97.9309%  Train=7.5272s
2026-03-18 17:57:36 | INFO |   IForest: AUCROC=98.0479%  Train=0.7864s
2026-03-18 17:57:36 | INFO |   PCA: AUCROC=86.6456%  Train=0.0072s
2026-03-18 17:57:36 | INFO |   OCSVM: AUCROC=96.9628%  Train=0.4832s
2026-03-18 17:57:36 | ERROR | Error with AutoEncoder on data_BoTIoT.csv: AutoEncoder.__init__() got an unexpected keyword argument 'epochs'
2026-03-18 17:57:36 | ERROR | Error with DIF on data_BoTIoT.csv: Cannot re-initialize CUDA in forked subprocess. To use CUDA with multiprocessing, you must use the 'spawn' start method
2026-03-18 17:57:36 | ERROR | Error with NeuTraLAD on data_BoTIoT.csv: Cannot re-initialize CUDA in forked subprocess. To use CUDA with multiprocessing, you must use the 'spawn' start method
2026-03-18 17:57:36 | ERROR | Error with DASVDD on data_BoTIoT.csv: Cannot re-initialize CUDA in forked subprocess. To use CUDA with multiprocessing, you must use the 'spawn' start method
2026-03-18 17:57:36 | INFO |   LODA: AUCROC=94.3013%  Train=0.0708s
2026-03-18 17:57:36 | INFO |   COPOD: AUCROC=67.8179%  Train=0.6444s
2026-03-18 17:57:36 | INFO |   ECOD: AUCROC=61.2845%  Train=0.6737s
2026-03-18 17:57:36 | ERROR | Error with VAE on data_BoTIoT.csv: VAE.__init__() got an unexpected keyword argument 'epochs'
2026-03-18 17:57:36 | ERROR | Error with DeepSVDD on data_BoTIoT.csv: DeepSVDD.__init__() got an unexpected keyword argument 'device'
2026-03-18 17:57:36 | ERROR | Error with LUNAR on data_BoTIoT.csv: LUNAR.__init__() got an unexpected keyword argument 'n_neighbors'
2026-03-18 17:57:36 | ERROR | Error with AE1SVM on data_BoTIoT.csv: AE1SVM.__init__() got an unexpected keyword argument 'device'
2026-03-18 17:57:36 | ERROR | Error with DevNet on data_BoTIoT.csv: CUDA error: initialization error
CUDA kernel errors might be asynchronously reported at some other API call, so the stacktrace below might be incorrect.
For debugging consider passing CUDA_LAUNCH_BLOCKING=1
Compile with `TORCH_USE_CUDA_DSA` to enable device-side assertions.

2026-03-18 17:57:36 | ERROR | Error with ALAD on data_BoTIoT.csv: CUDA error: initialization error
CUDA kernel errors might be asynchronously reported at some other API call, so the stacktrace below might be incorrect.
For debugging consider passing CUDA_LAUNCH_BLOCKING=1
Compile with `TORCH_USE_CUDA_DSA` to enable device-side assertions.

2026-03-18 17:57:36 | INFO | 
All results saved to: /home/jupyter-iclr2025/New Project/NFST/GMM-nfst/notebooks/baselines/outputs/Experiment_FastBaseline_20260318_162939
