scaler,nCluster,noise_percentage,AUCROC,AUCPR,Accuracy,MCC,F1 Score,Precision,Recall,Time Train,Time Test
MinMaxScaler,1,0,92.00508794346914,99.73792279729979,84.36107854630716,0.3666546630964306,0.9123143087873495,0.9998353435145927,0.8388823651308973,0.390336275100708,0.8631160259246826
MinMaxScaler,4,0,93.21981087226499,99.77703005280762,85.65734382850444,0.3805990620620864,0.9201804421578497,0.9995950105297262,0.8524556192581336,2.4416494369506836,1.0816650390625
MinMaxScaler,7,0,93.5465893046163,99.78960860259556,85.22860492379836,0.3770943455834384,0.9175824175824175,0.9997963671906818,0.8478621261311046,5.123401403427124,1.0083460807800293
MinMaxScaler,10,0,93.99297458090552,99.80235539259921,85.91190755317368,0.38446653328011215,0.9217051377513031,0.9996365985625454,0.8550459349312703,5.294824123382568,0.9807558059692383
MinMaxScaler,13,0,94.02671480814185,99.8057614389477,85.74108189582984,0.38343545628586834,0.9206715986806552,0.9997571734995346,0.8531809076466119,10.02297830581665,1.1117451190948486
MinMaxScaler,16,0,94.32806157296311,99.8157143400894,85.39608105844917,0.3792762446602912,0.9185929272937751,0.9997967810112177,0.849589003246529,9.334852457046509,1.2088139057159424
MinMaxScaler,19,0,94.41763302147837,99.81853954005327,85.31569251381677,0.3777992549621793,0.9181111775254036,0.9997559189650964,0.8487946397734337,12.566178798675537,1.0870566368103027
MinMaxScaler,22,0,94.02457202388541,99.80555724463079,85.55350862502094,0.38007191980364263,0.9195500923317975,0.9996755485257736,0.8513158803619535,30.78234314918518,1.0155582427978516
