scaler,nCluster,noise_percentage,AUCROC,AUCPR,Accuracy,MCC,F1 Score,Precision,Recall,Time Train,Time Test
StandardScaler,1,0,99.91485013623979,99.97949727313733,99.9670546892159,0.9982818977818858,0.999815471674902,0.9996310114386454,1.0,1.3067870140075684,7.261422395706177
