2026-03-18 08:38:03 | INFO | Run started at 20260318_083803
2026-03-18 08:38:03 | INFO | Dataset prefix : data_CICIoT2023
2026-03-18 08:38:03 | INFO | Scalers        : ['StandardScaler', 'MinMaxScaler', 'Normalizer', 'QuantileTransformer', 'RobustScaler']
2026-03-18 08:38:03 | INFO | N_CLUSTERS     : range(1, 301, 3) — 100 values
2026-03-18 08:38:03 | INFO | NOISE_LIST     : [0, 1, 3, 5]
2026-03-18 08:38:03 | INFO | CSV output     : /home/jupyter-iclr2025/New Project/NFST/GMM-nfst/notebooks/experiments/outputs/Experiment_OC_NFST_MemOpt_20260318_083803/data_CICIoT2023_memopt.csv
2026-03-18 08:38:03 | INFO | Log file       : /home/jupyter-iclr2025/New Project/NFST/GMM-nfst/notebooks/experiments/outputs/Experiment_OC_NFST_MemOpt_20260318_083803/data_CICIoT2023_memopt.log
2026-03-18 08:38:03 | INFO | ------------------------------------------------------------
2026-03-18 08:38:03 | INFO | 
>>> Processing data_CICIoT2023 | scaler=StandardScaler
2026-03-18 08:38:03 | INFO | --- noise=0% ---
2026-03-18 08:38:03 | INFO | ============================================================
2026-03-18 08:38:03 | INFO | Dataset  : Train_StandardScaler_data_CICIoT2023.csv
2026-03-18 08:38:03 | INFO | Scaler   : StandardScaler
2026-03-18 08:38:03 | INFO | Noise    : 0%
2026-03-18 08:38:03 | INFO | nClusters: 100 values (1..298)
2026-03-18 08:38:03 | INFO | ============================================================
2026-03-18 08:38:03 | INFO | Loaded Raw Shape -> Train: (30000, 45), Test: (30000, 45)
2026-03-18 08:38:03 | INFO | Training size : 30,000  |  Testing size: 30,000  |  Features: 44
2026-03-18 08:38:03 | INFO | Firing up Parallel execution for 100 cluster configs...
2026-03-18 08:41:57 | INFO | [ncluster=1/1] AUC-ROC=50.00%  AUC-PR=50.00%  F1=0.0000  MCC=0.0000  Train=0.318s  Test=4.737s  Peak RAM=37.293 MB
2026-03-18 08:41:57 | INFO | [ncluster=4/4] AUC-ROC=50.00%  AUC-PR=50.00%  F1=0.0000  MCC=0.0000  Train=0.510s  Test=6.574s  Peak RAM=37.3 MB
2026-03-18 08:41:57 | INFO | [ncluster=7/7] AUC-ROC=50.00%  AUC-PR=50.00%  F1=0.0000  MCC=0.0000  Train=0.568s  Test=8.558s  Peak RAM=37.303 MB
2026-03-18 08:41:57 | INFO | [ncluster=10/10] AUC-ROC=50.01%  AUC-PR=50.00%  F1=0.6667  MCC=0.0082  Train=0.708s  Test=9.535s  Peak RAM=37.31 MB
2026-03-18 08:41:57 | INFO | [ncluster=13/13] AUC-ROC=50.00%  AUC-PR=50.00%  F1=0.6667  MCC=0.0058  Train=0.659s  Test=9.661s  Peak RAM=37.306 MB
2026-03-18 08:41:57 | INFO | [ncluster=16/16] AUC-ROC=52.06%  AUC-PR=51.05%  F1=0.6760  MCC=0.1451  Train=1.121s  Test=9.705s  Peak RAM=37.311 MB
2026-03-18 08:41:57 | INFO | [ncluster=19/19] AUC-ROC=52.04%  AUC-PR=51.04%  F1=0.6759  MCC=0.1444  Train=0.933s  Test=8.981s  Peak RAM=37.308 MB
2026-03-18 08:41:57 | INFO | [ncluster=22/22] AUC-ROC=52.06%  AUC-PR=51.05%  F1=0.6760  MCC=0.1451  Train=1.038s  Test=8.276s  Peak RAM=37.307 MB
2026-03-18 08:41:57 | INFO | [ncluster=25/25] AUC-ROC=52.75%  AUC-PR=51.42%  F1=0.6791  MCC=0.1683  Train=0.949s  Test=8.338s  Peak RAM=37.319 MB
2026-03-18 08:41:57 | INFO | [ncluster=28/28] AUC-ROC=52.05%  AUC-PR=51.05%  F1=0.6759  MCC=0.1447  Train=1.363s  Test=7.390s  Peak RAM=37.313 MB
2026-03-18 08:41:57 | INFO | [ncluster=31/31] AUC-ROC=52.05%  AUC-PR=51.05%  F1=0.6759  MCC=0.1448  Train=1.382s  Test=6.502s  Peak RAM=37.31 MB
2026-03-18 08:41:57 | INFO | [ncluster=34/34] AUC-ROC=52.42%  AUC-PR=51.24%  F1=0.6776  MCC=0.1575  Train=1.585s  Test=7.003s  Peak RAM=37.316 MB
2026-03-18 08:41:57 | INFO | [ncluster=37/37] AUC-ROC=52.06%  AUC-PR=51.05%  F1=0.6759  MCC=0.1450  Train=0.274s  Test=3.555s  Peak RAM=37.13 MB
2026-03-18 08:41:57 | INFO | [ncluster=40/40] AUC-ROC=52.07%  AUC-PR=51.06%  F1=0.6759  MCC=0.1443  Train=0.452s  Test=4.105s  Peak RAM=37.125 MB
2026-03-18 08:41:57 | INFO | [ncluster=43/43] AUC-ROC=52.05%  AUC-PR=51.05%  F1=0.6759  MCC=0.1447  Train=0.474s  Test=5.556s  Peak RAM=37.126 MB
2026-03-18 08:41:57 | INFO | [ncluster=46/46] AUC-ROC=52.05%  AUC-PR=51.05%  F1=0.6759  MCC=0.1448  Train=0.410s  Test=5.665s  Peak RAM=37.129 MB
2026-03-18 08:41:57 | INFO | [ncluster=49/49] AUC-ROC=52.06%  AUC-PR=51.05%  F1=0.6759  MCC=0.1447  Train=0.624s  Test=7.138s  Peak RAM=37.127 MB
2026-03-18 08:41:57 | INFO | [ncluster=52/52] AUC-ROC=52.58%  AUC-PR=51.33%  F1=0.6783  MCC=0.1628  Train=0.547s  Test=5.729s  Peak RAM=37.13 MB
2026-03-18 08:41:57 | INFO | [ncluster=55/55] AUC-ROC=52.05%  AUC-PR=51.05%  F1=0.6759  MCC=0.1447  Train=0.630s  Test=6.509s  Peak RAM=37.132 MB
2026-03-18 08:41:57 | INFO | [ncluster=58/58] AUC-ROC=52.39%  AUC-PR=51.23%  F1=0.6775  MCC=0.1566  Train=0.635s  Test=6.726s  Peak RAM=37.124 MB
2026-03-18 08:41:57 | INFO | [ncluster=61/61] AUC-ROC=52.05%  AUC-PR=51.04%  F1=0.6759  MCC=0.1445  Train=0.851s  Test=5.505s  Peak RAM=37.128 MB
2026-03-18 08:41:57 | INFO | [ncluster=64/64] AUC-ROC=52.05%  AUC-PR=51.05%  F1=0.6759  MCC=0.1448  Train=0.595s  Test=5.996s  Peak RAM=37.13 MB
2026-03-18 08:41:57 | INFO | [ncluster=67/67] AUC-ROC=52.05%  AUC-PR=51.05%  F1=0.6759  MCC=0.1448  Train=0.610s  Test=5.151s  Peak RAM=37.128 MB
2026-03-18 08:41:57 | INFO | [ncluster=70/70] AUC-ROC=52.04%  AUC-PR=51.04%  F1=0.6759  MCC=0.1444  Train=0.808s  Test=5.052s  Peak RAM=37.132 MB
2026-03-18 08:41:57 | INFO | [ncluster=73/73] AUC-ROC=52.06%  AUC-PR=51.05%  F1=0.6759  MCC=0.1448  Train=0.352s  Test=3.232s  Peak RAM=37.121 MB
2026-03-18 08:41:57 | INFO | [ncluster=76/76] AUC-ROC=52.04%  AUC-PR=51.04%  F1=0.6759  MCC=0.1444  Train=0.309s  Test=3.035s  Peak RAM=37.123 MB
2026-03-18 08:41:57 | INFO | [ncluster=79/79] AUC-ROC=52.04%  AUC-PR=51.04%  F1=0.6759  MCC=0.1444  Train=0.209s  Test=3.177s  Peak RAM=37.127 MB
2026-03-18 08:41:57 | INFO | [ncluster=82/82] AUC-ROC=52.05%  AUC-PR=51.05%  F1=0.6759  MCC=0.1447  Train=0.484s  Test=4.185s  Peak RAM=37.124 MB
2026-03-18 08:41:57 | INFO | [ncluster=85/85] AUC-ROC=52.05%  AUC-PR=51.05%  F1=0.6759  MCC=0.1447  Train=0.414s  Test=5.350s  Peak RAM=37.125 MB
2026-03-18 08:41:57 | INFO | [ncluster=88/88] AUC-ROC=52.07%  AUC-PR=51.06%  F1=0.6760  MCC=0.1451  Train=0.508s  Test=5.250s  Peak RAM=37.121 MB
2026-03-18 08:41:57 | INFO | [ncluster=91/91] AUC-ROC=52.05%  AUC-PR=51.04%  F1=0.6759  MCC=0.1445  Train=0.349s  Test=4.362s  Peak RAM=37.126 MB
2026-03-18 08:41:57 | INFO | [ncluster=94/94] AUC-ROC=52.59%  AUC-PR=51.33%  F1=0.6784  MCC=0.1631  Train=0.632s  Test=3.974s  Peak RAM=37.13 MB
2026-03-18 08:41:57 | INFO | [ncluster=97/97] AUC-ROC=52.05%  AUC-PR=51.04%  F1=0.6759  MCC=0.1445  Train=0.546s  Test=4.583s  Peak RAM=37.125 MB
2026-03-18 08:41:57 | INFO | [ncluster=100/100] AUC-ROC=52.05%  AUC-PR=51.04%  F1=0.6759  MCC=0.1445  Train=0.404s  Test=3.610s  Peak RAM=37.126 MB
2026-03-18 08:41:57 | INFO | [ncluster=103/103] AUC-ROC=52.50%  AUC-PR=51.28%  F1=0.6780  MCC=0.1601  Train=0.474s  Test=4.476s  Peak RAM=37.124 MB
2026-03-18 08:41:57 | INFO | [ncluster=106/106] AUC-ROC=52.05%  AUC-PR=51.04%  F1=0.6759  MCC=0.1445  Train=0.367s  Test=3.794s  Peak RAM=37.128 MB
2026-03-18 08:41:57 | INFO | [ncluster=109/109] AUC-ROC=52.04%  AUC-PR=51.04%  F1=0.6759  MCC=0.1444  Train=0.208s  Test=4.241s  Peak RAM=37.127 MB
2026-03-18 08:41:57 | INFO | [ncluster=112/112] AUC-ROC=52.04%  AUC-PR=51.04%  F1=0.6759  MCC=0.1444  Train=0.221s  Test=2.782s  Peak RAM=37.131 MB
2026-03-18 08:41:57 | INFO | [ncluster=115/115] AUC-ROC=52.05%  AUC-PR=51.05%  F1=0.6759  MCC=0.1439  Train=0.213s  Test=3.196s  Peak RAM=37.128 MB
2026-03-18 08:41:57 | INFO | [ncluster=118/118] AUC-ROC=52.04%  AUC-PR=51.04%  F1=0.6759  MCC=0.1444  Train=0.217s  Test=3.568s  Peak RAM=37.129 MB
2026-03-18 08:41:57 | INFO | [ncluster=121/121] AUC-ROC=52.36%  AUC-PR=51.21%  F1=0.6773  MCC=0.1556  Train=0.331s  Test=4.173s  Peak RAM=37.13 MB
2026-03-18 08:41:57 | INFO | [ncluster=124/124] AUC-ROC=52.05%  AUC-PR=51.04%  F1=0.6759  MCC=0.1445  Train=0.344s  Test=3.824s  Peak RAM=37.129 MB
2026-03-18 08:41:57 | INFO | [ncluster=127/127] AUC-ROC=52.06%  AUC-PR=51.05%  F1=0.6759  MCC=0.1450  Train=0.273s  Test=4.520s  Peak RAM=37.133 MB
2026-03-18 08:41:57 | INFO | [ncluster=130/130] AUC-ROC=52.07%  AUC-PR=51.06%  F1=0.6760  MCC=0.1453  Train=0.487s  Test=3.658s  Peak RAM=37.132 MB
2026-03-18 08:41:57 | INFO | [ncluster=133/133] AUC-ROC=52.07%  AUC-PR=51.06%  F1=0.6759  MCC=0.1446  Train=0.362s  Test=4.152s  Peak RAM=37.13 MB
2026-03-18 08:41:57 | INFO | [ncluster=136/136] AUC-ROC=52.07%  AUC-PR=51.06%  F1=0.6760  MCC=0.1453  Train=0.250s  Test=3.348s  Peak RAM=37.131 MB
2026-03-18 08:41:57 | INFO | [ncluster=139/139] AUC-ROC=52.04%  AUC-PR=51.04%  F1=0.6759  MCC=0.1444  Train=0.402s  Test=3.767s  Peak RAM=37.132 MB
2026-03-18 08:41:57 | INFO | [ncluster=142/142] AUC-ROC=52.05%  AUC-PR=51.05%  F1=0.6759  MCC=0.1448  Train=0.453s  Test=4.079s  Peak RAM=37.131 MB
2026-03-18 08:41:57 | INFO | [ncluster=145/145] AUC-ROC=52.05%  AUC-PR=51.05%  F1=0.6758  MCC=0.1436  Train=0.348s  Test=3.845s  Peak RAM=37.132 MB
2026-03-18 08:41:57 | INFO | [ncluster=148/148] AUC-ROC=52.07%  AUC-PR=51.06%  F1=0.6760  MCC=0.1454  Train=0.319s  Test=3.429s  Peak RAM=37.136 MB
2026-03-18 08:41:57 | INFO | [ncluster=151/151] AUC-ROC=52.09%  AUC-PR=51.07%  F1=0.6761  MCC=0.1462  Train=0.271s  Test=3.031s  Peak RAM=37.136 MB
2026-03-18 08:41:57 | INFO | [ncluster=154/154] AUC-ROC=52.05%  AUC-PR=51.05%  F1=0.6759  MCC=0.1448  Train=0.305s  Test=3.672s  Peak RAM=37.136 MB
2026-03-18 08:41:57 | INFO | [ncluster=157/157] AUC-ROC=52.08%  AUC-PR=51.06%  F1=0.6760  MCC=0.1448  Train=0.294s  Test=3.544s  Peak RAM=37.136 MB
2026-03-18 08:41:57 | INFO | [ncluster=160/160] AUC-ROC=52.06%  AUC-PR=51.05%  F1=0.6759  MCC=0.1450  Train=0.390s  Test=3.240s  Peak RAM=37.135 MB
2026-03-18 08:41:57 | INFO | [ncluster=163/163] AUC-ROC=52.12%  AUC-PR=51.08%  F1=0.6762  MCC=0.1466  Train=0.198s  Test=3.876s  Peak RAM=37.136 MB
2026-03-18 08:41:57 | INFO | [ncluster=166/166] AUC-ROC=52.05%  AUC-PR=51.04%  F1=0.6759  MCC=0.1445  Train=0.420s  Test=3.969s  Peak RAM=37.137 MB
2026-03-18 08:41:57 | INFO | [ncluster=169/169] AUC-ROC=52.07%  AUC-PR=51.06%  F1=0.6760  MCC=0.1453  Train=0.415s  Test=3.620s  Peak RAM=37.136 MB
2026-03-18 08:41:57 | INFO | [ncluster=172/172] AUC-ROC=52.06%  AUC-PR=51.05%  F1=0.6759  MCC=0.1449  Train=0.338s  Test=3.656s  Peak RAM=37.139 MB
2026-03-18 08:41:57 | INFO | [ncluster=175/175] AUC-ROC=52.08%  AUC-PR=51.06%  F1=0.6760  MCC=0.1455  Train=0.362s  Test=3.542s  Peak RAM=37.138 MB
2026-03-18 08:41:57 | INFO | [ncluster=178/178] AUC-ROC=52.06%  AUC-PR=51.05%  F1=0.6759  MCC=0.1449  Train=0.281s  Test=3.788s  Peak RAM=37.139 MB
2026-03-18 08:41:57 | INFO | [ncluster=181/181] AUC-ROC=52.04%  AUC-PR=51.04%  F1=0.6759  MCC=0.1444  Train=0.514s  Test=3.502s  Peak RAM=37.138 MB
2026-03-18 08:41:57 | INFO | [ncluster=184/184] AUC-ROC=52.05%  AUC-PR=51.04%  F1=0.6759  MCC=0.1445  Train=0.309s  Test=3.735s  Peak RAM=37.14 MB
2026-03-18 08:41:57 | INFO | [ncluster=187/187] AUC-ROC=52.05%  AUC-PR=51.05%  F1=0.6759  MCC=0.1448  Train=0.250s  Test=2.765s  Peak RAM=37.14 MB
2026-03-18 08:41:57 | INFO | [ncluster=190/190] AUC-ROC=52.07%  AUC-PR=51.06%  F1=0.6760  MCC=0.1453  Train=0.275s  Test=3.210s  Peak RAM=37.141 MB
2026-03-18 08:41:57 | INFO | [ncluster=193/193] AUC-ROC=52.04%  AUC-PR=51.04%  F1=0.6759  MCC=0.1444  Train=0.445s  Test=3.644s  Peak RAM=37.143 MB
2026-03-18 08:41:57 | INFO | [ncluster=196/196] AUC-ROC=52.05%  AUC-PR=51.04%  F1=0.6759  MCC=0.1445  Train=0.279s  Test=3.255s  Peak RAM=37.141 MB
2026-03-18 08:41:57 | INFO | [ncluster=199/199] AUC-ROC=52.07%  AUC-PR=51.06%  F1=0.6760  MCC=0.1453  Train=0.304s  Test=4.171s  Peak RAM=37.143 MB
2026-03-18 08:41:57 | INFO | [ncluster=202/202] AUC-ROC=52.05%  AUC-PR=51.05%  F1=0.6759  MCC=0.1448  Train=0.249s  Test=3.809s  Peak RAM=37.144 MB
2026-03-18 08:41:57 | INFO | [ncluster=205/205] AUC-ROC=52.07%  AUC-PR=51.06%  F1=0.6760  MCC=0.1452  Train=0.281s  Test=3.987s  Peak RAM=37.142 MB
2026-03-18 08:41:57 | INFO | [ncluster=208/208] AUC-ROC=52.05%  AUC-PR=51.04%  F1=0.6759  MCC=0.1445  Train=0.275s  Test=3.588s  Peak RAM=37.145 MB
2026-03-18 08:41:57 | INFO | [ncluster=211/211] AUC-ROC=52.06%  AUC-PR=51.05%  F1=0.6759  MCC=0.1449  Train=0.409s  Test=3.734s  Peak RAM=37.145 MB
2026-03-18 08:41:57 | INFO | [ncluster=214/214] AUC-ROC=52.05%  AUC-PR=51.05%  F1=0.6759  MCC=0.1446  Train=0.294s  Test=3.119s  Peak RAM=37.145 MB
2026-03-18 08:41:57 | INFO | [ncluster=217/217] AUC-ROC=52.05%  AUC-PR=51.04%  F1=0.6759  MCC=0.1445  Train=0.370s  Test=3.096s  Peak RAM=37.145 MB
2026-03-18 08:41:57 | INFO | [ncluster=220/220] AUC-ROC=52.04%  AUC-PR=51.04%  F1=0.6759  MCC=0.1444  Train=0.305s  Test=2.879s  Peak RAM=37.145 MB
2026-03-18 08:41:57 | INFO | [ncluster=223/223] AUC-ROC=52.06%  AUC-PR=51.05%  F1=0.6759  MCC=0.1450  Train=0.243s  Test=3.398s  Peak RAM=37.147 MB
2026-03-18 08:41:57 | INFO | [ncluster=226/226] AUC-ROC=52.06%  AUC-PR=51.05%  F1=0.6759  MCC=0.1449  Train=0.378s  Test=3.216s  Peak RAM=37.148 MB
2026-03-18 08:41:57 | INFO | [ncluster=229/229] AUC-ROC=53.00%  AUC-PR=51.55%  F1=0.6803  MCC=0.1760  Train=0.334s  Test=3.329s  Peak RAM=37.15 MB
2026-03-18 08:41:57 | INFO | [ncluster=232/232] AUC-ROC=52.05%  AUC-PR=51.05%  F1=0.6759  MCC=0.1448  Train=0.248s  Test=2.915s  Peak RAM=37.149 MB
2026-03-18 08:41:57 | INFO | [ncluster=235/235] AUC-ROC=52.08%  AUC-PR=51.06%  F1=0.6760  MCC=0.1453  Train=0.278s  Test=3.562s  Peak RAM=37.153 MB
2026-03-18 08:41:57 | INFO | [ncluster=238/238] AUC-ROC=52.08%  AUC-PR=51.06%  F1=0.6760  MCC=0.1454  Train=0.344s  Test=4.216s  Peak RAM=37.148 MB
2026-03-18 08:41:57 | INFO | [ncluster=241/241] AUC-ROC=52.04%  AUC-PR=51.04%  F1=0.6759  MCC=0.1444  Train=0.335s  Test=3.484s  Peak RAM=37.154 MB
2026-03-18 08:41:57 | INFO | [ncluster=244/244] AUC-ROC=52.06%  AUC-PR=51.05%  F1=0.6759  MCC=0.1450  Train=0.339s  Test=3.457s  Peak RAM=37.15 MB
2026-03-18 08:41:57 | INFO | [ncluster=247/247] AUC-ROC=52.16%  AUC-PR=51.10%  F1=0.6764  MCC=0.1485  Train=0.359s  Test=4.049s  Peak RAM=37.153 MB
2026-03-18 08:41:57 | INFO | [ncluster=250/250] AUC-ROC=52.06%  AUC-PR=51.05%  F1=0.6760  MCC=0.1451  Train=0.339s  Test=4.212s  Peak RAM=37.15 MB
2026-03-18 08:41:57 | INFO | [ncluster=253/253] AUC-ROC=52.04%  AUC-PR=51.04%  F1=0.6759  MCC=0.1444  Train=0.445s  Test=3.690s  Peak RAM=37.152 MB
2026-03-18 08:41:57 | INFO | [ncluster=256/256] AUC-ROC=52.06%  AUC-PR=51.05%  F1=0.6759  MCC=0.1449  Train=0.337s  Test=4.434s  Peak RAM=37.152 MB
2026-03-18 08:41:57 | INFO | [ncluster=259/259] AUC-ROC=52.04%  AUC-PR=51.04%  F1=0.6759  MCC=0.1445  Train=0.337s  Test=3.565s  Peak RAM=37.154 MB
2026-03-18 08:41:57 | INFO | [ncluster=262/262] AUC-ROC=52.05%  AUC-PR=51.05%  F1=0.6759  MCC=0.1448  Train=0.177s  Test=3.192s  Peak RAM=37.154 MB
2026-03-18 08:41:57 | INFO | [ncluster=265/265] AUC-ROC=52.06%  AUC-PR=51.05%  F1=0.6759  MCC=0.1449  Train=0.259s  Test=3.466s  Peak RAM=37.154 MB
2026-03-18 08:41:57 | INFO | [ncluster=268/268] AUC-ROC=52.04%  AUC-PR=51.04%  F1=0.6759  MCC=0.1444  Train=0.370s  Test=3.385s  Peak RAM=37.155 MB
2026-03-18 08:41:57 | INFO | [ncluster=271/271] AUC-ROC=52.06%  AUC-PR=51.05%  F1=0.6759  MCC=0.1449  Train=0.210s  Test=3.124s  Peak RAM=37.156 MB
2026-03-18 08:41:57 | INFO | [ncluster=274/274] AUC-ROC=52.42%  AUC-PR=51.24%  F1=0.6776  MCC=0.1574  Train=0.340s  Test=2.788s  Peak RAM=37.155 MB
2026-03-18 08:41:57 | INFO | [ncluster=277/277] AUC-ROC=52.05%  AUC-PR=51.05%  F1=0.6759  MCC=0.1439  Train=0.315s  Test=3.331s  Peak RAM=37.158 MB
2026-03-18 08:41:57 | INFO | [ncluster=280/280] AUC-ROC=52.06%  AUC-PR=51.05%  F1=0.6759  MCC=0.1447  Train=0.126s  Test=2.287s  Peak RAM=37.159 MB
2026-03-18 08:41:57 | INFO | [ncluster=283/283] AUC-ROC=52.04%  AUC-PR=51.04%  F1=0.6759  MCC=0.1444  Train=0.228s  Test=2.287s  Peak RAM=37.159 MB
2026-03-18 08:41:57 | INFO | [ncluster=286/286] AUC-ROC=52.59%  AUC-PR=51.33%  F1=0.6784  MCC=0.1632  Train=0.223s  Test=2.257s  Peak RAM=37.158 MB
2026-03-18 08:41:57 | INFO | [ncluster=289/289] AUC-ROC=52.06%  AUC-PR=51.05%  F1=0.6759  MCC=0.1449  Train=0.233s  Test=2.397s  Peak RAM=37.159 MB
2026-03-18 08:41:57 | INFO | [ncluster=292/292] AUC-ROC=52.05%  AUC-PR=51.05%  F1=0.6759  MCC=0.1439  Train=0.103s  Test=1.919s  Peak RAM=37.16 MB
2026-03-18 08:41:57 | INFO | [ncluster=295/295] AUC-ROC=52.05%  AUC-PR=51.04%  F1=0.6759  MCC=0.1445  Train=0.129s  Test=2.032s  Peak RAM=37.161 MB
2026-03-18 08:41:57 | INFO | [ncluster=298/298] AUC-ROC=52.05%  AUC-PR=51.04%  F1=0.6759  MCC=0.1445  Train=0.155s  Test=1.728s  Peak RAM=37.161 MB
2026-03-18 08:41:57 | INFO | --- noise=1% ---
2026-03-18 08:41:57 | INFO | ============================================================
2026-03-18 08:41:57 | INFO | Dataset  : Train_StandardScaler_data_CICIoT2023.csv
2026-03-18 08:41:57 | INFO | Scaler   : StandardScaler
2026-03-18 08:41:57 | INFO | Noise    : 1%
2026-03-18 08:41:57 | INFO | nClusters: 100 values (1..298)
2026-03-18 08:41:57 | INFO | ============================================================
2026-03-18 08:41:57 | INFO | Loaded Raw Shape -> Train: (30000, 45), Test: (30000, 45)
2026-03-18 08:41:57 | INFO | Training size : 30,300  |  Testing size: 29,700  |  Features: 44
2026-03-18 08:41:57 | INFO | Firing up Parallel execution for 100 cluster configs...
2026-03-18 08:46:14 | INFO | [ncluster=1/1] AUC-ROC=81.49%  AUC-PR=73.18%  F1=0.8437  MCC=0.6677  Train=0.300s  Test=8.643s  Peak RAM=37.475 MB
2026-03-18 08:46:14 | INFO | [ncluster=4/4] AUC-ROC=50.00%  AUC-PR=50.51%  F1=0.0000  MCC=0.0000  Train=0.558s  Test=8.997s  Peak RAM=37.478 MB
2026-03-18 08:46:14 | INFO | [ncluster=7/7] AUC-ROC=50.00%  AUC-PR=50.51%  F1=0.0000  MCC=0.0000  Train=0.345s  Test=6.782s  Peak RAM=37.479 MB
2026-03-18 08:46:14 | INFO | [ncluster=10/10] AUC-ROC=50.01%  AUC-PR=50.51%  F1=0.6712  MCC=0.0083  Train=0.494s  Test=8.745s  Peak RAM=37.48 MB
2026-03-18 08:46:14 | INFO | [ncluster=13/13] AUC-ROC=50.00%  AUC-PR=50.51%  F1=0.0000  MCC=0.0000  Train=0.571s  Test=9.491s  Peak RAM=37.478 MB
2026-03-18 08:46:14 | INFO | [ncluster=16/16] AUC-ROC=50.02%  AUC-PR=50.52%  F1=0.6712  MCC=0.0112  Train=0.707s  Test=9.722s  Peak RAM=37.481 MB
2026-03-18 08:46:14 | INFO | [ncluster=19/19] AUC-ROC=50.01%  AUC-PR=50.51%  F1=0.6712  MCC=0.0102  Train=0.615s  Test=10.117s  Peak RAM=37.481 MB
2026-03-18 08:46:14 | INFO | [ncluster=22/22] AUC-ROC=50.02%  AUC-PR=50.52%  F1=0.6712  MCC=0.0144  Train=1.027s  Test=8.194s  Peak RAM=37.481 MB
2026-03-18 08:46:14 | INFO | [ncluster=25/25] AUC-ROC=50.02%  AUC-PR=50.51%  F1=0.6712  MCC=0.0131  Train=0.715s  Test=7.451s  Peak RAM=37.482 MB
2026-03-18 08:46:14 | INFO | [ncluster=28/28] AUC-ROC=50.01%  AUC-PR=50.51%  F1=0.6712  MCC=0.0102  Train=0.566s  Test=7.617s  Peak RAM=37.483 MB
2026-03-18 08:46:14 | INFO | [ncluster=31/31] AUC-ROC=50.01%  AUC-PR=50.51%  F1=0.6712  MCC=0.0083  Train=1.009s  Test=6.964s  Peak RAM=37.486 MB
2026-03-18 08:46:14 | INFO | [ncluster=34/34] AUC-ROC=50.23%  AUC-PR=50.62%  F1=0.6722  MCC=0.0484  Train=1.030s  Test=6.772s  Peak RAM=37.484 MB
2026-03-18 08:46:14 | INFO | [ncluster=37/37] AUC-ROC=50.04%  AUC-PR=50.53%  F1=0.6713  MCC=0.0211  Train=0.224s  Test=5.214s  Peak RAM=37.485 MB
2026-03-18 08:46:14 | INFO | [ncluster=40/40] AUC-ROC=50.01%  AUC-PR=50.51%  F1=0.6712  MCC=0.0083  Train=0.439s  Test=6.240s  Peak RAM=37.485 MB
2026-03-18 08:46:14 | INFO | [ncluster=43/43] AUC-ROC=50.01%  AUC-PR=50.51%  F1=0.6711  MCC=0.0039  Train=0.406s  Test=5.223s  Peak RAM=37.486 MB
2026-03-18 08:46:14 | INFO | [ncluster=46/46] AUC-ROC=50.01%  AUC-PR=50.51%  F1=0.6712  MCC=0.0083  Train=0.645s  Test=5.519s  Peak RAM=37.486 MB
2026-03-18 08:46:14 | INFO | [ncluster=49/49] AUC-ROC=50.00%  AUC-PR=50.51%  F1=0.0000  MCC=0.0000  Train=0.754s  Test=4.985s  Peak RAM=37.486 MB
2026-03-18 08:46:14 | INFO | [ncluster=52/52] AUC-ROC=50.00%  AUC-PR=50.50%  F1=0.0000  MCC=0.0000  Train=0.361s  Test=4.528s  Peak RAM=37.487 MB
2026-03-18 08:46:14 | INFO | [ncluster=55/55] AUC-ROC=50.01%  AUC-PR=50.51%  F1=0.6712  MCC=0.0083  Train=0.590s  Test=5.483s  Peak RAM=37.488 MB
2026-03-18 08:46:14 | INFO | [ncluster=58/58] AUC-ROC=50.02%  AUC-PR=50.51%  F1=0.6712  MCC=0.0131  Train=0.689s  Test=6.207s  Peak RAM=37.489 MB
2026-03-18 08:46:14 | INFO | [ncluster=61/61] AUC-ROC=50.00%  AUC-PR=50.51%  F1=0.0000  MCC=0.0000  Train=0.608s  Test=5.698s  Peak RAM=37.486 MB
2026-03-18 08:46:14 | INFO | [ncluster=64/64] AUC-ROC=50.01%  AUC-PR=50.51%  F1=0.6712  MCC=0.0079  Train=0.486s  Test=6.067s  Peak RAM=37.489 MB
2026-03-18 08:46:14 | INFO | [ncluster=67/67] AUC-ROC=50.00%  AUC-PR=50.51%  F1=0.6712  MCC=0.0059  Train=0.665s  Test=4.579s  Peak RAM=37.489 MB
2026-03-18 08:46:14 | INFO | [ncluster=70/70] AUC-ROC=50.00%  AUC-PR=50.51%  F1=0.0000  MCC=0.0000  Train=0.786s  Test=6.410s  Peak RAM=37.489 MB
2026-03-18 08:46:14 | INFO | [ncluster=73/73] AUC-ROC=50.04%  AUC-PR=50.53%  F1=0.6713  MCC=0.0203  Train=0.700s  Test=5.137s  Peak RAM=37.491 MB
2026-03-18 08:46:14 | INFO | [ncluster=76/76] AUC-ROC=50.01%  AUC-PR=50.51%  F1=0.6712  MCC=0.0083  Train=0.655s  Test=4.785s  Peak RAM=37.49 MB
2026-03-18 08:46:14 | INFO | [ncluster=79/79] AUC-ROC=50.01%  AUC-PR=50.51%  F1=0.6712  MCC=0.0083  Train=0.184s  Test=3.164s  Peak RAM=37.491 MB
2026-03-18 08:46:14 | INFO | [ncluster=82/82] AUC-ROC=50.01%  AUC-PR=50.51%  F1=0.6712  MCC=0.0083  Train=0.432s  Test=4.007s  Peak RAM=37.492 MB
2026-03-18 08:46:14 | INFO | [ncluster=85/85] AUC-ROC=50.01%  AUC-PR=50.51%  F1=0.6712  MCC=0.0083  Train=0.612s  Test=7.486s  Peak RAM=37.493 MB
2026-03-18 08:46:14 | INFO | [ncluster=88/88] AUC-ROC=50.01%  AUC-PR=50.51%  F1=0.6712  MCC=0.0083  Train=0.299s  Test=4.837s  Peak RAM=37.492 MB
2026-03-18 08:46:14 | INFO | [ncluster=91/91] AUC-ROC=50.02%  AUC-PR=50.52%  F1=0.6712  MCC=0.0144  Train=0.343s  Test=5.563s  Peak RAM=37.493 MB
2026-03-18 08:46:14 | INFO | [ncluster=94/94] AUC-ROC=50.01%  AUC-PR=50.51%  F1=0.6712  MCC=0.0102  Train=0.506s  Test=5.014s  Peak RAM=37.493 MB
2026-03-18 08:46:14 | INFO | [ncluster=97/97] AUC-ROC=50.20%  AUC-PR=50.61%  F1=0.6720  MCC=0.0443  Train=0.453s  Test=5.775s  Peak RAM=37.495 MB
2026-03-18 08:46:14 | INFO | [ncluster=100/100] AUC-ROC=50.01%  AUC-PR=50.51%  F1=0.6712  MCC=0.0083  Train=0.541s  Test=4.940s  Peak RAM=37.496 MB
2026-03-18 08:46:14 | INFO | [ncluster=103/103] AUC-ROC=50.00%  AUC-PR=50.51%  F1=0.0000  MCC=0.0000  Train=0.241s  Test=3.608s  Peak RAM=37.496 MB
2026-03-18 08:46:14 | INFO | [ncluster=106/106] AUC-ROC=50.01%  AUC-PR=50.51%  F1=0.6712  MCC=0.0102  Train=0.468s  Test=4.530s  Peak RAM=37.496 MB
2026-03-18 08:46:14 | INFO | [ncluster=109/109] AUC-ROC=50.01%  AUC-PR=50.51%  F1=0.6712  MCC=0.0102  Train=0.313s  Test=3.589s  Peak RAM=37.497 MB
2026-03-18 08:46:14 | INFO | [ncluster=112/112] AUC-ROC=50.00%  AUC-PR=50.51%  F1=0.0000  MCC=0.0000  Train=0.158s  Test=3.338s  Peak RAM=37.499 MB
2026-03-18 08:46:14 | INFO | [ncluster=115/115] AUC-ROC=50.01%  AUC-PR=50.51%  F1=0.6712  MCC=0.0102  Train=0.404s  Test=4.170s  Peak RAM=37.498 MB
2026-03-18 08:46:14 | INFO | [ncluster=118/118] AUC-ROC=50.01%  AUC-PR=50.51%  F1=0.6712  MCC=0.0083  Train=0.546s  Test=3.865s  Peak RAM=37.498 MB
2026-03-18 08:46:14 | INFO | [ncluster=121/121] AUC-ROC=50.51%  AUC-PR=50.76%  F1=0.6734  MCC=0.0717  Train=0.413s  Test=4.740s  Peak RAM=37.498 MB
2026-03-18 08:46:14 | INFO | [ncluster=124/124] AUC-ROC=50.03%  AUC-PR=50.52%  F1=0.6713  MCC=0.0185  Train=0.575s  Test=5.302s  Peak RAM=37.501 MB
2026-03-18 08:46:14 | INFO | [ncluster=127/127] AUC-ROC=50.00%  AUC-PR=50.51%  F1=0.6712  MCC=0.0083  Train=0.281s  Test=3.746s  Peak RAM=37.499 MB
2026-03-18 08:46:14 | INFO | [ncluster=130/130] AUC-ROC=50.00%  AUC-PR=50.51%  F1=0.6711  MCC=0.0035  Train=0.396s  Test=5.173s  Peak RAM=37.5 MB
2026-03-18 08:46:14 | INFO | [ncluster=133/133] AUC-ROC=50.00%  AUC-PR=50.51%  F1=0.6712  MCC=0.0059  Train=0.887s  Test=6.232s  Peak RAM=37.501 MB
2026-03-18 08:46:14 | INFO | [ncluster=136/136] AUC-ROC=50.01%  AUC-PR=50.51%  F1=0.6712  MCC=0.0117  Train=0.427s  Test=4.805s  Peak RAM=37.502 MB
2026-03-18 08:46:14 | INFO | [ncluster=139/139] AUC-ROC=50.01%  AUC-PR=50.51%  F1=0.6712  MCC=0.0117  Train=0.315s  Test=3.460s  Peak RAM=37.502 MB
2026-03-18 08:46:14 | INFO | [ncluster=142/142] AUC-ROC=50.02%  AUC-PR=50.52%  F1=0.6712  MCC=0.0155  Train=0.244s  Test=4.180s  Peak RAM=37.504 MB
2026-03-18 08:46:14 | INFO | [ncluster=145/145] AUC-ROC=50.00%  AUC-PR=50.51%  F1=0.0000  MCC=0.0000  Train=0.368s  Test=3.738s  Peak RAM=37.503 MB
2026-03-18 08:46:14 | INFO | [ncluster=148/148] AUC-ROC=50.01%  AUC-PR=50.51%  F1=0.6712  MCC=0.0102  Train=0.219s  Test=3.051s  Peak RAM=37.505 MB
2026-03-18 08:46:14 | INFO | [ncluster=151/151] AUC-ROC=50.00%  AUC-PR=50.51%  F1=0.6712  MCC=0.0059  Train=0.283s  Test=4.311s  Peak RAM=37.505 MB
2026-03-18 08:46:14 | INFO | [ncluster=154/154] AUC-ROC=50.02%  AUC-PR=50.51%  F1=0.6712  MCC=0.0131  Train=0.399s  Test=4.076s  Peak RAM=37.505 MB
2026-03-18 08:46:14 | INFO | [ncluster=157/157] AUC-ROC=50.00%  AUC-PR=50.51%  F1=0.6712  MCC=0.0059  Train=0.366s  Test=4.979s  Peak RAM=37.506 MB
2026-03-18 08:46:14 | INFO | [ncluster=160/160] AUC-ROC=50.00%  AUC-PR=50.51%  F1=0.6712  MCC=0.0059  Train=0.360s  Test=5.644s  Peak RAM=37.505 MB
2026-03-18 08:46:14 | INFO | [ncluster=163/163] AUC-ROC=50.01%  AUC-PR=50.51%  F1=0.6712  MCC=0.0117  Train=0.625s  Test=3.877s  Peak RAM=37.507 MB
2026-03-18 08:46:14 | INFO | [ncluster=166/166] AUC-ROC=50.51%  AUC-PR=50.76%  F1=0.6734  MCC=0.0720  Train=0.404s  Test=4.870s  Peak RAM=37.508 MB
2026-03-18 08:46:14 | INFO | [ncluster=169/169] AUC-ROC=50.01%  AUC-PR=50.51%  F1=0.6712  MCC=0.0102  Train=0.574s  Test=5.551s  Peak RAM=37.508 MB
2026-03-18 08:46:14 | INFO | [ncluster=172/172] AUC-ROC=50.15%  AUC-PR=50.58%  F1=0.6718  MCC=0.0393  Train=0.687s  Test=4.879s  Peak RAM=37.507 MB
2026-03-18 08:46:14 | INFO | [ncluster=175/175] AUC-ROC=50.03%  AUC-PR=50.52%  F1=0.6712  MCC=0.0149  Train=0.299s  Test=6.536s  Peak RAM=37.508 MB
2026-03-18 08:46:14 | INFO | [ncluster=178/178] AUC-ROC=50.01%  AUC-PR=50.51%  F1=0.6712  MCC=0.0083  Train=0.489s  Test=4.209s  Peak RAM=37.51 MB
2026-03-18 08:46:14 | INFO | [ncluster=181/181] AUC-ROC=50.01%  AUC-PR=50.51%  F1=0.6712  MCC=0.0083  Train=0.291s  Test=3.387s  Peak RAM=37.512 MB
2026-03-18 08:46:14 | INFO | [ncluster=184/184] AUC-ROC=50.02%  AUC-PR=50.52%  F1=0.6712  MCC=0.0155  Train=0.484s  Test=3.767s  Peak RAM=37.513 MB
2026-03-18 08:46:14 | INFO | [ncluster=187/187] AUC-ROC=51.10%  AUC-PR=51.06%  F1=0.6760  MCC=0.1059  Train=0.625s  Test=4.146s  Peak RAM=37.511 MB
2026-03-18 08:46:14 | INFO | [ncluster=190/190] AUC-ROC=50.00%  AUC-PR=50.51%  F1=0.6712  MCC=0.0059  Train=0.406s  Test=3.598s  Peak RAM=37.512 MB
2026-03-18 08:46:14 | INFO | [ncluster=193/193] AUC-ROC=50.03%  AUC-PR=50.52%  F1=0.6713  MCC=0.0185  Train=0.185s  Test=3.985s  Peak RAM=37.513 MB
2026-03-18 08:46:14 | INFO | [ncluster=196/196] AUC-ROC=50.01%  AUC-PR=50.51%  F1=0.6712  MCC=0.0117  Train=0.515s  Test=5.539s  Peak RAM=37.512 MB
2026-03-18 08:46:14 | INFO | [ncluster=199/199] AUC-ROC=50.00%  AUC-PR=50.51%  F1=0.0000  MCC=0.0000  Train=0.583s  Test=5.310s  Peak RAM=37.514 MB
2026-03-18 08:46:14 | INFO | [ncluster=202/202] AUC-ROC=50.64%  AUC-PR=50.83%  F1=0.6740  MCC=0.0806  Train=0.234s  Test=3.985s  Peak RAM=37.514 MB
2026-03-18 08:46:14 | INFO | [ncluster=205/205] AUC-ROC=50.01%  AUC-PR=50.51%  F1=0.6712  MCC=0.0083  Train=0.456s  Test=4.909s  Peak RAM=37.515 MB
2026-03-18 08:46:14 | INFO | [ncluster=208/208] AUC-ROC=50.00%  AUC-PR=50.51%  F1=0.6712  MCC=0.0059  Train=0.319s  Test=3.519s  Peak RAM=37.516 MB
2026-03-18 08:46:14 | INFO | [ncluster=211/211] AUC-ROC=50.01%  AUC-PR=50.51%  F1=0.6712  MCC=0.0117  Train=0.604s  Test=5.267s  Peak RAM=37.518 MB
2026-03-18 08:46:14 | INFO | [ncluster=214/214] AUC-ROC=50.01%  AUC-PR=50.51%  F1=0.6712  MCC=0.0117  Train=0.315s  Test=3.912s  Peak RAM=37.515 MB
2026-03-18 08:46:14 | INFO | [ncluster=217/217] AUC-ROC=50.01%  AUC-PR=50.51%  F1=0.6712  MCC=0.0083  Train=0.506s  Test=3.644s  Peak RAM=37.517 MB
2026-03-18 08:46:14 | INFO | [ncluster=220/220] AUC-ROC=50.01%  AUC-PR=50.51%  F1=0.6712  MCC=0.0117  Train=0.414s  Test=4.182s  Peak RAM=37.517 MB
2026-03-18 08:46:14 | INFO | [ncluster=223/223] AUC-ROC=50.01%  AUC-PR=50.51%  F1=0.6712  MCC=0.0083  Train=0.421s  Test=4.407s  Peak RAM=37.517 MB
2026-03-18 08:46:14 | INFO | [ncluster=226/226] AUC-ROC=50.01%  AUC-PR=50.51%  F1=0.6712  MCC=0.0102  Train=0.237s  Test=3.624s  Peak RAM=37.518 MB
2026-03-18 08:46:14 | INFO | [ncluster=229/229] AUC-ROC=50.00%  AUC-PR=50.51%  F1=0.6712  MCC=0.0059  Train=0.348s  Test=3.544s  Peak RAM=37.517 MB
2026-03-18 08:46:14 | INFO | [ncluster=232/232] AUC-ROC=50.00%  AUC-PR=50.51%  F1=0.6712  MCC=0.0059  Train=0.403s  Test=3.503s  Peak RAM=37.518 MB
2026-03-18 08:46:14 | INFO | [ncluster=235/235] AUC-ROC=50.01%  AUC-PR=50.51%  F1=0.6712  MCC=0.0117  Train=0.407s  Test=4.615s  Peak RAM=37.52 MB
2026-03-18 08:46:14 | INFO | [ncluster=238/238] AUC-ROC=50.00%  AUC-PR=50.51%  F1=0.6712  MCC=0.0059  Train=0.249s  Test=4.775s  Peak RAM=37.522 MB
2026-03-18 08:46:14 | INFO | [ncluster=241/241] AUC-ROC=50.02%  AUC-PR=50.51%  F1=0.6712  MCC=0.0131  Train=0.325s  Test=5.029s  Peak RAM=37.522 MB
2026-03-18 08:46:14 | INFO | [ncluster=244/244] AUC-ROC=50.01%  AUC-PR=50.51%  F1=0.6712  MCC=0.0117  Train=0.393s  Test=5.102s  Peak RAM=37.522 MB
2026-03-18 08:46:14 | INFO | [ncluster=247/247] AUC-ROC=50.01%  AUC-PR=50.51%  F1=0.6712  MCC=0.0117  Train=0.542s  Test=4.140s  Peak RAM=37.526 MB
2026-03-18 08:46:14 | INFO | [ncluster=250/250] AUC-ROC=50.01%  AUC-PR=50.51%  F1=0.6712  MCC=0.0083  Train=0.619s  Test=5.731s  Peak RAM=37.521 MB
2026-03-18 08:46:14 | INFO | [ncluster=253/253] AUC-ROC=50.02%  AUC-PR=50.51%  F1=0.6712  MCC=0.0131  Train=0.466s  Test=4.033s  Peak RAM=37.522 MB
2026-03-18 08:46:14 | INFO | [ncluster=256/256] AUC-ROC=50.00%  AUC-PR=50.51%  F1=0.6712  MCC=0.0059  Train=0.245s  Test=3.511s  Peak RAM=37.525 MB
2026-03-18 08:46:14 | INFO | [ncluster=259/259] AUC-ROC=50.01%  AUC-PR=50.51%  F1=0.6712  MCC=0.0117  Train=0.322s  Test=2.955s  Peak RAM=37.525 MB
2026-03-18 08:46:14 | INFO | [ncluster=262/262] AUC-ROC=50.00%  AUC-PR=50.51%  F1=0.6712  MCC=0.0059  Train=0.279s  Test=3.282s  Peak RAM=37.525 MB
2026-03-18 08:46:14 | INFO | [ncluster=265/265] AUC-ROC=50.00%  AUC-PR=50.51%  F1=0.6712  MCC=0.0059  Train=0.400s  Test=3.807s  Peak RAM=37.525 MB
2026-03-18 08:46:14 | INFO | [ncluster=268/268] AUC-ROC=50.01%  AUC-PR=50.51%  F1=0.6712  MCC=0.0117  Train=0.385s  Test=3.255s  Peak RAM=37.525 MB
2026-03-18 08:46:14 | INFO | [ncluster=271/271] AUC-ROC=50.03%  AUC-PR=50.52%  F1=0.6713  MCC=0.0157  Train=0.357s  Test=3.440s  Peak RAM=37.527 MB
2026-03-18 08:46:14 | INFO | [ncluster=274/274] AUC-ROC=51.10%  AUC-PR=51.06%  F1=0.6760  MCC=0.1059  Train=0.350s  Test=2.895s  Peak RAM=37.525 MB
2026-03-18 08:46:14 | INFO | [ncluster=277/277] AUC-ROC=50.00%  AUC-PR=50.51%  F1=0.0000  MCC=0.0000  Train=0.209s  Test=3.316s  Peak RAM=37.528 MB
2026-03-18 08:46:14 | INFO | [ncluster=280/280] AUC-ROC=50.01%  AUC-PR=50.51%  F1=0.6712  MCC=0.0102  Train=0.174s  Test=3.182s  Peak RAM=37.527 MB
2026-03-18 08:46:14 | INFO | [ncluster=283/283] AUC-ROC=50.00%  AUC-PR=50.51%  F1=0.0000  MCC=0.0000  Train=0.352s  Test=3.277s  Peak RAM=37.528 MB
2026-03-18 08:46:14 | INFO | [ncluster=286/286] AUC-ROC=50.45%  AUC-PR=50.73%  F1=0.6731  MCC=0.0675  Train=0.213s  Test=3.260s  Peak RAM=37.529 MB
2026-03-18 08:46:14 | INFO | [ncluster=289/289] AUC-ROC=50.01%  AUC-PR=50.51%  F1=0.6712  MCC=0.0102  Train=0.351s  Test=2.126s  Peak RAM=37.529 MB
2026-03-18 08:46:14 | INFO | [ncluster=292/292] AUC-ROC=50.01%  AUC-PR=50.51%  F1=0.6712  MCC=0.0117  Train=0.123s  Test=1.728s  Peak RAM=37.529 MB
2026-03-18 08:46:14 | INFO | [ncluster=295/295] AUC-ROC=50.00%  AUC-PR=50.51%  F1=0.0000  MCC=0.0000  Train=0.103s  Test=1.477s  Peak RAM=37.529 MB
2026-03-18 08:46:14 | INFO | [ncluster=298/298] AUC-ROC=50.02%  AUC-PR=50.51%  F1=0.6712  MCC=0.0111  Train=0.096s  Test=1.426s  Peak RAM=37.53 MB
2026-03-18 08:46:14 | INFO | --- noise=3% ---
2026-03-18 08:46:14 | INFO | ============================================================
2026-03-18 08:46:14 | INFO | Dataset  : Train_StandardScaler_data_CICIoT2023.csv
2026-03-18 08:46:14 | INFO | Scaler   : StandardScaler
2026-03-18 08:46:14 | INFO | Noise    : 3%
2026-03-18 08:46:14 | INFO | nClusters: 100 values (1..298)
2026-03-18 08:46:14 | INFO | ============================================================
2026-03-18 08:46:14 | INFO | Loaded Raw Shape -> Train: (30000, 45), Test: (30000, 45)
2026-03-18 08:46:14 | INFO | Training size : 30,900  |  Testing size: 29,100  |  Features: 44
2026-03-18 08:46:14 | INFO | Firing up Parallel execution for 100 cluster configs...
2026-03-18 08:50:13 | INFO | [ncluster=1/1] AUC-ROC=89.29%  AUC-PR=85.07%  F1=0.8527  MCC=0.6803  Train=0.290s  Test=8.192s  Peak RAM=38.217 MB
2026-03-18 08:50:13 | INFO | [ncluster=4/4] AUC-ROC=50.00%  AUC-PR=51.55%  F1=0.0000  MCC=0.0000  Train=0.477s  Test=8.260s  Peak RAM=38.218 MB
2026-03-18 08:50:13 | INFO | [ncluster=7/7] AUC-ROC=50.00%  AUC-PR=51.55%  F1=0.0000  MCC=0.0000  Train=0.601s  Test=9.046s  Peak RAM=38.22 MB
2026-03-18 08:50:13 | INFO | [ncluster=10/10] AUC-ROC=50.00%  AUC-PR=51.55%  F1=0.0000  MCC=0.0000  Train=0.609s  Test=9.287s  Peak RAM=38.22 MB
2026-03-18 08:50:13 | INFO | [ncluster=13/13] AUC-ROC=50.00%  AUC-PR=51.55%  F1=0.6803  MCC=0.0060  Train=0.902s  Test=9.639s  Peak RAM=38.221 MB
2026-03-18 08:50:13 | INFO | [ncluster=16/16] AUC-ROC=50.00%  AUC-PR=51.55%  F1=0.0000  MCC=0.0000  Train=0.535s  Test=10.262s  Peak RAM=38.223 MB
2026-03-18 08:50:13 | INFO | [ncluster=19/19] AUC-ROC=50.00%  AUC-PR=51.55%  F1=0.6803  MCC=0.0060  Train=0.743s  Test=10.179s  Peak RAM=38.222 MB
2026-03-18 08:50:13 | INFO | [ncluster=22/22] AUC-ROC=50.00%  AUC-PR=51.55%  F1=0.0000  MCC=0.0000  Train=1.537s  Test=8.672s  Peak RAM=38.223 MB
2026-03-18 08:50:13 | INFO | [ncluster=25/25] AUC-ROC=50.00%  AUC-PR=51.55%  F1=0.0000  MCC=0.0000  Train=0.717s  Test=9.636s  Peak RAM=38.223 MB
2026-03-18 08:50:13 | INFO | [ncluster=28/28] AUC-ROC=50.00%  AUC-PR=51.55%  F1=0.0000  MCC=0.0000  Train=1.706s  Test=7.859s  Peak RAM=38.224 MB
2026-03-18 08:50:13 | INFO | [ncluster=31/31] AUC-ROC=50.00%  AUC-PR=51.55%  F1=0.0000  MCC=0.0000  Train=1.142s  Test=9.390s  Peak RAM=38.223 MB
2026-03-18 08:50:13 | INFO | [ncluster=34/34] AUC-ROC=50.01%  AUC-PR=51.55%  F1=0.6803  MCC=0.0086  Train=1.043s  Test=8.853s  Peak RAM=38.225 MB
2026-03-18 08:50:13 | INFO | [ncluster=37/37] AUC-ROC=50.02%  AUC-PR=51.56%  F1=0.6803  MCC=0.0135  Train=0.201s  Test=4.283s  Peak RAM=38.225 MB
2026-03-18 08:50:13 | INFO | [ncluster=40/40] AUC-ROC=50.03%  AUC-PR=51.56%  F1=0.6804  MCC=0.0153  Train=0.420s  Test=5.733s  Peak RAM=38.225 MB
2026-03-18 08:50:13 | INFO | [ncluster=43/43] AUC-ROC=50.00%  AUC-PR=51.55%  F1=0.6803  MCC=0.0060  Train=0.572s  Test=5.978s  Peak RAM=38.227 MB
2026-03-18 08:50:13 | INFO | [ncluster=46/46] AUC-ROC=50.00%  AUC-PR=51.55%  F1=0.6803  MCC=0.0121  Train=0.614s  Test=6.101s  Peak RAM=38.227 MB
2026-03-18 08:50:13 | INFO | [ncluster=49/49] AUC-ROC=50.00%  AUC-PR=51.55%  F1=0.0000  MCC=0.0000  Train=0.625s  Test=5.838s  Peak RAM=38.228 MB
2026-03-18 08:50:13 | INFO | [ncluster=52/52] AUC-ROC=50.01%  AUC-PR=51.55%  F1=0.6803  MCC=0.0105  Train=0.498s  Test=6.177s  Peak RAM=38.228 MB
2026-03-18 08:50:13 | INFO | [ncluster=55/55] AUC-ROC=50.01%  AUC-PR=51.55%  F1=0.6803  MCC=0.0086  Train=0.593s  Test=7.049s  Peak RAM=38.228 MB
2026-03-18 08:50:13 | INFO | [ncluster=58/58] AUC-ROC=50.01%  AUC-PR=51.55%  F1=0.6803  MCC=0.0121  Train=0.523s  Test=7.281s  Peak RAM=38.23 MB
2026-03-18 08:50:13 | INFO | [ncluster=61/61] AUC-ROC=50.00%  AUC-PR=51.55%  F1=0.6803  MCC=0.0037  Train=0.660s  Test=5.532s  Peak RAM=38.23 MB
2026-03-18 08:50:13 | INFO | [ncluster=64/64] AUC-ROC=50.00%  AUC-PR=51.55%  F1=0.0000  MCC=0.0000  Train=0.844s  Test=6.507s  Peak RAM=38.23 MB
2026-03-18 08:50:13 | INFO | [ncluster=67/67] AUC-ROC=50.00%  AUC-PR=51.55%  F1=0.0000  MCC=0.0000  Train=0.911s  Test=6.236s  Peak RAM=38.231 MB
2026-03-18 08:50:13 | INFO | [ncluster=70/70] AUC-ROC=50.00%  AUC-PR=51.55%  F1=0.6803  MCC=0.0060  Train=0.863s  Test=6.184s  Peak RAM=38.232 MB
2026-03-18 08:50:13 | INFO | [ncluster=73/73] AUC-ROC=50.00%  AUC-PR=51.55%  F1=0.0000  MCC=0.0000  Train=0.250s  Test=4.630s  Peak RAM=38.232 MB
2026-03-18 08:50:13 | INFO | [ncluster=76/76] AUC-ROC=50.01%  AUC-PR=51.55%  F1=0.6802  MCC=0.0043  Train=0.289s  Test=4.967s  Peak RAM=38.233 MB
2026-03-18 08:50:13 | INFO | [ncluster=79/79] AUC-ROC=50.02%  AUC-PR=51.56%  F1=0.6803  MCC=0.0117  Train=0.333s  Test=5.439s  Peak RAM=38.23 MB
2026-03-18 08:50:13 | INFO | [ncluster=82/82] AUC-ROC=50.00%  AUC-PR=51.55%  F1=0.0000  MCC=0.0000  Train=0.602s  Test=5.092s  Peak RAM=38.234 MB
2026-03-18 08:50:13 | INFO | [ncluster=85/85] AUC-ROC=50.00%  AUC-PR=51.55%  F1=0.0000  MCC=0.0000  Train=0.670s  Test=4.894s  Peak RAM=38.234 MB
2026-03-18 08:50:13 | INFO | [ncluster=88/88] AUC-ROC=50.02%  AUC-PR=51.56%  F1=0.6804  MCC=0.0148  Train=0.535s  Test=4.923s  Peak RAM=38.235 MB
2026-03-18 08:50:13 | INFO | [ncluster=91/91] AUC-ROC=50.02%  AUC-PR=51.56%  F1=0.6803  MCC=0.0135  Train=0.524s  Test=4.580s  Peak RAM=38.235 MB
2026-03-18 08:50:13 | INFO | [ncluster=94/94] AUC-ROC=50.00%  AUC-PR=51.55%  F1=0.0000  MCC=0.0000  Train=0.290s  Test=5.268s  Peak RAM=38.236 MB
2026-03-18 08:50:13 | INFO | [ncluster=97/97] AUC-ROC=50.00%  AUC-PR=51.55%  F1=0.6803  MCC=0.0060  Train=0.401s  Test=6.110s  Peak RAM=38.235 MB
2026-03-18 08:50:13 | INFO | [ncluster=100/100] AUC-ROC=50.00%  AUC-PR=51.55%  F1=0.0000  MCC=0.0000  Train=0.728s  Test=5.905s  Peak RAM=38.237 MB
2026-03-18 08:50:13 | INFO | [ncluster=103/103] AUC-ROC=50.01%  AUC-PR=51.55%  F1=0.6803  MCC=0.0100  Train=0.687s  Test=5.283s  Peak RAM=38.237 MB
2026-03-18 08:50:13 | INFO | [ncluster=106/106] AUC-ROC=50.01%  AUC-PR=51.55%  F1=0.6803  MCC=0.0105  Train=0.556s  Test=6.303s  Peak RAM=38.238 MB
2026-03-18 08:50:13 | INFO | [ncluster=109/109] AUC-ROC=50.00%  AUC-PR=51.55%  F1=0.0000  MCC=0.0000  Train=0.433s  Test=4.180s  Peak RAM=38.238 MB
2026-03-18 08:50:13 | INFO | [ncluster=112/112] AUC-ROC=50.00%  AUC-PR=51.55%  F1=0.0000  MCC=0.0000  Train=0.264s  Test=4.068s  Peak RAM=38.239 MB
2026-03-18 08:50:13 | INFO | [ncluster=115/115] AUC-ROC=50.01%  AUC-PR=51.55%  F1=0.6803  MCC=0.0121  Train=0.645s  Test=5.018s  Peak RAM=38.239 MB
2026-03-18 08:50:13 | INFO | [ncluster=118/118] AUC-ROC=50.01%  AUC-PR=51.55%  F1=0.6803  MCC=0.0121  Train=0.442s  Test=5.302s  Peak RAM=38.24 MB
2026-03-18 08:50:13 | INFO | [ncluster=121/121] AUC-ROC=50.02%  AUC-PR=51.56%  F1=0.6804  MCC=0.0148  Train=0.962s  Test=4.179s  Peak RAM=38.242 MB
2026-03-18 08:50:13 | INFO | [ncluster=124/124] AUC-ROC=50.02%  AUC-PR=51.56%  F1=0.6804  MCC=0.0160  Train=0.428s  Test=4.774s  Peak RAM=38.24 MB
2026-03-18 08:50:13 | INFO | [ncluster=127/127] AUC-ROC=50.02%  AUC-PR=51.56%  F1=0.6803  MCC=0.0135  Train=0.364s  Test=3.946s  Peak RAM=38.244 MB
2026-03-18 08:50:13 | INFO | [ncluster=130/130] AUC-ROC=50.01%  AUC-PR=51.55%  F1=0.6803  MCC=0.0121  Train=0.286s  Test=3.602s  Peak RAM=38.242 MB
2026-03-18 08:50:13 | INFO | [ncluster=133/133] AUC-ROC=50.02%  AUC-PR=51.56%  F1=0.6804  MCC=0.0148  Train=0.574s  Test=4.098s  Peak RAM=38.241 MB
2026-03-18 08:50:13 | INFO | [ncluster=136/136] AUC-ROC=50.01%  AUC-PR=51.55%  F1=0.6803  MCC=0.0105  Train=0.359s  Test=4.343s  Peak RAM=38.242 MB
2026-03-18 08:50:13 | INFO | [ncluster=139/139] AUC-ROC=50.02%  AUC-PR=51.56%  F1=0.6803  MCC=0.0135  Train=0.437s  Test=4.593s  Peak RAM=38.24 MB
2026-03-18 08:50:13 | INFO | [ncluster=142/142] AUC-ROC=50.00%  AUC-PR=51.55%  F1=0.0000  MCC=0.0000  Train=0.455s  Test=4.784s  Peak RAM=38.242 MB
2026-03-18 08:50:13 | INFO | [ncluster=145/145] AUC-ROC=50.00%  AUC-PR=51.55%  F1=0.0000  MCC=0.0000  Train=0.372s  Test=3.867s  Peak RAM=38.243 MB
2026-03-18 08:50:13 | INFO | [ncluster=148/148] AUC-ROC=50.01%  AUC-PR=51.55%  F1=0.6803  MCC=0.0086  Train=0.380s  Test=3.744s  Peak RAM=38.243 MB
2026-03-18 08:50:13 | INFO | [ncluster=151/151] AUC-ROC=50.02%  AUC-PR=51.56%  F1=0.6803  MCC=0.0135  Train=0.481s  Test=4.689s  Peak RAM=38.242 MB
2026-03-18 08:50:13 | INFO | [ncluster=154/154] AUC-ROC=50.00%  AUC-PR=51.55%  F1=0.6803  MCC=0.0060  Train=0.200s  Test=4.376s  Peak RAM=38.247 MB
2026-03-18 08:50:13 | INFO | [ncluster=157/157] AUC-ROC=50.01%  AUC-PR=51.55%  F1=0.6803  MCC=0.0121  Train=0.431s  Test=5.065s  Peak RAM=38.249 MB
2026-03-18 08:50:13 | INFO | [ncluster=160/160] AUC-ROC=50.03%  AUC-PR=51.56%  F1=0.6804  MCC=0.0153  Train=0.535s  Test=3.759s  Peak RAM=38.248 MB
2026-03-18 08:50:13 | INFO | [ncluster=163/163] AUC-ROC=50.01%  AUC-PR=51.55%  F1=0.6803  MCC=0.0086  Train=0.285s  Test=3.758s  Peak RAM=38.248 MB
2026-03-18 08:50:13 | INFO | [ncluster=166/166] AUC-ROC=50.01%  AUC-PR=51.55%  F1=0.6803  MCC=0.0086  Train=0.373s  Test=5.850s  Peak RAM=38.248 MB
2026-03-18 08:50:13 | INFO | [ncluster=169/169] AUC-ROC=50.00%  AUC-PR=51.55%  F1=0.0000  MCC=0.0000  Train=0.326s  Test=4.446s  Peak RAM=38.248 MB
2026-03-18 08:50:13 | INFO | [ncluster=172/172] AUC-ROC=50.01%  AUC-PR=51.55%  F1=0.6803  MCC=0.0105  Train=0.480s  Test=4.496s  Peak RAM=38.249 MB
2026-03-18 08:50:13 | INFO | [ncluster=175/175] AUC-ROC=50.00%  AUC-PR=51.55%  F1=0.6803  MCC=0.0037  Train=0.296s  Test=3.862s  Peak RAM=38.25 MB
2026-03-18 08:50:13 | INFO | [ncluster=178/178] AUC-ROC=50.01%  AUC-PR=51.55%  F1=0.6803  MCC=0.0105  Train=0.320s  Test=3.346s  Peak RAM=38.251 MB
2026-03-18 08:50:13 | INFO | [ncluster=181/181] AUC-ROC=50.00%  AUC-PR=51.55%  F1=0.6803  MCC=0.0060  Train=0.221s  Test=3.323s  Peak RAM=38.251 MB
2026-03-18 08:50:13 | INFO | [ncluster=184/184] AUC-ROC=50.02%  AUC-PR=51.56%  F1=0.6804  MCC=0.0148  Train=0.437s  Test=3.446s  Peak RAM=38.252 MB
2026-03-18 08:50:13 | INFO | [ncluster=187/187] AUC-ROC=50.00%  AUC-PR=51.55%  F1=0.0000  MCC=0.0000  Train=0.218s  Test=2.916s  Peak RAM=38.252 MB
2026-03-18 08:50:13 | INFO | [ncluster=190/190] AUC-ROC=50.00%  AUC-PR=51.55%  F1=0.0000  MCC=0.0000  Train=0.248s  Test=3.936s  Peak RAM=38.254 MB
2026-03-18 08:50:13 | INFO | [ncluster=193/193] AUC-ROC=50.01%  AUC-PR=51.55%  F1=0.6803  MCC=0.0121  Train=0.315s  Test=4.214s  Peak RAM=38.253 MB
2026-03-18 08:50:13 | INFO | [ncluster=196/196] AUC-ROC=50.00%  AUC-PR=51.55%  F1=0.6803  MCC=0.0060  Train=0.379s  Test=4.081s  Peak RAM=38.254 MB
2026-03-18 08:50:13 | INFO | [ncluster=199/199] AUC-ROC=50.00%  AUC-PR=51.55%  F1=0.0000  MCC=0.0000  Train=0.248s  Test=3.286s  Peak RAM=38.256 MB
2026-03-18 08:50:13 | INFO | [ncluster=202/202] AUC-ROC=50.00%  AUC-PR=51.55%  F1=0.0000  MCC=0.0000  Train=0.289s  Test=3.800s  Peak RAM=38.255 MB
2026-03-18 08:50:13 | INFO | [ncluster=205/205] AUC-ROC=50.01%  AUC-PR=51.55%  F1=0.6803  MCC=0.0105  Train=0.369s  Test=4.042s  Peak RAM=38.256 MB
2026-03-18 08:50:13 | INFO | [ncluster=208/208] AUC-ROC=50.02%  AUC-PR=51.55%  F1=0.6803  MCC=0.0074  Train=0.475s  Test=3.886s  Peak RAM=38.255 MB
2026-03-18 08:50:13 | INFO | [ncluster=211/211] AUC-ROC=50.00%  AUC-PR=51.55%  F1=0.6803  MCC=0.0060  Train=0.274s  Test=3.610s  Peak RAM=38.257 MB
2026-03-18 08:50:13 | INFO | [ncluster=214/214] AUC-ROC=50.01%  AUC-PR=51.55%  F1=0.6803  MCC=0.0071  Train=0.168s  Test=3.724s  Peak RAM=38.256 MB
2026-03-18 08:50:13 | INFO | [ncluster=217/217] AUC-ROC=50.01%  AUC-PR=51.55%  F1=0.6803  MCC=0.0121  Train=0.263s  Test=3.589s  Peak RAM=38.257 MB
2026-03-18 08:50:13 | INFO | [ncluster=220/220] AUC-ROC=50.03%  AUC-PR=51.56%  F1=0.6804  MCC=0.0171  Train=0.483s  Test=3.178s  Peak RAM=38.257 MB
2026-03-18 08:50:13 | INFO | [ncluster=223/223] AUC-ROC=50.01%  AUC-PR=51.55%  F1=0.6803  MCC=0.0086  Train=0.521s  Test=3.285s  Peak RAM=38.259 MB
2026-03-18 08:50:13 | INFO | [ncluster=226/226] AUC-ROC=50.01%  AUC-PR=51.55%  F1=0.6803  MCC=0.0105  Train=0.353s  Test=4.306s  Peak RAM=38.26 MB
2026-03-18 08:50:13 | INFO | [ncluster=229/229] AUC-ROC=50.02%  AUC-PR=51.56%  F1=0.6804  MCC=0.0160  Train=0.408s  Test=3.684s  Peak RAM=38.259 MB
2026-03-18 08:50:13 | INFO | [ncluster=232/232] AUC-ROC=50.02%  AUC-PR=51.56%  F1=0.6803  MCC=0.0135  Train=0.314s  Test=3.406s  Peak RAM=38.26 MB
2026-03-18 08:50:13 | INFO | [ncluster=235/235] AUC-ROC=50.03%  AUC-PR=51.56%  F1=0.6804  MCC=0.0153  Train=0.211s  Test=4.148s  Peak RAM=38.26 MB
2026-03-18 08:50:13 | INFO | [ncluster=238/238] AUC-ROC=50.01%  AUC-PR=51.55%  F1=0.6803  MCC=0.0086  Train=0.431s  Test=4.641s  Peak RAM=38.261 MB
2026-03-18 08:50:13 | INFO | [ncluster=241/241] AUC-ROC=50.02%  AUC-PR=51.56%  F1=0.6803  MCC=0.0116  Train=0.458s  Test=4.605s  Peak RAM=38.262 MB
2026-03-18 08:50:13 | INFO | [ncluster=244/244] AUC-ROC=50.00%  AUC-PR=51.55%  F1=0.6803  MCC=0.0060  Train=0.257s  Test=3.327s  Peak RAM=38.263 MB
2026-03-18 08:50:13 | INFO | [ncluster=247/247] AUC-ROC=50.00%  AUC-PR=51.55%  F1=0.6803  MCC=0.0060  Train=0.307s  Test=3.483s  Peak RAM=38.263 MB
2026-03-18 08:50:13 | INFO | [ncluster=250/250] AUC-ROC=50.00%  AUC-PR=51.55%  F1=0.0000  MCC=0.0000  Train=0.421s  Test=3.727s  Peak RAM=38.264 MB
2026-03-18 08:50:13 | INFO | [ncluster=253/253] AUC-ROC=50.01%  AUC-PR=51.55%  F1=0.6803  MCC=0.0121  Train=0.359s  Test=3.747s  Peak RAM=38.264 MB
2026-03-18 08:50:13 | INFO | [ncluster=256/256] AUC-ROC=50.02%  AUC-PR=51.56%  F1=0.6804  MCC=0.0160  Train=0.260s  Test=3.887s  Peak RAM=38.264 MB
2026-03-18 08:50:13 | INFO | [ncluster=259/259] AUC-ROC=50.01%  AUC-PR=51.55%  F1=0.6803  MCC=0.0086  Train=0.366s  Test=3.106s  Peak RAM=38.265 MB
2026-03-18 08:50:13 | INFO | [ncluster=262/262] AUC-ROC=50.01%  AUC-PR=51.55%  F1=0.6803  MCC=0.0086  Train=0.325s  Test=3.711s  Peak RAM=38.265 MB
2026-03-18 08:50:13 | INFO | [ncluster=265/265] AUC-ROC=50.02%  AUC-PR=51.56%  F1=0.6803  MCC=0.0135  Train=0.380s  Test=4.487s  Peak RAM=38.267 MB
2026-03-18 08:50:13 | INFO | [ncluster=268/268] AUC-ROC=50.01%  AUC-PR=51.55%  F1=0.6803  MCC=0.0121  Train=0.540s  Test=4.032s  Peak RAM=38.268 MB
2026-03-18 08:50:13 | INFO | [ncluster=271/271] AUC-ROC=50.00%  AUC-PR=51.55%  F1=0.0000  MCC=0.0000  Train=0.398s  Test=4.215s  Peak RAM=38.267 MB
2026-03-18 08:50:13 | INFO | [ncluster=274/274] AUC-ROC=50.02%  AUC-PR=51.56%  F1=0.6803  MCC=0.0116  Train=0.221s  Test=3.656s  Peak RAM=38.267 MB
2026-03-18 08:50:13 | INFO | [ncluster=277/277] AUC-ROC=50.01%  AUC-PR=51.55%  F1=0.6803  MCC=0.0105  Train=0.565s  Test=4.003s  Peak RAM=38.268 MB
2026-03-18 08:50:13 | INFO | [ncluster=280/280] AUC-ROC=50.01%  AUC-PR=51.55%  F1=0.6803  MCC=0.0121  Train=0.426s  Test=3.375s  Peak RAM=38.268 MB
2026-03-18 08:50:13 | INFO | [ncluster=283/283] AUC-ROC=50.01%  AUC-PR=51.55%  F1=0.6803  MCC=0.0105  Train=0.177s  Test=2.673s  Peak RAM=38.269 MB
2026-03-18 08:50:13 | INFO | [ncluster=286/286] AUC-ROC=50.01%  AUC-PR=51.55%  F1=0.6802  MCC=0.0043  Train=0.221s  Test=2.921s  Peak RAM=38.27 MB
2026-03-18 08:50:13 | INFO | [ncluster=289/289] AUC-ROC=50.01%  AUC-PR=51.55%  F1=0.6803  MCC=0.0105  Train=0.130s  Test=2.305s  Peak RAM=38.27 MB
2026-03-18 08:50:13 | INFO | [ncluster=292/292] AUC-ROC=50.01%  AUC-PR=51.55%  F1=0.6803  MCC=0.0121  Train=0.129s  Test=2.512s  Peak RAM=38.272 MB
2026-03-18 08:50:13 | INFO | [ncluster=295/295] AUC-ROC=50.05%  AUC-PR=51.57%  F1=0.6805  MCC=0.0218  Train=0.221s  Test=2.259s  Peak RAM=38.272 MB
2026-03-18 08:50:13 | INFO | [ncluster=298/298] AUC-ROC=50.01%  AUC-PR=51.55%  F1=0.6803  MCC=0.0121  Train=0.102s  Test=1.600s  Peak RAM=38.272 MB
2026-03-18 08:50:13 | INFO | --- noise=5% ---
2026-03-18 08:50:13 | INFO | ============================================================
2026-03-18 08:50:13 | INFO | Dataset  : Train_StandardScaler_data_CICIoT2023.csv
2026-03-18 08:50:13 | INFO | Scaler   : StandardScaler
2026-03-18 08:50:13 | INFO | Noise    : 5%
2026-03-18 08:50:13 | INFO | nClusters: 100 values (1..298)
2026-03-18 08:50:13 | INFO | ============================================================
2026-03-18 08:50:14 | INFO | Loaded Raw Shape -> Train: (30000, 45), Test: (30000, 45)
2026-03-18 08:50:14 | INFO | Training size : 31,500  |  Testing size: 28,500  |  Features: 44
2026-03-18 08:50:14 | INFO | Firing up Parallel execution for 100 cluster configs...
2026-03-18 08:54:14 | INFO | [ncluster=1/1] AUC-ROC=85.93%  AUC-PR=82.42%  F1=0.8245  MCC=0.6109  Train=0.329s  Test=10.128s  Peak RAM=38.958 MB
2026-03-18 08:54:14 | INFO | [ncluster=4/4] AUC-ROC=50.00%  AUC-PR=52.63%  F1=0.0000  MCC=0.0000  Train=0.351s  Test=9.701s  Peak RAM=38.96 MB
2026-03-18 08:54:14 | INFO | [ncluster=7/7] AUC-ROC=50.00%  AUC-PR=52.63%  F1=0.0000  MCC=0.0000  Train=0.562s  Test=10.202s  Peak RAM=38.961 MB
2026-03-18 08:54:14 | INFO | [ncluster=10/10] AUC-ROC=50.00%  AUC-PR=52.63%  F1=0.0000  MCC=0.0000  Train=1.019s  Test=10.976s  Peak RAM=38.963 MB
2026-03-18 08:54:14 | INFO | [ncluster=13/13] AUC-ROC=50.00%  AUC-PR=52.63%  F1=0.0000  MCC=0.0000  Train=1.078s  Test=11.181s  Peak RAM=38.962 MB
2026-03-18 08:54:14 | INFO | [ncluster=16/16] AUC-ROC=50.02%  AUC-PR=52.64%  F1=0.6897  MCC=0.0108  Train=1.086s  Test=10.046s  Peak RAM=38.963 MB
2026-03-18 08:54:14 | INFO | [ncluster=19/19] AUC-ROC=50.00%  AUC-PR=52.63%  F1=0.0000  MCC=0.0000  Train=0.540s  Test=10.155s  Peak RAM=38.963 MB
2026-03-18 08:54:14 | INFO | [ncluster=22/22] AUC-ROC=50.01%  AUC-PR=52.64%  F1=0.6897  MCC=0.0088  Train=0.768s  Test=9.599s  Peak RAM=38.964 MB
2026-03-18 08:54:14 | INFO | [ncluster=25/25] AUC-ROC=50.00%  AUC-PR=52.63%  F1=0.0000  MCC=0.0000  Train=1.248s  Test=10.168s  Peak RAM=38.965 MB
2026-03-18 08:54:14 | INFO | [ncluster=28/28] AUC-ROC=50.01%  AUC-PR=52.64%  F1=0.6897  MCC=0.0088  Train=0.732s  Test=10.449s  Peak RAM=38.965 MB
2026-03-18 08:54:14 | INFO | [ncluster=31/31] AUC-ROC=50.00%  AUC-PR=52.63%  F1=0.0000  MCC=0.0000  Train=1.239s  Test=8.809s  Peak RAM=38.966 MB
2026-03-18 08:54:14 | INFO | [ncluster=34/34] AUC-ROC=50.01%  AUC-PR=52.64%  F1=0.6897  MCC=0.0125  Train=1.866s  Test=5.958s  Peak RAM=38.966 MB
2026-03-18 08:54:14 | INFO | [ncluster=37/37] AUC-ROC=50.00%  AUC-PR=52.63%  F1=0.0000  MCC=0.0000  Train=0.577s  Test=6.761s  Peak RAM=38.967 MB
2026-03-18 08:54:14 | INFO | [ncluster=40/40] AUC-ROC=50.00%  AUC-PR=52.63%  F1=0.0000  MCC=0.0000  Train=0.473s  Test=6.036s  Peak RAM=38.967 MB
2026-03-18 08:54:14 | INFO | [ncluster=43/43] AUC-ROC=50.00%  AUC-PR=52.63%  F1=0.0000  MCC=0.0000  Train=0.209s  Test=4.461s  Peak RAM=38.966 MB
2026-03-18 08:54:14 | INFO | [ncluster=46/46] AUC-ROC=50.00%  AUC-PR=52.63%  F1=0.0000  MCC=0.0000  Train=0.692s  Test=9.433s  Peak RAM=38.965 MB
2026-03-18 08:54:14 | INFO | [ncluster=49/49] AUC-ROC=50.02%  AUC-PR=52.64%  F1=0.6897  MCC=0.0140  Train=0.910s  Test=8.536s  Peak RAM=38.969 MB
2026-03-18 08:54:14 | INFO | [ncluster=52/52] AUC-ROC=50.28%  AUC-PR=52.77%  F1=0.6909  MCC=0.0545  Train=0.964s  Test=8.245s  Peak RAM=38.968 MB
2026-03-18 08:54:14 | INFO | [ncluster=55/55] AUC-ROC=50.00%  AUC-PR=52.63%  F1=0.0000  MCC=0.0000  Train=1.058s  Test=9.002s  Peak RAM=38.972 MB
2026-03-18 08:54:14 | INFO | [ncluster=58/58] AUC-ROC=50.00%  AUC-PR=52.63%  F1=0.6896  MCC=0.0006  Train=0.740s  Test=7.827s  Peak RAM=38.969 MB
2026-03-18 08:54:14 | INFO | [ncluster=61/61] AUC-ROC=50.00%  AUC-PR=52.63%  F1=0.0000  MCC=0.0000  Train=0.746s  Test=7.746s  Peak RAM=38.968 MB
2026-03-18 08:54:14 | INFO | [ncluster=64/64] AUC-ROC=50.01%  AUC-PR=52.64%  F1=0.6897  MCC=0.0108  Train=0.785s  Test=7.395s  Peak RAM=38.972 MB
2026-03-18 08:54:14 | INFO | [ncluster=67/67] AUC-ROC=50.00%  AUC-PR=52.63%  F1=0.0000  MCC=0.0000  Train=1.388s  Test=5.501s  Peak RAM=38.97 MB
2026-03-18 08:54:14 | INFO | [ncluster=70/70] AUC-ROC=50.01%  AUC-PR=52.63%  F1=0.6896  MCC=0.0029  Train=1.002s  Test=4.198s  Peak RAM=38.971 MB
2026-03-18 08:54:14 | INFO | [ncluster=73/73] AUC-ROC=50.00%  AUC-PR=52.63%  F1=0.0000  MCC=0.0000  Train=0.252s  Test=3.373s  Peak RAM=38.973 MB
2026-03-18 08:54:14 | INFO | [ncluster=76/76] AUC-ROC=50.03%  AUC-PR=52.65%  F1=0.6897  MCC=0.0131  Train=0.358s  Test=3.751s  Peak RAM=38.969 MB
2026-03-18 08:54:14 | INFO | [ncluster=79/79] AUC-ROC=50.00%  AUC-PR=52.63%  F1=0.6897  MCC=0.0062  Train=0.425s  Test=4.733s  Peak RAM=38.975 MB
2026-03-18 08:54:14 | INFO | [ncluster=82/82] AUC-ROC=50.00%  AUC-PR=52.63%  F1=0.0000  MCC=0.0000  Train=0.595s  Test=5.064s  Peak RAM=38.975 MB
2026-03-18 08:54:14 | INFO | [ncluster=85/85] AUC-ROC=50.00%  AUC-PR=52.63%  F1=0.0000  MCC=0.0000  Train=0.344s  Test=4.548s  Peak RAM=38.976 MB
2026-03-18 08:54:14 | INFO | [ncluster=88/88] AUC-ROC=50.00%  AUC-PR=52.63%  F1=0.0000  MCC=0.0000  Train=0.383s  Test=6.412s  Peak RAM=38.977 MB
2026-03-18 08:54:14 | INFO | [ncluster=91/91] AUC-ROC=50.01%  AUC-PR=52.64%  F1=0.6897  MCC=0.0088  Train=0.611s  Test=5.407s  Peak RAM=38.977 MB
2026-03-18 08:54:14 | INFO | [ncluster=94/94] AUC-ROC=50.00%  AUC-PR=52.63%  F1=0.0000  MCC=0.0000  Train=0.761s  Test=6.294s  Peak RAM=38.978 MB
2026-03-18 08:54:14 | INFO | [ncluster=97/97] AUC-ROC=50.02%  AUC-PR=52.64%  F1=0.6897  MCC=0.0140  Train=0.468s  Test=6.714s  Peak RAM=38.977 MB
2026-03-18 08:54:14 | INFO | [ncluster=100/100] AUC-ROC=50.01%  AUC-PR=52.64%  F1=0.6897  MCC=0.0108  Train=0.827s  Test=6.504s  Peak RAM=38.978 MB
2026-03-18 08:54:14 | INFO | [ncluster=103/103] AUC-ROC=50.00%  AUC-PR=52.63%  F1=0.0000  MCC=0.0000  Train=0.661s  Test=4.867s  Peak RAM=38.979 MB
2026-03-18 08:54:14 | INFO | [ncluster=106/106] AUC-ROC=50.00%  AUC-PR=52.63%  F1=0.6897  MCC=0.0062  Train=0.814s  Test=4.463s  Peak RAM=38.979 MB
2026-03-18 08:54:14 | INFO | [ncluster=109/109] AUC-ROC=50.01%  AUC-PR=52.64%  F1=0.6897  MCC=0.0066  Train=0.409s  Test=4.380s  Peak RAM=38.98 MB
2026-03-18 08:54:14 | INFO | [ncluster=112/112] AUC-ROC=50.03%  AUC-PR=52.64%  F1=0.6898  MCC=0.0165  Train=0.335s  Test=3.699s  Peak RAM=38.981 MB
2026-03-18 08:54:14 | INFO | [ncluster=115/115] AUC-ROC=50.00%  AUC-PR=52.63%  F1=0.0000  MCC=0.0000  Train=0.390s  Test=3.832s  Peak RAM=38.981 MB
2026-03-18 08:54:14 | INFO | [ncluster=118/118] AUC-ROC=50.01%  AUC-PR=52.64%  F1=0.6897  MCC=0.0088  Train=0.388s  Test=3.953s  Peak RAM=38.982 MB
2026-03-18 08:54:14 | INFO | [ncluster=121/121] AUC-ROC=50.00%  AUC-PR=52.63%  F1=0.6897  MCC=0.0062  Train=0.333s  Test=3.511s  Peak RAM=38.982 MB
2026-03-18 08:54:14 | INFO | [ncluster=124/124] AUC-ROC=50.02%  AUC-PR=52.64%  F1=0.6897  MCC=0.0140  Train=0.335s  Test=5.207s  Peak RAM=38.983 MB
2026-03-18 08:54:14 | INFO | [ncluster=127/127] AUC-ROC=50.00%  AUC-PR=52.63%  F1=0.0000  MCC=0.0000  Train=0.467s  Test=4.932s  Peak RAM=38.984 MB
2026-03-18 08:54:14 | INFO | [ncluster=130/130] AUC-ROC=50.00%  AUC-PR=52.63%  F1=0.0000  MCC=0.0000  Train=0.255s  Test=4.456s  Peak RAM=38.983 MB
2026-03-18 08:54:14 | INFO | [ncluster=133/133] AUC-ROC=50.02%  AUC-PR=52.64%  F1=0.6897  MCC=0.0120  Train=0.589s  Test=4.544s  Peak RAM=38.985 MB
2026-03-18 08:54:14 | INFO | [ncluster=136/136] AUC-ROC=50.01%  AUC-PR=52.64%  F1=0.6897  MCC=0.0108  Train=0.709s  Test=5.014s  Peak RAM=38.985 MB
2026-03-18 08:54:14 | INFO | [ncluster=139/139] AUC-ROC=50.00%  AUC-PR=52.63%  F1=0.0000  MCC=0.0000  Train=0.746s  Test=4.528s  Peak RAM=38.986 MB
2026-03-18 08:54:14 | INFO | [ncluster=142/142] AUC-ROC=50.17%  AUC-PR=52.72%  F1=0.6904  MCC=0.0424  Train=0.643s  Test=2.936s  Peak RAM=38.986 MB
2026-03-18 08:54:14 | INFO | [ncluster=145/145] AUC-ROC=50.02%  AUC-PR=52.64%  F1=0.6897  MCC=0.0120  Train=0.357s  Test=3.734s  Peak RAM=38.986 MB
2026-03-18 08:54:14 | INFO | [ncluster=148/148] AUC-ROC=50.01%  AUC-PR=52.64%  F1=0.6897  MCC=0.0108  Train=0.357s  Test=3.943s  Peak RAM=38.987 MB
2026-03-18 08:54:14 | INFO | [ncluster=151/151] AUC-ROC=50.01%  AUC-PR=52.64%  F1=0.6897  MCC=0.0125  Train=0.247s  Test=4.609s  Peak RAM=38.988 MB
2026-03-18 08:54:14 | INFO | [ncluster=154/154] AUC-ROC=50.00%  AUC-PR=52.63%  F1=0.6897  MCC=0.0062  Train=0.291s  Test=4.342s  Peak RAM=38.988 MB
2026-03-18 08:54:14 | INFO | [ncluster=157/157] AUC-ROC=50.00%  AUC-PR=52.63%  F1=0.0000  MCC=0.0000  Train=0.420s  Test=4.364s  Peak RAM=38.988 MB
2026-03-18 08:54:14 | INFO | [ncluster=160/160] AUC-ROC=50.00%  AUC-PR=52.63%  F1=0.0000  MCC=0.0000  Train=0.220s  Test=3.178s  Peak RAM=38.989 MB
2026-03-18 08:54:14 | INFO | [ncluster=163/163] AUC-ROC=50.01%  AUC-PR=52.64%  F1=0.6897  MCC=0.0108  Train=0.331s  Test=5.380s  Peak RAM=38.989 MB
2026-03-18 08:54:14 | INFO | [ncluster=166/166] AUC-ROC=50.00%  AUC-PR=52.63%  F1=0.6897  MCC=0.0062  Train=0.496s  Test=5.330s  Peak RAM=38.99 MB
2026-03-18 08:54:14 | INFO | [ncluster=169/169] AUC-ROC=50.00%  AUC-PR=52.63%  F1=0.0000  MCC=0.0000  Train=0.415s  Test=4.647s  Peak RAM=38.99 MB
2026-03-18 08:54:14 | INFO | [ncluster=172/172] AUC-ROC=50.00%  AUC-PR=52.63%  F1=0.0000  MCC=0.0000  Train=0.678s  Test=5.137s  Peak RAM=38.991 MB
2026-03-18 08:54:14 | INFO | [ncluster=175/175] AUC-ROC=50.21%  AUC-PR=52.73%  F1=0.6905  MCC=0.0436  Train=0.795s  Test=4.608s  Peak RAM=38.993 MB
2026-03-18 08:54:14 | INFO | [ncluster=178/178] AUC-ROC=50.01%  AUC-PR=52.64%  F1=0.6897  MCC=0.0088  Train=0.338s  Test=3.385s  Peak RAM=38.992 MB
2026-03-18 08:54:14 | INFO | [ncluster=181/181] AUC-ROC=50.00%  AUC-PR=52.63%  F1=0.0000  MCC=0.0000  Train=0.333s  Test=3.549s  Peak RAM=38.992 MB
2026-03-18 08:54:14 | INFO | [ncluster=184/184] AUC-ROC=49.99%  AUC-PR=52.63%  F1=0.0000  MCC=0.0000  Train=0.339s  Test=3.926s  Peak RAM=38.994 MB
2026-03-18 08:54:14 | INFO | [ncluster=187/187] AUC-ROC=50.01%  AUC-PR=52.64%  F1=0.6897  MCC=0.0125  Train=0.382s  Test=3.699s  Peak RAM=38.993 MB
2026-03-18 08:54:14 | INFO | [ncluster=190/190] AUC-ROC=50.00%  AUC-PR=52.63%  F1=0.0000  MCC=0.0000  Train=0.322s  Test=3.772s  Peak RAM=38.994 MB
2026-03-18 08:54:14 | INFO | [ncluster=193/193] AUC-ROC=50.01%  AUC-PR=52.64%  F1=0.6897  MCC=0.0125  Train=0.552s  Test=3.981s  Peak RAM=38.995 MB
2026-03-18 08:54:14 | INFO | [ncluster=196/196] AUC-ROC=50.00%  AUC-PR=52.63%  F1=0.6897  MCC=0.0062  Train=0.270s  Test=4.223s  Peak RAM=38.996 MB
2026-03-18 08:54:14 | INFO | [ncluster=199/199] AUC-ROC=50.01%  AUC-PR=52.64%  F1=0.6897  MCC=0.0125  Train=0.318s  Test=4.368s  Peak RAM=38.996 MB
2026-03-18 08:54:14 | INFO | [ncluster=202/202] AUC-ROC=50.01%  AUC-PR=52.63%  F1=0.6896  MCC=0.0029  Train=0.308s  Test=4.076s  Peak RAM=38.995 MB
2026-03-18 08:54:14 | INFO | [ncluster=205/205] AUC-ROC=50.00%  AUC-PR=52.63%  F1=0.0000  MCC=0.0000  Train=0.869s  Test=4.856s  Peak RAM=38.997 MB
2026-03-18 08:54:14 | INFO | [ncluster=208/208] AUC-ROC=50.01%  AUC-PR=52.64%  F1=0.6897  MCC=0.0125  Train=0.477s  Test=4.383s  Peak RAM=38.997 MB
2026-03-18 08:54:14 | INFO | [ncluster=211/211] AUC-ROC=50.01%  AUC-PR=52.64%  F1=0.6897  MCC=0.0108  Train=0.378s  Test=3.746s  Peak RAM=38.997 MB
2026-03-18 08:54:14 | INFO | [ncluster=214/214] AUC-ROC=50.03%  AUC-PR=52.65%  F1=0.6898  MCC=0.0177  Train=0.282s  Test=3.524s  Peak RAM=38.998 MB
2026-03-18 08:54:14 | INFO | [ncluster=217/217] AUC-ROC=50.01%  AUC-PR=52.64%  F1=0.6897  MCC=0.0108  Train=0.276s  Test=4.104s  Peak RAM=38.999 MB
2026-03-18 08:54:14 | INFO | [ncluster=220/220] AUC-ROC=50.01%  AUC-PR=52.64%  F1=0.6896  MCC=0.0047  Train=0.318s  Test=3.670s  Peak RAM=39.001 MB
2026-03-18 08:54:14 | INFO | [ncluster=223/223] AUC-ROC=50.00%  AUC-PR=52.63%  F1=0.0000  MCC=0.0000  Train=0.203s  Test=3.678s  Peak RAM=39.001 MB
2026-03-18 08:54:14 | INFO | [ncluster=226/226] AUC-ROC=50.01%  AUC-PR=52.64%  F1=0.6897  MCC=0.0108  Train=0.334s  Test=3.835s  Peak RAM=39.001 MB
2026-03-18 08:54:14 | INFO | [ncluster=229/229] AUC-ROC=50.00%  AUC-PR=52.63%  F1=0.0000  MCC=0.0000  Train=0.170s  Test=4.088s  Peak RAM=39.002 MB
2026-03-18 08:54:14 | INFO | [ncluster=232/232] AUC-ROC=50.00%  AUC-PR=52.63%  F1=0.0000  MCC=0.0000  Train=0.421s  Test=3.799s  Peak RAM=39.002 MB
2026-03-18 08:54:14 | INFO | [ncluster=235/235] AUC-ROC=50.00%  AUC-PR=52.63%  F1=0.0000  MCC=0.0000  Train=0.343s  Test=4.433s  Peak RAM=39.002 MB
2026-03-18 08:54:14 | INFO | [ncluster=238/238] AUC-ROC=50.03%  AUC-PR=52.65%  F1=0.6898  MCC=0.0177  Train=0.403s  Test=4.701s  Peak RAM=39.004 MB
2026-03-18 08:54:14 | INFO | [ncluster=241/241] AUC-ROC=50.01%  AUC-PR=52.64%  F1=0.6897  MCC=0.0088  Train=0.410s  Test=4.411s  Peak RAM=39.005 MB
2026-03-18 08:54:14 | INFO | [ncluster=244/244] AUC-ROC=50.00%  AUC-PR=52.63%  F1=0.0000  MCC=0.0000  Train=0.398s  Test=4.220s  Peak RAM=39.004 MB
2026-03-18 08:54:14 | INFO | [ncluster=247/247] AUC-ROC=50.01%  AUC-PR=52.64%  F1=0.6897  MCC=0.0088  Train=0.485s  Test=4.005s  Peak RAM=39.005 MB
2026-03-18 08:54:14 | INFO | [ncluster=250/250] AUC-ROC=50.00%  AUC-PR=52.63%  F1=0.6897  MCC=0.0062  Train=0.354s  Test=3.726s  Peak RAM=39.006 MB
2026-03-18 08:54:14 | INFO | [ncluster=253/253] AUC-ROC=50.03%  AUC-PR=52.65%  F1=0.6898  MCC=0.0177  Train=0.263s  Test=3.252s  Peak RAM=39.004 MB
2026-03-18 08:54:14 | INFO | [ncluster=256/256] AUC-ROC=50.98%  AUC-PR=53.12%  F1=0.6939  MCC=0.1019  Train=0.321s  Test=3.058s  Peak RAM=39.006 MB
2026-03-18 08:54:14 | INFO | [ncluster=259/259] AUC-ROC=50.01%  AUC-PR=52.64%  F1=0.6897  MCC=0.0125  Train=0.344s  Test=3.515s  Peak RAM=39.003 MB
2026-03-18 08:54:14 | INFO | [ncluster=262/262] AUC-ROC=50.01%  AUC-PR=52.64%  F1=0.6897  MCC=0.0108  Train=0.236s  Test=3.344s  Peak RAM=39.008 MB
2026-03-18 08:54:14 | INFO | [ncluster=265/265] AUC-ROC=50.00%  AUC-PR=52.63%  F1=0.0000  MCC=0.0000  Train=0.222s  Test=3.425s  Peak RAM=39.009 MB
2026-03-18 08:54:14 | INFO | [ncluster=268/268] AUC-ROC=50.00%  AUC-PR=52.63%  F1=0.6897  MCC=0.0062  Train=0.214s  Test=2.843s  Peak RAM=39.006 MB
2026-03-18 08:54:14 | INFO | [ncluster=271/271] AUC-ROC=50.01%  AUC-PR=52.64%  F1=0.6897  MCC=0.0125  Train=0.164s  Test=3.242s  Peak RAM=39.007 MB
2026-03-18 08:54:14 | INFO | [ncluster=274/274] AUC-ROC=50.00%  AUC-PR=52.63%  F1=0.0000  MCC=0.0000  Train=0.388s  Test=3.664s  Peak RAM=39.008 MB
2026-03-18 08:54:14 | INFO | [ncluster=277/277] AUC-ROC=50.01%  AUC-PR=52.64%  F1=0.6897  MCC=0.0125  Train=0.356s  Test=3.170s  Peak RAM=39.01 MB
2026-03-18 08:54:14 | INFO | [ncluster=280/280] AUC-ROC=50.00%  AUC-PR=52.63%  F1=0.0000  MCC=0.0000  Train=0.362s  Test=3.437s  Peak RAM=39.01 MB
2026-03-18 08:54:14 | INFO | [ncluster=283/283] AUC-ROC=50.00%  AUC-PR=52.63%  F1=0.6897  MCC=0.0062  Train=0.268s  Test=2.547s  Peak RAM=39.008 MB
2026-03-18 08:54:14 | INFO | [ncluster=286/286] AUC-ROC=50.00%  AUC-PR=52.63%  F1=0.6897  MCC=0.0062  Train=0.114s  Test=2.219s  Peak RAM=39.011 MB
2026-03-18 08:54:14 | INFO | [ncluster=289/289] AUC-ROC=50.01%  AUC-PR=52.64%  F1=0.6897  MCC=0.0108  Train=0.158s  Test=1.991s  Peak RAM=39.012 MB
2026-03-18 08:54:14 | INFO | [ncluster=292/292] AUC-ROC=50.01%  AUC-PR=52.64%  F1=0.6897  MCC=0.0108  Train=0.197s  Test=1.718s  Peak RAM=39.009 MB
2026-03-18 08:54:14 | INFO | [ncluster=295/295] AUC-ROC=50.00%  AUC-PR=52.63%  F1=0.0000  MCC=0.0000  Train=0.120s  Test=1.711s  Peak RAM=39.014 MB
2026-03-18 08:54:14 | INFO | [ncluster=298/298] AUC-ROC=50.01%  AUC-PR=52.64%  F1=0.6897  MCC=0.0088  Train=0.117s  Test=1.802s  Peak RAM=39.011 MB
2026-03-18 08:54:14 | INFO | 
>>> Processing data_CICIoT2023 | scaler=MinMaxScaler
2026-03-18 08:54:14 | INFO | --- noise=0% ---
2026-03-18 08:54:14 | INFO | ============================================================
2026-03-18 08:54:14 | INFO | Dataset  : Train_MinMaxScaler_data_CICIoT2023.csv
2026-03-18 08:54:14 | INFO | Scaler   : MinMaxScaler
2026-03-18 08:54:14 | INFO | Noise    : 0%
2026-03-18 08:54:14 | INFO | nClusters: 100 values (1..298)
2026-03-18 08:54:14 | INFO | ============================================================
2026-03-18 08:54:14 | INFO | Loaded Raw Shape -> Train: (30000, 45), Test: (30000, 45)
2026-03-18 08:54:14 | INFO | Training size : 30,000  |  Testing size: 30,000  |  Features: 44
2026-03-18 08:54:14 | INFO | Firing up Parallel execution for 100 cluster configs...
2026-03-18 08:57:42 | INFO | [ncluster=1/1] AUC-ROC=50.00%  AUC-PR=50.00%  F1=0.0000  MCC=0.0000  Train=0.284s  Test=6.483s  Peak RAM=37.106 MB
2026-03-18 08:57:42 | INFO | [ncluster=4/4] AUC-ROC=50.00%  AUC-PR=50.00%  F1=0.0000  MCC=0.0000  Train=0.367s  Test=7.000s  Peak RAM=37.106 MB
2026-03-18 08:57:42 | INFO | [ncluster=7/7] AUC-ROC=50.00%  AUC-PR=50.00%  F1=0.0000  MCC=0.0000  Train=0.455s  Test=7.371s  Peak RAM=37.107 MB
2026-03-18 08:57:42 | INFO | [ncluster=10/10] AUC-ROC=70.17%  AUC-PR=62.63%  F1=0.7698  MCC=0.5010  Train=0.661s  Test=9.125s  Peak RAM=37.108 MB
2026-03-18 08:57:42 | INFO | [ncluster=13/13] AUC-ROC=70.48%  AUC-PR=62.88%  F1=0.7718  MCC=0.5063  Train=0.565s  Test=9.484s  Peak RAM=37.109 MB
2026-03-18 08:57:42 | INFO | [ncluster=16/16] AUC-ROC=70.28%  AUC-PR=62.72%  F1=0.7705  MCC=0.5025  Train=0.927s  Test=10.405s  Peak RAM=37.109 MB
2026-03-18 08:57:42 | INFO | [ncluster=19/19] AUC-ROC=82.98%  AUC-PR=74.63%  F1=0.8461  MCC=0.6789  Train=0.776s  Test=6.900s  Peak RAM=37.11 MB
2026-03-18 08:57:42 | INFO | [ncluster=22/22] AUC-ROC=82.54%  AUC-PR=74.11%  F1=0.8514  MCC=0.6944  Train=1.631s  Test=8.964s  Peak RAM=37.11 MB
2026-03-18 08:57:42 | INFO | [ncluster=25/25] AUC-ROC=50.00%  AUC-PR=50.00%  F1=0.0000  MCC=0.0000  Train=0.636s  Test=8.555s  Peak RAM=37.111 MB
2026-03-18 08:57:42 | INFO | [ncluster=28/28] AUC-ROC=82.94%  AUC-PR=74.56%  F1=0.8534  MCC=0.6984  Train=1.396s  Test=8.607s  Peak RAM=37.111 MB
2026-03-18 08:57:42 | INFO | [ncluster=31/31] AUC-ROC=50.00%  AUC-PR=50.00%  F1=0.0000  MCC=0.0000  Train=1.693s  Test=8.483s  Peak RAM=37.112 MB
2026-03-18 08:57:42 | INFO | [ncluster=34/34] AUC-ROC=50.00%  AUC-PR=50.00%  F1=0.0000  MCC=0.0000  Train=0.721s  Test=6.293s  Peak RAM=37.111 MB
2026-03-18 08:57:42 | INFO | [ncluster=37/37] AUC-ROC=50.00%  AUC-PR=50.00%  F1=0.0000  MCC=0.0000  Train=0.450s  Test=3.915s  Peak RAM=37.113 MB
2026-03-18 08:57:42 | INFO | [ncluster=40/40] AUC-ROC=81.43%  AUC-PR=72.90%  F1=0.8444  MCC=0.6774  Train=0.441s  Test=5.181s  Peak RAM=37.113 MB
2026-03-18 08:57:42 | INFO | [ncluster=43/43] AUC-ROC=50.00%  AUC-PR=50.00%  F1=0.0000  MCC=0.0000  Train=0.546s  Test=4.948s  Peak RAM=37.113 MB
2026-03-18 08:57:42 | INFO | [ncluster=46/46] AUC-ROC=50.00%  AUC-PR=50.00%  F1=0.0000  MCC=0.0000  Train=0.384s  Test=5.037s  Peak RAM=37.115 MB
2026-03-18 08:57:42 | INFO | [ncluster=49/49] AUC-ROC=50.00%  AUC-PR=50.00%  F1=0.0000  MCC=0.0000  Train=0.448s  Test=4.581s  Peak RAM=37.116 MB
2026-03-18 08:57:42 | INFO | [ncluster=52/52] AUC-ROC=50.00%  AUC-PR=50.00%  F1=0.0000  MCC=0.0000  Train=0.639s  Test=5.009s  Peak RAM=37.117 MB
2026-03-18 08:57:42 | INFO | [ncluster=55/55] AUC-ROC=50.00%  AUC-PR=50.00%  F1=0.0000  MCC=0.0000  Train=0.697s  Test=4.596s  Peak RAM=37.116 MB
2026-03-18 08:57:42 | INFO | [ncluster=58/58] AUC-ROC=50.00%  AUC-PR=50.00%  F1=0.0000  MCC=0.0000  Train=0.600s  Test=5.305s  Peak RAM=37.117 MB
2026-03-18 08:57:42 | INFO | [ncluster=61/61] AUC-ROC=50.00%  AUC-PR=50.00%  F1=0.0000  MCC=0.0000  Train=0.754s  Test=5.270s  Peak RAM=37.117 MB
2026-03-18 08:57:42 | INFO | [ncluster=64/64] AUC-ROC=50.00%  AUC-PR=50.00%  F1=0.0000  MCC=0.0000  Train=0.358s  Test=5.083s  Peak RAM=37.118 MB
2026-03-18 08:57:42 | INFO | [ncluster=67/67] AUC-ROC=50.00%  AUC-PR=50.00%  F1=0.0000  MCC=0.0000  Train=0.476s  Test=5.555s  Peak RAM=37.119 MB
2026-03-18 08:57:42 | INFO | [ncluster=70/70] AUC-ROC=50.00%  AUC-PR=50.00%  F1=0.0000  MCC=0.0000  Train=0.797s  Test=4.519s  Peak RAM=37.119 MB
2026-03-18 08:57:42 | INFO | [ncluster=73/73] AUC-ROC=50.00%  AUC-PR=50.00%  F1=0.0000  MCC=0.0000  Train=0.402s  Test=3.173s  Peak RAM=37.119 MB
2026-03-18 08:57:42 | INFO | [ncluster=76/76] AUC-ROC=50.00%  AUC-PR=50.00%  F1=0.0000  MCC=0.0000  Train=0.493s  Test=4.173s  Peak RAM=37.12 MB
2026-03-18 08:57:42 | INFO | [ncluster=79/79] AUC-ROC=50.00%  AUC-PR=50.00%  F1=0.0000  MCC=0.0000  Train=0.373s  Test=3.981s  Peak RAM=37.121 MB
2026-03-18 08:57:42 | INFO | [ncluster=82/82] AUC-ROC=50.00%  AUC-PR=50.00%  F1=0.0000  MCC=0.0000  Train=0.317s  Test=4.505s  Peak RAM=37.121 MB
2026-03-18 08:57:42 | INFO | [ncluster=85/85] AUC-ROC=50.00%  AUC-PR=50.00%  F1=0.0000  MCC=0.0000  Train=0.514s  Test=3.823s  Peak RAM=37.122 MB
2026-03-18 08:57:42 | INFO | [ncluster=88/88] AUC-ROC=50.00%  AUC-PR=50.00%  F1=0.0000  MCC=0.0000  Train=0.430s  Test=4.469s  Peak RAM=37.122 MB
2026-03-18 08:57:42 | INFO | [ncluster=91/91] AUC-ROC=50.00%  AUC-PR=50.00%  F1=0.0000  MCC=0.0000  Train=0.589s  Test=3.216s  Peak RAM=37.123 MB
2026-03-18 08:57:42 | INFO | [ncluster=94/94] AUC-ROC=50.00%  AUC-PR=50.00%  F1=0.0000  MCC=0.0000  Train=0.194s  Test=4.702s  Peak RAM=37.123 MB
2026-03-18 08:57:42 | INFO | [ncluster=97/97] AUC-ROC=50.00%  AUC-PR=50.00%  F1=0.0000  MCC=0.0000  Train=0.288s  Test=4.681s  Peak RAM=37.125 MB
2026-03-18 08:57:42 | INFO | [ncluster=100/100] AUC-ROC=50.00%  AUC-PR=50.00%  F1=0.0000  MCC=0.0000  Train=0.569s  Test=4.659s  Peak RAM=37.125 MB
2026-03-18 08:57:42 | INFO | [ncluster=103/103] AUC-ROC=50.00%  AUC-PR=50.00%  F1=0.0000  MCC=0.0000  Train=0.385s  Test=4.978s  Peak RAM=37.126 MB
2026-03-18 08:57:42 | INFO | [ncluster=106/106] AUC-ROC=50.00%  AUC-PR=50.00%  F1=0.0000  MCC=0.0000  Train=0.694s  Test=4.348s  Peak RAM=37.124 MB
2026-03-18 08:57:42 | INFO | [ncluster=109/109] AUC-ROC=68.04%  AUC-PR=61.01%  F1=0.7481  MCC=0.4296  Train=0.382s  Test=3.621s  Peak RAM=37.126 MB
2026-03-18 08:57:42 | INFO | [ncluster=112/112] AUC-ROC=50.00%  AUC-PR=50.00%  F1=0.0000  MCC=0.0000  Train=0.306s  Test=3.302s  Peak RAM=37.125 MB
2026-03-18 08:57:42 | INFO | [ncluster=115/115] AUC-ROC=50.00%  AUC-PR=50.00%  F1=0.0000  MCC=0.0000  Train=0.286s  Test=3.413s  Peak RAM=37.127 MB
2026-03-18 08:57:42 | INFO | [ncluster=118/118] AUC-ROC=50.00%  AUC-PR=50.00%  F1=0.0000  MCC=0.0000  Train=0.413s  Test=3.676s  Peak RAM=37.127 MB
2026-03-18 08:57:42 | INFO | [ncluster=121/121] AUC-ROC=69.29%  AUC-PR=61.95%  F1=0.7653  MCC=0.4893  Train=0.444s  Test=4.248s  Peak RAM=37.128 MB
2026-03-18 08:57:42 | INFO | [ncluster=124/124] AUC-ROC=50.00%  AUC-PR=50.00%  F1=0.0000  MCC=0.0000  Train=0.420s  Test=3.750s  Peak RAM=37.127 MB
2026-03-18 08:57:42 | INFO | [ncluster=127/127] AUC-ROC=50.00%  AUC-PR=50.00%  F1=0.0000  MCC=0.0000  Train=0.460s  Test=3.208s  Peak RAM=37.129 MB
2026-03-18 08:57:42 | INFO | [ncluster=130/130] AUC-ROC=50.00%  AUC-PR=50.00%  F1=0.0000  MCC=0.0000  Train=0.279s  Test=4.049s  Peak RAM=37.13 MB
2026-03-18 08:57:42 | INFO | [ncluster=133/133] AUC-ROC=50.00%  AUC-PR=50.00%  F1=0.0000  MCC=0.0000  Train=0.205s  Test=3.998s  Peak RAM=37.13 MB
2026-03-18 08:57:42 | INFO | [ncluster=136/136] AUC-ROC=50.00%  AUC-PR=50.00%  F1=0.0000  MCC=0.0000  Train=0.654s  Test=4.828s  Peak RAM=37.131 MB
2026-03-18 08:57:42 | INFO | [ncluster=139/139] AUC-ROC=69.83%  AUC-PR=62.37%  F1=0.7676  MCC=0.4949  Train=0.381s  Test=4.751s  Peak RAM=37.132 MB
2026-03-18 08:57:42 | INFO | [ncluster=142/142] AUC-ROC=50.00%  AUC-PR=50.00%  F1=0.0000  MCC=0.0000  Train=0.477s  Test=4.646s  Peak RAM=37.132 MB
2026-03-18 08:57:42 | INFO | [ncluster=145/145] AUC-ROC=50.00%  AUC-PR=50.00%  F1=0.0000  MCC=0.0000  Train=0.503s  Test=4.167s  Peak RAM=37.133 MB
2026-03-18 08:57:42 | INFO | [ncluster=148/148] AUC-ROC=50.00%  AUC-PR=50.00%  F1=0.0000  MCC=0.0000  Train=0.261s  Test=2.661s  Peak RAM=37.133 MB
2026-03-18 08:57:42 | INFO | [ncluster=151/151] AUC-ROC=69.10%  AUC-PR=61.80%  F1=0.7652  MCC=0.4891  Train=0.325s  Test=2.963s  Peak RAM=37.134 MB
2026-03-18 08:57:42 | INFO | [ncluster=154/154] AUC-ROC=50.00%  AUC-PR=50.00%  F1=0.0000  MCC=0.0000  Train=0.372s  Test=3.440s  Peak RAM=37.134 MB
2026-03-18 08:57:42 | INFO | [ncluster=157/157] AUC-ROC=50.00%  AUC-PR=50.00%  F1=0.0000  MCC=0.0000  Train=0.448s  Test=3.603s  Peak RAM=37.136 MB
2026-03-18 08:57:42 | INFO | [ncluster=160/160] AUC-ROC=69.62%  AUC-PR=62.20%  F1=0.7670  MCC=0.4938  Train=0.476s  Test=3.859s  Peak RAM=37.135 MB
2026-03-18 08:57:42 | INFO | [ncluster=163/163] AUC-ROC=50.00%  AUC-PR=50.00%  F1=0.0000  MCC=0.0000  Train=0.685s  Test=3.321s  Peak RAM=37.136 MB
2026-03-18 08:57:42 | INFO | [ncluster=166/166] AUC-ROC=50.00%  AUC-PR=50.00%  F1=0.0000  MCC=0.0000  Train=0.288s  Test=4.393s  Peak RAM=37.136 MB
2026-03-18 08:57:42 | INFO | [ncluster=169/169] AUC-ROC=50.00%  AUC-PR=50.00%  F1=0.0000  MCC=0.0000  Train=0.253s  Test=4.051s  Peak RAM=37.137 MB
2026-03-18 08:57:42 | INFO | [ncluster=172/172] AUC-ROC=50.00%  AUC-PR=50.00%  F1=0.0000  MCC=0.0000  Train=0.354s  Test=4.424s  Peak RAM=37.137 MB
2026-03-18 08:57:42 | INFO | [ncluster=175/175] AUC-ROC=50.00%  AUC-PR=50.00%  F1=0.0000  MCC=0.0000  Train=0.581s  Test=4.297s  Peak RAM=37.137 MB
2026-03-18 08:57:42 | INFO | [ncluster=178/178] AUC-ROC=50.00%  AUC-PR=50.00%  F1=0.0000  MCC=0.0000  Train=0.885s  Test=3.847s  Peak RAM=37.137 MB
2026-03-18 08:57:42 | INFO | [ncluster=181/181] AUC-ROC=50.00%  AUC-PR=50.00%  F1=0.0000  MCC=0.0000  Train=0.340s  Test=3.217s  Peak RAM=37.14 MB
2026-03-18 08:57:42 | INFO | [ncluster=184/184] AUC-ROC=50.00%  AUC-PR=50.00%  F1=0.0000  MCC=0.0000  Train=0.370s  Test=3.523s  Peak RAM=37.136 MB
2026-03-18 08:57:42 | INFO | [ncluster=187/187] AUC-ROC=50.00%  AUC-PR=50.00%  F1=0.0000  MCC=0.0000  Train=0.257s  Test=3.109s  Peak RAM=37.141 MB
2026-03-18 08:57:42 | INFO | [ncluster=190/190] AUC-ROC=50.00%  AUC-PR=50.00%  F1=0.0000  MCC=0.0000  Train=0.238s  Test=3.180s  Peak RAM=37.138 MB
2026-03-18 08:57:42 | INFO | [ncluster=193/193] AUC-ROC=69.07%  AUC-PR=61.79%  F1=0.7584  MCC=0.4633  Train=0.300s  Test=3.661s  Peak RAM=37.142 MB
2026-03-18 08:57:42 | INFO | [ncluster=196/196] AUC-ROC=69.90%  AUC-PR=62.42%  F1=0.7686  MCC=0.4979  Train=0.378s  Test=3.302s  Peak RAM=37.141 MB
2026-03-18 08:57:42 | INFO | [ncluster=199/199] AUC-ROC=50.00%  AUC-PR=50.00%  F1=0.0000  MCC=0.0000  Train=0.376s  Test=3.386s  Peak RAM=37.142 MB
2026-03-18 08:57:42 | INFO | [ncluster=202/202] AUC-ROC=50.00%  AUC-PR=50.00%  F1=0.0000  MCC=0.0000  Train=0.260s  Test=3.282s  Peak RAM=37.141 MB
2026-03-18 08:57:42 | INFO | [ncluster=205/205] AUC-ROC=50.00%  AUC-PR=50.00%  F1=0.0000  MCC=0.0000  Train=0.339s  Test=3.429s  Peak RAM=37.144 MB
2026-03-18 08:57:42 | INFO | [ncluster=208/208] AUC-ROC=50.00%  AUC-PR=50.00%  F1=0.0000  MCC=0.0000  Train=0.465s  Test=3.948s  Peak RAM=37.139 MB
2026-03-18 08:57:42 | INFO | [ncluster=211/211] AUC-ROC=50.00%  AUC-PR=50.00%  F1=0.0000  MCC=0.0000  Train=0.448s  Test=3.394s  Peak RAM=37.141 MB
2026-03-18 08:57:42 | INFO | [ncluster=214/214] AUC-ROC=69.92%  AUC-PR=62.44%  F1=0.7665  MCC=0.4893  Train=0.571s  Test=3.562s  Peak RAM=37.146 MB
2026-03-18 08:57:42 | INFO | [ncluster=217/217] AUC-ROC=50.04%  AUC-PR=50.02%  F1=0.6668  MCC=0.0163  Train=0.253s  Test=3.266s  Peak RAM=37.146 MB
2026-03-18 08:57:42 | INFO | [ncluster=220/220] AUC-ROC=69.13%  AUC-PR=61.82%  F1=0.7647  MCC=0.4854  Train=0.286s  Test=3.277s  Peak RAM=37.146 MB
2026-03-18 08:57:42 | INFO | [ncluster=223/223] AUC-ROC=50.00%  AUC-PR=50.00%  F1=0.0000  MCC=0.0000  Train=0.211s  Test=2.988s  Peak RAM=37.147 MB
2026-03-18 08:57:42 | INFO | [ncluster=226/226] AUC-ROC=50.00%  AUC-PR=50.00%  F1=0.0000  MCC=0.0000  Train=0.480s  Test=3.463s  Peak RAM=37.147 MB
2026-03-18 08:57:43 | INFO | [ncluster=229/229] AUC-ROC=50.00%  AUC-PR=50.00%  F1=0.0000  MCC=0.0000  Train=0.295s  Test=3.350s  Peak RAM=37.148 MB
2026-03-18 08:57:43 | INFO | [ncluster=232/232] AUC-ROC=69.34%  AUC-PR=61.99%  F1=0.7656  MCC=0.4891  Train=0.250s  Test=2.832s  Peak RAM=37.147 MB
2026-03-18 08:57:43 | INFO | [ncluster=235/235] AUC-ROC=62.89%  AUC-PR=57.49%  F1=0.7172  MCC=0.3297  Train=0.236s  Test=2.932s  Peak RAM=37.148 MB
2026-03-18 08:57:43 | INFO | [ncluster=238/238] AUC-ROC=50.00%  AUC-PR=50.00%  F1=0.0000  MCC=0.0000  Train=0.301s  Test=3.438s  Peak RAM=37.15 MB
2026-03-18 08:57:43 | INFO | [ncluster=241/241] AUC-ROC=50.00%  AUC-PR=50.00%  F1=0.0000  MCC=0.0000  Train=0.296s  Test=2.945s  Peak RAM=37.15 MB
2026-03-18 08:57:43 | INFO | [ncluster=244/244] AUC-ROC=50.00%  AUC-PR=50.00%  F1=0.0000  MCC=0.0000  Train=0.299s  Test=4.214s  Peak RAM=37.15 MB
2026-03-18 08:57:43 | INFO | [ncluster=247/247] AUC-ROC=50.00%  AUC-PR=50.00%  F1=0.0000  MCC=0.0000  Train=0.357s  Test=4.006s  Peak RAM=37.15 MB
2026-03-18 08:57:43 | INFO | [ncluster=250/250] AUC-ROC=50.00%  AUC-PR=50.00%  F1=0.0000  MCC=0.0000  Train=0.353s  Test=3.852s  Peak RAM=37.151 MB
2026-03-18 08:57:43 | INFO | [ncluster=253/253] AUC-ROC=50.00%  AUC-PR=50.00%  F1=0.0000  MCC=0.0000  Train=0.212s  Test=3.387s  Peak RAM=37.151 MB
2026-03-18 08:57:43 | INFO | [ncluster=256/256] AUC-ROC=66.57%  AUC-PR=59.93%  F1=0.7493  MCC=0.4451  Train=0.270s  Test=3.326s  Peak RAM=37.153 MB
2026-03-18 08:57:43 | INFO | [ncluster=259/259] AUC-ROC=50.04%  AUC-PR=50.02%  F1=0.6668  MCC=0.0164  Train=0.260s  Test=3.003s  Peak RAM=37.151 MB
2026-03-18 08:57:43 | INFO | [ncluster=262/262] AUC-ROC=50.00%  AUC-PR=50.00%  F1=0.0000  MCC=0.0000  Train=0.284s  Test=2.933s  Peak RAM=37.154 MB
2026-03-18 08:57:43 | INFO | [ncluster=265/265] AUC-ROC=50.04%  AUC-PR=50.02%  F1=0.6668  MCC=0.0164  Train=0.481s  Test=3.201s  Peak RAM=37.155 MB
2026-03-18 08:57:43 | INFO | [ncluster=268/268] AUC-ROC=50.00%  AUC-PR=50.00%  F1=0.0000  MCC=0.0000  Train=0.205s  Test=2.658s  Peak RAM=37.154 MB
2026-03-18 08:57:43 | INFO | [ncluster=271/271] AUC-ROC=50.00%  AUC-PR=50.00%  F1=0.0000  MCC=0.0000  Train=0.250s  Test=2.470s  Peak RAM=37.156 MB
2026-03-18 08:57:43 | INFO | [ncluster=274/274] AUC-ROC=86.48%  AUC-PR=78.72%  F1=0.8759  MCC=0.7449  Train=0.178s  Test=2.845s  Peak RAM=37.156 MB
2026-03-18 08:57:43 | INFO | [ncluster=277/277] AUC-ROC=50.03%  AUC-PR=50.02%  F1=0.6667  MCC=0.0123  Train=0.211s  Test=2.792s  Peak RAM=37.157 MB
2026-03-18 08:57:43 | INFO | [ncluster=280/280] AUC-ROC=69.50%  AUC-PR=62.09%  F1=0.7673  MCC=0.4925  Train=0.192s  Test=2.698s  Peak RAM=37.156 MB
2026-03-18 08:57:43 | INFO | [ncluster=283/283] AUC-ROC=50.00%  AUC-PR=50.00%  F1=0.0000  MCC=0.0000  Train=0.269s  Test=2.658s  Peak RAM=37.157 MB
2026-03-18 08:57:43 | INFO | [ncluster=286/286] AUC-ROC=50.00%  AUC-PR=50.00%  F1=0.0000  MCC=0.0000  Train=0.158s  Test=2.776s  Peak RAM=37.158 MB
2026-03-18 08:57:43 | INFO | [ncluster=289/289] AUC-ROC=50.04%  AUC-PR=50.02%  F1=0.6668  MCC=0.0173  Train=0.129s  Test=1.714s  Peak RAM=37.158 MB
2026-03-18 08:57:43 | INFO | [ncluster=292/292] AUC-ROC=48.07%  AUC-PR=49.06%  F1=0.0000  MCC=0.0000  Train=0.104s  Test=1.563s  Peak RAM=37.158 MB
2026-03-18 08:57:43 | INFO | [ncluster=295/295] AUC-ROC=50.04%  AUC-PR=50.02%  F1=0.6668  MCC=0.0148  Train=0.106s  Test=1.755s  Peak RAM=37.159 MB
2026-03-18 08:57:43 | INFO | [ncluster=298/298] AUC-ROC=50.04%  AUC-PR=50.02%  F1=0.6668  MCC=0.0155  Train=0.095s  Test=1.360s  Peak RAM=37.161 MB
2026-03-18 08:57:43 | INFO | --- noise=1% ---
2026-03-18 08:57:43 | INFO | ============================================================
2026-03-18 08:57:43 | INFO | Dataset  : Train_MinMaxScaler_data_CICIoT2023.csv
2026-03-18 08:57:43 | INFO | Scaler   : MinMaxScaler
2026-03-18 08:57:43 | INFO | Noise    : 1%
2026-03-18 08:57:43 | INFO | nClusters: 100 values (1..298)
2026-03-18 08:57:43 | INFO | ============================================================
2026-03-18 08:57:43 | INFO | Loaded Raw Shape -> Train: (30000, 45), Test: (30000, 45)
2026-03-18 08:57:43 | INFO | Training size : 30,300  |  Testing size: 29,700  |  Features: 44
2026-03-18 08:57:43 | INFO | Firing up Parallel execution for 100 cluster configs...
2026-03-18 09:01:15 | INFO | [ncluster=1/1] AUC-ROC=50.00%  AUC-PR=50.51%  F1=0.0000  MCC=0.0000  Train=0.267s  Test=6.605s  Peak RAM=37.476 MB
2026-03-18 09:01:15 | INFO | [ncluster=4/4] AUC-ROC=50.00%  AUC-PR=50.51%  F1=0.0000  MCC=0.0000  Train=0.436s  Test=7.799s  Peak RAM=37.478 MB
2026-03-18 09:01:15 | INFO | [ncluster=7/7] AUC-ROC=50.00%  AUC-PR=50.51%  F1=0.0000  MCC=0.0000  Train=0.849s  Test=9.110s  Peak RAM=37.479 MB
2026-03-18 09:01:15 | INFO | [ncluster=10/10] AUC-ROC=50.00%  AUC-PR=50.51%  F1=0.0000  MCC=0.0000  Train=0.622s  Test=9.886s  Peak RAM=37.479 MB
2026-03-18 09:01:15 | INFO | [ncluster=13/13] AUC-ROC=50.00%  AUC-PR=50.51%  F1=0.0000  MCC=0.0000  Train=0.463s  Test=7.539s  Peak RAM=37.48 MB
2026-03-18 09:01:15 | INFO | [ncluster=16/16] AUC-ROC=50.00%  AUC-PR=50.51%  F1=0.0000  MCC=0.0000  Train=1.046s  Test=9.175s  Peak RAM=37.479 MB
2026-03-18 09:01:15 | INFO | [ncluster=19/19] AUC-ROC=50.00%  AUC-PR=50.51%  F1=0.0000  MCC=0.0000  Train=0.928s  Test=9.061s  Peak RAM=37.48 MB
2026-03-18 09:01:15 | INFO | [ncluster=22/22] AUC-ROC=50.00%  AUC-PR=50.51%  F1=0.0000  MCC=0.0000  Train=1.189s  Test=8.220s  Peak RAM=37.48 MB
2026-03-18 09:01:15 | INFO | [ncluster=25/25] AUC-ROC=50.00%  AUC-PR=50.51%  F1=0.0000  MCC=0.0000  Train=1.039s  Test=9.569s  Peak RAM=37.48 MB
2026-03-18 09:01:15 | INFO | [ncluster=28/28] AUC-ROC=50.00%  AUC-PR=50.51%  F1=0.0000  MCC=0.0000  Train=1.546s  Test=6.716s  Peak RAM=37.482 MB
2026-03-18 09:01:15 | INFO | [ncluster=31/31] AUC-ROC=50.00%  AUC-PR=50.51%  F1=0.0000  MCC=0.0000  Train=1.356s  Test=6.470s  Peak RAM=37.482 MB
2026-03-18 09:01:15 | INFO | [ncluster=34/34] AUC-ROC=50.00%  AUC-PR=50.51%  F1=0.0000  MCC=0.0000  Train=1.582s  Test=6.058s  Peak RAM=37.483 MB
2026-03-18 09:01:15 | INFO | [ncluster=37/37] AUC-ROC=50.00%  AUC-PR=50.51%  F1=0.0000  MCC=0.0000  Train=0.313s  Test=3.920s  Peak RAM=37.485 MB
2026-03-18 09:01:15 | INFO | [ncluster=40/40] AUC-ROC=50.00%  AUC-PR=50.51%  F1=0.0000  MCC=0.0000  Train=0.352s  Test=4.694s  Peak RAM=37.484 MB
2026-03-18 09:01:15 | INFO | [ncluster=43/43] AUC-ROC=50.00%  AUC-PR=50.51%  F1=0.0000  MCC=0.0000  Train=0.474s  Test=5.004s  Peak RAM=37.485 MB
2026-03-18 09:01:15 | INFO | [ncluster=46/46] AUC-ROC=50.00%  AUC-PR=50.51%  F1=0.0000  MCC=0.0000  Train=0.635s  Test=5.894s  Peak RAM=37.485 MB
2026-03-18 09:01:15 | INFO | [ncluster=49/49] AUC-ROC=50.00%  AUC-PR=50.51%  F1=0.0000  MCC=0.0000  Train=0.619s  Test=6.832s  Peak RAM=37.487 MB
2026-03-18 09:01:15 | INFO | [ncluster=52/52] AUC-ROC=50.00%  AUC-PR=50.51%  F1=0.0000  MCC=0.0000  Train=0.625s  Test=6.226s  Peak RAM=37.486 MB
2026-03-18 09:01:15 | INFO | [ncluster=55/55] AUC-ROC=50.00%  AUC-PR=50.51%  F1=0.0000  MCC=0.0000  Train=0.960s  Test=6.444s  Peak RAM=37.487 MB
2026-03-18 09:01:15 | INFO | [ncluster=58/58] AUC-ROC=50.00%  AUC-PR=50.51%  F1=0.0000  MCC=0.0000  Train=0.775s  Test=6.065s  Peak RAM=37.488 MB
2026-03-18 09:01:15 | INFO | [ncluster=61/61] AUC-ROC=50.00%  AUC-PR=50.51%  F1=0.0000  MCC=0.0000  Train=0.917s  Test=5.336s  Peak RAM=37.488 MB
2026-03-18 09:01:15 | INFO | [ncluster=64/64] AUC-ROC=50.00%  AUC-PR=50.51%  F1=0.0000  MCC=0.0000  Train=0.773s  Test=6.125s  Peak RAM=37.488 MB
2026-03-18 09:01:15 | INFO | [ncluster=67/67] AUC-ROC=50.00%  AUC-PR=50.51%  F1=0.0000  MCC=0.0000  Train=0.963s  Test=4.485s  Peak RAM=37.488 MB
2026-03-18 09:01:15 | INFO | [ncluster=70/70] AUC-ROC=50.00%  AUC-PR=50.51%  F1=0.0000  MCC=0.0000  Train=0.541s  Test=3.423s  Peak RAM=37.491 MB
2026-03-18 09:01:15 | INFO | [ncluster=73/73] AUC-ROC=50.00%  AUC-PR=50.51%  F1=0.0000  MCC=0.0000  Train=0.368s  Test=3.475s  Peak RAM=37.491 MB
2026-03-18 09:01:15 | INFO | [ncluster=76/76] AUC-ROC=50.00%  AUC-PR=50.51%  F1=0.0000  MCC=0.0000  Train=0.441s  Test=4.081s  Peak RAM=37.491 MB
2026-03-18 09:01:15 | INFO | [ncluster=79/79] AUC-ROC=50.00%  AUC-PR=50.51%  F1=0.0000  MCC=0.0000  Train=0.430s  Test=3.842s  Peak RAM=37.493 MB
2026-03-18 09:01:15 | INFO | [ncluster=82/82] AUC-ROC=50.00%  AUC-PR=50.51%  F1=0.0000  MCC=0.0000  Train=0.221s  Test=4.930s  Peak RAM=37.492 MB
2026-03-18 09:01:15 | INFO | [ncluster=85/85] AUC-ROC=50.00%  AUC-PR=50.51%  F1=0.0000  MCC=0.0000  Train=0.296s  Test=5.484s  Peak RAM=37.493 MB
2026-03-18 09:01:15 | INFO | [ncluster=88/88] AUC-ROC=50.00%  AUC-PR=50.51%  F1=0.0000  MCC=0.0000  Train=0.407s  Test=5.842s  Peak RAM=37.493 MB
2026-03-18 09:01:15 | INFO | [ncluster=91/91] AUC-ROC=50.00%  AUC-PR=50.51%  F1=0.0000  MCC=0.0000  Train=0.369s  Test=5.817s  Peak RAM=37.494 MB
2026-03-18 09:01:15 | INFO | [ncluster=94/94] AUC-ROC=50.00%  AUC-PR=50.51%  F1=0.0000  MCC=0.0000  Train=0.579s  Test=4.688s  Peak RAM=37.495 MB
2026-03-18 09:01:15 | INFO | [ncluster=97/97] AUC-ROC=50.00%  AUC-PR=50.51%  F1=0.0000  MCC=0.0000  Train=0.896s  Test=4.834s  Peak RAM=37.494 MB
2026-03-18 09:01:15 | INFO | [ncluster=100/100] AUC-ROC=50.00%  AUC-PR=50.51%  F1=0.0000  MCC=0.0000  Train=0.684s  Test=5.868s  Peak RAM=37.495 MB
2026-03-18 09:01:15 | INFO | [ncluster=103/103] AUC-ROC=50.00%  AUC-PR=50.51%  F1=0.0000  MCC=0.0000  Train=0.701s  Test=4.244s  Peak RAM=37.495 MB
2026-03-18 09:01:15 | INFO | [ncluster=106/106] AUC-ROC=50.00%  AUC-PR=50.51%  F1=0.0000  MCC=0.0000  Train=0.468s  Test=4.150s  Peak RAM=37.497 MB
2026-03-18 09:01:15 | INFO | [ncluster=109/109] AUC-ROC=50.00%  AUC-PR=50.51%  F1=0.0000  MCC=0.0000  Train=0.309s  Test=3.494s  Peak RAM=37.497 MB
2026-03-18 09:01:15 | INFO | [ncluster=112/112] AUC-ROC=50.00%  AUC-PR=50.51%  F1=0.0000  MCC=0.0000  Train=0.526s  Test=3.505s  Peak RAM=37.497 MB
2026-03-18 09:01:15 | INFO | [ncluster=115/115] AUC-ROC=50.00%  AUC-PR=50.51%  F1=0.0000  MCC=0.0000  Train=0.245s  Test=3.571s  Peak RAM=37.498 MB
2026-03-18 09:01:15 | INFO | [ncluster=118/118] AUC-ROC=50.00%  AUC-PR=50.51%  F1=0.0000  MCC=0.0000  Train=0.335s  Test=4.114s  Peak RAM=37.498 MB
2026-03-18 09:01:15 | INFO | [ncluster=121/121] AUC-ROC=50.00%  AUC-PR=50.51%  F1=0.0000  MCC=0.0000  Train=0.320s  Test=3.762s  Peak RAM=37.499 MB
2026-03-18 09:01:15 | INFO | [ncluster=124/124] AUC-ROC=50.00%  AUC-PR=50.51%  F1=0.0000  MCC=0.0000  Train=0.613s  Test=3.866s  Peak RAM=37.499 MB
2026-03-18 09:01:15 | INFO | [ncluster=127/127] AUC-ROC=50.00%  AUC-PR=50.51%  F1=0.0000  MCC=0.0000  Train=0.427s  Test=3.718s  Peak RAM=37.5 MB
2026-03-18 09:01:15 | INFO | [ncluster=130/130] AUC-ROC=50.00%  AUC-PR=50.51%  F1=0.0000  MCC=0.0000  Train=0.408s  Test=3.730s  Peak RAM=37.502 MB
2026-03-18 09:01:15 | INFO | [ncluster=133/133] AUC-ROC=50.00%  AUC-PR=50.51%  F1=0.0000  MCC=0.0000  Train=0.458s  Test=3.434s  Peak RAM=37.501 MB
2026-03-18 09:01:15 | INFO | [ncluster=136/136] AUC-ROC=50.00%  AUC-PR=50.51%  F1=0.0000  MCC=0.0000  Train=0.513s  Test=3.654s  Peak RAM=37.504 MB
2026-03-18 09:01:15 | INFO | [ncluster=139/139] AUC-ROC=50.00%  AUC-PR=50.51%  F1=0.0000  MCC=0.0000  Train=0.415s  Test=4.214s  Peak RAM=37.502 MB
2026-03-18 09:01:15 | INFO | [ncluster=142/142] AUC-ROC=50.00%  AUC-PR=50.51%  F1=0.0000  MCC=0.0000  Train=0.373s  Test=3.434s  Peak RAM=37.503 MB
2026-03-18 09:01:15 | INFO | [ncluster=145/145] AUC-ROC=50.00%  AUC-PR=50.51%  F1=0.0000  MCC=0.0000  Train=0.287s  Test=4.252s  Peak RAM=37.502 MB
2026-03-18 09:01:15 | INFO | [ncluster=148/148] AUC-ROC=50.00%  AUC-PR=50.51%  F1=0.0000  MCC=0.0000  Train=0.440s  Test=3.637s  Peak RAM=37.503 MB
2026-03-18 09:01:15 | INFO | [ncluster=151/151] AUC-ROC=50.00%  AUC-PR=50.51%  F1=0.0000  MCC=0.0000  Train=0.241s  Test=3.927s  Peak RAM=37.504 MB
2026-03-18 09:01:15 | INFO | [ncluster=154/154] AUC-ROC=50.00%  AUC-PR=50.51%  F1=0.0000  MCC=0.0000  Train=0.211s  Test=2.913s  Peak RAM=37.504 MB
2026-03-18 09:01:15 | INFO | [ncluster=157/157] AUC-ROC=70.97%  AUC-PR=63.94%  F1=0.7655  MCC=0.4688  Train=0.299s  Test=3.752s  Peak RAM=37.506 MB
2026-03-18 09:01:15 | INFO | [ncluster=160/160] AUC-ROC=65.81%  AUC-PR=60.02%  F1=0.7331  MCC=0.3718  Train=0.593s  Test=3.549s  Peak RAM=37.506 MB
2026-03-18 09:01:15 | INFO | [ncluster=163/163] AUC-ROC=67.10%  AUC-PR=60.90%  F1=0.7292  MCC=0.3697  Train=0.305s  Test=3.555s  Peak RAM=37.506 MB
2026-03-18 09:01:15 | INFO | [ncluster=166/166] AUC-ROC=67.29%  AUC-PR=61.04%  F1=0.7453  MCC=0.4109  Train=0.409s  Test=3.430s  Peak RAM=37.507 MB
2026-03-18 09:01:15 | INFO | [ncluster=169/169] AUC-ROC=50.00%  AUC-PR=50.51%  F1=0.0000  MCC=0.0000  Train=0.354s  Test=3.135s  Peak RAM=37.507 MB
2026-03-18 09:01:15 | INFO | [ncluster=172/172] AUC-ROC=76.09%  AUC-PR=68.59%  F1=0.7752  MCC=0.4980  Train=0.281s  Test=3.671s  Peak RAM=37.509 MB
2026-03-18 09:01:15 | INFO | [ncluster=175/175] AUC-ROC=72.22%  AUC-PR=65.46%  F1=0.7568  MCC=0.4508  Train=0.482s  Test=4.087s  Peak RAM=37.509 MB
2026-03-18 09:01:15 | INFO | [ncluster=178/178] AUC-ROC=66.14%  AUC-PR=60.22%  F1=0.7401  MCC=0.3947  Train=0.394s  Test=3.772s  Peak RAM=37.51 MB
2026-03-18 09:01:15 | INFO | [ncluster=181/181] AUC-ROC=70.32%  AUC-PR=63.28%  F1=0.7677  MCC=0.4789  Train=0.551s  Test=4.527s  Peak RAM=37.509 MB
2026-03-18 09:01:15 | INFO | [ncluster=184/184] AUC-ROC=50.00%  AUC-PR=50.51%  F1=0.0000  MCC=0.0000  Train=0.494s  Test=4.417s  Peak RAM=37.51 MB
2026-03-18 09:01:15 | INFO | [ncluster=187/187] AUC-ROC=50.00%  AUC-PR=50.51%  F1=0.0000  MCC=0.0000  Train=0.533s  Test=3.305s  Peak RAM=37.512 MB
2026-03-18 09:01:15 | INFO | [ncluster=190/190] AUC-ROC=69.18%  AUC-PR=62.66%  F1=0.7478  MCC=0.4187  Train=0.171s  Test=3.182s  Peak RAM=37.511 MB
2026-03-18 09:01:15 | INFO | [ncluster=193/193] AUC-ROC=66.15%  AUC-PR=60.20%  F1=0.7446  MCC=0.4105  Train=0.633s  Test=3.390s  Peak RAM=37.513 MB
2026-03-18 09:01:15 | INFO | [ncluster=196/196] AUC-ROC=50.00%  AUC-PR=50.51%  F1=0.0000  MCC=0.0000  Train=0.415s  Test=3.181s  Peak RAM=37.511 MB
2026-03-18 09:01:15 | INFO | [ncluster=199/199] AUC-ROC=69.00%  AUC-PR=62.41%  F1=0.7468  MCC=0.4156  Train=0.411s  Test=2.948s  Peak RAM=37.513 MB
2026-03-18 09:01:15 | INFO | [ncluster=202/202] AUC-ROC=65.73%  AUC-PR=59.93%  F1=0.7359  MCC=0.3808  Train=0.265s  Test=3.585s  Peak RAM=37.514 MB
2026-03-18 09:01:15 | INFO | [ncluster=205/205] AUC-ROC=68.23%  AUC-PR=61.70%  F1=0.7542  MCC=0.4407  Train=0.336s  Test=3.380s  Peak RAM=37.516 MB
2026-03-18 09:01:15 | INFO | [ncluster=208/208] AUC-ROC=50.00%  AUC-PR=50.51%  F1=0.0000  MCC=0.0000  Train=0.229s  Test=3.926s  Peak RAM=37.518 MB
2026-03-18 09:01:15 | INFO | [ncluster=211/211] AUC-ROC=50.00%  AUC-PR=50.51%  F1=0.0000  MCC=0.0000  Train=0.439s  Test=3.869s  Peak RAM=37.517 MB
2026-03-18 09:01:15 | INFO | [ncluster=214/214] AUC-ROC=68.52%  AUC-PR=61.97%  F1=0.7481  MCC=0.4186  Train=0.451s  Test=4.593s  Peak RAM=37.517 MB
2026-03-18 09:01:15 | INFO | [ncluster=217/217] AUC-ROC=50.00%  AUC-PR=50.51%  F1=0.0000  MCC=0.0000  Train=0.418s  Test=3.092s  Peak RAM=37.517 MB
2026-03-18 09:01:15 | INFO | [ncluster=220/220] AUC-ROC=73.55%  AUC-PR=66.14%  F1=0.7822  MCC=0.5149  Train=0.301s  Test=3.193s  Peak RAM=37.519 MB
2026-03-18 09:01:15 | INFO | [ncluster=223/223] AUC-ROC=73.41%  AUC-PR=65.94%  F1=0.7762  MCC=0.4980  Train=0.288s  Test=2.888s  Peak RAM=37.517 MB
2026-03-18 09:01:15 | INFO | [ncluster=226/226] AUC-ROC=50.00%  AUC-PR=50.51%  F1=0.0000  MCC=0.0000  Train=0.345s  Test=3.252s  Peak RAM=37.519 MB
2026-03-18 09:01:15 | INFO | [ncluster=229/229] AUC-ROC=50.00%  AUC-PR=50.51%  F1=0.0000  MCC=0.0000  Train=0.398s  Test=2.975s  Peak RAM=37.519 MB
2026-03-18 09:01:15 | INFO | [ncluster=232/232] AUC-ROC=68.67%  AUC-PR=62.17%  F1=0.7488  MCC=0.4205  Train=0.295s  Test=3.648s  Peak RAM=37.52 MB
2026-03-18 09:01:15 | INFO | [ncluster=235/235] AUC-ROC=50.00%  AUC-PR=50.51%  F1=0.0000  MCC=0.0000  Train=0.272s  Test=3.170s  Peak RAM=37.521 MB
2026-03-18 09:01:15 | INFO | [ncluster=238/238] AUC-ROC=69.62%  AUC-PR=62.95%  F1=0.7481  MCC=0.4198  Train=0.365s  Test=3.586s  Peak RAM=37.521 MB
2026-03-18 09:01:15 | INFO | [ncluster=241/241] AUC-ROC=71.57%  AUC-PR=64.63%  F1=0.7628  MCC=0.4619  Train=0.419s  Test=3.721s  Peak RAM=37.519 MB
2026-03-18 09:01:15 | INFO | [ncluster=244/244] AUC-ROC=69.25%  AUC-PR=62.70%  F1=0.7356  MCC=0.3896  Train=0.276s  Test=3.858s  Peak RAM=37.522 MB
2026-03-18 09:01:15 | INFO | [ncluster=247/247] AUC-ROC=64.92%  AUC-PR=59.36%  F1=0.7341  MCC=0.3756  Train=0.473s  Test=4.194s  Peak RAM=37.522 MB
2026-03-18 09:01:15 | INFO | [ncluster=250/250] AUC-ROC=50.00%  AUC-PR=50.51%  F1=0.0000  MCC=0.0000  Train=0.274s  Test=3.504s  Peak RAM=37.521 MB
2026-03-18 09:01:15 | INFO | [ncluster=253/253] AUC-ROC=58.63%  AUC-PR=55.26%  F1=0.7051  MCC=0.2704  Train=0.565s  Test=3.393s  Peak RAM=37.522 MB
2026-03-18 09:01:15 | INFO | [ncluster=256/256] AUC-ROC=50.10%  AUC-PR=50.55%  F1=0.6715  MCC=0.0267  Train=0.393s  Test=3.034s  Peak RAM=37.523 MB
2026-03-18 09:01:15 | INFO | [ncluster=259/259] AUC-ROC=69.03%  AUC-PR=62.58%  F1=0.7445  MCC=0.4102  Train=0.331s  Test=3.113s  Peak RAM=37.523 MB
2026-03-18 09:01:15 | INFO | [ncluster=262/262] AUC-ROC=69.02%  AUC-PR=62.41%  F1=0.7516  MCC=0.4290  Train=0.274s  Test=3.325s  Peak RAM=37.524 MB
2026-03-18 09:01:15 | INFO | [ncluster=265/265] AUC-ROC=50.04%  AUC-PR=50.52%  F1=0.6712  MCC=0.0151  Train=0.301s  Test=3.270s  Peak RAM=37.525 MB
2026-03-18 09:01:15 | INFO | [ncluster=268/268] AUC-ROC=65.28%  AUC-PR=59.87%  F1=0.7201  MCC=0.3373  Train=0.327s  Test=3.056s  Peak RAM=37.525 MB
2026-03-18 09:01:15 | INFO | [ncluster=271/271] AUC-ROC=50.04%  AUC-PR=50.52%  F1=0.6712  MCC=0.0151  Train=0.195s  Test=2.833s  Peak RAM=37.526 MB
2026-03-18 09:01:15 | INFO | [ncluster=274/274] AUC-ROC=69.57%  AUC-PR=62.89%  F1=0.7487  MCC=0.4213  Train=0.236s  Test=3.523s  Peak RAM=37.527 MB
2026-03-18 09:01:15 | INFO | [ncluster=277/277] AUC-ROC=50.00%  AUC-PR=50.51%  F1=0.0000  MCC=0.0000  Train=0.225s  Test=3.375s  Peak RAM=37.528 MB
2026-03-18 09:01:15 | INFO | [ncluster=280/280] AUC-ROC=50.00%  AUC-PR=50.51%  F1=0.0000  MCC=0.0000  Train=0.315s  Test=2.800s  Peak RAM=37.528 MB
2026-03-18 09:01:15 | INFO | [ncluster=283/283] AUC-ROC=70.96%  AUC-PR=63.92%  F1=0.7639  MCC=0.4644  Train=0.170s  Test=2.644s  Peak RAM=37.527 MB
2026-03-18 09:01:15 | INFO | [ncluster=286/286] AUC-ROC=50.10%  AUC-PR=50.55%  F1=0.6715  MCC=0.0279  Train=0.180s  Test=2.643s  Peak RAM=37.529 MB
2026-03-18 09:01:15 | INFO | [ncluster=289/289] AUC-ROC=64.34%  AUC-PR=58.45%  F1=0.7319  MCC=0.3771  Train=0.410s  Test=2.333s  Peak RAM=37.529 MB
2026-03-18 09:01:15 | INFO | [ncluster=292/292] AUC-ROC=50.00%  AUC-PR=50.51%  F1=0.0000  MCC=0.0000  Train=0.185s  Test=1.902s  Peak RAM=37.53 MB
2026-03-18 09:01:15 | INFO | [ncluster=295/295] AUC-ROC=66.09%  AUC-PR=60.13%  F1=0.7354  MCC=0.3791  Train=0.111s  Test=1.735s  Peak RAM=37.529 MB
2026-03-18 09:01:15 | INFO | [ncluster=298/298] AUC-ROC=50.04%  AUC-PR=50.52%  F1=0.6713  MCC=0.0167  Train=0.111s  Test=1.537s  Peak RAM=37.53 MB
2026-03-18 09:01:15 | INFO | --- noise=3% ---
2026-03-18 09:01:15 | INFO | ============================================================
2026-03-18 09:01:15 | INFO | Dataset  : Train_MinMaxScaler_data_CICIoT2023.csv
2026-03-18 09:01:15 | INFO | Scaler   : MinMaxScaler
2026-03-18 09:01:15 | INFO | Noise    : 3%
2026-03-18 09:01:15 | INFO | nClusters: 100 values (1..298)
2026-03-18 09:01:15 | INFO | ============================================================
2026-03-18 09:01:15 | INFO | Loaded Raw Shape -> Train: (30000, 45), Test: (30000, 45)
2026-03-18 09:01:15 | INFO | Training size : 30,900  |  Testing size: 29,100  |  Features: 44
2026-03-18 09:01:15 | INFO | Firing up Parallel execution for 100 cluster configs...
2026-03-18 09:04:53 | INFO | [ncluster=1/1] AUC-ROC=50.00%  AUC-PR=51.55%  F1=0.0000  MCC=0.0000  Train=0.357s  Test=7.268s  Peak RAM=38.216 MB
2026-03-18 09:04:53 | INFO | [ncluster=4/4] AUC-ROC=50.00%  AUC-PR=51.55%  F1=0.0000  MCC=0.0000  Train=0.391s  Test=7.969s  Peak RAM=38.219 MB
2026-03-18 09:04:53 | INFO | [ncluster=7/7] AUC-ROC=50.00%  AUC-PR=51.55%  F1=0.0000  MCC=0.0000  Train=0.606s  Test=8.599s  Peak RAM=38.22 MB
2026-03-18 09:04:53 | INFO | [ncluster=10/10] AUC-ROC=50.00%  AUC-PR=51.55%  F1=0.0000  MCC=0.0000  Train=0.643s  Test=8.518s  Peak RAM=38.22 MB
2026-03-18 09:04:53 | INFO | [ncluster=13/13] AUC-ROC=50.00%  AUC-PR=51.55%  F1=0.0000  MCC=0.0000  Train=0.657s  Test=8.535s  Peak RAM=38.221 MB
2026-03-18 09:04:53 | INFO | [ncluster=16/16] AUC-ROC=50.00%  AUC-PR=51.55%  F1=0.0000  MCC=0.0000  Train=0.673s  Test=10.176s  Peak RAM=38.222 MB
2026-03-18 09:04:53 | INFO | [ncluster=19/19] AUC-ROC=50.00%  AUC-PR=51.55%  F1=0.0000  MCC=0.0000  Train=0.806s  Test=9.278s  Peak RAM=38.222 MB
2026-03-18 09:04:53 | INFO | [ncluster=22/22] AUC-ROC=50.00%  AUC-PR=51.55%  F1=0.0000  MCC=0.0000  Train=1.153s  Test=9.730s  Peak RAM=38.223 MB
2026-03-18 09:04:53 | INFO | [ncluster=25/25] AUC-ROC=50.00%  AUC-PR=51.55%  F1=0.0000  MCC=0.0000  Train=1.073s  Test=9.679s  Peak RAM=38.222 MB
2026-03-18 09:04:53 | INFO | [ncluster=28/28] AUC-ROC=50.00%  AUC-PR=51.55%  F1=0.0000  MCC=0.0000  Train=1.709s  Test=7.583s  Peak RAM=38.223 MB
2026-03-18 09:04:53 | INFO | [ncluster=31/31] AUC-ROC=50.00%  AUC-PR=51.55%  F1=0.0000  MCC=0.0000  Train=1.277s  Test=6.176s  Peak RAM=38.223 MB
2026-03-18 09:04:53 | INFO | [ncluster=34/34] AUC-ROC=50.00%  AUC-PR=51.55%  F1=0.0000  MCC=0.0000  Train=1.476s  Test=7.039s  Peak RAM=38.224 MB
2026-03-18 09:04:53 | INFO | [ncluster=37/37] AUC-ROC=50.00%  AUC-PR=51.55%  F1=0.0000  MCC=0.0000  Train=0.414s  Test=4.952s  Peak RAM=38.225 MB
2026-03-18 09:04:53 | INFO | [ncluster=40/40] AUC-ROC=50.00%  AUC-PR=51.55%  F1=0.0000  MCC=0.0000  Train=0.463s  Test=5.204s  Peak RAM=38.226 MB
2026-03-18 09:04:53 | INFO | [ncluster=43/43] AUC-ROC=50.00%  AUC-PR=51.55%  F1=0.0000  MCC=0.0000  Train=0.488s  Test=5.450s  Peak RAM=38.226 MB
2026-03-18 09:04:53 | INFO | [ncluster=46/46] AUC-ROC=50.00%  AUC-PR=51.55%  F1=0.0000  MCC=0.0000  Train=0.707s  Test=5.754s  Peak RAM=38.226 MB
2026-03-18 09:04:53 | INFO | [ncluster=49/49] AUC-ROC=50.00%  AUC-PR=51.55%  F1=0.0000  MCC=0.0000  Train=0.697s  Test=6.518s  Peak RAM=38.228 MB
2026-03-18 09:04:53 | INFO | [ncluster=52/52] AUC-ROC=50.00%  AUC-PR=51.55%  F1=0.0000  MCC=0.0000  Train=0.688s  Test=5.813s  Peak RAM=38.228 MB
2026-03-18 09:04:53 | INFO | [ncluster=55/55] AUC-ROC=50.00%  AUC-PR=51.55%  F1=0.0000  MCC=0.0000  Train=0.741s  Test=5.929s  Peak RAM=38.228 MB
2026-03-18 09:04:53 | INFO | [ncluster=58/58] AUC-ROC=50.00%  AUC-PR=51.55%  F1=0.0000  MCC=0.0000  Train=0.768s  Test=6.450s  Peak RAM=38.23 MB
2026-03-18 09:04:53 | INFO | [ncluster=61/61] AUC-ROC=50.00%  AUC-PR=51.55%  F1=0.0000  MCC=0.0000  Train=0.926s  Test=5.069s  Peak RAM=38.23 MB
2026-03-18 09:04:53 | INFO | [ncluster=64/64] AUC-ROC=50.00%  AUC-PR=51.55%  F1=0.0000  MCC=0.0000  Train=0.801s  Test=6.559s  Peak RAM=38.231 MB
2026-03-18 09:04:53 | INFO | [ncluster=67/67] AUC-ROC=50.00%  AUC-PR=51.55%  F1=0.0000  MCC=0.0000  Train=1.181s  Test=5.784s  Peak RAM=38.23 MB
2026-03-18 09:04:53 | INFO | [ncluster=70/70] AUC-ROC=50.00%  AUC-PR=51.55%  F1=0.0000  MCC=0.0000  Train=0.970s  Test=4.523s  Peak RAM=38.23 MB
2026-03-18 09:04:53 | INFO | [ncluster=73/73] AUC-ROC=50.00%  AUC-PR=51.55%  F1=0.0000  MCC=0.0000  Train=0.535s  Test=3.983s  Peak RAM=38.232 MB
2026-03-18 09:04:53 | INFO | [ncluster=76/76] AUC-ROC=50.00%  AUC-PR=51.55%  F1=0.0000  MCC=0.0000  Train=0.453s  Test=3.583s  Peak RAM=38.232 MB
2026-03-18 09:04:53 | INFO | [ncluster=79/79] AUC-ROC=50.00%  AUC-PR=51.55%  F1=0.0000  MCC=0.0000  Train=0.335s  Test=3.862s  Peak RAM=38.233 MB
2026-03-18 09:04:53 | INFO | [ncluster=82/82] AUC-ROC=50.00%  AUC-PR=51.55%  F1=0.0000  MCC=0.0000  Train=0.306s  Test=3.520s  Peak RAM=38.234 MB
2026-03-18 09:04:53 | INFO | [ncluster=85/85] AUC-ROC=55.25%  AUC-PR=54.15%  F1=0.7047  MCC=0.2349  Train=0.345s  Test=4.254s  Peak RAM=38.233 MB
2026-03-18 09:04:53 | INFO | [ncluster=88/88] AUC-ROC=50.00%  AUC-PR=51.55%  F1=0.0000  MCC=0.0000  Train=0.499s  Test=3.604s  Peak RAM=38.234 MB
2026-03-18 09:04:53 | INFO | [ncluster=91/91] AUC-ROC=50.00%  AUC-PR=51.55%  F1=0.0000  MCC=0.0000  Train=0.376s  Test=4.805s  Peak RAM=38.234 MB
2026-03-18 09:04:53 | INFO | [ncluster=94/94] AUC-ROC=50.00%  AUC-PR=51.55%  F1=0.0000  MCC=0.0000  Train=0.455s  Test=4.309s  Peak RAM=38.235 MB
2026-03-18 09:04:53 | INFO | [ncluster=97/97] AUC-ROC=61.84%  AUC-PR=58.27%  F1=0.7283  MCC=0.3317  Train=0.559s  Test=5.857s  Peak RAM=38.236 MB
2026-03-18 09:04:53 | INFO | [ncluster=100/100] AUC-ROC=62.97%  AUC-PR=59.06%  F1=0.7279  MCC=0.3296  Train=0.513s  Test=5.908s  Peak RAM=38.238 MB
2026-03-18 09:04:53 | INFO | [ncluster=103/103] AUC-ROC=50.00%  AUC-PR=51.55%  F1=0.0000  MCC=0.0000  Train=0.777s  Test=5.000s  Peak RAM=38.237 MB
2026-03-18 09:04:53 | INFO | [ncluster=106/106] AUC-ROC=50.00%  AUC-PR=51.55%  F1=0.0000  MCC=0.0000  Train=0.685s  Test=4.437s  Peak RAM=38.237 MB
2026-03-18 09:04:53 | INFO | [ncluster=109/109] AUC-ROC=60.41%  AUC-PR=57.38%  F1=0.7254  MCC=0.3214  Train=0.568s  Test=4.173s  Peak RAM=38.238 MB
2026-03-18 09:04:53 | INFO | [ncluster=112/112] AUC-ROC=50.00%  AUC-PR=51.55%  F1=0.0000  MCC=0.0000  Train=0.663s  Test=4.509s  Peak RAM=38.239 MB
2026-03-18 09:04:53 | INFO | [ncluster=115/115] AUC-ROC=50.00%  AUC-PR=51.55%  F1=0.0000  MCC=0.0000  Train=0.291s  Test=3.119s  Peak RAM=38.241 MB
2026-03-18 09:04:53 | INFO | [ncluster=118/118] AUC-ROC=64.23%  AUC-PR=59.83%  F1=0.7442  MCC=0.3909  Train=0.391s  Test=3.743s  Peak RAM=38.24 MB
2026-03-18 09:04:53 | INFO | [ncluster=121/121] AUC-ROC=62.40%  AUC-PR=58.90%  F1=0.7050  MCC=0.2719  Train=0.324s  Test=3.552s  Peak RAM=38.24 MB
2026-03-18 09:04:53 | INFO | [ncluster=124/124] AUC-ROC=61.67%  AUC-PR=58.15%  F1=0.7269  MCC=0.3256  Train=0.275s  Test=4.574s  Peak RAM=38.24 MB
2026-03-18 09:04:53 | INFO | [ncluster=127/127] AUC-ROC=50.00%  AUC-PR=51.55%  F1=0.0000  MCC=0.0000  Train=0.555s  Test=3.671s  Peak RAM=38.242 MB
2026-03-18 09:04:53 | INFO | [ncluster=130/130] AUC-ROC=72.59%  AUC-PR=66.72%  F1=0.7523  MCC=0.4328  Train=0.481s  Test=4.109s  Peak RAM=38.242 MB
2026-03-18 09:04:53 | INFO | [ncluster=133/133] AUC-ROC=50.00%  AUC-PR=51.55%  F1=0.0000  MCC=0.0000  Train=0.266s  Test=4.043s  Peak RAM=38.242 MB
2026-03-18 09:04:53 | INFO | [ncluster=136/136] AUC-ROC=57.31%  AUC-PR=55.51%  F1=0.7062  MCC=0.2395  Train=0.436s  Test=4.845s  Peak RAM=38.244 MB
2026-03-18 09:04:53 | INFO | [ncluster=139/139] AUC-ROC=50.00%  AUC-PR=51.55%  F1=0.0000  MCC=0.0000  Train=0.521s  Test=4.562s  Peak RAM=38.243 MB
2026-03-18 09:04:53 | INFO | [ncluster=142/142] AUC-ROC=50.00%  AUC-PR=51.55%  F1=0.0000  MCC=0.0000  Train=0.496s  Test=4.476s  Peak RAM=38.243 MB
2026-03-18 09:04:53 | INFO | [ncluster=145/145] AUC-ROC=50.00%  AUC-PR=51.55%  F1=0.0000  MCC=0.0000  Train=0.491s  Test=3.575s  Peak RAM=38.244 MB
2026-03-18 09:04:53 | INFO | [ncluster=148/148] AUC-ROC=65.50%  AUC-PR=60.72%  F1=0.7512  MCC=0.4137  Train=0.441s  Test=3.991s  Peak RAM=38.249 MB
2026-03-18 09:04:53 | INFO | [ncluster=151/151] AUC-ROC=64.68%  AUC-PR=60.23%  F1=0.7366  MCC=0.3605  Train=0.218s  Test=3.354s  Peak RAM=38.246 MB
2026-03-18 09:04:53 | INFO | [ncluster=154/154] AUC-ROC=67.94%  AUC-PR=62.84%  F1=0.7352  MCC=0.3714  Train=0.301s  Test=2.959s  Peak RAM=38.246 MB
2026-03-18 09:04:53 | INFO | [ncluster=157/157] AUC-ROC=59.41%  AUC-PR=56.74%  F1=0.7178  MCC=0.2916  Train=0.509s  Test=3.380s  Peak RAM=38.248 MB
2026-03-18 09:04:53 | INFO | [ncluster=160/160] AUC-ROC=67.05%  AUC-PR=62.05%  F1=0.7296  MCC=0.3528  Train=0.307s  Test=3.667s  Peak RAM=38.247 MB
2026-03-18 09:04:53 | INFO | [ncluster=163/163] AUC-ROC=56.33%  AUC-PR=54.92%  F1=0.7052  MCC=0.2359  Train=0.332s  Test=4.291s  Peak RAM=38.247 MB
2026-03-18 09:04:53 | INFO | [ncluster=166/166] AUC-ROC=50.00%  AUC-PR=51.55%  F1=0.0000  MCC=0.0000  Train=0.411s  Test=3.586s  Peak RAM=38.254 MB
2026-03-18 09:04:53 | INFO | [ncluster=169/169] AUC-ROC=65.43%  AUC-PR=60.92%  F1=0.7380  MCC=0.3667  Train=0.375s  Test=3.491s  Peak RAM=38.25 MB
2026-03-18 09:04:53 | INFO | [ncluster=172/172] AUC-ROC=61.38%  AUC-PR=57.96%  F1=0.7154  MCC=0.2887  Train=0.349s  Test=4.356s  Peak RAM=38.249 MB
2026-03-18 09:04:53 | INFO | [ncluster=175/175] AUC-ROC=50.00%  AUC-PR=51.55%  F1=0.0000  MCC=0.0000  Train=0.495s  Test=3.755s  Peak RAM=38.25 MB
2026-03-18 09:04:53 | INFO | [ncluster=178/178] AUC-ROC=63.92%  AUC-PR=59.65%  F1=0.7422  MCC=0.3815  Train=0.664s  Test=3.533s  Peak RAM=38.25 MB
2026-03-18 09:04:53 | INFO | [ncluster=181/181] AUC-ROC=60.84%  AUC-PR=57.64%  F1=0.7208  MCC=0.3027  Train=0.684s  Test=4.431s  Peak RAM=38.254 MB
2026-03-18 09:04:53 | INFO | [ncluster=184/184] AUC-ROC=50.00%  AUC-PR=51.55%  F1=0.0000  MCC=0.0000  Train=0.414s  Test=3.356s  Peak RAM=38.252 MB
2026-03-18 09:04:53 | INFO | [ncluster=187/187] AUC-ROC=57.33%  AUC-PR=55.51%  F1=0.7104  MCC=0.2613  Train=0.274s  Test=3.283s  Peak RAM=38.254 MB
2026-03-18 09:04:53 | INFO | [ncluster=190/190] AUC-ROC=59.65%  AUC-PR=56.78%  F1=0.7155  MCC=0.2859  Train=0.354s  Test=3.489s  Peak RAM=38.253 MB
2026-03-18 09:04:53 | INFO | [ncluster=193/193] AUC-ROC=56.15%  AUC-PR=54.58%  F1=0.7148  MCC=0.2795  Train=0.455s  Test=3.544s  Peak RAM=38.253 MB
2026-03-18 09:04:53 | INFO | [ncluster=196/196] AUC-ROC=65.61%  AUC-PR=60.92%  F1=0.7402  MCC=0.3727  Train=0.243s  Test=3.920s  Peak RAM=38.256 MB
2026-03-18 09:04:53 | INFO | [ncluster=199/199] AUC-ROC=65.89%  AUC-PR=61.09%  F1=0.7498  MCC=0.4052  Train=0.417s  Test=3.984s  Peak RAM=38.26 MB
2026-03-18 09:04:53 | INFO | [ncluster=202/202] AUC-ROC=67.45%  AUC-PR=62.25%  F1=0.7557  MCC=0.4225  Train=0.419s  Test=3.811s  Peak RAM=38.255 MB
2026-03-18 09:04:53 | INFO | [ncluster=205/205] AUC-ROC=60.93%  AUC-PR=57.79%  F1=0.7160  MCC=0.2862  Train=0.393s  Test=3.700s  Peak RAM=38.257 MB
2026-03-18 09:04:53 | INFO | [ncluster=208/208] AUC-ROC=61.96%  AUC-PR=58.52%  F1=0.7128  MCC=0.2834  Train=0.356s  Test=3.799s  Peak RAM=38.262 MB
2026-03-18 09:04:53 | INFO | [ncluster=211/211] AUC-ROC=63.36%  AUC-PR=59.30%  F1=0.7350  MCC=0.3552  Train=0.328s  Test=4.292s  Peak RAM=38.258 MB
2026-03-18 09:04:53 | INFO | [ncluster=214/214] AUC-ROC=50.00%  AUC-PR=51.55%  F1=0.0000  MCC=0.0000  Train=0.427s  Test=3.283s  Peak RAM=38.261 MB
2026-03-18 09:04:53 | INFO | [ncluster=217/217] AUC-ROC=68.10%  AUC-PR=62.70%  F1=0.7593  MCC=0.4338  Train=0.304s  Test=3.817s  Peak RAM=38.257 MB
2026-03-18 09:04:53 | INFO | [ncluster=220/220] AUC-ROC=71.61%  AUC-PR=65.75%  F1=0.7679  MCC=0.4610  Train=0.483s  Test=3.553s  Peak RAM=38.257 MB
2026-03-18 09:04:53 | INFO | [ncluster=223/223] AUC-ROC=62.59%  AUC-PR=58.80%  F1=0.7288  MCC=0.3325  Train=0.316s  Test=3.389s  Peak RAM=38.261 MB
2026-03-18 09:04:53 | INFO | [ncluster=226/226] AUC-ROC=69.85%  AUC-PR=64.28%  F1=0.7547  MCC=0.4235  Train=0.399s  Test=3.258s  Peak RAM=38.266 MB
2026-03-18 09:04:53 | INFO | [ncluster=229/229] AUC-ROC=57.24%  AUC-PR=55.47%  F1=0.7016  MCC=0.2212  Train=0.278s  Test=3.162s  Peak RAM=38.264 MB
2026-03-18 09:04:53 | INFO | [ncluster=232/232] AUC-ROC=65.70%  AUC-PR=60.91%  F1=0.7457  MCC=0.3909  Train=0.228s  Test=4.165s  Peak RAM=38.262 MB
2026-03-18 09:04:53 | INFO | [ncluster=235/235] AUC-ROC=63.22%  AUC-PR=59.29%  F1=0.7334  MCC=0.3493  Train=0.320s  Test=3.879s  Peak RAM=38.261 MB
2026-03-18 09:04:53 | INFO | [ncluster=238/238] AUC-ROC=58.94%  AUC-PR=56.49%  F1=0.7123  MCC=0.2673  Train=0.572s  Test=3.435s  Peak RAM=38.261 MB
2026-03-18 09:04:53 | INFO | [ncluster=241/241] AUC-ROC=61.26%  AUC-PR=58.23%  F1=0.7031  MCC=0.2602  Train=0.291s  Test=3.397s  Peak RAM=38.262 MB
2026-03-18 09:04:53 | INFO | [ncluster=244/244] AUC-ROC=50.04%  AUC-PR=51.56%  F1=0.6803  MCC=0.0134  Train=0.396s  Test=3.162s  Peak RAM=38.263 MB
2026-03-18 09:04:53 | INFO | [ncluster=247/247] AUC-ROC=68.97%  AUC-PR=63.21%  F1=0.7678  MCC=0.4590  Train=0.383s  Test=3.911s  Peak RAM=38.264 MB
2026-03-18 09:04:53 | INFO | [ncluster=250/250] AUC-ROC=70.06%  AUC-PR=64.62%  F1=0.7555  MCC=0.4275  Train=0.415s  Test=3.599s  Peak RAM=38.263 MB
2026-03-18 09:04:53 | INFO | [ncluster=253/253] AUC-ROC=50.04%  AUC-PR=51.56%  F1=0.6804  MCC=0.0156  Train=0.407s  Test=3.697s  Peak RAM=38.264 MB
2026-03-18 09:04:53 | INFO | [ncluster=256/256] AUC-ROC=67.26%  AUC-PR=62.02%  F1=0.7593  MCC=0.4372  Train=0.513s  Test=3.955s  Peak RAM=38.264 MB
2026-03-18 09:04:53 | INFO | [ncluster=259/259] AUC-ROC=69.31%  AUC-PR=63.97%  F1=0.7476  MCC=0.4030  Train=0.326s  Test=3.507s  Peak RAM=38.265 MB
2026-03-18 09:04:53 | INFO | [ncluster=262/262] AUC-ROC=70.54%  AUC-PR=64.81%  F1=0.7620  MCC=0.4434  Train=0.248s  Test=3.182s  Peak RAM=38.265 MB
2026-03-18 09:04:53 | INFO | [ncluster=265/265] AUC-ROC=59.60%  AUC-PR=56.87%  F1=0.7200  MCC=0.2993  Train=0.366s  Test=3.230s  Peak RAM=38.266 MB
2026-03-18 09:04:53 | INFO | [ncluster=268/268] AUC-ROC=64.77%  AUC-PR=60.33%  F1=0.7325  MCC=0.3483  Train=0.375s  Test=2.891s  Peak RAM=38.267 MB
2026-03-18 09:04:53 | INFO | [ncluster=271/271] AUC-ROC=64.93%  AUC-PR=60.36%  F1=0.7450  MCC=0.3892  Train=0.469s  Test=3.355s  Peak RAM=38.267 MB
2026-03-18 09:04:53 | INFO | [ncluster=274/274] AUC-ROC=69.67%  AUC-PR=63.87%  F1=0.7612  MCC=0.4390  Train=0.333s  Test=2.959s  Peak RAM=38.267 MB
2026-03-18 09:04:53 | INFO | [ncluster=277/277] AUC-ROC=50.04%  AUC-PR=51.56%  F1=0.6803  MCC=0.0134  Train=0.144s  Test=2.501s  Peak RAM=38.269 MB
2026-03-18 09:04:53 | INFO | [ncluster=280/280] AUC-ROC=63.59%  AUC-PR=59.44%  F1=0.7368  MCC=0.3615  Train=0.372s  Test=2.755s  Peak RAM=38.268 MB
2026-03-18 09:04:53 | INFO | [ncluster=283/283] AUC-ROC=63.20%  AUC-PR=59.21%  F1=0.7295  MCC=0.3355  Train=0.173s  Test=2.733s  Peak RAM=38.27 MB
2026-03-18 09:04:53 | INFO | [ncluster=286/286] AUC-ROC=62.70%  AUC-PR=59.01%  F1=0.7107  MCC=0.2841  Train=0.172s  Test=2.861s  Peak RAM=38.269 MB
2026-03-18 09:04:53 | INFO | [ncluster=289/289] AUC-ROC=50.04%  AUC-PR=51.56%  F1=0.6804  MCC=0.0149  Train=0.119s  Test=2.418s  Peak RAM=38.27 MB
2026-03-18 09:04:53 | INFO | [ncluster=292/292] AUC-ROC=64.40%  AUC-PR=60.09%  F1=0.7255  MCC=0.3276  Train=0.140s  Test=2.474s  Peak RAM=38.271 MB
2026-03-18 09:04:53 | INFO | [ncluster=295/295] AUC-ROC=53.04%  AUC-PR=53.11%  F1=0.6937  MCC=0.1790  Train=0.107s  Test=1.855s  Peak RAM=38.272 MB
2026-03-18 09:04:53 | INFO | [ncluster=298/298] AUC-ROC=50.04%  AUC-PR=51.56%  F1=0.6804  MCC=0.0149  Train=0.134s  Test=1.911s  Peak RAM=38.271 MB
2026-03-18 09:04:53 | INFO | --- noise=5% ---
2026-03-18 09:04:53 | INFO | ============================================================
2026-03-18 09:04:53 | INFO | Dataset  : Train_MinMaxScaler_data_CICIoT2023.csv
2026-03-18 09:04:53 | INFO | Scaler   : MinMaxScaler
2026-03-18 09:04:53 | INFO | Noise    : 5%
2026-03-18 09:04:53 | INFO | nClusters: 100 values (1..298)
2026-03-18 09:04:53 | INFO | ============================================================
2026-03-18 09:04:53 | INFO | Loaded Raw Shape -> Train: (30000, 45), Test: (30000, 45)
2026-03-18 09:04:54 | INFO | Training size : 31,500  |  Testing size: 28,500  |  Features: 44
2026-03-18 09:04:54 | INFO | Firing up Parallel execution for 100 cluster configs...
2026-03-18 09:08:38 | INFO | [ncluster=1/1] AUC-ROC=50.00%  AUC-PR=52.63%  F1=0.0000  MCC=0.0000  Train=0.317s  Test=8.785s  Peak RAM=38.957 MB
2026-03-18 09:08:38 | INFO | [ncluster=4/4] AUC-ROC=50.00%  AUC-PR=52.63%  F1=0.0000  MCC=0.0000  Train=0.511s  Test=8.458s  Peak RAM=38.96 MB
2026-03-18 09:08:38 | INFO | [ncluster=7/7] AUC-ROC=50.00%  AUC-PR=52.63%  F1=0.0000  MCC=0.0000  Train=0.434s  Test=7.946s  Peak RAM=38.963 MB
2026-03-18 09:08:38 | INFO | [ncluster=10/10] AUC-ROC=50.00%  AUC-PR=52.63%  F1=0.0000  MCC=0.0000  Train=0.851s  Test=8.669s  Peak RAM=38.961 MB
2026-03-18 09:08:38 | INFO | [ncluster=13/13] AUC-ROC=50.00%  AUC-PR=52.63%  F1=0.0000  MCC=0.0000  Train=0.852s  Test=10.751s  Peak RAM=38.962 MB
2026-03-18 09:08:38 | INFO | [ncluster=16/16] AUC-ROC=50.00%  AUC-PR=52.63%  F1=0.0000  MCC=0.0000  Train=0.615s  Test=10.916s  Peak RAM=38.963 MB
2026-03-18 09:08:38 | INFO | [ncluster=19/19] AUC-ROC=50.00%  AUC-PR=52.63%  F1=0.0000  MCC=0.0000  Train=0.929s  Test=11.148s  Peak RAM=38.963 MB
2026-03-18 09:08:38 | INFO | [ncluster=22/22] AUC-ROC=50.00%  AUC-PR=52.63%  F1=0.0000  MCC=0.0000  Train=1.398s  Test=10.461s  Peak RAM=38.964 MB
2026-03-18 09:08:38 | INFO | [ncluster=25/25] AUC-ROC=50.00%  AUC-PR=52.63%  F1=0.0000  MCC=0.0000  Train=1.232s  Test=10.241s  Peak RAM=38.965 MB
2026-03-18 09:08:38 | INFO | [ncluster=28/28] AUC-ROC=50.00%  AUC-PR=52.63%  F1=0.0000  MCC=0.0000  Train=1.640s  Test=9.796s  Peak RAM=38.965 MB
2026-03-18 09:08:38 | INFO | [ncluster=31/31] AUC-ROC=50.00%  AUC-PR=52.63%  F1=0.0000  MCC=0.0000  Train=1.098s  Test=7.275s  Peak RAM=38.965 MB
2026-03-18 09:08:38 | INFO | [ncluster=34/34] AUC-ROC=50.00%  AUC-PR=52.63%  F1=0.0000  MCC=0.0000  Train=1.467s  Test=6.401s  Peak RAM=38.968 MB
2026-03-18 09:08:38 | INFO | [ncluster=37/37] AUC-ROC=50.00%  AUC-PR=52.63%  F1=0.0000  MCC=0.0000  Train=0.443s  Test=4.864s  Peak RAM=38.967 MB
2026-03-18 09:08:38 | INFO | [ncluster=40/40] AUC-ROC=50.00%  AUC-PR=52.63%  F1=0.0000  MCC=0.0000  Train=0.358s  Test=4.837s  Peak RAM=38.969 MB
2026-03-18 09:08:38 | INFO | [ncluster=43/43] AUC-ROC=50.00%  AUC-PR=52.63%  F1=0.0000  MCC=0.0000  Train=0.545s  Test=5.169s  Peak RAM=38.968 MB
2026-03-18 09:08:38 | INFO | [ncluster=46/46] AUC-ROC=50.00%  AUC-PR=52.63%  F1=0.0000  MCC=0.0000  Train=0.900s  Test=6.668s  Peak RAM=38.967 MB
2026-03-18 09:08:38 | INFO | [ncluster=49/49] AUC-ROC=50.00%  AUC-PR=52.63%  F1=0.0000  MCC=0.0000  Train=0.506s  Test=5.471s  Peak RAM=38.969 MB
2026-03-18 09:08:38 | INFO | [ncluster=52/52] AUC-ROC=50.00%  AUC-PR=52.63%  F1=0.0000  MCC=0.0000  Train=0.752s  Test=6.735s  Peak RAM=38.97 MB
2026-03-18 09:08:38 | INFO | [ncluster=55/55] AUC-ROC=50.00%  AUC-PR=52.63%  F1=0.0000  MCC=0.0000  Train=0.917s  Test=7.426s  Peak RAM=38.97 MB
2026-03-18 09:08:38 | INFO | [ncluster=58/58] AUC-ROC=50.00%  AUC-PR=52.63%  F1=0.0000  MCC=0.0000  Train=0.646s  Test=7.426s  Peak RAM=38.97 MB
2026-03-18 09:08:38 | INFO | [ncluster=61/61] AUC-ROC=50.00%  AUC-PR=52.63%  F1=0.0000  MCC=0.0000  Train=0.924s  Test=6.693s  Peak RAM=38.971 MB
2026-03-18 09:08:38 | INFO | [ncluster=64/64] AUC-ROC=50.00%  AUC-PR=52.63%  F1=0.0000  MCC=0.0000  Train=0.884s  Test=7.354s  Peak RAM=38.972 MB
2026-03-18 09:08:38 | INFO | [ncluster=67/67] AUC-ROC=50.00%  AUC-PR=52.63%  F1=0.0000  MCC=0.0000  Train=1.228s  Test=6.269s  Peak RAM=38.972 MB
2026-03-18 09:08:38 | INFO | [ncluster=70/70] AUC-ROC=50.00%  AUC-PR=52.63%  F1=0.0000  MCC=0.0000  Train=1.199s  Test=4.339s  Peak RAM=38.972 MB
2026-03-18 09:08:38 | INFO | [ncluster=73/73] AUC-ROC=50.00%  AUC-PR=52.63%  F1=0.0000  MCC=0.0000  Train=0.467s  Test=4.231s  Peak RAM=38.973 MB
2026-03-18 09:08:38 | INFO | [ncluster=76/76] AUC-ROC=66.36%  AUC-PR=62.89%  F1=0.7427  MCC=0.3682  Train=0.241s  Test=4.854s  Peak RAM=38.975 MB
2026-03-18 09:08:38 | INFO | [ncluster=79/79] AUC-ROC=63.37%  AUC-PR=60.36%  F1=0.7371  MCC=0.3366  Train=0.421s  Test=4.812s  Peak RAM=38.975 MB
2026-03-18 09:08:38 | INFO | [ncluster=82/82] AUC-ROC=50.00%  AUC-PR=52.63%  F1=0.0000  MCC=0.0000  Train=0.465s  Test=3.894s  Peak RAM=38.974 MB
2026-03-18 09:08:38 | INFO | [ncluster=85/85] AUC-ROC=65.39%  AUC-PR=61.73%  F1=0.7502  MCC=0.3827  Train=0.347s  Test=4.442s  Peak RAM=38.977 MB
2026-03-18 09:08:38 | INFO | [ncluster=88/88] AUC-ROC=59.13%  AUC-PR=57.51%  F1=0.7250  MCC=0.2919  Train=0.679s  Test=5.567s  Peak RAM=38.976 MB
2026-03-18 09:08:38 | INFO | [ncluster=91/91] AUC-ROC=50.00%  AUC-PR=52.63%  F1=0.0000  MCC=0.0000  Train=0.374s  Test=6.455s  Peak RAM=38.976 MB
2026-03-18 09:08:38 | INFO | [ncluster=94/94] AUC-ROC=60.08%  AUC-PR=58.35%  F1=0.7134  MCC=0.2532  Train=0.562s  Test=6.195s  Peak RAM=38.977 MB
2026-03-18 09:08:38 | INFO | [ncluster=97/97] AUC-ROC=57.22%  AUC-PR=56.28%  F1=0.7286  MCC=0.3025  Train=0.770s  Test=6.334s  Peak RAM=38.977 MB
2026-03-18 09:08:38 | INFO | [ncluster=100/100] AUC-ROC=50.00%  AUC-PR=52.63%  F1=0.0000  MCC=0.0000  Train=0.581s  Test=6.075s  Peak RAM=38.979 MB
2026-03-18 09:08:38 | INFO | [ncluster=103/103] AUC-ROC=64.09%  AUC-PR=60.94%  F1=0.7372  MCC=0.3397  Train=0.853s  Test=6.321s  Peak RAM=38.979 MB
2026-03-18 09:08:38 | INFO | [ncluster=106/106] AUC-ROC=63.82%  AUC-PR=60.63%  F1=0.7466  MCC=0.3704  Train=0.914s  Test=5.571s  Peak RAM=38.978 MB
2026-03-18 09:08:38 | INFO | [ncluster=109/109] AUC-ROC=59.65%  AUC-PR=57.96%  F1=0.7207  MCC=0.2733  Train=0.463s  Test=5.454s  Peak RAM=38.979 MB
2026-03-18 09:08:38 | INFO | [ncluster=112/112] AUC-ROC=64.25%  AUC-PR=61.18%  F1=0.7370  MCC=0.3412  Train=0.386s  Test=4.333s  Peak RAM=38.98 MB
2026-03-18 09:08:38 | INFO | [ncluster=115/115] AUC-ROC=63.30%  AUC-PR=60.31%  F1=0.7456  MCC=0.3685  Train=0.276s  Test=4.686s  Peak RAM=38.981 MB
2026-03-18 09:08:38 | INFO | [ncluster=118/118] AUC-ROC=62.25%  AUC-PR=59.57%  F1=0.7440  MCC=0.3675  Train=0.664s  Test=3.847s  Peak RAM=38.981 MB
2026-03-18 09:08:38 | INFO | [ncluster=121/121] AUC-ROC=63.31%  AUC-PR=60.40%  F1=0.7253  MCC=0.3041  Train=0.391s  Test=4.322s  Peak RAM=38.982 MB
2026-03-18 09:08:38 | INFO | [ncluster=124/124] AUC-ROC=60.21%  AUC-PR=58.30%  F1=0.7312  MCC=0.3149  Train=0.415s  Test=3.800s  Peak RAM=38.982 MB
2026-03-18 09:08:38 | INFO | [ncluster=127/127] AUC-ROC=65.41%  AUC-PR=61.74%  F1=0.7489  MCC=0.3782  Train=0.637s  Test=5.797s  Peak RAM=38.981 MB
2026-03-18 09:08:38 | INFO | [ncluster=130/130] AUC-ROC=50.00%  AUC-PR=52.63%  F1=0.0000  MCC=0.0000  Train=0.279s  Test=4.895s  Peak RAM=38.984 MB
2026-03-18 09:08:38 | INFO | [ncluster=133/133] AUC-ROC=64.08%  AUC-PR=60.79%  F1=0.7486  MCC=0.3786  Train=0.302s  Test=4.514s  Peak RAM=38.983 MB
2026-03-18 09:08:38 | INFO | [ncluster=136/136] AUC-ROC=57.75%  AUC-PR=56.85%  F1=0.7091  MCC=0.2227  Train=0.979s  Test=5.672s  Peak RAM=38.985 MB
2026-03-18 09:08:38 | INFO | [ncluster=139/139] AUC-ROC=66.22%  AUC-PR=62.38%  F1=0.7460  MCC=0.3714  Train=0.539s  Test=6.393s  Peak RAM=38.985 MB
2026-03-18 09:08:38 | INFO | [ncluster=142/142] AUC-ROC=50.00%  AUC-PR=52.63%  F1=0.0000  MCC=0.0000  Train=0.658s  Test=4.222s  Peak RAM=38.986 MB
2026-03-18 09:08:38 | INFO | [ncluster=145/145] AUC-ROC=60.95%  AUC-PR=58.82%  F1=0.7237  MCC=0.2860  Train=0.351s  Test=3.897s  Peak RAM=38.986 MB
2026-03-18 09:08:38 | INFO | [ncluster=148/148] AUC-ROC=55.26%  AUC-PR=55.42%  F1=0.7072  MCC=0.1999  Train=0.444s  Test=4.337s  Peak RAM=38.987 MB
2026-03-18 09:08:38 | INFO | [ncluster=151/151] AUC-ROC=67.26%  AUC-PR=63.11%  F1=0.7632  MCC=0.4258  Train=0.535s  Test=3.838s  Peak RAM=38.987 MB
2026-03-18 09:08:38 | INFO | [ncluster=154/154] AUC-ROC=61.35%  AUC-PR=59.00%  F1=0.7372  MCC=0.3392  Train=0.281s  Test=3.918s  Peak RAM=38.988 MB
2026-03-18 09:08:38 | INFO | [ncluster=157/157] AUC-ROC=62.84%  AUC-PR=60.06%  F1=0.7335  MCC=0.3241  Train=0.528s  Test=4.196s  Peak RAM=38.989 MB
2026-03-18 09:08:38 | INFO | [ncluster=160/160] AUC-ROC=64.24%  AUC-PR=61.04%  F1=0.7370  MCC=0.3397  Train=0.472s  Test=4.108s  Peak RAM=38.989 MB
2026-03-18 09:08:38 | INFO | [ncluster=163/163] AUC-ROC=65.27%  AUC-PR=61.80%  F1=0.7480  MCC=0.3756  Train=0.413s  Test=3.711s  Peak RAM=38.989 MB
2026-03-18 09:08:38 | INFO | [ncluster=166/166] AUC-ROC=56.71%  AUC-PR=56.03%  F1=0.7046  MCC=0.2236  Train=0.433s  Test=4.297s  Peak RAM=38.99 MB
2026-03-18 09:08:38 | INFO | [ncluster=169/169] AUC-ROC=50.00%  AUC-PR=52.63%  F1=0.0000  MCC=0.0000  Train=0.410s  Test=4.765s  Peak RAM=38.989 MB
2026-03-18 09:08:38 | INFO | [ncluster=172/172] AUC-ROC=68.05%  AUC-PR=63.67%  F1=0.7560  MCC=0.4040  Train=0.853s  Test=4.838s  Peak RAM=38.991 MB
2026-03-18 09:08:38 | INFO | [ncluster=175/175] AUC-ROC=57.26%  AUC-PR=56.57%  F1=0.7034  MCC=0.2117  Train=0.609s  Test=5.494s  Peak RAM=38.992 MB
2026-03-18 09:08:38 | INFO | [ncluster=178/178] AUC-ROC=50.00%  AUC-PR=52.63%  F1=0.0000  MCC=0.0000  Train=0.672s  Test=4.140s  Peak RAM=38.993 MB
2026-03-18 09:08:38 | INFO | [ncluster=181/181] AUC-ROC=61.87%  AUC-PR=59.36%  F1=0.7367  MCC=0.3348  Train=0.273s  Test=4.006s  Peak RAM=38.993 MB
2026-03-18 09:08:38 | INFO | [ncluster=184/184] AUC-ROC=68.94%  AUC-PR=64.55%  F1=0.7573  MCC=0.4117  Train=0.347s  Test=4.052s  Peak RAM=38.993 MB
2026-03-18 09:08:38 | INFO | [ncluster=187/187] AUC-ROC=50.00%  AUC-PR=52.63%  F1=0.0000  MCC=0.0000  Train=0.631s  Test=3.455s  Peak RAM=38.994 MB
2026-03-18 09:08:38 | INFO | [ncluster=190/190] AUC-ROC=50.00%  AUC-PR=52.63%  F1=0.0000  MCC=0.0000  Train=0.327s  Test=3.591s  Peak RAM=38.994 MB
2026-03-18 09:08:38 | INFO | [ncluster=193/193] AUC-ROC=60.28%  AUC-PR=58.50%  F1=0.7180  MCC=0.2672  Train=0.287s  Test=3.547s  Peak RAM=38.995 MB
2026-03-18 09:08:38 | INFO | [ncluster=196/196] AUC-ROC=58.10%  AUC-PR=57.12%  F1=0.7109  MCC=0.2307  Train=0.412s  Test=3.823s  Peak RAM=38.994 MB
2026-03-18 09:08:38 | INFO | [ncluster=199/199] AUC-ROC=64.64%  AUC-PR=61.33%  F1=0.7423  MCC=0.3566  Train=0.427s  Test=3.668s  Peak RAM=38.995 MB
2026-03-18 09:08:38 | INFO | [ncluster=202/202] AUC-ROC=50.00%  AUC-PR=52.63%  F1=0.0000  MCC=0.0000  Train=0.278s  Test=3.857s  Peak RAM=38.999 MB
2026-03-18 09:08:38 | INFO | [ncluster=205/205] AUC-ROC=59.47%  AUC-PR=57.91%  F1=0.7198  MCC=0.2683  Train=0.393s  Test=4.433s  Peak RAM=38.996 MB
2026-03-18 09:08:38 | INFO | [ncluster=208/208] AUC-ROC=50.00%  AUC-PR=52.63%  F1=0.0000  MCC=0.0000  Train=0.569s  Test=3.814s  Peak RAM=38.998 MB
2026-03-18 09:08:38 | INFO | [ncluster=211/211] AUC-ROC=50.00%  AUC-PR=52.63%  F1=0.0000  MCC=0.0000  Train=0.429s  Test=3.877s  Peak RAM=38.998 MB
2026-03-18 09:08:38 | INFO | [ncluster=214/214] AUC-ROC=50.00%  AUC-PR=52.63%  F1=0.0000  MCC=0.0000  Train=0.402s  Test=3.672s  Peak RAM=38.999 MB
2026-03-18 09:08:38 | INFO | [ncluster=217/217] AUC-ROC=50.00%  AUC-PR=52.63%  F1=0.0000  MCC=0.0000  Train=0.263s  Test=3.058s  Peak RAM=38.999 MB
2026-03-18 09:08:38 | INFO | [ncluster=220/220] AUC-ROC=50.00%  AUC-PR=52.63%  F1=0.0000  MCC=0.0000  Train=0.429s  Test=3.324s  Peak RAM=38.999 MB
2026-03-18 09:08:38 | INFO | [ncluster=223/223] AUC-ROC=50.00%  AUC-PR=52.63%  F1=0.0000  MCC=0.0000  Train=0.419s  Test=3.147s  Peak RAM=39.0 MB
2026-03-18 09:08:38 | INFO | [ncluster=226/226] AUC-ROC=50.00%  AUC-PR=52.63%  F1=0.0000  MCC=0.0000  Train=0.463s  Test=3.370s  Peak RAM=39.0 MB
2026-03-18 09:08:38 | INFO | [ncluster=229/229] AUC-ROC=60.82%  AUC-PR=58.80%  F1=0.7234  MCC=0.2854  Train=0.298s  Test=4.209s  Peak RAM=39.001 MB
2026-03-18 09:08:38 | INFO | [ncluster=232/232] AUC-ROC=50.00%  AUC-PR=52.63%  F1=0.0000  MCC=0.0000  Train=0.310s  Test=3.568s  Peak RAM=39.002 MB
2026-03-18 09:08:38 | INFO | [ncluster=235/235] AUC-ROC=50.00%  AUC-PR=52.63%  F1=0.0000  MCC=0.0000  Train=0.419s  Test=3.466s  Peak RAM=39.003 MB
2026-03-18 09:08:38 | INFO | [ncluster=238/238] AUC-ROC=50.04%  AUC-PR=52.65%  F1=0.6898  MCC=0.0171  Train=0.363s  Test=4.244s  Peak RAM=39.002 MB
2026-03-18 09:08:38 | INFO | [ncluster=241/241] AUC-ROC=50.00%  AUC-PR=52.63%  F1=0.0000  MCC=0.0000  Train=0.338s  Test=4.304s  Peak RAM=39.004 MB
2026-03-18 09:08:38 | INFO | [ncluster=244/244] AUC-ROC=50.00%  AUC-PR=52.63%  F1=0.0000  MCC=0.0000  Train=0.355s  Test=4.590s  Peak RAM=39.004 MB
2026-03-18 09:08:38 | INFO | [ncluster=247/247] AUC-ROC=61.20%  AUC-PR=58.99%  F1=0.7251  MCC=0.2917  Train=0.432s  Test=4.159s  Peak RAM=39.004 MB
2026-03-18 09:08:38 | INFO | [ncluster=250/250] AUC-ROC=50.00%  AUC-PR=52.63%  F1=0.0000  MCC=0.0000  Train=0.361s  Test=3.839s  Peak RAM=39.005 MB
2026-03-18 09:08:38 | INFO | [ncluster=253/253] AUC-ROC=62.56%  AUC-PR=59.80%  F1=0.7413  MCC=0.3525  Train=0.307s  Test=2.728s  Peak RAM=39.006 MB
2026-03-18 09:08:38 | INFO | [ncluster=256/256] AUC-ROC=50.00%  AUC-PR=52.63%  F1=0.0000  MCC=0.0000  Train=0.289s  Test=3.244s  Peak RAM=39.007 MB
2026-03-18 09:08:38 | INFO | [ncluster=259/259] AUC-ROC=50.00%  AUC-PR=52.63%  F1=0.0000  MCC=0.0000  Train=0.519s  Test=3.606s  Peak RAM=39.006 MB
2026-03-18 09:08:38 | INFO | [ncluster=262/262] AUC-ROC=50.00%  AUC-PR=52.63%  F1=0.0000  MCC=0.0000  Train=0.377s  Test=3.387s  Peak RAM=39.007 MB
2026-03-18 09:08:38 | INFO | [ncluster=265/265] AUC-ROC=55.73%  AUC-PR=55.75%  F1=0.7018  MCC=0.1828  Train=0.302s  Test=4.393s  Peak RAM=39.012 MB
2026-03-18 09:08:38 | INFO | [ncluster=268/268] AUC-ROC=50.00%  AUC-PR=52.63%  F1=0.0000  MCC=0.0000  Train=0.336s  Test=3.338s  Peak RAM=39.008 MB
2026-03-18 09:08:38 | INFO | [ncluster=271/271] AUC-ROC=50.00%  AUC-PR=52.63%  F1=0.0000  MCC=0.0000  Train=0.358s  Test=3.383s  Peak RAM=39.009 MB
2026-03-18 09:08:38 | INFO | [ncluster=274/274] AUC-ROC=50.00%  AUC-PR=52.63%  F1=0.0000  MCC=0.0000  Train=0.364s  Test=3.221s  Peak RAM=39.009 MB
2026-03-18 09:08:38 | INFO | [ncluster=277/277] AUC-ROC=61.52%  AUC-PR=59.15%  F1=0.7339  MCC=0.3237  Train=0.448s  Test=2.877s  Peak RAM=39.011 MB
2026-03-18 09:08:38 | INFO | [ncluster=280/280] AUC-ROC=50.00%  AUC-PR=52.63%  F1=0.0000  MCC=0.0000  Train=0.234s  Test=3.223s  Peak RAM=39.011 MB
2026-03-18 09:08:38 | INFO | [ncluster=283/283] AUC-ROC=50.00%  AUC-PR=52.63%  F1=0.0000  MCC=0.0000  Train=0.258s  Test=2.365s  Peak RAM=39.011 MB
2026-03-18 09:08:38 | INFO | [ncluster=286/286] AUC-ROC=50.04%  AUC-PR=52.65%  F1=0.6897  MCC=0.0147  Train=0.240s  Test=2.636s  Peak RAM=39.014 MB
2026-03-18 09:08:38 | INFO | [ncluster=289/289] AUC-ROC=62.25%  AUC-PR=59.64%  F1=0.7349  MCC=0.3275  Train=0.161s  Test=2.493s  Peak RAM=39.013 MB
2026-03-18 09:08:38 | INFO | [ncluster=292/292] AUC-ROC=59.96%  AUC-PR=58.35%  F1=0.6891  MCC=0.2081  Train=0.134s  Test=2.182s  Peak RAM=39.013 MB
2026-03-18 09:08:38 | INFO | [ncluster=295/295] AUC-ROC=61.68%  AUC-PR=59.24%  F1=0.7346  MCC=0.3260  Train=0.120s  Test=1.987s  Peak RAM=39.013 MB
2026-03-18 09:08:38 | INFO | [ncluster=298/298] AUC-ROC=50.00%  AUC-PR=52.63%  F1=0.0000  MCC=0.0000  Train=0.105s  Test=1.473s  Peak RAM=39.014 MB
2026-03-18 09:08:38 | INFO | 
>>> Processing data_CICIoT2023 | scaler=Normalizer
2026-03-18 09:08:38 | INFO | --- noise=0% ---
2026-03-18 09:08:38 | INFO | ============================================================
2026-03-18 09:08:38 | INFO | Dataset  : Train_Normalizer_data_CICIoT2023.csv
2026-03-18 09:08:38 | INFO | Scaler   : Normalizer
2026-03-18 09:08:38 | INFO | Noise    : 0%
2026-03-18 09:08:38 | INFO | nClusters: 100 values (1..298)
2026-03-18 09:08:38 | INFO | ============================================================
2026-03-18 09:08:38 | INFO | Loaded Raw Shape -> Train: (30000, 45), Test: (30000, 45)
2026-03-18 09:08:38 | INFO | Training size : 30,000  |  Testing size: 30,000  |  Features: 44
2026-03-18 09:08:38 | INFO | Firing up Parallel execution for 100 cluster configs...
2026-03-18 09:12:08 | INFO | [ncluster=1/1] AUC-ROC=50.00%  AUC-PR=50.00%  F1=0.0000  MCC=0.0000  Train=0.247s  Test=7.749s  Peak RAM=37.105 MB
2026-03-18 09:12:08 | INFO | [ncluster=4/4] AUC-ROC=50.00%  AUC-PR=50.00%  F1=0.0000  MCC=0.0000  Train=0.305s  Test=8.069s  Peak RAM=37.106 MB
2026-03-18 09:12:08 | INFO | [ncluster=7/7] AUC-ROC=50.00%  AUC-PR=50.00%  F1=0.0000  MCC=0.0000  Train=0.474s  Test=9.172s  Peak RAM=37.107 MB
2026-03-18 09:12:08 | INFO | [ncluster=10/10] AUC-ROC=50.00%  AUC-PR=50.00%  F1=0.0000  MCC=0.0000  Train=0.489s  Test=8.069s  Peak RAM=37.106 MB
2026-03-18 09:12:08 | INFO | [ncluster=13/13] AUC-ROC=50.00%  AUC-PR=50.00%  F1=0.0000  MCC=0.0000  Train=0.568s  Test=7.387s  Peak RAM=37.108 MB
2026-03-18 09:12:08 | INFO | [ncluster=16/16] AUC-ROC=50.00%  AUC-PR=50.00%  F1=0.0000  MCC=0.0000  Train=0.756s  Test=9.844s  Peak RAM=37.109 MB
2026-03-18 09:12:08 | INFO | [ncluster=19/19] AUC-ROC=50.00%  AUC-PR=50.00%  F1=0.0000  MCC=0.0000  Train=0.979s  Test=9.313s  Peak RAM=37.111 MB
2026-03-18 09:12:08 | INFO | [ncluster=22/22] AUC-ROC=50.00%  AUC-PR=50.00%  F1=0.0000  MCC=0.0000  Train=1.287s  Test=9.148s  Peak RAM=37.109 MB
2026-03-18 09:12:08 | INFO | [ncluster=25/25] AUC-ROC=50.00%  AUC-PR=50.00%  F1=0.0000  MCC=0.0000  Train=1.228s  Test=9.263s  Peak RAM=37.11 MB
2026-03-18 09:12:08 | INFO | [ncluster=28/28] AUC-ROC=50.00%  AUC-PR=50.00%  F1=0.0000  MCC=0.0000  Train=1.025s  Test=7.381s  Peak RAM=37.112 MB
2026-03-18 09:12:08 | INFO | [ncluster=31/31] AUC-ROC=50.00%  AUC-PR=50.00%  F1=0.0000  MCC=0.0000  Train=1.315s  Test=6.170s  Peak RAM=37.11 MB
2026-03-18 09:12:08 | INFO | [ncluster=34/34] AUC-ROC=50.00%  AUC-PR=50.00%  F1=0.0000  MCC=0.0000  Train=1.122s  Test=6.803s  Peak RAM=37.112 MB
2026-03-18 09:12:08 | INFO | [ncluster=37/37] AUC-ROC=50.00%  AUC-PR=50.00%  F1=0.0000  MCC=0.0000  Train=0.272s  Test=4.945s  Peak RAM=37.114 MB
2026-03-18 09:12:08 | INFO | [ncluster=40/40] AUC-ROC=50.00%  AUC-PR=50.00%  F1=0.0000  MCC=0.0000  Train=0.289s  Test=5.425s  Peak RAM=37.113 MB
2026-03-18 09:12:08 | INFO | [ncluster=43/43] AUC-ROC=50.00%  AUC-PR=50.00%  F1=0.0000  MCC=0.0000  Train=0.393s  Test=5.319s  Peak RAM=37.113 MB
2026-03-18 09:12:08 | INFO | [ncluster=46/46] AUC-ROC=50.00%  AUC-PR=50.00%  F1=0.0000  MCC=0.0000  Train=0.567s  Test=5.329s  Peak RAM=37.114 MB
2026-03-18 09:12:08 | INFO | [ncluster=49/49] AUC-ROC=50.00%  AUC-PR=50.00%  F1=0.0000  MCC=0.0000  Train=0.597s  Test=5.957s  Peak RAM=37.115 MB
2026-03-18 09:12:08 | INFO | [ncluster=52/52] AUC-ROC=50.00%  AUC-PR=50.00%  F1=0.0000  MCC=0.0000  Train=0.828s  Test=6.211s  Peak RAM=37.115 MB
2026-03-18 09:12:08 | INFO | [ncluster=55/55] AUC-ROC=50.00%  AUC-PR=50.00%  F1=0.0000  MCC=0.0000  Train=0.797s  Test=6.634s  Peak RAM=37.116 MB
2026-03-18 09:12:08 | INFO | [ncluster=58/58] AUC-ROC=50.00%  AUC-PR=50.00%  F1=0.0000  MCC=0.0000  Train=0.698s  Test=6.559s  Peak RAM=37.117 MB
2026-03-18 09:12:08 | INFO | [ncluster=61/61] AUC-ROC=50.00%  AUC-PR=50.00%  F1=0.0000  MCC=0.0000  Train=0.749s  Test=5.987s  Peak RAM=37.118 MB
2026-03-18 09:12:08 | INFO | [ncluster=64/64] AUC-ROC=50.00%  AUC-PR=50.00%  F1=0.0000  MCC=0.0000  Train=0.527s  Test=6.581s  Peak RAM=37.117 MB
2026-03-18 09:12:08 | INFO | [ncluster=67/67] AUC-ROC=50.00%  AUC-PR=50.00%  F1=0.0000  MCC=0.0000  Train=0.644s  Test=5.673s  Peak RAM=37.117 MB
2026-03-18 09:12:08 | INFO | [ncluster=70/70] AUC-ROC=50.00%  AUC-PR=50.00%  F1=0.0000  MCC=0.0000  Train=0.730s  Test=5.178s  Peak RAM=37.119 MB
2026-03-18 09:12:08 | INFO | [ncluster=73/73] AUC-ROC=50.00%  AUC-PR=50.00%  F1=0.0000  MCC=0.0000  Train=0.406s  Test=4.589s  Peak RAM=37.12 MB
2026-03-18 09:12:08 | INFO | [ncluster=76/76] AUC-ROC=50.00%  AUC-PR=50.00%  F1=0.0000  MCC=0.0000  Train=0.202s  Test=3.796s  Peak RAM=37.119 MB
2026-03-18 09:12:08 | INFO | [ncluster=79/79] AUC-ROC=50.00%  AUC-PR=50.00%  F1=0.0000  MCC=0.0000  Train=0.390s  Test=4.918s  Peak RAM=37.119 MB
2026-03-18 09:12:08 | INFO | [ncluster=82/82] AUC-ROC=50.00%  AUC-PR=50.00%  F1=0.0000  MCC=0.0000  Train=0.646s  Test=4.119s  Peak RAM=37.12 MB
2026-03-18 09:12:08 | INFO | [ncluster=85/85] AUC-ROC=50.00%  AUC-PR=50.00%  F1=0.0000  MCC=0.0000  Train=0.336s  Test=4.025s  Peak RAM=37.121 MB
2026-03-18 09:12:08 | INFO | [ncluster=88/88] AUC-ROC=50.00%  AUC-PR=50.00%  F1=0.0000  MCC=0.0000  Train=0.328s  Test=3.538s  Peak RAM=37.122 MB
2026-03-18 09:12:08 | INFO | [ncluster=91/91] AUC-ROC=50.00%  AUC-PR=50.00%  F1=0.0000  MCC=0.0000  Train=0.317s  Test=3.603s  Peak RAM=37.122 MB
2026-03-18 09:12:08 | INFO | [ncluster=94/94] AUC-ROC=50.00%  AUC-PR=50.00%  F1=0.0000  MCC=0.0000  Train=0.484s  Test=4.150s  Peak RAM=37.122 MB
2026-03-18 09:12:08 | INFO | [ncluster=97/97] AUC-ROC=50.00%  AUC-PR=50.00%  F1=0.0000  MCC=0.0000  Train=0.423s  Test=4.723s  Peak RAM=37.123 MB
2026-03-18 09:12:08 | INFO | [ncluster=100/100] AUC-ROC=50.00%  AUC-PR=50.00%  F1=0.0000  MCC=0.0000  Train=0.379s  Test=5.132s  Peak RAM=37.124 MB
2026-03-18 09:12:08 | INFO | [ncluster=103/103] AUC-ROC=50.00%  AUC-PR=50.00%  F1=0.0000  MCC=0.0000  Train=0.668s  Test=4.354s  Peak RAM=37.124 MB
2026-03-18 09:12:08 | INFO | [ncluster=106/106] AUC-ROC=50.00%  AUC-PR=50.00%  F1=0.0000  MCC=0.0000  Train=0.669s  Test=3.717s  Peak RAM=37.126 MB
2026-03-18 09:12:08 | INFO | [ncluster=109/109] AUC-ROC=50.00%  AUC-PR=50.00%  F1=0.0000  MCC=0.0000  Train=0.349s  Test=2.848s  Peak RAM=37.126 MB
2026-03-18 09:12:08 | INFO | [ncluster=112/112] AUC-ROC=50.00%  AUC-PR=50.00%  F1=0.0000  MCC=0.0000  Train=0.577s  Test=4.205s  Peak RAM=37.126 MB
2026-03-18 09:12:08 | INFO | [ncluster=115/115] AUC-ROC=50.00%  AUC-PR=50.00%  F1=0.0000  MCC=0.0000  Train=0.229s  Test=4.150s  Peak RAM=37.126 MB
2026-03-18 09:12:08 | INFO | [ncluster=118/118] AUC-ROC=50.00%  AUC-PR=50.00%  F1=0.0000  MCC=0.0000  Train=0.309s  Test=4.002s  Peak RAM=37.127 MB
2026-03-18 09:12:08 | INFO | [ncluster=121/121] AUC-ROC=50.00%  AUC-PR=50.00%  F1=0.0000  MCC=0.0000  Train=0.670s  Test=4.121s  Peak RAM=37.129 MB
2026-03-18 09:12:08 | INFO | [ncluster=124/124] AUC-ROC=50.00%  AUC-PR=50.00%  F1=0.0000  MCC=0.0000  Train=0.436s  Test=3.627s  Peak RAM=37.128 MB
2026-03-18 09:12:08 | INFO | [ncluster=127/127] AUC-ROC=50.00%  AUC-PR=50.00%  F1=0.0000  MCC=0.0000  Train=0.401s  Test=3.260s  Peak RAM=37.13 MB
2026-03-18 09:12:08 | INFO | [ncluster=130/130] AUC-ROC=50.00%  AUC-PR=50.00%  F1=0.0000  MCC=0.0000  Train=0.228s  Test=3.554s  Peak RAM=37.129 MB
2026-03-18 09:12:08 | INFO | [ncluster=133/133] AUC-ROC=50.00%  AUC-PR=50.00%  F1=0.0000  MCC=0.0000  Train=0.322s  Test=4.309s  Peak RAM=37.131 MB
2026-03-18 09:12:08 | INFO | [ncluster=136/136] AUC-ROC=50.00%  AUC-PR=50.00%  F1=0.0000  MCC=0.0000  Train=0.378s  Test=3.736s  Peak RAM=37.13 MB
2026-03-18 09:12:08 | INFO | [ncluster=139/139] AUC-ROC=50.00%  AUC-PR=50.00%  F1=0.0000  MCC=0.0000  Train=0.428s  Test=4.158s  Peak RAM=37.131 MB
2026-03-18 09:12:08 | INFO | [ncluster=142/142] AUC-ROC=50.00%  AUC-PR=50.00%  F1=0.0000  MCC=0.0000  Train=0.524s  Test=3.561s  Peak RAM=37.132 MB
2026-03-18 09:12:08 | INFO | [ncluster=145/145] AUC-ROC=50.00%  AUC-PR=50.00%  F1=0.0000  MCC=0.0000  Train=0.275s  Test=2.987s  Peak RAM=37.132 MB
2026-03-18 09:12:08 | INFO | [ncluster=148/148] AUC-ROC=50.00%  AUC-PR=50.00%  F1=0.0000  MCC=0.0000  Train=0.279s  Test=3.632s  Peak RAM=37.133 MB
2026-03-18 09:12:08 | INFO | [ncluster=151/151] AUC-ROC=50.00%  AUC-PR=50.00%  F1=0.0000  MCC=0.0000  Train=0.393s  Test=3.893s  Peak RAM=37.133 MB
2026-03-18 09:12:08 | INFO | [ncluster=154/154] AUC-ROC=50.00%  AUC-PR=50.00%  F1=0.0000  MCC=0.0000  Train=0.391s  Test=3.767s  Peak RAM=37.134 MB
2026-03-18 09:12:08 | INFO | [ncluster=157/157] AUC-ROC=50.00%  AUC-PR=50.00%  F1=0.0000  MCC=0.0000  Train=0.475s  Test=3.199s  Peak RAM=37.134 MB
2026-03-18 09:12:08 | INFO | [ncluster=160/160] AUC-ROC=50.00%  AUC-PR=50.00%  F1=0.0000  MCC=0.0000  Train=0.359s  Test=3.296s  Peak RAM=37.135 MB
2026-03-18 09:12:08 | INFO | [ncluster=163/163] AUC-ROC=50.00%  AUC-PR=50.00%  F1=0.0000  MCC=0.0000  Train=0.310s  Test=3.097s  Peak RAM=37.135 MB
2026-03-18 09:12:08 | INFO | [ncluster=166/166] AUC-ROC=50.00%  AUC-PR=50.00%  F1=0.0000  MCC=0.0000  Train=0.250s  Test=3.103s  Peak RAM=37.135 MB
2026-03-18 09:12:08 | INFO | [ncluster=169/169] AUC-ROC=50.00%  AUC-PR=50.00%  F1=0.0000  MCC=0.0000  Train=0.417s  Test=2.796s  Peak RAM=37.136 MB
2026-03-18 09:12:08 | INFO | [ncluster=172/172] AUC-ROC=50.00%  AUC-PR=50.00%  F1=0.0000  MCC=0.0000  Train=0.368s  Test=3.694s  Peak RAM=37.137 MB
2026-03-18 09:12:08 | INFO | [ncluster=175/175] AUC-ROC=50.00%  AUC-PR=50.00%  F1=0.0000  MCC=0.0000  Train=0.426s  Test=3.282s  Peak RAM=37.137 MB
2026-03-18 09:12:08 | INFO | [ncluster=178/178] AUC-ROC=50.00%  AUC-PR=50.00%  F1=0.0000  MCC=0.0000  Train=0.518s  Test=3.617s  Peak RAM=37.138 MB
2026-03-18 09:12:08 | INFO | [ncluster=181/181] AUC-ROC=50.00%  AUC-PR=50.00%  F1=0.0000  MCC=0.0000  Train=0.282s  Test=2.582s  Peak RAM=37.139 MB
2026-03-18 09:12:08 | INFO | [ncluster=184/184] AUC-ROC=50.00%  AUC-PR=50.00%  F1=0.0000  MCC=0.0000  Train=0.341s  Test=2.880s  Peak RAM=37.139 MB
2026-03-18 09:12:08 | INFO | [ncluster=187/187] AUC-ROC=50.00%  AUC-PR=50.00%  F1=0.0000  MCC=0.0000  Train=0.348s  Test=2.705s  Peak RAM=37.14 MB
2026-03-18 09:12:08 | INFO | [ncluster=190/190] AUC-ROC=50.00%  AUC-PR=50.00%  F1=0.0000  MCC=0.0000  Train=0.305s  Test=2.992s  Peak RAM=37.14 MB
2026-03-18 09:12:08 | INFO | [ncluster=193/193] AUC-ROC=50.00%  AUC-PR=50.00%  F1=0.0000  MCC=0.0000  Train=0.331s  Test=3.093s  Peak RAM=37.14 MB
2026-03-18 09:12:08 | INFO | [ncluster=196/196] AUC-ROC=50.00%  AUC-PR=50.00%  F1=0.0000  MCC=0.0000  Train=0.396s  Test=2.958s  Peak RAM=37.141 MB
2026-03-18 09:12:08 | INFO | [ncluster=199/199] AUC-ROC=50.00%  AUC-PR=50.00%  F1=0.0000  MCC=0.0000  Train=0.358s  Test=3.099s  Peak RAM=37.142 MB
2026-03-18 09:12:08 | INFO | [ncluster=202/202] AUC-ROC=50.00%  AUC-PR=50.00%  F1=0.0000  MCC=0.0000  Train=0.419s  Test=2.766s  Peak RAM=37.141 MB
2026-03-18 09:12:08 | INFO | [ncluster=205/205] AUC-ROC=50.00%  AUC-PR=50.00%  F1=0.0000  MCC=0.0000  Train=0.204s  Test=2.769s  Peak RAM=37.142 MB
2026-03-18 09:12:08 | INFO | [ncluster=208/208] AUC-ROC=50.00%  AUC-PR=50.00%  F1=0.0000  MCC=0.0000  Train=0.197s  Test=3.864s  Peak RAM=37.143 MB
2026-03-18 09:12:08 | INFO | [ncluster=211/211] AUC-ROC=50.00%  AUC-PR=50.00%  F1=0.0000  MCC=0.0000  Train=0.254s  Test=2.788s  Peak RAM=37.144 MB
2026-03-18 09:12:08 | INFO | [ncluster=214/214] AUC-ROC=50.00%  AUC-PR=50.00%  F1=0.0000  MCC=0.0000  Train=0.320s  Test=3.709s  Peak RAM=37.145 MB
2026-03-18 09:12:08 | INFO | [ncluster=217/217] AUC-ROC=50.00%  AUC-PR=50.00%  F1=0.0000  MCC=0.0000  Train=0.459s  Test=3.684s  Peak RAM=37.144 MB
2026-03-18 09:12:08 | INFO | [ncluster=220/220] AUC-ROC=50.00%  AUC-PR=50.00%  F1=0.0000  MCC=0.0000  Train=0.203s  Test=3.012s  Peak RAM=37.145 MB
2026-03-18 09:12:08 | INFO | [ncluster=223/223] AUC-ROC=50.00%  AUC-PR=50.00%  F1=0.0000  MCC=0.0000  Train=0.462s  Test=3.328s  Peak RAM=37.146 MB
2026-03-18 09:12:08 | INFO | [ncluster=226/226] AUC-ROC=50.00%  AUC-PR=50.00%  F1=0.0000  MCC=0.0000  Train=0.240s  Test=3.605s  Peak RAM=37.147 MB
2026-03-18 09:12:08 | INFO | [ncluster=229/229] AUC-ROC=50.00%  AUC-PR=50.00%  F1=0.0000  MCC=0.0000  Train=0.243s  Test=3.731s  Peak RAM=37.147 MB
2026-03-18 09:12:08 | INFO | [ncluster=232/232] AUC-ROC=50.00%  AUC-PR=50.00%  F1=0.0000  MCC=0.0000  Train=0.509s  Test=3.666s  Peak RAM=37.148 MB
2026-03-18 09:12:08 | INFO | [ncluster=235/235] AUC-ROC=50.00%  AUC-PR=50.00%  F1=0.0000  MCC=0.0000  Train=0.342s  Test=2.788s  Peak RAM=37.148 MB
2026-03-18 09:12:08 | INFO | [ncluster=238/238] AUC-ROC=50.00%  AUC-PR=50.00%  F1=0.0000  MCC=0.0000  Train=0.317s  Test=3.042s  Peak RAM=37.148 MB
2026-03-18 09:12:08 | INFO | [ncluster=241/241] AUC-ROC=50.00%  AUC-PR=50.00%  F1=0.0000  MCC=0.0000  Train=0.456s  Test=3.101s  Peak RAM=37.149 MB
2026-03-18 09:12:08 | INFO | [ncluster=244/244] AUC-ROC=50.00%  AUC-PR=50.00%  F1=0.0000  MCC=0.0000  Train=0.320s  Test=2.782s  Peak RAM=37.15 MB
2026-03-18 09:12:08 | INFO | [ncluster=247/247] AUC-ROC=50.00%  AUC-PR=50.00%  F1=0.0000  MCC=0.0000  Train=0.271s  Test=4.155s  Peak RAM=37.151 MB
2026-03-18 09:12:08 | INFO | [ncluster=250/250] AUC-ROC=50.00%  AUC-PR=50.00%  F1=0.0000  MCC=0.0000  Train=0.206s  Test=4.308s  Peak RAM=37.151 MB
2026-03-18 09:12:08 | INFO | [ncluster=253/253] AUC-ROC=50.00%  AUC-PR=50.00%  F1=0.0000  MCC=0.0000  Train=0.353s  Test=3.718s  Peak RAM=37.152 MB
2026-03-18 09:12:08 | INFO | [ncluster=256/256] AUC-ROC=50.00%  AUC-PR=50.00%  F1=0.0000  MCC=0.0000  Train=0.228s  Test=2.527s  Peak RAM=37.153 MB
2026-03-18 09:12:08 | INFO | [ncluster=259/259] AUC-ROC=50.00%  AUC-PR=50.00%  F1=0.0000  MCC=0.0000  Train=0.651s  Test=3.202s  Peak RAM=37.153 MB
2026-03-18 09:12:08 | INFO | [ncluster=262/262] AUC-ROC=50.00%  AUC-PR=50.00%  F1=0.0000  MCC=0.0000  Train=0.234s  Test=2.910s  Peak RAM=37.154 MB
2026-03-18 09:12:08 | INFO | [ncluster=265/265] AUC-ROC=50.00%  AUC-PR=50.00%  F1=0.0000  MCC=0.0000  Train=0.321s  Test=3.130s  Peak RAM=37.155 MB
2026-03-18 09:12:08 | INFO | [ncluster=268/268] AUC-ROC=50.00%  AUC-PR=50.00%  F1=0.0000  MCC=0.0000  Train=0.448s  Test=2.403s  Peak RAM=37.155 MB
2026-03-18 09:12:08 | INFO | [ncluster=271/271] AUC-ROC=50.00%  AUC-PR=50.00%  F1=0.0000  MCC=0.0000  Train=0.191s  Test=2.391s  Peak RAM=37.155 MB
2026-03-18 09:12:08 | INFO | [ncluster=274/274] AUC-ROC=50.00%  AUC-PR=50.00%  F1=0.0000  MCC=0.0000  Train=0.184s  Test=2.200s  Peak RAM=37.154 MB
2026-03-18 09:12:08 | INFO | [ncluster=277/277] AUC-ROC=50.00%  AUC-PR=50.00%  F1=0.0000  MCC=0.0000  Train=0.266s  Test=2.351s  Peak RAM=37.155 MB
2026-03-18 09:12:08 | INFO | [ncluster=280/280] AUC-ROC=50.00%  AUC-PR=50.00%  F1=0.0000  MCC=0.0000  Train=0.148s  Test=2.363s  Peak RAM=37.157 MB
2026-03-18 09:12:08 | INFO | [ncluster=283/283] AUC-ROC=50.00%  AUC-PR=50.00%  F1=0.0000  MCC=0.0000  Train=0.120s  Test=2.239s  Peak RAM=37.156 MB
2026-03-18 09:12:08 | INFO | [ncluster=286/286] AUC-ROC=50.00%  AUC-PR=50.00%  F1=0.0000  MCC=0.0000  Train=0.163s  Test=2.089s  Peak RAM=37.158 MB
2026-03-18 09:12:08 | INFO | [ncluster=289/289] AUC-ROC=50.00%  AUC-PR=50.00%  F1=0.0000  MCC=0.0000  Train=0.297s  Test=2.222s  Peak RAM=37.157 MB
2026-03-18 09:12:08 | INFO | [ncluster=292/292] AUC-ROC=50.00%  AUC-PR=50.00%  F1=0.0000  MCC=0.0000  Train=0.111s  Test=1.546s  Peak RAM=37.159 MB
2026-03-18 09:12:08 | INFO | [ncluster=295/295] AUC-ROC=50.00%  AUC-PR=50.00%  F1=0.0000  MCC=0.0000  Train=0.097s  Test=1.471s  Peak RAM=37.159 MB
2026-03-18 09:12:08 | INFO | [ncluster=298/298] AUC-ROC=50.00%  AUC-PR=50.00%  F1=0.0000  MCC=0.0000  Train=0.095s  Test=1.334s  Peak RAM=37.16 MB
2026-03-18 09:12:08 | INFO | --- noise=1% ---
2026-03-18 09:12:08 | INFO | ============================================================
2026-03-18 09:12:08 | INFO | Dataset  : Train_Normalizer_data_CICIoT2023.csv
2026-03-18 09:12:08 | INFO | Scaler   : Normalizer
2026-03-18 09:12:08 | INFO | Noise    : 1%
2026-03-18 09:12:08 | INFO | nClusters: 100 values (1..298)
2026-03-18 09:12:08 | INFO | ============================================================
2026-03-18 09:12:09 | INFO | Loaded Raw Shape -> Train: (30000, 45), Test: (30000, 45)
2026-03-18 09:12:09 | INFO | Training size : 30,300  |  Testing size: 29,700  |  Features: 44
2026-03-18 09:12:09 | INFO | Firing up Parallel execution for 100 cluster configs...
2026-03-18 09:16:09 | INFO | [ncluster=1/1] AUC-ROC=50.00%  AUC-PR=50.51%  F1=0.0000  MCC=0.0000  Train=0.264s  Test=7.416s  Peak RAM=37.475 MB
2026-03-18 09:16:09 | INFO | [ncluster=4/4] AUC-ROC=50.00%  AUC-PR=50.51%  F1=0.0000  MCC=0.0000  Train=0.403s  Test=8.174s  Peak RAM=37.479 MB
2026-03-18 09:16:09 | INFO | [ncluster=7/7] AUC-ROC=50.00%  AUC-PR=50.51%  F1=0.0000  MCC=0.0000  Train=0.453s  Test=8.801s  Peak RAM=37.478 MB
2026-03-18 09:16:09 | INFO | [ncluster=10/10] AUC-ROC=50.00%  AUC-PR=50.51%  F1=0.0000  MCC=0.0000  Train=0.548s  Test=9.691s  Peak RAM=37.477 MB
2026-03-18 09:16:09 | INFO | [ncluster=13/13] AUC-ROC=50.00%  AUC-PR=50.51%  F1=0.0000  MCC=0.0000  Train=0.523s  Test=8.885s  Peak RAM=37.479 MB
2026-03-18 09:16:09 | INFO | [ncluster=16/16] AUC-ROC=50.00%  AUC-PR=50.51%  F1=0.0000  MCC=0.0000  Train=0.570s  Test=9.253s  Peak RAM=37.48 MB
2026-03-18 09:16:09 | INFO | [ncluster=19/19] AUC-ROC=50.00%  AUC-PR=50.51%  F1=0.0000  MCC=0.0000  Train=0.853s  Test=9.159s  Peak RAM=37.48 MB
2026-03-18 09:16:09 | INFO | [ncluster=22/22] AUC-ROC=50.00%  AUC-PR=50.51%  F1=0.0000  MCC=0.0000  Train=1.296s  Test=8.259s  Peak RAM=37.48 MB
2026-03-18 09:16:09 | INFO | [ncluster=25/25] AUC-ROC=50.00%  AUC-PR=50.51%  F1=0.0000  MCC=0.0000  Train=1.553s  Test=7.840s  Peak RAM=37.481 MB
2026-03-18 09:16:09 | INFO | [ncluster=28/28] AUC-ROC=50.00%  AUC-PR=50.51%  F1=0.0000  MCC=0.0000  Train=1.304s  Test=8.206s  Peak RAM=37.481 MB
2026-03-18 09:16:09 | INFO | [ncluster=31/31] AUC-ROC=50.00%  AUC-PR=50.51%  F1=0.0000  MCC=0.0000  Train=1.558s  Test=7.564s  Peak RAM=37.482 MB
2026-03-18 09:16:09 | INFO | [ncluster=34/34] AUC-ROC=50.00%  AUC-PR=50.51%  F1=0.0000  MCC=0.0000  Train=1.427s  Test=7.221s  Peak RAM=37.483 MB
2026-03-18 09:16:09 | INFO | [ncluster=37/37] AUC-ROC=50.00%  AUC-PR=50.51%  F1=0.0000  MCC=0.0000  Train=0.268s  Test=4.512s  Peak RAM=37.485 MB
2026-03-18 09:16:09 | INFO | [ncluster=40/40] AUC-ROC=50.00%  AUC-PR=50.51%  F1=0.0000  MCC=0.0000  Train=0.370s  Test=4.891s  Peak RAM=37.484 MB
2026-03-18 09:16:09 | INFO | [ncluster=43/43] AUC-ROC=50.00%  AUC-PR=50.51%  F1=0.0000  MCC=0.0000  Train=0.465s  Test=5.627s  Peak RAM=37.486 MB
2026-03-18 09:16:09 | INFO | [ncluster=46/46] AUC-ROC=50.00%  AUC-PR=50.51%  F1=0.0000  MCC=0.0000  Train=0.573s  Test=7.176s  Peak RAM=37.485 MB
2026-03-18 09:16:09 | INFO | [ncluster=49/49] AUC-ROC=50.00%  AUC-PR=50.51%  F1=0.0000  MCC=0.0000  Train=0.772s  Test=5.869s  Peak RAM=37.486 MB
2026-03-18 09:16:09 | INFO | [ncluster=52/52] AUC-ROC=50.00%  AUC-PR=50.51%  F1=0.0000  MCC=0.0000  Train=0.514s  Test=6.030s  Peak RAM=37.485 MB
2026-03-18 09:16:09 | INFO | [ncluster=55/55] AUC-ROC=50.00%  AUC-PR=50.51%  F1=0.0000  MCC=0.0000  Train=0.864s  Test=7.316s  Peak RAM=37.486 MB
2026-03-18 09:16:09 | INFO | [ncluster=58/58] AUC-ROC=50.00%  AUC-PR=50.51%  F1=0.0000  MCC=0.0000  Train=0.931s  Test=7.534s  Peak RAM=37.486 MB
2026-03-18 09:16:09 | INFO | [ncluster=61/61] AUC-ROC=50.00%  AUC-PR=50.51%  F1=0.0000  MCC=0.0000  Train=1.511s  Test=5.830s  Peak RAM=37.49 MB
2026-03-18 09:16:09 | INFO | [ncluster=64/64] AUC-ROC=50.00%  AUC-PR=50.51%  F1=0.0000  MCC=0.0000  Train=1.071s  Test=7.186s  Peak RAM=37.488 MB
2026-03-18 09:16:09 | INFO | [ncluster=67/67] AUC-ROC=50.00%  AUC-PR=50.51%  F1=0.0000  MCC=0.0000  Train=1.268s  Test=6.504s  Peak RAM=37.488 MB
2026-03-18 09:16:09 | INFO | [ncluster=70/70] AUC-ROC=50.00%  AUC-PR=50.51%  F1=0.0000  MCC=0.0000  Train=0.294s  Test=4.698s  Peak RAM=37.489 MB
2026-03-18 09:16:09 | INFO | [ncluster=73/73] AUC-ROC=50.00%  AUC-PR=50.51%  F1=0.0000  MCC=0.0000  Train=0.316s  Test=3.435s  Peak RAM=37.491 MB
2026-03-18 09:16:09 | INFO | [ncluster=76/76] AUC-ROC=50.00%  AUC-PR=50.51%  F1=0.0000  MCC=0.0000  Train=0.334s  Test=3.136s  Peak RAM=37.492 MB
2026-03-18 09:16:09 | INFO | [ncluster=79/79] AUC-ROC=50.00%  AUC-PR=50.51%  F1=0.0000  MCC=0.0000  Train=0.339s  Test=4.620s  Peak RAM=37.491 MB
2026-03-18 09:16:09 | INFO | [ncluster=82/82] AUC-ROC=50.00%  AUC-PR=50.51%  F1=0.0000  MCC=0.0000  Train=0.628s  Test=5.135s  Peak RAM=37.492 MB
2026-03-18 09:16:09 | INFO | [ncluster=85/85] AUC-ROC=50.00%  AUC-PR=50.51%  F1=0.0000  MCC=0.0000  Train=0.237s  Test=3.501s  Peak RAM=37.492 MB
2026-03-18 09:16:09 | INFO | [ncluster=88/88] AUC-ROC=50.00%  AUC-PR=50.51%  F1=0.0000  MCC=0.0000  Train=0.676s  Test=4.501s  Peak RAM=37.493 MB
2026-03-18 09:16:09 | INFO | [ncluster=91/91] AUC-ROC=50.00%  AUC-PR=50.51%  F1=0.0000  MCC=0.0000  Train=0.319s  Test=4.532s  Peak RAM=37.492 MB
2026-03-18 09:16:09 | INFO | [ncluster=94/94] AUC-ROC=50.00%  AUC-PR=50.51%  F1=0.0000  MCC=0.0000  Train=0.463s  Test=5.003s  Peak RAM=37.493 MB
2026-03-18 09:16:09 | INFO | [ncluster=97/97] AUC-ROC=50.00%  AUC-PR=50.51%  F1=0.0000  MCC=0.0000  Train=0.628s  Test=4.898s  Peak RAM=37.493 MB
2026-03-18 09:16:09 | INFO | [ncluster=100/100] AUC-ROC=50.00%  AUC-PR=50.51%  F1=0.0000  MCC=0.0000  Train=0.575s  Test=4.495s  Peak RAM=37.496 MB
2026-03-18 09:16:09 | INFO | [ncluster=103/103] AUC-ROC=50.00%  AUC-PR=50.51%  F1=0.0000  MCC=0.0000  Train=0.715s  Test=3.818s  Peak RAM=37.496 MB
2026-03-18 09:16:09 | INFO | [ncluster=106/106] AUC-ROC=50.00%  AUC-PR=50.51%  F1=0.0000  MCC=0.0000  Train=0.623s  Test=4.454s  Peak RAM=37.495 MB
2026-03-18 09:16:09 | INFO | [ncluster=109/109] AUC-ROC=50.00%  AUC-PR=50.51%  F1=0.0000  MCC=0.0000  Train=0.356s  Test=3.449s  Peak RAM=37.496 MB
2026-03-18 09:16:09 | INFO | [ncluster=112/112] AUC-ROC=50.00%  AUC-PR=50.51%  F1=0.0000  MCC=0.0000  Train=0.403s  Test=3.377s  Peak RAM=37.497 MB
2026-03-18 09:16:09 | INFO | [ncluster=115/115] AUC-ROC=50.00%  AUC-PR=50.51%  F1=0.0000  MCC=0.0000  Train=0.242s  Test=2.762s  Peak RAM=37.497 MB
2026-03-18 09:16:09 | INFO | [ncluster=118/118] AUC-ROC=50.00%  AUC-PR=50.51%  F1=0.0000  MCC=0.0000  Train=0.197s  Test=3.815s  Peak RAM=37.498 MB
2026-03-18 09:16:09 | INFO | [ncluster=121/121] AUC-ROC=50.00%  AUC-PR=50.51%  F1=0.0000  MCC=0.0000  Train=0.358s  Test=4.027s  Peak RAM=37.498 MB
2026-03-18 09:16:09 | INFO | [ncluster=124/124] AUC-ROC=50.00%  AUC-PR=50.51%  F1=0.0000  MCC=0.0000  Train=0.530s  Test=3.703s  Peak RAM=37.499 MB
2026-03-18 09:16:09 | INFO | [ncluster=127/127] AUC-ROC=50.00%  AUC-PR=50.51%  F1=0.0000  MCC=0.0000  Train=0.754s  Test=3.483s  Peak RAM=37.499 MB
2026-03-18 09:16:09 | INFO | [ncluster=130/130] AUC-ROC=50.00%  AUC-PR=50.51%  F1=0.0000  MCC=0.0000  Train=0.560s  Test=4.636s  Peak RAM=37.5 MB
2026-03-18 09:16:09 | INFO | [ncluster=133/133] AUC-ROC=50.00%  AUC-PR=50.51%  F1=0.0000  MCC=0.0000  Train=0.371s  Test=4.480s  Peak RAM=37.501 MB
2026-03-18 09:16:09 | INFO | [ncluster=136/136] AUC-ROC=50.00%  AUC-PR=50.51%  F1=0.0000  MCC=0.0000  Train=0.439s  Test=4.959s  Peak RAM=37.501 MB
2026-03-18 09:16:09 | INFO | [ncluster=139/139] AUC-ROC=50.00%  AUC-PR=50.51%  F1=0.0000  MCC=0.0000  Train=0.493s  Test=4.435s  Peak RAM=37.501 MB
2026-03-18 09:16:09 | INFO | [ncluster=142/142] AUC-ROC=50.00%  AUC-PR=50.51%  F1=0.0000  MCC=0.0000  Train=0.856s  Test=4.017s  Peak RAM=37.502 MB
2026-03-18 09:16:09 | INFO | [ncluster=145/145] AUC-ROC=50.00%  AUC-PR=50.51%  F1=0.0000  MCC=0.0000  Train=0.379s  Test=3.150s  Peak RAM=37.503 MB
2026-03-18 09:16:09 | INFO | [ncluster=148/148] AUC-ROC=50.00%  AUC-PR=50.51%  F1=0.0000  MCC=0.0000  Train=0.479s  Test=3.346s  Peak RAM=37.503 MB
2026-03-18 09:16:09 | INFO | [ncluster=151/151] AUC-ROC=50.00%  AUC-PR=50.51%  F1=0.0000  MCC=0.0000  Train=0.288s  Test=2.851s  Peak RAM=37.503 MB
2026-03-18 09:16:09 | INFO | [ncluster=154/154] AUC-ROC=50.00%  AUC-PR=50.51%  F1=0.0000  MCC=0.0000  Train=0.244s  Test=3.625s  Peak RAM=37.504 MB
2026-03-18 09:16:09 | INFO | [ncluster=157/157] AUC-ROC=50.00%  AUC-PR=50.51%  F1=0.0000  MCC=0.0000  Train=0.389s  Test=3.472s  Peak RAM=37.504 MB
2026-03-18 09:16:09 | INFO | [ncluster=160/160] AUC-ROC=50.00%  AUC-PR=50.51%  F1=0.0000  MCC=0.0000  Train=0.427s  Test=3.202s  Peak RAM=37.505 MB
2026-03-18 09:16:09 | INFO | [ncluster=163/163] AUC-ROC=50.00%  AUC-PR=50.51%  F1=0.0000  MCC=0.0000  Train=0.449s  Test=3.716s  Peak RAM=37.505 MB
2026-03-18 09:16:09 | INFO | [ncluster=166/166] AUC-ROC=50.00%  AUC-PR=50.51%  F1=0.0000  MCC=0.0000  Train=0.291s  Test=4.316s  Peak RAM=37.506 MB
2026-03-18 09:16:09 | INFO | [ncluster=169/169] AUC-ROC=50.00%  AUC-PR=50.51%  F1=0.0000  MCC=0.0000  Train=0.213s  Test=4.641s  Peak RAM=37.507 MB
2026-03-18 09:16:09 | INFO | [ncluster=172/172] AUC-ROC=50.00%  AUC-PR=50.51%  F1=0.0000  MCC=0.0000  Train=0.289s  Test=3.445s  Peak RAM=37.508 MB
2026-03-18 09:16:09 | INFO | [ncluster=175/175] AUC-ROC=50.00%  AUC-PR=50.51%  F1=0.0000  MCC=0.0000  Train=0.203s  Test=3.484s  Peak RAM=37.508 MB
2026-03-18 09:16:09 | INFO | [ncluster=178/178] AUC-ROC=50.00%  AUC-PR=50.51%  F1=0.0000  MCC=0.0000  Train=0.357s  Test=3.925s  Peak RAM=37.508 MB
2026-03-18 09:16:09 | INFO | [ncluster=181/181] AUC-ROC=50.00%  AUC-PR=50.51%  F1=0.0000  MCC=0.0000  Train=0.668s  Test=4.795s  Peak RAM=37.51 MB
2026-03-18 09:16:09 | INFO | [ncluster=184/184] AUC-ROC=50.00%  AUC-PR=50.51%  F1=0.0000  MCC=0.0000  Train=0.325s  Test=3.193s  Peak RAM=37.51 MB
2026-03-18 09:16:09 | INFO | [ncluster=187/187] AUC-ROC=50.00%  AUC-PR=50.51%  F1=0.0000  MCC=0.0000  Train=0.303s  Test=4.054s  Peak RAM=37.51 MB
2026-03-18 09:16:09 | INFO | [ncluster=190/190] AUC-ROC=50.00%  AUC-PR=50.51%  F1=0.0000  MCC=0.0000  Train=0.261s  Test=3.890s  Peak RAM=37.51 MB
2026-03-18 09:16:09 | INFO | [ncluster=193/193] AUC-ROC=50.00%  AUC-PR=50.51%  F1=0.0000  MCC=0.0000  Train=0.413s  Test=4.338s  Peak RAM=37.511 MB
2026-03-18 09:16:09 | INFO | [ncluster=196/196] AUC-ROC=50.00%  AUC-PR=50.51%  F1=0.0000  MCC=0.0000  Train=0.487s  Test=4.028s  Peak RAM=37.512 MB
2026-03-18 09:16:09 | INFO | [ncluster=199/199] AUC-ROC=50.00%  AUC-PR=50.51%  F1=0.0000  MCC=0.0000  Train=0.384s  Test=3.507s  Peak RAM=37.512 MB
2026-03-18 09:16:09 | INFO | [ncluster=202/202] AUC-ROC=50.00%  AUC-PR=50.51%  F1=0.0000  MCC=0.0000  Train=0.276s  Test=3.288s  Peak RAM=37.513 MB
2026-03-18 09:16:09 | INFO | [ncluster=205/205] AUC-ROC=50.00%  AUC-PR=50.51%  F1=0.0000  MCC=0.0000  Train=0.309s  Test=3.597s  Peak RAM=37.514 MB
2026-03-18 09:16:09 | INFO | [ncluster=208/208] AUC-ROC=50.00%  AUC-PR=50.51%  F1=0.0000  MCC=0.0000  Train=0.408s  Test=3.759s  Peak RAM=37.514 MB
2026-03-18 09:16:09 | INFO | [ncluster=211/211] AUC-ROC=50.00%  AUC-PR=50.51%  F1=0.0000  MCC=0.0000  Train=0.252s  Test=3.978s  Peak RAM=37.515 MB
2026-03-18 09:16:09 | INFO | [ncluster=214/214] AUC-ROC=50.00%  AUC-PR=50.51%  F1=0.0000  MCC=0.0000  Train=0.543s  Test=4.454s  Peak RAM=37.515 MB
2026-03-18 09:16:09 | INFO | [ncluster=217/217] AUC-ROC=50.00%  AUC-PR=50.51%  F1=0.0000  MCC=0.0000  Train=0.476s  Test=4.185s  Peak RAM=37.516 MB
2026-03-18 09:16:09 | INFO | [ncluster=220/220] AUC-ROC=50.00%  AUC-PR=50.51%  F1=0.0000  MCC=0.0000  Train=0.423s  Test=5.022s  Peak RAM=37.515 MB
2026-03-18 09:16:09 | INFO | [ncluster=223/223] AUC-ROC=50.00%  AUC-PR=50.51%  F1=0.0000  MCC=0.0000  Train=0.388s  Test=4.755s  Peak RAM=37.517 MB
2026-03-18 09:16:09 | INFO | [ncluster=226/226] AUC-ROC=50.00%  AUC-PR=50.51%  F1=0.0000  MCC=0.0000  Train=0.549s  Test=4.604s  Peak RAM=37.518 MB
2026-03-18 09:16:09 | INFO | [ncluster=229/229] AUC-ROC=50.00%  AUC-PR=50.51%  F1=0.0000  MCC=0.0000  Train=0.449s  Test=3.615s  Peak RAM=37.518 MB
2026-03-18 09:16:09 | INFO | [ncluster=232/232] AUC-ROC=50.00%  AUC-PR=50.51%  F1=0.0000  MCC=0.0000  Train=0.299s  Test=4.457s  Peak RAM=37.518 MB
2026-03-18 09:16:09 | INFO | [ncluster=235/235] AUC-ROC=50.00%  AUC-PR=50.51%  F1=0.0000  MCC=0.0000  Train=0.687s  Test=4.151s  Peak RAM=37.519 MB
2026-03-18 09:16:09 | INFO | [ncluster=238/238] AUC-ROC=50.00%  AUC-PR=50.51%  F1=0.0000  MCC=0.0000  Train=0.369s  Test=3.184s  Peak RAM=37.519 MB
2026-03-18 09:16:09 | INFO | [ncluster=241/241] AUC-ROC=50.00%  AUC-PR=50.51%  F1=0.0000  MCC=0.0000  Train=0.354s  Test=4.346s  Peak RAM=37.52 MB
2026-03-18 09:16:09 | INFO | [ncluster=244/244] AUC-ROC=50.00%  AUC-PR=50.51%  F1=0.0000  MCC=0.0000  Train=0.428s  Test=3.853s  Peak RAM=37.52 MB
2026-03-18 09:16:09 | INFO | [ncluster=247/247] AUC-ROC=50.00%  AUC-PR=50.51%  F1=0.0000  MCC=0.0000  Train=0.279s  Test=3.024s  Peak RAM=37.52 MB
2026-03-18 09:16:09 | INFO | [ncluster=250/250] AUC-ROC=50.00%  AUC-PR=50.51%  F1=0.0000  MCC=0.0000  Train=0.211s  Test=2.926s  Peak RAM=37.521 MB
2026-03-18 09:16:09 | INFO | [ncluster=253/253] AUC-ROC=50.00%  AUC-PR=50.51%  F1=0.0000  MCC=0.0000  Train=0.632s  Test=4.186s  Peak RAM=37.522 MB
2026-03-18 09:16:09 | INFO | [ncluster=256/256] AUC-ROC=50.00%  AUC-PR=50.51%  F1=0.0000  MCC=0.0000  Train=0.340s  Test=3.877s  Peak RAM=37.523 MB
2026-03-18 09:16:09 | INFO | [ncluster=259/259] AUC-ROC=50.00%  AUC-PR=50.51%  F1=0.0000  MCC=0.0000  Train=0.290s  Test=3.362s  Peak RAM=37.524 MB
2026-03-18 09:16:09 | INFO | [ncluster=262/262] AUC-ROC=50.00%  AUC-PR=50.51%  F1=0.0000  MCC=0.0000  Train=0.499s  Test=6.003s  Peak RAM=37.524 MB
2026-03-18 09:16:09 | INFO | [ncluster=265/265] AUC-ROC=50.00%  AUC-PR=50.51%  F1=0.0000  MCC=0.0000  Train=0.593s  Test=6.162s  Peak RAM=37.525 MB
2026-03-18 09:16:09 | INFO | [ncluster=268/268] AUC-ROC=50.00%  AUC-PR=50.51%  F1=0.0000  MCC=0.0000  Train=0.531s  Test=4.311s  Peak RAM=37.524 MB
2026-03-18 09:16:09 | INFO | [ncluster=271/271] AUC-ROC=50.00%  AUC-PR=50.51%  F1=0.0000  MCC=0.0000  Train=0.457s  Test=6.550s  Peak RAM=37.525 MB
2026-03-18 09:16:09 | INFO | [ncluster=274/274] AUC-ROC=50.00%  AUC-PR=50.51%  F1=0.0000  MCC=0.0000  Train=0.298s  Test=3.381s  Peak RAM=37.526 MB
2026-03-18 09:16:09 | INFO | [ncluster=277/277] AUC-ROC=50.00%  AUC-PR=50.51%  F1=0.0000  MCC=0.0000  Train=0.191s  Test=2.365s  Peak RAM=37.526 MB
2026-03-18 09:16:09 | INFO | [ncluster=280/280] AUC-ROC=50.00%  AUC-PR=50.51%  F1=0.0000  MCC=0.0000  Train=0.317s  Test=4.508s  Peak RAM=37.527 MB
2026-03-18 09:16:09 | INFO | [ncluster=283/283] AUC-ROC=50.00%  AUC-PR=50.51%  F1=0.0000  MCC=0.0000  Train=0.394s  Test=5.444s  Peak RAM=37.528 MB
2026-03-18 09:16:09 | INFO | [ncluster=286/286] AUC-ROC=50.00%  AUC-PR=50.51%  F1=0.0000  MCC=0.0000  Train=0.240s  Test=2.601s  Peak RAM=37.527 MB
2026-03-18 09:16:09 | INFO | [ncluster=289/289] AUC-ROC=50.00%  AUC-PR=50.51%  F1=0.0000  MCC=0.0000  Train=0.138s  Test=1.806s  Peak RAM=37.529 MB
2026-03-18 09:16:09 | INFO | [ncluster=292/292] AUC-ROC=50.00%  AUC-PR=50.51%  F1=0.0000  MCC=0.0000  Train=0.144s  Test=1.696s  Peak RAM=37.53 MB
2026-03-18 09:16:09 | INFO | [ncluster=295/295] AUC-ROC=50.00%  AUC-PR=50.51%  F1=0.0000  MCC=0.0000  Train=0.108s  Test=1.743s  Peak RAM=37.53 MB
2026-03-18 09:16:09 | INFO | [ncluster=298/298] AUC-ROC=50.00%  AUC-PR=50.51%  F1=0.0000  MCC=0.0000  Train=0.123s  Test=1.844s  Peak RAM=37.53 MB
2026-03-18 09:16:09 | INFO | --- noise=3% ---
2026-03-18 09:16:09 | INFO | ============================================================
2026-03-18 09:16:09 | INFO | Dataset  : Train_Normalizer_data_CICIoT2023.csv
2026-03-18 09:16:09 | INFO | Scaler   : Normalizer
2026-03-18 09:16:09 | INFO | Noise    : 3%
2026-03-18 09:16:09 | INFO | nClusters: 100 values (1..298)
2026-03-18 09:16:09 | INFO | ============================================================
2026-03-18 09:16:09 | INFO | Loaded Raw Shape -> Train: (30000, 45), Test: (30000, 45)
2026-03-18 09:16:09 | INFO | Training size : 30,900  |  Testing size: 29,100  |  Features: 44
2026-03-18 09:16:09 | INFO | Firing up Parallel execution for 100 cluster configs...
2026-03-18 09:20:17 | INFO | [ncluster=1/1] AUC-ROC=50.00%  AUC-PR=51.55%  F1=0.0000  MCC=0.0000  Train=0.282s  Test=6.582s  Peak RAM=38.217 MB
2026-03-18 09:20:17 | INFO | [ncluster=4/4] AUC-ROC=50.00%  AUC-PR=51.55%  F1=0.0000  MCC=0.0000  Train=0.264s  Test=7.190s  Peak RAM=38.219 MB
2026-03-18 09:20:17 | INFO | [ncluster=7/7] AUC-ROC=50.00%  AUC-PR=51.55%  F1=0.0000  MCC=0.0000  Train=0.514s  Test=9.147s  Peak RAM=38.219 MB
2026-03-18 09:20:17 | INFO | [ncluster=10/10] AUC-ROC=50.00%  AUC-PR=51.55%  F1=0.0000  MCC=0.0000  Train=0.296s  Test=8.037s  Peak RAM=38.22 MB
2026-03-18 09:20:17 | INFO | [ncluster=13/13] AUC-ROC=50.00%  AUC-PR=51.55%  F1=0.0000  MCC=0.0000  Train=0.313s  Test=6.980s  Peak RAM=38.221 MB
2026-03-18 09:20:17 | INFO | [ncluster=16/16] AUC-ROC=50.00%  AUC-PR=51.55%  F1=0.0000  MCC=0.0000  Train=0.772s  Test=8.891s  Peak RAM=38.221 MB
2026-03-18 09:20:17 | INFO | [ncluster=19/19] AUC-ROC=50.00%  AUC-PR=51.55%  F1=0.0000  MCC=0.0000  Train=0.713s  Test=8.890s  Peak RAM=38.222 MB
2026-03-18 09:20:17 | INFO | [ncluster=22/22] AUC-ROC=50.00%  AUC-PR=51.55%  F1=0.0000  MCC=0.0000  Train=0.756s  Test=8.806s  Peak RAM=38.221 MB
2026-03-18 09:20:17 | INFO | [ncluster=25/25] AUC-ROC=50.00%  AUC-PR=51.55%  F1=0.0000  MCC=0.0000  Train=1.054s  Test=8.942s  Peak RAM=38.223 MB
2026-03-18 09:20:17 | INFO | [ncluster=28/28] AUC-ROC=50.00%  AUC-PR=51.55%  F1=0.0000  MCC=0.0000  Train=0.968s  Test=8.717s  Peak RAM=38.224 MB
2026-03-18 09:20:17 | INFO | [ncluster=31/31] AUC-ROC=50.00%  AUC-PR=51.55%  F1=0.0000  MCC=0.0000  Train=0.613s  Test=6.576s  Peak RAM=38.224 MB
2026-03-18 09:20:17 | INFO | [ncluster=34/34] AUC-ROC=50.00%  AUC-PR=51.55%  F1=0.0000  MCC=0.0000  Train=1.050s  Test=6.169s  Peak RAM=38.225 MB
2026-03-18 09:20:17 | INFO | [ncluster=37/37] AUC-ROC=50.00%  AUC-PR=51.55%  F1=0.0000  MCC=0.0000  Train=0.438s  Test=3.915s  Peak RAM=38.226 MB
2026-03-18 09:20:17 | INFO | [ncluster=40/40] AUC-ROC=50.00%  AUC-PR=51.55%  F1=0.0000  MCC=0.0000  Train=0.297s  Test=5.041s  Peak RAM=38.225 MB
2026-03-18 09:20:17 | INFO | [ncluster=43/43] AUC-ROC=50.00%  AUC-PR=51.55%  F1=0.0000  MCC=0.0000  Train=0.339s  Test=5.625s  Peak RAM=38.227 MB
2026-03-18 09:20:17 | INFO | [ncluster=46/46] AUC-ROC=50.00%  AUC-PR=51.55%  F1=0.0000  MCC=0.0000  Train=0.270s  Test=5.220s  Peak RAM=38.226 MB
2026-03-18 09:20:17 | INFO | [ncluster=49/49] AUC-ROC=50.00%  AUC-PR=51.55%  F1=0.0000  MCC=0.0000  Train=0.578s  Test=5.439s  Peak RAM=38.227 MB
2026-03-18 09:20:17 | INFO | [ncluster=52/52] AUC-ROC=50.00%  AUC-PR=51.55%  F1=0.0000  MCC=0.0000  Train=0.784s  Test=6.142s  Peak RAM=38.228 MB
2026-03-18 09:20:17 | INFO | [ncluster=55/55] AUC-ROC=50.00%  AUC-PR=51.55%  F1=0.0000  MCC=0.0000  Train=0.505s  Test=6.505s  Peak RAM=38.228 MB
2026-03-18 09:20:17 | INFO | [ncluster=58/58] AUC-ROC=50.00%  AUC-PR=51.55%  F1=0.0000  MCC=0.0000  Train=0.551s  Test=5.972s  Peak RAM=38.228 MB
2026-03-18 09:20:17 | INFO | [ncluster=61/61] AUC-ROC=50.00%  AUC-PR=51.55%  F1=0.0000  MCC=0.0000  Train=0.534s  Test=6.729s  Peak RAM=38.23 MB
2026-03-18 09:20:17 | INFO | [ncluster=64/64] AUC-ROC=50.00%  AUC-PR=51.55%  F1=0.0000  MCC=0.0000  Train=1.007s  Test=7.004s  Peak RAM=38.23 MB
2026-03-18 09:20:17 | INFO | [ncluster=67/67] AUC-ROC=50.00%  AUC-PR=51.55%  F1=0.0000  MCC=0.0000  Train=0.419s  Test=5.846s  Peak RAM=38.24 MB
2026-03-18 09:20:17 | INFO | [ncluster=70/70] AUC-ROC=50.00%  AUC-PR=51.55%  F1=0.0000  MCC=0.0000  Train=0.886s  Test=5.811s  Peak RAM=38.231 MB
2026-03-18 09:20:17 | INFO | [ncluster=73/73] AUC-ROC=50.00%  AUC-PR=51.55%  F1=0.0000  MCC=0.0000  Train=0.455s  Test=5.606s  Peak RAM=38.231 MB
2026-03-18 09:20:17 | INFO | [ncluster=76/76] AUC-ROC=50.00%  AUC-PR=51.55%  F1=0.0000  MCC=0.0000  Train=0.294s  Test=3.665s  Peak RAM=38.231 MB
2026-03-18 09:20:17 | INFO | [ncluster=79/79] AUC-ROC=50.00%  AUC-PR=51.55%  F1=0.0000  MCC=0.0000  Train=0.371s  Test=5.088s  Peak RAM=38.232 MB
2026-03-18 09:20:17 | INFO | [ncluster=82/82] AUC-ROC=50.00%  AUC-PR=51.55%  F1=0.0000  MCC=0.0000  Train=0.247s  Test=4.078s  Peak RAM=38.234 MB
2026-03-18 09:20:17 | INFO | [ncluster=85/85] AUC-ROC=50.00%  AUC-PR=51.55%  F1=0.0000  MCC=0.0000  Train=0.287s  Test=4.078s  Peak RAM=38.233 MB
2026-03-18 09:20:17 | INFO | [ncluster=88/88] AUC-ROC=50.00%  AUC-PR=51.55%  F1=0.0000  MCC=0.0000  Train=0.416s  Test=3.840s  Peak RAM=38.234 MB
2026-03-18 09:20:17 | INFO | [ncluster=91/91] AUC-ROC=50.00%  AUC-PR=51.55%  F1=0.0000  MCC=0.0000  Train=0.448s  Test=5.227s  Peak RAM=38.233 MB
2026-03-18 09:20:17 | INFO | [ncluster=94/94] AUC-ROC=50.00%  AUC-PR=51.55%  F1=0.0000  MCC=0.0000  Train=0.346s  Test=4.076s  Peak RAM=38.235 MB
2026-03-18 09:20:17 | INFO | [ncluster=97/97] AUC-ROC=50.00%  AUC-PR=51.55%  F1=0.0000  MCC=0.0000  Train=0.507s  Test=5.305s  Peak RAM=38.236 MB
2026-03-18 09:20:17 | INFO | [ncluster=100/100] AUC-ROC=50.00%  AUC-PR=51.55%  F1=0.0000  MCC=0.0000  Train=0.369s  Test=4.507s  Peak RAM=38.238 MB
2026-03-18 09:20:17 | INFO | [ncluster=103/103] AUC-ROC=50.00%  AUC-PR=51.55%  F1=0.0000  MCC=0.0000  Train=0.674s  Test=5.799s  Peak RAM=38.239 MB
2026-03-18 09:20:17 | INFO | [ncluster=106/106] AUC-ROC=50.00%  AUC-PR=51.55%  F1=0.0000  MCC=0.0000  Train=0.464s  Test=3.703s  Peak RAM=38.238 MB
2026-03-18 09:20:17 | INFO | [ncluster=109/109] AUC-ROC=50.00%  AUC-PR=51.55%  F1=0.0000  MCC=0.0000  Train=0.496s  Test=4.737s  Peak RAM=38.238 MB
2026-03-18 09:20:17 | INFO | [ncluster=112/112] AUC-ROC=50.00%  AUC-PR=51.55%  F1=0.0000  MCC=0.0000  Train=0.286s  Test=5.522s  Peak RAM=38.239 MB
2026-03-18 09:20:17 | INFO | [ncluster=115/115] AUC-ROC=50.00%  AUC-PR=51.55%  F1=0.0000  MCC=0.0000  Train=0.330s  Test=3.932s  Peak RAM=38.24 MB
2026-03-18 09:20:17 | INFO | [ncluster=118/118] AUC-ROC=50.00%  AUC-PR=51.55%  F1=0.0000  MCC=0.0000  Train=0.417s  Test=3.920s  Peak RAM=38.239 MB
2026-03-18 09:20:17 | INFO | [ncluster=121/121] AUC-ROC=50.00%  AUC-PR=51.55%  F1=0.0000  MCC=0.0000  Train=0.405s  Test=3.739s  Peak RAM=38.24 MB
2026-03-18 09:20:17 | INFO | [ncluster=124/124] AUC-ROC=50.00%  AUC-PR=51.55%  F1=0.0000  MCC=0.0000  Train=0.406s  Test=4.009s  Peak RAM=38.25 MB
2026-03-18 09:20:17 | INFO | [ncluster=127/127] AUC-ROC=50.00%  AUC-PR=51.55%  F1=0.0000  MCC=0.0000  Train=0.439s  Test=3.888s  Peak RAM=38.241 MB
2026-03-18 09:20:17 | INFO | [ncluster=130/130] AUC-ROC=50.00%  AUC-PR=51.55%  F1=0.0000  MCC=0.0000  Train=0.511s  Test=4.563s  Peak RAM=38.241 MB
2026-03-18 09:20:17 | INFO | [ncluster=133/133] AUC-ROC=50.00%  AUC-PR=51.55%  F1=0.0000  MCC=0.0000  Train=0.478s  Test=3.935s  Peak RAM=38.243 MB
2026-03-18 09:20:17 | INFO | [ncluster=136/136] AUC-ROC=50.00%  AUC-PR=51.55%  F1=0.0000  MCC=0.0000  Train=0.289s  Test=3.832s  Peak RAM=38.25 MB
2026-03-18 09:20:17 | INFO | [ncluster=139/139] AUC-ROC=50.00%  AUC-PR=51.55%  F1=0.0000  MCC=0.0000  Train=0.308s  Test=5.430s  Peak RAM=38.251 MB
2026-03-18 09:20:17 | INFO | [ncluster=142/142] AUC-ROC=50.00%  AUC-PR=51.55%  F1=0.0000  MCC=0.0000  Train=0.327s  Test=4.673s  Peak RAM=38.253 MB
2026-03-18 09:20:17 | INFO | [ncluster=145/145] AUC-ROC=50.00%  AUC-PR=51.55%  F1=0.0000  MCC=0.0000  Train=0.352s  Test=3.917s  Peak RAM=38.247 MB
2026-03-18 09:20:17 | INFO | [ncluster=148/148] AUC-ROC=50.00%  AUC-PR=51.55%  F1=0.0000  MCC=0.0000  Train=0.393s  Test=3.975s  Peak RAM=38.257 MB
2026-03-18 09:20:17 | INFO | [ncluster=151/151] AUC-ROC=50.00%  AUC-PR=51.55%  F1=0.0000  MCC=0.0000  Train=0.257s  Test=3.591s  Peak RAM=38.245 MB
2026-03-18 09:20:17 | INFO | [ncluster=154/154] AUC-ROC=50.00%  AUC-PR=51.55%  F1=0.0000  MCC=0.0000  Train=0.228s  Test=3.697s  Peak RAM=38.246 MB
2026-03-18 09:20:17 | INFO | [ncluster=157/157] AUC-ROC=50.00%  AUC-PR=51.55%  F1=0.0000  MCC=0.0000  Train=0.263s  Test=4.641s  Peak RAM=38.256 MB
2026-03-18 09:20:17 | INFO | [ncluster=160/160] AUC-ROC=50.00%  AUC-PR=51.55%  F1=0.0000  MCC=0.0000  Train=0.215s  Test=3.640s  Peak RAM=38.254 MB
2026-03-18 09:20:17 | INFO | [ncluster=163/163] AUC-ROC=50.00%  AUC-PR=51.55%  F1=0.0000  MCC=0.0000  Train=0.594s  Test=4.813s  Peak RAM=38.255 MB
2026-03-18 09:20:17 | INFO | [ncluster=166/166] AUC-ROC=50.00%  AUC-PR=51.55%  F1=0.0000  MCC=0.0000  Train=0.467s  Test=3.603s  Peak RAM=38.255 MB
2026-03-18 09:20:17 | INFO | [ncluster=169/169] AUC-ROC=50.00%  AUC-PR=51.55%  F1=0.0000  MCC=0.0000  Train=0.250s  Test=3.508s  Peak RAM=38.252 MB
2026-03-18 09:20:17 | INFO | [ncluster=172/172] AUC-ROC=50.00%  AUC-PR=51.55%  F1=0.0000  MCC=0.0000  Train=0.523s  Test=4.852s  Peak RAM=38.257 MB
2026-03-18 09:20:17 | INFO | [ncluster=175/175] AUC-ROC=50.00%  AUC-PR=51.55%  F1=0.0000  MCC=0.0000  Train=0.406s  Test=4.553s  Peak RAM=38.249 MB
2026-03-18 09:20:17 | INFO | [ncluster=178/178] AUC-ROC=50.00%  AUC-PR=51.55%  F1=0.0000  MCC=0.0000  Train=0.330s  Test=5.538s  Peak RAM=38.254 MB
2026-03-18 09:20:17 | INFO | [ncluster=181/181] AUC-ROC=50.00%  AUC-PR=51.55%  F1=0.0000  MCC=0.0000  Train=0.686s  Test=4.896s  Peak RAM=38.258 MB
2026-03-18 09:20:17 | INFO | [ncluster=184/184] AUC-ROC=50.00%  AUC-PR=51.55%  F1=0.0000  MCC=0.0000  Train=0.485s  Test=4.758s  Peak RAM=38.253 MB
2026-03-18 09:20:17 | INFO | [ncluster=187/187] AUC-ROC=50.00%  AUC-PR=51.55%  F1=0.0000  MCC=0.0000  Train=0.526s  Test=3.475s  Peak RAM=38.259 MB
2026-03-18 09:20:17 | INFO | [ncluster=190/190] AUC-ROC=50.00%  AUC-PR=51.55%  F1=0.0000  MCC=0.0000  Train=0.600s  Test=4.624s  Peak RAM=38.264 MB
2026-03-18 09:20:17 | INFO | [ncluster=193/193] AUC-ROC=50.00%  AUC-PR=51.55%  F1=0.0000  MCC=0.0000  Train=0.329s  Test=3.118s  Peak RAM=38.254 MB
2026-03-18 09:20:17 | INFO | [ncluster=196/196] AUC-ROC=50.00%  AUC-PR=51.55%  F1=0.0000  MCC=0.0000  Train=0.285s  Test=4.707s  Peak RAM=38.256 MB
2026-03-18 09:20:17 | INFO | [ncluster=199/199] AUC-ROC=50.00%  AUC-PR=51.55%  F1=0.0000  MCC=0.0000  Train=0.372s  Test=4.282s  Peak RAM=38.256 MB
2026-03-18 09:20:17 | INFO | [ncluster=202/202] AUC-ROC=50.00%  AUC-PR=51.55%  F1=0.0000  MCC=0.0000  Train=0.349s  Test=4.004s  Peak RAM=38.256 MB
2026-03-18 09:20:17 | INFO | [ncluster=205/205] AUC-ROC=50.00%  AUC-PR=51.55%  F1=0.0000  MCC=0.0000  Train=0.292s  Test=4.198s  Peak RAM=38.255 MB
2026-03-18 09:20:17 | INFO | [ncluster=208/208] AUC-ROC=50.00%  AUC-PR=51.55%  F1=0.0000  MCC=0.0000  Train=0.589s  Test=3.677s  Peak RAM=38.256 MB
2026-03-18 09:20:17 | INFO | [ncluster=211/211] AUC-ROC=50.00%  AUC-PR=51.55%  F1=0.0000  MCC=0.0000  Train=0.365s  Test=3.619s  Peak RAM=38.26 MB
2026-03-18 09:20:17 | INFO | [ncluster=214/214] AUC-ROC=50.00%  AUC-PR=51.55%  F1=0.0000  MCC=0.0000  Train=0.239s  Test=3.875s  Peak RAM=38.257 MB
2026-03-18 09:20:17 | INFO | [ncluster=217/217] AUC-ROC=50.00%  AUC-PR=51.55%  F1=0.0000  MCC=0.0000  Train=0.366s  Test=4.454s  Peak RAM=38.259 MB
2026-03-18 09:20:17 | INFO | [ncluster=220/220] AUC-ROC=50.00%  AUC-PR=51.55%  F1=0.0000  MCC=0.0000  Train=0.394s  Test=5.555s  Peak RAM=38.259 MB
2026-03-18 09:20:17 | INFO | [ncluster=223/223] AUC-ROC=50.00%  AUC-PR=51.55%  F1=0.0000  MCC=0.0000  Train=0.515s  Test=4.088s  Peak RAM=38.265 MB
2026-03-18 09:20:17 | INFO | [ncluster=226/226] AUC-ROC=50.00%  AUC-PR=51.55%  F1=0.0000  MCC=0.0000  Train=0.354s  Test=3.780s  Peak RAM=38.266 MB
2026-03-18 09:20:17 | INFO | [ncluster=229/229] AUC-ROC=50.00%  AUC-PR=51.55%  F1=0.0000  MCC=0.0000  Train=0.296s  Test=3.998s  Peak RAM=38.26 MB
2026-03-18 09:20:17 | INFO | [ncluster=232/232] AUC-ROC=50.00%  AUC-PR=51.55%  F1=0.0000  MCC=0.0000  Train=0.328s  Test=3.490s  Peak RAM=38.262 MB
2026-03-18 09:20:17 | INFO | [ncluster=235/235] AUC-ROC=50.00%  AUC-PR=51.55%  F1=0.0000  MCC=0.0000  Train=0.497s  Test=3.432s  Peak RAM=38.262 MB
2026-03-18 09:20:17 | INFO | [ncluster=238/238] AUC-ROC=50.00%  AUC-PR=51.55%  F1=0.0000  MCC=0.0000  Train=0.362s  Test=3.595s  Peak RAM=38.261 MB
2026-03-18 09:20:17 | INFO | [ncluster=241/241] AUC-ROC=50.00%  AUC-PR=51.55%  F1=0.0000  MCC=0.0000  Train=0.349s  Test=3.251s  Peak RAM=38.261 MB
2026-03-18 09:20:17 | INFO | [ncluster=244/244] AUC-ROC=50.00%  AUC-PR=51.55%  F1=0.0000  MCC=0.0000  Train=0.313s  Test=3.755s  Peak RAM=38.264 MB
2026-03-18 09:20:17 | INFO | [ncluster=247/247] AUC-ROC=50.00%  AUC-PR=51.55%  F1=0.0000  MCC=0.0000  Train=0.402s  Test=4.041s  Peak RAM=38.262 MB
2026-03-18 09:20:17 | INFO | [ncluster=250/250] AUC-ROC=50.00%  AUC-PR=51.55%  F1=0.0000  MCC=0.0000  Train=0.310s  Test=3.912s  Peak RAM=38.263 MB
2026-03-18 09:20:17 | INFO | [ncluster=253/253] AUC-ROC=50.00%  AUC-PR=51.55%  F1=0.0000  MCC=0.0000  Train=0.636s  Test=4.403s  Peak RAM=38.264 MB
2026-03-18 09:20:17 | INFO | [ncluster=256/256] AUC-ROC=50.00%  AUC-PR=51.55%  F1=0.0000  MCC=0.0000  Train=0.463s  Test=3.607s  Peak RAM=38.264 MB
2026-03-18 09:20:17 | INFO | [ncluster=259/259] AUC-ROC=50.00%  AUC-PR=51.55%  F1=0.0000  MCC=0.0000  Train=0.400s  Test=3.980s  Peak RAM=38.265 MB
2026-03-18 09:20:17 | INFO | [ncluster=262/262] AUC-ROC=50.00%  AUC-PR=51.55%  F1=0.0000  MCC=0.0000  Train=0.255s  Test=3.267s  Peak RAM=38.266 MB
2026-03-18 09:20:17 | INFO | [ncluster=265/265] AUC-ROC=50.00%  AUC-PR=51.55%  F1=0.0000  MCC=0.0000  Train=0.337s  Test=3.422s  Peak RAM=38.265 MB
2026-03-18 09:20:17 | INFO | [ncluster=268/268] AUC-ROC=50.00%  AUC-PR=51.55%  F1=0.0000  MCC=0.0000  Train=0.189s  Test=3.450s  Peak RAM=38.268 MB
2026-03-18 09:20:17 | INFO | [ncluster=271/271] AUC-ROC=50.00%  AUC-PR=51.55%  F1=0.0000  MCC=0.0000  Train=0.342s  Test=3.303s  Peak RAM=38.267 MB
2026-03-18 09:20:17 | INFO | [ncluster=274/274] AUC-ROC=50.00%  AUC-PR=51.55%  F1=0.0000  MCC=0.0000  Train=0.239s  Test=2.791s  Peak RAM=38.267 MB
2026-03-18 09:20:17 | INFO | [ncluster=277/277] AUC-ROC=50.00%  AUC-PR=51.55%  F1=0.0000  MCC=0.0000  Train=0.259s  Test=2.678s  Peak RAM=38.268 MB
2026-03-18 09:20:17 | INFO | [ncluster=280/280] AUC-ROC=50.00%  AUC-PR=51.55%  F1=0.0000  MCC=0.0000  Train=0.283s  Test=2.474s  Peak RAM=38.269 MB
2026-03-18 09:20:17 | INFO | [ncluster=283/283] AUC-ROC=50.00%  AUC-PR=51.55%  F1=0.0000  MCC=0.0000  Train=0.454s  Test=3.350s  Peak RAM=38.269 MB
2026-03-18 09:20:17 | INFO | [ncluster=286/286] AUC-ROC=50.00%  AUC-PR=51.55%  F1=0.0000  MCC=0.0000  Train=0.320s  Test=3.414s  Peak RAM=38.27 MB
2026-03-18 09:20:17 | INFO | [ncluster=289/289] AUC-ROC=50.00%  AUC-PR=51.55%  F1=0.0000  MCC=0.0000  Train=0.414s  Test=2.693s  Peak RAM=38.27 MB
2026-03-18 09:20:17 | INFO | [ncluster=292/292] AUC-ROC=50.00%  AUC-PR=51.55%  F1=0.0000  MCC=0.0000  Train=0.299s  Test=2.852s  Peak RAM=38.271 MB
2026-03-18 09:20:17 | INFO | [ncluster=295/295] AUC-ROC=50.00%  AUC-PR=51.55%  F1=0.0000  MCC=0.0000  Train=0.229s  Test=2.961s  Peak RAM=38.272 MB
2026-03-18 09:20:17 | INFO | [ncluster=298/298] AUC-ROC=50.00%  AUC-PR=51.55%  F1=0.0000  MCC=0.0000  Train=0.275s  Test=1.884s  Peak RAM=38.273 MB
2026-03-18 09:20:17 | INFO | --- noise=5% ---
2026-03-18 09:20:17 | INFO | ============================================================
2026-03-18 09:20:17 | INFO | Dataset  : Train_Normalizer_data_CICIoT2023.csv
2026-03-18 09:20:17 | INFO | Scaler   : Normalizer
2026-03-18 09:20:17 | INFO | Noise    : 5%
2026-03-18 09:20:17 | INFO | nClusters: 100 values (1..298)
2026-03-18 09:20:17 | INFO | ============================================================
2026-03-18 09:20:18 | INFO | Loaded Raw Shape -> Train: (30000, 45), Test: (30000, 45)
2026-03-18 09:20:18 | INFO | Training size : 31,500  |  Testing size: 28,500  |  Features: 44
2026-03-18 09:20:18 | INFO | Firing up Parallel execution for 100 cluster configs...
2026-03-18 09:24:32 | INFO | [ncluster=1/1] AUC-ROC=50.00%  AUC-PR=52.63%  F1=0.0000  MCC=0.0000  Train=0.273s  Test=9.054s  Peak RAM=38.957 MB
2026-03-18 09:24:32 | INFO | [ncluster=4/4] AUC-ROC=50.00%  AUC-PR=52.63%  F1=0.0000  MCC=0.0000  Train=0.255s  Test=8.436s  Peak RAM=38.959 MB
2026-03-18 09:24:32 | INFO | [ncluster=7/7] AUC-ROC=50.00%  AUC-PR=52.63%  F1=0.0000  MCC=0.0000  Train=0.531s  Test=8.225s  Peak RAM=38.959 MB
2026-03-18 09:24:32 | INFO | [ncluster=10/10] AUC-ROC=50.00%  AUC-PR=52.63%  F1=0.0000  MCC=0.0000  Train=0.819s  Test=9.914s  Peak RAM=38.961 MB
2026-03-18 09:24:32 | INFO | [ncluster=13/13] AUC-ROC=50.00%  AUC-PR=52.63%  F1=0.0000  MCC=0.0000  Train=1.021s  Test=8.897s  Peak RAM=38.963 MB
2026-03-18 09:24:32 | INFO | [ncluster=16/16] AUC-ROC=50.00%  AUC-PR=52.63%  F1=0.0000  MCC=0.0000  Train=0.392s  Test=8.036s  Peak RAM=38.963 MB
2026-03-18 09:24:32 | INFO | [ncluster=19/19] AUC-ROC=50.00%  AUC-PR=52.63%  F1=0.0000  MCC=0.0000  Train=0.965s  Test=7.850s  Peak RAM=38.962 MB
2026-03-18 09:24:32 | INFO | [ncluster=22/22] AUC-ROC=50.00%  AUC-PR=52.63%  F1=0.0000  MCC=0.0000  Train=1.127s  Test=8.375s  Peak RAM=38.964 MB
2026-03-18 09:24:32 | INFO | [ncluster=25/25] AUC-ROC=50.00%  AUC-PR=52.63%  F1=0.0000  MCC=0.0000  Train=0.611s  Test=8.146s  Peak RAM=38.965 MB
2026-03-18 09:24:32 | INFO | [ncluster=28/28] AUC-ROC=50.00%  AUC-PR=52.63%  F1=0.0000  MCC=0.0000  Train=1.323s  Test=8.028s  Peak RAM=38.964 MB
2026-03-18 09:24:32 | INFO | [ncluster=31/31] AUC-ROC=50.00%  AUC-PR=52.63%  F1=0.0000  MCC=0.0000  Train=1.974s  Test=6.624s  Peak RAM=38.965 MB
2026-03-18 09:24:32 | INFO | [ncluster=34/34] AUC-ROC=50.00%  AUC-PR=52.63%  F1=0.0000  MCC=0.0000  Train=1.431s  Test=7.169s  Peak RAM=38.966 MB
2026-03-18 09:24:32 | INFO | [ncluster=37/37] AUC-ROC=50.00%  AUC-PR=52.63%  F1=0.0000  MCC=0.0000  Train=0.859s  Test=7.489s  Peak RAM=38.967 MB
2026-03-18 09:24:32 | INFO | [ncluster=40/40] AUC-ROC=50.00%  AUC-PR=52.63%  F1=0.0000  MCC=0.0000  Train=0.505s  Test=6.877s  Peak RAM=38.968 MB
2026-03-18 09:24:32 | INFO | [ncluster=43/43] AUC-ROC=50.00%  AUC-PR=52.63%  F1=0.0000  MCC=0.0000  Train=0.458s  Test=8.285s  Peak RAM=38.967 MB
2026-03-18 09:24:32 | INFO | [ncluster=46/46] AUC-ROC=50.00%  AUC-PR=52.63%  F1=0.0000  MCC=0.0000  Train=0.196s  Test=4.936s  Peak RAM=38.968 MB
2026-03-18 09:24:32 | INFO | [ncluster=49/49] AUC-ROC=50.00%  AUC-PR=52.63%  F1=0.0000  MCC=0.0000  Train=0.640s  Test=6.670s  Peak RAM=38.968 MB
2026-03-18 09:24:32 | INFO | [ncluster=52/52] AUC-ROC=50.00%  AUC-PR=52.63%  F1=0.0000  MCC=0.0000  Train=0.652s  Test=7.218s  Peak RAM=38.969 MB
2026-03-18 09:24:32 | INFO | [ncluster=55/55] AUC-ROC=50.00%  AUC-PR=52.63%  F1=0.0000  MCC=0.0000  Train=1.172s  Test=7.441s  Peak RAM=38.97 MB
2026-03-18 09:24:32 | INFO | [ncluster=58/58] AUC-ROC=50.00%  AUC-PR=52.63%  F1=0.0000  MCC=0.0000  Train=0.923s  Test=6.874s  Peak RAM=38.97 MB
2026-03-18 09:24:32 | INFO | [ncluster=61/61] AUC-ROC=50.00%  AUC-PR=52.63%  F1=0.0000  MCC=0.0000  Train=0.784s  Test=6.074s  Peak RAM=38.972 MB
2026-03-18 09:24:32 | INFO | [ncluster=64/64] AUC-ROC=50.00%  AUC-PR=52.63%  F1=0.0000  MCC=0.0000  Train=0.859s  Test=6.316s  Peak RAM=38.972 MB
2026-03-18 09:24:32 | INFO | [ncluster=67/67] AUC-ROC=50.00%  AUC-PR=52.63%  F1=0.0000  MCC=0.0000  Train=0.740s  Test=4.832s  Peak RAM=38.972 MB
2026-03-18 09:24:32 | INFO | [ncluster=70/70] AUC-ROC=50.00%  AUC-PR=52.63%  F1=0.0000  MCC=0.0000  Train=0.452s  Test=4.251s  Peak RAM=38.972 MB
2026-03-18 09:24:32 | INFO | [ncluster=73/73] AUC-ROC=50.00%  AUC-PR=52.63%  F1=0.0000  MCC=0.0000  Train=0.206s  Test=2.999s  Peak RAM=38.973 MB
2026-03-18 09:24:32 | INFO | [ncluster=76/76] AUC-ROC=50.00%  AUC-PR=52.63%  F1=0.0000  MCC=0.0000  Train=0.590s  Test=6.457s  Peak RAM=38.974 MB
2026-03-18 09:24:32 | INFO | [ncluster=79/79] AUC-ROC=50.00%  AUC-PR=52.63%  F1=0.0000  MCC=0.0000  Train=0.307s  Test=5.317s  Peak RAM=38.974 MB
2026-03-18 09:24:32 | INFO | [ncluster=82/82] AUC-ROC=50.00%  AUC-PR=52.63%  F1=0.0000  MCC=0.0000  Train=0.713s  Test=6.678s  Peak RAM=38.974 MB
2026-03-18 09:24:32 | INFO | [ncluster=85/85] AUC-ROC=50.00%  AUC-PR=52.63%  F1=0.0000  MCC=0.0000  Train=0.397s  Test=6.446s  Peak RAM=38.975 MB
2026-03-18 09:24:32 | INFO | [ncluster=88/88] AUC-ROC=50.00%  AUC-PR=52.63%  F1=0.0000  MCC=0.0000  Train=0.221s  Test=3.916s  Peak RAM=38.976 MB
2026-03-18 09:24:32 | INFO | [ncluster=91/91] AUC-ROC=50.00%  AUC-PR=52.63%  F1=0.0000  MCC=0.0000  Train=0.591s  Test=4.978s  Peak RAM=38.977 MB
2026-03-18 09:24:32 | INFO | [ncluster=94/94] AUC-ROC=50.00%  AUC-PR=52.63%  F1=0.0000  MCC=0.0000  Train=0.446s  Test=4.831s  Peak RAM=38.977 MB
2026-03-18 09:24:32 | INFO | [ncluster=97/97] AUC-ROC=50.00%  AUC-PR=52.63%  F1=0.0000  MCC=0.0000  Train=0.482s  Test=5.011s  Peak RAM=38.978 MB
2026-03-18 09:24:32 | INFO | [ncluster=100/100] AUC-ROC=50.00%  AUC-PR=52.63%  F1=0.0000  MCC=0.0000  Train=0.388s  Test=4.770s  Peak RAM=38.979 MB
2026-03-18 09:24:32 | INFO | [ncluster=103/103] AUC-ROC=50.00%  AUC-PR=52.63%  F1=0.0000  MCC=0.0000  Train=0.358s  Test=4.712s  Peak RAM=38.978 MB
2026-03-18 09:24:32 | INFO | [ncluster=106/106] AUC-ROC=50.00%  AUC-PR=52.63%  F1=0.0000  MCC=0.0000  Train=0.676s  Test=4.724s  Peak RAM=38.978 MB
2026-03-18 09:24:32 | INFO | [ncluster=109/109] AUC-ROC=50.00%  AUC-PR=52.63%  F1=0.0000  MCC=0.0000  Train=0.781s  Test=5.085s  Peak RAM=38.98 MB
2026-03-18 09:24:32 | INFO | [ncluster=112/112] AUC-ROC=50.00%  AUC-PR=52.63%  F1=0.0000  MCC=0.0000  Train=0.276s  Test=3.379s  Peak RAM=38.979 MB
2026-03-18 09:24:32 | INFO | [ncluster=115/115] AUC-ROC=50.00%  AUC-PR=52.63%  F1=0.0000  MCC=0.0000  Train=0.314s  Test=3.941s  Peak RAM=38.981 MB
2026-03-18 09:24:32 | INFO | [ncluster=118/118] AUC-ROC=50.00%  AUC-PR=52.63%  F1=0.0000  MCC=0.0000  Train=0.416s  Test=4.458s  Peak RAM=38.981 MB
2026-03-18 09:24:32 | INFO | [ncluster=121/121] AUC-ROC=50.00%  AUC-PR=52.63%  F1=0.0000  MCC=0.0000  Train=0.337s  Test=4.188s  Peak RAM=38.982 MB
2026-03-18 09:24:32 | INFO | [ncluster=124/124] AUC-ROC=50.00%  AUC-PR=52.63%  F1=0.0000  MCC=0.0000  Train=0.571s  Test=4.637s  Peak RAM=38.982 MB
2026-03-18 09:24:32 | INFO | [ncluster=127/127] AUC-ROC=50.00%  AUC-PR=52.63%  F1=0.0000  MCC=0.0000  Train=0.469s  Test=4.542s  Peak RAM=38.982 MB
2026-03-18 09:24:32 | INFO | [ncluster=130/130] AUC-ROC=50.00%  AUC-PR=52.63%  F1=0.0000  MCC=0.0000  Train=0.205s  Test=5.168s  Peak RAM=38.983 MB
2026-03-18 09:24:32 | INFO | [ncluster=133/133] AUC-ROC=50.00%  AUC-PR=52.63%  F1=0.0000  MCC=0.0000  Train=0.538s  Test=5.124s  Peak RAM=38.983 MB
2026-03-18 09:24:32 | INFO | [ncluster=136/136] AUC-ROC=50.00%  AUC-PR=52.63%  F1=0.0000  MCC=0.0000  Train=0.516s  Test=4.828s  Peak RAM=38.984 MB
2026-03-18 09:24:32 | INFO | [ncluster=139/139] AUC-ROC=50.00%  AUC-PR=52.63%  F1=0.0000  MCC=0.0000  Train=0.519s  Test=4.351s  Peak RAM=38.985 MB
2026-03-18 09:24:32 | INFO | [ncluster=142/142] AUC-ROC=50.00%  AUC-PR=52.63%  F1=0.0000  MCC=0.0000  Train=0.300s  Test=3.955s  Peak RAM=38.986 MB
2026-03-18 09:24:32 | INFO | [ncluster=145/145] AUC-ROC=50.00%  AUC-PR=52.63%  F1=0.0000  MCC=0.0000  Train=0.627s  Test=3.778s  Peak RAM=38.986 MB
2026-03-18 09:24:32 | INFO | [ncluster=148/148] AUC-ROC=50.00%  AUC-PR=52.63%  F1=0.0000  MCC=0.0000  Train=0.216s  Test=4.127s  Peak RAM=38.986 MB
2026-03-18 09:24:32 | INFO | [ncluster=151/151] AUC-ROC=50.00%  AUC-PR=52.63%  F1=0.0000  MCC=0.0000  Train=0.470s  Test=3.308s  Peak RAM=38.987 MB
2026-03-18 09:24:32 | INFO | [ncluster=154/154] AUC-ROC=50.00%  AUC-PR=52.63%  F1=0.0000  MCC=0.0000  Train=0.296s  Test=3.072s  Peak RAM=38.987 MB
2026-03-18 09:24:32 | INFO | [ncluster=157/157] AUC-ROC=50.00%  AUC-PR=52.63%  F1=0.0000  MCC=0.0000  Train=0.446s  Test=3.576s  Peak RAM=38.988 MB
2026-03-18 09:24:32 | INFO | [ncluster=160/160] AUC-ROC=50.00%  AUC-PR=52.63%  F1=0.0000  MCC=0.0000  Train=0.469s  Test=4.145s  Peak RAM=38.988 MB
2026-03-18 09:24:32 | INFO | [ncluster=163/163] AUC-ROC=50.00%  AUC-PR=52.63%  F1=0.0000  MCC=0.0000  Train=0.611s  Test=4.508s  Peak RAM=38.989 MB
2026-03-18 09:24:32 | INFO | [ncluster=166/166] AUC-ROC=50.00%  AUC-PR=52.63%  F1=0.0000  MCC=0.0000  Train=0.184s  Test=3.267s  Peak RAM=38.99 MB
2026-03-18 09:24:32 | INFO | [ncluster=169/169] AUC-ROC=50.00%  AUC-PR=52.63%  F1=0.0000  MCC=0.0000  Train=0.426s  Test=4.911s  Peak RAM=38.99 MB
2026-03-18 09:24:32 | INFO | [ncluster=172/172] AUC-ROC=50.00%  AUC-PR=52.63%  F1=0.0000  MCC=0.0000  Train=0.478s  Test=4.305s  Peak RAM=38.99 MB
2026-03-18 09:24:32 | INFO | [ncluster=175/175] AUC-ROC=50.00%  AUC-PR=52.63%  F1=0.0000  MCC=0.0000  Train=0.355s  Test=4.243s  Peak RAM=38.992 MB
2026-03-18 09:24:32 | INFO | [ncluster=178/178] AUC-ROC=50.00%  AUC-PR=52.63%  F1=0.0000  MCC=0.0000  Train=0.607s  Test=4.206s  Peak RAM=38.992 MB
2026-03-18 09:24:32 | INFO | [ncluster=181/181] AUC-ROC=50.00%  AUC-PR=52.63%  F1=0.0000  MCC=0.0000  Train=0.673s  Test=5.142s  Peak RAM=38.993 MB
2026-03-18 09:24:32 | INFO | [ncluster=184/184] AUC-ROC=50.00%  AUC-PR=52.63%  F1=0.0000  MCC=0.0000  Train=0.492s  Test=4.176s  Peak RAM=38.993 MB
2026-03-18 09:24:32 | INFO | [ncluster=187/187] AUC-ROC=50.00%  AUC-PR=52.63%  F1=0.0000  MCC=0.0000  Train=0.570s  Test=4.169s  Peak RAM=38.994 MB
2026-03-18 09:24:32 | INFO | [ncluster=190/190] AUC-ROC=50.00%  AUC-PR=52.63%  F1=0.0000  MCC=0.0000  Train=0.234s  Test=3.266s  Peak RAM=38.995 MB
2026-03-18 09:24:32 | INFO | [ncluster=193/193] AUC-ROC=50.00%  AUC-PR=52.63%  F1=0.0000  MCC=0.0000  Train=0.370s  Test=4.112s  Peak RAM=38.994 MB
2026-03-18 09:24:32 | INFO | [ncluster=196/196] AUC-ROC=50.00%  AUC-PR=52.63%  F1=0.0000  MCC=0.0000  Train=0.624s  Test=4.617s  Peak RAM=38.995 MB
2026-03-18 09:24:32 | INFO | [ncluster=199/199] AUC-ROC=50.00%  AUC-PR=52.63%  F1=0.0000  MCC=0.0000  Train=0.348s  Test=3.510s  Peak RAM=38.996 MB
2026-03-18 09:24:32 | INFO | [ncluster=202/202] AUC-ROC=50.00%  AUC-PR=52.63%  F1=0.0000  MCC=0.0000  Train=0.420s  Test=4.225s  Peak RAM=38.997 MB
2026-03-18 09:24:32 | INFO | [ncluster=205/205] AUC-ROC=50.00%  AUC-PR=52.63%  F1=0.0000  MCC=0.0000  Train=0.810s  Test=4.627s  Peak RAM=38.996 MB
2026-03-18 09:24:32 | INFO | [ncluster=208/208] AUC-ROC=50.00%  AUC-PR=52.63%  F1=0.0000  MCC=0.0000  Train=0.292s  Test=3.996s  Peak RAM=38.998 MB
2026-03-18 09:24:32 | INFO | [ncluster=211/211] AUC-ROC=50.00%  AUC-PR=52.63%  F1=0.0000  MCC=0.0000  Train=0.250s  Test=4.007s  Peak RAM=38.998 MB
2026-03-18 09:24:32 | INFO | [ncluster=214/214] AUC-ROC=50.00%  AUC-PR=52.63%  F1=0.0000  MCC=0.0000  Train=0.214s  Test=4.085s  Peak RAM=38.998 MB
2026-03-18 09:24:32 | INFO | [ncluster=217/217] AUC-ROC=50.00%  AUC-PR=52.63%  F1=0.0000  MCC=0.0000  Train=0.455s  Test=3.961s  Peak RAM=38.999 MB
2026-03-18 09:24:32 | INFO | [ncluster=220/220] AUC-ROC=50.00%  AUC-PR=52.63%  F1=0.0000  MCC=0.0000  Train=0.391s  Test=3.716s  Peak RAM=39.0 MB
2026-03-18 09:24:32 | INFO | [ncluster=223/223] AUC-ROC=50.00%  AUC-PR=52.63%  F1=0.0000  MCC=0.0000  Train=0.615s  Test=3.913s  Peak RAM=39.0 MB
2026-03-18 09:24:32 | INFO | [ncluster=226/226] AUC-ROC=50.00%  AUC-PR=52.63%  F1=0.0000  MCC=0.0000  Train=0.318s  Test=4.852s  Peak RAM=39.001 MB
2026-03-18 09:24:32 | INFO | [ncluster=229/229] AUC-ROC=50.00%  AUC-PR=52.63%  F1=0.0000  MCC=0.0000  Train=0.453s  Test=3.641s  Peak RAM=39.001 MB
2026-03-18 09:24:32 | INFO | [ncluster=232/232] AUC-ROC=50.00%  AUC-PR=52.63%  F1=0.0000  MCC=0.0000  Train=0.398s  Test=3.805s  Peak RAM=39.002 MB
2026-03-18 09:24:32 | INFO | [ncluster=235/235] AUC-ROC=50.00%  AUC-PR=52.63%  F1=0.0000  MCC=0.0000  Train=0.267s  Test=4.059s  Peak RAM=39.002 MB
2026-03-18 09:24:32 | INFO | [ncluster=238/238] AUC-ROC=50.00%  AUC-PR=52.63%  F1=0.0000  MCC=0.0000  Train=0.316s  Test=5.122s  Peak RAM=39.003 MB
2026-03-18 09:24:32 | INFO | [ncluster=241/241] AUC-ROC=50.00%  AUC-PR=52.63%  F1=0.0000  MCC=0.0000  Train=0.324s  Test=3.694s  Peak RAM=39.002 MB
2026-03-18 09:24:32 | INFO | [ncluster=244/244] AUC-ROC=50.00%  AUC-PR=52.63%  F1=0.0000  MCC=0.0000  Train=0.555s  Test=5.393s  Peak RAM=39.004 MB
2026-03-18 09:24:32 | INFO | [ncluster=247/247] AUC-ROC=50.00%  AUC-PR=52.63%  F1=0.0000  MCC=0.0000  Train=0.578s  Test=3.451s  Peak RAM=39.003 MB
2026-03-18 09:24:32 | INFO | [ncluster=250/250] AUC-ROC=50.00%  AUC-PR=52.63%  F1=0.0000  MCC=0.0000  Train=0.305s  Test=4.658s  Peak RAM=39.005 MB
2026-03-18 09:24:32 | INFO | [ncluster=253/253] AUC-ROC=50.00%  AUC-PR=52.63%  F1=0.0000  MCC=0.0000  Train=0.336s  Test=3.328s  Peak RAM=39.006 MB
2026-03-18 09:24:32 | INFO | [ncluster=256/256] AUC-ROC=50.00%  AUC-PR=52.63%  F1=0.0000  MCC=0.0000  Train=0.908s  Test=5.137s  Peak RAM=39.006 MB
2026-03-18 09:24:32 | INFO | [ncluster=259/259] AUC-ROC=50.00%  AUC-PR=52.63%  F1=0.0000  MCC=0.0000  Train=0.364s  Test=4.610s  Peak RAM=39.007 MB
2026-03-18 09:24:32 | INFO | [ncluster=262/262] AUC-ROC=50.00%  AUC-PR=52.63%  F1=0.0000  MCC=0.0000  Train=0.314s  Test=4.481s  Peak RAM=39.006 MB
2026-03-18 09:24:32 | INFO | [ncluster=265/265] AUC-ROC=50.00%  AUC-PR=52.63%  F1=0.0000  MCC=0.0000  Train=0.373s  Test=4.275s  Peak RAM=39.007 MB
2026-03-18 09:24:32 | INFO | [ncluster=268/268] AUC-ROC=50.00%  AUC-PR=52.63%  F1=0.0000  MCC=0.0000  Train=0.401s  Test=3.893s  Peak RAM=39.009 MB
2026-03-18 09:24:32 | INFO | [ncluster=271/271] AUC-ROC=50.00%  AUC-PR=52.63%  F1=0.0000  MCC=0.0000  Train=0.240s  Test=3.409s  Peak RAM=39.008 MB
2026-03-18 09:24:32 | INFO | [ncluster=274/274] AUC-ROC=50.00%  AUC-PR=52.63%  F1=0.0000  MCC=0.0000  Train=0.355s  Test=3.459s  Peak RAM=39.009 MB
2026-03-18 09:24:32 | INFO | [ncluster=277/277] AUC-ROC=50.00%  AUC-PR=52.63%  F1=0.0000  MCC=0.0000  Train=0.305s  Test=2.462s  Peak RAM=39.01 MB
2026-03-18 09:24:32 | INFO | [ncluster=280/280] AUC-ROC=50.00%  AUC-PR=52.63%  F1=0.0000  MCC=0.0000  Train=0.452s  Test=2.855s  Peak RAM=39.01 MB
2026-03-18 09:24:32 | INFO | [ncluster=283/283] AUC-ROC=50.00%  AUC-PR=52.63%  F1=0.0000  MCC=0.0000  Train=0.457s  Test=2.567s  Peak RAM=39.01 MB
2026-03-18 09:24:32 | INFO | [ncluster=286/286] AUC-ROC=50.00%  AUC-PR=52.63%  F1=0.0000  MCC=0.0000  Train=0.219s  Test=2.161s  Peak RAM=39.011 MB
2026-03-18 09:24:32 | INFO | [ncluster=289/289] AUC-ROC=50.00%  AUC-PR=52.63%  F1=0.0000  MCC=0.0000  Train=0.273s  Test=2.196s  Peak RAM=39.012 MB
2026-03-18 09:24:32 | INFO | [ncluster=292/292] AUC-ROC=50.00%  AUC-PR=52.63%  F1=0.0000  MCC=0.0000  Train=0.282s  Test=2.236s  Peak RAM=39.013 MB
2026-03-18 09:24:32 | INFO | [ncluster=295/295] AUC-ROC=50.00%  AUC-PR=52.63%  F1=0.0000  MCC=0.0000  Train=0.220s  Test=2.093s  Peak RAM=39.013 MB
2026-03-18 09:24:32 | INFO | [ncluster=298/298] AUC-ROC=50.00%  AUC-PR=52.63%  F1=0.0000  MCC=0.0000  Train=0.225s  Test=2.319s  Peak RAM=39.014 MB
2026-03-18 09:24:32 | INFO | 
>>> Processing data_CICIoT2023 | scaler=QuantileTransformer
2026-03-18 09:24:32 | INFO | --- noise=0% ---
2026-03-18 09:24:32 | INFO | ============================================================
2026-03-18 09:24:32 | INFO | Dataset  : Train_QuantileTransformer_data_CICIoT2023.csv
2026-03-18 09:24:32 | INFO | Scaler   : QuantileTransformer
2026-03-18 09:24:32 | INFO | Noise    : 0%
2026-03-18 09:24:32 | INFO | nClusters: 100 values (1..298)
2026-03-18 09:24:32 | INFO | ============================================================
2026-03-18 09:24:33 | INFO | Loaded Raw Shape -> Train: (30000, 45), Test: (30000, 45)
2026-03-18 09:24:33 | INFO | Training size : 30,000  |  Testing size: 30,000  |  Features: 44
2026-03-18 09:24:33 | INFO | Firing up Parallel execution for 100 cluster configs...
2026-03-18 09:28:35 | INFO | [ncluster=1/1] AUC-ROC=52.31%  AUC-PR=51.23%  F1=0.6195  MCC=0.0767  Train=0.215s  Test=4.665s  Peak RAM=37.105 MB
2026-03-18 09:28:35 | INFO | [ncluster=4/4] AUC-ROC=53.06%  AUC-PR=51.77%  F1=0.6138  MCC=0.0816  Train=0.302s  Test=5.283s  Peak RAM=37.106 MB
2026-03-18 09:28:35 | INFO | [ncluster=7/7] AUC-ROC=54.89%  AUC-PR=53.19%  F1=0.6174  MCC=0.1123  Train=0.572s  Test=6.448s  Peak RAM=37.108 MB
2026-03-18 09:28:35 | INFO | [ncluster=10/10] AUC-ROC=52.45%  AUC-PR=51.34%  F1=0.6197  MCC=0.0725  Train=0.498s  Test=6.956s  Peak RAM=37.107 MB
2026-03-18 09:28:35 | INFO | [ncluster=13/13] AUC-ROC=53.52%  AUC-PR=52.16%  F1=0.6124  MCC=0.0755  Train=0.686s  Test=7.344s  Peak RAM=37.108 MB
2026-03-18 09:28:35 | INFO | [ncluster=16/16] AUC-ROC=53.74%  AUC-PR=52.31%  F1=0.6123  MCC=0.0773  Train=0.840s  Test=8.129s  Peak RAM=37.109 MB
2026-03-18 09:28:35 | INFO | [ncluster=19/19] AUC-ROC=54.93%  AUC-PR=53.25%  F1=0.6095  MCC=0.1100  Train=0.822s  Test=7.882s  Peak RAM=37.109 MB
2026-03-18 09:28:35 | INFO | [ncluster=22/22] AUC-ROC=52.84%  AUC-PR=51.74%  F1=0.5926  MCC=0.0588  Train=0.621s  Test=8.144s  Peak RAM=37.11 MB
2026-03-18 09:28:35 | INFO | [ncluster=25/25] AUC-ROC=52.70%  AUC-PR=51.49%  F1=0.6108  MCC=0.0747  Train=0.733s  Test=6.924s  Peak RAM=37.112 MB
2026-03-18 09:28:35 | INFO | [ncluster=28/28] AUC-ROC=52.56%  AUC-PR=51.47%  F1=0.6158  MCC=0.0654  Train=0.433s  Test=8.429s  Peak RAM=37.113 MB
2026-03-18 09:28:35 | INFO | [ncluster=31/31] AUC-ROC=50.79%  AUC-PR=50.14%  F1=0.6131  MCC=0.0666  Train=0.775s  Test=6.377s  Peak RAM=37.112 MB
2026-03-18 09:28:35 | INFO | [ncluster=34/34] AUC-ROC=51.76%  AUC-PR=50.88%  F1=0.6100  MCC=0.0599  Train=0.981s  Test=5.800s  Peak RAM=37.112 MB
2026-03-18 09:28:35 | INFO | [ncluster=37/37] AUC-ROC=53.17%  AUC-PR=52.01%  F1=0.5794  MCC=0.0634  Train=0.197s  Test=4.160s  Peak RAM=37.113 MB
2026-03-18 09:28:35 | INFO | [ncluster=40/40] AUC-ROC=50.74%  AUC-PR=50.01%  F1=0.6211  MCC=0.0699  Train=0.277s  Test=4.082s  Peak RAM=37.113 MB
2026-03-18 09:28:35 | INFO | [ncluster=43/43] AUC-ROC=50.84%  AUC-PR=50.25%  F1=0.6111  MCC=0.0549  Train=0.393s  Test=4.195s  Peak RAM=37.114 MB
2026-03-18 09:28:35 | INFO | [ncluster=46/46] AUC-ROC=54.35%  AUC-PR=52.72%  F1=0.6264  MCC=0.1028  Train=0.455s  Test=4.283s  Peak RAM=37.12 MB
2026-03-18 09:28:35 | INFO | [ncluster=49/49] AUC-ROC=50.41%  AUC-PR=50.01%  F1=0.6153  MCC=0.0432  Train=0.549s  Test=4.348s  Peak RAM=37.113 MB
2026-03-18 09:28:35 | INFO | [ncluster=52/52] AUC-ROC=55.13%  AUC-PR=53.24%  F1=0.6301  MCC=0.1196  Train=0.454s  Test=5.335s  Peak RAM=37.116 MB
2026-03-18 09:28:35 | INFO | [ncluster=55/55] AUC-ROC=54.02%  AUC-PR=52.51%  F1=0.6202  MCC=0.0932  Train=0.324s  Test=5.713s  Peak RAM=37.115 MB
2026-03-18 09:28:35 | INFO | [ncluster=58/58] AUC-ROC=54.04%  AUC-PR=52.54%  F1=0.6166  MCC=0.0925  Train=0.594s  Test=6.160s  Peak RAM=37.116 MB
2026-03-18 09:28:35 | INFO | [ncluster=61/61] AUC-ROC=55.32%  AUC-PR=53.44%  F1=0.6291  MCC=0.1255  Train=0.537s  Test=6.231s  Peak RAM=37.117 MB
2026-03-18 09:28:35 | INFO | [ncluster=64/64] AUC-ROC=51.40%  AUC-PR=50.76%  F1=0.6110  MCC=0.0391  Train=0.602s  Test=6.342s  Peak RAM=37.118 MB
2026-03-18 09:28:35 | INFO | [ncluster=67/67] AUC-ROC=52.59%  AUC-PR=51.57%  F1=0.6019  MCC=0.0561  Train=0.729s  Test=4.479s  Peak RAM=37.119 MB
2026-03-18 09:28:35 | INFO | [ncluster=70/70] AUC-ROC=55.63%  AUC-PR=53.65%  F1=0.6269  MCC=0.1293  Train=0.683s  Test=4.525s  Peak RAM=37.118 MB
2026-03-18 09:28:35 | INFO | [ncluster=73/73] AUC-ROC=52.48%  AUC-PR=51.48%  F1=0.6099  MCC=0.0558  Train=0.228s  Test=4.249s  Peak RAM=37.12 MB
2026-03-18 09:28:35 | INFO | [ncluster=76/76] AUC-ROC=55.55%  AUC-PR=53.63%  F1=0.6214  MCC=0.1256  Train=0.334s  Test=3.782s  Peak RAM=37.119 MB
2026-03-18 09:28:35 | INFO | [ncluster=79/79] AUC-ROC=54.79%  AUC-PR=53.13%  F1=0.6210  MCC=0.1133  Train=0.412s  Test=3.537s  Peak RAM=37.12 MB
2026-03-18 09:28:35 | INFO | [ncluster=82/82] AUC-ROC=50.72%  AUC-PR=50.00%  F1=0.6089  MCC=0.0612  Train=0.363s  Test=3.668s  Peak RAM=37.121 MB
2026-03-18 09:28:35 | INFO | [ncluster=85/85] AUC-ROC=54.86%  AUC-PR=53.12%  F1=0.6208  MCC=0.1116  Train=0.431s  Test=3.466s  Peak RAM=37.121 MB
2026-03-18 09:28:35 | INFO | [ncluster=88/88] AUC-ROC=50.02%  AUC-PR=49.52%  F1=0.6236  MCC=0.0638  Train=0.393s  Test=3.754s  Peak RAM=37.126 MB
2026-03-18 09:28:35 | INFO | [ncluster=91/91] AUC-ROC=51.14%  AUC-PR=50.35%  F1=0.6185  MCC=0.0675  Train=0.415s  Test=3.979s  Peak RAM=37.123 MB
2026-03-18 09:28:35 | INFO | [ncluster=94/94] AUC-ROC=51.64%  AUC-PR=50.88%  F1=0.6302  MCC=0.0553  Train=0.450s  Test=4.413s  Peak RAM=37.125 MB
2026-03-18 09:28:35 | INFO | [ncluster=97/97] AUC-ROC=51.11%  AUC-PR=50.36%  F1=0.6264  MCC=0.0675  Train=0.359s  Test=4.065s  Peak RAM=37.127 MB
2026-03-18 09:28:35 | INFO | [ncluster=100/100] AUC-ROC=56.47%  AUC-PR=54.47%  F1=0.6243  MCC=0.1511  Train=0.627s  Test=4.375s  Peak RAM=37.123 MB
2026-03-18 09:28:35 | INFO | [ncluster=103/103] AUC-ROC=52.26%  AUC-PR=51.07%  F1=0.6076  MCC=0.0757  Train=0.530s  Test=4.227s  Peak RAM=37.125 MB
2026-03-18 09:28:35 | INFO | [ncluster=106/106] AUC-ROC=50.54%  AUC-PR=49.89%  F1=0.6183  MCC=0.0656  Train=0.346s  Test=3.675s  Peak RAM=37.125 MB
2026-03-18 09:28:35 | INFO | [ncluster=109/109] AUC-ROC=53.89%  AUC-PR=52.43%  F1=0.5819  MCC=0.0739  Train=0.295s  Test=3.432s  Peak RAM=37.127 MB
2026-03-18 09:28:35 | INFO | [ncluster=112/112] AUC-ROC=55.41%  AUC-PR=53.59%  F1=0.6247  MCC=0.1282  Train=0.335s  Test=3.276s  Peak RAM=37.126 MB
2026-03-18 09:28:35 | INFO | [ncluster=115/115] AUC-ROC=50.23%  AUC-PR=49.77%  F1=0.6169  MCC=0.0574  Train=0.379s  Test=3.326s  Peak RAM=37.127 MB
2026-03-18 09:28:35 | INFO | [ncluster=118/118] AUC-ROC=55.26%  AUC-PR=53.36%  F1=0.6258  MCC=0.1207  Train=0.258s  Test=3.674s  Peak RAM=37.128 MB
2026-03-18 09:28:35 | INFO | [ncluster=121/121] AUC-ROC=51.10%  AUC-PR=50.20%  F1=0.6233  MCC=0.0865  Train=0.394s  Test=2.917s  Peak RAM=37.127 MB
2026-03-18 09:28:35 | INFO | [ncluster=124/124] AUC-ROC=51.06%  AUC-PR=50.26%  F1=0.6190  MCC=0.0708  Train=0.390s  Test=3.021s  Peak RAM=37.128 MB
2026-03-18 09:28:35 | INFO | [ncluster=127/127] AUC-ROC=56.12%  AUC-PR=54.09%  F1=0.6291  MCC=0.1433  Train=0.447s  Test=3.379s  Peak RAM=37.129 MB
2026-03-18 09:28:35 | INFO | [ncluster=130/130] AUC-ROC=51.50%  AUC-PR=50.45%  F1=0.6139  MCC=0.0815  Train=0.343s  Test=3.796s  Peak RAM=37.129 MB
2026-03-18 09:28:35 | INFO | [ncluster=133/133] AUC-ROC=53.80%  AUC-PR=52.38%  F1=0.6002  MCC=0.0798  Train=0.398s  Test=3.592s  Peak RAM=37.131 MB
2026-03-18 09:28:35 | INFO | [ncluster=136/136] AUC-ROC=55.18%  AUC-PR=53.46%  F1=0.6161  MCC=0.1199  Train=0.257s  Test=3.948s  Peak RAM=37.13 MB
2026-03-18 09:28:35 | INFO | [ncluster=139/139] AUC-ROC=52.45%  AUC-PR=51.39%  F1=0.6189  MCC=0.0678  Train=0.429s  Test=3.788s  Peak RAM=37.136 MB
2026-03-18 09:28:35 | INFO | [ncluster=142/142] AUC-ROC=56.44%  AUC-PR=54.31%  F1=0.6277  MCC=0.1476  Train=0.476s  Test=3.501s  Peak RAM=37.131 MB
2026-03-18 09:28:35 | INFO | [ncluster=145/145] AUC-ROC=52.01%  AUC-PR=51.04%  F1=0.6202  MCC=0.0712  Train=0.261s  Test=2.815s  Peak RAM=37.132 MB
2026-03-18 09:28:35 | INFO | [ncluster=148/148] AUC-ROC=64.23%  AUC-PR=56.92%  F1=0.6720  MCC=0.2987  Train=0.250s  Test=3.347s  Peak RAM=37.136 MB
2026-03-18 09:28:35 | INFO | [ncluster=151/151] AUC-ROC=56.08%  AUC-PR=54.07%  F1=0.6192  MCC=0.1363  Train=0.148s  Test=3.349s  Peak RAM=37.135 MB
2026-03-18 09:28:35 | INFO | [ncluster=154/154] AUC-ROC=52.42%  AUC-PR=51.37%  F1=0.6272  MCC=0.0703  Train=0.368s  Test=3.227s  Peak RAM=37.133 MB
2026-03-18 09:28:35 | INFO | [ncluster=157/157] AUC-ROC=53.46%  AUC-PR=52.09%  F1=0.6202  MCC=0.0848  Train=0.210s  Test=2.860s  Peak RAM=37.135 MB
2026-03-18 09:28:35 | INFO | [ncluster=160/160] AUC-ROC=67.68%  AUC-PR=58.03%  F1=0.6949  MCC=0.3477  Train=0.381s  Test=3.577s  Peak RAM=37.134 MB
2026-03-18 09:28:35 | INFO | [ncluster=163/163] AUC-ROC=55.61%  AUC-PR=53.74%  F1=0.6210  MCC=0.1294  Train=0.287s  Test=2.950s  Peak RAM=37.138 MB
2026-03-18 09:28:35 | INFO | [ncluster=166/166] AUC-ROC=49.24%  AUC-PR=49.08%  F1=0.6201  MCC=0.0492  Train=0.297s  Test=3.279s  Peak RAM=37.136 MB
2026-03-18 09:28:35 | INFO | [ncluster=169/169] AUC-ROC=51.42%  AUC-PR=50.46%  F1=0.6211  MCC=0.0785  Train=0.299s  Test=3.277s  Peak RAM=37.136 MB
2026-03-18 09:28:35 | INFO | [ncluster=172/172] AUC-ROC=50.01%  AUC-PR=49.44%  F1=0.6181  MCC=0.0724  Train=0.230s  Test=3.296s  Peak RAM=37.137 MB
2026-03-18 09:28:35 | INFO | [ncluster=175/175] AUC-ROC=76.48%  AUC-PR=64.10%  F1=0.8066  MCC=0.5820  Train=0.285s  Test=3.246s  Peak RAM=37.138 MB
2026-03-18 09:28:35 | INFO | [ncluster=178/178] AUC-ROC=63.66%  AUC-PR=55.82%  F1=0.6599  MCC=0.2742  Train=0.350s  Test=2.780s  Peak RAM=37.14 MB
2026-03-18 09:28:35 | INFO | [ncluster=181/181] AUC-ROC=69.26%  AUC-PR=58.62%  F1=0.7362  MCC=0.4189  Train=0.208s  Test=3.455s  Peak RAM=37.138 MB
2026-03-18 09:28:35 | INFO | [ncluster=184/184] AUC-ROC=56.78%  AUC-PR=54.56%  F1=0.6282  MCC=0.1534  Train=0.310s  Test=3.232s  Peak RAM=37.14 MB
2026-03-18 09:28:35 | INFO | [ncluster=187/187] AUC-ROC=54.79%  AUC-PR=51.59%  F1=0.5463  MCC=0.1221  Train=0.280s  Test=3.446s  Peak RAM=37.139 MB
2026-03-18 09:28:35 | INFO | [ncluster=190/190] AUC-ROC=65.59%  AUC-PR=57.23%  F1=0.6968  MCC=0.3196  Train=0.270s  Test=3.664s  Peak RAM=37.14 MB
2026-03-18 09:28:35 | INFO | [ncluster=193/193] AUC-ROC=74.12%  AUC-PR=62.57%  F1=0.8029  MCC=0.5770  Train=0.242s  Test=3.280s  Peak RAM=37.141 MB
2026-03-18 09:28:35 | INFO | [ncluster=196/196] AUC-ROC=67.10%  AUC-PR=59.39%  F1=0.6826  MCC=0.3288  Train=0.213s  Test=3.152s  Peak RAM=37.14 MB
2026-03-18 09:28:35 | INFO | [ncluster=199/199] AUC-ROC=77.10%  AUC-PR=64.07%  F1=0.8305  MCC=0.6423  Train=0.437s  Test=3.012s  Peak RAM=37.142 MB
2026-03-18 09:28:35 | INFO | [ncluster=202/202] AUC-ROC=70.61%  AUC-PR=61.38%  F1=0.7363  MCC=0.4091  Train=0.257s  Test=3.118s  Peak RAM=37.143 MB
2026-03-18 09:28:35 | INFO | [ncluster=205/205] AUC-ROC=77.04%  AUC-PR=64.21%  F1=0.8239  MCC=0.6236  Train=0.278s  Test=3.109s  Peak RAM=37.142 MB
2026-03-18 09:28:35 | INFO | [ncluster=208/208] AUC-ROC=65.02%  AUC-PR=56.47%  F1=0.6734  MCC=0.3122  Train=0.204s  Test=2.628s  Peak RAM=37.143 MB
2026-03-18 09:28:35 | INFO | [ncluster=211/211] AUC-ROC=75.44%  AUC-PR=61.58%  F1=0.8306  MCC=0.6430  Train=0.311s  Test=4.026s  Peak RAM=37.147 MB
2026-03-18 09:28:35 | INFO | [ncluster=214/214] AUC-ROC=76.22%  AUC-PR=62.56%  F1=0.8355  MCC=0.6558  Train=0.398s  Test=4.039s  Peak RAM=37.145 MB
2026-03-18 09:28:35 | INFO | [ncluster=217/217] AUC-ROC=52.01%  AUC-PR=51.10%  F1=0.6073  MCC=0.0599  Train=0.230s  Test=2.955s  Peak RAM=37.145 MB
2026-03-18 09:28:35 | INFO | [ncluster=220/220] AUC-ROC=71.95%  AUC-PR=62.63%  F1=0.7419  MCC=0.4202  Train=0.309s  Test=3.207s  Peak RAM=37.148 MB
2026-03-18 09:28:35 | INFO | [ncluster=223/223] AUC-ROC=54.50%  AUC-PR=52.87%  F1=0.6205  MCC=0.1045  Train=0.347s  Test=3.498s  Peak RAM=37.147 MB
2026-03-18 09:28:35 | INFO | [ncluster=226/226] AUC-ROC=73.40%  AUC-PR=63.53%  F1=0.7582  MCC=0.4793  Train=0.235s  Test=3.078s  Peak RAM=37.147 MB
2026-03-18 09:28:35 | INFO | [ncluster=229/229] AUC-ROC=62.66%  AUC-PR=55.93%  F1=0.6423  MCC=0.2473  Train=0.245s  Test=3.171s  Peak RAM=37.148 MB
2026-03-18 09:28:35 | INFO | [ncluster=232/232] AUC-ROC=53.42%  AUC-PR=51.87%  F1=0.6208  MCC=0.0815  Train=0.262s  Test=2.987s  Peak RAM=37.15 MB
2026-03-18 09:28:35 | INFO | [ncluster=235/235] AUC-ROC=55.96%  AUC-PR=54.04%  F1=0.6212  MCC=0.1376  Train=0.411s  Test=3.781s  Peak RAM=37.151 MB
2026-03-18 09:28:35 | INFO | [ncluster=238/238] AUC-ROC=75.73%  AUC-PR=62.35%  F1=0.8057  MCC=0.5800  Train=0.309s  Test=3.326s  Peak RAM=37.15 MB
2026-03-18 09:28:35 | INFO | [ncluster=241/241] AUC-ROC=71.99%  AUC-PR=60.23%  F1=0.7500  MCC=0.4509  Train=0.362s  Test=2.989s  Peak RAM=37.151 MB
2026-03-18 09:28:35 | INFO | [ncluster=244/244] AUC-ROC=50.99%  AUC-PR=50.29%  F1=0.6209  MCC=0.0643  Train=0.225s  Test=2.877s  Peak RAM=37.15 MB
2026-03-18 09:28:35 | INFO | [ncluster=247/247] AUC-ROC=68.50%  AUC-PR=57.93%  F1=0.7493  MCC=0.4314  Train=0.309s  Test=3.163s  Peak RAM=37.15 MB
2026-03-18 09:28:35 | INFO | [ncluster=250/250] AUC-ROC=56.53%  AUC-PR=54.29%  F1=0.6221  MCC=0.1416  Train=0.312s  Test=3.359s  Peak RAM=37.151 MB
2026-03-18 09:28:35 | INFO | [ncluster=253/253] AUC-ROC=76.89%  AUC-PR=63.14%  F1=0.8251  MCC=0.6282  Train=0.190s  Test=2.964s  Peak RAM=37.151 MB
2026-03-18 09:28:35 | INFO | [ncluster=256/256] AUC-ROC=72.54%  AUC-PR=60.51%  F1=0.7605  MCC=0.4762  Train=0.298s  Test=2.725s  Peak RAM=37.152 MB
2026-03-18 09:28:35 | INFO | [ncluster=259/259] AUC-ROC=69.14%  AUC-PR=62.76%  F1=0.6993  MCC=0.3700  Train=0.244s  Test=2.663s  Peak RAM=37.154 MB
2026-03-18 09:28:35 | INFO | [ncluster=262/262] AUC-ROC=73.91%  AUC-PR=64.64%  F1=0.7495  MCC=0.4495  Train=0.269s  Test=3.516s  Peak RAM=37.154 MB
2026-03-18 09:28:35 | INFO | [ncluster=265/265] AUC-ROC=52.62%  AUC-PR=51.55%  F1=0.6211  MCC=0.0624  Train=0.278s  Test=3.968s  Peak RAM=37.154 MB
2026-03-18 09:28:35 | INFO | [ncluster=268/268] AUC-ROC=77.12%  AUC-PR=63.23%  F1=0.8277  MCC=0.6335  Train=0.371s  Test=3.621s  Peak RAM=37.154 MB
2026-03-18 09:28:35 | INFO | [ncluster=271/271] AUC-ROC=72.92%  AUC-PR=61.34%  F1=0.7556  MCC=0.4621  Train=0.263s  Test=3.419s  Peak RAM=37.158 MB
2026-03-18 09:28:35 | INFO | [ncluster=274/274] AUC-ROC=59.98%  AUC-PR=53.45%  F1=0.6346  MCC=0.2115  Train=0.248s  Test=2.865s  Peak RAM=37.155 MB
2026-03-18 09:28:35 | INFO | [ncluster=277/277] AUC-ROC=77.43%  AUC-PR=64.45%  F1=0.8294  MCC=0.6380  Train=0.349s  Test=3.231s  Peak RAM=37.155 MB
2026-03-18 09:28:35 | INFO | [ncluster=280/280] AUC-ROC=56.44%  AUC-PR=54.08%  F1=0.6300  MCC=0.1399  Train=0.203s  Test=2.253s  Peak RAM=37.157 MB
2026-03-18 09:28:35 | INFO | [ncluster=283/283] AUC-ROC=54.29%  AUC-PR=52.71%  F1=0.5980  MCC=0.0878  Train=0.228s  Test=2.500s  Peak RAM=37.157 MB
2026-03-18 09:28:35 | INFO | [ncluster=286/286] AUC-ROC=52.50%  AUC-PR=51.26%  F1=0.6255  MCC=0.0776  Train=0.138s  Test=2.038s  Peak RAM=37.157 MB
2026-03-18 09:28:35 | INFO | [ncluster=289/289] AUC-ROC=53.43%  AUC-PR=51.89%  F1=0.6159  MCC=0.0830  Train=0.120s  Test=2.210s  Peak RAM=37.157 MB
2026-03-18 09:28:35 | INFO | [ncluster=292/292] AUC-ROC=64.66%  AUC-PR=56.23%  F1=0.6829  MCC=0.2862  Train=0.102s  Test=1.605s  Peak RAM=37.158 MB
2026-03-18 09:28:35 | INFO | [ncluster=295/295] AUC-ROC=61.91%  AUC-PR=56.96%  F1=0.6373  MCC=0.2273  Train=0.133s  Test=1.916s  Peak RAM=37.159 MB
2026-03-18 09:28:35 | INFO | [ncluster=298/298] AUC-ROC=64.88%  AUC-PR=56.34%  F1=0.6795  MCC=0.2940  Train=0.102s  Test=1.503s  Peak RAM=37.159 MB
2026-03-18 09:28:35 | INFO | --- noise=1% ---
2026-03-18 09:28:35 | INFO | ============================================================
2026-03-18 09:28:35 | INFO | Dataset  : Train_QuantileTransformer_data_CICIoT2023.csv
2026-03-18 09:28:35 | INFO | Scaler   : QuantileTransformer
2026-03-18 09:28:35 | INFO | Noise    : 1%
2026-03-18 09:28:35 | INFO | nClusters: 100 values (1..298)
2026-03-18 09:28:35 | INFO | ============================================================
2026-03-18 09:28:35 | INFO | Loaded Raw Shape -> Train: (30000, 45), Test: (30000, 45)
2026-03-18 09:28:35 | INFO | Training size : 30,300  |  Testing size: 29,700  |  Features: 44
2026-03-18 09:28:35 | INFO | Firing up Parallel execution for 100 cluster configs...
2026-03-18 09:33:08 | INFO | [ncluster=1/1] AUC-ROC=52.73%  AUC-PR=51.98%  F1=0.6244  MCC=0.0827  Train=0.361s  Test=5.527s  Peak RAM=37.474 MB
2026-03-18 09:33:08 | INFO | [ncluster=4/4] AUC-ROC=54.18%  AUC-PR=53.06%  F1=0.6320  MCC=0.0985  Train=0.455s  Test=8.143s  Peak RAM=37.478 MB
2026-03-18 09:33:08 | INFO | [ncluster=7/7] AUC-ROC=54.65%  AUC-PR=53.45%  F1=0.6180  MCC=0.1027  Train=0.585s  Test=8.156s  Peak RAM=37.478 MB
2026-03-18 09:33:08 | INFO | [ncluster=10/10] AUC-ROC=54.93%  AUC-PR=53.72%  F1=0.6030  MCC=0.1039  Train=0.971s  Test=8.522s  Peak RAM=37.479 MB
2026-03-18 09:33:08 | INFO | [ncluster=13/13] AUC-ROC=54.88%  AUC-PR=53.68%  F1=0.6046  MCC=0.1036  Train=0.799s  Test=9.356s  Peak RAM=37.48 MB
2026-03-18 09:33:08 | INFO | [ncluster=16/16] AUC-ROC=51.72%  AUC-PR=51.14%  F1=0.6278  MCC=0.0855  Train=1.100s  Test=7.854s  Peak RAM=37.48 MB
2026-03-18 09:33:08 | INFO | [ncluster=19/19] AUC-ROC=72.01%  AUC-PR=61.45%  F1=0.7563  MCC=0.4579  Train=0.787s  Test=8.367s  Peak RAM=37.48 MB
2026-03-18 09:33:08 | INFO | [ncluster=22/22] AUC-ROC=54.73%  AUC-PR=53.59%  F1=0.6101  MCC=0.1040  Train=1.140s  Test=8.930s  Peak RAM=37.481 MB
2026-03-18 09:33:08 | INFO | [ncluster=25/25] AUC-ROC=51.13%  AUC-PR=50.85%  F1=0.6282  MCC=0.0629  Train=1.207s  Test=7.534s  Peak RAM=37.482 MB
2026-03-18 09:33:08 | INFO | [ncluster=28/28] AUC-ROC=53.98%  AUC-PR=53.02%  F1=0.5963  MCC=0.0815  Train=0.869s  Test=7.340s  Peak RAM=37.482 MB
2026-03-18 09:33:08 | INFO | [ncluster=31/31] AUC-ROC=54.32%  AUC-PR=53.29%  F1=0.6055  MCC=0.0936  Train=1.493s  Test=7.419s  Peak RAM=37.481 MB
2026-03-18 09:33:08 | INFO | [ncluster=34/34] AUC-ROC=54.70%  AUC-PR=53.54%  F1=0.6224  MCC=0.1088  Train=1.436s  Test=6.647s  Peak RAM=37.483 MB
2026-03-18 09:33:08 | INFO | [ncluster=37/37] AUC-ROC=52.68%  AUC-PR=51.99%  F1=0.6317  MCC=0.0905  Train=0.243s  Test=3.281s  Peak RAM=37.482 MB
2026-03-18 09:33:08 | INFO | [ncluster=40/40] AUC-ROC=51.50%  AUC-PR=51.01%  F1=0.6263  MCC=0.0830  Train=0.421s  Test=3.803s  Peak RAM=37.484 MB
2026-03-18 09:33:08 | INFO | [ncluster=43/43] AUC-ROC=51.34%  AUC-PR=51.03%  F1=0.6311  MCC=0.0700  Train=0.505s  Test=4.410s  Peak RAM=37.486 MB
2026-03-18 09:33:08 | INFO | [ncluster=46/46] AUC-ROC=55.00%  AUC-PR=53.69%  F1=0.6265  MCC=0.1143  Train=0.406s  Test=5.049s  Peak RAM=37.486 MB
2026-03-18 09:33:08 | INFO | [ncluster=49/49] AUC-ROC=52.49%  AUC-PR=51.74%  F1=0.6228  MCC=0.0868  Train=0.485s  Test=5.657s  Peak RAM=37.486 MB
2026-03-18 09:33:08 | INFO | [ncluster=52/52] AUC-ROC=51.69%  AUC-PR=51.25%  F1=0.6215  MCC=0.0739  Train=0.346s  Test=5.084s  Peak RAM=37.486 MB
2026-03-18 09:33:08 | INFO | [ncluster=55/55] AUC-ROC=52.82%  AUC-PR=52.27%  F1=0.5873  MCC=0.0575  Train=0.662s  Test=6.673s  Peak RAM=37.488 MB
2026-03-18 09:33:08 | INFO | [ncluster=58/58] AUC-ROC=55.36%  AUC-PR=53.88%  F1=0.6368  MCC=0.1255  Train=0.745s  Test=6.677s  Peak RAM=37.488 MB
2026-03-18 09:33:08 | INFO | [ncluster=61/61] AUC-ROC=52.76%  AUC-PR=51.97%  F1=0.6301  MCC=0.0884  Train=0.789s  Test=6.477s  Peak RAM=37.488 MB
2026-03-18 09:33:08 | INFO | [ncluster=64/64] AUC-ROC=56.22%  AUC-PR=54.61%  F1=0.6258  MCC=0.1381  Train=1.049s  Test=5.343s  Peak RAM=37.488 MB
2026-03-18 09:33:08 | INFO | [ncluster=67/67] AUC-ROC=55.42%  AUC-PR=53.97%  F1=0.6249  MCC=0.1204  Train=0.519s  Test=5.968s  Peak RAM=37.491 MB
2026-03-18 09:33:08 | INFO | [ncluster=70/70] AUC-ROC=50.73%  AUC-PR=50.40%  F1=0.6299  MCC=0.0750  Train=0.500s  Test=5.617s  Peak RAM=37.489 MB
2026-03-18 09:33:08 | INFO | [ncluster=73/73] AUC-ROC=55.44%  AUC-PR=54.03%  F1=0.6160  MCC=0.1173  Train=0.483s  Test=4.109s  Peak RAM=37.489 MB
2026-03-18 09:33:08 | INFO | [ncluster=76/76] AUC-ROC=55.29%  AUC-PR=53.89%  F1=0.6251  MCC=0.1186  Train=0.224s  Test=3.037s  Peak RAM=37.491 MB
2026-03-18 09:33:08 | INFO | [ncluster=79/79] AUC-ROC=54.88%  AUC-PR=53.59%  F1=0.6221  MCC=0.1086  Train=0.307s  Test=4.666s  Peak RAM=37.492 MB
2026-03-18 09:33:08 | INFO | [ncluster=82/82] AUC-ROC=55.52%  AUC-PR=54.07%  F1=0.6186  MCC=0.1197  Train=0.307s  Test=3.779s  Peak RAM=37.492 MB
2026-03-18 09:33:08 | INFO | [ncluster=85/85] AUC-ROC=54.42%  AUC-PR=53.27%  F1=0.6209  MCC=0.0986  Train=0.528s  Test=4.030s  Peak RAM=37.493 MB
2026-03-18 09:33:08 | INFO | [ncluster=88/88] AUC-ROC=51.98%  AUC-PR=51.54%  F1=0.6217  MCC=0.0599  Train=0.209s  Test=2.820s  Peak RAM=37.493 MB
2026-03-18 09:33:08 | INFO | [ncluster=91/91] AUC-ROC=56.02%  AUC-PR=54.40%  F1=0.6299  MCC=0.1345  Train=0.516s  Test=4.600s  Peak RAM=37.494 MB
2026-03-18 09:33:08 | INFO | [ncluster=94/94] AUC-ROC=54.56%  AUC-PR=53.41%  F1=0.6063  MCC=0.0962  Train=0.268s  Test=4.092s  Peak RAM=37.494 MB
2026-03-18 09:33:08 | INFO | [ncluster=97/97] AUC-ROC=52.05%  AUC-PR=51.51%  F1=0.6328  MCC=0.0792  Train=0.398s  Test=4.865s  Peak RAM=37.495 MB
2026-03-18 09:33:08 | INFO | [ncluster=100/100] AUC-ROC=50.94%  AUC-PR=50.70%  F1=0.6218  MCC=0.0712  Train=0.465s  Test=5.080s  Peak RAM=37.494 MB
2026-03-18 09:33:08 | INFO | [ncluster=103/103] AUC-ROC=55.61%  AUC-PR=54.15%  F1=0.6305  MCC=0.1297  Train=0.695s  Test=3.499s  Peak RAM=37.494 MB
2026-03-18 09:33:08 | INFO | [ncluster=106/106] AUC-ROC=52.60%  AUC-PR=51.96%  F1=0.6272  MCC=0.0727  Train=0.337s  Test=4.028s  Peak RAM=37.496 MB
2026-03-18 09:33:08 | INFO | [ncluster=109/109] AUC-ROC=54.47%  AUC-PR=53.32%  F1=0.6251  MCC=0.1031  Train=0.283s  Test=4.015s  Peak RAM=37.496 MB
2026-03-18 09:33:08 | INFO | [ncluster=112/112] AUC-ROC=55.82%  AUC-PR=54.31%  F1=0.6258  MCC=0.1309  Train=0.332s  Test=3.824s  Peak RAM=37.497 MB
2026-03-18 09:33:08 | INFO | [ncluster=115/115] AUC-ROC=56.62%  AUC-PR=54.82%  F1=0.6416  MCC=0.1537  Train=0.475s  Test=3.325s  Peak RAM=37.497 MB
2026-03-18 09:33:08 | INFO | [ncluster=118/118] AUC-ROC=58.32%  AUC-PR=55.70%  F1=0.6461  MCC=0.1720  Train=0.311s  Test=2.922s  Peak RAM=37.499 MB
2026-03-18 09:33:08 | INFO | [ncluster=121/121] AUC-ROC=55.72%  AUC-PR=54.12%  F1=0.6329  MCC=0.1283  Train=0.434s  Test=2.962s  Peak RAM=37.499 MB
2026-03-18 09:33:08 | INFO | [ncluster=124/124] AUC-ROC=52.16%  AUC-PR=51.56%  F1=0.6408  MCC=0.0894  Train=0.244s  Test=3.175s  Peak RAM=37.5 MB
2026-03-18 09:33:08 | INFO | [ncluster=127/127] AUC-ROC=55.44%  AUC-PR=53.60%  F1=0.6444  MCC=0.1130  Train=0.237s  Test=3.687s  Peak RAM=37.5 MB
2026-03-18 09:33:08 | INFO | [ncluster=130/130] AUC-ROC=63.14%  AUC-PR=55.17%  F1=0.6906  MCC=0.2754  Train=0.388s  Test=4.311s  Peak RAM=37.501 MB
2026-03-18 09:33:08 | INFO | [ncluster=133/133] AUC-ROC=63.50%  AUC-PR=55.70%  F1=0.6842  MCC=0.2973  Train=0.417s  Test=4.832s  Peak RAM=37.501 MB
2026-03-18 09:33:08 | INFO | [ncluster=136/136] AUC-ROC=54.43%  AUC-PR=53.22%  F1=0.6234  MCC=0.0975  Train=0.477s  Test=4.170s  Peak RAM=37.501 MB
2026-03-18 09:33:08 | INFO | [ncluster=139/139] AUC-ROC=51.33%  AUC-PR=50.92%  F1=0.6192  MCC=0.0762  Train=0.493s  Test=4.124s  Peak RAM=37.501 MB
2026-03-18 09:33:08 | INFO | [ncluster=142/142] AUC-ROC=55.17%  AUC-PR=53.82%  F1=0.6262  MCC=0.1173  Train=0.397s  Test=3.472s  Peak RAM=37.503 MB
2026-03-18 09:33:08 | INFO | [ncluster=145/145] AUC-ROC=55.36%  AUC-PR=53.93%  F1=0.6294  MCC=0.1224  Train=0.403s  Test=2.923s  Peak RAM=37.502 MB
2026-03-18 09:33:08 | INFO | [ncluster=148/148] AUC-ROC=56.69%  AUC-PR=54.46%  F1=0.6326  MCC=0.1306  Train=0.316s  Test=3.695s  Peak RAM=37.502 MB
2026-03-18 09:33:08 | INFO | [ncluster=151/151] AUC-ROC=56.23%  AUC-PR=54.15%  F1=0.6294  MCC=0.1202  Train=0.188s  Test=3.695s  Peak RAM=37.504 MB
2026-03-18 09:33:08 | INFO | [ncluster=154/154] AUC-ROC=56.60%  AUC-PR=54.38%  F1=0.6380  MCC=0.1312  Train=0.344s  Test=4.029s  Peak RAM=37.506 MB
2026-03-18 09:33:08 | INFO | [ncluster=157/157] AUC-ROC=54.48%  AUC-PR=53.23%  F1=0.6221  MCC=0.0946  Train=0.258s  Test=3.078s  Peak RAM=37.506 MB
2026-03-18 09:33:08 | INFO | [ncluster=160/160] AUC-ROC=60.05%  AUC-PR=56.98%  F1=0.6510  MCC=0.2028  Train=0.354s  Test=3.302s  Peak RAM=37.506 MB
2026-03-18 09:33:08 | INFO | [ncluster=163/163] AUC-ROC=69.72%  AUC-PR=60.67%  F1=0.7259  MCC=0.3976  Train=0.377s  Test=3.806s  Peak RAM=37.506 MB
2026-03-18 09:33:08 | INFO | [ncluster=166/166] AUC-ROC=54.15%  AUC-PR=52.58%  F1=0.6529  MCC=0.1189  Train=0.260s  Test=3.490s  Peak RAM=37.507 MB
2026-03-18 09:33:08 | INFO | [ncluster=169/169] AUC-ROC=53.54%  AUC-PR=50.11%  F1=0.5870  MCC=0.1099  Train=0.399s  Test=3.039s  Peak RAM=37.507 MB
2026-03-18 09:33:08 | INFO | [ncluster=172/172] AUC-ROC=58.36%  AUC-PR=55.63%  F1=0.6474  MCC=0.1700  Train=0.294s  Test=3.409s  Peak RAM=37.508 MB
2026-03-18 09:33:08 | INFO | [ncluster=175/175] AUC-ROC=59.41%  AUC-PR=56.33%  F1=0.6533  MCC=0.1897  Train=0.331s  Test=3.194s  Peak RAM=37.507 MB
2026-03-18 09:33:08 | INFO | [ncluster=178/178] AUC-ROC=58.80%  AUC-PR=55.93%  F1=0.6516  MCC=0.1801  Train=0.230s  Test=2.615s  Peak RAM=37.509 MB
2026-03-18 09:33:08 | INFO | [ncluster=181/181] AUC-ROC=58.23%  AUC-PR=55.57%  F1=0.6361  MCC=0.1594  Train=0.489s  Test=4.085s  Peak RAM=37.509 MB
2026-03-18 09:33:08 | INFO | [ncluster=184/184] AUC-ROC=58.40%  AUC-PR=55.71%  F1=0.6439  MCC=0.1695  Train=0.433s  Test=3.188s  Peak RAM=37.51 MB
2026-03-18 09:33:08 | INFO | [ncluster=187/187] AUC-ROC=51.79%  AUC-PR=51.33%  F1=0.6265  MCC=0.0731  Train=0.428s  Test=4.260s  Peak RAM=37.51 MB
2026-03-18 09:33:08 | INFO | [ncluster=190/190] AUC-ROC=51.17%  AUC-PR=50.75%  F1=0.6275  MCC=0.0820  Train=0.299s  Test=2.726s  Peak RAM=37.511 MB
2026-03-18 09:33:08 | INFO | [ncluster=193/193] AUC-ROC=56.91%  AUC-PR=54.55%  F1=0.6438  MCC=0.1395  Train=0.280s  Test=3.262s  Peak RAM=37.511 MB
2026-03-18 09:33:08 | INFO | [ncluster=196/196] AUC-ROC=56.28%  AUC-PR=54.26%  F1=0.6464  MCC=0.1383  Train=0.345s  Test=2.935s  Peak RAM=37.513 MB
2026-03-18 09:33:08 | INFO | [ncluster=199/199] AUC-ROC=53.96%  AUC-PR=52.94%  F1=0.6249  MCC=0.0911  Train=0.285s  Test=5.660s  Peak RAM=37.512 MB
2026-03-18 09:33:08 | INFO | [ncluster=202/202] AUC-ROC=57.23%  AUC-PR=54.74%  F1=0.6420  MCC=0.1429  Train=0.214s  Test=2.616s  Peak RAM=37.513 MB
2026-03-18 09:33:08 | INFO | [ncluster=205/205] AUC-ROC=73.29%  AUC-PR=61.58%  F1=0.7674  MCC=0.4901  Train=0.481s  Test=4.552s  Peak RAM=37.513 MB
2026-03-18 09:33:08 | INFO | [ncluster=208/208] AUC-ROC=51.66%  AUC-PR=51.03%  F1=0.6277  MCC=0.0883  Train=0.283s  Test=4.318s  Peak RAM=37.515 MB
2026-03-18 09:33:08 | INFO | [ncluster=211/211] AUC-ROC=55.04%  AUC-PR=53.27%  F1=0.6431  MCC=0.1158  Train=0.568s  Test=4.174s  Peak RAM=37.514 MB
2026-03-18 09:33:08 | INFO | [ncluster=214/214] AUC-ROC=57.04%  AUC-PR=54.70%  F1=0.6188  MCC=0.1265  Train=0.277s  Test=3.229s  Peak RAM=37.515 MB
2026-03-18 09:33:08 | INFO | [ncluster=217/217] AUC-ROC=60.15%  AUC-PR=53.28%  F1=0.6657  MCC=0.2106  Train=0.516s  Test=3.170s  Peak RAM=37.516 MB
2026-03-18 09:33:08 | INFO | [ncluster=220/220] AUC-ROC=68.56%  AUC-PR=59.61%  F1=0.7119  MCC=0.3656  Train=0.588s  Test=4.400s  Peak RAM=37.516 MB
2026-03-18 09:33:08 | INFO | [ncluster=223/223] AUC-ROC=54.33%  AUC-PR=52.40%  F1=0.6518  MCC=0.1403  Train=0.363s  Test=3.126s  Peak RAM=37.516 MB
2026-03-18 09:33:08 | INFO | [ncluster=226/226] AUC-ROC=54.81%  AUC-PR=53.54%  F1=0.6231  MCC=0.1077  Train=0.227s  Test=3.898s  Peak RAM=37.518 MB
2026-03-18 09:33:08 | INFO | [ncluster=229/229] AUC-ROC=56.27%  AUC-PR=54.00%  F1=0.6531  MCC=0.1460  Train=0.366s  Test=3.835s  Peak RAM=37.518 MB
2026-03-18 09:33:08 | INFO | [ncluster=232/232] AUC-ROC=54.65%  AUC-PR=53.32%  F1=0.6247  MCC=0.1002  Train=0.563s  Test=4.556s  Peak RAM=37.519 MB
2026-03-18 09:33:08 | INFO | [ncluster=235/235] AUC-ROC=54.50%  AUC-PR=52.75%  F1=0.6490  MCC=0.1254  Train=0.550s  Test=4.481s  Peak RAM=37.519 MB
2026-03-18 09:33:08 | INFO | [ncluster=238/238] AUC-ROC=55.37%  AUC-PR=53.97%  F1=0.6279  MCC=0.1232  Train=0.291s  Test=4.104s  Peak RAM=37.52 MB
2026-03-18 09:33:08 | INFO | [ncluster=241/241] AUC-ROC=57.00%  AUC-PR=54.82%  F1=0.6331  MCC=0.1422  Train=0.292s  Test=3.963s  Peak RAM=37.52 MB
2026-03-18 09:33:08 | INFO | [ncluster=244/244] AUC-ROC=69.26%  AUC-PR=61.07%  F1=0.7193  MCC=0.3903  Train=0.435s  Test=4.542s  Peak RAM=37.52 MB
2026-03-18 09:33:08 | INFO | [ncluster=247/247] AUC-ROC=57.69%  AUC-PR=55.31%  F1=0.6330  MCC=0.1537  Train=0.247s  Test=3.369s  Peak RAM=37.521 MB
2026-03-18 09:33:08 | INFO | [ncluster=250/250] AUC-ROC=69.65%  AUC-PR=58.89%  F1=0.7312  MCC=0.4034  Train=0.257s  Test=3.330s  Peak RAM=37.522 MB
2026-03-18 09:33:08 | INFO | [ncluster=253/253] AUC-ROC=55.42%  AUC-PR=53.60%  F1=0.6519  MCC=0.1286  Train=0.406s  Test=4.790s  Peak RAM=37.522 MB
2026-03-18 09:33:08 | INFO | [ncluster=256/256] AUC-ROC=56.53%  AUC-PR=54.38%  F1=0.6399  MCC=0.1350  Train=0.276s  Test=3.257s  Peak RAM=37.522 MB
2026-03-18 09:33:08 | INFO | [ncluster=259/259] AUC-ROC=57.43%  AUC-PR=55.20%  F1=0.6468  MCC=0.1640  Train=0.401s  Test=4.685s  Peak RAM=37.523 MB
2026-03-18 09:33:08 | INFO | [ncluster=262/262] AUC-ROC=58.21%  AUC-PR=55.43%  F1=0.6501  MCC=0.1663  Train=0.360s  Test=4.561s  Peak RAM=37.524 MB
2026-03-18 09:33:08 | INFO | [ncluster=265/265] AUC-ROC=58.12%  AUC-PR=55.49%  F1=0.6474  MCC=0.1674  Train=0.239s  Test=4.486s  Peak RAM=37.525 MB
2026-03-18 09:33:08 | INFO | [ncluster=268/268] AUC-ROC=55.30%  AUC-PR=53.57%  F1=0.6544  MCC=0.1201  Train=0.195s  Test=4.237s  Peak RAM=37.525 MB
2026-03-18 09:33:08 | INFO | [ncluster=271/271] AUC-ROC=70.18%  AUC-PR=60.73%  F1=0.7372  MCC=0.4115  Train=0.444s  Test=3.213s  Peak RAM=37.526 MB
2026-03-18 09:33:08 | INFO | [ncluster=274/274] AUC-ROC=75.18%  AUC-PR=65.15%  F1=0.7842  MCC=0.5249  Train=0.210s  Test=3.156s  Peak RAM=37.527 MB
2026-03-18 09:33:08 | INFO | [ncluster=277/277] AUC-ROC=66.51%  AUC-PR=57.85%  F1=0.7027  MCC=0.3275  Train=0.312s  Test=3.567s  Peak RAM=37.528 MB
2026-03-18 09:33:08 | INFO | [ncluster=280/280] AUC-ROC=58.19%  AUC-PR=55.59%  F1=0.6405  MCC=0.1646  Train=0.183s  Test=2.474s  Peak RAM=37.528 MB
2026-03-18 09:33:08 | INFO | [ncluster=283/283] AUC-ROC=68.07%  AUC-PR=60.17%  F1=0.6989  MCC=0.3490  Train=0.240s  Test=2.499s  Peak RAM=37.528 MB
2026-03-18 09:33:08 | INFO | [ncluster=286/286] AUC-ROC=63.72%  AUC-PR=56.37%  F1=0.7047  MCC=0.2941  Train=0.158s  Test=2.266s  Peak RAM=37.528 MB
2026-03-18 09:33:08 | INFO | [ncluster=289/289] AUC-ROC=54.08%  AUC-PR=52.87%  F1=0.6357  MCC=0.1020  Train=0.143s  Test=2.380s  Peak RAM=37.529 MB
2026-03-18 09:33:08 | INFO | [ncluster=292/292] AUC-ROC=56.67%  AUC-PR=54.36%  F1=0.6423  MCC=0.1340  Train=0.131s  Test=2.250s  Peak RAM=37.529 MB
2026-03-18 09:33:08 | INFO | [ncluster=295/295] AUC-ROC=52.57%  AUC-PR=51.65%  F1=0.6360  MCC=0.0893  Train=0.189s  Test=1.992s  Peak RAM=37.529 MB
2026-03-18 09:33:08 | INFO | [ncluster=298/298] AUC-ROC=56.01%  AUC-PR=54.23%  F1=0.6234  MCC=0.1230  Train=0.187s  Test=2.005s  Peak RAM=37.529 MB
2026-03-18 09:33:08 | INFO | --- noise=3% ---
2026-03-18 09:33:08 | INFO | ============================================================
2026-03-18 09:33:08 | INFO | Dataset  : Train_QuantileTransformer_data_CICIoT2023.csv
2026-03-18 09:33:08 | INFO | Scaler   : QuantileTransformer
2026-03-18 09:33:08 | INFO | Noise    : 3%
2026-03-18 09:33:08 | INFO | nClusters: 100 values (1..298)
2026-03-18 09:33:08 | INFO | ============================================================
2026-03-18 09:33:08 | INFO | Loaded Raw Shape -> Train: (30000, 45), Test: (30000, 45)
2026-03-18 09:33:08 | INFO | Training size : 30,900  |  Testing size: 29,100  |  Features: 44
2026-03-18 09:33:08 | INFO | Firing up Parallel execution for 100 cluster configs...
2026-03-18 09:37:52 | INFO | [ncluster=1/1] AUC-ROC=52.04%  AUC-PR=52.57%  F1=0.6252  MCC=0.0725  Train=0.228s  Test=6.682s  Peak RAM=38.216 MB
2026-03-18 09:37:52 | INFO | [ncluster=4/4] AUC-ROC=52.80%  AUC-PR=53.23%  F1=0.6224  MCC=0.0666  Train=0.406s  Test=7.707s  Peak RAM=38.219 MB
2026-03-18 09:37:52 | INFO | [ncluster=7/7] AUC-ROC=51.57%  AUC-PR=52.21%  F1=0.6309  MCC=0.0765  Train=0.571s  Test=6.599s  Peak RAM=38.22 MB
2026-03-18 09:37:52 | INFO | [ncluster=10/10] AUC-ROC=53.06%  AUC-PR=53.34%  F1=0.6169  MCC=0.0729  Train=0.948s  Test=10.384s  Peak RAM=38.221 MB
2026-03-18 09:37:52 | INFO | [ncluster=13/13] AUC-ROC=54.06%  AUC-PR=54.14%  F1=0.6133  MCC=0.0888  Train=0.764s  Test=9.836s  Peak RAM=38.22 MB
2026-03-18 09:37:52 | INFO | [ncluster=16/16] AUC-ROC=52.35%  AUC-PR=52.88%  F1=0.6285  MCC=0.0670  Train=0.513s  Test=7.935s  Peak RAM=38.222 MB
2026-03-18 09:37:52 | INFO | [ncluster=19/19] AUC-ROC=53.52%  AUC-PR=53.69%  F1=0.6267  MCC=0.0779  Train=0.669s  Test=9.249s  Peak RAM=38.222 MB
2026-03-18 09:37:52 | INFO | [ncluster=22/22] AUC-ROC=55.57%  AUC-PR=55.27%  F1=0.6276  MCC=0.1283  Train=1.266s  Test=6.455s  Peak RAM=38.223 MB
2026-03-18 09:37:52 | INFO | [ncluster=25/25] AUC-ROC=52.98%  AUC-PR=53.37%  F1=0.5931  MCC=0.0584  Train=1.162s  Test=8.227s  Peak RAM=38.222 MB
2026-03-18 09:37:52 | INFO | [ncluster=28/28] AUC-ROC=53.54%  AUC-PR=53.74%  F1=0.6051  MCC=0.0726  Train=1.269s  Test=7.997s  Peak RAM=38.228 MB
2026-03-18 09:37:52 | INFO | [ncluster=31/31] AUC-ROC=54.58%  AUC-PR=54.45%  F1=0.6174  MCC=0.0983  Train=1.164s  Test=6.173s  Peak RAM=38.223 MB
2026-03-18 09:37:52 | INFO | [ncluster=34/34] AUC-ROC=52.45%  AUC-PR=53.00%  F1=0.6344  MCC=0.0581  Train=1.324s  Test=8.038s  Peak RAM=38.226 MB
2026-03-18 09:37:52 | INFO | [ncluster=37/37] AUC-ROC=54.41%  AUC-PR=54.39%  F1=0.6282  MCC=0.1036  Train=0.368s  Test=5.305s  Peak RAM=38.227 MB
2026-03-18 09:37:52 | INFO | [ncluster=40/40] AUC-ROC=54.71%  AUC-PR=54.55%  F1=0.6353  MCC=0.1114  Train=0.266s  Test=4.353s  Peak RAM=38.225 MB
2026-03-18 09:37:52 | INFO | [ncluster=43/43] AUC-ROC=55.42%  AUC-PR=55.04%  F1=0.6377  MCC=0.1263  Train=0.665s  Test=4.555s  Peak RAM=38.227 MB
2026-03-18 09:37:52 | INFO | [ncluster=46/46] AUC-ROC=54.91%  AUC-PR=54.66%  F1=0.6362  MCC=0.1142  Train=0.561s  Test=7.212s  Peak RAM=38.23 MB
2026-03-18 09:37:52 | INFO | [ncluster=49/49] AUC-ROC=54.72%  AUC-PR=54.56%  F1=0.6348  MCC=0.1114  Train=0.683s  Test=7.629s  Peak RAM=38.228 MB
2026-03-18 09:37:52 | INFO | [ncluster=52/52] AUC-ROC=55.24%  AUC-PR=54.93%  F1=0.6397  MCC=0.1252  Train=0.260s  Test=3.840s  Peak RAM=38.228 MB
2026-03-18 09:37:52 | INFO | [ncluster=55/55] AUC-ROC=55.02%  AUC-PR=54.66%  F1=0.6463  MCC=0.1198  Train=1.019s  Test=6.210s  Peak RAM=38.23 MB
2026-03-18 09:37:52 | INFO | [ncluster=58/58] AUC-ROC=57.47%  AUC-PR=56.32%  F1=0.6445  MCC=0.1597  Train=0.738s  Test=7.251s  Peak RAM=38.228 MB
2026-03-18 09:37:52 | INFO | [ncluster=61/61] AUC-ROC=54.44%  AUC-PR=54.37%  F1=0.6292  MCC=0.1025  Train=0.681s  Test=5.480s  Peak RAM=38.232 MB
2026-03-18 09:37:52 | INFO | [ncluster=64/64] AUC-ROC=54.51%  AUC-PR=54.36%  F1=0.6337  MCC=0.1036  Train=0.402s  Test=5.618s  Peak RAM=38.229 MB
2026-03-18 09:37:52 | INFO | [ncluster=67/67] AUC-ROC=55.11%  AUC-PR=54.79%  F1=0.6379  MCC=0.1187  Train=0.887s  Test=5.935s  Peak RAM=38.234 MB
2026-03-18 09:37:52 | INFO | [ncluster=70/70] AUC-ROC=55.86%  AUC-PR=55.14%  F1=0.6280  MCC=0.1187  Train=0.675s  Test=6.970s  Peak RAM=38.23 MB
2026-03-18 09:37:52 | INFO | [ncluster=73/73] AUC-ROC=56.71%  AUC-PR=55.63%  F1=0.6449  MCC=0.1404  Train=0.527s  Test=4.520s  Peak RAM=38.234 MB
2026-03-18 09:37:52 | INFO | [ncluster=76/76] AUC-ROC=57.05%  AUC-PR=55.87%  F1=0.6521  MCC=0.1526  Train=0.367s  Test=4.712s  Peak RAM=38.233 MB
2026-03-18 09:37:52 | INFO | [ncluster=79/79] AUC-ROC=54.96%  AUC-PR=54.58%  F1=0.6325  MCC=0.1062  Train=0.281s  Test=4.450s  Peak RAM=38.234 MB
2026-03-18 09:37:52 | INFO | [ncluster=82/82] AUC-ROC=55.01%  AUC-PR=54.69%  F1=0.6359  MCC=0.1142  Train=0.482s  Test=4.198s  Peak RAM=38.233 MB
2026-03-18 09:37:52 | INFO | [ncluster=85/85] AUC-ROC=57.66%  AUC-PR=56.41%  F1=0.6515  MCC=0.1665  Train=0.508s  Test=5.390s  Peak RAM=38.233 MB
2026-03-18 09:37:52 | INFO | [ncluster=88/88] AUC-ROC=56.55%  AUC-PR=55.86%  F1=0.6453  MCC=0.1530  Train=0.533s  Test=5.906s  Peak RAM=38.237 MB
2026-03-18 09:37:52 | INFO | [ncluster=91/91] AUC-ROC=54.77%  AUC-PR=54.55%  F1=0.6298  MCC=0.1072  Train=0.782s  Test=5.574s  Peak RAM=38.237 MB
2026-03-18 09:37:52 | INFO | [ncluster=94/94] AUC-ROC=55.31%  AUC-PR=54.99%  F1=0.6327  MCC=0.1223  Train=0.271s  Test=5.539s  Peak RAM=38.236 MB
2026-03-18 09:37:52 | INFO | [ncluster=97/97] AUC-ROC=57.28%  AUC-PR=56.15%  F1=0.6473  MCC=0.1574  Train=0.859s  Test=5.101s  Peak RAM=38.235 MB
2026-03-18 09:37:52 | INFO | [ncluster=100/100] AUC-ROC=57.81%  AUC-PR=56.40%  F1=0.6567  MCC=0.1694  Train=0.320s  Test=4.776s  Peak RAM=38.242 MB
2026-03-18 09:37:52 | INFO | [ncluster=103/103] AUC-ROC=57.48%  AUC-PR=56.45%  F1=0.6504  MCC=0.1695  Train=0.351s  Test=4.216s  Peak RAM=38.237 MB
2026-03-18 09:37:52 | INFO | [ncluster=106/106] AUC-ROC=57.18%  AUC-PR=56.12%  F1=0.6505  MCC=0.1597  Train=0.290s  Test=4.228s  Peak RAM=38.237 MB
2026-03-18 09:37:52 | INFO | [ncluster=109/109] AUC-ROC=57.68%  AUC-PR=56.39%  F1=0.6491  MCC=0.1635  Train=0.270s  Test=4.461s  Peak RAM=38.238 MB
2026-03-18 09:37:52 | INFO | [ncluster=112/112] AUC-ROC=52.14%  AUC-PR=52.46%  F1=0.6518  MCC=0.0941  Train=0.335s  Test=3.711s  Peak RAM=38.239 MB
2026-03-18 09:37:52 | INFO | [ncluster=115/115] AUC-ROC=57.99%  AUC-PR=56.72%  F1=0.6518  MCC=0.1750  Train=0.239s  Test=5.010s  Peak RAM=38.241 MB
2026-03-18 09:37:52 | INFO | [ncluster=118/118] AUC-ROC=56.49%  AUC-PR=55.68%  F1=0.6523  MCC=0.1517  Train=0.360s  Test=3.528s  Peak RAM=38.241 MB
2026-03-18 09:37:52 | INFO | [ncluster=121/121] AUC-ROC=56.43%  AUC-PR=55.48%  F1=0.6491  MCC=0.1413  Train=0.461s  Test=5.791s  Peak RAM=38.24 MB
2026-03-18 09:37:52 | INFO | [ncluster=124/124] AUC-ROC=56.71%  AUC-PR=55.76%  F1=0.6504  MCC=0.1505  Train=0.214s  Test=4.955s  Peak RAM=38.241 MB
2026-03-18 09:37:52 | INFO | [ncluster=127/127] AUC-ROC=52.58%  AUC-PR=52.83%  F1=0.6436  MCC=0.0901  Train=0.374s  Test=6.823s  Peak RAM=38.242 MB
2026-03-18 09:37:52 | INFO | [ncluster=130/130] AUC-ROC=55.76%  AUC-PR=55.03%  F1=0.6331  MCC=0.1176  Train=0.235s  Test=5.750s  Peak RAM=38.245 MB
2026-03-18 09:37:52 | INFO | [ncluster=133/133] AUC-ROC=58.01%  AUC-PR=56.53%  F1=0.6615  MCC=0.1764  Train=0.474s  Test=5.847s  Peak RAM=38.241 MB
2026-03-18 09:37:52 | INFO | [ncluster=136/136] AUC-ROC=56.21%  AUC-PR=55.42%  F1=0.6362  MCC=0.1316  Train=0.603s  Test=5.697s  Peak RAM=38.243 MB
2026-03-18 09:37:52 | INFO | [ncluster=139/139] AUC-ROC=56.29%  AUC-PR=55.37%  F1=0.6443  MCC=0.1344  Train=0.594s  Test=4.722s  Peak RAM=38.245 MB
2026-03-18 09:37:52 | INFO | [ncluster=142/142] AUC-ROC=58.53%  AUC-PR=56.98%  F1=0.6679  MCC=0.1942  Train=0.199s  Test=4.184s  Peak RAM=38.244 MB
2026-03-18 09:37:52 | INFO | [ncluster=145/145] AUC-ROC=57.32%  AUC-PR=56.16%  F1=0.6472  MCC=0.1568  Train=0.356s  Test=4.596s  Peak RAM=38.246 MB
2026-03-18 09:37:52 | INFO | [ncluster=148/148] AUC-ROC=54.44%  AUC-PR=54.28%  F1=0.6301  MCC=0.0987  Train=0.428s  Test=3.811s  Peak RAM=38.245 MB
2026-03-18 09:37:52 | INFO | [ncluster=151/151] AUC-ROC=56.79%  AUC-PR=55.78%  F1=0.6460  MCC=0.1469  Train=0.353s  Test=3.686s  Peak RAM=38.247 MB
2026-03-18 09:37:52 | INFO | [ncluster=154/154] AUC-ROC=58.01%  AUC-PR=56.65%  F1=0.6591  MCC=0.1785  Train=0.271s  Test=2.963s  Peak RAM=38.247 MB
2026-03-18 09:37:52 | INFO | [ncluster=157/157] AUC-ROC=58.49%  AUC-PR=56.97%  F1=0.6663  MCC=0.1929  Train=0.187s  Test=3.466s  Peak RAM=38.247 MB
2026-03-18 09:37:52 | INFO | [ncluster=160/160] AUC-ROC=56.33%  AUC-PR=55.45%  F1=0.6489  MCC=0.1410  Train=0.387s  Test=3.899s  Peak RAM=38.248 MB
2026-03-18 09:37:52 | INFO | [ncluster=163/163] AUC-ROC=52.69%  AUC-PR=52.78%  F1=0.6538  MCC=0.1005  Train=0.357s  Test=4.323s  Peak RAM=38.248 MB
2026-03-18 09:37:52 | INFO | [ncluster=166/166] AUC-ROC=56.29%  AUC-PR=55.42%  F1=0.6410  MCC=0.1339  Train=0.442s  Test=2.964s  Peak RAM=38.249 MB
2026-03-18 09:37:52 | INFO | [ncluster=169/169] AUC-ROC=71.55%  AUC-PR=67.80%  F1=0.6810  MCC=0.3327  Train=0.373s  Test=3.473s  Peak RAM=38.25 MB
2026-03-18 09:37:52 | INFO | [ncluster=172/172] AUC-ROC=54.87%  AUC-PR=54.62%  F1=0.6183  MCC=0.1025  Train=0.256s  Test=3.754s  Peak RAM=38.249 MB
2026-03-18 09:37:52 | INFO | [ncluster=175/175] AUC-ROC=55.81%  AUC-PR=55.14%  F1=0.6401  MCC=0.1272  Train=0.202s  Test=3.707s  Peak RAM=38.25 MB
2026-03-18 09:37:52 | INFO | [ncluster=178/178] AUC-ROC=56.33%  AUC-PR=55.47%  F1=0.6401  MCC=0.1350  Train=0.352s  Test=3.977s  Peak RAM=38.251 MB
2026-03-18 09:37:52 | INFO | [ncluster=181/181] AUC-ROC=56.51%  AUC-PR=55.64%  F1=0.6519  MCC=0.1496  Train=0.295s  Test=4.315s  Peak RAM=38.252 MB
2026-03-18 09:37:52 | INFO | [ncluster=184/184] AUC-ROC=65.16%  AUC-PR=59.78%  F1=0.6744  MCC=0.2791  Train=0.356s  Test=4.371s  Peak RAM=38.252 MB
2026-03-18 09:37:52 | INFO | [ncluster=187/187] AUC-ROC=58.55%  AUC-PR=57.04%  F1=0.6641  MCC=0.1921  Train=0.372s  Test=4.157s  Peak RAM=38.251 MB
2026-03-18 09:37:52 | INFO | [ncluster=190/190] AUC-ROC=65.21%  AUC-PR=63.07%  F1=0.6118  MCC=0.2049  Train=0.258s  Test=3.115s  Peak RAM=38.252 MB
2026-03-18 09:37:52 | INFO | [ncluster=193/193] AUC-ROC=56.14%  AUC-PR=55.35%  F1=0.6537  MCC=0.1433  Train=0.238s  Test=4.256s  Peak RAM=38.255 MB
2026-03-18 09:37:52 | INFO | [ncluster=196/196] AUC-ROC=56.59%  AUC-PR=55.61%  F1=0.6575  MCC=0.1520  Train=0.533s  Test=4.502s  Peak RAM=38.253 MB
2026-03-18 09:37:52 | INFO | [ncluster=199/199] AUC-ROC=62.85%  AUC-PR=61.94%  F1=0.5942  MCC=0.2068  Train=0.369s  Test=3.551s  Peak RAM=38.254 MB
2026-03-18 09:37:52 | INFO | [ncluster=202/202] AUC-ROC=62.66%  AUC-PR=56.90%  F1=0.6912  MCC=0.2605  Train=0.528s  Test=3.731s  Peak RAM=38.255 MB
2026-03-18 09:37:52 | INFO | [ncluster=205/205] AUC-ROC=55.77%  AUC-PR=55.06%  F1=0.6435  MCC=0.1262  Train=0.500s  Test=3.825s  Peak RAM=38.255 MB
2026-03-18 09:37:52 | INFO | [ncluster=208/208] AUC-ROC=56.24%  AUC-PR=55.33%  F1=0.6447  MCC=0.1335  Train=0.259s  Test=4.386s  Peak RAM=38.257 MB
2026-03-18 09:37:52 | INFO | [ncluster=211/211] AUC-ROC=69.80%  AUC-PR=67.36%  F1=0.6835  MCC=0.3427  Train=0.398s  Test=3.427s  Peak RAM=38.257 MB
2026-03-18 09:37:52 | INFO | [ncluster=214/214] AUC-ROC=70.97%  AUC-PR=66.44%  F1=0.7077  MCC=0.3577  Train=0.249s  Test=3.256s  Peak RAM=38.257 MB
2026-03-18 09:37:52 | INFO | [ncluster=217/217] AUC-ROC=53.20%  AUC-PR=53.30%  F1=0.6435  MCC=0.0843  Train=0.324s  Test=4.225s  Peak RAM=38.257 MB
2026-03-18 09:37:52 | INFO | [ncluster=220/220] AUC-ROC=51.67%  AUC-PR=52.27%  F1=0.6491  MCC=0.0852  Train=0.241s  Test=3.986s  Peak RAM=38.258 MB
2026-03-18 09:37:52 | INFO | [ncluster=223/223] AUC-ROC=56.51%  AUC-PR=55.63%  F1=0.6436  MCC=0.1421  Train=0.291s  Test=4.045s  Peak RAM=38.257 MB
2026-03-18 09:37:52 | INFO | [ncluster=226/226] AUC-ROC=52.38%  AUC-PR=52.80%  F1=0.6548  MCC=0.0807  Train=0.361s  Test=4.430s  Peak RAM=38.26 MB
2026-03-18 09:37:52 | INFO | [ncluster=229/229] AUC-ROC=70.07%  AUC-PR=66.56%  F1=0.6830  MCC=0.3232  Train=0.385s  Test=4.377s  Peak RAM=38.259 MB
2026-03-18 09:37:52 | INFO | [ncluster=232/232] AUC-ROC=67.69%  AUC-PR=66.51%  F1=0.6607  MCC=0.3039  Train=0.600s  Test=3.731s  Peak RAM=38.26 MB
2026-03-18 09:37:52 | INFO | [ncluster=235/235] AUC-ROC=68.43%  AUC-PR=60.99%  F1=0.7242  MCC=0.3765  Train=0.212s  Test=3.201s  Peak RAM=38.26 MB
2026-03-18 09:37:52 | INFO | [ncluster=238/238] AUC-ROC=57.34%  AUC-PR=56.30%  F1=0.6466  MCC=0.1618  Train=0.378s  Test=3.599s  Peak RAM=38.263 MB
2026-03-18 09:37:52 | INFO | [ncluster=241/241] AUC-ROC=69.86%  AUC-PR=67.78%  F1=0.6363  MCC=0.2859  Train=0.288s  Test=4.304s  Peak RAM=38.262 MB
2026-03-18 09:37:52 | INFO | [ncluster=244/244] AUC-ROC=56.75%  AUC-PR=55.72%  F1=0.6599  MCC=0.1572  Train=0.384s  Test=3.984s  Peak RAM=38.262 MB
2026-03-18 09:37:52 | INFO | [ncluster=247/247] AUC-ROC=68.68%  AUC-PR=65.33%  F1=0.6845  MCC=0.2946  Train=0.295s  Test=3.682s  Peak RAM=38.263 MB
2026-03-18 09:37:52 | INFO | [ncluster=250/250] AUC-ROC=72.65%  AUC-PR=69.38%  F1=0.7103  MCC=0.3718  Train=0.381s  Test=4.564s  Peak RAM=38.263 MB
2026-03-18 09:37:52 | INFO | [ncluster=253/253] AUC-ROC=73.58%  AUC-PR=69.44%  F1=0.7228  MCC=0.4089  Train=0.562s  Test=3.803s  Peak RAM=38.263 MB
2026-03-18 09:37:52 | INFO | [ncluster=256/256] AUC-ROC=71.86%  AUC-PR=68.74%  F1=0.7183  MCC=0.3825  Train=0.214s  Test=3.740s  Peak RAM=38.265 MB
2026-03-18 09:37:52 | INFO | [ncluster=259/259] AUC-ROC=70.55%  AUC-PR=66.83%  F1=0.6746  MCC=0.3287  Train=0.388s  Test=3.272s  Peak RAM=38.265 MB
2026-03-18 09:37:52 | INFO | [ncluster=262/262] AUC-ROC=56.25%  AUC-PR=55.47%  F1=0.6553  MCC=0.1485  Train=0.356s  Test=3.353s  Peak RAM=38.265 MB
2026-03-18 09:37:52 | INFO | [ncluster=265/265] AUC-ROC=68.18%  AUC-PR=64.88%  F1=0.6881  MCC=0.3025  Train=0.268s  Test=3.381s  Peak RAM=38.266 MB
2026-03-18 09:37:52 | INFO | [ncluster=268/268] AUC-ROC=69.75%  AUC-PR=66.73%  F1=0.6795  MCC=0.3158  Train=0.343s  Test=3.905s  Peak RAM=38.267 MB
2026-03-18 09:37:52 | INFO | [ncluster=271/271] AUC-ROC=55.94%  AUC-PR=55.17%  F1=0.6381  MCC=0.1250  Train=0.193s  Test=2.707s  Peak RAM=38.266 MB
2026-03-18 09:37:52 | INFO | [ncluster=274/274] AUC-ROC=57.49%  AUC-PR=56.17%  F1=0.6711  MCC=0.1794  Train=0.338s  Test=3.331s  Peak RAM=38.267 MB
2026-03-18 09:37:52 | INFO | [ncluster=277/277] AUC-ROC=71.60%  AUC-PR=68.03%  F1=0.6819  MCC=0.3439  Train=0.215s  Test=3.416s  Peak RAM=38.269 MB
2026-03-18 09:37:52 | INFO | [ncluster=280/280] AUC-ROC=56.63%  AUC-PR=55.68%  F1=0.6557  MCC=0.1532  Train=0.387s  Test=2.970s  Peak RAM=38.269 MB
2026-03-18 09:37:52 | INFO | [ncluster=283/283] AUC-ROC=71.25%  AUC-PR=69.61%  F1=0.7015  MCC=0.3799  Train=0.193s  Test=2.253s  Peak RAM=38.269 MB
2026-03-18 09:37:52 | INFO | [ncluster=286/286] AUC-ROC=55.39%  AUC-PR=54.86%  F1=0.6329  MCC=0.1147  Train=0.145s  Test=2.022s  Peak RAM=38.271 MB
2026-03-18 09:37:52 | INFO | [ncluster=289/289] AUC-ROC=57.48%  AUC-PR=56.31%  F1=0.6536  MCC=0.1670  Train=0.136s  Test=2.153s  Peak RAM=38.271 MB
2026-03-18 09:37:52 | INFO | [ncluster=292/292] AUC-ROC=71.34%  AUC-PR=64.83%  F1=0.7107  MCC=0.3806  Train=0.133s  Test=1.963s  Peak RAM=38.27 MB
2026-03-18 09:37:52 | INFO | [ncluster=295/295] AUC-ROC=68.33%  AUC-PR=60.72%  F1=0.7242  MCC=0.3735  Train=0.133s  Test=1.892s  Peak RAM=38.272 MB
2026-03-18 09:37:52 | INFO | [ncluster=298/298] AUC-ROC=64.16%  AUC-PR=57.92%  F1=0.6718  MCC=0.2796  Train=0.119s  Test=1.879s  Peak RAM=38.271 MB
2026-03-18 09:37:52 | INFO | --- noise=5% ---
2026-03-18 09:37:52 | INFO | ============================================================
2026-03-18 09:37:52 | INFO | Dataset  : Train_QuantileTransformer_data_CICIoT2023.csv
2026-03-18 09:37:52 | INFO | Scaler   : QuantileTransformer
2026-03-18 09:37:52 | INFO | Noise    : 5%
2026-03-18 09:37:52 | INFO | nClusters: 100 values (1..298)
2026-03-18 09:37:52 | INFO | ============================================================
2026-03-18 09:37:52 | INFO | Loaded Raw Shape -> Train: (30000, 45), Test: (30000, 45)
2026-03-18 09:37:52 | INFO | Training size : 31,500  |  Testing size: 28,500  |  Features: 44
2026-03-18 09:37:52 | INFO | Firing up Parallel execution for 100 cluster configs...
2026-03-18 09:42:52 | INFO | [ncluster=1/1] AUC-ROC=52.11%  AUC-PR=53.80%  F1=0.6352  MCC=0.0581  Train=0.329s  Test=6.648s  Peak RAM=38.958 MB
2026-03-18 09:42:52 | INFO | [ncluster=4/4] AUC-ROC=52.94%  AUC-PR=54.40%  F1=0.6361  MCC=0.0693  Train=0.397s  Test=9.182s  Peak RAM=38.96 MB
2026-03-18 09:42:52 | INFO | [ncluster=7/7] AUC-ROC=53.17%  AUC-PR=54.57%  F1=0.6395  MCC=0.0733  Train=0.553s  Test=9.373s  Peak RAM=38.96 MB
2026-03-18 09:42:52 | INFO | [ncluster=10/10] AUC-ROC=52.35%  AUC-PR=53.90%  F1=0.6264  MCC=0.0740  Train=0.605s  Test=8.854s  Peak RAM=38.962 MB
2026-03-18 09:42:52 | INFO | [ncluster=13/13] AUC-ROC=52.01%  AUC-PR=53.72%  F1=0.6373  MCC=0.0623  Train=0.578s  Test=8.951s  Peak RAM=38.962 MB
2026-03-18 09:42:52 | INFO | [ncluster=16/16] AUC-ROC=53.36%  AUC-PR=54.71%  F1=0.6186  MCC=0.0723  Train=0.904s  Test=9.151s  Peak RAM=38.963 MB
2026-03-18 09:42:52 | INFO | [ncluster=19/19] AUC-ROC=50.91%  AUC-PR=52.94%  F1=0.6338  MCC=0.0565  Train=0.812s  Test=9.358s  Peak RAM=38.964 MB
2026-03-18 09:42:52 | INFO | [ncluster=22/22] AUC-ROC=52.99%  AUC-PR=54.48%  F1=0.5979  MCC=0.0595  Train=0.863s  Test=9.346s  Peak RAM=38.963 MB
2026-03-18 09:42:52 | INFO | [ncluster=25/25] AUC-ROC=51.21%  AUC-PR=53.14%  F1=0.6481  MCC=0.0612  Train=1.131s  Test=8.672s  Peak RAM=38.964 MB
2026-03-18 09:42:52 | INFO | [ncluster=28/28] AUC-ROC=51.58%  AUC-PR=53.36%  F1=0.6408  MCC=0.0717  Train=1.006s  Test=7.153s  Peak RAM=38.965 MB
2026-03-18 09:42:52 | INFO | [ncluster=31/31] AUC-ROC=50.77%  AUC-PR=52.74%  F1=0.6473  MCC=0.0636  Train=1.425s  Test=6.205s  Peak RAM=38.966 MB
2026-03-18 09:42:52 | INFO | [ncluster=34/34] AUC-ROC=50.93%  AUC-PR=52.95%  F1=0.6467  MCC=0.0538  Train=1.198s  Test=6.255s  Peak RAM=38.967 MB
2026-03-18 09:42:52 | INFO | [ncluster=37/37] AUC-ROC=52.16%  AUC-PR=53.86%  F1=0.6489  MCC=0.0612  Train=0.397s  Test=3.508s  Peak RAM=38.966 MB
2026-03-18 09:42:52 | INFO | [ncluster=40/40] AUC-ROC=51.44%  AUC-PR=53.36%  F1=0.6386  MCC=0.0514  Train=0.373s  Test=4.976s  Peak RAM=38.967 MB
2026-03-18 09:42:52 | INFO | [ncluster=43/43] AUC-ROC=51.43%  AUC-PR=53.35%  F1=0.6275  MCC=0.0458  Train=0.441s  Test=6.169s  Peak RAM=38.968 MB
2026-03-18 09:42:52 | INFO | [ncluster=46/46] AUC-ROC=51.81%  AUC-PR=53.50%  F1=0.6369  MCC=0.0672  Train=0.566s  Test=6.256s  Peak RAM=38.968 MB
2026-03-18 09:42:52 | INFO | [ncluster=49/49] AUC-ROC=50.79%  AUC-PR=52.68%  F1=0.6404  MCC=0.0696  Train=0.662s  Test=6.844s  Peak RAM=38.968 MB
2026-03-18 09:42:52 | INFO | [ncluster=52/52] AUC-ROC=52.63%  AUC-PR=54.16%  F1=0.6406  MCC=0.0657  Train=0.484s  Test=6.277s  Peak RAM=38.969 MB
2026-03-18 09:42:52 | INFO | [ncluster=55/55] AUC-ROC=49.73%  AUC-PR=51.96%  F1=0.6317  MCC=0.0599  Train=0.700s  Test=7.229s  Peak RAM=38.97 MB
2026-03-18 09:42:52 | INFO | [ncluster=58/58] AUC-ROC=55.02%  AUC-PR=55.93%  F1=0.6278  MCC=0.1134  Train=0.857s  Test=6.798s  Peak RAM=38.97 MB
2026-03-18 09:42:52 | INFO | [ncluster=61/61] AUC-ROC=53.22%  AUC-PR=54.54%  F1=0.6346  MCC=0.0724  Train=0.818s  Test=6.959s  Peak RAM=38.971 MB
2026-03-18 09:42:52 | INFO | [ncluster=64/64] AUC-ROC=54.55%  AUC-PR=55.53%  F1=0.6254  MCC=0.0998  Train=0.989s  Test=7.005s  Peak RAM=38.971 MB
2026-03-18 09:42:52 | INFO | [ncluster=67/67] AUC-ROC=52.10%  AUC-PR=53.72%  F1=0.6434  MCC=0.0738  Train=0.763s  Test=6.574s  Peak RAM=38.972 MB
2026-03-18 09:42:52 | INFO | [ncluster=70/70] AUC-ROC=51.39%  AUC-PR=53.26%  F1=0.6388  MCC=0.0578  Train=0.970s  Test=6.077s  Peak RAM=38.973 MB
2026-03-18 09:42:52 | INFO | [ncluster=73/73] AUC-ROC=53.68%  AUC-PR=54.93%  F1=0.6100  MCC=0.0757  Train=0.348s  Test=3.129s  Peak RAM=38.973 MB
2026-03-18 09:42:52 | INFO | [ncluster=76/76] AUC-ROC=54.76%  AUC-PR=55.72%  F1=0.6297  MCC=0.1081  Train=0.490s  Test=5.306s  Peak RAM=38.974 MB
2026-03-18 09:42:52 | INFO | [ncluster=79/79] AUC-ROC=54.19%  AUC-PR=55.23%  F1=0.6096  MCC=0.0829  Train=0.299s  Test=4.122s  Peak RAM=38.975 MB
2026-03-18 09:42:52 | INFO | [ncluster=82/82] AUC-ROC=53.86%  AUC-PR=55.11%  F1=0.6187  MCC=0.0859  Train=0.369s  Test=4.485s  Peak RAM=38.975 MB
2026-03-18 09:42:52 | INFO | [ncluster=85/85] AUC-ROC=53.62%  AUC-PR=54.95%  F1=0.6248  MCC=0.0837  Train=0.432s  Test=3.726s  Peak RAM=38.975 MB
2026-03-18 09:42:52 | INFO | [ncluster=88/88] AUC-ROC=56.01%  AUC-PR=56.60%  F1=0.6413  MCC=0.1384  Train=0.518s  Test=4.784s  Peak RAM=38.975 MB
2026-03-18 09:42:52 | INFO | [ncluster=91/91] AUC-ROC=55.02%  AUC-PR=55.89%  F1=0.6318  MCC=0.1137  Train=0.452s  Test=6.036s  Peak RAM=38.976 MB
2026-03-18 09:42:52 | INFO | [ncluster=94/94] AUC-ROC=56.19%  AUC-PR=56.70%  F1=0.6465  MCC=0.1439  Train=0.288s  Test=5.751s  Peak RAM=38.976 MB
2026-03-18 09:42:52 | INFO | [ncluster=97/97] AUC-ROC=53.93%  AUC-PR=55.08%  F1=0.6233  MCC=0.0853  Train=0.348s  Test=5.594s  Peak RAM=38.978 MB
2026-03-18 09:42:52 | INFO | [ncluster=100/100] AUC-ROC=54.64%  AUC-PR=55.66%  F1=0.6185  MCC=0.1015  Train=0.661s  Test=6.164s  Peak RAM=38.978 MB
2026-03-18 09:42:52 | INFO | [ncluster=103/103] AUC-ROC=52.20%  AUC-PR=53.80%  F1=0.6394  MCC=0.0703  Train=0.458s  Test=4.638s  Peak RAM=38.979 MB
2026-03-18 09:42:52 | INFO | [ncluster=106/106] AUC-ROC=53.38%  AUC-PR=54.68%  F1=0.6307  MCC=0.0780  Train=0.584s  Test=4.777s  Peak RAM=38.979 MB
2026-03-18 09:42:52 | INFO | [ncluster=109/109] AUC-ROC=54.68%  AUC-PR=55.63%  F1=0.6210  MCC=0.1003  Train=0.302s  Test=4.456s  Peak RAM=38.979 MB
2026-03-18 09:42:52 | INFO | [ncluster=112/112] AUC-ROC=55.72%  AUC-PR=56.31%  F1=0.6478  MCC=0.1336  Train=0.201s  Test=3.361s  Peak RAM=38.979 MB
2026-03-18 09:42:52 | INFO | [ncluster=115/115] AUC-ROC=53.92%  AUC-PR=55.00%  F1=0.6428  MCC=0.0910  Train=0.438s  Test=4.155s  Peak RAM=38.981 MB
2026-03-18 09:42:52 | INFO | [ncluster=118/118] AUC-ROC=52.69%  AUC-PR=54.27%  F1=0.6210  MCC=0.0591  Train=0.439s  Test=4.281s  Peak RAM=38.981 MB
2026-03-18 09:42:52 | INFO | [ncluster=121/121] AUC-ROC=65.10%  AUC-PR=60.37%  F1=0.6434  MCC=0.2462  Train=0.377s  Test=5.959s  Peak RAM=38.981 MB
2026-03-18 09:42:52 | INFO | [ncluster=124/124] AUC-ROC=54.91%  AUC-PR=55.86%  F1=0.6270  MCC=0.1113  Train=0.594s  Test=5.852s  Peak RAM=38.983 MB
2026-03-18 09:42:52 | INFO | [ncluster=127/127] AUC-ROC=50.25%  AUC-PR=52.11%  F1=0.6370  MCC=0.0863  Train=0.613s  Test=5.406s  Peak RAM=38.983 MB
2026-03-18 09:42:52 | INFO | [ncluster=130/130] AUC-ROC=54.43%  AUC-PR=55.35%  F1=0.6388  MCC=0.0992  Train=0.269s  Test=5.025s  Peak RAM=38.983 MB
2026-03-18 09:42:52 | INFO | [ncluster=133/133] AUC-ROC=68.66%  AUC-PR=64.25%  F1=0.6721  MCC=0.3343  Train=0.380s  Test=4.365s  Peak RAM=38.984 MB
2026-03-18 09:42:52 | INFO | [ncluster=136/136] AUC-ROC=50.21%  AUC-PR=52.18%  F1=0.6361  MCC=0.0788  Train=0.368s  Test=4.179s  Peak RAM=38.984 MB
2026-03-18 09:42:52 | INFO | [ncluster=139/139] AUC-ROC=54.85%  AUC-PR=55.71%  F1=0.6287  MCC=0.1057  Train=0.486s  Test=5.149s  Peak RAM=38.985 MB
2026-03-18 09:42:52 | INFO | [ncluster=142/142] AUC-ROC=50.91%  AUC-PR=52.86%  F1=0.6500  MCC=0.0758  Train=0.324s  Test=5.115s  Peak RAM=38.986 MB
2026-03-18 09:42:52 | INFO | [ncluster=145/145] AUC-ROC=62.65%  AUC-PR=61.45%  F1=0.6022  MCC=0.2208  Train=0.317s  Test=4.369s  Peak RAM=38.986 MB
2026-03-18 09:42:52 | INFO | [ncluster=148/148] AUC-ROC=53.07%  AUC-PR=54.49%  F1=0.6164  MCC=0.0639  Train=0.291s  Test=4.292s  Peak RAM=38.986 MB
2026-03-18 09:42:52 | INFO | [ncluster=151/151] AUC-ROC=50.39%  AUC-PR=52.48%  F1=0.6482  MCC=0.0657  Train=0.433s  Test=5.127s  Peak RAM=38.987 MB
2026-03-18 09:42:52 | INFO | [ncluster=154/154] AUC-ROC=54.49%  AUC-PR=55.47%  F1=0.6331  MCC=0.1013  Train=0.307s  Test=3.336s  Peak RAM=38.987 MB
2026-03-18 09:42:52 | INFO | [ncluster=157/157] AUC-ROC=56.02%  AUC-PR=56.53%  F1=0.6383  MCC=0.1326  Train=0.209s  Test=3.429s  Peak RAM=38.989 MB
2026-03-18 09:42:52 | INFO | [ncluster=160/160] AUC-ROC=54.19%  AUC-PR=55.26%  F1=0.6400  MCC=0.0988  Train=0.461s  Test=5.318s  Peak RAM=38.988 MB
2026-03-18 09:42:52 | INFO | [ncluster=163/163] AUC-ROC=50.97%  AUC-PR=52.84%  F1=0.6437  MCC=0.0760  Train=0.452s  Test=5.205s  Peak RAM=38.989 MB
2026-03-18 09:42:52 | INFO | [ncluster=166/166] AUC-ROC=54.85%  AUC-PR=55.72%  F1=0.6329  MCC=0.1086  Train=0.568s  Test=5.901s  Peak RAM=38.989 MB
2026-03-18 09:42:52 | INFO | [ncluster=169/169] AUC-ROC=60.49%  AUC-PR=55.99%  F1=0.6560  MCC=0.2097  Train=0.565s  Test=5.179s  Peak RAM=38.991 MB
2026-03-18 09:42:52 | INFO | [ncluster=172/172] AUC-ROC=55.06%  AUC-PR=55.87%  F1=0.6398  MCC=0.1165  Train=0.493s  Test=4.419s  Peak RAM=38.991 MB
2026-03-18 09:42:52 | INFO | [ncluster=175/175] AUC-ROC=67.66%  AUC-PR=64.79%  F1=0.6858  MCC=0.3131  Train=0.200s  Test=4.038s  Peak RAM=38.991 MB
2026-03-18 09:42:52 | INFO | [ncluster=178/178] AUC-ROC=60.08%  AUC-PR=59.16%  F1=0.6203  MCC=0.1659  Train=0.490s  Test=3.930s  Peak RAM=38.992 MB
2026-03-18 09:42:52 | INFO | [ncluster=181/181] AUC-ROC=56.35%  AUC-PR=56.82%  F1=0.6448  MCC=0.1457  Train=0.379s  Test=4.561s  Peak RAM=38.991 MB
2026-03-18 09:42:52 | INFO | [ncluster=184/184] AUC-ROC=63.64%  AUC-PR=60.74%  F1=0.6465  MCC=0.2442  Train=0.355s  Test=4.186s  Peak RAM=38.993 MB
2026-03-18 09:42:52 | INFO | [ncluster=187/187] AUC-ROC=51.81%  AUC-PR=53.56%  F1=0.6388  MCC=0.0646  Train=0.446s  Test=3.727s  Peak RAM=38.994 MB
2026-03-18 09:42:52 | INFO | [ncluster=190/190] AUC-ROC=54.46%  AUC-PR=55.39%  F1=0.6410  MCC=0.1020  Train=0.377s  Test=3.611s  Peak RAM=38.993 MB
2026-03-18 09:42:52 | INFO | [ncluster=193/193] AUC-ROC=72.64%  AUC-PR=68.49%  F1=0.7288  MCC=0.4079  Train=0.308s  Test=3.902s  Peak RAM=38.995 MB
2026-03-18 09:42:52 | INFO | [ncluster=196/196] AUC-ROC=55.65%  AUC-PR=56.18%  F1=0.6547  MCC=0.1334  Train=0.254s  Test=4.369s  Peak RAM=38.995 MB
2026-03-18 09:42:52 | INFO | [ncluster=199/199] AUC-ROC=66.78%  AUC-PR=63.88%  F1=0.6570  MCC=0.3003  Train=0.529s  Test=4.811s  Peak RAM=38.996 MB
2026-03-18 09:42:52 | INFO | [ncluster=202/202] AUC-ROC=55.39%  AUC-PR=56.02%  F1=0.6472  MCC=0.1238  Train=0.399s  Test=3.199s  Peak RAM=38.996 MB
2026-03-18 09:42:52 | INFO | [ncluster=205/205] AUC-ROC=72.79%  AUC-PR=69.86%  F1=0.7029  MCC=0.3744  Train=0.481s  Test=4.972s  Peak RAM=38.997 MB
2026-03-18 09:42:52 | INFO | [ncluster=208/208] AUC-ROC=54.25%  AUC-PR=55.27%  F1=0.6392  MCC=0.0985  Train=0.588s  Test=4.799s  Peak RAM=38.998 MB
2026-03-18 09:42:52 | INFO | [ncluster=211/211] AUC-ROC=67.28%  AUC-PR=63.00%  F1=0.7129  MCC=0.3182  Train=0.239s  Test=4.832s  Peak RAM=38.998 MB
2026-03-18 09:42:52 | INFO | [ncluster=214/214] AUC-ROC=65.75%  AUC-PR=64.05%  F1=0.6415  MCC=0.2639  Train=0.513s  Test=4.830s  Peak RAM=39.003 MB
2026-03-18 09:42:52 | INFO | [ncluster=217/217] AUC-ROC=68.26%  AUC-PR=65.53%  F1=0.6827  MCC=0.3161  Train=0.345s  Test=4.561s  Peak RAM=38.999 MB
2026-03-18 09:42:52 | INFO | [ncluster=220/220] AUC-ROC=66.02%  AUC-PR=63.36%  F1=0.6421  MCC=0.2904  Train=0.329s  Test=4.705s  Peak RAM=38.999 MB
2026-03-18 09:42:52 | INFO | [ncluster=223/223] AUC-ROC=69.50%  AUC-PR=65.98%  F1=0.6985  MCC=0.3228  Train=0.325s  Test=4.043s  Peak RAM=39.0 MB
2026-03-18 09:42:52 | INFO | [ncluster=226/226] AUC-ROC=64.35%  AUC-PR=61.31%  F1=0.6639  MCC=0.2400  Train=0.338s  Test=4.260s  Peak RAM=39.0 MB
2026-03-18 09:42:52 | INFO | [ncluster=229/229] AUC-ROC=66.12%  AUC-PR=63.80%  F1=0.6473  MCC=0.2808  Train=0.206s  Test=3.180s  Peak RAM=39.001 MB
2026-03-18 09:42:52 | INFO | [ncluster=232/232] AUC-ROC=70.38%  AUC-PR=65.44%  F1=0.7094  MCC=0.3514  Train=0.471s  Test=3.594s  Peak RAM=39.001 MB
2026-03-18 09:42:52 | INFO | [ncluster=235/235] AUC-ROC=70.20%  AUC-PR=67.37%  F1=0.6751  MCC=0.3227  Train=0.348s  Test=3.518s  Peak RAM=39.003 MB
2026-03-18 09:42:52 | INFO | [ncluster=238/238] AUC-ROC=69.67%  AUC-PR=67.36%  F1=0.6650  MCC=0.3115  Train=0.402s  Test=4.799s  Peak RAM=39.003 MB
2026-03-18 09:42:52 | INFO | [ncluster=241/241] AUC-ROC=66.70%  AUC-PR=61.84%  F1=0.6744  MCC=0.2784  Train=0.369s  Test=4.062s  Peak RAM=39.003 MB
2026-03-18 09:42:52 | INFO | [ncluster=244/244] AUC-ROC=62.60%  AUC-PR=59.35%  F1=0.6596  MCC=0.2459  Train=0.283s  Test=4.055s  Peak RAM=39.004 MB
2026-03-18 09:42:52 | INFO | [ncluster=247/247] AUC-ROC=55.45%  AUC-PR=56.11%  F1=0.6431  MCC=0.1248  Train=0.419s  Test=4.626s  Peak RAM=39.005 MB
2026-03-18 09:42:52 | INFO | [ncluster=250/250] AUC-ROC=62.76%  AUC-PR=60.63%  F1=0.6381  MCC=0.2524  Train=0.668s  Test=4.812s  Peak RAM=39.005 MB
2026-03-18 09:42:52 | INFO | [ncluster=253/253] AUC-ROC=54.79%  AUC-PR=55.65%  F1=0.6384  MCC=0.1090  Train=0.560s  Test=4.985s  Peak RAM=39.007 MB
2026-03-18 09:42:52 | INFO | [ncluster=256/256] AUC-ROC=58.33%  AUC-PR=53.22%  F1=0.6634  MCC=0.2451  Train=0.470s  Test=5.255s  Peak RAM=39.006 MB
2026-03-18 09:42:52 | INFO | [ncluster=259/259] AUC-ROC=65.28%  AUC-PR=60.72%  F1=0.6640  MCC=0.2748  Train=0.239s  Test=3.521s  Peak RAM=39.009 MB
2026-03-18 09:42:52 | INFO | [ncluster=262/262] AUC-ROC=68.46%  AUC-PR=64.69%  F1=0.6819  MCC=0.3032  Train=0.318s  Test=4.773s  Peak RAM=39.009 MB
2026-03-18 09:42:52 | INFO | [ncluster=265/265] AUC-ROC=75.07%  AUC-PR=70.01%  F1=0.7586  MCC=0.4535  Train=0.432s  Test=4.230s  Peak RAM=39.01 MB
2026-03-18 09:42:52 | INFO | [ncluster=268/268] AUC-ROC=72.42%  AUC-PR=68.31%  F1=0.7080  MCC=0.3818  Train=0.267s  Test=4.148s  Peak RAM=39.008 MB
2026-03-18 09:42:52 | INFO | [ncluster=271/271] AUC-ROC=67.28%  AUC-PR=65.83%  F1=0.6674  MCC=0.2895  Train=0.295s  Test=3.215s  Peak RAM=39.009 MB
2026-03-18 09:42:52 | INFO | [ncluster=274/274] AUC-ROC=63.36%  AUC-PR=61.70%  F1=0.6033  MCC=0.2320  Train=0.295s  Test=3.797s  Peak RAM=39.009 MB
2026-03-18 09:42:52 | INFO | [ncluster=277/277] AUC-ROC=71.74%  AUC-PR=67.83%  F1=0.7338  MCC=0.3873  Train=0.270s  Test=3.068s  Peak RAM=39.009 MB
2026-03-18 09:42:52 | INFO | [ncluster=280/280] AUC-ROC=54.28%  AUC-PR=55.31%  F1=0.6332  MCC=0.0964  Train=0.220s  Test=3.326s  Peak RAM=39.011 MB
2026-03-18 09:42:52 | INFO | [ncluster=283/283] AUC-ROC=66.03%  AUC-PR=60.50%  F1=0.7128  MCC=0.3231  Train=0.185s  Test=3.293s  Peak RAM=39.011 MB
2026-03-18 09:42:52 | INFO | [ncluster=286/286] AUC-ROC=68.32%  AUC-PR=67.70%  F1=0.6616  MCC=0.3110  Train=0.320s  Test=2.545s  Peak RAM=39.011 MB
2026-03-18 09:42:52 | INFO | [ncluster=289/289] AUC-ROC=63.46%  AUC-PR=57.49%  F1=0.6637  MCC=0.2638  Train=0.147s  Test=3.043s  Peak RAM=39.012 MB
2026-03-18 09:42:52 | INFO | [ncluster=292/292] AUC-ROC=68.60%  AUC-PR=65.29%  F1=0.6934  MCC=0.3240  Train=0.328s  Test=3.037s  Peak RAM=39.012 MB
2026-03-18 09:42:52 | INFO | [ncluster=295/295] AUC-ROC=71.66%  AUC-PR=70.22%  F1=0.7106  MCC=0.3993  Train=0.112s  Test=1.687s  Peak RAM=39.015 MB
2026-03-18 09:42:52 | INFO | [ncluster=298/298] AUC-ROC=60.37%  AUC-PR=54.02%  F1=0.6911  MCC=0.2716  Train=0.364s  Test=2.996s  Peak RAM=39.013 MB
2026-03-18 09:42:52 | INFO | 
>>> Processing data_CICIoT2023 | scaler=RobustScaler
2026-03-18 09:42:52 | INFO | --- noise=0% ---
2026-03-18 09:42:52 | INFO | ============================================================
2026-03-18 09:42:52 | INFO | Dataset  : Train_RobustScaler_data_CICIoT2023.csv
2026-03-18 09:42:52 | INFO | Scaler   : RobustScaler
2026-03-18 09:42:52 | INFO | Noise    : 0%
2026-03-18 09:42:52 | INFO | nClusters: 100 values (1..298)
2026-03-18 09:42:52 | INFO | ============================================================
2026-03-18 09:42:53 | INFO | Loaded Raw Shape -> Train: (30000, 45), Test: (30000, 45)
2026-03-18 09:42:53 | INFO | Training size : 30,000  |  Testing size: 30,000  |  Features: 44
2026-03-18 09:42:53 | INFO | Firing up Parallel execution for 100 cluster configs...
2026-03-18 09:46:50 | INFO | [ncluster=1/1] AUC-ROC=86.16%  AUC-PR=78.45%  F1=0.8584  MCC=0.7045  Train=0.352s  Test=6.614s  Peak RAM=37.104 MB
2026-03-18 09:46:50 | INFO | [ncluster=4/4] AUC-ROC=85.97%  AUC-PR=78.21%  F1=0.8561  MCC=0.6989  Train=0.582s  Test=5.811s  Peak RAM=37.108 MB
2026-03-18 09:46:50 | INFO | [ncluster=7/7] AUC-ROC=50.00%  AUC-PR=50.00%  F1=0.0000  MCC=0.0000  Train=0.365s  Test=6.442s  Peak RAM=37.106 MB
2026-03-18 09:46:50 | INFO | [ncluster=10/10] AUC-ROC=50.00%  AUC-PR=50.00%  F1=0.0000  MCC=0.0000  Train=0.783s  Test=8.101s  Peak RAM=37.107 MB
2026-03-18 09:46:50 | INFO | [ncluster=13/13] AUC-ROC=50.00%  AUC-PR=50.00%  F1=0.0000  MCC=0.0000  Train=0.485s  Test=7.012s  Peak RAM=37.109 MB
2026-03-18 09:46:50 | INFO | [ncluster=16/16] AUC-ROC=50.00%  AUC-PR=50.00%  F1=0.0000  MCC=0.0000  Train=0.752s  Test=7.614s  Peak RAM=37.113 MB
2026-03-18 09:46:50 | INFO | [ncluster=19/19] AUC-ROC=50.00%  AUC-PR=50.00%  F1=0.0000  MCC=0.0000  Train=0.684s  Test=8.788s  Peak RAM=37.11 MB
2026-03-18 09:46:50 | INFO | [ncluster=22/22] AUC-ROC=50.00%  AUC-PR=50.00%  F1=0.0000  MCC=0.0000  Train=0.930s  Test=6.722s  Peak RAM=37.111 MB
2026-03-18 09:46:50 | INFO | [ncluster=25/25] AUC-ROC=50.00%  AUC-PR=50.00%  F1=0.0000  MCC=0.0000  Train=0.741s  Test=7.116s  Peak RAM=37.11 MB
2026-03-18 09:46:50 | INFO | [ncluster=28/28] AUC-ROC=50.00%  AUC-PR=50.00%  F1=0.0000  MCC=0.0000  Train=1.124s  Test=7.392s  Peak RAM=37.111 MB
2026-03-18 09:46:50 | INFO | [ncluster=31/31] AUC-ROC=50.00%  AUC-PR=50.00%  F1=0.0000  MCC=0.0000  Train=0.622s  Test=5.845s  Peak RAM=37.112 MB
2026-03-18 09:46:50 | INFO | [ncluster=34/34] AUC-ROC=50.00%  AUC-PR=50.00%  F1=0.0000  MCC=0.0000  Train=1.010s  Test=5.859s  Peak RAM=37.112 MB
2026-03-18 09:46:50 | INFO | [ncluster=37/37] AUC-ROC=50.00%  AUC-PR=50.00%  F1=0.0000  MCC=0.0000  Train=0.219s  Test=3.951s  Peak RAM=37.113 MB
2026-03-18 09:46:50 | INFO | [ncluster=40/40] AUC-ROC=50.00%  AUC-PR=50.00%  F1=0.0000  MCC=0.0000  Train=0.260s  Test=4.306s  Peak RAM=37.114 MB
2026-03-18 09:46:50 | INFO | [ncluster=43/43] AUC-ROC=50.00%  AUC-PR=50.00%  F1=0.0000  MCC=0.0000  Train=0.426s  Test=4.891s  Peak RAM=37.115 MB
2026-03-18 09:46:50 | INFO | [ncluster=46/46] AUC-ROC=50.00%  AUC-PR=50.00%  F1=0.0000  MCC=0.0000  Train=0.266s  Test=4.297s  Peak RAM=37.115 MB
2026-03-18 09:46:50 | INFO | [ncluster=49/49] AUC-ROC=50.00%  AUC-PR=50.00%  F1=0.0000  MCC=0.0000  Train=0.486s  Test=5.324s  Peak RAM=37.115 MB
2026-03-18 09:46:50 | INFO | [ncluster=52/52] AUC-ROC=50.00%  AUC-PR=50.00%  F1=0.0000  MCC=0.0000  Train=0.391s  Test=4.833s  Peak RAM=37.116 MB
2026-03-18 09:46:50 | INFO | [ncluster=55/55] AUC-ROC=50.00%  AUC-PR=50.00%  F1=0.0000  MCC=0.0000  Train=0.484s  Test=4.538s  Peak RAM=37.116 MB
2026-03-18 09:46:50 | INFO | [ncluster=58/58] AUC-ROC=50.00%  AUC-PR=50.00%  F1=0.0000  MCC=0.0000  Train=0.540s  Test=3.929s  Peak RAM=37.119 MB
2026-03-18 09:46:50 | INFO | [ncluster=61/61] AUC-ROC=50.00%  AUC-PR=50.00%  F1=0.0000  MCC=0.0000  Train=0.528s  Test=4.054s  Peak RAM=37.118 MB
2026-03-18 09:46:50 | INFO | [ncluster=64/64] AUC-ROC=50.00%  AUC-PR=50.00%  F1=0.0000  MCC=0.0000  Train=0.463s  Test=4.323s  Peak RAM=37.118 MB
2026-03-18 09:46:50 | INFO | [ncluster=67/67] AUC-ROC=50.00%  AUC-PR=50.00%  F1=0.0000  MCC=0.0000  Train=0.647s  Test=4.584s  Peak RAM=37.117 MB
2026-03-18 09:46:50 | INFO | [ncluster=70/70] AUC-ROC=50.00%  AUC-PR=50.00%  F1=0.0000  MCC=0.0000  Train=0.348s  Test=3.616s  Peak RAM=37.118 MB
2026-03-18 09:46:50 | INFO | [ncluster=73/73] AUC-ROC=50.00%  AUC-PR=50.00%  F1=0.0000  MCC=0.0000  Train=0.224s  Test=2.946s  Peak RAM=37.119 MB
2026-03-18 09:46:50 | INFO | [ncluster=76/76] AUC-ROC=50.00%  AUC-PR=50.00%  F1=0.0000  MCC=0.0000  Train=0.443s  Test=4.064s  Peak RAM=37.119 MB
2026-03-18 09:46:50 | INFO | [ncluster=79/79] AUC-ROC=50.00%  AUC-PR=50.00%  F1=0.0000  MCC=0.0000  Train=0.366s  Test=2.907s  Peak RAM=37.12 MB
2026-03-18 09:46:50 | INFO | [ncluster=82/82] AUC-ROC=50.00%  AUC-PR=50.00%  F1=0.0000  MCC=0.0000  Train=0.233s  Test=4.098s  Peak RAM=37.123 MB
2026-03-18 09:46:50 | INFO | [ncluster=85/85] AUC-ROC=50.00%  AUC-PR=50.00%  F1=0.0000  MCC=0.0000  Train=0.273s  Test=3.369s  Peak RAM=37.122 MB
2026-03-18 09:46:50 | INFO | [ncluster=88/88] AUC-ROC=50.00%  AUC-PR=50.00%  F1=0.0000  MCC=0.0000  Train=0.431s  Test=3.543s  Peak RAM=37.122 MB
2026-03-18 09:46:50 | INFO | [ncluster=91/91] AUC-ROC=50.00%  AUC-PR=50.00%  F1=0.0000  MCC=0.0000  Train=0.283s  Test=4.940s  Peak RAM=37.124 MB
2026-03-18 09:46:50 | INFO | [ncluster=94/94] AUC-ROC=50.00%  AUC-PR=50.00%  F1=0.0000  MCC=0.0000  Train=0.396s  Test=3.687s  Peak RAM=37.123 MB
2026-03-18 09:46:50 | INFO | [ncluster=97/97] AUC-ROC=50.00%  AUC-PR=50.00%  F1=0.0000  MCC=0.0000  Train=0.369s  Test=3.693s  Peak RAM=37.123 MB
2026-03-18 09:46:50 | INFO | [ncluster=100/100] AUC-ROC=50.00%  AUC-PR=50.00%  F1=0.0000  MCC=0.0000  Train=0.179s  Test=3.961s  Peak RAM=37.124 MB
2026-03-18 09:46:50 | INFO | [ncluster=103/103] AUC-ROC=50.00%  AUC-PR=50.00%  F1=0.0000  MCC=0.0000  Train=0.435s  Test=4.361s  Peak RAM=37.125 MB
2026-03-18 09:46:50 | INFO | [ncluster=106/106] AUC-ROC=50.00%  AUC-PR=50.00%  F1=0.0000  MCC=0.0000  Train=0.443s  Test=4.992s  Peak RAM=37.124 MB
2026-03-18 09:46:50 | INFO | [ncluster=109/109] AUC-ROC=50.00%  AUC-PR=50.00%  F1=0.0000  MCC=0.0000  Train=0.430s  Test=4.506s  Peak RAM=37.126 MB
2026-03-18 09:46:50 | INFO | [ncluster=112/112] AUC-ROC=50.00%  AUC-PR=50.00%  F1=0.0000  MCC=0.0000  Train=0.354s  Test=3.038s  Peak RAM=37.128 MB
2026-03-18 09:46:50 | INFO | [ncluster=115/115] AUC-ROC=50.00%  AUC-PR=50.00%  F1=0.0000  MCC=0.0000  Train=0.165s  Test=2.778s  Peak RAM=37.126 MB
2026-03-18 09:46:50 | INFO | [ncluster=118/118] AUC-ROC=50.00%  AUC-PR=50.00%  F1=0.0000  MCC=0.0000  Train=0.228s  Test=3.434s  Peak RAM=37.127 MB
2026-03-18 09:46:50 | INFO | [ncluster=121/121] AUC-ROC=50.00%  AUC-PR=50.00%  F1=0.0000  MCC=0.0000  Train=0.365s  Test=3.592s  Peak RAM=37.128 MB
2026-03-18 09:46:50 | INFO | [ncluster=124/124] AUC-ROC=50.00%  AUC-PR=50.00%  F1=0.0000  MCC=0.0000  Train=0.325s  Test=3.474s  Peak RAM=37.127 MB
2026-03-18 09:46:50 | INFO | [ncluster=127/127] AUC-ROC=50.00%  AUC-PR=50.00%  F1=0.0000  MCC=0.0000  Train=0.206s  Test=3.592s  Peak RAM=37.129 MB
2026-03-18 09:46:50 | INFO | [ncluster=130/130] AUC-ROC=50.00%  AUC-PR=50.00%  F1=0.0000  MCC=0.0000  Train=0.301s  Test=3.267s  Peak RAM=37.13 MB
2026-03-18 09:46:50 | INFO | [ncluster=133/133] AUC-ROC=50.00%  AUC-PR=50.00%  F1=0.0000  MCC=0.0000  Train=0.216s  Test=2.868s  Peak RAM=37.131 MB
2026-03-18 09:46:50 | INFO | [ncluster=136/136] AUC-ROC=50.00%  AUC-PR=50.00%  F1=0.0000  MCC=0.0000  Train=0.301s  Test=3.266s  Peak RAM=37.13 MB
2026-03-18 09:46:50 | INFO | [ncluster=139/139] AUC-ROC=50.00%  AUC-PR=50.00%  F1=0.0000  MCC=0.0000  Train=0.460s  Test=3.692s  Peak RAM=37.131 MB
2026-03-18 09:46:50 | INFO | [ncluster=142/142] AUC-ROC=50.00%  AUC-PR=50.00%  F1=0.0000  MCC=0.0000  Train=0.428s  Test=3.682s  Peak RAM=37.133 MB
2026-03-18 09:46:50 | INFO | [ncluster=145/145] AUC-ROC=50.00%  AUC-PR=50.00%  F1=0.0000  MCC=0.0000  Train=0.308s  Test=3.448s  Peak RAM=37.132 MB
2026-03-18 09:46:50 | INFO | [ncluster=148/148] AUC-ROC=50.00%  AUC-PR=50.00%  F1=0.0000  MCC=0.0000  Train=0.378s  Test=2.844s  Peak RAM=37.133 MB
2026-03-18 09:46:50 | INFO | [ncluster=151/151] AUC-ROC=50.00%  AUC-PR=50.00%  F1=0.0000  MCC=0.0000  Train=0.220s  Test=2.887s  Peak RAM=37.133 MB
2026-03-18 09:46:50 | INFO | [ncluster=154/154] AUC-ROC=50.00%  AUC-PR=50.00%  F1=0.0000  MCC=0.0000  Train=0.299s  Test=3.380s  Peak RAM=37.134 MB
2026-03-18 09:46:50 | INFO | [ncluster=157/157] AUC-ROC=50.00%  AUC-PR=50.00%  F1=0.0000  MCC=0.0000  Train=0.456s  Test=3.290s  Peak RAM=37.135 MB
2026-03-18 09:46:50 | INFO | [ncluster=160/160] AUC-ROC=50.00%  AUC-PR=50.00%  F1=0.0000  MCC=0.0000  Train=0.326s  Test=3.527s  Peak RAM=37.135 MB
2026-03-18 09:46:50 | INFO | [ncluster=163/163] AUC-ROC=50.00%  AUC-PR=50.00%  F1=0.0000  MCC=0.0000  Train=0.251s  Test=3.216s  Peak RAM=37.136 MB
2026-03-18 09:46:50 | INFO | [ncluster=166/166] AUC-ROC=50.00%  AUC-PR=50.00%  F1=0.0000  MCC=0.0000  Train=0.268s  Test=3.178s  Peak RAM=37.136 MB
2026-03-18 09:46:50 | INFO | [ncluster=169/169] AUC-ROC=50.00%  AUC-PR=50.00%  F1=0.0000  MCC=0.0000  Train=0.183s  Test=3.301s  Peak RAM=37.136 MB
2026-03-18 09:46:50 | INFO | [ncluster=172/172] AUC-ROC=50.00%  AUC-PR=50.00%  F1=0.0000  MCC=0.0000  Train=0.382s  Test=3.432s  Peak RAM=37.137 MB
2026-03-18 09:46:50 | INFO | [ncluster=175/175] AUC-ROC=50.00%  AUC-PR=50.00%  F1=0.0000  MCC=0.0000  Train=0.214s  Test=3.440s  Peak RAM=37.137 MB
2026-03-18 09:46:50 | INFO | [ncluster=178/178] AUC-ROC=50.00%  AUC-PR=50.00%  F1=0.0000  MCC=0.0000  Train=0.266s  Test=2.935s  Peak RAM=37.138 MB
2026-03-18 09:46:50 | INFO | [ncluster=181/181] AUC-ROC=50.00%  AUC-PR=50.00%  F1=0.0000  MCC=0.0000  Train=0.412s  Test=2.922s  Peak RAM=37.139 MB
2026-03-18 09:46:50 | INFO | [ncluster=184/184] AUC-ROC=50.00%  AUC-PR=50.00%  F1=0.0000  MCC=0.0000  Train=0.217s  Test=2.636s  Peak RAM=37.139 MB
2026-03-18 09:46:50 | INFO | [ncluster=187/187] AUC-ROC=50.00%  AUC-PR=50.00%  F1=0.0000  MCC=0.0000  Train=0.217s  Test=2.709s  Peak RAM=37.139 MB
2026-03-18 09:46:50 | INFO | [ncluster=190/190] AUC-ROC=50.00%  AUC-PR=50.00%  F1=0.0000  MCC=0.0000  Train=0.440s  Test=2.558s  Peak RAM=37.14 MB
2026-03-18 09:46:50 | INFO | [ncluster=193/193] AUC-ROC=50.00%  AUC-PR=50.00%  F1=0.0000  MCC=0.0000  Train=0.259s  Test=2.781s  Peak RAM=37.14 MB
2026-03-18 09:46:50 | INFO | [ncluster=196/196] AUC-ROC=50.00%  AUC-PR=50.00%  F1=0.0000  MCC=0.0000  Train=0.215s  Test=2.605s  Peak RAM=37.141 MB
2026-03-18 09:46:50 | INFO | [ncluster=199/199] AUC-ROC=50.00%  AUC-PR=50.00%  F1=0.0000  MCC=0.0000  Train=0.485s  Test=3.377s  Peak RAM=37.141 MB
2026-03-18 09:46:50 | INFO | [ncluster=202/202] AUC-ROC=50.00%  AUC-PR=50.00%  F1=0.0000  MCC=0.0000  Train=0.217s  Test=3.065s  Peak RAM=37.142 MB
2026-03-18 09:46:50 | INFO | [ncluster=205/205] AUC-ROC=50.00%  AUC-PR=50.00%  F1=0.0000  MCC=0.0000  Train=0.215s  Test=3.386s  Peak RAM=37.142 MB
2026-03-18 09:46:50 | INFO | [ncluster=208/208] AUC-ROC=50.00%  AUC-PR=50.00%  F1=0.0000  MCC=0.0000  Train=0.213s  Test=3.073s  Peak RAM=37.143 MB
2026-03-18 09:46:50 | INFO | [ncluster=211/211] AUC-ROC=50.00%  AUC-PR=50.00%  F1=0.0000  MCC=0.0000  Train=0.234s  Test=2.615s  Peak RAM=37.143 MB
2026-03-18 09:46:50 | INFO | [ncluster=214/214] AUC-ROC=50.00%  AUC-PR=50.00%  F1=0.0000  MCC=0.0000  Train=0.224s  Test=3.728s  Peak RAM=37.143 MB
2026-03-18 09:46:50 | INFO | [ncluster=217/217] AUC-ROC=50.00%  AUC-PR=50.00%  F1=0.0000  MCC=0.0000  Train=0.254s  Test=3.549s  Peak RAM=37.145 MB
2026-03-18 09:46:50 | INFO | [ncluster=220/220] AUC-ROC=50.00%  AUC-PR=50.00%  F1=0.0000  MCC=0.0000  Train=0.499s  Test=3.282s  Peak RAM=37.145 MB
2026-03-18 09:46:50 | INFO | [ncluster=223/223] AUC-ROC=50.00%  AUC-PR=50.00%  F1=0.0000  MCC=0.0000  Train=0.200s  Test=2.754s  Peak RAM=37.147 MB
2026-03-18 09:46:50 | INFO | [ncluster=226/226] AUC-ROC=50.00%  AUC-PR=50.00%  F1=0.0000  MCC=0.0000  Train=0.246s  Test=2.793s  Peak RAM=37.147 MB
2026-03-18 09:46:50 | INFO | [ncluster=229/229] AUC-ROC=50.00%  AUC-PR=50.00%  F1=0.0000  MCC=0.0000  Train=0.287s  Test=2.880s  Peak RAM=37.146 MB
2026-03-18 09:46:50 | INFO | [ncluster=232/232] AUC-ROC=50.00%  AUC-PR=50.00%  F1=0.0000  MCC=0.0000  Train=0.258s  Test=3.005s  Peak RAM=37.148 MB
2026-03-18 09:46:50 | INFO | [ncluster=235/235] AUC-ROC=50.00%  AUC-PR=50.00%  F1=0.0000  MCC=0.0000  Train=0.242s  Test=3.213s  Peak RAM=37.147 MB
2026-03-18 09:46:50 | INFO | [ncluster=238/238] AUC-ROC=50.00%  AUC-PR=50.00%  F1=0.0000  MCC=0.0000  Train=0.197s  Test=3.524s  Peak RAM=37.148 MB
2026-03-18 09:46:50 | INFO | [ncluster=241/241] AUC-ROC=50.00%  AUC-PR=50.00%  F1=0.0000  MCC=0.0000  Train=0.190s  Test=3.207s  Peak RAM=37.149 MB
2026-03-18 09:46:50 | INFO | [ncluster=244/244] AUC-ROC=50.00%  AUC-PR=50.00%  F1=0.0000  MCC=0.0000  Train=0.360s  Test=2.867s  Peak RAM=37.149 MB
2026-03-18 09:46:50 | INFO | [ncluster=247/247] AUC-ROC=50.00%  AUC-PR=50.00%  F1=0.0000  MCC=0.0000  Train=0.271s  Test=2.874s  Peak RAM=37.149 MB
2026-03-18 09:46:50 | INFO | [ncluster=250/250] AUC-ROC=50.00%  AUC-PR=50.00%  F1=0.0000  MCC=0.0000  Train=0.289s  Test=3.278s  Peak RAM=37.15 MB
2026-03-18 09:46:50 | INFO | [ncluster=253/253] AUC-ROC=50.00%  AUC-PR=50.00%  F1=0.0000  MCC=0.0000  Train=0.400s  Test=3.636s  Peak RAM=37.152 MB
2026-03-18 09:46:50 | INFO | [ncluster=256/256] AUC-ROC=50.00%  AUC-PR=50.00%  F1=0.0000  MCC=0.0000  Train=0.357s  Test=3.720s  Peak RAM=37.152 MB
2026-03-18 09:46:50 | INFO | [ncluster=259/259] AUC-ROC=50.00%  AUC-PR=50.00%  F1=0.0000  MCC=0.0000  Train=0.361s  Test=2.540s  Peak RAM=37.151 MB
2026-03-18 09:46:50 | INFO | [ncluster=262/262] AUC-ROC=50.00%  AUC-PR=50.00%  F1=0.0000  MCC=0.0000  Train=0.254s  Test=3.023s  Peak RAM=37.153 MB
2026-03-18 09:46:50 | INFO | [ncluster=265/265] AUC-ROC=50.00%  AUC-PR=50.00%  F1=0.0000  MCC=0.0000  Train=0.230s  Test=2.652s  Peak RAM=37.153 MB
2026-03-18 09:46:50 | INFO | [ncluster=268/268] AUC-ROC=50.00%  AUC-PR=50.00%  F1=0.0000  MCC=0.0000  Train=0.205s  Test=2.513s  Peak RAM=37.154 MB
2026-03-18 09:46:50 | INFO | [ncluster=271/271] AUC-ROC=50.00%  AUC-PR=50.00%  F1=0.0000  MCC=0.0000  Train=0.245s  Test=2.710s  Peak RAM=37.155 MB
2026-03-18 09:46:50 | INFO | [ncluster=274/274] AUC-ROC=50.00%  AUC-PR=50.00%  F1=0.0000  MCC=0.0000  Train=0.328s  Test=2.672s  Peak RAM=37.155 MB
2026-03-18 09:46:50 | INFO | [ncluster=277/277] AUC-ROC=50.00%  AUC-PR=50.00%  F1=0.0000  MCC=0.0000  Train=0.238s  Test=2.492s  Peak RAM=37.156 MB
2026-03-18 09:46:50 | INFO | [ncluster=280/280] AUC-ROC=50.00%  AUC-PR=50.00%  F1=0.0000  MCC=0.0000  Train=0.246s  Test=2.421s  Peak RAM=37.156 MB
2026-03-18 09:46:50 | INFO | [ncluster=283/283] AUC-ROC=50.00%  AUC-PR=50.00%  F1=0.0000  MCC=0.0000  Train=0.179s  Test=2.590s  Peak RAM=37.156 MB
2026-03-18 09:46:50 | INFO | [ncluster=286/286] AUC-ROC=50.00%  AUC-PR=50.00%  F1=0.0000  MCC=0.0000  Train=0.187s  Test=2.509s  Peak RAM=37.157 MB
2026-03-18 09:46:50 | INFO | [ncluster=289/289] AUC-ROC=50.00%  AUC-PR=50.00%  F1=0.0000  MCC=0.0000  Train=0.101s  Test=1.545s  Peak RAM=37.158 MB
2026-03-18 09:46:50 | INFO | [ncluster=292/292] AUC-ROC=50.00%  AUC-PR=50.00%  F1=0.0000  MCC=0.0000  Train=0.114s  Test=2.609s  Peak RAM=37.158 MB
2026-03-18 09:46:50 | INFO | [ncluster=295/295] AUC-ROC=50.00%  AUC-PR=50.00%  F1=0.0000  MCC=0.0000  Train=0.116s  Test=1.912s  Peak RAM=37.158 MB
2026-03-18 09:46:50 | INFO | [ncluster=298/298] AUC-ROC=50.00%  AUC-PR=50.00%  F1=0.0000  MCC=0.0000  Train=0.123s  Test=1.826s  Peak RAM=37.16 MB
2026-03-18 09:46:50 | INFO | --- noise=1% ---
2026-03-18 09:46:50 | INFO | ============================================================
2026-03-18 09:46:50 | INFO | Dataset  : Train_RobustScaler_data_CICIoT2023.csv
2026-03-18 09:46:50 | INFO | Scaler   : RobustScaler
2026-03-18 09:46:50 | INFO | Noise    : 1%
2026-03-18 09:46:50 | INFO | nClusters: 100 values (1..298)
2026-03-18 09:46:50 | INFO | ============================================================
2026-03-18 09:46:50 | INFO | Loaded Raw Shape -> Train: (30000, 45), Test: (30000, 45)
2026-03-18 09:46:50 | INFO | Training size : 30,300  |  Testing size: 29,700  |  Features: 44
2026-03-18 09:46:50 | INFO | Firing up Parallel execution for 100 cluster configs...
2026-03-18 09:50:47 | INFO | [ncluster=1/1] AUC-ROC=82.68%  AUC-PR=74.79%  F1=0.8386  MCC=0.6565  Train=0.467s  Test=6.886s  Peak RAM=37.474 MB
2026-03-18 09:50:47 | INFO | [ncluster=4/4] AUC-ROC=85.07%  AUC-PR=77.70%  F1=0.8432  MCC=0.6641  Train=0.538s  Test=8.028s  Peak RAM=37.477 MB
2026-03-18 09:50:47 | INFO | [ncluster=7/7] AUC-ROC=50.00%  AUC-PR=50.51%  F1=0.0000  MCC=0.0000  Train=0.320s  Test=6.888s  Peak RAM=37.477 MB
2026-03-18 09:50:47 | INFO | [ncluster=10/10] AUC-ROC=50.00%  AUC-PR=50.51%  F1=0.0000  MCC=0.0000  Train=0.824s  Test=7.637s  Peak RAM=37.478 MB
2026-03-18 09:50:47 | INFO | [ncluster=13/13] AUC-ROC=50.00%  AUC-PR=50.51%  F1=0.0000  MCC=0.0000  Train=0.594s  Test=6.929s  Peak RAM=37.479 MB
2026-03-18 09:50:47 | INFO | [ncluster=16/16] AUC-ROC=50.00%  AUC-PR=50.51%  F1=0.0000  MCC=0.0000  Train=0.805s  Test=8.182s  Peak RAM=37.479 MB
2026-03-18 09:50:47 | INFO | [ncluster=19/19] AUC-ROC=50.00%  AUC-PR=50.51%  F1=0.0000  MCC=0.0000  Train=0.891s  Test=8.332s  Peak RAM=37.48 MB
2026-03-18 09:50:47 | INFO | [ncluster=22/22] AUC-ROC=50.00%  AUC-PR=50.51%  F1=0.0000  MCC=0.0000  Train=1.148s  Test=8.129s  Peak RAM=37.48 MB
2026-03-18 09:50:47 | INFO | [ncluster=25/25] AUC-ROC=50.00%  AUC-PR=50.51%  F1=0.0000  MCC=0.0000  Train=1.320s  Test=7.450s  Peak RAM=37.481 MB
2026-03-18 09:50:47 | INFO | [ncluster=28/28] AUC-ROC=50.00%  AUC-PR=50.51%  F1=0.0000  MCC=0.0000  Train=1.258s  Test=6.008s  Peak RAM=37.481 MB
2026-03-18 09:50:47 | INFO | [ncluster=31/31] AUC-ROC=50.00%  AUC-PR=50.51%  F1=0.0000  MCC=0.0000  Train=1.066s  Test=5.039s  Peak RAM=37.484 MB
2026-03-18 09:50:47 | INFO | [ncluster=34/34] AUC-ROC=50.00%  AUC-PR=50.51%  F1=0.0000  MCC=0.0000  Train=1.162s  Test=7.401s  Peak RAM=37.483 MB
2026-03-18 09:50:47 | INFO | [ncluster=37/37] AUC-ROC=50.00%  AUC-PR=50.51%  F1=0.0000  MCC=0.0000  Train=0.188s  Test=4.619s  Peak RAM=37.483 MB
2026-03-18 09:50:47 | INFO | [ncluster=40/40] AUC-ROC=50.00%  AUC-PR=50.51%  F1=0.0000  MCC=0.0000  Train=0.412s  Test=4.518s  Peak RAM=37.484 MB
2026-03-18 09:50:47 | INFO | [ncluster=43/43] AUC-ROC=50.00%  AUC-PR=50.51%  F1=0.0000  MCC=0.0000  Train=0.740s  Test=4.673s  Peak RAM=37.484 MB
2026-03-18 09:50:47 | INFO | [ncluster=46/46] AUC-ROC=50.00%  AUC-PR=50.51%  F1=0.0000  MCC=0.0000  Train=0.428s  Test=5.518s  Peak RAM=37.485 MB
2026-03-18 09:50:47 | INFO | [ncluster=49/49] AUC-ROC=50.00%  AUC-PR=50.51%  F1=0.0000  MCC=0.0000  Train=0.753s  Test=4.258s  Peak RAM=37.485 MB
2026-03-18 09:50:47 | INFO | [ncluster=52/52] AUC-ROC=50.00%  AUC-PR=50.51%  F1=0.0000  MCC=0.0000  Train=0.672s  Test=4.181s  Peak RAM=37.486 MB
2026-03-18 09:50:47 | INFO | [ncluster=55/55] AUC-ROC=50.00%  AUC-PR=50.51%  F1=0.0000  MCC=0.0000  Train=0.445s  Test=5.305s  Peak RAM=37.486 MB
2026-03-18 09:50:47 | INFO | [ncluster=58/58] AUC-ROC=50.00%  AUC-PR=50.51%  F1=0.0000  MCC=0.0000  Train=0.476s  Test=4.177s  Peak RAM=37.488 MB
2026-03-18 09:50:47 | INFO | [ncluster=61/61] AUC-ROC=50.00%  AUC-PR=50.51%  F1=0.0000  MCC=0.0000  Train=0.353s  Test=5.366s  Peak RAM=37.488 MB
2026-03-18 09:50:47 | INFO | [ncluster=64/64] AUC-ROC=50.00%  AUC-PR=50.51%  F1=0.0000  MCC=0.0000  Train=0.901s  Test=5.110s  Peak RAM=37.488 MB
2026-03-18 09:50:47 | INFO | [ncluster=67/67] AUC-ROC=50.00%  AUC-PR=50.51%  F1=0.0000  MCC=0.0000  Train=0.836s  Test=4.132s  Peak RAM=37.488 MB
2026-03-18 09:50:47 | INFO | [ncluster=70/70] AUC-ROC=50.00%  AUC-PR=50.51%  F1=0.0000  MCC=0.0000  Train=0.826s  Test=4.048s  Peak RAM=37.489 MB
2026-03-18 09:50:47 | INFO | [ncluster=73/73] AUC-ROC=50.00%  AUC-PR=50.51%  F1=0.0000  MCC=0.0000  Train=0.198s  Test=4.263s  Peak RAM=37.489 MB
2026-03-18 09:50:47 | INFO | [ncluster=76/76] AUC-ROC=50.00%  AUC-PR=50.51%  F1=0.0000  MCC=0.0000  Train=0.184s  Test=3.553s  Peak RAM=37.491 MB
2026-03-18 09:50:47 | INFO | [ncluster=79/79] AUC-ROC=50.00%  AUC-PR=50.51%  F1=0.0000  MCC=0.0000  Train=0.691s  Test=4.484s  Peak RAM=37.491 MB
2026-03-18 09:50:47 | INFO | [ncluster=82/82] AUC-ROC=50.00%  AUC-PR=50.51%  F1=0.0000  MCC=0.0000  Train=0.401s  Test=5.024s  Peak RAM=37.491 MB
2026-03-18 09:50:47 | INFO | [ncluster=85/85] AUC-ROC=50.00%  AUC-PR=50.51%  F1=0.0000  MCC=0.0000  Train=0.550s  Test=4.508s  Peak RAM=37.491 MB
2026-03-18 09:50:47 | INFO | [ncluster=88/88] AUC-ROC=50.00%  AUC-PR=50.51%  F1=0.0000  MCC=0.0000  Train=0.717s  Test=5.116s  Peak RAM=37.492 MB
2026-03-18 09:50:47 | INFO | [ncluster=91/91] AUC-ROC=50.00%  AUC-PR=50.51%  F1=0.0000  MCC=0.0000  Train=0.345s  Test=3.227s  Peak RAM=37.493 MB
2026-03-18 09:50:47 | INFO | [ncluster=94/94] AUC-ROC=50.00%  AUC-PR=50.51%  F1=0.0000  MCC=0.0000  Train=0.282s  Test=3.084s  Peak RAM=37.493 MB
2026-03-18 09:50:47 | INFO | [ncluster=97/97] AUC-ROC=50.00%  AUC-PR=50.51%  F1=0.0000  MCC=0.0000  Train=0.284s  Test=3.664s  Peak RAM=37.495 MB
2026-03-18 09:50:47 | INFO | [ncluster=100/100] AUC-ROC=50.00%  AUC-PR=50.51%  F1=0.0000  MCC=0.0000  Train=0.291s  Test=4.262s  Peak RAM=37.495 MB
2026-03-18 09:50:47 | INFO | [ncluster=103/103] AUC-ROC=50.00%  AUC-PR=50.51%  F1=0.0000  MCC=0.0000  Train=0.347s  Test=3.895s  Peak RAM=37.497 MB
2026-03-18 09:50:47 | INFO | [ncluster=106/106] AUC-ROC=50.00%  AUC-PR=50.51%  F1=0.0000  MCC=0.0000  Train=0.565s  Test=3.266s  Peak RAM=37.495 MB
2026-03-18 09:50:47 | INFO | [ncluster=109/109] AUC-ROC=50.00%  AUC-PR=50.51%  F1=0.0000  MCC=0.0000  Train=0.196s  Test=3.001s  Peak RAM=37.496 MB
2026-03-18 09:50:47 | INFO | [ncluster=112/112] AUC-ROC=50.00%  AUC-PR=50.51%  F1=0.0000  MCC=0.0000  Train=0.288s  Test=2.853s  Peak RAM=37.497 MB
2026-03-18 09:50:47 | INFO | [ncluster=115/115] AUC-ROC=50.00%  AUC-PR=50.51%  F1=0.0000  MCC=0.0000  Train=0.371s  Test=4.191s  Peak RAM=37.497 MB
2026-03-18 09:50:47 | INFO | [ncluster=118/118] AUC-ROC=50.00%  AUC-PR=50.51%  F1=0.0000  MCC=0.0000  Train=0.208s  Test=3.873s  Peak RAM=37.498 MB
2026-03-18 09:50:47 | INFO | [ncluster=121/121] AUC-ROC=50.00%  AUC-PR=50.51%  F1=0.0000  MCC=0.0000  Train=0.617s  Test=4.205s  Peak RAM=37.498 MB
2026-03-18 09:50:47 | INFO | [ncluster=124/124] AUC-ROC=50.00%  AUC-PR=50.51%  F1=0.0000  MCC=0.0000  Train=0.557s  Test=3.338s  Peak RAM=37.499 MB
2026-03-18 09:50:47 | INFO | [ncluster=127/127] AUC-ROC=50.00%  AUC-PR=50.51%  F1=0.0000  MCC=0.0000  Train=0.274s  Test=2.736s  Peak RAM=37.5 MB
2026-03-18 09:50:47 | INFO | [ncluster=130/130] AUC-ROC=50.00%  AUC-PR=50.51%  F1=0.0000  MCC=0.0000  Train=0.280s  Test=3.047s  Peak RAM=37.499 MB
2026-03-18 09:50:47 | INFO | [ncluster=133/133] AUC-ROC=50.00%  AUC-PR=50.51%  F1=0.0000  MCC=0.0000  Train=0.412s  Test=3.211s  Peak RAM=37.5 MB
2026-03-18 09:50:47 | INFO | [ncluster=136/136] AUC-ROC=50.00%  AUC-PR=50.51%  F1=0.0000  MCC=0.0000  Train=0.374s  Test=4.338s  Peak RAM=37.502 MB
2026-03-18 09:50:47 | INFO | [ncluster=139/139] AUC-ROC=50.00%  AUC-PR=50.51%  F1=0.0000  MCC=0.0000  Train=0.416s  Test=3.580s  Peak RAM=37.501 MB
2026-03-18 09:50:47 | INFO | [ncluster=142/142] AUC-ROC=50.00%  AUC-PR=50.51%  F1=0.0000  MCC=0.0000  Train=0.244s  Test=4.372s  Peak RAM=37.502 MB
2026-03-18 09:50:47 | INFO | [ncluster=145/145] AUC-ROC=50.00%  AUC-PR=50.51%  F1=0.0000  MCC=0.0000  Train=0.477s  Test=3.922s  Peak RAM=37.503 MB
2026-03-18 09:50:47 | INFO | [ncluster=148/148] AUC-ROC=50.00%  AUC-PR=50.51%  F1=0.0000  MCC=0.0000  Train=0.227s  Test=3.356s  Peak RAM=37.503 MB
2026-03-18 09:50:47 | INFO | [ncluster=151/151] AUC-ROC=50.00%  AUC-PR=50.51%  F1=0.0000  MCC=0.0000  Train=0.150s  Test=3.016s  Peak RAM=37.503 MB
2026-03-18 09:50:47 | INFO | [ncluster=154/154] AUC-ROC=50.00%  AUC-PR=50.51%  F1=0.0000  MCC=0.0000  Train=0.442s  Test=5.311s  Peak RAM=37.505 MB
2026-03-18 09:50:47 | INFO | [ncluster=157/157] AUC-ROC=50.00%  AUC-PR=50.51%  F1=0.0000  MCC=0.0000  Train=0.699s  Test=5.343s  Peak RAM=37.507 MB
2026-03-18 09:50:47 | INFO | [ncluster=160/160] AUC-ROC=50.00%  AUC-PR=50.51%  F1=0.0000  MCC=0.0000  Train=0.327s  Test=3.633s  Peak RAM=37.505 MB
2026-03-18 09:50:47 | INFO | [ncluster=163/163] AUC-ROC=50.00%  AUC-PR=50.51%  F1=0.0000  MCC=0.0000  Train=0.447s  Test=3.787s  Peak RAM=37.508 MB
2026-03-18 09:50:47 | INFO | [ncluster=166/166] AUC-ROC=50.00%  AUC-PR=50.51%  F1=0.0000  MCC=0.0000  Train=0.228s  Test=4.357s  Peak RAM=37.505 MB
2026-03-18 09:50:47 | INFO | [ncluster=169/169] AUC-ROC=50.00%  AUC-PR=50.51%  F1=0.0000  MCC=0.0000  Train=0.178s  Test=2.341s  Peak RAM=37.506 MB
2026-03-18 09:50:47 | INFO | [ncluster=172/172] AUC-ROC=50.00%  AUC-PR=50.51%  F1=0.0000  MCC=0.0000  Train=0.387s  Test=3.759s  Peak RAM=37.508 MB
2026-03-18 09:50:47 | INFO | [ncluster=175/175] AUC-ROC=50.00%  AUC-PR=50.51%  F1=0.0000  MCC=0.0000  Train=0.416s  Test=4.149s  Peak RAM=37.509 MB
2026-03-18 09:50:47 | INFO | [ncluster=178/178] AUC-ROC=50.00%  AUC-PR=50.51%  F1=0.0000  MCC=0.0000  Train=0.284s  Test=3.743s  Peak RAM=37.508 MB
2026-03-18 09:50:47 | INFO | [ncluster=181/181] AUC-ROC=50.00%  AUC-PR=50.51%  F1=0.0000  MCC=0.0000  Train=0.334s  Test=2.805s  Peak RAM=37.509 MB
2026-03-18 09:50:47 | INFO | [ncluster=184/184] AUC-ROC=50.00%  AUC-PR=50.51%  F1=0.0000  MCC=0.0000  Train=0.232s  Test=3.532s  Peak RAM=37.509 MB
2026-03-18 09:50:47 | INFO | [ncluster=187/187] AUC-ROC=50.00%  AUC-PR=50.51%  F1=0.0000  MCC=0.0000  Train=0.400s  Test=4.049s  Peak RAM=37.511 MB
2026-03-18 09:50:47 | INFO | [ncluster=190/190] AUC-ROC=50.00%  AUC-PR=50.51%  F1=0.0000  MCC=0.0000  Train=0.177s  Test=3.237s  Peak RAM=37.512 MB
2026-03-18 09:50:47 | INFO | [ncluster=193/193] AUC-ROC=50.00%  AUC-PR=50.51%  F1=0.0000  MCC=0.0000  Train=0.365s  Test=2.986s  Peak RAM=37.512 MB
2026-03-18 09:50:47 | INFO | [ncluster=196/196] AUC-ROC=50.00%  AUC-PR=50.51%  F1=0.0000  MCC=0.0000  Train=0.374s  Test=3.261s  Peak RAM=37.513 MB
2026-03-18 09:50:47 | INFO | [ncluster=199/199] AUC-ROC=50.00%  AUC-PR=50.51%  F1=0.0000  MCC=0.0000  Train=0.337s  Test=2.693s  Peak RAM=37.516 MB
2026-03-18 09:50:47 | INFO | [ncluster=202/202] AUC-ROC=50.00%  AUC-PR=50.51%  F1=0.0000  MCC=0.0000  Train=0.231s  Test=2.893s  Peak RAM=37.519 MB
2026-03-18 09:50:47 | INFO | [ncluster=205/205] AUC-ROC=50.00%  AUC-PR=50.51%  F1=0.0000  MCC=0.0000  Train=0.272s  Test=3.215s  Peak RAM=37.515 MB
2026-03-18 09:50:47 | INFO | [ncluster=208/208] AUC-ROC=50.00%  AUC-PR=50.51%  F1=0.0000  MCC=0.0000  Train=0.331s  Test=2.890s  Peak RAM=37.513 MB
2026-03-18 09:50:47 | INFO | [ncluster=211/211] AUC-ROC=50.00%  AUC-PR=50.51%  F1=0.0000  MCC=0.0000  Train=0.404s  Test=3.608s  Peak RAM=37.514 MB
2026-03-18 09:50:47 | INFO | [ncluster=214/214] AUC-ROC=50.00%  AUC-PR=50.51%  F1=0.0000  MCC=0.0000  Train=0.419s  Test=2.714s  Peak RAM=37.518 MB
2026-03-18 09:50:47 | INFO | [ncluster=217/217] AUC-ROC=50.00%  AUC-PR=50.51%  F1=0.0000  MCC=0.0000  Train=0.434s  Test=3.684s  Peak RAM=37.516 MB
2026-03-18 09:50:47 | INFO | [ncluster=220/220] AUC-ROC=50.00%  AUC-PR=50.51%  F1=0.0000  MCC=0.0000  Train=0.219s  Test=3.701s  Peak RAM=37.516 MB
2026-03-18 09:50:47 | INFO | [ncluster=223/223] AUC-ROC=50.00%  AUC-PR=50.51%  F1=0.0000  MCC=0.0000  Train=0.457s  Test=2.781s  Peak RAM=37.517 MB
2026-03-18 09:50:47 | INFO | [ncluster=226/226] AUC-ROC=50.00%  AUC-PR=50.51%  F1=0.0000  MCC=0.0000  Train=0.296s  Test=2.844s  Peak RAM=37.517 MB
2026-03-18 09:50:47 | INFO | [ncluster=229/229] AUC-ROC=50.00%  AUC-PR=50.51%  F1=0.0000  MCC=0.0000  Train=0.326s  Test=3.255s  Peak RAM=37.518 MB
2026-03-18 09:50:47 | INFO | [ncluster=232/232] AUC-ROC=50.00%  AUC-PR=50.51%  F1=0.0000  MCC=0.0000  Train=0.406s  Test=3.239s  Peak RAM=37.519 MB
2026-03-18 09:50:47 | INFO | [ncluster=235/235] AUC-ROC=50.00%  AUC-PR=50.51%  F1=0.0000  MCC=0.0000  Train=0.307s  Test=2.572s  Peak RAM=37.519 MB
2026-03-18 09:50:47 | INFO | [ncluster=238/238] AUC-ROC=50.00%  AUC-PR=50.51%  F1=0.0000  MCC=0.0000  Train=0.389s  Test=3.588s  Peak RAM=37.521 MB
2026-03-18 09:50:47 | INFO | [ncluster=241/241] AUC-ROC=50.00%  AUC-PR=50.51%  F1=0.0000  MCC=0.0000  Train=0.278s  Test=3.576s  Peak RAM=37.519 MB
2026-03-18 09:50:47 | INFO | [ncluster=244/244] AUC-ROC=50.00%  AUC-PR=50.51%  F1=0.0000  MCC=0.0000  Train=0.481s  Test=3.535s  Peak RAM=37.52 MB
2026-03-18 09:50:47 | INFO | [ncluster=247/247] AUC-ROC=50.00%  AUC-PR=50.51%  F1=0.0000  MCC=0.0000  Train=0.348s  Test=2.978s  Peak RAM=37.521 MB
2026-03-18 09:50:47 | INFO | [ncluster=250/250] AUC-ROC=50.00%  AUC-PR=50.51%  F1=0.0000  MCC=0.0000  Train=0.231s  Test=3.258s  Peak RAM=37.526 MB
2026-03-18 09:50:47 | INFO | [ncluster=253/253] AUC-ROC=50.00%  AUC-PR=50.51%  F1=0.0000  MCC=0.0000  Train=0.329s  Test=3.649s  Peak RAM=37.524 MB
2026-03-18 09:50:47 | INFO | [ncluster=256/256] AUC-ROC=50.00%  AUC-PR=50.51%  F1=0.0000  MCC=0.0000  Train=0.389s  Test=3.618s  Peak RAM=37.523 MB
2026-03-18 09:50:47 | INFO | [ncluster=259/259] AUC-ROC=50.00%  AUC-PR=50.51%  F1=0.0000  MCC=0.0000  Train=0.327s  Test=2.954s  Peak RAM=37.524 MB
2026-03-18 09:50:47 | INFO | [ncluster=262/262] AUC-ROC=50.00%  AUC-PR=50.51%  F1=0.0000  MCC=0.0000  Train=0.431s  Test=3.235s  Peak RAM=37.525 MB
2026-03-18 09:50:47 | INFO | [ncluster=265/265] AUC-ROC=50.00%  AUC-PR=50.51%  F1=0.0000  MCC=0.0000  Train=0.206s  Test=3.892s  Peak RAM=37.524 MB
2026-03-18 09:50:47 | INFO | [ncluster=268/268] AUC-ROC=50.00%  AUC-PR=50.51%  F1=0.0000  MCC=0.0000  Train=0.482s  Test=3.998s  Peak RAM=37.526 MB
2026-03-18 09:50:47 | INFO | [ncluster=271/271] AUC-ROC=50.00%  AUC-PR=50.51%  F1=0.0000  MCC=0.0000  Train=0.519s  Test=3.648s  Peak RAM=37.524 MB
2026-03-18 09:50:47 | INFO | [ncluster=274/274] AUC-ROC=50.00%  AUC-PR=50.51%  F1=0.0000  MCC=0.0000  Train=0.304s  Test=2.233s  Peak RAM=37.529 MB
2026-03-18 09:50:47 | INFO | [ncluster=277/277] AUC-ROC=50.00%  AUC-PR=50.51%  F1=0.0000  MCC=0.0000  Train=0.215s  Test=2.593s  Peak RAM=37.527 MB
2026-03-18 09:50:47 | INFO | [ncluster=280/280] AUC-ROC=50.00%  AUC-PR=50.51%  F1=0.0000  MCC=0.0000  Train=0.210s  Test=2.164s  Peak RAM=37.528 MB
2026-03-18 09:50:47 | INFO | [ncluster=283/283] AUC-ROC=50.00%  AUC-PR=50.51%  F1=0.0000  MCC=0.0000  Train=0.149s  Test=1.849s  Peak RAM=37.529 MB
2026-03-18 09:50:47 | INFO | [ncluster=286/286] AUC-ROC=50.00%  AUC-PR=50.51%  F1=0.0000  MCC=0.0000  Train=0.149s  Test=2.104s  Peak RAM=37.529 MB
2026-03-18 09:50:47 | INFO | [ncluster=289/289] AUC-ROC=50.00%  AUC-PR=50.51%  F1=0.0000  MCC=0.0000  Train=0.161s  Test=2.145s  Peak RAM=37.53 MB
2026-03-18 09:50:47 | INFO | [ncluster=292/292] AUC-ROC=50.00%  AUC-PR=50.51%  F1=0.0000  MCC=0.0000  Train=0.122s  Test=1.664s  Peak RAM=37.533 MB
2026-03-18 09:50:47 | INFO | [ncluster=295/295] AUC-ROC=50.00%  AUC-PR=50.51%  F1=0.0000  MCC=0.0000  Train=0.114s  Test=1.858s  Peak RAM=37.53 MB
2026-03-18 09:50:47 | INFO | [ncluster=298/298] AUC-ROC=50.00%  AUC-PR=50.51%  F1=0.0000  MCC=0.0000  Train=0.126s  Test=1.870s  Peak RAM=37.531 MB
2026-03-18 09:50:47 | INFO | --- noise=3% ---
2026-03-18 09:50:47 | INFO | ============================================================
2026-03-18 09:50:47 | INFO | Dataset  : Train_RobustScaler_data_CICIoT2023.csv
2026-03-18 09:50:47 | INFO | Scaler   : RobustScaler
2026-03-18 09:50:47 | INFO | Noise    : 3%
2026-03-18 09:50:47 | INFO | nClusters: 100 values (1..298)
2026-03-18 09:50:47 | INFO | ============================================================
2026-03-18 09:50:48 | INFO | Loaded Raw Shape -> Train: (30000, 45), Test: (30000, 45)
2026-03-18 09:50:48 | INFO | Training size : 30,900  |  Testing size: 29,100  |  Features: 44
2026-03-18 09:50:48 | INFO | Firing up Parallel execution for 100 cluster configs...
2026-03-18 09:55:13 | INFO | [ncluster=1/1] AUC-ROC=89.40%  AUC-PR=85.60%  F1=0.8541  MCC=0.6842  Train=0.275s  Test=8.215s  Peak RAM=38.216 MB
2026-03-18 09:55:13 | INFO | [ncluster=4/4] AUC-ROC=82.53%  AUC-PR=75.51%  F1=0.8320  MCC=0.6290  Train=0.405s  Test=7.793s  Peak RAM=38.22 MB
2026-03-18 09:55:13 | INFO | [ncluster=7/7] AUC-ROC=82.01%  AUC-PR=74.97%  F1=0.8340  MCC=0.6346  Train=0.595s  Test=8.578s  Peak RAM=38.22 MB
2026-03-18 09:55:13 | INFO | [ncluster=10/10] AUC-ROC=50.00%  AUC-PR=51.55%  F1=0.0000  MCC=0.0000  Train=0.785s  Test=9.162s  Peak RAM=38.22 MB
2026-03-18 09:55:13 | INFO | [ncluster=13/13] AUC-ROC=50.00%  AUC-PR=51.55%  F1=0.0000  MCC=0.0000  Train=0.591s  Test=8.703s  Peak RAM=38.221 MB
2026-03-18 09:55:13 | INFO | [ncluster=16/16] AUC-ROC=50.00%  AUC-PR=51.55%  F1=0.0000  MCC=0.0000  Train=0.656s  Test=8.018s  Peak RAM=38.221 MB
2026-03-18 09:55:13 | INFO | [ncluster=19/19] AUC-ROC=50.00%  AUC-PR=51.55%  F1=0.0000  MCC=0.0000  Train=1.275s  Test=9.473s  Peak RAM=38.222 MB
2026-03-18 09:55:13 | INFO | [ncluster=22/22] AUC-ROC=50.00%  AUC-PR=51.55%  F1=0.0000  MCC=0.0000  Train=1.070s  Test=9.167s  Peak RAM=38.222 MB
2026-03-18 09:55:13 | INFO | [ncluster=25/25] AUC-ROC=50.00%  AUC-PR=51.55%  F1=0.0000  MCC=0.0000  Train=1.405s  Test=8.066s  Peak RAM=38.223 MB
2026-03-18 09:55:13 | INFO | [ncluster=28/28] AUC-ROC=50.00%  AUC-PR=51.55%  F1=0.0000  MCC=0.0000  Train=1.712s  Test=8.263s  Peak RAM=38.224 MB
2026-03-18 09:55:13 | INFO | [ncluster=31/31] AUC-ROC=50.00%  AUC-PR=51.55%  F1=0.0000  MCC=0.0000  Train=1.044s  Test=6.168s  Peak RAM=38.226 MB
2026-03-18 09:55:13 | INFO | [ncluster=34/34] AUC-ROC=50.00%  AUC-PR=51.55%  F1=0.0000  MCC=0.0000  Train=1.105s  Test=4.697s  Peak RAM=38.224 MB
2026-03-18 09:55:13 | INFO | [ncluster=37/37] AUC-ROC=50.00%  AUC-PR=51.55%  F1=0.0000  MCC=0.0000  Train=0.232s  Test=3.067s  Peak RAM=38.225 MB
2026-03-18 09:55:13 | INFO | [ncluster=40/40] AUC-ROC=50.00%  AUC-PR=51.55%  F1=0.0000  MCC=0.0000  Train=0.498s  Test=4.292s  Peak RAM=38.226 MB
2026-03-18 09:55:13 | INFO | [ncluster=43/43] AUC-ROC=50.00%  AUC-PR=51.55%  F1=0.0000  MCC=0.0000  Train=0.594s  Test=4.782s  Peak RAM=38.227 MB
2026-03-18 09:55:13 | INFO | [ncluster=46/46] AUC-ROC=50.00%  AUC-PR=51.55%  F1=0.0000  MCC=0.0000  Train=0.539s  Test=4.677s  Peak RAM=38.226 MB
2026-03-18 09:55:13 | INFO | [ncluster=49/49] AUC-ROC=50.00%  AUC-PR=51.55%  F1=0.0000  MCC=0.0000  Train=0.526s  Test=4.624s  Peak RAM=38.226 MB
2026-03-18 09:55:13 | INFO | [ncluster=52/52] AUC-ROC=50.00%  AUC-PR=51.55%  F1=0.0000  MCC=0.0000  Train=0.615s  Test=4.540s  Peak RAM=38.227 MB
2026-03-18 09:55:13 | INFO | [ncluster=55/55] AUC-ROC=50.00%  AUC-PR=51.55%  F1=0.0000  MCC=0.0000  Train=0.485s  Test=6.038s  Peak RAM=38.228 MB
2026-03-18 09:55:13 | INFO | [ncluster=58/58] AUC-ROC=50.00%  AUC-PR=51.55%  F1=0.0000  MCC=0.0000  Train=0.495s  Test=5.769s  Peak RAM=38.229 MB
2026-03-18 09:55:13 | INFO | [ncluster=61/61] AUC-ROC=50.00%  AUC-PR=51.55%  F1=0.0000  MCC=0.0000  Train=0.612s  Test=6.261s  Peak RAM=38.229 MB
2026-03-18 09:55:13 | INFO | [ncluster=64/64] AUC-ROC=50.00%  AUC-PR=51.55%  F1=0.0000  MCC=0.0000  Train=0.947s  Test=5.664s  Peak RAM=38.229 MB
2026-03-18 09:55:13 | INFO | [ncluster=67/67] AUC-ROC=50.00%  AUC-PR=51.55%  F1=0.0000  MCC=0.0000  Train=0.741s  Test=5.226s  Peak RAM=38.232 MB
2026-03-18 09:55:13 | INFO | [ncluster=70/70] AUC-ROC=50.00%  AUC-PR=51.55%  F1=0.0000  MCC=0.0000  Train=0.728s  Test=5.697s  Peak RAM=38.231 MB
2026-03-18 09:55:13 | INFO | [ncluster=73/73] AUC-ROC=50.00%  AUC-PR=51.55%  F1=0.0000  MCC=0.0000  Train=0.443s  Test=3.662s  Peak RAM=38.232 MB
2026-03-18 09:55:13 | INFO | [ncluster=76/76] AUC-ROC=50.00%  AUC-PR=51.55%  F1=0.0000  MCC=0.0000  Train=0.266s  Test=2.988s  Peak RAM=38.232 MB
2026-03-18 09:55:13 | INFO | [ncluster=79/79] AUC-ROC=50.00%  AUC-PR=51.55%  F1=0.0000  MCC=0.0000  Train=0.272s  Test=4.247s  Peak RAM=38.233 MB
2026-03-18 09:55:13 | INFO | [ncluster=82/82] AUC-ROC=50.00%  AUC-PR=51.55%  F1=0.0000  MCC=0.0000  Train=0.256s  Test=4.032s  Peak RAM=38.233 MB
2026-03-18 09:55:13 | INFO | [ncluster=85/85] AUC-ROC=50.00%  AUC-PR=51.55%  F1=0.0000  MCC=0.0000  Train=0.682s  Test=4.067s  Peak RAM=38.233 MB
2026-03-18 09:55:13 | INFO | [ncluster=88/88] AUC-ROC=50.00%  AUC-PR=51.55%  F1=0.0000  MCC=0.0000  Train=0.707s  Test=3.576s  Peak RAM=38.234 MB
2026-03-18 09:55:13 | INFO | [ncluster=91/91] AUC-ROC=50.00%  AUC-PR=51.55%  F1=0.0000  MCC=0.0000  Train=0.420s  Test=4.122s  Peak RAM=38.236 MB
2026-03-18 09:55:13 | INFO | [ncluster=94/94] AUC-ROC=50.00%  AUC-PR=51.55%  F1=0.0000  MCC=0.0000  Train=0.223s  Test=4.376s  Peak RAM=38.236 MB
2026-03-18 09:55:13 | INFO | [ncluster=97/97] AUC-ROC=50.00%  AUC-PR=51.55%  F1=0.0000  MCC=0.0000  Train=0.567s  Test=5.208s  Peak RAM=38.236 MB
2026-03-18 09:55:13 | INFO | [ncluster=100/100] AUC-ROC=50.00%  AUC-PR=51.55%  F1=0.0000  MCC=0.0000  Train=0.565s  Test=5.273s  Peak RAM=38.237 MB
2026-03-18 09:55:13 | INFO | [ncluster=103/103] AUC-ROC=50.00%  AUC-PR=51.55%  F1=0.0000  MCC=0.0000  Train=0.869s  Test=4.888s  Peak RAM=38.238 MB
2026-03-18 09:55:13 | INFO | [ncluster=106/106] AUC-ROC=50.00%  AUC-PR=51.55%  F1=0.0000  MCC=0.0000  Train=0.616s  Test=4.273s  Peak RAM=38.237 MB
2026-03-18 09:55:13 | INFO | [ncluster=109/109] AUC-ROC=50.00%  AUC-PR=51.55%  F1=0.0000  MCC=0.0000  Train=0.406s  Test=3.697s  Peak RAM=38.239 MB
2026-03-18 09:55:13 | INFO | [ncluster=112/112] AUC-ROC=50.00%  AUC-PR=51.55%  F1=0.0000  MCC=0.0000  Train=0.645s  Test=3.810s  Peak RAM=38.239 MB
2026-03-18 09:55:13 | INFO | [ncluster=115/115] AUC-ROC=50.00%  AUC-PR=51.55%  F1=0.0000  MCC=0.0000  Train=0.191s  Test=3.220s  Peak RAM=38.239 MB
2026-03-18 09:55:13 | INFO | [ncluster=118/118] AUC-ROC=50.00%  AUC-PR=51.55%  F1=0.0000  MCC=0.0000  Train=0.306s  Test=3.804s  Peak RAM=38.24 MB
2026-03-18 09:55:13 | INFO | [ncluster=121/121] AUC-ROC=50.00%  AUC-PR=51.55%  F1=0.0000  MCC=0.0000  Train=0.477s  Test=4.213s  Peak RAM=38.24 MB
2026-03-18 09:55:13 | INFO | [ncluster=124/124] AUC-ROC=50.00%  AUC-PR=51.55%  F1=0.0000  MCC=0.0000  Train=0.536s  Test=3.740s  Peak RAM=38.24 MB
2026-03-18 09:55:13 | INFO | [ncluster=127/127] AUC-ROC=50.00%  AUC-PR=51.55%  F1=0.0000  MCC=0.0000  Train=0.314s  Test=3.981s  Peak RAM=38.242 MB
2026-03-18 09:55:13 | INFO | [ncluster=130/130] AUC-ROC=50.00%  AUC-PR=51.55%  F1=0.0000  MCC=0.0000  Train=0.265s  Test=4.379s  Peak RAM=38.242 MB
2026-03-18 09:55:13 | INFO | [ncluster=133/133] AUC-ROC=50.00%  AUC-PR=51.55%  F1=0.0000  MCC=0.0000  Train=0.358s  Test=4.419s  Peak RAM=38.242 MB
2026-03-18 09:55:13 | INFO | [ncluster=136/136] AUC-ROC=50.00%  AUC-PR=51.55%  F1=0.0000  MCC=0.0000  Train=0.746s  Test=3.686s  Peak RAM=38.242 MB
2026-03-18 09:55:13 | INFO | [ncluster=139/139] AUC-ROC=50.00%  AUC-PR=51.55%  F1=0.0000  MCC=0.0000  Train=0.358s  Test=4.099s  Peak RAM=38.243 MB
2026-03-18 09:55:13 | INFO | [ncluster=142/142] AUC-ROC=50.00%  AUC-PR=51.55%  F1=0.0000  MCC=0.0000  Train=0.243s  Test=4.704s  Peak RAM=38.244 MB
2026-03-18 09:55:13 | INFO | [ncluster=145/145] AUC-ROC=50.00%  AUC-PR=51.55%  F1=0.0000  MCC=0.0000  Train=0.462s  Test=3.695s  Peak RAM=38.244 MB
2026-03-18 09:55:13 | INFO | [ncluster=148/148] AUC-ROC=50.00%  AUC-PR=51.55%  F1=0.0000  MCC=0.0000  Train=0.213s  Test=3.772s  Peak RAM=38.244 MB
2026-03-18 09:55:13 | INFO | [ncluster=151/151] AUC-ROC=50.00%  AUC-PR=51.55%  F1=0.0000  MCC=0.0000  Train=0.253s  Test=4.569s  Peak RAM=38.246 MB
2026-03-18 09:55:13 | INFO | [ncluster=154/154] AUC-ROC=50.00%  AUC-PR=51.55%  F1=0.0000  MCC=0.0000  Train=0.596s  Test=4.388s  Peak RAM=38.246 MB
2026-03-18 09:55:13 | INFO | [ncluster=157/157] AUC-ROC=50.00%  AUC-PR=51.55%  F1=0.0000  MCC=0.0000  Train=0.371s  Test=3.801s  Peak RAM=38.246 MB
2026-03-18 09:55:13 | INFO | [ncluster=160/160] AUC-ROC=50.00%  AUC-PR=51.55%  F1=0.0000  MCC=0.0000  Train=0.332s  Test=3.182s  Peak RAM=38.247 MB
2026-03-18 09:55:13 | INFO | [ncluster=163/163] AUC-ROC=50.00%  AUC-PR=51.55%  F1=0.0000  MCC=0.0000  Train=0.323s  Test=3.814s  Peak RAM=38.247 MB
2026-03-18 09:55:13 | INFO | [ncluster=166/166] AUC-ROC=50.00%  AUC-PR=51.55%  F1=0.0000  MCC=0.0000  Train=0.354s  Test=3.526s  Peak RAM=38.249 MB
2026-03-18 09:55:13 | INFO | [ncluster=169/169] AUC-ROC=50.00%  AUC-PR=51.55%  F1=0.0000  MCC=0.0000  Train=0.224s  Test=4.201s  Peak RAM=38.249 MB
2026-03-18 09:55:13 | INFO | [ncluster=172/172] AUC-ROC=50.00%  AUC-PR=51.55%  F1=0.0000  MCC=0.0000  Train=0.512s  Test=5.003s  Peak RAM=38.249 MB
2026-03-18 09:55:13 | INFO | [ncluster=175/175] AUC-ROC=50.00%  AUC-PR=51.55%  F1=0.0000  MCC=0.0000  Train=0.586s  Test=4.818s  Peak RAM=38.249 MB
2026-03-18 09:55:13 | INFO | [ncluster=178/178] AUC-ROC=50.00%  AUC-PR=51.55%  F1=0.0000  MCC=0.0000  Train=0.373s  Test=3.964s  Peak RAM=38.25 MB
2026-03-18 09:55:13 | INFO | [ncluster=181/181] AUC-ROC=50.00%  AUC-PR=51.55%  F1=0.0000  MCC=0.0000  Train=0.586s  Test=5.359s  Peak RAM=38.251 MB
2026-03-18 09:55:13 | INFO | [ncluster=184/184] AUC-ROC=50.00%  AUC-PR=51.55%  F1=0.0000  MCC=0.0000  Train=0.203s  Test=5.880s  Peak RAM=38.252 MB
2026-03-18 09:55:13 | INFO | [ncluster=187/187] AUC-ROC=50.00%  AUC-PR=51.55%  F1=0.0000  MCC=0.0000  Train=0.292s  Test=4.664s  Peak RAM=38.251 MB
2026-03-18 09:55:13 | INFO | [ncluster=190/190] AUC-ROC=50.00%  AUC-PR=51.55%  F1=0.0000  MCC=0.0000  Train=0.336s  Test=4.821s  Peak RAM=38.253 MB
2026-03-18 09:55:13 | INFO | [ncluster=193/193] AUC-ROC=50.00%  AUC-PR=51.55%  F1=0.0000  MCC=0.0000  Train=0.516s  Test=4.066s  Peak RAM=38.253 MB
2026-03-18 09:55:13 | INFO | [ncluster=196/196] AUC-ROC=50.00%  AUC-PR=51.55%  F1=0.0000  MCC=0.0000  Train=0.291s  Test=3.696s  Peak RAM=38.253 MB
2026-03-18 09:55:13 | INFO | [ncluster=199/199] AUC-ROC=50.00%  AUC-PR=51.55%  F1=0.0000  MCC=0.0000  Train=0.308s  Test=3.294s  Peak RAM=38.254 MB
2026-03-18 09:55:13 | INFO | [ncluster=202/202] AUC-ROC=50.00%  AUC-PR=51.55%  F1=0.0000  MCC=0.0000  Train=0.226s  Test=3.549s  Peak RAM=38.255 MB
2026-03-18 09:55:13 | INFO | [ncluster=205/205] AUC-ROC=50.00%  AUC-PR=51.55%  F1=0.0000  MCC=0.0000  Train=0.402s  Test=4.132s  Peak RAM=38.255 MB
2026-03-18 09:55:13 | INFO | [ncluster=208/208] AUC-ROC=50.00%  AUC-PR=51.55%  F1=0.0000  MCC=0.0000  Train=0.251s  Test=4.670s  Peak RAM=38.255 MB
2026-03-18 09:55:13 | INFO | [ncluster=211/211] AUC-ROC=50.00%  AUC-PR=51.55%  F1=0.0000  MCC=0.0000  Train=0.370s  Test=4.486s  Peak RAM=38.257 MB
2026-03-18 09:55:13 | INFO | [ncluster=214/214] AUC-ROC=50.00%  AUC-PR=51.55%  F1=0.0000  MCC=0.0000  Train=0.685s  Test=4.255s  Peak RAM=38.256 MB
2026-03-18 09:55:13 | INFO | [ncluster=217/217] AUC-ROC=50.00%  AUC-PR=51.55%  F1=0.0000  MCC=0.0000  Train=0.272s  Test=3.397s  Peak RAM=38.257 MB
2026-03-18 09:55:13 | INFO | [ncluster=220/220] AUC-ROC=50.00%  AUC-PR=51.55%  F1=0.0000  MCC=0.0000  Train=0.401s  Test=3.810s  Peak RAM=38.258 MB
2026-03-18 09:55:13 | INFO | [ncluster=223/223] AUC-ROC=50.00%  AUC-PR=51.55%  F1=0.0000  MCC=0.0000  Train=0.535s  Test=4.504s  Peak RAM=38.259 MB
2026-03-18 09:55:13 | INFO | [ncluster=226/226] AUC-ROC=50.00%  AUC-PR=51.55%  F1=0.0000  MCC=0.0000  Train=0.441s  Test=3.057s  Peak RAM=38.259 MB
2026-03-18 09:55:13 | INFO | [ncluster=229/229] AUC-ROC=50.00%  AUC-PR=51.55%  F1=0.0000  MCC=0.0000  Train=0.466s  Test=4.144s  Peak RAM=38.26 MB
2026-03-18 09:55:13 | INFO | [ncluster=232/232] AUC-ROC=50.00%  AUC-PR=51.55%  F1=0.0000  MCC=0.0000  Train=0.490s  Test=3.727s  Peak RAM=38.259 MB
2026-03-18 09:55:13 | INFO | [ncluster=235/235] AUC-ROC=50.00%  AUC-PR=51.55%  F1=0.0000  MCC=0.0000  Train=0.274s  Test=3.924s  Peak RAM=38.26 MB
2026-03-18 09:55:13 | INFO | [ncluster=238/238] AUC-ROC=50.00%  AUC-PR=51.55%  F1=0.0000  MCC=0.0000  Train=0.379s  Test=3.516s  Peak RAM=38.261 MB
2026-03-18 09:55:13 | INFO | [ncluster=241/241] AUC-ROC=50.00%  AUC-PR=51.55%  F1=0.0000  MCC=0.0000  Train=0.387s  Test=4.116s  Peak RAM=38.262 MB
2026-03-18 09:55:13 | INFO | [ncluster=244/244] AUC-ROC=50.00%  AUC-PR=51.55%  F1=0.0000  MCC=0.0000  Train=0.307s  Test=3.281s  Peak RAM=38.262 MB
2026-03-18 09:55:13 | INFO | [ncluster=247/247] AUC-ROC=50.00%  AUC-PR=51.55%  F1=0.0000  MCC=0.0000  Train=0.391s  Test=3.966s  Peak RAM=38.263 MB
2026-03-18 09:55:13 | INFO | [ncluster=250/250] AUC-ROC=50.00%  AUC-PR=51.55%  F1=0.0000  MCC=0.0000  Train=0.248s  Test=3.517s  Peak RAM=38.263 MB
2026-03-18 09:55:13 | INFO | [ncluster=253/253] AUC-ROC=50.00%  AUC-PR=51.55%  F1=0.0000  MCC=0.0000  Train=0.215s  Test=3.248s  Peak RAM=38.263 MB
2026-03-18 09:55:13 | INFO | [ncluster=256/256] AUC-ROC=50.00%  AUC-PR=51.55%  F1=0.0000  MCC=0.0000  Train=0.499s  Test=3.627s  Peak RAM=38.264 MB
2026-03-18 09:55:13 | INFO | [ncluster=259/259] AUC-ROC=50.00%  AUC-PR=51.55%  F1=0.0000  MCC=0.0000  Train=0.183s  Test=3.344s  Peak RAM=38.266 MB
2026-03-18 09:55:13 | INFO | [ncluster=262/262] AUC-ROC=50.00%  AUC-PR=51.55%  F1=0.0000  MCC=0.0000  Train=0.324s  Test=3.619s  Peak RAM=38.265 MB
2026-03-18 09:55:13 | INFO | [ncluster=265/265] AUC-ROC=50.00%  AUC-PR=51.55%  F1=0.0000  MCC=0.0000  Train=0.482s  Test=4.489s  Peak RAM=38.266 MB
2026-03-18 09:55:13 | INFO | [ncluster=268/268] AUC-ROC=50.00%  AUC-PR=51.55%  F1=0.0000  MCC=0.0000  Train=0.250s  Test=2.904s  Peak RAM=38.266 MB
2026-03-18 09:55:13 | INFO | [ncluster=271/271] AUC-ROC=50.00%  AUC-PR=51.55%  F1=0.0000  MCC=0.0000  Train=0.329s  Test=3.480s  Peak RAM=38.266 MB
2026-03-18 09:55:13 | INFO | [ncluster=274/274] AUC-ROC=50.00%  AUC-PR=51.55%  F1=0.0000  MCC=0.0000  Train=0.389s  Test=3.014s  Peak RAM=38.268 MB
2026-03-18 09:55:13 | INFO | [ncluster=277/277] AUC-ROC=50.00%  AUC-PR=51.55%  F1=0.0000  MCC=0.0000  Train=0.151s  Test=2.317s  Peak RAM=38.268 MB
2026-03-18 09:55:13 | INFO | [ncluster=280/280] AUC-ROC=50.00%  AUC-PR=51.55%  F1=0.0000  MCC=0.0000  Train=0.334s  Test=2.586s  Peak RAM=38.268 MB
2026-03-18 09:55:13 | INFO | [ncluster=283/283] AUC-ROC=50.00%  AUC-PR=51.55%  F1=0.0000  MCC=0.0000  Train=0.249s  Test=2.314s  Peak RAM=38.27 MB
2026-03-18 09:55:13 | INFO | [ncluster=286/286] AUC-ROC=50.00%  AUC-PR=51.55%  F1=0.0000  MCC=0.0000  Train=0.216s  Test=2.412s  Peak RAM=38.269 MB
2026-03-18 09:55:13 | INFO | [ncluster=289/289] AUC-ROC=50.00%  AUC-PR=51.55%  F1=0.0000  MCC=0.0000  Train=0.232s  Test=2.287s  Peak RAM=38.27 MB
2026-03-18 09:55:13 | INFO | [ncluster=292/292] AUC-ROC=50.00%  AUC-PR=51.55%  F1=0.0000  MCC=0.0000  Train=0.188s  Test=2.142s  Peak RAM=38.271 MB
2026-03-18 09:55:13 | INFO | [ncluster=295/295] AUC-ROC=50.00%  AUC-PR=51.55%  F1=0.0000  MCC=0.0000  Train=0.167s  Test=1.950s  Peak RAM=38.272 MB
2026-03-18 09:55:13 | INFO | [ncluster=298/298] AUC-ROC=50.00%  AUC-PR=51.55%  F1=0.0000  MCC=0.0000  Train=0.223s  Test=1.984s  Peak RAM=38.271 MB
2026-03-18 09:55:13 | INFO | --- noise=5% ---
2026-03-18 09:55:13 | INFO | ============================================================
2026-03-18 09:55:13 | INFO | Dataset  : Train_RobustScaler_data_CICIoT2023.csv
2026-03-18 09:55:13 | INFO | Scaler   : RobustScaler
2026-03-18 09:55:13 | INFO | Noise    : 5%
2026-03-18 09:55:13 | INFO | nClusters: 100 values (1..298)
2026-03-18 09:55:13 | INFO | ============================================================
2026-03-18 09:55:13 | INFO | Loaded Raw Shape -> Train: (30000, 45), Test: (30000, 45)
2026-03-18 09:55:13 | INFO | Training size : 31,500  |  Testing size: 28,500  |  Features: 44
2026-03-18 09:55:13 | INFO | Firing up Parallel execution for 100 cluster configs...
2026-03-18 09:59:36 | INFO | [ncluster=1/1] AUC-ROC=77.03%  AUC-PR=70.91%  F1=0.8141  MCC=0.5721  Train=0.187s  Test=7.903s  Peak RAM=38.957 MB
2026-03-18 09:59:36 | INFO | [ncluster=4/4] AUC-ROC=79.66%  AUC-PR=73.42%  F1=0.8266  MCC=0.6042  Train=0.319s  Test=5.701s  Peak RAM=38.961 MB
2026-03-18 09:59:36 | INFO | [ncluster=7/7] AUC-ROC=50.00%  AUC-PR=52.63%  F1=0.0000  MCC=0.0000  Train=0.436s  Test=5.706s  Peak RAM=38.961 MB
2026-03-18 09:59:36 | INFO | [ncluster=10/10] AUC-ROC=50.00%  AUC-PR=52.63%  F1=0.0000  MCC=0.0000  Train=0.584s  Test=6.760s  Peak RAM=38.962 MB
2026-03-18 09:59:36 | INFO | [ncluster=13/13] AUC-ROC=50.00%  AUC-PR=52.63%  F1=0.0000  MCC=0.0000  Train=1.241s  Test=9.126s  Peak RAM=38.962 MB
2026-03-18 09:59:36 | INFO | [ncluster=16/16] AUC-ROC=50.00%  AUC-PR=52.63%  F1=0.0000  MCC=0.0000  Train=0.682s  Test=7.813s  Peak RAM=38.962 MB
2026-03-18 09:59:36 | INFO | [ncluster=19/19] AUC-ROC=50.00%  AUC-PR=52.63%  F1=0.0000  MCC=0.0000  Train=1.156s  Test=8.487s  Peak RAM=38.963 MB
2026-03-18 09:59:36 | INFO | [ncluster=22/22] AUC-ROC=50.00%  AUC-PR=52.63%  F1=0.0000  MCC=0.0000  Train=1.015s  Test=8.665s  Peak RAM=38.964 MB
2026-03-18 09:59:36 | INFO | [ncluster=25/25] AUC-ROC=50.00%  AUC-PR=52.63%  F1=0.0000  MCC=0.0000  Train=1.062s  Test=8.099s  Peak RAM=38.964 MB
2026-03-18 09:59:36 | INFO | [ncluster=28/28] AUC-ROC=50.00%  AUC-PR=52.63%  F1=0.0000  MCC=0.0000  Train=1.228s  Test=6.931s  Peak RAM=38.964 MB
2026-03-18 09:59:36 | INFO | [ncluster=31/31] AUC-ROC=50.00%  AUC-PR=52.63%  F1=0.0000  MCC=0.0000  Train=1.391s  Test=8.815s  Peak RAM=38.965 MB
2026-03-18 09:59:36 | INFO | [ncluster=34/34] AUC-ROC=50.00%  AUC-PR=52.63%  F1=0.0000  MCC=0.0000  Train=1.372s  Test=7.917s  Peak RAM=38.965 MB
2026-03-18 09:59:36 | INFO | [ncluster=37/37] AUC-ROC=50.00%  AUC-PR=52.63%  F1=0.0000  MCC=0.0000  Train=0.552s  Test=5.226s  Peak RAM=38.966 MB
2026-03-18 09:59:36 | INFO | [ncluster=40/40] AUC-ROC=50.00%  AUC-PR=52.63%  F1=0.0000  MCC=0.0000  Train=0.708s  Test=4.714s  Peak RAM=38.967 MB
2026-03-18 09:59:36 | INFO | [ncluster=43/43] AUC-ROC=50.00%  AUC-PR=52.63%  F1=0.0000  MCC=0.0000  Train=0.530s  Test=4.422s  Peak RAM=38.967 MB
2026-03-18 09:59:36 | INFO | [ncluster=46/46] AUC-ROC=50.00%  AUC-PR=52.63%  F1=0.0000  MCC=0.0000  Train=0.514s  Test=4.070s  Peak RAM=38.969 MB
2026-03-18 09:59:36 | INFO | [ncluster=49/49] AUC-ROC=50.00%  AUC-PR=52.63%  F1=0.0000  MCC=0.0000  Train=0.273s  Test=3.936s  Peak RAM=38.968 MB
2026-03-18 09:59:36 | INFO | [ncluster=52/52] AUC-ROC=50.00%  AUC-PR=52.63%  F1=0.0000  MCC=0.0000  Train=0.268s  Test=4.584s  Peak RAM=38.969 MB
2026-03-18 09:59:36 | INFO | [ncluster=55/55] AUC-ROC=50.00%  AUC-PR=52.63%  F1=0.0000  MCC=0.0000  Train=0.544s  Test=5.496s  Peak RAM=38.969 MB
2026-03-18 09:59:36 | INFO | [ncluster=58/58] AUC-ROC=50.00%  AUC-PR=52.63%  F1=0.0000  MCC=0.0000  Train=0.493s  Test=6.636s  Peak RAM=38.97 MB
2026-03-18 09:59:36 | INFO | [ncluster=61/61] AUC-ROC=50.00%  AUC-PR=52.63%  F1=0.0000  MCC=0.0000  Train=0.478s  Test=5.915s  Peak RAM=38.97 MB
2026-03-18 09:59:36 | INFO | [ncluster=64/64] AUC-ROC=50.00%  AUC-PR=52.63%  F1=0.0000  MCC=0.0000  Train=0.439s  Test=4.519s  Peak RAM=38.971 MB
2026-03-18 09:59:36 | INFO | [ncluster=67/67] AUC-ROC=50.00%  AUC-PR=52.63%  F1=0.0000  MCC=0.0000  Train=0.622s  Test=4.559s  Peak RAM=38.972 MB
2026-03-18 09:59:36 | INFO | [ncluster=70/70] AUC-ROC=50.00%  AUC-PR=52.63%  F1=0.0000  MCC=0.0000  Train=0.428s  Test=4.412s  Peak RAM=38.972 MB
2026-03-18 09:59:36 | INFO | [ncluster=73/73] AUC-ROC=50.00%  AUC-PR=52.63%  F1=0.0000  MCC=0.0000  Train=0.502s  Test=4.720s  Peak RAM=38.972 MB
2026-03-18 09:59:36 | INFO | [ncluster=76/76] AUC-ROC=50.00%  AUC-PR=52.63%  F1=0.0000  MCC=0.0000  Train=0.414s  Test=3.981s  Peak RAM=38.973 MB
2026-03-18 09:59:36 | INFO | [ncluster=79/79] AUC-ROC=50.00%  AUC-PR=52.63%  F1=0.0000  MCC=0.0000  Train=0.524s  Test=4.128s  Peak RAM=38.973 MB
2026-03-18 09:59:36 | INFO | [ncluster=82/82] AUC-ROC=50.00%  AUC-PR=52.63%  F1=0.0000  MCC=0.0000  Train=0.450s  Test=4.692s  Peak RAM=38.975 MB
2026-03-18 09:59:36 | INFO | [ncluster=85/85] AUC-ROC=50.00%  AUC-PR=52.63%  F1=0.0000  MCC=0.0000  Train=0.565s  Test=4.505s  Peak RAM=38.975 MB
2026-03-18 09:59:36 | INFO | [ncluster=88/88] AUC-ROC=50.00%  AUC-PR=52.63%  F1=0.0000  MCC=0.0000  Train=0.595s  Test=3.608s  Peak RAM=38.976 MB
2026-03-18 09:59:36 | INFO | [ncluster=91/91] AUC-ROC=50.00%  AUC-PR=52.63%  F1=0.0000  MCC=0.0000  Train=0.476s  Test=4.400s  Peak RAM=38.976 MB
2026-03-18 09:59:36 | INFO | [ncluster=94/94] AUC-ROC=50.00%  AUC-PR=52.63%  F1=0.0000  MCC=0.0000  Train=0.526s  Test=3.387s  Peak RAM=38.976 MB
2026-03-18 09:59:36 | INFO | [ncluster=97/97] AUC-ROC=50.00%  AUC-PR=52.63%  F1=0.0000  MCC=0.0000  Train=0.381s  Test=4.495s  Peak RAM=38.976 MB
2026-03-18 09:59:36 | INFO | [ncluster=100/100] AUC-ROC=50.00%  AUC-PR=52.63%  F1=0.0000  MCC=0.0000  Train=0.483s  Test=5.007s  Peak RAM=38.979 MB
2026-03-18 09:59:36 | INFO | [ncluster=103/103] AUC-ROC=50.00%  AUC-PR=52.63%  F1=0.0000  MCC=0.0000  Train=0.301s  Test=3.673s  Peak RAM=38.978 MB
2026-03-18 09:59:36 | INFO | [ncluster=106/106] AUC-ROC=50.00%  AUC-PR=52.63%  F1=0.0000  MCC=0.0000  Train=0.916s  Test=4.342s  Peak RAM=38.979 MB
2026-03-18 09:59:36 | INFO | [ncluster=109/109] AUC-ROC=50.00%  AUC-PR=52.63%  F1=0.0000  MCC=0.0000  Train=0.270s  Test=4.437s  Peak RAM=38.982 MB
2026-03-18 09:59:36 | INFO | [ncluster=112/112] AUC-ROC=50.00%  AUC-PR=52.63%  F1=0.0000  MCC=0.0000  Train=0.276s  Test=4.554s  Peak RAM=38.981 MB
2026-03-18 09:59:36 | INFO | [ncluster=115/115] AUC-ROC=50.00%  AUC-PR=52.63%  F1=0.0000  MCC=0.0000  Train=0.458s  Test=4.319s  Peak RAM=38.981 MB
2026-03-18 09:59:36 | INFO | [ncluster=118/118] AUC-ROC=50.00%  AUC-PR=52.63%  F1=0.0000  MCC=0.0000  Train=0.295s  Test=4.235s  Peak RAM=38.981 MB
2026-03-18 09:59:36 | INFO | [ncluster=121/121] AUC-ROC=50.00%  AUC-PR=52.63%  F1=0.0000  MCC=0.0000  Train=0.526s  Test=5.195s  Peak RAM=38.982 MB
2026-03-18 09:59:36 | INFO | [ncluster=124/124] AUC-ROC=50.00%  AUC-PR=52.63%  F1=0.0000  MCC=0.0000  Train=0.389s  Test=3.675s  Peak RAM=38.982 MB
2026-03-18 09:59:36 | INFO | [ncluster=127/127] AUC-ROC=50.00%  AUC-PR=52.63%  F1=0.0000  MCC=0.0000  Train=0.376s  Test=4.956s  Peak RAM=38.982 MB
2026-03-18 09:59:36 | INFO | [ncluster=130/130] AUC-ROC=50.00%  AUC-PR=52.63%  F1=0.0000  MCC=0.0000  Train=0.387s  Test=3.410s  Peak RAM=38.983 MB
2026-03-18 09:59:36 | INFO | [ncluster=133/133] AUC-ROC=50.00%  AUC-PR=52.63%  F1=0.0000  MCC=0.0000  Train=0.432s  Test=3.793s  Peak RAM=38.983 MB
2026-03-18 09:59:36 | INFO | [ncluster=136/136] AUC-ROC=50.00%  AUC-PR=52.63%  F1=0.0000  MCC=0.0000  Train=0.327s  Test=3.393s  Peak RAM=38.984 MB
2026-03-18 09:59:36 | INFO | [ncluster=139/139] AUC-ROC=50.00%  AUC-PR=52.63%  F1=0.0000  MCC=0.0000  Train=0.364s  Test=4.216s  Peak RAM=38.984 MB
2026-03-18 09:59:36 | INFO | [ncluster=142/142] AUC-ROC=50.00%  AUC-PR=52.63%  F1=0.0000  MCC=0.0000  Train=0.201s  Test=3.305s  Peak RAM=38.985 MB
2026-03-18 09:59:36 | INFO | [ncluster=145/145] AUC-ROC=50.00%  AUC-PR=52.63%  F1=0.0000  MCC=0.0000  Train=0.490s  Test=4.036s  Peak RAM=38.986 MB
2026-03-18 09:59:36 | INFO | [ncluster=148/148] AUC-ROC=50.00%  AUC-PR=52.63%  F1=0.0000  MCC=0.0000  Train=0.272s  Test=3.837s  Peak RAM=38.989 MB
2026-03-18 09:59:36 | INFO | [ncluster=151/151] AUC-ROC=50.00%  AUC-PR=52.63%  F1=0.0000  MCC=0.0000  Train=0.428s  Test=3.613s  Peak RAM=38.987 MB
2026-03-18 09:59:36 | INFO | [ncluster=154/154] AUC-ROC=50.00%  AUC-PR=52.63%  F1=0.0000  MCC=0.0000  Train=0.326s  Test=3.933s  Peak RAM=38.988 MB
2026-03-18 09:59:36 | INFO | [ncluster=157/157] AUC-ROC=50.00%  AUC-PR=52.63%  F1=0.0000  MCC=0.0000  Train=0.493s  Test=3.483s  Peak RAM=38.988 MB
2026-03-18 09:59:36 | INFO | [ncluster=160/160] AUC-ROC=50.00%  AUC-PR=52.63%  F1=0.0000  MCC=0.0000  Train=0.320s  Test=4.532s  Peak RAM=38.99 MB
2026-03-18 09:59:36 | INFO | [ncluster=163/163] AUC-ROC=50.00%  AUC-PR=52.63%  F1=0.0000  MCC=0.0000  Train=0.440s  Test=3.939s  Peak RAM=38.989 MB
2026-03-18 09:59:36 | INFO | [ncluster=166/166] AUC-ROC=50.00%  AUC-PR=52.63%  F1=0.0000  MCC=0.0000  Train=0.381s  Test=4.416s  Peak RAM=38.992 MB
2026-03-18 09:59:36 | INFO | [ncluster=169/169] AUC-ROC=50.00%  AUC-PR=52.63%  F1=0.0000  MCC=0.0000  Train=0.607s  Test=4.289s  Peak RAM=38.99 MB
2026-03-18 09:59:36 | INFO | [ncluster=172/172] AUC-ROC=50.00%  AUC-PR=52.63%  F1=0.0000  MCC=0.0000  Train=0.312s  Test=3.093s  Peak RAM=38.989 MB
2026-03-18 09:59:36 | INFO | [ncluster=175/175] AUC-ROC=50.00%  AUC-PR=52.63%  F1=0.0000  MCC=0.0000  Train=0.312s  Test=3.251s  Peak RAM=38.992 MB
2026-03-18 09:59:36 | INFO | [ncluster=178/178] AUC-ROC=50.00%  AUC-PR=52.63%  F1=0.0000  MCC=0.0000  Train=0.438s  Test=2.872s  Peak RAM=38.994 MB
2026-03-18 09:59:36 | INFO | [ncluster=181/181] AUC-ROC=50.00%  AUC-PR=52.63%  F1=0.0000  MCC=0.0000  Train=0.419s  Test=2.761s  Peak RAM=38.992 MB
2026-03-18 09:59:36 | INFO | [ncluster=184/184] AUC-ROC=50.00%  AUC-PR=52.63%  F1=0.0000  MCC=0.0000  Train=0.415s  Test=3.188s  Peak RAM=38.993 MB
2026-03-18 09:59:36 | INFO | [ncluster=187/187] AUC-ROC=50.00%  AUC-PR=52.63%  F1=0.0000  MCC=0.0000  Train=0.364s  Test=3.658s  Peak RAM=38.997 MB
2026-03-18 09:59:36 | INFO | [ncluster=190/190] AUC-ROC=50.00%  AUC-PR=52.63%  F1=0.0000  MCC=0.0000  Train=0.287s  Test=3.669s  Peak RAM=38.994 MB
2026-03-18 09:59:36 | INFO | [ncluster=193/193] AUC-ROC=50.00%  AUC-PR=52.63%  F1=0.0000  MCC=0.0000  Train=0.467s  Test=3.961s  Peak RAM=38.998 MB
2026-03-18 09:59:36 | INFO | [ncluster=196/196] AUC-ROC=50.00%  AUC-PR=52.63%  F1=0.0000  MCC=0.0000  Train=0.383s  Test=4.248s  Peak RAM=38.995 MB
2026-03-18 09:59:36 | INFO | [ncluster=199/199] AUC-ROC=50.00%  AUC-PR=52.63%  F1=0.0000  MCC=0.0000  Train=0.247s  Test=2.844s  Peak RAM=38.997 MB
2026-03-18 09:59:36 | INFO | [ncluster=202/202] AUC-ROC=50.00%  AUC-PR=52.63%  F1=0.0000  MCC=0.0000  Train=0.280s  Test=4.093s  Peak RAM=38.996 MB
2026-03-18 09:59:36 | INFO | [ncluster=205/205] AUC-ROC=50.00%  AUC-PR=52.63%  F1=0.0000  MCC=0.0000  Train=0.576s  Test=4.493s  Peak RAM=39.0 MB
2026-03-18 09:59:36 | INFO | [ncluster=208/208] AUC-ROC=50.00%  AUC-PR=52.63%  F1=0.0000  MCC=0.0000  Train=0.727s  Test=4.138s  Peak RAM=38.999 MB
2026-03-18 09:59:36 | INFO | [ncluster=211/211] AUC-ROC=50.00%  AUC-PR=52.63%  F1=0.0000  MCC=0.0000  Train=0.827s  Test=4.174s  Peak RAM=38.998 MB
2026-03-18 09:59:36 | INFO | [ncluster=214/214] AUC-ROC=50.00%  AUC-PR=52.63%  F1=0.0000  MCC=0.0000  Train=0.211s  Test=3.167s  Peak RAM=38.998 MB
2026-03-18 09:59:36 | INFO | [ncluster=217/217] AUC-ROC=50.00%  AUC-PR=52.63%  F1=0.0000  MCC=0.0000  Train=0.376s  Test=2.991s  Peak RAM=38.999 MB
2026-03-18 09:59:36 | INFO | [ncluster=220/220] AUC-ROC=50.00%  AUC-PR=52.63%  F1=0.0000  MCC=0.0000  Train=0.293s  Test=3.311s  Peak RAM=39.001 MB
2026-03-18 09:59:36 | INFO | [ncluster=223/223] AUC-ROC=50.00%  AUC-PR=52.63%  F1=0.0000  MCC=0.0000  Train=0.306s  Test=3.077s  Peak RAM=39.001 MB
2026-03-18 09:59:36 | INFO | [ncluster=226/226] AUC-ROC=50.00%  AUC-PR=52.63%  F1=0.0000  MCC=0.0000  Train=0.283s  Test=2.635s  Peak RAM=39.002 MB
2026-03-18 09:59:36 | INFO | [ncluster=229/229] AUC-ROC=50.00%  AUC-PR=52.63%  F1=0.0000  MCC=0.0000  Train=0.470s  Test=3.188s  Peak RAM=39.004 MB
2026-03-18 09:59:36 | INFO | [ncluster=232/232] AUC-ROC=50.00%  AUC-PR=52.63%  F1=0.0000  MCC=0.0000  Train=0.314s  Test=3.072s  Peak RAM=39.002 MB
2026-03-18 09:59:36 | INFO | [ncluster=235/235] AUC-ROC=50.00%  AUC-PR=52.63%  F1=0.0000  MCC=0.0000  Train=0.340s  Test=3.324s  Peak RAM=39.001 MB
2026-03-18 09:59:36 | INFO | [ncluster=238/238] AUC-ROC=50.00%  AUC-PR=52.63%  F1=0.0000  MCC=0.0000  Train=0.474s  Test=3.974s  Peak RAM=39.002 MB
2026-03-18 09:59:36 | INFO | [ncluster=241/241] AUC-ROC=50.00%  AUC-PR=52.63%  F1=0.0000  MCC=0.0000  Train=0.258s  Test=3.828s  Peak RAM=39.005 MB
2026-03-18 09:59:36 | INFO | [ncluster=244/244] AUC-ROC=50.00%  AUC-PR=52.63%  F1=0.0000  MCC=0.0000  Train=0.657s  Test=4.058s  Peak RAM=39.006 MB
2026-03-18 09:59:36 | INFO | [ncluster=247/247] AUC-ROC=50.00%  AUC-PR=52.63%  F1=0.0000  MCC=0.0000  Train=0.523s  Test=3.002s  Peak RAM=39.005 MB
2026-03-18 09:59:36 | INFO | [ncluster=250/250] AUC-ROC=50.00%  AUC-PR=52.63%  F1=0.0000  MCC=0.0000  Train=0.274s  Test=2.920s  Peak RAM=39.005 MB
2026-03-18 09:59:36 | INFO | [ncluster=253/253] AUC-ROC=50.00%  AUC-PR=52.63%  F1=0.0000  MCC=0.0000  Train=0.246s  Test=3.057s  Peak RAM=39.005 MB
2026-03-18 09:59:36 | INFO | [ncluster=256/256] AUC-ROC=50.00%  AUC-PR=52.63%  F1=0.0000  MCC=0.0000  Train=0.517s  Test=2.651s  Peak RAM=39.006 MB
2026-03-18 09:59:36 | INFO | [ncluster=259/259] AUC-ROC=50.00%  AUC-PR=52.63%  F1=0.0000  MCC=0.0000  Train=0.368s  Test=2.853s  Peak RAM=39.007 MB
2026-03-18 09:59:36 | INFO | [ncluster=262/262] AUC-ROC=50.00%  AUC-PR=52.63%  F1=0.0000  MCC=0.0000  Train=0.346s  Test=4.925s  Peak RAM=39.008 MB
2026-03-18 09:59:36 | INFO | [ncluster=265/265] AUC-ROC=50.00%  AUC-PR=52.63%  F1=0.0000  MCC=0.0000  Train=0.329s  Test=4.362s  Peak RAM=39.008 MB
2026-03-18 09:59:36 | INFO | [ncluster=268/268] AUC-ROC=50.00%  AUC-PR=52.63%  F1=0.0000  MCC=0.0000  Train=0.387s  Test=3.716s  Peak RAM=39.009 MB
2026-03-18 09:59:36 | INFO | [ncluster=271/271] AUC-ROC=50.00%  AUC-PR=52.63%  F1=0.0000  MCC=0.0000  Train=0.267s  Test=2.458s  Peak RAM=39.01 MB
2026-03-18 09:59:36 | INFO | [ncluster=274/274] AUC-ROC=50.00%  AUC-PR=52.63%  F1=0.0000  MCC=0.0000  Train=0.519s  Test=3.798s  Peak RAM=39.009 MB
2026-03-18 09:59:36 | INFO | [ncluster=277/277] AUC-ROC=50.00%  AUC-PR=52.63%  F1=0.0000  MCC=0.0000  Train=0.376s  Test=3.919s  Peak RAM=39.01 MB
2026-03-18 09:59:36 | INFO | [ncluster=280/280] AUC-ROC=50.00%  AUC-PR=52.63%  F1=0.0000  MCC=0.0000  Train=0.217s  Test=3.623s  Peak RAM=39.012 MB
2026-03-18 09:59:36 | INFO | [ncluster=283/283] AUC-ROC=50.00%  AUC-PR=52.63%  F1=0.0000  MCC=0.0000  Train=0.345s  Test=2.611s  Peak RAM=39.011 MB
2026-03-18 09:59:36 | INFO | [ncluster=286/286] AUC-ROC=50.00%  AUC-PR=52.63%  F1=0.0000  MCC=0.0000  Train=0.134s  Test=2.007s  Peak RAM=39.012 MB
2026-03-18 09:59:36 | INFO | [ncluster=289/289] AUC-ROC=50.00%  AUC-PR=52.63%  F1=0.0000  MCC=0.0000  Train=0.144s  Test=1.885s  Peak RAM=39.011 MB
2026-03-18 09:59:36 | INFO | [ncluster=292/292] AUC-ROC=50.00%  AUC-PR=52.63%  F1=0.0000  MCC=0.0000  Train=0.131s  Test=1.891s  Peak RAM=39.013 MB
2026-03-18 09:59:36 | INFO | [ncluster=295/295] AUC-ROC=50.00%  AUC-PR=52.63%  F1=0.0000  MCC=0.0000  Train=0.122s  Test=1.678s  Peak RAM=39.012 MB
2026-03-18 09:59:36 | INFO | [ncluster=298/298] AUC-ROC=50.00%  AUC-PR=52.63%  F1=0.0000  MCC=0.0000  Train=0.123s  Test=1.763s  Peak RAM=39.016 MB
2026-03-18 09:59:36 | INFO | Results saved to: /home/jupyter-iclr2025/New Project/NFST/GMM-nfst/notebooks/experiments/outputs/Experiment_OC_NFST_MemOpt_20260318_083803/data_CICIoT2023_memopt.csv
2026-03-18 09:59:36 | INFO | Log saved to    : /home/jupyter-iclr2025/New Project/NFST/GMM-nfst/notebooks/experiments/outputs/Experiment_OC_NFST_MemOpt_20260318_083803/data_CICIoT2023_memopt.log
