2026-03-18 01:41:11 | INFO | Run started at 20260318_014111
2026-03-18 01:41:11 | INFO | Dataset prefix : data_CICIoT2023
2026-03-18 01:41:11 | INFO | Scalers        : ['StandardScaler', 'MinMaxScaler', 'Normalizer', 'QuantileTransformer', 'RobustScaler']
2026-03-18 01:41:11 | INFO | N_CLUSTERS     : range(1, 301, 3) — 84 values
2026-03-18 01:41:11 | INFO | NOISE_LIST     : [0, 1, 3, 5]
2026-03-18 01:41:11 | INFO | CSV output     : /home/jupyter-iclr2025/New Project/NFST/GMM-nfst/notebooks/experiments/outputs/noise/data_CICIoT2023_memopt_20260318_014111.csv
2026-03-18 01:41:11 | INFO | Log file       : /home/jupyter-iclr2025/New Project/NFST/GMM-nfst/notebooks/experiments/logs/data_CICIoT2023_memopt_20260318_014111.log
2026-03-18 01:41:11 | INFO | ------------------------------------------------------------
2026-03-18 01:41:11 | INFO | 
>>> Processing data_CICIoT2023 | scaler=StandardScaler
2026-03-18 01:41:11 | INFO | --- noise=0% ---
2026-03-18 01:41:11 | INFO | ============================================================
2026-03-18 01:41:11 | INFO | Dataset  : Train_StandardScaler_data_CICIoT2023.csv
2026-03-18 01:41:11 | INFO | Scaler   : StandardScaler
2026-03-18 01:41:11 | INFO | Noise    : 0%
2026-03-18 01:41:11 | INFO | nClusters: 84 values (50..299)
2026-03-18 01:41:11 | INFO | ============================================================
2026-03-18 01:41:11 | INFO | Loaded Raw Shape -> Train: (30000, 45), Test: (30000, 45)
2026-03-18 01:41:11 | INFO | Training size : 30,000  |  Testing size: 30,000  |  Features: 44
2026-03-18 01:41:16 | INFO | [ncluster=50/50] AUC-ROC=52.08%  AUC-PR=51.06%  F1=0.6760  MCC=0.1453  Train=0.070s  Test=2.165s  Peak RAM=37.299 MB
2026-03-18 01:41:21 | INFO | [ncluster=53/53] AUC-ROC=52.06%  AUC-PR=51.05%  F1=0.6759  MCC=0.1449  Train=0.069s  Test=2.179s  Peak RAM=37.127 MB
2026-03-18 01:41:26 | INFO | [ncluster=56/56] AUC-ROC=52.07%  AUC-PR=51.06%  F1=0.6760  MCC=0.1454  Train=0.064s  Test=2.173s  Peak RAM=37.115 MB
2026-03-18 01:41:32 | INFO | [ncluster=59/59] AUC-ROC=52.11%  AUC-PR=51.08%  F1=0.6762  MCC=0.1468  Train=0.075s  Test=2.189s  Peak RAM=37.114 MB
2026-03-18 01:41:37 | INFO | [ncluster=62/62] AUC-ROC=52.04%  AUC-PR=51.04%  F1=0.6759  MCC=0.1444  Train=0.065s  Test=2.168s  Peak RAM=37.115 MB
2026-03-18 01:41:42 | INFO | [ncluster=65/65] AUC-ROC=52.20%  AUC-PR=51.12%  F1=0.6766  MCC=0.1499  Train=0.066s  Test=2.130s  Peak RAM=37.115 MB
2026-03-18 01:41:48 | INFO | [ncluster=68/68] AUC-ROC=52.06%  AUC-PR=51.05%  F1=0.6759  MCC=0.1449  Train=0.066s  Test=2.165s  Peak RAM=37.115 MB
2026-03-18 01:41:54 | INFO | [ncluster=71/71] AUC-ROC=52.05%  AUC-PR=51.05%  F1=0.6759  MCC=0.1446  Train=0.066s  Test=2.175s  Peak RAM=37.116 MB
2026-03-18 01:42:00 | INFO | [ncluster=74/74] AUC-ROC=52.07%  AUC-PR=51.06%  F1=0.6760  MCC=0.1453  Train=0.075s  Test=2.177s  Peak RAM=37.116 MB
2026-03-18 01:42:06 | INFO | [ncluster=77/77] AUC-ROC=52.07%  AUC-PR=51.06%  F1=0.6760  MCC=0.1453  Train=0.067s  Test=2.157s  Peak RAM=37.116 MB
2026-03-18 01:42:12 | INFO | [ncluster=80/80] AUC-ROC=52.05%  AUC-PR=51.05%  F1=0.6759  MCC=0.1447  Train=0.068s  Test=2.162s  Peak RAM=37.118 MB
2026-03-18 01:42:18 | INFO | [ncluster=83/83] AUC-ROC=52.04%  AUC-PR=51.04%  F1=0.6759  MCC=0.1444  Train=0.067s  Test=2.136s  Peak RAM=37.118 MB
2026-03-18 01:42:25 | INFO | [ncluster=86/86] AUC-ROC=52.06%  AUC-PR=51.05%  F1=0.6759  MCC=0.1449  Train=0.068s  Test=2.074s  Peak RAM=37.118 MB
2026-03-18 01:42:31 | INFO | [ncluster=89/89] AUC-ROC=52.11%  AUC-PR=51.08%  F1=0.6762  MCC=0.1468  Train=0.066s  Test=2.130s  Peak RAM=37.118 MB
2026-03-18 01:42:38 | INFO | [ncluster=92/92] AUC-ROC=52.17%  AUC-PR=51.11%  F1=0.6765  MCC=0.1489  Train=0.067s  Test=2.059s  Peak RAM=37.119 MB
2026-03-18 01:42:44 | INFO | [ncluster=95/95] AUC-ROC=52.05%  AUC-PR=51.05%  F1=0.6759  MCC=0.1447  Train=0.067s  Test=2.156s  Peak RAM=37.12 MB
2026-03-18 01:42:51 | INFO | [ncluster=98/98] AUC-ROC=52.05%  AUC-PR=51.05%  F1=0.6759  MCC=0.1448  Train=0.068s  Test=2.160s  Peak RAM=37.12 MB
2026-03-18 01:42:59 | INFO | [ncluster=101/101] AUC-ROC=52.04%  AUC-PR=51.04%  F1=0.6759  MCC=0.1444  Train=0.068s  Test=2.158s  Peak RAM=37.121 MB
2026-03-18 01:43:06 | INFO | [ncluster=104/104] AUC-ROC=52.05%  AUC-PR=51.04%  F1=0.6759  MCC=0.1445  Train=0.069s  Test=2.172s  Peak RAM=37.122 MB
2026-03-18 01:43:13 | INFO | [ncluster=107/107] AUC-ROC=52.04%  AUC-PR=51.04%  F1=0.6759  MCC=0.1444  Train=0.069s  Test=2.174s  Peak RAM=37.122 MB
2026-03-18 01:43:21 | INFO | [ncluster=110/110] AUC-ROC=52.05%  AUC-PR=51.05%  F1=0.6759  MCC=0.1444  Train=0.069s  Test=2.180s  Peak RAM=37.122 MB
2026-03-18 01:43:28 | INFO | [ncluster=113/113] AUC-ROC=52.05%  AUC-PR=51.05%  F1=0.6759  MCC=0.1447  Train=0.076s  Test=2.165s  Peak RAM=37.123 MB
2026-03-18 01:43:36 | INFO | [ncluster=116/116] AUC-ROC=52.04%  AUC-PR=51.04%  F1=0.6759  MCC=0.1444  Train=0.070s  Test=2.185s  Peak RAM=37.125 MB
2026-03-18 01:43:44 | INFO | [ncluster=119/119] AUC-ROC=52.05%  AUC-PR=51.05%  F1=0.6759  MCC=0.1441  Train=0.070s  Test=2.160s  Peak RAM=37.126 MB
2026-03-18 01:43:52 | INFO | [ncluster=122/122] AUC-ROC=52.06%  AUC-PR=51.05%  F1=0.6760  MCC=0.1451  Train=0.071s  Test=2.087s  Peak RAM=37.125 MB
2026-03-18 01:44:00 | INFO | [ncluster=125/125] AUC-ROC=52.06%  AUC-PR=51.05%  F1=0.6759  MCC=0.1450  Train=0.071s  Test=2.097s  Peak RAM=37.125 MB
2026-03-18 01:44:08 | INFO | [ncluster=128/128] AUC-ROC=52.04%  AUC-PR=51.04%  F1=0.6759  MCC=0.1444  Train=0.072s  Test=2.165s  Peak RAM=37.125 MB
2026-03-18 01:44:17 | INFO | [ncluster=131/131] AUC-ROC=52.05%  AUC-PR=51.04%  F1=0.6759  MCC=0.1445  Train=0.076s  Test=2.158s  Peak RAM=37.126 MB
2026-03-18 01:44:25 | INFO | [ncluster=134/134] AUC-ROC=52.05%  AUC-PR=51.04%  F1=0.6759  MCC=0.1445  Train=0.073s  Test=2.107s  Peak RAM=37.127 MB
2026-03-18 01:44:34 | INFO | [ncluster=137/137] AUC-ROC=52.04%  AUC-PR=51.04%  F1=0.6759  MCC=0.1444  Train=0.073s  Test=2.181s  Peak RAM=37.127 MB
2026-03-18 01:44:43 | INFO | [ncluster=140/140] AUC-ROC=52.04%  AUC-PR=51.04%  F1=0.6759  MCC=0.1444  Train=0.073s  Test=2.141s  Peak RAM=37.127 MB
2026-03-18 01:44:52 | INFO | [ncluster=143/143] AUC-ROC=52.05%  AUC-PR=51.05%  F1=0.6759  MCC=0.1448  Train=0.073s  Test=2.173s  Peak RAM=37.128 MB
2026-03-18 01:45:01 | INFO | [ncluster=146/146] AUC-ROC=52.08%  AUC-PR=51.06%  F1=0.6760  MCC=0.1457  Train=0.074s  Test=2.118s  Peak RAM=37.129 MB
2026-03-18 01:45:11 | INFO | [ncluster=149/149] AUC-ROC=52.04%  AUC-PR=51.04%  F1=0.6759  MCC=0.1444  Train=0.081s  Test=2.166s  Peak RAM=37.129 MB
2026-03-18 01:45:20 | INFO | [ncluster=152/152] AUC-ROC=52.06%  AUC-PR=51.05%  F1=0.6759  MCC=0.1450  Train=0.076s  Test=2.168s  Peak RAM=37.129 MB
2026-03-18 01:45:30 | INFO | [ncluster=155/155] AUC-ROC=52.06%  AUC-PR=51.05%  F1=0.6759  MCC=0.1440  Train=0.076s  Test=2.102s  Peak RAM=37.131 MB
2026-03-18 01:45:40 | INFO | [ncluster=158/158] AUC-ROC=52.08%  AUC-PR=51.06%  F1=0.6760  MCC=0.1457  Train=0.082s  Test=2.086s  Peak RAM=37.131 MB
2026-03-18 01:45:49 | INFO | [ncluster=161/161] AUC-ROC=52.64%  AUC-PR=51.36%  F1=0.6786  MCC=0.1647  Train=0.077s  Test=2.190s  Peak RAM=37.131 MB
2026-03-18 01:46:00 | INFO | [ncluster=164/164] AUC-ROC=52.04%  AUC-PR=51.04%  F1=0.6759  MCC=0.1445  Train=0.082s  Test=2.120s  Peak RAM=37.131 MB
2026-03-18 01:46:10 | INFO | [ncluster=167/167] AUC-ROC=52.59%  AUC-PR=51.33%  F1=0.6784  MCC=0.1631  Train=0.077s  Test=2.169s  Peak RAM=37.132 MB
2026-03-18 01:46:20 | INFO | [ncluster=170/170] AUC-ROC=52.06%  AUC-PR=51.05%  F1=0.6759  MCC=0.1449  Train=0.077s  Test=2.073s  Peak RAM=37.133 MB
2026-03-18 01:46:30 | INFO | [ncluster=173/173] AUC-ROC=52.05%  AUC-PR=51.05%  F1=0.6759  MCC=0.1447  Train=0.078s  Test=2.096s  Peak RAM=37.133 MB
2026-03-18 01:46:41 | INFO | [ncluster=176/176] AUC-ROC=52.06%  AUC-PR=51.05%  F1=0.6760  MCC=0.1451  Train=0.078s  Test=2.122s  Peak RAM=37.134 MB
2026-03-18 01:46:52 | INFO | [ncluster=179/179] AUC-ROC=52.39%  AUC-PR=51.22%  F1=0.6775  MCC=0.1565  Train=0.078s  Test=2.147s  Peak RAM=37.135 MB
2026-03-18 01:47:03 | INFO | [ncluster=182/182] AUC-ROC=52.09%  AUC-PR=51.07%  F1=0.6761  MCC=0.1460  Train=0.083s  Test=2.111s  Peak RAM=37.135 MB
2026-03-18 01:47:14 | INFO | [ncluster=185/185] AUC-ROC=52.04%  AUC-PR=51.04%  F1=0.6759  MCC=0.1445  Train=0.079s  Test=2.076s  Peak RAM=37.135 MB
2026-03-18 01:47:25 | INFO | [ncluster=188/188] AUC-ROC=52.05%  AUC-PR=51.05%  F1=0.6759  MCC=0.1447  Train=0.080s  Test=2.173s  Peak RAM=37.137 MB
2026-03-18 01:47:36 | INFO | [ncluster=191/191] AUC-ROC=52.04%  AUC-PR=51.04%  F1=0.6759  MCC=0.1444  Train=0.080s  Test=2.193s  Peak RAM=37.136 MB
2026-03-18 01:47:48 | INFO | [ncluster=194/194] AUC-ROC=52.06%  AUC-PR=51.05%  F1=0.6759  MCC=0.1449  Train=0.080s  Test=2.085s  Peak RAM=37.137 MB
2026-03-18 01:47:59 | INFO | [ncluster=197/197] AUC-ROC=52.06%  AUC-PR=51.05%  F1=0.6759  MCC=0.1449  Train=0.081s  Test=2.079s  Peak RAM=37.137 MB
2026-03-18 01:48:11 | INFO | [ncluster=200/200] AUC-ROC=52.06%  AUC-PR=51.05%  F1=0.6759  MCC=0.1449  Train=0.084s  Test=2.094s  Peak RAM=37.139 MB
2026-03-18 01:48:24 | INFO | [ncluster=203/203] AUC-ROC=52.06%  AUC-PR=51.05%  F1=0.6759  MCC=0.1449  Train=0.086s  Test=2.904s  Peak RAM=37.139 MB
2026-03-18 01:48:36 | INFO | [ncluster=206/206] AUC-ROC=52.10%  AUC-PR=51.07%  F1=0.6761  MCC=0.1465  Train=0.103s  Test=2.137s  Peak RAM=37.14 MB
2026-03-18 01:48:48 | INFO | [ncluster=209/209] AUC-ROC=52.25%  AUC-PR=51.15%  F1=0.6768  MCC=0.1517  Train=0.083s  Test=2.178s  Peak RAM=37.14 MB
2026-03-18 01:49:00 | INFO | [ncluster=212/212] AUC-ROC=52.05%  AUC-PR=51.04%  F1=0.6759  MCC=0.1445  Train=0.090s  Test=2.107s  Peak RAM=37.14 MB
2026-03-18 01:49:13 | INFO | [ncluster=215/215] AUC-ROC=52.08%  AUC-PR=51.06%  F1=0.6760  MCC=0.1457  Train=0.086s  Test=2.106s  Peak RAM=37.141 MB
2026-03-18 01:49:25 | INFO | [ncluster=218/218] AUC-ROC=52.06%  AUC-PR=51.05%  F1=0.6759  MCC=0.1449  Train=0.096s  Test=2.124s  Peak RAM=37.142 MB
2026-03-18 01:49:38 | INFO | [ncluster=221/221] AUC-ROC=52.06%  AUC-PR=51.05%  F1=0.6759  MCC=0.1446  Train=0.084s  Test=2.095s  Peak RAM=37.142 MB
2026-03-18 01:49:51 | INFO | [ncluster=224/224] AUC-ROC=52.05%  AUC-PR=51.04%  F1=0.6759  MCC=0.1445  Train=0.090s  Test=2.183s  Peak RAM=37.143 MB
2026-03-18 01:50:04 | INFO | [ncluster=227/227] AUC-ROC=52.05%  AUC-PR=51.05%  F1=0.6759  MCC=0.1448  Train=0.162s  Test=2.272s  Peak RAM=37.143 MB
2026-03-18 01:50:17 | INFO | [ncluster=230/230] AUC-ROC=52.07%  AUC-PR=51.06%  F1=0.6760  MCC=0.1453  Train=0.086s  Test=2.118s  Peak RAM=37.144 MB
2026-03-18 01:50:30 | INFO | [ncluster=233/233] AUC-ROC=52.04%  AUC-PR=51.04%  F1=0.6759  MCC=0.1444  Train=0.103s  Test=2.144s  Peak RAM=37.144 MB
2026-03-18 01:50:43 | INFO | [ncluster=236/236] AUC-ROC=52.07%  AUC-PR=51.06%  F1=0.6760  MCC=0.1450  Train=0.086s  Test=2.101s  Peak RAM=37.145 MB
2026-03-18 01:50:57 | INFO | [ncluster=239/239] AUC-ROC=52.05%  AUC-PR=51.04%  F1=0.6759  MCC=0.1445  Train=0.087s  Test=2.191s  Peak RAM=37.145 MB
2026-03-18 01:51:10 | INFO | [ncluster=242/242] AUC-ROC=52.06%  AUC-PR=51.05%  F1=0.6759  MCC=0.1449  Train=0.104s  Test=2.121s  Peak RAM=37.146 MB
2026-03-18 01:51:24 | INFO | [ncluster=245/245] AUC-ROC=52.04%  AUC-PR=51.04%  F1=0.6759  MCC=0.1444  Train=0.091s  Test=2.183s  Peak RAM=37.146 MB
2026-03-18 01:51:38 | INFO | [ncluster=248/248] AUC-ROC=52.05%  AUC-PR=51.04%  F1=0.6759  MCC=0.1445  Train=0.088s  Test=2.093s  Peak RAM=37.147 MB
2026-03-18 01:51:52 | INFO | [ncluster=251/251] AUC-ROC=52.05%  AUC-PR=51.04%  F1=0.6759  MCC=0.1445  Train=0.089s  Test=2.080s  Peak RAM=37.148 MB
2026-03-18 01:52:06 | INFO | [ncluster=254/254] AUC-ROC=52.04%  AUC-PR=51.04%  F1=0.6759  MCC=0.1444  Train=0.089s  Test=2.152s  Peak RAM=37.148 MB
2026-03-18 01:52:20 | INFO | [ncluster=257/257] AUC-ROC=52.08%  AUC-PR=51.06%  F1=0.6761  MCC=0.1459  Train=0.090s  Test=2.151s  Peak RAM=37.149 MB
2026-03-18 01:52:34 | INFO | [ncluster=260/260] AUC-ROC=52.06%  AUC-PR=51.05%  F1=0.6760  MCC=0.1451  Train=0.090s  Test=2.149s  Peak RAM=37.149 MB
2026-03-18 01:52:48 | INFO | [ncluster=263/263] AUC-ROC=52.05%  AUC-PR=51.04%  F1=0.6759  MCC=0.1445  Train=0.090s  Test=2.101s  Peak RAM=37.15 MB
2026-03-18 01:53:03 | INFO | [ncluster=266/266] AUC-ROC=52.06%  AUC-PR=51.05%  F1=0.6759  MCC=0.1449  Train=0.113s  Test=2.092s  Peak RAM=37.15 MB
2026-03-18 01:53:18 | INFO | [ncluster=269/269] AUC-ROC=52.44%  AUC-PR=51.25%  F1=0.6777  MCC=0.1581  Train=0.102s  Test=2.154s  Peak RAM=37.151 MB
2026-03-18 01:53:33 | INFO | [ncluster=272/272] AUC-ROC=52.31%  AUC-PR=51.18%  F1=0.6771  MCC=0.1538  Train=0.093s  Test=2.179s  Peak RAM=37.151 MB
2026-03-18 01:53:47 | INFO | [ncluster=275/275] AUC-ROC=52.05%  AUC-PR=51.05%  F1=0.6759  MCC=0.1448  Train=0.092s  Test=2.079s  Peak RAM=37.152 MB
2026-03-18 01:54:03 | INFO | [ncluster=278/278] AUC-ROC=52.05%  AUC-PR=51.05%  F1=0.6759  MCC=0.1448  Train=0.092s  Test=2.155s  Peak RAM=37.152 MB
2026-03-18 01:54:18 | INFO | [ncluster=281/281] AUC-ROC=52.07%  AUC-PR=51.06%  F1=0.6760  MCC=0.1453  Train=0.093s  Test=2.092s  Peak RAM=37.153 MB
2026-03-18 01:54:33 | INFO | [ncluster=284/284] AUC-ROC=52.08%  AUC-PR=51.06%  F1=0.6760  MCC=0.1452  Train=0.093s  Test=2.121s  Peak RAM=37.153 MB
2026-03-18 01:54:49 | INFO | [ncluster=287/287] AUC-ROC=52.06%  AUC-PR=51.05%  F1=0.6760  MCC=0.1451  Train=0.093s  Test=2.161s  Peak RAM=37.154 MB
2026-03-18 01:55:04 | INFO | [ncluster=290/290] AUC-ROC=52.22%  AUC-PR=51.14%  F1=0.6767  MCC=0.1507  Train=0.094s  Test=2.116s  Peak RAM=37.155 MB
2026-03-18 01:55:20 | INFO | [ncluster=293/293] AUC-ROC=52.04%  AUC-PR=51.04%  F1=0.6759  MCC=0.1445  Train=0.094s  Test=2.116s  Peak RAM=37.154 MB
2026-03-18 01:55:36 | INFO | [ncluster=296/296] AUC-ROC=52.06%  AUC-PR=51.05%  F1=0.6759  MCC=0.1438  Train=0.094s  Test=2.186s  Peak RAM=37.155 MB
2026-03-18 01:55:52 | INFO | [ncluster=299/299] AUC-ROC=52.06%  AUC-PR=51.05%  F1=0.6759  MCC=0.1449  Train=0.094s  Test=2.104s  Peak RAM=37.156 MB
2026-03-18 01:55:52 | INFO | --- noise=1% ---
2026-03-18 01:55:52 | INFO | ============================================================
2026-03-18 01:55:52 | INFO | Dataset  : Train_StandardScaler_data_CICIoT2023.csv
2026-03-18 01:55:52 | INFO | Scaler   : StandardScaler
2026-03-18 01:55:52 | INFO | Noise    : 1%
2026-03-18 01:55:52 | INFO | nClusters: 84 values (50..299)
2026-03-18 01:55:52 | INFO | ============================================================
2026-03-18 01:55:52 | INFO | Loaded Raw Shape -> Train: (30000, 45), Test: (30000, 45)
2026-03-18 01:55:52 | INFO | Training size : 30,300  |  Testing size: 29,700  |  Features: 44
2026-03-18 01:55:57 | INFO | [ncluster=50/50] AUC-ROC=50.02%  AUC-PR=50.51%  F1=0.6712  MCC=0.0131  Train=0.092s  Test=2.189s  Peak RAM=37.484 MB
2026-03-18 01:56:02 | INFO | [ncluster=53/53] AUC-ROC=50.07%  AUC-PR=50.54%  F1=0.6714  MCC=0.0262  Train=0.066s  Test=2.240s  Peak RAM=37.482 MB
2026-03-18 01:56:07 | INFO | [ncluster=56/56] AUC-ROC=50.01%  AUC-PR=50.51%  F1=0.6712  MCC=0.0102  Train=0.069s  Test=2.200s  Peak RAM=37.482 MB
2026-03-18 01:56:12 | INFO | [ncluster=59/59] AUC-ROC=51.10%  AUC-PR=51.06%  F1=0.6760  MCC=0.1058  Train=0.069s  Test=2.202s  Peak RAM=37.484 MB
2026-03-18 01:56:18 | INFO | [ncluster=62/62] AUC-ROC=50.01%  AUC-PR=50.51%  F1=0.6712  MCC=0.0083  Train=0.070s  Test=2.213s  Peak RAM=37.483 MB
2026-03-18 01:56:23 | INFO | [ncluster=65/65] AUC-ROC=50.01%  AUC-PR=50.51%  F1=0.6712  MCC=0.0102  Train=0.070s  Test=2.225s  Peak RAM=37.484 MB
2026-03-18 01:56:29 | INFO | [ncluster=68/68] AUC-ROC=50.00%  AUC-PR=50.51%  F1=0.0000  MCC=0.0000  Train=0.072s  Test=2.228s  Peak RAM=37.485 MB
2026-03-18 01:56:35 | INFO | [ncluster=71/71] AUC-ROC=50.01%  AUC-PR=50.51%  F1=0.6712  MCC=0.0083  Train=0.071s  Test=2.225s  Peak RAM=37.485 MB
2026-03-18 01:56:41 | INFO | [ncluster=74/74] AUC-ROC=50.01%  AUC-PR=50.51%  F1=0.6712  MCC=0.0117  Train=0.072s  Test=2.237s  Peak RAM=37.486 MB
2026-03-18 01:56:47 | INFO | [ncluster=77/77] AUC-ROC=50.00%  AUC-PR=50.51%  F1=0.0000  MCC=0.0000  Train=0.072s  Test=2.187s  Peak RAM=37.486 MB
2026-03-18 01:56:53 | INFO | [ncluster=80/80] AUC-ROC=50.02%  AUC-PR=50.51%  F1=0.6712  MCC=0.0131  Train=0.072s  Test=2.202s  Peak RAM=37.487 MB
2026-03-18 01:57:00 | INFO | [ncluster=83/83] AUC-ROC=50.00%  AUC-PR=50.51%  F1=0.6712  MCC=0.0059  Train=0.073s  Test=2.242s  Peak RAM=37.487 MB
2026-03-18 01:57:07 | INFO | [ncluster=86/86] AUC-ROC=50.00%  AUC-PR=50.51%  F1=0.6712  MCC=0.0059  Train=0.073s  Test=2.225s  Peak RAM=37.488 MB
2026-03-18 01:57:13 | INFO | [ncluster=89/89] AUC-ROC=50.01%  AUC-PR=50.51%  F1=0.6712  MCC=0.0117  Train=0.073s  Test=2.201s  Peak RAM=37.488 MB
2026-03-18 01:57:20 | INFO | [ncluster=92/92] AUC-ROC=50.01%  AUC-PR=50.51%  F1=0.6712  MCC=0.0083  Train=0.073s  Test=2.206s  Peak RAM=37.489 MB
2026-03-18 01:57:27 | INFO | [ncluster=95/95] AUC-ROC=50.01%  AUC-PR=50.51%  F1=0.6712  MCC=0.0083  Train=0.074s  Test=2.201s  Peak RAM=37.49 MB
2026-03-18 01:57:34 | INFO | [ncluster=98/98] AUC-ROC=51.04%  AUC-PR=51.03%  F1=0.6758  MCC=0.1031  Train=0.086s  Test=2.189s  Peak RAM=37.49 MB
2026-03-18 01:57:41 | INFO | [ncluster=101/101] AUC-ROC=50.01%  AUC-PR=50.51%  F1=0.6712  MCC=0.0096  Train=0.074s  Test=2.199s  Peak RAM=37.491 MB
2026-03-18 01:57:48 | INFO | [ncluster=104/104] AUC-ROC=50.03%  AUC-PR=50.52%  F1=0.6712  MCC=0.0149  Train=0.080s  Test=2.207s  Peak RAM=37.491 MB
2026-03-18 01:57:56 | INFO | [ncluster=107/107] AUC-ROC=50.01%  AUC-PR=50.51%  F1=0.6712  MCC=0.0083  Train=0.076s  Test=2.140s  Peak RAM=37.492 MB
2026-03-18 01:58:03 | INFO | [ncluster=110/110] AUC-ROC=50.01%  AUC-PR=50.51%  F1=0.6712  MCC=0.0102  Train=0.077s  Test=2.139s  Peak RAM=37.492 MB
2026-03-18 01:58:11 | INFO | [ncluster=113/113] AUC-ROC=50.00%  AUC-PR=50.51%  F1=0.6712  MCC=0.0059  Train=0.076s  Test=2.131s  Peak RAM=37.493 MB
2026-03-18 01:58:19 | INFO | [ncluster=116/116] AUC-ROC=50.99%  AUC-PR=51.01%  F1=0.6755  MCC=0.1000  Train=0.076s  Test=2.203s  Peak RAM=37.493 MB
2026-03-18 01:58:27 | INFO | [ncluster=119/119] AUC-ROC=50.01%  AUC-PR=50.51%  F1=0.6712  MCC=0.0083  Train=0.077s  Test=2.192s  Peak RAM=37.494 MB
2026-03-18 01:58:35 | INFO | [ncluster=122/122] AUC-ROC=50.01%  AUC-PR=50.51%  F1=0.6712  MCC=0.0083  Train=0.077s  Test=2.180s  Peak RAM=37.494 MB
2026-03-18 01:58:43 | INFO | [ncluster=125/125] AUC-ROC=50.01%  AUC-PR=50.51%  F1=0.6712  MCC=0.0117  Train=0.078s  Test=2.120s  Peak RAM=37.495 MB
2026-03-18 01:58:51 | INFO | [ncluster=128/128] AUC-ROC=50.00%  AUC-PR=50.51%  F1=0.6712  MCC=0.0059  Train=0.078s  Test=2.127s  Peak RAM=37.495 MB
2026-03-18 01:59:00 | INFO | [ncluster=131/131] AUC-ROC=50.02%  AUC-PR=50.52%  F1=0.6712  MCC=0.0155  Train=0.078s  Test=2.146s  Peak RAM=37.496 MB
2026-03-18 01:59:08 | INFO | [ncluster=134/134] AUC-ROC=50.00%  AUC-PR=50.51%  F1=0.6712  MCC=0.0059  Train=0.080s  Test=2.126s  Peak RAM=37.497 MB
2026-03-18 01:59:17 | INFO | [ncluster=137/137] AUC-ROC=50.00%  AUC-PR=50.51%  F1=0.0000  MCC=0.0000  Train=0.079s  Test=2.201s  Peak RAM=37.497 MB
2026-03-18 01:59:26 | INFO | [ncluster=140/140] AUC-ROC=50.01%  AUC-PR=50.51%  F1=0.6712  MCC=0.0102  Train=0.086s  Test=2.145s  Peak RAM=37.498 MB
2026-03-18 01:59:35 | INFO | [ncluster=143/143] AUC-ROC=50.02%  AUC-PR=50.52%  F1=0.6712  MCC=0.0155  Train=0.080s  Test=2.154s  Peak RAM=37.498 MB
2026-03-18 01:59:44 | INFO | [ncluster=146/146] AUC-ROC=50.00%  AUC-PR=50.51%  F1=0.6712  MCC=0.0059  Train=0.082s  Test=2.148s  Peak RAM=37.499 MB
2026-03-18 01:59:54 | INFO | [ncluster=149/149] AUC-ROC=50.01%  AUC-PR=50.51%  F1=0.6712  MCC=0.0083  Train=0.081s  Test=2.197s  Peak RAM=37.499 MB
2026-03-18 02:00:04 | INFO | [ncluster=152/152] AUC-ROC=50.00%  AUC-PR=50.51%  F1=0.0000  MCC=0.0000  Train=0.081s  Test=2.212s  Peak RAM=37.5 MB
2026-03-18 02:00:13 | INFO | [ncluster=155/155] AUC-ROC=50.02%  AUC-PR=50.51%  F1=0.6712  MCC=0.0131  Train=0.081s  Test=2.201s  Peak RAM=37.501 MB
2026-03-18 02:00:23 | INFO | [ncluster=158/158] AUC-ROC=50.01%  AUC-PR=50.51%  F1=0.6712  MCC=0.0083  Train=0.082s  Test=2.130s  Peak RAM=37.501 MB
2026-03-18 02:00:33 | INFO | [ncluster=161/161] AUC-ROC=50.01%  AUC-PR=50.51%  F1=0.6712  MCC=0.0102  Train=0.082s  Test=2.145s  Peak RAM=37.501 MB
2026-03-18 02:00:44 | INFO | [ncluster=164/164] AUC-ROC=50.01%  AUC-PR=50.51%  F1=0.6712  MCC=0.0096  Train=0.083s  Test=2.128s  Peak RAM=37.502 MB
2026-03-18 02:00:54 | INFO | [ncluster=167/167] AUC-ROC=50.00%  AUC-PR=50.51%  F1=0.0000  MCC=0.0000  Train=0.083s  Test=2.199s  Peak RAM=37.503 MB
2026-03-18 02:01:04 | INFO | [ncluster=170/170] AUC-ROC=50.02%  AUC-PR=50.52%  F1=0.6712  MCC=0.0144  Train=0.089s  Test=2.202s  Peak RAM=37.503 MB
2026-03-18 02:01:15 | INFO | [ncluster=173/173] AUC-ROC=50.00%  AUC-PR=50.51%  F1=0.6712  MCC=0.0059  Train=0.083s  Test=2.153s  Peak RAM=37.503 MB
2026-03-18 02:01:26 | INFO | [ncluster=176/176] AUC-ROC=50.01%  AUC-PR=50.51%  F1=0.6712  MCC=0.0083  Train=0.084s  Test=2.225s  Peak RAM=37.504 MB
2026-03-18 02:01:37 | INFO | [ncluster=179/179] AUC-ROC=50.01%  AUC-PR=50.51%  F1=0.6712  MCC=0.0117  Train=0.087s  Test=2.160s  Peak RAM=37.505 MB
2026-03-18 02:01:48 | INFO | [ncluster=182/182] AUC-ROC=50.01%  AUC-PR=50.51%  F1=0.6712  MCC=0.0083  Train=0.091s  Test=2.231s  Peak RAM=37.505 MB
2026-03-18 02:01:59 | INFO | [ncluster=185/185] AUC-ROC=50.02%  AUC-PR=50.52%  F1=0.6712  MCC=0.0124  Train=0.085s  Test=2.237s  Peak RAM=37.506 MB
2026-03-18 02:02:10 | INFO | [ncluster=188/188] AUC-ROC=50.00%  AUC-PR=50.51%  F1=0.0000  MCC=0.0000  Train=0.086s  Test=2.240s  Peak RAM=37.506 MB
2026-03-18 02:02:22 | INFO | [ncluster=191/191] AUC-ROC=50.03%  AUC-PR=50.52%  F1=0.6713  MCC=0.0176  Train=0.103s  Test=2.147s  Peak RAM=37.507 MB
2026-03-18 02:02:33 | INFO | [ncluster=194/194] AUC-ROC=50.00%  AUC-PR=50.51%  F1=0.0000  MCC=0.0000  Train=0.086s  Test=2.204s  Peak RAM=37.508 MB
2026-03-18 02:02:45 | INFO | [ncluster=197/197] AUC-ROC=50.02%  AUC-PR=50.52%  F1=0.6712  MCC=0.0144  Train=0.087s  Test=2.138s  Peak RAM=37.508 MB
2026-03-18 02:02:57 | INFO | [ncluster=200/200] AUC-ROC=50.01%  AUC-PR=50.51%  F1=0.6712  MCC=0.0117  Train=0.088s  Test=2.125s  Peak RAM=37.508 MB
2026-03-18 02:03:08 | INFO | [ncluster=203/203] AUC-ROC=50.00%  AUC-PR=50.51%  F1=0.6712  MCC=0.0059  Train=0.088s  Test=2.151s  Peak RAM=37.509 MB
2026-03-18 02:03:20 | INFO | [ncluster=206/206] AUC-ROC=50.00%  AUC-PR=50.51%  F1=0.0000  MCC=0.0000  Train=0.088s  Test=2.207s  Peak RAM=37.509 MB
2026-03-18 02:03:33 | INFO | [ncluster=209/209] AUC-ROC=50.01%  AUC-PR=50.51%  F1=0.6712  MCC=0.0117  Train=0.089s  Test=2.137s  Peak RAM=37.51 MB
2026-03-18 02:03:45 | INFO | [ncluster=212/212] AUC-ROC=50.00%  AUC-PR=50.51%  F1=0.6712  MCC=0.0059  Train=0.089s  Test=2.129s  Peak RAM=37.51 MB
2026-03-18 02:03:57 | INFO | [ncluster=215/215] AUC-ROC=50.02%  AUC-PR=50.52%  F1=0.6712  MCC=0.0144  Train=0.089s  Test=2.139s  Peak RAM=37.511 MB
2026-03-18 02:04:10 | INFO | [ncluster=218/218] AUC-ROC=50.02%  AUC-PR=50.51%  F1=0.6712  MCC=0.0131  Train=0.090s  Test=2.125s  Peak RAM=37.512 MB
2026-03-18 02:04:22 | INFO | [ncluster=221/221] AUC-ROC=50.01%  AUC-PR=50.51%  F1=0.6712  MCC=0.0117  Train=0.090s  Test=2.155s  Peak RAM=37.512 MB
2026-03-18 02:04:35 | INFO | [ncluster=224/224] AUC-ROC=50.02%  AUC-PR=50.51%  F1=0.6712  MCC=0.0131  Train=0.090s  Test=2.134s  Peak RAM=37.513 MB
2026-03-18 02:04:48 | INFO | [ncluster=227/227] AUC-ROC=50.01%  AUC-PR=50.51%  F1=0.6712  MCC=0.0102  Train=0.091s  Test=2.115s  Peak RAM=37.513 MB
2026-03-18 02:05:01 | INFO | [ncluster=230/230] AUC-ROC=50.01%  AUC-PR=50.51%  F1=0.6712  MCC=0.0083  Train=0.097s  Test=2.134s  Peak RAM=37.514 MB
2026-03-18 02:05:14 | INFO | [ncluster=233/233] AUC-ROC=50.03%  AUC-PR=50.52%  F1=0.6713  MCC=0.0166  Train=0.104s  Test=2.190s  Peak RAM=37.514 MB
2026-03-18 02:05:28 | INFO | [ncluster=236/236] AUC-ROC=50.01%  AUC-PR=50.51%  F1=0.6712  MCC=0.0117  Train=0.092s  Test=2.141s  Peak RAM=37.515 MB
2026-03-18 02:05:41 | INFO | [ncluster=239/239] AUC-ROC=50.01%  AUC-PR=50.51%  F1=0.6712  MCC=0.0083  Train=0.093s  Test=2.213s  Peak RAM=37.515 MB
2026-03-18 02:05:55 | INFO | [ncluster=242/242] AUC-ROC=50.01%  AUC-PR=50.51%  F1=0.6712  MCC=0.0117  Train=0.093s  Test=2.211s  Peak RAM=37.516 MB
2026-03-18 02:06:09 | INFO | [ncluster=245/245] AUC-ROC=50.02%  AUC-PR=50.52%  F1=0.6712  MCC=0.0144  Train=0.093s  Test=2.137s  Peak RAM=37.516 MB
2026-03-18 02:06:23 | INFO | [ncluster=248/248] AUC-ROC=50.01%  AUC-PR=50.51%  F1=0.6712  MCC=0.0083  Train=0.092s  Test=2.218s  Peak RAM=37.517 MB
2026-03-18 02:06:37 | INFO | [ncluster=251/251] AUC-ROC=50.01%  AUC-PR=50.51%  F1=0.6712  MCC=0.0117  Train=0.093s  Test=2.202s  Peak RAM=37.518 MB
2026-03-18 02:06:51 | INFO | [ncluster=254/254] AUC-ROC=50.00%  AUC-PR=50.51%  F1=0.6712  MCC=0.0059  Train=0.099s  Test=2.096s  Peak RAM=37.518 MB
2026-03-18 02:07:06 | INFO | [ncluster=257/257] AUC-ROC=50.01%  AUC-PR=50.51%  F1=0.6712  MCC=0.0102  Train=0.093s  Test=2.283s  Peak RAM=37.518 MB
2026-03-18 02:07:20 | INFO | [ncluster=260/260] AUC-ROC=50.02%  AUC-PR=50.51%  F1=0.6712  MCC=0.0131  Train=0.108s  Test=2.121s  Peak RAM=37.518 MB
2026-03-18 02:07:35 | INFO | [ncluster=263/263] AUC-ROC=50.02%  AUC-PR=50.51%  F1=0.6712  MCC=0.0089  Train=0.107s  Test=2.309s  Peak RAM=37.519 MB
2026-03-18 02:07:50 | INFO | [ncluster=266/266] AUC-ROC=50.02%  AUC-PR=50.52%  F1=0.6712  MCC=0.0144  Train=0.094s  Test=2.225s  Peak RAM=37.52 MB
2026-03-18 02:08:06 | INFO | [ncluster=269/269] AUC-ROC=50.01%  AUC-PR=50.51%  F1=0.6712  MCC=0.0102  Train=0.287s  Test=2.234s  Peak RAM=37.52 MB
2026-03-18 02:08:21 | INFO | [ncluster=272/272] AUC-ROC=50.03%  AUC-PR=50.52%  F1=0.6713  MCC=0.0159  Train=0.099s  Test=2.254s  Peak RAM=37.521 MB
2026-03-18 02:08:36 | INFO | [ncluster=275/275] AUC-ROC=50.00%  AUC-PR=50.51%  F1=0.0000  MCC=0.0000  Train=0.100s  Test=2.214s  Peak RAM=37.522 MB
2026-03-18 02:08:52 | INFO | [ncluster=278/278] AUC-ROC=50.00%  AUC-PR=50.50%  F1=0.0000  MCC=0.0000  Train=0.097s  Test=2.216s  Peak RAM=37.522 MB
2026-03-18 02:09:07 | INFO | [ncluster=281/281] AUC-ROC=50.01%  AUC-PR=50.51%  F1=0.6712  MCC=0.0102  Train=0.098s  Test=2.139s  Peak RAM=37.523 MB
2026-03-18 02:09:22 | INFO | [ncluster=284/284] AUC-ROC=50.01%  AUC-PR=50.51%  F1=0.6712  MCC=0.0117  Train=0.098s  Test=2.139s  Peak RAM=37.523 MB
2026-03-18 02:09:38 | INFO | [ncluster=287/287] AUC-ROC=50.02%  AUC-PR=50.51%  F1=0.6712  MCC=0.0131  Train=0.098s  Test=2.201s  Peak RAM=37.524 MB
2026-03-18 02:09:54 | INFO | [ncluster=290/290] AUC-ROC=50.02%  AUC-PR=50.52%  F1=0.6712  MCC=0.0144  Train=0.099s  Test=2.214s  Peak RAM=37.524 MB
2026-03-18 02:10:10 | INFO | [ncluster=293/293] AUC-ROC=50.00%  AUC-PR=50.51%  F1=0.6712  MCC=0.0059  Train=0.099s  Test=2.142s  Peak RAM=37.525 MB
2026-03-18 02:10:26 | INFO | [ncluster=296/296] AUC-ROC=50.01%  AUC-PR=50.51%  F1=0.6712  MCC=0.0102  Train=0.101s  Test=2.134s  Peak RAM=37.525 MB
2026-03-18 02:10:42 | INFO | [ncluster=299/299] AUC-ROC=50.00%  AUC-PR=50.51%  F1=0.6712  MCC=0.0059  Train=0.100s  Test=2.157s  Peak RAM=37.526 MB
2026-03-18 02:10:42 | INFO | --- noise=3% ---
2026-03-18 02:10:42 | INFO | ============================================================
2026-03-18 02:10:42 | INFO | Dataset  : Train_StandardScaler_data_CICIoT2023.csv
2026-03-18 02:10:42 | INFO | Scaler   : StandardScaler
2026-03-18 02:10:42 | INFO | Noise    : 3%
2026-03-18 02:10:42 | INFO | nClusters: 84 values (50..299)
2026-03-18 02:10:42 | INFO | ============================================================
2026-03-18 02:10:42 | INFO | Loaded Raw Shape -> Train: (30000, 45), Test: (30000, 45)
2026-03-18 02:10:42 | INFO | Training size : 30,900  |  Testing size: 29,100  |  Features: 44
2026-03-18 02:10:47 | INFO | [ncluster=50/50] AUC-ROC=50.01%  AUC-PR=51.55%  F1=0.6803  MCC=0.0121  Train=0.071s  Test=2.262s  Peak RAM=38.224 MB
2026-03-18 02:10:52 | INFO | [ncluster=53/53] AUC-ROC=50.00%  AUC-PR=51.55%  F1=0.0000  MCC=0.0000  Train=0.070s  Test=2.192s  Peak RAM=38.223 MB
2026-03-18 02:10:57 | INFO | [ncluster=56/56] AUC-ROC=50.01%  AUC-PR=51.55%  F1=0.6803  MCC=0.0105  Train=0.072s  Test=2.270s  Peak RAM=38.224 MB
2026-03-18 02:11:02 | INFO | [ncluster=59/59] AUC-ROC=50.02%  AUC-PR=51.56%  F1=0.6804  MCC=0.0148  Train=0.082s  Test=2.204s  Peak RAM=38.225 MB
2026-03-18 02:11:08 | INFO | [ncluster=62/62] AUC-ROC=50.01%  AUC-PR=51.55%  F1=0.6803  MCC=0.0121  Train=0.073s  Test=2.246s  Peak RAM=38.226 MB
2026-03-18 02:11:13 | INFO | [ncluster=65/65] AUC-ROC=50.01%  AUC-PR=51.55%  F1=0.6803  MCC=0.0086  Train=0.071s  Test=2.183s  Peak RAM=38.226 MB
2026-03-18 02:11:19 | INFO | [ncluster=68/68] AUC-ROC=50.00%  AUC-PR=51.55%  F1=0.0000  MCC=0.0000  Train=0.072s  Test=2.261s  Peak RAM=38.227 MB
2026-03-18 02:11:25 | INFO | [ncluster=71/71] AUC-ROC=50.00%  AUC-PR=51.55%  F1=0.0000  MCC=0.0000  Train=0.072s  Test=2.199s  Peak RAM=38.227 MB
2026-03-18 02:11:31 | INFO | [ncluster=74/74] AUC-ROC=50.00%  AUC-PR=51.55%  F1=0.0000  MCC=0.0000  Train=0.075s  Test=2.261s  Peak RAM=38.228 MB
2026-03-18 02:11:37 | INFO | [ncluster=77/77] AUC-ROC=49.98%  AUC-PR=51.54%  F1=0.0000  MCC=0.0000  Train=0.073s  Test=2.216s  Peak RAM=38.228 MB
2026-03-18 02:11:44 | INFO | [ncluster=80/80] AUC-ROC=50.04%  AUC-PR=51.57%  F1=0.6804  MCC=0.0183  Train=0.081s  Test=2.237s  Peak RAM=38.229 MB
2026-03-18 02:11:50 | INFO | [ncluster=83/83] AUC-ROC=50.02%  AUC-PR=51.56%  F1=0.6804  MCC=0.0160  Train=0.074s  Test=2.182s  Peak RAM=38.23 MB
2026-03-18 02:11:57 | INFO | [ncluster=86/86] AUC-ROC=50.00%  AUC-PR=51.55%  F1=0.0000  MCC=0.0000  Train=0.084s  Test=2.215s  Peak RAM=38.23 MB
2026-03-18 02:12:04 | INFO | [ncluster=89/89] AUC-ROC=50.01%  AUC-PR=51.55%  F1=0.6803  MCC=0.0121  Train=0.074s  Test=2.199s  Peak RAM=38.231 MB
2026-03-18 02:12:10 | INFO | [ncluster=92/92] AUC-ROC=50.01%  AUC-PR=51.55%  F1=0.6803  MCC=0.0086  Train=0.076s  Test=2.244s  Peak RAM=38.231 MB
2026-03-18 02:12:18 | INFO | [ncluster=95/95] AUC-ROC=50.00%  AUC-PR=51.55%  F1=0.0000  MCC=0.0000  Train=0.075s  Test=2.206s  Peak RAM=38.232 MB
2026-03-18 02:12:25 | INFO | [ncluster=98/98] AUC-ROC=50.00%  AUC-PR=51.55%  F1=0.0000  MCC=0.0000  Train=0.082s  Test=2.231s  Peak RAM=38.232 MB
2026-03-18 02:12:32 | INFO | [ncluster=101/101] AUC-ROC=50.01%  AUC-PR=51.55%  F1=0.6803  MCC=0.0105  Train=0.076s  Test=2.208s  Peak RAM=38.232 MB
2026-03-18 02:12:39 | INFO | [ncluster=104/104] AUC-ROC=50.01%  AUC-PR=51.55%  F1=0.6803  MCC=0.0071  Train=0.082s  Test=2.244s  Peak RAM=38.232 MB
2026-03-18 02:12:47 | INFO | [ncluster=107/107] AUC-ROC=50.01%  AUC-PR=51.55%  F1=0.6803  MCC=0.0105  Train=0.077s  Test=2.198s  Peak RAM=38.233 MB
2026-03-18 02:12:55 | INFO | [ncluster=110/110] AUC-ROC=50.01%  AUC-PR=51.55%  F1=0.6803  MCC=0.0105  Train=0.089s  Test=2.220s  Peak RAM=38.234 MB
2026-03-18 02:13:03 | INFO | [ncluster=113/113] AUC-ROC=50.01%  AUC-PR=51.55%  F1=0.6803  MCC=0.0105  Train=0.078s  Test=2.208s  Peak RAM=38.235 MB
2026-03-18 02:13:11 | INFO | [ncluster=116/116] AUC-ROC=50.00%  AUC-PR=51.55%  F1=0.0000  MCC=0.0000  Train=0.096s  Test=2.272s  Peak RAM=38.235 MB
2026-03-18 02:13:19 | INFO | [ncluster=119/119] AUC-ROC=50.01%  AUC-PR=51.55%  F1=0.6803  MCC=0.0121  Train=0.082s  Test=2.213s  Peak RAM=38.235 MB
2026-03-18 02:13:27 | INFO | [ncluster=122/122] AUC-ROC=50.02%  AUC-PR=51.55%  F1=0.6803  MCC=0.0070  Train=0.079s  Test=2.250s  Peak RAM=38.237 MB
2026-03-18 02:13:36 | INFO | [ncluster=125/125] AUC-ROC=50.00%  AUC-PR=51.55%  F1=0.6803  MCC=0.0060  Train=0.084s  Test=2.194s  Peak RAM=38.237 MB
2026-03-18 02:13:44 | INFO | [ncluster=128/128] AUC-ROC=50.02%  AUC-PR=51.56%  F1=0.6803  MCC=0.0117  Train=0.082s  Test=2.251s  Peak RAM=38.237 MB
2026-03-18 02:13:53 | INFO | [ncluster=131/131] AUC-ROC=50.00%  AUC-PR=51.55%  F1=0.0000  MCC=0.0000  Train=0.080s  Test=2.188s  Peak RAM=38.238 MB
2026-03-18 02:14:02 | INFO | [ncluster=134/134] AUC-ROC=50.00%  AUC-PR=51.55%  F1=0.0000  MCC=0.0000  Train=0.081s  Test=2.222s  Peak RAM=38.239 MB
2026-03-18 02:14:11 | INFO | [ncluster=137/137] AUC-ROC=50.03%  AUC-PR=51.56%  F1=0.6804  MCC=0.0153  Train=0.081s  Test=2.215s  Peak RAM=38.24 MB
2026-03-18 02:14:20 | INFO | [ncluster=140/140] AUC-ROC=50.00%  AUC-PR=51.55%  F1=0.6803  MCC=0.0060  Train=0.128s  Test=2.252s  Peak RAM=38.239 MB
2026-03-18 02:14:29 | INFO | [ncluster=143/143] AUC-ROC=50.00%  AUC-PR=51.55%  F1=0.0000  MCC=0.0000  Train=0.081s  Test=2.233s  Peak RAM=38.24 MB
2026-03-18 02:14:38 | INFO | [ncluster=146/146] AUC-ROC=50.01%  AUC-PR=51.55%  F1=0.6803  MCC=0.0086  Train=0.082s  Test=2.180s  Peak RAM=38.241 MB
2026-03-18 02:14:48 | INFO | [ncluster=149/149] AUC-ROC=50.02%  AUC-PR=51.56%  F1=0.6803  MCC=0.0083  Train=0.082s  Test=2.210s  Peak RAM=38.241 MB
2026-03-18 02:14:58 | INFO | [ncluster=152/152] AUC-ROC=50.00%  AUC-PR=51.55%  F1=0.6803  MCC=0.0086  Train=0.083s  Test=2.262s  Peak RAM=38.242 MB
2026-03-18 02:15:08 | INFO | [ncluster=155/155] AUC-ROC=50.03%  AUC-PR=51.56%  F1=0.6804  MCC=0.0171  Train=0.114s  Test=2.203s  Peak RAM=38.242 MB
2026-03-18 02:15:18 | INFO | [ncluster=158/158] AUC-ROC=50.02%  AUC-PR=51.56%  F1=0.6803  MCC=0.0135  Train=0.084s  Test=2.228s  Peak RAM=38.242 MB
2026-03-18 02:15:29 | INFO | [ncluster=161/161] AUC-ROC=50.03%  AUC-PR=51.56%  F1=0.6804  MCC=0.0171  Train=0.085s  Test=2.178s  Peak RAM=38.243 MB
2026-03-18 02:15:39 | INFO | [ncluster=164/164] AUC-ROC=50.01%  AUC-PR=51.55%  F1=0.6803  MCC=0.0105  Train=0.085s  Test=2.258s  Peak RAM=38.243 MB
2026-03-18 02:15:50 | INFO | [ncluster=167/167] AUC-ROC=50.00%  AUC-PR=51.55%  F1=0.0000  MCC=0.0000  Train=0.084s  Test=2.224s  Peak RAM=38.244 MB
2026-03-18 02:16:01 | INFO | [ncluster=170/170] AUC-ROC=50.01%  AUC-PR=51.55%  F1=0.6803  MCC=0.0086  Train=0.086s  Test=2.158s  Peak RAM=38.245 MB
2026-03-18 02:16:11 | INFO | [ncluster=173/173] AUC-ROC=50.01%  AUC-PR=51.55%  F1=0.6803  MCC=0.0086  Train=0.087s  Test=2.209s  Peak RAM=38.245 MB
2026-03-18 02:16:22 | INFO | [ncluster=176/176] AUC-ROC=50.02%  AUC-PR=51.56%  F1=0.6804  MCC=0.0148  Train=0.092s  Test=2.232s  Peak RAM=38.246 MB
2026-03-18 02:16:33 | INFO | [ncluster=179/179] AUC-ROC=50.02%  AUC-PR=51.56%  F1=0.6804  MCC=0.0160  Train=0.086s  Test=2.197s  Peak RAM=38.247 MB
2026-03-18 02:16:45 | INFO | [ncluster=182/182] AUC-ROC=50.02%  AUC-PR=51.56%  F1=0.6804  MCC=0.0148  Train=0.087s  Test=2.234s  Peak RAM=38.247 MB
2026-03-18 02:16:56 | INFO | [ncluster=185/185] AUC-ROC=50.01%  AUC-PR=51.55%  F1=0.6803  MCC=0.0105  Train=0.087s  Test=2.219s  Peak RAM=38.248 MB
2026-03-18 02:17:08 | INFO | [ncluster=188/188] AUC-ROC=50.05%  AUC-PR=51.57%  F1=0.6805  MCC=0.0226  Train=0.088s  Test=2.227s  Peak RAM=38.248 MB
2026-03-18 02:17:20 | INFO | [ncluster=191/191] AUC-ROC=50.00%  AUC-PR=51.55%  F1=0.0000  MCC=0.0000  Train=0.088s  Test=2.208s  Peak RAM=38.249 MB
2026-03-18 02:17:31 | INFO | [ncluster=194/194] AUC-ROC=50.02%  AUC-PR=51.56%  F1=0.6804  MCC=0.0160  Train=0.089s  Test=2.130s  Peak RAM=38.249 MB
2026-03-18 02:17:43 | INFO | [ncluster=197/197] AUC-ROC=50.01%  AUC-PR=51.55%  F1=0.6803  MCC=0.0105  Train=0.093s  Test=2.191s  Peak RAM=38.25 MB
2026-03-18 02:17:55 | INFO | [ncluster=200/200] AUC-ROC=50.02%  AUC-PR=51.56%  F1=0.6804  MCC=0.0142  Train=0.091s  Test=2.249s  Peak RAM=38.251 MB
2026-03-18 02:18:08 | INFO | [ncluster=203/203] AUC-ROC=50.01%  AUC-PR=51.55%  F1=0.6803  MCC=0.0100  Train=0.100s  Test=2.215s  Peak RAM=38.251 MB
2026-03-18 02:18:20 | INFO | [ncluster=206/206] AUC-ROC=50.01%  AUC-PR=51.55%  F1=0.6803  MCC=0.0105  Train=0.090s  Test=2.270s  Peak RAM=38.251 MB
2026-03-18 02:18:32 | INFO | [ncluster=209/209] AUC-ROC=50.02%  AUC-PR=51.56%  F1=0.6803  MCC=0.0135  Train=0.094s  Test=2.168s  Peak RAM=38.251 MB
2026-03-18 02:18:45 | INFO | [ncluster=212/212] AUC-ROC=50.01%  AUC-PR=51.55%  F1=0.6803  MCC=0.0105  Train=0.090s  Test=2.246s  Peak RAM=38.253 MB
2026-03-18 02:18:58 | INFO | [ncluster=215/215] AUC-ROC=50.01%  AUC-PR=51.55%  F1=0.6803  MCC=0.0105  Train=0.090s  Test=2.214s  Peak RAM=38.252 MB
2026-03-18 02:19:11 | INFO | [ncluster=218/218] AUC-ROC=50.01%  AUC-PR=51.55%  F1=0.6803  MCC=0.0086  Train=0.091s  Test=2.233s  Peak RAM=38.253 MB
2026-03-18 02:19:24 | INFO | [ncluster=221/221] AUC-ROC=50.01%  AUC-PR=51.55%  F1=0.6803  MCC=0.0121  Train=0.091s  Test=2.212s  Peak RAM=38.254 MB
2026-03-18 02:19:37 | INFO | [ncluster=224/224] AUC-ROC=50.01%  AUC-PR=51.55%  F1=0.6803  MCC=0.0105  Train=0.092s  Test=2.241s  Peak RAM=38.254 MB
2026-03-18 02:19:50 | INFO | [ncluster=227/227] AUC-ROC=50.01%  AUC-PR=51.55%  F1=0.6803  MCC=0.0100  Train=0.115s  Test=2.213s  Peak RAM=38.255 MB
2026-03-18 02:20:04 | INFO | [ncluster=230/230] AUC-ROC=50.00%  AUC-PR=51.55%  F1=0.0000  MCC=0.0000  Train=0.093s  Test=2.268s  Peak RAM=38.255 MB
2026-03-18 02:20:18 | INFO | [ncluster=233/233] AUC-ROC=50.01%  AUC-PR=51.55%  F1=0.6803  MCC=0.0105  Train=0.093s  Test=2.220s  Peak RAM=38.256 MB
2026-03-18 02:20:31 | INFO | [ncluster=236/236] AUC-ROC=50.01%  AUC-PR=51.55%  F1=0.6803  MCC=0.0105  Train=0.094s  Test=2.237s  Peak RAM=38.256 MB
2026-03-18 02:20:45 | INFO | [ncluster=239/239] AUC-ROC=50.00%  AUC-PR=51.55%  F1=0.6803  MCC=0.0060  Train=0.093s  Test=2.182s  Peak RAM=38.256 MB
2026-03-18 02:20:59 | INFO | [ncluster=242/242] AUC-ROC=50.01%  AUC-PR=51.55%  F1=0.6803  MCC=0.0105  Train=0.095s  Test=2.137s  Peak RAM=38.257 MB
2026-03-18 02:21:13 | INFO | [ncluster=245/245] AUC-ROC=50.02%  AUC-PR=51.56%  F1=0.6803  MCC=0.0135  Train=0.094s  Test=2.173s  Peak RAM=38.258 MB
2026-03-18 02:21:27 | INFO | [ncluster=248/248] AUC-ROC=50.02%  AUC-PR=51.56%  F1=0.6804  MCC=0.0148  Train=0.096s  Test=2.155s  Peak RAM=38.259 MB
2026-03-18 02:21:41 | INFO | [ncluster=251/251] AUC-ROC=50.01%  AUC-PR=51.55%  F1=0.6803  MCC=0.0105  Train=0.106s  Test=2.204s  Peak RAM=38.259 MB
2026-03-18 02:21:56 | INFO | [ncluster=254/254] AUC-ROC=50.02%  AUC-PR=51.56%  F1=0.6803  MCC=0.0135  Train=0.096s  Test=2.232s  Peak RAM=38.259 MB
2026-03-18 02:22:10 | INFO | [ncluster=257/257] AUC-ROC=50.00%  AUC-PR=51.55%  F1=0.6803  MCC=0.0060  Train=0.101s  Test=2.211s  Peak RAM=38.26 MB
2026-03-18 02:22:25 | INFO | [ncluster=260/260] AUC-ROC=50.01%  AUC-PR=51.55%  F1=0.6803  MCC=0.0105  Train=0.097s  Test=2.248s  Peak RAM=38.261 MB
2026-03-18 02:22:40 | INFO | [ncluster=263/263] AUC-ROC=50.02%  AUC-PR=51.56%  F1=0.6804  MCC=0.0148  Train=0.105s  Test=2.210s  Peak RAM=38.262 MB
2026-03-18 02:22:55 | INFO | [ncluster=266/266] AUC-ROC=50.02%  AUC-PR=51.56%  F1=0.6803  MCC=0.0101  Train=0.099s  Test=2.146s  Peak RAM=38.262 MB
2026-03-18 02:23:10 | INFO | [ncluster=269/269] AUC-ROC=50.00%  AUC-PR=51.55%  F1=0.6803  MCC=0.0037  Train=0.098s  Test=2.205s  Peak RAM=38.263 MB
2026-03-18 02:23:25 | INFO | [ncluster=272/272] AUC-ROC=50.00%  AUC-PR=51.55%  F1=0.6803  MCC=0.0060  Train=0.098s  Test=2.166s  Peak RAM=38.263 MB
2026-03-18 02:23:40 | INFO | [ncluster=275/275] AUC-ROC=50.00%  AUC-PR=51.55%  F1=0.6803  MCC=0.0060  Train=0.105s  Test=2.187s  Peak RAM=38.263 MB
2026-03-18 02:23:56 | INFO | [ncluster=278/278] AUC-ROC=50.00%  AUC-PR=51.55%  F1=0.6803  MCC=0.0060  Train=0.099s  Test=2.159s  Peak RAM=38.264 MB
2026-03-18 02:24:12 | INFO | [ncluster=281/281] AUC-ROC=50.02%  AUC-PR=51.56%  F1=0.6803  MCC=0.0135  Train=0.099s  Test=2.195s  Peak RAM=38.264 MB
2026-03-18 02:24:28 | INFO | [ncluster=284/284] AUC-ROC=50.01%  AUC-PR=51.55%  F1=0.6803  MCC=0.0121  Train=0.100s  Test=2.267s  Peak RAM=38.266 MB
2026-03-18 02:24:44 | INFO | [ncluster=287/287] AUC-ROC=50.00%  AUC-PR=51.55%  F1=0.6803  MCC=0.0060  Train=0.100s  Test=2.186s  Peak RAM=38.266 MB
2026-03-18 02:25:00 | INFO | [ncluster=290/290] AUC-ROC=50.01%  AUC-PR=51.55%  F1=0.6803  MCC=0.0105  Train=0.100s  Test=2.249s  Peak RAM=38.266 MB
2026-03-18 02:25:16 | INFO | [ncluster=293/293] AUC-ROC=50.04%  AUC-PR=51.56%  F1=0.6804  MCC=0.0164  Train=0.119s  Test=2.183s  Peak RAM=38.267 MB
2026-03-18 02:25:33 | INFO | [ncluster=296/296] AUC-ROC=50.01%  AUC-PR=51.55%  F1=0.6803  MCC=0.0086  Train=0.116s  Test=2.155s  Peak RAM=38.267 MB
2026-03-18 02:25:49 | INFO | [ncluster=299/299] AUC-ROC=50.01%  AUC-PR=51.55%  F1=0.6803  MCC=0.0086  Train=0.101s  Test=2.201s  Peak RAM=38.268 MB
2026-03-18 02:25:49 | INFO | --- noise=5% ---
2026-03-18 02:25:49 | INFO | ============================================================
2026-03-18 02:25:49 | INFO | Dataset  : Train_StandardScaler_data_CICIoT2023.csv
2026-03-18 02:25:49 | INFO | Scaler   : StandardScaler
2026-03-18 02:25:49 | INFO | Noise    : 5%
2026-03-18 02:25:49 | INFO | nClusters: 84 values (50..299)
2026-03-18 02:25:49 | INFO | ============================================================
2026-03-18 02:25:49 | INFO | Loaded Raw Shape -> Train: (30000, 45), Test: (30000, 45)
2026-03-18 02:25:49 | INFO | Training size : 31,500  |  Testing size: 28,500  |  Features: 44
2026-03-18 02:25:54 | INFO | [ncluster=50/50] AUC-ROC=50.00%  AUC-PR=52.63%  F1=0.0000  MCC=0.0000  Train=0.074s  Test=2.357s  Peak RAM=38.966 MB
2026-03-18 02:25:59 | INFO | [ncluster=53/53] AUC-ROC=50.00%  AUC-PR=52.63%  F1=0.6897  MCC=0.0062  Train=0.073s  Test=2.289s  Peak RAM=38.966 MB
2026-03-18 02:26:05 | INFO | [ncluster=56/56] AUC-ROC=50.00%  AUC-PR=52.63%  F1=0.0000  MCC=0.0000  Train=0.282s  Test=2.439s  Peak RAM=38.966 MB
2026-03-18 02:26:10 | INFO | [ncluster=59/59] AUC-ROC=50.00%  AUC-PR=52.63%  F1=0.0000  MCC=0.0000  Train=0.088s  Test=2.261s  Peak RAM=38.966 MB
2026-03-18 02:26:16 | INFO | [ncluster=62/62] AUC-ROC=50.00%  AUC-PR=52.63%  F1=0.0000  MCC=0.0000  Train=0.074s  Test=2.310s  Peak RAM=38.967 MB
2026-03-18 02:26:21 | INFO | [ncluster=65/65] AUC-ROC=50.00%  AUC-PR=52.63%  F1=0.0000  MCC=0.0000  Train=0.074s  Test=2.308s  Peak RAM=38.967 MB
2026-03-18 02:26:27 | INFO | [ncluster=68/68] AUC-ROC=50.00%  AUC-PR=52.63%  F1=0.6897  MCC=0.0062  Train=0.081s  Test=2.307s  Peak RAM=38.968 MB
2026-03-18 02:26:33 | INFO | [ncluster=71/71] AUC-ROC=50.01%  AUC-PR=52.64%  F1=0.6897  MCC=0.0108  Train=0.087s  Test=2.290s  Peak RAM=38.968 MB
2026-03-18 02:26:40 | INFO | [ncluster=74/74] AUC-ROC=50.00%  AUC-PR=52.63%  F1=0.6897  MCC=0.0062  Train=0.076s  Test=2.334s  Peak RAM=38.969 MB
2026-03-18 02:26:46 | INFO | [ncluster=77/77] AUC-ROC=50.00%  AUC-PR=52.63%  F1=0.0000  MCC=0.0000  Train=0.076s  Test=2.298s  Peak RAM=38.969 MB
2026-03-18 02:26:52 | INFO | [ncluster=80/80] AUC-ROC=50.01%  AUC-PR=52.64%  F1=0.6897  MCC=0.0125  Train=0.077s  Test=2.312s  Peak RAM=38.97 MB
2026-03-18 02:26:59 | INFO | [ncluster=83/83] AUC-ROC=50.32%  AUC-PR=52.79%  F1=0.6910  MCC=0.0583  Train=0.076s  Test=2.260s  Peak RAM=38.971 MB
2026-03-18 02:27:05 | INFO | [ncluster=86/86] AUC-ROC=50.00%  AUC-PR=52.63%  F1=0.6897  MCC=0.0062  Train=0.077s  Test=2.299s  Peak RAM=38.971 MB
2026-03-18 02:27:12 | INFO | [ncluster=89/89] AUC-ROC=50.00%  AUC-PR=52.63%  F1=0.6897  MCC=0.0062  Train=0.077s  Test=2.304s  Peak RAM=38.972 MB
2026-03-18 02:27:19 | INFO | [ncluster=92/92] AUC-ROC=50.01%  AUC-PR=52.64%  F1=0.6897  MCC=0.0125  Train=0.078s  Test=2.302s  Peak RAM=38.972 MB
2026-03-18 02:27:27 | INFO | [ncluster=95/95] AUC-ROC=50.01%  AUC-PR=52.64%  F1=0.6897  MCC=0.0125  Train=0.085s  Test=2.391s  Peak RAM=38.973 MB
2026-03-18 02:27:34 | INFO | [ncluster=98/98] AUC-ROC=50.01%  AUC-PR=52.63%  F1=0.6896  MCC=0.0029  Train=0.137s  Test=2.292s  Peak RAM=38.973 MB
2026-03-18 02:27:42 | INFO | [ncluster=101/101] AUC-ROC=50.00%  AUC-PR=52.63%  F1=0.0000  MCC=0.0000  Train=0.080s  Test=2.291s  Peak RAM=38.974 MB
2026-03-18 02:27:49 | INFO | [ncluster=104/104] AUC-ROC=50.01%  AUC-PR=52.64%  F1=0.6897  MCC=0.0108  Train=0.093s  Test=2.324s  Peak RAM=38.974 MB
2026-03-18 02:27:57 | INFO | [ncluster=107/107] AUC-ROC=50.00%  AUC-PR=52.63%  F1=0.0000  MCC=0.0000  Train=0.085s  Test=2.331s  Peak RAM=38.975 MB
2026-03-18 02:28:05 | INFO | [ncluster=110/110] AUC-ROC=50.00%  AUC-PR=52.63%  F1=0.0000  MCC=0.0000  Train=0.082s  Test=2.317s  Peak RAM=38.975 MB
2026-03-18 02:28:13 | INFO | [ncluster=113/113] AUC-ROC=50.02%  AUC-PR=52.64%  F1=0.6898  MCC=0.0153  Train=0.081s  Test=2.274s  Peak RAM=38.976 MB
2026-03-18 02:28:21 | INFO | [ncluster=116/116] AUC-ROC=50.01%  AUC-PR=52.64%  F1=0.6897  MCC=0.0125  Train=0.089s  Test=2.290s  Peak RAM=38.977 MB
2026-03-18 02:28:30 | INFO | [ncluster=119/119] AUC-ROC=50.00%  AUC-PR=52.63%  F1=0.0000  MCC=0.0000  Train=0.093s  Test=2.266s  Peak RAM=38.977 MB
2026-03-18 02:28:38 | INFO | [ncluster=122/122] AUC-ROC=50.02%  AUC-PR=52.64%  F1=0.6897  MCC=0.0108  Train=0.083s  Test=2.328s  Peak RAM=38.978 MB
2026-03-18 02:28:47 | INFO | [ncluster=125/125] AUC-ROC=50.01%  AUC-PR=52.64%  F1=0.6897  MCC=0.0108  Train=0.095s  Test=2.297s  Peak RAM=38.978 MB
2026-03-18 02:28:56 | INFO | [ncluster=128/128] AUC-ROC=50.01%  AUC-PR=52.64%  F1=0.6897  MCC=0.0108  Train=0.090s  Test=2.322s  Peak RAM=38.979 MB
2026-03-18 02:29:04 | INFO | [ncluster=131/131] AUC-ROC=50.00%  AUC-PR=52.63%  F1=0.0000  MCC=0.0000  Train=0.092s  Test=2.287s  Peak RAM=38.979 MB
2026-03-18 02:29:14 | INFO | [ncluster=134/134] AUC-ROC=50.00%  AUC-PR=52.63%  F1=0.0000  MCC=0.0000  Train=0.085s  Test=2.324s  Peak RAM=38.979 MB
2026-03-18 02:29:23 | INFO | [ncluster=137/137] AUC-ROC=50.03%  AUC-PR=52.65%  F1=0.6898  MCC=0.0177  Train=0.084s  Test=2.278s  Peak RAM=38.98 MB
2026-03-18 02:29:32 | INFO | [ncluster=140/140] AUC-ROC=50.00%  AUC-PR=52.63%  F1=0.0000  MCC=0.0000  Train=0.085s  Test=2.309s  Peak RAM=38.981 MB
2026-03-18 02:29:41 | INFO | [ncluster=143/143] AUC-ROC=50.01%  AUC-PR=52.64%  F1=0.6897  MCC=0.0125  Train=0.085s  Test=2.292s  Peak RAM=38.981 MB
2026-03-18 02:29:51 | INFO | [ncluster=146/146] AUC-ROC=50.01%  AUC-PR=52.64%  F1=0.6897  MCC=0.0108  Train=0.095s  Test=2.298s  Peak RAM=38.982 MB
2026-03-18 02:30:01 | INFO | [ncluster=149/149] AUC-ROC=50.01%  AUC-PR=52.64%  F1=0.6897  MCC=0.0108  Train=0.085s  Test=2.274s  Peak RAM=38.983 MB
2026-03-18 02:30:11 | INFO | [ncluster=152/152] AUC-ROC=50.01%  AUC-PR=52.64%  F1=0.6897  MCC=0.0125  Train=0.087s  Test=2.295s  Peak RAM=38.983 MB
2026-03-18 02:30:21 | INFO | [ncluster=155/155] AUC-ROC=50.00%  AUC-PR=52.63%  F1=0.6897  MCC=0.0062  Train=0.087s  Test=2.280s  Peak RAM=38.984 MB
2026-03-18 02:30:32 | INFO | [ncluster=158/158] AUC-ROC=50.01%  AUC-PR=52.64%  F1=0.6897  MCC=0.0108  Train=0.088s  Test=2.305s  Peak RAM=38.984 MB
2026-03-18 02:30:42 | INFO | [ncluster=161/161] AUC-ROC=50.01%  AUC-PR=52.64%  F1=0.6897  MCC=0.0125  Train=0.087s  Test=2.266s  Peak RAM=38.985 MB
2026-03-18 02:30:53 | INFO | [ncluster=164/164] AUC-ROC=50.02%  AUC-PR=52.64%  F1=0.6898  MCC=0.0153  Train=0.088s  Test=2.292s  Peak RAM=38.985 MB
2026-03-18 02:31:03 | INFO | [ncluster=167/167] AUC-ROC=50.00%  AUC-PR=52.63%  F1=0.0000  MCC=0.0000  Train=0.094s  Test=2.279s  Peak RAM=38.986 MB
2026-03-18 02:31:14 | INFO | [ncluster=170/170] AUC-ROC=50.00%  AUC-PR=52.63%  F1=0.0000  MCC=0.0000  Train=0.089s  Test=2.311s  Peak RAM=38.986 MB
2026-03-18 02:31:25 | INFO | [ncluster=173/173] AUC-ROC=50.00%  AUC-PR=52.63%  F1=0.0000  MCC=0.0000  Train=0.088s  Test=2.287s  Peak RAM=38.987 MB
2026-03-18 02:31:37 | INFO | [ncluster=176/176] AUC-ROC=50.01%  AUC-PR=52.64%  F1=0.6897  MCC=0.0125  Train=0.090s  Test=2.351s  Peak RAM=38.987 MB
2026-03-18 02:31:48 | INFO | [ncluster=179/179] AUC-ROC=50.00%  AUC-PR=52.63%  F1=0.0000  MCC=0.0000  Train=0.089s  Test=2.289s  Peak RAM=38.988 MB
2026-03-18 02:32:00 | INFO | [ncluster=182/182] AUC-ROC=50.00%  AUC-PR=52.63%  F1=0.6897  MCC=0.0062  Train=0.091s  Test=2.305s  Peak RAM=38.988 MB
2026-03-18 02:32:11 | INFO | [ncluster=185/185] AUC-ROC=50.01%  AUC-PR=52.64%  F1=0.6897  MCC=0.0125  Train=0.090s  Test=2.395s  Peak RAM=38.989 MB
2026-03-18 02:32:23 | INFO | [ncluster=188/188] AUC-ROC=50.01%  AUC-PR=52.64%  F1=0.6896  MCC=0.0047  Train=0.091s  Test=2.309s  Peak RAM=38.989 MB
2026-03-18 02:32:35 | INFO | [ncluster=191/191] AUC-ROC=50.00%  AUC-PR=52.63%  F1=0.0000  MCC=0.0000  Train=0.091s  Test=2.285s  Peak RAM=38.99 MB
2026-03-18 02:32:47 | INFO | [ncluster=194/194] AUC-ROC=50.01%  AUC-PR=52.64%  F1=0.6897  MCC=0.0108  Train=0.092s  Test=2.322s  Peak RAM=38.991 MB
2026-03-18 02:32:59 | INFO | [ncluster=197/197] AUC-ROC=50.00%  AUC-PR=52.63%  F1=0.0000  MCC=0.0000  Train=0.092s  Test=2.307s  Peak RAM=38.991 MB
2026-03-18 02:33:11 | INFO | [ncluster=200/200] AUC-ROC=50.00%  AUC-PR=52.63%  F1=0.6897  MCC=0.0062  Train=0.099s  Test=2.319s  Peak RAM=38.991 MB
2026-03-18 02:33:24 | INFO | [ncluster=203/203] AUC-ROC=50.00%  AUC-PR=52.63%  F1=0.6897  MCC=0.0062  Train=0.101s  Test=2.281s  Peak RAM=38.992 MB
2026-03-18 02:33:36 | INFO | [ncluster=206/206] AUC-ROC=50.00%  AUC-PR=52.63%  F1=0.6897  MCC=0.0062  Train=0.093s  Test=2.234s  Peak RAM=38.993 MB
2026-03-18 02:33:49 | INFO | [ncluster=209/209] AUC-ROC=50.00%  AUC-PR=52.63%  F1=0.0000  MCC=0.0000  Train=0.092s  Test=2.285s  Peak RAM=38.993 MB
2026-03-18 02:34:02 | INFO | [ncluster=212/212] AUC-ROC=50.00%  AUC-PR=52.63%  F1=0.0000  MCC=0.0000  Train=0.095s  Test=2.305s  Peak RAM=38.994 MB
2026-03-18 02:34:15 | INFO | [ncluster=215/215] AUC-ROC=50.01%  AUC-PR=52.64%  F1=0.6897  MCC=0.0108  Train=0.096s  Test=2.281s  Peak RAM=38.994 MB
2026-03-18 02:34:28 | INFO | [ncluster=218/218] AUC-ROC=50.03%  AUC-PR=52.64%  F1=0.6898  MCC=0.0165  Train=0.094s  Test=2.291s  Peak RAM=38.995 MB
2026-03-18 02:34:41 | INFO | [ncluster=221/221] AUC-ROC=50.02%  AUC-PR=52.64%  F1=0.6898  MCC=0.0153  Train=0.095s  Test=2.286s  Peak RAM=38.995 MB
2026-03-18 02:34:55 | INFO | [ncluster=224/224] AUC-ROC=50.01%  AUC-PR=52.64%  F1=0.6897  MCC=0.0088  Train=0.096s  Test=2.324s  Peak RAM=38.996 MB
2026-03-18 02:35:08 | INFO | [ncluster=227/227] AUC-ROC=50.01%  AUC-PR=52.64%  F1=0.6897  MCC=0.0088  Train=0.095s  Test=2.280s  Peak RAM=38.996 MB
2026-03-18 02:35:22 | INFO | [ncluster=230/230] AUC-ROC=50.00%  AUC-PR=52.63%  F1=0.6897  MCC=0.0062  Train=0.097s  Test=2.229s  Peak RAM=38.997 MB
2026-03-18 02:35:35 | INFO | [ncluster=233/233] AUC-ROC=50.00%  AUC-PR=52.63%  F1=0.6897  MCC=0.0062  Train=0.096s  Test=2.299s  Peak RAM=38.998 MB
2026-03-18 02:35:49 | INFO | [ncluster=236/236] AUC-ROC=50.02%  AUC-PR=52.64%  F1=0.6897  MCC=0.0140  Train=0.098s  Test=2.292s  Peak RAM=38.998 MB
2026-03-18 02:36:03 | INFO | [ncluster=239/239] AUC-ROC=50.02%  AUC-PR=52.64%  F1=0.6898  MCC=0.0153  Train=0.097s  Test=2.277s  Peak RAM=38.999 MB
2026-03-18 02:36:17 | INFO | [ncluster=242/242] AUC-ROC=50.01%  AUC-PR=52.64%  F1=0.6897  MCC=0.0125  Train=0.109s  Test=2.327s  Peak RAM=38.999 MB
2026-03-18 02:36:32 | INFO | [ncluster=245/245] AUC-ROC=50.00%  AUC-PR=52.63%  F1=0.6897  MCC=0.0062  Train=0.099s  Test=2.289s  Peak RAM=39.0 MB
2026-03-18 02:36:46 | INFO | [ncluster=248/248] AUC-ROC=50.02%  AUC-PR=52.64%  F1=0.6898  MCC=0.0153  Train=0.099s  Test=2.318s  Peak RAM=39.0 MB
2026-03-18 02:37:01 | INFO | [ncluster=251/251] AUC-ROC=50.01%  AUC-PR=52.64%  F1=0.6896  MCC=0.0064  Train=0.099s  Test=2.256s  Peak RAM=39.001 MB
2026-03-18 02:37:16 | INFO | [ncluster=254/254] AUC-ROC=50.02%  AUC-PR=52.64%  F1=0.6897  MCC=0.0107  Train=0.100s  Test=2.234s  Peak RAM=39.002 MB
2026-03-18 02:37:31 | INFO | [ncluster=257/257] AUC-ROC=50.02%  AUC-PR=52.64%  F1=0.6898  MCC=0.0153  Train=0.100s  Test=2.269s  Peak RAM=39.002 MB
2026-03-18 02:37:45 | INFO | [ncluster=260/260] AUC-ROC=50.03%  AUC-PR=52.64%  F1=0.6898  MCC=0.0165  Train=0.100s  Test=2.287s  Peak RAM=39.002 MB
2026-03-18 02:38:01 | INFO | [ncluster=263/263] AUC-ROC=50.02%  AUC-PR=52.64%  F1=0.6898  MCC=0.0153  Train=0.101s  Test=2.311s  Peak RAM=39.003 MB
2026-03-18 02:38:16 | INFO | [ncluster=266/266] AUC-ROC=50.00%  AUC-PR=52.63%  F1=0.0000  MCC=0.0000  Train=0.102s  Test=2.330s  Peak RAM=39.003 MB
2026-03-18 02:38:32 | INFO | [ncluster=269/269] AUC-ROC=50.03%  AUC-PR=52.65%  F1=0.6898  MCC=0.0177  Train=0.101s  Test=2.285s  Peak RAM=39.004 MB
2026-03-18 02:38:47 | INFO | [ncluster=272/272] AUC-ROC=50.01%  AUC-PR=52.64%  F1=0.6897  MCC=0.0125  Train=0.103s  Test=2.334s  Peak RAM=39.004 MB
2026-03-18 02:39:03 | INFO | [ncluster=275/275] AUC-ROC=50.00%  AUC-PR=52.63%  F1=0.0000  MCC=0.0000  Train=0.102s  Test=2.308s  Peak RAM=39.005 MB
2026-03-18 02:39:19 | INFO | [ncluster=278/278] AUC-ROC=50.01%  AUC-PR=52.64%  F1=0.6897  MCC=0.0125  Train=0.103s  Test=2.323s  Peak RAM=39.006 MB
2026-03-18 02:39:35 | INFO | [ncluster=281/281] AUC-ROC=50.01%  AUC-PR=52.64%  F1=0.6897  MCC=0.0108  Train=0.103s  Test=2.280s  Peak RAM=39.006 MB
2026-03-18 02:39:52 | INFO | [ncluster=284/284] AUC-ROC=50.00%  AUC-PR=52.63%  F1=0.6897  MCC=0.0062  Train=0.104s  Test=2.322s  Peak RAM=39.007 MB
2026-03-18 02:40:08 | INFO | [ncluster=287/287] AUC-ROC=50.00%  AUC-PR=52.63%  F1=0.6897  MCC=0.0062  Train=0.104s  Test=2.269s  Peak RAM=39.007 MB
2026-03-18 02:40:24 | INFO | [ncluster=290/290] AUC-ROC=50.03%  AUC-PR=52.64%  F1=0.6897  MCC=0.0136  Train=0.104s  Test=2.224s  Peak RAM=39.008 MB
2026-03-18 02:40:41 | INFO | [ncluster=293/293] AUC-ROC=50.01%  AUC-PR=52.64%  F1=0.6897  MCC=0.0125  Train=0.127s  Test=2.272s  Peak RAM=39.008 MB
2026-03-18 02:40:58 | INFO | [ncluster=296/296] AUC-ROC=50.00%  AUC-PR=52.63%  F1=0.6897  MCC=0.0062  Train=0.137s  Test=2.247s  Peak RAM=39.009 MB
2026-03-18 02:41:14 | INFO | [ncluster=299/299] AUC-ROC=50.00%  AUC-PR=52.63%  F1=0.6897  MCC=0.0062  Train=0.114s  Test=2.270s  Peak RAM=39.01 MB
2026-03-18 02:41:14 | INFO | 
>>> Processing data_CICIoT2023 | scaler=MinMaxScaler
2026-03-18 02:41:14 | INFO | --- noise=0% ---
2026-03-18 02:41:14 | INFO | ============================================================
2026-03-18 02:41:14 | INFO | Dataset  : Train_MinMaxScaler_data_CICIoT2023.csv
2026-03-18 02:41:14 | INFO | Scaler   : MinMaxScaler
2026-03-18 02:41:14 | INFO | Noise    : 0%
2026-03-18 02:41:14 | INFO | nClusters: 84 values (50..299)
2026-03-18 02:41:14 | INFO | ============================================================
2026-03-18 02:41:15 | INFO | Loaded Raw Shape -> Train: (30000, 45), Test: (30000, 45)
2026-03-18 02:41:15 | INFO | Training size : 30,000  |  Testing size: 30,000  |  Features: 44
2026-03-18 02:41:19 | INFO | [ncluster=50/50] AUC-ROC=50.00%  AUC-PR=50.00%  F1=0.0000  MCC=0.0000  Train=0.064s  Test=2.164s  Peak RAM=37.111 MB
2026-03-18 02:41:24 | INFO | [ncluster=53/53] AUC-ROC=50.00%  AUC-PR=50.00%  F1=0.0000  MCC=0.0000  Train=0.056s  Test=2.148s  Peak RAM=37.112 MB
2026-03-18 02:41:28 | INFO | [ncluster=56/56] AUC-ROC=50.00%  AUC-PR=50.00%  F1=0.0000  MCC=0.0000  Train=0.061s  Test=2.091s  Peak RAM=37.112 MB
2026-03-18 02:41:33 | INFO | [ncluster=59/59] AUC-ROC=50.00%  AUC-PR=50.00%  F1=0.0000  MCC=0.0000  Train=0.057s  Test=2.075s  Peak RAM=37.113 MB
2026-03-18 02:41:39 | INFO | [ncluster=62/62] AUC-ROC=50.00%  AUC-PR=50.00%  F1=0.0000  MCC=0.0000  Train=0.058s  Test=2.071s  Peak RAM=37.114 MB
2026-03-18 02:41:44 | INFO | [ncluster=65/65] AUC-ROC=50.00%  AUC-PR=50.00%  F1=0.0000  MCC=0.0000  Train=0.058s  Test=2.028s  Peak RAM=37.114 MB
2026-03-18 02:41:49 | INFO | [ncluster=68/68] AUC-ROC=50.00%  AUC-PR=50.00%  F1=0.0000  MCC=0.0000  Train=0.059s  Test=2.027s  Peak RAM=37.114 MB
2026-03-18 02:41:54 | INFO | [ncluster=71/71] AUC-ROC=50.00%  AUC-PR=50.00%  F1=0.0000  MCC=0.0000  Train=0.059s  Test=2.022s  Peak RAM=37.116 MB
2026-03-18 02:42:00 | INFO | [ncluster=74/74] AUC-ROC=50.00%  AUC-PR=50.00%  F1=0.0000  MCC=0.0000  Train=0.065s  Test=2.042s  Peak RAM=37.115 MB
2026-03-18 02:42:06 | INFO | [ncluster=77/77] AUC-ROC=50.00%  AUC-PR=50.00%  F1=0.0000  MCC=0.0000  Train=0.059s  Test=2.043s  Peak RAM=37.116 MB
2026-03-18 02:42:12 | INFO | [ncluster=80/80] AUC-ROC=50.00%  AUC-PR=50.00%  F1=0.0000  MCC=0.0000  Train=0.060s  Test=2.059s  Peak RAM=37.117 MB
2026-03-18 02:42:18 | INFO | [ncluster=83/83] AUC-ROC=50.00%  AUC-PR=50.00%  F1=0.0000  MCC=0.0000  Train=0.061s  Test=2.054s  Peak RAM=37.118 MB
2026-03-18 02:42:24 | INFO | [ncluster=86/86] AUC-ROC=50.00%  AUC-PR=50.00%  F1=0.0000  MCC=0.0000  Train=0.061s  Test=2.039s  Peak RAM=37.118 MB
2026-03-18 02:42:30 | INFO | [ncluster=89/89] AUC-ROC=50.00%  AUC-PR=50.00%  F1=0.0000  MCC=0.0000  Train=0.062s  Test=2.078s  Peak RAM=37.118 MB
2026-03-18 02:42:36 | INFO | [ncluster=92/92] AUC-ROC=50.00%  AUC-PR=50.00%  F1=0.0000  MCC=0.0000  Train=0.068s  Test=2.042s  Peak RAM=37.119 MB
2026-03-18 02:42:43 | INFO | [ncluster=95/95] AUC-ROC=50.00%  AUC-PR=50.00%  F1=0.0000  MCC=0.0000  Train=0.062s  Test=2.064s  Peak RAM=37.12 MB
2026-03-18 02:42:50 | INFO | [ncluster=98/98] AUC-ROC=50.00%  AUC-PR=50.00%  F1=0.0000  MCC=0.0000  Train=0.063s  Test=2.051s  Peak RAM=37.121 MB
2026-03-18 02:42:57 | INFO | [ncluster=101/101] AUC-ROC=50.00%  AUC-PR=50.00%  F1=0.0000  MCC=0.0000  Train=0.063s  Test=2.034s  Peak RAM=37.122 MB
2026-03-18 02:43:04 | INFO | [ncluster=104/104] AUC-ROC=50.00%  AUC-PR=50.00%  F1=0.0000  MCC=0.0000  Train=0.063s  Test=2.041s  Peak RAM=37.121 MB
2026-03-18 02:43:11 | INFO | [ncluster=107/107] AUC-ROC=50.00%  AUC-PR=50.00%  F1=0.0000  MCC=0.0000  Train=0.064s  Test=2.052s  Peak RAM=37.122 MB
2026-03-18 02:43:18 | INFO | [ncluster=110/110] AUC-ROC=50.00%  AUC-PR=50.00%  F1=0.0000  MCC=0.0000  Train=0.069s  Test=2.049s  Peak RAM=37.123 MB
2026-03-18 02:43:25 | INFO | [ncluster=113/113] AUC-ROC=50.00%  AUC-PR=50.00%  F1=0.0000  MCC=0.0000  Train=0.064s  Test=2.038s  Peak RAM=37.123 MB
2026-03-18 02:43:32 | INFO | [ncluster=116/116] AUC-ROC=50.00%  AUC-PR=50.00%  F1=0.0000  MCC=0.0000  Train=0.065s  Test=2.038s  Peak RAM=37.124 MB
2026-03-18 02:43:40 | INFO | [ncluster=119/119] AUC-ROC=50.00%  AUC-PR=50.00%  F1=0.0000  MCC=0.0000  Train=0.065s  Test=2.050s  Peak RAM=37.124 MB
2026-03-18 02:43:48 | INFO | [ncluster=122/122] AUC-ROC=50.00%  AUC-PR=50.00%  F1=0.0000  MCC=0.0000  Train=0.066s  Test=2.060s  Peak RAM=37.125 MB
2026-03-18 02:43:56 | INFO | [ncluster=125/125] AUC-ROC=50.00%  AUC-PR=50.00%  F1=0.0000  MCC=0.0000  Train=0.066s  Test=2.053s  Peak RAM=37.126 MB
2026-03-18 02:44:03 | INFO | [ncluster=128/128] AUC-ROC=50.00%  AUC-PR=50.00%  F1=0.0000  MCC=0.0000  Train=0.066s  Test=2.073s  Peak RAM=37.126 MB
2026-03-18 02:44:12 | INFO | [ncluster=131/131] AUC-ROC=50.00%  AUC-PR=50.00%  F1=0.0000  MCC=0.0000  Train=0.068s  Test=2.039s  Peak RAM=37.126 MB
2026-03-18 02:44:20 | INFO | [ncluster=134/134] AUC-ROC=50.00%  AUC-PR=50.00%  F1=0.0000  MCC=0.0000  Train=0.068s  Test=2.060s  Peak RAM=37.127 MB
2026-03-18 02:44:28 | INFO | [ncluster=137/137] AUC-ROC=50.00%  AUC-PR=50.00%  F1=0.0000  MCC=0.0000  Train=0.073s  Test=2.053s  Peak RAM=37.128 MB
2026-03-18 02:44:37 | INFO | [ncluster=140/140] AUC-ROC=50.00%  AUC-PR=50.00%  F1=0.0000  MCC=0.0000  Train=0.068s  Test=2.075s  Peak RAM=37.128 MB
2026-03-18 02:44:45 | INFO | [ncluster=143/143] AUC-ROC=50.00%  AUC-PR=50.00%  F1=0.0000  MCC=0.0000  Train=0.069s  Test=2.046s  Peak RAM=37.129 MB
2026-03-18 02:44:54 | INFO | [ncluster=146/146] AUC-ROC=50.00%  AUC-PR=50.00%  F1=0.0000  MCC=0.0000  Train=0.075s  Test=2.030s  Peak RAM=37.129 MB
2026-03-18 02:45:03 | INFO | [ncluster=149/149] AUC-ROC=50.00%  AUC-PR=50.00%  F1=0.0000  MCC=0.0000  Train=0.069s  Test=2.049s  Peak RAM=37.129 MB
2026-03-18 02:45:13 | INFO | [ncluster=152/152] AUC-ROC=50.00%  AUC-PR=50.00%  F1=0.0000  MCC=0.0000  Train=0.082s  Test=2.047s  Peak RAM=37.13 MB
2026-03-18 02:45:22 | INFO | [ncluster=155/155] AUC-ROC=50.00%  AUC-PR=50.00%  F1=0.0000  MCC=0.0000  Train=0.070s  Test=2.060s  Peak RAM=37.13 MB
2026-03-18 02:45:31 | INFO | [ncluster=158/158] AUC-ROC=70.03%  AUC-PR=62.52%  F1=0.7688  MCC=0.4979  Train=0.071s  Test=2.067s  Peak RAM=37.131 MB
2026-03-18 02:45:41 | INFO | [ncluster=161/161] AUC-ROC=69.41%  AUC-PR=62.04%  F1=0.7651  MCC=0.4869  Train=0.071s  Test=2.085s  Peak RAM=37.131 MB
2026-03-18 02:45:51 | INFO | [ncluster=164/164] AUC-ROC=69.46%  AUC-PR=62.08%  F1=0.7657  MCC=0.4905  Train=0.071s  Test=2.064s  Peak RAM=37.132 MB
2026-03-18 02:46:01 | INFO | [ncluster=167/167] AUC-ROC=50.00%  AUC-PR=50.00%  F1=0.0000  MCC=0.0000  Train=0.072s  Test=2.022s  Peak RAM=37.133 MB
2026-03-18 02:46:10 | INFO | [ncluster=170/170] AUC-ROC=69.79%  AUC-PR=62.34%  F1=0.7673  MCC=0.4939  Train=0.078s  Test=2.069s  Peak RAM=37.134 MB
2026-03-18 02:46:21 | INFO | [ncluster=173/173] AUC-ROC=50.00%  AUC-PR=50.00%  F1=0.0000  MCC=0.0000  Train=0.072s  Test=2.051s  Peak RAM=37.134 MB
2026-03-18 02:46:31 | INFO | [ncluster=176/176] AUC-ROC=50.00%  AUC-PR=50.00%  F1=0.0000  MCC=0.0000  Train=0.072s  Test=2.049s  Peak RAM=37.134 MB
2026-03-18 02:46:41 | INFO | [ncluster=179/179] AUC-ROC=50.00%  AUC-PR=50.00%  F1=0.0000  MCC=0.0000  Train=0.073s  Test=2.063s  Peak RAM=37.135 MB
2026-03-18 02:46:52 | INFO | [ncluster=182/182] AUC-ROC=50.00%  AUC-PR=50.00%  F1=0.0000  MCC=0.0000  Train=0.084s  Test=2.077s  Peak RAM=37.135 MB
2026-03-18 02:47:02 | INFO | [ncluster=185/185] AUC-ROC=50.00%  AUC-PR=50.00%  F1=0.0000  MCC=0.0000  Train=0.074s  Test=2.041s  Peak RAM=37.135 MB
2026-03-18 02:47:13 | INFO | [ncluster=188/188] AUC-ROC=50.00%  AUC-PR=50.00%  F1=0.0000  MCC=0.0000  Train=0.074s  Test=2.049s  Peak RAM=37.136 MB
2026-03-18 02:47:24 | INFO | [ncluster=191/191] AUC-ROC=50.00%  AUC-PR=50.00%  F1=0.0000  MCC=0.0000  Train=0.075s  Test=2.049s  Peak RAM=37.136 MB
2026-03-18 02:47:35 | INFO | [ncluster=194/194] AUC-ROC=69.23%  AUC-PR=61.90%  F1=0.7646  MCC=0.4836  Train=0.087s  Test=2.087s  Peak RAM=37.138 MB
2026-03-18 02:47:47 | INFO | [ncluster=197/197] AUC-ROC=50.00%  AUC-PR=50.00%  F1=0.0000  MCC=0.0000  Train=0.075s  Test=2.060s  Peak RAM=37.138 MB
2026-03-18 02:47:58 | INFO | [ncluster=200/200] AUC-ROC=50.00%  AUC-PR=50.00%  F1=0.0000  MCC=0.0000  Train=0.076s  Test=2.075s  Peak RAM=37.139 MB
2026-03-18 02:48:10 | INFO | [ncluster=203/203] AUC-ROC=50.00%  AUC-PR=50.00%  F1=0.0000  MCC=0.0000  Train=0.076s  Test=2.032s  Peak RAM=37.139 MB
2026-03-18 02:48:21 | INFO | [ncluster=206/206] AUC-ROC=50.00%  AUC-PR=50.00%  F1=0.0000  MCC=0.0000  Train=0.077s  Test=2.091s  Peak RAM=37.139 MB
2026-03-18 02:48:33 | INFO | [ncluster=209/209] AUC-ROC=50.00%  AUC-PR=50.00%  F1=0.0000  MCC=0.0000  Train=0.077s  Test=2.063s  Peak RAM=37.14 MB
2026-03-18 02:48:45 | INFO | [ncluster=212/212] AUC-ROC=50.00%  AUC-PR=50.00%  F1=0.0000  MCC=0.0000  Train=0.079s  Test=2.041s  Peak RAM=37.141 MB
2026-03-18 02:48:57 | INFO | [ncluster=215/215] AUC-ROC=50.00%  AUC-PR=50.00%  F1=0.0000  MCC=0.0000  Train=0.078s  Test=2.044s  Peak RAM=37.141 MB
2026-03-18 02:49:10 | INFO | [ncluster=218/218] AUC-ROC=69.37%  AUC-PR=62.01%  F1=0.7653  MCC=0.4894  Train=0.084s  Test=2.073s  Peak RAM=37.142 MB
2026-03-18 02:49:22 | INFO | [ncluster=221/221] AUC-ROC=50.00%  AUC-PR=50.00%  F1=0.0000  MCC=0.0000  Train=0.084s  Test=2.049s  Peak RAM=37.143 MB
2026-03-18 02:49:34 | INFO | [ncluster=224/224] AUC-ROC=50.04%  AUC-PR=50.02%  F1=0.6667  MCC=0.0132  Train=0.079s  Test=2.101s  Peak RAM=37.143 MB
2026-03-18 02:49:47 | INFO | [ncluster=227/227] AUC-ROC=69.26%  AUC-PR=61.93%  F1=0.7651  MCC=0.4887  Train=0.081s  Test=2.078s  Peak RAM=37.144 MB
2026-03-18 02:49:59 | INFO | [ncluster=230/230] AUC-ROC=50.00%  AUC-PR=50.00%  F1=0.0000  MCC=0.0000  Train=0.086s  Test=2.027s  Peak RAM=37.144 MB
2026-03-18 02:50:12 | INFO | [ncluster=233/233] AUC-ROC=50.00%  AUC-PR=50.00%  F1=0.0000  MCC=0.0000  Train=0.080s  Test=2.049s  Peak RAM=37.144 MB
2026-03-18 02:50:25 | INFO | [ncluster=236/236] AUC-ROC=77.75%  AUC-PR=69.86%  F1=0.7792  MCC=0.5208  Train=0.080s  Test=2.087s  Peak RAM=37.145 MB
2026-03-18 02:50:38 | INFO | [ncluster=239/239] AUC-ROC=50.00%  AUC-PR=50.00%  F1=0.0000  MCC=0.0000  Train=0.081s  Test=2.066s  Peak RAM=37.145 MB
2026-03-18 02:50:51 | INFO | [ncluster=242/242] AUC-ROC=50.00%  AUC-PR=50.00%  F1=0.0000  MCC=0.0000  Train=0.088s  Test=2.032s  Peak RAM=37.146 MB
2026-03-18 02:51:05 | INFO | [ncluster=245/245] AUC-ROC=50.04%  AUC-PR=50.02%  F1=0.6668  MCC=0.0148  Train=0.082s  Test=2.089s  Peak RAM=37.146 MB
2026-03-18 02:51:18 | INFO | [ncluster=248/248] AUC-ROC=50.00%  AUC-PR=50.00%  F1=0.0000  MCC=0.0000  Train=0.081s  Test=2.056s  Peak RAM=37.146 MB
2026-03-18 02:51:32 | INFO | [ncluster=251/251] AUC-ROC=50.04%  AUC-PR=50.02%  F1=0.6668  MCC=0.0164  Train=0.082s  Test=2.067s  Peak RAM=37.147 MB
2026-03-18 02:51:45 | INFO | [ncluster=254/254] AUC-ROC=50.00%  AUC-PR=50.00%  F1=0.0000  MCC=0.0000  Train=0.082s  Test=2.045s  Peak RAM=37.147 MB
2026-03-18 02:51:59 | INFO | [ncluster=257/257] AUC-ROC=66.45%  AUC-PR=60.20%  F1=0.7309  MCC=0.3766  Train=0.083s  Test=2.125s  Peak RAM=37.148 MB
2026-03-18 02:52:13 | INFO | [ncluster=260/260] AUC-ROC=50.00%  AUC-PR=50.00%  F1=0.0000  MCC=0.0000  Train=0.160s  Test=2.060s  Peak RAM=37.149 MB
2026-03-18 02:52:27 | INFO | [ncluster=263/263] AUC-ROC=50.00%  AUC-PR=50.00%  F1=0.0000  MCC=0.0000  Train=0.084s  Test=2.052s  Peak RAM=37.149 MB
2026-03-18 02:52:41 | INFO | [ncluster=266/266] AUC-ROC=50.04%  AUC-PR=50.02%  F1=0.6668  MCC=0.0148  Train=0.090s  Test=2.025s  Peak RAM=37.15 MB
2026-03-18 02:52:56 | INFO | [ncluster=269/269] AUC-ROC=50.04%  AUC-PR=50.02%  F1=0.6668  MCC=0.0164  Train=0.085s  Test=2.035s  Peak RAM=37.151 MB
2026-03-18 02:53:11 | INFO | [ncluster=272/272] AUC-ROC=50.04%  AUC-PR=50.02%  F1=0.6667  MCC=0.0132  Train=0.089s  Test=2.010s  Peak RAM=37.151 MB
2026-03-18 02:53:25 | INFO | [ncluster=275/275] AUC-ROC=69.89%  AUC-PR=62.38%  F1=0.7725  MCC=0.5070  Train=0.086s  Test=2.042s  Peak RAM=37.151 MB
2026-03-18 02:53:40 | INFO | [ncluster=278/278] AUC-ROC=80.75%  AUC-PR=72.24%  F1=0.8342  MCC=0.6528  Train=0.138s  Test=2.073s  Peak RAM=37.152 MB
2026-03-18 02:53:55 | INFO | [ncluster=281/281] AUC-ROC=50.00%  AUC-PR=50.00%  F1=0.0000  MCC=0.0000  Train=0.086s  Test=2.042s  Peak RAM=37.152 MB
2026-03-18 02:54:10 | INFO | [ncluster=284/284] AUC-ROC=50.04%  AUC-PR=50.02%  F1=0.6668  MCC=0.0148  Train=0.088s  Test=2.038s  Peak RAM=37.153 MB
2026-03-18 02:54:25 | INFO | [ncluster=287/287] AUC-ROC=77.95%  AUC-PR=69.44%  F1=0.8146  MCC=0.6081  Train=0.090s  Test=2.091s  Peak RAM=37.153 MB
2026-03-18 02:54:41 | INFO | [ncluster=290/290] AUC-ROC=50.03%  AUC-PR=50.02%  F1=0.6668  MCC=0.0139  Train=0.099s  Test=2.037s  Peak RAM=37.154 MB
2026-03-18 02:54:56 | INFO | [ncluster=293/293] AUC-ROC=50.04%  AUC-PR=50.02%  F1=0.6667  MCC=0.0132  Train=0.088s  Test=2.033s  Peak RAM=37.155 MB
2026-03-18 02:55:12 | INFO | [ncluster=296/296] AUC-ROC=50.04%  AUC-PR=50.02%  F1=0.6668  MCC=0.0148  Train=0.089s  Test=2.075s  Peak RAM=37.155 MB
2026-03-18 02:55:27 | INFO | [ncluster=299/299] AUC-ROC=50.00%  AUC-PR=50.00%  F1=0.0000  MCC=0.0000  Train=0.089s  Test=2.051s  Peak RAM=37.156 MB
2026-03-18 02:55:27 | INFO | --- noise=1% ---
2026-03-18 02:55:27 | INFO | ============================================================
2026-03-18 02:55:27 | INFO | Dataset  : Train_MinMaxScaler_data_CICIoT2023.csv
2026-03-18 02:55:27 | INFO | Scaler   : MinMaxScaler
2026-03-18 02:55:27 | INFO | Noise    : 1%
2026-03-18 02:55:27 | INFO | nClusters: 84 values (50..299)
2026-03-18 02:55:27 | INFO | ============================================================
2026-03-18 02:55:28 | INFO | Loaded Raw Shape -> Train: (30000, 45), Test: (30000, 45)
2026-03-18 02:55:28 | INFO | Training size : 30,300  |  Testing size: 29,700  |  Features: 44
2026-03-18 02:55:32 | INFO | [ncluster=50/50] AUC-ROC=50.00%  AUC-PR=50.51%  F1=0.0000  MCC=0.0000  Train=0.069s  Test=2.187s  Peak RAM=37.483 MB
2026-03-18 02:55:37 | INFO | [ncluster=53/53] AUC-ROC=50.00%  AUC-PR=50.51%  F1=0.0000  MCC=0.0000  Train=0.069s  Test=2.198s  Peak RAM=37.482 MB
2026-03-18 02:55:42 | INFO | [ncluster=56/56] AUC-ROC=50.00%  AUC-PR=50.51%  F1=0.0000  MCC=0.0000  Train=0.081s  Test=2.203s  Peak RAM=37.482 MB
2026-03-18 02:55:47 | INFO | [ncluster=59/59] AUC-ROC=50.00%  AUC-PR=50.51%  F1=0.0000  MCC=0.0000  Train=0.070s  Test=2.178s  Peak RAM=37.483 MB
2026-03-18 02:55:52 | INFO | [ncluster=62/62] AUC-ROC=50.00%  AUC-PR=50.51%  F1=0.0000  MCC=0.0000  Train=0.072s  Test=2.180s  Peak RAM=37.483 MB
2026-03-18 02:55:57 | INFO | [ncluster=65/65] AUC-ROC=50.00%  AUC-PR=50.51%  F1=0.0000  MCC=0.0000  Train=0.071s  Test=2.161s  Peak RAM=37.483 MB
2026-03-18 02:56:03 | INFO | [ncluster=68/68] AUC-ROC=50.00%  AUC-PR=50.51%  F1=0.0000  MCC=0.0000  Train=0.070s  Test=2.163s  Peak RAM=37.484 MB
2026-03-18 02:56:08 | INFO | [ncluster=71/71] AUC-ROC=50.00%  AUC-PR=50.51%  F1=0.0000  MCC=0.0000  Train=0.072s  Test=2.193s  Peak RAM=37.485 MB
2026-03-18 02:56:14 | INFO | [ncluster=74/74] AUC-ROC=50.00%  AUC-PR=50.51%  F1=0.0000  MCC=0.0000  Train=0.071s  Test=2.177s  Peak RAM=37.486 MB
2026-03-18 02:56:20 | INFO | [ncluster=77/77] AUC-ROC=50.00%  AUC-PR=50.51%  F1=0.0000  MCC=0.0000  Train=0.072s  Test=2.221s  Peak RAM=37.486 MB
2026-03-18 02:56:26 | INFO | [ncluster=80/80] AUC-ROC=50.00%  AUC-PR=50.51%  F1=0.0000  MCC=0.0000  Train=0.086s  Test=2.235s  Peak RAM=37.487 MB
2026-03-18 02:56:33 | INFO | [ncluster=83/83] AUC-ROC=50.00%  AUC-PR=50.51%  F1=0.0000  MCC=0.0000  Train=0.074s  Test=2.219s  Peak RAM=37.488 MB
2026-03-18 02:56:39 | INFO | [ncluster=86/86] AUC-ROC=50.00%  AUC-PR=50.51%  F1=0.0000  MCC=0.0000  Train=0.073s  Test=2.193s  Peak RAM=37.489 MB
2026-03-18 02:56:46 | INFO | [ncluster=89/89] AUC-ROC=50.00%  AUC-PR=50.51%  F1=0.0000  MCC=0.0000  Train=0.074s  Test=2.225s  Peak RAM=37.489 MB
2026-03-18 02:56:52 | INFO | [ncluster=92/92] AUC-ROC=50.00%  AUC-PR=50.51%  F1=0.0000  MCC=0.0000  Train=0.073s  Test=2.248s  Peak RAM=37.49 MB
2026-03-18 02:56:59 | INFO | [ncluster=95/95] AUC-ROC=50.00%  AUC-PR=50.51%  F1=0.0000  MCC=0.0000  Train=0.074s  Test=2.167s  Peak RAM=37.49 MB
2026-03-18 02:57:06 | INFO | [ncluster=98/98] AUC-ROC=50.00%  AUC-PR=50.51%  F1=0.0000  MCC=0.0000  Train=0.093s  Test=2.178s  Peak RAM=37.491 MB
2026-03-18 02:57:13 | INFO | [ncluster=101/101] AUC-ROC=50.00%  AUC-PR=50.51%  F1=0.0000  MCC=0.0000  Train=0.096s  Test=2.209s  Peak RAM=37.492 MB
2026-03-18 02:57:20 | INFO | [ncluster=104/104] AUC-ROC=50.00%  AUC-PR=50.51%  F1=0.0000  MCC=0.0000  Train=0.075s  Test=2.200s  Peak RAM=37.493 MB
2026-03-18 02:57:27 | INFO | [ncluster=107/107] AUC-ROC=50.00%  AUC-PR=50.51%  F1=0.0000  MCC=0.0000  Train=0.077s  Test=2.204s  Peak RAM=37.493 MB
2026-03-18 02:57:35 | INFO | [ncluster=110/110] AUC-ROC=50.00%  AUC-PR=50.51%  F1=0.0000  MCC=0.0000  Train=0.085s  Test=2.185s  Peak RAM=37.494 MB
2026-03-18 02:57:42 | INFO | [ncluster=113/113] AUC-ROC=50.00%  AUC-PR=50.51%  F1=0.0000  MCC=0.0000  Train=0.077s  Test=2.217s  Peak RAM=37.495 MB
2026-03-18 02:57:50 | INFO | [ncluster=116/116] AUC-ROC=50.00%  AUC-PR=50.51%  F1=0.0000  MCC=0.0000  Train=0.077s  Test=2.207s  Peak RAM=37.495 MB
2026-03-18 02:57:58 | INFO | [ncluster=119/119] AUC-ROC=50.00%  AUC-PR=50.51%  F1=0.0000  MCC=0.0000  Train=0.078s  Test=2.245s  Peak RAM=37.495 MB
2026-03-18 02:58:06 | INFO | [ncluster=122/122] AUC-ROC=50.00%  AUC-PR=50.51%  F1=0.0000  MCC=0.0000  Train=0.088s  Test=2.172s  Peak RAM=37.496 MB
2026-03-18 02:58:14 | INFO | [ncluster=125/125] AUC-ROC=50.00%  AUC-PR=50.51%  F1=0.0000  MCC=0.0000  Train=0.078s  Test=2.193s  Peak RAM=37.496 MB
2026-03-18 02:58:22 | INFO | [ncluster=128/128] AUC-ROC=50.00%  AUC-PR=50.51%  F1=0.0000  MCC=0.0000  Train=0.079s  Test=2.190s  Peak RAM=37.497 MB
2026-03-18 02:58:30 | INFO | [ncluster=131/131] AUC-ROC=50.00%  AUC-PR=50.51%  F1=0.0000  MCC=0.0000  Train=0.079s  Test=2.196s  Peak RAM=37.497 MB
2026-03-18 02:58:39 | INFO | [ncluster=134/134] AUC-ROC=50.00%  AUC-PR=50.51%  F1=0.0000  MCC=0.0000  Train=0.078s  Test=2.181s  Peak RAM=37.497 MB
2026-03-18 02:58:47 | INFO | [ncluster=137/137] AUC-ROC=50.00%  AUC-PR=50.51%  F1=0.0000  MCC=0.0000  Train=0.087s  Test=2.188s  Peak RAM=37.498 MB
2026-03-18 02:58:56 | INFO | [ncluster=140/140] AUC-ROC=50.00%  AUC-PR=50.51%  F1=0.0000  MCC=0.0000  Train=0.079s  Test=2.263s  Peak RAM=37.499 MB
2026-03-18 02:59:06 | INFO | [ncluster=143/143] AUC-ROC=63.46%  AUC-PR=58.05%  F1=0.7458  MCC=0.4153  Train=0.082s  Test=2.913s  Peak RAM=37.499 MB
2026-03-18 02:59:16 | INFO | [ncluster=146/146] AUC-ROC=50.00%  AUC-PR=50.51%  F1=0.0000  MCC=0.0000  Train=0.431s  Test=2.679s  Peak RAM=37.5 MB
2026-03-18 02:59:29 | INFO | [ncluster=149/149] AUC-ROC=50.00%  AUC-PR=50.51%  F1=0.0000  MCC=0.0000  Train=0.807s  Test=3.750s  Peak RAM=37.5 MB
2026-03-18 02:59:42 | INFO | [ncluster=152/152] AUC-ROC=50.00%  AUC-PR=50.51%  F1=0.0000  MCC=0.0000  Train=0.651s  Test=3.684s  Peak RAM=37.5 MB
2026-03-18 02:59:55 | INFO | [ncluster=155/155] AUC-ROC=50.00%  AUC-PR=50.51%  F1=0.0000  MCC=0.0000  Train=0.817s  Test=3.681s  Peak RAM=37.501 MB
2026-03-18 03:00:09 | INFO | [ncluster=158/158] AUC-ROC=68.45%  AUC-PR=61.99%  F1=0.7494  MCC=0.4224  Train=0.842s  Test=4.163s  Peak RAM=37.501 MB
2026-03-18 03:00:24 | INFO | [ncluster=161/161] AUC-ROC=50.00%  AUC-PR=50.51%  F1=0.0000  MCC=0.0000  Train=0.966s  Test=3.837s  Peak RAM=37.503 MB
2026-03-18 03:00:40 | INFO | [ncluster=164/164] AUC-ROC=74.56%  AUC-PR=66.95%  F1=0.7826  MCC=0.5151  Train=0.807s  Test=4.225s  Peak RAM=37.502 MB
2026-03-18 03:00:54 | INFO | [ncluster=167/167] AUC-ROC=66.70%  AUC-PR=60.88%  F1=0.7363  MCC=0.3834  Train=0.798s  Test=3.917s  Peak RAM=37.503 MB
2026-03-18 03:01:09 | INFO | [ncluster=170/170] AUC-ROC=71.61%  AUC-PR=64.45%  F1=0.7650  MCC=0.4672  Train=0.901s  Test=4.242s  Peak RAM=37.505 MB
2026-03-18 03:01:24 | INFO | [ncluster=173/173] AUC-ROC=72.13%  AUC-PR=65.04%  F1=0.7592  MCC=0.4535  Train=0.743s  Test=4.011s  Peak RAM=37.504 MB
2026-03-18 03:01:39 | INFO | [ncluster=176/176] AUC-ROC=70.52%  AUC-PR=63.46%  F1=0.7695  MCC=0.4833  Train=0.666s  Test=4.174s  Peak RAM=37.505 MB
2026-03-18 03:01:53 | INFO | [ncluster=179/179] AUC-ROC=65.90%  AUC-PR=60.30%  F1=0.7338  MCC=0.3748  Train=0.755s  Test=3.910s  Peak RAM=37.506 MB
2026-03-18 03:02:09 | INFO | [ncluster=182/182] AUC-ROC=70.99%  AUC-PR=63.83%  F1=0.7685  MCC=0.4789  Train=0.806s  Test=4.293s  Peak RAM=37.506 MB
2026-03-18 03:02:24 | INFO | [ncluster=185/185] AUC-ROC=69.36%  AUC-PR=62.58%  F1=0.7603  MCC=0.4563  Train=0.887s  Test=3.933s  Peak RAM=37.506 MB
2026-03-18 03:02:40 | INFO | [ncluster=188/188] AUC-ROC=71.72%  AUC-PR=64.47%  F1=0.7634  MCC=0.4628  Train=0.687s  Test=4.038s  Peak RAM=37.507 MB
2026-03-18 03:02:55 | INFO | [ncluster=191/191] AUC-ROC=66.59%  AUC-PR=60.86%  F1=0.7317  MCC=0.3715  Train=0.821s  Test=3.809s  Peak RAM=37.507 MB
2026-03-18 03:03:11 | INFO | [ncluster=194/194] AUC-ROC=67.85%  AUC-PR=61.53%  F1=0.7461  MCC=0.4124  Train=0.817s  Test=4.028s  Peak RAM=37.507 MB
2026-03-18 03:03:27 | INFO | [ncluster=197/197] AUC-ROC=50.00%  AUC-PR=50.51%  F1=0.0000  MCC=0.0000  Train=0.626s  Test=3.996s  Peak RAM=37.508 MB
2026-03-18 03:03:44 | INFO | [ncluster=200/200] AUC-ROC=76.68%  AUC-PR=68.76%  F1=0.8030  MCC=0.5693  Train=0.739s  Test=4.336s  Peak RAM=37.509 MB
2026-03-18 03:04:00 | INFO | [ncluster=203/203] AUC-ROC=66.78%  AUC-PR=60.62%  F1=0.7510  MCC=0.4341  Train=0.700s  Test=3.834s  Peak RAM=37.51 MB
2026-03-18 03:04:17 | INFO | [ncluster=206/206] AUC-ROC=70.85%  AUC-PR=63.89%  F1=0.7591  MCC=0.4508  Train=0.770s  Test=4.229s  Peak RAM=37.51 MB
2026-03-18 03:04:33 | INFO | [ncluster=209/209] AUC-ROC=50.00%  AUC-PR=50.51%  F1=0.0000  MCC=0.0000  Train=0.838s  Test=3.604s  Peak RAM=37.511 MB
2026-03-18 03:04:50 | INFO | [ncluster=212/212] AUC-ROC=50.00%  AUC-PR=50.51%  F1=0.0000  MCC=0.0000  Train=0.715s  Test=3.741s  Peak RAM=37.512 MB
2026-03-18 03:05:06 | INFO | [ncluster=215/215] AUC-ROC=65.69%  AUC-PR=60.08%  F1=0.7164  MCC=0.3303  Train=0.879s  Test=3.926s  Peak RAM=37.512 MB
2026-03-18 03:05:23 | INFO | [ncluster=218/218] AUC-ROC=50.00%  AUC-PR=50.51%  F1=0.0000  MCC=0.0000  Train=0.865s  Test=3.579s  Peak RAM=37.512 MB
2026-03-18 03:05:40 | INFO | [ncluster=221/221] AUC-ROC=50.00%  AUC-PR=50.51%  F1=0.0000  MCC=0.0000  Train=0.715s  Test=3.530s  Peak RAM=37.512 MB
2026-03-18 03:05:57 | INFO | [ncluster=224/224] AUC-ROC=50.00%  AUC-PR=50.51%  F1=0.0000  MCC=0.0000  Train=0.687s  Test=3.801s  Peak RAM=37.513 MB
2026-03-18 03:06:15 | INFO | [ncluster=227/227] AUC-ROC=63.72%  AUC-PR=58.53%  F1=0.7281  MCC=0.3555  Train=0.231s  Test=3.977s  Peak RAM=37.514 MB
2026-03-18 03:06:33 | INFO | [ncluster=230/230] AUC-ROC=70.21%  AUC-PR=63.98%  F1=0.7417  MCC=0.4127  Train=0.719s  Test=4.224s  Peak RAM=37.515 MB
2026-03-18 03:06:51 | INFO | [ncluster=233/233] AUC-ROC=68.84%  AUC-PR=62.14%  F1=0.7626  MCC=0.4678  Train=0.882s  Test=4.122s  Peak RAM=37.515 MB
2026-03-18 03:07:09 | INFO | [ncluster=236/236] AUC-ROC=50.00%  AUC-PR=50.51%  F1=0.0000  MCC=0.0000  Train=0.747s  Test=3.599s  Peak RAM=37.516 MB
2026-03-18 03:07:28 | INFO | [ncluster=239/239] AUC-ROC=77.73%  AUC-PR=70.41%  F1=0.7947  MCC=0.5490  Train=0.855s  Test=3.998s  Peak RAM=37.516 MB
2026-03-18 03:07:47 | INFO | [ncluster=242/242] AUC-ROC=68.10%  AUC-PR=61.68%  F1=0.7497  MCC=0.4233  Train=0.671s  Test=4.225s  Peak RAM=37.517 MB
2026-03-18 03:08:06 | INFO | [ncluster=245/245] AUC-ROC=50.04%  AUC-PR=50.52%  F1=0.6712  MCC=0.0136  Train=0.962s  Test=3.490s  Peak RAM=37.517 MB
2026-03-18 03:08:25 | INFO | [ncluster=248/248] AUC-ROC=73.07%  AUC-PR=65.70%  F1=0.7763  MCC=0.4984  Train=0.775s  Test=4.250s  Peak RAM=37.517 MB
2026-03-18 03:08:43 | INFO | [ncluster=251/251] AUC-ROC=68.18%  AUC-PR=62.12%  F1=0.7315  MCC=0.3787  Train=0.716s  Test=3.768s  Peak RAM=37.518 MB
2026-03-18 03:09:02 | INFO | [ncluster=254/254] AUC-ROC=50.00%  AUC-PR=50.51%  F1=0.0000  MCC=0.0000  Train=0.753s  Test=3.877s  Peak RAM=37.518 MB
2026-03-18 03:09:22 | INFO | [ncluster=257/257] AUC-ROC=77.69%  AUC-PR=70.32%  F1=0.7995  MCC=0.5596  Train=0.785s  Test=3.694s  Peak RAM=37.519 MB
2026-03-18 03:09:41 | INFO | [ncluster=260/260] AUC-ROC=75.92%  AUC-PR=68.37%  F1=0.7828  MCC=0.5171  Train=0.904s  Test=4.199s  Peak RAM=37.519 MB
2026-03-18 03:10:01 | INFO | [ncluster=263/263] AUC-ROC=61.75%  AUC-PR=57.20%  F1=0.7214  MCC=0.3337  Train=0.882s  Test=3.984s  Peak RAM=37.52 MB
2026-03-18 03:10:21 | INFO | [ncluster=266/266] AUC-ROC=72.72%  AUC-PR=65.44%  F1=0.7776  MCC=0.5026  Train=0.732s  Test=4.259s  Peak RAM=37.52 MB
2026-03-18 03:10:41 | INFO | [ncluster=269/269] AUC-ROC=50.04%  AUC-PR=50.52%  F1=0.6712  MCC=0.0151  Train=0.765s  Test=3.828s  Peak RAM=37.521 MB
2026-03-18 03:11:06 | INFO | [ncluster=272/272] AUC-ROC=66.44%  AUC-PR=60.41%  F1=0.7434  MCC=0.4057  Train=0.869s  Test=4.080s  Peak RAM=37.521 MB
2026-03-18 03:11:28 | INFO | [ncluster=275/275] AUC-ROC=52.00%  AUC-PR=51.52%  F1=0.6800  MCC=0.1424  Train=0.865s  Test=3.839s  Peak RAM=37.522 MB
2026-03-18 03:11:48 | INFO | [ncluster=278/278] AUC-ROC=66.72%  AUC-PR=60.64%  F1=0.7453  MCC=0.4118  Train=0.763s  Test=4.179s  Peak RAM=37.523 MB
2026-03-18 03:12:43 | INFO | [ncluster=281/281] AUC-ROC=76.04%  AUC-PR=68.38%  F1=0.7849  MCC=0.5220  Train=1.862s  Test=8.772s  Peak RAM=37.523 MB
2026-03-18 03:13:51 | INFO | [ncluster=284/284] AUC-ROC=50.04%  AUC-PR=50.52%  F1=0.6713  MCC=0.0158  Train=1.990s  Test=8.836s  Peak RAM=37.524 MB
2026-03-18 03:14:55 | INFO | [ncluster=287/287] AUC-ROC=50.04%  AUC-PR=50.52%  F1=0.6712  MCC=0.0136  Train=1.977s  Test=8.408s  Peak RAM=37.524 MB
2026-03-18 03:15:28 | INFO | [ncluster=290/290] AUC-ROC=50.04%  AUC-PR=50.52%  F1=0.6713  MCC=0.0158  Train=0.833s  Test=6.292s  Peak RAM=37.525 MB
2026-03-18 03:16:35 | INFO | [ncluster=293/293] AUC-ROC=57.71%  AUC-PR=54.74%  F1=0.6985  MCC=0.2419  Train=1.718s  Test=9.840s  Peak RAM=37.526 MB
2026-03-18 03:17:39 | INFO | [ncluster=296/296] AUC-ROC=74.00%  AUC-PR=66.65%  F1=0.7720  MCC=0.4867  Train=1.838s  Test=8.401s  Peak RAM=37.526 MB
2026-03-18 03:18:38 | INFO | [ncluster=299/299] AUC-ROC=50.04%  AUC-PR=50.52%  F1=0.6712  MCC=0.0136  Train=1.323s  Test=6.464s  Peak RAM=37.527 MB
2026-03-18 03:18:38 | INFO | --- noise=3% ---
2026-03-18 03:18:38 | INFO | ============================================================
2026-03-18 03:18:38 | INFO | Dataset  : Train_MinMaxScaler_data_CICIoT2023.csv
2026-03-18 03:18:38 | INFO | Scaler   : MinMaxScaler
2026-03-18 03:18:38 | INFO | Noise    : 3%
2026-03-18 03:18:38 | INFO | nClusters: 84 values (50..299)
2026-03-18 03:18:38 | INFO | ============================================================
2026-03-18 03:18:39 | INFO | Loaded Raw Shape -> Train: (30000, 45), Test: (30000, 45)
2026-03-18 03:18:39 | INFO | Training size : 30,900  |  Testing size: 29,100  |  Features: 44
2026-03-18 03:18:54 | INFO | [ncluster=50/50] AUC-ROC=50.00%  AUC-PR=51.55%  F1=0.0000  MCC=0.0000  Train=0.861s  Test=7.187s  Peak RAM=38.224 MB
2026-03-18 03:19:21 | INFO | [ncluster=53/53] AUC-ROC=50.00%  AUC-PR=51.55%  F1=0.0000  MCC=0.0000  Train=1.729s  Test=8.363s  Peak RAM=38.223 MB
2026-03-18 03:19:47 | INFO | [ncluster=56/56] AUC-ROC=50.00%  AUC-PR=51.55%  F1=0.0000  MCC=0.0000  Train=1.634s  Test=8.421s  Peak RAM=38.224 MB
2026-03-18 03:20:15 | INFO | [ncluster=59/59] AUC-ROC=50.00%  AUC-PR=51.55%  F1=0.0000  MCC=0.0000  Train=1.926s  Test=8.904s  Peak RAM=38.224 MB
2026-03-18 03:20:44 | INFO | [ncluster=62/62] AUC-ROC=50.00%  AUC-PR=51.55%  F1=0.0000  MCC=0.0000  Train=2.023s  Test=8.108s  Peak RAM=38.225 MB
2026-03-18 03:21:13 | INFO | [ncluster=65/65] AUC-ROC=50.00%  AUC-PR=51.55%  F1=0.0000  MCC=0.0000  Train=1.799s  Test=8.369s  Peak RAM=38.225 MB
2026-03-18 03:21:41 | INFO | [ncluster=68/68] AUC-ROC=50.00%  AUC-PR=51.55%  F1=0.0000  MCC=0.0000  Train=1.671s  Test=8.433s  Peak RAM=38.226 MB
2026-03-18 03:22:10 | INFO | [ncluster=71/71] AUC-ROC=50.00%  AUC-PR=51.55%  F1=0.0000  MCC=0.0000  Train=1.691s  Test=7.186s  Peak RAM=38.227 MB
2026-03-18 03:22:31 | INFO | [ncluster=74/74] AUC-ROC=50.00%  AUC-PR=51.55%  F1=0.0000  MCC=0.0000  Train=1.183s  Test=5.260s  Peak RAM=38.227 MB
2026-03-18 03:22:47 | INFO | [ncluster=77/77] AUC-ROC=50.00%  AUC-PR=51.55%  F1=0.0000  MCC=0.0000  Train=0.889s  Test=5.931s  Peak RAM=38.228 MB
2026-03-18 03:23:21 | INFO | [ncluster=80/80] AUC-ROC=50.00%  AUC-PR=51.55%  F1=0.0000  MCC=0.0000  Train=1.836s  Test=9.050s  Peak RAM=38.229 MB
2026-03-18 03:23:56 | INFO | [ncluster=83/83] AUC-ROC=50.00%  AUC-PR=51.55%  F1=0.0000  MCC=0.0000  Train=1.704s  Test=8.895s  Peak RAM=38.23 MB
2026-03-18 03:24:31 | INFO | [ncluster=86/86] AUC-ROC=68.75%  AUC-PR=63.12%  F1=0.7552  MCC=0.4208  Train=1.885s  Test=8.784s  Peak RAM=38.23 MB
2026-03-18 03:25:04 | INFO | [ncluster=89/89] AUC-ROC=50.00%  AUC-PR=51.55%  F1=0.0000  MCC=0.0000  Train=1.742s  Test=8.748s  Peak RAM=38.231 MB
2026-03-18 03:25:31 | INFO | [ncluster=92/92] AUC-ROC=50.00%  AUC-PR=51.55%  F1=0.0000  MCC=0.0000  Train=0.924s  Test=4.298s  Peak RAM=38.231 MB
2026-03-18 03:25:52 | INFO | [ncluster=95/95] AUC-ROC=62.78%  AUC-PR=58.88%  F1=0.7323  MCC=0.3460  Train=0.739s  Test=5.672s  Peak RAM=38.233 MB
2026-03-18 03:26:02 | INFO | [ncluster=98/98] AUC-ROC=50.00%  AUC-PR=51.55%  F1=0.0000  MCC=0.0000  Train=0.396s  Test=3.131s  Peak RAM=38.233 MB
2026-03-18 03:26:10 | INFO | [ncluster=101/101] AUC-ROC=50.00%  AUC-PR=51.55%  F1=0.0000  MCC=0.0000  Train=0.489s  Test=2.848s  Peak RAM=38.234 MB
2026-03-18 03:26:33 | INFO | [ncluster=104/104] AUC-ROC=50.00%  AUC-PR=51.55%  F1=0.0000  MCC=0.0000  Train=1.211s  Test=6.027s  Peak RAM=38.234 MB
2026-03-18 03:26:55 | INFO | [ncluster=107/107] AUC-ROC=64.11%  AUC-PR=59.97%  F1=0.7211  MCC=0.3168  Train=1.047s  Test=5.586s  Peak RAM=38.234 MB
2026-03-18 03:27:18 | INFO | [ncluster=110/110] AUC-ROC=50.00%  AUC-PR=51.55%  F1=0.0000  MCC=0.0000  Train=0.808s  Test=4.926s  Peak RAM=38.235 MB
2026-03-18 03:27:39 | INFO | [ncluster=113/113] AUC-ROC=58.13%  AUC-PR=56.00%  F1=0.7084  MCC=0.2502  Train=0.879s  Test=4.428s  Peak RAM=38.236 MB
2026-03-18 03:28:01 | INFO | [ncluster=116/116] AUC-ROC=50.00%  AUC-PR=51.55%  F1=0.0000  MCC=0.0000  Train=0.567s  Test=3.171s  Peak RAM=38.236 MB
2026-03-18 03:28:14 | INFO | [ncluster=119/119] AUC-ROC=65.06%  AUC-PR=60.64%  F1=0.7250  MCC=0.3314  Train=0.522s  Test=3.025s  Peak RAM=38.236 MB
2026-03-18 03:28:28 | INFO | [ncluster=122/122] AUC-ROC=50.00%  AUC-PR=51.55%  F1=0.0000  MCC=0.0000  Train=0.966s  Test=4.618s  Peak RAM=38.237 MB
2026-03-18 03:28:56 | INFO | [ncluster=125/125] AUC-ROC=50.00%  AUC-PR=51.55%  F1=0.0000  MCC=0.0000  Train=1.005s  Test=4.693s  Peak RAM=38.238 MB
2026-03-18 03:29:21 | INFO | [ncluster=128/128] AUC-ROC=62.28%  AUC-PR=58.70%  F1=0.7185  MCC=0.3000  Train=0.858s  Test=4.455s  Peak RAM=38.238 MB
2026-03-18 03:29:45 | INFO | [ncluster=131/131] AUC-ROC=50.00%  AUC-PR=51.55%  F1=0.0000  MCC=0.0000  Train=0.906s  Test=4.830s  Peak RAM=38.239 MB
2026-03-18 03:30:09 | INFO | [ncluster=134/134] AUC-ROC=68.87%  AUC-PR=63.54%  F1=0.7471  MCC=0.4021  Train=0.873s  Test=4.843s  Peak RAM=38.239 MB
2026-03-18 03:30:29 | INFO | [ncluster=137/137] AUC-ROC=56.49%  AUC-PR=55.01%  F1=0.7076  MCC=0.2499  Train=0.772s  Test=3.520s  Peak RAM=38.239 MB
2026-03-18 03:30:41 | INFO | [ncluster=140/140] AUC-ROC=66.08%  AUC-PR=61.16%  F1=0.7467  MCC=0.3942  Train=0.508s  Test=3.502s  Peak RAM=38.24 MB
2026-03-18 03:31:10 | INFO | [ncluster=143/143] AUC-ROC=64.61%  AUC-PR=60.22%  F1=0.7353  MCC=0.3562  Train=0.844s  Test=4.451s  Peak RAM=38.24 MB
2026-03-18 03:31:37 | INFO | [ncluster=146/146] AUC-ROC=68.65%  AUC-PR=63.11%  F1=0.7582  MCC=0.4298  Train=1.055s  Test=4.265s  Peak RAM=38.241 MB
2026-03-18 03:32:05 | INFO | [ncluster=149/149] AUC-ROC=66.84%  AUC-PR=61.71%  F1=0.7559  MCC=0.4241  Train=0.994s  Test=5.504s  Peak RAM=38.242 MB
2026-03-18 03:32:31 | INFO | [ncluster=152/152] AUC-ROC=50.00%  AUC-PR=51.55%  F1=0.0000  MCC=0.0000  Train=1.005s  Test=4.621s  Peak RAM=38.242 MB
2026-03-18 03:32:52 | INFO | [ncluster=155/155] AUC-ROC=62.71%  AUC-PR=58.89%  F1=0.7290  MCC=0.3332  Train=0.706s  Test=3.097s  Peak RAM=38.242 MB
2026-03-18 03:33:09 | INFO | [ncluster=158/158] AUC-ROC=69.71%  AUC-PR=64.24%  F1=0.7555  MCC=0.4256  Train=0.859s  Test=4.813s  Peak RAM=38.243 MB
2026-03-18 03:33:41 | INFO | [ncluster=161/161] AUC-ROC=57.34%  AUC-PR=55.52%  F1=0.7053  MCC=0.2363  Train=0.934s  Test=5.204s  Peak RAM=38.244 MB
2026-03-18 03:34:11 | INFO | [ncluster=164/164] AUC-ROC=65.50%  AUC-PR=60.78%  F1=0.7463  MCC=0.3934  Train=0.964s  Test=5.827s  Peak RAM=38.244 MB
2026-03-18 03:34:41 | INFO | [ncluster=167/167] AUC-ROC=67.13%  AUC-PR=61.91%  F1=0.7500  MCC=0.4044  Train=0.914s  Test=4.501s  Peak RAM=38.244 MB
2026-03-18 03:35:09 | INFO | [ncluster=170/170] AUC-ROC=66.07%  AUC-PR=61.23%  F1=0.7453  MCC=0.3894  Train=1.064s  Test=4.880s  Peak RAM=38.245 MB
2026-03-18 03:35:25 | INFO | [ncluster=173/173] AUC-ROC=62.76%  AUC-PR=58.90%  F1=0.7114  MCC=0.2909  Train=0.750s  Test=3.244s  Peak RAM=38.245 MB
2026-03-18 03:35:57 | INFO | [ncluster=176/176] AUC-ROC=66.91%  AUC-PR=61.74%  F1=0.7508  MCC=0.4074  Train=0.962s  Test=4.543s  Peak RAM=38.246 MB
2026-03-18 03:36:27 | INFO | [ncluster=179/179] AUC-ROC=67.84%  AUC-PR=62.87%  F1=0.7407  MCC=0.3843  Train=0.893s  Test=4.679s  Peak RAM=38.246 MB
2026-03-18 03:36:58 | INFO | [ncluster=182/182] AUC-ROC=65.09%  AUC-PR=59.79%  F1=0.7681  MCC=0.4615  Train=0.977s  Test=4.805s  Peak RAM=38.248 MB
2026-03-18 03:37:27 | INFO | [ncluster=185/185] AUC-ROC=66.87%  AUC-PR=61.81%  F1=0.7428  MCC=0.3830  Train=0.927s  Test=4.673s  Peak RAM=38.248 MB
2026-03-18 03:37:42 | INFO | [ncluster=188/188] AUC-ROC=62.46%  AUC-PR=58.71%  F1=0.7258  MCC=0.3234  Train=0.583s  Test=2.321s  Peak RAM=38.249 MB
2026-03-18 03:38:14 | INFO | [ncluster=191/191] AUC-ROC=69.09%  AUC-PR=63.43%  F1=0.7621  MCC=0.4418  Train=0.922s  Test=4.884s  Peak RAM=38.249 MB
2026-03-18 03:38:48 | INFO | [ncluster=194/194] AUC-ROC=61.00%  AUC-PR=57.75%  F1=0.7215  MCC=0.3049  Train=0.857s  Test=4.995s  Peak RAM=38.249 MB
2026-03-18 03:39:19 | INFO | [ncluster=197/197] AUC-ROC=57.76%  AUC-PR=55.78%  F1=0.7100  MCC=0.2572  Train=0.873s  Test=4.531s  Peak RAM=38.25 MB
2026-03-18 03:39:47 | INFO | [ncluster=200/200] AUC-ROC=66.68%  AUC-PR=61.78%  F1=0.7418  MCC=0.3796  Train=0.931s  Test=3.778s  Peak RAM=38.251 MB
2026-03-18 03:40:07 | INFO | [ncluster=203/203] AUC-ROC=61.13%  AUC-PR=57.88%  F1=0.7107  MCC=0.2720  Train=0.958s  Test=4.850s  Peak RAM=38.251 MB
2026-03-18 03:40:46 | INFO | [ncluster=206/206] AUC-ROC=58.14%  AUC-PR=51.07%  F1=0.6861  MCC=0.3002  Train=0.916s  Test=6.960s  Peak RAM=38.252 MB
2026-03-18 03:41:20 | INFO | [ncluster=209/209] AUC-ROC=61.59%  AUC-PR=58.15%  F1=0.7293  MCC=0.3364  Train=0.975s  Test=5.860s  Peak RAM=38.252 MB
2026-03-18 03:41:54 | INFO | [ncluster=212/212] AUC-ROC=69.33%  AUC-PR=63.89%  F1=0.7489  MCC=0.4082  Train=0.994s  Test=4.841s  Peak RAM=38.253 MB
2026-03-18 03:42:13 | INFO | [ncluster=215/215] AUC-ROC=66.00%  AUC-PR=61.19%  F1=0.7421  MCC=0.3792  Train=0.498s  Test=2.750s  Peak RAM=38.253 MB
2026-03-18 03:42:45 | INFO | [ncluster=218/218] AUC-ROC=66.07%  AUC-PR=61.38%  F1=0.7231  MCC=0.3334  Train=0.947s  Test=5.175s  Peak RAM=38.253 MB
2026-03-18 03:43:21 | INFO | [ncluster=221/221] AUC-ROC=60.49%  AUC-PR=57.40%  F1=0.7252  MCC=0.3235  Train=0.881s  Test=4.560s  Peak RAM=38.254 MB
2026-03-18 03:43:57 | INFO | [ncluster=224/224] AUC-ROC=66.95%  AUC-PR=61.29%  F1=0.7636  MCC=0.4460  Train=0.931s  Test=4.832s  Peak RAM=38.254 MB
2026-03-18 03:44:28 | INFO | [ncluster=227/227] AUC-ROC=67.38%  AUC-PR=62.23%  F1=0.7424  MCC=0.3828  Train=0.656s  Test=3.271s  Peak RAM=38.255 MB
2026-03-18 03:44:48 | INFO | [ncluster=230/230] AUC-ROC=63.13%  AUC-PR=59.21%  F1=0.7304  MCC=0.3385  Train=0.946s  Test=4.457s  Peak RAM=38.256 MB
2026-03-18 03:45:26 | INFO | [ncluster=233/233] AUC-ROC=66.47%  AUC-PR=61.52%  F1=0.7435  MCC=0.3841  Train=1.018s  Test=5.110s  Peak RAM=38.256 MB
2026-03-18 03:46:01 | INFO | [ncluster=236/236] AUC-ROC=64.68%  AUC-PR=60.36%  F1=0.7330  MCC=0.3501  Train=0.990s  Test=5.241s  Peak RAM=38.256 MB
2026-03-18 03:46:35 | INFO | [ncluster=239/239] AUC-ROC=70.46%  AUC-PR=64.63%  F1=0.7632  MCC=0.4458  Train=0.921s  Test=4.538s  Peak RAM=38.257 MB
2026-03-18 03:47:03 | INFO | [ncluster=242/242] AUC-ROC=61.58%  AUC-PR=58.32%  F1=0.7166  MCC=0.2924  Train=0.615s  Test=2.642s  Peak RAM=38.257 MB
2026-03-18 03:47:22 | INFO | [ncluster=245/245] AUC-ROC=70.91%  AUC-PR=65.07%  F1=0.7665  MCC=0.4555  Train=0.923s  Test=4.703s  Peak RAM=38.258 MB
2026-03-18 03:48:00 | INFO | [ncluster=248/248] AUC-ROC=51.96%  AUC-PR=52.54%  F1=0.6888  MCC=0.1420  Train=0.872s  Test=4.859s  Peak RAM=38.258 MB
2026-03-18 03:48:36 | INFO | [ncluster=251/251] AUC-ROC=68.12%  AUC-PR=62.67%  F1=0.7556  MCC=0.4218  Train=0.969s  Test=5.778s  Peak RAM=38.259 MB
2026-03-18 03:49:13 | INFO | [ncluster=254/254] AUC-ROC=62.34%  AUC-PR=58.73%  F1=0.7200  MCC=0.3028  Train=0.909s  Test=5.145s  Peak RAM=38.26 MB
2026-03-18 03:49:40 | INFO | [ncluster=257/257] AUC-ROC=66.76%  AUC-PR=61.74%  F1=0.7515  MCC=0.4091  Train=0.640s  Test=2.351s  Peak RAM=38.26 MB
2026-03-18 03:50:03 | INFO | [ncluster=260/260] AUC-ROC=69.86%  AUC-PR=64.14%  F1=0.7641  MCC=0.4477  Train=1.037s  Test=4.900s  Peak RAM=38.261 MB
2026-03-18 03:50:46 | INFO | [ncluster=263/263] AUC-ROC=63.44%  AUC-PR=59.41%  F1=0.7315  MCC=0.3425  Train=1.095s  Test=5.608s  Peak RAM=38.261 MB
2026-03-18 03:51:24 | INFO | [ncluster=266/266] AUC-ROC=62.01%  AUC-PR=58.52%  F1=0.7082  MCC=0.2731  Train=0.925s  Test=4.808s  Peak RAM=38.262 MB
2026-03-18 03:52:01 | INFO | [ncluster=269/269] AUC-ROC=68.62%  AUC-PR=63.11%  F1=0.7584  MCC=0.4306  Train=0.886s  Test=4.058s  Peak RAM=38.262 MB
2026-03-18 03:52:26 | INFO | [ncluster=272/272] AUC-ROC=60.77%  AUC-PR=57.60%  F1=0.7241  MCC=0.3165  Train=0.734s  Test=3.185s  Peak RAM=38.263 MB
2026-03-18 03:53:00 | INFO | [ncluster=275/275] AUC-ROC=68.79%  AUC-PR=63.39%  F1=0.7484  MCC=0.4042  Train=0.943s  Test=5.446s  Peak RAM=38.264 MB
2026-03-18 03:53:39 | INFO | [ncluster=278/278] AUC-ROC=67.92%  AUC-PR=62.60%  F1=0.7483  MCC=0.4006  Train=0.957s  Test=4.548s  Peak RAM=38.264 MB
2026-03-18 03:54:19 | INFO | [ncluster=281/281] AUC-ROC=50.04%  AUC-PR=51.56%  F1=0.6804  MCC=0.0156  Train=1.056s  Test=5.005s  Peak RAM=38.265 MB
2026-03-18 03:54:57 | INFO | [ncluster=284/284] AUC-ROC=50.04%  AUC-PR=51.56%  F1=0.6803  MCC=0.0134  Train=0.703s  Test=3.814s  Peak RAM=38.265 MB
2026-03-18 03:55:17 | INFO | [ncluster=287/287] AUC-ROC=70.08%  AUC-PR=64.22%  F1=0.7588  MCC=0.4321  Train=0.549s  Test=2.696s  Peak RAM=38.266 MB
2026-03-18 03:55:56 | INFO | [ncluster=290/290] AUC-ROC=50.04%  AUC-PR=51.56%  F1=0.6803  MCC=0.0134  Train=0.896s  Test=4.785s  Peak RAM=38.267 MB
2026-03-18 03:56:37 | INFO | [ncluster=293/293] AUC-ROC=50.04%  AUC-PR=51.56%  F1=0.6803  MCC=0.0134  Train=0.971s  Test=5.225s  Peak RAM=38.267 MB
2026-03-18 03:57:18 | INFO | [ncluster=296/296] AUC-ROC=65.27%  AUC-PR=60.63%  F1=0.7392  MCC=0.3701  Train=1.105s  Test=4.343s  Peak RAM=38.268 MB
2026-03-18 03:57:43 | INFO | [ncluster=299/299] AUC-ROC=52.20%  AUC-PR=52.67%  F1=0.6899  MCC=0.1515  Train=0.485s  Test=3.017s  Peak RAM=38.268 MB
2026-03-18 03:57:43 | INFO | --- noise=5% ---
2026-03-18 03:57:43 | INFO | ============================================================
2026-03-18 03:57:43 | INFO | Dataset  : Train_MinMaxScaler_data_CICIoT2023.csv
2026-03-18 03:57:43 | INFO | Scaler   : MinMaxScaler
2026-03-18 03:57:43 | INFO | Noise    : 5%
2026-03-18 03:57:43 | INFO | nClusters: 84 values (50..299)
2026-03-18 03:57:43 | INFO | ============================================================
2026-03-18 03:57:43 | INFO | Loaded Raw Shape -> Train: (30000, 45), Test: (30000, 45)
2026-03-18 03:57:43 | INFO | Training size : 31,500  |  Testing size: 28,500  |  Features: 44
2026-03-18 03:57:56 | INFO | [ncluster=50/50] AUC-ROC=50.00%  AUC-PR=52.63%  F1=0.0000  MCC=0.0000  Train=0.972s  Test=4.511s  Peak RAM=38.965 MB
2026-03-18 03:58:12 | INFO | [ncluster=53/53] AUC-ROC=50.00%  AUC-PR=52.63%  F1=0.0000  MCC=0.0000  Train=1.058s  Test=5.212s  Peak RAM=38.965 MB
2026-03-18 03:58:29 | INFO | [ncluster=56/56] AUC-ROC=50.00%  AUC-PR=52.63%  F1=0.0000  MCC=0.0000  Train=0.915s  Test=4.838s  Peak RAM=38.965 MB
2026-03-18 03:58:44 | INFO | [ncluster=59/59] AUC-ROC=50.00%  AUC-PR=52.63%  F1=0.0000  MCC=0.0000  Train=0.922s  Test=4.693s  Peak RAM=38.966 MB
2026-03-18 03:59:01 | INFO | [ncluster=62/62] AUC-ROC=50.00%  AUC-PR=52.63%  F1=0.0000  MCC=0.0000  Train=0.953s  Test=4.742s  Peak RAM=38.966 MB
2026-03-18 03:59:18 | INFO | [ncluster=65/65] AUC-ROC=50.00%  AUC-PR=52.63%  F1=0.0000  MCC=0.0000  Train=0.978s  Test=4.985s  Peak RAM=38.967 MB
2026-03-18 03:59:34 | INFO | [ncluster=68/68] AUC-ROC=50.00%  AUC-PR=52.63%  F1=0.0000  MCC=0.0000  Train=0.906s  Test=4.468s  Peak RAM=38.967 MB
2026-03-18 03:59:53 | INFO | [ncluster=71/71] AUC-ROC=50.00%  AUC-PR=52.63%  F1=0.0000  MCC=0.0000  Train=0.933s  Test=4.926s  Peak RAM=38.968 MB
2026-03-18 04:00:09 | INFO | [ncluster=74/74] AUC-ROC=50.00%  AUC-PR=52.63%  F1=0.0000  MCC=0.0000  Train=0.876s  Test=3.570s  Peak RAM=38.968 MB
2026-03-18 04:00:17 | INFO | [ncluster=77/77] AUC-ROC=50.00%  AUC-PR=52.63%  F1=0.0000  MCC=0.0000  Train=0.547s  Test=2.660s  Peak RAM=38.969 MB
2026-03-18 04:00:26 | INFO | [ncluster=80/80] AUC-ROC=52.70%  AUC-PR=53.71%  F1=0.6914  MCC=0.1609  Train=0.527s  Test=3.641s  Peak RAM=38.969 MB
2026-03-18 04:00:48 | INFO | [ncluster=83/83] AUC-ROC=50.00%  AUC-PR=52.63%  F1=0.0000  MCC=0.0000  Train=0.991s  Test=7.212s  Peak RAM=38.969 MB
2026-03-18 04:01:09 | INFO | [ncluster=86/86] AUC-ROC=50.00%  AUC-PR=52.63%  F1=0.0000  MCC=0.0000  Train=0.977s  Test=5.406s  Peak RAM=38.971 MB
2026-03-18 04:01:30 | INFO | [ncluster=89/89] AUC-ROC=70.58%  AUC-PR=65.51%  F1=0.7811  MCC=0.4808  Train=0.926s  Test=4.707s  Peak RAM=38.972 MB
2026-03-18 04:01:51 | INFO | [ncluster=92/92] AUC-ROC=65.57%  AUC-PR=62.04%  F1=0.7431  MCC=0.3627  Train=1.014s  Test=5.527s  Peak RAM=38.972 MB
2026-03-18 04:02:12 | INFO | [ncluster=95/95] AUC-ROC=50.00%  AUC-PR=52.63%  F1=0.0000  MCC=0.0000  Train=1.008s  Test=4.330s  Peak RAM=38.972 MB
2026-03-18 04:02:33 | INFO | [ncluster=98/98] AUC-ROC=65.82%  AUC-PR=62.02%  F1=0.7523  MCC=0.3897  Train=0.898s  Test=5.395s  Peak RAM=38.973 MB
2026-03-18 04:02:52 | INFO | [ncluster=101/101] AUC-ROC=64.08%  AUC-PR=60.87%  F1=0.7382  MCC=0.3422  Train=0.503s  Test=4.216s  Peak RAM=38.975 MB
2026-03-18 04:03:01 | INFO | [ncluster=104/104] AUC-ROC=59.93%  AUC-PR=58.17%  F1=0.7241  MCC=0.2852  Train=0.470s  Test=3.120s  Peak RAM=38.976 MB
2026-03-18 04:03:21 | INFO | [ncluster=107/107] AUC-ROC=74.04%  AUC-PR=68.71%  F1=0.7755  MCC=0.4736  Train=1.001s  Test=8.002s  Peak RAM=38.976 MB
2026-03-18 04:03:46 | INFO | [ncluster=110/110] AUC-ROC=59.02%  AUC-PR=57.38%  F1=0.7235  MCC=0.2908  Train=0.936s  Test=5.588s  Peak RAM=38.977 MB
2026-03-18 04:04:10 | INFO | [ncluster=113/113] AUC-ROC=59.41%  AUC-PR=57.87%  F1=0.7230  MCC=0.2792  Train=0.944s  Test=5.605s  Peak RAM=38.977 MB
2026-03-18 04:04:33 | INFO | [ncluster=116/116] AUC-ROC=55.33%  AUC-PR=55.49%  F1=0.6901  MCC=0.1473  Train=0.934s  Test=5.205s  Peak RAM=38.978 MB
2026-03-18 04:04:57 | INFO | [ncluster=119/119] AUC-ROC=64.43%  AUC-PR=61.15%  F1=0.7416  MCC=0.3538  Train=0.897s  Test=4.807s  Peak RAM=38.978 MB
2026-03-18 04:05:21 | INFO | [ncluster=122/122] AUC-ROC=53.95%  AUC-PR=54.70%  F1=0.7016  MCC=0.1656  Train=0.875s  Test=4.455s  Peak RAM=38.978 MB
2026-03-18 04:05:36 | INFO | [ncluster=125/125] AUC-ROC=59.21%  AUC-PR=57.68%  F1=0.7280  MCC=0.3003  Train=0.568s  Test=3.289s  Peak RAM=38.979 MB
2026-03-18 04:05:47 | INFO | [ncluster=128/128] AUC-ROC=63.30%  AUC-PR=60.49%  F1=0.7262  MCC=0.3079  Train=0.572s  Test=2.824s  Peak RAM=38.979 MB
2026-03-18 04:06:15 | INFO | [ncluster=131/131] AUC-ROC=66.28%  AUC-PR=62.67%  F1=0.7501  MCC=0.3849  Train=0.921s  Test=4.861s  Peak RAM=38.98 MB
2026-03-18 04:06:42 | INFO | [ncluster=134/134] AUC-ROC=65.72%  AUC-PR=62.28%  F1=0.7401  MCC=0.3568  Train=0.814s  Test=5.340s  Peak RAM=38.98 MB
2026-03-18 04:07:09 | INFO | [ncluster=137/137] AUC-ROC=50.00%  AUC-PR=52.63%  F1=0.0000  MCC=0.0000  Train=1.010s  Test=5.721s  Peak RAM=38.981 MB
2026-03-18 04:07:36 | INFO | [ncluster=140/140] AUC-ROC=65.14%  AUC-PR=61.61%  F1=0.7501  MCC=0.3822  Train=0.920s  Test=6.117s  Peak RAM=38.981 MB
2026-03-18 04:07:50 | INFO | [ncluster=143/143] AUC-ROC=56.95%  AUC-PR=56.37%  F1=0.7168  MCC=0.2506  Train=0.487s  Test=2.887s  Peak RAM=38.982 MB
2026-03-18 04:08:04 | INFO | [ncluster=146/146] AUC-ROC=61.92%  AUC-PR=59.59%  F1=0.6939  MCC=0.2358  Train=0.718s  Test=5.454s  Peak RAM=38.983 MB
2026-03-18 04:08:37 | INFO | [ncluster=149/149] AUC-ROC=61.48%  AUC-PR=59.09%  F1=0.7381  MCC=0.3427  Train=0.956s  Test=6.660s  Peak RAM=38.983 MB
2026-03-18 04:09:05 | INFO | [ncluster=152/152] AUC-ROC=66.90%  AUC-PR=62.97%  F1=0.7553  MCC=0.4003  Train=1.042s  Test=5.346s  Peak RAM=38.983 MB
2026-03-18 04:09:34 | INFO | [ncluster=155/155] AUC-ROC=62.59%  AUC-PR=59.85%  F1=0.7346  MCC=0.3269  Train=0.965s  Test=5.421s  Peak RAM=38.983 MB
2026-03-18 04:10:01 | INFO | [ncluster=158/158] AUC-ROC=57.21%  AUC-PR=56.50%  F1=0.7172  MCC=0.2532  Train=0.902s  Test=4.469s  Peak RAM=38.985 MB
2026-03-18 04:10:17 | INFO | [ncluster=161/161] AUC-ROC=63.02%  AUC-PR=60.11%  F1=0.7441  MCC=0.3633  Train=0.981s  Test=5.500s  Peak RAM=38.985 MB
2026-03-18 04:10:51 | INFO | [ncluster=164/164] AUC-ROC=61.99%  AUC-PR=59.47%  F1=0.7317  MCC=0.3159  Train=0.955s  Test=6.666s  Peak RAM=38.986 MB
2026-03-18 04:11:20 | INFO | [ncluster=167/167] AUC-ROC=50.00%  AUC-PR=52.63%  F1=0.0000  MCC=0.0000  Train=1.022s  Test=4.973s  Peak RAM=38.986 MB
2026-03-18 04:11:52 | INFO | [ncluster=170/170] AUC-ROC=65.77%  AUC-PR=62.01%  F1=0.7562  MCC=0.4037  Train=0.958s  Test=5.184s  Peak RAM=38.987 MB
2026-03-18 04:12:14 | INFO | [ncluster=173/173] AUC-ROC=62.14%  AUC-PR=59.56%  F1=0.7349  MCC=0.3272  Train=0.562s  Test=2.965s  Peak RAM=38.987 MB
2026-03-18 04:12:33 | INFO | [ncluster=176/176] AUC-ROC=50.00%  AUC-PR=52.63%  F1=0.0000  MCC=0.0000  Train=1.125s  Test=5.937s  Peak RAM=38.988 MB
2026-03-18 04:13:10 | INFO | [ncluster=179/179] AUC-ROC=57.49%  AUC-PR=56.75%  F1=0.7099  MCC=0.2242  Train=1.113s  Test=6.808s  Peak RAM=38.988 MB
2026-03-18 04:13:43 | INFO | [ncluster=182/182] AUC-ROC=50.00%  AUC-PR=52.63%  F1=0.0000  MCC=0.0000  Train=0.942s  Test=6.636s  Peak RAM=38.989 MB
2026-03-18 04:14:14 | INFO | [ncluster=185/185] AUC-ROC=53.90%  AUC-PR=54.66%  F1=0.7027  MCC=0.1720  Train=1.018s  Test=5.383s  Peak RAM=38.989 MB
2026-03-18 04:14:35 | INFO | [ncluster=188/188] AUC-ROC=59.40%  AUC-PR=57.95%  F1=0.7165  MCC=0.2573  Train=0.603s  Test=3.410s  Peak RAM=38.99 MB
2026-03-18 04:15:03 | INFO | [ncluster=191/191] AUC-ROC=57.78%  AUC-PR=56.94%  F1=0.7087  MCC=0.2221  Train=1.086s  Test=6.296s  Peak RAM=38.99 MB
2026-03-18 04:15:35 | INFO | [ncluster=194/194] AUC-ROC=50.00%  AUC-PR=52.63%  F1=0.0000  MCC=0.0000  Train=1.037s  Test=4.199s  Peak RAM=38.991 MB
2026-03-18 04:16:08 | INFO | [ncluster=197/197] AUC-ROC=50.00%  AUC-PR=52.63%  F1=0.0000  MCC=0.0000  Train=1.055s  Test=4.708s  Peak RAM=38.991 MB
2026-03-18 04:16:36 | INFO | [ncluster=200/200] AUC-ROC=61.02%  AUC-PR=58.82%  F1=0.7331  MCC=0.3207  Train=0.646s  Test=4.076s  Peak RAM=38.992 MB
2026-03-18 04:17:00 | INFO | [ncluster=203/203] AUC-ROC=50.00%  AUC-PR=52.63%  F1=0.0000  MCC=0.0000  Train=1.169s  Test=7.435s  Peak RAM=38.992 MB
2026-03-18 04:17:36 | INFO | [ncluster=206/206] AUC-ROC=58.70%  AUC-PR=57.39%  F1=0.7254  MCC=0.2918  Train=1.006s  Test=4.916s  Peak RAM=38.993 MB
2026-03-18 04:18:10 | INFO | [ncluster=209/209] AUC-ROC=62.90%  AUC-PR=60.21%  F1=0.7270  MCC=0.3074  Train=1.015s  Test=5.041s  Peak RAM=38.993 MB
2026-03-18 04:18:42 | INFO | [ncluster=212/212] AUC-ROC=55.74%  AUC-PR=55.69%  F1=0.7087  MCC=0.2091  Train=0.947s  Test=4.402s  Peak RAM=38.994 MB
2026-03-18 04:19:07 | INFO | [ncluster=215/215] AUC-ROC=58.67%  AUC-PR=57.18%  F1=0.7205  MCC=0.2785  Train=0.925s  Test=9.432s  Peak RAM=38.995 MB
2026-03-18 04:19:46 | INFO | [ncluster=218/218] AUC-ROC=58.67%  AUC-PR=57.42%  F1=0.7174  MCC=0.2553  Train=0.966s  Test=5.198s  Peak RAM=38.995 MB
2026-03-18 04:20:21 | INFO | [ncluster=221/221] AUC-ROC=50.00%  AUC-PR=52.63%  F1=0.0000  MCC=0.0000  Train=0.960s  Test=4.221s  Peak RAM=38.995 MB
2026-03-18 04:20:52 | INFO | [ncluster=224/224] AUC-ROC=50.00%  AUC-PR=52.63%  F1=0.0000  MCC=0.0000  Train=0.892s  Test=3.123s  Peak RAM=38.996 MB
2026-03-18 04:21:13 | INFO | [ncluster=227/227] AUC-ROC=50.00%  AUC-PR=52.63%  F1=0.0000  MCC=0.0000  Train=1.045s  Test=5.111s  Peak RAM=38.996 MB
2026-03-18 04:21:56 | INFO | [ncluster=230/230] AUC-ROC=64.46%  AUC-PR=61.09%  F1=0.7483  MCC=0.3766  Train=0.969s  Test=6.609s  Peak RAM=38.998 MB
2026-03-18 04:22:33 | INFO | [ncluster=233/233] AUC-ROC=50.00%  AUC-PR=52.63%  F1=0.0000  MCC=0.0000  Train=1.084s  Test=5.352s  Peak RAM=38.998 MB
2026-03-18 04:23:07 | INFO | [ncluster=236/236] AUC-ROC=50.00%  AUC-PR=52.63%  F1=0.0000  MCC=0.0000  Train=0.850s  Test=4.438s  Peak RAM=38.998 MB
2026-03-18 04:23:27 | INFO | [ncluster=239/239] AUC-ROC=62.34%  AUC-PR=59.78%  F1=0.7298  MCC=0.3114  Train=0.958s  Test=5.062s  Peak RAM=39.0 MB
2026-03-18 04:24:08 | INFO | [ncluster=242/242] AUC-ROC=50.00%  AUC-PR=52.63%  F1=0.0000  MCC=0.0000  Train=0.995s  Test=5.163s  Peak RAM=39.0 MB
2026-03-18 04:24:46 | INFO | [ncluster=245/245] AUC-ROC=62.29%  AUC-PR=59.69%  F1=0.7325  MCC=0.3193  Train=1.032s  Test=4.532s  Peak RAM=39.001 MB
2026-03-18 04:25:18 | INFO | [ncluster=248/248] AUC-ROC=50.04%  AUC-PR=52.65%  F1=0.6898  MCC=0.0153  Train=0.706s  Test=3.717s  Peak RAM=39.001 MB
2026-03-18 04:25:49 | INFO | [ncluster=251/251] AUC-ROC=50.00%  AUC-PR=52.63%  F1=0.0000  MCC=0.0000  Train=1.150s  Test=4.815s  Peak RAM=39.002 MB
2026-03-18 04:26:30 | INFO | [ncluster=254/254] AUC-ROC=50.00%  AUC-PR=52.63%  F1=0.0000  MCC=0.0000  Train=0.964s  Test=4.740s  Peak RAM=39.003 MB
2026-03-18 04:27:07 | INFO | [ncluster=257/257] AUC-ROC=50.00%  AUC-PR=52.63%  F1=0.0000  MCC=0.0000  Train=1.036s  Test=4.398s  Peak RAM=39.004 MB
2026-03-18 04:27:31 | INFO | [ncluster=260/260] AUC-ROC=50.00%  AUC-PR=52.63%  F1=0.0000  MCC=0.0000  Train=0.181s  Test=2.491s  Peak RAM=39.004 MB
2026-03-18 04:28:14 | INFO | [ncluster=263/263] AUC-ROC=50.00%  AUC-PR=52.63%  F1=0.0000  MCC=0.0000  Train=0.948s  Test=5.733s  Peak RAM=39.004 MB
2026-03-18 04:28:59 | INFO | [ncluster=266/266] AUC-ROC=58.68%  AUC-PR=57.44%  F1=0.7167  MCC=0.2533  Train=1.220s  Test=6.513s  Peak RAM=39.004 MB
2026-03-18 04:29:40 | INFO | [ncluster=269/269] AUC-ROC=65.98%  AUC-PR=62.15%  F1=0.7420  MCC=0.3592  Train=0.791s  Test=4.903s  Peak RAM=39.005 MB
2026-03-18 04:30:21 | INFO | [ncluster=272/272] AUC-ROC=57.69%  AUC-PR=56.90%  F1=0.7083  MCC=0.2206  Train=1.037s  Test=6.189s  Peak RAM=39.006 MB
2026-03-18 04:31:16 | INFO | [ncluster=275/275] AUC-ROC=50.04%  AUC-PR=52.65%  F1=0.6898  MCC=0.0170  Train=1.272s  Test=6.477s  Peak RAM=39.007 MB
2026-03-18 04:31:59 | INFO | [ncluster=278/278] AUC-ROC=50.00%  AUC-PR=52.63%  F1=0.0000  MCC=0.0000  Train=0.984s  Test=4.735s  Peak RAM=39.006 MB
2026-03-18 04:32:36 | INFO | [ncluster=281/281] AUC-ROC=50.00%  AUC-PR=52.63%  F1=0.0000  MCC=0.0000  Train=1.236s  Test=6.285s  Peak RAM=39.007 MB
2026-03-18 04:33:23 | INFO | [ncluster=284/284] AUC-ROC=50.04%  AUC-PR=52.65%  F1=0.6898  MCC=0.0171  Train=1.245s  Test=6.095s  Peak RAM=39.007 MB
2026-03-18 04:34:05 | INFO | [ncluster=287/287] AUC-ROC=50.04%  AUC-PR=52.65%  F1=0.6898  MCC=0.0211  Train=0.934s  Test=5.140s  Peak RAM=39.007 MB
2026-03-18 04:34:38 | INFO | [ncluster=290/290] AUC-ROC=50.04%  AUC-PR=52.65%  F1=0.6897  MCC=0.0147  Train=1.056s  Test=9.352s  Peak RAM=39.008 MB
2026-03-18 04:35:28 | INFO | [ncluster=293/293] AUC-ROC=50.04%  AUC-PR=52.65%  F1=0.6897  MCC=0.0147  Train=1.072s  Test=6.773s  Peak RAM=39.009 MB
2026-03-18 04:36:12 | INFO | [ncluster=296/296] AUC-ROC=66.72%  AUC-PR=62.74%  F1=0.7531  MCC=0.3930  Train=0.938s  Test=5.029s  Peak RAM=39.009 MB
2026-03-18 04:36:49 | INFO | [ncluster=299/299] AUC-ROC=50.04%  AUC-PR=52.65%  F1=0.6897  MCC=0.0131  Train=1.200s  Test=7.257s  Peak RAM=39.01 MB
2026-03-18 04:36:49 | INFO | 
>>> Processing data_CICIoT2023 | scaler=Normalizer
2026-03-18 04:36:49 | INFO | --- noise=0% ---
2026-03-18 04:36:49 | INFO | ============================================================
2026-03-18 04:36:49 | INFO | Dataset  : Train_Normalizer_data_CICIoT2023.csv
2026-03-18 04:36:49 | INFO | Scaler   : Normalizer
2026-03-18 04:36:49 | INFO | Noise    : 0%
2026-03-18 04:36:49 | INFO | nClusters: 84 values (50..299)
2026-03-18 04:36:49 | INFO | ============================================================
2026-03-18 04:36:50 | INFO | Loaded Raw Shape -> Train: (30000, 45), Test: (30000, 45)
2026-03-18 04:36:50 | INFO | Training size : 30,000  |  Testing size: 30,000  |  Features: 44
2026-03-18 04:37:06 | INFO | [ncluster=50/50] AUC-ROC=50.00%  AUC-PR=50.00%  F1=0.0000  MCC=0.0000  Train=1.087s  Test=5.845s  Peak RAM=37.112 MB
2026-03-18 04:37:23 | INFO | [ncluster=53/53] AUC-ROC=50.00%  AUC-PR=50.00%  F1=0.0000  MCC=0.0000  Train=0.779s  Test=4.304s  Peak RAM=37.11 MB
2026-03-18 04:37:40 | INFO | [ncluster=56/56] AUC-ROC=50.00%  AUC-PR=50.00%  F1=0.0000  MCC=0.0000  Train=0.810s  Test=4.346s  Peak RAM=37.112 MB
2026-03-18 04:37:59 | INFO | [ncluster=59/59] AUC-ROC=50.00%  AUC-PR=50.00%  F1=0.0000  MCC=0.0000  Train=0.903s  Test=4.862s  Peak RAM=37.112 MB
2026-03-18 04:38:15 | INFO | [ncluster=62/62] AUC-ROC=50.00%  AUC-PR=50.00%  F1=0.0000  MCC=0.0000  Train=0.913s  Test=5.382s  Peak RAM=37.112 MB
2026-03-18 04:38:31 | INFO | [ncluster=65/65] AUC-ROC=50.00%  AUC-PR=50.00%  F1=0.0000  MCC=0.0000  Train=0.613s  Test=3.682s  Peak RAM=37.113 MB
2026-03-18 04:38:39 | INFO | [ncluster=68/68] AUC-ROC=50.00%  AUC-PR=50.00%  F1=0.0000  MCC=0.0000  Train=0.355s  Test=2.834s  Peak RAM=37.113 MB
2026-03-18 04:38:47 | INFO | [ncluster=71/71] AUC-ROC=50.00%  AUC-PR=50.00%  F1=0.0000  MCC=0.0000  Train=0.496s  Test=3.242s  Peak RAM=37.114 MB
2026-03-18 04:39:09 | INFO | [ncluster=74/74] AUC-ROC=50.00%  AUC-PR=50.00%  F1=0.0000  MCC=0.0000  Train=1.039s  Test=5.760s  Peak RAM=37.114 MB
2026-03-18 04:39:29 | INFO | [ncluster=77/77] AUC-ROC=50.00%  AUC-PR=50.00%  F1=0.0000  MCC=0.0000  Train=0.840s  Test=6.312s  Peak RAM=37.115 MB
2026-03-18 04:39:48 | INFO | [ncluster=80/80] AUC-ROC=50.00%  AUC-PR=50.00%  F1=0.0000  MCC=0.0000  Train=0.859s  Test=4.525s  Peak RAM=37.115 MB
2026-03-18 04:40:09 | INFO | [ncluster=83/83] AUC-ROC=50.00%  AUC-PR=50.00%  F1=0.0000  MCC=0.0000  Train=0.909s  Test=5.352s  Peak RAM=37.117 MB
2026-03-18 04:40:28 | INFO | [ncluster=86/86] AUC-ROC=50.00%  AUC-PR=50.00%  F1=0.0000  MCC=0.0000  Train=0.948s  Test=4.359s  Peak RAM=37.118 MB
2026-03-18 04:40:46 | INFO | [ncluster=89/89] AUC-ROC=50.00%  AUC-PR=50.00%  F1=0.0000  MCC=0.0000  Train=0.619s  Test=3.500s  Peak RAM=37.118 MB
2026-03-18 04:40:56 | INFO | [ncluster=92/92] AUC-ROC=50.00%  AUC-PR=50.00%  F1=0.0000  MCC=0.0000  Train=0.617s  Test=2.713s  Peak RAM=37.119 MB
2026-03-18 04:41:14 | INFO | [ncluster=95/95] AUC-ROC=50.00%  AUC-PR=50.00%  F1=0.0000  MCC=0.0000  Train=0.854s  Test=7.209s  Peak RAM=37.12 MB
2026-03-18 04:41:37 | INFO | [ncluster=98/98] AUC-ROC=50.00%  AUC-PR=50.00%  F1=0.0000  MCC=0.0000  Train=0.935s  Test=6.105s  Peak RAM=37.12 MB
2026-03-18 04:42:00 | INFO | [ncluster=101/101] AUC-ROC=50.00%  AUC-PR=50.00%  F1=0.0000  MCC=0.0000  Train=0.848s  Test=4.688s  Peak RAM=37.121 MB
2026-03-18 04:42:22 | INFO | [ncluster=104/104] AUC-ROC=50.00%  AUC-PR=50.00%  F1=0.0000  MCC=0.0000  Train=0.931s  Test=4.649s  Peak RAM=37.122 MB
2026-03-18 04:42:44 | INFO | [ncluster=107/107] AUC-ROC=50.00%  AUC-PR=50.00%  F1=0.0000  MCC=0.0000  Train=0.884s  Test=4.747s  Peak RAM=37.122 MB
2026-03-18 04:43:00 | INFO | [ncluster=110/110] AUC-ROC=50.00%  AUC-PR=50.00%  F1=0.0000  MCC=0.0000  Train=0.598s  Test=2.307s  Peak RAM=37.123 MB
2026-03-18 04:43:09 | INFO | [ncluster=113/113] AUC-ROC=50.00%  AUC-PR=50.00%  F1=0.0000  MCC=0.0000  Train=0.504s  Test=3.100s  Peak RAM=37.123 MB
2026-03-18 04:43:36 | INFO | [ncluster=116/116] AUC-ROC=50.00%  AUC-PR=50.00%  F1=0.0000  MCC=0.0000  Train=0.946s  Test=4.531s  Peak RAM=37.124 MB
2026-03-18 04:44:00 | INFO | [ncluster=119/119] AUC-ROC=50.00%  AUC-PR=50.00%  F1=0.0000  MCC=0.0000  Train=0.907s  Test=4.104s  Peak RAM=37.124 MB
2026-03-18 04:44:24 | INFO | [ncluster=122/122] AUC-ROC=50.00%  AUC-PR=50.00%  F1=0.0000  MCC=0.0000  Train=0.899s  Test=4.957s  Peak RAM=37.125 MB
2026-03-18 04:44:47 | INFO | [ncluster=125/125] AUC-ROC=50.00%  AUC-PR=50.00%  F1=0.0000  MCC=0.0000  Train=0.951s  Test=4.429s  Peak RAM=37.125 MB
2026-03-18 04:45:06 | INFO | [ncluster=128/128] AUC-ROC=50.00%  AUC-PR=50.00%  F1=0.0000  MCC=0.0000  Train=0.460s  Test=3.016s  Peak RAM=37.126 MB
2026-03-18 04:45:16 | INFO | [ncluster=131/131] AUC-ROC=50.00%  AUC-PR=50.00%  F1=0.0000  MCC=0.0000  Train=0.601s  Test=2.028s  Peak RAM=37.126 MB
2026-03-18 04:45:41 | INFO | [ncluster=134/134] AUC-ROC=50.00%  AUC-PR=50.00%  F1=0.0000  MCC=0.0000  Train=0.992s  Test=4.573s  Peak RAM=37.127 MB
2026-03-18 04:46:07 | INFO | [ncluster=137/137] AUC-ROC=50.00%  AUC-PR=50.00%  F1=0.0000  MCC=0.0000  Train=0.859s  Test=5.378s  Peak RAM=37.127 MB
2026-03-18 04:46:31 | INFO | [ncluster=140/140] AUC-ROC=50.00%  AUC-PR=50.00%  F1=0.0000  MCC=0.0000  Train=0.953s  Test=4.553s  Peak RAM=37.127 MB
2026-03-18 04:46:55 | INFO | [ncluster=143/143] AUC-ROC=50.00%  AUC-PR=50.00%  F1=0.0000  MCC=0.0000  Train=0.929s  Test=4.076s  Peak RAM=37.128 MB
2026-03-18 04:47:17 | INFO | [ncluster=146/146] AUC-ROC=50.00%  AUC-PR=50.00%  F1=0.0000  MCC=0.0000  Train=0.714s  Test=3.340s  Peak RAM=37.128 MB
2026-03-18 04:47:28 | INFO | [ncluster=149/149] AUC-ROC=50.00%  AUC-PR=50.00%  F1=0.0000  MCC=0.0000  Train=0.428s  Test=2.683s  Peak RAM=37.129 MB
2026-03-18 04:47:55 | INFO | [ncluster=152/152] AUC-ROC=50.00%  AUC-PR=50.00%  F1=0.0000  MCC=0.0000  Train=1.003s  Test=4.730s  Peak RAM=37.129 MB
2026-03-18 04:48:27 | INFO | [ncluster=155/155] AUC-ROC=50.00%  AUC-PR=50.00%  F1=0.0000  MCC=0.0000  Train=1.075s  Test=5.274s  Peak RAM=37.13 MB
2026-03-18 04:49:00 | INFO | [ncluster=158/158] AUC-ROC=50.00%  AUC-PR=50.00%  F1=0.0000  MCC=0.0000  Train=1.148s  Test=5.853s  Peak RAM=37.131 MB
2026-03-18 04:49:33 | INFO | [ncluster=161/161] AUC-ROC=50.00%  AUC-PR=50.00%  F1=0.0000  MCC=0.0000  Train=1.023s  Test=5.023s  Peak RAM=37.131 MB
2026-03-18 04:49:54 | INFO | [ncluster=164/164] AUC-ROC=50.00%  AUC-PR=50.00%  F1=0.0000  MCC=0.0000  Train=0.696s  Test=3.478s  Peak RAM=37.131 MB
2026-03-18 04:50:20 | INFO | [ncluster=167/167] AUC-ROC=50.00%  AUC-PR=50.00%  F1=0.0000  MCC=0.0000  Train=1.228s  Test=5.032s  Peak RAM=37.132 MB
2026-03-18 04:50:56 | INFO | [ncluster=170/170] AUC-ROC=50.00%  AUC-PR=50.00%  F1=0.0000  MCC=0.0000  Train=1.042s  Test=5.170s  Peak RAM=37.132 MB
2026-03-18 04:51:28 | INFO | [ncluster=173/173] AUC-ROC=50.00%  AUC-PR=50.00%  F1=0.0000  MCC=0.0000  Train=0.934s  Test=6.391s  Peak RAM=37.133 MB
2026-03-18 04:52:03 | INFO | [ncluster=176/176] AUC-ROC=50.00%  AUC-PR=50.00%  F1=0.0000  MCC=0.0000  Train=1.150s  Test=5.055s  Peak RAM=37.134 MB
2026-03-18 04:52:35 | INFO | [ncluster=179/179] AUC-ROC=50.00%  AUC-PR=50.00%  F1=0.0000  MCC=0.0000  Train=0.802s  Test=5.097s  Peak RAM=37.134 MB
2026-03-18 04:53:07 | INFO | [ncluster=182/182] AUC-ROC=50.00%  AUC-PR=50.00%  F1=0.0000  MCC=0.0000  Train=0.855s  Test=5.660s  Peak RAM=37.134 MB
2026-03-18 04:53:39 | INFO | [ncluster=185/185] AUC-ROC=50.00%  AUC-PR=50.00%  F1=0.0000  MCC=0.0000  Train=0.832s  Test=4.502s  Peak RAM=37.135 MB
2026-03-18 04:54:12 | INFO | [ncluster=188/188] AUC-ROC=50.00%  AUC-PR=50.00%  F1=0.0000  MCC=0.0000  Train=0.832s  Test=4.287s  Peak RAM=37.135 MB
2026-03-18 04:54:34 | INFO | [ncluster=191/191] AUC-ROC=50.00%  AUC-PR=50.00%  F1=0.0000  MCC=0.0000  Train=0.666s  Test=2.739s  Peak RAM=37.136 MB
2026-03-18 04:54:48 | INFO | [ncluster=194/194] AUC-ROC=50.00%  AUC-PR=50.00%  F1=0.0000  MCC=0.0000  Train=0.415s  Test=2.181s  Peak RAM=37.137 MB
2026-03-18 04:55:11 | INFO | [ncluster=197/197] AUC-ROC=50.00%  AUC-PR=50.00%  F1=0.0000  MCC=0.0000  Train=0.900s  Test=4.673s  Peak RAM=37.137 MB
2026-03-18 04:55:47 | INFO | [ncluster=200/200] AUC-ROC=50.00%  AUC-PR=50.00%  F1=0.0000  MCC=0.0000  Train=0.908s  Test=4.491s  Peak RAM=37.137 MB
2026-03-18 04:56:22 | INFO | [ncluster=203/203] AUC-ROC=50.00%  AUC-PR=50.00%  F1=0.0000  MCC=0.0000  Train=0.902s  Test=5.137s  Peak RAM=37.138 MB
2026-03-18 04:56:54 | INFO | [ncluster=206/206] AUC-ROC=50.00%  AUC-PR=50.00%  F1=0.0000  MCC=0.0000  Train=0.891s  Test=4.781s  Peak RAM=37.139 MB
2026-03-18 04:57:28 | INFO | [ncluster=209/209] AUC-ROC=50.00%  AUC-PR=50.00%  F1=0.0000  MCC=0.0000  Train=0.804s  Test=4.658s  Peak RAM=37.139 MB
2026-03-18 04:58:03 | INFO | [ncluster=212/212] AUC-ROC=50.00%  AUC-PR=50.00%  F1=0.0000  MCC=0.0000  Train=0.936s  Test=5.157s  Peak RAM=37.14 MB
2026-03-18 04:58:37 | INFO | [ncluster=215/215] AUC-ROC=50.00%  AUC-PR=50.00%  F1=0.0000  MCC=0.0000  Train=0.981s  Test=4.815s  Peak RAM=37.14 MB
2026-03-18 04:59:09 | INFO | [ncluster=218/218] AUC-ROC=50.00%  AUC-PR=50.00%  F1=0.0000  MCC=0.0000  Train=0.620s  Test=4.576s  Peak RAM=37.14 MB
2026-03-18 04:59:29 | INFO | [ncluster=221/221] AUC-ROC=50.00%  AUC-PR=50.00%  F1=0.0000  MCC=0.0000  Train=0.443s  Test=2.745s  Peak RAM=37.141 MB
2026-03-18 04:59:44 | INFO | [ncluster=224/224] AUC-ROC=50.00%  AUC-PR=50.00%  F1=0.0000  MCC=0.0000  Train=0.541s  Test=2.984s  Peak RAM=37.142 MB
2026-03-18 05:00:26 | INFO | [ncluster=227/227] AUC-ROC=50.00%  AUC-PR=50.00%  F1=0.0000  MCC=0.0000  Train=1.069s  Test=6.866s  Peak RAM=37.143 MB
2026-03-18 05:01:05 | INFO | [ncluster=230/230] AUC-ROC=50.00%  AUC-PR=50.00%  F1=0.0000  MCC=0.0000  Train=0.847s  Test=5.945s  Peak RAM=37.144 MB
2026-03-18 05:01:42 | INFO | [ncluster=233/233] AUC-ROC=50.00%  AUC-PR=50.00%  F1=0.0000  MCC=0.0000  Train=1.028s  Test=4.885s  Peak RAM=37.145 MB
2026-03-18 05:02:21 | INFO | [ncluster=236/236] AUC-ROC=50.00%  AUC-PR=50.00%  F1=0.0000  MCC=0.0000  Train=0.899s  Test=5.370s  Peak RAM=37.145 MB
2026-03-18 05:02:58 | INFO | [ncluster=239/239] AUC-ROC=50.00%  AUC-PR=50.00%  F1=0.0000  MCC=0.0000  Train=0.818s  Test=4.675s  Peak RAM=37.146 MB
2026-03-18 05:03:35 | INFO | [ncluster=242/242] AUC-ROC=50.00%  AUC-PR=50.00%  F1=0.0000  MCC=0.0000  Train=0.936s  Test=4.838s  Peak RAM=37.146 MB
2026-03-18 05:04:10 | INFO | [ncluster=245/245] AUC-ROC=50.00%  AUC-PR=50.00%  F1=0.0000  MCC=0.0000  Train=0.596s  Test=3.630s  Peak RAM=37.147 MB
2026-03-18 05:04:26 | INFO | [ncluster=248/248] AUC-ROC=50.00%  AUC-PR=50.00%  F1=0.0000  MCC=0.0000  Train=0.447s  Test=2.364s  Peak RAM=37.147 MB
2026-03-18 05:04:49 | INFO | [ncluster=251/251] AUC-ROC=50.00%  AUC-PR=50.00%  F1=0.0000  MCC=0.0000  Train=0.934s  Test=4.449s  Peak RAM=37.148 MB
2026-03-18 05:05:34 | INFO | [ncluster=254/254] AUC-ROC=50.00%  AUC-PR=50.00%  F1=0.0000  MCC=0.0000  Train=0.860s  Test=4.379s  Peak RAM=37.148 MB
2026-03-18 05:06:13 | INFO | [ncluster=257/257] AUC-ROC=50.00%  AUC-PR=50.00%  F1=0.0000  MCC=0.0000  Train=0.993s  Test=5.116s  Peak RAM=37.148 MB
2026-03-18 05:06:55 | INFO | [ncluster=260/260] AUC-ROC=50.00%  AUC-PR=50.00%  F1=0.0000  MCC=0.0000  Train=0.985s  Test=5.109s  Peak RAM=37.149 MB
2026-03-18 05:07:36 | INFO | [ncluster=263/263] AUC-ROC=50.00%  AUC-PR=50.00%  F1=0.0000  MCC=0.0000  Train=0.930s  Test=4.988s  Peak RAM=37.149 MB
2026-03-18 05:08:18 | INFO | [ncluster=266/266] AUC-ROC=50.00%  AUC-PR=50.00%  F1=0.0000  MCC=0.0000  Train=0.918s  Test=5.429s  Peak RAM=37.149 MB
2026-03-18 05:08:56 | INFO | [ncluster=269/269] AUC-ROC=50.00%  AUC-PR=50.00%  F1=0.0000  MCC=0.0000  Train=0.878s  Test=3.980s  Peak RAM=37.15 MB
2026-03-18 05:09:19 | INFO | [ncluster=272/272] AUC-ROC=50.00%  AUC-PR=50.00%  F1=0.0000  MCC=0.0000  Train=0.576s  Test=2.779s  Peak RAM=37.151 MB
2026-03-18 05:09:41 | INFO | [ncluster=275/275] AUC-ROC=50.00%  AUC-PR=50.00%  F1=0.0000  MCC=0.0000  Train=0.926s  Test=4.619s  Peak RAM=37.151 MB
2026-03-18 05:10:26 | INFO | [ncluster=278/278] AUC-ROC=50.00%  AUC-PR=50.00%  F1=0.0000  MCC=0.0000  Train=0.908s  Test=4.799s  Peak RAM=37.152 MB
2026-03-18 05:11:09 | INFO | [ncluster=281/281] AUC-ROC=50.00%  AUC-PR=50.00%  F1=0.0000  MCC=0.0000  Train=0.924s  Test=5.355s  Peak RAM=37.152 MB
2026-03-18 05:11:51 | INFO | [ncluster=284/284] AUC-ROC=50.00%  AUC-PR=50.00%  F1=0.0000  MCC=0.0000  Train=0.892s  Test=4.838s  Peak RAM=37.153 MB
2026-03-18 05:12:39 | INFO | [ncluster=287/287] AUC-ROC=50.00%  AUC-PR=50.00%  F1=0.0000  MCC=0.0000  Train=1.065s  Test=5.077s  Peak RAM=37.153 MB
2026-03-18 05:13:25 | INFO | [ncluster=290/290] AUC-ROC=50.00%  AUC-PR=50.00%  F1=0.0000  MCC=0.0000  Train=0.949s  Test=4.898s  Peak RAM=37.154 MB
