2026-03-18 04:49:59 | INFO | Run started at 20260318_031153
2026-03-18 04:49:59 | INFO | Dataset prefix : data_N_BaIoT
2026-03-18 04:49:59 | INFO | Scalers        : ['StandardScaler', 'MinMaxScaler', 'Normalizer', 'QuantileTransformer', 'RobustScaler']
2026-03-18 04:49:59 | INFO | N_CLUSTERS     : range(1, 301, 3) — 51 values
2026-03-18 04:49:59 | INFO | NOISE_LIST     : [0, 1, 3, 5]
2026-03-18 04:49:59 | INFO | CSV output     : /home/jupyter-iclr2025/New Project/NFST/GMM-nfst/notebooks/experiments/outputs/noise/data_N_BaIoT_memopt_20260318_031153.csv
2026-03-18 04:49:59 | INFO | Log file       : /home/jupyter-iclr2025/New Project/NFST/GMM-nfst/notebooks/experiments/logs/data_N_BaIoT_memopt_20260318_031153.log
2026-03-18 04:49:59 | INFO | ------------------------------------------------------------
2026-03-18 04:49:59 | INFO | 
>>> Processing data_N_BaIoT | scaler=StandardScaler
2026-03-18 04:49:59 | INFO | --- noise=0% ---
2026-03-18 04:49:59 | INFO | ============================================================
2026-03-18 04:49:59 | INFO | Dataset  : Train_StandardScaler_data_N_BaIoT.csv
2026-03-18 04:49:59 | INFO | Scaler   : StandardScaler
2026-03-18 04:49:59 | INFO | Noise    : 0%
2026-03-18 04:49:59 | INFO | nClusters: 51 values (50..300)
2026-03-18 04:49:59 | INFO | ============================================================
2026-03-18 04:50:00 | INFO | Loaded Raw Shape -> Train: (30000, 116), Test: (30000, 116)
2026-03-18 04:50:00 | INFO | Training size : 30,000  |  Testing size: 30,000  |  Features: 115
2026-03-18 04:50:00 | INFO | Firing up Parallel execution for 51 cluster configs...
2026-03-18 04:54:53 | INFO | [ncluster=50/50] AUC-ROC=92.76%  AUC-PR=89.39%  F1=0.8903  MCC=0.7743  Train=3.579s  Test=5.145s  Peak RAM=96.86 MB
2026-03-18 04:54:53 | INFO | [ncluster=55/55] AUC-ROC=93.82%  AUC-PR=90.73%  F1=0.8976  MCC=0.7896  Train=3.453s  Test=4.893s  Peak RAM=96.863 MB
2026-03-18 04:54:53 | INFO | [ncluster=60/60] AUC-ROC=94.46%  AUC-PR=92.79%  F1=0.8865  MCC=0.7771  Train=4.479s  Test=6.681s  Peak RAM=96.864 MB
2026-03-18 04:54:53 | INFO | [ncluster=65/65] AUC-ROC=92.95%  AUC-PR=89.52%  F1=0.8935  MCC=0.7812  Train=4.115s  Test=5.730s  Peak RAM=96.867 MB
2026-03-18 04:54:53 | INFO | [ncluster=70/70] AUC-ROC=93.27%  AUC-PR=89.90%  F1=0.8946  MCC=0.7834  Train=3.632s  Test=6.214s  Peak RAM=96.869 MB
2026-03-18 04:54:53 | INFO | [ncluster=75/75] AUC-ROC=93.47%  AUC-PR=90.19%  F1=0.8930  MCC=0.7788  Train=6.569s  Test=6.063s  Peak RAM=96.872 MB
2026-03-18 04:54:53 | INFO | [ncluster=80/80] AUC-ROC=95.83%  AUC-PR=94.12%  F1=0.9183  MCC=0.8328  Train=4.970s  Test=6.748s  Peak RAM=96.874 MB
2026-03-18 04:54:53 | INFO | [ncluster=85/85] AUC-ROC=93.75%  AUC-PR=91.45%  F1=0.8958  MCC=0.7865  Train=4.184s  Test=5.692s  Peak RAM=96.875 MB
2026-03-18 04:54:53 | INFO | [ncluster=90/90] AUC-ROC=93.82%  AUC-PR=90.96%  F1=0.8940  MCC=0.7819  Train=4.741s  Test=5.587s  Peak RAM=96.878 MB
2026-03-18 04:54:53 | INFO | [ncluster=95/95] AUC-ROC=95.06%  AUC-PR=92.83%  F1=0.9117  MCC=0.8191  Train=5.529s  Test=5.115s  Peak RAM=96.881 MB
2026-03-18 04:54:53 | INFO | [ncluster=100/100] AUC-ROC=95.62%  AUC-PR=93.78%  F1=0.9162  MCC=0.8289  Train=4.456s  Test=4.194s  Peak RAM=96.883 MB
2026-03-18 04:54:53 | INFO | [ncluster=105/105] AUC-ROC=92.53%  AUC-PR=89.42%  F1=0.8917  MCC=0.7772  Train=4.495s  Test=5.956s  Peak RAM=96.886 MB
2026-03-18 04:54:53 | INFO | [ncluster=110/110] AUC-ROC=94.23%  AUC-PR=91.57%  F1=0.8980  MCC=0.7913  Train=1.801s  Test=4.822s  Peak RAM=96.889 MB
2026-03-18 04:54:53 | INFO | [ncluster=115/115] AUC-ROC=96.53%  AUC-PR=95.17%  F1=0.9283  MCC=0.8537  Train=2.605s  Test=4.694s  Peak RAM=96.89 MB
2026-03-18 04:54:53 | INFO | [ncluster=120/120] AUC-ROC=94.33%  AUC-PR=91.85%  F1=0.8977  MCC=0.7906  Train=4.016s  Test=5.286s  Peak RAM=96.893 MB
2026-03-18 04:54:53 | INFO | [ncluster=125/125] AUC-ROC=96.21%  AUC-PR=94.90%  F1=0.9176  MCC=0.8314  Train=3.595s  Test=6.496s  Peak RAM=96.894 MB
2026-03-18 04:54:53 | INFO | [ncluster=130/130] AUC-ROC=95.75%  AUC-PR=94.05%  F1=0.9160  MCC=0.8281  Train=3.353s  Test=6.043s  Peak RAM=96.897 MB
2026-03-18 04:54:53 | INFO | [ncluster=135/135] AUC-ROC=96.43%  AUC-PR=95.06%  F1=0.9258  MCC=0.8486  Train=5.247s  Test=4.282s  Peak RAM=96.899 MB
2026-03-18 04:54:53 | INFO | [ncluster=140/140] AUC-ROC=95.84%  AUC-PR=94.19%  F1=0.9155  MCC=0.8274  Train=3.592s  Test=6.223s  Peak RAM=96.901 MB
2026-03-18 04:54:53 | INFO | [ncluster=145/145] AUC-ROC=97.61%  AUC-PR=97.10%  F1=0.9351  MCC=0.8680  Train=3.171s  Test=5.927s  Peak RAM=96.905 MB
2026-03-18 04:54:53 | INFO | [ncluster=150/150] AUC-ROC=97.63%  AUC-PR=97.13%  F1=0.9350  MCC=0.8680  Train=3.823s  Test=6.103s  Peak RAM=96.906 MB
2026-03-18 04:54:53 | INFO | [ncluster=155/155] AUC-ROC=96.25%  AUC-PR=94.91%  F1=0.9211  MCC=0.8387  Train=4.332s  Test=5.365s  Peak RAM=96.908 MB
2026-03-18 04:54:53 | INFO | [ncluster=160/160] AUC-ROC=96.55%  AUC-PR=95.42%  F1=0.9233  MCC=0.8438  Train=3.040s  Test=5.501s  Peak RAM=96.911 MB
2026-03-18 04:54:53 | INFO | [ncluster=165/165] AUC-ROC=96.55%  AUC-PR=95.36%  F1=0.9250  MCC=0.8471  Train=2.868s  Test=5.364s  Peak RAM=96.913 MB
2026-03-18 04:54:53 | INFO | [ncluster=170/170] AUC-ROC=97.07%  AUC-PR=96.36%  F1=0.9278  MCC=0.8534  Train=2.504s  Test=4.230s  Peak RAM=96.915 MB
2026-03-18 04:54:53 | INFO | [ncluster=175/175] AUC-ROC=97.04%  AUC-PR=96.31%  F1=0.9242  MCC=0.8460  Train=2.955s  Test=4.521s  Peak RAM=96.918 MB
2026-03-18 04:54:53 | INFO | [ncluster=180/180] AUC-ROC=97.61%  AUC-PR=97.18%  F1=0.9332  MCC=0.8647  Train=3.304s  Test=5.228s  Peak RAM=96.92 MB
2026-03-18 04:54:53 | INFO | [ncluster=185/185] AUC-ROC=97.41%  AUC-PR=96.86%  F1=0.9305  MCC=0.8586  Train=4.362s  Test=4.470s  Peak RAM=96.922 MB
2026-03-18 04:54:53 | INFO | [ncluster=190/190] AUC-ROC=97.44%  AUC-PR=96.98%  F1=0.9299  MCC=0.8571  Train=3.555s  Test=5.280s  Peak RAM=96.926 MB
2026-03-18 04:54:53 | INFO | [ncluster=195/195] AUC-ROC=97.97%  AUC-PR=97.66%  F1=0.9374  MCC=0.8728  Train=3.489s  Test=4.573s  Peak RAM=96.927 MB
2026-03-18 04:54:53 | INFO | [ncluster=200/200] AUC-ROC=97.61%  AUC-PR=97.09%  F1=0.9354  MCC=0.8688  Train=2.932s  Test=4.417s  Peak RAM=96.929 MB
2026-03-18 04:54:53 | INFO | [ncluster=205/205] AUC-ROC=97.97%  AUC-PR=97.66%  F1=0.9375  MCC=0.8732  Train=3.185s  Test=4.446s  Peak RAM=96.932 MB
2026-03-18 04:54:53 | INFO | [ncluster=210/210] AUC-ROC=97.58%  AUC-PR=97.12%  F1=0.9327  MCC=0.8631  Train=3.973s  Test=6.167s  Peak RAM=96.934 MB
2026-03-18 04:54:53 | INFO | [ncluster=215/215] AUC-ROC=96.71%  AUC-PR=95.85%  F1=0.9215  MCC=0.8402  Train=5.228s  Test=4.442s  Peak RAM=96.936 MB
2026-03-18 04:54:53 | INFO | [ncluster=220/220] AUC-ROC=97.28%  AUC-PR=96.81%  F1=0.9267  MCC=0.8506  Train=4.117s  Test=5.987s  Peak RAM=96.939 MB
2026-03-18 04:54:53 | INFO | [ncluster=225/225] AUC-ROC=97.75%  AUC-PR=97.42%  F1=0.9321  MCC=0.8621  Train=2.642s  Test=4.457s  Peak RAM=96.94 MB
2026-03-18 04:54:53 | INFO | [ncluster=230/230] AUC-ROC=97.45%  AUC-PR=96.98%  F1=0.9316  MCC=0.8607  Train=2.892s  Test=3.862s  Peak RAM=96.944 MB
2026-03-18 04:54:53 | INFO | [ncluster=235/235] AUC-ROC=97.58%  AUC-PR=97.17%  F1=0.9313  MCC=0.8603  Train=3.723s  Test=5.065s  Peak RAM=96.947 MB
2026-03-18 04:54:53 | INFO | [ncluster=240/240] AUC-ROC=97.55%  AUC-PR=97.15%  F1=0.9302  MCC=0.8582  Train=2.376s  Test=4.187s  Peak RAM=96.948 MB
2026-03-18 04:54:53 | INFO | [ncluster=245/245] AUC-ROC=97.67%  AUC-PR=97.33%  F1=0.9316  MCC=0.8610  Train=2.770s  Test=5.401s  Peak RAM=96.951 MB
2026-03-18 04:54:53 | INFO | [ncluster=250/250] AUC-ROC=97.76%  AUC-PR=97.38%  F1=0.9354  MCC=0.8690  Train=3.918s  Test=3.348s  Peak RAM=96.953 MB
2026-03-18 04:54:53 | INFO | [ncluster=255/255] AUC-ROC=97.38%  AUC-PR=96.90%  F1=0.9288  MCC=0.8552  Train=2.686s  Test=4.399s  Peak RAM=96.955 MB
2026-03-18 04:54:53 | INFO | [ncluster=260/260] AUC-ROC=97.70%  AUC-PR=97.25%  F1=0.9350  MCC=0.8679  Train=2.034s  Test=2.904s  Peak RAM=96.957 MB
2026-03-18 04:54:53 | INFO | [ncluster=265/265] AUC-ROC=97.59%  AUC-PR=97.19%  F1=0.9309  MCC=0.8591  Train=1.943s  Test=4.118s  Peak RAM=96.959 MB
2026-03-18 04:54:53 | INFO | [ncluster=270/270] AUC-ROC=98.12%  AUC-PR=97.84%  F1=0.9416  MCC=0.8814  Train=1.883s  Test=3.823s  Peak RAM=96.963 MB
2026-03-18 04:54:53 | INFO | [ncluster=275/275] AUC-ROC=97.26%  AUC-PR=96.84%  F1=0.9242  MCC=0.8461  Train=2.567s  Test=4.027s  Peak RAM=96.965 MB
2026-03-18 04:54:53 | INFO | [ncluster=280/280] AUC-ROC=96.05%  AUC-PR=95.01%  F1=0.9129  MCC=0.8218  Train=3.814s  Test=2.330s  Peak RAM=96.966 MB
2026-03-18 04:54:53 | INFO | [ncluster=285/285] AUC-ROC=97.45%  AUC-PR=96.99%  F1=0.9298  MCC=0.8571  Train=1.026s  Test=1.864s  Peak RAM=96.968 MB
2026-03-18 04:54:53 | INFO | [ncluster=290/290] AUC-ROC=97.04%  AUC-PR=96.49%  F1=0.9235  MCC=0.8445  Train=1.056s  Test=1.936s  Peak RAM=96.971 MB
2026-03-18 04:54:53 | INFO | [ncluster=295/295] AUC-ROC=97.62%  AUC-PR=97.25%  F1=0.9311  MCC=0.8598  Train=1.114s  Test=1.597s  Peak RAM=96.974 MB
2026-03-18 04:54:53 | INFO | [ncluster=300/300] AUC-ROC=97.47%  AUC-PR=96.96%  F1=0.9326  MCC=0.8626  Train=0.983s  Test=1.953s  Peak RAM=96.976 MB
2026-03-18 04:54:53 | INFO | --- noise=1% ---
2026-03-18 04:54:53 | INFO | ============================================================
2026-03-18 04:54:53 | INFO | Dataset  : Train_StandardScaler_data_N_BaIoT.csv
2026-03-18 04:54:53 | INFO | Scaler   : StandardScaler
2026-03-18 04:54:53 | INFO | Noise    : 1%
2026-03-18 04:54:53 | INFO | nClusters: 51 values (50..300)
2026-03-18 04:54:53 | INFO | ============================================================
2026-03-18 04:54:54 | INFO | Loaded Raw Shape -> Train: (30000, 116), Test: (30000, 116)
2026-03-18 04:54:54 | INFO | Training size : 30,300  |  Testing size: 29,700  |  Features: 115
2026-03-18 04:54:54 | INFO | Firing up Parallel execution for 51 cluster configs...
2026-03-18 04:59:42 | INFO | [ncluster=50/50] AUC-ROC=80.48%  AUC-PR=65.31%  F1=0.8733  MCC=0.7329  Train=3.455s  Test=7.286s  Peak RAM=97.828 MB
2026-03-18 04:59:42 | INFO | [ncluster=55/55] AUC-ROC=80.55%  AUC-PR=65.35%  F1=0.8737  MCC=0.7337  Train=3.289s  Test=7.275s  Peak RAM=97.829 MB
2026-03-18 04:59:42 | INFO | [ncluster=60/60] AUC-ROC=80.66%  AUC-PR=65.43%  F1=0.8774  MCC=0.7419  Train=4.188s  Test=6.984s  Peak RAM=97.832 MB
2026-03-18 04:59:42 | INFO | [ncluster=65/65] AUC-ROC=80.46%  AUC-PR=65.30%  F1=0.8731  MCC=0.7325  Train=3.426s  Test=5.533s  Peak RAM=97.833 MB
2026-03-18 04:59:42 | INFO | [ncluster=70/70] AUC-ROC=80.34%  AUC-PR=65.23%  F1=0.8676  MCC=0.7200  Train=5.405s  Test=6.813s  Peak RAM=97.837 MB
2026-03-18 04:59:42 | INFO | [ncluster=75/75] AUC-ROC=80.61%  AUC-PR=65.40%  F1=0.8745  MCC=0.7353  Train=4.751s  Test=6.825s  Peak RAM=97.839 MB
2026-03-18 04:59:42 | INFO | [ncluster=80/80] AUC-ROC=80.59%  AUC-PR=65.39%  F1=0.8737  MCC=0.7337  Train=5.988s  Test=6.402s  Peak RAM=97.841 MB
2026-03-18 04:59:42 | INFO | [ncluster=85/85] AUC-ROC=80.62%  AUC-PR=65.41%  F1=0.8739  MCC=0.7341  Train=4.984s  Test=6.950s  Peak RAM=97.844 MB
2026-03-18 04:59:42 | INFO | [ncluster=90/90] AUC-ROC=80.59%  AUC-PR=65.39%  F1=0.8752  MCC=0.7370  Train=4.711s  Test=6.940s  Peak RAM=97.845 MB
2026-03-18 04:59:42 | INFO | [ncluster=95/95] AUC-ROC=80.69%  AUC-PR=65.45%  F1=0.8756  MCC=0.7379  Train=6.254s  Test=5.118s  Peak RAM=97.849 MB
2026-03-18 04:59:42 | INFO | [ncluster=100/100] AUC-ROC=80.63%  AUC-PR=65.42%  F1=0.8750  MCC=0.7364  Train=4.067s  Test=5.369s  Peak RAM=97.85 MB
2026-03-18 04:59:42 | INFO | [ncluster=105/105] AUC-ROC=80.58%  AUC-PR=65.37%  F1=0.8737  MCC=0.7336  Train=5.454s  Test=5.806s  Peak RAM=97.854 MB
2026-03-18 04:59:42 | INFO | [ncluster=110/110] AUC-ROC=80.67%  AUC-PR=65.44%  F1=0.8758  MCC=0.7383  Train=2.971s  Test=4.948s  Peak RAM=97.855 MB
2026-03-18 04:59:42 | INFO | [ncluster=115/115] AUC-ROC=80.40%  AUC-PR=65.27%  F1=0.8702  MCC=0.7258  Train=3.769s  Test=5.839s  Peak RAM=97.858 MB
2026-03-18 04:59:42 | INFO | [ncluster=120/120] AUC-ROC=80.60%  AUC-PR=65.40%  F1=0.8729  MCC=0.7317  Train=3.205s  Test=5.195s  Peak RAM=97.86 MB
2026-03-18 04:59:42 | INFO | [ncluster=125/125] AUC-ROC=80.67%  AUC-PR=65.44%  F1=0.8753  MCC=0.7372  Train=4.058s  Test=5.416s  Peak RAM=97.862 MB
2026-03-18 04:59:42 | INFO | [ncluster=130/130] AUC-ROC=80.62%  AUC-PR=65.40%  F1=0.8750  MCC=0.7366  Train=3.827s  Test=5.137s  Peak RAM=97.865 MB
2026-03-18 04:59:42 | INFO | [ncluster=135/135] AUC-ROC=80.51%  AUC-PR=65.34%  F1=0.8710  MCC=0.7277  Train=4.254s  Test=5.610s  Peak RAM=97.867 MB
2026-03-18 04:59:42 | INFO | [ncluster=140/140] AUC-ROC=80.59%  AUC-PR=65.39%  F1=0.8736  MCC=0.7335  Train=4.319s  Test=5.471s  Peak RAM=97.869 MB
2026-03-18 04:59:42 | INFO | [ncluster=145/145] AUC-ROC=80.48%  AUC-PR=65.32%  F1=0.8698  MCC=0.7248  Train=4.199s  Test=5.167s  Peak RAM=97.871 MB
2026-03-18 04:59:42 | INFO | [ncluster=150/150] AUC-ROC=80.48%  AUC-PR=65.31%  F1=0.8714  MCC=0.7283  Train=3.608s  Test=5.110s  Peak RAM=97.873 MB
2026-03-18 04:59:42 | INFO | [ncluster=155/155] AUC-ROC=80.45%  AUC-PR=65.29%  F1=0.8710  MCC=0.7276  Train=3.577s  Test=5.389s  Peak RAM=97.876 MB
2026-03-18 04:59:42 | INFO | [ncluster=160/160] AUC-ROC=80.45%  AUC-PR=65.30%  F1=0.8697  MCC=0.7247  Train=3.702s  Test=5.631s  Peak RAM=97.878 MB
2026-03-18 04:59:42 | INFO | [ncluster=165/165] AUC-ROC=80.12%  AUC-PR=65.05%  F1=0.8630  MCC=0.7095  Train=3.834s  Test=4.445s  Peak RAM=97.881 MB
2026-03-18 04:59:42 | INFO | [ncluster=170/170] AUC-ROC=80.55%  AUC-PR=65.37%  F1=0.8714  MCC=0.7286  Train=2.146s  Test=4.680s  Peak RAM=97.882 MB
2026-03-18 04:59:42 | INFO | [ncluster=175/175] AUC-ROC=80.49%  AUC-PR=65.33%  F1=0.8713  MCC=0.7282  Train=2.417s  Test=5.115s  Peak RAM=97.886 MB
2026-03-18 04:59:42 | INFO | [ncluster=180/180] AUC-ROC=80.39%  AUC-PR=65.26%  F1=0.8673  MCC=0.7192  Train=2.496s  Test=5.042s  Peak RAM=97.888 MB
2026-03-18 04:59:42 | INFO | [ncluster=185/185] AUC-ROC=80.25%  AUC-PR=65.15%  F1=0.8643  MCC=0.7126  Train=3.565s  Test=5.497s  Peak RAM=97.889 MB
2026-03-18 04:59:42 | INFO | [ncluster=190/190] AUC-ROC=80.28%  AUC-PR=65.19%  F1=0.8655  MCC=0.7153  Train=4.500s  Test=5.590s  Peak RAM=97.893 MB
2026-03-18 04:59:42 | INFO | [ncluster=195/195] AUC-ROC=80.40%  AUC-PR=65.25%  F1=0.8685  MCC=0.7220  Train=3.788s  Test=4.857s  Peak RAM=97.894 MB
2026-03-18 04:59:42 | INFO | [ncluster=200/200] AUC-ROC=80.17%  AUC-PR=65.08%  F1=0.8630  MCC=0.7096  Train=3.402s  Test=4.841s  Peak RAM=97.897 MB
2026-03-18 04:59:42 | INFO | [ncluster=205/205] AUC-ROC=79.82%  AUC-PR=64.86%  F1=0.8579  MCC=0.6982  Train=3.394s  Test=4.865s  Peak RAM=97.898 MB
2026-03-18 04:59:42 | INFO | [ncluster=210/210] AUC-ROC=79.88%  AUC-PR=64.89%  F1=0.8582  MCC=0.6990  Train=2.817s  Test=5.090s  Peak RAM=97.901 MB
2026-03-18 04:59:42 | INFO | [ncluster=215/215] AUC-ROC=80.26%  AUC-PR=65.15%  F1=0.8652  MCC=0.7145  Train=3.673s  Test=5.161s  Peak RAM=97.903 MB
2026-03-18 04:59:42 | INFO | [ncluster=220/220] AUC-ROC=79.95%  AUC-PR=64.93%  F1=0.8596  MCC=0.7018  Train=4.006s  Test=5.188s  Peak RAM=97.906 MB
2026-03-18 04:59:42 | INFO | [ncluster=225/225] AUC-ROC=80.23%  AUC-PR=65.14%  F1=0.8631  MCC=0.7100  Train=4.115s  Test=5.265s  Peak RAM=97.908 MB
2026-03-18 04:59:42 | INFO | [ncluster=230/230] AUC-ROC=79.95%  AUC-PR=64.94%  F1=0.8583  MCC=0.6993  Train=2.834s  Test=4.085s  Peak RAM=97.911 MB
2026-03-18 04:59:42 | INFO | [ncluster=235/235] AUC-ROC=80.04%  AUC-PR=65.00%  F1=0.8604  MCC=0.7039  Train=2.961s  Test=4.074s  Peak RAM=97.917 MB
2026-03-18 04:59:42 | INFO | [ncluster=240/240] AUC-ROC=80.29%  AUC-PR=65.17%  F1=0.8652  MCC=0.7147  Train=2.701s  Test=4.202s  Peak RAM=97.916 MB
2026-03-18 04:59:42 | INFO | [ncluster=245/245] AUC-ROC=79.88%  AUC-PR=64.92%  F1=0.8574  MCC=0.6970  Train=3.672s  Test=5.195s  Peak RAM=97.918 MB
2026-03-18 04:59:42 | INFO | [ncluster=250/250] AUC-ROC=80.27%  AUC-PR=65.16%  F1=0.8661  MCC=0.7165  Train=3.273s  Test=3.476s  Peak RAM=97.921 MB
2026-03-18 04:59:42 | INFO | [ncluster=255/255] AUC-ROC=80.08%  AUC-PR=65.03%  F1=0.8608  MCC=0.7049  Train=2.710s  Test=2.858s  Peak RAM=97.922 MB
2026-03-18 04:59:42 | INFO | [ncluster=260/260] AUC-ROC=80.23%  AUC-PR=65.14%  F1=0.8648  MCC=0.7135  Train=2.353s  Test=3.326s  Peak RAM=97.924 MB
2026-03-18 04:59:42 | INFO | [ncluster=265/265] AUC-ROC=80.21%  AUC-PR=65.12%  F1=0.8650  MCC=0.7140  Train=2.003s  Test=4.872s  Peak RAM=97.928 MB
2026-03-18 04:59:42 | INFO | [ncluster=270/270] AUC-ROC=80.22%  AUC-PR=65.12%  F1=0.8643  MCC=0.7126  Train=1.652s  Test=2.973s  Peak RAM=97.928 MB
2026-03-18 04:59:42 | INFO | [ncluster=275/275] AUC-ROC=80.05%  AUC-PR=65.02%  F1=0.8589  MCC=0.7008  Train=2.338s  Test=2.748s  Peak RAM=97.932 MB
2026-03-18 04:59:42 | INFO | [ncluster=280/280] AUC-ROC=79.83%  AUC-PR=64.86%  F1=0.8582  MCC=0.6987  Train=1.212s  Test=2.007s  Peak RAM=97.937 MB
2026-03-18 04:59:42 | INFO | [ncluster=285/285] AUC-ROC=79.93%  AUC-PR=64.93%  F1=0.8592  MCC=0.7013  Train=2.036s  Test=2.130s  Peak RAM=97.938 MB
2026-03-18 04:59:42 | INFO | [ncluster=290/290] AUC-ROC=80.18%  AUC-PR=65.09%  F1=0.8627  MCC=0.7091  Train=0.888s  Test=2.167s  Peak RAM=97.938 MB
2026-03-18 04:59:42 | INFO | [ncluster=295/295] AUC-ROC=79.97%  AUC-PR=64.95%  F1=0.8616  MCC=0.7064  Train=1.433s  Test=1.759s  Peak RAM=97.942 MB
2026-03-18 04:59:42 | INFO | [ncluster=300/300] AUC-ROC=80.02%  AUC-PR=65.00%  F1=0.8580  MCC=0.6989  Train=0.784s  Test=1.789s  Peak RAM=97.947 MB
2026-03-18 04:59:42 | INFO | --- noise=3% ---
2026-03-18 04:59:42 | INFO | ============================================================
2026-03-18 04:59:42 | INFO | Dataset  : Train_StandardScaler_data_N_BaIoT.csv
2026-03-18 04:59:42 | INFO | Scaler   : StandardScaler
2026-03-18 04:59:42 | INFO | Noise    : 3%
2026-03-18 04:59:42 | INFO | nClusters: 51 values (50..300)
2026-03-18 04:59:42 | INFO | ============================================================
2026-03-18 04:59:43 | INFO | Loaded Raw Shape -> Train: (30000, 116), Test: (30000, 116)
2026-03-18 04:59:43 | INFO | Training size : 30,900  |  Testing size: 29,100  |  Features: 115
2026-03-18 04:59:43 | INFO | Firing up Parallel execution for 51 cluster configs...
2026-03-18 05:04:37 | INFO | [ncluster=50/50] AUC-ROC=79.49%  AUC-PR=65.48%  F1=0.8548  MCC=0.6844  Train=4.786s  Test=9.593s  Peak RAM=99.766 MB
2026-03-18 05:04:37 | INFO | [ncluster=55/55] AUC-ROC=79.38%  AUC-PR=65.41%  F1=0.8542  MCC=0.6822  Train=3.644s  Test=8.611s  Peak RAM=99.764 MB
2026-03-18 05:04:37 | INFO | [ncluster=60/60] AUC-ROC=79.71%  AUC-PR=65.62%  F1=0.8611  MCC=0.6980  Train=4.552s  Test=9.594s  Peak RAM=99.766 MB
2026-03-18 05:04:37 | INFO | [ncluster=65/65] AUC-ROC=79.50%  AUC-PR=65.48%  F1=0.8543  MCC=0.6830  Train=4.800s  Test=9.832s  Peak RAM=99.771 MB
2026-03-18 05:04:37 | INFO | [ncluster=70/70] AUC-ROC=79.42%  AUC-PR=65.43%  F1=0.8549  MCC=0.6842  Train=6.565s  Test=9.009s  Peak RAM=99.771 MB
2026-03-18 05:04:37 | INFO | [ncluster=75/75] AUC-ROC=79.54%  AUC-PR=65.52%  F1=0.8555  MCC=0.6857  Train=4.505s  Test=7.915s  Peak RAM=99.775 MB
2026-03-18 05:04:37 | INFO | [ncluster=80/80] AUC-ROC=79.58%  AUC-PR=65.55%  F1=0.8560  MCC=0.6871  Train=8.319s  Test=7.505s  Peak RAM=99.777 MB
2026-03-18 05:04:37 | INFO | [ncluster=85/85] AUC-ROC=79.62%  AUC-PR=65.56%  F1=0.8571  MCC=0.6896  Train=6.481s  Test=6.568s  Peak RAM=99.778 MB
2026-03-18 05:04:37 | INFO | [ncluster=90/90] AUC-ROC=79.56%  AUC-PR=65.53%  F1=0.8565  MCC=0.6874  Train=6.391s  Test=7.999s  Peak RAM=99.781 MB
2026-03-18 05:04:37 | INFO | [ncluster=95/95] AUC-ROC=79.50%  AUC-PR=65.50%  F1=0.8551  MCC=0.6849  Train=6.547s  Test=6.027s  Peak RAM=99.785 MB
2026-03-18 05:04:37 | INFO | [ncluster=100/100] AUC-ROC=79.45%  AUC-PR=65.46%  F1=0.8538  MCC=0.6813  Train=6.223s  Test=6.900s  Peak RAM=99.785 MB
2026-03-18 05:04:37 | INFO | [ncluster=105/105] AUC-ROC=79.40%  AUC-PR=65.43%  F1=0.8518  MCC=0.6775  Train=6.499s  Test=6.431s  Peak RAM=99.789 MB
2026-03-18 05:04:37 | INFO | [ncluster=110/110] AUC-ROC=79.48%  AUC-PR=65.48%  F1=0.8540  MCC=0.6820  Train=3.050s  Test=6.897s  Peak RAM=99.79 MB
2026-03-18 05:04:37 | INFO | [ncluster=115/115] AUC-ROC=79.28%  AUC-PR=65.37%  F1=0.8514  MCC=0.6758  Train=4.207s  Test=7.150s  Peak RAM=99.791 MB
2026-03-18 05:04:37 | INFO | [ncluster=120/120] AUC-ROC=79.41%  AUC-PR=65.45%  F1=0.8534  MCC=0.6807  Train=4.982s  Test=6.937s  Peak RAM=99.795 MB
2026-03-18 05:04:37 | INFO | [ncluster=125/125] AUC-ROC=79.34%  AUC-PR=65.40%  F1=0.8495  MCC=0.6728  Train=5.438s  Test=6.305s  Peak RAM=99.798 MB
2026-03-18 05:04:37 | INFO | [ncluster=130/130] AUC-ROC=79.28%  AUC-PR=65.35%  F1=0.8504  MCC=0.6740  Train=5.416s  Test=6.851s  Peak RAM=99.799 MB
2026-03-18 05:04:37 | INFO | [ncluster=135/135] AUC-ROC=79.26%  AUC-PR=65.35%  F1=0.8496  MCC=0.6722  Train=5.240s  Test=6.594s  Peak RAM=99.801 MB
2026-03-18 05:04:37 | INFO | [ncluster=140/140] AUC-ROC=79.50%  AUC-PR=65.50%  F1=0.8541  MCC=0.6822  Train=5.113s  Test=5.299s  Peak RAM=99.803 MB
2026-03-18 05:04:37 | INFO | [ncluster=145/145] AUC-ROC=79.28%  AUC-PR=65.36%  F1=0.8523  MCC=0.6779  Train=3.722s  Test=5.567s  Peak RAM=99.806 MB
2026-03-18 05:04:37 | INFO | [ncluster=150/150] AUC-ROC=79.07%  AUC-PR=65.23%  F1=0.8450  MCC=0.6630  Train=3.675s  Test=4.797s  Peak RAM=99.808 MB
2026-03-18 05:04:37 | INFO | [ncluster=155/155] AUC-ROC=79.31%  AUC-PR=65.39%  F1=0.8505  MCC=0.6746  Train=3.488s  Test=5.403s  Peak RAM=99.81 MB
2026-03-18 05:04:37 | INFO | [ncluster=160/160] AUC-ROC=79.27%  AUC-PR=65.37%  F1=0.8502  MCC=0.6735  Train=4.314s  Test=4.635s  Peak RAM=99.814 MB
2026-03-18 05:04:37 | INFO | [ncluster=165/165] AUC-ROC=79.18%  AUC-PR=65.31%  F1=0.8458  MCC=0.6646  Train=4.009s  Test=5.489s  Peak RAM=99.815 MB
2026-03-18 05:04:37 | INFO | [ncluster=170/170] AUC-ROC=79.40%  AUC-PR=65.43%  F1=0.8519  MCC=0.6774  Train=3.349s  Test=4.556s  Peak RAM=99.817 MB
2026-03-18 05:04:37 | INFO | [ncluster=175/175] AUC-ROC=79.01%  AUC-PR=65.17%  F1=0.8477  MCC=0.6668  Train=2.990s  Test=4.726s  Peak RAM=99.819 MB
2026-03-18 05:04:37 | INFO | [ncluster=180/180] AUC-ROC=79.26%  AUC-PR=65.35%  F1=0.8497  MCC=0.6724  Train=3.531s  Test=6.196s  Peak RAM=99.824 MB
2026-03-18 05:04:37 | INFO | [ncluster=185/185] AUC-ROC=79.29%  AUC-PR=65.37%  F1=0.8502  MCC=0.6733  Train=3.122s  Test=5.113s  Peak RAM=99.824 MB
2026-03-18 05:04:37 | INFO | [ncluster=190/190] AUC-ROC=78.80%  AUC-PR=65.04%  F1=0.8433  MCC=0.6573  Train=4.607s  Test=5.751s  Peak RAM=99.826 MB
2026-03-18 05:04:37 | INFO | [ncluster=195/195] AUC-ROC=78.84%  AUC-PR=65.08%  F1=0.8425  MCC=0.6559  Train=3.516s  Test=4.864s  Peak RAM=99.829 MB
2026-03-18 05:04:37 | INFO | [ncluster=200/200] AUC-ROC=79.09%  AUC-PR=65.23%  F1=0.8494  MCC=0.6713  Train=2.761s  Test=4.544s  Peak RAM=99.832 MB
2026-03-18 05:04:37 | INFO | [ncluster=205/205] AUC-ROC=79.10%  AUC-PR=65.22%  F1=0.8479  MCC=0.6679  Train=4.364s  Test=4.416s  Peak RAM=99.833 MB
2026-03-18 05:04:37 | INFO | [ncluster=210/210] AUC-ROC=78.86%  AUC-PR=65.10%  F1=0.8437  MCC=0.6583  Train=3.001s  Test=5.379s  Peak RAM=99.836 MB
2026-03-18 05:04:37 | INFO | [ncluster=215/215] AUC-ROC=79.26%  AUC-PR=65.33%  F1=0.8485  MCC=0.6693  Train=3.385s  Test=5.608s  Peak RAM=99.838 MB
2026-03-18 05:04:37 | INFO | [ncluster=220/220] AUC-ROC=78.92%  AUC-PR=65.12%  F1=0.8443  MCC=0.6594  Train=3.496s  Test=6.195s  Peak RAM=99.841 MB
2026-03-18 05:04:37 | INFO | [ncluster=225/225] AUC-ROC=78.86%  AUC-PR=65.08%  F1=0.8428  MCC=0.6568  Train=2.463s  Test=5.418s  Peak RAM=99.842 MB
2026-03-18 05:04:37 | INFO | [ncluster=230/230] AUC-ROC=79.02%  AUC-PR=65.19%  F1=0.8446  MCC=0.6611  Train=2.563s  Test=5.632s  Peak RAM=99.845 MB
2026-03-18 05:04:37 | INFO | [ncluster=235/235] AUC-ROC=78.96%  AUC-PR=65.14%  F1=0.8456  MCC=0.6628  Train=3.720s  Test=4.499s  Peak RAM=99.847 MB
2026-03-18 05:04:37 | INFO | [ncluster=240/240] AUC-ROC=78.60%  AUC-PR=64.93%  F1=0.8367  MCC=0.6437  Train=4.058s  Test=4.445s  Peak RAM=99.849 MB
2026-03-18 05:04:37 | INFO | [ncluster=245/245] AUC-ROC=79.04%  AUC-PR=65.20%  F1=0.8448  MCC=0.6621  Train=4.043s  Test=5.808s  Peak RAM=99.852 MB
2026-03-18 05:04:37 | INFO | [ncluster=250/250] AUC-ROC=78.83%  AUC-PR=65.07%  F1=0.8409  MCC=0.6528  Train=3.282s  Test=5.664s  Peak RAM=99.855 MB
2026-03-18 05:04:37 | INFO | [ncluster=255/255] AUC-ROC=78.58%  AUC-PR=64.92%  F1=0.8365  MCC=0.6444  Train=1.925s  Test=3.628s  Peak RAM=99.856 MB
2026-03-18 05:04:37 | INFO | [ncluster=260/260] AUC-ROC=78.89%  AUC-PR=65.10%  F1=0.8446  MCC=0.6605  Train=1.799s  Test=4.419s  Peak RAM=99.86 MB
2026-03-18 05:04:37 | INFO | [ncluster=265/265] AUC-ROC=79.04%  AUC-PR=65.21%  F1=0.8460  MCC=0.6640  Train=1.924s  Test=4.485s  Peak RAM=99.861 MB
2026-03-18 05:04:37 | INFO | [ncluster=270/270] AUC-ROC=78.55%  AUC-PR=64.90%  F1=0.8386  MCC=0.6470  Train=1.800s  Test=4.353s  Peak RAM=99.864 MB
2026-03-18 05:04:37 | INFO | [ncluster=275/275] AUC-ROC=78.74%  AUC-PR=65.02%  F1=0.8406  MCC=0.6528  Train=2.926s  Test=3.461s  Peak RAM=99.866 MB
2026-03-18 05:04:37 | INFO | [ncluster=280/280] AUC-ROC=79.04%  AUC-PR=65.20%  F1=0.8483  MCC=0.6686  Train=1.693s  Test=2.191s  Peak RAM=99.869 MB
2026-03-18 05:04:37 | INFO | [ncluster=285/285] AUC-ROC=78.68%  AUC-PR=64.98%  F1=0.8390  MCC=0.6482  Train=0.997s  Test=2.045s  Peak RAM=99.87 MB
2026-03-18 05:04:37 | INFO | [ncluster=290/290] AUC-ROC=78.72%  AUC-PR=65.00%  F1=0.8410  MCC=0.6519  Train=0.928s  Test=2.008s  Peak RAM=99.873 MB
2026-03-18 05:04:37 | INFO | [ncluster=295/295] AUC-ROC=78.80%  AUC-PR=65.06%  F1=0.8421  MCC=0.6550  Train=1.167s  Test=1.956s  Peak RAM=99.874 MB
2026-03-18 05:04:37 | INFO | [ncluster=300/300] AUC-ROC=78.92%  AUC-PR=65.12%  F1=0.8447  MCC=0.6608  Train=1.168s  Test=1.778s  Peak RAM=99.878 MB
2026-03-18 05:04:37 | INFO | --- noise=5% ---
2026-03-18 05:04:37 | INFO | ============================================================
2026-03-18 05:04:37 | INFO | Dataset  : Train_StandardScaler_data_N_BaIoT.csv
2026-03-18 05:04:37 | INFO | Scaler   : StandardScaler
2026-03-18 05:04:37 | INFO | Noise    : 5%
2026-03-18 05:04:37 | INFO | nClusters: 51 values (50..300)
2026-03-18 05:04:37 | INFO | ============================================================
2026-03-18 05:04:37 | INFO | Loaded Raw Shape -> Train: (30000, 116), Test: (30000, 116)
2026-03-18 05:04:37 | INFO | Training size : 31,500  |  Testing size: 28,500  |  Features: 115
2026-03-18 05:04:37 | INFO | Firing up Parallel execution for 51 cluster configs...
2026-03-18 05:09:33 | INFO | [ncluster=50/50] AUC-ROC=78.91%  AUC-PR=65.95%  F1=0.8501  MCC=0.6654  Train=3.702s  Test=5.831s  Peak RAM=101.696 MB
2026-03-18 05:09:33 | INFO | [ncluster=55/55] AUC-ROC=78.79%  AUC-PR=65.87%  F1=0.8476  MCC=0.6586  Train=5.161s  Test=8.923s  Peak RAM=101.698 MB
2026-03-18 05:09:33 | INFO | [ncluster=60/60] AUC-ROC=78.66%  AUC-PR=65.77%  F1=0.8470  MCC=0.6566  Train=3.152s  Test=6.604s  Peak RAM=101.701 MB
2026-03-18 05:09:33 | INFO | [ncluster=65/65] AUC-ROC=78.68%  AUC-PR=65.79%  F1=0.8415  MCC=0.6472  Train=4.381s  Test=6.514s  Peak RAM=101.703 MB
2026-03-18 05:09:33 | INFO | [ncluster=70/70] AUC-ROC=78.55%  AUC-PR=65.72%  F1=0.8402  MCC=0.6437  Train=4.829s  Test=8.165s  Peak RAM=101.705 MB
2026-03-18 05:09:33 | INFO | [ncluster=75/75] AUC-ROC=78.75%  AUC-PR=65.83%  F1=0.8464  MCC=0.6570  Train=5.089s  Test=7.173s  Peak RAM=101.708 MB
2026-03-18 05:09:33 | INFO | [ncluster=80/80] AUC-ROC=78.64%  AUC-PR=65.78%  F1=0.8450  MCC=0.6526  Train=5.204s  Test=7.774s  Peak RAM=101.709 MB
2026-03-18 05:09:33 | INFO | [ncluster=85/85] AUC-ROC=78.82%  AUC-PR=65.90%  F1=0.8457  MCC=0.6554  Train=6.365s  Test=7.726s  Peak RAM=101.713 MB
2026-03-18 05:09:33 | INFO | [ncluster=90/90] AUC-ROC=78.67%  AUC-PR=65.80%  F1=0.8400  MCC=0.6444  Train=5.690s  Test=8.020s  Peak RAM=101.714 MB
2026-03-18 05:09:33 | INFO | [ncluster=95/95] AUC-ROC=78.65%  AUC-PR=65.80%  F1=0.8416  MCC=0.6475  Train=5.627s  Test=7.816s  Peak RAM=101.717 MB
2026-03-18 05:09:33 | INFO | [ncluster=100/100] AUC-ROC=78.80%  AUC-PR=65.89%  F1=0.8478  MCC=0.6590  Train=5.323s  Test=6.951s  Peak RAM=101.718 MB
2026-03-18 05:09:33 | INFO | [ncluster=105/105] AUC-ROC=78.58%  AUC-PR=65.75%  F1=0.8419  MCC=0.6455  Train=5.549s  Test=6.674s  Peak RAM=101.722 MB
2026-03-18 05:09:33 | INFO | [ncluster=110/110] AUC-ROC=78.60%  AUC-PR=65.76%  F1=0.8413  MCC=0.6461  Train=3.993s  Test=5.579s  Peak RAM=101.723 MB
2026-03-18 05:09:33 | INFO | [ncluster=115/115] AUC-ROC=78.74%  AUC-PR=65.86%  F1=0.8429  MCC=0.6493  Train=2.646s  Test=4.783s  Peak RAM=101.726 MB
2026-03-18 05:09:33 | INFO | [ncluster=120/120] AUC-ROC=78.60%  AUC-PR=65.77%  F1=0.8419  MCC=0.6460  Train=3.257s  Test=5.496s  Peak RAM=101.729 MB
2026-03-18 05:09:33 | INFO | [ncluster=125/125] AUC-ROC=78.81%  AUC-PR=65.90%  F1=0.8463  MCC=0.6557  Train=2.884s  Test=5.396s  Peak RAM=101.731 MB
2026-03-18 05:09:33 | INFO | [ncluster=130/130] AUC-ROC=78.70%  AUC-PR=65.83%  F1=0.8456  MCC=0.6540  Train=3.822s  Test=6.979s  Peak RAM=101.733 MB
2026-03-18 05:09:33 | INFO | [ncluster=135/135] AUC-ROC=78.72%  AUC-PR=65.86%  F1=0.8429  MCC=0.6509  Train=3.504s  Test=5.802s  Peak RAM=101.735 MB
2026-03-18 05:09:33 | INFO | [ncluster=140/140] AUC-ROC=78.90%  AUC-PR=65.95%  F1=0.8464  MCC=0.6577  Train=3.682s  Test=6.616s  Peak RAM=101.738 MB
2026-03-18 05:09:33 | INFO | [ncluster=145/145] AUC-ROC=78.52%  AUC-PR=65.71%  F1=0.8386  MCC=0.6397  Train=3.359s  Test=4.980s  Peak RAM=101.74 MB
2026-03-18 05:09:33 | INFO | [ncluster=150/150] AUC-ROC=78.63%  AUC-PR=65.81%  F1=0.8412  MCC=0.6468  Train=3.207s  Test=5.876s  Peak RAM=101.743 MB
2026-03-18 05:09:33 | INFO | [ncluster=155/155] AUC-ROC=78.44%  AUC-PR=65.67%  F1=0.8405  MCC=0.6433  Train=4.561s  Test=5.727s  Peak RAM=101.745 MB
2026-03-18 05:09:33 | INFO | [ncluster=160/160] AUC-ROC=78.70%  AUC-PR=65.84%  F1=0.8450  MCC=0.6526  Train=4.201s  Test=5.905s  Peak RAM=101.747 MB
2026-03-18 05:09:33 | INFO | [ncluster=165/165] AUC-ROC=78.37%  AUC-PR=65.66%  F1=0.8384  MCC=0.6393  Train=4.205s  Test=6.167s  Peak RAM=101.749 MB
2026-03-18 05:09:33 | INFO | [ncluster=170/170] AUC-ROC=78.57%  AUC-PR=65.76%  F1=0.8386  MCC=0.6416  Train=3.058s  Test=5.537s  Peak RAM=101.752 MB
2026-03-18 05:09:33 | INFO | [ncluster=175/175] AUC-ROC=78.71%  AUC-PR=65.85%  F1=0.8430  MCC=0.6504  Train=3.707s  Test=5.206s  Peak RAM=101.755 MB
2026-03-18 05:09:33 | INFO | [ncluster=180/180] AUC-ROC=78.67%  AUC-PR=65.83%  F1=0.8425  MCC=0.6491  Train=3.762s  Test=4.359s  Peak RAM=101.756 MB
2026-03-18 05:09:33 | INFO | [ncluster=185/185] AUC-ROC=78.54%  AUC-PR=65.75%  F1=0.8420  MCC=0.6465  Train=2.102s  Test=5.175s  Peak RAM=101.759 MB
2026-03-18 05:09:33 | INFO | [ncluster=190/190] AUC-ROC=78.31%  AUC-PR=65.58%  F1=0.8382  MCC=0.6375  Train=4.000s  Test=5.748s  Peak RAM=101.76 MB
2026-03-18 05:09:33 | INFO | [ncluster=195/195] AUC-ROC=78.42%  AUC-PR=65.70%  F1=0.8344  MCC=0.6329  Train=3.745s  Test=5.686s  Peak RAM=101.763 MB
2026-03-18 05:09:33 | INFO | [ncluster=200/200] AUC-ROC=78.12%  AUC-PR=65.47%  F1=0.8344  MCC=0.6286  Train=3.541s  Test=5.516s  Peak RAM=101.765 MB
2026-03-18 05:09:33 | INFO | [ncluster=205/205] AUC-ROC=78.51%  AUC-PR=65.73%  F1=0.8370  MCC=0.6385  Train=3.772s  Test=5.529s  Peak RAM=101.768 MB
2026-03-18 05:09:33 | INFO | [ncluster=210/210] AUC-ROC=78.26%  AUC-PR=65.55%  F1=0.8375  MCC=0.6357  Train=5.109s  Test=5.377s  Peak RAM=101.77 MB
2026-03-18 05:09:33 | INFO | [ncluster=215/215] AUC-ROC=77.94%  AUC-PR=65.36%  F1=0.8323  MCC=0.6231  Train=3.951s  Test=5.511s  Peak RAM=101.773 MB
2026-03-18 05:09:33 | INFO | [ncluster=220/220] AUC-ROC=78.39%  AUC-PR=65.63%  F1=0.8396  MCC=0.6402  Train=4.361s  Test=5.353s  Peak RAM=101.774 MB
2026-03-18 05:09:33 | INFO | [ncluster=225/225] AUC-ROC=78.29%  AUC-PR=65.58%  F1=0.8365  MCC=0.6346  Train=4.613s  Test=5.092s  Peak RAM=101.777 MB
2026-03-18 05:09:33 | INFO | [ncluster=230/230] AUC-ROC=77.94%  AUC-PR=65.36%  F1=0.8338  MCC=0.6251  Train=3.568s  Test=6.006s  Peak RAM=101.78 MB
2026-03-18 05:09:33 | INFO | [ncluster=235/235] AUC-ROC=78.12%  AUC-PR=65.46%  F1=0.8346  MCC=0.6292  Train=4.237s  Test=5.146s  Peak RAM=101.782 MB
2026-03-18 05:09:33 | INFO | [ncluster=240/240] AUC-ROC=78.05%  AUC-PR=65.41%  F1=0.8303  MCC=0.6221  Train=3.127s  Test=4.258s  Peak RAM=101.784 MB
2026-03-18 05:09:33 | INFO | [ncluster=245/245] AUC-ROC=77.98%  AUC-PR=65.38%  F1=0.8323  MCC=0.6243  Train=3.472s  Test=4.417s  Peak RAM=101.786 MB
2026-03-18 05:09:33 | INFO | [ncluster=250/250] AUC-ROC=77.88%  AUC-PR=65.31%  F1=0.8293  MCC=0.6184  Train=1.978s  Test=4.718s  Peak RAM=101.789 MB
2026-03-18 05:09:33 | INFO | [ncluster=255/255] AUC-ROC=77.82%  AUC-PR=65.28%  F1=0.8310  MCC=0.6198  Train=3.252s  Test=4.689s  Peak RAM=101.792 MB
2026-03-18 05:09:33 | INFO | [ncluster=260/260] AUC-ROC=77.96%  AUC-PR=65.38%  F1=0.8289  MCC=0.6186  Train=3.391s  Test=5.171s  Peak RAM=101.795 MB
2026-03-18 05:09:33 | INFO | [ncluster=265/265] AUC-ROC=78.02%  AUC-PR=65.41%  F1=0.8294  MCC=0.6202  Train=2.839s  Test=2.823s  Peak RAM=101.795 MB
2026-03-18 05:09:33 | INFO | [ncluster=270/270] AUC-ROC=77.97%  AUC-PR=65.38%  F1=0.8314  MCC=0.6221  Train=1.685s  Test=2.405s  Peak RAM=101.798 MB
2026-03-18 05:09:33 | INFO | [ncluster=275/275] AUC-ROC=78.47%  AUC-PR=65.68%  F1=0.8408  MCC=0.6432  Train=2.123s  Test=2.908s  Peak RAM=101.8 MB
2026-03-18 05:09:33 | INFO | [ncluster=280/280] AUC-ROC=77.99%  AUC-PR=65.39%  F1=0.8331  MCC=0.6258  Train=1.368s  Test=2.837s  Peak RAM=101.803 MB
2026-03-18 05:09:33 | INFO | [ncluster=285/285] AUC-ROC=77.98%  AUC-PR=65.38%  F1=0.8338  MCC=0.6270  Train=1.066s  Test=1.933s  Peak RAM=101.805 MB
2026-03-18 05:09:33 | INFO | [ncluster=290/290] AUC-ROC=78.11%  AUC-PR=65.46%  F1=0.8318  MCC=0.6247  Train=0.962s  Test=2.075s  Peak RAM=101.808 MB
2026-03-18 05:09:33 | INFO | [ncluster=295/295] AUC-ROC=78.18%  AUC-PR=65.50%  F1=0.8360  MCC=0.6321  Train=0.952s  Test=1.905s  Peak RAM=101.81 MB
2026-03-18 05:09:33 | INFO | [ncluster=300/300] AUC-ROC=78.12%  AUC-PR=65.47%  F1=0.8357  MCC=0.6310  Train=0.848s  Test=1.631s  Peak RAM=101.813 MB
2026-03-18 05:09:33 | INFO | 
>>> Processing data_N_BaIoT | scaler=MinMaxScaler
2026-03-18 05:09:33 | INFO | --- noise=0% ---
2026-03-18 05:09:33 | INFO | ============================================================
2026-03-18 05:09:33 | INFO | Dataset  : Train_MinMaxScaler_data_N_BaIoT.csv
2026-03-18 05:09:33 | INFO | Scaler   : MinMaxScaler
2026-03-18 05:09:33 | INFO | Noise    : 0%
2026-03-18 05:09:33 | INFO | nClusters: 51 values (50..300)
2026-03-18 05:09:33 | INFO | ============================================================
2026-03-18 05:09:33 | INFO | Loaded Raw Shape -> Train: (30000, 116), Test: (30000, 116)
2026-03-18 05:09:33 | INFO | Training size : 30,000  |  Testing size: 30,000  |  Features: 115
2026-03-18 05:09:33 | INFO | Firing up Parallel execution for 51 cluster configs...
2026-03-18 05:14:10 | INFO | [ncluster=50/50] AUC-ROC=94.84%  AUC-PR=91.69%  F1=0.9217  MCC=0.8397  Train=2.376s  Test=6.181s  Peak RAM=96.86 MB
2026-03-18 05:14:10 | INFO | [ncluster=55/55] AUC-ROC=94.62%  AUC-PR=91.30%  F1=0.9198  MCC=0.8359  Train=3.543s  Test=5.813s  Peak RAM=96.862 MB
2026-03-18 05:14:10 | INFO | [ncluster=60/60] AUC-ROC=94.99%  AUC-PR=92.03%  F1=0.9230  MCC=0.8425  Train=4.397s  Test=6.800s  Peak RAM=96.865 MB
2026-03-18 05:14:10 | INFO | [ncluster=65/65] AUC-ROC=94.50%  AUC-PR=91.11%  F1=0.9185  MCC=0.8332  Train=3.806s  Test=5.647s  Peak RAM=96.867 MB
2026-03-18 05:14:10 | INFO | [ncluster=70/70] AUC-ROC=94.88%  AUC-PR=91.87%  F1=0.9220  MCC=0.8406  Train=4.973s  Test=7.203s  Peak RAM=96.869 MB
2026-03-18 05:14:10 | INFO | [ncluster=75/75] AUC-ROC=94.62%  AUC-PR=91.41%  F1=0.9187  MCC=0.8336  Train=5.057s  Test=5.601s  Peak RAM=96.872 MB
2026-03-18 05:14:10 | INFO | [ncluster=80/80] AUC-ROC=94.74%  AUC-PR=91.55%  F1=0.9205  MCC=0.8373  Train=4.840s  Test=7.329s  Peak RAM=96.874 MB
2026-03-18 05:14:10 | INFO | [ncluster=85/85] AUC-ROC=94.21%  AUC-PR=90.71%  F1=0.9107  MCC=0.8166  Train=6.464s  Test=7.932s  Peak RAM=96.876 MB
2026-03-18 05:14:10 | INFO | [ncluster=90/90] AUC-ROC=94.43%  AUC-PR=91.27%  F1=0.9173  MCC=0.8305  Train=4.730s  Test=7.295s  Peak RAM=96.88 MB
2026-03-18 05:14:10 | INFO | [ncluster=95/95] AUC-ROC=94.55%  AUC-PR=91.28%  F1=0.9170  MCC=0.8299  Train=5.428s  Test=5.428s  Peak RAM=96.881 MB
2026-03-18 05:14:10 | INFO | [ncluster=100/100] AUC-ROC=93.93%  AUC-PR=90.22%  F1=0.9069  MCC=0.8086  Train=4.524s  Test=6.175s  Peak RAM=96.883 MB
2026-03-18 05:14:10 | INFO | [ncluster=105/105] AUC-ROC=92.89%  AUC-PR=88.84%  F1=0.9067  MCC=0.8101  Train=5.325s  Test=4.696s  Peak RAM=96.886 MB
2026-03-18 05:14:10 | INFO | [ncluster=110/110] AUC-ROC=94.48%  AUC-PR=91.24%  F1=0.9142  MCC=0.8241  Train=2.637s  Test=4.584s  Peak RAM=96.888 MB
2026-03-18 05:14:10 | INFO | [ncluster=115/115] AUC-ROC=93.56%  AUC-PR=89.96%  F1=0.9069  MCC=0.8105  Train=3.185s  Test=5.130s  Peak RAM=96.891 MB
2026-03-18 05:14:10 | INFO | [ncluster=120/120] AUC-ROC=93.61%  AUC-PR=89.85%  F1=0.9067  MCC=0.8101  Train=3.705s  Test=5.154s  Peak RAM=96.893 MB
2026-03-18 05:14:10 | INFO | [ncluster=125/125] AUC-ROC=91.74%  AUC-PR=85.74%  F1=0.9067  MCC=0.8100  Train=3.135s  Test=5.404s  Peak RAM=96.895 MB
2026-03-18 05:14:10 | INFO | [ncluster=130/130] AUC-ROC=93.34%  AUC-PR=89.35%  F1=0.9080  MCC=0.8131  Train=3.239s  Test=5.792s  Peak RAM=96.897 MB
2026-03-18 05:14:10 | INFO | [ncluster=135/135] AUC-ROC=93.53%  AUC-PR=89.81%  F1=0.9068  MCC=0.8105  Train=4.183s  Test=5.188s  Peak RAM=96.9 MB
2026-03-18 05:14:10 | INFO | [ncluster=140/140] AUC-ROC=93.60%  AUC-PR=90.11%  F1=0.9079  MCC=0.8125  Train=4.782s  Test=5.052s  Peak RAM=96.902 MB
2026-03-18 05:14:10 | INFO | [ncluster=145/145] AUC-ROC=93.61%  AUC-PR=90.15%  F1=0.9076  MCC=0.8119  Train=3.807s  Test=6.432s  Peak RAM=96.905 MB
2026-03-18 05:14:10 | INFO | [ncluster=150/150] AUC-ROC=93.07%  AUC-PR=89.03%  F1=0.9079  MCC=0.8127  Train=5.369s  Test=6.399s  Peak RAM=96.907 MB
2026-03-18 05:14:10 | INFO | [ncluster=155/155] AUC-ROC=93.16%  AUC-PR=89.20%  F1=0.9082  MCC=0.8136  Train=3.743s  Test=6.826s  Peak RAM=96.909 MB
2026-03-18 05:14:10 | INFO | [ncluster=160/160] AUC-ROC=92.14%  AUC-PR=86.81%  F1=0.9085  MCC=0.8141  Train=3.502s  Test=6.855s  Peak RAM=96.912 MB
2026-03-18 05:14:10 | INFO | [ncluster=165/165] AUC-ROC=91.51%  AUC-PR=86.04%  F1=0.9082  MCC=0.8134  Train=3.696s  Test=4.616s  Peak RAM=96.914 MB
2026-03-18 05:14:10 | INFO | [ncluster=170/170] AUC-ROC=92.22%  AUC-PR=87.11%  F1=0.9069  MCC=0.8105  Train=2.767s  Test=4.679s  Peak RAM=96.915 MB
2026-03-18 05:14:10 | INFO | [ncluster=175/175] AUC-ROC=90.43%  AUC-PR=83.65%  F1=0.9076  MCC=0.8118  Train=3.285s  Test=4.090s  Peak RAM=96.918 MB
2026-03-18 05:14:10 | INFO | [ncluster=180/180] AUC-ROC=93.27%  AUC-PR=89.21%  F1=0.9083  MCC=0.8139  Train=3.231s  Test=5.158s  Peak RAM=96.921 MB
2026-03-18 05:14:10 | INFO | [ncluster=185/185] AUC-ROC=92.16%  AUC-PR=87.11%  F1=0.9069  MCC=0.8104  Train=3.096s  Test=4.696s  Peak RAM=96.923 MB
2026-03-18 05:14:10 | INFO | [ncluster=190/190] AUC-ROC=93.00%  AUC-PR=89.08%  F1=0.9084  MCC=0.8138  Train=3.361s  Test=4.960s  Peak RAM=96.925 MB
2026-03-18 05:14:10 | INFO | [ncluster=195/195] AUC-ROC=93.52%  AUC-PR=89.72%  F1=0.9084  MCC=0.8139  Train=3.601s  Test=5.844s  Peak RAM=96.927 MB
2026-03-18 05:14:10 | INFO | [ncluster=200/200] AUC-ROC=91.71%  AUC-PR=86.19%  F1=0.9081  MCC=0.8134  Train=3.965s  Test=4.859s  Peak RAM=96.931 MB
2026-03-18 05:14:10 | INFO | [ncluster=205/205] AUC-ROC=90.71%  AUC-PR=84.14%  F1=0.9066  MCC=0.8097  Train=3.255s  Test=5.095s  Peak RAM=96.932 MB
2026-03-18 05:14:10 | INFO | [ncluster=210/210] AUC-ROC=90.27%  AUC-PR=83.35%  F1=0.9074  MCC=0.8116  Train=4.054s  Test=4.349s  Peak RAM=96.935 MB
2026-03-18 05:14:10 | INFO | [ncluster=215/215] AUC-ROC=92.75%  AUC-PR=88.64%  F1=0.9079  MCC=0.8128  Train=3.632s  Test=5.891s  Peak RAM=96.937 MB
2026-03-18 05:14:10 | INFO | [ncluster=220/220] AUC-ROC=88.95%  AUC-PR=80.99%  F1=0.9076  MCC=0.8121  Train=4.772s  Test=5.815s  Peak RAM=96.938 MB
2026-03-18 05:14:10 | INFO | [ncluster=225/225] AUC-ROC=92.92%  AUC-PR=88.48%  F1=0.9068  MCC=0.8101  Train=4.431s  Test=5.451s  Peak RAM=96.942 MB
2026-03-18 05:14:10 | INFO | [ncluster=230/230] AUC-ROC=90.23%  AUC-PR=83.99%  F1=0.9075  MCC=0.8115  Train=3.918s  Test=3.971s  Peak RAM=96.943 MB
2026-03-18 05:14:10 | INFO | [ncluster=235/235] AUC-ROC=91.89%  AUC-PR=86.51%  F1=0.9082  MCC=0.8133  Train=3.584s  Test=3.972s  Peak RAM=96.946 MB
2026-03-18 05:14:10 | INFO | [ncluster=240/240] AUC-ROC=89.23%  AUC-PR=81.56%  F1=0.9076  MCC=0.8122  Train=3.031s  Test=5.975s  Peak RAM=96.948 MB
2026-03-18 05:14:10 | INFO | [ncluster=245/245] AUC-ROC=92.39%  AUC-PR=87.51%  F1=0.9087  MCC=0.8143  Train=3.897s  Test=5.931s  Peak RAM=96.95 MB
2026-03-18 05:14:10 | INFO | [ncluster=250/250] AUC-ROC=89.28%  AUC-PR=82.53%  F1=0.9065  MCC=0.8097  Train=3.024s  Test=4.734s  Peak RAM=96.951 MB
2026-03-18 05:14:10 | INFO | [ncluster=255/255] AUC-ROC=91.04%  AUC-PR=85.36%  F1=0.9067  MCC=0.8101  Train=2.115s  Test=3.917s  Peak RAM=96.955 MB
2026-03-18 05:14:10 | INFO | [ncluster=260/260] AUC-ROC=89.50%  AUC-PR=81.50%  F1=0.9075  MCC=0.8119  Train=3.097s  Test=3.210s  Peak RAM=96.957 MB
2026-03-18 05:14:10 | INFO | [ncluster=265/265] AUC-ROC=91.40%  AUC-PR=85.78%  F1=0.9065  MCC=0.8094  Train=1.516s  Test=3.224s  Peak RAM=96.96 MB
2026-03-18 05:14:10 | INFO | [ncluster=270/270] AUC-ROC=92.47%  AUC-PR=87.69%  F1=0.9082  MCC=0.8134  Train=2.100s  Test=3.924s  Peak RAM=96.962 MB
2026-03-18 05:14:10 | INFO | [ncluster=275/275] AUC-ROC=91.07%  AUC-PR=85.20%  F1=0.9067  MCC=0.8099  Train=1.662s  Test=3.398s  Peak RAM=96.965 MB
2026-03-18 05:14:10 | INFO | [ncluster=280/280] AUC-ROC=91.68%  AUC-PR=86.21%  F1=0.9083  MCC=0.8135  Train=3.251s  Test=2.660s  Peak RAM=96.966 MB
2026-03-18 05:14:10 | INFO | [ncluster=285/285] AUC-ROC=89.36%  AUC-PR=82.91%  F1=0.9052  MCC=0.8067  Train=2.060s  Test=3.051s  Peak RAM=96.969 MB
2026-03-18 05:14:10 | INFO | [ncluster=290/290] AUC-ROC=90.84%  AUC-PR=84.65%  F1=0.9079  MCC=0.8129  Train=0.948s  Test=1.880s  Peak RAM=96.971 MB
2026-03-18 05:14:10 | INFO | [ncluster=295/295] AUC-ROC=92.19%  AUC-PR=87.30%  F1=0.9083  MCC=0.8138  Train=0.836s  Test=1.629s  Peak RAM=96.974 MB
2026-03-18 05:14:10 | INFO | [ncluster=300/300] AUC-ROC=91.69%  AUC-PR=86.23%  F1=0.9071  MCC=0.8108  Train=0.785s  Test=1.513s  Peak RAM=96.975 MB
2026-03-18 05:14:10 | INFO | --- noise=1% ---
2026-03-18 05:14:10 | INFO | ============================================================
2026-03-18 05:14:10 | INFO | Dataset  : Train_MinMaxScaler_data_N_BaIoT.csv
2026-03-18 05:14:10 | INFO | Scaler   : MinMaxScaler
2026-03-18 05:14:10 | INFO | Noise    : 1%
2026-03-18 05:14:10 | INFO | nClusters: 51 values (50..300)
2026-03-18 05:14:10 | INFO | ============================================================
2026-03-18 05:14:11 | INFO | Loaded Raw Shape -> Train: (30000, 116), Test: (30000, 116)
2026-03-18 05:14:11 | INFO | Training size : 30,300  |  Testing size: 29,700  |  Features: 115
2026-03-18 05:14:11 | INFO | Firing up Parallel execution for 51 cluster configs...
2026-03-18 05:18:23 | INFO | [ncluster=50/50] AUC-ROC=80.52%  AUC-PR=65.29%  F1=0.8764  MCC=0.7399  Train=3.333s  Test=6.455s  Peak RAM=97.826 MB
2026-03-18 05:18:23 | INFO | [ncluster=55/55] AUC-ROC=80.37%  AUC-PR=65.20%  F1=0.8718  MCC=0.7296  Train=2.923s  Test=5.719s  Peak RAM=97.829 MB
2026-03-18 05:18:23 | INFO | [ncluster=60/60] AUC-ROC=80.48%  AUC-PR=65.26%  F1=0.8750  MCC=0.7366  Train=3.978s  Test=6.801s  Peak RAM=97.832 MB
2026-03-18 05:18:23 | INFO | [ncluster=65/65] AUC-ROC=80.48%  AUC-PR=65.26%  F1=0.8743  MCC=0.7349  Train=4.232s  Test=6.830s  Peak RAM=97.834 MB
2026-03-18 05:18:23 | INFO | [ncluster=70/70] AUC-ROC=80.51%  AUC-PR=65.28%  F1=0.8763  MCC=0.7397  Train=4.994s  Test=6.644s  Peak RAM=97.836 MB
2026-03-18 05:18:23 | INFO | [ncluster=75/75] AUC-ROC=80.54%  AUC-PR=65.30%  F1=0.8744  MCC=0.7351  Train=5.273s  Test=6.425s  Peak RAM=97.839 MB
2026-03-18 05:18:23 | INFO | [ncluster=80/80] AUC-ROC=80.51%  AUC-PR=65.28%  F1=0.8742  MCC=0.7349  Train=5.536s  Test=5.720s  Peak RAM=97.841 MB
2026-03-18 05:18:23 | INFO | [ncluster=85/85] AUC-ROC=80.46%  AUC-PR=65.25%  F1=0.8754  MCC=0.7377  Train=5.379s  Test=5.921s  Peak RAM=97.843 MB
2026-03-18 05:18:23 | INFO | [ncluster=90/90] AUC-ROC=80.48%  AUC-PR=65.27%  F1=0.8747  MCC=0.7360  Train=5.378s  Test=5.961s  Peak RAM=97.846 MB
2026-03-18 05:18:23 | INFO | [ncluster=95/95] AUC-ROC=80.54%  AUC-PR=65.31%  F1=0.8759  MCC=0.7389  Train=5.463s  Test=5.805s  Peak RAM=97.847 MB
2026-03-18 05:18:23 | INFO | [ncluster=100/100] AUC-ROC=80.45%  AUC-PR=65.25%  F1=0.8725  MCC=0.7310  Train=5.315s  Test=5.466s  Peak RAM=97.855 MB
2026-03-18 05:18:23 | INFO | [ncluster=105/105] AUC-ROC=80.50%  AUC-PR=65.28%  F1=0.8740  MCC=0.7345  Train=5.213s  Test=4.844s  Peak RAM=97.853 MB
2026-03-18 05:18:23 | INFO | [ncluster=110/110] AUC-ROC=80.22%  AUC-PR=65.09%  F1=0.8666  MCC=0.7177  Train=2.057s  Test=4.542s  Peak RAM=97.855 MB
2026-03-18 05:18:23 | INFO | [ncluster=115/115] AUC-ROC=80.20%  AUC-PR=65.08%  F1=0.8676  MCC=0.7199  Train=4.036s  Test=4.258s  Peak RAM=97.857 MB
2026-03-18 05:18:23 | INFO | [ncluster=120/120] AUC-ROC=80.20%  AUC-PR=65.07%  F1=0.8666  MCC=0.7178  Train=3.320s  Test=5.636s  Peak RAM=97.86 MB
2026-03-18 05:18:23 | INFO | [ncluster=125/125] AUC-ROC=80.21%  AUC-PR=65.08%  F1=0.8683  MCC=0.7217  Train=3.456s  Test=5.657s  Peak RAM=97.864 MB
2026-03-18 05:18:23 | INFO | [ncluster=130/130] AUC-ROC=80.22%  AUC-PR=65.09%  F1=0.8662  MCC=0.7167  Train=3.165s  Test=4.959s  Peak RAM=97.866 MB
2026-03-18 05:18:23 | INFO | [ncluster=135/135] AUC-ROC=80.24%  AUC-PR=65.10%  F1=0.8675  MCC=0.7197  Train=4.658s  Test=5.339s  Peak RAM=97.869 MB
2026-03-18 05:18:23 | INFO | [ncluster=140/140] AUC-ROC=80.21%  AUC-PR=65.08%  F1=0.8666  MCC=0.7178  Train=4.382s  Test=5.661s  Peak RAM=97.87 MB
2026-03-18 05:18:23 | INFO | [ncluster=145/145] AUC-ROC=80.23%  AUC-PR=65.09%  F1=0.8675  MCC=0.7196  Train=4.416s  Test=4.750s  Peak RAM=97.87 MB
2026-03-18 05:18:23 | INFO | [ncluster=150/150] AUC-ROC=80.15%  AUC-PR=65.04%  F1=0.8662  MCC=0.7171  Train=2.917s  Test=5.943s  Peak RAM=97.874 MB
2026-03-18 05:18:23 | INFO | [ncluster=155/155] AUC-ROC=80.20%  AUC-PR=65.07%  F1=0.8672  MCC=0.7191  Train=2.473s  Test=5.836s  Peak RAM=97.875 MB
2026-03-18 05:18:23 | INFO | [ncluster=160/160] AUC-ROC=80.34%  AUC-PR=65.17%  F1=0.8706  MCC=0.7267  Train=4.831s  Test=5.120s  Peak RAM=97.879 MB
2026-03-18 05:18:23 | INFO | [ncluster=165/165] AUC-ROC=80.23%  AUC-PR=65.09%  F1=0.8689  MCC=0.7229  Train=2.434s  Test=5.645s  Peak RAM=97.881 MB
2026-03-18 05:18:23 | INFO | [ncluster=170/170] AUC-ROC=80.29%  AUC-PR=65.13%  F1=0.8697  MCC=0.7247  Train=3.123s  Test=3.810s  Peak RAM=97.883 MB
2026-03-18 05:18:23 | INFO | [ncluster=175/175] AUC-ROC=80.36%  AUC-PR=65.18%  F1=0.8709  MCC=0.7275  Train=2.664s  Test=5.129s  Peak RAM=97.885 MB
2026-03-18 05:18:23 | INFO | [ncluster=180/180] AUC-ROC=80.29%  AUC-PR=65.13%  F1=0.8687  MCC=0.7225  Train=3.662s  Test=4.704s  Peak RAM=97.888 MB
2026-03-18 05:18:23 | INFO | [ncluster=185/185] AUC-ROC=80.19%  AUC-PR=65.07%  F1=0.8665  MCC=0.7176  Train=2.949s  Test=5.457s  Peak RAM=97.891 MB
2026-03-18 05:18:23 | INFO | [ncluster=190/190] AUC-ROC=80.25%  AUC-PR=65.11%  F1=0.8678  MCC=0.7204  Train=3.040s  Test=5.510s  Peak RAM=97.892 MB
2026-03-18 05:18:23 | INFO | [ncluster=195/195] AUC-ROC=80.24%  AUC-PR=65.11%  F1=0.8664  MCC=0.7171  Train=4.189s  Test=4.753s  Peak RAM=97.894 MB
2026-03-18 05:18:23 | INFO | [ncluster=200/200] AUC-ROC=80.27%  AUC-PR=65.11%  F1=0.8676  MCC=0.7200  Train=3.317s  Test=4.930s  Peak RAM=97.897 MB
2026-03-18 05:18:23 | INFO | [ncluster=205/205] AUC-ROC=80.28%  AUC-PR=65.13%  F1=0.8690  MCC=0.7231  Train=4.366s  Test=4.693s  Peak RAM=97.902 MB
2026-03-18 05:18:23 | INFO | [ncluster=210/210] AUC-ROC=80.17%  AUC-PR=65.06%  F1=0.8659  MCC=0.7162  Train=3.050s  Test=5.520s  Peak RAM=97.902 MB
2026-03-18 05:18:23 | INFO | [ncluster=215/215] AUC-ROC=80.37%  AUC-PR=65.20%  F1=0.8713  MCC=0.7283  Train=3.240s  Test=5.354s  Peak RAM=97.905 MB
2026-03-18 05:18:23 | INFO | [ncluster=220/220] AUC-ROC=80.29%  AUC-PR=65.14%  F1=0.8695  MCC=0.7242  Train=3.658s  Test=6.102s  Peak RAM=97.91 MB
2026-03-18 05:18:23 | INFO | [ncluster=225/225] AUC-ROC=80.26%  AUC-PR=65.11%  F1=0.8690  MCC=0.7234  Train=3.018s  Test=4.763s  Peak RAM=97.908 MB
2026-03-18 05:18:23 | INFO | [ncluster=230/230] AUC-ROC=80.25%  AUC-PR=65.11%  F1=0.8679  MCC=0.7207  Train=3.313s  Test=4.399s  Peak RAM=97.914 MB
2026-03-18 05:18:23 | INFO | [ncluster=235/235] AUC-ROC=80.27%  AUC-PR=65.12%  F1=0.8682  MCC=0.7212  Train=3.600s  Test=4.935s  Peak RAM=97.914 MB
2026-03-18 05:18:23 | INFO | [ncluster=240/240] AUC-ROC=80.20%  AUC-PR=65.08%  F1=0.8648  MCC=0.7138  Train=3.757s  Test=5.220s  Peak RAM=97.915 MB
2026-03-18 05:18:23 | INFO | [ncluster=245/245] AUC-ROC=80.20%  AUC-PR=65.07%  F1=0.8671  MCC=0.7188  Train=3.105s  Test=4.854s  Peak RAM=97.919 MB
2026-03-18 05:18:23 | INFO | [ncluster=250/250] AUC-ROC=80.25%  AUC-PR=65.11%  F1=0.8681  MCC=0.7212  Train=2.892s  Test=5.089s  Peak RAM=97.922 MB
2026-03-18 05:18:23 | INFO | [ncluster=255/255] AUC-ROC=80.18%  AUC-PR=65.09%  F1=0.8662  MCC=0.7169  Train=4.316s  Test=3.895s  Peak RAM=97.922 MB
2026-03-18 05:18:23 | INFO | [ncluster=260/260] AUC-ROC=80.27%  AUC-PR=65.11%  F1=0.8702  MCC=0.7261  Train=1.724s  Test=4.129s  Peak RAM=97.924 MB
2026-03-18 05:18:23 | INFO | [ncluster=265/265] AUC-ROC=80.32%  AUC-PR=65.15%  F1=0.8692  MCC=0.7236  Train=1.742s  Test=4.177s  Peak RAM=97.928 MB
2026-03-18 05:18:23 | INFO | [ncluster=270/270] AUC-ROC=80.32%  AUC-PR=65.14%  F1=0.8678  MCC=0.7204  Train=1.142s  Test=2.740s  Peak RAM=97.929 MB
2026-03-18 05:18:23 | INFO | [ncluster=275/275] AUC-ROC=80.30%  AUC-PR=65.14%  F1=0.8702  MCC=0.7259  Train=1.313s  Test=1.735s  Peak RAM=97.933 MB
2026-03-18 05:18:23 | INFO | [ncluster=280/280] AUC-ROC=80.20%  AUC-PR=65.08%  F1=0.8662  MCC=0.7169  Train=2.317s  Test=2.632s  Peak RAM=97.934 MB
2026-03-18 05:18:23 | INFO | [ncluster=285/285] AUC-ROC=80.31%  AUC-PR=65.14%  F1=0.8684  MCC=0.7218  Train=1.070s  Test=2.106s  Peak RAM=97.939 MB
2026-03-18 05:18:23 | INFO | [ncluster=290/290] AUC-ROC=80.23%  AUC-PR=65.10%  F1=0.8670  MCC=0.7188  Train=0.862s  Test=1.823s  Peak RAM=97.941 MB
2026-03-18 05:18:23 | INFO | [ncluster=295/295] AUC-ROC=80.28%  AUC-PR=65.12%  F1=0.8684  MCC=0.7219  Train=0.935s  Test=1.753s  Peak RAM=97.943 MB
2026-03-18 05:18:23 | INFO | [ncluster=300/300] AUC-ROC=80.25%  AUC-PR=65.10%  F1=0.8678  MCC=0.7205  Train=0.776s  Test=1.525s  Peak RAM=97.944 MB
2026-03-18 05:18:23 | INFO | --- noise=3% ---
2026-03-18 05:18:23 | INFO | ============================================================
2026-03-18 05:18:23 | INFO | Dataset  : Train_MinMaxScaler_data_N_BaIoT.csv
2026-03-18 05:18:23 | INFO | Scaler   : MinMaxScaler
2026-03-18 05:18:23 | INFO | Noise    : 3%
2026-03-18 05:18:23 | INFO | nClusters: 51 values (50..300)
2026-03-18 05:18:23 | INFO | ============================================================
2026-03-18 05:18:24 | INFO | Loaded Raw Shape -> Train: (30000, 116), Test: (30000, 116)
2026-03-18 05:18:24 | INFO | Training size : 30,900  |  Testing size: 29,100  |  Features: 115
2026-03-18 05:18:24 | INFO | Firing up Parallel execution for 51 cluster configs...
2026-03-18 05:22:52 | INFO | [ncluster=50/50] AUC-ROC=78.95%  AUC-PR=65.05%  F1=0.8491  MCC=0.6701  Train=2.440s  Test=5.482s  Peak RAM=99.762 MB
2026-03-18 05:22:52 | INFO | [ncluster=55/55] AUC-ROC=78.71%  AUC-PR=64.88%  F1=0.8465  MCC=0.6636  Train=3.485s  Test=6.255s  Peak RAM=99.765 MB
2026-03-18 05:22:52 | INFO | [ncluster=60/60] AUC-ROC=78.88%  AUC-PR=65.00%  F1=0.8456  MCC=0.6627  Train=3.573s  Test=6.605s  Peak RAM=99.766 MB
2026-03-18 05:22:52 | INFO | [ncluster=65/65] AUC-ROC=79.00%  AUC-PR=65.09%  F1=0.8491  MCC=0.6705  Train=5.054s  Test=6.120s  Peak RAM=99.768 MB
2026-03-18 05:22:52 | INFO | [ncluster=70/70] AUC-ROC=78.79%  AUC-PR=64.94%  F1=0.8469  MCC=0.6647  Train=4.240s  Test=8.015s  Peak RAM=99.77 MB
2026-03-18 05:22:52 | INFO | [ncluster=75/75] AUC-ROC=78.79%  AUC-PR=64.95%  F1=0.8461  MCC=0.6630  Train=4.646s  Test=7.971s  Peak RAM=99.774 MB
2026-03-18 05:22:52 | INFO | [ncluster=80/80] AUC-ROC=78.87%  AUC-PR=64.99%  F1=0.8478  MCC=0.6669  Train=6.397s  Test=7.369s  Peak RAM=99.776 MB
2026-03-18 05:22:52 | INFO | [ncluster=85/85] AUC-ROC=79.10%  AUC-PR=65.16%  F1=0.8512  MCC=0.6752  Train=5.115s  Test=7.867s  Peak RAM=99.779 MB
2026-03-18 05:22:52 | INFO | [ncluster=90/90] AUC-ROC=79.09%  AUC-PR=65.16%  F1=0.8519  MCC=0.6763  Train=5.723s  Test=7.027s  Peak RAM=99.78 MB
2026-03-18 05:22:52 | INFO | [ncluster=95/95] AUC-ROC=79.10%  AUC-PR=65.17%  F1=0.8496  MCC=0.6718  Train=4.555s  Test=5.949s  Peak RAM=99.782 MB
2026-03-18 05:22:52 | INFO | [ncluster=100/100] AUC-ROC=79.05%  AUC-PR=65.14%  F1=0.8492  MCC=0.6708  Train=4.948s  Test=5.988s  Peak RAM=99.785 MB
2026-03-18 05:22:52 | INFO | [ncluster=105/105] AUC-ROC=78.76%  AUC-PR=64.94%  F1=0.8434  MCC=0.6582  Train=5.251s  Test=5.151s  Peak RAM=99.788 MB
2026-03-18 05:22:52 | INFO | [ncluster=110/110] AUC-ROC=78.70%  AUC-PR=64.90%  F1=0.8434  MCC=0.6573  Train=3.063s  Test=4.811s  Peak RAM=99.789 MB
2026-03-18 05:22:52 | INFO | [ncluster=115/115] AUC-ROC=78.75%  AUC-PR=64.94%  F1=0.8443  MCC=0.6596  Train=3.906s  Test=4.816s  Peak RAM=99.793 MB
2026-03-18 05:22:52 | INFO | [ncluster=120/120] AUC-ROC=78.96%  AUC-PR=65.07%  F1=0.8468  MCC=0.6655  Train=3.707s  Test=4.816s  Peak RAM=99.794 MB
2026-03-18 05:22:52 | INFO | [ncluster=125/125] AUC-ROC=78.64%  AUC-PR=64.85%  F1=0.8402  MCC=0.6501  Train=3.106s  Test=5.149s  Peak RAM=99.796 MB
2026-03-18 05:22:52 | INFO | [ncluster=130/130] AUC-ROC=78.57%  AUC-PR=64.82%  F1=0.8414  MCC=0.6527  Train=3.401s  Test=5.912s  Peak RAM=99.799 MB
2026-03-18 05:22:52 | INFO | [ncluster=135/135] AUC-ROC=78.70%  AUC-PR=64.89%  F1=0.8438  MCC=0.6579  Train=4.554s  Test=5.942s  Peak RAM=99.801 MB
2026-03-18 05:22:52 | INFO | [ncluster=140/140] AUC-ROC=78.87%  AUC-PR=65.01%  F1=0.8467  MCC=0.6643  Train=3.779s  Test=5.892s  Peak RAM=99.805 MB
2026-03-18 05:22:52 | INFO | [ncluster=145/145] AUC-ROC=78.71%  AUC-PR=64.90%  F1=0.8450  MCC=0.6603  Train=4.723s  Test=6.055s  Peak RAM=99.806 MB
2026-03-18 05:22:52 | INFO | [ncluster=150/150] AUC-ROC=78.92%  AUC-PR=65.04%  F1=0.8484  MCC=0.6683  Train=3.657s  Test=4.726s  Peak RAM=99.808 MB
2026-03-18 05:22:52 | INFO | [ncluster=155/155] AUC-ROC=78.91%  AUC-PR=65.03%  F1=0.8492  MCC=0.6702  Train=3.501s  Test=5.950s  Peak RAM=99.81 MB
2026-03-18 05:22:52 | INFO | [ncluster=160/160] AUC-ROC=78.81%  AUC-PR=64.97%  F1=0.8463  MCC=0.6634  Train=3.985s  Test=6.039s  Peak RAM=99.813 MB
2026-03-18 05:22:52 | INFO | [ncluster=165/165] AUC-ROC=78.64%  AUC-PR=64.84%  F1=0.8436  MCC=0.6571  Train=3.872s  Test=5.612s  Peak RAM=99.815 MB
2026-03-18 05:22:52 | INFO | [ncluster=170/170] AUC-ROC=78.70%  AUC-PR=64.88%  F1=0.8447  MCC=0.6598  Train=2.940s  Test=6.180s  Peak RAM=99.818 MB
2026-03-18 05:22:52 | INFO | [ncluster=175/175] AUC-ROC=78.95%  AUC-PR=65.06%  F1=0.8468  MCC=0.6649  Train=3.625s  Test=5.901s  Peak RAM=99.819 MB
2026-03-18 05:22:52 | INFO | [ncluster=180/180] AUC-ROC=78.73%  AUC-PR=64.91%  F1=0.8450  MCC=0.6603  Train=3.702s  Test=5.771s  Peak RAM=99.824 MB
2026-03-18 05:22:52 | INFO | [ncluster=185/185] AUC-ROC=78.77%  AUC-PR=64.94%  F1=0.8453  MCC=0.6612  Train=2.981s  Test=4.472s  Peak RAM=99.824 MB
2026-03-18 05:22:52 | INFO | [ncluster=190/190] AUC-ROC=78.78%  AUC-PR=64.92%  F1=0.8470  MCC=0.6645  Train=3.358s  Test=5.518s  Peak RAM=99.827 MB
2026-03-18 05:22:52 | INFO | [ncluster=195/195] AUC-ROC=78.75%  AUC-PR=64.91%  F1=0.8443  MCC=0.6588  Train=3.828s  Test=5.940s  Peak RAM=99.83 MB
2026-03-18 05:22:52 | INFO | [ncluster=200/200] AUC-ROC=78.76%  AUC-PR=64.93%  F1=0.8429  MCC=0.6561  Train=4.136s  Test=5.727s  Peak RAM=99.832 MB
2026-03-18 05:22:52 | INFO | [ncluster=205/205] AUC-ROC=79.10%  AUC-PR=65.16%  F1=0.8495  MCC=0.6711  Train=4.434s  Test=5.331s  Peak RAM=99.833 MB
2026-03-18 05:22:52 | INFO | [ncluster=210/210] AUC-ROC=78.99%  AUC-PR=65.09%  F1=0.8473  MCC=0.6661  Train=3.352s  Test=5.654s  Peak RAM=99.836 MB
2026-03-18 05:22:52 | INFO | [ncluster=215/215] AUC-ROC=78.94%  AUC-PR=65.05%  F1=0.8462  MCC=0.6634  Train=4.360s  Test=5.011s  Peak RAM=99.837 MB
2026-03-18 05:22:52 | INFO | [ncluster=220/220] AUC-ROC=78.96%  AUC-PR=65.05%  F1=0.8468  MCC=0.6645  Train=3.992s  Test=4.861s  Peak RAM=99.841 MB
2026-03-18 05:22:52 | INFO | [ncluster=225/225] AUC-ROC=78.71%  AUC-PR=64.90%  F1=0.8428  MCC=0.6558  Train=3.365s  Test=5.832s  Peak RAM=99.843 MB
2026-03-18 05:22:52 | INFO | [ncluster=230/230] AUC-ROC=78.72%  AUC-PR=64.91%  F1=0.8435  MCC=0.6570  Train=4.275s  Test=5.394s  Peak RAM=99.845 MB
2026-03-18 05:22:52 | INFO | [ncluster=235/235] AUC-ROC=79.01%  AUC-PR=65.10%  F1=0.8490  MCC=0.6695  Train=2.995s  Test=5.033s  Peak RAM=99.848 MB
2026-03-18 05:22:52 | INFO | [ncluster=240/240] AUC-ROC=78.71%  AUC-PR=64.88%  F1=0.8442  MCC=0.6582  Train=4.086s  Test=5.595s  Peak RAM=99.849 MB
2026-03-18 05:22:52 | INFO | [ncluster=245/245] AUC-ROC=78.66%  AUC-PR=64.85%  F1=0.8414  MCC=0.6525  Train=3.651s  Test=4.034s  Peak RAM=99.852 MB
2026-03-18 05:22:52 | INFO | [ncluster=250/250] AUC-ROC=79.06%  AUC-PR=65.13%  F1=0.8483  MCC=0.6682  Train=3.136s  Test=3.225s  Peak RAM=99.854 MB
2026-03-18 05:22:52 | INFO | [ncluster=255/255] AUC-ROC=78.94%  AUC-PR=65.05%  F1=0.8462  MCC=0.6632  Train=3.269s  Test=4.201s  Peak RAM=99.857 MB
2026-03-18 05:22:52 | INFO | [ncluster=260/260] AUC-ROC=79.03%  AUC-PR=65.11%  F1=0.8507  MCC=0.6735  Train=3.378s  Test=4.216s  Peak RAM=99.859 MB
2026-03-18 05:22:52 | INFO | [ncluster=265/265] AUC-ROC=79.02%  AUC-PR=65.10%  F1=0.8499  MCC=0.6715  Train=2.026s  Test=3.443s  Peak RAM=99.862 MB
2026-03-18 05:22:52 | INFO | [ncluster=270/270] AUC-ROC=79.11%  AUC-PR=65.16%  F1=0.8491  MCC=0.6703  Train=2.226s  Test=3.999s  Peak RAM=99.864 MB
2026-03-18 05:22:52 | INFO | [ncluster=275/275] AUC-ROC=78.97%  AUC-PR=65.07%  F1=0.8485  MCC=0.6684  Train=1.983s  Test=3.271s  Peak RAM=99.866 MB
2026-03-18 05:22:52 | INFO | [ncluster=280/280] AUC-ROC=78.74%  AUC-PR=64.90%  F1=0.8456  MCC=0.6614  Train=2.899s  Test=2.947s  Peak RAM=99.869 MB
2026-03-18 05:22:52 | INFO | [ncluster=285/285] AUC-ROC=78.89%  AUC-PR=65.00%  F1=0.8470  MCC=0.6649  Train=1.765s  Test=3.814s  Peak RAM=99.871 MB
2026-03-18 05:22:52 | INFO | [ncluster=290/290] AUC-ROC=78.91%  AUC-PR=65.02%  F1=0.8464  MCC=0.6638  Train=0.991s  Test=2.142s  Peak RAM=99.874 MB
2026-03-18 05:22:52 | INFO | [ncluster=295/295] AUC-ROC=79.16%  AUC-PR=65.20%  F1=0.8517  MCC=0.6758  Train=1.016s  Test=1.625s  Peak RAM=99.874 MB
2026-03-18 05:22:52 | INFO | [ncluster=300/300] AUC-ROC=78.88%  AUC-PR=65.00%  F1=0.8460  MCC=0.6629  Train=1.201s  Test=2.002s  Peak RAM=99.877 MB
2026-03-18 05:22:52 | INFO | --- noise=5% ---
2026-03-18 05:22:52 | INFO | ============================================================
2026-03-18 05:22:52 | INFO | Dataset  : Train_MinMaxScaler_data_N_BaIoT.csv
2026-03-18 05:22:52 | INFO | Scaler   : MinMaxScaler
2026-03-18 05:22:52 | INFO | Noise    : 5%
2026-03-18 05:22:52 | INFO | nClusters: 51 values (50..300)
2026-03-18 05:22:52 | INFO | ============================================================
2026-03-18 05:22:52 | INFO | Loaded Raw Shape -> Train: (30000, 116), Test: (30000, 116)
2026-03-18 05:22:52 | INFO | Training size : 31,500  |  Testing size: 28,500  |  Features: 115
2026-03-18 05:22:52 | INFO | Firing up Parallel execution for 51 cluster configs...
2026-03-18 05:27:30 | INFO | [ncluster=50/50] AUC-ROC=77.70%  AUC-PR=65.13%  F1=0.8347  MCC=0.6266  Train=2.972s  Test=6.719s  Peak RAM=101.697 MB
2026-03-18 05:27:30 | INFO | [ncluster=55/55] AUC-ROC=77.67%  AUC-PR=65.10%  F1=0.8332  MCC=0.6230  Train=3.194s  Test=7.768s  Peak RAM=101.697 MB
2026-03-18 05:27:30 | INFO | [ncluster=60/60] AUC-ROC=77.77%  AUC-PR=65.18%  F1=0.8329  MCC=0.6246  Train=4.157s  Test=8.494s  Peak RAM=101.701 MB
2026-03-18 05:27:30 | INFO | [ncluster=65/65] AUC-ROC=77.93%  AUC-PR=65.28%  F1=0.8373  MCC=0.6336  Train=5.239s  Test=7.790s  Peak RAM=101.704 MB
2026-03-18 05:27:30 | INFO | [ncluster=70/70] AUC-ROC=78.01%  AUC-PR=65.34%  F1=0.8380  MCC=0.6344  Train=4.710s  Test=7.742s  Peak RAM=101.705 MB
2026-03-18 05:27:30 | INFO | [ncluster=75/75] AUC-ROC=78.11%  AUC-PR=65.41%  F1=0.8397  MCC=0.6390  Train=6.046s  Test=7.832s  Peak RAM=101.708 MB
2026-03-18 05:27:30 | INFO | [ncluster=80/80] AUC-ROC=77.85%  AUC-PR=65.24%  F1=0.8355  MCC=0.6296  Train=6.535s  Test=7.707s  Peak RAM=101.71 MB
2026-03-18 05:27:30 | INFO | [ncluster=85/85] AUC-ROC=77.92%  AUC-PR=65.29%  F1=0.8371  MCC=0.6319  Train=4.979s  Test=8.889s  Peak RAM=101.712 MB
2026-03-18 05:27:30 | INFO | [ncluster=90/90] AUC-ROC=78.06%  AUC-PR=65.38%  F1=0.8361  MCC=0.6327  Train=5.479s  Test=8.302s  Peak RAM=101.714 MB
2026-03-18 05:27:30 | INFO | [ncluster=95/95] AUC-ROC=77.97%  AUC-PR=65.32%  F1=0.8357  MCC=0.6296  Train=6.585s  Test=7.255s  Peak RAM=101.718 MB
2026-03-18 05:27:30 | INFO | [ncluster=100/100] AUC-ROC=77.88%  AUC-PR=65.26%  F1=0.8370  MCC=0.6317  Train=6.938s  Test=7.820s  Peak RAM=101.719 MB
2026-03-18 05:27:30 | INFO | [ncluster=105/105] AUC-ROC=77.95%  AUC-PR=65.31%  F1=0.8373  MCC=0.6326  Train=6.636s  Test=6.108s  Peak RAM=101.721 MB
2026-03-18 05:27:30 | INFO | [ncluster=110/110] AUC-ROC=77.85%  AUC-PR=65.25%  F1=0.8349  MCC=0.6276  Train=3.433s  Test=4.948s  Peak RAM=101.724 MB
2026-03-18 05:27:30 | INFO | [ncluster=115/115] AUC-ROC=77.77%  AUC-PR=65.19%  F1=0.8348  MCC=0.6266  Train=3.604s  Test=6.222s  Peak RAM=101.726 MB
2026-03-18 05:27:30 | INFO | [ncluster=120/120] AUC-ROC=77.83%  AUC-PR=65.24%  F1=0.8325  MCC=0.6223  Train=4.189s  Test=6.918s  Peak RAM=101.728 MB
2026-03-18 05:27:30 | INFO | [ncluster=125/125] AUC-ROC=77.91%  AUC-PR=65.28%  F1=0.8360  MCC=0.6294  Train=3.755s  Test=6.300s  Peak RAM=101.73 MB
2026-03-18 05:27:30 | INFO | [ncluster=130/130] AUC-ROC=78.04%  AUC-PR=65.36%  F1=0.8358  MCC=0.6303  Train=4.353s  Test=5.051s  Peak RAM=101.733 MB
2026-03-18 05:27:30 | INFO | [ncluster=135/135] AUC-ROC=77.84%  AUC-PR=65.24%  F1=0.8350  MCC=0.6272  Train=3.061s  Test=5.402s  Peak RAM=101.735 MB
2026-03-18 05:27:30 | INFO | [ncluster=140/140] AUC-ROC=78.15%  AUC-PR=65.44%  F1=0.8395  MCC=0.6380  Train=3.101s  Test=5.516s  Peak RAM=101.738 MB
2026-03-18 05:27:30 | INFO | [ncluster=145/145] AUC-ROC=77.82%  AUC-PR=65.20%  F1=0.8370  MCC=0.6313  Train=4.018s  Test=5.919s  Peak RAM=101.74 MB
2026-03-18 05:27:30 | INFO | [ncluster=150/150] AUC-ROC=77.78%  AUC-PR=65.21%  F1=0.8355  MCC=0.6278  Train=3.737s  Test=5.429s  Peak RAM=101.742 MB
2026-03-18 05:27:30 | INFO | [ncluster=155/155] AUC-ROC=78.34%  AUC-PR=65.58%  F1=0.8418  MCC=0.6437  Train=3.741s  Test=4.900s  Peak RAM=101.745 MB
2026-03-18 05:27:30 | INFO | [ncluster=160/160] AUC-ROC=78.06%  AUC-PR=65.39%  F1=0.8377  MCC=0.6337  Train=4.491s  Test=5.090s  Peak RAM=101.747 MB
2026-03-18 05:27:30 | INFO | [ncluster=165/165] AUC-ROC=78.04%  AUC-PR=65.38%  F1=0.8367  MCC=0.6320  Train=3.736s  Test=5.101s  Peak RAM=101.749 MB
2026-03-18 05:27:30 | INFO | [ncluster=170/170] AUC-ROC=78.04%  AUC-PR=65.38%  F1=0.8371  MCC=0.6328  Train=3.475s  Test=5.902s  Peak RAM=101.752 MB
2026-03-18 05:27:30 | INFO | [ncluster=175/175] AUC-ROC=78.03%  AUC-PR=65.36%  F1=0.8359  MCC=0.6309  Train=3.061s  Test=5.569s  Peak RAM=101.753 MB
2026-03-18 05:27:30 | INFO | [ncluster=180/180] AUC-ROC=78.05%  AUC-PR=65.38%  F1=0.8379  MCC=0.6346  Train=4.048s  Test=6.010s  Peak RAM=101.757 MB
2026-03-18 05:27:30 | INFO | [ncluster=185/185] AUC-ROC=78.07%  AUC-PR=65.40%  F1=0.8384  MCC=0.6355  Train=4.222s  Test=5.333s  Peak RAM=101.758 MB
2026-03-18 05:27:30 | INFO | [ncluster=190/190] AUC-ROC=78.06%  AUC-PR=65.39%  F1=0.8385  MCC=0.6358  Train=3.802s  Test=5.034s  Peak RAM=101.761 MB
2026-03-18 05:27:30 | INFO | [ncluster=195/195] AUC-ROC=78.04%  AUC-PR=65.38%  F1=0.8367  MCC=0.6324  Train=2.877s  Test=5.916s  Peak RAM=101.763 MB
2026-03-18 05:27:30 | INFO | [ncluster=200/200] AUC-ROC=78.29%  AUC-PR=65.53%  F1=0.8394  MCC=0.6390  Train=3.273s  Test=5.514s  Peak RAM=101.766 MB
2026-03-18 05:27:30 | INFO | [ncluster=205/205] AUC-ROC=78.30%  AUC-PR=65.54%  F1=0.8412  MCC=0.6425  Train=3.042s  Test=6.121s  Peak RAM=101.768 MB
2026-03-18 05:27:30 | INFO | [ncluster=210/210] AUC-ROC=78.29%  AUC-PR=65.54%  F1=0.8412  MCC=0.6423  Train=3.615s  Test=6.323s  Peak RAM=101.77 MB
2026-03-18 05:27:30 | INFO | [ncluster=215/215] AUC-ROC=78.28%  AUC-PR=65.53%  F1=0.8403  MCC=0.6402  Train=4.266s  Test=5.300s  Peak RAM=101.773 MB
2026-03-18 05:27:30 | INFO | [ncluster=220/220] AUC-ROC=78.33%  AUC-PR=65.56%  F1=0.8420  MCC=0.6444  Train=4.575s  Test=4.796s  Peak RAM=101.775 MB
2026-03-18 05:27:30 | INFO | [ncluster=225/225] AUC-ROC=78.29%  AUC-PR=65.54%  F1=0.8387  MCC=0.6377  Train=4.178s  Test=5.137s  Peak RAM=101.778 MB
2026-03-18 05:27:30 | INFO | [ncluster=230/230] AUC-ROC=78.28%  AUC-PR=65.53%  F1=0.8393  MCC=0.6388  Train=3.614s  Test=4.002s  Peak RAM=101.779 MB
2026-03-18 05:27:30 | INFO | [ncluster=235/235] AUC-ROC=78.26%  AUC-PR=65.51%  F1=0.8413  MCC=0.6422  Train=3.833s  Test=5.881s  Peak RAM=101.782 MB
2026-03-18 05:27:30 | INFO | [ncluster=240/240] AUC-ROC=78.19%  AUC-PR=65.47%  F1=0.8386  MCC=0.6372  Train=3.228s  Test=5.772s  Peak RAM=101.785 MB
2026-03-18 05:27:30 | INFO | [ncluster=245/245] AUC-ROC=78.29%  AUC-PR=65.53%  F1=0.8393  MCC=0.6391  Train=3.354s  Test=4.928s  Peak RAM=101.786 MB
2026-03-18 05:27:30 | INFO | [ncluster=250/250] AUC-ROC=78.25%  AUC-PR=65.51%  F1=0.8386  MCC=0.6374  Train=3.469s  Test=4.631s  Peak RAM=101.789 MB
2026-03-18 05:27:30 | INFO | [ncluster=255/255] AUC-ROC=78.29%  AUC-PR=65.53%  F1=0.8402  MCC=0.6404  Train=2.476s  Test=3.509s  Peak RAM=101.791 MB
2026-03-18 05:27:30 | INFO | [ncluster=260/260] AUC-ROC=78.33%  AUC-PR=65.55%  F1=0.8410  MCC=0.6420  Train=3.102s  Test=3.825s  Peak RAM=101.794 MB
2026-03-18 05:27:30 | INFO | [ncluster=265/265] AUC-ROC=78.31%  AUC-PR=65.54%  F1=0.8404  MCC=0.6410  Train=2.209s  Test=3.972s  Peak RAM=101.796 MB
2026-03-18 05:27:30 | INFO | [ncluster=270/270] AUC-ROC=78.30%  AUC-PR=65.53%  F1=0.8412  MCC=0.6424  Train=1.775s  Test=4.059s  Peak RAM=101.799 MB
2026-03-18 05:27:30 | INFO | [ncluster=275/275] AUC-ROC=78.27%  AUC-PR=65.52%  F1=0.8410  MCC=0.6418  Train=1.286s  Test=2.705s  Peak RAM=101.8 MB
2026-03-18 05:27:30 | INFO | [ncluster=280/280] AUC-ROC=78.28%  AUC-PR=65.52%  F1=0.8414  MCC=0.6424  Train=1.014s  Test=2.557s  Peak RAM=101.804 MB
2026-03-18 05:27:30 | INFO | [ncluster=285/285] AUC-ROC=78.31%  AUC-PR=65.55%  F1=0.8425  MCC=0.6449  Train=1.423s  Test=2.235s  Peak RAM=101.805 MB
2026-03-18 05:27:30 | INFO | [ncluster=290/290] AUC-ROC=78.35%  AUC-PR=65.56%  F1=0.8403  MCC=0.6410  Train=0.989s  Test=2.175s  Peak RAM=101.807 MB
2026-03-18 05:27:30 | INFO | [ncluster=295/295] AUC-ROC=78.29%  AUC-PR=65.53%  F1=0.8418  MCC=0.6433  Train=0.873s  Test=2.368s  Peak RAM=101.81 MB
2026-03-18 05:27:30 | INFO | [ncluster=300/300] AUC-ROC=78.24%  AUC-PR=65.49%  F1=0.8411  MCC=0.6419  Train=1.289s  Test=1.885s  Peak RAM=101.812 MB
2026-03-18 05:27:30 | INFO | 
>>> Processing data_N_BaIoT | scaler=Normalizer
2026-03-18 05:27:30 | INFO | --- noise=0% ---
2026-03-18 05:27:30 | INFO | ============================================================
2026-03-18 05:27:30 | INFO | Dataset  : Train_Normalizer_data_N_BaIoT.csv
2026-03-18 05:27:30 | INFO | Scaler   : Normalizer
2026-03-18 05:27:30 | INFO | Noise    : 0%
2026-03-18 05:27:30 | INFO | nClusters: 51 values (50..300)
2026-03-18 05:27:30 | INFO | ============================================================
2026-03-18 05:27:31 | INFO | Loaded Raw Shape -> Train: (30000, 116), Test: (30000, 116)
2026-03-18 05:27:31 | INFO | Training size : 30,000  |  Testing size: 30,000  |  Features: 115
2026-03-18 05:27:31 | INFO | Firing up Parallel execution for 51 cluster configs...
2026-03-18 05:31:53 | INFO | [ncluster=50/50] AUC-ROC=95.87%  AUC-PR=94.13%  F1=0.9260  MCC=0.8489  Train=2.765s  Test=5.112s  Peak RAM=96.86 MB
2026-03-18 05:31:53 | INFO | [ncluster=55/55] AUC-ROC=98.77%  AUC-PR=98.42%  F1=0.9644  MCC=0.9281  Train=4.158s  Test=6.948s  Peak RAM=96.863 MB
2026-03-18 05:31:53 | INFO | [ncluster=60/60] AUC-ROC=98.69%  AUC-PR=98.30%  F1=0.9634  MCC=0.9262  Train=3.596s  Test=6.007s  Peak RAM=96.865 MB
2026-03-18 05:31:53 | INFO | [ncluster=65/65] AUC-ROC=95.35%  AUC-PR=93.28%  F1=0.9188  MCC=0.8336  Train=4.415s  Test=6.685s  Peak RAM=96.867 MB
2026-03-18 05:31:53 | INFO | [ncluster=70/70] AUC-ROC=95.42%  AUC-PR=93.34%  F1=0.9198  MCC=0.8358  Train=5.116s  Test=6.752s  Peak RAM=96.87 MB
2026-03-18 05:31:53 | INFO | [ncluster=75/75] AUC-ROC=94.99%  AUC-PR=92.60%  F1=0.9161  MCC=0.8281  Train=3.879s  Test=7.582s  Peak RAM=96.872 MB
2026-03-18 05:31:53 | INFO | [ncluster=80/80] AUC-ROC=95.16%  AUC-PR=92.91%  F1=0.9174  MCC=0.8308  Train=5.401s  Test=6.659s  Peak RAM=96.874 MB
2026-03-18 05:31:53 | INFO | [ncluster=85/85] AUC-ROC=95.43%  AUC-PR=93.05%  F1=0.9222  MCC=0.8408  Train=5.326s  Test=5.296s  Peak RAM=96.877 MB
2026-03-18 05:31:53 | INFO | [ncluster=90/90] AUC-ROC=94.97%  AUC-PR=92.29%  F1=0.9165  MCC=0.8288  Train=5.213s  Test=6.209s  Peak RAM=96.879 MB
2026-03-18 05:31:53 | INFO | [ncluster=95/95] AUC-ROC=95.30%  AUC-PR=93.11%  F1=0.9196  MCC=0.8353  Train=5.652s  Test=7.270s  Peak RAM=96.88 MB
2026-03-18 05:31:53 | INFO | [ncluster=100/100] AUC-ROC=94.85%  AUC-PR=92.45%  F1=0.9132  MCC=0.8219  Train=4.715s  Test=6.151s  Peak RAM=96.882 MB
2026-03-18 05:31:53 | INFO | [ncluster=105/105] AUC-ROC=94.78%  AUC-PR=91.93%  F1=0.9154  MCC=0.8265  Train=4.597s  Test=4.673s  Peak RAM=96.886 MB
2026-03-18 05:31:53 | INFO | [ncluster=110/110] AUC-ROC=94.64%  AUC-PR=91.81%  F1=0.9135  MCC=0.8225  Train=2.472s  Test=4.606s  Peak RAM=96.887 MB
2026-03-18 05:31:53 | INFO | [ncluster=115/115] AUC-ROC=94.63%  AUC-PR=91.81%  F1=0.9121  MCC=0.8194  Train=3.137s  Test=5.195s  Peak RAM=96.891 MB
2026-03-18 05:31:53 | INFO | [ncluster=120/120] AUC-ROC=94.87%  AUC-PR=92.46%  F1=0.9140  MCC=0.8234  Train=2.919s  Test=5.273s  Peak RAM=96.892 MB
2026-03-18 05:31:53 | INFO | [ncluster=125/125] AUC-ROC=94.69%  AUC-PR=92.08%  F1=0.9116  MCC=0.8184  Train=3.739s  Test=5.357s  Peak RAM=96.894 MB
2026-03-18 05:31:53 | INFO | [ncluster=130/130] AUC-ROC=94.31%  AUC-PR=91.19%  F1=0.9093  MCC=0.8136  Train=3.384s  Test=5.142s  Peak RAM=96.897 MB
2026-03-18 05:31:53 | INFO | [ncluster=135/135] AUC-ROC=95.30%  AUC-PR=92.86%  F1=0.9191  MCC=0.8344  Train=3.783s  Test=4.909s  Peak RAM=96.9 MB
2026-03-18 05:31:53 | INFO | [ncluster=140/140] AUC-ROC=95.92%  AUC-PR=93.70%  F1=0.9271  MCC=0.8510  Train=3.355s  Test=4.714s  Peak RAM=96.901 MB
2026-03-18 05:31:53 | INFO | [ncluster=145/145] AUC-ROC=94.36%  AUC-PR=91.29%  F1=0.9092  MCC=0.8133  Train=3.360s  Test=4.760s  Peak RAM=96.906 MB
2026-03-18 05:31:53 | INFO | [ncluster=150/150] AUC-ROC=95.19%  AUC-PR=92.62%  F1=0.9185  MCC=0.8331  Train=3.168s  Test=5.482s  Peak RAM=96.907 MB
2026-03-18 05:31:53 | INFO | [ncluster=155/155] AUC-ROC=94.18%  AUC-PR=91.10%  F1=0.9065  MCC=0.8078  Train=3.262s  Test=5.019s  Peak RAM=96.908 MB
2026-03-18 05:31:53 | INFO | [ncluster=160/160] AUC-ROC=95.35%  AUC-PR=92.90%  F1=0.9196  MCC=0.8355  Train=3.207s  Test=5.177s  Peak RAM=96.912 MB
2026-03-18 05:31:53 | INFO | [ncluster=165/165] AUC-ROC=95.08%  AUC-PR=92.55%  F1=0.9168  MCC=0.8295  Train=3.271s  Test=5.264s  Peak RAM=96.914 MB
2026-03-18 05:31:53 | INFO | [ncluster=170/170] AUC-ROC=95.14%  AUC-PR=92.56%  F1=0.9172  MCC=0.8303  Train=2.737s  Test=4.323s  Peak RAM=96.915 MB
2026-03-18 05:31:53 | INFO | [ncluster=175/175] AUC-ROC=95.48%  AUC-PR=93.13%  F1=0.9184  MCC=0.8332  Train=2.660s  Test=4.973s  Peak RAM=96.918 MB
2026-03-18 05:31:53 | INFO | [ncluster=180/180] AUC-ROC=95.56%  AUC-PR=93.18%  F1=0.9206  MCC=0.8375  Train=3.001s  Test=4.816s  Peak RAM=96.921 MB
2026-03-18 05:31:53 | INFO | [ncluster=185/185] AUC-ROC=95.41%  AUC-PR=92.95%  F1=0.9205  MCC=0.8375  Train=3.261s  Test=5.794s  Peak RAM=96.922 MB
2026-03-18 05:31:53 | INFO | [ncluster=190/190] AUC-ROC=96.24%  AUC-PR=93.96%  F1=0.9338  MCC=0.8651  Train=3.904s  Test=5.441s  Peak RAM=96.925 MB
2026-03-18 05:31:53 | INFO | [ncluster=195/195] AUC-ROC=94.96%  AUC-PR=92.23%  F1=0.9160  MCC=0.8278  Train=3.692s  Test=4.341s  Peak RAM=96.928 MB
2026-03-18 05:31:53 | INFO | [ncluster=200/200] AUC-ROC=95.25%  AUC-PR=92.64%  F1=0.9192  MCC=0.8346  Train=3.107s  Test=4.528s  Peak RAM=96.93 MB
2026-03-18 05:31:53 | INFO | [ncluster=205/205] AUC-ROC=95.07%  AUC-PR=92.44%  F1=0.9168  MCC=0.8295  Train=3.287s  Test=4.930s  Peak RAM=96.932 MB
2026-03-18 05:31:53 | INFO | [ncluster=210/210] AUC-ROC=95.22%  AUC-PR=92.66%  F1=0.9184  MCC=0.8330  Train=2.890s  Test=5.035s  Peak RAM=96.934 MB
2026-03-18 05:31:53 | INFO | [ncluster=215/215] AUC-ROC=95.37%  AUC-PR=92.96%  F1=0.9192  MCC=0.8346  Train=4.007s  Test=4.894s  Peak RAM=96.936 MB
2026-03-18 05:31:53 | INFO | [ncluster=220/220] AUC-ROC=95.46%  AUC-PR=92.94%  F1=0.9198  MCC=0.8360  Train=2.832s  Test=4.585s  Peak RAM=96.939 MB
2026-03-18 05:31:53 | INFO | [ncluster=225/225] AUC-ROC=95.28%  AUC-PR=92.84%  F1=0.9182  MCC=0.8324  Train=3.419s  Test=4.747s  Peak RAM=96.941 MB
2026-03-18 05:31:53 | INFO | [ncluster=230/230] AUC-ROC=95.96%  AUC-PR=93.54%  F1=0.9299  MCC=0.8569  Train=3.242s  Test=4.221s  Peak RAM=96.943 MB
2026-03-18 05:31:53 | INFO | [ncluster=235/235] AUC-ROC=95.18%  AUC-PR=92.57%  F1=0.9179  MCC=0.8319  Train=3.051s  Test=4.840s  Peak RAM=96.946 MB
2026-03-18 05:31:53 | INFO | [ncluster=240/240] AUC-ROC=95.42%  AUC-PR=92.97%  F1=0.9203  MCC=0.8371  Train=2.977s  Test=5.774s  Peak RAM=96.948 MB
2026-03-18 05:31:53 | INFO | [ncluster=245/245] AUC-ROC=95.03%  AUC-PR=92.25%  F1=0.9167  MCC=0.8294  Train=3.820s  Test=5.778s  Peak RAM=96.95 MB
2026-03-18 05:31:53 | INFO | [ncluster=250/250] AUC-ROC=95.79%  AUC-PR=93.24%  F1=0.9278  MCC=0.8525  Train=4.644s  Test=3.748s  Peak RAM=96.953 MB
2026-03-18 05:31:53 | INFO | [ncluster=255/255] AUC-ROC=96.31%  AUC-PR=94.12%  F1=0.9333  MCC=0.8640  Train=4.031s  Test=4.517s  Peak RAM=96.957 MB
2026-03-18 05:31:53 | INFO | [ncluster=260/260] AUC-ROC=95.93%  AUC-PR=93.44%  F1=0.9301  MCC=0.8573  Train=2.225s  Test=3.044s  Peak RAM=96.959 MB
2026-03-18 05:31:53 | INFO | [ncluster=265/265] AUC-ROC=95.71%  AUC-PR=93.12%  F1=0.9266  MCC=0.8500  Train=2.095s  Test=3.422s  Peak RAM=96.964 MB
2026-03-18 05:31:53 | INFO | [ncluster=270/270] AUC-ROC=95.22%  AUC-PR=92.49%  F1=0.9195  MCC=0.8353  Train=1.552s  Test=3.349s  Peak RAM=96.963 MB
2026-03-18 05:31:53 | INFO | [ncluster=275/275] AUC-ROC=96.56%  AUC-PR=94.84%  F1=0.9328  MCC=0.8631  Train=1.807s  Test=2.565s  Peak RAM=96.964 MB
2026-03-18 05:31:53 | INFO | [ncluster=280/280] AUC-ROC=96.38%  AUC-PR=94.48%  F1=0.9316  MCC=0.8605  Train=1.381s  Test=2.369s  Peak RAM=96.969 MB
2026-03-18 05:31:53 | INFO | [ncluster=285/285] AUC-ROC=95.51%  AUC-PR=93.21%  F1=0.9202  MCC=0.8367  Train=0.943s  Test=2.046s  Peak RAM=96.969 MB
2026-03-18 05:31:53 | INFO | [ncluster=290/290] AUC-ROC=96.27%  AUC-PR=94.37%  F1=0.9301  MCC=0.8574  Train=0.902s  Test=2.079s  Peak RAM=96.971 MB
2026-03-18 05:31:53 | INFO | [ncluster=295/295] AUC-ROC=95.03%  AUC-PR=92.14%  F1=0.9168  MCC=0.8296  Train=1.063s  Test=1.498s  Peak RAM=96.975 MB
2026-03-18 05:31:53 | INFO | [ncluster=300/300] AUC-ROC=95.40%  AUC-PR=92.78%  F1=0.9211  MCC=0.8385  Train=0.828s  Test=1.868s  Peak RAM=96.976 MB
2026-03-18 05:31:53 | INFO | --- noise=1% ---
2026-03-18 05:31:53 | INFO | ============================================================
2026-03-18 05:31:53 | INFO | Dataset  : Train_Normalizer_data_N_BaIoT.csv
2026-03-18 05:31:53 | INFO | Scaler   : Normalizer
2026-03-18 05:31:53 | INFO | Noise    : 1%
2026-03-18 05:31:53 | INFO | nClusters: 51 values (50..300)
2026-03-18 05:31:53 | INFO | ============================================================
2026-03-18 05:31:53 | INFO | Loaded Raw Shape -> Train: (30000, 116), Test: (30000, 116)
2026-03-18 05:31:53 | INFO | Training size : 30,300  |  Testing size: 29,700  |  Features: 115
2026-03-18 05:31:53 | INFO | Firing up Parallel execution for 51 cluster configs...
2026-03-18 05:36:13 | INFO | [ncluster=50/50] AUC-ROC=80.94%  AUC-PR=65.57%  F1=0.8877  MCC=0.7653  Train=2.760s  Test=5.640s  Peak RAM=97.828 MB
2026-03-18 05:36:13 | INFO | [ncluster=55/55] AUC-ROC=80.95%  AUC-PR=65.58%  F1=0.8896  MCC=0.7699  Train=3.156s  Test=6.202s  Peak RAM=97.829 MB
2026-03-18 05:36:13 | INFO | [ncluster=60/60] AUC-ROC=80.95%  AUC-PR=65.58%  F1=0.8893  MCC=0.7691  Train=3.752s  Test=6.092s  Peak RAM=97.832 MB
2026-03-18 05:36:13 | INFO | [ncluster=65/65] AUC-ROC=80.94%  AUC-PR=65.58%  F1=0.8879  MCC=0.7657  Train=4.824s  Test=7.088s  Peak RAM=97.839 MB
2026-03-18 05:36:13 | INFO | [ncluster=70/70] AUC-ROC=80.95%  AUC-PR=65.58%  F1=0.8880  MCC=0.7660  Train=4.866s  Test=8.132s  Peak RAM=97.837 MB
2026-03-18 05:36:13 | INFO | [ncluster=75/75] AUC-ROC=80.91%  AUC-PR=65.56%  F1=0.8882  MCC=0.7665  Train=4.890s  Test=8.193s  Peak RAM=97.84 MB
2026-03-18 05:36:13 | INFO | [ncluster=80/80] AUC-ROC=80.93%  AUC-PR=65.57%  F1=0.8872  MCC=0.7638  Train=5.291s  Test=7.732s  Peak RAM=97.841 MB
2026-03-18 05:36:13 | INFO | [ncluster=85/85] AUC-ROC=80.95%  AUC-PR=65.58%  F1=0.8880  MCC=0.7658  Train=4.993s  Test=6.161s  Peak RAM=97.844 MB
2026-03-18 05:36:13 | INFO | [ncluster=90/90] AUC-ROC=80.93%  AUC-PR=65.57%  F1=0.8874  MCC=0.7642  Train=5.734s  Test=6.068s  Peak RAM=97.846 MB
2026-03-18 05:36:13 | INFO | [ncluster=95/95] AUC-ROC=80.91%  AUC-PR=65.56%  F1=0.8876  MCC=0.7650  Train=5.160s  Test=5.764s  Peak RAM=97.85 MB
2026-03-18 05:36:13 | INFO | [ncluster=100/100] AUC-ROC=80.96%  AUC-PR=65.59%  F1=0.8888  MCC=0.7678  Train=6.823s  Test=6.362s  Peak RAM=97.852 MB
2026-03-18 05:36:13 | INFO | [ncluster=105/105] AUC-ROC=80.92%  AUC-PR=65.56%  F1=0.8875  MCC=0.7647  Train=4.908s  Test=7.190s  Peak RAM=97.854 MB
2026-03-18 05:36:13 | INFO | [ncluster=110/110] AUC-ROC=80.94%  AUC-PR=65.58%  F1=0.8885  MCC=0.7669  Train=2.665s  Test=4.424s  Peak RAM=97.856 MB
2026-03-18 05:36:13 | INFO | [ncluster=115/115] AUC-ROC=80.95%  AUC-PR=65.58%  F1=0.8879  MCC=0.7655  Train=3.452s  Test=4.936s  Peak RAM=97.857 MB
2026-03-18 05:36:13 | INFO | [ncluster=120/120] AUC-ROC=80.92%  AUC-PR=65.57%  F1=0.8871  MCC=0.7637  Train=3.842s  Test=4.933s  Peak RAM=97.863 MB
2026-03-18 05:36:13 | INFO | [ncluster=125/125] AUC-ROC=80.94%  AUC-PR=65.58%  F1=0.8866  MCC=0.7626  Train=3.747s  Test=5.039s  Peak RAM=97.863 MB
2026-03-18 05:36:13 | INFO | [ncluster=130/130] AUC-ROC=80.96%  AUC-PR=65.59%  F1=0.8888  MCC=0.7674  Train=4.056s  Test=5.728s  Peak RAM=97.865 MB
2026-03-18 05:36:13 | INFO | [ncluster=135/135] AUC-ROC=80.98%  AUC-PR=65.61%  F1=0.8902  MCC=0.7707  Train=4.842s  Test=5.483s  Peak RAM=97.867 MB
2026-03-18 05:36:13 | INFO | [ncluster=140/140] AUC-ROC=80.94%  AUC-PR=65.58%  F1=0.8866  MCC=0.7624  Train=4.036s  Test=5.399s  Peak RAM=97.87 MB
2026-03-18 05:36:13 | INFO | [ncluster=145/145] AUC-ROC=80.98%  AUC-PR=65.61%  F1=0.8903  MCC=0.7708  Train=4.209s  Test=4.878s  Peak RAM=97.871 MB
2026-03-18 05:36:13 | INFO | [ncluster=150/150] AUC-ROC=80.97%  AUC-PR=65.60%  F1=0.8888  MCC=0.7674  Train=2.930s  Test=5.479s  Peak RAM=97.875 MB
2026-03-18 05:36:13 | INFO | [ncluster=155/155] AUC-ROC=80.96%  AUC-PR=65.60%  F1=0.8880  MCC=0.7655  Train=3.277s  Test=5.039s  Peak RAM=97.876 MB
2026-03-18 05:36:13 | INFO | [ncluster=160/160] AUC-ROC=81.01%  AUC-PR=65.63%  F1=0.8901  MCC=0.7702  Train=4.732s  Test=5.445s  Peak RAM=97.881 MB
2026-03-18 05:36:13 | INFO | [ncluster=165/165] AUC-ROC=81.01%  AUC-PR=65.63%  F1=0.8908  MCC=0.7719  Train=4.245s  Test=4.382s  Peak RAM=97.887 MB
2026-03-18 05:36:13 | INFO | [ncluster=170/170] AUC-ROC=80.97%  AUC-PR=65.61%  F1=0.8889  MCC=0.7677  Train=2.897s  Test=4.619s  Peak RAM=97.884 MB
2026-03-18 05:36:13 | INFO | [ncluster=175/175] AUC-ROC=80.94%  AUC-PR=65.59%  F1=0.8882  MCC=0.7662  Train=2.751s  Test=5.396s  Peak RAM=97.885 MB
2026-03-18 05:36:13 | INFO | [ncluster=180/180] AUC-ROC=80.99%  AUC-PR=65.62%  F1=0.8902  MCC=0.7706  Train=2.640s  Test=4.870s  Peak RAM=97.888 MB
2026-03-18 05:36:13 | INFO | [ncluster=185/185] AUC-ROC=80.98%  AUC-PR=65.62%  F1=0.8896  MCC=0.7693  Train=3.658s  Test=4.346s  Peak RAM=97.892 MB
2026-03-18 05:36:13 | INFO | [ncluster=190/190] AUC-ROC=81.00%  AUC-PR=65.62%  F1=0.8904  MCC=0.7711  Train=3.624s  Test=4.409s  Peak RAM=97.893 MB
2026-03-18 05:36:13 | INFO | [ncluster=195/195] AUC-ROC=80.99%  AUC-PR=65.62%  F1=0.8896  MCC=0.7692  Train=3.006s  Test=4.965s  Peak RAM=97.894 MB
2026-03-18 05:36:13 | INFO | [ncluster=200/200] AUC-ROC=80.98%  AUC-PR=65.62%  F1=0.8891  MCC=0.7681  Train=3.371s  Test=4.722s  Peak RAM=97.896 MB
2026-03-18 05:36:13 | INFO | [ncluster=205/205] AUC-ROC=80.97%  AUC-PR=65.60%  F1=0.8887  MCC=0.7673  Train=3.558s  Test=4.712s  Peak RAM=97.899 MB
2026-03-18 05:36:13 | INFO | [ncluster=210/210] AUC-ROC=81.00%  AUC-PR=65.63%  F1=0.8898  MCC=0.7696  Train=3.226s  Test=4.453s  Peak RAM=97.903 MB
2026-03-18 05:36:13 | INFO | [ncluster=215/215] AUC-ROC=80.96%  AUC-PR=65.60%  F1=0.8887  MCC=0.7670  Train=2.610s  Test=4.894s  Peak RAM=97.904 MB
2026-03-18 05:36:13 | INFO | [ncluster=220/220] AUC-ROC=80.97%  AUC-PR=65.61%  F1=0.8896  MCC=0.7695  Train=3.960s  Test=4.852s  Peak RAM=97.905 MB
2026-03-18 05:36:13 | INFO | [ncluster=225/225] AUC-ROC=80.95%  AUC-PR=65.59%  F1=0.8884  MCC=0.7665  Train=2.893s  Test=4.850s  Peak RAM=97.91 MB
2026-03-18 05:36:13 | INFO | [ncluster=230/230] AUC-ROC=81.00%  AUC-PR=65.63%  F1=0.8897  MCC=0.7694  Train=2.459s  Test=4.951s  Peak RAM=97.91 MB
2026-03-18 05:36:13 | INFO | [ncluster=235/235] AUC-ROC=81.00%  AUC-PR=65.63%  F1=0.8899  MCC=0.7699  Train=2.903s  Test=4.396s  Peak RAM=97.914 MB
2026-03-18 05:36:13 | INFO | [ncluster=240/240] AUC-ROC=81.01%  AUC-PR=65.63%  F1=0.8896  MCC=0.7690  Train=2.286s  Test=5.304s  Peak RAM=97.916 MB
2026-03-18 05:36:13 | INFO | [ncluster=245/245] AUC-ROC=81.01%  AUC-PR=65.63%  F1=0.8905  MCC=0.7712  Train=4.148s  Test=5.646s  Peak RAM=97.919 MB
2026-03-18 05:36:13 | INFO | [ncluster=250/250] AUC-ROC=80.94%  AUC-PR=65.59%  F1=0.8879  MCC=0.7653  Train=2.565s  Test=5.486s  Peak RAM=97.92 MB
2026-03-18 05:36:13 | INFO | [ncluster=255/255] AUC-ROC=80.96%  AUC-PR=65.60%  F1=0.8889  MCC=0.7675  Train=2.137s  Test=2.907s  Peak RAM=97.922 MB
2026-03-18 05:36:13 | INFO | [ncluster=260/260] AUC-ROC=80.99%  AUC-PR=65.61%  F1=0.8888  MCC=0.7672  Train=3.707s  Test=5.130s  Peak RAM=97.925 MB
2026-03-18 05:36:13 | INFO | [ncluster=265/265] AUC-ROC=81.01%  AUC-PR=65.62%  F1=0.8887  MCC=0.7671  Train=1.903s  Test=3.157s  Peak RAM=97.927 MB
2026-03-18 05:36:13 | INFO | [ncluster=270/270] AUC-ROC=80.99%  AUC-PR=65.62%  F1=0.8895  MCC=0.7689  Train=2.149s  Test=3.237s  Peak RAM=97.929 MB
2026-03-18 05:36:13 | INFO | [ncluster=275/275] AUC-ROC=80.98%  AUC-PR=65.62%  F1=0.8885  MCC=0.7667  Train=1.805s  Test=2.233s  Peak RAM=97.932 MB
2026-03-18 05:36:13 | INFO | [ncluster=280/280] AUC-ROC=80.99%  AUC-PR=65.62%  F1=0.8908  MCC=0.7719  Train=1.269s  Test=2.503s  Peak RAM=97.933 MB
2026-03-18 05:36:13 | INFO | [ncluster=285/285] AUC-ROC=80.99%  AUC-PR=65.62%  F1=0.8891  MCC=0.7680  Train=0.950s  Test=2.175s  Peak RAM=97.938 MB
2026-03-18 05:36:13 | INFO | [ncluster=290/290] AUC-ROC=81.01%  AUC-PR=65.62%  F1=0.8892  MCC=0.7685  Train=1.056s  Test=1.960s  Peak RAM=97.939 MB
2026-03-18 05:36:13 | INFO | [ncluster=295/295] AUC-ROC=81.00%  AUC-PR=65.62%  F1=0.8880  MCC=0.7654  Train=0.844s  Test=1.652s  Peak RAM=97.94 MB
2026-03-18 05:36:13 | INFO | [ncluster=300/300] AUC-ROC=81.03%  AUC-PR=65.64%  F1=0.8900  MCC=0.7700  Train=0.826s  Test=1.681s  Peak RAM=97.943 MB
2026-03-18 05:36:13 | INFO | --- noise=3% ---
2026-03-18 05:36:13 | INFO | ============================================================
2026-03-18 05:36:13 | INFO | Dataset  : Train_Normalizer_data_N_BaIoT.csv
2026-03-18 05:36:13 | INFO | Scaler   : Normalizer
2026-03-18 05:36:13 | INFO | Noise    : 3%
2026-03-18 05:36:13 | INFO | nClusters: 51 values (50..300)
2026-03-18 05:36:13 | INFO | ============================================================
2026-03-18 05:36:13 | INFO | Loaded Raw Shape -> Train: (30000, 116), Test: (30000, 116)
2026-03-18 05:36:13 | INFO | Training size : 30,900  |  Testing size: 29,100  |  Features: 115
2026-03-18 05:36:13 | INFO | Firing up Parallel execution for 51 cluster configs...
2026-03-18 05:40:43 | INFO | [ncluster=50/50] AUC-ROC=80.08%  AUC-PR=65.84%  F1=0.8721  MCC=0.7235  Train=2.795s  Test=5.701s  Peak RAM=99.761 MB
2026-03-18 05:40:43 | INFO | [ncluster=55/55] AUC-ROC=80.08%  AUC-PR=65.84%  F1=0.8723  MCC=0.7239  Train=2.955s  Test=6.675s  Peak RAM=99.764 MB
2026-03-18 05:40:43 | INFO | [ncluster=60/60] AUC-ROC=80.10%  AUC-PR=65.86%  F1=0.8728  MCC=0.7251  Train=4.892s  Test=7.671s  Peak RAM=99.767 MB
2026-03-18 05:40:43 | INFO | [ncluster=65/65] AUC-ROC=80.08%  AUC-PR=65.85%  F1=0.8728  MCC=0.7249  Train=3.861s  Test=7.011s  Peak RAM=99.768 MB
2026-03-18 05:40:43 | INFO | [ncluster=70/70] AUC-ROC=80.09%  AUC-PR=65.86%  F1=0.8725  MCC=0.7244  Train=5.492s  Test=7.415s  Peak RAM=99.771 MB
2026-03-18 05:40:43 | INFO | [ncluster=75/75] AUC-ROC=80.09%  AUC-PR=65.85%  F1=0.8728  MCC=0.7251  Train=5.470s  Test=7.277s  Peak RAM=99.774 MB
2026-03-18 05:40:43 | INFO | [ncluster=80/80] AUC-ROC=80.12%  AUC-PR=65.87%  F1=0.8731  MCC=0.7256  Train=4.663s  Test=5.977s  Peak RAM=99.776 MB
2026-03-18 05:40:43 | INFO | [ncluster=85/85] AUC-ROC=80.13%  AUC-PR=65.87%  F1=0.8728  MCC=0.7252  Train=5.711s  Test=8.126s  Peak RAM=99.778 MB
2026-03-18 05:40:43 | INFO | [ncluster=90/90] AUC-ROC=80.21%  AUC-PR=65.94%  F1=0.8735  MCC=0.7268  Train=6.124s  Test=8.059s  Peak RAM=99.78 MB
2026-03-18 05:40:43 | INFO | [ncluster=95/95] AUC-ROC=80.04%  AUC-PR=65.82%  F1=0.8712  MCC=0.7216  Train=3.884s  Test=5.680s  Peak RAM=99.782 MB
2026-03-18 05:40:43 | INFO | [ncluster=100/100] AUC-ROC=80.08%  AUC-PR=65.84%  F1=0.8724  MCC=0.7243  Train=6.757s  Test=4.786s  Peak RAM=99.786 MB
2026-03-18 05:40:43 | INFO | [ncluster=105/105] AUC-ROC=80.22%  AUC-PR=65.95%  F1=0.8750  MCC=0.7299  Train=4.333s  Test=7.335s  Peak RAM=99.787 MB
2026-03-18 05:40:43 | INFO | [ncluster=110/110] AUC-ROC=80.22%  AUC-PR=65.95%  F1=0.8747  MCC=0.7294  Train=3.500s  Test=4.890s  Peak RAM=99.79 MB
2026-03-18 05:40:43 | INFO | [ncluster=115/115] AUC-ROC=80.24%  AUC-PR=65.97%  F1=0.8736  MCC=0.7270  Train=3.342s  Test=4.700s  Peak RAM=99.792 MB
2026-03-18 05:40:43 | INFO | [ncluster=120/120] AUC-ROC=80.26%  AUC-PR=65.99%  F1=0.8763  MCC=0.7330  Train=2.966s  Test=4.447s  Peak RAM=99.793 MB
2026-03-18 05:40:43 | INFO | [ncluster=125/125] AUC-ROC=80.30%  AUC-PR=66.01%  F1=0.8774  MCC=0.7355  Train=2.761s  Test=5.135s  Peak RAM=99.796 MB
2026-03-18 05:40:43 | INFO | [ncluster=130/130] AUC-ROC=80.27%  AUC-PR=65.99%  F1=0.8749  MCC=0.7299  Train=2.967s  Test=6.083s  Peak RAM=99.799 MB
2026-03-18 05:40:43 | INFO | [ncluster=135/135] AUC-ROC=80.29%  AUC-PR=66.00%  F1=0.8759  MCC=0.7321  Train=2.156s  Test=5.092s  Peak RAM=99.801 MB
2026-03-18 05:40:43 | INFO | [ncluster=140/140] AUC-ROC=80.35%  AUC-PR=66.04%  F1=0.8778  MCC=0.7364  Train=4.545s  Test=5.398s  Peak RAM=99.803 MB
2026-03-18 05:40:43 | INFO | [ncluster=145/145] AUC-ROC=80.26%  AUC-PR=65.98%  F1=0.8758  MCC=0.7318  Train=3.820s  Test=5.477s  Peak RAM=99.805 MB
2026-03-18 05:40:43 | INFO | [ncluster=150/150] AUC-ROC=80.20%  AUC-PR=65.94%  F1=0.8736  MCC=0.7271  Train=3.968s  Test=6.473s  Peak RAM=99.808 MB
2026-03-18 05:40:43 | INFO | [ncluster=155/155] AUC-ROC=80.19%  AUC-PR=65.93%  F1=0.8730  MCC=0.7257  Train=3.835s  Test=5.487s  Peak RAM=99.81 MB
2026-03-18 05:40:43 | INFO | [ncluster=160/160] AUC-ROC=80.23%  AUC-PR=65.95%  F1=0.8744  MCC=0.7287  Train=4.026s  Test=5.816s  Peak RAM=99.813 MB
2026-03-18 05:40:43 | INFO | [ncluster=165/165] AUC-ROC=80.17%  AUC-PR=65.92%  F1=0.8737  MCC=0.7272  Train=2.808s  Test=4.558s  Peak RAM=99.815 MB
2026-03-18 05:40:43 | INFO | [ncluster=170/170] AUC-ROC=80.31%  AUC-PR=66.03%  F1=0.8760  MCC=0.7324  Train=2.607s  Test=5.104s  Peak RAM=99.816 MB
2026-03-18 05:40:43 | INFO | [ncluster=175/175] AUC-ROC=80.29%  AUC-PR=66.00%  F1=0.8753  MCC=0.7310  Train=3.646s  Test=4.806s  Peak RAM=99.819 MB
2026-03-18 05:40:43 | INFO | [ncluster=180/180] AUC-ROC=80.32%  AUC-PR=66.04%  F1=0.8776  MCC=0.7359  Train=3.559s  Test=4.166s  Peak RAM=99.821 MB
2026-03-18 05:40:43 | INFO | [ncluster=185/185] AUC-ROC=80.37%  AUC-PR=66.05%  F1=0.8782  MCC=0.7374  Train=3.358s  Test=4.897s  Peak RAM=99.825 MB
2026-03-18 05:40:43 | INFO | [ncluster=190/190] AUC-ROC=80.34%  AUC-PR=66.05%  F1=0.8785  MCC=0.7380  Train=2.987s  Test=4.358s  Peak RAM=99.827 MB
2026-03-18 05:40:43 | INFO | [ncluster=195/195] AUC-ROC=80.33%  AUC-PR=66.04%  F1=0.8773  MCC=0.7353  Train=2.626s  Test=5.398s  Peak RAM=99.83 MB
2026-03-18 05:40:43 | INFO | [ncluster=200/200] AUC-ROC=80.33%  AUC-PR=66.02%  F1=0.8759  MCC=0.7323  Train=2.791s  Test=5.817s  Peak RAM=99.832 MB
2026-03-18 05:40:43 | INFO | [ncluster=205/205] AUC-ROC=80.32%  AUC-PR=66.03%  F1=0.8770  MCC=0.7346  Train=3.870s  Test=5.149s  Peak RAM=99.833 MB
2026-03-18 05:40:43 | INFO | [ncluster=210/210] AUC-ROC=80.24%  AUC-PR=65.97%  F1=0.8734  MCC=0.7265  Train=3.682s  Test=4.085s  Peak RAM=99.836 MB
2026-03-18 05:40:43 | INFO | [ncluster=215/215] AUC-ROC=80.34%  AUC-PR=66.05%  F1=0.8781  MCC=0.7372  Train=3.718s  Test=5.736s  Peak RAM=99.839 MB
2026-03-18 05:40:43 | INFO | [ncluster=220/220] AUC-ROC=80.23%  AUC-PR=65.98%  F1=0.8757  MCC=0.7316  Train=3.519s  Test=5.464s  Peak RAM=99.841 MB
2026-03-18 05:40:43 | INFO | [ncluster=225/225] AUC-ROC=80.42%  AUC-PR=66.08%  F1=0.8789  MCC=0.7390  Train=2.615s  Test=5.184s  Peak RAM=99.843 MB
2026-03-18 05:40:43 | INFO | [ncluster=230/230] AUC-ROC=80.30%  AUC-PR=66.02%  F1=0.8769  MCC=0.7345  Train=3.573s  Test=3.845s  Peak RAM=99.845 MB
2026-03-18 05:40:43 | INFO | [ncluster=235/235] AUC-ROC=80.37%  AUC-PR=66.05%  F1=0.8771  MCC=0.7350  Train=2.907s  Test=5.219s  Peak RAM=99.847 MB
2026-03-18 05:40:43 | INFO | [ncluster=240/240] AUC-ROC=80.33%  AUC-PR=66.04%  F1=0.8782  MCC=0.7372  Train=2.961s  Test=5.606s  Peak RAM=99.848 MB
2026-03-18 05:40:43 | INFO | [ncluster=245/245] AUC-ROC=80.39%  AUC-PR=66.07%  F1=0.8781  MCC=0.7372  Train=2.629s  Test=5.564s  Peak RAM=99.853 MB
2026-03-18 05:40:43 | INFO | [ncluster=250/250] AUC-ROC=80.32%  AUC-PR=66.03%  F1=0.8770  MCC=0.7346  Train=2.489s  Test=3.586s  Peak RAM=99.854 MB
2026-03-18 05:40:43 | INFO | [ncluster=255/255] AUC-ROC=80.39%  AUC-PR=66.08%  F1=0.8799  MCC=0.7413  Train=2.771s  Test=4.177s  Peak RAM=99.857 MB
2026-03-18 05:40:43 | INFO | [ncluster=260/260] AUC-ROC=80.38%  AUC-PR=66.07%  F1=0.8786  MCC=0.7383  Train=3.220s  Test=3.322s  Peak RAM=99.859 MB
2026-03-18 05:40:43 | INFO | [ncluster=265/265] AUC-ROC=80.40%  AUC-PR=66.08%  F1=0.8797  MCC=0.7409  Train=2.620s  Test=2.751s  Peak RAM=99.861 MB
2026-03-18 05:40:43 | INFO | [ncluster=270/270] AUC-ROC=80.38%  AUC-PR=66.06%  F1=0.8789  MCC=0.7390  Train=2.280s  Test=2.992s  Peak RAM=99.863 MB
2026-03-18 05:40:43 | INFO | [ncluster=275/275] AUC-ROC=80.40%  AUC-PR=66.08%  F1=0.8789  MCC=0.7390  Train=1.581s  Test=2.933s  Peak RAM=99.865 MB
2026-03-18 05:40:43 | INFO | [ncluster=280/280] AUC-ROC=80.42%  AUC-PR=66.09%  F1=0.8781  MCC=0.7373  Train=1.317s  Test=2.461s  Peak RAM=99.868 MB
2026-03-18 05:40:43 | INFO | [ncluster=285/285] AUC-ROC=80.36%  AUC-PR=66.05%  F1=0.8782  MCC=0.7374  Train=0.985s  Test=1.975s  Peak RAM=99.871 MB
2026-03-18 05:40:43 | INFO | [ncluster=290/290] AUC-ROC=80.39%  AUC-PR=66.07%  F1=0.8790  MCC=0.7392  Train=0.871s  Test=2.003s  Peak RAM=99.873 MB
2026-03-18 05:40:43 | INFO | [ncluster=295/295] AUC-ROC=80.36%  AUC-PR=66.05%  F1=0.8763  MCC=0.7332  Train=0.857s  Test=1.785s  Peak RAM=99.874 MB
2026-03-18 05:40:43 | INFO | [ncluster=300/300] AUC-ROC=80.37%  AUC-PR=66.05%  F1=0.8773  MCC=0.7353  Train=0.831s  Test=1.723s  Peak RAM=99.878 MB
2026-03-18 05:40:43 | INFO | --- noise=5% ---
2026-03-18 05:40:43 | INFO | ============================================================
2026-03-18 05:40:43 | INFO | Dataset  : Train_Normalizer_data_N_BaIoT.csv
2026-03-18 05:40:43 | INFO | Scaler   : Normalizer
2026-03-18 05:40:43 | INFO | Noise    : 5%
2026-03-18 05:40:43 | INFO | nClusters: 51 values (50..300)
2026-03-18 05:40:43 | INFO | ============================================================
2026-03-18 05:40:43 | INFO | Loaded Raw Shape -> Train: (30000, 116), Test: (30000, 116)
2026-03-18 05:40:43 | INFO | Training size : 31,500  |  Testing size: 28,500  |  Features: 115
2026-03-18 05:40:43 | INFO | Firing up Parallel execution for 51 cluster configs...
2026-03-18 05:45:18 | INFO | [ncluster=50/50] AUC-ROC=79.48%  AUC-PR=66.35%  F1=0.8638  MCC=0.6973  Train=2.757s  Test=6.013s  Peak RAM=101.696 MB
2026-03-18 05:45:18 | INFO | [ncluster=55/55] AUC-ROC=79.49%  AUC-PR=66.35%  F1=0.8641  MCC=0.6981  Train=3.737s  Test=6.685s  Peak RAM=101.698 MB
2026-03-18 05:45:18 | INFO | [ncluster=60/60] AUC-ROC=79.51%  AUC-PR=66.36%  F1=0.8642  MCC=0.6982  Train=5.192s  Test=8.735s  Peak RAM=101.702 MB
2026-03-18 05:45:18 | INFO | [ncluster=65/65] AUC-ROC=79.51%  AUC-PR=66.36%  F1=0.8650  MCC=0.7001  Train=2.848s  Test=5.778s  Peak RAM=101.703 MB
2026-03-18 05:45:18 | INFO | [ncluster=70/70] AUC-ROC=79.48%  AUC-PR=66.34%  F1=0.8636  MCC=0.6968  Train=4.881s  Test=8.437s  Peak RAM=101.705 MB
2026-03-18 05:45:18 | INFO | [ncluster=75/75] AUC-ROC=79.43%  AUC-PR=66.33%  F1=0.8631  MCC=0.6962  Train=4.619s  Test=6.738s  Peak RAM=101.708 MB
2026-03-18 05:45:18 | INFO | [ncluster=80/80] AUC-ROC=79.48%  AUC-PR=66.34%  F1=0.8639  MCC=0.6977  Train=5.514s  Test=8.994s  Peak RAM=101.71 MB
2026-03-18 05:45:18 | INFO | [ncluster=85/85] AUC-ROC=79.51%  AUC-PR=66.37%  F1=0.8644  MCC=0.6989  Train=4.839s  Test=7.020s  Peak RAM=101.713 MB
2026-03-18 05:45:18 | INFO | [ncluster=90/90] AUC-ROC=79.70%  AUC-PR=66.49%  F1=0.8666  MCC=0.7044  Train=6.387s  Test=6.912s  Peak RAM=101.715 MB
2026-03-18 05:45:18 | INFO | [ncluster=95/95] AUC-ROC=79.46%  AUC-PR=66.34%  F1=0.8636  MCC=0.6970  Train=5.411s  Test=6.286s  Peak RAM=101.716 MB
2026-03-18 05:45:18 | INFO | [ncluster=100/100] AUC-ROC=79.67%  AUC-PR=66.47%  F1=0.8658  MCC=0.7027  Train=6.180s  Test=5.768s  Peak RAM=101.718 MB
2026-03-18 05:45:18 | INFO | [ncluster=105/105] AUC-ROC=79.48%  AUC-PR=66.35%  F1=0.8642  MCC=0.6983  Train=5.130s  Test=6.085s  Peak RAM=101.721 MB
2026-03-18 05:45:18 | INFO | [ncluster=110/110] AUC-ROC=79.64%  AUC-PR=66.46%  F1=0.8661  MCC=0.7031  Train=3.279s  Test=5.666s  Peak RAM=101.724 MB
2026-03-18 05:45:18 | INFO | [ncluster=115/115] AUC-ROC=79.55%  AUC-PR=66.39%  F1=0.8641  MCC=0.6988  Train=2.914s  Test=5.157s  Peak RAM=101.726 MB
2026-03-18 05:45:18 | INFO | [ncluster=120/120] AUC-ROC=79.72%  AUC-PR=66.52%  F1=0.8673  MCC=0.7061  Train=3.373s  Test=5.206s  Peak RAM=101.729 MB
2026-03-18 05:45:18 | INFO | [ncluster=125/125] AUC-ROC=79.77%  AUC-PR=66.54%  F1=0.8680  MCC=0.7073  Train=3.611s  Test=4.786s  Peak RAM=101.731 MB
2026-03-18 05:45:18 | INFO | [ncluster=130/130] AUC-ROC=79.73%  AUC-PR=66.53%  F1=0.8677  MCC=0.7068  Train=3.960s  Test=6.804s  Peak RAM=101.733 MB
2026-03-18 05:45:18 | INFO | [ncluster=135/135] AUC-ROC=79.85%  AUC-PR=66.60%  F1=0.8699  MCC=0.7116  Train=4.297s  Test=6.168s  Peak RAM=101.737 MB
2026-03-18 05:45:18 | INFO | [ncluster=140/140] AUC-ROC=79.75%  AUC-PR=66.53%  F1=0.8677  MCC=0.7067  Train=3.350s  Test=6.005s  Peak RAM=101.738 MB
2026-03-18 05:45:18 | INFO | [ncluster=145/145] AUC-ROC=79.93%  AUC-PR=66.64%  F1=0.8705  MCC=0.7132  Train=5.247s  Test=4.875s  Peak RAM=101.741 MB
2026-03-18 05:45:18 | INFO | [ncluster=150/150] AUC-ROC=79.68%  AUC-PR=66.50%  F1=0.8678  MCC=0.7067  Train=4.123s  Test=6.056s  Peak RAM=101.742 MB
2026-03-18 05:45:18 | INFO | [ncluster=155/155] AUC-ROC=79.69%  AUC-PR=66.50%  F1=0.8680  MCC=0.7071  Train=4.108s  Test=5.166s  Peak RAM=101.745 MB
2026-03-18 05:45:18 | INFO | [ncluster=160/160] AUC-ROC=79.68%  AUC-PR=66.50%  F1=0.8671  MCC=0.7056  Train=3.324s  Test=4.911s  Peak RAM=101.746 MB
2026-03-18 05:45:18 | INFO | [ncluster=165/165] AUC-ROC=79.79%  AUC-PR=66.57%  F1=0.8683  MCC=0.7079  Train=3.955s  Test=4.750s  Peak RAM=101.749 MB
2026-03-18 05:45:18 | INFO | [ncluster=170/170] AUC-ROC=79.92%  AUC-PR=66.64%  F1=0.8727  MCC=0.7179  Train=2.985s  Test=4.676s  Peak RAM=101.752 MB
2026-03-18 05:45:18 | INFO | [ncluster=175/175] AUC-ROC=79.84%  AUC-PR=66.59%  F1=0.8695  MCC=0.7106  Train=3.598s  Test=4.980s  Peak RAM=101.754 MB
2026-03-18 05:45:18 | INFO | [ncluster=180/180] AUC-ROC=79.88%  AUC-PR=66.62%  F1=0.8701  MCC=0.7124  Train=3.741s  Test=5.470s  Peak RAM=101.756 MB
2026-03-18 05:45:18 | INFO | [ncluster=185/185] AUC-ROC=79.92%  AUC-PR=66.65%  F1=0.8715  MCC=0.7154  Train=2.418s  Test=5.624s  Peak RAM=101.758 MB
2026-03-18 05:45:18 | INFO | [ncluster=190/190] AUC-ROC=79.83%  AUC-PR=66.59%  F1=0.8699  MCC=0.7111  Train=3.349s  Test=4.703s  Peak RAM=101.761 MB
2026-03-18 05:45:18 | INFO | [ncluster=195/195] AUC-ROC=79.99%  AUC-PR=66.69%  F1=0.8726  MCC=0.7177  Train=2.628s  Test=5.534s  Peak RAM=101.763 MB
2026-03-18 05:45:18 | INFO | [ncluster=200/200] AUC-ROC=79.90%  AUC-PR=66.63%  F1=0.8709  MCC=0.7138  Train=3.451s  Test=4.809s  Peak RAM=101.767 MB
2026-03-18 05:45:18 | INFO | [ncluster=205/205] AUC-ROC=79.89%  AUC-PR=66.63%  F1=0.8713  MCC=0.7146  Train=3.845s  Test=5.417s  Peak RAM=101.769 MB
2026-03-18 05:45:18 | INFO | [ncluster=210/210] AUC-ROC=79.74%  AUC-PR=66.55%  F1=0.8677  MCC=0.7070  Train=4.441s  Test=4.578s  Peak RAM=101.77 MB
2026-03-18 05:45:18 | INFO | [ncluster=215/215] AUC-ROC=79.98%  AUC-PR=66.68%  F1=0.8705  MCC=0.7137  Train=3.498s  Test=4.395s  Peak RAM=101.772 MB
2026-03-18 05:45:18 | INFO | [ncluster=220/220] AUC-ROC=79.84%  AUC-PR=66.60%  F1=0.8698  MCC=0.7115  Train=3.131s  Test=5.257s  Peak RAM=101.776 MB
2026-03-18 05:45:18 | INFO | [ncluster=225/225] AUC-ROC=79.95%  AUC-PR=66.67%  F1=0.8709  MCC=0.7142  Train=2.918s  Test=5.179s  Peak RAM=101.777 MB
2026-03-18 05:45:18 | INFO | [ncluster=230/230] AUC-ROC=79.95%  AUC-PR=66.66%  F1=0.8701  MCC=0.7125  Train=2.929s  Test=4.522s  Peak RAM=101.78 MB
2026-03-18 05:45:18 | INFO | [ncluster=235/235] AUC-ROC=79.89%  AUC-PR=66.63%  F1=0.8716  MCC=0.7155  Train=2.628s  Test=4.989s  Peak RAM=101.782 MB
2026-03-18 05:45:18 | INFO | [ncluster=240/240] AUC-ROC=79.85%  AUC-PR=66.60%  F1=0.8688  MCC=0.7095  Train=3.273s  Test=6.032s  Peak RAM=101.785 MB
2026-03-18 05:45:18 | INFO | [ncluster=245/245] AUC-ROC=79.90%  AUC-PR=66.64%  F1=0.8715  MCC=0.7151  Train=3.579s  Test=6.011s  Peak RAM=101.787 MB
2026-03-18 05:45:18 | INFO | [ncluster=250/250] AUC-ROC=79.90%  AUC-PR=66.63%  F1=0.8692  MCC=0.7106  Train=4.916s  Test=5.658s  Peak RAM=101.789 MB
2026-03-18 05:45:18 | INFO | [ncluster=255/255] AUC-ROC=79.90%  AUC-PR=66.64%  F1=0.8718  MCC=0.7158  Train=5.162s  Test=4.980s  Peak RAM=101.791 MB
2026-03-18 05:45:18 | INFO | [ncluster=260/260] AUC-ROC=79.90%  AUC-PR=66.64%  F1=0.8710  MCC=0.7141  Train=2.433s  Test=3.882s  Peak RAM=101.793 MB
2026-03-18 05:45:18 | INFO | [ncluster=265/265] AUC-ROC=79.92%  AUC-PR=66.65%  F1=0.8717  MCC=0.7157  Train=2.593s  Test=3.960s  Peak RAM=101.797 MB
2026-03-18 05:45:18 | INFO | [ncluster=270/270] AUC-ROC=79.91%  AUC-PR=66.64%  F1=0.8714  MCC=0.7150  Train=2.427s  Test=2.533s  Peak RAM=101.797 MB
2026-03-18 05:45:18 | INFO | [ncluster=275/275] AUC-ROC=79.96%  AUC-PR=66.67%  F1=0.8716  MCC=0.7155  Train=1.305s  Test=2.532s  Peak RAM=101.8 MB
2026-03-18 05:45:18 | INFO | [ncluster=280/280] AUC-ROC=79.92%  AUC-PR=66.65%  F1=0.8698  MCC=0.7120  Train=1.412s  Test=2.704s  Peak RAM=101.803 MB
2026-03-18 05:45:18 | INFO | [ncluster=285/285] AUC-ROC=79.87%  AUC-PR=66.62%  F1=0.8705  MCC=0.7129  Train=1.181s  Test=2.701s  Peak RAM=101.805 MB
2026-03-18 05:45:18 | INFO | [ncluster=290/290] AUC-ROC=79.94%  AUC-PR=66.66%  F1=0.8721  MCC=0.7167  Train=0.993s  Test=2.008s  Peak RAM=101.808 MB
2026-03-18 05:45:18 | INFO | [ncluster=295/295] AUC-ROC=80.00%  AUC-PR=66.69%  F1=0.8721  MCC=0.7167  Train=0.881s  Test=1.888s  Peak RAM=101.809 MB
2026-03-18 05:45:18 | INFO | [ncluster=300/300] AUC-ROC=79.88%  AUC-PR=66.63%  F1=0.8708  MCC=0.7136  Train=0.841s  Test=1.789s  Peak RAM=101.813 MB
2026-03-18 05:45:18 | INFO | 
>>> Processing data_N_BaIoT | scaler=QuantileTransformer
2026-03-18 05:45:18 | INFO | --- noise=0% ---
2026-03-18 05:45:18 | INFO | ============================================================
2026-03-18 05:45:18 | INFO | Dataset  : Train_QuantileTransformer_data_N_BaIoT.csv
2026-03-18 05:45:18 | INFO | Scaler   : QuantileTransformer
2026-03-18 05:45:18 | INFO | Noise    : 0%
2026-03-18 05:45:18 | INFO | nClusters: 51 values (50..300)
2026-03-18 05:45:18 | INFO | ============================================================
2026-03-18 05:45:19 | INFO | Loaded Raw Shape -> Train: (30000, 116), Test: (30000, 116)
2026-03-18 05:45:19 | INFO | Training size : 30,000  |  Testing size: 30,000  |  Features: 115
2026-03-18 05:45:19 | INFO | Firing up Parallel execution for 51 cluster configs...
2026-03-18 05:50:02 | INFO | [ncluster=50/50] AUC-ROC=59.27%  AUC-PR=52.55%  F1=0.6263  MCC=0.2358  Train=2.493s  Test=10.263s  Peak RAM=96.861 MB
2026-03-18 05:50:02 | INFO | [ncluster=55/55] AUC-ROC=59.85%  AUC-PR=53.04%  F1=0.6321  MCC=0.2439  Train=3.079s  Test=13.614s  Peak RAM=96.862 MB
2026-03-18 05:50:02 | INFO | [ncluster=60/60] AUC-ROC=61.23%  AUC-PR=53.72%  F1=0.6468  MCC=0.2685  Train=5.406s  Test=15.833s  Peak RAM=96.865 MB
2026-03-18 05:50:02 | INFO | [ncluster=65/65] AUC-ROC=62.17%  AUC-PR=54.24%  F1=0.6506  MCC=0.2815  Train=3.087s  Test=9.266s  Peak RAM=96.867 MB
2026-03-18 05:50:02 | INFO | [ncluster=70/70] AUC-ROC=60.67%  AUC-PR=53.51%  F1=0.6360  MCC=0.2594  Train=5.708s  Test=14.462s  Peak RAM=96.869 MB
2026-03-18 05:50:02 | INFO | [ncluster=75/75] AUC-ROC=60.11%  AUC-PR=53.23%  F1=0.6185  MCC=0.2439  Train=4.976s  Test=13.245s  Peak RAM=96.871 MB
2026-03-18 05:50:02 | INFO | [ncluster=80/80] AUC-ROC=59.58%  AUC-PR=52.93%  F1=0.6131  MCC=0.2360  Train=5.461s  Test=13.141s  Peak RAM=96.873 MB
2026-03-18 05:50:02 | INFO | [ncluster=85/85] AUC-ROC=60.23%  AUC-PR=53.22%  F1=0.6270  MCC=0.2493  Train=7.476s  Test=13.243s  Peak RAM=96.876 MB
2026-03-18 05:50:02 | INFO | [ncluster=90/90] AUC-ROC=60.91%  AUC-PR=53.03%  F1=0.6530  MCC=0.2579  Train=5.756s  Test=12.397s  Peak RAM=96.878 MB
2026-03-18 05:50:02 | INFO | [ncluster=95/95] AUC-ROC=60.38%  AUC-PR=53.31%  F1=0.6328  MCC=0.2502  Train=5.761s  Test=8.784s  Peak RAM=96.883 MB
2026-03-18 05:50:02 | INFO | [ncluster=100/100] AUC-ROC=59.33%  AUC-PR=52.51%  F1=0.6259  MCC=0.2270  Train=6.443s  Test=8.643s  Peak RAM=96.883 MB
2026-03-18 05:50:02 | INFO | [ncluster=105/105] AUC-ROC=61.59%  AUC-PR=53.98%  F1=0.6424  MCC=0.2743  Train=7.079s  Test=11.150s  Peak RAM=96.889 MB
2026-03-18 05:50:02 | INFO | [ncluster=110/110] AUC-ROC=61.40%  AUC-PR=53.83%  F1=0.6379  MCC=0.2725  Train=2.276s  Test=7.431s  Peak RAM=96.888 MB
2026-03-18 05:50:02 | INFO | [ncluster=115/115] AUC-ROC=60.95%  AUC-PR=53.53%  F1=0.6419  MCC=0.2583  Train=2.774s  Test=8.218s  Peak RAM=96.893 MB
2026-03-18 05:50:02 | INFO | [ncluster=120/120] AUC-ROC=60.62%  AUC-PR=53.37%  F1=0.6420  MCC=0.2576  Train=3.794s  Test=10.429s  Peak RAM=96.893 MB
2026-03-18 05:50:02 | INFO | [ncluster=125/125] AUC-ROC=62.61%  AUC-PR=54.47%  F1=0.6571  MCC=0.2879  Train=3.592s  Test=9.329s  Peak RAM=96.895 MB
2026-03-18 05:50:02 | INFO | [ncluster=130/130] AUC-ROC=61.49%  AUC-PR=53.67%  F1=0.6535  MCC=0.2743  Train=5.150s  Test=10.714s  Peak RAM=96.897 MB
2026-03-18 05:50:02 | INFO | [ncluster=135/135] AUC-ROC=61.37%  AUC-PR=53.51%  F1=0.6549  MCC=0.2598  Train=4.698s  Test=9.704s  Peak RAM=96.9 MB
2026-03-18 05:50:02 | INFO | [ncluster=140/140] AUC-ROC=60.30%  AUC-PR=53.41%  F1=0.6328  MCC=0.2611  Train=4.552s  Test=6.672s  Peak RAM=96.901 MB
2026-03-18 05:50:02 | INFO | [ncluster=145/145] AUC-ROC=61.69%  AUC-PR=53.62%  F1=0.6574  MCC=0.2783  Train=5.002s  Test=8.981s  Peak RAM=96.904 MB
2026-03-18 05:50:02 | INFO | [ncluster=150/150] AUC-ROC=60.55%  AUC-PR=53.33%  F1=0.6410  MCC=0.2618  Train=4.523s  Test=5.689s  Peak RAM=96.909 MB
2026-03-18 05:50:02 | INFO | [ncluster=155/155] AUC-ROC=62.44%  AUC-PR=54.48%  F1=0.6437  MCC=0.2881  Train=4.297s  Test=5.755s  Peak RAM=96.908 MB
2026-03-18 05:50:02 | INFO | [ncluster=160/160] AUC-ROC=60.84%  AUC-PR=53.67%  F1=0.6437  MCC=0.2710  Train=4.022s  Test=4.469s  Peak RAM=96.911 MB
2026-03-18 05:50:02 | INFO | [ncluster=165/165] AUC-ROC=64.04%  AUC-PR=55.52%  F1=0.6633  MCC=0.3147  Train=3.325s  Test=4.583s  Peak RAM=96.914 MB
2026-03-18 05:50:02 | INFO | [ncluster=170/170] AUC-ROC=58.08%  AUC-PR=52.28%  F1=0.5905  MCC=0.2136  Train=2.613s  Test=5.065s  Peak RAM=96.92 MB
2026-03-18 05:50:02 | INFO | [ncluster=175/175] AUC-ROC=61.36%  AUC-PR=53.77%  F1=0.6423  MCC=0.2558  Train=2.124s  Test=5.687s  Peak RAM=96.919 MB
2026-03-18 05:50:02 | INFO | [ncluster=180/180] AUC-ROC=58.56%  AUC-PR=52.68%  F1=0.6002  MCC=0.2329  Train=2.923s  Test=5.612s  Peak RAM=96.92 MB
2026-03-18 05:50:02 | INFO | [ncluster=185/185] AUC-ROC=61.37%  AUC-PR=53.86%  F1=0.6376  MCC=0.2621  Train=2.928s  Test=5.843s  Peak RAM=96.922 MB
2026-03-18 05:50:02 | INFO | [ncluster=190/190] AUC-ROC=60.09%  AUC-PR=53.12%  F1=0.6231  MCC=0.2363  Train=4.567s  Test=5.481s  Peak RAM=96.926 MB
2026-03-18 05:50:02 | INFO | [ncluster=195/195] AUC-ROC=58.97%  AUC-PR=52.70%  F1=0.6071  MCC=0.2267  Train=2.981s  Test=5.683s  Peak RAM=96.927 MB
2026-03-18 05:50:02 | INFO | [ncluster=200/200] AUC-ROC=62.76%  AUC-PR=54.73%  F1=0.6604  MCC=0.2950  Train=3.516s  Test=6.216s  Peak RAM=96.93 MB
2026-03-18 05:50:02 | INFO | [ncluster=205/205] AUC-ROC=61.66%  AUC-PR=54.13%  F1=0.6345  MCC=0.2652  Train=3.859s  Test=6.148s  Peak RAM=96.932 MB
2026-03-18 05:50:02 | INFO | [ncluster=210/210] AUC-ROC=62.08%  AUC-PR=54.20%  F1=0.6417  MCC=0.2730  Train=3.665s  Test=5.470s  Peak RAM=96.934 MB
2026-03-18 05:50:02 | INFO | [ncluster=215/215] AUC-ROC=62.37%  AUC-PR=54.52%  F1=0.6507  MCC=0.2872  Train=3.717s  Test=5.604s  Peak RAM=96.936 MB
2026-03-18 05:50:02 | INFO | [ncluster=220/220] AUC-ROC=61.20%  AUC-PR=53.79%  F1=0.6423  MCC=0.2680  Train=2.820s  Test=4.195s  Peak RAM=96.94 MB
2026-03-18 05:50:02 | INFO | [ncluster=225/225] AUC-ROC=60.65%  AUC-PR=53.66%  F1=0.6096  MCC=0.2537  Train=1.710s  Test=5.291s  Peak RAM=96.942 MB
2026-03-18 05:50:02 | INFO | [ncluster=230/230] AUC-ROC=62.38%  AUC-PR=54.44%  F1=0.6412  MCC=0.2719  Train=4.148s  Test=3.968s  Peak RAM=96.944 MB
2026-03-18 05:50:02 | INFO | [ncluster=235/235] AUC-ROC=62.45%  AUC-PR=54.53%  F1=0.6414  MCC=0.2779  Train=1.858s  Test=5.279s  Peak RAM=96.945 MB
2026-03-18 05:50:02 | INFO | [ncluster=240/240] AUC-ROC=62.52%  AUC-PR=54.78%  F1=0.6450  MCC=0.2887  Train=4.328s  Test=5.048s  Peak RAM=96.949 MB
2026-03-18 05:50:02 | INFO | [ncluster=245/245] AUC-ROC=62.00%  AUC-PR=54.30%  F1=0.6385  MCC=0.2694  Train=3.229s  Test=5.317s  Peak RAM=96.954 MB
2026-03-18 05:50:02 | INFO | [ncluster=250/250] AUC-ROC=60.95%  AUC-PR=53.45%  F1=0.6407  MCC=0.2657  Train=3.296s  Test=5.351s  Peak RAM=96.953 MB
2026-03-18 05:50:02 | INFO | [ncluster=255/255] AUC-ROC=62.23%  AUC-PR=54.53%  F1=0.6442  MCC=0.2821  Train=3.654s  Test=4.797s  Peak RAM=96.958 MB
2026-03-18 05:50:02 | INFO | [ncluster=260/260] AUC-ROC=61.48%  AUC-PR=54.14%  F1=0.6354  MCC=0.2655  Train=2.071s  Test=3.393s  Peak RAM=96.957 MB
2026-03-18 05:50:02 | INFO | [ncluster=265/265] AUC-ROC=62.10%  AUC-PR=54.44%  F1=0.6438  MCC=0.2752  Train=3.711s  Test=3.570s  Peak RAM=96.959 MB
2026-03-18 05:50:02 | INFO | [ncluster=270/270] AUC-ROC=63.66%  AUC-PR=55.38%  F1=0.6527  MCC=0.3087  Train=3.086s  Test=2.911s  Peak RAM=96.965 MB
2026-03-18 05:50:02 | INFO | [ncluster=275/275] AUC-ROC=61.53%  AUC-PR=53.95%  F1=0.6329  MCC=0.2661  Train=2.360s  Test=3.419s  Peak RAM=96.965 MB
2026-03-18 05:50:02 | INFO | [ncluster=280/280] AUC-ROC=62.58%  AUC-PR=54.64%  F1=0.6482  MCC=0.2795  Train=1.326s  Test=2.169s  Peak RAM=96.967 MB
2026-03-18 05:50:02 | INFO | [ncluster=285/285] AUC-ROC=62.62%  AUC-PR=54.67%  F1=0.6508  MCC=0.2877  Train=1.831s  Test=3.606s  Peak RAM=96.969 MB
2026-03-18 05:50:02 | INFO | [ncluster=290/290] AUC-ROC=62.11%  AUC-PR=54.10%  F1=0.6521  MCC=0.2829  Train=0.923s  Test=2.170s  Peak RAM=96.971 MB
2026-03-18 05:50:02 | INFO | [ncluster=295/295] AUC-ROC=62.37%  AUC-PR=54.66%  F1=0.6350  MCC=0.2824  Train=0.816s  Test=1.908s  Peak RAM=96.974 MB
2026-03-18 05:50:02 | INFO | [ncluster=300/300] AUC-ROC=64.01%  AUC-PR=55.56%  F1=0.6541  MCC=0.3125  Train=0.807s  Test=1.891s  Peak RAM=96.976 MB
2026-03-18 05:50:02 | INFO | --- noise=1% ---
2026-03-18 05:50:02 | INFO | ============================================================
2026-03-18 05:50:02 | INFO | Dataset  : Train_QuantileTransformer_data_N_BaIoT.csv
2026-03-18 05:50:02 | INFO | Scaler   : QuantileTransformer
2026-03-18 05:50:02 | INFO | Noise    : 1%
2026-03-18 05:50:02 | INFO | nClusters: 51 values (50..300)
2026-03-18 05:50:02 | INFO | ============================================================
2026-03-18 05:50:02 | INFO | Loaded Raw Shape -> Train: (30000, 116), Test: (30000, 116)
2026-03-18 05:50:02 | INFO | Training size : 30,300  |  Testing size: 29,700  |  Features: 115
2026-03-18 05:50:02 | INFO | Firing up Parallel execution for 51 cluster configs...
2026-03-18 05:55:00 | INFO | [ncluster=50/50] AUC-ROC=48.58%  AUC-PR=47.28%  F1=0.4720  MCC=0.0572  Train=2.939s  Test=9.824s  Peak RAM=97.826 MB
2026-03-18 05:55:00 | INFO | [ncluster=55/55] AUC-ROC=47.87%  AUC-PR=46.86%  F1=0.4680  MCC=0.0441  Train=2.897s  Test=9.518s  Peak RAM=97.83 MB
2026-03-18 05:55:00 | INFO | [ncluster=60/60] AUC-ROC=49.33%  AUC-PR=47.49%  F1=0.5123  MCC=0.0603  Train=3.002s  Test=10.838s  Peak RAM=97.832 MB
2026-03-18 05:55:00 | INFO | [ncluster=65/65] AUC-ROC=47.62%  AUC-PR=46.71%  F1=0.4898  MCC=0.0365  Train=5.061s  Test=12.084s  Peak RAM=97.835 MB
2026-03-18 05:55:00 | INFO | [ncluster=70/70] AUC-ROC=49.28%  AUC-PR=47.49%  F1=0.5053  MCC=0.0610  Train=5.504s  Test=11.315s  Peak RAM=97.839 MB
2026-03-18 05:55:00 | INFO | [ncluster=75/75] AUC-ROC=47.63%  AUC-PR=46.76%  F1=0.4937  MCC=0.0417  Train=5.904s  Test=12.571s  Peak RAM=97.839 MB
2026-03-18 05:55:00 | INFO | [ncluster=80/80] AUC-ROC=48.41%  AUC-PR=46.98%  F1=0.4976  MCC=0.0460  Train=6.062s  Test=12.202s  Peak RAM=97.841 MB
2026-03-18 05:55:00 | INFO | [ncluster=85/85] AUC-ROC=49.07%  AUC-PR=47.34%  F1=0.5024  MCC=0.0553  Train=4.954s  Test=12.087s  Peak RAM=97.844 MB
2026-03-18 05:55:00 | INFO | [ncluster=90/90] AUC-ROC=47.99%  AUC-PR=46.74%  F1=0.4939  MCC=0.0347  Train=6.243s  Test=11.940s  Peak RAM=97.846 MB
2026-03-18 05:55:00 | INFO | [ncluster=95/95] AUC-ROC=49.03%  AUC-PR=47.30%  F1=0.5030  MCC=0.0518  Train=6.469s  Test=10.578s  Peak RAM=97.848 MB
2026-03-18 05:55:00 | INFO | [ncluster=100/100] AUC-ROC=49.22%  AUC-PR=47.27%  F1=0.5202  MCC=0.0544  Train=5.336s  Test=11.221s  Peak RAM=97.851 MB
2026-03-18 05:55:00 | INFO | [ncluster=105/105] AUC-ROC=49.04%  AUC-PR=47.29%  F1=0.5101  MCC=0.0514  Train=5.555s  Test=8.234s  Peak RAM=97.853 MB
2026-03-18 05:55:00 | INFO | [ncluster=110/110] AUC-ROC=48.87%  AUC-PR=47.08%  F1=0.5120  MCC=0.0489  Train=4.543s  Test=10.337s  Peak RAM=97.854 MB
2026-03-18 05:55:00 | INFO | [ncluster=115/115] AUC-ROC=48.64%  AUC-PR=47.02%  F1=0.5067  MCC=0.0444  Train=2.015s  Test=7.148s  Peak RAM=97.859 MB
2026-03-18 05:55:00 | INFO | [ncluster=120/120] AUC-ROC=48.95%  AUC-PR=47.19%  F1=0.5001  MCC=0.0477  Train=4.227s  Test=9.493s  Peak RAM=97.859 MB
2026-03-18 05:55:00 | INFO | [ncluster=125/125] AUC-ROC=47.50%  AUC-PR=46.54%  F1=0.4978  MCC=0.0313  Train=3.624s  Test=8.639s  Peak RAM=97.862 MB
2026-03-18 05:55:00 | INFO | [ncluster=130/130] AUC-ROC=48.48%  AUC-PR=46.98%  F1=0.4845  MCC=0.0418  Train=4.371s  Test=9.472s  Peak RAM=97.866 MB
2026-03-18 05:55:00 | INFO | [ncluster=135/135] AUC-ROC=47.20%  AUC-PR=46.31%  F1=0.4804  MCC=0.0204  Train=5.162s  Test=9.688s  Peak RAM=97.867 MB
2026-03-18 05:55:00 | INFO | [ncluster=140/140] AUC-ROC=48.86%  AUC-PR=47.08%  F1=0.5080  MCC=0.0421  Train=4.140s  Test=9.702s  Peak RAM=97.869 MB
2026-03-18 05:55:00 | INFO | [ncluster=145/145] AUC-ROC=50.01%  AUC-PR=47.68%  F1=0.5476  MCC=0.0639  Train=4.676s  Test=10.530s  Peak RAM=97.872 MB
2026-03-18 05:55:00 | INFO | [ncluster=150/150] AUC-ROC=48.82%  AUC-PR=47.08%  F1=0.5078  MCC=0.0479  Train=5.136s  Test=9.042s  Peak RAM=97.873 MB
2026-03-18 05:55:00 | INFO | [ncluster=155/155] AUC-ROC=51.02%  AUC-PR=48.61%  F1=0.5082  MCC=0.0958  Train=3.878s  Test=5.678s  Peak RAM=97.875 MB
2026-03-18 05:55:00 | INFO | [ncluster=160/160] AUC-ROC=51.60%  AUC-PR=48.91%  F1=0.5209  MCC=0.1033  Train=3.695s  Test=5.428s  Peak RAM=97.878 MB
2026-03-18 05:55:00 | INFO | [ncluster=165/165] AUC-ROC=51.08%  AUC-PR=48.69%  F1=0.5339  MCC=0.0977  Train=2.769s  Test=5.435s  Peak RAM=97.881 MB
2026-03-18 05:55:00 | INFO | [ncluster=170/170] AUC-ROC=50.71%  AUC-PR=48.42%  F1=0.5029  MCC=0.0906  Train=2.667s  Test=4.813s  Peak RAM=97.883 MB
2026-03-18 05:55:00 | INFO | [ncluster=175/175] AUC-ROC=51.56%  AUC-PR=48.91%  F1=0.5303  MCC=0.1030  Train=2.738s  Test=5.604s  Peak RAM=97.885 MB
2026-03-18 05:55:00 | INFO | [ncluster=180/180] AUC-ROC=52.14%  AUC-PR=49.08%  F1=0.5408  MCC=0.1061  Train=3.046s  Test=5.874s  Peak RAM=97.888 MB
2026-03-18 05:55:00 | INFO | [ncluster=185/185] AUC-ROC=50.91%  AUC-PR=48.59%  F1=0.5165  MCC=0.0932  Train=3.461s  Test=4.096s  Peak RAM=97.891 MB
2026-03-18 05:55:00 | INFO | [ncluster=190/190] AUC-ROC=52.04%  AUC-PR=49.13%  F1=0.5401  MCC=0.1099  Train=2.562s  Test=4.923s  Peak RAM=97.891 MB
2026-03-18 05:55:00 | INFO | [ncluster=195/195] AUC-ROC=51.50%  AUC-PR=48.79%  F1=0.5240  MCC=0.1009  Train=2.966s  Test=5.976s  Peak RAM=97.895 MB
2026-03-18 05:55:00 | INFO | [ncluster=200/200] AUC-ROC=51.47%  AUC-PR=48.74%  F1=0.5232  MCC=0.0975  Train=3.611s  Test=4.940s  Peak RAM=97.897 MB
2026-03-18 05:55:00 | INFO | [ncluster=205/205] AUC-ROC=51.23%  AUC-PR=48.77%  F1=0.5026  MCC=0.0951  Train=3.074s  Test=4.995s  Peak RAM=97.899 MB
2026-03-18 05:55:00 | INFO | [ncluster=210/210] AUC-ROC=52.00%  AUC-PR=49.16%  F1=0.5293  MCC=0.1081  Train=3.078s  Test=5.269s  Peak RAM=97.901 MB
2026-03-18 05:55:00 | INFO | [ncluster=215/215] AUC-ROC=53.30%  AUC-PR=49.74%  F1=0.5433  MCC=0.1278  Train=2.665s  Test=4.857s  Peak RAM=97.904 MB
2026-03-18 05:55:00 | INFO | [ncluster=220/220] AUC-ROC=51.64%  AUC-PR=48.92%  F1=0.5264  MCC=0.1029  Train=3.389s  Test=5.155s  Peak RAM=97.907 MB
2026-03-18 05:55:00 | INFO | [ncluster=225/225] AUC-ROC=52.47%  AUC-PR=49.37%  F1=0.5335  MCC=0.1152  Train=3.430s  Test=5.105s  Peak RAM=97.909 MB
2026-03-18 05:55:00 | INFO | [ncluster=230/230] AUC-ROC=52.04%  AUC-PR=49.04%  F1=0.5532  MCC=0.1099  Train=2.884s  Test=4.881s  Peak RAM=97.911 MB
2026-03-18 05:55:00 | INFO | [ncluster=235/235] AUC-ROC=51.75%  AUC-PR=48.94%  F1=0.5277  MCC=0.1071  Train=3.081s  Test=4.844s  Peak RAM=97.912 MB
2026-03-18 05:55:00 | INFO | [ncluster=240/240] AUC-ROC=52.19%  AUC-PR=49.17%  F1=0.5410  MCC=0.1120  Train=2.772s  Test=5.178s  Peak RAM=97.916 MB
2026-03-18 05:55:00 | INFO | [ncluster=245/245] AUC-ROC=52.97%  AUC-PR=49.57%  F1=0.5559  MCC=0.1236  Train=2.776s  Test=4.710s  Peak RAM=97.917 MB
2026-03-18 05:55:00 | INFO | [ncluster=250/250] AUC-ROC=52.54%  AUC-PR=49.31%  F1=0.5480  MCC=0.1154  Train=3.477s  Test=5.356s  Peak RAM=97.92 MB
2026-03-18 05:55:00 | INFO | [ncluster=255/255] AUC-ROC=52.28%  AUC-PR=49.23%  F1=0.5322  MCC=0.1090  Train=2.253s  Test=4.519s  Peak RAM=97.922 MB
2026-03-18 05:55:00 | INFO | [ncluster=260/260] AUC-ROC=52.54%  AUC-PR=49.34%  F1=0.5509  MCC=0.1168  Train=2.734s  Test=4.340s  Peak RAM=97.925 MB
2026-03-18 05:55:00 | INFO | [ncluster=265/265] AUC-ROC=51.85%  AUC-PR=48.98%  F1=0.5181  MCC=0.1043  Train=3.353s  Test=3.025s  Peak RAM=97.928 MB
2026-03-18 05:55:00 | INFO | [ncluster=270/270] AUC-ROC=51.76%  AUC-PR=48.89%  F1=0.5418  MCC=0.1039  Train=2.611s  Test=4.795s  Peak RAM=97.929 MB
2026-03-18 05:55:00 | INFO | [ncluster=275/275] AUC-ROC=52.76%  AUC-PR=49.42%  F1=0.5603  MCC=0.1180  Train=2.854s  Test=5.107s  Peak RAM=97.932 MB
2026-03-18 05:55:00 | INFO | [ncluster=280/280] AUC-ROC=52.07%  AUC-PR=49.09%  F1=0.5368  MCC=0.1057  Train=1.339s  Test=2.382s  Peak RAM=97.934 MB
2026-03-18 05:55:00 | INFO | [ncluster=285/285] AUC-ROC=52.63%  AUC-PR=49.36%  F1=0.5485  MCC=0.1148  Train=1.179s  Test=2.459s  Peak RAM=97.935 MB
2026-03-18 05:55:00 | INFO | [ncluster=290/290] AUC-ROC=52.65%  AUC-PR=49.36%  F1=0.5289  MCC=0.1154  Train=1.322s  Test=2.416s  Peak RAM=97.939 MB
2026-03-18 05:55:00 | INFO | [ncluster=295/295] AUC-ROC=52.30%  AUC-PR=49.22%  F1=0.5416  MCC=0.1075  Train=1.057s  Test=2.340s  Peak RAM=97.941 MB
2026-03-18 05:55:00 | INFO | [ncluster=300/300] AUC-ROC=52.68%  AUC-PR=49.39%  F1=0.5312  MCC=0.1186  Train=0.978s  Test=2.071s  Peak RAM=97.944 MB
2026-03-18 05:55:00 | INFO | --- noise=3% ---
2026-03-18 05:55:00 | INFO | ============================================================
2026-03-18 05:55:00 | INFO | Dataset  : Train_QuantileTransformer_data_N_BaIoT.csv
2026-03-18 05:55:00 | INFO | Scaler   : QuantileTransformer
2026-03-18 05:55:00 | INFO | Noise    : 3%
2026-03-18 05:55:00 | INFO | nClusters: 51 values (50..300)
2026-03-18 05:55:00 | INFO | ============================================================
2026-03-18 05:55:01 | INFO | Loaded Raw Shape -> Train: (30000, 116), Test: (30000, 116)
2026-03-18 05:55:01 | INFO | Training size : 30,900  |  Testing size: 29,100  |  Features: 115
2026-03-18 05:55:01 | INFO | Firing up Parallel execution for 51 cluster configs...
2026-03-18 06:00:45 | INFO | [ncluster=50/50] AUC-ROC=44.84%  AUC-PR=46.06%  F1=0.0000  MCC=0.0000  Train=3.034s  Test=9.018s  Peak RAM=99.762 MB
2026-03-18 06:00:45 | INFO | [ncluster=55/55] AUC-ROC=44.27%  AUC-PR=45.77%  F1=0.0000  MCC=0.0000  Train=3.360s  Test=9.803s  Peak RAM=99.764 MB
2026-03-18 06:00:45 | INFO | [ncluster=60/60] AUC-ROC=44.93%  AUC-PR=46.05%  F1=0.0000  MCC=0.0000  Train=4.218s  Test=11.344s  Peak RAM=99.766 MB
2026-03-18 06:00:45 | INFO | [ncluster=65/65] AUC-ROC=43.17%  AUC-PR=45.35%  F1=0.0000  MCC=0.0000  Train=4.710s  Test=11.528s  Peak RAM=99.768 MB
2026-03-18 06:00:45 | INFO | [ncluster=70/70] AUC-ROC=43.62%  AUC-PR=45.41%  F1=0.0000  MCC=0.0000  Train=4.522s  Test=13.137s  Peak RAM=99.771 MB
2026-03-18 06:00:45 | INFO | [ncluster=75/75] AUC-ROC=44.71%  AUC-PR=45.93%  F1=0.0000  MCC=0.0000  Train=5.505s  Test=13.129s  Peak RAM=99.773 MB
2026-03-18 06:00:45 | INFO | [ncluster=80/80] AUC-ROC=43.82%  AUC-PR=45.45%  F1=0.0000  MCC=0.0000  Train=5.185s  Test=12.884s  Peak RAM=99.776 MB
2026-03-18 06:00:45 | INFO | [ncluster=85/85] AUC-ROC=43.21%  AUC-PR=45.21%  F1=0.0000  MCC=0.0000  Train=5.485s  Test=13.185s  Peak RAM=99.777 MB
2026-03-18 06:00:45 | INFO | [ncluster=90/90] AUC-ROC=42.74%  AUC-PR=45.01%  F1=0.0000  MCC=0.0000  Train=6.264s  Test=12.212s  Peak RAM=99.78 MB
2026-03-18 06:00:45 | INFO | [ncluster=95/95] AUC-ROC=42.84%  AUC-PR=45.03%  F1=0.0000  MCC=0.0000  Train=6.561s  Test=11.631s  Peak RAM=99.783 MB
2026-03-18 06:00:45 | INFO | [ncluster=100/100] AUC-ROC=43.17%  AUC-PR=45.13%  F1=0.0000  MCC=0.0000  Train=6.176s  Test=9.942s  Peak RAM=99.788 MB
2026-03-18 06:00:45 | INFO | [ncluster=105/105] AUC-ROC=42.81%  AUC-PR=45.05%  F1=0.0000  MCC=0.0000  Train=7.190s  Test=12.069s  Peak RAM=99.788 MB
2026-03-18 06:00:45 | INFO | [ncluster=110/110] AUC-ROC=43.98%  AUC-PR=45.50%  F1=0.0000  MCC=0.0000  Train=3.123s  Test=7.823s  Peak RAM=99.789 MB
2026-03-18 06:00:45 | INFO | [ncluster=115/115] AUC-ROC=43.71%  AUC-PR=45.36%  F1=0.0000  MCC=0.0000  Train=3.435s  Test=7.579s  Peak RAM=99.791 MB
2026-03-18 06:00:45 | INFO | [ncluster=120/120] AUC-ROC=43.49%  AUC-PR=45.26%  F1=0.0000  MCC=0.0000  Train=3.634s  Test=8.670s  Peak RAM=99.794 MB
2026-03-18 06:00:45 | INFO | [ncluster=125/125] AUC-ROC=43.68%  AUC-PR=45.32%  F1=0.0000  MCC=0.0000  Train=3.616s  Test=9.284s  Peak RAM=99.797 MB
2026-03-18 06:00:45 | INFO | [ncluster=130/130] AUC-ROC=43.10%  AUC-PR=45.11%  F1=0.0000  MCC=0.0000  Train=3.404s  Test=9.462s  Peak RAM=99.799 MB
2026-03-18 06:00:45 | INFO | [ncluster=135/135] AUC-ROC=43.36%  AUC-PR=45.17%  F1=0.0000  MCC=0.0000  Train=3.173s  Test=10.787s  Peak RAM=99.801 MB
2026-03-18 06:00:45 | INFO | [ncluster=140/140] AUC-ROC=43.73%  AUC-PR=45.33%  F1=0.0000  MCC=0.0000  Train=3.952s  Test=10.393s  Peak RAM=99.803 MB
2026-03-18 06:00:45 | INFO | [ncluster=145/145] AUC-ROC=42.11%  AUC-PR=44.63%  F1=0.0000  MCC=0.0000  Train=4.737s  Test=11.332s  Peak RAM=99.806 MB
2026-03-18 06:00:45 | INFO | [ncluster=150/150] AUC-ROC=43.52%  AUC-PR=45.26%  F1=0.0000  MCC=0.0000  Train=4.489s  Test=10.368s  Peak RAM=99.809 MB
2026-03-18 06:00:45 | INFO | [ncluster=155/155] AUC-ROC=42.97%  AUC-PR=44.94%  F1=0.0000  MCC=0.0000  Train=4.817s  Test=8.546s  Peak RAM=99.811 MB
2026-03-18 06:00:45 | INFO | [ncluster=160/160] AUC-ROC=45.79%  AUC-PR=46.76%  F1=0.4517  MCC=0.0082  Train=4.357s  Test=7.953s  Peak RAM=99.812 MB
2026-03-18 06:00:45 | INFO | [ncluster=165/165] AUC-ROC=45.90%  AUC-PR=46.85%  F1=0.4351  MCC=0.0141  Train=4.464s  Test=6.466s  Peak RAM=99.816 MB
2026-03-18 06:00:45 | INFO | [ncluster=170/170] AUC-ROC=42.61%  AUC-PR=44.82%  F1=0.0000  MCC=0.0000  Train=3.412s  Test=9.703s  Peak RAM=99.817 MB
2026-03-18 06:00:45 | INFO | [ncluster=175/175] AUC-ROC=47.02%  AUC-PR=47.40%  F1=0.4252  MCC=0.0253  Train=3.343s  Test=6.337s  Peak RAM=99.82 MB
2026-03-18 06:00:45 | INFO | [ncluster=180/180] AUC-ROC=47.16%  AUC-PR=47.54%  F1=0.4493  MCC=0.0321  Train=4.026s  Test=6.106s  Peak RAM=99.821 MB
2026-03-18 06:00:45 | INFO | [ncluster=185/185] AUC-ROC=47.48%  AUC-PR=47.52%  F1=0.4436  MCC=0.0243  Train=3.713s  Test=6.677s  Peak RAM=99.823 MB
2026-03-18 06:00:45 | INFO | [ncluster=190/190] AUC-ROC=47.00%  AUC-PR=47.36%  F1=0.4590  MCC=0.0227  Train=3.854s  Test=5.421s  Peak RAM=99.826 MB
2026-03-18 06:00:45 | INFO | [ncluster=195/195] AUC-ROC=47.80%  AUC-PR=47.71%  F1=0.4640  MCC=0.0268  Train=3.237s  Test=5.945s  Peak RAM=99.828 MB
2026-03-18 06:00:45 | INFO | [ncluster=200/200] AUC-ROC=47.19%  AUC-PR=47.38%  F1=0.4472  MCC=0.0191  Train=3.857s  Test=6.263s  Peak RAM=99.831 MB
2026-03-18 06:00:45 | INFO | [ncluster=205/205] AUC-ROC=47.20%  AUC-PR=47.44%  F1=0.4928  MCC=0.0223  Train=3.582s  Test=6.847s  Peak RAM=99.834 MB
2026-03-18 06:00:45 | INFO | [ncluster=210/210] AUC-ROC=46.69%  AUC-PR=47.13%  F1=0.4430  MCC=0.0161  Train=3.545s  Test=6.754s  Peak RAM=99.836 MB
2026-03-18 06:00:45 | INFO | [ncluster=215/215] AUC-ROC=47.59%  AUC-PR=47.59%  F1=0.4576  MCC=0.0269  Train=3.520s  Test=6.140s  Peak RAM=99.838 MB
2026-03-18 06:00:45 | INFO | [ncluster=220/220] AUC-ROC=46.67%  AUC-PR=47.06%  F1=0.4382  MCC=0.0095  Train=3.791s  Test=6.344s  Peak RAM=99.841 MB
2026-03-18 06:00:45 | INFO | [ncluster=225/225] AUC-ROC=47.43%  AUC-PR=47.53%  F1=0.4519  MCC=0.0281  Train=2.729s  Test=6.062s  Peak RAM=99.844 MB
2026-03-18 06:00:45 | INFO | [ncluster=230/230] AUC-ROC=47.79%  AUC-PR=47.69%  F1=0.4574  MCC=0.0296  Train=3.308s  Test=5.942s  Peak RAM=99.845 MB
2026-03-18 06:00:45 | INFO | [ncluster=235/235] AUC-ROC=47.30%  AUC-PR=47.47%  F1=0.4566  MCC=0.0262  Train=3.574s  Test=6.016s  Peak RAM=99.847 MB
2026-03-18 06:00:45 | INFO | [ncluster=240/240] AUC-ROC=47.96%  AUC-PR=47.77%  F1=0.4525  MCC=0.0312  Train=3.770s  Test=6.487s  Peak RAM=99.85 MB
2026-03-18 06:00:45 | INFO | [ncluster=245/245] AUC-ROC=47.70%  AUC-PR=47.65%  F1=0.4543  MCC=0.0277  Train=3.346s  Test=6.079s  Peak RAM=99.852 MB
2026-03-18 06:00:45 | INFO | [ncluster=250/250] AUC-ROC=46.87%  AUC-PR=47.17%  F1=0.4444  MCC=0.0156  Train=2.160s  Test=4.979s  Peak RAM=99.854 MB
2026-03-18 06:00:45 | INFO | [ncluster=255/255] AUC-ROC=46.58%  AUC-PR=47.05%  F1=0.4119  MCC=0.0111  Train=3.377s  Test=5.560s  Peak RAM=99.858 MB
2026-03-18 06:00:45 | INFO | [ncluster=260/260] AUC-ROC=46.95%  AUC-PR=47.27%  F1=0.4220  MCC=0.0170  Train=2.465s  Test=4.460s  Peak RAM=99.859 MB
2026-03-18 06:00:45 | INFO | [ncluster=265/265] AUC-ROC=47.59%  AUC-PR=47.58%  F1=0.4515  MCC=0.0262  Train=3.249s  Test=5.681s  Peak RAM=99.862 MB
2026-03-18 06:00:45 | INFO | [ncluster=270/270] AUC-ROC=47.42%  AUC-PR=47.50%  F1=0.4429  MCC=0.0239  Train=2.594s  Test=4.181s  Peak RAM=99.864 MB
2026-03-18 06:00:45 | INFO | [ncluster=275/275] AUC-ROC=47.34%  AUC-PR=47.45%  F1=0.4432  MCC=0.0241  Train=2.606s  Test=4.016s  Peak RAM=99.867 MB
2026-03-18 06:00:45 | INFO | [ncluster=280/280] AUC-ROC=47.20%  AUC-PR=47.40%  F1=0.4409  MCC=0.0246  Train=1.717s  Test=3.207s  Peak RAM=99.869 MB
2026-03-18 06:00:45 | INFO | [ncluster=285/285] AUC-ROC=46.84%  AUC-PR=47.18%  F1=0.4393  MCC=0.0159  Train=1.469s  Test=2.997s  Peak RAM=99.87 MB
2026-03-18 06:00:45 | INFO | [ncluster=290/290] AUC-ROC=46.60%  AUC-PR=47.07%  F1=0.4389  MCC=0.0146  Train=1.401s  Test=2.922s  Peak RAM=99.872 MB
2026-03-18 06:00:45 | INFO | [ncluster=295/295] AUC-ROC=46.76%  AUC-PR=47.19%  F1=0.4441  MCC=0.0184  Train=1.500s  Test=2.824s  Peak RAM=99.876 MB
2026-03-18 06:00:45 | INFO | [ncluster=300/300] AUC-ROC=47.24%  AUC-PR=47.39%  F1=0.4475  MCC=0.0207  Train=1.519s  Test=2.944s  Peak RAM=99.877 MB
2026-03-18 06:00:45 | INFO | --- noise=5% ---
2026-03-18 06:00:45 | INFO | ============================================================
2026-03-18 06:00:45 | INFO | Dataset  : Train_QuantileTransformer_data_N_BaIoT.csv
2026-03-18 06:00:45 | INFO | Scaler   : QuantileTransformer
2026-03-18 06:00:45 | INFO | Noise    : 5%
2026-03-18 06:00:45 | INFO | nClusters: 51 values (50..300)
2026-03-18 06:00:45 | INFO | ============================================================
2026-03-18 06:00:46 | INFO | Loaded Raw Shape -> Train: (30000, 116), Test: (30000, 116)
2026-03-18 06:00:46 | INFO | Training size : 31,500  |  Testing size: 28,500  |  Features: 115
2026-03-18 06:00:46 | INFO | Firing up Parallel execution for 51 cluster configs...
2026-03-18 06:06:22 | INFO | [ncluster=50/50] AUC-ROC=40.74%  AUC-PR=45.15%  F1=0.0000  MCC=0.0000  Train=2.977s  Test=9.650s  Peak RAM=101.696 MB
2026-03-18 06:06:22 | INFO | [ncluster=55/55] AUC-ROC=41.40%  AUC-PR=45.39%  F1=0.0000  MCC=0.0000  Train=3.105s  Test=9.395s  Peak RAM=101.698 MB
2026-03-18 06:06:22 | INFO | [ncluster=60/60] AUC-ROC=41.92%  AUC-PR=45.60%  F1=0.0000  MCC=0.0000  Train=5.140s  Test=12.037s  Peak RAM=101.701 MB
2026-03-18 06:06:22 | INFO | [ncluster=65/65] AUC-ROC=41.37%  AUC-PR=45.32%  F1=0.0000  MCC=0.0000  Train=4.145s  Test=8.804s  Peak RAM=101.703 MB
2026-03-18 06:06:22 | INFO | [ncluster=70/70] AUC-ROC=40.68%  AUC-PR=45.02%  F1=0.0000  MCC=0.0000  Train=5.298s  Test=12.473s  Peak RAM=101.706 MB
2026-03-18 06:06:22 | INFO | [ncluster=75/75] AUC-ROC=40.39%  AUC-PR=44.86%  F1=0.0000  MCC=0.0000  Train=3.792s  Test=13.026s  Peak RAM=101.708 MB
2026-03-18 06:06:22 | INFO | [ncluster=80/80] AUC-ROC=39.87%  AUC-PR=44.67%  F1=0.0000  MCC=0.0000  Train=4.128s  Test=13.928s  Peak RAM=101.71 MB
2026-03-18 06:06:22 | INFO | [ncluster=85/85] AUC-ROC=39.94%  AUC-PR=44.68%  F1=0.0000  MCC=0.0000  Train=4.787s  Test=14.228s  Peak RAM=101.713 MB
2026-03-18 06:06:22 | INFO | [ncluster=90/90] AUC-ROC=40.08%  AUC-PR=44.69%  F1=0.0000  MCC=0.0000  Train=4.561s  Test=14.377s  Peak RAM=101.715 MB
2026-03-18 06:06:22 | INFO | [ncluster=95/95] AUC-ROC=39.87%  AUC-PR=44.65%  F1=0.0000  MCC=0.0000  Train=6.714s  Test=10.690s  Peak RAM=101.716 MB
2026-03-18 06:06:22 | INFO | [ncluster=100/100] AUC-ROC=39.66%  AUC-PR=44.49%  F1=0.0000  MCC=0.0000  Train=6.509s  Test=10.981s  Peak RAM=101.719 MB
2026-03-18 06:06:22 | INFO | [ncluster=105/105] AUC-ROC=39.57%  AUC-PR=44.43%  F1=0.0000  MCC=0.0000  Train=7.027s  Test=11.211s  Peak RAM=101.722 MB
2026-03-18 06:06:22 | INFO | [ncluster=110/110] AUC-ROC=39.49%  AUC-PR=44.43%  F1=0.0000  MCC=0.0000  Train=3.212s  Test=9.125s  Peak RAM=101.723 MB
2026-03-18 06:06:22 | INFO | [ncluster=115/115] AUC-ROC=38.85%  AUC-PR=44.11%  F1=0.0000  MCC=0.0000  Train=3.055s  Test=9.302s  Peak RAM=101.727 MB
2026-03-18 06:06:22 | INFO | [ncluster=120/120] AUC-ROC=39.68%  AUC-PR=44.48%  F1=0.0000  MCC=0.0000  Train=4.601s  Test=9.090s  Peak RAM=101.729 MB
2026-03-18 06:06:22 | INFO | [ncluster=125/125] AUC-ROC=39.94%  AUC-PR=44.62%  F1=0.0000  MCC=0.0000  Train=3.356s  Test=11.284s  Peak RAM=101.73 MB
2026-03-18 06:06:22 | INFO | [ncluster=130/130] AUC-ROC=39.90%  AUC-PR=44.60%  F1=0.0000  MCC=0.0000  Train=4.027s  Test=11.829s  Peak RAM=101.733 MB
2026-03-18 06:06:22 | INFO | [ncluster=135/135] AUC-ROC=39.74%  AUC-PR=44.53%  F1=0.0000  MCC=0.0000  Train=5.977s  Test=11.565s  Peak RAM=101.736 MB
2026-03-18 06:06:22 | INFO | [ncluster=140/140] AUC-ROC=39.04%  AUC-PR=44.13%  F1=0.0000  MCC=0.0000  Train=4.401s  Test=11.908s  Peak RAM=101.739 MB
2026-03-18 06:06:22 | INFO | [ncluster=145/145] AUC-ROC=39.17%  AUC-PR=44.23%  F1=0.0000  MCC=0.0000  Train=4.153s  Test=12.224s  Peak RAM=101.741 MB
2026-03-18 06:06:22 | INFO | [ncluster=150/150] AUC-ROC=40.03%  AUC-PR=44.69%  F1=0.0000  MCC=0.0000  Train=5.328s  Test=10.420s  Peak RAM=101.743 MB
2026-03-18 06:06:22 | INFO | [ncluster=155/155] AUC-ROC=39.05%  AUC-PR=44.17%  F1=0.0000  MCC=0.0000  Train=4.167s  Test=9.372s  Peak RAM=101.745 MB
2026-03-18 06:06:22 | INFO | [ncluster=160/160] AUC-ROC=39.65%  AUC-PR=44.44%  F1=0.0000  MCC=0.0000  Train=4.393s  Test=9.250s  Peak RAM=101.747 MB
2026-03-18 06:06:22 | INFO | [ncluster=165/165] AUC-ROC=43.56%  AUC-PR=46.64%  F1=0.0000  MCC=0.0000  Train=4.318s  Test=6.557s  Peak RAM=101.749 MB
2026-03-18 06:06:22 | INFO | [ncluster=170/170] AUC-ROC=44.25%  AUC-PR=47.00%  F1=0.0000  MCC=0.0000  Train=3.135s  Test=6.927s  Peak RAM=101.752 MB
2026-03-18 06:06:22 | INFO | [ncluster=175/175] AUC-ROC=43.63%  AUC-PR=46.67%  F1=0.0000  MCC=0.0000  Train=3.567s  Test=6.713s  Peak RAM=101.758 MB
2026-03-18 06:06:22 | INFO | [ncluster=180/180] AUC-ROC=44.45%  AUC-PR=47.13%  F1=0.0000  MCC=0.0000  Train=3.433s  Test=6.624s  Peak RAM=101.766 MB
2026-03-18 06:06:22 | INFO | [ncluster=185/185] AUC-ROC=44.61%  AUC-PR=47.17%  F1=0.0000  MCC=0.0000  Train=3.542s  Test=7.472s  Peak RAM=101.765 MB
2026-03-18 06:06:22 | INFO | [ncluster=190/190] AUC-ROC=43.92%  AUC-PR=46.81%  F1=0.0000  MCC=0.0000  Train=3.199s  Test=8.007s  Peak RAM=101.765 MB
2026-03-18 06:06:22 | INFO | [ncluster=195/195] AUC-ROC=44.18%  AUC-PR=46.94%  F1=0.0000  MCC=0.0000  Train=5.858s  Test=7.143s  Peak RAM=101.764 MB
2026-03-18 06:06:22 | INFO | [ncluster=200/200] AUC-ROC=44.50%  AUC-PR=47.15%  F1=0.0000  MCC=0.0000  Train=5.557s  Test=6.701s  Peak RAM=101.766 MB
2026-03-18 06:06:22 | INFO | [ncluster=205/205] AUC-ROC=42.86%  AUC-PR=46.27%  F1=0.0000  MCC=0.0000  Train=2.901s  Test=4.717s  Peak RAM=101.767 MB
2026-03-18 06:06:22 | INFO | [ncluster=210/210] AUC-ROC=44.05%  AUC-PR=46.84%  F1=0.0000  MCC=0.0000  Train=3.057s  Test=6.764s  Peak RAM=101.771 MB
2026-03-18 06:06:22 | INFO | [ncluster=215/215] AUC-ROC=44.04%  AUC-PR=46.90%  F1=0.0000  MCC=0.0000  Train=3.514s  Test=5.808s  Peak RAM=101.772 MB
2026-03-18 06:06:22 | INFO | [ncluster=220/220] AUC-ROC=44.37%  AUC-PR=47.01%  F1=0.0000  MCC=0.0000  Train=4.275s  Test=6.184s  Peak RAM=101.774 MB
2026-03-18 06:06:22 | INFO | [ncluster=225/225] AUC-ROC=43.56%  AUC-PR=46.54%  F1=0.0000  MCC=0.0000  Train=3.020s  Test=6.192s  Peak RAM=101.777 MB
2026-03-18 06:06:22 | INFO | [ncluster=230/230] AUC-ROC=44.21%  AUC-PR=46.90%  F1=0.0000  MCC=0.0000  Train=2.329s  Test=6.278s  Peak RAM=101.784 MB
2026-03-18 06:06:22 | INFO | [ncluster=235/235] AUC-ROC=44.62%  AUC-PR=47.13%  F1=0.0000  MCC=0.0000  Train=3.484s  Test=5.529s  Peak RAM=101.781 MB
2026-03-18 06:06:22 | INFO | [ncluster=240/240] AUC-ROC=43.93%  AUC-PR=46.74%  F1=0.0000  MCC=0.0000  Train=2.961s  Test=5.508s  Peak RAM=101.787 MB
2026-03-18 06:06:22 | INFO | [ncluster=245/245] AUC-ROC=43.35%  AUC-PR=46.47%  F1=0.0000  MCC=0.0000  Train=3.214s  Test=6.035s  Peak RAM=101.788 MB
2026-03-18 06:06:22 | INFO | [ncluster=250/250] AUC-ROC=43.81%  AUC-PR=46.74%  F1=0.0000  MCC=0.0000  Train=3.282s  Test=6.623s  Peak RAM=101.79 MB
2026-03-18 06:06:22 | INFO | [ncluster=255/255] AUC-ROC=43.32%  AUC-PR=46.51%  F1=0.0000  MCC=0.0000  Train=1.961s  Test=4.923s  Peak RAM=101.792 MB
2026-03-18 06:06:22 | INFO | [ncluster=260/260] AUC-ROC=44.33%  AUC-PR=46.95%  F1=0.0000  MCC=0.0000  Train=3.550s  Test=3.994s  Peak RAM=101.794 MB
2026-03-18 06:06:22 | INFO | [ncluster=265/265] AUC-ROC=44.16%  AUC-PR=46.90%  F1=0.0000  MCC=0.0000  Train=2.970s  Test=4.708s  Peak RAM=101.797 MB
2026-03-18 06:06:22 | INFO | [ncluster=270/270] AUC-ROC=43.33%  AUC-PR=46.49%  F1=0.0000  MCC=0.0000  Train=2.538s  Test=4.653s  Peak RAM=101.798 MB
2026-03-18 06:06:22 | INFO | [ncluster=275/275] AUC-ROC=44.01%  AUC-PR=46.80%  F1=0.0000  MCC=0.0000  Train=3.281s  Test=2.705s  Peak RAM=101.8 MB
2026-03-18 06:06:22 | INFO | [ncluster=280/280] AUC-ROC=44.08%  AUC-PR=46.85%  F1=0.0000  MCC=0.0000  Train=1.253s  Test=2.493s  Peak RAM=101.804 MB
2026-03-18 06:06:22 | INFO | [ncluster=285/285] AUC-ROC=44.10%  AUC-PR=46.87%  F1=0.0000  MCC=0.0000  Train=1.141s  Test=2.569s  Peak RAM=101.805 MB
2026-03-18 06:06:22 | INFO | [ncluster=290/290] AUC-ROC=44.27%  AUC-PR=46.93%  F1=0.0000  MCC=0.0000  Train=1.164s  Test=2.337s  Peak RAM=101.807 MB
2026-03-18 06:06:22 | INFO | [ncluster=295/295] AUC-ROC=43.83%  AUC-PR=46.70%  F1=0.0000  MCC=0.0000  Train=1.011s  Test=2.285s  Peak RAM=101.81 MB
2026-03-18 06:06:22 | INFO | [ncluster=300/300] AUC-ROC=44.00%  AUC-PR=46.84%  F1=0.0000  MCC=0.0000  Train=0.905s  Test=2.049s  Peak RAM=101.812 MB
2026-03-18 06:06:22 | INFO | 
>>> Processing data_N_BaIoT | scaler=RobustScaler
2026-03-18 06:06:22 | INFO | --- noise=0% ---
2026-03-18 06:06:22 | INFO | ============================================================
2026-03-18 06:06:22 | INFO | Dataset  : Train_RobustScaler_data_N_BaIoT.csv
2026-03-18 06:06:22 | INFO | Scaler   : RobustScaler
2026-03-18 06:06:22 | INFO | Noise    : 0%
2026-03-18 06:06:22 | INFO | nClusters: 51 values (50..300)
2026-03-18 06:06:22 | INFO | ============================================================
2026-03-18 06:06:23 | INFO | Loaded Raw Shape -> Train: (30000, 116), Test: (30000, 116)
2026-03-18 06:06:23 | INFO | Training size : 30,000  |  Testing size: 30,000  |  Features: 115
2026-03-18 06:06:23 | INFO | Firing up Parallel execution for 51 cluster configs...
2026-03-18 06:10:54 | INFO | [ncluster=50/50] AUC-ROC=95.16%  AUC-PR=92.68%  F1=0.9178  MCC=0.8315  Train=3.631s  Test=5.804s  Peak RAM=96.86 MB
2026-03-18 06:10:54 | INFO | [ncluster=55/55] AUC-ROC=95.79%  AUC-PR=93.66%  F1=0.9229  MCC=0.8423  Train=3.265s  Test=6.199s  Peak RAM=96.862 MB
2026-03-18 06:10:54 | INFO | [ncluster=60/60] AUC-ROC=96.24%  AUC-PR=94.57%  F1=0.9253  MCC=0.8483  Train=5.341s  Test=6.466s  Peak RAM=96.865 MB
2026-03-18 06:10:54 | INFO | [ncluster=65/65] AUC-ROC=95.75%  AUC-PR=93.63%  F1=0.9213  MCC=0.8388  Train=4.691s  Test=5.989s  Peak RAM=96.874 MB
2026-03-18 06:10:54 | INFO | [ncluster=70/70] AUC-ROC=94.89%  AUC-PR=91.65%  F1=0.9142  MCC=0.8243  Train=4.519s  Test=6.733s  Peak RAM=96.871 MB
2026-03-18 06:10:54 | INFO | [ncluster=75/75] AUC-ROC=97.03%  AUC-PR=95.95%  F1=0.9341  MCC=0.8658  Train=4.457s  Test=6.804s  Peak RAM=96.877 MB
2026-03-18 06:10:54 | INFO | [ncluster=80/80] AUC-ROC=95.52%  AUC-PR=93.70%  F1=0.9147  MCC=0.8251  Train=6.216s  Test=8.739s  Peak RAM=96.875 MB
2026-03-18 06:10:54 | INFO | [ncluster=85/85] AUC-ROC=91.17%  AUC-PR=85.25%  F1=0.9014  MCC=0.7986  Train=5.491s  Test=6.784s  Peak RAM=96.877 MB
2026-03-18 06:10:54 | INFO | [ncluster=90/90] AUC-ROC=91.54%  AUC-PR=85.76%  F1=0.9021  MCC=0.8002  Train=5.693s  Test=8.655s  Peak RAM=96.878 MB
2026-03-18 06:10:54 | INFO | [ncluster=95/95] AUC-ROC=94.27%  AUC-PR=91.96%  F1=0.9007  MCC=0.7971  Train=5.399s  Test=8.284s  Peak RAM=96.88 MB
2026-03-18 06:10:54 | INFO | [ncluster=100/100] AUC-ROC=89.54%  AUC-PR=83.89%  F1=0.9010  MCC=0.7979  Train=5.671s  Test=6.090s  Peak RAM=96.884 MB
2026-03-18 06:10:54 | INFO | [ncluster=105/105] AUC-ROC=92.84%  AUC-PR=88.09%  F1=0.8999  MCC=0.7954  Train=5.215s  Test=7.550s  Peak RAM=96.885 MB
2026-03-18 06:10:54 | INFO | [ncluster=110/110] AUC-ROC=92.26%  AUC-PR=87.22%  F1=0.9017  MCC=0.7990  Train=3.011s  Test=6.290s  Peak RAM=96.889 MB
2026-03-18 06:10:54 | INFO | [ncluster=115/115] AUC-ROC=92.76%  AUC-PR=87.63%  F1=0.8991  MCC=0.7934  Train=3.597s  Test=6.183s  Peak RAM=96.891 MB
2026-03-18 06:10:54 | INFO | [ncluster=120/120] AUC-ROC=90.23%  AUC-PR=84.17%  F1=0.9002  MCC=0.7957  Train=4.104s  Test=5.800s  Peak RAM=96.895 MB
2026-03-18 06:10:54 | INFO | [ncluster=125/125] AUC-ROC=92.92%  AUC-PR=88.35%  F1=0.8985  MCC=0.7919  Train=4.313s  Test=6.113s  Peak RAM=96.899 MB
2026-03-18 06:10:54 | INFO | [ncluster=130/130] AUC-ROC=95.26%  AUC-PR=92.56%  F1=0.9182  MCC=0.8325  Train=4.495s  Test=5.237s  Peak RAM=96.897 MB
2026-03-18 06:10:54 | INFO | [ncluster=135/135] AUC-ROC=96.34%  AUC-PR=94.59%  F1=0.9276  MCC=0.8522  Train=4.025s  Test=6.069s  Peak RAM=96.9 MB
2026-03-18 06:10:54 | INFO | [ncluster=140/140] AUC-ROC=92.30%  AUC-PR=87.51%  F1=0.9010  MCC=0.7982  Train=3.645s  Test=4.207s  Peak RAM=96.901 MB
2026-03-18 06:10:54 | INFO | [ncluster=145/145] AUC-ROC=96.29%  AUC-PR=94.48%  F1=0.9280  MCC=0.8531  Train=3.300s  Test=4.922s  Peak RAM=96.905 MB
2026-03-18 06:10:54 | INFO | [ncluster=150/150] AUC-ROC=95.72%  AUC-PR=93.44%  F1=0.9206  MCC=0.8375  Train=4.017s  Test=6.104s  Peak RAM=96.907 MB
2026-03-18 06:10:54 | INFO | [ncluster=155/155] AUC-ROC=91.08%  AUC-PR=86.34%  F1=0.9017  MCC=0.7994  Train=4.243s  Test=6.419s  Peak RAM=96.909 MB
2026-03-18 06:10:54 | INFO | [ncluster=160/160] AUC-ROC=90.22%  AUC-PR=85.07%  F1=0.9018  MCC=0.7992  Train=4.020s  Test=5.977s  Peak RAM=96.912 MB
2026-03-18 06:10:54 | INFO | [ncluster=165/165] AUC-ROC=88.69%  AUC-PR=82.74%  F1=0.9009  MCC=0.7975  Train=5.427s  Test=5.262s  Peak RAM=96.914 MB
2026-03-18 06:10:54 | INFO | [ncluster=170/170] AUC-ROC=91.54%  AUC-PR=86.16%  F1=0.8980  MCC=0.7907  Train=3.617s  Test=5.282s  Peak RAM=96.916 MB
2026-03-18 06:10:54 | INFO | [ncluster=175/175] AUC-ROC=88.20%  AUC-PR=82.15%  F1=0.8984  MCC=0.7921  Train=3.030s  Test=5.517s  Peak RAM=96.919 MB
2026-03-18 06:10:54 | INFO | [ncluster=180/180] AUC-ROC=88.94%  AUC-PR=83.24%  F1=0.9001  MCC=0.7957  Train=4.264s  Test=5.408s  Peak RAM=96.921 MB
2026-03-18 06:10:54 | INFO | [ncluster=185/185] AUC-ROC=95.51%  AUC-PR=93.42%  F1=0.9140  MCC=0.8239  Train=4.067s  Test=5.641s  Peak RAM=96.925 MB
2026-03-18 06:10:54 | INFO | [ncluster=190/190] AUC-ROC=92.61%  AUC-PR=88.54%  F1=0.8972  MCC=0.7896  Train=3.161s  Test=4.405s  Peak RAM=96.927 MB
2026-03-18 06:10:54 | INFO | [ncluster=195/195] AUC-ROC=96.08%  AUC-PR=94.30%  F1=0.9205  MCC=0.8376  Train=2.921s  Test=5.508s  Peak RAM=96.927 MB
2026-03-18 06:10:54 | INFO | [ncluster=200/200] AUC-ROC=95.51%  AUC-PR=93.17%  F1=0.9164  MCC=0.8289  Train=4.157s  Test=4.564s  Peak RAM=96.929 MB
2026-03-18 06:10:54 | INFO | [ncluster=205/205] AUC-ROC=93.00%  AUC-PR=88.91%  F1=0.8998  MCC=0.7953  Train=2.431s  Test=5.252s  Peak RAM=96.931 MB
2026-03-18 06:10:54 | INFO | [ncluster=210/210] AUC-ROC=95.75%  AUC-PR=93.57%  F1=0.9213  MCC=0.8390  Train=2.941s  Test=4.535s  Peak RAM=96.935 MB
2026-03-18 06:10:54 | INFO | [ncluster=215/215] AUC-ROC=96.12%  AUC-PR=94.38%  F1=0.9200  MCC=0.8365  Train=3.633s  Test=4.120s  Peak RAM=96.937 MB
2026-03-18 06:10:54 | INFO | [ncluster=220/220] AUC-ROC=95.72%  AUC-PR=93.74%  F1=0.9173  MCC=0.8306  Train=3.098s  Test=3.907s  Peak RAM=96.939 MB
2026-03-18 06:10:54 | INFO | [ncluster=225/225] AUC-ROC=91.03%  AUC-PR=86.74%  F1=0.8960  MCC=0.7864  Train=3.225s  Test=4.584s  Peak RAM=96.942 MB
2026-03-18 06:10:54 | INFO | [ncluster=230/230] AUC-ROC=95.35%  AUC-PR=93.12%  F1=0.9118  MCC=0.8192  Train=3.267s  Test=5.251s  Peak RAM=96.943 MB
2026-03-18 06:10:54 | INFO | [ncluster=235/235] AUC-ROC=95.67%  AUC-PR=93.60%  F1=0.9167  MCC=0.8294  Train=2.453s  Test=5.897s  Peak RAM=96.946 MB
2026-03-18 06:10:54 | INFO | [ncluster=240/240] AUC-ROC=95.75%  AUC-PR=93.78%  F1=0.9167  MCC=0.8293  Train=3.595s  Test=6.267s  Peak RAM=96.949 MB
2026-03-18 06:10:54 | INFO | [ncluster=245/245] AUC-ROC=95.75%  AUC-PR=93.79%  F1=0.9177  MCC=0.8314  Train=2.859s  Test=4.596s  Peak RAM=96.952 MB
2026-03-18 06:10:54 | INFO | [ncluster=250/250] AUC-ROC=95.38%  AUC-PR=93.12%  F1=0.9111  MCC=0.8179  Train=3.357s  Test=5.624s  Peak RAM=96.953 MB
2026-03-18 06:10:54 | INFO | [ncluster=255/255] AUC-ROC=95.79%  AUC-PR=93.91%  F1=0.9169  MCC=0.8296  Train=2.213s  Test=3.430s  Peak RAM=96.955 MB
2026-03-18 06:10:54 | INFO | [ncluster=260/260] AUC-ROC=95.42%  AUC-PR=93.17%  F1=0.9120  MCC=0.8200  Train=2.321s  Test=3.050s  Peak RAM=96.956 MB
2026-03-18 06:10:54 | INFO | [ncluster=265/265] AUC-ROC=96.09%  AUC-PR=94.40%  F1=0.9194  MCC=0.8350  Train=2.326s  Test=3.033s  Peak RAM=96.959 MB
2026-03-18 06:10:54 | INFO | [ncluster=270/270] AUC-ROC=95.69%  AUC-PR=93.69%  F1=0.9169  MCC=0.8297  Train=2.650s  Test=2.810s  Peak RAM=96.963 MB
2026-03-18 06:10:54 | INFO | [ncluster=275/275] AUC-ROC=95.84%  AUC-PR=93.95%  F1=0.9183  MCC=0.8328  Train=1.793s  Test=3.249s  Peak RAM=96.964 MB
2026-03-18 06:10:54 | INFO | [ncluster=280/280] AUC-ROC=95.67%  AUC-PR=93.76%  F1=0.9130  MCC=0.8219  Train=2.257s  Test=1.976s  Peak RAM=96.967 MB
2026-03-18 06:10:54 | INFO | [ncluster=285/285] AUC-ROC=95.31%  AUC-PR=93.06%  F1=0.9091  MCC=0.8138  Train=1.049s  Test=2.028s  Peak RAM=96.97 MB
2026-03-18 06:10:54 | INFO | [ncluster=290/290] AUC-ROC=94.78%  AUC-PR=92.17%  F1=0.9046  MCC=0.8038  Train=1.301s  Test=1.950s  Peak RAM=96.972 MB
2026-03-18 06:10:54 | INFO | [ncluster=295/295] AUC-ROC=95.23%  AUC-PR=93.00%  F1=0.9084  MCC=0.8123  Train=0.954s  Test=2.273s  Peak RAM=96.974 MB
2026-03-18 06:10:54 | INFO | [ncluster=300/300] AUC-ROC=95.71%  AUC-PR=93.79%  F1=0.9142  MCC=0.8242  Train=0.915s  Test=1.621s  Peak RAM=96.976 MB
2026-03-18 06:10:54 | INFO | --- noise=1% ---
2026-03-18 06:10:54 | INFO | ============================================================
2026-03-18 06:10:54 | INFO | Dataset  : Train_RobustScaler_data_N_BaIoT.csv
2026-03-18 06:10:54 | INFO | Scaler   : RobustScaler
2026-03-18 06:10:54 | INFO | Noise    : 1%
2026-03-18 06:10:54 | INFO | nClusters: 51 values (50..300)
2026-03-18 06:10:54 | INFO | ============================================================
2026-03-18 06:10:55 | INFO | Loaded Raw Shape -> Train: (30000, 116), Test: (30000, 116)
2026-03-18 06:10:55 | INFO | Training size : 30,300  |  Testing size: 29,700  |  Features: 115
2026-03-18 06:10:55 | INFO | Firing up Parallel execution for 51 cluster configs...
2026-03-18 06:15:24 | INFO | [ncluster=50/50] AUC-ROC=80.54%  AUC-PR=65.33%  F1=0.8729  MCC=0.7319  Train=3.108s  Test=5.850s  Peak RAM=97.828 MB
2026-03-18 06:15:24 | INFO | [ncluster=55/55] AUC-ROC=80.51%  AUC-PR=65.31%  F1=0.8723  MCC=0.7305  Train=3.376s  Test=6.662s  Peak RAM=97.83 MB
2026-03-18 06:15:24 | INFO | [ncluster=60/60] AUC-ROC=80.05%  AUC-PR=65.02%  F1=0.8638  MCC=0.7114  Train=4.061s  Test=6.975s  Peak RAM=97.832 MB
2026-03-18 06:15:24 | INFO | [ncluster=65/65] AUC-ROC=80.53%  AUC-PR=65.33%  F1=0.8747  MCC=0.7359  Train=3.963s  Test=7.663s  Peak RAM=97.834 MB
2026-03-18 06:15:24 | INFO | [ncluster=70/70] AUC-ROC=80.34%  AUC-PR=65.20%  F1=0.8696  MCC=0.7243  Train=5.376s  Test=7.093s  Peak RAM=97.836 MB
2026-03-18 06:15:24 | INFO | [ncluster=75/75] AUC-ROC=80.54%  AUC-PR=65.34%  F1=0.8747  MCC=0.7359  Train=5.677s  Test=6.822s  Peak RAM=97.84 MB
2026-03-18 06:15:24 | INFO | [ncluster=80/80] AUC-ROC=80.23%  AUC-PR=65.14%  F1=0.8681  MCC=0.7210  Train=5.446s  Test=7.302s  Peak RAM=97.841 MB
2026-03-18 06:15:24 | INFO | [ncluster=85/85] AUC-ROC=80.51%  AUC-PR=65.31%  F1=0.8734  MCC=0.7329  Train=6.576s  Test=7.279s  Peak RAM=97.843 MB
2026-03-18 06:15:24 | INFO | [ncluster=90/90] AUC-ROC=80.33%  AUC-PR=65.20%  F1=0.8702  MCC=0.7258  Train=4.878s  Test=6.983s  Peak RAM=97.845 MB
2026-03-18 06:15:24 | INFO | [ncluster=95/95] AUC-ROC=80.30%  AUC-PR=65.19%  F1=0.8674  MCC=0.7196  Train=5.696s  Test=7.576s  Peak RAM=97.849 MB
2026-03-18 06:15:24 | INFO | [ncluster=100/100] AUC-ROC=80.45%  AUC-PR=65.28%  F1=0.8727  MCC=0.7316  Train=4.901s  Test=6.108s  Peak RAM=97.85 MB
2026-03-18 06:15:24 | INFO | [ncluster=105/105] AUC-ROC=80.50%  AUC-PR=65.32%  F1=0.8743  MCC=0.7349  Train=5.264s  Test=8.451s  Peak RAM=97.853 MB
2026-03-18 06:15:24 | INFO | [ncluster=110/110] AUC-ROC=80.37%  AUC-PR=65.23%  F1=0.8709  MCC=0.7274  Train=3.412s  Test=4.838s  Peak RAM=97.855 MB
2026-03-18 06:15:24 | INFO | [ncluster=115/115] AUC-ROC=80.47%  AUC-PR=65.29%  F1=0.8727  MCC=0.7314  Train=3.794s  Test=4.796s  Peak RAM=97.858 MB
2026-03-18 06:15:24 | INFO | [ncluster=120/120] AUC-ROC=80.59%  AUC-PR=65.37%  F1=0.8769  MCC=0.7409  Train=4.753s  Test=6.656s  Peak RAM=97.86 MB
2026-03-18 06:15:24 | INFO | [ncluster=125/125] AUC-ROC=80.41%  AUC-PR=65.25%  F1=0.8699  MCC=0.7251  Train=3.838s  Test=5.785s  Peak RAM=97.864 MB
2026-03-18 06:15:24 | INFO | [ncluster=130/130] AUC-ROC=80.50%  AUC-PR=65.31%  F1=0.8716  MCC=0.7290  Train=4.145s  Test=6.302s  Peak RAM=97.865 MB
2026-03-18 06:15:24 | INFO | [ncluster=135/135] AUC-ROC=80.36%  AUC-PR=65.23%  F1=0.8703  MCC=0.7260  Train=4.621s  Test=5.840s  Peak RAM=97.867 MB
2026-03-18 06:15:24 | INFO | [ncluster=140/140] AUC-ROC=80.54%  AUC-PR=65.35%  F1=0.8752  MCC=0.7370  Train=4.209s  Test=5.819s  Peak RAM=97.869 MB
2026-03-18 06:15:24 | INFO | [ncluster=145/145] AUC-ROC=80.36%  AUC-PR=65.23%  F1=0.8704  MCC=0.7262  Train=4.694s  Test=5.763s  Peak RAM=97.871 MB
2026-03-18 06:15:24 | INFO | [ncluster=150/150] AUC-ROC=80.62%  AUC-PR=65.40%  F1=0.8780  MCC=0.7434  Train=4.368s  Test=6.334s  Peak RAM=97.874 MB
2026-03-18 06:15:24 | INFO | [ncluster=155/155] AUC-ROC=80.53%  AUC-PR=65.33%  F1=0.8746  MCC=0.7358  Train=3.958s  Test=6.095s  Peak RAM=97.875 MB
2026-03-18 06:15:24 | INFO | [ncluster=160/160] AUC-ROC=80.42%  AUC-PR=65.27%  F1=0.8711  MCC=0.7278  Train=4.474s  Test=6.668s  Peak RAM=97.878 MB
2026-03-18 06:15:24 | INFO | [ncluster=165/165] AUC-ROC=80.55%  AUC-PR=65.35%  F1=0.8743  MCC=0.7349  Train=5.138s  Test=6.016s  Peak RAM=97.88 MB
2026-03-18 06:15:24 | INFO | [ncluster=170/170] AUC-ROC=80.57%  AUC-PR=65.37%  F1=0.8744  MCC=0.7352  Train=3.848s  Test=5.152s  Peak RAM=97.884 MB
2026-03-18 06:15:24 | INFO | [ncluster=175/175] AUC-ROC=80.27%  AUC-PR=65.17%  F1=0.8683  MCC=0.7214  Train=3.897s  Test=5.387s  Peak RAM=97.886 MB
2026-03-18 06:15:24 | INFO | [ncluster=180/180] AUC-ROC=80.45%  AUC-PR=65.28%  F1=0.8717  MCC=0.7292  Train=4.076s  Test=6.484s  Peak RAM=97.887 MB
2026-03-18 06:15:24 | INFO | [ncluster=185/185] AUC-ROC=80.40%  AUC-PR=65.25%  F1=0.8714  MCC=0.7286  Train=4.029s  Test=6.120s  Peak RAM=97.89 MB
2026-03-18 06:15:24 | INFO | [ncluster=190/190] AUC-ROC=80.47%  AUC-PR=65.31%  F1=0.8722  MCC=0.7303  Train=5.105s  Test=5.942s  Peak RAM=97.894 MB
2026-03-18 06:15:24 | INFO | [ncluster=195/195] AUC-ROC=80.46%  AUC-PR=65.29%  F1=0.8728  MCC=0.7318  Train=5.491s  Test=5.449s  Peak RAM=97.894 MB
2026-03-18 06:15:24 | INFO | [ncluster=200/200] AUC-ROC=80.49%  AUC-PR=65.32%  F1=0.8729  MCC=0.7319  Train=3.802s  Test=4.891s  Peak RAM=97.896 MB
2026-03-18 06:15:24 | INFO | [ncluster=205/205] AUC-ROC=80.36%  AUC-PR=65.23%  F1=0.8701  MCC=0.7256  Train=2.954s  Test=4.702s  Peak RAM=97.899 MB
2026-03-18 06:15:24 | INFO | [ncluster=210/210] AUC-ROC=80.46%  AUC-PR=65.30%  F1=0.8713  MCC=0.7283  Train=3.740s  Test=5.007s  Peak RAM=97.902 MB
2026-03-18 06:15:24 | INFO | [ncluster=215/215] AUC-ROC=80.55%  AUC-PR=65.35%  F1=0.8757  MCC=0.7381  Train=4.154s  Test=5.798s  Peak RAM=97.904 MB
2026-03-18 06:15:24 | INFO | [ncluster=220/220] AUC-ROC=80.55%  AUC-PR=65.35%  F1=0.8727  MCC=0.7314  Train=4.587s  Test=5.071s  Peak RAM=97.907 MB
2026-03-18 06:15:24 | INFO | [ncluster=225/225] AUC-ROC=80.43%  AUC-PR=65.27%  F1=0.8695  MCC=0.7242  Train=3.605s  Test=5.407s  Peak RAM=97.908 MB
2026-03-18 06:15:24 | INFO | [ncluster=230/230] AUC-ROC=80.56%  AUC-PR=65.35%  F1=0.8740  MCC=0.7342  Train=2.110s  Test=5.062s  Peak RAM=97.911 MB
2026-03-18 06:15:24 | INFO | [ncluster=235/235] AUC-ROC=80.29%  AUC-PR=65.18%  F1=0.8672  MCC=0.7190  Train=3.773s  Test=5.135s  Peak RAM=97.914 MB
2026-03-18 06:15:24 | INFO | [ncluster=240/240] AUC-ROC=80.43%  AUC-PR=65.28%  F1=0.8692  MCC=0.7235  Train=2.570s  Test=5.028s  Peak RAM=97.915 MB
2026-03-18 06:15:24 | INFO | [ncluster=245/245] AUC-ROC=80.44%  AUC-PR=65.27%  F1=0.8702  MCC=0.7257  Train=2.700s  Test=5.685s  Peak RAM=97.918 MB
2026-03-18 06:15:24 | INFO | [ncluster=250/250] AUC-ROC=80.61%  AUC-PR=65.39%  F1=0.8748  MCC=0.7361  Train=4.023s  Test=5.902s  Peak RAM=97.92 MB
2026-03-18 06:15:24 | INFO | [ncluster=255/255] AUC-ROC=80.37%  AUC-PR=65.24%  F1=0.8681  MCC=0.7212  Train=3.265s  Test=3.558s  Peak RAM=97.922 MB
2026-03-18 06:15:24 | INFO | [ncluster=260/260] AUC-ROC=80.47%  AUC-PR=65.30%  F1=0.8689  MCC=0.7229  Train=2.122s  Test=2.994s  Peak RAM=97.924 MB
2026-03-18 06:15:24 | INFO | [ncluster=265/265] AUC-ROC=80.42%  AUC-PR=65.27%  F1=0.8706  MCC=0.7266  Train=1.258s  Test=2.432s  Peak RAM=97.927 MB
2026-03-18 06:15:24 | INFO | [ncluster=270/270] AUC-ROC=80.52%  AUC-PR=65.33%  F1=0.8724  MCC=0.7308  Train=1.990s  Test=2.681s  Peak RAM=97.93 MB
2026-03-18 06:15:24 | INFO | [ncluster=275/275] AUC-ROC=80.33%  AUC-PR=65.21%  F1=0.8668  MCC=0.7182  Train=1.976s  Test=2.149s  Peak RAM=97.931 MB
2026-03-18 06:15:24 | INFO | [ncluster=280/280] AUC-ROC=80.31%  AUC-PR=65.19%  F1=0.8658  MCC=0.7162  Train=1.139s  Test=1.978s  Peak RAM=97.935 MB
2026-03-18 06:15:24 | INFO | [ncluster=285/285] AUC-ROC=80.42%  AUC-PR=65.27%  F1=0.8690  MCC=0.7230  Train=0.995s  Test=1.854s  Peak RAM=97.935 MB
2026-03-18 06:15:24 | INFO | [ncluster=290/290] AUC-ROC=80.30%  AUC-PR=65.19%  F1=0.8675  MCC=0.7198  Train=1.074s  Test=1.828s  Peak RAM=97.939 MB
2026-03-18 06:15:24 | INFO | [ncluster=295/295] AUC-ROC=80.37%  AUC-PR=65.24%  F1=0.8694  MCC=0.7239  Train=0.852s  Test=1.584s  Peak RAM=97.942 MB
2026-03-18 06:15:24 | INFO | [ncluster=300/300] AUC-ROC=80.34%  AUC-PR=65.22%  F1=0.8683  MCC=0.7216  Train=0.806s  Test=1.579s  Peak RAM=97.943 MB
2026-03-18 06:15:24 | INFO | --- noise=3% ---
2026-03-18 06:15:24 | INFO | ============================================================
2026-03-18 06:15:24 | INFO | Dataset  : Train_RobustScaler_data_N_BaIoT.csv
2026-03-18 06:15:24 | INFO | Scaler   : RobustScaler
2026-03-18 06:15:24 | INFO | Noise    : 3%
2026-03-18 06:15:24 | INFO | nClusters: 51 values (50..300)
2026-03-18 06:15:24 | INFO | ============================================================
2026-03-18 06:15:24 | INFO | Loaded Raw Shape -> Train: (30000, 116), Test: (30000, 116)
2026-03-18 06:15:25 | INFO | Training size : 30,900  |  Testing size: 29,100  |  Features: 115
2026-03-18 06:15:25 | INFO | Firing up Parallel execution for 51 cluster configs...
2026-03-18 06:20:08 | INFO | [ncluster=50/50] AUC-ROC=79.43%  AUC-PR=65.43%  F1=0.8578  MCC=0.6905  Train=2.966s  Test=5.425s  Peak RAM=99.762 MB
2026-03-18 06:20:08 | INFO | [ncluster=55/55] AUC-ROC=79.51%  AUC-PR=65.51%  F1=0.8589  MCC=0.6931  Train=3.813s  Test=7.534s  Peak RAM=99.763 MB
2026-03-18 06:20:08 | INFO | [ncluster=60/60] AUC-ROC=79.22%  AUC-PR=65.32%  F1=0.8533  MCC=0.6806  Train=4.009s  Test=7.768s  Peak RAM=99.766 MB
2026-03-18 06:20:08 | INFO | [ncluster=65/65] AUC-ROC=79.20%  AUC-PR=65.31%  F1=0.8525  MCC=0.6787  Train=4.439s  Test=8.454s  Peak RAM=99.768 MB
2026-03-18 06:20:08 | INFO | [ncluster=70/70] AUC-ROC=79.20%  AUC-PR=65.29%  F1=0.8551  MCC=0.6842  Train=5.907s  Test=6.951s  Peak RAM=99.771 MB
2026-03-18 06:20:08 | INFO | [ncluster=75/75] AUC-ROC=79.07%  AUC-PR=65.22%  F1=0.8510  MCC=0.6749  Train=3.985s  Test=6.791s  Peak RAM=99.774 MB
2026-03-18 06:20:08 | INFO | [ncluster=80/80] AUC-ROC=79.45%  AUC-PR=65.47%  F1=0.8556  MCC=0.6863  Train=4.915s  Test=6.283s  Peak RAM=99.776 MB
2026-03-18 06:20:08 | INFO | [ncluster=85/85] AUC-ROC=79.30%  AUC-PR=65.38%  F1=0.8521  MCC=0.6789  Train=5.726s  Test=6.487s  Peak RAM=99.778 MB
2026-03-18 06:20:08 | INFO | [ncluster=90/90] AUC-ROC=79.54%  AUC-PR=65.53%  F1=0.8582  MCC=0.6917  Train=5.461s  Test=6.422s  Peak RAM=99.781 MB
2026-03-18 06:20:08 | INFO | [ncluster=95/95] AUC-ROC=79.50%  AUC-PR=65.50%  F1=0.8554  MCC=0.6863  Train=6.150s  Test=6.325s  Peak RAM=99.782 MB
2026-03-18 06:20:08 | INFO | [ncluster=100/100] AUC-ROC=79.42%  AUC-PR=65.45%  F1=0.8572  MCC=0.6899  Train=5.113s  Test=6.274s  Peak RAM=99.785 MB
2026-03-18 06:20:08 | INFO | [ncluster=105/105] AUC-ROC=79.22%  AUC-PR=65.32%  F1=0.8531  MCC=0.6800  Train=5.815s  Test=6.051s  Peak RAM=99.787 MB
2026-03-18 06:20:08 | INFO | [ncluster=110/110] AUC-ROC=79.32%  AUC-PR=65.38%  F1=0.8552  MCC=0.6853  Train=3.858s  Test=5.433s  Peak RAM=99.791 MB
2026-03-18 06:20:08 | INFO | [ncluster=115/115] AUC-ROC=79.39%  AUC-PR=65.41%  F1=0.8549  MCC=0.6849  Train=3.080s  Test=5.218s  Peak RAM=99.792 MB
2026-03-18 06:20:08 | INFO | [ncluster=120/120] AUC-ROC=79.51%  AUC-PR=65.50%  F1=0.8585  MCC=0.6921  Train=4.211s  Test=7.117s  Peak RAM=99.794 MB
2026-03-18 06:20:08 | INFO | [ncluster=125/125] AUC-ROC=79.14%  AUC-PR=65.28%  F1=0.8518  MCC=0.6770  Train=4.386s  Test=7.933s  Peak RAM=99.796 MB
2026-03-18 06:20:08 | INFO | [ncluster=130/130] AUC-ROC=79.28%  AUC-PR=65.36%  F1=0.8536  MCC=0.6813  Train=3.988s  Test=7.607s  Peak RAM=99.799 MB
2026-03-18 06:20:08 | INFO | [ncluster=135/135] AUC-ROC=79.01%  AUC-PR=65.21%  F1=0.8474  MCC=0.6682  Train=3.432s  Test=6.275s  Peak RAM=99.801 MB
2026-03-18 06:20:08 | INFO | [ncluster=140/140] AUC-ROC=79.45%  AUC-PR=65.47%  F1=0.8580  MCC=0.6907  Train=5.337s  Test=6.270s  Peak RAM=99.804 MB
2026-03-18 06:20:08 | INFO | [ncluster=145/145] AUC-ROC=79.21%  AUC-PR=65.34%  F1=0.8519  MCC=0.6781  Train=5.057s  Test=6.330s  Peak RAM=99.806 MB
2026-03-18 06:20:08 | INFO | [ncluster=150/150] AUC-ROC=79.27%  AUC-PR=65.35%  F1=0.8524  MCC=0.6790  Train=2.864s  Test=6.338s  Peak RAM=99.808 MB
2026-03-18 06:20:08 | INFO | [ncluster=155/155] AUC-ROC=79.29%  AUC-PR=65.37%  F1=0.8532  MCC=0.6805  Train=3.554s  Test=5.201s  Peak RAM=99.811 MB
2026-03-18 06:20:08 | INFO | [ncluster=160/160] AUC-ROC=79.32%  AUC-PR=65.38%  F1=0.8541  MCC=0.6821  Train=4.555s  Test=6.019s  Peak RAM=99.814 MB
2026-03-18 06:20:08 | INFO | [ncluster=165/165] AUC-ROC=79.32%  AUC-PR=65.39%  F1=0.8538  MCC=0.6820  Train=3.840s  Test=5.556s  Peak RAM=99.815 MB
2026-03-18 06:20:08 | INFO | [ncluster=170/170] AUC-ROC=79.17%  AUC-PR=65.31%  F1=0.8496  MCC=0.6732  Train=2.857s  Test=4.729s  Peak RAM=99.817 MB
2026-03-18 06:20:08 | INFO | [ncluster=175/175] AUC-ROC=79.43%  AUC-PR=65.46%  F1=0.8562  MCC=0.6869  Train=3.262s  Test=5.128s  Peak RAM=99.82 MB
2026-03-18 06:20:08 | INFO | [ncluster=180/180] AUC-ROC=79.40%  AUC-PR=65.45%  F1=0.8552  MCC=0.6852  Train=4.480s  Test=5.717s  Peak RAM=99.822 MB
2026-03-18 06:20:08 | INFO | [ncluster=185/185] AUC-ROC=79.19%  AUC-PR=65.31%  F1=0.8520  MCC=0.6779  Train=3.475s  Test=5.228s  Peak RAM=99.824 MB
2026-03-18 06:20:08 | INFO | [ncluster=190/190] AUC-ROC=79.35%  AUC-PR=65.41%  F1=0.8537  MCC=0.6821  Train=3.469s  Test=6.259s  Peak RAM=99.827 MB
2026-03-18 06:20:08 | INFO | [ncluster=195/195] AUC-ROC=79.39%  AUC-PR=65.44%  F1=0.8553  MCC=0.6855  Train=5.530s  Test=5.262s  Peak RAM=99.828 MB
2026-03-18 06:20:08 | INFO | [ncluster=200/200] AUC-ROC=79.27%  AUC-PR=65.38%  F1=0.8522  MCC=0.6785  Train=2.902s  Test=5.505s  Peak RAM=99.832 MB
2026-03-18 06:20:08 | INFO | [ncluster=205/205] AUC-ROC=79.43%  AUC-PR=65.47%  F1=0.8566  MCC=0.6880  Train=4.330s  Test=5.971s  Peak RAM=99.833 MB
2026-03-18 06:20:08 | INFO | [ncluster=210/210] AUC-ROC=79.42%  AUC-PR=65.46%  F1=0.8555  MCC=0.6854  Train=3.078s  Test=5.700s  Peak RAM=99.836 MB
2026-03-18 06:20:08 | INFO | [ncluster=215/215] AUC-ROC=79.24%  AUC-PR=65.36%  F1=0.8532  MCC=0.6801  Train=3.927s  Test=5.905s  Peak RAM=99.838 MB
2026-03-18 06:20:08 | INFO | [ncluster=220/220] AUC-ROC=79.23%  AUC-PR=65.35%  F1=0.8543  MCC=0.6826  Train=2.747s  Test=4.660s  Peak RAM=99.84 MB
2026-03-18 06:20:08 | INFO | [ncluster=225/225] AUC-ROC=79.30%  AUC-PR=65.40%  F1=0.8531  MCC=0.6812  Train=3.198s  Test=4.599s  Peak RAM=99.843 MB
2026-03-18 06:20:08 | INFO | [ncluster=230/230] AUC-ROC=79.40%  AUC-PR=65.46%  F1=0.8545  MCC=0.6840  Train=2.872s  Test=5.271s  Peak RAM=99.846 MB
2026-03-18 06:20:08 | INFO | [ncluster=235/235] AUC-ROC=79.31%  AUC-PR=65.39%  F1=0.8500  MCC=0.6747  Train=2.859s  Test=4.443s  Peak RAM=99.848 MB
2026-03-18 06:20:08 | INFO | [ncluster=240/240] AUC-ROC=79.41%  AUC-PR=65.46%  F1=0.8552  MCC=0.6852  Train=2.731s  Test=4.560s  Peak RAM=99.85 MB
2026-03-18 06:20:08 | INFO | [ncluster=245/245] AUC-ROC=79.49%  AUC-PR=65.51%  F1=0.8575  MCC=0.6905  Train=3.713s  Test=4.649s  Peak RAM=99.852 MB
2026-03-18 06:20:08 | INFO | [ncluster=250/250] AUC-ROC=79.08%  AUC-PR=65.27%  F1=0.8512  MCC=0.6758  Train=3.786s  Test=4.630s  Peak RAM=99.854 MB
2026-03-18 06:20:08 | INFO | [ncluster=255/255] AUC-ROC=79.20%  AUC-PR=65.34%  F1=0.8512  MCC=0.6761  Train=3.517s  Test=4.872s  Peak RAM=99.856 MB
2026-03-18 06:20:08 | INFO | [ncluster=260/260] AUC-ROC=79.30%  AUC-PR=65.41%  F1=0.8516  MCC=0.6774  Train=3.109s  Test=4.884s  Peak RAM=99.858 MB
2026-03-18 06:20:08 | INFO | [ncluster=265/265] AUC-ROC=79.33%  AUC-PR=65.42%  F1=0.8516  MCC=0.6776  Train=2.030s  Test=2.974s  Peak RAM=99.861 MB
2026-03-18 06:20:08 | INFO | [ncluster=270/270] AUC-ROC=79.35%  AUC-PR=65.43%  F1=0.8528  MCC=0.6801  Train=1.585s  Test=3.024s  Peak RAM=99.869 MB
2026-03-18 06:20:08 | INFO | [ncluster=275/275] AUC-ROC=79.53%  AUC-PR=65.55%  F1=0.8562  MCC=0.6876  Train=1.941s  Test=3.758s  Peak RAM=99.866 MB
2026-03-18 06:20:08 | INFO | [ncluster=280/280] AUC-ROC=79.48%  AUC-PR=65.50%  F1=0.8580  MCC=0.6915  Train=1.876s  Test=3.770s  Peak RAM=99.868 MB
2026-03-18 06:20:08 | INFO | [ncluster=285/285] AUC-ROC=79.45%  AUC-PR=65.49%  F1=0.8551  MCC=0.6850  Train=1.519s  Test=2.345s  Peak RAM=99.871 MB
2026-03-18 06:20:08 | INFO | [ncluster=290/290] AUC-ROC=79.37%  AUC-PR=65.45%  F1=0.8536  MCC=0.6818  Train=1.401s  Test=2.300s  Peak RAM=99.873 MB
2026-03-18 06:20:08 | INFO | [ncluster=295/295] AUC-ROC=79.43%  AUC-PR=65.49%  F1=0.8558  MCC=0.6864  Train=1.313s  Test=2.147s  Peak RAM=99.876 MB
2026-03-18 06:20:08 | INFO | [ncluster=300/300] AUC-ROC=79.35%  AUC-PR=65.43%  F1=0.8510  MCC=0.6766  Train=1.128s  Test=1.761s  Peak RAM=99.882 MB
2026-03-18 06:20:08 | INFO | --- noise=5% ---
2026-03-18 06:20:08 | INFO | ============================================================
2026-03-18 06:20:08 | INFO | Dataset  : Train_RobustScaler_data_N_BaIoT.csv
2026-03-18 06:20:08 | INFO | Scaler   : RobustScaler
2026-03-18 06:20:08 | INFO | Noise    : 5%
2026-03-18 06:20:08 | INFO | nClusters: 51 values (50..300)
2026-03-18 06:20:08 | INFO | ============================================================
2026-03-18 06:20:09 | INFO | Loaded Raw Shape -> Train: (30000, 116), Test: (30000, 116)
2026-03-18 06:20:09 | INFO | Training size : 31,500  |  Testing size: 28,500  |  Features: 115
2026-03-18 06:20:09 | INFO | Firing up Parallel execution for 51 cluster configs...
2026-03-18 06:25:01 | INFO | [ncluster=50/50] AUC-ROC=78.19%  AUC-PR=65.44%  F1=0.8451  MCC=0.6525  Train=2.580s  Test=6.632s  Peak RAM=101.696 MB
2026-03-18 06:25:01 | INFO | [ncluster=55/55] AUC-ROC=78.05%  AUC-PR=65.34%  F1=0.8432  MCC=0.6474  Train=3.802s  Test=6.040s  Peak RAM=101.704 MB
2026-03-18 06:25:01 | INFO | [ncluster=60/60] AUC-ROC=78.07%  AUC-PR=65.38%  F1=0.8410  MCC=0.6444  Train=4.363s  Test=6.551s  Peak RAM=101.701 MB
2026-03-18 06:25:01 | INFO | [ncluster=65/65] AUC-ROC=78.55%  AUC-PR=65.71%  F1=0.8465  MCC=0.6579  Train=4.330s  Test=7.334s  Peak RAM=101.712 MB
2026-03-18 06:25:01 | INFO | [ncluster=70/70] AUC-ROC=78.07%  AUC-PR=65.38%  F1=0.8413  MCC=0.6447  Train=4.686s  Test=7.550s  Peak RAM=101.705 MB
2026-03-18 06:25:01 | INFO | [ncluster=75/75] AUC-ROC=78.13%  AUC-PR=65.47%  F1=0.8397  MCC=0.6422  Train=5.506s  Test=7.503s  Peak RAM=101.708 MB
2026-03-18 06:25:01 | INFO | [ncluster=80/80] AUC-ROC=78.35%  AUC-PR=65.60%  F1=0.8424  MCC=0.6486  Train=4.976s  Test=7.222s  Peak RAM=101.711 MB
2026-03-18 06:25:01 | INFO | [ncluster=85/85] AUC-ROC=78.37%  AUC-PR=65.62%  F1=0.8439  MCC=0.6521  Train=5.667s  Test=6.501s  Peak RAM=101.713 MB
2026-03-18 06:25:01 | INFO | [ncluster=90/90] AUC-ROC=78.37%  AUC-PR=65.62%  F1=0.8440  MCC=0.6520  Train=4.573s  Test=7.944s  Peak RAM=101.715 MB
2026-03-18 06:25:01 | INFO | [ncluster=95/95] AUC-ROC=78.29%  AUC-PR=65.56%  F1=0.8446  MCC=0.6525  Train=5.050s  Test=7.605s  Peak RAM=101.717 MB
2026-03-18 06:25:01 | INFO | [ncluster=100/100] AUC-ROC=78.23%  AUC-PR=65.54%  F1=0.8411  MCC=0.6454  Train=5.598s  Test=7.161s  Peak RAM=101.719 MB
2026-03-18 06:25:01 | INFO | [ncluster=105/105] AUC-ROC=78.14%  AUC-PR=65.46%  F1=0.8418  MCC=0.6458  Train=5.504s  Test=6.129s  Peak RAM=101.723 MB
2026-03-18 06:25:01 | INFO | [ncluster=110/110] AUC-ROC=78.57%  AUC-PR=65.75%  F1=0.8482  MCC=0.6616  Train=4.021s  Test=6.148s  Peak RAM=101.724 MB
2026-03-18 06:25:01 | INFO | [ncluster=115/115] AUC-ROC=78.28%  AUC-PR=65.54%  F1=0.8453  MCC=0.6538  Train=3.568s  Test=6.365s  Peak RAM=101.726 MB
2026-03-18 06:25:01 | INFO | [ncluster=120/120] AUC-ROC=78.14%  AUC-PR=65.47%  F1=0.8436  MCC=0.6499  Train=4.329s  Test=5.451s  Peak RAM=101.735 MB
2026-03-18 06:25:01 | INFO | [ncluster=125/125] AUC-ROC=78.44%  AUC-PR=65.66%  F1=0.8467  MCC=0.6578  Train=3.239s  Test=5.088s  Peak RAM=101.73 MB
2026-03-18 06:25:01 | INFO | [ncluster=130/130] AUC-ROC=78.29%  AUC-PR=65.55%  F1=0.8450  MCC=0.6524  Train=4.156s  Test=4.892s  Peak RAM=101.733 MB
2026-03-18 06:25:01 | INFO | [ncluster=135/135] AUC-ROC=78.44%  AUC-PR=65.66%  F1=0.8453  MCC=0.6548  Train=3.816s  Test=5.039s  Peak RAM=101.735 MB
2026-03-18 06:25:01 | INFO | [ncluster=140/140] AUC-ROC=78.43%  AUC-PR=65.65%  F1=0.8480  MCC=0.6594  Train=4.509s  Test=5.907s  Peak RAM=101.739 MB
2026-03-18 06:25:01 | INFO | [ncluster=145/145] AUC-ROC=78.46%  AUC-PR=65.67%  F1=0.8477  MCC=0.6595  Train=3.322s  Test=6.179s  Peak RAM=101.74 MB
2026-03-18 06:25:01 | INFO | [ncluster=150/150] AUC-ROC=78.40%  AUC-PR=65.63%  F1=0.8471  MCC=0.6581  Train=4.008s  Test=6.165s  Peak RAM=101.746 MB
2026-03-18 06:25:01 | INFO | [ncluster=155/155] AUC-ROC=78.22%  AUC-PR=65.53%  F1=0.8426  MCC=0.6483  Train=4.079s  Test=5.663s  Peak RAM=101.745 MB
2026-03-18 06:25:01 | INFO | [ncluster=160/160] AUC-ROC=78.44%  AUC-PR=65.67%  F1=0.8468  MCC=0.6576  Train=5.017s  Test=6.543s  Peak RAM=101.747 MB
2026-03-18 06:25:01 | INFO | [ncluster=165/165] AUC-ROC=78.44%  AUC-PR=65.66%  F1=0.8460  MCC=0.6566  Train=4.913s  Test=5.087s  Peak RAM=101.75 MB
2026-03-18 06:25:01 | INFO | [ncluster=170/170] AUC-ROC=78.34%  AUC-PR=65.60%  F1=0.8426  MCC=0.6482  Train=3.765s  Test=6.260s  Peak RAM=101.751 MB
2026-03-18 06:25:01 | INFO | [ncluster=175/175] AUC-ROC=78.21%  AUC-PR=65.55%  F1=0.8422  MCC=0.6487  Train=3.531s  Test=6.583s  Peak RAM=101.755 MB
2026-03-18 06:25:01 | INFO | [ncluster=180/180] AUC-ROC=78.12%  AUC-PR=65.47%  F1=0.8410  MCC=0.6447  Train=4.907s  Test=5.742s  Peak RAM=101.757 MB
2026-03-18 06:25:01 | INFO | [ncluster=185/185] AUC-ROC=78.27%  AUC-PR=65.57%  F1=0.8430  MCC=0.6494  Train=3.886s  Test=5.048s  Peak RAM=101.76 MB
2026-03-18 06:25:01 | INFO | [ncluster=190/190] AUC-ROC=78.24%  AUC-PR=65.56%  F1=0.8411  MCC=0.6458  Train=3.795s  Test=4.976s  Peak RAM=101.761 MB
2026-03-18 06:25:01 | INFO | [ncluster=195/195] AUC-ROC=78.17%  AUC-PR=65.52%  F1=0.8421  MCC=0.6468  Train=3.539s  Test=4.441s  Peak RAM=101.764 MB
2026-03-18 06:25:01 | INFO | [ncluster=200/200] AUC-ROC=78.27%  AUC-PR=65.56%  F1=0.8439  MCC=0.6513  Train=3.714s  Test=5.155s  Peak RAM=101.766 MB
2026-03-18 06:25:01 | INFO | [ncluster=205/205] AUC-ROC=78.37%  AUC-PR=65.62%  F1=0.8456  MCC=0.6555  Train=3.624s  Test=4.397s  Peak RAM=101.775 MB
2026-03-18 06:25:01 | INFO | [ncluster=210/210] AUC-ROC=78.27%  AUC-PR=65.58%  F1=0.8417  MCC=0.6475  Train=2.855s  Test=4.695s  Peak RAM=101.773 MB
2026-03-18 06:25:01 | INFO | [ncluster=215/215] AUC-ROC=78.18%  AUC-PR=65.52%  F1=0.8428  MCC=0.6479  Train=2.673s  Test=5.440s  Peak RAM=101.771 MB
2026-03-18 06:25:01 | INFO | [ncluster=220/220] AUC-ROC=78.39%  AUC-PR=65.65%  F1=0.8443  MCC=0.6527  Train=3.122s  Test=4.485s  Peak RAM=101.775 MB
2026-03-18 06:25:01 | INFO | [ncluster=225/225] AUC-ROC=78.64%  AUC-PR=65.78%  F1=0.8502  MCC=0.6650  Train=3.156s  Test=4.290s  Peak RAM=101.782 MB
2026-03-18 06:25:01 | INFO | [ncluster=230/230] AUC-ROC=78.37%  AUC-PR=65.63%  F1=0.8453  MCC=0.6552  Train=3.339s  Test=3.814s  Peak RAM=101.781 MB
2026-03-18 06:25:01 | INFO | [ncluster=235/235] AUC-ROC=78.36%  AUC-PR=65.63%  F1=0.8453  MCC=0.6554  Train=3.600s  Test=6.301s  Peak RAM=101.783 MB
2026-03-18 06:25:01 | INFO | [ncluster=240/240] AUC-ROC=78.43%  AUC-PR=65.67%  F1=0.8472  MCC=0.6588  Train=2.650s  Test=5.114s  Peak RAM=101.784 MB
2026-03-18 06:25:01 | INFO | [ncluster=245/245] AUC-ROC=78.42%  AUC-PR=65.67%  F1=0.8467  MCC=0.6574  Train=4.372s  Test=6.794s  Peak RAM=101.786 MB
2026-03-18 06:25:01 | INFO | [ncluster=250/250] AUC-ROC=78.42%  AUC-PR=65.67%  F1=0.8454  MCC=0.6553  Train=3.977s  Test=5.297s  Peak RAM=101.789 MB
2026-03-18 06:25:01 | INFO | [ncluster=255/255] AUC-ROC=78.52%  AUC-PR=65.73%  F1=0.8482  MCC=0.6612  Train=2.689s  Test=5.122s  Peak RAM=101.797 MB
2026-03-18 06:25:01 | INFO | [ncluster=260/260] AUC-ROC=78.27%  AUC-PR=65.59%  F1=0.8437  MCC=0.6505  Train=2.645s  Test=4.982s  Peak RAM=101.794 MB
2026-03-18 06:25:01 | INFO | [ncluster=265/265] AUC-ROC=78.34%  AUC-PR=65.63%  F1=0.8450  MCC=0.6536  Train=1.477s  Test=3.478s  Peak RAM=101.798 MB
2026-03-18 06:25:01 | INFO | [ncluster=270/270] AUC-ROC=78.50%  AUC-PR=65.73%  F1=0.8482  MCC=0.6605  Train=2.574s  Test=4.340s  Peak RAM=101.798 MB
2026-03-18 06:25:01 | INFO | [ncluster=275/275] AUC-ROC=78.43%  AUC-PR=65.66%  F1=0.8458  MCC=0.6555  Train=2.866s  Test=4.044s  Peak RAM=101.801 MB
2026-03-18 06:25:01 | INFO | [ncluster=280/280] AUC-ROC=78.67%  AUC-PR=65.84%  F1=0.8495  MCC=0.6651  Train=2.014s  Test=2.423s  Peak RAM=101.802 MB
2026-03-18 06:25:01 | INFO | [ncluster=285/285] AUC-ROC=78.51%  AUC-PR=65.75%  F1=0.8480  MCC=0.6611  Train=1.126s  Test=2.223s  Peak RAM=101.806 MB
2026-03-18 06:25:01 | INFO | [ncluster=290/290] AUC-ROC=78.19%  AUC-PR=65.55%  F1=0.8410  MCC=0.6465  Train=0.966s  Test=2.076s  Peak RAM=101.807 MB
2026-03-18 06:25:01 | INFO | [ncluster=295/295] AUC-ROC=78.58%  AUC-PR=65.78%  F1=0.8486  MCC=0.6626  Train=1.102s  Test=1.962s  Peak RAM=101.811 MB
2026-03-18 06:25:01 | INFO | [ncluster=300/300] AUC-ROC=78.54%  AUC-PR=65.75%  F1=0.8481  MCC=0.6615  Train=1.251s  Test=1.600s  Peak RAM=101.812 MB
2026-03-18 06:25:01 | INFO | Results saved to: /home/jupyter-iclr2025/New Project/NFST/GMM-nfst/notebooks/experiments/outputs/noise/data_N_BaIoT_memopt_20260318_031153.csv
2026-03-18 06:25:01 | INFO | Log saved to    : /home/jupyter-iclr2025/New Project/NFST/GMM-nfst/notebooks/experiments/logs/data_N_BaIoT_memopt_20260318_031153.log
