2026-03-18 04:05:46 | INFO | Run started at 20260318_031153
2026-03-18 04:05:46 | INFO | Dataset prefix : data_ToNIoT
2026-03-18 04:05:46 | INFO | Scalers        : ['StandardScaler', 'MinMaxScaler', 'Normalizer', 'QuantileTransformer', 'RobustScaler']
2026-03-18 04:05:46 | INFO | N_CLUSTERS     : range(1, 301, 3) — 51 values
2026-03-18 04:05:46 | INFO | NOISE_LIST     : [0, 1, 3, 5]
2026-03-18 04:05:46 | INFO | CSV output     : /home/jupyter-iclr2025/New Project/NFST/GMM-nfst/notebooks/experiments/outputs/noise/data_ToNIoT_memopt_20260318_031153.csv
2026-03-18 04:05:46 | INFO | Log file       : /home/jupyter-iclr2025/New Project/NFST/GMM-nfst/notebooks/experiments/logs/data_ToNIoT_memopt_20260318_031153.log
2026-03-18 04:05:46 | INFO | ------------------------------------------------------------
2026-03-18 04:05:46 | INFO | 
>>> Processing data_ToNIoT | scaler=StandardScaler
2026-03-18 04:05:46 | INFO | --- noise=0% ---
2026-03-18 04:05:46 | INFO | ============================================================
2026-03-18 04:05:46 | INFO | Dataset  : Train_StandardScaler_data_ToNIoT.csv
2026-03-18 04:05:46 | INFO | Scaler   : StandardScaler
2026-03-18 04:05:46 | INFO | Noise    : 0%
2026-03-18 04:05:46 | INFO | nClusters: 51 values (50..300)
2026-03-18 04:05:46 | INFO | ============================================================
2026-03-18 04:05:47 | INFO | Loaded Raw Shape -> Train: (30000, 45), Test: (30000, 45)
2026-03-18 04:05:47 | INFO | Training size : 30,000  |  Testing size: 30,000  |  Features: 44
2026-03-18 04:05:47 | INFO | Firing up Parallel execution for 51 cluster configs...
2026-03-18 04:07:58 | INFO | [ncluster=50/50] AUC-ROC=50.64%  AUC-PR=50.32%  F1=0.6694  MCC=0.0775  Train=0.388s  Test=5.290s  Peak RAM=37.115 MB
2026-03-18 04:07:58 | INFO | [ncluster=55/55] AUC-ROC=51.33%  AUC-PR=50.67%  F1=0.6725  MCC=0.1139  Train=0.459s  Test=6.489s  Peak RAM=37.116 MB
2026-03-18 04:07:58 | INFO | [ncluster=60/60] AUC-ROC=50.85%  AUC-PR=50.43%  F1=0.6704  MCC=0.0902  Train=0.665s  Test=8.456s  Peak RAM=37.116 MB
2026-03-18 04:07:58 | INFO | [ncluster=65/65] AUC-ROC=51.17%  AUC-PR=50.59%  F1=0.6717  MCC=0.1054  Train=0.924s  Test=8.340s  Peak RAM=37.118 MB
2026-03-18 04:07:58 | INFO | [ncluster=70/70] AUC-ROC=51.31%  AUC-PR=50.66%  F1=0.6723  MCC=0.1110  Train=0.624s  Test=7.845s  Peak RAM=37.119 MB
2026-03-18 04:07:58 | INFO | [ncluster=75/75] AUC-ROC=54.58%  AUC-PR=52.40%  F1=0.6875  MCC=0.2169  Train=0.892s  Test=7.425s  Peak RAM=37.119 MB
2026-03-18 04:07:58 | INFO | [ncluster=80/80] AUC-ROC=52.49%  AUC-PR=51.28%  F1=0.6776  MCC=0.1555  Train=1.086s  Test=7.701s  Peak RAM=37.12 MB
2026-03-18 04:07:58 | INFO | [ncluster=85/85] AUC-ROC=54.19%  AUC-PR=52.19%  F1=0.6855  MCC=0.2056  Train=1.108s  Test=9.093s  Peak RAM=37.121 MB
2026-03-18 04:07:58 | INFO | [ncluster=90/90] AUC-ROC=52.76%  AUC-PR=51.42%  F1=0.6788  MCC=0.1643  Train=1.344s  Test=7.183s  Peak RAM=37.122 MB
2026-03-18 04:07:58 | INFO | [ncluster=95/95] AUC-ROC=58.20%  AUC-PR=54.47%  F1=0.7048  MCC=0.2958  Train=0.812s  Test=7.935s  Peak RAM=37.123 MB
2026-03-18 04:07:58 | INFO | [ncluster=100/100] AUC-ROC=55.65%  AUC-PR=53.00%  F1=0.6922  MCC=0.2400  Train=1.556s  Test=6.152s  Peak RAM=37.123 MB
2026-03-18 04:07:58 | INFO | [ncluster=105/105] AUC-ROC=58.35%  AUC-PR=54.56%  F1=0.7056  MCC=0.2987  Train=1.671s  Test=6.713s  Peak RAM=37.125 MB
2026-03-18 04:07:58 | INFO | [ncluster=110/110] AUC-ROC=55.84%  AUC-PR=53.10%  F1=0.6931  MCC=0.2442  Train=0.454s  Test=4.123s  Peak RAM=37.125 MB
2026-03-18 04:07:58 | INFO | [ncluster=115/115] AUC-ROC=59.91%  AUC-PR=55.50%  F1=0.7135  MCC=0.3292  Train=0.281s  Test=4.242s  Peak RAM=37.127 MB
2026-03-18 04:07:58 | INFO | [ncluster=120/120] AUC-ROC=58.39%  AUC-PR=54.58%  F1=0.7056  MCC=0.2987  Train=0.435s  Test=4.420s  Peak RAM=37.128 MB
2026-03-18 04:07:58 | INFO | [ncluster=125/125] AUC-ROC=60.05%  AUC-PR=55.59%  F1=0.7139  MCC=0.3299  Train=0.313s  Test=5.562s  Peak RAM=37.129 MB
2026-03-18 04:07:58 | INFO | [ncluster=130/130] AUC-ROC=66.31%  AUC-PR=59.76%  F1=0.7471  MCC=0.4364  Train=0.432s  Test=6.625s  Peak RAM=37.129 MB
2026-03-18 04:07:58 | INFO | [ncluster=135/135] AUC-ROC=62.91%  AUC-PR=57.42%  F1=0.7284  MCC=0.3791  Train=0.711s  Test=5.077s  Peak RAM=37.13 MB
2026-03-18 04:07:58 | INFO | [ncluster=140/140] AUC-ROC=64.17%  AUC-PR=58.27%  F1=0.7353  MCC=0.4008  Train=0.658s  Test=5.898s  Peak RAM=37.131 MB
2026-03-18 04:07:58 | INFO | [ncluster=145/145] AUC-ROC=66.12%  AUC-PR=59.63%  F1=0.7458  MCC=0.4324  Train=0.680s  Test=4.912s  Peak RAM=37.131 MB
2026-03-18 04:07:58 | INFO | [ncluster=150/150] AUC-ROC=72.29%  AUC-PR=64.37%  F1=0.7819  MCC=0.5304  Train=0.672s  Test=4.943s  Peak RAM=37.142 MB
2026-03-18 04:07:58 | INFO | [ncluster=155/155] AUC-ROC=72.48%  AUC-PR=64.53%  F1=0.7831  MCC=0.5335  Train=0.619s  Test=5.137s  Peak RAM=37.136 MB
2026-03-18 04:07:58 | INFO | [ncluster=160/160] AUC-ROC=69.74%  AUC-PR=62.32%  F1=0.7662  MCC=0.4891  Train=0.671s  Test=4.948s  Peak RAM=37.144 MB
2026-03-18 04:07:58 | INFO | [ncluster=165/165] AUC-ROC=74.16%  AUC-PR=65.97%  F1=0.7931  MCC=0.5580  Train=0.578s  Test=5.378s  Peak RAM=37.133 MB
2026-03-18 04:07:58 | INFO | [ncluster=170/170] AUC-ROC=72.13%  AUC-PR=64.24%  F1=0.7808  MCC=0.5274  Train=0.446s  Test=4.208s  Peak RAM=37.148 MB
2026-03-18 04:07:58 | INFO | [ncluster=175/175] AUC-ROC=77.31%  AUC-PR=68.85%  F1=0.8134  MCC=0.6067  Train=0.484s  Test=3.679s  Peak RAM=37.144 MB
2026-03-18 04:07:58 | INFO | [ncluster=180/180] AUC-ROC=77.03%  AUC-PR=68.58%  F1=0.8118  MCC=0.6030  Train=0.298s  Test=3.813s  Peak RAM=37.145 MB
2026-03-18 04:07:58 | INFO | [ncluster=185/185] AUC-ROC=78.13%  AUC-PR=69.64%  F1=0.8190  MCC=0.6196  Train=0.435s  Test=4.850s  Peak RAM=37.147 MB
2026-03-18 04:07:58 | INFO | [ncluster=190/190] AUC-ROC=78.90%  AUC-PR=70.39%  F1=0.8241  MCC=0.6315  Train=0.452s  Test=4.759s  Peak RAM=37.14 MB
2026-03-18 04:07:58 | INFO | [ncluster=195/195] AUC-ROC=57.55%  AUC-PR=54.09%  F1=0.7013  MCC=0.2802  Train=0.735s  Test=5.183s  Peak RAM=37.14 MB
2026-03-18 04:07:58 | INFO | [ncluster=200/200] AUC-ROC=75.66%  AUC-PR=67.33%  F1=0.8027  MCC=0.5812  Train=0.624s  Test=4.763s  Peak RAM=37.148 MB
2026-03-18 04:07:58 | INFO | [ncluster=205/205] AUC-ROC=59.55%  AUC-PR=55.29%  F1=0.7111  MCC=0.3189  Train=0.446s  Test=4.130s  Peak RAM=37.143 MB
2026-03-18 04:07:58 | INFO | [ncluster=210/210] AUC-ROC=81.86%  AUC-PR=73.49%  F1=0.8447  MCC=0.6776  Train=0.506s  Test=5.251s  Peak RAM=37.143 MB
2026-03-18 04:07:58 | INFO | [ncluster=215/215] AUC-ROC=82.26%  AUC-PR=73.93%  F1=0.8473  MCC=0.6831  Train=0.308s  Test=5.720s  Peak RAM=37.147 MB
2026-03-18 04:07:58 | INFO | [ncluster=220/220] AUC-ROC=86.25%  AUC-PR=78.61%  F1=0.8773  MCC=0.7482  Train=0.630s  Test=5.052s  Peak RAM=37.146 MB
2026-03-18 04:07:58 | INFO | [ncluster=225/225] AUC-ROC=61.89%  AUC-PR=56.76%  F1=0.7230  MCC=0.3607  Train=0.691s  Test=4.701s  Peak RAM=37.147 MB
2026-03-18 04:07:58 | INFO | [ncluster=230/230] AUC-ROC=88.58%  AUC-PR=81.59%  F1=0.8952  MCC=0.7859  Train=0.409s  Test=4.448s  Peak RAM=37.151 MB
2026-03-18 04:07:58 | INFO | [ncluster=235/235] AUC-ROC=86.43%  AUC-PR=78.81%  F1=0.8778  MCC=0.7489  Train=0.325s  Test=4.239s  Peak RAM=37.149 MB
2026-03-18 04:07:58 | INFO | [ncluster=240/240] AUC-ROC=87.29%  AUC-PR=79.92%  F1=0.8848  MCC=0.7640  Train=0.321s  Test=4.049s  Peak RAM=37.15 MB
2026-03-18 04:07:58 | INFO | [ncluster=245/245] AUC-ROC=64.11%  AUC-PR=58.23%  F1=0.7348  MCC=0.3987  Train=0.394s  Test=6.015s  Peak RAM=37.152 MB
2026-03-18 04:07:58 | INFO | [ncluster=250/250] AUC-ROC=66.01%  AUC-PR=59.56%  F1=0.7452  MCC=0.4302  Train=0.722s  Test=5.676s  Peak RAM=37.162 MB
2026-03-18 04:07:58 | INFO | [ncluster=255/255] AUC-ROC=90.18%  AUC-PR=83.85%  F1=0.9078  MCC=0.8119  Train=0.403s  Test=4.878s  Peak RAM=37.155 MB
2026-03-18 04:07:58 | INFO | [ncluster=260/260] AUC-ROC=68.57%  AUC-PR=61.44%  F1=0.7595  MCC=0.4707  Train=0.584s  Test=4.400s  Peak RAM=37.157 MB
2026-03-18 04:07:58 | INFO | [ncluster=265/265] AUC-ROC=67.95%  AUC-PR=60.98%  F1=0.7557  MCC=0.4597  Train=0.252s  Test=2.836s  Peak RAM=37.165 MB
2026-03-18 04:07:58 | INFO | [ncluster=270/270] AUC-ROC=90.63%  AUC-PR=84.47%  F1=0.9120  MCC=0.8208  Train=0.269s  Test=2.620s  Peak RAM=37.155 MB
2026-03-18 04:07:58 | INFO | [ncluster=275/275] AUC-ROC=73.31%  AUC-PR=65.26%  F1=0.7877  MCC=0.5444  Train=0.325s  Test=2.846s  Peak RAM=37.155 MB
2026-03-18 04:07:58 | INFO | [ncluster=280/280] AUC-ROC=71.06%  AUC-PR=63.39%  F1=0.7741  MCC=0.5098  Train=0.271s  Test=2.830s  Peak RAM=37.156 MB
2026-03-18 04:07:58 | INFO | [ncluster=285/285] AUC-ROC=76.00%  AUC-PR=67.65%  F1=0.8048  MCC=0.5860  Train=0.201s  Test=2.604s  Peak RAM=37.161 MB
2026-03-18 04:07:58 | INFO | [ncluster=290/290] AUC-ROC=74.87%  AUC-PR=66.62%  F1=0.7978  MCC=0.5692  Train=0.161s  Test=2.318s  Peak RAM=37.157 MB
2026-03-18 04:07:58 | INFO | [ncluster=295/295] AUC-ROC=93.17%  AUC-PR=88.31%  F1=0.9339  MCC=0.8660  Train=0.114s  Test=2.082s  Peak RAM=37.159 MB
2026-03-18 04:07:58 | INFO | [ncluster=300/300] AUC-ROC=83.45%  AUC-PR=75.30%  F1=0.8563  MCC=0.7030  Train=0.107s  Test=1.838s  Peak RAM=37.162 MB
2026-03-18 04:07:58 | INFO | --- noise=1% ---
2026-03-18 04:07:58 | INFO | ============================================================
2026-03-18 04:07:58 | INFO | Dataset  : Train_StandardScaler_data_ToNIoT.csv
2026-03-18 04:07:58 | INFO | Scaler   : StandardScaler
2026-03-18 04:07:58 | INFO | Noise    : 1%
2026-03-18 04:07:58 | INFO | nClusters: 51 values (50..300)
2026-03-18 04:07:58 | INFO | ============================================================
2026-03-18 04:07:58 | INFO | Loaded Raw Shape -> Train: (30000, 45), Test: (30000, 45)
2026-03-18 04:07:58 | INFO | Training size : 30,300  |  Testing size: 29,700  |  Features: 44
2026-03-18 04:07:58 | INFO | Firing up Parallel execution for 51 cluster configs...
2026-03-18 04:10:08 | INFO | [ncluster=50/50] AUC-ROC=50.42%  AUC-PR=50.72%  F1=0.6729  MCC=0.0612  Train=0.336s  Test=5.745s  Peak RAM=37.486 MB
2026-03-18 04:10:08 | INFO | [ncluster=55/55] AUC-ROC=50.59%  AUC-PR=50.80%  F1=0.6736  MCC=0.0739  Train=0.468s  Test=6.225s  Peak RAM=37.486 MB
2026-03-18 04:10:08 | INFO | [ncluster=60/60] AUC-ROC=50.63%  AUC-PR=50.82%  F1=0.6738  MCC=0.0772  Train=0.597s  Test=8.945s  Peak RAM=37.49 MB
2026-03-18 04:10:08 | INFO | [ncluster=65/65] AUC-ROC=50.51%  AUC-PR=50.76%  F1=0.6733  MCC=0.0683  Train=0.728s  Test=7.996s  Peak RAM=37.488 MB
2026-03-18 04:10:08 | INFO | [ncluster=70/70] AUC-ROC=50.70%  AUC-PR=50.86%  F1=0.6741  MCC=0.0808  Train=0.504s  Test=9.092s  Peak RAM=37.491 MB
2026-03-18 04:10:08 | INFO | [ncluster=75/75] AUC-ROC=50.56%  AUC-PR=50.79%  F1=0.6735  MCC=0.0719  Train=0.841s  Test=8.834s  Peak RAM=37.495 MB
2026-03-18 04:10:08 | INFO | [ncluster=80/80] AUC-ROC=50.82%  AUC-PR=50.92%  F1=0.6746  MCC=0.0876  Train=1.197s  Test=9.037s  Peak RAM=37.491 MB
2026-03-18 04:10:08 | INFO | [ncluster=85/85] AUC-ROC=51.07%  AUC-PR=51.04%  F1=0.6756  MCC=0.0989  Train=1.310s  Test=8.464s  Peak RAM=37.492 MB
2026-03-18 04:10:08 | INFO | [ncluster=90/90] AUC-ROC=50.93%  AUC-PR=50.98%  F1=0.6751  MCC=0.0936  Train=1.154s  Test=7.931s  Peak RAM=37.492 MB
2026-03-18 04:10:08 | INFO | [ncluster=95/95] AUC-ROC=51.35%  AUC-PR=51.19%  F1=0.6767  MCC=0.1096  Train=0.995s  Test=7.418s  Peak RAM=37.493 MB
2026-03-18 04:10:08 | INFO | [ncluster=100/100] AUC-ROC=50.95%  AUC-PR=50.98%  F1=0.6752  MCC=0.0945  Train=1.266s  Test=6.676s  Peak RAM=37.496 MB
2026-03-18 04:10:08 | INFO | [ncluster=105/105] AUC-ROC=51.38%  AUC-PR=51.21%  F1=0.6770  MCC=0.1132  Train=1.174s  Test=5.137s  Peak RAM=37.497 MB
2026-03-18 04:10:08 | INFO | [ncluster=110/110] AUC-ROC=51.04%  AUC-PR=51.03%  F1=0.6754  MCC=0.0965  Train=0.310s  Test=5.081s  Peak RAM=37.496 MB
2026-03-18 04:10:08 | INFO | [ncluster=115/115] AUC-ROC=51.27%  AUC-PR=51.15%  F1=0.6765  MCC=0.1082  Train=0.497s  Test=5.305s  Peak RAM=37.498 MB
2026-03-18 04:10:08 | INFO | [ncluster=120/120] AUC-ROC=51.71%  AUC-PR=51.37%  F1=0.6781  MCC=0.1223  Train=0.499s  Test=6.526s  Peak RAM=37.498 MB
2026-03-18 04:10:08 | INFO | [ncluster=125/125] AUC-ROC=51.46%  AUC-PR=51.25%  F1=0.6773  MCC=0.1156  Train=0.654s  Test=6.352s  Peak RAM=37.5 MB
2026-03-18 04:10:08 | INFO | [ncluster=130/130] AUC-ROC=51.54%  AUC-PR=51.29%  F1=0.6776  MCC=0.1189  Train=0.677s  Test=6.399s  Peak RAM=37.5 MB
2026-03-18 04:10:08 | INFO | [ncluster=135/135] AUC-ROC=51.77%  AUC-PR=51.40%  F1=0.6785  MCC=0.1266  Train=0.586s  Test=4.826s  Peak RAM=37.501 MB
2026-03-18 04:10:08 | INFO | [ncluster=140/140] AUC-ROC=51.90%  AUC-PR=51.47%  F1=0.6789  MCC=0.1290  Train=0.774s  Test=6.161s  Peak RAM=37.502 MB
2026-03-18 04:10:08 | INFO | [ncluster=145/145] AUC-ROC=51.81%  AUC-PR=51.43%  F1=0.6784  MCC=0.1244  Train=0.656s  Test=5.657s  Peak RAM=37.503 MB
2026-03-18 04:10:08 | INFO | [ncluster=150/150] AUC-ROC=52.48%  AUC-PR=51.78%  F1=0.6814  MCC=0.1486  Train=0.698s  Test=5.139s  Peak RAM=37.503 MB
2026-03-18 04:10:08 | INFO | [ncluster=155/155] AUC-ROC=53.09%  AUC-PR=52.10%  F1=0.6843  MCC=0.1705  Train=0.530s  Test=5.180s  Peak RAM=37.509 MB
2026-03-18 04:10:08 | INFO | [ncluster=160/160] AUC-ROC=53.10%  AUC-PR=52.10%  F1=0.6842  MCC=0.1696  Train=0.535s  Test=5.758s  Peak RAM=37.506 MB
2026-03-18 04:10:08 | INFO | [ncluster=165/165] AUC-ROC=53.16%  AUC-PR=52.14%  F1=0.6843  MCC=0.1690  Train=0.971s  Test=4.521s  Peak RAM=37.507 MB
2026-03-18 04:10:08 | INFO | [ncluster=170/170] AUC-ROC=53.30%  AUC-PR=52.21%  F1=0.6850  MCC=0.1741  Train=0.292s  Test=4.019s  Peak RAM=37.506 MB
2026-03-18 04:10:08 | INFO | [ncluster=175/175] AUC-ROC=51.02%  AUC-PR=51.02%  F1=0.6754  MCC=0.0968  Train=0.440s  Test=4.551s  Peak RAM=37.51 MB
2026-03-18 04:10:08 | INFO | [ncluster=180/180] AUC-ROC=53.68%  AUC-PR=52.42%  F1=0.6865  MCC=0.1832  Train=0.354s  Test=5.570s  Peak RAM=37.509 MB
2026-03-18 04:10:08 | INFO | [ncluster=185/185] AUC-ROC=54.45%  AUC-PR=52.84%  F1=0.6900  MCC=0.2039  Train=0.465s  Test=4.988s  Peak RAM=37.511 MB
2026-03-18 04:10:08 | INFO | [ncluster=190/190] AUC-ROC=54.85%  AUC-PR=53.06%  F1=0.6919  MCC=0.2138  Train=0.671s  Test=5.300s  Peak RAM=37.511 MB
2026-03-18 04:10:08 | INFO | [ncluster=195/195] AUC-ROC=54.93%  AUC-PR=53.10%  F1=0.6921  MCC=0.2147  Train=0.865s  Test=4.497s  Peak RAM=37.512 MB
2026-03-18 04:10:08 | INFO | [ncluster=200/200] AUC-ROC=55.18%  AUC-PR=53.25%  F1=0.6931  MCC=0.2193  Train=0.584s  Test=4.756s  Peak RAM=37.512 MB
2026-03-18 04:10:08 | INFO | [ncluster=205/205] AUC-ROC=55.61%  AUC-PR=53.48%  F1=0.6953  MCC=0.2316  Train=0.598s  Test=4.097s  Peak RAM=37.513 MB
2026-03-18 04:10:08 | INFO | [ncluster=210/210] AUC-ROC=54.92%  AUC-PR=53.10%  F1=0.6920  MCC=0.2137  Train=0.491s  Test=4.485s  Peak RAM=37.515 MB
2026-03-18 04:10:08 | INFO | [ncluster=215/215] AUC-ROC=55.50%  AUC-PR=53.43%  F1=0.6946  MCC=0.2274  Train=0.646s  Test=4.648s  Peak RAM=37.515 MB
2026-03-18 04:10:08 | INFO | [ncluster=220/220] AUC-ROC=56.03%  AUC-PR=53.72%  F1=0.6970  MCC=0.2394  Train=0.327s  Test=4.936s  Peak RAM=37.516 MB
2026-03-18 04:10:08 | INFO | [ncluster=225/225] AUC-ROC=52.07%  AUC-PR=51.56%  F1=0.6796  MCC=0.1355  Train=0.579s  Test=4.877s  Peak RAM=37.517 MB
2026-03-18 04:10:08 | INFO | [ncluster=230/230] AUC-ROC=56.56%  AUC-PR=54.03%  F1=0.6996  MCC=0.2516  Train=0.438s  Test=5.290s  Peak RAM=37.517 MB
2026-03-18 04:10:08 | INFO | [ncluster=235/235] AUC-ROC=56.87%  AUC-PR=54.20%  F1=0.7009  MCC=0.2573  Train=0.670s  Test=5.129s  Peak RAM=37.519 MB
2026-03-18 04:10:08 | INFO | [ncluster=240/240] AUC-ROC=52.91%  AUC-PR=52.01%  F1=0.6833  MCC=0.1630  Train=0.666s  Test=4.085s  Peak RAM=37.519 MB
2026-03-18 04:10:08 | INFO | [ncluster=245/245] AUC-ROC=57.81%  AUC-PR=54.76%  F1=0.7054  MCC=0.2771  Train=0.367s  Test=4.517s  Peak RAM=37.521 MB
2026-03-18 04:10:08 | INFO | [ncluster=250/250] AUC-ROC=59.26%  AUC-PR=55.63%  F1=0.7123  MCC=0.3044  Train=0.400s  Test=4.942s  Peak RAM=37.522 MB
2026-03-18 04:10:08 | INFO | [ncluster=255/255] AUC-ROC=60.06%  AUC-PR=56.12%  F1=0.7164  MCC=0.3207  Train=0.749s  Test=4.435s  Peak RAM=37.522 MB
2026-03-18 04:10:08 | INFO | [ncluster=260/260] AUC-ROC=53.72%  AUC-PR=52.44%  F1=0.6867  MCC=0.1841  Train=0.508s  Test=3.849s  Peak RAM=37.524 MB
2026-03-18 04:10:08 | INFO | [ncluster=265/265] AUC-ROC=53.89%  AUC-PR=52.53%  F1=0.6874  MCC=0.1885  Train=0.599s  Test=3.757s  Peak RAM=37.524 MB
2026-03-18 04:10:08 | INFO | [ncluster=270/270] AUC-ROC=54.27%  AUC-PR=52.74%  F1=0.6893  MCC=0.2001  Train=0.240s  Test=3.054s  Peak RAM=37.524 MB
2026-03-18 04:10:08 | INFO | [ncluster=275/275] AUC-ROC=60.92%  AUC-PR=56.67%  F1=0.7207  MCC=0.3364  Train=0.251s  Test=3.753s  Peak RAM=37.526 MB
2026-03-18 04:10:08 | INFO | [ncluster=280/280] AUC-ROC=54.68%  AUC-PR=52.97%  F1=0.6910  MCC=0.2091  Train=0.201s  Test=3.795s  Peak RAM=37.527 MB
2026-03-18 04:10:08 | INFO | [ncluster=285/285] AUC-ROC=55.51%  AUC-PR=53.43%  F1=0.6952  MCC=0.2317  Train=0.330s  Test=3.109s  Peak RAM=37.527 MB
2026-03-18 04:10:08 | INFO | [ncluster=290/290] AUC-ROC=61.26%  AUC-PR=56.88%  F1=0.7224  MCC=0.3426  Train=0.134s  Test=1.926s  Peak RAM=37.528 MB
2026-03-18 04:10:08 | INFO | [ncluster=295/295] AUC-ROC=61.89%  AUC-PR=57.29%  F1=0.7256  MCC=0.3538  Train=0.158s  Test=1.984s  Peak RAM=37.53 MB
2026-03-18 04:10:08 | INFO | [ncluster=300/300] AUC-ROC=54.26%  AUC-PR=52.73%  F1=0.6891  MCC=0.1980  Train=0.119s  Test=1.893s  Peak RAM=37.53 MB
2026-03-18 04:10:08 | INFO | --- noise=3% ---
2026-03-18 04:10:08 | INFO | ============================================================
2026-03-18 04:10:08 | INFO | Dataset  : Train_StandardScaler_data_ToNIoT.csv
2026-03-18 04:10:08 | INFO | Scaler   : StandardScaler
2026-03-18 04:10:08 | INFO | Noise    : 3%
2026-03-18 04:10:08 | INFO | nClusters: 51 values (50..300)
2026-03-18 04:10:08 | INFO | ============================================================
2026-03-18 04:10:08 | INFO | Loaded Raw Shape -> Train: (30000, 45), Test: (30000, 45)
2026-03-18 04:10:08 | INFO | Training size : 30,900  |  Testing size: 29,100  |  Features: 44
2026-03-18 04:10:08 | INFO | Firing up Parallel execution for 51 cluster configs...
2026-03-18 04:12:22 | INFO | [ncluster=50/50] AUC-ROC=50.29%  AUC-PR=51.69%  F1=0.6814  MCC=0.0509  Train=0.411s  Test=6.682s  Peak RAM=38.228 MB
2026-03-18 04:12:22 | INFO | [ncluster=55/55] AUC-ROC=50.30%  AUC-PR=51.69%  F1=0.6815  MCC=0.0528  Train=0.690s  Test=6.765s  Peak RAM=38.228 MB
2026-03-18 04:12:22 | INFO | [ncluster=60/60] AUC-ROC=50.31%  AUC-PR=51.70%  F1=0.6814  MCC=0.0505  Train=0.548s  Test=9.200s  Peak RAM=38.228 MB
2026-03-18 04:12:22 | INFO | [ncluster=65/65] AUC-ROC=50.32%  AUC-PR=51.71%  F1=0.6816  MCC=0.0536  Train=0.627s  Test=8.641s  Peak RAM=38.231 MB
2026-03-18 04:12:22 | INFO | [ncluster=70/70] AUC-ROC=50.41%  AUC-PR=51.75%  F1=0.6820  MCC=0.0620  Train=1.056s  Test=8.347s  Peak RAM=38.232 MB
2026-03-18 04:12:22 | INFO | [ncluster=75/75] AUC-ROC=50.46%  AUC-PR=51.78%  F1=0.6821  MCC=0.0639  Train=0.966s  Test=9.286s  Peak RAM=38.231 MB
2026-03-18 04:12:22 | INFO | [ncluster=80/80] AUC-ROC=50.50%  AUC-PR=51.80%  F1=0.6822  MCC=0.0648  Train=0.863s  Test=9.272s  Peak RAM=38.231 MB
2026-03-18 04:12:22 | INFO | [ncluster=85/85] AUC-ROC=50.55%  AUC-PR=51.82%  F1=0.6824  MCC=0.0693  Train=1.097s  Test=8.455s  Peak RAM=38.234 MB
2026-03-18 04:12:22 | INFO | [ncluster=90/90] AUC-ROC=50.58%  AUC-PR=51.84%  F1=0.6826  MCC=0.0724  Train=1.173s  Test=7.994s  Peak RAM=38.235 MB
2026-03-18 04:12:22 | INFO | [ncluster=95/95] AUC-ROC=50.60%  AUC-PR=51.85%  F1=0.6826  MCC=0.0716  Train=1.067s  Test=8.190s  Peak RAM=38.234 MB
2026-03-18 04:12:22 | INFO | [ncluster=100/100] AUC-ROC=50.69%  AUC-PR=51.89%  F1=0.6830  MCC=0.0769  Train=1.397s  Test=7.610s  Peak RAM=38.237 MB
2026-03-18 04:12:22 | INFO | [ncluster=105/105] AUC-ROC=50.57%  AUC-PR=51.83%  F1=0.6825  MCC=0.0692  Train=1.593s  Test=6.628s  Peak RAM=38.236 MB
2026-03-18 04:12:22 | INFO | [ncluster=110/110] AUC-ROC=50.37%  AUC-PR=51.73%  F1=0.6818  MCC=0.0594  Train=0.291s  Test=4.281s  Peak RAM=38.238 MB
2026-03-18 04:12:22 | INFO | [ncluster=115/115] AUC-ROC=50.75%  AUC-PR=51.92%  F1=0.6833  MCC=0.0817  Train=0.423s  Test=4.198s  Peak RAM=38.239 MB
2026-03-18 04:12:22 | INFO | [ncluster=120/120] AUC-ROC=50.85%  AUC-PR=51.98%  F1=0.6835  MCC=0.0842  Train=0.435s  Test=5.763s  Peak RAM=38.241 MB
2026-03-18 04:12:22 | INFO | [ncluster=125/125] AUC-ROC=50.83%  AUC-PR=51.96%  F1=0.6836  MCC=0.0856  Train=0.681s  Test=6.411s  Peak RAM=38.24 MB
2026-03-18 04:12:22 | INFO | [ncluster=130/130] AUC-ROC=50.40%  AUC-PR=51.75%  F1=0.6819  MCC=0.0619  Train=0.363s  Test=6.488s  Peak RAM=38.243 MB
2026-03-18 04:12:22 | INFO | [ncluster=135/135] AUC-ROC=50.84%  AUC-PR=51.97%  F1=0.6834  MCC=0.0820  Train=0.698s  Test=6.814s  Peak RAM=38.242 MB
2026-03-18 04:12:22 | INFO | [ncluster=140/140] AUC-ROC=50.98%  AUC-PR=52.04%  F1=0.6841  MCC=0.0910  Train=0.796s  Test=6.341s  Peak RAM=38.245 MB
2026-03-18 04:12:22 | INFO | [ncluster=145/145] AUC-ROC=50.93%  AUC-PR=52.02%  F1=0.6837  MCC=0.0861  Train=0.562s  Test=5.246s  Peak RAM=38.245 MB
2026-03-18 04:12:22 | INFO | [ncluster=150/150] AUC-ROC=50.39%  AUC-PR=51.74%  F1=0.6818  MCC=0.0578  Train=0.664s  Test=6.401s  Peak RAM=38.245 MB
2026-03-18 04:12:22 | INFO | [ncluster=155/155] AUC-ROC=51.01%  AUC-PR=52.06%  F1=0.6841  MCC=0.0916  Train=0.761s  Test=5.352s  Peak RAM=38.246 MB
2026-03-18 04:12:22 | INFO | [ncluster=160/160] AUC-ROC=51.27%  AUC-PR=52.19%  F1=0.6849  MCC=0.1000  Train=0.935s  Test=6.277s  Peak RAM=38.246 MB
2026-03-18 04:12:22 | INFO | [ncluster=165/165] AUC-ROC=51.33%  AUC-PR=52.22%  F1=0.6853  MCC=0.1044  Train=0.607s  Test=5.749s  Peak RAM=38.247 MB
2026-03-18 04:12:22 | INFO | [ncluster=170/170] AUC-ROC=51.28%  AUC-PR=52.19%  F1=0.6850  MCC=0.1015  Train=0.440s  Test=4.039s  Peak RAM=38.249 MB
2026-03-18 04:12:22 | INFO | [ncluster=175/175] AUC-ROC=51.63%  AUC-PR=52.38%  F1=0.6862  MCC=0.1135  Train=0.413s  Test=4.562s  Peak RAM=38.249 MB
2026-03-18 04:12:22 | INFO | [ncluster=180/180] AUC-ROC=51.41%  AUC-PR=52.26%  F1=0.6853  MCC=0.1036  Train=0.311s  Test=4.931s  Peak RAM=38.251 MB
2026-03-18 04:12:22 | INFO | [ncluster=185/185] AUC-ROC=51.41%  AUC-PR=52.26%  F1=0.6852  MCC=0.1026  Train=0.681s  Test=5.815s  Peak RAM=38.253 MB
2026-03-18 04:12:22 | INFO | [ncluster=190/190] AUC-ROC=51.54%  AUC-PR=52.33%  F1=0.6859  MCC=0.1100  Train=0.541s  Test=4.588s  Peak RAM=38.252 MB
2026-03-18 04:12:22 | INFO | [ncluster=195/195] AUC-ROC=51.83%  AUC-PR=52.48%  F1=0.6871  MCC=0.1223  Train=0.634s  Test=5.079s  Peak RAM=38.253 MB
2026-03-18 04:12:22 | INFO | [ncluster=200/200] AUC-ROC=51.89%  AUC-PR=52.51%  F1=0.6874  MCC=0.1243  Train=0.432s  Test=5.529s  Peak RAM=38.253 MB
2026-03-18 04:12:22 | INFO | [ncluster=205/205] AUC-ROC=51.86%  AUC-PR=52.49%  F1=0.6871  MCC=0.1214  Train=0.582s  Test=5.344s  Peak RAM=38.256 MB
2026-03-18 04:12:22 | INFO | [ncluster=210/210] AUC-ROC=51.93%  AUC-PR=52.53%  F1=0.6871  MCC=0.1209  Train=0.761s  Test=4.993s  Peak RAM=38.257 MB
2026-03-18 04:12:22 | INFO | [ncluster=215/215] AUC-ROC=52.06%  AUC-PR=52.60%  F1=0.6877  MCC=0.1265  Train=0.642s  Test=4.581s  Peak RAM=38.256 MB
2026-03-18 04:12:22 | INFO | [ncluster=220/220] AUC-ROC=52.01%  AUC-PR=52.57%  F1=0.6876  MCC=0.1261  Train=0.564s  Test=5.033s  Peak RAM=38.257 MB
2026-03-18 04:12:22 | INFO | [ncluster=225/225] AUC-ROC=52.57%  AUC-PR=52.87%  F1=0.6901  MCC=0.1471  Train=0.779s  Test=4.875s  Peak RAM=38.259 MB
2026-03-18 04:12:22 | INFO | [ncluster=230/230] AUC-ROC=51.99%  AUC-PR=52.56%  F1=0.6876  MCC=0.1257  Train=0.469s  Test=4.682s  Peak RAM=38.26 MB
2026-03-18 04:12:22 | INFO | [ncluster=235/235] AUC-ROC=52.60%  AUC-PR=52.88%  F1=0.6901  MCC=0.1466  Train=0.459s  Test=4.315s  Peak RAM=38.26 MB
2026-03-18 04:12:22 | INFO | [ncluster=240/240] AUC-ROC=51.29%  AUC-PR=52.20%  F1=0.6850  MCC=0.1016  Train=0.426s  Test=5.287s  Peak RAM=38.263 MB
2026-03-18 04:12:22 | INFO | [ncluster=245/245] AUC-ROC=51.08%  AUC-PR=52.09%  F1=0.6843  MCC=0.0930  Train=0.393s  Test=4.403s  Peak RAM=38.263 MB
2026-03-18 04:12:22 | INFO | [ncluster=250/250] AUC-ROC=50.91%  AUC-PR=52.01%  F1=0.6837  MCC=0.0856  Train=0.457s  Test=4.164s  Peak RAM=38.263 MB
2026-03-18 04:12:22 | INFO | [ncluster=255/255] AUC-ROC=51.11%  AUC-PR=52.11%  F1=0.6843  MCC=0.0935  Train=0.339s  Test=3.711s  Peak RAM=38.263 MB
2026-03-18 04:12:22 | INFO | [ncluster=260/260] AUC-ROC=53.17%  AUC-PR=53.19%  F1=0.6924  MCC=0.1634  Train=0.416s  Test=3.798s  Peak RAM=38.265 MB
2026-03-18 04:12:22 | INFO | [ncluster=265/265] AUC-ROC=51.18%  AUC-PR=52.14%  F1=0.6846  MCC=0.0964  Train=0.291s  Test=2.946s  Peak RAM=38.265 MB
2026-03-18 04:12:22 | INFO | [ncluster=270/270] AUC-ROC=53.65%  AUC-PR=53.44%  F1=0.6941  MCC=0.1742  Train=0.355s  Test=2.975s  Peak RAM=38.266 MB
2026-03-18 04:12:22 | INFO | [ncluster=275/275] AUC-ROC=51.56%  AUC-PR=52.34%  F1=0.6859  MCC=0.1105  Train=0.237s  Test=3.291s  Peak RAM=38.267 MB
2026-03-18 04:12:22 | INFO | [ncluster=280/280] AUC-ROC=51.64%  AUC-PR=52.38%  F1=0.6864  MCC=0.1151  Train=0.414s  Test=2.981s  Peak RAM=38.268 MB
2026-03-18 04:12:22 | INFO | [ncluster=285/285] AUC-ROC=53.29%  AUC-PR=53.25%  F1=0.6929  MCC=0.1668  Train=0.420s  Test=3.213s  Peak RAM=38.269 MB
2026-03-18 04:12:22 | INFO | [ncluster=290/290] AUC-ROC=51.59%  AUC-PR=52.36%  F1=0.6860  MCC=0.1116  Train=0.138s  Test=2.166s  Peak RAM=38.27 MB
2026-03-18 04:12:22 | INFO | [ncluster=295/295] AUC-ROC=52.03%  AUC-PR=52.58%  F1=0.6879  MCC=0.1289  Train=0.168s  Test=2.012s  Peak RAM=38.271 MB
2026-03-18 04:12:22 | INFO | [ncluster=300/300] AUC-ROC=53.84%  AUC-PR=53.55%  F1=0.6951  MCC=0.1804  Train=0.131s  Test=1.722s  Peak RAM=38.274 MB
2026-03-18 04:12:22 | INFO | --- noise=5% ---
2026-03-18 04:12:22 | INFO | ============================================================
2026-03-18 04:12:22 | INFO | Dataset  : Train_StandardScaler_data_ToNIoT.csv
2026-03-18 04:12:22 | INFO | Scaler   : StandardScaler
2026-03-18 04:12:22 | INFO | Noise    : 5%
2026-03-18 04:12:22 | INFO | nClusters: 51 values (50..300)
2026-03-18 04:12:22 | INFO | ============================================================
2026-03-18 04:12:22 | INFO | Loaded Raw Shape -> Train: (30000, 45), Test: (30000, 45)
2026-03-18 04:12:22 | INFO | Training size : 31,500  |  Testing size: 28,500  |  Features: 44
2026-03-18 04:12:22 | INFO | Firing up Parallel execution for 51 cluster configs...
2026-03-18 04:14:40 | INFO | [ncluster=50/50] AUC-ROC=50.06%  AUC-PR=52.66%  F1=0.6899  MCC=0.0217  Train=0.639s  Test=6.789s  Peak RAM=38.97 MB
2026-03-18 04:14:40 | INFO | [ncluster=55/55] AUC-ROC=50.11%  AUC-PR=52.69%  F1=0.6900  MCC=0.0295  Train=0.397s  Test=6.691s  Peak RAM=38.969 MB
2026-03-18 04:14:40 | INFO | [ncluster=60/60] AUC-ROC=50.13%  AUC-PR=52.70%  F1=0.6902  MCC=0.0337  Train=0.970s  Test=10.321s  Peak RAM=38.97 MB
2026-03-18 04:14:40 | INFO | [ncluster=65/65] AUC-ROC=50.13%  AUC-PR=52.69%  F1=0.6901  MCC=0.0297  Train=0.916s  Test=10.041s  Peak RAM=38.971 MB
2026-03-18 04:14:40 | INFO | [ncluster=70/70] AUC-ROC=50.17%  AUC-PR=52.72%  F1=0.6902  MCC=0.0357  Train=0.950s  Test=9.714s  Peak RAM=38.973 MB
2026-03-18 04:14:40 | INFO | [ncluster=75/75] AUC-ROC=50.22%  AUC-PR=52.74%  F1=0.6904  MCC=0.0418  Train=0.909s  Test=9.589s  Peak RAM=38.973 MB
2026-03-18 04:14:40 | INFO | [ncluster=80/80] AUC-ROC=50.31%  AUC-PR=52.79%  F1=0.6908  MCC=0.0509  Train=0.859s  Test=9.826s  Peak RAM=38.974 MB
2026-03-18 04:14:40 | INFO | [ncluster=85/85] AUC-ROC=50.31%  AUC-PR=52.78%  F1=0.6908  MCC=0.0523  Train=1.097s  Test=8.868s  Peak RAM=38.975 MB
2026-03-18 04:14:40 | INFO | [ncluster=90/90] AUC-ROC=50.42%  AUC-PR=52.84%  F1=0.6912  MCC=0.0589  Train=1.401s  Test=8.876s  Peak RAM=38.976 MB
2026-03-18 04:14:40 | INFO | [ncluster=95/95] AUC-ROC=50.45%  AUC-PR=52.86%  F1=0.6913  MCC=0.0611  Train=1.382s  Test=8.995s  Peak RAM=38.977 MB
2026-03-18 04:14:40 | INFO | [ncluster=100/100] AUC-ROC=50.51%  AUC-PR=52.89%  F1=0.6915  MCC=0.0652  Train=1.520s  Test=7.595s  Peak RAM=38.978 MB
2026-03-18 04:14:40 | INFO | [ncluster=105/105] AUC-ROC=50.37%  AUC-PR=52.82%  F1=0.6911  MCC=0.0577  Train=1.616s  Test=6.442s  Peak RAM=38.979 MB
2026-03-18 04:14:40 | INFO | [ncluster=110/110] AUC-ROC=50.33%  AUC-PR=52.80%  F1=0.6909  MCC=0.0524  Train=0.358s  Test=4.992s  Peak RAM=38.979 MB
2026-03-18 04:14:40 | INFO | [ncluster=115/115] AUC-ROC=50.41%  AUC-PR=52.84%  F1=0.6912  MCC=0.0606  Train=0.437s  Test=4.196s  Peak RAM=38.981 MB
2026-03-18 04:14:40 | INFO | [ncluster=120/120] AUC-ROC=50.45%  AUC-PR=52.86%  F1=0.6913  MCC=0.0604  Train=0.300s  Test=6.666s  Peak RAM=38.981 MB
2026-03-18 04:14:40 | INFO | [ncluster=125/125] AUC-ROC=50.10%  AUC-PR=52.68%  F1=0.6900  MCC=0.0282  Train=0.482s  Test=5.682s  Peak RAM=38.982 MB
2026-03-18 04:14:40 | INFO | [ncluster=130/130] AUC-ROC=50.43%  AUC-PR=52.85%  F1=0.6911  MCC=0.0576  Train=0.625s  Test=8.300s  Peak RAM=38.983 MB
2026-03-18 04:14:40 | INFO | [ncluster=135/135] AUC-ROC=50.56%  AUC-PR=52.91%  F1=0.6916  MCC=0.0653  Train=0.780s  Test=9.079s  Peak RAM=38.984 MB
2026-03-18 04:14:40 | INFO | [ncluster=140/140] AUC-ROC=50.49%  AUC-PR=52.88%  F1=0.6912  MCC=0.0591  Train=0.740s  Test=8.144s  Peak RAM=38.984 MB
2026-03-18 04:14:40 | INFO | [ncluster=145/145] AUC-ROC=50.75%  AUC-PR=53.01%  F1=0.6923  MCC=0.0763  Train=0.918s  Test=7.623s  Peak RAM=38.985 MB
2026-03-18 04:14:40 | INFO | [ncluster=150/150] AUC-ROC=50.62%  AUC-PR=52.94%  F1=0.6915  MCC=0.0650  Train=0.996s  Test=7.401s  Peak RAM=38.985 MB
2026-03-18 04:14:40 | INFO | [ncluster=155/155] AUC-ROC=50.74%  AUC-PR=53.01%  F1=0.6923  MCC=0.0767  Train=0.632s  Test=5.476s  Peak RAM=38.987 MB
2026-03-18 04:14:40 | INFO | [ncluster=160/160] AUC-ROC=50.76%  AUC-PR=53.01%  F1=0.6922  MCC=0.0756  Train=0.746s  Test=5.360s  Peak RAM=38.988 MB
2026-03-18 04:14:40 | INFO | [ncluster=165/165] AUC-ROC=50.75%  AUC-PR=53.01%  F1=0.6920  MCC=0.0719  Train=0.707s  Test=4.688s  Peak RAM=38.99 MB
2026-03-18 04:14:40 | INFO | [ncluster=170/170] AUC-ROC=50.78%  AUC-PR=53.03%  F1=0.6920  MCC=0.0731  Train=0.394s  Test=4.878s  Peak RAM=38.99 MB
2026-03-18 04:14:40 | INFO | [ncluster=175/175] AUC-ROC=50.83%  AUC-PR=53.05%  F1=0.6922  MCC=0.0754  Train=0.370s  Test=4.545s  Peak RAM=38.992 MB
2026-03-18 04:14:40 | INFO | [ncluster=180/180] AUC-ROC=51.00%  AUC-PR=53.13%  F1=0.6931  MCC=0.0882  Train=0.343s  Test=4.583s  Peak RAM=38.992 MB
2026-03-18 04:14:40 | INFO | [ncluster=185/185] AUC-ROC=50.94%  AUC-PR=53.11%  F1=0.6928  MCC=0.0844  Train=0.418s  Test=4.640s  Peak RAM=38.992 MB
2026-03-18 04:14:40 | INFO | [ncluster=190/190] AUC-ROC=51.02%  AUC-PR=53.15%  F1=0.6929  MCC=0.0855  Train=0.500s  Test=6.618s  Peak RAM=38.994 MB
2026-03-18 04:14:40 | INFO | [ncluster=195/195] AUC-ROC=51.14%  AUC-PR=53.21%  F1=0.6930  MCC=0.0867  Train=0.651s  Test=7.252s  Peak RAM=38.994 MB
2026-03-18 04:14:40 | INFO | [ncluster=200/200] AUC-ROC=50.96%  AUC-PR=53.11%  F1=0.6926  MCC=0.0817  Train=0.759s  Test=7.162s  Peak RAM=38.995 MB
2026-03-18 04:14:40 | INFO | [ncluster=205/205] AUC-ROC=51.16%  AUC-PR=53.22%  F1=0.6933  MCC=0.0901  Train=0.766s  Test=7.619s  Peak RAM=38.997 MB
2026-03-18 04:14:40 | INFO | [ncluster=210/210] AUC-ROC=51.16%  AUC-PR=53.22%  F1=0.6936  MCC=0.0944  Train=0.927s  Test=4.754s  Peak RAM=38.997 MB
2026-03-18 04:14:40 | INFO | [ncluster=215/215] AUC-ROC=50.33%  AUC-PR=52.80%  F1=0.6906  MCC=0.0461  Train=0.466s  Test=4.924s  Peak RAM=38.998 MB
2026-03-18 04:14:40 | INFO | [ncluster=220/220] AUC-ROC=51.25%  AUC-PR=53.26%  F1=0.6936  MCC=0.0945  Train=0.659s  Test=5.297s  Peak RAM=38.999 MB
2026-03-18 04:14:40 | INFO | [ncluster=225/225] AUC-ROC=51.51%  AUC-PR=53.40%  F1=0.6948  MCC=0.1073  Train=0.801s  Test=4.858s  Peak RAM=39.001 MB
2026-03-18 04:14:40 | INFO | [ncluster=230/230] AUC-ROC=50.44%  AUC-PR=52.85%  F1=0.6911  MCC=0.0562  Train=0.455s  Test=4.510s  Peak RAM=39.001 MB
2026-03-18 04:14:40 | INFO | [ncluster=235/235] AUC-ROC=51.55%  AUC-PR=53.42%  F1=0.6947  MCC=0.1066  Train=0.535s  Test=4.038s  Peak RAM=39.002 MB
2026-03-18 04:14:40 | INFO | [ncluster=240/240] AUC-ROC=51.56%  AUC-PR=53.42%  F1=0.6949  MCC=0.1085  Train=0.483s  Test=4.906s  Peak RAM=39.003 MB
2026-03-18 04:14:40 | INFO | [ncluster=245/245] AUC-ROC=51.69%  AUC-PR=53.49%  F1=0.6955  MCC=0.1144  Train=0.605s  Test=5.357s  Peak RAM=39.003 MB
2026-03-18 04:14:40 | INFO | [ncluster=250/250] AUC-ROC=51.71%  AUC-PR=53.50%  F1=0.6956  MCC=0.1156  Train=0.657s  Test=5.216s  Peak RAM=39.004 MB
2026-03-18 04:14:40 | INFO | [ncluster=255/255] AUC-ROC=50.63%  AUC-PR=52.95%  F1=0.6914  MCC=0.0636  Train=0.334s  Test=3.846s  Peak RAM=39.004 MB
2026-03-18 04:14:40 | INFO | [ncluster=260/260] AUC-ROC=50.42%  AUC-PR=52.84%  F1=0.6907  MCC=0.0491  Train=0.371s  Test=4.231s  Peak RAM=39.007 MB
2026-03-18 04:14:40 | INFO | [ncluster=265/265] AUC-ROC=51.71%  AUC-PR=53.50%  F1=0.6951  MCC=0.1104  Train=0.492s  Test=4.540s  Peak RAM=39.007 MB
2026-03-18 04:14:40 | INFO | [ncluster=270/270] AUC-ROC=50.70%  AUC-PR=52.99%  F1=0.6919  MCC=0.0702  Train=0.406s  Test=3.467s  Peak RAM=39.008 MB
2026-03-18 04:14:40 | INFO | [ncluster=275/275] AUC-ROC=52.08%  AUC-PR=53.69%  F1=0.6966  MCC=0.1246  Train=0.338s  Test=3.559s  Peak RAM=39.009 MB
2026-03-18 04:14:40 | INFO | [ncluster=280/280] AUC-ROC=51.80%  AUC-PR=53.55%  F1=0.6956  MCC=0.1153  Train=0.339s  Test=3.021s  Peak RAM=39.01 MB
2026-03-18 04:14:40 | INFO | [ncluster=285/285] AUC-ROC=50.86%  AUC-PR=53.06%  F1=0.6924  MCC=0.0779  Train=0.186s  Test=2.324s  Peak RAM=39.011 MB
2026-03-18 04:14:40 | INFO | [ncluster=290/290] AUC-ROC=50.89%  AUC-PR=53.08%  F1=0.6926  MCC=0.0813  Train=0.218s  Test=2.723s  Peak RAM=39.014 MB
2026-03-18 04:14:40 | INFO | [ncluster=295/295] AUC-ROC=50.86%  AUC-PR=53.07%  F1=0.6924  MCC=0.0784  Train=0.242s  Test=3.094s  Peak RAM=39.013 MB
2026-03-18 04:14:40 | INFO | [ncluster=300/300] AUC-ROC=51.05%  AUC-PR=53.16%  F1=0.6932  MCC=0.0891  Train=0.113s  Test=1.923s  Peak RAM=39.014 MB
2026-03-18 04:14:40 | INFO | 
>>> Processing data_ToNIoT | scaler=MinMaxScaler
2026-03-18 04:14:40 | INFO | --- noise=0% ---
2026-03-18 04:14:40 | INFO | ============================================================
2026-03-18 04:14:40 | INFO | Dataset  : Train_MinMaxScaler_data_ToNIoT.csv
2026-03-18 04:14:40 | INFO | Scaler   : MinMaxScaler
2026-03-18 04:14:40 | INFO | Noise    : 0%
2026-03-18 04:14:40 | INFO | nClusters: 51 values (50..300)
2026-03-18 04:14:40 | INFO | ============================================================
2026-03-18 04:14:40 | INFO | Loaded Raw Shape -> Train: (30000, 45), Test: (30000, 45)
2026-03-18 04:14:40 | INFO | Training size : 30,000  |  Testing size: 30,000  |  Features: 44
2026-03-18 04:14:40 | INFO | Firing up Parallel execution for 51 cluster configs...
2026-03-18 04:16:44 | INFO | [ncluster=50/50] AUC-ROC=99.16%  AUC-PR=99.34%  F1=0.9763  MCC=0.9534  Train=0.267s  Test=4.319s  Peak RAM=37.114 MB
2026-03-18 04:16:44 | INFO | [ncluster=55/55] AUC-ROC=99.12%  AUC-PR=99.35%  F1=0.9790  MCC=0.9587  Train=0.475s  Test=5.666s  Peak RAM=37.116 MB
2026-03-18 04:16:44 | INFO | [ncluster=60/60] AUC-ROC=99.02%  AUC-PR=99.25%  F1=0.9718  MCC=0.9447  Train=0.623s  Test=6.515s  Peak RAM=37.116 MB
2026-03-18 04:16:44 | INFO | [ncluster=65/65] AUC-ROC=98.99%  AUC-PR=99.25%  F1=0.9742  MCC=0.9491  Train=0.904s  Test=7.767s  Peak RAM=37.118 MB
2026-03-18 04:16:44 | INFO | [ncluster=70/70] AUC-ROC=98.98%  AUC-PR=99.23%  F1=0.9715  MCC=0.9439  Train=0.914s  Test=7.442s  Peak RAM=37.119 MB
2026-03-18 04:16:44 | INFO | [ncluster=75/75] AUC-ROC=99.44%  AUC-PR=99.55%  F1=0.9876  MCC=0.9755  Train=0.694s  Test=8.564s  Peak RAM=37.119 MB
2026-03-18 04:16:44 | INFO | [ncluster=80/80] AUC-ROC=99.39%  AUC-PR=99.49%  F1=0.9844  MCC=0.9694  Train=0.844s  Test=8.426s  Peak RAM=37.121 MB
2026-03-18 04:16:44 | INFO | [ncluster=85/85] AUC-ROC=98.12%  AUC-PR=96.93%  F1=0.9786  MCC=0.9571  Train=0.776s  Test=8.429s  Peak RAM=37.122 MB
2026-03-18 04:16:44 | INFO | [ncluster=90/90] AUC-ROC=99.47%  AUC-PR=99.62%  F1=0.9886  MCC=0.9774  Train=1.110s  Test=8.398s  Peak RAM=37.122 MB
2026-03-18 04:16:44 | INFO | [ncluster=95/95] AUC-ROC=99.52%  AUC-PR=99.57%  F1=0.9898  MCC=0.9799  Train=1.691s  Test=7.655s  Peak RAM=37.126 MB
2026-03-18 04:16:44 | INFO | [ncluster=100/100] AUC-ROC=99.45%  AUC-PR=99.56%  F1=0.9888  MCC=0.9778  Train=1.204s  Test=7.282s  Peak RAM=37.129 MB
2026-03-18 04:16:44 | INFO | [ncluster=105/105] AUC-ROC=99.51%  AUC-PR=99.57%  F1=0.9883  MCC=0.9768  Train=1.733s  Test=7.459s  Peak RAM=37.126 MB
2026-03-18 04:16:44 | INFO | [ncluster=110/110] AUC-ROC=98.15%  AUC-PR=96.85%  F1=0.9796  MCC=0.9592  Train=0.279s  Test=4.014s  Peak RAM=37.126 MB
2026-03-18 04:16:44 | INFO | [ncluster=115/115] AUC-ROC=99.45%  AUC-PR=99.56%  F1=0.9844  MCC=0.9692  Train=0.443s  Test=4.227s  Peak RAM=37.129 MB
2026-03-18 04:16:44 | INFO | [ncluster=120/120] AUC-ROC=99.45%  AUC-PR=99.55%  F1=0.9859  MCC=0.9718  Train=0.515s  Test=4.190s  Peak RAM=37.126 MB
2026-03-18 04:16:44 | INFO | [ncluster=125/125] AUC-ROC=99.54%  AUC-PR=99.58%  F1=0.9884  MCC=0.9768  Train=0.451s  Test=4.593s  Peak RAM=37.129 MB
2026-03-18 04:16:44 | INFO | [ncluster=130/130] AUC-ROC=99.41%  AUC-PR=99.53%  F1=0.9875  MCC=0.9753  Train=0.423s  Test=4.886s  Peak RAM=37.133 MB
2026-03-18 04:16:44 | INFO | [ncluster=135/135] AUC-ROC=99.29%  AUC-PR=99.50%  F1=0.9840  MCC=0.9683  Train=0.480s  Test=4.688s  Peak RAM=37.133 MB
2026-03-18 04:16:44 | INFO | [ncluster=140/140] AUC-ROC=99.31%  AUC-PR=99.43%  F1=0.9829  MCC=0.9663  Train=0.974s  Test=4.416s  Peak RAM=37.131 MB
2026-03-18 04:16:44 | INFO | [ncluster=145/145] AUC-ROC=99.49%  AUC-PR=99.55%  F1=0.9827  MCC=0.9660  Train=0.645s  Test=5.029s  Peak RAM=37.134 MB
2026-03-18 04:16:44 | INFO | [ncluster=150/150] AUC-ROC=99.41%  AUC-PR=99.52%  F1=0.9834  MCC=0.9669  Train=0.517s  Test=4.234s  Peak RAM=37.133 MB
2026-03-18 04:16:44 | INFO | [ncluster=155/155] AUC-ROC=99.47%  AUC-PR=99.54%  F1=0.9859  MCC=0.9722  Train=0.347s  Test=3.964s  Peak RAM=37.134 MB
2026-03-18 04:16:44 | INFO | [ncluster=160/160] AUC-ROC=99.44%  AUC-PR=99.56%  F1=0.9859  MCC=0.9721  Train=0.613s  Test=4.476s  Peak RAM=37.134 MB
2026-03-18 04:16:44 | INFO | [ncluster=165/165] AUC-ROC=99.36%  AUC-PR=99.50%  F1=0.9851  MCC=0.9704  Train=0.453s  Test=3.640s  Peak RAM=37.135 MB
2026-03-18 04:16:44 | INFO | [ncluster=170/170] AUC-ROC=99.44%  AUC-PR=99.50%  F1=0.9852  MCC=0.9706  Train=0.413s  Test=4.504s  Peak RAM=37.141 MB
2026-03-18 04:16:44 | INFO | [ncluster=175/175] AUC-ROC=99.49%  AUC-PR=99.57%  F1=0.9865  MCC=0.9733  Train=0.354s  Test=4.779s  Peak RAM=37.139 MB
2026-03-18 04:16:44 | INFO | [ncluster=180/180] AUC-ROC=99.42%  AUC-PR=99.53%  F1=0.9865  MCC=0.9732  Train=0.541s  Test=4.299s  Peak RAM=37.142 MB
2026-03-18 04:16:44 | INFO | [ncluster=185/185] AUC-ROC=99.48%  AUC-PR=99.56%  F1=0.9870  MCC=0.9741  Train=0.461s  Test=3.663s  Peak RAM=37.141 MB
2026-03-18 04:16:44 | INFO | [ncluster=190/190] AUC-ROC=99.48%  AUC-PR=99.58%  F1=0.9854  MCC=0.9709  Train=0.540s  Test=4.161s  Peak RAM=37.141 MB
2026-03-18 04:16:44 | INFO | [ncluster=195/195] AUC-ROC=99.45%  AUC-PR=99.55%  F1=0.9871  MCC=0.9744  Train=0.543s  Test=4.059s  Peak RAM=37.142 MB
2026-03-18 04:16:44 | INFO | [ncluster=200/200] AUC-ROC=99.50%  AUC-PR=99.59%  F1=0.9865  MCC=0.9734  Train=0.449s  Test=4.024s  Peak RAM=37.141 MB
2026-03-18 04:16:44 | INFO | [ncluster=205/205] AUC-ROC=99.41%  AUC-PR=99.52%  F1=0.9829  MCC=0.9663  Train=0.388s  Test=4.774s  Peak RAM=37.143 MB
2026-03-18 04:16:44 | INFO | [ncluster=210/210] AUC-ROC=99.34%  AUC-PR=99.48%  F1=0.9840  MCC=0.9684  Train=0.340s  Test=3.164s  Peak RAM=37.145 MB
2026-03-18 04:16:44 | INFO | [ncluster=215/215] AUC-ROC=99.33%  AUC-PR=99.47%  F1=0.9857  MCC=0.9717  Train=0.301s  Test=3.659s  Peak RAM=37.146 MB
2026-03-18 04:16:44 | INFO | [ncluster=220/220] AUC-ROC=99.42%  AUC-PR=99.52%  F1=0.9858  MCC=0.9719  Train=0.481s  Test=4.453s  Peak RAM=37.147 MB
2026-03-18 04:16:44 | INFO | [ncluster=225/225] AUC-ROC=99.55%  AUC-PR=99.61%  F1=0.9865  MCC=0.9732  Train=0.332s  Test=4.339s  Peak RAM=37.147 MB
2026-03-18 04:16:44 | INFO | [ncluster=230/230] AUC-ROC=99.38%  AUC-PR=99.50%  F1=0.9854  MCC=0.9712  Train=0.325s  Test=3.761s  Peak RAM=37.148 MB
2026-03-18 04:16:44 | INFO | [ncluster=235/235] AUC-ROC=99.61%  AUC-PR=99.67%  F1=0.9876  MCC=0.9755  Train=0.466s  Test=3.952s  Peak RAM=37.148 MB
2026-03-18 04:16:44 | INFO | [ncluster=240/240] AUC-ROC=99.51%  AUC-PR=99.63%  F1=0.9881  MCC=0.9765  Train=0.475s  Test=3.333s  Peak RAM=37.148 MB
2026-03-18 04:16:44 | INFO | [ncluster=245/245] AUC-ROC=99.49%  AUC-PR=99.60%  F1=0.9874  MCC=0.9750  Train=0.479s  Test=4.412s  Peak RAM=37.15 MB
2026-03-18 04:16:44 | INFO | [ncluster=250/250] AUC-ROC=99.50%  AUC-PR=99.60%  F1=0.9876  MCC=0.9754  Train=0.461s  Test=4.661s  Peak RAM=37.15 MB
2026-03-18 04:16:44 | INFO | [ncluster=255/255] AUC-ROC=97.61%  AUC-PR=97.52%  F1=0.9579  MCC=0.9197  Train=0.601s  Test=4.282s  Peak RAM=37.153 MB
2026-03-18 04:16:44 | INFO | [ncluster=260/260] AUC-ROC=99.53%  AUC-PR=99.63%  F1=0.9880  MCC=0.9761  Train=0.276s  Test=3.621s  Peak RAM=37.152 MB
2026-03-18 04:16:44 | INFO | [ncluster=265/265] AUC-ROC=99.46%  AUC-PR=99.55%  F1=0.9867  MCC=0.9737  Train=0.520s  Test=3.673s  Peak RAM=37.154 MB
2026-03-18 04:16:44 | INFO | [ncluster=270/270] AUC-ROC=99.53%  AUC-PR=99.61%  F1=0.9871  MCC=0.9745  Train=0.316s  Test=2.176s  Peak RAM=37.154 MB
2026-03-18 04:16:44 | INFO | [ncluster=275/275] AUC-ROC=99.56%  AUC-PR=99.65%  F1=0.9881  MCC=0.9765  Train=0.166s  Test=2.866s  Peak RAM=37.157 MB
2026-03-18 04:16:44 | INFO | [ncluster=280/280] AUC-ROC=99.57%  AUC-PR=99.63%  F1=0.9882  MCC=0.9766  Train=0.350s  Test=2.886s  Peak RAM=37.156 MB
2026-03-18 04:16:44 | INFO | [ncluster=285/285] AUC-ROC=99.53%  AUC-PR=99.61%  F1=0.9875  MCC=0.9753  Train=0.250s  Test=3.081s  Peak RAM=37.157 MB
2026-03-18 04:16:44 | INFO | [ncluster=290/290] AUC-ROC=99.53%  AUC-PR=99.61%  F1=0.9877  MCC=0.9756  Train=0.117s  Test=1.987s  Peak RAM=37.158 MB
2026-03-18 04:16:44 | INFO | [ncluster=295/295] AUC-ROC=99.38%  AUC-PR=99.50%  F1=0.9841  MCC=0.9688  Train=0.173s  Test=1.967s  Peak RAM=37.158 MB
2026-03-18 04:16:44 | INFO | [ncluster=300/300] AUC-ROC=99.46%  AUC-PR=99.54%  F1=0.9855  MCC=0.9713  Train=0.103s  Test=1.551s  Peak RAM=37.159 MB
2026-03-18 04:16:44 | INFO | --- noise=1% ---
2026-03-18 04:16:44 | INFO | ============================================================
2026-03-18 04:16:44 | INFO | Dataset  : Train_MinMaxScaler_data_ToNIoT.csv
2026-03-18 04:16:44 | INFO | Scaler   : MinMaxScaler
2026-03-18 04:16:44 | INFO | Noise    : 1%
2026-03-18 04:16:44 | INFO | nClusters: 51 values (50..300)
2026-03-18 04:16:44 | INFO | ============================================================
2026-03-18 04:16:44 | INFO | Loaded Raw Shape -> Train: (30000, 45), Test: (30000, 45)
2026-03-18 04:16:44 | INFO | Training size : 30,300  |  Testing size: 29,700  |  Features: 44
2026-03-18 04:16:44 | INFO | Firing up Parallel execution for 51 cluster configs...
2026-03-18 04:18:51 | INFO | [ncluster=50/50] AUC-ROC=90.96%  AUC-PR=92.42%  F1=0.8381  MCC=0.7087  Train=0.454s  Test=6.344s  Peak RAM=37.486 MB
2026-03-18 04:18:51 | INFO | [ncluster=55/55] AUC-ROC=91.51%  AUC-PR=93.14%  F1=0.8306  MCC=0.6880  Train=0.310s  Test=7.153s  Peak RAM=37.486 MB
2026-03-18 04:18:51 | INFO | [ncluster=60/60] AUC-ROC=92.00%  AUC-PR=93.35%  F1=0.8323  MCC=0.7042  Train=0.648s  Test=8.107s  Peak RAM=37.488 MB
2026-03-18 04:18:51 | INFO | [ncluster=65/65] AUC-ROC=90.92%  AUC-PR=92.57%  F1=0.8168  MCC=0.6687  Train=0.721s  Test=8.678s  Peak RAM=37.488 MB
2026-03-18 04:18:51 | INFO | [ncluster=70/70] AUC-ROC=91.45%  AUC-PR=93.01%  F1=0.8258  MCC=0.6880  Train=0.892s  Test=9.347s  Peak RAM=37.489 MB
2026-03-18 04:18:51 | INFO | [ncluster=75/75] AUC-ROC=92.59%  AUC-PR=93.86%  F1=0.8406  MCC=0.7048  Train=1.105s  Test=9.378s  Peak RAM=37.49 MB
2026-03-18 04:18:51 | INFO | [ncluster=80/80] AUC-ROC=92.35%  AUC-PR=93.53%  F1=0.8308  MCC=0.6971  Train=0.674s  Test=9.024s  Peak RAM=37.492 MB
2026-03-18 04:18:51 | INFO | [ncluster=85/85] AUC-ROC=92.48%  AUC-PR=93.79%  F1=0.8447  MCC=0.7098  Train=0.880s  Test=8.305s  Peak RAM=37.493 MB
2026-03-18 04:18:51 | INFO | [ncluster=90/90] AUC-ROC=91.84%  AUC-PR=93.20%  F1=0.8261  MCC=0.6916  Train=1.380s  Test=7.896s  Peak RAM=37.493 MB
2026-03-18 04:18:51 | INFO | [ncluster=95/95] AUC-ROC=92.21%  AUC-PR=93.41%  F1=0.8337  MCC=0.6977  Train=0.810s  Test=6.056s  Peak RAM=37.494 MB
2026-03-18 04:18:51 | INFO | [ncluster=100/100] AUC-ROC=92.53%  AUC-PR=93.63%  F1=0.8368  MCC=0.6999  Train=0.830s  Test=6.403s  Peak RAM=37.494 MB
2026-03-18 04:18:51 | INFO | [ncluster=105/105] AUC-ROC=91.64%  AUC-PR=92.84%  F1=0.8263  MCC=0.6925  Train=1.002s  Test=6.019s  Peak RAM=37.494 MB
2026-03-18 04:18:51 | INFO | [ncluster=110/110] AUC-ROC=92.08%  AUC-PR=93.19%  F1=0.8305  MCC=0.6810  Train=0.220s  Test=4.516s  Peak RAM=37.496 MB
2026-03-18 04:18:51 | INFO | [ncluster=115/115] AUC-ROC=92.54%  AUC-PR=93.67%  F1=0.8401  MCC=0.7041  Train=0.487s  Test=4.843s  Peak RAM=37.497 MB
2026-03-18 04:18:51 | INFO | [ncluster=120/120] AUC-ROC=92.41%  AUC-PR=93.51%  F1=0.8396  MCC=0.7127  Train=0.462s  Test=5.024s  Peak RAM=37.498 MB
2026-03-18 04:18:51 | INFO | [ncluster=125/125] AUC-ROC=93.26%  AUC-PR=94.23%  F1=0.8438  MCC=0.7005  Train=0.660s  Test=5.513s  Peak RAM=37.499 MB
2026-03-18 04:18:51 | INFO | [ncluster=130/130] AUC-ROC=92.76%  AUC-PR=93.78%  F1=0.8413  MCC=0.7005  Train=0.599s  Test=5.271s  Peak RAM=37.5 MB
2026-03-18 04:18:51 | INFO | [ncluster=135/135] AUC-ROC=93.33%  AUC-PR=94.36%  F1=0.8472  MCC=0.7074  Train=0.546s  Test=4.759s  Peak RAM=37.501 MB
2026-03-18 04:18:51 | INFO | [ncluster=140/140] AUC-ROC=93.75%  AUC-PR=94.66%  F1=0.8535  MCC=0.7232  Train=0.661s  Test=5.432s  Peak RAM=37.502 MB
2026-03-18 04:18:51 | INFO | [ncluster=145/145] AUC-ROC=93.45%  AUC-PR=94.51%  F1=0.8548  MCC=0.7160  Train=0.929s  Test=4.938s  Peak RAM=37.504 MB
2026-03-18 04:18:51 | INFO | [ncluster=150/150] AUC-ROC=93.19%  AUC-PR=94.31%  F1=0.8471  MCC=0.7124  Train=0.736s  Test=5.687s  Peak RAM=37.504 MB
2026-03-18 04:18:51 | INFO | [ncluster=155/155] AUC-ROC=93.27%  AUC-PR=94.23%  F1=0.8430  MCC=0.7030  Train=0.712s  Test=4.925s  Peak RAM=37.504 MB
2026-03-18 04:18:51 | INFO | [ncluster=160/160] AUC-ROC=93.26%  AUC-PR=94.17%  F1=0.8433  MCC=0.7018  Train=0.636s  Test=5.348s  Peak RAM=37.504 MB
2026-03-18 04:18:51 | INFO | [ncluster=165/165] AUC-ROC=93.04%  AUC-PR=93.97%  F1=0.8413  MCC=0.6885  Train=0.654s  Test=5.378s  Peak RAM=37.506 MB
2026-03-18 04:18:51 | INFO | [ncluster=170/170] AUC-ROC=93.37%  AUC-PR=94.22%  F1=0.8445  MCC=0.6970  Train=0.297s  Test=4.276s  Peak RAM=37.508 MB
2026-03-18 04:18:51 | INFO | [ncluster=175/175] AUC-ROC=93.38%  AUC-PR=94.26%  F1=0.8483  MCC=0.7013  Train=0.492s  Test=4.492s  Peak RAM=37.508 MB
2026-03-18 04:18:51 | INFO | [ncluster=180/180] AUC-ROC=93.15%  AUC-PR=94.03%  F1=0.8401  MCC=0.6915  Train=0.370s  Test=4.077s  Peak RAM=37.509 MB
2026-03-18 04:18:51 | INFO | [ncluster=185/185] AUC-ROC=93.14%  AUC-PR=94.02%  F1=0.8433  MCC=0.6925  Train=0.384s  Test=4.435s  Peak RAM=37.509 MB
2026-03-18 04:18:51 | INFO | [ncluster=190/190] AUC-ROC=93.13%  AUC-PR=94.01%  F1=0.8447  MCC=0.6937  Train=0.521s  Test=5.145s  Peak RAM=37.509 MB
2026-03-18 04:18:51 | INFO | [ncluster=195/195] AUC-ROC=93.33%  AUC-PR=94.20%  F1=0.8463  MCC=0.6987  Train=0.530s  Test=4.931s  Peak RAM=37.512 MB
2026-03-18 04:18:51 | INFO | [ncluster=200/200] AUC-ROC=93.23%  AUC-PR=94.12%  F1=0.8489  MCC=0.6985  Train=0.679s  Test=4.643s  Peak RAM=37.512 MB
2026-03-18 04:18:51 | INFO | [ncluster=205/205] AUC-ROC=93.06%  AUC-PR=93.97%  F1=0.8446  MCC=0.6884  Train=0.572s  Test=4.825s  Peak RAM=37.514 MB
2026-03-18 04:18:51 | INFO | [ncluster=210/210] AUC-ROC=92.97%  AUC-PR=93.87%  F1=0.8377  MCC=0.6859  Train=0.533s  Test=4.555s  Peak RAM=37.515 MB
2026-03-18 04:18:51 | INFO | [ncluster=215/215] AUC-ROC=93.02%  AUC-PR=93.93%  F1=0.8385  MCC=0.6862  Train=0.345s  Test=4.603s  Peak RAM=37.514 MB
2026-03-18 04:18:51 | INFO | [ncluster=220/220] AUC-ROC=93.28%  AUC-PR=94.14%  F1=0.8457  MCC=0.6980  Train=0.432s  Test=4.274s  Peak RAM=37.517 MB
2026-03-18 04:18:51 | INFO | [ncluster=225/225] AUC-ROC=93.01%  AUC-PR=93.93%  F1=0.8437  MCC=0.6900  Train=0.447s  Test=5.394s  Peak RAM=37.517 MB
2026-03-18 04:18:51 | INFO | [ncluster=230/230] AUC-ROC=93.05%  AUC-PR=93.95%  F1=0.8405  MCC=0.6862  Train=0.757s  Test=4.490s  Peak RAM=37.517 MB
2026-03-18 04:18:51 | INFO | [ncluster=235/235] AUC-ROC=93.40%  AUC-PR=94.20%  F1=0.8437  MCC=0.6961  Train=0.255s  Test=3.769s  Peak RAM=37.519 MB
2026-03-18 04:18:51 | INFO | [ncluster=240/240] AUC-ROC=93.31%  AUC-PR=94.13%  F1=0.8484  MCC=0.6988  Train=0.451s  Test=3.703s  Peak RAM=37.52 MB
2026-03-18 04:18:51 | INFO | [ncluster=245/245] AUC-ROC=92.97%  AUC-PR=93.84%  F1=0.8400  MCC=0.6826  Train=0.343s  Test=3.514s  Peak RAM=37.52 MB
2026-03-18 04:18:51 | INFO | [ncluster=250/250] AUC-ROC=93.18%  AUC-PR=94.02%  F1=0.8439  MCC=0.6936  Train=0.393s  Test=4.931s  Peak RAM=37.521 MB
2026-03-18 04:18:51 | INFO | [ncluster=255/255] AUC-ROC=93.05%  AUC-PR=93.92%  F1=0.8378  MCC=0.6881  Train=0.370s  Test=4.798s  Peak RAM=37.522 MB
2026-03-18 04:18:51 | INFO | [ncluster=260/260] AUC-ROC=93.60%  AUC-PR=94.46%  F1=0.8491  MCC=0.7069  Train=0.540s  Test=4.188s  Peak RAM=37.523 MB
2026-03-18 04:18:51 | INFO | [ncluster=265/265] AUC-ROC=92.93%  AUC-PR=93.69%  F1=0.8370  MCC=0.6760  Train=0.441s  Test=4.507s  Peak RAM=37.524 MB
2026-03-18 04:18:51 | INFO | [ncluster=270/270] AUC-ROC=93.34%  AUC-PR=94.22%  F1=0.8472  MCC=0.7007  Train=0.485s  Test=2.991s  Peak RAM=37.525 MB
2026-03-18 04:18:51 | INFO | [ncluster=275/275] AUC-ROC=93.28%  AUC-PR=94.20%  F1=0.8436  MCC=0.6984  Train=0.245s  Test=3.749s  Peak RAM=37.525 MB
2026-03-18 04:18:51 | INFO | [ncluster=280/280] AUC-ROC=93.86%  AUC-PR=94.69%  F1=0.8603  MCC=0.7206  Train=0.426s  Test=3.109s  Peak RAM=37.528 MB
2026-03-18 04:18:51 | INFO | [ncluster=285/285] AUC-ROC=93.12%  AUC-PR=93.96%  F1=0.8416  MCC=0.6871  Train=0.120s  Test=1.988s  Peak RAM=37.527 MB
2026-03-18 04:18:51 | INFO | [ncluster=290/290] AUC-ROC=93.06%  AUC-PR=93.90%  F1=0.8354  MCC=0.6845  Train=0.117s  Test=1.896s  Peak RAM=37.529 MB
2026-03-18 04:18:51 | INFO | [ncluster=295/295] AUC-ROC=93.51%  AUC-PR=94.38%  F1=0.8520  MCC=0.7089  Train=0.155s  Test=1.958s  Peak RAM=37.529 MB
2026-03-18 04:18:51 | INFO | [ncluster=300/300] AUC-ROC=93.02%  AUC-PR=93.97%  F1=0.8442  MCC=0.6974  Train=0.103s  Test=1.532s  Peak RAM=37.531 MB
2026-03-18 04:18:51 | INFO | --- noise=3% ---
2026-03-18 04:18:51 | INFO | ============================================================
2026-03-18 04:18:51 | INFO | Dataset  : Train_MinMaxScaler_data_ToNIoT.csv
2026-03-18 04:18:51 | INFO | Scaler   : MinMaxScaler
2026-03-18 04:18:51 | INFO | Noise    : 3%
2026-03-18 04:18:51 | INFO | nClusters: 51 values (50..300)
2026-03-18 04:18:51 | INFO | ============================================================
2026-03-18 04:18:51 | INFO | Loaded Raw Shape -> Train: (30000, 45), Test: (30000, 45)
2026-03-18 04:18:51 | INFO | Training size : 30,900  |  Testing size: 29,100  |  Features: 44
2026-03-18 04:18:51 | INFO | Firing up Parallel execution for 51 cluster configs...
2026-03-18 04:21:03 | INFO | [ncluster=50/50] AUC-ROC=87.33%  AUC-PR=89.99%  F1=0.7749  MCC=0.6002  Train=0.413s  Test=7.418s  Peak RAM=38.226 MB
2026-03-18 04:21:03 | INFO | [ncluster=55/55] AUC-ROC=86.10%  AUC-PR=88.98%  F1=0.7584  MCC=0.5746  Train=0.702s  Test=9.261s  Peak RAM=38.23 MB
2026-03-18 04:21:03 | INFO | [ncluster=60/60] AUC-ROC=87.79%  AUC-PR=90.44%  F1=0.7890  MCC=0.6364  Train=0.688s  Test=9.409s  Peak RAM=38.228 MB
2026-03-18 04:21:03 | INFO | [ncluster=65/65] AUC-ROC=87.35%  AUC-PR=89.77%  F1=0.7768  MCC=0.6061  Train=0.871s  Test=9.556s  Peak RAM=38.23 MB
2026-03-18 04:21:03 | INFO | [ncluster=70/70] AUC-ROC=88.46%  AUC-PR=90.69%  F1=0.7955  MCC=0.6427  Train=1.051s  Test=9.692s  Peak RAM=38.231 MB
2026-03-18 04:21:03 | INFO | [ncluster=75/75] AUC-ROC=88.45%  AUC-PR=90.82%  F1=0.8030  MCC=0.6368  Train=0.663s  Test=9.409s  Peak RAM=38.232 MB
2026-03-18 04:21:03 | INFO | [ncluster=80/80] AUC-ROC=87.43%  AUC-PR=90.03%  F1=0.7857  MCC=0.6057  Train=0.990s  Test=9.647s  Peak RAM=38.232 MB
2026-03-18 04:21:03 | INFO | [ncluster=85/85] AUC-ROC=87.86%  AUC-PR=90.15%  F1=0.7836  MCC=0.6188  Train=1.809s  Test=7.364s  Peak RAM=38.233 MB
2026-03-18 04:21:03 | INFO | [ncluster=90/90] AUC-ROC=88.17%  AUC-PR=90.50%  F1=0.7906  MCC=0.6183  Train=0.892s  Test=9.331s  Peak RAM=38.234 MB
2026-03-18 04:21:03 | INFO | [ncluster=95/95] AUC-ROC=88.03%  AUC-PR=90.28%  F1=0.7919  MCC=0.6228  Train=1.146s  Test=7.903s  Peak RAM=38.236 MB
2026-03-18 04:21:03 | INFO | [ncluster=100/100] AUC-ROC=88.70%  AUC-PR=90.78%  F1=0.8023  MCC=0.6254  Train=1.400s  Test=8.650s  Peak RAM=38.236 MB
2026-03-18 04:21:03 | INFO | [ncluster=105/105] AUC-ROC=87.87%  AUC-PR=90.27%  F1=0.7796  MCC=0.6204  Train=1.277s  Test=6.560s  Peak RAM=38.238 MB
2026-03-18 04:21:03 | INFO | [ncluster=110/110] AUC-ROC=87.47%  AUC-PR=89.92%  F1=0.7847  MCC=0.6122  Train=0.400s  Test=4.071s  Peak RAM=38.237 MB
2026-03-18 04:21:03 | INFO | [ncluster=115/115] AUC-ROC=88.47%  AUC-PR=90.70%  F1=0.7946  MCC=0.6221  Train=0.657s  Test=6.048s  Peak RAM=38.24 MB
2026-03-18 04:21:03 | INFO | [ncluster=120/120] AUC-ROC=88.83%  AUC-PR=91.00%  F1=0.7866  MCC=0.6188  Train=0.523s  Test=6.489s  Peak RAM=38.24 MB
2026-03-18 04:21:03 | INFO | [ncluster=125/125] AUC-ROC=88.86%  AUC-PR=90.82%  F1=0.7982  MCC=0.6339  Train=0.495s  Test=5.767s  Peak RAM=38.241 MB
2026-03-18 04:21:03 | INFO | [ncluster=130/130] AUC-ROC=88.62%  AUC-PR=90.83%  F1=0.7853  MCC=0.6124  Train=0.914s  Test=6.023s  Peak RAM=38.242 MB
2026-03-18 04:21:03 | INFO | [ncluster=135/135] AUC-ROC=86.78%  AUC-PR=88.64%  F1=0.7770  MCC=0.6074  Train=0.614s  Test=6.163s  Peak RAM=38.243 MB
2026-03-18 04:21:03 | INFO | [ncluster=140/140] AUC-ROC=89.22%  AUC-PR=91.14%  F1=0.7886  MCC=0.6170  Train=0.807s  Test=6.191s  Peak RAM=38.242 MB
2026-03-18 04:21:03 | INFO | [ncluster=145/145] AUC-ROC=88.13%  AUC-PR=90.45%  F1=0.7765  MCC=0.6055  Train=0.745s  Test=6.669s  Peak RAM=38.244 MB
2026-03-18 04:21:03 | INFO | [ncluster=150/150] AUC-ROC=89.31%  AUC-PR=91.18%  F1=0.7835  MCC=0.6191  Train=0.754s  Test=5.932s  Peak RAM=38.246 MB
2026-03-18 04:21:03 | INFO | [ncluster=155/155] AUC-ROC=89.48%  AUC-PR=91.41%  F1=0.7951  MCC=0.6229  Train=0.837s  Test=6.354s  Peak RAM=38.247 MB
2026-03-18 04:21:03 | INFO | [ncluster=160/160] AUC-ROC=89.75%  AUC-PR=91.71%  F1=0.8033  MCC=0.6395  Train=0.703s  Test=5.522s  Peak RAM=38.247 MB
2026-03-18 04:21:03 | INFO | [ncluster=165/165] AUC-ROC=89.29%  AUC-PR=91.18%  F1=0.7928  MCC=0.6102  Train=0.705s  Test=5.417s  Peak RAM=38.248 MB
2026-03-18 04:21:03 | INFO | [ncluster=170/170] AUC-ROC=89.58%  AUC-PR=91.40%  F1=0.7972  MCC=0.6259  Train=0.324s  Test=4.087s  Peak RAM=38.248 MB
2026-03-18 04:21:03 | INFO | [ncluster=175/175] AUC-ROC=89.59%  AUC-PR=91.46%  F1=0.7994  MCC=0.6251  Train=0.477s  Test=4.550s  Peak RAM=38.25 MB
2026-03-18 04:21:03 | INFO | [ncluster=180/180] AUC-ROC=89.31%  AUC-PR=91.27%  F1=0.7891  MCC=0.6227  Train=0.641s  Test=5.254s  Peak RAM=38.252 MB
2026-03-18 04:21:03 | INFO | [ncluster=185/185] AUC-ROC=89.48%  AUC-PR=91.45%  F1=0.8005  MCC=0.6255  Train=0.622s  Test=5.326s  Peak RAM=38.251 MB
2026-03-18 04:21:03 | INFO | [ncluster=190/190] AUC-ROC=89.37%  AUC-PR=91.32%  F1=0.7923  MCC=0.6290  Train=0.553s  Test=5.542s  Peak RAM=38.252 MB
2026-03-18 04:21:03 | INFO | [ncluster=195/195] AUC-ROC=89.52%  AUC-PR=91.52%  F1=0.7979  MCC=0.6315  Train=0.643s  Test=5.254s  Peak RAM=38.254 MB
2026-03-18 04:21:03 | INFO | [ncluster=200/200] AUC-ROC=89.43%  AUC-PR=91.38%  F1=0.7980  MCC=0.6273  Train=0.490s  Test=4.730s  Peak RAM=38.253 MB
2026-03-18 04:21:03 | INFO | [ncluster=205/205] AUC-ROC=89.49%  AUC-PR=91.37%  F1=0.7996  MCC=0.6284  Train=0.420s  Test=4.816s  Peak RAM=38.254 MB
2026-03-18 04:21:03 | INFO | [ncluster=210/210] AUC-ROC=81.63%  AUC-PR=75.69%  F1=0.7971  MCC=0.5715  Train=0.389s  Test=4.352s  Peak RAM=38.256 MB
2026-03-18 04:21:03 | INFO | [ncluster=215/215] AUC-ROC=89.29%  AUC-PR=91.21%  F1=0.7945  MCC=0.6120  Train=0.589s  Test=4.871s  Peak RAM=38.257 MB
2026-03-18 04:21:03 | INFO | [ncluster=220/220] AUC-ROC=89.31%  AUC-PR=91.17%  F1=0.7957  MCC=0.6043  Train=0.592s  Test=4.699s  Peak RAM=38.258 MB
2026-03-18 04:21:03 | INFO | [ncluster=225/225] AUC-ROC=88.93%  AUC-PR=90.93%  F1=0.7877  MCC=0.6108  Train=0.671s  Test=4.709s  Peak RAM=38.258 MB
2026-03-18 04:21:03 | INFO | [ncluster=230/230] AUC-ROC=82.54%  AUC-PR=76.73%  F1=0.7939  MCC=0.5733  Train=0.384s  Test=4.280s  Peak RAM=38.259 MB
2026-03-18 04:21:03 | INFO | [ncluster=235/235] AUC-ROC=89.18%  AUC-PR=91.09%  F1=0.7938  MCC=0.6074  Train=0.413s  Test=4.120s  Peak RAM=38.26 MB
2026-03-18 04:21:03 | INFO | [ncluster=240/240] AUC-ROC=89.35%  AUC-PR=91.26%  F1=0.7962  MCC=0.6111  Train=0.531s  Test=4.046s  Peak RAM=38.263 MB
2026-03-18 04:21:03 | INFO | [ncluster=245/245] AUC-ROC=88.74%  AUC-PR=90.64%  F1=0.7771  MCC=0.5955  Train=0.386s  Test=4.444s  Peak RAM=38.262 MB
2026-03-18 04:21:03 | INFO | [ncluster=250/250] AUC-ROC=88.93%  AUC-PR=90.75%  F1=0.7846  MCC=0.5959  Train=0.488s  Test=4.324s  Peak RAM=38.262 MB
2026-03-18 04:21:03 | INFO | [ncluster=255/255] AUC-ROC=89.46%  AUC-PR=91.36%  F1=0.7916  MCC=0.6301  Train=0.512s  Test=4.600s  Peak RAM=38.264 MB
2026-03-18 04:21:03 | INFO | [ncluster=260/260] AUC-ROC=89.48%  AUC-PR=91.31%  F1=0.7983  MCC=0.6109  Train=0.589s  Test=3.964s  Peak RAM=38.264 MB
2026-03-18 04:21:03 | INFO | [ncluster=265/265] AUC-ROC=88.89%  AUC-PR=90.83%  F1=0.7815  MCC=0.6025  Train=0.446s  Test=3.174s  Peak RAM=38.265 MB
2026-03-18 04:21:03 | INFO | [ncluster=270/270] AUC-ROC=89.39%  AUC-PR=91.22%  F1=0.7857  MCC=0.6194  Train=0.418s  Test=3.284s  Peak RAM=38.267 MB
2026-03-18 04:21:03 | INFO | [ncluster=275/275] AUC-ROC=89.00%  AUC-PR=90.92%  F1=0.7898  MCC=0.6071  Train=0.230s  Test=2.848s  Peak RAM=38.268 MB
2026-03-18 04:21:03 | INFO | [ncluster=280/280] AUC-ROC=89.02%  AUC-PR=90.85%  F1=0.7915  MCC=0.5928  Train=0.238s  Test=3.575s  Peak RAM=38.268 MB
2026-03-18 04:21:03 | INFO | [ncluster=285/285] AUC-ROC=89.27%  AUC-PR=91.11%  F1=0.7836  MCC=0.6109  Train=0.204s  Test=3.182s  Peak RAM=38.268 MB
2026-03-18 04:21:03 | INFO | [ncluster=290/290] AUC-ROC=88.84%  AUC-PR=90.80%  F1=0.7793  MCC=0.6021  Train=0.139s  Test=2.291s  Peak RAM=38.269 MB
2026-03-18 04:21:03 | INFO | [ncluster=295/295] AUC-ROC=88.52%  AUC-PR=90.45%  F1=0.7853  MCC=0.5829  Train=0.136s  Test=2.099s  Peak RAM=38.271 MB
2026-03-18 04:21:03 | INFO | [ncluster=300/300] AUC-ROC=88.88%  AUC-PR=90.70%  F1=0.7894  MCC=0.5944  Train=0.116s  Test=1.751s  Peak RAM=38.273 MB
2026-03-18 04:21:03 | INFO | --- noise=5% ---
2026-03-18 04:21:03 | INFO | ============================================================
2026-03-18 04:21:03 | INFO | Dataset  : Train_MinMaxScaler_data_ToNIoT.csv
2026-03-18 04:21:03 | INFO | Scaler   : MinMaxScaler
2026-03-18 04:21:03 | INFO | Noise    : 5%
2026-03-18 04:21:03 | INFO | nClusters: 51 values (50..300)
2026-03-18 04:21:03 | INFO | ============================================================
2026-03-18 04:21:03 | INFO | Loaded Raw Shape -> Train: (30000, 45), Test: (30000, 45)
2026-03-18 04:21:03 | INFO | Training size : 31,500  |  Testing size: 28,500  |  Features: 44
2026-03-18 04:21:03 | INFO | Firing up Parallel execution for 51 cluster configs...
2026-03-18 04:23:20 | INFO | [ncluster=50/50] AUC-ROC=83.53%  AUC-PR=87.11%  F1=0.7215  MCC=0.5313  Train=0.523s  Test=6.867s  Peak RAM=38.968 MB
2026-03-18 04:23:20 | INFO | [ncluster=55/55] AUC-ROC=83.65%  AUC-PR=87.44%  F1=0.7204  MCC=0.5406  Train=0.578s  Test=7.667s  Peak RAM=38.97 MB
2026-03-18 04:23:20 | INFO | [ncluster=60/60] AUC-ROC=84.26%  AUC-PR=87.95%  F1=0.7366  MCC=0.5416  Train=0.643s  Test=9.133s  Peak RAM=38.971 MB
2026-03-18 04:23:20 | INFO | [ncluster=65/65] AUC-ROC=85.22%  AUC-PR=88.49%  F1=0.7544  MCC=0.5871  Train=1.127s  Test=8.720s  Peak RAM=38.971 MB
2026-03-18 04:23:20 | INFO | [ncluster=70/70] AUC-ROC=86.51%  AUC-PR=86.01%  F1=0.8056  MCC=0.6237  Train=0.707s  Test=9.445s  Peak RAM=38.972 MB
2026-03-18 04:23:20 | INFO | [ncluster=75/75] AUC-ROC=85.24%  AUC-PR=88.78%  F1=0.7602  MCC=0.5861  Train=0.746s  Test=8.712s  Peak RAM=38.973 MB
2026-03-18 04:23:20 | INFO | [ncluster=80/80] AUC-ROC=85.59%  AUC-PR=88.95%  F1=0.7673  MCC=0.5865  Train=1.112s  Test=8.473s  Peak RAM=38.974 MB
2026-03-18 04:23:20 | INFO | [ncluster=85/85] AUC-ROC=84.55%  AUC-PR=88.32%  F1=0.7569  MCC=0.5778  Train=1.148s  Test=8.944s  Peak RAM=38.975 MB
2026-03-18 04:23:20 | INFO | [ncluster=90/90] AUC-ROC=84.98%  AUC-PR=88.23%  F1=0.7563  MCC=0.5777  Train=1.376s  Test=8.334s  Peak RAM=38.975 MB
2026-03-18 04:23:20 | INFO | [ncluster=95/95] AUC-ROC=85.06%  AUC-PR=88.48%  F1=0.7605  MCC=0.5736  Train=1.302s  Test=7.997s  Peak RAM=38.976 MB
2026-03-18 04:23:20 | INFO | [ncluster=100/100] AUC-ROC=85.09%  AUC-PR=88.47%  F1=0.7602  MCC=0.5780  Train=1.508s  Test=7.016s  Peak RAM=38.978 MB
2026-03-18 04:23:20 | INFO | [ncluster=105/105] AUC-ROC=85.34%  AUC-PR=88.44%  F1=0.7606  MCC=0.5830  Train=1.719s  Test=8.212s  Peak RAM=38.978 MB
2026-03-18 04:23:20 | INFO | [ncluster=110/110] AUC-ROC=83.38%  AUC-PR=86.61%  F1=0.7061  MCC=0.5383  Train=0.338s  Test=4.619s  Peak RAM=38.98 MB
2026-03-18 04:23:20 | INFO | [ncluster=115/115] AUC-ROC=83.67%  AUC-PR=86.99%  F1=0.7128  MCC=0.5372  Train=0.301s  Test=4.608s  Peak RAM=38.98 MB
2026-03-18 04:23:20 | INFO | [ncluster=120/120] AUC-ROC=83.70%  AUC-PR=87.10%  F1=0.7037  MCC=0.5383  Train=0.763s  Test=6.103s  Peak RAM=38.981 MB
2026-03-18 04:23:20 | INFO | [ncluster=125/125] AUC-ROC=83.68%  AUC-PR=87.08%  F1=0.7181  MCC=0.5438  Train=0.552s  Test=6.520s  Peak RAM=38.982 MB
2026-03-18 04:23:20 | INFO | [ncluster=130/130] AUC-ROC=85.23%  AUC-PR=88.37%  F1=0.7355  MCC=0.5531  Train=0.685s  Test=6.728s  Peak RAM=38.982 MB
2026-03-18 04:23:20 | INFO | [ncluster=135/135] AUC-ROC=84.70%  AUC-PR=87.84%  F1=0.7131  MCC=0.5360  Train=0.753s  Test=6.249s  Peak RAM=38.984 MB
2026-03-18 04:23:20 | INFO | [ncluster=140/140] AUC-ROC=84.65%  AUC-PR=87.73%  F1=0.7255  MCC=0.5193  Train=0.658s  Test=6.306s  Peak RAM=38.986 MB
2026-03-18 04:23:20 | INFO | [ncluster=145/145] AUC-ROC=85.71%  AUC-PR=88.87%  F1=0.7525  MCC=0.5669  Train=0.678s  Test=6.459s  Peak RAM=38.985 MB
2026-03-18 04:23:20 | INFO | [ncluster=150/150] AUC-ROC=84.29%  AUC-PR=87.35%  F1=0.7063  MCC=0.5189  Train=0.719s  Test=6.775s  Peak RAM=38.986 MB
2026-03-18 04:23:20 | INFO | [ncluster=155/155] AUC-ROC=84.28%  AUC-PR=87.38%  F1=0.7180  MCC=0.5128  Train=0.773s  Test=6.748s  Peak RAM=38.988 MB
2026-03-18 04:23:20 | INFO | [ncluster=160/160] AUC-ROC=84.44%  AUC-PR=87.45%  F1=0.7121  MCC=0.5198  Train=0.754s  Test=6.820s  Peak RAM=38.988 MB
2026-03-18 04:23:20 | INFO | [ncluster=165/165] AUC-ROC=84.14%  AUC-PR=87.12%  F1=0.7117  MCC=0.5039  Train=0.769s  Test=5.429s  Peak RAM=38.988 MB
2026-03-18 04:23:20 | INFO | [ncluster=170/170] AUC-ROC=84.61%  AUC-PR=87.60%  F1=0.7152  MCC=0.5134  Train=0.411s  Test=4.448s  Peak RAM=38.991 MB
2026-03-18 04:23:20 | INFO | [ncluster=175/175] AUC-ROC=85.29%  AUC-PR=88.40%  F1=0.7326  MCC=0.5521  Train=0.478s  Test=4.519s  Peak RAM=38.991 MB
2026-03-18 04:23:20 | INFO | [ncluster=180/180] AUC-ROC=85.13%  AUC-PR=87.92%  F1=0.7275  MCC=0.5262  Train=0.390s  Test=5.035s  Peak RAM=38.993 MB
2026-03-18 04:23:20 | INFO | [ncluster=185/185] AUC-ROC=84.86%  AUC-PR=87.92%  F1=0.7192  MCC=0.5351  Train=0.453s  Test=5.783s  Peak RAM=38.992 MB
2026-03-18 04:23:20 | INFO | [ncluster=190/190] AUC-ROC=84.57%  AUC-PR=87.60%  F1=0.7125  MCC=0.5280  Train=0.698s  Test=5.665s  Peak RAM=38.993 MB
2026-03-18 04:23:20 | INFO | [ncluster=195/195] AUC-ROC=84.46%  AUC-PR=87.41%  F1=0.7030  MCC=0.5216  Train=0.684s  Test=5.071s  Peak RAM=38.995 MB
2026-03-18 04:23:20 | INFO | [ncluster=200/200] AUC-ROC=84.35%  AUC-PR=87.33%  F1=0.7031  MCC=0.5156  Train=0.716s  Test=5.512s  Peak RAM=38.996 MB
2026-03-18 04:23:20 | INFO | [ncluster=205/205] AUC-ROC=86.56%  AUC-PR=89.29%  F1=0.7581  MCC=0.5664  Train=0.351s  Test=4.237s  Peak RAM=38.996 MB
2026-03-18 04:23:20 | INFO | [ncluster=210/210] AUC-ROC=85.08%  AUC-PR=87.88%  F1=0.6975  MCC=0.5359  Train=0.367s  Test=6.437s  Peak RAM=39.0 MB
2026-03-18 04:23:20 | INFO | [ncluster=215/215] AUC-ROC=84.19%  AUC-PR=87.14%  F1=0.7122  MCC=0.5022  Train=0.549s  Test=6.926s  Peak RAM=38.998 MB
2026-03-18 04:23:20 | INFO | [ncluster=220/220] AUC-ROC=84.84%  AUC-PR=87.62%  F1=0.7062  MCC=0.5184  Train=0.500s  Test=6.512s  Peak RAM=38.998 MB
2026-03-18 04:23:20 | INFO | [ncluster=225/225] AUC-ROC=84.79%  AUC-PR=87.86%  F1=0.7301  MCC=0.5364  Train=0.480s  Test=6.080s  Peak RAM=39.002 MB
2026-03-18 04:23:20 | INFO | [ncluster=230/230] AUC-ROC=84.76%  AUC-PR=87.63%  F1=0.7048  MCC=0.5257  Train=0.399s  Test=3.871s  Peak RAM=39.004 MB
2026-03-18 04:23:20 | INFO | [ncluster=235/235] AUC-ROC=86.73%  AUC-PR=89.40%  F1=0.7584  MCC=0.5681  Train=0.520s  Test=3.680s  Peak RAM=39.009 MB
2026-03-18 04:23:20 | INFO | [ncluster=240/240] AUC-ROC=85.04%  AUC-PR=87.72%  F1=0.7292  MCC=0.5227  Train=0.380s  Test=4.657s  Peak RAM=39.004 MB
2026-03-18 04:23:20 | INFO | [ncluster=245/245] AUC-ROC=84.68%  AUC-PR=87.42%  F1=0.7072  MCC=0.5148  Train=0.495s  Test=4.643s  Peak RAM=39.003 MB
2026-03-18 04:23:20 | INFO | [ncluster=250/250] AUC-ROC=84.76%  AUC-PR=87.60%  F1=0.7118  MCC=0.5235  Train=0.892s  Test=4.580s  Peak RAM=39.004 MB
2026-03-18 04:23:20 | INFO | [ncluster=255/255] AUC-ROC=86.36%  AUC-PR=89.20%  F1=0.7512  MCC=0.5703  Train=0.576s  Test=3.750s  Peak RAM=39.005 MB
2026-03-18 04:23:20 | INFO | [ncluster=260/260] AUC-ROC=84.92%  AUC-PR=87.69%  F1=0.7174  MCC=0.5148  Train=0.424s  Test=3.919s  Peak RAM=39.011 MB
2026-03-18 04:23:20 | INFO | [ncluster=265/265] AUC-ROC=84.85%  AUC-PR=87.74%  F1=0.7231  MCC=0.5204  Train=0.309s  Test=4.191s  Peak RAM=39.008 MB
2026-03-18 04:23:20 | INFO | [ncluster=270/270] AUC-ROC=84.94%  AUC-PR=87.67%  F1=0.7118  MCC=0.5268  Train=0.321s  Test=5.413s  Peak RAM=39.012 MB
2026-03-18 04:23:20 | INFO | [ncluster=275/275] AUC-ROC=85.44%  AUC-PR=88.36%  F1=0.7347  MCC=0.5513  Train=0.491s  Test=4.926s  Peak RAM=39.009 MB
2026-03-18 04:23:20 | INFO | [ncluster=280/280] AUC-ROC=84.62%  AUC-PR=87.47%  F1=0.7094  MCC=0.5127  Train=0.735s  Test=3.042s  Peak RAM=39.011 MB
2026-03-18 04:23:20 | INFO | [ncluster=285/285] AUC-ROC=84.87%  AUC-PR=87.60%  F1=0.7152  MCC=0.5117  Train=0.349s  Test=3.091s  Peak RAM=39.011 MB
2026-03-18 04:23:20 | INFO | [ncluster=290/290] AUC-ROC=84.54%  AUC-PR=87.30%  F1=0.6990  MCC=0.5228  Train=0.125s  Test=2.198s  Peak RAM=39.012 MB
2026-03-18 04:23:20 | INFO | [ncluster=295/295] AUC-ROC=84.94%  AUC-PR=87.67%  F1=0.7160  MCC=0.5162  Train=0.190s  Test=2.115s  Peak RAM=39.013 MB
2026-03-18 04:23:20 | INFO | [ncluster=300/300] AUC-ROC=84.98%  AUC-PR=87.63%  F1=0.7298  MCC=0.5086  Train=0.153s  Test=1.895s  Peak RAM=39.013 MB
2026-03-18 04:23:20 | INFO | 
>>> Processing data_ToNIoT | scaler=Normalizer
2026-03-18 04:23:20 | INFO | --- noise=0% ---
2026-03-18 04:23:20 | INFO | ============================================================
2026-03-18 04:23:20 | INFO | Dataset  : Train_Normalizer_data_ToNIoT.csv
2026-03-18 04:23:20 | INFO | Scaler   : Normalizer
2026-03-18 04:23:20 | INFO | Noise    : 0%
2026-03-18 04:23:20 | INFO | nClusters: 51 values (50..300)
2026-03-18 04:23:20 | INFO | ============================================================
2026-03-18 04:23:20 | INFO | Loaded Raw Shape -> Train: (30000, 45), Test: (30000, 45)
2026-03-18 04:23:20 | INFO | Training size : 30,000  |  Testing size: 30,000  |  Features: 44
2026-03-18 04:23:20 | INFO | Firing up Parallel execution for 51 cluster configs...
2026-03-18 04:25:25 | INFO | [ncluster=50/50] AUC-ROC=99.53%  AUC-PR=99.67%  F1=0.9810  MCC=0.9626  Train=0.481s  Test=5.295s  Peak RAM=37.115 MB
2026-03-18 04:25:25 | INFO | [ncluster=55/55] AUC-ROC=99.45%  AUC-PR=99.63%  F1=0.9818  MCC=0.9643  Train=0.528s  Test=5.836s  Peak RAM=37.118 MB
2026-03-18 04:25:25 | INFO | [ncluster=60/60] AUC-ROC=99.22%  AUC-PR=99.48%  F1=0.9765  MCC=0.9542  Train=0.672s  Test=6.633s  Peak RAM=37.121 MB
2026-03-18 04:25:25 | INFO | [ncluster=65/65] AUC-ROC=99.11%  AUC-PR=99.44%  F1=0.9804  MCC=0.9617  Train=0.576s  Test=7.883s  Peak RAM=37.121 MB
2026-03-18 04:25:25 | INFO | [ncluster=70/70] AUC-ROC=99.34%  AUC-PR=99.58%  F1=0.9849  MCC=0.9703  Train=0.863s  Test=6.962s  Peak RAM=37.119 MB
2026-03-18 04:25:25 | INFO | [ncluster=75/75] AUC-ROC=99.40%  AUC-PR=99.62%  F1=0.9856  MCC=0.9716  Train=0.840s  Test=7.847s  Peak RAM=37.12 MB
2026-03-18 04:25:25 | INFO | [ncluster=80/80] AUC-ROC=99.33%  AUC-PR=99.56%  F1=0.9851  MCC=0.9708  Train=0.962s  Test=7.801s  Peak RAM=37.121 MB
2026-03-18 04:25:25 | INFO | [ncluster=85/85] AUC-ROC=99.40%  AUC-PR=99.62%  F1=0.9832  MCC=0.9666  Train=1.212s  Test=6.933s  Peak RAM=37.124 MB
2026-03-18 04:25:25 | INFO | [ncluster=90/90] AUC-ROC=99.22%  AUC-PR=99.47%  F1=0.9780  MCC=0.9574  Train=1.223s  Test=7.273s  Peak RAM=37.123 MB
2026-03-18 04:25:25 | INFO | [ncluster=95/95] AUC-ROC=99.41%  AUC-PR=99.61%  F1=0.9823  MCC=0.9651  Train=1.195s  Test=5.836s  Peak RAM=37.122 MB
2026-03-18 04:25:25 | INFO | [ncluster=100/100] AUC-ROC=99.27%  AUC-PR=99.55%  F1=0.9836  MCC=0.9679  Train=1.456s  Test=5.740s  Peak RAM=37.123 MB
2026-03-18 04:25:25 | INFO | [ncluster=105/105] AUC-ROC=99.16%  AUC-PR=99.47%  F1=0.9816  MCC=0.9638  Train=1.073s  Test=5.983s  Peak RAM=37.125 MB
2026-03-18 04:25:25 | INFO | [ncluster=110/110] AUC-ROC=99.59%  AUC-PR=99.75%  F1=0.9919  MCC=0.9839  Train=0.220s  Test=3.668s  Peak RAM=37.125 MB
2026-03-18 04:25:25 | INFO | [ncluster=115/115] AUC-ROC=99.54%  AUC-PR=99.73%  F1=0.9894  MCC=0.9789  Train=0.513s  Test=4.059s  Peak RAM=37.127 MB
2026-03-18 04:25:25 | INFO | [ncluster=120/120] AUC-ROC=99.16%  AUC-PR=99.49%  F1=0.9856  MCC=0.9718  Train=0.512s  Test=3.769s  Peak RAM=37.128 MB
2026-03-18 04:25:25 | INFO | [ncluster=125/125] AUC-ROC=99.39%  AUC-PR=99.62%  F1=0.9866  MCC=0.9735  Train=0.503s  Test=4.988s  Peak RAM=37.13 MB
2026-03-18 04:25:25 | INFO | [ncluster=130/130] AUC-ROC=99.45%  AUC-PR=99.68%  F1=0.9916  MCC=0.9835  Train=0.382s  Test=3.960s  Peak RAM=37.129 MB
2026-03-18 04:25:25 | INFO | [ncluster=135/135] AUC-ROC=99.42%  AUC-PR=99.66%  F1=0.9914  MCC=0.9830  Train=0.765s  Test=4.740s  Peak RAM=37.129 MB
2026-03-18 04:25:25 | INFO | [ncluster=140/140] AUC-ROC=99.46%  AUC-PR=99.69%  F1=0.9907  MCC=0.9816  Train=0.541s  Test=4.780s  Peak RAM=37.131 MB
2026-03-18 04:25:25 | INFO | [ncluster=145/145] AUC-ROC=99.46%  AUC-PR=99.69%  F1=0.9919  MCC=0.9839  Train=0.465s  Test=4.547s  Peak RAM=37.133 MB
2026-03-18 04:25:25 | INFO | [ncluster=150/150] AUC-ROC=99.13%  AUC-PR=99.47%  F1=0.9853  MCC=0.9713  Train=0.629s  Test=6.194s  Peak RAM=37.133 MB
2026-03-18 04:25:25 | INFO | [ncluster=155/155] AUC-ROC=99.15%  AUC-PR=99.45%  F1=0.9838  MCC=0.9681  Train=0.396s  Test=6.470s  Peak RAM=37.133 MB
2026-03-18 04:25:25 | INFO | [ncluster=160/160] AUC-ROC=99.37%  AUC-PR=99.62%  F1=0.9889  MCC=0.9782  Train=0.767s  Test=5.851s  Peak RAM=37.135 MB
2026-03-18 04:25:25 | INFO | [ncluster=165/165] AUC-ROC=99.42%  AUC-PR=99.67%  F1=0.9904  MCC=0.9809  Train=0.857s  Test=4.764s  Peak RAM=37.135 MB
2026-03-18 04:25:25 | INFO | [ncluster=170/170] AUC-ROC=99.44%  AUC-PR=99.68%  F1=0.9901  MCC=0.9804  Train=0.262s  Test=3.775s  Peak RAM=37.136 MB
2026-03-18 04:25:25 | INFO | [ncluster=175/175] AUC-ROC=99.46%  AUC-PR=99.68%  F1=0.9894  MCC=0.9791  Train=0.369s  Test=3.783s  Peak RAM=37.137 MB
2026-03-18 04:25:25 | INFO | [ncluster=180/180] AUC-ROC=99.33%  AUC-PR=99.61%  F1=0.9890  MCC=0.9782  Train=0.251s  Test=3.229s  Peak RAM=37.139 MB
2026-03-18 04:25:25 | INFO | [ncluster=185/185] AUC-ROC=99.11%  AUC-PR=99.44%  F1=0.9778  MCC=0.9561  Train=0.430s  Test=3.788s  Peak RAM=37.139 MB
2026-03-18 04:25:25 | INFO | [ncluster=190/190] AUC-ROC=99.44%  AUC-PR=99.66%  F1=0.9875  MCC=0.9753  Train=0.578s  Test=3.551s  Peak RAM=37.141 MB
2026-03-18 04:25:25 | INFO | [ncluster=195/195] AUC-ROC=99.50%  AUC-PR=99.70%  F1=0.9896  MCC=0.9795  Train=0.524s  Test=4.220s  Peak RAM=37.142 MB
2026-03-18 04:25:25 | INFO | [ncluster=200/200] AUC-ROC=99.48%  AUC-PR=99.68%  F1=0.9911  MCC=0.9825  Train=0.447s  Test=4.270s  Peak RAM=37.143 MB
2026-03-18 04:25:25 | INFO | [ncluster=205/205] AUC-ROC=99.49%  AUC-PR=99.71%  F1=0.9897  MCC=0.9797  Train=0.665s  Test=4.198s  Peak RAM=37.143 MB
2026-03-18 04:25:25 | INFO | [ncluster=210/210] AUC-ROC=99.46%  AUC-PR=99.69%  F1=0.9915  MCC=0.9832  Train=0.334s  Test=5.058s  Peak RAM=37.144 MB
2026-03-18 04:25:25 | INFO | [ncluster=215/215] AUC-ROC=99.30%  AUC-PR=99.59%  F1=0.9897  MCC=0.9798  Train=0.523s  Test=5.487s  Peak RAM=37.145 MB
2026-03-18 04:25:25 | INFO | [ncluster=220/220] AUC-ROC=99.47%  AUC-PR=99.68%  F1=0.9881  MCC=0.9766  Train=0.488s  Test=4.538s  Peak RAM=37.145 MB
2026-03-18 04:25:25 | INFO | [ncluster=225/225] AUC-ROC=99.50%  AUC-PR=99.71%  F1=0.9882  MCC=0.9764  Train=0.728s  Test=3.850s  Peak RAM=37.146 MB
2026-03-18 04:25:25 | INFO | [ncluster=230/230] AUC-ROC=99.53%  AUC-PR=99.73%  F1=0.9924  MCC=0.9850  Train=0.281s  Test=3.087s  Peak RAM=37.146 MB
2026-03-18 04:25:25 | INFO | [ncluster=235/235] AUC-ROC=99.31%  AUC-PR=99.59%  F1=0.9883  MCC=0.9769  Train=0.449s  Test=3.827s  Peak RAM=37.148 MB
2026-03-18 04:25:25 | INFO | [ncluster=240/240] AUC-ROC=99.22%  AUC-PR=99.53%  F1=0.9827  MCC=0.9658  Train=0.493s  Test=3.763s  Peak RAM=37.15 MB
2026-03-18 04:25:25 | INFO | [ncluster=245/245] AUC-ROC=99.53%  AUC-PR=99.71%  F1=0.9878  MCC=0.9757  Train=0.397s  Test=3.251s  Peak RAM=37.15 MB
2026-03-18 04:25:25 | INFO | [ncluster=250/250] AUC-ROC=99.35%  AUC-PR=99.62%  F1=0.9900  MCC=0.9803  Train=0.312s  Test=3.646s  Peak RAM=37.151 MB
2026-03-18 04:25:25 | INFO | [ncluster=255/255] AUC-ROC=99.21%  AUC-PR=99.54%  F1=0.9867  MCC=0.9738  Train=0.409s  Test=3.263s  Peak RAM=37.151 MB
2026-03-18 04:25:25 | INFO | [ncluster=260/260] AUC-ROC=99.33%  AUC-PR=99.61%  F1=0.9883  MCC=0.9769  Train=0.224s  Test=2.657s  Peak RAM=37.153 MB
2026-03-18 04:25:25 | INFO | [ncluster=265/265] AUC-ROC=99.24%  AUC-PR=99.56%  F1=0.9879  MCC=0.9761  Train=0.372s  Test=2.679s  Peak RAM=37.155 MB
2026-03-18 04:25:25 | INFO | [ncluster=270/270] AUC-ROC=99.33%  AUC-PR=99.61%  F1=0.9888  MCC=0.9779  Train=0.251s  Test=2.278s  Peak RAM=37.154 MB
2026-03-18 04:25:25 | INFO | [ncluster=275/275] AUC-ROC=99.28%  AUC-PR=99.58%  F1=0.9886  MCC=0.9776  Train=0.361s  Test=2.351s  Peak RAM=37.157 MB
2026-03-18 04:25:25 | INFO | [ncluster=280/280] AUC-ROC=99.42%  AUC-PR=99.66%  F1=0.9903  MCC=0.9808  Train=0.245s  Test=3.100s  Peak RAM=37.156 MB
2026-03-18 04:25:25 | INFO | [ncluster=285/285] AUC-ROC=99.46%  AUC-PR=99.67%  F1=0.9884  MCC=0.9771  Train=0.267s  Test=2.921s  Peak RAM=37.157 MB
2026-03-18 04:25:25 | INFO | [ncluster=290/290] AUC-ROC=99.42%  AUC-PR=99.66%  F1=0.9880  MCC=0.9765  Train=0.149s  Test=1.673s  Peak RAM=37.157 MB
2026-03-18 04:25:25 | INFO | [ncluster=295/295] AUC-ROC=99.56%  AUC-PR=99.74%  F1=0.9912  MCC=0.9826  Train=0.112s  Test=1.666s  Peak RAM=37.158 MB
2026-03-18 04:25:25 | INFO | [ncluster=300/300] AUC-ROC=99.37%  AUC-PR=99.63%  F1=0.9896  MCC=0.9795  Train=0.112s  Test=1.573s  Peak RAM=37.16 MB
2026-03-18 04:25:25 | INFO | --- noise=1% ---
2026-03-18 04:25:25 | INFO | ============================================================
2026-03-18 04:25:25 | INFO | Dataset  : Train_Normalizer_data_ToNIoT.csv
2026-03-18 04:25:25 | INFO | Scaler   : Normalizer
2026-03-18 04:25:25 | INFO | Noise    : 1%
2026-03-18 04:25:25 | INFO | nClusters: 51 values (50..300)
2026-03-18 04:25:25 | INFO | ============================================================
2026-03-18 04:25:25 | INFO | Loaded Raw Shape -> Train: (30000, 45), Test: (30000, 45)
2026-03-18 04:25:25 | INFO | Training size : 30,300  |  Testing size: 29,700  |  Features: 44
2026-03-18 04:25:25 | INFO | Firing up Parallel execution for 51 cluster configs...
2026-03-18 04:27:31 | INFO | [ncluster=50/50] AUC-ROC=93.81%  AUC-PR=95.10%  F1=0.8745  MCC=0.7526  Train=0.435s  Test=6.936s  Peak RAM=37.486 MB
2026-03-18 04:27:31 | INFO | [ncluster=55/55] AUC-ROC=92.62%  AUC-PR=94.22%  F1=0.8550  MCC=0.7209  Train=0.474s  Test=6.613s  Peak RAM=37.487 MB
2026-03-18 04:27:31 | INFO | [ncluster=60/60] AUC-ROC=93.11%  AUC-PR=94.63%  F1=0.8628  MCC=0.7360  Train=0.809s  Test=6.805s  Peak RAM=37.487 MB
2026-03-18 04:27:31 | INFO | [ncluster=65/65] AUC-ROC=92.24%  AUC-PR=93.65%  F1=0.8425  MCC=0.6962  Train=0.733s  Test=7.597s  Peak RAM=37.488 MB
2026-03-18 04:27:31 | INFO | [ncluster=70/70] AUC-ROC=93.76%  AUC-PR=94.98%  F1=0.8710  MCC=0.7403  Train=0.586s  Test=7.921s  Peak RAM=37.49 MB
2026-03-18 04:27:31 | INFO | [ncluster=75/75] AUC-ROC=92.78%  AUC-PR=94.19%  F1=0.8502  MCC=0.7163  Train=1.290s  Test=9.569s  Peak RAM=37.49 MB
2026-03-18 04:27:31 | INFO | [ncluster=80/80] AUC-ROC=92.56%  AUC-PR=93.89%  F1=0.8475  MCC=0.7061  Train=1.495s  Test=7.573s  Peak RAM=37.491 MB
2026-03-18 04:27:31 | INFO | [ncluster=85/85] AUC-ROC=94.07%  AUC-PR=95.18%  F1=0.8697  MCC=0.7462  Train=0.700s  Test=8.023s  Peak RAM=37.491 MB
2026-03-18 04:27:31 | INFO | [ncluster=90/90] AUC-ROC=92.28%  AUC-PR=93.51%  F1=0.8396  MCC=0.6886  Train=1.247s  Test=9.030s  Peak RAM=37.493 MB
2026-03-18 04:27:31 | INFO | [ncluster=95/95] AUC-ROC=91.82%  AUC-PR=93.38%  F1=0.8369  MCC=0.6979  Train=1.234s  Test=8.293s  Peak RAM=37.495 MB
2026-03-18 04:27:31 | INFO | [ncluster=100/100] AUC-ROC=92.47%  AUC-PR=93.97%  F1=0.8480  MCC=0.7118  Train=0.855s  Test=6.773s  Peak RAM=37.494 MB
2026-03-18 04:27:31 | INFO | [ncluster=105/105] AUC-ROC=93.67%  AUC-PR=94.84%  F1=0.8652  MCC=0.7376  Train=1.531s  Test=7.820s  Peak RAM=37.496 MB
2026-03-18 04:27:31 | INFO | [ncluster=110/110] AUC-ROC=92.71%  AUC-PR=94.10%  F1=0.8514  MCC=0.7178  Train=0.397s  Test=4.528s  Peak RAM=37.497 MB
2026-03-18 04:27:31 | INFO | [ncluster=115/115] AUC-ROC=92.24%  AUC-PR=93.60%  F1=0.8403  MCC=0.7006  Train=0.518s  Test=4.737s  Peak RAM=37.498 MB
2026-03-18 04:27:31 | INFO | [ncluster=120/120] AUC-ROC=93.67%  AUC-PR=94.95%  F1=0.8669  MCC=0.7387  Train=0.410s  Test=4.932s  Peak RAM=37.497 MB
2026-03-18 04:27:31 | INFO | [ncluster=125/125] AUC-ROC=93.40%  AUC-PR=94.56%  F1=0.8656  MCC=0.7358  Train=0.718s  Test=4.771s  Peak RAM=37.5 MB
2026-03-18 04:27:31 | INFO | [ncluster=130/130] AUC-ROC=92.51%  AUC-PR=93.84%  F1=0.8464  MCC=0.7114  Train=0.796s  Test=5.319s  Peak RAM=37.5 MB
2026-03-18 04:27:31 | INFO | [ncluster=135/135] AUC-ROC=93.78%  AUC-PR=94.99%  F1=0.8675  MCC=0.7447  Train=0.586s  Test=5.004s  Peak RAM=37.501 MB
2026-03-18 04:27:31 | INFO | [ncluster=140/140] AUC-ROC=92.36%  AUC-PR=93.83%  F1=0.8487  MCC=0.7065  Train=0.587s  Test=5.310s  Peak RAM=37.501 MB
2026-03-18 04:27:31 | INFO | [ncluster=145/145] AUC-ROC=93.24%  AUC-PR=94.59%  F1=0.8596  MCC=0.7275  Train=0.832s  Test=5.344s  Peak RAM=37.503 MB
2026-03-18 04:27:31 | INFO | [ncluster=150/150] AUC-ROC=94.03%  AUC-PR=95.17%  F1=0.8749  MCC=0.7533  Train=0.700s  Test=5.384s  Peak RAM=37.503 MB
2026-03-18 04:27:31 | INFO | [ncluster=155/155] AUC-ROC=93.34%  AUC-PR=94.69%  F1=0.8619  MCC=0.7325  Train=0.746s  Test=4.834s  Peak RAM=37.504 MB
2026-03-18 04:27:31 | INFO | [ncluster=160/160] AUC-ROC=93.64%  AUC-PR=94.96%  F1=0.8681  MCC=0.7463  Train=0.686s  Test=4.706s  Peak RAM=37.505 MB
2026-03-18 04:27:31 | INFO | [ncluster=165/165] AUC-ROC=93.25%  AUC-PR=94.60%  F1=0.8601  MCC=0.7345  Train=0.523s  Test=4.673s  Peak RAM=37.505 MB
2026-03-18 04:27:31 | INFO | [ncluster=170/170] AUC-ROC=91.98%  AUC-PR=93.21%  F1=0.8352  MCC=0.6828  Train=0.314s  Test=4.294s  Peak RAM=37.507 MB
2026-03-18 04:27:31 | INFO | [ncluster=175/175] AUC-ROC=93.68%  AUC-PR=94.94%  F1=0.8653  MCC=0.7417  Train=0.460s  Test=3.777s  Peak RAM=37.509 MB
2026-03-18 04:27:31 | INFO | [ncluster=180/180] AUC-ROC=93.32%  AUC-PR=94.67%  F1=0.8614  MCC=0.7335  Train=0.531s  Test=5.060s  Peak RAM=37.508 MB
2026-03-18 04:27:31 | INFO | [ncluster=185/185] AUC-ROC=93.29%  AUC-PR=94.70%  F1=0.8657  MCC=0.7371  Train=0.485s  Test=4.523s  Peak RAM=37.51 MB
2026-03-18 04:27:31 | INFO | [ncluster=190/190] AUC-ROC=93.72%  AUC-PR=95.04%  F1=0.8727  MCC=0.7504  Train=0.380s  Test=4.520s  Peak RAM=37.511 MB
2026-03-18 04:27:31 | INFO | [ncluster=195/195] AUC-ROC=93.35%  AUC-PR=94.47%  F1=0.8592  MCC=0.7278  Train=0.568s  Test=5.017s  Peak RAM=37.511 MB
2026-03-18 04:27:31 | INFO | [ncluster=200/200] AUC-ROC=93.94%  AUC-PR=95.18%  F1=0.8714  MCC=0.7507  Train=0.373s  Test=4.544s  Peak RAM=37.513 MB
2026-03-18 04:27:31 | INFO | [ncluster=205/205] AUC-ROC=93.31%  AUC-PR=94.62%  F1=0.8606  MCC=0.7323  Train=0.530s  Test=3.915s  Peak RAM=37.514 MB
2026-03-18 04:27:31 | INFO | [ncluster=210/210] AUC-ROC=93.31%  AUC-PR=94.66%  F1=0.8619  MCC=0.7316  Train=0.712s  Test=3.584s  Peak RAM=37.514 MB
2026-03-18 04:27:31 | INFO | [ncluster=215/215] AUC-ROC=93.65%  AUC-PR=94.93%  F1=0.8702  MCC=0.7449  Train=0.506s  Test=4.230s  Peak RAM=37.515 MB
2026-03-18 04:27:31 | INFO | [ncluster=220/220] AUC-ROC=93.29%  AUC-PR=94.57%  F1=0.8591  MCC=0.7303  Train=0.613s  Test=4.448s  Peak RAM=37.516 MB
2026-03-18 04:27:31 | INFO | [ncluster=225/225] AUC-ROC=93.73%  AUC-PR=95.03%  F1=0.8716  MCC=0.7488  Train=0.441s  Test=4.398s  Peak RAM=37.517 MB
2026-03-18 04:27:31 | INFO | [ncluster=230/230] AUC-ROC=93.93%  AUC-PR=95.23%  F1=0.8744  MCC=0.7532  Train=0.270s  Test=4.222s  Peak RAM=37.517 MB
2026-03-18 04:27:31 | INFO | [ncluster=235/235] AUC-ROC=93.86%  AUC-PR=95.20%  F1=0.8712  MCC=0.7527  Train=0.626s  Test=3.950s  Peak RAM=37.52 MB
2026-03-18 04:27:31 | INFO | [ncluster=240/240] AUC-ROC=93.67%  AUC-PR=94.87%  F1=0.8689  MCC=0.7425  Train=0.395s  Test=3.213s  Peak RAM=37.519 MB
2026-03-18 04:27:31 | INFO | [ncluster=245/245] AUC-ROC=92.96%  AUC-PR=94.22%  F1=0.8561  MCC=0.7209  Train=0.429s  Test=5.027s  Peak RAM=37.521 MB
2026-03-18 04:27:31 | INFO | [ncluster=250/250] AUC-ROC=93.80%  AUC-PR=95.12%  F1=0.8708  MCC=0.7516  Train=0.457s  Test=2.906s  Peak RAM=37.523 MB
2026-03-18 04:27:31 | INFO | [ncluster=255/255] AUC-ROC=93.71%  AUC-PR=94.97%  F1=0.8678  MCC=0.7450  Train=0.442s  Test=4.162s  Peak RAM=37.522 MB
2026-03-18 04:27:31 | INFO | [ncluster=260/260] AUC-ROC=91.76%  AUC-PR=92.87%  F1=0.8324  MCC=0.6821  Train=0.459s  Test=4.066s  Peak RAM=37.524 MB
2026-03-18 04:27:31 | INFO | [ncluster=265/265] AUC-ROC=93.88%  AUC-PR=95.13%  F1=0.8703  MCC=0.7529  Train=0.516s  Test=3.760s  Peak RAM=37.524 MB
2026-03-18 04:27:31 | INFO | [ncluster=270/270] AUC-ROC=93.28%  AUC-PR=94.54%  F1=0.8618  MCC=0.7373  Train=0.600s  Test=3.128s  Peak RAM=37.526 MB
2026-03-18 04:27:31 | INFO | [ncluster=275/275] AUC-ROC=93.63%  AUC-PR=94.88%  F1=0.8683  MCC=0.7469  Train=0.138s  Test=3.223s  Peak RAM=37.525 MB
2026-03-18 04:27:31 | INFO | [ncluster=280/280] AUC-ROC=93.43%  AUC-PR=94.65%  F1=0.8616  MCC=0.7377  Train=0.321s  Test=3.059s  Peak RAM=37.527 MB
2026-03-18 04:27:31 | INFO | [ncluster=285/285] AUC-ROC=87.10%  AUC-PR=82.76%  F1=0.8450  MCC=0.6935  Train=0.203s  Test=3.340s  Peak RAM=37.527 MB
2026-03-18 04:27:31 | INFO | [ncluster=290/290] AUC-ROC=93.60%  AUC-PR=94.81%  F1=0.8679  MCC=0.7416  Train=0.119s  Test=2.022s  Peak RAM=37.529 MB
2026-03-18 04:27:31 | INFO | [ncluster=295/295] AUC-ROC=93.50%  AUC-PR=94.77%  F1=0.8646  MCC=0.7437  Train=0.149s  Test=2.005s  Peak RAM=37.53 MB
2026-03-18 04:27:31 | INFO | [ncluster=300/300] AUC-ROC=93.19%  AUC-PR=94.18%  F1=0.8625  MCC=0.7295  Train=0.143s  Test=1.745s  Peak RAM=37.53 MB
2026-03-18 04:27:31 | INFO | --- noise=3% ---
2026-03-18 04:27:31 | INFO | ============================================================
2026-03-18 04:27:31 | INFO | Dataset  : Train_Normalizer_data_ToNIoT.csv
2026-03-18 04:27:31 | INFO | Scaler   : Normalizer
2026-03-18 04:27:31 | INFO | Noise    : 3%
2026-03-18 04:27:31 | INFO | nClusters: 51 values (50..300)
2026-03-18 04:27:31 | INFO | ============================================================
2026-03-18 04:27:31 | INFO | Loaded Raw Shape -> Train: (30000, 45), Test: (30000, 45)
2026-03-18 04:27:31 | INFO | Training size : 30,900  |  Testing size: 29,100  |  Features: 44
2026-03-18 04:27:31 | INFO | Firing up Parallel execution for 51 cluster configs...
2026-03-18 04:29:46 | INFO | [ncluster=50/50] AUC-ROC=87.11%  AUC-PR=89.87%  F1=0.7830  MCC=0.6130  Train=0.330s  Test=6.922s  Peak RAM=38.228 MB
2026-03-18 04:29:46 | INFO | [ncluster=55/55] AUC-ROC=90.18%  AUC-PR=92.08%  F1=0.8263  MCC=0.6655  Train=0.495s  Test=7.630s  Peak RAM=38.228 MB
2026-03-18 04:29:46 | INFO | [ncluster=60/60] AUC-ROC=89.96%  AUC-PR=91.99%  F1=0.8189  MCC=0.6623  Train=0.342s  Test=6.719s  Peak RAM=38.229 MB
2026-03-18 04:29:46 | INFO | [ncluster=65/65] AUC-ROC=88.82%  AUC-PR=91.32%  F1=0.8030  MCC=0.6384  Train=0.739s  Test=7.606s  Peak RAM=38.23 MB
2026-03-18 04:29:46 | INFO | [ncluster=70/70] AUC-ROC=89.83%  AUC-PR=91.86%  F1=0.8110  MCC=0.6515  Train=0.807s  Test=8.785s  Peak RAM=38.23 MB
2026-03-18 04:29:46 | INFO | [ncluster=75/75] AUC-ROC=89.64%  AUC-PR=91.62%  F1=0.8051  MCC=0.6411  Train=0.918s  Test=9.281s  Peak RAM=38.233 MB
2026-03-18 04:29:46 | INFO | [ncluster=80/80] AUC-ROC=88.99%  AUC-PR=91.22%  F1=0.8027  MCC=0.6372  Train=0.898s  Test=8.276s  Peak RAM=38.231 MB
2026-03-18 04:29:46 | INFO | [ncluster=85/85] AUC-ROC=89.79%  AUC-PR=91.88%  F1=0.8095  MCC=0.6453  Train=1.245s  Test=8.381s  Peak RAM=38.232 MB
2026-03-18 04:29:46 | INFO | [ncluster=90/90] AUC-ROC=88.73%  AUC-PR=91.24%  F1=0.8107  MCC=0.6424  Train=1.288s  Test=6.958s  Peak RAM=38.234 MB
2026-03-18 04:29:46 | INFO | [ncluster=95/95] AUC-ROC=89.48%  AUC-PR=91.58%  F1=0.8051  MCC=0.6417  Train=1.004s  Test=8.557s  Peak RAM=38.236 MB
2026-03-18 04:29:46 | INFO | [ncluster=100/100] AUC-ROC=88.28%  AUC-PR=90.61%  F1=0.7890  MCC=0.6261  Train=1.411s  Test=6.923s  Peak RAM=38.236 MB
2026-03-18 04:29:46 | INFO | [ncluster=105/105] AUC-ROC=89.19%  AUC-PR=91.23%  F1=0.8027  MCC=0.6391  Train=0.940s  Test=5.272s  Peak RAM=38.237 MB
2026-03-18 04:29:46 | INFO | [ncluster=110/110] AUC-ROC=89.08%  AUC-PR=91.43%  F1=0.8104  MCC=0.6484  Train=0.263s  Test=3.856s  Peak RAM=38.238 MB
2026-03-18 04:29:46 | INFO | [ncluster=115/115] AUC-ROC=89.64%  AUC-PR=91.63%  F1=0.8052  MCC=0.6390  Train=0.320s  Test=4.543s  Peak RAM=38.239 MB
2026-03-18 04:29:46 | INFO | [ncluster=120/120] AUC-ROC=88.61%  AUC-PR=90.96%  F1=0.7974  MCC=0.6358  Train=0.573s  Test=4.492s  Peak RAM=38.241 MB
2026-03-18 04:29:46 | INFO | [ncluster=125/125] AUC-ROC=89.50%  AUC-PR=91.58%  F1=0.8082  MCC=0.6425  Train=0.459s  Test=4.337s  Peak RAM=38.24 MB
2026-03-18 04:29:46 | INFO | [ncluster=130/130] AUC-ROC=89.62%  AUC-PR=91.44%  F1=0.8004  MCC=0.6383  Train=0.642s  Test=5.633s  Peak RAM=38.242 MB
2026-03-18 04:29:46 | INFO | [ncluster=135/135] AUC-ROC=88.86%  AUC-PR=90.89%  F1=0.7917  MCC=0.6228  Train=0.563s  Test=6.324s  Peak RAM=38.241 MB
2026-03-18 04:29:46 | INFO | [ncluster=140/140] AUC-ROC=89.31%  AUC-PR=91.49%  F1=0.8026  MCC=0.6404  Train=0.772s  Test=6.572s  Peak RAM=38.244 MB
2026-03-18 04:29:46 | INFO | [ncluster=145/145] AUC-ROC=88.78%  AUC-PR=91.20%  F1=0.8046  MCC=0.6369  Train=0.871s  Test=6.475s  Peak RAM=38.243 MB
2026-03-18 04:29:46 | INFO | [ncluster=150/150] AUC-ROC=89.61%  AUC-PR=91.68%  F1=0.8104  MCC=0.6413  Train=0.590s  Test=5.697s  Peak RAM=38.245 MB
2026-03-18 04:29:46 | INFO | [ncluster=155/155] AUC-ROC=89.12%  AUC-PR=91.11%  F1=0.7952  MCC=0.6191  Train=0.770s  Test=5.030s  Peak RAM=38.247 MB
2026-03-18 04:29:46 | INFO | [ncluster=160/160] AUC-ROC=89.37%  AUC-PR=91.34%  F1=0.8014  MCC=0.6399  Train=0.672s  Test=5.647s  Peak RAM=38.247 MB
2026-03-18 04:29:46 | INFO | [ncluster=165/165] AUC-ROC=89.06%  AUC-PR=91.28%  F1=0.8011  MCC=0.6385  Train=0.666s  Test=4.405s  Peak RAM=38.247 MB
2026-03-18 04:29:46 | INFO | [ncluster=170/170] AUC-ROC=87.84%  AUC-PR=90.10%  F1=0.7780  MCC=0.6060  Train=0.272s  Test=3.914s  Peak RAM=38.249 MB
2026-03-18 04:29:46 | INFO | [ncluster=175/175] AUC-ROC=87.47%  AUC-PR=89.86%  F1=0.7767  MCC=0.6063  Train=0.421s  Test=3.786s  Peak RAM=38.249 MB
2026-03-18 04:29:46 | INFO | [ncluster=180/180] AUC-ROC=89.23%  AUC-PR=91.29%  F1=0.8000  MCC=0.6363  Train=0.359s  Test=4.443s  Peak RAM=38.251 MB
2026-03-18 04:29:46 | INFO | [ncluster=185/185] AUC-ROC=89.80%  AUC-PR=91.69%  F1=0.8071  MCC=0.6436  Train=0.455s  Test=3.879s  Peak RAM=38.252 MB
2026-03-18 04:29:46 | INFO | [ncluster=190/190] AUC-ROC=87.28%  AUC-PR=89.71%  F1=0.7751  MCC=0.6032  Train=0.368s  Test=3.606s  Peak RAM=38.252 MB
2026-03-18 04:29:46 | INFO | [ncluster=195/195] AUC-ROC=89.42%  AUC-PR=91.52%  F1=0.8039  MCC=0.6396  Train=0.497s  Test=5.153s  Peak RAM=38.253 MB
2026-03-18 04:29:46 | INFO | [ncluster=200/200] AUC-ROC=89.25%  AUC-PR=91.34%  F1=0.8020  MCC=0.6372  Train=0.621s  Test=5.731s  Peak RAM=38.255 MB
2026-03-18 04:29:46 | INFO | [ncluster=205/205] AUC-ROC=89.33%  AUC-PR=91.46%  F1=0.7994  MCC=0.6377  Train=0.562s  Test=4.864s  Peak RAM=38.254 MB
2026-03-18 04:29:46 | INFO | [ncluster=210/210] AUC-ROC=90.19%  AUC-PR=91.91%  F1=0.8179  MCC=0.6507  Train=0.774s  Test=4.946s  Peak RAM=38.257 MB
2026-03-18 04:29:46 | INFO | [ncluster=215/215] AUC-ROC=89.22%  AUC-PR=91.37%  F1=0.7985  MCC=0.6352  Train=0.485s  Test=5.885s  Peak RAM=38.257 MB
2026-03-18 04:29:46 | INFO | [ncluster=220/220] AUC-ROC=89.53%  AUC-PR=91.57%  F1=0.7995  MCC=0.6425  Train=0.384s  Test=4.440s  Peak RAM=38.257 MB
2026-03-18 04:29:46 | INFO | [ncluster=225/225] AUC-ROC=89.64%  AUC-PR=91.71%  F1=0.8049  MCC=0.6476  Train=0.742s  Test=5.075s  Peak RAM=38.257 MB
2026-03-18 04:29:46 | INFO | [ncluster=230/230] AUC-ROC=89.76%  AUC-PR=91.77%  F1=0.8145  MCC=0.6447  Train=0.482s  Test=4.994s  Peak RAM=38.26 MB
2026-03-18 04:29:46 | INFO | [ncluster=235/235] AUC-ROC=89.57%  AUC-PR=91.64%  F1=0.8059  MCC=0.6443  Train=0.475s  Test=4.419s  Peak RAM=38.261 MB
2026-03-18 04:29:46 | INFO | [ncluster=240/240] AUC-ROC=89.65%  AUC-PR=91.51%  F1=0.8049  MCC=0.6447  Train=0.307s  Test=3.974s  Peak RAM=38.261 MB
2026-03-18 04:29:46 | INFO | [ncluster=245/245] AUC-ROC=88.81%  AUC-PR=91.10%  F1=0.8029  MCC=0.6347  Train=0.309s  Test=3.704s  Peak RAM=38.263 MB
2026-03-18 04:29:46 | INFO | [ncluster=250/250] AUC-ROC=88.53%  AUC-PR=90.78%  F1=0.7848  MCC=0.6252  Train=0.429s  Test=3.658s  Peak RAM=38.263 MB
2026-03-18 04:29:46 | INFO | [ncluster=255/255] AUC-ROC=88.92%  AUC-PR=91.00%  F1=0.7928  MCC=0.6303  Train=0.269s  Test=4.514s  Peak RAM=38.263 MB
2026-03-18 04:29:46 | INFO | [ncluster=260/260] AUC-ROC=89.60%  AUC-PR=91.60%  F1=0.8048  MCC=0.6417  Train=0.318s  Test=4.453s  Peak RAM=38.266 MB
2026-03-18 04:29:46 | INFO | [ncluster=265/265] AUC-ROC=89.41%  AUC-PR=91.47%  F1=0.8030  MCC=0.6423  Train=0.552s  Test=4.181s  Peak RAM=38.265 MB
2026-03-18 04:29:46 | INFO | [ncluster=270/270] AUC-ROC=89.32%  AUC-PR=88.36%  F1=0.8309  MCC=0.6745  Train=0.285s  Test=3.763s  Peak RAM=38.266 MB
2026-03-18 04:29:46 | INFO | [ncluster=275/275] AUC-ROC=88.62%  AUC-PR=90.61%  F1=0.7895  MCC=0.6242  Train=0.291s  Test=3.589s  Peak RAM=38.267 MB
2026-03-18 04:29:46 | INFO | [ncluster=280/280] AUC-ROC=89.70%  AUC-PR=91.71%  F1=0.8064  MCC=0.6447  Train=0.207s  Test=3.364s  Peak RAM=38.269 MB
2026-03-18 04:29:46 | INFO | [ncluster=285/285] AUC-ROC=89.34%  AUC-PR=91.31%  F1=0.8029  MCC=0.6414  Train=0.283s  Test=3.512s  Peak RAM=38.269 MB
2026-03-18 04:29:46 | INFO | [ncluster=290/290] AUC-ROC=89.50%  AUC-PR=91.45%  F1=0.8039  MCC=0.6415  Train=0.194s  Test=2.412s  Peak RAM=38.27 MB
2026-03-18 04:29:46 | INFO | [ncluster=295/295] AUC-ROC=89.25%  AUC-PR=91.19%  F1=0.8036  MCC=0.6391  Train=0.136s  Test=2.408s  Peak RAM=38.271 MB
2026-03-18 04:29:46 | INFO | [ncluster=300/300] AUC-ROC=89.29%  AUC-PR=91.25%  F1=0.8021  MCC=0.6405  Train=0.133s  Test=1.840s  Peak RAM=38.272 MB
2026-03-18 04:29:46 | INFO | --- noise=5% ---
2026-03-18 04:29:46 | INFO | ============================================================
2026-03-18 04:29:46 | INFO | Dataset  : Train_Normalizer_data_ToNIoT.csv
2026-03-18 04:29:46 | INFO | Scaler   : Normalizer
2026-03-18 04:29:46 | INFO | Noise    : 5%
2026-03-18 04:29:46 | INFO | nClusters: 51 values (50..300)
2026-03-18 04:29:46 | INFO | ============================================================
2026-03-18 04:29:46 | INFO | Loaded Raw Shape -> Train: (30000, 45), Test: (30000, 45)
2026-03-18 04:29:46 | INFO | Training size : 31,500  |  Testing size: 28,500  |  Features: 44
2026-03-18 04:29:46 | INFO | Firing up Parallel execution for 51 cluster configs...
2026-03-18 04:32:12 | INFO | [ncluster=50/50] AUC-ROC=87.17%  AUC-PR=90.02%  F1=0.7886  MCC=0.5968  Train=0.335s  Test=6.094s  Peak RAM=38.969 MB
2026-03-18 04:32:12 | INFO | [ncluster=55/55] AUC-ROC=83.74%  AUC-PR=87.00%  F1=0.7183  MCC=0.5388  Train=0.382s  Test=6.637s  Peak RAM=38.968 MB
2026-03-18 04:32:12 | INFO | [ncluster=60/60] AUC-ROC=84.68%  AUC-PR=87.44%  F1=0.7586  MCC=0.5493  Train=0.328s  Test=6.314s  Peak RAM=38.972 MB
2026-03-18 04:32:12 | INFO | [ncluster=65/65] AUC-ROC=83.39%  AUC-PR=86.24%  F1=0.7348  MCC=0.5287  Train=0.741s  Test=7.558s  Peak RAM=38.972 MB
2026-03-18 04:32:12 | INFO | [ncluster=70/70] AUC-ROC=84.28%  AUC-PR=87.43%  F1=0.7394  MCC=0.5456  Train=0.847s  Test=7.157s  Peak RAM=38.972 MB
2026-03-18 04:32:12 | INFO | [ncluster=75/75] AUC-ROC=85.36%  AUC-PR=88.48%  F1=0.7588  MCC=0.5713  Train=1.026s  Test=8.890s  Peak RAM=38.972 MB
2026-03-18 04:32:12 | INFO | [ncluster=80/80] AUC-ROC=85.25%  AUC-PR=88.39%  F1=0.7601  MCC=0.5742  Train=0.821s  Test=7.201s  Peak RAM=38.974 MB
2026-03-18 04:32:12 | INFO | [ncluster=85/85] AUC-ROC=83.36%  AUC-PR=86.05%  F1=0.7153  MCC=0.5176  Train=1.062s  Test=7.607s  Peak RAM=38.975 MB
2026-03-18 04:32:12 | INFO | [ncluster=90/90] AUC-ROC=84.12%  AUC-PR=87.55%  F1=0.7366  MCC=0.5716  Train=0.842s  Test=6.640s  Peak RAM=38.977 MB
2026-03-18 04:32:12 | INFO | [ncluster=95/95] AUC-ROC=85.59%  AUC-PR=88.78%  F1=0.7595  MCC=0.5669  Train=0.868s  Test=6.649s  Peak RAM=38.978 MB
2026-03-18 04:32:12 | INFO | [ncluster=100/100] AUC-ROC=82.67%  AUC-PR=85.18%  F1=0.7083  MCC=0.5257  Train=0.924s  Test=7.134s  Peak RAM=38.978 MB
2026-03-18 04:32:12 | INFO | [ncluster=105/105] AUC-ROC=86.43%  AUC-PR=89.39%  F1=0.7730  MCC=0.5874  Train=1.117s  Test=6.203s  Peak RAM=38.983 MB
2026-03-18 04:32:12 | INFO | [ncluster=110/110] AUC-ROC=86.21%  AUC-PR=88.27%  F1=0.7710  MCC=0.5719  Train=0.453s  Test=5.468s  Peak RAM=38.979 MB
2026-03-18 04:32:12 | INFO | [ncluster=115/115] AUC-ROC=84.14%  AUC-PR=86.46%  F1=0.7306  MCC=0.5473  Train=0.589s  Test=6.447s  Peak RAM=38.982 MB
2026-03-18 04:32:12 | INFO | [ncluster=120/120] AUC-ROC=86.77%  AUC-PR=89.19%  F1=0.7813  MCC=0.5967  Train=0.415s  Test=5.909s  Peak RAM=38.98 MB
2026-03-18 04:32:12 | INFO | [ncluster=125/125] AUC-ROC=85.61%  AUC-PR=89.08%  F1=0.7643  MCC=0.5774  Train=0.702s  Test=5.721s  Peak RAM=38.987 MB
2026-03-18 04:32:12 | INFO | [ncluster=130/130] AUC-ROC=86.36%  AUC-PR=88.92%  F1=0.7654  MCC=0.5743  Train=0.784s  Test=5.321s  Peak RAM=38.984 MB
2026-03-18 04:32:12 | INFO | [ncluster=135/135] AUC-ROC=85.99%  AUC-PR=89.27%  F1=0.7613  MCC=0.5860  Train=0.736s  Test=5.296s  Peak RAM=38.984 MB
2026-03-18 04:32:12 | INFO | [ncluster=140/140] AUC-ROC=86.25%  AUC-PR=89.24%  F1=0.7711  MCC=0.5872  Train=0.729s  Test=5.166s  Peak RAM=38.988 MB
2026-03-18 04:32:12 | INFO | [ncluster=145/145] AUC-ROC=85.06%  AUC-PR=88.13%  F1=0.7486  MCC=0.5609  Train=0.598s  Test=5.581s  Peak RAM=38.984 MB
2026-03-18 04:32:12 | INFO | [ncluster=150/150] AUC-ROC=86.72%  AUC-PR=89.53%  F1=0.7743  MCC=0.5932  Train=0.451s  Test=6.078s  Peak RAM=38.991 MB
2026-03-18 04:32:12 | INFO | [ncluster=155/155] AUC-ROC=86.87%  AUC-PR=89.82%  F1=0.7769  MCC=0.5921  Train=0.654s  Test=4.958s  Peak RAM=38.989 MB
2026-03-18 04:32:12 | INFO | [ncluster=160/160] AUC-ROC=86.94%  AUC-PR=89.87%  F1=0.7649  MCC=0.5913  Train=0.733s  Test=4.980s  Peak RAM=38.991 MB
2026-03-18 04:32:12 | INFO | [ncluster=165/165] AUC-ROC=86.45%  AUC-PR=89.30%  F1=0.7715  MCC=0.5873  Train=0.609s  Test=4.786s  Peak RAM=38.99 MB
2026-03-18 04:32:12 | INFO | [ncluster=170/170] AUC-ROC=86.89%  AUC-PR=89.75%  F1=0.7712  MCC=0.5985  Train=0.382s  Test=4.046s  Peak RAM=38.989 MB
2026-03-18 04:32:12 | INFO | [ncluster=175/175] AUC-ROC=85.16%  AUC-PR=88.10%  F1=0.7540  MCC=0.5566  Train=0.792s  Test=5.568s  Peak RAM=38.993 MB
2026-03-18 04:32:12 | INFO | [ncluster=180/180] AUC-ROC=85.73%  AUC-PR=89.11%  F1=0.7602  MCC=0.5748  Train=0.486s  Test=6.110s  Peak RAM=38.992 MB
2026-03-18 04:32:12 | INFO | [ncluster=185/185] AUC-ROC=86.90%  AUC-PR=89.85%  F1=0.7755  MCC=0.5921  Train=0.285s  Test=4.142s  Peak RAM=38.995 MB
2026-03-18 04:32:12 | INFO | [ncluster=190/190] AUC-ROC=87.64%  AUC-PR=90.29%  F1=0.7920  MCC=0.5931  Train=0.574s  Test=5.277s  Peak RAM=38.994 MB
2026-03-18 04:32:12 | INFO | [ncluster=195/195] AUC-ROC=86.74%  AUC-PR=89.93%  F1=0.7821  MCC=0.5985  Train=0.608s  Test=5.343s  Peak RAM=38.996 MB
2026-03-18 04:32:12 | INFO | [ncluster=200/200] AUC-ROC=85.65%  AUC-PR=88.63%  F1=0.7639  MCC=0.5787  Train=0.413s  Test=5.598s  Peak RAM=38.999 MB
2026-03-18 04:32:12 | INFO | [ncluster=205/205] AUC-ROC=85.58%  AUC-PR=88.37%  F1=0.7522  MCC=0.5626  Train=0.416s  Test=6.271s  Peak RAM=38.998 MB
2026-03-18 04:32:12 | INFO | [ncluster=210/210] AUC-ROC=85.94%  AUC-PR=88.91%  F1=0.7597  MCC=0.5756  Train=0.755s  Test=6.326s  Peak RAM=38.998 MB
2026-03-18 04:32:12 | INFO | [ncluster=215/215] AUC-ROC=87.37%  AUC-PR=90.49%  F1=0.7924  MCC=0.6105  Train=0.656s  Test=5.721s  Peak RAM=38.999 MB
2026-03-18 04:32:12 | INFO | [ncluster=220/220] AUC-ROC=87.08%  AUC-PR=89.57%  F1=0.7729  MCC=0.5956  Train=0.511s  Test=4.704s  Peak RAM=39.0 MB
2026-03-18 04:32:12 | INFO | [ncluster=225/225] AUC-ROC=85.99%  AUC-PR=88.08%  F1=0.7518  MCC=0.5651  Train=0.567s  Test=4.695s  Peak RAM=39.0 MB
2026-03-18 04:32:12 | INFO | [ncluster=230/230] AUC-ROC=86.26%  AUC-PR=89.21%  F1=0.7669  MCC=0.5792  Train=0.286s  Test=4.855s  Peak RAM=39.003 MB
2026-03-18 04:32:12 | INFO | [ncluster=235/235] AUC-ROC=86.24%  AUC-PR=89.24%  F1=0.7634  MCC=0.5840  Train=0.463s  Test=3.700s  Peak RAM=39.001 MB
2026-03-18 04:32:12 | INFO | [ncluster=240/240] AUC-ROC=87.11%  AUC-PR=89.86%  F1=0.7713  MCC=0.5954  Train=0.313s  Test=4.934s  Peak RAM=39.005 MB
2026-03-18 04:32:12 | INFO | [ncluster=245/245] AUC-ROC=87.36%  AUC-PR=90.30%  F1=0.7858  MCC=0.6004  Train=0.453s  Test=5.088s  Peak RAM=39.004 MB
2026-03-18 04:32:12 | INFO | [ncluster=250/250] AUC-ROC=86.42%  AUC-PR=89.13%  F1=0.7629  MCC=0.5893  Train=0.469s  Test=4.976s  Peak RAM=39.005 MB
2026-03-18 04:32:12 | INFO | [ncluster=255/255] AUC-ROC=86.71%  AUC-PR=89.50%  F1=0.7728  MCC=0.5885  Train=0.622s  Test=4.794s  Peak RAM=39.007 MB
2026-03-18 04:32:12 | INFO | [ncluster=260/260] AUC-ROC=83.65%  AUC-PR=85.94%  F1=0.7298  MCC=0.5347  Train=0.219s  Test=3.438s  Peak RAM=39.008 MB
2026-03-18 04:32:12 | INFO | [ncluster=265/265] AUC-ROC=86.95%  AUC-PR=89.97%  F1=0.7715  MCC=0.6022  Train=0.455s  Test=4.354s  Peak RAM=39.007 MB
2026-03-18 04:32:12 | INFO | [ncluster=270/270] AUC-ROC=85.83%  AUC-PR=88.63%  F1=0.7655  MCC=0.5817  Train=0.362s  Test=3.327s  Peak RAM=39.008 MB
2026-03-18 04:32:12 | INFO | [ncluster=275/275] AUC-ROC=87.61%  AUC-PR=89.80%  F1=0.7821  MCC=0.6022  Train=0.314s  Test=3.215s  Peak RAM=39.01 MB
2026-03-18 04:32:12 | INFO | [ncluster=280/280] AUC-ROC=76.67%  AUC-PR=72.12%  F1=0.7865  MCC=0.5290  Train=0.309s  Test=3.600s  Peak RAM=39.011 MB
2026-03-18 04:32:12 | INFO | [ncluster=285/285] AUC-ROC=86.61%  AUC-PR=89.51%  F1=0.7734  MCC=0.5871  Train=0.159s  Test=2.149s  Peak RAM=39.011 MB
2026-03-18 04:32:12 | INFO | [ncluster=290/290] AUC-ROC=87.27%  AUC-PR=90.14%  F1=0.7865  MCC=0.6071  Train=0.157s  Test=2.420s  Peak RAM=39.012 MB
2026-03-18 04:32:12 | INFO | [ncluster=295/295] AUC-ROC=85.22%  AUC-PR=88.41%  F1=0.7549  MCC=0.5746  Train=0.182s  Test=2.255s  Peak RAM=39.012 MB
2026-03-18 04:32:12 | INFO | [ncluster=300/300] AUC-ROC=86.49%  AUC-PR=89.27%  F1=0.7587  MCC=0.5852  Train=0.149s  Test=1.849s  Peak RAM=39.014 MB
2026-03-18 04:32:12 | INFO | 
>>> Processing data_ToNIoT | scaler=QuantileTransformer
2026-03-18 04:32:12 | INFO | --- noise=0% ---
2026-03-18 04:32:12 | INFO | ============================================================
2026-03-18 04:32:12 | INFO | Dataset  : Train_QuantileTransformer_data_ToNIoT.csv
2026-03-18 04:32:12 | INFO | Scaler   : QuantileTransformer
2026-03-18 04:32:12 | INFO | Noise    : 0%
2026-03-18 04:32:12 | INFO | nClusters: 51 values (50..300)
2026-03-18 04:32:12 | INFO | ============================================================
2026-03-18 04:32:12 | INFO | Loaded Raw Shape -> Train: (30000, 45), Test: (30000, 45)
2026-03-18 04:32:12 | INFO | Training size : 30,000  |  Testing size: 30,000  |  Features: 44
2026-03-18 04:32:12 | INFO | Firing up Parallel execution for 51 cluster configs...
2026-03-18 04:34:19 | INFO | [ncluster=50/50] AUC-ROC=76.22%  AUC-PR=69.46%  F1=0.7710  MCC=0.5075  Train=0.407s  Test=5.802s  Peak RAM=37.115 MB
2026-03-18 04:34:19 | INFO | [ncluster=55/55] AUC-ROC=86.52%  AUC-PR=81.08%  F1=0.8411  MCC=0.6747  Train=0.379s  Test=6.624s  Peak RAM=37.117 MB
2026-03-18 04:34:19 | INFO | [ncluster=60/60] AUC-ROC=77.89%  AUC-PR=70.42%  F1=0.7786  MCC=0.5158  Train=0.371s  Test=5.897s  Peak RAM=37.116 MB
2026-03-18 04:34:19 | INFO | [ncluster=65/65] AUC-ROC=78.01%  AUC-PR=70.42%  F1=0.7883  MCC=0.5394  Train=0.591s  Test=5.703s  Peak RAM=37.118 MB
2026-03-18 04:34:19 | INFO | [ncluster=70/70] AUC-ROC=78.78%  AUC-PR=71.41%  F1=0.7721  MCC=0.5166  Train=0.668s  Test=5.087s  Peak RAM=37.119 MB
2026-03-18 04:34:19 | INFO | [ncluster=75/75] AUC-ROC=79.48%  AUC-PR=71.90%  F1=0.7949  MCC=0.5560  Train=0.659s  Test=7.062s  Peak RAM=37.118 MB
2026-03-18 04:34:19 | INFO | [ncluster=80/80] AUC-ROC=95.18%  AUC-PR=94.84%  F1=0.9090  MCC=0.8246  Train=0.631s  Test=5.662s  Peak RAM=37.12 MB
2026-03-18 04:34:19 | INFO | [ncluster=85/85] AUC-ROC=95.00%  AUC-PR=95.23%  F1=0.8926  MCC=0.7950  Train=0.747s  Test=7.139s  Peak RAM=37.12 MB
2026-03-18 04:34:19 | INFO | [ncluster=90/90] AUC-ROC=80.98%  AUC-PR=73.66%  F1=0.8065  MCC=0.5882  Train=0.727s  Test=6.207s  Peak RAM=37.122 MB
2026-03-18 04:34:19 | INFO | [ncluster=95/95] AUC-ROC=94.17%  AUC-PR=93.94%  F1=0.8795  MCC=0.7741  Train=0.779s  Test=7.599s  Peak RAM=37.124 MB
2026-03-18 04:34:19 | INFO | [ncluster=100/100] AUC-ROC=90.94%  AUC-PR=86.55%  F1=0.8641  MCC=0.7291  Train=1.004s  Test=6.416s  Peak RAM=37.123 MB
2026-03-18 04:34:19 | INFO | [ncluster=105/105] AUC-ROC=89.34%  AUC-PR=84.87%  F1=0.8517  MCC=0.7106  Train=1.006s  Test=5.216s  Peak RAM=37.124 MB
2026-03-18 04:34:19 | INFO | [ncluster=110/110] AUC-ROC=89.03%  AUC-PR=83.83%  F1=0.8659  MCC=0.7258  Train=0.379s  Test=5.737s  Peak RAM=37.125 MB
2026-03-18 04:34:19 | INFO | [ncluster=115/115] AUC-ROC=90.97%  AUC-PR=87.33%  F1=0.8533  MCC=0.7080  Train=0.447s  Test=5.717s  Peak RAM=37.126 MB
2026-03-18 04:34:19 | INFO | [ncluster=120/120] AUC-ROC=91.62%  AUC-PR=87.44%  F1=0.8783  MCC=0.7618  Train=0.860s  Test=5.595s  Peak RAM=37.129 MB
2026-03-18 04:34:19 | INFO | [ncluster=125/125] AUC-ROC=81.87%  AUC-PR=74.47%  F1=0.8183  MCC=0.6132  Train=0.537s  Test=5.645s  Peak RAM=37.128 MB
2026-03-18 04:34:19 | INFO | [ncluster=130/130] AUC-ROC=89.08%  AUC-PR=84.96%  F1=0.8495  MCC=0.6989  Train=0.973s  Test=5.724s  Peak RAM=37.128 MB
2026-03-18 04:34:19 | INFO | [ncluster=135/135] AUC-ROC=91.43%  AUC-PR=87.49%  F1=0.8688  MCC=0.7387  Train=0.334s  Test=5.440s  Peak RAM=37.13 MB
2026-03-18 04:34:19 | INFO | [ncluster=140/140] AUC-ROC=93.98%  AUC-PR=94.50%  F1=0.8768  MCC=0.7629  Train=0.578s  Test=6.117s  Peak RAM=37.13 MB
2026-03-18 04:34:19 | INFO | [ncluster=145/145] AUC-ROC=93.87%  AUC-PR=94.27%  F1=0.8713  MCC=0.7459  Train=0.210s  Test=4.718s  Peak RAM=37.132 MB
2026-03-18 04:34:19 | INFO | [ncluster=150/150] AUC-ROC=94.81%  AUC-PR=95.08%  F1=0.8884  MCC=0.7767  Train=0.419s  Test=4.597s  Peak RAM=37.134 MB
2026-03-18 04:34:19 | INFO | [ncluster=155/155] AUC-ROC=85.98%  AUC-PR=79.12%  F1=0.8675  MCC=0.7232  Train=0.524s  Test=4.859s  Peak RAM=37.134 MB
2026-03-18 04:34:19 | INFO | [ncluster=160/160] AUC-ROC=93.90%  AUC-PR=94.15%  F1=0.8726  MCC=0.7559  Train=0.782s  Test=4.256s  Peak RAM=37.134 MB
2026-03-18 04:34:19 | INFO | [ncluster=165/165] AUC-ROC=95.58%  AUC-PR=95.75%  F1=0.8934  MCC=0.7917  Train=0.638s  Test=3.316s  Peak RAM=37.137 MB
2026-03-18 04:34:19 | INFO | [ncluster=170/170] AUC-ROC=94.29%  AUC-PR=94.59%  F1=0.8678  MCC=0.7454  Train=0.288s  Test=4.023s  Peak RAM=37.137 MB
2026-03-18 04:34:19 | INFO | [ncluster=175/175] AUC-ROC=94.85%  AUC-PR=94.98%  F1=0.8810  MCC=0.7669  Train=0.564s  Test=4.237s  Peak RAM=37.137 MB
2026-03-18 04:34:19 | INFO | [ncluster=180/180] AUC-ROC=93.49%  AUC-PR=94.02%  F1=0.8605  MCC=0.7393  Train=0.463s  Test=4.556s  Peak RAM=37.138 MB
2026-03-18 04:34:19 | INFO | [ncluster=185/185] AUC-ROC=94.90%  AUC-PR=95.21%  F1=0.8869  MCC=0.7833  Train=0.554s  Test=5.047s  Peak RAM=37.139 MB
2026-03-18 04:34:19 | INFO | [ncluster=190/190] AUC-ROC=94.82%  AUC-PR=95.19%  F1=0.8876  MCC=0.7786  Train=0.673s  Test=5.080s  Peak RAM=37.14 MB
2026-03-18 04:34:19 | INFO | [ncluster=195/195] AUC-ROC=94.85%  AUC-PR=95.09%  F1=0.8780  MCC=0.7634  Train=0.400s  Test=4.528s  Peak RAM=37.14 MB
2026-03-18 04:34:19 | INFO | [ncluster=200/200] AUC-ROC=91.45%  AUC-PR=87.05%  F1=0.8743  MCC=0.7434  Train=0.553s  Test=3.530s  Peak RAM=37.14 MB
2026-03-18 04:34:19 | INFO | [ncluster=205/205] AUC-ROC=91.35%  AUC-PR=92.02%  F1=0.8425  MCC=0.7114  Train=0.541s  Test=3.685s  Peak RAM=37.143 MB
2026-03-18 04:34:19 | INFO | [ncluster=210/210] AUC-ROC=91.79%  AUC-PR=92.34%  F1=0.8494  MCC=0.7153  Train=0.442s  Test=4.022s  Peak RAM=37.143 MB
2026-03-18 04:34:19 | INFO | [ncluster=215/215] AUC-ROC=92.01%  AUC-PR=92.24%  F1=0.8499  MCC=0.7186  Train=0.373s  Test=3.735s  Peak RAM=37.145 MB
2026-03-18 04:34:19 | INFO | [ncluster=220/220] AUC-ROC=95.28%  AUC-PR=95.46%  F1=0.8825  MCC=0.7703  Train=0.324s  Test=4.671s  Peak RAM=37.145 MB
2026-03-18 04:34:19 | INFO | [ncluster=225/225] AUC-ROC=93.45%  AUC-PR=93.99%  F1=0.8718  MCC=0.7556  Train=0.576s  Test=3.680s  Peak RAM=37.146 MB
2026-03-18 04:34:19 | INFO | [ncluster=230/230] AUC-ROC=94.38%  AUC-PR=95.03%  F1=0.8722  MCC=0.7547  Train=0.315s  Test=4.666s  Peak RAM=37.148 MB
2026-03-18 04:34:19 | INFO | [ncluster=235/235] AUC-ROC=88.85%  AUC-PR=83.16%  F1=0.8728  MCC=0.7414  Train=0.384s  Test=3.686s  Peak RAM=37.149 MB
2026-03-18 04:34:19 | INFO | [ncluster=240/240] AUC-ROC=94.74%  AUC-PR=95.34%  F1=0.8837  MCC=0.7685  Train=0.471s  Test=4.024s  Peak RAM=37.151 MB
2026-03-18 04:34:19 | INFO | [ncluster=245/245] AUC-ROC=91.99%  AUC-PR=92.94%  F1=0.8588  MCC=0.7399  Train=0.246s  Test=3.844s  Peak RAM=37.149 MB
2026-03-18 04:34:19 | INFO | [ncluster=250/250] AUC-ROC=92.59%  AUC-PR=93.13%  F1=0.8536  MCC=0.7325  Train=0.566s  Test=3.145s  Peak RAM=37.152 MB
2026-03-18 04:34:19 | INFO | [ncluster=255/255] AUC-ROC=95.33%  AUC-PR=95.73%  F1=0.8894  MCC=0.7832  Train=0.382s  Test=3.629s  Peak RAM=37.151 MB
2026-03-18 04:34:19 | INFO | [ncluster=260/260] AUC-ROC=95.03%  AUC-PR=95.33%  F1=0.8821  MCC=0.7686  Train=0.296s  Test=3.994s  Peak RAM=37.153 MB
2026-03-18 04:34:19 | INFO | [ncluster=265/265] AUC-ROC=95.71%  AUC-PR=96.12%  F1=0.8880  MCC=0.7810  Train=0.349s  Test=3.349s  Peak RAM=37.154 MB
2026-03-18 04:34:19 | INFO | [ncluster=270/270] AUC-ROC=93.69%  AUC-PR=93.92%  F1=0.8630  MCC=0.7233  Train=0.164s  Test=2.498s  Peak RAM=37.155 MB
2026-03-18 04:34:19 | INFO | [ncluster=275/275] AUC-ROC=95.19%  AUC-PR=95.50%  F1=0.8820  MCC=0.7633  Train=0.368s  Test=2.516s  Peak RAM=37.155 MB
2026-03-18 04:34:19 | INFO | [ncluster=280/280] AUC-ROC=56.68%  AUC-PR=53.59%  F1=0.6955  MCC=0.2499  Train=0.132s  Test=2.511s  Peak RAM=37.155 MB
2026-03-18 04:34:19 | INFO | [ncluster=285/285] AUC-ROC=95.04%  AUC-PR=95.67%  F1=0.8898  MCC=0.7817  Train=0.204s  Test=2.557s  Peak RAM=37.157 MB
2026-03-18 04:34:19 | INFO | [ncluster=290/290] AUC-ROC=95.76%  AUC-PR=96.14%  F1=0.8926  MCC=0.7866  Train=0.133s  Test=2.083s  Peak RAM=37.158 MB
2026-03-18 04:34:19 | INFO | [ncluster=295/295] AUC-ROC=56.77%  AUC-PR=53.64%  F1=0.6965  MCC=0.2560  Train=0.158s  Test=2.134s  Peak RAM=37.16 MB
2026-03-18 04:34:19 | INFO | [ncluster=300/300] AUC-ROC=95.11%  AUC-PR=95.63%  F1=0.8794  MCC=0.7662  Train=0.119s  Test=1.607s  Peak RAM=37.161 MB
2026-03-18 04:34:19 | INFO | --- noise=1% ---
2026-03-18 04:34:19 | INFO | ============================================================
2026-03-18 04:34:19 | INFO | Dataset  : Train_QuantileTransformer_data_ToNIoT.csv
2026-03-18 04:34:19 | INFO | Scaler   : QuantileTransformer
2026-03-18 04:34:19 | INFO | Noise    : 1%
2026-03-18 04:34:19 | INFO | nClusters: 51 values (50..300)
2026-03-18 04:34:19 | INFO | ============================================================
2026-03-18 04:34:20 | INFO | Loaded Raw Shape -> Train: (30000, 45), Test: (30000, 45)
2026-03-18 04:34:20 | INFO | Training size : 30,300  |  Testing size: 29,700  |  Features: 44
2026-03-18 04:34:20 | INFO | Firing up Parallel execution for 51 cluster configs...
2026-03-18 04:36:26 | INFO | [ncluster=50/50] AUC-ROC=69.91%  AUC-PR=64.34%  F1=0.7099  MCC=0.3762  Train=0.285s  Test=5.478s  Peak RAM=37.486 MB
2026-03-18 04:36:26 | INFO | [ncluster=55/55] AUC-ROC=69.83%  AUC-PR=64.85%  F1=0.7260  MCC=0.4009  Train=0.733s  Test=7.211s  Peak RAM=37.487 MB
2026-03-18 04:36:26 | INFO | [ncluster=60/60] AUC-ROC=70.58%  AUC-PR=66.09%  F1=0.7117  MCC=0.4035  Train=0.628s  Test=8.425s  Peak RAM=37.488 MB
2026-03-18 04:36:26 | INFO | [ncluster=65/65] AUC-ROC=74.23%  AUC-PR=69.21%  F1=0.7471  MCC=0.4688  Train=0.458s  Test=7.069s  Peak RAM=37.488 MB
2026-03-18 04:36:26 | INFO | [ncluster=70/70] AUC-ROC=68.47%  AUC-PR=63.21%  F1=0.7098  MCC=0.3578  Train=0.801s  Test=9.239s  Peak RAM=37.49 MB
2026-03-18 04:36:26 | INFO | [ncluster=75/75] AUC-ROC=72.17%  AUC-PR=67.02%  F1=0.7244  MCC=0.4216  Train=0.621s  Test=7.605s  Peak RAM=37.49 MB
2026-03-18 04:36:26 | INFO | [ncluster=80/80] AUC-ROC=71.43%  AUC-PR=65.55%  F1=0.7670  MCC=0.4757  Train=1.029s  Test=9.037s  Peak RAM=37.491 MB
2026-03-18 04:36:26 | INFO | [ncluster=85/85] AUC-ROC=82.71%  AUC-PR=82.08%  F1=0.7681  MCC=0.5170  Train=0.988s  Test=8.355s  Peak RAM=37.492 MB
2026-03-18 04:36:26 | INFO | [ncluster=90/90] AUC-ROC=79.14%  AUC-PR=73.98%  F1=0.7625  MCC=0.5215  Train=1.319s  Test=8.241s  Peak RAM=37.493 MB
2026-03-18 04:36:26 | INFO | [ncluster=95/95] AUC-ROC=67.67%  AUC-PR=61.76%  F1=0.7487  MCC=0.4234  Train=1.028s  Test=6.799s  Peak RAM=37.493 MB
2026-03-18 04:36:26 | INFO | [ncluster=100/100] AUC-ROC=71.22%  AUC-PR=65.96%  F1=0.7154  MCC=0.3941  Train=0.984s  Test=6.503s  Peak RAM=37.494 MB
2026-03-18 04:36:26 | INFO | [ncluster=105/105] AUC-ROC=72.16%  AUC-PR=67.13%  F1=0.7026  MCC=0.3917  Train=1.208s  Test=6.124s  Peak RAM=37.496 MB
2026-03-18 04:36:26 | INFO | [ncluster=110/110] AUC-ROC=80.76%  AUC-PR=77.12%  F1=0.7564  MCC=0.5551  Train=0.317s  Test=3.628s  Peak RAM=37.496 MB
2026-03-18 04:36:26 | INFO | [ncluster=115/115] AUC-ROC=80.98%  AUC-PR=77.79%  F1=0.7572  MCC=0.5264  Train=0.328s  Test=4.319s  Peak RAM=37.497 MB
2026-03-18 04:36:26 | INFO | [ncluster=120/120] AUC-ROC=81.97%  AUC-PR=80.19%  F1=0.7599  MCC=0.5013  Train=0.548s  Test=4.387s  Peak RAM=37.499 MB
2026-03-18 04:36:26 | INFO | [ncluster=125/125] AUC-ROC=70.03%  AUC-PR=63.46%  F1=0.7552  MCC=0.4412  Train=0.754s  Test=4.945s  Peak RAM=37.5 MB
2026-03-18 04:36:26 | INFO | [ncluster=130/130] AUC-ROC=81.40%  AUC-PR=79.82%  F1=0.7521  MCC=0.5120  Train=0.533s  Test=4.933s  Peak RAM=37.501 MB
2026-03-18 04:36:26 | INFO | [ncluster=135/135] AUC-ROC=81.67%  AUC-PR=78.74%  F1=0.7396  MCC=0.5486  Train=0.691s  Test=5.122s  Peak RAM=37.501 MB
2026-03-18 04:36:26 | INFO | [ncluster=140/140] AUC-ROC=82.41%  AUC-PR=80.35%  F1=0.7431  MCC=0.5293  Train=0.702s  Test=4.409s  Peak RAM=37.502 MB
2026-03-18 04:36:26 | INFO | [ncluster=145/145] AUC-ROC=83.09%  AUC-PR=80.74%  F1=0.7422  MCC=0.5535  Train=0.696s  Test=4.678s  Peak RAM=37.503 MB
2026-03-18 04:36:26 | INFO | [ncluster=150/150] AUC-ROC=82.48%  AUC-PR=79.80%  F1=0.7476  MCC=0.5486  Train=0.867s  Test=5.971s  Peak RAM=37.504 MB
2026-03-18 04:36:26 | INFO | [ncluster=155/155] AUC-ROC=86.48%  AUC-PR=86.29%  F1=0.7869  MCC=0.5836  Train=0.585s  Test=5.280s  Peak RAM=37.505 MB
2026-03-18 04:36:26 | INFO | [ncluster=160/160] AUC-ROC=86.68%  AUC-PR=86.83%  F1=0.7842  MCC=0.5822  Train=0.592s  Test=5.226s  Peak RAM=37.504 MB
2026-03-18 04:36:26 | INFO | [ncluster=165/165] AUC-ROC=86.31%  AUC-PR=86.10%  F1=0.7837  MCC=0.5812  Train=0.726s  Test=5.211s  Peak RAM=37.506 MB
2026-03-18 04:36:26 | INFO | [ncluster=170/170] AUC-ROC=85.98%  AUC-PR=85.31%  F1=0.7818  MCC=0.5831  Train=0.311s  Test=4.366s  Peak RAM=37.507 MB
2026-03-18 04:36:26 | INFO | [ncluster=175/175] AUC-ROC=86.60%  AUC-PR=86.90%  F1=0.7905  MCC=0.5937  Train=0.517s  Test=3.827s  Peak RAM=37.508 MB
2026-03-18 04:36:26 | INFO | [ncluster=180/180] AUC-ROC=85.89%  AUC-PR=85.92%  F1=0.7780  MCC=0.5688  Train=0.677s  Test=5.230s  Peak RAM=37.51 MB
2026-03-18 04:36:26 | INFO | [ncluster=185/185] AUC-ROC=86.16%  AUC-PR=85.83%  F1=0.7810  MCC=0.5845  Train=0.530s  Test=5.385s  Peak RAM=37.509 MB
2026-03-18 04:36:26 | INFO | [ncluster=190/190] AUC-ROC=84.95%  AUC-PR=85.24%  F1=0.7704  MCC=0.5595  Train=0.631s  Test=5.706s  Peak RAM=37.511 MB
2026-03-18 04:36:26 | INFO | [ncluster=195/195] AUC-ROC=85.26%  AUC-PR=85.19%  F1=0.7699  MCC=0.5659  Train=0.668s  Test=4.357s  Peak RAM=37.513 MB
2026-03-18 04:36:26 | INFO | [ncluster=200/200] AUC-ROC=86.28%  AUC-PR=86.29%  F1=0.7802  MCC=0.5803  Train=0.562s  Test=4.571s  Peak RAM=37.513 MB
2026-03-18 04:36:26 | INFO | [ncluster=205/205] AUC-ROC=81.38%  AUC-PR=78.12%  F1=0.7414  MCC=0.4969  Train=0.495s  Test=3.999s  Peak RAM=37.513 MB
2026-03-18 04:36:26 | INFO | [ncluster=210/210] AUC-ROC=86.04%  AUC-PR=86.21%  F1=0.7981  MCC=0.5841  Train=0.367s  Test=4.179s  Peak RAM=37.514 MB
2026-03-18 04:36:26 | INFO | [ncluster=215/215] AUC-ROC=86.71%  AUC-PR=85.62%  F1=0.8017  MCC=0.6359  Train=0.389s  Test=4.089s  Peak RAM=37.516 MB
2026-03-18 04:36:26 | INFO | [ncluster=220/220] AUC-ROC=85.69%  AUC-PR=86.22%  F1=0.7895  MCC=0.6125  Train=0.757s  Test=4.147s  Peak RAM=37.516 MB
2026-03-18 04:36:26 | INFO | [ncluster=225/225] AUC-ROC=85.50%  AUC-PR=85.32%  F1=0.7816  MCC=0.5707  Train=0.359s  Test=3.533s  Peak RAM=37.517 MB
2026-03-18 04:36:26 | INFO | [ncluster=230/230] AUC-ROC=84.03%  AUC-PR=83.92%  F1=0.7605  MCC=0.5474  Train=0.295s  Test=4.556s  Peak RAM=37.517 MB
2026-03-18 04:36:26 | INFO | [ncluster=235/235] AUC-ROC=84.35%  AUC-PR=84.32%  F1=0.7672  MCC=0.5526  Train=0.591s  Test=4.307s  Peak RAM=37.518 MB
2026-03-18 04:36:26 | INFO | [ncluster=240/240] AUC-ROC=85.11%  AUC-PR=85.22%  F1=0.7776  MCC=0.5767  Train=0.346s  Test=3.621s  Peak RAM=37.52 MB
2026-03-18 04:36:26 | INFO | [ncluster=245/245] AUC-ROC=85.19%  AUC-PR=85.26%  F1=0.7761  MCC=0.5666  Train=0.328s  Test=4.263s  Peak RAM=37.521 MB
2026-03-18 04:36:26 | INFO | [ncluster=250/250] AUC-ROC=85.92%  AUC-PR=86.30%  F1=0.7840  MCC=0.5757  Train=0.369s  Test=5.049s  Peak RAM=37.523 MB
2026-03-18 04:36:26 | INFO | [ncluster=255/255] AUC-ROC=86.03%  AUC-PR=85.89%  F1=0.7849  MCC=0.5812  Train=0.547s  Test=3.316s  Peak RAM=37.523 MB
2026-03-18 04:36:26 | INFO | [ncluster=260/260] AUC-ROC=85.53%  AUC-PR=85.77%  F1=0.7740  MCC=0.5724  Train=0.559s  Test=4.175s  Peak RAM=37.523 MB
2026-03-18 04:36:26 | INFO | [ncluster=265/265] AUC-ROC=84.88%  AUC-PR=84.64%  F1=0.7805  MCC=0.5652  Train=0.435s  Test=3.198s  Peak RAM=37.524 MB
2026-03-18 04:36:26 | INFO | [ncluster=270/270] AUC-ROC=85.87%  AUC-PR=85.77%  F1=0.7707  MCC=0.5813  Train=0.320s  Test=3.272s  Peak RAM=37.525 MB
2026-03-18 04:36:26 | INFO | [ncluster=275/275] AUC-ROC=74.69%  AUC-PR=67.74%  F1=0.7757  MCC=0.5048  Train=0.367s  Test=2.859s  Peak RAM=37.526 MB
2026-03-18 04:36:26 | INFO | [ncluster=280/280] AUC-ROC=86.11%  AUC-PR=86.50%  F1=0.7854  MCC=0.5859  Train=0.345s  Test=2.163s  Peak RAM=37.526 MB
2026-03-18 04:36:26 | INFO | [ncluster=285/285] AUC-ROC=86.16%  AUC-PR=86.52%  F1=0.7808  MCC=0.5817  Train=0.124s  Test=1.994s  Peak RAM=37.527 MB
2026-03-18 04:36:26 | INFO | [ncluster=290/290] AUC-ROC=85.90%  AUC-PR=86.06%  F1=0.7783  MCC=0.5823  Train=0.174s  Test=2.471s  Peak RAM=37.529 MB
2026-03-18 04:36:26 | INFO | [ncluster=295/295] AUC-ROC=86.24%  AUC-PR=86.33%  F1=0.7833  MCC=0.5884  Train=0.110s  Test=2.292s  Peak RAM=37.528 MB
2026-03-18 04:36:26 | INFO | [ncluster=300/300] AUC-ROC=86.09%  AUC-PR=86.16%  F1=0.7852  MCC=0.5837  Train=0.205s  Test=1.783s  Peak RAM=37.531 MB
2026-03-18 04:36:26 | INFO | --- noise=3% ---
2026-03-18 04:36:26 | INFO | ============================================================
2026-03-18 04:36:26 | INFO | Dataset  : Train_QuantileTransformer_data_ToNIoT.csv
2026-03-18 04:36:26 | INFO | Scaler   : QuantileTransformer
2026-03-18 04:36:26 | INFO | Noise    : 3%
2026-03-18 04:36:26 | INFO | nClusters: 51 values (50..300)
2026-03-18 04:36:26 | INFO | ============================================================
2026-03-18 04:36:26 | INFO | Loaded Raw Shape -> Train: (30000, 45), Test: (30000, 45)
2026-03-18 04:36:26 | INFO | Training size : 30,900  |  Testing size: 29,100  |  Features: 44
2026-03-18 04:36:26 | INFO | Firing up Parallel execution for 51 cluster configs...
2026-03-18 04:38:45 | INFO | [ncluster=50/50] AUC-ROC=69.24%  AUC-PR=66.13%  F1=0.6822  MCC=0.3629  Train=0.398s  Test=6.587s  Peak RAM=38.227 MB
2026-03-18 04:38:45 | INFO | [ncluster=55/55] AUC-ROC=68.09%  AUC-PR=65.19%  F1=0.6728  MCC=0.3329  Train=0.384s  Test=6.303s  Peak RAM=38.228 MB
2026-03-18 04:38:45 | INFO | [ncluster=60/60] AUC-ROC=65.91%  AUC-PR=63.34%  F1=0.7030  MCC=0.3582  Train=0.655s  Test=8.076s  Peak RAM=38.228 MB
2026-03-18 04:38:45 | INFO | [ncluster=65/65] AUC-ROC=75.56%  AUC-PR=72.91%  F1=0.7854  MCC=0.5453  Train=0.643s  Test=7.310s  Peak RAM=38.23 MB
2026-03-18 04:38:45 | INFO | [ncluster=70/70] AUC-ROC=63.31%  AUC-PR=60.48%  F1=0.6888  MCC=0.2802  Train=0.754s  Test=8.155s  Peak RAM=38.23 MB
2026-03-18 04:38:45 | INFO | [ncluster=75/75] AUC-ROC=60.59%  AUC-PR=58.22%  F1=0.6571  MCC=0.2237  Train=0.591s  Test=9.305s  Peak RAM=38.231 MB
2026-03-18 04:38:45 | INFO | [ncluster=80/80] AUC-ROC=65.23%  AUC-PR=61.93%  F1=0.7261  MCC=0.3536  Train=0.816s  Test=8.756s  Peak RAM=38.233 MB
2026-03-18 04:38:45 | INFO | [ncluster=85/85] AUC-ROC=66.61%  AUC-PR=63.26%  F1=0.7280  MCC=0.3713  Train=1.204s  Test=9.300s  Peak RAM=38.233 MB
2026-03-18 04:38:45 | INFO | [ncluster=90/90] AUC-ROC=65.17%  AUC-PR=61.59%  F1=0.7218  MCC=0.3600  Train=0.946s  Test=7.845s  Peak RAM=38.234 MB
2026-03-18 04:38:45 | INFO | [ncluster=95/95] AUC-ROC=71.65%  AUC-PR=67.37%  F1=0.7230  MCC=0.4164  Train=1.244s  Test=9.190s  Peak RAM=38.234 MB
2026-03-18 04:38:45 | INFO | [ncluster=100/100] AUC-ROC=64.26%  AUC-PR=60.72%  F1=0.7224  MCC=0.3313  Train=1.131s  Test=7.426s  Peak RAM=38.235 MB
2026-03-18 04:38:45 | INFO | [ncluster=105/105] AUC-ROC=62.15%  AUC-PR=59.38%  F1=0.6878  MCC=0.2695  Train=0.950s  Test=7.496s  Peak RAM=38.237 MB
2026-03-18 04:38:45 | INFO | [ncluster=110/110] AUC-ROC=72.06%  AUC-PR=68.76%  F1=0.7174  MCC=0.4401  Train=0.278s  Test=4.189s  Peak RAM=38.238 MB
2026-03-18 04:38:45 | INFO | [ncluster=115/115] AUC-ROC=75.58%  AUC-PR=75.07%  F1=0.6937  MCC=0.4789  Train=0.491s  Test=4.638s  Peak RAM=38.239 MB
2026-03-18 04:38:45 | INFO | [ncluster=120/120] AUC-ROC=69.75%  AUC-PR=64.80%  F1=0.7575  MCC=0.4353  Train=0.428s  Test=5.667s  Peak RAM=38.24 MB
2026-03-18 04:38:45 | INFO | [ncluster=125/125] AUC-ROC=75.35%  AUC-PR=74.19%  F1=0.6614  MCC=0.4377  Train=0.583s  Test=5.389s  Peak RAM=38.242 MB
2026-03-18 04:38:45 | INFO | [ncluster=130/130] AUC-ROC=75.66%  AUC-PR=75.68%  F1=0.6523  MCC=0.4470  Train=0.842s  Test=5.837s  Peak RAM=38.241 MB
2026-03-18 04:38:45 | INFO | [ncluster=135/135] AUC-ROC=74.92%  AUC-PR=72.40%  F1=0.7190  MCC=0.4636  Train=0.583s  Test=5.502s  Peak RAM=38.242 MB
2026-03-18 04:38:45 | INFO | [ncluster=140/140] AUC-ROC=62.78%  AUC-PR=59.03%  F1=0.7179  MCC=0.3046  Train=0.601s  Test=5.617s  Peak RAM=38.244 MB
2026-03-18 04:38:45 | INFO | [ncluster=145/145] AUC-ROC=77.72%  AUC-PR=79.84%  F1=0.6969  MCC=0.4153  Train=0.613s  Test=5.853s  Peak RAM=38.244 MB
2026-03-18 04:38:45 | INFO | [ncluster=150/150] AUC-ROC=76.69%  AUC-PR=74.56%  F1=0.7182  MCC=0.4829  Train=0.549s  Test=6.132s  Peak RAM=38.244 MB
2026-03-18 04:38:45 | INFO | [ncluster=155/155] AUC-ROC=78.43%  AUC-PR=79.43%  F1=0.7280  MCC=0.4336  Train=0.508s  Test=5.296s  Peak RAM=38.246 MB
2026-03-18 04:38:45 | INFO | [ncluster=160/160] AUC-ROC=79.68%  AUC-PR=79.92%  F1=0.7271  MCC=0.4569  Train=0.748s  Test=5.492s  Peak RAM=38.247 MB
2026-03-18 04:38:45 | INFO | [ncluster=165/165] AUC-ROC=78.93%  AUC-PR=79.46%  F1=0.7019  MCC=0.4467  Train=0.786s  Test=5.597s  Peak RAM=38.248 MB
2026-03-18 04:38:45 | INFO | [ncluster=170/170] AUC-ROC=79.50%  AUC-PR=79.89%  F1=0.7307  MCC=0.4563  Train=0.452s  Test=3.934s  Peak RAM=38.249 MB
2026-03-18 04:38:45 | INFO | [ncluster=175/175] AUC-ROC=77.31%  AUC-PR=76.84%  F1=0.6957  MCC=0.4336  Train=0.349s  Test=5.511s  Peak RAM=38.249 MB
2026-03-18 04:38:45 | INFO | [ncluster=180/180] AUC-ROC=78.97%  AUC-PR=78.95%  F1=0.7041  MCC=0.4708  Train=0.530s  Test=4.980s  Peak RAM=38.251 MB
2026-03-18 04:38:45 | INFO | [ncluster=185/185] AUC-ROC=73.46%  AUC-PR=69.64%  F1=0.7095  MCC=0.3919  Train=0.485s  Test=4.761s  Peak RAM=38.251 MB
2026-03-18 04:38:45 | INFO | [ncluster=190/190] AUC-ROC=78.50%  AUC-PR=78.49%  F1=0.7157  MCC=0.4528  Train=0.390s  Test=4.909s  Peak RAM=38.252 MB
2026-03-18 04:38:45 | INFO | [ncluster=195/195] AUC-ROC=77.26%  AUC-PR=77.03%  F1=0.6975  MCC=0.4406  Train=0.518s  Test=3.818s  Peak RAM=38.253 MB
2026-03-18 04:38:45 | INFO | [ncluster=200/200] AUC-ROC=80.71%  AUC-PR=80.71%  F1=0.7562  MCC=0.4862  Train=0.358s  Test=4.479s  Peak RAM=38.254 MB
2026-03-18 04:38:45 | INFO | [ncluster=205/205] AUC-ROC=78.04%  AUC-PR=77.87%  F1=0.7012  MCC=0.4491  Train=0.500s  Test=5.232s  Peak RAM=38.255 MB
2026-03-18 04:38:45 | INFO | [ncluster=210/210] AUC-ROC=79.65%  AUC-PR=80.36%  F1=0.7364  MCC=0.4801  Train=0.582s  Test=4.675s  Peak RAM=38.254 MB
2026-03-18 04:38:45 | INFO | [ncluster=215/215] AUC-ROC=78.16%  AUC-PR=77.73%  F1=0.7105  MCC=0.4447  Train=0.525s  Test=5.168s  Peak RAM=38.257 MB
2026-03-18 04:38:45 | INFO | [ncluster=220/220] AUC-ROC=78.88%  AUC-PR=79.12%  F1=0.7132  MCC=0.4624  Train=0.532s  Test=5.593s  Peak RAM=38.257 MB
2026-03-18 04:38:45 | INFO | [ncluster=225/225] AUC-ROC=79.25%  AUC-PR=79.67%  F1=0.7099  MCC=0.4698  Train=0.487s  Test=5.484s  Peak RAM=38.26 MB
2026-03-18 04:38:45 | INFO | [ncluster=230/230] AUC-ROC=77.23%  AUC-PR=77.35%  F1=0.6993  MCC=0.4339  Train=0.336s  Test=3.388s  Peak RAM=38.262 MB
2026-03-18 04:38:45 | INFO | [ncluster=235/235] AUC-ROC=64.60%  AUC-PR=60.32%  F1=0.7288  MCC=0.3420  Train=0.415s  Test=5.884s  Peak RAM=38.262 MB
2026-03-18 04:38:45 | INFO | [ncluster=240/240] AUC-ROC=77.70%  AUC-PR=78.06%  F1=0.7123  MCC=0.4453  Train=0.716s  Test=6.318s  Peak RAM=38.262 MB
2026-03-18 04:38:45 | INFO | [ncluster=245/245] AUC-ROC=78.62%  AUC-PR=78.51%  F1=0.7160  MCC=0.4460  Train=0.573s  Test=5.691s  Peak RAM=38.261 MB
2026-03-18 04:38:45 | INFO | [ncluster=250/250] AUC-ROC=78.42%  AUC-PR=78.04%  F1=0.7097  MCC=0.4439  Train=0.765s  Test=4.021s  Peak RAM=38.268 MB
2026-03-18 04:38:45 | INFO | [ncluster=255/255] AUC-ROC=78.16%  AUC-PR=78.14%  F1=0.7078  MCC=0.4496  Train=0.253s  Test=3.270s  Peak RAM=38.264 MB
2026-03-18 04:38:45 | INFO | [ncluster=260/260] AUC-ROC=78.28%  AUC-PR=78.24%  F1=0.7018  MCC=0.4444  Train=0.293s  Test=2.835s  Peak RAM=38.268 MB
2026-03-18 04:38:45 | INFO | [ncluster=265/265] AUC-ROC=78.54%  AUC-PR=78.83%  F1=0.7003  MCC=0.4583  Train=0.353s  Test=3.684s  Peak RAM=38.27 MB
2026-03-18 04:38:45 | INFO | [ncluster=270/270] AUC-ROC=64.26%  AUC-PR=60.06%  F1=0.7264  MCC=0.3342  Train=0.502s  Test=3.140s  Peak RAM=38.266 MB
2026-03-18 04:38:45 | INFO | [ncluster=275/275] AUC-ROC=78.99%  AUC-PR=78.66%  F1=0.7116  MCC=0.4652  Train=0.455s  Test=3.108s  Peak RAM=38.27 MB
2026-03-18 04:38:45 | INFO | [ncluster=280/280] AUC-ROC=78.67%  AUC-PR=78.89%  F1=0.7188  MCC=0.4598  Train=0.152s  Test=2.472s  Peak RAM=38.268 MB
2026-03-18 04:38:45 | INFO | [ncluster=285/285] AUC-ROC=65.57%  AUC-PR=61.05%  F1=0.7302  MCC=0.3517  Train=0.217s  Test=2.533s  Peak RAM=38.272 MB
2026-03-18 04:38:45 | INFO | [ncluster=290/290] AUC-ROC=79.02%  AUC-PR=79.05%  F1=0.7175  MCC=0.4592  Train=0.157s  Test=2.323s  Peak RAM=38.273 MB
2026-03-18 04:38:45 | INFO | [ncluster=295/295] AUC-ROC=79.12%  AUC-PR=79.31%  F1=0.7124  MCC=0.4666  Train=0.107s  Test=2.153s  Peak RAM=38.273 MB
2026-03-18 04:38:45 | INFO | [ncluster=300/300] AUC-ROC=78.50%  AUC-PR=78.09%  F1=0.7236  MCC=0.4413  Train=0.158s  Test=2.123s  Peak RAM=38.273 MB
2026-03-18 04:38:45 | INFO | --- noise=5% ---
2026-03-18 04:38:45 | INFO | ============================================================
2026-03-18 04:38:45 | INFO | Dataset  : Train_QuantileTransformer_data_ToNIoT.csv
2026-03-18 04:38:45 | INFO | Scaler   : QuantileTransformer
2026-03-18 04:38:45 | INFO | Noise    : 5%
2026-03-18 04:38:45 | INFO | nClusters: 51 values (50..300)
2026-03-18 04:38:45 | INFO | ============================================================
2026-03-18 04:38:45 | INFO | Loaded Raw Shape -> Train: (30000, 45), Test: (30000, 45)
2026-03-18 04:38:45 | INFO | Training size : 31,500  |  Testing size: 28,500  |  Features: 44
2026-03-18 04:38:45 | INFO | Firing up Parallel execution for 51 cluster configs...
2026-03-18 04:40:59 | INFO | [ncluster=50/50] AUC-ROC=63.25%  AUC-PR=62.43%  F1=0.6227  MCC=0.2640  Train=0.349s  Test=6.636s  Peak RAM=38.974 MB
2026-03-18 04:40:59 | INFO | [ncluster=55/55] AUC-ROC=61.10%  AUC-PR=60.37%  F1=0.6592  MCC=0.2312  Train=0.492s  Test=5.479s  Peak RAM=38.97 MB
2026-03-18 04:40:59 | INFO | [ncluster=60/60] AUC-ROC=63.79%  AUC-PR=62.44%  F1=0.7076  MCC=0.3154  Train=0.602s  Test=6.803s  Peak RAM=38.97 MB
2026-03-18 04:40:59 | INFO | [ncluster=65/65] AUC-ROC=74.03%  AUC-PR=73.09%  F1=0.7036  MCC=0.4383  Train=0.610s  Test=7.964s  Peak RAM=38.973 MB
2026-03-18 04:40:59 | INFO | [ncluster=70/70] AUC-ROC=62.40%  AUC-PR=60.83%  F1=0.7153  MCC=0.2991  Train=0.790s  Test=9.078s  Peak RAM=38.974 MB
2026-03-18 04:40:59 | INFO | [ncluster=75/75] AUC-ROC=62.61%  AUC-PR=61.39%  F1=0.6687  MCC=0.2662  Train=1.108s  Test=8.628s  Peak RAM=38.975 MB
2026-03-18 04:40:59 | INFO | [ncluster=80/80] AUC-ROC=59.32%  AUC-PR=58.82%  F1=0.6650  MCC=0.2328  Train=0.801s  Test=8.216s  Peak RAM=38.977 MB
2026-03-18 04:40:59 | INFO | [ncluster=85/85] AUC-ROC=66.60%  AUC-PR=63.94%  F1=0.6869  MCC=0.3576  Train=0.940s  Test=8.306s  Peak RAM=38.976 MB
2026-03-18 04:40:59 | INFO | [ncluster=90/90] AUC-ROC=63.42%  AUC-PR=62.34%  F1=0.6981  MCC=0.3026  Train=1.071s  Test=8.008s  Peak RAM=38.976 MB
2026-03-18 04:40:59 | INFO | [ncluster=95/95] AUC-ROC=62.19%  AUC-PR=60.81%  F1=0.7048  MCC=0.2839  Train=1.184s  Test=8.163s  Peak RAM=38.977 MB
2026-03-18 04:40:59 | INFO | [ncluster=100/100] AUC-ROC=60.80%  AUC-PR=60.34%  F1=0.6151  MCC=0.2020  Train=1.234s  Test=6.941s  Peak RAM=38.978 MB
2026-03-18 04:40:59 | INFO | [ncluster=105/105] AUC-ROC=63.10%  AUC-PR=60.62%  F1=0.7260  MCC=0.3132  Train=1.235s  Test=7.703s  Peak RAM=38.979 MB
2026-03-18 04:40:59 | INFO | [ncluster=110/110] AUC-ROC=66.86%  AUC-PR=64.38%  F1=0.7066  MCC=0.3485  Train=0.305s  Test=3.202s  Peak RAM=38.98 MB
2026-03-18 04:40:59 | INFO | [ncluster=115/115] AUC-ROC=71.59%  AUC-PR=73.35%  F1=0.6091  MCC=0.4085  Train=0.519s  Test=4.615s  Peak RAM=38.982 MB
2026-03-18 04:40:59 | INFO | [ncluster=120/120] AUC-ROC=72.08%  AUC-PR=73.24%  F1=0.6194  MCC=0.4056  Train=0.201s  Test=4.100s  Peak RAM=38.985 MB
2026-03-18 04:40:59 | INFO | [ncluster=125/125] AUC-ROC=64.11%  AUC-PR=62.13%  F1=0.7242  MCC=0.3304  Train=0.623s  Test=6.435s  Peak RAM=38.982 MB
2026-03-18 04:40:59 | INFO | [ncluster=130/130] AUC-ROC=71.12%  AUC-PR=69.49%  F1=0.6992  MCC=0.3981  Train=0.642s  Test=7.357s  Peak RAM=38.984 MB
2026-03-18 04:40:59 | INFO | [ncluster=135/135] AUC-ROC=74.66%  AUC-PR=75.75%  F1=0.6761  MCC=0.3750  Train=0.791s  Test=6.770s  Peak RAM=38.984 MB
2026-03-18 04:40:59 | INFO | [ncluster=140/140] AUC-ROC=74.42%  AUC-PR=75.65%  F1=0.6474  MCC=0.3627  Train=0.380s  Test=6.829s  Peak RAM=38.986 MB
2026-03-18 04:40:59 | INFO | [ncluster=145/145] AUC-ROC=71.63%  AUC-PR=70.16%  F1=0.7072  MCC=0.4159  Train=1.114s  Test=6.385s  Peak RAM=38.987 MB
2026-03-18 04:40:59 | INFO | [ncluster=150/150] AUC-ROC=71.27%  AUC-PR=70.13%  F1=0.7025  MCC=0.4131  Train=0.879s  Test=4.555s  Peak RAM=38.987 MB
2026-03-18 04:40:59 | INFO | [ncluster=155/155] AUC-ROC=71.95%  AUC-PR=71.33%  F1=0.6952  MCC=0.4231  Train=0.403s  Test=5.381s  Peak RAM=38.987 MB
2026-03-18 04:40:59 | INFO | [ncluster=160/160] AUC-ROC=74.54%  AUC-PR=75.36%  F1=0.6744  MCC=0.3732  Train=0.687s  Test=5.826s  Peak RAM=38.991 MB
2026-03-18 04:40:59 | INFO | [ncluster=165/165] AUC-ROC=74.32%  AUC-PR=76.12%  F1=0.6894  MCC=0.3579  Train=0.773s  Test=4.946s  Peak RAM=38.989 MB
2026-03-18 04:40:59 | INFO | [ncluster=170/170] AUC-ROC=75.36%  AUC-PR=76.58%  F1=0.6946  MCC=0.3808  Train=0.250s  Test=4.782s  Peak RAM=38.99 MB
2026-03-18 04:40:59 | INFO | [ncluster=175/175] AUC-ROC=74.89%  AUC-PR=75.92%  F1=0.6852  MCC=0.3743  Train=0.564s  Test=4.215s  Peak RAM=38.992 MB
2026-03-18 04:40:59 | INFO | [ncluster=180/180] AUC-ROC=73.76%  AUC-PR=74.52%  F1=0.6812  MCC=0.3611  Train=0.556s  Test=4.041s  Peak RAM=38.992 MB
2026-03-18 04:40:59 | INFO | [ncluster=185/185] AUC-ROC=73.96%  AUC-PR=74.84%  F1=0.6637  MCC=0.3630  Train=0.407s  Test=4.705s  Peak RAM=38.992 MB
2026-03-18 04:40:59 | INFO | [ncluster=190/190] AUC-ROC=73.43%  AUC-PR=73.18%  F1=0.6277  MCC=0.3859  Train=0.541s  Test=5.340s  Peak RAM=38.994 MB
2026-03-18 04:40:59 | INFO | [ncluster=195/195] AUC-ROC=71.90%  AUC-PR=71.59%  F1=0.6859  MCC=0.3348  Train=0.466s  Test=4.976s  Peak RAM=38.994 MB
2026-03-18 04:40:59 | INFO | [ncluster=200/200] AUC-ROC=73.48%  AUC-PR=73.20%  F1=0.6543  MCC=0.3737  Train=0.668s  Test=4.978s  Peak RAM=38.998 MB
2026-03-18 04:40:59 | INFO | [ncluster=205/205] AUC-ROC=72.61%  AUC-PR=72.29%  F1=0.6569  MCC=0.4021  Train=0.743s  Test=5.794s  Peak RAM=38.997 MB
2026-03-18 04:40:59 | INFO | [ncluster=210/210] AUC-ROC=73.30%  AUC-PR=74.12%  F1=0.6928  MCC=0.3527  Train=0.308s  Test=5.970s  Peak RAM=38.999 MB
2026-03-18 04:40:59 | INFO | [ncluster=215/215] AUC-ROC=73.72%  AUC-PR=73.37%  F1=0.7050  MCC=0.3945  Train=0.863s  Test=5.412s  Peak RAM=38.998 MB
2026-03-18 04:40:59 | INFO | [ncluster=220/220] AUC-ROC=74.53%  AUC-PR=74.06%  F1=0.6490  MCC=0.4179  Train=0.297s  Test=4.126s  Peak RAM=39.0 MB
2026-03-18 04:40:59 | INFO | [ncluster=225/225] AUC-ROC=73.21%  AUC-PR=72.63%  F1=0.6593  MCC=0.3688  Train=0.443s  Test=4.571s  Peak RAM=39.0 MB
2026-03-18 04:40:59 | INFO | [ncluster=230/230] AUC-ROC=74.03%  AUC-PR=74.20%  F1=0.6941  MCC=0.3669  Train=0.384s  Test=3.562s  Peak RAM=39.002 MB
2026-03-18 04:40:59 | INFO | [ncluster=235/235] AUC-ROC=74.82%  AUC-PR=75.50%  F1=0.6966  MCC=0.3819  Train=0.328s  Test=4.274s  Peak RAM=39.003 MB
2026-03-18 04:40:59 | INFO | [ncluster=240/240] AUC-ROC=74.52%  AUC-PR=74.81%  F1=0.6840  MCC=0.3827  Train=0.512s  Test=3.944s  Peak RAM=39.002 MB
2026-03-18 04:40:59 | INFO | [ncluster=245/245] AUC-ROC=50.66%  AUC-PR=52.97%  F1=0.6906  MCC=0.0557  Train=0.317s  Test=4.792s  Peak RAM=39.004 MB
2026-03-18 04:40:59 | INFO | [ncluster=250/250] AUC-ROC=73.12%  AUC-PR=73.71%  F1=0.6789  MCC=0.3733  Train=0.318s  Test=4.842s  Peak RAM=39.004 MB
2026-03-18 04:40:59 | INFO | [ncluster=255/255] AUC-ROC=72.83%  AUC-PR=73.15%  F1=0.6154  MCC=0.3867  Train=0.586s  Test=3.823s  Peak RAM=39.005 MB
2026-03-18 04:40:59 | INFO | [ncluster=260/260] AUC-ROC=74.17%  AUC-PR=74.35%  F1=0.6898  MCC=0.3686  Train=0.309s  Test=3.047s  Peak RAM=39.007 MB
2026-03-18 04:40:59 | INFO | [ncluster=265/265] AUC-ROC=74.97%  AUC-PR=75.23%  F1=0.6999  MCC=0.4185  Train=0.233s  Test=3.601s  Peak RAM=39.008 MB
2026-03-18 04:40:59 | INFO | [ncluster=270/270] AUC-ROC=73.66%  AUC-PR=73.78%  F1=0.6591  MCC=0.3790  Train=0.647s  Test=3.977s  Peak RAM=39.009 MB
2026-03-18 04:40:59 | INFO | [ncluster=275/275] AUC-ROC=74.78%  AUC-PR=75.35%  F1=0.6904  MCC=0.4073  Train=0.231s  Test=3.130s  Peak RAM=39.01 MB
2026-03-18 04:40:59 | INFO | [ncluster=280/280] AUC-ROC=74.48%  AUC-PR=74.53%  F1=0.6624  MCC=0.3880  Train=0.298s  Test=2.776s  Peak RAM=39.011 MB
2026-03-18 04:40:59 | INFO | [ncluster=285/285] AUC-ROC=73.22%  AUC-PR=73.30%  F1=0.6902  MCC=0.3710  Train=0.311s  Test=2.617s  Peak RAM=39.01 MB
2026-03-18 04:40:59 | INFO | [ncluster=290/290] AUC-ROC=74.86%  AUC-PR=75.06%  F1=0.6821  MCC=0.3899  Train=0.122s  Test=2.205s  Peak RAM=39.012 MB
2026-03-18 04:40:59 | INFO | [ncluster=295/295] AUC-ROC=74.31%  AUC-PR=75.03%  F1=0.7180  MCC=0.4338  Train=0.135s  Test=1.962s  Peak RAM=39.014 MB
2026-03-18 04:40:59 | INFO | [ncluster=300/300] AUC-ROC=74.19%  AUC-PR=74.84%  F1=0.6408  MCC=0.3927  Train=0.127s  Test=1.847s  Peak RAM=39.012 MB
2026-03-18 04:40:59 | INFO | 
>>> Processing data_ToNIoT | scaler=RobustScaler
2026-03-18 04:40:59 | INFO | --- noise=0% ---
2026-03-18 04:40:59 | INFO | ============================================================
2026-03-18 04:40:59 | INFO | Dataset  : Train_RobustScaler_data_ToNIoT.csv
2026-03-18 04:40:59 | INFO | Scaler   : RobustScaler
2026-03-18 04:40:59 | INFO | Noise    : 0%
2026-03-18 04:40:59 | INFO | nClusters: 51 values (50..300)
2026-03-18 04:40:59 | INFO | ============================================================
2026-03-18 04:40:59 | INFO | Loaded Raw Shape -> Train: (30000, 45), Test: (30000, 45)
2026-03-18 04:40:59 | INFO | Training size : 30,000  |  Testing size: 30,000  |  Features: 44
2026-03-18 04:40:59 | INFO | Firing up Parallel execution for 51 cluster configs...
2026-03-18 04:43:07 | INFO | [ncluster=50/50] AUC-ROC=99.41%  AUC-PR=99.60%  F1=0.9838  MCC=0.9682  Train=0.473s  Test=5.962s  Peak RAM=37.115 MB
2026-03-18 04:43:07 | INFO | [ncluster=55/55] AUC-ROC=99.27%  AUC-PR=99.53%  F1=0.9824  MCC=0.9655  Train=0.551s  Test=6.978s  Peak RAM=37.115 MB
2026-03-18 04:43:07 | INFO | [ncluster=60/60] AUC-ROC=99.55%  AUC-PR=99.71%  F1=0.9855  MCC=0.9713  Train=0.762s  Test=8.654s  Peak RAM=37.117 MB
2026-03-18 04:43:07 | INFO | [ncluster=65/65] AUC-ROC=99.42%  AUC-PR=99.62%  F1=0.9841  MCC=0.9688  Train=0.550s  Test=6.603s  Peak RAM=37.117 MB
2026-03-18 04:43:07 | INFO | [ncluster=70/70] AUC-ROC=99.36%  AUC-PR=99.57%  F1=0.9825  MCC=0.9657  Train=1.013s  Test=7.902s  Peak RAM=37.118 MB
2026-03-18 04:43:07 | INFO | [ncluster=75/75] AUC-ROC=99.45%  AUC-PR=99.64%  F1=0.9843  MCC=0.9692  Train=1.314s  Test=7.764s  Peak RAM=37.12 MB
2026-03-18 04:43:07 | INFO | [ncluster=80/80] AUC-ROC=99.44%  AUC-PR=99.63%  F1=0.9860  MCC=0.9724  Train=1.022s  Test=6.767s  Peak RAM=37.121 MB
2026-03-18 04:43:07 | INFO | [ncluster=85/85] AUC-ROC=99.58%  AUC-PR=99.72%  F1=0.9884  MCC=0.9771  Train=1.198s  Test=6.513s  Peak RAM=37.122 MB
2026-03-18 04:43:07 | INFO | [ncluster=90/90] AUC-ROC=99.31%  AUC-PR=99.51%  F1=0.9786  MCC=0.9583  Train=1.071s  Test=6.348s  Peak RAM=37.121 MB
2026-03-18 04:43:07 | INFO | [ncluster=95/95] AUC-ROC=99.43%  AUC-PR=99.62%  F1=0.9810  MCC=0.9629  Train=1.500s  Test=6.348s  Peak RAM=37.123 MB
2026-03-18 04:43:07 | INFO | [ncluster=100/100] AUC-ROC=99.57%  AUC-PR=99.69%  F1=0.9876  MCC=0.9756  Train=0.878s  Test=6.313s  Peak RAM=37.124 MB
2026-03-18 04:43:07 | INFO | [ncluster=105/105] AUC-ROC=99.68%  AUC-PR=99.74%  F1=0.9905  MCC=0.9812  Train=1.162s  Test=4.981s  Peak RAM=37.124 MB
2026-03-18 04:43:07 | INFO | [ncluster=110/110] AUC-ROC=99.49%  AUC-PR=99.65%  F1=0.9885  MCC=0.9774  Train=0.360s  Test=4.292s  Peak RAM=37.125 MB
2026-03-18 04:43:07 | INFO | [ncluster=115/115] AUC-ROC=99.63%  AUC-PR=99.73%  F1=0.9899  MCC=0.9800  Train=0.471s  Test=5.025s  Peak RAM=37.125 MB
2026-03-18 04:43:07 | INFO | [ncluster=120/120] AUC-ROC=99.63%  AUC-PR=99.72%  F1=0.9910  MCC=0.9822  Train=0.584s  Test=5.564s  Peak RAM=37.127 MB
2026-03-18 04:43:07 | INFO | [ncluster=125/125] AUC-ROC=99.75%  AUC-PR=99.78%  F1=0.9888  MCC=0.9776  Train=0.578s  Test=4.674s  Peak RAM=37.128 MB
2026-03-18 04:43:07 | INFO | [ncluster=130/130] AUC-ROC=99.77%  AUC-PR=99.81%  F1=0.9902  MCC=0.9806  Train=0.554s  Test=6.033s  Peak RAM=37.129 MB
2026-03-18 04:43:07 | INFO | [ncluster=135/135] AUC-ROC=99.74%  AUC-PR=99.78%  F1=0.9909  MCC=0.9821  Train=0.680s  Test=5.506s  Peak RAM=37.131 MB
2026-03-18 04:43:07 | INFO | [ncluster=140/140] AUC-ROC=99.77%  AUC-PR=99.80%  F1=0.9912  MCC=0.9825  Train=0.783s  Test=4.280s  Peak RAM=37.13 MB
2026-03-18 04:43:07 | INFO | [ncluster=145/145] AUC-ROC=99.79%  AUC-PR=99.80%  F1=0.9916  MCC=0.9833  Train=0.932s  Test=4.223s  Peak RAM=37.132 MB
2026-03-18 04:43:07 | INFO | [ncluster=150/150] AUC-ROC=99.80%  AUC-PR=99.83%  F1=0.9916  MCC=0.9833  Train=0.399s  Test=4.897s  Peak RAM=37.132 MB
2026-03-18 04:43:07 | INFO | [ncluster=155/155] AUC-ROC=99.79%  AUC-PR=99.83%  F1=0.9898  MCC=0.9799  Train=0.616s  Test=4.372s  Peak RAM=37.134 MB
2026-03-18 04:43:07 | INFO | [ncluster=160/160] AUC-ROC=99.79%  AUC-PR=99.81%  F1=0.9916  MCC=0.9833  Train=0.527s  Test=4.725s  Peak RAM=37.135 MB
2026-03-18 04:43:07 | INFO | [ncluster=165/165] AUC-ROC=99.81%  AUC-PR=99.87%  F1=0.9916  MCC=0.9834  Train=0.772s  Test=3.839s  Peak RAM=37.135 MB
2026-03-18 04:43:07 | INFO | [ncluster=170/170] AUC-ROC=99.81%  AUC-PR=99.76%  F1=0.9916  MCC=0.9832  Train=0.352s  Test=5.685s  Peak RAM=37.136 MB
2026-03-18 04:43:07 | INFO | [ncluster=175/175] AUC-ROC=99.81%  AUC-PR=99.82%  F1=0.9921  MCC=0.9844  Train=0.267s  Test=4.637s  Peak RAM=37.137 MB
2026-03-18 04:43:07 | INFO | [ncluster=180/180] AUC-ROC=99.79%  AUC-PR=99.82%  F1=0.9914  MCC=0.9829  Train=0.659s  Test=3.479s  Peak RAM=37.138 MB
2026-03-18 04:43:07 | INFO | [ncluster=185/185] AUC-ROC=99.82%  AUC-PR=99.84%  F1=0.9927  MCC=0.9855  Train=0.244s  Test=4.711s  Peak RAM=37.14 MB
2026-03-18 04:43:07 | INFO | [ncluster=190/190] AUC-ROC=99.77%  AUC-PR=99.80%  F1=0.9914  MCC=0.9831  Train=0.630s  Test=4.522s  Peak RAM=37.14 MB
2026-03-18 04:43:07 | INFO | [ncluster=195/195] AUC-ROC=99.79%  AUC-PR=99.75%  F1=0.9893  MCC=0.9788  Train=0.525s  Test=4.391s  Peak RAM=37.141 MB
2026-03-18 04:43:07 | INFO | [ncluster=200/200] AUC-ROC=99.81%  AUC-PR=99.82%  F1=0.9897  MCC=0.9795  Train=0.438s  Test=3.491s  Peak RAM=37.142 MB
2026-03-18 04:43:07 | INFO | [ncluster=205/205] AUC-ROC=99.84%  AUC-PR=99.79%  F1=0.9916  MCC=0.9834  Train=0.551s  Test=3.682s  Peak RAM=37.143 MB
2026-03-18 04:43:07 | INFO | [ncluster=210/210] AUC-ROC=99.82%  AUC-PR=99.83%  F1=0.9900  MCC=0.9801  Train=0.392s  Test=4.311s  Peak RAM=37.144 MB
2026-03-18 04:43:07 | INFO | [ncluster=215/215] AUC-ROC=99.83%  AUC-PR=99.85%  F1=0.9910  MCC=0.9820  Train=0.257s  Test=4.022s  Peak RAM=37.143 MB
2026-03-18 04:43:07 | INFO | [ncluster=220/220] AUC-ROC=99.81%  AUC-PR=99.83%  F1=0.9901  MCC=0.9804  Train=0.718s  Test=5.489s  Peak RAM=37.145 MB
2026-03-18 04:43:07 | INFO | [ncluster=225/225] AUC-ROC=99.75%  AUC-PR=99.77%  F1=0.9891  MCC=0.9784  Train=0.577s  Test=4.216s  Peak RAM=37.146 MB
2026-03-18 04:43:07 | INFO | [ncluster=230/230] AUC-ROC=99.79%  AUC-PR=99.81%  F1=0.9894  MCC=0.9791  Train=0.245s  Test=3.235s  Peak RAM=37.146 MB
2026-03-18 04:43:07 | INFO | [ncluster=235/235] AUC-ROC=99.81%  AUC-PR=99.83%  F1=0.9893  MCC=0.9787  Train=0.393s  Test=3.983s  Peak RAM=37.148 MB
2026-03-18 04:43:07 | INFO | [ncluster=240/240] AUC-ROC=99.79%  AUC-PR=99.73%  F1=0.9893  MCC=0.9787  Train=0.362s  Test=3.652s  Peak RAM=37.149 MB
2026-03-18 04:43:07 | INFO | [ncluster=245/245] AUC-ROC=99.82%  AUC-PR=99.79%  F1=0.9908  MCC=0.9817  Train=0.490s  Test=5.696s  Peak RAM=37.151 MB
2026-03-18 04:43:07 | INFO | [ncluster=250/250] AUC-ROC=99.85%  AUC-PR=99.83%  F1=0.9915  MCC=0.9831  Train=0.697s  Test=5.151s  Peak RAM=37.151 MB
2026-03-18 04:43:07 | INFO | [ncluster=255/255] AUC-ROC=99.80%  AUC-PR=99.74%  F1=0.9893  MCC=0.9786  Train=0.712s  Test=4.152s  Peak RAM=37.152 MB
2026-03-18 04:43:07 | INFO | [ncluster=260/260] AUC-ROC=99.84%  AUC-PR=99.79%  F1=0.9907  MCC=0.9814  Train=0.537s  Test=3.906s  Peak RAM=37.152 MB
2026-03-18 04:43:07 | INFO | [ncluster=265/265] AUC-ROC=99.84%  AUC-PR=99.78%  F1=0.9901  MCC=0.9804  Train=0.249s  Test=2.603s  Peak RAM=37.154 MB
2026-03-18 04:43:07 | INFO | [ncluster=270/270] AUC-ROC=99.77%  AUC-PR=99.72%  F1=0.9893  MCC=0.9789  Train=0.161s  Test=3.219s  Peak RAM=37.153 MB
2026-03-18 04:43:07 | INFO | [ncluster=275/275] AUC-ROC=99.81%  AUC-PR=99.77%  F1=0.9907  MCC=0.9816  Train=0.279s  Test=3.422s  Peak RAM=37.156 MB
2026-03-18 04:43:07 | INFO | [ncluster=280/280] AUC-ROC=99.83%  AUC-PR=99.78%  F1=0.9903  MCC=0.9807  Train=0.324s  Test=3.242s  Peak RAM=37.156 MB
2026-03-18 04:43:07 | INFO | [ncluster=285/285] AUC-ROC=99.74%  AUC-PR=99.70%  F1=0.9902  MCC=0.9804  Train=0.175s  Test=2.864s  Peak RAM=37.156 MB
2026-03-18 04:43:07 | INFO | [ncluster=290/290] AUC-ROC=99.82%  AUC-PR=99.76%  F1=0.9903  MCC=0.9807  Train=0.143s  Test=1.862s  Peak RAM=37.158 MB
2026-03-18 04:43:07 | INFO | [ncluster=295/295] AUC-ROC=99.78%  AUC-PR=99.74%  F1=0.9889  MCC=0.9781  Train=0.114s  Test=1.820s  Peak RAM=37.159 MB
2026-03-18 04:43:07 | INFO | [ncluster=300/300] AUC-ROC=99.81%  AUC-PR=99.74%  F1=0.9876  MCC=0.9752  Train=0.157s  Test=2.001s  Peak RAM=37.16 MB
2026-03-18 04:43:07 | INFO | --- noise=1% ---
2026-03-18 04:43:07 | INFO | ============================================================
2026-03-18 04:43:07 | INFO | Dataset  : Train_RobustScaler_data_ToNIoT.csv
2026-03-18 04:43:07 | INFO | Scaler   : RobustScaler
2026-03-18 04:43:07 | INFO | Noise    : 1%
2026-03-18 04:43:07 | INFO | nClusters: 51 values (50..300)
2026-03-18 04:43:07 | INFO | ============================================================
2026-03-18 04:43:07 | INFO | Loaded Raw Shape -> Train: (30000, 45), Test: (30000, 45)
2026-03-18 04:43:07 | INFO | Training size : 30,300  |  Testing size: 29,700  |  Features: 44
2026-03-18 04:43:07 | INFO | Firing up Parallel execution for 51 cluster configs...
2026-03-18 04:45:16 | INFO | [ncluster=50/50] AUC-ROC=92.60%  AUC-PR=93.89%  F1=0.8412  MCC=0.7060  Train=0.265s  Test=4.459s  Peak RAM=37.486 MB
2026-03-18 04:45:16 | INFO | [ncluster=55/55] AUC-ROC=92.62%  AUC-PR=93.82%  F1=0.8414  MCC=0.7029  Train=0.370s  Test=5.649s  Peak RAM=37.487 MB
2026-03-18 04:45:16 | INFO | [ncluster=60/60] AUC-ROC=92.88%  AUC-PR=94.08%  F1=0.8451  MCC=0.7099  Train=0.678s  Test=7.212s  Peak RAM=37.487 MB
2026-03-18 04:45:16 | INFO | [ncluster=65/65] AUC-ROC=92.63%  AUC-PR=93.85%  F1=0.8424  MCC=0.6999  Train=0.853s  Test=9.185s  Peak RAM=37.489 MB
2026-03-18 04:45:16 | INFO | [ncluster=70/70] AUC-ROC=92.52%  AUC-PR=93.73%  F1=0.8363  MCC=0.7029  Train=1.038s  Test=8.837s  Peak RAM=37.489 MB
2026-03-18 04:45:16 | INFO | [ncluster=75/75] AUC-ROC=92.13%  AUC-PR=93.27%  F1=0.8250  MCC=0.6808  Train=0.839s  Test=9.051s  Peak RAM=37.49 MB
2026-03-18 04:45:16 | INFO | [ncluster=80/80] AUC-ROC=92.78%  AUC-PR=93.90%  F1=0.8395  MCC=0.7016  Train=0.675s  Test=8.310s  Peak RAM=37.491 MB
2026-03-18 04:45:16 | INFO | [ncluster=85/85] AUC-ROC=93.01%  AUC-PR=94.11%  F1=0.8459  MCC=0.7073  Train=0.690s  Test=8.784s  Peak RAM=37.492 MB
2026-03-18 04:45:16 | INFO | [ncluster=90/90] AUC-ROC=92.42%  AUC-PR=93.69%  F1=0.8338  MCC=0.7037  Train=1.459s  Test=6.949s  Peak RAM=37.492 MB
2026-03-18 04:45:16 | INFO | [ncluster=95/95] AUC-ROC=92.77%  AUC-PR=93.69%  F1=0.8384  MCC=0.6832  Train=0.787s  Test=7.293s  Peak RAM=37.493 MB
2026-03-18 04:45:16 | INFO | [ncluster=100/100] AUC-ROC=92.64%  AUC-PR=93.60%  F1=0.8316  MCC=0.6812  Train=1.572s  Test=7.390s  Peak RAM=37.494 MB
2026-03-18 04:45:16 | INFO | [ncluster=105/105] AUC-ROC=92.55%  AUC-PR=93.48%  F1=0.8290  MCC=0.6777  Train=1.114s  Test=6.543s  Peak RAM=37.496 MB
2026-03-18 04:45:16 | INFO | [ncluster=110/110] AUC-ROC=92.76%  AUC-PR=93.71%  F1=0.8372  MCC=0.6798  Train=0.350s  Test=3.677s  Peak RAM=37.497 MB
2026-03-18 04:45:16 | INFO | [ncluster=115/115] AUC-ROC=92.24%  AUC-PR=93.24%  F1=0.8260  MCC=0.6664  Train=0.315s  Test=3.763s  Peak RAM=37.498 MB
2026-03-18 04:45:16 | INFO | [ncluster=120/120] AUC-ROC=92.90%  AUC-PR=93.85%  F1=0.8375  MCC=0.6866  Train=0.535s  Test=4.412s  Peak RAM=37.498 MB
2026-03-18 04:45:16 | INFO | [ncluster=125/125] AUC-ROC=92.52%  AUC-PR=93.47%  F1=0.8326  MCC=0.6724  Train=0.826s  Test=4.798s  Peak RAM=37.5 MB
2026-03-18 04:45:16 | INFO | [ncluster=130/130] AUC-ROC=92.81%  AUC-PR=93.73%  F1=0.8333  MCC=0.6823  Train=0.397s  Test=4.572s  Peak RAM=37.5 MB
2026-03-18 04:45:16 | INFO | [ncluster=135/135] AUC-ROC=92.76%  AUC-PR=93.64%  F1=0.8364  MCC=0.6765  Train=0.527s  Test=5.600s  Peak RAM=37.5 MB
2026-03-18 04:45:16 | INFO | [ncluster=140/140] AUC-ROC=92.24%  AUC-PR=93.16%  F1=0.8241  MCC=0.6651  Train=0.736s  Test=6.103s  Peak RAM=37.501 MB
2026-03-18 04:45:16 | INFO | [ncluster=145/145] AUC-ROC=92.80%  AUC-PR=93.72%  F1=0.8390  MCC=0.6802  Train=0.848s  Test=5.188s  Peak RAM=37.503 MB
2026-03-18 04:45:16 | INFO | [ncluster=150/150] AUC-ROC=92.77%  AUC-PR=93.74%  F1=0.8381  MCC=0.6770  Train=0.782s  Test=5.500s  Peak RAM=37.503 MB
2026-03-18 04:45:16 | INFO | [ncluster=155/155] AUC-ROC=92.56%  AUC-PR=93.44%  F1=0.8330  MCC=0.6707  Train=0.734s  Test=5.807s  Peak RAM=37.505 MB
2026-03-18 04:45:16 | INFO | [ncluster=160/160] AUC-ROC=92.67%  AUC-PR=93.57%  F1=0.8359  MCC=0.6731  Train=0.612s  Test=5.520s  Peak RAM=37.505 MB
2026-03-18 04:45:16 | INFO | [ncluster=165/165] AUC-ROC=92.85%  AUC-PR=93.74%  F1=0.8380  MCC=0.6801  Train=0.777s  Test=5.182s  Peak RAM=37.507 MB
2026-03-18 04:45:16 | INFO | [ncluster=170/170] AUC-ROC=92.47%  AUC-PR=93.39%  F1=0.8309  MCC=0.6683  Train=0.440s  Test=3.710s  Peak RAM=37.507 MB
2026-03-18 04:45:16 | INFO | [ncluster=175/175] AUC-ROC=92.42%  AUC-PR=93.35%  F1=0.8322  MCC=0.6684  Train=0.509s  Test=3.624s  Peak RAM=37.508 MB
2026-03-18 04:45:16 | INFO | [ncluster=180/180] AUC-ROC=92.68%  AUC-PR=93.58%  F1=0.8327  MCC=0.6763  Train=0.627s  Test=4.002s  Peak RAM=37.509 MB
2026-03-18 04:45:16 | INFO | [ncluster=185/185] AUC-ROC=92.97%  AUC-PR=93.71%  F1=0.8420  MCC=0.6767  Train=0.515s  Test=3.429s  Peak RAM=37.51 MB
2026-03-18 04:45:16 | INFO | [ncluster=190/190] AUC-ROC=92.74%  AUC-PR=93.59%  F1=0.8396  MCC=0.6752  Train=0.332s  Test=3.807s  Peak RAM=37.511 MB
2026-03-18 04:45:16 | INFO | [ncluster=195/195] AUC-ROC=92.51%  AUC-PR=93.38%  F1=0.8356  MCC=0.6692  Train=0.425s  Test=4.329s  Peak RAM=37.511 MB
2026-03-18 04:45:16 | INFO | [ncluster=200/200] AUC-ROC=92.62%  AUC-PR=93.33%  F1=0.8424  MCC=0.6730  Train=0.428s  Test=6.218s  Peak RAM=37.512 MB
2026-03-18 04:45:16 | INFO | [ncluster=205/205] AUC-ROC=92.60%  AUC-PR=93.36%  F1=0.8415  MCC=0.6737  Train=0.440s  Test=5.339s  Peak RAM=37.514 MB
2026-03-18 04:45:16 | INFO | [ncluster=210/210] AUC-ROC=93.59%  AUC-PR=94.21%  F1=0.8541  MCC=0.7014  Train=0.857s  Test=4.872s  Peak RAM=37.515 MB
2026-03-18 04:45:16 | INFO | [ncluster=215/215] AUC-ROC=92.46%  AUC-PR=93.21%  F1=0.8337  MCC=0.6665  Train=0.681s  Test=4.430s  Peak RAM=37.516 MB
2026-03-18 04:45:16 | INFO | [ncluster=220/220] AUC-ROC=92.53%  AUC-PR=93.22%  F1=0.8390  MCC=0.6705  Train=0.558s  Test=3.860s  Peak RAM=37.516 MB
2026-03-18 04:45:16 | INFO | [ncluster=225/225] AUC-ROC=92.72%  AUC-PR=93.39%  F1=0.8429  MCC=0.6758  Train=0.540s  Test=3.708s  Peak RAM=37.517 MB
2026-03-18 04:45:16 | INFO | [ncluster=230/230] AUC-ROC=92.81%  AUC-PR=93.47%  F1=0.8432  MCC=0.6783  Train=0.469s  Test=2.894s  Peak RAM=37.518 MB
2026-03-18 04:45:16 | INFO | [ncluster=235/235] AUC-ROC=92.86%  AUC-PR=93.55%  F1=0.8426  MCC=0.6794  Train=0.265s  Test=4.528s  Peak RAM=37.518 MB
2026-03-18 04:45:16 | INFO | [ncluster=240/240] AUC-ROC=92.53%  AUC-PR=93.27%  F1=0.8377  MCC=0.6679  Train=0.614s  Test=4.859s  Peak RAM=37.52 MB
2026-03-18 04:45:16 | INFO | [ncluster=245/245] AUC-ROC=92.59%  AUC-PR=93.19%  F1=0.8395  MCC=0.6705  Train=0.397s  Test=5.343s  Peak RAM=37.521 MB
2026-03-18 04:45:16 | INFO | [ncluster=250/250] AUC-ROC=92.81%  AUC-PR=93.68%  F1=0.8338  MCC=0.6764  Train=0.259s  Test=2.900s  Peak RAM=37.522 MB
2026-03-18 04:45:16 | INFO | [ncluster=255/255] AUC-ROC=92.26%  AUC-PR=93.00%  F1=0.8351  MCC=0.6614  Train=0.256s  Test=2.928s  Peak RAM=37.522 MB
2026-03-18 04:45:16 | INFO | [ncluster=260/260] AUC-ROC=91.99%  AUC-PR=92.69%  F1=0.8354  MCC=0.6582  Train=0.309s  Test=3.352s  Peak RAM=37.523 MB
2026-03-18 04:45:16 | INFO | [ncluster=265/265] AUC-ROC=92.86%  AUC-PR=93.47%  F1=0.8444  MCC=0.6821  Train=0.284s  Test=3.560s  Peak RAM=37.523 MB
2026-03-18 04:45:16 | INFO | [ncluster=270/270] AUC-ROC=92.59%  AUC-PR=93.25%  F1=0.8392  MCC=0.6708  Train=0.484s  Test=2.393s  Peak RAM=37.525 MB
2026-03-18 04:45:16 | INFO | [ncluster=275/275] AUC-ROC=92.55%  AUC-PR=93.24%  F1=0.8428  MCC=0.6761  Train=0.216s  Test=2.943s  Peak RAM=37.526 MB
2026-03-18 04:45:16 | INFO | [ncluster=280/280] AUC-ROC=92.52%  AUC-PR=93.22%  F1=0.8385  MCC=0.6692  Train=0.315s  Test=2.912s  Peak RAM=37.526 MB
2026-03-18 04:45:16 | INFO | [ncluster=285/285] AUC-ROC=92.71%  AUC-PR=93.33%  F1=0.8422  MCC=0.6748  Train=0.263s  Test=2.251s  Peak RAM=37.527 MB
2026-03-18 04:45:16 | INFO | [ncluster=290/290] AUC-ROC=92.59%  AUC-PR=93.25%  F1=0.8392  MCC=0.6718  Train=0.130s  Test=1.851s  Peak RAM=37.529 MB
2026-03-18 04:45:16 | INFO | [ncluster=295/295] AUC-ROC=92.78%  AUC-PR=93.54%  F1=0.8428  MCC=0.6768  Train=0.116s  Test=1.889s  Peak RAM=37.53 MB
2026-03-18 04:45:16 | INFO | [ncluster=300/300] AUC-ROC=92.61%  AUC-PR=93.26%  F1=0.8409  MCC=0.6721  Train=0.152s  Test=2.084s  Peak RAM=37.531 MB
2026-03-18 04:45:16 | INFO | --- noise=3% ---
2026-03-18 04:45:16 | INFO | ============================================================
2026-03-18 04:45:16 | INFO | Dataset  : Train_RobustScaler_data_ToNIoT.csv
2026-03-18 04:45:16 | INFO | Scaler   : RobustScaler
2026-03-18 04:45:16 | INFO | Noise    : 3%
2026-03-18 04:45:16 | INFO | nClusters: 51 values (50..300)
2026-03-18 04:45:16 | INFO | ============================================================
2026-03-18 04:45:16 | INFO | Loaded Raw Shape -> Train: (30000, 45), Test: (30000, 45)
2026-03-18 04:45:16 | INFO | Training size : 30,900  |  Testing size: 29,100  |  Features: 44
2026-03-18 04:45:16 | INFO | Firing up Parallel execution for 51 cluster configs...
2026-03-18 04:47:30 | INFO | [ncluster=50/50] AUC-ROC=88.33%  AUC-PR=90.78%  F1=0.7942  MCC=0.6292  Train=0.410s  Test=5.387s  Peak RAM=38.226 MB
2026-03-18 04:47:30 | INFO | [ncluster=55/55] AUC-ROC=87.36%  AUC-PR=90.09%  F1=0.7800  MCC=0.6056  Train=0.539s  Test=8.501s  Peak RAM=38.23 MB
2026-03-18 04:47:30 | INFO | [ncluster=60/60] AUC-ROC=86.61%  AUC-PR=89.49%  F1=0.7689  MCC=0.5863  Train=0.540s  Test=8.215s  Peak RAM=38.228 MB
2026-03-18 04:47:30 | INFO | [ncluster=65/65] AUC-ROC=87.28%  AUC-PR=89.96%  F1=0.7739  MCC=0.5968  Train=0.584s  Test=8.297s  Peak RAM=38.23 MB
2026-03-18 04:47:30 | INFO | [ncluster=70/70] AUC-ROC=88.78%  AUC-PR=91.08%  F1=0.7916  MCC=0.6223  Train=1.049s  Test=8.347s  Peak RAM=38.23 MB
2026-03-18 04:47:30 | INFO | [ncluster=75/75] AUC-ROC=86.78%  AUC-PR=89.66%  F1=0.7743  MCC=0.5967  Train=1.128s  Test=8.296s  Peak RAM=38.232 MB
2026-03-18 04:47:30 | INFO | [ncluster=80/80] AUC-ROC=86.96%  AUC-PR=89.73%  F1=0.7673  MCC=0.5934  Train=0.925s  Test=8.775s  Peak RAM=38.232 MB
2026-03-18 04:47:30 | INFO | [ncluster=85/85] AUC-ROC=86.98%  AUC-PR=89.39%  F1=0.7672  MCC=0.6176  Train=1.052s  Test=9.193s  Peak RAM=38.232 MB
2026-03-18 04:47:30 | INFO | [ncluster=90/90] AUC-ROC=87.90%  AUC-PR=90.18%  F1=0.7798  MCC=0.5982  Train=0.802s  Test=8.724s  Peak RAM=38.234 MB
2026-03-18 04:47:30 | INFO | [ncluster=95/95] AUC-ROC=87.37%  AUC-PR=89.91%  F1=0.7657  MCC=0.6016  Train=1.026s  Test=8.926s  Peak RAM=38.235 MB
2026-03-18 04:47:30 | INFO | [ncluster=100/100] AUC-ROC=88.72%  AUC-PR=90.95%  F1=0.7880  MCC=0.6243  Train=1.019s  Test=6.611s  Peak RAM=38.236 MB
2026-03-18 04:47:30 | INFO | [ncluster=105/105] AUC-ROC=87.68%  AUC-PR=90.17%  F1=0.7832  MCC=0.6156  Train=1.485s  Test=7.041s  Peak RAM=38.237 MB
2026-03-18 04:47:30 | INFO | [ncluster=110/110] AUC-ROC=87.14%  AUC-PR=89.84%  F1=0.7792  MCC=0.6188  Train=0.312s  Test=3.294s  Peak RAM=38.238 MB
2026-03-18 04:47:30 | INFO | [ncluster=115/115] AUC-ROC=89.38%  AUC-PR=91.41%  F1=0.7948  MCC=0.6338  Train=0.439s  Test=6.008s  Peak RAM=38.238 MB
2026-03-18 04:47:30 | INFO | [ncluster=120/120] AUC-ROC=88.57%  AUC-PR=90.72%  F1=0.7828  MCC=0.6086  Train=0.511s  Test=5.287s  Peak RAM=38.242 MB
2026-03-18 04:47:30 | INFO | [ncluster=125/125] AUC-ROC=88.69%  AUC-PR=90.51%  F1=0.7946  MCC=0.6297  Train=0.424s  Test=5.450s  Peak RAM=38.243 MB
2026-03-18 04:47:30 | INFO | [ncluster=130/130] AUC-ROC=87.03%  AUC-PR=89.35%  F1=0.7660  MCC=0.6010  Train=0.726s  Test=5.950s  Peak RAM=38.241 MB
2026-03-18 04:47:30 | INFO | [ncluster=135/135] AUC-ROC=88.87%  AUC-PR=90.73%  F1=0.7964  MCC=0.6465  Train=0.914s  Test=5.469s  Peak RAM=38.245 MB
2026-03-18 04:47:30 | INFO | [ncluster=140/140] AUC-ROC=88.72%  AUC-PR=90.76%  F1=0.7791  MCC=0.6410  Train=0.740s  Test=4.903s  Peak RAM=38.247 MB
2026-03-18 04:47:30 | INFO | [ncluster=145/145] AUC-ROC=88.39%  AUC-PR=90.41%  F1=0.7799  MCC=0.6295  Train=0.460s  Test=4.299s  Peak RAM=38.246 MB
2026-03-18 04:47:30 | INFO | [ncluster=150/150] AUC-ROC=88.27%  AUC-PR=90.35%  F1=0.7745  MCC=0.6263  Train=0.668s  Test=6.047s  Peak RAM=38.247 MB
2026-03-18 04:47:30 | INFO | [ncluster=155/155] AUC-ROC=88.31%  AUC-PR=90.32%  F1=0.7853  MCC=0.6128  Train=0.688s  Test=6.161s  Peak RAM=38.245 MB
2026-03-18 04:47:30 | INFO | [ncluster=160/160] AUC-ROC=88.71%  AUC-PR=90.79%  F1=0.7757  MCC=0.6312  Train=0.307s  Test=5.768s  Peak RAM=38.247 MB
2026-03-18 04:47:30 | INFO | [ncluster=165/165] AUC-ROC=88.28%  AUC-PR=90.44%  F1=0.7780  MCC=0.6191  Train=0.922s  Test=5.131s  Peak RAM=38.248 MB
2026-03-18 04:47:30 | INFO | [ncluster=170/170] AUC-ROC=88.59%  AUC-PR=90.66%  F1=0.7762  MCC=0.6358  Train=0.254s  Test=3.318s  Peak RAM=38.248 MB
2026-03-18 04:47:30 | INFO | [ncluster=175/175] AUC-ROC=87.59%  AUC-PR=89.81%  F1=0.7662  MCC=0.6141  Train=0.299s  Test=3.676s  Peak RAM=38.249 MB
2026-03-18 04:47:30 | INFO | [ncluster=180/180] AUC-ROC=88.63%  AUC-PR=90.78%  F1=0.7825  MCC=0.6267  Train=0.533s  Test=4.882s  Peak RAM=38.251 MB
2026-03-18 04:47:30 | INFO | [ncluster=185/185] AUC-ROC=88.63%  AUC-PR=90.68%  F1=0.7896  MCC=0.6294  Train=0.451s  Test=4.876s  Peak RAM=38.252 MB
2026-03-18 04:47:30 | INFO | [ncluster=190/190] AUC-ROC=89.49%  AUC-PR=91.33%  F1=0.7905  MCC=0.6089  Train=0.533s  Test=4.659s  Peak RAM=38.253 MB
2026-03-18 04:47:30 | INFO | [ncluster=195/195] AUC-ROC=88.84%  AUC-PR=90.68%  F1=0.7591  MCC=0.6115  Train=0.505s  Test=5.575s  Peak RAM=38.254 MB
2026-03-18 04:47:30 | INFO | [ncluster=200/200] AUC-ROC=88.85%  AUC-PR=90.94%  F1=0.7897  MCC=0.6282  Train=0.569s  Test=5.719s  Peak RAM=38.253 MB
2026-03-18 04:47:30 | INFO | [ncluster=205/205] AUC-ROC=89.08%  AUC-PR=90.86%  F1=0.7692  MCC=0.5988  Train=0.681s  Test=4.337s  Peak RAM=38.255 MB
2026-03-18 04:47:30 | INFO | [ncluster=210/210] AUC-ROC=87.95%  AUC-PR=90.24%  F1=0.7728  MCC=0.6149  Train=0.329s  Test=4.715s  Peak RAM=38.26 MB
2026-03-18 04:47:30 | INFO | [ncluster=215/215] AUC-ROC=88.75%  AUC-PR=90.56%  F1=0.7659  MCC=0.5902  Train=0.631s  Test=4.546s  Peak RAM=38.259 MB
2026-03-18 04:47:30 | INFO | [ncluster=220/220] AUC-ROC=88.91%  AUC-PR=90.74%  F1=0.7689  MCC=0.5973  Train=0.643s  Test=4.469s  Peak RAM=38.26 MB
2026-03-18 04:47:30 | INFO | [ncluster=225/225] AUC-ROC=89.32%  AUC-PR=91.12%  F1=0.7762  MCC=0.6071  Train=0.345s  Test=3.719s  Peak RAM=38.262 MB
2026-03-18 04:47:30 | INFO | [ncluster=230/230] AUC-ROC=88.60%  AUC-PR=90.43%  F1=0.7659  MCC=0.5873  Train=0.461s  Test=3.942s  Peak RAM=38.259 MB
2026-03-18 04:47:30 | INFO | [ncluster=235/235] AUC-ROC=88.91%  AUC-PR=90.63%  F1=0.7614  MCC=0.5926  Train=0.516s  Test=4.053s  Peak RAM=38.26 MB
2026-03-18 04:47:30 | INFO | [ncluster=240/240] AUC-ROC=89.14%  AUC-PR=90.96%  F1=0.7739  MCC=0.5973  Train=0.413s  Test=5.414s  Peak RAM=38.26 MB
2026-03-18 04:47:30 | INFO | [ncluster=245/245] AUC-ROC=88.86%  AUC-PR=90.71%  F1=0.7725  MCC=0.5943  Train=0.616s  Test=4.783s  Peak RAM=38.263 MB
2026-03-18 04:47:30 | INFO | [ncluster=250/250] AUC-ROC=88.69%  AUC-PR=90.47%  F1=0.7622  MCC=0.5912  Train=0.436s  Test=4.298s  Peak RAM=38.263 MB
2026-03-18 04:47:30 | INFO | [ncluster=255/255] AUC-ROC=88.18%  AUC-PR=90.05%  F1=0.7578  MCC=0.5782  Train=0.532s  Test=4.172s  Peak RAM=38.264 MB
2026-03-18 04:47:30 | INFO | [ncluster=260/260] AUC-ROC=88.71%  AUC-PR=90.53%  F1=0.7687  MCC=0.5836  Train=0.316s  Test=4.148s  Peak RAM=38.265 MB
2026-03-18 04:47:30 | INFO | [ncluster=265/265] AUC-ROC=89.23%  AUC-PR=90.93%  F1=0.7651  MCC=0.6048  Train=0.527s  Test=3.863s  Peak RAM=38.266 MB
2026-03-18 04:47:30 | INFO | [ncluster=270/270] AUC-ROC=88.96%  AUC-PR=90.80%  F1=0.7651  MCC=0.6055  Train=0.176s  Test=3.034s  Peak RAM=38.267 MB
2026-03-18 04:47:30 | INFO | [ncluster=275/275] AUC-ROC=89.10%  AUC-PR=90.82%  F1=0.7670  MCC=0.6061  Train=0.533s  Test=2.980s  Peak RAM=38.269 MB
2026-03-18 04:47:30 | INFO | [ncluster=280/280] AUC-ROC=89.24%  AUC-PR=90.92%  F1=0.7734  MCC=0.5990  Train=0.253s  Test=2.843s  Peak RAM=38.27 MB
2026-03-18 04:47:30 | INFO | [ncluster=285/285] AUC-ROC=88.84%  AUC-PR=90.65%  F1=0.7714  MCC=0.5954  Train=0.357s  Test=2.405s  Peak RAM=38.269 MB
2026-03-18 04:47:30 | INFO | [ncluster=290/290] AUC-ROC=89.13%  AUC-PR=90.91%  F1=0.7678  MCC=0.6043  Train=0.124s  Test=1.975s  Peak RAM=38.27 MB
2026-03-18 04:47:30 | INFO | [ncluster=295/295] AUC-ROC=88.94%  AUC-PR=90.72%  F1=0.7693  MCC=0.5972  Train=0.125s  Test=2.153s  Peak RAM=38.271 MB
2026-03-18 04:47:30 | INFO | [ncluster=300/300] AUC-ROC=88.95%  AUC-PR=90.64%  F1=0.7692  MCC=0.5962  Train=0.122s  Test=1.653s  Peak RAM=38.272 MB
2026-03-18 04:47:30 | INFO | --- noise=5% ---
2026-03-18 04:47:30 | INFO | ============================================================
2026-03-18 04:47:30 | INFO | Dataset  : Train_RobustScaler_data_ToNIoT.csv
2026-03-18 04:47:30 | INFO | Scaler   : RobustScaler
2026-03-18 04:47:30 | INFO | Noise    : 5%
2026-03-18 04:47:30 | INFO | nClusters: 51 values (50..300)
2026-03-18 04:47:30 | INFO | ============================================================
2026-03-18 04:47:30 | INFO | Loaded Raw Shape -> Train: (30000, 45), Test: (30000, 45)
2026-03-18 04:47:31 | INFO | Training size : 31,500  |  Testing size: 28,500  |  Features: 44
2026-03-18 04:47:31 | INFO | Firing up Parallel execution for 51 cluster configs...
2026-03-18 04:49:59 | INFO | [ncluster=50/50] AUC-ROC=84.64%  AUC-PR=88.38%  F1=0.7502  MCC=0.5617  Train=0.358s  Test=5.925s  Peak RAM=38.968 MB
2026-03-18 04:49:59 | INFO | [ncluster=55/55] AUC-ROC=86.11%  AUC-PR=89.37%  F1=0.7628  MCC=0.5942  Train=0.376s  Test=6.590s  Peak RAM=38.969 MB
2026-03-18 04:49:59 | INFO | [ncluster=60/60] AUC-ROC=85.28%  AUC-PR=88.70%  F1=0.7567  MCC=0.5744  Train=0.629s  Test=7.280s  Peak RAM=38.971 MB
2026-03-18 04:49:59 | INFO | [ncluster=65/65] AUC-ROC=85.34%  AUC-PR=88.65%  F1=0.7497  MCC=0.5659  Train=0.730s  Test=8.673s  Peak RAM=38.973 MB
2026-03-18 04:49:59 | INFO | [ncluster=70/70] AUC-ROC=84.39%  AUC-PR=88.02%  F1=0.7350  MCC=0.5483  Train=0.666s  Test=8.601s  Peak RAM=38.972 MB
2026-03-18 04:49:59 | INFO | [ncluster=75/75] AUC-ROC=83.71%  AUC-PR=87.30%  F1=0.7116  MCC=0.5357  Train=0.604s  Test=9.005s  Peak RAM=38.974 MB
2026-03-18 04:49:59 | INFO | [ncluster=80/80] AUC-ROC=83.78%  AUC-PR=87.48%  F1=0.7276  MCC=0.5343  Train=0.856s  Test=9.168s  Peak RAM=38.975 MB
2026-03-18 04:49:59 | INFO | [ncluster=85/85] AUC-ROC=86.60%  AUC-PR=89.59%  F1=0.7722  MCC=0.5861  Train=1.376s  Test=8.819s  Peak RAM=38.975 MB
2026-03-18 04:49:59 | INFO | [ncluster=90/90] AUC-ROC=84.68%  AUC-PR=88.07%  F1=0.7389  MCC=0.5520  Train=1.048s  Test=7.641s  Peak RAM=38.976 MB
2026-03-18 04:49:59 | INFO | [ncluster=95/95] AUC-ROC=84.31%  AUC-PR=87.83%  F1=0.7277  MCC=0.5458  Train=1.495s  Test=8.483s  Peak RAM=38.977 MB
2026-03-18 04:49:59 | INFO | [ncluster=100/100] AUC-ROC=83.42%  AUC-PR=87.08%  F1=0.7255  MCC=0.5262  Train=1.053s  Test=8.829s  Peak RAM=38.977 MB
2026-03-18 04:49:59 | INFO | [ncluster=105/105] AUC-ROC=82.81%  AUC-PR=86.51%  F1=0.7059  MCC=0.5119  Train=1.225s  Test=7.201s  Peak RAM=38.978 MB
2026-03-18 04:49:59 | INFO | [ncluster=110/110] AUC-ROC=84.83%  AUC-PR=88.08%  F1=0.7397  MCC=0.5527  Train=0.315s  Test=5.782s  Peak RAM=38.979 MB
2026-03-18 04:49:59 | INFO | [ncluster=115/115] AUC-ROC=84.04%  AUC-PR=87.32%  F1=0.7359  MCC=0.5694  Train=0.559s  Test=5.142s  Peak RAM=38.981 MB
2026-03-18 04:49:59 | INFO | [ncluster=120/120] AUC-ROC=85.65%  AUC-PR=88.86%  F1=0.7543  MCC=0.5699  Train=0.374s  Test=4.714s  Peak RAM=38.982 MB
2026-03-18 04:49:59 | INFO | [ncluster=125/125] AUC-ROC=85.54%  AUC-PR=88.57%  F1=0.7651  MCC=0.6001  Train=0.302s  Test=5.612s  Peak RAM=38.982 MB
2026-03-18 04:49:59 | INFO | [ncluster=130/130] AUC-ROC=86.06%  AUC-PR=88.96%  F1=0.7663  MCC=0.5932  Train=0.423s  Test=5.185s  Peak RAM=38.984 MB
2026-03-18 04:49:59 | INFO | [ncluster=135/135] AUC-ROC=85.30%  AUC-PR=88.11%  F1=0.7494  MCC=0.5687  Train=0.804s  Test=6.752s  Peak RAM=38.984 MB
2026-03-18 04:49:59 | INFO | [ncluster=140/140] AUC-ROC=85.25%  AUC-PR=88.08%  F1=0.7424  MCC=0.5818  Train=0.628s  Test=6.145s  Peak RAM=38.985 MB
2026-03-18 04:49:59 | INFO | [ncluster=145/145] AUC-ROC=85.48%  AUC-PR=88.30%  F1=0.7550  MCC=0.5826  Train=0.632s  Test=6.302s  Peak RAM=38.985 MB
2026-03-18 04:49:59 | INFO | [ncluster=150/150] AUC-ROC=85.67%  AUC-PR=88.49%  F1=0.7518  MCC=0.5800  Train=0.674s  Test=6.263s  Peak RAM=38.986 MB
2026-03-18 04:49:59 | INFO | [ncluster=155/155] AUC-ROC=84.97%  AUC-PR=87.87%  F1=0.7466  MCC=0.5749  Train=0.716s  Test=6.305s  Peak RAM=38.986 MB
2026-03-18 04:49:59 | INFO | [ncluster=160/160] AUC-ROC=85.45%  AUC-PR=88.33%  F1=0.7493  MCC=0.5717  Train=0.957s  Test=6.477s  Peak RAM=38.988 MB
2026-03-18 04:49:59 | INFO | [ncluster=165/165] AUC-ROC=85.15%  AUC-PR=88.17%  F1=0.7549  MCC=0.5774  Train=0.592s  Test=5.708s  Peak RAM=38.99 MB
2026-03-18 04:49:59 | INFO | [ncluster=170/170] AUC-ROC=85.82%  AUC-PR=88.59%  F1=0.7522  MCC=0.5881  Train=0.543s  Test=5.648s  Peak RAM=38.99 MB
2026-03-18 04:49:59 | INFO | [ncluster=175/175] AUC-ROC=85.33%  AUC-PR=88.15%  F1=0.7475  MCC=0.5753  Train=0.323s  Test=5.153s  Peak RAM=38.992 MB
2026-03-18 04:49:59 | INFO | [ncluster=180/180] AUC-ROC=84.78%  AUC-PR=87.82%  F1=0.7428  MCC=0.5656  Train=0.668s  Test=5.231s  Peak RAM=38.992 MB
2026-03-18 04:49:59 | INFO | [ncluster=185/185] AUC-ROC=85.44%  AUC-PR=88.12%  F1=0.7485  MCC=0.5756  Train=0.493s  Test=5.126s  Peak RAM=38.994 MB
2026-03-18 04:49:59 | INFO | [ncluster=190/190] AUC-ROC=85.27%  AUC-PR=87.91%  F1=0.7350  MCC=0.5775  Train=0.465s  Test=5.394s  Peak RAM=38.994 MB
2026-03-18 04:49:59 | INFO | [ncluster=195/195] AUC-ROC=85.56%  AUC-PR=88.44%  F1=0.7520  MCC=0.5664  Train=0.403s  Test=5.337s  Peak RAM=38.995 MB
2026-03-18 04:49:59 | INFO | [ncluster=200/200] AUC-ROC=86.53%  AUC-PR=89.02%  F1=0.7342  MCC=0.5676  Train=0.641s  Test=6.182s  Peak RAM=38.995 MB
2026-03-18 04:49:59 | INFO | [ncluster=205/205] AUC-ROC=87.11%  AUC-PR=89.62%  F1=0.7551  MCC=0.5643  Train=0.298s  Test=5.023s  Peak RAM=38.997 MB
2026-03-18 04:49:59 | INFO | [ncluster=210/210] AUC-ROC=85.09%  AUC-PR=87.92%  F1=0.7470  MCC=0.5522  Train=0.664s  Test=6.314s  Peak RAM=38.997 MB
2026-03-18 04:49:59 | INFO | [ncluster=215/215] AUC-ROC=86.83%  AUC-PR=89.27%  F1=0.7411  MCC=0.5726  Train=0.665s  Test=5.060s  Peak RAM=38.997 MB
2026-03-18 04:49:59 | INFO | [ncluster=220/220] AUC-ROC=84.29%  AUC-PR=87.42%  F1=0.7200  MCC=0.5604  Train=0.657s  Test=5.786s  Peak RAM=38.999 MB
2026-03-18 04:49:59 | INFO | [ncluster=225/225] AUC-ROC=84.48%  AUC-PR=87.58%  F1=0.7258  MCC=0.5599  Train=0.546s  Test=4.271s  Peak RAM=38.999 MB
2026-03-18 04:49:59 | INFO | [ncluster=230/230] AUC-ROC=84.83%  AUC-PR=87.79%  F1=0.7375  MCC=0.5518  Train=0.375s  Test=6.425s  Peak RAM=39.001 MB
2026-03-18 04:49:59 | INFO | [ncluster=235/235] AUC-ROC=86.55%  AUC-PR=89.06%  F1=0.7401  MCC=0.5510  Train=0.756s  Test=4.724s  Peak RAM=39.002 MB
2026-03-18 04:49:59 | INFO | [ncluster=240/240] AUC-ROC=86.77%  AUC-PR=89.26%  F1=0.7491  MCC=0.5551  Train=0.482s  Test=4.289s  Peak RAM=39.003 MB
2026-03-18 04:49:59 | INFO | [ncluster=245/245] AUC-ROC=87.09%  AUC-PR=89.49%  F1=0.7440  MCC=0.5723  Train=0.392s  Test=4.249s  Peak RAM=39.003 MB
2026-03-18 04:49:59 | INFO | [ncluster=250/250] AUC-ROC=86.64%  AUC-PR=89.17%  F1=0.7390  MCC=0.5552  Train=0.463s  Test=4.358s  Peak RAM=39.005 MB
2026-03-18 04:49:59 | INFO | [ncluster=255/255] AUC-ROC=86.80%  AUC-PR=89.27%  F1=0.7427  MCC=0.5591  Train=0.514s  Test=4.693s  Peak RAM=39.006 MB
2026-03-18 04:49:59 | INFO | [ncluster=260/260] AUC-ROC=85.27%  AUC-PR=87.86%  F1=0.7528  MCC=0.5814  Train=0.303s  Test=3.892s  Peak RAM=39.006 MB
2026-03-18 04:49:59 | INFO | [ncluster=265/265] AUC-ROC=86.34%  AUC-PR=88.91%  F1=0.7279  MCC=0.5611  Train=0.639s  Test=4.327s  Peak RAM=39.007 MB
2026-03-18 04:49:59 | INFO | [ncluster=270/270] AUC-ROC=87.15%  AUC-PR=89.51%  F1=0.7394  MCC=0.5694  Train=0.675s  Test=4.714s  Peak RAM=39.008 MB
2026-03-18 04:49:59 | INFO | [ncluster=275/275] AUC-ROC=86.04%  AUC-PR=88.59%  F1=0.7316  MCC=0.5436  Train=0.549s  Test=4.768s  Peak RAM=39.009 MB
2026-03-18 04:49:59 | INFO | [ncluster=280/280] AUC-ROC=86.38%  AUC-PR=88.98%  F1=0.7427  MCC=0.5482  Train=0.408s  Test=3.195s  Peak RAM=39.01 MB
2026-03-18 04:49:59 | INFO | [ncluster=285/285] AUC-ROC=86.52%  AUC-PR=89.02%  F1=0.7312  MCC=0.5565  Train=0.168s  Test=2.323s  Peak RAM=39.01 MB
2026-03-18 04:49:59 | INFO | [ncluster=290/290] AUC-ROC=85.91%  AUC-PR=88.33%  F1=0.7173  MCC=0.5411  Train=0.236s  Test=2.534s  Peak RAM=39.011 MB
2026-03-18 04:49:59 | INFO | [ncluster=295/295] AUC-ROC=86.25%  AUC-PR=88.72%  F1=0.7314  MCC=0.5386  Train=0.139s  Test=2.107s  Peak RAM=39.013 MB
2026-03-18 04:49:59 | INFO | [ncluster=300/300] AUC-ROC=86.68%  AUC-PR=89.02%  F1=0.7394  MCC=0.5538  Train=0.243s  Test=2.105s  Peak RAM=39.013 MB
2026-03-18 04:49:59 | INFO | Results saved to: /home/jupyter-iclr2025/New Project/NFST/GMM-nfst/notebooks/experiments/outputs/noise/data_ToNIoT_memopt_20260318_031153.csv
2026-03-18 04:49:59 | INFO | Log saved to    : /home/jupyter-iclr2025/New Project/NFST/GMM-nfst/notebooks/experiments/logs/data_ToNIoT_memopt_20260318_031153.log
