2026-03-18 03:11:53 | INFO | Run started at 20260318_031153
2026-03-18 03:11:53 | INFO | Dataset prefix : data_CICIoT2023
2026-03-18 03:11:53 | INFO | Scalers        : ['StandardScaler', 'MinMaxScaler', 'Normalizer', 'QuantileTransformer', 'RobustScaler']
2026-03-18 03:11:53 | INFO | N_CLUSTERS     : range(1, 301, 3) — 51 values
2026-03-18 03:11:53 | INFO | NOISE_LIST     : [0, 1, 3, 5]
2026-03-18 03:11:53 | INFO | CSV output     : /home/jupyter-iclr2025/New Project/NFST/GMM-nfst/notebooks/experiments/outputs/noise/data_CICIoT2023_memopt_20260318_031153.csv
2026-03-18 03:11:53 | INFO | Log file       : /home/jupyter-iclr2025/New Project/NFST/GMM-nfst/notebooks/experiments/logs/data_CICIoT2023_memopt_20260318_031153.log
2026-03-18 03:11:53 | INFO | ------------------------------------------------------------
2026-03-18 03:11:53 | INFO | 
>>> Processing data_CICIoT2023 | scaler=StandardScaler
2026-03-18 03:11:53 | INFO | --- noise=0% ---
2026-03-18 03:11:53 | INFO | ============================================================
2026-03-18 03:11:53 | INFO | Dataset  : Train_StandardScaler_data_CICIoT2023.csv
2026-03-18 03:11:53 | INFO | Scaler   : StandardScaler
2026-03-18 03:11:53 | INFO | Noise    : 0%
2026-03-18 03:11:53 | INFO | nClusters: 51 values (50..300)
2026-03-18 03:11:53 | INFO | ============================================================
2026-03-18 03:11:53 | INFO | Loaded Raw Shape -> Train: (30000, 45), Test: (30000, 45)
2026-03-18 03:11:53 | INFO | Training size : 30,000  |  Testing size: 30,000  |  Features: 44
2026-03-18 03:11:53 | INFO | Firing up Parallel execution for 51 cluster configs...
2026-03-18 03:15:23 | INFO | [ncluster=50/50] AUC-ROC=52.08%  AUC-PR=51.06%  F1=0.6760  MCC=0.1453  Train=0.563s  Test=4.603s  Peak RAM=37.32 MB
2026-03-18 03:15:23 | INFO | [ncluster=55/55] AUC-ROC=52.05%  AUC-PR=51.05%  F1=0.6759  MCC=0.1447  Train=0.365s  Test=5.851s  Peak RAM=37.314 MB
2026-03-18 03:15:23 | INFO | [ncluster=60/60] AUC-ROC=52.05%  AUC-PR=51.04%  F1=0.6759  MCC=0.1445  Train=0.558s  Test=7.417s  Peak RAM=37.319 MB
2026-03-18 03:15:23 | INFO | [ncluster=65/65] AUC-ROC=52.20%  AUC-PR=51.12%  F1=0.6766  MCC=0.1499  Train=0.815s  Test=8.818s  Peak RAM=37.316 MB
2026-03-18 03:15:23 | INFO | [ncluster=70/70] AUC-ROC=52.04%  AUC-PR=51.04%  F1=0.6759  MCC=0.1444  Train=0.294s  Test=5.958s  Peak RAM=37.322 MB
2026-03-18 03:15:23 | INFO | [ncluster=75/75] AUC-ROC=52.05%  AUC-PR=51.05%  F1=0.6759  MCC=0.1447  Train=0.336s  Test=8.612s  Peak RAM=37.325 MB
2026-03-18 03:15:23 | INFO | [ncluster=80/80] AUC-ROC=52.05%  AUC-PR=51.05%  F1=0.6759  MCC=0.1447  Train=0.273s  Test=8.669s  Peak RAM=37.33 MB
2026-03-18 03:15:23 | INFO | [ncluster=85/85] AUC-ROC=52.05%  AUC-PR=51.05%  F1=0.6759  MCC=0.1447  Train=0.835s  Test=8.209s  Peak RAM=37.325 MB
2026-03-18 03:15:23 | INFO | [ncluster=90/90] AUC-ROC=52.04%  AUC-PR=51.04%  F1=0.6759  MCC=0.1444  Train=0.949s  Test=8.872s  Peak RAM=37.324 MB
2026-03-18 03:15:23 | INFO | [ncluster=95/95] AUC-ROC=52.04%  AUC-PR=51.04%  F1=0.6759  MCC=0.1444  Train=1.144s  Test=6.482s  Peak RAM=37.322 MB
2026-03-18 03:15:23 | INFO | [ncluster=100/100] AUC-ROC=52.05%  AUC-PR=51.04%  F1=0.6759  MCC=0.1445  Train=0.572s  Test=6.018s  Peak RAM=37.324 MB
2026-03-18 03:15:23 | INFO | [ncluster=105/105] AUC-ROC=52.05%  AUC-PR=51.04%  F1=0.6759  MCC=0.1445  Train=0.702s  Test=4.949s  Peak RAM=37.325 MB
2026-03-18 03:15:23 | INFO | [ncluster=110/110] AUC-ROC=52.05%  AUC-PR=51.05%  F1=0.6759  MCC=0.1444  Train=0.450s  Test=6.515s  Peak RAM=37.137 MB
2026-03-18 03:15:23 | INFO | [ncluster=115/115] AUC-ROC=52.05%  AUC-PR=51.05%  F1=0.6759  MCC=0.1439  Train=0.627s  Test=8.011s  Peak RAM=37.141 MB
2026-03-18 03:15:23 | INFO | [ncluster=120/120] AUC-ROC=52.05%  AUC-PR=51.04%  F1=0.6759  MCC=0.1445  Train=0.600s  Test=6.043s  Peak RAM=37.142 MB
2026-03-18 03:15:23 | INFO | [ncluster=125/125] AUC-ROC=52.06%  AUC-PR=51.05%  F1=0.6759  MCC=0.1450  Train=0.522s  Test=6.566s  Peak RAM=37.143 MB
2026-03-18 03:15:23 | INFO | [ncluster=130/130] AUC-ROC=52.07%  AUC-PR=51.06%  F1=0.6760  MCC=0.1453  Train=0.844s  Test=6.850s  Peak RAM=37.144 MB
2026-03-18 03:15:23 | INFO | [ncluster=135/135] AUC-ROC=52.06%  AUC-PR=51.05%  F1=0.6759  MCC=0.1442  Train=0.221s  Test=5.505s  Peak RAM=37.141 MB
2026-03-18 03:15:23 | INFO | [ncluster=140/140] AUC-ROC=52.04%  AUC-PR=51.04%  F1=0.6759  MCC=0.1444  Train=0.554s  Test=7.639s  Peak RAM=37.142 MB
2026-03-18 03:15:23 | INFO | [ncluster=145/145] AUC-ROC=52.05%  AUC-PR=51.05%  F1=0.6758  MCC=0.1436  Train=0.647s  Test=6.754s  Peak RAM=37.143 MB
2026-03-18 03:15:23 | INFO | [ncluster=150/150] AUC-ROC=52.05%  AUC-PR=51.04%  F1=0.6759  MCC=0.1445  Train=0.289s  Test=5.593s  Peak RAM=37.144 MB
2026-03-18 03:15:23 | INFO | [ncluster=155/155] AUC-ROC=52.06%  AUC-PR=51.05%  F1=0.6759  MCC=0.1440  Train=0.944s  Test=6.307s  Peak RAM=37.147 MB
2026-03-18 03:15:23 | INFO | [ncluster=160/160] AUC-ROC=52.06%  AUC-PR=51.05%  F1=0.6759  MCC=0.1450  Train=0.975s  Test=6.475s  Peak RAM=37.145 MB
2026-03-18 03:15:23 | INFO | [ncluster=165/165] AUC-ROC=52.05%  AUC-PR=51.04%  F1=0.6759  MCC=0.1445  Train=0.371s  Test=5.473s  Peak RAM=37.146 MB
2026-03-18 03:15:23 | INFO | [ncluster=170/170] AUC-ROC=52.06%  AUC-PR=51.05%  F1=0.6759  MCC=0.1449  Train=0.429s  Test=4.949s  Peak RAM=37.137 MB
2026-03-18 03:15:23 | INFO | [ncluster=175/175] AUC-ROC=52.08%  AUC-PR=51.06%  F1=0.6760  MCC=0.1455  Train=0.289s  Test=4.836s  Peak RAM=37.138 MB
2026-03-18 03:15:23 | INFO | [ncluster=180/180] AUC-ROC=52.05%  AUC-PR=51.04%  F1=0.6759  MCC=0.1445  Train=0.434s  Test=7.092s  Peak RAM=37.139 MB
2026-03-18 03:15:23 | INFO | [ncluster=185/185] AUC-ROC=52.04%  AUC-PR=51.04%  F1=0.6759  MCC=0.1445  Train=0.823s  Test=6.844s  Peak RAM=37.139 MB
2026-03-18 03:15:23 | INFO | [ncluster=190/190] AUC-ROC=52.07%  AUC-PR=51.06%  F1=0.6760  MCC=0.1453  Train=0.543s  Test=6.623s  Peak RAM=37.145 MB
2026-03-18 03:15:23 | INFO | [ncluster=195/195] AUC-ROC=53.01%  AUC-PR=51.55%  F1=0.6803  MCC=0.1762  Train=0.125s  Test=5.811s  Peak RAM=37.141 MB
2026-03-18 03:15:23 | INFO | [ncluster=200/200] AUC-ROC=52.06%  AUC-PR=51.05%  F1=0.6759  MCC=0.1449  Train=0.424s  Test=5.609s  Peak RAM=37.142 MB
2026-03-18 03:15:23 | INFO | [ncluster=205/205] AUC-ROC=52.07%  AUC-PR=51.06%  F1=0.6760  MCC=0.1452  Train=0.573s  Test=5.799s  Peak RAM=37.143 MB
2026-03-18 03:15:23 | INFO | [ncluster=210/210] AUC-ROC=53.12%  AUC-PR=51.61%  F1=0.6808  MCC=0.1795  Train=0.370s  Test=5.368s  Peak RAM=37.146 MB
2026-03-18 03:15:23 | INFO | [ncluster=215/215] AUC-ROC=52.08%  AUC-PR=51.06%  F1=0.6760  MCC=0.1457  Train=0.449s  Test=4.328s  Peak RAM=37.145 MB
2026-03-18 03:15:23 | INFO | [ncluster=220/220] AUC-ROC=52.04%  AUC-PR=51.04%  F1=0.6759  MCC=0.1444  Train=0.480s  Test=5.288s  Peak RAM=37.146 MB
2026-03-18 03:15:23 | INFO | [ncluster=225/225] AUC-ROC=52.04%  AUC-PR=51.04%  F1=0.6759  MCC=0.1444  Train=0.487s  Test=5.058s  Peak RAM=37.146 MB
2026-03-18 03:15:23 | INFO | [ncluster=230/230] AUC-ROC=52.07%  AUC-PR=51.06%  F1=0.6760  MCC=0.1453  Train=0.356s  Test=3.823s  Peak RAM=37.147 MB
2026-03-18 03:15:23 | INFO | [ncluster=235/235] AUC-ROC=52.08%  AUC-PR=51.06%  F1=0.6760  MCC=0.1453  Train=0.442s  Test=4.687s  Peak RAM=37.149 MB
2026-03-18 03:15:23 | INFO | [ncluster=240/240] AUC-ROC=52.05%  AUC-PR=51.05%  F1=0.6759  MCC=0.1448  Train=0.333s  Test=4.731s  Peak RAM=37.15 MB
2026-03-18 03:15:23 | INFO | [ncluster=245/245] AUC-ROC=52.04%  AUC-PR=51.04%  F1=0.6759  MCC=0.1444  Train=0.324s  Test=5.027s  Peak RAM=37.152 MB
2026-03-18 03:15:23 | INFO | [ncluster=250/250] AUC-ROC=52.06%  AUC-PR=51.05%  F1=0.6760  MCC=0.1451  Train=0.364s  Test=7.777s  Peak RAM=37.152 MB
2026-03-18 03:15:23 | INFO | [ncluster=255/255] AUC-ROC=52.05%  AUC-PR=51.05%  F1=0.6759  MCC=0.1447  Train=0.441s  Test=4.870s  Peak RAM=37.154 MB
2026-03-18 03:15:23 | INFO | [ncluster=260/260] AUC-ROC=52.06%  AUC-PR=51.05%  F1=0.6760  MCC=0.1451  Train=0.210s  Test=3.523s  Peak RAM=37.159 MB
2026-03-18 03:15:23 | INFO | [ncluster=265/265] AUC-ROC=52.06%  AUC-PR=51.05%  F1=0.6759  MCC=0.1449  Train=0.161s  Test=3.313s  Peak RAM=37.153 MB
2026-03-18 03:15:23 | INFO | [ncluster=270/270] AUC-ROC=52.06%  AUC-PR=51.05%  F1=0.6759  MCC=0.1450  Train=0.167s  Test=2.518s  Peak RAM=37.154 MB
2026-03-18 03:15:23 | INFO | [ncluster=275/275] AUC-ROC=52.05%  AUC-PR=51.05%  F1=0.6759  MCC=0.1448  Train=0.224s  Test=3.606s  Peak RAM=37.155 MB
2026-03-18 03:15:23 | INFO | [ncluster=280/280] AUC-ROC=52.06%  AUC-PR=51.05%  F1=0.6759  MCC=0.1447  Train=0.374s  Test=3.179s  Peak RAM=37.161 MB
2026-03-18 03:15:23 | INFO | [ncluster=285/285] AUC-ROC=52.05%  AUC-PR=51.04%  F1=0.6759  MCC=0.1445  Train=0.164s  Test=3.039s  Peak RAM=37.157 MB
2026-03-18 03:15:23 | INFO | [ncluster=290/290] AUC-ROC=52.22%  AUC-PR=51.14%  F1=0.6767  MCC=0.1507  Train=0.305s  Test=3.198s  Peak RAM=37.159 MB
2026-03-18 03:15:23 | INFO | [ncluster=295/295] AUC-ROC=52.05%  AUC-PR=51.04%  F1=0.6759  MCC=0.1445  Train=0.150s  Test=2.211s  Peak RAM=37.159 MB
2026-03-18 03:15:23 | INFO | [ncluster=300/300] AUC-ROC=52.05%  AUC-PR=51.05%  F1=0.6759  MCC=0.1448  Train=0.135s  Test=2.356s  Peak RAM=37.161 MB
2026-03-18 03:15:23 | INFO | --- noise=1% ---
2026-03-18 03:15:23 | INFO | ============================================================
2026-03-18 03:15:23 | INFO | Dataset  : Train_StandardScaler_data_CICIoT2023.csv
2026-03-18 03:15:23 | INFO | Scaler   : StandardScaler
2026-03-18 03:15:23 | INFO | Noise    : 1%
2026-03-18 03:15:23 | INFO | nClusters: 51 values (50..300)
2026-03-18 03:15:23 | INFO | ============================================================
2026-03-18 03:15:23 | INFO | Loaded Raw Shape -> Train: (30000, 45), Test: (30000, 45)
2026-03-18 03:15:23 | INFO | Training size : 30,300  |  Testing size: 29,700  |  Features: 44
2026-03-18 03:15:23 | INFO | Firing up Parallel execution for 51 cluster configs...
2026-03-18 03:18:47 | INFO | [ncluster=50/50] AUC-ROC=50.02%  AUC-PR=50.51%  F1=0.6712  MCC=0.0131  Train=0.348s  Test=5.781s  Peak RAM=37.485 MB
2026-03-18 03:18:47 | INFO | [ncluster=55/55] AUC-ROC=50.01%  AUC-PR=50.51%  F1=0.6712  MCC=0.0083  Train=0.457s  Test=4.849s  Peak RAM=37.486 MB
2026-03-18 03:18:47 | INFO | [ncluster=60/60] AUC-ROC=50.01%  AUC-PR=50.51%  F1=0.6712  MCC=0.0102  Train=0.371s  Test=5.029s  Peak RAM=37.489 MB
2026-03-18 03:18:47 | INFO | [ncluster=65/65] AUC-ROC=50.01%  AUC-PR=50.51%  F1=0.6712  MCC=0.0102  Train=0.663s  Test=8.078s  Peak RAM=37.491 MB
2026-03-18 03:18:47 | INFO | [ncluster=70/70] AUC-ROC=50.00%  AUC-PR=50.51%  F1=0.0000  MCC=0.0000  Train=0.880s  Test=9.262s  Peak RAM=37.488 MB
2026-03-18 03:18:47 | INFO | [ncluster=75/75] AUC-ROC=50.01%  AUC-PR=50.51%  F1=0.6712  MCC=0.0102  Train=0.182s  Test=6.026s  Peak RAM=37.489 MB
2026-03-18 03:18:47 | INFO | [ncluster=80/80] AUC-ROC=50.02%  AUC-PR=50.51%  F1=0.6712  MCC=0.0131  Train=0.953s  Test=8.632s  Peak RAM=37.493 MB
2026-03-18 03:18:47 | INFO | [ncluster=85/85] AUC-ROC=50.01%  AUC-PR=50.51%  F1=0.6712  MCC=0.0083  Train=1.176s  Test=7.661s  Peak RAM=37.492 MB
2026-03-18 03:18:47 | INFO | [ncluster=90/90] AUC-ROC=50.02%  AUC-PR=50.52%  F1=0.6712  MCC=0.0144  Train=0.235s  Test=6.314s  Peak RAM=37.492 MB
2026-03-18 03:18:47 | INFO | [ncluster=95/95] AUC-ROC=50.01%  AUC-PR=50.51%  F1=0.6712  MCC=0.0083  Train=0.480s  Test=8.710s  Peak RAM=37.494 MB
2026-03-18 03:18:47 | INFO | [ncluster=100/100] AUC-ROC=50.01%  AUC-PR=50.51%  F1=0.6712  MCC=0.0083  Train=0.446s  Test=5.855s  Peak RAM=37.495 MB
2026-03-18 03:18:47 | INFO | [ncluster=105/105] AUC-ROC=50.01%  AUC-PR=50.51%  F1=0.6712  MCC=0.0083  Train=0.921s  Test=4.725s  Peak RAM=37.497 MB
2026-03-18 03:18:47 | INFO | [ncluster=110/110] AUC-ROC=50.01%  AUC-PR=50.51%  F1=0.6712  MCC=0.0102  Train=0.425s  Test=5.555s  Peak RAM=37.497 MB
2026-03-18 03:18:47 | INFO | [ncluster=115/115] AUC-ROC=50.01%  AUC-PR=50.51%  F1=0.6712  MCC=0.0102  Train=0.306s  Test=5.434s  Peak RAM=37.497 MB
2026-03-18 03:18:47 | INFO | [ncluster=120/120] AUC-ROC=50.02%  AUC-PR=50.52%  F1=0.6712  MCC=0.0144  Train=0.237s  Test=5.408s  Peak RAM=37.502 MB
2026-03-18 03:18:47 | INFO | [ncluster=125/125] AUC-ROC=50.01%  AUC-PR=50.51%  F1=0.6712  MCC=0.0117  Train=0.191s  Test=5.466s  Peak RAM=37.501 MB
2026-03-18 03:18:47 | INFO | [ncluster=130/130] AUC-ROC=50.00%  AUC-PR=50.51%  F1=0.6711  MCC=0.0035  Train=0.655s  Test=9.005s  Peak RAM=37.499 MB
2026-03-18 03:18:47 | INFO | [ncluster=135/135] AUC-ROC=50.01%  AUC-PR=50.51%  F1=0.6712  MCC=0.0102  Train=0.588s  Test=8.204s  Peak RAM=37.5 MB
2026-03-18 03:18:47 | INFO | [ncluster=140/140] AUC-ROC=50.01%  AUC-PR=50.51%  F1=0.6712  MCC=0.0102  Train=0.851s  Test=7.962s  Peak RAM=37.501 MB
2026-03-18 03:18:47 | INFO | [ncluster=145/145] AUC-ROC=50.00%  AUC-PR=50.51%  F1=0.0000  MCC=0.0000  Train=0.609s  Test=8.586s  Peak RAM=37.502 MB
2026-03-18 03:18:47 | INFO | [ncluster=150/150] AUC-ROC=50.03%  AUC-PR=50.52%  F1=0.6713  MCC=0.0166  Train=0.479s  Test=6.144s  Peak RAM=37.504 MB
2026-03-18 03:18:47 | INFO | [ncluster=155/155] AUC-ROC=50.02%  AUC-PR=50.51%  F1=0.6712  MCC=0.0131  Train=0.561s  Test=4.564s  Peak RAM=37.504 MB
2026-03-18 03:18:47 | INFO | [ncluster=160/160] AUC-ROC=50.00%  AUC-PR=50.51%  F1=0.6712  MCC=0.0059  Train=0.147s  Test=4.590s  Peak RAM=37.505 MB
2026-03-18 03:18:47 | INFO | [ncluster=165/165] AUC-ROC=50.01%  AUC-PR=50.51%  F1=0.6712  MCC=0.0102  Train=0.492s  Test=4.291s  Peak RAM=37.507 MB
2026-03-18 03:18:47 | INFO | [ncluster=170/170] AUC-ROC=50.02%  AUC-PR=50.52%  F1=0.6712  MCC=0.0144  Train=0.293s  Test=5.964s  Peak RAM=37.507 MB
2026-03-18 03:18:47 | INFO | [ncluster=175/175] AUC-ROC=50.03%  AUC-PR=50.52%  F1=0.6712  MCC=0.0149  Train=0.697s  Test=6.211s  Peak RAM=37.51 MB
2026-03-18 03:18:47 | INFO | [ncluster=180/180] AUC-ROC=50.00%  AUC-PR=50.51%  F1=0.0000  MCC=0.0000  Train=0.396s  Test=5.186s  Peak RAM=37.509 MB
2026-03-18 03:18:47 | INFO | [ncluster=185/185] AUC-ROC=50.02%  AUC-PR=50.52%  F1=0.6712  MCC=0.0124  Train=0.347s  Test=5.513s  Peak RAM=37.511 MB
2026-03-18 03:18:47 | INFO | [ncluster=190/190] AUC-ROC=50.00%  AUC-PR=50.51%  F1=0.6712  MCC=0.0059  Train=0.558s  Test=5.970s  Peak RAM=37.511 MB
2026-03-18 03:18:47 | INFO | [ncluster=195/195] AUC-ROC=50.01%  AUC-PR=50.51%  F1=0.6712  MCC=0.0102  Train=0.616s  Test=6.526s  Peak RAM=37.511 MB
2026-03-18 03:18:47 | INFO | [ncluster=200/200] AUC-ROC=50.01%  AUC-PR=50.51%  F1=0.6712  MCC=0.0117  Train=0.383s  Test=4.853s  Peak RAM=37.513 MB
2026-03-18 03:18:47 | INFO | [ncluster=205/205] AUC-ROC=50.01%  AUC-PR=50.51%  F1=0.6712  MCC=0.0083  Train=0.623s  Test=6.925s  Peak RAM=37.515 MB
2026-03-18 03:18:47 | INFO | [ncluster=210/210] AUC-ROC=50.01%  AUC-PR=50.51%  F1=0.6712  MCC=0.0102  Train=0.503s  Test=6.669s  Peak RAM=37.514 MB
2026-03-18 03:18:47 | INFO | [ncluster=215/215] AUC-ROC=50.02%  AUC-PR=50.52%  F1=0.6712  MCC=0.0144  Train=0.793s  Test=4.706s  Peak RAM=37.516 MB
2026-03-18 03:18:47 | INFO | [ncluster=220/220] AUC-ROC=50.01%  AUC-PR=50.51%  F1=0.6712  MCC=0.0117  Train=0.520s  Test=7.684s  Peak RAM=37.517 MB
2026-03-18 03:18:47 | INFO | [ncluster=225/225] AUC-ROC=50.01%  AUC-PR=50.51%  F1=0.6712  MCC=0.0102  Train=0.689s  Test=5.689s  Peak RAM=37.519 MB
2026-03-18 03:18:47 | INFO | [ncluster=230/230] AUC-ROC=50.01%  AUC-PR=50.51%  F1=0.6712  MCC=0.0083  Train=0.568s  Test=5.698s  Peak RAM=37.518 MB
2026-03-18 03:18:47 | INFO | [ncluster=235/235] AUC-ROC=50.01%  AUC-PR=50.51%  F1=0.6712  MCC=0.0117  Train=0.260s  Test=6.235s  Peak RAM=37.52 MB
2026-03-18 03:18:47 | INFO | [ncluster=240/240] AUC-ROC=50.02%  AUC-PR=50.51%  F1=0.6712  MCC=0.0131  Train=0.588s  Test=5.149s  Peak RAM=37.52 MB
2026-03-18 03:18:47 | INFO | [ncluster=245/245] AUC-ROC=50.02%  AUC-PR=50.52%  F1=0.6712  MCC=0.0144  Train=0.247s  Test=4.426s  Peak RAM=37.522 MB
2026-03-18 03:18:47 | INFO | [ncluster=250/250] AUC-ROC=50.01%  AUC-PR=50.51%  F1=0.6712  MCC=0.0083  Train=0.333s  Test=4.730s  Peak RAM=37.521 MB
2026-03-18 03:18:47 | INFO | [ncluster=255/255] AUC-ROC=50.00%  AUC-PR=50.51%  F1=0.0000  MCC=0.0000  Train=0.280s  Test=3.851s  Peak RAM=37.529 MB
2026-03-18 03:18:47 | INFO | [ncluster=260/260] AUC-ROC=50.02%  AUC-PR=50.51%  F1=0.6712  MCC=0.0131  Train=0.227s  Test=4.527s  Peak RAM=37.523 MB
2026-03-18 03:18:47 | INFO | [ncluster=265/265] AUC-ROC=50.00%  AUC-PR=50.51%  F1=0.6712  MCC=0.0059  Train=0.224s  Test=3.913s  Peak RAM=37.524 MB
2026-03-18 03:18:47 | INFO | [ncluster=270/270] AUC-ROC=50.02%  AUC-PR=50.51%  F1=0.6712  MCC=0.0131  Train=0.428s  Test=4.953s  Peak RAM=37.525 MB
2026-03-18 03:18:47 | INFO | [ncluster=275/275] AUC-ROC=50.00%  AUC-PR=50.51%  F1=0.0000  MCC=0.0000  Train=0.286s  Test=3.869s  Peak RAM=37.527 MB
2026-03-18 03:18:47 | INFO | [ncluster=280/280] AUC-ROC=50.01%  AUC-PR=50.51%  F1=0.6712  MCC=0.0102  Train=0.423s  Test=4.806s  Peak RAM=37.527 MB
2026-03-18 03:18:47 | INFO | [ncluster=285/285] AUC-ROC=50.00%  AUC-PR=50.51%  F1=0.6712  MCC=0.0059  Train=0.445s  Test=4.102s  Peak RAM=37.529 MB
2026-03-18 03:18:47 | INFO | [ncluster=290/290] AUC-ROC=50.02%  AUC-PR=50.52%  F1=0.6712  MCC=0.0144  Train=0.403s  Test=4.392s  Peak RAM=37.53 MB
2026-03-18 03:18:47 | INFO | [ncluster=295/295] AUC-ROC=50.00%  AUC-PR=50.51%  F1=0.0000  MCC=0.0000  Train=0.186s  Test=2.237s  Peak RAM=37.532 MB
2026-03-18 03:18:47 | INFO | [ncluster=300/300] AUC-ROC=50.01%  AUC-PR=50.51%  F1=0.6712  MCC=0.0102  Train=0.241s  Test=2.634s  Peak RAM=37.532 MB
2026-03-18 03:18:47 | INFO | --- noise=3% ---
2026-03-18 03:18:47 | INFO | ============================================================
2026-03-18 03:18:47 | INFO | Dataset  : Train_StandardScaler_data_CICIoT2023.csv
2026-03-18 03:18:47 | INFO | Scaler   : StandardScaler
2026-03-18 03:18:47 | INFO | Noise    : 3%
2026-03-18 03:18:47 | INFO | nClusters: 51 values (50..300)
2026-03-18 03:18:47 | INFO | ============================================================
2026-03-18 03:18:47 | INFO | Loaded Raw Shape -> Train: (30000, 45), Test: (30000, 45)
2026-03-18 03:18:47 | INFO | Training size : 30,900  |  Testing size: 29,100  |  Features: 44
2026-03-18 03:18:47 | INFO | Firing up Parallel execution for 51 cluster configs...
2026-03-18 03:22:43 | INFO | [ncluster=50/50] AUC-ROC=50.00%  AUC-PR=51.55%  F1=0.0000  MCC=0.0000  Train=0.565s  Test=7.664s  Peak RAM=38.229 MB
2026-03-18 03:22:43 | INFO | [ncluster=55/55] AUC-ROC=50.01%  AUC-PR=51.55%  F1=0.6803  MCC=0.0086  Train=0.379s  Test=6.499s  Peak RAM=38.227 MB
2026-03-18 03:22:43 | INFO | [ncluster=60/60] AUC-ROC=50.02%  AUC-PR=51.56%  F1=0.6804  MCC=0.0160  Train=0.773s  Test=8.738s  Peak RAM=38.232 MB
2026-03-18 03:22:43 | INFO | [ncluster=65/65] AUC-ROC=50.01%  AUC-PR=51.55%  F1=0.6803  MCC=0.0086  Train=0.216s  Test=7.057s  Peak RAM=38.231 MB
2026-03-18 03:22:43 | INFO | [ncluster=70/70] AUC-ROC=50.00%  AUC-PR=51.55%  F1=0.6803  MCC=0.0060  Train=0.443s  Test=10.471s  Peak RAM=38.234 MB
2026-03-18 03:22:43 | INFO | [ncluster=75/75] AUC-ROC=50.00%  AUC-PR=51.55%  F1=0.0000  MCC=0.0000  Train=0.942s  Test=9.911s  Peak RAM=38.234 MB
2026-03-18 03:22:43 | INFO | [ncluster=80/80] AUC-ROC=50.04%  AUC-PR=51.57%  F1=0.6804  MCC=0.0183  Train=0.440s  Test=7.464s  Peak RAM=38.234 MB
2026-03-18 03:22:43 | INFO | [ncluster=85/85] AUC-ROC=50.00%  AUC-PR=51.55%  F1=0.0000  MCC=0.0000  Train=0.716s  Test=10.481s  Peak RAM=38.235 MB
2026-03-18 03:22:43 | INFO | [ncluster=90/90] AUC-ROC=50.00%  AUC-PR=51.55%  F1=0.0000  MCC=0.0000  Train=0.877s  Test=7.613s  Peak RAM=38.237 MB
2026-03-18 03:22:43 | INFO | [ncluster=95/95] AUC-ROC=50.00%  AUC-PR=51.55%  F1=0.0000  MCC=0.0000  Train=1.284s  Test=10.282s  Peak RAM=38.236 MB
2026-03-18 03:22:43 | INFO | [ncluster=100/100] AUC-ROC=50.00%  AUC-PR=51.55%  F1=0.0000  MCC=0.0000  Train=1.195s  Test=8.726s  Peak RAM=38.237 MB
2026-03-18 03:22:43 | INFO | [ncluster=105/105] AUC-ROC=50.01%  AUC-PR=51.55%  F1=0.6803  MCC=0.0047  Train=0.952s  Test=8.704s  Peak RAM=38.238 MB
2026-03-18 03:22:43 | INFO | [ncluster=110/110] AUC-ROC=50.01%  AUC-PR=51.55%  F1=0.6803  MCC=0.0105  Train=0.664s  Test=7.574s  Peak RAM=38.241 MB
2026-03-18 03:22:43 | INFO | [ncluster=115/115] AUC-ROC=50.01%  AUC-PR=51.55%  F1=0.6803  MCC=0.0121  Train=0.358s  Test=6.860s  Peak RAM=38.238 MB
2026-03-18 03:22:43 | INFO | [ncluster=120/120] AUC-ROC=50.01%  AUC-PR=51.55%  F1=0.6803  MCC=0.0105  Train=0.488s  Test=6.737s  Peak RAM=38.239 MB
2026-03-18 03:22:43 | INFO | [ncluster=125/125] AUC-ROC=50.00%  AUC-PR=51.55%  F1=0.6803  MCC=0.0060  Train=0.447s  Test=7.222s  Peak RAM=38.242 MB
2026-03-18 03:22:43 | INFO | [ncluster=130/130] AUC-ROC=50.01%  AUC-PR=51.55%  F1=0.6803  MCC=0.0121  Train=0.303s  Test=6.824s  Peak RAM=38.245 MB
2026-03-18 03:22:43 | INFO | [ncluster=135/135] AUC-ROC=50.01%  AUC-PR=51.55%  F1=0.6803  MCC=0.0083  Train=0.532s  Test=5.542s  Peak RAM=38.241 MB
2026-03-18 03:22:43 | INFO | [ncluster=140/140] AUC-ROC=50.00%  AUC-PR=51.55%  F1=0.6803  MCC=0.0060  Train=0.323s  Test=5.441s  Peak RAM=38.244 MB
2026-03-18 03:22:43 | INFO | [ncluster=145/145] AUC-ROC=50.00%  AUC-PR=51.55%  F1=0.0000  MCC=0.0000  Train=0.377s  Test=5.772s  Peak RAM=38.244 MB
2026-03-18 03:22:43 | INFO | [ncluster=150/150] AUC-ROC=50.01%  AUC-PR=51.55%  F1=0.6803  MCC=0.0121  Train=0.667s  Test=9.065s  Peak RAM=38.245 MB
2026-03-18 03:22:43 | INFO | [ncluster=155/155] AUC-ROC=50.03%  AUC-PR=51.56%  F1=0.6804  MCC=0.0171  Train=0.805s  Test=8.732s  Peak RAM=38.246 MB
2026-03-18 03:22:43 | INFO | [ncluster=160/160] AUC-ROC=50.03%  AUC-PR=51.56%  F1=0.6804  MCC=0.0153  Train=0.897s  Test=8.281s  Peak RAM=38.248 MB
2026-03-18 03:22:43 | INFO | [ncluster=165/165] AUC-ROC=50.01%  AUC-PR=51.55%  F1=0.6803  MCC=0.0121  Train=0.543s  Test=6.152s  Peak RAM=38.247 MB
2026-03-18 03:22:43 | INFO | [ncluster=170/170] AUC-ROC=50.00%  AUC-PR=51.55%  F1=0.6803  MCC=0.0060  Train=0.185s  Test=6.522s  Peak RAM=38.248 MB
2026-03-18 03:22:43 | INFO | [ncluster=175/175] AUC-ROC=50.00%  AUC-PR=51.55%  F1=0.6803  MCC=0.0037  Train=0.416s  Test=8.167s  Peak RAM=38.25 MB
2026-03-18 03:22:43 | INFO | [ncluster=180/180] AUC-ROC=50.01%  AUC-PR=51.55%  F1=0.6803  MCC=0.0105  Train=0.627s  Test=6.356s  Peak RAM=38.25 MB
2026-03-18 03:22:43 | INFO | [ncluster=185/185] AUC-ROC=50.01%  AUC-PR=51.55%  F1=0.6803  MCC=0.0105  Train=0.675s  Test=6.604s  Peak RAM=38.252 MB
2026-03-18 03:22:43 | INFO | [ncluster=190/190] AUC-ROC=50.00%  AUC-PR=51.55%  F1=0.0000  MCC=0.0000  Train=0.488s  Test=6.026s  Peak RAM=38.253 MB
2026-03-18 03:22:43 | INFO | [ncluster=195/195] AUC-ROC=50.01%  AUC-PR=51.55%  F1=0.6803  MCC=0.0121  Train=0.634s  Test=6.102s  Peak RAM=38.253 MB
2026-03-18 03:22:43 | INFO | [ncluster=200/200] AUC-ROC=50.02%  AUC-PR=51.56%  F1=0.6804  MCC=0.0142  Train=0.611s  Test=6.226s  Peak RAM=38.255 MB
2026-03-18 03:22:43 | INFO | [ncluster=205/205] AUC-ROC=50.01%  AUC-PR=51.55%  F1=0.6803  MCC=0.0105  Train=0.499s  Test=7.674s  Peak RAM=38.255 MB
2026-03-18 03:22:43 | INFO | [ncluster=210/210] AUC-ROC=50.02%  AUC-PR=51.56%  F1=0.6803  MCC=0.0088  Train=0.778s  Test=7.998s  Peak RAM=38.255 MB
2026-03-18 03:22:43 | INFO | [ncluster=215/215] AUC-ROC=50.01%  AUC-PR=51.55%  F1=0.6803  MCC=0.0105  Train=0.908s  Test=7.817s  Peak RAM=38.257 MB
2026-03-18 03:22:43 | INFO | [ncluster=220/220] AUC-ROC=50.03%  AUC-PR=51.56%  F1=0.6804  MCC=0.0171  Train=0.624s  Test=6.157s  Peak RAM=38.26 MB
2026-03-18 03:22:43 | INFO | [ncluster=225/225] AUC-ROC=50.01%  AUC-PR=51.55%  F1=0.6803  MCC=0.0105  Train=0.583s  Test=5.519s  Peak RAM=38.259 MB
2026-03-18 03:22:43 | INFO | [ncluster=230/230] AUC-ROC=50.00%  AUC-PR=51.55%  F1=0.0000  MCC=0.0000  Train=0.510s  Test=7.367s  Peak RAM=38.26 MB
2026-03-18 03:22:43 | INFO | [ncluster=235/235] AUC-ROC=50.03%  AUC-PR=51.56%  F1=0.6804  MCC=0.0153  Train=0.550s  Test=5.695s  Peak RAM=38.262 MB
2026-03-18 03:22:43 | INFO | [ncluster=240/240] AUC-ROC=50.02%  AUC-PR=51.56%  F1=0.6804  MCC=0.0160  Train=0.838s  Test=5.381s  Peak RAM=38.262 MB
2026-03-18 03:22:43 | INFO | [ncluster=245/245] AUC-ROC=50.02%  AUC-PR=51.56%  F1=0.6803  MCC=0.0135  Train=0.572s  Test=5.990s  Peak RAM=38.262 MB
2026-03-18 03:22:43 | INFO | [ncluster=250/250] AUC-ROC=50.00%  AUC-PR=51.55%  F1=0.0000  MCC=0.0000  Train=0.331s  Test=7.539s  Peak RAM=38.263 MB
2026-03-18 03:22:43 | INFO | [ncluster=255/255] AUC-ROC=50.01%  AUC-PR=51.55%  F1=0.6803  MCC=0.0121  Train=0.568s  Test=8.293s  Peak RAM=38.264 MB
2026-03-18 03:22:43 | INFO | [ncluster=260/260] AUC-ROC=50.01%  AUC-PR=51.55%  F1=0.6803  MCC=0.0105  Train=0.506s  Test=8.246s  Peak RAM=38.266 MB
2026-03-18 03:22:43 | INFO | [ncluster=265/265] AUC-ROC=50.02%  AUC-PR=51.56%  F1=0.6803  MCC=0.0135  Train=0.182s  Test=4.265s  Peak RAM=38.266 MB
2026-03-18 03:22:43 | INFO | [ncluster=270/270] AUC-ROC=50.01%  AUC-PR=51.55%  F1=0.6803  MCC=0.0121  Train=0.198s  Test=4.940s  Peak RAM=38.266 MB
2026-03-18 03:22:43 | INFO | [ncluster=275/275] AUC-ROC=50.00%  AUC-PR=51.55%  F1=0.6803  MCC=0.0060  Train=0.276s  Test=4.025s  Peak RAM=38.268 MB
2026-03-18 03:22:43 | INFO | [ncluster=280/280] AUC-ROC=50.01%  AUC-PR=51.55%  F1=0.6803  MCC=0.0121  Train=0.157s  Test=4.029s  Peak RAM=38.271 MB
2026-03-18 03:22:43 | INFO | [ncluster=285/285] AUC-ROC=50.00%  AUC-PR=51.55%  F1=0.0000  MCC=0.0000  Train=0.357s  Test=3.941s  Peak RAM=38.269 MB
2026-03-18 03:22:43 | INFO | [ncluster=290/290] AUC-ROC=50.01%  AUC-PR=51.55%  F1=0.6803  MCC=0.0105  Train=0.398s  Test=2.817s  Peak RAM=38.271 MB
2026-03-18 03:22:43 | INFO | [ncluster=295/295] AUC-ROC=50.05%  AUC-PR=51.57%  F1=0.6805  MCC=0.0218  Train=0.143s  Test=2.489s  Peak RAM=38.273 MB
2026-03-18 03:22:43 | INFO | [ncluster=300/300] AUC-ROC=50.02%  AUC-PR=51.56%  F1=0.6804  MCC=0.0148  Train=0.223s  Test=2.898s  Peak RAM=38.274 MB
2026-03-18 03:22:43 | INFO | --- noise=5% ---
2026-03-18 03:22:43 | INFO | ============================================================
2026-03-18 03:22:43 | INFO | Dataset  : Train_StandardScaler_data_CICIoT2023.csv
2026-03-18 03:22:43 | INFO | Scaler   : StandardScaler
2026-03-18 03:22:43 | INFO | Noise    : 5%
2026-03-18 03:22:43 | INFO | nClusters: 51 values (50..300)
2026-03-18 03:22:43 | INFO | ============================================================
2026-03-18 03:22:43 | INFO | Loaded Raw Shape -> Train: (30000, 45), Test: (30000, 45)
2026-03-18 03:22:43 | INFO | Training size : 31,500  |  Testing size: 28,500  |  Features: 44
2026-03-18 03:22:43 | INFO | Firing up Parallel execution for 51 cluster configs...
2026-03-18 03:26:11 | INFO | [ncluster=50/50] AUC-ROC=50.00%  AUC-PR=52.63%  F1=0.0000  MCC=0.0000  Train=0.428s  Test=5.181s  Peak RAM=38.968 MB
2026-03-18 03:26:11 | INFO | [ncluster=55/55] AUC-ROC=50.00%  AUC-PR=52.63%  F1=0.0000  MCC=0.0000  Train=0.541s  Test=6.970s  Peak RAM=38.971 MB
2026-03-18 03:26:11 | INFO | [ncluster=60/60] AUC-ROC=49.99%  AUC-PR=52.63%  F1=0.0000  MCC=0.0000  Train=0.632s  Test=7.349s  Peak RAM=38.972 MB
2026-03-18 03:26:11 | INFO | [ncluster=65/65] AUC-ROC=50.00%  AUC-PR=52.63%  F1=0.0000  MCC=0.0000  Train=0.799s  Test=8.429s  Peak RAM=38.973 MB
2026-03-18 03:26:11 | INFO | [ncluster=70/70] AUC-ROC=50.01%  AUC-PR=52.63%  F1=0.6896  MCC=0.0029  Train=0.731s  Test=9.045s  Peak RAM=38.974 MB
2026-03-18 03:26:11 | INFO | [ncluster=75/75] AUC-ROC=50.01%  AUC-PR=52.64%  F1=0.6897  MCC=0.0108  Train=1.085s  Test=9.713s  Peak RAM=38.973 MB
2026-03-18 03:26:11 | INFO | [ncluster=80/80] AUC-ROC=50.01%  AUC-PR=52.64%  F1=0.6897  MCC=0.0125  Train=0.740s  Test=8.302s  Peak RAM=38.976 MB
2026-03-18 03:26:11 | INFO | [ncluster=85/85] AUC-ROC=50.00%  AUC-PR=52.63%  F1=0.0000  MCC=0.0000  Train=0.958s  Test=10.390s  Peak RAM=38.975 MB
2026-03-18 03:26:11 | INFO | [ncluster=90/90] AUC-ROC=50.02%  AUC-PR=52.64%  F1=0.6897  MCC=0.0140  Train=1.225s  Test=11.023s  Peak RAM=38.979 MB
2026-03-18 03:26:11 | INFO | [ncluster=95/95] AUC-ROC=50.01%  AUC-PR=52.64%  F1=0.6897  MCC=0.0125  Train=0.678s  Test=9.709s  Peak RAM=38.982 MB
2026-03-18 03:26:11 | INFO | [ncluster=100/100] AUC-ROC=50.01%  AUC-PR=52.64%  F1=0.6897  MCC=0.0108  Train=0.288s  Test=8.515s  Peak RAM=38.98 MB
2026-03-18 03:26:11 | INFO | [ncluster=105/105] AUC-ROC=50.00%  AUC-PR=52.63%  F1=0.0000  MCC=0.0000  Train=0.544s  Test=9.243s  Peak RAM=38.98 MB
2026-03-18 03:26:11 | INFO | [ncluster=110/110] AUC-ROC=50.00%  AUC-PR=52.63%  F1=0.0000  MCC=0.0000  Train=0.478s  Test=6.322s  Peak RAM=38.98 MB
2026-03-18 03:26:11 | INFO | [ncluster=115/115] AUC-ROC=50.00%  AUC-PR=52.63%  F1=0.0000  MCC=0.0000  Train=0.656s  Test=7.914s  Peak RAM=38.982 MB
2026-03-18 03:26:11 | INFO | [ncluster=120/120] AUC-ROC=50.00%  AUC-PR=52.63%  F1=0.0000  MCC=0.0000  Train=0.665s  Test=8.233s  Peak RAM=38.982 MB
2026-03-18 03:26:11 | INFO | [ncluster=125/125] AUC-ROC=50.01%  AUC-PR=52.64%  F1=0.6897  MCC=0.0108  Train=0.806s  Test=9.780s  Peak RAM=38.982 MB
2026-03-18 03:26:11 | INFO | [ncluster=130/130] AUC-ROC=50.00%  AUC-PR=52.63%  F1=0.0000  MCC=0.0000  Train=0.779s  Test=8.924s  Peak RAM=38.984 MB
2026-03-18 03:26:11 | INFO | [ncluster=135/135] AUC-ROC=50.01%  AUC-PR=52.64%  F1=0.6897  MCC=0.0088  Train=0.856s  Test=8.220s  Peak RAM=38.983 MB
2026-03-18 03:26:11 | INFO | [ncluster=140/140] AUC-ROC=50.01%  AUC-PR=52.63%  F1=0.6896  MCC=0.0029  Train=0.819s  Test=8.720s  Peak RAM=38.985 MB
2026-03-18 03:26:11 | INFO | [ncluster=145/145] AUC-ROC=50.02%  AUC-PR=52.64%  F1=0.6897  MCC=0.0120  Train=1.236s  Test=8.819s  Peak RAM=38.988 MB
2026-03-18 03:26:11 | INFO | [ncluster=150/150] AUC-ROC=50.00%  AUC-PR=52.63%  F1=0.6897  MCC=0.0062  Train=0.388s  Test=8.616s  Peak RAM=38.986 MB
2026-03-18 03:26:11 | INFO | [ncluster=155/155] AUC-ROC=50.00%  AUC-PR=52.63%  F1=0.6897  MCC=0.0062  Train=0.518s  Test=8.783s  Peak RAM=38.988 MB
2026-03-18 03:26:11 | INFO | [ncluster=160/160] AUC-ROC=50.00%  AUC-PR=52.63%  F1=0.0000  MCC=0.0000  Train=0.926s  Test=6.390s  Peak RAM=38.988 MB
2026-03-18 03:26:11 | INFO | [ncluster=165/165] AUC-ROC=50.02%  AUC-PR=52.64%  F1=0.6897  MCC=0.0093  Train=0.493s  Test=7.117s  Peak RAM=38.995 MB
2026-03-18 03:26:11 | INFO | [ncluster=170/170] AUC-ROC=50.00%  AUC-PR=52.63%  F1=0.0000  MCC=0.0000  Train=0.540s  Test=8.049s  Peak RAM=38.991 MB
2026-03-18 03:26:11 | INFO | [ncluster=175/175] AUC-ROC=50.21%  AUC-PR=52.73%  F1=0.6905  MCC=0.0436  Train=0.308s  Test=6.193s  Peak RAM=38.991 MB
2026-03-18 03:26:11 | INFO | [ncluster=180/180] AUC-ROC=50.03%  AUC-PR=52.65%  F1=0.6898  MCC=0.0177  Train=0.226s  Test=6.398s  Peak RAM=38.993 MB
2026-03-18 03:26:11 | INFO | [ncluster=185/185] AUC-ROC=50.01%  AUC-PR=52.64%  F1=0.6897  MCC=0.0125  Train=0.698s  Test=6.950s  Peak RAM=38.994 MB
2026-03-18 03:26:11 | INFO | [ncluster=190/190] AUC-ROC=50.00%  AUC-PR=52.63%  F1=0.0000  MCC=0.0000  Train=0.380s  Test=5.364s  Peak RAM=38.994 MB
2026-03-18 03:26:11 | INFO | [ncluster=195/195] AUC-ROC=50.00%  AUC-PR=52.63%  F1=0.6897  MCC=0.0062  Train=0.770s  Test=8.617s  Peak RAM=38.995 MB
2026-03-18 03:26:11 | INFO | [ncluster=200/200] AUC-ROC=50.00%  AUC-PR=52.63%  F1=0.6897  MCC=0.0062  Train=0.771s  Test=8.818s  Peak RAM=38.995 MB
2026-03-18 03:26:11 | INFO | [ncluster=205/205] AUC-ROC=50.00%  AUC-PR=52.63%  F1=0.0000  MCC=0.0000  Train=0.213s  Test=7.555s  Peak RAM=38.997 MB
2026-03-18 03:26:11 | INFO | [ncluster=210/210] AUC-ROC=50.00%  AUC-PR=52.63%  F1=0.6897  MCC=0.0062  Train=0.790s  Test=8.032s  Peak RAM=38.998 MB
2026-03-18 03:26:11 | INFO | [ncluster=215/215] AUC-ROC=50.01%  AUC-PR=52.64%  F1=0.6897  MCC=0.0108  Train=0.632s  Test=5.900s  Peak RAM=38.999 MB
2026-03-18 03:26:11 | INFO | [ncluster=220/220] AUC-ROC=50.01%  AUC-PR=52.64%  F1=0.6896  MCC=0.0047  Train=0.483s  Test=5.961s  Peak RAM=38.999 MB
2026-03-18 03:26:11 | INFO | [ncluster=225/225] AUC-ROC=50.01%  AUC-PR=52.64%  F1=0.6897  MCC=0.0108  Train=0.593s  Test=6.577s  Peak RAM=39.001 MB
2026-03-18 03:26:11 | INFO | [ncluster=230/230] AUC-ROC=50.00%  AUC-PR=52.63%  F1=0.6897  MCC=0.0062  Train=0.396s  Test=5.204s  Peak RAM=39.002 MB
2026-03-18 03:26:11 | INFO | [ncluster=235/235] AUC-ROC=50.00%  AUC-PR=52.63%  F1=0.0000  MCC=0.0000  Train=0.280s  Test=3.484s  Peak RAM=39.003 MB
2026-03-18 03:26:11 | INFO | [ncluster=240/240] AUC-ROC=50.15%  AUC-PR=52.71%  F1=0.6903  MCC=0.0400  Train=0.240s  Test=3.745s  Peak RAM=39.003 MB
2026-03-18 03:26:11 | INFO | [ncluster=245/245] AUC-ROC=50.00%  AUC-PR=52.63%  F1=0.6897  MCC=0.0062  Train=0.240s  Test=3.218s  Peak RAM=39.005 MB
2026-03-18 03:26:11 | INFO | [ncluster=250/250] AUC-ROC=50.00%  AUC-PR=52.63%  F1=0.6897  MCC=0.0062  Train=0.433s  Test=3.471s  Peak RAM=39.005 MB
2026-03-18 03:26:11 | INFO | [ncluster=255/255] AUC-ROC=50.02%  AUC-PR=52.64%  F1=0.6897  MCC=0.0140  Train=0.362s  Test=3.802s  Peak RAM=39.008 MB
2026-03-18 03:26:11 | INFO | [ncluster=260/260] AUC-ROC=50.03%  AUC-PR=52.64%  F1=0.6898  MCC=0.0165  Train=0.291s  Test=4.457s  Peak RAM=39.006 MB
2026-03-18 03:26:11 | INFO | [ncluster=265/265] AUC-ROC=50.00%  AUC-PR=52.63%  F1=0.0000  MCC=0.0000  Train=0.696s  Test=5.085s  Peak RAM=39.008 MB
2026-03-18 03:26:11 | INFO | [ncluster=270/270] AUC-ROC=50.01%  AUC-PR=52.64%  F1=0.6897  MCC=0.0108  Train=0.928s  Test=4.115s  Peak RAM=39.009 MB
2026-03-18 03:26:11 | INFO | [ncluster=275/275] AUC-ROC=50.00%  AUC-PR=52.63%  F1=0.0000  MCC=0.0000  Train=0.140s  Test=2.024s  Peak RAM=39.01 MB
2026-03-18 03:26:11 | INFO | [ncluster=280/280] AUC-ROC=50.00%  AUC-PR=52.63%  F1=0.0000  MCC=0.0000  Train=0.225s  Test=2.928s  Peak RAM=39.01 MB
2026-03-18 03:26:11 | INFO | [ncluster=285/285] AUC-ROC=50.00%  AUC-PR=52.63%  F1=0.0000  MCC=0.0000  Train=0.317s  Test=2.692s  Peak RAM=39.012 MB
2026-03-18 03:26:11 | INFO | [ncluster=290/290] AUC-ROC=50.03%  AUC-PR=52.64%  F1=0.6897  MCC=0.0136  Train=0.111s  Test=1.842s  Peak RAM=39.012 MB
2026-03-18 03:26:11 | INFO | [ncluster=295/295] AUC-ROC=50.00%  AUC-PR=52.63%  F1=0.0000  MCC=0.0000  Train=0.132s  Test=2.069s  Peak RAM=39.013 MB
2026-03-18 03:26:11 | INFO | [ncluster=300/300] AUC-ROC=50.03%  AUC-PR=52.65%  F1=0.6898  MCC=0.0177  Train=0.170s  Test=1.942s  Peak RAM=39.015 MB
2026-03-18 03:26:11 | INFO | 
>>> Processing data_CICIoT2023 | scaler=MinMaxScaler
2026-03-18 03:26:11 | INFO | --- noise=0% ---
2026-03-18 03:26:11 | INFO | ============================================================
2026-03-18 03:26:11 | INFO | Dataset  : Train_MinMaxScaler_data_CICIoT2023.csv
2026-03-18 03:26:11 | INFO | Scaler   : MinMaxScaler
2026-03-18 03:26:11 | INFO | Noise    : 0%
2026-03-18 03:26:11 | INFO | nClusters: 51 values (50..300)
2026-03-18 03:26:11 | INFO | ============================================================
2026-03-18 03:26:11 | INFO | Loaded Raw Shape -> Train: (30000, 45), Test: (30000, 45)
2026-03-18 03:26:11 | INFO | Training size : 30,000  |  Testing size: 30,000  |  Features: 44
2026-03-18 03:26:11 | INFO | Firing up Parallel execution for 51 cluster configs...
2026-03-18 03:28:20 | INFO | [ncluster=50/50] AUC-ROC=50.00%  AUC-PR=50.00%  F1=0.0000  MCC=0.0000  Train=0.277s  Test=4.459s  Peak RAM=37.115 MB
2026-03-18 03:28:20 | INFO | [ncluster=55/55] AUC-ROC=50.00%  AUC-PR=50.00%  F1=0.0000  MCC=0.0000  Train=0.479s  Test=5.760s  Peak RAM=37.116 MB
2026-03-18 03:28:20 | INFO | [ncluster=60/60] AUC-ROC=50.00%  AUC-PR=50.00%  F1=0.0000  MCC=0.0000  Train=0.421s  Test=6.259s  Peak RAM=37.118 MB
2026-03-18 03:28:20 | INFO | [ncluster=65/65] AUC-ROC=50.00%  AUC-PR=50.00%  F1=0.0000  MCC=0.0000  Train=0.323s  Test=5.152s  Peak RAM=37.117 MB
2026-03-18 03:28:20 | INFO | [ncluster=70/70] AUC-ROC=50.00%  AUC-PR=50.00%  F1=0.0000  MCC=0.0000  Train=0.718s  Test=7.068s  Peak RAM=37.119 MB
2026-03-18 03:28:20 | INFO | [ncluster=75/75] AUC-ROC=50.00%  AUC-PR=50.00%  F1=0.0000  MCC=0.0000  Train=0.544s  Test=5.888s  Peak RAM=37.12 MB
2026-03-18 03:28:20 | INFO | [ncluster=80/80] AUC-ROC=50.00%  AUC-PR=50.00%  F1=0.0000  MCC=0.0000  Train=0.708s  Test=8.408s  Peak RAM=37.12 MB
2026-03-18 03:28:20 | INFO | [ncluster=85/85] AUC-ROC=50.00%  AUC-PR=50.00%  F1=0.0000  MCC=0.0000  Train=0.835s  Test=7.644s  Peak RAM=37.121 MB
2026-03-18 03:28:20 | INFO | [ncluster=90/90] AUC-ROC=50.00%  AUC-PR=50.00%  F1=0.0000  MCC=0.0000  Train=0.849s  Test=8.007s  Peak RAM=37.124 MB
2026-03-18 03:28:20 | INFO | [ncluster=95/95] AUC-ROC=50.00%  AUC-PR=50.00%  F1=0.0000  MCC=0.0000  Train=1.084s  Test=7.317s  Peak RAM=37.125 MB
2026-03-18 03:28:20 | INFO | [ncluster=100/100] AUC-ROC=50.00%  AUC-PR=50.00%  F1=0.0000  MCC=0.0000  Train=0.383s  Test=6.344s  Peak RAM=37.124 MB
2026-03-18 03:28:20 | INFO | [ncluster=105/105] AUC-ROC=50.00%  AUC-PR=50.00%  F1=0.0000  MCC=0.0000  Train=0.921s  Test=5.350s  Peak RAM=37.125 MB
2026-03-18 03:28:20 | INFO | [ncluster=110/110] AUC-ROC=50.00%  AUC-PR=50.00%  F1=0.0000  MCC=0.0000  Train=0.209s  Test=3.189s  Peak RAM=37.126 MB
2026-03-18 03:28:20 | INFO | [ncluster=115/115] AUC-ROC=50.00%  AUC-PR=50.00%  F1=0.0000  MCC=0.0000  Train=0.704s  Test=4.078s  Peak RAM=37.126 MB
2026-03-18 03:28:20 | INFO | [ncluster=120/120] AUC-ROC=50.00%  AUC-PR=50.00%  F1=0.0000  MCC=0.0000  Train=0.304s  Test=4.269s  Peak RAM=37.129 MB
2026-03-18 03:28:20 | INFO | [ncluster=125/125] AUC-ROC=50.00%  AUC-PR=50.00%  F1=0.0000  MCC=0.0000  Train=0.449s  Test=4.351s  Peak RAM=37.129 MB
2026-03-18 03:28:20 | INFO | [ncluster=130/130] AUC-ROC=50.00%  AUC-PR=50.00%  F1=0.0000  MCC=0.0000  Train=0.306s  Test=4.032s  Peak RAM=37.13 MB
2026-03-18 03:28:20 | INFO | [ncluster=135/135] AUC-ROC=50.00%  AUC-PR=50.00%  F1=0.0000  MCC=0.0000  Train=0.340s  Test=5.066s  Peak RAM=37.13 MB
2026-03-18 03:28:20 | INFO | [ncluster=140/140] AUC-ROC=50.00%  AUC-PR=50.00%  F1=0.0000  MCC=0.0000  Train=0.504s  Test=5.024s  Peak RAM=37.131 MB
2026-03-18 03:28:20 | INFO | [ncluster=145/145] AUC-ROC=50.00%  AUC-PR=50.00%  F1=0.0000  MCC=0.0000  Train=0.365s  Test=5.505s  Peak RAM=37.133 MB
2026-03-18 03:28:20 | INFO | [ncluster=150/150] AUC-ROC=50.00%  AUC-PR=50.00%  F1=0.0000  MCC=0.0000  Train=0.587s  Test=4.630s  Peak RAM=37.134 MB
2026-03-18 03:28:20 | INFO | [ncluster=155/155] AUC-ROC=50.00%  AUC-PR=50.00%  F1=0.0000  MCC=0.0000  Train=0.594s  Test=4.313s  Peak RAM=37.134 MB
2026-03-18 03:28:20 | INFO | [ncluster=160/160] AUC-ROC=69.62%  AUC-PR=62.20%  F1=0.7670  MCC=0.4938  Train=0.387s  Test=5.170s  Peak RAM=37.135 MB
2026-03-18 03:28:20 | INFO | [ncluster=165/165] AUC-ROC=50.00%  AUC-PR=50.00%  F1=0.0000  MCC=0.0000  Train=0.430s  Test=3.798s  Peak RAM=37.136 MB
2026-03-18 03:28:20 | INFO | [ncluster=170/170] AUC-ROC=69.79%  AUC-PR=62.34%  F1=0.7673  MCC=0.4939  Train=0.172s  Test=2.971s  Peak RAM=37.137 MB
2026-03-18 03:28:20 | INFO | [ncluster=175/175] AUC-ROC=50.00%  AUC-PR=50.00%  F1=0.0000  MCC=0.0000  Train=0.239s  Test=5.033s  Peak RAM=37.138 MB
2026-03-18 03:28:20 | INFO | [ncluster=180/180] AUC-ROC=50.00%  AUC-PR=50.00%  F1=0.0000  MCC=0.0000  Train=0.157s  Test=5.417s  Peak RAM=37.139 MB
2026-03-18 03:28:20 | INFO | [ncluster=185/185] AUC-ROC=50.00%  AUC-PR=50.00%  F1=0.0000  MCC=0.0000  Train=0.427s  Test=5.514s  Peak RAM=37.139 MB
2026-03-18 03:28:20 | INFO | [ncluster=190/190] AUC-ROC=50.00%  AUC-PR=50.00%  F1=0.0000  MCC=0.0000  Train=0.438s  Test=3.374s  Peak RAM=37.141 MB
2026-03-18 03:28:20 | INFO | [ncluster=195/195] AUC-ROC=50.00%  AUC-PR=50.00%  F1=0.0000  MCC=0.0000  Train=0.207s  Test=2.906s  Peak RAM=37.14 MB
2026-03-18 03:28:20 | INFO | [ncluster=200/200] AUC-ROC=50.00%  AUC-PR=50.00%  F1=0.0000  MCC=0.0000  Train=0.347s  Test=3.324s  Peak RAM=37.143 MB
2026-03-18 03:28:20 | INFO | [ncluster=205/205] AUC-ROC=50.00%  AUC-PR=50.00%  F1=0.0000  MCC=0.0000  Train=0.402s  Test=2.959s  Peak RAM=37.142 MB
2026-03-18 03:28:20 | INFO | [ncluster=210/210] AUC-ROC=50.00%  AUC-PR=50.00%  F1=0.0000  MCC=0.0000  Train=0.483s  Test=3.664s  Peak RAM=37.145 MB
2026-03-18 03:28:20 | INFO | [ncluster=215/215] AUC-ROC=50.00%  AUC-PR=50.00%  F1=0.0000  MCC=0.0000  Train=0.272s  Test=3.546s  Peak RAM=37.145 MB
2026-03-18 03:28:20 | INFO | [ncluster=220/220] AUC-ROC=69.13%  AUC-PR=61.82%  F1=0.7647  MCC=0.4854  Train=0.339s  Test=4.670s  Peak RAM=37.146 MB
2026-03-18 03:28:20 | INFO | [ncluster=225/225] AUC-ROC=50.00%  AUC-PR=50.00%  F1=0.0000  MCC=0.0000  Train=0.440s  Test=3.828s  Peak RAM=37.146 MB
2026-03-18 03:28:20 | INFO | [ncluster=230/230] AUC-ROC=50.00%  AUC-PR=50.00%  F1=0.0000  MCC=0.0000  Train=0.307s  Test=2.643s  Peak RAM=37.146 MB
2026-03-18 03:28:20 | INFO | [ncluster=235/235] AUC-ROC=62.89%  AUC-PR=57.49%  F1=0.7172  MCC=0.3297  Train=0.360s  Test=3.763s  Peak RAM=37.147 MB
2026-03-18 03:28:20 | INFO | [ncluster=240/240] AUC-ROC=50.00%  AUC-PR=50.00%  F1=0.0000  MCC=0.0000  Train=0.337s  Test=2.907s  Peak RAM=37.148 MB
2026-03-18 03:28:20 | INFO | [ncluster=245/245] AUC-ROC=50.04%  AUC-PR=50.02%  F1=0.6668  MCC=0.0148  Train=0.547s  Test=3.624s  Peak RAM=37.15 MB
2026-03-18 03:28:20 | INFO | [ncluster=250/250] AUC-ROC=50.00%  AUC-PR=50.00%  F1=0.0000  MCC=0.0000  Train=0.323s  Test=3.256s  Peak RAM=37.152 MB
2026-03-18 03:28:20 | INFO | [ncluster=255/255] AUC-ROC=50.00%  AUC-PR=50.00%  F1=0.0000  MCC=0.0000  Train=0.215s  Test=2.617s  Peak RAM=37.152 MB
2026-03-18 03:28:20 | INFO | [ncluster=260/260] AUC-ROC=50.00%  AUC-PR=50.00%  F1=0.0000  MCC=0.0000  Train=0.194s  Test=3.476s  Peak RAM=37.152 MB
2026-03-18 03:28:20 | INFO | [ncluster=265/265] AUC-ROC=50.04%  AUC-PR=50.02%  F1=0.6668  MCC=0.0164  Train=0.194s  Test=2.325s  Peak RAM=37.155 MB
2026-03-18 03:28:20 | INFO | [ncluster=270/270] AUC-ROC=89.47%  AUC-PR=82.61%  F1=0.9009  MCC=0.7984  Train=0.255s  Test=2.348s  Peak RAM=37.154 MB
2026-03-18 03:28:20 | INFO | [ncluster=275/275] AUC-ROC=69.89%  AUC-PR=62.38%  F1=0.7725  MCC=0.5070  Train=0.286s  Test=2.489s  Peak RAM=37.152 MB
2026-03-18 03:28:20 | INFO | [ncluster=280/280] AUC-ROC=69.50%  AUC-PR=62.09%  F1=0.7673  MCC=0.4925  Train=0.151s  Test=2.515s  Peak RAM=37.159 MB
2026-03-18 03:28:20 | INFO | [ncluster=285/285] AUC-ROC=87.82%  AUC-PR=80.41%  F1=0.8874  MCC=0.7708  Train=0.216s  Test=2.139s  Peak RAM=37.154 MB
2026-03-18 03:28:20 | INFO | [ncluster=290/290] AUC-ROC=50.03%  AUC-PR=50.02%  F1=0.6668  MCC=0.0139  Train=0.131s  Test=1.700s  Peak RAM=37.158 MB
2026-03-18 03:28:20 | INFO | [ncluster=295/295] AUC-ROC=50.04%  AUC-PR=50.02%  F1=0.6668  MCC=0.0148  Train=0.124s  Test=1.803s  Peak RAM=37.16 MB
2026-03-18 03:28:20 | INFO | [ncluster=300/300] AUC-ROC=50.04%  AUC-PR=50.02%  F1=0.6667  MCC=0.0132  Train=0.106s  Test=1.567s  Peak RAM=37.159 MB
2026-03-18 03:28:20 | INFO | --- noise=1% ---
2026-03-18 03:28:20 | INFO | ============================================================
2026-03-18 03:28:20 | INFO | Dataset  : Train_MinMaxScaler_data_CICIoT2023.csv
2026-03-18 03:28:20 | INFO | Scaler   : MinMaxScaler
2026-03-18 03:28:20 | INFO | Noise    : 1%
2026-03-18 03:28:20 | INFO | nClusters: 51 values (50..300)
2026-03-18 03:28:20 | INFO | ============================================================
2026-03-18 03:28:20 | INFO | Loaded Raw Shape -> Train: (30000, 45), Test: (30000, 45)
2026-03-18 03:28:20 | INFO | Training size : 30,300  |  Testing size: 29,700  |  Features: 44
2026-03-18 03:28:20 | INFO | Firing up Parallel execution for 51 cluster configs...
2026-03-18 03:30:39 | INFO | [ncluster=50/50] AUC-ROC=50.00%  AUC-PR=50.51%  F1=0.0000  MCC=0.0000  Train=0.425s  Test=3.857s  Peak RAM=37.486 MB
2026-03-18 03:30:39 | INFO | [ncluster=55/55] AUC-ROC=50.00%  AUC-PR=50.51%  F1=0.0000  MCC=0.0000  Train=0.317s  Test=4.648s  Peak RAM=37.485 MB
2026-03-18 03:30:39 | INFO | [ncluster=60/60] AUC-ROC=50.00%  AUC-PR=50.51%  F1=0.0000  MCC=0.0000  Train=0.391s  Test=6.177s  Peak RAM=37.487 MB
2026-03-18 03:30:39 | INFO | [ncluster=65/65] AUC-ROC=50.00%  AUC-PR=50.51%  F1=0.0000  MCC=0.0000  Train=0.452s  Test=6.349s  Peak RAM=37.489 MB
2026-03-18 03:30:39 | INFO | [ncluster=70/70] AUC-ROC=50.00%  AUC-PR=50.51%  F1=0.0000  MCC=0.0000  Train=0.870s  Test=7.452s  Peak RAM=37.491 MB
2026-03-18 03:30:39 | INFO | [ncluster=75/75] AUC-ROC=50.00%  AUC-PR=50.51%  F1=0.0000  MCC=0.0000  Train=0.464s  Test=6.126s  Peak RAM=37.491 MB
2026-03-18 03:30:39 | INFO | [ncluster=80/80] AUC-ROC=50.00%  AUC-PR=50.51%  F1=0.0000  MCC=0.0000  Train=0.664s  Test=7.011s  Peak RAM=37.491 MB
2026-03-18 03:30:39 | INFO | [ncluster=85/85] AUC-ROC=50.00%  AUC-PR=50.51%  F1=0.0000  MCC=0.0000  Train=0.889s  Test=7.852s  Peak RAM=37.492 MB
2026-03-18 03:30:39 | INFO | [ncluster=90/90] AUC-ROC=50.00%  AUC-PR=50.51%  F1=0.0000  MCC=0.0000  Train=0.879s  Test=7.236s  Peak RAM=37.493 MB
2026-03-18 03:30:39 | INFO | [ncluster=95/95] AUC-ROC=50.00%  AUC-PR=50.51%  F1=0.0000  MCC=0.0000  Train=1.009s  Test=6.747s  Peak RAM=37.494 MB
2026-03-18 03:30:39 | INFO | [ncluster=100/100] AUC-ROC=50.00%  AUC-PR=50.51%  F1=0.0000  MCC=0.0000  Train=0.724s  Test=5.327s  Peak RAM=37.495 MB
2026-03-18 03:30:39 | INFO | [ncluster=105/105] AUC-ROC=50.00%  AUC-PR=50.51%  F1=0.0000  MCC=0.0000  Train=0.650s  Test=4.372s  Peak RAM=37.495 MB
2026-03-18 03:30:39 | INFO | [ncluster=110/110] AUC-ROC=50.00%  AUC-PR=50.51%  F1=0.0000  MCC=0.0000  Train=0.375s  Test=5.245s  Peak RAM=37.496 MB
2026-03-18 03:30:39 | INFO | [ncluster=115/115] AUC-ROC=50.00%  AUC-PR=50.51%  F1=0.0000  MCC=0.0000  Train=0.451s  Test=3.949s  Peak RAM=37.497 MB
2026-03-18 03:30:39 | INFO | [ncluster=120/120] AUC-ROC=50.00%  AUC-PR=50.51%  F1=0.0000  MCC=0.0000  Train=0.602s  Test=4.652s  Peak RAM=37.498 MB
2026-03-18 03:30:39 | INFO | [ncluster=125/125] AUC-ROC=50.00%  AUC-PR=50.51%  F1=0.0000  MCC=0.0000  Train=0.460s  Test=4.472s  Peak RAM=37.5 MB
2026-03-18 03:30:39 | INFO | [ncluster=130/130] AUC-ROC=50.00%  AUC-PR=50.51%  F1=0.0000  MCC=0.0000  Train=0.323s  Test=4.390s  Peak RAM=37.499 MB
2026-03-18 03:30:39 | INFO | [ncluster=135/135] AUC-ROC=50.00%  AUC-PR=50.51%  F1=0.0000  MCC=0.0000  Train=0.661s  Test=4.546s  Peak RAM=37.501 MB
2026-03-18 03:30:39 | INFO | [ncluster=140/140] AUC-ROC=50.00%  AUC-PR=50.51%  F1=0.0000  MCC=0.0000  Train=0.467s  Test=4.639s  Peak RAM=37.501 MB
2026-03-18 03:30:39 | INFO | [ncluster=145/145] AUC-ROC=50.00%  AUC-PR=50.51%  F1=0.0000  MCC=0.0000  Train=0.665s  Test=3.991s  Peak RAM=37.502 MB
2026-03-18 03:30:39 | INFO | [ncluster=150/150] AUC-ROC=50.00%  AUC-PR=50.51%  F1=0.0000  MCC=0.0000  Train=0.414s  Test=3.788s  Peak RAM=37.504 MB
2026-03-18 03:30:39 | INFO | [ncluster=155/155] AUC-ROC=50.00%  AUC-PR=50.51%  F1=0.0000  MCC=0.0000  Train=0.401s  Test=3.567s  Peak RAM=37.505 MB
2026-03-18 03:30:39 | INFO | [ncluster=160/160] AUC-ROC=65.81%  AUC-PR=60.02%  F1=0.7331  MCC=0.3718  Train=0.677s  Test=3.778s  Peak RAM=37.504 MB
2026-03-18 03:30:39 | INFO | [ncluster=165/165] AUC-ROC=72.50%  AUC-PR=65.17%  F1=0.7684  MCC=0.4766  Train=0.744s  Test=4.311s  Peak RAM=37.507 MB
2026-03-18 03:30:39 | INFO | [ncluster=170/170] AUC-ROC=71.61%  AUC-PR=64.45%  F1=0.7650  MCC=0.4673  Train=0.397s  Test=3.187s  Peak RAM=37.506 MB
2026-03-18 03:30:39 | INFO | [ncluster=175/175] AUC-ROC=72.22%  AUC-PR=65.46%  F1=0.7568  MCC=0.4508  Train=0.199s  Test=3.360s  Peak RAM=37.508 MB
2026-03-18 03:30:39 | INFO | [ncluster=180/180] AUC-ROC=66.15%  AUC-PR=60.32%  F1=0.7314  MCC=0.3676  Train=0.293s  Test=3.236s  Peak RAM=37.509 MB
2026-03-18 03:30:39 | INFO | [ncluster=185/185] AUC-ROC=69.37%  AUC-PR=62.59%  F1=0.7603  MCC=0.4565  Train=0.258s  Test=3.509s  Peak RAM=37.511 MB
2026-03-18 03:30:39 | INFO | [ncluster=190/190] AUC-ROC=69.18%  AUC-PR=62.66%  F1=0.7478  MCC=0.4187  Train=0.519s  Test=4.099s  Peak RAM=37.512 MB
2026-03-18 03:30:39 | INFO | [ncluster=195/195] AUC-ROC=79.35%  AUC-PR=71.26%  F1=0.8241  MCC=0.6195  Train=0.409s  Test=4.633s  Peak RAM=37.513 MB
2026-03-18 03:30:39 | INFO | [ncluster=200/200] AUC-ROC=76.69%  AUC-PR=68.76%  F1=0.8030  MCC=0.5693  Train=0.359s  Test=4.172s  Peak RAM=37.513 MB
2026-03-18 03:30:39 | INFO | [ncluster=205/205] AUC-ROC=68.23%  AUC-PR=61.70%  F1=0.7542  MCC=0.4407  Train=0.549s  Test=4.973s  Peak RAM=37.513 MB
2026-03-18 03:30:39 | INFO | [ncluster=210/210] AUC-ROC=62.68%  AUC-PR=57.77%  F1=0.7287  MCC=0.3638  Train=0.545s  Test=5.273s  Peak RAM=37.514 MB
2026-03-18 03:30:39 | INFO | [ncluster=215/215] AUC-ROC=65.71%  AUC-PR=60.10%  F1=0.7165  MCC=0.3307  Train=0.596s  Test=4.750s  Peak RAM=37.515 MB
2026-03-18 03:30:39 | INFO | [ncluster=220/220] AUC-ROC=73.55%  AUC-PR=66.14%  F1=0.7822  MCC=0.5149  Train=0.478s  Test=3.710s  Peak RAM=37.515 MB
2026-03-18 03:30:39 | INFO | [ncluster=225/225] AUC-ROC=50.00%  AUC-PR=50.51%  F1=0.0000  MCC=0.0000  Train=0.311s  Test=3.582s  Peak RAM=37.518 MB
2026-03-18 03:30:39 | INFO | [ncluster=230/230] AUC-ROC=70.21%  AUC-PR=63.98%  F1=0.7417  MCC=0.4126  Train=0.291s  Test=3.495s  Peak RAM=37.518 MB
2026-03-18 03:30:39 | INFO | [ncluster=235/235] AUC-ROC=50.00%  AUC-PR=50.51%  F1=0.0000  MCC=0.0000  Train=0.423s  Test=4.331s  Peak RAM=37.519 MB
2026-03-18 03:30:39 | INFO | [ncluster=240/240] AUC-ROC=50.04%  AUC-PR=50.52%  F1=0.6713  MCC=0.0176  Train=0.414s  Test=4.556s  Peak RAM=37.519 MB
2026-03-18 03:30:39 | INFO | [ncluster=245/245] AUC-ROC=50.04%  AUC-PR=50.52%  F1=0.6712  MCC=0.0136  Train=0.423s  Test=2.835s  Peak RAM=37.522 MB
2026-03-18 03:30:39 | INFO | [ncluster=250/250] AUC-ROC=50.00%  AUC-PR=50.51%  F1=0.0000  MCC=0.0000  Train=0.368s  Test=2.694s  Peak RAM=37.522 MB
2026-03-18 03:30:39 | INFO | [ncluster=255/255] AUC-ROC=66.24%  AUC-PR=60.57%  F1=0.7271  MCC=0.3585  Train=0.530s  Test=3.365s  Peak RAM=37.522 MB
2026-03-18 03:30:39 | INFO | [ncluster=260/260] AUC-ROC=75.91%  AUC-PR=68.37%  F1=0.7828  MCC=0.5171  Train=0.282s  Test=3.296s  Peak RAM=37.524 MB
2026-03-18 03:30:39 | INFO | [ncluster=265/265] AUC-ROC=50.04%  AUC-PR=50.52%  F1=0.6712  MCC=0.0151  Train=0.378s  Test=2.887s  Peak RAM=37.524 MB
2026-03-18 03:30:39 | INFO | [ncluster=270/270] AUC-ROC=66.49%  AUC-PR=60.45%  F1=0.7466  MCC=0.4176  Train=0.248s  Test=2.636s  Peak RAM=37.525 MB
2026-03-18 03:30:39 | INFO | [ncluster=275/275] AUC-ROC=52.00%  AUC-PR=51.52%  F1=0.6800  MCC=0.1424  Train=0.237s  Test=2.951s  Peak RAM=37.527 MB
2026-03-18 03:30:39 | INFO | [ncluster=280/280] AUC-ROC=50.00%  AUC-PR=50.51%  F1=0.0000  MCC=0.0000  Train=0.291s  Test=2.617s  Peak RAM=37.528 MB
2026-03-18 03:30:39 | INFO | [ncluster=285/285] AUC-ROC=77.23%  AUC-PR=69.60%  F1=0.7898  MCC=0.5357  Train=0.161s  Test=2.981s  Peak RAM=37.528 MB
2026-03-18 03:30:39 | INFO | [ncluster=290/290] AUC-ROC=50.04%  AUC-PR=50.52%  F1=0.6713  MCC=0.0158  Train=0.112s  Test=1.879s  Peak RAM=37.528 MB
2026-03-18 03:30:39 | INFO | [ncluster=295/295] AUC-ROC=66.09%  AUC-PR=60.13%  F1=0.7354  MCC=0.3791  Train=0.119s  Test=2.160s  Peak RAM=37.531 MB
2026-03-18 03:30:39 | INFO | [ncluster=300/300] AUC-ROC=50.04%  AUC-PR=50.52%  F1=0.6713  MCC=0.0158  Train=0.121s  Test=2.244s  Peak RAM=37.53 MB
2026-03-18 03:30:39 | INFO | --- noise=3% ---
2026-03-18 03:30:39 | INFO | ============================================================
2026-03-18 03:30:39 | INFO | Dataset  : Train_MinMaxScaler_data_CICIoT2023.csv
2026-03-18 03:30:39 | INFO | Scaler   : MinMaxScaler
2026-03-18 03:30:39 | INFO | Noise    : 3%
2026-03-18 03:30:39 | INFO | nClusters: 51 values (50..300)
2026-03-18 03:30:39 | INFO | ============================================================
2026-03-18 03:30:39 | INFO | Loaded Raw Shape -> Train: (30000, 45), Test: (30000, 45)
2026-03-18 03:30:39 | INFO | Training size : 30,900  |  Testing size: 29,100  |  Features: 44
2026-03-18 03:30:39 | INFO | Firing up Parallel execution for 51 cluster configs...
2026-03-18 03:33:00 | INFO | [ncluster=50/50] AUC-ROC=50.00%  AUC-PR=51.55%  F1=0.0000  MCC=0.0000  Train=0.314s  Test=3.790s  Peak RAM=38.228 MB
2026-03-18 03:33:00 | INFO | [ncluster=55/55] AUC-ROC=50.00%  AUC-PR=51.55%  F1=0.0000  MCC=0.0000  Train=0.389s  Test=5.208s  Peak RAM=38.23 MB
2026-03-18 03:33:00 | INFO | [ncluster=60/60] AUC-ROC=50.00%  AUC-PR=51.55%  F1=0.0000  MCC=0.0000  Train=0.447s  Test=6.059s  Peak RAM=38.23 MB
2026-03-18 03:33:00 | INFO | [ncluster=65/65] AUC-ROC=50.00%  AUC-PR=51.55%  F1=0.0000  MCC=0.0000  Train=0.650s  Test=6.047s  Peak RAM=38.23 MB
2026-03-18 03:33:00 | INFO | [ncluster=70/70] AUC-ROC=50.00%  AUC-PR=51.55%  F1=0.0000  MCC=0.0000  Train=0.602s  Test=6.971s  Peak RAM=38.232 MB
2026-03-18 03:33:00 | INFO | [ncluster=75/75] AUC-ROC=50.00%  AUC-PR=51.55%  F1=0.0000  MCC=0.0000  Train=0.739s  Test=7.170s  Peak RAM=38.232 MB
2026-03-18 03:33:00 | INFO | [ncluster=80/80] AUC-ROC=50.00%  AUC-PR=51.55%  F1=0.0000  MCC=0.0000  Train=1.013s  Test=7.243s  Peak RAM=38.232 MB
2026-03-18 03:33:00 | INFO | [ncluster=85/85] AUC-ROC=55.25%  AUC-PR=54.15%  F1=0.7047  MCC=0.2349  Train=1.074s  Test=7.823s  Peak RAM=38.232 MB
2026-03-18 03:33:00 | INFO | [ncluster=90/90] AUC-ROC=61.35%  AUC-PR=57.97%  F1=0.7297  MCC=0.3400  Train=0.739s  Test=6.705s  Peak RAM=38.235 MB
2026-03-18 03:33:00 | INFO | [ncluster=95/95] AUC-ROC=62.78%  AUC-PR=58.88%  F1=0.7323  MCC=0.3460  Train=0.858s  Test=6.337s  Peak RAM=38.232 MB
2026-03-18 03:33:00 | INFO | [ncluster=100/100] AUC-ROC=62.97%  AUC-PR=59.06%  F1=0.7279  MCC=0.3296  Train=0.956s  Test=6.324s  Peak RAM=38.237 MB
2026-03-18 03:33:00 | INFO | [ncluster=105/105] AUC-ROC=50.00%  AUC-PR=51.55%  F1=0.0000  MCC=0.0000  Train=1.135s  Test=5.543s  Peak RAM=38.237 MB
2026-03-18 03:33:00 | INFO | [ncluster=110/110] AUC-ROC=50.00%  AUC-PR=51.55%  F1=0.0000  MCC=0.0000  Train=0.234s  Test=3.793s  Peak RAM=38.236 MB
2026-03-18 03:33:00 | INFO | [ncluster=115/115] AUC-ROC=50.00%  AUC-PR=51.55%  F1=0.0000  MCC=0.0000  Train=0.343s  Test=3.605s  Peak RAM=38.239 MB
2026-03-18 03:33:00 | INFO | [ncluster=120/120] AUC-ROC=50.00%  AUC-PR=51.55%  F1=0.0000  MCC=0.0000  Train=0.653s  Test=3.497s  Peak RAM=38.243 MB
2026-03-18 03:33:00 | INFO | [ncluster=125/125] AUC-ROC=50.00%  AUC-PR=51.55%  F1=0.0000  MCC=0.0000  Train=0.466s  Test=3.354s  Peak RAM=38.238 MB
2026-03-18 03:33:00 | INFO | [ncluster=130/130] AUC-ROC=72.59%  AUC-PR=66.72%  F1=0.7523  MCC=0.4328  Train=0.354s  Test=4.440s  Peak RAM=38.239 MB
2026-03-18 03:33:00 | INFO | [ncluster=135/135] AUC-ROC=58.93%  AUC-PR=56.49%  F1=0.7137  MCC=0.2732  Train=0.502s  Test=5.555s  Peak RAM=38.244 MB
2026-03-18 03:33:00 | INFO | [ncluster=140/140] AUC-ROC=66.08%  AUC-PR=61.16%  F1=0.7467  MCC=0.3942  Train=0.340s  Test=4.955s  Peak RAM=38.24 MB
2026-03-18 03:33:00 | INFO | [ncluster=145/145] AUC-ROC=50.00%  AUC-PR=51.55%  F1=0.0000  MCC=0.0000  Train=0.784s  Test=4.662s  Peak RAM=38.245 MB
2026-03-18 03:33:00 | INFO | [ncluster=150/150] AUC-ROC=60.95%  AUC-PR=57.74%  F1=0.7234  MCC=0.3128  Train=0.637s  Test=4.983s  Peak RAM=38.244 MB
2026-03-18 03:33:00 | INFO | [ncluster=155/155] AUC-ROC=62.71%  AUC-PR=58.88%  F1=0.7290  MCC=0.3332  Train=0.623s  Test=5.621s  Peak RAM=38.244 MB
2026-03-18 03:33:00 | INFO | [ncluster=160/160] AUC-ROC=67.05%  AUC-PR=62.05%  F1=0.7296  MCC=0.3528  Train=0.418s  Test=4.982s  Peak RAM=38.247 MB
2026-03-18 03:33:00 | INFO | [ncluster=165/165] AUC-ROC=69.45%  AUC-PR=63.67%  F1=0.7687  MCC=0.4624  Train=0.573s  Test=4.838s  Peak RAM=38.248 MB
2026-03-18 03:33:00 | INFO | [ncluster=170/170] AUC-ROC=66.07%  AUC-PR=61.23%  F1=0.7453  MCC=0.3894  Train=0.300s  Test=3.378s  Peak RAM=38.251 MB
2026-03-18 03:33:00 | INFO | [ncluster=175/175] AUC-ROC=50.00%  AUC-PR=51.55%  F1=0.0000  MCC=0.0000  Train=0.410s  Test=3.724s  Peak RAM=38.249 MB
2026-03-18 03:33:00 | INFO | [ncluster=180/180] AUC-ROC=50.00%  AUC-PR=51.55%  F1=0.0000  MCC=0.0000  Train=0.296s  Test=3.737s  Peak RAM=38.251 MB
2026-03-18 03:33:00 | INFO | [ncluster=185/185] AUC-ROC=66.88%  AUC-PR=61.82%  F1=0.7428  MCC=0.3831  Train=0.480s  Test=3.353s  Peak RAM=38.253 MB
2026-03-18 03:33:00 | INFO | [ncluster=190/190] AUC-ROC=59.65%  AUC-PR=56.78%  F1=0.7155  MCC=0.2859  Train=0.313s  Test=4.974s  Peak RAM=38.251 MB
2026-03-18 03:33:00 | INFO | [ncluster=195/195] AUC-ROC=65.75%  AUC-PR=61.00%  F1=0.7413  MCC=0.3764  Train=0.430s  Test=4.732s  Peak RAM=38.254 MB
2026-03-18 03:33:00 | INFO | [ncluster=200/200] AUC-ROC=66.68%  AUC-PR=61.78%  F1=0.7418  MCC=0.3796  Train=0.477s  Test=5.598s  Peak RAM=38.256 MB
2026-03-18 03:33:00 | INFO | [ncluster=205/205] AUC-ROC=60.93%  AUC-PR=57.79%  F1=0.7160  MCC=0.2862  Train=0.683s  Test=6.360s  Peak RAM=38.257 MB
2026-03-18 03:33:00 | INFO | [ncluster=210/210] AUC-ROC=54.11%  AUC-PR=53.33%  F1=0.7003  MCC=0.2266  Train=0.699s  Test=5.250s  Peak RAM=38.255 MB
2026-03-18 03:33:00 | INFO | [ncluster=215/215] AUC-ROC=66.00%  AUC-PR=61.19%  F1=0.7421  MCC=0.3793  Train=0.746s  Test=4.392s  Peak RAM=38.257 MB
2026-03-18 03:33:00 | INFO | [ncluster=220/220] AUC-ROC=71.61%  AUC-PR=65.75%  F1=0.7679  MCC=0.4610  Train=0.490s  Test=3.293s  Peak RAM=38.258 MB
2026-03-18 03:33:00 | INFO | [ncluster=225/225] AUC-ROC=63.03%  AUC-PR=59.13%  F1=0.7293  MCC=0.3350  Train=0.330s  Test=3.409s  Peak RAM=38.258 MB
2026-03-18 03:33:00 | INFO | [ncluster=230/230] AUC-ROC=63.14%  AUC-PR=59.22%  F1=0.7304  MCC=0.3386  Train=0.347s  Test=3.800s  Peak RAM=38.26 MB
2026-03-18 03:33:00 | INFO | [ncluster=235/235] AUC-ROC=63.22%  AUC-PR=59.29%  F1=0.7334  MCC=0.3493  Train=0.442s  Test=4.575s  Peak RAM=38.261 MB
2026-03-18 03:33:00 | INFO | [ncluster=240/240] AUC-ROC=62.78%  AUC-PR=58.97%  F1=0.7257  MCC=0.3226  Train=0.667s  Test=4.085s  Peak RAM=38.262 MB
2026-03-18 03:33:00 | INFO | [ncluster=245/245] AUC-ROC=70.91%  AUC-PR=65.07%  F1=0.7664  MCC=0.4553  Train=0.526s  Test=4.395s  Peak RAM=38.263 MB
2026-03-18 03:33:00 | INFO | [ncluster=250/250] AUC-ROC=70.06%  AUC-PR=64.62%  F1=0.7555  MCC=0.4275  Train=0.354s  Test=3.999s  Peak RAM=38.263 MB
2026-03-18 03:33:00 | INFO | [ncluster=255/255] AUC-ROC=58.67%  AUC-PR=56.01%  F1=0.7091  MCC=0.2670  Train=0.352s  Test=3.806s  Peak RAM=38.266 MB
2026-03-18 03:33:00 | INFO | [ncluster=260/260] AUC-ROC=69.86%  AUC-PR=64.14%  F1=0.7641  MCC=0.4477  Train=0.300s  Test=3.320s  Peak RAM=38.266 MB
2026-03-18 03:33:00 | INFO | [ncluster=265/265] AUC-ROC=59.60%  AUC-PR=56.87%  F1=0.7200  MCC=0.2993  Train=0.405s  Test=3.489s  Peak RAM=38.266 MB
2026-03-18 03:33:00 | INFO | [ncluster=270/270] AUC-ROC=82.31%  AUC-PR=77.44%  F1=0.7975  MCC=0.5559  Train=0.304s  Test=3.911s  Peak RAM=38.267 MB
2026-03-18 03:33:00 | INFO | [ncluster=275/275] AUC-ROC=68.80%  AUC-PR=63.40%  F1=0.7485  MCC=0.4044  Train=0.394s  Test=3.414s  Peak RAM=38.268 MB
2026-03-18 03:33:00 | INFO | [ncluster=280/280] AUC-ROC=63.59%  AUC-PR=59.44%  F1=0.7368  MCC=0.3615  Train=0.316s  Test=3.446s  Peak RAM=38.268 MB
2026-03-18 03:33:00 | INFO | [ncluster=285/285] AUC-ROC=60.42%  AUC-PR=57.44%  F1=0.7085  MCC=0.2613  Train=0.160s  Test=2.439s  Peak RAM=38.269 MB
2026-03-18 03:33:00 | INFO | [ncluster=290/290] AUC-ROC=50.04%  AUC-PR=51.56%  F1=0.6803  MCC=0.0134  Train=0.141s  Test=2.455s  Peak RAM=38.271 MB
2026-03-18 03:33:00 | INFO | [ncluster=295/295] AUC-ROC=53.04%  AUC-PR=53.11%  F1=0.6937  MCC=0.1790  Train=0.222s  Test=2.348s  Peak RAM=38.271 MB
2026-03-18 03:33:00 | INFO | [ncluster=300/300] AUC-ROC=61.01%  AUC-PR=57.76%  F1=0.7206  MCC=0.3018  Train=0.123s  Test=2.582s  Peak RAM=38.272 MB
2026-03-18 03:33:00 | INFO | --- noise=5% ---
2026-03-18 03:33:00 | INFO | ============================================================
2026-03-18 03:33:00 | INFO | Dataset  : Train_MinMaxScaler_data_CICIoT2023.csv
2026-03-18 03:33:00 | INFO | Scaler   : MinMaxScaler
2026-03-18 03:33:00 | INFO | Noise    : 5%
2026-03-18 03:33:00 | INFO | nClusters: 51 values (50..300)
2026-03-18 03:33:00 | INFO | ============================================================
2026-03-18 03:33:00 | INFO | Loaded Raw Shape -> Train: (30000, 45), Test: (30000, 45)
2026-03-18 03:33:00 | INFO | Training size : 31,500  |  Testing size: 28,500  |  Features: 44
2026-03-18 03:33:00 | INFO | Firing up Parallel execution for 51 cluster configs...
2026-03-18 03:35:26 | INFO | [ncluster=50/50] AUC-ROC=50.00%  AUC-PR=52.63%  F1=0.0000  MCC=0.0000  Train=0.509s  Test=5.052s  Peak RAM=38.97 MB
2026-03-18 03:35:26 | INFO | [ncluster=55/55] AUC-ROC=50.00%  AUC-PR=52.63%  F1=0.0000  MCC=0.0000  Train=0.531s  Test=5.238s  Peak RAM=38.972 MB
2026-03-18 03:35:26 | INFO | [ncluster=60/60] AUC-ROC=50.00%  AUC-PR=52.63%  F1=0.0000  MCC=0.0000  Train=0.493s  Test=7.773s  Peak RAM=38.97 MB
2026-03-18 03:35:26 | INFO | [ncluster=65/65] AUC-ROC=50.00%  AUC-PR=52.63%  F1=0.0000  MCC=0.0000  Train=0.570s  Test=5.739s  Peak RAM=38.972 MB
2026-03-18 03:35:26 | INFO | [ncluster=70/70] AUC-ROC=50.00%  AUC-PR=52.63%  F1=0.0000  MCC=0.0000  Train=0.725s  Test=8.957s  Peak RAM=38.972 MB
2026-03-18 03:35:26 | INFO | [ncluster=75/75] AUC-ROC=57.92%  AUC-PR=56.91%  F1=0.7215  MCC=0.2747  Train=1.197s  Test=8.773s  Peak RAM=38.974 MB
2026-03-18 03:35:26 | INFO | [ncluster=80/80] AUC-ROC=52.70%  AUC-PR=53.71%  F1=0.6914  MCC=0.1610  Train=1.105s  Test=8.748s  Peak RAM=38.973 MB
2026-03-18 03:35:26 | INFO | [ncluster=85/85] AUC-ROC=65.39%  AUC-PR=61.73%  F1=0.7502  MCC=0.3827  Train=1.332s  Test=8.276s  Peak RAM=38.976 MB
2026-03-18 03:35:26 | INFO | [ncluster=90/90] AUC-ROC=62.08%  AUC-PR=59.63%  F1=0.7250  MCC=0.2969  Train=0.669s  Test=7.516s  Peak RAM=38.975 MB
2026-03-18 03:35:26 | INFO | [ncluster=95/95] AUC-ROC=50.00%  AUC-PR=52.63%  F1=0.0000  MCC=0.0000  Train=0.886s  Test=6.902s  Peak RAM=38.977 MB
2026-03-18 03:35:26 | INFO | [ncluster=100/100] AUC-ROC=50.00%  AUC-PR=52.63%  F1=0.0000  MCC=0.0000  Train=1.261s  Test=5.104s  Peak RAM=38.978 MB
2026-03-18 03:35:26 | INFO | [ncluster=105/105] AUC-ROC=64.61%  AUC-PR=61.41%  F1=0.7336  MCC=0.3340  Train=0.880s  Test=6.312s  Peak RAM=38.979 MB
2026-03-18 03:35:26 | INFO | [ncluster=110/110] AUC-ROC=59.03%  AUC-PR=57.39%  F1=0.7235  MCC=0.2909  Train=0.372s  Test=4.676s  Peak RAM=38.98 MB
2026-03-18 03:35:26 | INFO | [ncluster=115/115] AUC-ROC=63.30%  AUC-PR=60.31%  F1=0.7456  MCC=0.3685  Train=0.393s  Test=5.825s  Peak RAM=38.983 MB
2026-03-18 03:35:26 | INFO | [ncluster=120/120] AUC-ROC=58.49%  AUC-PR=57.27%  F1=0.7207  MCC=0.2684  Train=0.554s  Test=4.955s  Peak RAM=38.982 MB
2026-03-18 03:35:26 | INFO | [ncluster=125/125] AUC-ROC=59.21%  AUC-PR=57.68%  F1=0.7280  MCC=0.3003  Train=0.850s  Test=5.343s  Peak RAM=38.981 MB
2026-03-18 03:35:26 | INFO | [ncluster=130/130] AUC-ROC=50.00%  AUC-PR=52.63%  F1=0.0000  MCC=0.0000  Train=0.363s  Test=4.659s  Peak RAM=38.984 MB
2026-03-18 03:35:26 | INFO | [ncluster=135/135] AUC-ROC=61.91%  AUC-PR=59.38%  F1=0.7305  MCC=0.3112  Train=0.582s  Test=5.071s  Peak RAM=38.985 MB
2026-03-18 03:35:26 | INFO | [ncluster=140/140] AUC-ROC=65.15%  AUC-PR=61.61%  F1=0.7501  MCC=0.3823  Train=0.795s  Test=5.130s  Peak RAM=38.985 MB
2026-03-18 03:35:26 | INFO | [ncluster=145/145] AUC-ROC=60.95%  AUC-PR=58.82%  F1=0.7237  MCC=0.2860  Train=0.523s  Test=6.484s  Peak RAM=38.986 MB
2026-03-18 03:35:26 | INFO | [ncluster=150/150] AUC-ROC=58.89%  AUC-PR=57.51%  F1=0.7213  MCC=0.2712  Train=0.556s  Test=5.747s  Peak RAM=38.987 MB
2026-03-18 03:35:26 | INFO | [ncluster=155/155] AUC-ROC=62.58%  AUC-PR=59.85%  F1=0.7346  MCC=0.3269  Train=0.771s  Test=5.067s  Peak RAM=38.988 MB
2026-03-18 03:35:26 | INFO | [ncluster=160/160] AUC-ROC=64.24%  AUC-PR=61.04%  F1=0.7370  MCC=0.3397  Train=0.712s  Test=5.247s  Peak RAM=38.988 MB
2026-03-18 03:35:26 | INFO | [ncluster=165/165] AUC-ROC=50.00%  AUC-PR=52.63%  F1=0.0000  MCC=0.0000  Train=0.465s  Test=3.463s  Peak RAM=38.99 MB
2026-03-18 03:35:26 | INFO | [ncluster=170/170] AUC-ROC=55.85%  AUC-PR=55.74%  F1=0.7105  MCC=0.2183  Train=0.341s  Test=6.522s  Peak RAM=38.991 MB
2026-03-18 03:35:26 | INFO | [ncluster=175/175] AUC-ROC=57.26%  AUC-PR=56.57%  F1=0.7034  MCC=0.2117  Train=0.611s  Test=6.256s  Peak RAM=38.992 MB
2026-03-18 03:35:26 | INFO | [ncluster=180/180] AUC-ROC=50.00%  AUC-PR=52.63%  F1=0.0000  MCC=0.0000  Train=0.571s  Test=5.190s  Peak RAM=38.989 MB
2026-03-18 03:35:26 | INFO | [ncluster=185/185] AUC-ROC=53.90%  AUC-PR=54.66%  F1=0.7027  MCC=0.1719  Train=0.380s  Test=3.703s  Peak RAM=38.993 MB
2026-03-18 03:35:26 | INFO | [ncluster=190/190] AUC-ROC=50.00%  AUC-PR=52.63%  F1=0.0000  MCC=0.0000  Train=0.363s  Test=4.191s  Peak RAM=38.991 MB
2026-03-18 03:35:26 | INFO | [ncluster=195/195] AUC-ROC=50.00%  AUC-PR=52.63%  F1=0.0000  MCC=0.0000  Train=0.317s  Test=3.992s  Peak RAM=38.996 MB
2026-03-18 03:35:26 | INFO | [ncluster=200/200] AUC-ROC=61.02%  AUC-PR=58.82%  F1=0.7331  MCC=0.3207  Train=0.491s  Test=4.342s  Peak RAM=38.997 MB
2026-03-18 03:35:26 | INFO | [ncluster=205/205] AUC-ROC=59.47%  AUC-PR=57.91%  F1=0.7198  MCC=0.2683  Train=0.481s  Test=4.688s  Peak RAM=38.994 MB
2026-03-18 03:35:26 | INFO | [ncluster=210/210] AUC-ROC=50.00%  AUC-PR=52.63%  F1=0.0000  MCC=0.0000  Train=0.555s  Test=4.225s  Peak RAM=38.995 MB
2026-03-18 03:35:26 | INFO | [ncluster=215/215] AUC-ROC=58.67%  AUC-PR=57.18%  F1=0.7205  MCC=0.2785  Train=0.503s  Test=4.496s  Peak RAM=38.997 MB
2026-03-18 03:35:26 | INFO | [ncluster=220/220] AUC-ROC=50.00%  AUC-PR=52.63%  F1=0.0000  MCC=0.0000  Train=0.440s  Test=3.979s  Peak RAM=38.999 MB
2026-03-18 03:35:26 | INFO | [ncluster=225/225] AUC-ROC=50.00%  AUC-PR=52.63%  F1=0.0000  MCC=0.0000  Train=0.285s  Test=3.854s  Peak RAM=38.999 MB
2026-03-18 03:35:26 | INFO | [ncluster=230/230] AUC-ROC=64.46%  AUC-PR=61.09%  F1=0.7483  MCC=0.3766  Train=0.493s  Test=4.360s  Peak RAM=39.001 MB
2026-03-18 03:35:26 | INFO | [ncluster=235/235] AUC-ROC=50.00%  AUC-PR=52.63%  F1=0.0000  MCC=0.0000  Train=0.363s  Test=4.002s  Peak RAM=39.001 MB
2026-03-18 03:35:26 | INFO | [ncluster=240/240] AUC-ROC=50.00%  AUC-PR=52.63%  F1=0.0000  MCC=0.0000  Train=0.567s  Test=3.692s  Peak RAM=39.001 MB
2026-03-18 03:35:26 | INFO | [ncluster=245/245] AUC-ROC=63.50%  AUC-PR=60.46%  F1=0.7459  MCC=0.3690  Train=0.262s  Test=3.768s  Peak RAM=39.001 MB
2026-03-18 03:35:26 | INFO | [ncluster=250/250] AUC-ROC=50.00%  AUC-PR=52.63%  F1=0.0000  MCC=0.0000  Train=0.301s  Test=3.138s  Peak RAM=39.006 MB
2026-03-18 03:35:26 | INFO | [ncluster=255/255] AUC-ROC=63.88%  AUC-PR=60.75%  F1=0.7358  MCC=0.3344  Train=0.343s  Test=4.147s  Peak RAM=39.003 MB
2026-03-18 03:35:26 | INFO | [ncluster=260/260] AUC-ROC=50.00%  AUC-PR=52.63%  F1=0.0000  MCC=0.0000  Train=0.391s  Test=3.982s  Peak RAM=39.008 MB
2026-03-18 03:35:26 | INFO | [ncluster=265/265] AUC-ROC=55.73%  AUC-PR=55.75%  F1=0.7018  MCC=0.1828  Train=0.477s  Test=4.901s  Peak RAM=39.006 MB
2026-03-18 03:35:26 | INFO | [ncluster=270/270] AUC-ROC=50.00%  AUC-PR=52.63%  F1=0.0000  MCC=0.0000  Train=0.429s  Test=3.532s  Peak RAM=39.009 MB
2026-03-18 03:35:26 | INFO | [ncluster=275/275] AUC-ROC=50.04%  AUC-PR=52.65%  F1=0.6898  MCC=0.0170  Train=0.444s  Test=2.795s  Peak RAM=39.008 MB
2026-03-18 03:35:26 | INFO | [ncluster=280/280] AUC-ROC=50.00%  AUC-PR=52.63%  F1=0.0000  MCC=0.0000  Train=0.207s  Test=2.260s  Peak RAM=39.011 MB
2026-03-18 03:35:26 | INFO | [ncluster=285/285] AUC-ROC=63.62%  AUC-PR=60.51%  F1=0.7447  MCC=0.3639  Train=0.179s  Test=2.295s  Peak RAM=39.011 MB
2026-03-18 03:35:26 | INFO | [ncluster=290/290] AUC-ROC=50.04%  AUC-PR=52.65%  F1=0.6897  MCC=0.0147  Train=0.280s  Test=2.351s  Peak RAM=39.012 MB
2026-03-18 03:35:26 | INFO | [ncluster=295/295] AUC-ROC=61.68%  AUC-PR=59.24%  F1=0.7346  MCC=0.3260  Train=0.157s  Test=2.159s  Peak RAM=39.013 MB
2026-03-18 03:35:26 | INFO | [ncluster=300/300] AUC-ROC=50.00%  AUC-PR=52.63%  F1=0.0000  MCC=0.0000  Train=0.182s  Test=2.020s  Peak RAM=39.014 MB
2026-03-18 03:35:26 | INFO | 
>>> Processing data_CICIoT2023 | scaler=Normalizer
2026-03-18 03:35:26 | INFO | --- noise=0% ---
2026-03-18 03:35:26 | INFO | ============================================================
2026-03-18 03:35:26 | INFO | Dataset  : Train_Normalizer_data_CICIoT2023.csv
2026-03-18 03:35:26 | INFO | Scaler   : Normalizer
2026-03-18 03:35:26 | INFO | Noise    : 0%
2026-03-18 03:35:26 | INFO | nClusters: 51 values (50..300)
2026-03-18 03:35:26 | INFO | ============================================================
2026-03-18 03:35:26 | INFO | Loaded Raw Shape -> Train: (30000, 45), Test: (30000, 45)
2026-03-18 03:35:26 | INFO | Training size : 30,000  |  Testing size: 30,000  |  Features: 44
2026-03-18 03:35:26 | INFO | Firing up Parallel execution for 51 cluster configs...
2026-03-18 03:37:43 | INFO | [ncluster=50/50] AUC-ROC=50.00%  AUC-PR=50.00%  F1=0.0000  MCC=0.0000  Train=0.326s  Test=4.819s  Peak RAM=37.114 MB
2026-03-18 03:37:43 | INFO | [ncluster=55/55] AUC-ROC=50.00%  AUC-PR=50.00%  F1=0.0000  MCC=0.0000  Train=0.481s  Test=6.258s  Peak RAM=37.117 MB
2026-03-18 03:37:43 | INFO | [ncluster=60/60] AUC-ROC=50.00%  AUC-PR=50.00%  F1=0.0000  MCC=0.0000  Train=0.463s  Test=6.628s  Peak RAM=37.117 MB
2026-03-18 03:37:43 | INFO | [ncluster=65/65] AUC-ROC=50.00%  AUC-PR=50.00%  F1=0.0000  MCC=0.0000  Train=0.650s  Test=6.402s  Peak RAM=37.118 MB
2026-03-18 03:37:43 | INFO | [ncluster=70/70] AUC-ROC=50.00%  AUC-PR=50.00%  F1=0.0000  MCC=0.0000  Train=0.993s  Test=6.489s  Peak RAM=37.117 MB
2026-03-18 03:37:43 | INFO | [ncluster=75/75] AUC-ROC=50.00%  AUC-PR=50.00%  F1=0.0000  MCC=0.0000  Train=0.704s  Test=7.241s  Peak RAM=37.12 MB
2026-03-18 03:37:43 | INFO | [ncluster=80/80] AUC-ROC=50.00%  AUC-PR=50.00%  F1=0.0000  MCC=0.0000  Train=0.678s  Test=7.687s  Peak RAM=37.119 MB
2026-03-18 03:37:43 | INFO | [ncluster=85/85] AUC-ROC=50.00%  AUC-PR=50.00%  F1=0.0000  MCC=0.0000  Train=1.457s  Test=7.529s  Peak RAM=37.122 MB
2026-03-18 03:37:43 | INFO | [ncluster=90/90] AUC-ROC=50.00%  AUC-PR=50.00%  F1=0.0000  MCC=0.0000  Train=0.857s  Test=6.290s  Peak RAM=37.121 MB
2026-03-18 03:37:43 | INFO | [ncluster=95/95] AUC-ROC=50.00%  AUC-PR=50.00%  F1=0.0000  MCC=0.0000  Train=1.145s  Test=5.937s  Peak RAM=37.123 MB
2026-03-18 03:37:43 | INFO | [ncluster=100/100] AUC-ROC=50.00%  AUC-PR=50.00%  F1=0.0000  MCC=0.0000  Train=0.880s  Test=6.162s  Peak RAM=37.124 MB
2026-03-18 03:37:43 | INFO | [ncluster=105/105] AUC-ROC=50.00%  AUC-PR=50.00%  F1=0.0000  MCC=0.0000  Train=0.879s  Test=5.059s  Peak RAM=37.124 MB
2026-03-18 03:37:43 | INFO | [ncluster=110/110] AUC-ROC=50.00%  AUC-PR=50.00%  F1=0.0000  MCC=0.0000  Train=0.259s  Test=3.478s  Peak RAM=37.124 MB
2026-03-18 03:37:43 | INFO | [ncluster=115/115] AUC-ROC=50.00%  AUC-PR=50.00%  F1=0.0000  MCC=0.0000  Train=0.286s  Test=3.363s  Peak RAM=37.128 MB
2026-03-18 03:37:43 | INFO | [ncluster=120/120] AUC-ROC=50.00%  AUC-PR=50.00%  F1=0.0000  MCC=0.0000  Train=0.268s  Test=4.575s  Peak RAM=37.128 MB
2026-03-18 03:37:43 | INFO | [ncluster=125/125] AUC-ROC=50.00%  AUC-PR=50.00%  F1=0.0000  MCC=0.0000  Train=0.375s  Test=3.721s  Peak RAM=37.128 MB
2026-03-18 03:37:43 | INFO | [ncluster=130/130] AUC-ROC=50.00%  AUC-PR=50.00%  F1=0.0000  MCC=0.0000  Train=0.499s  Test=4.531s  Peak RAM=37.129 MB
2026-03-18 03:37:43 | INFO | [ncluster=135/135] AUC-ROC=50.00%  AUC-PR=50.00%  F1=0.0000  MCC=0.0000  Train=0.289s  Test=4.980s  Peak RAM=37.131 MB
2026-03-18 03:37:43 | INFO | [ncluster=140/140] AUC-ROC=50.00%  AUC-PR=50.00%  F1=0.0000  MCC=0.0000  Train=0.894s  Test=5.023s  Peak RAM=37.13 MB
2026-03-18 03:37:43 | INFO | [ncluster=145/145] AUC-ROC=50.00%  AUC-PR=50.00%  F1=0.0000  MCC=0.0000  Train=0.690s  Test=4.330s  Peak RAM=37.132 MB
2026-03-18 03:37:43 | INFO | [ncluster=150/150] AUC-ROC=50.00%  AUC-PR=50.00%  F1=0.0000  MCC=0.0000  Train=0.528s  Test=3.902s  Peak RAM=37.134 MB
2026-03-18 03:37:43 | INFO | [ncluster=155/155] AUC-ROC=50.00%  AUC-PR=50.00%  F1=0.0000  MCC=0.0000  Train=0.356s  Test=4.518s  Peak RAM=37.133 MB
2026-03-18 03:37:43 | INFO | [ncluster=160/160] AUC-ROC=50.00%  AUC-PR=50.00%  F1=0.0000  MCC=0.0000  Train=0.492s  Test=4.220s  Peak RAM=37.134 MB
2026-03-18 03:37:43 | INFO | [ncluster=165/165] AUC-ROC=50.00%  AUC-PR=50.00%  F1=0.0000  MCC=0.0000  Train=0.594s  Test=3.588s  Peak RAM=37.136 MB
2026-03-18 03:37:43 | INFO | [ncluster=170/170] AUC-ROC=50.00%  AUC-PR=50.00%  F1=0.0000  MCC=0.0000  Train=0.457s  Test=3.760s  Peak RAM=37.136 MB
2026-03-18 03:37:43 | INFO | [ncluster=175/175] AUC-ROC=50.00%  AUC-PR=50.00%  F1=0.0000  MCC=0.0000  Train=0.292s  Test=3.025s  Peak RAM=37.137 MB
2026-03-18 03:37:43 | INFO | [ncluster=180/180] AUC-ROC=50.00%  AUC-PR=50.00%  F1=0.0000  MCC=0.0000  Train=0.270s  Test=3.189s  Peak RAM=37.139 MB
2026-03-18 03:37:43 | INFO | [ncluster=185/185] AUC-ROC=50.00%  AUC-PR=50.00%  F1=0.0000  MCC=0.0000  Train=0.378s  Test=2.978s  Peak RAM=37.141 MB
2026-03-18 03:37:43 | INFO | [ncluster=190/190] AUC-ROC=50.00%  AUC-PR=50.00%  F1=0.0000  MCC=0.0000  Train=0.296s  Test=3.078s  Peak RAM=37.142 MB
2026-03-18 03:37:43 | INFO | [ncluster=195/195] AUC-ROC=50.00%  AUC-PR=50.00%  F1=0.0000  MCC=0.0000  Train=0.313s  Test=4.180s  Peak RAM=37.14 MB
2026-03-18 03:37:43 | INFO | [ncluster=200/200] AUC-ROC=50.00%  AUC-PR=50.00%  F1=0.0000  MCC=0.0000  Train=0.448s  Test=4.295s  Peak RAM=37.142 MB
2026-03-18 03:37:43 | INFO | [ncluster=205/205] AUC-ROC=50.00%  AUC-PR=50.00%  F1=0.0000  MCC=0.0000  Train=0.559s  Test=3.704s  Peak RAM=37.143 MB
2026-03-18 03:37:43 | INFO | [ncluster=210/210] AUC-ROC=50.00%  AUC-PR=50.00%  F1=0.0000  MCC=0.0000  Train=0.286s  Test=3.208s  Peak RAM=37.144 MB
2026-03-18 03:37:43 | INFO | [ncluster=215/215] AUC-ROC=50.00%  AUC-PR=50.00%  F1=0.0000  MCC=0.0000  Train=0.416s  Test=4.161s  Peak RAM=37.145 MB
2026-03-18 03:37:43 | INFO | [ncluster=220/220] AUC-ROC=50.00%  AUC-PR=50.00%  F1=0.0000  MCC=0.0000  Train=0.553s  Test=4.430s  Peak RAM=37.145 MB
2026-03-18 03:37:43 | INFO | [ncluster=225/225] AUC-ROC=50.00%  AUC-PR=50.00%  F1=0.0000  MCC=0.0000  Train=0.316s  Test=4.106s  Peak RAM=37.147 MB
2026-03-18 03:37:43 | INFO | [ncluster=230/230] AUC-ROC=50.00%  AUC-PR=50.00%  F1=0.0000  MCC=0.0000  Train=0.295s  Test=3.477s  Peak RAM=37.147 MB
2026-03-18 03:37:43 | INFO | [ncluster=235/235] AUC-ROC=50.00%  AUC-PR=50.00%  F1=0.0000  MCC=0.0000  Train=0.492s  Test=3.847s  Peak RAM=37.148 MB
2026-03-18 03:37:43 | INFO | [ncluster=240/240] AUC-ROC=50.00%  AUC-PR=50.00%  F1=0.0000  MCC=0.0000  Train=0.476s  Test=4.229s  Peak RAM=37.149 MB
2026-03-18 03:37:43 | INFO | [ncluster=245/245] AUC-ROC=50.00%  AUC-PR=50.00%  F1=0.0000  MCC=0.0000  Train=0.304s  Test=3.477s  Peak RAM=37.152 MB
2026-03-18 03:37:43 | INFO | [ncluster=250/250] AUC-ROC=50.00%  AUC-PR=50.00%  F1=0.0000  MCC=0.0000  Train=0.232s  Test=2.940s  Peak RAM=37.153 MB
2026-03-18 03:37:43 | INFO | [ncluster=255/255] AUC-ROC=50.00%  AUC-PR=50.00%  F1=0.0000  MCC=0.0000  Train=0.257s  Test=3.996s  Peak RAM=37.151 MB
2026-03-18 03:37:43 | INFO | [ncluster=260/260] AUC-ROC=50.00%  AUC-PR=50.00%  F1=0.0000  MCC=0.0000  Train=0.200s  Test=4.459s  Peak RAM=37.152 MB
2026-03-18 03:37:43 | INFO | [ncluster=265/265] AUC-ROC=50.00%  AUC-PR=50.00%  F1=0.0000  MCC=0.0000  Train=0.553s  Test=4.260s  Peak RAM=37.154 MB
2026-03-18 03:37:43 | INFO | [ncluster=270/270] AUC-ROC=50.00%  AUC-PR=50.00%  F1=0.0000  MCC=0.0000  Train=0.290s  Test=2.620s  Peak RAM=37.154 MB
2026-03-18 03:37:43 | INFO | [ncluster=275/275] AUC-ROC=50.00%  AUC-PR=50.00%  F1=0.0000  MCC=0.0000  Train=0.240s  Test=2.835s  Peak RAM=37.154 MB
2026-03-18 03:37:43 | INFO | [ncluster=280/280] AUC-ROC=50.00%  AUC-PR=50.00%  F1=0.0000  MCC=0.0000  Train=0.418s  Test=2.858s  Peak RAM=37.158 MB
2026-03-18 03:37:43 | INFO | [ncluster=285/285] AUC-ROC=50.00%  AUC-PR=50.00%  F1=0.0000  MCC=0.0000  Train=0.249s  Test=2.798s  Peak RAM=37.158 MB
2026-03-18 03:37:43 | INFO | [ncluster=290/290] AUC-ROC=50.00%  AUC-PR=50.00%  F1=0.0000  MCC=0.0000  Train=0.132s  Test=1.873s  Peak RAM=37.158 MB
2026-03-18 03:37:43 | INFO | [ncluster=295/295] AUC-ROC=50.00%  AUC-PR=50.00%  F1=0.0000  MCC=0.0000  Train=0.119s  Test=2.148s  Peak RAM=37.158 MB
2026-03-18 03:37:43 | INFO | [ncluster=300/300] AUC-ROC=50.00%  AUC-PR=50.00%  F1=0.0000  MCC=0.0000  Train=0.133s  Test=1.710s  Peak RAM=37.157 MB
2026-03-18 03:37:43 | INFO | --- noise=1% ---
2026-03-18 03:37:43 | INFO | ============================================================
2026-03-18 03:37:43 | INFO | Dataset  : Train_Normalizer_data_CICIoT2023.csv
2026-03-18 03:37:43 | INFO | Scaler   : Normalizer
2026-03-18 03:37:43 | INFO | Noise    : 1%
2026-03-18 03:37:43 | INFO | nClusters: 51 values (50..300)
2026-03-18 03:37:43 | INFO | ============================================================
2026-03-18 03:37:44 | INFO | Loaded Raw Shape -> Train: (30000, 45), Test: (30000, 45)
2026-03-18 03:37:44 | INFO | Training size : 30,300  |  Testing size: 29,700  |  Features: 44
2026-03-18 03:37:44 | INFO | Firing up Parallel execution for 51 cluster configs...
2026-03-18 03:39:57 | INFO | [ncluster=50/50] AUC-ROC=50.00%  AUC-PR=50.51%  F1=0.0000  MCC=0.0000  Train=0.189s  Test=5.208s  Peak RAM=37.49 MB
2026-03-18 03:39:57 | INFO | [ncluster=55/55] AUC-ROC=50.00%  AUC-PR=50.51%  F1=0.0000  MCC=0.0000  Train=0.466s  Test=6.660s  Peak RAM=37.483 MB
2026-03-18 03:39:57 | INFO | [ncluster=60/60] AUC-ROC=50.00%  AUC-PR=50.51%  F1=0.0000  MCC=0.0000  Train=0.399s  Test=6.050s  Peak RAM=37.484 MB
2026-03-18 03:39:57 | INFO | [ncluster=65/65] AUC-ROC=50.00%  AUC-PR=50.51%  F1=0.0000  MCC=0.0000  Train=0.623s  Test=7.383s  Peak RAM=37.486 MB
2026-03-18 03:39:57 | INFO | [ncluster=70/70] AUC-ROC=50.00%  AUC-PR=50.51%  F1=0.0000  MCC=0.0000  Train=0.854s  Test=6.589s  Peak RAM=37.489 MB
2026-03-18 03:39:57 | INFO | [ncluster=75/75] AUC-ROC=50.00%  AUC-PR=50.51%  F1=0.0000  MCC=0.0000  Train=1.201s  Test=5.327s  Peak RAM=37.49 MB
2026-03-18 03:39:57 | INFO | [ncluster=80/80] AUC-ROC=50.00%  AUC-PR=50.51%  F1=0.0000  MCC=0.0000  Train=0.575s  Test=6.579s  Peak RAM=37.492 MB
2026-03-18 03:39:57 | INFO | [ncluster=85/85] AUC-ROC=50.00%  AUC-PR=50.51%  F1=0.0000  MCC=0.0000  Train=0.630s  Test=7.938s  Peak RAM=37.491 MB
2026-03-18 03:39:57 | INFO | [ncluster=90/90] AUC-ROC=50.00%  AUC-PR=50.51%  F1=0.0000  MCC=0.0000  Train=1.141s  Test=6.888s  Peak RAM=37.49 MB
2026-03-18 03:39:57 | INFO | [ncluster=95/95] AUC-ROC=50.00%  AUC-PR=50.51%  F1=0.0000  MCC=0.0000  Train=1.302s  Test=6.112s  Peak RAM=37.49 MB
2026-03-18 03:39:57 | INFO | [ncluster=100/100] AUC-ROC=50.00%  AUC-PR=50.51%  F1=0.0000  MCC=0.0000  Train=0.756s  Test=4.637s  Peak RAM=37.495 MB
2026-03-18 03:39:57 | INFO | [ncluster=105/105] AUC-ROC=50.00%  AUC-PR=50.51%  F1=0.0000  MCC=0.0000  Train=0.978s  Test=5.023s  Peak RAM=37.497 MB
2026-03-18 03:39:57 | INFO | [ncluster=110/110] AUC-ROC=50.00%  AUC-PR=50.51%  F1=0.0000  MCC=0.0000  Train=0.354s  Test=4.323s  Peak RAM=37.494 MB
2026-03-18 03:39:57 | INFO | [ncluster=115/115] AUC-ROC=50.00%  AUC-PR=50.51%  F1=0.0000  MCC=0.0000  Train=0.391s  Test=3.783s  Peak RAM=37.497 MB
2026-03-18 03:39:57 | INFO | [ncluster=120/120] AUC-ROC=50.00%  AUC-PR=50.51%  F1=0.0000  MCC=0.0000  Train=0.379s  Test=3.748s  Peak RAM=37.5 MB
2026-03-18 03:39:57 | INFO | [ncluster=125/125] AUC-ROC=50.00%  AUC-PR=50.51%  F1=0.0000  MCC=0.0000  Train=0.314s  Test=3.925s  Peak RAM=37.499 MB
2026-03-18 03:39:57 | INFO | [ncluster=130/130] AUC-ROC=50.00%  AUC-PR=50.51%  F1=0.0000  MCC=0.0000  Train=0.361s  Test=4.127s  Peak RAM=37.502 MB
2026-03-18 03:39:57 | INFO | [ncluster=135/135] AUC-ROC=50.00%  AUC-PR=50.51%  F1=0.0000  MCC=0.0000  Train=0.533s  Test=3.859s  Peak RAM=37.501 MB
2026-03-18 03:39:57 | INFO | [ncluster=140/140] AUC-ROC=50.00%  AUC-PR=50.51%  F1=0.0000  MCC=0.0000  Train=0.424s  Test=3.976s  Peak RAM=37.502 MB
2026-03-18 03:39:57 | INFO | [ncluster=145/145] AUC-ROC=50.00%  AUC-PR=50.51%  F1=0.0000  MCC=0.0000  Train=0.331s  Test=4.367s  Peak RAM=37.503 MB
2026-03-18 03:39:57 | INFO | [ncluster=150/150] AUC-ROC=50.00%  AUC-PR=50.51%  F1=0.0000  MCC=0.0000  Train=0.760s  Test=4.334s  Peak RAM=37.504 MB
2026-03-18 03:39:57 | INFO | [ncluster=155/155] AUC-ROC=50.00%  AUC-PR=50.51%  F1=0.0000  MCC=0.0000  Train=0.546s  Test=4.008s  Peak RAM=37.504 MB
2026-03-18 03:39:57 | INFO | [ncluster=160/160] AUC-ROC=50.00%  AUC-PR=50.51%  F1=0.0000  MCC=0.0000  Train=0.486s  Test=3.766s  Peak RAM=37.506 MB
2026-03-18 03:39:57 | INFO | [ncluster=165/165] AUC-ROC=50.00%  AUC-PR=50.51%  F1=0.0000  MCC=0.0000  Train=0.485s  Test=3.401s  Peak RAM=37.506 MB
2026-03-18 03:39:57 | INFO | [ncluster=170/170] AUC-ROC=50.00%  AUC-PR=50.51%  F1=0.0000  MCC=0.0000  Train=0.292s  Test=3.178s  Peak RAM=37.508 MB
2026-03-18 03:39:57 | INFO | [ncluster=175/175] AUC-ROC=50.00%  AUC-PR=50.51%  F1=0.0000  MCC=0.0000  Train=0.392s  Test=3.921s  Peak RAM=37.507 MB
2026-03-18 03:39:57 | INFO | [ncluster=180/180] AUC-ROC=50.00%  AUC-PR=50.51%  F1=0.0000  MCC=0.0000  Train=0.468s  Test=3.477s  Peak RAM=37.51 MB
2026-03-18 03:39:57 | INFO | [ncluster=185/185] AUC-ROC=50.00%  AUC-PR=50.51%  F1=0.0000  MCC=0.0000  Train=0.447s  Test=3.317s  Peak RAM=37.51 MB
2026-03-18 03:39:57 | INFO | [ncluster=190/190] AUC-ROC=50.00%  AUC-PR=50.51%  F1=0.0000  MCC=0.0000  Train=0.448s  Test=3.581s  Peak RAM=37.511 MB
2026-03-18 03:39:57 | INFO | [ncluster=195/195] AUC-ROC=50.00%  AUC-PR=50.51%  F1=0.0000  MCC=0.0000  Train=0.374s  Test=3.517s  Peak RAM=37.513 MB
2026-03-18 03:39:57 | INFO | [ncluster=200/200] AUC-ROC=50.00%  AUC-PR=50.51%  F1=0.0000  MCC=0.0000  Train=0.336s  Test=3.343s  Peak RAM=37.513 MB
2026-03-18 03:39:57 | INFO | [ncluster=205/205] AUC-ROC=50.00%  AUC-PR=50.51%  F1=0.0000  MCC=0.0000  Train=0.317s  Test=4.081s  Peak RAM=37.514 MB
2026-03-18 03:39:57 | INFO | [ncluster=210/210] AUC-ROC=50.00%  AUC-PR=50.51%  F1=0.0000  MCC=0.0000  Train=0.446s  Test=3.802s  Peak RAM=37.515 MB
2026-03-18 03:39:57 | INFO | [ncluster=215/215] AUC-ROC=50.00%  AUC-PR=50.51%  F1=0.0000  MCC=0.0000  Train=0.393s  Test=3.758s  Peak RAM=37.515 MB
2026-03-18 03:39:57 | INFO | [ncluster=220/220] AUC-ROC=50.00%  AUC-PR=50.51%  F1=0.0000  MCC=0.0000  Train=0.521s  Test=3.274s  Peak RAM=37.517 MB
2026-03-18 03:39:57 | INFO | [ncluster=225/225] AUC-ROC=50.00%  AUC-PR=50.51%  F1=0.0000  MCC=0.0000  Train=0.290s  Test=3.406s  Peak RAM=37.517 MB
2026-03-18 03:39:57 | INFO | [ncluster=230/230] AUC-ROC=50.00%  AUC-PR=50.51%  F1=0.0000  MCC=0.0000  Train=0.233s  Test=3.935s  Peak RAM=37.517 MB
2026-03-18 03:39:57 | INFO | [ncluster=235/235] AUC-ROC=50.00%  AUC-PR=50.51%  F1=0.0000  MCC=0.0000  Train=0.299s  Test=3.124s  Peak RAM=37.518 MB
2026-03-18 03:39:57 | INFO | [ncluster=240/240] AUC-ROC=50.00%  AUC-PR=50.51%  F1=0.0000  MCC=0.0000  Train=0.339s  Test=3.215s  Peak RAM=37.521 MB
2026-03-18 03:39:57 | INFO | [ncluster=245/245] AUC-ROC=50.00%  AUC-PR=50.51%  F1=0.0000  MCC=0.0000  Train=0.593s  Test=3.428s  Peak RAM=37.519 MB
2026-03-18 03:39:57 | INFO | [ncluster=250/250] AUC-ROC=50.00%  AUC-PR=50.51%  F1=0.0000  MCC=0.0000  Train=0.387s  Test=3.038s  Peak RAM=37.521 MB
2026-03-18 03:39:57 | INFO | [ncluster=255/255] AUC-ROC=50.00%  AUC-PR=50.51%  F1=0.0000  MCC=0.0000  Train=0.235s  Test=2.980s  Peak RAM=37.523 MB
2026-03-18 03:39:57 | INFO | [ncluster=260/260] AUC-ROC=50.00%  AUC-PR=50.51%  F1=0.0000  MCC=0.0000  Train=0.256s  Test=2.464s  Peak RAM=37.523 MB
2026-03-18 03:39:57 | INFO | [ncluster=265/265] AUC-ROC=50.00%  AUC-PR=50.51%  F1=0.0000  MCC=0.0000  Train=0.222s  Test=2.485s  Peak RAM=37.525 MB
2026-03-18 03:39:57 | INFO | [ncluster=270/270] AUC-ROC=50.00%  AUC-PR=50.51%  F1=0.0000  MCC=0.0000  Train=0.284s  Test=2.478s  Peak RAM=37.525 MB
2026-03-18 03:39:57 | INFO | [ncluster=275/275] AUC-ROC=50.00%  AUC-PR=50.51%  F1=0.0000  MCC=0.0000  Train=0.333s  Test=3.122s  Peak RAM=37.527 MB
2026-03-18 03:39:57 | INFO | [ncluster=280/280] AUC-ROC=50.00%  AUC-PR=50.51%  F1=0.0000  MCC=0.0000  Train=0.306s  Test=2.920s  Peak RAM=37.527 MB
2026-03-18 03:39:57 | INFO | [ncluster=285/285] AUC-ROC=50.00%  AUC-PR=50.51%  F1=0.0000  MCC=0.0000  Train=0.155s  Test=1.793s  Peak RAM=37.528 MB
2026-03-18 03:39:57 | INFO | [ncluster=290/290] AUC-ROC=50.00%  AUC-PR=50.51%  F1=0.0000  MCC=0.0000  Train=0.117s  Test=1.949s  Peak RAM=37.529 MB
2026-03-18 03:39:57 | INFO | [ncluster=295/295] AUC-ROC=50.00%  AUC-PR=50.51%  F1=0.0000  MCC=0.0000  Train=0.123s  Test=2.053s  Peak RAM=37.531 MB
2026-03-18 03:39:57 | INFO | [ncluster=300/300] AUC-ROC=50.00%  AUC-PR=50.51%  F1=0.0000  MCC=0.0000  Train=0.107s  Test=1.564s  Peak RAM=37.532 MB
2026-03-18 03:39:57 | INFO | --- noise=3% ---
2026-03-18 03:39:57 | INFO | ============================================================
2026-03-18 03:39:57 | INFO | Dataset  : Train_Normalizer_data_CICIoT2023.csv
2026-03-18 03:39:57 | INFO | Scaler   : Normalizer
2026-03-18 03:39:57 | INFO | Noise    : 3%
2026-03-18 03:39:57 | INFO | nClusters: 51 values (50..300)
2026-03-18 03:39:57 | INFO | ============================================================
2026-03-18 03:39:57 | INFO | Loaded Raw Shape -> Train: (30000, 45), Test: (30000, 45)
2026-03-18 03:39:57 | INFO | Training size : 30,900  |  Testing size: 29,100  |  Features: 44
2026-03-18 03:39:57 | INFO | Firing up Parallel execution for 51 cluster configs...
2026-03-18 03:42:18 | INFO | [ncluster=50/50] AUC-ROC=50.00%  AUC-PR=51.55%  F1=0.0000  MCC=0.0000  Train=0.405s  Test=6.535s  Peak RAM=38.227 MB
2026-03-18 03:42:18 | INFO | [ncluster=55/55] AUC-ROC=50.00%  AUC-PR=51.55%  F1=0.0000  MCC=0.0000  Train=0.595s  Test=6.056s  Peak RAM=38.231 MB
2026-03-18 03:42:18 | INFO | [ncluster=60/60] AUC-ROC=50.00%  AUC-PR=51.55%  F1=0.0000  MCC=0.0000  Train=0.774s  Test=8.444s  Peak RAM=38.229 MB
2026-03-18 03:42:18 | INFO | [ncluster=65/65] AUC-ROC=50.00%  AUC-PR=51.55%  F1=0.0000  MCC=0.0000  Train=0.646s  Test=7.948s  Peak RAM=38.23 MB
2026-03-18 03:42:18 | INFO | [ncluster=70/70] AUC-ROC=50.00%  AUC-PR=51.55%  F1=0.0000  MCC=0.0000  Train=1.100s  Test=7.747s  Peak RAM=38.231 MB
2026-03-18 03:42:18 | INFO | [ncluster=75/75] AUC-ROC=50.00%  AUC-PR=51.55%  F1=0.0000  MCC=0.0000  Train=0.766s  Test=8.584s  Peak RAM=38.233 MB
2026-03-18 03:42:18 | INFO | [ncluster=80/80] AUC-ROC=50.00%  AUC-PR=51.55%  F1=0.0000  MCC=0.0000  Train=0.787s  Test=7.475s  Peak RAM=38.232 MB
2026-03-18 03:42:18 | INFO | [ncluster=85/85] AUC-ROC=50.00%  AUC-PR=51.55%  F1=0.0000  MCC=0.0000  Train=1.287s  Test=8.064s  Peak RAM=38.235 MB
2026-03-18 03:42:18 | INFO | [ncluster=90/90] AUC-ROC=50.00%  AUC-PR=51.55%  F1=0.0000  MCC=0.0000  Train=1.268s  Test=6.646s  Peak RAM=38.235 MB
2026-03-18 03:42:18 | INFO | [ncluster=95/95] AUC-ROC=50.00%  AUC-PR=51.55%  F1=0.0000  MCC=0.0000  Train=1.322s  Test=5.946s  Peak RAM=38.237 MB
2026-03-18 03:42:18 | INFO | [ncluster=100/100] AUC-ROC=50.00%  AUC-PR=51.55%  F1=0.0000  MCC=0.0000  Train=1.335s  Test=6.382s  Peak RAM=38.235 MB
2026-03-18 03:42:18 | INFO | [ncluster=105/105] AUC-ROC=50.00%  AUC-PR=51.55%  F1=0.0000  MCC=0.0000  Train=1.033s  Test=5.237s  Peak RAM=38.239 MB
2026-03-18 03:42:18 | INFO | [ncluster=110/110] AUC-ROC=50.00%  AUC-PR=51.55%  F1=0.0000  MCC=0.0000  Train=0.329s  Test=4.067s  Peak RAM=38.237 MB
2026-03-18 03:42:18 | INFO | [ncluster=115/115] AUC-ROC=50.00%  AUC-PR=51.55%  F1=0.0000  MCC=0.0000  Train=0.423s  Test=4.013s  Peak RAM=38.239 MB
2026-03-18 03:42:18 | INFO | [ncluster=120/120] AUC-ROC=50.00%  AUC-PR=51.55%  F1=0.0000  MCC=0.0000  Train=0.529s  Test=4.063s  Peak RAM=38.241 MB
2026-03-18 03:42:18 | INFO | [ncluster=125/125] AUC-ROC=50.00%  AUC-PR=51.55%  F1=0.0000  MCC=0.0000  Train=0.449s  Test=5.611s  Peak RAM=38.24 MB
2026-03-18 03:42:18 | INFO | [ncluster=130/130] AUC-ROC=50.00%  AUC-PR=51.55%  F1=0.0000  MCC=0.0000  Train=0.842s  Test=6.074s  Peak RAM=38.242 MB
2026-03-18 03:42:18 | INFO | [ncluster=135/135] AUC-ROC=50.00%  AUC-PR=51.55%  F1=0.0000  MCC=0.0000  Train=0.737s  Test=5.585s  Peak RAM=38.244 MB
2026-03-18 03:42:18 | INFO | [ncluster=140/140] AUC-ROC=50.00%  AUC-PR=51.55%  F1=0.0000  MCC=0.0000  Train=0.429s  Test=6.225s  Peak RAM=38.246 MB
2026-03-18 03:42:18 | INFO | [ncluster=145/145] AUC-ROC=50.00%  AUC-PR=51.55%  F1=0.0000  MCC=0.0000  Train=0.862s  Test=5.676s  Peak RAM=38.245 MB
2026-03-18 03:42:18 | INFO | [ncluster=150/150] AUC-ROC=50.00%  AUC-PR=51.55%  F1=0.0000  MCC=0.0000  Train=0.601s  Test=5.868s  Peak RAM=38.246 MB
2026-03-18 03:42:18 | INFO | [ncluster=155/155] AUC-ROC=50.00%  AUC-PR=51.55%  F1=0.0000  MCC=0.0000  Train=0.288s  Test=4.170s  Peak RAM=38.247 MB
2026-03-18 03:42:18 | INFO | [ncluster=160/160] AUC-ROC=50.00%  AUC-PR=51.55%  F1=0.0000  MCC=0.0000  Train=0.289s  Test=4.846s  Peak RAM=38.249 MB
2026-03-18 03:42:18 | INFO | [ncluster=165/165] AUC-ROC=50.00%  AUC-PR=51.55%  F1=0.0000  MCC=0.0000  Train=0.555s  Test=4.460s  Peak RAM=38.248 MB
2026-03-18 03:42:18 | INFO | [ncluster=170/170] AUC-ROC=50.00%  AUC-PR=51.55%  F1=0.0000  MCC=0.0000  Train=0.314s  Test=2.958s  Peak RAM=38.249 MB
2026-03-18 03:42:18 | INFO | [ncluster=175/175] AUC-ROC=50.00%  AUC-PR=51.55%  F1=0.0000  MCC=0.0000  Train=0.574s  Test=3.714s  Peak RAM=38.249 MB
2026-03-18 03:42:18 | INFO | [ncluster=180/180] AUC-ROC=50.00%  AUC-PR=51.55%  F1=0.0000  MCC=0.0000  Train=0.411s  Test=3.936s  Peak RAM=38.252 MB
2026-03-18 03:42:18 | INFO | [ncluster=185/185] AUC-ROC=50.00%  AUC-PR=51.55%  F1=0.0000  MCC=0.0000  Train=0.656s  Test=4.252s  Peak RAM=38.252 MB
2026-03-18 03:42:18 | INFO | [ncluster=190/190] AUC-ROC=50.00%  AUC-PR=51.55%  F1=0.0000  MCC=0.0000  Train=0.649s  Test=4.399s  Peak RAM=38.253 MB
2026-03-18 03:42:18 | INFO | [ncluster=195/195] AUC-ROC=50.00%  AUC-PR=51.55%  F1=0.0000  MCC=0.0000  Train=0.547s  Test=4.945s  Peak RAM=38.255 MB
2026-03-18 03:42:18 | INFO | [ncluster=200/200] AUC-ROC=50.00%  AUC-PR=51.55%  F1=0.0000  MCC=0.0000  Train=0.327s  Test=5.260s  Peak RAM=38.255 MB
2026-03-18 03:42:18 | INFO | [ncluster=205/205] AUC-ROC=50.00%  AUC-PR=51.55%  F1=0.0000  MCC=0.0000  Train=0.480s  Test=4.806s  Peak RAM=38.255 MB
2026-03-18 03:42:18 | INFO | [ncluster=210/210] AUC-ROC=50.00%  AUC-PR=51.55%  F1=0.0000  MCC=0.0000  Train=0.585s  Test=3.876s  Peak RAM=38.258 MB
2026-03-18 03:42:18 | INFO | [ncluster=215/215] AUC-ROC=50.00%  AUC-PR=51.55%  F1=0.0000  MCC=0.0000  Train=0.281s  Test=3.529s  Peak RAM=38.256 MB
2026-03-18 03:42:18 | INFO | [ncluster=220/220] AUC-ROC=50.00%  AUC-PR=51.55%  F1=0.0000  MCC=0.0000  Train=0.579s  Test=3.783s  Peak RAM=38.26 MB
2026-03-18 03:42:18 | INFO | [ncluster=225/225] AUC-ROC=50.00%  AUC-PR=51.55%  F1=0.0000  MCC=0.0000  Train=0.430s  Test=3.766s  Peak RAM=38.259 MB
2026-03-18 03:42:18 | INFO | [ncluster=230/230] AUC-ROC=50.00%  AUC-PR=51.55%  F1=0.0000  MCC=0.0000  Train=0.333s  Test=3.093s  Peak RAM=38.259 MB
2026-03-18 03:42:18 | INFO | [ncluster=235/235] AUC-ROC=50.00%  AUC-PR=51.55%  F1=0.0000  MCC=0.0000  Train=0.328s  Test=3.065s  Peak RAM=38.26 MB
2026-03-18 03:42:18 | INFO | [ncluster=240/240] AUC-ROC=50.00%  AUC-PR=51.55%  F1=0.0000  MCC=0.0000  Train=0.437s  Test=3.865s  Peak RAM=38.263 MB
2026-03-18 03:42:18 | INFO | [ncluster=245/245] AUC-ROC=50.00%  AUC-PR=51.55%  F1=0.0000  MCC=0.0000  Train=0.283s  Test=4.588s  Peak RAM=38.262 MB
2026-03-18 03:42:18 | INFO | [ncluster=250/250] AUC-ROC=50.00%  AUC-PR=51.55%  F1=0.0000  MCC=0.0000  Train=0.522s  Test=4.844s  Peak RAM=38.265 MB
2026-03-18 03:42:18 | INFO | [ncluster=255/255] AUC-ROC=50.00%  AUC-PR=51.55%  F1=0.0000  MCC=0.0000  Train=0.308s  Test=2.728s  Peak RAM=38.265 MB
2026-03-18 03:42:18 | INFO | [ncluster=260/260] AUC-ROC=50.00%  AUC-PR=51.55%  F1=0.0000  MCC=0.0000  Train=0.243s  Test=3.388s  Peak RAM=38.265 MB
2026-03-18 03:42:18 | INFO | [ncluster=265/265] AUC-ROC=50.00%  AUC-PR=51.55%  F1=0.0000  MCC=0.0000  Train=0.314s  Test=2.809s  Peak RAM=38.268 MB
2026-03-18 03:42:18 | INFO | [ncluster=270/270] AUC-ROC=50.00%  AUC-PR=51.55%  F1=0.0000  MCC=0.0000  Train=0.233s  Test=2.511s  Peak RAM=38.268 MB
2026-03-18 03:42:18 | INFO | [ncluster=275/275] AUC-ROC=50.00%  AUC-PR=51.55%  F1=0.0000  MCC=0.0000  Train=0.170s  Test=2.241s  Peak RAM=38.267 MB
2026-03-18 03:42:18 | INFO | [ncluster=280/280] AUC-ROC=50.00%  AUC-PR=51.55%  F1=0.0000  MCC=0.0000  Train=0.161s  Test=1.996s  Peak RAM=38.269 MB
2026-03-18 03:42:18 | INFO | [ncluster=285/285] AUC-ROC=50.00%  AUC-PR=51.55%  F1=0.0000  MCC=0.0000  Train=0.129s  Test=1.831s  Peak RAM=38.272 MB
2026-03-18 03:42:18 | INFO | [ncluster=290/290] AUC-ROC=50.00%  AUC-PR=51.55%  F1=0.0000  MCC=0.0000  Train=0.171s  Test=1.887s  Peak RAM=38.27 MB
2026-03-18 03:42:18 | INFO | [ncluster=295/295] AUC-ROC=50.00%  AUC-PR=51.55%  F1=0.0000  MCC=0.0000  Train=0.134s  Test=1.808s  Peak RAM=38.272 MB
2026-03-18 03:42:18 | INFO | [ncluster=300/300] AUC-ROC=50.00%  AUC-PR=51.55%  F1=0.0000  MCC=0.0000  Train=0.119s  Test=1.783s  Peak RAM=38.275 MB
2026-03-18 03:42:18 | INFO | --- noise=5% ---
2026-03-18 03:42:18 | INFO | ============================================================
2026-03-18 03:42:18 | INFO | Dataset  : Train_Normalizer_data_CICIoT2023.csv
2026-03-18 03:42:18 | INFO | Scaler   : Normalizer
2026-03-18 03:42:18 | INFO | Noise    : 5%
2026-03-18 03:42:18 | INFO | nClusters: 51 values (50..300)
2026-03-18 03:42:18 | INFO | ============================================================
2026-03-18 03:42:18 | INFO | Loaded Raw Shape -> Train: (30000, 45), Test: (30000, 45)
2026-03-18 03:42:18 | INFO | Training size : 31,500  |  Testing size: 28,500  |  Features: 44
2026-03-18 03:42:18 | INFO | Firing up Parallel execution for 51 cluster configs...
2026-03-18 03:44:40 | INFO | [ncluster=50/50] AUC-ROC=50.00%  AUC-PR=52.63%  F1=0.0000  MCC=0.0000  Train=0.318s  Test=6.102s  Peak RAM=38.969 MB
2026-03-18 03:44:40 | INFO | [ncluster=55/55] AUC-ROC=50.00%  AUC-PR=52.63%  F1=0.0000  MCC=0.0000  Train=0.601s  Test=7.708s  Peak RAM=38.971 MB
2026-03-18 03:44:40 | INFO | [ncluster=60/60] AUC-ROC=50.00%  AUC-PR=52.63%  F1=0.0000  MCC=0.0000  Train=0.319s  Test=6.980s  Peak RAM=38.972 MB
2026-03-18 03:44:40 | INFO | [ncluster=65/65] AUC-ROC=50.00%  AUC-PR=52.63%  F1=0.0000  MCC=0.0000  Train=0.728s  Test=7.164s  Peak RAM=38.972 MB
2026-03-18 03:44:40 | INFO | [ncluster=70/70] AUC-ROC=50.00%  AUC-PR=52.63%  F1=0.0000  MCC=0.0000  Train=0.990s  Test=7.807s  Peak RAM=38.973 MB
2026-03-18 03:44:40 | INFO | [ncluster=75/75] AUC-ROC=50.00%  AUC-PR=52.63%  F1=0.0000  MCC=0.0000  Train=0.654s  Test=7.843s  Peak RAM=38.977 MB
2026-03-18 03:44:40 | INFO | [ncluster=80/80] AUC-ROC=50.00%  AUC-PR=52.63%  F1=0.0000  MCC=0.0000  Train=1.469s  Test=8.361s  Peak RAM=38.976 MB
2026-03-18 03:44:40 | INFO | [ncluster=85/85] AUC-ROC=50.00%  AUC-PR=52.63%  F1=0.0000  MCC=0.0000  Train=0.742s  Test=8.107s  Peak RAM=38.976 MB
2026-03-18 03:44:40 | INFO | [ncluster=90/90] AUC-ROC=50.00%  AUC-PR=52.63%  F1=0.0000  MCC=0.0000  Train=0.703s  Test=8.417s  Peak RAM=38.978 MB
2026-03-18 03:44:40 | INFO | [ncluster=95/95] AUC-ROC=50.00%  AUC-PR=52.63%  F1=0.0000  MCC=0.0000  Train=1.651s  Test=6.781s  Peak RAM=38.98 MB
2026-03-18 03:44:40 | INFO | [ncluster=100/100] AUC-ROC=50.00%  AUC-PR=52.63%  F1=0.0000  MCC=0.0000  Train=0.972s  Test=6.206s  Peak RAM=38.982 MB
2026-03-18 03:44:40 | INFO | [ncluster=105/105] AUC-ROC=50.00%  AUC-PR=52.63%  F1=0.0000  MCC=0.0000  Train=0.742s  Test=5.983s  Peak RAM=38.979 MB
2026-03-18 03:44:40 | INFO | [ncluster=110/110] AUC-ROC=50.00%  AUC-PR=52.63%  F1=0.0000  MCC=0.0000  Train=0.586s  Test=4.927s  Peak RAM=38.983 MB
2026-03-18 03:44:40 | INFO | [ncluster=115/115] AUC-ROC=50.00%  AUC-PR=52.63%  F1=0.0000  MCC=0.0000  Train=0.345s  Test=4.006s  Peak RAM=38.982 MB
2026-03-18 03:44:40 | INFO | [ncluster=120/120] AUC-ROC=50.00%  AUC-PR=52.63%  F1=0.0000  MCC=0.0000  Train=0.474s  Test=5.084s  Peak RAM=38.985 MB
2026-03-18 03:44:40 | INFO | [ncluster=125/125] AUC-ROC=50.00%  AUC-PR=52.63%  F1=0.0000  MCC=0.0000  Train=0.808s  Test=5.001s  Peak RAM=38.985 MB
2026-03-18 03:44:40 | INFO | [ncluster=130/130] AUC-ROC=50.00%  AUC-PR=52.63%  F1=0.0000  MCC=0.0000  Train=0.576s  Test=5.215s  Peak RAM=38.987 MB
2026-03-18 03:44:40 | INFO | [ncluster=135/135] AUC-ROC=50.00%  AUC-PR=52.63%  F1=0.0000  MCC=0.0000  Train=0.412s  Test=4.834s  Peak RAM=38.985 MB
2026-03-18 03:44:40 | INFO | [ncluster=140/140] AUC-ROC=50.00%  AUC-PR=52.63%  F1=0.0000  MCC=0.0000  Train=0.549s  Test=4.962s  Peak RAM=38.985 MB
2026-03-18 03:44:40 | INFO | [ncluster=145/145] AUC-ROC=50.00%  AUC-PR=52.63%  F1=0.0000  MCC=0.0000  Train=0.688s  Test=4.254s  Peak RAM=38.988 MB
2026-03-18 03:44:40 | INFO | [ncluster=150/150] AUC-ROC=50.00%  AUC-PR=52.63%  F1=0.0000  MCC=0.0000  Train=0.594s  Test=4.718s  Peak RAM=38.987 MB
2026-03-18 03:44:40 | INFO | [ncluster=155/155] AUC-ROC=50.00%  AUC-PR=52.63%  F1=0.0000  MCC=0.0000  Train=0.456s  Test=4.167s  Peak RAM=38.989 MB
2026-03-18 03:44:40 | INFO | [ncluster=160/160] AUC-ROC=50.00%  AUC-PR=52.63%  F1=0.0000  MCC=0.0000  Train=0.299s  Test=4.027s  Peak RAM=38.99 MB
2026-03-18 03:44:40 | INFO | [ncluster=165/165] AUC-ROC=50.00%  AUC-PR=52.63%  F1=0.0000  MCC=0.0000  Train=0.556s  Test=3.387s  Peak RAM=38.991 MB
2026-03-18 03:44:40 | INFO | [ncluster=170/170] AUC-ROC=50.00%  AUC-PR=52.63%  F1=0.0000  MCC=0.0000  Train=0.284s  Test=4.033s  Peak RAM=38.99 MB
2026-03-18 03:44:40 | INFO | [ncluster=175/175] AUC-ROC=50.00%  AUC-PR=52.63%  F1=0.0000  MCC=0.0000  Train=0.331s  Test=3.862s  Peak RAM=38.99 MB
2026-03-18 03:44:40 | INFO | [ncluster=180/180] AUC-ROC=50.00%  AUC-PR=52.63%  F1=0.0000  MCC=0.0000  Train=0.540s  Test=3.549s  Peak RAM=38.993 MB
2026-03-18 03:44:40 | INFO | [ncluster=185/185] AUC-ROC=50.00%  AUC-PR=52.63%  F1=0.0000  MCC=0.0000  Train=0.443s  Test=4.017s  Peak RAM=38.994 MB
2026-03-18 03:44:40 | INFO | [ncluster=190/190] AUC-ROC=50.00%  AUC-PR=52.63%  F1=0.0000  MCC=0.0000  Train=0.635s  Test=5.071s  Peak RAM=38.994 MB
2026-03-18 03:44:40 | INFO | [ncluster=195/195] AUC-ROC=50.00%  AUC-PR=52.63%  F1=0.0000  MCC=0.0000  Train=0.389s  Test=4.827s  Peak RAM=38.996 MB
2026-03-18 03:44:40 | INFO | [ncluster=200/200] AUC-ROC=50.00%  AUC-PR=52.63%  F1=0.0000  MCC=0.0000  Train=0.627s  Test=4.378s  Peak RAM=38.996 MB
2026-03-18 03:44:40 | INFO | [ncluster=205/205] AUC-ROC=50.00%  AUC-PR=52.63%  F1=0.0000  MCC=0.0000  Train=0.761s  Test=3.873s  Peak RAM=38.998 MB
2026-03-18 03:44:40 | INFO | [ncluster=210/210] AUC-ROC=50.00%  AUC-PR=52.63%  F1=0.0000  MCC=0.0000  Train=0.441s  Test=4.081s  Peak RAM=38.998 MB
2026-03-18 03:44:40 | INFO | [ncluster=215/215] AUC-ROC=50.00%  AUC-PR=52.63%  F1=0.0000  MCC=0.0000  Train=0.322s  Test=4.135s  Peak RAM=38.998 MB
2026-03-18 03:44:40 | INFO | [ncluster=220/220] AUC-ROC=50.00%  AUC-PR=52.63%  F1=0.0000  MCC=0.0000  Train=0.446s  Test=3.977s  Peak RAM=39.0 MB
2026-03-18 03:44:40 | INFO | [ncluster=225/225] AUC-ROC=50.00%  AUC-PR=52.63%  F1=0.0000  MCC=0.0000  Train=0.465s  Test=3.383s  Peak RAM=39.001 MB
2026-03-18 03:44:40 | INFO | [ncluster=230/230] AUC-ROC=50.00%  AUC-PR=52.63%  F1=0.0000  MCC=0.0000  Train=0.330s  Test=3.336s  Peak RAM=39.002 MB
2026-03-18 03:44:40 | INFO | [ncluster=235/235] AUC-ROC=50.00%  AUC-PR=52.63%  F1=0.0000  MCC=0.0000  Train=0.300s  Test=3.618s  Peak RAM=39.001 MB
2026-03-18 03:44:40 | INFO | [ncluster=240/240] AUC-ROC=50.00%  AUC-PR=52.63%  F1=0.0000  MCC=0.0000  Train=0.387s  Test=3.683s  Peak RAM=39.004 MB
2026-03-18 03:44:40 | INFO | [ncluster=245/245] AUC-ROC=50.00%  AUC-PR=52.63%  F1=0.0000  MCC=0.0000  Train=0.407s  Test=3.917s  Peak RAM=39.004 MB
2026-03-18 03:44:40 | INFO | [ncluster=250/250] AUC-ROC=50.00%  AUC-PR=52.63%  F1=0.0000  MCC=0.0000  Train=0.583s  Test=5.336s  Peak RAM=39.005 MB
2026-03-18 03:44:40 | INFO | [ncluster=255/255] AUC-ROC=50.00%  AUC-PR=52.63%  F1=0.0000  MCC=0.0000  Train=0.878s  Test=4.388s  Peak RAM=39.006 MB
2026-03-18 03:44:40 | INFO | [ncluster=260/260] AUC-ROC=50.00%  AUC-PR=52.63%  F1=0.0000  MCC=0.0000  Train=0.510s  Test=4.621s  Peak RAM=39.008 MB
2026-03-18 03:44:40 | INFO | [ncluster=265/265] AUC-ROC=50.00%  AUC-PR=52.63%  F1=0.0000  MCC=0.0000  Train=0.792s  Test=3.077s  Peak RAM=39.008 MB
2026-03-18 03:44:40 | INFO | [ncluster=270/270] AUC-ROC=50.00%  AUC-PR=52.63%  F1=0.0000  MCC=0.0000  Train=0.292s  Test=2.379s  Peak RAM=39.009 MB
2026-03-18 03:44:40 | INFO | [ncluster=275/275] AUC-ROC=50.00%  AUC-PR=52.63%  F1=0.0000  MCC=0.0000  Train=0.227s  Test=2.877s  Peak RAM=39.009 MB
2026-03-18 03:44:40 | INFO | [ncluster=280/280] AUC-ROC=50.00%  AUC-PR=52.63%  F1=0.0000  MCC=0.0000  Train=0.270s  Test=2.889s  Peak RAM=39.01 MB
2026-03-18 03:44:40 | INFO | [ncluster=285/285] AUC-ROC=50.00%  AUC-PR=52.63%  F1=0.0000  MCC=0.0000  Train=0.228s  Test=2.064s  Peak RAM=39.011 MB
2026-03-18 03:44:40 | INFO | [ncluster=290/290] AUC-ROC=50.00%  AUC-PR=52.63%  F1=0.0000  MCC=0.0000  Train=0.122s  Test=1.856s  Peak RAM=39.011 MB
2026-03-18 03:44:40 | INFO | [ncluster=295/295] AUC-ROC=50.00%  AUC-PR=52.63%  F1=0.0000  MCC=0.0000  Train=0.158s  Test=1.997s  Peak RAM=39.013 MB
2026-03-18 03:44:40 | INFO | [ncluster=300/300] AUC-ROC=50.00%  AUC-PR=52.63%  F1=0.0000  MCC=0.0000  Train=0.140s  Test=2.070s  Peak RAM=39.014 MB
2026-03-18 03:44:40 | INFO | 
>>> Processing data_CICIoT2023 | scaler=QuantileTransformer
2026-03-18 03:44:40 | INFO | --- noise=0% ---
2026-03-18 03:44:40 | INFO | ============================================================
2026-03-18 03:44:40 | INFO | Dataset  : Train_QuantileTransformer_data_CICIoT2023.csv
2026-03-18 03:44:40 | INFO | Scaler   : QuantileTransformer
2026-03-18 03:44:40 | INFO | Noise    : 0%
2026-03-18 03:44:40 | INFO | nClusters: 51 values (50..300)
2026-03-18 03:44:40 | INFO | ============================================================
2026-03-18 03:44:40 | INFO | Loaded Raw Shape -> Train: (30000, 45), Test: (30000, 45)
2026-03-18 03:44:40 | INFO | Training size : 30,000  |  Testing size: 30,000  |  Features: 44
2026-03-18 03:44:40 | INFO | Firing up Parallel execution for 51 cluster configs...
2026-03-18 03:47:14 | INFO | [ncluster=50/50] AUC-ROC=52.14%  AUC-PR=51.17%  F1=0.6189  MCC=0.0674  Train=0.269s  Test=3.465s  Peak RAM=37.116 MB
2026-03-18 03:47:14 | INFO | [ncluster=55/55] AUC-ROC=54.02%  AUC-PR=52.51%  F1=0.6202  MCC=0.0932  Train=0.411s  Test=5.159s  Peak RAM=37.117 MB
2026-03-18 03:47:14 | INFO | [ncluster=60/60] AUC-ROC=51.26%  AUC-PR=50.42%  F1=0.6217  MCC=0.0724  Train=0.441s  Test=6.385s  Peak RAM=37.118 MB
2026-03-18 03:47:14 | INFO | [ncluster=65/65] AUC-ROC=54.21%  AUC-PR=52.60%  F1=0.6241  MCC=0.0974  Train=0.663s  Test=7.527s  Peak RAM=37.118 MB
2026-03-18 03:47:14 | INFO | [ncluster=70/70] AUC-ROC=55.63%  AUC-PR=53.65%  F1=0.6269  MCC=0.1293  Train=0.285s  Test=6.541s  Peak RAM=37.12 MB
2026-03-18 03:47:14 | INFO | [ncluster=75/75] AUC-ROC=53.86%  AUC-PR=52.41%  F1=0.5968  MCC=0.0794  Train=0.416s  Test=5.063s  Peak RAM=37.119 MB
2026-03-18 03:47:14 | INFO | [ncluster=80/80] AUC-ROC=50.48%  AUC-PR=49.77%  F1=0.6183  MCC=0.0686  Train=0.605s  Test=6.638s  Peak RAM=37.12 MB
2026-03-18 03:47:14 | INFO | [ncluster=85/85] AUC-ROC=54.86%  AUC-PR=53.12%  F1=0.6208  MCC=0.1116  Train=0.914s  Test=6.357s  Peak RAM=37.122 MB
2026-03-18 03:47:14 | INFO | [ncluster=90/90] AUC-ROC=56.65%  AUC-PR=54.42%  F1=0.6339  MCC=0.1538  Train=0.485s  Test=7.413s  Peak RAM=37.123 MB
2026-03-18 03:47:14 | INFO | [ncluster=95/95] AUC-ROC=50.68%  AUC-PR=49.94%  F1=0.6231  MCC=0.0689  Train=0.954s  Test=6.123s  Peak RAM=37.123 MB
2026-03-18 03:47:14 | INFO | [ncluster=100/100] AUC-ROC=56.47%  AUC-PR=54.47%  F1=0.6243  MCC=0.1511  Train=0.887s  Test=6.191s  Peak RAM=37.123 MB
2026-03-18 03:47:14 | INFO | [ncluster=105/105] AUC-ROC=55.43%  AUC-PR=53.51%  F1=0.6272  MCC=0.1259  Train=0.745s  Test=5.015s  Peak RAM=37.125 MB
2026-03-18 03:47:14 | INFO | [ncluster=110/110] AUC-ROC=50.94%  AUC-PR=50.27%  F1=0.6183  MCC=0.0600  Train=0.220s  Test=3.325s  Peak RAM=37.126 MB
2026-03-18 03:47:14 | INFO | [ncluster=115/115] AUC-ROC=50.23%  AUC-PR=49.77%  F1=0.6169  MCC=0.0574  Train=0.185s  Test=3.933s  Peak RAM=37.127 MB
2026-03-18 03:47:14 | INFO | [ncluster=120/120] AUC-ROC=50.51%  AUC-PR=49.74%  F1=0.6259  MCC=0.0771  Train=0.431s  Test=4.574s  Peak RAM=37.127 MB
2026-03-18 03:47:14 | INFO | [ncluster=125/125] AUC-ROC=52.31%  AUC-PR=51.29%  F1=0.6171  MCC=0.0685  Train=0.420s  Test=4.339s  Peak RAM=37.129 MB
2026-03-18 03:47:14 | INFO | [ncluster=130/130] AUC-ROC=51.50%  AUC-PR=50.45%  F1=0.6139  MCC=0.0815  Train=0.354s  Test=4.471s  Peak RAM=37.13 MB
2026-03-18 03:47:14 | INFO | [ncluster=135/135] AUC-ROC=57.27%  AUC-PR=54.79%  F1=0.6414  MCC=0.1673  Train=0.359s  Test=3.546s  Peak RAM=37.131 MB
2026-03-18 03:47:14 | INFO | [ncluster=140/140] AUC-ROC=51.40%  AUC-PR=50.36%  F1=0.6274  MCC=0.0807  Train=0.340s  Test=3.768s  Peak RAM=37.132 MB
2026-03-18 03:47:14 | INFO | [ncluster=145/145] AUC-ROC=52.01%  AUC-PR=51.04%  F1=0.6202  MCC=0.0712  Train=0.338s  Test=4.330s  Peak RAM=37.133 MB
2026-03-18 03:47:14 | INFO | [ncluster=150/150] AUC-ROC=65.03%  AUC-PR=56.45%  F1=0.6774  MCC=0.3064  Train=0.554s  Test=4.369s  Peak RAM=37.133 MB
2026-03-18 03:47:14 | INFO | [ncluster=155/155] AUC-ROC=56.35%  AUC-PR=54.27%  F1=0.6255  MCC=0.1452  Train=0.469s  Test=4.408s  Peak RAM=37.133 MB
2026-03-18 03:47:14 | INFO | [ncluster=160/160] AUC-ROC=67.68%  AUC-PR=58.03%  F1=0.6949  MCC=0.3477  Train=0.254s  Test=3.908s  Peak RAM=37.134 MB
2026-03-18 03:47:14 | INFO | [ncluster=165/165] AUC-ROC=50.46%  AUC-PR=49.60%  F1=0.6139  MCC=0.0815  Train=0.421s  Test=3.775s  Peak RAM=37.135 MB
2026-03-18 03:47:14 | INFO | [ncluster=170/170] AUC-ROC=55.96%  AUC-PR=53.89%  F1=0.6180  MCC=0.1293  Train=0.153s  Test=3.141s  Peak RAM=37.137 MB
2026-03-18 03:47:14 | INFO | [ncluster=175/175] AUC-ROC=76.48%  AUC-PR=64.10%  F1=0.8066  MCC=0.5820  Train=0.230s  Test=2.923s  Peak RAM=37.138 MB
2026-03-18 03:47:14 | INFO | [ncluster=180/180] AUC-ROC=62.56%  AUC-PR=54.79%  F1=0.6725  MCC=0.2598  Train=0.389s  Test=4.974s  Peak RAM=37.138 MB
2026-03-18 03:47:14 | INFO | [ncluster=185/185] AUC-ROC=75.80%  AUC-PR=62.92%  F1=0.8044  MCC=0.5791  Train=0.461s  Test=4.284s  Peak RAM=37.139 MB
2026-03-18 03:47:14 | INFO | [ncluster=190/190] AUC-ROC=65.59%  AUC-PR=57.23%  F1=0.6968  MCC=0.3196  Train=0.482s  Test=3.394s  Peak RAM=37.141 MB
2026-03-18 03:47:14 | INFO | [ncluster=195/195] AUC-ROC=67.97%  AUC-PR=58.34%  F1=0.7108  MCC=0.3750  Train=0.363s  Test=3.532s  Peak RAM=37.142 MB
2026-03-18 03:47:14 | INFO | [ncluster=200/200] AUC-ROC=66.61%  AUC-PR=59.87%  F1=0.6731  MCC=0.3240  Train=0.231s  Test=3.378s  Peak RAM=37.141 MB
2026-03-18 03:47:14 | INFO | [ncluster=205/205] AUC-ROC=77.04%  AUC-PR=64.21%  F1=0.8239  MCC=0.6236  Train=0.430s  Test=3.337s  Peak RAM=37.142 MB
2026-03-18 03:47:14 | INFO | [ncluster=210/210] AUC-ROC=52.54%  AUC-PR=51.41%  F1=0.6168  MCC=0.0732  Train=0.269s  Test=3.339s  Peak RAM=37.144 MB
2026-03-18 03:47:14 | INFO | [ncluster=215/215] AUC-ROC=78.44%  AUC-PR=65.71%  F1=0.8434  MCC=0.6729  Train=0.444s  Test=4.279s  Peak RAM=37.144 MB
2026-03-18 03:47:14 | INFO | [ncluster=220/220] AUC-ROC=71.95%  AUC-PR=62.63%  F1=0.7419  MCC=0.4202  Train=0.432s  Test=3.348s  Peak RAM=37.145 MB
2026-03-18 03:47:14 | INFO | [ncluster=225/225] AUC-ROC=53.96%  AUC-PR=52.40%  F1=0.6260  MCC=0.0916  Train=0.303s  Test=3.864s  Peak RAM=37.146 MB
2026-03-18 03:47:14 | INFO | [ncluster=230/230] AUC-ROC=74.31%  AUC-PR=61.72%  F1=0.7778  MCC=0.5204  Train=0.249s  Test=3.529s  Peak RAM=37.148 MB
2026-03-18 03:47:14 | INFO | [ncluster=235/235] AUC-ROC=55.96%  AUC-PR=54.04%  F1=0.6212  MCC=0.1376  Train=0.438s  Test=2.978s  Peak RAM=37.148 MB
2026-03-18 03:47:14 | INFO | [ncluster=240/240] AUC-ROC=51.53%  AUC-PR=50.69%  F1=0.6256  MCC=0.0776  Train=0.292s  Test=3.217s  Peak RAM=37.149 MB
2026-03-18 03:47:14 | INFO | [ncluster=245/245] AUC-ROC=59.12%  AUC-PR=53.27%  F1=0.6219  MCC=0.1943  Train=0.459s  Test=3.164s  Peak RAM=37.151 MB
2026-03-18 03:47:14 | INFO | [ncluster=250/250] AUC-ROC=56.53%  AUC-PR=54.29%  F1=0.6221  MCC=0.1416  Train=0.256s  Test=3.309s  Peak RAM=37.151 MB
2026-03-18 03:47:14 | INFO | [ncluster=255/255] AUC-ROC=73.46%  AUC-PR=62.18%  F1=0.7714  MCC=0.5039  Train=0.232s  Test=2.396s  Peak RAM=37.158 MB
2026-03-18 03:47:14 | INFO | [ncluster=260/260] AUC-ROC=78.15%  AUC-PR=67.93%  F1=0.8076  MCC=0.5847  Train=0.134s  Test=2.170s  Peak RAM=37.153 MB
2026-03-18 03:47:14 | INFO | [ncluster=265/265] AUC-ROC=52.62%  AUC-PR=51.55%  F1=0.6211  MCC=0.0624  Train=0.183s  Test=2.262s  Peak RAM=37.154 MB
2026-03-18 03:47:14 | INFO | [ncluster=270/270] AUC-ROC=72.42%  AUC-PR=62.03%  F1=0.7400  MCC=0.4351  Train=0.255s  Test=2.085s  Peak RAM=37.161 MB
2026-03-18 03:47:14 | INFO | [ncluster=275/275] AUC-ROC=52.60%  AUC-PR=51.49%  F1=0.6295  MCC=0.0630  Train=0.285s  Test=3.358s  Peak RAM=37.161 MB
2026-03-18 03:47:14 | INFO | [ncluster=280/280] AUC-ROC=56.44%  AUC-PR=54.08%  F1=0.6300  MCC=0.1399  Train=0.142s  Test=3.359s  Peak RAM=37.156 MB
2026-03-18 03:47:14 | INFO | [ncluster=285/285] AUC-ROC=54.00%  AUC-PR=52.33%  F1=0.6403  MCC=0.0979  Train=0.184s  Test=3.061s  Peak RAM=37.158 MB
2026-03-18 03:47:14 | INFO | [ncluster=290/290] AUC-ROC=74.59%  AUC-PR=62.52%  F1=0.7782  MCC=0.5206  Train=0.116s  Test=1.923s  Peak RAM=37.158 MB
2026-03-18 03:47:14 | INFO | [ncluster=295/295] AUC-ROC=61.91%  AUC-PR=56.96%  F1=0.6373  MCC=0.2273  Train=0.114s  Test=1.564s  Peak RAM=37.159 MB
2026-03-18 03:47:14 | INFO | [ncluster=300/300] AUC-ROC=74.27%  AUC-PR=62.47%  F1=0.7717  MCC=0.5057  Train=0.097s  Test=1.415s  Peak RAM=37.166 MB
2026-03-18 03:47:14 | INFO | --- noise=1% ---
2026-03-18 03:47:14 | INFO | ============================================================
2026-03-18 03:47:14 | INFO | Dataset  : Train_QuantileTransformer_data_CICIoT2023.csv
2026-03-18 03:47:14 | INFO | Scaler   : QuantileTransformer
2026-03-18 03:47:14 | INFO | Noise    : 1%
2026-03-18 03:47:14 | INFO | nClusters: 51 values (50..300)
2026-03-18 03:47:14 | INFO | ============================================================
2026-03-18 03:47:14 | INFO | Loaded Raw Shape -> Train: (30000, 45), Test: (30000, 45)
2026-03-18 03:47:14 | INFO | Training size : 30,300  |  Testing size: 29,700  |  Features: 44
2026-03-18 03:47:14 | INFO | Firing up Parallel execution for 51 cluster configs...
2026-03-18 03:49:50 | INFO | [ncluster=50/50] AUC-ROC=54.53%  AUC-PR=53.34%  F1=0.6169  MCC=0.0983  Train=0.208s  Test=3.505s  Peak RAM=37.487 MB
2026-03-18 03:49:50 | INFO | [ncluster=55/55] AUC-ROC=52.82%  AUC-PR=52.27%  F1=0.5873  MCC=0.0575  Train=0.295s  Test=6.129s  Peak RAM=37.496 MB
2026-03-18 03:49:50 | INFO | [ncluster=60/60] AUC-ROC=55.90%  AUC-PR=54.32%  F1=0.6339  MCC=0.1358  Train=0.577s  Test=6.786s  Peak RAM=37.487 MB
2026-03-18 03:49:50 | INFO | [ncluster=65/65] AUC-ROC=55.71%  AUC-PR=54.26%  F1=0.6303  MCC=0.1328  Train=0.556s  Test=7.071s  Peak RAM=37.492 MB
2026-03-18 03:49:50 | INFO | [ncluster=70/70] AUC-ROC=50.73%  AUC-PR=50.40%  F1=0.6299  MCC=0.0750  Train=0.768s  Test=6.812s  Peak RAM=37.494 MB
2026-03-18 03:49:50 | INFO | [ncluster=75/75] AUC-ROC=54.02%  AUC-PR=52.99%  F1=0.6073  MCC=0.0837  Train=0.424s  Test=6.372s  Peak RAM=37.49 MB
2026-03-18 03:49:50 | INFO | [ncluster=80/80] AUC-ROC=52.09%  AUC-PR=51.51%  F1=0.6229  MCC=0.0739  Train=0.615s  Test=7.067s  Peak RAM=37.496 MB
2026-03-18 03:49:50 | INFO | [ncluster=85/85] AUC-ROC=54.42%  AUC-PR=53.27%  F1=0.6209  MCC=0.0986  Train=0.544s  Test=7.060s  Peak RAM=37.496 MB
2026-03-18 03:49:50 | INFO | [ncluster=90/90] AUC-ROC=50.95%  AUC-PR=50.68%  F1=0.6379  MCC=0.0745  Train=0.824s  Test=6.990s  Peak RAM=37.493 MB
2026-03-18 03:49:50 | INFO | [ncluster=95/95] AUC-ROC=52.95%  AUC-PR=52.15%  F1=0.6316  MCC=0.0802  Train=1.001s  Test=5.435s  Peak RAM=37.502 MB
2026-03-18 03:49:50 | INFO | [ncluster=100/100] AUC-ROC=50.94%  AUC-PR=50.70%  F1=0.6218  MCC=0.0712  Train=0.804s  Test=5.513s  Peak RAM=37.5 MB
2026-03-18 03:49:50 | INFO | [ncluster=105/105] AUC-ROC=52.35%  AUC-PR=51.67%  F1=0.6270  MCC=0.0825  Train=1.209s  Test=4.821s  Peak RAM=37.495 MB
2026-03-18 03:49:50 | INFO | [ncluster=110/110] AUC-ROC=56.73%  AUC-PR=54.92%  F1=0.6425  MCC=0.1573  Train=0.229s  Test=3.399s  Peak RAM=37.503 MB
2026-03-18 03:49:50 | INFO | [ncluster=115/115] AUC-ROC=56.62%  AUC-PR=54.82%  F1=0.6416  MCC=0.1537  Train=0.381s  Test=3.293s  Peak RAM=37.498 MB
2026-03-18 03:49:50 | INFO | [ncluster=120/120] AUC-ROC=54.27%  AUC-PR=52.54%  F1=0.6516  MCC=0.1327  Train=0.512s  Test=5.242s  Peak RAM=37.499 MB
2026-03-18 03:49:50 | INFO | [ncluster=125/125] AUC-ROC=54.77%  AUC-PR=53.52%  F1=0.6298  MCC=0.1115  Train=0.435s  Test=5.197s  Peak RAM=37.5 MB
2026-03-18 03:49:50 | INFO | [ncluster=130/130] AUC-ROC=63.14%  AUC-PR=55.17%  F1=0.6906  MCC=0.2754  Train=0.333s  Test=4.451s  Peak RAM=37.501 MB
2026-03-18 03:49:50 | INFO | [ncluster=135/135] AUC-ROC=54.13%  AUC-PR=52.46%  F1=0.6558  MCC=0.1291  Train=0.430s  Test=3.622s  Peak RAM=37.5 MB
2026-03-18 03:49:50 | INFO | [ncluster=140/140] AUC-ROC=57.98%  AUC-PR=55.37%  F1=0.6482  MCC=0.1655  Train=0.393s  Test=4.162s  Peak RAM=37.502 MB
2026-03-18 03:49:50 | INFO | [ncluster=145/145] AUC-ROC=55.36%  AUC-PR=53.93%  F1=0.6294  MCC=0.1224  Train=0.498s  Test=3.729s  Peak RAM=37.502 MB
2026-03-18 03:49:50 | INFO | [ncluster=150/150] AUC-ROC=61.08%  AUC-PR=56.30%  F1=0.6344  MCC=0.2303  Train=0.385s  Test=3.322s  Peak RAM=37.505 MB
2026-03-18 03:49:50 | INFO | [ncluster=155/155] AUC-ROC=56.97%  AUC-PR=54.60%  F1=0.6373  MCC=0.1367  Train=0.260s  Test=2.899s  Peak RAM=37.504 MB
2026-03-18 03:49:50 | INFO | [ncluster=160/160] AUC-ROC=60.05%  AUC-PR=56.98%  F1=0.6510  MCC=0.2028  Train=0.310s  Test=4.037s  Peak RAM=37.507 MB
2026-03-18 03:49:50 | INFO | [ncluster=165/165] AUC-ROC=62.78%  AUC-PR=55.58%  F1=0.6251  MCC=0.2618  Train=0.473s  Test=3.719s  Peak RAM=37.505 MB
2026-03-18 03:49:50 | INFO | [ncluster=170/170] AUC-ROC=57.66%  AUC-PR=55.15%  F1=0.6376  MCC=0.1513  Train=0.212s  Test=3.496s  Peak RAM=37.507 MB
2026-03-18 03:49:50 | INFO | [ncluster=175/175] AUC-ROC=59.41%  AUC-PR=56.33%  F1=0.6533  MCC=0.1897  Train=0.509s  Test=3.520s  Peak RAM=37.508 MB
2026-03-18 03:49:50 | INFO | [ncluster=180/180] AUC-ROC=69.24%  AUC-PR=60.24%  F1=0.7192  MCC=0.3746  Train=0.266s  Test=4.636s  Peak RAM=37.509 MB
2026-03-18 03:49:50 | INFO | [ncluster=185/185] AUC-ROC=56.89%  AUC-PR=54.55%  F1=0.6412  MCC=0.1384  Train=0.344s  Test=4.639s  Peak RAM=37.511 MB
2026-03-18 03:49:50 | INFO | [ncluster=190/190] AUC-ROC=51.17%  AUC-PR=50.75%  F1=0.6275  MCC=0.0820  Train=0.465s  Test=3.822s  Peak RAM=37.51 MB
2026-03-18 03:49:50 | INFO | [ncluster=195/195] AUC-ROC=56.17%  AUC-PR=54.07%  F1=0.6583  MCC=0.1350  Train=0.389s  Test=3.372s  Peak RAM=37.512 MB
2026-03-18 03:49:50 | INFO | [ncluster=200/200] AUC-ROC=53.85%  AUC-PR=52.32%  F1=0.6450  MCC=0.1222  Train=0.437s  Test=3.580s  Peak RAM=37.512 MB
2026-03-18 03:49:50 | INFO | [ncluster=205/205] AUC-ROC=73.29%  AUC-PR=61.58%  F1=0.7674  MCC=0.4901  Train=0.257s  Test=3.539s  Peak RAM=37.513 MB
2026-03-18 03:49:50 | INFO | [ncluster=210/210] AUC-ROC=56.87%  AUC-PR=54.60%  F1=0.6252  MCC=0.1287  Train=0.418s  Test=3.799s  Peak RAM=37.514 MB
2026-03-18 03:49:50 | INFO | [ncluster=215/215] AUC-ROC=50.83%  AUC-PR=50.65%  F1=0.6331  MCC=0.0724  Train=0.367s  Test=3.523s  Peak RAM=37.516 MB
2026-03-18 03:49:50 | INFO | [ncluster=220/220] AUC-ROC=68.56%  AUC-PR=59.61%  F1=0.7119  MCC=0.3656  Train=0.190s  Test=3.154s  Peak RAM=37.517 MB
2026-03-18 03:49:50 | INFO | [ncluster=225/225] AUC-ROC=56.66%  AUC-PR=54.42%  F1=0.6414  MCC=0.1358  Train=0.293s  Test=2.927s  Peak RAM=37.517 MB
2026-03-18 03:49:50 | INFO | [ncluster=230/230] AUC-ROC=52.41%  AUC-PR=51.55%  F1=0.6476  MCC=0.0924  Train=0.203s  Test=4.739s  Peak RAM=37.519 MB
2026-03-18 03:49:50 | INFO | [ncluster=235/235] AUC-ROC=54.50%  AUC-PR=52.75%  F1=0.6490  MCC=0.1254  Train=0.384s  Test=5.032s  Peak RAM=37.519 MB
2026-03-18 03:49:50 | INFO | [ncluster=240/240] AUC-ROC=56.13%  AUC-PR=53.98%  F1=0.6439  MCC=0.1271  Train=0.204s  Test=3.678s  Peak RAM=37.521 MB
2026-03-18 03:49:50 | INFO | [ncluster=245/245] AUC-ROC=59.52%  AUC-PR=54.12%  F1=0.6345  MCC=0.1994  Train=0.309s  Test=3.337s  Peak RAM=37.521 MB
2026-03-18 03:49:50 | INFO | [ncluster=250/250] AUC-ROC=69.65%  AUC-PR=58.89%  F1=0.7312  MCC=0.4034  Train=0.237s  Test=2.440s  Peak RAM=37.521 MB
2026-03-18 03:49:50 | INFO | [ncluster=255/255] AUC-ROC=65.78%  AUC-PR=57.82%  F1=0.6894  MCC=0.3161  Train=0.294s  Test=2.443s  Peak RAM=37.522 MB
2026-03-18 03:49:50 | INFO | [ncluster=260/260] AUC-ROC=55.04%  AUC-PR=53.68%  F1=0.6283  MCC=0.1143  Train=0.322s  Test=2.639s  Peak RAM=37.524 MB
2026-03-18 03:49:50 | INFO | [ncluster=265/265] AUC-ROC=58.12%  AUC-PR=55.49%  F1=0.6474  MCC=0.1674  Train=0.220s  Test=2.129s  Peak RAM=37.524 MB
2026-03-18 03:49:50 | INFO | [ncluster=270/270] AUC-ROC=55.51%  AUC-PR=53.58%  F1=0.6528  MCC=0.1258  Train=0.121s  Test=2.594s  Peak RAM=37.526 MB
2026-03-18 03:49:50 | INFO | [ncluster=275/275] AUC-ROC=54.30%  AUC-PR=52.76%  F1=0.6470  MCC=0.1127  Train=0.196s  Test=2.785s  Peak RAM=37.527 MB
2026-03-18 03:49:50 | INFO | [ncluster=280/280] AUC-ROC=58.19%  AUC-PR=55.59%  F1=0.6405  MCC=0.1646  Train=0.116s  Test=1.702s  Peak RAM=37.526 MB
2026-03-18 03:49:50 | INFO | [ncluster=285/285] AUC-ROC=66.09%  AUC-PR=57.57%  F1=0.6935  MCC=0.3349  Train=0.133s  Test=2.490s  Peak RAM=37.528 MB
2026-03-18 03:49:50 | INFO | [ncluster=290/290] AUC-ROC=55.54%  AUC-PR=53.53%  F1=0.6566  MCC=0.1404  Train=0.113s  Test=1.659s  Peak RAM=37.529 MB
2026-03-18 03:49:50 | INFO | [ncluster=295/295] AUC-ROC=52.57%  AUC-PR=51.65%  F1=0.6360  MCC=0.0893  Train=0.184s  Test=1.827s  Peak RAM=37.529 MB
2026-03-18 03:49:50 | INFO | [ncluster=300/300] AUC-ROC=69.90%  AUC-PR=60.20%  F1=0.7184  MCC=0.3843  Train=0.101s  Test=1.736s  Peak RAM=37.531 MB
2026-03-18 03:49:50 | INFO | --- noise=3% ---
2026-03-18 03:49:50 | INFO | ============================================================
2026-03-18 03:49:50 | INFO | Dataset  : Train_QuantileTransformer_data_CICIoT2023.csv
2026-03-18 03:49:50 | INFO | Scaler   : QuantileTransformer
2026-03-18 03:49:50 | INFO | Noise    : 3%
2026-03-18 03:49:50 | INFO | nClusters: 51 values (50..300)
2026-03-18 03:49:50 | INFO | ============================================================
2026-03-18 03:49:50 | INFO | Loaded Raw Shape -> Train: (30000, 45), Test: (30000, 45)
2026-03-18 03:49:50 | INFO | Training size : 30,900  |  Testing size: 29,100  |  Features: 44
2026-03-18 03:49:50 | INFO | Firing up Parallel execution for 51 cluster configs...
2026-03-18 03:52:31 | INFO | [ncluster=50/50] AUC-ROC=54.91%  AUC-PR=54.74%  F1=0.6290  MCC=0.1139  Train=0.372s  Test=5.453s  Peak RAM=38.228 MB
2026-03-18 03:52:31 | INFO | [ncluster=55/55] AUC-ROC=55.02%  AUC-PR=54.66%  F1=0.6463  MCC=0.1198  Train=0.470s  Test=5.515s  Peak RAM=38.228 MB
2026-03-18 03:52:31 | INFO | [ncluster=60/60] AUC-ROC=56.28%  AUC-PR=55.52%  F1=0.6509  MCC=0.1462  Train=0.388s  Test=6.726s  Peak RAM=38.228 MB
2026-03-18 03:52:31 | INFO | [ncluster=65/65] AUC-ROC=56.62%  AUC-PR=55.74%  F1=0.6310  MCC=0.1366  Train=0.400s  Test=6.607s  Peak RAM=38.23 MB
2026-03-18 03:52:31 | INFO | [ncluster=70/70] AUC-ROC=55.86%  AUC-PR=55.14%  F1=0.6280  MCC=0.1187  Train=0.723s  Test=7.035s  Peak RAM=38.23 MB
2026-03-18 03:52:31 | INFO | [ncluster=75/75] AUC-ROC=55.86%  AUC-PR=55.27%  F1=0.6475  MCC=0.1378  Train=0.621s  Test=7.264s  Peak RAM=38.232 MB
2026-03-18 03:52:31 | INFO | [ncluster=80/80] AUC-ROC=57.04%  AUC-PR=55.92%  F1=0.6502  MCC=0.1531  Train=0.658s  Test=7.634s  Peak RAM=38.233 MB
2026-03-18 03:52:31 | INFO | [ncluster=85/85] AUC-ROC=57.66%  AUC-PR=56.41%  F1=0.6515  MCC=0.1665  Train=0.916s  Test=7.540s  Peak RAM=38.233 MB
2026-03-18 03:52:31 | INFO | [ncluster=90/90] AUC-ROC=56.98%  AUC-PR=56.03%  F1=0.6357  MCC=0.1475  Train=0.669s  Test=6.638s  Peak RAM=38.235 MB
2026-03-18 03:52:31 | INFO | [ncluster=95/95] AUC-ROC=57.12%  AUC-PR=55.98%  F1=0.6490  MCC=0.1536  Train=0.798s  Test=5.382s  Peak RAM=38.238 MB
2026-03-18 03:52:31 | INFO | [ncluster=100/100] AUC-ROC=57.81%  AUC-PR=56.40%  F1=0.6567  MCC=0.1694  Train=0.872s  Test=6.659s  Peak RAM=38.237 MB
2026-03-18 03:52:31 | INFO | [ncluster=105/105] AUC-ROC=54.46%  AUC-PR=54.12%  F1=0.6408  MCC=0.0978  Train=0.972s  Test=4.577s  Peak RAM=38.238 MB
2026-03-18 03:52:31 | INFO | [ncluster=110/110] AUC-ROC=56.48%  AUC-PR=55.62%  F1=0.6434  MCC=0.1420  Train=0.362s  Test=3.753s  Peak RAM=38.238 MB
2026-03-18 03:52:31 | INFO | [ncluster=115/115] AUC-ROC=57.99%  AUC-PR=56.72%  F1=0.6518  MCC=0.1750  Train=0.435s  Test=3.587s  Peak RAM=38.238 MB
2026-03-18 03:52:31 | INFO | [ncluster=120/120] AUC-ROC=57.45%  AUC-PR=56.20%  F1=0.6528  MCC=0.1621  Train=0.334s  Test=3.575s  Peak RAM=38.241 MB
2026-03-18 03:52:31 | INFO | [ncluster=125/125] AUC-ROC=57.31%  AUC-PR=56.17%  F1=0.6536  MCC=0.1631  Train=0.311s  Test=3.350s  Peak RAM=38.241 MB
2026-03-18 03:52:31 | INFO | [ncluster=130/130] AUC-ROC=55.76%  AUC-PR=55.03%  F1=0.6331  MCC=0.1176  Train=0.329s  Test=5.489s  Peak RAM=38.242 MB
2026-03-18 03:52:31 | INFO | [ncluster=135/135] AUC-ROC=59.30%  AUC-PR=57.43%  F1=0.6731  MCC=0.2078  Train=0.569s  Test=5.569s  Peak RAM=38.244 MB
2026-03-18 03:52:31 | INFO | [ncluster=140/140] AUC-ROC=57.41%  AUC-PR=56.38%  F1=0.6590  MCC=0.1754  Train=0.362s  Test=4.981s  Peak RAM=38.244 MB
2026-03-18 03:52:31 | INFO | [ncluster=145/145] AUC-ROC=57.32%  AUC-PR=56.16%  F1=0.6472  MCC=0.1568  Train=0.407s  Test=5.719s  Peak RAM=38.245 MB
2026-03-18 03:52:31 | INFO | [ncluster=150/150] AUC-ROC=57.69%  AUC-PR=56.41%  F1=0.6605  MCC=0.1747  Train=0.696s  Test=4.782s  Peak RAM=38.245 MB
2026-03-18 03:52:31 | INFO | [ncluster=155/155] AUC-ROC=56.60%  AUC-PR=55.64%  F1=0.6476  MCC=0.1447  Train=0.548s  Test=3.849s  Peak RAM=38.246 MB
2026-03-18 03:52:31 | INFO | [ncluster=160/160] AUC-ROC=56.33%  AUC-PR=55.45%  F1=0.6489  MCC=0.1410  Train=0.527s  Test=3.942s  Peak RAM=38.248 MB
2026-03-18 03:52:31 | INFO | [ncluster=165/165] AUC-ROC=56.44%  AUC-PR=55.54%  F1=0.6504  MCC=0.1445  Train=0.478s  Test=3.846s  Peak RAM=38.249 MB
2026-03-18 03:52:31 | INFO | [ncluster=170/170] AUC-ROC=56.16%  AUC-PR=55.30%  F1=0.6566  MCC=0.1433  Train=0.237s  Test=3.216s  Peak RAM=38.249 MB
2026-03-18 03:52:31 | INFO | [ncluster=175/175] AUC-ROC=55.81%  AUC-PR=55.14%  F1=0.6401  MCC=0.1272  Train=0.255s  Test=3.652s  Peak RAM=38.25 MB
2026-03-18 03:52:31 | INFO | [ncluster=180/180] AUC-ROC=66.90%  AUC-PR=65.54%  F1=0.6395  MCC=0.2862  Train=0.307s  Test=3.553s  Peak RAM=38.252 MB
2026-03-18 03:52:31 | INFO | [ncluster=185/185] AUC-ROC=56.62%  AUC-PR=55.72%  F1=0.6443  MCC=0.1454  Train=0.421s  Test=3.378s  Peak RAM=38.251 MB
2026-03-18 03:52:31 | INFO | [ncluster=190/190] AUC-ROC=65.21%  AUC-PR=63.07%  F1=0.6118  MCC=0.2049  Train=0.210s  Test=3.559s  Peak RAM=38.252 MB
2026-03-18 03:52:31 | INFO | [ncluster=195/195] AUC-ROC=57.59%  AUC-PR=56.44%  F1=0.6506  MCC=0.1681  Train=0.290s  Test=5.049s  Peak RAM=38.253 MB
2026-03-18 03:52:31 | INFO | [ncluster=200/200] AUC-ROC=57.48%  AUC-PR=56.38%  F1=0.6445  MCC=0.1619  Train=0.293s  Test=4.995s  Peak RAM=38.256 MB
2026-03-18 03:52:31 | INFO | [ncluster=205/205] AUC-ROC=55.77%  AUC-PR=55.06%  F1=0.6435  MCC=0.1262  Train=0.384s  Test=5.485s  Peak RAM=38.255 MB
2026-03-18 03:52:31 | INFO | [ncluster=210/210] AUC-ROC=56.97%  AUC-PR=55.96%  F1=0.6423  MCC=0.1493  Train=0.365s  Test=3.797s  Peak RAM=38.255 MB
2026-03-18 03:52:31 | INFO | [ncluster=215/215] AUC-ROC=64.58%  AUC-PR=55.59%  F1=0.7536  MCC=0.4238  Train=0.281s  Test=3.842s  Peak RAM=38.257 MB
2026-03-18 03:52:31 | INFO | [ncluster=220/220] AUC-ROC=51.67%  AUC-PR=52.27%  F1=0.6491  MCC=0.0852  Train=0.291s  Test=3.403s  Peak RAM=38.259 MB
2026-03-18 03:52:31 | INFO | [ncluster=225/225] AUC-ROC=70.08%  AUC-PR=65.07%  F1=0.7182  MCC=0.3759  Train=0.298s  Test=2.960s  Peak RAM=38.259 MB
2026-03-18 03:52:31 | INFO | [ncluster=230/230] AUC-ROC=58.24%  AUC-PR=56.76%  F1=0.6685  MCC=0.1903  Train=0.297s  Test=3.058s  Peak RAM=38.26 MB
2026-03-18 03:52:31 | INFO | [ncluster=235/235] AUC-ROC=68.43%  AUC-PR=60.99%  F1=0.7242  MCC=0.3765  Train=0.333s  Test=3.518s  Peak RAM=38.261 MB
2026-03-18 03:52:31 | INFO | [ncluster=240/240] AUC-ROC=72.93%  AUC-PR=69.69%  F1=0.7204  MCC=0.4019  Train=0.369s  Test=3.812s  Peak RAM=38.262 MB
2026-03-18 03:52:31 | INFO | [ncluster=245/245] AUC-ROC=69.22%  AUC-PR=66.15%  F1=0.6983  MCC=0.3350  Train=0.357s  Test=4.068s  Peak RAM=38.262 MB
2026-03-18 03:52:31 | INFO | [ncluster=250/250] AUC-ROC=72.65%  AUC-PR=69.38%  F1=0.7103  MCC=0.3718  Train=0.460s  Test=4.048s  Peak RAM=38.264 MB
2026-03-18 03:52:31 | INFO | [ncluster=255/255] AUC-ROC=69.28%  AUC-PR=67.14%  F1=0.6759  MCC=0.3312  Train=0.239s  Test=2.703s  Peak RAM=38.264 MB
2026-03-18 03:52:31 | INFO | [ncluster=260/260] AUC-ROC=61.03%  AUC-PR=54.20%  F1=0.7035  MCC=0.3037  Train=0.587s  Test=2.962s  Peak RAM=38.266 MB
2026-03-18 03:52:31 | INFO | [ncluster=265/265] AUC-ROC=68.18%  AUC-PR=64.88%  F1=0.6881  MCC=0.3025  Train=0.208s  Test=2.906s  Peak RAM=38.266 MB
2026-03-18 03:52:31 | INFO | [ncluster=270/270] AUC-ROC=65.71%  AUC-PR=62.76%  F1=0.6413  MCC=0.2695  Train=0.227s  Test=2.262s  Peak RAM=38.266 MB
2026-03-18 03:52:31 | INFO | [ncluster=275/275] AUC-ROC=68.09%  AUC-PR=60.63%  F1=0.7111  MCC=0.3591  Train=0.176s  Test=2.982s  Peak RAM=38.268 MB
2026-03-18 03:52:31 | INFO | [ncluster=280/280] AUC-ROC=56.63%  AUC-PR=55.68%  F1=0.6557  MCC=0.1532  Train=0.224s  Test=2.888s  Peak RAM=38.269 MB
2026-03-18 03:52:31 | INFO | [ncluster=285/285] AUC-ROC=64.92%  AUC-PR=55.69%  F1=0.7485  MCC=0.4182  Train=0.228s  Test=1.921s  Peak RAM=38.271 MB
2026-03-18 03:52:31 | INFO | [ncluster=290/290] AUC-ROC=65.37%  AUC-PR=57.00%  F1=0.7496  MCC=0.4209  Train=0.129s  Test=2.181s  Peak RAM=38.271 MB
2026-03-18 03:52:31 | INFO | [ncluster=295/295] AUC-ROC=68.33%  AUC-PR=60.72%  F1=0.7242  MCC=0.3735  Train=0.118s  Test=1.943s  Peak RAM=38.272 MB
2026-03-18 03:52:31 | INFO | [ncluster=300/300] AUC-ROC=62.45%  AUC-PR=55.74%  F1=0.7099  MCC=0.3167  Train=0.119s  Test=1.608s  Peak RAM=38.271 MB
2026-03-18 03:52:31 | INFO | --- noise=5% ---
2026-03-18 03:52:31 | INFO | ============================================================
2026-03-18 03:52:31 | INFO | Dataset  : Train_QuantileTransformer_data_CICIoT2023.csv
2026-03-18 03:52:31 | INFO | Scaler   : QuantileTransformer
2026-03-18 03:52:31 | INFO | Noise    : 5%
2026-03-18 03:52:31 | INFO | nClusters: 51 values (50..300)
2026-03-18 03:52:31 | INFO | ============================================================
2026-03-18 03:52:31 | INFO | Loaded Raw Shape -> Train: (30000, 45), Test: (30000, 45)
2026-03-18 03:52:31 | INFO | Training size : 31,500  |  Testing size: 28,500  |  Features: 44
2026-03-18 03:52:31 | INFO | Firing up Parallel execution for 51 cluster configs...
2026-03-18 03:55:17 | INFO | [ncluster=50/50] AUC-ROC=52.36%  AUC-PR=53.95%  F1=0.6378  MCC=0.0613  Train=0.244s  Test=6.205s  Peak RAM=38.969 MB
2026-03-18 03:55:17 | INFO | [ncluster=55/55] AUC-ROC=49.73%  AUC-PR=51.96%  F1=0.6317  MCC=0.0599  Train=0.388s  Test=6.591s  Peak RAM=38.971 MB
2026-03-18 03:55:18 | INFO | [ncluster=60/60] AUC-ROC=52.81%  AUC-PR=54.35%  F1=0.6217  MCC=0.0598  Train=0.594s  Test=7.856s  Peak RAM=38.971 MB
2026-03-18 03:55:18 | INFO | [ncluster=65/65] AUC-ROC=55.18%  AUC-PR=56.06%  F1=0.6251  MCC=0.1158  Train=0.639s  Test=8.456s  Peak RAM=38.972 MB
2026-03-18 03:55:18 | INFO | [ncluster=70/70] AUC-ROC=51.39%  AUC-PR=53.26%  F1=0.6388  MCC=0.0578  Train=0.386s  Test=8.761s  Peak RAM=38.972 MB
2026-03-18 03:55:18 | INFO | [ncluster=75/75] AUC-ROC=52.13%  AUC-PR=53.78%  F1=0.6366  MCC=0.0659  Train=0.619s  Test=7.211s  Peak RAM=38.972 MB
2026-03-18 03:55:18 | INFO | [ncluster=80/80] AUC-ROC=50.55%  AUC-PR=52.55%  F1=0.6331  MCC=0.0662  Train=0.800s  Test=8.484s  Peak RAM=38.975 MB
2026-03-18 03:55:18 | INFO | [ncluster=85/85] AUC-ROC=53.62%  AUC-PR=54.95%  F1=0.6248  MCC=0.0837  Train=0.803s  Test=8.144s  Peak RAM=38.976 MB
2026-03-18 03:55:18 | INFO | [ncluster=90/90] AUC-ROC=55.01%  AUC-PR=55.93%  F1=0.6288  MCC=0.1139  Train=1.181s  Test=6.547s  Peak RAM=38.977 MB
2026-03-18 03:55:18 | INFO | [ncluster=95/95] AUC-ROC=56.64%  AUC-PR=56.93%  F1=0.6572  MCC=0.1559  Train=0.702s  Test=6.334s  Peak RAM=38.977 MB
2026-03-18 03:55:18 | INFO | [ncluster=100/100] AUC-ROC=54.64%  AUC-PR=55.66%  F1=0.6185  MCC=0.1015  Train=0.778s  Test=6.523s  Peak RAM=38.978 MB
2026-03-18 03:55:18 | INFO | [ncluster=105/105] AUC-ROC=54.12%  AUC-PR=55.21%  F1=0.6197  MCC=0.0870  Train=0.635s  Test=6.739s  Peak RAM=38.978 MB
2026-03-18 03:55:18 | INFO | [ncluster=110/110] AUC-ROC=54.45%  AUC-PR=55.45%  F1=0.6137  MCC=0.0920  Train=0.256s  Test=4.154s  Peak RAM=38.98 MB
2026-03-18 03:55:18 | INFO | [ncluster=115/115] AUC-ROC=53.92%  AUC-PR=55.00%  F1=0.6428  MCC=0.0910  Train=0.292s  Test=3.749s  Peak RAM=38.981 MB
2026-03-18 03:55:18 | INFO | [ncluster=120/120] AUC-ROC=54.16%  AUC-PR=55.19%  F1=0.6274  MCC=0.0891  Train=0.475s  Test=5.025s  Peak RAM=38.983 MB
2026-03-18 03:55:18 | INFO | [ncluster=125/125] AUC-ROC=55.52%  AUC-PR=56.20%  F1=0.6450  MCC=0.1289  Train=0.325s  Test=5.169s  Peak RAM=38.981 MB
2026-03-18 03:55:18 | INFO | [ncluster=130/130] AUC-ROC=54.43%  AUC-PR=55.35%  F1=0.6388  MCC=0.0992  Train=0.336s  Test=5.640s  Peak RAM=38.983 MB
2026-03-18 03:55:18 | INFO | [ncluster=135/135] AUC-ROC=53.46%  AUC-PR=54.67%  F1=0.6404  MCC=0.0848  Train=0.760s  Test=5.511s  Peak RAM=38.983 MB
2026-03-18 03:55:18 | INFO | [ncluster=140/140] AUC-ROC=69.30%  AUC-PR=67.17%  F1=0.6618  MCC=0.3065  Train=0.451s  Test=5.728s  Peak RAM=38.985 MB
2026-03-18 03:55:18 | INFO | [ncluster=145/145] AUC-ROC=62.65%  AUC-PR=61.45%  F1=0.6022  MCC=0.2208  Train=0.707s  Test=4.032s  Peak RAM=38.987 MB
2026-03-18 03:55:18 | INFO | [ncluster=150/150] AUC-ROC=54.37%  AUC-PR=55.29%  F1=0.6307  MCC=0.0929  Train=0.353s  Test=3.985s  Peak RAM=38.987 MB
2026-03-18 03:55:18 | INFO | [ncluster=155/155] AUC-ROC=63.84%  AUC-PR=60.66%  F1=0.6301  MCC=0.2126  Train=0.296s  Test=3.717s  Peak RAM=38.987 MB
2026-03-18 03:55:18 | INFO | [ncluster=160/160] AUC-ROC=54.19%  AUC-PR=55.26%  F1=0.6400  MCC=0.0988  Train=0.546s  Test=4.025s  Peak RAM=38.988 MB
2026-03-18 03:55:18 | INFO | [ncluster=165/165] AUC-ROC=50.55%  AUC-PR=52.58%  F1=0.6485  MCC=0.0699  Train=0.272s  Test=4.331s  Peak RAM=38.989 MB
2026-03-18 03:55:18 | INFO | [ncluster=170/170] AUC-ROC=72.09%  AUC-PR=69.02%  F1=0.7194  MCC=0.3659  Train=0.315s  Test=4.015s  Peak RAM=38.991 MB
2026-03-18 03:55:18 | INFO | [ncluster=175/175] AUC-ROC=67.66%  AUC-PR=64.79%  F1=0.6858  MCC=0.3131  Train=0.361s  Test=4.078s  Peak RAM=38.993 MB
2026-03-18 03:55:18 | INFO | [ncluster=180/180] AUC-ROC=58.86%  AUC-PR=53.48%  F1=0.6700  MCC=0.2480  Train=0.238s  Test=3.230s  Peak RAM=38.992 MB
2026-03-18 03:55:18 | INFO | [ncluster=185/185] AUC-ROC=69.41%  AUC-PR=65.94%  F1=0.7076  MCC=0.3219  Train=0.425s  Test=5.455s  Peak RAM=38.992 MB
2026-03-18 03:55:18 | INFO | [ncluster=190/190] AUC-ROC=54.46%  AUC-PR=55.39%  F1=0.6410  MCC=0.1020  Train=0.227s  Test=4.602s  Peak RAM=38.995 MB
2026-03-18 03:55:18 | INFO | [ncluster=195/195] AUC-ROC=70.43%  AUC-PR=66.75%  F1=0.6903  MCC=0.3393  Train=0.456s  Test=5.052s  Peak RAM=38.995 MB
2026-03-18 03:55:18 | INFO | [ncluster=200/200] AUC-ROC=71.09%  AUC-PR=64.11%  F1=0.7169  MCC=0.3712  Train=0.564s  Test=5.187s  Peak RAM=38.996 MB
2026-03-18 03:55:18 | INFO | [ncluster=205/205] AUC-ROC=72.79%  AUC-PR=69.86%  F1=0.7029  MCC=0.3744  Train=0.684s  Test=4.798s  Peak RAM=38.998 MB
2026-03-18 03:55:18 | INFO | [ncluster=210/210] AUC-ROC=54.85%  AUC-PR=55.72%  F1=0.6349  MCC=0.1097  Train=0.350s  Test=3.790s  Peak RAM=39.0 MB
2026-03-18 03:55:18 | INFO | [ncluster=215/215] AUC-ROC=65.53%  AUC-PR=63.18%  F1=0.6332  MCC=0.2543  Train=0.299s  Test=3.468s  Peak RAM=38.998 MB
2026-03-18 03:55:18 | INFO | [ncluster=220/220] AUC-ROC=66.02%  AUC-PR=63.36%  F1=0.6421  MCC=0.2904  Train=0.509s  Test=5.383s  Peak RAM=38.999 MB
2026-03-18 03:55:18 | INFO | [ncluster=225/225] AUC-ROC=66.79%  AUC-PR=65.82%  F1=0.6570  MCC=0.2747  Train=0.409s  Test=5.533s  Peak RAM=39.001 MB
2026-03-18 03:55:18 | INFO | [ncluster=230/230] AUC-ROC=66.33%  AUC-PR=63.35%  F1=0.6583  MCC=0.2713  Train=0.333s  Test=3.112s  Peak RAM=39.002 MB
2026-03-18 03:55:18 | INFO | [ncluster=235/235] AUC-ROC=70.20%  AUC-PR=67.37%  F1=0.6751  MCC=0.3227  Train=0.353s  Test=3.383s  Peak RAM=39.003 MB
2026-03-18 03:55:18 | INFO | [ncluster=240/240] AUC-ROC=67.29%  AUC-PR=62.68%  F1=0.6669  MCC=0.2962  Train=0.177s  Test=3.343s  Peak RAM=39.004 MB
2026-03-18 03:55:18 | INFO | [ncluster=245/245] AUC-ROC=66.23%  AUC-PR=64.76%  F1=0.6275  MCC=0.2769  Train=0.253s  Test=3.419s  Peak RAM=39.004 MB
2026-03-18 03:55:18 | INFO | [ncluster=250/250] AUC-ROC=62.76%  AUC-PR=60.63%  F1=0.6381  MCC=0.2524  Train=0.449s  Test=3.508s  Peak RAM=39.005 MB
2026-03-18 03:55:18 | INFO | [ncluster=255/255] AUC-ROC=63.90%  AUC-PR=60.21%  F1=0.6706  MCC=0.2305  Train=0.441s  Test=4.187s  Peak RAM=39.004 MB
2026-03-18 03:55:18 | INFO | [ncluster=260/260] AUC-ROC=69.46%  AUC-PR=66.79%  F1=0.6798  MCC=0.3404  Train=0.243s  Test=4.140s  Peak RAM=39.007 MB
2026-03-18 03:55:18 | INFO | [ncluster=265/265] AUC-ROC=75.07%  AUC-PR=70.01%  F1=0.7586  MCC=0.4535  Train=0.372s  Test=4.311s  Peak RAM=39.008 MB
2026-03-18 03:55:18 | INFO | [ncluster=270/270] AUC-ROC=68.51%  AUC-PR=63.78%  F1=0.6839  MCC=0.3063  Train=0.251s  Test=3.469s  Peak RAM=39.008 MB
2026-03-18 03:55:18 | INFO | [ncluster=275/275] AUC-ROC=69.84%  AUC-PR=67.26%  F1=0.6996  MCC=0.3349  Train=0.304s  Test=2.577s  Peak RAM=39.009 MB
2026-03-18 03:55:18 | INFO | [ncluster=280/280] AUC-ROC=54.28%  AUC-PR=55.31%  F1=0.6332  MCC=0.0964  Train=0.121s  Test=1.899s  Peak RAM=39.01 MB
2026-03-18 03:55:18 | INFO | [ncluster=285/285] AUC-ROC=62.44%  AUC-PR=55.36%  F1=0.7115  MCC=0.3382  Train=0.216s  Test=2.154s  Peak RAM=39.012 MB
2026-03-18 03:55:18 | INFO | [ncluster=290/290] AUC-ROC=67.10%  AUC-PR=62.39%  F1=0.6900  MCC=0.3165  Train=0.148s  Test=2.125s  Peak RAM=39.012 MB
2026-03-18 03:55:18 | INFO | [ncluster=295/295] AUC-ROC=71.66%  AUC-PR=70.22%  F1=0.7106  MCC=0.3993  Train=0.127s  Test=2.022s  Peak RAM=39.012 MB
2026-03-18 03:55:18 | INFO | [ncluster=300/300] AUC-ROC=62.03%  AUC-PR=59.36%  F1=0.5691  MCC=0.2128  Train=0.127s  Test=1.851s  Peak RAM=39.014 MB
2026-03-18 03:55:18 | INFO | 
>>> Processing data_CICIoT2023 | scaler=RobustScaler
2026-03-18 03:55:18 | INFO | --- noise=0% ---
2026-03-18 03:55:18 | INFO | ============================================================
2026-03-18 03:55:18 | INFO | Dataset  : Train_RobustScaler_data_CICIoT2023.csv
2026-03-18 03:55:18 | INFO | Scaler   : RobustScaler
2026-03-18 03:55:18 | INFO | Noise    : 0%
2026-03-18 03:55:18 | INFO | nClusters: 51 values (50..300)
2026-03-18 03:55:18 | INFO | ============================================================
2026-03-18 03:55:18 | INFO | Loaded Raw Shape -> Train: (30000, 45), Test: (30000, 45)
2026-03-18 03:55:18 | INFO | Training size : 30,000  |  Testing size: 30,000  |  Features: 44
2026-03-18 03:55:18 | INFO | Firing up Parallel execution for 51 cluster configs...
2026-03-18 03:57:44 | INFO | [ncluster=50/50] AUC-ROC=50.00%  AUC-PR=50.00%  F1=0.0000  MCC=0.0000  Train=0.393s  Test=3.868s  Peak RAM=37.114 MB
2026-03-18 03:57:44 | INFO | [ncluster=55/55] AUC-ROC=50.00%  AUC-PR=50.00%  F1=0.0000  MCC=0.0000  Train=0.274s  Test=4.107s  Peak RAM=37.116 MB
2026-03-18 03:57:44 | INFO | [ncluster=60/60] AUC-ROC=50.00%  AUC-PR=50.00%  F1=0.0000  MCC=0.0000  Train=0.489s  Test=5.203s  Peak RAM=37.116 MB
2026-03-18 03:57:44 | INFO | [ncluster=65/65] AUC-ROC=50.00%  AUC-PR=50.00%  F1=0.0000  MCC=0.0000  Train=0.376s  Test=5.335s  Peak RAM=37.117 MB
2026-03-18 03:57:44 | INFO | [ncluster=70/70] AUC-ROC=50.00%  AUC-PR=50.00%  F1=0.0000  MCC=0.0000  Train=0.349s  Test=4.642s  Peak RAM=37.118 MB
2026-03-18 03:57:44 | INFO | [ncluster=75/75] AUC-ROC=50.00%  AUC-PR=50.00%  F1=0.0000  MCC=0.0000  Train=0.584s  Test=5.973s  Peak RAM=37.12 MB
2026-03-18 03:57:44 | INFO | [ncluster=80/80] AUC-ROC=50.00%  AUC-PR=50.00%  F1=0.0000  MCC=0.0000  Train=0.623s  Test=5.777s  Peak RAM=37.12 MB
2026-03-18 03:57:44 | INFO | [ncluster=85/85] AUC-ROC=50.00%  AUC-PR=50.00%  F1=0.0000  MCC=0.0000  Train=0.764s  Test=6.470s  Peak RAM=37.12 MB
2026-03-18 03:57:44 | INFO | [ncluster=90/90] AUC-ROC=50.00%  AUC-PR=50.00%  F1=0.0000  MCC=0.0000  Train=0.582s  Test=6.091s  Peak RAM=37.123 MB
2026-03-18 03:57:44 | INFO | [ncluster=95/95] AUC-ROC=50.00%  AUC-PR=50.00%  F1=0.0000  MCC=0.0000  Train=0.990s  Test=5.339s  Peak RAM=37.123 MB
2026-03-18 03:57:44 | INFO | [ncluster=100/100] AUC-ROC=50.00%  AUC-PR=50.00%  F1=0.0000  MCC=0.0000  Train=0.649s  Test=5.452s  Peak RAM=37.124 MB
2026-03-18 03:57:44 | INFO | [ncluster=105/105] AUC-ROC=50.00%  AUC-PR=50.00%  F1=0.0000  MCC=0.0000  Train=0.599s  Test=3.749s  Peak RAM=37.125 MB
2026-03-18 03:57:44 | INFO | [ncluster=110/110] AUC-ROC=50.00%  AUC-PR=50.00%  F1=0.0000  MCC=0.0000  Train=0.177s  Test=2.797s  Peak RAM=37.126 MB
2026-03-18 03:57:44 | INFO | [ncluster=115/115] AUC-ROC=50.00%  AUC-PR=50.00%  F1=0.0000  MCC=0.0000  Train=0.209s  Test=3.653s  Peak RAM=37.126 MB
2026-03-18 03:57:44 | INFO | [ncluster=120/120] AUC-ROC=50.00%  AUC-PR=50.00%  F1=0.0000  MCC=0.0000  Train=0.348s  Test=3.607s  Peak RAM=37.127 MB
2026-03-18 03:57:44 | INFO | [ncluster=125/125] AUC-ROC=50.00%  AUC-PR=50.00%  F1=0.0000  MCC=0.0000  Train=0.199s  Test=3.396s  Peak RAM=37.129 MB
2026-03-18 03:57:44 | INFO | [ncluster=130/130] AUC-ROC=50.00%  AUC-PR=50.00%  F1=0.0000  MCC=0.0000  Train=0.383s  Test=3.456s  Peak RAM=37.128 MB
2026-03-18 03:57:44 | INFO | [ncluster=135/135] AUC-ROC=50.00%  AUC-PR=50.00%  F1=0.0000  MCC=0.0000  Train=0.301s  Test=3.030s  Peak RAM=37.131 MB
2026-03-18 03:57:44 | INFO | [ncluster=140/140] AUC-ROC=50.00%  AUC-PR=50.00%  F1=0.0000  MCC=0.0000  Train=0.307s  Test=3.173s  Peak RAM=37.131 MB
2026-03-18 03:57:44 | INFO | [ncluster=145/145] AUC-ROC=50.00%  AUC-PR=50.00%  F1=0.0000  MCC=0.0000  Train=0.336s  Test=4.439s  Peak RAM=37.132 MB
2026-03-18 03:57:44 | INFO | [ncluster=150/150] AUC-ROC=50.00%  AUC-PR=50.00%  F1=0.0000  MCC=0.0000  Train=0.384s  Test=4.633s  Peak RAM=37.133 MB
2026-03-18 03:57:44 | INFO | [ncluster=155/155] AUC-ROC=50.00%  AUC-PR=50.00%  F1=0.0000  MCC=0.0000  Train=0.566s  Test=3.980s  Peak RAM=37.132 MB
2026-03-18 03:57:44 | INFO | [ncluster=160/160] AUC-ROC=50.00%  AUC-PR=50.00%  F1=0.0000  MCC=0.0000  Train=0.254s  Test=4.618s  Peak RAM=37.135 MB
2026-03-18 03:57:44 | INFO | [ncluster=165/165] AUC-ROC=50.00%  AUC-PR=50.00%  F1=0.0000  MCC=0.0000  Train=0.335s  Test=2.811s  Peak RAM=37.135 MB
2026-03-18 03:57:44 | INFO | [ncluster=170/170] AUC-ROC=50.00%  AUC-PR=50.00%  F1=0.0000  MCC=0.0000  Train=0.237s  Test=2.553s  Peak RAM=37.137 MB
2026-03-18 03:57:44 | INFO | [ncluster=175/175] AUC-ROC=50.00%  AUC-PR=50.00%  F1=0.0000  MCC=0.0000  Train=0.226s  Test=2.691s  Peak RAM=37.138 MB
2026-03-18 03:57:44 | INFO | [ncluster=180/180] AUC-ROC=50.00%  AUC-PR=50.00%  F1=0.0000  MCC=0.0000  Train=0.192s  Test=3.040s  Peak RAM=37.137 MB
2026-03-18 03:57:44 | INFO | [ncluster=185/185] AUC-ROC=50.00%  AUC-PR=50.00%  F1=0.0000  MCC=0.0000  Train=0.283s  Test=3.634s  Peak RAM=37.139 MB
2026-03-18 03:57:44 | INFO | [ncluster=190/190] AUC-ROC=50.00%  AUC-PR=50.00%  F1=0.0000  MCC=0.0000  Train=0.410s  Test=4.310s  Peak RAM=37.139 MB
2026-03-18 03:57:44 | INFO | [ncluster=195/195] AUC-ROC=50.00%  AUC-PR=50.00%  F1=0.0000  MCC=0.0000  Train=0.395s  Test=3.044s  Peak RAM=37.142 MB
2026-03-18 03:57:44 | INFO | [ncluster=200/200] AUC-ROC=50.00%  AUC-PR=50.00%  F1=0.0000  MCC=0.0000  Train=0.356s  Test=2.771s  Peak RAM=37.143 MB
2026-03-18 03:57:44 | INFO | [ncluster=205/205] AUC-ROC=50.00%  AUC-PR=50.00%  F1=0.0000  MCC=0.0000  Train=0.259s  Test=3.514s  Peak RAM=37.143 MB
2026-03-18 03:57:44 | INFO | [ncluster=210/210] AUC-ROC=50.00%  AUC-PR=50.00%  F1=0.0000  MCC=0.0000  Train=0.259s  Test=2.958s  Peak RAM=37.144 MB
2026-03-18 03:57:44 | INFO | [ncluster=215/215] AUC-ROC=50.00%  AUC-PR=50.00%  F1=0.0000  MCC=0.0000  Train=0.267s  Test=3.469s  Peak RAM=37.144 MB
2026-03-18 03:57:44 | INFO | [ncluster=220/220] AUC-ROC=50.00%  AUC-PR=50.00%  F1=0.0000  MCC=0.0000  Train=0.342s  Test=3.436s  Peak RAM=37.146 MB
2026-03-18 03:57:44 | INFO | [ncluster=225/225] AUC-ROC=50.00%  AUC-PR=50.00%  F1=0.0000  MCC=0.0000  Train=0.400s  Test=3.110s  Peak RAM=37.147 MB
2026-03-18 03:57:44 | INFO | [ncluster=230/230] AUC-ROC=50.00%  AUC-PR=50.00%  F1=0.0000  MCC=0.0000  Train=0.189s  Test=2.924s  Peak RAM=37.148 MB
2026-03-18 03:57:44 | INFO | [ncluster=235/235] AUC-ROC=50.00%  AUC-PR=50.00%  F1=0.0000  MCC=0.0000  Train=0.288s  Test=2.685s  Peak RAM=37.148 MB
2026-03-18 03:57:44 | INFO | [ncluster=240/240] AUC-ROC=50.00%  AUC-PR=50.00%  F1=0.0000  MCC=0.0000  Train=0.424s  Test=2.759s  Peak RAM=37.148 MB
2026-03-18 03:57:44 | INFO | [ncluster=245/245] AUC-ROC=50.00%  AUC-PR=50.00%  F1=0.0000  MCC=0.0000  Train=0.199s  Test=4.188s  Peak RAM=37.15 MB
2026-03-18 03:57:44 | INFO | [ncluster=250/250] AUC-ROC=50.00%  AUC-PR=50.00%  F1=0.0000  MCC=0.0000  Train=0.270s  Test=4.597s  Peak RAM=37.15 MB
2026-03-18 03:57:44 | INFO | [ncluster=255/255] AUC-ROC=50.00%  AUC-PR=50.00%  F1=0.0000  MCC=0.0000  Train=0.214s  Test=2.307s  Peak RAM=37.152 MB
2026-03-18 03:57:44 | INFO | [ncluster=260/260] AUC-ROC=50.00%  AUC-PR=50.00%  F1=0.0000  MCC=0.0000  Train=0.327s  Test=3.190s  Peak RAM=37.152 MB
2026-03-18 03:57:44 | INFO | [ncluster=265/265] AUC-ROC=50.00%  AUC-PR=50.00%  F1=0.0000  MCC=0.0000  Train=0.270s  Test=2.913s  Peak RAM=37.154 MB
2026-03-18 03:57:44 | INFO | [ncluster=270/270] AUC-ROC=50.00%  AUC-PR=50.00%  F1=0.0000  MCC=0.0000  Train=0.330s  Test=2.623s  Peak RAM=37.155 MB
2026-03-18 03:57:44 | INFO | [ncluster=275/275] AUC-ROC=50.00%  AUC-PR=50.00%  F1=0.0000  MCC=0.0000  Train=0.166s  Test=2.122s  Peak RAM=37.156 MB
2026-03-18 03:57:44 | INFO | [ncluster=280/280] AUC-ROC=50.00%  AUC-PR=50.00%  F1=0.0000  MCC=0.0000  Train=0.204s  Test=2.092s  Peak RAM=37.157 MB
2026-03-18 03:57:44 | INFO | [ncluster=285/285] AUC-ROC=50.00%  AUC-PR=50.00%  F1=0.0000  MCC=0.0000  Train=0.136s  Test=2.102s  Peak RAM=37.157 MB
2026-03-18 03:57:44 | INFO | [ncluster=290/290] AUC-ROC=50.00%  AUC-PR=50.00%  F1=0.0000  MCC=0.0000  Train=0.111s  Test=1.863s  Peak RAM=37.158 MB
2026-03-18 03:57:44 | INFO | [ncluster=295/295] AUC-ROC=50.00%  AUC-PR=50.00%  F1=0.0000  MCC=0.0000  Train=0.144s  Test=1.837s  Peak RAM=37.159 MB
2026-03-18 03:57:44 | INFO | [ncluster=300/300] AUC-ROC=50.00%  AUC-PR=50.00%  F1=0.0000  MCC=0.0000  Train=0.129s  Test=1.673s  Peak RAM=37.159 MB
2026-03-18 03:57:44 | INFO | --- noise=1% ---
2026-03-18 03:57:44 | INFO | ============================================================
2026-03-18 03:57:44 | INFO | Dataset  : Train_RobustScaler_data_CICIoT2023.csv
2026-03-18 03:57:44 | INFO | Scaler   : RobustScaler
2026-03-18 03:57:44 | INFO | Noise    : 1%
2026-03-18 03:57:44 | INFO | nClusters: 51 values (50..300)
2026-03-18 03:57:44 | INFO | ============================================================
2026-03-18 03:57:45 | INFO | Loaded Raw Shape -> Train: (30000, 45), Test: (30000, 45)
2026-03-18 03:57:45 | INFO | Training size : 30,300  |  Testing size: 29,700  |  Features: 44
2026-03-18 03:57:45 | INFO | Firing up Parallel execution for 51 cluster configs...
2026-03-18 04:00:23 | INFO | [ncluster=50/50] AUC-ROC=50.00%  AUC-PR=50.51%  F1=0.0000  MCC=0.0000  Train=0.488s  Test=5.997s  Peak RAM=37.485 MB
2026-03-18 04:00:23 | INFO | [ncluster=55/55] AUC-ROC=50.00%  AUC-PR=50.51%  F1=0.0000  MCC=0.0000  Train=0.411s  Test=5.379s  Peak RAM=37.486 MB
2026-03-18 04:00:23 | INFO | [ncluster=60/60] AUC-ROC=50.00%  AUC-PR=50.51%  F1=0.0000  MCC=0.0000  Train=0.491s  Test=5.759s  Peak RAM=37.488 MB
2026-03-18 04:00:23 | INFO | [ncluster=65/65] AUC-ROC=50.00%  AUC-PR=50.51%  F1=0.0000  MCC=0.0000  Train=0.570s  Test=5.832s  Peak RAM=37.489 MB
2026-03-18 04:00:23 | INFO | [ncluster=70/70] AUC-ROC=50.00%  AUC-PR=50.51%  F1=0.0000  MCC=0.0000  Train=0.689s  Test=5.031s  Peak RAM=37.489 MB
2026-03-18 04:00:23 | INFO | [ncluster=75/75] AUC-ROC=50.00%  AUC-PR=50.51%  F1=0.0000  MCC=0.0000  Train=0.743s  Test=5.456s  Peak RAM=37.49 MB
2026-03-18 04:00:23 | INFO | [ncluster=80/80] AUC-ROC=50.00%  AUC-PR=50.51%  F1=0.0000  MCC=0.0000  Train=0.679s  Test=5.580s  Peak RAM=37.491 MB
2026-03-18 04:00:23 | INFO | [ncluster=85/85] AUC-ROC=50.00%  AUC-PR=50.51%  F1=0.0000  MCC=0.0000  Train=0.698s  Test=6.419s  Peak RAM=37.491 MB
2026-03-18 04:00:23 | INFO | [ncluster=90/90] AUC-ROC=50.00%  AUC-PR=50.51%  F1=0.0000  MCC=0.0000  Train=0.340s  Test=5.658s  Peak RAM=37.493 MB
2026-03-18 04:00:23 | INFO | [ncluster=95/95] AUC-ROC=50.00%  AUC-PR=50.51%  F1=0.0000  MCC=0.0000  Train=0.590s  Test=6.641s  Peak RAM=37.494 MB
2026-03-18 04:00:23 | INFO | [ncluster=100/100] AUC-ROC=50.00%  AUC-PR=50.51%  F1=0.0000  MCC=0.0000  Train=0.398s  Test=5.716s  Peak RAM=37.494 MB
2026-03-18 04:00:23 | INFO | [ncluster=105/105] AUC-ROC=50.00%  AUC-PR=50.51%  F1=0.0000  MCC=0.0000  Train=0.600s  Test=5.901s  Peak RAM=37.495 MB
2026-03-18 04:00:23 | INFO | [ncluster=110/110] AUC-ROC=50.00%  AUC-PR=50.51%  F1=0.0000  MCC=0.0000  Train=0.356s  Test=4.686s  Peak RAM=37.497 MB
2026-03-18 04:00:23 | INFO | [ncluster=115/115] AUC-ROC=50.00%  AUC-PR=50.51%  F1=0.0000  MCC=0.0000  Train=0.310s  Test=4.646s  Peak RAM=37.497 MB
2026-03-18 04:00:23 | INFO | [ncluster=120/120] AUC-ROC=50.00%  AUC-PR=50.51%  F1=0.0000  MCC=0.0000  Train=0.495s  Test=5.515s  Peak RAM=37.499 MB
2026-03-18 04:00:23 | INFO | [ncluster=125/125] AUC-ROC=50.00%  AUC-PR=50.51%  F1=0.0000  MCC=0.0000  Train=0.933s  Test=4.113s  Peak RAM=37.5 MB
2026-03-18 04:00:23 | INFO | [ncluster=130/130] AUC-ROC=50.00%  AUC-PR=50.51%  F1=0.0000  MCC=0.0000  Train=0.532s  Test=4.003s  Peak RAM=37.499 MB
2026-03-18 04:00:23 | INFO | [ncluster=135/135] AUC-ROC=50.00%  AUC-PR=50.51%  F1=0.0000  MCC=0.0000  Train=0.347s  Test=3.302s  Peak RAM=37.502 MB
2026-03-18 04:00:23 | INFO | [ncluster=140/140] AUC-ROC=50.00%  AUC-PR=50.51%  F1=0.0000  MCC=0.0000  Train=0.321s  Test=3.984s  Peak RAM=37.501 MB
2026-03-18 04:00:23 | INFO | [ncluster=145/145] AUC-ROC=50.00%  AUC-PR=50.51%  F1=0.0000  MCC=0.0000  Train=0.516s  Test=3.992s  Peak RAM=37.502 MB
2026-03-18 04:00:23 | INFO | [ncluster=150/150] AUC-ROC=50.00%  AUC-PR=50.51%  F1=0.0000  MCC=0.0000  Train=0.390s  Test=4.245s  Peak RAM=37.503 MB
2026-03-18 04:00:23 | INFO | [ncluster=155/155] AUC-ROC=50.00%  AUC-PR=50.51%  F1=0.0000  MCC=0.0000  Train=0.426s  Test=4.575s  Peak RAM=37.505 MB
2026-03-18 04:00:23 | INFO | [ncluster=160/160] AUC-ROC=50.00%  AUC-PR=50.51%  F1=0.0000  MCC=0.0000  Train=0.543s  Test=4.387s  Peak RAM=37.505 MB
2026-03-18 04:00:23 | INFO | [ncluster=165/165] AUC-ROC=50.00%  AUC-PR=50.51%  F1=0.0000  MCC=0.0000  Train=0.678s  Test=3.207s  Peak RAM=37.506 MB
2026-03-18 04:00:23 | INFO | [ncluster=170/170] AUC-ROC=50.00%  AUC-PR=50.51%  F1=0.0000  MCC=0.0000  Train=0.202s  Test=4.179s  Peak RAM=37.507 MB
2026-03-18 04:00:23 | INFO | [ncluster=175/175] AUC-ROC=50.00%  AUC-PR=50.51%  F1=0.0000  MCC=0.0000  Train=0.339s  Test=3.629s  Peak RAM=37.508 MB
2026-03-18 04:00:23 | INFO | [ncluster=180/180] AUC-ROC=50.00%  AUC-PR=50.51%  F1=0.0000  MCC=0.0000  Train=0.366s  Test=3.367s  Peak RAM=37.509 MB
2026-03-18 04:00:23 | INFO | [ncluster=185/185] AUC-ROC=50.00%  AUC-PR=50.51%  F1=0.0000  MCC=0.0000  Train=0.337s  Test=3.361s  Peak RAM=37.51 MB
2026-03-18 04:00:23 | INFO | [ncluster=190/190] AUC-ROC=50.00%  AUC-PR=50.51%  F1=0.0000  MCC=0.0000  Train=0.270s  Test=2.898s  Peak RAM=37.51 MB
2026-03-18 04:00:23 | INFO | [ncluster=195/195] AUC-ROC=50.00%  AUC-PR=50.51%  F1=0.0000  MCC=0.0000  Train=0.428s  Test=3.280s  Peak RAM=37.512 MB
2026-03-18 04:00:23 | INFO | [ncluster=200/200] AUC-ROC=50.00%  AUC-PR=50.51%  F1=0.0000  MCC=0.0000  Train=0.394s  Test=4.630s  Peak RAM=37.514 MB
2026-03-18 04:00:23 | INFO | [ncluster=205/205] AUC-ROC=50.00%  AUC-PR=50.51%  F1=0.0000  MCC=0.0000  Train=0.510s  Test=4.308s  Peak RAM=37.513 MB
2026-03-18 04:00:23 | INFO | [ncluster=210/210] AUC-ROC=50.00%  AUC-PR=50.51%  F1=0.0000  MCC=0.0000  Train=0.252s  Test=2.941s  Peak RAM=37.514 MB
2026-03-18 04:00:23 | INFO | [ncluster=215/215] AUC-ROC=50.00%  AUC-PR=50.51%  F1=0.0000  MCC=0.0000  Train=0.434s  Test=3.269s  Peak RAM=37.516 MB
2026-03-18 04:00:23 | INFO | [ncluster=220/220] AUC-ROC=50.00%  AUC-PR=50.51%  F1=0.0000  MCC=0.0000  Train=0.338s  Test=3.054s  Peak RAM=37.517 MB
2026-03-18 04:00:23 | INFO | [ncluster=225/225] AUC-ROC=50.00%  AUC-PR=50.51%  F1=0.0000  MCC=0.0000  Train=0.203s  Test=3.697s  Peak RAM=37.518 MB
2026-03-18 04:00:23 | INFO | [ncluster=230/230] AUC-ROC=50.00%  AUC-PR=50.51%  F1=0.0000  MCC=0.0000  Train=0.262s  Test=2.879s  Peak RAM=37.52 MB
2026-03-18 04:00:23 | INFO | [ncluster=235/235] AUC-ROC=50.00%  AUC-PR=50.51%  F1=0.0000  MCC=0.0000  Train=0.489s  Test=3.057s  Peak RAM=37.518 MB
2026-03-18 04:00:23 | INFO | [ncluster=240/240] AUC-ROC=50.00%  AUC-PR=50.51%  F1=0.0000  MCC=0.0000  Train=0.300s  Test=3.633s  Peak RAM=37.519 MB
2026-03-18 04:00:23 | INFO | [ncluster=245/245] AUC-ROC=50.00%  AUC-PR=50.51%  F1=0.0000  MCC=0.0000  Train=0.313s  Test=4.732s  Peak RAM=37.521 MB
2026-03-18 04:00:23 | INFO | [ncluster=250/250] AUC-ROC=50.00%  AUC-PR=50.51%  F1=0.0000  MCC=0.0000  Train=0.514s  Test=3.749s  Peak RAM=37.522 MB
2026-03-18 04:00:23 | INFO | [ncluster=255/255] AUC-ROC=50.00%  AUC-PR=50.51%  F1=0.0000  MCC=0.0000  Train=0.212s  Test=2.638s  Peak RAM=37.522 MB
2026-03-18 04:00:23 | INFO | [ncluster=260/260] AUC-ROC=50.00%  AUC-PR=50.51%  F1=0.0000  MCC=0.0000  Train=0.283s  Test=2.379s  Peak RAM=37.523 MB
2026-03-18 04:00:23 | INFO | [ncluster=265/265] AUC-ROC=50.00%  AUC-PR=50.51%  F1=0.0000  MCC=0.0000  Train=0.241s  Test=2.762s  Peak RAM=37.526 MB
2026-03-18 04:00:23 | INFO | [ncluster=270/270] AUC-ROC=50.00%  AUC-PR=50.51%  F1=0.0000  MCC=0.0000  Train=0.272s  Test=3.317s  Peak RAM=37.524 MB
2026-03-18 04:00:23 | INFO | [ncluster=275/275] AUC-ROC=50.00%  AUC-PR=50.51%  F1=0.0000  MCC=0.0000  Train=0.177s  Test=3.609s  Peak RAM=37.528 MB
2026-03-18 04:00:23 | INFO | [ncluster=280/280] AUC-ROC=50.00%  AUC-PR=50.51%  F1=0.0000  MCC=0.0000  Train=0.246s  Test=2.186s  Peak RAM=37.526 MB
2026-03-18 04:00:23 | INFO | [ncluster=285/285] AUC-ROC=50.00%  AUC-PR=50.51%  F1=0.0000  MCC=0.0000  Train=0.137s  Test=1.847s  Peak RAM=37.529 MB
2026-03-18 04:00:23 | INFO | [ncluster=290/290] AUC-ROC=50.00%  AUC-PR=50.51%  F1=0.0000  MCC=0.0000  Train=0.120s  Test=1.793s  Peak RAM=37.53 MB
2026-03-18 04:00:23 | INFO | [ncluster=295/295] AUC-ROC=50.00%  AUC-PR=50.51%  F1=0.0000  MCC=0.0000  Train=0.117s  Test=1.587s  Peak RAM=37.531 MB
2026-03-18 04:00:23 | INFO | [ncluster=300/300] AUC-ROC=50.00%  AUC-PR=50.51%  F1=0.0000  MCC=0.0000  Train=0.102s  Test=1.705s  Peak RAM=37.53 MB
2026-03-18 04:00:23 | INFO | --- noise=3% ---
2026-03-18 04:00:23 | INFO | ============================================================
2026-03-18 04:00:23 | INFO | Dataset  : Train_RobustScaler_data_CICIoT2023.csv
2026-03-18 04:00:23 | INFO | Scaler   : RobustScaler
2026-03-18 04:00:23 | INFO | Noise    : 3%
2026-03-18 04:00:23 | INFO | nClusters: 51 values (50..300)
2026-03-18 04:00:23 | INFO | ============================================================
2026-03-18 04:00:23 | INFO | Loaded Raw Shape -> Train: (30000, 45), Test: (30000, 45)
2026-03-18 04:00:23 | INFO | Training size : 30,900  |  Testing size: 29,100  |  Features: 44
2026-03-18 04:00:23 | INFO | Firing up Parallel execution for 51 cluster configs...
2026-03-18 04:03:04 | INFO | [ncluster=50/50] AUC-ROC=50.00%  AUC-PR=51.55%  F1=0.0000  MCC=0.0000  Train=0.257s  Test=3.117s  Peak RAM=38.228 MB
2026-03-18 04:03:04 | INFO | [ncluster=55/55] AUC-ROC=50.00%  AUC-PR=51.55%  F1=0.0000  MCC=0.0000  Train=0.325s  Test=4.667s  Peak RAM=38.227 MB
2026-03-18 04:03:04 | INFO | [ncluster=60/60] AUC-ROC=50.00%  AUC-PR=51.55%  F1=0.0000  MCC=0.0000  Train=0.425s  Test=6.243s  Peak RAM=38.229 MB
2026-03-18 04:03:04 | INFO | [ncluster=65/65] AUC-ROC=50.00%  AUC-PR=51.55%  F1=0.0000  MCC=0.0000  Train=0.512s  Test=7.049s  Peak RAM=38.229 MB
2026-03-18 04:03:04 | INFO | [ncluster=70/70] AUC-ROC=50.00%  AUC-PR=51.55%  F1=0.0000  MCC=0.0000  Train=0.523s  Test=5.850s  Peak RAM=38.23 MB
2026-03-18 04:03:04 | INFO | [ncluster=75/75] AUC-ROC=50.00%  AUC-PR=51.55%  F1=0.0000  MCC=0.0000  Train=0.398s  Test=6.689s  Peak RAM=38.232 MB
2026-03-18 04:03:04 | INFO | [ncluster=80/80] AUC-ROC=50.00%  AUC-PR=51.55%  F1=0.0000  MCC=0.0000  Train=0.906s  Test=7.756s  Peak RAM=38.232 MB
2026-03-18 04:03:04 | INFO | [ncluster=85/85] AUC-ROC=50.00%  AUC-PR=51.55%  F1=0.0000  MCC=0.0000  Train=1.044s  Test=7.056s  Peak RAM=38.232 MB
2026-03-18 04:03:04 | INFO | [ncluster=90/90] AUC-ROC=50.00%  AUC-PR=51.55%  F1=0.0000  MCC=0.0000  Train=1.001s  Test=7.003s  Peak RAM=38.235 MB
2026-03-18 04:03:04 | INFO | [ncluster=95/95] AUC-ROC=50.00%  AUC-PR=51.55%  F1=0.0000  MCC=0.0000  Train=0.821s  Test=6.264s  Peak RAM=38.236 MB
2026-03-18 04:03:04 | INFO | [ncluster=100/100] AUC-ROC=50.00%  AUC-PR=51.55%  F1=0.0000  MCC=0.0000  Train=0.719s  Test=5.669s  Peak RAM=38.235 MB
2026-03-18 04:03:04 | INFO | [ncluster=105/105] AUC-ROC=50.00%  AUC-PR=51.55%  F1=0.0000  MCC=0.0000  Train=0.916s  Test=4.578s  Peak RAM=38.237 MB
2026-03-18 04:03:04 | INFO | [ncluster=110/110] AUC-ROC=50.00%  AUC-PR=51.55%  F1=0.0000  MCC=0.0000  Train=0.164s  Test=2.841s  Peak RAM=38.238 MB
2026-03-18 04:03:04 | INFO | [ncluster=115/115] AUC-ROC=50.00%  AUC-PR=51.55%  F1=0.0000  MCC=0.0000  Train=0.280s  Test=3.764s  Peak RAM=38.239 MB
2026-03-18 04:03:04 | INFO | [ncluster=120/120] AUC-ROC=50.00%  AUC-PR=51.55%  F1=0.0000  MCC=0.0000  Train=0.606s  Test=4.777s  Peak RAM=38.24 MB
2026-03-18 04:03:04 | INFO | [ncluster=125/125] AUC-ROC=50.00%  AUC-PR=51.55%  F1=0.0000  MCC=0.0000  Train=0.610s  Test=3.969s  Peak RAM=38.241 MB
2026-03-18 04:03:04 | INFO | [ncluster=130/130] AUC-ROC=50.00%  AUC-PR=51.55%  F1=0.0000  MCC=0.0000  Train=0.267s  Test=5.286s  Peak RAM=38.241 MB
2026-03-18 04:03:04 | INFO | [ncluster=135/135] AUC-ROC=50.00%  AUC-PR=51.55%  F1=0.0000  MCC=0.0000  Train=0.645s  Test=4.021s  Peak RAM=38.244 MB
2026-03-18 04:03:04 | INFO | [ncluster=140/140] AUC-ROC=50.00%  AUC-PR=51.55%  F1=0.0000  MCC=0.0000  Train=0.850s  Test=4.521s  Peak RAM=38.243 MB
2026-03-18 04:03:04 | INFO | [ncluster=145/145] AUC-ROC=50.00%  AUC-PR=51.55%  F1=0.0000  MCC=0.0000  Train=0.249s  Test=3.789s  Peak RAM=38.244 MB
2026-03-18 04:03:04 | INFO | [ncluster=150/150] AUC-ROC=50.00%  AUC-PR=51.55%  F1=0.0000  MCC=0.0000  Train=0.308s  Test=3.697s  Peak RAM=38.245 MB
2026-03-18 04:03:04 | INFO | [ncluster=155/155] AUC-ROC=50.00%  AUC-PR=51.55%  F1=0.0000  MCC=0.0000  Train=0.406s  Test=3.659s  Peak RAM=38.247 MB
2026-03-18 04:03:04 | INFO | [ncluster=160/160] AUC-ROC=50.00%  AUC-PR=51.55%  F1=0.0000  MCC=0.0000  Train=0.619s  Test=3.902s  Peak RAM=38.246 MB
2026-03-18 04:03:04 | INFO | [ncluster=165/165] AUC-ROC=50.00%  AUC-PR=51.55%  F1=0.0000  MCC=0.0000  Train=0.278s  Test=3.256s  Peak RAM=38.247 MB
2026-03-18 04:03:04 | INFO | [ncluster=170/170] AUC-ROC=50.00%  AUC-PR=51.55%  F1=0.0000  MCC=0.0000  Train=0.347s  Test=2.812s  Peak RAM=38.249 MB
2026-03-18 04:03:04 | INFO | [ncluster=175/175] AUC-ROC=50.00%  AUC-PR=51.55%  F1=0.0000  MCC=0.0000  Train=0.386s  Test=2.734s  Peak RAM=38.249 MB
2026-03-18 04:03:04 | INFO | [ncluster=180/180] AUC-ROC=50.00%  AUC-PR=51.55%  F1=0.0000  MCC=0.0000  Train=0.331s  Test=3.183s  Peak RAM=38.25 MB
2026-03-18 04:03:04 | INFO | [ncluster=185/185] AUC-ROC=50.00%  AUC-PR=51.55%  F1=0.0000  MCC=0.0000  Train=0.359s  Test=3.918s  Peak RAM=38.251 MB
2026-03-18 04:03:04 | INFO | [ncluster=190/190] AUC-ROC=50.00%  AUC-PR=51.55%  F1=0.0000  MCC=0.0000  Train=0.421s  Test=4.612s  Peak RAM=38.252 MB
2026-03-18 04:03:04 | INFO | [ncluster=195/195] AUC-ROC=50.00%  AUC-PR=51.55%  F1=0.0000  MCC=0.0000  Train=0.343s  Test=3.949s  Peak RAM=38.253 MB
2026-03-18 04:03:04 | INFO | [ncluster=200/200] AUC-ROC=50.00%  AUC-PR=51.55%  F1=0.0000  MCC=0.0000  Train=0.521s  Test=3.920s  Peak RAM=38.254 MB
2026-03-18 04:03:04 | INFO | [ncluster=205/205] AUC-ROC=50.00%  AUC-PR=51.55%  F1=0.0000  MCC=0.0000  Train=0.201s  Test=3.928s  Peak RAM=38.254 MB
2026-03-18 04:03:04 | INFO | [ncluster=210/210] AUC-ROC=50.00%  AUC-PR=51.55%  F1=0.0000  MCC=0.0000  Train=0.593s  Test=3.940s  Peak RAM=38.257 MB
2026-03-18 04:03:04 | INFO | [ncluster=215/215] AUC-ROC=50.00%  AUC-PR=51.55%  F1=0.0000  MCC=0.0000  Train=0.180s  Test=4.195s  Peak RAM=38.257 MB
2026-03-18 04:03:04 | INFO | [ncluster=220/220] AUC-ROC=50.00%  AUC-PR=51.55%  F1=0.0000  MCC=0.0000  Train=0.234s  Test=2.952s  Peak RAM=38.257 MB
2026-03-18 04:03:04 | INFO | [ncluster=225/225] AUC-ROC=50.00%  AUC-PR=51.55%  F1=0.0000  MCC=0.0000  Train=0.495s  Test=4.100s  Peak RAM=38.258 MB
2026-03-18 04:03:04 | INFO | [ncluster=230/230] AUC-ROC=50.00%  AUC-PR=51.55%  F1=0.0000  MCC=0.0000  Train=0.351s  Test=2.899s  Peak RAM=38.262 MB
2026-03-18 04:03:04 | INFO | [ncluster=235/235] AUC-ROC=50.00%  AUC-PR=51.55%  F1=0.0000  MCC=0.0000  Train=0.247s  Test=3.027s  Peak RAM=38.261 MB
2026-03-18 04:03:04 | INFO | [ncluster=240/240] AUC-ROC=50.00%  AUC-PR=51.55%  F1=0.0000  MCC=0.0000  Train=0.234s  Test=3.121s  Peak RAM=38.262 MB
2026-03-18 04:03:04 | INFO | [ncluster=245/245] AUC-ROC=50.00%  AUC-PR=51.55%  F1=0.0000  MCC=0.0000  Train=0.445s  Test=4.631s  Peak RAM=38.262 MB
2026-03-18 04:03:04 | INFO | [ncluster=250/250] AUC-ROC=50.00%  AUC-PR=51.55%  F1=0.0000  MCC=0.0000  Train=0.454s  Test=4.312s  Peak RAM=38.263 MB
2026-03-18 04:03:04 | INFO | [ncluster=255/255] AUC-ROC=50.00%  AUC-PR=51.55%  F1=0.0000  MCC=0.0000  Train=0.408s  Test=3.104s  Peak RAM=38.264 MB
2026-03-18 04:03:04 | INFO | [ncluster=260/260] AUC-ROC=50.00%  AUC-PR=51.55%  F1=0.0000  MCC=0.0000  Train=0.170s  Test=2.366s  Peak RAM=38.266 MB
2026-03-18 04:03:04 | INFO | [ncluster=265/265] AUC-ROC=50.00%  AUC-PR=51.55%  F1=0.0000  MCC=0.0000  Train=0.147s  Test=2.746s  Peak RAM=38.265 MB
2026-03-18 04:03:04 | INFO | [ncluster=270/270] AUC-ROC=50.00%  AUC-PR=51.55%  F1=0.0000  MCC=0.0000  Train=0.184s  Test=2.767s  Peak RAM=38.268 MB
2026-03-18 04:03:04 | INFO | [ncluster=275/275] AUC-ROC=50.00%  AUC-PR=51.55%  F1=0.0000  MCC=0.0000  Train=0.135s  Test=3.039s  Peak RAM=38.267 MB
2026-03-18 04:03:04 | INFO | [ncluster=280/280] AUC-ROC=50.00%  AUC-PR=51.55%  F1=0.0000  MCC=0.0000  Train=0.348s  Test=2.880s  Peak RAM=38.268 MB
2026-03-18 04:03:04 | INFO | [ncluster=285/285] AUC-ROC=50.00%  AUC-PR=51.55%  F1=0.0000  MCC=0.0000  Train=0.109s  Test=2.155s  Peak RAM=38.269 MB
2026-03-18 04:03:04 | INFO | [ncluster=290/290] AUC-ROC=50.00%  AUC-PR=51.55%  F1=0.0000  MCC=0.0000  Train=0.164s  Test=2.108s  Peak RAM=38.271 MB
2026-03-18 04:03:04 | INFO | [ncluster=295/295] AUC-ROC=50.00%  AUC-PR=51.55%  F1=0.0000  MCC=0.0000  Train=0.142s  Test=2.089s  Peak RAM=38.272 MB
2026-03-18 04:03:04 | INFO | [ncluster=300/300] AUC-ROC=50.00%  AUC-PR=51.55%  F1=0.0000  MCC=0.0000  Train=0.123s  Test=1.442s  Peak RAM=38.274 MB
2026-03-18 04:03:04 | INFO | --- noise=5% ---
2026-03-18 04:03:04 | INFO | ============================================================
2026-03-18 04:03:04 | INFO | Dataset  : Train_RobustScaler_data_CICIoT2023.csv
2026-03-18 04:03:04 | INFO | Scaler   : RobustScaler
2026-03-18 04:03:04 | INFO | Noise    : 5%
2026-03-18 04:03:04 | INFO | nClusters: 51 values (50..300)
2026-03-18 04:03:04 | INFO | ============================================================
2026-03-18 04:03:04 | INFO | Loaded Raw Shape -> Train: (30000, 45), Test: (30000, 45)
2026-03-18 04:03:04 | INFO | Training size : 31,500  |  Testing size: 28,500  |  Features: 44
2026-03-18 04:03:04 | INFO | Firing up Parallel execution for 51 cluster configs...
2026-03-18 04:05:46 | INFO | [ncluster=50/50] AUC-ROC=50.00%  AUC-PR=52.63%  F1=0.0000  MCC=0.0000  Train=0.279s  Test=6.274s  Peak RAM=38.969 MB
2026-03-18 04:05:46 | INFO | [ncluster=55/55] AUC-ROC=50.00%  AUC-PR=52.63%  F1=0.0000  MCC=0.0000  Train=0.488s  Test=7.458s  Peak RAM=38.969 MB
2026-03-18 04:05:46 | INFO | [ncluster=60/60] AUC-ROC=50.00%  AUC-PR=52.63%  F1=0.0000  MCC=0.0000  Train=0.755s  Test=7.010s  Peak RAM=38.97 MB
2026-03-18 04:05:46 | INFO | [ncluster=65/65] AUC-ROC=50.00%  AUC-PR=52.63%  F1=0.0000  MCC=0.0000  Train=0.534s  Test=7.023s  Peak RAM=38.972 MB
2026-03-18 04:05:46 | INFO | [ncluster=70/70] AUC-ROC=50.00%  AUC-PR=52.63%  F1=0.0000  MCC=0.0000  Train=0.725s  Test=6.883s  Peak RAM=38.971 MB
2026-03-18 04:05:46 | INFO | [ncluster=75/75] AUC-ROC=50.00%  AUC-PR=52.63%  F1=0.0000  MCC=0.0000  Train=0.852s  Test=7.491s  Peak RAM=38.974 MB
2026-03-18 04:05:46 | INFO | [ncluster=80/80] AUC-ROC=50.00%  AUC-PR=52.63%  F1=0.0000  MCC=0.0000  Train=0.949s  Test=6.447s  Peak RAM=38.974 MB
2026-03-18 04:05:46 | INFO | [ncluster=85/85] AUC-ROC=50.00%  AUC-PR=52.63%  F1=0.0000  MCC=0.0000  Train=1.314s  Test=5.514s  Peak RAM=38.974 MB
2026-03-18 04:05:46 | INFO | [ncluster=90/90] AUC-ROC=50.00%  AUC-PR=52.63%  F1=0.0000  MCC=0.0000  Train=0.622s  Test=4.632s  Peak RAM=38.976 MB
2026-03-18 04:05:46 | INFO | [ncluster=95/95] AUC-ROC=50.00%  AUC-PR=52.63%  F1=0.0000  MCC=0.0000  Train=0.835s  Test=4.511s  Peak RAM=38.977 MB
2026-03-18 04:05:46 | INFO | [ncluster=100/100] AUC-ROC=50.00%  AUC-PR=52.63%  F1=0.0000  MCC=0.0000  Train=0.562s  Test=4.506s  Peak RAM=38.978 MB
2026-03-18 04:05:46 | INFO | [ncluster=105/105] AUC-ROC=50.00%  AUC-PR=52.63%  F1=0.0000  MCC=0.0000  Train=0.266s  Test=3.119s  Peak RAM=38.979 MB
2026-03-18 04:05:46 | INFO | [ncluster=110/110] AUC-ROC=50.00%  AUC-PR=52.63%  F1=0.0000  MCC=0.0000  Train=0.393s  Test=4.711s  Peak RAM=38.979 MB
2026-03-18 04:05:46 | INFO | [ncluster=115/115] AUC-ROC=50.00%  AUC-PR=52.63%  F1=0.0000  MCC=0.0000  Train=0.460s  Test=4.524s  Peak RAM=38.979 MB
2026-03-18 04:05:46 | INFO | [ncluster=120/120] AUC-ROC=50.00%  AUC-PR=52.63%  F1=0.0000  MCC=0.0000  Train=0.628s  Test=4.764s  Peak RAM=38.982 MB
2026-03-18 04:05:46 | INFO | [ncluster=125/125] AUC-ROC=50.00%  AUC-PR=52.63%  F1=0.0000  MCC=0.0000  Train=0.326s  Test=4.924s  Peak RAM=38.982 MB
2026-03-18 04:05:46 | INFO | [ncluster=130/130] AUC-ROC=50.00%  AUC-PR=52.63%  F1=0.0000  MCC=0.0000  Train=0.541s  Test=4.265s  Peak RAM=38.982 MB
2026-03-18 04:05:46 | INFO | [ncluster=135/135] AUC-ROC=50.00%  AUC-PR=52.63%  F1=0.0000  MCC=0.0000  Train=0.764s  Test=4.147s  Peak RAM=38.985 MB
2026-03-18 04:05:46 | INFO | [ncluster=140/140] AUC-ROC=50.00%  AUC-PR=52.63%  F1=0.0000  MCC=0.0000  Train=0.640s  Test=3.763s  Peak RAM=38.985 MB
2026-03-18 04:05:46 | INFO | [ncluster=145/145] AUC-ROC=50.00%  AUC-PR=52.63%  F1=0.0000  MCC=0.0000  Train=0.529s  Test=3.598s  Peak RAM=38.985 MB
2026-03-18 04:05:46 | INFO | [ncluster=150/150] AUC-ROC=50.00%  AUC-PR=52.63%  F1=0.0000  MCC=0.0000  Train=0.415s  Test=3.550s  Peak RAM=38.986 MB
2026-03-18 04:05:46 | INFO | [ncluster=155/155] AUC-ROC=50.00%  AUC-PR=52.63%  F1=0.0000  MCC=0.0000  Train=0.333s  Test=3.244s  Peak RAM=38.988 MB
2026-03-18 04:05:46 | INFO | [ncluster=160/160] AUC-ROC=50.00%  AUC-PR=52.63%  F1=0.0000  MCC=0.0000  Train=0.429s  Test=4.315s  Peak RAM=38.989 MB
2026-03-18 04:05:46 | INFO | [ncluster=165/165] AUC-ROC=50.00%  AUC-PR=52.63%  F1=0.0000  MCC=0.0000  Train=0.507s  Test=4.392s  Peak RAM=38.99 MB
2026-03-18 04:05:46 | INFO | [ncluster=170/170] AUC-ROC=50.00%  AUC-PR=52.63%  F1=0.0000  MCC=0.0000  Train=0.266s  Test=3.036s  Peak RAM=38.99 MB
2026-03-18 04:05:46 | INFO | [ncluster=175/175] AUC-ROC=50.00%  AUC-PR=52.63%  F1=0.0000  MCC=0.0000  Train=0.465s  Test=2.841s  Peak RAM=38.99 MB
2026-03-18 04:05:46 | INFO | [ncluster=180/180] AUC-ROC=50.00%  AUC-PR=52.63%  F1=0.0000  MCC=0.0000  Train=0.365s  Test=3.319s  Peak RAM=38.993 MB
2026-03-18 04:05:46 | INFO | [ncluster=185/185] AUC-ROC=50.00%  AUC-PR=52.63%  F1=0.0000  MCC=0.0000  Train=0.192s  Test=3.577s  Peak RAM=38.993 MB
2026-03-18 04:05:46 | INFO | [ncluster=190/190] AUC-ROC=50.00%  AUC-PR=52.63%  F1=0.0000  MCC=0.0000  Train=0.552s  Test=4.467s  Peak RAM=38.993 MB
2026-03-18 04:05:46 | INFO | [ncluster=195/195] AUC-ROC=50.00%  AUC-PR=52.63%  F1=0.0000  MCC=0.0000  Train=0.313s  Test=4.446s  Peak RAM=38.996 MB
2026-03-18 04:05:46 | INFO | [ncluster=200/200] AUC-ROC=50.00%  AUC-PR=52.63%  F1=0.0000  MCC=0.0000  Train=0.455s  Test=3.672s  Peak RAM=38.997 MB
2026-03-18 04:05:46 | INFO | [ncluster=205/205] AUC-ROC=50.00%  AUC-PR=52.63%  F1=0.0000  MCC=0.0000  Train=0.449s  Test=3.212s  Peak RAM=38.996 MB
2026-03-18 04:05:46 | INFO | [ncluster=210/210] AUC-ROC=50.00%  AUC-PR=52.63%  F1=0.0000  MCC=0.0000  Train=0.377s  Test=3.348s  Peak RAM=38.998 MB
2026-03-18 04:05:46 | INFO | [ncluster=215/215] AUC-ROC=50.00%  AUC-PR=52.63%  F1=0.0000  MCC=0.0000  Train=0.291s  Test=3.342s  Peak RAM=38.999 MB
2026-03-18 04:05:46 | INFO | [ncluster=220/220] AUC-ROC=50.00%  AUC-PR=52.63%  F1=0.0000  MCC=0.0000  Train=0.416s  Test=3.261s  Peak RAM=39.0 MB
2026-03-18 04:05:46 | INFO | [ncluster=225/225] AUC-ROC=50.00%  AUC-PR=52.63%  F1=0.0000  MCC=0.0000  Train=0.291s  Test=3.316s  Peak RAM=39.0 MB
2026-03-18 04:05:46 | INFO | [ncluster=230/230] AUC-ROC=50.00%  AUC-PR=52.63%  F1=0.0000  MCC=0.0000  Train=0.323s  Test=3.067s  Peak RAM=39.001 MB
2026-03-18 04:05:46 | INFO | [ncluster=235/235] AUC-ROC=50.00%  AUC-PR=52.63%  F1=0.0000  MCC=0.0000  Train=0.403s  Test=3.410s  Peak RAM=39.002 MB
2026-03-18 04:05:46 | INFO | [ncluster=240/240] AUC-ROC=50.00%  AUC-PR=52.63%  F1=0.0000  MCC=0.0000  Train=0.595s  Test=3.235s  Peak RAM=39.003 MB
2026-03-18 04:05:46 | INFO | [ncluster=245/245] AUC-ROC=50.00%  AUC-PR=52.63%  F1=0.0000  MCC=0.0000  Train=0.290s  Test=3.408s  Peak RAM=39.004 MB
2026-03-18 04:05:46 | INFO | [ncluster=250/250] AUC-ROC=50.00%  AUC-PR=52.63%  F1=0.0000  MCC=0.0000  Train=0.363s  Test=2.931s  Peak RAM=39.006 MB
2026-03-18 04:05:46 | INFO | [ncluster=255/255] AUC-ROC=50.00%  AUC-PR=52.63%  F1=0.0000  MCC=0.0000  Train=0.468s  Test=4.268s  Peak RAM=39.006 MB
2026-03-18 04:05:46 | INFO | [ncluster=260/260] AUC-ROC=50.00%  AUC-PR=52.63%  F1=0.0000  MCC=0.0000  Train=0.238s  Test=2.640s  Peak RAM=39.007 MB
2026-03-18 04:05:46 | INFO | [ncluster=265/265] AUC-ROC=50.00%  AUC-PR=52.63%  F1=0.0000  MCC=0.0000  Train=0.174s  Test=3.024s  Peak RAM=39.007 MB
2026-03-18 04:05:46 | INFO | [ncluster=270/270] AUC-ROC=50.00%  AUC-PR=52.63%  F1=0.0000  MCC=0.0000  Train=0.172s  Test=2.844s  Peak RAM=39.007 MB
2026-03-18 04:05:46 | INFO | [ncluster=275/275] AUC-ROC=50.00%  AUC-PR=52.63%  F1=0.0000  MCC=0.0000  Train=0.228s  Test=2.648s  Peak RAM=39.011 MB
2026-03-18 04:05:46 | INFO | [ncluster=280/280] AUC-ROC=50.00%  AUC-PR=52.63%  F1=0.0000  MCC=0.0000  Train=0.137s  Test=2.368s  Peak RAM=39.011 MB
2026-03-18 04:05:46 | INFO | [ncluster=285/285] AUC-ROC=50.00%  AUC-PR=52.63%  F1=0.0000  MCC=0.0000  Train=0.188s  Test=2.300s  Peak RAM=39.012 MB
2026-03-18 04:05:46 | INFO | [ncluster=290/290] AUC-ROC=50.00%  AUC-PR=52.63%  F1=0.0000  MCC=0.0000  Train=0.137s  Test=2.201s  Peak RAM=39.013 MB
2026-03-18 04:05:46 | INFO | [ncluster=295/295] AUC-ROC=50.00%  AUC-PR=52.63%  F1=0.0000  MCC=0.0000  Train=0.152s  Test=2.195s  Peak RAM=39.012 MB
2026-03-18 04:05:46 | INFO | [ncluster=300/300] AUC-ROC=50.00%  AUC-PR=52.63%  F1=0.0000  MCC=0.0000  Train=0.129s  Test=1.817s  Peak RAM=39.014 MB
2026-03-18 04:05:46 | INFO | Results saved to: /home/jupyter-iclr2025/New Project/NFST/GMM-nfst/notebooks/experiments/outputs/noise/data_CICIoT2023_memopt_20260318_031153.csv
2026-03-18 04:05:46 | INFO | Log saved to    : /home/jupyter-iclr2025/New Project/NFST/GMM-nfst/notebooks/experiments/logs/data_CICIoT2023_memopt_20260318_031153.log
