2026-03-16 14:29:00 | INFO | Run started at 20260316_142900
2026-03-16 14:29:00 | INFO | Dataset prefix : data_CICIoT2023
2026-03-16 14:29:00 | INFO | Scalers        : ['StandardScaler', 'MinMaxScaler', 'Normalizer', 'QuantileTransformer', 'RobustScaler']
2026-03-16 14:29:00 | INFO | N_CLUSTERS     : range(1, 301, 3) — 100 values
2026-03-16 14:29:00 | INFO | NOISE_LIST     : [0, 1, 3, 5]
2026-03-16 14:29:00 | INFO | CSV output     : /home/jupyter-iclr2025/New Project/NFST/GMM-nfst/notebooks/experiments/outputs/noise/data_CICIoT2023_anomaly_template_20260316_142900.csv
2026-03-16 14:29:00 | INFO | Log file       : /home/jupyter-iclr2025/New Project/NFST/GMM-nfst/notebooks/experiments/logs/data_CICIoT2023_anomaly_template_20260316_142900.log
2026-03-16 14:29:00 | INFO | ------------------------------------------------------------
2026-03-16 14:29:00 | INFO | 
>>> Processing data_CICIoT2023 | scaler=StandardScaler
2026-03-16 14:29:00 | INFO | --- noise=0% ---
2026-03-16 14:29:00 | INFO | ============================================================
2026-03-16 14:29:00 | INFO | Dataset  : Train_StandardScaler_data_CICIoT2023.csv
2026-03-16 14:29:00 | INFO | Scaler   : StandardScaler
2026-03-16 14:29:00 | INFO | Noise    : 0%
2026-03-16 14:29:00 | INFO | nClusters: 100 values (1..298)
2026-03-16 14:29:00 | INFO | ============================================================
2026-03-16 14:29:01 | INFO | df_full shape: (99514, 41)
2026-03-16 14:29:01 | INFO | Training size : 77,212  |  Testing size: 19,903  |  Features: 40
2026-03-16 14:29:30 | INFO | [ncluster=1/1] AUC-ROC=50.00%  AUC-PR=3.02%  F1=0.0000  MCC=0.0000  Train=1.176s  Test=27.090s  Peak RAM=86.995 MB
2026-03-16 14:30:09 | INFO | [ncluster=4/4] AUC-ROC=50.00%  AUC-PR=3.02%  F1=0.0000  MCC=0.0000  Train=2.212s  Test=33.222s  Peak RAM=86.81 MB
2026-03-16 14:30:48 | INFO | [ncluster=7/7] AUC-ROC=50.00%  AUC-PR=3.02%  F1=0.0000  MCC=0.0000  Train=1.180s  Test=33.539s  Peak RAM=86.809 MB
2026-03-16 14:31:30 | INFO | [ncluster=10/10] AUC-ROC=50.00%  AUC-PR=3.02%  F1=0.0000  MCC=0.0000  Train=1.293s  Test=34.410s  Peak RAM=86.812 MB
2026-03-16 14:32:09 | INFO | [ncluster=13/13] AUC-ROC=50.00%  AUC-PR=3.02%  F1=0.0000  MCC=0.0000  Train=1.280s  Test=31.497s  Peak RAM=86.808 MB
2026-03-16 14:32:51 | INFO | [ncluster=16/16] AUC-ROC=50.00%  AUC-PR=3.02%  F1=0.0000  MCC=0.0000  Train=1.087s  Test=31.144s  Peak RAM=86.809 MB
2026-03-16 14:33:31 | INFO | [ncluster=19/19] AUC-ROC=50.00%  AUC-PR=3.02%  F1=0.0000  MCC=0.0000  Train=2.106s  Test=30.412s  Peak RAM=86.81 MB
2026-03-16 14:34:13 | INFO | [ncluster=22/22] AUC-ROC=50.00%  AUC-PR=3.02%  F1=0.0000  MCC=0.0000  Train=1.801s  Test=31.699s  Peak RAM=86.81 MB
2026-03-16 14:34:55 | INFO | [ncluster=25/25] AUC-ROC=50.00%  AUC-PR=3.02%  F1=0.0000  MCC=0.0000  Train=1.213s  Test=31.368s  Peak RAM=86.809 MB
2026-03-16 14:35:36 | INFO | [ncluster=28/28] AUC-ROC=50.00%  AUC-PR=3.02%  F1=0.0000  MCC=0.0000  Train=1.108s  Test=31.534s  Peak RAM=86.81 MB
2026-03-16 14:36:16 | INFO | [ncluster=31/31] AUC-ROC=50.00%  AUC-PR=3.02%  F1=0.0000  MCC=0.0000  Train=1.277s  Test=30.214s  Peak RAM=86.81 MB
2026-03-16 14:36:58 | INFO | [ncluster=34/34] AUC-ROC=50.00%  AUC-PR=3.02%  F1=0.0000  MCC=0.0000  Train=1.286s  Test=30.687s  Peak RAM=86.811 MB
2026-03-16 14:37:42 | INFO | [ncluster=37/37] AUC-ROC=50.00%  AUC-PR=3.02%  F1=0.0000  MCC=0.0000  Train=1.399s  Test=31.136s  Peak RAM=86.813 MB
2026-03-16 14:38:26 | INFO | [ncluster=40/40] AUC-ROC=50.00%  AUC-PR=3.02%  F1=0.0000  MCC=0.0000  Train=1.322s  Test=29.220s  Peak RAM=86.813 MB
2026-03-16 14:39:11 | INFO | [ncluster=43/43] AUC-ROC=50.00%  AUC-PR=3.02%  F1=0.0000  MCC=0.0000  Train=1.308s  Test=29.634s  Peak RAM=86.813 MB
2026-03-16 14:39:59 | INFO | [ncluster=46/46] AUC-ROC=50.00%  AUC-PR=3.02%  F1=0.0000  MCC=0.0000  Train=1.422s  Test=31.607s  Peak RAM=86.813 MB
2026-03-16 14:40:47 | INFO | [ncluster=49/49] AUC-ROC=50.00%  AUC-PR=3.02%  F1=0.0000  MCC=0.0000  Train=1.314s  Test=31.523s  Peak RAM=86.814 MB
2026-03-16 14:41:38 | INFO | [ncluster=52/52] AUC-ROC=50.00%  AUC-PR=3.02%  F1=0.0000  MCC=0.0000  Train=1.364s  Test=32.199s  Peak RAM=86.814 MB
2026-03-16 14:42:28 | INFO | [ncluster=55/55] AUC-ROC=49.98%  AUC-PR=3.02%  F1=0.0000  MCC=0.0000  Train=1.166s  Test=31.364s  Peak RAM=86.815 MB
2026-03-16 14:43:17 | INFO | [ncluster=58/58] AUC-ROC=50.00%  AUC-PR=3.02%  F1=0.0000  MCC=0.0000  Train=1.521s  Test=31.781s  Peak RAM=86.815 MB
2026-03-16 14:44:09 | INFO | [ncluster=61/61] AUC-ROC=50.00%  AUC-PR=3.02%  F1=0.0000  MCC=0.0000  Train=1.369s  Test=31.323s  Peak RAM=86.816 MB
2026-03-16 14:45:00 | INFO | [ncluster=64/64] AUC-ROC=50.00%  AUC-PR=3.02%  F1=0.0000  MCC=0.0000  Train=1.264s  Test=31.883s  Peak RAM=86.816 MB
2026-03-16 14:45:51 | INFO | [ncluster=67/67] AUC-ROC=49.88%  AUC-PR=3.02%  F1=0.0000  MCC=0.0000  Train=1.304s  Test=32.265s  Peak RAM=86.816 MB
2026-03-16 14:46:44 | INFO | [ncluster=70/70] AUC-ROC=49.92%  AUC-PR=3.02%  F1=0.0000  MCC=0.0000  Train=1.383s  Test=33.415s  Peak RAM=86.817 MB
2026-03-16 14:47:34 | INFO | [ncluster=73/73] AUC-ROC=50.00%  AUC-PR=3.02%  F1=0.0000  MCC=0.0000  Train=1.219s  Test=31.173s  Peak RAM=86.817 MB
2026-03-16 14:48:28 | INFO | [ncluster=76/76] AUC-ROC=50.00%  AUC-PR=3.02%  F1=0.0000  MCC=0.0000  Train=1.287s  Test=30.863s  Peak RAM=86.817 MB
2026-03-16 14:49:18 | INFO | [ncluster=79/79] AUC-ROC=50.00%  AUC-PR=3.02%  F1=0.0000  MCC=0.0000  Train=1.335s  Test=28.378s  Peak RAM=86.818 MB
2026-03-16 14:50:12 | INFO | [ncluster=82/82] AUC-ROC=50.00%  AUC-PR=3.02%  F1=0.0000  MCC=0.0000  Train=1.437s  Test=32.093s  Peak RAM=86.82 MB
2026-03-16 14:51:06 | INFO | [ncluster=85/85] AUC-ROC=49.88%  AUC-PR=3.02%  F1=0.0000  MCC=0.0000  Train=1.377s  Test=31.916s  Peak RAM=86.819 MB
2026-03-16 14:52:00 | INFO | [ncluster=88/88] AUC-ROC=49.92%  AUC-PR=3.02%  F1=0.0000  MCC=0.0000  Train=1.097s  Test=29.523s  Peak RAM=86.819 MB
2026-03-16 14:52:57 | INFO | [ncluster=91/91] AUC-ROC=50.00%  AUC-PR=3.02%  F1=0.0000  MCC=0.0000  Train=1.176s  Test=31.818s  Peak RAM=86.82 MB
2026-03-16 14:53:52 | INFO | [ncluster=94/94] AUC-ROC=50.00%  AUC-PR=3.02%  F1=0.0000  MCC=0.0000  Train=1.143s  Test=30.156s  Peak RAM=86.82 MB
2026-03-16 14:54:50 | INFO | [ncluster=97/97] AUC-ROC=50.00%  AUC-PR=3.02%  F1=0.0000  MCC=0.0000  Train=1.218s  Test=31.484s  Peak RAM=86.821 MB
2026-03-16 14:55:48 | INFO | [ncluster=100/100] AUC-ROC=50.00%  AUC-PR=3.02%  F1=0.0000  MCC=0.0000  Train=1.155s  Test=31.792s  Peak RAM=86.821 MB
2026-03-16 14:56:45 | INFO | [ncluster=103/103] AUC-ROC=49.94%  AUC-PR=3.02%  F1=0.0000  MCC=0.0000  Train=0.970s  Test=32.251s  Peak RAM=86.822 MB
2026-03-16 14:57:42 | INFO | [ncluster=106/106] AUC-ROC=50.10%  AUC-PR=3.03%  F1=0.0064  MCC=0.0095  Train=1.058s  Test=31.349s  Peak RAM=86.822 MB
2026-03-16 14:58:40 | INFO | [ncluster=109/109] AUC-ROC=50.00%  AUC-PR=3.02%  F1=0.0000  MCC=0.0000  Train=1.298s  Test=31.028s  Peak RAM=86.823 MB
2026-03-16 14:59:39 | INFO | [ncluster=112/112] AUC-ROC=50.00%  AUC-PR=3.02%  F1=0.0000  MCC=0.0000  Train=1.143s  Test=32.685s  Peak RAM=86.823 MB
2026-03-16 15:00:42 | INFO | [ncluster=115/115] AUC-ROC=50.00%  AUC-PR=3.02%  F1=0.0000  MCC=0.0000  Train=1.402s  Test=31.940s  Peak RAM=86.823 MB
2026-03-16 15:01:43 | INFO | [ncluster=118/118] AUC-ROC=50.00%  AUC-PR=3.02%  F1=0.0000  MCC=0.0000  Train=1.239s  Test=29.877s  Peak RAM=86.824 MB
2026-03-16 15:02:41 | INFO | [ncluster=121/121] AUC-ROC=50.05%  AUC-PR=3.03%  F1=0.0033  MCC=0.0064  Train=1.097s  Test=30.984s  Peak RAM=86.825 MB
2026-03-16 15:03:41 | INFO | [ncluster=124/124] AUC-ROC=50.00%  AUC-PR=3.02%  F1=0.0000  MCC=0.0000  Train=1.365s  Test=30.521s  Peak RAM=86.825 MB
2026-03-16 15:04:41 | INFO | [ncluster=127/127] AUC-ROC=50.00%  AUC-PR=3.02%  F1=0.0000  MCC=0.0000  Train=1.311s  Test=29.961s  Peak RAM=86.826 MB
2026-03-16 15:05:45 | INFO | [ncluster=130/130] AUC-ROC=50.09%  AUC-PR=3.03%  F1=0.0063  MCC=0.0083  Train=1.319s  Test=31.354s  Peak RAM=86.826 MB
2026-03-16 15:06:46 | INFO | [ncluster=133/133] AUC-ROC=50.00%  AUC-PR=3.02%  F1=0.0000  MCC=0.0000  Train=1.208s  Test=30.675s  Peak RAM=86.827 MB
2026-03-16 15:07:50 | INFO | [ncluster=136/136] AUC-ROC=49.99%  AUC-PR=3.02%  F1=0.0000  MCC=0.0000  Train=1.150s  Test=32.952s  Peak RAM=86.828 MB
2026-03-16 15:08:54 | INFO | [ncluster=139/139] AUC-ROC=50.00%  AUC-PR=3.02%  F1=0.0000  MCC=0.0000  Train=1.190s  Test=30.937s  Peak RAM=86.828 MB
2026-03-16 15:09:57 | INFO | [ncluster=142/142] AUC-ROC=50.00%  AUC-PR=3.02%  F1=0.0000  MCC=0.0000  Train=1.130s  Test=30.881s  Peak RAM=86.828 MB
2026-03-16 15:11:01 | INFO | [ncluster=145/145] AUC-ROC=50.00%  AUC-PR=3.02%  F1=0.0000  MCC=0.0000  Train=1.386s  Test=30.766s  Peak RAM=86.829 MB
2026-03-16 15:12:04 | INFO | [ncluster=148/148] AUC-ROC=50.00%  AUC-PR=3.02%  F1=0.0000  MCC=0.0000  Train=1.145s  Test=30.929s  Peak RAM=86.829 MB
2026-03-16 15:13:11 | INFO | [ncluster=151/151] AUC-ROC=50.00%  AUC-PR=3.02%  F1=0.0000  MCC=0.0000  Train=1.227s  Test=31.703s  Peak RAM=86.83 MB
2026-03-16 15:14:19 | INFO | [ncluster=154/154] AUC-ROC=50.00%  AUC-PR=3.02%  F1=0.0000  MCC=0.0000  Train=1.027s  Test=32.313s  Peak RAM=86.83 MB
2026-03-16 15:15:28 | INFO | [ncluster=157/157] AUC-ROC=49.92%  AUC-PR=3.02%  F1=0.0000  MCC=0.0000  Train=1.051s  Test=33.149s  Peak RAM=86.831 MB
2026-03-16 15:16:38 | INFO | [ncluster=160/160] AUC-ROC=49.88%  AUC-PR=3.02%  F1=0.0000  MCC=0.0000  Train=1.225s  Test=32.013s  Peak RAM=86.831 MB
2026-03-16 15:17:46 | INFO | [ncluster=163/163] AUC-ROC=50.00%  AUC-PR=3.02%  F1=0.0000  MCC=0.0000  Train=1.031s  Test=30.538s  Peak RAM=86.832 MB
2026-03-16 15:18:53 | INFO | [ncluster=166/166] AUC-ROC=50.00%  AUC-PR=3.02%  F1=0.0000  MCC=0.0000  Train=1.221s  Test=30.109s  Peak RAM=86.832 MB
2026-03-16 15:20:02 | INFO | [ncluster=169/169] AUC-ROC=50.00%  AUC-PR=3.02%  F1=0.0000  MCC=0.0000  Train=1.151s  Test=30.772s  Peak RAM=86.833 MB
2026-03-16 15:21:10 | INFO | [ncluster=172/172] AUC-ROC=50.00%  AUC-PR=3.02%  F1=0.0000  MCC=0.0000  Train=1.130s  Test=29.038s  Peak RAM=86.833 MB
2026-03-16 15:22:20 | INFO | [ncluster=175/175] AUC-ROC=50.00%  AUC-PR=3.02%  F1=0.0000  MCC=0.0000  Train=1.157s  Test=31.863s  Peak RAM=86.834 MB
2026-03-16 15:23:30 | INFO | [ncluster=178/178] AUC-ROC=50.00%  AUC-PR=3.02%  F1=0.0000  MCC=0.0000  Train=1.209s  Test=30.982s  Peak RAM=86.834 MB
2026-03-16 15:24:43 | INFO | [ncluster=181/181] AUC-ROC=50.00%  AUC-PR=3.02%  F1=0.0000  MCC=0.0000  Train=1.215s  Test=31.166s  Peak RAM=86.834 MB
2026-03-16 15:25:55 | INFO | [ncluster=184/184] AUC-ROC=50.00%  AUC-PR=3.02%  F1=0.0000  MCC=0.0000  Train=1.158s  Test=32.241s  Peak RAM=86.835 MB
2026-03-16 15:27:06 | INFO | [ncluster=187/187] AUC-ROC=49.97%  AUC-PR=3.02%  F1=0.0000  MCC=0.0000  Train=1.053s  Test=30.652s  Peak RAM=86.836 MB
2026-03-16 15:28:20 | INFO | [ncluster=190/190] AUC-ROC=50.00%  AUC-PR=3.02%  F1=0.0000  MCC=0.0000  Train=1.230s  Test=31.544s  Peak RAM=86.836 MB
2026-03-16 15:29:35 | INFO | [ncluster=193/193] AUC-ROC=50.00%  AUC-PR=3.02%  F1=0.0000  MCC=0.0000  Train=1.111s  Test=30.778s  Peak RAM=86.837 MB
2026-03-16 15:30:49 | INFO | [ncluster=196/196] AUC-ROC=50.05%  AUC-PR=3.03%  F1=0.0033  MCC=0.0064  Train=1.183s  Test=30.541s  Peak RAM=86.837 MB
2026-03-16 15:31:59 | INFO | [ncluster=199/199] AUC-ROC=50.00%  AUC-PR=3.02%  F1=0.0000  MCC=0.0000  Train=1.191s  Test=26.807s  Peak RAM=86.838 MB
2026-03-16 15:33:12 | INFO | [ncluster=202/202] AUC-ROC=50.00%  AUC-PR=3.02%  F1=0.0000  MCC=0.0000  Train=1.150s  Test=29.782s  Peak RAM=86.839 MB
2026-03-16 15:34:25 | INFO | [ncluster=205/205] AUC-ROC=49.99%  AUC-PR=3.02%  F1=0.0000  MCC=0.0000  Train=1.063s  Test=30.216s  Peak RAM=86.839 MB
2026-03-16 15:35:43 | INFO | [ncluster=208/208] AUC-ROC=50.00%  AUC-PR=3.02%  F1=0.0000  MCC=0.0000  Train=1.203s  Test=30.638s  Peak RAM=86.839 MB
2026-03-16 15:36:58 | INFO | [ncluster=211/211] AUC-ROC=50.00%  AUC-PR=3.02%  F1=0.0000  MCC=0.0000  Train=1.361s  Test=30.955s  Peak RAM=86.84 MB
2026-03-16 15:38:15 | INFO | [ncluster=214/214] AUC-ROC=50.00%  AUC-PR=3.02%  F1=0.0000  MCC=0.0000  Train=1.079s  Test=30.976s  Peak RAM=86.841 MB
2026-03-16 15:39:35 | INFO | [ncluster=217/217] AUC-ROC=50.00%  AUC-PR=3.02%  F1=0.0000  MCC=0.0000  Train=1.378s  Test=31.901s  Peak RAM=86.841 MB
2026-03-16 15:40:54 | INFO | [ncluster=220/220] AUC-ROC=50.00%  AUC-PR=3.02%  F1=0.0000  MCC=0.0000  Train=1.234s  Test=31.961s  Peak RAM=86.841 MB
2026-03-16 15:42:20 | INFO | [ncluster=223/223] AUC-ROC=50.00%  AUC-PR=3.02%  F1=0.0000  MCC=0.0000  Train=1.016s  Test=35.419s  Peak RAM=86.842 MB
2026-03-16 15:43:56 | INFO | [ncluster=226/226] AUC-ROC=50.00%  AUC-PR=3.02%  F1=0.0000  MCC=0.0000  Train=1.398s  Test=32.852s  Peak RAM=86.842 MB
2026-03-16 15:45:44 | INFO | [ncluster=229/229] AUC-ROC=50.00%  AUC-PR=3.02%  F1=0.0000  MCC=0.0000  Train=1.496s  Test=38.153s  Peak RAM=86.843 MB
2026-03-16 15:47:22 | INFO | [ncluster=232/232] AUC-ROC=50.00%  AUC-PR=3.02%  F1=0.0000  MCC=0.0000  Train=1.614s  Test=30.604s  Peak RAM=86.843 MB
2026-03-16 15:48:57 | INFO | [ncluster=235/235] AUC-ROC=49.99%  AUC-PR=3.02%  F1=0.0000  MCC=0.0000  Train=1.231s  Test=31.632s  Peak RAM=86.844 MB
2026-03-16 15:50:24 | INFO | [ncluster=238/238] AUC-ROC=49.95%  AUC-PR=3.02%  F1=0.0000  MCC=0.0000  Train=1.914s  Test=30.954s  Peak RAM=86.844 MB
2026-03-16 15:51:48 | INFO | [ncluster=241/241] AUC-ROC=50.00%  AUC-PR=3.02%  F1=0.0000  MCC=0.0000  Train=1.385s  Test=31.647s  Peak RAM=86.845 MB
2026-03-16 15:53:11 | INFO | [ncluster=244/244] AUC-ROC=50.00%  AUC-PR=3.02%  F1=0.0000  MCC=0.0000  Train=1.204s  Test=29.711s  Peak RAM=86.845 MB
2026-03-16 15:54:35 | INFO | [ncluster=247/247] AUC-ROC=50.00%  AUC-PR=3.02%  F1=0.0000  MCC=0.0000  Train=1.213s  Test=30.873s  Peak RAM=86.846 MB
2026-03-16 15:55:58 | INFO | [ncluster=250/250] AUC-ROC=50.00%  AUC-PR=3.02%  F1=0.0000  MCC=0.0000  Train=1.113s  Test=31.011s  Peak RAM=86.846 MB
2026-03-16 15:57:23 | INFO | [ncluster=253/253] AUC-ROC=50.00%  AUC-PR=3.02%  F1=0.0000  MCC=0.0000  Train=1.157s  Test=30.680s  Peak RAM=86.846 MB
2026-03-16 15:58:57 | INFO | [ncluster=256/256] AUC-ROC=50.00%  AUC-PR=3.02%  F1=0.0000  MCC=0.0000  Train=1.404s  Test=28.013s  Peak RAM=86.847 MB
2026-03-16 16:00:22 | INFO | [ncluster=259/259] AUC-ROC=50.00%  AUC-PR=3.02%  F1=0.0000  MCC=0.0000  Train=1.096s  Test=31.196s  Peak RAM=86.848 MB
2026-03-16 16:01:46 | INFO | [ncluster=262/262] AUC-ROC=50.00%  AUC-PR=3.02%  F1=0.0000  MCC=0.0000  Train=1.323s  Test=29.811s  Peak RAM=86.848 MB
2026-03-16 16:03:11 | INFO | [ncluster=265/265] AUC-ROC=50.00%  AUC-PR=3.02%  F1=0.0000  MCC=0.0000  Train=1.118s  Test=30.124s  Peak RAM=86.849 MB
2026-03-16 16:04:40 | INFO | [ncluster=268/268] AUC-ROC=49.92%  AUC-PR=3.02%  F1=0.0000  MCC=0.0000  Train=1.164s  Test=31.785s  Peak RAM=86.849 MB
2026-03-16 16:06:06 | INFO | [ncluster=271/271] AUC-ROC=50.10%  AUC-PR=3.03%  F1=0.0064  MCC=0.0090  Train=1.115s  Test=29.464s  Peak RAM=86.85 MB
2026-03-16 16:07:34 | INFO | [ncluster=274/274] AUC-ROC=50.00%  AUC-PR=3.02%  F1=0.0000  MCC=0.0000  Train=1.397s  Test=30.936s  Peak RAM=86.85 MB
2026-03-16 16:09:03 | INFO | [ncluster=277/277] AUC-ROC=49.92%  AUC-PR=3.02%  F1=0.0000  MCC=0.0000  Train=1.238s  Test=29.666s  Peak RAM=86.85 MB
2026-03-16 16:10:30 | INFO | [ncluster=280/280] AUC-ROC=49.97%  AUC-PR=3.02%  F1=0.0000  MCC=0.0000  Train=1.268s  Test=30.119s  Peak RAM=86.851 MB
2026-03-16 16:12:02 | INFO | [ncluster=283/283] AUC-ROC=50.00%  AUC-PR=3.02%  F1=0.0000  MCC=0.0000  Train=1.134s  Test=32.079s  Peak RAM=86.852 MB
2026-03-16 16:13:32 | INFO | [ncluster=286/286] AUC-ROC=50.00%  AUC-PR=3.02%  F1=0.0000  MCC=0.0000  Train=1.290s  Test=29.916s  Peak RAM=86.852 MB
2026-03-16 16:15:04 | INFO | [ncluster=289/289] AUC-ROC=49.98%  AUC-PR=3.02%  F1=0.0000  MCC=0.0000  Train=1.137s  Test=30.408s  Peak RAM=86.852 MB
2026-03-16 16:16:38 | INFO | [ncluster=292/292] AUC-ROC=49.93%  AUC-PR=3.02%  F1=0.0000  MCC=0.0000  Train=1.130s  Test=29.415s  Peak RAM=86.853 MB
2026-03-16 16:18:12 | INFO | [ncluster=295/295] AUC-ROC=50.00%  AUC-PR=3.02%  F1=0.0000  MCC=0.0000  Train=1.265s  Test=29.382s  Peak RAM=86.853 MB
2026-03-16 16:19:45 | INFO | [ncluster=298/298] AUC-ROC=49.87%  AUC-PR=3.02%  F1=0.0000  MCC=0.0000  Train=1.207s  Test=31.517s  Peak RAM=86.854 MB
2026-03-16 16:19:45 | INFO | --- noise=1% ---
2026-03-16 16:19:45 | INFO | ============================================================
2026-03-16 16:19:45 | INFO | Dataset  : Train_StandardScaler_data_CICIoT2023.csv
2026-03-16 16:19:45 | INFO | Scaler   : StandardScaler
2026-03-16 16:19:45 | INFO | Noise    : 1%
2026-03-16 16:19:45 | INFO | nClusters: 100 values (1..298)
2026-03-16 16:19:45 | INFO | ============================================================
2026-03-16 16:19:45 | INFO | df_full shape: (99514, 41)
2026-03-16 16:19:45 | INFO | Training size : 77,984  |  Testing size: 19,903  |  Features: 40
2026-03-16 16:20:17 | INFO | [ncluster=1/1] AUC-ROC=50.00%  AUC-PR=3.02%  F1=0.0000  MCC=0.0000  Train=1.104s  Test=29.625s  Peak RAM=87.673 MB
2026-03-16 16:20:55 | INFO | [ncluster=4/4] AUC-ROC=50.00%  AUC-PR=3.02%  F1=0.0000  MCC=0.0000  Train=1.103s  Test=33.612s  Peak RAM=87.674 MB
2026-03-16 16:21:36 | INFO | [ncluster=7/7] AUC-ROC=50.00%  AUC-PR=3.02%  F1=0.0000  MCC=0.0000  Train=1.257s  Test=35.236s  Peak RAM=87.674 MB
2026-03-16 16:22:16 | INFO | [ncluster=10/10] AUC-ROC=50.00%  AUC-PR=3.02%  F1=0.0000  MCC=0.0000  Train=1.254s  Test=32.263s  Peak RAM=87.674 MB
2026-03-16 16:22:55 | INFO | [ncluster=13/13] AUC-ROC=50.00%  AUC-PR=3.02%  F1=0.0000  MCC=0.0000  Train=1.207s  Test=31.032s  Peak RAM=87.675 MB
2026-03-16 16:23:33 | INFO | [ncluster=16/16] AUC-ROC=50.00%  AUC-PR=3.02%  F1=0.0000  MCC=0.0000  Train=1.150s  Test=30.333s  Peak RAM=87.675 MB
2026-03-16 16:24:13 | INFO | [ncluster=19/19] AUC-ROC=50.00%  AUC-PR=3.02%  F1=0.0000  MCC=0.0000  Train=1.186s  Test=32.009s  Peak RAM=87.676 MB
2026-03-16 16:24:53 | INFO | [ncluster=22/22] AUC-ROC=50.10%  AUC-PR=3.03%  F1=0.0064  MCC=0.0090  Train=1.184s  Test=30.352s  Peak RAM=87.676 MB
2026-03-16 16:25:34 | INFO | [ncluster=25/25] AUC-ROC=49.96%  AUC-PR=3.02%  F1=0.0000  MCC=0.0000  Train=1.197s  Test=31.397s  Peak RAM=87.677 MB
2026-03-16 16:26:13 | INFO | [ncluster=28/28] AUC-ROC=49.98%  AUC-PR=3.02%  F1=0.0000  MCC=0.0000  Train=1.087s  Test=29.290s  Peak RAM=87.677 MB
2026-03-16 16:26:57 | INFO | [ncluster=31/31] AUC-ROC=49.98%  AUC-PR=3.02%  F1=0.0000  MCC=0.0000  Train=1.221s  Test=31.960s  Peak RAM=87.677 MB
2026-03-16 16:27:40 | INFO | [ncluster=34/34] AUC-ROC=50.00%  AUC-PR=3.02%  F1=0.0000  MCC=0.0000  Train=1.230s  Test=31.340s  Peak RAM=87.678 MB
2026-03-16 16:28:24 | INFO | [ncluster=37/37] AUC-ROC=50.00%  AUC-PR=3.02%  F1=0.0000  MCC=0.0000  Train=1.226s  Test=31.652s  Peak RAM=87.679 MB
2026-03-16 16:29:06 | INFO | [ncluster=40/40] AUC-ROC=50.00%  AUC-PR=3.02%  F1=0.0000  MCC=0.0000  Train=1.121s  Test=30.211s  Peak RAM=87.679 MB
2026-03-16 16:29:54 | INFO | [ncluster=43/43] AUC-ROC=50.00%  AUC-PR=3.02%  F1=0.0000  MCC=0.0000  Train=1.058s  Test=32.261s  Peak RAM=87.68 MB
2026-03-16 16:30:42 | INFO | [ncluster=46/46] AUC-ROC=50.00%  AUC-PR=3.02%  F1=0.0000  MCC=0.0000  Train=1.114s  Test=31.060s  Peak RAM=87.68 MB
2026-03-16 16:31:29 | INFO | [ncluster=49/49] AUC-ROC=49.88%  AUC-PR=3.02%  F1=0.0000  MCC=0.0000  Train=1.291s  Test=32.549s  Peak RAM=87.681 MB
2026-03-16 16:32:15 | INFO | [ncluster=52/52] AUC-ROC=50.00%  AUC-PR=3.02%  F1=0.0000  MCC=0.0000  Train=1.494s  Test=30.596s  Peak RAM=87.681 MB
2026-03-16 16:33:04 | INFO | [ncluster=55/55] AUC-ROC=50.00%  AUC-PR=3.02%  F1=0.0000  MCC=0.0000  Train=1.126s  Test=31.208s  Peak RAM=87.682 MB
2026-03-16 16:33:53 | INFO | [ncluster=58/58] AUC-ROC=49.99%  AUC-PR=3.02%  F1=0.0000  MCC=0.0000  Train=1.404s  Test=31.195s  Peak RAM=87.682 MB
2026-03-16 16:34:41 | INFO | [ncluster=61/61] AUC-ROC=49.99%  AUC-PR=3.02%  F1=0.0000  MCC=0.0000  Train=1.121s  Test=30.346s  Peak RAM=87.683 MB
2026-03-16 16:35:30 | INFO | [ncluster=64/64] AUC-ROC=49.90%  AUC-PR=3.02%  F1=0.0000  MCC=0.0000  Train=1.096s  Test=29.981s  Peak RAM=87.683 MB
2026-03-16 16:36:20 | INFO | [ncluster=67/67] AUC-ROC=50.00%  AUC-PR=3.02%  F1=0.0000  MCC=0.0000  Train=1.199s  Test=31.035s  Peak RAM=87.684 MB
2026-03-16 16:37:08 | INFO | [ncluster=70/70] AUC-ROC=50.00%  AUC-PR=3.02%  F1=0.0000  MCC=0.0000  Train=1.178s  Test=29.184s  Peak RAM=87.684 MB
2026-03-16 16:37:58 | INFO | [ncluster=73/73] AUC-ROC=50.00%  AUC-PR=3.02%  F1=0.0000  MCC=0.0000  Train=1.265s  Test=30.231s  Peak RAM=87.685 MB
2026-03-16 16:38:48 | INFO | [ncluster=76/76] AUC-ROC=50.00%  AUC-PR=3.02%  F1=0.0000  MCC=0.0000  Train=1.256s  Test=29.211s  Peak RAM=87.685 MB
2026-03-16 16:39:41 | INFO | [ncluster=79/79] AUC-ROC=49.96%  AUC-PR=3.02%  F1=0.0000  MCC=0.0000  Train=1.212s  Test=32.367s  Peak RAM=87.686 MB
2026-03-16 16:40:36 | INFO | [ncluster=82/82] AUC-ROC=50.00%  AUC-PR=3.02%  F1=0.0000  MCC=0.0000  Train=1.103s  Test=31.800s  Peak RAM=87.686 MB
2026-03-16 16:41:32 | INFO | [ncluster=85/85] AUC-ROC=50.00%  AUC-PR=3.02%  F1=0.0000  MCC=0.0000  Train=1.273s  Test=33.748s  Peak RAM=87.687 MB
2026-03-16 16:42:27 | INFO | [ncluster=88/88] AUC-ROC=50.00%  AUC-PR=3.02%  F1=0.0000  MCC=0.0000  Train=1.156s  Test=29.976s  Peak RAM=87.687 MB
2026-03-16 16:43:18 | INFO | [ncluster=91/91] AUC-ROC=50.00%  AUC-PR=3.02%  F1=0.0000  MCC=0.0000  Train=1.265s  Test=27.500s  Peak RAM=87.688 MB
2026-03-16 16:44:13 | INFO | [ncluster=94/94] AUC-ROC=50.00%  AUC-PR=3.02%  F1=0.0000  MCC=0.0000  Train=1.275s  Test=31.688s  Peak RAM=87.688 MB
2026-03-16 16:45:12 | INFO | [ncluster=97/97] AUC-ROC=50.00%  AUC-PR=3.02%  F1=0.0000  MCC=0.0000  Train=1.307s  Test=32.443s  Peak RAM=87.689 MB
2026-03-16 16:46:12 | INFO | [ncluster=100/100] AUC-ROC=50.00%  AUC-PR=3.02%  F1=0.0000  MCC=0.0000  Train=1.289s  Test=30.967s  Peak RAM=87.689 MB
2026-03-16 16:47:13 | INFO | [ncluster=103/103] AUC-ROC=49.88%  AUC-PR=3.02%  F1=0.0000  MCC=0.0000  Train=1.178s  Test=32.663s  Peak RAM=87.69 MB
2026-03-16 16:48:11 | INFO | [ncluster=106/106] AUC-ROC=50.00%  AUC-PR=3.02%  F1=0.0000  MCC=0.0000  Train=1.387s  Test=31.343s  Peak RAM=87.69 MB
2026-03-16 16:49:08 | INFO | [ncluster=109/109] AUC-ROC=49.93%  AUC-PR=3.02%  F1=0.0000  MCC=0.0000  Train=1.280s  Test=29.444s  Peak RAM=87.691 MB
2026-03-16 16:50:09 | INFO | [ncluster=112/112] AUC-ROC=49.87%  AUC-PR=3.02%  F1=0.0000  MCC=0.0000  Train=1.208s  Test=30.736s  Peak RAM=87.691 MB
2026-03-16 16:51:10 | INFO | [ncluster=115/115] AUC-ROC=50.00%  AUC-PR=3.02%  F1=0.0000  MCC=0.0000  Train=1.174s  Test=31.617s  Peak RAM=87.692 MB
2026-03-16 16:52:08 | INFO | [ncluster=118/118] AUC-ROC=49.92%  AUC-PR=3.02%  F1=0.0000  MCC=0.0000  Train=1.570s  Test=29.944s  Peak RAM=87.692 MB
2026-03-16 16:53:10 | INFO | [ncluster=121/121] AUC-ROC=50.00%  AUC-PR=3.02%  F1=0.0000  MCC=0.0000  Train=0.993s  Test=32.943s  Peak RAM=87.693 MB
2026-03-16 16:54:12 | INFO | [ncluster=124/124] AUC-ROC=50.00%  AUC-PR=3.02%  F1=0.0000  MCC=0.0000  Train=1.123s  Test=31.709s  Peak RAM=87.693 MB
2026-03-16 16:55:14 | INFO | [ncluster=127/127] AUC-ROC=50.00%  AUC-PR=3.02%  F1=0.0000  MCC=0.0000  Train=1.056s  Test=32.011s  Peak RAM=87.694 MB
2026-03-16 16:56:20 | INFO | [ncluster=130/130] AUC-ROC=50.00%  AUC-PR=3.02%  F1=0.0000  MCC=0.0000  Train=1.255s  Test=31.764s  Peak RAM=87.694 MB
2026-03-16 16:57:27 | INFO | [ncluster=133/133] AUC-ROC=50.00%  AUC-PR=3.02%  F1=0.0000  MCC=0.0000  Train=1.230s  Test=31.797s  Peak RAM=87.694 MB
2026-03-16 16:58:33 | INFO | [ncluster=136/136] AUC-ROC=50.02%  AUC-PR=3.02%  F1=0.0032  MCC=0.0017  Train=1.174s  Test=31.367s  Peak RAM=87.695 MB
2026-03-16 16:59:41 | INFO | [ncluster=139/139] AUC-ROC=50.10%  AUC-PR=3.03%  F1=0.0064  MCC=0.0090  Train=1.364s  Test=31.301s  Peak RAM=87.695 MB
2026-03-16 17:00:45 | INFO | [ncluster=142/142] AUC-ROC=49.87%  AUC-PR=3.02%  F1=0.0000  MCC=0.0000  Train=1.257s  Test=30.679s  Peak RAM=87.696 MB
2026-03-16 17:01:49 | INFO | [ncluster=145/145] AUC-ROC=50.00%  AUC-PR=3.02%  F1=0.0000  MCC=0.0000  Train=1.292s  Test=32.662s  Peak RAM=87.697 MB
2026-03-16 17:02:55 | INFO | [ncluster=148/148] AUC-ROC=49.89%  AUC-PR=3.02%  F1=0.0000  MCC=0.0000  Train=1.281s  Test=31.146s  Peak RAM=87.697 MB
2026-03-16 17:04:02 | INFO | [ncluster=151/151] AUC-ROC=50.00%  AUC-PR=3.02%  F1=0.0000  MCC=0.0000  Train=1.094s  Test=29.148s  Peak RAM=87.698 MB
2026-03-16 17:05:08 | INFO | [ncluster=154/154] AUC-ROC=50.00%  AUC-PR=3.02%  F1=0.0000  MCC=0.0000  Train=1.298s  Test=31.478s  Peak RAM=87.698 MB
2026-03-16 17:06:17 | INFO | [ncluster=157/157] AUC-ROC=49.98%  AUC-PR=3.02%  F1=0.0000  MCC=0.0000  Train=1.415s  Test=31.935s  Peak RAM=87.698 MB
2026-03-16 17:07:26 | INFO | [ncluster=160/160] AUC-ROC=49.92%  AUC-PR=3.02%  F1=0.0000  MCC=0.0000  Train=1.165s  Test=31.946s  Peak RAM=87.699 MB
2026-03-16 17:08:36 | INFO | [ncluster=163/163] AUC-ROC=49.94%  AUC-PR=3.02%  F1=0.0000  MCC=0.0000  Train=1.251s  Test=32.500s  Peak RAM=87.7 MB
2026-03-16 17:09:48 | INFO | [ncluster=166/166] AUC-ROC=50.00%  AUC-PR=3.02%  F1=0.0000  MCC=0.0000  Train=1.085s  Test=32.686s  Peak RAM=87.7 MB
2026-03-16 17:11:01 | INFO | [ncluster=169/169] AUC-ROC=50.00%  AUC-PR=3.02%  F1=0.0000  MCC=0.0000  Train=1.317s  Test=32.295s  Peak RAM=87.7 MB
2026-03-16 17:12:12 | INFO | [ncluster=172/172] AUC-ROC=50.00%  AUC-PR=3.02%  F1=0.0000  MCC=0.0000  Train=1.338s  Test=32.250s  Peak RAM=87.701 MB
2026-03-16 17:13:27 | INFO | [ncluster=175/175] AUC-ROC=50.00%  AUC-PR=3.02%  F1=0.0000  MCC=0.0000  Train=1.069s  Test=33.695s  Peak RAM=87.702 MB
2026-03-16 17:14:39 | INFO | [ncluster=178/178] AUC-ROC=50.00%  AUC-PR=3.02%  F1=0.0000  MCC=0.0000  Train=1.654s  Test=29.317s  Peak RAM=87.702 MB
2026-03-16 17:15:54 | INFO | [ncluster=181/181] AUC-ROC=50.00%  AUC-PR=3.02%  F1=0.0000  MCC=0.0000  Train=1.184s  Test=33.713s  Peak RAM=87.702 MB
2026-03-16 17:17:08 | INFO | [ncluster=184/184] AUC-ROC=49.94%  AUC-PR=3.02%  F1=0.0000  MCC=0.0000  Train=1.171s  Test=30.777s  Peak RAM=87.703 MB
2026-03-16 17:18:24 | INFO | [ncluster=187/187] AUC-ROC=50.00%  AUC-PR=3.02%  F1=0.0000  MCC=0.0000  Train=1.178s  Test=31.158s  Peak RAM=87.704 MB
2026-03-16 17:19:44 | INFO | [ncluster=190/190] AUC-ROC=50.00%  AUC-PR=3.02%  F1=0.0000  MCC=0.0000  Train=1.336s  Test=32.438s  Peak RAM=87.704 MB
2026-03-16 17:21:02 | INFO | [ncluster=193/193] AUC-ROC=50.00%  AUC-PR=3.02%  F1=0.0000  MCC=0.0000  Train=1.517s  Test=33.864s  Peak RAM=87.704 MB
2026-03-16 17:22:20 | INFO | [ncluster=196/196] AUC-ROC=50.00%  AUC-PR=3.02%  F1=0.0000  MCC=0.0000  Train=1.200s  Test=30.248s  Peak RAM=87.705 MB
2026-03-16 17:23:40 | INFO | [ncluster=199/199] AUC-ROC=50.00%  AUC-PR=3.02%  F1=0.0000  MCC=0.0000  Train=1.370s  Test=33.760s  Peak RAM=87.705 MB
2026-03-16 17:24:56 | INFO | [ncluster=202/202] AUC-ROC=49.98%  AUC-PR=3.02%  F1=0.0000  MCC=0.0000  Train=1.221s  Test=32.220s  Peak RAM=87.706 MB
2026-03-16 17:26:14 | INFO | [ncluster=205/205] AUC-ROC=50.00%  AUC-PR=3.02%  F1=0.0000  MCC=0.0000  Train=1.309s  Test=32.700s  Peak RAM=87.707 MB
2026-03-16 17:27:29 | INFO | [ncluster=208/208] AUC-ROC=49.94%  AUC-PR=3.02%  F1=0.0000  MCC=0.0000  Train=1.154s  Test=28.700s  Peak RAM=87.707 MB
2026-03-16 17:28:49 | INFO | [ncluster=211/211] AUC-ROC=50.00%  AUC-PR=3.02%  F1=0.0000  MCC=0.0000  Train=1.174s  Test=33.316s  Peak RAM=87.707 MB
2026-03-16 17:30:10 | INFO | [ncluster=214/214] AUC-ROC=49.99%  AUC-PR=3.02%  F1=0.0000  MCC=0.0000  Train=1.436s  Test=32.095s  Peak RAM=87.708 MB
2026-03-16 17:31:29 | INFO | [ncluster=217/217] AUC-ROC=50.00%  AUC-PR=3.02%  F1=0.0000  MCC=0.0000  Train=1.247s  Test=30.811s  Peak RAM=87.708 MB
2026-03-16 17:32:48 | INFO | [ncluster=220/220] AUC-ROC=50.00%  AUC-PR=3.02%  F1=0.0000  MCC=0.0000  Train=1.122s  Test=30.487s  Peak RAM=87.709 MB
2026-03-16 17:34:06 | INFO | [ncluster=223/223] AUC-ROC=50.00%  AUC-PR=3.02%  F1=0.0000  MCC=0.0000  Train=1.294s  Test=30.496s  Peak RAM=87.709 MB
2026-03-16 17:35:26 | INFO | [ncluster=226/226] AUC-ROC=50.00%  AUC-PR=3.02%  F1=0.0000  MCC=0.0000  Train=1.198s  Test=30.239s  Peak RAM=87.71 MB
2026-03-16 17:36:46 | INFO | [ncluster=229/229] AUC-ROC=50.00%  AUC-PR=3.02%  F1=0.0000  MCC=0.0000  Train=1.064s  Test=30.949s  Peak RAM=87.71 MB
2026-03-16 17:38:08 | INFO | [ncluster=232/232] AUC-ROC=49.89%  AUC-PR=3.02%  F1=0.0000  MCC=0.0000  Train=1.181s  Test=31.199s  Peak RAM=87.711 MB
2026-03-16 17:39:28 | INFO | [ncluster=235/235] AUC-ROC=50.00%  AUC-PR=3.02%  F1=0.0000  MCC=0.0000  Train=1.174s  Test=29.644s  Peak RAM=87.711 MB
2026-03-16 17:40:53 | INFO | [ncluster=238/238] AUC-ROC=50.00%  AUC-PR=3.02%  F1=0.0000  MCC=0.0000  Train=1.397s  Test=33.151s  Peak RAM=87.711 MB
2026-03-16 17:42:17 | INFO | [ncluster=241/241] AUC-ROC=50.00%  AUC-PR=3.02%  F1=0.0000  MCC=0.0000  Train=1.200s  Test=33.127s  Peak RAM=87.712 MB
2026-03-16 17:43:38 | INFO | [ncluster=244/244] AUC-ROC=49.77%  AUC-PR=3.02%  F1=0.0000  MCC=0.0000  Train=1.156s  Test=27.118s  Peak RAM=87.713 MB
2026-03-16 17:45:06 | INFO | [ncluster=247/247] AUC-ROC=50.00%  AUC-PR=3.02%  F1=0.0000  MCC=0.0000  Train=1.160s  Test=33.830s  Peak RAM=87.713 MB
2026-03-16 17:46:32 | INFO | [ncluster=250/250] AUC-ROC=50.00%  AUC-PR=3.02%  F1=0.0000  MCC=0.0000  Train=1.642s  Test=31.545s  Peak RAM=87.714 MB
2026-03-16 17:47:57 | INFO | [ncluster=253/253] AUC-ROC=50.00%  AUC-PR=3.02%  F1=0.0000  MCC=0.0000  Train=1.236s  Test=29.932s  Peak RAM=87.714 MB
2026-03-16 17:49:22 | INFO | [ncluster=256/256] AUC-ROC=50.00%  AUC-PR=3.02%  F1=0.0000  MCC=0.0000  Train=1.049s  Test=30.714s  Peak RAM=87.715 MB
2026-03-16 17:50:51 | INFO | [ncluster=259/259] AUC-ROC=50.00%  AUC-PR=3.02%  F1=0.0000  MCC=0.0000  Train=1.255s  Test=31.083s  Peak RAM=87.715 MB
2026-03-16 17:52:58 | INFO | [ncluster=262/262] AUC-ROC=50.00%  AUC-PR=3.02%  F1=0.0000  MCC=0.0000  Train=2.453s  Test=55.107s  Peak RAM=87.716 MB
2026-03-16 17:56:06 | INFO | [ncluster=265/265] AUC-ROC=50.04%  AUC-PR=3.02%  F1=0.0032  MCC=0.0054  Train=2.246s  Test=54.201s  Peak RAM=87.716 MB
2026-03-16 17:59:00 | INFO | [ncluster=268/268] AUC-ROC=50.00%  AUC-PR=3.02%  F1=0.0000  MCC=0.0000  Train=2.634s  Test=47.141s  Peak RAM=87.717 MB
2026-03-16 18:02:11 | INFO | [ncluster=271/271] AUC-ROC=50.00%  AUC-PR=3.02%  F1=0.0000  MCC=0.0000  Train=2.623s  Test=57.862s  Peak RAM=87.717 MB
2026-03-16 18:05:23 | INFO | [ncluster=274/274] AUC-ROC=50.00%  AUC-PR=3.02%  F1=0.0000  MCC=0.0000  Train=2.744s  Test=55.309s  Peak RAM=87.718 MB
2026-03-16 18:08:25 | INFO | [ncluster=277/277] AUC-ROC=50.00%  AUC-PR=3.02%  F1=0.0000  MCC=0.0000  Train=2.683s  Test=49.877s  Peak RAM=87.718 MB
2026-03-16 18:11:37 | INFO | [ncluster=280/280] AUC-ROC=50.00%  AUC-PR=3.02%  F1=0.0000  MCC=0.0000  Train=2.628s  Test=57.640s  Peak RAM=87.718 MB
2026-03-16 18:14:50 | INFO | [ncluster=283/283] AUC-ROC=50.00%  AUC-PR=3.02%  F1=0.0000  MCC=0.0000  Train=2.553s  Test=52.898s  Peak RAM=87.719 MB
2026-03-16 18:18:01 | INFO | [ncluster=286/286] AUC-ROC=50.00%  AUC-PR=3.02%  F1=0.0000  MCC=0.0000  Train=2.810s  Test=52.470s  Peak RAM=87.72 MB
2026-03-16 18:21:22 | INFO | [ncluster=289/289] AUC-ROC=50.00%  AUC-PR=3.02%  F1=0.0000  MCC=0.0000  Train=2.669s  Test=52.875s  Peak RAM=87.72 MB
2026-03-16 18:24:31 | INFO | [ncluster=292/292] AUC-ROC=50.00%  AUC-PR=3.02%  F1=0.0000  MCC=0.0000  Train=2.627s  Test=50.272s  Peak RAM=87.72 MB
2026-03-16 18:27:40 | INFO | [ncluster=295/295] AUC-ROC=50.00%  AUC-PR=3.02%  F1=0.0000  MCC=0.0000  Train=2.563s  Test=53.422s  Peak RAM=87.721 MB
2026-03-16 18:30:46 | INFO | [ncluster=298/298] AUC-ROC=50.00%  AUC-PR=3.02%  F1=0.0000  MCC=0.0000  Train=2.559s  Test=49.744s  Peak RAM=87.722 MB
2026-03-16 18:30:46 | INFO | --- noise=3% ---
2026-03-16 18:30:46 | INFO | ============================================================
2026-03-16 18:30:46 | INFO | Dataset  : Train_StandardScaler_data_CICIoT2023.csv
2026-03-16 18:30:46 | INFO | Scaler   : StandardScaler
2026-03-16 18:30:46 | INFO | Noise    : 3%
2026-03-16 18:30:46 | INFO | nClusters: 100 values (1..298)
2026-03-16 18:30:46 | INFO | ============================================================
2026-03-16 18:30:47 | INFO | df_full shape: (99514, 41)
2026-03-16 18:30:47 | INFO | Training size : 79,528  |  Testing size: 19,903  |  Features: 40
2026-03-16 18:31:30 | INFO | [ncluster=1/1] AUC-ROC=50.00%  AUC-PR=3.02%  F1=0.0000  MCC=0.0000  Train=2.313s  Test=39.162s  Peak RAM=89.409 MB
2026-03-16 18:32:25 | INFO | [ncluster=4/4] AUC-ROC=50.00%  AUC-PR=3.02%  F1=0.0000  MCC=0.0000  Train=2.462s  Test=46.039s  Peak RAM=89.409 MB
2026-03-16 18:33:35 | INFO | [ncluster=7/7] AUC-ROC=50.00%  AUC-PR=3.02%  F1=0.0000  MCC=0.0000  Train=2.294s  Test=58.920s  Peak RAM=89.41 MB
2026-03-16 18:34:45 | INFO | [ncluster=10/10] AUC-ROC=50.00%  AUC-PR=3.02%  F1=0.0000  MCC=0.0000  Train=2.570s  Test=55.493s  Peak RAM=89.41 MB
2026-03-16 18:35:51 | INFO | [ncluster=13/13] AUC-ROC=50.00%  AUC-PR=3.02%  F1=0.0000  MCC=0.0000  Train=2.872s  Test=49.105s  Peak RAM=89.411 MB
2026-03-16 18:36:59 | INFO | [ncluster=16/16] AUC-ROC=50.00%  AUC-PR=3.02%  F1=0.0000  MCC=0.0000  Train=2.256s  Test=50.185s  Peak RAM=89.411 MB
2026-03-16 18:38:09 | INFO | [ncluster=19/19] AUC-ROC=50.00%  AUC-PR=3.02%  F1=0.0000  MCC=0.0000  Train=2.158s  Test=52.969s  Peak RAM=89.411 MB
2026-03-16 18:39:20 | INFO | [ncluster=22/22] AUC-ROC=50.00%  AUC-PR=3.02%  F1=0.0000  MCC=0.0000  Train=2.420s  Test=49.479s  Peak RAM=89.412 MB
2026-03-16 18:40:34 | INFO | [ncluster=25/25] AUC-ROC=50.00%  AUC-PR=3.02%  F1=0.0000  MCC=0.0000  Train=2.282s  Test=55.764s  Peak RAM=89.413 MB
2026-03-16 18:41:51 | INFO | [ncluster=28/28] AUC-ROC=50.00%  AUC-PR=3.02%  F1=0.0000  MCC=0.0000  Train=2.527s  Test=55.476s  Peak RAM=89.413 MB
2026-03-16 18:43:09 | INFO | [ncluster=31/31] AUC-ROC=50.00%  AUC-PR=3.02%  F1=0.0000  MCC=0.0000  Train=2.305s  Test=56.311s  Peak RAM=89.413 MB
2026-03-16 18:44:29 | INFO | [ncluster=34/34] AUC-ROC=50.00%  AUC-PR=3.02%  F1=0.0000  MCC=0.0000  Train=2.586s  Test=55.743s  Peak RAM=89.414 MB
2026-03-16 18:45:51 | INFO | [ncluster=37/37] AUC-ROC=49.98%  AUC-PR=3.02%  F1=0.0000  MCC=0.0000  Train=2.497s  Test=56.378s  Peak RAM=89.414 MB
2026-03-16 18:47:13 | INFO | [ncluster=40/40] AUC-ROC=50.00%  AUC-PR=3.02%  F1=0.0000  MCC=0.0000  Train=2.424s  Test=55.820s  Peak RAM=89.415 MB
2026-03-16 18:48:36 | INFO | [ncluster=43/43] AUC-ROC=50.00%  AUC-PR=3.02%  F1=0.0000  MCC=0.0000  Train=2.474s  Test=50.849s  Peak RAM=89.416 MB
2026-03-16 18:50:08 | INFO | [ncluster=46/46] AUC-ROC=49.92%  AUC-PR=3.02%  F1=0.0000  MCC=0.0000  Train=2.486s  Test=58.926s  Peak RAM=89.416 MB
2026-03-16 18:51:31 | INFO | [ncluster=49/49] AUC-ROC=50.00%  AUC-PR=3.02%  F1=0.0000  MCC=0.0000  Train=2.529s  Test=51.295s  Peak RAM=89.417 MB
2026-03-16 18:52:53 | INFO | [ncluster=52/52] AUC-ROC=50.00%  AUC-PR=3.02%  F1=0.0000  MCC=0.0000  Train=2.315s  Test=51.687s  Peak RAM=89.417 MB
2026-03-16 18:54:20 | INFO | [ncluster=55/55] AUC-ROC=50.02%  AUC-PR=3.02%  F1=0.0032  MCC=0.0017  Train=2.402s  Test=48.226s  Peak RAM=89.417 MB
2026-03-16 18:55:48 | INFO | [ncluster=58/58] AUC-ROC=50.00%  AUC-PR=3.02%  F1=0.0000  MCC=0.0000  Train=2.372s  Test=49.495s  Peak RAM=89.418 MB
2026-03-16 18:57:24 | INFO | [ncluster=61/61] AUC-ROC=50.00%  AUC-PR=3.02%  F1=0.0000  MCC=0.0000  Train=2.527s  Test=56.087s  Peak RAM=89.418 MB
2026-03-16 18:59:01 | INFO | [ncluster=64/64] AUC-ROC=50.00%  AUC-PR=3.02%  F1=0.0000  MCC=0.0000  Train=2.544s  Test=54.131s  Peak RAM=89.419 MB
2026-03-16 19:00:46 | INFO | [ncluster=67/67] AUC-ROC=50.00%  AUC-PR=3.02%  F1=0.0000  MCC=0.0000  Train=2.690s  Test=58.473s  Peak RAM=89.42 MB
2026-03-16 19:02:25 | INFO | [ncluster=70/70] AUC-ROC=50.00%  AUC-PR=3.02%  F1=0.0000  MCC=0.0000  Train=2.373s  Test=55.629s  Peak RAM=89.42 MB
2026-03-16 19:04:03 | INFO | [ncluster=73/73] AUC-ROC=50.00%  AUC-PR=3.02%  F1=0.0000  MCC=0.0000  Train=2.771s  Test=53.092s  Peak RAM=89.42 MB
2026-03-16 19:05:43 | INFO | [ncluster=76/76] AUC-ROC=50.00%  AUC-PR=3.02%  F1=0.0000  MCC=0.0000  Train=2.727s  Test=54.780s  Peak RAM=89.421 MB
2026-03-16 19:07:21 | INFO | [ncluster=79/79] AUC-ROC=50.00%  AUC-PR=3.02%  F1=0.0000  MCC=0.0000  Train=2.245s  Test=51.286s  Peak RAM=89.421 MB
2026-03-16 19:09:07 | INFO | [ncluster=82/82] AUC-ROC=50.00%  AUC-PR=3.02%  F1=0.0000  MCC=0.0000  Train=2.485s  Test=54.274s  Peak RAM=89.422 MB
2026-03-16 19:10:56 | INFO | [ncluster=85/85] AUC-ROC=49.92%  AUC-PR=3.02%  F1=0.0000  MCC=0.0000  Train=2.499s  Test=54.265s  Peak RAM=89.423 MB
2026-03-16 19:12:46 | INFO | [ncluster=88/88] AUC-ROC=50.00%  AUC-PR=3.02%  F1=0.0000  MCC=0.0000  Train=2.703s  Test=57.052s  Peak RAM=89.423 MB
2026-03-16 19:14:34 | INFO | [ncluster=91/91] AUC-ROC=50.00%  AUC-PR=3.02%  F1=0.0000  MCC=0.0000  Train=2.666s  Test=52.752s  Peak RAM=89.424 MB
2026-03-16 19:16:30 | INFO | [ncluster=94/94] AUC-ROC=50.00%  AUC-PR=3.02%  F1=0.0000  MCC=0.0000  Train=2.825s  Test=56.496s  Peak RAM=89.424 MB
2026-03-16 19:18:24 | INFO | [ncluster=97/97] AUC-ROC=50.00%  AUC-PR=3.02%  F1=0.0000  MCC=0.0000  Train=2.529s  Test=54.265s  Peak RAM=89.424 MB
2026-03-16 19:20:19 | INFO | [ncluster=100/100] AUC-ROC=50.00%  AUC-PR=3.02%  F1=0.0000  MCC=0.0000  Train=2.558s  Test=57.073s  Peak RAM=89.425 MB
2026-03-16 19:22:09 | INFO | [ncluster=103/103] AUC-ROC=50.00%  AUC-PR=3.02%  F1=0.0000  MCC=0.0000  Train=2.247s  Test=51.391s  Peak RAM=89.426 MB
2026-03-16 19:24:04 | INFO | [ncluster=106/106] AUC-ROC=49.83%  AUC-PR=3.02%  F1=0.0000  MCC=0.0000  Train=2.673s  Test=53.748s  Peak RAM=89.426 MB
2026-03-16 19:25:52 | INFO | [ncluster=109/109] AUC-ROC=50.00%  AUC-PR=3.02%  F1=0.0000  MCC=0.0000  Train=2.427s  Test=49.831s  Peak RAM=89.427 MB
2026-03-16 19:27:43 | INFO | [ncluster=112/112] AUC-ROC=49.94%  AUC-PR=3.02%  F1=0.0000  MCC=0.0000  Train=2.475s  Test=51.493s  Peak RAM=89.427 MB
2026-03-16 19:29:38 | INFO | [ncluster=115/115] AUC-ROC=50.00%  AUC-PR=3.02%  F1=0.0000  MCC=0.0000  Train=2.520s  Test=49.146s  Peak RAM=89.427 MB
2026-03-16 19:31:45 | INFO | [ncluster=118/118] AUC-ROC=50.00%  AUC-PR=3.02%  F1=0.0000  MCC=0.0000  Train=2.686s  Test=57.417s  Peak RAM=89.428 MB
2026-03-16 19:33:50 | INFO | [ncluster=121/121] AUC-ROC=50.00%  AUC-PR=3.02%  F1=0.0000  MCC=0.0000  Train=2.473s  Test=58.167s  Peak RAM=89.428 MB
2026-03-16 19:35:54 | INFO | [ncluster=124/124] AUC-ROC=50.00%  AUC-PR=3.02%  F1=0.0000  MCC=0.0000  Train=2.684s  Test=56.458s  Peak RAM=89.429 MB
2026-03-16 19:37:50 | INFO | [ncluster=127/127] AUC-ROC=50.00%  AUC-PR=3.02%  F1=0.0000  MCC=0.0000  Train=2.677s  Test=49.001s  Peak RAM=89.429 MB
2026-03-16 19:39:56 | INFO | [ncluster=130/130] AUC-ROC=49.91%  AUC-PR=3.02%  F1=0.0000  MCC=0.0000  Train=2.618s  Test=54.065s  Peak RAM=89.43 MB
2026-03-16 19:42:01 | INFO | [ncluster=133/133] AUC-ROC=49.88%  AUC-PR=3.02%  F1=0.0000  MCC=0.0000  Train=2.750s  Test=48.255s  Peak RAM=89.43 MB
2026-03-16 19:44:11 | INFO | [ncluster=136/136] AUC-ROC=49.85%  AUC-PR=3.02%  F1=0.0000  MCC=0.0000  Train=2.500s  Test=56.798s  Peak RAM=89.431 MB
2026-03-16 19:46:26 | INFO | [ncluster=139/139] AUC-ROC=49.88%  AUC-PR=3.02%  F1=0.0000  MCC=0.0000  Train=2.576s  Test=53.966s  Peak RAM=89.431 MB
2026-03-16 19:48:40 | INFO | [ncluster=142/142] AUC-ROC=50.00%  AUC-PR=3.02%  F1=0.0000  MCC=0.0000  Train=2.514s  Test=54.881s  Peak RAM=89.432 MB
2026-03-16 19:50:58 | INFO | [ncluster=145/145] AUC-ROC=50.00%  AUC-PR=3.02%  F1=0.0000  MCC=0.0000  Train=2.739s  Test=57.531s  Peak RAM=89.432 MB
2026-03-16 19:53:15 | INFO | [ncluster=148/148] AUC-ROC=50.05%  AUC-PR=3.03%  F1=0.0033  MCC=0.0064  Train=2.793s  Test=53.058s  Peak RAM=89.433 MB
2026-03-16 19:55:34 | INFO | [ncluster=151/151] AUC-ROC=50.00%  AUC-PR=3.02%  F1=0.0000  MCC=0.0000  Train=2.700s  Test=53.252s  Peak RAM=89.433 MB
2026-03-16 19:57:53 | INFO | [ncluster=154/154] AUC-ROC=50.00%  AUC-PR=3.02%  F1=0.0000  MCC=0.0000  Train=2.635s  Test=52.026s  Peak RAM=89.434 MB
2026-03-16 20:00:18 | INFO | [ncluster=157/157] AUC-ROC=49.88%  AUC-PR=3.02%  F1=0.0000  MCC=0.0000  Train=2.587s  Test=56.527s  Peak RAM=89.434 MB
2026-03-16 20:02:42 | INFO | [ncluster=160/160] AUC-ROC=50.00%  AUC-PR=3.02%  F1=0.0000  MCC=0.0000  Train=2.318s  Test=56.680s  Peak RAM=89.435 MB
2026-03-16 20:05:01 | INFO | [ncluster=163/163] AUC-ROC=50.00%  AUC-PR=3.02%  F1=0.0000  MCC=0.0000  Train=2.284s  Test=52.719s  Peak RAM=89.435 MB
2026-03-16 20:07:27 | INFO | [ncluster=166/166] AUC-ROC=49.98%  AUC-PR=3.02%  F1=0.0000  MCC=0.0000  Train=2.481s  Test=57.809s  Peak RAM=89.435 MB
2026-03-16 20:09:51 | INFO | [ncluster=169/169] AUC-ROC=50.00%  AUC-PR=3.02%  F1=0.0000  MCC=0.0000  Train=2.543s  Test=58.421s  Peak RAM=89.437 MB
2026-03-16 20:12:15 | INFO | [ncluster=172/172] AUC-ROC=49.95%  AUC-PR=3.02%  F1=0.0000  MCC=0.0000  Train=2.506s  Test=53.367s  Peak RAM=89.436 MB
2026-03-16 20:14:37 | INFO | [ncluster=175/175] AUC-ROC=50.00%  AUC-PR=3.02%  F1=0.0000  MCC=0.0000  Train=2.532s  Test=53.270s  Peak RAM=89.437 MB
2026-03-16 20:17:06 | INFO | [ncluster=178/178] AUC-ROC=49.98%  AUC-PR=3.02%  F1=0.0000  MCC=0.0000  Train=2.738s  Test=53.576s  Peak RAM=89.437 MB
2026-03-16 20:19:35 | INFO | [ncluster=181/181] AUC-ROC=49.99%  AUC-PR=3.02%  F1=0.0000  MCC=0.0000  Train=3.279s  Test=52.541s  Peak RAM=89.438 MB
2026-03-16 20:22:08 | INFO | [ncluster=184/184] AUC-ROC=49.87%  AUC-PR=3.02%  F1=0.0000  MCC=0.0000  Train=2.456s  Test=57.232s  Peak RAM=89.438 MB
2026-03-16 20:24:48 | INFO | [ncluster=187/187] AUC-ROC=49.92%  AUC-PR=3.02%  F1=0.0000  MCC=0.0000  Train=2.719s  Test=53.057s  Peak RAM=89.439 MB
2026-03-16 20:27:23 | INFO | [ncluster=190/190] AUC-ROC=50.10%  AUC-PR=3.03%  F1=0.0064  MCC=0.0090  Train=2.656s  Test=55.169s  Peak RAM=89.44 MB
2026-03-16 20:29:59 | INFO | [ncluster=193/193] AUC-ROC=50.00%  AUC-PR=3.02%  F1=0.0000  MCC=0.0000  Train=2.559s  Test=56.202s  Peak RAM=89.441 MB
2026-03-16 20:32:35 | INFO | [ncluster=196/196] AUC-ROC=50.00%  AUC-PR=3.02%  F1=0.0000  MCC=0.0000  Train=2.678s  Test=51.186s  Peak RAM=89.441 MB
2026-03-16 20:35:11 | INFO | [ncluster=199/199] AUC-ROC=50.05%  AUC-PR=3.03%  F1=0.0033  MCC=0.0064  Train=2.663s  Test=50.579s  Peak RAM=89.441 MB
2026-03-16 20:37:48 | INFO | [ncluster=202/202] AUC-ROC=50.10%  AUC-PR=3.03%  F1=0.0064  MCC=0.0090  Train=2.617s  Test=50.771s  Peak RAM=89.442 MB
2026-03-16 20:40:21 | INFO | [ncluster=205/205] AUC-ROC=49.98%  AUC-PR=3.02%  F1=0.0000  MCC=0.0000  Train=2.568s  Test=49.840s  Peak RAM=89.442 MB
2026-03-16 20:43:00 | INFO | [ncluster=208/208] AUC-ROC=50.05%  AUC-PR=3.03%  F1=0.0033  MCC=0.0064  Train=2.779s  Test=52.366s  Peak RAM=89.443 MB
2026-03-16 20:45:41 | INFO | [ncluster=211/211] AUC-ROC=50.06%  AUC-PR=3.03%  F1=0.0064  MCC=0.0090  Train=2.688s  Test=55.130s  Peak RAM=89.443 MB
2026-03-16 20:48:22 | INFO | [ncluster=214/214] AUC-ROC=50.00%  AUC-PR=3.02%  F1=0.0000  MCC=0.0000  Train=2.571s  Test=56.149s  Peak RAM=89.444 MB
2026-03-16 20:51:04 | INFO | [ncluster=217/217] AUC-ROC=50.00%  AUC-PR=3.02%  F1=0.0000  MCC=0.0000  Train=2.446s  Test=51.429s  Peak RAM=89.444 MB
2026-03-16 20:53:44 | INFO | [ncluster=220/220] AUC-ROC=50.05%  AUC-PR=3.03%  F1=0.0033  MCC=0.0064  Train=2.703s  Test=51.392s  Peak RAM=89.445 MB
2026-03-16 20:56:30 | INFO | [ncluster=223/223] AUC-ROC=50.00%  AUC-PR=3.02%  F1=0.0000  MCC=0.0000  Train=2.738s  Test=52.627s  Peak RAM=89.445 MB
2026-03-16 20:59:18 | INFO | [ncluster=226/226] AUC-ROC=50.00%  AUC-PR=3.02%  F1=0.0000  MCC=0.0000  Train=2.912s  Test=52.385s  Peak RAM=89.446 MB
2026-03-16 21:02:12 | INFO | [ncluster=229/229] AUC-ROC=50.00%  AUC-PR=3.02%  F1=0.0000  MCC=0.0000  Train=2.444s  Test=57.688s  Peak RAM=89.446 MB
2026-03-16 21:05:09 | INFO | [ncluster=232/232] AUC-ROC=50.00%  AUC-PR=3.02%  F1=0.0000  MCC=0.0000  Train=2.659s  Test=52.978s  Peak RAM=89.446 MB
2026-03-16 21:08:12 | INFO | [ncluster=235/235] AUC-ROC=50.00%  AUC-PR=3.02%  F1=0.0000  MCC=0.0000  Train=2.666s  Test=54.975s  Peak RAM=89.447 MB
2026-03-16 21:11:16 | INFO | [ncluster=238/238] AUC-ROC=50.00%  AUC-PR=3.02%  F1=0.0000  MCC=0.0000  Train=2.530s  Test=59.154s  Peak RAM=89.447 MB
2026-03-16 21:14:19 | INFO | [ncluster=241/241] AUC-ROC=49.88%  AUC-PR=3.02%  F1=0.0000  MCC=0.0000  Train=2.642s  Test=55.433s  Peak RAM=89.448 MB
2026-03-16 21:17:23 | INFO | [ncluster=244/244] AUC-ROC=49.99%  AUC-PR=3.02%  F1=0.0000  MCC=0.0000  Train=2.632s  Test=57.337s  Peak RAM=89.448 MB
2026-03-16 21:20:26 | INFO | [ncluster=247/247] AUC-ROC=50.00%  AUC-PR=3.02%  F1=0.0000  MCC=0.0000  Train=2.792s  Test=56.997s  Peak RAM=89.449 MB
2026-03-16 21:23:19 | INFO | [ncluster=250/250] AUC-ROC=49.95%  AUC-PR=3.02%  F1=0.0000  MCC=0.0000  Train=2.346s  Test=48.923s  Peak RAM=89.45 MB
2026-03-16 21:26:17 | INFO | [ncluster=253/253] AUC-ROC=50.00%  AUC-PR=3.02%  F1=0.0000  MCC=0.0000  Train=2.712s  Test=51.892s  Peak RAM=89.45 MB
2026-03-16 21:29:19 | INFO | [ncluster=256/256] AUC-ROC=50.00%  AUC-PR=3.02%  F1=0.0000  MCC=0.0000  Train=2.686s  Test=53.718s  Peak RAM=89.451 MB
2026-03-16 21:32:21 | INFO | [ncluster=259/259] AUC-ROC=49.92%  AUC-PR=3.02%  F1=0.0000  MCC=0.0000  Train=2.423s  Test=58.418s  Peak RAM=89.451 MB
2026-03-16 21:35:30 | INFO | [ncluster=262/262] AUC-ROC=50.00%  AUC-PR=3.02%  F1=0.0000  MCC=0.0000  Train=2.676s  Test=55.043s  Peak RAM=89.452 MB
2026-03-16 21:38:43 | INFO | [ncluster=265/265] AUC-ROC=50.00%  AUC-PR=3.02%  F1=0.0000  MCC=0.0000  Train=2.329s  Test=56.111s  Peak RAM=89.453 MB
2026-03-16 21:41:55 | INFO | [ncluster=268/268] AUC-ROC=50.00%  AUC-PR=3.02%  F1=0.0000  MCC=0.0000  Train=2.819s  Test=51.909s  Peak RAM=89.453 MB
2026-03-16 21:45:08 | INFO | [ncluster=271/271] AUC-ROC=49.96%  AUC-PR=3.02%  F1=0.0000  MCC=0.0000  Train=2.849s  Test=54.546s  Peak RAM=89.453 MB
2026-03-16 21:48:18 | INFO | [ncluster=274/274] AUC-ROC=50.00%  AUC-PR=3.02%  F1=0.0000  MCC=0.0000  Train=2.705s  Test=50.410s  Peak RAM=89.454 MB
2026-03-16 21:51:31 | INFO | [ncluster=277/277] AUC-ROC=50.00%  AUC-PR=3.02%  F1=0.0000  MCC=0.0000  Train=3.096s  Test=56.176s  Peak RAM=89.454 MB
2026-03-16 21:54:44 | INFO | [ncluster=280/280] AUC-ROC=50.00%  AUC-PR=3.02%  F1=0.0000  MCC=0.0000  Train=2.488s  Test=51.574s  Peak RAM=89.455 MB
2026-03-16 21:57:58 | INFO | [ncluster=283/283] AUC-ROC=50.00%  AUC-PR=3.02%  F1=0.0000  MCC=0.0000  Train=2.439s  Test=50.582s  Peak RAM=89.455 MB
2026-03-16 22:01:13 | INFO | [ncluster=286/286] AUC-ROC=50.00%  AUC-PR=3.02%  F1=0.0000  MCC=0.0000  Train=2.592s  Test=49.625s  Peak RAM=89.456 MB
2026-03-16 22:04:36 | INFO | [ncluster=289/289] AUC-ROC=50.00%  AUC-PR=3.02%  F1=0.0000  MCC=0.0000  Train=2.860s  Test=56.701s  Peak RAM=89.456 MB
2026-03-16 22:08:11 | INFO | [ncluster=292/292] AUC-ROC=50.00%  AUC-PR=3.02%  F1=0.0000  MCC=0.0000  Train=2.785s  Test=51.625s  Peak RAM=89.456 MB
2026-03-16 22:11:26 | INFO | [ncluster=295/295] AUC-ROC=50.00%  AUC-PR=3.02%  F1=0.0000  MCC=0.0000  Train=2.362s  Test=49.974s  Peak RAM=89.457 MB
2026-03-16 22:14:43 | INFO | [ncluster=298/298] AUC-ROC=50.00%  AUC-PR=3.02%  F1=0.0000  MCC=0.0000  Train=2.483s  Test=50.355s  Peak RAM=89.457 MB
2026-03-16 22:14:43 | INFO | --- noise=5% ---
2026-03-16 22:14:43 | INFO | ============================================================
2026-03-16 22:14:43 | INFO | Dataset  : Train_StandardScaler_data_CICIoT2023.csv
2026-03-16 22:14:43 | INFO | Scaler   : StandardScaler
2026-03-16 22:14:43 | INFO | Noise    : 5%
2026-03-16 22:14:43 | INFO | nClusters: 100 values (1..298)
2026-03-16 22:14:43 | INFO | ============================================================
2026-03-16 22:14:44 | INFO | df_full shape: (99514, 41)
2026-03-16 22:14:45 | INFO | Training size : 79,611  |  Testing size: 19,903  |  Features: 40
2026-03-16 22:15:36 | INFO | [ncluster=1/1] AUC-ROC=50.00%  AUC-PR=3.02%  F1=0.0000  MCC=0.0000  Train=2.585s  Test=47.390s  Peak RAM=89.502 MB
2026-03-16 22:16:39 | INFO | [ncluster=4/4] AUC-ROC=50.00%  AUC-PR=3.02%  F1=0.0000  MCC=0.0000  Train=2.291s  Test=53.486s  Peak RAM=89.502 MB
2026-03-16 22:17:47 | INFO | [ncluster=7/7] AUC-ROC=50.00%  AUC-PR=3.02%  F1=0.0000  MCC=0.0000  Train=2.292s  Test=58.286s  Peak RAM=89.503 MB
2026-03-16 22:18:54 | INFO | [ncluster=10/10] AUC-ROC=50.00%  AUC-PR=3.02%  F1=0.0000  MCC=0.0000  Train=2.521s  Test=52.932s  Peak RAM=89.503 MB
2026-03-16 22:20:04 | INFO | [ncluster=13/13] AUC-ROC=50.00%  AUC-PR=3.02%  F1=0.0000  MCC=0.0000  Train=2.798s  Test=53.962s  Peak RAM=89.503 MB
2026-03-16 22:21:14 | INFO | [ncluster=16/16] AUC-ROC=50.00%  AUC-PR=3.02%  F1=0.0000  MCC=0.0000  Train=2.777s  Test=51.815s  Peak RAM=89.504 MB
2026-03-16 22:22:27 | INFO | [ncluster=19/19] AUC-ROC=50.00%  AUC-PR=3.02%  F1=0.0000  MCC=0.0000  Train=2.472s  Test=55.155s  Peak RAM=89.505 MB
2026-03-16 22:23:41 | INFO | [ncluster=22/22] AUC-ROC=50.00%  AUC-PR=3.02%  F1=0.0000  MCC=0.0000  Train=2.602s  Test=52.398s  Peak RAM=89.505 MB
2026-03-16 22:25:01 | INFO | [ncluster=25/25] AUC-ROC=50.00%  AUC-PR=3.02%  F1=0.0000  MCC=0.0000  Train=2.354s  Test=56.440s  Peak RAM=89.505 MB
2026-03-16 22:26:15 | INFO | [ncluster=28/28] AUC-ROC=50.00%  AUC-PR=3.02%  F1=0.0000  MCC=0.0000  Train=2.470s  Test=51.695s  Peak RAM=89.506 MB
2026-03-16 22:27:27 | INFO | [ncluster=31/31] AUC-ROC=50.00%  AUC-PR=3.02%  F1=0.0000  MCC=0.0000  Train=2.463s  Test=51.283s  Peak RAM=89.506 MB
2026-03-16 22:28:48 | INFO | [ncluster=34/34] AUC-ROC=50.00%  AUC-PR=3.02%  F1=0.0000  MCC=0.0000  Train=2.512s  Test=54.614s  Peak RAM=89.507 MB
2026-03-16 22:30:12 | INFO | [ncluster=37/37] AUC-ROC=50.00%  AUC-PR=3.02%  F1=0.0000  MCC=0.0000  Train=2.518s  Test=55.648s  Peak RAM=89.507 MB
2026-03-16 22:31:33 | INFO | [ncluster=40/40] AUC-ROC=50.00%  AUC-PR=3.02%  F1=0.0000  MCC=0.0000  Train=2.448s  Test=54.895s  Peak RAM=89.508 MB
2026-03-16 22:32:57 | INFO | [ncluster=43/43] AUC-ROC=50.00%  AUC-PR=3.02%  F1=0.0000  MCC=0.0000  Train=2.678s  Test=54.254s  Peak RAM=89.509 MB
2026-03-16 22:34:24 | INFO | [ncluster=46/46] AUC-ROC=49.88%  AUC-PR=3.02%  F1=0.0000  MCC=0.0000  Train=2.511s  Test=56.723s  Peak RAM=89.509 MB
2026-03-16 22:35:51 | INFO | [ncluster=49/49] AUC-ROC=50.00%  AUC-PR=3.02%  F1=0.0000  MCC=0.0000  Train=2.507s  Test=54.894s  Peak RAM=89.51 MB
2026-03-16 22:37:12 | INFO | [ncluster=52/52] AUC-ROC=49.92%  AUC-PR=3.02%  F1=0.0000  MCC=0.0000  Train=2.447s  Test=49.944s  Peak RAM=89.51 MB
2026-03-16 22:38:41 | INFO | [ncluster=55/55] AUC-ROC=50.00%  AUC-PR=3.02%  F1=0.0000  MCC=0.0000  Train=2.589s  Test=52.616s  Peak RAM=89.511 MB
2026-03-16 22:40:22 | INFO | [ncluster=58/58] AUC-ROC=50.00%  AUC-PR=3.02%  F1=0.0000  MCC=0.0000  Train=2.603s  Test=58.433s  Peak RAM=89.511 MB
2026-03-16 22:42:00 | INFO | [ncluster=61/61] AUC-ROC=50.00%  AUC-PR=3.02%  F1=0.0000  MCC=0.0000  Train=2.239s  Test=54.668s  Peak RAM=89.511 MB
2026-03-16 22:43:33 | INFO | [ncluster=64/64] AUC-ROC=50.00%  AUC-PR=3.02%  F1=0.0000  MCC=0.0000  Train=2.556s  Test=53.844s  Peak RAM=89.512 MB
2026-03-16 22:45:12 | INFO | [ncluster=67/67] AUC-ROC=49.92%  AUC-PR=3.02%  F1=0.0000  MCC=0.0000  Train=2.519s  Test=54.225s  Peak RAM=89.513 MB
2026-03-16 22:46:55 | INFO | [ncluster=70/70] AUC-ROC=50.05%  AUC-PR=3.03%  F1=0.0033  MCC=0.0070  Train=2.656s  Test=56.827s  Peak RAM=89.513 MB
2026-03-16 22:48:34 | INFO | [ncluster=73/73] AUC-ROC=50.00%  AUC-PR=3.02%  F1=0.0000  MCC=0.0000  Train=2.420s  Test=54.295s  Peak RAM=89.513 MB
2026-03-16 22:50:14 | INFO | [ncluster=76/76] AUC-ROC=50.00%  AUC-PR=3.02%  F1=0.0000  MCC=0.0000  Train=2.225s  Test=54.216s  Peak RAM=89.514 MB
2026-03-16 22:52:01 | INFO | [ncluster=79/79] AUC-ROC=50.02%  AUC-PR=3.02%  F1=0.0032  MCC=0.0017  Train=2.174s  Test=58.721s  Peak RAM=89.514 MB
2026-03-16 22:53:55 | INFO | [ncluster=82/82] AUC-ROC=50.00%  AUC-PR=3.02%  F1=0.0000  MCC=0.0000  Train=2.524s  Test=57.635s  Peak RAM=89.515 MB
2026-03-16 22:55:40 | INFO | [ncluster=85/85] AUC-ROC=50.00%  AUC-PR=3.02%  F1=0.0000  MCC=0.0000  Train=2.581s  Test=52.418s  Peak RAM=89.516 MB
2026-03-16 22:57:24 | INFO | [ncluster=88/88] AUC-ROC=49.93%  AUC-PR=3.02%  F1=0.0000  MCC=0.0000  Train=2.727s  Test=51.061s  Peak RAM=89.516 MB
2026-03-16 22:59:12 | INFO | [ncluster=91/91] AUC-ROC=50.00%  AUC-PR=3.02%  F1=0.0000  MCC=0.0000  Train=2.376s  Test=56.144s  Peak RAM=89.516 MB
2026-03-16 23:01:02 | INFO | [ncluster=94/94] AUC-ROC=50.00%  AUC-PR=3.02%  F1=0.0000  MCC=0.0000  Train=2.477s  Test=58.276s  Peak RAM=89.517 MB
2026-03-16 23:02:54 | INFO | [ncluster=97/97] AUC-ROC=50.00%  AUC-PR=3.02%  F1=0.0000  MCC=0.0000  Train=2.416s  Test=52.914s  Peak RAM=89.518 MB
2026-03-16 23:04:49 | INFO | [ncluster=100/100] AUC-ROC=50.00%  AUC-PR=3.02%  F1=0.0000  MCC=0.0000  Train=3.035s  Test=56.963s  Peak RAM=89.518 MB
2026-03-16 23:06:44 | INFO | [ncluster=103/103] AUC-ROC=50.00%  AUC-PR=3.02%  F1=0.0000  MCC=0.0000  Train=2.660s  Test=52.751s  Peak RAM=89.519 MB
2026-03-16 23:08:44 | INFO | [ncluster=106/106] AUC-ROC=50.00%  AUC-PR=3.02%  F1=0.0000  MCC=0.0000  Train=2.588s  Test=56.981s  Peak RAM=89.519 MB
2026-03-16 23:10:44 | INFO | [ncluster=109/109] AUC-ROC=49.98%  AUC-PR=3.02%  F1=0.0000  MCC=0.0000  Train=2.626s  Test=53.610s  Peak RAM=89.52 MB
2026-03-16 23:12:47 | INFO | [ncluster=112/112] AUC-ROC=49.94%  AUC-PR=3.02%  F1=0.0000  MCC=0.0000  Train=2.844s  Test=55.810s  Peak RAM=89.52 MB
2026-03-16 23:14:44 | INFO | [ncluster=115/115] AUC-ROC=50.00%  AUC-PR=3.02%  F1=0.0000  MCC=0.0000  Train=2.623s  Test=52.252s  Peak RAM=89.52 MB
2026-03-16 23:16:48 | INFO | [ncluster=118/118] AUC-ROC=50.00%  AUC-PR=3.02%  F1=0.0000  MCC=0.0000  Train=2.906s  Test=55.037s  Peak RAM=89.521 MB
2026-03-16 23:18:44 | INFO | [ncluster=121/121] AUC-ROC=49.94%  AUC-PR=3.02%  F1=0.0000  MCC=0.0000  Train=2.239s  Test=50.614s  Peak RAM=89.522 MB
2026-03-16 23:20:45 | INFO | [ncluster=124/124] AUC-ROC=50.00%  AUC-PR=3.02%  F1=0.0000  MCC=0.0000  Train=2.485s  Test=54.605s  Peak RAM=89.522 MB
2026-03-16 23:22:51 | INFO | [ncluster=127/127] AUC-ROC=49.93%  AUC-PR=3.02%  F1=0.0000  MCC=0.0000  Train=2.340s  Test=52.256s  Peak RAM=89.522 MB
2026-03-16 23:24:54 | INFO | [ncluster=130/130] AUC-ROC=50.00%  AUC-PR=3.02%  F1=0.0000  MCC=0.0000  Train=2.568s  Test=55.032s  Peak RAM=89.523 MB
2026-03-16 23:26:57 | INFO | [ncluster=133/133] AUC-ROC=50.00%  AUC-PR=3.02%  F1=0.0000  MCC=0.0000  Train=2.591s  Test=52.170s  Peak RAM=89.523 MB
2026-03-16 23:28:58 | INFO | [ncluster=136/136] AUC-ROC=50.00%  AUC-PR=3.02%  F1=0.0000  MCC=0.0000  Train=2.645s  Test=51.699s  Peak RAM=89.524 MB
2026-03-16 23:31:09 | INFO | [ncluster=139/139] AUC-ROC=49.95%  AUC-PR=3.02%  F1=0.0000  MCC=0.0000  Train=2.775s  Test=54.409s  Peak RAM=89.524 MB
2026-03-16 23:33:25 | INFO | [ncluster=142/142] AUC-ROC=50.00%  AUC-PR=3.02%  F1=0.0000  MCC=0.0000  Train=2.394s  Test=55.889s  Peak RAM=89.525 MB
2026-03-16 23:35:38 | INFO | [ncluster=145/145] AUC-ROC=50.00%  AUC-PR=3.02%  F1=0.0000  MCC=0.0000  Train=2.875s  Test=54.681s  Peak RAM=89.525 MB
2026-03-16 23:37:54 | INFO | [ncluster=148/148] AUC-ROC=50.10%  AUC-PR=3.03%  F1=0.0064  MCC=0.0090  Train=2.315s  Test=56.351s  Peak RAM=89.526 MB
2026-03-16 23:40:14 | INFO | [ncluster=151/151] AUC-ROC=50.00%  AUC-PR=3.02%  F1=0.0000  MCC=0.0000  Train=2.419s  Test=53.352s  Peak RAM=89.526 MB
2026-03-16 23:42:40 | INFO | [ncluster=154/154] AUC-ROC=50.00%  AUC-PR=3.02%  F1=0.0000  MCC=0.0000  Train=2.703s  Test=55.105s  Peak RAM=89.526 MB
2026-03-16 23:45:04 | INFO | [ncluster=157/157] AUC-ROC=49.97%  AUC-PR=3.02%  F1=0.0000  MCC=0.0000  Train=2.396s  Test=55.982s  Peak RAM=89.527 MB
2026-03-16 23:47:23 | INFO | [ncluster=160/160] AUC-ROC=49.94%  AUC-PR=3.02%  F1=0.0000  MCC=0.0000  Train=2.820s  Test=49.632s  Peak RAM=89.528 MB
2026-03-16 23:49:47 | INFO | [ncluster=163/163] AUC-ROC=49.88%  AUC-PR=3.02%  F1=0.0000  MCC=0.0000  Train=2.683s  Test=52.996s  Peak RAM=89.529 MB
2026-03-16 23:52:18 | INFO | [ncluster=166/166] AUC-ROC=49.99%  AUC-PR=3.02%  F1=0.0000  MCC=0.0000  Train=2.652s  Test=55.349s  Peak RAM=89.529 MB
2026-03-16 23:54:43 | INFO | [ncluster=169/169] AUC-ROC=50.00%  AUC-PR=3.02%  F1=0.0000  MCC=0.0000  Train=2.937s  Test=56.114s  Peak RAM=89.53 MB
2026-03-16 23:57:11 | INFO | [ncluster=172/172] AUC-ROC=49.90%  AUC-PR=3.02%  F1=0.0000  MCC=0.0000  Train=2.835s  Test=54.718s  Peak RAM=89.53 MB
2026-03-16 23:59:44 | INFO | [ncluster=175/175] AUC-ROC=50.00%  AUC-PR=3.02%  F1=0.0000  MCC=0.0000  Train=2.628s  Test=56.638s  Peak RAM=89.531 MB
2026-03-17 00:02:15 | INFO | [ncluster=178/178] AUC-ROC=49.97%  AUC-PR=3.02%  F1=0.0000  MCC=0.0000  Train=2.491s  Test=54.949s  Peak RAM=89.531 MB
2026-03-17 00:04:47 | INFO | [ncluster=181/181] AUC-ROC=50.00%  AUC-PR=3.02%  F1=0.0000  MCC=0.0000  Train=2.932s  Test=55.548s  Peak RAM=89.532 MB
2026-03-17 00:07:22 | INFO | [ncluster=184/184] AUC-ROC=49.88%  AUC-PR=3.02%  F1=0.0000  MCC=0.0000  Train=2.715s  Test=57.337s  Peak RAM=89.532 MB
2026-03-17 00:10:01 | INFO | [ncluster=187/187] AUC-ROC=49.92%  AUC-PR=3.02%  F1=0.0000  MCC=0.0000  Train=2.507s  Test=57.000s  Peak RAM=89.533 MB
2026-03-17 00:12:37 | INFO | [ncluster=190/190] AUC-ROC=50.00%  AUC-PR=3.02%  F1=0.0000  MCC=0.0000  Train=2.596s  Test=58.536s  Peak RAM=89.533 MB
2026-03-17 00:15:16 | INFO | [ncluster=193/193] AUC-ROC=49.96%  AUC-PR=3.02%  F1=0.0000  MCC=0.0000  Train=2.637s  Test=55.858s  Peak RAM=89.534 MB
2026-03-17 00:17:55 | INFO | [ncluster=196/196] AUC-ROC=50.00%  AUC-PR=3.02%  F1=0.0000  MCC=0.0000  Train=2.685s  Test=56.204s  Peak RAM=89.534 MB
2026-03-17 00:20:31 | INFO | [ncluster=199/199] AUC-ROC=50.05%  AUC-PR=3.03%  F1=0.0033  MCC=0.0076  Train=2.515s  Test=52.445s  Peak RAM=89.535 MB
2026-03-17 00:23:15 | INFO | [ncluster=202/202] AUC-ROC=50.00%  AUC-PR=3.02%  F1=0.0000  MCC=0.0000  Train=2.576s  Test=54.154s  Peak RAM=89.535 MB
2026-03-17 00:26:04 | INFO | [ncluster=205/205] AUC-ROC=50.00%  AUC-PR=3.02%  F1=0.0000  MCC=0.0000  Train=2.939s  Test=54.543s  Peak RAM=89.535 MB
2026-03-17 00:28:49 | INFO | [ncluster=208/208] AUC-ROC=50.00%  AUC-PR=3.02%  F1=0.0000  MCC=0.0000  Train=2.565s  Test=56.831s  Peak RAM=89.536 MB
2026-03-17 00:31:36 | INFO | [ncluster=211/211] AUC-ROC=50.00%  AUC-PR=3.02%  F1=0.0000  MCC=0.0000  Train=2.717s  Test=52.415s  Peak RAM=89.536 MB
2026-03-17 00:34:25 | INFO | [ncluster=214/214] AUC-ROC=50.00%  AUC-PR=3.02%  F1=0.0000  MCC=0.0000  Train=2.460s  Test=57.656s  Peak RAM=89.537 MB
2026-03-17 00:37:43 | INFO | [ncluster=217/217] AUC-ROC=50.00%  AUC-PR=3.02%  F1=0.0000  MCC=0.0000  Train=3.204s  Test=72.579s  Peak RAM=89.537 MB
2026-03-17 00:41:19 | INFO | [ncluster=220/220] AUC-ROC=50.00%  AUC-PR=3.02%  F1=0.0000  MCC=0.0000  Train=3.350s  Test=55.072s  Peak RAM=89.538 MB
2026-03-17 00:44:10 | INFO | [ncluster=223/223] AUC-ROC=50.00%  AUC-PR=3.02%  F1=0.0000  MCC=0.0000  Train=2.210s  Test=54.395s  Peak RAM=89.538 MB
2026-03-17 00:47:06 | INFO | [ncluster=226/226] AUC-ROC=49.98%  AUC-PR=3.02%  F1=0.0000  MCC=0.0000  Train=2.885s  Test=55.335s  Peak RAM=89.539 MB
2026-03-17 00:49:57 | INFO | [ncluster=229/229] AUC-ROC=50.00%  AUC-PR=3.02%  F1=0.0000  MCC=0.0000  Train=2.499s  Test=52.362s  Peak RAM=89.539 MB
2026-03-17 00:52:48 | INFO | [ncluster=232/232] AUC-ROC=50.00%  AUC-PR=3.02%  F1=0.0000  MCC=0.0000  Train=2.534s  Test=52.864s  Peak RAM=89.54 MB
2026-03-17 00:55:46 | INFO | [ncluster=235/235] AUC-ROC=50.00%  AUC-PR=3.02%  F1=0.0000  MCC=0.0000  Train=2.419s  Test=51.418s  Peak RAM=89.54 MB
2026-03-17 00:58:47 | INFO | [ncluster=238/238] AUC-ROC=50.00%  AUC-PR=3.02%  F1=0.0000  MCC=0.0000  Train=2.753s  Test=57.808s  Peak RAM=89.54 MB
2026-03-17 01:01:42 | INFO | [ncluster=241/241] AUC-ROC=49.94%  AUC-PR=3.02%  F1=0.0000  MCC=0.0000  Train=2.583s  Test=53.636s  Peak RAM=89.541 MB
2026-03-17 01:04:47 | INFO | [ncluster=244/244] AUC-ROC=50.00%  AUC-PR=3.02%  F1=0.0000  MCC=0.0000  Train=2.492s  Test=52.215s  Peak RAM=89.541 MB
2026-03-17 01:07:46 | INFO | [ncluster=247/247] AUC-ROC=49.94%  AUC-PR=3.02%  F1=0.0000  MCC=0.0000  Train=2.672s  Test=55.244s  Peak RAM=89.542 MB
2026-03-17 01:10:38 | INFO | [ncluster=250/250] AUC-ROC=50.00%  AUC-PR=3.02%  F1=0.0000  MCC=0.0000  Train=2.537s  Test=49.972s  Peak RAM=89.543 MB
2026-03-17 01:13:41 | INFO | [ncluster=253/253] AUC-ROC=50.00%  AUC-PR=3.02%  F1=0.0000  MCC=0.0000  Train=2.833s  Test=57.540s  Peak RAM=89.544 MB
2026-03-17 01:16:56 | INFO | [ncluster=256/256] AUC-ROC=50.00%  AUC-PR=3.02%  F1=0.0000  MCC=0.0000  Train=2.538s  Test=57.774s  Peak RAM=89.544 MB
2026-03-17 01:20:06 | INFO | [ncluster=259/259] AUC-ROC=50.00%  AUC-PR=3.02%  F1=0.0000  MCC=0.0000  Train=2.702s  Test=56.779s  Peak RAM=89.544 MB
2026-03-17 01:23:16 | INFO | [ncluster=262/262] AUC-ROC=50.00%  AUC-PR=3.02%  F1=0.0000  MCC=0.0000  Train=2.670s  Test=54.820s  Peak RAM=89.545 MB
2026-03-17 01:26:30 | INFO | [ncluster=265/265] AUC-ROC=50.00%  AUC-PR=3.02%  F1=0.0000  MCC=0.0000  Train=2.436s  Test=55.892s  Peak RAM=89.545 MB
2026-03-17 01:29:40 | INFO | [ncluster=268/268] AUC-ROC=49.94%  AUC-PR=3.02%  F1=0.0000  MCC=0.0000  Train=2.657s  Test=53.326s  Peak RAM=89.546 MB
2026-03-17 01:32:49 | INFO | [ncluster=271/271] AUC-ROC=50.00%  AUC-PR=3.02%  F1=0.0000  MCC=0.0000  Train=2.595s  Test=52.040s  Peak RAM=89.546 MB
2026-03-17 01:35:58 | INFO | [ncluster=274/274] AUC-ROC=49.92%  AUC-PR=3.02%  F1=0.0000  MCC=0.0000  Train=2.678s  Test=49.754s  Peak RAM=89.547 MB
2026-03-17 01:39:09 | INFO | [ncluster=277/277] AUC-ROC=50.10%  AUC-PR=3.03%  F1=0.0064  MCC=0.0090  Train=2.591s  Test=55.716s  Peak RAM=89.547 MB
2026-03-17 01:42:34 | INFO | [ncluster=280/280] AUC-ROC=50.00%  AUC-PR=3.02%  F1=0.0000  MCC=0.0000  Train=2.586s  Test=58.326s  Peak RAM=89.547 MB
2026-03-17 01:45:49 | INFO | [ncluster=283/283] AUC-ROC=50.00%  AUC-PR=3.02%  F1=0.0000  MCC=0.0000  Train=2.391s  Test=52.648s  Peak RAM=89.549 MB
2026-03-17 01:49:29 | INFO | [ncluster=286/286] AUC-ROC=50.00%  AUC-PR=3.02%  F1=0.0000  MCC=0.0000  Train=3.222s  Test=67.431s  Peak RAM=89.549 MB
2026-03-17 01:54:02 | INFO | [ncluster=289/289] AUC-ROC=49.88%  AUC-PR=3.02%  F1=0.0000  MCC=0.0000  Train=3.761s  Test=70.893s  Peak RAM=89.548 MB
2026-03-17 01:57:18 | INFO | [ncluster=292/292] AUC-ROC=49.92%  AUC-PR=3.02%  F1=0.0000  MCC=0.0000  Train=2.551s  Test=54.489s  Peak RAM=89.55 MB
2026-03-17 02:00:25 | INFO | [ncluster=295/295] AUC-ROC=50.00%  AUC-PR=3.02%  F1=0.0000  MCC=0.0000  Train=2.346s  Test=47.917s  Peak RAM=89.55 MB
2026-03-17 02:03:38 | INFO | [ncluster=298/298] AUC-ROC=50.00%  AUC-PR=3.02%  F1=0.0000  MCC=0.0000  Train=2.556s  Test=54.749s  Peak RAM=89.55 MB
2026-03-17 02:03:38 | INFO | 
>>> Processing data_CICIoT2023 | scaler=MinMaxScaler
2026-03-17 02:03:38 | INFO | --- noise=0% ---
2026-03-17 02:03:38 | INFO | ============================================================
2026-03-17 02:03:38 | INFO | Dataset  : Train_MinMaxScaler_data_CICIoT2023.csv
2026-03-17 02:03:38 | INFO | Scaler   : MinMaxScaler
2026-03-17 02:03:38 | INFO | Noise    : 0%
2026-03-17 02:03:38 | INFO | nClusters: 100 values (1..298)
2026-03-17 02:03:38 | INFO | ============================================================
2026-03-17 02:03:39 | INFO | df_full shape: (99514, 41)
2026-03-17 02:03:39 | INFO | Training size : 77,212  |  Testing size: 19,903  |  Features: 40
2026-03-17 02:04:38 | INFO | [ncluster=1/1] AUC-ROC=58.43%  AUC-PR=6.03%  F1=0.1353  MCC=0.1079  Train=2.525s  Test=54.777s  Peak RAM=86.806 MB
2026-03-17 02:05:30 | INFO | [ncluster=4/4] AUC-ROC=49.54%  AUC-PR=3.29%  F1=0.0201  MCC=0.0174  Train=2.329s  Test=46.167s  Peak RAM=86.806 MB
2026-03-17 02:06:25 | INFO | [ncluster=7/7] AUC-ROC=45.70%  AUC-PR=3.21%  F1=0.0300  MCC=0.0175  Train=2.347s  Test=48.344s  Peak RAM=86.806 MB
2026-03-17 02:07:26 | INFO | [ncluster=10/10] AUC-ROC=47.12%  AUC-PR=3.17%  F1=0.0256  MCC=0.0243  Train=2.399s  Test=52.610s  Peak RAM=86.806 MB
2026-03-17 02:08:24 | INFO | [ncluster=13/13] AUC-ROC=46.24%  AUC-PR=3.28%  F1=0.0259  MCC=0.0092  Train=2.440s  Test=49.358s  Peak RAM=86.808 MB
2026-03-17 02:09:25 | INFO | [ncluster=16/16] AUC-ROC=69.78%  AUC-PR=7.37%  F1=0.1115  MCC=0.1232  Train=2.389s  Test=49.902s  Peak RAM=86.808 MB
2026-03-17 02:10:25 | INFO | [ncluster=19/19] AUC-ROC=73.82%  AUC-PR=7.99%  F1=0.1129  MCC=0.1441  Train=2.303s  Test=49.824s  Peak RAM=86.808 MB
2026-03-17 02:11:25 | INFO | [ncluster=22/22] AUC-ROC=73.26%  AUC-PR=7.46%  F1=0.1133  MCC=0.1426  Train=2.588s  Test=45.703s  Peak RAM=86.809 MB
2026-03-17 02:12:28 | INFO | [ncluster=25/25] AUC-ROC=49.90%  AUC-PR=3.10%  F1=0.0033  MCC=0.0275  Train=2.722s  Test=48.936s  Peak RAM=86.81 MB
2026-03-17 02:13:31 | INFO | [ncluster=28/28] AUC-ROC=49.81%  AUC-PR=3.02%  F1=0.0000  MCC=0.0000  Train=2.275s  Test=49.108s  Peak RAM=86.81 MB
2026-03-17 02:14:41 | INFO | [ncluster=31/31] AUC-ROC=49.81%  AUC-PR=3.02%  F1=0.0000  MCC=0.0000  Train=2.486s  Test=54.958s  Peak RAM=86.81 MB
2026-03-17 02:15:48 | INFO | [ncluster=34/34] AUC-ROC=49.89%  AUC-PR=3.18%  F1=0.0033  MCC=0.0402  Train=2.375s  Test=51.138s  Peak RAM=86.811 MB
2026-03-17 02:16:57 | INFO | [ncluster=37/37] AUC-ROC=49.90%  AUC-PR=3.10%  F1=0.0033  MCC=0.0275  Train=2.477s  Test=52.166s  Peak RAM=86.811 MB
2026-03-17 02:18:09 | INFO | [ncluster=40/40] AUC-ROC=49.90%  AUC-PR=3.07%  F1=0.0033  MCC=0.0217  Train=2.442s  Test=53.341s  Peak RAM=86.812 MB
2026-03-17 02:19:17 | INFO | [ncluster=43/43] AUC-ROC=49.88%  AUC-PR=3.02%  F1=0.0000  MCC=0.0000  Train=2.357s  Test=46.396s  Peak RAM=86.814 MB
2026-03-17 02:20:29 | INFO | [ncluster=46/46] AUC-ROC=49.87%  AUC-PR=3.02%  F1=0.0000  MCC=0.0000  Train=2.551s  Test=50.946s  Peak RAM=86.813 MB
2026-03-17 02:21:46 | INFO | [ncluster=49/49] AUC-ROC=49.80%  AUC-PR=3.02%  F1=0.0000  MCC=0.0000  Train=2.467s  Test=54.348s  Peak RAM=86.814 MB
2026-03-17 02:23:01 | INFO | [ncluster=52/52] AUC-ROC=49.89%  AUC-PR=3.02%  F1=0.0000  MCC=0.0000  Train=2.579s  Test=50.688s  Peak RAM=86.814 MB
2026-03-17 02:24:20 | INFO | [ncluster=55/55] AUC-ROC=49.81%  AUC-PR=3.02%  F1=0.0000  MCC=0.0000  Train=2.518s  Test=50.631s  Peak RAM=86.815 MB
2026-03-17 02:25:31 | INFO | [ncluster=58/58] AUC-ROC=49.82%  AUC-PR=3.02%  F1=0.0000  MCC=0.0000  Train=2.323s  Test=42.497s  Peak RAM=86.815 MB
2026-03-17 02:26:50 | INFO | [ncluster=61/61] AUC-ROC=49.88%  AUC-PR=3.02%  F1=0.0000  MCC=0.0000  Train=2.084s  Test=49.833s  Peak RAM=86.816 MB
2026-03-17 02:28:12 | INFO | [ncluster=64/64] AUC-ROC=49.82%  AUC-PR=3.02%  F1=0.0000  MCC=0.0000  Train=2.603s  Test=51.075s  Peak RAM=86.816 MB
2026-03-17 02:29:39 | INFO | [ncluster=67/67] AUC-ROC=49.82%  AUC-PR=3.02%  F1=0.0000  MCC=0.0000  Train=2.279s  Test=52.203s  Peak RAM=86.817 MB
2026-03-17 02:31:07 | INFO | [ncluster=70/70] AUC-ROC=49.82%  AUC-PR=3.02%  F1=0.0000  MCC=0.0000  Train=2.364s  Test=52.171s  Peak RAM=86.817 MB
2026-03-17 02:32:31 | INFO | [ncluster=73/73] AUC-ROC=49.82%  AUC-PR=3.02%  F1=0.0000  MCC=0.0000  Train=2.351s  Test=49.763s  Peak RAM=86.818 MB
2026-03-17 02:33:56 | INFO | [ncluster=76/76] AUC-ROC=49.82%  AUC-PR=3.02%  F1=0.0000  MCC=0.0000  Train=2.400s  Test=47.477s  Peak RAM=86.818 MB
2026-03-17 02:35:25 | INFO | [ncluster=79/79] AUC-ROC=49.72%  AUC-PR=3.02%  F1=0.0000  MCC=0.0000  Train=2.350s  Test=50.017s  Peak RAM=86.819 MB
2026-03-17 02:36:57 | INFO | [ncluster=82/82] AUC-ROC=49.82%  AUC-PR=3.02%  F1=0.0000  MCC=0.0000  Train=2.430s  Test=51.811s  Peak RAM=86.82 MB
2026-03-17 02:38:23 | INFO | [ncluster=85/85] AUC-ROC=49.82%  AUC-PR=3.02%  F1=0.0000  MCC=0.0000  Train=2.441s  Test=45.181s  Peak RAM=86.819 MB
2026-03-17 02:39:59 | INFO | [ncluster=88/88] AUC-ROC=49.82%  AUC-PR=3.02%  F1=0.0000  MCC=0.0000  Train=2.470s  Test=51.092s  Peak RAM=86.821 MB
2026-03-17 02:41:37 | INFO | [ncluster=91/91] AUC-ROC=49.92%  AUC-PR=3.02%  F1=0.0000  MCC=0.0000  Train=2.319s  Test=50.011s  Peak RAM=86.821 MB
2026-03-17 02:43:19 | INFO | [ncluster=94/94] AUC-ROC=49.82%  AUC-PR=3.02%  F1=0.0000  MCC=0.0000  Train=2.447s  Test=52.680s  Peak RAM=86.822 MB
2026-03-17 02:44:57 | INFO | [ncluster=97/97] AUC-ROC=49.92%  AUC-PR=3.02%  F1=0.0000  MCC=0.0000  Train=2.501s  Test=51.512s  Peak RAM=86.821 MB
2026-03-17 02:46:36 | INFO | [ncluster=100/100] AUC-ROC=49.82%  AUC-PR=3.02%  F1=0.0000  MCC=0.0000  Train=2.151s  Test=48.683s  Peak RAM=86.822 MB
2026-03-17 02:48:20 | INFO | [ncluster=103/103] AUC-ROC=49.92%  AUC-PR=3.02%  F1=0.0000  MCC=0.0000  Train=2.334s  Test=51.729s  Peak RAM=86.824 MB
2026-03-17 02:49:58 | INFO | [ncluster=106/106] AUC-ROC=49.92%  AUC-PR=3.02%  F1=0.0000  MCC=0.0000  Train=2.310s  Test=47.002s  Peak RAM=86.824 MB
2026-03-17 02:51:42 | INFO | [ncluster=109/109] AUC-ROC=49.92%  AUC-PR=3.02%  F1=0.0000  MCC=0.0000  Train=2.429s  Test=52.688s  Peak RAM=86.825 MB
2026-03-17 02:53:25 | INFO | [ncluster=112/112] AUC-ROC=49.92%  AUC-PR=3.02%  F1=0.0000  MCC=0.0000  Train=2.521s  Test=51.145s  Peak RAM=86.825 MB
2026-03-17 02:55:16 | INFO | [ncluster=115/115] AUC-ROC=49.92%  AUC-PR=3.02%  F1=0.0000  MCC=0.0000  Train=2.580s  Test=55.839s  Peak RAM=86.825 MB
2026-03-17 02:57:05 | INFO | [ncluster=118/118] AUC-ROC=49.92%  AUC-PR=3.02%  F1=0.0000  MCC=0.0000  Train=2.617s  Test=51.065s  Peak RAM=86.825 MB
2026-03-17 02:58:57 | INFO | [ncluster=121/121] AUC-ROC=49.92%  AUC-PR=3.02%  F1=0.0000  MCC=0.0000  Train=2.270s  Test=49.443s  Peak RAM=86.826 MB
2026-03-17 03:00:51 | INFO | [ncluster=124/124] AUC-ROC=49.92%  AUC-PR=3.02%  F1=0.0000  MCC=0.0000  Train=2.713s  Test=53.380s  Peak RAM=86.826 MB
2026-03-17 03:02:45 | INFO | [ncluster=127/127] AUC-ROC=50.02%  AUC-PR=3.03%  F1=0.0064  MCC=0.0090  Train=2.558s  Test=53.350s  Peak RAM=86.827 MB
2026-03-17 03:04:41 | INFO | [ncluster=130/130] AUC-ROC=49.92%  AUC-PR=3.02%  F1=0.0000  MCC=0.0000  Train=2.740s  Test=52.573s  Peak RAM=86.827 MB
2026-03-17 03:06:48 | INFO | [ncluster=133/133] AUC-ROC=49.92%  AUC-PR=3.02%  F1=0.0000  MCC=0.0000  Train=2.409s  Test=56.222s  Peak RAM=86.827 MB
2026-03-17 03:08:40 | INFO | [ncluster=136/136] AUC-ROC=49.92%  AUC-PR=3.02%  F1=0.0000  MCC=0.0000  Train=2.448s  Test=45.303s  Peak RAM=86.828 MB
2026-03-17 03:10:41 | INFO | [ncluster=139/139] AUC-ROC=49.92%  AUC-PR=3.02%  F1=0.0000  MCC=0.0000  Train=2.447s  Test=54.909s  Peak RAM=86.829 MB
2026-03-17 03:12:29 | INFO | [ncluster=142/142] AUC-ROC=49.92%  AUC-PR=3.02%  F1=0.0000  MCC=0.0000  Train=2.412s  Test=44.217s  Peak RAM=86.829 MB
2026-03-17 03:14:24 | INFO | [ncluster=145/145] AUC-ROC=49.92%  AUC-PR=3.02%  F1=0.0000  MCC=0.0000  Train=2.360s  Test=48.043s  Peak RAM=86.83 MB
2026-03-17 03:16:25 | INFO | [ncluster=148/148] AUC-ROC=49.92%  AUC-PR=3.02%  F1=0.0000  MCC=0.0000  Train=2.506s  Test=50.854s  Peak RAM=86.83 MB
2026-03-17 03:18:27 | INFO | [ncluster=151/151] AUC-ROC=49.92%  AUC-PR=3.02%  F1=0.0000  MCC=0.0000  Train=2.453s  Test=53.127s  Peak RAM=86.831 MB
2026-03-17 03:20:38 | INFO | [ncluster=154/154] AUC-ROC=49.92%  AUC-PR=3.02%  F1=0.0000  MCC=0.0000  Train=2.643s  Test=55.325s  Peak RAM=86.831 MB
2026-03-17 03:22:47 | INFO | [ncluster=157/157] AUC-ROC=49.92%  AUC-PR=3.02%  F1=0.0000  MCC=0.0000  Train=2.689s  Test=50.108s  Peak RAM=86.831 MB
2026-03-17 03:24:53 | INFO | [ncluster=160/160] AUC-ROC=49.92%  AUC-PR=3.02%  F1=0.0000  MCC=0.0000  Train=2.411s  Test=49.405s  Peak RAM=86.832 MB
2026-03-17 03:27:05 | INFO | [ncluster=163/163] AUC-ROC=49.92%  AUC-PR=3.02%  F1=0.0000  MCC=0.0000  Train=2.568s  Test=52.421s  Peak RAM=86.833 MB
2026-03-17 03:29:19 | INFO | [ncluster=166/166] AUC-ROC=49.92%  AUC-PR=3.02%  F1=0.0000  MCC=0.0000  Train=2.266s  Test=52.144s  Peak RAM=86.834 MB
2026-03-17 03:31:35 | INFO | [ncluster=169/169] AUC-ROC=49.92%  AUC-PR=3.02%  F1=0.0000  MCC=0.0000  Train=2.247s  Test=53.811s  Peak RAM=86.834 MB
2026-03-17 03:33:52 | INFO | [ncluster=172/172] AUC-ROC=49.92%  AUC-PR=3.02%  F1=0.0000  MCC=0.0000  Train=2.854s  Test=51.848s  Peak RAM=86.834 MB
2026-03-17 03:36:09 | INFO | [ncluster=175/175] AUC-ROC=49.92%  AUC-PR=3.02%  F1=0.0000  MCC=0.0000  Train=2.463s  Test=50.122s  Peak RAM=86.834 MB
2026-03-17 03:38:28 | INFO | [ncluster=178/178] AUC-ROC=49.92%  AUC-PR=3.02%  F1=0.0000  MCC=0.0000  Train=2.658s  Test=53.313s  Peak RAM=86.835 MB
2026-03-17 03:40:49 | INFO | [ncluster=181/181] AUC-ROC=49.92%  AUC-PR=3.02%  F1=0.0000  MCC=0.0000  Train=2.499s  Test=53.793s  Peak RAM=86.835 MB
2026-03-17 03:43:12 | INFO | [ncluster=184/184] AUC-ROC=49.92%  AUC-PR=3.02%  F1=0.0000  MCC=0.0000  Train=2.369s  Test=55.200s  Peak RAM=86.837 MB
2026-03-17 03:45:35 | INFO | [ncluster=187/187] AUC-ROC=49.92%  AUC-PR=3.02%  F1=0.0000  MCC=0.0000  Train=2.714s  Test=50.529s  Peak RAM=86.836 MB
2026-03-17 03:47:55 | INFO | [ncluster=190/190] AUC-ROC=49.92%  AUC-PR=3.02%  F1=0.0000  MCC=0.0000  Train=2.497s  Test=49.932s  Peak RAM=86.836 MB
2026-03-17 03:50:24 | INFO | [ncluster=193/193] AUC-ROC=49.92%  AUC-PR=3.02%  F1=0.0000  MCC=0.0000  Train=2.672s  Test=55.736s  Peak RAM=86.837 MB
2026-03-17 03:52:52 | INFO | [ncluster=196/196] AUC-ROC=49.92%  AUC-PR=3.02%  F1=0.0000  MCC=0.0000  Train=2.918s  Test=51.813s  Peak RAM=86.838 MB
2026-03-17 03:55:24 | INFO | [ncluster=199/199] AUC-ROC=49.92%  AUC-PR=3.02%  F1=0.0000  MCC=0.0000  Train=2.493s  Test=55.272s  Peak RAM=86.839 MB
2026-03-17 03:57:55 | INFO | [ncluster=202/202] AUC-ROC=49.92%  AUC-PR=3.02%  F1=0.0000  MCC=0.0000  Train=2.534s  Test=53.195s  Peak RAM=86.839 MB
2026-03-17 04:00:34 | INFO | [ncluster=205/205] AUC-ROC=49.92%  AUC-PR=3.02%  F1=0.0000  MCC=0.0000  Train=2.833s  Test=56.202s  Peak RAM=86.84 MB
2026-03-17 04:03:10 | INFO | [ncluster=208/208] AUC-ROC=49.92%  AUC-PR=3.02%  F1=0.0000  MCC=0.0000  Train=2.524s  Test=53.617s  Peak RAM=86.84 MB
2026-03-17 04:05:46 | INFO | [ncluster=211/211] AUC-ROC=49.92%  AUC-PR=3.02%  F1=0.0000  MCC=0.0000  Train=2.664s  Test=53.730s  Peak RAM=86.841 MB
2026-03-17 04:08:54 | INFO | [ncluster=214/214] AUC-ROC=49.92%  AUC-PR=3.02%  F1=0.0000  MCC=0.0000  Train=2.889s  Test=61.207s  Peak RAM=86.841 MB
2026-03-17 04:12:29 | INFO | [ncluster=217/217] AUC-ROC=49.92%  AUC-PR=3.02%  F1=0.0000  MCC=0.0000  Train=3.175s  Test=63.413s  Peak RAM=86.841 MB
2026-03-17 04:15:54 | INFO | [ncluster=220/220] AUC-ROC=49.92%  AUC-PR=3.02%  F1=0.0000  MCC=0.0000  Train=3.159s  Test=53.367s  Peak RAM=86.842 MB
2026-03-17 04:18:36 | INFO | [ncluster=223/223] AUC-ROC=49.92%  AUC-PR=3.02%  F1=0.0000  MCC=0.0000  Train=2.398s  Test=54.771s  Peak RAM=86.842 MB
2026-03-17 04:21:18 | INFO | [ncluster=226/226] AUC-ROC=49.92%  AUC-PR=3.02%  F1=0.0000  MCC=0.0000  Train=2.430s  Test=54.571s  Peak RAM=86.843 MB
2026-03-17 04:23:59 | INFO | [ncluster=229/229] AUC-ROC=49.92%  AUC-PR=3.02%  F1=0.0000  MCC=0.0000  Train=2.619s  Test=49.863s  Peak RAM=86.844 MB
2026-03-17 04:26:41 | INFO | [ncluster=232/232] AUC-ROC=49.92%  AUC-PR=3.02%  F1=0.0000  MCC=0.0000  Train=2.395s  Test=51.867s  Peak RAM=86.845 MB
2026-03-17 04:29:27 | INFO | [ncluster=235/235] AUC-ROC=49.92%  AUC-PR=3.02%  F1=0.0000  MCC=0.0000  Train=2.750s  Test=53.421s  Peak RAM=86.845 MB
2026-03-17 04:32:14 | INFO | [ncluster=238/238] AUC-ROC=49.92%  AUC-PR=3.02%  F1=0.0000  MCC=0.0000  Train=2.386s  Test=51.476s  Peak RAM=86.845 MB
2026-03-17 04:35:09 | INFO | [ncluster=241/241] AUC-ROC=49.92%  AUC-PR=3.02%  F1=0.0000  MCC=0.0000  Train=2.656s  Test=54.214s  Peak RAM=86.846 MB
2026-03-17 04:37:54 | INFO | [ncluster=244/244] AUC-ROC=49.92%  AUC-PR=3.02%  F1=0.0000  MCC=0.0000  Train=2.297s  Test=51.622s  Peak RAM=86.845 MB
2026-03-17 04:40:45 | INFO | [ncluster=247/247] AUC-ROC=49.92%  AUC-PR=3.02%  F1=0.0000  MCC=0.0000  Train=2.587s  Test=55.125s  Peak RAM=86.846 MB
2026-03-17 04:43:39 | INFO | [ncluster=250/250] AUC-ROC=49.92%  AUC-PR=3.02%  F1=0.0000  MCC=0.0000  Train=2.541s  Test=54.345s  Peak RAM=86.846 MB
2026-03-17 04:46:36 | INFO | [ncluster=253/253] AUC-ROC=49.92%  AUC-PR=3.02%  F1=0.0000  MCC=0.0000  Train=2.461s  Test=53.874s  Peak RAM=86.848 MB
2026-03-17 04:49:33 | INFO | [ncluster=256/256] AUC-ROC=49.92%  AUC-PR=3.02%  F1=0.0000  MCC=0.0000  Train=2.589s  Test=53.206s  Peak RAM=86.848 MB
2026-03-17 04:52:26 | INFO | [ncluster=259/259] AUC-ROC=49.92%  AUC-PR=3.02%  F1=0.0000  MCC=0.0000  Train=2.277s  Test=50.723s  Peak RAM=86.849 MB
2026-03-17 04:55:25 | INFO | [ncluster=262/262] AUC-ROC=49.92%  AUC-PR=3.02%  F1=0.0000  MCC=0.0000  Train=2.231s  Test=53.259s  Peak RAM=86.849 MB
2026-03-17 04:58:23 | INFO | [ncluster=265/265] AUC-ROC=49.92%  AUC-PR=3.02%  F1=0.0000  MCC=0.0000  Train=2.744s  Test=51.432s  Peak RAM=86.849 MB
2026-03-17 05:01:22 | INFO | [ncluster=268/268] AUC-ROC=49.92%  AUC-PR=3.02%  F1=0.0000  MCC=0.0000  Train=2.268s  Test=48.166s  Peak RAM=86.849 MB
2026-03-17 05:04:27 | INFO | [ncluster=271/271] AUC-ROC=49.92%  AUC-PR=3.02%  F1=0.0000  MCC=0.0000  Train=2.356s  Test=55.966s  Peak RAM=86.85 MB
2026-03-17 05:07:26 | INFO | [ncluster=274/274] AUC-ROC=49.92%  AUC-PR=3.02%  F1=0.0000  MCC=0.0000  Train=2.659s  Test=51.057s  Peak RAM=86.851 MB
2026-03-17 05:10:19 | INFO | [ncluster=277/277] AUC-ROC=49.92%  AUC-PR=3.02%  F1=0.0000  MCC=0.0000  Train=2.444s  Test=41.237s  Peak RAM=86.851 MB
2026-03-17 05:11:46 | INFO | [ncluster=280/280] AUC-ROC=49.92%  AUC-PR=3.02%  F1=0.0000  MCC=0.0000  Train=1.382s  Test=31.034s  Peak RAM=86.852 MB
2026-03-17 05:13:16 | INFO | [ncluster=283/283] AUC-ROC=49.92%  AUC-PR=3.02%  F1=0.0000  MCC=0.0000  Train=1.284s  Test=32.320s  Peak RAM=86.852 MB
2026-03-17 05:14:43 | INFO | [ncluster=286/286] AUC-ROC=49.92%  AUC-PR=3.02%  F1=0.0000  MCC=0.0000  Train=1.142s  Test=28.840s  Peak RAM=86.852 MB
2026-03-17 05:16:16 | INFO | [ncluster=289/289] AUC-ROC=49.92%  AUC-PR=3.02%  F1=0.0000  MCC=0.0000  Train=1.363s  Test=32.210s  Peak RAM=86.853 MB
2026-03-17 05:17:42 | INFO | [ncluster=292/292] AUC-ROC=49.92%  AUC-PR=3.02%  F1=0.0000  MCC=0.0000  Train=1.259s  Test=27.607s  Peak RAM=86.854 MB
2026-03-17 05:19:12 | INFO | [ncluster=295/295] AUC-ROC=49.92%  AUC-PR=3.02%  F1=0.0000  MCC=0.0000  Train=1.108s  Test=30.871s  Peak RAM=86.854 MB
2026-03-17 05:20:42 | INFO | [ncluster=298/298] AUC-ROC=49.92%  AUC-PR=3.02%  F1=0.0000  MCC=0.0000  Train=1.244s  Test=31.091s  Peak RAM=86.855 MB
2026-03-17 05:20:42 | INFO | --- noise=1% ---
2026-03-17 05:20:42 | INFO | ============================================================
2026-03-17 05:20:42 | INFO | Dataset  : Train_MinMaxScaler_data_CICIoT2023.csv
2026-03-17 05:20:42 | INFO | Scaler   : MinMaxScaler
2026-03-17 05:20:42 | INFO | Noise    : 1%
2026-03-17 05:20:42 | INFO | nClusters: 100 values (1..298)
2026-03-17 05:20:42 | INFO | ============================================================
2026-03-17 05:20:42 | INFO | df_full shape: (99514, 41)
2026-03-17 05:20:42 | INFO | Training size : 77,984  |  Testing size: 19,903  |  Features: 40
2026-03-17 05:21:20 | INFO | [ncluster=1/1] AUC-ROC=59.99%  AUC-PR=5.95%  F1=0.1422  MCC=0.1184  Train=1.134s  Test=35.885s  Peak RAM=87.674 MB
2026-03-17 05:21:51 | INFO | [ncluster=4/4] AUC-ROC=45.79%  AUC-PR=3.02%  F1=0.0228  MCC=0.0101  Train=1.036s  Test=28.118s  Peak RAM=87.673 MB
2026-03-17 05:22:25 | INFO | [ncluster=7/7] AUC-ROC=68.67%  AUC-PR=7.29%  F1=0.1149  MCC=0.1247  Train=0.999s  Test=30.287s  Peak RAM=87.673 MB
2026-03-17 05:23:02 | INFO | [ncluster=10/10] AUC-ROC=73.90%  AUC-PR=7.98%  F1=0.1144  MCC=0.1434  Train=1.263s  Test=32.424s  Peak RAM=87.673 MB
2026-03-17 05:23:38 | INFO | [ncluster=13/13] AUC-ROC=47.35%  AUC-PR=3.32%  F1=0.0231  MCC=0.0229  Train=1.227s  Test=31.479s  Peak RAM=87.674 MB
2026-03-17 05:24:14 | INFO | [ncluster=16/16] AUC-ROC=48.94%  AUC-PR=3.17%  F1=0.0260  MCC=0.0158  Train=1.110s  Test=30.672s  Peak RAM=87.675 MB
2026-03-17 05:24:53 | INFO | [ncluster=19/19] AUC-ROC=75.45%  AUC-PR=8.32%  F1=0.1318  MCC=0.1619  Train=1.223s  Test=32.802s  Peak RAM=87.675 MB
2026-03-17 05:25:30 | INFO | [ncluster=22/22] AUC-ROC=46.79%  AUC-PR=3.18%  F1=0.0278  MCC=0.0104  Train=1.030s  Test=30.973s  Peak RAM=87.676 MB
2026-03-17 05:26:11 | INFO | [ncluster=25/25] AUC-ROC=46.76%  AUC-PR=3.16%  F1=0.0167  MCC=0.0093  Train=1.274s  Test=32.699s  Peak RAM=87.677 MB
2026-03-17 05:26:51 | INFO | [ncluster=28/28] AUC-ROC=49.90%  AUC-PR=3.06%  F1=0.0033  MCC=0.0182  Train=1.328s  Test=30.745s  Peak RAM=87.678 MB
2026-03-17 05:27:32 | INFO | [ncluster=31/31] AUC-ROC=49.89%  AUC-PR=3.18%  F1=0.0033  MCC=0.0402  Train=0.956s  Test=31.749s  Peak RAM=87.678 MB
2026-03-17 05:28:11 | INFO | [ncluster=34/34] AUC-ROC=49.90%  AUC-PR=3.18%  F1=0.0033  MCC=0.0402  Train=1.072s  Test=30.460s  Peak RAM=87.678 MB
2026-03-17 05:28:52 | INFO | [ncluster=37/37] AUC-ROC=49.84%  AUC-PR=3.02%  F1=0.0000  MCC=0.0000  Train=1.113s  Test=31.312s  Peak RAM=87.679 MB
2026-03-17 05:29:34 | INFO | [ncluster=40/40] AUC-ROC=49.81%  AUC-PR=3.02%  F1=0.0000  MCC=0.0000  Train=1.038s  Test=31.699s  Peak RAM=87.679 MB
2026-03-17 05:30:16 | INFO | [ncluster=43/43] AUC-ROC=49.82%  AUC-PR=3.02%  F1=0.0000  MCC=0.0000  Train=1.144s  Test=31.281s  Peak RAM=87.68 MB
2026-03-17 05:30:57 | INFO | [ncluster=46/46] AUC-ROC=49.84%  AUC-PR=3.02%  F1=0.0000  MCC=0.0000  Train=0.987s  Test=31.191s  Peak RAM=87.681 MB
2026-03-17 05:31:39 | INFO | [ncluster=49/49] AUC-ROC=49.90%  AUC-PR=3.02%  F1=0.0000  MCC=0.0000  Train=1.208s  Test=31.229s  Peak RAM=87.681 MB
2026-03-17 05:32:20 | INFO | [ncluster=52/52] AUC-ROC=49.93%  AUC-PR=3.02%  F1=0.0000  MCC=0.0000  Train=1.145s  Test=29.329s  Peak RAM=87.682 MB
2026-03-17 05:33:05 | INFO | [ncluster=55/55] AUC-ROC=49.83%  AUC-PR=3.02%  F1=0.0000  MCC=0.0000  Train=1.027s  Test=31.746s  Peak RAM=87.682 MB
2026-03-17 05:33:49 | INFO | [ncluster=58/58] AUC-ROC=48.41%  AUC-PR=3.02%  F1=0.0000  MCC=0.0000  Train=1.062s  Test=30.768s  Peak RAM=87.682 MB
2026-03-17 05:34:35 | INFO | [ncluster=61/61] AUC-ROC=49.82%  AUC-PR=3.02%  F1=0.0000  MCC=0.0000  Train=1.109s  Test=31.835s  Peak RAM=87.683 MB
2026-03-17 05:35:22 | INFO | [ncluster=64/64] AUC-ROC=49.83%  AUC-PR=3.02%  F1=0.0000  MCC=0.0000  Train=1.111s  Test=31.339s  Peak RAM=87.684 MB
2026-03-17 05:36:11 | INFO | [ncluster=67/67] AUC-ROC=49.81%  AUC-PR=3.02%  F1=0.0000  MCC=0.0000  Train=0.968s  Test=33.570s  Peak RAM=87.684 MB
2026-03-17 05:36:56 | INFO | [ncluster=70/70] AUC-ROC=49.82%  AUC-PR=3.02%  F1=0.0000  MCC=0.0000  Train=1.191s  Test=28.997s  Peak RAM=87.685 MB
2026-03-17 05:37:44 | INFO | [ncluster=73/73] AUC-ROC=49.82%  AUC-PR=3.02%  F1=0.0000  MCC=0.0000  Train=1.030s  Test=30.271s  Peak RAM=87.685 MB
2026-03-17 05:38:28 | INFO | [ncluster=76/76] AUC-ROC=49.82%  AUC-PR=3.02%  F1=0.0000  MCC=0.0000  Train=1.130s  Test=26.473s  Peak RAM=87.685 MB
2026-03-17 05:39:16 | INFO | [ncluster=79/79] AUC-ROC=49.82%  AUC-PR=3.02%  F1=0.0000  MCC=0.0000  Train=1.005s  Test=30.297s  Peak RAM=87.685 MB
2026-03-17 05:40:02 | INFO | [ncluster=82/82] AUC-ROC=49.82%  AUC-PR=3.02%  F1=0.0000  MCC=0.0000  Train=1.145s  Test=28.047s  Peak RAM=87.686 MB
2026-03-17 05:40:51 | INFO | [ncluster=85/85] AUC-ROC=49.82%  AUC-PR=3.02%  F1=0.0000  MCC=0.0000  Train=1.156s  Test=29.981s  Peak RAM=87.686 MB
2026-03-17 05:41:41 | INFO | [ncluster=88/88] AUC-ROC=49.82%  AUC-PR=3.02%  F1=0.0000  MCC=0.0000  Train=1.135s  Test=30.159s  Peak RAM=87.687 MB
2026-03-17 05:42:32 | INFO | [ncluster=91/91] AUC-ROC=49.92%  AUC-PR=3.02%  F1=0.0000  MCC=0.0000  Train=1.133s  Test=31.344s  Peak RAM=87.687 MB
2026-03-17 05:43:26 | INFO | [ncluster=94/94] AUC-ROC=49.82%  AUC-PR=3.02%  F1=0.0000  MCC=0.0000  Train=1.205s  Test=32.441s  Peak RAM=87.688 MB
2026-03-17 05:44:18 | INFO | [ncluster=97/97] AUC-ROC=49.92%  AUC-PR=3.02%  F1=0.0000  MCC=0.0000  Train=1.059s  Test=31.616s  Peak RAM=87.688 MB
2026-03-17 05:45:10 | INFO | [ncluster=100/100] AUC-ROC=49.82%  AUC-PR=3.02%  F1=0.0000  MCC=0.0000  Train=1.146s  Test=30.372s  Peak RAM=87.689 MB
2026-03-17 05:46:02 | INFO | [ncluster=103/103] AUC-ROC=49.92%  AUC-PR=3.02%  F1=0.0000  MCC=0.0000  Train=1.010s  Test=30.206s  Peak RAM=87.691 MB
2026-03-17 05:46:55 | INFO | [ncluster=106/106] AUC-ROC=49.92%  AUC-PR=3.02%  F1=0.0000  MCC=0.0000  Train=1.056s  Test=30.380s  Peak RAM=87.69 MB
2026-03-17 05:47:48 | INFO | [ncluster=109/109] AUC-ROC=49.92%  AUC-PR=3.02%  F1=0.0000  MCC=0.0000  Train=1.136s  Test=30.605s  Peak RAM=87.691 MB
2026-03-17 05:48:44 | INFO | [ncluster=112/112] AUC-ROC=49.92%  AUC-PR=3.02%  F1=0.0000  MCC=0.0000  Train=1.184s  Test=30.733s  Peak RAM=87.691 MB
2026-03-17 05:49:40 | INFO | [ncluster=115/115] AUC-ROC=49.92%  AUC-PR=3.02%  F1=0.0000  MCC=0.0000  Train=1.126s  Test=31.971s  Peak RAM=87.692 MB
2026-03-17 05:50:33 | INFO | [ncluster=118/118] AUC-ROC=49.92%  AUC-PR=3.02%  F1=0.0000  MCC=0.0000  Train=1.160s  Test=26.592s  Peak RAM=87.692 MB
2026-03-17 05:51:29 | INFO | [ncluster=121/121] AUC-ROC=49.92%  AUC-PR=3.02%  F1=0.0000  MCC=0.0000  Train=1.065s  Test=31.523s  Peak RAM=87.693 MB
2026-03-17 05:52:27 | INFO | [ncluster=124/124] AUC-ROC=49.92%  AUC-PR=3.02%  F1=0.0000  MCC=0.0000  Train=1.064s  Test=31.613s  Peak RAM=87.693 MB
2026-03-17 05:53:26 | INFO | [ncluster=127/127] AUC-ROC=49.92%  AUC-PR=3.02%  F1=0.0000  MCC=0.0000  Train=1.082s  Test=32.727s  Peak RAM=87.694 MB
2026-03-17 05:54:21 | INFO | [ncluster=130/130] AUC-ROC=49.92%  AUC-PR=3.02%  F1=0.0000  MCC=0.0000  Train=1.191s  Test=28.623s  Peak RAM=87.694 MB
2026-03-17 05:55:24 | INFO | [ncluster=133/133] AUC-ROC=49.92%  AUC-PR=3.02%  F1=0.0000  MCC=0.0000  Train=1.061s  Test=34.205s  Peak RAM=87.695 MB
2026-03-17 05:56:24 | INFO | [ncluster=136/136] AUC-ROC=49.92%  AUC-PR=3.02%  F1=0.0000  MCC=0.0000  Train=1.173s  Test=31.863s  Peak RAM=87.695 MB
2026-03-17 05:57:26 | INFO | [ncluster=139/139] AUC-ROC=49.92%  AUC-PR=3.02%  F1=0.0000  MCC=0.0000  Train=1.356s  Test=33.021s  Peak RAM=87.695 MB
2026-03-17 05:58:27 | INFO | [ncluster=142/142] AUC-ROC=49.92%  AUC-PR=3.02%  F1=0.0000  MCC=0.0000  Train=1.059s  Test=30.608s  Peak RAM=87.697 MB
2026-03-17 05:59:30 | INFO | [ncluster=145/145] AUC-ROC=49.92%  AUC-PR=3.02%  F1=0.0000  MCC=0.0000  Train=1.045s  Test=31.838s  Peak RAM=87.697 MB
2026-03-17 06:00:36 | INFO | [ncluster=148/148] AUC-ROC=49.92%  AUC-PR=3.02%  F1=0.0000  MCC=0.0000  Train=1.244s  Test=32.262s  Peak RAM=87.698 MB
2026-03-17 06:01:41 | INFO | [ncluster=151/151] AUC-ROC=49.92%  AUC-PR=3.02%  F1=0.0000  MCC=0.0000  Train=1.054s  Test=32.802s  Peak RAM=87.698 MB
2026-03-17 06:02:47 | INFO | [ncluster=154/154] AUC-ROC=49.92%  AUC-PR=3.02%  F1=0.0000  MCC=0.0000  Train=1.232s  Test=30.753s  Peak RAM=87.699 MB
2026-03-17 06:03:53 | INFO | [ncluster=157/157] AUC-ROC=49.92%  AUC-PR=3.02%  F1=0.0000  MCC=0.0000  Train=1.132s  Test=32.608s  Peak RAM=87.699 MB
2026-03-17 06:04:59 | INFO | [ncluster=160/160] AUC-ROC=49.92%  AUC-PR=3.02%  F1=0.0000  MCC=0.0000  Train=1.089s  Test=32.468s  Peak RAM=87.7 MB
2026-03-17 06:06:08 | INFO | [ncluster=163/163] AUC-ROC=49.92%  AUC-PR=3.02%  F1=0.0000  MCC=0.0000  Train=1.150s  Test=32.810s  Peak RAM=87.7 MB
2026-03-17 06:07:17 | INFO | [ncluster=166/166] AUC-ROC=49.92%  AUC-PR=3.02%  F1=0.0000  MCC=0.0000  Train=1.193s  Test=31.921s  Peak RAM=87.7 MB
2026-03-17 06:08:26 | INFO | [ncluster=169/169] AUC-ROC=49.92%  AUC-PR=3.02%  F1=0.0000  MCC=0.0000  Train=1.100s  Test=31.486s  Peak RAM=87.701 MB
2026-03-17 06:09:35 | INFO | [ncluster=172/172] AUC-ROC=49.92%  AUC-PR=3.02%  F1=0.0000  MCC=0.0000  Train=1.157s  Test=29.846s  Peak RAM=87.702 MB
2026-03-17 06:10:47 | INFO | [ncluster=175/175] AUC-ROC=49.92%  AUC-PR=3.02%  F1=0.0000  MCC=0.0000  Train=1.105s  Test=32.814s  Peak RAM=87.702 MB
2026-03-17 06:12:38 | INFO | [ncluster=178/178] AUC-ROC=49.92%  AUC-PR=3.02%  F1=0.0000  MCC=0.0000  Train=2.489s  Test=55.021s  Peak RAM=87.703 MB
2026-03-17 06:15:02 | INFO | [ncluster=181/181] AUC-ROC=49.92%  AUC-PR=3.02%  F1=0.0000  MCC=0.0000  Train=2.610s  Test=53.923s  Peak RAM=87.703 MB
2026-03-17 06:17:30 | INFO | [ncluster=184/184] AUC-ROC=49.92%  AUC-PR=3.02%  F1=0.0000  MCC=0.0000  Train=2.571s  Test=55.735s  Peak RAM=87.704 MB
2026-03-17 06:20:00 | INFO | [ncluster=187/187] AUC-ROC=49.92%  AUC-PR=3.02%  F1=0.0000  MCC=0.0000  Train=2.562s  Test=57.432s  Peak RAM=87.704 MB
2026-03-17 06:22:29 | INFO | [ncluster=190/190] AUC-ROC=49.92%  AUC-PR=3.02%  F1=0.0000  MCC=0.0000  Train=2.817s  Test=54.496s  Peak RAM=87.704 MB
2026-03-17 06:25:02 | INFO | [ncluster=193/193] AUC-ROC=49.92%  AUC-PR=3.02%  F1=0.0000  MCC=0.0000  Train=2.565s  Test=56.805s  Peak RAM=87.706 MB
2026-03-17 06:27:33 | INFO | [ncluster=196/196] AUC-ROC=49.92%  AUC-PR=3.02%  F1=0.0000  MCC=0.0000  Train=2.417s  Test=50.526s  Peak RAM=87.706 MB
2026-03-17 06:30:07 | INFO | [ncluster=199/199] AUC-ROC=49.92%  AUC-PR=3.02%  F1=0.0000  MCC=0.0000  Train=2.417s  Test=52.423s  Peak RAM=87.706 MB
2026-03-17 06:32:39 | INFO | [ncluster=202/202] AUC-ROC=49.92%  AUC-PR=3.02%  F1=0.0000  MCC=0.0000  Train=2.725s  Test=52.376s  Peak RAM=87.707 MB
2026-03-17 06:35:21 | INFO | [ncluster=205/205] AUC-ROC=49.92%  AUC-PR=3.02%  F1=0.0000  MCC=0.0000  Train=2.417s  Test=58.673s  Peak RAM=87.707 MB
2026-03-17 06:37:54 | INFO | [ncluster=208/208] AUC-ROC=49.92%  AUC-PR=3.02%  F1=0.0000  MCC=0.0000  Train=2.518s  Test=51.462s  Peak RAM=87.707 MB
2026-03-17 06:40:29 | INFO | [ncluster=211/211] AUC-ROC=49.92%  AUC-PR=3.02%  F1=0.0000  MCC=0.0000  Train=2.584s  Test=53.173s  Peak RAM=87.709 MB
2026-03-17 06:43:06 | INFO | [ncluster=214/214] AUC-ROC=49.92%  AUC-PR=3.02%  F1=0.0000  MCC=0.0000  Train=2.412s  Test=54.693s  Peak RAM=87.709 MB
2026-03-17 06:45:43 | INFO | [ncluster=217/217] AUC-ROC=49.92%  AUC-PR=3.02%  F1=0.0000  MCC=0.0000  Train=2.245s  Test=55.321s  Peak RAM=87.71 MB
2026-03-17 06:48:09 | INFO | [ncluster=220/220] AUC-ROC=49.92%  AUC-PR=3.02%  F1=0.0000  MCC=0.0000  Train=2.399s  Test=49.683s  Peak RAM=87.71 MB
2026-03-17 06:50:48 | INFO | [ncluster=223/223] AUC-ROC=49.92%  AUC-PR=3.02%  F1=0.0000  MCC=0.0000  Train=2.606s  Test=56.939s  Peak RAM=87.71 MB
2026-03-17 06:53:37 | INFO | [ncluster=226/226] AUC-ROC=49.92%  AUC-PR=3.02%  F1=0.0000  MCC=0.0000  Train=2.404s  Test=52.083s  Peak RAM=87.711 MB
2026-03-17 06:55:07 | INFO | [ncluster=229/229] AUC-ROC=49.92%  AUC-PR=3.02%  F1=0.0000  MCC=0.0000  Train=1.072s  Test=32.232s  Peak RAM=87.711 MB
2026-03-17 06:56:21 | INFO | [ncluster=232/232] AUC-ROC=49.92%  AUC-PR=3.02%  F1=0.0000  MCC=0.0000  Train=1.172s  Test=31.310s  Peak RAM=87.712 MB
2026-03-17 06:57:32 | INFO | [ncluster=235/235] AUC-ROC=49.92%  AUC-PR=3.02%  F1=0.0000  MCC=0.0000  Train=1.314s  Test=31.082s  Peak RAM=87.712 MB
2026-03-17 06:58:47 | INFO | [ncluster=238/238] AUC-ROC=49.92%  AUC-PR=3.02%  F1=0.0000  MCC=0.0000  Train=1.350s  Test=28.704s  Peak RAM=87.713 MB
2026-03-17 07:00:02 | INFO | [ncluster=241/241] AUC-ROC=49.92%  AUC-PR=3.02%  F1=0.0000  MCC=0.0000  Train=1.276s  Test=32.203s  Peak RAM=87.713 MB
2026-03-17 07:01:19 | INFO | [ncluster=244/244] AUC-ROC=49.92%  AUC-PR=3.02%  F1=0.0000  MCC=0.0000  Train=1.272s  Test=30.908s  Peak RAM=87.714 MB
2026-03-17 07:02:35 | INFO | [ncluster=247/247] AUC-ROC=49.92%  AUC-PR=3.02%  F1=0.0000  MCC=0.0000  Train=1.247s  Test=30.848s  Peak RAM=87.714 MB
2026-03-17 07:03:51 | INFO | [ncluster=250/250] AUC-ROC=49.92%  AUC-PR=3.02%  F1=0.0000  MCC=0.0000  Train=1.375s  Test=31.278s  Peak RAM=87.714 MB
2026-03-17 07:05:07 | INFO | [ncluster=253/253] AUC-ROC=49.91%  AUC-PR=3.02%  F1=0.0000  MCC=0.0000  Train=1.626s  Test=31.216s  Peak RAM=87.715 MB
2026-03-17 07:06:25 | INFO | [ncluster=256/256] AUC-ROC=49.92%  AUC-PR=3.02%  F1=0.0000  MCC=0.0000  Train=1.195s  Test=31.116s  Peak RAM=87.715 MB
2026-03-17 07:07:40 | INFO | [ncluster=259/259] AUC-ROC=49.92%  AUC-PR=3.02%  F1=0.0000  MCC=0.0000  Train=1.205s  Test=29.263s  Peak RAM=87.716 MB
2026-03-17 07:08:58 | INFO | [ncluster=262/262] AUC-ROC=49.92%  AUC-PR=3.02%  F1=0.0000  MCC=0.0000  Train=1.033s  Test=29.885s  Peak RAM=87.717 MB
2026-03-17 07:10:18 | INFO | [ncluster=265/265] AUC-ROC=49.92%  AUC-PR=3.02%  F1=0.0000  MCC=0.0000  Train=1.214s  Test=30.885s  Peak RAM=87.717 MB
2026-03-17 07:11:33 | INFO | [ncluster=268/268] AUC-ROC=49.92%  AUC-PR=3.02%  F1=0.0000  MCC=0.0000  Train=1.305s  Test=28.585s  Peak RAM=87.718 MB
2026-03-17 07:12:54 | INFO | [ncluster=271/271] AUC-ROC=49.92%  AUC-PR=3.02%  F1=0.0000  MCC=0.0000  Train=1.259s  Test=30.290s  Peak RAM=87.718 MB
2026-03-17 07:14:12 | INFO | [ncluster=274/274] AUC-ROC=49.92%  AUC-PR=3.02%  F1=0.0000  MCC=0.0000  Train=1.364s  Test=28.557s  Peak RAM=87.719 MB
2026-03-17 07:15:32 | INFO | [ncluster=277/277] AUC-ROC=49.92%  AUC-PR=3.02%  F1=0.0000  MCC=0.0000  Train=1.001s  Test=29.903s  Peak RAM=87.719 MB
2026-03-17 07:17:08 | INFO | [ncluster=280/280] AUC-ROC=49.92%  AUC-PR=3.02%  F1=0.0000  MCC=0.0000  Train=1.452s  Test=43.610s  Peak RAM=87.719 MB
2026-03-17 07:19:19 | INFO | [ncluster=283/283] AUC-ROC=49.92%  AUC-PR=3.02%  F1=0.0000  MCC=0.0000  Train=2.016s  Test=44.923s  Peak RAM=87.72 MB
2026-03-17 07:21:25 | INFO | [ncluster=286/286] AUC-ROC=49.92%  AUC-PR=3.02%  F1=0.0000  MCC=0.0000  Train=2.109s  Test=43.554s  Peak RAM=87.72 MB
2026-03-17 07:23:37 | INFO | [ncluster=289/289] AUC-ROC=49.92%  AUC-PR=3.02%  F1=0.0000  MCC=0.0000  Train=2.487s  Test=48.221s  Peak RAM=87.721 MB
2026-03-17 07:25:49 | INFO | [ncluster=292/292] AUC-ROC=49.92%  AUC-PR=3.02%  F1=0.0000  MCC=0.0000  Train=2.752s  Test=50.463s  Peak RAM=87.721 MB
2026-03-17 07:28:40 | INFO | [ncluster=295/295] AUC-ROC=49.92%  AUC-PR=3.02%  F1=0.0000  MCC=0.0000  Train=2.377s  Test=57.279s  Peak RAM=87.722 MB
2026-03-17 07:31:04 | INFO | [ncluster=298/298] AUC-ROC=49.92%  AUC-PR=3.02%  F1=0.0000  MCC=0.0000  Train=2.245s  Test=47.716s  Peak RAM=87.723 MB
2026-03-17 07:31:04 | INFO | --- noise=3% ---
2026-03-17 07:31:04 | INFO | ============================================================
2026-03-17 07:31:04 | INFO | Dataset  : Train_MinMaxScaler_data_CICIoT2023.csv
2026-03-17 07:31:04 | INFO | Scaler   : MinMaxScaler
2026-03-17 07:31:04 | INFO | Noise    : 3%
2026-03-17 07:31:04 | INFO | nClusters: 100 values (1..298)
2026-03-17 07:31:04 | INFO | ============================================================
2026-03-17 07:31:05 | INFO | df_full shape: (99514, 41)
2026-03-17 07:31:05 | INFO | Training size : 79,528  |  Testing size: 19,903  |  Features: 40
2026-03-17 07:31:52 | INFO | [ncluster=1/1] AUC-ROC=57.42%  AUC-PR=5.39%  F1=0.1234  MCC=0.0939  Train=1.974s  Test=44.549s  Peak RAM=89.41 MB
2026-03-17 07:32:41 | INFO | [ncluster=4/4] AUC-ROC=49.95%  AUC-PR=3.30%  F1=0.0169  MCC=0.0111  Train=2.060s  Test=43.398s  Peak RAM=89.409 MB
2026-03-17 07:33:35 | INFO | [ncluster=7/7] AUC-ROC=49.42%  AUC-PR=3.13%  F1=0.0213  MCC=0.0119  Train=1.962s  Test=48.621s  Peak RAM=89.41 MB
2026-03-17 07:34:32 | INFO | [ncluster=10/10] AUC-ROC=61.66%  AUC-PR=6.06%  F1=0.1175  MCC=0.0980  Train=2.482s  Test=48.844s  Peak RAM=89.41 MB
2026-03-17 07:35:17 | INFO | [ncluster=13/13] AUC-ROC=47.70%  AUC-PR=3.20%  F1=0.0095  MCC=0.0169  Train=2.068s  Test=38.594s  Peak RAM=89.41 MB
2026-03-17 07:36:19 | INFO | [ncluster=16/16] AUC-ROC=71.65%  AUC-PR=7.86%  F1=0.1187  MCC=0.1382  Train=2.251s  Test=54.132s  Peak RAM=89.411 MB
2026-03-17 07:37:18 | INFO | [ncluster=19/19] AUC-ROC=46.26%  AUC-PR=3.23%  F1=0.0278  MCC=0.0105  Train=2.256s  Test=48.792s  Peak RAM=89.411 MB
2026-03-17 07:38:14 | INFO | [ncluster=22/22] AUC-ROC=46.93%  AUC-PR=3.16%  F1=0.0281  MCC=0.0168  Train=1.772s  Test=47.505s  Peak RAM=89.411 MB
2026-03-17 07:39:14 | INFO | [ncluster=25/25] AUC-ROC=46.99%  AUC-PR=3.23%  F1=0.0260  MCC=0.0275  Train=2.258s  Test=46.840s  Peak RAM=89.412 MB
2026-03-17 07:40:04 | INFO | [ncluster=28/28] AUC-ROC=46.94%  AUC-PR=3.25%  F1=0.0209  MCC=0.0098  Train=2.219s  Test=38.276s  Peak RAM=89.412 MB
2026-03-17 07:41:03 | INFO | [ncluster=31/31] AUC-ROC=49.90%  AUC-PR=3.18%  F1=0.0033  MCC=0.0402  Train=2.048s  Test=48.991s  Peak RAM=89.413 MB
2026-03-17 07:42:04 | INFO | [ncluster=34/34] AUC-ROC=49.81%  AUC-PR=3.02%  F1=0.0000  MCC=0.0000  Train=2.263s  Test=45.661s  Peak RAM=89.413 MB
2026-03-17 07:43:05 | INFO | [ncluster=37/37] AUC-ROC=49.81%  AUC-PR=3.02%  F1=0.0000  MCC=0.0000  Train=2.178s  Test=47.869s  Peak RAM=89.415 MB
2026-03-17 07:44:08 | INFO | [ncluster=40/40] AUC-ROC=50.34%  AUC-PR=3.06%  F1=0.0407  MCC=0.0101  Train=2.387s  Test=47.236s  Peak RAM=89.414 MB
2026-03-17 07:45:02 | INFO | [ncluster=43/43] AUC-ROC=49.82%  AUC-PR=3.02%  F1=0.0000  MCC=0.0000  Train=2.271s  Test=39.006s  Peak RAM=89.415 MB
2026-03-17 07:46:05 | INFO | [ncluster=46/46] AUC-ROC=49.83%  AUC-PR=3.02%  F1=0.0000  MCC=0.0000  Train=2.619s  Test=44.437s  Peak RAM=89.415 MB
2026-03-17 07:47:03 | INFO | [ncluster=49/49] AUC-ROC=49.82%  AUC-PR=3.02%  F1=0.0000  MCC=0.0000  Train=2.517s  Test=40.799s  Peak RAM=89.416 MB
2026-03-17 07:48:08 | INFO | [ncluster=52/52] AUC-ROC=49.91%  AUC-PR=3.02%  F1=0.0000  MCC=0.0000  Train=2.105s  Test=45.297s  Peak RAM=89.416 MB
2026-03-17 07:49:13 | INFO | [ncluster=55/55] AUC-ROC=49.82%  AUC-PR=3.02%  F1=0.0000  MCC=0.0000  Train=2.346s  Test=45.220s  Peak RAM=89.417 MB
2026-03-17 07:50:19 | INFO | [ncluster=58/58] AUC-ROC=49.82%  AUC-PR=3.02%  F1=0.0000  MCC=0.0000  Train=2.498s  Test=45.316s  Peak RAM=89.417 MB
2026-03-17 07:51:22 | INFO | [ncluster=61/61] AUC-ROC=49.82%  AUC-PR=3.02%  F1=0.0000  MCC=0.0000  Train=2.213s  Test=45.164s  Peak RAM=89.418 MB
2026-03-17 07:52:33 | INFO | [ncluster=64/64] AUC-ROC=49.82%  AUC-PR=3.02%  F1=0.0000  MCC=0.0000  Train=2.014s  Test=43.278s  Peak RAM=89.418 MB
2026-03-17 07:53:39 | INFO | [ncluster=67/67] AUC-ROC=49.82%  AUC-PR=3.02%  F1=0.0000  MCC=0.0000  Train=2.570s  Test=43.003s  Peak RAM=89.418 MB
2026-03-17 07:54:55 | INFO | [ncluster=70/70] AUC-ROC=49.82%  AUC-PR=3.02%  F1=0.0000  MCC=0.0000  Train=2.408s  Test=51.941s  Peak RAM=89.42 MB
2026-03-17 07:56:10 | INFO | [ncluster=73/73] AUC-ROC=49.82%  AUC-PR=3.02%  F1=0.0000  MCC=0.0000  Train=2.396s  Test=47.962s  Peak RAM=89.42 MB
2026-03-17 07:57:24 | INFO | [ncluster=76/76] AUC-ROC=49.84%  AUC-PR=3.02%  F1=0.0000  MCC=0.0000  Train=2.335s  Test=47.857s  Peak RAM=89.42 MB
2026-03-17 07:58:33 | INFO | [ncluster=79/79] AUC-ROC=49.81%  AUC-PR=3.02%  F1=0.0000  MCC=0.0000  Train=1.770s  Test=44.654s  Peak RAM=89.421 MB
2026-03-17 07:59:44 | INFO | [ncluster=82/82] AUC-ROC=49.81%  AUC-PR=3.02%  F1=0.0000  MCC=0.0000  Train=2.117s  Test=43.791s  Peak RAM=89.421 MB
2026-03-17 08:00:55 | INFO | [ncluster=85/85] AUC-ROC=49.82%  AUC-PR=3.02%  F1=0.0000  MCC=0.0000  Train=2.321s  Test=43.447s  Peak RAM=89.422 MB
2026-03-17 08:02:10 | INFO | [ncluster=88/88] AUC-ROC=49.82%  AUC-PR=3.02%  F1=0.0000  MCC=0.0000  Train=2.146s  Test=46.427s  Peak RAM=89.422 MB
2026-03-17 08:03:32 | INFO | [ncluster=91/91] AUC-ROC=49.82%  AUC-PR=3.02%  F1=0.0000  MCC=0.0000  Train=2.385s  Test=49.100s  Peak RAM=89.423 MB
2026-03-17 08:04:49 | INFO | [ncluster=94/94] AUC-ROC=49.82%  AUC-PR=3.02%  F1=0.0000  MCC=0.0000  Train=2.366s  Test=47.067s  Peak RAM=89.424 MB
2026-03-17 08:06:16 | INFO | [ncluster=97/97] AUC-ROC=49.92%  AUC-PR=3.02%  F1=0.0000  MCC=0.0000  Train=2.438s  Test=51.017s  Peak RAM=89.424 MB
2026-03-17 08:07:30 | INFO | [ncluster=100/100] AUC-ROC=49.82%  AUC-PR=3.02%  F1=0.0000  MCC=0.0000  Train=1.868s  Test=44.034s  Peak RAM=89.425 MB
2026-03-17 08:08:58 | INFO | [ncluster=103/103] AUC-ROC=49.82%  AUC-PR=3.02%  F1=0.0000  MCC=0.0000  Train=2.387s  Test=43.554s  Peak RAM=89.426 MB
2026-03-17 08:10:17 | INFO | [ncluster=106/106] AUC-ROC=49.92%  AUC-PR=3.02%  F1=0.0000  MCC=0.0000  Train=2.064s  Test=48.311s  Peak RAM=89.425 MB
2026-03-17 08:11:38 | INFO | [ncluster=109/109] AUC-ROC=49.92%  AUC-PR=3.02%  F1=0.0000  MCC=0.0000  Train=2.548s  Test=43.335s  Peak RAM=89.426 MB
2026-03-17 08:13:13 | INFO | [ncluster=112/112] AUC-ROC=49.92%  AUC-PR=3.02%  F1=0.0000  MCC=0.0000  Train=2.139s  Test=55.198s  Peak RAM=89.426 MB
2026-03-17 08:14:43 | INFO | [ncluster=115/115] AUC-ROC=49.81%  AUC-PR=3.02%  F1=0.0000  MCC=0.0000  Train=2.501s  Test=44.462s  Peak RAM=89.426 MB
2026-03-17 08:15:59 | INFO | [ncluster=118/118] AUC-ROC=49.81%  AUC-PR=3.02%  F1=0.0000  MCC=0.0000  Train=2.155s  Test=42.447s  Peak RAM=89.427 MB
2026-03-17 08:17:25 | INFO | [ncluster=121/121] AUC-ROC=49.92%  AUC-PR=3.02%  F1=0.0000  MCC=0.0000  Train=2.385s  Test=44.032s  Peak RAM=89.428 MB
2026-03-17 08:18:51 | INFO | [ncluster=124/124] AUC-ROC=49.92%  AUC-PR=3.02%  F1=0.0000  MCC=0.0000  Train=2.121s  Test=44.827s  Peak RAM=89.429 MB
2026-03-17 08:20:10 | INFO | [ncluster=127/127] AUC-ROC=49.82%  AUC-PR=3.02%  F1=0.0000  MCC=0.0000  Train=2.103s  Test=40.946s  Peak RAM=89.429 MB
2026-03-17 08:21:48 | INFO | [ncluster=130/130] AUC-ROC=49.92%  AUC-PR=3.02%  F1=0.0000  MCC=0.0000  Train=2.447s  Test=48.990s  Peak RAM=89.429 MB
2026-03-17 08:23:24 | INFO | [ncluster=133/133] AUC-ROC=49.97%  AUC-PR=3.03%  F1=0.0032  MCC=0.0059  Train=2.083s  Test=48.124s  Peak RAM=89.43 MB
2026-03-17 08:24:58 | INFO | [ncluster=136/136] AUC-ROC=49.92%  AUC-PR=3.02%  F1=0.0000  MCC=0.0000  Train=2.283s  Test=47.906s  Peak RAM=89.431 MB
2026-03-17 08:26:35 | INFO | [ncluster=139/139] AUC-ROC=49.98%  AUC-PR=3.03%  F1=0.0033  MCC=0.0076  Train=2.394s  Test=51.627s  Peak RAM=89.431 MB
2026-03-17 08:28:07 | INFO | [ncluster=142/142] AUC-ROC=49.92%  AUC-PR=3.02%  F1=0.0000  MCC=0.0000  Train=2.140s  Test=42.738s  Peak RAM=89.432 MB
2026-03-17 08:29:36 | INFO | [ncluster=145/145] AUC-ROC=49.92%  AUC-PR=3.02%  F1=0.0000  MCC=0.0000  Train=2.097s  Test=42.724s  Peak RAM=89.432 MB
2026-03-17 08:31:06 | INFO | [ncluster=148/148] AUC-ROC=49.92%  AUC-PR=3.02%  F1=0.0000  MCC=0.0000  Train=2.706s  Test=46.446s  Peak RAM=89.433 MB
2026-03-17 08:32:44 | INFO | [ncluster=151/151] AUC-ROC=49.92%  AUC-PR=3.02%  F1=0.0000  MCC=0.0000  Train=2.624s  Test=47.765s  Peak RAM=89.433 MB
2026-03-17 08:34:20 | INFO | [ncluster=154/154] AUC-ROC=49.92%  AUC-PR=3.02%  F1=0.0000  MCC=0.0000  Train=1.934s  Test=50.640s  Peak RAM=89.433 MB
2026-03-17 08:36:05 | INFO | [ncluster=157/157] AUC-ROC=49.92%  AUC-PR=3.02%  F1=0.0000  MCC=0.0000  Train=2.546s  Test=45.455s  Peak RAM=89.434 MB
2026-03-17 08:37:52 | INFO | [ncluster=160/160] AUC-ROC=49.92%  AUC-PR=3.02%  F1=0.0000  MCC=0.0000  Train=2.334s  Test=48.967s  Peak RAM=89.435 MB
2026-03-17 08:39:40 | INFO | [ncluster=163/163] AUC-ROC=49.92%  AUC-PR=3.02%  F1=0.0000  MCC=0.0000  Train=2.448s  Test=50.917s  Peak RAM=89.435 MB
2026-03-17 08:41:16 | INFO | [ncluster=166/166] AUC-ROC=49.92%  AUC-PR=3.02%  F1=0.0000  MCC=0.0000  Train=2.161s  Test=43.619s  Peak RAM=89.435 MB
2026-03-17 08:43:03 | INFO | [ncluster=169/169] AUC-ROC=49.92%  AUC-PR=3.02%  F1=0.0000  MCC=0.0000  Train=2.437s  Test=46.503s  Peak RAM=89.436 MB
2026-03-17 08:44:53 | INFO | [ncluster=172/172] AUC-ROC=49.92%  AUC-PR=3.02%  F1=0.0000  MCC=0.0000  Train=2.078s  Test=41.535s  Peak RAM=89.437 MB
2026-03-17 08:46:28 | INFO | [ncluster=175/175] AUC-ROC=49.92%  AUC-PR=3.02%  F1=0.0000  MCC=0.0000  Train=2.257s  Test=40.942s  Peak RAM=89.437 MB
2026-03-17 08:48:27 | INFO | [ncluster=178/178] AUC-ROC=49.92%  AUC-PR=3.02%  F1=0.0000  MCC=0.0000  Train=2.670s  Test=50.639s  Peak RAM=89.437 MB
2026-03-17 08:50:18 | INFO | [ncluster=181/181] AUC-ROC=49.92%  AUC-PR=3.02%  F1=0.0000  MCC=0.0000  Train=2.683s  Test=45.139s  Peak RAM=89.438 MB
2026-03-17 08:51:55 | INFO | [ncluster=184/184] AUC-ROC=49.92%  AUC-PR=3.02%  F1=0.0000  MCC=0.0000  Train=1.942s  Test=46.774s  Peak RAM=89.439 MB
2026-03-17 08:53:43 | INFO | [ncluster=187/187] AUC-ROC=49.92%  AUC-PR=3.02%  F1=0.0000  MCC=0.0000  Train=2.164s  Test=43.516s  Peak RAM=89.439 MB
2026-03-17 08:55:18 | INFO | [ncluster=190/190] AUC-ROC=49.97%  AUC-PR=3.03%  F1=0.0033  MCC=0.0064  Train=2.477s  Test=40.914s  Peak RAM=89.44 MB
2026-03-17 08:57:15 | INFO | [ncluster=193/193] AUC-ROC=49.92%  AUC-PR=3.02%  F1=0.0000  MCC=0.0000  Train=2.153s  Test=44.539s  Peak RAM=89.441 MB
2026-03-17 08:59:03 | INFO | [ncluster=196/196] AUC-ROC=49.92%  AUC-PR=3.02%  F1=0.0000  MCC=0.0000  Train=2.276s  Test=50.507s  Peak RAM=89.441 MB
2026-03-17 09:00:40 | INFO | [ncluster=199/199] AUC-ROC=49.92%  AUC-PR=3.02%  F1=0.0000  MCC=0.0000  Train=2.080s  Test=42.258s  Peak RAM=89.441 MB
2026-03-17 09:02:38 | INFO | [ncluster=202/202] AUC-ROC=49.92%  AUC-PR=3.02%  F1=0.0000  MCC=0.0000  Train=2.217s  Test=49.982s  Peak RAM=89.442 MB
2026-03-17 09:04:32 | INFO | [ncluster=205/205] AUC-ROC=49.92%  AUC-PR=3.02%  F1=0.0000  MCC=0.0000  Train=2.507s  Test=46.727s  Peak RAM=89.442 MB
2026-03-17 09:06:17 | INFO | [ncluster=208/208] AUC-ROC=49.92%  AUC-PR=3.02%  F1=0.0000  MCC=0.0000  Train=2.857s  Test=46.506s  Peak RAM=89.443 MB
2026-03-17 09:08:20 | INFO | [ncluster=211/211] AUC-ROC=49.92%  AUC-PR=3.02%  F1=0.0000  MCC=0.0000  Train=1.938s  Test=42.231s  Peak RAM=89.444 MB
2026-03-17 09:10:22 | INFO | [ncluster=214/214] AUC-ROC=49.92%  AUC-PR=3.02%  F1=0.0000  MCC=0.0000  Train=2.604s  Test=50.922s  Peak RAM=89.444 MB
2026-03-17 09:12:17 | INFO | [ncluster=217/217] AUC-ROC=49.92%  AUC-PR=3.02%  F1=0.0000  MCC=0.0000  Train=2.388s  Test=48.338s  Peak RAM=89.445 MB
2026-03-17 09:14:18 | INFO | [ncluster=220/220] AUC-ROC=49.92%  AUC-PR=3.02%  F1=0.0000  MCC=0.0000  Train=2.262s  Test=51.769s  Peak RAM=89.446 MB
2026-03-17 09:16:21 | INFO | [ncluster=223/223] AUC-ROC=49.92%  AUC-PR=3.02%  F1=0.0000  MCC=0.0000  Train=2.350s  Test=47.760s  Peak RAM=89.446 MB
2026-03-17 09:18:32 | INFO | [ncluster=226/226] AUC-ROC=49.92%  AUC-PR=3.02%  F1=0.0000  MCC=0.0000  Train=2.461s  Test=45.105s  Peak RAM=89.446 MB
2026-03-17 09:20:38 | INFO | [ncluster=229/229] AUC-ROC=49.92%  AUC-PR=3.02%  F1=0.0000  MCC=0.0000  Train=2.171s  Test=48.203s  Peak RAM=89.447 MB
2026-03-17 09:22:26 | INFO | [ncluster=232/232] AUC-ROC=49.92%  AUC-PR=3.02%  F1=0.0000  MCC=0.0000  Train=2.266s  Test=41.844s  Peak RAM=89.447 MB
2026-03-17 09:24:26 | INFO | [ncluster=235/235] AUC-ROC=49.92%  AUC-PR=3.02%  F1=0.0000  MCC=0.0000  Train=2.135s  Test=45.812s  Peak RAM=89.448 MB
2026-03-17 09:26:28 | INFO | [ncluster=238/238] AUC-ROC=49.92%  AUC-PR=3.02%  F1=0.0000  MCC=0.0000  Train=2.345s  Test=47.310s  Peak RAM=89.448 MB
2026-03-17 09:28:43 | INFO | [ncluster=241/241] AUC-ROC=49.92%  AUC-PR=3.02%  F1=0.0000  MCC=0.0000  Train=1.922s  Test=43.422s  Peak RAM=89.449 MB
2026-03-17 09:30:56 | INFO | [ncluster=244/244] AUC-ROC=49.92%  AUC-PR=3.02%  F1=0.0000  MCC=0.0000  Train=2.573s  Test=55.962s  Peak RAM=89.449 MB
2026-03-17 09:33:03 | INFO | [ncluster=247/247] AUC-ROC=49.92%  AUC-PR=3.02%  F1=0.0000  MCC=0.0000  Train=2.632s  Test=44.156s  Peak RAM=89.45 MB
2026-03-17 09:35:07 | INFO | [ncluster=250/250] AUC-ROC=49.92%  AUC-PR=3.02%  F1=0.0000  MCC=0.0000  Train=2.308s  Test=54.467s  Peak RAM=89.45 MB
2026-03-17 09:37:17 | INFO | [ncluster=253/253] AUC-ROC=49.92%  AUC-PR=3.02%  F1=0.0000  MCC=0.0000  Train=2.169s  Test=47.397s  Peak RAM=89.451 MB
2026-03-17 09:39:29 | INFO | [ncluster=256/256] AUC-ROC=49.92%  AUC-PR=3.02%  F1=0.0000  MCC=0.0000  Train=2.331s  Test=53.913s  Peak RAM=89.451 MB
2026-03-17 09:41:47 | INFO | [ncluster=259/259] AUC-ROC=49.92%  AUC-PR=3.02%  F1=0.0000  MCC=0.0000  Train=2.530s  Test=52.014s  Peak RAM=89.452 MB
2026-03-17 09:44:02 | INFO | [ncluster=262/262] AUC-ROC=49.92%  AUC-PR=3.02%  F1=0.0000  MCC=0.0000  Train=2.664s  Test=48.681s  Peak RAM=89.452 MB
2026-03-17 09:45:55 | INFO | [ncluster=265/265] AUC-ROC=49.92%  AUC-PR=3.02%  F1=0.0000  MCC=0.0000  Train=2.081s  Test=42.782s  Peak RAM=89.452 MB
2026-03-17 09:48:01 | INFO | [ncluster=268/268] AUC-ROC=49.92%  AUC-PR=3.02%  F1=0.0000  MCC=0.0000  Train=2.204s  Test=41.756s  Peak RAM=89.453 MB
2026-03-17 09:50:25 | INFO | [ncluster=271/271] AUC-ROC=49.92%  AUC-PR=3.02%  F1=0.0000  MCC=0.0000  Train=2.326s  Test=45.321s  Peak RAM=89.454 MB
2026-03-17 09:52:57 | INFO | [ncluster=274/274] AUC-ROC=49.92%  AUC-PR=3.02%  F1=0.0000  MCC=0.0000  Train=2.483s  Test=53.347s  Peak RAM=89.454 MB
2026-03-17 09:55:23 | INFO | [ncluster=277/277] AUC-ROC=49.92%  AUC-PR=3.02%  F1=0.0000  MCC=0.0000  Train=2.707s  Test=52.922s  Peak RAM=89.455 MB
2026-03-17 09:57:31 | INFO | [ncluster=280/280] AUC-ROC=49.85%  AUC-PR=3.02%  F1=0.0000  MCC=0.0000  Train=2.060s  Test=43.456s  Peak RAM=89.455 MB
2026-03-17 09:59:41 | INFO | [ncluster=283/283] AUC-ROC=49.92%  AUC-PR=3.02%  F1=0.0000  MCC=0.0000  Train=2.312s  Test=48.659s  Peak RAM=89.455 MB
2026-03-17 10:01:58 | INFO | [ncluster=286/286] AUC-ROC=49.92%  AUC-PR=3.02%  F1=0.0000  MCC=0.0000  Train=2.200s  Test=45.326s  Peak RAM=89.455 MB
2026-03-17 10:04:21 | INFO | [ncluster=289/289] AUC-ROC=49.92%  AUC-PR=3.02%  F1=0.0000  MCC=0.0000  Train=2.487s  Test=49.864s  Peak RAM=89.457 MB
2026-03-17 10:06:41 | INFO | [ncluster=292/292] AUC-ROC=49.92%  AUC-PR=3.02%  F1=0.0000  MCC=0.0000  Train=2.313s  Test=44.900s  Peak RAM=89.457 MB
2026-03-17 10:09:26 | INFO | [ncluster=295/295] AUC-ROC=49.92%  AUC-PR=3.02%  F1=0.0000  MCC=0.0000  Train=2.891s  Test=58.150s  Peak RAM=89.457 MB
2026-03-17 10:12:53 | INFO | [ncluster=298/298] AUC-ROC=49.92%  AUC-PR=3.02%  F1=0.0000  MCC=0.0000  Train=2.777s  Test=56.398s  Peak RAM=89.458 MB
2026-03-17 10:12:53 | INFO | --- noise=5% ---
2026-03-17 10:12:53 | INFO | ============================================================
2026-03-17 10:12:53 | INFO | Dataset  : Train_MinMaxScaler_data_CICIoT2023.csv
2026-03-17 10:12:53 | INFO | Scaler   : MinMaxScaler
2026-03-17 10:12:53 | INFO | Noise    : 5%
2026-03-17 10:12:53 | INFO | nClusters: 100 values (1..298)
2026-03-17 10:12:53 | INFO | ============================================================
2026-03-17 10:12:54 | INFO | df_full shape: (99514, 41)
2026-03-17 10:12:54 | INFO | Training size : 79,611  |  Testing size: 19,903  |  Features: 40
2026-03-17 10:13:58 | INFO | [ncluster=1/1] AUC-ROC=59.03%  AUC-PR=5.87%  F1=0.1419  MCC=0.1153  Train=2.217s  Test=59.847s  Peak RAM=89.502 MB
2026-03-17 10:15:04 | INFO | [ncluster=4/4] AUC-ROC=49.17%  AUC-PR=3.30%  F1=0.0171  MCC=0.0122  Train=2.231s  Test=58.621s  Peak RAM=89.502 MB
2026-03-17 10:16:12 | INFO | [ncluster=7/7] AUC-ROC=55.54%  AUC-PR=5.24%  F1=0.1355  MCC=0.1053  Train=2.360s  Test=60.582s  Peak RAM=89.503 MB
2026-03-17 10:17:18 | INFO | [ncluster=10/10] AUC-ROC=66.72%  AUC-PR=6.57%  F1=0.1152  MCC=0.1173  Train=2.323s  Test=57.338s  Peak RAM=89.504 MB
2026-03-17 10:18:22 | INFO | [ncluster=13/13] AUC-ROC=52.92%  AUC-PR=4.92%  F1=0.1246  MCC=0.0937  Train=2.401s  Test=56.080s  Peak RAM=89.503 MB
2026-03-17 10:19:27 | INFO | [ncluster=16/16] AUC-ROC=67.32%  AUC-PR=6.84%  F1=0.1110  MCC=0.1153  Train=2.283s  Test=54.860s  Peak RAM=89.504 MB
2026-03-17 10:20:32 | INFO | [ncluster=19/19] AUC-ROC=73.58%  AUC-PR=7.84%  F1=0.1137  MCC=0.1409  Train=2.304s  Test=55.166s  Peak RAM=89.504 MB
2026-03-17 10:21:40 | INFO | [ncluster=22/22] AUC-ROC=46.73%  AUC-PR=3.14%  F1=0.0123  MCC=0.0156  Train=2.465s  Test=56.147s  Peak RAM=89.504 MB
2026-03-17 10:22:43 | INFO | [ncluster=25/25] AUC-ROC=46.90%  AUC-PR=3.18%  F1=0.0199  MCC=0.0157  Train=2.331s  Test=48.158s  Peak RAM=89.506 MB
2026-03-17 10:23:52 | INFO | [ncluster=28/28] AUC-ROC=46.93%  AUC-PR=3.17%  F1=0.0267  MCC=0.0187  Train=2.491s  Test=51.237s  Peak RAM=89.507 MB
2026-03-17 10:24:57 | INFO | [ncluster=31/31] AUC-ROC=49.89%  AUC-PR=3.06%  F1=0.0033  MCC=0.0182  Train=2.482s  Test=50.162s  Peak RAM=89.508 MB
2026-03-17 10:26:11 | INFO | [ncluster=34/34] AUC-ROC=49.81%  AUC-PR=3.02%  F1=0.0000  MCC=0.0000  Train=2.290s  Test=52.246s  Peak RAM=89.507 MB
2026-03-17 10:27:19 | INFO | [ncluster=37/37] AUC-ROC=49.90%  AUC-PR=3.02%  F1=0.0000  MCC=0.0000  Train=2.404s  Test=47.119s  Peak RAM=89.508 MB
2026-03-17 10:28:36 | INFO | [ncluster=40/40] AUC-ROC=49.82%  AUC-PR=3.02%  F1=0.0000  MCC=0.0000  Train=2.316s  Test=55.103s  Peak RAM=89.508 MB
2026-03-17 10:29:56 | INFO | [ncluster=43/43] AUC-ROC=49.83%  AUC-PR=3.02%  F1=0.0000  MCC=0.0000  Train=2.655s  Test=57.151s  Peak RAM=89.508 MB
2026-03-17 10:31:12 | INFO | [ncluster=46/46] AUC-ROC=49.82%  AUC-PR=3.02%  F1=0.0000  MCC=0.0000  Train=2.339s  Test=54.056s  Peak RAM=89.509 MB
2026-03-17 10:32:26 | INFO | [ncluster=49/49] AUC-ROC=49.83%  AUC-PR=3.02%  F1=0.0000  MCC=0.0000  Train=2.337s  Test=50.498s  Peak RAM=89.51 MB
2026-03-17 10:33:50 | INFO | [ncluster=52/52] AUC-ROC=49.81%  AUC-PR=3.02%  F1=0.0000  MCC=0.0000  Train=2.500s  Test=58.185s  Peak RAM=89.511 MB
2026-03-17 10:34:57 | INFO | [ncluster=55/55] AUC-ROC=49.82%  AUC-PR=3.02%  F1=0.0000  MCC=0.0000  Train=2.484s  Test=37.614s  Peak RAM=89.511 MB
2026-03-17 10:35:46 | INFO | [ncluster=58/58] AUC-ROC=49.81%  AUC-PR=3.02%  F1=0.0000  MCC=0.0000  Train=1.037s  Test=34.959s  Peak RAM=89.512 MB
2026-03-17 10:36:33 | INFO | [ncluster=61/61] AUC-ROC=49.82%  AUC-PR=3.02%  F1=0.0000  MCC=0.0000  Train=1.292s  Test=33.025s  Peak RAM=89.512 MB
2026-03-17 10:37:22 | INFO | [ncluster=64/64] AUC-ROC=49.82%  AUC-PR=3.02%  F1=0.0000  MCC=0.0000  Train=1.389s  Test=33.623s  Peak RAM=89.512 MB
2026-03-17 10:38:12 | INFO | [ncluster=67/67] AUC-ROC=49.82%  AUC-PR=3.02%  F1=0.0000  MCC=0.0000  Train=1.238s  Test=33.462s  Peak RAM=89.513 MB
2026-03-17 10:39:01 | INFO | [ncluster=70/70] AUC-ROC=49.82%  AUC-PR=3.02%  F1=0.0000  MCC=0.0000  Train=1.170s  Test=32.203s  Peak RAM=89.513 MB
2026-03-17 10:39:52 | INFO | [ncluster=73/73] AUC-ROC=49.85%  AUC-PR=3.02%  F1=0.0000  MCC=0.0000  Train=1.234s  Test=33.551s  Peak RAM=89.513 MB
2026-03-17 10:40:43 | INFO | [ncluster=76/76] AUC-ROC=49.82%  AUC-PR=3.02%  F1=0.0000  MCC=0.0000  Train=1.210s  Test=33.136s  Peak RAM=89.515 MB
2026-03-17 10:41:35 | INFO | [ncluster=79/79] AUC-ROC=49.82%  AUC-PR=3.02%  F1=0.0000  MCC=0.0000  Train=1.114s  Test=33.468s  Peak RAM=89.515 MB
2026-03-17 10:42:28 | INFO | [ncluster=82/82] AUC-ROC=49.82%  AUC-PR=3.02%  F1=0.0000  MCC=0.0000  Train=1.078s  Test=33.333s  Peak RAM=89.516 MB
2026-03-17 10:43:19 | INFO | [ncluster=85/85] AUC-ROC=49.82%  AUC-PR=3.02%  F1=0.0000  MCC=0.0000  Train=1.109s  Test=32.664s  Peak RAM=89.516 MB
2026-03-17 10:44:12 | INFO | [ncluster=88/88] AUC-ROC=49.82%  AUC-PR=3.02%  F1=0.0000  MCC=0.0000  Train=1.250s  Test=32.839s  Peak RAM=89.516 MB
2026-03-17 10:45:07 | INFO | [ncluster=91/91] AUC-ROC=49.82%  AUC-PR=3.02%  F1=0.0000  MCC=0.0000  Train=1.295s  Test=32.397s  Peak RAM=89.516 MB
2026-03-17 10:46:02 | INFO | [ncluster=94/94] AUC-ROC=49.82%  AUC-PR=3.02%  F1=0.0000  MCC=0.0000  Train=1.169s  Test=33.495s  Peak RAM=89.517 MB
2026-03-17 10:46:58 | INFO | [ncluster=97/97] AUC-ROC=49.92%  AUC-PR=3.02%  F1=0.0000  MCC=0.0000  Train=1.031s  Test=33.271s  Peak RAM=89.518 MB
2026-03-17 10:47:53 | INFO | [ncluster=100/100] AUC-ROC=49.82%  AUC-PR=3.02%  F1=0.0000  MCC=0.0000  Train=1.297s  Test=31.464s  Peak RAM=89.519 MB
2026-03-17 10:48:47 | INFO | [ncluster=103/103] AUC-ROC=49.92%  AUC-PR=3.02%  F1=0.0000  MCC=0.0000  Train=1.170s  Test=31.363s  Peak RAM=89.518 MB
2026-03-17 10:49:45 | INFO | [ncluster=106/106] AUC-ROC=49.82%  AUC-PR=3.02%  F1=0.0000  MCC=0.0000  Train=1.226s  Test=33.490s  Peak RAM=89.519 MB
2026-03-17 10:50:42 | INFO | [ncluster=109/109] AUC-ROC=49.92%  AUC-PR=3.02%  F1=0.0000  MCC=0.0000  Train=1.255s  Test=31.979s  Peak RAM=89.519 MB
2026-03-17 10:51:40 | INFO | [ncluster=112/112] AUC-ROC=49.92%  AUC-PR=3.02%  F1=0.0000  MCC=0.0000  Train=1.294s  Test=32.979s  Peak RAM=89.52 MB
2026-03-17 10:52:41 | INFO | [ncluster=115/115] AUC-ROC=49.92%  AUC-PR=3.02%  F1=0.0000  MCC=0.0000  Train=1.247s  Test=34.907s  Peak RAM=89.52 MB
2026-03-17 10:53:43 | INFO | [ncluster=118/118] AUC-ROC=49.92%  AUC-PR=3.02%  F1=0.0000  MCC=0.0000  Train=1.219s  Test=33.711s  Peak RAM=89.521 MB
2026-03-17 10:54:45 | INFO | [ncluster=121/121] AUC-ROC=49.92%  AUC-PR=3.02%  F1=0.0000  MCC=0.0000  Train=1.127s  Test=34.742s  Peak RAM=89.522 MB
2026-03-17 10:55:47 | INFO | [ncluster=124/124] AUC-ROC=49.92%  AUC-PR=3.02%  F1=0.0000  MCC=0.0000  Train=1.121s  Test=33.564s  Peak RAM=89.523 MB
2026-03-17 10:56:48 | INFO | [ncluster=127/127] AUC-ROC=49.92%  AUC-PR=3.02%  F1=0.0000  MCC=0.0000  Train=0.950s  Test=33.071s  Peak RAM=89.523 MB
2026-03-17 10:57:54 | INFO | [ncluster=130/130] AUC-ROC=49.92%  AUC-PR=3.02%  F1=0.0000  MCC=0.0000  Train=1.226s  Test=33.973s  Peak RAM=89.523 MB
2026-03-17 10:58:58 | INFO | [ncluster=133/133] AUC-ROC=49.92%  AUC-PR=3.02%  F1=0.0000  MCC=0.0000  Train=1.181s  Test=33.726s  Peak RAM=89.524 MB
2026-03-17 11:00:04 | INFO | [ncluster=136/136] AUC-ROC=49.92%  AUC-PR=3.02%  F1=0.0000  MCC=0.0000  Train=1.164s  Test=34.101s  Peak RAM=89.524 MB
2026-03-17 11:01:10 | INFO | [ncluster=139/139] AUC-ROC=49.92%  AUC-PR=3.02%  F1=0.0000  MCC=0.0000  Train=1.197s  Test=34.454s  Peak RAM=89.524 MB
2026-03-17 11:02:17 | INFO | [ncluster=142/142] AUC-ROC=49.92%  AUC-PR=3.02%  F1=0.0000  MCC=0.0000  Train=1.068s  Test=33.940s  Peak RAM=89.525 MB
2026-03-17 11:03:22 | INFO | [ncluster=145/145] AUC-ROC=49.92%  AUC-PR=3.02%  F1=0.0000  MCC=0.0000  Train=1.333s  Test=32.820s  Peak RAM=89.525 MB
2026-03-17 11:04:31 | INFO | [ncluster=148/148] AUC-ROC=49.92%  AUC-PR=3.02%  F1=0.0000  MCC=0.0000  Train=1.303s  Test=33.103s  Peak RAM=89.526 MB
2026-03-17 11:05:39 | INFO | [ncluster=151/151] AUC-ROC=49.92%  AUC-PR=3.02%  F1=0.0000  MCC=0.0000  Train=1.235s  Test=33.476s  Peak RAM=89.527 MB
2026-03-17 11:06:49 | INFO | [ncluster=154/154] AUC-ROC=49.92%  AUC-PR=3.02%  F1=0.0000  MCC=0.0000  Train=1.453s  Test=34.483s  Peak RAM=89.527 MB
2026-03-17 11:07:56 | INFO | [ncluster=157/157] AUC-ROC=49.92%  AUC-PR=3.02%  F1=0.0000  MCC=0.0000  Train=1.189s  Test=32.313s  Peak RAM=89.527 MB
2026-03-17 11:09:07 | INFO | [ncluster=160/160] AUC-ROC=49.92%  AUC-PR=3.02%  F1=0.0000  MCC=0.0000  Train=1.215s  Test=33.688s  Peak RAM=89.528 MB
2026-03-17 11:10:16 | INFO | [ncluster=163/163] AUC-ROC=49.92%  AUC-PR=3.02%  F1=0.0000  MCC=0.0000  Train=1.168s  Test=32.780s  Peak RAM=89.528 MB
2026-03-17 11:11:27 | INFO | [ncluster=166/166] AUC-ROC=49.92%  AUC-PR=3.02%  F1=0.0000  MCC=0.0000  Train=1.195s  Test=33.777s  Peak RAM=89.529 MB
2026-03-17 11:12:38 | INFO | [ncluster=169/169] AUC-ROC=49.92%  AUC-PR=3.02%  F1=0.0000  MCC=0.0000  Train=1.301s  Test=32.349s  Peak RAM=89.529 MB
2026-03-17 11:13:47 | INFO | [ncluster=172/172] AUC-ROC=49.92%  AUC-PR=3.02%  F1=0.0000  MCC=0.0000  Train=1.320s  Test=31.653s  Peak RAM=89.53 MB
2026-03-17 11:15:01 | INFO | [ncluster=175/175] AUC-ROC=49.92%  AUC-PR=3.02%  F1=0.0000  MCC=0.0000  Train=1.218s  Test=34.153s  Peak RAM=89.532 MB
2026-03-17 11:16:17 | INFO | [ncluster=178/178] AUC-ROC=49.92%  AUC-PR=3.02%  F1=0.0000  MCC=0.0000  Train=1.562s  Test=32.396s  Peak RAM=89.532 MB
2026-03-17 11:17:37 | INFO | [ncluster=181/181] AUC-ROC=49.92%  AUC-PR=3.02%  F1=0.0000  MCC=0.0000  Train=1.426s  Test=31.186s  Peak RAM=89.533 MB
2026-03-17 11:18:50 | INFO | [ncluster=184/184] AUC-ROC=49.92%  AUC-PR=3.02%  F1=0.0000  MCC=0.0000  Train=1.278s  Test=33.833s  Peak RAM=89.534 MB
2026-03-17 11:20:04 | INFO | [ncluster=187/187] AUC-ROC=49.92%  AUC-PR=3.02%  F1=0.0000  MCC=0.0000  Train=1.269s  Test=32.036s  Peak RAM=89.534 MB
2026-03-17 11:21:17 | INFO | [ncluster=190/190] AUC-ROC=49.92%  AUC-PR=3.02%  F1=0.0000  MCC=0.0000  Train=1.136s  Test=33.127s  Peak RAM=89.535 MB
2026-03-17 11:22:29 | INFO | [ncluster=193/193] AUC-ROC=49.92%  AUC-PR=3.02%  F1=0.0000  MCC=0.0000  Train=1.170s  Test=32.224s  Peak RAM=89.534 MB
2026-03-17 11:23:45 | INFO | [ncluster=196/196] AUC-ROC=50.00%  AUC-PR=3.06%  F1=0.0033  MCC=0.0182  Train=1.224s  Test=34.315s  Peak RAM=89.534 MB
2026-03-17 11:25:00 | INFO | [ncluster=199/199] AUC-ROC=49.92%  AUC-PR=3.02%  F1=0.0000  MCC=0.0000  Train=1.056s  Test=31.097s  Peak RAM=89.535 MB
2026-03-17 11:26:18 | INFO | [ncluster=202/202] AUC-ROC=49.92%  AUC-PR=3.02%  F1=0.0000  MCC=0.0000  Train=1.190s  Test=33.328s  Peak RAM=89.535 MB
2026-03-17 11:27:35 | INFO | [ncluster=205/205] AUC-ROC=49.97%  AUC-PR=3.03%  F1=0.0032  MCC=0.0059  Train=1.271s  Test=32.535s  Peak RAM=89.536 MB
2026-03-17 11:28:53 | INFO | [ncluster=208/208] AUC-ROC=49.92%  AUC-PR=3.02%  F1=0.0000  MCC=0.0000  Train=1.147s  Test=33.222s  Peak RAM=89.536 MB
2026-03-17 11:30:08 | INFO | [ncluster=211/211] AUC-ROC=49.92%  AUC-PR=3.02%  F1=0.0000  MCC=0.0000  Train=1.211s  Test=31.955s  Peak RAM=89.537 MB
2026-03-17 11:31:27 | INFO | [ncluster=214/214] AUC-ROC=49.92%  AUC-PR=3.02%  F1=0.0000  MCC=0.0000  Train=1.070s  Test=33.274s  Peak RAM=89.537 MB
2026-03-17 11:32:46 | INFO | [ncluster=217/217] AUC-ROC=49.92%  AUC-PR=3.02%  F1=0.0000  MCC=0.0000  Train=1.180s  Test=31.283s  Peak RAM=89.537 MB
2026-03-17 11:34:06 | INFO | [ncluster=220/220] AUC-ROC=49.92%  AUC-PR=3.02%  F1=0.0000  MCC=0.0000  Train=1.297s  Test=32.257s  Peak RAM=89.538 MB
2026-03-17 11:35:25 | INFO | [ncluster=223/223] AUC-ROC=49.92%  AUC-PR=3.02%  F1=0.0000  MCC=0.0000  Train=1.201s  Test=32.249s  Peak RAM=89.539 MB
2026-03-17 11:36:45 | INFO | [ncluster=226/226] AUC-ROC=49.92%  AUC-PR=3.02%  F1=0.0000  MCC=0.0000  Train=1.355s  Test=32.096s  Peak RAM=89.54 MB
2026-03-17 11:38:10 | INFO | [ncluster=229/229] AUC-ROC=49.92%  AUC-PR=3.02%  F1=0.0000  MCC=0.0000  Train=1.238s  Test=33.119s  Peak RAM=89.539 MB
2026-03-17 11:39:32 | INFO | [ncluster=232/232] AUC-ROC=49.92%  AUC-PR=3.02%  F1=0.0000  MCC=0.0000  Train=1.226s  Test=33.182s  Peak RAM=89.54 MB
2026-03-17 11:40:54 | INFO | [ncluster=235/235] AUC-ROC=49.92%  AUC-PR=3.02%  F1=0.0000  MCC=0.0000  Train=1.163s  Test=32.732s  Peak RAM=89.541 MB
2026-03-17 11:42:20 | INFO | [ncluster=238/238] AUC-ROC=49.92%  AUC-PR=3.02%  F1=0.0000  MCC=0.0000  Train=1.198s  Test=32.480s  Peak RAM=89.541 MB
2026-03-17 11:43:45 | INFO | [ncluster=241/241] AUC-ROC=49.92%  AUC-PR=3.02%  F1=0.0000  MCC=0.0000  Train=1.109s  Test=32.668s  Peak RAM=89.541 MB
2026-03-17 11:45:10 | INFO | [ncluster=244/244] AUC-ROC=49.92%  AUC-PR=3.02%  F1=0.0000  MCC=0.0000  Train=1.365s  Test=33.654s  Peak RAM=89.542 MB
2026-03-17 11:46:35 | INFO | [ncluster=247/247] AUC-ROC=49.92%  AUC-PR=3.02%  F1=0.0000  MCC=0.0000  Train=1.314s  Test=32.549s  Peak RAM=89.542 MB
2026-03-17 11:48:03 | INFO | [ncluster=250/250] AUC-ROC=49.92%  AUC-PR=3.02%  F1=0.0000  MCC=0.0000  Train=1.118s  Test=33.855s  Peak RAM=89.543 MB
2026-03-17 11:49:29 | INFO | [ncluster=253/253] AUC-ROC=49.92%  AUC-PR=3.02%  F1=0.0000  MCC=0.0000  Train=1.210s  Test=32.002s  Peak RAM=89.544 MB
2026-03-17 11:50:57 | INFO | [ncluster=256/256] AUC-ROC=49.92%  AUC-PR=3.02%  F1=0.0000  MCC=0.0000  Train=1.219s  Test=34.089s  Peak RAM=89.544 MB
2026-03-17 11:52:30 | INFO | [ncluster=259/259] AUC-ROC=49.92%  AUC-PR=3.02%  F1=0.0000  MCC=0.0000  Train=1.140s  Test=33.708s  Peak RAM=89.545 MB
2026-03-17 11:54:00 | INFO | [ncluster=262/262] AUC-ROC=49.92%  AUC-PR=3.02%  F1=0.0000  MCC=0.0000  Train=1.241s  Test=34.425s  Peak RAM=89.545 MB
2026-03-17 11:55:29 | INFO | [ncluster=265/265] AUC-ROC=49.91%  AUC-PR=3.02%  F1=0.0000  MCC=0.0000  Train=1.122s  Test=32.185s  Peak RAM=89.546 MB
2026-03-17 11:57:02 | INFO | [ncluster=268/268] AUC-ROC=49.92%  AUC-PR=3.02%  F1=0.0000  MCC=0.0000  Train=1.187s  Test=34.136s  Peak RAM=89.547 MB
2026-03-17 11:58:32 | INFO | [ncluster=271/271] AUC-ROC=49.92%  AUC-PR=3.02%  F1=0.0000  MCC=0.0000  Train=1.194s  Test=33.040s  Peak RAM=89.547 MB
2026-03-17 12:00:05 | INFO | [ncluster=274/274] AUC-ROC=49.92%  AUC-PR=3.02%  F1=0.0000  MCC=0.0000  Train=1.298s  Test=32.788s  Peak RAM=89.547 MB
2026-03-17 12:01:36 | INFO | [ncluster=277/277] AUC-ROC=49.92%  AUC-PR=3.02%  F1=0.0000  MCC=0.0000  Train=1.371s  Test=32.657s  Peak RAM=89.548 MB
2026-03-17 12:03:08 | INFO | [ncluster=280/280] AUC-ROC=49.92%  AUC-PR=3.02%  F1=0.0000  MCC=0.0000  Train=1.257s  Test=34.497s  Peak RAM=89.548 MB
2026-03-17 12:04:38 | INFO | [ncluster=283/283] AUC-ROC=49.92%  AUC-PR=3.02%  F1=0.0000  MCC=0.0000  Train=1.225s  Test=31.851s  Peak RAM=89.551 MB
2026-03-17 12:06:16 | INFO | [ncluster=286/286] AUC-ROC=49.92%  AUC-PR=3.02%  F1=0.0000  MCC=0.0000  Train=1.363s  Test=35.356s  Peak RAM=89.549 MB
2026-03-17 12:07:48 | INFO | [ncluster=289/289] AUC-ROC=49.92%  AUC-PR=3.02%  F1=0.0000  MCC=0.0000  Train=1.216s  Test=32.716s  Peak RAM=89.549 MB
2026-03-17 12:09:27 | INFO | [ncluster=292/292] AUC-ROC=49.92%  AUC-PR=3.02%  F1=0.0000  MCC=0.0000  Train=1.143s  Test=33.652s  Peak RAM=89.55 MB
2026-03-17 12:10:58 | INFO | [ncluster=295/295] AUC-ROC=49.92%  AUC-PR=3.02%  F1=0.0000  MCC=0.0000  Train=1.260s  Test=30.008s  Peak RAM=89.551 MB
2026-03-17 12:12:34 | INFO | [ncluster=298/298] AUC-ROC=49.92%  AUC-PR=3.02%  F1=0.0000  MCC=0.0000  Train=1.192s  Test=33.833s  Peak RAM=89.551 MB
2026-03-17 12:12:34 | INFO | 
>>> Processing data_CICIoT2023 | scaler=Normalizer
2026-03-17 12:12:34 | INFO | --- noise=0% ---
2026-03-17 12:12:34 | INFO | ============================================================
2026-03-17 12:12:34 | INFO | Dataset  : Train_Normalizer_data_CICIoT2023.csv
2026-03-17 12:12:34 | INFO | Scaler   : Normalizer
2026-03-17 12:12:34 | INFO | Noise    : 0%
2026-03-17 12:12:34 | INFO | nClusters: 100 values (1..298)
2026-03-17 12:12:34 | INFO | ============================================================
2026-03-17 12:12:35 | INFO | df_full shape: (99514, 41)
2026-03-17 12:12:35 | INFO | Training size : 77,212  |  Testing size: 19,903  |  Features: 40
2026-03-17 12:13:12 | INFO | [ncluster=1/1] AUC-ROC=69.77%  AUC-PR=4.89%  F1=0.1539  MCC=0.1830  Train=1.282s  Test=35.111s  Peak RAM=86.807 MB
2026-03-17 12:13:50 | INFO | [ncluster=4/4] AUC-ROC=63.49%  AUC-PR=3.95%  F1=0.1336  MCC=0.1352  Train=1.036s  Test=34.965s  Peak RAM=86.806 MB
2026-03-17 12:14:31 | INFO | [ncluster=7/7] AUC-ROC=62.91%  AUC-PR=3.86%  F1=0.1312  MCC=0.1306  Train=1.010s  Test=34.644s  Peak RAM=86.806 MB
2026-03-17 12:15:11 | INFO | [ncluster=10/10] AUC-ROC=63.08%  AUC-PR=3.89%  F1=0.1318  MCC=0.1318  Train=1.235s  Test=31.765s  Peak RAM=86.807 MB
2026-03-17 12:15:53 | INFO | [ncluster=13/13] AUC-ROC=63.17%  AUC-PR=3.90%  F1=0.1325  MCC=0.1328  Train=1.012s  Test=32.653s  Peak RAM=86.807 MB
2026-03-17 12:16:34 | INFO | [ncluster=16/16] AUC-ROC=63.12%  AUC-PR=3.90%  F1=0.1329  MCC=0.1330  Train=1.171s  Test=30.012s  Peak RAM=86.808 MB
2026-03-17 12:17:18 | INFO | [ncluster=19/19] AUC-ROC=63.05%  AUC-PR=3.89%  F1=0.1320  MCC=0.1317  Train=1.294s  Test=33.810s  Peak RAM=86.808 MB
2026-03-17 12:18:02 | INFO | [ncluster=22/22] AUC-ROC=63.31%  AUC-PR=3.92%  F1=0.1335  MCC=0.1345  Train=1.324s  Test=32.468s  Peak RAM=86.809 MB
2026-03-17 12:18:47 | INFO | [ncluster=25/25] AUC-ROC=63.10%  AUC-PR=3.90%  F1=0.1320  MCC=0.1320  Train=1.116s  Test=33.424s  Peak RAM=86.81 MB
2026-03-17 12:19:33 | INFO | [ncluster=28/28] AUC-ROC=63.23%  AUC-PR=3.92%  F1=0.1331  MCC=0.1337  Train=1.355s  Test=32.249s  Peak RAM=86.811 MB
2026-03-17 12:20:21 | INFO | [ncluster=31/31] AUC-ROC=63.25%  AUC-PR=3.91%  F1=0.1330  MCC=0.1336  Train=1.303s  Test=32.346s  Peak RAM=86.811 MB
2026-03-17 12:21:07 | INFO | [ncluster=34/34] AUC-ROC=62.98%  AUC-PR=3.88%  F1=0.1318  MCC=0.1314  Train=1.065s  Test=33.335s  Peak RAM=86.811 MB
2026-03-17 12:21:53 | INFO | [ncluster=37/37] AUC-ROC=62.91%  AUC-PR=3.87%  F1=0.1319  MCC=0.1313  Train=1.132s  Test=32.929s  Peak RAM=86.812 MB
2026-03-17 12:22:42 | INFO | [ncluster=40/40] AUC-ROC=63.54%  AUC-PR=3.94%  F1=0.1346  MCC=0.1366  Train=1.377s  Test=33.275s  Peak RAM=86.811 MB
2026-03-17 12:23:26 | INFO | [ncluster=43/43] AUC-ROC=63.39%  AUC-PR=3.93%  F1=0.1337  MCC=0.1351  Train=1.182s  Test=29.071s  Peak RAM=86.812 MB
2026-03-17 12:24:13 | INFO | [ncluster=46/46] AUC-ROC=63.10%  AUC-PR=3.89%  F1=0.1316  MCC=0.1317  Train=1.081s  Test=32.036s  Peak RAM=86.813 MB
2026-03-17 12:24:59 | INFO | [ncluster=49/49] AUC-ROC=63.49%  AUC-PR=3.93%  F1=0.1343  MCC=0.1362  Train=1.304s  Test=31.935s  Peak RAM=86.813 MB
2026-03-17 12:25:45 | INFO | [ncluster=52/52] AUC-ROC=63.19%  AUC-PR=3.90%  F1=0.1326  MCC=0.1331  Train=1.080s  Test=31.843s  Peak RAM=86.814 MB
2026-03-17 12:26:34 | INFO | [ncluster=55/55] AUC-ROC=63.28%  AUC-PR=3.91%  F1=0.1327  MCC=0.1335  Train=1.133s  Test=32.643s  Peak RAM=86.814 MB
2026-03-17 12:27:21 | INFO | [ncluster=58/58] AUC-ROC=63.43%  AUC-PR=3.93%  F1=0.1347  MCC=0.1365  Train=1.030s  Test=30.661s  Peak RAM=86.815 MB
2026-03-17 12:28:12 | INFO | [ncluster=61/61] AUC-ROC=63.39%  AUC-PR=3.92%  F1=0.1342  MCC=0.1356  Train=1.044s  Test=33.265s  Peak RAM=86.816 MB
2026-03-17 12:29:01 | INFO | [ncluster=64/64] AUC-ROC=63.07%  AUC-PR=3.88%  F1=0.1315  MCC=0.1317  Train=1.032s  Test=32.072s  Peak RAM=86.816 MB
2026-03-17 12:29:51 | INFO | [ncluster=67/67] AUC-ROC=63.42%  AUC-PR=3.93%  F1=0.1342  MCC=0.1359  Train=1.325s  Test=31.674s  Peak RAM=86.816 MB
2026-03-17 12:30:43 | INFO | [ncluster=70/70] AUC-ROC=63.30%  AUC-PR=3.91%  F1=0.1333  MCC=0.1343  Train=1.088s  Test=32.392s  Peak RAM=86.816 MB
2026-03-17 12:31:36 | INFO | [ncluster=73/73] AUC-ROC=63.21%  AUC-PR=3.90%  F1=0.1321  MCC=0.1327  Train=1.183s  Test=31.553s  Peak RAM=86.817 MB
2026-03-17 12:32:26 | INFO | [ncluster=76/76] AUC-ROC=63.59%  AUC-PR=3.95%  F1=0.1346  MCC=0.1368  Train=1.290s  Test=29.631s  Peak RAM=86.819 MB
2026-03-17 12:33:20 | INFO | [ncluster=79/79] AUC-ROC=63.46%  AUC-PR=3.94%  F1=0.1350  MCC=0.1366  Train=1.255s  Test=30.375s  Peak RAM=86.819 MB
2026-03-17 12:34:14 | INFO | [ncluster=82/82] AUC-ROC=63.48%  AUC-PR=3.94%  F1=0.1334  MCC=0.1351  Train=1.153s  Test=32.513s  Peak RAM=86.819 MB
2026-03-17 12:35:08 | INFO | [ncluster=85/85] AUC-ROC=63.29%  AUC-PR=3.92%  F1=0.1333  MCC=0.1340  Train=1.213s  Test=30.944s  Peak RAM=86.819 MB
2026-03-17 12:36:04 | INFO | [ncluster=88/88] AUC-ROC=63.26%  AUC-PR=3.92%  F1=0.1325  MCC=0.1330  Train=1.233s  Test=32.607s  Peak RAM=86.819 MB
2026-03-17 12:37:00 | INFO | [ncluster=91/91] AUC-ROC=64.00%  AUC-PR=4.00%  F1=0.1370  MCC=0.1409  Train=1.296s  Test=31.814s  Peak RAM=86.82 MB
2026-03-17 12:37:54 | INFO | [ncluster=94/94] AUC-ROC=63.73%  AUC-PR=3.97%  F1=0.1348  MCC=0.1375  Train=1.055s  Test=30.192s  Peak RAM=86.82 MB
2026-03-17 12:38:49 | INFO | [ncluster=97/97] AUC-ROC=64.03%  AUC-PR=4.00%  F1=0.1366  MCC=0.1406  Train=1.147s  Test=30.876s  Peak RAM=86.821 MB
2026-03-17 12:39:44 | INFO | [ncluster=100/100] AUC-ROC=63.91%  AUC-PR=4.00%  F1=0.1357  MCC=0.1389  Train=1.106s  Test=31.004s  Peak RAM=86.822 MB
2026-03-17 12:40:38 | INFO | [ncluster=103/103] AUC-ROC=64.42%  AUC-PR=4.07%  F1=0.1380  MCC=0.1433  Train=1.325s  Test=30.786s  Peak RAM=86.822 MB
2026-03-17 12:41:36 | INFO | [ncluster=106/106] AUC-ROC=65.53%  AUC-PR=4.22%  F1=0.1419  MCC=0.1523  Train=1.327s  Test=31.136s  Peak RAM=86.822 MB
2026-03-17 12:42:33 | INFO | [ncluster=109/109] AUC-ROC=63.99%  AUC-PR=4.01%  F1=0.1361  MCC=0.1396  Train=1.102s  Test=31.225s  Peak RAM=86.822 MB
2026-03-17 12:43:31 | INFO | [ncluster=112/112] AUC-ROC=64.91%  AUC-PR=4.12%  F1=0.1408  MCC=0.1484  Train=1.076s  Test=31.889s  Peak RAM=86.823 MB
2026-03-17 12:44:27 | INFO | [ncluster=115/115] AUC-ROC=63.48%  AUC-PR=3.94%  F1=0.1341  MCC=0.1356  Train=1.070s  Test=29.845s  Peak RAM=86.825 MB
2026-03-17 12:45:25 | INFO | [ncluster=118/118] AUC-ROC=64.21%  AUC-PR=4.03%  F1=0.1366  MCC=0.1413  Train=1.318s  Test=31.241s  Peak RAM=86.824 MB
2026-03-17 12:46:23 | INFO | [ncluster=121/121] AUC-ROC=65.23%  AUC-PR=4.18%  F1=0.1404  MCC=0.1495  Train=1.279s  Test=31.043s  Peak RAM=86.825 MB
2026-03-17 12:47:24 | INFO | [ncluster=124/124] AUC-ROC=64.14%  AUC-PR=4.03%  F1=0.1368  MCC=0.1410  Train=1.176s  Test=32.394s  Peak RAM=86.825 MB
2026-03-17 12:48:22 | INFO | [ncluster=127/127] AUC-ROC=64.16%  AUC-PR=4.03%  F1=0.1361  MCC=0.1405  Train=1.123s  Test=30.416s  Peak RAM=86.826 MB
2026-03-17 12:49:23 | INFO | [ncluster=130/130] AUC-ROC=64.19%  AUC-PR=4.04%  F1=0.1358  MCC=0.1403  Train=1.311s  Test=30.862s  Peak RAM=86.826 MB
2026-03-17 12:50:23 | INFO | [ncluster=133/133] AUC-ROC=64.17%  AUC-PR=4.02%  F1=0.1370  MCC=0.1416  Train=1.147s  Test=30.366s  Peak RAM=86.827 MB
2026-03-17 12:51:24 | INFO | [ncluster=136/136] AUC-ROC=64.27%  AUC-PR=4.05%  F1=0.1367  MCC=0.1414  Train=1.213s  Test=31.753s  Peak RAM=86.827 MB
2026-03-17 12:52:25 | INFO | [ncluster=139/139] AUC-ROC=65.05%  AUC-PR=4.15%  F1=0.1407  MCC=0.1487  Train=1.035s  Test=30.357s  Peak RAM=86.828 MB
2026-03-17 12:53:29 | INFO | [ncluster=142/142] AUC-ROC=63.64%  AUC-PR=3.96%  F1=0.1332  MCC=0.1353  Train=1.209s  Test=30.538s  Peak RAM=86.828 MB
2026-03-17 12:54:31 | INFO | [ncluster=145/145] AUC-ROC=63.87%  AUC-PR=3.98%  F1=0.1360  MCC=0.1394  Train=1.332s  Test=29.081s  Peak RAM=86.828 MB
2026-03-17 12:55:32 | INFO | [ncluster=148/148] AUC-ROC=64.13%  AUC-PR=4.03%  F1=0.1360  MCC=0.1401  Train=1.217s  Test=30.234s  Peak RAM=86.83 MB
2026-03-17 12:56:34 | INFO | [ncluster=151/151] AUC-ROC=64.39%  AUC-PR=4.06%  F1=0.1374  MCC=0.1427  Train=1.099s  Test=29.524s  Peak RAM=86.83 MB
2026-03-17 12:57:40 | INFO | [ncluster=154/154] AUC-ROC=63.68%  AUC-PR=3.97%  F1=0.1338  MCC=0.1360  Train=1.146s  Test=30.791s  Peak RAM=86.83 MB
2026-03-17 12:58:43 | INFO | [ncluster=157/157] AUC-ROC=64.55%  AUC-PR=4.10%  F1=0.1360  MCC=0.1419  Train=1.124s  Test=29.555s  Peak RAM=86.831 MB
2026-03-17 12:59:51 | INFO | [ncluster=160/160] AUC-ROC=63.42%  AUC-PR=3.94%  F1=0.1324  MCC=0.1336  Train=1.455s  Test=32.427s  Peak RAM=86.831 MB
2026-03-17 13:00:58 | INFO | [ncluster=163/163] AUC-ROC=63.51%  AUC-PR=3.95%  F1=0.1328  MCC=0.1342  Train=1.221s  Test=30.288s  Peak RAM=86.832 MB
2026-03-17 13:02:05 | INFO | [ncluster=166/166] AUC-ROC=64.54%  AUC-PR=4.08%  F1=0.1374  MCC=0.1435  Train=1.242s  Test=31.704s  Peak RAM=86.832 MB
2026-03-17 13:03:11 | INFO | [ncluster=169/169] AUC-ROC=62.78%  AUC-PR=3.85%  F1=0.1299  MCC=0.1285  Train=1.189s  Test=30.223s  Peak RAM=86.833 MB
2026-03-17 13:04:21 | INFO | [ncluster=172/172] AUC-ROC=63.79%  AUC-PR=3.97%  F1=0.1350  MCC=0.1378  Train=1.101s  Test=31.590s  Peak RAM=86.834 MB
2026-03-17 13:05:28 | INFO | [ncluster=175/175] AUC-ROC=63.47%  AUC-PR=3.93%  F1=0.1336  MCC=0.1352  Train=1.203s  Test=28.118s  Peak RAM=86.835 MB
2026-03-17 13:06:39 | INFO | [ncluster=178/178] AUC-ROC=63.87%  AUC-PR=3.98%  F1=0.1351  MCC=0.1384  Train=1.276s  Test=31.943s  Peak RAM=86.836 MB
2026-03-17 13:07:49 | INFO | [ncluster=181/181] AUC-ROC=63.78%  AUC-PR=3.98%  F1=0.1333  MCC=0.1361  Train=1.241s  Test=31.718s  Peak RAM=86.835 MB
2026-03-17 13:08:58 | INFO | [ncluster=184/184] AUC-ROC=64.00%  AUC-PR=4.01%  F1=0.1354  MCC=0.1390  Train=1.202s  Test=29.933s  Peak RAM=86.836 MB
2026-03-17 13:10:06 | INFO | [ncluster=187/187] AUC-ROC=63.19%  AUC-PR=3.90%  F1=0.1320  MCC=0.1324  Train=1.160s  Test=28.271s  Peak RAM=86.837 MB
2026-03-17 13:11:15 | INFO | [ncluster=190/190] AUC-ROC=65.06%  AUC-PR=4.15%  F1=0.1398  MCC=0.1481  Train=1.344s  Test=29.835s  Peak RAM=86.837 MB
2026-03-17 13:12:29 | INFO | [ncluster=193/193] AUC-ROC=62.71%  AUC-PR=3.84%  F1=0.1292  MCC=0.1274  Train=1.192s  Test=29.953s  Peak RAM=86.837 MB
2026-03-17 13:13:41 | INFO | [ncluster=196/196] AUC-ROC=63.11%  AUC-PR=3.90%  F1=0.1307  MCC=0.1304  Train=1.291s  Test=31.137s  Peak RAM=86.838 MB
2026-03-17 13:14:54 | INFO | [ncluster=199/199] AUC-ROC=63.76%  AUC-PR=3.97%  F1=0.1354  MCC=0.1381  Train=1.357s  Test=31.228s  Peak RAM=86.839 MB
2026-03-17 13:16:06 | INFO | [ncluster=202/202] AUC-ROC=63.57%  AUC-PR=3.94%  F1=0.1348  MCC=0.1370  Train=1.238s  Test=29.723s  Peak RAM=86.839 MB
2026-03-17 13:17:18 | INFO | [ncluster=205/205] AUC-ROC=62.84%  AUC-PR=3.85%  F1=0.1306  MCC=0.1295  Train=1.176s  Test=29.877s  Peak RAM=86.84 MB
2026-03-17 13:18:32 | INFO | [ncluster=208/208] AUC-ROC=63.30%  AUC-PR=3.92%  F1=0.1319  MCC=0.1328  Train=1.158s  Test=30.980s  Peak RAM=86.84 MB
2026-03-17 13:19:47 | INFO | [ncluster=211/211] AUC-ROC=62.95%  AUC-PR=3.89%  F1=0.1294  MCC=0.1284  Train=1.323s  Test=31.693s  Peak RAM=86.84 MB
2026-03-17 13:21:02 | INFO | [ncluster=214/214] AUC-ROC=63.44%  AUC-PR=3.92%  F1=0.1335  MCC=0.1350  Train=1.247s  Test=30.443s  Peak RAM=86.84 MB
2026-03-17 13:22:19 | INFO | [ncluster=217/217] AUC-ROC=62.18%  AUC-PR=3.77%  F1=0.1270  MCC=0.1232  Train=1.289s  Test=30.662s  Peak RAM=86.842 MB
2026-03-17 13:23:33 | INFO | [ncluster=220/220] AUC-ROC=63.02%  AUC-PR=3.88%  F1=0.1303  MCC=0.1300  Train=1.248s  Test=29.053s  Peak RAM=86.842 MB
2026-03-17 13:24:57 | INFO | [ncluster=223/223] AUC-ROC=63.52%  AUC-PR=3.95%  F1=0.1331  MCC=0.1348  Train=1.379s  Test=29.554s  Peak RAM=86.842 MB
2026-03-17 13:26:11 | INFO | [ncluster=226/226] AUC-ROC=62.91%  AUC-PR=3.85%  F1=0.1316  MCC=0.1310  Train=1.074s  Test=29.773s  Peak RAM=86.843 MB
2026-03-17 13:27:26 | INFO | [ncluster=229/229] AUC-ROC=62.96%  AUC-PR=3.86%  F1=0.1311  MCC=0.1307  Train=1.128s  Test=30.648s  Peak RAM=86.844 MB
2026-03-17 13:28:45 | INFO | [ncluster=232/232] AUC-ROC=63.56%  AUC-PR=3.96%  F1=0.1332  MCC=0.1349  Train=1.179s  Test=31.109s  Peak RAM=86.844 MB
2026-03-17 13:30:03 | INFO | [ncluster=235/235] AUC-ROC=61.72%  AUC-PR=3.73%  F1=0.1243  MCC=0.1183  Train=1.095s  Test=30.072s  Peak RAM=86.845 MB
2026-03-17 13:31:22 | INFO | [ncluster=238/238] AUC-ROC=63.22%  AUC-PR=3.91%  F1=0.1311  MCC=0.1317  Train=1.273s  Test=31.134s  Peak RAM=86.846 MB
2026-03-17 13:32:39 | INFO | [ncluster=241/241] AUC-ROC=63.68%  AUC-PR=3.96%  F1=0.1336  MCC=0.1360  Train=1.222s  Test=29.380s  Peak RAM=86.845 MB
2026-03-17 13:33:56 | INFO | [ncluster=244/244] AUC-ROC=64.35%  AUC-PR=4.04%  F1=0.1378  MCC=0.1431  Train=1.116s  Test=30.744s  Peak RAM=86.846 MB
2026-03-17 13:35:14 | INFO | [ncluster=247/247] AUC-ROC=62.70%  AUC-PR=3.84%  F1=0.1287  MCC=0.1270  Train=1.238s  Test=28.297s  Peak RAM=86.847 MB
2026-03-17 13:36:33 | INFO | [ncluster=250/250] AUC-ROC=62.01%  AUC-PR=3.74%  F1=0.1269  MCC=0.1227  Train=1.104s  Test=29.087s  Peak RAM=86.847 MB
2026-03-17 13:37:51 | INFO | [ncluster=253/253] AUC-ROC=64.26%  AUC-PR=4.05%  F1=0.1360  MCC=0.1407  Train=1.105s  Test=28.407s  Peak RAM=86.848 MB
2026-03-17 13:39:11 | INFO | [ncluster=256/256] AUC-ROC=63.56%  AUC-PR=3.96%  F1=0.1336  MCC=0.1354  Train=1.223s  Test=30.513s  Peak RAM=86.848 MB
2026-03-17 13:40:31 | INFO | [ncluster=259/259] AUC-ROC=62.85%  AUC-PR=3.86%  F1=0.1309  MCC=0.1296  Train=1.161s  Test=27.757s  Peak RAM=86.848 MB
2026-03-17 13:41:51 | INFO | [ncluster=262/262] AUC-ROC=61.47%  AUC-PR=3.70%  F1=0.1231  MCC=0.1161  Train=1.180s  Test=30.280s  Peak RAM=86.849 MB
2026-03-17 13:43:12 | INFO | [ncluster=265/265] AUC-ROC=62.66%  AUC-PR=3.83%  F1=0.1290  MCC=0.1271  Train=1.189s  Test=29.645s  Peak RAM=86.85 MB
2026-03-17 13:44:32 | INFO | [ncluster=268/268] AUC-ROC=61.56%  AUC-PR=3.70%  F1=0.1243  MCC=0.1179  Train=1.146s  Test=27.439s  Peak RAM=86.849 MB
2026-03-17 13:45:53 | INFO | [ncluster=271/271] AUC-ROC=62.54%  AUC-PR=3.82%  F1=0.1293  MCC=0.1267  Train=1.145s  Test=28.452s  Peak RAM=86.851 MB
2026-03-17 13:47:18 | INFO | [ncluster=274/274] AUC-ROC=61.39%  AUC-PR=3.69%  F1=0.1230  MCC=0.1157  Train=1.380s  Test=30.213s  Peak RAM=86.851 MB
2026-03-17 13:48:44 | INFO | [ncluster=277/277] AUC-ROC=62.22%  AUC-PR=3.78%  F1=0.1277  MCC=0.1240  Train=1.142s  Test=29.807s  Peak RAM=86.851 MB
2026-03-17 13:50:09 | INFO | [ncluster=280/280] AUC-ROC=62.82%  AUC-PR=3.86%  F1=0.1300  MCC=0.1288  Train=1.187s  Test=31.276s  Peak RAM=86.852 MB
2026-03-17 13:51:33 | INFO | [ncluster=283/283] AUC-ROC=62.38%  AUC-PR=3.79%  F1=0.1289  MCC=0.1260  Train=1.112s  Test=30.962s  Peak RAM=86.853 MB
2026-03-17 13:53:00 | INFO | [ncluster=286/286] AUC-ROC=61.91%  AUC-PR=3.74%  F1=0.1261  MCC=0.1213  Train=1.285s  Test=30.253s  Peak RAM=86.854 MB
2026-03-17 13:54:26 | INFO | [ncluster=289/289] AUC-ROC=61.22%  AUC-PR=3.66%  F1=0.1223  MCC=0.1145  Train=1.098s  Test=30.199s  Peak RAM=86.853 MB
2026-03-17 13:55:54 | INFO | [ncluster=292/292] AUC-ROC=62.98%  AUC-PR=3.87%  F1=0.1314  MCC=0.1309  Train=1.389s  Test=31.445s  Peak RAM=86.854 MB
2026-03-17 13:57:21 | INFO | [ncluster=295/295] AUC-ROC=62.26%  AUC-PR=3.79%  F1=0.1278  MCC=0.1241  Train=1.220s  Test=30.343s  Peak RAM=86.854 MB
2026-03-17 13:58:51 | INFO | [ncluster=298/298] AUC-ROC=62.39%  AUC-PR=3.81%  F1=0.1282  MCC=0.1250  Train=1.094s  Test=31.736s  Peak RAM=86.855 MB
2026-03-17 13:58:51 | INFO | --- noise=1% ---
2026-03-17 13:58:51 | INFO | ============================================================
2026-03-17 13:58:51 | INFO | Dataset  : Train_Normalizer_data_CICIoT2023.csv
2026-03-17 13:58:51 | INFO | Scaler   : Normalizer
2026-03-17 13:58:51 | INFO | Noise    : 1%
2026-03-17 13:58:51 | INFO | nClusters: 100 values (1..298)
2026-03-17 13:58:51 | INFO | ============================================================
2026-03-17 13:58:51 | INFO | df_full shape: (99514, 41)
2026-03-17 13:58:51 | INFO | Training size : 77,984  |  Testing size: 19,903  |  Features: 40
2026-03-17 13:59:31 | INFO | [ncluster=1/1] AUC-ROC=68.39%  AUC-PR=4.66%  F1=0.1484  MCC=0.1716  Train=1.226s  Test=38.168s  Peak RAM=87.674 MB
2026-03-17 14:00:13 | INFO | [ncluster=4/4] AUC-ROC=63.30%  AUC-PR=3.90%  F1=0.1330  MCC=0.1342  Train=1.139s  Test=38.231s  Peak RAM=87.674 MB
2026-03-17 14:00:51 | INFO | [ncluster=7/7] AUC-ROC=62.74%  AUC-PR=3.82%  F1=0.1316  MCC=0.1309  Train=1.026s  Test=33.004s  Peak RAM=87.673 MB
2026-03-17 14:01:31 | INFO | [ncluster=10/10] AUC-ROC=62.92%  AUC-PR=3.85%  F1=0.1316  MCC=0.1313  Train=1.225s  Test=32.826s  Peak RAM=87.674 MB
2026-03-17 14:02:14 | INFO | [ncluster=13/13] AUC-ROC=63.13%  AUC-PR=3.88%  F1=0.1324  MCC=0.1329  Train=1.187s  Test=33.007s  Peak RAM=87.675 MB
2026-03-17 14:02:55 | INFO | [ncluster=16/16] AUC-ROC=62.81%  AUC-PR=3.85%  F1=0.1307  MCC=0.1299  Train=1.115s  Test=32.651s  Peak RAM=87.676 MB
2026-03-17 14:03:40 | INFO | [ncluster=19/19] AUC-ROC=63.15%  AUC-PR=3.88%  F1=0.1330  MCC=0.1336  Train=1.213s  Test=33.861s  Peak RAM=87.677 MB
2026-03-17 14:04:24 | INFO | [ncluster=22/22] AUC-ROC=62.95%  AUC-PR=3.86%  F1=0.1316  MCC=0.1313  Train=1.171s  Test=34.837s  Peak RAM=87.676 MB
2026-03-17 14:05:10 | INFO | [ncluster=25/25] AUC-ROC=63.31%  AUC-PR=3.91%  F1=0.1336  MCC=0.1347  Train=1.123s  Test=33.423s  Peak RAM=87.678 MB
2026-03-17 14:05:56 | INFO | [ncluster=28/28] AUC-ROC=63.07%  AUC-PR=3.87%  F1=0.1329  MCC=0.1332  Train=1.418s  Test=34.318s  Peak RAM=87.678 MB
2026-03-17 14:06:43 | INFO | [ncluster=31/31] AUC-ROC=62.74%  AUC-PR=3.83%  F1=0.1308  MCC=0.1297  Train=1.262s  Test=34.402s  Peak RAM=87.678 MB
2026-03-17 14:07:32 | INFO | [ncluster=34/34] AUC-ROC=62.81%  AUC-PR=3.84%  F1=0.1308  MCC=0.1299  Train=1.029s  Test=34.320s  Peak RAM=87.679 MB
2026-03-17 14:08:18 | INFO | [ncluster=37/37] AUC-ROC=62.79%  AUC-PR=3.84%  F1=0.1305  MCC=0.1296  Train=1.422s  Test=33.073s  Peak RAM=87.679 MB
2026-03-17 14:09:09 | INFO | [ncluster=40/40] AUC-ROC=62.82%  AUC-PR=3.84%  F1=0.1311  MCC=0.1305  Train=1.252s  Test=36.184s  Peak RAM=87.679 MB
2026-03-17 14:09:57 | INFO | [ncluster=43/43] AUC-ROC=63.06%  AUC-PR=3.87%  F1=0.1326  MCC=0.1329  Train=0.998s  Test=33.405s  Peak RAM=87.679 MB
2026-03-17 14:10:45 | INFO | [ncluster=46/46] AUC-ROC=63.27%  AUC-PR=3.90%  F1=0.1332  MCC=0.1342  Train=1.078s  Test=34.227s  Peak RAM=87.68 MB
2026-03-17 14:11:36 | INFO | [ncluster=49/49] AUC-ROC=63.05%  AUC-PR=3.87%  F1=0.1318  MCC=0.1320  Train=1.235s  Test=34.325s  Peak RAM=87.68 MB
2026-03-17 14:12:23 | INFO | [ncluster=52/52] AUC-ROC=63.26%  AUC-PR=3.89%  F1=0.1331  MCC=0.1342  Train=1.211s  Test=32.445s  Peak RAM=87.681 MB
2026-03-17 14:13:10 | INFO | [ncluster=55/55] AUC-ROC=63.44%  AUC-PR=3.91%  F1=0.1344  MCC=0.1364  Train=1.185s  Test=31.963s  Peak RAM=87.683 MB
2026-03-17 14:14:03 | INFO | [ncluster=58/58] AUC-ROC=63.13%  AUC-PR=3.87%  F1=0.1324  MCC=0.1329  Train=1.160s  Test=34.508s  Peak RAM=87.682 MB
2026-03-17 14:14:54 | INFO | [ncluster=61/61] AUC-ROC=63.44%  AUC-PR=3.91%  F1=0.1346  MCC=0.1366  Train=1.188s  Test=33.101s  Peak RAM=87.683 MB
2026-03-17 14:15:48 | INFO | [ncluster=64/64] AUC-ROC=63.08%  AUC-PR=3.87%  F1=0.1321  MCC=0.1325  Train=1.219s  Test=34.604s  Peak RAM=87.684 MB
2026-03-17 14:16:39 | INFO | [ncluster=67/67] AUC-ROC=63.35%  AUC-PR=3.90%  F1=0.1342  MCC=0.1359  Train=1.067s  Test=33.299s  Peak RAM=87.684 MB
2026-03-17 14:17:33 | INFO | [ncluster=70/70] AUC-ROC=63.12%  AUC-PR=3.88%  F1=0.1324  MCC=0.1331  Train=1.242s  Test=33.474s  Peak RAM=87.684 MB
2026-03-17 14:18:28 | INFO | [ncluster=73/73] AUC-ROC=63.22%  AUC-PR=3.88%  F1=0.1327  MCC=0.1337  Train=1.159s  Test=34.364s  Peak RAM=87.685 MB
2026-03-17 14:19:22 | INFO | [ncluster=76/76] AUC-ROC=63.42%  AUC-PR=3.91%  F1=0.1344  MCC=0.1364  Train=1.263s  Test=33.493s  Peak RAM=87.685 MB
2026-03-17 14:20:17 | INFO | [ncluster=79/79] AUC-ROC=63.15%  AUC-PR=3.88%  F1=0.1325  MCC=0.1332  Train=1.081s  Test=34.028s  Peak RAM=87.685 MB
2026-03-17 14:21:10 | INFO | [ncluster=82/82] AUC-ROC=63.54%  AUC-PR=3.94%  F1=0.1339  MCC=0.1360  Train=1.291s  Test=32.993s  Peak RAM=87.686 MB
2026-03-17 14:22:06 | INFO | [ncluster=85/85] AUC-ROC=63.63%  AUC-PR=3.94%  F1=0.1351  MCC=0.1377  Train=1.098s  Test=34.141s  Peak RAM=87.687 MB
2026-03-17 14:23:01 | INFO | [ncluster=88/88] AUC-ROC=62.20%  AUC-PR=3.77%  F1=0.1266  MCC=0.1231  Train=1.327s  Test=33.472s  Peak RAM=87.688 MB
2026-03-17 14:23:57 | INFO | [ncluster=91/91] AUC-ROC=63.41%  AUC-PR=3.92%  F1=0.1332  MCC=0.1346  Train=1.218s  Test=33.665s  Peak RAM=87.687 MB
2026-03-17 14:24:53 | INFO | [ncluster=94/94] AUC-ROC=63.47%  AUC-PR=3.93%  F1=0.1337  MCC=0.1355  Train=1.161s  Test=31.262s  Peak RAM=87.688 MB
2026-03-17 14:25:49 | INFO | [ncluster=97/97] AUC-ROC=63.50%  AUC-PR=3.92%  F1=0.1342  MCC=0.1363  Train=1.147s  Test=33.054s  Peak RAM=87.688 MB
2026-03-17 14:26:46 | INFO | [ncluster=100/100] AUC-ROC=63.62%  AUC-PR=3.94%  F1=0.1343  MCC=0.1368  Train=1.089s  Test=32.570s  Peak RAM=87.69 MB
2026-03-17 14:27:44 | INFO | [ncluster=103/103] AUC-ROC=63.53%  AUC-PR=3.94%  F1=0.1341  MCC=0.1360  Train=1.222s  Test=32.847s  Peak RAM=87.689 MB
2026-03-17 14:28:49 | INFO | [ncluster=106/106] AUC-ROC=63.54%  AUC-PR=3.94%  F1=0.1332  MCC=0.1351  Train=1.391s  Test=36.738s  Peak RAM=87.69 MB
2026-03-17 14:29:56 | INFO | [ncluster=109/109] AUC-ROC=63.58%  AUC-PR=3.94%  F1=0.1338  MCC=0.1360  Train=1.519s  Test=36.466s  Peak RAM=87.691 MB
2026-03-17 14:31:05 | INFO | [ncluster=112/112] AUC-ROC=63.51%  AUC-PR=3.93%  F1=0.1330  MCC=0.1351  Train=1.655s  Test=37.315s  Peak RAM=87.691 MB
2026-03-17 14:32:12 | INFO | [ncluster=115/115] AUC-ROC=63.95%  AUC-PR=3.99%  F1=0.1357  MCC=0.1394  Train=1.693s  Test=35.378s  Peak RAM=87.692 MB
2026-03-17 14:33:25 | INFO | [ncluster=118/118] AUC-ROC=63.76%  AUC-PR=3.97%  F1=0.1344  MCC=0.1373  Train=1.674s  Test=38.982s  Peak RAM=87.692 MB
2026-03-17 14:34:33 | INFO | [ncluster=121/121] AUC-ROC=63.70%  AUC-PR=3.97%  F1=0.1333  MCC=0.1359  Train=1.718s  Test=35.231s  Peak RAM=87.693 MB
2026-03-17 14:35:46 | INFO | [ncluster=124/124] AUC-ROC=63.38%  AUC-PR=3.91%  F1=0.1329  MCC=0.1345  Train=1.826s  Test=37.551s  Peak RAM=87.694 MB
2026-03-17 14:36:57 | INFO | [ncluster=127/127] AUC-ROC=63.99%  AUC-PR=3.99%  F1=0.1347  MCC=0.1388  Train=1.683s  Test=36.104s  Peak RAM=87.694 MB
2026-03-17 14:38:10 | INFO | [ncluster=130/130] AUC-ROC=63.51%  AUC-PR=3.93%  F1=0.1331  MCC=0.1352  Train=1.920s  Test=36.456s  Peak RAM=87.694 MB
2026-03-17 14:39:20 | INFO | [ncluster=133/133] AUC-ROC=63.17%  AUC-PR=3.89%  F1=0.1320  MCC=0.1326  Train=1.771s  Test=36.940s  Peak RAM=87.695 MB
2026-03-17 14:40:31 | INFO | [ncluster=136/136] AUC-ROC=63.63%  AUC-PR=3.95%  F1=0.1335  MCC=0.1359  Train=1.869s  Test=36.913s  Peak RAM=87.695 MB
2026-03-17 14:41:46 | INFO | [ncluster=139/139] AUC-ROC=63.76%  AUC-PR=3.96%  F1=0.1339  MCC=0.1370  Train=1.750s  Test=36.487s  Peak RAM=87.695 MB
2026-03-17 14:42:58 | INFO | [ncluster=142/142] AUC-ROC=63.64%  AUC-PR=3.95%  F1=0.1345  MCC=0.1370  Train=1.598s  Test=36.278s  Peak RAM=87.696 MB
2026-03-17 14:44:11 | INFO | [ncluster=145/145] AUC-ROC=63.90%  AUC-PR=3.98%  F1=0.1349  MCC=0.1386  Train=1.570s  Test=37.070s  Peak RAM=87.697 MB
2026-03-17 14:45:24 | INFO | [ncluster=148/148] AUC-ROC=63.49%  AUC-PR=3.94%  F1=0.1328  MCC=0.1346  Train=1.543s  Test=36.017s  Peak RAM=87.697 MB
2026-03-17 14:46:40 | INFO | [ncluster=151/151] AUC-ROC=63.93%  AUC-PR=4.00%  F1=0.1352  MCC=0.1388  Train=1.580s  Test=36.464s  Peak RAM=87.697 MB
2026-03-17 14:47:50 | INFO | [ncluster=154/154] AUC-ROC=63.78%  AUC-PR=3.97%  F1=0.1340  MCC=0.1371  Train=1.174s  Test=31.996s  Peak RAM=87.698 MB
2026-03-17 14:48:58 | INFO | [ncluster=157/157] AUC-ROC=63.71%  AUC-PR=3.95%  F1=0.1345  MCC=0.1373  Train=1.262s  Test=33.114s  Peak RAM=87.699 MB
2026-03-17 14:50:06 | INFO | [ncluster=160/160] AUC-ROC=63.00%  AUC-PR=3.87%  F1=0.1306  MCC=0.1303  Train=1.163s  Test=33.034s  Peak RAM=87.699 MB
2026-03-17 14:51:13 | INFO | [ncluster=163/163] AUC-ROC=63.38%  AUC-PR=3.92%  F1=0.1319  MCC=0.1331  Train=1.209s  Test=32.068s  Peak RAM=87.7 MB
2026-03-17 14:52:26 | INFO | [ncluster=166/166] AUC-ROC=62.53%  AUC-PR=3.81%  F1=0.1276  MCC=0.1253  Train=1.085s  Test=36.054s  Peak RAM=87.7 MB
2026-03-17 14:53:48 | INFO | [ncluster=169/169] AUC-ROC=63.18%  AUC-PR=3.89%  F1=0.1322  MCC=0.1327  Train=2.168s  Test=37.378s  Peak RAM=87.701 MB
2026-03-17 14:55:07 | INFO | [ncluster=172/172] AUC-ROC=63.43%  AUC-PR=3.93%  F1=0.1330  MCC=0.1344  Train=1.922s  Test=36.283s  Peak RAM=87.702 MB
2026-03-17 14:56:32 | INFO | [ncluster=175/175] AUC-ROC=62.63%  AUC-PR=3.82%  F1=0.1292  MCC=0.1274  Train=1.904s  Test=37.212s  Peak RAM=87.702 MB
2026-03-17 14:57:50 | INFO | [ncluster=178/178] AUC-ROC=62.69%  AUC-PR=3.83%  F1=0.1290  MCC=0.1274  Train=1.316s  Test=34.888s  Peak RAM=87.704 MB
2026-03-17 14:59:13 | INFO | [ncluster=181/181] AUC-ROC=62.74%  AUC-PR=3.84%  F1=0.1292  MCC=0.1278  Train=1.797s  Test=35.702s  Peak RAM=87.703 MB
2026-03-17 15:00:34 | INFO | [ncluster=184/184] AUC-ROC=63.29%  AUC-PR=3.91%  F1=0.1323  MCC=0.1332  Train=1.742s  Test=36.426s  Peak RAM=87.703 MB
2026-03-17 15:01:59 | INFO | [ncluster=187/187] AUC-ROC=62.96%  AUC-PR=3.86%  F1=0.1306  MCC=0.1301  Train=1.971s  Test=36.494s  Peak RAM=87.704 MB
2026-03-17 15:03:18 | INFO | [ncluster=190/190] AUC-ROC=63.34%  AUC-PR=3.91%  F1=0.1329  MCC=0.1341  Train=1.740s  Test=35.159s  Peak RAM=87.705 MB
2026-03-17 15:04:43 | INFO | [ncluster=193/193] AUC-ROC=63.41%  AUC-PR=3.91%  F1=0.1332  MCC=0.1349  Train=2.210s  Test=36.372s  Peak RAM=87.705 MB
2026-03-17 15:06:13 | INFO | [ncluster=196/196] AUC-ROC=63.01%  AUC-PR=3.87%  F1=0.1315  MCC=0.1312  Train=1.714s  Test=39.165s  Peak RAM=87.706 MB
2026-03-17 15:07:40 | INFO | [ncluster=199/199] AUC-ROC=62.47%  AUC-PR=3.80%  F1=0.1281  MCC=0.1256  Train=1.795s  Test=35.103s  Peak RAM=87.707 MB
2026-03-17 15:09:03 | INFO | [ncluster=202/202] AUC-ROC=61.35%  AUC-PR=3.68%  F1=0.1225  MCC=0.1153  Train=1.492s  Test=33.635s  Peak RAM=87.708 MB
2026-03-17 15:10:21 | INFO | [ncluster=205/205] AUC-ROC=61.38%  AUC-PR=3.67%  F1=0.1232  MCC=0.1164  Train=1.371s  Test=31.805s  Peak RAM=87.707 MB
2026-03-17 15:11:44 | INFO | [ncluster=208/208] AUC-ROC=60.95%  AUC-PR=3.62%  F1=0.1208  MCC=0.1123  Train=1.553s  Test=36.231s  Peak RAM=87.708 MB
2026-03-17 15:13:02 | INFO | [ncluster=211/211] AUC-ROC=63.16%  AUC-PR=3.89%  F1=0.1311  MCC=0.1315  Train=1.152s  Test=33.612s  Peak RAM=87.708 MB
2026-03-17 15:14:22 | INFO | [ncluster=214/214] AUC-ROC=63.34%  AUC-PR=3.91%  F1=0.1323  MCC=0.1334  Train=1.215s  Test=34.341s  Peak RAM=87.709 MB
2026-03-17 15:15:43 | INFO | [ncluster=217/217] AUC-ROC=63.28%  AUC-PR=3.89%  F1=0.1324  MCC=0.1335  Train=1.131s  Test=34.282s  Peak RAM=87.709 MB
2026-03-17 15:17:03 | INFO | [ncluster=220/220] AUC-ROC=62.70%  AUC-PR=3.82%  F1=0.1293  MCC=0.1279  Train=1.111s  Test=33.409s  Peak RAM=87.709 MB
2026-03-17 15:18:23 | INFO | [ncluster=223/223] AUC-ROC=63.59%  AUC-PR=3.95%  F1=0.1330  MCC=0.1350  Train=1.405s  Test=33.227s  Peak RAM=87.711 MB
2026-03-17 15:19:47 | INFO | [ncluster=226/226] AUC-ROC=62.76%  AUC-PR=3.84%  F1=0.1296  MCC=0.1283  Train=1.185s  Test=33.806s  Peak RAM=87.711 MB
2026-03-17 15:21:06 | INFO | [ncluster=229/229] AUC-ROC=62.31%  AUC-PR=3.78%  F1=0.1270  MCC=0.1240  Train=1.161s  Test=31.784s  Peak RAM=87.711 MB
2026-03-17 15:22:27 | INFO | [ncluster=232/232] AUC-ROC=61.51%  AUC-PR=3.70%  F1=0.1234  MCC=0.1169  Train=1.271s  Test=31.339s  Peak RAM=87.712 MB
